time_utc,time,open,high,low,close,tick_volume,spread,real_volume
2026-08-18T18:30:00Z,1787077800,0.70842,0.70853,0.70837,0.70846,54,9,0
2026-08-18T18:35:00Z,1787078100,0.70846,0.70847,0.70836,0.70839,37,9,0
2026-08-18T18:40:00Z,1787078400,0.70838,0.70838,0.70826,0.7083,68,9,0
2026-08-18T18:45:00Z,1787078700,0.7083,0.70834,0.70827,0.70827,48,9,0
2026-08-18T18:50:00Z,1787079000,0.70827,0.70834,0.70827,0.70828,48,9,0
2026-08-18T18:55:00Z,1787079300,0.70829,0.70842,0.70825,0.70842,73,9,0
2026-08-18T19:00:00Z,1787079600,0.70841,0.70844,0.70833,0.70837,69,9,0
2026-08-18T19:05:00Z,1787079900,0.70837,0.70841,0.70831,0.70839,60,9,0
2026-08-18T19:10:00Z,1787080200,0.70839,0.70867,0.70838,0.70861,113,9,0
2026-08-18T19:15:00Z,1787080500,0.7086,0.70863,0.70845,0.70847,67,9,0
2026-08-18T19:20:00Z,1787080800,0.70847,0.70857,0.70844,0.70852,61,9,0
2026-08-18T19:25:00Z,1787081100,0.70852,0.70857,0.70847,0.70854,49,9,0
2026-08-18T19:30:00Z,1787081400,0.70853,0.70862,0.70852,0.70857,64,9,0
2026-08-18T19:35:00Z,1787081700,0.70857,0.70866,0.70854,0.70866,60,9,0
2026-08-18T19:40:00Z,1787082000,0.70866,0.70883,0.70866,0.70866,69,9,0
2026-08-18T19:45:00Z,1787082300,0.70866,0.7087,0.70847,0.70854,64,9,0
2026-08-18T19:50:00Z,1787082600,0.70853,0.70858,0.70848,0.7085,58,9,0
2026-08-18T19:55:00Z,1787082900,0.7085,0.70853,0.70833,0.70835,107,9,0
2026-08-18T20:00:00Z,1787083200,0.70836,0.70842,0.70828,0.70828,57,9,0
2026-08-18T20:05:00Z,1787083500,0.70829,0.7083,0.70822,0.70824,32,9,0
2026-08-18T20:10:00Z,1787083800,0.70824,0.70837,0.70822,0.70834,37,9,0
2026-08-18T20:15:00Z,1787084100,0.70834,0.70836,0.7083,0.70832,16,9,0
2026-08-18T20:20:00Z,1787084400,0.70832,0.70832,0.70822,0.70825,30,9,0
2026-08-18T20:25:00Z,1787084700,0.70825,0.7083,0.70824,0.7083,27,9,0
2026-08-18T20:30:00Z,1787085000,0.7083,0.70846,0.7083,0.70845,36,9,0
2026-08-18T20:35:00Z,1787085300,0.70846,0.70846,0.70839,0.70839,33,9,0
2026-08-18T20:40:00Z,1787085600,0.70839,0.70841,0.70838,0.7084,23,9,0
2026-08-18T20:45:00Z,1787085900,0.70839,0.70845,0.70834,0.7084,48,9,0
2026-08-18T20:50:00Z,1787086200,0.7084,0.70846,0.70837,0.70846,19,9,0
2026-08-18T20:55:00Z,1787086500,0.70847,0.70856,0.70845,0.7085,53,9,0
2026-08-18T21:00:00Z,1787086800,0.70849,0.70851,0.70849,0.70851,5,22,0
2026-08-18T21:05:00Z,1787087100,0.7085,0.70854,0.70842,0.70844,49,14,0
2026-08-18T21:10:00Z,1787087400,0.70843,0.70843,0.70827,0.70831,58,27,0
2026-08-18T21:15:00Z,1787087700,0.7083,0.70831,0.70805,0.7081,48,46,0
2026-08-18T21:20:00Z,1787088000,0.70808,0.70816,0.70805,0.70806,43,49,0
2026-08-18T21:25:00Z,1787088300,0.70805,0.70816,0.70799,0.70814,29,53,0
2026-08-18T21:30:00Z,1787088600,0.70816,0.70829,0.70814,0.70823,46,34,0
2026-08-18T21:35:00Z,1787088900,0.70822,0.70823,0.70815,0.70821,36,53,0
2026-08-18T21:40:00Z,1787089200,0.70821,0.70826,0.70818,0.70826,49,46,0
2026-08-18T21:45:00Z,1787089500,0.70827,0.70827,0.70813,0.70827,74,41,0
2026-08-18T21:50:00Z,1787089800,0.70827,0.70835,0.70824,0.70828,23,37,0
2026-08-18T21:55:00Z,1787090100,0.70828,0.70834,0.70828,0.7083,33,33,0
2026-08-18T22:00:00Z,1787090400,0.70835,0.70854,0.70834,0.70854,51,9,0
2026-08-18T22:05:00Z,1787090700,0.70854,0.70855,0.70852,0.70855,15,9,0
2026-08-18T22:10:00Z,1787091000,0.70855,0.70855,0.70842,0.70842,30,9,0
2026-08-18T22:15:00Z,1787091300,0.70842,0.70855,0.70842,0.70855,21,9,0
2026-08-18T22:20:00Z,1787091600,0.70855,0.70855,0.70849,0.70849,27,9,0
2026-08-18T22:25:00Z,1787091900,0.70849,0.7085,0.70844,0.70845,28,9,0
2026-08-18T22:30:00Z,1787092200,0.70845,0.70846,0.70822,0.70845,45,9,0
2026-08-18T22:35:00Z,1787092500,0.70846,0.70847,0.70838,0.70839,30,9,0
2026-08-18T22:40:00Z,1787092800,0.70839,0.70839,0.70834,0.70836,23,9,0
2026-08-18T22:45:00Z,1787093100,0.70836,0.70844,0.70835,0.70843,30,9,0
2026-08-18T22:50:00Z,1787093400,0.70843,0.70848,0.70841,0.70841,23,9,0
2026-08-18T22:55:00Z,1787093700,0.70841,0.70841,0.70834,0.70834,18,9,0
2026-08-18T23:00:00Z,1787094000,0.70835,0.70844,0.70834,0.7084,32,9,0
2026-08-18T23:05:00Z,1787094300,0.70841,0.70844,0.70834,0.70835,29,9,0
2026-08-18T23:10:00Z,1787094600,0.70835,0.70835,0.70819,0.7082,35,9,0
2026-08-18T23:15:00Z,1787094900,0.7082,0.7082,0.70811,0.70811,34,9,0
2026-08-18T23:20:00Z,1787095200,0.70812,0.7082,0.70809,0.70812,35,9,0
2026-08-18T23:25:00Z,1787095500,0.70812,0.70814,0.708,0.70804,39,9,0
2026-08-18T23:30:00Z,1787095800,0.70804,0.70818,0.70804,0.70813,60,9,0
2026-08-18T23:35:00Z,1787096100,0.70813,0.70815,0.708,0.70807,42,9,0
2026-08-18T23:40:00Z,1787096400,0.70807,0.7081,0.70793,0.70793,49,9,0
2026-08-18T23:45:00Z,1787096700,0.70793,0.7081,0.70792,0.70809,38,9,0
2026-08-18T23:50:00Z,1787097000,0.70809,0.70809,0.70799,0.70804,59,9,0
2026-08-18T23:55:00Z,1787097300,0.70804,0.70809,0.70795,0.70809,81,9,0
2026-08-19T00:00:00Z,1787097600,0.7081,0.70811,0.70778,0.70804,157,9,0
2026-08-19T00:05:00Z,1787097900,0.70804,0.70826,0.70799,0.7082,142,9,0
2026-08-19T00:10:00Z,1787098200,0.7082,0.70847,0.70817,0.70833,105,9,0
2026-08-19T00:15:00Z,1787098500,0.70833,0.70849,0.70824,0.70838,108,9,0
2026-08-19T00:20:00Z,1787098800,0.70838,0.70854,0.7083,0.70851,99,9,0
2026-08-19T00:25:00Z,1787099100,0.70851,0.70854,0.70836,0.70844,96,9,0
2026-08-19T00:30:00Z,1787099400,0.70844,0.70846,0.70809,0.70816,130,9,0
2026-08-19T00:35:00Z,1787099700,0.70817,0.70829,0.70813,0.70828,85,9,0
2026-08-19T00:40:00Z,1787100000,0.70828,0.70828,0.70795,0.70802,98,9,0
2026-08-19T00:45:00Z,1787100300,0.70803,0.70803,0.70777,0.70779,87,9,0
2026-08-19T00:50:00Z,1787100600,0.70779,0.70791,0.70768,0.7077,135,9,0
2026-08-19T00:55:00Z,1787100900,0.70771,0.70781,0.70738,0.70738,152,9,0
2026-08-19T01:00:00Z,1787101200,0.7074,0.70764,0.70737,0.70763,184,9,0
2026-08-19T01:05:00Z,1787101500,0.70763,0.70775,0.70759,0.70761,113,9,0
2026-08-19T01:10:00Z,1787101800,0.70761,0.70765,0.70738,0.70745,113,9,0
2026-08-19T01:15:00Z,1787102100,0.70745,0.70748,0.70689,0.707,240,9,0
2026-08-19T01:20:00Z,1787102400,0.70699,0.70746,0.70697,0.70744,149,9,0
2026-08-19T01:25:00Z,1787102700,0.70744,0.70746,0.70726,0.70742,89,9,0
2026-08-19T01:30:00Z,1787103000,0.70742,0.70758,0.70731,0.70734,88,9,0
2026-08-19T01:35:00Z,1787103300,0.70734,0.70754,0.70734,0.70752,100,9,0
2026-08-19T01:40:00Z,1787103600,0.70752,0.70768,0.70752,0.70759,89,9,0
2026-08-19T01:45:00Z,1787103900,0.70759,0.70759,0.70734,0.70735,79,9,0
2026-08-19T01:50:00Z,1787104200,0.70735,0.70748,0.7073,0.70745,88,9,0
2026-08-19T01:55:00Z,1787104500,0.70745,0.70769,0.70743,0.70755,88,9,0
2026-08-19T02:00:00Z,1787104800,0.70755,0.70769,0.70745,0.70764,107,9,0
2026-08-19T02:05:00Z,1787105100,0.70764,0.70772,0.70755,0.70772,80,9,0
2026-08-19T02:10:00Z,1787105400,0.70772,0.70773,0.70758,0.70768,76,9,0
2026-08-19T02:15:00Z,1787105700,0.70766,0.70802,0.70754,0.70769,347,9,0
2026-08-19T02:20:00Z,1787106000,0.70769,0.70798,0.7076,0.7078,132,9,0
2026-08-19T02:25:00Z,1787106300,0.7078,0.70784,0.70764,0.70768,114,9,0
2026-08-19T02:30:00Z,1787106600,0.70768,0.70773,0.70745,0.70748,102,9,0
2026-08-19T02:35:00Z,1787106900,0.70747,0.70771,0.70746,0.70771,118,9,0
2026-08-19T02:40:00Z,1787107200,0.7077,0.70803,0.70767,0.70801,106,9,0
2026-08-19T02:45:00Z,1787107500,0.708,0.70846,0.708,0.70817,196,9,0
2026-08-19T02:50:00Z,1787107800,0.70817,0.70818,0.70775,0.7079,125,9,0
2026-08-19T02:55:00Z,1787108100,0.7079,0.7079,0.70778,0.70785,81,9,0
2026-08-19T03:00:00Z,1787108400,0.70785,0.70793,0.70769,0.70773,104,9,0
2026-08-19T03:05:00Z,1787108700,0.70771,0.70771,0.70746,0.70753,91,9,0
2026-08-19T03:10:00Z,1787109000,0.70753,0.70765,0.70753,0.70764,73,9,0
2026-08-19T03:15:00Z,1787109300,0.70764,0.70768,0.70762,0.70764,42,9,0
2026-08-19T03:20:00Z,1787109600,0.70764,0.70768,0.70754,0.70756,73,9,0
2026-08-19T03:25:00Z,1787109900,0.70756,0.70759,0.7075,0.70752,52,9,0
2026-08-19T03:30:00Z,1787110200,0.70753,0.70763,0.70744,0.70746,66,9,0
2026-08-19T03:35:00Z,1787110500,0.70746,0.70758,0.70745,0.70752,62,9,0
2026-08-19T03:40:00Z,1787110800,0.70752,0.70752,0.70736,0.70743,66,9,0
2026-08-19T03:45:00Z,1787111100,0.70743,0.70745,0.70735,0.70743,52,9,0
2026-08-19T03:50:00Z,1787111400,0.70743,0.70747,0.70734,0.70734,54,9,0
2026-08-19T03:55:00Z,1787111700,0.70734,0.70734,0.70722,0.70722,48,9,0
2026-08-19T04:00:00Z,1787112000,0.70723,0.70737,0.70713,0.70719,74,9,0
2026-08-19T04:05:00Z,1787112300,0.70721,0.70722,0.70714,0.70715,40,9,0
2026-08-19T04:10:00Z,1787112600,0.70715,0.70733,0.70707,0.7073,83,9,0
2026-08-19T04:15:00Z,1787112900,0.70729,0.70735,0.7072,0.70733,71,9,0
2026-08-19T04:20:00Z,1787113200,0.70733,0.70733,0.7071,0.70719,65,9,0
2026-08-19T04:25:00Z,1787113500,0.70719,0.70726,0.70715,0.70715,48,9,0
2026-08-19T04:30:00Z,1787113800,0.70716,0.70736,0.707,0.70702,93,9,0
2026-08-19T04:35:00Z,1787114100,0.70703,0.70713,0.70697,0.70697,62,9,0
2026-08-19T04:40:00Z,1787114400,0.70697,0.70698,0.70683,0.70687,59,9,0
2026-08-19T04:45:00Z,1787114700,0.70687,0.70692,0.70672,0.70679,78,9,0
2026-08-19T04:50:00Z,1787115000,0.70678,0.7068,0.70667,0.70669,60,9,0
2026-08-19T04:55:00Z,1787115300,0.70669,0.70725,0.70666,0.70724,118,9,0
2026-08-19T05:00:00Z,1787115600,0.70724,0.70741,0.70716,0.70727,133,9,0
2026-08-19T05:05:00Z,1787115900,0.70727,0.70727,0.70695,0.70697,65,9,0
2026-08-19T05:10:00Z,1787116200,0.70697,0.70699,0.70685,0.70686,60,9,0
2026-08-19T05:15:00Z,1787116500,0.70686,0.70699,0.70683,0.70687,114,9,0
2026-08-19T05:20:00Z,1787116800,0.70687,0.70692,0.70682,0.7069,78,9,0
2026-08-19T05:25:00Z,1787117100,0.7069,0.7071,0.70689,0.70708,82,9,0
2026-08-19T05:30:00Z,1787117400,0.70708,0.7071,0.70698,0.70707,113,9,0
2026-08-19T05:35:00Z,1787117700,0.70708,0.70709,0.70681,0.70696,94,9,0
2026-08-19T05:40:00Z,1787118000,0.70697,0.70699,0.70676,0.70686,89,9,0
2026-08-19T05:45:00Z,1787118300,0.70686,0.70703,0.70675,0.707,101,9,0
2026-08-19T05:50:00Z,1787118600,0.707,0.707,0.70678,0.7068,78,9,0
2026-08-19T05:55:00Z,1787118900,0.7068,0.70689,0.70673,0.70688,98,9,0
2026-08-19T06:00:00Z,1787119200,0.70686,0.70703,0.70685,0.707,151,9,0
2026-08-19T06:05:00Z,1787119500,0.70701,0.70705,0.70682,0.70684,96,9,0
2026-08-19T06:10:00Z,1787119800,0.70684,0.70686,0.70668,0.70669,78,9,0
2026-08-19T06:15:00Z,1787120100,0.70669,0.70735,0.70669,0.70732,123,9,0
2026-08-19T06:20:00Z,1787120400,0.70732,0.70761,0.70729,0.70757,142,9,0
2026-08-19T06:25:00Z,1787120700,0.70759,0.70772,0.70751,0.70762,140,9,0
2026-08-19T06:30:00Z,1787121000,0.70762,0.70775,0.7073,0.70732,144,9,0
2026-08-19T06:35:00Z,1787121300,0.70732,0.70748,0.70732,0.70744,82,9,0
2026-08-19T06:40:00Z,1787121600,0.70743,0.70745,0.70719,0.7073,100,9,0
2026-08-19T06:45:00Z,1787121900,0.70731,0.70738,0.70699,0.70708,146,9,0
2026-08-19T06:50:00Z,1787122200,0.70708,0.70741,0.70704,0.70737,114,9,0
2026-08-19T06:55:00Z,1787122500,0.70737,0.7074,0.70728,0.70738,105,9,0
2026-08-19T07:00:00Z,1787122800,0.70738,0.70771,0.70738,0.70751,187,9,0
2026-08-19T07:05:00Z,1787123100,0.70752,0.70759,0.70741,0.70747,125,9,0
2026-08-19T07:10:00Z,1787123400,0.70747,0.70755,0.70713,0.70713,147,9,0
2026-08-19T07:15:00Z,1787123700,0.70713,0.70713,0.70687,0.70699,121,9,0
2026-08-19T07:20:00Z,1787124000,0.70698,0.70714,0.70693,0.70703,105,9,0
2026-08-19T07:25:00Z,1787124300,0.70702,0.70706,0.70692,0.70698,87,9,0
2026-08-19T07:30:00Z,1787124600,0.70699,0.70714,0.70692,0.70713,90,9,0
2026-08-19T07:35:00Z,1787124900,0.70713,0.70725,0.707,0.7071,98,9,0
2026-08-19T07:40:00Z,1787125200,0.7071,0.70716,0.70689,0.70694,115,9,0
2026-08-19T07:45:00Z,1787125500,0.70694,0.70704,0.70693,0.70704,89,9,0
2026-08-19T07:50:00Z,1787125800,0.70704,0.70717,0.70699,0.70709,90,9,0
2026-08-19T07:55:00Z,1787126100,0.70708,0.70711,0.70695,0.70705,100,9,0
2026-08-19T08:00:00Z,1787126400,0.70704,0.70722,0.7069,0.70719,163,9,0
2026-08-19T08:05:00Z,1787126700,0.70719,0.70763,0.70718,0.70762,169,9,0
2026-08-19T08:10:00Z,1787127000,0.70762,0.70796,0.7076,0.70789,202,9,0
2026-08-19T08:15:00Z,1787127300,0.70789,0.70812,0.70788,0.70807,106,9,0
2026-08-19T08:20:00Z,1787127600,0.70806,0.70806,0.70783,0.70797,118,9,0
2026-08-19T08:25:00Z,1787127900,0.70797,0.70798,0.70765,0.70782,114,9,0
2026-08-19T08:30:00Z,1787128200,0.70783,0.70787,0.70757,0.70767,113,9,0
2026-08-19T08:35:00Z,1787128500,0.70766,0.70787,0.70757,0.7078,80,9,0
2026-08-19T08:40:00Z,1787128800,0.70779,0.70799,0.70777,0.70793,86,9,0
2026-08-19T08:45:00Z,1787129100,0.70791,0.70798,0.70786,0.70793,75,9,0
2026-08-19T08:50:00Z,1787129400,0.70793,0.70793,0.70773,0.70779,84,9,0
2026-08-19T08:55:00Z,1787129700,0.70781,0.70781,0.7076,0.7077,81,9,0
2026-08-19T09:00:00Z,1787130000,0.70771,0.70806,0.70759,0.70805,107,9,0
2026-08-19T09:05:00Z,1787130300,0.70805,0.70815,0.70797,0.70798,106,9,0
2026-08-19T09:10:00Z,1787130600,0.70797,0.70812,0.70796,0.70796,98,9,0
2026-08-19T09:15:00Z,1787130900,0.70796,0.70796,0.7078,0.70793,112,9,0
2026-08-19T09:20:00Z,1787131200,0.70793,0.70808,0.7079,0.70802,91,9,0
2026-08-19T09:25:00Z,1787131500,0.70802,0.70819,0.70789,0.70801,112,9,0
2026-08-19T09:30:00Z,1787131800,0.708,0.70809,0.7079,0.708,94,9,0
2026-08-19T09:35:00Z,1787132100,0.708,0.70813,0.70788,0.7079,90,9,0
2026-08-19T09:40:00Z,1787132400,0.7079,0.708,0.70788,0.70794,76,9,0
2026-08-19T09:45:00Z,1787132700,0.70794,0.70808,0.7079,0.70804,80,9,0
2026-08-19T09:50:00Z,1787133000,0.70805,0.70806,0.70787,0.70793,86,9,0
2026-08-19T09:55:00Z,1787133300,0.70794,0.708,0.7079,0.70791,95,9,0
2026-08-19T10:00:00Z,1787133600,0.70791,0.70795,0.70766,0.70766,95,9,0
2026-08-19T10:05:00Z,1787133900,0.70767,0.70774,0.70756,0.70765,78,9,0
2026-08-19T10:10:00Z,1787134200,0.70765,0.70803,0.70765,0.70799,81,9,0
2026-08-19T10:15:00Z,1787134500,0.708,0.708,0.70788,0.70798,77,9,0
2026-08-19T10:20:00Z,1787134800,0.70798,0.70798,0.70782,0.70786,72,9,0
2026-08-19T10:25:00Z,1787135100,0.70787,0.70787,0.7076,0.70782,77,9,0
2026-08-19T10:30:00Z,1787135400,0.70782,0.70785,0.70773,0.70785,79,9,0
2026-08-19T10:35:00Z,1787135700,0.70785,0.70793,0.70779,0.7078,84,9,0
2026-08-19T10:40:00Z,1787136000,0.70781,0.70791,0.7078,0.70788,63,9,0
2026-08-19T10:45:00Z,1787136300,0.70788,0.70799,0.70785,0.7079,71,9,0
2026-08-19T10:50:00Z,1787136600,0.7079,0.7079,0.70768,0.70769,79,9,0
2026-08-19T10:55:00Z,1787136900,0.70769,0.7077,0.70753,0.70757,71,9,0
2026-08-19T11:00:00Z,1787137200,0.70758,0.70768,0.70751,0.70753,99,9,0
2026-08-19T11:05:00Z,1787137500,0.70753,0.7076,0.70727,0.70734,111,9,0
2026-08-19T11:10:00Z,1787137800,0.70734,0.70765,0.70731,0.70764,75,9,0
2026-08-19T11:15:00Z,1787138100,0.70764,0.70768,0.70745,0.70745,64,9,0
2026-08-19T11:20:00Z,1787138400,0.70745,0.7075,0.70739,0.70749,65,9,0
2026-08-19T11:25:00Z,1787138700,0.70749,0.70754,0.70733,0.70735,68,9,0
2026-08-19T11:30:00Z,1787139000,0.70735,0.70742,0.70723,0.70742,87,9,0
2026-08-19T11:35:00Z,1787139300,0.70741,0.70744,0.70722,0.70733,88,9,0
2026-08-19T11:40:00Z,1787139600,0.70733,0.70734,0.70699,0.70703,84,9,0
2026-08-19T11:45:00Z,1787139900,0.70704,0.70746,0.70696,0.70739,110,9,0
2026-08-19T11:50:00Z,1787140200,0.70738,0.7074,0.70718,0.70735,85,9,0
2026-08-19T11:55:00Z,1787140500,0.70735,0.70741,0.70728,0.70737,87,9,0
2026-08-19T12:00:00Z,1787140800,0.70739,0.70749,0.70728,0.70738,112,9,0
2026-08-19T12:05:00Z,1787141100,0.70738,0.70763,0.70736,0.70755,101,9,0
2026-08-19T12:10:00Z,1787141400,0.70755,0.70771,0.70755,0.70771,102,9,0
2026-08-19T12:15:00Z,1787141700,0.70771,0.7079,0.70771,0.7079,99,9,0
2026-08-19T12:20:00Z,1787142000,0.70791,0.70819,0.70785,0.70814,156,9,0
2026-08-19T12:25:00Z,1787142300,0.70815,0.70815,0.70789,0.70798,137,9,0
2026-08-19T12:30:00Z,1787142600,0.70799,0.70905,0.70799,0.70897,395,9,0
2026-08-19T12:35:00Z,1787142900,0.70895,0.70962,0.70874,0.7093,584,9,0
2026-08-19T12:40:00Z,1787143200,0.7093,0.70943,0.70896,0.70943,376,9,0
2026-08-19T12:45:00Z,1787143500,0.70944,0.70974,0.70932,0.70966,355,9,0
2026-08-19T12:50:00Z,1787143800,0.70966,0.70994,0.70941,0.70994,274,9,0
2026-08-19T12:55:00Z,1787144100,0.70994,0.71015,0.7098,0.70985,275,9,0
2026-08-19T13:00:00Z,1787144400,0.70985,0.71086,0.70985,0.71073,385,9,0
2026-08-19T13:05:00Z,1787144700,0.71072,0.71139,0.71066,0.71139,364,9,0
2026-08-19T13:10:00Z,1787145000,0.7114,0.7121,0.71135,0.71193,395,9,0
2026-08-19T13:15:00Z,1787145300,0.71192,0.71203,0.7114,0.71157,364,9,0
2026-08-19T13:20:00Z,1787145600,0.71158,0.71195,0.71158,0.71161,273,9,0
2026-08-19T13:25:00Z,1787145900,0.7116,0.712,0.71148,0.712,290,9,0
2026-08-19T13:30:00Z,1787146200,0.71201,0.71244,0.71201,0.71228,379,9,0
2026-08-19T13:35:00Z,1787146500,0.71229,0.71231,0.71156,0.71195,407,9,0
2026-08-19T13:40:00Z,1787146800,0.71197,0.71216,0.71157,0.71214,305,9,0
2026-08-19T13:45:00Z,1787147100,0.71214,0.71231,0.71184,0.71187,294,9,0
2026-08-19T13:50:00Z,1787147400,0.71187,0.71202,0.71147,0.71179,363,9,0
2026-08-19T13:55:00Z,1787147700,0.71178,0.712,0.7115,0.71182,350,9,0
2026-08-19T14:00:00Z,1787148000,0.7118,0.71206,0.71161,0.71206,341,9,0
2026-08-19T14:05:00Z,1787148300,0.71206,0.71232,0.71197,0.71217,257,9,0
2026-08-19T14:10:00Z,1787148600,0.71218,0.71272,0.71217,0.71228,293,9,0
2026-08-19T14:15:00Z,1787148900,0.71227,0.71242,0.71201,0.71203,280,9,0
2026-08-19T14:20:00Z,1787149200,0.71202,0.71209,0.71165,0.71189,308,9,0
2026-08-19T14:25:00Z,1787149500,0.71189,0.71256,0.71189,0.71253,234,9,0
2026-08-19T14:30:00Z,1787149800,0.71251,0.71258,0.71232,0.71239,234,9,0
2026-08-19T14:35:00Z,1787150100,0.71239,0.71279,0.71239,0.71279,234,9,0
2026-08-19T14:40:00Z,1787150400,0.7128,0.71286,0.71262,0.71278,201,9,0
2026-08-19T14:45:00Z,1787150700,0.71278,0.71278,0.71191,0.71197,228,9,0
2026-08-19T14:50:00Z,1787151000,0.71198,0.71216,0.71183,0.71197,313,9,0
2026-08-19T14:55:00Z,1787151300,0.71198,0.71214,0.7118,0.71196,269,9,0
2026-08-19T15:00:00Z,1787151600,0.71197,0.71207,0.71169,0.71191,258,9,0
2026-08-19T15:05:00Z,1787151900,0.71191,0.71222,0.71186,0.71204,246,9,0
2026-08-19T15:10:00Z,1787152200,0.71204,0.71252,0.71189,0.71236,210,9,0
2026-08-19T15:15:00Z,1787152500,0.71237,0.71249,0.71229,0.71241,167,9,0
2026-08-19T15:20:00Z,1787152800,0.71239,0.71247,0.71187,0.71187,195,9,0
2026-08-19T15:25:00Z,1787153100,0.71186,0.71222,0.71175,0.71219,200,9,0
2026-08-19T15:30:00Z,1787153400,0.71219,0.71235,0.71213,0.71232,161,9,0
2026-08-19T15:35:00Z,1787153700,0.71233,0.71255,0.71232,0.71246,158,9,0
2026-08-19T15:40:00Z,1787154000,0.71245,0.71252,0.71225,0.71251,132,9,0
2026-08-19T15:45:00Z,1787154300,0.71251,0.71255,0.71218,0.71218,143,9,0
2026-08-19T15:50:00Z,1787154600,0.71218,0.71218,0.71185,0.71188,150,9,0
2026-08-19T15:55:00Z,1787154900,0.71189,0.71215,0.71185,0.71214,133,9,0
2026-08-19T16:00:00Z,1787155200,0.71215,0.71233,0.7121,0.71227,137,9,0
2026-08-19T16:05:00Z,1787155500,0.71227,0.71258,0.71222,0.71258,122,9,0
2026-08-19T16:10:00Z,1787155800,0.71258,0.71269,0.71252,0.7126,135,9,0
2026-08-19T16:15:00Z,1787156100,0.7126,0.71263,0.71244,0.71245,114,9,0
2026-08-19T16:20:00Z,1787156400,0.71245,0.71253,0.71241,0.7125,92,9,0
2026-08-19T16:25:00Z,1787156700,0.71251,0.71259,0.71225,0.71232,108,9,0
2026-08-19T16:30:00Z,1787157000,0.71232,0.71248,0.71225,0.71244,88,9,0
2026-08-19T16:35:00Z,1787157300,0.71244,0.71244,0.71236,0.7124,87,9,0
2026-08-19T16:40:00Z,1787157600,0.71241,0.71245,0.71234,0.71237,101,9,0
2026-08-19T16:45:00Z,1787157900,0.71236,0.71249,0.71233,0.71236,93,9,0
2026-08-19T16:50:00Z,1787158200,0.71236,0.71246,0.71233,0.71237,101,9,0
2026-08-19T16:55:00Z,1787158500,0.71237,0.71245,0.71221,0.71223,119,9,0
2026-08-19T17:00:00Z,1787158800,0.71224,0.71263,0.71223,0.71226,177,9,0
2026-08-19T17:05:00Z,1787159100,0.71226,0.71226,0.71194,0.71203,150,9,0
2026-08-19T17:10:00Z,1787159400,0.71203,0.7121,0.71182,0.71193,136,9,0
2026-08-19T17:15:00Z,1787159700,0.71194,0.71195,0.71176,0.71178,85,9,0
2026-08-19T17:20:00Z,1787160000,0.71178,0.71184,0.71167,0.71182,106,9,0
2026-08-19T17:25:00Z,1787160300,0.71182,0.71182,0.71164,0.71177,95,9,0
2026-08-19T17:30:00Z,1787160600,0.71178,0.71179,0.71161,0.71169,85,9,0
2026-08-19T17:35:00Z,1787160900,0.71169,0.71171,0.71157,0.71157,95,9,0
2026-08-19T17:40:00Z,1787161200,0.71156,0.71174,0.71153,0.71157,82,9,0
2026-08-19T17:45:00Z,1787161500,0.71157,0.71166,0.71133,0.71138,156,9,0
2026-08-19T17:50:00Z,1787161800,0.71138,0.71149,0.71134,0.71135,99,9,0
2026-08-19T17:55:00Z,1787162100,0.71134,0.7114,0.71128,0.71131,102,9,0
2026-08-19T18:00:00Z,1787162400,0.71132,0.71193,0.71126,0.71192,295,9,0
2026-08-19T18:05:00Z,1787162700,0.71193,0.71204,0.71159,0.71177,355,9,0
2026-08-19T18:10:00Z,1787163000,0.71177,0.71191,0.71172,0.71175,143,9,0
2026-08-19T18:15:00Z,1787163300,0.71175,0.71178,0.71154,0.71163,124,9,0
2026-08-19T18:20:00Z,1787163600,0.71163,0.71164,0.71129,0.71132,114,9,0
2026-08-19T18:25:00Z,1787163900,0.71131,0.71133,0.71117,0.71133,127,9,0
2026-08-19T18:30:00Z,1787164200,0.71132,0.71169,0.71132,0.71167,113,9,0
2026-08-19T18:35:00Z,1787164500,0.71168,0.7118,0.71168,0.71178,103,9,0
2026-08-19T18:40:00Z,1787164800,0.71178,0.71204,0.71177,0.71193,143,9,0
2026-08-19T18:45:00Z,1787165100,0.71193,0.71207,0.71191,0.71207,101,9,0
2026-08-19T18:50:00Z,1787165400,0.71205,0.71224,0.712,0.71223,105,9,0
2026-08-19T18:55:00Z,1787165700,0.71222,0.71241,0.71215,0.71217,147,9,0
2026-08-19T19:00:00Z,1787166000,0.71217,0.71236,0.71212,0.71212,132,9,0
2026-08-19T19:05:00Z,1787166300,0.71213,0.71247,0.71207,0.71243,109,9,0
2026-08-19T19:10:00Z,1787166600,0.71242,0.71253,0.71222,0.71225,129,9,0
2026-08-19T19:15:00Z,1787166900,0.71224,0.71243,0.71221,0.71236,89,9,0
2026-08-19T19:20:00Z,1787167200,0.71234,0.7124,0.71227,0.71239,71,9,0
2026-08-19T19:25:00Z,1787167500,0.7124,0.71258,0.71237,0.71252,103,9,0
2026-08-19T19:30:00Z,1787167800,0.71253,0.71265,0.71242,0.71262,132,9,0
2026-08-19T19:35:00Z,1787168100,0.71262,0.71262,0.71223,0.71239,143,9,0
2026-08-19T19:40:00Z,1787168400,0.71239,0.71252,0.71237,0.71249,92,9,0
2026-08-19T19:45:00Z,1787168700,0.71249,0.71249,0.71229,0.71244,102,9,0
2026-08-19T19:50:00Z,1787169000,0.71244,0.71259,0.7124,0.71259,102,9,0
2026-08-19T19:55:00Z,1787169300,0.71258,0.71259,0.71222,0.71235,181,9,0
2026-08-19T20:00:00Z,1787169600,0.71236,0.71246,0.71231,0.71241,63,9,0
2026-08-19T20:05:00Z,1787169900,0.71241,0.71241,0.71229,0.71236,48,9,0
2026-08-19T20:10:00Z,1787170200,0.71236,0.71236,0.7122,0.71221,41,9,0
2026-08-19T20:15:00Z,1787170500,0.71221,0.71224,0.71213,0.71218,40,9,0
2026-08-19T20:20:00Z,1787170800,0.71218,0.71226,0.71218,0.71226,18,9,0
2026-08-19T20:25:00Z,1787171100,0.71228,0.71234,0.71224,0.71225,37,9,0
2026-08-19T20:30:00Z,1787171400,0.71226,0.7124,0.71226,0.71237,45,9,0
2026-08-19T20:35:00Z,1787171700,0.71237,0.71243,0.7123,0.71243,40,9,0
2026-08-19T20:40:00Z,1787172000,0.71243,0.71248,0.71238,0.71243,29,9,0
2026-08-19T20:45:00Z,1787172300,0.71244,0.71251,0.71243,0.71247,38,9,0
2026-08-19T20:50:00Z,1787172600,0.71248,0.71251,0.71247,0.71251,27,9,0
2026-08-19T20:55:00Z,1787172900,0.71251,0.71253,0.71238,0.71242,64,9,0
2026-08-19T21:00:00Z,1787173200,0.71241,0.71243,0.71241,0.71243,3,14,0
2026-08-19T21:05:00Z,1787173500,0.71244,0.71245,0.71212,0.7122,87,10,0
2026-08-19T21:10:00Z,1787173800,0.71219,0.71229,0.71207,0.71229,52,27,0
2026-08-19T21:15:00Z,1787174100,0.71227,0.71229,0.71219,0.71223,52,27,0
2026-08-19T21:20:00Z,1787174400,0.71222,0.71226,0.7121,0.71217,49,32,0
2026-08-19T21:25:00Z,1787174700,0.71216,0.71217,0.71205,0.7121,27,44,0
2026-08-19T21:30:00Z,1787175000,0.71209,0.71221,0.71208,0.71213,51,43,0
2026-08-19T21:35:00Z,1787175300,0.71212,0.71217,0.71202,0.71215,61,36,0
2026-08-19T21:40:00Z,1787175600,0.71214,0.7122,0.71207,0.7122,62,29,0
2026-08-19T21:45:00Z,1787175900,0.71218,0.71227,0.71217,0.71225,69,24,0
2026-08-19T21:50:00Z,1787176200,0.71224,0.7123,0.71219,0.71226,90,27,0
2026-08-19T21:55:00Z,1787176500,0.71228,0.71229,0.71219,0.71219,47,26,0
2026-08-19T22:00:00Z,1787176800,0.71221,0.7125,0.71221,0.71247,76,9,0
2026-08-19T22:05:00Z,1787177100,0.71247,0.7125,0.7124,0.71245,33,9,0
2026-08-19T22:10:00Z,1787177400,0.71246,0.71247,0.7123,0.71244,52,9,0
2026-08-19T22:15:00Z,1787177700,0.71244,0.7125,0.71243,0.71247,29,9,0
2026-08-19T22:20:00Z,1787178000,0.71246,0.71253,0.71243,0.71251,25,9,0
2026-08-19T22:25:00Z,1787178300,0.71251,0.71252,0.71249,0.71252,12,9,0
2026-08-19T22:30:00Z,1787178600,0.71252,0.71264,0.71252,0.71256,36,9,0
2026-08-19T22:35:00Z,1787178900,0.71256,0.71258,0.71254,0.71256,28,9,0
2026-08-19T22:40:00Z,1787179200,0.71256,0.71266,0.71256,0.71257,33,9,0
2026-08-19T22:45:00Z,1787179500,0.71257,0.71257,0.71254,0.71254,18,9,0
2026-08-19T22:50:00Z,1787179800,0.71254,0.71259,0.71247,0.71248,25,9,0
2026-08-19T22:55:00Z,1787180100,0.71248,0.71249,0.7123,0.7124,48,9,0
2026-08-19T23:00:00Z,1787180400,0.71241,0.71266,0.71235,0.71265,104,9,0
2026-08-19T23:05:00Z,1787180700,0.71265,0.71281,0.71265,0.71277,58,9,0
2026-08-19T23:10:00Z,1787181000,0.71277,0.71277,0.71263,0.71266,40,9,0
2026-08-19T23:15:00Z,1787181300,0.71266,0.71267,0.71254,0.71257,35,9,0
2026-08-19T23:20:00Z,1787181600,0.71258,0.71265,0.71247,0.7125,36,9,0
2026-08-19T23:25:00Z,1787181900,0.7125,0.71256,0.71245,0.71247,60,9,0
2026-08-19T23:30:00Z,1787182200,0.71248,0.71254,0.71236,0.71236,46,9,0
2026-08-19T23:35:00Z,1787182500,0.71235,0.71239,0.71229,0.71235,47,9,0
2026-08-19T23:40:00Z,1787182800,0.71235,0.71236,0.71228,0.71229,22,9,0
2026-08-19T23:45:00Z,1787183100,0.71229,0.71235,0.71215,0.71227,52,9,0
2026-08-19T23:50:00Z,1787183400,0.71227,0.71231,0.71224,0.71224,44,9,0
2026-08-19T23:55:00Z,1787183700,0.71224,0.71226,0.71215,0.71223,66,9,0
2026-08-20T00:00:00Z,1787184000,0.71223,0.71262,0.71214,0.71252,193,9,0
2026-08-20T00:05:00Z,1787184300,0.71251,0.71256,0.71214,0.71214,114,9,0
2026-08-20T00:10:00Z,1787184600,0.71215,0.71244,0.71213,0.71244,97,9,0
2026-08-20T00:15:00Z,1787184900,0.71244,0.71256,0.71241,0.71241,120,9,0
2026-08-20T00:20:00Z,1787185200,0.71241,0.71248,0.71224,0.71235,146,9,0
2026-08-20T00:25:00Z,1787185500,0.71234,0.71236,0.7122,0.71229,94,9,0
2026-08-20T00:30:00Z,1787185800,0.71229,0.71239,0.71219,0.71229,93,9,0
2026-08-20T00:35:00Z,1787186100,0.71229,0.71238,0.71221,0.71223,86,9,0
2026-08-20T00:40:00Z,1787186400,0.71223,0.71223,0.71209,0.71214,89,9,0
2026-08-20T00:45:00Z,1787186700,0.71213,0.71213,0.71175,0.7118,91,9,0
2026-08-20T00:50:00Z,1787187000,0.7118,0.71181,0.71161,0.71172,159,9,0
2026-08-20T00:55:00Z,1787187300,0.71173,0.71179,0.71153,0.71163,154,9,0
2026-08-20T01:00:00Z,1787187600,0.71163,0.71176,0.71142,0.71149,196,9,0
2026-08-20T01:05:00Z,1787187900,0.71149,0.71169,0.71141,0.71169,117,9,0
2026-08-20T01:10:00Z,1787188200,0.71168,0.71178,0.71155,0.71171,138,9,0
2026-08-20T01:15:00Z,1787188500,0.71171,0.71221,0.71171,0.71214,173,9,0
2026-08-20T01:20:00Z,1787188800,0.71215,0.71226,0.71197,0.71205,167,9,0
2026-08-20T01:25:00Z,1787189100,0.71204,0.71259,0.71198,0.71248,157,9,0
2026-08-20T01:30:00Z,1787189400,0.71247,0.71247,0.71023,0.71083,582,9,0
2026-08-20T01:35:00Z,1787189700,0.71083,0.71147,0.71083,0.71122,396,9,0
2026-08-20T01:40:00Z,1787190000,0.71124,0.71169,0.71115,0.71129,244,9,0
2026-08-20T01:45:00Z,1787190300,0.7113,0.7114,0.71094,0.71117,255,9,0
2026-08-20T01:50:00Z,1787190600,0.71117,0.71121,0.71084,0.71108,217,9,0
2026-08-20T01:55:00Z,1787190900,0.71108,0.71148,0.71107,0.71146,204,9,0
2026-08-20T02:00:00Z,1787191200,0.71145,0.71184,0.71138,0.71176,248,9,0
2026-08-20T02:05:00Z,1787191500,0.71175,0.71197,0.71143,0.71143,178,9,0
2026-08-20T02:10:00Z,1787191800,0.71143,0.71146,0.71129,0.71129,109,9,0
2026-08-20T02:15:00Z,1787192100,0.71129,0.71131,0.71115,0.71123,134,9,0
2026-08-20T02:20:00Z,1787192400,0.71122,0.7113,0.71096,0.7113,148,9,0
2026-08-20T02:25:00Z,1787192700,0.7113,0.71132,0.71114,0.71118,107,9,0
2026-08-20T02:30:00Z,1787193000,0.71117,0.71125,0.71112,0.71119,116,9,0
2026-08-20T02:35:00Z,1787193300,0.71119,0.71128,0.71113,0.71127,95,9,0
2026-08-20T02:40:00Z,1787193600,0.71127,0.71141,0.71122,0.71127,96,9,0
2026-08-20T02:45:00Z,1787193900,0.71126,0.71129,0.71116,0.71117,76,9,0
2026-08-20T02:50:00Z,1787194200,0.71117,0.71145,0.71114,0.71144,90,9,0
2026-08-20T02:55:00Z,1787194500,0.71143,0.71143,0.7113,0.71135,71,9,0
2026-08-20T03:00:00Z,1787194800,0.71135,0.71148,0.71127,0.71134,100,9,0
2026-08-20T03:05:00Z,1787195100,0.71135,0.71146,0.71133,0.71136,56,9,0
2026-08-20T03:10:00Z,1787195400,0.71136,0.71162,0.71123,0.71157,85,9,0
2026-08-20T03:15:00Z,1787195700,0.71157,0.71162,0.71141,0.71153,88,9,0
2026-08-20T03:20:00Z,1787196000,0.71153,0.71182,0.71153,0.7118,82,9,0
2026-08-20T03:25:00Z,1787196300,0.71181,0.71189,0.71166,0.71169,85,9,0
2026-08-20T03:30:00Z,1787196600,0.7117,0.7117,0.71157,0.71161,73,9,0
2026-08-20T03:35:00Z,1787196900,0.71161,0.71164,0.71149,0.71159,87,9,0
2026-08-20T03:40:00Z,1787197200,0.71159,0.71171,0.71151,0.71169,61,9,0
2026-08-20T03:45:00Z,1787197500,0.71167,0.71187,0.71166,0.71187,64,9,0
2026-08-20T03:50:00Z,1787197800,0.71187,0.71197,0.71181,0.71195,57,9,0
2026-08-20T03:55:00Z,1787198100,0.71196,0.71197,0.71188,0.71189,41,9,0
2026-08-20T04:00:00Z,1787198400,0.7119,0.71198,0.71188,0.71192,56,9,0
2026-08-20T04:05:00Z,1787198700,0.71192,0.71225,0.71187,0.71224,88,9,0
2026-08-20T04:10:00Z,1787199000,0.71224,0.71235,0.71217,0.71224,58,9,0
2026-08-20T04:15:00Z,1787199300,0.71224,0.71226,0.71204,0.71205,67,9,0
2026-08-20T04:20:00Z,1787199600,0.71205,0.71214,0.71194,0.71194,69,9,0
2026-08-20T04:25:00Z,1787199900,0.71194,0.712,0.71192,0.71194,49,9,0
2026-08-20T04:30:00Z,1787200200,0.71194,0.71196,0.71184,0.71186,77,9,0
2026-08-20T04:35:00Z,1787200500,0.71186,0.71186,0.71169,0.71172,52,9,0
2026-08-20T04:40:00Z,1787200800,0.71174,0.71174,0.71161,0.71162,55,9,0
2026-08-20T04:45:00Z,1787201100,0.71162,0.71165,0.7115,0.71151,65,9,0
2026-08-20T04:50:00Z,1787201400,0.71151,0.71157,0.71146,0.71146,51,9,0
2026-08-20T04:55:00Z,1787201700,0.71146,0.71155,0.71125,0.71133,111,9,0
2026-08-20T05:00:00Z,1787202000,0.71134,0.7115,0.71128,0.71148,93,9,0
2026-08-20T05:05:00Z,1787202300,0.71148,0.71155,0.71145,0.71151,79,9,0
2026-08-20T05:10:00Z,1787202600,0.71151,0.71151,0.71129,0.71138,102,9,0
2026-08-20T05:15:00Z,1787202900,0.71138,0.71144,0.71127,0.71134,81,9,0
2026-08-20T05:20:00Z,1787203200,0.71134,0.71155,0.71129,0.71153,70,9,0
2026-08-20T05:25:00Z,1787203500,0.71153,0.71156,0.71126,0.71128,104,9,0
2026-08-20T05:30:00Z,1787203800,0.71128,0.71149,0.71128,0.71133,138,9,0
2026-08-20T05:35:00Z,1787204100,0.71133,0.71135,0.71117,0.71123,85,9,0
2026-08-20T05:40:00Z,1787204400,0.71123,0.71131,0.71116,0.71124,88,9,0
2026-08-20T05:45:00Z,1787204700,0.71124,0.71144,0.7112,0.71142,86,9,0
2026-08-20T05:50:00Z,1787205000,0.71142,0.71144,0.71115,0.71118,81,9,0
2026-08-20T05:55:00Z,1787205300,0.71118,0.71157,0.71118,0.71143,103,9,0
2026-08-20T06:00:00Z,1787205600,0.71143,0.71155,0.71139,0.7115,119,9,0
2026-08-20T06:05:00Z,1787205900,0.7115,0.71169,0.71148,0.71162,102,9,0
2026-08-20T06:10:00Z,1787206200,0.71161,0.71175,0.71159,0.71168,114,9,0
2026-08-20T06:15:00Z,1787206500,0.71167,0.71172,0.71161,0.71166,94,9,0
2026-08-20T06:20:00Z,1787206800,0.71165,0.71166,0.71146,0.7116,111,9,0
2026-08-20T06:25:00Z,1787207100,0.7116,0.71175,0.71159,0.71166,121,9,0
2026-08-20T06:30:00Z,1787207400,0.71166,0.71173,0.71151,0.71172,116,9,0
2026-08-20T06:35:00Z,1787207700,0.71171,0.71186,0.71171,0.71177,91,9,0
2026-08-20T06:40:00Z,1787208000,0.71177,0.71186,0.71171,0.71181,72,9,0
2026-08-20T06:45:00Z,1787208300,0.71181,0.71216,0.71181,0.71203,151,9,0
2026-08-20T06:50:00Z,1787208600,0.71203,0.71208,0.71185,0.71202,116,9,0
2026-08-20T06:55:00Z,1787208900,0.71202,0.71225,0.71201,0.71221,107,9,0
2026-08-20T07:00:00Z,1787209200,0.7122,0.7122,0.71173,0.71185,146,9,0
2026-08-20T07:05:00Z,1787209500,0.71185,0.71207,0.71183,0.71203,135,9,0
2026-08-20T07:10:00Z,1787209800,0.71203,0.71212,0.712,0.71205,107,9,0
2026-08-20T07:15:00Z,1787210100,0.71206,0.71212,0.71188,0.71207,112,9,0
2026-08-20T07:20:00Z,1787210400,0.71207,0.71211,0.71166,0.71186,109,9,0
2026-08-20T07:25:00Z,1787210700,0.71185,0.71196,0.71177,0.71196,93,9,0
2026-08-20T07:30:00Z,1787211000,0.71197,0.71216,0.71188,0.71215,125,9,0
2026-08-20T07:35:00Z,1787211300,0.71217,0.71221,0.71206,0.71215,112,9,0
2026-08-20T07:40:00Z,1787211600,0.71215,0.71248,0.71215,0.7122,147,9,0
2026-08-20T07:45:00Z,1787211900,0.7122,0.71221,0.71199,0.71205,104,9,0
2026-08-20T07:50:00Z,1787212200,0.71205,0.71219,0.71203,0.71219,120,9,0
2026-08-20T07:55:00Z,1787212500,0.71219,0.71241,0.71216,0.71231,133,9,0
2026-08-20T08:00:00Z,1787212800,0.71232,0.71242,0.7122,0.71233,147,9,0
2026-08-20T08:05:00Z,1787213100,0.71234,0.71239,0.7122,0.71237,141,9,0
2026-08-20T08:10:00Z,1787213400,0.71237,0.71254,0.71235,0.71252,109,9,0
2026-08-20T08:15:00Z,1787213700,0.71252,0.71262,0.71241,0.71245,112,9,0
2026-08-20T08:20:00Z,1787214000,0.71245,0.71262,0.71243,0.71256,89,9,0
2026-08-20T08:25:00Z,1787214300,0.71256,0.71267,0.71233,0.71242,137,9,0
2026-08-20T08:30:00Z,1787214600,0.71241,0.71242,0.7121,0.71228,153,9,0
2026-08-20T08:35:00Z,1787214900,0.71227,0.71256,0.71223,0.71247,107,9,0
2026-08-20T08:40:00Z,1787215200,0.71248,0.7128,0.71248,0.71249,107,9,0
2026-08-20T08:45:00Z,1787215500,0.71249,0.71252,0.71224,0.71225,84,9,0
2026-08-20T08:50:00Z,1787215800,0.71225,0.71251,0.71223,0.71237,91,9,0
2026-08-20T08:55:00Z,1787216100,0.71236,0.71243,0.71225,0.71237,98,9,0
2026-08-20T09:00:00Z,1787216400,0.71237,0.7124,0.71223,0.71227,90,9,0
2026-08-20T09:05:00Z,1787216700,0.71227,0.71251,0.7122,0.71251,88,9,0
2026-08-20T09:10:00Z,1787217000,0.7125,0.71287,0.7125,0.71274,141,9,0
2026-08-20T09:15:00Z,1787217300,0.71274,0.71314,0.7127,0.71285,173,9,0
2026-08-20T09:20:00Z,1787217600,0.71285,0.71316,0.71284,0.71293,164,9,0
2026-08-20T09:25:00Z,1787217900,0.71292,0.7131,0.71286,0.71299,116,9,0
2026-08-20T09:30:00Z,1787218200,0.71299,0.71301,0.7128,0.71282,110,9,0
2026-08-20T09:35:00Z,1787218500,0.71281,0.71284,0.71249,0.71249,130,9,0
2026-08-20T09:40:00Z,1787218800,0.71251,0.71281,0.7125,0.71272,94,9,0
2026-08-20T09:45:00Z,1787219100,0.71272,0.71272,0.7126,0.71265,78,9,0
2026-08-20T09:50:00Z,1787219400,0.71264,0.71282,0.71261,0.7127,108,9,0
2026-08-20T09:55:00Z,1787219700,0.7127,0.71283,0.71262,0.71282,100,9,0
2026-08-20T10:00:00Z,1787220000,0.71281,0.71281,0.71262,0.71273,117,9,0
2026-08-20T10:05:00Z,1787220300,0.71273,0.71301,0.7127,0.71301,87,9,0
2026-08-20T10:10:00Z,1787220600,0.713,0.71321,0.71293,0.71294,124,9,0
2026-08-20T10:15:00Z,1787220900,0.71293,0.71308,0.71293,0.713,97,9,0
2026-08-20T10:20:00Z,1787221200,0.713,0.71302,0.71268,0.71279,115,9,0
2026-08-20T10:25:00Z,1787221500,0.7128,0.71319,0.7128,0.71315,100,9,0
2026-08-20T10:30:00Z,1787221800,0.71316,0.71316,0.71302,0.71314,79,9,0
2026-08-20T10:35:00Z,1787222100,0.71314,0.71323,0.71286,0.71288,125,9,0
2026-08-20T10:40:00Z,1787222400,0.71288,0.71289,0.71263,0.71266,105,9,0
2026-08-20T10:45:00Z,1787222700,0.71268,0.71269,0.71255,0.71255,108,9,0
2026-08-20T10:50:00Z,1787223000,0.71255,0.71257,0.71208,0.71217,111,9,0
2026-08-20T10:55:00Z,1787223300,0.71219,0.71229,0.71207,0.71227,98,9,0
2026-08-20T11:00:00Z,1787223600,0.71227,0.7124,0.7122,0.71225,143,9,0
2026-08-20T11:05:00Z,1787223900,0.71225,0.71225,0.71175,0.71179,170,9,0
2026-08-20T11:10:00Z,1787224200,0.7118,0.71183,0.7116,0.71164,121,9,0
2026-08-20T11:15:00Z,1787224500,0.71164,0.71171,0.71149,0.71169,102,9,0
2026-08-20T11:20:00Z,1787224800,0.71169,0.71191,0.71165,0.71185,130,9,0
2026-08-20T11:25:00Z,1787225100,0.71185,0.71206,0.71164,0.71164,131,9,0
2026-08-20T11:30:00Z,1787225400,0.71165,0.71194,0.71162,0.71194,128,9,0
2026-08-20T11:35:00Z,1787225700,0.71195,0.71196,0.71182,0.7119,137,9,0
2026-08-20T11:40:00Z,1787226000,0.7119,0.712,0.71139,0.71142,132,9,0
2026-08-20T11:45:00Z,1787226300,0.71142,0.71144,0.71098,0.71114,203,9,0
2026-08-20T11:50:00Z,1787226600,0.71114,0.71121,0.7108,0.71099,181,9,0
2026-08-20T11:55:00Z,1787226900,0.71098,0.71111,0.71084,0.71084,141,9,0
2026-08-20T12:00:00Z,1787227200,0.71086,0.71095,0.71054,0.71064,184,9,0
2026-08-20T12:05:00Z,1787227500,0.71064,0.71065,0.71025,0.71056,282,9,0
2026-08-20T12:10:00Z,1787227800,0.71056,0.71085,0.71056,0.71063,187,9,0
2026-08-20T12:15:00Z,1787228100,0.71063,0.71075,0.71052,0.7106,188,9,0
2026-08-20T12:20:00Z,1787228400,0.71059,0.711,0.71059,0.71091,158,9,0
2026-08-20T12:25:00Z,1787228700,0.71089,0.71095,0.71074,0.71095,123,9,0
2026-08-20T12:30:00Z,1787229000,0.71094,0.71101,0.71067,0.71068,190,9,0
2026-08-20T12:35:00Z,1787229300,0.71068,0.71091,0.71065,0.7109,161,9,0
2026-08-20T12:40:00Z,1787229600,0.71089,0.71132,0.71089,0.71132,181,9,0
2026-08-20T12:45:00Z,1787229900,0.71132,0.71161,0.71119,0.71161,155,9,0
2026-08-20T12:50:00Z,1787230200,0.71161,0.71177,0.71145,0.71148,152,9,0
2026-08-20T12:55:00Z,1787230500,0.71149,0.71171,0.71142,0.71161,177,9,0
2026-08-20T13:00:00Z,1787230800,0.71163,0.71204,0.71163,0.71198,222,9,0
2026-08-20T13:05:00Z,1787231100,0.71199,0.7122,0.71193,0.71196,184,9,0
2026-08-20T13:10:00Z,1787231400,0.71196,0.71213,0.71181,0.71187,185,9,0
2026-08-20T13:15:00Z,1787231700,0.71187,0.71222,0.71181,0.71212,197,9,0
2026-08-20T13:20:00Z,1787232000,0.71212,0.71214,0.71188,0.71194,171,9,0
2026-08-20T13:25:00Z,1787232300,0.71193,0.71208,0.71186,0.71203,163,9,0
2026-08-20T13:30:00Z,1787232600,0.71204,0.71218,0.71189,0.71203,244,9,0
2026-08-20T13:35:00Z,1787232900,0.71203,0.71232,0.71189,0.71219,276,9,0
2026-08-20T13:40:00Z,1787233200,0.71217,0.71234,0.712,0.71224,209,9,0
2026-08-20T13:45:00Z,1787233500,0.71226,0.71228,0.71168,0.71168,234,9,0
2026-08-20T13:50:00Z,1787233800,0.7117,0.71183,0.71154,0.7117,215,9,0
2026-08-20T13:55:00Z,1787234100,0.7117,0.71189,0.71143,0.71161,189,9,0
2026-08-20T14:00:00Z,1787234400,0.7116,0.71199,0.71151,0.71152,246,9,0
2026-08-20T14:05:00Z,1787234700,0.71153,0.71184,0.71146,0.71183,206,9,0
2026-08-20T14:10:00Z,1787235000,0.71183,0.71194,0.71164,0.71165,206,9,0
2026-08-20T14:15:00Z,1787235300,0.71165,0.71167,0.71142,0.71159,210,9,0
2026-08-20T14:20:00Z,1787235600,0.7116,0.71215,0.71159,0.71195,205,9,0
2026-08-20T14:25:00Z,1787235900,0.71195,0.71203,0.71169,0.71185,186,9,0
2026-08-20T14:30:00Z,1787236200,0.71187,0.71206,0.71181,0.712,154,9,0
2026-08-20T14:35:00Z,1787236500,0.71201,0.71224,0.71195,0.71207,174,9,0
2026-08-20T14:40:00Z,1787236800,0.71207,0.71234,0.71202,0.71224,152,9,0
2026-08-20T14:45:00Z,1787237100,0.71224,0.71244,0.71223,0.7124,155,9,0
2026-08-20T14:50:00Z,1787237400,0.7124,0.71241,0.71209,0.71224,166,9,0
2026-08-20T14:55:00Z,1787237700,0.71226,0.71229,0.71202,0.71206,221,9,0
2026-08-20T15:00:00Z,1787238000,0.71207,0.71319,0.71202,0.71293,613,9,0
2026-08-20T15:05:00Z,1787238300,0.71294,0.71294,0.71193,0.71219,369,9,0
2026-08-20T15:10:00Z,1787238600,0.71218,0.71231,0.71189,0.71215,269,9,0
2026-08-20T15:15:00Z,1787238900,0.71214,0.71231,0.71211,0.71229,234,9,0
2026-08-20T15:20:00Z,1787239200,0.71228,0.71234,0.71183,0.71194,215,9,0
2026-08-20T15:25:00Z,1787239500,0.71195,0.71264,0.71187,0.71264,190,9,0
2026-08-20T15:30:00Z,1787239800,0.71266,0.71268,0.71213,0.71214,237,9,0
2026-08-20T15:35:00Z,1787240100,0.71214,0.7122,0.71176,0.71179,183,9,0
2026-08-20T15:40:00Z,1787240400,0.71179,0.71186,0.71131,0.71146,211,9,0
2026-08-20T15:45:00Z,1787240700,0.71146,0.71175,0.71139,0.71168,202,9,0
2026-08-20T15:50:00Z,1787241000,0.71166,0.71178,0.71161,0.71168,171,9,0
2026-08-20T15:55:00Z,1787241300,0.71169,0.71189,0.71168,0.71188,169,9,0
2026-08-20T16:00:00Z,1787241600,0.7119,0.71195,0.71166,0.71167,178,9,0
2026-08-20T16:05:00Z,1787241900,0.71167,0.71173,0.71154,0.71173,127,9,0
2026-08-20T16:10:00Z,1787242200,0.71173,0.71179,0.71148,0.7115,134,9,0
2026-08-20T16:15:00Z,1787242500,0.7115,0.71158,0.71138,0.71157,114,9,0
2026-08-20T16:20:00Z,1787242800,0.71157,0.71165,0.71146,0.71159,108,9,0
2026-08-20T16:25:00Z,1787243100,0.71159,0.7116,0.71118,0.71132,129,9,0
2026-08-20T16:30:00Z,1787243400,0.71132,0.71132,0.71116,0.71127,143,9,0
2026-08-20T16:35:00Z,1787243700,0.71128,0.71134,0.7111,0.71112,148,9,0
2026-08-20T16:40:00Z,1787244000,0.71113,0.71125,0.71108,0.71116,122,9,0
2026-08-20T16:45:00Z,1787244300,0.71116,0.71136,0.71112,0.71131,105,9,0
2026-08-20T16:50:00Z,1787244600,0.71131,0.71131,0.71104,0.71109,80,9,0
2026-08-20T16:55:00Z,1787244900,0.71108,0.71128,0.71106,0.71123,103,9,0
2026-08-20T17:00:00Z,1787245200,0.71124,0.7113,0.71119,0.71126,116,9,0
2026-08-20T17:05:00Z,1787245500,0.71126,0.71126,0.711,0.71105,97,9,0
2026-08-20T17:10:00Z,1787245800,0.71105,0.71107,0.71096,0.71106,96,9,0
2026-08-20T17:15:00Z,1787246100,0.71106,0.71114,0.71102,0.71104,106,9,0
2026-08-20T17:20:00Z,1787246400,0.71104,0.71116,0.71101,0.71105,66,9,0
2026-08-20T17:25:00Z,1787246700,0.71105,0.7112,0.71105,0.71115,73,9,0
2026-08-20T17:30:00Z,1787247000,0.71115,0.71126,0.71107,0.71121,77,9,0
2026-08-20T17:35:00Z,1787247300,0.71121,0.71123,0.71107,0.71108,73,9,0
2026-08-20T17:40:00Z,1787247600,0.71108,0.71117,0.71102,0.71116,62,9,0
2026-08-20T17:45:00Z,1787247900,0.71116,0.71121,0.71112,0.71116,62,9,0
2026-08-20T17:50:00Z,1787248200,0.71116,0.71124,0.71116,0.71117,49,9,0
2026-08-20T17:55:00Z,1787248500,0.71117,0.71125,0.71108,0.71121,77,9,0
2026-08-20T18:00:00Z,1787248800,0.71122,0.71124,0.71103,0.71108,88,9,0
2026-08-20T18:05:00Z,1787249100,0.71108,0.71116,0.71086,0.71091,92,9,0
2026-08-20T18:10:00Z,1787249400,0.71091,0.71091,0.71069,0.71075,118,9,0
2026-08-20T18:15:00Z,1787249700,0.71075,0.71075,0.71054,0.71074,96,9,0
2026-08-20T18:20:00Z,1787250000,0.71073,0.71083,0.71072,0.71072,78,9,0
2026-08-20T18:25:00Z,1787250300,0.71071,0.71075,0.71065,0.71072,64,9,0
2026-08-20T18:30:00Z,1787250600,0.71071,0.71084,0.71071,0.71075,58,9,0
2026-08-20T18:35:00Z,1787250900,0.71076,0.71093,0.71074,0.71086,69,9,0
2026-08-20T18:40:00Z,1787251200,0.71086,0.71097,0.71084,0.71087,76,9,0
2026-08-20T18:45:00Z,1787251500,0.71087,0.71098,0.71086,0.71095,57,9,0
2026-08-20T18:50:00Z,1787251800,0.71095,0.71106,0.71092,0.71106,52,9,0
2026-08-20T18:55:00Z,1787252100,0.71106,0.71109,0.71097,0.71105,93,9,0
2026-08-20T19:00:00Z,1787252400,0.71105,0.71105,0.71087,0.71093,97,9,0
2026-08-20T19:05:00Z,1787252700,0.71094,0.71103,0.71092,0.71102,70,9,0
2026-08-20T19:10:00Z,1787253000,0.71102,0.71111,0.71095,0.7111,55,9,0
2026-08-20T19:15:00Z,1787253300,0.7111,0.71116,0.71105,0.71105,71,9,0
2026-08-20T19:20:00Z,1787253600,0.71105,0.71116,0.71102,0.71115,63,9,0
2026-08-20T19:25:00Z,1787253900,0.71115,0.71119,0.71113,0.71113,41,9,0
2026-08-20T19:30:00Z,1787254200,0.71113,0.71114,0.71097,0.71097,72,9,0
2026-08-20T19:35:00Z,1787254500,0.71097,0.71117,0.71092,0.71116,65,9,0
2026-08-20T19:40:00Z,1787254800,0.71116,0.71118,0.71106,0.71107,52,9,0
2026-08-20T19:45:00Z,1787255100,0.71107,0.71121,0.71104,0.71121,60,9,0
2026-08-20T19:50:00Z,1787255400,0.71121,0.71128,0.71119,0.71125,71,9,0
2026-08-20T19:55:00Z,1787255700,0.71125,0.71129,0.71112,0.71122,89,9,0
2026-08-20T20:00:00Z,1787256000,0.71124,0.71131,0.71123,0.71125,35,9,0
2026-08-20T20:05:00Z,1787256300,0.71125,0.71126,0.71116,0.71118,43,9,0
2026-08-20T20:10:00Z,1787256600,0.71119,0.7113,0.71119,0.71122,30,9,0
2026-08-20T20:15:00Z,1787256900,0.71122,0.71124,0.71118,0.71122,33,9,0
2026-08-20T20:20:00Z,1787257200,0.71122,0.71123,0.71116,0.71116,21,9,0
2026-08-20T20:25:00Z,1787257500,0.71116,0.7112,0.71116,0.71117,25,9,0
2026-08-20T20:30:00Z,1787257800,0.71117,0.71122,0.71115,0.71121,27,9,0
2026-08-20T20:35:00Z,1787258100,0.71121,0.71127,0.71121,0.71127,13,9,0
2026-08-20T20:40:00Z,1787258400,0.71126,0.71132,0.71126,0.71132,10,9,0
2026-08-20T20:45:00Z,1787258700,0.71132,0.71134,0.71129,0.71134,19,9,0
2026-08-20T20:50:00Z,1787259000,0.71132,0.71132,0.71126,0.71127,29,9,0
2026-08-20T20:55:00Z,1787259300,0.71128,0.71135,0.71128,0.71129,48,9,0
2026-08-20T21:00:00Z,1787259600,0.7113,0.7113,0.71129,0.7113,3,19,0
2026-08-20T21:05:00Z,1787259900,0.71129,0.71131,0.71128,0.71129,18,15,0
2026-08-20T21:10:00Z,1787260200,0.71128,0.71134,0.71116,0.71116,41,9,0
2026-08-20T21:15:00Z,1787260500,0.71117,0.71117,0.71106,0.71112,32,29,0
2026-08-20T21:20:00Z,1787260800,0.71109,0.71109,0.71098,0.71104,36,37,0
2026-08-20T21:25:00Z,1787261100,0.71105,0.71108,0.71088,0.71102,53,41,0
2026-08-20T21:30:00Z,1787261400,0.711,0.71104,0.71094,0.71102,50,44,0
2026-08-20T21:35:00Z,1787261700,0.71101,0.71104,0.71092,0.71092,68,43,0
2026-08-20T21:40:00Z,1787262000,0.71093,0.71095,0.71074,0.71079,199,49,0
2026-08-20T21:45:00Z,1787262300,0.71078,0.71084,0.71071,0.71073,125,60,0
2026-08-20T21:50:00Z,1787262600,0.71074,0.7108,0.71065,0.71071,130,63,0
2026-08-20T21:55:00Z,1787262900,0.7107,0.71093,0.7107,0.71093,83,40,0
2026-08-20T22:00:00Z,1787263200,0.71097,0.71127,0.71097,0.71124,54,9,0
2026-08-20T22:05:00Z,1787263500,0.71124,0.71129,0.71122,0.71126,23,9,0
2026-08-20T22:10:00Z,1787263800,0.71127,0.7113,0.71125,0.7113,30,9,0
2026-08-20T22:15:00Z,1787264100,0.7113,0.71135,0.71127,0.71135,29,9,0
2026-08-20T22:20:00Z,1787264400,0.71135,0.7114,0.71134,0.71139,14,9,0
2026-08-20T22:25:00Z,1787264700,0.7114,0.71147,0.7114,0.71141,26,9,0
2026-08-20T22:30:00Z,1787265000,0.71141,0.71147,0.71139,0.71141,32,9,0
2026-08-20T22:35:00Z,1787265300,0.71141,0.71146,0.71141,0.71143,21,9,0
2026-08-20T22:40:00Z,1787265600,0.71143,0.71144,0.71141,0.71143,21,9,0
2026-08-20T22:45:00Z,1787265900,0.71143,0.71154,0.71143,0.71154,17,9,0
2026-08-20T22:50:00Z,1787266200,0.71154,0.7116,0.71153,0.71154,29,9,0
2026-08-20T22:55:00Z,1787266500,0.71154,0.71155,0.71149,0.7115,20,9,0
2026-08-20T23:00:00Z,1787266800,0.71149,0.71168,0.71149,0.71165,47,9,0
2026-08-20T23:05:00Z,1787267100,0.71165,0.71165,0.71155,0.71157,42,9,0
2026-08-20T23:10:00Z,1787267400,0.71156,0.7116,0.71155,0.7116,34,9,0
2026-08-20T23:15:00Z,1787267700,0.7116,0.7117,0.71159,0.7117,25,9,0
2026-08-20T23:20:00Z,1787268000,0.7117,0.7117,0.71165,0.71167,32,9,0
2026-08-20T23:25:00Z,1787268300,0.71167,0.71174,0.71165,0.71171,32,9,0
2026-08-20T23:30:00Z,1787268600,0.71171,0.71176,0.71169,0.7117,32,9,0
2026-08-20T23:35:00Z,1787268900,0.7117,0.71171,0.71162,0.71163,31,9,0
2026-08-20T23:40:00Z,1787269200,0.71163,0.71172,0.71163,0.7117,37,9,0
2026-08-20T23:45:00Z,1787269500,0.7117,0.71184,0.71169,0.71184,40,9,0
2026-08-20T23:50:00Z,1787269800,0.71184,0.71191,0.71178,0.71188,67,9,0
2026-08-20T23:55:00Z,1787270100,0.71188,0.71194,0.71178,0.71185,76,9,0
2026-08-21T00:00:00Z,1787270400,0.71185,0.71213,0.71185,0.71202,128,9,0
2026-08-21T00:05:00Z,1787270700,0.71202,0.7121,0.71198,0.71206,100,9,0
2026-08-21T00:10:00Z,1787271000,0.71206,0.71244,0.71205,0.71239,99,9,0
2026-08-21T00:15:00Z,1787271300,0.71238,0.71244,0.71218,0.71241,103,9,0
2026-08-21T00:20:00Z,1787271600,0.71241,0.71248,0.71234,0.71235,101,9,0
2026-08-21T00:25:00Z,1787271900,0.71235,0.71243,0.71217,0.71227,82,9,0
2026-08-21T00:30:00Z,1787272200,0.71227,0.71243,0.71217,0.71235,88,9,0
2026-08-21T00:35:00Z,1787272500,0.71235,0.71242,0.71225,0.71232,78,9,0
2026-08-21T00:40:00Z,1787272800,0.71232,0.71234,0.71218,0.71229,73,9,0
2026-08-21T00:45:00Z,1787273100,0.7123,0.71239,0.71224,0.71234,90,9,0
2026-08-21T00:50:00Z,1787273400,0.71233,0.71241,0.71219,0.7122,108,9,0
2026-08-21T00:55:00Z,1787273700,0.71222,0.71225,0.71206,0.71209,113,9,0
2026-08-21T01:00:00Z,1787274000,0.71207,0.71227,0.71203,0.71215,151,9,0
2026-08-21T01:05:00Z,1787274300,0.71215,0.71224,0.71205,0.71211,115,9,0
2026-08-21T01:10:00Z,1787274600,0.71211,0.71241,0.71202,0.71238,128,9,0
2026-08-21T01:15:00Z,1787274900,0.71238,0.71263,0.71228,0.71261,118,9,0
2026-08-21T01:20:00Z,1787275200,0.71261,0.71275,0.71257,0.71272,112,9,0
2026-08-21T01:25:00Z,1787275500,0.71272,0.71297,0.71263,0.71292,119,9,0
2026-08-21T01:30:00Z,1787275800,0.71292,0.71309,0.71292,0.71303,104,9,0
2026-08-21T01:35:00Z,1787276100,0.71304,0.71306,0.71277,0.71278,101,9,0
2026-08-21T01:40:00Z,1787276400,0.71278,0.71287,0.7127,0.71286,98,9,0
2026-08-21T01:45:00Z,1787276700,0.71286,0.71338,0.71283,0.71335,122,9,0
2026-08-21T01:50:00Z,1787277000,0.71335,0.71335,0.71307,0.71312,86,9,0
2026-08-21T01:55:00Z,1787277300,0.71312,0.71333,0.71311,0.71333,94,9,0
2026-08-21T02:00:00Z,1787277600,0.71332,0.71345,0.71324,0.71325,90,9,0
2026-08-21T02:05:00Z,1787277900,0.71326,0.71338,0.71319,0.71337,86,9,0
2026-08-21T02:10:00Z,1787278200,0.71337,0.71348,0.71334,0.71348,83,9,0
2026-08-21T02:15:00Z,1787278500,0.71348,0.71358,0.71343,0.71348,75,9,0
2026-08-21T02:20:00Z,1787278800,0.71348,0.71407,0.71347,0.71388,180,9,0
2026-08-21T02:25:00Z,1787279100,0.71388,0.71389,0.71376,0.71386,81,9,0
2026-08-21T02:30:00Z,1787279400,0.71387,0.71403,0.7137,0.71373,102,9,0
2026-08-21T02:35:00Z,1787279700,0.71373,0.71387,0.71373,0.71381,65,9,0
2026-08-21T02:40:00Z,1787280000,0.7138,0.71383,0.71374,0.71383,65,9,0
2026-08-21T02:45:00Z,1787280300,0.71384,0.71415,0.71383,0.71414,92,9,0
2026-08-21T02:50:00Z,1787280600,0.71414,0.71436,0.71408,0.71418,125,9,0
2026-08-21T02:55:00Z,1787280900,0.71418,0.71425,0.71384,0.71389,95,9,0
2026-08-21T03:00:00Z,1787281200,0.7139,0.71408,0.71385,0.71394,81,9,0
2026-08-21T03:05:00Z,1787281500,0.71394,0.71407,0.71392,0.71403,53,9,0
2026-08-21T03:10:00Z,1787281800,0.71402,0.71413,0.71399,0.71402,67,9,0
2026-08-21T03:15:00Z,1787282100,0.71402,0.71416,0.714,0.71411,74,9,0
2026-08-21T03:20:00Z,1787282400,0.71411,0.71418,0.71411,0.71417,53,9,0
2026-08-21T03:25:00Z,1787282700,0.71416,0.71419,0.71393,0.71393,72,9,0
2026-08-21T03:30:00Z,1787283000,0.71392,0.71397,0.71383,0.71394,84,9,0
2026-08-21T03:35:00Z,1787283300,0.71394,0.71395,0.71381,0.71389,63,9,0
2026-08-21T03:40:00Z,1787283600,0.71389,0.71415,0.71382,0.71411,64,9,0
2026-08-21T03:45:00Z,1787283900,0.71411,0.71418,0.71399,0.71406,65,9,0
2026-08-21T03:50:00Z,1787284200,0.71406,0.71407,0.71394,0.71404,56,9,0
2026-08-21T03:55:00Z,1787284500,0.71404,0.71409,0.71399,0.71406,69,9,0
2026-08-21T04:00:00Z,1787284800,0.71406,0.71409,0.71395,0.71408,59,9,0
2026-08-21T04:05:00Z,1787285100,0.71408,0.71417,0.71404,0.71409,64,9,0
2026-08-21T04:10:00Z,1787285400,0.71409,0.71416,0.71404,0.71409,48,9,0
2026-08-21T04:15:00Z,1787285700,0.71408,0.71414,0.71406,0.71414,45,9,0
2026-08-21T04:20:00Z,1787286000,0.71414,0.71414,0.71397,0.71398,43,9,0
2026-08-21T04:25:00Z,1787286300,0.71397,0.71398,0.71387,0.71392,46,9,0
2026-08-21T04:30:00Z,1787286600,0.71392,0.71396,0.71387,0.71395,48,9,0
2026-08-21T04:35:00Z,1787286900,0.71395,0.71395,0.71378,0.71378,36,9,0
2026-08-21T04:40:00Z,1787287200,0.71378,0.71393,0.71378,0.71393,46,9,0
2026-08-21T04:45:00Z,1787287500,0.71393,0.71407,0.71392,0.714,54,9,0
2026-08-21T04:50:00Z,1787287800,0.71399,0.71406,0.71395,0.71397,62,9,0
2026-08-21T04:55:00Z,1787288100,0.71397,0.71403,0.71389,0.714,58,9,0
2026-08-21T05:00:00Z,1787288400,0.714,0.71402,0.71375,0.71392,76,9,0
2026-08-21T05:05:00Z,1787288700,0.71392,0.71394,0.71386,0.71388,50,9,0
2026-08-21T05:10:00Z,1787289000,0.71388,0.71392,0.71387,0.71388,58,9,0
2026-08-21T05:15:00Z,1787289300,0.71388,0.71401,0.71388,0.71388,71,9,0
2026-08-21T05:20:00Z,1787289600,0.71388,0.71389,0.71382,0.71387,50,9,0
2026-08-21T05:25:00Z,1787289900,0.71387,0.71389,0.71384,0.71387,39,9,0
2026-08-21T05:30:00Z,1787290200,0.71387,0.71406,0.71381,0.71405,66,9,0
2026-08-21T05:35:00Z,1787290500,0.71406,0.71415,0.71404,0.71413,63,9,0
2026-08-21T05:40:00Z,1787290800,0.71414,0.71432,0.71405,0.71432,76,9,0
2026-08-21T05:45:00Z,1787291100,0.71432,0.71432,0.7141,0.71424,92,9,0
2026-08-21T05:50:00Z,1787291400,0.71423,0.71452,0.71419,0.71434,122,9,0
2026-08-21T05:55:00Z,1787291700,0.71434,0.71455,0.71433,0.71445,72,9,0
2026-08-21T06:00:00Z,1787292000,0.71446,0.71446,0.71413,0.71418,129,9,0
2026-08-21T06:05:00Z,1787292300,0.71418,0.71433,0.71414,0.71431,116,9,0
2026-08-21T06:10:00Z,1787292600,0.7143,0.71438,0.71423,0.71434,94,9,0
2026-08-21T06:15:00Z,1787292900,0.71433,0.71447,0.71433,0.71441,72,9,0
2026-08-21T06:20:00Z,1787293200,0.71441,0.71442,0.714,0.71406,103,9,0
2026-08-21T06:25:00Z,1787293500,0.71404,0.71446,0.71401,0.71434,110,9,0
2026-08-21T06:30:00Z,1787293800,0.71435,0.71475,0.71434,0.71474,98,9,0
2026-08-21T06:35:00Z,1787294100,0.71474,0.71479,0.71453,0.71454,110,9,0
2026-08-21T06:40:00Z,1787294400,0.71454,0.71456,0.71433,0.71438,94,9,0
2026-08-21T06:45:00Z,1787294700,0.71438,0.71454,0.71422,0.71454,101,9,0
2026-08-21T06:50:00Z,1787295000,0.71452,0.71455,0.71441,0.71444,98,9,0
2026-08-21T06:55:00Z,1787295300,0.71446,0.71453,0.71435,0.71447,113,9,0
2026-08-21T07:00:00Z,1787295600,0.71448,0.71478,0.71448,0.71474,149,9,0
2026-08-21T07:05:00Z,1787295900,0.71473,0.71473,0.71439,0.71443,110,9,0
2026-08-21T07:10:00Z,1787296200,0.71443,0.71458,0.71442,0.71457,83,9,0
2026-08-21T07:15:00Z,1787296500,0.71457,0.71471,0.71449,0.71458,117,9,0
2026-08-21T07:20:00Z,1787296800,0.71458,0.71468,0.71449,0.71466,113,9,0
2026-08-21T07:25:00Z,1787297100,0.71466,0.71468,0.71448,0.71458,92,9,0
2026-08-21T07:30:00Z,1787297400,0.71456,0.71478,0.7145,0.71471,135,9,0
2026-08-21T07:35:00Z,1787297700,0.71472,0.71499,0.71467,0.71492,115,9,0
2026-08-21T07:40:00Z,1787298000,0.71492,0.715,0.71432,0.71464,245,9,0
2026-08-21T07:45:00Z,1787298300,0.71465,0.71495,0.71464,0.71494,146,9,0
2026-08-21T07:50:00Z,1787298600,0.71494,0.71503,0.71476,0.71479,116,9,0
2026-08-21T07:55:00Z,1787298900,0.71479,0.71502,0.71477,0.71502,137,9,0
2026-08-21T08:00:00Z,1787299200,0.71502,0.71513,0.71488,0.71505,124,9,0
2026-08-21T08:05:00Z,1787299500,0.71504,0.7151,0.71482,0.715,125,9,0
2026-08-21T08:10:00Z,1787299800,0.715,0.71537,0.715,0.71532,123,9,0
2026-08-21T08:15:00Z,1787300100,0.71532,0.71571,0.71529,0.71569,152,9,0
2026-08-21T08:20:00Z,1787300400,0.71567,0.71575,0.71555,0.71567,134,9,0
2026-08-21T08:25:00Z,1787300700,0.71566,0.71593,0.71565,0.71584,134,9,0
2026-08-21T08:30:00Z,1787301000,0.71586,0.71588,0.71564,0.71569,131,9,0
2026-08-21T08:35:00Z,1787301300,0.7157,0.71589,0.71569,0.71588,112,9,0
2026-08-21T08:40:00Z,1787301600,0.71588,0.71626,0.71584,0.71618,153,9,0
2026-08-21T08:45:00Z,1787301900,0.71618,0.71618,0.71587,0.71588,117,9,0
2026-08-21T08:50:00Z,1787302200,0.71588,0.71602,0.71583,0.71593,118,9,0
2026-08-21T08:55:00Z,1787302500,0.71593,0.71608,0.71593,0.71606,109,9,0
2026-08-21T09:00:00Z,1787302800,0.71607,0.7162,0.71604,0.71616,129,9,0
2026-08-21T09:05:00Z,1787303100,0.71616,0.71654,0.71601,0.71648,183,9,0
2026-08-21T09:10:00Z,1787303400,0.71648,0.71654,0.71632,0.71644,154,9,0
2026-08-21T09:15:00Z,1787303700,0.71645,0.71652,0.71616,0.71617,123,9,0
2026-08-21T09:20:00Z,1787304000,0.71616,0.71621,0.71588,0.71588,116,9,0
2026-08-21T09:25:00Z,1787304300,0.71589,0.71591,0.71572,0.71582,90,9,0
2026-08-21T09:30:00Z,1787304600,0.71582,0.71588,0.71574,0.71586,71,9,0
2026-08-21T09:35:00Z,1787304900,0.71586,0.71612,0.71571,0.71607,129,9,0
2026-08-21T09:40:00Z,1787305200,0.71607,0.71608,0.71592,0.71598,88,9,0
2026-08-21T09:45:00Z,1787305500,0.71598,0.71617,0.71594,0.71616,86,9,0
2026-08-21T09:50:00Z,1787305800,0.71616,0.71617,0.71602,0.71616,77,9,0
2026-08-21T09:55:00Z,1787306100,0.71616,0.71619,0.7158,0.71581,103,9,0
2026-08-21T10:00:00Z,1787306400,0.71581,0.71622,0.7158,0.71613,119,9,0
2026-08-21T10:05:00Z,1787306700,0.71612,0.71619,0.71604,0.71606,83,9,0
2026-08-21T10:10:00Z,1787307000,0.71605,0.71612,0.71594,0.71602,104,9,0
2026-08-21T10:15:00Z,1787307300,0.71602,0.71623,0.71599,0.71612,95,9,0
2026-08-21T10:20:00Z,1787307600,0.71612,0.71619,0.71593,0.71617,73,9,0
2026-08-21T10:25:00Z,1787307900,0.71618,0.71636,0.71617,0.71633,84,9,0
2026-08-21T10:30:00Z,1787308200,0.71634,0.71639,0.71625,0.71631,89,9,0
2026-08-21T10:35:00Z,1787308500,0.71631,0.71635,0.71618,0.71624,94,9,0
2026-08-21T10:40:00Z,1787308800,0.71624,0.71627,0.71616,0.71623,85,9,0
2026-08-21T10:45:00Z,1787309100,0.71624,0.71627,0.71609,0.7161,64,9,0
2026-08-21T10:50:00Z,1787309400,0.71609,0.71611,0.71581,0.71593,114,9,0
2026-08-21T10:55:00Z,1787309700,0.71594,0.71597,0.71578,0.71591,114,9,0
2026-08-21T11:00:00Z,1787310000,0.71591,0.71602,0.71587,0.71602,121,9,0
2026-08-21T11:05:00Z,1787310300,0.71602,0.71608,0.71582,0.71597,96,9,0
2026-08-21T11:10:00Z,1787310600,0.71597,0.71606,0.71595,0.71601,86,9,0
2026-08-21T11:15:00Z,1787310900,0.71601,0.71609,0.71596,0.71606,82,9,0
2026-08-21T11:20:00Z,1787311200,0.71606,0.7165,0.71603,0.71643,217,9,0
2026-08-21T11:25:00Z,1787311500,0.71641,0.71663,0.71629,0.71663,234,9,0
2026-08-21T11:30:00Z,1787311800,0.71663,0.71668,0.71607,0.71616,190,9,0
2026-08-21T11:35:00Z,1787312100,0.71616,0.71661,0.71615,0.7165,244,9,0
2026-08-21T11:40:00Z,1787312400,0.71649,0.71651,0.71633,0.71643,143,9,0
2026-08-21T11:45:00Z,1787312700,0.71643,0.71643,0.71621,0.71632,106,9,0
2026-08-21T11:50:00Z,1787313000,0.71632,0.71632,0.71615,0.71617,112,9,0
2026-08-21T11:55:00Z,1787313300,0.71619,0.71637,0.71617,0.71631,95,9,0
2026-08-21T12:00:00Z,1787313600,0.71631,0.71673,0.71631,0.71656,185,9,0
2026-08-21T12:05:00Z,1787313900,0.71656,0.71686,0.71656,0.71674,132,9,0
2026-08-21T12:10:00Z,1787314200,0.71674,0.71676,0.71658,0.71672,116,9,0
2026-08-21T12:15:00Z,1787314500,0.7167,0.71682,0.71654,0.71668,139,9,0
2026-08-21T12:20:00Z,1787314800,0.7167,0.71688,0.71661,0.71686,138,9,0
2026-08-21T12:25:00Z,1787315100,0.71685,0.71688,0.71672,0.71675,93,9,0
2026-08-21T12:30:00Z,1787315400,0.71675,0.71675,0.71633,0.71639,146,9,0
2026-08-21T12:35:00Z,1787315700,0.71639,0.7164,0.71598,0.71599,180,9,0
2026-08-21T12:40:00Z,1787316000,0.71598,0.71643,0.71594,0.7164,182,9,0
2026-08-21T12:45:00Z,1787316300,0.71641,0.71652,0.71641,0.71646,114,9,0
2026-08-21T12:50:00Z,1787316600,0.71648,0.71648,0.71632,0.71644,109,9,0
2026-08-21T12:55:00Z,1787316900,0.71644,0.71657,0.71635,0.71653,105,9,0
2026-08-21T13:00:00Z,1787317200,0.71653,0.71673,0.71647,0.71654,162,9,0
2026-08-21T13:05:00Z,1787317500,0.71654,0.71659,0.71629,0.71642,146,9,0
2026-08-21T13:10:00Z,1787317800,0.71642,0.71658,0.71639,0.71656,123,9,0
2026-08-21T13:15:00Z,1787318100,0.71656,0.71661,0.71627,0.71631,160,9,0
2026-08-21T13:20:00Z,1787318400,0.71632,0.71642,0.71623,0.71627,120,9,0
2026-08-21T13:25:00Z,1787318700,0.71627,0.71649,0.71624,0.71641,158,9,0
2026-08-21T13:30:00Z,1787319000,0.71641,0.71655,0.71599,0.71602,234,9,0
2026-08-21T13:35:00Z,1787319300,0.71602,0.71642,0.71602,0.71632,196,9,0
2026-08-21T13:40:00Z,1787319600,0.71631,0.71651,0.71623,0.7165,139,9,0
2026-08-21T13:45:00Z,1787319900,0.71648,0.71663,0.71632,0.71655,164,9,0
2026-08-21T13:50:00Z,1787320200,0.71655,0.71689,0.71648,0.71688,150,9,0
2026-08-21T13:55:00Z,1787320500,0.71689,0.71724,0.71689,0.71702,188,9,0
2026-08-21T14:00:00Z,1787320800,0.717,0.71704,0.71659,0.71681,213,9,0
2026-08-21T14:05:00Z,1787321100,0.71682,0.71686,0.7165,0.71667,187,9,0
2026-08-21T14:10:00Z,1787321400,0.71666,0.71674,0.71659,0.71672,160,9,0
2026-08-21T14:15:00Z,1787321700,0.71672,0.71682,0.71665,0.71673,131,9,0
2026-08-21T14:20:00Z,1787322000,0.71673,0.71674,0.71647,0.71657,146,9,0
2026-08-21T14:25:00Z,1787322300,0.71658,0.71679,0.71658,0.71672,122,9,0
2026-08-21T14:30:00Z,1787322600,0.71672,0.71679,0.71641,0.71641,215,9,0
2026-08-21T14:35:00Z,1787322900,0.71641,0.71652,0.71605,0.71615,217,9,0
2026-08-21T14:40:00Z,1787323200,0.71614,0.71639,0.71597,0.71609,205,9,0
2026-08-21T14:45:00Z,1787323500,0.7161,0.71643,0.71603,0.71643,177,9,0
2026-08-21T14:50:00Z,1787323800,0.71644,0.71658,0.71622,0.71624,201,9,0
2026-08-21T14:55:00Z,1787324100,0.71623,0.71643,0.71616,0.71632,200,9,0
2026-08-21T15:00:00Z,1787324400,0.71632,0.71683,0.71623,0.71681,224,9,0
2026-08-21T15:05:00Z,1787324700,0.71682,0.71685,0.71643,0.71648,177,9,0
2026-08-21T15:10:00Z,1787325000,0.71648,0.71671,0.71648,0.71652,161,9,0
2026-08-21T15:15:00Z,1787325300,0.71653,0.7167,0.71648,0.71661,168,9,0
2026-08-21T15:20:00Z,1787325600,0.71661,0.71681,0.71648,0.71673,161,9,0
2026-08-21T15:25:00Z,1787325900,0.71673,0.71712,0.7167,0.71697,150,9,0
2026-08-21T15:30:00Z,1787326200,0.71699,0.71725,0.71694,0.71725,137,9,0
2026-08-21T15:35:00Z,1787326500,0.71724,0.71732,0.71711,0.71724,129,9,0
2026-08-21T15:40:00Z,1787326800,0.71723,0.71764,0.71717,0.71755,160,9,0
2026-08-21T15:45:00Z,1787327100,0.71754,0.71764,0.71729,0.71729,105,9,0
2026-08-21T15:50:00Z,1787327400,0.71729,0.71755,0.71728,0.7175,103,9,0
2026-08-21T15:55:00Z,1787327700,0.71752,0.71757,0.71741,0.7175,110,9,0
2026-08-21T16:00:00Z,1787328000,0.7175,0.71758,0.71746,0.71756,111,9,0
2026-08-21T16:05:00Z,1787328300,0.71756,0.71758,0.7172,0.71728,137,9,0
2026-08-21T16:10:00Z,1787328600,0.7173,0.71741,0.71726,0.71729,95,9,0
2026-08-21T16:15:00Z,1787328900,0.71728,0.71732,0.71702,0.71706,115,9,0
2026-08-21T16:20:00Z,1787329200,0.71705,0.71764,0.71704,0.71715,303,9,0
2026-08-21T16:25:00Z,1787329500,0.71716,0.71724,0.71707,0.71716,100,9,0
2026-08-21T16:30:00Z,1787329800,0.71716,0.71726,0.71704,0.71719,96,9,0
2026-08-21T16:35:00Z,1787330100,0.71719,0.7173,0.71713,0.7173,69,9,0
2026-08-21T16:40:00Z,1787330400,0.7173,0.7173,0.7171,0.71716,90,9,0
2026-08-21T16:45:00Z,1787330700,0.71716,0.71725,0.71713,0.71724,77,9,0
2026-08-21T16:50:00Z,1787331000,0.71724,0.71726,0.71713,0.71715,73,9,0
2026-08-21T16:55:00Z,1787331300,0.71715,0.71723,0.71703,0.7172,83,9,0
2026-08-21T17:00:00Z,1787331600,0.7172,0.71735,0.71715,0.71731,107,9,0
2026-08-21T17:05:00Z,1787331900,0.71731,0.71743,0.71725,0.71743,88,9,0
2026-08-21T17:10:00Z,1787332200,0.71743,0.71749,0.71725,0.71731,104,9,0
2026-08-21T17:15:00Z,1787332500,0.71732,0.71748,0.71732,0.71744,97,9,0
2026-08-21T17:20:00Z,1787332800,0.71744,0.71745,0.71733,0.71735,68,9,0
2026-08-21T17:25:00Z,1787333100,0.71735,0.71754,0.71732,0.71749,64,9,0
2026-08-21T17:30:00Z,1787333400,0.71747,0.71762,0.71739,0.71762,82,9,0
2026-08-21T17:35:00Z,1787333700,0.71762,0.71785,0.71762,0.71764,95,9,0
2026-08-21T17:40:00Z,1787334000,0.71763,0.71769,0.71757,0.71758,67,9,0
2026-08-21T17:45:00Z,1787334300,0.71758,0.7176,0.71755,0.71756,63,9,0
2026-08-21T17:50:00Z,1787334600,0.71756,0.71767,0.71753,0.71757,78,9,0
2026-08-21T17:55:00Z,1787334900,0.71758,0.71772,0.71754,0.71769,58,9,0
2026-08-21T18:00:00Z,1787335200,0.71769,0.71795,0.71769,0.71794,68,9,0
2026-08-21T18:05:00Z,1787335500,0.71794,0.71796,0.71786,0.71786,68,9,0
2026-08-21T18:10:00Z,1787335800,0.71786,0.71786,0.71772,0.71772,59,9,0
2026-08-21T18:15:00Z,1787336100,0.71772,0.71777,0.71769,0.71773,59,9,0
2026-08-21T18:20:00Z,1787336400,0.71773,0.71777,0.71763,0.71774,53,9,0
2026-08-21T18:25:00Z,1787336700,0.71776,0.71787,0.7177,0.71772,55,9,0
2026-08-21T18:30:00Z,1787337000,0.71772,0.71775,0.71766,0.71773,64,9,0
2026-08-21T18:35:00Z,1787337300,0.71773,0.71781,0.71768,0.71773,67,9,0
2026-08-21T18:40:00Z,1787337600,0.71773,0.71774,0.71767,0.7177,33,9,0
2026-08-21T18:45:00Z,1787337900,0.7177,0.71778,0.7177,0.71774,45,9,0
2026-08-21T18:50:00Z,1787338200,0.71774,0.71775,0.71764,0.71774,35,9,0
2026-08-21T18:55:00Z,1787338500,0.71774,0.71778,0.71768,0.71777,49,9,0
2026-08-21T19:00:00Z,1787338800,0.71777,0.71785,0.71764,0.71764,94,9,0
2026-08-21T19:05:00Z,1787339100,0.71764,0.71767,0.71751,0.71751,86,9,0
2026-08-21T19:10:00Z,1787339400,0.71751,0.71758,0.71749,0.71758,57,9,0
2026-08-21T19:15:00Z,1787339700,0.71757,0.71757,0.71738,0.71745,72,9,0
2026-08-21T19:20:00Z,1787340000,0.71745,0.71745,0.71737,0.71739,46,9,0
2026-08-21T19:25:00Z,1787340300,0.71739,0.71739,0.71729,0.71733,51,9,0
2026-08-21T19:30:00Z,1787340600,0.71733,0.71733,0.71722,0.71726,78,9,0
2026-08-21T19:35:00Z,1787340900,0.71726,0.71731,0.71722,0.71731,61,9,0
2026-08-21T19:40:00Z,1787341200,0.7173,0.7173,0.71723,0.71728,52,9,0
2026-08-21T19:45:00Z,1787341500,0.71728,0.71754,0.71726,0.71754,52,9,0
2026-08-21T19:50:00Z,1787341800,0.71753,0.71754,0.71728,0.7173,65,9,0
2026-08-21T19:55:00Z,1787342100,0.7173,0.7173,0.71719,0.71722,87,9,0
2026-08-21T20:00:00Z,1787342400,0.71722,0.71729,0.71717,0.71729,51,9,0
2026-08-21T20:05:00Z,1787342700,0.71729,0.71729,0.71718,0.7172,36,9,0
2026-08-21T20:10:00Z,1787343000,0.7172,0.71729,0.71718,0.71729,27,9,0
2026-08-21T20:15:00Z,1787343300,0.71729,0.7173,0.71721,0.71722,22,9,0
2026-08-21T20:20:00Z,1787343600,0.71722,0.71727,0.7172,0.71725,30,9,0
2026-08-21T20:25:00Z,1787343900,0.71725,0.71726,0.71713,0.71713,20,9,0
2026-08-21T20:30:00Z,1787344200,0.71713,0.71713,0.71703,0.71705,33,9,0
2026-08-21T20:35:00Z,1787344500,0.71705,0.71714,0.71705,0.7171,29,9,0
2026-08-21T20:40:00Z,1787344800,0.7171,0.71711,0.71704,0.71708,31,9,0
2026-08-21T20:45:00Z,1787345100,0.71708,0.71708,0.717,0.717,61,9,0
2026-08-21T20:50:00Z,1787345400,0.71698,0.71702,0.71693,0.71698,56,9,0
2026-08-21T20:55:00Z,1787345700,0.71698,0.71701,0.71692,0.717,55,9,0
2026-08-23T21:05:00Z,1787519100,0.7159,0.71598,0.71571,0.71584,20,69,0
2026-08-23T21:10:00Z,1787519400,0.71585,0.71596,0.71577,0.71596,15,60,0
2026-08-23T21:15:00Z,1787519700,0.71597,0.71602,0.71587,0.716,25,56,0
2026-08-23T21:20:00Z,1787520000,0.71599,0.71606,0.71589,0.71606,39,64,0
2026-08-23T21:25:00Z,1787520300,0.71606,0.71621,0.71601,0.7162,67,47,0
2026-08-23T21:30:00Z,1787520600,0.71615,0.71624,0.71608,0.71615,122,49,0
2026-08-23T21:35:00Z,1787520900,0.71614,0.71629,0.71612,0.71629,44,36,0
2026-08-23T21:40:00Z,1787521200,0.71629,0.71629,0.71619,0.71625,57,34,0
2026-08-23T21:45:00Z,1787521500,0.71626,0.71632,0.71595,0.71596,50,33,0
2026-08-23T21:50:00Z,1787521800,0.71596,0.71625,0.71588,0.71621,85,31,0
2026-08-23T21:55:00Z,1787522100,0.71621,0.7163,0.71621,0.71621,26,25,0
2026-08-23T22:00:00Z,1787522400,0.71649,0.71678,0.71645,0.71677,117,9,0
2026-08-23T22:05:00Z,1787522700,0.71677,0.71681,0.71668,0.71681,45,9,0
2026-08-23T22:10:00Z,1787523000,0.71682,0.71695,0.71682,0.71695,31,9,0
2026-08-23T22:15:00Z,1787523300,0.71695,0.71695,0.71688,0.71693,33,9,0
2026-08-23T22:20:00Z,1787523600,0.71694,0.71698,0.71691,0.71691,25,9,0
2026-08-23T22:25:00Z,1787523900,0.71691,0.71691,0.71688,0.71688,14,9,0
2026-08-23T22:30:00Z,1787524200,0.71688,0.71704,0.71688,0.71694,47,9,0
2026-08-23T22:35:00Z,1787524500,0.71693,0.71694,0.71685,0.71693,50,9,0
2026-08-23T22:40:00Z,1787524800,0.71693,0.717,0.71693,0.71699,19,9,0
2026-08-23T22:45:00Z,1787525100,0.71699,0.71699,0.71693,0.71694,17,9,0
2026-08-23T22:50:00Z,1787525400,0.71694,0.71694,0.71692,0.71693,14,9,0
2026-08-23T22:55:00Z,1787525700,0.71693,0.71693,0.71685,0.71688,26,9,0
2026-08-23T23:00:00Z,1787526000,0.71688,0.7169,0.71678,0.71678,54,9,0
2026-08-23T23:05:00Z,1787526300,0.71678,0.7168,0.71671,0.7168,34,9,0
2026-08-23T23:10:00Z,1787526600,0.7168,0.71686,0.71678,0.71683,37,9,0
2026-08-23T23:15:00Z,1787526900,0.71683,0.71684,0.71676,0.71677,27,9,0
2026-08-23T23:20:00Z,1787527200,0.71677,0.71686,0.71677,0.71678,35,9,0
2026-08-23T23:25:00Z,1787527500,0.71677,0.71679,0.71675,0.71676,26,9,0
2026-08-23T23:30:00Z,1787527800,0.71676,0.71682,0.71675,0.71682,29,9,0
2026-08-23T23:35:00Z,1787528100,0.71682,0.71693,0.71681,0.71682,51,9,0
2026-08-23T23:40:00Z,1787528400,0.71682,0.71683,0.71671,0.71672,33,9,0
2026-08-23T23:45:00Z,1787528700,0.71672,0.71691,0.71672,0.71691,47,9,0
2026-08-23T23:50:00Z,1787529000,0.71691,0.71697,0.71684,0.71688,60,9,0
2026-08-23T23:55:00Z,1787529300,0.71688,0.71711,0.71688,0.7171,73,9,0
2026-08-24T00:00:00Z,1787529600,0.7171,0.71728,0.71706,0.71728,166,9,0
2026-08-24T00:05:00Z,1787529900,0.71728,0.71752,0.71728,0.71732,146,9,0
2026-08-24T00:10:00Z,1787530200,0.71731,0.71748,0.71728,0.71732,115,9,0
2026-08-24T00:15:00Z,1787530500,0.71732,0.71741,0.71717,0.71719,129,9,0
2026-08-24T00:20:00Z,1787530800,0.71719,0.71734,0.7171,0.71723,121,9,0
2026-08-24T00:25:00Z,1787531100,0.71723,0.71723,0.71691,0.7171,139,9,0
2026-08-24T00:30:00Z,1787531400,0.7171,0.71726,0.71703,0.71719,102,9,0
2026-08-24T00:35:00Z,1787531700,0.71717,0.71719,0.71697,0.71703,130,9,0
2026-08-24T00:40:00Z,1787532000,0.71702,0.71707,0.71693,0.71705,84,9,0
2026-08-24T00:45:00Z,1787532300,0.71704,0.71732,0.71701,0.71732,112,9,0
2026-08-24T00:50:00Z,1787532600,0.71733,0.71737,0.71719,0.71722,92,9,0
2026-08-24T00:55:00Z,1787532900,0.71723,0.71755,0.71722,0.71755,129,9,0
2026-08-24T01:00:00Z,1787533200,0.71753,0.71764,0.71727,0.71737,176,9,0
2026-08-24T01:05:00Z,1787533500,0.71738,0.7176,0.71733,0.71744,139,9,0
2026-08-24T01:10:00Z,1787533800,0.71744,0.71753,0.71718,0.71719,125,9,0
2026-08-24T01:15:00Z,1787534100,0.7172,0.71726,0.71699,0.717,158,9,0
2026-08-24T01:20:00Z,1787534400,0.717,0.717,0.71671,0.71692,146,9,0
2026-08-24T01:25:00Z,1787534700,0.71693,0.71694,0.71673,0.7168,142,9,0
2026-08-24T01:30:00Z,1787535000,0.7168,0.71681,0.7166,0.71674,133,9,0
2026-08-24T01:35:00Z,1787535300,0.71674,0.71674,0.71663,0.71667,104,9,0
2026-08-24T01:40:00Z,1787535600,0.71667,0.71674,0.71657,0.71658,83,9,0
2026-08-24T01:45:00Z,1787535900,0.71658,0.71667,0.71648,0.71665,111,9,0
2026-08-24T01:50:00Z,1787536200,0.71665,0.71692,0.71665,0.71678,136,9,0
2026-08-24T01:55:00Z,1787536500,0.71678,0.71678,0.7167,0.71672,106,9,0
2026-08-24T02:00:00Z,1787536800,0.71672,0.71679,0.71653,0.71677,141,9,0
2026-08-24T02:05:00Z,1787537100,0.71677,0.71687,0.71664,0.71686,131,9,0
2026-08-24T02:10:00Z,1787537400,0.71686,0.71704,0.71681,0.71702,112,9,0
2026-08-24T02:15:00Z,1787537700,0.71702,0.71714,0.717,0.71701,112,9,0
2026-08-24T02:20:00Z,1787538000,0.71701,0.71706,0.71697,0.71702,70,9,0
2026-08-24T02:25:00Z,1787538300,0.71702,0.7171,0.71683,0.71687,71,9,0
2026-08-24T02:30:00Z,1787538600,0.71687,0.71693,0.71671,0.71671,73,9,0
2026-08-24T02:35:00Z,1787538900,0.71671,0.71684,0.71667,0.71667,79,9,0
2026-08-24T02:40:00Z,1787539200,0.71667,0.71678,0.71662,0.71678,71,9,0
2026-08-24T02:45:00Z,1787539500,0.71677,0.71678,0.71633,0.71633,111,9,0
2026-08-24T02:50:00Z,1787539800,0.71633,0.71654,0.71633,0.71653,97,9,0
2026-08-24T02:55:00Z,1787540100,0.71654,0.71667,0.71652,0.71654,85,9,0
2026-08-24T03:00:00Z,1787540400,0.71654,0.7166,0.71631,0.71646,83,9,0
2026-08-24T03:05:00Z,1787540700,0.71646,0.71646,0.71632,0.71637,65,9,0
2026-08-24T03:10:00Z,1787541000,0.71635,0.71643,0.71619,0.71643,93,9,0
2026-08-24T03:15:00Z,1787541300,0.71643,0.71651,0.7164,0.71648,54,9,0
2026-08-24T03:20:00Z,1787541600,0.71648,0.71663,0.71639,0.71659,87,9,0
2026-08-24T03:25:00Z,1787541900,0.71659,0.71661,0.71643,0.71644,48,9,0
2026-08-24T03:30:00Z,1787542200,0.71644,0.71658,0.71642,0.71658,64,9,0
2026-08-24T03:35:00Z,1787542500,0.71659,0.71659,0.71644,0.71649,97,9,0
2026-08-24T03:40:00Z,1787542800,0.7165,0.71654,0.71635,0.71636,53,9,0
2026-08-24T03:45:00Z,1787543100,0.71636,0.71643,0.71633,0.71633,64,9,0
2026-08-24T03:50:00Z,1787543400,0.71634,0.71642,0.71631,0.7164,66,9,0
2026-08-24T03:55:00Z,1787543700,0.7164,0.71642,0.71628,0.71637,83,9,0
2026-08-24T04:00:00Z,1787544000,0.71637,0.71653,0.71637,0.71639,82,9,0
2026-08-24T04:05:00Z,1787544300,0.71638,0.71638,0.7162,0.71621,87,9,0
2026-08-24T04:10:00Z,1787544600,0.7162,0.71643,0.71617,0.71638,122,9,0
2026-08-24T04:15:00Z,1787544900,0.71638,0.71638,0.71624,0.71629,75,9,0
2026-08-24T04:20:00Z,1787545200,0.71629,0.71653,0.71617,0.71635,126,9,0
2026-08-24T04:25:00Z,1787545500,0.71635,0.71668,0.7163,0.71666,120,9,0
2026-08-24T04:30:00Z,1787545800,0.71665,0.71667,0.71649,0.71657,92,9,0
2026-08-24T04:35:00Z,1787546100,0.71657,0.71662,0.71651,0.71654,83,9,0
2026-08-24T04:40:00Z,1787546400,0.71654,0.71669,0.71651,0.71664,76,9,0
2026-08-24T04:45:00Z,1787546700,0.71664,0.71674,0.7166,0.71664,88,9,0
2026-08-24T04:50:00Z,1787547000,0.71664,0.71671,0.71663,0.71668,63,9,0
2026-08-24T04:55:00Z,1787547300,0.71669,0.71669,0.7166,0.71665,68,9,0
2026-08-24T05:00:00Z,1787547600,0.71665,0.71665,0.71657,0.71661,66,9,0
2026-08-24T05:05:00Z,1787547900,0.71661,0.7168,0.71661,0.71674,54,9,0
2026-08-24T05:10:00Z,1787548200,0.71674,0.71674,0.71664,0.71673,57,9,0
2026-08-24T05:15:00Z,1787548500,0.71673,0.71687,0.71671,0.71686,74,9,0
2026-08-24T05:20:00Z,1787548800,0.71686,0.71686,0.71663,0.71664,69,9,0
2026-08-24T05:25:00Z,1787549100,0.71664,0.71673,0.71664,0.71666,58,9,0
2026-08-24T05:30:00Z,1787549400,0.71666,0.71668,0.71646,0.71651,102,9,0
2026-08-24T05:35:00Z,1787549700,0.71652,0.71671,0.71651,0.71651,103,9,0
2026-08-24T05:40:00Z,1787550000,0.71651,0.71658,0.7165,0.71653,68,9,0
2026-08-24T05:45:00Z,1787550300,0.71653,0.71669,0.71653,0.71669,87,9,0
2026-08-24T05:50:00Z,1787550600,0.71669,0.71691,0.71664,0.71681,106,9,0
2026-08-24T05:55:00Z,1787550900,0.71681,0.71693,0.71681,0.71686,77,9,0
2026-08-24T06:00:00Z,1787551200,0.71686,0.71688,0.71667,0.71673,152,9,0
2026-08-24T06:05:00Z,1787551500,0.71673,0.71682,0.71663,0.7168,110,9,0
2026-08-24T06:10:00Z,1787551800,0.71679,0.7168,0.71656,0.71672,93,9,0
2026-08-24T06:15:00Z,1787552100,0.71673,0.71675,0.71651,0.71651,116,9,0
2026-08-24T06:20:00Z,1787552400,0.71651,0.71651,0.71628,0.71639,117,9,0
2026-08-24T06:25:00Z,1787552700,0.71639,0.71645,0.71627,0.71633,84,9,0
2026-08-24T06:30:00Z,1787553000,0.71633,0.71666,0.71632,0.71664,131,9,0
2026-08-24T06:35:00Z,1787553300,0.71665,0.71675,0.71664,0.71673,78,9,0
2026-08-24T06:40:00Z,1787553600,0.71674,0.71675,0.7166,0.71666,64,9,0
2026-08-24T06:45:00Z,1787553900,0.71666,0.71682,0.71652,0.71678,109,9,0
2026-08-24T06:50:00Z,1787554200,0.71679,0.7171,0.71679,0.717,120,9,0
2026-08-24T06:55:00Z,1787554500,0.71701,0.71701,0.71674,0.71683,122,9,0
2026-08-24T07:00:00Z,1787554800,0.71682,0.71709,0.7168,0.71693,152,9,0
2026-08-24T07:05:00Z,1787555100,0.71692,0.71692,0.71669,0.71672,119,9,0
2026-08-24T07:10:00Z,1787555400,0.71672,0.71683,0.71666,0.71676,105,9,0
2026-08-24T07:15:00Z,1787555700,0.71676,0.71677,0.71642,0.71652,133,9,0
2026-08-24T07:20:00Z,1787556000,0.71653,0.71676,0.71653,0.71661,111,9,0
2026-08-24T07:25:00Z,1787556300,0.71661,0.71664,0.71647,0.71659,124,9,0
2026-08-24T07:30:00Z,1787556600,0.71659,0.71665,0.71643,0.71664,129,9,0
2026-08-24T07:35:00Z,1787556900,0.71664,0.71669,0.71652,0.71654,77,9,0
2026-08-24T07:40:00Z,1787557200,0.71654,0.71655,0.71616,0.71624,152,9,0
2026-08-24T07:45:00Z,1787557500,0.71624,0.71644,0.71611,0.71633,144,9,0
2026-08-24T07:50:00Z,1787557800,0.71632,0.71649,0.71628,0.71649,156,9,0
2026-08-24T07:55:00Z,1787558100,0.7165,0.71651,0.71637,0.71637,121,9,0
2026-08-24T08:00:00Z,1787558400,0.71638,0.71641,0.71613,0.71627,169,9,0
2026-08-24T08:05:00Z,1787558700,0.71627,0.71653,0.71619,0.71631,168,9,0
2026-08-24T08:10:00Z,1787559000,0.71631,0.71634,0.71618,0.71619,128,9,0
2026-08-24T08:15:00Z,1787559300,0.71619,0.71624,0.71599,0.71612,148,9,0
2026-08-24T08:20:00Z,1787559600,0.71612,0.71617,0.71594,0.71599,100,9,0
2026-08-24T08:25:00Z,1787559900,0.71598,0.716,0.71586,0.71587,105,9,0
2026-08-24T08:30:00Z,1787560200,0.71587,0.71606,0.7158,0.71605,94,9,0
2026-08-24T08:35:00Z,1787560500,0.71605,0.71605,0.71591,0.71604,99,9,0
2026-08-24T08:40:00Z,1787560800,0.71604,0.71623,0.71602,0.71616,120,9,0
2026-08-24T08:45:00Z,1787561100,0.71617,0.71629,0.71605,0.71627,86,9,0
2026-08-24T08:50:00Z,1787561400,0.71627,0.71633,0.71617,0.71621,96,9,0
2026-08-24T08:55:00Z,1787561700,0.71621,0.71628,0.71598,0.71599,77,9,0
2026-08-24T09:00:00Z,1787562000,0.71599,0.7162,0.71598,0.71617,96,9,0
2026-08-24T09:05:00Z,1787562300,0.71617,0.71629,0.71612,0.71614,76,9,0
2026-08-24T09:10:00Z,1787562600,0.71613,0.71615,0.71605,0.71613,69,9,0
2026-08-24T09:15:00Z,1787562900,0.71613,0.71614,0.71598,0.71602,84,9,0
2026-08-24T09:20:00Z,1787563200,0.71602,0.71615,0.71599,0.71613,75,9,0
2026-08-24T09:25:00Z,1787563500,0.71613,0.71615,0.71604,0.71615,69,9,0
2026-08-24T09:30:00Z,1787563800,0.71615,0.71626,0.71613,0.71614,76,9,0
2026-08-24T09:35:00Z,1787564100,0.71614,0.71615,0.71602,0.71613,68,9,0
2026-08-24T09:40:00Z,1787564400,0.71613,0.71618,0.71605,0.71616,61,9,0
2026-08-24T09:45:00Z,1787564700,0.71617,0.71637,0.71617,0.71636,58,9,0
2026-08-24T09:50:00Z,1787565000,0.71636,0.71639,0.71628,0.71639,53,9,0
2026-08-24T09:55:00Z,1787565300,0.71641,0.71642,0.71621,0.71629,89,9,0
2026-08-24T10:00:00Z,1787565600,0.7163,0.71644,0.71629,0.71643,79,9,0
2026-08-24T10:05:00Z,1787565900,0.71643,0.71645,0.71629,0.7164,63,9,0
2026-08-24T10:10:00Z,1787566200,0.7164,0.71645,0.71637,0.71644,58,9,0
2026-08-24T10:15:00Z,1787566500,0.71645,0.7165,0.71635,0.71645,68,9,0
2026-08-24T10:20:00Z,1787566800,0.71645,0.71647,0.71637,0.71642,65,9,0
2026-08-24T10:25:00Z,1787567100,0.71643,0.71647,0.71637,0.71639,60,9,0
2026-08-24T10:30:00Z,1787567400,0.71639,0.71642,0.71631,0.71638,58,9,0
2026-08-24T10:35:00Z,1787567700,0.71639,0.7164,0.7163,0.71632,55,9,0
2026-08-24T10:40:00Z,1787568000,0.71632,0.71632,0.71603,0.71605,77,9,0
2026-08-24T10:45:00Z,1787568300,0.71605,0.71608,0.71591,0.71595,64,9,0
2026-08-24T10:50:00Z,1787568600,0.71595,0.71604,0.71591,0.71603,78,9,0
2026-08-24T10:55:00Z,1787568900,0.71603,0.71613,0.71594,0.71595,97,9,0
2026-08-24T11:00:00Z,1787569200,0.71595,0.71599,0.71575,0.71577,112,9,0
2026-08-24T11:05:00Z,1787569500,0.71578,0.71587,0.71572,0.71583,80,9,0
2026-08-24T11:10:00Z,1787569800,0.71583,0.71583,0.71572,0.71575,67,9,0
2026-08-24T11:15:00Z,1787570100,0.71575,0.71592,0.71571,0.71591,78,9,0
2026-08-24T11:20:00Z,1787570400,0.71591,0.71603,0.71585,0.71602,69,9,0
2026-08-24T11:25:00Z,1787570700,0.71602,0.71614,0.716,0.71602,80,9,0
2026-08-24T11:30:00Z,1787571000,0.71602,0.71632,0.71599,0.71622,146,9,0
2026-08-24T11:35:00Z,1787571300,0.71622,0.71688,0.71622,0.71654,452,9,0
2026-08-24T11:40:00Z,1787571600,0.71654,0.71672,0.71633,0.71635,163,9,0
2026-08-24T11:45:00Z,1787571900,0.71635,0.71642,0.71627,0.71629,133,9,0
2026-08-24T11:50:00Z,1787572200,0.71629,0.71648,0.71617,0.71648,137,9,0
2026-08-24T11:55:00Z,1787572500,0.71649,0.71655,0.71639,0.71642,107,9,0
2026-08-24T12:00:00Z,1787572800,0.71643,0.71643,0.716,0.71602,164,9,0
2026-08-24T12:05:00Z,1787573100,0.71602,0.71618,0.71591,0.71613,133,9,0
2026-08-24T12:10:00Z,1787573400,0.71613,0.71625,0.71603,0.71608,115,9,0
2026-08-24T12:15:00Z,1787573700,0.71608,0.71624,0.71603,0.71622,112,9,0
2026-08-24T12:20:00Z,1787574000,0.71622,0.71655,0.7162,0.71649,148,9,0
2026-08-24T12:25:00Z,1787574300,0.71648,0.71668,0.71643,0.71668,88,9,0
2026-08-24T12:30:00Z,1787574600,0.71667,0.71668,0.71604,0.71636,195,9,0
2026-08-24T12:35:00Z,1787574900,0.71636,0.71661,0.71635,0.71648,150,9,0
2026-08-24T12:40:00Z,1787575200,0.71649,0.71676,0.71618,0.71619,233,9,0
2026-08-24T12:45:00Z,1787575500,0.71619,0.71634,0.71609,0.71633,120,9,0
2026-08-24T12:50:00Z,1787575800,0.71633,0.71644,0.71629,0.71633,89,9,0
2026-08-24T12:55:00Z,1787576100,0.71634,0.71634,0.71614,0.71616,88,9,0
2026-08-24T13:00:00Z,1787576400,0.71616,0.71636,0.71615,0.71623,131,9,0
2026-08-24T13:05:00Z,1787576700,0.71624,0.71633,0.71622,0.71632,125,9,0
2026-08-24T13:10:00Z,1787577000,0.71632,0.71659,0.71632,0.71654,148,9,0
2026-08-24T13:15:00Z,1787577300,0.71653,0.71668,0.71645,0.71665,127,9,0
2026-08-24T13:20:00Z,1787577600,0.71665,0.71673,0.71656,0.71664,113,9,0
2026-08-24T13:25:00Z,1787577900,0.71664,0.71669,0.71653,0.71653,114,9,0
2026-08-24T13:30:00Z,1787578200,0.71654,0.7167,0.71645,0.71669,170,9,0
2026-08-24T13:35:00Z,1787578500,0.71667,0.71672,0.71627,0.71647,219,9,0
2026-08-24T13:40:00Z,1787578800,0.71647,0.71664,0.71614,0.71614,196,9,0
2026-08-24T13:45:00Z,1787579100,0.71616,0.71658,0.71616,0.71641,195,9,0
2026-08-24T13:50:00Z,1787579400,0.71641,0.71649,0.71597,0.71621,169,9,0
2026-08-24T13:55:00Z,1787579700,0.71622,0.71638,0.71602,0.71638,190,9,0
2026-08-24T14:00:00Z,1787580000,0.71637,0.71638,0.71607,0.71616,195,9,0
2026-08-24T14:05:00Z,1787580300,0.71616,0.71619,0.71594,0.71609,158,9,0
2026-08-24T14:10:00Z,1787580600,0.71609,0.7162,0.71604,0.71618,146,9,0
2026-08-24T14:15:00Z,1787580900,0.71618,0.71618,0.71582,0.71615,180,9,0
2026-08-24T14:20:00Z,1787581200,0.71616,0.71621,0.71606,0.71613,106,9,0
2026-08-24T14:25:00Z,1787581500,0.71614,0.71627,0.71612,0.71613,145,9,0
2026-08-24T14:30:00Z,1787581800,0.71613,0.71616,0.71591,0.716,175,9,0
2026-08-24T14:35:00Z,1787582100,0.71602,0.71613,0.71588,0.71594,157,9,0
2026-08-24T14:40:00Z,1787582400,0.71594,0.71598,0.71565,0.71571,116,9,0
2026-08-24T14:45:00Z,1787582700,0.71572,0.71588,0.71566,0.71568,122,9,0
2026-08-24T14:50:00Z,1787583000,0.71568,0.71569,0.71536,0.71548,148,9,0
2026-08-24T14:55:00Z,1787583300,0.71549,0.71559,0.71527,0.71531,172,9,0
2026-08-24T15:00:00Z,1787583600,0.71532,0.71558,0.71527,0.71553,156,9,0
2026-08-24T15:05:00Z,1787583900,0.71554,0.71559,0.71534,0.71534,132,9,0
2026-08-24T15:10:00Z,1787584200,0.71533,0.71539,0.71524,0.71532,92,9,0
2026-08-24T15:15:00Z,1787584500,0.71532,0.71535,0.71514,0.71519,138,9,0
2026-08-24T15:20:00Z,1787584800,0.71519,0.71528,0.7151,0.71528,100,9,0
2026-08-24T15:25:00Z,1787585100,0.7153,0.71571,0.7153,0.71554,220,9,0
2026-08-24T15:30:00Z,1787585400,0.71555,0.71559,0.71524,0.71533,200,9,0
2026-08-24T15:35:00Z,1787585700,0.71534,0.71549,0.71527,0.71528,121,9,0
2026-08-24T15:40:00Z,1787586000,0.71528,0.71549,0.71525,0.71529,141,9,0
2026-08-24T15:45:00Z,1787586300,0.71528,0.71545,0.71512,0.71516,136,9,0
2026-08-24T15:50:00Z,1787586600,0.71516,0.71523,0.71506,0.71514,114,9,0
2026-08-24T15:55:00Z,1787586900,0.71514,0.71516,0.7149,0.715,112,9,0
2026-08-24T16:00:00Z,1787587200,0.71501,0.71538,0.71497,0.71516,290,9,0
2026-08-24T16:05:00Z,1787587500,0.71515,0.7153,0.71502,0.71503,132,9,0
2026-08-24T16:10:00Z,1787587800,0.71504,0.71515,0.71498,0.71508,105,9,0
2026-08-24T16:15:00Z,1787588100,0.71508,0.71518,0.71496,0.71512,90,9,0
2026-08-24T16:20:00Z,1787588400,0.71511,0.71516,0.71507,0.71513,72,9,0
2026-08-24T16:25:00Z,1787588700,0.71515,0.71523,0.71507,0.71508,73,9,0
2026-08-24T16:30:00Z,1787589000,0.71509,0.71514,0.71497,0.71498,69,9,0
2026-08-24T16:35:00Z,1787589300,0.71498,0.71514,0.71495,0.71496,67,9,0
2026-08-24T16:40:00Z,1787589600,0.71496,0.71499,0.71491,0.71499,66,9,0
2026-08-24T16:45:00Z,1787589900,0.71499,0.71503,0.71486,0.7149,77,9,0
2026-08-24T16:50:00Z,1787590200,0.71491,0.71507,0.71486,0.71497,66,9,0
2026-08-24T16:55:00Z,1787590500,0.71497,0.71498,0.71486,0.71488,107,9,0
2026-08-24T17:00:00Z,1787590800,0.71489,0.71493,0.71476,0.71476,113,9,0
2026-08-24T17:05:00Z,1787591100,0.71476,0.71519,0.71469,0.71493,221,9,0
2026-08-24T17:10:00Z,1787591400,0.71492,0.71501,0.71477,0.71483,143,9,0
2026-08-24T17:15:00Z,1787591700,0.71484,0.71491,0.7147,0.71479,167,9,0
2026-08-24T17:20:00Z,1787592000,0.71479,0.71479,0.71431,0.71435,207,9,0
2026-08-24T17:25:00Z,1787592300,0.71435,0.71448,0.71426,0.71436,147,9,0
2026-08-24T17:30:00Z,1787592600,0.71438,0.71453,0.71435,0.71438,115,9,0
2026-08-24T17:35:00Z,1787592900,0.71438,0.71442,0.71433,0.71437,83,9,0
2026-08-24T17:40:00Z,1787593200,0.71438,0.71441,0.71428,0.71428,72,9,0
2026-08-24T17:45:00Z,1787593500,0.71427,0.71428,0.71413,0.71418,93,9,0
2026-08-24T17:50:00Z,1787593800,0.71418,0.71432,0.71406,0.71416,94,9,0
2026-08-24T17:55:00Z,1787594100,0.71417,0.71429,0.71401,0.71427,98,9,0
2026-08-24T18:00:00Z,1787594400,0.71427,0.71437,0.71423,0.71434,88,9,0
2026-08-24T18:05:00Z,1787594700,0.71434,0.71436,0.71422,0.71435,105,9,0
2026-08-24T18:10:00Z,1787595000,0.71435,0.71448,0.71432,0.71444,81,9,0
2026-08-24T18:15:00Z,1787595300,0.71444,0.71473,0.71444,0.71469,124,9,0
2026-08-24T18:20:00Z,1787595600,0.71469,0.71488,0.71468,0.71482,75,9,0
2026-08-24T18:25:00Z,1787595900,0.71482,0.715,0.71482,0.71499,86,9,0
2026-08-24T18:30:00Z,1787596200,0.71497,0.71504,0.71477,0.71481,89,9,0
2026-08-24T18:35:00Z,1787596500,0.71481,0.71482,0.7146,0.71465,78,9,0
2026-08-24T18:40:00Z,1787596800,0.71466,0.71486,0.71466,0.71483,53,9,0
2026-08-24T18:45:00Z,1787597100,0.71482,0.71483,0.71468,0.71475,80,9,0
2026-08-24T18:50:00Z,1787597400,0.71476,0.71477,0.71468,0.71475,81,9,0
2026-08-24T18:55:00Z,1787597700,0.71476,0.71478,0.71455,0.71473,99,9,0
2026-08-24T19:00:00Z,1787598000,0.71471,0.7148,0.71468,0.7147,69,9,0
2026-08-24T19:05:00Z,1787598300,0.71471,0.71471,0.71459,0.71459,53,9,0
2026-08-24T19:10:00Z,1787598600,0.7146,0.71471,0.7146,0.71467,40,9,0
2026-08-24T19:15:00Z,1787598900,0.71467,0.7147,0.71463,0.71467,42,9,0
2026-08-24T19:20:00Z,1787599200,0.71467,0.71475,0.71464,0.71464,48,9,0
2026-08-24T19:25:00Z,1787599500,0.71464,0.71467,0.71458,0.71461,52,9,0
2026-08-24T19:30:00Z,1787599800,0.71461,0.71468,0.71458,0.71467,55,9,0
2026-08-24T19:35:00Z,1787600100,0.71467,0.71468,0.71462,0.71462,21,9,0
2026-08-24T19:40:00Z,1787600400,0.71462,0.71476,0.71462,0.71473,48,9,0
2026-08-24T19:45:00Z,1787600700,0.71473,0.71486,0.71471,0.71486,53,9,0
2026-08-24T19:50:00Z,1787601000,0.71485,0.71488,0.71474,0.71479,40,9,0
2026-08-24T19:55:00Z,1787601300,0.71478,0.71482,0.71471,0.71478,71,9,0
2026-08-24T20:00:00Z,1787601600,0.71478,0.71485,0.71473,0.71484,51,9,0
2026-08-24T20:05:00Z,1787601900,0.71484,0.71491,0.71484,0.71487,28,9,0
2026-08-24T20:10:00Z,1787602200,0.71487,0.71491,0.71486,0.71489,18,9,0
2026-08-24T20:15:00Z,1787602500,0.71489,0.71491,0.71488,0.71488,23,9,0
2026-08-24T20:20:00Z,1787602800,0.71488,0.71489,0.71484,0.71484,13,9,0
2026-08-24T20:25:00Z,1787603100,0.71484,0.71484,0.71482,0.71484,15,9,0
2026-08-24T20:30:00Z,1787603400,0.71484,0.71484,0.71481,0.71481,14,9,0
2026-08-24T20:35:00Z,1787603700,0.71481,0.71487,0.71477,0.71486,21,9,0
2026-08-24T20:40:00Z,1787604000,0.71486,0.71486,0.71482,0.71482,10,9,0
2026-08-24T20:45:00Z,1787604300,0.71482,0.71494,0.71482,0.71492,29,9,0
2026-08-24T20:50:00Z,1787604600,0.71493,0.71495,0.7149,0.71494,19,9,0
2026-08-24T20:55:00Z,1787604900,0.71495,0.715,0.71489,0.71495,56,9,0
2026-08-24T21:00:00Z,1787605200,0.71496,0.71496,0.71494,0.71495,6,14,0
2026-08-24T21:05:00Z,1787605500,0.71494,0.71496,0.71482,0.71483,40,15,0
2026-08-24T21:10:00Z,1787605800,0.71484,0.71484,0.71469,0.7148,61,32,0
2026-08-24T21:15:00Z,1787606100,0.71483,0.71487,0.71477,0.71483,62,26,0
2026-08-24T21:20:00Z,1787606400,0.71484,0.71489,0.71482,0.71485,45,20,0
2026-08-24T21:25:00Z,1787606700,0.71484,0.71488,0.71481,0.71486,31,22,0
2026-08-24T21:30:00Z,1787607000,0.71486,0.71489,0.71484,0.71485,32,24,0
2026-08-24T21:35:00Z,1787607300,0.71485,0.71489,0.71484,0.71488,31,20,0
2026-08-24T21:40:00Z,1787607600,0.71488,0.71488,0.71486,0.71488,19,20,0
2026-08-24T21:45:00Z,1787607900,0.71487,0.71488,0.71483,0.71484,19,20,0
2026-08-24T21:50:00Z,1787608200,0.71484,0.71489,0.71483,0.71488,26,22,0
2026-08-24T21:55:00Z,1787608500,0.71489,0.7149,0.71489,0.71489,7,19,0
2026-08-24T22:00:00Z,1787608800,0.7149,0.71502,0.71484,0.71485,47,9,0
2026-08-24T22:05:00Z,1787609100,0.71484,0.71489,0.71484,0.71487,19,9,0
2026-08-24T22:10:00Z,1787609400,0.71487,0.7149,0.71485,0.7149,17,9,0
2026-08-24T22:15:00Z,1787609700,0.7149,0.71495,0.7149,0.71495,23,9,0
2026-08-24T22:20:00Z,1787610000,0.71495,0.71497,0.71493,0.71495,16,9,0
2026-08-24T22:25:00Z,1787610300,0.71495,0.71495,0.7149,0.71491,19,9,0
2026-08-24T22:30:00Z,1787610600,0.71491,0.71497,0.71491,0.71497,23,9,0
2026-08-24T22:35:00Z,1787610900,0.71497,0.71501,0.71497,0.71501,21,9,0
2026-08-24T22:40:00Z,1787611200,0.71501,0.71501,0.71491,0.715,31,9,0
2026-08-24T22:45:00Z,1787611500,0.715,0.71501,0.71497,0.71497,17,9,0
2026-08-24T22:50:00Z,1787611800,0.71497,0.71498,0.71496,0.71497,15,9,0
2026-08-24T22:55:00Z,1787612100,0.71497,0.71498,0.71497,0.71497,7,9,0
2026-08-24T23:00:00Z,1787612400,0.71498,0.71502,0.71486,0.71487,40,9,0
2026-08-24T23:05:00Z,1787612700,0.71487,0.71492,0.71487,0.7149,23,9,0
2026-08-24T23:10:00Z,1787613000,0.7149,0.71492,0.71489,0.71492,16,9,0
2026-08-24T23:15:00Z,1787613300,0.71492,0.71497,0.71491,0.71491,19,9,0
2026-08-24T23:20:00Z,1787613600,0.71491,0.71494,0.7149,0.7149,22,9,0
2026-08-24T23:25:00Z,1787613900,0.7149,0.7149,0.71486,0.71486,12,9,0
2026-08-24T23:30:00Z,1787614200,0.71486,0.71499,0.71486,0.71499,30,9,0
2026-08-24T23:35:00Z,1787614500,0.71499,0.71501,0.71497,0.715,31,9,0
2026-08-24T23:40:00Z,1787614800,0.715,0.71511,0.71499,0.71511,30,9,0
2026-08-24T23:45:00Z,1787615100,0.71511,0.71523,0.71511,0.71517,29,9,0
2026-08-24T23:50:00Z,1787615400,0.71516,0.71538,0.71516,0.71536,58,9,0
2026-08-24T23:55:00Z,1787615700,0.71536,0.71544,0.71533,0.71536,57,9,0
2026-08-25T00:00:00Z,1787616000,0.71536,0.71556,0.71534,0.71535,114,9,0
2026-08-25T00:05:00Z,1787616300,0.71535,0.71561,0.71534,0.71545,104,9,0
2026-08-25T00:10:00Z,1787616600,0.71545,0.7157,0.71544,0.71561,104,9,0
2026-08-25T00:15:00Z,1787616900,0.71561,0.71561,0.71546,0.71549,77,9,0
2026-08-25T00:20:00Z,1787617200,0.71549,0.71562,0.71542,0.71553,100,9,0
2026-08-25T00:25:00Z,1787617500,0.71553,0.71563,0.71545,0.71562,85,9,0
2026-08-25T00:30:00Z,1787617800,0.71563,0.71573,0.71551,0.71572,108,9,0
2026-08-25T00:35:00Z,1787618100,0.71573,0.71585,0.71572,0.7158,62,9,0
2026-08-25T00:40:00Z,1787618400,0.7158,0.71586,0.71569,0.71579,88,9,0
2026-08-25T00:45:00Z,1787618700,0.71579,0.71586,0.71558,0.71565,90,9,0
2026-08-25T00:50:00Z,1787619000,0.71566,0.71571,0.71542,0.71546,112,9,0
2026-08-25T00:55:00Z,1787619300,0.71547,0.71579,0.71541,0.71577,106,9,0
2026-08-25T01:00:00Z,1787619600,0.71577,0.71577,0.71545,0.71561,149,9,0
2026-08-25T01:05:00Z,1787619900,0.71559,0.71572,0.7155,0.71564,124,9,0
2026-08-25T01:10:00Z,1787620200,0.71564,0.71585,0.71557,0.71579,123,9,0
2026-08-25T01:15:00Z,1787620500,0.7158,0.7158,0.7155,0.71561,130,9,0
2026-08-25T01:20:00Z,1787620800,0.71562,0.71563,0.71533,0.71535,87,9,0
2026-08-25T01:25:00Z,1787621100,0.71535,0.71562,0.71524,0.71559,96,9,0
2026-08-25T01:30:00Z,1787621400,0.7156,0.7156,0.71524,0.71526,128,9,0
2026-08-25T01:35:00Z,1787621700,0.71526,0.71553,0.71522,0.71551,100,9,0
2026-08-25T01:40:00Z,1787622000,0.7155,0.71566,0.71536,0.7154,105,9,0
2026-08-25T01:45:00Z,1787622300,0.7154,0.7155,0.71526,0.7155,90,9,0
2026-08-25T01:50:00Z,1787622600,0.7155,0.7155,0.71526,0.71528,98,9,0
2026-08-25T01:55:00Z,1787622900,0.71528,0.71534,0.71508,0.71517,112,9,0
2026-08-25T02:00:00Z,1787623200,0.71517,0.71532,0.7151,0.71524,118,9,0
2026-08-25T02:05:00Z,1787623500,0.71523,0.71537,0.7151,0.71536,141,9,0
2026-08-25T02:10:00Z,1787623800,0.71536,0.71541,0.7153,0.71536,91,9,0
2026-08-25T02:15:00Z,1787624100,0.71537,0.71539,0.71527,0.71532,83,9,0
2026-08-25T02:20:00Z,1787624400,0.71532,0.71544,0.71526,0.71542,62,9,0
2026-08-25T02:25:00Z,1787624700,0.71544,0.71548,0.71534,0.71548,62,9,0
2026-08-25T02:30:00Z,1787625000,0.71547,0.71548,0.71518,0.71521,112,9,0
2026-08-25T02:35:00Z,1787625300,0.71521,0.71537,0.71521,0.71537,98,9,0
2026-08-25T02:40:00Z,1787625600,0.71536,0.71562,0.71536,0.71546,103,9,0
2026-08-25T02:45:00Z,1787625900,0.71545,0.71557,0.7154,0.71542,109,9,0
2026-08-25T02:50:00Z,1787626200,0.71542,0.71546,0.71527,0.71545,144,9,0
2026-08-25T02:55:00Z,1787626500,0.71545,0.71545,0.71512,0.71521,103,9,0
2026-08-25T03:00:00Z,1787626800,0.71523,0.71534,0.71512,0.7152,109,9,0
2026-08-25T03:05:00Z,1787627100,0.7152,0.71562,0.71518,0.71562,117,9,0
2026-08-25T03:10:00Z,1787627400,0.71561,0.71566,0.71536,0.71538,106,9,0
2026-08-25T03:15:00Z,1787627700,0.71538,0.71555,0.71535,0.71554,80,9,0
2026-08-25T03:20:00Z,1787628000,0.71554,0.71554,0.7154,0.71541,64,9,0
2026-08-25T03:25:00Z,1787628300,0.71541,0.71559,0.71541,0.71544,91,9,0
2026-08-25T03:30:00Z,1787628600,0.71544,0.71552,0.71536,0.7155,68,9,0
2026-08-25T03:35:00Z,1787628900,0.71549,0.71556,0.71527,0.71527,79,9,0
2026-08-25T03:40:00Z,1787629200,0.71528,0.71545,0.71525,0.71531,82,9,0
2026-08-25T03:45:00Z,1787629500,0.71531,0.71531,0.71517,0.71518,53,9,0
2026-08-25T03:50:00Z,1787629800,0.71516,0.71516,0.71505,0.71511,56,9,0
2026-08-25T03:55:00Z,1787630100,0.71511,0.71517,0.71504,0.71505,59,9,0
2026-08-25T04:00:00Z,1787630400,0.71505,0.71507,0.7149,0.71496,69,9,0
2026-08-25T04:05:00Z,1787630700,0.71498,0.71498,0.71472,0.71472,83,9,0
2026-08-25T04:10:00Z,1787631000,0.71473,0.71493,0.71467,0.71492,77,9,0
2026-08-25T04:15:00Z,1787631300,0.71491,0.71491,0.71475,0.71475,52,9,0
2026-08-25T04:20:00Z,1787631600,0.71475,0.71475,0.71463,0.71465,23,9,0
2026-08-25T04:25:00Z,1787631900,0.71466,0.71471,0.71454,0.71464,60,9,0
2026-08-25T04:30:00Z,1787632200,0.71464,0.71475,0.71458,0.71475,60,9,0
2026-08-25T04:35:00Z,1787632500,0.71474,0.71485,0.71472,0.71484,49,9,0
2026-08-25T04:40:00Z,1787632800,0.71484,0.71486,0.71473,0.71475,53,9,0
2026-08-25T04:45:00Z,1787633100,0.71475,0.71478,0.71467,0.71477,64,9,0
2026-08-25T04:50:00Z,1787633400,0.71477,0.71482,0.71471,0.71478,50,9,0
2026-08-25T04:55:00Z,1787633700,0.71478,0.71488,0.71477,0.71487,48,9,0
2026-08-25T05:00:00Z,1787634000,0.71487,0.71501,0.71482,0.71497,77,9,0
2026-08-25T05:05:00Z,1787634300,0.71497,0.71513,0.71495,0.71509,55,9,0
2026-08-25T05:10:00Z,1787634600,0.71509,0.71513,0.71497,0.71501,57,9,0
2026-08-25T05:15:00Z,1787634900,0.71501,0.71507,0.71501,0.71504,48,9,0
2026-08-25T05:20:00Z,1787635200,0.71504,0.71506,0.71499,0.71505,42,9,0
2026-08-25T05:25:00Z,1787635500,0.71505,0.71525,0.71505,0.7152,57,9,0
2026-08-25T05:30:00Z,1787635800,0.71522,0.71525,0.71514,0.71524,86,9,0
2026-08-25T05:35:00Z,1787636100,0.71524,0.71526,0.71515,0.71516,55,9,0
2026-08-25T05:40:00Z,1787636400,0.71516,0.71522,0.71501,0.71501,74,9,0
2026-08-25T05:45:00Z,1787636700,0.71501,0.71512,0.71495,0.71498,65,9,0
2026-08-25T05:50:00Z,1787637000,0.71498,0.71507,0.71491,0.71505,72,9,0
2026-08-25T05:55:00Z,1787637300,0.71506,0.71509,0.71472,0.71481,116,9,0
2026-08-25T06:00:00Z,1787637600,0.71482,0.71506,0.71482,0.71487,156,9,0
2026-08-25T06:05:00Z,1787637900,0.71488,0.71489,0.71475,0.71478,97,9,0
2026-08-25T06:10:00Z,1787638200,0.71478,0.71499,0.71478,0.71494,80,9,0
2026-08-25T06:15:00Z,1787638500,0.71493,0.71494,0.7148,0.71481,67,9,0
2026-08-25T06:20:00Z,1787638800,0.71481,0.71483,0.71469,0.71476,73,9,0
2026-08-25T06:25:00Z,1787639100,0.71476,0.7148,0.71472,0.71477,75,9,0
2026-08-25T06:30:00Z,1787639400,0.71477,0.71504,0.71472,0.71479,123,9,0
2026-08-25T06:35:00Z,1787639700,0.71478,0.71478,0.71448,0.71449,87,9,0
2026-08-25T06:40:00Z,1787640000,0.71449,0.71459,0.71444,0.71447,68,9,0
2026-08-25T06:45:00Z,1787640300,0.71447,0.71447,0.71439,0.71444,46,9,0
2026-08-25T06:50:00Z,1787640600,0.71444,0.71444,0.71424,0.71433,96,9,0
2026-08-25T06:55:00Z,1787640900,0.71433,0.71444,0.71426,0.71443,83,9,0
2026-08-25T07:00:00Z,1787641200,0.71441,0.71453,0.71436,0.71453,142,9,0
2026-08-25T07:05:00Z,1787641500,0.71454,0.7146,0.71434,0.71446,103,9,0
2026-08-25T07:10:00Z,1787641800,0.71446,0.71457,0.71438,0.71446,78,9,0
2026-08-25T07:15:00Z,1787642100,0.71446,0.71469,0.71446,0.71465,98,9,0
2026-08-25T07:20:00Z,1787642400,0.71465,0.71472,0.71458,0.71466,82,9,0
2026-08-25T07:25:00Z,1787642700,0.71466,0.71477,0.7146,0.7146,67,9,0
2026-08-25T07:30:00Z,1787643000,0.7146,0.71461,0.71444,0.71448,85,9,0
2026-08-25T07:35:00Z,1787643300,0.71448,0.7145,0.7143,0.71439,95,9,0
2026-08-25T07:40:00Z,1787643600,0.71439,0.7144,0.71423,0.71431,73,9,0
2026-08-25T07:45:00Z,1787643900,0.71432,0.71441,0.71421,0.71432,92,9,0
2026-08-25T07:50:00Z,1787644200,0.71432,0.71447,0.71428,0.71444,99,9,0
2026-08-25T07:55:00Z,1787644500,0.71445,0.71447,0.71432,0.71432,77,9,0
2026-08-25T08:00:00Z,1787644800,0.71434,0.71446,0.71408,0.71408,134,9,0
2026-08-25T08:05:00Z,1787645100,0.71408,0.71415,0.71399,0.71402,107,9,0
2026-08-25T08:10:00Z,1787645400,0.71402,0.71402,0.71373,0.71397,157,9,0
2026-08-25T08:15:00Z,1787645700,0.71397,0.7143,0.71397,0.71428,121,9,0
2026-08-25T08:20:00Z,1787646000,0.71427,0.71505,0.71411,0.71495,340,9,0
2026-08-25T08:25:00Z,1787646300,0.71492,0.71496,0.71449,0.7146,267,9,0
2026-08-25T08:30:00Z,1787646600,0.71458,0.71459,0.71431,0.71451,151,9,0
2026-08-25T08:35:00Z,1787646900,0.71451,0.71463,0.71446,0.71448,143,9,0
2026-08-25T08:40:00Z,1787647200,0.71446,0.71458,0.71446,0.71457,111,9,0
2026-08-25T08:45:00Z,1787647500,0.71458,0.71475,0.71455,0.71455,118,9,0
2026-08-25T08:50:00Z,1787647800,0.71455,0.71478,0.71455,0.71465,81,9,0
2026-08-25T08:55:00Z,1787648100,0.71465,0.71483,0.71464,0.71482,111,9,0
2026-08-25T09:00:00Z,1787648400,0.71482,0.71494,0.71475,0.71492,134,9,0
2026-08-25T09:05:00Z,1787648700,0.71493,0.71512,0.71484,0.71511,114,9,0
2026-08-25T09:10:00Z,1787649000,0.71511,0.71518,0.71497,0.71504,126,9,0
2026-08-25T09:15:00Z,1787649300,0.71504,0.7151,0.71497,0.71503,99,9,0
2026-08-25T09:20:00Z,1787649600,0.71503,0.71516,0.715,0.71501,104,9,0
2026-08-25T09:25:00Z,1787649900,0.71502,0.71505,0.7148,0.71487,81,9,0
2026-08-25T09:30:00Z,1787650200,0.71487,0.71542,0.71478,0.7154,223,9,0
2026-08-25T09:35:00Z,1787650500,0.71541,0.71543,0.7151,0.71512,213,9,0
2026-08-25T09:40:00Z,1787650800,0.71513,0.71536,0.71513,0.71526,116,9,0
2026-08-25T09:45:00Z,1787651100,0.71525,0.7155,0.71521,0.71548,127,9,0
2026-08-25T09:50:00Z,1787651400,0.71548,0.71561,0.71546,0.71546,109,9,0
2026-08-25T09:55:00Z,1787651700,0.71545,0.71565,0.71537,0.71538,110,9,0
2026-08-25T10:00:00Z,1787652000,0.71538,0.71538,0.71508,0.7151,102,9,0
2026-08-25T10:05:00Z,1787652300,0.71511,0.71524,0.7151,0.71515,88,9,0
2026-08-25T10:10:00Z,1787652600,0.71515,0.71521,0.71503,0.71512,74,9,0
2026-08-25T10:15:00Z,1787652900,0.71511,0.71518,0.71506,0.71508,74,9,0
2026-08-25T10:20:00Z,1787653200,0.71508,0.71511,0.71492,0.71493,73,9,0
2026-08-25T10:25:00Z,1787653500,0.71493,0.71508,0.71492,0.71501,68,9,0
2026-08-25T10:30:00Z,1787653800,0.71501,0.71516,0.715,0.715,85,9,0
2026-08-25T10:35:00Z,1787654100,0.715,0.71518,0.71496,0.71514,71,9,0
2026-08-25T10:40:00Z,1787654400,0.71514,0.71526,0.71514,0.71519,76,9,0
2026-08-25T10:45:00Z,1787654700,0.71518,0.71523,0.71514,0.71516,47,9,0
2026-08-25T10:50:00Z,1787655000,0.71516,0.71522,0.7151,0.7152,57,9,0
2026-08-25T10:55:00Z,1787655300,0.7152,0.71529,0.71516,0.71526,81,9,0
2026-08-25T11:00:00Z,1787655600,0.71524,0.71532,0.71517,0.71531,80,9,0
2026-08-25T11:05:00Z,1787655900,0.71531,0.71531,0.71496,0.71509,153,9,0
2026-08-25T11:10:00Z,1787656200,0.7151,0.71524,0.71505,0.71517,104,9,0
2026-08-25T11:15:00Z,1787656500,0.71517,0.71522,0.71507,0.71513,90,9,0
2026-08-25T11:20:00Z,1787656800,0.71513,0.71537,0.71512,0.71524,84,9,0
2026-08-25T11:25:00Z,1787657100,0.71524,0.71535,0.7152,0.71535,54,9,0
2026-08-25T11:30:00Z,1787657400,0.71535,0.71551,0.71531,0.71546,99,9,0
2026-08-25T11:35:00Z,1787657700,0.71546,0.71551,0.71536,0.7155,67,9,0
2026-08-25T11:40:00Z,1787658000,0.71551,0.71552,0.71535,0.71539,75,9,0
2026-08-25T11:45:00Z,1787658300,0.71539,0.71565,0.71538,0.71565,85,9,0
2026-08-25T11:50:00Z,1787658600,0.71565,0.71576,0.71549,0.71549,112,9,0
2026-08-25T11:55:00Z,1787658900,0.7155,0.7155,0.71528,0.71532,90,9,0
2026-08-25T12:00:00Z,1787659200,0.71531,0.71546,0.7152,0.7153,131,9,0
2026-08-25T12:05:00Z,1787659500,0.7153,0.71545,0.71528,0.71529,122,9,0
2026-08-25T12:10:00Z,1787659800,0.71528,0.71538,0.71518,0.71535,121,9,0
2026-08-25T12:15:00Z,1787660100,0.71536,0.71541,0.71524,0.71529,115,9,0
2026-08-25T12:20:00Z,1787660400,0.71529,0.71535,0.71509,0.71514,96,9,0
2026-08-25T12:25:00Z,1787660700,0.71515,0.71527,0.71515,0.71525,77,9,0
2026-08-25T12:30:00Z,1787661000,0.71525,0.71529,0.71502,0.71503,115,9,0
2026-08-25T12:35:00Z,1787661300,0.71503,0.71512,0.71491,0.71494,99,9,0
2026-08-25T12:40:00Z,1787661600,0.71494,0.71521,0.71492,0.71519,85,9,0
2026-08-25T12:45:00Z,1787661900,0.7152,0.71521,0.71506,0.71515,93,9,0
2026-08-25T12:50:00Z,1787662200,0.71515,0.71533,0.71514,0.71523,98,9,0
2026-08-25T12:55:00Z,1787662500,0.71523,0.71543,0.71523,0.71541,84,9,0
2026-08-25T13:00:00Z,1787662800,0.71541,0.71546,0.7152,0.71542,128,9,0
2026-08-25T13:05:00Z,1787663100,0.71542,0.7158,0.71541,0.71575,162,9,0
2026-08-25T13:10:00Z,1787663400,0.71575,0.71619,0.71575,0.71596,255,9,0
2026-08-25T13:15:00Z,1787663700,0.71595,0.71614,0.7159,0.71598,151,9,0
2026-08-25T13:20:00Z,1787664000,0.71598,0.716,0.71573,0.71575,135,9,0
2026-08-25T13:25:00Z,1787664300,0.71575,0.71577,0.71559,0.71567,135,9,0
2026-08-25T13:30:00Z,1787664600,0.71567,0.71598,0.71557,0.71578,191,9,0
2026-08-25T13:35:00Z,1787664900,0.71579,0.7158,0.71549,0.71556,135,9,0
2026-08-25T13:40:00Z,1787665200,0.71555,0.71557,0.71538,0.71543,154,9,0
2026-08-25T13:45:00Z,1787665500,0.71543,0.71564,0.71536,0.71556,144,9,0
2026-08-25T13:50:00Z,1787665800,0.71556,0.71565,0.71544,0.71544,134,9,0
2026-08-25T13:55:00Z,1787666100,0.71543,0.71578,0.71534,0.71578,115,9,0
2026-08-25T14:00:00Z,1787666400,0.71578,0.71578,0.71547,0.71551,174,9,0
2026-08-25T14:05:00Z,1787666700,0.7155,0.71575,0.71549,0.71569,169,9,0
2026-08-25T14:10:00Z,1787667000,0.71569,0.71581,0.71567,0.71574,119,9,0
2026-08-25T14:15:00Z,1787667300,0.71574,0.71579,0.7156,0.71563,148,9,0
2026-08-25T14:20:00Z,1787667600,0.71564,0.71579,0.71555,0.71559,134,9,0
2026-08-25T14:25:00Z,1787667900,0.71559,0.71569,0.71545,0.71569,100,9,0
2026-08-25T14:30:00Z,1787668200,0.71569,0.71582,0.71524,0.71569,245,9,0
2026-08-25T14:35:00Z,1787668500,0.71571,0.71603,0.7157,0.71595,134,9,0
2026-08-25T14:40:00Z,1787668800,0.71595,0.71596,0.71561,0.71585,121,9,0
2026-08-25T14:45:00Z,1787669100,0.71585,0.71631,0.71585,0.71621,155,9,0
2026-08-25T14:50:00Z,1787669400,0.71621,0.71621,0.71561,0.71561,200,9,0
2026-08-25T14:55:00Z,1787669700,0.71563,0.71578,0.71539,0.71558,203,9,0
2026-08-25T15:00:00Z,1787670000,0.71558,0.71568,0.71547,0.71553,137,9,0
2026-08-25T15:05:00Z,1787670300,0.71552,0.71555,0.71538,0.71549,110,9,0
2026-08-25T15:10:00Z,1787670600,0.71549,0.7155,0.71529,0.71535,88,9,0
2026-08-25T15:15:00Z,1787670900,0.71535,0.71545,0.71523,0.71545,85,9,0
2026-08-25T15:20:00Z,1787671200,0.71545,0.71561,0.71538,0.71538,102,9,0
2026-08-25T15:25:00Z,1787671500,0.71539,0.71553,0.71531,0.71544,97,9,0
2026-08-25T15:30:00Z,1787671800,0.71545,0.71593,0.71544,0.71584,226,9,0
2026-08-25T15:35:00Z,1787672100,0.71584,0.7161,0.7158,0.71589,244,9,0
2026-08-25T15:40:00Z,1787672400,0.71588,0.71598,0.71571,0.71579,124,9,0
2026-08-25T15:45:00Z,1787672700,0.71579,0.71589,0.71574,0.71574,101,9,0
2026-08-25T15:50:00Z,1787673000,0.71574,0.71579,0.71566,0.71566,98,9,0
2026-08-25T15:55:00Z,1787673300,0.71566,0.71588,0.71559,0.71588,94,9,0
2026-08-25T16:00:00Z,1787673600,0.71588,0.71597,0.71579,0.71582,123,9,0
2026-08-25T16:05:00Z,1787673900,0.71582,0.7159,0.71569,0.7157,96,9,0
2026-08-25T16:10:00Z,1787674200,0.7157,0.71572,0.71563,0.71566,56,9,0
2026-08-25T16:15:00Z,1787674500,0.71564,0.71564,0.71549,0.71551,83,9,0
2026-08-25T16:20:00Z,1787674800,0.71551,0.71555,0.71544,0.71554,73,9,0
2026-08-25T16:25:00Z,1787675100,0.71554,0.71555,0.71545,0.71548,76,9,0
2026-08-25T16:30:00Z,1787675400,0.71548,0.7156,0.71547,0.71554,57,9,0
2026-08-25T16:35:00Z,1787675700,0.71554,0.71563,0.71546,0.71557,68,9,0
2026-08-25T16:40:00Z,1787676000,0.71557,0.71559,0.71551,0.71554,60,9,0
2026-08-25T16:45:00Z,1787676300,0.71553,0.7156,0.71552,0.71555,59,9,0
2026-08-25T16:50:00Z,1787676600,0.71555,0.71559,0.71543,0.71543,54,9,0
2026-08-25T16:55:00Z,1787676900,0.71543,0.71552,0.71535,0.7155,83,9,0
2026-08-25T17:00:00Z,1787677200,0.7155,0.71552,0.71546,0.71546,77,9,0
2026-08-25T17:05:00Z,1787677500,0.71547,0.71551,0.71528,0.71531,82,9,0
2026-08-25T17:10:00Z,1787677800,0.71531,0.7154,0.71529,0.71535,50,9,0
2026-08-25T17:15:00Z,1787678100,0.71536,0.71551,0.71535,0.71551,70,9,0
2026-08-25T17:20:00Z,1787678400,0.71551,0.71556,0.71539,0.7154,46,9,0
2026-08-25T17:25:00Z,1787678700,0.7154,0.71549,0.71536,0.71546,59,9,0
2026-08-25T17:30:00Z,1787679000,0.71546,0.71557,0.7154,0.71552,79,9,0
2026-08-25T17:35:00Z,1787679300,0.71552,0.7157,0.71552,0.71565,72,9,0
2026-08-25T17:40:00Z,1787679600,0.71566,0.71566,0.71556,0.71558,65,9,0
2026-08-25T17:45:00Z,1787679900,0.71558,0.71572,0.71557,0.71568,51,9,0
2026-08-25T17:50:00Z,1787680200,0.71569,0.71571,0.71562,0.71568,45,9,0
2026-08-25T17:55:00Z,1787680500,0.71568,0.71576,0.71568,0.71572,68,9,0
2026-08-25T18:00:00Z,1787680800,0.71572,0.71573,0.7156,0.71566,51,9,0
2026-08-25T18:05:00Z,1787681100,0.71567,0.71576,0.71565,0.7157,68,9,0
2026-08-25T18:10:00Z,1787681400,0.7157,0.7158,0.71569,0.71569,48,9,0
2026-08-25T18:15:00Z,1787681700,0.71569,0.71575,0.71569,0.71575,44,9,0
2026-08-25T18:20:00Z,1787682000,0.71575,0.71575,0.71565,0.71566,33,9,0
2026-08-25T18:25:00Z,1787682300,0.71566,0.71578,0.71566,0.71576,51,9,0
2026-08-25T18:30:00Z,1787682600,0.71575,0.71579,0.71574,0.71577,34,9,0
2026-08-25T18:35:00Z,1787682900,0.71577,0.71581,0.71575,0.71578,32,9,0
2026-08-25T18:40:00Z,1787683200,0.71578,0.71584,0.71576,0.71581,48,9,0
2026-08-25T18:45:00Z,1787683500,0.71581,0.71587,0.71581,0.71587,41,9,0
2026-08-25T18:50:00Z,1787683800,0.71587,0.7159,0.71581,0.71587,53,9,0
2026-08-25T18:55:00Z,1787684100,0.71586,0.71597,0.71583,0.71592,55,9,0
2026-08-25T19:00:00Z,1787684400,0.71592,0.71594,0.71583,0.71587,64,9,0
2026-08-25T19:05:00Z,1787684700,0.71587,0.71607,0.71587,0.71606,60,9,0
2026-08-25T19:10:00Z,1787685000,0.71606,0.7161,0.71603,0.71605,65,9,0
2026-08-25T19:15:00Z,1787685300,0.71605,0.71623,0.71604,0.71616,72,9,0
2026-08-25T19:20:00Z,1787685600,0.71616,0.71616,0.71603,0.71605,64,9,0
2026-08-25T19:25:00Z,1787685900,0.71605,0.71606,0.71599,0.71599,45,9,0
2026-08-25T19:30:00Z,1787686200,0.71598,0.71599,0.7159,0.71591,66,9,0
2026-08-25T19:35:00Z,1787686500,0.71591,0.71599,0.71586,0.71599,55,9,0
2026-08-25T19:40:00Z,1787686800,0.716,0.71606,0.71596,0.71603,48,9,0
2026-08-25T19:45:00Z,1787687100,0.71603,0.71626,0.71602,0.71624,66,9,0
2026-08-25T19:50:00Z,1787687400,0.71624,0.71645,0.71622,0.7164,125,9,0
2026-08-25T19:55:00Z,1787687700,0.71641,0.71655,0.7163,0.71645,132,9,0
2026-08-25T20:00:00Z,1787688000,0.71645,0.71647,0.71637,0.71639,60,9,0
2026-08-25T20:05:00Z,1787688300,0.71639,0.71665,0.71639,0.71665,54,9,0
2026-08-25T20:10:00Z,1787688600,0.71666,0.71672,0.71658,0.71662,67,9,0
2026-08-25T20:15:00Z,1787688900,0.71662,0.71674,0.71662,0.71671,74,9,0
2026-08-25T20:20:00Z,1787689200,0.71671,0.71674,0.7167,0.71672,36,9,0
2026-08-25T20:25:00Z,1787689500,0.71672,0.71679,0.7166,0.71668,60,9,0
2026-08-25T20:30:00Z,1787689800,0.71667,0.71675,0.71654,0.71654,53,9,0
2026-08-25T20:35:00Z,1787690100,0.71654,0.71655,0.71644,0.71646,40,9,0
2026-08-25T20:40:00Z,1787690400,0.71647,0.71649,0.7164,0.7164,35,9,0
2026-08-25T20:45:00Z,1787690700,0.7164,0.71643,0.71638,0.71642,29,9,0
2026-08-25T20:50:00Z,1787691000,0.71642,0.7165,0.7164,0.7165,30,9,0
2026-08-25T20:55:00Z,1787691300,0.71651,0.71655,0.71632,0.71634,62,9,0
2026-08-25T21:00:00Z,1787691600,0.71634,0.71634,0.71634,0.71634,1,12,0
2026-08-25T21:05:00Z,1787691900,0.71634,0.71637,0.71624,0.71627,113,9,0
2026-08-25T21:10:00Z,1787692200,0.71625,0.71636,0.7162,0.71623,190,10,0
2026-08-25T21:15:00Z,1787692500,0.71622,0.71627,0.71607,0.71619,121,19,0
2026-08-25T21:20:00Z,1787692800,0.71617,0.7162,0.7161,0.71619,21,27,0
2026-08-25T21:25:00Z,1787693100,0.71618,0.71619,0.7161,0.71617,24,27,0
2026-08-25T21:30:00Z,1787693400,0.71618,0.7162,0.71607,0.71611,41,26,0
2026-08-25T21:35:00Z,1787693700,0.7161,0.71617,0.71593,0.71599,144,29,0
2026-08-25T21:40:00Z,1787694000,0.71598,0.71605,0.71593,0.71603,85,39,0
2026-08-25T21:45:00Z,1787694300,0.71602,0.71604,0.71583,0.71583,259,41,0
2026-08-25T21:50:00Z,1787694600,0.71586,0.71597,0.71583,0.71597,234,43,0
2026-08-25T21:55:00Z,1787694900,0.71598,0.71613,0.71598,0.71609,121,24,0
2026-08-25T22:00:00Z,1787695200,0.71614,0.71638,0.71611,0.71636,101,9,0
2026-08-25T22:05:00Z,1787695500,0.71636,0.71636,0.71624,0.71624,24,9,0
2026-08-25T22:10:00Z,1787695800,0.71624,0.71628,0.7162,0.71628,21,9,0
2026-08-25T22:15:00Z,1787696100,0.71628,0.71631,0.71628,0.7163,15,9,0
2026-08-25T22:20:00Z,1787696400,0.7163,0.71636,0.71627,0.71628,32,9,0
2026-08-25T22:25:00Z,1787696700,0.71628,0.71629,0.71623,0.71623,31,9,0
2026-08-25T22:30:00Z,1787697000,0.71623,0.71626,0.71623,0.71624,26,9,0
2026-08-25T22:35:00Z,1787697300,0.71625,0.71627,0.71622,0.71627,28,9,0
2026-08-25T22:40:00Z,1787697600,0.71627,0.71639,0.71627,0.71639,32,9,0
2026-08-25T22:45:00Z,1787697900,0.71638,0.71645,0.71638,0.71644,25,9,0
2026-08-25T22:50:00Z,1787698200,0.71644,0.71646,0.71642,0.71642,17,9,0
2026-08-25T22:55:00Z,1787698500,0.71642,0.71647,0.71642,0.71646,30,9,0
2026-08-25T23:00:00Z,1787698800,0.71646,0.71648,0.71639,0.71645,29,9,0
2026-08-25T23:05:00Z,1787699100,0.71646,0.7165,0.71645,0.71646,22,9,0
2026-08-25T23:10:00Z,1787699400,0.71646,0.71646,0.71639,0.71641,27,9,0
2026-08-25T23:15:00Z,1787699700,0.71641,0.71643,0.71639,0.71642,23,9,0
2026-08-25T23:20:00Z,1787700000,0.71643,0.71648,0.71642,0.71648,17,9,0
2026-08-25T23:25:00Z,1787700300,0.71647,0.71647,0.71639,0.71645,23,9,0
2026-08-25T23:30:00Z,1787700600,0.71645,0.71649,0.71642,0.71644,26,9,0
2026-08-25T23:35:00Z,1787700900,0.71644,0.71645,0.71638,0.71638,13,9,0
2026-08-25T23:40:00Z,1787701200,0.71638,0.71643,0.71633,0.71641,36,9,0
2026-08-25T23:45:00Z,1787701500,0.71641,0.71655,0.71641,0.71654,43,9,0
2026-08-25T23:50:00Z,1787701800,0.71654,0.71659,0.71643,0.71645,54,9,0
2026-08-25T23:55:00Z,1787702100,0.71645,0.71646,0.71636,0.71638,62,9,0
2026-08-26T00:00:00Z,1787702400,0.71638,0.71649,0.71635,0.71639,116,9,0
2026-08-26T00:05:00Z,1787702700,0.71638,0.71645,0.71623,0.71645,88,9,0
2026-08-26T00:10:00Z,1787703000,0.71645,0.71669,0.71644,0.71666,83,9,0
2026-08-26T00:15:00Z,1787703300,0.71667,0.71683,0.71667,0.71677,64,9,0
2026-08-26T00:20:00Z,1787703600,0.71676,0.71679,0.71656,0.71658,80,9,0
2026-08-26T00:25:00Z,1787703900,0.71658,0.71659,0.7164,0.71648,79,9,0
2026-08-26T00:30:00Z,1787704200,0.71648,0.71655,0.71636,0.71638,74,9,0
2026-08-26T00:35:00Z,1787704500,0.71639,0.71639,0.71622,0.71622,70,9,0
2026-08-26T00:40:00Z,1787704800,0.71623,0.71644,0.71619,0.71644,77,9,0
2026-08-26T00:45:00Z,1787705100,0.71644,0.71663,0.71641,0.71652,102,9,0
2026-08-26T00:50:00Z,1787705400,0.71652,0.71654,0.71635,0.71636,86,9,0
2026-08-26T00:55:00Z,1787705700,0.71637,0.7164,0.7162,0.7162,85,9,0
2026-08-26T01:00:00Z,1787706000,0.71619,0.71636,0.71612,0.71623,164,9,0
2026-08-26T01:05:00Z,1787706300,0.71623,0.71627,0.71608,0.71627,89,9,0
2026-08-26T01:10:00Z,1787706600,0.71627,0.71627,0.71602,0.71603,103,9,0
2026-08-26T01:15:00Z,1787706900,0.71602,0.71623,0.71602,0.71602,95,9,0
2026-08-26T01:20:00Z,1787707200,0.71603,0.71611,0.71597,0.71604,93,9,0
2026-08-26T01:25:00Z,1787707500,0.71604,0.71609,0.71594,0.71596,92,9,0
2026-08-26T01:30:00Z,1787707800,0.71597,0.71754,0.71597,0.71723,400,9,0
2026-08-26T01:35:00Z,1787708100,0.71722,0.71741,0.71698,0.71701,190,9,0
2026-08-26T01:40:00Z,1787708400,0.71701,0.71717,0.71697,0.71706,195,9,0
2026-08-26T01:45:00Z,1787708700,0.71706,0.71797,0.71705,0.71791,258,9,0
2026-08-26T01:50:00Z,1787709000,0.71789,0.71811,0.71775,0.71782,291,9,0
2026-08-26T01:55:00Z,1787709300,0.71781,0.71791,0.71748,0.7176,206,9,0
2026-08-26T02:00:00Z,1787709600,0.7176,0.71777,0.71751,0.71775,217,9,0
2026-08-26T02:05:00Z,1787709900,0.71774,0.718,0.71769,0.71796,145,9,0
2026-08-26T02:10:00Z,1787710200,0.71795,0.71806,0.71786,0.71794,167,9,0
2026-08-26T02:15:00Z,1787710500,0.71795,0.71806,0.71784,0.71792,120,9,0
2026-08-26T02:20:00Z,1787710800,0.71792,0.71808,0.71781,0.71782,115,9,0
2026-08-26T02:25:00Z,1787711100,0.71782,0.71799,0.71768,0.71799,137,9,0
2026-08-26T02:30:00Z,1787711400,0.71799,0.71836,0.71797,0.71836,148,9,0
2026-08-26T02:35:00Z,1787711700,0.71836,0.71843,0.71823,0.71833,109,9,0
2026-08-26T02:40:00Z,1787712000,0.71833,0.71834,0.71817,0.71818,134,9,0
2026-08-26T02:45:00Z,1787712300,0.71818,0.71823,0.71801,0.71803,90,9,0
2026-08-26T02:50:00Z,1787712600,0.71803,0.71806,0.71791,0.71791,90,9,0
2026-08-26T02:55:00Z,1787712900,0.71791,0.71791,0.71773,0.71783,85,9,0
2026-08-26T03:00:00Z,1787713200,0.71785,0.71805,0.7178,0.71797,119,9,0
2026-08-26T03:05:00Z,1787713500,0.71795,0.71798,0.71775,0.71781,78,9,0
2026-08-26T03:10:00Z,1787713800,0.71782,0.71789,0.71774,0.71787,67,9,0
2026-08-26T03:15:00Z,1787714100,0.71787,0.71805,0.71782,0.71803,84,9,0
2026-08-26T03:20:00Z,1787714400,0.71803,0.71816,0.71801,0.71813,91,9,0
2026-08-26T03:25:00Z,1787714700,0.71813,0.71834,0.71813,0.71826,97,9,0
2026-08-26T03:30:00Z,1787715000,0.71824,0.71848,0.71818,0.71839,99,9,0
2026-08-26T03:35:00Z,1787715300,0.71839,0.71853,0.71835,0.71852,96,9,0
2026-08-26T03:40:00Z,1787715600,0.71853,0.71859,0.71845,0.71857,81,9,0
2026-08-26T03:45:00Z,1787715900,0.71857,0.71857,0.71833,0.71841,96,9,0
2026-08-26T03:50:00Z,1787716200,0.71841,0.71845,0.71828,0.71828,64,9,0
2026-08-26T03:55:00Z,1787716500,0.71828,0.71829,0.7181,0.71818,78,9,0
2026-08-26T04:00:00Z,1787716800,0.71819,0.71829,0.71814,0.71815,74,9,0
2026-08-26T04:05:00Z,1787717100,0.71815,0.71817,0.71799,0.71808,59,9,0
2026-08-26T04:10:00Z,1787717400,0.71807,0.71808,0.71792,0.71797,43,9,0
2026-08-26T04:15:00Z,1787717700,0.71796,0.7181,0.71794,0.71805,75,9,0
2026-08-26T04:20:00Z,1787718000,0.71806,0.71806,0.71801,0.71806,50,9,0
2026-08-26T04:25:00Z,1787718300,0.71805,0.7181,0.71791,0.71791,55,9,0
2026-08-26T04:30:00Z,1787718600,0.71791,0.71797,0.71782,0.71782,41,9,0
2026-08-26T04:35:00Z,1787718900,0.71782,0.71784,0.71762,0.71763,64,9,0
2026-08-26T04:40:00Z,1787719200,0.71763,0.7177,0.71762,0.71767,40,9,0
2026-08-26T04:45:00Z,1787719500,0.71767,0.71771,0.71744,0.71749,82,9,0
2026-08-26T04:50:00Z,1787719800,0.71748,0.71769,0.71748,0.71764,52,9,0
2026-08-26T04:55:00Z,1787720100,0.71764,0.71771,0.7176,0.71768,70,9,0
2026-08-26T05:00:00Z,1787720400,0.71768,0.71791,0.71767,0.71782,71,9,0
2026-08-26T05:05:00Z,1787720700,0.71783,0.71787,0.71767,0.71777,77,9,0
2026-08-26T05:10:00Z,1787721000,0.71776,0.71783,0.71772,0.71774,40,9,0
2026-08-26T05:15:00Z,1787721300,0.71774,0.71802,0.71774,0.71797,81,9,0
2026-08-26T05:20:00Z,1787721600,0.71797,0.71799,0.71788,0.71794,62,9,0
2026-08-26T05:25:00Z,1787721900,0.71793,0.71805,0.71793,0.71799,52,9,0
2026-08-26T05:30:00Z,1787722200,0.71799,0.71824,0.71799,0.71819,90,9,0
2026-08-26T05:35:00Z,1787722500,0.71819,0.71823,0.71796,0.71802,96,9,0
2026-08-26T05:40:00Z,1787722800,0.71802,0.7183,0.71802,0.71826,100,9,0
2026-08-26T05:45:00Z,1787723100,0.71826,0.71834,0.7182,0.71821,95,9,0
2026-08-26T05:50:00Z,1787723400,0.71821,0.71833,0.71817,0.71818,79,9,0
2026-08-26T05:55:00Z,1787723700,0.7182,0.71828,0.7182,0.71822,78,9,0
2026-08-26T06:00:00Z,1787724000,0.71822,0.71822,0.71801,0.71816,133,9,0
2026-08-26T06:05:00Z,1787724300,0.71817,0.71831,0.71811,0.71831,90,9,0
2026-08-26T06:10:00Z,1787724600,0.71831,0.71841,0.71825,0.71826,98,9,0
2026-08-26T06:15:00Z,1787724900,0.71826,0.71844,0.71824,0.71835,98,9,0
2026-08-26T06:20:00Z,1787725200,0.71835,0.7184,0.71793,0.71808,140,9,0
2026-08-26T06:25:00Z,1787725500,0.71809,0.71821,0.71782,0.71782,144,9,0
2026-08-26T06:30:00Z,1787725800,0.71781,0.71784,0.71742,0.7175,145,9,0
2026-08-26T06:35:00Z,1787726100,0.7175,0.71756,0.71733,0.71754,105,9,0
2026-08-26T06:40:00Z,1787726400,0.71754,0.71774,0.7175,0.71774,104,9,0
2026-08-26T06:45:00Z,1787726700,0.71774,0.71782,0.71763,0.71781,67,9,0
2026-08-26T06:50:00Z,1787727000,0.7178,0.71783,0.71767,0.7178,93,9,0
2026-08-26T06:55:00Z,1787727300,0.7178,0.71794,0.7177,0.7178,106,9,0
2026-08-26T07:00:00Z,1787727600,0.7178,0.71802,0.71775,0.71797,141,9,0
2026-08-26T07:05:00Z,1787727900,0.71798,0.71798,0.71778,0.71787,103,9,0
2026-08-26T07:10:00Z,1787728200,0.71786,0.71809,0.71786,0.71797,115,9,0
2026-08-26T07:15:00Z,1787728500,0.71797,0.7181,0.71786,0.71787,112,9,0
2026-08-26T07:20:00Z,1787728800,0.71787,0.71787,0.71759,0.71762,109,9,0
2026-08-26T07:25:00Z,1787729100,0.71762,0.71778,0.71762,0.71768,96,9,0
2026-08-26T07:30:00Z,1787729400,0.71769,0.71789,0.71767,0.71784,97,9,0
2026-08-26T07:35:00Z,1787729700,0.71782,0.71791,0.71773,0.71774,84,9,0
2026-08-26T07:40:00Z,1787730000,0.71774,0.71788,0.71771,0.71785,77,9,0
2026-08-26T07:45:00Z,1787730300,0.71784,0.71808,0.71784,0.71799,77,9,0
2026-08-26T07:50:00Z,1787730600,0.71799,0.71801,0.71776,0.71787,106,9,0
2026-08-26T07:55:00Z,1787730900,0.71788,0.71798,0.71788,0.71796,125,9,0
2026-08-26T08:00:00Z,1787731200,0.71795,0.7181,0.71791,0.71804,122,9,0
2026-08-26T08:05:00Z,1787731500,0.71804,0.71826,0.71798,0.71821,102,9,0
2026-08-26T08:10:00Z,1787731800,0.7182,0.71848,0.7182,0.71845,113,9,0
2026-08-26T08:15:00Z,1787732100,0.71844,0.71852,0.71834,0.71836,92,9,0
2026-08-26T08:20:00Z,1787732400,0.71838,0.71843,0.71815,0.71825,92,9,0
2026-08-26T08:25:00Z,1787732700,0.71825,0.71834,0.71825,0.71833,74,9,0
2026-08-26T08:30:00Z,1787733000,0.71833,0.71833,0.71814,0.71822,91,9,0
2026-08-26T08:35:00Z,1787733300,0.71821,0.71823,0.71801,0.71808,84,9,0
2026-08-26T08:40:00Z,1787733600,0.71808,0.71811,0.71801,0.7181,62,9,0
2026-08-26T08:45:00Z,1787733900,0.7181,0.71822,0.71804,0.71818,77,9,0
2026-08-26T08:50:00Z,1787734200,0.71817,0.71818,0.71799,0.71799,57,9,0
2026-08-26T08:55:00Z,1787734500,0.718,0.71807,0.71792,0.71807,93,9,0
2026-08-26T09:00:00Z,1787734800,0.71806,0.71815,0.71793,0.71795,141,9,0
2026-08-26T09:05:00Z,1787735100,0.71795,0.71796,0.71784,0.71788,67,9,0
2026-08-26T09:10:00Z,1787735400,0.71787,0.71808,0.71787,0.71808,72,9,0
2026-08-26T09:15:00Z,1787735700,0.71808,0.71821,0.71806,0.71814,51,9,0
2026-08-26T09:20:00Z,1787736000,0.71814,0.71815,0.71782,0.71787,125,9,0
2026-08-26T09:25:00Z,1787736300,0.71785,0.71792,0.71773,0.71782,114,9,0
2026-08-26T09:30:00Z,1787736600,0.71782,0.71797,0.71782,0.71791,84,9,0
2026-08-26T09:35:00Z,1787736900,0.71791,0.718,0.71791,0.71798,60,9,0
2026-08-26T09:40:00Z,1787737200,0.71798,0.71799,0.7179,0.71791,57,9,0
2026-08-26T09:45:00Z,1787737500,0.71791,0.71805,0.7179,0.718,60,9,0
2026-08-26T09:50:00Z,1787737800,0.718,0.71819,0.71799,0.71806,77,9,0
2026-08-26T09:55:00Z,1787738100,0.71807,0.71817,0.71807,0.7181,76,9,0
2026-08-26T10:00:00Z,1787738400,0.7181,0.71814,0.71804,0.71809,96,9,0
2026-08-26T10:05:00Z,1787738700,0.7181,0.71815,0.71808,0.71809,45,9,0
2026-08-26T10:10:00Z,1787739000,0.71809,0.71818,0.71808,0.71808,35,9,0
2026-08-26T10:15:00Z,1787739300,0.71807,0.71815,0.71795,0.71797,67,9,0
2026-08-26T10:20:00Z,1787739600,0.71797,0.71803,0.71794,0.71795,48,9,0
2026-08-26T10:25:00Z,1787739900,0.71795,0.71803,0.71793,0.71798,85,9,0
2026-08-26T10:30:00Z,1787740200,0.71799,0.71814,0.71799,0.71813,68,9,0
2026-08-26T10:35:00Z,1787740500,0.71813,0.71815,0.71799,0.71815,67,9,0
2026-08-26T10:40:00Z,1787740800,0.71815,0.71816,0.71796,0.71803,57,9,0
2026-08-26T10:45:00Z,1787741100,0.71803,0.71804,0.71797,0.71797,37,9,0
2026-08-26T10:50:00Z,1787741400,0.71797,0.71803,0.71794,0.71802,43,9,0
2026-08-26T10:55:00Z,1787741700,0.71802,0.71802,0.71789,0.71798,42,9,0
2026-08-26T11:00:00Z,1787742000,0.71797,0.71816,0.71794,0.71809,76,9,0
2026-08-26T11:05:00Z,1787742300,0.71809,0.71809,0.71795,0.71796,63,9,0
2026-08-26T11:10:00Z,1787742600,0.71796,0.71816,0.71796,0.71816,72,9,0
2026-08-26T11:15:00Z,1787742900,0.71815,0.71818,0.71803,0.71803,61,9,0
2026-08-26T11:20:00Z,1787743200,0.71804,0.7181,0.71792,0.71794,70,9,0
2026-08-26T11:25:00Z,1787743500,0.71794,0.71817,0.71794,0.71804,103,9,0
2026-08-26T11:30:00Z,1787743800,0.71804,0.71817,0.71804,0.71814,85,9,0
2026-08-26T11:35:00Z,1787744100,0.71813,0.71821,0.71808,0.7181,83,9,0
2026-08-26T11:40:00Z,1787744400,0.7181,0.71819,0.7181,0.71813,69,9,0
2026-08-26T11:45:00Z,1787744700,0.71813,0.71822,0.71813,0.71814,73,9,0
2026-08-26T11:50:00Z,1787745000,0.71814,0.71829,0.71813,0.71828,66,9,0
2026-08-26T11:55:00Z,1787745300,0.71828,0.71844,0.71826,0.71843,91,9,0
2026-08-26T12:00:00Z,1787745600,0.71845,0.71854,0.7184,0.71848,114,9,0
2026-08-26T12:05:00Z,1787745900,0.71849,0.71865,0.71848,0.71849,85,9,0
2026-08-26T12:10:00Z,1787746200,0.71849,0.71858,0.71843,0.71856,77,9,0
2026-08-26T12:15:00Z,1787746500,0.71856,0.71874,0.71854,0.71871,84,9,0
2026-08-26T12:20:00Z,1787746800,0.71871,0.71872,0.71853,0.71853,87,9,0
2026-08-26T12:25:00Z,1787747100,0.71854,0.7187,0.7185,0.71869,81,9,0
2026-08-26T12:30:00Z,1787747400,0.7187,0.71883,0.71803,0.71835,316,9,0
2026-08-26T12:35:00Z,1787747700,0.71836,0.71843,0.71815,0.71819,180,9,0
2026-08-26T12:40:00Z,1787748000,0.71819,0.71819,0.71786,0.71795,234,9,0
2026-08-26T12:45:00Z,1787748300,0.71796,0.71805,0.71776,0.71799,153,9,0
2026-08-26T12:50:00Z,1787748600,0.71799,0.71806,0.71758,0.71787,234,9,0
2026-08-26T12:55:00Z,1787748900,0.71787,0.71792,0.71757,0.71763,228,9,0
2026-08-26T13:00:00Z,1787749200,0.71763,0.71775,0.71754,0.71755,202,9,0
2026-08-26T13:05:00Z,1787749500,0.71755,0.71767,0.71734,0.71741,204,9,0
2026-08-26T13:10:00Z,1787749800,0.71741,0.7177,0.71738,0.71757,167,9,0
2026-08-26T13:15:00Z,1787750100,0.71759,0.71767,0.71724,0.71759,194,9,0
2026-08-26T13:20:00Z,1787750400,0.71758,0.7176,0.71735,0.71757,134,9,0
2026-08-26T13:25:00Z,1787750700,0.71757,0.71763,0.71743,0.7176,145,9,0
2026-08-26T13:30:00Z,1787751000,0.71761,0.71775,0.71754,0.7176,201,9,0
2026-08-26T13:35:00Z,1787751300,0.71759,0.71759,0.71738,0.71743,201,9,0
2026-08-26T13:40:00Z,1787751600,0.71744,0.71772,0.71737,0.71768,192,9,0
2026-08-26T13:45:00Z,1787751900,0.71768,0.71784,0.71767,0.71776,144,9,0
2026-08-26T13:50:00Z,1787752200,0.71776,0.71793,0.71769,0.71784,154,9,0
2026-08-26T13:55:00Z,1787752500,0.71784,0.71791,0.71751,0.71751,173,9,0
2026-08-26T14:00:00Z,1787752800,0.71751,0.71754,0.71702,0.71736,234,9,0
2026-08-26T14:05:00Z,1787753100,0.71737,0.71738,0.71721,0.71729,168,9,0
2026-08-26T14:10:00Z,1787753400,0.71729,0.71743,0.71721,0.71726,137,9,0
2026-08-26T14:15:00Z,1787753700,0.71726,0.71728,0.71702,0.71706,149,9,0
2026-08-26T14:20:00Z,1787754000,0.71706,0.71708,0.71678,0.71692,166,9,0
2026-08-26T14:25:00Z,1787754300,0.71691,0.71695,0.7168,0.71683,175,9,0
2026-08-26T14:30:00Z,1787754600,0.71683,0.71718,0.71679,0.71714,147,9,0
2026-08-26T14:35:00Z,1787754900,0.71713,0.71729,0.7171,0.71723,149,9,0
2026-08-26T14:40:00Z,1787755200,0.71722,0.71725,0.71709,0.71713,126,9,0
2026-08-26T14:45:00Z,1787755500,0.71714,0.71715,0.71677,0.71678,107,9,0
2026-08-26T14:50:00Z,1787755800,0.71678,0.71686,0.71663,0.71673,136,9,0
2026-08-26T14:55:00Z,1787756100,0.71675,0.7168,0.71648,0.71649,163,9,0
2026-08-26T15:00:00Z,1787756400,0.7165,0.7167,0.71648,0.7166,187,9,0
2026-08-26T15:05:00Z,1787756700,0.7166,0.71678,0.71654,0.71678,144,9,0
2026-08-26T15:10:00Z,1787757000,0.71678,0.71679,0.71655,0.71655,112,9,0
2026-08-26T15:15:00Z,1787757300,0.71655,0.71658,0.71641,0.71655,131,9,0
2026-08-26T15:20:00Z,1787757600,0.71655,0.71664,0.71646,0.71663,96,9,0
2026-08-26T15:25:00Z,1787757900,0.71663,0.71671,0.71658,0.71668,103,9,0
2026-08-26T15:30:00Z,1787758200,0.71668,0.71686,0.71667,0.71678,101,9,0
2026-08-26T15:35:00Z,1787758500,0.71679,0.7169,0.71674,0.7169,74,9,0
2026-08-26T15:40:00Z,1787758800,0.71691,0.71701,0.7169,0.7169,76,9,0
2026-08-26T15:45:00Z,1787759100,0.7169,0.71699,0.71681,0.71695,71,9,0
2026-08-26T15:50:00Z,1787759400,0.71695,0.71695,0.71657,0.71674,256,9,0
2026-08-26T15:55:00Z,1787759700,0.71673,0.71688,0.71665,0.71676,122,9,0
2026-08-26T16:00:00Z,1787760000,0.71676,0.71692,0.71666,0.71692,119,9,0
2026-08-26T16:05:00Z,1787760300,0.71692,0.71707,0.71689,0.71694,93,9,0
2026-08-26T16:10:00Z,1787760600,0.71693,0.71695,0.71683,0.71694,88,9,0
2026-08-26T16:15:00Z,1787760900,0.71694,0.71709,0.71693,0.71709,73,9,0
2026-08-26T16:20:00Z,1787761200,0.71709,0.71721,0.71702,0.71708,94,9,0
2026-08-26T16:25:00Z,1787761500,0.71708,0.71713,0.71699,0.71704,92,9,0
2026-08-26T16:30:00Z,1787761800,0.71703,0.71712,0.71698,0.71701,73,9,0
2026-08-26T16:35:00Z,1787762100,0.71702,0.71702,0.71681,0.71682,69,9,0
2026-08-26T16:40:00Z,1787762400,0.71682,0.71691,0.71678,0.7168,95,9,0
2026-08-26T16:45:00Z,1787762700,0.7168,0.7169,0.71673,0.7169,96,9,0
2026-08-26T16:50:00Z,1787763000,0.7169,0.71695,0.71672,0.71672,88,9,0
2026-08-26T16:55:00Z,1787763300,0.7167,0.71685,0.71665,0.71683,95,9,0
2026-08-26T17:00:00Z,1787763600,0.71683,0.71693,0.71682,0.71686,84,9,0
2026-08-26T17:05:00Z,1787763900,0.71686,0.71687,0.71677,0.71683,62,9,0
2026-08-26T17:10:00Z,1787764200,0.71684,0.71697,0.71681,0.71697,51,9,0
2026-08-26T17:15:00Z,1787764500,0.71698,0.71718,0.71698,0.71718,59,9,0
2026-08-26T17:20:00Z,1787764800,0.71719,0.71724,0.71715,0.71721,56,9,0
2026-08-26T17:25:00Z,1787765100,0.71721,0.71731,0.71717,0.71731,48,9,0
2026-08-26T17:30:00Z,1787765400,0.71731,0.71742,0.71728,0.71738,65,9,0
2026-08-26T17:35:00Z,1787765700,0.71738,0.71739,0.71722,0.71722,42,9,0
2026-08-26T17:40:00Z,1787766000,0.71722,0.71727,0.7172,0.71726,46,9,0
2026-08-26T17:45:00Z,1787766300,0.71726,0.71726,0.71713,0.71718,40,9,0
2026-08-26T17:50:00Z,1787766600,0.71718,0.71727,0.71718,0.71721,47,9,0
2026-08-26T17:55:00Z,1787766900,0.71722,0.71726,0.71716,0.71726,51,9,0
2026-08-26T18:00:00Z,1787767200,0.71727,0.71732,0.71722,0.71729,40,9,0
2026-08-26T18:05:00Z,1787767500,0.71728,0.71737,0.71721,0.71733,55,9,0
2026-08-26T18:10:00Z,1787767800,0.71734,0.71741,0.71732,0.71733,51,9,0
2026-08-26T18:15:00Z,1787768100,0.71733,0.71733,0.71727,0.7173,47,9,0
2026-08-26T18:20:00Z,1787768400,0.7173,0.7173,0.71717,0.71719,33,9,0
2026-08-26T18:25:00Z,1787768700,0.71719,0.71723,0.71714,0.71715,39,9,0
2026-08-26T18:30:00Z,1787769000,0.71715,0.71718,0.71709,0.71712,51,9,0
2026-08-26T18:35:00Z,1787769300,0.71712,0.71713,0.71705,0.71707,38,9,0
2026-08-26T18:40:00Z,1787769600,0.71707,0.71716,0.71706,0.71712,43,9,0
2026-08-26T18:45:00Z,1787769900,0.71712,0.71719,0.71712,0.71717,40,9,0
2026-08-26T18:50:00Z,1787770200,0.71717,0.71719,0.71715,0.71715,33,9,0
2026-08-26T18:55:00Z,1787770500,0.71715,0.71715,0.71705,0.71709,60,9,0
2026-08-26T19:00:00Z,1787770800,0.71711,0.71719,0.71707,0.71718,61,9,0
2026-08-26T19:05:00Z,1787771100,0.71718,0.71723,0.71716,0.71719,51,9,0
2026-08-26T19:10:00Z,1787771400,0.71719,0.71724,0.71718,0.7172,33,9,0
2026-08-26T19:15:00Z,1787771700,0.7172,0.71723,0.71713,0.71717,40,9,0
2026-08-26T19:20:00Z,1787772000,0.71717,0.71723,0.71714,0.71723,37,9,0
2026-08-26T19:25:00Z,1787772300,0.71723,0.71729,0.71722,0.71728,34,9,0
2026-08-26T19:30:00Z,1787772600,0.71728,0.71732,0.7172,0.71721,48,9,0
2026-08-26T19:35:00Z,1787772900,0.71721,0.71724,0.71717,0.71718,31,9,0
2026-08-26T19:40:00Z,1787773200,0.71717,0.71718,0.71714,0.71716,24,9,0
2026-08-26T19:45:00Z,1787773500,0.71716,0.71721,0.71714,0.71715,42,9,0
2026-08-26T19:50:00Z,1787773800,0.71715,0.71715,0.71701,0.71701,49,9,0
2026-08-26T19:55:00Z,1787774100,0.71702,0.71731,0.71702,0.71731,77,9,0
2026-08-26T20:00:00Z,1787774400,0.71731,0.71731,0.71724,0.71726,35,9,0
2026-08-26T20:05:00Z,1787774700,0.71725,0.71738,0.71725,0.71732,50,9,0
2026-08-26T20:10:00Z,1787775000,0.71733,0.71734,0.71729,0.71729,33,9,0
2026-08-26T20:15:00Z,1787775300,0.7173,0.71731,0.71727,0.71731,31,9,0
2026-08-26T20:20:00Z,1787775600,0.71729,0.71734,0.71723,0.71732,98,9,0
2026-08-26T20:25:00Z,1787775900,0.71733,0.71734,0.71726,0.71729,43,9,0
2026-08-26T20:30:00Z,1787776200,0.71729,0.71739,0.71729,0.71733,44,9,0
2026-08-26T20:35:00Z,1787776500,0.71733,0.71743,0.71733,0.71738,49,9,0
2026-08-26T20:40:00Z,1787776800,0.71738,0.7174,0.71729,0.71734,27,9,0
2026-08-26T20:45:00Z,1787777100,0.71736,0.71736,0.71728,0.71733,25,9,0
2026-08-26T20:50:00Z,1787777400,0.71733,0.71738,0.71732,0.71737,31,9,0
2026-08-26T20:55:00Z,1787777700,0.71737,0.71739,0.71721,0.71727,73,9,0
2026-08-26T21:00:00Z,1787778000,0.71727,0.71727,0.71719,0.71719,8,19,0
2026-08-26T21:05:00Z,1787778300,0.71722,0.71725,0.71674,0.71675,53,20,0
2026-08-26T21:10:00Z,1787778600,0.71675,0.71676,0.71666,0.71673,59,73,0
2026-08-26T21:15:00Z,1787778900,0.71675,0.71687,0.71664,0.71681,90,61,0
2026-08-26T21:20:00Z,1787779200,0.71683,0.71699,0.71682,0.71699,72,44,0
2026-08-26T21:25:00Z,1787779500,0.71697,0.71702,0.7168,0.71683,74,39,0
2026-08-26T21:30:00Z,1787779800,0.71684,0.71691,0.71673,0.71675,83,49,0
2026-08-26T21:35:00Z,1787780100,0.71677,0.7169,0.71677,0.71689,53,51,0
2026-08-26T21:40:00Z,1787780400,0.7169,0.717,0.71688,0.71698,31,44,0
2026-08-26T21:45:00Z,1787780700,0.71697,0.71712,0.71696,0.71705,105,32,0
2026-08-26T21:50:00Z,1787781000,0.71705,0.71705,0.71695,0.71702,60,58,0
2026-08-26T21:55:00Z,1787781300,0.71703,0.7172,0.71703,0.7172,16,46,0
2026-08-26T22:00:00Z,1787781600,0.7173,0.71774,0.7173,0.71764,88,9,0
2026-08-26T22:05:00Z,1787781900,0.71764,0.71765,0.71752,0.71752,35,9,0
2026-08-26T22:10:00Z,1787782200,0.71752,0.71758,0.71749,0.71758,33,9,0
2026-08-26T22:15:00Z,1787782500,0.71758,0.7177,0.71757,0.7177,36,9,0
2026-08-26T22:20:00Z,1787782800,0.7177,0.71771,0.71761,0.71761,16,9,0
2026-08-26T22:25:00Z,1787783100,0.71761,0.71767,0.7176,0.71767,24,9,0
2026-08-26T22:30:00Z,1787783400,0.71767,0.71769,0.71761,0.71765,31,9,0
2026-08-26T22:35:00Z,1787783700,0.71765,0.71778,0.71765,0.71778,30,9,0
2026-08-26T22:40:00Z,1787784000,0.71778,0.71785,0.71777,0.71784,29,9,0
2026-08-26T22:45:00Z,1787784300,0.71784,0.71794,0.7178,0.71782,41,9,0
2026-08-26T22:50:00Z,1787784600,0.71782,0.71788,0.71781,0.71783,25,9,0
2026-08-26T22:55:00Z,1787784900,0.71783,0.71798,0.71783,0.71793,52,9,0
2026-08-26T23:00:00Z,1787785200,0.71793,0.71813,0.7179,0.7181,74,9,0
2026-08-26T23:05:00Z,1787785500,0.7181,0.71822,0.71809,0.71818,35,9,0
2026-08-26T23:10:00Z,1787785800,0.71819,0.71827,0.71819,0.71825,36,9,0
2026-08-26T23:15:00Z,1787786100,0.71825,0.71827,0.7181,0.71826,65,9,0
2026-08-26T23:20:00Z,1787786400,0.71826,0.71827,0.7181,0.71812,33,9,0
2026-08-26T23:25:00Z,1787786700,0.71812,0.71812,0.71797,0.71798,34,9,0
2026-08-26T23:30:00Z,1787787000,0.71798,0.71815,0.71798,0.71815,34,9,0
2026-08-26T23:35:00Z,1787787300,0.71815,0.7182,0.71814,0.71816,29,9,0
2026-08-26T23:40:00Z,1787787600,0.71816,0.7183,0.71814,0.71827,39,9,0
2026-08-26T23:45:00Z,1787787900,0.71827,0.71841,0.71826,0.71836,53,9,0
2026-08-26T23:50:00Z,1787788200,0.71835,0.71835,0.71808,0.71808,69,9,0
2026-08-26T23:55:00Z,1787788500,0.71808,0.71813,0.71805,0.71808,60,9,0
2026-08-27T00:00:00Z,1787788800,0.71808,0.71815,0.7179,0.71791,119,9,0
2026-08-27T00:05:00Z,1787789100,0.71793,0.71794,0.7177,0.71776,141,9,0
2026-08-27T00:10:00Z,1787789400,0.71775,0.71775,0.71749,0.71761,94,9,0
2026-08-27T00:15:00Z,1787789700,0.71761,0.71781,0.71753,0.7178,84,9,0
2026-08-27T00:20:00Z,1787790000,0.7178,0.71796,0.71776,0.71786,88,9,0
2026-08-27T00:25:00Z,1787790300,0.71786,0.71791,0.71779,0.71791,80,9,0
2026-08-27T00:30:00Z,1787790600,0.71791,0.71807,0.71788,0.71807,119,9,0
2026-08-27T00:35:00Z,1787790900,0.71807,0.71807,0.71773,0.71773,98,9,0
2026-08-27T00:40:00Z,1787791200,0.71773,0.71778,0.71762,0.71762,99,9,0
2026-08-27T00:45:00Z,1787791500,0.71762,0.71787,0.71761,0.71785,85,9,0
2026-08-27T00:50:00Z,1787791800,0.71785,0.71791,0.7176,0.71775,126,9,0
2026-08-27T00:55:00Z,1787792100,0.71775,0.71805,0.7177,0.71804,156,9,0
2026-08-27T01:00:00Z,1787792400,0.71803,0.71821,0.71799,0.7181,207,9,0
2026-08-27T01:05:00Z,1787792700,0.7181,0.71834,0.71807,0.71814,142,9,0
2026-08-27T01:10:00Z,1787793000,0.71814,0.71816,0.71801,0.71807,114,9,0
2026-08-27T01:15:00Z,1787793300,0.71807,0.71809,0.71787,0.71804,124,9,0
2026-08-27T01:20:00Z,1787793600,0.71805,0.71846,0.71804,0.71839,117,9,0
2026-08-27T01:25:00Z,1787793900,0.7184,0.71842,0.71814,0.71819,107,9,0
2026-08-27T01:30:00Z,1787794200,0.71819,0.71851,0.71818,0.71838,132,9,0
2026-08-27T01:35:00Z,1787794500,0.71838,0.71846,0.71813,0.71814,161,9,0
2026-08-27T01:40:00Z,1787794800,0.71815,0.71815,0.71796,0.71796,122,9,0
2026-08-27T01:45:00Z,1787795100,0.71796,0.71824,0.71793,0.71818,108,9,0
2026-08-27T01:50:00Z,1787795400,0.71818,0.71827,0.71809,0.71826,88,9,0
2026-08-27T01:55:00Z,1787795700,0.71827,0.71837,0.71824,0.71835,74,9,0
2026-08-27T02:00:00Z,1787796000,0.71835,0.71836,0.7182,0.71824,94,9,0
2026-08-27T02:05:00Z,1787796300,0.71825,0.71848,0.71825,0.71847,89,9,0
2026-08-27T02:10:00Z,1787796600,0.71847,0.71848,0.71831,0.71836,70,9,0
2026-08-27T02:15:00Z,1787796900,0.71835,0.71841,0.71833,0.71838,50,9,0
2026-08-27T02:20:00Z,1787797200,0.71838,0.71844,0.71828,0.71829,86,9,0
2026-08-27T02:25:00Z,1787797500,0.71829,0.7184,0.71826,0.71831,70,9,0
2026-08-27T02:30:00Z,1787797800,0.7183,0.71841,0.71826,0.71835,87,9,0
2026-08-27T02:35:00Z,1787798100,0.71835,0.71846,0.71827,0.7183,85,9,0
2026-08-27T02:40:00Z,1787798400,0.7183,0.71834,0.71821,0.71831,67,9,0
2026-08-27T02:45:00Z,1787798700,0.71831,0.71843,0.71826,0.71835,88,9,0
2026-08-27T02:50:00Z,1787799000,0.71835,0.71835,0.71813,0.71816,61,9,0
2026-08-27T02:55:00Z,1787799300,0.71816,0.71823,0.71814,0.71821,57,9,0
2026-08-27T03:00:00Z,1787799600,0.71821,0.71822,0.7181,0.71814,97,9,0
2026-08-27T03:05:00Z,1787799900,0.71814,0.7182,0.71804,0.71813,91,9,0
2026-08-27T03:10:00Z,1787800200,0.71813,0.71825,0.71811,0.71824,63,9,0
2026-08-27T03:15:00Z,1787800500,0.71824,0.71833,0.71821,0.71824,54,9,0
2026-08-27T03:20:00Z,1787800800,0.71824,0.71836,0.71823,0.71834,48,9,0
2026-08-27T03:25:00Z,1787801100,0.71836,0.71841,0.71817,0.71818,85,9,0
2026-08-27T03:30:00Z,1787801400,0.71818,0.71823,0.71813,0.71821,61,9,0
2026-08-27T03:35:00Z,1787801700,0.71821,0.71822,0.71811,0.71814,48,9,0
2026-08-27T03:40:00Z,1787802000,0.71814,0.7182,0.71814,0.71814,48,9,0
2026-08-27T03:45:00Z,1787802300,0.71815,0.71823,0.71815,0.71819,40,9,0
2026-08-27T03:50:00Z,1787802600,0.71819,0.71822,0.71818,0.71819,44,9,0
2026-08-27T03:55:00Z,1787802900,0.71819,0.71822,0.71816,0.7182,45,9,0
2026-08-27T04:00:00Z,1787803200,0.7182,0.71839,0.71819,0.7183,67,9,0
2026-08-27T04:05:00Z,1787803500,0.7183,0.71834,0.71821,0.71834,67,9,0
2026-08-27T04:10:00Z,1787803800,0.71834,0.71848,0.71834,0.71847,54,9,0
2026-08-27T04:15:00Z,1787804100,0.71847,0.71853,0.71845,0.71846,52,9,0
2026-08-27T04:20:00Z,1787804400,0.71845,0.71845,0.71833,0.71836,35,9,0
2026-08-27T04:25:00Z,1787804700,0.71836,0.71841,0.7183,0.7183,46,9,0
2026-08-27T04:30:00Z,1787805000,0.71829,0.71829,0.71809,0.71809,32,9,0
2026-08-27T04:35:00Z,1787805300,0.71809,0.71811,0.71803,0.71809,62,9,0
2026-08-27T04:40:00Z,1787805600,0.71809,0.71822,0.71803,0.71817,65,9,0
2026-08-27T04:45:00Z,1787805900,0.71815,0.71835,0.71814,0.71834,48,9,0
2026-08-27T04:50:00Z,1787806200,0.71834,0.71845,0.71828,0.71839,76,9,0
2026-08-27T04:55:00Z,1787806500,0.71838,0.7185,0.71836,0.71846,65,9,0
2026-08-27T05:00:00Z,1787806800,0.71847,0.7185,0.71828,0.71831,69,9,0
2026-08-27T05:05:00Z,1787807100,0.71831,0.71839,0.7183,0.71834,68,9,0
2026-08-27T05:10:00Z,1787807400,0.71834,0.7184,0.71825,0.71826,42,9,0
2026-08-27T05:15:00Z,1787807700,0.71825,0.71825,0.718,0.71804,79,9,0
2026-08-27T05:20:00Z,1787808000,0.71805,0.71832,0.71805,0.71831,72,9,0
2026-08-27T05:25:00Z,1787808300,0.71831,0.71837,0.71825,0.71831,61,9,0
2026-08-27T05:30:00Z,1787808600,0.71831,0.71836,0.71812,0.71821,81,9,0
2026-08-27T05:35:00Z,1787808900,0.71821,0.71823,0.71817,0.7182,49,9,0
2026-08-27T05:40:00Z,1787809200,0.7182,0.71826,0.71812,0.71826,64,9,0
2026-08-27T05:45:00Z,1787809500,0.71825,0.71836,0.71824,0.71829,62,9,0
2026-08-27T05:50:00Z,1787809800,0.71829,0.71831,0.718,0.71818,97,9,0
2026-08-27T05:55:00Z,1787810100,0.71818,0.7182,0.71806,0.71819,79,9,0
2026-08-27T06:00:00Z,1787810400,0.71819,0.71821,0.71797,0.71805,94,9,0
2026-08-27T06:05:00Z,1787810700,0.71805,0.71826,0.71803,0.71825,68,9,0
2026-08-27T06:10:00Z,1787811000,0.71825,0.71845,0.71825,0.71838,68,9,0
2026-08-27T06:15:00Z,1787811300,0.71837,0.71845,0.71827,0.71842,82,9,0
2026-08-27T06:20:00Z,1787811600,0.71843,0.7185,0.71841,0.71844,73,9,0
2026-08-27T06:25:00Z,1787811900,0.71844,0.71859,0.71842,0.71854,80,9,0
2026-08-27T06:30:00Z,1787812200,0.71855,0.71857,0.71827,0.71834,94,9,0
2026-08-27T06:35:00Z,1787812500,0.71834,0.71842,0.71829,0.71833,62,9,0
2026-08-27T06:40:00Z,1787812800,0.71833,0.71835,0.71824,0.71829,70,9,0
2026-08-27T06:45:00Z,1787813100,0.71829,0.71855,0.71808,0.71809,112,9,0
2026-08-27T06:50:00Z,1787813400,0.71809,0.71823,0.71797,0.71823,108,9,0
2026-08-27T06:55:00Z,1787813700,0.71823,0.71837,0.71822,0.71834,94,9,0
2026-08-27T07:00:00Z,1787814000,0.71834,0.71858,0.71833,0.71852,173,9,0
2026-08-27T07:05:00Z,1787814300,0.71851,0.71857,0.71832,0.71846,103,9,0
2026-08-27T07:10:00Z,1787814600,0.71846,0.71857,0.71843,0.71849,104,9,0
2026-08-27T07:15:00Z,1787814900,0.71849,0.71849,0.7182,0.71842,126,9,0
2026-08-27T07:20:00Z,1787815200,0.71841,0.71841,0.71803,0.71804,102,9,0
2026-08-27T07:25:00Z,1787815500,0.71804,0.71807,0.71784,0.71794,99,9,0
2026-08-27T07:30:00Z,1787815800,0.71793,0.71808,0.71789,0.718,98,9,0
2026-08-27T07:35:00Z,1787816100,0.718,0.71822,0.718,0.71813,118,9,0
2026-08-27T07:40:00Z,1787816400,0.71813,0.71824,0.71806,0.71824,82,9,0
2026-08-27T07:45:00Z,1787816700,0.71825,0.71829,0.71814,0.71816,95,9,0
2026-08-27T07:50:00Z,1787817000,0.71817,0.71817,0.71794,0.71808,130,9,0
2026-08-27T07:55:00Z,1787817300,0.71808,0.71816,0.71802,0.71803,108,9,0
2026-08-27T08:00:00Z,1787817600,0.71803,0.71835,0.71803,0.71825,124,9,0
2026-08-27T08:05:00Z,1787817900,0.71824,0.71856,0.71823,0.71854,112,9,0
2026-08-27T08:10:00Z,1787818200,0.71854,0.71858,0.71839,0.7184,88,9,0
2026-08-27T08:15:00Z,1787818500,0.7184,0.71869,0.7184,0.71844,121,9,0
2026-08-27T08:20:00Z,1787818800,0.71843,0.71845,0.71826,0.71845,99,9,0
2026-08-27T08:25:00Z,1787819100,0.71845,0.71869,0.71844,0.7185,94,9,0
2026-08-27T08:30:00Z,1787819400,0.71849,0.71852,0.71826,0.71827,97,9,0
2026-08-27T08:35:00Z,1787819700,0.71828,0.7184,0.71818,0.71834,100,9,0
2026-08-27T08:40:00Z,1787820000,0.71834,0.71851,0.71829,0.71841,92,9,0
2026-08-27T08:45:00Z,1787820300,0.71841,0.71843,0.71832,0.71837,91,9,0
2026-08-27T08:50:00Z,1787820600,0.71838,0.71849,0.71835,0.71846,76,9,0
2026-08-27T08:55:00Z,1787820900,0.71846,0.71848,0.71825,0.71825,100,9,0
2026-08-27T09:00:00Z,1787821200,0.71826,0.7183,0.71776,0.71781,174,9,0
2026-08-27T09:05:00Z,1787821500,0.71781,0.7181,0.7178,0.71797,127,9,0
2026-08-27T09:10:00Z,1787821800,0.71798,0.7181,0.71793,0.71793,80,9,0
2026-08-27T09:15:00Z,1787822100,0.71793,0.71802,0.71776,0.71776,99,9,0
2026-08-27T09:20:00Z,1787822400,0.71776,0.71796,0.71775,0.71788,83,9,0
2026-08-27T09:25:00Z,1787822700,0.71788,0.71809,0.71783,0.71803,105,9,0
2026-08-27T09:30:00Z,1787823000,0.71803,0.71803,0.71783,0.71785,90,9,0
2026-08-27T09:35:00Z,1787823300,0.71785,0.71786,0.71753,0.71759,107,9,0
2026-08-27T09:40:00Z,1787823600,0.71758,0.71769,0.71754,0.71755,100,9,0
2026-08-27T09:45:00Z,1787823900,0.71755,0.71773,0.71749,0.71761,112,9,0
2026-08-27T09:50:00Z,1787824200,0.71761,0.71774,0.71756,0.71771,79,9,0
2026-08-27T09:55:00Z,1787824500,0.71773,0.71773,0.71752,0.71752,92,9,0
2026-08-27T10:00:00Z,1787824800,0.71752,0.71763,0.71746,0.71759,120,9,0
2026-08-27T10:05:00Z,1787825100,0.71759,0.71775,0.71755,0.71774,96,9,0
2026-08-27T10:10:00Z,1787825400,0.71774,0.71791,0.71774,0.71788,83,9,0
2026-08-27T10:15:00Z,1787825700,0.71787,0.71802,0.71778,0.71802,79,9,0
2026-08-27T10:20:00Z,1787826000,0.71802,0.71804,0.71788,0.71789,85,9,0
2026-08-27T10:25:00Z,1787826300,0.7179,0.71793,0.71782,0.71789,72,9,0
2026-08-27T10:30:00Z,1787826600,0.71789,0.71794,0.71787,0.71789,67,9,0
2026-08-27T10:35:00Z,1787826900,0.71789,0.71793,0.71769,0.71771,109,9,0
2026-08-27T10:40:00Z,1787827200,0.71771,0.71786,0.71765,0.71786,99,9,0
2026-08-27T10:45:00Z,1787827500,0.71786,0.71793,0.7178,0.71781,81,9,0
2026-08-27T10:50:00Z,1787827800,0.71781,0.71798,0.7178,0.71797,82,9,0
2026-08-27T10:55:00Z,1787828100,0.71797,0.71801,0.71789,0.7179,69,9,0
2026-08-27T11:00:00Z,1787828400,0.7179,0.7179,0.7178,0.71782,109,9,0
2026-08-27T11:05:00Z,1787828700,0.71782,0.71792,0.71782,0.71787,67,9,0
2026-08-27T11:10:00Z,1787829000,0.71786,0.71791,0.71779,0.7179,77,9,0
2026-08-27T11:15:00Z,1787829300,0.7179,0.718,0.71786,0.71798,67,9,0
2026-08-27T11:20:00Z,1787829600,0.71798,0.71806,0.71797,0.71805,68,9,0
2026-08-27T11:25:00Z,1787829900,0.71806,0.71813,0.71799,0.71803,70,9,0
2026-08-27T11:30:00Z,1787830200,0.71804,0.71831,0.71804,0.7181,142,9,0
2026-08-27T11:35:00Z,1787830500,0.7181,0.71825,0.71806,0.71824,101,9,0
2026-08-27T11:40:00Z,1787830800,0.71824,0.71836,0.71822,0.71822,73,9,0
2026-08-27T11:45:00Z,1787831100,0.71822,0.71827,0.71801,0.71803,74,9,0
2026-08-27T11:50:00Z,1787831400,0.71803,0.71833,0.718,0.71833,99,9,0
2026-08-27T11:55:00Z,1787831700,0.71833,0.71865,0.7183,0.71863,141,9,0
2026-08-27T12:00:00Z,1787832000,0.71863,0.71896,0.7186,0.71875,197,9,0
2026-08-27T12:05:00Z,1787832300,0.71874,0.71893,0.71869,0.71893,120,9,0
2026-08-27T12:10:00Z,1787832600,0.71893,0.71894,0.71879,0.71891,99,9,0
2026-08-27T12:15:00Z,1787832900,0.71891,0.71894,0.71883,0.71893,93,9,0
2026-08-27T12:20:00Z,1787833200,0.71893,0.71922,0.71893,0.71898,140,9,0
2026-08-27T12:25:00Z,1787833500,0.71897,0.71905,0.71884,0.71894,95,9,0
2026-08-27T12:30:00Z,1787833800,0.71893,0.71909,0.71885,0.71885,100,9,0
2026-08-27T12:35:00Z,1787834100,0.71886,0.7189,0.7186,0.7187,111,9,0
2026-08-27T12:40:00Z,1787834400,0.7187,0.71877,0.7186,0.71866,111,9,0
2026-08-27T12:45:00Z,1787834700,0.71865,0.71867,0.71851,0.71851,90,9,0
2026-08-27T12:50:00Z,1787835000,0.7185,0.71867,0.71837,0.71859,103,9,0
2026-08-27T12:55:00Z,1787835300,0.71859,0.71873,0.71858,0.71869,100,9,0
2026-08-27T13:00:00Z,1787835600,0.71868,0.71888,0.71855,0.71879,146,9,0
2026-08-27T13:05:00Z,1787835900,0.71879,0.71904,0.71875,0.71901,139,9,0
2026-08-27T13:10:00Z,1787836200,0.71901,0.71924,0.71899,0.7191,122,9,0
2026-08-27T13:15:00Z,1787836500,0.71909,0.71918,0.71903,0.71903,104,9,0
2026-08-27T13:20:00Z,1787836800,0.71904,0.71946,0.71902,0.71945,141,9,0
2026-08-27T13:25:00Z,1787837100,0.71945,0.71951,0.71932,0.71932,151,9,0
2026-08-27T13:30:00Z,1787837400,0.71932,0.71939,0.71912,0.71917,198,9,0
2026-08-27T13:35:00Z,1787837700,0.71915,0.71926,0.71907,0.71911,177,9,0
2026-08-27T13:40:00Z,1787838000,0.7191,0.71916,0.71898,0.719,158,9,0
2026-08-27T13:45:00Z,1787838300,0.719,0.719,0.71862,0.71891,186,9,0
2026-08-27T13:50:00Z,1787838600,0.71891,0.71922,0.71891,0.71914,158,9,0
2026-08-27T13:55:00Z,1787838900,0.71914,0.71934,0.7191,0.71917,172,9,0
2026-08-27T14:00:00Z,1787839200,0.71917,0.71931,0.71909,0.71931,176,9,0
2026-08-27T14:05:00Z,1787839500,0.71931,0.71949,0.71921,0.71933,184,9,0
2026-08-27T14:10:00Z,1787839800,0.71931,0.71933,0.71893,0.71902,142,9,0
2026-08-27T14:15:00Z,1787840100,0.71903,0.7192,0.71902,0.71914,114,9,0
2026-08-27T14:20:00Z,1787840400,0.71914,0.71929,0.71899,0.719,122,9,0
2026-08-27T14:25:00Z,1787840700,0.719,0.71914,0.71895,0.71913,98,9,0
2026-08-27T14:30:00Z,1787841000,0.71913,0.7193,0.71912,0.7193,102,9,0
2026-08-27T14:35:00Z,1787841300,0.7193,0.71942,0.71925,0.71941,140,9,0
2026-08-27T14:40:00Z,1787841600,0.7194,0.71941,0.71913,0.7193,137,9,0
2026-08-27T14:45:00Z,1787841900,0.7193,0.71954,0.71924,0.71926,132,9,0
2026-08-27T14:50:00Z,1787842200,0.71926,0.71933,0.71907,0.71907,141,9,0
2026-08-27T14:55:00Z,1787842500,0.71906,0.71914,0.71877,0.71908,210,9,0
2026-08-27T15:00:00Z,1787842800,0.71909,0.71934,0.71904,0.71927,175,9,0
2026-08-27T15:05:00Z,1787843100,0.71926,0.71936,0.71914,0.71919,125,9,0
2026-08-27T15:10:00Z,1787843400,0.71919,0.7194,0.71919,0.7193,98,9,0
2026-08-27T15:15:00Z,1787843700,0.7193,0.71941,0.71924,0.71924,99,9,0
2026-08-27T15:20:00Z,1787844000,0.71924,0.71936,0.71922,0.71925,99,9,0
2026-08-27T15:25:00Z,1787844300,0.71925,0.71936,0.71923,0.71933,79,9,0
2026-08-27T15:30:00Z,1787844600,0.71933,0.7195,0.71929,0.7195,88,9,0
2026-08-27T15:35:00Z,1787844900,0.7195,0.71958,0.71945,0.71949,83,9,0
2026-08-27T15:40:00Z,1787845200,0.71949,0.71959,0.71946,0.71946,77,9,0
2026-08-27T15:45:00Z,1787845500,0.71945,0.71947,0.71937,0.71944,99,9,0
2026-08-27T15:50:00Z,1787845800,0.71943,0.7197,0.71943,0.71962,67,9,0
2026-08-27T15:55:00Z,1787846100,0.71962,0.71974,0.71959,0.71967,101,9,0
2026-08-27T16:00:00Z,1787846400,0.71968,0.71972,0.7196,0.71968,78,9,0
2026-08-27T16:05:00Z,1787846700,0.71967,0.71967,0.71944,0.71945,83,9,0
2026-08-27T16:10:00Z,1787847000,0.71947,0.71948,0.71938,0.7194,62,9,0
2026-08-27T16:15:00Z,1787847300,0.7194,0.71942,0.71932,0.71935,68,9,0
2026-08-27T16:20:00Z,1787847600,0.71935,0.71947,0.71933,0.71943,72,9,0
2026-08-27T16:25:00Z,1787847900,0.71943,0.71955,0.7194,0.71949,53,9,0
2026-08-27T16:30:00Z,1787848200,0.7195,0.71957,0.71949,0.71956,58,9,0
2026-08-27T16:35:00Z,1787848500,0.71956,0.7196,0.71952,0.7196,49,9,0
2026-08-27T16:40:00Z,1787848800,0.71961,0.71962,0.71949,0.71952,47,9,0
2026-08-27T16:45:00Z,1787849100,0.71953,0.71971,0.7195,0.71952,96,9,0
2026-08-27T16:50:00Z,1787849400,0.71951,0.71962,0.71949,0.71952,57,9,0
2026-08-27T16:55:00Z,1787849700,0.71951,0.71969,0.71949,0.71968,81,9,0
2026-08-27T17:00:00Z,1787850000,0.71966,0.71974,0.71962,0.71969,81,9,0
2026-08-27T17:05:00Z,1787850300,0.71968,0.71969,0.71958,0.71969,75,9,0
2026-08-27T17:10:00Z,1787850600,0.71969,0.71969,0.71959,0.71959,41,9,0
2026-08-27T17:15:00Z,1787850900,0.71959,0.71963,0.71955,0.71961,55,9,0
2026-08-27T17:20:00Z,1787851200,0.71961,0.71966,0.71959,0.71962,43,9,0
2026-08-27T17:25:00Z,1787851500,0.71962,0.71965,0.71961,0.71964,45,9,0
2026-08-27T17:30:00Z,1787851800,0.71964,0.71968,0.71959,0.71966,50,9,0
2026-08-27T17:35:00Z,1787852100,0.71966,0.71966,0.71961,0.71964,39,9,0
2026-08-27T17:40:00Z,1787852400,0.71964,0.71968,0.71951,0.71953,60,9,0
2026-08-27T17:45:00Z,1787852700,0.71954,0.71958,0.71948,0.71957,92,9,0
2026-08-27T17:50:00Z,1787853000,0.71957,0.71961,0.71952,0.71955,70,9,0
2026-08-27T17:55:00Z,1787853300,0.71955,0.71965,0.71955,0.7196,63,9,0
2026-08-27T18:00:00Z,1787853600,0.7196,0.71962,0.7194,0.7194,101,9,0
2026-08-27T18:05:00Z,1787853900,0.71939,0.7195,0.71939,0.71949,73,9,0
2026-08-27T18:10:00Z,1787854200,0.71949,0.71949,0.71942,0.71947,73,9,0
2026-08-27T18:15:00Z,1787854500,0.71948,0.71949,0.7194,0.7194,69,9,0
2026-08-27T18:20:00Z,1787854800,0.7194,0.71942,0.71931,0.71931,54,9,0
2026-08-27T18:25:00Z,1787855100,0.71931,0.71933,0.71923,0.71923,54,9,0
2026-08-27T18:30:00Z,1787855400,0.71923,0.71931,0.71923,0.71925,53,9,0
2026-08-27T18:35:00Z,1787855700,0.71925,0.71935,0.71925,0.71935,52,9,0
2026-08-27T18:40:00Z,1787856000,0.71935,0.71938,0.71932,0.71937,44,9,0
2026-08-27T18:45:00Z,1787856300,0.71937,0.71945,0.71934,0.71941,38,9,0
2026-08-27T18:50:00Z,1787856600,0.71941,0.71949,0.71939,0.71945,38,9,0
2026-08-27T18:55:00Z,1787856900,0.71945,0.71952,0.71941,0.71949,57,9,0
2026-08-27T19:00:00Z,1787857200,0.7195,0.71954,0.71946,0.71948,63,9,0
2026-08-27T19:05:00Z,1787857500,0.71948,0.71962,0.71947,0.71956,77,9,0
2026-08-27T19:10:00Z,1787857800,0.71956,0.71956,0.7195,0.71953,51,9,0
2026-08-27T19:15:00Z,1787858100,0.71953,0.71958,0.71947,0.71955,65,9,0
2026-08-27T19:20:00Z,1787858400,0.71955,0.71956,0.71945,0.71947,48,9,0
2026-08-27T19:25:00Z,1787858700,0.71947,0.71947,0.71938,0.7194,38,9,0
2026-08-27T19:30:00Z,1787859000,0.7194,0.71949,0.71937,0.71945,46,9,0
2026-08-27T19:35:00Z,1787859300,0.71945,0.71947,0.71943,0.71944,50,9,0
2026-08-27T19:40:00Z,1787859600,0.71944,0.71949,0.71943,0.71949,42,9,0
2026-08-27T19:45:00Z,1787859900,0.71949,0.71954,0.71948,0.71948,40,9,0
2026-08-27T19:50:00Z,1787860200,0.71948,0.71951,0.71939,0.71948,64,9,0
2026-08-27T19:55:00Z,1787860500,0.71948,0.71962,0.71945,0.71954,72,9,0
2026-08-27T20:00:00Z,1787860800,0.71953,0.71956,0.71949,0.71951,40,9,0
2026-08-27T20:05:00Z,1787861100,0.71951,0.71959,0.7195,0.71956,38,9,0
2026-08-27T20:10:00Z,1787861400,0.71956,0.71964,0.71955,0.71958,31,9,0
2026-08-27T20:15:00Z,1787861700,0.71958,0.71959,0.7195,0.71953,33,9,0
2026-08-27T20:20:00Z,1787862000,0.71954,0.71955,0.71952,0.71952,22,9,0
2026-08-27T20:25:00Z,1787862300,0.71952,0.71952,0.71945,0.71945,32,9,0
2026-08-27T20:30:00Z,1787862600,0.71945,0.71945,0.71943,0.71945,13,9,0
2026-08-27T20:35:00Z,1787862900,0.71945,0.71948,0.71944,0.71947,12,9,0
2026-08-27T20:40:00Z,1787863200,0.71947,0.71947,0.71944,0.71944,12,9,0
2026-08-27T20:45:00Z,1787863500,0.71944,0.71952,0.71942,0.71952,23,9,0
2026-08-27T20:50:00Z,1787863800,0.71952,0.71956,0.7195,0.7195,26,9,0
2026-08-27T20:55:00Z,1787864100,0.7195,0.71951,0.71943,0.71946,49,9,0
2026-08-27T21:00:00Z,1787864400,0.71944,0.71944,0.71942,0.71942,3,19,0
2026-08-27T21:05:00Z,1787864700,0.71943,0.71943,0.71911,0.71913,41,19,0
2026-08-27T21:10:00Z,1787865000,0.7191,0.71915,0.71894,0.71895,72,46,0
2026-08-27T21:15:00Z,1787865300,0.71896,0.7192,0.71896,0.71916,71,43,0
2026-08-27T21:20:00Z,1787865600,0.71915,0.71922,0.71905,0.71919,66,41,0
2026-08-27T21:25:00Z,1787865900,0.71918,0.71925,0.71917,0.71921,44,37,0
2026-08-27T21:30:00Z,1787866200,0.71922,0.71925,0.71921,0.71923,21,32,0
2026-08-27T21:35:00Z,1787866500,0.71923,0.71926,0.7192,0.71925,33,32,0
2026-08-27T21:40:00Z,1787866800,0.71927,0.71928,0.71922,0.71927,37,32,0
2026-08-27T21:45:00Z,1787867100,0.71927,0.71929,0.71924,0.71928,28,29,0
2026-08-27T21:50:00Z,1787867400,0.71928,0.71929,0.71924,0.71926,14,27,0
2026-08-27T21:55:00Z,1787867700,0.71926,0.71931,0.71926,0.71931,9,26,0
2026-08-27T22:00:00Z,1787868000,0.71937,0.71959,0.71937,0.71946,52,9,0
2026-08-27T22:05:00Z,1787868300,0.71943,0.71944,0.71939,0.71941,16,9,0
2026-08-27T22:10:00Z,1787868600,0.71942,0.71945,0.71941,0.71945,24,9,0
2026-08-27T22:15:00Z,1787868900,0.71945,0.71949,0.71945,0.71945,24,9,0
2026-08-27T22:20:00Z,1787869200,0.71945,0.71945,0.71942,0.71945,19,9,0
2026-08-27T22:25:00Z,1787869500,0.71945,0.71945,0.71943,0.71944,16,9,0
2026-08-27T22:30:00Z,1787869800,0.71945,0.71949,0.71944,0.71945,24,9,0
2026-08-27T22:35:00Z,1787870100,0.71946,0.7195,0.71946,0.7195,19,9,0
2026-08-27T22:40:00Z,1787870400,0.7195,0.71954,0.71949,0.71949,15,9,0
2026-08-27T22:45:00Z,1787870700,0.71949,0.71949,0.71942,0.71942,18,9,0
2026-08-27T22:50:00Z,1787871000,0.71942,0.71949,0.71939,0.71947,20,9,0
2026-08-27T22:55:00Z,1787871300,0.71947,0.7195,0.71947,0.7195,23,9,0
2026-08-27T23:00:00Z,1787871600,0.7195,0.71951,0.71942,0.71945,31,9,0
2026-08-27T23:05:00Z,1787871900,0.71945,0.71945,0.7194,0.7194,24,9,0
2026-08-27T23:10:00Z,1787872200,0.7194,0.71948,0.7194,0.7194,26,9,0
2026-08-27T23:15:00Z,1787872500,0.7194,0.71941,0.7194,0.7194,11,9,0
2026-08-27T23:20:00Z,1787872800,0.7194,0.71941,0.7193,0.71937,27,9,0
2026-08-27T23:25:00Z,1787873100,0.71937,0.71939,0.71935,0.71935,15,9,0
2026-08-27T23:30:00Z,1787873400,0.71935,0.71935,0.71935,0.71935,5,9,0
2026-08-27T23:35:00Z,1787873700,0.71935,0.71944,0.71935,0.71944,25,9,0
2026-08-27T23:40:00Z,1787874000,0.71944,0.71945,0.7194,0.71945,17,9,0
2026-08-27T23:45:00Z,1787874300,0.71945,0.71948,0.71941,0.71945,25,9,0
2026-08-27T23:50:00Z,1787874600,0.71945,0.71957,0.71945,0.71953,28,9,0
2026-08-27T23:55:00Z,1787874900,0.71953,0.71953,0.71945,0.71953,35,9,0
2026-08-28T00:00:00Z,1787875200,0.71953,0.71965,0.71947,0.71952,94,9,0
2026-08-28T00:05:00Z,1787875500,0.71952,0.71967,0.7195,0.71961,77,9,0
2026-08-28T00:10:00Z,1787875800,0.7196,0.7197,0.71956,0.71969,70,9,0
2026-08-28T00:15:00Z,1787876100,0.71969,0.71973,0.71949,0.71955,97,9,0
2026-08-28T00:20:00Z,1787876400,0.71954,0.71962,0.71947,0.71961,55,9,0
2026-08-28T00:25:00Z,1787876700,0.7196,0.71973,0.71949,0.71973,57,9,0
2026-08-28T00:30:00Z,1787877000,0.71973,0.71977,0.71968,0.71973,42,9,0
2026-08-28T00:35:00Z,1787877300,0.71973,0.71985,0.71969,0.71973,66,9,0
2026-08-28T00:40:00Z,1787877600,0.71972,0.71975,0.71967,0.7197,33,9,0
2026-08-28T00:45:00Z,1787877900,0.71971,0.71984,0.71967,0.71975,63,9,0
2026-08-28T00:50:00Z,1787878200,0.71976,0.71976,0.71948,0.71951,68,9,0
2026-08-28T00:55:00Z,1787878500,0.71953,0.71966,0.71952,0.71962,61,9,0
2026-08-28T01:00:00Z,1787878800,0.71962,0.71991,0.71949,0.71989,128,9,0
2026-08-28T01:05:00Z,1787879100,0.71989,0.72,0.71986,0.71995,79,9,0
2026-08-28T01:10:00Z,1787879400,0.71994,0.71997,0.71979,0.71984,67,9,0
2026-08-28T01:15:00Z,1787879700,0.71984,0.71993,0.71977,0.71988,87,9,0
2026-08-28T01:20:00Z,1787880000,0.71988,0.71992,0.71979,0.71979,68,9,0
2026-08-28T01:25:00Z,1787880300,0.71978,0.71979,0.71957,0.71961,77,9,0
2026-08-28T01:30:00Z,1787880600,0.71961,0.71975,0.71959,0.71974,98,9,0
2026-08-28T01:35:00Z,1787880900,0.71974,0.71997,0.71974,0.7199,99,9,0
2026-08-28T01:40:00Z,1787881200,0.71989,0.7199,0.71977,0.7198,86,9,0
2026-08-28T01:45:00Z,1787881500,0.7198,0.71981,0.71966,0.71975,83,9,0
2026-08-28T01:50:00Z,1787881800,0.71975,0.71983,0.71957,0.7196,85,9,0
2026-08-28T01:55:00Z,1787882100,0.7196,0.71968,0.71954,0.71964,80,9,0
2026-08-28T02:00:00Z,1787882400,0.71964,0.71974,0.7196,0.71968,78,9,0
2026-08-28T02:05:00Z,1787882700,0.71968,0.71984,0.71968,0.71978,49,9,0
2026-08-28T02:10:00Z,1787883000,0.71978,0.71984,0.71974,0.71978,74,9,0
2026-08-28T02:15:00Z,1787883300,0.71978,0.71991,0.71975,0.7199,47,9,0
2026-08-28T02:20:00Z,1787883600,0.71991,0.72019,0.7199,0.72019,65,9,0
2026-08-28T02:25:00Z,1787883900,0.72021,0.72033,0.71998,0.72,90,9,0
2026-08-28T02:30:00Z,1787884200,0.72,0.72018,0.72,0.72018,91,9,0
2026-08-28T02:35:00Z,1787884500,0.72018,0.72021,0.72008,0.72008,57,9,0
2026-08-28T02:40:00Z,1787884800,0.72008,0.72011,0.71993,0.71994,54,9,0
2026-08-28T02:45:00Z,1787885100,0.71994,0.72014,0.71988,0.72014,61,9,0
2026-08-28T02:50:00Z,1787885400,0.72014,0.7204,0.7201,0.72033,70,9,0
2026-08-28T02:55:00Z,1787885700,0.72034,0.72043,0.72031,0.72035,73,9,0
2026-08-28T03:00:00Z,1787886000,0.72035,0.7204,0.7203,0.72038,62,9,0
2026-08-28T03:05:00Z,1787886300,0.72038,0.72038,0.72028,0.72033,38,9,0
2026-08-28T03:10:00Z,1787886600,0.72033,0.72043,0.72028,0.72039,46,9,0
2026-08-28T03:15:00Z,1787886900,0.7204,0.72041,0.72033,0.72038,49,9,0
2026-08-28T03:20:00Z,1787887200,0.72038,0.72038,0.72033,0.72038,28,9,0
2026-08-28T03:25:00Z,1787887500,0.72038,0.72045,0.72038,0.72042,56,9,0
2026-08-28T03:30:00Z,1787887800,0.72043,0.72043,0.72028,0.72028,49,9,0
2026-08-28T03:35:00Z,1787888100,0.72028,0.72029,0.72017,0.72018,32,9,0
2026-08-28T03:40:00Z,1787888400,0.72018,0.72019,0.72,0.72002,46,9,0
2026-08-28T03:45:00Z,1787888700,0.72002,0.72005,0.71992,0.72002,45,9,0
2026-08-28T03:50:00Z,1787889000,0.72002,0.72006,0.71999,0.72004,45,9,0
2026-08-28T03:55:00Z,1787889300,0.72004,0.72012,0.72,0.72009,48,9,0
2026-08-28T04:00:00Z,1787889600,0.72009,0.72009,0.71995,0.71995,70,9,0
2026-08-28T04:05:00Z,1787889900,0.71995,0.72007,0.71994,0.72007,47,9,0
2026-08-28T04:10:00Z,1787890200,0.72007,0.72007,0.71997,0.72004,54,9,0
2026-08-28T04:15:00Z,1787890500,0.72004,0.7202,0.72004,0.72017,59,9,0
2026-08-28T04:20:00Z,1787890800,0.72017,0.72021,0.72007,0.72007,37,9,0
2026-08-28T04:25:00Z,1787891100,0.72007,0.72009,0.72,0.72003,26,9,0
2026-08-28T04:30:00Z,1787891400,0.72002,0.72002,0.71995,0.71996,35,9,0
2026-08-28T04:35:00Z,1787891700,0.71996,0.71998,0.71991,0.71992,32,9,0
2026-08-28T04:40:00Z,1787892000,0.71992,0.71994,0.71987,0.71989,36,9,0
2026-08-28T04:45:00Z,1787892300,0.71989,0.72,0.71989,0.71989,38,9,0
2026-08-28T04:50:00Z,1787892600,0.71989,0.71989,0.71979,0.71982,47,9,0
2026-08-28T04:55:00Z,1787892900,0.71982,0.71982,0.71973,0.71979,56,9,0
2026-08-28T05:00:00Z,1787893200,0.71979,0.71988,0.71972,0.71973,66,9,0
2026-08-28T05:05:00Z,1787893500,0.71973,0.71977,0.71952,0.7196,69,9,0
2026-08-28T05:10:00Z,1787893800,0.71961,0.71961,0.7194,0.7194,58,9,0
2026-08-28T05:15:00Z,1787894100,0.7194,0.7195,0.71938,0.71949,55,9,0
2026-08-28T05:20:00Z,1787894400,0.71949,0.71961,0.71948,0.71957,42,9,0
2026-08-28T05:25:00Z,1787894700,0.71956,0.71956,0.71946,0.71955,41,9,0
2026-08-28T05:30:00Z,1787895000,0.71955,0.71969,0.71949,0.71959,81,9,0
2026-08-28T05:35:00Z,1787895300,0.71959,0.7196,0.71928,0.71928,87,9,0
2026-08-28T05:40:00Z,1787895600,0.7193,0.71943,0.71929,0.71938,78,9,0
2026-08-28T05:45:00Z,1787895900,0.71939,0.71956,0.71938,0.71947,62,9,0
2026-08-28T05:50:00Z,1787896200,0.71947,0.71955,0.71945,0.71955,60,9,0
2026-08-28T05:55:00Z,1787896500,0.71955,0.71965,0.71947,0.71947,76,9,0
2026-08-28T06:00:00Z,1787896800,0.71948,0.71965,0.71944,0.71964,99,9,0
2026-08-28T06:05:00Z,1787897100,0.71964,0.7197,0.71954,0.71969,78,9,0
2026-08-28T06:10:00Z,1787897400,0.71969,0.71979,0.71964,0.7197,90,9,0
2026-08-28T06:15:00Z,1787897700,0.7197,0.7198,0.71965,0.71978,81,9,0
2026-08-28T06:20:00Z,1787898000,0.71977,0.71994,0.71973,0.71981,92,9,0
2026-08-28T06:25:00Z,1787898300,0.71981,0.72001,0.71981,0.71999,69,9,0
2026-08-28T06:30:00Z,1787898600,0.71998,0.72001,0.71972,0.71986,109,9,0
2026-08-28T06:35:00Z,1787898900,0.71986,0.7199,0.7195,0.7195,137,9,0
2026-08-28T06:40:00Z,1787899200,0.71951,0.7198,0.71938,0.71978,126,9,0
2026-08-28T06:45:00Z,1787899500,0.71978,0.71999,0.71978,0.71999,106,9,0
2026-08-28T06:50:00Z,1787899800,0.71999,0.72003,0.71988,0.71998,107,9,0
2026-08-28T06:55:00Z,1787900100,0.71997,0.72013,0.71988,0.71989,87,9,0
2026-08-28T07:00:00Z,1787900400,0.71989,0.71992,0.71977,0.7198,125,9,0
2026-08-28T07:05:00Z,1787900700,0.7198,0.71982,0.71947,0.71947,105,9,0
2026-08-28T07:10:00Z,1787901000,0.71947,0.71972,0.71945,0.7196,107,9,0
2026-08-28T07:15:00Z,1787901300,0.71959,0.7196,0.7192,0.71928,108,9,0
2026-08-28T07:20:00Z,1787901600,0.71928,0.71947,0.71919,0.71936,98,9,0
2026-08-28T07:25:00Z,1787901900,0.71935,0.71945,0.71929,0.71934,95,9,0
2026-08-28T07:30:00Z,1787902200,0.71935,0.7197,0.71935,0.71964,94,9,0
2026-08-28T07:35:00Z,1787902500,0.71964,0.71972,0.71948,0.71949,103,9,0
2026-08-28T07:40:00Z,1787902800,0.71949,0.71959,0.71947,0.71952,82,9,0
2026-08-28T07:45:00Z,1787903100,0.71952,0.71965,0.71949,0.71964,60,9,0
2026-08-28T07:50:00Z,1787903400,0.71964,0.71968,0.71948,0.71953,58,9,0
2026-08-28T07:55:00Z,1787903700,0.71953,0.71962,0.7195,0.71952,80,9,0
2026-08-28T08:00:00Z,1787904000,0.71951,0.71962,0.71942,0.71943,82,9,0
2026-08-28T08:05:00Z,1787904300,0.71943,0.71943,0.71929,0.71933,73,9,0
2026-08-28T08:10:00Z,1787904600,0.71933,0.71937,0.71929,0.71933,71,9,0
2026-08-28T08:15:00Z,1787904900,0.71933,0.71956,0.71933,0.71948,114,9,0
2026-08-28T08:20:00Z,1787905200,0.71948,0.71953,0.71937,0.71938,87,9,0
2026-08-28T08:25:00Z,1787905500,0.71938,0.71944,0.71933,0.71937,75,9,0
2026-08-28T08:30:00Z,1787905800,0.71936,0.71942,0.71929,0.71941,98,9,0
2026-08-28T08:35:00Z,1787906100,0.71941,0.71951,0.71936,0.71946,79,9,0
2026-08-28T08:40:00Z,1787906400,0.71946,0.71946,0.71931,0.71933,62,9,0
2026-08-28T08:45:00Z,1787906700,0.71933,0.71939,0.71921,0.71935,111,9,0
2026-08-28T08:50:00Z,1787907000,0.71934,0.71945,0.7193,0.71937,83,9,0
2026-08-28T08:55:00Z,1787907300,0.71937,0.71937,0.71928,0.71928,41,9,0
2026-08-28T09:00:00Z,1787907600,0.71928,0.71937,0.71919,0.71925,71,9,0
2026-08-28T09:05:00Z,1787907900,0.71925,0.71949,0.71925,0.71947,120,9,0
2026-08-28T09:10:00Z,1787908200,0.71946,0.71951,0.71939,0.71946,72,9,0
2026-08-28T09:15:00Z,1787908500,0.71946,0.7195,0.71939,0.71946,65,9,0
2026-08-28T09:20:00Z,1787908800,0.71948,0.7196,0.71946,0.71956,68,9,0
2026-08-28T09:25:00Z,1787909100,0.71956,0.71962,0.71951,0.71957,57,9,0
2026-08-28T09:30:00Z,1787909400,0.71957,0.7196,0.71954,0.71956,63,9,0
2026-08-28T09:35:00Z,1787909700,0.71956,0.71956,0.71944,0.71947,77,9,0
2026-08-28T09:40:00Z,1787910000,0.71947,0.71966,0.71945,0.71965,57,9,0
2026-08-28T09:45:00Z,1787910300,0.71965,0.71969,0.71958,0.71967,52,9,0
2026-08-28T09:50:00Z,1787910600,0.71969,0.7197,0.71958,0.71963,72,9,0
2026-08-28T09:55:00Z,1787910900,0.71963,0.71972,0.71959,0.7196,76,9,0
2026-08-28T10:00:00Z,1787911200,0.71961,0.71969,0.71957,0.71969,62,9,0
2026-08-28T10:05:00Z,1787911500,0.71969,0.71977,0.71967,0.71975,69,9,0
2026-08-28T10:10:00Z,1787911800,0.71975,0.71986,0.71974,0.71974,85,9,0
2026-08-28T10:15:00Z,1787912100,0.71974,0.71983,0.71967,0.71975,59,9,0
2026-08-28T10:20:00Z,1787912400,0.71975,0.71987,0.7197,0.71987,66,9,0
2026-08-28T10:25:00Z,1787912700,0.71988,0.71989,0.7198,0.71985,68,9,0
2026-08-28T10:30:00Z,1787913000,0.71985,0.71995,0.71984,0.71992,64,9,0
2026-08-28T10:35:00Z,1787913300,0.71992,0.71992,0.71984,0.71991,57,9,0
2026-08-28T10:40:00Z,1787913600,0.71991,0.71997,0.71982,0.7199,61,9,0
2026-08-28T10:45:00Z,1787913900,0.7199,0.71993,0.71977,0.71977,48,9,0
2026-08-28T10:50:00Z,1787914200,0.71977,0.71986,0.71969,0.71986,62,9,0
2026-08-28T10:55:00Z,1787914500,0.71986,0.71997,0.71986,0.71996,71,9,0
2026-08-28T11:00:00Z,1787914800,0.71997,0.71998,0.71983,0.71984,91,9,0
2026-08-28T11:05:00Z,1787915100,0.71984,0.71986,0.71976,0.71981,73,9,0
2026-08-28T11:10:00Z,1787915400,0.71981,0.71981,0.71973,0.71979,70,9,0
2026-08-28T11:15:00Z,1787915700,0.71979,0.7198,0.71971,0.71971,50,9,0
2026-08-28T11:20:00Z,1787916000,0.71971,0.71974,0.71964,0.7197,48,9,0
2026-08-28T11:25:00Z,1787916300,0.7197,0.71972,0.7195,0.71956,65,9,0
2026-08-28T11:30:00Z,1787916600,0.71957,0.7196,0.71953,0.71959,71,9,0
2026-08-28T11:35:00Z,1787916900,0.71959,0.7196,0.71951,0.71951,65,9,0
2026-08-28T11:40:00Z,1787917200,0.71951,0.71965,0.71947,0.71961,63,9,0
2026-08-28T11:45:00Z,1787917500,0.71961,0.71961,0.71939,0.71943,87,9,0
2026-08-28T11:50:00Z,1787917800,0.71944,0.7195,0.71935,0.71949,80,9,0
2026-08-28T11:55:00Z,1787918100,0.71948,0.71948,0.71929,0.71929,67,9,0
2026-08-28T12:00:00Z,1787918400,0.71929,0.7194,0.71926,0.71938,114,9,0
2026-08-28T12:05:00Z,1787918700,0.71938,0.7195,0.71938,0.71945,84,9,0
2026-08-28T12:10:00Z,1787919000,0.71945,0.7195,0.71929,0.71946,100,9,0
2026-08-28T12:15:00Z,1787919300,0.71946,0.71956,0.71945,0.71952,103,9,0
2026-08-28T12:20:00Z,1787919600,0.71954,0.71974,0.71952,0.71971,91,9,0
2026-08-28T12:25:00Z,1787919900,0.71971,0.71974,0.71948,0.71951,80,9,0
2026-08-28T12:30:00Z,1787920200,0.71951,0.71951,0.71926,0.71934,113,9,0
2026-08-28T12:35:00Z,1787920500,0.71935,0.71943,0.71924,0.71929,112,9,0
2026-08-28T12:40:00Z,1787920800,0.71929,0.71953,0.71927,0.71953,128,9,0
2026-08-28T12:45:00Z,1787921100,0.71953,0.71961,0.71947,0.71954,98,9,0
2026-08-28T12:50:00Z,1787921400,0.71954,0.71974,0.71947,0.71974,129,9,0
2026-08-28T12:55:00Z,1787921700,0.71975,0.7201,0.71975,0.72008,164,9,0
2026-08-28T13:00:00Z,1787922000,0.72008,0.72025,0.72003,0.72021,139,9,0
2026-08-28T13:05:00Z,1787922300,0.72021,0.72022,0.72003,0.72018,85,9,0
2026-08-28T13:10:00Z,1787922600,0.72019,0.7202,0.72,0.72,70,9,0
2026-08-28T13:15:00Z,1787922900,0.72,0.72004,0.71989,0.71997,84,9,0
2026-08-28T13:20:00Z,1787923200,0.71996,0.72,0.71985,0.71985,72,9,0
2026-08-28T13:25:00Z,1787923500,0.71985,0.71992,0.71963,0.71968,127,9,0
2026-08-28T13:30:00Z,1787923800,0.71968,0.71986,0.71968,0.71975,146,9,0
2026-08-28T13:35:00Z,1787924100,0.71975,0.71982,0.71958,0.71978,107,9,0
2026-08-28T13:40:00Z,1787924400,0.71979,0.71981,0.71969,0.71972,81,9,0
2026-08-28T13:45:00Z,1787924700,0.71972,0.71976,0.71958,0.7196,88,9,0
2026-08-28T13:50:00Z,1787925000,0.7196,0.7197,0.71943,0.71969,124,9,0
2026-08-28T13:55:00Z,1787925300,0.71968,0.72005,0.71911,0.71914,203,9,0
2026-08-28T14:00:00Z,1787925600,0.71914,0.72077,0.71821,0.71825,1087,9,0
2026-08-28T14:05:00Z,1787925900,0.71826,0.71849,0.71746,0.71821,753,9,0
2026-08-28T14:10:00Z,1787926200,0.71822,0.71828,0.71721,0.71742,571,9,0
2026-08-28T14:15:00Z,1787926500,0.71742,0.71796,0.71729,0.71751,567,9,0
2026-08-28T14:20:00Z,1787926800,0.71752,0.71767,0.71693,0.71718,493,9,0
2026-08-28T14:25:00Z,1787927100,0.71719,0.71726,0.71645,0.71713,499,9,0
2026-08-28T14:30:00Z,1787927400,0.71714,0.71787,0.7171,0.71787,522,9,0
2026-08-28T14:35:00Z,1787927700,0.71786,0.71796,0.71744,0.71747,380,9,0
2026-08-28T14:40:00Z,1787928000,0.71749,0.71784,0.71722,0.71764,414,9,0
2026-08-28T14:45:00Z,1787928300,0.71765,0.71775,0.71725,0.71752,329,9,0
2026-08-28T14:50:00Z,1787928600,0.71752,0.71815,0.71742,0.71809,350,9,0
2026-08-28T14:55:00Z,1787928900,0.7181,0.71869,0.7181,0.71834,321,9,0
2026-08-28T15:00:00Z,1787929200,0.71835,0.71853,0.71784,0.71806,292,9,0
2026-08-28T15:05:00Z,1787929500,0.71806,0.71806,0.71761,0.71761,273,9,0
2026-08-28T15:10:00Z,1787929800,0.7176,0.71765,0.71723,0.71732,235,9,0
2026-08-28T15:15:00Z,1787930100,0.71732,0.71765,0.71727,0.71741,264,9,0
2026-08-28T15:20:00Z,1787930400,0.71741,0.71759,0.71728,0.71741,240,9,0
2026-08-28T15:25:00Z,1787930700,0.71742,0.7176,0.71714,0.71729,221,9,0
2026-08-28T15:30:00Z,1787931000,0.71731,0.7174,0.71699,0.71706,179,9,0
2026-08-28T15:35:00Z,1787931300,0.71707,0.71727,0.7168,0.71683,192,9,0
2026-08-28T15:40:00Z,1787931600,0.71684,0.71685,0.71653,0.71678,234,9,0
2026-08-28T15:45:00Z,1787931900,0.71679,0.71706,0.71656,0.71661,224,9,0
2026-08-28T15:50:00Z,1787932200,0.71662,0.71691,0.7166,0.71672,206,9,0
2026-08-28T15:55:00Z,1787932500,0.71672,0.71678,0.71633,0.71638,222,9,0
2026-08-28T16:00:00Z,1787932800,0.71638,0.71651,0.71626,0.71637,225,9,0
2026-08-28T16:05:00Z,1787933100,0.71637,0.71642,0.71615,0.71632,180,9,0
2026-08-28T16:10:00Z,1787933400,0.71631,0.71636,0.71606,0.71606,220,9,0
2026-08-28T16:15:00Z,1787933700,0.71605,0.71616,0.71556,0.71562,253,9,0
2026-08-28T16:20:00Z,1787934000,0.7156,0.71574,0.71553,0.71561,283,9,0
2026-08-28T16:25:00Z,1787934300,0.7156,0.71601,0.71558,0.71587,171,9,0
2026-08-28T16:30:00Z,1787934600,0.71586,0.71618,0.71586,0.71597,217,9,0
2026-08-28T16:35:00Z,1787934900,0.71597,0.71612,0.71596,0.71609,191,9,0
2026-08-28T16:40:00Z,1787935200,0.71609,0.71615,0.71567,0.71577,204,9,0
2026-08-28T16:45:00Z,1787935500,0.71577,0.71617,0.71577,0.71617,161,9,0
2026-08-28T16:50:00Z,1787935800,0.71617,0.71627,0.71602,0.71609,170,9,0
2026-08-28T16:55:00Z,1787936100,0.7161,0.71611,0.71596,0.716,124,9,0
2026-08-28T17:00:00Z,1787936400,0.716,0.716,0.71575,0.71578,139,9,0
2026-08-28T17:05:00Z,1787936700,0.71578,0.71599,0.71565,0.71588,143,9,0
2026-08-28T17:10:00Z,1787937000,0.71588,0.71613,0.71587,0.71608,118,9,0
2026-08-28T17:15:00Z,1787937300,0.71608,0.7161,0.71589,0.71601,117,9,0
2026-08-28T17:20:00Z,1787937600,0.71601,0.7161,0.71591,0.71597,111,9,0
2026-08-28T17:25:00Z,1787937900,0.71598,0.71604,0.71588,0.71596,90,9,0
2026-08-28T17:30:00Z,1787938200,0.71595,0.71597,0.71577,0.71585,118,9,0
2026-08-28T17:35:00Z,1787938500,0.71586,0.71597,0.71562,0.71562,104,9,0
2026-08-28T17:40:00Z,1787938800,0.71562,0.71571,0.71558,0.71571,97,9,0
2026-08-28T17:45:00Z,1787939100,0.71571,0.71584,0.71566,0.71581,94,9,0
2026-08-28T17:50:00Z,1787939400,0.71581,0.71586,0.71577,0.71579,72,9,0
2026-08-28T17:55:00Z,1787939700,0.71579,0.71579,0.71569,0.71574,81,9,0
2026-08-28T18:00:00Z,1787940000,0.71574,0.71575,0.71555,0.71555,87,9,0
2026-08-28T18:05:00Z,1787940300,0.71554,0.7159,0.71553,0.71569,134,9,0
2026-08-28T18:10:00Z,1787940600,0.7157,0.71584,0.71566,0.71569,91,9,0
2026-08-28T18:15:00Z,1787940900,0.7157,0.71579,0.71557,0.71562,94,9,0
2026-08-28T18:20:00Z,1787941200,0.71563,0.71574,0.71555,0.71556,86,9,0
2026-08-28T18:25:00Z,1787941500,0.71557,0.71586,0.71556,0.71572,103,9,0
2026-08-28T18:30:00Z,1787941800,0.71572,0.71576,0.71557,0.71575,90,9,0
2026-08-28T18:35:00Z,1787942100,0.71576,0.71582,0.71565,0.71567,108,9,0
2026-08-28T18:40:00Z,1787942400,0.71567,0.71577,0.7156,0.71577,74,9,0
2026-08-28T18:45:00Z,1787942700,0.71577,0.71579,0.71561,0.71567,93,9,0
2026-08-28T18:50:00Z,1787943000,0.71567,0.71578,0.71566,0.7157,75,9,0
2026-08-28T18:55:00Z,1787943300,0.7157,0.71588,0.71565,0.71586,106,9,0
2026-08-28T19:00:00Z,1787943600,0.71586,0.71601,0.71581,0.7159,112,9,0
2026-08-28T19:05:00Z,1787943900,0.7159,0.71605,0.71589,0.71602,92,9,0
2026-08-28T19:10:00Z,1787944200,0.71603,0.71606,0.71586,0.7159,80,9,0
2026-08-28T19:15:00Z,1787944500,0.7159,0.71596,0.71583,0.71596,70,9,0
2026-08-28T19:20:00Z,1787944800,0.71596,0.7161,0.71596,0.71609,78,9,0
2026-08-28T19:25:00Z,1787945100,0.7161,0.71621,0.71609,0.71619,64,9,0
2026-08-28T19:30:00Z,1787945400,0.71619,0.71625,0.7161,0.71624,94,9,0
2026-08-28T19:35:00Z,1787945700,0.71624,0.71631,0.71616,0.71631,74,9,0
2026-08-28T19:40:00Z,1787946000,0.71632,0.71635,0.71628,0.7163,65,9,0
2026-08-28T19:45:00Z,1787946300,0.7163,0.7163,0.71612,0.71622,67,9,0
2026-08-28T19:50:00Z,1787946600,0.71623,0.71628,0.71616,0.7162,81,9,0
2026-08-28T19:55:00Z,1787946900,0.7162,0.71644,0.7162,0.71626,115,9,0
2026-08-28T20:00:00Z,1787947200,0.71626,0.71627,0.71614,0.7162,68,9,0
2026-08-28T20:05:00Z,1787947500,0.71619,0.71624,0.71613,0.71616,45,9,0
2026-08-28T20:10:00Z,1787947800,0.71616,0.7162,0.71614,0.71617,51,9,0
2026-08-28T20:15:00Z,1787948100,0.71617,0.71621,0.71614,0.71614,32,9,0
2026-08-28T20:20:00Z,1787948400,0.71614,0.71614,0.71601,0.71606,44,9,0
2026-08-28T20:25:00Z,1787948700,0.71606,0.71607,0.71603,0.71605,32,9,0
2026-08-28T20:30:00Z,1787949000,0.71605,0.71606,0.71586,0.71589,57,9,0
2026-08-28T20:35:00Z,1787949300,0.71589,0.71593,0.71578,0.71581,36,9,0
2026-08-28T20:40:00Z,1787949600,0.71581,0.71592,0.71581,0.71592,33,9,0
2026-08-28T20:45:00Z,1787949900,0.71592,0.71611,0.71592,0.71611,31,9,0
2026-08-28T20:50:00Z,1787950200,0.71612,0.71619,0.716,0.71603,49,9,0
2026-08-28T20:55:00Z,1787950500,0.71605,0.71617,0.71603,0.71612,47,9,0
