time_utc,time,open,high,low,close,tick_volume,spread,real_volume
2026-08-13T02:30:00+00:00,1786588200,1.39478,1.3948800000000001,1.39467,1.39481,57,14,0
2026-08-13T02:35:00+00:00,1786588500,1.3948,1.3949099999999999,1.39477,1.3948800000000001,43,14,0
2026-08-13T02:40:00+00:00,1786588800,1.3948800000000001,1.39497,1.3948,1.3948,39,14,0
2026-08-13T02:45:00+00:00,1786589100,1.3948,1.39484,1.39469,1.39469,43,14,0
2026-08-13T02:50:00+00:00,1786589400,1.39469,1.39472,1.39468,1.3947,29,14,0
2026-08-13T02:55:00+00:00,1786589700,1.3947,1.39471,1.39468,1.39471,33,14,0
2026-08-13T03:00:00+00:00,1786590000,1.39471,1.3948800000000001,1.3947,1.39471,41,14,0
2026-08-13T03:05:00+00:00,1786590300,1.39471,1.39475,1.3946100000000001,1.39475,58,14,0
2026-08-13T03:10:00+00:00,1786590600,1.39475,1.39492,1.39472,1.39487,76,14,0
2026-08-13T03:15:00+00:00,1786590900,1.39487,1.39503,1.39487,1.395,57,14,0
2026-08-13T03:20:00+00:00,1786591200,1.395,1.39503,1.39484,1.39496,58,14,0
2026-08-13T03:25:00+00:00,1786591500,1.39496,1.395,1.3949,1.39493,34,14,0
2026-08-13T03:30:00+00:00,1786591800,1.39493,1.39494,1.39481,1.39484,46,14,0
2026-08-13T03:35:00+00:00,1786592100,1.39484,1.3948800000000001,1.3948,1.3948,35,14,0
2026-08-13T03:40:00+00:00,1786592400,1.3948,1.39483,1.39478,1.39482,25,14,0
2026-08-13T03:45:00+00:00,1786592700,1.39482,1.3949500000000001,1.39479,1.3949500000000001,48,14,0
2026-08-13T03:50:00+00:00,1786593000,1.3949500000000001,1.3949500000000001,1.39484,1.39484,37,14,0
2026-08-13T03:55:00+00:00,1786593300,1.39484,1.39489,1.39478,1.39479,42,14,0
2026-08-13T04:00:00+00:00,1786593600,1.39479,1.39484,1.39477,1.39478,33,14,0
2026-08-13T04:05:00+00:00,1786593900,1.39478,1.39479,1.3947,1.39479,36,14,0
2026-08-13T04:10:00+00:00,1786594200,1.39479,1.3949500000000001,1.39479,1.39483,45,14,0
2026-08-13T04:15:00+00:00,1786594500,1.39483,1.3949099999999999,1.39483,1.3949,31,14,0
2026-08-13T04:20:00+00:00,1786594800,1.3949,1.3949500000000001,1.39481,1.39482,30,14,0
2026-08-13T04:25:00+00:00,1786595100,1.39482,1.39482,1.39472,1.39472,29,14,0
2026-08-13T04:30:00+00:00,1786595400,1.39473,1.39477,1.39469,1.3947,32,14,0
2026-08-13T04:35:00+00:00,1786595700,1.3947,1.39476,1.3947,1.39473,42,14,0
2026-08-13T04:40:00+00:00,1786596000,1.39473,1.39477,1.3947,1.39473,29,14,0
2026-08-13T04:45:00+00:00,1786596300,1.39473,1.39473,1.39448,1.39458,115,14,0
2026-08-13T04:50:00+00:00,1786596600,1.39459,1.3946399999999999,1.39455,1.39459,50,14,0
2026-08-13T04:55:00+00:00,1786596900,1.39459,1.3946,1.39441,1.3945,61,14,0
2026-08-13T05:00:00+00:00,1786597200,1.39449,1.39453,1.39446,1.3945,51,14,0
2026-08-13T05:05:00+00:00,1786597500,1.3945,1.3945,1.39438,1.39441,56,14,0
2026-08-13T05:10:00+00:00,1786597800,1.3944,1.39453,1.39439,1.39449,37,14,0
2026-08-13T05:15:00+00:00,1786598100,1.39448,1.39456,1.39447,1.39456,37,14,0
2026-08-13T05:20:00+00:00,1786598400,1.3945699999999999,1.39459,1.3945,1.39451,43,14,0
2026-08-13T05:25:00+00:00,1786598700,1.39451,1.39453,1.39447,1.39453,30,14,0
2026-08-13T05:30:00+00:00,1786599000,1.39453,1.39462,1.3945,1.3946100000000001,50,14,0
2026-08-13T05:35:00+00:00,1786599300,1.3946100000000001,1.39469,1.39449,1.39449,48,14,0
2026-08-13T05:40:00+00:00,1786599600,1.39449,1.3946100000000001,1.39445,1.3946,44,14,0
2026-08-13T05:45:00+00:00,1786599900,1.3946100000000001,1.39468,1.3945699999999999,1.39462,52,14,0
2026-08-13T05:50:00+00:00,1786600200,1.39462,1.39463,1.39451,1.3945400000000001,41,14,0
2026-08-13T05:55:00+00:00,1786600500,1.3945400000000001,1.3945699999999999,1.39445,1.39452,46,14,0
2026-08-13T06:00:00+00:00,1786600800,1.3945,1.39469,1.39441,1.39467,75,14,0
2026-08-13T06:05:00+00:00,1786601100,1.39467,1.39486,1.39466,1.39485,63,14,0
2026-08-13T06:10:00+00:00,1786601400,1.39485,1.39506,1.39484,1.39496,66,14,0
2026-08-13T06:15:00+00:00,1786601700,1.39496,1.395,1.39486,1.39494,62,14,0
2026-08-13T06:20:00+00:00,1786602000,1.39494,1.395,1.39486,1.39492,58,14,0
2026-08-13T06:25:00+00:00,1786602300,1.39492,1.39513,1.3949,1.39509,60,14,0
2026-08-13T06:30:00+00:00,1786602600,1.39509,1.39577,1.39508,1.39571,125,14,0
2026-08-13T06:35:00+00:00,1786602900,1.3957,1.39571,1.39533,1.39541,93,14,0
2026-08-13T06:40:00+00:00,1786603200,1.39543,1.3956,1.39533,1.39558,80,14,0
2026-08-13T06:45:00+00:00,1786603500,1.3955600000000001,1.39565,1.39545,1.39546,63,14,0
2026-08-13T06:50:00+00:00,1786603800,1.39545,1.39547,1.39527,1.39546,77,14,0
2026-08-13T06:55:00+00:00,1786604100,1.39546,1.3955,1.39535,1.39537,75,14,0
2026-08-13T07:00:00+00:00,1786604400,1.39538,1.39538,1.39505,1.39517,89,14,0
2026-08-13T07:05:00+00:00,1786604700,1.39517,1.39545,1.39514,1.39523,77,14,0
2026-08-13T07:10:00+00:00,1786605000,1.3952200000000001,1.39542,1.39512,1.39533,88,14,0
2026-08-13T07:15:00+00:00,1786605300,1.39533,1.39541,1.39521,1.3954,63,14,0
2026-08-13T07:20:00+00:00,1786605600,1.3954,1.39543,1.39526,1.39535,86,14,0
2026-08-13T07:25:00+00:00,1786605900,1.39534,1.39546,1.39512,1.39523,87,14,0
2026-08-13T07:30:00+00:00,1786606200,1.39523,1.39544,1.39514,1.39542,74,14,0
2026-08-13T07:35:00+00:00,1786606500,1.39542,1.39546,1.39533,1.39545,73,14,0
2026-08-13T07:40:00+00:00,1786606800,1.39543,1.39543,1.39523,1.39528,74,14,0
2026-08-13T07:45:00+00:00,1786607100,1.39528,1.39544,1.3952499999999999,1.39542,84,14,0
2026-08-13T07:50:00+00:00,1786607400,1.39541,1.39541,1.39506,1.39509,97,14,0
2026-08-13T07:55:00+00:00,1786607700,1.39509,1.3952499999999999,1.39509,1.3952200000000001,70,14,0
2026-08-13T08:00:00+00:00,1786608000,1.3952200000000001,1.39535,1.39504,1.39527,104,14,0
2026-08-13T08:05:00+00:00,1786608300,1.39528,1.39538,1.39521,1.39529,81,14,0
2026-08-13T08:10:00+00:00,1786608600,1.39529,1.39533,1.39514,1.3951500000000001,82,14,0
2026-08-13T08:15:00+00:00,1786608900,1.39516,1.39517,1.39502,1.3951,70,14,0
2026-08-13T08:20:00+00:00,1786609200,1.3951,1.39538,1.39509,1.39537,71,14,0
2026-08-13T08:25:00+00:00,1786609500,1.39537,1.39548,1.39536,1.39542,45,14,0
2026-08-13T08:30:00+00:00,1786609800,1.39543,1.39547,1.39529,1.39542,61,14,0
2026-08-13T08:35:00+00:00,1786610100,1.39542,1.39553,1.39528,1.39529,79,14,0
2026-08-13T08:40:00+00:00,1786610400,1.39529,1.39529,1.39517,1.39517,56,14,0
2026-08-13T08:45:00+00:00,1786610700,1.39517,1.39524,1.39511,1.39523,56,14,0
2026-08-13T08:50:00+00:00,1786611000,1.39523,1.39538,1.39523,1.39527,59,14,0
2026-08-13T08:55:00+00:00,1786611300,1.39527,1.39536,1.39526,1.39531,49,14,0
2026-08-13T09:00:00+00:00,1786611600,1.39531,1.39554,1.39531,1.3954,85,14,0
2026-08-13T09:05:00+00:00,1786611900,1.3954,1.3955,1.39524,1.39528,79,14,0
2026-08-13T09:10:00+00:00,1786612200,1.39528,1.39528,1.39509,1.3951799999999999,52,14,0
2026-08-13T09:15:00+00:00,1786612500,1.3951799999999999,1.3951799999999999,1.39479,1.39481,73,14,0
2026-08-13T09:20:00+00:00,1786612800,1.39481,1.39482,1.39458,1.39477,79,14,0
2026-08-13T09:25:00+00:00,1786613100,1.39477,1.39477,1.39447,1.39449,68,14,0
2026-08-13T09:30:00+00:00,1786613400,1.3945,1.39466,1.39447,1.39456,70,14,0
2026-08-13T09:35:00+00:00,1786613700,1.39456,1.3945699999999999,1.39441,1.39441,67,14,0
2026-08-13T09:40:00+00:00,1786614000,1.39441,1.39458,1.39438,1.3945,59,14,0
2026-08-13T09:45:00+00:00,1786614300,1.3945,1.39451,1.39406,1.39417,69,14,0
2026-08-13T09:50:00+00:00,1786614600,1.39417,1.39418,1.39399,1.3940299999999999,74,14,0
2026-08-13T09:55:00+00:00,1786614900,1.3940299999999999,1.39405,1.39379,1.39383,101,14,0
2026-08-13T10:00:00+00:00,1786615200,1.39383,1.39398,1.39377,1.39395,98,14,0
2026-08-13T10:05:00+00:00,1786615500,1.39395,1.3939599999999999,1.39368,1.39372,94,14,0
2026-08-13T10:10:00+00:00,1786615800,1.3937300000000001,1.39394,1.3937,1.39392,73,14,0
2026-08-13T10:15:00+00:00,1786616100,1.39392,1.39394,1.3937300000000001,1.39379,74,14,0
2026-08-13T10:20:00+00:00,1786616400,1.39378,1.39402,1.3937300000000001,1.3940000000000001,63,14,0
2026-08-13T10:25:00+00:00,1786616700,1.3940000000000001,1.39401,1.39379,1.39383,90,14,0
2026-08-13T10:30:00+00:00,1786617000,1.39382,1.39392,1.39375,1.39382,77,14,0
2026-08-13T10:35:00+00:00,1786617300,1.39383,1.39384,1.39352,1.39361,72,14,0
2026-08-13T10:40:00+00:00,1786617600,1.39361,1.3939,1.3936,1.3939,61,14,0
2026-08-13T10:45:00+00:00,1786617900,1.3939,1.39413,1.39389,1.39413,71,14,0
2026-08-13T10:50:00+00:00,1786618200,1.39414,1.39416,1.39404,1.39407,73,14,0
2026-08-13T10:55:00+00:00,1786618500,1.39407,1.39408,1.39389,1.39401,84,14,0
2026-08-13T11:00:00+00:00,1786618800,1.39401,1.39417,1.39388,1.39416,90,14,0
2026-08-13T11:05:00+00:00,1786619100,1.39416,1.39421,1.39409,1.39412,52,14,0
2026-08-13T11:10:00+00:00,1786619400,1.39412,1.39413,1.39389,1.39389,68,14,0
2026-08-13T11:15:00+00:00,1786619700,1.39389,1.39407,1.39387,1.39401,47,14,0
2026-08-13T11:20:00+00:00,1786620000,1.39401,1.39412,1.39399,1.39401,61,14,0
2026-08-13T11:25:00+00:00,1786620300,1.39401,1.39401,1.39386,1.39395,65,14,0
2026-08-13T11:30:00+00:00,1786620600,1.3939599999999999,1.39397,1.39382,1.39389,62,14,0
2026-08-13T11:35:00+00:00,1786620900,1.39389,1.39402,1.3938,1.39398,56,14,0
2026-08-13T11:40:00+00:00,1786621200,1.39398,1.39413,1.39398,1.39405,59,14,0
2026-08-13T11:45:00+00:00,1786621500,1.39404,1.39412,1.39399,1.3941,55,14,0
2026-08-13T11:50:00+00:00,1786621800,1.3941,1.39432,1.39394,1.39429,69,14,0
2026-08-13T11:55:00+00:00,1786622100,1.39429,1.39451,1.39429,1.3945,80,14,0
2026-08-13T12:00:00+00:00,1786622400,1.3945,1.39467,1.39441,1.39463,80,14,0
2026-08-13T12:05:00+00:00,1786622700,1.39463,1.39487,1.39463,1.39487,93,14,0
2026-08-13T12:10:00+00:00,1786623000,1.39486,1.3949099999999999,1.39473,1.39477,75,14,0
2026-08-13T12:15:00+00:00,1786623300,1.39477,1.39486,1.39447,1.39448,71,14,0
2026-08-13T12:20:00+00:00,1786623600,1.39449,1.39475,1.39447,1.3947,71,14,0
2026-08-13T12:25:00+00:00,1786623900,1.39468,1.3948,1.3946399999999999,1.39467,64,14,0
2026-08-13T12:30:00+00:00,1786624200,1.39468,1.39507,1.39407,1.39469,194,14,0
2026-08-13T12:35:00+00:00,1786624500,1.39469,1.39484,1.39446,1.39448,147,14,0
2026-08-13T12:40:00+00:00,1786624800,1.39448,1.39456,1.39399,1.3941,172,14,0
2026-08-13T12:45:00+00:00,1786625100,1.3941,1.39416,1.39346,1.39357,187,14,0
2026-08-13T12:50:00+00:00,1786625400,1.39359,1.39389,1.39359,1.3937300000000001,146,14,0
2026-08-13T12:55:00+00:00,1786625700,1.3937300000000001,1.3937300000000001,1.39304,1.3931,208,14,0
2026-08-13T13:00:00+00:00,1786626000,1.3931,1.39343,1.39306,1.3931200000000001,209,14,0
2026-08-13T13:05:00+00:00,1786626300,1.3931200000000001,1.39322,1.39291,1.39314,166,14,0
2026-08-13T13:10:00+00:00,1786626600,1.39314,1.39324,1.39295,1.39304,149,14,0
2026-08-13T13:15:00+00:00,1786626900,1.39304,1.39318,1.39293,1.39318,102,14,0
2026-08-13T13:20:00+00:00,1786627200,1.39318,1.39324,1.39302,1.39323,87,14,0
2026-08-13T13:25:00+00:00,1786627500,1.39324,1.39363,1.39324,1.39358,146,14,0
2026-08-13T13:30:00+00:00,1786627800,1.3936,1.3940299999999999,1.3936,1.3940299999999999,168,14,0
2026-08-13T13:35:00+00:00,1786628100,1.3940299999999999,1.3942,1.39381,1.39382,203,14,0
2026-08-13T13:40:00+00:00,1786628400,1.39382,1.3940299999999999,1.3938,1.39391,132,14,0
2026-08-13T13:45:00+00:00,1786628700,1.3939,1.39459,1.39388,1.39459,148,14,0
2026-08-13T13:50:00+00:00,1786629000,1.39459,1.3949500000000001,1.39455,1.39489,215,14,0
2026-08-13T13:55:00+00:00,1786629300,1.3948800000000001,1.3952499999999999,1.3947,1.39523,257,14,0
2026-08-13T14:00:00+00:00,1786629600,1.39521,1.39534,1.39476,1.39507,240,14,0
2026-08-13T14:05:00+00:00,1786629900,1.39509,1.3952,1.39458,1.39485,203,14,0
2026-08-13T14:10:00+00:00,1786630200,1.39485,1.3949500000000001,1.39446,1.39455,205,14,0
2026-08-13T14:15:00+00:00,1786630500,1.39456,1.39456,1.39388,1.39389,180,14,0
2026-08-13T14:20:00+00:00,1786630800,1.3939,1.39424,1.39387,1.39407,180,14,0
2026-08-13T14:25:00+00:00,1786631100,1.39407,1.39423,1.39389,1.39418,186,14,0
2026-08-13T14:30:00+00:00,1786631400,1.39419,1.39458,1.39411,1.39413,184,14,0
2026-08-13T14:35:00+00:00,1786631700,1.3941,1.39474,1.39406,1.39465,158,14,0
2026-08-13T14:40:00+00:00,1786632000,1.39465,1.39467,1.3942700000000001,1.39436,153,14,0
2026-08-13T14:45:00+00:00,1786632300,1.39436,1.39466,1.39433,1.39465,109,14,0
2026-08-13T14:50:00+00:00,1786632600,1.39465,1.39466,1.39391,1.39407,161,14,0
2026-08-13T14:55:00+00:00,1786632900,1.39408,1.39435,1.3940299999999999,1.39433,183,14,0
2026-08-13T15:00:00+00:00,1786633200,1.39433,1.39439,1.39388,1.39389,175,14,0
2026-08-13T15:05:00+00:00,1786633500,1.39387,1.39411,1.3937599999999999,1.39401,132,14,0
2026-08-13T15:10:00+00:00,1786633800,1.39402,1.39418,1.39388,1.3940000000000001,140,14,0
2026-08-13T15:15:00+00:00,1786634100,1.3940000000000001,1.39441,1.39397,1.3943699999999999,130,14,0
2026-08-13T15:20:00+00:00,1786634400,1.39436,1.39442,1.39389,1.3939300000000001,139,14,0
2026-08-13T15:25:00+00:00,1786634700,1.3939300000000001,1.39414,1.39365,1.3940000000000001,163,14,0
2026-08-13T15:30:00+00:00,1786635000,1.39401,1.3942,1.3939599999999999,1.39411,134,14,0
2026-08-13T15:35:00+00:00,1786635300,1.3941,1.39421,1.39378,1.39387,114,14,0
2026-08-13T15:40:00+00:00,1786635600,1.39387,1.39387,1.39362,1.39368,106,14,0
2026-08-13T15:45:00+00:00,1786635900,1.39368,1.39379,1.39349,1.3936899999999999,95,14,0
2026-08-13T15:50:00+00:00,1786636200,1.3936899999999999,1.39382,1.39367,1.39382,85,14,0
2026-08-13T15:55:00+00:00,1786636500,1.39381,1.3939,1.39353,1.39367,102,14,0
2026-08-13T16:00:00+00:00,1786636800,1.3936899999999999,1.39377,1.39357,1.39359,126,14,0
2026-08-13T16:05:00+00:00,1786637100,1.39359,1.39365,1.39349,1.39364,81,14,0
2026-08-13T16:10:00+00:00,1786637400,1.39364,1.39388,1.39364,1.39379,92,14,0
2026-08-13T16:15:00+00:00,1786637700,1.39379,1.39394,1.3936899999999999,1.39394,84,14,0
2026-08-13T16:20:00+00:00,1786638000,1.3939300000000001,1.39401,1.3935,1.3935,89,14,0
2026-08-13T16:25:00+00:00,1786638300,1.3935,1.39351,1.39327,1.39328,90,14,0
2026-08-13T16:30:00+00:00,1786638600,1.39328,1.3933499999999999,1.3932,1.39327,89,14,0
2026-08-13T16:35:00+00:00,1786638900,1.39327,1.39327,1.39309,1.39313,80,14,0
2026-08-13T16:40:00+00:00,1786639200,1.39313,1.39324,1.39302,1.39311,80,14,0
2026-08-13T16:45:00+00:00,1786639500,1.39311,1.39323,1.39304,1.39304,64,14,0
2026-08-13T16:50:00+00:00,1786639800,1.39304,1.39309,1.393,1.39302,75,14,0
2026-08-13T16:55:00+00:00,1786640100,1.39301,1.39322,1.39301,1.3930799999999999,97,14,0
2026-08-13T17:00:00+00:00,1786640400,1.39309,1.39333,1.39292,1.3933200000000001,121,14,0
2026-08-13T17:05:00+00:00,1786640700,1.39333,1.39338,1.39311,1.39322,100,14,0
2026-08-13T17:10:00+00:00,1786641000,1.39322,1.39322,1.39295,1.39313,87,14,0
2026-08-13T17:15:00+00:00,1786641300,1.39313,1.39323,1.393,1.39322,79,14,0
2026-08-13T17:20:00+00:00,1786641600,1.39322,1.3933499999999999,1.39321,1.39331,80,14,0
2026-08-13T17:25:00+00:00,1786641900,1.3933200000000001,1.39367,1.39323,1.39364,93,14,0
2026-08-13T17:30:00+00:00,1786642200,1.39363,1.39368,1.3935,1.3935,108,14,0
2026-08-13T17:35:00+00:00,1786642500,1.3935,1.39357,1.3933900000000001,1.3933900000000001,86,14,0
2026-08-13T17:40:00+00:00,1786642800,1.3934,1.39344,1.39311,1.39313,68,14,0
2026-08-13T17:45:00+00:00,1786643100,1.39313,1.39323,1.3930799999999999,1.3931499999999999,76,14,0
2026-08-13T17:50:00+00:00,1786643400,1.39314,1.39333,1.39314,1.39328,71,14,0
2026-08-13T17:55:00+00:00,1786643700,1.39328,1.39362,1.39323,1.39356,78,14,0
2026-08-13T18:00:00+00:00,1786644000,1.39356,1.39382,1.39356,1.39378,98,14,0
2026-08-13T18:05:00+00:00,1786644300,1.39378,1.3938,1.3936899999999999,1.39371,65,14,0
2026-08-13T18:10:00+00:00,1786644600,1.39371,1.39372,1.39347,1.39352,79,14,0
2026-08-13T18:15:00+00:00,1786644900,1.39352,1.3936899999999999,1.39352,1.3936899999999999,67,14,0
2026-08-13T18:20:00+00:00,1786645200,1.3936899999999999,1.3936899999999999,1.39346,1.39351,78,14,0
2026-08-13T18:25:00+00:00,1786645500,1.3935,1.39356,1.3934199999999999,1.39351,66,14,0
2026-08-13T18:30:00+00:00,1786645800,1.39349,1.3936600000000001,1.39343,1.39354,75,14,0
2026-08-13T18:35:00+00:00,1786646100,1.39354,1.3936,1.39341,1.39351,95,14,0
2026-08-13T18:40:00+00:00,1786646400,1.3935,1.39361,1.3935,1.3936,60,14,0
2026-08-13T18:45:00+00:00,1786646700,1.3936,1.39365,1.39348,1.39354,69,14,0
2026-08-13T18:50:00+00:00,1786647000,1.39353,1.39355,1.39341,1.39343,63,14,0
2026-08-13T18:55:00+00:00,1786647300,1.39345,1.3936,1.39343,1.39349,79,14,0
2026-08-13T19:00:00+00:00,1786647600,1.39347,1.39347,1.39333,1.39337,75,14,0
2026-08-13T19:05:00+00:00,1786647900,1.39337,1.39344,1.39336,1.3934199999999999,59,14,0
2026-08-13T19:10:00+00:00,1786648200,1.39341,1.39348,1.39328,1.39331,58,14,0
2026-08-13T19:15:00+00:00,1786648500,1.39331,1.3933499999999999,1.39319,1.39319,74,14,0
2026-08-13T19:20:00+00:00,1786648800,1.39318,1.39318,1.3931,1.39314,51,14,0
2026-08-13T19:25:00+00:00,1786649100,1.39314,1.39314,1.39304,1.39313,38,14,0
2026-08-13T19:30:00+00:00,1786649400,1.39314,1.39318,1.39309,1.39313,58,14,0
2026-08-13T19:35:00+00:00,1786649700,1.39313,1.39325,1.39311,1.39311,72,14,0
2026-08-13T19:40:00+00:00,1786650000,1.39311,1.3933900000000001,1.3931,1.39337,67,14,0
2026-08-13T19:45:00+00:00,1786650300,1.39336,1.3934199999999999,1.3933200000000001,1.3933900000000001,67,14,0
2026-08-13T19:50:00+00:00,1786650600,1.39338,1.39338,1.39319,1.3932,66,14,0
2026-08-13T19:55:00+00:00,1786650900,1.39321,1.39321,1.39277,1.3928,119,14,0
2026-08-13T20:00:00+00:00,1786651200,1.3928,1.39295,1.3927399999999999,1.39292,74,14,0
2026-08-13T20:05:00+00:00,1786651500,1.39292,1.3930500000000001,1.39292,1.39302,28,14,0
2026-08-13T20:10:00+00:00,1786651800,1.39301,1.39323,1.39298,1.39304,45,14,0
2026-08-13T20:15:00+00:00,1786652100,1.39304,1.39309,1.39295,1.39299,34,14,0
2026-08-13T20:20:00+00:00,1786652400,1.393,1.39301,1.39292,1.39295,26,14,0
2026-08-13T20:25:00+00:00,1786652700,1.39295,1.3931,1.39293,1.39302,34,14,0
2026-08-13T20:30:00+00:00,1786653000,1.39302,1.39323,1.39299,1.39322,36,14,0
2026-08-13T20:35:00+00:00,1786653300,1.39322,1.39322,1.3931,1.39313,25,14,0
2026-08-13T20:40:00+00:00,1786653600,1.39314,1.3933200000000001,1.39314,1.39331,41,14,0
2026-08-13T20:45:00+00:00,1786653900,1.3933,1.39331,1.39309,1.39325,63,14,0
2026-08-13T20:50:00+00:00,1786654200,1.39325,1.39325,1.39301,1.39301,32,14,0
2026-08-13T20:55:00+00:00,1786654500,1.39299,1.39306,1.39293,1.39299,62,14,0
2026-08-13T21:00:00+00:00,1786654800,1.39298,1.39298,1.39297,1.39297,2,20,0
2026-08-13T21:05:00+00:00,1786655100,1.39299,1.39303,1.39294,1.39294,29,17,0
2026-08-13T21:10:00+00:00,1786655400,1.39296,1.39297,1.39292,1.39295,33,27,0
2026-08-13T21:15:00+00:00,1786655700,1.39294,1.39301,1.39291,1.39291,50,27,0
2026-08-13T21:20:00+00:00,1786656000,1.3929,1.39295,1.39286,1.39295,42,55,0
2026-08-13T21:25:00+00:00,1786656300,1.39294,1.39301,1.39289,1.393,32,36,0
2026-08-13T21:30:00+00:00,1786656600,1.393,1.39302,1.3929,1.39293,72,32,0
2026-08-13T21:35:00+00:00,1786656900,1.39294,1.39296,1.39283,1.39284,68,38,0
2026-08-13T21:40:00+00:00,1786657200,1.39285,1.39293,1.39277,1.39291,58,39,0
2026-08-13T21:45:00+00:00,1786657500,1.39291,1.39299,1.39291,1.39295,46,35,0
2026-08-13T21:50:00+00:00,1786657800,1.39295,1.39298,1.39294,1.39298,26,39,0
2026-08-13T21:55:00+00:00,1786658100,1.39298,1.39306,1.39298,1.39306,10,29,0
2026-08-13T22:00:00+00:00,1786658400,1.39309,1.39309,1.39275,1.3930500000000001,38,14,0
2026-08-13T22:05:00+00:00,1786658700,1.3930500000000001,1.3930500000000001,1.3930500000000001,1.3930500000000001,5,16,0
2026-08-13T22:10:00+00:00,1786659000,1.3930500000000001,1.39311,1.3930500000000001,1.39309,24,16,0
2026-08-13T22:15:00+00:00,1786659300,1.39309,1.39314,1.39302,1.3930500000000001,18,16,0
2026-08-13T22:20:00+00:00,1786659600,1.3930500000000001,1.3930500000000001,1.39298,1.39301,19,16,0
2026-08-13T22:25:00+00:00,1786659900,1.39301,1.39304,1.39299,1.39302,25,16,0
2026-08-13T22:30:00+00:00,1786660200,1.39302,1.39306,1.39301,1.39303,21,14,0
2026-08-13T22:35:00+00:00,1786660500,1.3930500000000001,1.39306,1.39302,1.39303,23,14,0
2026-08-13T22:40:00+00:00,1786660800,1.39303,1.39306,1.39302,1.39303,16,14,0
2026-08-13T22:45:00+00:00,1786661100,1.39303,1.39306,1.39297,1.393,23,14,0
2026-08-13T22:50:00+00:00,1786661400,1.393,1.39303,1.39296,1.39302,30,14,0
2026-08-13T22:55:00+00:00,1786661700,1.39302,1.39302,1.39287,1.3929,39,14,0
2026-08-13T23:00:00+00:00,1786662000,1.39292,1.39297,1.3927399999999999,1.3927399999999999,48,14,0
2026-08-13T23:05:00+00:00,1786662300,1.3927399999999999,1.39275,1.39266,1.39273,22,14,0
2026-08-13T23:10:00+00:00,1786662600,1.39273,1.39275,1.39273,1.3927399999999999,14,14,0
2026-08-13T23:15:00+00:00,1786662900,1.3927399999999999,1.39277,1.3927399999999999,1.3927399999999999,17,14,0
2026-08-13T23:20:00+00:00,1786663200,1.3927399999999999,1.39283,1.39273,1.39283,11,14,0
2026-08-13T23:25:00+00:00,1786663500,1.39283,1.39307,1.3928,1.39292,41,14,0
2026-08-13T23:30:00+00:00,1786663800,1.39291,1.393,1.39291,1.39295,36,14,0
2026-08-13T23:35:00+00:00,1786664100,1.39295,1.39296,1.39279,1.39279,20,14,0
2026-08-13T23:40:00+00:00,1786664400,1.39279,1.39284,1.3927399999999999,1.39277,27,14,0
2026-08-13T23:45:00+00:00,1786664700,1.3927800000000001,1.3927800000000001,1.39264,1.3927,32,14,0
2026-08-13T23:50:00+00:00,1786665000,1.3927,1.39276,1.39266,1.3927100000000001,37,14,0
2026-08-13T23:55:00+00:00,1786665300,1.3927100000000001,1.3927100000000001,1.39268,1.3927,31,14,0
2026-08-14T00:00:00+00:00,1786665600,1.3927,1.39273,1.39224,1.39249,110,14,0
2026-08-14T00:05:00+00:00,1786665900,1.39249,1.39249,1.39234,1.39235,71,14,0
2026-08-14T00:10:00+00:00,1786666200,1.39236,1.39249,1.3923,1.39238,56,14,0
2026-08-14T00:15:00+00:00,1786666500,1.39237,1.39243,1.39232,1.39232,66,14,0
2026-08-14T00:20:00+00:00,1786666800,1.39232,1.39234,1.39223,1.39228,48,14,0
2026-08-14T00:25:00+00:00,1786667100,1.39228,1.3923,1.3921999999999999,1.39224,63,14,0
2026-08-14T00:30:00+00:00,1786667400,1.39225,1.39228,1.3921999999999999,1.39225,68,14,0
2026-08-14T00:35:00+00:00,1786667700,1.39225,1.3923,1.39221,1.3923,39,14,0
2026-08-14T00:40:00+00:00,1786668000,1.3923,1.3923,1.39227,1.39227,46,14,0
2026-08-14T00:45:00+00:00,1786668300,1.39226,1.39231,1.39225,1.3923,37,14,0
2026-08-14T00:50:00+00:00,1786668600,1.3923,1.39231,1.3921700000000001,1.39218,49,14,0
2026-08-14T00:55:00+00:00,1786668900,1.39219,1.39219,1.39206,1.39208,80,14,0
2026-08-14T01:00:00+00:00,1786669200,1.39209,1.39245,1.39209,1.39241,91,14,0
2026-08-14T01:05:00+00:00,1786669500,1.3924,1.39261,1.3924,1.39261,58,14,0
2026-08-14T01:10:00+00:00,1786669800,1.39263,1.3928099999999999,1.39263,1.3927800000000001,79,14,0
2026-08-14T01:15:00+00:00,1786670100,1.3927800000000001,1.39296,1.3927100000000001,1.3929,77,14,0
2026-08-14T01:20:00+00:00,1786670400,1.3929,1.39297,1.39277,1.39297,79,14,0
2026-08-14T01:25:00+00:00,1786670700,1.39297,1.39297,1.3928,1.39284,57,14,0
2026-08-14T01:30:00+00:00,1786671000,1.39284,1.39289,1.39263,1.39269,80,14,0
2026-08-14T01:35:00+00:00,1786671300,1.3927,1.3927100000000001,1.39257,1.39265,58,14,0
2026-08-14T01:40:00+00:00,1786671600,1.39265,1.39277,1.39265,1.3927399999999999,54,14,0
2026-08-14T01:45:00+00:00,1786671900,1.39273,1.3927399999999999,1.39261,1.39263,60,14,0
2026-08-14T01:50:00+00:00,1786672200,1.39262,1.39266,1.39259,1.39265,40,14,0
2026-08-14T01:55:00+00:00,1786672500,1.39264,1.39287,1.39259,1.39287,75,14,0
2026-08-14T02:00:00+00:00,1786672800,1.39288,1.3929,1.39279,1.3929,71,14,0
2026-08-14T02:05:00+00:00,1786673100,1.3929,1.39293,1.3927399999999999,1.3927399999999999,50,14,0
2026-08-14T02:10:00+00:00,1786673400,1.3927399999999999,1.3927399999999999,1.39263,1.39265,60,14,0
2026-08-14T02:15:00+00:00,1786673700,1.39265,1.39265,1.3925100000000001,1.3925100000000001,38,14,0
2026-08-14T02:20:00+00:00,1786674000,1.3925100000000001,1.39261,1.39248,1.39249,45,14,0
2026-08-14T02:25:00+00:00,1786674300,1.39248,1.39256,1.39238,1.39256,45,14,0
2026-08-14T02:30:00+00:00,1786674600,1.39258,1.39259,1.3924,1.39242,65,14,0
2026-08-14T02:35:00+00:00,1786674900,1.39242,1.3924400000000001,1.39234,1.39234,40,14,0
2026-08-14T02:40:00+00:00,1786675200,1.39234,1.39234,1.39219,1.39223,49,14,0
2026-08-14T02:45:00+00:00,1786675500,1.39223,1.39235,1.39222,1.39234,66,14,0
2026-08-14T02:50:00+00:00,1786675800,1.39234,1.3924400000000001,1.3923,1.3924400000000001,49,14,0
2026-08-14T02:55:00+00:00,1786676100,1.3924400000000001,1.39249,1.39238,1.39242,58,14,0
2026-08-14T03:00:00+00:00,1786676400,1.39242,1.3924400000000001,1.39235,1.39235,60,14,0
2026-08-14T03:05:00+00:00,1786676700,1.39236,1.39246,1.39232,1.39245,54,14,0
2026-08-14T03:10:00+00:00,1786677000,1.39245,1.39249,1.39238,1.39238,38,14,0
2026-08-14T03:15:00+00:00,1786677300,1.39238,1.39241,1.39225,1.39227,47,14,0
2026-08-14T03:20:00+00:00,1786677600,1.39227,1.39227,1.39214,1.39223,61,14,0
2026-08-14T03:25:00+00:00,1786677900,1.39223,1.3923,1.39209,1.39209,50,14,0
2026-08-14T03:30:00+00:00,1786678200,1.39209,1.39211,1.392,1.39202,44,14,0
2026-08-14T03:35:00+00:00,1786678500,1.39202,1.39229,1.39202,1.39225,57,14,0
2026-08-14T03:40:00+00:00,1786678800,1.39225,1.39227,1.39218,1.39218,44,14,0
2026-08-14T03:45:00+00:00,1786679100,1.39218,1.39222,1.39212,1.3921299999999999,47,14,0
2026-08-14T03:50:00+00:00,1786679400,1.3921299999999999,1.39221,1.3921000000000001,1.39215,54,14,0
2026-08-14T03:55:00+00:00,1786679700,1.39215,1.3921700000000001,1.39198,1.39201,51,14,0
2026-08-14T04:00:00+00:00,1786680000,1.39201,1.39203,1.39194,1.392,61,14,0
2026-08-14T04:05:00+00:00,1786680300,1.392,1.39203,1.3918300000000001,1.39187,46,14,0
2026-08-14T04:10:00+00:00,1786680600,1.39187,1.39191,1.39179,1.39191,36,14,0
2026-08-14T04:15:00+00:00,1786680900,1.39191,1.39201,1.39189,1.39199,37,14,0
2026-08-14T04:20:00+00:00,1786681200,1.39199,1.39201,1.39197,1.39201,33,14,0
2026-08-14T04:25:00+00:00,1786681500,1.39202,1.39214,1.39202,1.3921000000000001,31,14,0
2026-08-14T04:30:00+00:00,1786681800,1.3921000000000001,1.3921299999999999,1.39184,1.39185,48,14,0
2026-08-14T04:35:00+00:00,1786682100,1.39185,1.39188,1.3918300000000001,1.39185,57,14,0
2026-08-14T04:40:00+00:00,1786682400,1.39185,1.39195,1.3918300000000001,1.39194,31,14,0
2026-08-14T04:45:00+00:00,1786682700,1.39194,1.39195,1.39189,1.39191,31,14,0
2026-08-14T04:50:00+00:00,1786683000,1.39191,1.39192,1.39184,1.39185,48,14,0
2026-08-14T04:55:00+00:00,1786683300,1.39185,1.39188,1.3918,1.39185,33,14,0
2026-08-14T05:00:00+00:00,1786683600,1.39185,1.39187,1.39165,1.39167,56,14,0
2026-08-14T05:05:00+00:00,1786683900,1.39167,1.39171,1.39161,1.3917,43,14,0
2026-08-14T05:10:00+00:00,1786684200,1.3917,1.39172,1.39163,1.39167,38,14,0
2026-08-14T05:15:00+00:00,1786684500,1.39167,1.39167,1.39155,1.39157,45,14,0
2026-08-14T05:20:00+00:00,1786684800,1.3915600000000001,1.39165,1.39155,1.3916,43,14,0
2026-08-14T05:25:00+00:00,1786685100,1.3916,1.39163,1.3915199999999999,1.39154,32,14,0
2026-08-14T05:30:00+00:00,1786685400,1.39155,1.39158,1.3912900000000001,1.39138,83,14,0
2026-08-14T05:35:00+00:00,1786685700,1.39138,1.39139,1.39127,1.3913,47,14,0
2026-08-14T05:40:00+00:00,1786686000,1.3913,1.39133,1.39111,1.39132,94,14,0
2026-08-14T05:45:00+00:00,1786686300,1.39133,1.39138,1.3912499999999999,1.39131,58,14,0
2026-08-14T05:50:00+00:00,1786686600,1.39131,1.39134,1.39121,1.39131,65,14,0
2026-08-14T05:55:00+00:00,1786686900,1.3913,1.3913,1.39111,1.39114,61,14,0
2026-08-14T06:00:00+00:00,1786687200,1.39114,1.39114,1.3909500000000001,1.391,106,14,0
2026-08-14T06:05:00+00:00,1786687500,1.391,1.39102,1.39093,1.39099,60,14,0
2026-08-14T06:10:00+00:00,1786687800,1.39099,1.39116,1.39097,1.39109,63,14,0
2026-08-14T06:15:00+00:00,1786688100,1.39109,1.3911,1.3909500000000001,1.39103,78,14,0
2026-08-14T06:20:00+00:00,1786688400,1.39102,1.39105,1.39101,1.39101,67,14,0
2026-08-14T06:25:00+00:00,1786688700,1.39101,1.39105,1.39093,1.39096,50,14,0
2026-08-14T06:30:00+00:00,1786689000,1.39097,1.39097,1.39062,1.3906399999999999,60,14,0
2026-08-14T06:35:00+00:00,1786689300,1.3906399999999999,1.39066,1.39044,1.39053,80,14,0
2026-08-14T06:40:00+00:00,1786689600,1.39053,1.39063,1.39048,1.39053,65,14,0
2026-08-14T06:45:00+00:00,1786689900,1.39052,1.39058,1.39042,1.39046,47,14,0
2026-08-14T06:50:00+00:00,1786690200,1.39046,1.39048,1.39035,1.39041,61,14,0
2026-08-14T06:55:00+00:00,1786690500,1.39041,1.39045,1.39026,1.39026,65,14,0
2026-08-14T07:00:00+00:00,1786690800,1.39026,1.39033,1.38956,1.38977,157,14,0
2026-08-14T07:05:00+00:00,1786691100,1.38977,1.38986,1.38956,1.38956,114,14,0
2026-08-14T07:10:00+00:00,1786691400,1.38957,1.38965,1.38937,1.38948,95,14,0
2026-08-14T07:15:00+00:00,1786691700,1.38949,1.38964,1.3894,1.38941,100,14,0
2026-08-14T07:20:00+00:00,1786692000,1.38941,1.38967,1.3893499999999999,1.3896600000000001,75,14,0
2026-08-14T07:25:00+00:00,1786692300,1.3896600000000001,1.38977,1.38954,1.38959,78,14,0
2026-08-14T07:30:00+00:00,1786692600,1.38959,1.3897,1.38937,1.38937,73,14,0
2026-08-14T07:35:00+00:00,1786692900,1.38938,1.38944,1.3892,1.38927,73,14,0
2026-08-14T07:40:00+00:00,1786693200,1.38929,1.3893,1.38911,1.38922,72,14,0
2026-08-14T07:45:00+00:00,1786693500,1.38922,1.38922,1.3889,1.38892,84,14,0
2026-08-14T07:50:00+00:00,1786693800,1.38892,1.38913,1.3889,1.38901,85,14,0
2026-08-14T07:55:00+00:00,1786694100,1.389,1.38902,1.38885,1.38888,72,14,0
2026-08-14T08:00:00+00:00,1786694400,1.3889,1.38899,1.38879,1.38883,105,14,0
2026-08-14T08:05:00+00:00,1786694700,1.3888099999999999,1.38893,1.38856,1.38858,104,14,0
2026-08-14T08:10:00+00:00,1786695000,1.38858,1.3889,1.38858,1.38886,96,14,0
2026-08-14T08:15:00+00:00,1786695300,1.38886,1.38917,1.38876,1.38907,98,14,0
2026-08-14T08:20:00+00:00,1786695600,1.38909,1.38926,1.38903,1.38907,85,14,0
2026-08-14T08:25:00+00:00,1786695900,1.38907,1.38919,1.38897,1.38919,88,14,0
2026-08-14T08:30:00+00:00,1786696200,1.38919,1.38929,1.3891200000000001,1.38919,80,14,0
2026-08-14T08:35:00+00:00,1786696500,1.38919,1.3893,1.38904,1.3891499999999999,98,14,0
2026-08-14T08:40:00+00:00,1786696800,1.38914,1.38916,1.38896,1.3890799999999999,94,14,0
2026-08-14T08:45:00+00:00,1786697100,1.3890799999999999,1.38927,1.3890799999999999,1.3891499999999999,80,14,0
2026-08-14T08:50:00+00:00,1786697400,1.38917,1.38921,1.38906,1.38906,60,14,0
2026-08-14T08:55:00+00:00,1786697700,1.38907,1.38926,1.38906,1.3891499999999999,61,14,0
2026-08-14T09:00:00+00:00,1786698000,1.38914,1.38914,1.38897,1.3891,92,14,0
2026-08-14T09:05:00+00:00,1786698300,1.3891,1.38914,1.38891,1.38899,92,14,0
2026-08-14T09:10:00+00:00,1786698600,1.38899,1.38909,1.38888,1.3890799999999999,69,14,0
2026-08-14T09:15:00+00:00,1786698900,1.3890799999999999,1.38911,1.38898,1.38906,76,14,0
2026-08-14T09:20:00+00:00,1786699200,1.38906,1.38918,1.38906,1.3890799999999999,68,14,0
2026-08-14T09:25:00+00:00,1786699500,1.38907,1.3890799999999999,1.38897,1.38902,61,14,0
2026-08-14T09:30:00+00:00,1786699800,1.38902,1.38919,1.38896,1.3891,76,14,0
2026-08-14T09:35:00+00:00,1786700100,1.38909,1.38919,1.38904,1.38904,47,14,0
2026-08-14T09:40:00+00:00,1786700400,1.38904,1.3890799999999999,1.38897,1.38899,43,14,0
2026-08-14T09:45:00+00:00,1786700700,1.38898,1.38904,1.38892,1.38897,71,14,0
2026-08-14T09:50:00+00:00,1786701000,1.38897,1.38899,1.3889,1.38896,66,14,0
2026-08-14T09:55:00+00:00,1786701300,1.38896,1.38901,1.38886,1.38887,74,14,0
2026-08-14T10:00:00+00:00,1786701600,1.38886,1.38899,1.38885,1.38886,87,14,0
2026-08-14T10:05:00+00:00,1786701900,1.38885,1.38896,1.38879,1.38882,50,14,0
2026-08-14T10:10:00+00:00,1786702200,1.38882,1.38887,1.38867,1.38886,65,14,0
2026-08-14T10:15:00+00:00,1786702500,1.38885,1.38886,1.38877,1.38877,59,14,0
2026-08-14T10:20:00+00:00,1786702800,1.3887800000000001,1.38884,1.38872,1.38877,50,14,0
2026-08-14T10:25:00+00:00,1786703100,1.38877,1.3888,1.38863,1.38867,57,14,0
2026-08-14T10:30:00+00:00,1786703400,1.38867,1.38889,1.38867,1.38887,53,14,0
2026-08-14T10:35:00+00:00,1786703700,1.38887,1.38889,1.38877,1.38879,56,14,0
2026-08-14T10:40:00+00:00,1786704000,1.38879,1.38886,1.38877,1.38884,39,14,0
2026-08-14T10:45:00+00:00,1786704300,1.38883,1.3889,1.38876,1.3889,54,14,0
2026-08-14T10:50:00+00:00,1786704600,1.3889,1.3889,1.3887399999999999,1.38875,47,14,0
2026-08-14T10:55:00+00:00,1786704900,1.38875,1.38885,1.3887399999999999,1.38879,51,14,0
2026-08-14T11:00:00+00:00,1786705200,1.38879,1.38879,1.38828,1.38841,99,14,0
2026-08-14T11:05:00+00:00,1786705500,1.38841,1.3886,1.3883,1.38858,77,14,0
2026-08-14T11:10:00+00:00,1786705800,1.38858,1.38872,1.38837,1.3884,77,14,0
2026-08-14T11:15:00+00:00,1786706100,1.3884,1.3884,1.38804,1.38821,130,14,0
2026-08-14T11:20:00+00:00,1786706400,1.38821,1.38859,1.38821,1.38833,103,14,0
2026-08-14T11:25:00+00:00,1786706700,1.38833,1.38846,1.38829,1.38834,70,14,0
2026-08-14T11:30:00+00:00,1786707000,1.38833,1.38833,1.388,1.38803,76,14,0
2026-08-14T11:35:00+00:00,1786707300,1.38802,1.38832,1.38792,1.38828,103,14,0
2026-08-14T11:40:00+00:00,1786707600,1.38829,1.38829,1.38796,1.38818,135,14,0
2026-08-14T11:45:00+00:00,1786707900,1.38818,1.38842,1.38815,1.38834,107,14,0
2026-08-14T11:50:00+00:00,1786708200,1.38834,1.38835,1.38806,1.38806,120,14,0
2026-08-14T11:55:00+00:00,1786708500,1.38806,1.3883,1.38806,1.3881700000000001,99,14,0
2026-08-14T12:00:00+00:00,1786708800,1.38818,1.38818,1.38762,1.38765,108,14,0
2026-08-14T12:05:00+00:00,1786709100,1.38765,1.38767,1.38717,1.38735,153,14,0
2026-08-14T12:10:00+00:00,1786709400,1.38736,1.3877,1.38733,1.38769,171,14,0
2026-08-14T12:15:00+00:00,1786709700,1.38771,1.3878,1.38744,1.38746,136,14,0
2026-08-14T12:20:00+00:00,1786710000,1.38746,1.38747,1.38718,1.38718,164,14,0
2026-08-14T12:25:00+00:00,1786710300,1.38719,1.38731,1.38709,1.3872,123,14,0
2026-08-14T12:30:00+00:00,1786710600,1.38717,1.38761,1.38663,1.38761,236,14,0
2026-08-14T12:35:00+00:00,1786710900,1.38763,1.38801,1.38748,1.38801,216,14,0
2026-08-14T12:40:00+00:00,1786711200,1.38801,1.38814,1.38784,1.38812,170,14,0
2026-08-14T12:45:00+00:00,1786711500,1.3881299999999999,1.38819,1.38758,1.3879299999999999,162,14,0
2026-08-14T12:50:00+00:00,1786711800,1.3879299999999999,1.38806,1.3878,1.3878599999999999,143,14,0
2026-08-14T12:55:00+00:00,1786712100,1.3878599999999999,1.38824,1.38784,1.38805,138,14,0
2026-08-14T13:00:00+00:00,1786712400,1.38805,1.38828,1.38798,1.38812,152,14,0
2026-08-14T13:05:00+00:00,1786712700,1.38812,1.38824,1.38792,1.38798,129,14,0
2026-08-14T13:10:00+00:00,1786713000,1.38797,1.38808,1.38782,1.3879299999999999,134,14,0
2026-08-14T13:15:00+00:00,1786713300,1.3879299999999999,1.388,1.38779,1.38791,126,14,0
2026-08-14T13:20:00+00:00,1786713600,1.38791,1.38811,1.38788,1.38795,130,14,0
2026-08-14T13:25:00+00:00,1786713900,1.38794,1.38794,1.38772,1.3878300000000001,115,14,0
2026-08-14T13:30:00+00:00,1786714200,1.38781,1.38801,1.38738,1.38741,201,14,0
2026-08-14T13:35:00+00:00,1786714500,1.3874,1.38744,1.38692,1.3869799999999999,188,14,0
2026-08-14T13:40:00+00:00,1786714800,1.38696,1.38721,1.38685,1.3869500000000001,166,14,0
2026-08-14T13:45:00+00:00,1786715100,1.3869500000000001,1.38709,1.38672,1.38683,151,14,0
2026-08-14T13:50:00+00:00,1786715400,1.38683,1.38707,1.38656,1.3868800000000001,162,14,0
2026-08-14T13:55:00+00:00,1786715700,1.3869099999999999,1.38704,1.3867099999999999,1.38682,158,14,0
2026-08-14T14:00:00+00:00,1786716000,1.38684,1.38699,1.3863699999999999,1.38669,174,14,0
2026-08-14T14:05:00+00:00,1786716300,1.38669,1.38687,1.38651,1.38686,176,14,0
2026-08-14T14:10:00+00:00,1786716600,1.38686,1.38745,1.38677,1.38745,152,14,0
2026-08-14T14:15:00+00:00,1786716900,1.38745,1.3875899999999999,1.38717,1.38755,184,14,0
2026-08-14T14:20:00+00:00,1786717200,1.38755,1.3875600000000001,1.38702,1.38702,169,14,0
2026-08-14T14:25:00+00:00,1786717500,1.38701,1.38701,1.38669,1.38687,130,14,0
2026-08-14T14:30:00+00:00,1786717800,1.38685,1.3872200000000001,1.38684,1.3872,138,14,0
2026-08-14T14:35:00+00:00,1786718100,1.3872,1.38745,1.38715,1.38723,151,14,0
2026-08-14T14:40:00+00:00,1786718400,1.38724,1.38767,1.38716,1.38734,140,14,0
2026-08-14T14:45:00+00:00,1786718700,1.38735,1.38781,1.38734,1.38781,143,14,0
2026-08-14T14:50:00+00:00,1786719000,1.38781,1.38791,1.3875600000000001,1.38777,164,14,0
2026-08-14T14:55:00+00:00,1786719300,1.38775,1.38802,1.38753,1.38785,216,14,0
2026-08-14T15:00:00+00:00,1786719600,1.3878599999999999,1.38795,1.38743,1.38746,164,14,0
2026-08-14T15:05:00+00:00,1786719900,1.38747,1.38766,1.3872499999999999,1.38755,148,14,0
2026-08-14T15:10:00+00:00,1786720200,1.38754,1.38767,1.38747,1.38763,140,14,0
2026-08-14T15:15:00+00:00,1786720500,1.38763,1.38781,1.38757,1.38774,143,14,0
2026-08-14T15:20:00+00:00,1786720800,1.38773,1.38803,1.38772,1.3879299999999999,104,14,0
2026-08-14T15:25:00+00:00,1786721100,1.38792,1.3879299999999999,1.38765,1.38766,118,14,0
2026-08-14T15:30:00+00:00,1786721400,1.38766,1.38766,1.38723,1.3872499999999999,144,14,0
2026-08-14T15:35:00+00:00,1786721700,1.3872499999999999,1.38736,1.3872,1.38726,121,14,0
2026-08-14T15:40:00+00:00,1786722000,1.38727,1.38747,1.38717,1.3872,134,14,0
2026-08-14T15:45:00+00:00,1786722300,1.3872,1.38723,1.38665,1.3866800000000001,130,14,0
2026-08-14T15:50:00+00:00,1786722600,1.38669,1.38702,1.38659,1.38701,123,14,0
2026-08-14T15:55:00+00:00,1786722900,1.38702,1.38731,1.387,1.3872900000000001,105,14,0
2026-08-14T16:00:00+00:00,1786723200,1.3872900000000001,1.38731,1.38706,1.38716,108,14,0
2026-08-14T16:05:00+00:00,1786723500,1.38716,1.38735,1.38704,1.38727,86,14,0
2026-08-14T16:10:00+00:00,1786723800,1.38726,1.3875899999999999,1.3872499999999999,1.38755,97,14,0
2026-08-14T16:15:00+00:00,1786724100,1.38755,1.3875600000000001,1.38711,1.38716,93,14,0
2026-08-14T16:20:00+00:00,1786724400,1.38715,1.38727,1.38705,1.38723,86,14,0
2026-08-14T16:25:00+00:00,1786724700,1.3872200000000001,1.38727,1.3872,1.38723,68,14,0
2026-08-14T16:30:00+00:00,1786725000,1.3872200000000001,1.38747,1.3871,1.38713,109,14,0
2026-08-14T16:35:00+00:00,1786725300,1.38713,1.38714,1.38674,1.38683,62,14,0
2026-08-14T16:40:00+00:00,1786725600,1.38682,1.38733,1.38682,1.3873,75,14,0
2026-08-14T16:45:00+00:00,1786725900,1.3873,1.3873,1.38703,1.38721,92,14,0
2026-08-14T16:50:00+00:00,1786726200,1.3872,1.38734,1.38716,1.38723,78,14,0
2026-08-14T16:55:00+00:00,1786726500,1.38723,1.3872900000000001,1.38716,1.3872,85,14,0
2026-08-14T17:00:00+00:00,1786726800,1.3872200000000001,1.38741,1.38721,1.38734,106,14,0
2026-08-14T17:05:00+00:00,1786727100,1.38734,1.38776,1.3873199999999999,1.38772,83,14,0
2026-08-14T17:10:00+00:00,1786727400,1.38772,1.38785,1.3877,1.38777,77,14,0
2026-08-14T17:15:00+00:00,1786727700,1.38778,1.3879299999999999,1.3875199999999999,1.38789,83,14,0
2026-08-14T17:20:00+00:00,1786728000,1.38789,1.38796,1.38768,1.3877,81,14,0
2026-08-14T17:25:00+00:00,1786728300,1.3877,1.38772,1.38751,1.38751,62,14,0
2026-08-14T17:30:00+00:00,1786728600,1.38751,1.3875899999999999,1.3874900000000001,1.3874900000000001,77,14,0
2026-08-14T17:35:00+00:00,1786728900,1.3874900000000001,1.38764,1.38741,1.38762,66,14,0
2026-08-14T17:40:00+00:00,1786729200,1.38762,1.38788,1.3875899999999999,1.38788,68,14,0
2026-08-14T17:45:00+00:00,1786729500,1.38788,1.38803,1.3878599999999999,1.38792,67,14,0
2026-08-14T17:50:00+00:00,1786729800,1.38792,1.38798,1.38777,1.3878,66,14,0
2026-08-14T17:55:00+00:00,1786730100,1.3878,1.38782,1.38773,1.38774,47,14,0
2026-08-14T18:00:00+00:00,1786730400,1.38774,1.38781,1.38769,1.38769,68,14,0
2026-08-14T18:05:00+00:00,1786730700,1.38769,1.3877,1.3876,1.38761,55,14,0
2026-08-14T18:10:00+00:00,1786731000,1.38761,1.38779,1.3875899999999999,1.38779,65,14,0
2026-08-14T18:15:00+00:00,1786731300,1.38779,1.3878,1.38764,1.38767,56,14,0
2026-08-14T18:20:00+00:00,1786731600,1.38767,1.38767,1.3875600000000001,1.3875600000000001,60,14,0
2026-08-14T18:25:00+00:00,1786731900,1.3875600000000001,1.3875600000000001,1.38743,1.38743,53,14,0
2026-08-14T18:30:00+00:00,1786732200,1.38743,1.38766,1.38743,1.3875199999999999,64,14,0
2026-08-14T18:35:00+00:00,1786732500,1.38753,1.38754,1.3873199999999999,1.38734,56,14,0
2026-08-14T18:40:00+00:00,1786732800,1.38734,1.38744,1.3873199999999999,1.38742,37,14,0
2026-08-14T18:45:00+00:00,1786733100,1.38742,1.3875199999999999,1.38742,1.3874900000000001,53,14,0
2026-08-14T18:50:00+00:00,1786733400,1.3874900000000001,1.38751,1.3874,1.38742,44,14,0
2026-08-14T18:55:00+00:00,1786733700,1.38742,1.38761,1.38733,1.38761,54,14,0
2026-08-14T19:00:00+00:00,1786734000,1.38761,1.3878,1.3875199999999999,1.38779,72,14,0
2026-08-14T19:05:00+00:00,1786734300,1.38779,1.38779,1.3874,1.3874,90,14,0
2026-08-14T19:10:00+00:00,1786734600,1.38739,1.38747,1.3872900000000001,1.38745,71,14,0
2026-08-14T19:15:00+00:00,1786734900,1.38745,1.38753,1.3874,1.38751,52,14,0
2026-08-14T19:20:00+00:00,1786735200,1.3875199999999999,1.3875199999999999,1.38723,1.38742,62,14,0
2026-08-14T19:25:00+00:00,1786735500,1.38742,1.38748,1.3873199999999999,1.38734,65,14,0
2026-08-14T19:30:00+00:00,1786735800,1.38734,1.38741,1.3873,1.3874,50,14,0
2026-08-14T19:35:00+00:00,1786736100,1.38741,1.38763,1.38737,1.3874900000000001,72,14,0
2026-08-14T19:40:00+00:00,1786736400,1.3874900000000001,1.3875600000000001,1.3874900000000001,1.3875600000000001,57,14,0
2026-08-14T19:45:00+00:00,1786736700,1.38755,1.38755,1.38741,1.38741,44,14,0
2026-08-14T19:50:00+00:00,1786737000,1.38741,1.38755,1.38739,1.3875199999999999,24,14,0
2026-08-14T19:55:00+00:00,1786737300,1.38754,1.38772,1.3875,1.38758,79,14,0
2026-08-14T20:00:00+00:00,1786737600,1.38758,1.38766,1.38744,1.38744,62,14,0
2026-08-14T20:05:00+00:00,1786737900,1.38744,1.38747,1.3873,1.38733,52,14,0
2026-08-14T20:10:00+00:00,1786738200,1.38733,1.38757,1.38733,1.38757,34,14,0
2026-08-14T20:15:00+00:00,1786738500,1.38757,1.38773,1.38754,1.38754,60,14,0
2026-08-14T20:20:00+00:00,1786738800,1.38754,1.38754,1.38741,1.38741,36,14,0
2026-08-14T20:25:00+00:00,1786739100,1.38741,1.38741,1.38731,1.38733,42,14,0
2026-08-14T20:30:00+00:00,1786739400,1.38733,1.38741,1.38731,1.38741,39,14,0
2026-08-14T20:35:00+00:00,1786739700,1.38741,1.38751,1.38734,1.3875,33,14,0
2026-08-14T20:40:00+00:00,1786740000,1.3875,1.3875,1.38721,1.38723,38,14,0
2026-08-14T20:45:00+00:00,1786740300,1.38723,1.38731,1.38716,1.38727,41,14,0
2026-08-14T20:50:00+00:00,1786740600,1.38724,1.38733,1.38711,1.3872,60,14,0
2026-08-14T20:55:00+00:00,1786740900,1.3872200000000001,1.38739,1.38707,1.38737,85,14,0
2026-08-16T21:05:00+00:00,1786914300,1.38735,1.38742,1.38735,1.38742,15,40,0
2026-08-16T21:10:00+00:00,1786914600,1.38742,1.38742,1.38737,1.38742,11,40,0
2026-08-16T21:15:00+00:00,1786914900,1.38742,1.38742,1.3873,1.38735,16,40,0
2026-08-16T21:20:00+00:00,1786915200,1.38735,1.38737,1.38735,1.38736,6,40,0
2026-08-16T21:25:00+00:00,1786915500,1.38736,1.38738,1.38736,1.38738,7,40,0
2026-08-16T21:30:00+00:00,1786915800,1.38738,1.38739,1.38735,1.38739,59,40,0
2026-08-16T21:35:00+00:00,1786916100,1.38739,1.38744,1.38737,1.38743,25,40,0
2026-08-16T21:40:00+00:00,1786916400,1.38743,1.38744,1.38738,1.38738,15,40,0
2026-08-16T21:45:00+00:00,1786916700,1.38738,1.38738,1.38724,1.38728,37,40,0
2026-08-16T21:50:00+00:00,1786917000,1.38728,1.3873199999999999,1.3872499999999999,1.3872900000000001,18,40,0
2026-08-16T21:55:00+00:00,1786917300,1.3872900000000001,1.38736,1.3872900000000001,1.38735,37,40,0
2026-08-16T22:00:00+00:00,1786917600,1.38747,1.38747,1.38727,1.3873,54,16,0
2026-08-16T22:05:00+00:00,1786917900,1.3873,1.3873199999999999,1.38723,1.3872900000000001,41,16,0
2026-08-16T22:10:00+00:00,1786918200,1.38726,1.38738,1.38726,1.38734,19,16,0
2026-08-16T22:15:00+00:00,1786918500,1.38734,1.38736,1.38734,1.38735,17,14,0
2026-08-16T22:20:00+00:00,1786918800,1.38735,1.38737,1.3872499999999999,1.38727,31,14,0
2026-08-16T22:25:00+00:00,1786919100,1.38727,1.38727,1.38718,1.3872,35,14,0
2026-08-16T22:30:00+00:00,1786919400,1.3872,1.3872200000000001,1.38714,1.38715,35,14,0
2026-08-16T22:35:00+00:00,1786919700,1.38715,1.38716,1.38708,1.3871,31,14,0
2026-08-16T22:40:00+00:00,1786920000,1.38709,1.38719,1.38704,1.38718,30,16,0
2026-08-16T22:45:00+00:00,1786920300,1.38719,1.3872,1.38711,1.38714,27,14,0
2026-08-16T22:50:00+00:00,1786920600,1.38714,1.38714,1.38707,1.38708,22,14,0
2026-08-16T22:55:00+00:00,1786920900,1.38708,1.38716,1.38701,1.38701,33,14,0
2026-08-16T23:00:00+00:00,1786921200,1.38702,1.38709,1.387,1.38701,22,14,0
2026-08-16T23:05:00+00:00,1786921500,1.38701,1.38702,1.38701,1.38701,14,14,0
2026-08-16T23:10:00+00:00,1786921800,1.38701,1.38702,1.3869500000000001,1.38699,24,14,0
2026-08-16T23:15:00+00:00,1786922100,1.38699,1.38701,1.38696,1.3869799999999999,21,14,0
2026-08-16T23:20:00+00:00,1786922400,1.3869799999999999,1.38701,1.38697,1.387,20,14,0
2026-08-16T23:25:00+00:00,1786922700,1.387,1.38723,1.38697,1.38723,26,14,0
2026-08-16T23:30:00+00:00,1786923000,1.38721,1.38724,1.3871,1.38716,35,14,0
2026-08-16T23:35:00+00:00,1786923300,1.38716,1.38718,1.3871,1.38711,21,14,0
2026-08-16T23:40:00+00:00,1786923600,1.38711,1.38711,1.38702,1.38707,16,14,0
2026-08-16T23:45:00+00:00,1786923900,1.38707,1.38707,1.3869500000000001,1.38701,19,14,0
2026-08-16T23:50:00+00:00,1786924200,1.38701,1.3872200000000001,1.38701,1.38721,27,14,0
2026-08-16T23:55:00+00:00,1786924500,1.38721,1.3872200000000001,1.38717,1.38717,22,14,0
2026-08-17T00:00:00+00:00,1786924800,1.38717,1.38717,1.38665,1.38667,127,14,0
2026-08-17T00:05:00+00:00,1786925100,1.38667,1.3867,1.38657,1.38667,62,14,0
2026-08-17T00:10:00+00:00,1786925400,1.38667,1.3866800000000001,1.38654,1.38658,58,14,0
2026-08-17T00:15:00+00:00,1786925700,1.38659,1.38667,1.38646,1.38652,59,14,0
2026-08-17T00:20:00+00:00,1786926000,1.38653,1.38658,1.38646,1.38649,63,14,0
2026-08-17T00:25:00+00:00,1786926300,1.38649,1.38649,1.3863699999999999,1.38644,55,14,0
2026-08-17T00:30:00+00:00,1786926600,1.38643,1.38643,1.38632,1.38633,46,14,0
2026-08-17T00:35:00+00:00,1786926900,1.38633,1.38659,1.38631,1.38644,62,14,0
2026-08-17T00:40:00+00:00,1786927200,1.38644,1.38663,1.38643,1.3866100000000001,57,14,0
2026-08-17T00:45:00+00:00,1786927500,1.3866100000000001,1.3867,1.3866100000000001,1.38669,57,14,0
2026-08-17T00:50:00+00:00,1786927800,1.38669,1.38677,1.3866,1.38676,64,14,0
2026-08-17T00:55:00+00:00,1786928100,1.38674,1.38674,1.38659,1.38659,77,14,0
2026-08-17T01:00:00+00:00,1786928400,1.3866,1.3868800000000001,1.38655,1.38678,94,14,0
2026-08-17T01:05:00+00:00,1786928700,1.38679,1.3869,1.38674,1.3869,71,14,0
2026-08-17T01:10:00+00:00,1786929000,1.3869,1.38704,1.38687,1.38694,77,14,0
2026-08-17T01:15:00+00:00,1786929300,1.38694,1.38707,1.3868800000000001,1.38706,76,14,0
2026-08-17T01:20:00+00:00,1786929600,1.38706,1.38707,1.38677,1.38692,86,14,0
2026-08-17T01:25:00+00:00,1786929900,1.38692,1.38692,1.38672,1.38683,69,14,0
2026-08-17T01:30:00+00:00,1786930200,1.38683,1.38705,1.38676,1.38703,66,14,0
2026-08-17T01:35:00+00:00,1786930500,1.38703,1.38713,1.3869799999999999,1.38699,52,14,0
2026-08-17T01:40:00+00:00,1786930800,1.38699,1.38705,1.38673,1.38673,71,14,0
2026-08-17T01:45:00+00:00,1786931100,1.38673,1.38674,1.38665,1.38672,59,14,0
2026-08-17T01:50:00+00:00,1786931400,1.38673,1.38678,1.38659,1.38663,55,14,0
2026-08-17T01:55:00+00:00,1786931700,1.38663,1.3867099999999999,1.38658,1.38658,42,14,0
2026-08-17T02:00:00+00:00,1786932000,1.3866,1.38662,1.38651,1.38654,36,14,0
2026-08-17T02:05:00+00:00,1786932300,1.38654,1.3866399999999999,1.38653,1.38663,48,14,0
2026-08-17T02:10:00+00:00,1786932600,1.38663,1.38669,1.38655,1.38655,51,14,0
2026-08-17T02:15:00+00:00,1786932900,1.38655,1.3866399999999999,1.38653,1.38654,40,14,0
2026-08-17T02:20:00+00:00,1786933200,1.38654,1.38659,1.38654,1.38654,30,14,0
2026-08-17T02:25:00+00:00,1786933500,1.38654,1.38654,1.38643,1.38644,43,14,0
2026-08-17T02:30:00+00:00,1786933800,1.38644,1.3866800000000001,1.38639,1.38667,59,14,0
2026-08-17T02:35:00+00:00,1786934100,1.3866800000000001,1.38672,1.3866,1.38663,44,14,0
2026-08-17T02:40:00+00:00,1786934400,1.38663,1.38669,1.38649,1.3866800000000001,49,14,0
2026-08-17T02:45:00+00:00,1786934700,1.38669,1.38673,1.38665,1.3866800000000001,31,14,0
2026-08-17T02:50:00+00:00,1786935000,1.3866800000000001,1.38677,1.38666,1.3867099999999999,48,14,0
2026-08-17T02:55:00+00:00,1786935300,1.3867099999999999,1.3868,1.3867,1.38677,55,14,0
2026-08-17T03:00:00+00:00,1786935600,1.38677,1.38692,1.38673,1.3869099999999999,59,14,0
2026-08-17T03:05:00+00:00,1786935900,1.3869,1.38692,1.38673,1.38676,58,14,0
2026-08-17T03:10:00+00:00,1786936200,1.38676,1.38681,1.38675,1.3868,37,14,0
2026-08-17T03:15:00+00:00,1786936500,1.38678,1.38682,1.38669,1.3867,37,14,0
2026-08-17T03:20:00+00:00,1786936800,1.3867,1.3867099999999999,1.38663,1.38665,26,14,0
2026-08-17T03:25:00+00:00,1786937100,1.38665,1.38672,1.3866399999999999,1.3867099999999999,32,14,0
2026-08-17T03:30:00+00:00,1786937400,1.3867099999999999,1.3867099999999999,1.3866100000000001,1.3866800000000001,39,14,0
2026-08-17T03:35:00+00:00,1786937700,1.38669,1.38685,1.38669,1.38677,38,14,0
2026-08-17T03:40:00+00:00,1786938000,1.38677,1.38679,1.3867,1.3867,46,14,0
2026-08-17T03:45:00+00:00,1786938300,1.3867,1.3867099999999999,1.38663,1.38663,25,14,0
2026-08-17T03:50:00+00:00,1786938600,1.38663,1.38667,1.38659,1.3866,35,14,0
2026-08-17T03:55:00+00:00,1786938900,1.38659,1.38667,1.38647,1.38647,63,14,0
2026-08-17T04:00:00+00:00,1786939200,1.38647,1.3865,1.3864,1.38641,52,14,0
2026-08-17T04:05:00+00:00,1786939500,1.38641,1.38641,1.38625,1.38626,59,14,0
2026-08-17T04:10:00+00:00,1786939800,1.38626,1.3862999999999999,1.38615,1.38622,46,14,0
2026-08-17T04:15:00+00:00,1786940100,1.38622,1.38628,1.38622,1.38626,29,14,0
2026-08-17T04:20:00+00:00,1786940400,1.38626,1.38635,1.38624,1.3862700000000001,43,14,0
2026-08-17T04:25:00+00:00,1786940700,1.3862700000000001,1.38628,1.38622,1.3862700000000001,45,14,0
2026-08-17T04:30:00+00:00,1786941000,1.38628,1.3863400000000001,1.38622,1.38631,33,14,0
2026-08-17T04:35:00+00:00,1786941300,1.38631,1.38632,1.38625,1.3862700000000001,35,14,0
2026-08-17T04:40:00+00:00,1786941600,1.3862700000000001,1.3862700000000001,1.38618,1.38621,36,14,0
2026-08-17T04:45:00+00:00,1786941900,1.38621,1.38626,1.38619,1.38626,43,14,0
2026-08-17T04:50:00+00:00,1786942200,1.38626,1.38631,1.38623,1.38629,27,14,0
2026-08-17T04:55:00+00:00,1786942500,1.38629,1.38639,1.38629,1.38636,42,14,0
2026-08-17T05:00:00+00:00,1786942800,1.38636,1.38636,1.3862700000000001,1.38632,40,14,0
2026-08-17T05:05:00+00:00,1786943100,1.38631,1.38633,1.38622,1.38624,36,14,0
2026-08-17T05:10:00+00:00,1786943400,1.38624,1.38642,1.38623,1.3863699999999999,59,14,0
2026-08-17T05:15:00+00:00,1786943700,1.3863699999999999,1.38639,1.38628,1.38628,34,14,0
2026-08-17T05:20:00+00:00,1786944000,1.3862700000000001,1.38628,1.38613,1.38614,48,14,0
2026-08-17T05:25:00+00:00,1786944300,1.38614,1.38615,1.38602,1.38602,36,14,0
2026-08-17T05:30:00+00:00,1786944600,1.3860299999999999,1.38612,1.38601,1.38611,52,14,0
2026-08-17T05:35:00+00:00,1786944900,1.38611,1.38621,1.3860700000000001,1.3860700000000001,59,14,0
2026-08-17T05:40:00+00:00,1786945200,1.3860700000000001,1.38617,1.38606,1.38612,58,14,0
2026-08-17T05:45:00+00:00,1786945500,1.38611,1.38621,1.38602,1.3860299999999999,63,14,0
2026-08-17T05:50:00+00:00,1786945800,1.3860299999999999,1.38622,1.38598,1.38622,57,14,0
2026-08-17T05:55:00+00:00,1786946100,1.38622,1.3862700000000001,1.38611,1.38622,73,14,0
2026-08-17T06:00:00+00:00,1786946400,1.38622,1.38638,1.3860999999999999,1.38638,89,14,0
2026-08-17T06:05:00+00:00,1786946700,1.38638,1.38658,1.3863400000000001,1.38658,80,14,0
2026-08-17T06:10:00+00:00,1786947000,1.38658,1.3866399999999999,1.38643,1.38648,83,14,0
2026-08-17T06:15:00+00:00,1786947300,1.38648,1.38651,1.3862999999999999,1.3862999999999999,74,14,0
2026-08-17T06:20:00+00:00,1786947600,1.3862999999999999,1.38639,1.38621,1.3862999999999999,65,14,0
2026-08-17T06:25:00+00:00,1786947900,1.38631,1.38636,1.38602,1.38602,76,14,0
2026-08-17T06:30:00+00:00,1786948200,1.3860299999999999,1.38617,1.38602,1.38616,52,14,0
2026-08-17T06:35:00+00:00,1786948500,1.38616,1.38622,1.38611,1.38615,62,14,0
2026-08-17T06:40:00+00:00,1786948800,1.38615,1.38632,1.38615,1.3862700000000001,51,14,0
2026-08-17T06:45:00+00:00,1786949100,1.3862700000000001,1.38632,1.38605,1.38615,72,14,0
2026-08-17T06:50:00+00:00,1786949400,1.38615,1.38615,1.38599,1.38604,54,14,0
2026-08-17T06:55:00+00:00,1786949700,1.38605,1.38605,1.3857300000000001,1.38578,86,14,0
2026-08-17T07:00:00+00:00,1786950000,1.38578,1.38599,1.38575,1.38582,133,14,0
2026-08-17T07:05:00+00:00,1786950300,1.38582,1.38591,1.38581,1.3859,56,14,0
2026-08-17T07:10:00+00:00,1786950600,1.38589,1.38604,1.38583,1.38585,86,14,0
2026-08-17T07:15:00+00:00,1786950900,1.38586,1.38586,1.38565,1.38575,65,14,0
2026-08-17T07:20:00+00:00,1786951200,1.38575,1.38577,1.38564,1.3857300000000001,61,14,0
2026-08-17T07:25:00+00:00,1786951500,1.3857300000000001,1.3857599999999999,1.38548,1.3854899999999999,53,14,0
2026-08-17T07:30:00+00:00,1786951800,1.3854899999999999,1.3854899999999999,1.38524,1.3853900000000001,103,14,0
2026-08-17T07:35:00+00:00,1786952100,1.3853900000000001,1.38557,1.38535,1.3853900000000001,112,14,0
2026-08-17T07:40:00+00:00,1786952400,1.38538,1.3853900000000001,1.38524,1.38527,76,14,0
2026-08-17T07:45:00+00:00,1786952700,1.38528,1.38547,1.38524,1.38547,81,14,0
2026-08-17T07:50:00+00:00,1786953000,1.38547,1.38557,1.38538,1.3854899999999999,77,14,0
2026-08-17T07:55:00+00:00,1786953300,1.3854899999999999,1.38568,1.38548,1.38565,83,14,0
2026-08-17T08:00:00+00:00,1786953600,1.38565,1.3857,1.38559,1.38564,69,14,0
2026-08-17T08:05:00+00:00,1786953900,1.38564,1.3857599999999999,1.3854899999999999,1.3857300000000001,73,14,0
2026-08-17T08:10:00+00:00,1786954200,1.38572,1.38577,1.38554,1.38556,56,14,0
2026-08-17T08:15:00+00:00,1786954500,1.38556,1.38556,1.3853900000000001,1.38554,61,14,0
2026-08-17T08:20:00+00:00,1786954800,1.38554,1.38557,1.38532,1.38533,58,14,0
2026-08-17T08:25:00+00:00,1786955100,1.38533,1.38536,1.3852,1.38521,86,14,0
2026-08-17T08:30:00+00:00,1786955400,1.38521,1.38531,1.38518,1.38529,57,14,0
2026-08-17T08:35:00+00:00,1786955700,1.3853,1.3854,1.38524,1.38529,78,14,0
2026-08-17T08:40:00+00:00,1786956000,1.38529,1.38552,1.38529,1.38548,68,14,0
2026-08-17T08:45:00+00:00,1786956300,1.3854899999999999,1.3856899999999999,1.38541,1.38568,84,14,0
2026-08-17T08:50:00+00:00,1786956600,1.38568,1.38605,1.38564,1.38596,110,14,0
2026-08-17T08:55:00+00:00,1786956900,1.38596,1.38602,1.38564,1.38574,126,14,0
2026-08-17T09:00:00+00:00,1786957200,1.38574,1.3859,1.38562,1.38562,99,14,0
2026-08-17T09:05:00+00:00,1786957500,1.38561,1.3856600000000001,1.38554,1.38556,84,14,0
2026-08-17T09:10:00+00:00,1786957800,1.38556,1.3857599999999999,1.38556,1.3856899999999999,65,14,0
2026-08-17T09:15:00+00:00,1786958100,1.3856899999999999,1.38582,1.38555,1.38565,80,14,0
2026-08-17T09:20:00+00:00,1786958400,1.38565,1.38572,1.38562,1.38564,59,14,0
2026-08-17T09:25:00+00:00,1786958700,1.38563,1.3856899999999999,1.38552,1.38555,47,14,0
2026-08-17T09:30:00+00:00,1786959000,1.38555,1.3856899999999999,1.38548,1.38559,70,14,0
2026-08-17T09:35:00+00:00,1786959300,1.38559,1.38565,1.3854899999999999,1.3854899999999999,61,14,0
2026-08-17T09:40:00+00:00,1786959600,1.3854899999999999,1.3855,1.38534,1.3854199999999999,56,14,0
2026-08-17T09:45:00+00:00,1786959900,1.3854199999999999,1.38548,1.38541,1.3854600000000001,51,14,0
2026-08-17T09:50:00+00:00,1786960200,1.3854600000000001,1.38557,1.38545,1.38555,62,14,0
2026-08-17T09:55:00+00:00,1786960500,1.38555,1.3856899999999999,1.38554,1.38564,65,14,0
2026-08-17T10:00:00+00:00,1786960800,1.3856600000000001,1.38579,1.3856600000000001,1.38568,55,14,0
2026-08-17T10:05:00+00:00,1786961100,1.38568,1.38584,1.38568,1.38584,49,14,0
2026-08-17T10:10:00+00:00,1786961400,1.38584,1.38585,1.38558,1.38565,53,14,0
2026-08-17T10:15:00+00:00,1786961700,1.38565,1.38575,1.38562,1.38571,55,14,0
2026-08-17T10:20:00+00:00,1786962000,1.38571,1.38579,1.38565,1.38565,52,14,0
2026-08-17T10:25:00+00:00,1786962300,1.38565,1.38577,1.38551,1.38577,83,14,0
2026-08-17T10:30:00+00:00,1786962600,1.38579,1.38584,1.38567,1.3856899999999999,148,14,0
2026-08-17T10:35:00+00:00,1786962900,1.3856899999999999,1.38577,1.38558,1.38568,70,14,0
2026-08-17T10:40:00+00:00,1786963200,1.38568,1.3856899999999999,1.38557,1.38568,53,14,0
2026-08-17T10:45:00+00:00,1786963500,1.38568,1.38575,1.38565,1.38571,65,14,0
2026-08-17T10:50:00+00:00,1786963800,1.38572,1.38598,1.38572,1.38598,60,14,0
2026-08-17T10:55:00+00:00,1786964100,1.38598,1.38606,1.38591,1.38602,80,14,0
2026-08-17T11:00:00+00:00,1786964400,1.38601,1.38606,1.3859,1.38599,72,14,0
2026-08-17T11:05:00+00:00,1786964700,1.38599,1.38611,1.3857599999999999,1.38588,78,14,0
2026-08-17T11:10:00+00:00,1786965000,1.38588,1.38598,1.38585,1.38595,48,14,0
2026-08-17T11:15:00+00:00,1786965300,1.38595,1.38615,1.38594,1.38615,58,14,0
2026-08-17T11:20:00+00:00,1786965600,1.38615,1.38618,1.38602,1.38605,74,14,0
2026-08-17T11:25:00+00:00,1786965900,1.38605,1.38616,1.38594,1.3860700000000001,79,14,0
2026-08-17T11:30:00+00:00,1786966200,1.3860700000000001,1.38632,1.38605,1.38632,68,14,0
2026-08-17T11:35:00+00:00,1786966500,1.38632,1.38643,1.38624,1.38626,47,14,0
2026-08-17T11:40:00+00:00,1786966800,1.38625,1.38654,1.38623,1.38654,48,14,0
2026-08-17T11:45:00+00:00,1786967100,1.38654,1.38665,1.38654,1.38665,44,14,0
2026-08-17T11:50:00+00:00,1786967400,1.38665,1.38665,1.38638,1.38638,87,14,0
2026-08-17T11:55:00+00:00,1786967700,1.3864,1.38645,1.3860700000000001,1.38612,75,14,0
2026-08-17T12:00:00+00:00,1786968000,1.38612,1.38615,1.38567,1.38567,94,14,0
2026-08-17T12:05:00+00:00,1786968300,1.3856600000000001,1.38587,1.3856600000000001,1.38586,90,14,0
2026-08-17T12:10:00+00:00,1786968600,1.38587,1.38596,1.38575,1.38593,68,14,0
2026-08-17T12:15:00+00:00,1786968900,1.38593,1.3860299999999999,1.38563,1.38565,130,14,0
2026-08-17T12:20:00+00:00,1786969200,1.38564,1.38564,1.3853900000000001,1.38551,107,14,0
2026-08-17T12:25:00+00:00,1786969500,1.3854899999999999,1.38574,1.38527,1.38574,123,14,0
2026-08-17T12:30:00+00:00,1786969800,1.38571,1.38571,1.38513,1.38554,143,14,0
2026-08-17T12:35:00+00:00,1786970100,1.38553,1.38585,1.38551,1.38567,155,14,0
2026-08-17T12:40:00+00:00,1786970400,1.38567,1.38568,1.38514,1.3852,107,14,0
2026-08-17T12:45:00+00:00,1786970700,1.3852,1.38531,1.38509,1.38528,104,14,0
2026-08-17T12:50:00+00:00,1786971000,1.38528,1.38534,1.38514,1.3852,105,14,0
2026-08-17T12:55:00+00:00,1786971300,1.38519,1.38534,1.38502,1.3850799999999999,133,14,0
2026-08-17T13:00:00+00:00,1786971600,1.38506,1.3855,1.38503,1.3855,155,14,0
2026-08-17T13:05:00+00:00,1786971900,1.3855,1.38557,1.38541,1.38552,124,14,0
2026-08-17T13:10:00+00:00,1786972200,1.38551,1.38583,1.38537,1.3856,137,14,0
2026-08-17T13:15:00+00:00,1786972500,1.3856,1.3857599999999999,1.38538,1.38557,119,14,0
2026-08-17T13:20:00+00:00,1786972800,1.38557,1.3857,1.38553,1.3856600000000001,118,14,0
2026-08-17T13:25:00+00:00,1786973100,1.38565,1.3856600000000001,1.3854600000000001,1.38547,101,14,0
2026-08-17T13:30:00+00:00,1786973400,1.38548,1.38563,1.38516,1.38519,129,14,0
2026-08-17T13:35:00+00:00,1786973700,1.38519,1.38547,1.3851499999999999,1.38527,150,14,0
2026-08-17T13:40:00+00:00,1786974000,1.38527,1.3853900000000001,1.38521,1.38538,137,14,0
2026-08-17T13:45:00+00:00,1786974300,1.38538,1.38564,1.38535,1.38536,131,14,0
2026-08-17T13:50:00+00:00,1786974600,1.38536,1.38551,1.38517,1.3855,151,14,0
2026-08-17T13:55:00+00:00,1786974900,1.3855,1.3855,1.38516,1.38516,118,14,0
2026-08-17T14:00:00+00:00,1786975200,1.38516,1.3853,1.3850500000000001,1.38506,144,14,0
2026-08-17T14:05:00+00:00,1786975500,1.38506,1.38511,1.38455,1.38476,133,14,0
2026-08-17T14:10:00+00:00,1786975800,1.38477,1.38501,1.38472,1.38475,153,14,0
2026-08-17T14:15:00+00:00,1786976100,1.38475,1.38475,1.38442,1.38453,145,14,0
2026-08-17T14:20:00+00:00,1786976400,1.38453,1.38489,1.38443,1.3848,143,14,0
2026-08-17T14:25:00+00:00,1786976700,1.3848,1.38519,1.3846,1.38509,157,14,0
2026-08-17T14:30:00+00:00,1786977000,1.3850799999999999,1.38518,1.38504,1.3850799999999999,101,14,0
2026-08-17T14:35:00+00:00,1786977300,1.3850799999999999,1.38538,1.38487,1.38526,114,14,0
2026-08-17T14:40:00+00:00,1786977600,1.38526,1.3853900000000001,1.38509,1.38529,92,14,0
2026-08-17T14:45:00+00:00,1786977900,1.38529,1.38574,1.38529,1.38565,124,14,0
2026-08-17T14:50:00+00:00,1786978200,1.38565,1.38636,1.38554,1.38625,202,14,0
2026-08-17T14:55:00+00:00,1786978500,1.38623,1.38673,1.38618,1.38673,213,14,0
2026-08-17T15:00:00+00:00,1786978800,1.38673,1.38683,1.38653,1.38682,142,14,0
2026-08-17T15:05:00+00:00,1786979100,1.38682,1.38702,1.38672,1.38696,142,14,0
2026-08-17T15:10:00+00:00,1786979400,1.38696,1.38711,1.38686,1.38699,116,14,0
2026-08-17T15:15:00+00:00,1786979700,1.38697,1.38721,1.3868800000000001,1.38712,98,14,0
2026-08-17T15:20:00+00:00,1786980000,1.38712,1.3873,1.38712,1.3872,76,14,0
2026-08-17T15:25:00+00:00,1786980300,1.3872,1.38738,1.387,1.387,115,14,0
2026-08-17T15:30:00+00:00,1786980600,1.3869799999999999,1.3869799999999999,1.38669,1.38669,114,14,0
2026-08-17T15:35:00+00:00,1786980900,1.38669,1.3867099999999999,1.38647,1.3866100000000001,105,14,0
2026-08-17T15:40:00+00:00,1786981200,1.3866100000000001,1.3873,1.38659,1.38727,88,14,0
2026-08-17T15:45:00+00:00,1786981500,1.3872499999999999,1.3872499999999999,1.38677,1.38678,100,14,0
2026-08-17T15:50:00+00:00,1786981800,1.38677,1.38692,1.38667,1.38676,86,14,0
2026-08-17T15:55:00+00:00,1786982100,1.38674,1.3868800000000001,1.3866800000000001,1.38678,89,14,0
2026-08-17T16:00:00+00:00,1786982400,1.38679,1.38702,1.38673,1.38699,75,14,0
2026-08-17T16:05:00+00:00,1786982700,1.387,1.38701,1.38679,1.3869799999999999,82,14,0
2026-08-17T16:10:00+00:00,1786983000,1.3869799999999999,1.38718,1.38689,1.38716,82,14,0
2026-08-17T16:15:00+00:00,1786983300,1.38717,1.38719,1.38687,1.3869,77,14,0
2026-08-17T16:20:00+00:00,1786983600,1.3869,1.3869099999999999,1.38672,1.38674,78,14,0
2026-08-17T16:25:00+00:00,1786983900,1.38676,1.38684,1.3867099999999999,1.3868,75,14,0
2026-08-17T16:30:00+00:00,1786984200,1.38678,1.38689,1.38672,1.3868800000000001,68,14,0
2026-08-17T16:35:00+00:00,1786984500,1.3868800000000001,1.3869099999999999,1.3868,1.38681,55,14,0
2026-08-17T16:40:00+00:00,1786984800,1.38681,1.387,1.3868,1.38693,58,14,0
2026-08-17T16:45:00+00:00,1786985100,1.38693,1.38694,1.38669,1.38679,57,14,0
2026-08-17T16:50:00+00:00,1786985400,1.38679,1.38687,1.38674,1.38683,50,14,0
2026-08-17T16:55:00+00:00,1786985700,1.38683,1.38689,1.3867099999999999,1.38686,59,14,0
2026-08-17T17:00:00+00:00,1786986000,1.38686,1.38702,1.38686,1.387,56,14,0
2026-08-17T17:05:00+00:00,1786986300,1.387,1.38707,1.3869,1.38699,65,14,0
2026-08-17T17:10:00+00:00,1786986600,1.38699,1.38702,1.3868800000000001,1.38693,56,14,0
2026-08-17T17:15:00+00:00,1786986900,1.38693,1.38705,1.38679,1.3868,81,14,0
2026-08-17T17:20:00+00:00,1786987200,1.38681,1.38697,1.38672,1.3868800000000001,66,14,0
2026-08-17T17:25:00+00:00,1786987500,1.3868800000000001,1.3869,1.3866100000000001,1.3866100000000001,72,14,0
2026-08-17T17:30:00+00:00,1786987800,1.3866100000000001,1.3868,1.38658,1.3868,60,14,0
2026-08-17T17:35:00+00:00,1786988100,1.3868,1.38733,1.3868,1.3873,113,14,0
2026-08-17T17:40:00+00:00,1786988400,1.3873,1.38736,1.38701,1.38701,81,14,0
2026-08-17T17:45:00+00:00,1786988700,1.38701,1.38709,1.3869099999999999,1.38701,72,14,0
2026-08-17T17:50:00+00:00,1786989000,1.38701,1.38709,1.3869,1.38693,63,14,0
2026-08-17T17:55:00+00:00,1786989300,1.38693,1.38702,1.3869,1.38699,69,14,0
2026-08-17T18:00:00+00:00,1786989600,1.387,1.38709,1.3868800000000001,1.3869,69,14,0
2026-08-17T18:05:00+00:00,1786989900,1.3869,1.38694,1.3868,1.38687,98,14,0
2026-08-17T18:10:00+00:00,1786990200,1.3868800000000001,1.38708,1.3868800000000001,1.38693,73,14,0
2026-08-17T18:15:00+00:00,1786990500,1.38692,1.38697,1.38685,1.3869,76,14,0
2026-08-17T18:20:00+00:00,1786990800,1.38692,1.3872,1.38692,1.38718,79,14,0
2026-08-17T18:25:00+00:00,1786991100,1.38718,1.38734,1.38714,1.38723,91,14,0
2026-08-17T18:30:00+00:00,1786991400,1.38721,1.38748,1.38721,1.38747,95,14,0
2026-08-17T18:35:00+00:00,1786991700,1.38747,1.38766,1.38745,1.38755,87,14,0
2026-08-17T18:40:00+00:00,1786992000,1.38755,1.38757,1.3874,1.38747,73,14,0
2026-08-17T18:45:00+00:00,1786992300,1.38746,1.38767,1.38745,1.38745,79,14,0
2026-08-17T18:50:00+00:00,1786992600,1.38745,1.38745,1.3872900000000001,1.38737,81,14,0
2026-08-17T18:55:00+00:00,1786992900,1.38738,1.38758,1.38737,1.38758,84,14,0
2026-08-17T19:00:00+00:00,1786993200,1.38757,1.38771,1.38748,1.3876,69,14,0
2026-08-17T19:05:00+00:00,1786993500,1.3876,1.3876,1.3874900000000001,1.38751,76,14,0
2026-08-17T19:10:00+00:00,1786993800,1.38751,1.38764,1.38733,1.38736,59,14,0
2026-08-17T19:15:00+00:00,1786994100,1.38736,1.38738,1.38727,1.38736,75,14,0
2026-08-17T19:20:00+00:00,1786994400,1.38736,1.38736,1.38726,1.38726,57,14,0
2026-08-17T19:25:00+00:00,1786994700,1.38726,1.38727,1.38718,1.38719,41,14,0
2026-08-17T19:30:00+00:00,1786995000,1.38718,1.38736,1.38715,1.38734,65,14,0
2026-08-17T19:35:00+00:00,1786995300,1.38734,1.38737,1.38721,1.38724,51,14,0
2026-08-17T19:40:00+00:00,1786995600,1.38724,1.38726,1.38712,1.38713,32,14,0
2026-08-17T19:45:00+00:00,1786995900,1.38713,1.38719,1.38712,1.38719,37,14,0
2026-08-17T19:50:00+00:00,1786996200,1.38719,1.38728,1.38717,1.38727,51,14,0
2026-08-17T19:55:00+00:00,1786996500,1.3872499999999999,1.38733,1.38718,1.38731,55,14,0
2026-08-17T20:00:00+00:00,1786996800,1.38731,1.38738,1.3873,1.38734,38,14,0
2026-08-17T20:05:00+00:00,1786997100,1.38734,1.38746,1.38716,1.38718,42,14,0
2026-08-17T20:10:00+00:00,1786997400,1.38718,1.3875,1.38718,1.38748,48,14,0
2026-08-17T20:15:00+00:00,1786997700,1.38747,1.38755,1.38744,1.38746,30,14,0
2026-08-17T20:20:00+00:00,1786998000,1.38745,1.38751,1.3872900000000001,1.38745,43,14,0
2026-08-17T20:25:00+00:00,1786998300,1.38745,1.38745,1.3872900000000001,1.38734,22,14,0
2026-08-17T20:30:00+00:00,1786998600,1.38734,1.38739,1.38731,1.38736,21,14,0
2026-08-17T20:35:00+00:00,1786998900,1.38736,1.38755,1.38734,1.38755,21,14,0
2026-08-17T20:40:00+00:00,1786999200,1.38754,1.38757,1.38744,1.3875600000000001,28,14,0
2026-08-17T20:45:00+00:00,1786999500,1.3875600000000001,1.3875600000000001,1.38747,1.3875600000000001,31,14,0
2026-08-17T20:50:00+00:00,1786999800,1.3875600000000001,1.3875899999999999,1.3874900000000001,1.3874900000000001,28,14,0
2026-08-17T20:55:00+00:00,1787000100,1.3874900000000001,1.38754,1.3872900000000001,1.38744,61,14,0
2026-08-17T21:00:00+00:00,1787000400,1.38743,1.38744,1.38743,1.38744,2,24,0
2026-08-17T21:05:00+00:00,1787000700,1.38745,1.38745,1.3871,1.3871,33,21,0
2026-08-17T21:10:00+00:00,1787001000,1.38709,1.3871,1.38697,1.3869799999999999,24,53,0
2026-08-17T21:15:00+00:00,1787001300,1.38699,1.38726,1.38697,1.3872,65,43,0
2026-08-17T21:20:00+00:00,1787001600,1.3872200000000001,1.3872200000000001,1.38713,1.38719,47,41,0
2026-08-17T21:25:00+00:00,1787001900,1.38718,1.3872200000000001,1.38714,1.3872200000000001,25,42,0
2026-08-17T21:30:00+00:00,1787002200,1.38723,1.38731,1.3872200000000001,1.3872900000000001,43,38,0
2026-08-17T21:35:00+00:00,1787002500,1.3873,1.3873,1.38727,1.3873,22,45,0
2026-08-17T21:40:00+00:00,1787002800,1.3873,1.38731,1.38727,1.3873,21,45,0
2026-08-17T21:45:00+00:00,1787003100,1.3873,1.38731,1.38728,1.3873,32,48,0
2026-08-17T21:50:00+00:00,1787003400,1.3873,1.38731,1.38727,1.3873,27,55,0
2026-08-17T21:55:00+00:00,1787003700,1.3873,1.38735,1.3873,1.38735,9,38,0
2026-08-17T22:00:00+00:00,1787004000,1.38748,1.3875600000000001,1.3873,1.3873199999999999,37,14,0
2026-08-17T22:05:00+00:00,1787004300,1.3873199999999999,1.38738,1.3873199999999999,1.38733,10,16,0
2026-08-17T22:10:00+00:00,1787004600,1.38733,1.3874,1.3872900000000001,1.38734,30,16,0
2026-08-17T22:15:00+00:00,1787004900,1.38734,1.38739,1.38733,1.38739,14,16,0
2026-08-17T22:20:00+00:00,1787005200,1.38739,1.38739,1.3873199999999999,1.3873199999999999,11,16,0
2026-08-17T22:25:00+00:00,1787005500,1.3873199999999999,1.3873199999999999,1.3872,1.38721,20,16,0
2026-08-17T22:30:00+00:00,1787005800,1.38721,1.3872499999999999,1.38721,1.38723,17,16,0
2026-08-17T22:35:00+00:00,1787006100,1.38723,1.3872499999999999,1.3872200000000001,1.38724,12,16,0
2026-08-17T22:40:00+00:00,1787006400,1.38724,1.38724,1.38713,1.38715,23,16,0
2026-08-17T22:45:00+00:00,1787006700,1.38715,1.38717,1.38714,1.38716,19,14,0
2026-08-17T22:50:00+00:00,1787007000,1.38716,1.3872499999999999,1.38716,1.38724,14,14,0
2026-08-17T22:55:00+00:00,1787007300,1.38724,1.38724,1.38715,1.38716,25,14,0
2026-08-17T23:00:00+00:00,1787007600,1.38716,1.38721,1.38716,1.3872,12,14,0
2026-08-17T23:05:00+00:00,1787007900,1.3872,1.3872,1.38704,1.38704,18,14,0
2026-08-17T23:10:00+00:00,1787008200,1.38704,1.38709,1.38703,1.38708,23,14,0
2026-08-17T23:15:00+00:00,1787008500,1.38708,1.38714,1.38707,1.38709,22,14,0
2026-08-17T23:20:00+00:00,1787008800,1.38709,1.38711,1.38708,1.38709,11,14,0
2026-08-17T23:25:00+00:00,1787009100,1.38709,1.38713,1.38708,1.38708,20,14,0
2026-08-17T23:30:00+00:00,1787009400,1.38708,1.3872200000000001,1.38705,1.38707,45,14,0
2026-08-17T23:35:00+00:00,1787009700,1.38708,1.38714,1.38706,1.38713,31,14,0
2026-08-17T23:40:00+00:00,1787010000,1.38713,1.38716,1.38702,1.38706,30,14,0
2026-08-17T23:45:00+00:00,1787010300,1.38706,1.38707,1.38693,1.38696,33,14,0
2026-08-17T23:50:00+00:00,1787010600,1.38696,1.3869799999999999,1.38693,1.38696,31,14,0
2026-08-17T23:55:00+00:00,1787010900,1.38696,1.38702,1.3869099999999999,1.387,48,14,0
2026-08-18T00:00:00+00:00,1787011200,1.38699,1.38699,1.38665,1.38667,94,14,0
2026-08-18T00:05:00+00:00,1787011500,1.38667,1.38677,1.38656,1.38677,55,14,0
2026-08-18T00:10:00+00:00,1787011800,1.38677,1.38692,1.38674,1.38686,54,14,0
2026-08-18T00:15:00+00:00,1787012100,1.38686,1.38697,1.38677,1.38697,71,14,0
2026-08-18T00:20:00+00:00,1787012400,1.3869500000000001,1.38714,1.3869500000000001,1.38714,52,14,0
2026-08-18T00:25:00+00:00,1787012700,1.38713,1.38728,1.38711,1.3872499999999999,46,14,0
2026-08-18T00:30:00+00:00,1787013000,1.3872499999999999,1.38744,1.38724,1.3873199999999999,38,14,0
2026-08-18T00:35:00+00:00,1787013300,1.38731,1.38733,1.38697,1.38697,56,14,0
2026-08-18T00:40:00+00:00,1787013600,1.38697,1.38708,1.38697,1.38705,47,14,0
2026-08-18T00:45:00+00:00,1787013900,1.38704,1.38716,1.38702,1.38705,48,14,0
2026-08-18T00:50:00+00:00,1787014200,1.38705,1.38707,1.38694,1.38703,65,14,0
2026-08-18T00:55:00+00:00,1787014500,1.38703,1.38706,1.38694,1.38696,62,14,0
2026-08-18T01:00:00+00:00,1787014800,1.38696,1.38708,1.38687,1.38704,93,14,0
2026-08-18T01:05:00+00:00,1787015100,1.38705,1.38711,1.38693,1.38694,88,14,0
2026-08-18T01:10:00+00:00,1787015400,1.38694,1.3869500000000001,1.38674,1.38677,81,14,0
2026-08-18T01:15:00+00:00,1787015700,1.38678,1.38731,1.38677,1.38714,117,14,0
2026-08-18T01:20:00+00:00,1787016000,1.38714,1.38714,1.38704,1.38709,68,14,0
2026-08-18T01:25:00+00:00,1787016300,1.3871,1.38731,1.3871,1.38712,63,14,0
2026-08-18T01:30:00+00:00,1787016600,1.38712,1.38712,1.3869,1.3869099999999999,64,14,0
2026-08-18T01:35:00+00:00,1787016900,1.3869099999999999,1.38692,1.38678,1.3868,50,14,0
2026-08-18T01:40:00+00:00,1787017200,1.3868,1.38701,1.38678,1.387,51,14,0
2026-08-18T01:45:00+00:00,1787017500,1.38701,1.3872,1.38699,1.38716,64,14,0
2026-08-18T01:50:00+00:00,1787017800,1.38716,1.38716,1.38704,1.38706,63,14,0
2026-08-18T01:55:00+00:00,1787018100,1.38706,1.38708,1.3869500000000001,1.38705,77,14,0
2026-08-18T02:00:00+00:00,1787018400,1.38705,1.38717,1.38704,1.38704,82,14,0
2026-08-18T02:05:00+00:00,1787018700,1.38704,1.38705,1.38694,1.38705,49,14,0
2026-08-18T02:10:00+00:00,1787019000,1.38705,1.38709,1.3869799999999999,1.38708,53,14,0
2026-08-18T02:15:00+00:00,1787019300,1.38706,1.38715,1.38702,1.38708,51,14,0
2026-08-18T02:20:00+00:00,1787019600,1.38708,1.38712,1.38703,1.38707,45,14,0
2026-08-18T02:25:00+00:00,1787019900,1.38709,1.3871,1.38696,1.3869799999999999,48,14,0
2026-08-18T02:30:00+00:00,1787020200,1.3869799999999999,1.38706,1.38687,1.38689,55,14,0
2026-08-18T02:35:00+00:00,1787020500,1.38689,1.38693,1.38679,1.38687,48,14,0
2026-08-18T02:40:00+00:00,1787020800,1.38687,1.38687,1.38679,1.38679,37,14,0
2026-08-18T02:45:00+00:00,1787021100,1.38678,1.38681,1.38665,1.38667,43,14,0
2026-08-18T02:50:00+00:00,1787021400,1.38667,1.3866800000000001,1.38655,1.38655,48,14,0
2026-08-18T02:55:00+00:00,1787021700,1.38655,1.3866,1.38655,1.38658,42,14,0
2026-08-18T03:00:00+00:00,1787022000,1.38658,1.38679,1.38658,1.3866800000000001,40,14,0
2026-08-18T03:05:00+00:00,1787022300,1.3866800000000001,1.38679,1.38667,1.3866800000000001,52,14,0
2026-08-18T03:10:00+00:00,1787022600,1.3866800000000001,1.3866800000000001,1.3866100000000001,1.3866399999999999,35,14,0
2026-08-18T03:15:00+00:00,1787022900,1.38665,1.38679,1.38665,1.38679,63,14,0
2026-08-18T03:20:00+00:00,1787023200,1.38681,1.38687,1.38675,1.38685,46,14,0
2026-08-18T03:25:00+00:00,1787023500,1.38685,1.38697,1.38684,1.38687,43,14,0
2026-08-18T03:30:00+00:00,1787023800,1.38687,1.38705,1.38684,1.38705,51,14,0
2026-08-18T03:35:00+00:00,1787024100,1.38705,1.3872499999999999,1.38705,1.38721,61,14,0
2026-08-18T03:40:00+00:00,1787024400,1.3872,1.38721,1.38702,1.38703,50,14,0
2026-08-18T03:45:00+00:00,1787024700,1.38703,1.38742,1.38702,1.38742,65,14,0
2026-08-18T03:50:00+00:00,1787025000,1.38742,1.38742,1.38735,1.38741,49,14,0
2026-08-18T03:55:00+00:00,1787025300,1.38741,1.38741,1.3872,1.3872,59,14,0
2026-08-18T04:00:00+00:00,1787025600,1.3872,1.38723,1.38714,1.38723,49,14,0
2026-08-18T04:05:00+00:00,1787025900,1.38723,1.38745,1.3872200000000001,1.38744,48,14,0
2026-08-18T04:10:00+00:00,1787026200,1.38744,1.38763,1.38743,1.3876,50,14,0
2026-08-18T04:15:00+00:00,1787026500,1.3876,1.3877,1.3875899999999999,1.38766,44,14,0
2026-08-18T04:20:00+00:00,1787026800,1.38766,1.38767,1.3873199999999999,1.3873199999999999,79,14,0
2026-08-18T04:25:00+00:00,1787027100,1.3873199999999999,1.38743,1.3872900000000001,1.3874,71,14,0
2026-08-18T04:30:00+00:00,1787027400,1.3874,1.38762,1.38739,1.3875899999999999,41,14,0
2026-08-18T04:35:00+00:00,1787027700,1.38757,1.38757,1.38747,1.3874900000000001,32,14,0
2026-08-18T04:40:00+00:00,1787028000,1.3874900000000001,1.38751,1.38731,1.38741,44,14,0
2026-08-18T04:45:00+00:00,1787028300,1.38741,1.3875199999999999,1.38737,1.38739,44,14,0
2026-08-18T04:50:00+00:00,1787028600,1.3874,1.38747,1.3874,1.38747,15,14,0
2026-08-18T04:55:00+00:00,1787028900,1.38747,1.38757,1.38742,1.38757,49,14,0
2026-08-18T05:00:00+00:00,1787029200,1.38757,1.38767,1.3875,1.38766,59,14,0
2026-08-18T05:05:00+00:00,1787029500,1.38766,1.38766,1.38758,1.38763,48,14,0
2026-08-18T05:10:00+00:00,1787029800,1.38763,1.38775,1.38761,1.38775,21,14,0
2026-08-18T05:15:00+00:00,1787030100,1.38775,1.38782,1.38765,1.38769,48,14,0
2026-08-18T05:20:00+00:00,1787030400,1.38769,1.38769,1.3875899999999999,1.38762,35,14,0
2026-08-18T05:25:00+00:00,1787030700,1.38764,1.38766,1.3875600000000001,1.38758,53,14,0
2026-08-18T05:30:00+00:00,1787031000,1.3875899999999999,1.38761,1.3875199999999999,1.3876,45,14,0
2026-08-18T05:35:00+00:00,1787031300,1.3876,1.38768,1.38754,1.38762,52,14,0
2026-08-18T05:40:00+00:00,1787031600,1.38762,1.38768,1.38757,1.3876,53,14,0
2026-08-18T05:45:00+00:00,1787031900,1.38761,1.38761,1.38742,1.38742,33,14,0
2026-08-18T05:50:00+00:00,1787032200,1.38742,1.38744,1.38739,1.38741,31,14,0
2026-08-18T05:55:00+00:00,1787032500,1.38741,1.3875,1.3874,1.3874900000000001,22,14,0
2026-08-18T06:00:00+00:00,1787032800,1.3874900000000001,1.38754,1.38735,1.3874,100,14,0
2026-08-18T06:05:00+00:00,1787033100,1.38741,1.38741,1.387,1.387,96,14,0
2026-08-18T06:10:00+00:00,1787033400,1.387,1.38705,1.3869099999999999,1.38705,76,14,0
2026-08-18T06:15:00+00:00,1787033700,1.38705,1.38723,1.38703,1.38708,71,14,0
2026-08-18T06:20:00+00:00,1787034000,1.38708,1.3872499999999999,1.38701,1.38706,71,14,0
2026-08-18T06:25:00+00:00,1787034300,1.38707,1.38707,1.38685,1.38686,57,14,0
2026-08-18T06:30:00+00:00,1787034600,1.38686,1.38706,1.38678,1.38689,77,14,0
2026-08-18T06:35:00+00:00,1787034900,1.38689,1.3873199999999999,1.38689,1.38726,111,14,0
2026-08-18T06:40:00+00:00,1787035200,1.38726,1.38733,1.38717,1.38717,67,14,0
2026-08-18T06:45:00+00:00,1787035500,1.38717,1.3875199999999999,1.38708,1.38743,73,14,0
2026-08-18T06:50:00+00:00,1787035800,1.38743,1.38766,1.38741,1.38755,69,14,0
2026-08-18T06:55:00+00:00,1787036100,1.38755,1.38755,1.38719,1.38719,83,14,0
2026-08-18T07:00:00+00:00,1787036400,1.38718,1.38719,1.38663,1.38663,126,14,0
2026-08-18T07:05:00+00:00,1787036700,1.3866100000000001,1.38712,1.3866,1.38704,113,14,0
2026-08-18T07:10:00+00:00,1787037000,1.38704,1.3872200000000001,1.38704,1.38707,81,14,0
2026-08-18T07:15:00+00:00,1787037300,1.38708,1.3873199999999999,1.38696,1.38724,125,14,0
2026-08-18T07:20:00+00:00,1787037600,1.38724,1.3872499999999999,1.387,1.3871,67,14,0
2026-08-18T07:25:00+00:00,1787037900,1.3871,1.3871,1.38687,1.3869500000000001,58,14,0
2026-08-18T07:30:00+00:00,1787038200,1.3869500000000001,1.3869500000000001,1.3868,1.3868800000000001,86,14,0
2026-08-18T07:35:00+00:00,1787038500,1.3868800000000001,1.3868800000000001,1.38655,1.38659,68,14,0
2026-08-18T07:40:00+00:00,1787038800,1.38659,1.3866800000000001,1.38646,1.38663,65,14,0
2026-08-18T07:45:00+00:00,1787039100,1.38662,1.38666,1.38648,1.3865,66,14,0
2026-08-18T07:50:00+00:00,1787039400,1.3865,1.38656,1.38631,1.38652,76,14,0
2026-08-18T07:55:00+00:00,1787039700,1.38652,1.38653,1.3863400000000001,1.3865,60,14,0
2026-08-18T08:00:00+00:00,1787040000,1.38653,1.38677,1.38653,1.38673,97,14,0
2026-08-18T08:05:00+00:00,1787040300,1.38672,1.38677,1.38645,1.38674,116,14,0
2026-08-18T08:10:00+00:00,1787040600,1.38674,1.38692,1.3866,1.3866800000000001,86,14,0
2026-08-18T08:15:00+00:00,1787040900,1.3866800000000001,1.38693,1.38659,1.38693,80,14,0
2026-08-18T08:20:00+00:00,1787041200,1.38693,1.38707,1.38685,1.3869799999999999,62,14,0
2026-08-18T08:25:00+00:00,1787041500,1.3869799999999999,1.3869799999999999,1.38686,1.3868800000000001,55,14,0
2026-08-18T08:30:00+00:00,1787041800,1.3868800000000001,1.38704,1.3868,1.38704,63,14,0
2026-08-18T08:35:00+00:00,1787042100,1.38704,1.38712,1.38696,1.38697,57,14,0
2026-08-18T08:40:00+00:00,1787042400,1.38697,1.38704,1.38678,1.38678,75,14,0
2026-08-18T08:45:00+00:00,1787042700,1.38678,1.38682,1.38665,1.38669,60,14,0
2026-08-18T08:50:00+00:00,1787043000,1.38669,1.3869099999999999,1.38669,1.38673,73,14,0
2026-08-18T08:55:00+00:00,1787043300,1.3867099999999999,1.38672,1.38647,1.38669,64,14,0
2026-08-18T09:00:00+00:00,1787043600,1.3867,1.38678,1.3866399999999999,1.3866399999999999,69,14,0
2026-08-18T09:05:00+00:00,1787043900,1.38665,1.38669,1.38651,1.38652,64,14,0
2026-08-18T09:10:00+00:00,1787044200,1.38651,1.3866800000000001,1.3865,1.38663,62,14,0
2026-08-18T09:15:00+00:00,1787044500,1.38665,1.38687,1.38663,1.38669,96,14,0
2026-08-18T09:20:00+00:00,1787044800,1.38669,1.38669,1.38645,1.3865,79,14,0
2026-08-18T09:25:00+00:00,1787045100,1.3865,1.3865,1.3863400000000001,1.38638,61,14,0
2026-08-18T09:30:00+00:00,1787045400,1.38639,1.38644,1.38615,1.38615,77,14,0
2026-08-18T09:35:00+00:00,1787045700,1.38615,1.38642,1.3860999999999999,1.3864,87,14,0
2026-08-18T09:40:00+00:00,1787046000,1.3864,1.38674,1.38639,1.38657,84,14,0
2026-08-18T09:45:00+00:00,1787046300,1.38657,1.38665,1.38653,1.38663,47,14,0
2026-08-18T09:50:00+00:00,1787046600,1.38663,1.38683,1.3866100000000001,1.38675,53,14,0
2026-08-18T09:55:00+00:00,1787046900,1.38674,1.38678,1.38657,1.38662,66,14,0
2026-08-18T10:00:00+00:00,1787047200,1.38662,1.387,1.3866,1.38696,85,14,0
2026-08-18T10:05:00+00:00,1787047500,1.38696,1.38696,1.38682,1.38685,52,14,0
2026-08-18T10:10:00+00:00,1787047800,1.38685,1.387,1.38685,1.38693,77,14,0
2026-08-18T10:15:00+00:00,1787048100,1.3869500000000001,1.38702,1.38686,1.38692,61,14,0
2026-08-18T10:20:00+00:00,1787048400,1.38692,1.3869799999999999,1.38682,1.38684,52,14,0
2026-08-18T10:25:00+00:00,1787048700,1.38684,1.3869500000000001,1.38673,1.38673,52,14,0
2026-08-18T10:30:00+00:00,1787049000,1.38673,1.38693,1.38672,1.38689,54,14,0
2026-08-18T10:35:00+00:00,1787049300,1.38689,1.38697,1.38683,1.3869500000000001,68,14,0
2026-08-18T10:40:00+00:00,1787049600,1.3869500000000001,1.38708,1.38694,1.38703,47,14,0
2026-08-18T10:45:00+00:00,1787049900,1.38702,1.38707,1.38692,1.38707,65,14,0
2026-08-18T10:50:00+00:00,1787050200,1.38707,1.38721,1.38704,1.3872,83,14,0
2026-08-18T10:55:00+00:00,1787050500,1.3872,1.3872200000000001,1.38711,1.38719,82,14,0
2026-08-18T11:00:00+00:00,1787050800,1.38719,1.38742,1.38718,1.38742,68,14,0
2026-08-18T11:05:00+00:00,1787051100,1.38742,1.3875199999999999,1.38737,1.38738,57,14,0
2026-08-18T11:10:00+00:00,1787051400,1.38738,1.38745,1.38735,1.38745,49,14,0
2026-08-18T11:15:00+00:00,1787051700,1.38745,1.3875600000000001,1.38745,1.38754,48,14,0
2026-08-18T11:20:00+00:00,1787052000,1.38754,1.38761,1.38747,1.38748,56,14,0
2026-08-18T11:25:00+00:00,1787052300,1.3874900000000001,1.3875199999999999,1.38724,1.38746,70,14,0
2026-08-18T11:30:00+00:00,1787052600,1.38746,1.38751,1.38735,1.3874900000000001,60,14,0
2026-08-18T11:35:00+00:00,1787052900,1.3874900000000001,1.38755,1.38742,1.38748,66,14,0
2026-08-18T11:40:00+00:00,1787053200,1.3874900000000001,1.38774,1.38747,1.38765,67,14,0
2026-08-18T11:45:00+00:00,1787053500,1.38764,1.38769,1.38754,1.3875899999999999,63,14,0
2026-08-18T11:50:00+00:00,1787053800,1.3875899999999999,1.38771,1.38751,1.38758,62,14,0
2026-08-18T11:55:00+00:00,1787054100,1.38758,1.3876,1.38736,1.3874,76,14,0
2026-08-18T12:00:00+00:00,1787054400,1.38741,1.38761,1.38719,1.38724,118,14,0
2026-08-18T12:05:00+00:00,1787054700,1.38724,1.38744,1.3872,1.3872900000000001,113,14,0
2026-08-18T12:10:00+00:00,1787055000,1.38728,1.38753,1.3872499999999999,1.38742,78,14,0
2026-08-18T12:15:00+00:00,1787055300,1.38741,1.3875,1.38735,1.38739,66,14,0
2026-08-18T12:20:00+00:00,1787055600,1.38737,1.38737,1.38718,1.3873199999999999,146,14,0
2026-08-18T12:25:00+00:00,1787055900,1.3873199999999999,1.38737,1.38708,1.38733,102,14,0
2026-08-18T12:30:00+00:00,1787056200,1.38731,1.3874,1.38716,1.3874,67,14,0
2026-08-18T12:35:00+00:00,1787056500,1.3874,1.3875,1.3873199999999999,1.38738,75,14,0
2026-08-18T12:40:00+00:00,1787056800,1.38738,1.38745,1.38715,1.38716,115,14,0
2026-08-18T12:45:00+00:00,1787057100,1.38714,1.3872200000000001,1.38683,1.38684,100,14,0
2026-08-18T12:50:00+00:00,1787057400,1.38684,1.38704,1.38675,1.3869500000000001,89,14,0
2026-08-18T12:55:00+00:00,1787057700,1.38694,1.38736,1.38692,1.38735,146,14,0
2026-08-18T13:00:00+00:00,1787058000,1.38734,1.38737,1.38684,1.38687,119,14,0
2026-08-18T13:05:00+00:00,1787058300,1.38686,1.3869799999999999,1.38677,1.38679,82,14,0
2026-08-18T13:10:00+00:00,1787058600,1.38678,1.3868800000000001,1.3866399999999999,1.38675,68,14,0
2026-08-18T13:15:00+00:00,1787058900,1.38675,1.38701,1.38675,1.3869799999999999,84,14,0
2026-08-18T13:20:00+00:00,1787059200,1.3869799999999999,1.387,1.38683,1.38692,86,14,0
2026-08-18T13:25:00+00:00,1787059500,1.38692,1.38711,1.38681,1.38692,124,14,0
2026-08-18T13:30:00+00:00,1787059800,1.38692,1.38719,1.38673,1.38675,211,14,0
2026-08-18T13:35:00+00:00,1787060100,1.38676,1.38704,1.3867,1.38684,193,14,0
2026-08-18T13:40:00+00:00,1787060400,1.38685,1.38731,1.38684,1.3872900000000001,130,14,0
2026-08-18T13:45:00+00:00,1787060700,1.38728,1.38781,1.38724,1.38777,162,14,0
2026-08-18T13:50:00+00:00,1787061000,1.38779,1.38804,1.38769,1.3878,152,14,0
2026-08-18T13:55:00+00:00,1787061300,1.38779,1.3878,1.38737,1.38737,153,14,0
2026-08-18T14:00:00+00:00,1787061600,1.38738,1.38761,1.38721,1.38728,153,14,0
2026-08-18T14:05:00+00:00,1787061900,1.38726,1.38745,1.38707,1.38712,146,14,0
2026-08-18T14:10:00+00:00,1787062200,1.38714,1.38726,1.38682,1.38705,175,14,0
2026-08-18T14:15:00+00:00,1787062500,1.38706,1.38723,1.38685,1.38704,125,14,0
2026-08-18T14:20:00+00:00,1787062800,1.38704,1.38714,1.38693,1.38703,102,14,0
2026-08-18T14:25:00+00:00,1787063100,1.38703,1.38726,1.38701,1.38721,96,14,0
2026-08-18T14:30:00+00:00,1787063400,1.38721,1.3875,1.3872,1.38746,119,14,0
2026-08-18T14:35:00+00:00,1787063700,1.38747,1.3879299999999999,1.38742,1.38788,115,14,0
2026-08-18T14:40:00+00:00,1787064000,1.38788,1.38788,1.38735,1.38761,117,14,0
2026-08-18T14:45:00+00:00,1787064300,1.38761,1.38775,1.3875199999999999,1.38772,93,14,0
2026-08-18T14:50:00+00:00,1787064600,1.38773,1.38776,1.38707,1.38774,294,14,0
2026-08-18T14:55:00+00:00,1787064900,1.38776,1.3887,1.38772,1.38856,340,14,0
2026-08-18T15:00:00+00:00,1787065200,1.38856,1.3888,1.38818,1.3881999999999999,218,14,0
2026-08-18T15:05:00+00:00,1787065500,1.38819,1.38862,1.38809,1.38858,156,14,0
2026-08-18T15:10:00+00:00,1787065800,1.38858,1.38902,1.38848,1.38902,141,14,0
2026-08-18T15:15:00+00:00,1787066100,1.38902,1.38916,1.38887,1.389,152,14,0
2026-08-18T15:20:00+00:00,1787066400,1.38901,1.38925,1.38897,1.3892,116,14,0
2026-08-18T15:25:00+00:00,1787066700,1.38921,1.38945,1.38896,1.38907,143,14,0
2026-08-18T15:30:00+00:00,1787067000,1.3890799999999999,1.38911,1.38876,1.3888,128,14,0
2026-08-18T15:35:00+00:00,1787067300,1.3887800000000001,1.3888099999999999,1.3885100000000001,1.38876,98,14,0
2026-08-18T15:40:00+00:00,1787067600,1.38877,1.3890500000000001,1.38875,1.38894,119,14,0
2026-08-18T15:45:00+00:00,1787067900,1.38894,1.38897,1.3888,1.38885,108,14,0
2026-08-18T15:50:00+00:00,1787068200,1.38885,1.38899,1.38873,1.38894,77,14,0
2026-08-18T15:55:00+00:00,1787068500,1.38894,1.38913,1.38885,1.38899,98,14,0
2026-08-18T16:00:00+00:00,1787068800,1.389,1.38916,1.38895,1.38907,96,14,0
2026-08-18T16:05:00+00:00,1787069100,1.38907,1.38921,1.38902,1.38914,85,14,0
2026-08-18T16:10:00+00:00,1787069400,1.38914,1.38914,1.38897,1.3891,86,14,0
2026-08-18T16:15:00+00:00,1787069700,1.3890799999999999,1.38924,1.38904,1.38913,90,14,0
2026-08-18T16:20:00+00:00,1787070000,1.38913,1.38922,1.38906,1.38918,78,14,0
2026-08-18T16:25:00+00:00,1787070300,1.38917,1.38957,1.3891499999999999,1.38955,102,14,0
2026-08-18T16:30:00+00:00,1787070600,1.38957,1.3896600000000001,1.38947,1.38953,64,14,0
2026-08-18T16:35:00+00:00,1787070900,1.38954,1.38971,1.38953,1.38961,88,14,0
2026-08-18T16:40:00+00:00,1787071200,1.38961,1.38964,1.38951,1.38953,42,14,0
2026-08-18T16:45:00+00:00,1787071500,1.38953,1.38953,1.3893499999999999,1.38944,64,14,0
2026-08-18T16:50:00+00:00,1787071800,1.38944,1.38951,1.38941,1.38951,74,14,0
2026-08-18T16:55:00+00:00,1787072100,1.38951,1.3896600000000001,1.38951,1.38963,52,14,0
2026-08-18T17:00:00+00:00,1787072400,1.38963,1.3897599999999999,1.38956,1.38961,90,14,0
2026-08-18T17:05:00+00:00,1787072700,1.38961,1.38982,1.3896,1.3898,47,14,0
2026-08-18T17:10:00+00:00,1787073000,1.3898,1.39004,1.3898,1.38993,78,14,0
2026-08-18T17:15:00+00:00,1787073300,1.38993,1.39002,1.38989,1.3900000000000001,61,14,0
2026-08-18T17:20:00+00:00,1787073600,1.3900000000000001,1.3900000000000001,1.3898,1.3899,60,14,0
2026-08-18T17:25:00+00:00,1787073900,1.3899,1.39014,1.3899,1.39009,75,14,0
2026-08-18T17:30:00+00:00,1787074200,1.39009,1.39038,1.39009,1.39028,92,14,0
2026-08-18T17:35:00+00:00,1787074500,1.39028,1.39035,1.39022,1.3902999999999999,75,14,0
2026-08-18T17:40:00+00:00,1787074800,1.3902999999999999,1.3902999999999999,1.39012,1.39014,66,14,0
2026-08-18T17:45:00+00:00,1787075100,1.39014,1.39024,1.39012,1.3902,50,14,0
2026-08-18T17:50:00+00:00,1787075400,1.3902,1.39028,1.39015,1.39028,46,14,0
2026-08-18T17:55:00+00:00,1787075700,1.39028,1.3903400000000001,1.39028,1.3902999999999999,48,14,0
2026-08-18T18:00:00+00:00,1787076000,1.3902999999999999,1.39051,1.3902999999999999,1.39048,52,14,0
2026-08-18T18:05:00+00:00,1787076300,1.39049,1.39051,1.39035,1.39035,58,14,0
2026-08-18T18:10:00+00:00,1787076600,1.39033,1.39051,1.39033,1.39039,56,14,0
2026-08-18T18:15:00+00:00,1787076900,1.39039,1.39052,1.39032,1.39051,34,14,0
2026-08-18T18:20:00+00:00,1787077200,1.39051,1.39052,1.39042,1.39049,47,14,0
2026-08-18T18:25:00+00:00,1787077500,1.39049,1.3905699999999999,1.39049,1.39053,52,14,0
2026-08-18T18:30:00+00:00,1787077800,1.39053,1.3906399999999999,1.39052,1.3906,43,14,0
2026-08-18T18:35:00+00:00,1787078100,1.3906,1.3908,1.39056,1.39079,66,14,0
2026-08-18T18:40:00+00:00,1787078400,1.39081,1.39096,1.39081,1.39094,69,14,0
2026-08-18T18:45:00+00:00,1787078700,1.39094,1.39094,1.39079,1.39081,45,14,0
2026-08-18T18:50:00+00:00,1787079000,1.39081,1.39081,1.39069,1.39076,51,14,0
2026-08-18T18:55:00+00:00,1787079300,1.39076,1.3908,1.39047,1.39053,88,14,0
2026-08-18T19:00:00+00:00,1787079600,1.39053,1.3907,1.39049,1.39053,74,14,0
2026-08-18T19:05:00+00:00,1787079900,1.39052,1.39063,1.39047,1.39049,53,14,0
2026-08-18T19:10:00+00:00,1787080200,1.39049,1.3905,1.38929,1.3896899999999999,347,14,0
2026-08-18T19:15:00+00:00,1787080500,1.3896899999999999,1.38975,1.38953,1.38959,113,14,0
2026-08-18T19:20:00+00:00,1787080800,1.38959,1.3896899999999999,1.3893499999999999,1.38948,83,14,0
2026-08-18T19:25:00+00:00,1787081100,1.38949,1.38974,1.38949,1.38968,76,14,0
2026-08-18T19:30:00+00:00,1787081400,1.38968,1.38982,1.38954,1.3896,109,14,0
2026-08-18T19:35:00+00:00,1787081700,1.3896,1.38963,1.3895,1.38952,82,14,0
2026-08-18T19:40:00+00:00,1787082000,1.38952,1.38953,1.38931,1.38952,81,14,0
2026-08-18T19:45:00+00:00,1787082300,1.38952,1.38978,1.38948,1.3897,87,14,0
2026-08-18T19:50:00+00:00,1787082600,1.3897,1.38979,1.38961,1.38971,82,14,0
2026-08-18T19:55:00+00:00,1787082900,1.3897300000000001,1.38985,1.38953,1.38985,142,14,0
2026-08-18T20:00:00+00:00,1787083200,1.38985,1.3899,1.3897,1.38989,75,14,0
2026-08-18T20:05:00+00:00,1787083500,1.3899,1.39004,1.38983,1.38997,36,14,0
2026-08-18T20:10:00+00:00,1787083800,1.38997,1.38998,1.38982,1.38993,29,14,0
2026-08-18T20:15:00+00:00,1787084100,1.38993,1.39013,1.3899,1.3900299999999999,49,14,0
2026-08-18T20:20:00+00:00,1787084400,1.3900299999999999,1.39012,1.39002,1.3900299999999999,20,14,0
2026-08-18T20:25:00+00:00,1787084700,1.3900299999999999,1.39006,1.38985,1.38985,32,14,0
2026-08-18T20:30:00+00:00,1787085000,1.38985,1.38985,1.3896600000000001,1.3896600000000001,37,14,0
2026-08-18T20:35:00+00:00,1787085300,1.3896600000000001,1.3897300000000001,1.38963,1.3897300000000001,26,14,0
2026-08-18T20:40:00+00:00,1787085600,1.3897300000000001,1.38974,1.3897,1.38974,18,14,0
2026-08-18T20:45:00+00:00,1787085900,1.38974,1.38977,1.38965,1.38965,31,14,0
2026-08-18T20:50:00+00:00,1787086200,1.38965,1.3897599999999999,1.38965,1.3897,39,14,0
2026-08-18T20:55:00+00:00,1787086500,1.3897,1.38972,1.38947,1.3896,62,14,0
2026-08-18T21:00:00+00:00,1787086800,1.3896,1.3896,1.38956,1.38956,12,14,0
2026-08-18T21:05:00+00:00,1787087100,1.38955,1.38955,1.38931,1.38936,50,17,0
2026-08-18T21:10:00+00:00,1787087400,1.38938,1.3894,1.38936,1.38938,26,32,0
2026-08-18T21:15:00+00:00,1787087700,1.38936,1.38948,1.38936,1.38944,51,34,0
2026-08-18T21:20:00+00:00,1787088000,1.38945,1.38949,1.38938,1.3894199999999999,82,24,0
2026-08-18T21:25:00+00:00,1787088300,1.3894,1.38949,1.3893,1.38931,79,24,0
2026-08-18T21:30:00+00:00,1787088600,1.3893,1.38931,1.38917,1.38928,94,42,0
2026-08-18T21:35:00+00:00,1787088900,1.38926,1.38926,1.38901,1.3891,117,46,0
2026-08-18T21:40:00+00:00,1787089200,1.38911,1.38922,1.38906,1.3892,93,48,0
2026-08-18T21:45:00+00:00,1787089500,1.3892,1.38928,1.3892,1.38927,50,39,0
2026-08-18T21:50:00+00:00,1787089800,1.38926,1.3893,1.38925,1.38929,30,36,0
2026-08-18T21:55:00+00:00,1787090100,1.3893,1.38932,1.38926,1.38932,26,32,0
2026-08-18T22:00:00+00:00,1787090400,1.38936,1.3896,1.38936,1.38958,43,14,0
2026-08-18T22:05:00+00:00,1787090700,1.38958,1.38959,1.38957,1.38959,13,16,0
2026-08-18T22:10:00+00:00,1787091000,1.38959,1.38961,1.38946,1.3896,29,16,0
2026-08-18T22:15:00+00:00,1787091300,1.3896,1.38961,1.38951,1.38958,28,16,0
2026-08-18T22:20:00+00:00,1787091600,1.38958,1.38978,1.38958,1.3897599999999999,58,16,0
2026-08-18T22:25:00+00:00,1787091900,1.3897599999999999,1.38981,1.3897599999999999,1.38981,20,16,0
2026-08-18T22:30:00+00:00,1787092200,1.38981,1.3899,1.38967,1.38967,29,16,0
2026-08-18T22:35:00+00:00,1787092500,1.38967,1.38967,1.38964,1.3896600000000001,17,16,0
2026-08-18T22:40:00+00:00,1787092800,1.3896600000000001,1.38975,1.3896600000000001,1.38972,19,16,0
2026-08-18T22:45:00+00:00,1787093100,1.38972,1.38975,1.38964,1.38974,20,16,0
2026-08-18T22:50:00+00:00,1787093400,1.38974,1.3897599999999999,1.38972,1.38975,25,14,0
2026-08-18T22:55:00+00:00,1787093700,1.3897599999999999,1.38977,1.38974,1.38977,17,14,0
2026-08-18T23:00:00+00:00,1787094000,1.38977,1.38977,1.38964,1.38967,41,14,0
2026-08-18T23:05:00+00:00,1787094300,1.3896600000000001,1.38968,1.38959,1.38968,17,14,0
2026-08-18T23:10:00+00:00,1787094600,1.38968,1.38975,1.38967,1.3897300000000001,17,14,0
2026-08-18T23:15:00+00:00,1787094900,1.3897300000000001,1.38978,1.3897300000000001,1.38978,12,14,0
2026-08-18T23:20:00+00:00,1787095200,1.38978,1.38978,1.38974,1.38978,18,14,0
2026-08-18T23:25:00+00:00,1787095500,1.38978,1.39005,1.38977,1.39005,39,14,0
2026-08-18T23:30:00+00:00,1787095800,1.39005,1.39006,1.38988,1.38989,54,14,0
2026-08-18T23:35:00+00:00,1787096100,1.38989,1.39006,1.38988,1.39005,30,14,0
2026-08-18T23:40:00+00:00,1787096400,1.39005,1.39013,1.3900299999999999,1.39009,26,14,0
2026-08-18T23:45:00+00:00,1787096700,1.39011,1.39017,1.38998,1.39002,43,14,0
2026-08-18T23:50:00+00:00,1787097000,1.39001,1.3900299999999999,1.3899,1.38992,38,14,0
2026-08-18T23:55:00+00:00,1787097300,1.38992,1.38994,1.38984,1.38987,51,14,0
2026-08-19T00:00:00+00:00,1787097600,1.38986,1.38994,1.3896899999999999,1.3896899999999999,127,14,0
2026-08-19T00:05:00+00:00,1787097900,1.3896899999999999,1.38974,1.38952,1.38956,100,14,0
2026-08-19T00:10:00+00:00,1787098200,1.38959,1.38964,1.38934,1.38945,77,14,0
2026-08-19T00:15:00+00:00,1787098500,1.38945,1.38946,1.38927,1.3893499999999999,59,14,0
2026-08-19T00:20:00+00:00,1787098800,1.3893499999999999,1.3895,1.3893499999999999,1.38944,63,14,0
2026-08-19T00:25:00+00:00,1787099100,1.38944,1.38953,1.38943,1.3895,77,14,0
2026-08-19T00:30:00+00:00,1787099400,1.3895,1.38997,1.38948,1.38982,102,14,0
2026-08-19T00:35:00+00:00,1787099700,1.3898,1.38986,1.38975,1.38975,68,14,0
2026-08-19T00:40:00+00:00,1787100000,1.38975,1.38989,1.38968,1.38988,61,14,0
2026-08-19T00:45:00+00:00,1787100300,1.38988,1.38997,1.38984,1.38995,59,14,0
2026-08-19T00:50:00+00:00,1787100600,1.38995,1.3899599999999999,1.3896899999999999,1.38983,89,14,0
2026-08-19T00:55:00+00:00,1787100900,1.38983,1.39016,1.3898,1.39016,113,14,0
2026-08-19T01:00:00+00:00,1787101200,1.39017,1.39041,1.39011,1.3902700000000001,131,14,0
2026-08-19T01:05:00+00:00,1787101500,1.3902700000000001,1.39056,1.39024,1.39056,101,14,0
2026-08-19T01:10:00+00:00,1787101800,1.39055,1.39058,1.3904,1.39056,80,14,0
2026-08-19T01:15:00+00:00,1787102100,1.39054,1.39073,1.39053,1.3906100000000001,112,14,0
2026-08-19T01:20:00+00:00,1787102400,1.39062,1.3906800000000001,1.3904,1.39043,104,14,0
2026-08-19T01:25:00+00:00,1787102700,1.39044,1.39059,1.39044,1.39055,82,14,0
2026-08-19T01:30:00+00:00,1787103000,1.39055,1.39055,1.39022,1.39022,81,14,0
2026-08-19T01:35:00+00:00,1787103300,1.3902,1.39021,1.38998,1.3900000000000001,77,14,0
2026-08-19T01:40:00+00:00,1787103600,1.3900000000000001,1.3900000000000001,1.38987,1.38991,72,14,0
2026-08-19T01:45:00+00:00,1787103900,1.3899,1.38997,1.38979,1.3899599999999999,74,14,0
2026-08-19T01:50:00+00:00,1787104200,1.3899599999999999,1.38999,1.3899,1.38992,50,14,0
2026-08-19T01:55:00+00:00,1787104500,1.38991,1.38993,1.38975,1.38983,53,14,0
2026-08-19T02:00:00+00:00,1787104800,1.38983,1.38989,1.38975,1.38975,62,14,0
2026-08-19T02:05:00+00:00,1787105100,1.38974,1.38974,1.38946,1.38946,54,14,0
2026-08-19T02:10:00+00:00,1787105400,1.38946,1.38957,1.3894,1.38947,66,14,0
2026-08-19T02:15:00+00:00,1787105700,1.38948,1.38956,1.38713,1.38834,651,14,0
2026-08-19T02:20:00+00:00,1787106000,1.38834,1.3887,1.38804,1.38805,169,14,0
2026-08-19T02:25:00+00:00,1787106300,1.38805,1.38823,1.3878300000000001,1.3881299999999999,129,14,0
2026-08-19T02:30:00+00:00,1787106600,1.3881299999999999,1.38825,1.38805,1.38819,141,14,0
2026-08-19T02:35:00+00:00,1787106900,1.38818,1.38819,1.38779,1.38779,119,14,0
2026-08-19T02:40:00+00:00,1787107200,1.38779,1.38784,1.38765,1.38768,90,14,0
2026-08-19T02:45:00+00:00,1787107500,1.38766,1.3877,1.38739,1.3877,118,14,0
2026-08-19T02:50:00+00:00,1787107800,1.3877,1.38795,1.3875899999999999,1.38778,111,14,0
2026-08-19T02:55:00+00:00,1787108100,1.38777,1.38787,1.38775,1.38775,59,14,0
2026-08-19T03:00:00+00:00,1787108400,1.38774,1.38777,1.3875199999999999,1.38755,82,14,0
2026-08-19T03:05:00+00:00,1787108700,1.38757,1.38781,1.38757,1.38769,63,14,0
2026-08-19T03:10:00+00:00,1787109000,1.38769,1.3877,1.38751,1.38754,78,14,0
2026-08-19T03:15:00+00:00,1787109300,1.38754,1.3876,1.38751,1.38755,48,14,0
2026-08-19T03:20:00+00:00,1787109600,1.38755,1.38768,1.3875199999999999,1.38766,59,14,0
2026-08-19T03:25:00+00:00,1787109900,1.38766,1.38773,1.38763,1.38773,55,14,0
2026-08-19T03:30:00+00:00,1787110200,1.38773,1.38787,1.38771,1.3878599999999999,49,14,0
2026-08-19T03:35:00+00:00,1787110500,1.3878599999999999,1.38805,1.3878599999999999,1.38803,49,14,0
2026-08-19T03:40:00+00:00,1787110800,1.38803,1.38809,1.38798,1.388,43,14,0
2026-08-19T03:45:00+00:00,1787111100,1.388,1.38801,1.38792,1.38796,45,14,0
2026-08-19T03:50:00+00:00,1787111400,1.38796,1.38806,1.3879299999999999,1.38806,34,14,0
2026-08-19T03:55:00+00:00,1787111700,1.38806,1.38827,1.38806,1.38827,38,14,0
2026-08-19T04:00:00+00:00,1787112000,1.38827,1.38827,1.38803,1.38821,70,14,0
2026-08-19T04:05:00+00:00,1787112300,1.38822,1.38824,1.38814,1.38814,33,14,0
2026-08-19T04:10:00+00:00,1787112600,1.38814,1.38814,1.3878300000000001,1.38787,75,14,0
2026-08-19T04:15:00+00:00,1787112900,1.38787,1.388,1.38778,1.38782,54,14,0
2026-08-19T04:20:00+00:00,1787113200,1.38782,1.38797,1.38782,1.3879299999999999,51,14,0
2026-08-19T04:25:00+00:00,1787113500,1.38791,1.38809,1.38788,1.38807,56,14,0
2026-08-19T04:30:00+00:00,1787113800,1.38807,1.38807,1.38781,1.38802,72,14,0
2026-08-19T04:35:00+00:00,1787114100,1.38802,1.38816,1.38798,1.38816,43,14,0
2026-08-19T04:40:00+00:00,1787114400,1.38816,1.38825,1.38805,1.38806,51,14,0
2026-08-19T04:45:00+00:00,1787114700,1.38806,1.38811,1.38795,1.38796,47,14,0
2026-08-19T04:50:00+00:00,1787115000,1.38797,1.38816,1.38795,1.38811,49,14,0
2026-08-19T04:55:00+00:00,1787115300,1.38811,1.38821,1.38798,1.38803,77,14,0
2026-08-19T05:00:00+00:00,1787115600,1.38803,1.38803,1.3878300000000001,1.38796,98,14,0
2026-08-19T05:05:00+00:00,1787115900,1.38797,1.3881999999999999,1.38797,1.38819,46,14,0
2026-08-19T05:10:00+00:00,1787116200,1.38819,1.3881999999999999,1.38807,1.38809,55,14,0
2026-08-19T05:15:00+00:00,1787116500,1.38809,1.38809,1.3879000000000001,1.38803,74,14,0
2026-08-19T05:20:00+00:00,1787116800,1.38803,1.3881299999999999,1.38799,1.3881000000000001,54,14,0
2026-08-19T05:25:00+00:00,1787117100,1.38809,1.3881000000000001,1.38796,1.38799,54,14,0
2026-08-19T05:30:00+00:00,1787117400,1.38799,1.38802,1.38784,1.38784,77,14,0
2026-08-19T05:35:00+00:00,1787117700,1.38784,1.38804,1.38782,1.388,74,14,0
2026-08-19T05:40:00+00:00,1787118000,1.388,1.38806,1.38789,1.3879299999999999,63,14,0
2026-08-19T05:45:00+00:00,1787118300,1.3879299999999999,1.38804,1.38787,1.3879299999999999,68,14,0
2026-08-19T05:50:00+00:00,1787118600,1.3879299999999999,1.38815,1.3879299999999999,1.3881000000000001,69,14,0
2026-08-19T05:55:00+00:00,1787118900,1.3881000000000001,1.38816,1.38794,1.38799,71,14,0
2026-08-19T06:00:00+00:00,1787119200,1.38799,1.38806,1.38784,1.38787,112,14,0
2026-08-19T06:05:00+00:00,1787119500,1.38787,1.38794,1.3878300000000001,1.38785,90,14,0
2026-08-19T06:10:00+00:00,1787119800,1.3878300000000001,1.3878599999999999,1.38773,1.38785,69,14,0
2026-08-19T06:15:00+00:00,1787120100,1.3878599999999999,1.38798,1.38764,1.38766,96,14,0
2026-08-19T06:20:00+00:00,1787120400,1.38766,1.38772,1.38746,1.3875899999999999,100,14,0
2026-08-19T06:25:00+00:00,1787120700,1.3875899999999999,1.38773,1.38747,1.3875600000000001,117,14,0
2026-08-19T06:30:00+00:00,1787121000,1.3875600000000001,1.38781,1.3874900000000001,1.38778,107,14,0
2026-08-19T06:35:00+00:00,1787121300,1.38778,1.3878,1.38754,1.38755,71,14,0
2026-08-19T06:40:00+00:00,1787121600,1.38757,1.38782,1.38753,1.38777,83,14,0
2026-08-19T06:45:00+00:00,1787121900,1.38776,1.38803,1.38776,1.38792,95,14,0
2026-08-19T06:50:00+00:00,1787122200,1.38792,1.3879299999999999,1.38772,1.38774,63,14,0
2026-08-19T06:55:00+00:00,1787122500,1.38774,1.38794,1.38772,1.38785,92,14,0
2026-08-19T07:00:00+00:00,1787122800,1.38785,1.38785,1.38716,1.38744,165,14,0
2026-08-19T07:05:00+00:00,1787123100,1.38744,1.38761,1.38726,1.38738,85,14,0
2026-08-19T07:10:00+00:00,1787123400,1.38738,1.38771,1.3873199999999999,1.38765,103,14,0
2026-08-19T07:15:00+00:00,1787123700,1.38767,1.38782,1.38757,1.38762,90,14,0
2026-08-19T07:20:00+00:00,1787124000,1.38762,1.3878599999999999,1.38762,1.3878,76,14,0
2026-08-19T07:25:00+00:00,1787124300,1.3878,1.3878300000000001,1.38763,1.38772,71,14,0
2026-08-19T07:30:00+00:00,1787124600,1.38771,1.38773,1.38754,1.38754,82,14,0
2026-08-19T07:35:00+00:00,1787124900,1.38754,1.38757,1.38742,1.38744,94,14,0
2026-08-19T07:40:00+00:00,1787125200,1.38744,1.38763,1.38733,1.3876,99,14,0
2026-08-19T07:45:00+00:00,1787125500,1.3876,1.38766,1.38751,1.38755,66,14,0
2026-08-19T07:50:00+00:00,1787125800,1.38754,1.38754,1.38728,1.38743,80,14,0
2026-08-19T07:55:00+00:00,1787126100,1.38742,1.38751,1.38734,1.38744,96,14,0
2026-08-19T08:00:00+00:00,1787126400,1.38746,1.38764,1.38742,1.38743,107,14,0
2026-08-19T08:05:00+00:00,1787126700,1.38743,1.38748,1.38707,1.38708,92,14,0
2026-08-19T08:10:00+00:00,1787127000,1.38708,1.38727,1.38696,1.38726,123,14,0
2026-08-19T08:15:00+00:00,1787127300,1.38727,1.38727,1.38712,1.38724,68,14,0
2026-08-19T08:20:00+00:00,1787127600,1.38726,1.38775,1.38724,1.38771,110,14,0
2026-08-19T08:25:00+00:00,1787127900,1.38771,1.38802,1.38771,1.38797,90,14,0
2026-08-19T08:30:00+00:00,1787128200,1.38796,1.38834,1.38796,1.38816,110,14,0
2026-08-19T08:35:00+00:00,1787128500,1.38816,1.38831,1.38812,1.38823,86,14,0
2026-08-19T08:40:00+00:00,1787128800,1.38823,1.38831,1.38792,1.38792,102,14,0
2026-08-19T08:45:00+00:00,1787129100,1.38792,1.38799,1.38785,1.3878599999999999,66,14,0
2026-08-19T08:50:00+00:00,1787129400,1.3878599999999999,1.38801,1.3878599999999999,1.38789,80,14,0
2026-08-19T08:55:00+00:00,1787129700,1.38787,1.38798,1.38774,1.38774,61,14,0
2026-08-19T09:00:00+00:00,1787130000,1.38774,1.38781,1.38757,1.38758,71,14,0
2026-08-19T09:05:00+00:00,1787130300,1.38758,1.38758,1.3872,1.38731,84,14,0
2026-08-19T09:10:00+00:00,1787130600,1.38731,1.38735,1.38716,1.3872200000000001,78,14,0
2026-08-19T09:15:00+00:00,1787130900,1.3872200000000001,1.38735,1.38721,1.38723,94,14,0
2026-08-19T09:20:00+00:00,1787131200,1.3872200000000001,1.38728,1.38706,1.38716,84,14,0
2026-08-19T09:25:00+00:00,1787131500,1.38716,1.38737,1.38709,1.3872499999999999,83,14,0
2026-08-19T09:30:00+00:00,1787131800,1.3872499999999999,1.38739,1.38718,1.38724,74,14,0
2026-08-19T09:35:00+00:00,1787132100,1.38724,1.3872900000000001,1.38708,1.38728,67,14,0
2026-08-19T09:40:00+00:00,1787132400,1.38728,1.38728,1.38705,1.38707,59,14,0
2026-08-19T09:45:00+00:00,1787132700,1.38707,1.3871,1.38692,1.38694,74,14,0
2026-08-19T09:50:00+00:00,1787133000,1.38694,1.38713,1.3869099999999999,1.3871,83,14,0
2026-08-19T09:55:00+00:00,1787133300,1.3871,1.38717,1.387,1.38711,72,14,0
2026-08-19T10:00:00+00:00,1787133600,1.38709,1.38717,1.38701,1.38707,77,14,0
2026-08-19T10:05:00+00:00,1787133900,1.38706,1.38709,1.3869,1.38709,68,14,0
2026-08-19T10:10:00+00:00,1787134200,1.38709,1.38711,1.38658,1.38666,87,14,0
2026-08-19T10:15:00+00:00,1787134500,1.38666,1.38679,1.38658,1.3866800000000001,77,14,0
2026-08-19T10:20:00+00:00,1787134800,1.3866800000000001,1.38672,1.38651,1.3866,58,14,0
2026-08-19T10:25:00+00:00,1787135100,1.3866,1.3867,1.38659,1.3866800000000001,55,14,0
2026-08-19T10:30:00+00:00,1787135400,1.38669,1.38678,1.38648,1.38649,67,14,0
2026-08-19T10:35:00+00:00,1787135700,1.38649,1.38649,1.3862999999999999,1.38644,68,14,0
2026-08-19T10:40:00+00:00,1787136000,1.38643,1.3865,1.38638,1.3865,67,14,0
2026-08-19T10:45:00+00:00,1787136300,1.38649,1.3866100000000001,1.38648,1.3866100000000001,51,14,0
2026-08-19T10:50:00+00:00,1787136600,1.3866100000000001,1.3868,1.3866100000000001,1.3868,86,14,0
2026-08-19T10:55:00+00:00,1787136900,1.3868,1.3869799999999999,1.38679,1.3869799999999999,59,14,0
2026-08-19T11:00:00+00:00,1787137200,1.3869799999999999,1.38699,1.38677,1.38699,86,14,0
2026-08-19T11:05:00+00:00,1787137500,1.38699,1.3872900000000001,1.38689,1.38726,107,14,0
2026-08-19T11:10:00+00:00,1787137800,1.38726,1.3873199999999999,1.387,1.38706,77,14,0
2026-08-19T11:15:00+00:00,1787138100,1.38706,1.38747,1.38704,1.38747,85,14,0
2026-08-19T11:20:00+00:00,1787138400,1.38747,1.38757,1.3874,1.38746,84,14,0
2026-08-19T11:25:00+00:00,1787138700,1.38746,1.3875600000000001,1.38742,1.3874900000000001,58,14,0
2026-08-19T11:30:00+00:00,1787139000,1.3874900000000001,1.3874900000000001,1.38735,1.38738,79,14,0
2026-08-19T11:35:00+00:00,1787139300,1.38738,1.3875899999999999,1.38734,1.38745,85,14,0
2026-08-19T11:40:00+00:00,1787139600,1.38745,1.38765,1.38743,1.3875600000000001,72,14,0
2026-08-19T11:45:00+00:00,1787139900,1.3875600000000001,1.38761,1.38734,1.38738,72,14,0
2026-08-19T11:50:00+00:00,1787140200,1.38739,1.38748,1.38734,1.38741,73,14,0
2026-08-19T11:55:00+00:00,1787140500,1.38741,1.3875600000000001,1.3873,1.38731,103,14,0
2026-08-19T12:00:00+00:00,1787140800,1.38731,1.38747,1.3872499999999999,1.38737,109,14,0
2026-08-19T12:05:00+00:00,1787141100,1.38737,1.38738,1.3871,1.38723,92,14,0
2026-08-19T12:10:00+00:00,1787141400,1.3872200000000001,1.38731,1.38697,1.38699,96,14,0
2026-08-19T12:15:00+00:00,1787141700,1.38699,1.38709,1.38693,1.38693,56,14,0
2026-08-19T12:20:00+00:00,1787142000,1.38692,1.38699,1.3866800000000001,1.3869799999999999,114,14,0
2026-08-19T12:25:00+00:00,1787142300,1.3869799999999999,1.38708,1.38696,1.387,66,14,0
