time_utc,time,open,high,low,close,tick_volume,spread,real_volume
2026-08-18T18:30:00Z,1787077800,1.20612,1.2063,1.20612,1.2063,58,18,0
2026-08-18T18:35:00Z,1787078100,1.20631,1.20631,1.20617,1.20617,48,18,0
2026-08-18T18:40:00Z,1787078400,1.20615,1.20635,1.20614,1.20623,64,18,0
2026-08-18T18:45:00Z,1787078700,1.20622,1.20627,1.20619,1.2062,70,18,0
2026-08-18T18:50:00Z,1787079000,1.20619,1.20639,1.2061600000000001,1.20636,67,18,0
2026-08-18T18:55:00Z,1787079300,1.20637,1.20642,1.20633,1.20636,81,18,0
2026-08-18T19:00:00Z,1787079600,1.20636,1.2064300000000001,1.20633,1.20633,79,18,0
2026-08-18T19:05:00Z,1787079900,1.20633,1.20639,1.20633,1.20635,89,18,0
2026-08-18T19:10:00Z,1787080200,1.20636,1.20639,1.20627,1.20635,102,18,0
2026-08-18T19:15:00Z,1787080500,1.20635,1.20637,1.20618,1.20622,58,18,0
2026-08-18T19:20:00Z,1787080800,1.20622,1.20623,1.20609,1.20613,67,18,0
2026-08-18T19:25:00Z,1787081100,1.20613,1.2062,1.20613,1.20614,49,18,0
2026-08-18T19:30:00Z,1787081400,1.20615,1.20622,1.20612,1.20615,50,18,0
2026-08-18T19:35:00Z,1787081700,1.20613,1.20613,1.20608,1.20612,43,18,0
2026-08-18T19:40:00Z,1787082000,1.20613,1.20629,1.20608,1.20617,76,18,0
2026-08-18T19:45:00Z,1787082300,1.20617,1.20618,1.2061,1.2061600000000001,49,18,0
2026-08-18T19:50:00Z,1787082600,1.20617,1.20621,1.2061600000000001,1.20618,45,18,0
2026-08-18T19:55:00Z,1787082900,1.2062,1.20625,1.20609,1.2061,119,18,0
2026-08-18T20:00:00Z,1787083200,1.2061,1.20618,1.20603,1.20611,79,18,0
2026-08-18T20:05:00Z,1787083500,1.20611,1.20623,1.20606,1.20617,46,18,0
2026-08-18T20:10:00Z,1787083800,1.20617,1.20631,1.20617,1.20627,57,18,0
2026-08-18T20:15:00Z,1787084100,1.20627,1.20631,1.20625,1.20628,40,18,0
2026-08-18T20:20:00Z,1787084400,1.20629,1.20632,1.20617,1.2062,66,18,0
2026-08-18T20:25:00Z,1787084700,1.2062,1.20623,1.20617,1.2062,38,18,0
2026-08-18T20:30:00Z,1787085000,1.20621,1.20634,1.20615,1.20628,47,18,0
2026-08-18T20:35:00Z,1787085300,1.20628,1.20647,1.20625,1.20632,70,18,0
2026-08-18T20:40:00Z,1787085600,1.20632,1.20636,1.20629,1.20631,49,18,0
2026-08-18T20:45:00Z,1787085900,1.20632,1.20636,1.20609,1.20612,62,18,0
2026-08-18T20:50:00Z,1787086200,1.20615,1.20619,1.20609,1.20609,41,18,0
2026-08-18T20:55:00Z,1787086500,1.20609,1.20611,1.20598,1.20605,55,18,0
2026-08-18T21:00:00Z,1787086800,1.20606,1.20606,1.20606,1.20606,1,20,0
2026-08-18T21:05:00Z,1787087100,1.20606,1.20606,1.20605,1.20605,3,20,0
2026-08-18T21:10:00Z,1787087400,1.20603,1.20603,1.20561,1.20562,71,22,0
2026-08-18T21:15:00Z,1787087700,1.20561,1.2058200000000001,1.20561,1.20575,65,48,0
2026-08-18T21:20:00Z,1787088000,1.20576,1.2059199999999999,1.20576,1.2058200000000001,55,31,0
2026-08-18T21:25:00Z,1787088300,1.20583,1.2059,1.20577,1.2059,40,49,0
2026-08-18T21:30:00Z,1787088600,1.2059,1.2059,1.20574,1.2058,119,48,0
2026-08-18T21:35:00Z,1787088900,1.20581,1.20589,1.20575,1.20576,97,36,0
2026-08-18T21:40:00Z,1787089200,1.20575,1.20594,1.20575,1.20587,92,31,0
2026-08-18T21:45:00Z,1787089500,1.20587,1.20594,1.2058,1.20593,44,41,0
2026-08-18T21:50:00Z,1787089800,1.20593,1.20593,1.20587,1.20591,26,55,0
2026-08-18T21:55:00Z,1787090100,1.20591,1.206,1.2059,1.2059,13,34,0
2026-08-18T22:00:00Z,1787090400,1.20581,1.20622,1.2056499999999999,1.20607,68,30,0
2026-08-18T22:05:00Z,1787090700,1.20607,1.20607,1.20584,1.2059,31,30,0
2026-08-18T22:10:00Z,1787091000,1.2059,1.2059199999999999,1.20578,1.20587,39,30,0
2026-08-18T22:15:00Z,1787091300,1.20587,1.20588,1.20575,1.20575,49,30,0
2026-08-18T22:20:00Z,1787091600,1.20576,1.20576,1.2056,1.20573,46,30,0
2026-08-18T22:25:00Z,1787091900,1.20573,1.20576,1.20566,1.20566,33,30,0
2026-08-18T22:30:00Z,1787092200,1.20566,1.20574,1.20558,1.20564,41,30,0
2026-08-18T22:35:00Z,1787092500,1.20564,1.20568,1.20561,1.2056499999999999,34,30,0
2026-08-18T22:40:00Z,1787092800,1.2056499999999999,1.20569,1.20564,1.20567,31,30,0
2026-08-18T22:45:00Z,1787093100,1.20567,1.20567,1.20536,1.2054,39,30,0
2026-08-18T22:50:00Z,1787093400,1.2054,1.20558,1.20536,1.20549,31,30,0
2026-08-18T22:55:00Z,1787093700,1.20549,1.2055,1.20543,1.20543,16,30,0
2026-08-18T23:00:00Z,1787094000,1.20548,1.20548,1.20518,1.20522,44,18,0
2026-08-18T23:05:00Z,1787094300,1.20522,1.20534,1.2052100000000001,1.2053,30,18,0
2026-08-18T23:10:00Z,1787094600,1.2053,1.20538,1.20518,1.20519,39,18,0
2026-08-18T23:15:00Z,1787094900,1.20519,1.20529,1.20516,1.20526,34,18,0
2026-08-18T23:20:00Z,1787095200,1.20526,1.20538,1.20524,1.2053099999999999,39,18,0
2026-08-18T23:25:00Z,1787095500,1.20532,1.20552,1.20529,1.20549,59,18,0
2026-08-18T23:30:00Z,1787095800,1.20548,1.20572,1.20546,1.20571,65,18,0
2026-08-18T23:35:00Z,1787096100,1.20571,1.20583,1.20562,1.20583,52,18,0
2026-08-18T23:40:00Z,1787096400,1.2058200000000001,1.20588,1.20567,1.20569,58,18,0
2026-08-18T23:45:00Z,1787096700,1.20568,1.2058,1.20562,1.20562,58,18,0
2026-08-18T23:50:00Z,1787097000,1.20562,1.20573,1.20554,1.20573,63,18,0
2026-08-18T23:55:00Z,1787097300,1.20573,1.20575,1.20562,1.20571,72,18,0
2026-08-19T00:00:00Z,1787097600,1.20568,1.20577,1.2055,1.20552,137,18,0
2026-08-19T00:05:00Z,1787097900,1.20552,1.20574,1.20546,1.20569,134,18,0
2026-08-19T00:10:00Z,1787098200,1.2057,1.20604,1.2057,1.206,118,18,0
2026-08-19T00:15:00Z,1787098500,1.206,1.20631,1.20587,1.2063,112,18,0
2026-08-19T00:20:00Z,1787098800,1.2063,1.2068,1.20624,1.20676,110,18,0
2026-08-19T00:25:00Z,1787099100,1.20676,1.20696,1.20662,1.20662,114,18,0
2026-08-19T00:30:00Z,1787099400,1.20661,1.2068699999999999,1.20649,1.20666,134,18,0
2026-08-19T00:35:00Z,1787099700,1.20668,1.20681,1.20659,1.20675,101,18,0
2026-08-19T00:40:00Z,1787100000,1.20675,1.20688,1.20662,1.20686,88,18,0
2026-08-19T00:45:00Z,1787100300,1.20683,1.20691,1.2067,1.20682,113,18,0
2026-08-19T00:50:00Z,1787100600,1.20681,1.20702,1.20676,1.20688,185,18,0
2026-08-19T00:55:00Z,1787100900,1.20688,1.20705,1.20681,1.20688,158,18,0
2026-08-19T01:00:00Z,1787101200,1.2069,1.20711,1.20631,1.20647,171,18,0
2026-08-19T01:05:00Z,1787101500,1.20646,1.20668,1.2063,1.20635,136,18,0
2026-08-19T01:10:00Z,1787101800,1.20635,1.20652,1.20623,1.20645,115,18,0
2026-08-19T01:15:00Z,1787102100,1.20645,1.20651,1.20595,1.20595,189,18,0
2026-08-19T01:20:00Z,1787102400,1.20595,1.20649,1.2059199999999999,1.20635,140,18,0
2026-08-19T01:25:00Z,1787102700,1.20633,1.20636,1.20598,1.2061,120,18,0
2026-08-19T01:30:00Z,1787103000,1.2061,1.20611,1.20575,1.20575,115,18,0
2026-08-19T01:35:00Z,1787103300,1.20576,1.20591,1.20543,1.2055500000000001,110,18,0
2026-08-19T01:40:00Z,1787103600,1.2055500000000001,1.20564,1.2054,1.20556,99,18,0
2026-08-19T01:45:00Z,1787103900,1.20556,1.20562,1.2054,1.20545,78,18,0
2026-08-19T01:50:00Z,1787104200,1.20545,1.20549,1.20539,1.20539,53,18,0
2026-08-19T01:55:00Z,1787104500,1.20539,1.2054,1.205,1.20512,113,18,0
2026-08-19T02:00:00Z,1787104800,1.20512,1.20543,1.2051,1.20542,103,18,0
2026-08-19T02:05:00Z,1787105100,1.2054,1.2055,1.20525,1.20526,98,18,0
2026-08-19T02:10:00Z,1787105400,1.20528,1.20545,1.20519,1.20538,98,18,0
2026-08-19T02:15:00Z,1787105700,1.20535,1.2054,1.20499,1.20539,168,18,0
2026-08-19T02:20:00Z,1787106000,1.20539,1.2057,1.20537,1.2055500000000001,121,18,0
2026-08-19T02:25:00Z,1787106300,1.2055500000000001,1.2056499999999999,1.2054,1.20541,96,18,0
2026-08-19T02:30:00Z,1787106600,1.20538,1.20544,1.20524,1.20526,101,18,0
2026-08-19T02:35:00Z,1787106900,1.20525,1.20526,1.20487,1.20524,90,18,0
2026-08-19T02:40:00Z,1787107200,1.20523,1.20539,1.20515,1.20538,90,18,0
2026-08-19T02:45:00Z,1787107500,1.20537,1.20595,1.20534,1.20573,164,18,0
2026-08-19T02:50:00Z,1787107800,1.20572,1.20583,1.20553,1.2056,105,18,0
2026-08-19T02:55:00Z,1787108100,1.20559,1.20567,1.20526,1.20533,95,18,0
2026-08-19T03:00:00Z,1787108400,1.20533,1.20541,1.20508,1.20538,102,18,0
2026-08-19T03:05:00Z,1787108700,1.20538,1.2055,1.2052100000000001,1.20528,96,18,0
2026-08-19T03:10:00Z,1787109000,1.20528,1.20543,1.20523,1.20538,73,18,0
2026-08-19T03:15:00Z,1787109300,1.20538,1.20538,1.20508,1.20519,53,18,0
2026-08-19T03:20:00Z,1787109600,1.20519,1.20519,1.20501,1.20501,58,18,0
2026-08-19T03:25:00Z,1787109900,1.20502,1.20514,1.20499,1.20508,59,18,0
2026-08-19T03:30:00Z,1787110200,1.20508,1.20509,1.20499,1.20508,56,18,0
2026-08-19T03:35:00Z,1787110500,1.20508,1.2052,1.20506,1.2052,74,18,0
2026-08-19T03:40:00Z,1787110800,1.2052,1.2052,1.20499,1.20499,55,18,0
2026-08-19T03:45:00Z,1787111100,1.20499,1.205,1.20482,1.20483,60,18,0
2026-08-19T03:50:00Z,1787111400,1.20483,1.20485,1.20468,1.20469,70,18,0
2026-08-19T03:55:00Z,1787111700,1.20469,1.2046999999999999,1.20447,1.20451,65,18,0
2026-08-19T04:00:00Z,1787112000,1.20451,1.20453,1.20442,1.20448,62,18,0
2026-08-19T04:05:00Z,1787112300,1.20449,1.20461,1.20449,1.20452,52,18,0
2026-08-19T04:10:00Z,1787112600,1.20452,1.20453,1.20432,1.20435,76,18,0
2026-08-19T04:15:00Z,1787112900,1.20434,1.20449,1.20431,1.20436,61,18,0
2026-08-19T04:20:00Z,1787113200,1.20436,1.20436,1.20405,1.20417,59,18,0
2026-08-19T04:25:00Z,1787113500,1.20417,1.20426,1.20416,1.20423,72,18,0
2026-08-19T04:30:00Z,1787113800,1.20424,1.20431,1.20419,1.20422,77,18,0
2026-08-19T04:35:00Z,1787114100,1.20422,1.2044,1.20422,1.20437,54,18,0
2026-08-19T04:40:00Z,1787114400,1.20437,1.20437,1.20415,1.20415,60,18,0
2026-08-19T04:45:00Z,1787114700,1.20415,1.20421,1.20406,1.2040899999999999,78,18,0
2026-08-19T04:50:00Z,1787115000,1.20406,1.20423,1.20406,1.20423,58,18,0
2026-08-19T04:55:00Z,1787115300,1.20423,1.2046000000000001,1.20421,1.20453,83,18,0
2026-08-19T05:00:00Z,1787115600,1.20453,1.20456,1.20432,1.2044,106,18,0
2026-08-19T05:05:00Z,1787115900,1.2044,1.20441,1.20415,1.20417,61,18,0
2026-08-19T05:10:00Z,1787116200,1.20417,1.20421,1.20408,1.20412,92,18,0
2026-08-19T05:15:00Z,1787116500,1.20412,1.20414,1.204,1.20413,75,18,0
2026-08-19T05:20:00Z,1787116800,1.20413,1.20432,1.20401,1.20432,82,18,0
2026-08-19T05:25:00Z,1787117100,1.20431,1.20449,1.20427,1.20434,88,18,0
2026-08-19T05:30:00Z,1787117400,1.20434,1.20455,1.20416,1.20437,104,18,0
2026-08-19T05:35:00Z,1787117700,1.20437,1.20444,1.20426,1.20444,81,18,0
2026-08-19T05:40:00Z,1787118000,1.20446,1.20451,1.2042,1.20422,76,18,0
2026-08-19T05:45:00Z,1787118300,1.20423,1.20438,1.20405,1.20438,98,18,0
2026-08-19T05:50:00Z,1787118600,1.20438,1.20438,1.2041,1.20417,74,18,0
2026-08-19T05:55:00Z,1787118900,1.20414,1.20415,1.20385,1.20408,105,18,0
2026-08-19T06:00:00Z,1787119200,1.2041,1.20418,1.20397,1.20403,116,18,0
2026-08-19T06:05:00Z,1787119500,1.20403,1.20411,1.20389,1.20392,88,18,0
2026-08-19T06:10:00Z,1787119800,1.20392,1.20393,1.20365,1.20374,98,18,0
2026-08-19T06:15:00Z,1787120100,1.2037499999999999,1.20423,1.2037499999999999,1.20412,135,18,0
2026-08-19T06:20:00Z,1787120400,1.20412,1.20415,1.20389,1.20396,137,18,0
2026-08-19T06:25:00Z,1787120700,1.20396,1.20398,1.20374,1.2038,122,18,0
2026-08-19T06:30:00Z,1787121000,1.2038,1.20415,1.20376,1.20401,132,18,0
2026-08-19T06:35:00Z,1787121300,1.20402,1.20436,1.2039900000000001,1.20426,117,18,0
2026-08-19T06:40:00Z,1787121600,1.20425,1.20426,1.20381,1.20403,131,18,0
2026-08-19T06:45:00Z,1787121900,1.20403,1.20429,1.2039900000000001,1.20401,105,18,0
2026-08-19T06:50:00Z,1787122200,1.20401,1.20424,1.20383,1.20423,118,18,0
2026-08-19T06:55:00Z,1787122500,1.20426,1.20434,1.20391,1.20426,129,18,0
2026-08-19T07:00:00Z,1787122800,1.20424,1.20457,1.20424,1.20429,158,18,0
2026-08-19T07:05:00Z,1787123100,1.2043,1.20435,1.20401,1.20422,124,18,0
2026-08-19T07:10:00Z,1787123400,1.20422,1.20427,1.2040899999999999,1.20414,132,18,0
2026-08-19T07:15:00Z,1787123700,1.20415,1.20416,1.20396,1.20408,108,18,0
2026-08-19T07:20:00Z,1787124000,1.20406,1.20413,1.204,1.20411,94,18,0
2026-08-19T07:25:00Z,1787124300,1.20413,1.20414,1.20389,1.20394,94,18,0
2026-08-19T07:30:00Z,1787124600,1.20397,1.20419,1.20392,1.20407,94,18,0
2026-08-19T07:35:00Z,1787124900,1.20407,1.2043,1.20407,1.2043,110,18,0
2026-08-19T07:40:00Z,1787125200,1.2043,1.20445,1.20423,1.20442,117,18,0
2026-08-19T07:45:00Z,1787125500,1.20442,1.20457,1.20432,1.20456,111,18,0
2026-08-19T07:50:00Z,1787125800,1.20455,1.20455,1.2044,1.20443,108,18,0
2026-08-19T07:55:00Z,1787126100,1.2044,1.2044,1.20423,1.20434,113,18,0
2026-08-19T08:00:00Z,1787126400,1.20435,1.2044,1.20411,1.2042,143,18,0
2026-08-19T08:05:00Z,1787126700,1.20419,1.20466,1.20418,1.20464,151,18,0
2026-08-19T08:10:00Z,1787127000,1.20462,1.20467,1.20438,1.20438,171,18,0
2026-08-19T08:15:00Z,1787127300,1.20437,1.20448,1.20427,1.20443,112,18,0
2026-08-19T08:20:00Z,1787127600,1.20444,1.20458,1.2043300000000001,1.20446,115,18,0
2026-08-19T08:25:00Z,1787127900,1.20446,1.20448,1.20426,1.2043300000000001,106,18,0
2026-08-19T08:30:00Z,1787128200,1.20432,1.20467,1.20427,1.20448,112,18,0
2026-08-19T08:35:00Z,1787128500,1.20449,1.20457,1.20441,1.20457,67,18,0
2026-08-19T08:40:00Z,1787128800,1.20457,1.20458,1.20441,1.20443,84,18,0
2026-08-19T08:45:00Z,1787129100,1.20442,1.20445,1.20432,1.2043300000000001,63,18,0
2026-08-19T08:50:00Z,1787129400,1.2043300000000001,1.20439,1.20421,1.20427,90,18,0
2026-08-19T08:55:00Z,1787129700,1.20425,1.2043300000000001,1.20419,1.20427,89,18,0
2026-08-19T09:00:00Z,1787130000,1.20428,1.20438,1.20422,1.20426,90,18,0
2026-08-19T09:05:00Z,1787130300,1.20426,1.20451,1.20426,1.20447,106,18,0
2026-08-19T09:10:00Z,1787130600,1.20446,1.20456,1.2043300000000001,1.2043300000000001,101,18,0
2026-08-19T09:15:00Z,1787130900,1.2043300000000001,1.2043300000000001,1.20393,1.20398,107,18,0
2026-08-19T09:20:00Z,1787131200,1.2039900000000001,1.20403,1.20373,1.20376,99,18,0
2026-08-19T09:25:00Z,1787131500,1.20376,1.2038,1.20351,1.20363,134,18,0
2026-08-19T09:30:00Z,1787131800,1.20361,1.20374,1.20354,1.20361,103,18,0
2026-08-19T09:35:00Z,1787132100,1.20362,1.20381,1.20359,1.20365,69,18,0
2026-08-19T09:40:00Z,1787132400,1.20366,1.20378,1.20366,1.20376,78,18,0
2026-08-19T09:45:00Z,1787132700,1.20376,1.20385,1.20364,1.20366,76,18,0
2026-08-19T09:50:00Z,1787133000,1.20366,1.2037,1.20357,1.20359,57,18,0
2026-08-19T09:55:00Z,1787133300,1.20359,1.20361,1.20345,1.20345,84,18,0
2026-08-19T10:00:00Z,1787133600,1.20345,1.20346,1.20336,1.20342,96,18,0
2026-08-19T10:05:00Z,1787133900,1.20341,1.20349,1.20321,1.20326,72,18,0
2026-08-19T10:10:00Z,1787134200,1.20328,1.20342,1.20325,1.20342,69,18,0
2026-08-19T10:15:00Z,1787134500,1.20342,1.20347,1.20321,1.20325,76,18,0
2026-08-19T10:20:00Z,1787134800,1.20325,1.20326,1.20317,1.20323,69,18,0
2026-08-19T10:25:00Z,1787135100,1.20325,1.2033,1.20316,1.20324,83,18,0
2026-08-19T10:30:00Z,1787135400,1.20324,1.20345,1.20318,1.20344,76,18,0
2026-08-19T10:35:00Z,1787135700,1.20344,1.2034799999999999,1.20326,1.20326,76,18,0
2026-08-19T10:40:00Z,1787136000,1.20326,1.20332,1.20321,1.20321,60,18,0
2026-08-19T10:45:00Z,1787136300,1.20321,1.20323,1.2031,1.2031100000000001,60,18,0
2026-08-19T10:50:00Z,1787136600,1.2031100000000001,1.2031100000000001,1.20292,1.20298,89,18,0
2026-08-19T10:55:00Z,1787136900,1.20297,1.2032,1.20291,1.20303,89,18,0
2026-08-19T11:00:00Z,1787137200,1.20306,1.20312,1.20295,1.20302,92,18,0
2026-08-19T11:05:00Z,1787137500,1.20302,1.20318,1.20302,1.20317,93,18,0
2026-08-19T11:10:00Z,1787137800,1.20317,1.20331,1.20306,1.20306,77,18,0
2026-08-19T11:15:00Z,1787138100,1.20307,1.20309,1.20285,1.2028699999999999,70,18,0
2026-08-19T11:20:00Z,1787138400,1.2028699999999999,1.20296,1.20285,1.20288,75,18,0
2026-08-19T11:25:00Z,1787138700,1.20288,1.2029,1.2028,1.20288,76,18,0
2026-08-19T11:30:00Z,1787139000,1.2028699999999999,1.20295,1.2027700000000001,1.20292,99,18,0
2026-08-19T11:35:00Z,1787139300,1.20292,1.20321,1.20284,1.20318,105,18,0
2026-08-19T11:40:00Z,1787139600,1.20318,1.20337,1.20316,1.20317,91,18,0
2026-08-19T11:45:00Z,1787139900,1.20319,1.20321,1.20303,1.20315,94,18,0
2026-08-19T11:50:00Z,1787140200,1.2031399999999999,1.20319,1.20299,1.20315,79,18,0
2026-08-19T11:55:00Z,1787140500,1.20315,1.20328,1.2031399999999999,1.20328,96,18,0
2026-08-19T12:00:00Z,1787140800,1.20328,1.2033800000000001,1.20317,1.20337,104,18,0
2026-08-19T12:05:00Z,1787141100,1.20337,1.20339,1.20324,1.20331,89,18,0
2026-08-19T12:10:00Z,1787141400,1.20333,1.20346,1.20329,1.20339,97,18,0
2026-08-19T12:15:00Z,1787141700,1.20341,1.20344,1.20295,1.20309,106,18,0
2026-08-19T12:20:00Z,1787142000,1.20308,1.20319,1.2029,1.203,135,18,0
2026-08-19T12:25:00Z,1787142300,1.203,1.2031,1.20293,1.20305,111,18,0
2026-08-19T12:30:00Z,1787142600,1.20302,1.20303,1.2027,1.20276,182,18,0
2026-08-19T12:35:00Z,1787142900,1.2027700000000001,1.20288,1.20249,1.20272,265,18,0
2026-08-19T12:40:00Z,1787143200,1.20271,1.2028699999999999,1.20254,1.20259,222,18,0
2026-08-19T12:45:00Z,1787143500,1.20256,1.20291,1.20247,1.20264,214,18,0
2026-08-19T12:50:00Z,1787143800,1.20264,1.20283,1.20246,1.20247,205,18,0
2026-08-19T12:55:00Z,1787144100,1.20248,1.20292,1.20244,1.20292,206,18,0
2026-08-19T13:00:00Z,1787144400,1.20292,1.20343,1.20284,1.20328,212,18,0
2026-08-19T13:05:00Z,1787144700,1.20327,1.2033,1.2028699999999999,1.20301,202,18,0
2026-08-19T13:10:00Z,1787145000,1.20302,1.2032,1.20282,1.20298,233,18,0
2026-08-19T13:15:00Z,1787145300,1.203,1.2031,1.20285,1.2028699999999999,196,18,0
2026-08-19T13:20:00Z,1787145600,1.20284,1.20305,1.20281,1.20296,171,18,0
2026-08-19T13:25:00Z,1787145900,1.20295,1.2031100000000001,1.20261,1.20262,180,18,0
2026-08-19T13:30:00Z,1787146200,1.2026,1.20289,1.20239,1.20252,223,18,0
2026-08-19T13:35:00Z,1787146500,1.20252,1.20269,1.2022599999999999,1.20235,198,18,0
2026-08-19T13:40:00Z,1787146800,1.20236,1.2025000000000001,1.20224,1.20245,175,18,0
2026-08-19T13:45:00Z,1787147100,1.20245,1.20256,1.20206,1.20212,198,18,0
2026-08-19T13:50:00Z,1787147400,1.20215,1.2023,1.20195,1.20195,197,18,0
2026-08-19T13:55:00Z,1787147700,1.20195,1.20195,1.2011,1.20116,240,18,0
2026-08-19T14:00:00Z,1787148000,1.20115,1.2015500000000001,1.20113,1.20119,208,18,0
2026-08-19T14:05:00Z,1787148300,1.20119,1.20136,1.20106,1.20132,187,18,0
2026-08-19T14:10:00Z,1787148600,1.20133,1.20161,1.20122,1.20153,183,18,0
2026-08-19T14:15:00Z,1787148900,1.20154,1.20154,1.20121,1.20126,165,18,0
2026-08-19T14:20:00Z,1787149200,1.20125,1.20136,1.20116,1.20123,180,18,0
2026-08-19T14:25:00Z,1787149500,1.20123,1.20156,1.2012,1.20151,152,18,0
2026-08-19T14:30:00Z,1787149800,1.20149,1.20149,1.2006000000000001,1.20066,185,18,0
2026-08-19T14:35:00Z,1787150100,1.20065,1.20069,1.2002,1.20044,167,18,0
2026-08-19T14:40:00Z,1787150400,1.20046,1.20136,1.20046,1.20111,185,18,0
2026-08-19T14:45:00Z,1787150700,1.2011,1.20114,1.20089,1.20096,180,18,0
2026-08-19T14:50:00Z,1787151000,1.20096,1.20113,1.20088,1.20101,184,18,0
2026-08-19T14:55:00Z,1787151300,1.20103,1.20114,1.20083,1.20086,177,18,0
2026-08-19T15:00:00Z,1787151600,1.20083,1.20107,1.20069,1.20091,153,18,0
2026-08-19T15:05:00Z,1787151900,1.20091,1.20121,1.20091,1.2012,149,18,0
2026-08-19T15:10:00Z,1787152200,1.2012,1.20138,1.20109,1.20115,130,18,0
2026-08-19T15:15:00Z,1787152500,1.20116,1.20124,1.20105,1.20116,140,18,0
2026-08-19T15:20:00Z,1787152800,1.20118,1.20143,1.20118,1.20134,138,18,0
2026-08-19T15:25:00Z,1787153100,1.20135,1.2015,1.20132,1.20133,110,18,0
2026-08-19T15:30:00Z,1787153400,1.2013099999999999,1.20132,1.20116,1.2012,99,18,0
2026-08-19T15:35:00Z,1787153700,1.2012,1.20121,1.2010399999999999,1.20107,85,18,0
2026-08-19T15:40:00Z,1787154000,1.2011,1.20121,1.20103,1.2012,96,18,0
2026-08-19T15:45:00Z,1787154300,1.2012,1.20124,1.20103,1.20124,100,18,0
2026-08-19T15:50:00Z,1787154600,1.20123,1.2013,1.20114,1.20123,107,18,0
2026-08-19T15:55:00Z,1787154900,1.20122,1.20127,1.20109,1.2012,98,18,0
2026-08-19T16:00:00Z,1787155200,1.2012,1.2013099999999999,1.20118,1.20121,110,18,0
2026-08-19T16:05:00Z,1787155500,1.20121,1.20126,1.20103,1.2010399999999999,99,18,0
2026-08-19T16:10:00Z,1787155800,1.2010399999999999,1.20105,1.20087,1.20091,107,18,0
2026-08-19T16:15:00Z,1787156100,1.20091,1.20095,1.20078,1.20095,111,18,0
2026-08-19T16:20:00Z,1787156400,1.20095,1.20099,1.20074,1.20078,90,18,0
2026-08-19T16:25:00Z,1787156700,1.20078,1.20085,1.20072,1.20084,84,18,0
2026-08-19T16:30:00Z,1787157000,1.20086,1.20086,1.20077,1.2008,87,18,0
2026-08-19T16:35:00Z,1787157300,1.20081,1.20093,1.20077,1.20092,104,18,0
2026-08-19T16:40:00Z,1787157600,1.20092,1.20096,1.20079,1.20082,90,18,0
2026-08-19T16:45:00Z,1787157900,1.20082,1.20098,1.20069,1.20076,77,18,0
2026-08-19T16:50:00Z,1787158200,1.20076,1.20077,1.20054,1.20054,100,18,0
2026-08-19T16:55:00Z,1787158500,1.20053,1.20056,1.20041,1.20048,92,18,0
2026-08-19T17:00:00Z,1787158800,1.20048,1.20052,1.2004,1.20051,100,18,0
2026-08-19T17:05:00Z,1787159100,1.20051,1.20083,1.20051,1.20077,103,18,0
2026-08-19T17:10:00Z,1787159400,1.20077,1.2008,1.20066,1.20067,90,18,0
2026-08-19T17:15:00Z,1787159700,1.20067,1.20073,1.20051,1.20059,85,18,0
2026-08-19T17:20:00Z,1787160000,1.20059,1.20059,1.20045,1.20046,66,18,0
2026-08-19T17:25:00Z,1787160300,1.20046,1.20058,1.20046,1.20047,74,18,0
2026-08-19T17:30:00Z,1787160600,1.20047,1.20061,1.20047,1.20051,75,18,0
2026-08-19T17:35:00Z,1787160900,1.20051,1.20056,1.20049,1.20053,62,18,0
2026-08-19T17:40:00Z,1787161200,1.20052,1.20057,1.20046,1.20057,78,18,0
2026-08-19T17:45:00Z,1787161500,1.20058,1.2006000000000001,1.20031,1.20032,82,18,0
2026-08-19T17:50:00Z,1787161800,1.20032,1.20041,1.20029,1.20037,65,18,0
2026-08-19T17:55:00Z,1787162100,1.20038,1.20063,1.20038,1.20062,60,18,0
2026-08-19T18:00:00Z,1787162400,1.20063,1.20069,1.2000899999999999,1.2000899999999999,179,18,0
2026-08-19T18:05:00Z,1787162700,1.20006,1.20018,1.20004,1.20005,136,18,0
2026-08-19T18:10:00Z,1787163000,1.20005,1.20005,1.19968,1.19969,123,18,0
2026-08-19T18:15:00Z,1787163300,1.19968,1.19988,1.19968,1.1998199999999999,96,18,0
2026-08-19T18:20:00Z,1787163600,1.1998199999999999,1.19996,1.19978,1.19995,90,18,0
2026-08-19T18:25:00Z,1787163900,1.19996,1.20003,1.19991,1.19998,76,18,0
2026-08-19T18:30:00Z,1787164200,1.19998,1.20003,1.19994,1.19995,79,18,0
2026-08-19T18:35:00Z,1787164500,1.19996,1.19998,1.19971,1.19975,83,18,0
2026-08-19T18:40:00Z,1787164800,1.19975,1.19978,1.19959,1.19978,116,18,0
2026-08-19T18:45:00Z,1787165100,1.19978,1.19987,1.19971,1.19975,92,18,0
2026-08-19T18:50:00Z,1787165400,1.19975,1.19988,1.1997,1.1997,92,18,0
2026-08-19T18:55:00Z,1787165700,1.1997,1.19991,1.19964,1.19991,117,18,0
2026-08-19T19:00:00Z,1787166000,1.19991,1.19991,1.19957,1.19961,147,18,0
2026-08-19T19:05:00Z,1787166300,1.19962,1.19981,1.19958,1.19981,103,18,0
2026-08-19T19:10:00Z,1787166600,1.19981,1.20035,1.1998,1.20027,156,18,0
2026-08-19T19:15:00Z,1787166900,1.20024,1.20024,1.19992,1.19996,84,18,0
2026-08-19T19:20:00Z,1787167200,1.19997,1.20002,1.19994,1.2,60,18,0
2026-08-19T19:25:00Z,1787167500,1.1999900000000001,1.20017,1.19995,1.2001,96,18,0
2026-08-19T19:30:00Z,1787167800,1.2000899999999999,1.20012,1.20001,1.2000899999999999,104,18,0
2026-08-19T19:35:00Z,1787168100,1.2000899999999999,1.2003300000000001,1.20008,1.20029,90,18,0
2026-08-19T19:40:00Z,1787168400,1.20028,1.20059,1.20026,1.20055,79,18,0
2026-08-19T19:45:00Z,1787168700,1.20055,1.20088,1.20055,1.20086,100,18,0
2026-08-19T19:50:00Z,1787169000,1.20086,1.20095,1.20072,1.20083,117,18,0
2026-08-19T19:55:00Z,1787169300,1.20083,1.20083,1.20013,1.2003300000000001,161,18,0
2026-08-19T20:00:00Z,1787169600,1.20031,1.20045,1.20025,1.2004,92,18,0
2026-08-19T20:05:00Z,1787169900,1.2004,1.2005,1.20037,1.2005,74,18,0
2026-08-19T20:10:00Z,1787170200,1.20049,1.20051,1.20039,1.20045,46,18,0
2026-08-19T20:15:00Z,1787170500,1.20045,1.20049,1.2003,1.20032,45,18,0
2026-08-19T20:20:00Z,1787170800,1.20032,1.20034,1.20026,1.20026,30,18,0
2026-08-19T20:25:00Z,1787171100,1.20023,1.2003300000000001,1.20016,1.20016,57,18,0
2026-08-19T20:30:00Z,1787171400,1.20016,1.20019,1.20012,1.20015,38,18,0
2026-08-19T20:35:00Z,1787171700,1.20015,1.20029,1.20014,1.20024,54,18,0
2026-08-19T20:40:00Z,1787172000,1.20024,1.20034,1.20022,1.20031,63,18,0
2026-08-19T20:45:00Z,1787172300,1.20031,1.20034,1.2000899999999999,1.20011,67,18,0
2026-08-19T20:50:00Z,1787172600,1.20014,1.20021,1.20014,1.20017,25,18,0
2026-08-19T20:55:00Z,1787172900,1.20017,1.20029,1.20015,1.20016,45,18,0
2026-08-19T21:00:00Z,1787173200,1.20015,1.20015,1.20015,1.20015,1,32,0
2026-08-19T21:05:00Z,1787173500,1.20014,1.20014,1.20014,1.20014,1,35,0
2026-08-19T21:10:00Z,1787173800,1.20013,1.20014,1.20001,1.20012,37,35,0
2026-08-19T21:15:00Z,1787174100,1.20013,1.20019,1.20004,1.20015,52,36,0
2026-08-19T21:20:00Z,1787174400,1.20016,1.20016,1.20008,1.20011,55,57,0
2026-08-19T21:25:00Z,1787174700,1.20012,1.20013,1.20007,1.20007,22,67,0
2026-08-19T21:30:00Z,1787175000,1.20008,1.20016,1.20008,1.20016,32,49,0
2026-08-19T21:35:00Z,1787175300,1.20015,1.20025,1.20015,1.20024,33,34,0
2026-08-19T21:40:00Z,1787175600,1.20024,1.20025,1.2002,1.20023,48,36,0
2026-08-19T21:45:00Z,1787175900,1.20023,1.20026,1.20022,1.20025,46,34,0
2026-08-19T21:50:00Z,1787176200,1.20024,1.20026,1.20021,1.20026,49,32,0
2026-08-19T21:55:00Z,1787176500,1.20026,1.2003,1.20021,1.2003,35,31,0
2026-08-19T22:00:00Z,1787176800,1.2005,1.20081,1.2000899999999999,1.20014,76,60,0
2026-08-19T22:05:00Z,1787177100,1.20014,1.20021,1.20006,1.20016,28,71,0
2026-08-19T22:10:00Z,1787177400,1.20016,1.20016,1.1998199999999999,1.19984,71,66,0
2026-08-19T22:15:00Z,1787177700,1.19985,1.20001,1.19981,1.1999900000000001,41,46,0
2026-08-19T22:20:00Z,1787178000,1.1999900000000001,1.20004,1.19998,1.20003,27,46,0
2026-08-19T22:25:00Z,1787178300,1.20002,1.20019,1.19998,1.20017,26,46,0
2026-08-19T22:30:00Z,1787178600,1.20017,1.20029,1.20014,1.20019,42,46,0
2026-08-19T22:35:00Z,1787178900,1.20019,1.20027,1.20017,1.2002,28,46,0
2026-08-19T22:40:00Z,1787179200,1.2002,1.20028,1.20003,1.20003,44,46,0
2026-08-19T22:45:00Z,1787179500,1.20003,1.20014,1.20003,1.2001,54,30,0
2026-08-19T22:50:00Z,1787179800,1.2000899999999999,1.20018,1.2,1.20012,46,30,0
2026-08-19T22:55:00Z,1787180100,1.20012,1.20027,1.2000899999999999,1.20022,62,30,0
2026-08-19T23:00:00Z,1787180400,1.20022,1.2003300000000001,1.20012,1.20027,87,30,0
2026-08-19T23:05:00Z,1787180700,1.20026,1.20053,1.20021,1.20052,72,30,0
2026-08-19T23:10:00Z,1787181000,1.20052,1.2006000000000001,1.20035,1.20039,54,30,0
2026-08-19T23:15:00Z,1787181300,1.20039,1.20046,1.20034,1.20039,37,30,0
2026-08-19T23:20:00Z,1787181600,1.20039,1.20045,1.19995,1.20001,56,30,0
2026-08-19T23:25:00Z,1787181900,1.20001,1.20004,1.19954,1.19954,49,30,0
2026-08-19T23:30:00Z,1787182200,1.19954,1.19958,1.1994799999999999,1.19956,31,30,0
2026-08-19T23:35:00Z,1787182500,1.19955,1.19969,1.19955,1.19965,44,30,0
2026-08-19T23:40:00Z,1787182800,1.19965,1.19985,1.19965,1.19984,32,18,0
2026-08-19T23:45:00Z,1787183100,1.19985,1.19994,1.19975,1.19975,48,30,0
2026-08-19T23:50:00Z,1787183400,1.19974,1.1998199999999999,1.1997,1.1998199999999999,45,18,0
2026-08-19T23:55:00Z,1787183700,1.19977,1.20001,1.19974,1.2,71,18,0
2026-08-20T00:00:00Z,1787184000,1.2,1.20005,1.19975,1.19981,155,18,0
2026-08-20T00:05:00Z,1787184300,1.1998199999999999,1.2000899999999999,1.19967,1.19983,120,18,0
2026-08-20T00:10:00Z,1787184600,1.19983,1.19984,1.19967,1.1998,103,18,0
2026-08-20T00:15:00Z,1787184900,1.19979,1.19981,1.19955,1.19964,118,18,0
2026-08-20T00:20:00Z,1787185200,1.19964,1.1999,1.19962,1.19986,123,18,0
2026-08-20T00:25:00Z,1787185500,1.19986,1.19987,1.19949,1.19952,88,18,0
2026-08-20T00:30:00Z,1787185800,1.19952,1.19952,1.19922,1.19923,73,18,0
2026-08-20T00:35:00Z,1787186100,1.19922,1.19946,1.19915,1.19944,94,18,0
2026-08-20T00:40:00Z,1787186400,1.19944,1.19949,1.19934,1.1994799999999999,81,18,0
2026-08-20T00:45:00Z,1787186700,1.19949,1.1995,1.19891,1.19902,101,18,0
2026-08-20T00:50:00Z,1787187000,1.19902,1.19904,1.19891,1.19901,114,18,0
2026-08-20T00:55:00Z,1787187300,1.19902,1.19904,1.1988,1.1988699999999999,120,18,0
2026-08-20T01:00:00Z,1787187600,1.1988699999999999,1.19889,1.19878,1.19884,89,18,0
2026-08-20T01:05:00Z,1787187900,1.19882,1.19924,1.19882,1.1991100000000001,136,18,0
2026-08-20T01:10:00Z,1787188200,1.1991,1.19922,1.19898,1.19902,145,18,0
2026-08-20T01:15:00Z,1787188500,1.19902,1.19905,1.1987700000000001,1.19889,134,18,0
2026-08-20T01:20:00Z,1787188800,1.19888,1.1989,1.19855,1.19855,89,18,0
2026-08-20T01:25:00Z,1787189100,1.19852,1.19896,1.19852,1.19894,100,18,0
2026-08-20T01:30:00Z,1787189400,1.19897,1.19919,1.19526,1.1963,470,18,0
2026-08-20T01:35:00Z,1787189700,1.1963,1.19731,1.1963,1.19718,327,18,0
2026-08-20T01:40:00Z,1787190000,1.19719,1.19757,1.19688,1.19717,186,18,0
2026-08-20T01:45:00Z,1787190300,1.19718,1.19718,1.19635,1.19668,225,18,0
2026-08-20T01:50:00Z,1787190600,1.19668,1.19676,1.19597,1.19621,189,18,0
2026-08-20T01:55:00Z,1787190900,1.19623,1.19663,1.1958199999999999,1.19642,193,18,0
2026-08-20T02:00:00Z,1787191200,1.19642,1.19666,1.19626,1.19645,194,18,0
2026-08-20T02:05:00Z,1787191500,1.19646,1.19657,1.1958199999999999,1.1958199999999999,167,18,0
2026-08-20T02:10:00Z,1787191800,1.19581,1.19588,1.19552,1.19566,129,18,0
2026-08-20T02:15:00Z,1787192100,1.19566,1.19631,1.19566,1.19629,152,18,0
2026-08-20T02:20:00Z,1787192400,1.19628,1.1963,1.19593,1.1960899999999999,145,18,0
2026-08-20T02:25:00Z,1787192700,1.19612,1.19624,1.19581,1.19592,116,18,0
2026-08-20T02:30:00Z,1787193000,1.19592,1.19592,1.19564,1.19579,123,18,0
2026-08-20T02:35:00Z,1787193300,1.19579,1.19608,1.19574,1.19581,100,18,0
2026-08-20T02:40:00Z,1787193600,1.19581,1.19584,1.19567,1.1957200000000001,94,18,0
2026-08-20T02:45:00Z,1787193900,1.19573,1.19589,1.19544,1.19583,100,18,0
2026-08-20T02:50:00Z,1787194200,1.19583,1.19592,1.1957200000000001,1.1958,87,18,0
2026-08-20T02:55:00Z,1787194500,1.19579,1.19592,1.19571,1.19571,93,18,0
2026-08-20T03:00:00Z,1787194800,1.19571,1.19591,1.19563,1.19565,80,18,0
2026-08-20T03:05:00Z,1787195100,1.19567,1.19573,1.1953,1.19557,96,18,0
2026-08-20T03:10:00Z,1787195400,1.19557,1.19557,1.19514,1.19538,106,18,0
2026-08-20T03:15:00Z,1787195700,1.19537,1.19588,1.19532,1.1958199999999999,112,18,0
2026-08-20T03:20:00Z,1787196000,1.1958199999999999,1.1959,1.19559,1.1957,85,18,0
2026-08-20T03:25:00Z,1787196300,1.1957,1.19587,1.19564,1.19571,93,18,0
2026-08-20T03:30:00Z,1787196600,1.19571,1.19575,1.1955,1.19575,90,18,0
2026-08-20T03:35:00Z,1787196900,1.19574,1.19594,1.19574,1.19592,87,18,0
2026-08-20T03:40:00Z,1787197200,1.19591,1.19591,1.19563,1.1958199999999999,75,18,0
2026-08-20T03:45:00Z,1787197500,1.19585,1.19587,1.19562,1.19574,84,18,0
2026-08-20T03:50:00Z,1787197800,1.19574,1.19608,1.19571,1.1960600000000001,82,18,0
2026-08-20T03:55:00Z,1787198100,1.1960600000000001,1.19615,1.19594,1.19598,62,18,0
2026-08-20T04:00:00Z,1787198400,1.19598,1.19614,1.19585,1.19598,77,18,0
2026-08-20T04:05:00Z,1787198700,1.19598,1.19616,1.19574,1.19577,105,18,0
2026-08-20T04:10:00Z,1787199000,1.19577,1.19589,1.19561,1.1958,88,18,0
2026-08-20T04:15:00Z,1787199300,1.19577,1.19581,1.19555,1.19575,93,18,0
2026-08-20T04:20:00Z,1787199600,1.19575,1.1958199999999999,1.19562,1.19577,73,18,0
2026-08-20T04:25:00Z,1787199900,1.19577,1.19577,1.19535,1.19536,89,18,0
2026-08-20T04:30:00Z,1787200200,1.19533,1.19542,1.19519,1.19542,84,18,0
2026-08-20T04:35:00Z,1787200500,1.19541,1.1954500000000001,1.1952,1.1953,62,18,0
2026-08-20T04:40:00Z,1787200800,1.19531,1.19536,1.19522,1.19531,67,18,0
2026-08-20T04:45:00Z,1787201100,1.19532,1.1954,1.19519,1.19529,84,18,0
2026-08-20T04:50:00Z,1787201400,1.19529,1.19533,1.19517,1.1952,62,18,0
2026-08-20T04:55:00Z,1787201700,1.1952,1.1954,1.19506,1.19532,87,18,0
2026-08-20T05:00:00Z,1787202000,1.19532,1.19532,1.19506,1.19517,82,18,0
2026-08-20T05:05:00Z,1787202300,1.19517,1.19529,1.19515,1.19519,81,18,0
2026-08-20T05:10:00Z,1787202600,1.19516,1.19526,1.1951100000000001,1.19526,94,18,0
2026-08-20T05:15:00Z,1787202900,1.19525,1.19525,1.1948400000000001,1.19495,83,18,0
2026-08-20T05:20:00Z,1787203200,1.19495,1.19517,1.19489,1.19513,82,18,0
2026-08-20T05:25:00Z,1787203500,1.19513,1.19525,1.19505,1.19509,94,18,0
2026-08-20T05:30:00Z,1787203800,1.1951,1.19531,1.19497,1.19531,111,18,0
2026-08-20T05:35:00Z,1787204100,1.19532,1.19538,1.19518,1.19526,106,18,0
2026-08-20T05:40:00Z,1787204400,1.19526,1.19537,1.19515,1.19529,87,18,0
2026-08-20T05:45:00Z,1787204700,1.19529,1.19539,1.19518,1.19527,71,18,0
2026-08-20T05:50:00Z,1787205000,1.19528,1.19535,1.19517,1.1952099999999999,75,18,0
2026-08-20T05:55:00Z,1787205300,1.1952099999999999,1.19527,1.19514,1.19525,102,18,0
2026-08-20T06:00:00Z,1787205600,1.19526,1.19535,1.19515,1.1953,102,18,0
2026-08-20T06:05:00Z,1787205900,1.1953,1.19537,1.19515,1.19515,102,18,0
2026-08-20T06:10:00Z,1787206200,1.19516,1.19519,1.1948699999999999,1.19499,124,18,0
2026-08-20T06:15:00Z,1787206500,1.19497,1.19519,1.19497,1.19514,106,18,0
2026-08-20T06:20:00Z,1787206800,1.19514,1.1954,1.19512,1.1954,114,18,0
2026-08-20T06:25:00Z,1787207100,1.19543,1.19577,1.19543,1.19577,115,18,0
2026-08-20T06:30:00Z,1787207400,1.19577,1.19587,1.19565,1.19585,126,18,0
2026-08-20T06:35:00Z,1787207700,1.19587,1.19622,1.19579,1.19617,95,18,0
2026-08-20T06:40:00Z,1787208000,1.19617,1.1965,1.19617,1.19639,87,18,0
2026-08-20T06:45:00Z,1787208300,1.19639,1.19644,1.19586,1.19598,125,18,0
2026-08-20T06:50:00Z,1787208600,1.19598,1.19627,1.19591,1.19617,104,18,0
2026-08-20T06:55:00Z,1787208900,1.19617,1.1963,1.19608,1.19608,112,18,0
2026-08-20T07:00:00Z,1787209200,1.19611,1.19641,1.196,1.19639,116,18,0
2026-08-20T07:05:00Z,1787209500,1.1964,1.19658,1.19631,1.19654,135,18,0
2026-08-20T07:10:00Z,1787209800,1.19654,1.19673,1.19647,1.19669,113,18,0
2026-08-20T07:15:00Z,1787210100,1.1967,1.19675,1.19615,1.19617,125,18,0
2026-08-20T07:20:00Z,1787210400,1.19616,1.19647,1.19613,1.19632,117,18,0
2026-08-20T07:25:00Z,1787210700,1.19634,1.19639,1.19607,1.19632,117,18,0
2026-08-20T07:30:00Z,1787211000,1.19632,1.19675,1.19629,1.1966,148,18,0
2026-08-20T07:35:00Z,1787211300,1.19663,1.19664,1.19637,1.1964,140,18,0
2026-08-20T07:40:00Z,1787211600,1.1964,1.19642,1.19607,1.19625,150,18,0
2026-08-20T07:45:00Z,1787211900,1.19625,1.19646,1.1961,1.19646,119,18,0
2026-08-20T07:50:00Z,1787212200,1.19646,1.19654,1.19628,1.19637,107,18,0
2026-08-20T07:55:00Z,1787212500,1.19636,1.19637,1.196,1.19607,150,18,0
2026-08-20T08:00:00Z,1787212800,1.19605,1.19626,1.19585,1.19615,153,18,0
2026-08-20T08:05:00Z,1787213100,1.19616,1.19652,1.19614,1.19648,154,18,0
2026-08-20T08:10:00Z,1787213400,1.19649,1.19669,1.1964299999999999,1.19657,103,18,0
2026-08-20T08:15:00Z,1787213700,1.19657,1.19682,1.19656,1.1968,121,18,0
2026-08-20T08:20:00Z,1787214000,1.1968,1.19681,1.1965,1.19656,110,18,0
2026-08-20T08:25:00Z,1787214300,1.19656,1.19682,1.19652,1.19678,106,18,0
2026-08-20T08:30:00Z,1787214600,1.19679,1.1968,1.19665,1.19679,128,18,0
2026-08-20T08:35:00Z,1787214900,1.19679,1.19681,1.19673,1.19679,105,18,0
2026-08-20T08:40:00Z,1787215200,1.1968,1.19707,1.19679,1.197,103,18,0
2026-08-20T08:45:00Z,1787215500,1.19701,1.19702,1.1966,1.19666,79,18,0
2026-08-20T08:50:00Z,1787215800,1.1966700000000001,1.19669,1.19653,1.19653,73,18,0
2026-08-20T08:55:00Z,1787216100,1.19653,1.19654,1.19636,1.19641,97,18,0
2026-08-20T09:00:00Z,1787216400,1.19641,1.19657,1.19639,1.19652,84,18,0
2026-08-20T09:05:00Z,1787216700,1.19652,1.19658,1.19646,1.19657,83,18,0
2026-08-20T09:10:00Z,1787217000,1.19657,1.19657,1.19611,1.19611,127,18,0
2026-08-20T09:15:00Z,1787217300,1.19612,1.19615,1.19584,1.19585,134,18,0
2026-08-20T09:20:00Z,1787217600,1.19583,1.19602,1.19574,1.19601,144,18,0
2026-08-20T09:25:00Z,1787217900,1.19598,1.19618,1.19597,1.19615,108,18,0
2026-08-20T09:30:00Z,1787218200,1.19617,1.19627,1.19607,1.1961,86,18,0
2026-08-20T09:35:00Z,1787218500,1.1961,1.19629,1.1961,1.19621,118,18,0
2026-08-20T09:40:00Z,1787218800,1.19621,1.19638,1.1962,1.19631,98,18,0
2026-08-20T09:45:00Z,1787219100,1.19631,1.1964299999999999,1.1963,1.19634,63,18,0
2026-08-20T09:50:00Z,1787219400,1.19634,1.19635,1.19595,1.19597,102,18,0
2026-08-20T09:55:00Z,1787219700,1.19595,1.19611,1.1958,1.19607,123,18,0
2026-08-20T10:00:00Z,1787220000,1.1961,1.19619,1.19587,1.19593,106,18,0
2026-08-20T10:05:00Z,1787220300,1.19595,1.19595,1.19573,1.19574,76,18,0
2026-08-20T10:10:00Z,1787220600,1.19574,1.19583,1.19561,1.19578,117,18,0
2026-08-20T10:15:00Z,1787220900,1.19578,1.19594,1.19576,1.19593,100,18,0
2026-08-20T10:20:00Z,1787221200,1.19593,1.19605,1.19577,1.196,99,18,0
2026-08-20T10:25:00Z,1787221500,1.196,1.1960600000000001,1.1959,1.19591,111,18,0
2026-08-20T10:30:00Z,1787221800,1.19593,1.19619,1.1959,1.1960600000000001,96,18,0
2026-08-20T10:35:00Z,1787222100,1.1960600000000001,1.1960600000000001,1.19577,1.19578,94,18,0
2026-08-20T10:40:00Z,1787222400,1.19579,1.19589,1.19577,1.1958199999999999,102,18,0
2026-08-20T10:45:00Z,1787222700,1.19581,1.19597,1.19579,1.19595,93,18,0
2026-08-20T10:50:00Z,1787223000,1.19598,1.196,1.19573,1.19575,115,18,0
2026-08-20T10:55:00Z,1787223300,1.19577,1.1961,1.1957200000000001,1.19601,107,18,0
2026-08-20T11:00:00Z,1787223600,1.19601,1.19602,1.1958,1.19599,137,18,0
2026-08-20T11:05:00Z,1787223900,1.19599,1.19604,1.19586,1.19599,122,18,0
2026-08-20T11:10:00Z,1787224200,1.19599,1.19611,1.19591,1.19591,122,18,0
2026-08-20T11:15:00Z,1787224500,1.19593,1.19597,1.19581,1.19589,96,18,0
2026-08-20T11:20:00Z,1787224800,1.1959,1.19591,1.19575,1.19581,91,18,0
2026-08-20T11:25:00Z,1787225100,1.19581,1.19597,1.19578,1.19594,108,18,0
2026-08-20T11:30:00Z,1787225400,1.19596,1.19605,1.19583,1.19589,119,18,0
2026-08-20T11:35:00Z,1787225700,1.19587,1.19589,1.1957,1.19573,115,18,0
2026-08-20T11:40:00Z,1787226000,1.19573,1.19578,1.19567,1.1957200000000001,86,18,0
2026-08-20T11:45:00Z,1787226300,1.1957200000000001,1.1958199999999999,1.19542,1.19557,178,18,0
2026-08-20T11:50:00Z,1787226600,1.19557,1.19571,1.19542,1.19563,126,18,0
2026-08-20T11:55:00Z,1787226900,1.19563,1.19567,1.19541,1.19547,129,18,0
2026-08-20T12:00:00Z,1787227200,1.19546,1.19553,1.19519,1.19526,166,18,0
2026-08-20T12:05:00Z,1787227500,1.19526,1.19575,1.19523,1.19573,216,18,0
2026-08-20T12:10:00Z,1787227800,1.1957,1.1957,1.19493,1.19493,168,18,0
2026-08-20T12:15:00Z,1787228100,1.19493,1.19499,1.19474,1.19492,155,18,0
2026-08-20T12:20:00Z,1787228400,1.19495,1.19517,1.19489,1.19499,129,18,0
2026-08-20T12:25:00Z,1787228700,1.195,1.195,1.19481,1.19494,109,18,0
2026-08-20T12:30:00Z,1787229000,1.19493,1.19543,1.19491,1.19539,155,18,0
2026-08-20T12:35:00Z,1787229300,1.1954,1.1954,1.19502,1.19518,151,18,0
2026-08-20T12:40:00Z,1787229600,1.19518,1.19523,1.19501,1.19514,134,18,0
2026-08-20T12:45:00Z,1787229900,1.19514,1.19547,1.19508,1.1954500000000001,132,18,0
2026-08-20T12:50:00Z,1787230200,1.1954500000000001,1.19571,1.19539,1.19569,115,18,0
2026-08-20T12:55:00Z,1787230500,1.19567,1.19568,1.19528,1.19528,132,18,0
2026-08-20T13:00:00Z,1787230800,1.1953,1.1953,1.19488,1.19492,179,18,0
2026-08-20T13:05:00Z,1787231100,1.19493,1.19542,1.19481,1.19537,155,18,0
2026-08-20T13:10:00Z,1787231400,1.19537,1.19543,1.19526,1.19543,125,18,0
2026-08-20T13:15:00Z,1787231700,1.19543,1.19552,1.19525,1.19529,129,18,0
2026-08-20T13:20:00Z,1787232000,1.19529,1.19534,1.19501,1.19508,115,18,0
2026-08-20T13:25:00Z,1787232300,1.19508,1.19541,1.19508,1.1952,143,18,0
2026-08-20T13:30:00Z,1787232600,1.1952,1.19564,1.19517,1.1956,178,18,0
2026-08-20T13:35:00Z,1787232900,1.1956,1.19576,1.19543,1.19576,172,18,0
2026-08-20T13:40:00Z,1787233200,1.19578,1.19597,1.19571,1.19589,160,18,0
2026-08-20T13:45:00Z,1787233500,1.19589,1.19602,1.19579,1.19599,147,18,0
2026-08-20T13:50:00Z,1787233800,1.19597,1.19601,1.19538,1.1954,176,18,0
2026-08-20T13:55:00Z,1787234100,1.1954,1.19571,1.19532,1.19559,139,18,0
2026-08-20T14:00:00Z,1787234400,1.19558,1.19607,1.19557,1.19602,172,18,0
2026-08-20T14:05:00Z,1787234700,1.19603,1.19635,1.19601,1.19635,149,18,0
2026-08-20T14:10:00Z,1787235000,1.19635,1.19636,1.19614,1.19616,158,18,0
2026-08-20T14:15:00Z,1787235300,1.19615,1.19627,1.19593,1.19601,161,18,0
2026-08-20T14:20:00Z,1787235600,1.19602,1.19631,1.196,1.19628,161,18,0
2026-08-20T14:25:00Z,1787235900,1.19628,1.19628,1.19592,1.19601,149,18,0
2026-08-20T14:30:00Z,1787236200,1.19602,1.1963,1.19593,1.19614,129,18,0
2026-08-20T14:35:00Z,1787236500,1.19617,1.19621,1.19591,1.19612,157,18,0
2026-08-20T14:40:00Z,1787236800,1.19612,1.19629,1.196,1.19627,143,18,0
2026-08-20T14:45:00Z,1787237100,1.19627,1.1964299999999999,1.19615,1.1963,165,18,0
2026-08-20T14:50:00Z,1787237400,1.19631,1.19649,1.19627,1.19649,163,18,0
2026-08-20T14:55:00Z,1787237700,1.19649,1.19679,1.19649,1.19665,164,18,0
2026-08-20T15:00:00Z,1787238000,1.19665,1.1966700000000001,1.1963300000000001,1.19659,207,18,0
2026-08-20T15:05:00Z,1787238300,1.19659,1.19684,1.19657,1.19681,174,18,0
2026-08-20T15:10:00Z,1787238600,1.19681,1.19691,1.19652,1.19655,151,18,0
2026-08-20T15:15:00Z,1787238900,1.19654,1.19675,1.19654,1.19675,142,18,0
2026-08-20T15:20:00Z,1787239200,1.19675,1.19681,1.19663,1.19673,171,18,0
2026-08-20T15:25:00Z,1787239500,1.19673,1.19715,1.19673,1.19705,129,18,0
2026-08-20T15:30:00Z,1787239800,1.19703,1.19711,1.19691,1.19695,149,18,0
2026-08-20T15:35:00Z,1787240100,1.19695,1.1970399999999999,1.19681,1.19685,134,18,0
2026-08-20T15:40:00Z,1787240400,1.19685,1.19757,1.19683,1.1975,155,18,0
2026-08-20T15:45:00Z,1787240700,1.1975,1.19768,1.19737,1.19748,165,18,0
2026-08-20T15:50:00Z,1787241000,1.19749,1.19749,1.1971,1.19711,127,18,0
2026-08-20T15:55:00Z,1787241300,1.1971,1.19713,1.1969400000000001,1.19699,103,18,0
2026-08-20T16:00:00Z,1787241600,1.197,1.197,1.19676,1.19682,135,18,0
2026-08-20T16:05:00Z,1787241900,1.19682,1.19706,1.19678,1.19706,104,18,0
2026-08-20T16:10:00Z,1787242200,1.1970399999999999,1.19719,1.19702,1.19715,122,18,0
2026-08-20T16:15:00Z,1787242500,1.19715,1.19717,1.19703,1.19703,112,18,0
2026-08-20T16:20:00Z,1787242800,1.1970399999999999,1.19712,1.197,1.19708,105,18,0
2026-08-20T16:25:00Z,1787243100,1.19707,1.19716,1.1970399999999999,1.19713,120,18,0
2026-08-20T16:30:00Z,1787243400,1.19713,1.19717,1.19696,1.19696,125,18,0
2026-08-20T16:35:00Z,1787243700,1.19697,1.19697,1.19668,1.1967,126,18,0
2026-08-20T16:40:00Z,1787244000,1.1967,1.19674,1.19663,1.19672,121,18,0
2026-08-20T16:45:00Z,1787244300,1.19672,1.19698,1.19668,1.19696,112,18,0
2026-08-20T16:50:00Z,1787244600,1.19696,1.19711,1.19691,1.19705,100,18,0
2026-08-20T16:55:00Z,1787244900,1.19703,1.1970399999999999,1.1969,1.19698,97,18,0
2026-08-20T17:00:00Z,1787245200,1.19697,1.1970399999999999,1.19686,1.197,91,18,0
2026-08-20T17:05:00Z,1787245500,1.197,1.19705,1.19692,1.19705,109,18,0
2026-08-20T17:10:00Z,1787245800,1.19705,1.19706,1.1969400000000001,1.19697,84,18,0
2026-08-20T17:15:00Z,1787246100,1.19698,1.1970399999999999,1.19691,1.19699,83,18,0
2026-08-20T17:20:00Z,1787246400,1.19699,1.19702,1.19687,1.19691,67,18,0
2026-08-20T17:25:00Z,1787246700,1.19692,1.19698,1.19692,1.19693,52,18,0
2026-08-20T17:30:00Z,1787247000,1.19693,1.19703,1.19692,1.19702,66,18,0
2026-08-20T17:35:00Z,1787247300,1.19702,1.19711,1.19699,1.19711,68,18,0
2026-08-20T17:40:00Z,1787247600,1.19711,1.19713,1.19705,1.19707,63,18,0
2026-08-20T17:45:00Z,1787247900,1.19707,1.1971,1.19685,1.19689,72,18,0
2026-08-20T17:50:00Z,1787248200,1.1969,1.1969,1.19678,1.19679,66,18,0
2026-08-20T17:55:00Z,1787248500,1.19679,1.1969400000000001,1.19679,1.19692,66,18,0
2026-08-20T18:00:00Z,1787248800,1.19692,1.19692,1.19678,1.19678,70,18,0
2026-08-20T18:05:00Z,1787249100,1.19678,1.19682,1.19669,1.19681,83,18,0
2026-08-20T18:10:00Z,1787249400,1.19681,1.1969,1.19678,1.19683,100,18,0
2026-08-20T18:15:00Z,1787249700,1.19684,1.19685,1.19677,1.19677,57,18,0
2026-08-20T18:20:00Z,1787250000,1.19678,1.19688,1.19678,1.19688,61,18,0
2026-08-20T18:25:00Z,1787250300,1.19688,1.19689,1.19682,1.19686,45,18,0
2026-08-20T18:30:00Z,1787250600,1.19686,1.19686,1.19674,1.19675,44,18,0
2026-08-20T18:35:00Z,1787250900,1.19675,1.19678,1.19673,1.19676,58,18,0
2026-08-20T18:40:00Z,1787251200,1.19676,1.19696,1.19676,1.19696,53,18,0
2026-08-20T18:45:00Z,1787251500,1.19696,1.19699,1.19692,1.19699,71,18,0
2026-08-20T18:50:00Z,1787251800,1.19698,1.19702,1.19682,1.1969,52,18,0
2026-08-20T18:55:00Z,1787252100,1.1969,1.19698,1.19677,1.19681,92,18,0
2026-08-20T19:00:00Z,1787252400,1.19681,1.19686,1.19662,1.19669,98,18,0
2026-08-20T19:05:00Z,1787252700,1.1966700000000001,1.1968,1.19664,1.1968,63,18,0
2026-08-20T19:10:00Z,1787253000,1.1968,1.19683,1.19672,1.19672,45,18,0
2026-08-20T19:15:00Z,1787253300,1.19672,1.19678,1.19664,1.1966700000000001,66,18,0
2026-08-20T19:20:00Z,1787253600,1.19668,1.19674,1.19668,1.19672,59,18,0
2026-08-20T19:25:00Z,1787253900,1.19672,1.1968,1.19671,1.1968,54,18,0
2026-08-20T19:30:00Z,1787254200,1.1968,1.19681,1.19659,1.19661,78,18,0
2026-08-20T19:35:00Z,1787254500,1.19661,1.19672,1.19657,1.19672,74,18,0
2026-08-20T19:40:00Z,1787254800,1.19672,1.19678,1.19672,1.19674,60,18,0
2026-08-20T19:45:00Z,1787255100,1.19673,1.19677,1.19668,1.19676,60,18,0
2026-08-20T19:50:00Z,1787255400,1.19677,1.19683,1.19671,1.19673,72,18,0
2026-08-20T19:55:00Z,1787255700,1.19673,1.19681,1.1967,1.19679,75,18,0
2026-08-20T20:00:00Z,1787256000,1.19679,1.19685,1.19674,1.19685,43,18,0
2026-08-20T20:05:00Z,1787256300,1.19685,1.19685,1.19675,1.19678,46,18,0
2026-08-20T20:10:00Z,1787256600,1.19676,1.1968,1.19673,1.19677,43,18,0
2026-08-20T20:15:00Z,1787256900,1.19677,1.19684,1.19675,1.19681,37,18,0
2026-08-20T20:20:00Z,1787257200,1.19681,1.19681,1.19676,1.19678,26,18,0
2026-08-20T20:25:00Z,1787257500,1.19678,1.1968,1.19674,1.19678,33,18,0
2026-08-20T20:30:00Z,1787257800,1.19678,1.19679,1.19673,1.19679,29,18,0
2026-08-20T20:35:00Z,1787258100,1.19679,1.19681,1.19678,1.19678,13,18,0
2026-08-20T20:40:00Z,1787258400,1.19677,1.19678,1.19671,1.19675,26,18,0
2026-08-20T20:45:00Z,1787258700,1.19675,1.19676,1.19655,1.19656,47,18,0
2026-08-20T20:50:00Z,1787259000,1.19657,1.19665,1.19656,1.19665,36,18,0
2026-08-20T20:55:00Z,1787259300,1.19663,1.19671,1.19661,1.19671,54,18,0
2026-08-20T21:05:00Z,1787259900,1.19672,1.19672,1.19665,1.19665,28,20,0
2026-08-20T21:10:00Z,1787260200,1.19663,1.19665,1.1965,1.19656,46,39,0
2026-08-20T21:15:00Z,1787260500,1.19657,1.19666,1.19657,1.19665,17,39,0
2026-08-20T21:20:00Z,1787260800,1.19664,1.19666,1.19649,1.19649,41,34,0
2026-08-20T21:25:00Z,1787261100,1.19648,1.19656,1.19644,1.19654,52,38,0
2026-08-20T21:30:00Z,1787261400,1.19653,1.19664,1.19652,1.19662,52,24,0
2026-08-20T21:35:00Z,1787261700,1.19662,1.19662,1.19651,1.19658,89,29,0
2026-08-20T21:40:00Z,1787262000,1.19659,1.1966,1.1964299999999999,1.19647,196,29,0
2026-08-20T21:45:00Z,1787262300,1.19647,1.19657,1.19637,1.19657,139,27,0
2026-08-20T21:50:00Z,1787262600,1.19658,1.19659,1.19649,1.19651,92,27,0
2026-08-20T21:55:00Z,1787262900,1.19651,1.19658,1.19651,1.19653,51,25,0
2026-08-20T22:00:00Z,1787263200,1.19653,1.1966700000000001,1.19628,1.19634,66,22,0
2026-08-20T22:05:00Z,1787263500,1.19634,1.19644,1.19628,1.19641,26,30,0
2026-08-20T22:10:00Z,1787263800,1.19642,1.19659,1.19638,1.19651,45,30,0
2026-08-20T22:15:00Z,1787264100,1.19651,1.19662,1.19648,1.19655,35,30,0
2026-08-20T22:20:00Z,1787264400,1.19655,1.19656,1.19652,1.19654,18,30,0
2026-08-20T22:25:00Z,1787264700,1.19654,1.19662,1.19654,1.19655,32,30,0
2026-08-20T22:30:00Z,1787265000,1.19655,1.19658,1.19644,1.1965,32,30,0
2026-08-20T22:35:00Z,1787265300,1.19649,1.19659,1.19649,1.19657,34,30,0
2026-08-20T22:40:00Z,1787265600,1.19657,1.19662,1.19656,1.19662,19,30,0
2026-08-20T22:45:00Z,1787265900,1.19662,1.19671,1.1966,1.1967,21,30,0
2026-08-20T22:50:00Z,1787266200,1.1967,1.1967,1.1965,1.1965,25,30,0
2026-08-20T22:55:00Z,1787266500,1.1965,1.19652,1.19634,1.19634,40,30,0
2026-08-20T23:00:00Z,1787266800,1.1964,1.19646,1.19625,1.19625,53,18,0
2026-08-20T23:05:00Z,1787267100,1.19625,1.1964299999999999,1.19625,1.19634,35,18,0
2026-08-20T23:10:00Z,1787267400,1.19634,1.19644,1.19621,1.19639,48,18,0
2026-08-20T23:15:00Z,1787267700,1.19639,1.19644,1.1963300000000001,1.1964,43,18,0
2026-08-20T23:20:00Z,1787268000,1.1964,1.19644,1.19615,1.19617,34,18,0
2026-08-20T23:25:00Z,1787268300,1.19617,1.1963300000000001,1.19615,1.19622,59,18,0
2026-08-20T23:30:00Z,1787268600,1.19623,1.19629,1.19612,1.19624,43,18,0
2026-08-20T23:35:00Z,1787268900,1.19625,1.19625,1.1961,1.1961,38,18,0
2026-08-20T23:40:00Z,1787269200,1.1961,1.19618,1.19602,1.19602,38,18,0
2026-08-20T23:45:00Z,1787269500,1.19602,1.19614,1.196,1.19614,54,18,0
2026-08-20T23:50:00Z,1787269800,1.19614,1.19614,1.19599,1.1960600000000001,72,18,0
2026-08-20T23:55:00Z,1787270100,1.1960600000000001,1.19612,1.19565,1.1957200000000001,69,18,0
2026-08-21T00:00:00Z,1787270400,1.19575,1.19625,1.19575,1.19625,143,18,0
2026-08-21T00:05:00Z,1787270700,1.19626,1.19639,1.1958199999999999,1.19585,123,18,0
2026-08-21T00:10:00Z,1787271000,1.19587,1.19611,1.19579,1.19608,123,18,0
2026-08-21T00:15:00Z,1787271300,1.19608,1.19608,1.19575,1.19575,124,18,0
2026-08-21T00:20:00Z,1787271600,1.19575,1.19577,1.19566,1.19574,83,18,0
2026-08-21T00:25:00Z,1787271900,1.19576,1.19584,1.19562,1.1957,102,18,0
2026-08-21T00:30:00Z,1787272200,1.1957,1.19589,1.19568,1.19574,124,18,0
2026-08-21T00:35:00Z,1787272500,1.19573,1.19574,1.19547,1.19566,100,18,0
2026-08-21T00:40:00Z,1787272800,1.19566,1.19588,1.19562,1.19585,98,18,0
2026-08-21T00:45:00Z,1787273100,1.19585,1.19585,1.19561,1.19561,108,18,0
2026-08-21T00:50:00Z,1787273400,1.19562,1.19571,1.1955,1.19556,129,18,0
2026-08-21T00:55:00Z,1787273700,1.19559,1.19563,1.19551,1.19557,127,18,0
2026-08-21T01:00:00Z,1787274000,1.19555,1.19576,1.19537,1.19568,138,18,0
2026-08-21T01:05:00Z,1787274300,1.19566,1.19569,1.19553,1.19555,103,18,0
2026-08-21T01:10:00Z,1787274600,1.19554,1.19556,1.19532,1.19538,134,18,0
2026-08-21T01:15:00Z,1787274900,1.19537,1.19551,1.1953,1.19541,124,18,0
2026-08-21T01:20:00Z,1787275200,1.19541,1.19546,1.19525,1.19546,124,18,0
2026-08-21T01:25:00Z,1787275500,1.19546,1.1954799999999999,1.19514,1.19536,143,18,0
2026-08-21T01:30:00Z,1787275800,1.19537,1.19547,1.1949,1.19494,129,18,0
2026-08-21T01:35:00Z,1787276100,1.19494,1.19509,1.19489,1.19494,129,18,0
2026-08-21T01:40:00Z,1787276400,1.19494,1.19509,1.19482,1.19506,124,18,0
2026-08-21T01:45:00Z,1787276700,1.19506,1.1954799999999999,1.19496,1.1954799999999999,121,18,0
2026-08-21T01:50:00Z,1787277000,1.1954799999999999,1.19552,1.19527,1.19529,108,18,0
2026-08-21T01:55:00Z,1787277300,1.19529,1.1954,1.19519,1.19537,92,18,0
2026-08-21T02:00:00Z,1787277600,1.19538,1.19542,1.19513,1.19532,100,18,0
2026-08-21T02:05:00Z,1787277900,1.19533,1.19536,1.19501,1.19509,91,18,0
2026-08-21T02:10:00Z,1787278200,1.19509,1.19529,1.19508,1.19525,92,18,0
2026-08-21T02:15:00Z,1787278500,1.19525,1.1954500000000001,1.1952,1.19535,87,18,0
2026-08-21T02:20:00Z,1787278800,1.19535,1.19555,1.19506,1.19523,163,18,0
2026-08-21T02:25:00Z,1787279100,1.19523,1.19535,1.1951,1.19534,101,18,0
2026-08-21T02:30:00Z,1787279400,1.19536,1.19539,1.19506,1.19522,103,18,0
2026-08-21T02:35:00Z,1787279700,1.19522,1.1954,1.1952099999999999,1.19529,95,18,0
2026-08-21T02:40:00Z,1787280000,1.19529,1.19559,1.19524,1.19551,98,18,0
2026-08-21T02:45:00Z,1787280300,1.19551,1.1958,1.1954500000000001,1.19577,102,18,0
2026-08-21T02:50:00Z,1787280600,1.19578,1.19589,1.19571,1.19571,114,18,0
2026-08-21T02:55:00Z,1787280900,1.19571,1.19591,1.19571,1.1958199999999999,99,18,0
2026-08-21T03:00:00Z,1787281200,1.19581,1.1960600000000001,1.19577,1.1960600000000001,85,18,0
2026-08-21T03:05:00Z,1787281500,1.1960600000000001,1.1963,1.19605,1.1963,81,18,0
2026-08-21T03:10:00Z,1787281800,1.19632,1.19651,1.19628,1.19645,83,18,0
2026-08-21T03:15:00Z,1787282100,1.19645,1.19652,1.19632,1.19636,84,18,0
2026-08-21T03:20:00Z,1787282400,1.19636,1.19681,1.19636,1.19681,90,18,0
2026-08-21T03:25:00Z,1787282700,1.19681,1.19687,1.19661,1.19662,97,18,0
2026-08-21T03:30:00Z,1787283000,1.19659,1.19661,1.19642,1.19651,86,18,0
2026-08-21T03:35:00Z,1787283300,1.1965,1.1966700000000001,1.19639,1.19658,72,18,0
2026-08-21T03:40:00Z,1787283600,1.19659,1.19672,1.19646,1.19646,86,18,0
2026-08-21T03:45:00Z,1787283900,1.19646,1.19654,1.19629,1.19642,79,18,0
2026-08-21T03:50:00Z,1787284200,1.19645,1.19648,1.19627,1.19629,75,18,0
2026-08-21T03:55:00Z,1787284500,1.19629,1.1963,1.19618,1.19621,63,18,0
2026-08-21T04:00:00Z,1787284800,1.19621,1.19625,1.1961,1.1962,62,18,0
2026-08-21T04:05:00Z,1787285100,1.1962,1.1963,1.1962,1.19625,61,18,0
2026-08-21T04:10:00Z,1787285400,1.19625,1.19639,1.1962,1.19637,70,18,0
2026-08-21T04:15:00Z,1787285700,1.19637,1.19648,1.19619,1.19619,73,18,0
2026-08-21T04:20:00Z,1787286000,1.19619,1.19626,1.19616,1.19621,65,18,0
2026-08-21T04:25:00Z,1787286300,1.19622,1.19626,1.19618,1.19625,42,18,0
2026-08-21T04:30:00Z,1787286600,1.19625,1.19639,1.19623,1.1963300000000001,64,18,0
2026-08-21T04:35:00Z,1787286900,1.1963300000000001,1.1963300000000001,1.19623,1.19623,31,18,0
2026-08-21T04:40:00Z,1787287200,1.19623,1.1963,1.19621,1.19623,58,18,0
2026-08-21T04:45:00Z,1787287500,1.19623,1.1964,1.19622,1.1963300000000001,63,18,0
2026-08-21T04:50:00Z,1787287800,1.1963300000000001,1.19672,1.19628,1.19671,87,18,0
2026-08-21T04:55:00Z,1787288100,1.19671,1.19672,1.19647,1.19657,63,18,0
2026-08-21T05:00:00Z,1787288400,1.19657,1.19665,1.1964299999999999,1.19659,84,18,0
2026-08-21T05:05:00Z,1787288700,1.19658,1.1969,1.19657,1.19681,69,18,0
2026-08-21T05:10:00Z,1787289000,1.19681,1.19682,1.19665,1.1968,66,18,0
2026-08-21T05:15:00Z,1787289300,1.1968,1.19691,1.1967,1.19677,72,18,0
2026-08-21T05:20:00Z,1787289600,1.19677,1.19687,1.19675,1.19686,59,18,0
2026-08-21T05:25:00Z,1787289900,1.19686,1.19692,1.19677,1.19682,58,18,0
2026-08-21T05:30:00Z,1787290200,1.19682,1.19684,1.19666,1.19672,76,18,0
2026-08-21T05:35:00Z,1787290500,1.19672,1.19673,1.19651,1.19664,92,18,0
2026-08-21T05:40:00Z,1787290800,1.19662,1.19697,1.19661,1.19684,92,18,0
2026-08-21T05:45:00Z,1787291100,1.19684,1.19696,1.1966700000000001,1.1966700000000001,105,18,0
2026-08-21T05:50:00Z,1787291400,1.1966700000000001,1.19679,1.19652,1.19652,115,18,0
2026-08-21T05:55:00Z,1787291700,1.19651,1.19657,1.19626,1.19647,111,18,0
2026-08-21T06:00:00Z,1787292000,1.19644,1.19646,1.19631,1.19638,124,18,0
2026-08-21T06:05:00Z,1787292300,1.19639,1.19655,1.19636,1.19645,100,18,0
2026-08-21T06:10:00Z,1787292600,1.19645,1.19654,1.19641,1.19644,94,18,0
2026-08-21T06:15:00Z,1787292900,1.19644,1.19657,1.19642,1.19656,82,18,0
2026-08-21T06:20:00Z,1787293200,1.19655,1.19662,1.19639,1.19648,97,18,0
2026-08-21T06:25:00Z,1787293500,1.19646,1.19668,1.19644,1.19665,90,18,0
2026-08-21T06:30:00Z,1787293800,1.1966700000000001,1.19679,1.19654,1.19655,117,18,0
2026-08-21T06:35:00Z,1787294100,1.19655,1.19687,1.19649,1.19685,117,18,0
2026-08-21T06:40:00Z,1787294400,1.19684,1.19684,1.19668,1.19672,92,18,0
2026-08-21T06:45:00Z,1787294700,1.19672,1.1968,1.1966,1.19669,88,18,0
2026-08-21T06:50:00Z,1787295000,1.19671,1.19684,1.1967,1.19681,93,18,0
2026-08-21T06:55:00Z,1787295300,1.19682,1.19684,1.1966700000000001,1.19674,95,18,0
2026-08-21T07:00:00Z,1787295600,1.19676,1.19708,1.19668,1.1970399999999999,127,18,0
2026-08-21T07:05:00Z,1787295900,1.19707,1.19744,1.19703,1.19734,117,18,0
2026-08-21T07:10:00Z,1787296200,1.19734,1.19745,1.19729,1.19735,95,18,0
2026-08-21T07:15:00Z,1787296500,1.19734,1.19746,1.19701,1.19701,139,18,0
2026-08-21T07:20:00Z,1787296800,1.197,1.19724,1.19699,1.19707,114,18,0
2026-08-21T07:25:00Z,1787297100,1.19707,1.19722,1.19702,1.1971,111,18,0
2026-08-21T07:30:00Z,1787297400,1.19711,1.19721,1.19698,1.19705,103,18,0
2026-08-21T07:35:00Z,1787297700,1.19705,1.19722,1.19702,1.19702,94,18,0
2026-08-21T07:40:00Z,1787298000,1.19702,1.19759,1.19699,1.19754,160,18,0
2026-08-21T07:45:00Z,1787298300,1.19754,1.1979,1.19752,1.19777,126,18,0
2026-08-21T07:50:00Z,1787298600,1.19778,1.19794,1.19776,1.19788,117,18,0
2026-08-21T07:55:00Z,1787298900,1.1978900000000001,1.19818,1.1978900000000001,1.19818,122,18,0
2026-08-21T08:00:00Z,1787299200,1.19819,1.19846,1.19819,1.19844,103,18,0
2026-08-21T08:05:00Z,1787299500,1.19846,1.19869,1.19844,1.19864,111,18,0
2026-08-21T08:10:00Z,1787299800,1.19864,1.19868,1.19857,1.19867,102,18,0
2026-08-21T08:15:00Z,1787300100,1.19867,1.19871,1.19849,1.19857,116,18,0
2026-08-21T08:20:00Z,1787300400,1.19856,1.19867,1.19854,1.19858,123,18,0
2026-08-21T08:25:00Z,1787300700,1.19858,1.19864,1.19812,1.19812,128,18,0
2026-08-21T08:30:00Z,1787301000,1.19809,1.19814,1.19791,1.19809,136,18,0
2026-08-21T08:35:00Z,1787301300,1.19808,1.19809,1.19777,1.19781,118,18,0
2026-08-21T08:40:00Z,1787301600,1.19781,1.19795,1.19781,1.19788,118,18,0
2026-08-21T08:45:00Z,1787301900,1.19788,1.19807,1.19783,1.19798,119,18,0
2026-08-21T08:50:00Z,1787302200,1.1979899999999999,1.1979899999999999,1.1978,1.19783,115,18,0
2026-08-21T08:55:00Z,1787302500,1.19785,1.19787,1.19763,1.19767,115,18,0
2026-08-21T09:00:00Z,1787302800,1.19767,1.19784,1.1976499999999999,1.19784,126,18,0
2026-08-21T09:05:00Z,1787303100,1.19783,1.19794,1.19744,1.19744,148,18,0
2026-08-21T09:10:00Z,1787303400,1.19744,1.19758,1.19735,1.1973799999999999,135,18,0
2026-08-21T09:15:00Z,1787303700,1.1973799999999999,1.19771,1.19734,1.19752,118,18,0
2026-08-21T09:20:00Z,1787304000,1.19752,1.19758,1.19732,1.19745,110,18,0
2026-08-21T09:25:00Z,1787304300,1.19742,1.19792,1.19741,1.19767,145,18,0
2026-08-21T09:30:00Z,1787304600,1.19767,1.19767,1.19735,1.19735,100,18,0
2026-08-21T09:35:00Z,1787304900,1.19735,1.19752,1.19714,1.19752,115,18,0
2026-08-21T09:40:00Z,1787305200,1.19751,1.19771,1.1975,1.19762,88,18,0
2026-08-21T09:45:00Z,1787305500,1.19761,1.19781,1.19761,1.19776,98,18,0
2026-08-21T09:50:00Z,1787305800,1.19776,1.19778,1.1975500000000001,1.19759,90,18,0
2026-08-21T09:55:00Z,1787306100,1.19759,1.19764,1.1975,1.19751,101,18,0
2026-08-21T10:00:00Z,1787306400,1.19754,1.1977,1.19751,1.19757,111,18,0
2026-08-21T10:05:00Z,1787306700,1.1976,1.19767,1.19754,1.1976499999999999,82,18,0
2026-08-21T10:10:00Z,1787307000,1.1976499999999999,1.19767,1.19752,1.19754,107,18,0
2026-08-21T10:15:00Z,1787307300,1.19754,1.1976,1.19748,1.19751,107,18,0
2026-08-21T10:20:00Z,1787307600,1.19751,1.19758,1.1973799999999999,1.1975500000000001,72,18,0
2026-08-21T10:25:00Z,1787307900,1.19754,1.19761,1.19729,1.19729,88,18,0
2026-08-21T10:30:00Z,1787308200,1.19729,1.19729,1.19712,1.1972,81,18,0
2026-08-21T10:35:00Z,1787308500,1.19722,1.19741,1.19717,1.1973799999999999,101,18,0
2026-08-21T10:40:00Z,1787308800,1.19739,1.19746,1.19732,1.19741,90,18,0
2026-08-21T10:45:00Z,1787309100,1.19741,1.19745,1.19732,1.1974,63,18,0
2026-08-21T10:50:00Z,1787309400,1.19741,1.1976,1.19737,1.19752,114,18,0
2026-08-21T10:55:00Z,1787309700,1.19752,1.19774,1.1975,1.1976,109,18,0
2026-08-21T11:00:00Z,1787310000,1.1976,1.19784,1.1976,1.19783,104,18,0
2026-08-21T11:05:00Z,1787310300,1.19783,1.19798,1.19783,1.19786,78,18,0
2026-08-21T11:10:00Z,1787310600,1.19787,1.19787,1.1977,1.1977,73,18,0
2026-08-21T11:15:00Z,1787310900,1.1977,1.19775,1.1975500000000001,1.19773,89,18,0
2026-08-21T11:20:00Z,1787311200,1.19773,1.19773,1.19741,1.19746,142,18,0
2026-08-21T11:25:00Z,1787311500,1.19746,1.19751,1.19735,1.19744,159,18,0
2026-08-21T11:30:00Z,1787311800,1.19743,1.1976,1.19737,1.1975,135,18,0
2026-08-21T11:35:00Z,1787312100,1.1975,1.19756,1.19726,1.1975500000000001,156,18,0
2026-08-21T11:40:00Z,1787312400,1.1975500000000001,1.19774,1.1975,1.1976499999999999,123,18,0
2026-08-21T11:45:00Z,1787312700,1.1976499999999999,1.19769,1.1975500000000001,1.19759,95,18,0
2026-08-21T11:50:00Z,1787313000,1.19759,1.19767,1.19744,1.1975500000000001,111,18,0
2026-08-21T11:55:00Z,1787313300,1.1975500000000001,1.19759,1.19713,1.19714,127,18,0
2026-08-21T12:00:00Z,1787313600,1.19715,1.19757,1.19706,1.1971,182,18,0
2026-08-21T12:05:00Z,1787313900,1.1971,1.19726,1.197,1.19715,143,18,0
2026-08-21T12:10:00Z,1787314200,1.19713,1.19747,1.19709,1.19737,112,18,0
2026-08-21T12:15:00Z,1787314500,1.19739,1.19747,1.19727,1.19735,113,18,0
2026-08-21T12:20:00Z,1787314800,1.19735,1.19743,1.19726,1.19734,132,18,0
2026-08-21T12:25:00Z,1787315100,1.19736,1.19736,1.19708,1.19709,88,18,0
2026-08-21T12:30:00Z,1787315400,1.19709,1.19739,1.19708,1.19731,134,18,0
2026-08-21T12:35:00Z,1787315700,1.19731,1.19763,1.19731,1.19759,149,18,0
2026-08-21T12:40:00Z,1787316000,1.19759,1.19763,1.1974,1.1975,127,18,0
2026-08-21T12:45:00Z,1787316300,1.1975,1.19771,1.19744,1.19766,103,18,0
2026-08-21T12:50:00Z,1787316600,1.1976499999999999,1.19781,1.19762,1.1978,96,18,0
2026-08-21T12:55:00Z,1787316900,1.1978,1.19793,1.19767,1.19768,99,18,0
2026-08-21T13:00:00Z,1787317200,1.19767,1.19807,1.1976499999999999,1.19796,132,18,0
2026-08-21T13:05:00Z,1787317500,1.19796,1.19818,1.19793,1.1981600000000001,137,18,0
2026-08-21T13:10:00Z,1787317800,1.19815,1.19832,1.19809,1.19818,126,18,0
2026-08-21T13:15:00Z,1787318100,1.19817,1.19833,1.19817,1.19829,117,18,0
2026-08-21T13:20:00Z,1787318400,1.1983,1.19833,1.19818,1.19833,120,18,0
2026-08-21T13:25:00Z,1787318700,1.1983,1.19834,1.19818,1.19829,134,18,0
2026-08-21T13:30:00Z,1787319000,1.1983,1.19847,1.1982,1.1982,144,18,0
2026-08-21T13:35:00Z,1787319300,1.19819,1.19827,1.19794,1.19798,138,18,0
2026-08-21T13:40:00Z,1787319600,1.19798,1.19823,1.19798,1.19819,121,18,0
2026-08-21T13:45:00Z,1787319900,1.19822,1.19848,1.1981600000000001,1.19831,148,18,0
2026-08-21T13:50:00Z,1787320200,1.19833,1.19839,1.19815,1.19835,156,18,0
2026-08-21T13:55:00Z,1787320500,1.19834,1.19853,1.19834,1.19852,117,18,0
2026-08-21T14:00:00Z,1787320800,1.19851,1.19881,1.19851,1.19871,169,18,0
2026-08-21T14:05:00Z,1787321100,1.1987,1.19878,1.19848,1.19872,139,18,0
2026-08-21T14:10:00Z,1787321400,1.19871,1.1988699999999999,1.19855,1.19869,127,18,0
2026-08-21T14:15:00Z,1787321700,1.19869,1.19886,1.19862,1.19881,89,18,0
2026-08-21T14:20:00Z,1787322000,1.19881,1.19902,1.19876,1.19885,134,18,0
2026-08-21T14:25:00Z,1787322300,1.19884,1.1992,1.19884,1.1992,121,18,0
2026-08-21T14:30:00Z,1787322600,1.1992,1.19952,1.19917,1.19952,169,18,0
2026-08-21T14:35:00Z,1787322900,1.19952,1.19962,1.19934,1.19955,189,18,0
2026-08-21T14:40:00Z,1787323200,1.19956,1.19963,1.19937,1.19956,157,18,0
2026-08-21T14:45:00Z,1787323500,1.19955,1.1999,1.19951,1.1999,134,18,0
2026-08-21T14:50:00Z,1787323800,1.1999,1.1999,1.1994799999999999,1.1994799999999999,171,18,0
2026-08-21T14:55:00Z,1787324100,1.1995,1.19969,1.1994,1.19964,161,18,0
2026-08-21T15:00:00Z,1787324400,1.19965,1.19976,1.19952,1.1997,163,18,0
2026-08-21T15:05:00Z,1787324700,1.19971,1.19978,1.19958,1.19966,143,18,0
2026-08-21T15:10:00Z,1787325000,1.19965,1.19973,1.19956,1.19957,122,18,0
2026-08-21T15:15:00Z,1787325300,1.19957,1.19971,1.1994,1.19967,126,18,0
2026-08-21T15:20:00Z,1787325600,1.19966,1.19991,1.19963,1.19988,126,18,0
2026-08-21T15:25:00Z,1787325900,1.19988,1.19995,1.1997200000000001,1.19979,109,18,0
2026-08-21T15:30:00Z,1787326200,1.1998199999999999,1.1998199999999999,1.19966,1.1997,103,18,0
2026-08-21T15:35:00Z,1787326500,1.1997,1.1997200000000001,1.19963,1.19969,95,18,0
2026-08-21T15:40:00Z,1787326800,1.19969,1.19989,1.19964,1.19964,123,18,0
2026-08-21T15:45:00Z,1787327100,1.19964,1.19966,1.19949,1.1995,89,18,0
2026-08-21T15:50:00Z,1787327400,1.1995,1.19955,1.19942,1.19945,85,18,0
2026-08-21T15:55:00Z,1787327700,1.19944,1.1995,1.19941,1.19943,77,18,0
2026-08-21T16:00:00Z,1787328000,1.19943,1.19944,1.1993,1.1993800000000001,90,18,0
2026-08-21T16:05:00Z,1787328300,1.1993800000000001,1.19956,1.19933,1.19934,97,18,0
2026-08-21T16:10:00Z,1787328600,1.19933,1.19941,1.19919,1.19919,98,18,0
2026-08-21T16:15:00Z,1787328900,1.19919,1.19933,1.19916,1.19933,91,18,0
2026-08-21T16:20:00Z,1787329200,1.19933,1.19934,1.1991,1.19913,115,18,0
2026-08-21T16:25:00Z,1787329500,1.1991100000000001,1.1992099999999999,1.19905,1.19908,80,18,0
2026-08-21T16:30:00Z,1787329800,1.19908,1.19916,1.19901,1.19906,82,18,0
2026-08-21T16:35:00Z,1787330100,1.19906,1.19915,1.199,1.199,71,18,0
2026-08-21T16:40:00Z,1787330400,1.199,1.1991,1.199,1.19903,78,18,0
2026-08-21T16:45:00Z,1787330700,1.19903,1.19909,1.19894,1.19907,61,18,0
2026-08-21T16:50:00Z,1787331000,1.19907,1.19912,1.19894,1.19905,74,18,0
2026-08-21T16:55:00Z,1787331300,1.19905,1.1991100000000001,1.19898,1.19908,79,18,0
2026-08-21T17:00:00Z,1787331600,1.19908,1.1994799999999999,1.19907,1.19946,92,18,0
2026-08-21T17:05:00Z,1787331900,1.19947,1.19955,1.19943,1.19947,68,18,0
2026-08-21T17:10:00Z,1787332200,1.19947,1.19953,1.19944,1.19949,58,18,0
2026-08-21T17:15:00Z,1787332500,1.1994799999999999,1.19962,1.19943,1.19962,72,18,0
2026-08-21T17:20:00Z,1787332800,1.19961,1.19961,1.19942,1.19946,66,18,0
2026-08-21T17:25:00Z,1787333100,1.19946,1.19957,1.19946,1.19952,64,18,0
2026-08-21T17:30:00Z,1787333400,1.19952,1.19957,1.1994799999999999,1.1995,64,18,0
2026-08-21T17:35:00Z,1787333700,1.19951,1.19967,1.1995,1.1996,79,18,0
2026-08-21T17:40:00Z,1787334000,1.19958,1.19965,1.19955,1.19965,59,18,0
2026-08-21T17:45:00Z,1787334300,1.19965,1.19977,1.19962,1.19975,61,18,0
2026-08-21T17:50:00Z,1787334600,1.19975,1.19979,1.19961,1.19963,63,18,0
2026-08-21T17:55:00Z,1787334900,1.19963,1.19976,1.19963,1.1997200000000001,45,18,0
2026-08-21T18:00:00Z,1787335200,1.1997200000000001,1.1997200000000001,1.1996,1.19965,65,18,0
2026-08-21T18:05:00Z,1787335500,1.19965,1.19968,1.19952,1.19956,72,18,0
2026-08-21T18:10:00Z,1787335800,1.19956,1.19959,1.19951,1.19953,46,18,0
2026-08-21T18:15:00Z,1787336100,1.19953,1.19956,1.19947,1.19949,43,18,0
2026-08-21T18:20:00Z,1787336400,1.19949,1.19959,1.19947,1.19951,56,18,0
2026-08-21T18:25:00Z,1787336700,1.19951,1.19953,1.19946,1.19946,60,18,0
2026-08-21T18:30:00Z,1787337000,1.19946,1.1994799999999999,1.19944,1.19947,54,18,0
2026-08-21T18:35:00Z,1787337300,1.19947,1.1995,1.19946,1.1994799999999999,39,18,0
2026-08-21T18:40:00Z,1787337600,1.1994799999999999,1.1994799999999999,1.19943,1.19945,49,18,0
2026-08-21T18:45:00Z,1787337900,1.19944,1.19953,1.19943,1.1995,48,18,0
2026-08-21T18:50:00Z,1787338200,1.19949,1.1996,1.19949,1.19959,34,18,0
2026-08-21T18:55:00Z,1787338500,1.19959,1.19961,1.19952,1.19956,67,18,0
2026-08-21T19:00:00Z,1787338800,1.19957,1.19959,1.19954,1.19958,70,18,0
2026-08-21T19:05:00Z,1787339100,1.19958,1.19959,1.19954,1.19956,68,18,0
2026-08-21T19:10:00Z,1787339400,1.19956,1.19959,1.19954,1.19959,49,18,0
2026-08-21T19:15:00Z,1787339700,1.19959,1.1996,1.1995,1.19953,77,18,0
2026-08-21T19:20:00Z,1787340000,1.19952,1.19957,1.1995,1.19952,59,18,0
2026-08-21T19:25:00Z,1787340300,1.19952,1.19957,1.19947,1.19954,64,18,0
2026-08-21T19:30:00Z,1787340600,1.19954,1.19955,1.1993800000000001,1.19949,74,18,0
2026-08-21T19:35:00Z,1787340900,1.19949,1.19952,1.19946,1.1994799999999999,41,18,0
2026-08-21T19:40:00Z,1787341200,1.1994799999999999,1.19951,1.19945,1.1995,35,18,0
2026-08-21T19:45:00Z,1787341500,1.1995,1.19959,1.1994799999999999,1.19959,32,18,0
2026-08-21T19:50:00Z,1787341800,1.19959,1.19966,1.19947,1.19949,65,18,0
2026-08-21T19:55:00Z,1787342100,1.19949,1.19957,1.19947,1.1995,86,18,0
2026-08-21T20:00:00Z,1787342400,1.19947,1.1994799999999999,1.19936,1.19943,52,18,0
2026-08-21T20:05:00Z,1787342700,1.19943,1.1994799999999999,1.19926,1.19927,30,18,0
2026-08-21T20:10:00Z,1787343000,1.19927,1.19957,1.1992099999999999,1.19952,56,18,0
2026-08-21T20:15:00Z,1787343300,1.19952,1.19953,1.19944,1.1995,32,18,0
2026-08-21T20:20:00Z,1787343600,1.1995,1.19951,1.19944,1.19946,32,18,0
2026-08-21T20:25:00Z,1787343900,1.19946,1.19947,1.19917,1.1992099999999999,45,18,0
2026-08-21T20:30:00Z,1787344200,1.1992099999999999,1.19939,1.1992099999999999,1.19937,46,18,0
2026-08-21T20:35:00Z,1787344500,1.19937,1.19947,1.19934,1.19947,27,18,0
2026-08-21T20:40:00Z,1787344800,1.19947,1.19951,1.19939,1.19951,30,18,0
2026-08-21T20:45:00Z,1787345100,1.19951,1.19954,1.19931,1.19932,53,18,0
2026-08-21T20:50:00Z,1787345400,1.19929,1.1993800000000001,1.19929,1.19933,64,18,0
2026-08-21T20:55:00Z,1787345700,1.1993800000000001,1.19946,1.19898,1.19919,99,18,0
2026-08-23T21:10:00Z,1787519400,1.1978900000000001,1.19847,1.19761,1.19806,23,164,0
2026-08-23T21:15:00Z,1787519700,1.19842,1.19884,1.1984,1.19883,47,140,0
2026-08-23T21:20:00Z,1787520000,1.1988699999999999,1.1988699999999999,1.19771,1.19776,78,135,0
2026-08-23T21:25:00Z,1787520300,1.19777,1.19857,1.19772,1.19856,67,127,0
2026-08-23T21:30:00Z,1787520600,1.19856,1.19873,1.1973,1.19783,124,105,0
2026-08-23T21:35:00Z,1787520900,1.19782,1.19814,1.19766,1.19804,64,135,0
2026-08-23T21:40:00Z,1787521200,1.19804,1.19859,1.19804,1.19852,80,77,0
2026-08-23T21:45:00Z,1787521500,1.19852,1.19872,1.19852,1.1987,61,65,0
2026-08-23T21:50:00Z,1787521800,1.19866,1.19875,1.19856,1.19863,66,62,0
2026-08-23T21:55:00Z,1787522100,1.19863,1.1989,1.19839,1.1989,78,85,0
2026-08-23T22:00:00Z,1787522400,1.19917,1.19958,1.1989,1.19945,105,30,0
2026-08-23T22:05:00Z,1787522700,1.19946,1.19946,1.19901,1.1992099999999999,56,30,0
2026-08-23T22:10:00Z,1787523000,1.19922,1.1995,1.1992099999999999,1.1995,39,30,0
2026-08-23T22:15:00Z,1787523300,1.19951,1.19954,1.19943,1.19947,62,30,0
2026-08-23T22:20:00Z,1787523600,1.19947,1.1996,1.19942,1.19953,45,30,0
2026-08-23T22:25:00Z,1787523900,1.19953,1.19956,1.1994799999999999,1.1994799999999999,30,30,0
2026-08-23T22:30:00Z,1787524200,1.1994799999999999,1.19962,1.19947,1.19953,59,30,0
2026-08-23T22:35:00Z,1787524500,1.19953,1.19983,1.19943,1.1998199999999999,68,30,0
2026-08-23T22:40:00Z,1787524800,1.1998199999999999,1.19984,1.19979,1.19984,27,30,0
2026-08-23T22:45:00Z,1787525100,1.19984,1.2001,1.19984,1.2001,54,30,0
2026-08-23T22:50:00Z,1787525400,1.2001,1.2001,1.2000899999999999,1.2001,13,30,0
2026-08-23T22:55:00Z,1787525700,1.2001,1.20021,1.2000899999999999,1.2002,37,30,0
2026-08-23T23:00:00Z,1787526000,1.20026,1.2004,1.2002,1.20034,65,18,0
2026-08-23T23:05:00Z,1787526300,1.20034,1.20047,1.2003,1.20047,24,18,0
2026-08-23T23:10:00Z,1787526600,1.20047,1.20061,1.20047,1.20055,43,18,0
2026-08-23T23:15:00Z,1787526900,1.20055,1.20084,1.20053,1.2008,35,18,0
2026-08-23T23:20:00Z,1787527200,1.2008,1.20084,1.2004,1.2004,57,18,0
2026-08-23T23:25:00Z,1787527500,1.2004,1.2004299999999999,1.2003300000000001,1.20037,31,30,0
2026-08-23T23:30:00Z,1787527800,1.20037,1.20049,1.20034,1.20035,49,18,0
2026-08-23T23:35:00Z,1787528100,1.20035,1.20044,1.20031,1.20042,48,18,0
2026-08-23T23:40:00Z,1787528400,1.20042,1.20044,1.20031,1.20039,36,18,0
2026-08-23T23:45:00Z,1787528700,1.20039,1.20041,1.20017,1.20022,57,18,0
2026-08-23T23:50:00Z,1787529000,1.20022,1.20032,1.19983,1.19984,69,18,0
2026-08-23T23:55:00Z,1787529300,1.19984,1.19994,1.19974,1.19977,77,30,0
2026-08-24T00:00:00Z,1787529600,1.1998199999999999,1.19987,1.19954,1.19958,181,18,0
2026-08-24T00:05:00Z,1787529900,1.19957,1.19976,1.19954,1.19976,139,18,0
2026-08-24T00:10:00Z,1787530200,1.19975,1.19979,1.19928,1.19928,137,18,0
2026-08-24T00:15:00Z,1787530500,1.19931,1.19947,1.1992099999999999,1.19934,114,18,0
2026-08-24T00:20:00Z,1787530800,1.19935,1.19943,1.19913,1.19929,144,18,0
2026-08-24T00:25:00Z,1787531100,1.19929,1.19969,1.19916,1.19967,134,18,0
2026-08-24T00:30:00Z,1787531400,1.19967,1.19986,1.19956,1.19956,146,18,0
2026-08-24T00:35:00Z,1787531700,1.19954,1.19967,1.19922,1.19922,135,18,0
2026-08-24T00:40:00Z,1787532000,1.19922,1.19945,1.19903,1.19903,107,18,0
2026-08-24T00:45:00Z,1787532300,1.19903,1.1992,1.19896,1.19903,124,18,0
2026-08-24T00:50:00Z,1787532600,1.19905,1.19923,1.19904,1.19922,99,18,0
2026-08-24T00:55:00Z,1787532900,1.1992099999999999,1.19953,1.19915,1.19951,114,18,0
2026-08-24T01:00:00Z,1787533200,1.1995,1.19995,1.19934,1.19988,177,18,0
2026-08-24T01:05:00Z,1787533500,1.19988,1.20053,1.1998199999999999,1.20041,169,18,0
2026-08-24T01:10:00Z,1787533800,1.20041,1.20056,1.20022,1.20023,148,18,0
2026-08-24T01:15:00Z,1787534100,1.20024,1.20056,1.20024,1.20024,169,18,0
2026-08-24T01:20:00Z,1787534400,1.20023,1.20029,1.19989,1.19992,163,18,0
2026-08-24T01:25:00Z,1787534700,1.19992,1.20011,1.19983,1.19997,165,18,0
2026-08-24T01:30:00Z,1787535000,1.19997,1.20012,1.19981,1.19992,133,18,0
2026-08-24T01:35:00Z,1787535300,1.19994,1.2,1.19927,1.19927,149,18,0
2026-08-24T01:40:00Z,1787535600,1.19929,1.19944,1.19916,1.19924,127,18,0
2026-08-24T01:45:00Z,1787535900,1.19924,1.19954,1.19923,1.19928,128,18,0
2026-08-24T01:50:00Z,1787536200,1.19928,1.19958,1.19924,1.19932,143,18,0
2026-08-24T01:55:00Z,1787536500,1.19932,1.19946,1.19926,1.19936,140,18,0
2026-08-24T02:00:00Z,1787536800,1.19937,1.19968,1.19923,1.19956,165,18,0
2026-08-24T02:05:00Z,1787537100,1.19955,1.19987,1.19947,1.19964,161,18,0
2026-08-24T02:10:00Z,1787537400,1.19965,1.19966,1.1994799999999999,1.19951,134,18,0
2026-08-24T02:15:00Z,1787537700,1.19952,1.19956,1.1993800000000001,1.19947,152,18,0
2026-08-24T02:20:00Z,1787538000,1.19947,1.1995,1.19933,1.19933,119,18,0
2026-08-24T02:25:00Z,1787538300,1.19932,1.19951,1.1993,1.19942,109,18,0
2026-08-24T02:30:00Z,1787538600,1.19943,1.19953,1.19941,1.19951,93,18,0
2026-08-24T02:35:00Z,1787538900,1.19951,1.19954,1.19927,1.19927,94,18,0
2026-08-24T02:40:00Z,1787539200,1.19927,1.19931,1.19918,1.19925,87,18,0
2026-08-24T02:45:00Z,1787539500,1.19925,1.19932,1.19883,1.19884,124,18,0
2026-08-24T02:50:00Z,1787539800,1.19884,1.19929,1.19884,1.19915,140,18,0
2026-08-24T02:55:00Z,1787540100,1.19915,1.19932,1.19912,1.19917,127,18,0
2026-08-24T03:00:00Z,1787540400,1.19917,1.1993,1.19908,1.19926,103,18,0
2026-08-24T03:05:00Z,1787540700,1.19926,1.19955,1.19924,1.19955,114,18,0
2026-08-24T03:10:00Z,1787541000,1.19954,1.19969,1.19951,1.19959,128,18,0
2026-08-24T03:15:00Z,1787541300,1.19959,1.19971,1.1994799999999999,1.19971,87,18,0
2026-08-24T03:20:00Z,1787541600,1.19971,1.19987,1.19967,1.19968,101,18,0
2026-08-24T03:25:00Z,1787541900,1.19969,1.19974,1.19963,1.19971,104,18,0
2026-08-24T03:30:00Z,1787542200,1.1997200000000001,1.19975,1.19961,1.1997200000000001,83,18,0
2026-08-24T03:35:00Z,1787542500,1.1997200000000001,1.1997200000000001,1.19958,1.19964,92,18,0
2026-08-24T03:40:00Z,1787542800,1.19964,1.19968,1.19951,1.19951,80,18,0
2026-08-24T03:45:00Z,1787543100,1.19952,1.19961,1.19947,1.19947,97,18,0
2026-08-24T03:50:00Z,1787543400,1.19947,1.19956,1.19931,1.19931,82,18,0
2026-08-24T03:55:00Z,1787543700,1.19931,1.19935,1.19917,1.19919,100,18,0
2026-08-24T04:00:00Z,1787544000,1.19919,1.1993800000000001,1.19916,1.19928,91,18,0
2026-08-24T04:05:00Z,1787544300,1.19931,1.19935,1.1992,1.19934,91,18,0
2026-08-24T04:10:00Z,1787544600,1.19934,1.19937,1.19912,1.19922,112,18,0
2026-08-24T04:15:00Z,1787544900,1.19922,1.19932,1.19906,1.19912,106,18,0
2026-08-24T04:20:00Z,1787545200,1.19912,1.19953,1.19912,1.19919,109,18,0
2026-08-24T04:25:00Z,1787545500,1.19918,1.19919,1.19891,1.19916,129,18,0
2026-08-24T04:30:00Z,1787545800,1.19916,1.19942,1.19915,1.19941,101,18,0
2026-08-24T04:35:00Z,1787546100,1.19941,1.19946,1.19919,1.19919,114,18,0
2026-08-24T04:40:00Z,1787546400,1.19919,1.19953,1.19904,1.19953,92,18,0
2026-08-24T04:45:00Z,1787546700,1.19954,1.19965,1.19947,1.19965,96,18,0
2026-08-24T04:50:00Z,1787547000,1.19964,1.19968,1.1994,1.1994,93,18,0
2026-08-24T04:55:00Z,1787547300,1.19939,1.19946,1.19937,1.19942,84,18,0
2026-08-24T05:00:00Z,1787547600,1.19941,1.19953,1.19933,1.1993800000000001,95,18,0
2026-08-24T05:05:00Z,1787547900,1.1993800000000001,1.19961,1.1993800000000001,1.19957,83,18,0
2026-08-24T05:10:00Z,1787548200,1.19957,1.19966,1.19951,1.19963,87,18,0
2026-08-24T05:15:00Z,1787548500,1.19963,1.19989,1.19961,1.19987,87,18,0
2026-08-24T05:20:00Z,1787548800,1.19988,1.1999,1.19978,1.19981,80,18,0
2026-08-24T05:25:00Z,1787549100,1.19981,1.19988,1.19973,1.19979,63,18,0
2026-08-24T05:30:00Z,1787549400,1.1998,1.1999,1.19973,1.19973,98,18,0
2026-08-24T05:35:00Z,1787549700,1.19974,1.2000899999999999,1.1997200000000001,1.20002,107,18,0
2026-08-24T05:40:00Z,1787550000,1.20002,1.20005,1.19993,1.19995,73,18,0
2026-08-24T05:45:00Z,1787550300,1.19995,1.2,1.19986,1.1999,86,18,0
2026-08-24T05:50:00Z,1787550600,1.1999,1.19994,1.1998199999999999,1.19988,93,18,0
2026-08-24T05:55:00Z,1787550900,1.19985,1.19998,1.19975,1.19976,92,18,0
2026-08-24T06:00:00Z,1787551200,1.19976,1.19979,1.19937,1.1994,141,18,0
2026-08-24T06:05:00Z,1787551500,1.1994,1.19942,1.19925,1.19929,105,18,0
2026-08-24T06:10:00Z,1787551800,1.19928,1.19984,1.1992099999999999,1.19983,128,18,0
2026-08-24T06:15:00Z,1787552100,1.1998199999999999,1.19985,1.19955,1.19955,127,18,0
2026-08-24T06:20:00Z,1787552400,1.19955,1.19973,1.19943,1.19967,122,18,0
2026-08-24T06:25:00Z,1787552700,1.19964,1.19964,1.19941,1.19956,118,18,0
2026-08-24T06:30:00Z,1787553000,1.19954,1.19989,1.19954,1.19967,144,18,0
2026-08-24T06:35:00Z,1787553300,1.19967,1.19979,1.19963,1.19977,97,18,0
2026-08-24T06:40:00Z,1787553600,1.19977,1.19998,1.19969,1.19995,90,18,0
2026-08-24T06:45:00Z,1787553900,1.19995,1.20018,1.19992,1.20007,102,18,0
2026-08-24T06:50:00Z,1787554200,1.20006,1.20007,1.19975,1.19995,140,18,0
2026-08-24T06:55:00Z,1787554500,1.19995,1.20005,1.19989,1.19998,119,18,0
2026-08-24T07:00:00Z,1787554800,1.20001,1.20005,1.19981,1.19985,152,18,0
2026-08-24T07:05:00Z,1787555100,1.19984,1.2001,1.19981,1.20006,103,18,0
2026-08-24T07:10:00Z,1787555400,1.20006,1.20022,1.20005,1.20011,101,18,0
2026-08-24T07:15:00Z,1787555700,1.20011,1.20023,1.19994,1.20002,130,18,0
2026-08-24T07:20:00Z,1787556000,1.20001,1.20014,1.19993,1.20007,114,18,0
2026-08-24T07:25:00Z,1787556300,1.20008,1.20019,1.19997,1.19998,130,18,0
2026-08-24T07:30:00Z,1787556600,1.19998,1.20011,1.19989,1.2,133,18,0
2026-08-24T07:35:00Z,1787556900,1.20001,1.20007,1.19979,1.19987,111,18,0
2026-08-24T07:40:00Z,1787557200,1.19987,1.20034,1.1998199999999999,1.2003300000000001,156,18,0
2026-08-24T07:45:00Z,1787557500,1.20032,1.20046,1.20015,1.20041,141,18,0
2026-08-24T07:50:00Z,1787557800,1.20041,1.20045,1.20018,1.20023,158,18,0
2026-08-24T07:55:00Z,1787558100,1.20021,1.20029,1.2000899999999999,1.2002,132,18,0
2026-08-24T08:00:00Z,1787558400,1.20021,1.20024,1.20004,1.20007,141,18,0
2026-08-24T08:05:00Z,1787558700,1.20008,1.2003,1.20008,1.2003,143,18,0
2026-08-24T08:10:00Z,1787559000,1.20031,1.20048,1.20023,1.20042,133,18,0
2026-08-24T08:15:00Z,1787559300,1.20041,1.20041,1.20025,1.20029,136,18,0
2026-08-24T08:20:00Z,1787559600,1.20029,1.20037,1.20024,1.20031,96,18,0
2026-08-24T08:25:00Z,1787559900,1.20031,1.20055,1.20029,1.20051,123,18,0
2026-08-24T08:30:00Z,1787560200,1.20052,1.20064,1.20049,1.20055,114,18,0
2026-08-24T08:35:00Z,1787560500,1.20057,1.20066,1.2005,1.2005,87,18,0
2026-08-24T08:40:00Z,1787560800,1.20051,1.20059,1.2003,1.2003,102,18,0
2026-08-24T08:45:00Z,1787561100,1.2003,1.20038,1.2002,1.20029,109,18,0
2026-08-24T08:50:00Z,1787561400,1.20029,1.2003,1.19992,1.19993,87,18,0
2026-08-24T08:55:00Z,1787561700,1.19992,1.2000899999999999,1.19991,1.20008,114,18,0
2026-08-24T09:00:00Z,1787562000,1.20008,1.20008,1.19974,1.19977,91,18,0
2026-08-24T09:05:00Z,1787562300,1.19977,1.2000899999999999,1.19976,1.20006,88,18,0
2026-08-24T09:10:00Z,1787562600,1.20007,1.2002,1.20001,1.20004,83,18,0
2026-08-24T09:15:00Z,1787562900,1.20004,1.20004,1.19987,1.1999,82,18,0
2026-08-24T09:20:00Z,1787563200,1.1999,1.20003,1.19986,1.20003,77,18,0
2026-08-24T09:25:00Z,1787563500,1.2,1.20006,1.19995,1.20001,80,18,0
2026-08-24T09:30:00Z,1787563800,1.20001,1.20004,1.19992,1.19992,77,18,0
2026-08-24T09:35:00Z,1787564100,1.19992,1.20013,1.19985,1.2000899999999999,84,18,0
2026-08-24T09:40:00Z,1787564400,1.2000899999999999,1.2001,1.20003,1.20005,59,18,0
2026-08-24T09:45:00Z,1787564700,1.20005,1.20007,1.1999,1.20005,79,18,0
2026-08-24T09:50:00Z,1787565000,1.20007,1.2001,1.19996,1.20006,70,18,0
2026-08-24T09:55:00Z,1787565300,1.20006,1.20006,1.1998199999999999,1.19992,102,18,0
2026-08-24T10:00:00Z,1787565600,1.19994,1.20019,1.1999,1.20012,100,18,0
2026-08-24T10:05:00Z,1787565900,1.20012,1.20014,1.2,1.20002,79,18,0
2026-08-24T10:10:00Z,1787566200,1.20002,1.20014,1.1999900000000001,1.20008,74,18,0
2026-08-24T10:15:00Z,1787566500,1.20007,1.20016,1.19996,1.19997,91,18,0
2026-08-24T10:20:00Z,1787566800,1.19997,1.20008,1.19989,1.19991,97,18,0
2026-08-24T10:25:00Z,1787567100,1.19992,1.20004,1.19987,1.20002,101,18,0
2026-08-24T10:30:00Z,1787567400,1.20002,1.20008,1.19996,1.20005,94,18,0
2026-08-24T10:35:00Z,1787567700,1.20005,1.20016,1.1999900000000001,1.20014,88,18,0
2026-08-24T10:40:00Z,1787568000,1.20014,1.20022,1.20002,1.20014,99,18,0
2026-08-24T10:45:00Z,1787568300,1.20013,1.20045,1.20013,1.20042,99,18,0
2026-08-24T10:50:00Z,1787568600,1.20042,1.20054,1.20035,1.20053,114,18,0
2026-08-24T10:55:00Z,1787568900,1.20052,1.20077,1.20042,1.20077,100,18,0
2026-08-24T11:00:00Z,1787569200,1.2008,1.20088,1.20068,1.20088,135,18,0
2026-08-24T11:05:00Z,1787569500,1.20089,1.20095,1.20079,1.20084,81,18,0
2026-08-24T11:10:00Z,1787569800,1.20084,1.20098,1.2008,1.20088,91,18,0
2026-08-24T11:15:00Z,1787570100,1.20088,1.20096,1.20057,1.20059,110,18,0
2026-08-24T11:20:00Z,1787570400,1.20059,1.20083,1.20057,1.20071,97,18,0
2026-08-24T11:25:00Z,1787570700,1.20071,1.20103,1.20067,1.20101,98,18,0
2026-08-24T11:30:00Z,1787571000,1.20102,1.2012,1.20097,1.2011,144,18,0
2026-08-24T11:35:00Z,1787571300,1.20112,1.20125,1.20088,1.20123,238,18,0
2026-08-24T11:40:00Z,1787571600,1.20124,1.20133,1.2011,1.20116,145,18,0
2026-08-24T11:45:00Z,1787571900,1.20116,1.20126,1.20103,1.20125,131,18,0
2026-08-24T11:50:00Z,1787572200,1.20125,1.20135,1.20123,1.20129,113,18,0
2026-08-24T11:55:00Z,1787572500,1.2013099999999999,1.20149,1.20123,1.20137,132,18,0
2026-08-24T12:00:00Z,1787572800,1.20137,1.20151,1.20112,1.20119,159,18,0
2026-08-24T12:05:00Z,1787573100,1.20117,1.20145,1.20116,1.20135,132,18,0
2026-08-24T12:10:00Z,1787573400,1.20135,1.2014,1.20122,1.20132,113,18,0
2026-08-24T12:15:00Z,1787573700,1.2013099999999999,1.20132,1.20114,1.20115,104,18,0
2026-08-24T12:20:00Z,1787574000,1.20115,1.2012,1.20056,1.20061,160,18,0
2026-08-24T12:25:00Z,1787574300,1.20061,1.20074,1.20048,1.20074,121,18,0
2026-08-24T12:30:00Z,1787574600,1.20074,1.2010399999999999,1.20072,1.20073,145,18,0
2026-08-24T12:35:00Z,1787574900,1.20073,1.20084,1.2006000000000001,1.2006000000000001,130,18,0
2026-08-24T12:40:00Z,1787575200,1.2006000000000001,1.20068,1.20046,1.2005,146,18,0
2026-08-24T12:45:00Z,1787575500,1.2005,1.20071,1.2005,1.20063,122,18,0
2026-08-24T12:50:00Z,1787575800,1.20064,1.20065,1.2005,1.20052,99,18,0
2026-08-24T12:55:00Z,1787576100,1.20051,1.20066,1.20051,1.20065,97,18,0
2026-08-24T13:00:00Z,1787576400,1.20066,1.20066,1.20047,1.20061,119,18,0
2026-08-24T13:05:00Z,1787576700,1.20063,1.2006999999999999,1.20044,1.20051,112,18,0
2026-08-24T13:10:00Z,1787577000,1.20051,1.20084,1.20047,1.20065,132,18,0
2026-08-24T13:15:00Z,1787577300,1.20065,1.2006999999999999,1.20052,1.20057,120,18,0
2026-08-24T13:20:00Z,1787577600,1.20057,1.20075,1.20056,1.20074,110,18,0
2026-08-24T13:25:00Z,1787577900,1.20074,1.20088,1.2006999999999999,1.20088,111,18,0
2026-08-24T13:30:00Z,1787578200,1.20089,1.20089,1.2005,1.20066,149,18,0
2026-08-24T13:35:00Z,1787578500,1.20066,1.20069,1.20046,1.20051,152,18,0
2026-08-24T13:40:00Z,1787578800,1.20053,1.20071,1.20045,1.20062,169,18,0
2026-08-24T13:45:00Z,1787579100,1.2006000000000001,1.20064,1.20034,1.20034,146,18,0
2026-08-24T13:50:00Z,1787579400,1.20035,1.20038,1.20012,1.20022,138,18,0
2026-08-24T13:55:00Z,1787579700,1.20022,1.20054,1.20022,1.20054,146,18,0
2026-08-24T14:00:00Z,1787580000,1.20054,1.20058,1.20023,1.20024,167,18,0
2026-08-24T14:05:00Z,1787580300,1.20023,1.20042,1.20023,1.20036,127,18,0
2026-08-24T14:10:00Z,1787580600,1.20036,1.20049,1.20028,1.20034,126,18,0
2026-08-24T14:15:00Z,1787580900,1.20034,1.20045,1.20028,1.20045,141,18,0
2026-08-24T14:20:00Z,1787581200,1.20045,1.20046,1.20025,1.20026,122,18,0
2026-08-24T14:25:00Z,1787581500,1.20026,1.20044,1.20021,1.20021,118,18,0
2026-08-24T14:30:00Z,1787581800,1.20021,1.20046,1.2001,1.2003,140,18,0
2026-08-24T14:35:00Z,1787582100,1.2003,1.20049,1.2002,1.20047,141,18,0
2026-08-24T14:40:00Z,1787582400,1.20046,1.20048,1.20028,1.20028,113,18,0
2026-08-24T14:45:00Z,1787582700,1.20028,1.20045,1.20028,1.2003300000000001,100,18,0
2026-08-24T14:50:00Z,1787583000,1.2003300000000001,1.20045,1.2003,1.20045,123,18,0
2026-08-24T14:55:00Z,1787583300,1.20046,1.20059,1.20031,1.20052,159,18,0
2026-08-24T15:00:00Z,1787583600,1.20052,1.20061,1.20011,1.20018,140,18,0
2026-08-24T15:05:00Z,1787583900,1.20017,1.20022,1.20004,1.20018,114,18,0
2026-08-24T15:10:00Z,1787584200,1.20019,1.20037,1.20015,1.2003300000000001,107,18,0
2026-08-24T15:15:00Z,1787584500,1.2003300000000001,1.20049,1.20019,1.2003300000000001,132,18,0
2026-08-24T15:20:00Z,1787584800,1.2003300000000001,1.20042,1.20029,1.20036,101,18,0
2026-08-24T15:25:00Z,1787585100,1.20036,1.20037,1.19997,1.1999900000000001,153,18,0
2026-08-24T15:30:00Z,1787585400,1.1999900000000001,1.20023,1.19998,1.20016,111,18,0
2026-08-24T15:35:00Z,1787585700,1.20016,1.20016,1.19994,1.19998,110,18,0
2026-08-24T15:40:00Z,1787586000,1.1999900000000001,1.20013,1.19995,1.20013,101,18,0
2026-08-24T15:45:00Z,1787586300,1.20014,1.2004,1.20014,1.20027,107,18,0
2026-08-24T15:50:00Z,1787586600,1.20027,1.2004299999999999,1.2002,1.20021,103,18,0
2026-08-24T15:55:00Z,1787586900,1.20021,1.20055,1.20019,1.20051,108,18,0
2026-08-24T16:00:00Z,1787587200,1.20051,1.20059,1.20005,1.2000899999999999,172,18,0
2026-08-24T16:05:00Z,1787587500,1.2000899999999999,1.20028,1.20003,1.20028,122,18,0
2026-08-24T16:10:00Z,1787587800,1.20028,1.20031,1.20011,1.20019,110,18,0
2026-08-24T16:15:00Z,1787588100,1.20019,1.20026,1.20005,1.20018,112,18,0
2026-08-24T16:20:00Z,1787588400,1.20018,1.20021,1.20008,1.20017,77,18,0
2026-08-24T16:25:00Z,1787588700,1.20017,1.20017,1.2,1.2000899999999999,75,18,0
2026-08-24T16:30:00Z,1787589000,1.2000899999999999,1.2001,1.2,1.20004,76,18,0
2026-08-24T16:35:00Z,1787589300,1.20004,1.20007,1.19993,1.19996,61,18,0
2026-08-24T16:40:00Z,1787589600,1.19995,1.19998,1.19991,1.19993,69,18,0
2026-08-24T16:45:00Z,1787589900,1.19993,1.20008,1.19989,1.20005,79,18,0
2026-08-24T16:50:00Z,1787590200,1.20005,1.20011,1.19991,1.20005,83,18,0
2026-08-24T16:55:00Z,1787590500,1.20005,1.20005,1.19991,1.19995,104,18,0
2026-08-24T17:00:00Z,1787590800,1.19994,1.19997,1.19984,1.19995,96,18,0
2026-08-24T17:05:00Z,1787591100,1.19996,1.20001,1.19968,1.19979,145,18,0
2026-08-24T17:10:00Z,1787591400,1.1998,1.1999,1.1997,1.1997,132,18,0
2026-08-24T17:15:00Z,1787591700,1.1997,1.19992,1.19969,1.19989,135,18,0
2026-08-24T17:20:00Z,1787592000,1.1999,1.20012,1.19987,1.20007,158,18,0
2026-08-24T17:25:00Z,1787592300,1.20007,1.20007,1.19996,1.19996,103,18,0
2026-08-24T17:30:00Z,1787592600,1.19996,1.20001,1.19974,1.1998199999999999,99,18,0
2026-08-24T17:35:00Z,1787592900,1.1998199999999999,1.1999,1.19974,1.19977,76,18,0
2026-08-24T17:40:00Z,1787593200,1.19977,1.1998199999999999,1.19971,1.19979,75,18,0
2026-08-24T17:45:00Z,1787593500,1.19978,1.20001,1.19974,1.19994,86,18,0
2026-08-24T17:50:00Z,1787593800,1.19994,1.19995,1.19968,1.19969,78,18,0
2026-08-24T17:55:00Z,1787594100,1.1997,1.19974,1.19959,1.19967,91,18,0
2026-08-24T18:00:00Z,1787594400,1.19968,1.19974,1.19963,1.19966,100,18,0
2026-08-24T18:05:00Z,1787594700,1.19966,1.19979,1.19966,1.1997,93,18,0
2026-08-24T18:10:00Z,1787595000,1.1997,1.1997,1.19959,1.19963,71,18,0
2026-08-24T18:15:00Z,1787595300,1.19964,1.19987,1.19962,1.19985,99,18,0
2026-08-24T18:20:00Z,1787595600,1.19985,1.19996,1.19985,1.19995,65,18,0
2026-08-24T18:25:00Z,1787595900,1.19995,1.19995,1.19984,1.19986,77,18,0
2026-08-24T18:30:00Z,1787596200,1.19987,1.19994,1.19985,1.19994,73,18,0
2026-08-24T18:35:00Z,1787596500,1.19994,1.2,1.19992,1.19996,62,18,0
2026-08-24T18:40:00Z,1787596800,1.19995,1.20002,1.19994,1.19994,67,18,0
2026-08-24T18:45:00Z,1787597100,1.19994,1.19994,1.19985,1.1999,71,18,0
2026-08-24T18:50:00Z,1787597400,1.1999,1.19996,1.1998199999999999,1.19994,74,18,0
2026-08-24T18:55:00Z,1787597700,1.19994,1.19997,1.19973,1.1998199999999999,98,18,0
2026-08-24T19:00:00Z,1787598000,1.1998199999999999,1.19989,1.1998,1.19984,83,18,0
2026-08-24T19:05:00Z,1787598300,1.19984,1.19989,1.1998199999999999,1.19985,71,18,0
2026-08-24T19:10:00Z,1787598600,1.19984,1.19985,1.1997200000000001,1.19978,55,18,0
2026-08-24T19:15:00Z,1787598900,1.19978,1.1998,1.19974,1.19976,54,18,0
2026-08-24T19:20:00Z,1787599200,1.19977,1.19985,1.19974,1.19983,46,18,0
2026-08-24T19:25:00Z,1787599500,1.19984,1.19989,1.19984,1.19988,56,18,0
2026-08-24T19:30:00Z,1787599800,1.19988,1.19989,1.19981,1.19981,75,18,0
2026-08-24T19:35:00Z,1787600100,1.19981,1.19991,1.19981,1.19987,52,18,0
2026-08-24T19:40:00Z,1787600400,1.19987,1.19988,1.19974,1.19978,67,18,0
2026-08-24T19:45:00Z,1787600700,1.19978,1.1998,1.19971,1.19976,54,18,0
2026-08-24T19:50:00Z,1787601000,1.19975,1.19977,1.19965,1.19968,56,18,0
2026-08-24T19:55:00Z,1787601300,1.19969,1.19973,1.19965,1.1997,84,18,0
2026-08-24T20:00:00Z,1787601600,1.19971,1.1998199999999999,1.19967,1.19968,63,18,0
2026-08-24T20:05:00Z,1787601900,1.19968,1.19971,1.19964,1.19965,56,18,0
2026-08-24T20:10:00Z,1787602200,1.19966,1.19967,1.19959,1.19962,40,18,0
2026-08-24T20:15:00Z,1787602500,1.19963,1.1997,1.19963,1.19965,26,18,0
2026-08-24T20:20:00Z,1787602800,1.19965,1.1997200000000001,1.19964,1.19966,40,18,0
2026-08-24T20:25:00Z,1787603100,1.19966,1.1997200000000001,1.19965,1.19968,24,18,0
2026-08-24T20:30:00Z,1787603400,1.19969,1.19974,1.19965,1.19974,23,18,0
2026-08-24T20:35:00Z,1787603700,1.19974,1.1998,1.1997200000000001,1.19974,44,18,0
2026-08-24T20:40:00Z,1787604000,1.19974,1.19979,1.19973,1.19975,18,18,0
2026-08-24T20:45:00Z,1787604300,1.19975,1.19975,1.19959,1.19962,47,18,0
2026-08-24T20:50:00Z,1787604600,1.19963,1.19966,1.19961,1.19966,25,18,0
2026-08-24T20:55:00Z,1787604900,1.19967,1.19979,1.19965,1.19979,48,18,0
2026-08-24T21:05:00Z,1787605500,1.19979,1.19979,1.19976,1.19978,10,20,0
2026-08-24T21:10:00Z,1787605800,1.19978,1.19978,1.19963,1.19966,63,21,0
2026-08-24T21:15:00Z,1787606100,1.19965,1.19969,1.19959,1.19964,67,28,0
2026-08-24T21:20:00Z,1787606400,1.19963,1.1997200000000001,1.19961,1.19967,40,29,0
2026-08-24T21:25:00Z,1787606700,1.19966,1.19975,1.19966,1.19974,37,41,0
2026-08-24T21:30:00Z,1787607000,1.19975,1.19978,1.1997200000000001,1.19974,43,24,0
2026-08-24T21:35:00Z,1787607300,1.19974,1.19977,1.1997,1.19977,28,27,0
2026-08-24T21:40:00Z,1787607600,1.19977,1.19978,1.1997200000000001,1.19977,41,22,0
2026-08-24T21:45:00Z,1787607900,1.19977,1.19978,1.19966,1.19967,49,24,0
2026-08-24T21:50:00Z,1787608200,1.19968,1.19969,1.19959,1.19963,131,32,0
2026-08-24T21:55:00Z,1787608500,1.19963,1.19977,1.19963,1.19968,37,24,0
2026-08-24T22:00:00Z,1787608800,1.19969,1.19975,1.19958,1.1996,41,21,0
2026-08-24T22:05:00Z,1787609100,1.1996,1.19962,1.19955,1.19956,24,30,0
2026-08-24T22:10:00Z,1787609400,1.19956,1.19966,1.19952,1.19953,37,30,0
2026-08-24T22:15:00Z,1787609700,1.19953,1.19954,1.19949,1.19952,15,30,0
2026-08-24T22:20:00Z,1787610000,1.19952,1.19954,1.1995,1.19954,15,30,0
2026-08-24T22:25:00Z,1787610300,1.19954,1.19955,1.19949,1.19949,12,30,0
2026-08-24T22:30:00Z,1787610600,1.19949,1.19956,1.19947,1.1994799999999999,27,30,0
2026-08-24T22:35:00Z,1787610900,1.1994799999999999,1.19949,1.19943,1.19944,24,30,0
2026-08-24T22:40:00Z,1787611200,1.19944,1.1994799999999999,1.19931,1.1993800000000001,43,30,0
2026-08-24T22:45:00Z,1787611500,1.1993800000000001,1.19939,1.19926,1.19928,20,30,0
2026-08-24T22:50:00Z,1787611800,1.19928,1.1993800000000001,1.19927,1.1993800000000001,28,30,0
2026-08-24T22:55:00Z,1787612100,1.1993800000000001,1.19946,1.19935,1.19935,29,18,0
2026-08-24T23:00:00Z,1787612400,1.19941,1.19941,1.19901,1.19907,44,18,0
2026-08-24T23:05:00Z,1787612700,1.19907,1.19918,1.19906,1.19916,27,18,0
2026-08-24T23:10:00Z,1787613000,1.19916,1.19917,1.19909,1.19917,28,18,0
2026-08-24T23:15:00Z,1787613300,1.19917,1.19925,1.1991100000000001,1.19925,36,18,0
2026-08-24T23:20:00Z,1787613600,1.19925,1.19933,1.19925,1.19927,22,18,0
2026-08-24T23:25:00Z,1787613900,1.19927,1.19933,1.19922,1.1993,33,18,0
2026-08-24T23:30:00Z,1787614200,1.1993,1.1993800000000001,1.19923,1.1993800000000001,49,18,0
2026-08-24T23:35:00Z,1787614500,1.1993800000000001,1.19943,1.19927,1.19936,43,18,0
2026-08-24T23:40:00Z,1787614800,1.19936,1.19936,1.19926,1.19935,28,18,0
2026-08-24T23:45:00Z,1787615100,1.19935,1.1993800000000001,1.1991100000000001,1.1991100000000001,31,18,0
2026-08-24T23:50:00Z,1787615400,1.1991100000000001,1.19922,1.199,1.1992,50,18,0
2026-08-24T23:55:00Z,1787615700,1.19913,1.19929,1.19912,1.19915,66,18,0
2026-08-25T00:00:00Z,1787616000,1.19915,1.19922,1.19902,1.19922,124,18,0
2026-08-25T00:05:00Z,1787616300,1.19922,1.19953,1.19917,1.1994799999999999,112,18,0
2026-08-25T00:10:00Z,1787616600,1.1994799999999999,1.19953,1.19937,1.19946,108,18,0
2026-08-25T00:15:00Z,1787616900,1.19945,1.19949,1.19931,1.19947,87,18,0
2026-08-25T00:20:00Z,1787617200,1.19946,1.19971,1.19942,1.19961,83,18,0
2026-08-25T00:25:00Z,1787617500,1.19961,1.19964,1.19957,1.19961,60,18,0
2026-08-25T00:30:00Z,1787617800,1.19962,1.1998199999999999,1.19958,1.19976,104,18,0
2026-08-25T00:35:00Z,1787618100,1.19977,1.2001,1.19977,1.20008,91,18,0
2026-08-25T00:40:00Z,1787618400,1.20008,1.20008,1.1999,1.19995,87,18,0
2026-08-25T00:45:00Z,1787618700,1.19995,1.20004,1.19981,1.19985,101,18,0
2026-08-25T00:50:00Z,1787619000,1.19983,1.19983,1.19968,1.19983,119,18,0
2026-08-25T00:55:00Z,1787619300,1.1998,1.20005,1.19976,1.20003,93,18,0
2026-08-25T01:00:00Z,1787619600,1.20004,1.20045,1.20003,1.20045,145,18,0
2026-08-25T01:05:00Z,1787619900,1.20044,1.20056,1.2003,1.20047,118,18,0
2026-08-25T01:10:00Z,1787620200,1.20047,1.20058,1.2004,1.2005,119,18,0
2026-08-25T01:15:00Z,1787620500,1.2005,1.20051,1.20028,1.2004,121,18,0
2026-08-25T01:20:00Z,1787620800,1.2004,1.20044,1.20028,1.20041,86,18,0
2026-08-25T01:25:00Z,1787621100,1.2004,1.20055,1.20028,1.20052,99,18,0
2026-08-25T01:30:00Z,1787621400,1.20053,1.20053,1.2001,1.20031,119,18,0
2026-08-25T01:35:00Z,1787621700,1.20031,1.20039,1.20022,1.20036,119,18,0
2026-08-25T01:40:00Z,1787622000,1.20039,1.20048,1.20034,1.20037,94,18,0
2026-08-25T01:45:00Z,1787622300,1.20038,1.20047,1.20034,1.2004299999999999,73,18,0
2026-08-25T01:50:00Z,1787622600,1.2004299999999999,1.20045,1.20024,1.20024,77,18,0
2026-08-25T01:55:00Z,1787622900,1.20024,1.20028,1.19997,1.2000899999999999,94,18,0
2026-08-25T02:00:00Z,1787623200,1.2000899999999999,1.20047,1.20003,1.20036,98,18,0
2026-08-25T02:05:00Z,1787623500,1.20037,1.20038,1.20003,1.20005,96,18,0
2026-08-25T02:10:00Z,1787623800,1.20005,1.2003300000000001,1.2,1.2003,82,18,0
2026-08-25T02:15:00Z,1787624100,1.2003,1.2003300000000001,1.20008,1.20008,77,18,0
2026-08-25T02:20:00Z,1787624400,1.20008,1.20012,1.19981,1.19983,78,18,0
2026-08-25T02:25:00Z,1787624700,1.19983,1.19987,1.1997200000000001,1.19973,67,18,0
2026-08-25T02:30:00Z,1787625000,1.19976,1.19991,1.19966,1.19966,95,18,0
2026-08-25T02:35:00Z,1787625300,1.19966,1.1997200000000001,1.1996,1.19966,85,18,0
2026-08-25T02:40:00Z,1787625600,1.19967,1.19996,1.19965,1.19989,84,18,0
2026-08-25T02:45:00Z,1787625900,1.19989,1.20002,1.19985,1.19996,89,18,0
2026-08-25T02:50:00Z,1787626200,1.19996,1.2,1.19981,1.1999,109,18,0
2026-08-25T02:55:00Z,1787626500,1.1999,1.19993,1.19965,1.19968,96,18,0
2026-08-25T03:00:00Z,1787626800,1.19967,1.20001,1.19964,1.1999900000000001,106,18,0
2026-08-25T03:05:00Z,1787627100,1.1999900000000001,1.20018,1.19997,1.20008,107,18,0
2026-08-25T03:10:00Z,1787627400,1.20011,1.20022,1.19981,1.19981,100,18,0
2026-08-25T03:15:00Z,1787627700,1.19981,1.19994,1.19978,1.19987,74,18,0
2026-08-25T03:20:00Z,1787628000,1.19987,1.1999,1.19978,1.19979,58,18,0
2026-08-25T03:25:00Z,1787628300,1.19978,1.19984,1.1997,1.19975,75,18,0
2026-08-25T03:30:00Z,1787628600,1.19975,1.19981,1.19967,1.1997,62,18,0
2026-08-25T03:35:00Z,1787628900,1.1997,1.19983,1.19964,1.19977,80,18,0
2026-08-25T03:40:00Z,1787629200,1.19975,1.19975,1.19956,1.19964,67,18,0
2026-08-25T03:45:00Z,1787629500,1.19965,1.19974,1.19959,1.19959,61,18,0
2026-08-25T03:50:00Z,1787629800,1.19959,1.19987,1.19959,1.19986,58,18,0
2026-08-25T03:55:00Z,1787630100,1.19986,1.19991,1.19979,1.19984,55,18,0
2026-08-25T04:00:00Z,1787630400,1.19984,1.19986,1.19959,1.19965,72,18,0
2026-08-25T04:05:00Z,1787630700,1.19965,1.19968,1.19953,1.19954,74,18,0
2026-08-25T04:10:00Z,1787631000,1.19957,1.19961,1.19928,1.1994,84,18,0
2026-08-25T04:15:00Z,1787631300,1.19942,1.19952,1.19937,1.19943,66,18,0
2026-08-25T04:20:00Z,1787631600,1.19943,1.19946,1.19932,1.19933,55,18,0
2026-08-25T04:25:00Z,1787631900,1.19934,1.19943,1.1993,1.19942,57,18,0
2026-08-25T04:30:00Z,1787632200,1.19943,1.19964,1.19942,1.1995,85,18,0
2026-08-25T04:35:00Z,1787632500,1.19951,1.19956,1.19946,1.19955,53,18,0
2026-08-25T04:40:00Z,1787632800,1.19955,1.19957,1.19949,1.19956,52,18,0
2026-08-25T04:45:00Z,1787633100,1.19956,1.19986,1.19954,1.19986,54,18,0
2026-08-25T04:50:00Z,1787633400,1.19986,1.19992,1.1998,1.19988,70,18,0
2026-08-25T04:55:00Z,1787633700,1.19988,1.2000899999999999,1.19988,1.20008,45,18,0
2026-08-25T05:00:00Z,1787634000,1.20008,1.2002,1.20008,1.20014,73,18,0
2026-08-25T05:05:00Z,1787634300,1.20013,1.20031,1.20011,1.20028,58,18,0
2026-08-25T05:10:00Z,1787634600,1.20028,1.2003,1.20016,1.20018,57,18,0
2026-08-25T05:15:00Z,1787634900,1.20018,1.2003300000000001,1.20014,1.20025,50,18,0
2026-08-25T05:20:00Z,1787635200,1.20025,1.2004,1.20024,1.20039,41,18,0
2026-08-25T05:25:00Z,1787635500,1.20039,1.20071,1.20039,1.20064,74,18,0
2026-08-25T05:30:00Z,1787635800,1.20062,1.20084,1.20057,1.20083,101,18,0
2026-08-25T05:35:00Z,1787636100,1.20083,1.20083,1.20063,1.20065,63,18,0
2026-08-25T05:40:00Z,1787636400,1.20065,1.20102,1.20064,1.20076,100,18,0
2026-08-25T05:45:00Z,1787636700,1.20075,1.20084,1.20066,1.20071,62,18,0
2026-08-25T05:50:00Z,1787637000,1.20072,1.20079,1.20062,1.20066,65,18,0
2026-08-25T05:55:00Z,1787637300,1.20063,1.20078,1.20046,1.20071,133,18,0
2026-08-25T06:00:00Z,1787637600,1.20071,1.20091,1.20063,1.20065,131,18,0
2026-08-25T06:05:00Z,1787637900,1.20066,1.20066,1.20049,1.2006000000000001,93,18,0
2026-08-25T06:10:00Z,1787638200,1.2006000000000001,1.2006000000000001,1.20039,1.2004,81,18,0
2026-08-25T06:15:00Z,1787638500,1.2004299999999999,1.2005,1.20011,1.20014,81,18,0
2026-08-25T06:20:00Z,1787638800,1.20014,1.20019,1.1999900000000001,1.1999900000000001,70,18,0
2026-08-25T06:25:00Z,1787639100,1.19998,1.20001,1.19977,1.19983,89,18,0
2026-08-25T06:30:00Z,1787639400,1.1998199999999999,1.20026,1.1998199999999999,1.20007,120,18,0
2026-08-25T06:35:00Z,1787639700,1.20007,1.20008,1.19998,1.20004,91,18,0
2026-08-25T06:40:00Z,1787640000,1.20005,1.2000899999999999,1.1998,1.19988,85,18,0
2026-08-25T06:45:00Z,1787640300,1.19989,1.19998,1.19986,1.19992,60,18,0
2026-08-25T06:50:00Z,1787640600,1.19991,1.20014,1.19989,1.20008,99,18,0
2026-08-25T06:55:00Z,1787640900,1.20008,1.20014,1.2,1.20011,78,18,0
2026-08-25T07:00:00Z,1787641200,1.2001,1.20019,1.19992,1.20002,121,18,0
2026-08-25T07:05:00Z,1787641500,1.2,1.20011,1.1999,1.2000899999999999,104,18,0
2026-08-25T07:10:00Z,1787641800,1.2000899999999999,1.20012,1.20001,1.20004,76,18,0
2026-08-25T07:15:00Z,1787642100,1.20005,1.20008,1.19989,1.19997,108,18,0
2026-08-25T07:20:00Z,1787642400,1.19997,1.20031,1.19996,1.2003,74,18,0
2026-08-25T07:25:00Z,1787642700,1.2003,1.20051,1.20029,1.2004299999999999,100,18,0
2026-08-25T07:30:00Z,1787643000,1.2004299999999999,1.20062,1.2004,1.20061,92,18,0
2026-08-25T07:35:00Z,1787643300,1.20061,1.20062,1.20039,1.2005,100,18,0
2026-08-25T07:40:00Z,1787643600,1.2005,1.20064,1.20048,1.20051,84,18,0
2026-08-25T07:45:00Z,1787643900,1.20051,1.20059,1.20037,1.20037,92,18,0
2026-08-25T07:50:00Z,1787644200,1.20038,1.20047,1.20025,1.20046,86,18,0
2026-08-25T07:55:00Z,1787644500,1.20049,1.2005,1.20035,1.20035,72,18,0
2026-08-25T08:00:00Z,1787644800,1.20036,1.20041,1.2002,1.20023,122,18,0
2026-08-25T08:05:00Z,1787645100,1.20023,1.20049,1.20019,1.20044,103,18,0
2026-08-25T08:10:00Z,1787645400,1.20045,1.20045,1.20012,1.20027,124,18,0
2026-08-25T08:15:00Z,1787645700,1.20027,1.2003,1.19991,1.20004,119,18,0
2026-08-25T08:20:00Z,1787646000,1.20001,1.20007,1.19987,1.19993,143,18,0
2026-08-25T08:25:00Z,1787646300,1.19993,1.20019,1.1999,1.20018,150,18,0
2026-08-25T08:30:00Z,1787646600,1.20018,1.20036,1.19992,1.20007,128,18,0
2026-08-25T08:35:00Z,1787646900,1.20006,1.2003,1.20006,1.20017,119,18,0
2026-08-25T08:40:00Z,1787647200,1.20016,1.20024,1.20012,1.20023,108,18,0
2026-08-25T08:45:00Z,1787647500,1.20024,1.20038,1.20024,1.20032,100,18,0
2026-08-25T08:50:00Z,1787647800,1.20032,1.20052,1.20031,1.20049,98,18,0
2026-08-25T08:55:00Z,1787648100,1.20049,1.20055,1.2004,1.2004299999999999,92,18,0
2026-08-25T09:00:00Z,1787648400,1.2004299999999999,1.20048,1.20021,1.20022,132,18,0
2026-08-25T09:05:00Z,1787648700,1.20023,1.20023,1.19989,1.19989,104,18,0
2026-08-25T09:10:00Z,1787649000,1.19989,1.19998,1.19964,1.19971,116,18,0
2026-08-25T09:15:00Z,1787649300,1.1997200000000001,1.20004,1.1997200000000001,1.20004,109,18,0
2026-08-25T09:20:00Z,1787649600,1.20004,1.20005,1.19995,1.20002,76,18,0
2026-08-25T09:25:00Z,1787649900,1.20003,1.20023,1.19995,1.20023,104,18,0
2026-08-25T09:30:00Z,1787650200,1.20021,1.20021,1.19987,1.19996,132,18,0
2026-08-25T09:35:00Z,1787650500,1.19997,1.20011,1.19989,1.20006,139,18,0
2026-08-25T09:40:00Z,1787650800,1.20004,1.20022,1.20003,1.20022,118,18,0
2026-08-25T09:45:00Z,1787651100,1.2002,1.20027,1.19997,1.20007,93,18,0
2026-08-25T09:50:00Z,1787651400,1.2000899999999999,1.20012,1.19994,1.19998,105,18,0
2026-08-25T09:55:00Z,1787651700,1.19996,1.20004,1.1999,1.2,110,18,0
2026-08-25T10:00:00Z,1787652000,1.2,1.20004,1.19984,1.1999,107,18,0
2026-08-25T10:05:00Z,1787652300,1.19991,1.20003,1.1998199999999999,1.19998,96,18,0
2026-08-25T10:10:00Z,1787652600,1.19998,1.20014,1.19998,1.20004,82,18,0
2026-08-25T10:15:00Z,1787652900,1.20004,1.20007,1.19987,1.20001,74,18,0
2026-08-25T10:20:00Z,1787653200,1.2,1.2001,1.19996,1.20002,69,18,0
2026-08-25T10:25:00Z,1787653500,1.20001,1.20013,1.19994,1.20012,82,18,0
2026-08-25T10:30:00Z,1787653800,1.2001,1.20012,1.20002,1.20007,88,18,0
2026-08-25T10:35:00Z,1787654100,1.20007,1.20007,1.19975,1.19975,77,18,0
2026-08-25T10:40:00Z,1787654400,1.19976,1.19976,1.19958,1.19963,87,18,0
2026-08-25T10:45:00Z,1787654700,1.19964,1.19971,1.19959,1.19959,67,18,0
2026-08-25T10:50:00Z,1787655000,1.19959,1.1997,1.19957,1.19968,80,18,0
2026-08-25T10:55:00Z,1787655300,1.19968,1.19971,1.1995,1.19955,77,18,0
2026-08-25T11:00:00Z,1787655600,1.19955,1.19957,1.19934,1.19936,98,18,0
2026-08-25T11:05:00Z,1787655900,1.19936,1.19936,1.19916,1.19933,90,18,0
2026-08-25T11:10:00Z,1787656200,1.19932,1.19932,1.19912,1.1992,96,18,0
2026-08-25T11:15:00Z,1787656500,1.1992099999999999,1.19927,1.19915,1.19922,95,18,0
2026-08-25T11:20:00Z,1787656800,1.19922,1.19927,1.1991,1.19918,102,18,0
2026-08-25T11:25:00Z,1787657100,1.19918,1.19932,1.19913,1.19931,82,18,0
2026-08-25T11:30:00Z,1787657400,1.1993,1.19937,1.19913,1.19931,106,18,0
2026-08-25T11:35:00Z,1787657700,1.1993,1.19935,1.19918,1.19919,79,18,0
2026-08-25T11:40:00Z,1787658000,1.19919,1.19923,1.19909,1.19909,69,18,0
2026-08-25T11:45:00Z,1787658300,1.19909,1.1991,1.19902,1.19904,78,18,0
2026-08-25T11:50:00Z,1787658600,1.19904,1.19922,1.19884,1.1992099999999999,102,18,0
2026-08-25T11:55:00Z,1787658900,1.1992,1.19922,1.1991,1.19913,89,18,0
2026-08-25T12:00:00Z,1787659200,1.19913,1.19927,1.19908,1.19917,114,18,0
2026-08-25T12:05:00Z,1787659500,1.19916,1.19923,1.19895,1.19895,129,18,0
2026-08-25T12:10:00Z,1787659800,1.19895,1.19898,1.19882,1.19894,114,18,0
2026-08-25T12:15:00Z,1787660100,1.19894,1.19922,1.19893,1.19918,101,18,0
2026-08-25T12:20:00Z,1787660400,1.19917,1.19925,1.19904,1.19912,111,18,0
2026-08-25T12:25:00Z,1787660700,1.19914,1.19922,1.19907,1.19915,77,18,0
2026-08-25T12:30:00Z,1787661000,1.19915,1.19936,1.19909,1.19934,96,18,0
2026-08-25T12:35:00Z,1787661300,1.19934,1.19949,1.19923,1.19946,104,18,0
2026-08-25T12:40:00Z,1787661600,1.19946,1.19953,1.19936,1.19946,95,18,0
2026-08-25T12:45:00Z,1787661900,1.19944,1.19958,1.19941,1.19954,102,18,0
2026-08-25T12:50:00Z,1787662200,1.19955,1.19957,1.19928,1.19931,87,18,0
2026-08-25T12:55:00Z,1787662500,1.19931,1.19933,1.19922,1.19928,81,18,0
2026-08-25T13:00:00Z,1787662800,1.19928,1.19954,1.19928,1.19943,127,18,0
2026-08-25T13:05:00Z,1787663100,1.19945,1.1997200000000001,1.19943,1.19971,120,18,0
2026-08-25T13:10:00Z,1787663400,1.19971,1.19974,1.19959,1.19974,159,18,0
2026-08-25T13:15:00Z,1787663700,1.19973,1.19992,1.19968,1.19987,121,18,0
2026-08-25T13:20:00Z,1787664000,1.19987,1.20001,1.19987,1.19991,116,18,0
2026-08-25T13:25:00Z,1787664300,1.19991,1.19992,1.19962,1.19962,116,18,0
2026-08-25T13:30:00Z,1787664600,1.1996,1.19962,1.19942,1.19945,148,18,0
2026-08-25T13:35:00Z,1787664900,1.19946,1.19966,1.19946,1.19962,123,18,0
2026-08-25T13:40:00Z,1787665200,1.19962,1.19962,1.19928,1.19939,121,18,0
2026-08-25T13:45:00Z,1787665500,1.19939,1.19964,1.19939,1.19957,123,18,0
2026-08-25T13:50:00Z,1787665800,1.19957,1.19957,1.19943,1.19955,107,18,0
2026-08-25T13:55:00Z,1787666100,1.19957,1.19959,1.19941,1.19943,103,18,0
2026-08-25T14:00:00Z,1787666400,1.19944,1.19968,1.19944,1.19962,146,18,0
2026-08-25T14:05:00Z,1787666700,1.19962,1.19966,1.19951,1.19964,125,18,0
2026-08-25T14:10:00Z,1787667000,1.19962,1.1997,1.19926,1.19928,111,18,0
2026-08-25T14:15:00Z,1787667300,1.19928,1.1993,1.19913,1.19918,124,18,0
2026-08-25T14:20:00Z,1787667600,1.19918,1.19925,1.19906,1.19909,111,18,0
2026-08-25T14:25:00Z,1787667900,1.19908,1.19913,1.19898,1.19903,100,18,0
2026-08-25T14:30:00Z,1787668200,1.19904,1.19917,1.19897,1.19915,150,18,0
2026-08-25T14:35:00Z,1787668500,1.19914,1.19931,1.1991,1.19928,100,18,0
2026-08-25T14:40:00Z,1787668800,1.19929,1.19937,1.19898,1.19898,130,18,0
2026-08-25T14:45:00Z,1787669100,1.19898,1.19926,1.19898,1.1992,129,18,0
2026-08-25T14:50:00Z,1787669400,1.1992,1.19934,1.19894,1.19894,133,18,0
2026-08-25T14:55:00Z,1787669700,1.19892,1.19894,1.19858,1.19884,180,18,0
2026-08-25T15:00:00Z,1787670000,1.19883,1.19913,1.19883,1.19893,123,18,0
2026-08-25T15:05:00Z,1787670300,1.19894,1.19898,1.1985999999999999,1.1985999999999999,98,18,0
2026-08-25T15:10:00Z,1787670600,1.19859,1.19876,1.19851,1.19865,93,18,0
2026-08-25T15:15:00Z,1787670900,1.19865,1.19874,1.19861,1.19862,82,18,0
2026-08-25T15:20:00Z,1787671200,1.19862,1.19875,1.1985999999999999,1.19873,93,18,0
2026-08-25T15:25:00Z,1787671500,1.19874,1.19889,1.19871,1.1988699999999999,93,18,0
2026-08-25T15:30:00Z,1787671800,1.1988699999999999,1.1988699999999999,1.1985000000000001,1.19852,126,18,0
2026-08-25T15:35:00Z,1787672100,1.19852,1.19868,1.19851,1.19861,135,18,0
2026-08-25T15:40:00Z,1787672400,1.19861,1.19876,1.19858,1.19864,102,18,0
2026-08-25T15:45:00Z,1787672700,1.19864,1.19884,1.19864,1.19884,93,18,0
2026-08-25T15:50:00Z,1787673000,1.19884,1.19893,1.19875,1.1989,75,18,0
2026-08-25T15:55:00Z,1787673300,1.19891,1.19895,1.19886,1.19893,83,18,0
2026-08-25T16:00:00Z,1787673600,1.19894,1.1991100000000001,1.1989,1.1991,102,18,0
2026-08-25T16:05:00Z,1787673900,1.1991100000000001,1.19922,1.19906,1.19918,105,18,0
2026-08-25T16:10:00Z,1787674200,1.19918,1.1992099999999999,1.19894,1.19896,87,18,0
2026-08-25T16:15:00Z,1787674500,1.19897,1.19897,1.1987700000000001,1.1987700000000001,72,18,0
2026-08-25T16:20:00Z,1787674800,1.1987700000000001,1.19879,1.19871,1.19876,60,18,0
2026-08-25T16:25:00Z,1787675100,1.19875,1.19876,1.19867,1.19868,84,18,0
2026-08-25T16:30:00Z,1787675400,1.19867,1.1987700000000001,1.19864,1.19874,68,18,0
2026-08-25T16:35:00Z,1787675700,1.19874,1.19879,1.19873,1.1987700000000001,53,18,0
2026-08-25T16:40:00Z,1787676000,1.1987700000000001,1.19879,1.19868,1.19873,60,18,0
2026-08-25T16:45:00Z,1787676300,1.19873,1.1988,1.19871,1.1987700000000001,50,18,0
2026-08-25T16:50:00Z,1787676600,1.1987700000000001,1.19884,1.19873,1.19875,57,18,0
2026-08-25T16:55:00Z,1787676900,1.19875,1.19875,1.19855,1.19858,71,18,0
2026-08-25T17:00:00Z,1787677200,1.19858,1.19875,1.19857,1.1985999999999999,80,18,0
2026-08-25T17:05:00Z,1787677500,1.19862,1.1988,1.19861,1.19878,77,18,0
2026-08-25T17:10:00Z,1787677800,1.19878,1.19878,1.19865,1.19867,70,18,0
2026-08-25T17:15:00Z,1787678100,1.19867,1.19871,1.1985000000000001,1.19852,69,18,0
2026-08-25T17:20:00Z,1787678400,1.19852,1.19859,1.19852,1.19858,56,18,0
2026-08-25T17:25:00Z,1787678700,1.19858,1.19858,1.19846,1.19849,77,18,0
2026-08-25T17:30:00Z,1787679000,1.19849,1.19858,1.19849,1.19858,57,18,0
2026-08-25T17:35:00Z,1787679300,1.19857,1.19859,1.19851,1.19854,65,18,0
2026-08-25T17:40:00Z,1787679600,1.19854,1.19857,1.19847,1.19849,47,18,0
2026-08-25T17:45:00Z,1787679900,1.19848,1.1985000000000001,1.19839,1.19843,52,18,0
2026-08-25T17:50:00Z,1787680200,1.19843,1.19844,1.19836,1.19839,59,18,0
2026-08-25T17:55:00Z,1787680500,1.1984,1.19841,1.19824,1.19824,60,18,0
2026-08-25T18:00:00Z,1787680800,1.19824,1.19837,1.19824,1.19829,53,18,0
2026-08-25T18:05:00Z,1787681100,1.19828,1.19829,1.19819,1.1982,50,18,0
2026-08-25T18:10:00Z,1787681400,1.1982,1.19823,1.19807,1.19823,58,18,0
2026-08-25T18:15:00Z,1787681700,1.19823,1.19843,1.1982,1.19842,66,18,0
2026-08-25T18:20:00Z,1787682000,1.19842,1.19851,1.19842,1.19845,53,18,0
2026-08-25T18:25:00Z,1787682300,1.19844,1.19844,1.19831,1.19832,59,18,0
2026-08-25T18:30:00Z,1787682600,1.19832,1.19842,1.1983,1.19842,40,18,0
2026-08-25T18:35:00Z,1787682900,1.19842,1.19853,1.1984,1.19851,54,18,0
2026-08-25T18:40:00Z,1787683200,1.19851,1.19853,1.19845,1.1985000000000001,49,18,0
2026-08-25T18:45:00Z,1787683500,1.1985000000000001,1.19858,1.1985000000000001,1.19851,64,18,0
2026-08-25T18:50:00Z,1787683800,1.19851,1.1985999999999999,1.19846,1.19857,56,18,0
2026-08-25T18:55:00Z,1787684100,1.19857,1.19857,1.19846,1.19851,72,18,0
2026-08-25T19:00:00Z,1787684400,1.19851,1.19853,1.19837,1.19837,65,18,0
2026-08-25T19:05:00Z,1787684700,1.19837,1.19839,1.19829,1.19831,57,18,0
2026-08-25T19:10:00Z,1787685000,1.1983,1.19832,1.19827,1.19829,59,18,0
2026-08-25T19:15:00Z,1787685300,1.1983,1.19832,1.19815,1.19822,84,18,0
2026-08-25T19:20:00Z,1787685600,1.19821,1.19827,1.19815,1.1982,78,18,0
2026-08-25T19:25:00Z,1787685900,1.19819,1.19832,1.19818,1.19831,68,18,0
2026-08-25T19:30:00Z,1787686200,1.19831,1.19831,1.1982,1.1982,61,18,0
2026-08-25T19:35:00Z,1787686500,1.1982,1.1982,1.19806,1.19809,61,18,0
2026-08-25T19:40:00Z,1787686800,1.1981,1.1981600000000001,1.19809,1.1981600000000001,65,18,0
2026-08-25T19:45:00Z,1787687100,1.1981600000000001,1.19839,1.19815,1.19838,61,18,0
2026-08-25T19:50:00Z,1787687400,1.19838,1.19846,1.19815,1.19823,128,18,0
2026-08-25T19:55:00Z,1787687700,1.19822,1.19828,1.19795,1.19806,120,18,0
2026-08-25T20:00:00Z,1787688000,1.19805,1.19817,1.19805,1.19811,84,18,0
2026-08-25T20:05:00Z,1787688300,1.1981,1.1981600000000001,1.19803,1.19803,52,18,0
2026-08-25T20:10:00Z,1787688600,1.19802,1.19823,1.1979899999999999,1.19822,71,18,0
2026-08-25T20:15:00Z,1787688900,1.19822,1.19855,1.19821,1.19851,93,18,0
2026-08-25T20:20:00Z,1787689200,1.19851,1.19866,1.19851,1.19865,60,18,0
2026-08-25T20:25:00Z,1787689500,1.19865,1.19868,1.19851,1.19851,75,18,0
2026-08-25T20:30:00Z,1787689800,1.19852,1.19859,1.19841,1.19848,67,18,0
2026-08-25T20:35:00Z,1787690100,1.19848,1.19867,1.19841,1.19866,67,18,0
2026-08-25T20:40:00Z,1787690400,1.19866,1.19874,1.19861,1.19862,60,18,0
2026-08-25T20:45:00Z,1787690700,1.19865,1.19871,1.19859,1.19859,71,18,0
2026-08-25T20:50:00Z,1787691000,1.19859,1.19859,1.19839,1.19844,36,18,0
2026-08-25T20:55:00Z,1787691300,1.19844,1.19855,1.1984,1.19848,61,18,0
2026-08-25T21:00:00Z,1787691600,1.19848,1.19848,1.19848,1.19848,1,20,0
2026-08-25T21:05:00Z,1787691900,1.19849,1.19849,1.19849,1.19849,1,20,0
2026-08-25T21:10:00Z,1787692200,1.19849,1.19851,1.1983,1.1983,22,20,0
2026-08-25T21:15:00Z,1787692500,1.19832,1.19844,1.19825,1.1984,105,77,0
2026-08-25T21:20:00Z,1787692800,1.19841,1.19845,1.19839,1.1984,49,73,0
2026-08-25T21:25:00Z,1787693100,1.19842,1.19844,1.19838,1.19844,14,69,0
2026-08-25T21:30:00Z,1787693400,1.19844,1.19845,1.19842,1.19845,28,67,0
2026-08-25T21:35:00Z,1787693700,1.19845,1.19845,1.19809,1.19811,126,70,0
2026-08-25T21:40:00Z,1787694000,1.1981,1.19833,1.19806,1.1983,89,66,0
2026-08-25T21:45:00Z,1787694300,1.1983,1.19841,1.1983,1.19838,107,69,0
2026-08-25T21:50:00Z,1787694600,1.19839,1.19847,1.19839,1.19846,90,45,0
2026-08-25T21:55:00Z,1787694900,1.19846,1.19848,1.1982,1.1982,46,43,0
2026-08-25T22:00:00Z,1787695200,1.19828,1.19862,1.19828,1.19862,101,30,0
2026-08-25T22:05:00Z,1787695500,1.1985999999999999,1.1985999999999999,1.19846,1.19852,30,30,0
2026-08-25T22:10:00Z,1787695800,1.19852,1.1987,1.1985000000000001,1.19869,47,30,0
2026-08-25T22:15:00Z,1787696100,1.1987,1.19874,1.19851,1.19851,28,30,0
2026-08-25T22:20:00Z,1787696400,1.19852,1.19865,1.19851,1.19855,42,30,0
2026-08-25T22:25:00Z,1787696700,1.19854,1.19871,1.19846,1.19847,46,30,0
2026-08-25T22:30:00Z,1787697000,1.19848,1.19849,1.19836,1.19836,32,30,0
2026-08-25T22:35:00Z,1787697300,1.19836,1.19839,1.1983,1.19833,42,30,0
2026-08-25T22:40:00Z,1787697600,1.19833,1.19845,1.1983,1.19843,43,30,0
2026-08-25T22:45:00Z,1787697900,1.19842,1.19844,1.19833,1.1984,31,30,0
2026-08-25T22:50:00Z,1787698200,1.1984,1.19844,1.19836,1.19837,26,30,0
2026-08-25T22:55:00Z,1787698500,1.19837,1.19842,1.19836,1.19837,33,30,0
2026-08-25T23:00:00Z,1787698800,1.19843,1.19844,1.19833,1.19838,52,18,0
2026-08-25T23:05:00Z,1787699100,1.1984,1.19852,1.19839,1.1985000000000001,42,18,0
2026-08-25T23:10:00Z,1787699400,1.19851,1.19857,1.19844,1.19853,44,18,0
2026-08-25T23:15:00Z,1787699700,1.19853,1.19857,1.19843,1.19853,32,18,0
2026-08-25T23:20:00Z,1787700000,1.19853,1.1985999999999999,1.19848,1.19848,42,18,0
2026-08-25T23:25:00Z,1787700300,1.19848,1.1987,1.19847,1.19867,42,18,0
2026-08-25T23:30:00Z,1787700600,1.19867,1.19875,1.19864,1.19875,29,18,0
2026-08-25T23:35:00Z,1787700900,1.19875,1.19882,1.19869,1.19876,25,18,0
2026-08-25T23:40:00Z,1787701200,1.1987700000000001,1.19896,1.19869,1.19892,53,18,0
2026-08-25T23:45:00Z,1787701500,1.19892,1.19904,1.19891,1.19903,30,18,0
2026-08-25T23:50:00Z,1787701800,1.19903,1.19907,1.19884,1.19888,64,18,0
2026-08-25T23:55:00Z,1787702100,1.19894,1.19897,1.19881,1.19896,55,18,0
2026-08-26T00:00:00Z,1787702400,1.19896,1.19916,1.19893,1.199,123,18,0
2026-08-26T00:05:00Z,1787702700,1.19898,1.19919,1.19896,1.1991100000000001,106,18,0
2026-08-26T00:10:00Z,1787703000,1.1991100000000001,1.19924,1.19895,1.19898,102,18,0
2026-08-26T00:15:00Z,1787703300,1.19898,1.19928,1.19898,1.19927,83,18,0
2026-08-26T00:20:00Z,1787703600,1.19928,1.1994,1.1991,1.19913,66,18,0
2026-08-26T00:25:00Z,1787703900,1.19912,1.19914,1.19879,1.199,92,18,0
2026-08-26T00:30:00Z,1787704200,1.199,1.199,1.19883,1.1988699999999999,80,18,0
2026-08-26T00:35:00Z,1787704500,1.1988699999999999,1.19901,1.19881,1.19886,109,18,0
2026-08-26T00:40:00Z,1787704800,1.19886,1.1988699999999999,1.19863,1.19867,97,18,0
2026-08-26T00:45:00Z,1787705100,1.19866,1.19906,1.19862,1.19906,93,18,0
2026-08-26T00:50:00Z,1787705400,1.19904,1.19906,1.19892,1.19897,110,18,0
2026-08-26T00:55:00Z,1787705700,1.19896,1.199,1.19862,1.19864,116,18,0
2026-08-26T01:00:00Z,1787706000,1.19861,1.19866,1.19846,1.19862,130,18,0
2026-08-26T01:05:00Z,1787706300,1.19861,1.19874,1.19858,1.19874,104,18,0
2026-08-26T01:10:00Z,1787706600,1.19874,1.19881,1.19871,1.19872,100,18,0
2026-08-26T01:15:00Z,1787706900,1.19872,1.19884,1.19866,1.19878,102,18,0
2026-08-26T01:20:00Z,1787707200,1.19878,1.19881,1.19841,1.19846,102,18,0
2026-08-26T01:25:00Z,1787707500,1.19845,1.19872,1.19838,1.19863,135,18,0
2026-08-26T01:30:00Z,1787707800,1.1985999999999999,1.20283,1.1985999999999999,1.20206,466,18,0
2026-08-26T01:35:00Z,1787708100,1.20206,1.20241,1.20115,1.20121,227,18,0
2026-08-26T01:40:00Z,1787708400,1.2012,1.20258,1.20106,1.20201,252,18,0
2026-08-26T01:45:00Z,1787708700,1.20201,1.20442,1.202,1.20442,308,18,0
2026-08-26T01:50:00Z,1787709000,1.20444,1.2051,1.20342,1.20345,366,18,0
2026-08-26T01:55:00Z,1787709300,1.20345,1.20394,1.20323,1.2033800000000001,244,18,0
2026-08-26T02:00:00Z,1787709600,1.2033800000000001,1.20391,1.2028699999999999,1.20387,207,18,0
2026-08-26T02:05:00Z,1787709900,1.20386,1.20414,1.20361,1.20403,174,18,0
2026-08-26T02:10:00Z,1787710200,1.20401,1.20412,1.20359,1.2036,183,18,0
2026-08-26T02:15:00Z,1787710500,1.20361,1.20428,1.20357,1.20407,174,18,0
2026-08-26T02:20:00Z,1787710800,1.20405,1.20412,1.20387,1.204,138,18,0
2026-08-26T02:25:00Z,1787711100,1.20401,1.20404,1.20353,1.20366,158,18,0
2026-08-26T02:30:00Z,1787711400,1.20365,1.20478,1.20356,1.20455,171,18,0
2026-08-26T02:35:00Z,1787711700,1.20455,1.20455,1.20417,1.20417,126,18,0
2026-08-26T02:40:00Z,1787712000,1.20417,1.2043,1.20369,1.20384,139,18,0
2026-08-26T02:45:00Z,1787712300,1.20385,1.20393,1.20381,1.20389,84,18,0
2026-08-26T02:50:00Z,1787712600,1.20388,1.20415,1.20376,1.20415,81,18,0
2026-08-26T02:55:00Z,1787712900,1.20413,1.20436,1.20396,1.20425,122,18,0
2026-08-26T03:00:00Z,1787713200,1.20428,1.20483,1.20403,1.20466,163,18,0
2026-08-26T03:05:00Z,1787713500,1.20464,1.20508,1.20461,1.20479,131,18,0
2026-08-26T03:10:00Z,1787713800,1.20479,1.20493,1.20466,1.20487,85,18,0
2026-08-26T03:15:00Z,1787714100,1.20487,1.20498,1.20465,1.20488,104,18,0
2026-08-26T03:20:00Z,1787714400,1.20489,1.20544,1.20488,1.20542,127,18,0
2026-08-26T03:25:00Z,1787714700,1.20541,1.20559,1.20526,1.20534,110,18,0
2026-08-26T03:30:00Z,1787715000,1.20533,1.20575,1.2052,1.2055500000000001,120,18,0
2026-08-26T03:35:00Z,1787715300,1.2055500000000001,1.20576,1.20543,1.20576,94,18,0
2026-08-26T03:40:00Z,1787715600,1.20577,1.20597,1.20563,1.20595,92,18,0
2026-08-26T03:45:00Z,1787715900,1.20595,1.20627,1.2056,1.20627,122,18,0
2026-08-26T03:50:00Z,1787716200,1.20625,1.2064300000000001,1.20572,1.20576,122,18,0
2026-08-26T03:55:00Z,1787716500,1.20576,1.20577,1.20553,1.20556,90,18,0
2026-08-26T04:00:00Z,1787716800,1.2055500000000001,1.2056499999999999,1.2054,1.20544,100,18,0
2026-08-26T04:05:00Z,1787717100,1.20543,1.20568,1.20539,1.20541,79,18,0
2026-08-26T04:10:00Z,1787717400,1.20541,1.20546,1.2052100000000001,1.20542,73,18,0
2026-08-26T04:15:00Z,1787717700,1.20541,1.20571,1.20541,1.20559,87,18,0
2026-08-26T04:20:00Z,1787718000,1.20559,1.20574,1.20544,1.20547,83,18,0
2026-08-26T04:25:00Z,1787718300,1.20546,1.20556,1.20525,1.20533,81,18,0
2026-08-26T04:30:00Z,1787718600,1.20535,1.2054,1.20503,1.20506,76,18,0
2026-08-26T04:35:00Z,1787718900,1.20506,1.20532,1.20497,1.20501,94,18,0
2026-08-26T04:40:00Z,1787719200,1.20501,1.20514,1.20495,1.20514,64,18,0
2026-08-26T04:45:00Z,1787719500,1.20516,1.2052100000000001,1.20491,1.20507,92,18,0
2026-08-26T04:50:00Z,1787719800,1.20506,1.20552,1.20504,1.20536,76,18,0
2026-08-26T04:55:00Z,1787720100,1.20539,1.20562,1.20536,1.20544,95,18,0
2026-08-26T05:00:00Z,1787720400,1.20544,1.20549,1.20527,1.20534,90,18,0
2026-08-26T05:05:00Z,1787720700,1.20533,1.2056,1.2053099999999999,1.20551,109,18,0
2026-08-26T05:10:00Z,1787721000,1.20551,1.20568,1.20546,1.2055500000000001,72,18,0
2026-08-26T05:15:00Z,1787721300,1.2055500000000001,1.20589,1.20546,1.20573,116,18,0
2026-08-26T05:20:00Z,1787721600,1.20574,1.20589,1.20571,1.20585,76,18,0
2026-08-26T05:25:00Z,1787721900,1.20585,1.20588,1.20553,1.20578,82,18,0
2026-08-26T05:30:00Z,1787722200,1.20577,1.20589,1.20568,1.20569,99,18,0
2026-08-26T05:35:00Z,1787722500,1.20569,1.2058,1.20539,1.20552,101,18,0
2026-08-26T05:40:00Z,1787722800,1.20553,1.20607,1.20551,1.20603,134,18,0
2026-08-26T05:45:00Z,1787723100,1.20606,1.20611,1.20591,1.20604,124,18,0
2026-08-26T05:50:00Z,1787723400,1.20604,1.20638,1.20597,1.20606,108,18,0
2026-08-26T05:55:00Z,1787723700,1.20606,1.20614,1.20584,1.20614,110,18,0
2026-08-26T06:00:00Z,1787724000,1.20614,1.20636,1.20607,1.2062599999999999,151,18,0
2026-08-26T06:05:00Z,1787724300,1.2062599999999999,1.20681,1.20614,1.2068,121,18,0
2026-08-26T06:10:00Z,1787724600,1.2068,1.2073800000000001,1.20679,1.20725,116,18,0
2026-08-26T06:15:00Z,1787724900,1.20724,1.20755,1.207,1.20708,149,18,0
2026-08-26T06:20:00Z,1787725200,1.20706,1.20729,1.20649,1.20658,161,18,0
2026-08-26T06:25:00Z,1787725500,1.20658,1.20696,1.20642,1.2069,167,18,0
2026-08-26T06:30:00Z,1787725800,1.20689,1.20698,1.20663,1.20675,167,18,0
2026-08-26T06:35:00Z,1787726100,1.20674,1.2067700000000001,1.2065,1.20674,129,18,0
2026-08-26T06:40:00Z,1787726400,1.20675,1.2068,1.20638,1.20672,120,18,0
2026-08-26T06:45:00Z,1787726700,1.20673,1.20718,1.20666,1.20716,106,18,0
2026-08-26T06:50:00Z,1787727000,1.20716,1.20742,1.20705,1.20736,112,18,0
2026-08-26T06:55:00Z,1787727300,1.20736,1.20736,1.20689,1.2069,149,18,0
2026-08-26T07:00:00Z,1787727600,1.20688,1.20717,1.20682,1.20694,150,18,0
2026-08-26T07:05:00Z,1787727900,1.20696,1.20696,1.20652,1.20654,133,18,0
2026-08-26T07:10:00Z,1787728200,1.20654,1.20663,1.20624,1.20629,136,18,0
2026-08-26T07:15:00Z,1787728500,1.2063,1.20655,1.20622,1.2064,114,18,0
2026-08-26T07:20:00Z,1787728800,1.20639,1.20641,1.20601,1.20606,104,18,0
2026-08-26T07:25:00Z,1787729100,1.20605,1.20627,1.20596,1.20622,106,18,0
2026-08-26T07:30:00Z,1787729400,1.20622,1.20636,1.20605,1.20607,121,18,0
2026-08-26T07:35:00Z,1787729700,1.20606,1.20607,1.20567,1.20579,98,18,0
2026-08-26T07:40:00Z,1787730000,1.20579,1.20622,1.20579,1.20614,96,18,0
2026-08-26T07:45:00Z,1787730300,1.20614,1.20618,1.20583,1.20586,90,18,0
2026-08-26T07:50:00Z,1787730600,1.20587,1.20595,1.20574,1.2058200000000001,114,18,0
2026-08-26T07:55:00Z,1787730900,1.20581,1.2059,1.2056,1.2056,132,18,0
2026-08-26T08:00:00Z,1787731200,1.20558,1.20566,1.2055,1.20553,123,18,0
2026-08-26T08:05:00Z,1787731500,1.20553,1.20556,1.2054,1.20554,112,18,0
2026-08-26T08:10:00Z,1787731800,1.20554,1.20564,1.20537,1.20544,118,18,0
2026-08-26T08:15:00Z,1787732100,1.20547,1.2056499999999999,1.20534,1.2056,121,18,0
2026-08-26T08:20:00Z,1787732400,1.2056,1.2056499999999999,1.20544,1.20552,113,18,0
2026-08-26T08:25:00Z,1787732700,1.20552,1.2056,1.20543,1.20545,94,18,0
2026-08-26T08:30:00Z,1787733000,1.20545,1.20564,1.20532,1.20543,91,18,0
2026-08-26T08:35:00Z,1787733300,1.20543,1.20544,1.20516,1.20529,104,18,0
2026-08-26T08:40:00Z,1787733600,1.20529,1.2055500000000001,1.20524,1.20554,89,18,0
2026-08-26T08:45:00Z,1787733900,1.20553,1.2056,1.20535,1.20542,93,18,0
2026-08-26T08:50:00Z,1787734200,1.2054,1.20543,1.20522,1.20529,61,18,0
2026-08-26T08:55:00Z,1787734500,1.20529,1.20559,1.20529,1.20559,103,18,0
2026-08-26T09:00:00Z,1787734800,1.20558,1.20569,1.20537,1.20538,108,18,0
2026-08-26T09:05:00Z,1787735100,1.20538,1.2056,1.20535,1.2056,93,18,0
2026-08-26T09:10:00Z,1787735400,1.2056,1.20579,1.20558,1.20578,88,18,0
2026-08-26T09:15:00Z,1787735700,1.20576,1.20608,1.20573,1.20608,86,18,0
2026-08-26T09:20:00Z,1787736000,1.20607,1.20617,1.20558,1.20581,126,18,0
2026-08-26T09:25:00Z,1787736300,1.20578,1.2059,1.20559,1.20579,111,18,0
2026-08-26T09:30:00Z,1787736600,1.20578,1.20586,1.20564,1.20585,70,18,0
2026-08-26T09:35:00Z,1787736900,1.20585,1.20596,1.20579,1.20588,80,18,0
2026-08-26T09:40:00Z,1787737200,1.20587,1.20598,1.20562,1.20562,68,18,0
2026-08-26T09:45:00Z,1787737500,1.20562,1.20571,1.20545,1.20568,74,18,0
2026-08-26T09:50:00Z,1787737800,1.20568,1.20575,1.20561,1.20575,72,18,0
2026-08-26T09:55:00Z,1787738100,1.20577,1.20594,1.20577,1.20583,82,18,0
2026-08-26T10:00:00Z,1787738400,1.20584,1.2059,1.20575,1.2058200000000001,97,18,0
2026-08-26T10:05:00Z,1787738700,1.20583,1.20595,1.2058,1.2058200000000001,60,18,0
2026-08-26T10:10:00Z,1787739000,1.2058200000000001,1.20583,1.20572,1.20581,50,18,0
2026-08-26T10:15:00Z,1787739300,1.20581,1.20594,1.2058,1.20591,64,18,0
2026-08-26T10:20:00Z,1787739600,1.20591,1.20596,1.20575,1.20588,56,18,0
2026-08-26T10:25:00Z,1787739900,1.20589,1.20598,1.20586,1.20593,75,18,0
2026-08-26T10:30:00Z,1787740200,1.20593,1.20604,1.2058200000000001,1.206,76,18,0
2026-08-26T10:35:00Z,1787740500,1.206,1.20602,1.20584,1.20591,57,18,0
2026-08-26T10:40:00Z,1787740800,1.20591,1.20602,1.20591,1.20597,75,18,0
2026-08-26T10:45:00Z,1787741100,1.20597,1.20599,1.20583,1.20584,62,18,0
2026-08-26T10:50:00Z,1787741400,1.20584,1.20596,1.20583,1.20591,60,18,0
2026-08-26T10:55:00Z,1787741700,1.20591,1.20605,1.20589,1.206,58,18,0
2026-08-26T11:00:00Z,1787742000,1.20601,1.20633,1.20585,1.20633,101,18,0
2026-08-26T11:05:00Z,1787742300,1.20633,1.2064300000000001,1.20627,1.20642,83,18,0
2026-08-26T11:10:00Z,1787742600,1.20642,1.20645,1.20628,1.20631,67,18,0
2026-08-26T11:15:00Z,1787742900,1.20631,1.2064,1.2063,1.20636,56,18,0
2026-08-26T11:20:00Z,1787743200,1.20635,1.20639,1.20618,1.20627,64,18,0
2026-08-26T11:25:00Z,1787743500,1.20624,1.20637,1.20608,1.20635,107,18,0
2026-08-26T11:30:00Z,1787743800,1.20636,1.20641,1.20608,1.20611,110,18,0
2026-08-26T11:35:00Z,1787744100,1.20611,1.20627,1.20601,1.20625,89,18,0
2026-08-26T11:40:00Z,1787744400,1.2062599999999999,1.20627,1.20597,1.20601,82,18,0
2026-08-26T11:45:00Z,1787744700,1.20601,1.20606,1.2059199999999999,1.2059199999999999,87,18,0
2026-08-26T11:50:00Z,1787745000,1.2059199999999999,1.20597,1.2058,1.2058,71,18,0
2026-08-26T11:55:00Z,1787745300,1.20581,1.20621,1.20581,1.20599,106,18,0
2026-08-26T12:00:00Z,1787745600,1.20596,1.20605,1.20575,1.20576,114,18,0
2026-08-26T12:05:00Z,1787745900,1.20574,1.2058,1.20556,1.20568,98,18,0
2026-08-26T12:10:00Z,1787746200,1.20568,1.20577,1.20562,1.20567,90,18,0
2026-08-26T12:15:00Z,1787746500,1.20567,1.20572,1.2055500000000001,1.2055500000000001,85,18,0
2026-08-26T12:20:00Z,1787746800,1.2055500000000001,1.20569,1.20546,1.2055500000000001,107,18,0
2026-08-26T12:25:00Z,1787747100,1.2055500000000001,1.20578,1.20552,1.20569,103,18,0
2026-08-26T12:30:00Z,1787747400,1.20569,1.20655,1.2056499999999999,1.20645,244,18,0
2026-08-26T12:35:00Z,1787747700,1.20646,1.2067,1.20632,1.20668,187,18,0
2026-08-26T12:40:00Z,1787748000,1.20668,1.20669,1.2064300000000001,1.2064300000000001,167,18,0
2026-08-26T12:45:00Z,1787748300,1.20644,1.2066,1.20631,1.20642,140,18,0
2026-08-26T12:50:00Z,1787748600,1.20642,1.20685,1.20634,1.20685,154,18,0
2026-08-26T12:55:00Z,1787748900,1.20686,1.20698,1.20671,1.20692,168,18,0
2026-08-26T13:00:00Z,1787749200,1.20691,1.20728,1.20683,1.20727,163,18,0
2026-08-26T13:05:00Z,1787749500,1.20727,1.20727,1.20692,1.20701,189,18,0
2026-08-26T13:10:00Z,1787749800,1.20701,1.2071,1.20686,1.20694,135,18,0
2026-08-26T13:15:00Z,1787750100,1.20696,1.20717,1.20671,1.20673,138,18,0
2026-08-26T13:20:00Z,1787750400,1.20675,1.2068,1.20663,1.20666,116,18,0
2026-08-26T13:25:00Z,1787750700,1.20666,1.2067,1.20644,1.2065,120,18,0
2026-08-26T13:30:00Z,1787751000,1.20652,1.2067,1.20638,1.2067,154,18,0
2026-08-26T13:35:00Z,1787751300,1.20671,1.20722,1.20654,1.20722,188,18,0
2026-08-26T13:40:00Z,1787751600,1.20721,1.20721,1.20681,1.20695,172,18,0
2026-08-26T13:45:00Z,1787751900,1.20695,1.20701,1.2068,1.20693,141,18,0
2026-08-26T13:50:00Z,1787752200,1.20693,1.20709,1.20684,1.20697,159,18,0
2026-08-26T13:55:00Z,1787752500,1.20696,1.20705,1.20673,1.20683,165,18,0
2026-08-26T14:00:00Z,1787752800,1.20682,1.20685,1.2066,1.20662,189,18,0
2026-08-26T14:05:00Z,1787753100,1.20661,1.20688,1.2066,1.20668,134,18,0
2026-08-26T14:10:00Z,1787753400,1.20668,1.2068,1.20664,1.20674,117,18,0
2026-08-26T14:15:00Z,1787753700,1.20675,1.20711,1.20675,1.20711,129,18,0
2026-08-26T14:20:00Z,1787754000,1.20711,1.20732,1.20699,1.20731,160,18,0
2026-08-26T14:25:00Z,1787754300,1.20731,1.20747,1.20726,1.20743,156,18,0
2026-08-26T14:30:00Z,1787754600,1.20743,1.20763,1.20739,1.20753,138,18,0
2026-08-26T14:35:00Z,1787754900,1.20753,1.2077,1.20739,1.20743,118,18,0
2026-08-26T14:40:00Z,1787755200,1.20743,1.20761,1.2074,1.20756,123,18,0
2026-08-26T14:45:00Z,1787755500,1.20757,1.20785,1.20755,1.20767,119,18,0
2026-08-26T14:50:00Z,1787755800,1.20766,1.20767,1.20739,1.2074,126,18,0
2026-08-26T14:55:00Z,1787756100,1.2073800000000001,1.2076500000000001,1.2073800000000001,1.2076,169,18,0
2026-08-26T15:00:00Z,1787756400,1.20761,1.20767,1.20722,1.20725,160,18,0
2026-08-26T15:05:00Z,1787756700,1.20725,1.20735,1.20686,1.2068699999999999,155,18,0
2026-08-26T15:10:00Z,1787757000,1.20689,1.20718,1.20689,1.20715,105,18,0
2026-08-26T15:15:00Z,1787757300,1.20715,1.20724,1.20708,1.20708,111,18,0
2026-08-26T15:20:00Z,1787757600,1.20708,1.20716,1.2070400000000001,1.20711,91,18,0
2026-08-26T15:25:00Z,1787757900,1.2071,1.2072,1.2070400000000001,1.20708,89,18,0
2026-08-26T15:30:00Z,1787758200,1.20709,1.20722,1.20697,1.2072,102,18,0
2026-08-26T15:35:00Z,1787758500,1.20718,1.20718,1.2070400000000001,1.20709,77,18,0
2026-08-26T15:40:00Z,1787758800,1.2071,1.20712,1.20688,1.20703,92,18,0
2026-08-26T15:45:00Z,1787759100,1.20703,1.20703,1.20689,1.20694,75,18,0
2026-08-26T15:50:00Z,1787759400,1.20693,1.20741,1.20693,1.20734,170,18,0
2026-08-26T15:55:00Z,1787759700,1.20734,1.20751,1.2071,1.2072,132,18,0
2026-08-26T16:00:00Z,1787760000,1.20718,1.20731,1.20706,1.2072,117,18,0
2026-08-26T16:05:00Z,1787760300,1.2072,1.2072,1.20701,1.20711,120,18,0
2026-08-26T16:10:00Z,1787760600,1.20711,1.20723,1.20706,1.20706,100,18,0
2026-08-26T16:15:00Z,1787760900,1.20706,1.20725,1.20705,1.20711,80,18,0
2026-08-26T16:20:00Z,1787761200,1.20711,1.20722,1.20701,1.20707,92,18,0
2026-08-26T16:25:00Z,1787761500,1.20707,1.20711,1.20699,1.20706,66,18,0
2026-08-26T16:30:00Z,1787761800,1.2070400000000001,1.20718,1.20703,1.20708,86,18,0
2026-08-26T16:35:00Z,1787762100,1.20711,1.20712,1.20695,1.20705,73,18,0
2026-08-26T16:40:00Z,1787762400,1.20705,1.2071,1.20699,1.20706,85,18,0
2026-08-26T16:45:00Z,1787762700,1.20706,1.20706,1.20671,1.20673,99,18,0
2026-08-26T16:50:00Z,1787763000,1.20674,1.20696,1.20669,1.20688,88,18,0
2026-08-26T16:55:00Z,1787763300,1.2068699999999999,1.20698,1.2068699999999999,1.20696,79,18,0
2026-08-26T17:00:00Z,1787763600,1.20696,1.20696,1.20664,1.2067700000000001,106,18,0
2026-08-26T17:05:00Z,1787763900,1.2067700000000001,1.2069,1.20676,1.2068699999999999,84,18,0
2026-08-26T17:10:00Z,1787764200,1.2068699999999999,1.20691,1.20683,1.20684,80,18,0
2026-08-26T17:15:00Z,1787764500,1.20683,1.2068699999999999,1.20673,1.20685,81,18,0
2026-08-26T17:20:00Z,1787764800,1.20686,1.20697,1.20686,1.20694,71,18,0
2026-08-26T17:25:00Z,1787765100,1.20694,1.20703,1.2069,1.20701,58,18,0
2026-08-26T17:30:00Z,1787765400,1.20701,1.20703,1.20693,1.20699,60,18,0
2026-08-26T17:35:00Z,1787765700,1.20698,1.20705,1.20692,1.20697,56,18,0
2026-08-26T17:40:00Z,1787766000,1.20697,1.207,1.20694,1.20696,44,18,0
2026-08-26T17:45:00Z,1787766300,1.20696,1.20698,1.2069,1.20692,54,18,0
2026-08-26T17:50:00Z,1787766600,1.20692,1.20692,1.20682,1.20686,49,18,0
2026-08-26T17:55:00Z,1787766900,1.20686,1.20692,1.20683,1.20685,55,18,0
2026-08-26T18:00:00Z,1787767200,1.20685,1.20689,1.2067700000000001,1.2068,59,18,0
2026-08-26T18:05:00Z,1787767500,1.20678,1.20686,1.20671,1.20673,62,18,0
2026-08-26T18:10:00Z,1787767800,1.20673,1.2069,1.20673,1.20685,53,18,0
2026-08-26T18:15:00Z,1787768100,1.20685,1.20689,1.20678,1.20682,42,18,0
2026-08-26T18:20:00Z,1787768400,1.20682,1.20691,1.2067700000000001,1.20688,54,18,0
2026-08-26T18:25:00Z,1787768700,1.20688,1.20691,1.20683,1.2069,51,18,0
2026-08-26T18:30:00Z,1787769000,1.2069,1.2069,1.20676,1.20679,61,18,0
2026-08-26T18:35:00Z,1787769300,1.20679,1.2069,1.20679,1.20689,54,18,0
2026-08-26T18:40:00Z,1787769600,1.2069,1.20691,1.20673,1.20674,55,18,0
2026-08-26T18:45:00Z,1787769900,1.20674,1.20689,1.20674,1.20689,55,18,0
2026-08-26T18:50:00Z,1787770200,1.20689,1.20696,1.2068699999999999,1.20696,48,18,0
2026-08-26T18:55:00Z,1787770500,1.20697,1.20701,1.20692,1.20701,74,18,0
2026-08-26T19:00:00Z,1787770800,1.207,1.207,1.20664,1.2067,103,18,0
2026-08-26T19:05:00Z,1787771100,1.2067,1.20671,1.2066,1.2066,61,18,0
2026-08-26T19:10:00Z,1787771400,1.2066,1.20662,1.20654,1.20662,62,18,0
2026-08-26T19:15:00Z,1787771700,1.20662,1.20663,1.20652,1.20659,51,18,0
2026-08-26T19:20:00Z,1787772000,1.20659,1.20668,1.20658,1.20665,60,18,0
2026-08-26T19:25:00Z,1787772300,1.20665,1.20676,1.20663,1.20674,52,18,0
2026-08-26T19:30:00Z,1787772600,1.20673,1.2068,1.2067,1.20679,76,18,0
2026-08-26T19:35:00Z,1787772900,1.20679,1.20679,1.20664,1.20665,46,18,0
2026-08-26T19:40:00Z,1787773200,1.20664,1.20666,1.20655,1.20655,38,18,0
2026-08-26T19:45:00Z,1787773500,1.20655,1.20655,1.2065,1.20655,51,18,0
2026-08-26T19:50:00Z,1787773800,1.20655,1.20661,1.2065299999999999,1.2066,51,18,0
2026-08-26T19:55:00Z,1787774100,1.20661,1.20685,1.20661,1.20678,107,18,0
2026-08-26T20:00:00Z,1787774400,1.20678,1.20683,1.20661,1.20662,90,18,0
2026-08-26T20:05:00Z,1787774700,1.20662,1.20671,1.20662,1.20669,63,18,0
2026-08-26T20:10:00Z,1787775000,1.20668,1.20682,1.20668,1.20682,57,18,0
2026-08-26T20:15:00Z,1787775300,1.20683,1.20688,1.20679,1.20688,54,18,0
2026-08-26T20:20:00Z,1787775600,1.20689,1.20698,1.2068699999999999,1.20695,88,18,0
2026-08-26T20:25:00Z,1787775900,1.20696,1.20697,1.2068699999999999,1.20692,46,18,0
2026-08-26T20:30:00Z,1787776200,1.20689,1.20691,1.2066,1.20672,57,18,0
2026-08-26T20:35:00Z,1787776500,1.20673,1.20675,1.20665,1.20672,70,18,0
2026-08-26T20:40:00Z,1787776800,1.20674,1.20684,1.20671,1.20681,56,18,0
2026-08-26T20:45:00Z,1787777100,1.20684,1.20707,1.20684,1.20706,57,18,0
2026-08-26T20:50:00Z,1787777400,1.20706,1.20708,1.20697,1.20697,34,18,0
2026-08-26T20:55:00Z,1787777700,1.20696,1.20696,1.20666,1.2067,78,18,0
2026-08-26T21:00:00Z,1787778000,1.20669,1.20669,1.20669,1.20669,1,20,0
2026-08-26T21:05:00Z,1787778300,1.20669,1.20669,1.20669,1.20669,1,20,0
2026-08-26T21:10:00Z,1787778600,1.2067,1.20672,1.20668,1.2067,11,20,0
2026-08-26T21:15:00Z,1787778900,1.20671,1.20673,1.2067,1.2067,9,31,0
2026-08-26T21:20:00Z,1787779200,1.20672,1.20674,1.20669,1.20671,15,24,0
2026-08-26T21:25:00Z,1787779500,1.20672,1.20674,1.20665,1.20665,43,20,0
2026-08-26T21:30:00Z,1787779800,1.20666,1.2067,1.20658,1.20659,85,20,0
2026-08-26T21:35:00Z,1787780100,1.20661,1.20671,1.20658,1.20668,57,20,0
2026-08-26T21:40:00Z,1787780400,1.20668,1.20669,1.20656,1.20662,77,20,0
2026-08-26T21:45:00Z,1787780700,1.20661,1.20669,1.20659,1.20667,79,20,0
2026-08-26T21:50:00Z,1787781000,1.20666,1.20667,1.20661,1.20664,42,29,0
2026-08-26T21:55:00Z,1787781300,1.20665,1.20669,1.20665,1.20669,21,27,0
2026-08-26T22:00:00Z,1787781600,1.20679,1.20679,1.20648,1.20662,90,46,0
2026-08-26T22:05:00Z,1787781900,1.20662,1.2068699999999999,1.20661,1.20684,49,72,0
2026-08-26T22:10:00Z,1787782200,1.20684,1.20686,1.20667,1.20668,33,72,0
2026-08-26T22:15:00Z,1787782500,1.20668,1.20679,1.20668,1.20679,25,72,0
2026-08-26T22:20:00Z,1787782800,1.20679,1.2068,1.20674,1.20678,19,72,0
2026-08-26T22:25:00Z,1787783100,1.20678,1.20681,1.20672,1.20681,27,69,0
2026-08-26T22:30:00Z,1787783400,1.20682,1.20682,1.20665,1.20667,31,64,0
2026-08-26T22:35:00Z,1787783700,1.20667,1.20701,1.20667,1.20698,38,46,0
2026-08-26T22:40:00Z,1787784000,1.20698,1.20699,1.20683,1.20683,25,46,0
2026-08-26T22:45:00Z,1787784300,1.20684,1.20706,1.20684,1.20695,32,46,0
2026-08-26T22:50:00Z,1787784600,1.20695,1.20707,1.20695,1.20705,18,46,0
2026-08-26T22:55:00Z,1787784900,1.20705,1.20743,1.2070400000000001,1.2073800000000001,65,46,0
2026-08-26T23:00:00Z,1787785200,1.20746,1.20756,1.20726,1.20753,69,30,0
2026-08-26T23:05:00Z,1787785500,1.20752,1.20767,1.20752,1.20766,35,30,0
2026-08-26T23:10:00Z,1787785800,1.2077,1.20771,1.20742,1.20751,40,30,0
2026-08-26T23:15:00Z,1787786100,1.20751,1.20751,1.207,1.20717,62,30,0
2026-08-26T23:20:00Z,1787786400,1.20715,1.20718,1.207,1.20715,49,30,0
2026-08-26T23:25:00Z,1787786700,1.20716,1.20717,1.20699,1.20703,34,30,0
2026-08-26T23:30:00Z,1787787000,1.20703,1.2070400000000001,1.20694,1.20695,30,30,0
2026-08-26T23:35:00Z,1787787300,1.20697,1.20698,1.20688,1.20689,19,30,0
2026-08-26T23:40:00Z,1787787600,1.20689,1.2071399999999999,1.20686,1.20709,43,30,0
2026-08-26T23:45:00Z,1787787900,1.20717,1.20753,1.2071,1.2074799999999999,89,30,0
2026-08-26T23:50:00Z,1787788200,1.2074799999999999,1.20753,1.20729,1.20735,82,30,0
2026-08-26T23:55:00Z,1787788500,1.20735,1.20745,1.20727,1.20736,73,30,0
2026-08-27T00:00:00Z,1787788800,1.20743,1.20758,1.20715,1.20716,144,18,0
2026-08-27T00:05:00Z,1787789100,1.20716,1.20718,1.20693,1.207,141,18,0
2026-08-27T00:10:00Z,1787789400,1.207,1.20734,1.207,1.20732,120,18,0
2026-08-27T00:15:00Z,1787789700,1.20731,1.20749,1.20727,1.2074799999999999,113,18,0
2026-08-27T00:20:00Z,1787790000,1.2074799999999999,1.2074799999999999,1.20723,1.2074,104,18,0
2026-08-27T00:25:00Z,1787790300,1.2074,1.20741,1.20716,1.20721,72,18,0
2026-08-27T00:30:00Z,1787790600,1.20721,1.20721,1.20691,1.2071,108,18,0
2026-08-27T00:35:00Z,1787790900,1.2071,1.20716,1.2069,1.20708,111,18,0
2026-08-27T00:40:00Z,1787791200,1.20708,1.20708,1.20682,1.20688,100,18,0
2026-08-27T00:45:00Z,1787791500,1.2068699999999999,1.20718,1.20684,1.20705,80,18,0
2026-08-27T00:50:00Z,1787791800,1.20705,1.20735,1.207,1.20726,141,18,0
2026-08-27T00:55:00Z,1787792100,1.20725,1.20747,1.20706,1.20718,167,18,0
2026-08-27T01:00:00Z,1787792400,1.20717,1.20722,1.20698,1.20703,175,18,0
2026-08-27T01:05:00Z,1787792700,1.20703,1.20715,1.20701,1.20707,107,18,0
2026-08-27T01:10:00Z,1787793000,1.20707,1.20711,1.20694,1.20708,89,18,0
2026-08-27T01:15:00Z,1787793300,1.20709,1.2071399999999999,1.20696,1.2071,115,18,0
2026-08-27T01:20:00Z,1787793600,1.20711,1.20727,1.20697,1.20699,118,18,0
2026-08-27T01:25:00Z,1787793900,1.207,1.20756,1.20699,1.2074,122,18,0
2026-08-27T01:30:00Z,1787794200,1.2074,1.20787,1.20733,1.2074,125,18,0
2026-08-27T01:35:00Z,1787794500,1.2074,1.20759,1.20734,1.20757,110,18,0
2026-08-27T01:40:00Z,1787794800,1.20757,1.2078,1.20749,1.20759,120,18,0
2026-08-27T01:45:00Z,1787795100,1.20759,1.20783,1.20758,1.2077499999999999,90,18,0
2026-08-27T01:50:00Z,1787795400,1.2077499999999999,1.2077499999999999,1.20739,1.20739,90,18,0
2026-08-27T01:55:00Z,1787795700,1.20739,1.2074,1.20718,1.20725,90,18,0
2026-08-27T02:00:00Z,1787796000,1.20725,1.20744,1.20702,1.20708,116,18,0
2026-08-27T02:05:00Z,1787796300,1.20709,1.20715,1.20694,1.20696,83,18,0
2026-08-27T02:10:00Z,1787796600,1.20696,1.20725,1.20696,1.20707,96,18,0
2026-08-27T02:15:00Z,1787796900,1.20708,1.2071,1.20696,1.20698,67,18,0
2026-08-27T02:20:00Z,1787797200,1.20699,1.20728,1.20697,1.20728,89,18,0
2026-08-27T02:25:00Z,1787797500,1.20728,1.20733,1.2072,1.20725,68,18,0
2026-08-27T02:30:00Z,1787797800,1.20728,1.20729,1.20698,1.20698,80,18,0
2026-08-27T02:35:00Z,1787798100,1.20697,1.20731,1.20688,1.2073,102,18,0
2026-08-27T02:40:00Z,1787798400,1.2073,1.20731,1.20709,1.2071,77,18,0
2026-08-27T02:45:00Z,1787798700,1.2071,1.2071,1.20686,1.207,98,18,0
2026-08-27T02:50:00Z,1787799000,1.207,1.207,1.2064,1.2064,81,18,0
2026-08-27T02:55:00Z,1787799300,1.2064,1.2066,1.2062599999999999,1.20651,90,18,0
2026-08-27T03:00:00Z,1787799600,1.20649,1.20655,1.20627,1.20636,124,18,0
2026-08-27T03:05:00Z,1787799900,1.20636,1.20656,1.20629,1.20645,109,18,0
2026-08-27T03:10:00Z,1787800200,1.20645,1.20645,1.20601,1.20613,94,18,0
2026-08-27T03:15:00Z,1787800500,1.20613,1.20625,1.20608,1.20621,55,18,0
2026-08-27T03:20:00Z,1787800800,1.20622,1.20645,1.20617,1.20645,69,18,0
2026-08-27T03:25:00Z,1787801100,1.20646,1.2065299999999999,1.20624,1.2062599999999999,91,18,0
2026-08-27T03:30:00Z,1787801400,1.2062599999999999,1.2065,1.20623,1.20642,79,18,0
2026-08-27T03:35:00Z,1787801700,1.20642,1.20659,1.20638,1.20654,72,18,0
2026-08-27T03:40:00Z,1787802000,1.20654,1.2067,1.20654,1.20662,54,18,0
2026-08-27T03:45:00Z,1787802300,1.20661,1.20667,1.2064,1.20661,58,18,0
2026-08-27T03:50:00Z,1787802600,1.20661,1.20671,1.20657,1.20668,50,18,0
2026-08-27T03:55:00Z,1787802900,1.20668,1.20674,1.20659,1.2066,60,18,0
2026-08-27T04:00:00Z,1787803200,1.2066,1.20674,1.20652,1.20652,92,18,0
2026-08-27T04:05:00Z,1787803500,1.20652,1.20658,1.2064300000000001,1.20658,78,18,0
2026-08-27T04:10:00Z,1787803800,1.20656,1.20683,1.20648,1.20683,54,18,0
2026-08-27T04:15:00Z,1787804100,1.20683,1.20694,1.2068,1.20688,57,18,0
2026-08-27T04:20:00Z,1787804400,1.20688,1.207,1.2068,1.207,46,18,0
2026-08-27T04:25:00Z,1787804700,1.20698,1.2070400000000001,1.20676,1.20681,58,18,0
2026-08-27T04:30:00Z,1787805000,1.20681,1.20689,1.20673,1.20674,37,18,0
2026-08-27T04:35:00Z,1787805300,1.20675,1.20675,1.20651,1.20655,59,18,0
2026-08-27T04:40:00Z,1787805600,1.20654,1.20696,1.20652,1.20694,73,18,0
2026-08-27T04:45:00Z,1787805900,1.20694,1.20695,1.20685,1.2069,50,18,0
2026-08-27T04:50:00Z,1787806200,1.2069,1.20731,1.20685,1.2072,74,18,0
2026-08-27T04:55:00Z,1787806500,1.20718,1.20726,1.20713,1.20717,61,18,0
2026-08-27T05:00:00Z,1787806800,1.20717,1.20725,1.20712,1.20715,70,18,0
2026-08-27T05:05:00Z,1787807100,1.20715,1.20725,1.20713,1.20719,73,18,0
2026-08-27T05:10:00Z,1787807400,1.20719,1.20724,1.20706,1.20723,60,18,0
2026-08-27T05:15:00Z,1787807700,1.20723,1.20733,1.20715,1.2072,86,18,0
2026-08-27T05:20:00Z,1787808000,1.2072,1.2072,1.20705,1.2071,77,18,0
2026-08-27T05:25:00Z,1787808300,1.20711,1.20711,1.20693,1.20702,74,18,0
2026-08-27T05:30:00Z,1787808600,1.20702,1.20721,1.20693,1.20721,87,18,0
2026-08-27T05:35:00Z,1787808900,1.20723,1.20725,1.20713,1.20716,57,18,0
2026-08-27T05:40:00Z,1787809200,1.20716,1.20716,1.20692,1.20712,91,18,0
2026-08-27T05:45:00Z,1787809500,1.20712,1.20729,1.20709,1.20726,77,18,0
2026-08-27T05:50:00Z,1787809800,1.20727,1.20735,1.20712,1.20721,91,18,0
2026-08-27T05:55:00Z,1787810100,1.2072,1.20754,1.20708,1.20739,93,18,0
2026-08-27T06:00:00Z,1787810400,1.20736,1.20745,1.20727,1.20737,97,18,0
2026-08-27T06:05:00Z,1787810700,1.20737,1.20761,1.20732,1.2074799999999999,87,18,0
2026-08-27T06:10:00Z,1787811000,1.2074799999999999,1.20762,1.2074,1.20761,96,18,0
2026-08-27T06:15:00Z,1787811300,1.2076,1.2077,1.20755,1.20766,83,18,0
2026-08-27T06:20:00Z,1787811600,1.20767,1.2077499999999999,1.20759,1.20774,82,18,0
2026-08-27T06:25:00Z,1787811900,1.20773,1.20786,1.20763,1.20779,111,18,0
2026-08-27T06:30:00Z,1787812200,1.20779,1.20785,1.2076500000000001,1.20766,102,18,0
2026-08-27T06:35:00Z,1787812500,1.20766,1.20774,1.20758,1.20773,86,18,0
2026-08-27T06:40:00Z,1787812800,1.20773,1.20774,1.20753,1.20753,67,18,0
2026-08-27T06:45:00Z,1787813100,1.20754,1.20766,1.20734,1.20744,113,18,0
2026-08-27T06:50:00Z,1787813400,1.20745,1.20764,1.20741,1.20758,105,18,0
2026-08-27T06:55:00Z,1787813700,1.20758,1.2076,1.20743,1.20753,104,18,0
2026-08-27T07:00:00Z,1787814000,1.20753,1.20781,1.20752,1.20763,131,18,0
2026-08-27T07:05:00Z,1787814300,1.20763,1.20789,1.20762,1.20783,102,18,0
2026-08-27T07:10:00Z,1787814600,1.20783,1.2079,1.20779,1.20784,89,18,0
2026-08-27T07:15:00Z,1787814900,1.20785,1.20802,1.2076500000000001,1.20801,112,18,0
2026-08-27T07:20:00Z,1787815200,1.20801,1.2082600000000001,1.20796,1.20817,97,18,0
2026-08-27T07:25:00Z,1787815500,1.20817,1.20838,1.20814,1.20823,109,18,0
2026-08-27T07:30:00Z,1787815800,1.20825,1.20829,1.20811,1.20816,99,18,0
2026-08-27T07:35:00Z,1787816100,1.20819,1.20839,1.20806,1.20839,108,18,0
2026-08-27T07:40:00Z,1787816400,1.20839,1.20849,1.20839,1.20849,90,18,0
2026-08-27T07:45:00Z,1787816700,1.20847,1.2085,1.2084,1.20847,85,18,0
2026-08-27T07:50:00Z,1787817000,1.20847,1.20866,1.20845,1.20853,147,18,0
2026-08-27T07:55:00Z,1787817300,1.20854,1.20877,1.20848,1.20873,101,18,0
2026-08-27T08:00:00Z,1787817600,1.20873,1.20879,1.20829,1.20838,129,18,0
2026-08-27T08:05:00Z,1787817900,1.20837,1.20843,1.20825,1.20837,85,18,0
2026-08-27T08:10:00Z,1787818200,1.20838,1.20855,1.2082,1.20855,99,18,0
2026-08-27T08:15:00Z,1787818500,1.20855,1.20871,1.20849,1.20861,108,18,0
2026-08-27T08:20:00Z,1787818800,1.20861,1.20871,1.20857,1.20869,75,18,0
2026-08-27T08:25:00Z,1787819100,1.20869,1.20873,1.20856,1.20859,81,18,0
2026-08-27T08:30:00Z,1787819400,1.20859,1.20863,1.20837,1.20841,92,18,0
2026-08-27T08:35:00Z,1787819700,1.20841,1.20852,1.20832,1.20848,112,18,0
2026-08-27T08:40:00Z,1787820000,1.20848,1.20853,1.20838,1.20853,101,18,0
2026-08-27T08:45:00Z,1787820300,1.20852,1.20854,1.2083599999999999,1.20841,82,18,0
2026-08-27T08:50:00Z,1787820600,1.20841,1.20881,1.20841,1.20881,84,18,0
2026-08-27T08:55:00Z,1787820900,1.2088,1.20881,1.20858,1.20868,102,18,0
2026-08-27T09:00:00Z,1787821200,1.20868,1.20874,1.20837,1.20837,142,18,0
2026-08-27T09:05:00Z,1787821500,1.20837,1.20865,1.20837,1.20852,116,18,0
2026-08-27T09:10:00Z,1787821800,1.20851,1.20854,1.20835,1.20835,91,18,0
2026-08-27T09:15:00Z,1787822100,1.20835,1.2085,1.20835,1.20844,101,18,0
2026-08-27T09:20:00Z,1787822400,1.20844,1.20844,1.20832,1.20838,76,18,0
2026-08-27T09:25:00Z,1787822700,1.20838,1.20854,1.20837,1.20846,94,18,0
2026-08-27T09:30:00Z,1787823000,1.20846,1.20862,1.20843,1.20856,94,18,0
2026-08-27T09:35:00Z,1787823300,1.20856,1.20862,1.20848,1.20849,108,18,0
2026-08-27T09:40:00Z,1787823600,1.20849,1.20861,1.20843,1.20844,105,18,0
2026-08-27T09:45:00Z,1787823900,1.20844,1.20845,1.20821,1.20829,96,18,0
2026-08-27T09:50:00Z,1787824200,1.20829,1.2083,1.20817,1.20821,78,18,0
2026-08-27T09:55:00Z,1787824500,1.2082,1.20841,1.20818,1.20833,107,18,0
2026-08-27T10:00:00Z,1787824800,1.20832,1.2084,1.20824,1.20827,114,18,0
2026-08-27T10:05:00Z,1787825100,1.2082600000000001,1.2083599999999999,1.20822,1.20823,77,18,0
2026-08-27T10:10:00Z,1787825400,1.20823,1.20825,1.20788,1.20788,67,18,0
2026-08-27T10:15:00Z,1787825700,1.20788,1.20796,1.20787,1.20792,72,18,0
2026-08-27T10:20:00Z,1787826000,1.20792,1.20803,1.20786,1.20801,77,18,0
2026-08-27T10:25:00Z,1787826300,1.20801,1.20802,1.20792,1.20798,86,18,0
2026-08-27T10:30:00Z,1787826600,1.20798,1.20818,1.20798,1.20818,73,18,0
2026-08-27T10:35:00Z,1787826900,1.20818,1.20831,1.20812,1.20813,96,18,0
2026-08-27T10:40:00Z,1787827200,1.20813,1.20814,1.20801,1.20801,88,18,0
2026-08-27T10:45:00Z,1787827500,1.20801,1.20817,1.208,1.2080899999999999,96,18,0
2026-08-27T10:50:00Z,1787827800,1.2080899999999999,1.20815,1.20805,1.20805,73,18,0
2026-08-27T10:55:00Z,1787828100,1.20805,1.20808,1.20789,1.20794,71,18,0
2026-08-27T11:00:00Z,1787828400,1.20793,1.20815,1.20788,1.20815,113,18,0
2026-08-27T11:05:00Z,1787828700,1.20816,1.20819,1.20805,1.20808,78,18,0
2026-08-27T11:10:00Z,1787829000,1.20811,1.20831,1.20811,1.2082,76,18,0
2026-08-27T11:15:00Z,1787829300,1.2082,1.2082,1.20793,1.20793,84,18,0
2026-08-27T11:20:00Z,1787829600,1.20794,1.2080899999999999,1.20788,1.20801,71,18,0
2026-08-27T11:25:00Z,1787829900,1.2079900000000001,1.20804,1.20791,1.20802,81,18,0
2026-08-27T11:30:00Z,1787830200,1.2079900000000001,1.2079900000000001,1.20783,1.20789,97,18,0
2026-08-27T11:35:00Z,1787830500,1.20789,1.20814,1.20787,1.20803,90,18,0
2026-08-27T11:40:00Z,1787830800,1.20806,1.20807,1.20789,1.20798,94,18,0
2026-08-27T11:45:00Z,1787831100,1.20798,1.2079900000000001,1.20781,1.20788,82,18,0
2026-08-27T11:50:00Z,1787831400,1.20787,1.20787,1.20759,1.20759,87,18,0
2026-08-27T11:55:00Z,1787831700,1.20759,1.20795,1.20756,1.20794,118,18,0
2026-08-27T12:00:00Z,1787832000,1.20794,1.20824,1.20782,1.20811,184,18,0
2026-08-27T12:05:00Z,1787832300,1.20811,1.20823,1.2079,1.20798,121,18,0
2026-08-27T12:10:00Z,1787832600,1.20798,1.2083,1.20795,1.2083,101,18,0
2026-08-27T12:15:00Z,1787832900,1.20829,1.2083599999999999,1.2081,1.20831,104,18,0
2026-08-27T12:20:00Z,1787833200,1.20829,1.20874,1.2082600000000001,1.20863,134,18,0
2026-08-27T12:25:00Z,1787833500,1.20862,1.20878,1.20862,1.20866,111,18,0
2026-08-27T12:30:00Z,1787833800,1.20865,1.20872,1.20838,1.20843,114,18,0
2026-08-27T12:35:00Z,1787834100,1.20843,1.20884,1.20841,1.20884,129,18,0
2026-08-27T12:40:00Z,1787834400,1.20884,1.20889,1.2083599999999999,1.20839,131,18,0
2026-08-27T12:45:00Z,1787834700,1.20839,1.20839,1.20827,1.20829,98,18,0
2026-08-27T12:50:00Z,1787835000,1.2083,1.20842,1.20828,1.20834,101,18,0
2026-08-27T12:55:00Z,1787835300,1.20834,1.20848,1.20829,1.20844,112,18,0
2026-08-27T13:00:00Z,1787835600,1.20843,1.20855,1.20798,1.20804,165,18,0
2026-08-27T13:05:00Z,1787835900,1.20804,1.20837,1.20802,1.20835,127,18,0
2026-08-27T13:10:00Z,1787836200,1.20833,1.20837,1.2082600000000001,1.20828,116,18,0
2026-08-27T13:15:00Z,1787836500,1.20828,1.20837,1.20819,1.2082,109,18,0
2026-08-27T13:20:00Z,1787836800,1.20819,1.20822,1.2076,1.20779,139,18,0
2026-08-27T13:25:00Z,1787837100,1.20778,1.20792,1.2076500000000001,1.20792,136,18,0
2026-08-27T13:30:00Z,1787837400,1.20791,1.20812,1.20787,1.20794,152,18,0
2026-08-27T13:35:00Z,1787837700,1.20793,1.20811,1.20792,1.20802,156,18,0
2026-08-27T13:40:00Z,1787838000,1.20803,1.20813,1.20795,1.20802,140,18,0
2026-08-27T13:45:00Z,1787838300,1.20804,1.2082,1.20789,1.20803,148,18,0
2026-08-27T13:50:00Z,1787838600,1.20804,1.20814,1.20801,1.20804,135,18,0
2026-08-27T13:55:00Z,1787838900,1.20804,1.20811,1.20782,1.20811,146,18,0
2026-08-27T14:00:00Z,1787839200,1.20811,1.20848,1.20811,1.20841,144,18,0
2026-08-27T14:05:00Z,1787839500,1.20841,1.20868,1.20838,1.20851,135,18,0
2026-08-27T14:10:00Z,1787839800,1.20853,1.20854,1.20804,1.20822,137,18,0
2026-08-27T14:15:00Z,1787840100,1.20823,1.2083,1.20804,1.20807,110,18,0
2026-08-27T14:20:00Z,1787840400,1.20807,1.20867,1.20806,1.20864,144,18,0
2026-08-27T14:25:00Z,1787840700,1.20864,1.20875,1.20851,1.20872,102,18,0
2026-08-27T14:30:00Z,1787841000,1.20874,1.2089699999999999,1.20869,1.2089699999999999,138,18,0
2026-08-27T14:35:00Z,1787841300,1.2089699999999999,1.20911,1.20878,1.20881,130,18,0
2026-08-27T14:40:00Z,1787841600,1.20881,1.20885,1.2086999999999999,1.20877,131,18,0
2026-08-27T14:45:00Z,1787841900,1.20878,1.2089,1.20867,1.20871,132,18,0
2026-08-27T14:50:00Z,1787842200,1.2086999999999999,1.20889,1.20862,1.20865,133,18,0
2026-08-27T14:55:00Z,1787842500,1.20867,1.20915,1.20848,1.20901,215,18,0
2026-08-27T15:00:00Z,1787842800,1.20902,1.20935,1.2089,1.20934,154,18,0
2026-08-27T15:05:00Z,1787843100,1.20934,1.20948,1.20919,1.20939,122,18,0
2026-08-27T15:10:00Z,1787843400,1.2094,1.20941,1.20903,1.20905,128,18,0
2026-08-27T15:15:00Z,1787843700,1.20904,1.20909,1.2089699999999999,1.20909,97,18,0
2026-08-27T15:20:00Z,1787844000,1.2091,1.20927,1.20908,1.20908,80,18,0
2026-08-27T15:25:00Z,1787844300,1.20908,1.20919,1.20905,1.2091,96,18,0
2026-08-27T15:30:00Z,1787844600,1.2091,1.2091,1.20896,1.20898,88,18,0
2026-08-27T15:35:00Z,1787844900,1.20898,1.20919,1.20898,1.20916,66,18,0
2026-08-27T15:40:00Z,1787845200,1.20916,1.20941,1.20913,1.20937,85,18,0
2026-08-27T15:45:00Z,1787845500,1.20935,1.20944,1.20927,1.2093,73,18,0
2026-08-27T15:50:00Z,1787845800,1.2093,1.20932,1.20903,1.20907,72,18,0
2026-08-27T15:55:00Z,1787846100,1.20906,1.20912,1.20899,1.20908,67,18,0
2026-08-27T16:00:00Z,1787846400,1.20909,1.20922,1.20905,1.20922,64,18,0
2026-08-27T16:05:00Z,1787846700,1.20922,1.20939,1.20922,1.20924,83,18,0
2026-08-27T16:10:00Z,1787847000,1.20924,1.20924,1.20883,1.20883,80,18,0
2026-08-27T16:15:00Z,1787847300,1.20883,1.20895,1.20883,1.20883,113,18,0
2026-08-27T16:20:00Z,1787847600,1.20884,1.20892,1.20873,1.20879,95,18,0
2026-08-27T16:25:00Z,1787847900,1.2088,1.2088700000000001,1.20871,1.2088700000000001,80,18,0
2026-08-27T16:30:00Z,1787848200,1.20888,1.20901,1.20885,1.20899,90,18,0
2026-08-27T16:35:00Z,1787848500,1.20899,1.2091,1.20899,1.20908,63,18,0
2026-08-27T16:40:00Z,1787848800,1.20908,1.20909,1.209,1.209,54,18,0
2026-08-27T16:45:00Z,1787849100,1.209,1.20922,1.20899,1.20916,83,18,0
2026-08-27T16:50:00Z,1787849400,1.20916,1.20918,1.20904,1.20904,82,18,0
2026-08-27T16:55:00Z,1787849700,1.20905,1.20919,1.20895,1.20918,103,18,0
2026-08-27T17:00:00Z,1787850000,1.20916,1.20917,1.209,1.20901,87,18,0
2026-08-27T17:05:00Z,1787850300,1.20901,1.2091,1.209,1.20906,66,18,0
2026-08-27T17:10:00Z,1787850600,1.20906,1.20908,1.20902,1.20908,45,18,0
2026-08-27T17:15:00Z,1787850900,1.20908,1.20916,1.20906,1.2091,68,18,0
2026-08-27T17:20:00Z,1787851200,1.2091,1.2092100000000001,1.20905,1.20913,68,18,0
2026-08-27T17:25:00Z,1787851500,1.20913,1.20924,1.20913,1.2092,56,18,0
2026-08-27T17:30:00Z,1787851800,1.2092100000000001,1.20925,1.20913,1.20918,76,18,0
2026-08-27T17:35:00Z,1787852100,1.20918,1.2092100000000001,1.20912,1.20919,71,18,0
2026-08-27T17:40:00Z,1787852400,1.20919,1.2092,1.20913,1.20914,71,18,0
2026-08-27T17:45:00Z,1787852700,1.20914,1.20934,1.20912,1.20926,99,18,0
2026-08-27T17:50:00Z,1787853000,1.20926,1.20934,1.20926,1.20928,89,18,0
2026-08-27T17:55:00Z,1787853300,1.20928,1.20941,1.20923,1.2094,74,18,0
2026-08-27T18:00:00Z,1787853600,1.2094,1.20947,1.20936,1.20944,84,18,0
2026-08-27T18:05:00Z,1787853900,1.20945,1.20952,1.20939,1.20948,95,18,0
2026-08-27T18:10:00Z,1787854200,1.20948,1.20952,1.20942,1.20946,76,18,0
2026-08-27T18:15:00Z,1787854500,1.20946,1.20947,1.2093099999999999,1.20935,80,18,0
2026-08-27T18:20:00Z,1787854800,1.20934,1.20944,1.20934,1.20941,71,18,0
2026-08-27T18:25:00Z,1787855100,1.20941,1.20948,1.20941,1.20945,53,18,0
2026-08-27T18:30:00Z,1787855400,1.20945,1.20955,1.20941,1.20953,71,18,0
2026-08-27T18:35:00Z,1787855700,1.20953,1.20957,1.20948,1.20955,64,18,0
2026-08-27T18:40:00Z,1787856000,1.20955,1.20955,1.20932,1.20946,61,18,0
2026-08-27T18:45:00Z,1787856300,1.20946,1.20952,1.20944,1.20945,55,18,0
2026-08-27T18:50:00Z,1787856600,1.20946,1.20947,1.20925,1.20927,60,18,0
2026-08-27T18:55:00Z,1787856900,1.20927,1.20946,1.20924,1.20942,83,18,0
2026-08-27T19:00:00Z,1787857200,1.20942,1.20942,1.2093099999999999,1.20936,82,18,0
2026-08-27T19:05:00Z,1787857500,1.20936,1.20937,1.20927,1.20935,63,18,0
2026-08-27T19:10:00Z,1787857800,1.20935,1.20951,1.20934,1.20944,55,18,0
2026-08-27T19:15:00Z,1787858100,1.20944,1.20945,1.20936,1.20936,60,18,0
2026-08-27T19:20:00Z,1787858400,1.20936,1.20936,1.2093099999999999,1.2093099999999999,51,18,0
2026-08-27T19:25:00Z,1787858700,1.2093099999999999,1.20932,1.20925,1.20929,55,18,0
2026-08-27T19:30:00Z,1787859000,1.20929,1.20944,1.20929,1.2094,60,18,0
2026-08-27T19:35:00Z,1787859300,1.2094,1.2094,1.20929,1.2093099999999999,51,18,0
2026-08-27T19:40:00Z,1787859600,1.2093099999999999,1.20933,1.20927,1.20929,47,18,0
2026-08-27T19:45:00Z,1787859900,1.2093099999999999,1.2093099999999999,1.20918,1.20922,56,18,0
2026-08-27T19:50:00Z,1787860200,1.20922,1.20938,1.20922,1.20937,67,18,0
2026-08-27T19:55:00Z,1787860500,1.20934,1.20939,1.20933,1.20933,62,18,0
2026-08-27T20:00:00Z,1787860800,1.20934,1.20934,1.20927,1.20928,60,18,0
2026-08-27T20:05:00Z,1787861100,1.20929,1.2094,1.20927,1.20939,42,18,0
2026-08-27T20:10:00Z,1787861400,1.20939,1.20941,1.20933,1.20937,44,18,0
2026-08-27T20:15:00Z,1787861700,1.20937,1.20942,1.20919,1.2092100000000001,47,18,0
2026-08-27T20:20:00Z,1787862000,1.2092100000000001,1.20928,1.2092,1.20925,36,18,0
2026-08-27T20:25:00Z,1787862300,1.20925,1.2093099999999999,1.20922,1.20927,42,18,0
2026-08-27T20:30:00Z,1787862600,1.20927,1.20927,1.20917,1.20918,29,18,0
2026-08-27T20:35:00Z,1787862900,1.20918,1.20919,1.20916,1.20916,25,18,0
2026-08-27T20:40:00Z,1787863200,1.20916,1.20918,1.20915,1.20917,26,18,0
2026-08-27T20:45:00Z,1787863500,1.20917,1.20917,1.2091,1.20913,28,18,0
2026-08-27T20:50:00Z,1787863800,1.20913,1.20914,1.20909,1.2091,17,18,0
2026-08-27T20:55:00Z,1787864100,1.2091,1.20911,1.20889,1.20891,57,18,0
2026-08-27T21:05:00Z,1787864700,1.20892,1.20892,1.20892,1.20892,1,20,0
2026-08-27T21:10:00Z,1787865000,1.20892,1.20895,1.20889,1.20895,33,21,0
2026-08-27T21:15:00Z,1787865300,1.20893,1.20894,1.20882,1.20892,86,25,0
2026-08-27T21:20:00Z,1787865600,1.2089,1.20893,1.20879,1.20882,93,39,0
2026-08-27T21:25:00Z,1787865900,1.20881,1.20885,1.20871,1.20884,104,34,0
2026-08-27T21:30:00Z,1787866200,1.20883,1.20891,1.20875,1.20877,90,27,0
2026-08-27T21:35:00Z,1787866500,1.20878,1.20881,1.2086000000000001,1.20865,100,36,0
2026-08-27T21:40:00Z,1787866800,1.20866,1.2088,1.20859,1.20875,123,34,0
2026-08-27T21:45:00Z,1787867100,1.20874,1.20879,1.20867,1.20868,69,45,0
2026-08-27T21:50:00Z,1787867400,1.20867,1.20878,1.20867,1.20874,36,41,0
2026-08-27T21:55:00Z,1787867700,1.20874,1.20882,1.20874,1.20881,12,32,0
2026-08-27T22:00:00Z,1787868000,1.20883,1.20905,1.20883,1.20894,93,45,0
2026-08-27T22:05:00Z,1787868300,1.20894,1.20896,1.20879,1.20888,28,46,0
2026-08-27T22:10:00Z,1787868600,1.20888,1.20891,1.20881,1.20881,25,46,0
2026-08-27T22:15:00Z,1787868900,1.20881,1.20882,1.20866,1.20866,60,46,0
2026-08-27T22:20:00Z,1787869200,1.20866,1.20874,1.20865,1.20871,22,46,0
2026-08-27T22:25:00Z,1787869500,1.20871,1.20878,1.20871,1.20878,18,46,0
2026-08-27T22:30:00Z,1787869800,1.20878,1.20878,1.20848,1.20848,33,46,0
2026-08-27T22:35:00Z,1787870100,1.20848,1.20857,1.20848,1.20852,28,30,0
2026-08-27T22:40:00Z,1787870400,1.20852,1.2086000000000001,1.20852,1.20855,23,30,0
2026-08-27T22:45:00Z,1787870700,1.20855,1.2086000000000001,1.2085,1.2085,26,30,0
2026-08-27T22:50:00Z,1787871000,1.2085,1.2085,1.2083,1.20833,24,30,0
2026-08-27T22:55:00Z,1787871300,1.20833,1.2084,1.20822,1.20832,47,30,0
2026-08-27T23:00:00Z,1787871600,1.20832,1.20832,1.20808,1.20808,33,30,0
2026-08-27T23:05:00Z,1787871900,1.20808,1.20815,1.20808,1.20815,20,30,0
2026-08-27T23:10:00Z,1787872200,1.20811,1.20811,1.20782,1.2079,29,30,0
2026-08-27T23:15:00Z,1787872500,1.2079,1.20797,1.20786,1.20797,22,30,0
2026-08-27T23:20:00Z,1787872800,1.20797,1.20805,1.20791,1.20797,35,30,0
2026-08-27T23:25:00Z,1787873100,1.20797,1.20803,1.20791,1.20803,34,30,0
2026-08-27T23:30:00Z,1787873400,1.20805,1.20807,1.2079900000000001,1.2079900000000001,14,30,0
2026-08-27T23:35:00Z,1787873700,1.2079900000000001,1.20816,1.20793,1.20796,45,30,0
2026-08-27T23:40:00Z,1787874000,1.20796,1.20811,1.20795,1.20806,42,18,0
2026-08-27T23:45:00Z,1787874300,1.20806,1.20806,1.20786,1.20786,40,30,0
2026-08-27T23:50:00Z,1787874600,1.20786,1.20811,1.20786,1.2081,36,18,0
2026-08-27T23:55:00Z,1787874900,1.2081,1.20829,1.2080899999999999,1.20827,54,18,0
2026-08-28T00:00:00Z,1787875200,1.20834,1.2084,1.20817,1.20828,99,18,0
2026-08-28T00:05:00Z,1787875500,1.20828,1.20844,1.20813,1.20816,98,18,0
2026-08-28T00:10:00Z,1787875800,1.20817,1.20825,1.20814,1.20824,63,18,0
2026-08-28T00:15:00Z,1787876100,1.20824,1.20838,1.20823,1.2083599999999999,82,18,0
2026-08-28T00:20:00Z,1787876400,1.2083599999999999,1.20837,1.20825,1.2083,58,18,0
2026-08-28T00:25:00Z,1787876700,1.20829,1.20854,1.20829,1.20844,64,18,0
2026-08-28T00:30:00Z,1787877000,1.20846,1.20852,1.20837,1.20843,70,18,0
2026-08-28T00:35:00Z,1787877300,1.20843,1.20847,1.20833,1.2084,55,18,0
2026-08-28T00:40:00Z,1787877600,1.20839,1.20843,1.20823,1.20824,43,18,0
2026-08-28T00:45:00Z,1787877900,1.20822,1.20839,1.20818,1.20834,67,18,0
2026-08-28T00:50:00Z,1787878200,1.20834,1.20844,1.20813,1.20814,79,18,0
2026-08-28T00:55:00Z,1787878500,1.20815,1.20828,1.20812,1.20823,60,18,0
2026-08-28T01:00:00Z,1787878800,1.20824,1.20837,1.20811,1.20823,116,18,0
2026-08-28T01:05:00Z,1787879100,1.20823,1.2083599999999999,1.20823,1.20828,75,18,0
2026-08-28T01:10:00Z,1787879400,1.2082600000000001,1.20833,1.2082,1.20831,63,18,0
2026-08-28T01:15:00Z,1787879700,1.2083,1.2083,1.20789,1.20804,104,18,0
2026-08-28T01:20:00Z,1787880000,1.20804,1.20806,1.20791,1.20806,94,18,0
2026-08-28T01:25:00Z,1787880300,1.20807,1.20807,1.20767,1.20771,87,18,0
2026-08-28T01:30:00Z,1787880600,1.20771,1.20771,1.20735,1.2076,109,18,0
2026-08-28T01:35:00Z,1787880900,1.20762,1.20778,1.20743,1.20743,115,18,0
2026-08-28T01:40:00Z,1787881200,1.20743,1.20776,1.20721,1.20776,115,18,0
2026-08-28T01:45:00Z,1787881500,1.20776,1.20793,1.20772,1.20791,94,18,0
2026-08-28T01:50:00Z,1787881800,1.20791,1.20793,1.20757,1.2076,92,18,0
2026-08-28T01:55:00Z,1787882100,1.2076,1.2077499999999999,1.20756,1.2077499999999999,81,18,0
2026-08-28T02:00:00Z,1787882400,1.2077499999999999,1.20805,1.20773,1.20801,86,18,0
2026-08-28T02:05:00Z,1787882700,1.208,1.2081,1.20793,1.20804,57,18,0
2026-08-28T02:10:00Z,1787883000,1.20803,1.20803,1.20788,1.20796,85,18,0
2026-08-28T02:15:00Z,1787883300,1.20796,1.20805,1.20794,1.20795,54,18,0
2026-08-28T02:20:00Z,1787883600,1.20796,1.2079900000000001,1.20785,1.20786,81,18,0
2026-08-28T02:25:00Z,1787883900,1.20786,1.20814,1.20786,1.20794,99,18,0
2026-08-28T02:30:00Z,1787884200,1.20794,1.20807,1.20787,1.20794,84,18,0
2026-08-28T02:35:00Z,1787884500,1.20794,1.20802,1.2079,1.20801,64,18,0
2026-08-28T02:40:00Z,1787884800,1.208,1.20802,1.2079,1.20793,44,18,0
2026-08-28T02:45:00Z,1787885100,1.20793,1.20793,1.2075,1.20754,79,18,0
2026-08-28T02:50:00Z,1787885400,1.20754,1.20784,1.20752,1.20783,84,18,0
2026-08-28T02:55:00Z,1787885700,1.20783,1.20793,1.2077499999999999,1.20781,88,18,0
2026-08-28T03:00:00Z,1787886000,1.20781,1.20786,1.20757,1.20761,70,18,0
2026-08-28T03:05:00Z,1787886300,1.20761,1.20774,1.20759,1.20771,53,18,0
2026-08-28T03:10:00Z,1787886600,1.20771,1.2078,1.20771,1.20779,38,18,0
2026-08-28T03:15:00Z,1787886900,1.20779,1.20779,1.20768,1.20768,66,18,0
2026-08-28T03:20:00Z,1787887200,1.20768,1.20777,1.2076500000000001,1.2077499999999999,43,18,0
2026-08-28T03:25:00Z,1787887500,1.2077499999999999,1.20786,1.20773,1.20774,65,18,0
2026-08-28T03:30:00Z,1787887800,1.20774,1.2078,1.20753,1.20761,47,18,0
2026-08-28T03:35:00Z,1787888100,1.20761,1.20776,1.20761,1.20773,44,18,0
2026-08-28T03:40:00Z,1787888400,1.20773,1.20784,1.20763,1.20768,54,18,0
2026-08-28T03:45:00Z,1787888700,1.20768,1.20777,1.20767,1.20774,54,18,0
2026-08-28T03:50:00Z,1787889000,1.20774,1.20794,1.20774,1.20793,42,18,0
2026-08-28T03:55:00Z,1787889300,1.20793,1.20793,1.20769,1.20769,51,18,0
2026-08-28T04:00:00Z,1787889600,1.20769,1.20769,1.20756,1.20758,61,18,0
2026-08-28T04:05:00Z,1787889900,1.20758,1.20772,1.20744,1.20766,52,18,0
2026-08-28T04:10:00Z,1787890200,1.20766,1.20771,1.20755,1.20755,45,18,0
2026-08-28T04:15:00Z,1787890500,1.20755,1.20758,1.2074,1.20752,71,18,0
2026-08-28T04:20:00Z,1787890800,1.20752,1.20754,1.20747,1.20747,36,18,0
2026-08-28T04:25:00Z,1787891100,1.20747,1.20752,1.20743,1.20743,43,18,0
2026-08-28T04:30:00Z,1787891400,1.20745,1.2074799999999999,1.20733,1.20734,45,18,0
2026-08-28T04:35:00Z,1787891700,1.20733,1.2073800000000001,1.2073,1.2073800000000001,24,18,0
2026-08-28T04:40:00Z,1787892000,1.20739,1.20739,1.20727,1.20733,43,18,0
2026-08-28T04:45:00Z,1787892300,1.20734,1.2074,1.20731,1.20734,39,18,0
2026-08-28T04:50:00Z,1787892600,1.20734,1.20736,1.20729,1.20734,53,18,0
2026-08-28T04:55:00Z,1787892900,1.20734,1.20814,1.20733,1.20814,95,18,0
2026-08-28T05:00:00Z,1787893200,1.20812,1.2083599999999999,1.20766,1.20787,119,18,0
2026-08-28T05:05:00Z,1787893500,1.20787,1.20798,1.20767,1.20783,98,18,0
2026-08-28T05:10:00Z,1787893800,1.20783,1.20786,1.2076,1.20761,85,18,0
2026-08-28T05:15:00Z,1787894100,1.20761,1.20762,1.20736,1.20747,71,18,0
2026-08-28T05:20:00Z,1787894400,1.20747,1.20769,1.20746,1.20769,60,18,0
2026-08-28T05:25:00Z,1787894700,1.20769,1.20771,1.20758,1.20761,47,18,0
2026-08-28T05:30:00Z,1787895000,1.20763,1.20767,1.20743,1.20749,84,18,0
2026-08-28T05:35:00Z,1787895300,1.2074799999999999,1.20763,1.20742,1.2075,98,18,0
2026-08-28T05:40:00Z,1787895600,1.2074799999999999,1.20801,1.2074799999999999,1.20796,121,18,0
2026-08-28T05:45:00Z,1787895900,1.20794,1.20812,1.20792,1.20804,86,18,0
2026-08-28T05:50:00Z,1787896200,1.20804,1.20815,1.208,1.20811,76,18,0
2026-08-28T05:55:00Z,1787896500,1.20811,1.20814,1.20788,1.2081,98,18,0
2026-08-28T06:00:00Z,1787896800,1.20811,1.20815,1.20798,1.20805,113,18,0
2026-08-28T06:05:00Z,1787897100,1.20805,1.20805,1.20776,1.20784,115,18,0
2026-08-28T06:10:00Z,1787897400,1.20784,1.2080899999999999,1.20781,1.20784,105,18,0
2026-08-28T06:15:00Z,1787897700,1.20785,1.20804,1.20774,1.20798,93,18,0
2026-08-28T06:20:00Z,1787898000,1.20796,1.20798,1.20772,1.20786,105,18,0
2026-08-28T06:25:00Z,1787898300,1.20787,1.20795,1.20776,1.20782,108,18,0
2026-08-28T06:30:00Z,1787898600,1.20781,1.20811,1.20776,1.208,128,18,0
2026-08-28T06:35:00Z,1787898900,1.208,1.2080899999999999,1.20774,1.20774,136,18,0
2026-08-28T06:40:00Z,1787899200,1.20772,1.20785,1.20757,1.20772,135,18,0
2026-08-28T06:45:00Z,1787899500,1.20772,1.20793,1.2076500000000001,1.20789,121,18,0
2026-08-28T06:50:00Z,1787899800,1.2079,1.2079900000000001,1.20778,1.20792,90,18,0
2026-08-28T06:55:00Z,1787900100,1.20792,1.20795,1.20764,1.20764,95,18,0
2026-08-28T07:00:00Z,1787900400,1.2076500000000001,1.20776,1.20758,1.20758,99,18,0
2026-08-28T07:05:00Z,1787900700,1.20758,1.20761,1.2074,1.20757,125,18,0
2026-08-28T07:10:00Z,1787901000,1.20758,1.20766,1.20752,1.2076,96,18,0
2026-08-28T07:15:00Z,1787901300,1.2076,1.20778,1.20752,1.20766,105,18,0
2026-08-28T07:20:00Z,1787901600,1.20766,1.20781,1.20764,1.2077499999999999,105,18,0
2026-08-28T07:25:00Z,1787901900,1.20773,1.20782,1.20764,1.20766,107,18,0
2026-08-28T07:30:00Z,1787902200,1.20766,1.20773,1.20743,1.20743,119,18,0
2026-08-28T07:35:00Z,1787902500,1.20742,1.20764,1.20726,1.2076,123,18,0
2026-08-28T07:40:00Z,1787902800,1.2076,1.20774,1.2076,1.20768,83,18,0
2026-08-28T07:45:00Z,1787903100,1.20769,1.20779,1.20751,1.20751,83,18,0
2026-08-28T07:50:00Z,1787903400,1.20752,1.20758,1.2073,1.2073,65,18,0
2026-08-28T07:55:00Z,1787903700,1.2073,1.20746,1.20724,1.20746,90,18,0
2026-08-28T08:00:00Z,1787904000,1.20746,1.20753,1.20733,1.20749,105,18,0
2026-08-28T08:05:00Z,1787904300,1.20749,1.20756,1.20736,1.20737,96,18,0
2026-08-28T08:10:00Z,1787904600,1.2073800000000001,1.2076500000000001,1.20736,1.20755,90,18,0
2026-08-28T08:15:00Z,1787904900,1.20755,1.20778,1.20755,1.20774,103,18,0
2026-08-28T08:20:00Z,1787905200,1.20774,1.20785,1.20768,1.20776,84,18,0
2026-08-28T08:25:00Z,1787905500,1.20776,1.20792,1.2077,1.20791,74,18,0
2026-08-28T08:30:00Z,1787905800,1.20792,1.20801,1.20788,1.208,87,18,0
2026-08-28T08:35:00Z,1787906100,1.2079900000000001,1.20814,1.20797,1.20812,85,18,0
2026-08-28T08:40:00Z,1787906400,1.20812,1.20819,1.20803,1.20819,71,18,0
2026-08-28T08:45:00Z,1787906700,1.20818,1.20866,1.20816,1.20866,103,18,0
2026-08-28T08:50:00Z,1787907000,1.20866,1.20886,1.20862,1.20882,85,18,0
2026-08-28T08:55:00Z,1787907300,1.20882,1.20885,1.20875,1.20878,68,18,0
2026-08-28T09:00:00Z,1787907600,1.20878,1.2092,1.20866,1.20906,100,18,0
2026-08-28T09:05:00Z,1787907900,1.20905,1.20935,1.20894,1.20935,130,18,0
2026-08-28T09:10:00Z,1787908200,1.20936,1.20951,1.20929,1.2094,80,18,0
2026-08-28T09:15:00Z,1787908500,1.2094,1.2095,1.20917,1.20935,94,18,0
2026-08-28T09:20:00Z,1787908800,1.20933,1.2094,1.20928,1.20933,74,18,0
2026-08-28T09:25:00Z,1787909100,1.20933,1.20959,1.20927,1.20953,81,18,0
2026-08-28T09:30:00Z,1787909400,1.20953,1.20957,1.20937,1.20938,80,18,0
2026-08-28T09:35:00Z,1787909700,1.20938,1.20944,1.20928,1.20932,99,18,0
2026-08-28T09:40:00Z,1787910000,1.20932,1.20954,1.20932,1.2094,74,18,0
2026-08-28T09:45:00Z,1787910300,1.20939,1.2095,1.20927,1.20948,78,18,0
2026-08-28T09:50:00Z,1787910600,1.20949,1.20959,1.20946,1.20954,77,18,0
2026-08-28T09:55:00Z,1787910900,1.20951,1.20966,1.20948,1.20963,98,18,0
2026-08-28T10:00:00Z,1787911200,1.20964,1.20967,1.20943,1.20948,96,18,0
2026-08-28T10:05:00Z,1787911500,1.20948,1.20948,1.20933,1.20947,73,18,0
2026-08-28T10:10:00Z,1787911800,1.20947,1.20956,1.20943,1.20949,62,18,0
2026-08-28T10:15:00Z,1787912100,1.20949,1.2095,1.2094,1.20949,64,18,0
2026-08-28T10:20:00Z,1787912400,1.20949,1.20959,1.20943,1.20946,59,18,0
2026-08-28T10:25:00Z,1787912700,1.20945,1.20954,1.20944,1.20949,57,18,0
2026-08-28T10:30:00Z,1787913000,1.20949,1.20952,1.20934,1.20935,78,18,0
2026-08-28T10:35:00Z,1787913300,1.20935,1.20942,1.20928,1.20933,61,18,0
2026-08-28T10:40:00Z,1787913600,1.20933,1.20939,1.20923,1.20936,69,18,0
2026-08-28T10:45:00Z,1787913900,1.20936,1.20951,1.20934,1.20942,61,18,0
2026-08-28T10:50:00Z,1787914200,1.20942,1.20944,1.20929,1.20939,70,18,0
2026-08-28T10:55:00Z,1787914500,1.2094,1.20945,1.2093,1.20936,73,18,0
2026-08-28T11:00:00Z,1787914800,1.20936,1.20944,1.20926,1.20941,103,18,0
2026-08-28T11:05:00Z,1787915100,1.20941,1.20952,1.20937,1.20938,67,18,0
2026-08-28T11:10:00Z,1787915400,1.20938,1.20957,1.20938,1.20952,61,18,0
2026-08-28T11:15:00Z,1787915700,1.20952,1.20965,1.20952,1.20963,52,18,0
2026-08-28T11:20:00Z,1787916000,1.20963,1.2097,1.20959,1.20967,72,18,0
2026-08-28T11:25:00Z,1787916300,1.20966,1.20972,1.20942,1.20944,98,18,0
2026-08-28T11:30:00Z,1787916600,1.20942,1.20955,1.20939,1.20942,98,18,0
2026-08-28T11:35:00Z,1787916900,1.20941,1.20973,1.20941,1.20969,70,18,0
2026-08-28T11:40:00Z,1787917200,1.20969,1.20999,1.20963,1.20999,75,18,0
2026-08-28T11:45:00Z,1787917500,1.20999,1.21028,1.2098200000000001,1.21025,109,18,0
2026-08-28T11:50:00Z,1787917800,1.21025,1.21031,1.21001,1.21001,93,18,0
2026-08-28T11:55:00Z,1787918100,1.21001,1.21013,1.20988,1.20998,84,18,0
2026-08-28T12:00:00Z,1787918400,1.20998,1.21014,1.2099199999999999,1.21007,104,18,0
2026-08-28T12:05:00Z,1787918700,1.21007,1.21024,1.21002,1.21015,97,18,0
2026-08-28T12:10:00Z,1787919000,1.21015,1.21017,1.20993,1.21,86,18,0
2026-08-28T12:15:00Z,1787919300,1.21,1.21017,1.21,1.21014,95,18,0
2026-08-28T12:20:00Z,1787919600,1.21011,1.21034,1.21008,1.2102,80,18,0
2026-08-28T12:25:00Z,1787919900,1.2102,1.21032,1.21018,1.21029,77,18,0
2026-08-28T12:30:00Z,1787920200,1.21029,1.21034,1.21014,1.21025,122,18,0
2026-08-28T12:35:00Z,1787920500,1.21026,1.21031,1.21008,1.21025,104,18,0
2026-08-28T12:40:00Z,1787920800,1.21025,1.21032,1.21015,1.21029,90,18,0
2026-08-28T12:45:00Z,1787921100,1.2103,1.2103,1.21009,1.21009,101,18,0
2026-08-28T12:50:00Z,1787921400,1.2101,1.21047,1.2101,1.21045,95,18,0
2026-08-28T12:55:00Z,1787921700,1.21045,1.21045,1.21018,1.21034,151,18,0
2026-08-28T13:00:00Z,1787922000,1.21034,1.21046,1.21018,1.21025,133,18,0
2026-08-28T13:05:00Z,1787922300,1.21024,1.21033,1.21012,1.2102,87,18,0
2026-08-28T13:10:00Z,1787922600,1.2102,1.21049,1.21014,1.21037,88,18,0
2026-08-28T13:15:00Z,1787922900,1.21037,1.21038,1.21022,1.21022,80,18,0
2026-08-28T13:20:00Z,1787923200,1.21023,1.21025,1.2099199999999999,1.20998,107,18,0
2026-08-28T13:25:00Z,1787923500,1.20997,1.20997,1.20985,1.20989,121,18,0
2026-08-28T13:30:00Z,1787923800,1.2099,1.2099,1.20961,1.20962,103,18,0
2026-08-28T13:35:00Z,1787924100,1.20963,1.20984,1.20962,1.2098,110,18,0
2026-08-28T13:40:00Z,1787924400,1.20978,1.20996,1.20962,1.20972,103,18,0
2026-08-28T13:45:00Z,1787924700,1.20971,1.20984,1.20967,1.20984,95,18,0
2026-08-28T13:50:00Z,1787925000,1.20985,1.20991,1.20971,1.20987,128,18,0
2026-08-28T13:55:00Z,1787925300,1.20988,1.21,1.2093099999999999,1.20952,146,18,0
2026-08-28T14:00:00Z,1787925600,1.20955,1.21004,1.20908,1.20976,454,18,0
2026-08-28T14:05:00Z,1787925900,1.20975,1.21076,1.20975,1.21057,311,18,0
2026-08-28T14:10:00Z,1787926200,1.21059,1.21081,1.21035,1.21068,249,18,0
2026-08-28T14:15:00Z,1787926500,1.21067,1.21078,1.21048,1.21066,237,18,0
2026-08-28T14:20:00Z,1787926800,1.21066,1.21087,1.21049,1.21084,218,18,0
2026-08-28T14:25:00Z,1787927100,1.21085,1.21097,1.21052,1.21069,241,18,0
2026-08-28T14:30:00Z,1787927400,1.21068,1.21096,1.21062,1.21086,240,18,0
2026-08-28T14:35:00Z,1787927700,1.21084,1.21084,1.21032,1.2107999999999999,230,18,0
2026-08-28T14:40:00Z,1787928000,1.2107700000000001,1.2107700000000001,1.21029,1.21044,226,18,0
2026-08-28T14:45:00Z,1787928300,1.21046,1.21106,1.2104,1.21106,171,18,0
2026-08-28T14:50:00Z,1787928600,1.21106,1.21108,1.21042,1.2106,188,18,0
2026-08-28T14:55:00Z,1787928900,1.21061,1.21099,1.21049,1.21099,238,18,0
2026-08-28T15:00:00Z,1787929200,1.21101,1.21109,1.21086,1.21106,206,18,0
2026-08-28T15:05:00Z,1787929500,1.21106,1.21128,1.2109,1.21091,164,18,0
2026-08-28T15:10:00Z,1787929800,1.21091,1.21121,1.21089,1.21101,150,18,0
2026-08-28T15:15:00Z,1787930100,1.21103,1.21147,1.21099,1.21142,142,18,0
2026-08-28T15:20:00Z,1787930400,1.21142,1.2115,1.2113,1.21134,146,18,0
2026-08-28T15:25:00Z,1787930700,1.21134,1.21134,1.211,1.21124,169,18,0
2026-08-28T15:30:00Z,1787931000,1.21124,1.21147,1.21116,1.21143,167,18,0
2026-08-28T15:35:00Z,1787931300,1.21142,1.21166,1.2114099999999999,1.21156,139,18,0
2026-08-28T15:40:00Z,1787931600,1.21158,1.2117,1.21156,1.21166,147,18,0
2026-08-28T15:45:00Z,1787931900,1.2116500000000001,1.2118,1.2116500000000001,1.2118,139,18,0
2026-08-28T15:50:00Z,1787932200,1.21178,1.21191,1.21168,1.21187,123,18,0
2026-08-28T15:55:00Z,1787932500,1.21186,1.21193,1.21142,1.21143,139,18,0
2026-08-28T16:00:00Z,1787932800,1.21144,1.21169,1.21144,1.21167,153,18,0
2026-08-28T16:05:00Z,1787933100,1.21168,1.21171,1.21153,1.21166,127,18,0
2026-08-28T16:10:00Z,1787933400,1.21166,1.21198,1.2116500000000001,1.21179,179,18,0
2026-08-28T16:15:00Z,1787933700,1.2118,1.21193,1.21163,1.21172,185,18,0
2026-08-28T16:20:00Z,1787934000,1.21172,1.21179,1.21152,1.21163,186,18,0
2026-08-28T16:25:00Z,1787934300,1.21162,1.21173,1.21153,1.21158,155,18,0
2026-08-28T16:30:00Z,1787934600,1.21159,1.21169,1.21148,1.21168,122,18,0
2026-08-28T16:35:00Z,1787934900,1.21168,1.21181,1.21166,1.21172,138,18,0
2026-08-28T16:40:00Z,1787935200,1.21172,1.21173,1.21164,1.21169,126,18,0
2026-08-28T16:45:00Z,1787935500,1.2117,1.21184,1.2117,1.2117499999999999,121,18,0
2026-08-28T16:50:00Z,1787935800,1.2117499999999999,1.21187,1.21166,1.21181,145,18,0
2026-08-28T16:55:00Z,1787936100,1.2118,1.21185,1.2117,1.21171,131,18,0
2026-08-28T17:00:00Z,1787936400,1.2117,1.2117,1.2115,1.21153,130,18,0
2026-08-28T17:05:00Z,1787936700,1.21153,1.2116,1.21148,1.21153,120,18,0
2026-08-28T17:10:00Z,1787937000,1.21152,1.2116,1.21134,1.21136,113,18,0
2026-08-28T17:15:00Z,1787937300,1.21136,1.21137,1.21127,1.21129,99,18,0
2026-08-28T17:20:00Z,1787937600,1.21129,1.2113,1.21121,1.21123,105,18,0
2026-08-28T17:25:00Z,1787937900,1.21123,1.21139,1.21123,1.21137,99,18,0
2026-08-28T17:30:00Z,1787938200,1.21137,1.2114,1.21132,1.2113800000000001,68,18,0
2026-08-28T17:35:00Z,1787938500,1.2113800000000001,1.2114099999999999,1.21129,1.21137,74,18,0
2026-08-28T17:40:00Z,1787938800,1.21137,1.2114,1.21128,1.21137,68,18,0
2026-08-28T17:45:00Z,1787939100,1.21137,1.21151,1.21137,1.21143,87,18,0
2026-08-28T17:50:00Z,1787939400,1.21143,1.21146,1.21136,1.21136,60,18,0
2026-08-28T17:55:00Z,1787939700,1.21136,1.2113800000000001,1.21131,1.21131,50,18,0
2026-08-28T18:00:00Z,1787940000,1.21132,1.21134,1.2113,1.21134,38,18,0
2026-08-28T18:05:00Z,1787940300,1.21134,1.2114099999999999,1.21123,1.21126,90,18,0
2026-08-28T18:10:00Z,1787940600,1.21126,1.21149,1.21126,1.21144,67,18,0
2026-08-28T18:15:00Z,1787940900,1.21144,1.21145,1.21134,1.21144,60,18,0
2026-08-28T18:20:00Z,1787941200,1.21144,1.21146,1.21123,1.21125,62,18,0
2026-08-28T18:25:00Z,1787941500,1.21124,1.21132,1.21122,1.21123,72,18,0
2026-08-28T18:30:00Z,1787941800,1.21123,1.21126,1.21116,1.21125,61,18,0
2026-08-28T18:35:00Z,1787942100,1.21125,1.2114,1.21123,1.2114,67,18,0
2026-08-28T18:40:00Z,1787942400,1.2114,1.2115,1.21135,1.21143,75,18,0
2026-08-28T18:45:00Z,1787942700,1.21143,1.2115,1.2114,1.21148,73,18,0
2026-08-28T18:50:00Z,1787943000,1.21148,1.21151,1.21145,1.21151,57,18,0
2026-08-28T18:55:00Z,1787943300,1.21148,1.21163,1.21148,1.21153,110,18,0
2026-08-28T19:00:00Z,1787943600,1.21153,1.21158,1.21147,1.21151,113,18,0
2026-08-28T19:05:00Z,1787943900,1.21151,1.21154,1.2114099999999999,1.2114099999999999,91,18,0
2026-08-28T19:10:00Z,1787944200,1.2114099999999999,1.21144,1.21127,1.2113,75,18,0
2026-08-28T19:15:00Z,1787944500,1.2113,1.21131,1.21119,1.2112,74,18,0
2026-08-28T19:20:00Z,1787944800,1.21121,1.21123,1.2111,1.21119,66,18,0
2026-08-28T19:25:00Z,1787945100,1.21119,1.21122,1.21111,1.21115,83,18,0
2026-08-28T19:30:00Z,1787945400,1.21116,1.21118,1.21105,1.21118,86,18,0
2026-08-28T19:35:00Z,1787945700,1.21118,1.2113,1.21117,1.21118,62,18,0
2026-08-28T19:40:00Z,1787946000,1.21118,1.21119,1.21113,1.21118,42,18,0
2026-08-28T19:45:00Z,1787946300,1.21117,1.21128,1.2111399999999999,1.21127,76,18,0
2026-08-28T19:50:00Z,1787946600,1.21128,1.2113,1.2112,1.21123,72,18,0
2026-08-28T19:55:00Z,1787946900,1.21126,1.21144,1.21124,1.21127,116,18,0
2026-08-28T20:00:00Z,1787947200,1.21127,1.21129,1.21113,1.21121,80,18,0
2026-08-28T20:05:00Z,1787947500,1.21121,1.21129,1.21119,1.21126,56,18,0
2026-08-28T20:10:00Z,1787947800,1.21126,1.21132,1.21121,1.21125,54,18,0
2026-08-28T20:15:00Z,1787948100,1.21123,1.21131,1.21122,1.21131,37,18,0
2026-08-28T20:20:00Z,1787948400,1.21131,1.21142,1.21129,1.2113,42,18,0
2026-08-28T20:25:00Z,1787948700,1.2113,1.21143,1.21129,1.21131,45,18,0
2026-08-28T20:30:00Z,1787949000,1.21131,1.21131,1.21103,1.21111,59,18,0
2026-08-28T20:35:00Z,1787949300,1.21111,1.2111399999999999,1.2110400000000001,1.21111,44,18,0
2026-08-28T20:40:00Z,1787949600,1.21112,1.2112,1.21102,1.21109,43,18,0
2026-08-28T20:45:00Z,1787949900,1.21109,1.2113,1.21109,1.2113,53,18,0
2026-08-28T20:50:00Z,1787950200,1.2113,1.21132,1.21107,1.21107,39,18,0
2026-08-28T20:55:00Z,1787950500,1.21106,1.21122,1.21096,1.21108,41,18,0
