time_utc,time,open,high,low,close,tick_volume,spread,real_volume
2026-08-18T18:30:00Z,1787077800,0.5754,0.57549,0.5754,0.57545,46,9,0
2026-08-18T18:35:00Z,1787078100,0.57545,0.57549,0.57544,0.57544,43,9,0
2026-08-18T18:40:00Z,1787078400,0.57544,0.57551,0.57542,0.5755,57,9,0
2026-08-18T18:45:00Z,1787078700,0.57551,0.57554,0.57549,0.57549,26,9,0
2026-08-18T18:50:00Z,1787079000,0.57549,0.57553,0.57548,0.5755,38,9,0
2026-08-18T18:55:00Z,1787079300,0.57549,0.57556,0.57544,0.57554,85,9,0
2026-08-18T19:00:00Z,1787079600,0.57553,0.57559,0.57552,0.57558,57,9,0
2026-08-18T19:05:00Z,1787079900,0.57558,0.57562,0.57557,0.57559,43,9,0
2026-08-18T19:10:00Z,1787080200,0.57559,0.57562,0.57556,0.5756,54,9,0
2026-08-18T19:15:00Z,1787080500,0.5756,0.5756,0.57549,0.57551,38,9,0
2026-08-18T19:20:00Z,1787080800,0.57551,0.57554,0.5755,0.5755,31,9,0
2026-08-18T19:25:00Z,1787081100,0.5755,0.57562,0.57549,0.57559,42,9,0
2026-08-18T19:30:00Z,1787081400,0.57559,0.57564,0.57559,0.57561,46,9,0
2026-08-18T19:35:00Z,1787081700,0.57561,0.57562,0.57557,0.57561,40,9,0
2026-08-18T19:40:00Z,1787082000,0.57562,0.57565,0.57559,0.57562,55,9,0
2026-08-18T19:45:00Z,1787082300,0.57562,0.57564,0.57557,0.5756,42,9,0
2026-08-18T19:50:00Z,1787082600,0.57559,0.57564,0.57559,0.57561,41,9,0
2026-08-18T19:55:00Z,1787082900,0.57561,0.57567,0.57556,0.57558,68,9,0
2026-08-18T20:00:00Z,1787083200,0.57558,0.57564,0.57556,0.57559,38,9,0
2026-08-18T20:05:00Z,1787083500,0.5756,0.57563,0.57556,0.5756,35,9,0
2026-08-18T20:10:00Z,1787083800,0.5756,0.57564,0.57558,0.57561,27,9,0
2026-08-18T20:15:00Z,1787084100,0.57561,0.57562,0.57555,0.57556,24,9,0
2026-08-18T20:20:00Z,1787084400,0.57556,0.57557,0.57551,0.57554,37,9,0
2026-08-18T20:25:00Z,1787084700,0.57554,0.57559,0.57553,0.57558,32,9,0
2026-08-18T20:30:00Z,1787085000,0.57558,0.57565,0.57557,0.57564,37,9,0
2026-08-18T20:35:00Z,1787085300,0.57564,0.57564,0.57559,0.57562,42,9,0
2026-08-18T20:40:00Z,1787085600,0.57563,0.57563,0.57556,0.57562,35,9,0
2026-08-18T20:45:00Z,1787085900,0.57562,0.57566,0.57559,0.5756,52,9,0
2026-08-18T20:50:00Z,1787086200,0.5756,0.57564,0.57557,0.57563,30,9,0
2026-08-18T20:55:00Z,1787086500,0.57563,0.57565,0.57556,0.5756,41,9,0
2026-08-18T21:00:00Z,1787086800,0.57562,0.57562,0.57562,0.57562,1,9,0
2026-08-18T21:05:00Z,1787087100,0.5756,0.5756,0.57553,0.57553,16,11,0
2026-08-18T21:10:00Z,1787087400,0.57552,0.57553,0.57545,0.57546,14,21,0
2026-08-18T21:15:00Z,1787087700,0.57545,0.57545,0.57532,0.57532,24,29,0
2026-08-18T21:20:00Z,1787088000,0.57533,0.57533,0.5753,0.57531,14,43,0
2026-08-18T21:25:00Z,1787088300,0.57532,0.57541,0.57529,0.57541,23,35,0
2026-08-18T21:30:00Z,1787088600,0.57542,0.57552,0.57542,0.57551,25,24,0
2026-08-18T21:35:00Z,1787088900,0.5755,0.57551,0.57546,0.57547,25,36,0
2026-08-18T21:40:00Z,1787089200,0.57549,0.57553,0.57545,0.57546,45,27,0
2026-08-18T21:45:00Z,1787089500,0.57545,0.57546,0.57528,0.57537,76,34,0
2026-08-18T21:50:00Z,1787089800,0.57538,0.5754,0.5752,0.57522,126,41,0
2026-08-18T21:55:00Z,1787090100,0.57523,0.57538,0.57519,0.57533,100,41,0
2026-08-18T22:00:00Z,1787090400,0.57533,0.57547,0.57525,0.57545,57,22,0
2026-08-18T22:05:00Z,1787090700,0.57544,0.57548,0.57534,0.57548,37,23,0
2026-08-18T22:10:00Z,1787091000,0.57548,0.5755,0.57541,0.57541,37,23,0
2026-08-18T22:15:00Z,1787091300,0.57541,0.57553,0.5754,0.57553,32,15,0
2026-08-18T22:20:00Z,1787091600,0.57549,0.57555,0.57547,0.57554,34,15,0
2026-08-18T22:25:00Z,1787091900,0.57554,0.57554,0.57545,0.57552,33,15,0
2026-08-18T22:30:00Z,1787092200,0.57552,0.57552,0.57532,0.57547,68,15,0
2026-08-18T22:35:00Z,1787092500,0.57551,0.57553,0.5754,0.57546,31,15,0
2026-08-18T22:40:00Z,1787092800,0.57546,0.57546,0.57541,0.57546,28,15,0
2026-08-18T22:45:00Z,1787093100,0.57546,0.57549,0.57544,0.57544,23,15,0
2026-08-18T22:50:00Z,1787093400,0.57544,0.57548,0.57538,0.57541,30,15,0
2026-08-18T22:55:00Z,1787093700,0.57541,0.57541,0.57535,0.5754,17,15,0
2026-08-18T23:00:00Z,1787094000,0.57543,0.57544,0.57531,0.57532,48,9,0
2026-08-18T23:05:00Z,1787094300,0.57533,0.57539,0.57532,0.57535,44,9,0
2026-08-18T23:10:00Z,1787094600,0.57535,0.57537,0.57526,0.57528,27,9,0
2026-08-18T23:15:00Z,1787094900,0.57528,0.57528,0.57522,0.57524,31,9,0
2026-08-18T23:20:00Z,1787095200,0.57524,0.57529,0.57524,0.57524,28,9,0
2026-08-18T23:25:00Z,1787095500,0.57525,0.57532,0.57524,0.57532,33,9,0
2026-08-18T23:30:00Z,1787095800,0.57532,0.5754,0.57531,0.5754,55,9,0
2026-08-18T23:35:00Z,1787096100,0.5754,0.57545,0.57537,0.57545,40,9,0
2026-08-18T23:40:00Z,1787096400,0.57545,0.57546,0.57532,0.57532,47,9,0
2026-08-18T23:45:00Z,1787096700,0.57534,0.57538,0.57529,0.57533,45,9,0
2026-08-18T23:50:00Z,1787097000,0.57533,0.57533,0.57518,0.5752,49,9,0
2026-08-18T23:55:00Z,1787097300,0.57519,0.5752,0.5751,0.57514,60,9,0
2026-08-19T00:00:00Z,1787097600,0.57513,0.57515,0.57484,0.57491,131,9,0
2026-08-19T00:05:00Z,1787097900,0.57491,0.57502,0.57485,0.57501,105,9,0
2026-08-19T00:10:00Z,1787098200,0.57502,0.5751,0.57497,0.57497,88,9,0
2026-08-19T00:15:00Z,1787098500,0.57497,0.57504,0.5749,0.57504,89,9,0
2026-08-19T00:20:00Z,1787098800,0.57504,0.5752,0.57501,0.57518,82,9,0
2026-08-19T00:25:00Z,1787099100,0.57518,0.5753,0.57512,0.57527,79,9,0
2026-08-19T00:30:00Z,1787099400,0.57527,0.57529,0.57516,0.57517,89,9,0
2026-08-19T00:35:00Z,1787099700,0.57518,0.57521,0.57511,0.57514,61,9,0
2026-08-19T00:40:00Z,1787100000,0.57514,0.57514,0.57491,0.57502,81,9,0
2026-08-19T00:45:00Z,1787100300,0.57503,0.57503,0.57484,0.57484,54,9,0
2026-08-19T00:50:00Z,1787100600,0.57484,0.57484,0.57462,0.57465,98,9,0
2026-08-19T00:55:00Z,1787100900,0.57464,0.57476,0.57457,0.57457,111,9,0
2026-08-19T01:00:00Z,1787101200,0.57456,0.57484,0.57456,0.57483,126,9,0
2026-08-19T01:05:00Z,1787101500,0.57483,0.57495,0.57482,0.57488,82,9,0
2026-08-19T01:10:00Z,1787101800,0.57489,0.57493,0.57483,0.5749,77,9,0
2026-08-19T01:15:00Z,1787102100,0.5749,0.5749,0.57439,0.57447,161,9,0
2026-08-19T01:20:00Z,1787102400,0.57446,0.57481,0.57444,0.5748,114,9,0
2026-08-19T01:25:00Z,1787102700,0.5748,0.57483,0.57463,0.57477,80,9,0
2026-08-19T01:30:00Z,1787103000,0.57477,0.57482,0.57462,0.57463,84,9,0
2026-08-19T01:35:00Z,1787103300,0.57462,0.57468,0.57449,0.57456,71,9,0
2026-08-19T01:40:00Z,1787103600,0.57456,0.57465,0.57454,0.57455,72,9,0
2026-08-19T01:45:00Z,1787103900,0.57454,0.57457,0.57439,0.57441,68,9,0
2026-08-19T01:50:00Z,1787104200,0.57441,0.5745,0.5744,0.57448,66,9,0
2026-08-19T01:55:00Z,1787104500,0.57448,0.57459,0.57446,0.57449,73,9,0
2026-08-19T02:00:00Z,1787104800,0.57449,0.57459,0.57445,0.57453,73,9,0
2026-08-19T02:05:00Z,1787105100,0.57452,0.57453,0.57436,0.57439,81,9,0
2026-08-19T02:10:00Z,1787105400,0.57439,0.57441,0.57429,0.57436,61,9,0
2026-08-19T02:15:00Z,1787105700,0.57435,0.5744,0.57419,0.57423,190,9,0
2026-08-19T02:20:00Z,1787106000,0.57423,0.57434,0.57423,0.5743,95,9,0
2026-08-19T02:25:00Z,1787106300,0.5743,0.57433,0.57424,0.57426,83,9,0
2026-08-19T02:30:00Z,1787106600,0.57426,0.57428,0.57414,0.57414,72,9,0
2026-08-19T02:35:00Z,1787106900,0.57415,0.57421,0.57408,0.57419,74,9,0
2026-08-19T02:40:00Z,1787107200,0.57418,0.5744,0.57416,0.5744,70,9,0
2026-08-19T02:45:00Z,1787107500,0.57439,0.57467,0.57439,0.57459,124,9,0
2026-08-19T02:50:00Z,1787107800,0.57459,0.5746,0.57446,0.57453,81,9,0
2026-08-19T02:55:00Z,1787108100,0.57453,0.57455,0.57443,0.57446,69,9,0
2026-08-19T03:00:00Z,1787108400,0.57446,0.57446,0.57428,0.5743,68,9,0
2026-08-19T03:05:00Z,1787108700,0.5743,0.5743,0.57421,0.57424,52,9,0
2026-08-19T03:10:00Z,1787109000,0.57424,0.57427,0.57422,0.57426,54,9,0
2026-08-19T03:15:00Z,1787109300,0.57426,0.57428,0.57422,0.57423,40,9,0
2026-08-19T03:20:00Z,1787109600,0.57423,0.57425,0.57416,0.57416,41,9,0
2026-08-19T03:25:00Z,1787109900,0.57416,0.57418,0.57411,0.57411,48,9,0
2026-08-19T03:30:00Z,1787110200,0.57411,0.57415,0.57406,0.57407,58,9,0
2026-08-19T03:35:00Z,1787110500,0.57407,0.5742,0.57407,0.57417,48,9,0
2026-08-19T03:40:00Z,1787110800,0.57417,0.57417,0.57402,0.57403,57,9,0
2026-08-19T03:45:00Z,1787111100,0.57403,0.57405,0.57399,0.57405,43,9,0
2026-08-19T03:50:00Z,1787111400,0.57405,0.57408,0.57402,0.57403,54,9,0
2026-08-19T03:55:00Z,1787111700,0.57403,0.57406,0.574,0.574,41,9,0
2026-08-19T04:00:00Z,1787112000,0.574,0.57403,0.57393,0.57397,40,9,0
2026-08-19T04:05:00Z,1787112300,0.57397,0.574,0.57388,0.57389,43,9,0
2026-08-19T04:10:00Z,1787112600,0.57389,0.57397,0.57384,0.5739,54,9,0
2026-08-19T04:15:00Z,1787112900,0.5739,0.5739,0.57381,0.57386,64,9,0
2026-08-19T04:20:00Z,1787113200,0.57386,0.57386,0.57374,0.57381,60,9,0
2026-08-19T04:25:00Z,1787113500,0.57381,0.57387,0.5738,0.57382,43,9,0
2026-08-19T04:30:00Z,1787113800,0.57383,0.57385,0.57361,0.57362,66,9,0
2026-08-19T04:35:00Z,1787114100,0.57363,0.57372,0.57363,0.57368,44,9,0
2026-08-19T04:40:00Z,1787114400,0.57368,0.57368,0.57357,0.57357,45,9,0
2026-08-19T04:45:00Z,1787114700,0.57357,0.5736,0.57338,0.57338,64,9,0
2026-08-19T04:50:00Z,1787115000,0.57337,0.57337,0.57325,0.57327,57,9,0
2026-08-19T04:55:00Z,1787115300,0.57328,0.57367,0.57327,0.57366,93,9,0
2026-08-19T05:00:00Z,1787115600,0.57366,0.57372,0.57358,0.57368,85,9,0
2026-08-19T05:05:00Z,1787115900,0.57368,0.57369,0.5735,0.57351,59,9,0
2026-08-19T05:10:00Z,1787116200,0.57352,0.57354,0.57328,0.5733,61,9,0
2026-08-19T05:15:00Z,1787116500,0.5733,0.5733,0.57319,0.57324,68,9,0
2026-08-19T05:20:00Z,1787116800,0.57324,0.57332,0.57321,0.57331,75,9,0
2026-08-19T05:25:00Z,1787117100,0.5733,0.57352,0.5733,0.57352,71,9,0
2026-08-19T05:30:00Z,1787117400,0.57351,0.57358,0.57344,0.57351,73,9,0
2026-08-19T05:35:00Z,1787117700,0.57351,0.57352,0.57334,0.57348,73,9,0
2026-08-19T05:40:00Z,1787118000,0.57348,0.57348,0.57325,0.5733,81,9,0
2026-08-19T05:45:00Z,1787118300,0.5733,0.57343,0.5733,0.57341,93,9,0
2026-08-19T05:50:00Z,1787118600,0.57341,0.57341,0.57331,0.57332,66,9,0
2026-08-19T05:55:00Z,1787118900,0.57333,0.57342,0.57332,0.57339,85,9,0
2026-08-19T06:00:00Z,1787119200,0.57341,0.57347,0.57332,0.57337,123,9,0
2026-08-19T06:05:00Z,1787119500,0.57337,0.5734,0.57308,0.57311,90,9,0
2026-08-19T06:10:00Z,1787119800,0.57311,0.5732,0.57305,0.57311,93,9,0
2026-08-19T06:15:00Z,1787120100,0.57311,0.57339,0.57309,0.57337,114,9,0
2026-08-19T06:20:00Z,1787120400,0.57337,0.57346,0.57331,0.57343,123,9,0
2026-08-19T06:25:00Z,1787120700,0.57343,0.57356,0.57338,0.57342,123,9,0
2026-08-19T06:30:00Z,1787121000,0.57342,0.57344,0.57325,0.57331,109,9,0
2026-08-19T06:35:00Z,1787121300,0.57333,0.57337,0.57325,0.57337,86,9,0
2026-08-19T06:40:00Z,1787121600,0.57335,0.57336,0.57301,0.57309,117,9,0
2026-08-19T06:45:00Z,1787121900,0.5731,0.57318,0.5729,0.57294,131,9,0
2026-08-19T06:50:00Z,1787122200,0.57292,0.57333,0.57289,0.57333,145,9,0
2026-08-19T06:55:00Z,1787122500,0.57333,0.57344,0.57327,0.57342,114,9,0
2026-08-19T07:00:00Z,1787122800,0.57342,0.57374,0.57339,0.57358,178,9,0
2026-08-19T07:05:00Z,1787123100,0.57358,0.57365,0.57338,0.57352,134,9,0
2026-08-19T07:10:00Z,1787123400,0.57352,0.57361,0.57331,0.57331,128,9,0
2026-08-19T07:15:00Z,1787123700,0.57331,0.57335,0.57314,0.57323,120,9,0
2026-08-19T07:20:00Z,1787124000,0.57322,0.57327,0.57317,0.57319,117,9,0
2026-08-19T07:25:00Z,1787124300,0.57318,0.57319,0.57297,0.57301,99,9,0
2026-08-19T07:30:00Z,1787124600,0.57302,0.57305,0.5729,0.57303,98,9,0
2026-08-19T07:35:00Z,1787124900,0.57303,0.57318,0.57303,0.57318,112,9,0
2026-08-19T07:40:00Z,1787125200,0.57318,0.5733,0.57317,0.57326,107,9,0
2026-08-19T07:45:00Z,1787125500,0.57326,0.57342,0.57325,0.57341,90,9,0
2026-08-19T07:50:00Z,1787125800,0.57341,0.57341,0.57328,0.57331,104,9,0
2026-08-19T07:55:00Z,1787126100,0.57331,0.57339,0.57325,0.57337,91,9,0
2026-08-19T08:00:00Z,1787126400,0.57337,0.57355,0.57332,0.57353,130,9,0
2026-08-19T08:05:00Z,1787126700,0.57353,0.57373,0.57353,0.57371,135,9,0
2026-08-19T08:10:00Z,1787127000,0.5737,0.57378,0.5736,0.57367,162,9,0
2026-08-19T08:15:00Z,1787127300,0.57366,0.57385,0.57366,0.57379,132,9,0
2026-08-19T08:20:00Z,1787127600,0.57379,0.57397,0.57374,0.57397,136,9,0
2026-08-19T08:25:00Z,1787127900,0.57396,0.57404,0.5739,0.57397,109,9,0
2026-08-19T08:30:00Z,1787128200,0.57397,0.57399,0.57384,0.57386,117,9,0
2026-08-19T08:35:00Z,1787128500,0.57386,0.57402,0.57382,0.57402,93,9,0
2026-08-19T08:40:00Z,1787128800,0.57402,0.57403,0.57386,0.57389,114,9,0
2026-08-19T08:45:00Z,1787129100,0.57387,0.57398,0.57387,0.57392,97,9,0
2026-08-19T08:50:00Z,1787129400,0.57392,0.57393,0.57383,0.57388,111,9,0
2026-08-19T08:55:00Z,1787129700,0.57387,0.57388,0.57377,0.57386,95,9,0
2026-08-19T09:00:00Z,1787130000,0.57386,0.5739,0.57378,0.5739,88,9,0
2026-08-19T09:05:00Z,1787130300,0.5739,0.57404,0.5739,0.574,88,9,0
2026-08-19T09:10:00Z,1787130600,0.57399,0.57413,0.57399,0.57405,78,9,0
2026-08-19T09:15:00Z,1787130900,0.57404,0.57404,0.57389,0.57394,104,9,0
2026-08-19T09:20:00Z,1787131200,0.57393,0.57394,0.57377,0.57377,95,9,0
2026-08-19T09:25:00Z,1787131500,0.57378,0.57389,0.57374,0.57375,109,9,0
2026-08-19T09:30:00Z,1787131800,0.57374,0.57375,0.57364,0.5737,96,9,0
2026-08-19T09:35:00Z,1787132100,0.5737,0.57379,0.5737,0.57373,88,9,0
2026-08-19T09:40:00Z,1787132400,0.57375,0.57375,0.57364,0.57365,72,9,0
2026-08-19T09:45:00Z,1787132700,0.57365,0.57367,0.57361,0.57361,66,9,0
2026-08-19T09:50:00Z,1787133000,0.57362,0.57362,0.57349,0.57355,77,9,0
2026-08-19T09:55:00Z,1787133300,0.57355,0.57364,0.57353,0.57353,82,9,0
2026-08-19T10:00:00Z,1787133600,0.57352,0.57356,0.57342,0.57342,94,9,0
2026-08-19T10:05:00Z,1787133900,0.57341,0.57346,0.57331,0.57333,90,9,0
2026-08-19T10:10:00Z,1787134200,0.57332,0.57345,0.5733,0.57341,72,9,0
2026-08-19T10:15:00Z,1787134500,0.57341,0.57344,0.57333,0.57339,99,9,0
2026-08-19T10:20:00Z,1787134800,0.57339,0.5734,0.57328,0.57335,84,9,0
2026-08-19T10:25:00Z,1787135100,0.57337,0.57342,0.57325,0.57342,99,9,0
2026-08-19T10:30:00Z,1787135400,0.57342,0.57345,0.57335,0.57343,75,9,0
2026-08-19T10:35:00Z,1787135700,0.57343,0.57349,0.57342,0.57342,69,9,0
2026-08-19T10:40:00Z,1787136000,0.57342,0.57342,0.57334,0.57338,65,9,0
2026-08-19T10:45:00Z,1787136300,0.57338,0.57343,0.57333,0.57341,73,9,0
2026-08-19T10:50:00Z,1787136600,0.57341,0.57343,0.57328,0.5734,102,9,0
2026-08-19T10:55:00Z,1787136900,0.5734,0.57348,0.57337,0.57342,73,9,0
2026-08-19T11:00:00Z,1787137200,0.57344,0.57344,0.57328,0.57337,101,9,0
2026-08-19T11:05:00Z,1787137500,0.57337,0.57343,0.57331,0.57335,112,9,0
2026-08-19T11:10:00Z,1787137800,0.57336,0.5735,0.57334,0.57343,90,9,0
2026-08-19T11:15:00Z,1787138100,0.57343,0.57345,0.57328,0.5733,73,9,0
2026-08-19T11:20:00Z,1787138400,0.57331,0.57336,0.57324,0.57327,78,9,0
2026-08-19T11:25:00Z,1787138700,0.57328,0.57332,0.57305,0.57306,101,9,0
2026-08-19T11:30:00Z,1787139000,0.57305,0.57311,0.57299,0.57308,85,9,0
2026-08-19T11:35:00Z,1787139300,0.57307,0.57323,0.57306,0.57323,99,9,0
2026-08-19T11:40:00Z,1787139600,0.57323,0.5733,0.57305,0.57308,101,9,0
2026-08-19T11:45:00Z,1787139900,0.57308,0.57316,0.573,0.5731,95,9,0
2026-08-19T11:50:00Z,1787140200,0.57309,0.57311,0.573,0.57307,82,9,0
2026-08-19T11:55:00Z,1787140500,0.57308,0.57316,0.57307,0.57313,102,9,0
2026-08-19T12:00:00Z,1787140800,0.57313,0.57313,0.57299,0.57311,103,9,0
2026-08-19T12:05:00Z,1787141100,0.5731,0.57322,0.57304,0.5732,110,9,0
2026-08-19T12:10:00Z,1787141400,0.57321,0.57334,0.57321,0.57333,102,9,0
2026-08-19T12:15:00Z,1787141700,0.57334,0.57343,0.57328,0.57334,79,9,0
2026-08-19T12:20:00Z,1787142000,0.57333,0.57338,0.57327,0.57331,126,9,0
2026-08-19T12:25:00Z,1787142300,0.57331,0.57336,0.57323,0.57333,107,9,0
2026-08-19T12:30:00Z,1787142600,0.57334,0.57336,0.57305,0.57307,269,9,0
2026-08-19T12:35:00Z,1787142900,0.57306,0.57307,0.57262,0.57287,460,9,0
2026-08-19T12:40:00Z,1787143200,0.57286,0.57289,0.57264,0.57271,345,9,0
2026-08-19T12:45:00Z,1787143500,0.57271,0.57294,0.57252,0.57264,309,9,0
2026-08-19T12:50:00Z,1787143800,0.57263,0.5728,0.57257,0.57263,272,9,0
2026-08-19T12:55:00Z,1787144100,0.57263,0.57289,0.57259,0.57283,239,9,0
2026-08-19T13:00:00Z,1787144400,0.57282,0.57323,0.57278,0.57322,275,9,0
2026-08-19T13:05:00Z,1787144700,0.57323,0.57345,0.57321,0.57332,260,9,0
2026-08-19T13:10:00Z,1787145000,0.57331,0.57344,0.57313,0.57322,316,9,0
2026-08-19T13:15:00Z,1787145300,0.5732,0.5732,0.57288,0.57293,287,9,0
2026-08-19T13:20:00Z,1787145600,0.57295,0.5733,0.57293,0.5731,224,9,0
2026-08-19T13:25:00Z,1787145900,0.57309,0.57327,0.57284,0.57284,240,9,0
2026-08-19T13:30:00Z,1787146200,0.57283,0.57307,0.57274,0.57293,295,9,0
2026-08-19T13:35:00Z,1787146500,0.57292,0.57294,0.57243,0.57243,276,9,0
2026-08-19T13:40:00Z,1787146800,0.57244,0.57249,0.57225,0.57227,268,9,0
2026-08-19T13:45:00Z,1787147100,0.57227,0.57241,0.57204,0.57208,250,9,0
2026-08-19T13:50:00Z,1787147400,0.57208,0.57208,0.57134,0.57134,373,9,0
2026-08-19T13:55:00Z,1787147700,0.57133,0.57133,0.57105,0.57126,294,9,0
2026-08-19T14:00:00Z,1787148000,0.57125,0.57146,0.57101,0.57115,317,9,0
2026-08-19T14:05:00Z,1787148300,0.57116,0.57135,0.57106,0.57116,261,9,0
2026-08-19T14:10:00Z,1787148600,0.57117,0.57124,0.57059,0.57059,263,9,0
2026-08-19T14:15:00Z,1787148900,0.57059,0.57066,0.57031,0.57047,274,9,0
2026-08-19T14:20:00Z,1787149200,0.57046,0.57077,0.57046,0.57072,280,9,0
2026-08-19T14:25:00Z,1787149500,0.57072,0.57072,0.57041,0.57042,268,9,0
2026-08-19T14:30:00Z,1787149800,0.57041,0.57046,0.56996,0.57003,262,9,0
2026-08-19T14:35:00Z,1787150100,0.57002,0.57004,0.56912,0.56916,392,9,0
2026-08-19T14:40:00Z,1787150400,0.56918,0.56981,0.5691,0.56971,340,9,0
2026-08-19T14:45:00Z,1787150700,0.56971,0.57052,0.56971,0.57051,346,9,0
2026-08-19T14:50:00Z,1787151000,0.5705,0.57082,0.57041,0.57047,417,9,0
2026-08-19T14:55:00Z,1787151300,0.57046,0.57078,0.57038,0.57062,309,9,0
2026-08-19T15:00:00Z,1787151600,0.57062,0.57079,0.57053,0.57064,284,9,0
2026-08-19T15:05:00Z,1787151900,0.57062,0.57075,0.57032,0.57053,256,9,0
2026-08-19T15:10:00Z,1787152200,0.57054,0.57067,0.57026,0.57026,221,9,0
2026-08-19T15:15:00Z,1787152500,0.57027,0.57064,0.5702,0.57053,247,9,0
2026-08-19T15:20:00Z,1787152800,0.57055,0.57067,0.57036,0.57036,211,9,0
2026-08-19T15:25:00Z,1787153100,0.57037,0.57045,0.57021,0.57043,181,9,0
2026-08-19T15:30:00Z,1787153400,0.57045,0.57048,0.56995,0.56995,165,9,0
2026-08-19T15:35:00Z,1787153700,0.56993,0.56999,0.5697,0.56975,204,9,0
2026-08-19T15:40:00Z,1787154000,0.56974,0.56974,0.56923,0.56951,237,9,0
2026-08-19T15:45:00Z,1787154300,0.5695,0.56954,0.56933,0.56947,174,9,0
2026-08-19T15:50:00Z,1787154600,0.56946,0.56963,0.56945,0.56948,142,9,0
2026-08-19T15:55:00Z,1787154900,0.56949,0.56967,0.56947,0.56958,157,9,0
2026-08-19T16:00:00Z,1787155200,0.56959,0.5697,0.56951,0.56966,156,9,0
2026-08-19T16:05:00Z,1787155500,0.56966,0.57,0.56957,0.56957,164,9,0
2026-08-19T16:10:00Z,1787155800,0.56958,0.56961,0.56934,0.56943,163,9,0
2026-08-19T16:15:00Z,1787156100,0.56943,0.56959,0.56931,0.56958,126,9,0
2026-08-19T16:20:00Z,1787156400,0.56958,0.5696,0.56928,0.56941,128,9,0
2026-08-19T16:25:00Z,1787156700,0.56941,0.56951,0.56933,0.56944,145,9,0
2026-08-19T16:30:00Z,1787157000,0.56944,0.56945,0.56923,0.56928,105,9,0
2026-08-19T16:35:00Z,1787157300,0.56928,0.56959,0.56927,0.5695,135,9,0
2026-08-19T16:40:00Z,1787157600,0.5695,0.56959,0.56941,0.56945,104,9,0
2026-08-19T16:45:00Z,1787157900,0.56946,0.56948,0.56921,0.56921,103,9,0
2026-08-19T16:50:00Z,1787158200,0.56922,0.56925,0.56902,0.56909,100,9,0
2026-08-19T16:55:00Z,1787158500,0.56911,0.56931,0.56906,0.5693,116,9,0
2026-08-19T17:00:00Z,1787158800,0.5693,0.56939,0.56922,0.56939,147,9,0
2026-08-19T17:05:00Z,1787159100,0.56937,0.56938,0.56921,0.56927,141,9,0
2026-08-19T17:10:00Z,1787159400,0.56928,0.56941,0.56924,0.56924,134,9,0
2026-08-19T17:15:00Z,1787159700,0.56925,0.56936,0.56914,0.56915,98,9,0
2026-08-19T17:20:00Z,1787160000,0.56915,0.56921,0.56909,0.56909,87,9,0
2026-08-19T17:25:00Z,1787160300,0.5691,0.56918,0.5691,0.56913,78,9,0
2026-08-19T17:30:00Z,1787160600,0.56913,0.56934,0.5691,0.56923,104,9,0
2026-08-19T17:35:00Z,1787160900,0.56923,0.56942,0.56923,0.56934,82,9,0
2026-08-19T17:40:00Z,1787161200,0.56933,0.56936,0.56928,0.56936,75,9,0
2026-08-19T17:45:00Z,1787161500,0.56936,0.56941,0.56914,0.56926,121,9,0
2026-08-19T17:50:00Z,1787161800,0.56926,0.56934,0.56922,0.56928,95,9,0
2026-08-19T17:55:00Z,1787162100,0.56929,0.56938,0.56927,0.56936,63,9,0
2026-08-19T18:00:00Z,1787162400,0.56936,0.56936,0.56841,0.56867,304,9,0
2026-08-19T18:05:00Z,1787162700,0.56865,0.56886,0.56854,0.56858,254,9,0
2026-08-19T18:10:00Z,1787163000,0.56857,0.56857,0.56827,0.56835,160,9,0
2026-08-19T18:15:00Z,1787163300,0.56835,0.56853,0.56834,0.56839,140,9,0
2026-08-19T18:20:00Z,1787163600,0.56839,0.56852,0.56835,0.56851,120,9,0
2026-08-19T18:25:00Z,1787163900,0.5685,0.56855,0.56845,0.56851,112,9,0
2026-08-19T18:30:00Z,1787164200,0.56852,0.56859,0.56834,0.56837,98,9,0
2026-08-19T18:35:00Z,1787164500,0.56836,0.56839,0.56821,0.5683,135,9,0
2026-08-19T18:40:00Z,1787164800,0.5683,0.56831,0.56813,0.56824,133,9,0
2026-08-19T18:45:00Z,1787165100,0.56823,0.56834,0.56822,0.5683,102,9,0
2026-08-19T18:50:00Z,1787165400,0.5683,0.56837,0.56824,0.56827,94,9,0
2026-08-19T18:55:00Z,1787165700,0.56827,0.5684,0.56821,0.56827,169,9,0
2026-08-19T19:00:00Z,1787166000,0.56825,0.56838,0.56822,0.56834,111,9,0
2026-08-19T19:05:00Z,1787166300,0.56835,0.56841,0.56815,0.56816,89,9,0
2026-08-19T19:10:00Z,1787166600,0.56816,0.56834,0.56816,0.56819,95,9,0
2026-08-19T19:15:00Z,1787166900,0.56818,0.56823,0.56816,0.56817,60,9,0
2026-08-19T19:20:00Z,1787167200,0.56818,0.56823,0.56816,0.56821,59,9,0
2026-08-19T19:25:00Z,1787167500,0.56821,0.56825,0.56816,0.56818,89,9,0
2026-08-19T19:30:00Z,1787167800,0.56819,0.56821,0.56796,0.56805,148,9,0
2026-08-19T19:35:00Z,1787168100,0.56806,0.56828,0.56804,0.56809,139,9,0
2026-08-19T19:40:00Z,1787168400,0.56809,0.56835,0.56809,0.56832,92,9,0
2026-08-19T19:45:00Z,1787168700,0.56832,0.56836,0.56829,0.56833,79,9,0
2026-08-19T19:50:00Z,1787169000,0.56832,0.56835,0.56822,0.56827,103,9,0
2026-08-19T19:55:00Z,1787169300,0.56827,0.5683,0.56787,0.56797,154,9,0
2026-08-19T20:00:00Z,1787169600,0.56797,0.56806,0.56794,0.56803,66,9,0
2026-08-19T20:05:00Z,1787169900,0.56803,0.56812,0.56801,0.56804,42,9,0
2026-08-19T20:10:00Z,1787170200,0.56803,0.56809,0.568,0.56806,43,9,0
2026-08-19T20:15:00Z,1787170500,0.56806,0.5681,0.568,0.56806,43,9,0
2026-08-19T20:20:00Z,1787170800,0.56806,0.56806,0.56794,0.568,42,9,0
2026-08-19T20:25:00Z,1787171100,0.568,0.56809,0.56794,0.56804,58,9,0
2026-08-19T20:30:00Z,1787171400,0.56803,0.56805,0.56782,0.56785,83,9,0
2026-08-19T20:35:00Z,1787171700,0.56785,0.56787,0.56779,0.56782,53,9,0
2026-08-19T20:40:00Z,1787172000,0.56782,0.56787,0.5678,0.56786,48,9,0
2026-08-19T20:45:00Z,1787172300,0.56786,0.56791,0.56786,0.56786,31,9,0
2026-08-19T20:50:00Z,1787172600,0.56787,0.56792,0.56784,0.56792,35,9,0
2026-08-19T20:55:00Z,1787172900,0.56792,0.56797,0.56787,0.56789,72,9,0
2026-08-19T21:00:00Z,1787173200,0.56788,0.56788,0.56788,0.56788,1,22,0
2026-08-19T21:05:00Z,1787173500,0.56787,0.56795,0.56786,0.56794,26,9,0
2026-08-19T21:10:00Z,1787173800,0.56792,0.56794,0.56785,0.56788,32,11,0
2026-08-19T21:15:00Z,1787174100,0.56789,0.5679,0.56784,0.56787,62,22,0
2026-08-19T21:20:00Z,1787174400,0.56788,0.5679,0.56783,0.56788,56,29,0
2026-08-19T21:25:00Z,1787174700,0.56789,0.56791,0.56783,0.56791,27,25,0
2026-08-19T21:30:00Z,1787175000,0.56791,0.56792,0.56787,0.56788,21,31,0
2026-08-19T21:35:00Z,1787175300,0.56788,0.5679,0.56786,0.56788,19,31,0
2026-08-19T21:40:00Z,1787175600,0.56787,0.56794,0.56784,0.56788,32,22,0
2026-08-19T21:45:00Z,1787175900,0.56788,0.56794,0.56788,0.56794,29,22,0
2026-08-19T21:50:00Z,1787176200,0.56794,0.56794,0.56791,0.56793,23,22,0
2026-08-19T21:55:00Z,1787176500,0.56793,0.56794,0.56775,0.56791,55,22,0
2026-08-19T22:00:00Z,1787176800,0.56792,0.56792,0.56763,0.56783,54,23,0
2026-08-19T22:05:00Z,1787177100,0.56783,0.56783,0.56773,0.56782,33,23,0
2026-08-19T22:10:00Z,1787177400,0.56783,0.56783,0.5677,0.56782,52,23,0
2026-08-19T22:15:00Z,1787177700,0.56782,0.56794,0.5678,0.56793,41,23,0
2026-08-19T22:20:00Z,1787178000,0.56792,0.56798,0.56788,0.56795,27,23,0
2026-08-19T22:25:00Z,1787178300,0.56795,0.568,0.56792,0.56796,25,23,0
2026-08-19T22:30:00Z,1787178600,0.56796,0.5681,0.56796,0.56804,44,15,0
2026-08-19T22:35:00Z,1787178900,0.56804,0.56808,0.56799,0.56807,39,15,0
2026-08-19T22:40:00Z,1787179200,0.56807,0.56818,0.56805,0.5681,41,15,0
2026-08-19T22:45:00Z,1787179500,0.5681,0.56811,0.56801,0.5681,36,15,0
2026-08-19T22:50:00Z,1787179800,0.5681,0.56816,0.56804,0.56808,49,15,0
2026-08-19T22:55:00Z,1787180100,0.56808,0.56813,0.56797,0.56811,45,15,0
2026-08-19T23:00:00Z,1787180400,0.56814,0.56825,0.56814,0.56825,83,9,0
2026-08-19T23:05:00Z,1787180700,0.56825,0.56835,0.56817,0.56835,60,9,0
2026-08-19T23:10:00Z,1787181000,0.56835,0.56837,0.56825,0.56827,54,9,0
2026-08-19T23:15:00Z,1787181300,0.56826,0.5683,0.56825,0.56827,32,9,0
2026-08-19T23:20:00Z,1787181600,0.56827,0.56832,0.56822,0.56823,40,9,0
2026-08-19T23:25:00Z,1787181900,0.56823,0.5683,0.56822,0.56823,50,9,0
2026-08-19T23:30:00Z,1787182200,0.56822,0.56825,0.56818,0.5682,47,9,0
2026-08-19T23:35:00Z,1787182500,0.5682,0.56821,0.56815,0.56819,59,9,0
2026-08-19T23:40:00Z,1787182800,0.56819,0.56824,0.56818,0.56821,47,9,0
2026-08-19T23:45:00Z,1787183100,0.56822,0.56825,0.56817,0.56821,51,9,0
2026-08-19T23:50:00Z,1787183400,0.56821,0.56825,0.56818,0.56819,46,9,0
2026-08-19T23:55:00Z,1787183700,0.56817,0.56824,0.56815,0.56821,69,9,0
2026-08-20T00:00:00Z,1787184000,0.56821,0.56821,0.56797,0.56806,137,9,0
2026-08-20T00:05:00Z,1787184300,0.56805,0.5682,0.56801,0.56817,93,9,0
2026-08-20T00:10:00Z,1787184600,0.56817,0.56831,0.56813,0.56831,79,9,0
2026-08-20T00:15:00Z,1787184900,0.56832,0.56836,0.56822,0.56827,86,9,0
2026-08-20T00:20:00Z,1787185200,0.56826,0.56857,0.56826,0.56856,126,9,0
2026-08-20T00:25:00Z,1787185500,0.56856,0.5686,0.56851,0.56854,76,9,0
2026-08-20T00:30:00Z,1787185800,0.56855,0.56855,0.56838,0.56843,87,9,0
2026-08-20T00:35:00Z,1787186100,0.56842,0.56847,0.56838,0.56843,66,9,0
2026-08-20T00:40:00Z,1787186400,0.56843,0.5686,0.56838,0.56858,84,9,0
2026-08-20T00:45:00Z,1787186700,0.56857,0.56857,0.56844,0.56847,99,9,0
2026-08-20T00:50:00Z,1787187000,0.56847,0.56871,0.56846,0.56861,147,9,0
2026-08-20T00:55:00Z,1787187300,0.56859,0.56862,0.5684,0.56857,142,9,0
2026-08-20T01:00:00Z,1787187600,0.56859,0.5691,0.56858,0.5691,183,9,0
2026-08-20T01:05:00Z,1787187900,0.56909,0.56931,0.56905,0.56922,168,9,0
2026-08-20T01:10:00Z,1787188200,0.56922,0.56931,0.56897,0.56899,130,9,0
2026-08-20T01:15:00Z,1787188500,0.56898,0.56915,0.56896,0.56905,158,9,0
2026-08-20T01:20:00Z,1787188800,0.56905,0.56913,0.56869,0.5687,158,9,0
2026-08-20T01:25:00Z,1787189100,0.5687,0.56905,0.5687,0.56901,123,9,0
2026-08-20T01:30:00Z,1787189400,0.569,0.569,0.56751,0.56775,393,9,0
2026-08-20T01:35:00Z,1787189700,0.56776,0.56837,0.56776,0.56825,264,9,0
2026-08-20T01:40:00Z,1787190000,0.56826,0.56881,0.56824,0.56849,172,9,0
2026-08-20T01:45:00Z,1787190300,0.56849,0.56868,0.56831,0.56867,198,9,0
2026-08-20T01:50:00Z,1787190600,0.56869,0.56869,0.56844,0.56858,158,9,0
2026-08-20T01:55:00Z,1787190900,0.56858,0.56883,0.56853,0.5687,128,9,0
2026-08-20T02:00:00Z,1787191200,0.56868,0.56879,0.56855,0.56879,162,9,0
2026-08-20T02:05:00Z,1787191500,0.5688,0.56892,0.56868,0.5687,134,9,0
2026-08-20T02:10:00Z,1787191800,0.5687,0.56874,0.56853,0.56856,85,9,0
2026-08-20T02:15:00Z,1787192100,0.56856,0.56868,0.56849,0.56867,103,9,0
2026-08-20T02:20:00Z,1787192400,0.56867,0.56877,0.56864,0.5687,102,9,0
2026-08-20T02:25:00Z,1787192700,0.56871,0.56872,0.56862,0.56866,78,9,0
2026-08-20T02:30:00Z,1787193000,0.56866,0.56875,0.56863,0.56872,103,9,0
2026-08-20T02:35:00Z,1787193300,0.56872,0.56882,0.56872,0.56878,71,9,0
2026-08-20T02:40:00Z,1787193600,0.56878,0.56882,0.56866,0.56881,74,9,0
2026-08-20T02:45:00Z,1787193900,0.56881,0.56887,0.56871,0.56882,80,9,0
2026-08-20T02:50:00Z,1787194200,0.56883,0.56901,0.56881,0.56901,52,9,0
2026-08-20T02:55:00Z,1787194500,0.569,0.56906,0.56897,0.569,66,9,0
2026-08-20T03:00:00Z,1787194800,0.569,0.569,0.56889,0.5689,80,9,0
2026-08-20T03:05:00Z,1787195100,0.5689,0.56903,0.56887,0.56888,69,9,0
2026-08-20T03:10:00Z,1787195400,0.56888,0.56888,0.56869,0.56885,88,9,0
2026-08-20T03:15:00Z,1787195700,0.56884,0.56902,0.56884,0.56895,85,9,0
2026-08-20T03:20:00Z,1787196000,0.56895,0.56912,0.56892,0.56911,68,9,0
2026-08-20T03:25:00Z,1787196300,0.56911,0.56925,0.56904,0.56924,83,9,0
2026-08-20T03:30:00Z,1787196600,0.56924,0.56924,0.56909,0.5691,76,9,0
2026-08-20T03:35:00Z,1787196900,0.5691,0.56923,0.5691,0.5692,73,9,0
2026-08-20T03:40:00Z,1787197200,0.5692,0.56921,0.56915,0.56918,45,9,0
2026-08-20T03:45:00Z,1787197500,0.56916,0.56932,0.56915,0.56931,60,9,0
2026-08-20T03:50:00Z,1787197800,0.56931,0.56932,0.56912,0.56914,70,9,0
2026-08-20T03:55:00Z,1787198100,0.56915,0.56925,0.56915,0.56917,55,9,0
2026-08-20T04:00:00Z,1787198400,0.56918,0.56924,0.56916,0.56922,61,9,0
2026-08-20T04:05:00Z,1787198700,0.56922,0.5694,0.56922,0.5694,71,9,0
2026-08-20T04:10:00Z,1787199000,0.5694,0.5694,0.56929,0.56939,66,9,0
2026-08-20T04:15:00Z,1787199300,0.56938,0.56939,0.56927,0.56932,63,9,0
2026-08-20T04:20:00Z,1787199600,0.56933,0.56935,0.56928,0.56931,57,9,0
2026-08-20T04:25:00Z,1787199900,0.56931,0.5694,0.56931,0.56938,60,9,0
2026-08-20T04:30:00Z,1787200200,0.56938,0.56939,0.56932,0.56935,52,9,0
2026-08-20T04:35:00Z,1787200500,0.56935,0.5694,0.5693,0.56934,62,9,0
2026-08-20T04:40:00Z,1787200800,0.56934,0.56942,0.56931,0.56934,49,9,0
2026-08-20T04:45:00Z,1787201100,0.56934,0.56937,0.56924,0.56924,51,9,0
2026-08-20T04:50:00Z,1787201400,0.56924,0.56925,0.56903,0.56903,50,9,0
2026-08-20T04:55:00Z,1787201700,0.56904,0.56909,0.56893,0.56907,85,9,0
2026-08-20T05:00:00Z,1787202000,0.56907,0.56907,0.56895,0.56899,81,9,0
2026-08-20T05:05:00Z,1787202300,0.56899,0.5691,0.56899,0.56907,55,9,0
2026-08-20T05:10:00Z,1787202600,0.56908,0.56912,0.56902,0.56903,89,9,0
2026-08-20T05:15:00Z,1787202900,0.56903,0.56918,0.569,0.56911,73,9,0
2026-08-20T05:20:00Z,1787203200,0.56911,0.56922,0.56904,0.56919,79,9,0
2026-08-20T05:25:00Z,1787203500,0.5692,0.56933,0.5692,0.56923,90,9,0
2026-08-20T05:30:00Z,1787203800,0.56924,0.56937,0.56919,0.56931,120,9,0
2026-08-20T05:35:00Z,1787204100,0.56931,0.56932,0.56915,0.5692,82,9,0
2026-08-20T05:40:00Z,1787204400,0.56919,0.56923,0.56909,0.56922,71,9,0
2026-08-20T05:45:00Z,1787204700,0.56922,0.56932,0.5692,0.56924,76,9,0
2026-08-20T05:50:00Z,1787205000,0.56923,0.56926,0.56916,0.56919,82,9,0
2026-08-20T05:55:00Z,1787205300,0.56918,0.56921,0.56908,0.56908,96,9,0
2026-08-20T06:00:00Z,1787205600,0.56909,0.56915,0.56895,0.56914,133,9,0
2026-08-20T06:05:00Z,1787205900,0.56914,0.56918,0.56893,0.56895,121,9,0
2026-08-20T06:10:00Z,1787206200,0.56895,0.56895,0.56863,0.56865,152,9,0
2026-08-20T06:15:00Z,1787206500,0.56863,0.56881,0.56862,0.56873,155,9,0
2026-08-20T06:20:00Z,1787206800,0.56874,0.56881,0.56863,0.56879,121,9,0
2026-08-20T06:25:00Z,1787207100,0.5688,0.56896,0.56878,0.56894,123,9,0
2026-08-20T06:30:00Z,1787207400,0.56895,0.56909,0.56887,0.56908,127,9,0
2026-08-20T06:35:00Z,1787207700,0.56907,0.56912,0.56892,0.56897,93,9,0
2026-08-20T06:40:00Z,1787208000,0.56897,0.56901,0.5688,0.56881,80,9,0
2026-08-20T06:45:00Z,1787208300,0.56882,0.56891,0.56871,0.56889,144,9,0
2026-08-20T06:50:00Z,1787208600,0.56888,0.56889,0.56877,0.56879,86,9,0
2026-08-20T06:55:00Z,1787208900,0.56879,0.56889,0.56868,0.56868,108,9,0
2026-08-20T07:00:00Z,1787209200,0.56868,0.56886,0.56859,0.56886,174,9,0
2026-08-20T07:05:00Z,1787209500,0.56887,0.56915,0.56883,0.56914,144,9,0
2026-08-20T07:10:00Z,1787209800,0.56912,0.5693,0.56893,0.56905,142,9,0
2026-08-20T07:15:00Z,1787210100,0.56905,0.56929,0.56904,0.5692,154,9,0
2026-08-20T07:20:00Z,1787210400,0.56919,0.56935,0.56908,0.56919,149,9,0
2026-08-20T07:25:00Z,1787210700,0.56918,0.56946,0.56917,0.56941,113,9,0
2026-08-20T07:30:00Z,1787211000,0.56941,0.56952,0.56921,0.56921,165,9,0
2026-08-20T07:35:00Z,1787211300,0.56922,0.56928,0.5691,0.56924,144,9,0
2026-08-20T07:40:00Z,1787211600,0.56925,0.56932,0.56919,0.56922,169,9,0
2026-08-20T07:45:00Z,1787211900,0.56922,0.56932,0.56913,0.56927,157,9,0
2026-08-20T07:50:00Z,1787212200,0.56927,0.56928,0.56866,0.56883,220,9,0
2026-08-20T07:55:00Z,1787212500,0.56881,0.56895,0.56866,0.56874,252,9,0
2026-08-20T08:00:00Z,1787212800,0.56873,0.56887,0.56869,0.56882,187,9,0
2026-08-20T08:05:00Z,1787213100,0.56883,0.56898,0.56878,0.56885,138,9,0
2026-08-20T08:10:00Z,1787213400,0.56885,0.56897,0.56873,0.56892,128,9,0
2026-08-20T08:15:00Z,1787213700,0.56892,0.56899,0.56871,0.56879,125,9,0
2026-08-20T08:20:00Z,1787214000,0.56877,0.56878,0.5686,0.56866,121,9,0
2026-08-20T08:25:00Z,1787214300,0.56866,0.5688,0.56864,0.56877,162,9,0
2026-08-20T08:30:00Z,1787214600,0.56877,0.56888,0.56867,0.56867,167,9,0
2026-08-20T08:35:00Z,1787214900,0.56867,0.56874,0.56845,0.5685,146,9,0
2026-08-20T08:40:00Z,1787215200,0.5685,0.5686,0.56844,0.56848,135,9,0
2026-08-20T08:45:00Z,1787215500,0.56848,0.56858,0.56843,0.56852,155,9,0
2026-08-20T08:50:00Z,1787215800,0.56851,0.56855,0.56837,0.56837,144,9,0
2026-08-20T08:55:00Z,1787216100,0.56837,0.56845,0.56821,0.56828,155,9,0
2026-08-20T09:00:00Z,1787216400,0.5683,0.56832,0.56814,0.5683,124,9,0
2026-08-20T09:05:00Z,1787216700,0.56831,0.56832,0.56809,0.56809,119,9,0
2026-08-20T09:10:00Z,1787217000,0.56809,0.56809,0.56736,0.56742,251,9,0
2026-08-20T09:15:00Z,1787217300,0.56742,0.5675,0.56721,0.56725,234,9,0
2026-08-20T09:20:00Z,1787217600,0.56726,0.56735,0.56697,0.5673,241,9,0
2026-08-20T09:25:00Z,1787217900,0.56732,0.56749,0.56732,0.5674,174,9,0
2026-08-20T09:30:00Z,1787218200,0.5674,0.56745,0.56717,0.56743,153,9,0
2026-08-20T09:35:00Z,1787218500,0.56745,0.5675,0.5672,0.56721,165,9,0
2026-08-20T09:40:00Z,1787218800,0.56721,0.56737,0.56712,0.56718,148,9,0
2026-08-20T09:45:00Z,1787219100,0.56718,0.56741,0.56716,0.56736,153,9,0
2026-08-20T09:50:00Z,1787219400,0.56736,0.56737,0.56707,0.56711,149,9,0
2026-08-20T09:55:00Z,1787219700,0.56711,0.56735,0.5671,0.56721,144,9,0
2026-08-20T10:00:00Z,1787220000,0.56723,0.56736,0.56701,0.56705,169,9,0
2026-08-20T10:05:00Z,1787220300,0.56705,0.56705,0.56689,0.56695,117,9,0
2026-08-20T10:10:00Z,1787220600,0.56695,0.56706,0.56693,0.56699,128,9,0
2026-08-20T10:15:00Z,1787220900,0.56699,0.56702,0.56683,0.56688,129,9,0
2026-08-20T10:20:00Z,1787221200,0.56688,0.56744,0.56688,0.56742,176,9,0
2026-08-20T10:25:00Z,1787221500,0.56743,0.56751,0.56724,0.5673,150,9,0
2026-08-20T10:30:00Z,1787221800,0.5673,0.56733,0.56716,0.56719,124,9,0
2026-08-20T10:35:00Z,1787222100,0.56718,0.56718,0.56698,0.56709,162,9,0
2026-08-20T10:40:00Z,1787222400,0.56709,0.56729,0.56701,0.56716,189,9,0
2026-08-20T10:45:00Z,1787222700,0.56715,0.56731,0.56713,0.56724,134,9,0
2026-08-20T10:50:00Z,1787223000,0.56724,0.56741,0.56715,0.56738,177,9,0
2026-08-20T10:55:00Z,1787223300,0.56738,0.56749,0.56729,0.56743,139,9,0
2026-08-20T11:00:00Z,1787223600,0.56743,0.56759,0.56742,0.56754,154,9,0
2026-08-20T11:05:00Z,1787223900,0.56754,0.56758,0.56725,0.56731,197,9,0
2026-08-20T11:10:00Z,1787224200,0.56731,0.56746,0.56724,0.56736,163,9,0
2026-08-20T11:15:00Z,1787224500,0.56737,0.56741,0.56723,0.56726,113,9,0
2026-08-20T11:20:00Z,1787224800,0.56726,0.56726,0.56712,0.5672,124,9,0
2026-08-20T11:25:00Z,1787225100,0.56721,0.56728,0.5671,0.56728,143,9,0
2026-08-20T11:30:00Z,1787225400,0.56729,0.5675,0.56729,0.56746,128,9,0
2026-08-20T11:35:00Z,1787225700,0.56745,0.56756,0.56742,0.56746,138,9,0
2026-08-20T11:40:00Z,1787226000,0.56746,0.56773,0.56743,0.5677,136,9,0
2026-08-20T11:45:00Z,1787226300,0.5677,0.56784,0.56763,0.56768,201,9,0
2026-08-20T11:50:00Z,1787226600,0.56768,0.56784,0.56763,0.56776,206,9,0
2026-08-20T11:55:00Z,1787226900,0.56776,0.5678,0.56743,0.56748,156,9,0
2026-08-20T12:00:00Z,1787227200,0.56747,0.56758,0.56736,0.56745,224,9,0
2026-08-20T12:05:00Z,1787227500,0.56745,0.56767,0.56737,0.56767,273,9,0
2026-08-20T12:10:00Z,1787227800,0.56767,0.56771,0.56715,0.56715,208,9,0
2026-08-20T12:15:00Z,1787228100,0.56715,0.56715,0.56685,0.56701,197,9,0
2026-08-20T12:20:00Z,1787228400,0.56702,0.56713,0.56693,0.56713,227,9,0
2026-08-20T12:25:00Z,1787228700,0.56714,0.56718,0.56705,0.56714,153,9,0
2026-08-20T12:30:00Z,1787229000,0.56714,0.56748,0.56708,0.56743,155,9,0
2026-08-20T12:35:00Z,1787229300,0.56745,0.56745,0.56722,0.56726,181,9,0
2026-08-20T12:40:00Z,1787229600,0.56727,0.56741,0.56724,0.5673,199,9,0
2026-08-20T12:45:00Z,1787229900,0.5673,0.56758,0.5673,0.5675,157,9,0
2026-08-20T12:50:00Z,1787230200,0.56749,0.5677,0.56745,0.56769,155,9,0
2026-08-20T12:55:00Z,1787230500,0.56769,0.5677,0.56754,0.56761,166,9,0
2026-08-20T13:00:00Z,1787230800,0.56762,0.5679,0.56759,0.56786,199,9,0
2026-08-20T13:05:00Z,1787231100,0.56785,0.56804,0.56781,0.56799,186,9,0
2026-08-20T13:10:00Z,1787231400,0.56799,0.56819,0.5679,0.56817,172,9,0
2026-08-20T13:15:00Z,1787231700,0.56817,0.56828,0.56809,0.5682,173,9,0
2026-08-20T13:20:00Z,1787232000,0.5682,0.5683,0.56805,0.56827,160,9,0
2026-08-20T13:25:00Z,1787232300,0.56825,0.56855,0.56825,0.5683,166,9,0
2026-08-20T13:30:00Z,1787232600,0.56831,0.56857,0.56818,0.56852,236,9,0
2026-08-20T13:35:00Z,1787232900,0.56852,0.56852,0.56829,0.56851,231,9,0
2026-08-20T13:40:00Z,1787233200,0.56849,0.56873,0.56847,0.56862,197,9,0
2026-08-20T13:45:00Z,1787233500,0.5686,0.5687,0.56845,0.56856,197,9,0
2026-08-20T13:50:00Z,1787233800,0.56858,0.56858,0.5681,0.56826,203,9,0
2026-08-20T13:55:00Z,1787234100,0.56824,0.56876,0.56824,0.56868,206,9,0
2026-08-20T14:00:00Z,1787234400,0.56867,0.56882,0.5686,0.56868,230,9,0
2026-08-20T14:05:00Z,1787234700,0.56868,0.56907,0.56866,0.56907,190,9,0
2026-08-20T14:10:00Z,1787235000,0.56906,0.5693,0.56902,0.56903,221,9,0
2026-08-20T14:15:00Z,1787235300,0.56902,0.56909,0.56885,0.56885,219,9,0
2026-08-20T14:20:00Z,1787235600,0.56885,0.569,0.5687,0.56877,189,9,0
2026-08-20T14:25:00Z,1787235900,0.56878,0.56885,0.56858,0.56858,201,9,0
2026-08-20T14:30:00Z,1787236200,0.56858,0.56867,0.5685,0.56856,154,9,0
2026-08-20T14:35:00Z,1787236500,0.56858,0.56872,0.56853,0.5687,165,9,0
2026-08-20T14:40:00Z,1787236800,0.56871,0.5689,0.56856,0.56881,141,9,0
2026-08-20T14:45:00Z,1787237100,0.56882,0.56894,0.56877,0.56885,138,9,0
2026-08-20T14:50:00Z,1787237400,0.56885,0.56894,0.56852,0.56862,178,9,0
2026-08-20T14:55:00Z,1787237700,0.56862,0.5689,0.56861,0.56867,224,9,0
2026-08-20T15:00:00Z,1787238000,0.56868,0.56888,0.56857,0.56885,460,9,0
2026-08-20T15:05:00Z,1787238300,0.56885,0.56916,0.56869,0.56911,305,9,0
2026-08-20T15:10:00Z,1787238600,0.56911,0.56921,0.56883,0.56884,209,9,0
2026-08-20T15:15:00Z,1787238900,0.56884,0.56921,0.56882,0.56914,194,9,0
2026-08-20T15:20:00Z,1787239200,0.56913,0.56925,0.56897,0.56919,191,9,0
2026-08-20T15:25:00Z,1787239500,0.56919,0.5695,0.56919,0.56931,153,9,0
2026-08-20T15:30:00Z,1787239800,0.56929,0.56944,0.56926,0.56936,181,9,0
2026-08-20T15:35:00Z,1787240100,0.56937,0.56946,0.56923,0.56928,155,9,0
2026-08-20T15:40:00Z,1787240400,0.56927,0.56957,0.56911,0.56953,191,9,0
2026-08-20T15:45:00Z,1787240700,0.56954,0.5696,0.5694,0.56956,182,9,0
2026-08-20T15:50:00Z,1787241000,0.56957,0.56958,0.56939,0.5694,134,9,0
2026-08-20T15:55:00Z,1787241300,0.5694,0.56946,0.56929,0.56937,132,9,0
2026-08-20T16:00:00Z,1787241600,0.56937,0.56938,0.569,0.56901,144,9,0
2026-08-20T16:05:00Z,1787241900,0.56901,0.56921,0.569,0.56918,108,9,0
2026-08-20T16:10:00Z,1787242200,0.56919,0.56939,0.56915,0.56938,118,9,0
2026-08-20T16:15:00Z,1787242500,0.56938,0.5694,0.56919,0.56925,110,9,0
2026-08-20T16:20:00Z,1787242800,0.56924,0.56936,0.56924,0.56934,88,9,0
2026-08-20T16:25:00Z,1787243100,0.56934,0.56934,0.56921,0.56923,94,9,0
2026-08-20T16:30:00Z,1787243400,0.56923,0.56935,0.56915,0.56931,128,9,0
2026-08-20T16:35:00Z,1787243700,0.56931,0.56951,0.56917,0.56945,151,9,0
2026-08-20T16:40:00Z,1787244000,0.56944,0.56952,0.56931,0.56952,126,9,0
2026-08-20T16:45:00Z,1787244300,0.56952,0.56956,0.56943,0.56945,93,9,0
2026-08-20T16:50:00Z,1787244600,0.56945,0.56946,0.56936,0.56942,99,9,0
2026-08-20T16:55:00Z,1787244900,0.56941,0.56947,0.56923,0.56925,115,9,0
2026-08-20T17:00:00Z,1787245200,0.56925,0.56933,0.56921,0.56932,105,9,0
2026-08-20T17:05:00Z,1787245500,0.56933,0.56937,0.56925,0.56925,92,9,0
2026-08-20T17:10:00Z,1787245800,0.56925,0.56937,0.56925,0.56931,79,9,0
2026-08-20T17:15:00Z,1787246100,0.56932,0.5694,0.56923,0.56938,95,9,0
2026-08-20T17:20:00Z,1787246400,0.56939,0.56944,0.56935,0.56938,63,9,0
2026-08-20T17:25:00Z,1787246700,0.56938,0.56942,0.56932,0.56932,69,9,0
2026-08-20T17:30:00Z,1787247000,0.56933,0.56953,0.56932,0.56948,86,9,0
2026-08-20T17:35:00Z,1787247300,0.5695,0.5695,0.5694,0.56945,80,9,0
2026-08-20T17:40:00Z,1787247600,0.56947,0.56949,0.56942,0.56945,81,9,0
2026-08-20T17:45:00Z,1787247900,0.56944,0.56949,0.5694,0.56942,62,9,0
2026-08-20T17:50:00Z,1787248200,0.56942,0.56944,0.56934,0.56935,59,9,0
2026-08-20T17:55:00Z,1787248500,0.56935,0.56937,0.56928,0.56931,81,9,0
2026-08-20T18:00:00Z,1787248800,0.56931,0.56931,0.5692,0.5692,93,9,0
2026-08-20T18:05:00Z,1787249100,0.5692,0.56925,0.56912,0.56916,79,9,0
2026-08-20T18:10:00Z,1787249400,0.56916,0.5692,0.56911,0.56914,110,9,0
2026-08-20T18:15:00Z,1787249700,0.56915,0.56915,0.56907,0.56912,95,9,0
2026-08-20T18:20:00Z,1787250000,0.56912,0.56916,0.5691,0.56913,71,9,0
2026-08-20T18:25:00Z,1787250300,0.56913,0.56914,0.56906,0.56913,63,9,0
2026-08-20T18:30:00Z,1787250600,0.56914,0.56918,0.56912,0.56912,50,9,0
2026-08-20T18:35:00Z,1787250900,0.56911,0.56918,0.56909,0.56918,65,9,0
2026-08-20T18:40:00Z,1787251200,0.56917,0.56928,0.56917,0.56927,68,9,0
2026-08-20T18:45:00Z,1787251500,0.56927,0.56934,0.56926,0.5693,51,9,0
2026-08-20T18:50:00Z,1787251800,0.5693,0.56938,0.5693,0.56933,61,9,0
2026-08-20T18:55:00Z,1787252100,0.56933,0.5694,0.56927,0.56932,86,9,0
2026-08-20T19:00:00Z,1787252400,0.56933,0.56942,0.56931,0.5694,98,9,0
2026-08-20T19:05:00Z,1787252700,0.5694,0.56945,0.56937,0.56944,85,9,0
2026-08-20T19:10:00Z,1787253000,0.56944,0.56944,0.56934,0.56935,68,9,0
2026-08-20T19:15:00Z,1787253300,0.56936,0.5694,0.56928,0.5693,82,9,0
2026-08-20T19:20:00Z,1787253600,0.5693,0.56934,0.56926,0.56931,78,9,0
2026-08-20T19:25:00Z,1787253900,0.56931,0.56937,0.56929,0.56937,49,9,0
2026-08-20T19:30:00Z,1787254200,0.56937,0.56939,0.56925,0.56926,78,9,0
2026-08-20T19:35:00Z,1787254500,0.56926,0.56938,0.56925,0.56938,75,9,0
2026-08-20T19:40:00Z,1787254800,0.56938,0.56942,0.56937,0.56938,63,9,0
2026-08-20T19:45:00Z,1787255100,0.56939,0.56944,0.56937,0.56943,63,9,0
2026-08-20T19:50:00Z,1787255400,0.56943,0.56945,0.56937,0.56938,80,9,0
2026-08-20T19:55:00Z,1787255700,0.56937,0.56937,0.56925,0.56937,109,9,0
2026-08-20T20:00:00Z,1787256000,0.56938,0.56946,0.56937,0.5694,81,9,0
2026-08-20T20:05:00Z,1787256300,0.5694,0.56942,0.56938,0.56942,57,9,0
2026-08-20T20:10:00Z,1787256600,0.56941,0.56944,0.56936,0.56939,59,9,0
2026-08-20T20:15:00Z,1787256900,0.56938,0.56944,0.56937,0.56943,49,9,0
2026-08-20T20:20:00Z,1787257200,0.56944,0.56946,0.56942,0.56945,36,9,0
2026-08-20T20:25:00Z,1787257500,0.56946,0.56946,0.56937,0.56938,39,9,0
2026-08-20T20:30:00Z,1787257800,0.56938,0.56938,0.56931,0.56937,35,9,0
2026-08-20T20:35:00Z,1787258100,0.56937,0.56938,0.56933,0.56935,25,9,0
2026-08-20T20:40:00Z,1787258400,0.56934,0.56939,0.56934,0.56937,27,9,0
2026-08-20T20:45:00Z,1787258700,0.56937,0.56937,0.56928,0.56931,30,9,0
2026-08-20T20:50:00Z,1787259000,0.56931,0.56936,0.5693,0.56934,20,9,0
2026-08-20T20:55:00Z,1787259300,0.56935,0.56937,0.56932,0.56936,40,9,0
2026-08-20T21:05:00Z,1787259900,0.56935,0.56935,0.56931,0.56932,11,10,0
2026-08-20T21:10:00Z,1787260200,0.56933,0.56936,0.5693,0.56935,17,11,0
2026-08-20T21:15:00Z,1787260500,0.56934,0.56936,0.56929,0.56933,54,11,0
2026-08-20T21:20:00Z,1787260800,0.56934,0.56937,0.5693,0.5693,22,9,0
2026-08-20T21:25:00Z,1787261100,0.56931,0.56937,0.56928,0.56928,50,9,0
2026-08-20T21:30:00Z,1787261400,0.56928,0.56934,0.56927,0.56931,43,13,0
2026-08-20T21:35:00Z,1787261700,0.56933,0.56935,0.56923,0.56923,58,13,0
2026-08-20T21:40:00Z,1787262000,0.56922,0.56925,0.5691,0.5691,136,24,0
2026-08-20T21:45:00Z,1787262300,0.56909,0.56914,0.56897,0.56897,134,34,0
2026-08-20T21:50:00Z,1787262600,0.56898,0.56904,0.5689,0.56892,138,45,0
2026-08-20T21:55:00Z,1787262900,0.56891,0.5691,0.56891,0.5691,163,36,0
2026-08-20T22:00:00Z,1787263200,0.5691,0.56926,0.56907,0.56914,53,23,0
2026-08-20T22:05:00Z,1787263500,0.56914,0.56916,0.56911,0.56915,16,23,0
2026-08-20T22:10:00Z,1787263800,0.56916,0.56918,0.5691,0.56912,30,23,0
2026-08-20T22:15:00Z,1787264100,0.56912,0.56921,0.56906,0.56919,30,23,0
2026-08-20T22:20:00Z,1787264400,0.56919,0.56921,0.56914,0.5692,20,23,0
2026-08-20T22:25:00Z,1787264700,0.5692,0.56924,0.56909,0.56911,34,23,0
2026-08-20T22:30:00Z,1787265000,0.56911,0.56921,0.5691,0.56916,30,23,0
2026-08-20T22:35:00Z,1787265300,0.56916,0.56918,0.56912,0.56913,22,23,0
2026-08-20T22:40:00Z,1787265600,0.56913,0.56915,0.56908,0.56911,29,15,0
2026-08-20T22:45:00Z,1787265900,0.56911,0.56921,0.56908,0.56916,31,15,0
2026-08-20T22:50:00Z,1787266200,0.56916,0.56921,0.56909,0.56914,46,15,0
2026-08-20T22:55:00Z,1787266500,0.56914,0.56918,0.56909,0.56913,27,15,0
2026-08-20T23:00:00Z,1787266800,0.56916,0.56921,0.56906,0.56909,48,9,0
2026-08-20T23:05:00Z,1787267100,0.56909,0.56914,0.56906,0.56912,41,9,0
2026-08-20T23:10:00Z,1787267400,0.56912,0.56915,0.56905,0.56907,50,9,0
2026-08-20T23:15:00Z,1787267700,0.56907,0.56911,0.56905,0.56911,31,9,0
2026-08-20T23:20:00Z,1787268000,0.56911,0.56911,0.56907,0.56909,26,9,0
2026-08-20T23:25:00Z,1787268300,0.56908,0.5692,0.56907,0.56919,35,9,0
2026-08-20T23:30:00Z,1787268600,0.56919,0.56931,0.56917,0.56931,35,9,0
2026-08-20T23:35:00Z,1787268900,0.5693,0.5693,0.56918,0.56918,31,9,0
2026-08-20T23:40:00Z,1787269200,0.56918,0.5692,0.56914,0.56916,35,9,0
2026-08-20T23:45:00Z,1787269500,0.56916,0.5692,0.56915,0.56919,39,9,0
2026-08-20T23:50:00Z,1787269800,0.56919,0.56936,0.56919,0.56936,49,9,0
2026-08-20T23:55:00Z,1787270100,0.56935,0.56936,0.56917,0.5692,60,9,0
2026-08-21T00:00:00Z,1787270400,0.5692,0.56961,0.56919,0.56961,130,9,0
2026-08-21T00:05:00Z,1787270700,0.56961,0.56978,0.5696,0.5697,84,9,0
2026-08-21T00:10:00Z,1787271000,0.56972,0.56978,0.56967,0.56974,81,9,0
2026-08-21T00:15:00Z,1787271300,0.56975,0.56976,0.56965,0.5697,89,9,0
2026-08-21T00:20:00Z,1787271600,0.5697,0.56979,0.56968,0.56973,76,9,0
2026-08-21T00:25:00Z,1787271900,0.56974,0.56975,0.56967,0.5697,52,9,0
2026-08-21T00:30:00Z,1787272200,0.5697,0.56987,0.56964,0.56984,82,9,0
2026-08-21T00:35:00Z,1787272500,0.56983,0.56984,0.56971,0.56982,73,9,0
2026-08-21T00:40:00Z,1787272800,0.56981,0.56986,0.5698,0.56983,64,9,0
2026-08-21T00:45:00Z,1787273100,0.56983,0.56992,0.56982,0.56988,78,9,0
2026-08-21T00:50:00Z,1787273400,0.56989,0.56998,0.56988,0.56988,109,9,0
2026-08-21T00:55:00Z,1787273700,0.56988,0.56989,0.5698,0.56983,102,9,0
2026-08-21T01:00:00Z,1787274000,0.56982,0.56982,0.56969,0.56972,122,9,0
2026-08-21T01:05:00Z,1787274300,0.56972,0.56974,0.56964,0.56966,92,9,0
2026-08-21T01:10:00Z,1787274600,0.56966,0.56972,0.5696,0.56971,127,9,0
2026-08-21T01:15:00Z,1787274900,0.56971,0.56983,0.56965,0.56983,122,9,0
2026-08-21T01:20:00Z,1787275200,0.56983,0.56988,0.56974,0.56981,118,9,0
2026-08-21T01:25:00Z,1787275500,0.56981,0.56998,0.56977,0.56988,114,9,0
2026-08-21T01:30:00Z,1787275800,0.56988,0.5699,0.56976,0.56977,97,9,0
2026-08-21T01:35:00Z,1787276100,0.56977,0.56986,0.56969,0.56973,108,9,0
2026-08-21T01:40:00Z,1787276400,0.56973,0.56987,0.56973,0.56987,102,9,0
2026-08-21T01:45:00Z,1787276700,0.56988,0.5702,0.56986,0.57017,93,9,0
2026-08-21T01:50:00Z,1787277000,0.57016,0.57024,0.57013,0.57024,100,9,0
2026-08-21T01:55:00Z,1787277300,0.57024,0.57028,0.5702,0.57025,88,9,0
2026-08-21T02:00:00Z,1787277600,0.57025,0.57035,0.57024,0.57034,73,9,0
2026-08-21T02:05:00Z,1787277900,0.57035,0.57047,0.57033,0.57042,74,9,0
2026-08-21T02:10:00Z,1787278200,0.57042,0.57048,0.57037,0.57045,75,9,0
2026-08-21T02:15:00Z,1787278500,0.57045,0.57054,0.57044,0.57045,74,9,0
2026-08-21T02:20:00Z,1787278800,0.57045,0.57074,0.57044,0.57047,139,9,0
2026-08-21T02:25:00Z,1787279100,0.57046,0.57057,0.5704,0.57055,95,9,0
2026-08-21T02:30:00Z,1787279400,0.57055,0.5706,0.57039,0.57041,86,9,0
2026-08-21T02:35:00Z,1787279700,0.57041,0.57049,0.57041,0.57046,44,9,0
2026-08-21T02:40:00Z,1787280000,0.57046,0.57049,0.57038,0.57038,68,9,0
2026-08-21T02:45:00Z,1787280300,0.57038,0.57044,0.57026,0.57043,83,9,0
2026-08-21T02:50:00Z,1787280600,0.57043,0.57052,0.57038,0.57039,97,9,0
2026-08-21T02:55:00Z,1787280900,0.57039,0.57046,0.5703,0.5704,92,9,0
2026-08-21T03:00:00Z,1787281200,0.5704,0.57052,0.57039,0.57052,73,9,0
2026-08-21T03:05:00Z,1787281500,0.57052,0.57053,0.57043,0.57048,58,9,0
2026-08-21T03:10:00Z,1787281800,0.57048,0.57053,0.57046,0.57046,55,9,0
2026-08-21T03:15:00Z,1787282100,0.57046,0.57068,0.57046,0.57067,55,9,0
2026-08-21T03:20:00Z,1787282400,0.57067,0.57076,0.57067,0.57075,44,9,0
2026-08-21T03:25:00Z,1787282700,0.57076,0.57078,0.5707,0.57071,62,9,0
2026-08-21T03:30:00Z,1787283000,0.57071,0.57082,0.57068,0.57082,67,9,0
2026-08-21T03:35:00Z,1787283300,0.57082,0.57096,0.57081,0.57095,57,9,0
2026-08-21T03:40:00Z,1787283600,0.57094,0.57109,0.57092,0.57106,47,9,0
2026-08-21T03:45:00Z,1787283900,0.57106,0.57114,0.57103,0.57114,65,9,0
2026-08-21T03:50:00Z,1787284200,0.57113,0.57115,0.57096,0.57102,65,9,0
2026-08-21T03:55:00Z,1787284500,0.57102,0.57102,0.57095,0.571,54,9,0
2026-08-21T04:00:00Z,1787284800,0.571,0.57103,0.57096,0.57099,60,9,0
2026-08-21T04:05:00Z,1787285100,0.57099,0.57103,0.57097,0.57103,48,9,0
2026-08-21T04:10:00Z,1787285400,0.57103,0.57107,0.57101,0.57103,59,9,0
2026-08-21T04:15:00Z,1787285700,0.57104,0.57109,0.57103,0.57105,38,9,0
2026-08-21T04:20:00Z,1787286000,0.57105,0.57107,0.57104,0.57106,37,9,0
2026-08-21T04:25:00Z,1787286300,0.57105,0.57107,0.57103,0.57103,44,9,0
2026-08-21T04:30:00Z,1787286600,0.57103,0.57105,0.57096,0.57102,41,9,0
2026-08-21T04:35:00Z,1787286900,0.57102,0.57102,0.57096,0.57096,28,9,0
2026-08-21T04:40:00Z,1787287200,0.57096,0.57105,0.57095,0.57104,45,9,0
2026-08-21T04:45:00Z,1787287500,0.57104,0.57116,0.57103,0.57114,39,9,0
2026-08-21T04:50:00Z,1787287800,0.57114,0.57119,0.57111,0.57113,49,9,0
2026-08-21T04:55:00Z,1787288100,0.57112,0.57112,0.57101,0.57109,52,9,0
2026-08-21T05:00:00Z,1787288400,0.57109,0.5711,0.571,0.57108,61,9,0
2026-08-21T05:05:00Z,1787288700,0.57108,0.57112,0.57107,0.57108,48,9,0
2026-08-21T05:10:00Z,1787289000,0.57108,0.57108,0.571,0.57106,44,9,0
2026-08-21T05:15:00Z,1787289300,0.57105,0.57112,0.571,0.571,51,9,0
2026-08-21T05:20:00Z,1787289600,0.571,0.57107,0.57099,0.57104,41,9,0
2026-08-21T05:25:00Z,1787289900,0.57104,0.57112,0.571,0.57108,46,9,0
2026-08-21T05:30:00Z,1787290200,0.57108,0.57108,0.571,0.57102,59,9,0
2026-08-21T05:35:00Z,1787290500,0.57102,0.57103,0.57086,0.57094,76,9,0
2026-08-21T05:40:00Z,1787290800,0.57094,0.57116,0.57093,0.57104,79,9,0
2026-08-21T05:45:00Z,1787291100,0.57104,0.57107,0.57084,0.57084,80,9,0
2026-08-21T05:50:00Z,1787291400,0.57084,0.57095,0.5708,0.57088,107,9,0
2026-08-21T05:55:00Z,1787291700,0.5709,0.57094,0.57086,0.57087,81,9,0
2026-08-21T06:00:00Z,1787292000,0.57088,0.57101,0.57085,0.57101,97,9,0
2026-08-21T06:05:00Z,1787292300,0.57101,0.57115,0.571,0.57108,97,9,0
2026-08-21T06:10:00Z,1787292600,0.57108,0.57125,0.57108,0.57125,103,9,0
2026-08-21T06:15:00Z,1787292900,0.57124,0.57128,0.57116,0.57126,84,9,0
2026-08-21T06:20:00Z,1787293200,0.57127,0.57129,0.57109,0.57121,121,9,0
2026-08-21T06:25:00Z,1787293500,0.5712,0.57141,0.57118,0.57137,94,9,0
2026-08-21T06:30:00Z,1787293800,0.57138,0.57156,0.57138,0.57154,110,9,0
2026-08-21T06:35:00Z,1787294100,0.57154,0.5716,0.57144,0.57157,95,9,0
2026-08-21T06:40:00Z,1787294400,0.57157,0.57158,0.57142,0.57147,79,9,0
2026-08-21T06:45:00Z,1787294700,0.57146,0.5715,0.57133,0.57141,95,9,0
2026-08-21T06:50:00Z,1787295000,0.57141,0.57155,0.57135,0.57155,107,9,0
2026-08-21T06:55:00Z,1787295300,0.57154,0.57157,0.57137,0.5714,115,9,0
2026-08-21T07:00:00Z,1787295600,0.57142,0.57158,0.57136,0.57137,182,9,0
2026-08-21T07:05:00Z,1787295900,0.57136,0.57171,0.57136,0.57167,119,9,0
2026-08-21T07:10:00Z,1787296200,0.57167,0.57183,0.57164,0.57164,107,9,0
2026-08-21T07:15:00Z,1787296500,0.57164,0.57167,0.57153,0.57154,109,9,0
2026-08-21T07:20:00Z,1787296800,0.57154,0.5717,0.57148,0.57169,133,9,0
2026-08-21T07:25:00Z,1787297100,0.57169,0.57178,0.57162,0.57167,134,9,0
2026-08-21T07:30:00Z,1787297400,0.57169,0.57176,0.57158,0.57163,163,9,0
2026-08-21T07:35:00Z,1787297700,0.57163,0.57187,0.57161,0.57177,137,9,0
2026-08-21T07:40:00Z,1787298000,0.57178,0.57189,0.57144,0.57185,222,9,0
2026-08-21T07:45:00Z,1787298300,0.57184,0.57216,0.57184,0.57216,160,9,0
2026-08-21T07:50:00Z,1787298600,0.57216,0.57228,0.5721,0.57221,125,9,0
2026-08-21T07:55:00Z,1787298900,0.57221,0.5723,0.5722,0.57223,149,9,0
2026-08-21T08:00:00Z,1787299200,0.57223,0.57236,0.57218,0.57234,133,9,0
2026-08-21T08:05:00Z,1787299500,0.57234,0.57244,0.57231,0.57238,111,9,0
2026-08-21T08:10:00Z,1787299800,0.57237,0.57248,0.57229,0.57236,128,9,0
2026-08-21T08:15:00Z,1787300100,0.57237,0.57281,0.57233,0.57279,169,9,0
2026-08-21T08:20:00Z,1787300400,0.57279,0.57281,0.57265,0.57265,151,9,0
2026-08-21T08:25:00Z,1787300700,0.57265,0.57281,0.57257,0.57276,177,9,0
2026-08-21T08:30:00Z,1787301000,0.57275,0.57278,0.57255,0.57255,148,9,0
2026-08-21T08:35:00Z,1787301300,0.57255,0.57262,0.57246,0.57254,137,9,0
2026-08-21T08:40:00Z,1787301600,0.57254,0.57263,0.57245,0.57251,174,9,0
2026-08-21T08:45:00Z,1787301900,0.57252,0.57258,0.57238,0.57238,158,9,0
2026-08-21T08:50:00Z,1787302200,0.57238,0.57246,0.57229,0.57243,129,9,0
2026-08-21T08:55:00Z,1787302500,0.57244,0.57262,0.57241,0.57244,118,9,0
2026-08-21T09:00:00Z,1787302800,0.57244,0.57259,0.57242,0.57258,180,9,0
2026-08-21T09:05:00Z,1787303100,0.57259,0.5727,0.57234,0.57236,186,9,0
2026-08-21T09:10:00Z,1787303400,0.57236,0.57242,0.57224,0.57232,143,9,0
2026-08-21T09:15:00Z,1787303700,0.57234,0.57234,0.57207,0.57207,129,9,0
2026-08-21T09:20:00Z,1787304000,0.57207,0.57212,0.57183,0.57184,129,9,0
2026-08-21T09:25:00Z,1787304300,0.57185,0.57199,0.57182,0.57189,106,9,0
2026-08-21T09:30:00Z,1787304600,0.57189,0.57199,0.57178,0.57195,112,9,0
2026-08-21T09:35:00Z,1787304900,0.57195,0.57204,0.57186,0.57204,131,9,0
2026-08-21T09:40:00Z,1787305200,0.57204,0.57206,0.57198,0.57202,93,9,0
2026-08-21T09:45:00Z,1787305500,0.57203,0.5722,0.57202,0.57217,98,9,0
2026-08-21T09:50:00Z,1787305800,0.57217,0.57221,0.57209,0.57216,90,9,0
2026-08-21T09:55:00Z,1787306100,0.57215,0.57223,0.57211,0.57215,122,9,0
2026-08-21T10:00:00Z,1787306400,0.57216,0.57236,0.57216,0.57224,147,9,0
2026-08-21T10:05:00Z,1787306700,0.57223,0.57227,0.57212,0.57218,117,9,0
2026-08-21T10:10:00Z,1787307000,0.57219,0.57223,0.57213,0.57214,104,9,0
2026-08-21T10:15:00Z,1787307300,0.57214,0.57221,0.57207,0.57208,104,9,0
2026-08-21T10:20:00Z,1787307600,0.57209,0.57219,0.57202,0.57211,91,9,0
2026-08-21T10:25:00Z,1787307900,0.57211,0.57223,0.57206,0.57207,102,9,0
2026-08-21T10:30:00Z,1787308200,0.57206,0.57216,0.57204,0.57206,90,9,0
2026-08-21T10:35:00Z,1787308500,0.57206,0.57207,0.57191,0.57197,101,9,0
2026-08-21T10:40:00Z,1787308800,0.57197,0.57202,0.57193,0.57197,83,9,0
2026-08-21T10:45:00Z,1787309100,0.57197,0.57204,0.57191,0.57193,103,9,0
2026-08-21T10:50:00Z,1787309400,0.57194,0.572,0.57187,0.57197,121,9,0
2026-08-21T10:55:00Z,1787309700,0.57197,0.5721,0.57197,0.57204,124,9,0
2026-08-21T11:00:00Z,1787310000,0.57204,0.57212,0.57194,0.57212,130,9,0
2026-08-21T11:05:00Z,1787310300,0.57212,0.57224,0.57209,0.57213,108,9,0
2026-08-21T11:10:00Z,1787310600,0.57214,0.57222,0.57214,0.57221,88,9,0
2026-08-21T11:15:00Z,1787310900,0.57221,0.57228,0.57211,0.57224,90,9,0
2026-08-21T11:20:00Z,1787311200,0.57224,0.57232,0.57198,0.57203,201,9,0
2026-08-21T11:25:00Z,1787311500,0.57204,0.57226,0.57201,0.57223,209,9,0
2026-08-21T11:30:00Z,1787311800,0.57222,0.57249,0.5722,0.5724,193,9,0
2026-08-21T11:35:00Z,1787312100,0.5724,0.57262,0.57236,0.57258,189,9,0
2026-08-21T11:40:00Z,1787312400,0.57258,0.57281,0.57257,0.57277,172,9,0
2026-08-21T11:45:00Z,1787312700,0.57277,0.5728,0.57267,0.57278,119,9,0
2026-08-21T11:50:00Z,1787313000,0.57278,0.57283,0.57266,0.57269,138,9,0
2026-08-21T11:55:00Z,1787313300,0.57269,0.57271,0.57255,0.57256,110,9,0
2026-08-21T12:00:00Z,1787313600,0.57257,0.57287,0.57253,0.57283,168,9,0
2026-08-21T12:05:00Z,1787313900,0.57283,0.57298,0.57274,0.57298,145,9,0
2026-08-21T12:10:00Z,1787314200,0.57297,0.57299,0.5729,0.57297,137,9,0
2026-08-21T12:15:00Z,1787314500,0.57298,0.573,0.57288,0.57292,121,9,0
2026-08-21T12:20:00Z,1787314800,0.57292,0.57297,0.57285,0.57296,106,9,0
2026-08-21T12:25:00Z,1787315100,0.57295,0.57312,0.57295,0.57312,94,9,0
2026-08-21T12:30:00Z,1787315400,0.57312,0.57313,0.57295,0.57299,130,9,0
2026-08-21T12:35:00Z,1787315700,0.57299,0.57318,0.57298,0.57316,168,9,0
2026-08-21T12:40:00Z,1787316000,0.57316,0.57325,0.57309,0.5732,160,9,0
2026-08-21T12:45:00Z,1787316300,0.5732,0.57333,0.57313,0.57326,121,9,0
2026-08-21T12:50:00Z,1787316600,0.57326,0.57336,0.5732,0.57324,92,9,0
2026-08-21T12:55:00Z,1787316900,0.57324,0.57327,0.57315,0.57316,98,9,0
2026-08-21T13:00:00Z,1787317200,0.57317,0.57331,0.57314,0.5733,131,9,0
2026-08-21T13:05:00Z,1787317500,0.5733,0.57345,0.57328,0.57342,129,9,0
2026-08-21T13:10:00Z,1787317800,0.57343,0.57345,0.57337,0.57341,120,9,0
2026-08-21T13:15:00Z,1787318100,0.57342,0.57349,0.57332,0.57342,133,9,0
2026-08-21T13:20:00Z,1787318400,0.57343,0.57347,0.57329,0.57347,105,9,0
2026-08-21T13:25:00Z,1787318700,0.57347,0.57355,0.57342,0.57343,146,9,0
2026-08-21T13:30:00Z,1787319000,0.57342,0.5735,0.57318,0.57318,193,9,0
2026-08-21T13:35:00Z,1787319300,0.5732,0.57331,0.57312,0.57317,164,9,0
2026-08-21T13:40:00Z,1787319600,0.57316,0.57341,0.57305,0.57336,149,9,0
2026-08-21T13:45:00Z,1787319900,0.57334,0.57357,0.57323,0.57356,147,9,0
2026-08-21T13:50:00Z,1787320200,0.57357,0.57363,0.57349,0.57354,148,9,0
2026-08-21T13:55:00Z,1787320500,0.57353,0.57379,0.57351,0.57365,161,9,0
2026-08-21T14:00:00Z,1787320800,0.57363,0.57373,0.5736,0.57363,169,9,0
2026-08-21T14:05:00Z,1787321100,0.57364,0.57386,0.57357,0.57382,139,9,0
2026-08-21T14:10:00Z,1787321400,0.57383,0.57393,0.57382,0.57389,138,9,0
2026-08-21T14:15:00Z,1787321700,0.5739,0.57391,0.57366,0.5737,125,9,0
2026-08-21T14:20:00Z,1787322000,0.5737,0.57386,0.57368,0.57379,152,9,0
2026-08-21T14:25:00Z,1787322300,0.5738,0.57405,0.57377,0.57401,136,9,0
2026-08-21T14:30:00Z,1787322600,0.57401,0.57408,0.57387,0.57402,195,9,0
2026-08-21T14:35:00Z,1787322900,0.57403,0.5741,0.5739,0.57403,219,9,0
2026-08-21T14:40:00Z,1787323200,0.57403,0.57404,0.57376,0.57382,180,9,0
2026-08-21T14:45:00Z,1787323500,0.57383,0.57396,0.57379,0.5739,164,9,0
2026-08-21T14:50:00Z,1787323800,0.57389,0.57392,0.57365,0.57377,231,9,0
2026-08-21T14:55:00Z,1787324100,0.57378,0.57408,0.57368,0.57378,253,9,0
2026-08-21T15:00:00Z,1787324400,0.57378,0.57432,0.57373,0.57431,305,9,0
2026-08-21T15:05:00Z,1787324700,0.57432,0.57441,0.57421,0.57439,191,9,0
2026-08-21T15:10:00Z,1787325000,0.57438,0.57446,0.57431,0.57441,170,9,0
2026-08-21T15:15:00Z,1787325300,0.5744,0.5746,0.57438,0.57457,154,9,0
2026-08-21T15:20:00Z,1787325600,0.57456,0.57474,0.5745,0.57473,148,9,0
2026-08-21T15:25:00Z,1787325900,0.57474,0.57492,0.57463,0.57466,173,9,0
2026-08-21T15:30:00Z,1787326200,0.57467,0.57469,0.57455,0.57457,145,9,0
2026-08-21T15:35:00Z,1787326500,0.57457,0.57474,0.57443,0.57473,176,9,0
2026-08-21T15:40:00Z,1787326800,0.57473,0.57477,0.57462,0.57462,187,9,0
2026-08-21T15:45:00Z,1787327100,0.57462,0.57474,0.5746,0.57466,114,9,0
2026-08-21T15:50:00Z,1787327400,0.57467,0.5747,0.57458,0.57461,104,9,0
2026-08-21T15:55:00Z,1787327700,0.5746,0.57462,0.57451,0.57456,95,9,0
2026-08-21T16:00:00Z,1787328000,0.57456,0.57475,0.57456,0.57469,116,9,0
2026-08-21T16:05:00Z,1787328300,0.57469,0.57474,0.57464,0.57467,123,9,0
2026-08-21T16:10:00Z,1787328600,0.57467,0.57471,0.57457,0.57459,98,9,0
2026-08-21T16:15:00Z,1787328900,0.57459,0.57462,0.5745,0.57455,92,9,0
2026-08-21T16:20:00Z,1787329200,0.57454,0.57459,0.57438,0.57443,197,9,0
2026-08-21T16:25:00Z,1787329500,0.57443,0.57453,0.5744,0.5745,74,9,0
2026-08-21T16:30:00Z,1787329800,0.57451,0.57451,0.57441,0.57451,71,9,0
2026-08-21T16:35:00Z,1787330100,0.57451,0.57451,0.57437,0.5744,61,9,0
2026-08-21T16:40:00Z,1787330400,0.5744,0.5745,0.57437,0.57443,74,9,0
2026-08-21T16:45:00Z,1787330700,0.57443,0.57448,0.57438,0.57447,77,9,0
2026-08-21T16:50:00Z,1787331000,0.57447,0.5745,0.5744,0.57442,71,9,0
2026-08-21T16:55:00Z,1787331300,0.57442,0.57452,0.57437,0.57452,69,9,0
2026-08-21T17:00:00Z,1787331600,0.57452,0.57476,0.57447,0.57474,80,9,0
2026-08-21T17:05:00Z,1787331900,0.57474,0.57482,0.57469,0.5748,79,9,0
2026-08-21T17:10:00Z,1787332200,0.57479,0.57488,0.57479,0.5748,76,9,0
2026-08-21T17:15:00Z,1787332500,0.5748,0.57493,0.5748,0.57489,72,9,0
2026-08-21T17:20:00Z,1787332800,0.57489,0.5749,0.57478,0.57478,61,9,0
2026-08-21T17:25:00Z,1787333100,0.57478,0.5749,0.57478,0.57482,61,9,0
2026-08-21T17:30:00Z,1787333400,0.57482,0.57483,0.57477,0.57482,63,9,0
2026-08-21T17:35:00Z,1787333700,0.57482,0.57493,0.57482,0.57488,76,9,0
2026-08-21T17:40:00Z,1787334000,0.57488,0.57495,0.57485,0.57489,62,9,0
2026-08-21T17:45:00Z,1787334300,0.57489,0.57499,0.57488,0.57497,55,9,0
2026-08-21T17:50:00Z,1787334600,0.57496,0.57498,0.57486,0.57488,56,9,0
2026-08-21T17:55:00Z,1787334900,0.57488,0.57499,0.57485,0.57498,49,9,0
2026-08-21T18:00:00Z,1787335200,0.57498,0.57499,0.57492,0.57495,48,9,0
2026-08-21T18:05:00Z,1787335500,0.57495,0.57502,0.57495,0.575,48,9,0
2026-08-21T18:10:00Z,1787335800,0.57499,0.57501,0.57495,0.57496,52,9,0
2026-08-21T18:15:00Z,1787336100,0.57496,0.57497,0.57485,0.57485,58,9,0
2026-08-21T18:20:00Z,1787336400,0.57485,0.57493,0.57482,0.57491,58,9,0
2026-08-21T18:25:00Z,1787336700,0.57491,0.57491,0.57479,0.57479,53,9,0
2026-08-21T18:30:00Z,1787337000,0.57479,0.57481,0.57477,0.5748,52,9,0
2026-08-21T18:35:00Z,1787337300,0.5748,0.57484,0.5748,0.57482,50,9,0
2026-08-21T18:40:00Z,1787337600,0.57482,0.57484,0.57479,0.57483,31,9,0
2026-08-21T18:45:00Z,1787337900,0.57483,0.5749,0.57481,0.57488,45,9,0
2026-08-21T18:50:00Z,1787338200,0.57487,0.5749,0.57485,0.57486,31,9,0
2026-08-21T18:55:00Z,1787338500,0.57485,0.57487,0.5748,0.5748,44,9,0
2026-08-21T19:00:00Z,1787338800,0.5748,0.57486,0.57479,0.5748,73,9,0
2026-08-21T19:05:00Z,1787339100,0.5748,0.5748,0.57472,0.57474,59,9,0
2026-08-21T19:10:00Z,1787339400,0.57473,0.5748,0.57473,0.57478,40,9,0
2026-08-21T19:15:00Z,1787339700,0.57478,0.57478,0.57466,0.5747,64,9,0
2026-08-21T19:20:00Z,1787340000,0.5747,0.5747,0.57465,0.57467,41,9,0
2026-08-21T19:25:00Z,1787340300,0.57467,0.57473,0.57465,0.57473,30,9,0
2026-08-21T19:30:00Z,1787340600,0.57473,0.57474,0.57456,0.57469,69,9,0
2026-08-21T19:35:00Z,1787340900,0.57469,0.57471,0.5746,0.57462,42,9,0
2026-08-21T19:40:00Z,1787341200,0.57462,0.57463,0.57456,0.5746,41,9,0
2026-08-21T19:45:00Z,1787341500,0.5746,0.57464,0.57458,0.57463,32,9,0
2026-08-21T19:50:00Z,1787341800,0.57462,0.57465,0.57455,0.57455,41,9,0
2026-08-21T19:55:00Z,1787342100,0.57457,0.57459,0.57445,0.57447,65,9,0
2026-08-21T20:00:00Z,1787342400,0.57446,0.57455,0.57442,0.5745,48,9,0
2026-08-21T20:05:00Z,1787342700,0.5745,0.5745,0.57442,0.57444,30,9,0
2026-08-21T20:10:00Z,1787343000,0.57444,0.57451,0.57443,0.57448,23,9,0
2026-08-21T20:15:00Z,1787343300,0.57448,0.57449,0.57444,0.57448,19,9,0
2026-08-21T20:20:00Z,1787343600,0.57448,0.57455,0.57447,0.57455,33,9,0
2026-08-21T20:25:00Z,1787343900,0.57455,0.57459,0.57454,0.57458,29,9,0
2026-08-21T20:30:00Z,1787344200,0.57458,0.57463,0.57455,0.57458,27,9,0
2026-08-21T20:35:00Z,1787344500,0.57458,0.57467,0.57456,0.57466,31,9,0
2026-08-21T20:40:00Z,1787344800,0.57467,0.57469,0.5746,0.57462,37,9,0
2026-08-21T20:45:00Z,1787345100,0.57461,0.57465,0.57455,0.57457,58,9,0
2026-08-21T20:50:00Z,1787345400,0.57453,0.57459,0.57453,0.57457,53,9,0
2026-08-21T20:55:00Z,1787345700,0.57457,0.5746,0.57448,0.57452,52,9,0
2026-08-23T21:05:00Z,1787519100,0.57376,0.57388,0.57376,0.57388,2,75,0
2026-08-23T21:10:00Z,1787519400,0.57389,0.57409,0.57389,0.57409,13,45,0
2026-08-23T21:15:00Z,1787519700,0.57404,0.57417,0.57396,0.57406,23,37,0
2026-08-23T21:20:00Z,1787520000,0.57405,0.57412,0.5736,0.57412,37,49,0
2026-08-23T21:25:00Z,1787520300,0.57414,0.57418,0.57383,0.57392,49,37,0
2026-08-23T21:30:00Z,1787520600,0.57391,0.57415,0.57358,0.57391,111,37,0
2026-08-23T21:35:00Z,1787520900,0.57387,0.57396,0.57367,0.57393,37,37,0
2026-08-23T21:40:00Z,1787521200,0.57393,0.57395,0.57359,0.57393,59,37,0
2026-08-23T21:45:00Z,1787521500,0.57392,0.57392,0.57376,0.57377,31,37,0
2026-08-23T21:50:00Z,1787521800,0.57382,0.57383,0.57343,0.5737,50,37,0
2026-08-23T21:55:00Z,1787522100,0.57376,0.57388,0.57363,0.57367,27,37,0
2026-08-23T22:00:00Z,1787522400,0.57386,0.57442,0.57386,0.57436,99,23,0
2026-08-23T22:05:00Z,1787522700,0.57432,0.57438,0.57412,0.5742,40,23,0
2026-08-23T22:10:00Z,1787523000,0.57421,0.57426,0.57416,0.5742,36,23,0
2026-08-23T22:15:00Z,1787523300,0.5742,0.5742,0.57415,0.57419,19,23,0
2026-08-23T22:20:00Z,1787523600,0.57418,0.57418,0.57409,0.57409,31,23,0
2026-08-23T22:25:00Z,1787523900,0.57409,0.57411,0.574,0.574,19,23,0
2026-08-23T22:30:00Z,1787524200,0.574,0.57415,0.57399,0.57415,52,15,0
2026-08-23T22:35:00Z,1787524500,0.57414,0.57427,0.57409,0.57427,44,15,0
2026-08-23T22:40:00Z,1787524800,0.57426,0.5743,0.57425,0.5743,25,15,0
2026-08-23T22:45:00Z,1787525100,0.5743,0.57437,0.57426,0.57435,28,15,0
2026-08-23T22:50:00Z,1787525400,0.57435,0.57435,0.57433,0.57434,8,15,0
2026-08-23T22:55:00Z,1787525700,0.57434,0.57437,0.57426,0.57435,34,15,0
2026-08-23T23:00:00Z,1787526000,0.57438,0.57447,0.5743,0.57433,50,9,0
2026-08-23T23:05:00Z,1787526300,0.57433,0.57435,0.57428,0.57435,30,9,0
2026-08-23T23:10:00Z,1787526600,0.57435,0.57441,0.5743,0.57438,35,9,0
2026-08-23T23:15:00Z,1787526900,0.57438,0.57441,0.57436,0.57439,35,9,0
2026-08-23T23:20:00Z,1787527200,0.57439,0.57441,0.57433,0.57433,27,9,0
2026-08-23T23:25:00Z,1787527500,0.57433,0.57433,0.5743,0.57432,24,9,0
2026-08-23T23:30:00Z,1787527800,0.57432,0.57439,0.57432,0.57439,26,9,0
2026-08-23T23:35:00Z,1787528100,0.57439,0.57443,0.57435,0.57435,35,9,0
2026-08-23T23:40:00Z,1787528400,0.57435,0.57438,0.57427,0.57427,41,9,0
2026-08-23T23:45:00Z,1787528700,0.57427,0.57432,0.57423,0.57432,53,9,0
2026-08-23T23:50:00Z,1787529000,0.57431,0.57431,0.5741,0.5741,52,9,0
2026-08-23T23:55:00Z,1787529300,0.5741,0.57418,0.57409,0.57411,56,9,0
2026-08-24T00:00:00Z,1787529600,0.5741,0.57413,0.57399,0.574,110,9,0
2026-08-24T00:05:00Z,1787529900,0.57399,0.57412,0.57398,0.57411,112,9,0
2026-08-24T00:10:00Z,1787530200,0.5741,0.5741,0.57394,0.57397,99,9,0
2026-08-24T00:15:00Z,1787530500,0.57398,0.57399,0.57382,0.57383,99,9,0
2026-08-24T00:20:00Z,1787530800,0.57383,0.57386,0.57371,0.57376,78,9,0
2026-08-24T00:25:00Z,1787531100,0.57376,0.5738,0.57364,0.5738,85,9,0
2026-08-24T00:30:00Z,1787531400,0.5738,0.57394,0.5738,0.5739,85,9,0
2026-08-24T00:35:00Z,1787531700,0.57389,0.57391,0.57372,0.57375,80,9,0
2026-08-24T00:40:00Z,1787532000,0.57374,0.57374,0.57367,0.57369,64,9,0
2026-08-24T00:45:00Z,1787532300,0.57369,0.57396,0.57369,0.57393,83,9,0
2026-08-24T00:50:00Z,1787532600,0.57394,0.57396,0.57379,0.57383,72,9,0
2026-08-24T00:55:00Z,1787532900,0.57382,0.57389,0.57373,0.57389,94,9,0
2026-08-24T01:00:00Z,1787533200,0.57389,0.57392,0.57375,0.57392,123,9,0
2026-08-24T01:05:00Z,1787533500,0.57393,0.57413,0.57391,0.57405,104,9,0
2026-08-24T01:10:00Z,1787533800,0.57406,0.57417,0.57397,0.57398,99,9,0
2026-08-24T01:15:00Z,1787534100,0.574,0.57406,0.57382,0.57383,110,9,0
2026-08-24T01:20:00Z,1787534400,0.57383,0.57383,0.57366,0.57374,90,9,0
2026-08-24T01:25:00Z,1787534700,0.57374,0.57389,0.57371,0.57388,99,9,0
2026-08-24T01:30:00Z,1787535000,0.57388,0.57388,0.57369,0.57376,89,9,0
2026-08-24T01:35:00Z,1787535300,0.57375,0.57378,0.5737,0.57373,73,9,0
2026-08-24T01:40:00Z,1787535600,0.57373,0.57381,0.57361,0.57361,76,9,0
2026-08-24T01:45:00Z,1787535900,0.57361,0.57361,0.5735,0.57355,68,9,0
2026-08-24T01:50:00Z,1787536200,0.57355,0.57372,0.57349,0.57353,107,9,0
2026-08-24T01:55:00Z,1787536500,0.57353,0.57356,0.57346,0.57349,63,9,0
2026-08-24T02:00:00Z,1787536800,0.5735,0.5735,0.57328,0.57343,89,9,0
2026-08-24T02:05:00Z,1787537100,0.57341,0.5736,0.57338,0.5736,73,9,0
2026-08-24T02:10:00Z,1787537400,0.57361,0.57363,0.57355,0.57357,79,9,0
2026-08-24T02:15:00Z,1787537700,0.57357,0.57363,0.57356,0.57357,75,9,0
2026-08-24T02:20:00Z,1787538000,0.57357,0.57363,0.57356,0.57357,48,9,0
2026-08-24T02:25:00Z,1787538300,0.57357,0.57361,0.57348,0.57354,54,9,0
2026-08-24T02:30:00Z,1787538600,0.57354,0.57365,0.57354,0.57361,55,9,0
2026-08-24T02:35:00Z,1787538900,0.57361,0.57367,0.57356,0.57356,58,9,0
2026-08-24T02:40:00Z,1787539200,0.57356,0.57358,0.57351,0.57358,53,9,0
2026-08-24T02:45:00Z,1787539500,0.57358,0.57358,0.57328,0.57328,58,9,0
2026-08-24T02:50:00Z,1787539800,0.57328,0.57335,0.57328,0.57331,67,9,0
2026-08-24T02:55:00Z,1787540100,0.57331,0.57338,0.57329,0.57332,57,9,0
2026-08-24T03:00:00Z,1787540400,0.57332,0.57338,0.57328,0.57333,64,9,0
2026-08-24T03:05:00Z,1787540700,0.57333,0.57335,0.57326,0.57326,51,9,0
2026-08-24T03:10:00Z,1787541000,0.57326,0.57335,0.57326,0.57335,75,9,0
2026-08-24T03:15:00Z,1787541300,0.57335,0.5734,0.57333,0.57338,38,9,0
2026-08-24T03:20:00Z,1787541600,0.57338,0.57345,0.57338,0.5734,70,9,0
2026-08-24T03:25:00Z,1787541900,0.5734,0.57341,0.57331,0.57332,41,9,0
2026-08-24T03:30:00Z,1787542200,0.57332,0.5734,0.5733,0.5734,46,9,0
2026-08-24T03:35:00Z,1787542500,0.5734,0.57344,0.57335,0.5734,77,9,0
2026-08-24T03:40:00Z,1787542800,0.57341,0.57343,0.57335,0.57341,53,9,0
2026-08-24T03:45:00Z,1787543100,0.57341,0.57343,0.57338,0.57339,47,9,0
2026-08-24T03:50:00Z,1787543400,0.57339,0.57343,0.57329,0.57329,50,9,0
2026-08-24T03:55:00Z,1787543700,0.5733,0.57336,0.57328,0.57332,69,9,0
2026-08-24T04:00:00Z,1787544000,0.57332,0.57349,0.57332,0.57345,57,9,0
2026-08-24T04:05:00Z,1787544300,0.57345,0.5735,0.57341,0.57341,68,9,0
2026-08-24T04:10:00Z,1787544600,0.57341,0.57346,0.57334,0.57344,90,9,0
2026-08-24T04:15:00Z,1787544900,0.57344,0.57344,0.57334,0.57336,61,9,0
2026-08-24T04:20:00Z,1787545200,0.57336,0.57353,0.5733,0.57337,76,9,0
2026-08-24T04:25:00Z,1787545500,0.57337,0.57341,0.5732,0.57339,95,9,0
2026-08-24T04:30:00Z,1787545800,0.57341,0.57342,0.57332,0.57342,79,9,0
2026-08-24T04:35:00Z,1787546100,0.57343,0.5735,0.57339,0.57343,57,9,0
2026-08-24T04:40:00Z,1787546400,0.57343,0.57355,0.57342,0.57353,60,9,0
2026-08-24T04:45:00Z,1787546700,0.57353,0.57361,0.57351,0.57357,55,9,0
2026-08-24T04:50:00Z,1787547000,0.57357,0.57359,0.57347,0.57348,44,9,0
2026-08-24T04:55:00Z,1787547300,0.57348,0.57353,0.57341,0.57343,68,9,0
2026-08-24T05:00:00Z,1787547600,0.57343,0.57348,0.5734,0.57346,55,9,0
2026-08-24T05:05:00Z,1787547900,0.57346,0.57365,0.57346,0.5736,57,9,0
2026-08-24T05:10:00Z,1787548200,0.5736,0.57367,0.57356,0.57366,50,9,0
2026-08-24T05:15:00Z,1787548500,0.57366,0.57374,0.57361,0.57373,72,9,0
2026-08-24T05:20:00Z,1787548800,0.57373,0.57377,0.57369,0.57369,58,9,0
2026-08-24T05:25:00Z,1787549100,0.57369,0.57376,0.57369,0.57373,47,9,0
2026-08-24T05:30:00Z,1787549400,0.57373,0.57376,0.57365,0.57367,73,9,0
2026-08-24T05:35:00Z,1787549700,0.57368,0.57379,0.57365,0.57374,74,9,0
2026-08-24T05:40:00Z,1787550000,0.57374,0.57394,0.57374,0.5739,61,9,0
2026-08-24T05:45:00Z,1787550300,0.57391,0.57393,0.57384,0.57386,49,9,0
2026-08-24T05:50:00Z,1787550600,0.57386,0.57398,0.57384,0.57395,70,9,0
2026-08-24T05:55:00Z,1787550900,0.57396,0.57397,0.57379,0.57379,74,9,0
2026-08-24T06:00:00Z,1787551200,0.57378,0.57382,0.57363,0.57366,101,9,0
2026-08-24T06:05:00Z,1787551500,0.57366,0.5737,0.57361,0.57367,83,9,0
2026-08-24T06:10:00Z,1787551800,0.57367,0.57374,0.57359,0.57371,89,9,0
2026-08-24T06:15:00Z,1787552100,0.57371,0.57375,0.57361,0.57365,97,9,0
2026-08-24T06:20:00Z,1787552400,0.57364,0.5737,0.57359,0.57367,112,9,0
2026-08-24T06:25:00Z,1787552700,0.57368,0.5737,0.57361,0.57365,92,9,0
2026-08-24T06:30:00Z,1787553000,0.57366,0.5739,0.57364,0.5739,103,9,0
2026-08-24T06:35:00Z,1787553300,0.5739,0.57402,0.57386,0.57401,83,9,0
2026-08-24T06:40:00Z,1787553600,0.57402,0.5742,0.57399,0.57418,104,9,0
2026-08-24T06:45:00Z,1787553900,0.57418,0.57437,0.57417,0.57437,110,9,0
2026-08-24T06:50:00Z,1787554200,0.57438,0.57444,0.57436,0.5744,118,9,0
2026-08-24T06:55:00Z,1787554500,0.57441,0.57443,0.57424,0.57424,104,9,0
2026-08-24T07:00:00Z,1787554800,0.57424,0.57431,0.57414,0.57417,159,9,0
2026-08-24T07:05:00Z,1787555100,0.57416,0.57431,0.57415,0.57422,125,9,0
2026-08-24T07:10:00Z,1787555400,0.57422,0.57442,0.57422,0.57442,117,9,0
2026-08-24T07:15:00Z,1787555700,0.57441,0.57445,0.57425,0.57434,129,9,0
2026-08-24T07:20:00Z,1787556000,0.57434,0.57442,0.5742,0.57421,116,9,0
2026-08-24T07:25:00Z,1787556300,0.57422,0.57431,0.57414,0.57415,104,9,0
2026-08-24T07:30:00Z,1787556600,0.57414,0.57415,0.57403,0.57409,116,9,0
2026-08-24T07:35:00Z,1787556900,0.57409,0.57432,0.57408,0.57428,111,9,0
2026-08-24T07:40:00Z,1787557200,0.57428,0.57459,0.57427,0.57451,168,9,0
2026-08-24T07:45:00Z,1787557500,0.57451,0.5746,0.57437,0.57453,134,9,0
2026-08-24T07:50:00Z,1787557800,0.57453,0.57457,0.5743,0.5744,152,9,0
2026-08-24T07:55:00Z,1787558100,0.57441,0.57449,0.57427,0.57447,118,9,0
2026-08-24T08:00:00Z,1787558400,0.57448,0.57448,0.57434,0.57444,154,9,0
2026-08-24T08:05:00Z,1787558700,0.57443,0.57456,0.57441,0.57455,166,9,0
2026-08-24T08:10:00Z,1787559000,0.57456,0.57472,0.57456,0.57466,134,9,0
2026-08-24T08:15:00Z,1787559300,0.57465,0.57465,0.57452,0.57453,154,9,0
2026-08-24T08:20:00Z,1787559600,0.57453,0.57463,0.57451,0.57458,100,9,0
2026-08-24T08:25:00Z,1787559900,0.57457,0.57472,0.57455,0.5747,138,9,0
2026-08-24T08:30:00Z,1787560200,0.57471,0.57473,0.57459,0.5747,95,9,0
2026-08-24T08:35:00Z,1787560500,0.5747,0.57478,0.57465,0.5747,94,9,0
2026-08-24T08:40:00Z,1787560800,0.5747,0.57487,0.5746,0.57465,118,9,0
2026-08-24T08:45:00Z,1787561100,0.57465,0.57468,0.5745,0.57457,100,9,0
2026-08-24T08:50:00Z,1787561400,0.57457,0.57464,0.57452,0.57453,88,9,0
2026-08-24T08:55:00Z,1787561700,0.57453,0.57457,0.57436,0.57437,96,9,0
2026-08-24T09:00:00Z,1787562000,0.57438,0.57448,0.57432,0.57446,120,9,0
2026-08-24T09:05:00Z,1787562300,0.57446,0.57454,0.57442,0.57444,106,9,0
2026-08-24T09:10:00Z,1787562600,0.57446,0.57456,0.57446,0.57453,95,9,0
2026-08-24T09:15:00Z,1787562900,0.57454,0.57466,0.57451,0.5746,106,9,0
2026-08-24T09:20:00Z,1787563200,0.5746,0.5747,0.57459,0.5747,88,9,0
2026-08-24T09:25:00Z,1787563500,0.57471,0.57474,0.57467,0.57468,91,9,0
2026-08-24T09:30:00Z,1787563800,0.57468,0.57477,0.57465,0.57475,83,9,0
2026-08-24T09:35:00Z,1787564100,0.57476,0.57479,0.57471,0.57479,90,9,0
2026-08-24T09:40:00Z,1787564400,0.57479,0.57483,0.57476,0.57482,67,9,0
2026-08-24T09:45:00Z,1787564700,0.57482,0.57486,0.57475,0.57485,71,9,0
2026-08-24T09:50:00Z,1787565000,0.57485,0.57485,0.57468,0.57468,64,9,0
2026-08-24T09:55:00Z,1787565300,0.57468,0.57475,0.57458,0.57473,103,9,0
2026-08-24T10:00:00Z,1787565600,0.57473,0.57479,0.57464,0.57471,96,9,0
2026-08-24T10:05:00Z,1787565900,0.57471,0.57476,0.57467,0.57474,64,9,0
2026-08-24T10:10:00Z,1787566200,0.57475,0.57478,0.57471,0.57478,77,9,0
2026-08-24T10:15:00Z,1787566500,0.57479,0.57485,0.57475,0.57477,79,9,0
2026-08-24T10:20:00Z,1787566800,0.57476,0.57484,0.57473,0.57483,70,9,0
2026-08-24T10:25:00Z,1787567100,0.57485,0.57486,0.57476,0.57479,93,9,0
2026-08-24T10:30:00Z,1787567400,0.5748,0.57481,0.57465,0.57468,98,9,0
2026-08-24T10:35:00Z,1787567700,0.57468,0.57477,0.57467,0.57475,62,9,0
2026-08-24T10:40:00Z,1787568000,0.57475,0.57478,0.5746,0.5747,91,9,0
2026-08-24T10:45:00Z,1787568300,0.5747,0.57472,0.57464,0.57465,75,9,0
2026-08-24T10:50:00Z,1787568600,0.57465,0.57466,0.5745,0.57459,92,9,0
2026-08-24T10:55:00Z,1787568900,0.57459,0.5747,0.5745,0.57469,111,9,0
2026-08-24T11:00:00Z,1787569200,0.5747,0.57472,0.57448,0.57456,105,9,0
2026-08-24T11:05:00Z,1787569500,0.57456,0.57456,0.57448,0.5745,84,9,0
2026-08-24T11:10:00Z,1787569800,0.5745,0.57456,0.57445,0.57448,96,9,0
2026-08-24T11:15:00Z,1787570100,0.57448,0.57459,0.57446,0.57458,87,9,0
2026-08-24T11:20:00Z,1787570400,0.57458,0.57459,0.57447,0.5745,90,9,0
2026-08-24T11:25:00Z,1787570700,0.57451,0.57458,0.57447,0.5745,87,9,0
2026-08-24T11:30:00Z,1787571000,0.5745,0.57466,0.5745,0.57462,119,9,0
2026-08-24T11:35:00Z,1787571300,0.57462,0.5747,0.5743,0.57449,390,9,0
2026-08-24T11:40:00Z,1787571600,0.57449,0.57463,0.57447,0.57451,163,9,0
2026-08-24T11:45:00Z,1787571900,0.5745,0.57463,0.57449,0.5746,148,9,0
2026-08-24T11:50:00Z,1787572200,0.5746,0.57473,0.5746,0.57467,112,9,0
2026-08-24T11:55:00Z,1787572500,0.57469,0.57473,0.57457,0.57464,113,9,0
2026-08-24T12:00:00Z,1787572800,0.57464,0.57476,0.57456,0.57462,151,9,0
2026-08-24T12:05:00Z,1787573100,0.57463,0.5748,0.57461,0.57475,124,9,0
2026-08-24T12:10:00Z,1787573400,0.57475,0.57481,0.57457,0.57459,103,9,0
2026-08-24T12:15:00Z,1787573700,0.57459,0.57463,0.57445,0.5746,117,9,0
2026-08-24T12:20:00Z,1787574000,0.57459,0.57459,0.57435,0.57442,141,9,0
2026-08-24T12:25:00Z,1787574300,0.57442,0.57446,0.57437,0.57442,105,9,0
2026-08-24T12:30:00Z,1787574600,0.57444,0.57462,0.57443,0.57454,158,9,0
2026-08-24T12:35:00Z,1787574900,0.57454,0.57463,0.57447,0.57458,130,9,0
2026-08-24T12:40:00Z,1787575200,0.57458,0.57482,0.57455,0.57467,185,9,0
2026-08-24T12:45:00Z,1787575500,0.57467,0.57487,0.57467,0.57482,129,9,0
2026-08-24T12:50:00Z,1787575800,0.57482,0.57486,0.57472,0.57475,92,9,0
2026-08-24T12:55:00Z,1787576100,0.57474,0.57482,0.57471,0.57479,106,9,0
2026-08-24T13:00:00Z,1787576400,0.57479,0.57483,0.57474,0.57478,103,9,0
2026-08-24T13:05:00Z,1787576700,0.57479,0.57493,0.57467,0.57467,114,9,0
2026-08-24T13:10:00Z,1787577000,0.57468,0.57485,0.57467,0.57471,118,9,0
2026-08-24T13:15:00Z,1787577300,0.5747,0.57479,0.57467,0.57479,105,9,0
2026-08-24T13:20:00Z,1787577600,0.5748,0.57488,0.57474,0.57487,111,9,0
2026-08-24T13:25:00Z,1787577900,0.57487,0.57495,0.57483,0.57485,101,9,0
2026-08-24T13:30:00Z,1787578200,0.57486,0.57486,0.57464,0.57467,150,9,0
2026-08-24T13:35:00Z,1787578500,0.57468,0.57474,0.57443,0.57458,200,9,0
2026-08-24T13:40:00Z,1787578800,0.57458,0.57478,0.57452,0.57456,169,9,0
2026-08-24T13:45:00Z,1787579100,0.57457,0.57468,0.57441,0.57443,163,9,0
2026-08-24T13:50:00Z,1787579400,0.57443,0.5745,0.57429,0.57443,150,9,0
2026-08-24T13:55:00Z,1787579700,0.57442,0.57463,0.57442,0.57461,139,9,0
2026-08-24T14:00:00Z,1787580000,0.57461,0.57471,0.57449,0.57457,153,9,0
2026-08-24T14:05:00Z,1787580300,0.57458,0.57458,0.57445,0.57451,128,9,0
2026-08-24T14:10:00Z,1787580600,0.57451,0.57471,0.57449,0.57458,164,9,0
2026-08-24T14:15:00Z,1787580900,0.57458,0.57464,0.5745,0.57454,150,9,0
2026-08-24T14:20:00Z,1787581200,0.57453,0.57456,0.57432,0.57434,122,9,0
2026-08-24T14:25:00Z,1787581500,0.57434,0.57436,0.57417,0.5742,131,9,0
2026-08-24T14:30:00Z,1787581800,0.57419,0.57437,0.57415,0.57428,169,9,0
2026-08-24T14:35:00Z,1787582100,0.57428,0.57435,0.57418,0.57426,124,9,0
2026-08-24T14:40:00Z,1787582400,0.57427,0.57433,0.57419,0.57419,111,9,0
2026-08-24T14:45:00Z,1787582700,0.57419,0.57437,0.57416,0.57426,129,9,0
2026-08-24T14:50:00Z,1787583000,0.57426,0.57438,0.57406,0.57411,153,9,0
2026-08-24T14:55:00Z,1787583300,0.57411,0.5742,0.574,0.57412,148,9,0
2026-08-24T15:00:00Z,1787583600,0.5741,0.57413,0.57394,0.57397,128,9,0
2026-08-24T15:05:00Z,1787583900,0.57398,0.57404,0.57385,0.57385,113,9,0
2026-08-24T15:10:00Z,1787584200,0.57385,0.57389,0.57375,0.57376,101,9,0
2026-08-24T15:15:00Z,1787584500,0.57376,0.5738,0.57366,0.5737,149,9,0
2026-08-24T15:20:00Z,1787584800,0.57371,0.57389,0.57369,0.57388,108,9,0
2026-08-24T15:25:00Z,1787585100,0.57387,0.57391,0.57366,0.57367,206,9,0
2026-08-24T15:30:00Z,1787585400,0.57367,0.57384,0.57367,0.57375,158,9,0
2026-08-24T15:35:00Z,1787585700,0.57375,0.57379,0.57371,0.57378,105,9,0
2026-08-24T15:40:00Z,1787586000,0.57378,0.57391,0.57375,0.57383,120,9,0
2026-08-24T15:45:00Z,1787586300,0.57383,0.57391,0.57362,0.57363,105,9,0
2026-08-24T15:50:00Z,1787586600,0.57364,0.57375,0.57362,0.57364,99,9,0
2026-08-24T15:55:00Z,1787586900,0.57364,0.57375,0.57359,0.57373,114,9,0
2026-08-24T16:00:00Z,1787587200,0.57374,0.57382,0.57354,0.5736,223,9,0
2026-08-24T16:05:00Z,1787587500,0.57361,0.57368,0.57355,0.57367,128,9,0
2026-08-24T16:10:00Z,1787587800,0.57367,0.5737,0.57357,0.57358,109,9,0
2026-08-24T16:15:00Z,1787588100,0.57357,0.57362,0.57352,0.57352,90,9,0
2026-08-24T16:20:00Z,1787588400,0.57352,0.57362,0.57347,0.57362,72,9,0
2026-08-24T16:25:00Z,1787588700,0.57363,0.57368,0.57359,0.5736,75,9,0
2026-08-24T16:30:00Z,1787589000,0.5736,0.57362,0.57355,0.57357,84,9,0
2026-08-24T16:35:00Z,1787589300,0.57358,0.57358,0.57348,0.57348,63,9,0
2026-08-24T16:40:00Z,1787589600,0.57348,0.57359,0.57348,0.57358,67,9,0
2026-08-24T16:45:00Z,1787589900,0.57358,0.57367,0.57357,0.57366,83,9,0
2026-08-24T16:50:00Z,1787590200,0.57366,0.57372,0.57361,0.57367,77,9,0
2026-08-24T16:55:00Z,1787590500,0.57368,0.57371,0.57355,0.57357,90,9,0
2026-08-24T17:00:00Z,1787590800,0.57357,0.57358,0.5735,0.57357,104,9,0
2026-08-24T17:05:00Z,1787591100,0.57357,0.57365,0.5735,0.57356,174,9,0
2026-08-24T17:10:00Z,1787591400,0.57357,0.57361,0.5735,0.5735,130,9,0
2026-08-24T17:15:00Z,1787591700,0.57349,0.57354,0.57347,0.57349,163,9,0
2026-08-24T17:20:00Z,1787592000,0.57349,0.57352,0.5734,0.57342,163,9,0
2026-08-24T17:25:00Z,1787592300,0.57341,0.57347,0.5734,0.57345,106,9,0
2026-08-24T17:30:00Z,1787592600,0.57345,0.5735,0.57341,0.57342,94,9,0
2026-08-24T17:35:00Z,1787592900,0.57342,0.57347,0.5734,0.57343,86,9,0
2026-08-24T17:40:00Z,1787593200,0.57343,0.57349,0.5734,0.5734,69,9,0
2026-08-24T17:45:00Z,1787593500,0.5734,0.57347,0.57335,0.57342,91,9,0
2026-08-24T17:50:00Z,1787593800,0.57341,0.57342,0.57332,0.57332,103,9,0
2026-08-24T17:55:00Z,1787594100,0.57332,0.57334,0.57324,0.5733,87,9,0
2026-08-24T18:00:00Z,1787594400,0.5733,0.57338,0.57328,0.57336,61,9,0
2026-08-24T18:05:00Z,1787594700,0.57336,0.57343,0.57335,0.57343,75,9,0
2026-08-24T18:10:00Z,1787595000,0.57342,0.5735,0.5734,0.57344,90,9,0
2026-08-24T18:15:00Z,1787595300,0.57344,0.5736,0.57343,0.57359,105,9,0
2026-08-24T18:20:00Z,1787595600,0.57359,0.57368,0.57359,0.57363,76,9,0
2026-08-24T18:25:00Z,1787595900,0.57363,0.57365,0.57358,0.57363,60,9,0
2026-08-24T18:30:00Z,1787596200,0.57362,0.57368,0.5736,0.57363,89,9,0
2026-08-24T18:35:00Z,1787596500,0.57364,0.57366,0.57357,0.57358,75,9,0
2026-08-24T18:40:00Z,1787596800,0.57358,0.57365,0.57357,0.57364,52,9,0
2026-08-24T18:45:00Z,1787597100,0.57364,0.57364,0.57357,0.57362,63,9,0
2026-08-24T18:50:00Z,1787597400,0.57363,0.57363,0.57357,0.57361,62,9,0
2026-08-24T18:55:00Z,1787597700,0.5736,0.57364,0.57352,0.57357,84,9,0
2026-08-24T19:00:00Z,1787598000,0.57358,0.57362,0.57358,0.57359,71,9,0
2026-08-24T19:05:00Z,1787598300,0.57359,0.57366,0.57358,0.5736,54,9,0
2026-08-24T19:10:00Z,1787598600,0.5736,0.57366,0.5736,0.57364,53,9,0
2026-08-24T19:15:00Z,1787598900,0.57365,0.5737,0.57365,0.57369,51,9,0
2026-08-24T19:20:00Z,1787599200,0.57369,0.57379,0.57369,0.57376,57,9,0
2026-08-24T19:25:00Z,1787599500,0.57376,0.57381,0.57375,0.57377,52,9,0
2026-08-24T19:30:00Z,1787599800,0.57378,0.57378,0.57373,0.57374,62,9,0
2026-08-24T19:35:00Z,1787600100,0.57373,0.57375,0.57372,0.57374,49,9,0
2026-08-24T19:40:00Z,1787600400,0.57374,0.57376,0.57371,0.57373,46,9,0
2026-08-24T19:45:00Z,1787600700,0.57373,0.57374,0.57366,0.5737,70,9,0
2026-08-24T19:50:00Z,1787601000,0.5737,0.57372,0.57364,0.57369,81,9,0
2026-08-24T19:55:00Z,1787601300,0.57368,0.57373,0.57364,0.57372,83,9,0
2026-08-24T20:00:00Z,1787601600,0.57373,0.57376,0.57371,0.57375,45,9,0
2026-08-24T20:05:00Z,1787601900,0.57375,0.57377,0.5737,0.57371,56,9,0
2026-08-24T20:10:00Z,1787602200,0.57371,0.57373,0.5737,0.57371,40,9,0
2026-08-24T20:15:00Z,1787602500,0.57373,0.57373,0.5737,0.5737,36,9,0
2026-08-24T20:20:00Z,1787602800,0.57369,0.5737,0.57367,0.57367,45,9,0
2026-08-24T20:25:00Z,1787603100,0.57367,0.57373,0.57367,0.57371,20,9,0
2026-08-24T20:30:00Z,1787603400,0.5737,0.57372,0.57366,0.57368,49,9,0
2026-08-24T20:35:00Z,1787603700,0.57368,0.57373,0.57366,0.57372,34,9,0
2026-08-24T20:40:00Z,1787604000,0.57373,0.57376,0.57369,0.57369,31,9,0
2026-08-24T20:45:00Z,1787604300,0.57368,0.5737,0.57364,0.57365,40,9,0
2026-08-24T20:50:00Z,1787604600,0.57365,0.57374,0.57365,0.57374,17,9,0
2026-08-24T20:55:00Z,1787604900,0.57374,0.5738,0.57373,0.57375,40,9,0
2026-08-24T21:05:00Z,1787605500,0.57376,0.57376,0.57355,0.57355,16,13,0
2026-08-24T21:10:00Z,1787605800,0.57353,0.57353,0.57323,0.57325,29,38,0
2026-08-24T21:15:00Z,1787606100,0.57325,0.57354,0.57325,0.57351,93,36,0
2026-08-24T21:20:00Z,1787606400,0.5735,0.57353,0.57342,0.57343,51,38,0
2026-08-24T21:25:00Z,1787606700,0.57345,0.57354,0.57345,0.57354,47,34,0
2026-08-24T21:30:00Z,1787607000,0.57354,0.57355,0.57348,0.57352,31,32,0
2026-08-24T21:35:00Z,1787607300,0.57351,0.57359,0.57351,0.57357,25,28,0
2026-08-24T21:40:00Z,1787607600,0.57357,0.57359,0.57354,0.57358,21,28,0
2026-08-24T21:45:00Z,1787607900,0.57358,0.57359,0.5735,0.57359,44,27,0
2026-08-24T21:50:00Z,1787608200,0.57359,0.57359,0.57345,0.57353,69,29,0
2026-08-24T21:55:00Z,1787608500,0.57353,0.57359,0.57353,0.57359,12,27,0
2026-08-24T22:00:00Z,1787608800,0.57358,0.57363,0.57343,0.57343,37,26,0
2026-08-24T22:05:00Z,1787609100,0.57343,0.57352,0.57341,0.5735,23,23,0
2026-08-24T22:10:00Z,1787609400,0.5735,0.57352,0.57348,0.5735,25,23,0
2026-08-24T22:15:00Z,1787609700,0.5735,0.57358,0.57345,0.57355,23,23,0
2026-08-24T22:20:00Z,1787610000,0.57355,0.57358,0.5735,0.57357,19,23,0
2026-08-24T22:25:00Z,1787610300,0.57357,0.57362,0.57357,0.57361,17,23,0
2026-08-24T22:30:00Z,1787610600,0.57361,0.57366,0.57359,0.57366,32,23,0
2026-08-24T22:35:00Z,1787610900,0.57366,0.57367,0.57364,0.57366,16,23,0
2026-08-24T22:40:00Z,1787611200,0.57366,0.57366,0.57355,0.5736,27,23,0
2026-08-24T22:45:00Z,1787611500,0.5736,0.57361,0.57354,0.57356,21,23,0
2026-08-24T22:50:00Z,1787611800,0.57357,0.57357,0.57355,0.57356,16,23,0
2026-08-24T22:55:00Z,1787612100,0.57356,0.57361,0.57356,0.5736,13,15,0
2026-08-24T23:00:00Z,1787612400,0.57363,0.57365,0.57353,0.57353,39,9,0
2026-08-24T23:05:00Z,1787612700,0.57353,0.57357,0.57353,0.57354,23,9,0
2026-08-24T23:10:00Z,1787613000,0.57354,0.57355,0.57353,0.57355,10,9,0
2026-08-24T23:15:00Z,1787613300,0.57355,0.57358,0.57353,0.57355,14,9,0
2026-08-24T23:20:00Z,1787613600,0.57355,0.57358,0.57354,0.57356,21,9,0
2026-08-24T23:25:00Z,1787613900,0.57356,0.57358,0.57356,0.57358,16,9,0
2026-08-24T23:30:00Z,1787614200,0.57357,0.57368,0.57357,0.57368,34,9,0
2026-08-24T23:35:00Z,1787614500,0.57368,0.57369,0.57365,0.57368,36,9,0
2026-08-24T23:40:00Z,1787614800,0.57367,0.5738,0.57367,0.57378,43,9,0
2026-08-24T23:45:00Z,1787615100,0.57378,0.57387,0.57378,0.57381,29,9,0
2026-08-24T23:50:00Z,1787615400,0.57381,0.57389,0.57379,0.57385,49,9,0
2026-08-24T23:55:00Z,1787615700,0.57386,0.57396,0.57386,0.57391,57,9,0
2026-08-25T00:00:00Z,1787616000,0.57391,0.57399,0.57387,0.57398,80,9,0
2026-08-25T00:05:00Z,1787616300,0.57398,0.57406,0.57392,0.57402,68,9,0
2026-08-25T00:10:00Z,1787616600,0.57402,0.57412,0.57402,0.57406,78,9,0
2026-08-25T00:15:00Z,1787616900,0.57406,0.57406,0.57398,0.57401,81,9,0
2026-08-25T00:20:00Z,1787617200,0.57402,0.57417,0.57399,0.57409,79,9,0
2026-08-25T00:25:00Z,1787617500,0.5741,0.57418,0.57408,0.57415,54,9,0
2026-08-25T00:30:00Z,1787617800,0.57415,0.57421,0.57405,0.57416,89,9,0
2026-08-25T00:35:00Z,1787618100,0.57416,0.57424,0.57415,0.57423,70,9,0
2026-08-25T00:40:00Z,1787618400,0.57423,0.57423,0.5741,0.57416,82,9,0
2026-08-25T00:45:00Z,1787618700,0.57416,0.57419,0.57411,0.57411,93,9,0
2026-08-25T00:50:00Z,1787619000,0.57412,0.57414,0.574,0.57403,112,9,0
2026-08-25T00:55:00Z,1787619300,0.57404,0.57415,0.57396,0.57415,104,9,0
2026-08-25T01:00:00Z,1787619600,0.57414,0.57426,0.5741,0.57424,129,9,0
2026-08-25T01:05:00Z,1787619900,0.57423,0.57427,0.5741,0.57425,89,9,0
2026-08-25T01:10:00Z,1787620200,0.57424,0.57437,0.57421,0.57434,88,9,0
2026-08-25T01:15:00Z,1787620500,0.57434,0.57434,0.57421,0.57427,101,9,0
2026-08-25T01:20:00Z,1787620800,0.57427,0.57428,0.57417,0.57419,57,9,0
2026-08-25T01:25:00Z,1787621100,0.5742,0.57429,0.57413,0.57425,77,9,0
2026-08-25T01:30:00Z,1787621400,0.57425,0.57425,0.57412,0.57413,99,9,0
2026-08-25T01:35:00Z,1787621700,0.57413,0.57438,0.57413,0.57436,81,9,0
2026-08-25T01:40:00Z,1787622000,0.57434,0.57441,0.5743,0.57433,92,9,0
2026-08-25T01:45:00Z,1787622300,0.57433,0.57451,0.57432,0.57451,79,9,0
2026-08-25T01:50:00Z,1787622600,0.57451,0.57456,0.57443,0.57444,78,9,0
2026-08-25T01:55:00Z,1787622900,0.57443,0.57448,0.57435,0.57435,85,9,0
2026-08-25T02:00:00Z,1787623200,0.57435,0.57459,0.57433,0.57453,78,9,0
2026-08-25T02:05:00Z,1787623500,0.57453,0.57457,0.57446,0.57453,87,9,0
2026-08-25T02:10:00Z,1787623800,0.57453,0.57462,0.57451,0.5746,77,9,0
2026-08-25T02:15:00Z,1787624100,0.5746,0.5746,0.57447,0.57451,56,9,0
2026-08-25T02:20:00Z,1787624400,0.57452,0.57457,0.57452,0.57455,57,9,0
2026-08-25T02:25:00Z,1787624700,0.57455,0.57459,0.57452,0.57455,50,9,0
2026-08-25T02:30:00Z,1787625000,0.57457,0.57472,0.57454,0.57454,94,9,0
2026-08-25T02:35:00Z,1787625300,0.57455,0.57461,0.5745,0.5746,74,9,0
2026-08-25T02:40:00Z,1787625600,0.5746,0.57478,0.5746,0.57472,65,9,0
2026-08-25T02:45:00Z,1787625900,0.57472,0.57478,0.57468,0.57472,85,9,0
2026-08-25T02:50:00Z,1787626200,0.57471,0.5748,0.57469,0.5748,109,9,0
2026-08-25T02:55:00Z,1787626500,0.5748,0.5748,0.57461,0.57464,84,9,0
2026-08-25T03:00:00Z,1787626800,0.57464,0.57472,0.57461,0.57464,90,9,0
2026-08-25T03:05:00Z,1787627100,0.57465,0.57485,0.57463,0.57485,76,9,0
2026-08-25T03:10:00Z,1787627400,0.57485,0.57491,0.57475,0.57476,69,9,0
2026-08-25T03:15:00Z,1787627700,0.57476,0.57489,0.57474,0.57488,49,9,0
2026-08-25T03:20:00Z,1787628000,0.57487,0.57488,0.5748,0.57481,43,9,0
2026-08-25T03:25:00Z,1787628300,0.57481,0.57493,0.57479,0.57489,66,9,0
2026-08-25T03:30:00Z,1787628600,0.57489,0.57491,0.57485,0.57491,47,9,0
2026-08-25T03:35:00Z,1787628900,0.57491,0.57495,0.57469,0.57469,49,9,0
2026-08-25T03:40:00Z,1787629200,0.57469,0.57478,0.57467,0.57474,59,9,0
2026-08-25T03:45:00Z,1787629500,0.57474,0.57474,0.57464,0.57465,53,9,0
2026-08-25T03:50:00Z,1787629800,0.57465,0.57468,0.57458,0.57464,47,9,0
2026-08-25T03:55:00Z,1787630100,0.57463,0.57463,0.57456,0.57456,50,9,0
2026-08-25T04:00:00Z,1787630400,0.57456,0.57457,0.57447,0.5745,48,9,0
2026-08-25T04:05:00Z,1787630700,0.57451,0.57452,0.57444,0.57444,58,9,0
2026-08-25T04:10:00Z,1787631000,0.57446,0.57458,0.57444,0.57457,47,9,0
2026-08-25T04:15:00Z,1787631300,0.57457,0.57457,0.57448,0.57448,55,9,0
2026-08-25T04:20:00Z,1787631600,0.57447,0.57453,0.5744,0.57441,38,9,0
2026-08-25T04:25:00Z,1787631900,0.57441,0.57446,0.57433,0.57441,52,9,0
2026-08-25T04:30:00Z,1787632200,0.57441,0.57444,0.57436,0.57444,66,9,0
2026-08-25T04:35:00Z,1787632500,0.57443,0.57448,0.5744,0.57448,45,9,0
2026-08-25T04:40:00Z,1787632800,0.57448,0.57449,0.5744,0.57443,47,9,0
2026-08-25T04:45:00Z,1787633100,0.57443,0.57443,0.57438,0.57442,36,9,0
2026-08-25T04:50:00Z,1787633400,0.57443,0.57459,0.57441,0.57456,58,9,0
2026-08-25T04:55:00Z,1787633700,0.57456,0.57462,0.57456,0.57461,35,9,0
2026-08-25T05:00:00Z,1787634000,0.57461,0.57473,0.5746,0.57469,56,9,0
2026-08-25T05:05:00Z,1787634300,0.57469,0.57476,0.57468,0.57472,40,9,0
2026-08-25T05:10:00Z,1787634600,0.57471,0.57476,0.57465,0.57467,48,9,0
2026-08-25T05:15:00Z,1787634900,0.57467,0.57474,0.57466,0.5747,49,9,0
2026-08-25T05:20:00Z,1787635200,0.5747,0.57476,0.57469,0.57476,42,9,0
2026-08-25T05:25:00Z,1787635500,0.57476,0.57491,0.57476,0.57486,56,9,0
2026-08-25T05:30:00Z,1787635800,0.57488,0.5749,0.57481,0.5749,58,9,0
2026-08-25T05:35:00Z,1787636100,0.5749,0.57492,0.57486,0.5749,49,9,0
2026-08-25T05:40:00Z,1787636400,0.5749,0.57496,0.5748,0.5748,54,9,0
2026-08-25T05:45:00Z,1787636700,0.5748,0.57493,0.57479,0.57481,50,9,0
2026-08-25T05:50:00Z,1787637000,0.57481,0.57481,0.57476,0.5748,51,9,0
2026-08-25T05:55:00Z,1787637300,0.5748,0.57482,0.57464,0.5747,90,9,0
2026-08-25T06:00:00Z,1787637600,0.57472,0.57492,0.57465,0.57465,125,9,0
2026-08-25T06:05:00Z,1787637900,0.57465,0.57467,0.57446,0.57449,96,9,0
2026-08-25T06:10:00Z,1787638200,0.57449,0.57455,0.57437,0.57445,83,9,0
2026-08-25T06:15:00Z,1787638500,0.57445,0.57452,0.57443,0.57443,85,9,0
2026-08-25T06:20:00Z,1787638800,0.57443,0.57445,0.57427,0.57431,89,9,0
2026-08-25T06:25:00Z,1787639100,0.57431,0.57433,0.57422,0.57422,105,9,0
2026-08-25T06:30:00Z,1787639400,0.57423,0.57437,0.57415,0.57415,128,9,0
2026-08-25T06:35:00Z,1787639700,0.57414,0.57422,0.5741,0.5742,101,9,0
2026-08-25T06:40:00Z,1787640000,0.57419,0.57426,0.57415,0.57424,110,9,0
2026-08-25T06:45:00Z,1787640300,0.57423,0.5743,0.57419,0.57424,69,9,0
2026-08-25T06:50:00Z,1787640600,0.57424,0.5743,0.57417,0.57422,112,9,0
2026-08-25T06:55:00Z,1787640900,0.57423,0.5745,0.57422,0.5745,120,9,0
2026-08-25T07:00:00Z,1787641200,0.57448,0.57452,0.57414,0.57419,166,9,0
2026-08-25T07:05:00Z,1787641500,0.57419,0.57423,0.57401,0.57417,138,9,0
2026-08-25T07:10:00Z,1787641800,0.57417,0.57422,0.5741,0.57413,87,9,0
2026-08-25T07:15:00Z,1787642100,0.57413,0.57414,0.57404,0.57405,113,9,0
2026-08-25T07:20:00Z,1787642400,0.57405,0.5743,0.57403,0.57428,89,9,0
2026-08-25T07:25:00Z,1787642700,0.57428,0.57448,0.57427,0.57446,94,9,0
2026-08-25T07:30:00Z,1787643000,0.57445,0.57445,0.57423,0.57426,104,9,0
2026-08-25T07:35:00Z,1787643300,0.57426,0.57435,0.57419,0.57433,98,9,0
2026-08-25T07:40:00Z,1787643600,0.57433,0.57434,0.57424,0.5743,83,9,0
2026-08-25T07:45:00Z,1787643900,0.57428,0.57431,0.57424,0.57429,97,9,0
2026-08-25T07:50:00Z,1787644200,0.57429,0.57439,0.57422,0.57439,99,9,0
2026-08-25T07:55:00Z,1787644500,0.57441,0.57449,0.57434,0.57434,99,9,0
2026-08-25T08:00:00Z,1787644800,0.57435,0.57438,0.57408,0.57409,150,9,0
2026-08-25T08:05:00Z,1787645100,0.57409,0.57415,0.57401,0.57401,99,9,0
2026-08-25T08:10:00Z,1787645400,0.57402,0.57406,0.57384,0.57387,156,9,0
2026-08-25T08:15:00Z,1787645700,0.57386,0.57415,0.57386,0.57414,135,9,0
2026-08-25T08:20:00Z,1787646000,0.57412,0.57429,0.57397,0.57427,208,9,0
2026-08-25T08:25:00Z,1787646300,0.57426,0.57433,0.57408,0.57426,199,9,0
2026-08-25T08:30:00Z,1787646600,0.57427,0.57427,0.57409,0.57414,137,9,0
2026-08-25T08:35:00Z,1787646900,0.57414,0.57417,0.57399,0.574,134,9,0
2026-08-25T08:40:00Z,1787647200,0.57402,0.57404,0.57389,0.57392,111,9,0
2026-08-25T08:45:00Z,1787647500,0.57391,0.57404,0.57384,0.57389,121,9,0
2026-08-25T08:50:00Z,1787647800,0.57388,0.57399,0.57388,0.57389,92,9,0
2026-08-25T08:55:00Z,1787648100,0.57391,0.57393,0.57375,0.57378,109,9,0
2026-08-25T09:00:00Z,1787648400,0.57379,0.57386,0.57376,0.57384,129,9,0
2026-08-25T09:05:00Z,1787648700,0.57384,0.57384,0.5736,0.57365,119,9,0
2026-08-25T09:10:00Z,1787649000,0.57365,0.57372,0.57357,0.5736,115,9,0
2026-08-25T09:15:00Z,1787649300,0.5736,0.5739,0.5736,0.5739,118,9,0
2026-08-25T09:20:00Z,1787649600,0.5739,0.57392,0.57383,0.57384,119,9,0
2026-08-25T09:25:00Z,1787649900,0.57385,0.57392,0.57382,0.57385,108,9,0
2026-08-25T09:30:00Z,1787650200,0.57385,0.57385,0.57371,0.57379,193,9,0
2026-08-25T09:35:00Z,1787650500,0.57379,0.57393,0.57375,0.57388,184,9,0
2026-08-25T09:40:00Z,1787650800,0.57388,0.57397,0.5738,0.57397,114,9,0
2026-08-25T09:45:00Z,1787651100,0.57397,0.57417,0.57394,0.57416,119,9,0
2026-08-25T09:50:00Z,1787651400,0.57417,0.5742,0.57411,0.57416,116,9,0
2026-08-25T09:55:00Z,1787651700,0.57416,0.57417,0.57393,0.57408,140,9,0
2026-08-25T10:00:00Z,1787652000,0.57409,0.57413,0.5739,0.5739,110,9,0
2026-08-25T10:05:00Z,1787652300,0.57391,0.574,0.57382,0.57383,84,9,0
2026-08-25T10:10:00Z,1787652600,0.57384,0.57402,0.57383,0.57398,69,9,0
2026-08-25T10:15:00Z,1787652900,0.57398,0.57405,0.57396,0.57405,77,9,0
2026-08-25T10:20:00Z,1787653200,0.57405,0.57409,0.574,0.57401,87,9,0
2026-08-25T10:25:00Z,1787653500,0.57401,0.57416,0.574,0.5741,80,9,0
2026-08-25T10:30:00Z,1787653800,0.5741,0.57421,0.5741,0.57418,95,9,0
2026-08-25T10:35:00Z,1787654100,0.57417,0.57417,0.57407,0.57408,81,9,0
2026-08-25T10:40:00Z,1787654400,0.57408,0.57416,0.57404,0.57412,94,9,0
2026-08-25T10:45:00Z,1787654700,0.57412,0.57415,0.57406,0.5741,85,9,0
2026-08-25T10:50:00Z,1787655000,0.5741,0.57419,0.5741,0.57412,96,9,0
2026-08-25T10:55:00Z,1787655300,0.57411,0.57419,0.57411,0.57418,89,9,0
2026-08-25T11:00:00Z,1787655600,0.57418,0.5742,0.57412,0.5742,99,9,0
2026-08-25T11:05:00Z,1787655900,0.5742,0.57425,0.57406,0.57411,105,9,0
2026-08-25T11:10:00Z,1787656200,0.57411,0.57418,0.57405,0.57418,116,9,0
2026-08-25T11:15:00Z,1787656500,0.57418,0.57422,0.5741,0.57412,100,9,0
2026-08-25T11:20:00Z,1787656800,0.57413,0.57431,0.57409,0.57425,110,9,0
2026-08-25T11:25:00Z,1787657100,0.57424,0.57427,0.57418,0.57427,78,9,0
2026-08-25T11:30:00Z,1787657400,0.57427,0.57429,0.57421,0.57421,99,9,0
2026-08-25T11:35:00Z,1787657700,0.57421,0.57427,0.5742,0.57424,79,9,0
2026-08-25T11:40:00Z,1787658000,0.57424,0.57435,0.57421,0.57435,75,9,0
2026-08-25T11:45:00Z,1787658300,0.57436,0.57438,0.57423,0.57426,107,9,0
2026-08-25T11:50:00Z,1787658600,0.57426,0.57427,0.57419,0.57422,98,9,0
2026-08-25T11:55:00Z,1787658900,0.57421,0.57426,0.57416,0.57424,98,9,0
2026-08-25T12:00:00Z,1787659200,0.57423,0.57428,0.57409,0.57418,118,9,0
2026-08-25T12:05:00Z,1787659500,0.57418,0.57419,0.57406,0.57413,123,9,0
2026-08-25T12:10:00Z,1787659800,0.57413,0.57418,0.5741,0.57413,92,9,0
2026-08-25T12:15:00Z,1787660100,0.57413,0.57421,0.57407,0.5742,98,9,0
2026-08-25T12:20:00Z,1787660400,0.57419,0.5742,0.57403,0.57409,98,9,0
2026-08-25T12:25:00Z,1787660700,0.57409,0.57411,0.57402,0.57403,66,9,0
2026-08-25T12:30:00Z,1787661000,0.57403,0.57404,0.57395,0.57396,93,9,0
2026-08-25T12:35:00Z,1787661300,0.57396,0.57402,0.5739,0.57392,86,9,0
2026-08-25T12:40:00Z,1787661600,0.57392,0.57405,0.57391,0.57404,79,9,0
2026-08-25T12:45:00Z,1787661900,0.57404,0.57409,0.57401,0.57406,86,9,0
2026-08-25T12:50:00Z,1787662200,0.57407,0.57422,0.57406,0.57421,92,9,0
2026-08-25T12:55:00Z,1787662500,0.57421,0.57429,0.57417,0.57417,63,9,0
2026-08-25T13:00:00Z,1787662800,0.57417,0.57418,0.57407,0.57407,104,9,0
2026-08-25T13:05:00Z,1787663100,0.57408,0.57418,0.57401,0.57417,117,9,0
2026-08-25T13:10:00Z,1787663400,0.57418,0.57427,0.57413,0.57425,173,9,0
2026-08-25T13:15:00Z,1787663700,0.57425,0.57446,0.57419,0.57446,155,9,0
2026-08-25T13:20:00Z,1787664000,0.57445,0.57452,0.57441,0.57444,122,9,0
2026-08-25T13:25:00Z,1787664300,0.57444,0.57449,0.57418,0.57419,137,9,0
2026-08-25T13:30:00Z,1787664600,0.57419,0.5744,0.57412,0.57439,151,9,0
2026-08-25T13:35:00Z,1787664900,0.57439,0.5744,0.57418,0.57419,128,9,0
2026-08-25T13:40:00Z,1787665200,0.57418,0.57424,0.57407,0.5742,130,9,0
2026-08-25T13:45:00Z,1787665500,0.5742,0.57437,0.5742,0.5743,112,9,0
2026-08-25T13:50:00Z,1787665800,0.5743,0.57436,0.57425,0.57432,109,9,0
2026-08-25T13:55:00Z,1787666100,0.57431,0.57433,0.57415,0.5743,120,9,0
2026-08-25T14:00:00Z,1787666400,0.57429,0.57436,0.57418,0.57432,150,9,0
2026-08-25T14:05:00Z,1787666700,0.57431,0.57433,0.57409,0.57411,145,9,0
2026-08-25T14:10:00Z,1787667000,0.57412,0.5742,0.57411,0.57413,97,9,0
2026-08-25T14:15:00Z,1787667300,0.57413,0.57437,0.57404,0.57426,149,9,0
2026-08-25T14:20:00Z,1787667600,0.57426,0.57443,0.57426,0.57434,125,9,0
2026-08-25T14:25:00Z,1787667900,0.57434,0.57447,0.57433,0.57447,97,9,0
2026-08-25T14:30:00Z,1787668200,0.57448,0.57452,0.57441,0.57441,211,9,0
2026-08-25T14:35:00Z,1787668500,0.57442,0.57468,0.57441,0.57468,118,9,0
2026-08-25T14:40:00Z,1787668800,0.57468,0.57469,0.57449,0.57453,105,9,0
2026-08-25T14:45:00Z,1787669100,0.57452,0.57469,0.57451,0.57463,127,9,0
2026-08-25T14:50:00Z,1787669400,0.57463,0.57471,0.57442,0.57442,151,9,0
2026-08-25T14:55:00Z,1787669700,0.57444,0.57456,0.57436,0.57447,192,9,0
2026-08-25T15:00:00Z,1787670000,0.57446,0.57454,0.57428,0.57432,122,9,0
2026-08-25T15:05:00Z,1787670300,0.57432,0.57445,0.57431,0.57432,113,9,0
2026-08-25T15:10:00Z,1787670600,0.57432,0.57435,0.57425,0.57426,86,9,0
2026-08-25T15:15:00Z,1787670900,0.57426,0.57431,0.57423,0.5743,100,9,0
2026-08-25T15:20:00Z,1787671200,0.5743,0.57436,0.57427,0.57432,105,9,0
2026-08-25T15:25:00Z,1787671500,0.57433,0.57445,0.57428,0.57445,108,9,0
2026-08-25T15:30:00Z,1787671800,0.57444,0.57444,0.57431,0.57437,154,9,0
2026-08-25T15:35:00Z,1787672100,0.57437,0.57452,0.57437,0.57445,202,9,0
2026-08-25T15:40:00Z,1787672400,0.57445,0.57445,0.57431,0.57431,112,9,0
2026-08-25T15:45:00Z,1787672700,0.57431,0.57432,0.57423,0.57427,88,9,0
2026-08-25T15:50:00Z,1787673000,0.57428,0.57431,0.57419,0.57426,129,9,0
2026-08-25T15:55:00Z,1787673300,0.57427,0.57444,0.57427,0.57442,85,9,0
2026-08-25T16:00:00Z,1787673600,0.57443,0.57453,0.57442,0.57448,100,9,0
2026-08-25T16:05:00Z,1787673900,0.57448,0.57453,0.57445,0.57447,73,9,0
2026-08-25T16:10:00Z,1787674200,0.57446,0.57447,0.57435,0.5744,60,9,0
2026-08-25T16:15:00Z,1787674500,0.5744,0.5744,0.5743,0.57437,72,9,0
2026-08-25T16:20:00Z,1787674800,0.57437,0.57444,0.57432,0.57444,74,9,0
2026-08-25T16:25:00Z,1787675100,0.57443,0.57444,0.57428,0.57431,80,9,0
2026-08-25T16:30:00Z,1787675400,0.57431,0.57439,0.57428,0.57435,72,9,0
2026-08-25T16:35:00Z,1787675700,0.57435,0.57436,0.57429,0.57435,58,9,0
2026-08-25T16:40:00Z,1787676000,0.57434,0.57438,0.57432,0.57434,63,9,0
2026-08-25T16:45:00Z,1787676300,0.57434,0.57436,0.57432,0.57434,64,9,0
2026-08-25T16:50:00Z,1787676600,0.57435,0.57435,0.57426,0.57429,46,9,0
2026-08-25T16:55:00Z,1787676900,0.5743,0.57432,0.57415,0.57417,72,9,0
2026-08-25T17:00:00Z,1787677200,0.57418,0.57423,0.57413,0.57414,79,9,0
2026-08-25T17:05:00Z,1787677500,0.57413,0.5742,0.57411,0.57419,65,9,0
2026-08-25T17:10:00Z,1787677800,0.57419,0.57419,0.57412,0.57418,52,9,0
2026-08-25T17:15:00Z,1787678100,0.57418,0.57423,0.5741,0.57412,57,9,0
2026-08-25T17:20:00Z,1787678400,0.57412,0.57419,0.57411,0.57413,54,9,0
2026-08-25T17:25:00Z,1787678700,0.57413,0.57417,0.57412,0.57412,50,9,0
2026-08-25T17:30:00Z,1787679000,0.57412,0.57416,0.57411,0.57415,50,9,0
2026-08-25T17:35:00Z,1787679300,0.57415,0.57417,0.57409,0.57411,58,9,0
2026-08-25T17:40:00Z,1787679600,0.57411,0.57412,0.57406,0.57411,60,9,0
2026-08-25T17:45:00Z,1787679900,0.57411,0.57411,0.57406,0.57409,51,9,0
2026-08-25T17:50:00Z,1787680200,0.5741,0.57412,0.574,0.574,42,9,0
2026-08-25T17:55:00Z,1787680500,0.574,0.57403,0.57396,0.574,59,9,0
2026-08-25T18:00:00Z,1787680800,0.574,0.5741,0.574,0.57408,58,9,0
2026-08-25T18:05:00Z,1787681100,0.57409,0.57409,0.57401,0.57403,76,9,0
2026-08-25T18:10:00Z,1787681400,0.57403,0.57405,0.57399,0.57402,49,9,0
2026-08-25T18:15:00Z,1787681700,0.57402,0.57408,0.574,0.57406,40,9,0
2026-08-25T18:20:00Z,1787682000,0.57406,0.5741,0.57405,0.57409,49,9,0
2026-08-25T18:25:00Z,1787682300,0.57409,0.5741,0.57404,0.57407,45,9,0
2026-08-25T18:30:00Z,1787682600,0.57407,0.5741,0.57404,0.57408,44,9,0
2026-08-25T18:35:00Z,1787682900,0.57408,0.57413,0.57407,0.57412,42,9,0
2026-08-25T18:40:00Z,1787683200,0.57413,0.57417,0.57412,0.57416,39,9,0
2026-08-25T18:45:00Z,1787683500,0.57416,0.5742,0.57415,0.57416,43,9,0
2026-08-25T18:50:00Z,1787683800,0.57416,0.57418,0.57414,0.57415,50,9,0
2026-08-25T18:55:00Z,1787684100,0.57415,0.57416,0.57408,0.57414,50,9,0
2026-08-25T19:00:00Z,1787684400,0.57414,0.57416,0.57408,0.5741,65,9,0
2026-08-25T19:05:00Z,1787684700,0.5741,0.57416,0.57409,0.57416,52,9,0
2026-08-25T19:10:00Z,1787685000,0.57416,0.57417,0.5741,0.57411,65,9,0
2026-08-25T19:15:00Z,1787685300,0.57411,0.57413,0.57393,0.57395,99,9,0
2026-08-25T19:20:00Z,1787685600,0.57395,0.57402,0.57392,0.57401,78,9,0
2026-08-25T19:25:00Z,1787685900,0.574,0.57408,0.57399,0.57407,55,9,0
2026-08-25T19:30:00Z,1787686200,0.57407,0.57414,0.57406,0.57411,61,9,0
2026-08-25T19:35:00Z,1787686500,0.57411,0.57415,0.57408,0.57415,71,9,0
2026-08-25T19:40:00Z,1787686800,0.57415,0.57417,0.57412,0.57414,49,9,0
2026-08-25T19:45:00Z,1787687100,0.57414,0.57421,0.57414,0.57418,53,9,0
2026-08-25T19:50:00Z,1787687400,0.57418,0.57422,0.57411,0.57415,104,9,0
2026-08-25T19:55:00Z,1787687700,0.57414,0.57421,0.57405,0.57408,126,9,0
2026-08-25T20:00:00Z,1787688000,0.57408,0.57415,0.57407,0.57409,67,9,0
2026-08-25T20:05:00Z,1787688300,0.57408,0.5741,0.57398,0.574,65,9,0
2026-08-25T20:10:00Z,1787688600,0.574,0.57407,0.57395,0.57406,69,9,0
2026-08-25T20:15:00Z,1787688900,0.57406,0.57413,0.57405,0.57411,72,9,0
2026-08-25T20:20:00Z,1787689200,0.5741,0.57418,0.57409,0.57417,44,9,0
2026-08-25T20:25:00Z,1787689500,0.57417,0.57419,0.5741,0.5741,48,9,0
2026-08-25T20:30:00Z,1787689800,0.5741,0.5742,0.5741,0.57418,60,9,0
2026-08-25T20:35:00Z,1787690100,0.57417,0.57418,0.5741,0.57414,60,9,0
2026-08-25T20:40:00Z,1787690400,0.57414,0.57418,0.57411,0.57412,56,9,0
2026-08-25T20:45:00Z,1787690700,0.57412,0.57414,0.57409,0.57413,38,9,0
2026-08-25T20:50:00Z,1787691000,0.57413,0.57419,0.57407,0.57418,35,9,0
2026-08-25T20:55:00Z,1787691300,0.57419,0.57422,0.57408,0.57408,45,9,0
2026-08-25T21:05:00Z,1787691900,0.57409,0.57414,0.57407,0.5741,16,9,0
2026-08-25T21:10:00Z,1787692200,0.57409,0.5741,0.57406,0.57409,28,11,0
2026-08-25T21:15:00Z,1787692500,0.57408,0.57413,0.57395,0.57403,186,10,0
2026-08-25T21:20:00Z,1787692800,0.57404,0.57408,0.574,0.57403,32,15,0
2026-08-25T21:25:00Z,1787693100,0.57404,0.57408,0.57399,0.57404,47,15,0
2026-08-25T21:30:00Z,1787693400,0.57405,0.57407,0.57394,0.57395,50,17,0
2026-08-25T21:35:00Z,1787693700,0.57397,0.57398,0.57362,0.57364,113,29,0
2026-08-25T21:40:00Z,1787694000,0.57363,0.57367,0.57346,0.57348,109,63,0
2026-08-25T21:45:00Z,1787694300,0.57349,0.57352,0.57338,0.57343,227,77,0
2026-08-25T21:50:00Z,1787694600,0.57341,0.57348,0.57336,0.57348,247,80,0
2026-08-25T21:55:00Z,1787694900,0.57348,0.5737,0.57346,0.57365,91,52,0
2026-08-25T22:00:00Z,1787695200,0.57366,0.5739,0.57366,0.57389,45,23,0
2026-08-25T22:05:00Z,1787695500,0.57389,0.57389,0.57376,0.57384,20,23,0
2026-08-25T22:10:00Z,1787695800,0.57384,0.57387,0.57375,0.57387,22,23,0
2026-08-25T22:15:00Z,1787696100,0.57387,0.5739,0.57387,0.57387,24,23,0
2026-08-25T22:20:00Z,1787696400,0.57386,0.57391,0.57378,0.57385,38,23,0
2026-08-25T22:25:00Z,1787696700,0.57385,0.57393,0.57385,0.57388,29,23,0
2026-08-25T22:30:00Z,1787697000,0.57388,0.57391,0.57387,0.57387,27,23,0
2026-08-25T22:35:00Z,1787697300,0.57388,0.57389,0.57384,0.57389,20,23,0
2026-08-25T22:40:00Z,1787697600,0.57389,0.57396,0.57388,0.57395,23,23,0
2026-08-25T22:45:00Z,1787697900,0.57395,0.57404,0.57395,0.57404,35,15,0
2026-08-25T22:50:00Z,1787698200,0.57404,0.57407,0.574,0.57404,21,15,0
2026-08-25T22:55:00Z,1787698500,0.57404,0.57408,0.57402,0.57407,22,15,0
2026-08-25T23:00:00Z,1787698800,0.5741,0.57412,0.57408,0.57412,23,9,0
2026-08-25T23:05:00Z,1787699100,0.57413,0.57422,0.57412,0.57422,31,9,0
2026-08-25T23:10:00Z,1787699400,0.57423,0.57424,0.57419,0.57423,35,9,0
2026-08-25T23:15:00Z,1787699700,0.57423,0.57423,0.5742,0.57423,35,9,0
2026-08-25T23:20:00Z,1787700000,0.57423,0.57431,0.57423,0.5743,27,9,0
2026-08-25T23:25:00Z,1787700300,0.5743,0.57439,0.57429,0.57438,22,9,0
2026-08-25T23:30:00Z,1787700600,0.57438,0.57444,0.57436,0.57442,18,9,0
2026-08-25T23:35:00Z,1787700900,0.57442,0.57444,0.57438,0.57438,20,9,0
2026-08-25T23:40:00Z,1787701200,0.57438,0.5745,0.57438,0.57447,35,9,0
2026-08-25T23:45:00Z,1787701500,0.57447,0.57456,0.57442,0.57456,42,9,0
2026-08-25T23:50:00Z,1787701800,0.57456,0.57456,0.57444,0.57445,49,9,0
2026-08-25T23:55:00Z,1787702100,0.57445,0.57447,0.57439,0.5744,49,9,0
2026-08-26T00:00:00Z,1787702400,0.5744,0.57455,0.5744,0.57447,83,9,0
2026-08-26T00:05:00Z,1787702700,0.57447,0.5745,0.57438,0.57449,80,9,0
2026-08-26T00:10:00Z,1787703000,0.5745,0.57464,0.57449,0.57462,69,9,0
2026-08-26T00:15:00Z,1787703300,0.57463,0.57472,0.57458,0.57469,70,9,0
2026-08-26T00:20:00Z,1787703600,0.57469,0.57471,0.57463,0.57464,58,9,0
2026-08-26T00:25:00Z,1787703900,0.57464,0.57465,0.5745,0.57458,66,9,0
2026-08-26T00:30:00Z,1787704200,0.57459,0.57461,0.57441,0.57443,60,9,0
2026-08-26T00:35:00Z,1787704500,0.57443,0.57446,0.57438,0.5744,73,9,0
2026-08-26T00:40:00Z,1787704800,0.5744,0.57444,0.57434,0.57437,75,9,0
2026-08-26T00:45:00Z,1787705100,0.57437,0.57446,0.57433,0.57434,67,9,0
2026-08-26T00:50:00Z,1787705400,0.57433,0.57436,0.57427,0.57429,77,9,0
2026-08-26T00:55:00Z,1787705700,0.5743,0.57434,0.57422,0.57425,84,9,0
2026-08-26T01:00:00Z,1787706000,0.57425,0.57432,0.57413,0.57426,121,9,0
2026-08-26T01:05:00Z,1787706300,0.57425,0.57434,0.5742,0.57434,106,9,0
2026-08-26T01:10:00Z,1787706600,0.57434,0.57436,0.57421,0.57421,82,9,0
2026-08-26T01:15:00Z,1787706900,0.57421,0.57429,0.57416,0.57421,78,9,0
2026-08-26T01:20:00Z,1787707200,0.57421,0.57425,0.57417,0.57419,78,9,0
2026-08-26T01:25:00Z,1787707500,0.57418,0.57419,0.57413,0.57418,76,9,0
2026-08-26T01:30:00Z,1787707800,0.57416,0.57546,0.57416,0.57534,306,9,0
2026-08-26T01:35:00Z,1787708100,0.57533,0.57549,0.57513,0.57513,124,9,0
2026-08-26T01:40:00Z,1787708400,0.57513,0.57529,0.57507,0.57521,121,9,0
2026-08-26T01:45:00Z,1787708700,0.57521,0.5759,0.57521,0.5758,181,9,0
2026-08-26T01:50:00Z,1787709000,0.57581,0.57596,0.57571,0.57576,198,9,0
2026-08-26T01:55:00Z,1787709300,0.57575,0.57581,0.57553,0.57561,147,9,0
2026-08-26T02:00:00Z,1787709600,0.57561,0.57562,0.57531,0.57553,165,9,0
2026-08-26T02:05:00Z,1787709900,0.57553,0.5759,0.57544,0.57569,124,9,0
2026-08-26T02:10:00Z,1787710200,0.57568,0.57575,0.57561,0.57563,120,9,0
2026-08-26T02:15:00Z,1787710500,0.57563,0.57593,0.57563,0.57587,118,9,0
2026-08-26T02:20:00Z,1787710800,0.57587,0.57597,0.57583,0.5759,87,9,0
2026-08-26T02:25:00Z,1787711100,0.57591,0.57608,0.57584,0.57608,95,9,0
2026-08-26T02:30:00Z,1787711400,0.57609,0.57642,0.57608,0.57641,95,9,0
2026-08-26T02:35:00Z,1787711700,0.57642,0.57656,0.5764,0.57655,73,9,0
2026-08-26T02:40:00Z,1787712000,0.57655,0.57655,0.57634,0.57639,93,9,0
2026-08-26T02:45:00Z,1787712300,0.57639,0.57641,0.57624,0.57629,68,9,0
2026-08-26T02:50:00Z,1787712600,0.57629,0.57634,0.57627,0.57631,67,9,0
2026-08-26T02:55:00Z,1787712900,0.5763,0.57635,0.5762,0.57634,54,9,0
2026-08-26T03:00:00Z,1787713200,0.57635,0.57638,0.57623,0.5763,91,9,0
2026-08-26T03:05:00Z,1787713500,0.57629,0.57638,0.57626,0.57629,71,9,0
2026-08-26T03:10:00Z,1787713800,0.5763,0.5764,0.57625,0.57638,50,9,0
2026-08-26T03:15:00Z,1787714100,0.57638,0.5766,0.57636,0.57657,84,9,0
2026-08-26T03:20:00Z,1787714400,0.57657,0.57669,0.57654,0.57669,98,9,0
2026-08-26T03:25:00Z,1787714700,0.57669,0.57678,0.57665,0.57676,77,9,0
2026-08-26T03:30:00Z,1787715000,0.57676,0.577,0.57671,0.57697,87,9,0
2026-08-26T03:35:00Z,1787715300,0.57697,0.577,0.5769,0.577,68,9,0
2026-08-26T03:40:00Z,1787715600,0.57701,0.57706,0.57697,0.57705,69,9,0
2026-08-26T03:45:00Z,1787715900,0.57705,0.57707,0.57698,0.57705,65,9,0
2026-08-26T03:50:00Z,1787716200,0.57705,0.57708,0.57691,0.57691,51,9,0
2026-08-26T03:55:00Z,1787716500,0.57691,0.57691,0.57674,0.57679,60,9,0
2026-08-26T04:00:00Z,1787716800,0.57678,0.57685,0.57675,0.57681,71,9,0
2026-08-26T04:05:00Z,1787717100,0.57682,0.57684,0.57671,0.57677,53,9,0
2026-08-26T04:10:00Z,1787717400,0.57678,0.57678,0.57666,0.57675,49,9,0
2026-08-26T04:15:00Z,1787717700,0.57675,0.57686,0.57675,0.57682,57,9,0
2026-08-26T04:20:00Z,1787718000,0.57682,0.57683,0.57676,0.57677,39,9,0
2026-08-26T04:25:00Z,1787718300,0.57676,0.57677,0.57666,0.57668,35,9,0
2026-08-26T04:30:00Z,1787718600,0.57668,0.57668,0.57657,0.5766,37,9,0
2026-08-26T04:35:00Z,1787718900,0.5766,0.57664,0.5765,0.57652,43,9,0
2026-08-26T04:40:00Z,1787719200,0.57652,0.57656,0.57652,0.57655,29,9,0
2026-08-26T04:45:00Z,1787719500,0.57655,0.57655,0.57643,0.57645,71,9,0
2026-08-26T04:50:00Z,1787719800,0.57645,0.57662,0.57645,0.5766,40,9,0
2026-08-26T04:55:00Z,1787720100,0.57659,0.5767,0.57657,0.5767,70,9,0
2026-08-26T05:00:00Z,1787720400,0.5767,0.57681,0.57669,0.57677,70,9,0
2026-08-26T05:05:00Z,1787720700,0.57679,0.5768,0.57668,0.57672,70,9,0
2026-08-26T05:10:00Z,1787721000,0.57672,0.57678,0.57671,0.57674,44,9,0
2026-08-26T05:15:00Z,1787721300,0.57674,0.57679,0.57672,0.57675,70,9,0
2026-08-26T05:20:00Z,1787721600,0.57675,0.57676,0.57669,0.57673,45,9,0
2026-08-26T05:25:00Z,1787721900,0.57673,0.57683,0.57672,0.57679,47,9,0
2026-08-26T05:30:00Z,1787722200,0.57679,0.57685,0.57668,0.57676,90,9,0
2026-08-26T05:35:00Z,1787722500,0.57676,0.57676,0.57659,0.57663,69,9,0
2026-08-26T05:40:00Z,1787722800,0.57663,0.57688,0.57663,0.57687,81,9,0
2026-08-26T05:45:00Z,1787723100,0.57687,0.57701,0.57687,0.57696,76,9,0
2026-08-26T05:50:00Z,1787723400,0.57696,0.5771,0.57693,0.57699,68,9,0
2026-08-26T05:55:00Z,1787723700,0.577,0.57706,0.57695,0.57699,61,9,0
2026-08-26T06:00:00Z,1787724000,0.57698,0.57701,0.57685,0.57698,109,9,0
2026-08-26T06:05:00Z,1787724300,0.57698,0.57709,0.57692,0.57709,77,9,0
2026-08-26T06:10:00Z,1787724600,0.57709,0.57728,0.57709,0.57723,88,9,0
2026-08-26T06:15:00Z,1787724900,0.57723,0.57732,0.57711,0.57711,103,9,0
2026-08-26T06:20:00Z,1787725200,0.57711,0.57716,0.5769,0.57701,136,9,0
2026-08-26T06:25:00Z,1787725500,0.57703,0.57707,0.57688,0.57688,111,9,0
2026-08-26T06:30:00Z,1787725800,0.57687,0.57689,0.57658,0.57663,122,9,0
2026-08-26T06:35:00Z,1787726100,0.57663,0.57675,0.57662,0.57673,91,9,0
2026-08-26T06:40:00Z,1787726400,0.57674,0.57679,0.57664,0.57672,112,9,0
2026-08-26T06:45:00Z,1787726700,0.57672,0.57685,0.57665,0.57685,91,9,0
2026-08-26T06:50:00Z,1787727000,0.57685,0.57694,0.57681,0.57691,101,9,0
2026-08-26T06:55:00Z,1787727300,0.57692,0.57692,0.57681,0.57681,100,9,0
2026-08-26T07:00:00Z,1787727600,0.57681,0.57683,0.57668,0.57673,149,9,0
2026-08-26T07:05:00Z,1787727900,0.57673,0.57678,0.57659,0.57664,109,9,0
2026-08-26T07:10:00Z,1787728200,0.57662,0.57667,0.57652,0.57664,108,9,0
2026-08-26T07:15:00Z,1787728500,0.57664,0.5767,0.5766,0.57667,98,9,0
2026-08-26T07:20:00Z,1787728800,0.57667,0.57667,0.57656,0.57659,116,9,0
2026-08-26T07:25:00Z,1787729100,0.5766,0.57667,0.57656,0.57661,115,9,0
2026-08-26T07:30:00Z,1787729400,0.57661,0.57668,0.57655,0.57667,112,9,0
2026-08-26T07:35:00Z,1787729700,0.57667,0.57669,0.57659,0.5766,90,9,0
2026-08-26T07:40:00Z,1787730000,0.5766,0.57681,0.57659,0.57679,81,9,0
2026-08-26T07:45:00Z,1787730300,0.57678,0.57689,0.57678,0.57682,88,9,0
2026-08-26T07:50:00Z,1787730600,0.57682,0.57682,0.57666,0.57669,90,9,0
2026-08-26T07:55:00Z,1787730900,0.57669,0.57677,0.57661,0.57662,127,9,0
2026-08-26T08:00:00Z,1787731200,0.57661,0.57672,0.57653,0.5767,120,9,0
2026-08-26T08:05:00Z,1787731500,0.5767,0.57684,0.57664,0.57681,104,9,0
2026-08-26T08:10:00Z,1787731800,0.57681,0.57691,0.57678,0.57687,115,9,0
2026-08-26T08:15:00Z,1787732100,0.57687,0.57698,0.57682,0.57684,104,9,0
2026-08-26T08:20:00Z,1787732400,0.57684,0.57688,0.5767,0.57672,103,9,0
2026-08-26T08:25:00Z,1787732700,0.57672,0.57678,0.57672,0.57674,79,9,0
2026-08-26T08:30:00Z,1787733000,0.57674,0.57684,0.57671,0.57684,89,9,0
2026-08-26T08:35:00Z,1787733300,0.57684,0.57689,0.57673,0.57682,91,9,0
2026-08-26T08:40:00Z,1787733600,0.57682,0.57695,0.57679,0.57686,72,9,0
2026-08-26T08:45:00Z,1787733900,0.57686,0.57698,0.57686,0.57698,83,9,0
2026-08-26T08:50:00Z,1787734200,0.57698,0.577,0.57688,0.57693,84,9,0
2026-08-26T08:55:00Z,1787734500,0.57694,0.57706,0.57693,0.57703,105,9,0
2026-08-26T09:00:00Z,1787734800,0.57704,0.57718,0.57692,0.57692,140,9,0
2026-08-26T09:05:00Z,1787735100,0.57692,0.5771,0.5769,0.57709,90,9,0
2026-08-26T09:10:00Z,1787735400,0.5771,0.57729,0.57706,0.57729,81,9,0
2026-08-26T09:15:00Z,1787735700,0.57729,0.57736,0.57727,0.57733,58,9,0
2026-08-26T09:20:00Z,1787736000,0.57733,0.57738,0.57709,0.57719,103,9,0
2026-08-26T09:25:00Z,1787736300,0.57718,0.57724,0.57714,0.57719,109,9,0
2026-08-26T09:30:00Z,1787736600,0.57719,0.57722,0.57706,0.5772,99,9,0
2026-08-26T09:35:00Z,1787736900,0.5772,0.57729,0.57718,0.57726,69,9,0
2026-08-26T09:40:00Z,1787737200,0.57726,0.57731,0.57713,0.57713,68,9,0
2026-08-26T09:45:00Z,1787737500,0.57713,0.57715,0.57704,0.57706,96,9,0
2026-08-26T09:50:00Z,1787737800,0.57707,0.57711,0.57698,0.57706,83,9,0
2026-08-26T09:55:00Z,1787738100,0.57707,0.57729,0.57707,0.57729,68,9,0
2026-08-26T10:00:00Z,1787738400,0.5773,0.57736,0.57722,0.57722,103,9,0
2026-08-26T10:05:00Z,1787738700,0.57722,0.57736,0.57722,0.57732,59,9,0
2026-08-26T10:10:00Z,1787739000,0.57732,0.57737,0.57731,0.57734,40,9,0
2026-08-26T10:15:00Z,1787739300,0.57734,0.57735,0.57723,0.57723,56,9,0
2026-08-26T10:20:00Z,1787739600,0.57723,0.57729,0.57719,0.57727,59,9,0
2026-08-26T10:25:00Z,1787739900,0.57728,0.57742,0.57728,0.57731,97,9,0
2026-08-26T10:30:00Z,1787740200,0.57732,0.57736,0.57731,0.57736,65,9,0
2026-08-26T10:35:00Z,1787740500,0.57736,0.5774,0.57729,0.57739,87,9,0
2026-08-26T10:40:00Z,1787740800,0.57739,0.57742,0.57731,0.57733,83,9,0
2026-08-26T10:45:00Z,1787741100,0.57733,0.57739,0.57726,0.57727,72,9,0
2026-08-26T10:50:00Z,1787741400,0.57727,0.57734,0.57727,0.57733,50,9,0
2026-08-26T10:55:00Z,1787741700,0.57733,0.57747,0.5773,0.57747,78,9,0
2026-08-26T11:00:00Z,1787742000,0.57746,0.57747,0.57728,0.57734,79,9,0
2026-08-26T11:05:00Z,1787742300,0.57735,0.57737,0.57724,0.57729,78,9,0
2026-08-26T11:10:00Z,1787742600,0.5773,0.57734,0.57723,0.57726,85,9,0
2026-08-26T11:15:00Z,1787742900,0.57726,0.57732,0.57723,0.57728,77,9,0
2026-08-26T11:20:00Z,1787743200,0.57727,0.57749,0.57726,0.57749,99,9,0
2026-08-26T11:25:00Z,1787743500,0.57749,0.57763,0.57749,0.57753,99,9,0
2026-08-26T11:30:00Z,1787743800,0.57753,0.57755,0.57739,0.57741,87,9,0
2026-08-26T11:35:00Z,1787744100,0.57741,0.57755,0.57741,0.57751,79,9,0
2026-08-26T11:40:00Z,1787744400,0.57751,0.57758,0.5775,0.5775,63,9,0
2026-08-26T11:45:00Z,1787744700,0.57751,0.57757,0.5775,0.57751,66,9,0
2026-08-26T11:50:00Z,1787745000,0.5775,0.57761,0.57749,0.57755,78,9,0
2026-08-26T11:55:00Z,1787745300,0.57755,0.57766,0.57752,0.57755,103,9,0
2026-08-26T12:00:00Z,1787745600,0.57755,0.57762,0.57746,0.57747,115,9,0
2026-08-26T12:05:00Z,1787745900,0.57748,0.57752,0.57737,0.57751,86,9,0
2026-08-26T12:10:00Z,1787746200,0.57752,0.57759,0.57748,0.5775,107,9,0
2026-08-26T12:15:00Z,1787746500,0.5775,0.57756,0.57747,0.57751,112,9,0
2026-08-26T12:20:00Z,1787746800,0.57751,0.57751,0.57741,0.57744,95,9,0
2026-08-26T12:25:00Z,1787747100,0.57744,0.57762,0.57738,0.57756,99,9,0
2026-08-26T12:30:00Z,1787747400,0.57755,0.578,0.57751,0.57791,298,9,0
2026-08-26T12:35:00Z,1787747700,0.57792,0.57792,0.57767,0.57776,175,9,0
2026-08-26T12:40:00Z,1787748000,0.57776,0.57781,0.57759,0.57765,180,9,0
2026-08-26T12:45:00Z,1787748300,0.57763,0.57768,0.57746,0.57752,135,9,0
2026-08-26T12:50:00Z,1787748600,0.57751,0.57759,0.57744,0.5775,184,9,0
2026-08-26T12:55:00Z,1787748900,0.57751,0.5777,0.57742,0.57769,203,9,0
2026-08-26T13:00:00Z,1787749200,0.57767,0.57782,0.57759,0.5778,180,9,0
2026-08-26T13:05:00Z,1787749500,0.57779,0.57784,0.57766,0.57773,200,9,0
2026-08-26T13:10:00Z,1787749800,0.57773,0.57786,0.57762,0.57762,175,9,0
2026-08-26T13:15:00Z,1787750100,0.57762,0.5777,0.57751,0.57759,154,9,0
2026-08-26T13:20:00Z,1787750400,0.57758,0.57766,0.57755,0.57756,138,9,0
2026-08-26T13:25:00Z,1787750700,0.57755,0.5776,0.57732,0.57738,156,9,0
2026-08-26T13:30:00Z,1787751000,0.57739,0.57776,0.57739,0.57775,187,9,0
2026-08-26T13:35:00Z,1787751300,0.57774,0.57774,0.57754,0.57768,155,9,0
2026-08-26T13:40:00Z,1787751600,0.57768,0.57789,0.57761,0.57788,142,9,0
2026-08-26T13:45:00Z,1787751900,0.57787,0.57805,0.57784,0.57801,121,9,0
2026-08-26T13:50:00Z,1787752200,0.57801,0.57811,0.57796,0.57808,127,9,0
2026-08-26T13:55:00Z,1787752500,0.57808,0.57818,0.57794,0.57796,153,9,0
2026-08-26T14:00:00Z,1787752800,0.57795,0.57795,0.57766,0.57781,194,9,0
2026-08-26T14:05:00Z,1787753100,0.57781,0.57794,0.57772,0.5778,173,9,0
2026-08-26T14:10:00Z,1787753400,0.57779,0.57782,0.5776,0.57762,142,9,0
2026-08-26T14:15:00Z,1787753700,0.57763,0.57778,0.57759,0.57774,154,9,0
2026-08-26T14:20:00Z,1787754000,0.57775,0.57776,0.57742,0.5776,177,9,0
2026-08-26T14:25:00Z,1787754300,0.57759,0.57774,0.57755,0.57773,159,9,0
2026-08-26T14:30:00Z,1787754600,0.57773,0.57798,0.57773,0.57797,125,9,0
2026-08-26T14:35:00Z,1787754900,0.57797,0.57811,0.57794,0.57807,135,9,0
2026-08-26T14:40:00Z,1787755200,0.57806,0.57806,0.57783,0.57798,122,9,0
2026-08-26T14:45:00Z,1787755500,0.57798,0.57803,0.57785,0.57786,111,9,0
2026-08-26T14:50:00Z,1787755800,0.57785,0.57786,0.57756,0.57767,116,9,0
2026-08-26T14:55:00Z,1787756100,0.57768,0.57772,0.57755,0.57763,147,9,0
2026-08-26T15:00:00Z,1787756400,0.57763,0.57772,0.57755,0.5776,141,9,0
2026-08-26T15:05:00Z,1787756700,0.57761,0.57766,0.5774,0.57742,135,9,0
2026-08-26T15:10:00Z,1787757000,0.57742,0.57742,0.57729,0.57734,99,9,0
2026-08-26T15:15:00Z,1787757300,0.57734,0.57734,0.57718,0.57718,116,9,0
2026-08-26T15:20:00Z,1787757600,0.57717,0.57742,0.57716,0.57739,110,9,0
2026-08-26T15:25:00Z,1787757900,0.57739,0.57743,0.57733,0.57734,99,9,0
2026-08-26T15:30:00Z,1787758200,0.57734,0.57744,0.57726,0.5774,109,9,0
2026-08-26T15:35:00Z,1787758500,0.57739,0.5774,0.57734,0.57737,91,9,0
2026-08-26T15:40:00Z,1787758800,0.57738,0.57746,0.57735,0.57743,85,9,0
2026-08-26T15:45:00Z,1787759100,0.57744,0.57744,0.57735,0.57739,78,9,0
2026-08-26T15:50:00Z,1787759400,0.57739,0.57739,0.57725,0.57725,163,9,0
2026-08-26T15:55:00Z,1787759700,0.57726,0.57735,0.57724,0.57731,127,9,0
2026-08-26T16:00:00Z,1787760000,0.57731,0.57738,0.57726,0.57738,108,9,0
2026-08-26T16:05:00Z,1787760300,0.57738,0.57754,0.57736,0.5775,98,9,0
2026-08-26T16:10:00Z,1787760600,0.57749,0.5775,0.57743,0.57743,85,9,0
2026-08-26T16:15:00Z,1787760900,0.57743,0.57748,0.5774,0.57744,77,9,0
2026-08-26T16:20:00Z,1787761200,0.57745,0.57756,0.57745,0.57756,75,9,0
2026-08-26T16:25:00Z,1787761500,0.57756,0.57762,0.57756,0.5776,85,9,0
2026-08-26T16:30:00Z,1787761800,0.5776,0.57763,0.57757,0.57762,81,9,0
2026-08-26T16:35:00Z,1787762100,0.57762,0.57762,0.5775,0.57754,76,9,0
2026-08-26T16:40:00Z,1787762400,0.57753,0.57756,0.57748,0.57749,77,9,0
2026-08-26T16:45:00Z,1787762700,0.57749,0.5775,0.57734,0.57735,87,9,0
2026-08-26T16:50:00Z,1787763000,0.57735,0.57746,0.57735,0.57745,82,9,0
2026-08-26T16:55:00Z,1787763300,0.57744,0.5775,0.57742,0.57748,91,9,0
2026-08-26T17:00:00Z,1787763600,0.57749,0.57749,0.57741,0.57747,88,9,0
2026-08-26T17:05:00Z,1787763900,0.57746,0.57749,0.57739,0.5774,70,9,0
2026-08-26T17:10:00Z,1787764200,0.57739,0.57748,0.57738,0.57747,79,9,0
2026-08-26T17:15:00Z,1787764500,0.57748,0.57757,0.57743,0.57756,67,9,0
2026-08-26T17:20:00Z,1787764800,0.57757,0.57762,0.57755,0.57757,45,9,0
2026-08-26T17:25:00Z,1787765100,0.57757,0.57762,0.57755,0.57757,49,9,0
2026-08-26T17:30:00Z,1787765400,0.57757,0.57761,0.5775,0.5776,59,9,0
2026-08-26T17:35:00Z,1787765700,0.5776,0.57763,0.57756,0.57757,44,9,0
2026-08-26T17:40:00Z,1787766000,0.57758,0.57761,0.57753,0.57754,53,9,0
2026-08-26T17:45:00Z,1787766300,0.57755,0.57763,0.57751,0.57763,49,9,0
2026-08-26T17:50:00Z,1787766600,0.57763,0.57765,0.57761,0.57764,34,9,0
2026-08-26T17:55:00Z,1787766900,0.57764,0.57766,0.57758,0.57761,55,9,0
2026-08-26T18:00:00Z,1787767200,0.57761,0.57765,0.57759,0.5776,38,9,0
2026-08-26T18:05:00Z,1787767500,0.57759,0.57767,0.57755,0.57756,57,9,0
2026-08-26T18:10:00Z,1787767800,0.57756,0.57761,0.57752,0.57755,53,9,0
2026-08-26T18:15:00Z,1787768100,0.57755,0.57755,0.5775,0.57754,45,9,0
2026-08-26T18:20:00Z,1787768400,0.57754,0.57756,0.57751,0.57753,44,9,0
2026-08-26T18:25:00Z,1787768700,0.57753,0.57755,0.57751,0.57752,38,9,0
2026-08-26T18:30:00Z,1787769000,0.57752,0.57759,0.57751,0.57756,49,9,0
2026-08-26T18:35:00Z,1787769300,0.57756,0.57762,0.57756,0.57759,39,9,0
2026-08-26T18:40:00Z,1787769600,0.57759,0.57762,0.57757,0.57757,34,9,0
2026-08-26T18:45:00Z,1787769900,0.57757,0.57759,0.57752,0.57755,35,9,0
2026-08-26T18:50:00Z,1787770200,0.57755,0.57764,0.57754,0.57764,35,9,0
2026-08-26T18:55:00Z,1787770500,0.57764,0.57765,0.57757,0.57758,63,9,0
2026-08-26T19:00:00Z,1787770800,0.57759,0.57767,0.57759,0.57766,47,9,0
2026-08-26T19:05:00Z,1787771100,0.57766,0.57769,0.57763,0.57763,47,9,0
2026-08-26T19:10:00Z,1787771400,0.57763,0.57764,0.57756,0.57758,51,9,0
2026-08-26T19:15:00Z,1787771700,0.57758,0.57759,0.57755,0.57758,40,9,0
2026-08-26T19:20:00Z,1787772000,0.57758,0.57761,0.57756,0.57759,43,9,0
2026-08-26T19:25:00Z,1787772300,0.57759,0.57762,0.57758,0.57761,54,9,0
2026-08-26T19:30:00Z,1787772600,0.57761,0.57762,0.57756,0.57757,65,9,0
2026-08-26T19:35:00Z,1787772900,0.57757,0.57757,0.57751,0.57752,41,9,0
2026-08-26T19:40:00Z,1787773200,0.57752,0.57755,0.57751,0.57755,38,9,0
2026-08-26T19:45:00Z,1787773500,0.57755,0.57763,0.57748,0.57763,50,9,0
2026-08-26T19:50:00Z,1787773800,0.57763,0.57769,0.57759,0.57759,65,9,0
2026-08-26T19:55:00Z,1787774100,0.57761,0.57775,0.57759,0.57771,118,9,0
2026-08-26T20:00:00Z,1787774400,0.57771,0.57773,0.57768,0.57771,54,9,0
2026-08-26T20:05:00Z,1787774700,0.57771,0.57778,0.5777,0.57775,40,9,0
2026-08-26T20:10:00Z,1787775000,0.57775,0.57776,0.57772,0.57774,41,9,0
2026-08-26T20:15:00Z,1787775300,0.57774,0.57775,0.5777,0.57775,40,9,0
2026-08-26T20:20:00Z,1787775600,0.57773,0.57775,0.57768,0.57771,78,9,0
2026-08-26T20:25:00Z,1787775900,0.57771,0.57773,0.57765,0.5777,37,9,0
2026-08-26T20:30:00Z,1787776200,0.57771,0.57772,0.57767,0.57769,41,9,0
2026-08-26T20:35:00Z,1787776500,0.57769,0.57771,0.57768,0.57769,39,9,0
2026-08-26T20:40:00Z,1787776800,0.57771,0.57771,0.5776,0.5777,51,9,0
2026-08-26T20:45:00Z,1787777100,0.5777,0.57773,0.57769,0.57771,47,9,0
2026-08-26T20:50:00Z,1787777400,0.57771,0.57777,0.57771,0.57777,28,9,0
2026-08-26T20:55:00Z,1787777700,0.57776,0.57779,0.57761,0.57767,45,9,0
2026-08-26T21:00:00Z,1787778000,0.57767,0.57767,0.57767,0.57767,1,9,0
2026-08-26T21:05:00Z,1787778300,0.57765,0.57766,0.57761,0.57761,16,10,0
2026-08-26T21:10:00Z,1787778600,0.57762,0.57763,0.57756,0.57756,19,13,0
2026-08-26T21:15:00Z,1787778900,0.57755,0.57755,0.57729,0.57749,88,27,0
2026-08-26T21:20:00Z,1787779200,0.57748,0.5775,0.57744,0.57747,68,27,0
2026-08-26T21:25:00Z,1787779500,0.57748,0.5775,0.5774,0.57748,52,35,0
2026-08-26T21:30:00Z,1787779800,0.57748,0.5775,0.57736,0.57736,84,31,0
2026-08-26T21:35:00Z,1787780100,0.57737,0.57741,0.5773,0.5773,56,41,0
2026-08-26T21:40:00Z,1787780400,0.57729,0.57735,0.57729,0.57732,45,49,0
2026-08-26T21:45:00Z,1787780700,0.57735,0.57746,0.57726,0.57742,78,34,0
2026-08-26T21:50:00Z,1787781000,0.57743,0.57746,0.5774,0.57746,33,34,0
2026-08-26T21:55:00Z,1787781300,0.57746,0.57746,0.5774,0.57746,30,36,0
2026-08-26T22:00:00Z,1787781600,0.57747,0.57781,0.57747,0.57775,66,20,0
2026-08-26T22:05:00Z,1787781900,0.57775,0.57776,0.57767,0.57769,27,23,0
2026-08-26T22:10:00Z,1787782200,0.57768,0.57769,0.57763,0.57769,18,23,0
2026-08-26T22:15:00Z,1787782500,0.57769,0.57774,0.57768,0.57773,14,23,0
2026-08-26T22:20:00Z,1787782800,0.57773,0.57776,0.57768,0.57769,24,23,0
2026-08-26T22:25:00Z,1787783100,0.57769,0.5777,0.57765,0.57768,17,23,0
2026-08-26T22:30:00Z,1787783400,0.57768,0.57771,0.57765,0.57768,18,23,0
2026-08-26T22:35:00Z,1787783700,0.57768,0.57781,0.57768,0.57776,33,15,0
2026-08-26T22:40:00Z,1787784000,0.57776,0.57786,0.57776,0.57783,38,15,0
2026-08-26T22:45:00Z,1787784300,0.57783,0.57795,0.57782,0.57786,42,15,0
2026-08-26T22:50:00Z,1787784600,0.57786,0.57791,0.57784,0.57788,20,15,0
2026-08-26T22:55:00Z,1787784900,0.57788,0.57801,0.57786,0.57797,37,15,0
2026-08-26T23:00:00Z,1787785200,0.578,0.57816,0.57799,0.57815,49,9,0
2026-08-26T23:05:00Z,1787785500,0.57815,0.57822,0.57814,0.57819,30,9,0
2026-08-26T23:10:00Z,1787785800,0.57819,0.57822,0.57812,0.57815,38,9,0
2026-08-26T23:15:00Z,1787786100,0.57815,0.57815,0.57804,0.5781,42,9,0
2026-08-26T23:20:00Z,1787786400,0.5781,0.57812,0.57799,0.57799,27,9,0
2026-08-26T23:25:00Z,1787786700,0.578,0.57803,0.57797,0.578,26,9,0
2026-08-26T23:30:00Z,1787787000,0.578,0.57807,0.57799,0.57807,22,9,0
2026-08-26T23:35:00Z,1787787300,0.57807,0.5781,0.57802,0.57803,28,9,0
2026-08-26T23:40:00Z,1787787600,0.57803,0.57816,0.57801,0.57814,29,9,0
2026-08-26T23:45:00Z,1787787900,0.57814,0.57831,0.57813,0.57828,51,9,0
2026-08-26T23:50:00Z,1787788200,0.57828,0.57828,0.57813,0.57813,49,9,0
2026-08-26T23:55:00Z,1787788500,0.57813,0.57816,0.5781,0.57811,39,9,0
2026-08-27T00:00:00Z,1787788800,0.57812,0.57819,0.57791,0.57792,110,9,0
2026-08-27T00:05:00Z,1787789100,0.57792,0.57799,0.57785,0.57792,96,9,0
2026-08-27T00:10:00Z,1787789400,0.57792,0.57792,0.57767,0.57779,74,9,0
2026-08-27T00:15:00Z,1787789700,0.57778,0.57794,0.57772,0.57792,84,9,0
2026-08-27T00:20:00Z,1787790000,0.57792,0.57807,0.57788,0.57799,79,9,0
2026-08-27T00:25:00Z,1787790300,0.57799,0.57799,0.57788,0.57793,73,9,0
2026-08-27T00:30:00Z,1787790600,0.57794,0.57799,0.57787,0.57799,86,9,0
2026-08-27T00:35:00Z,1787790900,0.57799,0.578,0.57787,0.57789,73,9,0
2026-08-27T00:40:00Z,1787791200,0.57789,0.57795,0.57784,0.57786,68,9,0
2026-08-27T00:45:00Z,1787791500,0.57786,0.57803,0.57786,0.57799,66,9,0
2026-08-27T00:50:00Z,1787791800,0.57799,0.57806,0.57788,0.57798,109,9,0
2026-08-27T00:55:00Z,1787792100,0.57797,0.5782,0.57792,0.57816,120,9,0
2026-08-27T01:00:00Z,1787792400,0.57816,0.5783,0.57814,0.57822,149,9,0
2026-08-27T01:05:00Z,1787792700,0.57822,0.57846,0.57822,0.57833,104,9,0
2026-08-27T01:10:00Z,1787793000,0.57833,0.57833,0.57813,0.57817,77,9,0
2026-08-27T01:15:00Z,1787793300,0.57817,0.57818,0.57805,0.57814,73,9,0
2026-08-27T01:20:00Z,1787793600,0.57815,0.5784,0.57814,0.57839,89,9,0
2026-08-27T01:25:00Z,1787793900,0.57839,0.57848,0.57829,0.57833,84,9,0
2026-08-27T01:30:00Z,1787794200,0.57833,0.57857,0.57833,0.57845,98,9,0
2026-08-27T01:35:00Z,1787794500,0.57845,0.57846,0.57833,0.57834,99,9,0
2026-08-27T01:40:00Z,1787794800,0.57834,0.57839,0.57823,0.57824,94,9,0
2026-08-27T01:45:00Z,1787795100,0.57824,0.5784,0.5782,0.57838,89,9,0
2026-08-27T01:50:00Z,1787795400,0.57838,0.57842,0.57827,0.57837,72,9,0
2026-08-27T01:55:00Z,1787795700,0.57839,0.57844,0.57831,0.57843,69,9,0
2026-08-27T02:00:00Z,1787796000,0.57843,0.57849,0.57832,0.57835,80,9,0
2026-08-27T02:05:00Z,1787796300,0.57835,0.5785,0.57835,0.57849,64,9,0
2026-08-27T02:10:00Z,1787796600,0.57848,0.57851,0.57845,0.57851,46,9,0
2026-08-27T02:15:00Z,1787796900,0.57851,0.57861,0.57851,0.57859,43,9,0
2026-08-27T02:20:00Z,1787797200,0.57859,0.57862,0.57855,0.57856,69,9,0
2026-08-27T02:25:00Z,1787797500,0.57856,0.57866,0.57853,0.57861,51,9,0
2026-08-27T02:30:00Z,1787797800,0.57861,0.57868,0.57856,0.57863,66,9,0
2026-08-27T02:35:00Z,1787798100,0.57863,0.57868,0.57857,0.57857,60,9,0
2026-08-27T02:40:00Z,1787798400,0.57857,0.57859,0.57847,0.57856,55,9,0
2026-08-27T02:45:00Z,1787798700,0.57856,0.57863,0.57852,0.57859,56,9,0
2026-08-27T02:50:00Z,1787799000,0.57859,0.57859,0.57839,0.57841,55,9,0
2026-08-27T02:55:00Z,1787799300,0.57841,0.57845,0.5784,0.57842,48,9,0
2026-08-27T03:00:00Z,1787799600,0.57842,0.57846,0.57836,0.57837,74,9,0
2026-08-27T03:05:00Z,1787799900,0.57837,0.57842,0.57831,0.57836,64,9,0
2026-08-27T03:10:00Z,1787800200,0.57836,0.57843,0.57835,0.57842,56,9,0
2026-08-27T03:15:00Z,1787800500,0.57842,0.5785,0.5784,0.57846,39,9,0
2026-08-27T03:20:00Z,1787800800,0.57846,0.57859,0.57845,0.57858,41,9,0
2026-08-27T03:25:00Z,1787801100,0.57859,0.57863,0.57849,0.57849,51,9,0
2026-08-27T03:30:00Z,1787801400,0.57849,0.57852,0.57842,0.57846,66,9,0
2026-08-27T03:35:00Z,1787801700,0.57846,0.57849,0.57843,0.57849,45,9,0
2026-08-27T03:40:00Z,1787802000,0.57849,0.57853,0.57847,0.57847,49,9,0
2026-08-27T03:45:00Z,1787802300,0.57848,0.57852,0.57842,0.57843,37,9,0
2026-08-27T03:50:00Z,1787802600,0.57843,0.57848,0.57843,0.57846,36,9,0
2026-08-27T03:55:00Z,1787802900,0.57846,0.57854,0.57846,0.57852,26,9,0
2026-08-27T04:00:00Z,1787803200,0.57852,0.57861,0.5785,0.5785,44,9,0
2026-08-27T04:05:00Z,1787803500,0.5785,0.5786,0.57848,0.57859,53,9,0
2026-08-27T04:10:00Z,1787803800,0.57859,0.57859,0.57852,0.57858,44,9,0
2026-08-27T04:15:00Z,1787804100,0.57858,0.57865,0.57855,0.57865,34,9,0
2026-08-27T04:20:00Z,1787804400,0.57865,0.57866,0.5786,0.5786,33,9,0
2026-08-27T04:25:00Z,1787804700,0.5786,0.5786,0.57853,0.57853,31,9,0
2026-08-27T04:30:00Z,1787805000,0.57853,0.57853,0.57838,0.57838,33,9,0
2026-08-27T04:35:00Z,1787805300,0.57838,0.57839,0.57834,0.57839,44,9,0
2026-08-27T04:40:00Z,1787805600,0.57839,0.57843,0.57832,0.57843,54,9,0
2026-08-27T04:45:00Z,1787805900,0.57843,0.5786,0.57843,0.57859,47,9,0
2026-08-27T04:50:00Z,1787806200,0.57859,0.57871,0.57855,0.57864,56,9,0
2026-08-27T04:55:00Z,1787806500,0.57863,0.57878,0.57862,0.57874,55,9,0
2026-08-27T05:00:00Z,1787806800,0.57874,0.57878,0.57863,0.57863,60,9,0
2026-08-27T05:05:00Z,1787807100,0.57863,0.57869,0.5786,0.57862,65,9,0
2026-08-27T05:10:00Z,1787807400,0.57862,0.57862,0.57848,0.57849,39,9,0
2026-08-27T05:15:00Z,1787807700,0.57849,0.5785,0.57836,0.57836,74,9,0
2026-08-27T05:20:00Z,1787808000,0.57836,0.57846,0.5783,0.57846,52,9,0
2026-08-27T05:25:00Z,1787808300,0.57846,0.57846,0.57837,0.5784,56,9,0
2026-08-27T05:30:00Z,1787808600,0.5784,0.57842,0.57828,0.57841,64,9,0
2026-08-27T05:35:00Z,1787808900,0.5784,0.57847,0.57838,0.57844,46,9,0
2026-08-27T05:40:00Z,1787809200,0.57844,0.57847,0.57838,0.57846,52,9,0
2026-08-27T05:45:00Z,1787809500,0.57847,0.57866,0.57847,0.57859,64,9,0
2026-08-27T05:50:00Z,1787809800,0.5786,0.57868,0.57854,0.57864,86,9,0
2026-08-27T05:55:00Z,1787810100,0.57863,0.57869,0.57855,0.5786,84,9,0
2026-08-27T06:00:00Z,1787810400,0.5786,0.57863,0.57851,0.57862,78,9,0
2026-08-27T06:05:00Z,1787810700,0.57862,0.57873,0.5786,0.57872,84,9,0
2026-08-27T06:10:00Z,1787811000,0.57872,0.57878,0.57864,0.57876,70,9,0
2026-08-27T06:15:00Z,1787811300,0.57876,0.57885,0.57876,0.57883,69,9,0
2026-08-27T06:20:00Z,1787811600,0.57884,0.57888,0.57881,0.57884,70,9,0
2026-08-27T06:25:00Z,1787811900,0.57884,0.57897,0.57881,0.57889,85,9,0
2026-08-27T06:30:00Z,1787812200,0.57888,0.57891,0.57868,0.57869,93,9,0
2026-08-27T06:35:00Z,1787812500,0.5787,0.57874,0.57866,0.57868,61,9,0
2026-08-27T06:40:00Z,1787812800,0.57867,0.57872,0.5786,0.57865,77,9,0
2026-08-27T06:45:00Z,1787813100,0.57865,0.57879,0.57856,0.57857,77,9,0
2026-08-27T06:50:00Z,1787813400,0.57858,0.57878,0.57852,0.57878,97,9,0
2026-08-27T06:55:00Z,1787813700,0.57878,0.57883,0.57873,0.57881,77,9,0
2026-08-27T07:00:00Z,1787814000,0.57881,0.57887,0.57871,0.57875,149,9,0
2026-08-27T07:05:00Z,1787814300,0.57876,0.57883,0.57866,0.5788,102,9,0
2026-08-27T07:10:00Z,1787814600,0.5788,0.57886,0.57873,0.57884,81,9,0
2026-08-27T07:15:00Z,1787814900,0.57884,0.57885,0.57865,0.57882,100,9,0
2026-08-27T07:20:00Z,1787815200,0.5788,0.5788,0.57863,0.57863,95,9,0
2026-08-27T07:25:00Z,1787815500,0.57863,0.57871,0.57857,0.57859,111,9,0
2026-08-27T07:30:00Z,1787815800,0.57858,0.57869,0.57852,0.5786,103,9,0
2026-08-27T07:35:00Z,1787816100,0.57861,0.5788,0.57859,0.5788,109,9,0
2026-08-27T07:40:00Z,1787816400,0.57879,0.57881,0.57874,0.57875,91,9,0
2026-08-27T07:45:00Z,1787816700,0.57876,0.57876,0.5786,0.57861,119,9,0
2026-08-27T07:50:00Z,1787817000,0.57862,0.57875,0.57854,0.57873,117,9,0
2026-08-27T07:55:00Z,1787817300,0.57873,0.57876,0.57865,0.57871,129,9,0
2026-08-27T08:00:00Z,1787817600,0.57871,0.57887,0.57871,0.57881,115,9,0
2026-08-27T08:05:00Z,1787817900,0.5788,0.57894,0.57877,0.5789,106,9,0
2026-08-27T08:10:00Z,1787818200,0.5789,0.57891,0.57875,0.57884,99,9,0
2026-08-27T08:15:00Z,1787818500,0.57884,0.57894,0.57879,0.57884,95,9,0
2026-08-27T08:20:00Z,1787818800,0.57883,0.57907,0.57883,0.57906,102,9,0
2026-08-27T08:25:00Z,1787819100,0.57906,0.57919,0.57906,0.57916,93,9,0
2026-08-27T08:30:00Z,1787819400,0.57917,0.57918,0.57888,0.57892,122,9,0
2026-08-27T08:35:00Z,1787819700,0.57892,0.579,0.57884,0.57895,139,9,0
2026-08-27T08:40:00Z,1787820000,0.57895,0.57896,0.57875,0.57877,120,9,0
2026-08-27T08:45:00Z,1787820300,0.57877,0.5788,0.57862,0.57869,122,9,0
2026-08-27T08:50:00Z,1787820600,0.57869,0.57874,0.57864,0.57872,126,9,0
2026-08-27T08:55:00Z,1787820900,0.57872,0.57879,0.57866,0.57876,130,9,0
2026-08-27T09:00:00Z,1787821200,0.57877,0.57881,0.57854,0.57855,139,9,0
2026-08-27T09:05:00Z,1787821500,0.57856,0.57864,0.57856,0.57857,127,9,0
2026-08-27T09:10:00Z,1787821800,0.57858,0.57865,0.57855,0.57859,86,9,0
2026-08-27T09:15:00Z,1787822100,0.57859,0.57861,0.57849,0.57849,97,9,0
2026-08-27T09:20:00Z,1787822400,0.57849,0.57856,0.57842,0.57844,89,9,0
2026-08-27T09:25:00Z,1787822700,0.57845,0.57855,0.57845,0.57849,86,9,0
2026-08-27T09:30:00Z,1787823000,0.5785,0.5785,0.5784,0.57848,85,9,0
2026-08-27T09:35:00Z,1787823300,0.57848,0.57849,0.57833,0.57835,91,9,0
2026-08-27T09:40:00Z,1787823600,0.57835,0.57842,0.5783,0.57834,75,9,0
2026-08-27T09:45:00Z,1787823900,0.57834,0.57836,0.57823,0.57823,95,9,0
2026-08-27T09:50:00Z,1787824200,0.57823,0.57827,0.57817,0.57822,81,9,0
2026-08-27T09:55:00Z,1787824500,0.57822,0.5783,0.5782,0.57828,92,9,0
2026-08-27T10:00:00Z,1787824800,0.57828,0.57836,0.57826,0.57831,102,9,0
2026-08-27T10:05:00Z,1787825100,0.5783,0.57838,0.57829,0.57835,70,9,0
2026-08-27T10:10:00Z,1787825400,0.57835,0.57837,0.57827,0.5783,85,9,0
2026-08-27T10:15:00Z,1787825700,0.57829,0.57838,0.57829,0.57836,77,9,0
2026-08-27T10:20:00Z,1787826000,0.57836,0.57838,0.57825,0.57832,99,9,0
2026-08-27T10:25:00Z,1787826300,0.57833,0.57838,0.57827,0.57833,89,9,0
2026-08-27T10:30:00Z,1787826600,0.57834,0.57846,0.57834,0.57844,60,9,0
2026-08-27T10:35:00Z,1787826900,0.57844,0.57864,0.57844,0.57853,96,9,0
2026-08-27T10:40:00Z,1787827200,0.57853,0.57857,0.57846,0.57848,81,9,0
2026-08-27T10:45:00Z,1787827500,0.57848,0.57865,0.57847,0.57853,83,9,0
2026-08-27T10:50:00Z,1787827800,0.57853,0.57866,0.57853,0.57862,79,9,0
2026-08-27T10:55:00Z,1787828100,0.57863,0.57868,0.57853,0.57857,100,9,0
2026-08-27T11:00:00Z,1787828400,0.57857,0.57858,0.57851,0.57854,101,9,0
2026-08-27T11:05:00Z,1787828700,0.57854,0.57858,0.57852,0.57856,82,9,0
2026-08-27T11:10:00Z,1787829000,0.57856,0.5786,0.57851,0.57853,82,9,0
2026-08-27T11:15:00Z,1787829300,0.57852,0.57855,0.57847,0.57851,68,9,0
2026-08-27T11:20:00Z,1787829600,0.57851,0.57854,0.57843,0.57843,77,9,0
2026-08-27T11:25:00Z,1787829900,0.57844,0.57856,0.57842,0.57851,76,9,0
2026-08-27T11:30:00Z,1787830200,0.57851,0.57857,0.57846,0.57857,147,9,0
2026-08-27T11:35:00Z,1787830500,0.57858,0.57869,0.57857,0.5786,114,9,0
2026-08-27T11:40:00Z,1787830800,0.57861,0.57866,0.57854,0.57855,99,9,0
2026-08-27T11:45:00Z,1787831100,0.57855,0.57855,0.57837,0.5784,108,9,0
2026-08-27T11:50:00Z,1787831400,0.57839,0.57841,0.57831,0.57832,107,9,0
2026-08-27T11:55:00Z,1787831700,0.57832,0.57867,0.57832,0.57866,129,9,0
2026-08-27T12:00:00Z,1787832000,0.57867,0.57878,0.57864,0.5787,165,9,0
2026-08-27T12:05:00Z,1787832300,0.57869,0.57886,0.57867,0.57886,98,9,0
2026-08-27T12:10:00Z,1787832600,0.57886,0.57892,0.57871,0.57892,139,9,0
2026-08-27T12:15:00Z,1787832900,0.57892,0.57892,0.5787,0.5787,97,9,0
2026-08-27T12:20:00Z,1787833200,0.57869,0.57884,0.57867,0.57868,119,9,0
2026-08-27T12:25:00Z,1787833500,0.57866,0.57872,0.5786,0.5787,114,9,0
2026-08-27T12:30:00Z,1787833800,0.57868,0.57874,0.57859,0.57867,127,9,0
2026-08-27T12:35:00Z,1787834100,0.57867,0.5787,0.57847,0.57847,110,9,0
2026-08-27T12:40:00Z,1787834400,0.57848,0.57848,0.57835,0.57839,110,9,0
2026-08-27T12:45:00Z,1787834700,0.57837,0.57843,0.57824,0.57825,96,9,0
2026-08-27T12:50:00Z,1787835000,0.57825,0.57834,0.57822,0.57833,82,9,0
2026-08-27T12:55:00Z,1787835300,0.57833,0.57845,0.57829,0.57843,83,9,0
2026-08-27T13:00:00Z,1787835600,0.57843,0.57844,0.57806,0.57806,143,9,0
2026-08-27T13:05:00Z,1787835900,0.57806,0.57817,0.57792,0.57816,137,9,0
2026-08-27T13:10:00Z,1787836200,0.57816,0.57818,0.57797,0.57797,115,9,0
2026-08-27T13:15:00Z,1787836500,0.57797,0.57809,0.57785,0.57788,112,9,0
2026-08-27T13:20:00Z,1787836800,0.57787,0.57789,0.57762,0.57779,147,9,0
2026-08-27T13:25:00Z,1787837100,0.57779,0.57796,0.57775,0.5779,153,9,0
2026-08-27T13:30:00Z,1787837400,0.57789,0.57801,0.5778,0.57787,192,9,0
2026-08-27T13:35:00Z,1787837700,0.57787,0.57803,0.57779,0.578,153,9,0
2026-08-27T13:40:00Z,1787838000,0.57799,0.5782,0.57799,0.57815,134,9,0
2026-08-27T13:45:00Z,1787838300,0.57815,0.57819,0.57799,0.57808,152,9,0
2026-08-27T13:50:00Z,1787838600,0.57808,0.57819,0.57796,0.5781,177,9,0
2026-08-27T13:55:00Z,1787838900,0.5781,0.57822,0.57807,0.57821,147,9,0
2026-08-27T14:00:00Z,1787839200,0.57822,0.5784,0.57821,0.57839,145,9,0
2026-08-27T14:05:00Z,1787839500,0.5784,0.57845,0.57825,0.57828,172,9,0
2026-08-27T14:10:00Z,1787839800,0.57828,0.5783,0.57817,0.57822,134,9,0
2026-08-27T14:15:00Z,1787840100,0.57823,0.57829,0.57816,0.57816,108,9,0
2026-08-27T14:20:00Z,1787840400,0.57817,0.57838,0.57809,0.57825,122,9,0
2026-08-27T14:25:00Z,1787840700,0.57826,0.5783,0.57819,0.57828,111,9,0
2026-08-27T14:30:00Z,1787841000,0.57828,0.57829,0.57815,0.5782,100,9,0
2026-08-27T14:35:00Z,1787841300,0.57821,0.57839,0.57819,0.57826,116,9,0
2026-08-27T14:40:00Z,1787841600,0.57825,0.57825,0.57814,0.57817,136,9,0
2026-08-27T14:45:00Z,1787841900,0.57818,0.57834,0.57813,0.57832,128,9,0
2026-08-27T14:50:00Z,1787842200,0.5783,0.57832,0.57796,0.578,137,9,0
2026-08-27T14:55:00Z,1787842500,0.57798,0.5781,0.57778,0.57809,233,9,0
2026-08-27T15:00:00Z,1787842800,0.57811,0.57825,0.57803,0.5782,171,9,0
2026-08-27T15:05:00Z,1787843100,0.5782,0.57823,0.5781,0.57815,138,9,0
2026-08-27T15:10:00Z,1787843400,0.57815,0.57817,0.57808,0.57809,108,9,0
2026-08-27T15:15:00Z,1787843700,0.57808,0.57808,0.57794,0.57801,91,9,0
2026-08-27T15:20:00Z,1787844000,0.57801,0.57815,0.57801,0.57807,92,9,0
2026-08-27T15:25:00Z,1787844300,0.57807,0.57817,0.57805,0.57808,83,9,0
2026-08-27T15:30:00Z,1787844600,0.57809,0.57824,0.57806,0.57824,87,9,0
2026-08-27T15:35:00Z,1787844900,0.57824,0.57829,0.5782,0.57823,81,9,0
2026-08-27T15:40:00Z,1787845200,0.57824,0.57837,0.57822,0.57837,96,9,0
2026-08-27T15:45:00Z,1787845500,0.57837,0.57843,0.57829,0.57831,92,9,0
2026-08-27T15:50:00Z,1787845800,0.5783,0.57831,0.57818,0.57823,87,9,0
2026-08-27T15:55:00Z,1787846100,0.57822,0.57834,0.57819,0.57831,100,9,0
2026-08-27T16:00:00Z,1787846400,0.5783,0.57834,0.57828,0.57833,92,9,0
2026-08-27T16:05:00Z,1787846700,0.57834,0.5784,0.57832,0.57833,88,9,0
2026-08-27T16:10:00Z,1787847000,0.57834,0.57841,0.57826,0.57829,83,9,0
2026-08-27T16:15:00Z,1787847300,0.57829,0.57832,0.57826,0.57826,62,9,0
2026-08-27T16:20:00Z,1787847600,0.57826,0.57828,0.57811,0.57814,88,9,0
2026-08-27T16:25:00Z,1787847900,0.57815,0.5782,0.57813,0.57813,69,9,0
2026-08-27T16:30:00Z,1787848200,0.57814,0.57822,0.57807,0.57819,79,9,0
2026-08-27T16:35:00Z,1787848500,0.57819,0.57827,0.57818,0.57827,70,9,0
2026-08-27T16:40:00Z,1787848800,0.57827,0.57831,0.57825,0.57829,58,9,0
2026-08-27T16:45:00Z,1787849100,0.57831,0.57846,0.5783,0.57846,99,9,0
2026-08-27T16:50:00Z,1787849400,0.57845,0.57846,0.57835,0.57837,84,9,0
2026-08-27T16:55:00Z,1787849700,0.57838,0.57852,0.57838,0.57851,82,9,0
2026-08-27T17:00:00Z,1787850000,0.5785,0.57852,0.57839,0.57843,101,9,0
2026-08-27T17:05:00Z,1787850300,0.57843,0.57852,0.57842,0.57851,70,9,0
2026-08-27T17:10:00Z,1787850600,0.57851,0.57857,0.57851,0.57856,65,9,0
2026-08-27T17:15:00Z,1787850900,0.57856,0.57859,0.5784,0.57842,72,9,0
2026-08-27T17:20:00Z,1787851200,0.57843,0.57845,0.57841,0.57845,45,9,0
2026-08-27T17:25:00Z,1787851500,0.57846,0.5785,0.57844,0.57846,57,9,0
2026-08-27T17:30:00Z,1787851800,0.57846,0.57853,0.57846,0.57852,71,9,0
2026-08-27T17:35:00Z,1787852100,0.57852,0.57856,0.57851,0.57854,49,9,0
2026-08-27T17:40:00Z,1787852400,0.57854,0.57858,0.57852,0.57852,52,9,0
2026-08-27T17:45:00Z,1787852700,0.57853,0.57867,0.57852,0.57865,94,9,0
2026-08-27T17:50:00Z,1787853000,0.57865,0.5787,0.57863,0.57869,74,9,0
2026-08-27T17:55:00Z,1787853300,0.57869,0.57882,0.57868,0.57878,72,9,0
2026-08-27T18:00:00Z,1787853600,0.57877,0.57882,0.57874,0.57876,102,9,0
2026-08-27T18:05:00Z,1787853900,0.57876,0.57881,0.57873,0.57879,73,9,0
2026-08-27T18:10:00Z,1787854200,0.57879,0.5788,0.5787,0.5787,77,9,0
2026-08-27T18:15:00Z,1787854500,0.5787,0.57871,0.57865,0.57871,64,9,0
2026-08-27T18:20:00Z,1787854800,0.5787,0.57872,0.57861,0.57863,61,9,0
2026-08-27T18:25:00Z,1787855100,0.57863,0.57865,0.57857,0.5786,66,9,0
2026-08-27T18:30:00Z,1787855400,0.57861,0.57861,0.57857,0.57859,63,9,0
2026-08-27T18:35:00Z,1787855700,0.57859,0.57866,0.57858,0.57866,54,9,0
2026-08-27T18:40:00Z,1787856000,0.57866,0.57866,0.57859,0.57864,42,9,0
2026-08-27T18:45:00Z,1787856300,0.57864,0.57869,0.57863,0.57867,52,9,0
2026-08-27T18:50:00Z,1787856600,0.57866,0.57867,0.57864,0.57865,47,9,0
2026-08-27T18:55:00Z,1787856900,0.57865,0.57868,0.57858,0.57866,75,9,0
2026-08-27T19:00:00Z,1787857200,0.57865,0.57869,0.57858,0.57867,71,9,0
2026-08-27T19:05:00Z,1787857500,0.57867,0.57869,0.57865,0.57868,70,9,0
2026-08-27T19:10:00Z,1787857800,0.57868,0.57874,0.57867,0.5787,43,9,0
2026-08-27T19:15:00Z,1787858100,0.5787,0.5787,0.57866,0.57868,57,9,0
2026-08-27T19:20:00Z,1787858400,0.57868,0.57868,0.57862,0.57864,54,9,0
2026-08-27T19:25:00Z,1787858700,0.57864,0.57869,0.57863,0.57863,49,9,0
2026-08-27T19:30:00Z,1787859000,0.57863,0.57873,0.57863,0.57871,65,9,0
2026-08-27T19:35:00Z,1787859300,0.57871,0.57872,0.57863,0.57867,47,9,0
2026-08-27T19:40:00Z,1787859600,0.57867,0.57869,0.57866,0.57869,44,9,0
2026-08-27T19:45:00Z,1787859900,0.57868,0.57873,0.57867,0.5787,48,9,0
2026-08-27T19:50:00Z,1787860200,0.5787,0.57875,0.57869,0.57874,55,9,0
2026-08-27T19:55:00Z,1787860500,0.57874,0.57877,0.57867,0.57873,73,9,0
2026-08-27T20:00:00Z,1787860800,0.57873,0.57876,0.57866,0.57867,62,9,0
2026-08-27T20:05:00Z,1787861100,0.57867,0.5787,0.57863,0.57869,32,9,0
2026-08-27T20:10:00Z,1787861400,0.57869,0.57872,0.57866,0.57868,53,9,0
2026-08-27T20:15:00Z,1787861700,0.57868,0.57869,0.57863,0.57864,52,9,0
2026-08-27T20:20:00Z,1787862000,0.57863,0.57865,0.57862,0.57863,37,9,0
2026-08-27T20:25:00Z,1787862300,0.57863,0.57868,0.57862,0.57863,38,9,0
2026-08-27T20:30:00Z,1787862600,0.57864,0.57864,0.57856,0.57859,32,9,0
2026-08-27T20:35:00Z,1787862900,0.57859,0.57859,0.57855,0.57856,36,9,0
2026-08-27T20:40:00Z,1787863200,0.57856,0.57859,0.57855,0.57857,33,9,0
2026-08-27T20:45:00Z,1787863500,0.57857,0.57865,0.57856,0.57865,29,9,0
2026-08-27T20:50:00Z,1787863800,0.57864,0.57865,0.57861,0.57862,26,9,0
2026-08-27T20:55:00Z,1787864100,0.57862,0.57864,0.57856,0.57858,31,9,0
2026-08-27T21:05:00Z,1787864700,0.57859,0.57859,0.57854,0.57854,7,9,0
2026-08-27T21:10:00Z,1787865000,0.57855,0.57855,0.57815,0.57816,29,18,0
2026-08-27T21:15:00Z,1787865300,0.57815,0.5783,0.57809,0.57818,77,41,0
2026-08-27T21:20:00Z,1787865600,0.57819,0.57833,0.57814,0.57833,70,42,0
2026-08-27T21:25:00Z,1787865900,0.57832,0.57836,0.57829,0.57833,63,38,0
2026-08-27T21:30:00Z,1787866200,0.57832,0.57834,0.57826,0.57832,29,48,0
2026-08-27T21:35:00Z,1787866500,0.57832,0.57837,0.57829,0.57836,23,38,0
2026-08-27T21:40:00Z,1787866800,0.57836,0.57838,0.57832,0.57834,29,29,0
2026-08-27T21:45:00Z,1787867100,0.57834,0.57837,0.57828,0.57829,41,31,0
2026-08-27T21:50:00Z,1787867400,0.57827,0.57832,0.57826,0.57831,42,38,0
2026-08-27T21:55:00Z,1787867700,0.57829,0.57837,0.57825,0.57837,47,31,0
2026-08-27T22:00:00Z,1787868000,0.57836,0.57854,0.57832,0.5784,45,23,0
2026-08-27T22:05:00Z,1787868300,0.57847,0.57847,0.57841,0.57844,18,23,0
2026-08-27T22:10:00Z,1787868600,0.57845,0.57847,0.57832,0.57839,21,23,0
2026-08-27T22:15:00Z,1787868900,0.57839,0.57839,0.57831,0.57837,28,23,0
2026-08-27T22:20:00Z,1787869200,0.57838,0.57843,0.57837,0.57843,21,23,0
2026-08-27T22:25:00Z,1787869500,0.57843,0.57845,0.57841,0.57845,17,23,0
2026-08-27T22:30:00Z,1787869800,0.57845,0.57847,0.57836,0.57837,32,23,0
2026-08-27T22:35:00Z,1787870100,0.57837,0.57842,0.57837,0.57841,26,23,0
2026-08-27T22:40:00Z,1787870400,0.57841,0.57845,0.57841,0.57843,15,23,0
2026-08-27T22:45:00Z,1787870700,0.57843,0.57844,0.57837,0.57837,20,23,0
2026-08-27T22:50:00Z,1787871000,0.57841,0.57841,0.57831,0.57839,33,15,0
2026-08-27T22:55:00Z,1787871300,0.57839,0.57843,0.57836,0.5784,27,15,0
2026-08-27T23:00:00Z,1787871600,0.57843,0.57843,0.57835,0.57836,30,9,0
2026-08-27T23:05:00Z,1787871900,0.57836,0.57836,0.57833,0.57834,26,9,0
2026-08-27T23:10:00Z,1787872200,0.57832,0.57834,0.57826,0.57826,22,9,0
2026-08-27T23:15:00Z,1787872500,0.57826,0.57838,0.57825,0.57834,36,9,0
2026-08-27T23:20:00Z,1787872800,0.57834,0.57836,0.57831,0.57836,24,9,0
2026-08-27T23:25:00Z,1787873100,0.57836,0.57837,0.57832,0.57834,16,9,0
2026-08-27T23:30:00Z,1787873400,0.57834,0.57837,0.57832,0.57832,14,9,0
2026-08-27T23:35:00Z,1787873700,0.57832,0.57834,0.57829,0.57834,21,9,0
2026-08-27T23:40:00Z,1787874000,0.57835,0.57836,0.57832,0.57836,17,9,0
2026-08-27T23:45:00Z,1787874300,0.57836,0.57836,0.57825,0.57825,32,9,0
2026-08-27T23:50:00Z,1787874600,0.57825,0.57835,0.57825,0.57833,33,9,0
2026-08-27T23:55:00Z,1787874900,0.57833,0.57837,0.5783,0.57837,34,9,0
2026-08-28T00:00:00Z,1787875200,0.57837,0.57848,0.57835,0.57846,77,9,0
2026-08-28T00:05:00Z,1787875500,0.57845,0.57859,0.57841,0.57858,73,9,0
2026-08-28T00:10:00Z,1787875800,0.57858,0.57864,0.57852,0.57864,61,9,0
2026-08-28T00:15:00Z,1787876100,0.57864,0.57868,0.57861,0.57867,60,9,0
2026-08-28T00:20:00Z,1787876400,0.57868,0.5787,0.57863,0.57868,50,9,0
2026-08-28T00:25:00Z,1787876700,0.57868,0.5788,0.57865,0.57877,48,9,0
2026-08-28T00:30:00Z,1787877000,0.57878,0.57881,0.57872,0.57878,50,9,0
2026-08-28T00:35:00Z,1787877300,0.57878,0.5788,0.57869,0.57876,56,9,0
2026-08-28T00:40:00Z,1787877600,0.57876,0.57878,0.57871,0.57873,39,9,0
2026-08-28T00:45:00Z,1787877900,0.57873,0.57876,0.57869,0.57872,55,9,0
2026-08-28T00:50:00Z,1787878200,0.57872,0.57875,0.57855,0.57855,70,9,0
2026-08-28T00:55:00Z,1787878500,0.57856,0.57861,0.57853,0.57859,63,9,0
2026-08-28T01:00:00Z,1787878800,0.57859,0.57871,0.57851,0.5787,92,9,0
2026-08-28T01:05:00Z,1787879100,0.5787,0.57881,0.57865,0.5788,78,9,0
2026-08-28T01:10:00Z,1787879400,0.57878,0.5788,0.57871,0.57875,58,9,0
2026-08-28T01:15:00Z,1787879700,0.57874,0.57886,0.57874,0.57882,82,9,0
2026-08-28T01:20:00Z,1787880000,0.57882,0.57886,0.57878,0.57884,63,9,0
2026-08-28T01:25:00Z,1787880300,0.57883,0.57883,0.57864,0.57866,64,9,0
2026-08-28T01:30:00Z,1787880600,0.57867,0.57878,0.57864,0.57877,55,9,0
2026-08-28T01:35:00Z,1787880900,0.57877,0.57883,0.57875,0.57878,76,9,0
2026-08-28T01:40:00Z,1787881200,0.57878,0.57882,0.57871,0.57882,67,9,0
2026-08-28T01:45:00Z,1787881500,0.57882,0.57891,0.5788,0.5789,66,9,0
2026-08-28T01:50:00Z,1787881800,0.5789,0.57894,0.57881,0.57883,62,9,0
2026-08-28T01:55:00Z,1787882100,0.57883,0.57892,0.57881,0.57891,64,9,0
2026-08-28T02:00:00Z,1787882400,0.57891,0.57901,0.57891,0.57896,74,9,0
2026-08-28T02:05:00Z,1787882700,0.57896,0.57906,0.57896,0.57903,44,9,0
2026-08-28T02:10:00Z,1787883000,0.57903,0.5791,0.57902,0.57907,62,9,0
2026-08-28T02:15:00Z,1787883300,0.57907,0.57913,0.57907,0.5791,39,9,0
2026-08-28T02:20:00Z,1787883600,0.57911,0.57924,0.57911,0.57922,50,9,0
2026-08-28T02:25:00Z,1787883900,0.57923,0.57939,0.57921,0.57923,70,9,0
2026-08-28T02:30:00Z,1787884200,0.57923,0.57938,0.57923,0.57938,67,9,0
2026-08-28T02:35:00Z,1787884500,0.57938,0.57938,0.57926,0.57927,49,9,0
2026-08-28T02:40:00Z,1787884800,0.57926,0.57929,0.57918,0.5792,46,9,0
2026-08-28T02:45:00Z,1787885100,0.5792,0.57929,0.57917,0.57929,51,9,0
2026-08-28T02:50:00Z,1787885400,0.57929,0.57941,0.57928,0.57936,52,9,0
2026-08-28T02:55:00Z,1787885700,0.57936,0.57946,0.57935,0.57937,61,9,0
2026-08-28T03:00:00Z,1787886000,0.57937,0.57942,0.57933,0.57941,55,9,0
2026-08-28T03:05:00Z,1787886300,0.57942,0.57944,0.57936,0.57939,35,9,0
2026-08-28T03:10:00Z,1787886600,0.57939,0.57948,0.57936,0.57947,38,9,0
2026-08-28T03:15:00Z,1787886900,0.57947,0.57948,0.57942,0.57948,37,9,0
2026-08-28T03:20:00Z,1787887200,0.57948,0.57951,0.57947,0.57951,24,9,0
2026-08-28T03:25:00Z,1787887500,0.57951,0.57955,0.57945,0.57947,40,9,0
2026-08-28T03:30:00Z,1787887800,0.57947,0.57949,0.57943,0.57943,31,9,0
2026-08-28T03:35:00Z,1787888100,0.57943,0.57948,0.57941,0.57942,34,9,0
2026-08-28T03:40:00Z,1787888400,0.57941,0.57944,0.5793,0.57931,45,9,0
2026-08-28T03:45:00Z,1787888700,0.57932,0.57932,0.57925,0.57931,36,9,0
2026-08-28T03:50:00Z,1787889000,0.57931,0.57937,0.5793,0.57936,37,9,0
2026-08-28T03:55:00Z,1787889300,0.57937,0.57945,0.57935,0.57945,41,9,0
2026-08-28T04:00:00Z,1787889600,0.57945,0.57948,0.57941,0.57944,50,9,0
2026-08-28T04:05:00Z,1787889900,0.57944,0.57953,0.57943,0.57953,30,9,0
2026-08-28T04:10:00Z,1787890200,0.57953,0.57956,0.57948,0.57955,40,9,0
2026-08-28T04:15:00Z,1787890500,0.57954,0.57961,0.57953,0.57959,35,9,0
2026-08-28T04:20:00Z,1787890800,0.57959,0.57964,0.57956,0.57956,46,9,0
2026-08-28T04:25:00Z,1787891100,0.57956,0.57957,0.57953,0.57953,32,9,0
2026-08-28T04:30:00Z,1787891400,0.57954,0.57956,0.57952,0.57952,36,9,0
2026-08-28T04:35:00Z,1787891700,0.57952,0.57953,0.57948,0.5795,28,9,0
2026-08-28T04:40:00Z,1787892000,0.5795,0.5795,0.57945,0.57945,28,9,0
2026-08-28T04:45:00Z,1787892300,0.57945,0.57952,0.57944,0.57944,35,9,0
2026-08-28T04:50:00Z,1787892600,0.57944,0.57944,0.57939,0.57941,44,9,0
2026-08-28T04:55:00Z,1787892900,0.57942,0.57942,0.57936,0.5794,40,9,0
2026-08-28T05:00:00Z,1787893200,0.57939,0.57947,0.57936,0.57939,57,9,0
2026-08-28T05:05:00Z,1787893500,0.57938,0.57939,0.57921,0.57926,56,9,0
2026-08-28T05:10:00Z,1787893800,0.57926,0.57926,0.57904,0.57905,56,9,0
2026-08-28T05:15:00Z,1787894100,0.57905,0.5791,0.57899,0.57909,41,9,0
2026-08-28T05:20:00Z,1787894400,0.5791,0.57914,0.57907,0.57912,43,9,0
2026-08-28T05:25:00Z,1787894700,0.57912,0.57912,0.57905,0.5791,38,9,0
2026-08-28T05:30:00Z,1787895000,0.57909,0.57919,0.57907,0.57914,60,9,0
2026-08-28T05:35:00Z,1787895300,0.57914,0.57917,0.57905,0.57909,88,9,0
2026-08-28T05:40:00Z,1787895600,0.57909,0.57927,0.57908,0.57925,67,9,0
2026-08-28T05:45:00Z,1787895900,0.57925,0.57933,0.57918,0.57931,57,9,0
2026-08-28T05:50:00Z,1787896200,0.5793,0.57935,0.57928,0.57935,58,9,0
2026-08-28T05:55:00Z,1787896500,0.57935,0.57943,0.57926,0.57926,59,9,0
2026-08-28T06:00:00Z,1787896800,0.57927,0.57943,0.57917,0.5794,86,9,0
2026-08-28T06:05:00Z,1787897100,0.5794,0.57943,0.57933,0.57938,80,9,0
2026-08-28T06:10:00Z,1787897400,0.57938,0.57951,0.57938,0.57948,86,9,0
2026-08-28T06:15:00Z,1787897700,0.57948,0.57957,0.57946,0.57957,89,9,0
2026-08-28T06:20:00Z,1787898000,0.57955,0.57956,0.57939,0.57946,96,9,0
2026-08-28T06:25:00Z,1787898300,0.57946,0.57955,0.57946,0.57947,75,9,0
2026-08-28T06:30:00Z,1787898600,0.57947,0.5795,0.57939,0.57949,98,9,0
2026-08-28T06:35:00Z,1787898900,0.57948,0.5795,0.57923,0.57923,128,9,0
2026-08-28T06:40:00Z,1787899200,0.57923,0.57937,0.57918,0.57933,102,9,0
2026-08-28T06:45:00Z,1787899500,0.57933,0.5795,0.57932,0.57949,85,9,0
2026-08-28T06:50:00Z,1787899800,0.57949,0.57952,0.57941,0.57952,81,9,0
2026-08-28T06:55:00Z,1787900100,0.57951,0.57962,0.57938,0.57938,112,9,0
2026-08-28T07:00:00Z,1787900400,0.57936,0.57949,0.5793,0.57935,120,9,0
2026-08-28T07:05:00Z,1787900700,0.57935,0.57938,0.57921,0.57921,135,9,0
2026-08-28T07:10:00Z,1787901000,0.57921,0.57929,0.57914,0.57928,104,9,0
2026-08-28T07:15:00Z,1787901300,0.57928,0.57928,0.57912,0.57918,122,9,0
2026-08-28T07:20:00Z,1787901600,0.57918,0.57933,0.57916,0.57924,113,9,0
2026-08-28T07:25:00Z,1787901900,0.57925,0.57932,0.57918,0.57929,93,9,0
2026-08-28T07:30:00Z,1787902200,0.57928,0.57939,0.57926,0.57931,110,9,0
2026-08-28T07:35:00Z,1787902500,0.5793,0.57936,0.57916,0.57916,104,9,0
2026-08-28T07:40:00Z,1787902800,0.57916,0.57919,0.57906,0.57907,95,9,0
2026-08-28T07:45:00Z,1787903100,0.57907,0.5791,0.57898,0.57901,92,9,0
2026-08-28T07:50:00Z,1787903400,0.579,0.57907,0.57893,0.57894,73,9,0
2026-08-28T07:55:00Z,1787903700,0.57894,0.57898,0.57884,0.57893,112,9,0
2026-08-28T08:00:00Z,1787904000,0.57891,0.57896,0.57885,0.57892,102,9,0
2026-08-28T08:05:00Z,1787904300,0.57892,0.57893,0.57873,0.57874,103,9,0
2026-08-28T08:10:00Z,1787904600,0.57874,0.57875,0.57865,0.57872,86,9,0
2026-08-28T08:15:00Z,1787904900,0.57872,0.57891,0.57872,0.57889,100,9,0
2026-08-28T08:20:00Z,1787905200,0.57889,0.57892,0.57877,0.57881,94,9,0
2026-08-28T08:25:00Z,1787905500,0.57881,0.57881,0.57866,0.5787,80,9,0
2026-08-28T08:30:00Z,1787905800,0.5787,0.5787,0.57847,0.57853,112,9,0
2026-08-28T08:35:00Z,1787906100,0.57853,0.57861,0.57852,0.57855,94,9,0
2026-08-28T08:40:00Z,1787906400,0.57855,0.57856,0.57845,0.57855,76,9,0
2026-08-28T08:45:00Z,1787906700,0.57855,0.5786,0.57847,0.57849,83,9,0
2026-08-28T08:50:00Z,1787907000,0.57848,0.57854,0.57845,0.57847,69,9,0
2026-08-28T08:55:00Z,1787907300,0.57848,0.57852,0.57835,0.57835,61,9,0
2026-08-28T09:00:00Z,1787907600,0.57835,0.57859,0.57835,0.57849,94,9,0
2026-08-28T09:05:00Z,1787907900,0.57849,0.57854,0.57842,0.57852,137,9,0
2026-08-28T09:10:00Z,1787908200,0.57852,0.57853,0.5784,0.57845,83,9,0
2026-08-28T09:15:00Z,1787908500,0.57845,0.5785,0.57834,0.57837,91,9,0
2026-08-28T09:20:00Z,1787908800,0.57838,0.57855,0.57837,0.57843,77,9,0
2026-08-28T09:25:00Z,1787909100,0.57844,0.57861,0.57844,0.57854,96,9,0
2026-08-28T09:30:00Z,1787909400,0.57852,0.57855,0.57834,0.57835,93,9,0
2026-08-28T09:35:00Z,1787909700,0.57834,0.57838,0.57827,0.5783,79,9,0
2026-08-28T09:40:00Z,1787910000,0.5783,0.57851,0.5783,0.57844,77,9,0
2026-08-28T09:45:00Z,1787910300,0.57846,0.57848,0.5784,0.57847,56,9,0
2026-08-28T09:50:00Z,1787910600,0.57848,0.57852,0.57839,0.57847,74,9,0
2026-08-28T09:55:00Z,1787910900,0.57847,0.57869,0.57847,0.57867,94,9,0
2026-08-28T10:00:00Z,1787911200,0.57869,0.57875,0.57852,0.57858,85,9,0
2026-08-28T10:05:00Z,1787911500,0.57858,0.57858,0.57844,0.57848,81,9,0
2026-08-28T10:10:00Z,1787911800,0.57848,0.5785,0.57841,0.57843,85,9,0
2026-08-28T10:15:00Z,1787912100,0.57843,0.57852,0.5784,0.57841,93,9,0
2026-08-28T10:20:00Z,1787912400,0.57841,0.57856,0.57841,0.57856,101,9,0
2026-08-28T10:25:00Z,1787912700,0.57855,0.57859,0.57852,0.57853,91,9,0
2026-08-28T10:30:00Z,1787913000,0.57853,0.57854,0.57841,0.57843,91,9,0
2026-08-28T10:35:00Z,1787913300,0.57841,0.57843,0.57833,0.57838,70,9,0
2026-08-28T10:40:00Z,1787913600,0.57839,0.57839,0.57827,0.57832,81,9,0
2026-08-28T10:45:00Z,1787913900,0.57832,0.57842,0.57825,0.57826,58,9,0
2026-08-28T10:50:00Z,1787914200,0.57826,0.5783,0.57818,0.57827,72,9,0
2026-08-28T10:55:00Z,1787914500,0.57827,0.57836,0.57825,0.57834,103,9,0
2026-08-28T11:00:00Z,1787914800,0.57834,0.57841,0.57825,0.57837,119,9,0
2026-08-28T11:05:00Z,1787915100,0.57837,0.57838,0.57828,0.57833,74,9,0
2026-08-28T11:10:00Z,1787915400,0.57832,0.57838,0.57831,0.57833,85,9,0
2026-08-28T11:15:00Z,1787915700,0.57833,0.57844,0.57831,0.57843,82,9,0
2026-08-28T11:20:00Z,1787916000,0.57843,0.57847,0.57835,0.57843,101,9,0
2026-08-28T11:25:00Z,1787916300,0.57843,0.5785,0.57836,0.57839,95,9,0
2026-08-28T11:30:00Z,1787916600,0.57838,0.57846,0.57835,0.57841,69,9,0
2026-08-28T11:35:00Z,1787916900,0.57841,0.57844,0.57832,0.57836,67,9,0
2026-08-28T11:40:00Z,1787917200,0.57836,0.57855,0.57835,0.57847,80,9,0
2026-08-28T11:45:00Z,1787917500,0.57847,0.57847,0.57833,0.57834,68,9,0
2026-08-28T11:50:00Z,1787917800,0.57835,0.5784,0.57829,0.57838,75,9,0
2026-08-28T11:55:00Z,1787918100,0.5784,0.57842,0.57814,0.57816,74,9,0
2026-08-28T12:00:00Z,1787918400,0.57817,0.57831,0.57813,0.57828,98,9,0
2026-08-28T12:05:00Z,1787918700,0.57829,0.57859,0.57828,0.57859,124,9,0
2026-08-28T12:10:00Z,1787919000,0.57859,0.57865,0.57845,0.57853,104,9,0
2026-08-28T12:15:00Z,1787919300,0.57853,0.57859,0.57851,0.57857,101,9,0
2026-08-28T12:20:00Z,1787919600,0.57857,0.57883,0.57855,0.57874,100,9,0
2026-08-28T12:25:00Z,1787919900,0.57875,0.57885,0.57871,0.57877,93,9,0
2026-08-28T12:30:00Z,1787920200,0.57877,0.57877,0.57857,0.57869,108,9,0
2026-08-28T12:35:00Z,1787920500,0.5787,0.57877,0.57857,0.57872,95,9,0
2026-08-28T12:40:00Z,1787920800,0.57871,0.5788,0.57866,0.57879,96,9,0
2026-08-28T12:45:00Z,1787921100,0.57879,0.57879,0.57862,0.57872,105,9,0
2026-08-28T12:50:00Z,1787921400,0.57873,0.57885,0.57869,0.57883,110,9,0
2026-08-28T12:55:00Z,1787921700,0.57883,0.57886,0.57868,0.57883,151,9,0
2026-08-28T13:00:00Z,1787922000,0.57882,0.57897,0.57879,0.57893,131,9,0
2026-08-28T13:05:00Z,1787922300,0.57892,0.57913,0.57892,0.57908,104,9,0
2026-08-28T13:10:00Z,1787922600,0.57906,0.57912,0.57902,0.5791,102,9,0
2026-08-28T13:15:00Z,1787922900,0.57908,0.5791,0.579,0.57905,83,9,0
2026-08-28T13:20:00Z,1787923200,0.57905,0.57913,0.57902,0.57909,92,9,0
2026-08-28T13:25:00Z,1787923500,0.57911,0.57912,0.57872,0.57877,123,9,0
2026-08-28T13:30:00Z,1787923800,0.57876,0.57898,0.57872,0.57885,122,9,0
2026-08-28T13:35:00Z,1787924100,0.57886,0.57891,0.57877,0.5789,89,9,0
2026-08-28T13:40:00Z,1787924400,0.5789,0.57897,0.57883,0.57888,115,9,0
2026-08-28T13:45:00Z,1787924700,0.57888,0.57889,0.57878,0.57884,79,9,0
2026-08-28T13:50:00Z,1787925000,0.57885,0.57893,0.57879,0.57889,103,9,0
2026-08-28T13:55:00Z,1787925300,0.57891,0.57892,0.57865,0.57869,148,9,0
2026-08-28T14:00:00Z,1787925600,0.57879,0.57906,0.57845,0.57877,740,9,0
2026-08-28T14:05:00Z,1787925900,0.57879,0.57925,0.57876,0.57911,494,9,0
2026-08-28T14:10:00Z,1787926200,0.57911,0.57929,0.57903,0.57916,340,9,0
2026-08-28T14:15:00Z,1787926500,0.57917,0.57945,0.5791,0.57931,336,9,0
2026-08-28T14:20:00Z,1787926800,0.57933,0.57946,0.57901,0.57915,282,9,0
2026-08-28T14:25:00Z,1787927100,0.57916,0.57937,0.57912,0.57934,291,9,0
2026-08-28T14:30:00Z,1787927400,0.57933,0.57957,0.57928,0.57947,347,9,0
2026-08-28T14:35:00Z,1787927700,0.57947,0.57975,0.5794,0.57966,277,9,0
2026-08-28T14:40:00Z,1787928000,0.57965,0.5797,0.57952,0.57964,241,9,0
2026-08-28T14:45:00Z,1787928300,0.57965,0.57976,0.57946,0.5797,217,9,0
2026-08-28T14:50:00Z,1787928600,0.57971,0.5798,0.57956,0.57975,213,9,0
2026-08-28T14:55:00Z,1787928900,0.57974,0.57994,0.57962,0.57979,264,9,0
2026-08-28T15:00:00Z,1787929200,0.5798,0.57984,0.57965,0.57973,233,9,0
2026-08-28T15:05:00Z,1787929500,0.57973,0.57999,0.57958,0.57959,226,9,0
2026-08-28T15:10:00Z,1787929800,0.57958,0.57966,0.57952,0.57955,218,9,0
2026-08-28T15:15:00Z,1787930100,0.57956,0.57978,0.57952,0.57976,183,9,0
2026-08-28T15:20:00Z,1787930400,0.57976,0.57982,0.57956,0.57956,203,9,0
2026-08-28T15:25:00Z,1787930700,0.57957,0.57962,0.57945,0.57953,190,9,0
2026-08-28T15:30:00Z,1787931000,0.57953,0.57955,0.57944,0.57946,162,9,0
2026-08-28T15:35:00Z,1787931300,0.57945,0.57959,0.57937,0.57939,175,9,0
2026-08-28T15:40:00Z,1787931600,0.57938,0.57948,0.57935,0.57942,178,9,0
2026-08-28T15:45:00Z,1787931900,0.57941,0.57953,0.57937,0.57946,162,9,0
2026-08-28T15:50:00Z,1787932200,0.57947,0.57959,0.57944,0.57951,173,9,0
2026-08-28T15:55:00Z,1787932500,0.57952,0.57953,0.57917,0.57917,178,9,0
2026-08-28T16:00:00Z,1787932800,0.57917,0.57929,0.5791,0.57924,176,9,0
2026-08-28T16:05:00Z,1787933100,0.57924,0.57936,0.57917,0.57934,172,9,0
2026-08-28T16:10:00Z,1787933400,0.57934,0.57955,0.57932,0.57935,182,9,0
2026-08-28T16:15:00Z,1787933700,0.57936,0.57953,0.57929,0.57938,205,9,0
2026-08-28T16:20:00Z,1787934000,0.57937,0.57943,0.5793,0.57941,193,9,0
2026-08-28T16:25:00Z,1787934300,0.5794,0.5796,0.57939,0.57953,166,9,0
2026-08-28T16:30:00Z,1787934600,0.57952,0.57967,0.57948,0.57957,174,9,0
2026-08-28T16:35:00Z,1787934900,0.57957,0.57966,0.57949,0.57952,156,9,0
2026-08-28T16:40:00Z,1787935200,0.57952,0.57955,0.57935,0.57943,147,9,0
2026-08-28T16:45:00Z,1787935500,0.57943,0.57961,0.57942,0.57958,126,9,0
2026-08-28T16:50:00Z,1787935800,0.57959,0.57959,0.57935,0.57947,167,9,0
2026-08-28T16:55:00Z,1787936100,0.57948,0.57956,0.57939,0.57947,133,9,0
2026-08-28T17:00:00Z,1787936400,0.57948,0.57948,0.57927,0.57934,139,9,0
2026-08-28T17:05:00Z,1787936700,0.57932,0.57938,0.5793,0.57936,117,9,0
2026-08-28T17:10:00Z,1787937000,0.57937,0.57938,0.5793,0.57934,120,9,0
2026-08-28T17:15:00Z,1787937300,0.57933,0.57943,0.57932,0.57943,118,9,0
2026-08-28T17:20:00Z,1787937600,0.57942,0.57943,0.57931,0.57935,115,9,0
2026-08-28T17:25:00Z,1787937900,0.57936,0.57943,0.57934,0.5794,105,9,0
2026-08-28T17:30:00Z,1787938200,0.5794,0.57943,0.57935,0.57941,100,9,0
2026-08-28T17:35:00Z,1787938500,0.57942,0.57945,0.57937,0.57938,99,9,0
2026-08-28T17:40:00Z,1787938800,0.57938,0.57942,0.57929,0.5794,81,9,0
2026-08-28T17:45:00Z,1787939100,0.5794,0.57951,0.5794,0.5795,108,9,0
2026-08-28T17:50:00Z,1787939400,0.5795,0.57958,0.57948,0.5795,83,9,0
2026-08-28T17:55:00Z,1787939700,0.5795,0.57952,0.57946,0.57947,85,9,0
2026-08-28T18:00:00Z,1787940000,0.57948,0.57949,0.57941,0.57947,81,9,0
2026-08-28T18:05:00Z,1787940300,0.57947,0.57952,0.57932,0.57938,166,9,0
2026-08-28T18:10:00Z,1787940600,0.57939,0.57954,0.57938,0.57945,95,9,0
2026-08-28T18:15:00Z,1787940900,0.57945,0.57946,0.57938,0.57938,86,9,0
2026-08-28T18:20:00Z,1787941200,0.57938,0.57939,0.5792,0.5792,116,9,0
2026-08-28T18:25:00Z,1787941500,0.5792,0.57936,0.5792,0.5793,95,9,0
2026-08-28T18:30:00Z,1787941800,0.57932,0.57933,0.57926,0.57932,81,9,0
2026-08-28T18:35:00Z,1787942100,0.57933,0.57942,0.57933,0.57941,89,9,0
2026-08-28T18:40:00Z,1787942400,0.57941,0.57948,0.57939,0.57947,80,9,0
2026-08-28T18:45:00Z,1787942700,0.57947,0.57948,0.57941,0.57941,79,9,0
2026-08-28T18:50:00Z,1787943000,0.57941,0.57952,0.57941,0.57952,75,9,0
2026-08-28T18:55:00Z,1787943300,0.57952,0.57956,0.57947,0.57955,116,9,0
2026-08-28T19:00:00Z,1787943600,0.57957,0.57969,0.57955,0.57967,104,9,0
2026-08-28T19:05:00Z,1787943900,0.57966,0.57975,0.57966,0.57971,102,9,0
2026-08-28T19:10:00Z,1787944200,0.5797,0.57971,0.5796,0.57965,91,9,0
2026-08-28T19:15:00Z,1787944500,0.57966,0.57966,0.5796,0.57964,90,9,0
2026-08-28T19:20:00Z,1787944800,0.57964,0.57968,0.57957,0.57959,72,9,0
2026-08-28T19:25:00Z,1787945100,0.5796,0.57963,0.57956,0.57962,79,9,0
2026-08-28T19:30:00Z,1787945400,0.57963,0.57971,0.57957,0.5797,84,9,0
2026-08-28T19:35:00Z,1787945700,0.5797,0.57972,0.57967,0.57968,70,9,0
2026-08-28T19:40:00Z,1787946000,0.57968,0.57977,0.57968,0.57974,58,9,0
2026-08-28T19:45:00Z,1787946300,0.57974,0.57975,0.57961,0.57968,71,9,0
2026-08-28T19:50:00Z,1787946600,0.5797,0.57971,0.57959,0.57961,68,9,0
2026-08-28T19:55:00Z,1787946900,0.57962,0.57971,0.57955,0.57956,101,9,0
2026-08-28T20:00:00Z,1787947200,0.57957,0.57961,0.57948,0.5796,80,9,0
2026-08-28T20:05:00Z,1787947500,0.5796,0.57966,0.57957,0.57965,56,9,0
2026-08-28T20:10:00Z,1787947800,0.57965,0.57967,0.57958,0.57958,54,9,0
2026-08-28T20:15:00Z,1787948100,0.57958,0.57963,0.57957,0.57957,31,9,0
2026-08-28T20:20:00Z,1787948400,0.57957,0.57972,0.57956,0.57972,48,9,0
2026-08-28T20:25:00Z,1787948700,0.57972,0.57973,0.57965,0.57965,38,9,0
2026-08-28T20:30:00Z,1787949000,0.57966,0.57966,0.57954,0.5796,45,9,0
2026-08-28T20:35:00Z,1787949300,0.5796,0.57963,0.57954,0.57959,35,9,0
2026-08-28T20:40:00Z,1787949600,0.5796,0.57974,0.5796,0.5797,51,9,0
2026-08-28T20:45:00Z,1787949900,0.5797,0.5798,0.5797,0.57979,36,9,0
2026-08-28T20:50:00Z,1787950200,0.57979,0.57987,0.57951,0.57951,75,9,0
2026-08-28T20:55:00Z,1787950500,0.57952,0.57966,0.57952,0.57966,70,9,0
