time_utc,time,open,high,low,close,tick_volume,spread,real_volume
2026-08-18T18:30:00Z,1787077800,2.30471,2.30488,2.30458,2.30483,113,24,0
2026-08-18T18:35:00Z,1787078100,2.30483,2.30484,2.30456,2.30465,119,24,0
2026-08-18T18:40:00Z,1787078400,2.30465,2.30505,2.30465,2.30471,96,24,0
2026-08-18T18:45:00Z,1787078700,2.30468,2.3048,2.30456,2.30461,101,24,0
2026-08-18T18:50:00Z,1787079000,2.30461,2.30487,2.30451,2.30487,77,24,0
2026-08-18T18:55:00Z,1787079300,2.30487,2.30498,2.30461,2.30463,124,24,0
2026-08-18T19:00:00Z,1787079600,2.30463,2.30485,2.30459,2.30476,94,24,0
2026-08-18T19:05:00Z,1787079900,2.30475,2.30484,2.30457,2.30463,86,24,0
2026-08-18T19:10:00Z,1787080200,2.30465,2.30465,2.30415,2.30436,149,24,0
2026-08-18T19:15:00Z,1787080500,2.30436,2.30449,2.30428,2.30442,101,24,0
2026-08-18T19:20:00Z,1787080800,2.30443,2.30445,2.30412,2.3042,110,24,0
2026-08-18T19:25:00Z,1787081100,2.3042,2.30431,2.3040599999999998,2.30408,90,24,0
2026-08-18T19:30:00Z,1787081400,2.30408,2.30432,2.30404,2.30412,89,24,0
2026-08-18T19:35:00Z,1787081700,2.30412,2.30416,2.30394,2.30401,83,24,0
2026-08-18T19:40:00Z,1787082000,2.30401,2.30413,2.3038,2.30402,113,24,0
2026-08-18T19:45:00Z,1787082300,2.30402,2.3042,2.3038600000000002,2.30413,101,24,0
2026-08-18T19:50:00Z,1787082600,2.30413,2.30424,2.30409,2.30418,90,24,0
2026-08-18T19:55:00Z,1787082900,2.30418,2.30424,2.30387,2.3040599999999998,171,24,0
2026-08-18T20:00:00Z,1787083200,2.30411,2.30422,2.30365,2.30395,102,24,0
2026-08-18T20:05:00Z,1787083500,2.30397,2.30416,2.30391,2.30412,70,24,0
2026-08-18T20:10:00Z,1787083800,2.30412,2.30421,2.304,2.30415,103,24,0
2026-08-18T20:15:00Z,1787084100,2.30417,2.30427,2.30413,2.30426,56,24,0
2026-08-18T20:20:00Z,1787084400,2.30427,2.30442,2.30401,2.30402,72,24,0
2026-08-18T20:25:00Z,1787084700,2.30401,2.3041,2.30393,2.30402,50,24,0
2026-08-18T20:30:00Z,1787085000,2.30398,2.30405,2.30388,2.30398,48,24,0
2026-08-18T20:35:00Z,1787085300,2.3039899999999998,2.30435,2.30398,2.30425,93,24,0
2026-08-18T20:40:00Z,1787085600,2.30424,2.30428,2.30412,2.30423,68,24,0
2026-08-18T20:45:00Z,1787085900,2.30423,2.30432,2.30374,2.3038,101,24,0
2026-08-18T20:50:00Z,1787086200,2.30381,2.30392,2.30354,2.30358,41,24,0
2026-08-18T20:55:00Z,1787086500,2.30358,2.30358,2.30305,2.30308,78,24,0
2026-08-18T21:05:00Z,1787087100,2.30309,2.30309,2.30309,2.30309,1,56,0
2026-08-18T21:10:00Z,1787087400,2.30308,2.30314,2.30308,2.3031,10,45,0
2026-08-18T21:15:00Z,1787087700,2.30311,2.30311,2.30288,2.30289,13,62,0
2026-08-18T21:20:00Z,1787088000,2.30283,2.3028399999999998,2.3025,2.3025,14,146,0
2026-08-18T21:25:00Z,1787088300,2.30251,2.30251,2.30231,2.30231,11,224,0
2026-08-18T21:30:00Z,1787088600,2.30228,2.30263,2.30205,2.30252,70,216,0
2026-08-18T21:35:00Z,1787088900,2.30249,2.30256,2.30229,2.30238,91,224,0
2026-08-18T21:40:00Z,1787089200,2.3024,2.30268,2.30231,2.3025,82,176,0
2026-08-18T21:45:00Z,1787089500,2.30251,2.30251,2.30217,2.30217,50,238,0
2026-08-18T21:50:00Z,1787089800,2.30214,2.30227,2.30202,2.30227,28,322,0
2026-08-18T21:55:00Z,1787090100,2.30227,2.30273,2.30227,2.30273,66,230,0
2026-08-18T22:00:00Z,1787090400,2.30299,2.30407,2.30288,2.30331,146,58,0
2026-08-18T22:05:00Z,1787090700,2.30333,2.30346,2.30319,2.30324,83,58,0
2026-08-18T22:10:00Z,1787091000,2.3032500000000002,2.30331,2.30305,2.30319,80,58,0
2026-08-18T22:15:00Z,1787091300,2.30324,2.30326,2.30273,2.30273,82,58,0
2026-08-18T22:20:00Z,1787091600,2.30274,2.30286,2.30263,2.30281,68,58,0
2026-08-18T22:25:00Z,1787091900,2.30282,2.30291,2.30272,2.30278,55,58,0
2026-08-18T22:30:00Z,1787092200,2.30278,2.30311,2.3027,2.3027,72,58,0
2026-08-18T22:35:00Z,1787092500,2.3027,2.30298,2.30267,2.30291,54,58,0
2026-08-18T22:40:00Z,1787092800,2.30291,2.30309,2.3029,2.30309,32,58,0
2026-08-18T22:45:00Z,1787093100,2.30311,2.30311,2.30246,2.30251,52,58,0
2026-08-18T22:50:00Z,1787093400,2.30252,2.30298,2.30244,2.30298,40,58,0
2026-08-18T22:55:00Z,1787093700,2.30298,2.30307,2.30296,2.30298,38,58,0
2026-08-18T23:00:00Z,1787094000,2.30315,2.30319,2.30283,2.30292,100,24,0
2026-08-18T23:05:00Z,1787094300,2.30292,2.30328,2.30279,2.30328,71,24,0
2026-08-18T23:10:00Z,1787094600,2.30328,2.30343,2.3032,2.30342,76,24,0
2026-08-18T23:15:00Z,1787094900,2.30341,2.3037900000000002,2.30341,2.30375,55,24,0
2026-08-18T23:20:00Z,1787095200,2.30375,2.30394,2.30365,2.3039,79,24,0
2026-08-18T23:25:00Z,1787095500,2.3039,2.30422,2.30385,2.30412,91,24,0
2026-08-18T23:30:00Z,1787095800,2.30408,2.30441,2.30398,2.30432,79,24,0
2026-08-18T23:35:00Z,1787096100,2.30431,2.30463,2.30417,2.3045999999999998,91,24,0
2026-08-18T23:40:00Z,1787096400,2.3045999999999998,2.30486,2.30454,2.30469,108,24,0
2026-08-18T23:45:00Z,1787096700,2.30468,2.30482,2.3043,2.3043,99,24,0
2026-08-18T23:50:00Z,1787097000,2.3043,2.30472,2.30423,2.30466,107,24,0
2026-08-18T23:55:00Z,1787097300,2.30466,2.30499,2.30466,2.30484,100,24,0
2026-08-19T00:00:00Z,1787097600,2.3048,2.30609,2.30473,2.30529,253,24,0
2026-08-19T00:05:00Z,1787097900,2.3053,2.30542,2.30481,2.30486,217,24,0
2026-08-19T00:10:00Z,1787098200,2.30486,2.30531,2.30486,2.3053,202,24,0
2026-08-19T00:15:00Z,1787098500,2.30529,2.30551,2.30511,2.3055,149,24,0
2026-08-19T00:20:00Z,1787098800,2.3055,2.30592,2.30541,2.3058199999999998,145,24,0
2026-08-19T00:25:00Z,1787099100,2.30583,2.30637,2.30572,2.30572,170,24,0
2026-08-19T00:30:00Z,1787099400,2.30572,2.30656,2.30554,2.30624,198,24,0
2026-08-19T00:35:00Z,1787099700,2.30621,2.30644,2.30597,2.30615,164,24,0
2026-08-19T00:40:00Z,1787100000,2.30619,2.30709,2.30619,2.30694,134,24,0
2026-08-19T00:45:00Z,1787100300,2.30695,2.30744,2.3069,2.30743,172,24,0
2026-08-19T00:50:00Z,1787100600,2.30743,2.30791,2.30712,2.30769,291,24,0
2026-08-19T00:55:00Z,1787100900,2.3076499999999998,2.30817,2.30762,2.3081300000000002,267,24,0
2026-08-19T01:00:00Z,1787101200,2.30817,2.3083299999999998,2.30633,2.30671,270,24,0
2026-08-19T01:05:00Z,1787101500,2.30672,2.30682,2.30605,2.30617,185,24,0
2026-08-19T01:10:00Z,1787101800,2.30618,2.30671,2.30592,2.30669,160,24,0
2026-08-19T01:15:00Z,1787102100,2.30669,2.30734,2.30641,2.30707,234,24,0
2026-08-19T01:20:00Z,1787102400,2.30706,2.30744,2.30654,2.30654,179,24,0
2026-08-19T01:25:00Z,1787102700,2.30655,2.30679,2.30625,2.30634,147,24,0
2026-08-19T01:30:00Z,1787103000,2.30634,2.30642,2.30577,2.30595,174,24,0
2026-08-19T01:35:00Z,1787103300,2.30596,2.3061,2.3050100000000002,2.30511,174,24,0
2026-08-19T01:40:00Z,1787103600,2.30511,2.30514,2.30443,2.30494,155,24,0
2026-08-19T01:45:00Z,1787103900,2.30493,2.30549,2.30474,2.30538,158,24,0
2026-08-19T01:50:00Z,1787104200,2.30536,2.30542,2.30484,2.30492,113,24,0
2026-08-19T01:55:00Z,1787104500,2.30493,2.30499,2.30361,2.30454,206,24,0
2026-08-19T02:00:00Z,1787104800,2.30455,2.30512,2.3043,2.30504,150,24,0
2026-08-19T02:05:00Z,1787105100,2.30502,2.30556,2.30496,2.30498,134,24,0
2026-08-19T02:10:00Z,1787105400,2.30498,2.30554,2.30496,2.30527,138,24,0
2026-08-19T02:15:00Z,1787105700,2.30527,2.30574,2.30454,2.3056200000000002,320,24,0
2026-08-19T02:20:00Z,1787106000,2.3056200000000002,2.30604,2.30557,2.30577,166,24,0
2026-08-19T02:25:00Z,1787106300,2.30575,2.30594,2.30552,2.30561,150,24,0
2026-08-19T02:30:00Z,1787106600,2.30557,2.30592,2.30526,2.30584,168,24,0
2026-08-19T02:35:00Z,1787106900,2.3058199999999998,2.3059,2.3054,2.3057,144,24,0
2026-08-19T02:40:00Z,1787107200,2.3057,2.30571,2.30524,2.30524,140,24,0
2026-08-19T02:45:00Z,1787107500,2.30522,2.30545,2.30493,2.30532,213,24,0
2026-08-19T02:50:00Z,1787107800,2.30533,2.30616,2.30531,2.30565,144,24,0
2026-08-19T02:55:00Z,1787108100,2.3056200000000002,2.30597,2.30548,2.30557,140,24,0
2026-08-19T03:00:00Z,1787108400,2.30555,2.30603,2.30534,2.306,155,24,0
2026-08-19T03:05:00Z,1787108700,2.30604,2.30654,2.30595,2.30609,154,24,0
2026-08-19T03:10:00Z,1787109000,2.30608,2.30635,2.30595,2.30613,118,24,0
2026-08-19T03:15:00Z,1787109300,2.30612,2.30612,2.3056200000000002,2.30598,120,24,0
2026-08-19T03:20:00Z,1787109600,2.30599,2.30599,2.3058,2.30583,100,24,0
2026-08-19T03:25:00Z,1787109900,2.30583,2.30616,2.30579,2.30608,114,24,0
2026-08-19T03:30:00Z,1787110200,2.30607,2.30613,2.30574,2.30608,99,24,0
2026-08-19T03:35:00Z,1787110500,2.30607,2.30619,2.30577,2.30605,106,24,0
2026-08-19T03:40:00Z,1787110800,2.30604,2.30625,2.30602,2.30602,94,24,0
2026-08-19T03:45:00Z,1787111100,2.30602,2.30605,2.30573,2.30577,82,24,0
2026-08-19T03:50:00Z,1787111400,2.30578,2.30586,2.3056200000000002,2.30575,103,24,0
2026-08-19T03:55:00Z,1787111700,2.30573,2.30581,2.30536,2.30547,92,24,0
2026-08-19T04:00:00Z,1787112000,2.30543,2.30576,2.30523,2.30556,118,24,0
2026-08-19T04:05:00Z,1787112300,2.30552,2.30581,2.30549,2.30581,94,24,0
2026-08-19T04:10:00Z,1787112600,2.30581,2.3058199999999998,2.30534,2.30541,119,24,0
2026-08-19T04:15:00Z,1787112900,2.30542,2.30571,2.3053,2.30531,107,24,0
2026-08-19T04:20:00Z,1787113200,2.30531,2.30552,2.30518,2.30535,116,24,0
2026-08-19T04:25:00Z,1787113500,2.30535,2.30551,2.30512,2.30548,125,24,0
2026-08-19T04:30:00Z,1787113800,2.30545,2.30601,2.30526,2.30599,136,24,0
2026-08-19T04:35:00Z,1787114100,2.30598,2.30616,2.30584,2.30611,106,24,0
2026-08-19T04:40:00Z,1787114400,2.30611,2.30626,2.30604,2.30625,106,24,0
2026-08-19T04:45:00Z,1787114700,2.30626,2.30668,2.30616,2.30647,122,24,0
2026-08-19T04:50:00Z,1787115000,2.30651,2.30718,2.30651,2.30716,105,24,0
2026-08-19T04:55:00Z,1787115300,2.30717,2.30726,2.3063000000000002,2.3063000000000002,127,24,0
2026-08-19T05:00:00Z,1787115600,2.3063000000000002,2.30637,2.30568,2.30593,140,24,0
2026-08-19T05:05:00Z,1787115900,2.30594,2.30619,2.3058199999999998,2.30618,96,24,0
2026-08-19T05:10:00Z,1787116200,2.30617,2.30668,2.30609,2.30668,115,24,0
2026-08-19T05:15:00Z,1787116500,2.30668,2.30686,2.30639,2.30682,132,24,0
2026-08-19T05:20:00Z,1787116800,2.3068,2.3070399999999998,2.30649,2.30701,112,24,0
2026-08-19T05:25:00Z,1787117100,2.30701,2.30723,2.30645,2.30649,107,24,0
2026-08-19T05:30:00Z,1787117400,2.30653,2.30694,2.30625,2.30674,156,24,0
2026-08-19T05:35:00Z,1787117700,2.30674,2.30732,2.30672,2.30724,134,24,0
2026-08-19T05:40:00Z,1787118000,2.30724,2.30763,2.30716,2.30723,137,24,0
2026-08-19T05:45:00Z,1787118300,2.30723,2.30762,2.30677,2.30718,166,24,0
2026-08-19T05:50:00Z,1787118600,2.30718,2.30736,2.3069,2.30728,111,24,0
2026-08-19T05:55:00Z,1787118900,2.30728,2.30728,2.30675,2.3069100000000002,143,24,0
2026-08-19T06:00:00Z,1787119200,2.30688,2.30755,2.3064999999999998,2.307,235,24,0
2026-08-19T06:05:00Z,1787119500,2.307,2.30732,2.30692,2.3071099999999998,175,24,0
2026-08-19T06:10:00Z,1787119800,2.30712,2.3072,2.3068,2.30696,150,24,0
2026-08-19T06:15:00Z,1787120100,2.30696,2.30719,2.30662,2.30686,246,24,0
2026-08-19T06:20:00Z,1787120400,2.30686,2.3071,2.30652,2.30662,272,24,0
2026-08-19T06:25:00Z,1787120700,2.30658,2.30658,2.30543,2.30566,295,24,0
2026-08-19T06:30:00Z,1787121000,2.3056900000000002,2.30679,2.30532,2.30652,300,24,0
2026-08-19T06:35:00Z,1787121300,2.30654,2.3069100000000002,2.3064,2.30677,173,24,0
2026-08-19T06:40:00Z,1787121600,2.30678,2.30697,2.3061,2.30685,171,24,0
2026-08-19T06:45:00Z,1787121900,2.30685,2.3076,2.30685,2.30748,178,24,0
2026-08-19T06:50:00Z,1787122200,2.30749,2.30761,2.30696,2.30701,195,24,0
2026-08-19T06:55:00Z,1787122500,2.307,2.30708,2.30649,2.3069100000000002,206,24,0
2026-08-19T07:00:00Z,1787122800,2.30692,2.30703,2.30639,2.30665,281,24,0
2026-08-19T07:05:00Z,1787123100,2.30664,2.30701,2.3063000000000002,2.30688,200,24,0
2026-08-19T07:10:00Z,1787123400,2.30687,2.30716,2.30645,2.30706,205,24,0
2026-08-19T07:15:00Z,1787123700,2.30705,2.30729,2.30677,2.3071,191,24,0
2026-08-19T07:20:00Z,1787124000,2.30706,2.3077199999999998,2.30705,2.30764,192,24,0
2026-08-19T07:25:00Z,1787124300,2.30766,2.30769,2.30744,2.30746,156,24,0
2026-08-19T07:30:00Z,1787124600,2.30747,2.30796,2.3074500000000002,2.3077,172,24,0
2026-08-19T07:35:00Z,1787124900,2.3077,2.3083,2.30751,2.3082599999999998,200,24,0
2026-08-19T07:40:00Z,1787125200,2.3082599999999998,2.30883,2.308,2.3087400000000002,189,24,0
2026-08-19T07:45:00Z,1787125500,2.30875,2.30895,2.30856,2.30881,185,24,0
2026-08-19T07:50:00Z,1787125800,2.30878,2.30896,2.30851,2.30882,176,24,0
2026-08-19T07:55:00Z,1787126100,2.30878,2.30912,2.30853,2.30901,202,24,0
2026-08-19T08:00:00Z,1787126400,2.30905,2.30932,2.30828,2.30842,284,24,0
2026-08-19T08:05:00Z,1787126700,2.30843,2.30855,2.30789,2.30824,266,24,0
2026-08-19T08:10:00Z,1787127000,2.3082,2.30828,2.30733,2.30737,256,24,0
2026-08-19T08:15:00Z,1787127300,2.30737,2.3077,2.3068,2.30692,205,24,0
2026-08-19T08:20:00Z,1787127600,2.30696,2.30729,2.30661,2.30665,217,24,0
2026-08-19T08:25:00Z,1787127900,2.30663,2.3069,2.30644,2.30644,197,24,0
2026-08-19T08:30:00Z,1787128200,2.30642,2.3073,2.30638,2.30706,181,24,0
2026-08-19T08:35:00Z,1787128500,2.30706,2.3071,2.30652,2.30693,146,24,0
2026-08-19T08:40:00Z,1787128800,2.30693,2.30717,2.30675,2.3070399999999998,169,24,0
2026-08-19T08:45:00Z,1787129100,2.307,2.30734,2.30698,2.30724,164,24,0
2026-08-19T08:50:00Z,1787129400,2.30724,2.30732,2.30702,2.30713,182,24,0
2026-08-19T08:55:00Z,1787129700,2.30708,2.30712,2.30614,2.3063000000000002,203,24,0
2026-08-19T09:00:00Z,1787130000,2.30635,2.30639,2.30564,2.30564,219,24,0
2026-08-19T09:05:00Z,1787130300,2.30564,2.30577,2.30535,2.3056200000000002,185,24,0
2026-08-19T09:10:00Z,1787130600,2.30561,2.30567,2.30515,2.3055,181,24,0
2026-08-19T09:15:00Z,1787130900,2.3055,2.30556,2.30502,2.30506,228,24,0
2026-08-19T09:20:00Z,1787131200,2.30504,2.30523,2.30453,2.30469,195,24,0
2026-08-19T09:25:00Z,1787131500,2.30471,2.30471,2.30404,2.30434,232,24,0
2026-08-19T09:30:00Z,1787131800,2.30433,2.30466,2.30408,2.30433,190,24,0
2026-08-19T09:35:00Z,1787132100,2.30433,2.30455,2.30414,2.30432,148,24,0
2026-08-19T09:40:00Z,1787132400,2.30434,2.30481,2.30433,2.30469,161,24,0
2026-08-19T09:45:00Z,1787132700,2.3046699999999998,2.30486,2.30452,2.30474,134,24,0
2026-08-19T09:50:00Z,1787133000,2.30477,2.30515,2.30476,2.30476,155,24,0
2026-08-19T09:55:00Z,1787133300,2.30475,2.30505,2.3047,2.30483,182,24,0
2026-08-19T10:00:00Z,1787133600,2.30485,2.30529,2.30456,2.30526,201,24,0
2026-08-19T10:05:00Z,1787133900,2.3052799999999998,2.30532,2.30492,2.30509,146,24,0
2026-08-19T10:10:00Z,1787134200,2.30513,2.30534,2.30473,2.30506,162,24,0
2026-08-19T10:15:00Z,1787134500,2.30506,2.30526,2.30475,2.30485,176,24,0
2026-08-19T10:20:00Z,1787134800,2.30485,2.30537,2.30484,2.3052099999999998,150,24,0
2026-08-19T10:25:00Z,1787135100,2.3052099999999998,2.30556,2.30519,2.30537,131,24,0
2026-08-19T10:30:00Z,1787135400,2.30537,2.30584,2.30529,2.30578,154,24,0
2026-08-19T10:35:00Z,1787135700,2.30577,2.30584,2.30549,2.30559,133,24,0
2026-08-19T10:40:00Z,1787136000,2.30559,2.30577,2.30525,2.30527,128,24,0
2026-08-19T10:45:00Z,1787136300,2.3053,2.30543,2.30494,2.30505,112,24,0
2026-08-19T10:50:00Z,1787136600,2.30506,2.30506,2.30461,2.30472,161,24,0
2026-08-19T10:55:00Z,1787136900,2.30476,2.305,2.30446,2.30479,203,24,0
2026-08-19T11:00:00Z,1787137200,2.30482,2.30534,2.30474,2.3050100000000002,160,24,0
2026-08-19T11:05:00Z,1787137500,2.305,2.30534,2.30481,2.3052799999999998,186,24,0
2026-08-19T11:10:00Z,1787137800,2.30529,2.30536,2.30448,2.30453,183,24,0
2026-08-19T11:15:00Z,1787138100,2.30454,2.30481,2.30443,2.3047,175,24,0
2026-08-19T11:20:00Z,1787138400,2.3047,2.30499,2.30461,2.30462,153,24,0
2026-08-19T11:25:00Z,1787138700,2.30462,2.30492,2.3045,2.30486,160,24,0
2026-08-19T11:30:00Z,1787139000,2.30486,2.30522,2.30473,2.30489,161,24,0
2026-08-19T11:35:00Z,1787139300,2.30489,2.30517,2.3047,2.30493,170,24,0
2026-08-19T11:40:00Z,1787139600,2.30493,2.30581,2.30491,2.30567,178,24,0
2026-08-19T11:45:00Z,1787139900,2.30571,2.30602,2.3050100000000002,2.30533,186,24,0
2026-08-19T11:50:00Z,1787140200,2.30533,2.30565,2.30524,2.30531,152,24,0
2026-08-19T11:55:00Z,1787140500,2.30527,2.30552,2.30519,2.30537,166,24,0
2026-08-19T12:00:00Z,1787140800,2.30533,2.30584,2.30533,2.30572,212,24,0
2026-08-19T12:05:00Z,1787141100,2.30572,2.30577,2.30523,2.30538,194,24,0
2026-08-19T12:10:00Z,1787141400,2.30538,2.3056200000000002,2.3051,2.30538,174,24,0
2026-08-19T12:15:00Z,1787141700,2.30537,2.30539,2.3044000000000002,2.30456,175,24,0
2026-08-19T12:20:00Z,1787142000,2.30452,2.3046699999999998,2.30375,2.30383,260,24,0
2026-08-19T12:25:00Z,1787142300,2.30381,2.30437,2.30381,2.30421,238,24,0
2026-08-19T12:30:00Z,1787142600,2.30418,2.30418,2.30259,2.3032,625,24,0
2026-08-19T12:35:00Z,1787142900,2.30316,2.3034,2.30174,2.30219,816,24,0
2026-08-19T12:40:00Z,1787143200,2.30222,2.30363,2.3020300000000002,2.30333,561,24,0
2026-08-19T12:45:00Z,1787143500,2.3033,2.30443,2.3027699999999998,2.30439,506,24,0
2026-08-19T12:50:00Z,1787143800,2.30439,2.30451,2.30353,2.30361,437,24,0
2026-08-19T12:55:00Z,1787144100,2.30363,2.304,2.30311,2.30364,425,24,0
2026-08-19T13:00:00Z,1787144400,2.30368,2.30396,2.30218,2.30232,474,24,0
2026-08-19T13:05:00Z,1787144700,2.30228,2.30245,2.30097,2.30123,479,24,0
2026-08-19T13:10:00Z,1787145000,2.3012,2.30131,2.30007,2.3005,552,24,0
2026-08-19T13:15:00Z,1787145300,2.30054,2.30221,2.30052,2.30214,496,24,0
2026-08-19T13:20:00Z,1787145600,2.3021,2.30219,2.3009,2.3014,407,24,0
2026-08-19T13:25:00Z,1787145900,2.30138,2.3016199999999998,2.30056,2.30073,403,24,0
2026-08-19T13:30:00Z,1787146200,2.30069,2.30069,2.29927,2.29958,551,24,0
2026-08-19T13:35:00Z,1787146500,2.29955,2.30062,2.29934,2.3005,484,24,0
2026-08-19T13:40:00Z,1787146800,2.30046,2.30087,2.2993,2.29937,420,24,0
2026-08-19T13:45:00Z,1787147100,2.29937,2.29944,2.29854,2.29909,490,24,0
2026-08-19T13:50:00Z,1787147400,2.29913,2.29983,2.29883,2.29967,424,24,0
2026-08-19T13:55:00Z,1787147700,2.29971,2.30037,2.2978199999999998,2.29784,439,24,0
2026-08-19T14:00:00Z,1787148000,2.29787,2.2984,2.29711,2.29711,436,24,0
2026-08-19T14:05:00Z,1787148300,2.29712,2.29714,2.29644,2.29695,410,24,0
2026-08-19T14:10:00Z,1787148600,2.29691,2.29754,2.29633,2.29729,419,24,0
2026-08-19T14:15:00Z,1787148900,2.29733,2.2979,2.29699,2.29788,358,24,0
2026-08-19T14:20:00Z,1787149200,2.29792,2.29818,2.29761,2.29773,387,24,0
2026-08-19T14:25:00Z,1787149500,2.29772,2.29775,2.29692,2.29714,300,24,0
2026-08-19T14:30:00Z,1787149800,2.29719,2.29726,2.29554,2.29573,363,24,0
2026-08-19T14:35:00Z,1787150100,2.29569,2.29596,2.29493,2.29493,366,24,0
2026-08-19T14:40:00Z,1787150400,2.2949,2.29665,2.2947100000000002,2.29587,356,24,0
2026-08-19T14:45:00Z,1787150700,2.29591,2.2965999999999998,2.29552,2.29656,353,24,0
2026-08-19T14:50:00Z,1787151000,2.29656,2.29658,2.29537,2.2956,363,24,0
2026-08-19T14:55:00Z,1787151300,2.29564,2.29583,2.29501,2.29519,331,24,0
2026-08-19T15:00:00Z,1787151600,2.29517,2.29603,2.29503,2.29531,378,24,0
2026-08-19T15:05:00Z,1787151900,2.2953200000000002,2.2956,2.29509,2.29547,289,24,0
2026-08-19T15:10:00Z,1787152200,2.29546,2.29584,2.29504,2.2954,269,24,0
2026-08-19T15:15:00Z,1787152500,2.29542,2.29557,2.29445,2.29448,292,24,0
2026-08-19T15:20:00Z,1787152800,2.29452,2.29563,2.29425,2.2956,308,24,0
2026-08-19T15:25:00Z,1787153100,2.29557,2.296,2.29505,2.29516,297,24,0
2026-08-19T15:30:00Z,1787153400,2.29513,2.29541,2.2946400000000002,2.29476,235,24,0
2026-08-19T15:35:00Z,1787153700,2.29475,2.29489,2.29409,2.29419,249,24,0
2026-08-19T15:40:00Z,1787154000,2.29419,2.29456,2.29414,2.29437,235,24,0
2026-08-19T15:45:00Z,1787154300,2.29437,2.2953200000000002,2.29413,2.2953200000000002,210,24,0
2026-08-19T15:50:00Z,1787154600,2.29533,2.29552,2.29503,2.2954499999999998,189,24,0
2026-08-19T15:55:00Z,1787154900,2.2954499999999998,2.2954499999999998,2.29472,2.29503,202,24,0
2026-08-19T16:00:00Z,1787155200,2.29505,2.29509,2.2946400000000002,2.29474,239,24,0
2026-08-19T16:05:00Z,1787155500,2.29474,2.2947699999999998,2.2937,2.29377,233,24,0
2026-08-19T16:10:00Z,1787155800,2.29372,2.29387,2.29343,2.2935499999999998,191,24,0
2026-08-19T16:15:00Z,1787156100,2.29354,2.29366,2.29317,2.29364,210,24,0
2026-08-19T16:20:00Z,1787156400,2.29364,2.29387,2.29348,2.29375,207,24,0
2026-08-19T16:25:00Z,1787156700,2.29372,2.2941,2.2935499999999998,2.29396,216,24,0
2026-08-19T16:30:00Z,1787157000,2.29398,2.29414,2.29378,2.29386,166,24,0
2026-08-19T16:35:00Z,1787157300,2.29389,2.29426,2.29389,2.29415,181,24,0
2026-08-19T16:40:00Z,1787157600,2.29414,2.29435,2.29377,2.29401,168,24,0
2026-08-19T16:45:00Z,1787157900,2.2940300000000002,2.29429,2.29366,2.29393,200,24,0
2026-08-19T16:50:00Z,1787158200,2.29393,2.29431,2.29379,2.29422,198,24,0
2026-08-19T16:55:00Z,1787158500,2.2942,2.2942299999999998,2.29374,2.29388,194,24,0
2026-08-19T17:00:00Z,1787158800,2.29392,2.29392,2.29343,2.29378,290,24,0
2026-08-19T17:05:00Z,1787159100,2.29379,2.2946400000000002,2.29379,2.29446,251,24,0
2026-08-19T17:10:00Z,1787159400,2.29447,2.2946,2.29411,2.29415,211,24,0
2026-08-19T17:15:00Z,1787159700,2.29415,2.29426,2.2936,2.29401,205,24,0
2026-08-19T17:20:00Z,1787160000,2.29401,2.29409,2.2935,2.2935,159,24,0
2026-08-19T17:25:00Z,1787160300,2.29351,2.29385,2.29337,2.2934200000000002,162,24,0
2026-08-19T17:30:00Z,1787160600,2.29341,2.29363,2.29312,2.29327,160,24,0
2026-08-19T17:35:00Z,1787160900,2.29327,2.2935499999999998,2.29303,2.29352,159,24,0
2026-08-19T17:40:00Z,1787161200,2.29352,2.2939,2.29343,2.29377,202,24,0
2026-08-19T17:45:00Z,1787161500,2.29376,2.29418,2.29371,2.29393,192,24,0
2026-08-19T17:50:00Z,1787161800,2.29393,2.29397,2.29356,2.29369,186,24,0
2026-08-19T17:55:00Z,1787162100,2.29373,2.29438,2.29351,2.29438,225,24,0
2026-08-19T18:00:00Z,1787162400,2.29419,2.29419,2.29226,2.2923299999999998,441,24,0
2026-08-19T18:05:00Z,1787162700,2.29232,2.29295,2.2922000000000002,2.29282,604,24,0
2026-08-19T18:10:00Z,1787163000,2.2928100000000002,2.29289,2.29223,2.29223,264,24,0
2026-08-19T18:15:00Z,1787163300,2.29223,2.29299,2.29223,2.29289,222,24,0
2026-08-19T18:20:00Z,1787163600,2.29289,2.29308,2.29271,2.29299,231,24,0
2026-08-19T18:25:00Z,1787163900,2.29302,2.29309,2.29273,2.29276,210,24,0
2026-08-19T18:30:00Z,1787164200,2.2927400000000002,2.29278,2.2923299999999998,2.29243,171,24,0
2026-08-19T18:35:00Z,1787164500,2.29244,2.29282,2.29228,2.29258,192,24,0
2026-08-19T18:40:00Z,1787164800,2.29258,2.29278,2.29222,2.29278,229,24,0
2026-08-19T18:45:00Z,1787165100,2.29278,2.29287,2.2926,2.29279,147,24,0
2026-08-19T18:50:00Z,1787165400,2.2928100000000002,2.2930099999999998,2.29222,2.29225,172,24,0
2026-08-19T18:55:00Z,1787165700,2.29226,2.29251,2.2918,2.29244,231,24,0
2026-08-19T19:00:00Z,1787166000,2.29247,2.29267,2.29141,2.29162,343,24,0
2026-08-19T19:05:00Z,1787166300,2.29162,2.29206,2.29149,2.29206,174,24,0
2026-08-19T19:10:00Z,1787166600,2.2921,2.29302,2.29191,2.29293,258,24,0
2026-08-19T19:15:00Z,1787166900,2.29291,2.29291,2.29207,2.29225,138,24,0
2026-08-19T19:20:00Z,1787167200,2.29221,2.29247,2.2921300000000002,2.2922000000000002,120,24,0
2026-08-19T19:25:00Z,1787167500,2.29223,2.29258,2.29209,2.29251,191,24,0
2026-08-19T19:30:00Z,1787167800,2.29247,2.29247,2.29197,2.29206,209,24,0
2026-08-19T19:35:00Z,1787168100,2.29206,2.29268,2.29206,2.29228,214,24,0
2026-08-19T19:40:00Z,1787168400,2.29231,2.29286,2.2921300000000002,2.29267,151,24,0
2026-08-19T19:45:00Z,1787168700,2.29269,2.29343,2.29269,2.29337,199,24,0
2026-08-19T19:50:00Z,1787169000,2.29336,2.29377,2.29329,2.29356,200,24,0
2026-08-19T19:55:00Z,1787169300,2.29356,2.29356,2.29267,2.29282,258,24,0
2026-08-19T20:00:00Z,1787169600,2.29278,2.29322,2.29252,2.29318,147,24,0
2026-08-19T20:05:00Z,1787169900,2.2932,2.2932,2.29289,2.29305,108,24,0
2026-08-19T20:10:00Z,1787170200,2.29305,2.29316,2.29279,2.293,83,24,0
2026-08-19T20:15:00Z,1787170500,2.29299,2.29299,2.29263,2.29264,51,24,0
2026-08-19T20:20:00Z,1787170800,2.29264,2.29264,2.29216,2.29216,47,24,0
2026-08-19T20:25:00Z,1787171100,2.29212,2.2922000000000002,2.29204,2.29206,71,24,0
2026-08-19T20:30:00Z,1787171400,2.29204,2.29204,2.29177,2.29177,76,24,0
2026-08-19T20:35:00Z,1787171700,2.29177,2.29208,2.29177,2.29201,83,24,0
2026-08-19T20:40:00Z,1787172000,2.29203,2.29247,2.29198,2.2923299999999998,72,24,0
2026-08-19T20:45:00Z,1787172300,2.29229,2.29237,2.29203,2.29203,90,24,0
2026-08-19T20:50:00Z,1787172600,2.29199,2.29216,2.29191,2.29205,52,24,0
2026-08-19T20:55:00Z,1787172900,2.292,2.29229,2.29199,2.29212,59,24,0
2026-08-19T21:05:00Z,1787173500,2.29209,2.29209,2.29209,2.29209,1,56,0
2026-08-19T21:10:00Z,1787173800,2.29212,2.29212,2.2917,2.2917,13,50,0
2026-08-19T21:15:00Z,1787174100,2.29167,2.29169,2.29156,2.29163,17,112,0
2026-08-19T21:20:00Z,1787174400,2.29164,2.29171,2.29148,2.29149,22,112,0
2026-08-19T21:25:00Z,1787174700,2.29149,2.29149,2.29125,2.29125,15,179,0
2026-08-19T21:30:00Z,1787175000,2.29124,2.29124,2.29067,2.29067,38,249,0
2026-08-19T21:35:00Z,1787175300,2.29066,2.29066,2.2903000000000002,2.2903000000000002,43,434,0
2026-08-19T21:40:00Z,1787175600,2.29029,2.29034,2.29023,2.29026,52,554,0
2026-08-19T21:45:00Z,1787175900,2.29027,2.29061,2.29015,2.29061,50,493,0
2026-08-19T21:50:00Z,1787176200,2.2906,2.29096,2.29053,2.29093,63,395,0
2026-08-19T21:55:00Z,1787176500,2.29094,2.29122,2.29049,2.29114,104,353,0
2026-08-19T22:00:00Z,1787176800,2.29261,2.29292,2.29201,2.2926,107,58,0
2026-08-19T22:05:00Z,1787177100,2.29271,2.29289,2.29269,2.29269,25,58,0
2026-08-19T22:10:00Z,1787177400,2.29269,2.29269,2.29187,2.29189,81,58,0
2026-08-19T22:15:00Z,1787177700,2.29191,2.29192,2.29181,2.29186,36,58,0
2026-08-19T22:20:00Z,1787178000,2.29187,2.29197,2.29184,2.29187,46,58,0
2026-08-19T22:25:00Z,1787178300,2.29188,2.2921300000000002,2.29182,2.29207,46,58,0
2026-08-19T22:30:00Z,1787178600,2.29207,2.2921300000000002,2.29177,2.29185,50,58,0
2026-08-19T22:35:00Z,1787178900,2.29185,2.29191,2.29183,2.29186,35,58,0
2026-08-19T22:40:00Z,1787179200,2.29185,2.29187,2.29145,2.2915,49,58,0
2026-08-19T22:45:00Z,1787179500,2.2915,2.29155,2.29146,2.29147,24,58,0
2026-08-19T22:50:00Z,1787179800,2.29146,2.2915,2.29137,2.29144,61,58,0
2026-08-19T22:55:00Z,1787180100,2.29144,2.29185,2.29144,2.29168,73,58,0
2026-08-19T23:00:00Z,1787180400,2.29183,2.29183,2.29135,2.29141,142,24,0
2026-08-19T23:05:00Z,1787180700,2.2914,2.29177,2.29119,2.29173,111,24,0
2026-08-19T23:10:00Z,1787181000,2.29173,2.29173,2.29141,2.29153,79,24,0
2026-08-19T23:15:00Z,1787181300,2.2915,2.29186,2.2914,2.2917,68,24,0
2026-08-19T23:20:00Z,1787181600,2.29167,2.29176,2.29101,2.29104,77,24,0
2026-08-19T23:25:00Z,1787181900,2.29104,2.29107,2.29023,2.29025,78,24,0
2026-08-19T23:30:00Z,1787182200,2.29025,2.29029,2.29003,2.29029,107,24,0
2026-08-19T23:35:00Z,1787182500,2.2903000000000002,2.29068,2.2903000000000002,2.29064,74,24,0
2026-08-19T23:40:00Z,1787182800,2.29064,2.29096,2.29064,2.29096,57,24,0
2026-08-19T23:45:00Z,1787183100,2.29094,2.29137,2.29088,2.29092,81,24,0
2026-08-19T23:50:00Z,1787183400,2.29092,2.29113,2.2908,2.29095,77,24,0
2026-08-19T23:55:00Z,1787183700,2.29097,2.29155,2.29088,2.29127,141,24,0
2026-08-20T00:00:00Z,1787184000,2.29127,2.29183,2.29077,2.2909800000000002,249,24,0
2026-08-20T00:05:00Z,1787184300,2.29102,2.29148,2.29076,2.29121,199,24,0
2026-08-20T00:10:00Z,1787184600,2.2911799999999998,2.2912,2.29068,2.29069,144,24,0
2026-08-20T00:15:00Z,1787184900,2.29069,2.29085,2.29047,2.29069,184,24,0
2026-08-20T00:20:00Z,1787185200,2.29069,2.29109,2.29063,2.29078,183,24,0
2026-08-20T00:25:00Z,1787185500,2.29078,2.2909800000000002,2.29018,2.2903000000000002,171,24,0
2026-08-20T00:30:00Z,1787185800,2.2903000000000002,2.29041,2.29,2.29,160,24,0
2026-08-20T00:35:00Z,1787186100,2.29,2.29064,2.28984,2.29058,149,24,0
2026-08-20T00:40:00Z,1787186400,2.29056,2.29089,2.29047,2.29072,144,24,0
2026-08-20T00:45:00Z,1787186700,2.29076,2.29084,2.29028,2.29067,176,24,0
2026-08-20T00:50:00Z,1787187000,2.29067,2.29103,2.29048,2.291,205,24,0
2026-08-20T00:55:00Z,1787187300,2.29096,2.29142,2.29084,2.291,193,24,0
2026-08-20T01:00:00Z,1787187600,2.291,2.29104,2.29061,2.29075,222,24,0
2026-08-20T01:05:00Z,1787187900,2.29075,2.29125,2.29066,2.29082,207,24,0
2026-08-20T01:10:00Z,1787188200,2.29086,2.291,2.29062,2.29074,180,24,0
2026-08-20T01:15:00Z,1787188500,2.29074,2.2909100000000002,2.28955,2.28991,257,24,0
2026-08-20T01:20:00Z,1787188800,2.28992,2.29036,2.28983,2.28993,198,24,0
2026-08-20T01:25:00Z,1787189100,2.28997,2.29055,2.28933,2.28945,182,24,0
2026-08-20T01:30:00Z,1787189400,2.28948,2.29293,2.28843,2.28966,548,24,0
2026-08-20T01:35:00Z,1787189700,2.28967,2.29026,2.28905,2.29023,376,24,0
2026-08-20T01:40:00Z,1787190000,2.2902,2.29038,2.28955,2.2898899999999998,211,24,0
2026-08-20T01:45:00Z,1787190300,2.2898899999999998,2.2898899999999998,2.28906,2.28909,271,24,0
2026-08-20T01:50:00Z,1787190600,2.2890800000000002,2.28971,2.28843,2.28848,226,24,0
2026-08-20T01:55:00Z,1787190900,2.28852,2.28859,2.28765,2.28831,234,24,0
2026-08-20T02:00:00Z,1787191200,2.28834,2.28852,2.28804,2.28808,288,24,0
2026-08-20T02:05:00Z,1787191500,2.2881,2.28836,2.28729,2.28734,220,24,0
2026-08-20T02:10:00Z,1787191800,2.28735,2.28751,2.28702,2.28738,185,24,0
2026-08-20T02:15:00Z,1787192100,2.28737,2.28833,2.28734,2.2882,206,24,0
2026-08-20T02:20:00Z,1787192400,2.28821,2.28826,2.28767,2.28781,204,24,0
2026-08-20T02:25:00Z,1787192700,2.28781,2.28825,2.28741,2.28769,167,24,0
2026-08-20T02:30:00Z,1787193000,2.28765,2.28769,2.28731,2.28741,174,24,0
2026-08-20T02:35:00Z,1787193300,2.28742,2.28776,2.28722,2.2872500000000002,129,24,0
2026-08-20T02:40:00Z,1787193600,2.2872500000000002,2.28731,2.28699,2.28704,132,24,0
2026-08-20T02:45:00Z,1787193900,2.28703,2.28746,2.28678,2.28741,118,24,0
2026-08-20T02:50:00Z,1787194200,2.28741,2.2874499999999998,2.28662,2.28663,139,24,0
2026-08-20T02:55:00Z,1787194500,2.28662,2.28694,2.28662,2.28676,150,24,0
2026-08-20T03:00:00Z,1787194800,2.28677,2.28736,2.2867,2.28689,137,24,0
2026-08-20T03:05:00Z,1787195100,2.28689,2.28702,2.28608,2.28669,169,24,0
2026-08-20T03:10:00Z,1787195400,2.2867,2.28679,2.28584,2.28626,168,24,0
2026-08-20T03:15:00Z,1787195700,2.2862299999999998,2.28709,2.28611,2.28709,162,24,0
2026-08-20T03:20:00Z,1787196000,2.28705,2.28712,2.28637,2.28643,141,24,0
2026-08-20T03:25:00Z,1787196300,2.28645,2.28698,2.28632,2.28663,164,24,0
2026-08-20T03:30:00Z,1787196600,2.28663,2.28718,2.28662,2.28714,139,24,0
2026-08-20T03:35:00Z,1787196900,2.28713,2.28759,2.28712,2.28743,139,24,0
2026-08-20T03:40:00Z,1787197200,2.28742,2.28748,2.28705,2.28721,111,24,0
2026-08-20T03:45:00Z,1787197500,2.2872500000000002,2.28731,2.28655,2.28663,113,24,0
2026-08-20T03:50:00Z,1787197800,2.28663,2.28701,2.28648,2.287,107,24,0
2026-08-20T03:55:00Z,1787198100,2.28704,2.28723,2.2869,2.28702,126,24,0
2026-08-20T04:00:00Z,1787198400,2.28702,2.28723,2.28662,2.28676,114,24,0
2026-08-20T04:05:00Z,1787198700,2.28677,2.287,2.28565,2.2856899999999998,165,24,0
2026-08-20T04:10:00Z,1787199000,2.2856899999999998,2.28607,2.28547,2.28578,149,24,0
2026-08-20T04:15:00Z,1787199300,2.28575,2.28611,2.28568,2.28601,132,24,0
2026-08-20T04:20:00Z,1787199600,2.28601,2.28619,2.2856,2.28612,121,24,0
2026-08-20T04:25:00Z,1787199900,2.28612,2.28619,2.28541,2.28541,121,24,0
2026-08-20T04:30:00Z,1787200200,2.2854200000000002,2.28579,2.2852,2.28577,152,24,0
2026-08-20T04:35:00Z,1787200500,2.28577,2.28607,2.28572,2.28591,117,24,0
2026-08-20T04:40:00Z,1787200800,2.28591,2.28616,2.2858,2.28608,107,24,0
2026-08-20T04:45:00Z,1787201100,2.28608,2.28646,2.28606,2.28641,115,24,0
2026-08-20T04:50:00Z,1787201400,2.28641,2.28657,2.28621,2.28631,91,24,0
2026-08-20T04:55:00Z,1787201700,2.28627,2.2866400000000002,2.28619,2.28646,148,24,0
2026-08-20T05:00:00Z,1787202000,2.28645,2.2866,2.28591,2.28616,129,24,0
2026-08-20T05:05:00Z,1787202300,2.28616,2.28621,2.28589,2.28597,129,24,0
2026-08-20T05:10:00Z,1787202600,2.28597,2.28636,2.28592,2.28636,144,24,0
2026-08-20T05:15:00Z,1787202900,2.28634,2.28638,2.28548,2.28565,135,24,0
2026-08-20T05:20:00Z,1787203200,2.28565,2.28604,2.28559,2.28559,116,24,0
2026-08-20T05:25:00Z,1787203500,2.28555,2.28577,2.28543,2.28574,148,24,0
2026-08-20T05:30:00Z,1787203800,2.28571,2.286,2.28523,2.286,157,24,0
2026-08-20T05:35:00Z,1787204100,2.286,2.28613,2.2857,2.28596,174,24,0
2026-08-20T05:40:00Z,1787204400,2.28595,2.28618,2.28572,2.28574,142,24,0
2026-08-20T05:45:00Z,1787204700,2.28573,2.28576,2.28523,2.28533,125,24,0
2026-08-20T05:50:00Z,1787205000,2.28533,2.2857,2.28525,2.28551,149,24,0
2026-08-20T05:55:00Z,1787205300,2.28551,2.28558,2.28507,2.28552,170,24,0
2026-08-20T06:00:00Z,1787205600,2.28548,2.28558,2.28527,2.28531,197,24,0
2026-08-20T06:05:00Z,1787205900,2.28531,2.28541,2.28502,2.2851,145,24,0
2026-08-20T06:10:00Z,1787206200,2.2851,2.28539,2.28497,2.28529,201,24,0
2026-08-20T06:15:00Z,1787206500,2.28533,2.28571,2.28525,2.28555,192,24,0
2026-08-20T06:20:00Z,1787206800,2.28555,2.2860300000000002,2.28543,2.28563,201,24,0
2026-08-20T06:25:00Z,1787207100,2.28565,2.28627,2.28565,2.28624,182,24,0
2026-08-20T06:30:00Z,1787207400,2.28624,2.28648,2.28594,2.28629,221,24,0
2026-08-20T06:35:00Z,1787207700,2.28631,2.2867,2.28605,2.28668,170,24,0
2026-08-20T06:40:00Z,1787208000,2.28667,2.28733,2.28667,2.2873,109,24,0
2026-08-20T06:45:00Z,1787208300,2.2873,2.28736,2.28614,2.28635,239,24,0
2026-08-20T06:50:00Z,1787208600,2.28635,2.28685,2.28632,2.28661,211,24,0
2026-08-20T06:55:00Z,1787208900,2.28661,2.287,2.28629,2.28666,200,24,0
2026-08-20T07:00:00Z,1787209200,2.28666,2.2875,2.28646,2.28734,272,24,0
2026-08-20T07:05:00Z,1787209500,2.28736,2.28744,2.28699,2.2872,239,24,0
2026-08-20T07:10:00Z,1787209800,2.28724,2.28782,2.28693,2.28777,220,24,0
2026-08-20T07:15:00Z,1787210100,2.28776,2.28801,2.2868,2.2868399999999998,208,24,0
2026-08-20T07:20:00Z,1787210400,2.2868399999999998,2.2877,2.2868399999999998,2.28762,200,24,0
2026-08-20T07:25:00Z,1787210700,2.28764,2.2877,2.28708,2.28737,199,24,0
2026-08-20T07:30:00Z,1787211000,2.28738,2.2886699999999998,2.28738,2.28844,283,24,0
2026-08-20T07:35:00Z,1787211300,2.28849,2.28891,2.28836,2.28875,205,24,0
2026-08-20T07:40:00Z,1787211600,2.28875,2.28892,2.28808,2.28886,287,24,0
2026-08-20T07:45:00Z,1787211900,2.28884,2.28905,2.28858,2.28877,237,24,0
2026-08-20T07:50:00Z,1787212200,2.28877,2.28892,2.28814,2.28849,244,24,0
2026-08-20T07:55:00Z,1787212500,2.28852,2.2886,2.28762,2.28775,259,24,0
2026-08-20T08:00:00Z,1787212800,2.28771,2.28809,2.28739,2.28805,269,24,0
2026-08-20T08:05:00Z,1787213100,2.28809,2.2891,2.28788,2.28889,232,24,0
2026-08-20T08:10:00Z,1787213400,2.28892,2.28918,2.28866,2.28885,194,24,0
2026-08-20T08:15:00Z,1787213700,2.28885,2.28993,2.2886699999999998,2.28986,198,24,0
2026-08-20T08:20:00Z,1787214000,2.28987,2.28998,2.28927,2.28953,172,24,0
2026-08-20T08:25:00Z,1787214300,2.28952,2.29018,2.28932,2.29013,202,24,0
2026-08-20T08:30:00Z,1787214600,2.29014,2.2904,2.28981,2.29028,269,24,0
2026-08-20T08:35:00Z,1787214900,2.29031,2.29031,2.28955,2.2897,228,24,0
2026-08-20T08:40:00Z,1787215200,2.28971,2.29025,2.28967,2.29022,194,24,0
2026-08-20T08:45:00Z,1787215500,2.29022,2.29046,2.29006,2.29029,169,24,0
2026-08-20T08:50:00Z,1787215800,2.2903000000000002,2.29049,2.29001,2.29036,189,24,0
2026-08-20T08:55:00Z,1787216100,2.29034,2.29034,2.28985,2.28998,193,24,0
2026-08-20T09:00:00Z,1787216400,2.2899599999999998,2.29036,2.2899,2.28995,161,24,0
2026-08-20T09:05:00Z,1787216700,2.28997,2.29006,2.28979,2.28988,147,24,0
2026-08-20T09:10:00Z,1787217000,2.28988,2.28988,2.2889,2.28893,225,24,0
2026-08-20T09:15:00Z,1787217300,2.28895,2.28896,2.28808,2.28815,252,24,0
2026-08-20T09:20:00Z,1787217600,2.28816,2.28841,2.28768,2.28841,257,24,0
2026-08-20T09:25:00Z,1787217900,2.28837,2.28897,2.28815,2.28884,227,24,0
2026-08-20T09:30:00Z,1787218200,2.28886,2.28926,2.2888,2.2890800000000002,195,24,0
2026-08-20T09:35:00Z,1787218500,2.28912,2.2899,2.2890800000000002,2.28982,211,24,0
2026-08-20T09:40:00Z,1787218800,2.2898,2.29024,2.2897600000000002,2.29022,165,24,0
2026-08-20T09:45:00Z,1787219100,2.29025,2.29044,2.2901,2.29021,170,24,0
2026-08-20T09:50:00Z,1787219400,2.2902,2.29036,2.28974,2.2897600000000002,180,24,0
2026-08-20T09:55:00Z,1787219700,2.2897600000000002,2.29002,2.28954,2.28987,203,24,0
2026-08-20T10:00:00Z,1787220000,2.28992,2.29012,2.28942,2.28979,210,24,0
2026-08-20T10:05:00Z,1787220300,2.28978,2.28981,2.28898,2.28948,158,24,0
2026-08-20T10:10:00Z,1787220600,2.28952,2.29038,2.28952,2.28998,265,24,0
2026-08-20T10:15:00Z,1787220900,2.29,2.2902,2.2898,2.29002,186,24,0
2026-08-20T10:20:00Z,1787221200,2.29002,2.29066,2.28984,2.29063,193,24,0
2026-08-20T10:25:00Z,1787221500,2.29062,2.29068,2.28993,2.28995,194,24,0
2026-08-20T10:30:00Z,1787221800,2.28995,2.29061,2.2899,2.29024,186,24,0
2026-08-20T10:35:00Z,1787222100,2.29022,2.29022,2.2894,2.28988,244,24,0
2026-08-20T10:40:00Z,1787222400,2.28992,2.29008,2.28972,2.2899,213,24,0
2026-08-20T10:45:00Z,1787222700,2.28986,2.29041,2.2898,2.29041,190,24,0
2026-08-20T10:50:00Z,1787223000,2.29045,2.29069,2.29021,2.29027,203,24,0
2026-08-20T10:55:00Z,1787223300,2.2903000000000002,2.29197,2.29017,2.29095,240,24,0
2026-08-20T11:00:00Z,1787223600,2.29092,2.29096,2.29003,2.29035,247,24,0
2026-08-20T11:05:00Z,1787223900,2.29036,2.29105,2.2901,2.29071,250,24,0
2026-08-20T11:10:00Z,1787224200,2.29072,2.29128,2.29068,2.29115,215,24,0
2026-08-20T11:15:00Z,1787224500,2.29114,2.2915,2.29086,2.29119,181,24,0
2026-08-20T11:20:00Z,1787224800,2.29117,2.29122,2.29077,2.29089,201,24,0
2026-08-20T11:25:00Z,1787225100,2.29093,2.29143,2.2905699999999998,2.29143,192,24,0
2026-08-20T11:30:00Z,1787225400,2.29141,2.2915,2.29102,2.29128,206,24,0
2026-08-20T11:35:00Z,1787225700,2.29124,2.29143,2.29079,2.29089,204,24,0
2026-08-20T11:40:00Z,1787226000,2.2909,2.29135,2.2907,2.29125,241,24,0
2026-08-20T11:45:00Z,1787226300,2.29126,2.29192,2.29116,2.2918,345,24,0
2026-08-20T11:50:00Z,1787226600,2.2918,2.29272,2.29151,2.29242,282,24,0
2026-08-20T11:55:00Z,1787226900,2.29244,2.29259,2.292,2.29244,246,24,0
2026-08-20T12:00:00Z,1787227200,2.29241,2.29272,2.29206,2.29228,314,24,0
2026-08-20T12:05:00Z,1787227500,2.29229,2.29336,2.29223,2.29287,391,24,0
2026-08-20T12:10:00Z,1787227800,2.29285,2.29316,2.2921,2.29235,367,24,0
2026-08-20T12:15:00Z,1787228100,2.29234,2.29324,2.29234,2.29311,272,24,0
2026-08-20T12:20:00Z,1787228400,2.29315,2.29315,2.2922000000000002,2.29226,259,24,0
2026-08-20T12:25:00Z,1787228700,2.29229,2.29235,2.29145,2.29196,274,24,0
2026-08-20T12:30:00Z,1787229000,2.29182,2.29264,2.29131,2.29181,307,24,0
2026-08-20T12:35:00Z,1787229300,2.29177,2.29195,2.29135,2.29142,297,24,0
2026-08-20T12:40:00Z,1787229600,2.29142,2.29153,2.29113,2.29136,269,24,0
2026-08-20T12:45:00Z,1787229900,2.29136,2.29168,2.29113,2.29116,264,24,0
2026-08-20T12:50:00Z,1787230200,2.2911799999999998,2.29178,2.29103,2.29163,265,24,0
2026-08-20T12:55:00Z,1787230500,2.29161,2.29203,2.29136,2.29136,251,24,0
2026-08-20T13:00:00Z,1787230800,2.29133,2.29142,2.2904,2.29074,327,24,0
2026-08-20T13:05:00Z,1787231100,2.2907,2.29134,2.29056,2.29125,321,24,0
2026-08-20T13:10:00Z,1787231400,2.29127,2.29134,2.29089,2.29105,263,24,0
2026-08-20T13:15:00Z,1787231700,2.29103,2.29114,2.29058,2.29065,267,24,0
2026-08-20T13:20:00Z,1787232000,2.29065,2.29078,2.28982,2.28995,232,24,0
2026-08-20T13:25:00Z,1787232300,2.2899599999999998,2.29006,2.28967,2.28982,254,24,0
2026-08-20T13:30:00Z,1787232600,2.28978,2.29003,2.28942,2.2899599999999998,399,24,0
2026-08-20T13:35:00Z,1787232900,2.28995,2.29012,2.28948,2.28982,432,24,0
2026-08-20T13:40:00Z,1787233200,2.28986,2.29021,2.2896,2.2899,316,24,0
2026-08-20T13:45:00Z,1787233500,2.2898899999999998,2.29093,2.28985,2.2909100000000002,313,24,0
2026-08-20T13:50:00Z,1787233800,2.29092,2.29109,2.29023,2.2903000000000002,307,24,0
2026-08-20T13:55:00Z,1787234100,2.29031,2.2911,2.29008,2.29055,275,24,0
2026-08-20T14:00:00Z,1787234400,2.29055,2.29184,2.29014,2.29184,346,24,0
2026-08-20T14:05:00Z,1787234700,2.2918,2.29193,2.29092,2.29108,333,24,0
2026-08-20T14:10:00Z,1787235000,2.29105,2.29108,2.29003,2.29065,292,24,0
2026-08-20T14:15:00Z,1787235300,2.29065,2.29126,2.29056,2.29104,314,24,0
2026-08-20T14:20:00Z,1787235600,2.29104,2.29104,2.29033,2.29086,323,24,0
2026-08-20T14:25:00Z,1787235900,2.29082,2.29136,2.29056,2.29079,298,24,0
2026-08-20T14:30:00Z,1787236200,2.29075,2.29103,2.29027,2.29064,281,24,0
2026-08-20T14:35:00Z,1787236500,2.29067,2.29093,2.28962,2.28982,320,24,0
2026-08-20T14:40:00Z,1787236800,2.28978,2.28994,2.28917,2.28961,319,24,0
2026-08-20T14:45:00Z,1787237100,2.28965,2.29,2.28929,2.28971,333,24,0
2026-08-20T14:50:00Z,1787237400,2.2897,2.29019,2.28957,2.29007,332,24,0
2026-08-20T14:55:00Z,1787237700,2.29003,2.29094,2.28973,2.29076,367,24,0
2026-08-20T15:00:00Z,1787238000,2.29079,2.29097,2.28911,2.28972,953,24,0
2026-08-20T15:05:00Z,1787238300,2.28968,2.29135,2.28964,2.2911099999999998,528,24,0
2026-08-20T15:10:00Z,1787238600,2.29115,2.29166,2.29097,2.29128,349,24,0
2026-08-20T15:15:00Z,1787238900,2.29125,2.2916,2.29074,2.29148,407,24,0
2026-08-20T15:20:00Z,1787239200,2.29145,2.2916,2.29112,2.2913,499,24,0
2026-08-20T15:25:00Z,1787239500,2.29127,2.29173,2.29093,2.29139,364,24,0
2026-08-20T15:30:00Z,1787239800,2.29135,2.29216,2.29123,2.29212,365,24,0
2026-08-20T15:35:00Z,1787240100,2.29216,2.29261,2.29204,2.29245,320,24,0
2026-08-20T15:40:00Z,1787240400,2.29244,2.29425,2.29224,2.2940300000000002,426,24,0
2026-08-20T15:45:00Z,1787240700,2.29407,2.29424,2.2935,2.29368,380,24,0
2026-08-20T15:50:00Z,1787241000,2.29372,2.29387,2.29326,2.29351,288,24,0
2026-08-20T15:55:00Z,1787241300,2.29347,2.29359,2.29279,2.29279,245,24,0
2026-08-20T16:00:00Z,1787241600,2.2928100000000002,2.29282,2.29244,2.2928,317,24,0
2026-08-20T16:05:00Z,1787241900,2.2928,2.29324,2.29278,2.29313,258,24,0
2026-08-20T16:10:00Z,1787242200,2.29311,2.29359,2.2930099999999998,2.2934200000000002,238,24,0
2026-08-20T16:15:00Z,1787242500,2.29343,2.29359,2.29313,2.29326,216,24,0
2026-08-20T16:20:00Z,1787242800,2.29329,2.29357,2.29292,2.29307,202,24,0
2026-08-20T16:25:00Z,1787243100,2.29307,2.29374,2.29303,2.29341,215,24,0
2026-08-20T16:30:00Z,1787243400,2.2934,2.29374,2.29293,2.2929399999999998,237,24,0
2026-08-20T16:35:00Z,1787243700,2.2929399999999998,2.29314,2.29269,2.29273,217,24,0
2026-08-20T16:40:00Z,1787244000,2.2927400000000002,2.29322,2.29272,2.29316,198,24,0
2026-08-20T16:45:00Z,1787244300,2.29315,2.29393,2.29292,2.29374,226,24,0
2026-08-20T16:50:00Z,1787244600,2.2937,2.29448,2.29366,2.29435,179,24,0
2026-08-20T16:55:00Z,1787244900,2.29434,2.2944,2.29389,2.29391,224,24,0
2026-08-20T17:00:00Z,1787245200,2.29388,2.29408,2.29359,2.29375,222,24,0
2026-08-20T17:05:00Z,1787245500,2.29375,2.29412,2.2936199999999998,2.29397,215,24,0
2026-08-20T17:10:00Z,1787245800,2.29398,2.294,2.29353,2.29353,180,24,0
2026-08-20T17:15:00Z,1787246100,2.29353,2.29366,2.29339,2.2935499999999998,150,24,0
2026-08-20T17:20:00Z,1787246400,2.2935499999999998,2.29359,2.2932,2.29341,155,24,0
2026-08-20T17:25:00Z,1787246700,2.29341,2.2935,2.29328,2.29345,127,24,0
2026-08-20T17:30:00Z,1787247000,2.29344,2.29348,2.29312,2.2933,142,24,0
2026-08-20T17:35:00Z,1787247300,2.29332,2.29359,2.29325,2.29359,138,24,0
2026-08-20T17:40:00Z,1787247600,2.29357,2.29363,2.29335,2.29336,112,24,0
2026-08-20T17:45:00Z,1787247900,2.29335,2.29348,2.29313,2.29327,142,24,0
2026-08-20T17:50:00Z,1787248200,2.29329,2.29334,2.29308,2.29315,127,24,0
2026-08-20T17:55:00Z,1787248500,2.29315,2.29336,2.29307,2.29334,120,24,0
2026-08-20T18:00:00Z,1787248800,2.29331,2.29358,2.29328,2.29339,141,24,0
2026-08-20T18:05:00Z,1787249100,2.29339,2.29371,2.29322,2.29367,158,24,0
2026-08-20T18:10:00Z,1787249400,2.29367,2.29401,2.29367,2.29389,176,24,0
2026-08-20T18:15:00Z,1787249700,2.2939,2.29422,2.29378,2.29385,155,24,0
2026-08-20T18:20:00Z,1787250000,2.2939,2.29414,2.29375,2.29409,129,24,0
2026-08-20T18:25:00Z,1787250300,2.2941,2.2943,2.294,2.29413,144,24,0
2026-08-20T18:30:00Z,1787250600,2.29412,2.29414,2.29392,2.29398,123,24,0
2026-08-20T18:35:00Z,1787250900,2.29398,2.29399,2.29352,2.29364,132,24,0
2026-08-20T18:40:00Z,1787251200,2.29364,2.29392,2.29352,2.29391,143,24,0
2026-08-20T18:45:00Z,1787251500,2.29391,2.29418,2.29384,2.2941,111,24,0
2026-08-20T18:50:00Z,1787251800,2.29414,2.29414,2.29363,2.29378,135,24,0
2026-08-20T18:55:00Z,1787252100,2.29376,2.29405,2.29363,2.29364,187,24,0
2026-08-20T19:00:00Z,1787252400,2.29364,2.29384,2.29345,2.2936199999999998,200,24,0
2026-08-20T19:05:00Z,1787252700,2.29359,2.29384,2.2935,2.29384,140,24,0
2026-08-20T19:10:00Z,1787253000,2.29385,2.29392,2.29369,2.29377,143,24,0
2026-08-20T19:15:00Z,1787253300,2.29375,2.29375,2.29348,2.29369,148,24,0
2026-08-20T19:20:00Z,1787253600,2.2937,2.2939,2.29354,2.29359,132,24,0
2026-08-20T19:25:00Z,1787253900,2.2936,2.29378,2.29344,2.29369,111,24,0
2026-08-20T19:30:00Z,1787254200,2.29372,2.29372,2.29343,2.29359,150,24,0
2026-08-20T19:35:00Z,1787254500,2.29359,2.29371,2.29338,2.29339,140,24,0
2026-08-20T19:40:00Z,1787254800,2.29337,2.29358,2.29337,2.29358,114,24,0
2026-08-20T19:45:00Z,1787255100,2.29354,2.29364,2.29344,2.29348,139,24,0
2026-08-20T19:50:00Z,1787255400,2.29352,2.29359,2.29333,2.29334,142,24,0
2026-08-20T19:55:00Z,1787255700,2.29332,2.2935499999999998,2.29324,2.29327,192,24,0
2026-08-20T20:00:00Z,1787256000,2.29327,2.29352,2.29314,2.2935,101,24,0
2026-08-20T20:05:00Z,1787256300,2.2935,2.29351,2.29329,2.29335,73,24,0
2026-08-20T20:10:00Z,1787256600,2.29335,2.29343,2.29316,2.29333,79,24,0
2026-08-20T20:15:00Z,1787256900,2.29332,2.29352,2.29329,2.29334,70,24,0
2026-08-20T20:20:00Z,1787257200,2.29335,2.29337,2.29322,2.29327,75,24,0
2026-08-20T20:25:00Z,1787257500,2.29328,2.29345,2.29322,2.29345,71,24,0
2026-08-20T20:30:00Z,1787257800,2.29345,2.29348,2.29334,2.29338,50,24,0
2026-08-20T20:35:00Z,1787258100,2.29339,2.29349,2.29326,2.29327,39,24,0
2026-08-20T20:40:00Z,1787258400,2.29327,2.2936,2.2932,2.29348,57,24,0
2026-08-20T20:45:00Z,1787258700,2.29347,2.2936,2.29316,2.29317,77,24,0
2026-08-20T20:50:00Z,1787259000,2.29317,2.29325,2.29315,2.29325,33,24,0
2026-08-20T20:55:00Z,1787259300,2.29321,2.29323,2.2931,2.29317,41,24,0
2026-08-20T21:05:00Z,1787259900,2.29314,2.29314,2.29314,2.29314,1,34,0
2026-08-20T21:10:00Z,1787260200,2.29311,2.29311,2.29289,2.2929399999999998,14,39,0
2026-08-20T21:15:00Z,1787260500,2.29291,2.29291,2.29285,2.2929,12,78,0
2026-08-20T21:20:00Z,1787260800,2.29291,2.29292,2.29275,2.29275,9,95,0
2026-08-20T21:25:00Z,1787261100,2.29276,2.29276,2.29267,2.29267,9,134,0
2026-08-20T21:30:00Z,1787261400,2.29268,2.29277,2.29261,2.29264,84,134,0
2026-08-20T21:35:00Z,1787261700,2.29264,2.29282,2.2926,2.2928100000000002,63,146,0
2026-08-20T21:40:00Z,1787262000,2.29278,2.29286,2.29269,2.29279,98,137,0
2026-08-20T21:45:00Z,1787262300,2.29277,2.2928,2.29236,2.29249,115,162,0
2026-08-20T21:50:00Z,1787262600,2.29249,2.29254,2.29234,2.29239,112,255,0
2026-08-20T21:55:00Z,1787262900,2.29242,2.29293,2.29241,2.29291,107,154,0
2026-08-20T22:00:00Z,1787263200,2.29298,2.29343,2.29287,2.29319,89,54,0
2026-08-20T22:05:00Z,1787263500,2.29319,2.29325,2.29302,2.29317,40,58,0
2026-08-20T22:10:00Z,1787263800,2.29316,2.29353,2.29316,2.29331,48,58,0
2026-08-20T22:15:00Z,1787264100,2.29331,2.29339,2.29296,2.29296,55,58,0
2026-08-20T22:20:00Z,1787264400,2.29295,2.29318,2.2929399999999998,2.29317,30,58,0
2026-08-20T22:25:00Z,1787264700,2.29317,2.29332,2.2931,2.29317,51,58,0
2026-08-20T22:30:00Z,1787265000,2.29317,2.29319,2.29277,2.2929,52,58,0
2026-08-20T22:35:00Z,1787265300,2.2929,2.29313,2.2929,2.29311,23,58,0
2026-08-20T22:40:00Z,1787265600,2.29311,2.29319,2.29308,2.29319,24,58,0
2026-08-20T22:45:00Z,1787265900,2.29314,2.29314,2.29298,2.2930099999999998,28,58,0
2026-08-20T22:50:00Z,1787266200,2.2930099999999998,2.29315,2.29283,2.29283,39,58,0
2026-08-20T22:55:00Z,1787266500,2.29283,2.29283,2.29269,2.29271,36,58,0
2026-08-20T23:00:00Z,1787266800,2.29287,2.29292,2.29259,2.29272,94,24,0
2026-08-20T23:05:00Z,1787267100,2.2927400000000002,2.2929399999999998,2.29271,2.29288,62,24,0
2026-08-20T23:10:00Z,1787267400,2.29287,2.29325,2.29268,2.29309,88,24,0
2026-08-20T23:15:00Z,1787267700,2.29308,2.29311,2.293,2.29303,73,24,0
2026-08-20T23:20:00Z,1787268000,2.29308,2.29319,2.29275,2.2928,58,24,0
2026-08-20T23:25:00Z,1787268300,2.29278,2.29296,2.2926,2.2926,55,24,0
2026-08-20T23:30:00Z,1787268600,2.29262,2.2927400000000002,2.2923299999999998,2.29237,67,24,0
2026-08-20T23:35:00Z,1787268900,2.29237,2.29249,2.29225,2.29234,68,24,0
2026-08-20T23:40:00Z,1787269200,2.29234,2.29244,2.29223,2.29223,73,24,0
2026-08-20T23:45:00Z,1787269500,2.29223,2.29231,2.29215,2.2922000000000002,89,24,0
2026-08-20T23:50:00Z,1787269800,2.29219,2.29224,2.29182,2.29204,113,24,0
2026-08-20T23:55:00Z,1787270100,2.29204,2.2921300000000002,2.29141,2.29167,140,24,0
2026-08-21T00:00:00Z,1787270400,2.29167,2.29178,2.29096,2.29178,190,24,0
2026-08-21T00:05:00Z,1787270700,2.2917899999999998,2.29185,2.29076,2.2908,188,24,0
2026-08-21T00:10:00Z,1787271000,2.29084,2.29109,2.2904,2.29086,174,24,0
2026-08-21T00:15:00Z,1787271300,2.29085,2.29114,2.29022,2.29022,163,24,0
2026-08-21T00:20:00Z,1787271600,2.29022,2.29035,2.28998,2.29024,137,24,0
2026-08-21T00:25:00Z,1787271900,2.29028,2.29045,2.28997,2.28999,166,24,0
2026-08-21T00:30:00Z,1787272200,2.28998,2.29039,2.2896,2.28977,191,24,0
2026-08-21T00:35:00Z,1787272500,2.28979,2.28979,2.2893499999999998,2.28956,160,24,0
2026-08-21T00:40:00Z,1787272800,2.28956,2.29003,2.28948,2.28983,143,24,0
2026-08-21T00:45:00Z,1787273100,2.28983,2.28984,2.2892,2.28929,128,24,0
2026-08-21T00:50:00Z,1787273400,2.28929,2.28958,2.28912,2.28942,188,24,0
2026-08-21T00:55:00Z,1787273700,2.28946,2.28974,2.28944,2.28966,190,24,0
2026-08-21T01:00:00Z,1787274000,2.28966,2.28991,2.28925,2.28977,236,24,0
2026-08-21T01:05:00Z,1787274300,2.28974,2.28979,2.28938,2.28959,176,24,0
2026-08-21T01:10:00Z,1787274600,2.28957,2.28968,2.28866,2.2887399999999998,209,24,0
2026-08-21T01:15:00Z,1787274900,2.28875,2.28911,2.28831,2.28832,195,24,0
2026-08-21T01:20:00Z,1787275200,2.28835,2.28856,2.28817,2.28843,182,24,0
2026-08-21T01:25:00Z,1787275500,2.28842,2.28843,2.2874,2.2878600000000002,200,24,0
2026-08-21T01:30:00Z,1787275800,2.28787,2.28817,2.28709,2.28719,220,24,0
2026-08-21T01:35:00Z,1787276100,2.28721,2.28777,2.28714,2.28738,218,24,0
2026-08-21T01:40:00Z,1787276400,2.28738,2.28768,2.28717,2.28731,225,24,0
2026-08-21T01:45:00Z,1787276700,2.28727,2.28727,2.28653,2.28669,187,24,0
2026-08-21T01:50:00Z,1787277000,2.28669,2.28709,2.2866400000000002,2.28666,160,24,0
2026-08-21T01:55:00Z,1787277300,2.28666,2.28667,2.28628,2.2864,154,24,0
2026-08-21T02:00:00Z,1787277600,2.28641,2.28641,2.28599,2.28615,181,24,0
2026-08-21T02:05:00Z,1787277900,2.28615,2.28631,2.28535,2.28554,179,24,0
2026-08-21T02:10:00Z,1787278200,2.28554,2.28594,2.28553,2.28582,153,24,0
2026-08-21T02:15:00Z,1787278500,2.28579,2.28602,2.28554,2.28585,128,24,0
2026-08-21T02:20:00Z,1787278800,2.28582,2.28582,2.28513,2.28525,197,24,0
2026-08-21T02:25:00Z,1787279100,2.28523,2.28527,2.285,2.28522,120,24,0
2026-08-21T02:30:00Z,1787279400,2.28523,2.28566,2.28494,2.28553,162,24,0
2026-08-21T02:35:00Z,1787279700,2.28553,2.2857,2.28533,2.2854900000000002,123,24,0
2026-08-21T02:40:00Z,1787280000,2.28548,2.28607,2.2854200000000002,2.28599,126,24,0
2026-08-21T02:45:00Z,1787280300,2.286,2.28639,2.28592,2.28629,109,24,0
2026-08-21T02:50:00Z,1787280600,2.2862999999999998,2.28637,2.28579,2.28581,180,24,0
2026-08-21T02:55:00Z,1787280900,2.28579,2.28639,2.28572,2.28616,145,24,0
2026-08-21T03:00:00Z,1787281200,2.28617,2.28644,2.28607,2.28635,135,24,0
2026-08-21T03:05:00Z,1787281500,2.28632,2.28667,2.28629,2.28667,130,24,0
2026-08-21T03:10:00Z,1787281800,2.2867,2.28718,2.28646,2.28714,117,24,0
2026-08-21T03:15:00Z,1787282100,2.28713,2.28718,2.28646,2.28646,124,24,0
2026-08-21T03:20:00Z,1787282400,2.28646,2.28715,2.28646,2.28715,121,24,0
2026-08-21T03:25:00Z,1787282700,2.28715,2.2872500000000002,2.28696,2.2871,123,24,0
2026-08-21T03:30:00Z,1787283000,2.2871,2.28711,2.28672,2.28682,105,24,0
2026-08-21T03:35:00Z,1787283300,2.28682,2.28703,2.2866,2.28677,116,24,0
2026-08-21T03:40:00Z,1787283600,2.28678,2.28688,2.28601,2.2860300000000002,110,24,0
2026-08-21T03:45:00Z,1787283900,2.28601,2.2861000000000002,2.28583,2.28599,115,24,0
2026-08-21T03:50:00Z,1787284200,2.2860300000000002,2.28616,2.28585,2.28594,116,24,0
2026-08-21T03:55:00Z,1787284500,2.28595,2.28599,2.28575,2.2858,88,24,0
2026-08-21T04:00:00Z,1787284800,2.2858,2.28598,2.28543,2.28559,96,24,0
2026-08-21T04:05:00Z,1787285100,2.2856,2.2859,2.28558,2.28566,84,24,0
2026-08-21T04:10:00Z,1787285400,2.28567,2.28589,2.28544,2.28584,117,24,0
2026-08-21T04:15:00Z,1787285700,2.28582,2.28599,2.28543,2.28543,95,24,0
2026-08-21T04:20:00Z,1787286000,2.28543,2.2856199999999998,2.2854,2.2856199999999998,85,24,0
2026-08-21T04:25:00Z,1787286300,2.2856199999999998,2.2856899999999998,2.28554,2.28565,83,24,0
2026-08-21T04:30:00Z,1787286600,2.28563,2.286,2.28563,2.28575,100,24,0
2026-08-21T04:35:00Z,1787286900,2.28574,2.2859,2.2857,2.28589,73,24,0
2026-08-21T04:40:00Z,1787287200,2.28588,2.28592,2.28565,2.28567,93,24,0
2026-08-21T04:45:00Z,1787287500,2.28567,2.28588,2.28557,2.28557,110,24,0
2026-08-21T04:50:00Z,1787287800,2.28559,2.28642,2.28539,2.28641,147,24,0
2026-08-21T04:55:00Z,1787288100,2.28643,2.28647,2.28622,2.28636,84,24,0
2026-08-21T05:00:00Z,1787288400,2.28635,2.28662,2.28628,2.2865,109,24,0
2026-08-21T05:05:00Z,1787288700,2.28649,2.28718,2.28647,2.28706,65,24,0
2026-08-21T05:10:00Z,1787289000,2.28705,2.28711,2.2868,2.287,95,24,0
2026-08-21T05:15:00Z,1787289300,2.28701,2.28708,2.28675,2.28698,94,24,0
2026-08-21T05:20:00Z,1787289600,2.28698,2.28723,2.28696,2.28721,99,24,0
2026-08-21T05:25:00Z,1787289900,2.28721,2.28722,2.28687,2.2869099999999998,80,24,0
2026-08-21T05:30:00Z,1787290200,2.2869,2.28705,2.28654,2.28676,129,24,0
2026-08-21T05:35:00Z,1787290500,2.28676,2.28685,2.28652,2.28683,110,24,0
2026-08-21T05:40:00Z,1787290800,2.28679,2.28683,2.2866,2.28661,136,24,0
2026-08-21T05:45:00Z,1787291100,2.28661,2.2869,2.28653,2.2866400000000002,160,24,0
2026-08-21T05:50:00Z,1787291400,2.28663,2.28674,2.28628,2.28641,191,24,0
2026-08-21T05:55:00Z,1787291700,2.28637,2.2865,2.28573,2.28624,185,24,0
2026-08-21T06:00:00Z,1787292000,2.28615,2.28621,2.2856,2.28566,205,24,0
2026-08-21T06:05:00Z,1787292300,2.28563,2.28593,2.28527,2.28533,173,24,0
2026-08-21T06:10:00Z,1787292600,2.28533,2.28559,2.28509,2.28513,146,24,0
2026-08-21T06:15:00Z,1787292900,2.28512,2.28557,2.28504,2.28552,165,24,0
2026-08-21T06:20:00Z,1787293200,2.28552,2.28582,2.28544,2.28571,172,24,0
2026-08-21T06:25:00Z,1787293500,2.28575,2.2858,2.28529,2.28563,187,24,0
2026-08-21T06:30:00Z,1787293800,2.28564,2.28578,2.285,2.28502,190,24,0
2026-08-21T06:35:00Z,1787294100,2.28502,2.28568,2.28502,2.28568,183,24,0
2026-08-21T06:40:00Z,1787294400,2.28564,2.28602,2.28551,2.28579,168,24,0
2026-08-21T06:45:00Z,1787294700,2.28578,2.28605,2.28571,2.28579,173,24,0
2026-08-21T06:50:00Z,1787295000,2.28575,2.28619,2.28575,2.28595,167,24,0
2026-08-21T06:55:00Z,1787295300,2.28591,2.28622,2.28591,2.28617,176,24,0
2026-08-21T07:00:00Z,1787295600,2.28621,2.28625,2.28564,2.28614,224,24,0
2026-08-21T07:05:00Z,1787295900,2.28617,2.28681,2.28602,2.28665,201,24,0
2026-08-21T07:10:00Z,1787296200,2.28665,2.28702,2.28656,2.28679,183,24,0
2026-08-21T07:15:00Z,1787296500,2.28679,2.28715,2.28665,2.28686,242,24,0
2026-08-21T07:20:00Z,1787296800,2.28685,2.28699,2.28629,2.2862999999999998,212,24,0
2026-08-21T07:25:00Z,1787297100,2.28628,2.28659,2.28607,2.28649,185,24,0
2026-08-21T07:30:00Z,1787297400,2.28653,2.28662,2.28613,2.28635,240,24,0
2026-08-21T07:35:00Z,1787297700,2.28635,2.2864,2.28567,2.2858,194,24,0
2026-08-21T07:40:00Z,1787298000,2.28576,2.28716,2.28571,2.28621,293,24,0
2026-08-21T07:45:00Z,1787298300,2.28624,2.28624,2.28527,2.28548,247,24,0
2026-08-21T07:50:00Z,1787298600,2.28548,2.28564,2.28514,2.28556,229,24,0
2026-08-21T07:55:00Z,1787298900,2.28558,2.28576,2.28537,2.28576,227,24,0
2026-08-21T08:00:00Z,1787299200,2.28572,2.28621,2.28571,2.28621,208,24,0
2026-08-21T08:05:00Z,1787299500,2.2862299999999998,2.28656,2.28609,2.2862999999999998,234,24,0
2026-08-21T08:10:00Z,1787299800,2.28629,2.28633,2.28565,2.2856899999999998,204,24,0
2026-08-21T08:15:00Z,1787300100,2.28568,2.28575,2.28418,2.28425,234,24,0
2026-08-21T08:20:00Z,1787300400,2.28429,2.28455,2.28405,2.2843999999999998,214,24,0
2026-08-21T08:25:00Z,1787300700,2.28442,2.28442,2.28378,2.28391,264,24,0
2026-08-21T08:30:00Z,1787301000,2.28395,2.28472,2.28386,2.28461,265,24,0
2026-08-21T08:35:00Z,1787301300,2.28464,2.28464,2.28412,2.28419,225,24,0
2026-08-21T08:40:00Z,1787301600,2.28419,2.28455,2.28387,2.28414,230,24,0
2026-08-21T08:45:00Z,1787301900,2.28414,2.28512,2.28397,2.28512,212,24,0
2026-08-21T08:50:00Z,1787302200,2.28511,2.28554,2.28506,2.28516,216,24,0
2026-08-21T08:55:00Z,1787302500,2.28512,2.28552,2.28494,2.28539,235,24,0
2026-08-21T09:00:00Z,1787302800,2.28539,2.28606,2.28519,2.28588,263,24,0
2026-08-21T09:05:00Z,1787303100,2.28585,2.28613,2.28536,2.28538,319,24,0
2026-08-21T09:10:00Z,1787303400,2.28534,2.2857,2.28479,2.28493,277,24,0
2026-08-21T09:15:00Z,1787303700,2.2849,2.28556,2.2848100000000002,2.28538,188,24,0
2026-08-21T09:20:00Z,1787304000,2.28541,2.28554,2.2849,2.28552,200,24,0
2026-08-21T09:25:00Z,1787304300,2.28552,2.28628,2.28544,2.28561,265,24,0
2026-08-21T09:30:00Z,1787304600,2.28561,2.2856199999999998,2.285,2.28509,211,24,0
2026-08-21T09:35:00Z,1787304900,2.28508,2.28508,2.28442,2.2846,208,24,0
2026-08-21T09:40:00Z,1787305200,2.28459,2.28491,2.28451,2.28456,158,24,0
2026-08-21T09:45:00Z,1787305500,2.28454,2.28489,2.28449,2.28455,176,24,0
2026-08-21T09:50:00Z,1787305800,2.28456,2.28464,2.28399,2.28407,161,24,0
2026-08-21T09:55:00Z,1787306100,2.28406,2.28441,2.28395,2.28433,172,24,0
2026-08-21T10:00:00Z,1787306400,2.28429,2.2843,2.28389,2.28418,207,24,0
2026-08-21T10:05:00Z,1787306700,2.28414,2.28443,2.28392,2.2843999999999998,183,24,0
2026-08-21T10:10:00Z,1787307000,2.2843999999999998,2.2845,2.28412,2.28412,181,24,0
2026-08-21T10:15:00Z,1787307300,2.28414,2.28443,2.28414,2.28443,191,24,0
2026-08-21T10:20:00Z,1787307600,2.28444,2.28454,2.28426,2.28447,138,24,0
2026-08-21T10:25:00Z,1787307900,2.28443,2.28463,2.28376,2.28376,164,24,0
2026-08-21T10:30:00Z,1787308200,2.2838,2.2838,2.28304,2.28336,199,24,0
2026-08-21T10:35:00Z,1787308500,2.28338,2.2842000000000002,2.28337,2.28416,157,24,0
2026-08-21T10:40:00Z,1787308800,2.28417,2.28422,2.2836,2.2838,161,24,0
2026-08-21T10:45:00Z,1787309100,2.28376,2.2838,2.28342,2.28362,151,24,0
2026-08-21T10:50:00Z,1787309400,2.28362,2.2843999999999998,2.28362,2.28378,246,24,0
2026-08-21T10:55:00Z,1787309700,2.28378,2.28385,2.28278,2.28308,277,24,0
2026-08-21T11:00:00Z,1787310000,2.2830500000000002,2.28357,2.28304,2.28335,196,24,0
2026-08-21T11:05:00Z,1787310300,2.28331,2.28388,2.28331,2.28387,189,24,0
2026-08-21T11:10:00Z,1787310600,2.2839,2.28406,2.28365,2.28392,174,24,0
2026-08-21T11:15:00Z,1787310900,2.28392,2.28418,2.28369,2.28381,183,24,0
2026-08-21T11:20:00Z,1787311200,2.28382,2.28392,2.28334,2.28356,328,24,0
2026-08-21T11:25:00Z,1787311500,2.28358,2.28375,2.28269,2.28283,298,24,0
2026-08-21T11:30:00Z,1787311800,2.28286,2.28343,2.28266,2.28319,302,24,0
2026-08-21T11:35:00Z,1787312100,2.2832,2.2832,2.28224,2.28262,293,24,0
2026-08-21T11:40:00Z,1787312400,2.28262,2.2828,2.2824,2.28264,203,24,0
2026-08-21T11:45:00Z,1787312700,2.28263,2.28293,2.28256,2.28261,180,24,0
2026-08-21T11:50:00Z,1787313000,2.28259,2.28281,2.28224,2.28275,209,24,0
2026-08-21T11:55:00Z,1787313300,2.28276,2.28278,2.28228,2.28243,257,24,0
2026-08-21T12:00:00Z,1787313600,2.28246,2.28251,2.28102,2.28109,308,24,0
2026-08-21T12:05:00Z,1787313900,2.2811,2.28126,2.28082,2.28082,245,24,0
2026-08-21T12:10:00Z,1787314200,2.28082,2.28129,2.28078,2.28091,204,24,0
2026-08-21T12:15:00Z,1787314500,2.28095,2.28159,2.28095,2.28155,245,24,0
2026-08-21T12:20:00Z,1787314800,2.28155,2.28167,2.28111,2.28123,270,24,0
2026-08-21T12:25:00Z,1787315100,2.28119,2.28119,2.28011,2.28026,199,24,0
2026-08-21T12:30:00Z,1787315400,2.28025,2.28126,2.28023,2.28099,248,24,0
2026-08-21T12:35:00Z,1787315700,2.28099,2.28119,2.28026,2.28071,329,24,0
2026-08-21T12:40:00Z,1787316000,2.28075,2.28097,2.28047,2.2806100000000002,318,24,0
2026-08-21T12:45:00Z,1787316300,2.2806100000000002,2.28084,2.2802,2.28056,228,24,0
2026-08-21T12:50:00Z,1787316600,2.2806,2.28098,2.28039,2.28084,210,24,0
2026-08-21T12:55:00Z,1787316900,2.2808,2.28086,2.28035,2.28037,226,24,0
2026-08-21T13:00:00Z,1787317200,2.28037,2.28098,2.28027,2.28077,295,24,0
2026-08-21T13:05:00Z,1787317500,2.28076,2.28109,2.2805400000000002,2.28102,272,24,0
2026-08-21T13:10:00Z,1787317800,2.28101,2.28101,2.28028,2.28032,259,24,0
2026-08-21T13:15:00Z,1787318100,2.28035,2.28101,2.28027,2.28093,264,24,0
2026-08-21T13:20:00Z,1787318400,2.28091,2.28113,2.2808,2.28109,225,24,0
2026-08-21T13:25:00Z,1787318700,2.28106,2.28106,2.28037,2.28066,264,24,0
2026-08-21T13:30:00Z,1787319000,2.2806699999999998,2.2818300000000002,2.28043,2.28175,345,24,0
2026-08-21T13:35:00Z,1787319300,2.28175,2.28175,2.28034,2.28057,304,24,0
2026-08-21T13:40:00Z,1787319600,2.28057,2.28126,2.28057,2.28086,305,24,0
2026-08-21T13:45:00Z,1787319900,2.28096,2.2813499999999998,2.28064,2.28096,297,24,0
2026-08-21T13:50:00Z,1787320200,2.28096,2.28101,2.28031,2.2807399999999998,262,24,0
2026-08-21T13:55:00Z,1787320500,2.2807,2.28086,2.27987,2.28055,268,24,0
2026-08-21T14:00:00Z,1787320800,2.28051,2.28151,2.28051,2.2812799999999998,318,24,0
2026-08-21T14:05:00Z,1787321100,2.28129,2.28143,2.28083,2.28114,281,24,0
2026-08-21T14:10:00Z,1787321400,2.28113,2.28142,2.28086,2.2812,249,24,0
2026-08-21T14:15:00Z,1787321700,2.2812,2.28162,2.2811500000000002,2.28156,183,24,0
2026-08-21T14:20:00Z,1787322000,2.28153,2.28168,2.28119,2.28137,229,24,0
2026-08-21T14:25:00Z,1787322300,2.28137,2.28139,2.28069,2.28084,240,24,0
2026-08-21T14:30:00Z,1787322600,2.28085,2.28137,2.28033,2.28134,383,24,0
2026-08-21T14:35:00Z,1787322900,2.28129,2.28181,2.2811500000000002,2.28143,358,24,0
2026-08-21T14:40:00Z,1787323200,2.28147,2.2821,2.28131,2.28195,316,24,0
2026-08-21T14:45:00Z,1787323500,2.28197,2.28256,2.28194,2.28199,318,24,0
2026-08-21T14:50:00Z,1787323800,2.28197,2.28234,2.28153,2.28158,343,24,0
2026-08-21T14:55:00Z,1787324100,2.28158,2.28178,2.2808,2.28157,358,24,0
2026-08-21T15:00:00Z,1787324400,2.28155,2.28172,2.28068,2.2807,384,24,0
2026-08-21T15:05:00Z,1787324700,2.28066,2.2812,2.28066,2.28096,255,24,0
2026-08-21T15:10:00Z,1787325000,2.28096,2.28131,2.2806100000000002,2.2812,271,24,0
2026-08-21T15:15:00Z,1787325300,2.28121,2.28125,2.28066,2.28094,248,24,0
2026-08-21T15:20:00Z,1787325600,2.28095,2.28118,2.28081,2.281,261,24,0
2026-08-21T15:25:00Z,1787325900,2.28102,2.2812200000000002,2.28041,2.28069,296,24,0
2026-08-21T15:30:00Z,1787326200,2.28065,2.28087,2.28034,2.28034,645,24,0
2026-08-21T15:35:00Z,1787326500,2.28038,2.28095,2.28017,2.28017,215,24,0
2026-08-21T15:40:00Z,1787326800,2.28018,2.28047,2.27978,2.27989,235,24,0
2026-08-21T15:45:00Z,1787327100,2.27991,2.28012,2.27977,2.28008,153,24,0
2026-08-21T15:50:00Z,1787327400,2.28008,2.28021,2.2798,2.28009,212,24,0
2026-08-21T15:55:00Z,1787327700,2.28005,2.28048,2.2799,2.28031,217,24,0
2026-08-21T16:00:00Z,1787328000,2.28031,2.28051,2.28016,2.28038,226,24,0
2026-08-21T16:05:00Z,1787328300,2.28037,2.2807399999999998,2.28029,2.28055,219,24,0
2026-08-21T16:10:00Z,1787328600,2.28055,2.28063,2.28026,2.28028,179,24,0
2026-08-21T16:15:00Z,1787328900,2.28029,2.28093,2.28026,2.2808,203,24,0
2026-08-21T16:20:00Z,1787329200,2.2808,2.28108,2.27977,2.28102,524,24,0
2026-08-21T16:25:00Z,1787329500,2.281,2.281,2.2807,2.28077,220,24,0
2026-08-21T16:30:00Z,1787329800,2.28076,2.2812,2.28072,2.28087,184,24,0
2026-08-21T16:35:00Z,1787330100,2.28087,2.28124,2.2807,2.2807,166,24,0
2026-08-21T16:40:00Z,1787330400,2.28066,2.28091,2.28066,2.28072,162,24,0
2026-08-21T16:45:00Z,1787330700,2.2807,2.28081,2.28039,2.2805,150,24,0
2026-08-21T16:50:00Z,1787331000,2.28051,2.28085,2.28038,2.28069,150,24,0
2026-08-21T16:55:00Z,1787331300,2.28069,2.2809,2.28065,2.28072,174,24,0
2026-08-21T17:00:00Z,1787331600,2.28072,2.28102,2.28053,2.28096,165,24,0
2026-08-21T17:05:00Z,1787331900,2.28096,2.28125,2.2807399999999998,2.28084,171,24,0
2026-08-21T17:10:00Z,1787332200,2.28082,2.28088,2.2806100000000002,2.28083,148,24,0
2026-08-21T17:15:00Z,1787332500,2.28079,2.28105,2.2806100000000002,2.28105,160,24,0
2026-08-21T17:20:00Z,1787332800,2.28106,2.28109,2.28088,2.28104,157,24,0
2026-08-21T17:25:00Z,1787333100,2.28106,2.2812799999999998,2.281,2.28111,159,24,0
2026-08-21T17:30:00Z,1787333400,2.28112,2.28136,2.28084,2.28097,158,24,0
2026-08-21T17:35:00Z,1787333700,2.28093,2.28114,2.28071,2.28108,172,24,0
2026-08-21T17:40:00Z,1787334000,2.28106,2.28113,2.28093,2.28107,125,24,0
2026-08-21T17:45:00Z,1787334300,2.28104,2.28144,2.28102,2.28142,130,24,0
2026-08-21T17:50:00Z,1787334600,2.28142,2.28157,2.28124,2.28149,130,24,0
2026-08-21T17:55:00Z,1787334900,2.28149,2.28157,2.28137,2.28141,114,24,0
2026-08-21T18:00:00Z,1787335200,2.28142,2.28149,2.28117,2.28129,141,24,0
2026-08-21T18:05:00Z,1787335500,2.2812799999999998,2.28132,2.281,2.28131,121,24,0
2026-08-21T18:10:00Z,1787335800,2.2813,2.28152,2.2811,2.2812200000000002,101,24,0
2026-08-21T18:15:00Z,1787336100,2.28121,2.28138,2.28113,2.28125,117,24,0
2026-08-21T18:20:00Z,1787336400,2.28126,2.2814,2.28113,2.28113,93,24,0
2026-08-21T18:25:00Z,1787336700,2.28114,2.28141,2.28101,2.28138,114,24,0
2026-08-21T18:30:00Z,1787337000,2.28138,2.28147,2.28129,2.28139,125,24,0
2026-08-21T18:35:00Z,1787337300,2.28138,2.28145,2.28112,2.28143,120,24,0
2026-08-21T18:40:00Z,1787337600,2.28142,2.28152,2.28131,2.28137,95,24,0
2026-08-21T18:45:00Z,1787337900,2.2813499999999998,2.28142,2.28119,2.28126,96,24,0
2026-08-21T18:50:00Z,1787338200,2.28126,2.28148,2.28126,2.28146,82,24,0
2026-08-21T18:55:00Z,1787338500,2.28146,2.28149,2.2813,2.28137,127,24,0
2026-08-21T19:00:00Z,1787338800,2.28138,2.28161,2.28125,2.28157,145,24,0
2026-08-21T19:05:00Z,1787339100,2.28157,2.28178,2.28151,2.28171,138,24,0
2026-08-21T19:10:00Z,1787339400,2.2817,2.28184,2.28166,2.2817,119,24,0
2026-08-21T19:15:00Z,1787339700,2.28172,2.28207,2.28165,2.28186,119,24,0
2026-08-21T19:20:00Z,1787340000,2.28185,2.28207,2.28185,2.28195,111,24,0
2026-08-21T19:25:00Z,1787340300,2.28195,2.28214,2.28187,2.28214,89,24,0
2026-08-21T19:30:00Z,1787340600,2.28213,2.28231,2.28208,2.28212,127,24,0
2026-08-21T19:35:00Z,1787340900,2.28212,2.28217,2.28201,2.28214,95,24,0
2026-08-21T19:40:00Z,1787341200,2.28212,2.28221,2.28206,2.28211,100,24,0
2026-08-21T19:45:00Z,1787341500,2.28211,2.28225,2.28202,2.28205,108,24,0
2026-08-21T19:50:00Z,1787341800,2.28209,2.28225,2.28199,2.28216,136,24,0
2026-08-21T19:55:00Z,1787342100,2.28212,2.28234,2.28195,2.28227,152,24,0
2026-08-21T20:00:00Z,1787342400,2.28223,2.28223,2.28192,2.28206,78,24,0
2026-08-21T20:05:00Z,1787342700,2.28206,2.28227,2.28205,2.28219,72,24,0
2026-08-21T20:10:00Z,1787343000,2.28219,2.28247,2.28198,2.28234,75,24,0
2026-08-21T20:15:00Z,1787343300,2.28234,2.28236,2.28216,2.28235,60,24,0
2026-08-21T20:20:00Z,1787343600,2.28235,2.2823700000000002,2.28208,2.28209,67,24,0
2026-08-21T20:25:00Z,1787343900,2.28209,2.28218,2.28164,2.28167,82,24,0
2026-08-21T20:30:00Z,1787344200,2.28167,2.28201,2.28167,2.28186,89,24,0
2026-08-21T20:35:00Z,1787344500,2.28186,2.28212,2.28186,2.28192,77,24,0
2026-08-21T20:40:00Z,1787344800,2.28191,2.28235,2.2818300000000002,2.28235,57,24,0
2026-08-21T20:45:00Z,1787345100,2.28238,2.28245,2.28186,2.2818899999999998,102,24,0
2026-08-21T20:50:00Z,1787345400,2.28198,2.28205,2.28127,2.28144,94,72,0
2026-08-21T20:55:00Z,1787345700,2.28149,2.28156,2.28111,2.2811500000000002,63,192,0
2026-08-23T21:20:00Z,1787520000,2.27961,2.27967,2.27949,2.27949,4,800,0
2026-08-23T21:25:00Z,1787520300,2.27946,2.2812,2.27946,2.2812,11,532,0
2026-08-23T21:30:00Z,1787520600,2.27857,2.27857,2.2773,2.27799,39,800,0
2026-08-23T21:35:00Z,1787520900,2.27796,2.27843,2.27731,2.278,35,781,0
2026-08-23T21:40:00Z,1787521200,2.27799,2.27973,2.27753,2.27958,41,534,0
2026-08-23T21:45:00Z,1787521500,2.27937,2.28012,2.27837,2.28012,45,503,0
2026-08-23T21:50:00Z,1787521800,2.28012,2.28021,2.2791,2.2793900000000002,46,497,0
2026-08-23T21:55:00Z,1787522100,2.27947,2.28213,2.27909,2.2819599999999998,84,148,0
2026-08-23T22:00:00Z,1787522400,2.28265,2.28274,2.28068,2.28266,253,24,0
2026-08-23T22:05:00Z,1787522700,2.28263,2.28284,2.28227,2.28258,90,24,0
2026-08-23T22:10:00Z,1787523000,2.2825699999999998,2.28287,2.2824,2.28281,88,24,0
2026-08-23T22:15:00Z,1787523300,2.28282,2.28301,2.2828,2.28287,60,24,0
2026-08-23T22:20:00Z,1787523600,2.28287,2.28304,2.28271,2.28301,51,24,0
2026-08-23T22:25:00Z,1787523900,2.28301,2.28315,2.28299,2.28304,42,24,0
2026-08-23T22:30:00Z,1787524200,2.28303,2.28312,2.28286,2.28309,89,24,0
2026-08-23T22:35:00Z,1787524500,2.28309,2.2835,2.28287,2.2835,95,24,0
2026-08-23T22:40:00Z,1787524800,2.28358,2.2836,2.28275,2.28321,89,24,0
2026-08-23T22:45:00Z,1787525100,2.28321,2.2838,2.28321,2.2838,78,24,0
2026-08-23T22:50:00Z,1787525400,2.2838,2.28382,2.28373,2.28382,40,24,0
2026-08-23T22:55:00Z,1787525700,2.28383,2.28417,2.28381,2.2841,38,24,0
2026-08-23T23:00:00Z,1787526000,2.2841,2.2848,2.2841,2.28474,85,24,0
2026-08-23T23:05:00Z,1787526300,2.28473,2.28515,2.28472,2.28499,89,24,0
2026-08-23T23:10:00Z,1787526600,2.28499,2.28525,2.28491,2.28508,74,24,0
2026-08-23T23:15:00Z,1787526900,2.28508,2.28578,2.28498,2.28577,90,24,0
2026-08-23T23:20:00Z,1787527200,2.28577,2.28577,2.2851,2.2852,127,24,0
2026-08-23T23:25:00Z,1787527500,2.28521,2.28534,2.28512,2.28515,84,24,0
2026-08-23T23:30:00Z,1787527800,2.28515,2.28548,2.28496,2.28497,105,24,0
2026-08-23T23:35:00Z,1787528100,2.28496,2.28516,2.28479,2.28516,91,24,0
2026-08-23T23:40:00Z,1787528400,2.28516,2.28546,2.28508,2.2854200000000002,63,24,0
2026-08-23T23:45:00Z,1787528700,2.28541,2.28554,2.28493,2.285,99,24,0
2026-08-23T23:50:00Z,1787529000,2.28499,2.28516,2.28476,2.2848100000000002,136,24,0
2026-08-23T23:55:00Z,1787529300,2.2848100000000002,2.28485,2.28424,2.28436,160,24,0
2026-08-24T00:00:00Z,1787529600,2.28436,2.28442,2.28348,2.2835,266,24,0
2026-08-24T00:05:00Z,1787529900,2.2835,2.28355,2.28295,2.28348,233,24,0
2026-08-24T00:10:00Z,1787530200,2.28351,2.28354,2.28264,2.28264,181,24,0
2026-08-24T00:15:00Z,1787530500,2.28268,2.28315,2.28258,2.28301,160,24,0
2026-08-24T00:20:00Z,1787530800,2.28301,2.28323,2.28259,2.28301,205,24,0
2026-08-24T00:25:00Z,1787531100,2.28301,2.28385,2.28295,2.28365,227,24,0
2026-08-24T00:30:00Z,1787531400,2.28364,2.28387,2.28312,2.28312,228,24,0
2026-08-24T00:35:00Z,1787531700,2.28316,2.28342,2.28293,2.28303,165,24,0
2026-08-24T00:40:00Z,1787532000,2.28303,2.28346,2.28263,2.28263,142,24,0
2026-08-24T00:45:00Z,1787532300,2.28263,2.28269,2.2819,2.2819,174,24,0
2026-08-24T00:50:00Z,1787532600,2.28185,2.28264,2.28179,2.2826,175,24,0
2026-08-24T00:55:00Z,1787532900,2.28265,2.28278,2.28246,2.28251,216,24,0
2026-08-24T01:00:00Z,1787533200,2.2824999999999998,2.28357,2.28228,2.28324,255,24,0
2026-08-24T01:05:00Z,1787533500,2.28325,2.28403,2.28277,2.2837899999999998,245,24,0
2026-08-24T01:10:00Z,1787533800,2.28382,2.28405,2.28344,2.28384,192,24,0
2026-08-24T01:15:00Z,1787534100,2.28382,2.2848800000000002,2.28381,2.28453,241,24,0
2026-08-24T01:20:00Z,1787534400,2.28449,2.28485,2.28391,2.28393,206,24,0
2026-08-24T01:25:00Z,1787534700,2.28394,2.28428,2.28372,2.28381,203,24,0
2026-08-24T01:30:00Z,1787535000,2.28385,2.28428,2.28376,2.28395,197,24,0
2026-08-24T01:35:00Z,1787535300,2.28393,2.28411,2.28288,2.28289,172,24,0
2026-08-24T01:40:00Z,1787535600,2.28288,2.28329,2.28269,2.28321,177,24,0
2026-08-24T01:45:00Z,1787535900,2.28323,2.28399,2.28323,2.28327,183,24,0
2026-08-24T01:50:00Z,1787536200,2.28327,2.28348,2.28306,2.28344,177,24,0
2026-08-24T01:55:00Z,1787536500,2.28343,2.28383,2.2833,2.28374,165,24,0
2026-08-24T02:00:00Z,1787536800,2.28374,2.2846,2.28373,2.28404,206,24,0
2026-08-24T02:05:00Z,1787537100,2.28403,2.28469,2.28388,2.28388,184,24,0
2026-08-24T02:10:00Z,1787537400,2.28388,2.28403,2.28347,2.28351,156,24,0
2026-08-24T02:15:00Z,1787537700,2.28351,2.28363,2.28321,2.28346,178,24,0
2026-08-24T02:20:00Z,1787538000,2.28346,2.28349,2.28317,2.28319,132,24,0
2026-08-24T02:25:00Z,1787538300,2.2831799999999998,2.28392,2.28303,2.28371,138,24,0
2026-08-24T02:30:00Z,1787538600,2.28372,2.28374,2.28336,2.28369,151,24,0
2026-08-24T02:35:00Z,1787538900,2.28368,2.28368,2.28329,2.28342,169,24,0
2026-08-24T02:40:00Z,1787539200,2.28342,2.28349,2.28331,2.28338,106,24,0
2026-08-24T02:45:00Z,1787539500,2.28337,2.2837899999999998,2.28337,2.2837899999999998,148,24,0
2026-08-24T02:50:00Z,1787539800,2.2837899999999998,2.28445,2.28375,2.28412,159,24,0
2026-08-24T02:55:00Z,1787540100,2.28412,2.28447,2.28404,2.28428,146,24,0
2026-08-24T03:00:00Z,1787540400,2.2842700000000002,2.28463,2.28412,2.28455,140,24,0
2026-08-24T03:05:00Z,1787540700,2.28456,2.28526,2.28455,2.28526,118,24,0
2026-08-24T03:10:00Z,1787541000,2.28527,2.28567,2.28503,2.28514,150,24,0
2026-08-24T03:15:00Z,1787541300,2.28513,2.28521,2.28491,2.28521,116,24,0
2026-08-24T03:20:00Z,1787541600,2.2852,2.28564,2.28498,2.2850099999999998,133,24,0
2026-08-24T03:25:00Z,1787541900,2.28503,2.28523,2.28492,2.2852,83,24,0
2026-08-24T03:30:00Z,1787542200,2.28519,2.28525,2.28493,2.28494,106,24,0
2026-08-24T03:35:00Z,1787542500,2.28494,2.28519,2.2847,2.28494,99,24,0
2026-08-24T03:40:00Z,1787542800,2.28494,2.28506,2.28474,2.28484,80,24,0
2026-08-24T03:45:00Z,1787543100,2.28484,2.28485,2.28453,2.28453,120,24,0
2026-08-24T03:50:00Z,1787543400,2.28454,2.28471,2.28433,2.28435,103,24,0
2026-08-24T03:55:00Z,1787543700,2.28435,2.28451,2.28406,2.28411,131,24,0
2026-08-24T04:00:00Z,1787544000,2.28409,2.28428,2.2838,2.28403,132,24,0
2026-08-24T04:05:00Z,1787544300,2.28401,2.28431,2.28389,2.28431,152,24,0
2026-08-24T04:10:00Z,1787544600,2.28431,2.28436,2.2837899999999998,2.28399,161,24,0
2026-08-24T04:15:00Z,1787544900,2.28399,2.2843,2.28378,2.28388,130,24,0
2026-08-24T04:20:00Z,1787545200,2.28388,2.28428,2.28376,2.28399,171,24,0
2026-08-24T04:25:00Z,1787545500,2.28399,2.28403,2.28341,2.28343,171,24,0
2026-08-24T04:30:00Z,1787545800,2.28344,2.28417,2.28344,2.28409,135,24,0
2026-08-24T04:35:00Z,1787546100,2.28409,2.28416,2.28341,2.28362,132,24,0
2026-08-24T04:40:00Z,1787546400,2.28362,2.2839,2.28335,2.2839,112,24,0
2026-08-24T04:45:00Z,1787546700,2.28391,2.28408,2.28381,2.28405,123,24,0
2026-08-24T04:50:00Z,1787547000,2.28406,2.2841,2.28382,2.28382,118,24,0
2026-08-24T04:55:00Z,1787547300,2.28382,2.284,2.28377,2.28396,116,24,0
2026-08-24T05:00:00Z,1787547600,2.28394,2.28401,2.28376,2.2837899999999998,124,24,0
2026-08-24T05:05:00Z,1787547900,2.28378,2.2837899999999998,2.28334,2.2835900000000002,118,24,0
2026-08-24T05:10:00Z,1787548200,2.2835900000000002,2.2839,2.28353,2.28372,110,24,0
2026-08-24T05:15:00Z,1787548500,2.28372,2.28411,2.2837,2.28401,112,24,0
2026-08-24T05:20:00Z,1787548800,2.28401,2.28428,2.2839,2.28407,121,24,0
2026-08-24T05:25:00Z,1787549100,2.28407,2.28411,2.28385,2.284,103,24,0
2026-08-24T05:30:00Z,1787549400,2.284,2.28448,2.28393,2.28411,172,24,0
2026-08-24T05:35:00Z,1787549700,2.28409,2.28449,2.28386,2.28448,145,24,0
2026-08-24T05:40:00Z,1787550000,2.28448,2.28449,2.28393,2.28407,127,24,0
2026-08-24T05:45:00Z,1787550300,2.28407,2.2841,2.2837,2.28373,113,24,0
2026-08-24T05:50:00Z,1787550600,2.28374,2.28383,2.28338,2.28355,148,24,0
2026-08-24T05:55:00Z,1787550900,2.28355,2.2837,2.28329,2.28343,153,24,0
2026-08-24T06:00:00Z,1787551200,2.2834,2.28365,2.28293,2.28296,223,24,0
2026-08-24T06:05:00Z,1787551500,2.28297,2.28313,2.28262,2.28267,176,24,0
2026-08-24T06:10:00Z,1787551800,2.28267,2.28395,2.28267,2.28386,203,24,0
2026-08-24T06:15:00Z,1787552100,2.28386,2.28408,2.28365,2.2837,198,24,0
2026-08-24T06:20:00Z,1787552400,2.28372,2.28439,2.2835900000000002,2.28423,207,24,0
2026-08-24T06:25:00Z,1787552700,2.28419,2.28419,2.28376,2.28389,173,24,0
2026-08-24T06:30:00Z,1787553000,2.28385,2.28403,2.28344,2.28362,230,24,0
2026-08-24T06:35:00Z,1787553300,2.28358,2.28362,2.28337,2.28348,164,24,0
2026-08-24T06:40:00Z,1787553600,2.28348,2.28403,2.28337,2.2839,156,24,0
2026-08-24T06:45:00Z,1787553900,2.2839,2.28414,2.28338,2.2836,176,24,0
2026-08-24T06:50:00Z,1787554200,2.28356,2.28356,2.28299,2.28344,187,24,0
2026-08-24T06:55:00Z,1787554500,2.28343,2.28396,2.28342,2.28382,196,24,0
2026-08-24T07:00:00Z,1787554800,2.2838,2.28425,2.28357,2.28383,246,24,0
2026-08-24T07:05:00Z,1787555100,2.2838,2.28463,2.2838,2.28457,215,24,0
2026-08-24T07:10:00Z,1787555400,2.28457,2.2847,2.28431,2.28439,189,24,0
2026-08-24T07:15:00Z,1787555700,2.28439,2.2850099999999998,2.28432,2.28487,194,24,0
2026-08-24T07:20:00Z,1787556000,2.28485,2.28494,2.28441,2.28491,192,24,0
2026-08-24T07:25:00Z,1787556300,2.28491,2.28533,2.28487,2.2848800000000002,194,24,0
2026-08-24T07:30:00Z,1787556600,2.28487,2.28563,2.28487,2.28538,198,24,0
2026-08-24T07:35:00Z,1787556900,2.2854,2.28544,2.28491,2.28503,166,24,0
2026-08-24T07:40:00Z,1787557200,2.28503,2.28547,2.28468,2.28477,276,24,0
2026-08-24T07:45:00Z,1787557500,2.28476,2.28494,2.28445,2.28473,237,24,0
2026-08-24T07:50:00Z,1787557800,2.28476,2.28492,2.28421,2.28437,221,24,0
2026-08-24T07:55:00Z,1787558100,2.28435,2.28459,2.28391,2.28391,216,24,0
2026-08-24T08:00:00Z,1787558400,2.28395,2.28447,2.28383,2.2842700000000002,279,24,0
2026-08-24T08:05:00Z,1787558700,2.28425,2.28506,2.28421,2.28489,371,24,0
2026-08-24T08:10:00Z,1787559000,2.28489,2.28493,2.28432,2.28446,233,24,0
2026-08-24T08:15:00Z,1787559300,2.28446,2.28485,2.28423,2.2848100000000002,233,24,0
2026-08-24T08:20:00Z,1787559600,2.2848,2.28496,2.28449,2.28471,147,24,0
2026-08-24T08:25:00Z,1787559900,2.28471,2.28526,2.28466,2.28509,211,24,0
2026-08-24T08:30:00Z,1787560200,2.28511,2.28585,2.2851,2.28519,196,24,0
2026-08-24T08:35:00Z,1787560500,2.28515,2.28564,2.28511,2.28527,171,24,0
2026-08-24T08:40:00Z,1787560800,2.2853,2.28532,2.28458,2.28462,180,24,0
2026-08-24T08:45:00Z,1787561100,2.28459,2.28476,2.2841,2.28437,145,24,0
2026-08-24T08:50:00Z,1787561400,2.28438,2.28444,2.28345,2.28348,162,24,0
2026-08-24T08:55:00Z,1787561700,2.28348,2.28374,2.28295,2.283,196,24,0
2026-08-24T09:00:00Z,1787562000,2.28303,2.28348,2.28288,2.2830500000000002,182,24,0
2026-08-24T09:05:00Z,1787562300,2.28306,2.28326,2.28276,2.28313,159,24,0
2026-08-24T09:10:00Z,1787562600,2.28313,2.28391,2.28313,2.28353,144,24,0
2026-08-24T09:15:00Z,1787562900,2.28354,2.28385,2.28346,2.28376,157,24,0
2026-08-24T09:20:00Z,1787563200,2.28377,2.28382,2.2834,2.28367,127,24,0
2026-08-24T09:25:00Z,1787563500,2.28367,2.2839,2.28346,2.28375,159,24,0
2026-08-24T09:30:00Z,1787563800,2.28375,2.28389,2.28338,2.28342,137,24,0
2026-08-24T09:35:00Z,1787564100,2.28341,2.28393,2.28329,2.28376,136,24,0
2026-08-24T09:40:00Z,1787564400,2.28376,2.2838,2.2835900000000002,2.2836600000000002,101,24,0
2026-08-24T09:45:00Z,1787564700,2.28363,2.28373,2.28344,2.28347,142,24,0
2026-08-24T09:50:00Z,1787565000,2.28353,2.28386,2.28339,2.28367,157,24,0
2026-08-24T09:55:00Z,1787565300,2.28363,2.28406,2.28361,2.28386,164,24,0
2026-08-24T10:00:00Z,1787565600,2.28386,2.28391,2.2835,2.2837,177,24,0
2026-08-24T10:05:00Z,1787565900,2.2837,2.28388,2.28332,2.28334,132,24,0
2026-08-24T10:10:00Z,1787566200,2.28337,2.2836600000000002,2.28326,2.28346,137,24,0
2026-08-24T10:15:00Z,1787566500,2.28342,2.28367,2.28333,2.28336,150,24,0
2026-08-24T10:20:00Z,1787566800,2.28334,2.28368,2.28332,2.28337,135,24,0
2026-08-24T10:25:00Z,1787567100,2.28341,2.28369,2.28341,2.2836,159,24,0
2026-08-24T10:30:00Z,1787567400,2.28357,2.28362,2.28336,2.28342,142,24,0
2026-08-24T10:35:00Z,1787567700,2.28345,2.28358,2.2833,2.28356,129,24,0
2026-08-24T10:40:00Z,1787568000,2.28356,2.28394,2.28356,2.28387,162,24,0
2026-08-24T10:45:00Z,1787568300,2.28385,2.2848,2.28384,2.28466,190,24,0
2026-08-24T10:50:00Z,1787568600,2.28464,2.2848100000000002,2.28449,2.28465,152,24,0
2026-08-24T10:55:00Z,1787568900,2.28468,2.28525,2.28464,2.28525,174,24,0
2026-08-24T11:00:00Z,1787569200,2.28529,2.28572,2.28519,2.28559,210,24,0
2026-08-24T11:05:00Z,1787569500,2.2856199999999998,2.28633,2.28552,2.28618,161,24,0
2026-08-24T11:10:00Z,1787569800,2.28617,2.2865,2.28608,2.28627,154,24,0
2026-08-24T11:15:00Z,1787570100,2.28627,2.28637,2.28523,2.28523,183,24,0
2026-08-24T11:20:00Z,1787570400,2.28524,2.28593,2.2852,2.28556,151,24,0
2026-08-24T11:25:00Z,1787570700,2.28557,2.28629,2.28531,2.28621,204,24,0
2026-08-24T11:30:00Z,1787571000,2.28624,2.28647,2.28579,2.2861000000000002,284,24,0
2026-08-24T11:35:00Z,1787571300,2.28614,2.28631,2.28491,2.2856199999999998,643,24,0
2026-08-24T11:40:00Z,1787571600,2.2856199999999998,2.2862,2.28527,2.28612,267,24,0
2026-08-24T11:45:00Z,1787571900,2.28609,2.28663,2.28587,2.28652,226,24,0
2026-08-24T11:50:00Z,1787572200,2.28654,2.28669,2.28619,2.28657,202,24,0
2026-08-24T11:55:00Z,1787572500,2.28653,2.28714,2.28642,2.28703,218,24,0
2026-08-24T12:00:00Z,1787572800,2.28702,2.28766,2.28702,2.28744,232,24,0
2026-08-24T12:05:00Z,1787573100,2.28743,2.28765,2.28709,2.2872,203,24,0
2026-08-24T12:10:00Z,1787573400,2.2872,2.2873200000000002,2.2869,2.2873200000000002,177,24,0
2026-08-24T12:15:00Z,1787573700,2.28731,2.2873200000000002,2.28682,2.28687,177,24,0
2026-08-24T12:20:00Z,1787574000,2.2869099999999998,2.28702,2.2856899999999998,2.28574,232,24,0
2026-08-24T12:25:00Z,1787574300,2.28576,2.28604,2.2857,2.28604,161,24,0
2026-08-24T12:30:00Z,1787574600,2.28604,2.28744,2.286,2.28654,350,24,0
2026-08-24T12:35:00Z,1787574900,2.28655,2.28655,2.28604,2.28638,243,24,0
2026-08-24T12:40:00Z,1787575200,2.28637,2.28673,2.28531,2.2862999999999998,528,24,0
2026-08-24T12:45:00Z,1787575500,2.2862999999999998,2.28657,2.28612,2.28636,184,24,0
2026-08-24T12:50:00Z,1787575800,2.28633,2.28704,2.28617,2.2869099999999998,160,24,0
2026-08-24T12:55:00Z,1787576100,2.28688,2.28717,2.28686,2.28711,193,24,0
2026-08-24T13:00:00Z,1787576400,2.28711,2.28712,2.28674,2.287,225,24,0
2026-08-24T13:05:00Z,1787576700,2.287,2.28715,2.28662,2.28705,219,24,0
2026-08-24T13:10:00Z,1787577000,2.28704,2.28711,2.28655,2.28675,199,24,0
2026-08-24T13:15:00Z,1787577300,2.28679,2.28698,2.28619,2.28641,230,24,0
2026-08-24T13:20:00Z,1787577600,2.2864,2.28669,2.28626,2.28662,202,24,0
2026-08-24T13:25:00Z,1787577900,2.28663,2.28663,2.28617,2.28641,214,24,0
2026-08-24T13:30:00Z,1787578200,2.2864,2.28644,2.2855,2.28572,284,24,0
2026-08-24T13:35:00Z,1787578500,2.28576,2.28692,2.2856899999999998,2.28622,393,24,0
2026-08-24T13:40:00Z,1787578800,2.2862299999999998,2.28703,2.28611,2.28678,292,24,0
2026-08-24T13:45:00Z,1787579100,2.28682,2.28682,2.28563,2.2860300000000002,295,24,0
2026-08-24T13:50:00Z,1787579400,2.28601,2.28636,2.28572,2.28613,266,24,0
2026-08-24T13:55:00Z,1787579700,2.2861000000000002,2.28651,2.28593,2.28594,253,24,0
2026-08-24T14:00:00Z,1787580000,2.28596,2.28627,2.28578,2.2858,261,24,0
2026-08-24T14:05:00Z,1787580300,2.28581,2.28631,2.28581,2.28618,236,24,0
2026-08-24T14:10:00Z,1787580600,2.28619,2.28655,2.286,2.28613,212,24,0
2026-08-24T14:15:00Z,1787580900,2.28612,2.28644,2.28602,2.28617,244,24,0
2026-08-24T14:20:00Z,1787581200,2.28618,2.28652,2.28601,2.28637,211,24,0
2026-08-24T14:25:00Z,1787581500,2.28636,2.28674,2.28608,2.28624,232,24,0
2026-08-24T14:30:00Z,1787581800,2.28621,2.2866,2.28599,2.28653,240,24,0
2026-08-24T14:35:00Z,1787582100,2.28649,2.28715,2.28636,2.28709,232,24,0
2026-08-24T14:40:00Z,1787582400,2.28708,2.28767,2.28702,2.28759,197,24,0
2026-08-24T14:45:00Z,1787582700,2.28756,2.28784,2.28738,2.28776,185,24,0
2026-08-24T14:50:00Z,1787583000,2.28777,2.2881,2.28739,2.28778,256,24,0
2026-08-24T14:55:00Z,1787583300,2.28778,2.28817,2.28729,2.28817,261,24,0
2026-08-24T15:00:00Z,1787583600,2.28815,2.28837,2.28753,2.2878,278,24,0
2026-08-24T15:05:00Z,1787583900,2.28778,2.28832,2.28768,2.28828,223,24,0
2026-08-24T15:10:00Z,1787584200,2.28828,2.2887399999999998,2.28815,2.28871,187,24,0
2026-08-24T15:15:00Z,1787584500,2.28871,2.28907,2.28857,2.28887,246,24,0
2026-08-24T15:20:00Z,1787584800,2.28886,2.2891,2.28863,2.28865,218,24,0
2026-08-24T15:25:00Z,1787585100,2.28869,2.28869,2.28763,2.28787,377,24,0
2026-08-24T15:30:00Z,1787585400,2.2878600000000002,2.28872,2.28777,2.28846,322,24,0
2026-08-24T15:35:00Z,1787585700,2.28843,2.28844,2.2875199999999998,2.28768,182,24,0
2026-08-24T15:40:00Z,1787586000,2.28772,2.28783,2.28704,2.28762,187,24,0
2026-08-24T15:45:00Z,1787586300,2.28766,2.28823,2.28751,2.28812,188,24,0
2026-08-24T15:50:00Z,1787586600,2.28812,2.2883,2.28772,2.2878600000000002,174,24,0
2026-08-24T15:55:00Z,1787586900,2.28787,2.28856,2.28779,2.2884,187,24,0
2026-08-24T16:00:00Z,1787587200,2.28839,2.28857,2.2874,2.28783,459,24,0
2026-08-24T16:05:00Z,1787587500,2.2878,2.28824,2.28767,2.2882,179,24,0
2026-08-24T16:10:00Z,1787587800,2.2882,2.28828,2.2879,2.28814,199,24,0
2026-08-24T16:15:00Z,1787588100,2.28814,2.28827,2.28783,2.28823,185,24,0
2026-08-24T16:20:00Z,1787588400,2.28823,2.28833,2.2881299999999998,2.28824,133,24,0
2026-08-24T16:25:00Z,1787588700,2.28823,2.28823,2.28785,2.28817,146,24,0
2026-08-24T16:30:00Z,1787589000,2.28819,2.2884700000000002,2.28819,2.28836,158,24,0
2026-08-24T16:35:00Z,1787589300,2.28837,2.28844,2.28814,2.28835,151,24,0
2026-08-24T16:40:00Z,1787589600,2.28837,2.28841,2.28809,2.28818,124,24,0
2026-08-24T16:45:00Z,1787589900,2.28819,2.28843,2.288,2.28822,155,24,0
2026-08-24T16:50:00Z,1787590200,2.28822,2.28822,2.2878,2.2878,144,24,0
2026-08-24T16:55:00Z,1787590500,2.2878,2.28853,2.28764,2.28849,200,24,0
2026-08-24T17:00:00Z,1787590800,2.28845,2.28879,2.28833,2.28862,204,24,0
2026-08-24T17:05:00Z,1787591100,2.28862,2.28869,2.28762,2.2879,410,24,0
2026-08-24T17:10:00Z,1787591400,2.28794,2.2882,2.28776,2.2879300000000002,240,24,0
2026-08-24T17:15:00Z,1787591700,2.28792,2.28846,2.28792,2.28846,260,24,0
2026-08-24T17:20:00Z,1787592000,2.2884700000000002,2.28938,2.28843,2.28936,266,24,0
2026-08-24T17:25:00Z,1787592300,2.28936,2.28941,2.28897,2.28921,183,24,0
2026-08-24T17:30:00Z,1787592600,2.28917,2.28918,2.28879,2.28901,177,24,0
2026-08-24T17:35:00Z,1787592900,2.28901,2.28901,2.28871,2.28882,147,24,0
2026-08-24T17:40:00Z,1787593200,2.28885,2.28895,2.28863,2.28895,127,24,0
2026-08-24T17:45:00Z,1787593500,2.28895,2.28948,2.28891,2.28939,155,24,0
2026-08-24T17:50:00Z,1787593800,2.28939,2.28943,2.28913,2.28919,152,24,0
2026-08-24T17:55:00Z,1787594100,2.28919,2.28939,2.28891,2.28911,146,24,0
2026-08-24T18:00:00Z,1787594400,2.28907,2.28911,2.28862,2.28862,134,24,0
2026-08-24T18:05:00Z,1787594700,2.28862,2.28881,2.28841,2.28844,151,24,0
2026-08-24T18:10:00Z,1787595000,2.28846,2.2884700000000002,2.28817,2.28827,114,24,0
2026-08-24T18:15:00Z,1787595300,2.28827,2.28831,2.28788,2.28818,183,24,0
2026-08-24T18:20:00Z,1787595600,2.28817,2.28832,2.28805,2.28832,126,24,0
2026-08-24T18:25:00Z,1787595900,2.2883,2.28834,2.28791,2.2879300000000002,170,24,0
2026-08-24T18:30:00Z,1787596200,2.28796,2.28828,2.28788,2.28823,142,24,0
2026-08-24T18:35:00Z,1787596500,2.28823,2.28864,2.2881299999999998,2.28852,132,24,0
2026-08-24T18:40:00Z,1787596800,2.28851,2.2886,2.28811,2.28817,106,24,0
2026-08-24T18:45:00Z,1787597100,2.28818,2.28835,2.28809,2.28816,116,24,0
2026-08-24T18:50:00Z,1787597400,2.28814,2.28849,2.28804,2.2883,133,24,0
2026-08-24T18:55:00Z,1787597700,2.28829,2.28832,2.28798,2.28825,158,24,0
2026-08-24T19:00:00Z,1787598000,2.28825,2.28841,2.28798,2.28814,129,24,0
2026-08-24T19:05:00Z,1787598300,2.2881299999999998,2.28817,2.2879300000000002,2.28811,115,24,0
2026-08-24T19:10:00Z,1787598600,2.2881,2.28811,2.28774,2.2879,76,24,0
2026-08-24T19:15:00Z,1787598900,2.2879,2.28794,2.28774,2.28779,81,24,0
2026-08-24T19:20:00Z,1787599200,2.28779,2.28788,2.2876,2.2878600000000002,100,24,0
2026-08-24T19:25:00Z,1787599500,2.28787,2.288,2.28781,2.2878600000000002,86,24,0
2026-08-24T19:30:00Z,1787599800,2.2878600000000002,2.2878600000000002,2.28765,2.28767,107,24,0
2026-08-24T19:35:00Z,1787600100,2.28767,2.28788,2.28767,2.2878,69,24,0
2026-08-24T19:40:00Z,1787600400,2.2878,2.28789,2.28755,2.28761,116,24,0
2026-08-24T19:45:00Z,1787600700,2.28761,2.28775,2.28753,2.28754,104,24,0
2026-08-24T19:50:00Z,1787601000,2.28751,2.28765,2.28742,2.28753,112,24,0
2026-08-24T19:55:00Z,1787601300,2.2875199999999998,2.28768,2.28731,2.28737,136,24,0
2026-08-24T20:00:00Z,1787601600,2.28733,2.2876,2.2872,2.28726,111,24,0
2026-08-24T20:05:00Z,1787601900,2.2872500000000002,2.28741,2.28721,2.28731,96,24,0
2026-08-24T20:10:00Z,1787602200,2.28731,2.28734,2.28722,2.28724,40,24,0
2026-08-24T20:15:00Z,1787602500,2.28726,2.28743,2.28726,2.28733,45,24,0
2026-08-24T20:20:00Z,1787602800,2.2873200000000002,2.2875,2.2873200000000002,2.28743,63,24,0
2026-08-24T20:25:00Z,1787603100,2.28744,2.28759,2.28744,2.2875199999999998,43,24,0
2026-08-24T20:30:00Z,1787603400,2.28754,2.28759,2.28737,2.28759,55,24,0
2026-08-24T20:35:00Z,1787603700,2.2876,2.28772,2.28741,2.28741,59,24,0
2026-08-24T20:40:00Z,1787604000,2.28742,2.28753,2.28736,2.2875199999999998,28,24,0
2026-08-24T20:45:00Z,1787604300,2.2875199999999998,2.28756,2.28707,2.28719,58,24,0
2026-08-24T20:50:00Z,1787604600,2.28719,2.2873200000000002,2.28713,2.2872,36,24,0
2026-08-24T20:55:00Z,1787604900,2.28721,2.28729,2.28703,2.28706,54,22,0
2026-08-24T21:05:00Z,1787605500,2.28705,2.28707,2.28704,2.28707,3,62,0
2026-08-24T21:10:00Z,1787605800,2.2871,2.2871,2.28694,2.28694,8,56,0
2026-08-24T21:15:00Z,1787606100,2.28689,2.28689,2.28659,2.28662,30,90,0
2026-08-24T21:20:00Z,1787606400,2.28658,2.28658,2.28631,2.28631,21,199,0
2026-08-24T21:25:00Z,1787606700,2.28627,2.28629,2.28597,2.28597,30,311,0
2026-08-24T21:30:00Z,1787607000,2.28596,2.28617,2.28591,2.2861000000000002,62,367,0
2026-08-24T21:35:00Z,1787607300,2.28609,2.2862999999999998,2.28599,2.2862999999999998,78,328,0
2026-08-24T21:40:00Z,1787607600,2.28633,2.28643,2.28629,2.28629,44,300,0
2026-08-24T21:45:00Z,1787607900,2.28628,2.28639,2.28616,2.28639,47,302,0
2026-08-24T21:50:00Z,1787608200,2.28641,2.28674,2.28641,2.28674,73,224,0
2026-08-24T21:55:00Z,1787608500,2.28675,2.28686,2.28672,2.28685,84,193,0
2026-08-24T22:00:00Z,1787608800,2.28708,2.28775,2.28683,2.28772,62,58,0
2026-08-24T22:05:00Z,1787609100,2.28772,2.28772,2.28742,2.28742,21,58,0
2026-08-24T22:10:00Z,1787609400,2.28742,2.28753,2.28736,2.28736,43,58,0
2026-08-24T22:15:00Z,1787609700,2.2872500000000002,2.2872500000000002,2.2871,2.2871,19,58,0
2026-08-24T22:20:00Z,1787610000,2.2871,2.28718,2.28708,2.28712,26,58,0
2026-08-24T22:25:00Z,1787610300,2.28712,2.28718,2.2871,2.28711,27,58,0
2026-08-24T22:30:00Z,1787610600,2.28712,2.28717,2.28698,2.28701,29,58,0
2026-08-24T22:35:00Z,1787610900,2.28697,2.28705,2.28677,2.28677,38,58,0
2026-08-24T22:40:00Z,1787611200,2.28677,2.28693,2.28677,2.2869,26,58,0
2026-08-24T22:45:00Z,1787611500,2.2869,2.2869,2.28673,2.28677,30,58,0
2026-08-24T22:50:00Z,1787611800,2.28677,2.28698,2.28677,2.28696,29,58,0
2026-08-24T22:55:00Z,1787612100,2.28696,2.28705,2.28696,2.28696,30,58,0
2026-08-24T23:00:00Z,1787612400,2.28712,2.28716,2.28683,2.28692,80,24,0
2026-08-24T23:05:00Z,1787612700,2.28692,2.28704,2.28687,2.28702,44,24,0
2026-08-24T23:10:00Z,1787613000,2.28701,2.28703,2.28694,2.28694,56,24,0
2026-08-24T23:15:00Z,1787613300,2.28695,2.28728,2.28687,2.2872500000000002,60,24,0
2026-08-24T23:20:00Z,1787613600,2.28727,2.2873200000000002,2.28722,2.28724,38,24,0
2026-08-24T23:25:00Z,1787613900,2.28724,2.28735,2.28722,2.28734,49,24,0
2026-08-24T23:30:00Z,1787614200,2.28735,2.28735,2.28719,2.28719,49,24,0
2026-08-24T23:35:00Z,1787614500,2.2872,2.2872,2.28695,2.28696,68,24,0
2026-08-24T23:40:00Z,1787614800,2.28696,2.28697,2.28656,2.2866,65,24,0
2026-08-24T23:45:00Z,1787615100,2.2866,2.2866,2.28609,2.28609,70,24,0
2026-08-24T23:50:00Z,1787615400,2.2861000000000002,2.2862,2.28563,2.286,103,24,0
2026-08-24T23:55:00Z,1787615700,2.28597,2.28638,2.28593,2.28606,108,24,0
2026-08-25T00:00:00Z,1787616000,2.28605,2.28605,2.28544,2.286,171,24,0
2026-08-25T00:05:00Z,1787616300,2.286,2.28641,2.2858,2.28639,174,24,0
2026-08-25T00:10:00Z,1787616600,2.28635,2.28638,2.28582,2.28605,139,24,0
2026-08-25T00:15:00Z,1787616900,2.28601,2.2862999999999998,2.28592,2.28629,119,24,0
2026-08-25T00:20:00Z,1787617200,2.28628,2.28645,2.28624,2.28642,135,24,0
2026-08-25T00:25:00Z,1787617500,2.28642,2.28656,2.28621,2.28628,115,24,0
2026-08-25T00:30:00Z,1787617800,2.28628,2.2866,2.28624,2.2862999999999998,171,24,0
2026-08-25T00:35:00Z,1787618100,2.28629,2.28661,2.28614,2.28654,111,24,0
2026-08-25T00:40:00Z,1787618400,2.28654,2.2867,2.28625,2.2864,128,24,0
2026-08-25T00:45:00Z,1787618700,2.28644,2.28674,2.28637,2.2866400000000002,140,24,0
2026-08-25T00:50:00Z,1787619000,2.2866400000000002,2.2868,2.28645,2.28669,173,24,0
2026-08-25T00:55:00Z,1787619300,2.28665,2.28693,2.28654,2.2867100000000002,175,24,0
2026-08-25T01:00:00Z,1787619600,2.2867,2.2877,2.28667,2.28768,203,24,0
2026-08-25T01:05:00Z,1787619900,2.28768,2.28796,2.28743,2.28776,171,24,0
2026-08-25T01:10:00Z,1787620200,2.28776,2.28811,2.28718,2.2873200000000002,168,24,0
2026-08-25T01:15:00Z,1787620500,2.2873200000000002,2.28758,2.28713,2.28748,159,24,0
2026-08-25T01:20:00Z,1787620800,2.28748,2.288,2.28731,2.28796,152,24,0
2026-08-25T01:25:00Z,1787621100,2.28792,2.28794,2.28755,2.28772,133,24,0
2026-08-25T01:30:00Z,1787621400,2.28772,2.28816,2.28749,2.28812,157,24,0
2026-08-25T01:35:00Z,1787621700,2.28811,2.28822,2.28753,2.28762,187,24,0
2026-08-25T01:40:00Z,1787622000,2.28766,2.28791,2.28755,2.28791,136,24,0
2026-08-25T01:45:00Z,1787622300,2.28792,2.28799,2.28751,2.28751,147,24,0
2026-08-25T01:50:00Z,1787622600,2.28751,2.28781,2.28751,2.28761,145,24,0
2026-08-25T01:55:00Z,1787622900,2.28757,2.28757,2.28723,2.2874,168,24,0
2026-08-25T02:00:00Z,1787623200,2.28739,2.28753,2.28719,2.28748,175,24,0
2026-08-25T02:05:00Z,1787623500,2.2875,2.28788,2.28719,2.2872,157,24,0
2026-08-25T02:10:00Z,1787623800,2.2872,2.28763,2.28707,2.2875,134,24,0
2026-08-25T02:15:00Z,1787624100,2.28751,2.2877,2.28723,2.28724,122,24,0
2026-08-25T02:20:00Z,1787624400,2.28724,2.28734,2.28667,2.28669,111,24,0
2026-08-25T02:25:00Z,1787624700,2.2867100000000002,2.28677,2.28633,2.28633,120,24,0
2026-08-25T02:30:00Z,1787625000,2.28637,2.28676,2.28631,2.28662,177,24,0
2026-08-25T02:35:00Z,1787625300,2.28662,2.28677,2.28644,2.28646,135,24,0
2026-08-25T02:40:00Z,1787625600,2.28645,2.28657,2.28608,2.28657,137,24,0
2026-08-25T02:45:00Z,1787625900,2.28657,2.28667,2.28634,2.28663,142,24,0
2026-08-25T02:50:00Z,1787626200,2.2866400000000002,2.28678,2.28615,2.28621,191,24,0
2026-08-25T02:55:00Z,1787626500,2.28619,2.2866,2.28613,2.28646,145,24,0
2026-08-25T03:00:00Z,1787626800,2.28642,2.28712,2.28625,2.28699,144,24,0
2026-08-25T03:05:00Z,1787627100,2.28699,2.28704,2.2862299999999998,2.28628,154,24,0
2026-08-25T03:10:00Z,1787627400,2.28632,2.28651,2.28612,2.28613,141,24,0
2026-08-25T03:15:00Z,1787627700,2.28612,2.28621,2.28572,2.2858,118,24,0
2026-08-25T03:20:00Z,1787628000,2.2858,2.28593,2.28578,2.28583,96,24,0
2026-08-25T03:25:00Z,1787628300,2.28583,2.28583,2.28538,2.28551,117,24,0
2026-08-25T03:30:00Z,1787628600,2.28555,2.28572,2.28525,2.28532,94,24,0
2026-08-25T03:35:00Z,1787628900,2.28531,2.28611,2.28523,2.28608,127,24,0
2026-08-25T03:40:00Z,1787629200,2.28605,2.28605,2.28544,2.28586,110,24,0
2026-08-25T03:45:00Z,1787629500,2.28586,2.28618,2.28586,2.28601,77,24,0
2026-08-25T03:50:00Z,1787629800,2.28605,2.28677,2.28605,2.2866400000000002,108,24,0
2026-08-25T03:55:00Z,1787630100,2.28663,2.28687,2.28652,2.28686,106,24,0
2026-08-25T04:00:00Z,1787630400,2.28683,2.28683,2.28649,2.28654,107,24,0
2026-08-25T04:05:00Z,1787630700,2.28654,2.28679,2.2864,2.2867100000000002,109,24,0
2026-08-25T04:10:00Z,1787631000,2.28668,2.28686,2.28586,2.28592,126,24,0
2026-08-25T04:15:00Z,1787631300,2.28594,2.2864,2.28593,2.28632,107,24,0
2026-08-25T04:20:00Z,1787631600,2.28633,2.28658,2.28621,2.28651,112,24,0
2026-08-25T04:25:00Z,1787631900,2.28651,2.28678,2.28645,2.28676,81,24,0
2026-08-25T04:30:00Z,1787632200,2.28676,2.2871,2.28675,2.28679,138,24,0
2026-08-25T04:35:00Z,1787632500,2.2868,2.28685,2.28658,2.28661,102,24,0
2026-08-25T04:40:00Z,1787632800,2.28662,2.28692,2.28657,2.28688,113,24,0
2026-08-25T04:45:00Z,1787633100,2.28689,2.2875199999999998,2.28688,2.28738,104,24,0
2026-08-25T04:50:00Z,1787633400,2.28738,2.28746,2.28724,2.28734,117,24,0
2026-08-25T04:55:00Z,1787633700,2.28735,2.28746,2.28731,2.2874499999999998,95,24,0
2026-08-25T05:00:00Z,1787634000,2.2874499999999998,2.28747,2.28716,2.2873,112,24,0
2026-08-25T05:05:00Z,1787634300,2.28729,2.28748,2.28718,2.28743,92,24,0
2026-08-25T05:10:00Z,1787634600,2.28743,2.28743,2.28722,2.28728,86,24,0
2026-08-25T05:15:00Z,1787634900,2.28728,2.28742,2.28708,2.2873200000000002,81,24,0
2026-08-25T05:20:00Z,1787635200,2.28733,2.28748,2.28729,2.28743,64,24,0
2026-08-25T05:25:00Z,1787635500,2.28743,2.28784,2.28731,2.28753,112,24,0
2026-08-25T05:30:00Z,1787635800,2.28751,2.28777,2.28739,2.28773,116,24,0
2026-08-25T05:35:00Z,1787636100,2.28769,2.28778,2.28736,2.2874,96,24,0
2026-08-25T05:40:00Z,1787636400,2.2874,2.2878600000000002,2.2874,2.2878600000000002,112,24,0
2026-08-25T05:45:00Z,1787636700,2.2878600000000002,2.2878600000000002,2.28742,2.28771,111,24,0
2026-08-25T05:50:00Z,1787637000,2.28771,2.28791,2.28764,2.28764,107,24,0
2026-08-25T05:55:00Z,1787637300,2.28764,2.28814,2.2874499999999998,2.2881299999999998,180,24,0
2026-08-25T06:00:00Z,1787637600,2.2881299999999998,2.2881299999999998,2.28766,2.28782,199,24,0
2026-08-25T06:05:00Z,1787637900,2.28781,2.28828,2.28769,2.28828,157,24,0
2026-08-25T06:10:00Z,1787638200,2.28828,2.28828,2.2878600000000002,2.2879,150,24,0
2026-08-25T06:15:00Z,1787638500,2.28794,2.28798,2.28736,2.28749,141,24,0
2026-08-25T06:20:00Z,1787638800,2.28747,2.28781,2.28746,2.28748,147,24,0
2026-08-25T06:25:00Z,1787639100,2.2875,2.2876,2.28717,2.28736,134,24,0
2026-08-25T06:30:00Z,1787639400,2.28738,2.2879,2.28723,2.28782,157,24,0
2026-08-25T06:35:00Z,1787639700,2.28782,2.28833,2.28773,2.28819,160,24,0
2026-08-25T06:40:00Z,1787640000,2.28821,2.28824,2.28772,2.28817,158,24,0
2026-08-25T06:45:00Z,1787640300,2.28821,2.28837,2.28807,2.28834,129,24,0
2026-08-25T06:50:00Z,1787640600,2.28834,2.28914,2.2883,2.28913,178,24,0
2026-08-25T06:55:00Z,1787640900,2.2891,2.28925,2.28895,2.28911,176,24,0
2026-08-25T07:00:00Z,1787641200,2.28912,2.29018,2.28904,2.28999,216,24,0
2026-08-25T07:05:00Z,1787641500,2.28995,2.2909800000000002,2.28978,2.29082,218,24,0
2026-08-25T07:10:00Z,1787641800,2.29081,2.2911,2.29065,2.29107,180,24,0
2026-08-25T07:15:00Z,1787642100,2.29104,2.29119,2.29068,2.2909,194,24,0
2026-08-25T07:20:00Z,1787642400,2.2909,2.29113,2.29073,2.29087,150,24,0
2026-08-25T07:25:00Z,1787642700,2.29086,2.29112,2.29075,2.29093,170,24,0
2026-08-25T07:30:00Z,1787643000,2.29094,2.2915900000000002,2.29086,2.29144,162,24,0
2026-08-25T07:35:00Z,1787643300,2.29144,2.29206,2.29139,2.29178,180,24,0
2026-08-25T07:40:00Z,1787643600,2.2917899999999998,2.29228,2.2917899999999998,2.29207,132,24,0
2026-08-25T07:45:00Z,1787643900,2.29205,2.29226,2.29187,2.29199,143,24,0
2026-08-25T07:50:00Z,1787644200,2.29199,2.29199,2.29156,2.29176,167,24,0
2026-08-25T07:55:00Z,1787644500,2.2917199999999998,2.2917899999999998,2.29148,2.29177,141,24,0
2026-08-25T08:00:00Z,1787644800,2.29173,2.29173,2.2913,2.29171,199,24,0
2026-08-25T08:05:00Z,1787645100,2.2917,2.292,2.29157,2.29157,198,24,0
2026-08-25T08:10:00Z,1787645400,2.29158,2.29208,2.29137,2.29173,219,24,0
2026-08-25T08:15:00Z,1787645700,2.29173,2.29173,2.29025,2.29028,189,24,0
2026-08-25T08:20:00Z,1787646000,2.29028,2.2905699999999998,2.28894,2.28916,438,24,0
2026-08-25T08:25:00Z,1787646300,2.2892,2.29,2.28905,2.28975,354,24,0
2026-08-25T08:30:00Z,1787646600,2.28972,2.29046,2.28968,2.29004,224,24,0
2026-08-25T08:35:00Z,1787646900,2.29003,2.29032,2.28988,2.29012,229,24,0
2026-08-25T08:40:00Z,1787647200,2.29008,2.2905699999999998,2.28995,2.29045,149,24,0
2026-08-25T08:45:00Z,1787647500,2.29044,2.29085,2.29035,2.29078,205,24,0
2026-08-25T08:50:00Z,1787647800,2.29078,2.29108,2.29044,2.29095,217,24,0
2026-08-25T08:55:00Z,1787648100,2.29096,2.29108,2.29074,2.29077,191,24,0
2026-08-25T09:00:00Z,1787648400,2.29081,2.2913,2.29074,2.29084,279,24,0
2026-08-25T09:05:00Z,1787648700,2.29084,2.29096,2.28979,2.2898,228,24,0
2026-08-25T09:10:00Z,1787649000,2.2898,2.29004,2.28958,2.28983,203,24,0
2026-08-25T09:15:00Z,1787649300,2.28982,2.29023,2.2897600000000002,2.29005,174,24,0
2026-08-25T09:20:00Z,1787649600,2.29004,2.29009,2.28958,2.28985,145,24,0
2026-08-25T09:25:00Z,1787649900,2.28985,2.29031,2.28945,2.2902,164,24,0
2026-08-25T09:30:00Z,1787650200,2.29016,2.2903700000000002,2.28903,2.28912,391,24,0
2026-08-25T09:35:00Z,1787650500,2.28911,2.28937,2.28883,2.2892,297,24,0
2026-08-25T09:40:00Z,1787650800,2.28916,2.2892,2.28884,2.28897,204,24,0
2026-08-25T09:45:00Z,1787651100,2.28897,2.2890800000000002,2.28832,2.28837,186,24,0
2026-08-25T09:50:00Z,1787651400,2.28838,2.28857,2.2879300000000002,2.28822,195,24,0
2026-08-25T09:55:00Z,1787651700,2.2882,2.28865,2.28754,2.2884,326,24,0
2026-08-25T10:00:00Z,1787652000,2.28839,2.2886699999999998,2.28831,2.28865,184,24,0
2026-08-25T10:05:00Z,1787652300,2.28865,2.28883,2.28842,2.28875,173,24,0
2026-08-25T10:10:00Z,1787652600,2.28876,2.28886,2.28831,2.28833,139,24,0
2026-08-25T10:15:00Z,1787652900,2.28834,2.28846,2.2882,2.28828,160,24,0
2026-08-25T10:20:00Z,1787653200,2.28828,2.2886,2.28825,2.28859,145,24,0
2026-08-25T10:25:00Z,1787653500,2.28859,2.28859,2.28821,2.2885,168,24,0
2026-08-25T10:30:00Z,1787653800,2.28846,2.28846,2.28802,2.28836,157,24,0
2026-08-25T10:35:00Z,1787654100,2.28832,2.28846,2.28774,2.28774,161,24,0
2026-08-25T10:40:00Z,1787654400,2.28773,2.28775,2.28742,2.2876,162,24,0
2026-08-25T10:45:00Z,1787654700,2.2876,2.28764,2.28729,2.28729,130,24,0
2026-08-25T10:50:00Z,1787655000,2.28729,2.28729,2.2862999999999998,2.2866400000000002,172,24,0
2026-08-25T10:55:00Z,1787655300,2.28666,2.28675,2.28616,2.28626,163,24,0
2026-08-25T11:00:00Z,1787655600,2.2862999999999998,2.28651,2.28567,2.2857,180,24,0
2026-08-25T11:05:00Z,1787655900,2.28571,2.28606,2.28544,2.28591,279,24,0
2026-08-25T11:10:00Z,1787656200,2.28594,2.28594,2.28531,2.28537,188,24,0
2026-08-25T11:15:00Z,1787656500,2.2854,2.28548,2.28509,2.28548,192,24,0
2026-08-25T11:20:00Z,1787656800,2.28548,2.28565,2.28479,2.28491,193,24,0
2026-08-25T11:25:00Z,1787657100,2.28491,2.28513,2.28473,2.2850099999999998,151,24,0
2026-08-25T11:30:00Z,1787657400,2.285,2.28516,2.28459,2.28492,196,24,0
2026-08-25T11:35:00Z,1787657700,2.28489,2.2850099999999998,2.28458,2.28459,150,24,0
2026-08-25T11:40:00Z,1787658000,2.28458,2.2846,2.28418,2.28421,134,24,0
2026-08-25T11:45:00Z,1787658300,2.28421,2.28473,2.28405,2.28448,187,24,0
2026-08-25T11:50:00Z,1787658600,2.28448,2.28513,2.28408,2.28509,198,24,0
2026-08-25T11:55:00Z,1787658900,2.28512,2.28551,2.28504,2.28507,185,24,0
2026-08-25T12:00:00Z,1787659200,2.28509,2.28616,2.2850099999999998,2.2858,236,24,0
2026-08-25T12:05:00Z,1787659500,2.2858,2.28595,2.28479,2.28486,219,24,0
2026-08-25T12:10:00Z,1787659800,2.28486,2.28516,2.28454,2.28489,233,24,0
2026-08-25T12:15:00Z,1787660100,2.2848800000000002,2.286,2.2848800000000002,2.28566,186,24,0
2026-08-25T12:20:00Z,1787660400,2.28563,2.28592,2.28543,2.28563,205,24,0
2026-08-25T12:25:00Z,1787660700,2.2856199999999998,2.28592,2.28551,2.28564,151,24,0
2026-08-25T12:30:00Z,1787661000,2.28564,2.28608,2.28553,2.28605,203,24,0
2026-08-25T12:35:00Z,1787661300,2.28605,2.2861000000000002,2.28558,2.28604,184,24,0
2026-08-25T12:40:00Z,1787661600,2.28608,2.28619,2.28557,2.28578,186,24,0
2026-08-25T12:45:00Z,1787661900,2.28578,2.28662,2.28574,2.28641,166,24,0
2026-08-25T12:50:00Z,1787662200,2.28642,2.28646,2.28563,2.28573,174,24,0
2026-08-25T12:55:00Z,1787662500,2.28573,2.28579,2.28538,2.28573,167,24,0
2026-08-25T13:00:00Z,1787662800,2.28577,2.28677,2.28577,2.28612,214,24,0
2026-08-25T13:05:00Z,1787663100,2.28616,2.28702,2.28613,2.28693,242,24,0
2026-08-25T13:10:00Z,1787663400,2.2869,2.28777,2.28632,2.28675,429,24,0
2026-08-25T13:15:00Z,1787663700,2.28673,2.2869,2.28636,2.28674,239,24,0
2026-08-25T13:20:00Z,1787664000,2.28675,2.28737,2.28675,2.2873200000000002,206,24,0
2026-08-25T13:25:00Z,1787664300,2.28733,2.28754,2.28685,2.28693,216,24,0
2026-08-25T13:30:00Z,1787664600,2.2869,2.28713,2.28607,2.28615,276,24,0
2026-08-25T13:35:00Z,1787664900,2.28617,2.28731,2.28616,2.28724,231,24,0
2026-08-25T13:40:00Z,1787665200,2.2872500000000002,2.28746,2.28657,2.2867,238,24,0
2026-08-25T13:45:00Z,1787665500,2.28669,2.28689,2.28637,2.2865,226,24,0
2026-08-25T13:50:00Z,1787665800,2.2865,2.28697,2.28647,2.28697,200,24,0
2026-08-25T13:55:00Z,1787666100,2.28701,2.28713,2.28608,2.28625,263,24,0
2026-08-25T14:00:00Z,1787666400,2.28614,2.28653,2.28608,2.28635,275,24,0
2026-08-25T14:05:00Z,1787666700,2.28636,2.28674,2.28616,2.28642,245,24,0
2026-08-25T14:10:00Z,1787667000,2.2864,2.28662,2.28556,2.28572,220,24,0
2026-08-25T14:15:00Z,1787667300,2.2857,2.2857,2.28509,2.28546,238,24,0
2026-08-25T14:20:00Z,1787667600,2.28548,2.28553,2.28459,2.28459,213,24,0
2026-08-25T14:25:00Z,1787667900,2.28458,2.28468,2.28395,2.28416,204,24,0
2026-08-25T14:30:00Z,1787668200,2.28416,2.28494,2.2835900000000002,2.28438,560,24,0
2026-08-25T14:35:00Z,1787668500,2.28435,2.28436,2.28365,2.2842000000000002,239,24,0
2026-08-25T14:40:00Z,1787668800,2.28424,2.2843999999999998,2.28368,2.28377,230,24,0
2026-08-25T14:45:00Z,1787669100,2.28378,2.28417,2.28348,2.28405,293,24,0
2026-08-25T14:50:00Z,1787669400,2.28404,2.28432,2.28371,2.28393,282,24,0
2026-08-25T14:55:00Z,1787669700,2.28397,2.28399,2.28347,2.28385,274,24,0
2026-08-25T15:00:00Z,1787670000,2.28382,2.28457,2.28382,2.28449,258,24,0
2026-08-25T15:05:00Z,1787670300,2.28448,2.28451,2.28395,2.28402,231,24,0
2026-08-25T15:10:00Z,1787670600,2.28399,2.28441,2.28386,2.28429,176,24,0
2026-08-25T15:15:00Z,1787670900,2.28428,2.28453,2.28384,2.28387,175,24,0
2026-08-25T15:20:00Z,1787671200,2.28387,2.28434,2.28365,2.28434,199,24,0
2026-08-25T15:25:00Z,1787671500,2.28436,2.28476,2.28436,2.28465,159,24,0
2026-08-25T15:30:00Z,1787671800,2.28465,2.28469,2.28296,2.2832,268,24,0
2026-08-25T15:35:00Z,1787672100,2.28322,2.28323,2.28235,2.28265,449,24,0
2026-08-25T15:40:00Z,1787672400,2.28263,2.28301,2.28259,2.28291,219,24,0
2026-08-25T15:45:00Z,1787672700,2.28291,2.28371,2.2829,2.28371,205,24,0
2026-08-25T15:50:00Z,1787673000,2.28371,2.28422,2.2835,2.28418,209,24,0
2026-08-25T15:55:00Z,1787673300,2.28422,2.28434,2.2839,2.28421,200,24,0
2026-08-25T16:00:00Z,1787673600,2.28424,2.2846,2.2842000000000002,2.28448,183,24,0
2026-08-25T16:05:00Z,1787673900,2.28448,2.285,2.28447,2.28479,177,24,0
2026-08-25T16:10:00Z,1787674200,2.28483,2.28492,2.2843999999999998,2.2843999999999998,151,24,0
2026-08-25T16:15:00Z,1787674500,2.28441,2.28453,2.28387,2.28393,142,24,0
2026-08-25T16:20:00Z,1787674800,2.28392,2.28426,2.28391,2.28412,129,24,0
2026-08-25T16:25:00Z,1787675100,2.28415,2.28437,2.28407,2.28426,144,24,0
2026-08-25T16:30:00Z,1787675400,2.2842700000000002,2.28464,2.28426,2.28446,125,24,0
2026-08-25T16:35:00Z,1787675700,2.28445,2.28477,2.28445,2.28461,132,24,0
2026-08-25T16:40:00Z,1787676000,2.2846,2.28464,2.28429,2.28442,129,24,0
2026-08-25T16:45:00Z,1787676300,2.28443,2.28449,2.28422,2.28432,113,24,0
2026-08-25T16:50:00Z,1787676600,2.28432,2.28437,2.28409,2.28416,125,24,0
2026-08-25T16:55:00Z,1787676900,2.28412,2.28421,2.28389,2.28405,145,24,0
2026-08-25T17:00:00Z,1787677200,2.28405,2.28445,2.28391,2.28432,153,24,0
2026-08-25T17:05:00Z,1787677500,2.28435,2.28508,2.28431,2.28502,175,24,0
2026-08-25T17:10:00Z,1787677800,2.28502,2.28505,2.28468,2.28472,143,24,0
2026-08-25T17:15:00Z,1787678100,2.28472,2.28485,2.28438,2.28443,145,24,0
2026-08-25T17:20:00Z,1787678400,2.28444,2.28467,2.28436,2.28466,111,24,0
2026-08-25T17:25:00Z,1787678700,2.28466,2.28469,2.28449,2.28451,143,24,0
2026-08-25T17:30:00Z,1787679000,2.28452,2.2846,2.28439,2.28456,142,24,0
2026-08-25T17:35:00Z,1787679300,2.28457,2.28471,2.28438,2.28459,127,24,0
2026-08-25T17:40:00Z,1787679600,2.28459,2.28471,2.2842700000000002,2.28438,156,24,0
2026-08-25T17:45:00Z,1787679900,2.28438,2.28447,2.28414,2.2842700000000002,112,24,0
2026-08-25T17:50:00Z,1787680200,2.28428,2.28433,2.28412,2.2842000000000002,110,24,0
2026-08-25T17:55:00Z,1787680500,2.28422,2.28428,2.28411,2.28418,149,24,0
2026-08-25T18:00:00Z,1787680800,2.28416,2.28451,2.28416,2.28441,118,24,0
2026-08-25T18:05:00Z,1787681100,2.28441,2.28458,2.28431,2.28444,148,24,0
2026-08-25T18:10:00Z,1787681400,2.28443,2.28444,2.28408,2.28441,132,24,0
2026-08-25T18:15:00Z,1787681700,2.28441,2.2847,2.28433,2.28453,100,24,0
2026-08-25T18:20:00Z,1787682000,2.28453,2.28487,2.28452,2.28467,117,24,0
2026-08-25T18:25:00Z,1787682300,2.28467,2.28467,2.28433,2.28433,119,24,0
2026-08-25T18:30:00Z,1787682600,2.28434,2.2845,2.2843,2.28447,108,24,0
2026-08-25T18:35:00Z,1787682900,2.28446,2.28455,2.28431,2.28449,100,24,0
2026-08-25T18:40:00Z,1787683200,2.28448,2.28455,2.28428,2.28436,96,24,0
2026-08-25T18:45:00Z,1787683500,2.28436,2.28449,2.28415,2.28417,86,24,0
2026-08-25T18:50:00Z,1787683800,2.28417,2.28449,2.28404,2.28441,114,24,0
2026-08-25T18:55:00Z,1787684100,2.28438,2.28447,2.28424,2.28438,117,24,0
2026-08-25T19:00:00Z,1787684400,2.28438,2.28443,2.28414,2.28414,130,24,0
2026-08-25T19:05:00Z,1787684700,2.28412,2.28416,2.2836600000000002,2.28368,88,24,0
2026-08-25T19:10:00Z,1787685000,2.28371,2.28393,2.28362,2.28383,111,24,0
2026-08-25T19:15:00Z,1787685300,2.28382,2.28412,2.28369,2.28388,147,24,0
2026-08-25T19:20:00Z,1787685600,2.28389,2.2841,2.28376,2.2838,140,24,0
2026-08-25T19:25:00Z,1787685900,2.2838,2.28402,2.2837899999999998,2.28392,95,24,0
2026-08-25T19:30:00Z,1787686200,2.28393,2.28403,2.28349,2.2836,111,24,0
2026-08-25T19:35:00Z,1787686500,2.2836,2.2836,2.28313,2.28313,106,24,0
2026-08-25T19:40:00Z,1787686800,2.28313,2.28332,2.28309,2.28325,94,24,0
2026-08-25T19:45:00Z,1787687100,2.28325,2.28376,2.28324,2.2835900000000002,126,24,0
2026-08-25T19:50:00Z,1787687400,2.28358,2.28363,2.28301,2.28316,161,24,0
2026-08-25T19:55:00Z,1787687700,2.28316,2.28323,2.28224,2.28288,230,24,0
2026-08-25T20:00:00Z,1787688000,2.28287,2.28309,2.28272,2.28276,134,24,0
2026-08-25T20:05:00Z,1787688300,2.28272,2.28295,2.2824400000000002,2.28248,119,24,0
2026-08-25T20:10:00Z,1787688600,2.28246,2.28277,2.28229,2.28268,127,24,0
2026-08-25T20:15:00Z,1787688900,2.28268,2.28309,2.28254,2.28304,131,24,0
2026-08-25T20:20:00Z,1787689200,2.28304,2.28326,2.28303,2.2832,116,24,0
2026-08-25T20:25:00Z,1787689500,2.2832,2.28327,2.28301,2.28301,98,24,0
2026-08-25T20:30:00Z,1787689800,2.2830500000000002,2.28313,2.28282,2.28313,102,24,0
2026-08-25T20:35:00Z,1787690100,2.28312,2.2836,2.2831099999999998,2.28357,93,24,0
2026-08-25T20:40:00Z,1787690400,2.28357,2.28377,2.28354,2.28358,106,24,0
2026-08-25T20:45:00Z,1787690700,2.28357,2.28372,2.28341,2.28343,88,24,0
2026-08-25T20:50:00Z,1787691000,2.28342,2.28342,2.2831,2.28315,76,24,0
2026-08-25T20:55:00Z,1787691300,2.2831,2.28338,2.28306,2.28315,114,24,0
2026-08-25T21:05:00Z,1787691900,2.28312,2.28312,2.28312,2.28312,1,64,0
2026-08-25T21:15:00Z,1787692500,2.28312,2.28313,2.28246,2.28247,29,67,0
2026-08-25T21:20:00Z,1787692800,2.28243,2.28243,2.28233,2.28241,13,246,0
2026-08-25T21:25:00Z,1787693100,2.28241,2.28241,2.28227,2.28227,10,260,0
2026-08-25T21:30:00Z,1787693400,2.28225,2.28241,2.28209,2.28241,48,263,0
2026-08-25T21:35:00Z,1787693700,2.28241,2.28264,2.28214,2.28216,58,218,0
2026-08-25T21:40:00Z,1787694000,2.28214,2.2823,2.28207,2.28211,115,249,0
2026-08-25T21:45:00Z,1787694300,2.28209,2.28209,2.28163,2.2817600000000002,132,328,0
2026-08-25T21:50:00Z,1787694600,2.28175,2.2824999999999998,2.28167,2.2824999999999998,144,260,0
2026-08-25T21:55:00Z,1787694900,2.28249,2.28294,2.28079,2.28079,146,179,0
2026-08-25T22:00:00Z,1787695200,2.28146,2.28345,2.28146,2.28342,89,58,0
2026-08-25T22:05:00Z,1787695500,2.28344,2.28365,2.28331,2.28365,40,58,0
2026-08-25T22:10:00Z,1787695800,2.28365,2.2838,2.2834,2.28378,68,58,0
2026-08-25T22:15:00Z,1787696100,2.28374,2.2838,2.28334,2.28334,49,58,0
2026-08-25T22:20:00Z,1787696400,2.28334,2.28368,2.28334,2.28368,62,58,0
2026-08-25T22:25:00Z,1787696700,2.28368,2.28404,2.28364,2.28374,109,58,0
2026-08-25T22:30:00Z,1787697000,2.28372,2.28373,2.28349,2.28349,76,58,0
2026-08-25T22:35:00Z,1787697300,2.28346,2.28352,2.28333,2.28333,41,58,0
2026-08-25T22:40:00Z,1787697600,2.28333,2.28337,2.28317,2.28332,55,58,0
2026-08-25T22:45:00Z,1787697900,2.28332,2.28332,2.28307,2.2831,41,58,0
2026-08-25T22:50:00Z,1787698200,2.2831,2.2831099999999998,2.2830500000000002,2.28307,31,58,0
2026-08-25T22:55:00Z,1787698500,2.28307,2.28309,2.28289,2.283,29,58,0
2026-08-25T23:00:00Z,1787698800,2.28317,2.28323,2.28314,2.28317,52,24,0
2026-08-25T23:05:00Z,1787699100,2.28317,2.28326,2.28306,2.28319,52,24,0
2026-08-25T23:10:00Z,1787699400,2.28319,2.2834,2.28308,2.28338,67,24,0
2026-08-25T23:15:00Z,1787699700,2.28338,2.28339,2.28321,2.28326,41,24,0
2026-08-25T23:20:00Z,1787700000,2.28327,2.28329,2.28309,2.2831,49,24,0
2026-08-25T23:25:00Z,1787700300,2.2831099999999998,2.28348,2.28307,2.28337,70,24,0
2026-08-25T23:30:00Z,1787700600,2.28337,2.28347,2.28336,2.28346,31,24,0
2026-08-25T23:35:00Z,1787700900,2.28346,2.28353,2.28343,2.28353,30,24,0
2026-08-25T23:40:00Z,1787701200,2.28353,2.28393,2.28342,2.28364,95,24,0
2026-08-25T23:45:00Z,1787701500,2.28364,2.28369,2.28344,2.28345,62,24,0
2026-08-25T23:50:00Z,1787701800,2.28346,2.28353,2.28308,2.28348,102,24,0
2026-08-25T23:55:00Z,1787702100,2.28348,2.28381,2.28347,2.28369,106,24,0
2026-08-26T00:00:00Z,1787702400,2.2837,2.28391,2.28351,2.28363,148,24,0
2026-08-26T00:05:00Z,1787702700,2.2836,2.28422,2.2835900000000002,2.28388,160,24,0
2026-08-26T00:10:00Z,1787703000,2.28387,2.2839,2.28304,2.28312,141,24,0
2026-08-26T00:15:00Z,1787703300,2.28312,2.28342,2.2830500000000002,2.28337,133,24,0
2026-08-26T00:20:00Z,1787703600,2.28341,2.28368,2.28333,2.28348,139,24,0
2026-08-26T00:25:00Z,1787703900,2.28347,2.28358,2.28323,2.28358,120,24,0
2026-08-26T00:30:00Z,1787704200,2.28358,2.28368,2.28334,2.28361,103,24,0
2026-08-26T00:35:00Z,1787704500,2.2836,2.28403,2.28357,2.28382,137,24,0
2026-08-26T00:40:00Z,1787704800,2.28381,2.28388,2.2831799999999998,2.28333,126,24,0
2026-08-26T00:45:00Z,1787705100,2.28334,2.28386,2.2831,2.28382,157,24,0
2026-08-26T00:50:00Z,1787705400,2.28383,2.28402,2.2836,2.284,149,24,0
2026-08-26T00:55:00Z,1787705700,2.28396,2.28406,2.28348,2.28354,152,24,0
2026-08-26T01:00:00Z,1787706000,2.28354,2.28362,2.2832,2.28349,180,24,0
2026-08-26T01:05:00Z,1787706300,2.28349,2.28382,2.2833,2.28342,139,24,0
2026-08-26T01:10:00Z,1787706600,2.28343,2.28431,2.28343,2.28413,130,24,0
2026-08-26T01:15:00Z,1787706900,2.28413,2.28441,2.28392,2.28435,145,24,0
2026-08-26T01:20:00Z,1787707200,2.28434,2.28435,2.28371,2.28375,134,24,0
2026-08-26T01:25:00Z,1787707500,2.28375,2.28428,2.28357,2.28417,153,24,0
2026-08-26T01:30:00Z,1787707800,2.2837899999999998,2.28837,2.28356,2.28668,481,24,0
2026-08-26T01:35:00Z,1787708100,2.2867,2.28713,2.28566,2.28597,238,24,0
2026-08-26T01:40:00Z,1787708400,2.28595,2.2881,2.28574,2.28711,273,24,0
2026-08-26T01:45:00Z,1787708700,2.2871,2.28926,2.2871,2.28913,312,24,0
2026-08-26T01:50:00Z,1787709000,2.2891,2.29021,2.28755,2.28761,444,24,0
2026-08-26T01:55:00Z,1787709300,2.28763,2.28858,2.28746,2.28802,271,24,0
2026-08-26T02:00:00Z,1787709600,2.28802,2.28875,2.28717,2.28868,252,24,0
2026-08-26T02:05:00Z,1787709900,2.2886699999999998,2.28872,2.28804,2.28826,201,24,0
2026-08-26T02:10:00Z,1787710200,2.28827,2.28838,2.28759,2.28759,222,24,0
2026-08-26T02:15:00Z,1787710500,2.28758,2.28849,2.28748,2.28823,199,24,0
2026-08-26T02:20:00Z,1787710800,2.28822,2.28838,2.28773,2.28838,147,24,0
2026-08-26T02:25:00Z,1787711100,2.28838,2.2886,2.28699,2.28699,201,24,0
2026-08-26T02:30:00Z,1787711400,2.287,2.28815,2.28644,2.28766,199,24,0
2026-08-26T02:35:00Z,1787711700,2.28766,2.28766,2.28685,2.28695,136,24,0
2026-08-26T02:40:00Z,1787712000,2.28692,2.28729,2.28659,2.28689,173,24,0
2026-08-26T02:45:00Z,1787712300,2.28689,2.28746,2.28683,2.2873,116,24,0
2026-08-26T02:50:00Z,1787712600,2.28729,2.2878600000000002,2.28712,2.2878600000000002,154,24,0
2026-08-26T02:55:00Z,1787712900,2.28788,2.28851,2.28788,2.28823,151,24,0
2026-08-26T03:00:00Z,1787713200,2.28819,2.28891,2.28795,2.28876,167,24,0
2026-08-26T03:05:00Z,1787713500,2.2887399999999998,2.2894,2.28864,2.28907,146,24,0
2026-08-26T03:10:00Z,1787713800,2.28904,2.2893,2.28871,2.28901,117,24,0
2026-08-26T03:15:00Z,1787714100,2.28901,2.28924,2.28849,2.28869,127,24,0
2026-08-26T03:20:00Z,1787714400,2.2887,2.28959,2.2887,2.28924,164,24,0
2026-08-26T03:25:00Z,1787714700,2.28924,2.28926,2.28862,2.28862,101,24,0
2026-08-26T03:30:00Z,1787715000,2.28862,2.28868,2.28826,2.2883,142,24,0
2026-08-26T03:35:00Z,1787715300,2.2883,2.28863,2.28812,2.28857,105,24,0
2026-08-26T03:40:00Z,1787715600,2.2886,2.28883,2.28828,2.28882,119,24,0
2026-08-26T03:45:00Z,1787715900,2.28882,2.28964,2.2884700000000002,2.28959,138,24,0
2026-08-26T03:50:00Z,1787716200,2.28959,2.2898,2.28878,2.2890800000000002,162,24,0
2026-08-26T03:55:00Z,1787716500,2.2890800000000002,2.28939,2.28904,2.28909,98,24,0
2026-08-26T04:00:00Z,1787716800,2.28907,2.28907,2.28855,2.28864,99,24,0
2026-08-26T04:05:00Z,1787717100,2.28864,2.28925,2.28863,2.28891,101,24,0
2026-08-26T04:10:00Z,1787717400,2.28891,2.2891,2.28891,2.2891,71,24,0
2026-08-26T04:15:00Z,1787717700,2.28909,2.28945,2.28896,2.28917,122,24,0
2026-08-26T04:20:00Z,1787718000,2.28917,2.28945,2.28903,2.2891,101,24,0
2026-08-26T04:25:00Z,1787718300,2.28911,2.28944,2.2890800000000002,2.28927,105,24,0
2026-08-26T04:30:00Z,1787718600,2.2892799999999998,2.28941,2.28897,2.28899,80,24,0
2026-08-26T04:35:00Z,1787718900,2.28899,2.28971,2.28895,2.28929,119,24,0
2026-08-26T04:40:00Z,1787719200,2.2892799999999998,2.2893499999999998,2.28901,2.28933,85,24,0
2026-08-26T04:45:00Z,1787719500,2.28933,2.28979,2.28919,2.28957,104,24,0
2026-08-26T04:50:00Z,1787719800,2.28955,2.2901,2.28952,2.28977,94,24,0
2026-08-26T04:55:00Z,1787720100,2.28977,2.29016,2.28965,2.28973,132,24,0
2026-08-26T05:00:00Z,1787720400,2.28973,2.28973,2.28898,2.28904,126,24,0
2026-08-26T05:05:00Z,1787720700,2.28903,2.28959,2.28897,2.28943,126,24,0
2026-08-26T05:10:00Z,1787721000,2.28943,2.28961,2.28938,2.28938,95,24,0
2026-08-26T05:15:00Z,1787721300,2.28938,2.28971,2.28924,2.28948,125,24,0
2026-08-26T05:20:00Z,1787721600,2.28949,2.28986,2.28946,2.28973,74,24,0
2026-08-26T05:25:00Z,1787721900,2.28973,2.28977,2.28903,2.28932,91,24,0
2026-08-26T05:30:00Z,1787722200,2.28931,2.28945,2.28898,2.28898,123,24,0
2026-08-26T05:35:00Z,1787722500,2.28897,2.28927,2.28891,2.28912,115,24,0
2026-08-26T05:40:00Z,1787722800,2.28912,2.28937,2.28876,2.2893499999999998,129,24,0
2026-08-26T05:45:00Z,1787723100,2.2893499999999998,2.28952,2.28903,2.28947,151,24,0
2026-08-26T05:50:00Z,1787723400,2.28946,2.2898,2.28918,2.28937,130,24,0
2026-08-26T05:55:00Z,1787723700,2.28936,2.28966,2.28899,2.28966,120,24,0
2026-08-26T06:00:00Z,1787724000,2.28965,2.28987,2.28937,2.28939,202,24,0
2026-08-26T06:05:00Z,1787724300,2.28937,2.29009,2.28929,2.29005,162,24,0
2026-08-26T06:10:00Z,1787724600,2.29003,2.29077,2.29003,2.29072,160,24,0
2026-08-26T06:15:00Z,1787724900,2.29073,2.291,2.29014,2.29034,226,24,0
2026-08-26T06:20:00Z,1787725200,2.29038,2.29089,2.29008,2.29026,230,24,0
2026-08-26T06:25:00Z,1787725500,2.29025,2.2915900000000002,2.28993,2.29151,231,24,0
2026-08-26T06:30:00Z,1787725800,2.2915200000000002,2.2923,2.29143,2.29209,204,24,0
2026-08-26T06:35:00Z,1787726100,2.29208,2.29209,2.29157,2.29175,142,24,0
2026-08-26T06:40:00Z,1787726400,2.29173,2.29175,2.29094,2.29122,170,24,0
2026-08-26T06:45:00Z,1787726700,2.29124,2.29156,2.29108,2.29145,160,24,0
2026-08-26T06:50:00Z,1787727000,2.29145,2.29222,2.29141,2.29204,155,24,0
2026-08-26T06:55:00Z,1787727300,2.29203,2.29215,2.29174,2.29204,219,24,0
2026-08-26T07:00:00Z,1787727600,2.29201,2.29265,2.29177,2.29202,264,24,0
2026-08-26T07:05:00Z,1787727900,2.29201,2.29245,2.29147,2.29201,204,24,0
2026-08-26T07:10:00Z,1787728200,2.29205,2.2921300000000002,2.29112,2.29133,208,24,0
2026-08-26T07:15:00Z,1787728500,2.29131,2.2919,2.29131,2.29169,163,24,0
2026-08-26T07:20:00Z,1787728800,2.29169,2.29196,2.29132,2.29144,173,24,0
2026-08-26T07:25:00Z,1787729100,2.29143,2.29176,2.29121,2.29165,158,24,0
2026-08-26T07:30:00Z,1787729400,2.29166,2.2918,2.29106,2.29108,166,24,0
2026-08-26T07:35:00Z,1787729700,2.29107,2.29112,2.2904999999999998,2.29083,154,24,0
2026-08-26T07:40:00Z,1787730000,2.29079,2.29115,2.29067,2.29082,129,24,0
2026-08-26T07:45:00Z,1787730300,2.29083,2.29086,2.28974,2.28984,127,24,0
2026-08-26T07:50:00Z,1787730600,2.28985,2.29021,2.28933,2.28956,174,24,0
2026-08-26T07:55:00Z,1787730900,2.28956,2.2896,2.28889,2.28893,183,24,0
2026-08-26T08:00:00Z,1787731200,2.28892,2.28901,2.2884700000000002,2.28889,209,24,0
2026-08-26T08:05:00Z,1787731500,2.2889,2.28894,2.28839,2.28844,201,24,0
2026-08-26T08:10:00Z,1787731800,2.28845,2.28866,2.28759,2.28759,198,24,0
2026-08-26T08:15:00Z,1787732100,2.28759,2.28826,2.28742,2.28817,185,24,0
2026-08-26T08:20:00Z,1787732400,2.28815,2.28862,2.28808,2.2884700000000002,162,24,0
2026-08-26T08:25:00Z,1787732700,2.28846,2.28849,2.28795,2.28796,181,24,0
2026-08-26T08:30:00Z,1787733000,2.28792,2.28837,2.28779,2.2879300000000002,165,24,0
2026-08-26T08:35:00Z,1787733300,2.2879300000000002,2.28817,2.28748,2.2881299999999998,160,24,0
2026-08-26T08:40:00Z,1787733600,2.2881299999999998,2.28846,2.28801,2.28839,184,24,0
2026-08-26T08:45:00Z,1787733900,2.28838,2.2884,2.28755,2.28764,153,24,0
2026-08-26T08:50:00Z,1787734200,2.28765,2.28781,2.2875,2.28768,114,24,0
2026-08-26T08:55:00Z,1787734500,2.28768,2.28808,2.28765,2.28804,151,24,0
2026-08-26T09:00:00Z,1787734800,2.28805,2.28839,2.28765,2.28788,195,24,0
2026-08-26T09:05:00Z,1787735100,2.28787,2.28789,2.28748,2.28778,143,24,0
2026-08-26T09:10:00Z,1787735400,2.28777,2.28797,2.2875,2.28778,127,24,0
2026-08-26T09:15:00Z,1787735700,2.28779,2.28824,2.28773,2.28824,120,24,0
2026-08-26T09:20:00Z,1787736000,2.28824,2.28848,2.28804,2.28836,161,24,0
2026-08-26T09:25:00Z,1787736300,2.2884,2.28865,2.28821,2.2885400000000002,147,24,0
2026-08-26T09:30:00Z,1787736600,2.28853,2.28859,2.28823,2.28845,122,24,0
2026-08-26T09:35:00Z,1787736900,2.28844,2.28887,2.28838,2.28857,145,24,0
2026-08-26T09:40:00Z,1787737200,2.28859,2.28877,2.28834,2.28834,113,24,0
2026-08-26T09:45:00Z,1787737500,2.28833,2.28839,2.28802,2.28829,131,24,0
2026-08-26T09:50:00Z,1787737800,2.28829,2.28844,2.28809,2.28842,125,24,0
2026-08-26T09:55:00Z,1787738100,2.28841,2.28855,2.28809,2.28816,139,24,0
2026-08-26T10:00:00Z,1787738400,2.28816,2.28816,2.28776,2.28778,128,24,0
2026-08-26T10:05:00Z,1787738700,2.28779,2.28781,2.28763,2.28778,82,24,0
2026-08-26T10:10:00Z,1787739000,2.28776,2.28776,2.28741,2.28758,59,24,0
2026-08-26T10:15:00Z,1787739300,2.28759,2.28759,2.28729,2.28742,117,24,0
2026-08-26T10:20:00Z,1787739600,2.28742,2.28767,2.28715,2.28734,97,24,0
2026-08-26T10:25:00Z,1787739900,2.28731,2.28736,2.28704,2.28717,167,24,0
2026-08-26T10:30:00Z,1787740200,2.28713,2.28751,2.28704,2.28741,121,24,0
2026-08-26T10:35:00Z,1787740500,2.2874,2.2876,2.28709,2.2872500000000002,129,24,0
2026-08-26T10:40:00Z,1787740800,2.2872500000000002,2.28782,2.28722,2.28774,114,24,0
2026-08-26T10:45:00Z,1787741100,2.28775,2.28778,2.28749,2.2875199999999998,106,24,0
2026-08-26T10:50:00Z,1787741400,2.28751,2.28765,2.28734,2.28753,119,24,0
2026-08-26T10:55:00Z,1787741700,2.28753,2.28777,2.28749,2.28775,123,24,0
2026-08-26T11:00:00Z,1787742000,2.28776,2.28841,2.28754,2.28838,173,24,0
2026-08-26T11:05:00Z,1787742300,2.28838,2.28895,2.28827,2.2888,140,24,0
2026-08-26T11:10:00Z,1787742600,2.2888,2.28893,2.28851,2.28857,139,24,0
2026-08-26T11:15:00Z,1787742900,2.28859,2.28869,2.2884,2.2886699999999998,122,24,0
2026-08-26T11:20:00Z,1787743200,2.2886699999999998,2.28882,2.28843,2.28861,134,24,0
2026-08-26T11:25:00Z,1787743500,2.28857,2.28886,2.28826,2.28884,167,24,0
2026-08-26T11:30:00Z,1787743800,2.28885,2.28896,2.28848,2.28849,185,24,0
2026-08-26T11:35:00Z,1787744100,2.28849,2.28861,2.28822,2.28851,144,24,0
2026-08-26T11:40:00Z,1787744400,2.2885,2.28852,2.28789,2.288,121,24,0
2026-08-26T11:45:00Z,1787744700,2.288,2.28824,2.2879,2.2882,154,24,0
2026-08-26T11:50:00Z,1787745000,2.28824,2.28826,2.28751,2.28751,153,24,0
2026-08-26T11:55:00Z,1787745300,2.28754,2.28836,2.2875199999999998,2.28773,161,24,0
2026-08-26T12:00:00Z,1787745600,2.28775,2.28775,2.28712,2.28719,179,24,0
2026-08-26T12:05:00Z,1787745900,2.2872,2.28741,2.28707,2.28721,198,24,0
2026-08-26T12:10:00Z,1787746200,2.28721,2.28758,2.28717,2.2873,158,24,0
2026-08-26T12:15:00Z,1787746500,2.2873,2.28751,2.28683,2.28683,174,24,0
2026-08-26T12:20:00Z,1787746800,2.28683,2.28708,2.2866,2.28698,186,24,0
2026-08-26T12:25:00Z,1787747100,2.28699,2.28703,2.28602,2.28637,339,24,0
2026-08-26T12:30:00Z,1787747400,2.28645,2.28796,2.28625,2.28692,539,24,0
2026-08-26T12:35:00Z,1787747700,2.2869099999999998,2.28723,2.28617,2.28714,321,24,0
2026-08-26T12:40:00Z,1787748000,2.28714,2.28807,2.28688,2.28768,336,24,0
2026-08-26T12:45:00Z,1787748300,2.28767,2.28826,2.2873,2.2876,267,24,0
2026-08-26T12:50:00Z,1787748600,2.28756,2.28864,2.28748,2.28849,446,24,0
2026-08-26T12:55:00Z,1787748900,2.28848,2.28875,2.28794,2.28837,353,24,0
2026-08-26T13:00:00Z,1787749200,2.28835,2.28889,2.28799,2.28889,286,24,0
2026-08-26T13:05:00Z,1787749500,2.28885,2.2892,2.28863,2.28895,291,24,0
2026-08-26T13:10:00Z,1787749800,2.28897,2.28903,2.2884,2.28878,235,24,0
2026-08-26T13:15:00Z,1787750100,2.28877,2.2892,2.28817,2.28833,274,24,0
2026-08-26T13:20:00Z,1787750400,2.28837,2.28846,2.28779,2.28788,218,24,0
2026-08-26T13:25:00Z,1787750700,2.28788,2.28795,2.28753,2.28757,211,24,0
2026-08-26T13:30:00Z,1787751000,2.28756,2.28766,2.28712,2.28736,248,24,0
2026-08-26T13:35:00Z,1787751300,2.2874,2.28876,2.28736,2.28872,333,24,0
2026-08-26T13:40:00Z,1787751600,2.28869,2.28881,2.28737,2.28758,275,24,0
2026-08-26T13:45:00Z,1787751900,2.28757,2.28772,2.28709,2.28754,238,24,0
2026-08-26T13:50:00Z,1787752200,2.28754,2.2879300000000002,2.28749,2.2875199999999998,250,24,0
2026-08-26T13:55:00Z,1787752500,2.2875199999999998,2.28782,2.28714,2.28773,245,24,0
2026-08-26T14:00:00Z,1787752800,2.28769,2.28841,2.2873,2.28735,358,24,0
2026-08-26T14:05:00Z,1787753100,2.28735,2.28794,2.28735,2.28767,252,24,0
2026-08-26T14:10:00Z,1787753400,2.28766,2.28789,2.28716,2.28784,201,24,0
2026-08-26T14:15:00Z,1787753700,2.28781,2.28829,2.28779,2.28823,223,24,0
2026-08-26T14:20:00Z,1787754000,2.28823,2.2884700000000002,2.2879,2.2881299999999998,274,24,0
2026-08-26T14:25:00Z,1787754300,2.28817,2.28875,2.28802,2.28848,281,24,0
2026-08-26T14:30:00Z,1787754600,2.28848,2.28881,2.28821,2.28843,231,24,0
2026-08-26T14:35:00Z,1787754900,2.28843,2.2887399999999998,2.28819,2.28829,216,24,0
2026-08-26T14:40:00Z,1787755200,2.28828,2.28912,2.28828,2.28905,225,24,0
2026-08-26T14:45:00Z,1787755500,2.28904,2.28923,2.28873,2.28878,239,24,0
2026-08-26T14:50:00Z,1787755800,2.28876,2.28916,2.28816,2.28888,270,24,0
2026-08-26T14:55:00Z,1787756100,2.28892,2.29015,2.28892,2.29002,360,24,0
2026-08-26T15:00:00Z,1787756400,2.29006,2.29018,2.28933,2.28952,254,24,0
2026-08-26T15:05:00Z,1787756700,2.28951,2.28957,2.28889,2.28897,262,24,0
2026-08-26T15:10:00Z,1787757000,2.28895,2.28955,2.28895,2.28947,185,24,0
2026-08-26T15:15:00Z,1787757300,2.28948,2.28966,2.28919,2.28927,192,24,0
2026-08-26T15:20:00Z,1787757600,2.28925,2.2893499999999998,2.28892,2.28897,187,24,0
2026-08-26T15:25:00Z,1787757900,2.28896,2.28942,2.28886,2.28906,200,24,0
2026-08-26T15:30:00Z,1787758200,2.28905,2.28922,2.28851,2.2891500000000002,197,24,0
2026-08-26T15:35:00Z,1787758500,2.28917,2.28947,2.28905,2.28936,186,24,0
2026-08-26T15:40:00Z,1787758800,2.28938,2.28941,2.28905,2.2890800000000002,192,24,0
2026-08-26T15:45:00Z,1787759100,2.28909,2.28919,2.28869,2.28877,148,24,0
2026-08-26T15:50:00Z,1787759400,2.28875,2.28974,2.28875,2.28962,408,24,0
2026-08-26T15:55:00Z,1787759700,2.28964,2.28986,2.28903,2.28945,244,24,0
2026-08-26T16:00:00Z,1787760000,2.28942,2.28954,2.289,2.28902,205,24,0
2026-08-26T16:05:00Z,1787760300,2.289,2.2890800000000002,2.2887,2.28891,178,24,0
2026-08-26T16:10:00Z,1787760600,2.28892,2.28942,2.28892,2.28897,182,24,0
2026-08-26T16:15:00Z,1787760900,2.28897,2.28905,2.28859,2.28859,166,24,0
2026-08-26T16:20:00Z,1787761200,2.28859,2.28881,2.28811,2.2883,175,24,0
2026-08-26T16:25:00Z,1787761500,2.2883,2.2885400000000002,2.28829,2.28837,155,24,0
2026-08-26T16:30:00Z,1787761800,2.28834,2.28841,2.28804,2.28809,178,24,0
2026-08-26T16:35:00Z,1787762100,2.2881299999999998,2.28823,2.28781,2.28816,158,24,0
2026-08-26T16:40:00Z,1787762400,2.28816,2.2885,2.28802,2.28844,131,24,0
2026-08-26T16:45:00Z,1787762700,2.28843,2.28849,2.2881299999999998,2.28816,141,24,0
2026-08-26T16:50:00Z,1787763000,2.28816,2.28836,2.28797,2.28822,154,24,0
2026-08-26T16:55:00Z,1787763300,2.28826,2.28839,2.28801,2.28816,158,24,0
2026-08-26T17:00:00Z,1787763600,2.28816,2.28826,2.2879,2.28803,177,24,0
2026-08-26T17:05:00Z,1787763900,2.28801,2.2880599999999998,2.28783,2.2879300000000002,103,24,0
2026-08-26T17:10:00Z,1787764200,2.28794,2.28799,2.28766,2.2877,122,24,0
2026-08-26T17:15:00Z,1787764500,2.28774,2.28782,2.28736,2.28739,148,24,0
2026-08-26T17:20:00Z,1787764800,2.2874,2.28765,2.2874,2.2876,127,24,0
2026-08-26T17:25:00Z,1787765100,2.2876,2.28766,2.28733,2.28738,118,24,0
2026-08-26T17:30:00Z,1787765400,2.28738,2.28751,2.28729,2.28735,134,24,0
2026-08-26T17:35:00Z,1787765700,2.28731,2.28749,2.28724,2.28749,111,24,0
2026-08-26T17:40:00Z,1787766000,2.2875,2.28758,2.28735,2.28746,92,24,0
2026-08-26T17:45:00Z,1787766300,2.2874499999999998,2.28762,2.28737,2.2874,115,24,0
2026-08-26T17:50:00Z,1787766600,2.28739,2.28739,2.28718,2.28733,96,24,0
2026-08-26T17:55:00Z,1787766900,2.28733,2.28744,2.28717,2.28722,149,24,0
2026-08-26T18:00:00Z,1787767200,2.28723,2.28736,2.28701,2.28701,124,24,0
2026-08-26T18:05:00Z,1787767500,2.28702,2.28703,2.2867100000000002,2.28688,141,24,0
2026-08-26T18:10:00Z,1787767800,2.28689,2.2872,2.28678,2.28715,115,24,0
2026-08-26T18:15:00Z,1787768100,2.28715,2.28729,2.28712,2.28722,92,24,0
2026-08-26T18:20:00Z,1787768400,2.28721,2.28748,2.28717,2.28748,91,24,0
2026-08-26T18:25:00Z,1787768700,2.28748,2.28748,2.28722,2.2874,105,24,0
2026-08-26T18:30:00Z,1787769000,2.2874,2.28741,2.28704,2.28713,104,24,0
2026-08-26T18:35:00Z,1787769300,2.28715,2.28728,2.28703,2.28726,97,24,0
2026-08-26T18:40:00Z,1787769600,2.28729,2.28731,2.2869,2.2869099999999998,77,24,0
2026-08-26T18:45:00Z,1787769900,2.2869099999999998,2.2873,2.2869,2.28724,78,24,0
2026-08-26T18:50:00Z,1787770200,2.28724,2.28733,2.28715,2.2873200000000002,86,24,0
2026-08-26T18:55:00Z,1787770500,2.2873200000000002,2.28757,2.28721,2.28756,117,24,0
2026-08-26T19:00:00Z,1787770800,2.28755,2.28755,2.28659,2.28674,176,24,0
2026-08-26T19:05:00Z,1787771100,2.28674,2.28676,2.28646,2.28647,103,24,0
2026-08-26T19:10:00Z,1787771400,2.28646,2.28655,2.28631,2.28652,85,24,0
2026-08-26T19:15:00Z,1787771700,2.28654,2.28654,2.28634,2.28636,69,24,0
2026-08-26T19:20:00Z,1787772000,2.28636,2.2867,2.28636,2.28654,83,24,0
2026-08-26T19:25:00Z,1787772300,2.28655,2.28678,2.2865,2.28669,83,24,0
2026-08-26T19:30:00Z,1787772600,2.28669,2.28692,2.28666,2.28688,130,24,0
2026-08-26T19:35:00Z,1787772900,2.28687,2.2869,2.28669,2.28683,85,24,0
2026-08-26T19:40:00Z,1787773200,2.28683,2.28692,2.28667,2.28667,69,24,0
2026-08-26T19:45:00Z,1787773500,2.28667,2.2867100000000002,2.28656,2.28667,92,24,0
2026-08-26T19:50:00Z,1787773800,2.28668,2.28716,2.28662,2.28716,118,24,0
2026-08-26T19:55:00Z,1787774100,2.28715,2.28724,2.28698,2.28701,142,24,0
2026-08-26T20:00:00Z,1787774400,2.28699,2.28709,2.28675,2.28681,129,24,0
2026-08-26T20:05:00Z,1787774700,2.28681,2.2869099999999998,2.28668,2.28674,96,24,0
2026-08-26T20:10:00Z,1787775000,2.28674,2.28696,2.28673,2.28695,73,24,0
2026-08-26T20:15:00Z,1787775300,2.28696,2.28716,2.28686,2.2871,69,24,0
2026-08-26T20:20:00Z,1787775600,2.28714,2.28728,2.28706,2.28709,138,24,0
2026-08-26T20:25:00Z,1787775900,2.28709,2.28719,2.28702,2.28716,74,24,0
2026-08-26T20:30:00Z,1787776200,2.28716,2.2872,2.28659,2.28685,68,24,0
2026-08-26T20:35:00Z,1787776500,2.28685,2.28694,2.28668,2.28685,91,24,0
2026-08-26T20:40:00Z,1787776800,2.28688,2.28719,2.2868399999999998,2.2871,66,24,0
2026-08-26T20:45:00Z,1787777100,2.28714,2.2875199999999998,2.28714,2.28748,71,24,0
2026-08-26T20:50:00Z,1787777400,2.28744,2.28765,2.28721,2.28722,63,24,0
2026-08-26T20:55:00Z,1787777700,2.28723,2.28785,2.2868,2.28717,198,22,0
2026-08-26T21:05:00Z,1787778300,2.28718,2.28718,2.28718,2.28718,1,36,0
2026-08-26T21:25:00Z,1787779500,2.28713,2.28713,2.28692,2.28692,18,48,0
2026-08-26T21:30:00Z,1787779800,2.28693,2.28697,2.28679,2.28682,44,95,0
2026-08-26T21:35:00Z,1787780100,2.2868399999999998,2.28694,2.28681,2.2868399999999998,53,92,0
2026-08-26T21:40:00Z,1787780400,2.28685,2.28687,2.28673,2.28686,41,123,0
2026-08-26T21:45:00Z,1787780700,2.28686,2.28689,2.28651,2.28651,58,118,0
2026-08-26T21:50:00Z,1787781000,2.28649,2.28649,2.28624,2.28628,59,162,0
2026-08-26T21:55:00Z,1787781300,2.28627,2.28639,2.28567,2.28591,153,165,0
2026-08-26T22:00:00Z,1787781600,2.28635,2.28654,2.28602,2.28635,125,58,0
2026-08-26T22:05:00Z,1787781900,2.28641,2.28669,2.28627,2.28658,85,58,0
2026-08-26T22:10:00Z,1787782200,2.28661,2.28669,2.28633,2.28635,58,58,0
2026-08-26T22:15:00Z,1787782500,2.28635,2.28649,2.28621,2.28622,47,58,0
2026-08-26T22:20:00Z,1787782800,2.28624,2.2864,2.28611,2.28635,54,58,0
2026-08-26T22:25:00Z,1787783100,2.28631,2.28641,2.28627,2.2864,54,58,0
2026-08-26T22:30:00Z,1787783400,2.2864,2.28642,2.28611,2.28612,57,58,0
2026-08-26T22:35:00Z,1787783700,2.28613,2.28644,2.28604,2.2862999999999998,67,58,0
2026-08-26T22:40:00Z,1787784000,2.2862999999999998,2.2862999999999998,2.28585,2.28585,45,58,0
2026-08-26T22:45:00Z,1787784300,2.28585,2.28586,2.28577,2.2858,44,58,0
2026-08-26T22:50:00Z,1787784600,2.2858,2.286,2.28579,2.286,25,58,0
2026-08-26T22:55:00Z,1787784900,2.28592,2.28628,2.28589,2.28625,71,58,0
2026-08-26T23:00:00Z,1787785200,2.2864,2.28644,2.28605,2.28618,102,24,0
2026-08-26T23:05:00Z,1787785500,2.28618,2.28629,2.28615,2.28618,21,24,0
2026-08-26T23:10:00Z,1787785800,2.28618,2.2862299999999998,2.28577,2.28601,62,24,0
2026-08-26T23:15:00Z,1787786100,2.28602,2.28602,2.28506,2.28524,126,24,0
2026-08-26T23:20:00Z,1787786400,2.28525,2.28568,2.28494,2.2856,140,24,0
2026-08-26T23:25:00Z,1787786700,2.28561,2.28563,2.28531,2.28557,99,24,0
2026-08-26T23:30:00Z,1787787000,2.28557,2.28557,2.2851,2.2851,71,24,0
2026-08-26T23:35:00Z,1787787300,2.28511,2.28511,2.28495,2.28495,42,24,0
2026-08-26T23:40:00Z,1787787600,2.28496,2.28523,2.2847,2.28522,73,24,0
2026-08-26T23:45:00Z,1787787900,2.28522,2.28553,2.28502,2.28538,125,24,0
2026-08-26T23:50:00Z,1787788200,2.2854200000000002,2.28593,2.28538,2.28588,129,24,0
2026-08-26T23:55:00Z,1787788500,2.28585,2.28606,2.28577,2.2860300000000002,128,24,0
2026-08-27T00:00:00Z,1787788800,2.28607,2.28641,2.28585,2.28593,333,24,0
2026-08-27T00:05:00Z,1787789100,2.28593,2.28609,2.28545,2.2858,514,24,0
2026-08-27T00:10:00Z,1787789400,2.28584,2.28707,2.28576,2.28668,225,24,0
2026-08-27T00:15:00Z,1787789700,2.28668,2.28704,2.28636,2.28655,193,24,0
2026-08-27T00:20:00Z,1787790000,2.28654,2.28654,2.28599,2.28629,167,24,0
2026-08-27T00:25:00Z,1787790300,2.28629,2.28648,2.28589,2.28599,127,24,0
2026-08-27T00:30:00Z,1787790600,2.28599,2.28602,2.28534,2.28544,168,24,0
2026-08-27T00:35:00Z,1787790900,2.28544,2.28589,2.28533,2.28589,139,24,0
2026-08-27T00:40:00Z,1787791200,2.28588,2.28588,2.28543,2.28565,145,24,0
2026-08-27T00:45:00Z,1787791500,2.28565,2.28575,2.2854200000000002,2.28552,133,24,0
2026-08-27T00:50:00Z,1787791800,2.28552,2.28624,2.28534,2.28589,191,24,0
2026-08-27T00:55:00Z,1787792100,2.28588,2.28592,2.2848100000000002,2.28499,217,24,0
2026-08-27T01:00:00Z,1787792400,2.28498,2.28498,2.28428,2.2845,279,24,0
2026-08-27T01:05:00Z,1787792700,2.2845,2.28455,2.28381,2.28416,164,24,0
2026-08-27T01:10:00Z,1787793000,2.28417,2.2846,2.28415,2.28454,151,24,0
2026-08-27T01:15:00Z,1787793300,2.28456,2.28504,2.28441,2.28466,161,24,0
2026-08-27T01:20:00Z,1787793600,2.28465,2.28478,2.28367,2.28369,156,24,0
2026-08-27T01:25:00Z,1787793900,2.28369,2.2848800000000002,2.28369,2.2848,186,24,0
2026-08-27T01:30:00Z,1787794200,2.28476,2.28507,2.28413,2.28426,196,24,0
2026-08-27T01:35:00Z,1787794500,2.2842700000000002,2.28512,2.28416,2.28503,174,24,0
2026-08-27T01:40:00Z,1787794800,2.28506,2.28579,2.28505,2.28565,176,24,0
2026-08-27T01:45:00Z,1787795100,2.28565,2.28581,2.28537,2.28543,143,24,0
2026-08-27T01:50:00Z,1787795400,2.28543,2.28547,2.28468,2.28468,146,24,0
2026-08-27T01:55:00Z,1787795700,2.28466,2.28473,2.28423,2.2843,129,24,0
2026-08-27T02:00:00Z,1787796000,2.28431,2.28458,2.28421,2.2843999999999998,148,24,0
2026-08-27T02:05:00Z,1787796300,2.2843999999999998,2.2843999999999998,2.28358,2.28361,122,24,0
2026-08-27T02:10:00Z,1787796600,2.28362,2.28423,2.28362,2.28389,105,24,0
2026-08-27T02:15:00Z,1787796900,2.28391,2.28392,2.28347,2.28353,88,24,0
2026-08-27T02:20:00Z,1787797200,2.28354,2.28398,2.28351,2.28398,111,24,0
2026-08-27T02:25:00Z,1787797500,2.28398,2.28403,2.28361,2.28377,103,24,0
2026-08-27T02:30:00Z,1787797800,2.28378,2.28386,2.28316,2.28316,118,24,0
2026-08-27T02:35:00Z,1787798100,2.28316,2.28403,2.28296,2.28403,163,24,0
2026-08-27T02:40:00Z,1787798400,2.28402,2.28422,2.28372,2.28377,113,24,0
2026-08-27T02:45:00Z,1787798700,2.28377,2.28378,2.28308,2.28338,129,24,0
2026-08-27T02:50:00Z,1787799000,2.28338,2.28358,2.28292,2.28292,122,24,0
2026-08-27T02:55:00Z,1787799300,2.28291,2.28328,2.28253,2.28301,151,24,0
2026-08-27T03:00:00Z,1787799600,2.28297,2.28331,2.28285,2.28301,156,24,0
2026-08-27T03:05:00Z,1787799900,2.28302,2.2834,2.28292,2.28319,132,24,0
2026-08-27T03:10:00Z,1787800200,2.28319,2.28319,2.28241,2.28243,139,24,0
2026-08-27T03:15:00Z,1787800500,2.28243,2.28253,2.28231,2.28246,95,24,0
2026-08-27T03:20:00Z,1787800800,2.28247,2.28256,2.28238,2.2824999999999998,106,24,0
2026-08-27T03:25:00Z,1787801100,2.2824999999999998,2.28271,2.28226,2.28249,116,24,0
2026-08-27T03:30:00Z,1787801400,2.28249,2.28283,2.28238,2.28263,115,24,0
2026-08-27T03:35:00Z,1787801700,2.28263,2.28291,2.28258,2.28282,90,24,0
2026-08-27T03:40:00Z,1787802000,2.28283,2.2831,2.28279,2.28303,80,24,0
2026-08-27T03:45:00Z,1787802300,2.28299,2.28304,2.28261,2.28301,86,24,0
2026-08-27T03:50:00Z,1787802600,2.28301,2.28316,2.28287,2.28306,93,24,0
2026-08-27T03:55:00Z,1787802900,2.28306,2.28306,2.28258,2.28262,85,24,0
2026-08-27T04:00:00Z,1787803200,2.28264,2.28267,2.28232,2.28249,106,24,0
2026-08-27T04:05:00Z,1787803500,2.28249,2.28268,2.28235,2.28242,87,24,0
2026-08-27T04:10:00Z,1787803800,2.28239,2.28272,2.28214,2.28272,85,24,0
2026-08-27T04:15:00Z,1787804100,2.28272,2.28275,2.28253,2.28255,100,24,0
2026-08-27T04:20:00Z,1787804400,2.28255,2.28295,2.28253,2.28295,84,24,0
2026-08-27T04:25:00Z,1787804700,2.28295,2.28307,2.28281,2.2829800000000002,87,24,0
2026-08-27T04:30:00Z,1787805000,2.2829800000000002,2.28334,2.2829800000000002,2.2833,75,24,0
2026-08-27T04:35:00Z,1787805300,2.28331,2.28331,2.28285,2.28287,77,24,0
2026-08-27T04:40:00Z,1787805600,2.28288,2.28337,2.28284,2.28331,92,24,0
2026-08-27T04:45:00Z,1787805900,2.28331,2.28331,2.28271,2.28272,92,24,0
2026-08-27T04:50:00Z,1787806200,2.28272,2.28319,2.28272,2.2831099999999998,89,24,0
2026-08-27T04:55:00Z,1787806500,2.2831099999999998,2.28313,2.28277,2.28279,81,24,0
2026-08-27T05:00:00Z,1787806800,2.28278,2.28334,2.28274,2.28325,97,24,0
2026-08-27T05:05:00Z,1787807100,2.28325,2.28344,2.2831,2.28331,99,24,0
2026-08-27T05:10:00Z,1787807400,2.2833,2.2837,2.28313,2.28363,74,24,0
2026-08-27T05:15:00Z,1787807700,2.28365,2.28414,2.28365,2.28409,103,24,0
2026-08-27T05:20:00Z,1787808000,2.28409,2.28409,2.28345,2.28346,117,24,0
2026-08-27T05:25:00Z,1787808300,2.28349,2.28367,2.28339,2.28358,111,24,0
2026-08-27T05:30:00Z,1787808600,2.28358,2.2841,2.2835,2.28398,138,24,0
2026-08-27T05:35:00Z,1787808900,2.28401,2.28418,2.28383,2.28385,87,24,0
2026-08-27T05:40:00Z,1787809200,2.28385,2.28385,2.28351,2.28376,117,24,0
2026-08-27T05:45:00Z,1787809500,2.28376,2.28388,2.28363,2.28387,92,24,0
2026-08-27T05:50:00Z,1787809800,2.28387,2.28415,2.28371,2.2838,109,24,0
2026-08-27T05:55:00Z,1787810100,2.2838,2.2846,2.28376,2.28431,135,24,0
2026-08-27T06:00:00Z,1787810400,2.28431,2.28496,2.2841,2.28445,152,24,0
2026-08-27T06:05:00Z,1787810700,2.28445,2.28473,2.28429,2.28429,99,24,0
2026-08-27T06:10:00Z,1787811000,2.28429,2.28433,2.28395,2.28419,134,24,0
2026-08-27T06:15:00Z,1787811300,2.28416,2.2843999999999998,2.28408,2.28423,143,24,0
2026-08-27T06:20:00Z,1787811600,2.28423,2.28449,2.28395,2.28448,177,24,0
2026-08-27T06:25:00Z,1787811900,2.28448,2.28451,2.28417,2.28422,171,24,0
2026-08-27T06:30:00Z,1787812200,2.28423,2.28469,2.28421,2.2843999999999998,155,24,0
2026-08-27T06:35:00Z,1787812500,2.28438,2.28449,2.28404,2.28424,134,24,0
2026-08-27T06:40:00Z,1787812800,2.28425,2.28457,2.28419,2.28442,153,24,0
2026-08-27T06:45:00Z,1787813100,2.28443,2.28446,2.28382,2.28444,178,24,0
2026-08-27T06:50:00Z,1787813400,2.28442,2.28484,2.2842700000000002,2.28433,148,24,0
2026-08-27T06:55:00Z,1787813700,2.28429,2.28442,2.28401,2.28423,164,24,0
2026-08-27T07:00:00Z,1787814000,2.28425,2.28474,2.28425,2.28461,229,24,0
2026-08-27T07:05:00Z,1787814300,2.28457,2.28527,2.28453,2.28512,166,24,0
2026-08-27T07:10:00Z,1787814600,2.28512,2.28566,2.28493,2.2853,190,24,0
2026-08-27T07:15:00Z,1787814900,2.28527,2.28596,2.28525,2.28551,189,24,0
2026-08-27T07:20:00Z,1787815200,2.28555,2.2864,2.28548,2.2864,168,24,0
2026-08-27T07:25:00Z,1787815500,2.2864,2.28681,2.28633,2.28642,199,24,0
2026-08-27T07:30:00Z,1787815800,2.28646,2.28683,2.28629,2.28648,166,24,0
2026-08-27T07:35:00Z,1787816100,2.28644,2.2867,2.28621,2.28641,203,24,0
2026-08-27T07:40:00Z,1787816400,2.28642,2.28673,2.28639,2.28667,161,24,0
2026-08-27T07:45:00Z,1787816700,2.28663,2.28677,2.28632,2.28656,157,24,0
2026-08-27T07:50:00Z,1787817000,2.28657,2.2872,2.28657,2.28673,197,24,0
2026-08-27T07:55:00Z,1787817300,2.28672,2.28711,2.28652,2.2871,178,24,0
2026-08-27T08:00:00Z,1787817600,2.28712,2.28716,2.28641,2.28641,231,24,0
2026-08-27T08:05:00Z,1787817900,2.28644,2.28662,2.28588,2.28602,197,24,0
2026-08-27T08:10:00Z,1787818200,2.28601,2.2862299999999998,2.28564,2.28615,166,24,0
2026-08-27T08:15:00Z,1787818500,2.28616,2.2862299999999998,2.28571,2.2860300000000002,167,24,0
2026-08-27T08:20:00Z,1787818800,2.28604,2.2864,2.28572,2.28573,167,24,0
2026-08-27T08:25:00Z,1787819100,2.28573,2.28574,2.28487,2.2851,181,24,0
2026-08-27T08:30:00Z,1787819400,2.28512,2.28541,2.2848100000000002,2.28515,146,24,0
2026-08-27T08:35:00Z,1787819700,2.28514,2.28522,2.28435,2.28453,189,24,0
2026-08-27T08:40:00Z,1787820000,2.28453,2.28506,2.28441,2.28502,183,24,0
2026-08-27T08:45:00Z,1787820300,2.2850099999999998,2.2851,2.28469,2.28472,160,24,0
2026-08-27T08:50:00Z,1787820600,2.28473,2.28516,2.28467,2.28516,162,24,0
2026-08-27T08:55:00Z,1787820900,2.28515,2.28532,2.28489,2.28509,195,24,0
2026-08-27T09:00:00Z,1787821200,2.28511,2.28518,2.28491,2.28493,234,24,0
2026-08-27T09:05:00Z,1787821500,2.2849,2.28544,2.2849,2.28535,197,24,0
2026-08-27T09:10:00Z,1787821800,2.28532,2.28547,2.28509,2.28528,160,24,0
2026-08-27T09:15:00Z,1787822100,2.28527,2.28566,2.28508,2.28557,186,24,0
2026-08-27T09:20:00Z,1787822400,2.28559,2.2856,2.28509,2.28546,140,24,0
2026-08-27T09:25:00Z,1787822700,2.28546,2.28564,2.28526,2.2854200000000002,166,24,0
2026-08-27T09:30:00Z,1787823000,2.28544,2.28585,2.28531,2.2856899999999998,154,24,0
2026-08-27T09:35:00Z,1787823300,2.28568,2.28604,2.28557,2.28563,198,24,0
2026-08-27T09:40:00Z,1787823600,2.28563,2.28635,2.28558,2.28618,178,24,0
2026-08-27T09:45:00Z,1787823900,2.28619,2.28644,2.28582,2.28626,165,24,0
2026-08-27T09:50:00Z,1787824200,2.28626,2.2862999999999998,2.28587,2.28608,163,24,0
2026-08-27T09:55:00Z,1787824500,2.28609,2.28628,2.28578,2.28596,209,24,0
2026-08-27T10:00:00Z,1787824800,2.28593,2.28604,2.28518,2.28526,237,24,0
2026-08-27T10:05:00Z,1787825100,2.28527,2.28553,2.28521,2.2853,169,24,0
2026-08-27T10:10:00Z,1787825400,2.28531,2.28531,2.28442,2.28448,141,24,0
2026-08-27T10:15:00Z,1787825700,2.28449,2.28464,2.28432,2.28434,139,24,0
2026-08-27T10:20:00Z,1787826000,2.28434,2.28506,2.28429,2.28498,141,24,0
2026-08-27T10:25:00Z,1787826300,2.28499,2.28521,2.2848100000000002,2.28511,164,24,0
2026-08-27T10:30:00Z,1787826600,2.28512,2.28541,2.28512,2.28523,144,24,0
2026-08-27T10:35:00Z,1787826900,2.28523,2.28524,2.28475,2.28494,199,24,0
2026-08-27T10:40:00Z,1787827200,2.28493,2.28507,2.28465,2.28468,143,24,0
2026-08-27T10:45:00Z,1787827500,2.28468,2.2848,2.28445,2.28468,139,24,0
2026-08-27T10:50:00Z,1787827800,2.28468,2.28493,2.28454,2.28472,106,24,0
2026-08-27T10:55:00Z,1787828100,2.28472,2.28472,2.28404,2.28406,156,24,0
2026-08-27T11:00:00Z,1787828400,2.28407,2.28489,2.28389,2.28489,185,24,0
2026-08-27T11:05:00Z,1787828700,2.2849,2.285,2.28472,2.28474,133,24,0
2026-08-27T11:10:00Z,1787829000,2.28474,2.28529,2.28474,2.28518,170,24,0
2026-08-27T11:15:00Z,1787829300,2.28518,2.28518,2.28469,2.28476,162,24,0
2026-08-27T11:20:00Z,1787829600,2.28476,2.28497,2.28453,2.28485,171,24,0
2026-08-27T11:25:00Z,1787829900,2.2848100000000002,2.2848800000000002,2.28456,2.28469,142,24,0
2026-08-27T11:30:00Z,1787830200,2.28466,2.28467,2.28356,2.2836600000000002,255,24,0
2026-08-27T11:35:00Z,1787830500,2.2836600000000002,2.2839,2.28328,2.28328,201,24,0
2026-08-27T11:40:00Z,1787830800,2.28331,2.28337,2.28267,2.28296,174,24,0
2026-08-27T11:45:00Z,1787831100,2.28297,2.28304,2.28263,2.28293,180,24,0
2026-08-27T11:50:00Z,1787831400,2.28292,2.28297,2.2823,2.28259,189,24,0
2026-08-27T11:55:00Z,1787831700,2.28262,2.28272,2.28206,2.28225,222,24,0
2026-08-27T12:00:00Z,1787832000,2.28226,2.28266,2.28132,2.28206,324,24,0
2026-08-27T12:05:00Z,1787832300,2.28205,2.28242,2.28186,2.28186,215,24,0
2026-08-27T12:10:00Z,1787832600,2.28187,2.28223,2.28181,2.28215,198,24,0
2026-08-27T12:15:00Z,1787832900,2.28215,2.2823700000000002,2.28187,2.28218,218,24,0
2026-08-27T12:20:00Z,1787833200,2.28219,2.28308,2.28177,2.283,250,24,0
2026-08-27T12:25:00Z,1787833500,2.283,2.28368,2.28295,2.28313,245,24,0
2026-08-27T12:30:00Z,1787833800,2.28317,2.28337,2.28223,2.28229,189,24,0
2026-08-27T12:35:00Z,1787834100,2.28228,2.28354,2.28226,2.28352,235,24,0
2026-08-27T12:40:00Z,1787834400,2.28356,2.28385,2.28288,2.28313,215,24,0
2026-08-27T12:45:00Z,1787834700,2.2831099999999998,2.28316,2.28275,2.28295,201,24,0
2026-08-27T12:50:00Z,1787835000,2.28295,2.28342,2.28239,2.2824400000000002,190,24,0
2026-08-27T12:55:00Z,1787835300,2.28245,2.28255,2.28206,2.28233,212,24,0
2026-08-27T13:00:00Z,1787835600,2.28231,2.28274,2.28214,2.28242,284,24,0
2026-08-27T13:05:00Z,1787835900,2.28243,2.28312,2.2824,2.28286,220,24,0
2026-08-27T13:10:00Z,1787836200,2.28288,2.28328,2.28268,2.2829,202,24,0
2026-08-27T13:15:00Z,1787836500,2.28292,2.28357,2.28287,2.28353,183,24,0
2026-08-27T13:20:00Z,1787836800,2.28351,2.28355,2.28253,2.28273,241,24,0
2026-08-27T13:25:00Z,1787837100,2.28276,2.28348,2.28262,2.28345,255,24,0
2026-08-27T13:30:00Z,1787837400,2.28343,2.28416,2.28335,2.28381,286,24,0
2026-08-27T13:35:00Z,1787837700,2.28385,2.28415,2.28371,2.284,268,24,0
2026-08-27T13:40:00Z,1787838000,2.28399,2.28421,2.28328,2.28362,251,24,0
2026-08-27T13:45:00Z,1787838300,2.28361,2.28426,2.2835,2.28408,304,24,0
2026-08-27T13:50:00Z,1787838600,2.28408,2.28415,2.28315,2.28327,252,24,0
2026-08-27T13:55:00Z,1787838900,2.28328,2.28339,2.28292,2.28333,273,24,0
2026-08-27T14:00:00Z,1787839200,2.28333,2.2836,2.28307,2.2831799999999998,243,24,0
2026-08-27T14:05:00Z,1787839500,2.2831799999999998,2.28406,2.2831099999999998,2.28392,276,24,0
2026-08-27T14:10:00Z,1787839800,2.28396,2.284,2.28326,2.28344,232,24,0
2026-08-27T14:15:00Z,1787840100,2.28345,2.28348,2.28293,2.28307,203,24,0
2026-08-27T14:20:00Z,1787840400,2.28306,2.28357,2.28289,2.28342,202,24,0
2026-08-27T14:25:00Z,1787840700,2.28342,2.28353,2.28292,2.28313,187,24,0
2026-08-27T14:30:00Z,1787841000,2.28315,2.28375,2.28304,2.28354,193,24,0
2026-08-27T14:35:00Z,1787841300,2.28355,2.28386,2.2829800000000002,2.28338,219,24,0
2026-08-27T14:40:00Z,1787841600,2.28337,2.28368,2.28301,2.28302,248,24,0
2026-08-27T14:45:00Z,1787841900,2.28301,2.2831099999999998,2.28242,2.28246,239,24,0
2026-08-27T14:50:00Z,1787842200,2.28246,2.28307,2.28232,2.28302,254,24,0
2026-08-27T14:55:00Z,1787842500,2.283,2.28416,2.28295,2.2835,358,24,0
2026-08-27T15:00:00Z,1787842800,2.28351,2.28382,2.28331,2.28369,260,24,0
2026-08-27T15:05:00Z,1787843100,2.28369,2.28454,2.28365,2.28439,222,24,0
2026-08-27T15:10:00Z,1787843400,2.28438,2.28439,2.28364,2.28372,200,24,0
2026-08-27T15:15:00Z,1787843700,2.28371,2.2838,2.28336,2.28374,200,24,0
2026-08-27T15:20:00Z,1787844000,2.28376,2.28402,2.28355,2.28377,168,24,0
2026-08-27T15:25:00Z,1787844300,2.28377,2.2841,2.28367,2.28386,175,24,0
2026-08-27T15:30:00Z,1787844600,2.28388,2.28398,2.28319,2.28324,342,24,0
2026-08-27T15:35:00Z,1787844900,2.28322,2.28394,2.28322,2.2839,149,24,0
2026-08-27T15:40:00Z,1787845200,2.28386,2.28423,2.28368,2.28421,181,24,0
2026-08-27T15:45:00Z,1787845500,2.28422,2.28461,2.28414,2.28448,193,24,0
2026-08-27T15:50:00Z,1787845800,2.28448,2.28457,2.28397,2.28414,168,24,0
2026-08-27T15:55:00Z,1787846100,2.28416,2.2847,2.28409,2.28448,218,24,0
2026-08-27T16:00:00Z,1787846400,2.28449,2.28466,2.28436,2.2846,185,24,0
2026-08-27T16:05:00Z,1787846700,2.28461,2.28494,2.28454,2.2848800000000002,166,24,0
2026-08-27T16:10:00Z,1787847000,2.28486,2.2848800000000002,2.28437,2.28437,152,24,0
2026-08-27T16:15:00Z,1787847300,2.28437,2.28459,2.28421,2.28446,153,24,0
2026-08-27T16:20:00Z,1787847600,2.28447,2.28484,2.28429,2.28434,196,24,0
2026-08-27T16:25:00Z,1787847900,2.28437,2.28487,2.28419,2.28487,168,24,0
2026-08-27T16:30:00Z,1787848200,2.28484,2.28513,2.28476,2.28504,152,24,0
2026-08-27T16:35:00Z,1787848500,2.28506,2.2853,2.28491,2.28491,144,24,0
2026-08-27T16:40:00Z,1787848800,2.28489,2.2850099999999998,2.28463,2.28463,116,24,0
2026-08-27T16:45:00Z,1787849100,2.2846,2.28465,2.28442,2.28449,140,24,0
2026-08-27T16:50:00Z,1787849400,2.2845,2.28467,2.28422,2.28423,140,24,0
2026-08-27T16:55:00Z,1787849700,2.2842000000000002,2.28424,2.28358,2.28378,166,24,0
2026-08-27T17:00:00Z,1787850000,2.2838,2.28409,2.28369,2.28392,182,24,0
2026-08-27T17:05:00Z,1787850300,2.28392,2.284,2.28361,2.2837,137,24,0
2026-08-27T17:10:00Z,1787850600,2.2837,2.28381,2.28364,2.28364,115,24,0
2026-08-27T17:15:00Z,1787850900,2.28365,2.28383,2.28352,2.28352,109,24,0
2026-08-27T17:20:00Z,1787851200,2.28351,2.28376,2.28347,2.28356,124,24,0
2026-08-27T17:25:00Z,1787851500,2.28356,2.28384,2.28353,2.28368,138,24,0
2026-08-27T17:30:00Z,1787851800,2.2837,2.28388,2.28352,2.28352,135,24,0
2026-08-27T17:35:00Z,1787852100,2.28351,2.28378,2.28334,2.28374,119,24,0
2026-08-27T17:40:00Z,1787852400,2.28374,2.28374,2.28337,2.28362,132,24,0
2026-08-27T17:45:00Z,1787852700,2.28362,2.28396,2.28354,2.28369,175,24,0
2026-08-27T17:50:00Z,1787853000,2.28369,2.28382,2.28362,2.28376,142,24,0
2026-08-27T17:55:00Z,1787853300,2.28375,2.28375,2.28346,2.28364,158,24,0
2026-08-27T18:00:00Z,1787853600,2.28362,2.28399,2.28356,2.28395,180,24,0
2026-08-27T18:05:00Z,1787853900,2.28393,2.28401,2.2837,2.28376,135,24,0
2026-08-27T18:10:00Z,1787854200,2.28376,2.28407,2.28375,2.28396,129,24,0
2026-08-27T18:15:00Z,1787854500,2.28392,2.28404,2.28367,2.28378,152,24,0
2026-08-27T18:20:00Z,1787854800,2.28378,2.28401,2.28372,2.28398,133,24,0
2026-08-27T18:25:00Z,1787855100,2.28398,2.2842000000000002,2.28389,2.28415,134,24,0
2026-08-27T18:30:00Z,1787855400,2.28417,2.28425,2.284,2.28413,131,24,0
2026-08-27T18:35:00Z,1787855700,2.28411,2.28434,2.28388,2.28413,122,24,0
2026-08-27T18:40:00Z,1787856000,2.28412,2.28423,2.28375,2.28395,91,24,0
2026-08-27T18:45:00Z,1787856300,2.28395,2.28419,2.28395,2.28411,105,24,0
2026-08-27T18:50:00Z,1787856600,2.28408,2.28418,2.2837,2.28384,96,24,0
2026-08-27T18:55:00Z,1787856900,2.28383,2.2842000000000002,2.28382,2.28398,116,24,0
2026-08-27T19:00:00Z,1787857200,2.284,2.28414,2.28389,2.28393,128,24,0
2026-08-27T19:05:00Z,1787857500,2.28393,2.28397,2.28362,2.28382,135,24,0
2026-08-27T19:10:00Z,1787857800,2.28383,2.28404,2.28381,2.28396,98,24,0
2026-08-27T19:15:00Z,1787858100,2.28396,2.28407,2.28383,2.28385,96,24,0
2026-08-27T19:20:00Z,1787858400,2.28384,2.28399,2.2838,2.28385,89,24,0
2026-08-27T19:25:00Z,1787858700,2.28385,2.28397,2.28376,2.2839,81,24,0
2026-08-27T19:30:00Z,1787859000,2.28393,2.28397,2.28382,2.28387,108,24,0
2026-08-27T19:35:00Z,1787859300,2.28387,2.28395,2.28375,2.2837899999999998,101,24,0
2026-08-27T19:40:00Z,1787859600,2.2837899999999998,2.28385,2.2835900000000002,2.2835900000000002,73,24,0
2026-08-27T19:45:00Z,1787859900,2.28363,2.28364,2.28323,2.28337,138,24,0
2026-08-27T19:50:00Z,1787860200,2.28341,2.28374,2.28339,2.28363,113,24,0
2026-08-27T19:55:00Z,1787860500,2.28364,2.2838,2.28355,2.28371,125,24,0
2026-08-27T20:00:00Z,1787860800,2.2837,2.28387,2.28351,2.28384,94,24,0
2026-08-27T20:05:00Z,1787861100,2.28385,2.28416,2.2838,2.28407,76,24,0
2026-08-27T20:10:00Z,1787861400,2.28407,2.28425,2.28402,2.28422,91,24,0
2026-08-27T20:15:00Z,1787861700,2.28423,2.28441,2.28391,2.28403,75,24,0
2026-08-27T20:20:00Z,1787862000,2.28402,2.28419,2.28397,2.28414,42,24,0
2026-08-27T20:25:00Z,1787862300,2.28414,2.2843,2.28412,2.28429,52,24,0
2026-08-27T20:30:00Z,1787862600,2.28429,2.28433,2.2842000000000002,2.28428,58,24,0
2026-08-27T20:35:00Z,1787862900,2.2842700000000002,2.2843999999999998,2.28421,2.28434,41,24,0
2026-08-27T20:40:00Z,1787863200,2.28435,2.28443,2.28429,2.28429,53,24,0
2026-08-27T20:45:00Z,1787863500,2.28428,2.28438,2.28419,2.2842000000000002,51,24,0
2026-08-27T20:50:00Z,1787863800,2.2842000000000002,2.28421,2.28402,2.2841,74,24,0
2026-08-27T20:55:00Z,1787864100,2.28412,2.2842700000000002,2.28383,2.28383,57,24,0
2026-08-27T21:05:00Z,1787864700,2.2838,2.2838,2.2838,2.2838,1,56,0
2026-08-27T21:10:00Z,1787865000,2.28376,2.28376,2.28346,2.28349,21,64,0
2026-08-27T21:15:00Z,1787865300,2.28346,2.28364,2.28345,2.2836,20,112,0
2026-08-27T21:20:00Z,1787865600,2.28357,2.2836,2.28326,2.2834,100,118,0
2026-08-27T21:25:00Z,1787865900,2.28341,2.28356,2.28336,2.28347,56,132,0
2026-08-27T21:30:00Z,1787866200,2.28345,2.28362,2.2834,2.28354,54,126,0
2026-08-27T21:35:00Z,1787866500,2.28354,2.28361,2.28304,2.28306,69,115,0
2026-08-27T21:40:00Z,1787866800,2.28308,2.28328,2.28276,2.28322,69,171,0
2026-08-27T21:45:00Z,1787867100,2.28323,2.2833,2.2829800000000002,2.28322,52,165,0
2026-08-27T21:50:00Z,1787867400,2.28323,2.28325,2.28319,2.28323,21,204,0
2026-08-27T21:55:00Z,1787867700,2.28324,2.28349,2.28313,2.28313,45,140,0
2026-08-27T22:00:00Z,1787868000,2.28352,2.28447,2.28352,2.28429,95,58,0
2026-08-27T22:05:00Z,1787868300,2.28433,2.28442,2.28421,2.28423,25,58,0
2026-08-27T22:10:00Z,1787868600,2.28423,2.28439,2.2842000000000002,2.2842000000000002,42,58,0
2026-08-27T22:15:00Z,1787868900,2.28418,2.28428,2.284,2.28416,47,58,0
2026-08-27T22:20:00Z,1787869200,2.28415,2.28415,2.28408,2.28408,42,58,0
2026-08-27T22:25:00Z,1787869500,2.28408,2.28411,2.28397,2.28397,26,58,0
2026-08-27T22:30:00Z,1787869800,2.28397,2.28398,2.28361,2.2836600000000002,45,58,0
2026-08-27T22:35:00Z,1787870100,2.2836600000000002,2.28368,2.28351,2.28352,36,58,0
2026-08-27T22:40:00Z,1787870400,2.28352,2.28355,2.28348,2.28353,46,58,0
2026-08-27T22:45:00Z,1787870700,2.28354,2.28363,2.28354,2.28361,30,58,0
2026-08-27T22:50:00Z,1787871000,2.28361,2.28362,2.28329,2.28333,30,58,0
2026-08-27T22:55:00Z,1787871300,2.28333,2.28334,2.28315,2.28323,40,58,0
2026-08-27T23:00:00Z,1787871600,2.2834,2.28352,2.28309,2.2831,50,24,0
2026-08-27T23:05:00Z,1787871900,2.2831,2.28343,2.2831,2.28343,39,24,0
2026-08-27T23:10:00Z,1787872200,2.28338,2.28338,2.28294,2.28306,50,24,0
2026-08-27T23:15:00Z,1787872500,2.2830500000000002,2.28312,2.28291,2.28309,42,24,0
2026-08-27T23:20:00Z,1787872800,2.28309,2.28342,2.28308,2.2832,45,24,0
2026-08-27T23:25:00Z,1787873100,2.2832,2.28332,2.2831,2.28329,57,24,0
2026-08-27T23:30:00Z,1787873400,2.28328,2.2833,2.28316,2.28316,35,24,0
2026-08-27T23:35:00Z,1787873700,2.28316,2.2835900000000002,2.28309,2.28313,65,24,0
2026-08-27T23:40:00Z,1787874000,2.28313,2.2833,2.28308,2.28324,58,24,0
2026-08-27T23:45:00Z,1787874300,2.28324,2.28324,2.28291,2.28293,50,24,0
2026-08-27T23:50:00Z,1787874600,2.28293,2.28315,2.28275,2.28313,65,24,0
2026-08-27T23:55:00Z,1787874900,2.28312,2.28343,2.28312,2.2833,84,24,0
2026-08-28T00:00:00Z,1787875200,2.28326,2.28343,2.2828,2.28307,127,24,0
2026-08-28T00:05:00Z,1787875500,2.28309,2.28317,2.28241,2.28242,154,24,0
2026-08-28T00:10:00Z,1787875800,2.28246,2.2827,2.28246,2.28256,100,24,0
2026-08-28T00:15:00Z,1787876100,2.28256,2.28292,2.28251,2.28286,127,24,0
2026-08-28T00:20:00Z,1787876400,2.28286,2.28288,2.2826,2.28262,89,24,0
2026-08-28T00:25:00Z,1787876700,2.2826,2.28295,2.28254,2.28254,129,24,0
2026-08-28T00:30:00Z,1787877000,2.28255,2.28263,2.28238,2.2824999999999998,118,24,0
2026-08-28T00:35:00Z,1787877300,2.2824999999999998,2.28259,2.28228,2.28247,116,24,0
2026-08-28T00:40:00Z,1787877600,2.28248,2.28254,2.28224,2.28224,76,24,0
2026-08-28T00:45:00Z,1787877900,2.28224,2.28254,2.28217,2.28247,99,24,0
2026-08-28T00:50:00Z,1787878200,2.28247,2.28287,2.2823700000000002,2.28279,132,24,0
2026-08-28T00:55:00Z,1787878500,2.28276,2.2829,2.28261,2.28267,102,24,0
2026-08-28T01:00:00Z,1787878800,2.28268,2.28301,2.2819,2.28194,163,24,0
2026-08-28T01:05:00Z,1787879100,2.28195,2.28216,2.28186,2.28187,124,24,0
2026-08-28T01:10:00Z,1787879400,2.28188,2.28207,2.28172,2.2818300000000002,139,24,0
2026-08-28T01:15:00Z,1787879700,2.2818300000000002,2.28184,2.28119,2.28123,143,24,0
2026-08-28T01:20:00Z,1787880000,2.28123,2.28153,2.28108,2.28153,107,24,0
2026-08-28T01:25:00Z,1787880300,2.28152,2.28152,2.28124,2.28131,121,24,0
2026-08-28T01:30:00Z,1787880600,2.28127,2.28127,2.28059,2.28078,157,24,0
2026-08-28T01:35:00Z,1787880900,2.28077,2.28094,2.28016,2.28027,139,24,0
2026-08-28T01:40:00Z,1787881200,2.28025,2.28094,2.27987,2.28093,165,24,0
2026-08-28T01:45:00Z,1787881500,2.28093,2.28124,2.28082,2.28093,158,24,0
2026-08-28T01:50:00Z,1787881800,2.28092,2.28094,2.28032,2.28071,124,24,0
2026-08-28T01:55:00Z,1787882100,2.2807,2.28094,2.28058,2.28068,148,24,0
2026-08-28T02:00:00Z,1787882400,2.28068,2.28091,2.28045,2.2809,112,24,0
2026-08-28T02:05:00Z,1787882700,2.28088,2.28091,2.2806100000000002,2.28072,108,24,0
2026-08-28T02:10:00Z,1787883000,2.28072,2.28073,2.28028,2.2804,155,24,0
2026-08-28T02:15:00Z,1787883300,2.28041,2.28056,2.28017,2.28021,109,24,0
2026-08-28T02:20:00Z,1787883600,2.28021,2.28021,2.2796,2.2796,114,24,0
2026-08-28T02:25:00Z,1787883900,2.2796,2.28015,2.27931,2.2799300000000002,147,24,0
2026-08-28T02:30:00Z,1787884200,2.2799300000000002,2.27994,2.27935,2.27935,142,24,0
2026-08-28T02:35:00Z,1787884500,2.27935,2.27981,2.27935,2.27979,92,24,0
2026-08-28T02:40:00Z,1787884800,2.2798,2.27998,2.27968,2.27996,102,24,0
2026-08-28T02:45:00Z,1787885100,2.27996,2.27996,2.2789,2.2789,122,24,0
2026-08-28T02:50:00Z,1787885400,2.27889,2.27914,2.2787100000000002,2.27914,120,24,0
2026-08-28T02:55:00Z,1787885700,2.27917,2.27919,2.2789,2.27909,92,24,0
2026-08-28T03:00:00Z,1787886000,2.27911,2.27926,2.27864,2.27866,113,24,0
2026-08-28T03:05:00Z,1787886300,2.27866,2.27907,2.27857,2.27895,88,24,0
2026-08-28T03:10:00Z,1787886600,2.27896,2.27911,2.27869,2.27892,91,24,0
2026-08-28T03:15:00Z,1787886900,2.2789099999999998,2.279,2.27864,2.27866,115,24,0
2026-08-28T03:20:00Z,1787887200,2.27865,2.2788,2.27862,2.27869,76,24,0
2026-08-28T03:25:00Z,1787887500,2.2787,2.279,2.27864,2.27877,83,24,0
2026-08-28T03:30:00Z,1787887800,2.27877,2.27892,2.27849,2.27874,87,24,0
2026-08-28T03:35:00Z,1787888100,2.27874,2.27919,2.27873,2.27916,79,24,0
2026-08-28T03:40:00Z,1787888400,2.27916,2.2794,2.27908,2.27928,78,24,0
2026-08-28T03:45:00Z,1787888700,2.27929,2.27961,2.27929,2.27943,96,24,0
2026-08-28T03:50:00Z,1787889000,2.27944,2.27969,2.2794,2.27964,79,24,0
2026-08-28T03:55:00Z,1787889300,2.27965,2.27968,2.27909,2.27909,101,24,0
2026-08-28T04:00:00Z,1787889600,2.27909,2.27925,2.27906,2.27917,85,24,0
2026-08-28T04:05:00Z,1787889900,2.27914,2.27917,2.2788399999999998,2.27898,77,24,0
2026-08-28T04:10:00Z,1787890200,2.27898,2.27921,2.2787,2.27873,78,24,0
2026-08-28T04:15:00Z,1787890500,2.27873,2.27873,2.27829,2.27843,108,24,0
2026-08-28T04:20:00Z,1787890800,2.27843,2.27854,2.27843,2.27854,51,24,0
2026-08-28T04:25:00Z,1787891100,2.27854,2.2788,2.27852,2.27865,67,24,0
2026-08-28T04:30:00Z,1787891400,2.27864,2.27881,2.27851,2.27862,72,24,0
2026-08-28T04:35:00Z,1787891700,2.27862,2.27881,2.27847,2.27873,58,24,0
2026-08-28T04:40:00Z,1787892000,2.27875,2.27882,2.27864,2.27879,70,24,0
2026-08-28T04:45:00Z,1787892300,2.27881,2.27886,2.27852,2.2788399999999998,66,24,0
2026-08-28T04:50:00Z,1787892600,2.27885,2.27908,2.2788399999999998,2.27907,73,24,0
2026-08-28T04:55:00Z,1787892900,2.27908,2.2806,2.27907,2.28057,135,24,0
2026-08-28T05:00:00Z,1787893200,2.28058,2.28086,2.27974,2.2801299999999998,160,24,0
2026-08-28T05:05:00Z,1787893500,2.2801299999999998,2.28066,2.28005,2.28055,146,24,0
2026-08-28T05:10:00Z,1787893800,2.28055,2.28091,2.28048,2.28076,127,24,0
2026-08-28T05:15:00Z,1787894100,2.28076,2.28079,2.28025,2.28028,93,24,0
2026-08-28T05:20:00Z,1787894400,2.28028,2.28041,2.28012,2.28041,89,24,0
2026-08-28T05:25:00Z,1787894700,2.28041,2.28063,2.28033,2.28034,92,24,0
2026-08-28T05:30:00Z,1787895000,2.28034,2.28059,2.27992,2.28002,121,24,0
2026-08-28T05:35:00Z,1787895300,2.27999,2.28082,2.27995,2.2808,142,24,0
2026-08-28T05:40:00Z,1787895600,2.28083,2.28157,2.28083,2.28142,159,24,0
2026-08-28T05:45:00Z,1787895900,2.28141,2.28172,2.28109,2.28137,131,24,0
2026-08-28T05:50:00Z,1787896200,2.28138,2.28153,2.2812799999999998,2.28143,114,24,0
2026-08-28T05:55:00Z,1787896500,2.28142,2.28172,2.28121,2.28168,133,24,0
2026-08-28T06:00:00Z,1787896800,2.28166,2.28178,2.28118,2.28121,172,24,0
2026-08-28T06:05:00Z,1787897100,2.28121,2.28121,2.28076,2.28078,162,24,0
2026-08-28T06:10:00Z,1787897400,2.28078,2.28142,2.28078,2.28088,176,24,0
2026-08-28T06:15:00Z,1787897700,2.2809,2.28095,2.28038,2.28047,172,24,0
2026-08-28T06:20:00Z,1787898000,2.28046,2.28078,2.28021,2.28066,189,24,0
2026-08-28T06:25:00Z,1787898300,2.2806699999999998,2.28071,2.2801,2.28034,182,24,0
2026-08-28T06:30:00Z,1787898600,2.28034,2.28094,2.28023,2.2807,245,24,0
2026-08-28T06:35:00Z,1787898900,2.28073,2.28109,2.28065,2.28103,228,24,0
2026-08-28T06:40:00Z,1787899200,2.28099,2.2811,2.28057,2.28073,215,24,0
2026-08-28T06:45:00Z,1787899500,2.28073,2.28081,2.28001,2.28005,224,24,0
2026-08-28T06:50:00Z,1787899800,2.28005,2.28036,2.27999,2.28033,167,24,0
2026-08-28T06:55:00Z,1787900100,2.2803,2.28042,2.27998,2.28014,170,24,0
2026-08-28T07:00:00Z,1787900400,2.28018,2.28028,2.27953,2.27959,173,24,0
2026-08-28T07:05:00Z,1787900700,2.27959,2.28041,2.27928,2.2804,215,24,0
2026-08-28T07:10:00Z,1787901000,2.2804,2.2806,2.28005,2.28022,157,24,0
2026-08-28T07:15:00Z,1787901300,2.28021,2.2805400000000002,2.2800599999999998,2.28035,196,24,0
2026-08-28T07:20:00Z,1787901600,2.28033,2.28057,2.28015,2.2804,174,24,0
2026-08-28T07:25:00Z,1787901900,2.28041,2.28053,2.27983,2.27983,198,24,0
2026-08-28T07:30:00Z,1787902200,2.27979,2.27998,2.2793,2.27941,225,24,0
2026-08-28T07:35:00Z,1787902500,2.27941,2.28005,2.27924,2.28004,214,24,0
2026-08-28T07:40:00Z,1787902800,2.28004,2.28046,2.27999,2.28043,150,24,0
2026-08-28T07:45:00Z,1787903100,2.28044,2.28068,2.28029,2.28029,153,24,0
2026-08-28T07:50:00Z,1787903400,2.28029,2.28029,2.27968,2.27977,171,24,0
2026-08-28T07:55:00Z,1787903700,2.27979,2.28005,2.27967,2.27999,149,24,0
2026-08-28T08:00:00Z,1787904000,2.2800000000000002,2.28031,2.27991,2.28031,200,24,0
2026-08-28T08:05:00Z,1787904300,2.28031,2.28046,2.27985,2.27994,172,24,0
2026-08-28T08:10:00Z,1787904600,2.2799300000000002,2.28052,2.27991,2.28025,155,24,0
2026-08-28T08:15:00Z,1787904900,2.28025,2.2805,2.2800599999999998,2.28041,152,24,0
2026-08-28T08:20:00Z,1787905200,2.28039,2.28071,2.28012,2.28066,159,24,0
2026-08-28T08:25:00Z,1787905500,2.28066,2.28101,2.28055,2.28096,137,24,0
2026-08-28T08:30:00Z,1787905800,2.28096,2.28136,2.28094,2.28111,173,24,0
2026-08-28T08:35:00Z,1787906100,2.28111,2.28134,2.28088,2.28134,133,24,0
2026-08-28T08:40:00Z,1787906400,2.28134,2.28163,2.28123,2.28153,137,24,0
2026-08-28T08:45:00Z,1787906700,2.28153,2.2823700000000002,2.28149,2.2823700000000002,176,24,0
2026-08-28T08:50:00Z,1787907000,2.28239,2.28291,2.28225,2.28288,134,24,0
2026-08-28T08:55:00Z,1787907300,2.28288,2.28324,2.28281,2.28324,103,24,0
2026-08-28T09:00:00Z,1787907600,2.28328,2.2835900000000002,2.28263,2.28324,175,24,0
2026-08-28T09:05:00Z,1787907900,2.28324,2.28352,2.28289,2.28352,180,24,0
2026-08-28T09:10:00Z,1787908200,2.28353,2.28386,2.28345,2.28364,140,24,0
2026-08-28T09:15:00Z,1787908500,2.28363,2.28376,2.28319,2.28324,146,24,0
2026-08-28T09:20:00Z,1787908800,2.28321,2.28334,2.28299,2.28302,151,24,0
2026-08-28T09:25:00Z,1787909100,2.28302,2.28334,2.28289,2.2832,141,24,0
2026-08-28T09:30:00Z,1787909400,2.28322,2.28343,2.28316,2.28329,137,24,0
2026-08-28T09:35:00Z,1787909700,2.2833,2.28352,2.2831099999999998,2.28315,149,24,0
2026-08-28T09:40:00Z,1787910000,2.28315,2.28337,2.2828,2.2828,138,24,0
2026-08-28T09:45:00Z,1787910300,2.2828,2.283,2.28264,2.2829,144,24,0
2026-08-28T09:50:00Z,1787910600,2.28285,2.28295,2.28252,2.28275,143,24,0
2026-08-28T09:55:00Z,1787910900,2.28274,2.28288,2.28254,2.28283,188,24,0
2026-08-28T10:00:00Z,1787911200,2.28283,2.2829,2.2823,2.2823,173,24,0
2026-08-28T10:05:00Z,1787911500,2.2823,2.28261,2.28212,2.28261,129,24,0
2026-08-28T10:10:00Z,1787911800,2.28259,2.28272,2.28225,2.28225,123,24,0
2026-08-28T10:15:00Z,1787912100,2.28225,2.2825699999999998,2.28212,2.2825699999999998,133,24,0
2026-08-28T10:20:00Z,1787912400,2.2825699999999998,2.28293,2.28243,2.2827,145,24,0
2026-08-28T10:25:00Z,1787912700,2.28266,2.28284,2.28255,2.28274,128,24,0
2026-08-28T10:30:00Z,1787913000,2.28274,2.28292,2.28258,2.28276,146,24,0
2026-08-28T10:35:00Z,1787913300,2.28275,2.28304,2.28258,2.28267,129,24,0
2026-08-28T10:40:00Z,1787913600,2.28267,2.28304,2.28265,2.28302,130,24,0
2026-08-28T10:45:00Z,1787913900,2.28303,2.28332,2.28294,2.28326,145,24,0
2026-08-28T10:50:00Z,1787914200,2.28327,2.28336,2.28284,2.28293,123,24,0
2026-08-28T10:55:00Z,1787914500,2.28294,2.28312,2.28286,2.28288,136,24,0
2026-08-28T11:00:00Z,1787914800,2.28288,2.28314,2.28272,2.2830500000000002,173,24,0
2026-08-28T11:05:00Z,1787915100,2.28307,2.28321,2.28293,2.2830500000000002,124,24,0
2026-08-28T11:10:00Z,1787915400,2.2830500000000002,2.28343,2.2830500000000002,2.2834,149,24,0
2026-08-28T11:15:00Z,1787915700,2.28341,2.2835900000000002,2.28324,2.28349,125,24,0
2026-08-28T11:20:00Z,1787916000,2.28348,2.28373,2.28337,2.28362,133,24,0
2026-08-28T11:25:00Z,1787916300,2.28358,2.28389,2.28335,2.28346,154,24,0
2026-08-28T11:30:00Z,1787916600,2.28342,2.28362,2.28324,2.28334,165,24,0
2026-08-28T11:35:00Z,1787916900,2.28333,2.28409,2.28332,2.28406,126,24,0
2026-08-28T11:40:00Z,1787917200,2.28406,2.2843999999999998,2.28395,2.2843999999999998,137,24,0
2026-08-28T11:45:00Z,1787917500,2.2843999999999998,2.2854,2.28421,2.28528,196,24,0
2026-08-28T11:50:00Z,1787917800,2.28528,2.28543,2.28469,2.28469,154,24,0
2026-08-28T11:55:00Z,1787918100,2.28466,2.28515,2.28466,2.28509,172,24,0
2026-08-28T12:00:00Z,1787918400,2.28509,2.28539,2.28487,2.28504,179,24,0
2026-08-28T12:05:00Z,1787918700,2.28504,2.28504,2.28454,2.28471,176,24,0
2026-08-28T12:10:00Z,1787919000,2.28468,2.28493,2.28432,2.28433,167,24,0
2026-08-28T12:15:00Z,1787919300,2.28433,2.28446,2.28417,2.28434,169,24,0
2026-08-28T12:20:00Z,1787919600,2.28431,2.28435,2.28383,2.28391,166,24,0
2026-08-28T12:25:00Z,1787919900,2.28391,2.28434,2.28384,2.28409,162,24,0
2026-08-28T12:30:00Z,1787920200,2.2841,2.28426,2.28392,2.28426,202,24,0
2026-08-28T12:35:00Z,1787920500,2.28422,2.28422,2.28376,2.28386,187,24,0
2026-08-28T12:40:00Z,1787920800,2.28386,2.2839,2.28346,2.28362,209,24,0
2026-08-28T12:45:00Z,1787921100,2.28362,2.2839,2.28351,2.28378,185,24,0
2026-08-28T12:50:00Z,1787921400,2.2837899999999998,2.28394,2.2836600000000002,2.28384,173,24,0
2026-08-28T12:55:00Z,1787921700,2.28383,2.28391,2.28295,2.28312,259,24,0
2026-08-28T13:00:00Z,1787922000,2.28309,2.28325,2.28235,2.28254,202,24,0
2026-08-28T13:05:00Z,1787922300,2.28254,2.28276,2.2818899999999998,2.2822,189,24,0
2026-08-28T13:10:00Z,1787922600,2.28222,2.2830500000000002,2.28215,2.283,160,24,0
2026-08-28T13:15:00Z,1787922900,2.283,2.2833,2.28264,2.28267,192,24,0
2026-08-28T13:20:00Z,1787923200,2.28271,2.28271,2.28185,2.28199,193,24,0
2026-08-28T13:25:00Z,1787923500,2.28195,2.28283,2.2817,2.28269,227,24,0
2026-08-28T13:30:00Z,1787923800,2.28266,2.28275,2.2821,2.28214,215,24,0
2026-08-28T13:35:00Z,1787924100,2.28211,2.28268,2.28202,2.28243,193,24,0
2026-08-28T13:40:00Z,1787924400,2.28238,2.28262,2.28212,2.2822,224,24,0
2026-08-28T13:45:00Z,1787924700,2.28222,2.28227,2.2819,2.28209,180,24,0
2026-08-28T13:50:00Z,1787925000,2.28212,2.28297,2.2819599999999998,2.28275,237,24,0
2026-08-28T13:55:00Z,1787925300,2.28274,2.2831099999999998,2.2818300000000002,2.2824400000000002,316,24,0
2026-08-28T14:00:00Z,1787925600,2.28223,2.28353,2.28017,2.2831099999999998,1689,24,0
2026-08-28T14:05:00Z,1787925900,2.28312,2.2856,2.2830500000000002,2.28503,1007,24,0
2026-08-28T14:10:00Z,1787926200,2.28507,2.28756,2.28457,2.2873,803,24,0
2026-08-28T14:15:00Z,1787926500,2.28727,2.2876,2.28517,2.28544,674,24,0
2026-08-28T14:20:00Z,1787926800,2.28548,2.28622,2.28495,2.28588,593,24,0
2026-08-28T14:25:00Z,1787927100,2.28592,2.28674,2.28533,2.28553,618,24,0
2026-08-28T14:30:00Z,1787927400,2.28554,2.28572,2.28472,2.28494,604,24,0
2026-08-28T14:35:00Z,1787927700,2.28492,2.28515,2.28385,2.28508,486,24,0
2026-08-28T14:40:00Z,1787928000,2.28504,2.28528,2.28432,2.28491,471,24,0
2026-08-28T14:45:00Z,1787928300,2.28491,2.28612,2.28485,2.28612,396,24,0
2026-08-28T14:50:00Z,1787928600,2.28611,2.28621,2.28496,2.28515,404,24,0
2026-08-28T14:55:00Z,1787928900,2.28513,2.28841,2.28513,2.28779,722,24,0
2026-08-28T15:00:00Z,1787929200,2.28783,2.28903,2.28758,2.2887399999999998,469,24,0
2026-08-28T15:05:00Z,1787929500,2.28876,2.2889,2.28808,2.28877,378,24,0
2026-08-28T15:10:00Z,1787929800,2.28876,2.28913,2.28853,2.28878,332,24,0
2026-08-28T15:15:00Z,1787930100,2.28878,2.28917,2.28855,2.28888,278,24,0
2026-08-28T15:20:00Z,1787930400,2.28889,2.28942,2.28868,2.28901,347,24,0
2026-08-28T15:25:00Z,1787930700,2.28901,2.28965,2.2885400000000002,2.28949,314,24,0
2026-08-28T15:30:00Z,1787931000,2.28953,2.29089,2.2895,2.29072,400,24,0
2026-08-28T15:35:00Z,1787931300,2.2907,2.2914,2.29058,2.29115,284,24,0
2026-08-28T15:40:00Z,1787931600,2.29119,2.29181,2.29114,2.2915900000000002,313,24,0
2026-08-28T15:45:00Z,1787931900,2.29163,2.29237,2.29145,2.29221,321,24,0
2026-08-28T15:50:00Z,1787932200,2.29217,2.29228,2.29156,2.29215,312,24,0
2026-08-28T15:55:00Z,1787932500,2.29212,2.29248,2.2915900000000002,2.29178,283,24,0
2026-08-28T16:00:00Z,1787932800,2.2917899999999998,2.29214,2.29137,2.2917,283,24,0
2026-08-28T16:05:00Z,1787933100,2.2917,2.29187,2.29146,2.29164,233,24,0
2026-08-28T16:10:00Z,1787933400,2.29164,2.29203,2.29157,2.29169,303,24,0
2026-08-28T16:15:00Z,1787933700,2.29173,2.29186,2.29137,2.29169,307,24,0
2026-08-28T16:20:00Z,1787934000,2.2917,2.29208,2.29156,2.29162,338,24,0
2026-08-28T16:25:00Z,1787934300,2.29165,2.29169,2.29081,2.29095,279,24,0
2026-08-28T16:30:00Z,1787934600,2.29099,2.29117,2.29063,2.29112,291,24,0
2026-08-28T16:35:00Z,1787934900,2.29112,2.29115,2.29059,2.2907,255,24,0
2026-08-28T16:40:00Z,1787935200,2.29066,2.2915,2.29052,2.29126,258,24,0
2026-08-28T16:45:00Z,1787935500,2.29127,2.29127,2.29076,2.29081,241,24,0
2026-08-28T16:50:00Z,1787935800,2.29085,2.29135,2.29084,2.2911,250,24,0
2026-08-28T16:55:00Z,1787936100,2.29106,2.29107,2.29064,2.29073,231,24,0
2026-08-28T17:00:00Z,1787936400,2.2907,2.2908,2.29006,2.29028,254,24,0
2026-08-28T17:05:00Z,1787936700,2.29028,2.29033,2.28972,2.2899,214,24,0
2026-08-28T17:10:00Z,1787937000,2.2898899999999998,2.29031,2.28967,2.28984,251,24,0
2026-08-28T17:15:00Z,1787937300,2.28983,2.28992,2.28954,2.28954,211,24,0
2026-08-28T17:20:00Z,1787937600,2.28955,2.28994,2.28943,2.28974,164,24,0
2026-08-28T17:25:00Z,1787937900,2.28973,2.2899599999999998,2.28961,2.28992,187,24,0
2026-08-28T17:30:00Z,1787938200,2.28992,2.29015,2.28981,2.28995,179,24,0
2026-08-28T17:35:00Z,1787938500,2.28993,2.29006,2.2896900000000002,2.29006,175,24,0
2026-08-28T17:40:00Z,1787938800,2.29005,2.29011,2.28966,2.28967,163,24,0
2026-08-28T17:45:00Z,1787939100,2.28966,2.28979,2.28943,2.28947,172,24,0
2026-08-28T17:50:00Z,1787939400,2.28946,2.2898899999999998,2.28944,2.28974,162,24,0
2026-08-28T17:55:00Z,1787939700,2.28974,2.28995,2.28966,2.2896900000000002,136,24,0
2026-08-28T18:00:00Z,1787940000,2.28968,2.2899599999999998,2.28967,2.2899,132,24,0
2026-08-28T18:05:00Z,1787940300,2.28986,2.2898899999999998,2.2892799999999998,2.2896,266,24,0
2026-08-28T18:10:00Z,1787940600,2.28959,2.2898899999999998,2.28957,2.28978,150,24,0
2026-08-28T18:15:00Z,1787940900,2.28977,2.29,2.28942,2.28998,139,24,0
2026-08-28T18:20:00Z,1787941200,2.29,2.2901,2.28974,2.28994,121,24,0
2026-08-28T18:25:00Z,1787941500,2.28995,2.28997,2.2894,2.28959,160,24,0
2026-08-28T18:30:00Z,1787941800,2.2896,2.28997,2.2896,2.28968,123,24,0
2026-08-28T18:35:00Z,1787942100,2.28968,2.28997,2.28957,2.28993,106,24,0
2026-08-28T18:40:00Z,1787942400,2.28993,2.29013,2.28967,2.28978,141,24,0
2026-08-28T18:45:00Z,1787942700,2.28978,2.29005,2.28971,2.29001,105,24,0
2026-08-28T18:50:00Z,1787943000,2.29001,2.29009,2.28979,2.28999,125,24,0
2026-08-28T18:55:00Z,1787943300,2.29,2.29024,2.28981,2.28984,151,24,0
2026-08-28T19:00:00Z,1787943600,2.28984,2.29004,2.28972,2.2898899999999998,201,24,0
2026-08-28T19:05:00Z,1787943900,2.28987,2.28991,2.28937,2.28945,149,24,0
2026-08-28T19:10:00Z,1787944200,2.28946,2.28964,2.28934,2.28954,111,24,0
2026-08-28T19:15:00Z,1787944500,2.28955,2.28956,2.28914,2.28914,116,24,0
2026-08-28T19:20:00Z,1787944800,2.2891500000000002,2.28926,2.28907,2.28922,140,24,0
2026-08-28T19:25:00Z,1787945100,2.28923,2.28924,2.2889,2.28909,132,24,0
2026-08-28T19:30:00Z,1787945400,2.28909,2.28917,2.28885,2.28899,159,24,0
2026-08-28T19:35:00Z,1787945700,2.28903,2.28932,2.28895,2.28906,147,24,0
2026-08-28T19:40:00Z,1787946000,2.28905,2.28906,2.28882,2.28901,101,24,0
2026-08-28T19:45:00Z,1787946300,2.28903,2.28936,2.28898,2.28922,120,24,0
2026-08-28T19:50:00Z,1787946600,2.28922,2.28933,2.28903,2.28918,117,24,0
2026-08-28T19:55:00Z,1787946900,2.28918,2.28946,2.28918,2.28933,164,24,0
2026-08-28T20:00:00Z,1787947200,2.28929,2.28948,2.28905,2.28916,141,24,0
2026-08-28T20:05:00Z,1787947500,2.28917,2.28948,2.28911,2.28932,76,24,0
2026-08-28T20:10:00Z,1787947800,2.2892799999999998,2.28951,2.2891500000000002,2.28951,90,24,0
2026-08-28T20:15:00Z,1787948100,2.28947,2.28971,2.28947,2.28971,72,24,0
2026-08-28T20:20:00Z,1787948400,2.28971,2.29005,2.28966,2.28967,92,24,0
2026-08-28T20:25:00Z,1787948700,2.28964,2.28979,2.28956,2.28967,74,24,0
2026-08-28T20:30:00Z,1787949000,2.28963,2.28963,2.28938,2.28949,86,24,0
2026-08-28T20:35:00Z,1787949300,2.28949,2.28951,2.28909,2.28919,78,24,0
2026-08-28T20:40:00Z,1787949600,2.28921,2.28941,2.28891,2.28902,96,24,0
2026-08-28T20:45:00Z,1787949900,2.28897,2.28903,2.2884700000000002,2.2886,99,24,0
2026-08-28T20:50:00Z,1787950200,2.2886,2.28865,2.28731,2.2879,100,72,0
2026-08-28T20:55:00Z,1787950500,2.28776,2.28846,2.28631,2.28719,167,192,0
