time_utc,time,open,high,low,close,tick_volume,spread,real_volume
2026-08-18T18:30:00Z,1787077800,0.94029,0.94032,0.94028,0.94028,24,16,0
2026-08-18T18:35:00Z,1787078100,0.94028,0.94033,0.94027,0.9403,25,16,0
2026-08-18T18:40:00Z,1787078400,0.94031,0.94039,0.94031,0.94039,40,16,0
2026-08-18T18:45:00Z,1787078700,0.94039,0.94042,0.94038,0.94042,24,16,0
2026-08-18T18:50:00Z,1787079000,0.94042,0.94047,0.94038,0.94041,24,16,0
2026-08-18T18:55:00Z,1787079300,0.94041,0.94048,0.94035,0.94037,49,16,0
2026-08-18T19:00:00Z,1787079600,0.94037,0.94049,0.94037,0.94049,38,16,0
2026-08-18T19:05:00Z,1787079900,0.94049,0.94055,0.94048,0.94048,41,16,0
2026-08-18T19:10:00Z,1787080200,0.94048,0.94048,0.94029,0.94033,64,16,0
2026-08-18T19:15:00Z,1787080500,0.94033,0.94036,0.9403,0.94035,36,16,0
2026-08-18T19:20:00Z,1787080800,0.94035,0.94037,0.94029,0.94031,26,16,0
2026-08-18T19:25:00Z,1787081100,0.94031,0.94043,0.94031,0.9404,34,16,0
2026-08-18T19:30:00Z,1787081400,0.9404,0.94049,0.94039,0.94048,42,16,0
2026-08-18T19:35:00Z,1787081700,0.94048,0.94049,0.94044,0.94048,33,16,0
2026-08-18T19:40:00Z,1787082000,0.94048,0.94048,0.94038,0.94044,34,16,0
2026-08-18T19:45:00Z,1787082300,0.94044,0.94048,0.94042,0.94046,24,16,0
2026-08-18T19:50:00Z,1787082600,0.94046,0.94048,0.94044,0.94046,23,16,0
2026-08-18T19:55:00Z,1787082900,0.94046,0.94049,0.94042,0.94044,53,16,0
2026-08-18T20:00:00Z,1787083200,0.94044,0.94045,0.94038,0.94038,32,16,0
2026-08-18T20:05:00Z,1787083500,0.94038,0.94043,0.94038,0.94043,19,16,0
2026-08-18T20:10:00Z,1787083800,0.94043,0.94044,0.94038,0.94038,16,16,0
2026-08-18T20:15:00Z,1787084100,0.94037,0.94039,0.94034,0.94034,14,16,0
2026-08-18T20:20:00Z,1787084400,0.94034,0.94039,0.94034,0.94039,16,16,0
2026-08-18T20:25:00Z,1787084700,0.94039,0.9404,0.94035,0.9404,19,16,0
2026-08-18T20:30:00Z,1787085000,0.94039,0.9404,0.94038,0.94039,15,16,0
2026-08-18T20:35:00Z,1787085300,0.94039,0.94048,0.94039,0.94047,18,16,0
2026-08-18T20:40:00Z,1787085600,0.94047,0.94048,0.94035,0.94041,22,16,0
2026-08-18T20:45:00Z,1787085900,0.94041,0.94043,0.94037,0.94037,35,16,0
2026-08-18T20:50:00Z,1787086200,0.94037,0.94041,0.94033,0.9404,32,16,0
2026-08-18T20:55:00Z,1787086500,0.9404,0.9404,0.94023,0.94026,88,11,0
2026-08-18T21:00:00Z,1787086800,0.94029,0.94035,0.94024,0.94028,28,20,0
2026-08-18T21:05:00Z,1787087100,0.94027,0.94035,0.94021,0.94033,43,20,0
2026-08-18T21:10:00Z,1787087400,0.9403,0.94033,0.94005,0.94005,29,20,0
2026-08-18T21:15:00Z,1787087700,0.94003,0.94016,0.94003,0.94009,25,56,0
2026-08-18T21:20:00Z,1787088000,0.9401,0.94012,0.93996,0.94005,54,67,0
2026-08-18T21:25:00Z,1787088300,0.94004,0.94009,0.94001,0.94008,28,90,0
2026-08-18T21:30:00Z,1787088600,0.94009,0.9402,0.94004,0.9402,40,78,0
2026-08-18T21:35:00Z,1787088900,0.94022,0.94039,0.94022,0.94037,40,45,0
2026-08-18T21:40:00Z,1787089200,0.94038,0.94041,0.93977,0.93977,85,42,0
2026-08-18T21:45:00Z,1787089500,0.93976,0.94018,0.93976,0.94003,186,56,0
2026-08-18T21:50:00Z,1787089800,0.94001,0.94011,0.93982,0.93988,155,59,0
2026-08-18T21:55:00Z,1787090100,0.93988,0.93988,0.93915,0.93922,128,76,0
2026-08-18T22:00:00Z,1787090400,0.93984,0.94023,0.93984,0.94022,49,25,0
2026-08-18T22:05:00Z,1787090700,0.94021,0.94026,0.94017,0.94026,22,25,0
2026-08-18T22:10:00Z,1787091000,0.94025,0.9403,0.94019,0.94019,40,25,0
2026-08-18T22:15:00Z,1787091300,0.94019,0.94024,0.94017,0.94023,22,25,0
2026-08-18T22:20:00Z,1787091600,0.94023,0.94027,0.94023,0.94027,17,25,0
2026-08-18T22:25:00Z,1787091900,0.94027,0.94027,0.94025,0.94025,17,25,0
2026-08-18T22:30:00Z,1787092200,0.94025,0.9403,0.94025,0.94028,12,25,0
2026-08-18T22:35:00Z,1787092500,0.94028,0.94029,0.94027,0.94027,9,25,0
2026-08-18T22:40:00Z,1787092800,0.94027,0.94028,0.94027,0.94027,10,25,0
2026-08-18T22:45:00Z,1787093100,0.94027,0.94028,0.94026,0.94026,8,25,0
2026-08-18T22:50:00Z,1787093400,0.94026,0.94029,0.94025,0.94028,11,25,0
2026-08-18T22:55:00Z,1787093700,0.94028,0.94032,0.94028,0.94032,10,25,0
2026-08-18T23:00:00Z,1787094000,0.94037,0.94038,0.94027,0.94028,26,16,0
2026-08-18T23:05:00Z,1787094300,0.94028,0.94035,0.94027,0.94035,19,16,0
2026-08-18T23:10:00Z,1787094600,0.94035,0.94036,0.94034,0.94035,13,16,0
2026-08-18T23:15:00Z,1787094900,0.94035,0.94039,0.94035,0.94038,14,16,0
2026-08-18T23:20:00Z,1787095200,0.94038,0.9404,0.94037,0.94039,12,16,0
2026-08-18T23:25:00Z,1787095500,0.94039,0.94047,0.94039,0.94046,14,16,0
2026-08-18T23:30:00Z,1787095800,0.94046,0.94046,0.9404,0.94046,19,16,0
2026-08-18T23:35:00Z,1787096100,0.94046,0.9405,0.94044,0.9405,15,16,0
2026-08-18T23:40:00Z,1787096400,0.9405,0.94054,0.9405,0.94052,28,16,0
2026-08-18T23:45:00Z,1787096700,0.94052,0.94052,0.94035,0.94035,29,16,0
2026-08-18T23:50:00Z,1787097000,0.94035,0.94035,0.94017,0.94022,32,16,0
2026-08-18T23:55:00Z,1787097300,0.94022,0.94027,0.94019,0.94019,39,16,0
2026-08-19T00:00:00Z,1787097600,0.94019,0.94035,0.94018,0.94019,96,16,0
2026-08-19T00:05:00Z,1787097900,0.94019,0.9402,0.94006,0.94012,61,16,0
2026-08-19T00:10:00Z,1787098200,0.94012,0.94015,0.93994,0.93997,59,16,0
2026-08-19T00:15:00Z,1787098500,0.93998,0.94002,0.93992,0.94,57,16,0
2026-08-19T00:20:00Z,1787098800,0.94,0.94009,0.93997,0.94006,54,16,0
2026-08-19T00:25:00Z,1787099100,0.94006,0.94021,0.94004,0.94019,55,16,0
2026-08-19T00:30:00Z,1787099400,0.9402,0.94029,0.94016,0.9402,52,16,0
2026-08-19T00:35:00Z,1787099700,0.9402,0.9402,0.94004,0.94006,65,16,0
2026-08-19T00:40:00Z,1787100000,0.94006,0.94009,0.94,0.94005,44,16,0
2026-08-19T00:45:00Z,1787100300,0.94006,0.94007,0.94,0.94001,42,16,0
2026-08-19T00:50:00Z,1787100600,0.94001,0.94002,0.93995,0.94,67,16,0
2026-08-19T00:55:00Z,1787100900,0.93999,0.94012,0.93997,0.94003,62,16,0
2026-08-19T01:00:00Z,1787101200,0.94003,0.94019,0.94002,0.94017,80,16,0
2026-08-19T01:05:00Z,1787101500,0.94018,0.9402,0.94009,0.94018,73,16,0
2026-08-19T01:10:00Z,1787101800,0.94018,0.94039,0.94018,0.94037,79,16,0
2026-08-19T01:15:00Z,1787102100,0.94037,0.9404,0.9402,0.94025,73,16,0
2026-08-19T01:20:00Z,1787102400,0.94025,0.9403,0.94019,0.94028,72,16,0
2026-08-19T01:25:00Z,1787102700,0.94028,0.94033,0.94026,0.9403,57,16,0
2026-08-19T01:30:00Z,1787103000,0.9403,0.94031,0.94025,0.94027,62,16,0
2026-08-19T01:35:00Z,1787103300,0.94027,0.94027,0.94004,0.94006,58,16,0
2026-08-19T01:40:00Z,1787103600,0.94006,0.94012,0.93992,0.93996,70,16,0
2026-08-19T01:45:00Z,1787103900,0.93996,0.94002,0.93992,0.93998,65,16,0
2026-08-19T01:50:00Z,1787104200,0.93998,0.94002,0.93995,0.93997,58,16,0
2026-08-19T01:55:00Z,1787104500,0.93998,0.93999,0.9399,0.93994,42,16,0
2026-08-19T02:00:00Z,1787104800,0.93994,0.93999,0.93991,0.93993,42,16,0
2026-08-19T02:05:00Z,1787105100,0.93992,0.93993,0.93982,0.93982,38,16,0
2026-08-19T02:10:00Z,1787105400,0.93982,0.93984,0.93972,0.93976,37,16,0
2026-08-19T02:15:00Z,1787105700,0.93976,0.93981,0.93955,0.93979,109,16,0
2026-08-19T02:20:00Z,1787106000,0.9398,0.93982,0.9397,0.93979,77,16,0
2026-08-19T02:25:00Z,1787106300,0.93979,0.93989,0.93976,0.93982,58,16,0
2026-08-19T02:30:00Z,1787106600,0.93982,0.93986,0.93978,0.93978,58,16,0
2026-08-19T02:35:00Z,1787106900,0.93978,0.93985,0.93973,0.93973,38,16,0
2026-08-19T02:40:00Z,1787107200,0.93973,0.93977,0.93965,0.93975,49,16,0
2026-08-19T02:45:00Z,1787107500,0.93977,0.93988,0.93975,0.93988,66,16,0
2026-08-19T02:50:00Z,1787107800,0.93988,0.93998,0.93985,0.93994,54,16,0
2026-08-19T02:55:00Z,1787108100,0.93992,0.93997,0.93991,0.93993,40,16,0
2026-08-19T03:00:00Z,1787108400,0.93993,0.93995,0.9399,0.93992,41,16,0
2026-08-19T03:05:00Z,1787108700,0.93992,0.94,0.93992,0.93998,47,16,0
2026-08-19T03:10:00Z,1787109000,0.93998,0.94003,0.93993,0.94003,47,16,0
2026-08-19T03:15:00Z,1787109300,0.94002,0.94002,0.93993,0.93993,42,16,0
2026-08-19T03:20:00Z,1787109600,0.93993,0.93993,0.93989,0.93989,17,16,0
2026-08-19T03:25:00Z,1787109900,0.93989,0.93993,0.93989,0.93989,19,16,0
2026-08-19T03:30:00Z,1787110200,0.93989,0.93989,0.93974,0.9398,39,16,0
2026-08-19T03:35:00Z,1787110500,0.9398,0.93987,0.9398,0.93987,28,16,0
2026-08-19T03:40:00Z,1787110800,0.93987,0.9399,0.9398,0.9398,27,16,0
2026-08-19T03:45:00Z,1787111100,0.9398,0.93988,0.9398,0.93987,23,16,0
2026-08-19T03:50:00Z,1787111400,0.93987,0.93988,0.93985,0.93988,18,16,0
2026-08-19T03:55:00Z,1787111700,0.93988,0.93989,0.93986,0.93988,20,16,0
2026-08-19T04:00:00Z,1787112000,0.93988,0.93991,0.93984,0.9399,35,16,0
2026-08-19T04:05:00Z,1787112300,0.9399,0.93991,0.93986,0.93986,23,16,0
2026-08-19T04:10:00Z,1787112600,0.93984,0.93988,0.93983,0.93985,28,16,0
2026-08-19T04:15:00Z,1787112900,0.93985,0.93985,0.93972,0.93975,46,16,0
2026-08-19T04:20:00Z,1787113200,0.93975,0.93985,0.93975,0.93984,26,16,0
2026-08-19T04:25:00Z,1787113500,0.93984,0.93988,0.93982,0.93987,31,16,0
2026-08-19T04:30:00Z,1787113800,0.93986,0.93986,0.93973,0.93981,59,16,0
2026-08-19T04:35:00Z,1787114100,0.93981,0.93991,0.93979,0.93985,48,16,0
2026-08-19T04:40:00Z,1787114400,0.93985,0.93988,0.93983,0.93986,28,16,0
2026-08-19T04:45:00Z,1787114700,0.93986,0.93987,0.93973,0.93973,24,16,0
2026-08-19T04:50:00Z,1787115000,0.93973,0.93973,0.93963,0.93968,26,16,0
2026-08-19T04:55:00Z,1787115300,0.93969,0.93973,0.93968,0.9397,45,16,0
2026-08-19T05:00:00Z,1787115600,0.9397,0.9397,0.93961,0.93968,49,16,0
2026-08-19T05:05:00Z,1787115900,0.93968,0.93976,0.93966,0.93975,33,16,0
2026-08-19T05:10:00Z,1787116200,0.93975,0.93978,0.93964,0.93965,36,16,0
2026-08-19T05:15:00Z,1787116500,0.93965,0.93966,0.93954,0.9396,47,16,0
2026-08-19T05:20:00Z,1787116800,0.9396,0.93966,0.93954,0.93966,46,16,0
2026-08-19T05:25:00Z,1787117100,0.93966,0.93975,0.93962,0.93972,34,16,0
2026-08-19T05:30:00Z,1787117400,0.93971,0.9398,0.9397,0.93978,45,16,0
2026-08-19T05:35:00Z,1787117700,0.93978,0.93988,0.93978,0.93986,57,16,0
2026-08-19T05:40:00Z,1787118000,0.93987,0.93987,0.93975,0.93975,63,16,0
2026-08-19T05:45:00Z,1787118300,0.93975,0.93994,0.93975,0.93981,58,16,0
2026-08-19T05:50:00Z,1787118600,0.9398,0.9399,0.93977,0.93989,53,16,0
2026-08-19T05:55:00Z,1787118900,0.9399,0.94007,0.9399,0.93998,57,16,0
2026-08-19T06:00:00Z,1787119200,0.94,0.94001,0.93986,0.93988,84,16,0
2026-08-19T06:05:00Z,1787119500,0.93987,0.93993,0.93967,0.93977,83,16,0
2026-08-19T06:10:00Z,1787119800,0.93977,0.9399,0.93975,0.93988,80,16,0
2026-08-19T06:15:00Z,1787120100,0.93988,0.93988,0.93977,0.93982,75,16,0
2026-08-19T06:20:00Z,1787120400,0.93982,0.93985,0.93971,0.93982,77,16,0
2026-08-19T06:25:00Z,1787120700,0.93982,0.93991,0.93973,0.93976,75,16,0
2026-08-19T06:30:00Z,1787121000,0.93975,0.93981,0.93963,0.93978,72,16,0
2026-08-19T06:35:00Z,1787121300,0.9398,0.9398,0.93966,0.93976,84,16,0
2026-08-19T06:40:00Z,1787121600,0.93976,0.93976,0.9395,0.9395,88,16,0
2026-08-19T06:45:00Z,1787121900,0.93952,0.93962,0.93946,0.93962,71,16,0
2026-08-19T06:50:00Z,1787122200,0.93959,0.93986,0.93958,0.93983,88,16,0
2026-08-19T06:55:00Z,1787122500,0.93982,0.93987,0.93979,0.93986,95,16,0
2026-08-19T07:00:00Z,1787122800,0.93985,0.93999,0.93981,0.93989,110,16,0
2026-08-19T07:05:00Z,1787123100,0.93989,0.93993,0.93966,0.93983,76,16,0
2026-08-19T07:10:00Z,1787123400,0.93983,0.93993,0.93982,0.93991,67,16,0
2026-08-19T07:15:00Z,1787123700,0.9399,0.94007,0.9399,0.93996,76,16,0
2026-08-19T07:20:00Z,1787124000,0.93995,0.94,0.93984,0.93986,71,16,0
2026-08-19T07:25:00Z,1787124300,0.93986,0.93986,0.93968,0.93973,60,16,0
2026-08-19T07:30:00Z,1787124600,0.93973,0.93978,0.93963,0.9397,60,16,0
2026-08-19T07:35:00Z,1787124900,0.9397,0.94,0.93965,0.94,81,16,0
2026-08-19T07:40:00Z,1787125200,0.94,0.94011,0.93994,0.9401,75,16,0
2026-08-19T07:45:00Z,1787125500,0.9401,0.94027,0.9401,0.94027,66,16,0
2026-08-19T07:50:00Z,1787125800,0.94028,0.94028,0.9401,0.9402,69,16,0
2026-08-19T07:55:00Z,1787126100,0.9402,0.94035,0.9402,0.94034,61,16,0
2026-08-19T08:00:00Z,1787126400,0.94034,0.9406,0.94034,0.94049,99,16,0
2026-08-19T08:05:00Z,1787126700,0.94049,0.94055,0.94041,0.94048,93,16,0
2026-08-19T08:10:00Z,1787127000,0.94046,0.94051,0.94025,0.94027,110,16,0
2026-08-19T08:15:00Z,1787127300,0.94027,0.94034,0.9402,0.94024,80,16,0
2026-08-19T08:20:00Z,1787127600,0.94024,0.9404,0.9402,0.94039,97,16,0
2026-08-19T08:25:00Z,1787127900,0.94039,0.94062,0.94036,0.94043,85,16,0
2026-08-19T08:30:00Z,1787128200,0.94044,0.94059,0.94038,0.94043,93,16,0
2026-08-19T08:35:00Z,1787128500,0.94043,0.94053,0.94037,0.94052,79,16,0
2026-08-19T08:40:00Z,1787128800,0.94052,0.94056,0.94044,0.94047,92,16,0
2026-08-19T08:45:00Z,1787129100,0.94047,0.94067,0.94046,0.94054,90,16,0
2026-08-19T08:50:00Z,1787129400,0.94054,0.9406,0.94043,0.9405,92,16,0
2026-08-19T08:55:00Z,1787129700,0.94049,0.94049,0.94031,0.94037,76,16,0
2026-08-19T09:00:00Z,1787130000,0.94039,0.94041,0.94017,0.94017,72,16,0
2026-08-19T09:05:00Z,1787130300,0.94017,0.94031,0.94017,0.94031,59,16,0
2026-08-19T09:10:00Z,1787130600,0.94031,0.94048,0.94029,0.94045,77,16,0
2026-08-19T09:15:00Z,1787130900,0.94045,0.94045,0.94031,0.94045,64,16,0
2026-08-19T09:20:00Z,1787131200,0.94044,0.94048,0.94031,0.94033,87,16,0
2026-08-19T09:25:00Z,1787131500,0.94035,0.94042,0.94029,0.94033,60,16,0
2026-08-19T09:30:00Z,1787131800,0.94032,0.94032,0.94021,0.9403,63,16,0
2026-08-19T09:35:00Z,1787132100,0.9403,0.94045,0.94027,0.94044,68,16,0
2026-08-19T09:40:00Z,1787132400,0.94044,0.94044,0.94032,0.94032,53,16,0
2026-08-19T09:45:00Z,1787132700,0.94032,0.94033,0.94021,0.94024,55,16,0
2026-08-19T09:50:00Z,1787133000,0.94025,0.94033,0.94021,0.9403,56,16,0
2026-08-19T09:55:00Z,1787133300,0.94031,0.94037,0.94025,0.94027,63,16,0
2026-08-19T10:00:00Z,1787133600,0.94027,0.94039,0.94022,0.94037,84,16,0
2026-08-19T10:05:00Z,1787133900,0.94038,0.9404,0.94028,0.94033,56,16,0
2026-08-19T10:10:00Z,1787134200,0.94033,0.94039,0.94019,0.94022,49,16,0
2026-08-19T10:15:00Z,1787134500,0.94022,0.94025,0.94016,0.94024,66,16,0
2026-08-19T10:20:00Z,1787134800,0.94025,0.9404,0.94024,0.94039,55,16,0
2026-08-19T10:25:00Z,1787135100,0.9404,0.94052,0.94037,0.94051,59,16,0
2026-08-19T10:30:00Z,1787135400,0.94051,0.94055,0.94048,0.94051,38,16,0
2026-08-19T10:35:00Z,1787135700,0.94051,0.94055,0.9405,0.94053,37,16,0
2026-08-19T10:40:00Z,1787136000,0.94053,0.94054,0.94043,0.94045,45,16,0
2026-08-19T10:45:00Z,1787136300,0.94045,0.94045,0.94039,0.94042,41,16,0
2026-08-19T10:50:00Z,1787136600,0.94043,0.94045,0.9403,0.94043,51,16,0
2026-08-19T10:55:00Z,1787136900,0.94044,0.94053,0.9404,0.94053,56,16,0
2026-08-19T11:00:00Z,1787137200,0.94053,0.94053,0.94034,0.94048,64,16,0
2026-08-19T11:05:00Z,1787137500,0.94048,0.9405,0.94043,0.94048,38,16,0
2026-08-19T11:10:00Z,1787137800,0.94048,0.94052,0.9404,0.9404,46,16,0
2026-08-19T11:15:00Z,1787138100,0.9404,0.94044,0.94036,0.94041,49,16,0
2026-08-19T11:20:00Z,1787138400,0.94041,0.94046,0.94034,0.94038,53,16,0
2026-08-19T11:25:00Z,1787138700,0.94038,0.94041,0.9401,0.94012,71,16,0
2026-08-19T11:30:00Z,1787139000,0.94012,0.94017,0.94005,0.94017,50,16,0
2026-08-19T11:35:00Z,1787139300,0.94017,0.94026,0.94015,0.94024,71,16,0
2026-08-19T11:40:00Z,1787139600,0.94025,0.94034,0.9402,0.94023,70,16,0
2026-08-19T11:45:00Z,1787139900,0.94023,0.94027,0.94011,0.94012,67,16,0
2026-08-19T11:50:00Z,1787140200,0.94012,0.94019,0.94004,0.94007,70,16,0
2026-08-19T11:55:00Z,1787140500,0.94007,0.94015,0.94,0.94005,65,16,0
2026-08-19T12:00:00Z,1787140800,0.94005,0.94008,0.93991,0.94003,90,16,0
2026-08-19T12:05:00Z,1787141100,0.94002,0.94011,0.93995,0.94009,77,16,0
2026-08-19T12:10:00Z,1787141400,0.94009,0.94015,0.94005,0.94015,63,16,0
2026-08-19T12:15:00Z,1787141700,0.94015,0.9402,0.94004,0.94005,54,16,0
2026-08-19T12:20:00Z,1787142000,0.94003,0.94006,0.93973,0.93973,110,16,0
2026-08-19T12:25:00Z,1787142300,0.93973,0.93985,0.9397,0.93984,83,16,0
2026-08-19T12:30:00Z,1787142600,0.93984,0.93984,0.93903,0.93907,199,16,0
2026-08-19T12:35:00Z,1787142900,0.9391,0.93912,0.93847,0.93879,327,16,0
2026-08-19T12:40:00Z,1787143200,0.93879,0.93882,0.93849,0.93869,267,16,0
2026-08-19T12:45:00Z,1787143500,0.93869,0.93902,0.93849,0.93898,215,16,0
2026-08-19T12:50:00Z,1787143800,0.93901,0.93915,0.93881,0.93882,209,16,0
2026-08-19T12:55:00Z,1787144100,0.93883,0.93907,0.93881,0.93887,186,16,0
2026-08-19T13:00:00Z,1787144400,0.93886,0.93903,0.9386,0.93883,177,16,0
2026-08-19T13:05:00Z,1787144700,0.93882,0.93906,0.93858,0.93858,189,16,0
2026-08-19T13:10:00Z,1787145000,0.93855,0.93861,0.93767,0.93782,241,16,0
2026-08-19T13:15:00Z,1787145300,0.93781,0.9379,0.93759,0.93779,220,16,0
2026-08-19T13:20:00Z,1787145600,0.93781,0.93809,0.93773,0.93793,203,16,0
2026-08-19T13:25:00Z,1787145900,0.93794,0.93815,0.93741,0.93747,201,16,0
2026-08-19T13:30:00Z,1787146200,0.93745,0.93766,0.93732,0.93735,203,16,0
2026-08-19T13:35:00Z,1787146500,0.93735,0.93761,0.93704,0.9371,203,16,0
2026-08-19T13:40:00Z,1787146800,0.93711,0.93712,0.9365,0.9365,210,16,0
2026-08-19T13:45:00Z,1787147100,0.9365,0.93657,0.93625,0.93632,212,16,0
2026-08-19T13:50:00Z,1787147400,0.93633,0.93633,0.93562,0.93568,258,16,0
2026-08-19T13:55:00Z,1787147700,0.93569,0.93569,0.93522,0.93543,237,16,0
2026-08-19T14:00:00Z,1787148000,0.93543,0.93559,0.935,0.93508,239,16,0
2026-08-19T14:05:00Z,1787148300,0.93508,0.93531,0.93485,0.93492,219,16,0
2026-08-19T14:10:00Z,1787148600,0.93494,0.93503,0.93428,0.93428,240,16,0
2026-08-19T14:15:00Z,1787148900,0.9343,0.93477,0.93399,0.93469,230,16,0
2026-08-19T14:20:00Z,1787149200,0.93469,0.93528,0.93469,0.93512,227,16,0
2026-08-19T14:25:00Z,1787149500,0.93512,0.93512,0.93423,0.93433,219,16,0
2026-08-19T14:30:00Z,1787149800,0.93431,0.93449,0.93372,0.93379,257,16,0
2026-08-19T14:35:00Z,1787150100,0.93378,0.9338,0.93232,0.93234,395,16,0
2026-08-19T14:40:00Z,1787150400,0.93235,0.93339,0.93225,0.93321,327,16,0
2026-08-19T14:45:00Z,1787150700,0.93321,0.93479,0.93321,0.93479,319,16,0
2026-08-19T14:50:00Z,1787151000,0.9348,0.93511,0.93432,0.93438,343,16,0
2026-08-19T14:55:00Z,1787151300,0.93438,0.93486,0.93432,0.93473,288,16,0
2026-08-19T15:00:00Z,1787151600,0.93471,0.93504,0.93466,0.93482,233,16,0
2026-08-19T15:05:00Z,1787151900,0.93482,0.93487,0.93409,0.93429,227,16,0
2026-08-19T15:10:00Z,1787152200,0.93426,0.93444,0.93372,0.93372,214,16,0
2026-08-19T15:15:00Z,1787152500,0.93372,0.93411,0.9336,0.93386,223,16,0
2026-08-19T15:20:00Z,1787152800,0.93388,0.93414,0.93381,0.93392,187,16,0
2026-08-19T15:25:00Z,1787153100,0.93395,0.93412,0.93374,0.93391,193,16,0
2026-08-19T15:30:00Z,1787153400,0.93389,0.93394,0.93316,0.93316,174,16,0
2026-08-19T15:35:00Z,1787153700,0.93315,0.9332,0.93273,0.93283,202,16,0
2026-08-19T15:40:00Z,1787154000,0.9328,0.93286,0.93215,0.93251,243,16,0
2026-08-19T15:45:00Z,1787154300,0.9325,0.93268,0.93233,0.93267,145,16,0
2026-08-19T15:50:00Z,1787154600,0.93269,0.93297,0.93269,0.93286,155,16,0
2026-08-19T15:55:00Z,1787154900,0.93286,0.93307,0.93283,0.93286,157,16,0
2026-08-19T16:00:00Z,1787155200,0.93288,0.93299,0.93274,0.93295,163,16,0
2026-08-19T16:05:00Z,1787155500,0.93296,0.9334,0.93269,0.93269,175,16,0
2026-08-19T16:10:00Z,1787155800,0.93269,0.93271,0.93238,0.9325,158,16,0
2026-08-19T16:15:00Z,1787156100,0.9325,0.93264,0.93234,0.93264,142,16,0
2026-08-19T16:20:00Z,1787156400,0.93264,0.93265,0.93236,0.93251,140,16,0
2026-08-19T16:25:00Z,1787156700,0.93251,0.93278,0.93236,0.93268,142,16,0
2026-08-19T16:30:00Z,1787157000,0.93268,0.93271,0.93242,0.93246,130,16,0
2026-08-19T16:35:00Z,1787157300,0.93246,0.93289,0.93246,0.93278,144,16,0
2026-08-19T16:40:00Z,1787157600,0.93276,0.93292,0.93261,0.93271,120,16,0
2026-08-19T16:45:00Z,1787157900,0.93272,0.93273,0.93235,0.93236,106,16,0
2026-08-19T16:50:00Z,1787158200,0.93237,0.93244,0.93216,0.93229,115,16,0
2026-08-19T16:55:00Z,1787158500,0.93231,0.93262,0.93221,0.9326,141,16,0
2026-08-19T17:00:00Z,1787158800,0.93261,0.93267,0.93236,0.93265,161,16,0
2026-08-19T17:05:00Z,1787159100,0.93264,0.9328,0.93246,0.93264,149,16,0
2026-08-19T17:10:00Z,1787159400,0.93264,0.93287,0.93264,0.93267,143,16,0
2026-08-19T17:15:00Z,1787159700,0.93267,0.93282,0.93259,0.9326,105,16,0
2026-08-19T17:20:00Z,1787160000,0.9326,0.93278,0.93251,0.93251,87,16,0
2026-08-19T17:25:00Z,1787160300,0.93251,0.9327,0.93251,0.9326,84,16,0
2026-08-19T17:30:00Z,1787160600,0.93259,0.93292,0.93256,0.93274,92,16,0
2026-08-19T17:35:00Z,1787160900,0.93274,0.93305,0.93274,0.93298,93,16,0
2026-08-19T17:40:00Z,1787161200,0.93296,0.93305,0.93288,0.93305,90,16,0
2026-08-19T17:45:00Z,1787161500,0.93306,0.9331,0.93298,0.93305,72,16,0
2026-08-19T17:50:00Z,1787161800,0.93305,0.9331,0.93302,0.93306,73,16,0
2026-08-19T17:55:00Z,1787162100,0.93309,0.93315,0.93307,0.93311,61,16,0
2026-08-19T18:00:00Z,1787162400,0.93308,0.93312,0.93182,0.93201,254,16,0
2026-08-19T18:05:00Z,1787162700,0.93199,0.93239,0.93194,0.93203,209,16,0
2026-08-19T18:10:00Z,1787163000,0.93203,0.93203,0.9316,0.93176,181,16,0
2026-08-19T18:15:00Z,1787163300,0.93176,0.93209,0.93172,0.93188,137,16,0
2026-08-19T18:20:00Z,1787163600,0.93189,0.93206,0.93184,0.93204,133,16,0
2026-08-19T18:25:00Z,1787163900,0.93203,0.93207,0.93193,0.93196,123,16,0
2026-08-19T18:30:00Z,1787164200,0.93196,0.93203,0.93161,0.93163,128,16,0
2026-08-19T18:35:00Z,1787164500,0.93162,0.93169,0.93151,0.93166,139,16,0
2026-08-19T18:40:00Z,1787164800,0.93168,0.93169,0.93142,0.93154,126,16,0
2026-08-19T18:45:00Z,1787165100,0.93154,0.93165,0.93151,0.9316,97,16,0
2026-08-19T18:50:00Z,1787165400,0.9316,0.93165,0.93134,0.93138,88,16,0
2026-08-19T18:55:00Z,1787165700,0.93138,0.93157,0.9313,0.93139,135,16,0
2026-08-19T19:00:00Z,1787166000,0.93137,0.93146,0.93131,0.93136,107,16,0
2026-08-19T19:05:00Z,1787166300,0.93136,0.93147,0.93111,0.93113,83,16,0
2026-08-19T19:10:00Z,1787166600,0.93113,0.93128,0.93106,0.93116,96,16,0
2026-08-19T19:15:00Z,1787166900,0.93116,0.93122,0.93106,0.93113,80,16,0
2026-08-19T19:20:00Z,1787167200,0.93113,0.93126,0.93111,0.93118,70,16,0
2026-08-19T19:25:00Z,1787167500,0.93118,0.93125,0.9311,0.93119,93,16,0
2026-08-19T19:30:00Z,1787167800,0.93117,0.93121,0.93074,0.93083,144,16,0
2026-08-19T19:35:00Z,1787168100,0.93083,0.93125,0.93081,0.93091,132,16,0
2026-08-19T19:40:00Z,1787168400,0.93092,0.93115,0.93091,0.93107,100,16,0
2026-08-19T19:45:00Z,1787168700,0.93107,0.93124,0.93107,0.93118,79,16,0
2026-08-19T19:50:00Z,1787169000,0.93116,0.93126,0.93109,0.93115,89,16,0
2026-08-19T19:55:00Z,1787169300,0.93118,0.93122,0.93086,0.93097,122,16,0
2026-08-19T20:00:00Z,1787169600,0.93098,0.93107,0.93094,0.93105,57,16,0
2026-08-19T20:05:00Z,1787169900,0.93104,0.9312,0.93104,0.93109,42,16,0
2026-08-19T20:10:00Z,1787170200,0.93109,0.93125,0.93108,0.93121,32,16,0
2026-08-19T20:15:00Z,1787170500,0.93121,0.93128,0.93119,0.93121,41,16,0
2026-08-19T20:20:00Z,1787170800,0.93121,0.93121,0.93105,0.93112,32,16,0
2026-08-19T20:25:00Z,1787171100,0.93111,0.93117,0.93104,0.93106,40,16,0
2026-08-19T20:30:00Z,1787171400,0.93106,0.93108,0.93074,0.93083,58,16,0
2026-08-19T20:35:00Z,1787171700,0.93081,0.93086,0.93068,0.9307,43,16,0
2026-08-19T20:40:00Z,1787172000,0.93071,0.93081,0.93069,0.93081,44,16,0
2026-08-19T20:45:00Z,1787172300,0.9308,0.93085,0.93079,0.9308,26,16,0
2026-08-19T20:50:00Z,1787172600,0.93082,0.93082,0.93074,0.93081,23,16,0
2026-08-19T20:55:00Z,1787172900,0.93081,0.93094,0.93078,0.9309,65,16,0
2026-08-19T21:00:00Z,1787173200,0.93089,0.93093,0.93078,0.93079,10,22,0
2026-08-19T21:05:00Z,1787173500,0.93078,0.93085,0.93074,0.93074,31,39,0
2026-08-19T21:10:00Z,1787173800,0.93073,0.93079,0.93059,0.93069,69,64,0
2026-08-19T21:15:00Z,1787174100,0.93065,0.93071,0.93054,0.93069,39,81,0
2026-08-19T21:20:00Z,1787174400,0.9307,0.93078,0.93067,0.93068,42,70,0
2026-08-19T21:25:00Z,1787174700,0.93069,0.93069,0.93057,0.93067,30,87,0
2026-08-19T21:30:00Z,1787175000,0.93066,0.93075,0.93063,0.93072,35,73,0
2026-08-19T21:35:00Z,1787175300,0.93075,0.93083,0.93067,0.93077,63,53,0
2026-08-19T21:40:00Z,1787175600,0.93076,0.9308,0.93059,0.93066,83,62,0
2026-08-19T21:45:00Z,1787175900,0.93066,0.93073,0.93057,0.93072,53,64,0
2026-08-19T21:50:00Z,1787176200,0.93074,0.93077,0.93068,0.93073,35,56,0
2026-08-19T21:55:00Z,1787176500,0.93075,0.93084,0.93042,0.93042,47,42,0
2026-08-19T22:00:00Z,1787176800,0.93117,0.93117,0.93076,0.93088,60,25,0
2026-08-19T22:05:00Z,1787177100,0.93088,0.93088,0.93081,0.93086,13,25,0
2026-08-19T22:10:00Z,1787177400,0.93087,0.93087,0.93076,0.93082,31,25,0
2026-08-19T22:15:00Z,1787177700,0.93082,0.9309,0.93081,0.93087,31,25,0
2026-08-19T22:20:00Z,1787178000,0.93088,0.93089,0.93083,0.93087,21,25,0
2026-08-19T22:25:00Z,1787178300,0.93087,0.93092,0.93083,0.93085,21,25,0
2026-08-19T22:30:00Z,1787178600,0.93085,0.9309,0.93081,0.93088,26,25,0
2026-08-19T22:35:00Z,1787178900,0.93088,0.93088,0.93082,0.93087,28,25,0
2026-08-19T22:40:00Z,1787179200,0.93087,0.93093,0.93086,0.9309,30,25,0
2026-08-19T22:45:00Z,1787179500,0.9309,0.9309,0.93083,0.93085,30,25,0
2026-08-19T22:50:00Z,1787179800,0.93086,0.93097,0.93086,0.93089,39,25,0
2026-08-19T22:55:00Z,1787180100,0.93089,0.93096,0.93082,0.93096,39,25,0
2026-08-19T23:00:00Z,1787180400,0.931,0.93106,0.93092,0.93096,57,16,0
2026-08-19T23:05:00Z,1787180700,0.93096,0.93099,0.93087,0.93099,40,16,0
2026-08-19T23:10:00Z,1787181000,0.93099,0.93103,0.93096,0.93096,31,16,0
2026-08-19T23:15:00Z,1787181300,0.93095,0.93104,0.93095,0.93103,32,16,0
2026-08-19T23:20:00Z,1787181600,0.93103,0.93108,0.93101,0.93103,40,16,0
2026-08-19T23:25:00Z,1787181900,0.93103,0.93107,0.93101,0.93104,31,16,0
2026-08-19T23:30:00Z,1787182200,0.93104,0.93106,0.931,0.93106,21,16,0
2026-08-19T23:35:00Z,1787182500,0.93106,0.93112,0.93105,0.93112,30,16,0
2026-08-19T23:40:00Z,1787182800,0.93112,0.93114,0.9311,0.93112,33,16,0
2026-08-19T23:45:00Z,1787183100,0.93111,0.93123,0.93111,0.93118,29,16,0
2026-08-19T23:50:00Z,1787183400,0.93118,0.93121,0.93117,0.93119,21,16,0
2026-08-19T23:55:00Z,1787183700,0.93118,0.9313,0.93118,0.93127,40,16,0
2026-08-20T00:00:00Z,1787184000,0.93127,0.93128,0.93098,0.93102,92,16,0
2026-08-20T00:05:00Z,1787184300,0.93103,0.93136,0.93101,0.93136,65,16,0
2026-08-20T00:10:00Z,1787184600,0.93136,0.93146,0.93128,0.93141,60,16,0
2026-08-20T00:15:00Z,1787184900,0.93141,0.93147,0.93136,0.93147,70,16,0
2026-08-20T00:20:00Z,1787185200,0.93147,0.9318,0.93147,0.93172,80,16,0
2026-08-20T00:25:00Z,1787185500,0.93172,0.93184,0.9317,0.93181,64,16,0
2026-08-20T00:30:00Z,1787185800,0.93181,0.93181,0.93162,0.93168,68,16,0
2026-08-20T00:35:00Z,1787186100,0.93168,0.93173,0.9316,0.93173,55,16,0
2026-08-20T00:40:00Z,1787186400,0.93173,0.93209,0.93172,0.93207,61,16,0
2026-08-20T00:45:00Z,1787186700,0.93207,0.93223,0.93202,0.93222,75,16,0
2026-08-20T00:50:00Z,1787187000,0.93223,0.93273,0.93223,0.93262,113,16,0
2026-08-20T00:55:00Z,1787187300,0.9326,0.93271,0.93248,0.93268,95,16,0
2026-08-20T01:00:00Z,1787187600,0.93269,0.93351,0.93268,0.93347,174,16,0
2026-08-20T01:05:00Z,1787187900,0.93349,0.93372,0.93336,0.93346,134,16,0
2026-08-20T01:10:00Z,1787188200,0.93346,0.93361,0.93308,0.93313,114,16,0
2026-08-20T01:15:00Z,1787188500,0.93313,0.93328,0.93292,0.93292,116,16,0
2026-08-20T01:20:00Z,1787188800,0.93293,0.93304,0.9326,0.93266,111,16,0
2026-08-20T01:25:00Z,1787189100,0.93267,0.93295,0.93262,0.93268,103,16,0
2026-08-20T01:30:00Z,1787189400,0.93271,0.93287,0.9326,0.93283,123,16,0
2026-08-20T01:35:00Z,1787189700,0.93283,0.93319,0.93283,0.93316,115,16,0
2026-08-20T01:40:00Z,1787190000,0.93316,0.93341,0.93315,0.9333,114,16,0
2026-08-20T01:45:00Z,1787190300,0.93331,0.93353,0.93324,0.93353,102,16,0
2026-08-20T01:50:00Z,1787190600,0.93355,0.93357,0.93333,0.93346,91,16,0
2026-08-20T01:55:00Z,1787190900,0.93346,0.93348,0.93326,0.93328,94,16,0
2026-08-20T02:00:00Z,1787191200,0.93329,0.93343,0.93312,0.93343,130,16,0
2026-08-20T02:05:00Z,1787191500,0.93342,0.9335,0.93331,0.93345,93,16,0
2026-08-20T02:10:00Z,1787191800,0.93345,0.93349,0.93327,0.93334,70,16,0
2026-08-20T02:15:00Z,1787192100,0.93334,0.93339,0.93321,0.93338,65,16,0
2026-08-20T02:20:00Z,1787192400,0.93338,0.93364,0.93338,0.93347,83,16,0
2026-08-20T02:25:00Z,1787192700,0.93347,0.93356,0.93345,0.93349,71,16,0
2026-08-20T02:30:00Z,1787193000,0.93349,0.93364,0.93347,0.93357,88,16,0
2026-08-20T02:35:00Z,1787193300,0.93358,0.93369,0.93358,0.93363,63,16,0
2026-08-20T02:40:00Z,1787193600,0.93363,0.9337,0.93351,0.9337,65,16,0
2026-08-20T02:45:00Z,1787193900,0.93371,0.9338,0.93364,0.93377,50,16,0
2026-08-20T02:50:00Z,1787194200,0.93378,0.93378,0.93371,0.93372,48,16,0
2026-08-20T02:55:00Z,1787194500,0.93372,0.93383,0.93371,0.93381,68,16,0
2026-08-20T03:00:00Z,1787194800,0.93379,0.93381,0.93358,0.93366,67,16,0
2026-08-20T03:05:00Z,1787195100,0.93366,0.93374,0.93358,0.93361,59,16,0
2026-08-20T03:10:00Z,1787195400,0.93361,0.93361,0.93342,0.93352,78,16,0
2026-08-20T03:15:00Z,1787195700,0.9335,0.93372,0.9335,0.93367,64,16,0
2026-08-20T03:20:00Z,1787196000,0.93367,0.93379,0.93361,0.93376,40,16,0
2026-08-20T03:25:00Z,1787196300,0.93376,0.9339,0.93362,0.93389,75,16,0
2026-08-20T03:30:00Z,1787196600,0.93389,0.93393,0.93383,0.93385,61,16,0
2026-08-20T03:35:00Z,1787196900,0.93385,0.93405,0.93384,0.93395,78,16,0
2026-08-20T03:40:00Z,1787197200,0.93395,0.93398,0.93388,0.93389,49,16,0
2026-08-20T03:45:00Z,1787197500,0.93389,0.93399,0.93385,0.93391,53,16,0
2026-08-20T03:50:00Z,1787197800,0.93392,0.93395,0.93361,0.93362,68,16,0
2026-08-20T03:55:00Z,1787198100,0.93362,0.93378,0.93361,0.93372,45,16,0
2026-08-20T04:00:00Z,1787198400,0.93372,0.9338,0.93365,0.93373,41,16,0
2026-08-20T04:05:00Z,1787198700,0.93373,0.93381,0.93364,0.93367,45,16,0
2026-08-20T04:10:00Z,1787199000,0.93367,0.93373,0.93353,0.9336,59,16,0
2026-08-20T04:15:00Z,1787199300,0.9336,0.93369,0.93357,0.93369,40,16,0
2026-08-20T04:20:00Z,1787199600,0.9337,0.93373,0.9336,0.93368,47,16,0
2026-08-20T04:25:00Z,1787199900,0.93368,0.9338,0.93368,0.9338,48,16,0
2026-08-20T04:30:00Z,1787200200,0.9338,0.93385,0.93379,0.93385,38,16,0
2026-08-20T04:35:00Z,1787200500,0.93385,0.93409,0.93384,0.93403,51,16,0
2026-08-20T04:40:00Z,1787200800,0.93402,0.93419,0.93401,0.93412,48,16,0
2026-08-20T04:45:00Z,1787201100,0.93411,0.93415,0.93405,0.93411,52,16,0
2026-08-20T04:50:00Z,1787201400,0.93411,0.93411,0.93385,0.93385,66,16,0
2026-08-20T04:55:00Z,1787201700,0.93386,0.93387,0.9337,0.93377,84,16,0
2026-08-20T05:00:00Z,1787202000,0.93377,0.93377,0.9336,0.93364,59,16,0
2026-08-20T05:05:00Z,1787202300,0.93364,0.93371,0.93361,0.9337,57,16,0
2026-08-20T05:10:00Z,1787202600,0.93369,0.93391,0.93367,0.93373,86,16,0
2026-08-20T05:15:00Z,1787202900,0.93373,0.9339,0.93373,0.93387,59,16,0
2026-08-20T05:20:00Z,1787203200,0.93387,0.93388,0.93379,0.93384,59,16,0
2026-08-20T05:25:00Z,1787203500,0.93386,0.93409,0.93386,0.93401,83,16,0
2026-08-20T05:30:00Z,1787203800,0.93402,0.93414,0.93393,0.93407,105,16,0
2026-08-20T05:35:00Z,1787204100,0.93407,0.93412,0.93394,0.934,66,16,0
2026-08-20T05:40:00Z,1787204400,0.93399,0.93399,0.93384,0.93396,67,16,0
2026-08-20T05:45:00Z,1787204700,0.93395,0.934,0.93386,0.93387,70,16,0
2026-08-20T05:50:00Z,1787205000,0.93387,0.93404,0.93387,0.93401,71,16,0
2026-08-20T05:55:00Z,1787205300,0.93399,0.93399,0.93387,0.93393,83,16,0
2026-08-20T06:00:00Z,1787205600,0.9339,0.93394,0.93376,0.9338,114,16,0
2026-08-20T06:05:00Z,1787205900,0.9338,0.9338,0.93341,0.9335,107,16,0
2026-08-20T06:10:00Z,1787206200,0.93349,0.93349,0.93314,0.93315,139,16,0
2026-08-20T06:15:00Z,1787206500,0.93316,0.93343,0.93316,0.93329,118,16,0
2026-08-20T06:20:00Z,1787206800,0.93329,0.93341,0.93322,0.93336,97,16,0
2026-08-20T06:25:00Z,1787207100,0.93336,0.93352,0.93335,0.93346,85,16,0
2026-08-20T06:30:00Z,1787207400,0.93346,0.93373,0.93343,0.93364,106,16,0
2026-08-20T06:35:00Z,1787207700,0.93363,0.93368,0.93349,0.93359,81,16,0
2026-08-20T06:40:00Z,1787208000,0.93359,0.93368,0.93329,0.93329,70,16,0
2026-08-20T06:45:00Z,1787208300,0.93329,0.93353,0.93323,0.93353,103,16,0
2026-08-20T06:50:00Z,1787208600,0.93353,0.93353,0.9333,0.93336,64,16,0
2026-08-20T06:55:00Z,1787208900,0.93336,0.9334,0.93321,0.93321,86,16,0
2026-08-20T07:00:00Z,1787209200,0.93321,0.9336,0.93308,0.93357,131,16,0
2026-08-20T07:05:00Z,1787209500,0.93357,0.93379,0.93348,0.93368,130,16,0
2026-08-20T07:10:00Z,1787209800,0.93368,0.9339,0.93342,0.93352,111,16,0
2026-08-20T07:15:00Z,1787210100,0.93352,0.93392,0.9335,0.93377,122,16,0
2026-08-20T07:20:00Z,1787210400,0.93376,0.93404,0.93376,0.93385,120,16,0
2026-08-20T07:25:00Z,1787210700,0.93385,0.93411,0.93379,0.93405,103,16,0
2026-08-20T07:30:00Z,1787211000,0.93405,0.93441,0.93396,0.93396,131,16,0
2026-08-20T07:35:00Z,1787211300,0.93397,0.9342,0.93389,0.9342,109,16,0
2026-08-20T07:40:00Z,1787211600,0.93421,0.93441,0.93406,0.9343,144,16,0
2026-08-20T07:45:00Z,1787211900,0.9343,0.93439,0.93422,0.93434,111,16,0
2026-08-20T07:50:00Z,1787212200,0.93434,0.93434,0.93337,0.93357,189,16,0
2026-08-20T07:55:00Z,1787212500,0.93354,0.9337,0.93334,0.93353,222,16,0
2026-08-20T08:00:00Z,1787212800,0.93353,0.93371,0.93347,0.93358,165,16,0
2026-08-20T08:05:00Z,1787213100,0.93359,0.93389,0.93357,0.93372,111,16,0
2026-08-20T08:10:00Z,1787213400,0.93373,0.93382,0.93359,0.9337,103,16,0
2026-08-20T08:15:00Z,1787213700,0.9337,0.93376,0.93329,0.93333,103,16,0
2026-08-20T08:20:00Z,1787214000,0.93331,0.93339,0.93306,0.93316,112,16,0
2026-08-20T08:25:00Z,1787214300,0.93316,0.93336,0.93305,0.93333,137,16,0
2026-08-20T08:30:00Z,1787214600,0.93333,0.9336,0.9333,0.93333,135,16,0
2026-08-20T08:35:00Z,1787214900,0.93334,0.93343,0.93298,0.93302,124,16,0
2026-08-20T08:40:00Z,1787215200,0.93303,0.93326,0.93301,0.93325,135,16,0
2026-08-20T08:45:00Z,1787215500,0.93325,0.93353,0.93325,0.93347,131,16,0
2026-08-20T08:50:00Z,1787215800,0.93346,0.93349,0.93328,0.93333,122,16,0
2026-08-20T08:55:00Z,1787216100,0.93334,0.93338,0.93308,0.9332,126,16,0
2026-08-20T09:00:00Z,1787216400,0.93322,0.93324,0.93303,0.93315,87,16,0
2026-08-20T09:05:00Z,1787216700,0.93315,0.93316,0.93275,0.93275,98,16,0
2026-08-20T09:10:00Z,1787217000,0.93275,0.93275,0.93153,0.93172,254,16,0
2026-08-20T09:15:00Z,1787217300,0.93172,0.93185,0.93128,0.93138,220,16,0
2026-08-20T09:20:00Z,1787217600,0.93138,0.93151,0.93088,0.93145,206,16,0
2026-08-20T09:25:00Z,1787217900,0.93145,0.93169,0.93141,0.93153,138,16,0
2026-08-20T09:30:00Z,1787218200,0.93154,0.93168,0.93128,0.93167,139,16,0
2026-08-20T09:35:00Z,1787218500,0.93168,0.93185,0.93146,0.93146,130,16,0
2026-08-20T09:40:00Z,1787218800,0.93148,0.93165,0.93134,0.93141,121,16,0
2026-08-20T09:45:00Z,1787219100,0.93141,0.93164,0.9314,0.93154,102,16,0
2026-08-20T09:50:00Z,1787219400,0.93155,0.93162,0.93133,0.93151,106,16,0
2026-08-20T09:55:00Z,1787219700,0.93153,0.93173,0.93153,0.93153,87,16,0
2026-08-20T10:00:00Z,1787220000,0.93155,0.93182,0.93127,0.9313,126,16,0
2026-08-20T10:05:00Z,1787220300,0.9313,0.93131,0.93103,0.93107,99,16,0
2026-08-20T10:10:00Z,1787220600,0.93106,0.93119,0.93099,0.93107,99,16,0
2026-08-20T10:15:00Z,1787220900,0.93107,0.9311,0.9308,0.93087,109,16,0
2026-08-20T10:20:00Z,1787221200,0.93087,0.93185,0.93087,0.93182,160,16,0
2026-08-20T10:25:00Z,1787221500,0.93183,0.93183,0.93131,0.93139,131,16,0
2026-08-20T10:30:00Z,1787221800,0.93139,0.93139,0.93105,0.93105,99,16,0
2026-08-20T10:35:00Z,1787222100,0.93105,0.93109,0.93078,0.93099,153,16,0
2026-08-20T10:40:00Z,1787222400,0.931,0.93135,0.93085,0.93125,166,16,0
2026-08-20T10:45:00Z,1787222700,0.93125,0.93145,0.93118,0.9314,118,16,0
2026-08-20T10:50:00Z,1787223000,0.9314,0.9317,0.93134,0.93167,130,16,0
2026-08-20T10:55:00Z,1787223300,0.93167,0.93188,0.93157,0.93176,118,16,0
2026-08-20T11:00:00Z,1787223600,0.93176,0.93191,0.93173,0.93188,117,16,0
2026-08-20T11:05:00Z,1787223900,0.93188,0.93198,0.93168,0.93188,109,16,0
2026-08-20T11:10:00Z,1787224200,0.93187,0.93211,0.93172,0.93198,118,16,0
2026-08-20T11:15:00Z,1787224500,0.93197,0.93209,0.93177,0.93177,103,16,0
2026-08-20T11:20:00Z,1787224800,0.93177,0.93178,0.93153,0.93169,103,16,0
2026-08-20T11:25:00Z,1787225100,0.93172,0.93189,0.93157,0.93189,111,16,0
2026-08-20T11:30:00Z,1787225400,0.93189,0.93214,0.93189,0.9321,101,16,0
2026-08-20T11:35:00Z,1787225700,0.9321,0.93224,0.93208,0.93212,102,16,0
2026-08-20T11:40:00Z,1787226000,0.93212,0.93264,0.93206,0.93263,110,16,0
2026-08-20T11:45:00Z,1787226300,0.93263,0.93304,0.93256,0.93286,153,16,0
2026-08-20T11:50:00Z,1787226600,0.93286,0.93312,0.93277,0.93299,142,16,0
2026-08-20T11:55:00Z,1787226900,0.93298,0.93299,0.93258,0.93276,131,16,0
2026-08-20T12:00:00Z,1787227200,0.93273,0.93292,0.93257,0.93284,167,16,0
2026-08-20T12:05:00Z,1787227500,0.93284,0.93316,0.93283,0.93315,195,16,0
2026-08-20T12:10:00Z,1787227800,0.93316,0.93319,0.9324,0.93246,155,16,0
2026-08-20T12:15:00Z,1787228100,0.93245,0.93245,0.93211,0.93243,160,16,0
2026-08-20T12:20:00Z,1787228400,0.93243,0.93248,0.93219,0.93234,166,16,0
2026-08-20T12:25:00Z,1787228700,0.93234,0.93242,0.93213,0.93216,125,16,0
2026-08-20T12:30:00Z,1787229000,0.93217,0.93254,0.93217,0.93246,132,16,0
2026-08-20T12:35:00Z,1787229300,0.93246,0.93247,0.93221,0.93223,157,16,0
2026-08-20T12:40:00Z,1787229600,0.93222,0.93231,0.93208,0.9321,140,16,0
2026-08-20T12:45:00Z,1787229900,0.93211,0.93242,0.93208,0.93208,127,16,0
2026-08-20T12:50:00Z,1787230200,0.93205,0.93228,0.93203,0.93226,118,16,0
2026-08-20T12:55:00Z,1787230500,0.93224,0.93236,0.9322,0.93225,139,16,0
2026-08-20T13:00:00Z,1787230800,0.93222,0.93252,0.93216,0.93243,153,16,0
2026-08-20T13:05:00Z,1787231100,0.93244,0.93262,0.93227,0.93261,137,16,0
2026-08-20T13:10:00Z,1787231400,0.93261,0.93279,0.93244,0.93277,129,16,0
2026-08-20T13:15:00Z,1787231700,0.93276,0.9328,0.93262,0.93263,126,16,0
2026-08-20T13:20:00Z,1787232000,0.93263,0.93286,0.93247,0.93283,109,16,0
2026-08-20T13:25:00Z,1787232300,0.93284,0.93307,0.93267,0.93269,130,16,0
2026-08-20T13:30:00Z,1787232600,0.93268,0.93285,0.93248,0.9328,172,16,0
2026-08-20T13:35:00Z,1787232900,0.9328,0.9328,0.93239,0.9326,179,16,0
2026-08-20T13:40:00Z,1787233200,0.9326,0.93277,0.93248,0.93262,165,16,0
2026-08-20T13:45:00Z,1787233500,0.93262,0.93284,0.93251,0.93271,155,16,0
2026-08-20T13:50:00Z,1787233800,0.93271,0.93271,0.93225,0.93242,149,16,0
2026-08-20T13:55:00Z,1787234100,0.93242,0.93317,0.93242,0.93298,166,16,0
2026-08-20T14:00:00Z,1787234400,0.93295,0.93312,0.93279,0.93306,215,16,0
2026-08-20T14:05:00Z,1787234700,0.93305,0.93326,0.93302,0.93322,150,16,0
2026-08-20T14:10:00Z,1787235000,0.93321,0.93346,0.93321,0.93325,160,16,0
2026-08-20T14:15:00Z,1787235300,0.93325,0.93366,0.93308,0.93323,169,16,0
2026-08-20T14:20:00Z,1787235600,0.93322,0.93333,0.93285,0.93293,150,16,0
2026-08-20T14:25:00Z,1787235900,0.93295,0.93307,0.93276,0.93277,151,16,0
2026-08-20T14:30:00Z,1787236200,0.93276,0.93281,0.93269,0.93276,128,16,0
2026-08-20T14:35:00Z,1787236500,0.93275,0.93284,0.93262,0.93284,91,16,0
2026-08-20T14:40:00Z,1787236800,0.93285,0.93295,0.93262,0.93286,124,16,0
2026-08-20T14:45:00Z,1787237100,0.93286,0.93304,0.93284,0.93295,126,16,0
2026-08-20T14:50:00Z,1787237400,0.93295,0.93311,0.93266,0.93272,143,16,0
2026-08-20T14:55:00Z,1787237700,0.9327,0.93305,0.93264,0.93294,197,16,0
2026-08-20T15:00:00Z,1787238000,0.93294,0.93295,0.93238,0.93267,340,16,0
2026-08-20T15:05:00Z,1787238300,0.93265,0.93345,0.9326,0.93333,237,16,0
2026-08-20T15:10:00Z,1787238600,0.93335,0.93364,0.93315,0.93317,186,16,0
2026-08-20T15:15:00Z,1787238900,0.93317,0.93357,0.93316,0.93345,169,16,0
2026-08-20T15:20:00Z,1787239200,0.93343,0.9337,0.93328,0.9336,160,16,0
2026-08-20T15:25:00Z,1787239500,0.93362,0.93395,0.93339,0.93339,167,16,0
2026-08-20T15:30:00Z,1787239800,0.93336,0.93387,0.93334,0.93378,156,16,0
2026-08-20T15:35:00Z,1787240100,0.93378,0.93396,0.93376,0.93391,141,16,0
2026-08-20T15:40:00Z,1787240400,0.93391,0.93449,0.93376,0.93442,182,16,0
2026-08-20T15:45:00Z,1787240700,0.93442,0.93448,0.93412,0.93436,173,16,0
2026-08-20T15:50:00Z,1787241000,0.93436,0.93442,0.93415,0.93415,120,16,0
2026-08-20T15:55:00Z,1787241300,0.93416,0.93422,0.93401,0.93402,118,16,0
2026-08-20T16:00:00Z,1787241600,0.93402,0.93403,0.93367,0.9337,128,16,0
2026-08-20T16:05:00Z,1787241900,0.9337,0.9339,0.93367,0.93384,103,16,0
2026-08-20T16:10:00Z,1787242200,0.93385,0.93419,0.93382,0.93419,99,16,0
2026-08-20T16:15:00Z,1787242500,0.93419,0.93422,0.93396,0.93399,109,16,0
2026-08-20T16:20:00Z,1787242800,0.93399,0.93412,0.93397,0.93407,83,16,0
2026-08-20T16:25:00Z,1787243100,0.93408,0.93421,0.93403,0.93403,110,16,0
2026-08-20T16:30:00Z,1787243400,0.93404,0.93425,0.93395,0.93418,102,16,0
2026-08-20T16:35:00Z,1787243700,0.93418,0.93451,0.93403,0.93445,120,16,0
2026-08-20T16:40:00Z,1787244000,0.93446,0.93457,0.93428,0.93455,100,16,0
2026-08-20T16:45:00Z,1787244300,0.93455,0.93459,0.93445,0.93448,86,16,0
2026-08-20T16:50:00Z,1787244600,0.93447,0.93456,0.93436,0.9345,59,16,0
2026-08-20T16:55:00Z,1787244900,0.9345,0.93458,0.93424,0.93425,85,16,0
2026-08-20T17:00:00Z,1787245200,0.93425,0.93442,0.93417,0.93441,94,16,0
2026-08-20T17:05:00Z,1787245500,0.93441,0.93449,0.93436,0.93444,71,16,0
2026-08-20T17:10:00Z,1787245800,0.93442,0.93455,0.9344,0.93443,49,16,0
2026-08-20T17:15:00Z,1787246100,0.93443,0.93454,0.9343,0.93453,70,16,0
2026-08-20T17:20:00Z,1787246400,0.93453,0.93456,0.93446,0.93454,61,16,0
2026-08-20T17:25:00Z,1787246700,0.93454,0.93457,0.93448,0.93451,51,16,0
2026-08-20T17:30:00Z,1787247000,0.93451,0.93472,0.93451,0.93464,58,16,0
2026-08-20T17:35:00Z,1787247300,0.93465,0.93471,0.93461,0.93469,64,16,0
2026-08-20T17:40:00Z,1787247600,0.93469,0.9347,0.93457,0.93458,51,16,0
2026-08-20T17:45:00Z,1787247900,0.93459,0.93467,0.93458,0.93461,55,16,0
2026-08-20T17:50:00Z,1787248200,0.93461,0.93461,0.93451,0.93453,58,16,0
2026-08-20T17:55:00Z,1787248500,0.93452,0.93459,0.93443,0.93447,69,16,0
2026-08-20T18:00:00Z,1787248800,0.93447,0.93453,0.93442,0.93448,61,16,0
2026-08-20T18:05:00Z,1787249100,0.93447,0.93456,0.93443,0.93454,63,16,0
2026-08-20T18:10:00Z,1787249400,0.93454,0.93466,0.93454,0.93464,80,16,0
2026-08-20T18:15:00Z,1787249700,0.93464,0.93471,0.93462,0.93462,59,16,0
2026-08-20T18:20:00Z,1787250000,0.93462,0.93465,0.93458,0.93464,55,16,0
2026-08-20T18:25:00Z,1787250300,0.93464,0.93467,0.93455,0.93466,47,16,0
2026-08-20T18:30:00Z,1787250600,0.93466,0.93469,0.93463,0.93466,44,16,0
2026-08-20T18:35:00Z,1787250900,0.93466,0.93466,0.93453,0.93465,55,16,0
2026-08-20T18:40:00Z,1787251200,0.93465,0.9348,0.93465,0.9348,51,16,0
2026-08-20T18:45:00Z,1787251500,0.9348,0.93487,0.93479,0.93483,47,16,0
2026-08-20T18:50:00Z,1787251800,0.93483,0.93485,0.93478,0.9348,51,16,0
2026-08-20T18:55:00Z,1787252100,0.93477,0.93491,0.93475,0.9348,72,16,0
2026-08-20T19:00:00Z,1787252400,0.93481,0.93495,0.93481,0.93492,57,16,0
2026-08-20T19:05:00Z,1787252700,0.93492,0.93494,0.93486,0.93492,31,16,0
2026-08-20T19:10:00Z,1787253000,0.93492,0.93494,0.9348,0.93484,54,16,0
2026-08-20T19:15:00Z,1787253300,0.93484,0.93486,0.93476,0.93481,48,16,0
2026-08-20T19:20:00Z,1787253600,0.93481,0.93483,0.93473,0.93474,46,16,0
2026-08-20T19:25:00Z,1787253900,0.93474,0.9348,0.93471,0.9348,39,16,0
2026-08-20T19:30:00Z,1787254200,0.93481,0.93485,0.93475,0.93483,63,16,0
2026-08-20T19:35:00Z,1787254500,0.93484,0.93486,0.93477,0.9348,31,16,0
2026-08-20T19:40:00Z,1787254800,0.9348,0.93486,0.93477,0.93483,38,16,0
2026-08-20T19:45:00Z,1787255100,0.93483,0.93486,0.93481,0.93483,44,16,0
2026-08-20T19:50:00Z,1787255400,0.93483,0.93483,0.93472,0.93474,45,16,0
2026-08-20T19:55:00Z,1787255700,0.93475,0.93483,0.93467,0.93482,54,16,0
2026-08-20T20:00:00Z,1787256000,0.93481,0.93491,0.9348,0.93484,53,16,0
2026-08-20T20:05:00Z,1787256300,0.93484,0.93487,0.9348,0.9348,21,16,0
2026-08-20T20:10:00Z,1787256600,0.9348,0.93481,0.93475,0.93479,22,16,0
2026-08-20T20:15:00Z,1787256900,0.93479,0.93484,0.93479,0.93484,19,16,0
2026-08-20T20:20:00Z,1787257200,0.93484,0.9349,0.93483,0.9349,14,16,0
2026-08-20T20:25:00Z,1787257500,0.9349,0.9349,0.93484,0.93484,22,16,0
2026-08-20T20:30:00Z,1787257800,0.93484,0.93485,0.93476,0.93481,30,16,0
2026-08-20T20:35:00Z,1787258100,0.93481,0.93481,0.93473,0.93476,25,16,0
2026-08-20T20:40:00Z,1787258400,0.93476,0.93476,0.93473,0.93475,18,16,0
2026-08-20T20:45:00Z,1787258700,0.93475,0.93476,0.93467,0.9347,34,16,0
2026-08-20T20:50:00Z,1787259000,0.9347,0.93482,0.9347,0.93473,45,16,0
2026-08-20T20:55:00Z,1787259300,0.93474,0.9348,0.9347,0.93478,68,10,0
2026-08-20T21:00:00Z,1787259600,0.93475,0.93476,0.93473,0.93473,3,25,0
2026-08-20T21:05:00Z,1787259900,0.93476,0.93479,0.93447,0.93454,38,17,0
2026-08-20T21:10:00Z,1787260200,0.93455,0.93462,0.93438,0.93445,48,45,0
2026-08-20T21:15:00Z,1787260500,0.93448,0.93462,0.93443,0.93461,50,53,0
2026-08-20T21:20:00Z,1787260800,0.9346,0.93466,0.93458,0.93458,37,42,0
2026-08-20T21:25:00Z,1787261100,0.93459,0.93459,0.93439,0.93455,41,56,0
2026-08-20T21:30:00Z,1787261400,0.93457,0.93463,0.93455,0.93462,51,48,0
2026-08-20T21:35:00Z,1787261700,0.93459,0.93465,0.93453,0.93454,43,48,0
2026-08-20T21:40:00Z,1787262000,0.93456,0.93459,0.93442,0.93456,66,53,0
2026-08-20T21:45:00Z,1787262300,0.93456,0.93466,0.93447,0.93462,133,31,0
2026-08-20T21:50:00Z,1787262600,0.9346,0.93471,0.93452,0.9346,114,22,0
2026-08-20T21:55:00Z,1787262900,0.93459,0.93463,0.93441,0.93441,24,31,0
2026-08-20T22:00:00Z,1787263200,0.93469,0.93492,0.93462,0.93488,46,25,0
2026-08-20T22:05:00Z,1787263500,0.93486,0.93486,0.93477,0.93477,13,25,0
2026-08-20T22:10:00Z,1787263800,0.93477,0.93477,0.93469,0.9347,24,25,0
2026-08-20T22:15:00Z,1787264100,0.9347,0.93475,0.93468,0.93472,32,25,0
2026-08-20T22:20:00Z,1787264400,0.93472,0.93473,0.93469,0.93472,12,25,0
2026-08-20T22:25:00Z,1787264700,0.93472,0.93476,0.93464,0.93466,37,25,0
2026-08-20T22:30:00Z,1787265000,0.93466,0.93466,0.93464,0.93466,13,25,0
2026-08-20T22:35:00Z,1787265300,0.93466,0.93466,0.93459,0.9346,12,25,0
2026-08-20T22:40:00Z,1787265600,0.9346,0.9346,0.93453,0.93454,15,25,0
2026-08-20T22:45:00Z,1787265900,0.93454,0.93457,0.93452,0.93454,17,25,0
2026-08-20T22:50:00Z,1787266200,0.93454,0.93458,0.9345,0.9345,20,25,0
2026-08-20T22:55:00Z,1787266500,0.9345,0.93451,0.93446,0.9345,19,25,0
2026-08-20T23:00:00Z,1787266800,0.93454,0.93456,0.93438,0.93442,29,16,0
2026-08-20T23:05:00Z,1787267100,0.93442,0.93448,0.93441,0.93446,32,16,0
2026-08-20T23:10:00Z,1787267400,0.93446,0.93455,0.93439,0.93444,36,16,0
2026-08-20T23:15:00Z,1787267700,0.93444,0.93454,0.93443,0.93451,35,16,0
2026-08-20T23:20:00Z,1787268000,0.93451,0.93451,0.93449,0.93449,13,16,0
2026-08-20T23:25:00Z,1787268300,0.93449,0.93453,0.93443,0.93453,23,16,0
2026-08-20T23:30:00Z,1787268600,0.93453,0.9346,0.9345,0.9346,24,16,0
2026-08-20T23:35:00Z,1787268900,0.9346,0.93462,0.93455,0.93455,18,16,0
2026-08-20T23:40:00Z,1787269200,0.93455,0.93455,0.93452,0.93452,13,16,0
2026-08-20T23:45:00Z,1787269500,0.93452,0.93452,0.93446,0.93447,18,16,0
2026-08-20T23:50:00Z,1787269800,0.93447,0.93464,0.93446,0.93464,32,16,0
2026-08-20T23:55:00Z,1787270100,0.93463,0.93463,0.93446,0.9345,37,16,0
2026-08-21T00:00:00Z,1787270400,0.93449,0.93483,0.93444,0.93481,89,16,0
2026-08-21T00:05:00Z,1787270700,0.93481,0.93495,0.93481,0.9349,71,16,0
2026-08-21T00:10:00Z,1787271000,0.93491,0.93491,0.93473,0.93478,45,16,0
2026-08-21T00:15:00Z,1787271300,0.93479,0.93487,0.93462,0.93468,68,16,0
2026-08-21T00:20:00Z,1787271600,0.93468,0.93477,0.93466,0.93476,62,16,0
2026-08-21T00:25:00Z,1787271900,0.93476,0.93483,0.93471,0.93477,55,16,0
2026-08-21T00:30:00Z,1787272200,0.93476,0.93487,0.93475,0.93479,76,16,0
2026-08-21T00:35:00Z,1787272500,0.9348,0.9348,0.93468,0.93476,60,16,0
2026-08-21T00:40:00Z,1787272800,0.93476,0.9348,0.93473,0.93475,59,16,0
2026-08-21T00:45:00Z,1787273100,0.93475,0.93482,0.93473,0.9348,49,16,0
2026-08-21T00:50:00Z,1787273400,0.93483,0.93492,0.93483,0.93491,79,16,0
2026-08-21T00:55:00Z,1787273700,0.93489,0.93497,0.93486,0.93487,70,16,0
2026-08-21T01:00:00Z,1787274000,0.93486,0.93486,0.93459,0.93468,95,16,0
2026-08-21T01:05:00Z,1787274300,0.93468,0.93472,0.9346,0.93468,70,16,0
2026-08-21T01:10:00Z,1787274600,0.93468,0.93469,0.93448,0.93455,79,16,0
2026-08-21T01:15:00Z,1787274900,0.93455,0.93462,0.93449,0.9346,82,16,0
2026-08-21T01:20:00Z,1787275200,0.9346,0.93467,0.93452,0.93452,76,16,0
2026-08-21T01:25:00Z,1787275500,0.93452,0.93459,0.93445,0.93447,89,16,0
2026-08-21T01:30:00Z,1787275800,0.93447,0.93447,0.93426,0.93426,65,16,0
2026-08-21T01:35:00Z,1787276100,0.93426,0.9344,0.93421,0.9343,86,16,0
2026-08-21T01:40:00Z,1787276400,0.9343,0.93448,0.9343,0.9344,84,16,0
2026-08-21T01:45:00Z,1787276700,0.93439,0.93447,0.93437,0.93437,56,16,0
2026-08-21T01:50:00Z,1787277000,0.93437,0.93463,0.93437,0.93462,71,16,0
2026-08-21T01:55:00Z,1787277300,0.93462,0.93464,0.9345,0.93451,71,16,0
2026-08-21T02:00:00Z,1787277600,0.9345,0.93463,0.93449,0.93463,63,16,0
2026-08-21T02:05:00Z,1787277900,0.93464,0.93483,0.93464,0.93471,49,16,0
2026-08-21T02:10:00Z,1787278200,0.93472,0.93477,0.9347,0.93477,44,16,0
2026-08-21T02:15:00Z,1787278500,0.93478,0.9348,0.9347,0.93473,44,16,0
2026-08-21T02:20:00Z,1787278800,0.93472,0.93475,0.93457,0.93461,66,16,0
2026-08-21T02:25:00Z,1787279100,0.93461,0.93466,0.93451,0.93463,70,16,0
2026-08-21T02:30:00Z,1787279400,0.93462,0.93462,0.93455,0.9346,44,16,0
2026-08-21T02:35:00Z,1787279700,0.9346,0.9346,0.93455,0.9346,32,16,0
2026-08-21T02:40:00Z,1787280000,0.9346,0.93461,0.93451,0.93454,49,16,0
2026-08-21T02:45:00Z,1787280300,0.93454,0.93454,0.9344,0.93451,67,16,0
2026-08-21T02:50:00Z,1787280600,0.93451,0.93451,0.93428,0.93433,77,16,0
2026-08-21T02:55:00Z,1787280900,0.93432,0.93447,0.93429,0.93447,58,16,0
2026-08-21T03:00:00Z,1787281200,0.93447,0.93458,0.93446,0.93457,50,16,0
2026-08-21T03:05:00Z,1787281500,0.93457,0.93458,0.93443,0.93449,51,16,0
2026-08-21T03:10:00Z,1787281800,0.93448,0.93453,0.93447,0.93453,38,16,0
2026-08-21T03:15:00Z,1787282100,0.93453,0.93467,0.93453,0.93466,31,16,0
2026-08-21T03:20:00Z,1787282400,0.93466,0.93468,0.93466,0.93468,17,16,0
2026-08-21T03:25:00Z,1787282700,0.93467,0.93481,0.93467,0.9348,36,16,0
2026-08-21T03:30:00Z,1787283000,0.9348,0.93497,0.93479,0.93497,44,16,0
2026-08-21T03:35:00Z,1787283300,0.93497,0.93508,0.93497,0.93506,47,16,0
2026-08-21T03:40:00Z,1787283600,0.93505,0.93508,0.93499,0.93502,38,16,0
2026-08-21T03:45:00Z,1787283900,0.93501,0.93514,0.93501,0.93511,34,16,0
2026-08-21T03:50:00Z,1787284200,0.93511,0.93513,0.935,0.93504,43,16,0
2026-08-21T03:55:00Z,1787284500,0.93504,0.93505,0.935,0.93505,35,16,0
2026-08-21T04:00:00Z,1787284800,0.93505,0.93508,0.93501,0.93502,38,16,0
2026-08-21T04:05:00Z,1787285100,0.93502,0.9351,0.93499,0.93508,37,16,0
2026-08-21T04:10:00Z,1787285400,0.93508,0.93511,0.93506,0.93508,35,16,0
2026-08-21T04:15:00Z,1787285700,0.93508,0.93513,0.93508,0.93511,24,16,0
2026-08-21T04:20:00Z,1787286000,0.93511,0.93519,0.9351,0.93519,25,16,0
2026-08-21T04:25:00Z,1787286300,0.93519,0.9352,0.93517,0.93519,23,16,0
2026-08-21T04:30:00Z,1787286600,0.93519,0.93523,0.93518,0.93521,23,16,0
2026-08-21T04:35:00Z,1787286900,0.93521,0.93522,0.93519,0.93521,14,16,0
2026-08-21T04:40:00Z,1787287200,0.93521,0.93522,0.93512,0.93512,20,16,0
2026-08-21T04:45:00Z,1787287500,0.93512,0.93519,0.93511,0.93517,23,16,0
2026-08-21T04:50:00Z,1787287800,0.93517,0.93521,0.93516,0.93521,21,16,0
2026-08-21T04:55:00Z,1787288100,0.9352,0.93522,0.93517,0.93519,27,16,0
2026-08-21T05:00:00Z,1787288400,0.93519,0.93526,0.93519,0.93526,40,16,0
2026-08-21T05:05:00Z,1787288700,0.93526,0.93528,0.93524,0.93527,37,16,0
2026-08-21T05:10:00Z,1787289000,0.93526,0.93527,0.93518,0.93526,29,16,0
2026-08-21T05:15:00Z,1787289300,0.93526,0.93526,0.93512,0.93512,36,16,0
2026-08-21T05:20:00Z,1787289600,0.93513,0.93522,0.93513,0.9352,35,16,0
2026-08-21T05:25:00Z,1787289900,0.9352,0.93527,0.93516,0.9352,36,16,0
2026-08-21T05:30:00Z,1787290200,0.9352,0.9352,0.93505,0.93507,46,16,0
2026-08-21T05:35:00Z,1787290500,0.93508,0.93508,0.93492,0.93502,63,16,0
2026-08-21T05:40:00Z,1787290800,0.93502,0.93513,0.93499,0.93499,54,16,0
2026-08-21T05:45:00Z,1787291100,0.93498,0.93506,0.93483,0.93483,74,16,0
2026-08-21T05:50:00Z,1787291400,0.93483,0.93484,0.93473,0.93477,69,16,0
2026-08-21T05:55:00Z,1787291700,0.93476,0.93479,0.93465,0.93467,81,16,0
2026-08-21T06:00:00Z,1787292000,0.93467,0.9349,0.93467,0.93489,94,16,0
2026-08-21T06:05:00Z,1787292300,0.9349,0.93504,0.93477,0.93481,89,16,0
2026-08-21T06:10:00Z,1787292600,0.9348,0.93494,0.93478,0.93494,70,16,0
2026-08-21T06:15:00Z,1787292900,0.93494,0.93504,0.93483,0.93504,75,16,0
2026-08-21T06:20:00Z,1787293200,0.93504,0.93511,0.93502,0.9351,65,16,0
2026-08-21T06:25:00Z,1787293500,0.93512,0.93519,0.93506,0.93516,79,16,0
2026-08-21T06:30:00Z,1787293800,0.93515,0.93521,0.93512,0.9352,51,16,0
2026-08-21T06:35:00Z,1787294100,0.9352,0.93542,0.93514,0.9354,54,16,0
2026-08-21T06:40:00Z,1787294400,0.9354,0.93543,0.93532,0.93539,67,16,0
2026-08-21T06:45:00Z,1787294700,0.93539,0.93543,0.93524,0.93527,70,16,0
2026-08-21T06:50:00Z,1787295000,0.93527,0.93561,0.93526,0.9356,80,16,0
2026-08-21T06:55:00Z,1787295300,0.93561,0.93563,0.93542,0.93547,97,16,0
2026-08-21T07:00:00Z,1787295600,0.9355,0.93555,0.93511,0.93516,130,16,0
2026-08-21T07:05:00Z,1787295900,0.93516,0.93575,0.93515,0.93574,116,16,0
2026-08-21T07:10:00Z,1787296200,0.93574,0.93591,0.93563,0.93563,94,16,0
2026-08-21T07:15:00Z,1787296500,0.93561,0.93568,0.93552,0.93561,111,16,0
2026-08-21T07:20:00Z,1787296800,0.93561,0.93566,0.93542,0.93548,104,16,0
2026-08-21T07:25:00Z,1787297100,0.93545,0.93555,0.93537,0.93542,97,16,0
2026-08-21T07:30:00Z,1787297400,0.93539,0.93546,0.93528,0.93536,120,16,0
2026-08-21T07:35:00Z,1787297700,0.93536,0.93544,0.93519,0.93519,103,16,0
2026-08-21T07:40:00Z,1787298000,0.93519,0.93539,0.93511,0.93533,122,16,0
2026-08-21T07:45:00Z,1787298300,0.93536,0.93548,0.93524,0.93544,119,16,0
2026-08-21T07:50:00Z,1787298600,0.93541,0.93561,0.93536,0.93561,103,16,0
2026-08-21T07:55:00Z,1787298900,0.93562,0.93572,0.93551,0.93554,100,16,0
2026-08-21T08:00:00Z,1787299200,0.93555,0.93576,0.93554,0.93576,100,16,0
2026-08-21T08:05:00Z,1787299500,0.93578,0.93604,0.93576,0.93593,88,16,0
2026-08-21T08:10:00Z,1787299800,0.93592,0.93592,0.93564,0.93566,92,16,0
2026-08-21T08:15:00Z,1787300100,0.93566,0.93585,0.93553,0.93582,110,16,0
2026-08-21T08:20:00Z,1787300400,0.93582,0.93584,0.93551,0.93554,110,16,0
2026-08-21T08:25:00Z,1787300700,0.93554,0.93575,0.93532,0.93573,135,16,0
2026-08-21T08:30:00Z,1787301000,0.93573,0.93581,0.93559,0.93566,105,16,0
2026-08-21T08:35:00Z,1787301300,0.93566,0.9357,0.93547,0.93552,118,16,0
2026-08-21T08:40:00Z,1787301600,0.93552,0.93564,0.93533,0.93554,125,16,0
2026-08-21T08:45:00Z,1787301900,0.93556,0.93574,0.9355,0.93558,119,16,0
2026-08-21T08:50:00Z,1787302200,0.93558,0.93583,0.93556,0.93579,115,16,0
2026-08-21T08:55:00Z,1787302500,0.9358,0.93594,0.93567,0.93567,107,16,0
2026-08-21T09:00:00Z,1787302800,0.93567,0.93587,0.93564,0.93575,145,16,0
2026-08-21T09:05:00Z,1787303100,0.93575,0.93595,0.93533,0.93536,133,16,0
2026-08-21T09:10:00Z,1787303400,0.93538,0.93551,0.93527,0.93533,113,16,0
2026-08-21T09:15:00Z,1787303700,0.93534,0.93535,0.93507,0.93521,112,16,0
2026-08-21T09:20:00Z,1787304000,0.93524,0.93528,0.93486,0.93501,123,16,0
2026-08-21T09:25:00Z,1787304300,0.93503,0.93523,0.93498,0.93507,100,16,0
2026-08-21T09:30:00Z,1787304600,0.93508,0.93526,0.93494,0.93519,96,16,0
2026-08-21T09:35:00Z,1787304900,0.93519,0.93526,0.93499,0.93509,102,16,0
2026-08-21T09:40:00Z,1787305200,0.93509,0.9351,0.93496,0.93505,55,16,0
2026-08-21T09:45:00Z,1787305500,0.93505,0.93515,0.93499,0.935,73,16,0
2026-08-21T09:50:00Z,1787305800,0.93499,0.93517,0.93494,0.935,80,16,0
2026-08-21T09:55:00Z,1787306100,0.93499,0.93515,0.93497,0.93513,88,16,0
2026-08-21T10:00:00Z,1787306400,0.93514,0.93522,0.93499,0.93509,116,16,0
2026-08-21T10:05:00Z,1787306700,0.9351,0.93511,0.9349,0.93499,92,16,0
2026-08-21T10:10:00Z,1787307000,0.935,0.93514,0.93498,0.93504,62,16,0
2026-08-21T10:15:00Z,1787307300,0.93504,0.93515,0.93492,0.93502,82,16,0
2026-08-21T10:20:00Z,1787307600,0.93501,0.93518,0.93498,0.93511,64,16,0
2026-08-21T10:25:00Z,1787307900,0.93511,0.93518,0.93495,0.93497,98,16,0
2026-08-21T10:30:00Z,1787308200,0.93497,0.93505,0.93489,0.93492,83,16,0
2026-08-21T10:35:00Z,1787308500,0.93493,0.93497,0.93484,0.93496,81,16,0
2026-08-21T10:40:00Z,1787308800,0.93496,0.93498,0.93484,0.93486,45,16,0
2026-08-21T10:45:00Z,1787309100,0.93484,0.93495,0.93477,0.93482,71,16,0
2026-08-21T10:50:00Z,1787309400,0.93482,0.93496,0.93478,0.93492,80,16,0
2026-08-21T10:55:00Z,1787309700,0.93492,0.93513,0.93492,0.93496,86,16,0
2026-08-21T11:00:00Z,1787310000,0.93496,0.93503,0.93488,0.93503,88,16,0
2026-08-21T11:05:00Z,1787310300,0.93503,0.93523,0.93496,0.93508,85,16,0
2026-08-21T11:10:00Z,1787310600,0.9351,0.93526,0.9351,0.93526,65,16,0
2026-08-21T11:15:00Z,1787310900,0.93526,0.9353,0.93521,0.93527,61,16,0
2026-08-21T11:20:00Z,1787311200,0.93527,0.93533,0.93471,0.93477,140,16,0
2026-08-21T11:25:00Z,1787311500,0.93479,0.93488,0.93469,0.93487,163,16,0
2026-08-21T11:30:00Z,1787311800,0.93487,0.93508,0.9348,0.93497,146,16,0
2026-08-21T11:35:00Z,1787312100,0.93497,0.93497,0.93464,0.93489,158,16,0
2026-08-21T11:40:00Z,1787312400,0.9349,0.9353,0.9349,0.93524,130,16,0
2026-08-21T11:45:00Z,1787312700,0.93525,0.93539,0.93521,0.93538,71,16,0
2026-08-21T11:50:00Z,1787313000,0.93538,0.93546,0.93521,0.93537,116,16,0
2026-08-21T11:55:00Z,1787313300,0.93537,0.93538,0.93517,0.9352,81,16,0
2026-08-21T12:00:00Z,1787313600,0.9352,0.93526,0.93499,0.93521,107,16,0
2026-08-21T12:05:00Z,1787313900,0.93521,0.93522,0.93501,0.9352,106,16,0
2026-08-21T12:10:00Z,1787314200,0.93519,0.93527,0.93506,0.9351,111,16,0
2026-08-21T12:15:00Z,1787314500,0.93509,0.93509,0.93491,0.93491,114,16,0
2026-08-21T12:20:00Z,1787314800,0.9349,0.93495,0.93482,0.93488,104,16,0
2026-08-21T12:25:00Z,1787315100,0.9349,0.9351,0.9349,0.93505,76,16,0
2026-08-21T12:30:00Z,1787315400,0.93505,0.93519,0.935,0.93515,75,16,0
2026-08-21T12:35:00Z,1787315700,0.93514,0.93539,0.93507,0.93539,112,16,0
2026-08-21T12:40:00Z,1787316000,0.93538,0.9354,0.93515,0.93525,108,16,0
2026-08-21T12:45:00Z,1787316300,0.93525,0.93527,0.9351,0.93515,102,16,0
2026-08-21T12:50:00Z,1787316600,0.93515,0.9354,0.93513,0.93523,92,16,0
2026-08-21T12:55:00Z,1787316900,0.93521,0.93527,0.93506,0.93507,79,16,0
2026-08-21T13:00:00Z,1787317200,0.93507,0.93514,0.93491,0.93509,111,16,0
2026-08-21T13:05:00Z,1787317500,0.93509,0.93533,0.93497,0.93531,119,16,0
2026-08-21T13:10:00Z,1787317800,0.93532,0.93532,0.93516,0.93517,90,16,0
2026-08-21T13:15:00Z,1787318100,0.93517,0.93536,0.93511,0.93533,98,16,0
2026-08-21T13:20:00Z,1787318400,0.93533,0.93536,0.93519,0.93524,97,16,0
2026-08-21T13:25:00Z,1787318700,0.93524,0.93524,0.93509,0.93513,110,16,0
2026-08-21T13:30:00Z,1787319000,0.93512,0.93512,0.93482,0.93491,131,16,0
2026-08-21T13:35:00Z,1787319300,0.93489,0.93491,0.93465,0.93466,116,16,0
2026-08-21T13:40:00Z,1787319600,0.93468,0.93476,0.93455,0.93474,98,16,0
2026-08-21T13:45:00Z,1787319900,0.93477,0.93499,0.93467,0.93492,107,16,0
2026-08-21T13:50:00Z,1787320200,0.93492,0.93497,0.93472,0.93473,105,16,0
2026-08-21T13:55:00Z,1787320500,0.93471,0.93471,0.93439,0.93465,117,16,0
2026-08-21T14:00:00Z,1787320800,0.93465,0.93486,0.93464,0.93474,106,16,0
2026-08-21T14:05:00Z,1787321100,0.93474,0.93501,0.93465,0.93495,84,16,0
2026-08-21T14:10:00Z,1787321400,0.93496,0.9351,0.93492,0.93507,92,16,0
2026-08-21T14:15:00Z,1787321700,0.93507,0.93509,0.93472,0.93472,98,16,0
2026-08-21T14:20:00Z,1787322000,0.93472,0.93492,0.93468,0.93488,102,16,0
2026-08-21T14:25:00Z,1787322300,0.9349,0.93491,0.93471,0.9348,103,16,0
2026-08-21T14:30:00Z,1787322600,0.9348,0.93512,0.93473,0.93511,149,16,0
2026-08-21T14:35:00Z,1787322900,0.93512,0.93544,0.93511,0.93537,174,16,0
2026-08-21T14:40:00Z,1787323200,0.93537,0.9354,0.93503,0.93525,129,16,0
2026-08-21T14:45:00Z,1787323500,0.93525,0.93532,0.9352,0.93521,124,16,0
2026-08-21T14:50:00Z,1787323800,0.93518,0.93518,0.93479,0.9349,158,16,0
2026-08-21T14:55:00Z,1787324100,0.93491,0.93526,0.93476,0.93491,198,16,0
2026-08-21T15:00:00Z,1787324400,0.93493,0.93558,0.93487,0.93538,247,16,0
2026-08-21T15:05:00Z,1787324700,0.93538,0.93564,0.93519,0.93563,143,16,0
2026-08-21T15:10:00Z,1787325000,0.93561,0.93587,0.93546,0.93585,135,16,0
2026-08-21T15:15:00Z,1787325300,0.93584,0.93602,0.93579,0.93597,115,16,0
2026-08-21T15:20:00Z,1787325600,0.93597,0.93602,0.93587,0.936,102,16,0
2026-08-21T15:25:00Z,1787325900,0.93602,0.93625,0.9358,0.93581,107,16,0
2026-08-21T15:30:00Z,1787326200,0.93584,0.93584,0.93538,0.93542,113,16,0
2026-08-21T15:35:00Z,1787326500,0.93542,0.93563,0.93525,0.93563,113,16,0
2026-08-21T15:40:00Z,1787326800,0.93563,0.93564,0.93527,0.93529,104,16,0
2026-08-21T15:45:00Z,1787327100,0.93529,0.93563,0.93529,0.93562,96,16,0
2026-08-21T15:50:00Z,1787327400,0.93563,0.93566,0.93547,0.93554,86,16,0
2026-08-21T15:55:00Z,1787327700,0.93554,0.93557,0.93548,0.93548,90,16,0
2026-08-21T16:00:00Z,1787328000,0.93549,0.93576,0.93547,0.93568,95,16,0
2026-08-21T16:05:00Z,1787328300,0.93568,0.93587,0.93566,0.9358,94,16,0
2026-08-21T16:10:00Z,1787328600,0.9358,0.93583,0.9357,0.93581,81,16,0
2026-08-21T16:15:00Z,1787328900,0.93582,0.93589,0.93577,0.93586,69,16,0
2026-08-21T16:20:00Z,1787329200,0.93586,0.93588,0.93557,0.93579,117,16,0
2026-08-21T16:25:00Z,1787329500,0.9358,0.93591,0.93575,0.93584,56,16,0
2026-08-21T16:30:00Z,1787329800,0.93584,0.93584,0.93574,0.9358,49,16,0
2026-08-21T16:35:00Z,1787330100,0.9358,0.93581,0.93558,0.93562,67,16,0
2026-08-21T16:40:00Z,1787330400,0.93562,0.93568,0.9356,0.93564,64,16,0
2026-08-21T16:45:00Z,1787330700,0.93564,0.93569,0.93561,0.93565,60,16,0
2026-08-21T16:50:00Z,1787331000,0.93565,0.93576,0.9356,0.93571,66,16,0
2026-08-21T16:55:00Z,1787331300,0.93572,0.93574,0.93565,0.9357,45,16,0
2026-08-21T17:00:00Z,1787331600,0.93571,0.9358,0.93561,0.93578,68,16,0
2026-08-21T17:05:00Z,1787331900,0.93577,0.93577,0.93569,0.93569,61,16,0
2026-08-21T17:10:00Z,1787332200,0.93569,0.93576,0.93565,0.93574,50,16,0
2026-08-21T17:15:00Z,1787332500,0.93574,0.93585,0.93572,0.9358,73,16,0
2026-08-21T17:20:00Z,1787332800,0.9358,0.93583,0.93576,0.93576,39,16,0
2026-08-21T17:25:00Z,1787333100,0.93576,0.93588,0.93574,0.93578,53,16,0
2026-08-21T17:30:00Z,1787333400,0.93579,0.9358,0.93568,0.93569,53,16,0
2026-08-21T17:35:00Z,1787333700,0.93569,0.93571,0.93562,0.9357,56,16,0
2026-08-21T17:40:00Z,1787334000,0.9357,0.93575,0.93569,0.9357,56,16,0
2026-08-21T17:45:00Z,1787334300,0.9357,0.93582,0.9357,0.93577,49,16,0
2026-08-21T17:50:00Z,1787334600,0.93577,0.93577,0.93564,0.93566,47,16,0
2026-08-21T17:55:00Z,1787334900,0.93566,0.9357,0.93559,0.9357,35,16,0
2026-08-21T18:00:00Z,1787335200,0.9357,0.9357,0.93557,0.93559,45,16,0
2026-08-21T18:05:00Z,1787335500,0.93559,0.93567,0.93558,0.93567,37,16,0
2026-08-21T18:10:00Z,1787335800,0.93567,0.93571,0.93566,0.93569,36,16,0
2026-08-21T18:15:00Z,1787336100,0.93569,0.93569,0.93556,0.93556,39,16,0
2026-08-21T18:20:00Z,1787336400,0.93556,0.9356,0.93553,0.93554,41,16,0
2026-08-21T18:25:00Z,1787336700,0.93554,0.93554,0.93542,0.93551,46,16,0
2026-08-21T18:30:00Z,1787337000,0.93551,0.93553,0.93546,0.93548,42,16,0
2026-08-21T18:35:00Z,1787337300,0.93548,0.93558,0.93547,0.93557,34,16,0
2026-08-21T18:40:00Z,1787337600,0.93557,0.93565,0.93555,0.93564,32,16,0
2026-08-21T18:45:00Z,1787337900,0.93564,0.93564,0.93556,0.93561,33,16,0
2026-08-21T18:50:00Z,1787338200,0.93558,0.93563,0.93551,0.93551,45,16,0
2026-08-21T18:55:00Z,1787338500,0.93552,0.93557,0.93549,0.93549,45,16,0
2026-08-21T19:00:00Z,1787338800,0.93549,0.93552,0.93543,0.93552,60,16,0
2026-08-21T19:05:00Z,1787339100,0.93552,0.93554,0.93548,0.93553,45,16,0
2026-08-21T19:10:00Z,1787339400,0.93553,0.93559,0.93553,0.93555,25,16,0
2026-08-21T19:15:00Z,1787339700,0.93555,0.9356,0.9355,0.93554,43,16,0
2026-08-21T19:20:00Z,1787340000,0.93553,0.93554,0.93549,0.93553,35,16,0
2026-08-21T19:25:00Z,1787340300,0.93553,0.93566,0.9355,0.93566,41,16,0
2026-08-21T19:30:00Z,1787340600,0.93566,0.93567,0.93551,0.93564,50,16,0
2026-08-21T19:35:00Z,1787340900,0.93563,0.93564,0.93554,0.93554,33,16,0
2026-08-21T19:40:00Z,1787341200,0.93555,0.93556,0.93552,0.93554,27,16,0
2026-08-21T19:45:00Z,1787341500,0.93554,0.93555,0.93544,0.93545,30,16,0
2026-08-21T19:50:00Z,1787341800,0.93545,0.9355,0.93538,0.93542,54,16,0
2026-08-21T19:55:00Z,1787342100,0.93542,0.93545,0.93531,0.93536,67,16,0
2026-08-21T20:00:00Z,1787342400,0.93537,0.93539,0.9353,0.93534,37,16,0
2026-08-21T20:05:00Z,1787342700,0.93534,0.93536,0.93526,0.93535,17,16,0
2026-08-21T20:10:00Z,1787343000,0.93535,0.93536,0.93529,0.9353,22,16,0
2026-08-21T20:15:00Z,1787343300,0.9353,0.93531,0.93525,0.93529,20,16,0
2026-08-21T20:20:00Z,1787343600,0.93529,0.93539,0.93529,0.93539,22,16,0
2026-08-21T20:25:00Z,1787343900,0.93539,0.93549,0.93537,0.93548,44,16,0
2026-08-21T20:30:00Z,1787344200,0.93546,0.93556,0.93545,0.93547,36,16,0
2026-08-21T20:35:00Z,1787344500,0.93547,0.9356,0.93546,0.9356,22,16,0
2026-08-21T20:40:00Z,1787344800,0.9356,0.93564,0.93551,0.93559,34,16,0
2026-08-21T20:45:00Z,1787345100,0.93559,0.93571,0.93554,0.93567,58,16,0
2026-08-21T20:50:00Z,1787345400,0.93566,0.9357,0.93562,0.93567,47,16,0
2026-08-21T20:55:00Z,1787345700,0.93569,0.93569,0.93551,0.93553,55,16,0
2026-08-23T21:05:00Z,1787519100,0.93512,0.93527,0.93434,0.93498,8,133,0
2026-08-23T21:10:00Z,1787519400,0.93499,0.93553,0.93491,0.93553,27,124,0
2026-08-23T21:15:00Z,1787519700,0.93555,0.93564,0.93428,0.93564,41,88,0
2026-08-23T21:20:00Z,1787520000,0.93564,0.93566,0.93549,0.93564,39,87,0
2026-08-23T21:25:00Z,1787520300,0.93565,0.93567,0.9353,0.9355,39,85,0
2026-08-23T21:30:00Z,1787520600,0.93549,0.93561,0.93418,0.93516,87,90,0
2026-08-23T21:35:00Z,1787520900,0.93524,0.93533,0.93499,0.93528,41,100,0
2026-08-23T21:40:00Z,1787521200,0.93529,0.93536,0.93476,0.93517,48,92,0
2026-08-23T21:45:00Z,1787521500,0.93514,0.93539,0.9344,0.93514,80,74,0
2026-08-23T21:50:00Z,1787521800,0.93514,0.93537,0.93483,0.93532,37,63,0
2026-08-23T21:55:00Z,1787522100,0.93527,0.93538,0.93417,0.93538,116,69,0
2026-08-23T22:00:00Z,1787522400,0.93568,0.93568,0.93547,0.93568,77,10,0
2026-08-23T22:05:00Z,1787522700,0.93568,0.93573,0.93559,0.93559,22,25,0
2026-08-23T22:10:00Z,1787523000,0.93556,0.93556,0.93537,0.93537,43,25,0
2026-08-23T22:15:00Z,1787523300,0.93537,0.93537,0.93534,0.93536,22,25,0
2026-08-23T22:20:00Z,1787523600,0.93536,0.93536,0.93518,0.9352,28,25,0
2026-08-23T22:25:00Z,1787523900,0.9352,0.93523,0.93513,0.93513,23,25,0
2026-08-23T22:30:00Z,1787524200,0.93513,0.93516,0.935,0.93516,33,25,0
2026-08-23T22:35:00Z,1787524500,0.93516,0.93517,0.93508,0.93517,28,25,0
2026-08-23T22:40:00Z,1787524800,0.93517,0.93521,0.93516,0.93519,18,25,0
2026-08-23T22:45:00Z,1787525100,0.93519,0.9353,0.93519,0.93529,16,25,0
2026-08-23T22:50:00Z,1787525400,0.9353,0.9353,0.93527,0.93528,13,25,0
2026-08-23T22:55:00Z,1787525700,0.93528,0.9354,0.93528,0.93538,23,25,0
2026-08-23T23:00:00Z,1787526000,0.93542,0.93551,0.93542,0.93549,20,16,0
2026-08-23T23:05:00Z,1787526300,0.93549,0.93552,0.93549,0.9355,16,16,0
2026-08-23T23:10:00Z,1787526600,0.9355,0.9355,0.93546,0.93546,23,16,0
2026-08-23T23:15:00Z,1787526900,0.93546,0.93555,0.93546,0.93553,23,16,0
2026-08-23T23:20:00Z,1787527200,0.93553,0.93554,0.93548,0.9355,25,16,0
2026-08-23T23:25:00Z,1787527500,0.9355,0.93551,0.93549,0.9355,13,16,0
2026-08-23T23:30:00Z,1787527800,0.9355,0.93552,0.9355,0.9355,14,16,0
2026-08-23T23:35:00Z,1787528100,0.9355,0.9355,0.93545,0.93546,17,16,0
2026-08-23T23:40:00Z,1787528400,0.93546,0.9355,0.93545,0.93548,20,16,0
2026-08-23T23:45:00Z,1787528700,0.93548,0.93549,0.9354,0.93541,36,16,0
2026-08-23T23:50:00Z,1787529000,0.93541,0.93544,0.93525,0.93527,36,16,0
2026-08-23T23:55:00Z,1787529300,0.93527,0.9353,0.9352,0.93522,46,16,0
2026-08-24T00:00:00Z,1787529600,0.93521,0.93525,0.93503,0.93504,89,16,0
2026-08-24T00:05:00Z,1787529900,0.93505,0.93507,0.93495,0.93506,74,16,0
2026-08-24T00:10:00Z,1787530200,0.93507,0.93507,0.93484,0.93494,66,16,0
2026-08-24T00:15:00Z,1787530500,0.93495,0.93495,0.93477,0.93483,89,16,0
2026-08-24T00:20:00Z,1787530800,0.93482,0.93489,0.9347,0.93481,92,16,0
2026-08-24T00:25:00Z,1787531100,0.93481,0.93487,0.93479,0.93485,84,16,0
2026-08-24T00:30:00Z,1787531400,0.93485,0.93491,0.93481,0.93485,79,16,0
2026-08-24T00:35:00Z,1787531700,0.93486,0.9349,0.93476,0.93481,72,16,0
2026-08-24T00:40:00Z,1787532000,0.93481,0.93481,0.93472,0.93473,60,16,0
2026-08-24T00:45:00Z,1787532300,0.93473,0.93487,0.9347,0.93481,56,16,0
2026-08-24T00:50:00Z,1787532600,0.9348,0.9348,0.93462,0.93467,84,16,0
2026-08-24T00:55:00Z,1787532900,0.93467,0.93472,0.93449,0.93452,82,16,0
2026-08-24T01:00:00Z,1787533200,0.93451,0.93471,0.93443,0.9347,102,16,0
2026-08-24T01:05:00Z,1787533500,0.93469,0.93482,0.93461,0.93475,82,16,0
2026-08-24T01:10:00Z,1787533800,0.93476,0.93482,0.93472,0.93478,70,16,0
2026-08-24T01:15:00Z,1787534100,0.93477,0.93492,0.9347,0.93473,89,16,0
2026-08-24T01:20:00Z,1787534400,0.93473,0.9348,0.93465,0.93466,81,16,0
2026-08-24T01:25:00Z,1787534700,0.93465,0.93489,0.93462,0.93482,80,16,0
2026-08-24T01:30:00Z,1787535000,0.93482,0.93484,0.93477,0.93478,68,16,0
2026-08-24T01:35:00Z,1787535300,0.93478,0.93486,0.93474,0.93481,61,16,0
2026-08-24T01:40:00Z,1787535600,0.93481,0.93488,0.93479,0.93481,57,16,0
2026-08-24T01:45:00Z,1787535900,0.93481,0.93482,0.93472,0.93475,60,16,0
2026-08-24T01:50:00Z,1787536200,0.93475,0.93475,0.93464,0.93465,60,16,0
2026-08-24T01:55:00Z,1787536500,0.93465,0.93473,0.9346,0.93468,46,16,0
2026-08-24T02:00:00Z,1787536800,0.93468,0.93469,0.93452,0.93453,57,16,0
2026-08-24T02:05:00Z,1787537100,0.93454,0.93474,0.93454,0.93472,51,16,0
2026-08-24T02:10:00Z,1787537400,0.93472,0.93475,0.93453,0.9346,66,16,0
2026-08-24T02:15:00Z,1787537700,0.9346,0.93462,0.93453,0.93459,60,16,0
2026-08-24T02:20:00Z,1787538000,0.93459,0.93463,0.93455,0.93455,40,16,0
2026-08-24T02:25:00Z,1787538300,0.93455,0.93461,0.93451,0.93461,54,16,0
2026-08-24T02:30:00Z,1787538600,0.93461,0.93477,0.93459,0.93477,63,16,0
2026-08-24T02:35:00Z,1787538900,0.93477,0.93479,0.9347,0.93471,45,16,0
2026-08-24T02:40:00Z,1787539200,0.93471,0.93474,0.9347,0.9347,44,16,0
2026-08-24T02:45:00Z,1787539500,0.9347,0.9347,0.93465,0.93469,44,16,0
2026-08-24T02:50:00Z,1787539800,0.93469,0.93469,0.9346,0.9346,51,16,0
2026-08-24T02:55:00Z,1787540100,0.93461,0.93466,0.9346,0.93465,30,16,0
2026-08-24T03:00:00Z,1787540400,0.93465,0.9348,0.93462,0.93472,51,16,0
2026-08-24T03:05:00Z,1787540700,0.93472,0.93479,0.93472,0.93472,45,16,0
2026-08-24T03:10:00Z,1787541000,0.93472,0.9348,0.93472,0.93476,39,16,0
2026-08-24T03:15:00Z,1787541300,0.93476,0.93477,0.93471,0.93474,35,16,0
2026-08-24T03:20:00Z,1787541600,0.93474,0.93481,0.93471,0.93471,36,16,0
2026-08-24T03:25:00Z,1787541900,0.93471,0.93472,0.93468,0.93469,25,16,0
2026-08-24T03:30:00Z,1787542200,0.9347,0.9347,0.93463,0.93466,22,16,0
2026-08-24T03:35:00Z,1787542500,0.93466,0.93475,0.93466,0.93474,31,16,0
2026-08-24T03:40:00Z,1787542800,0.93474,0.93483,0.93472,0.93483,45,16,0
2026-08-24T03:45:00Z,1787543100,0.93483,0.93483,0.93474,0.93474,22,16,0
2026-08-24T03:50:00Z,1787543400,0.93474,0.93476,0.93464,0.93465,34,16,0
2026-08-24T03:55:00Z,1787543700,0.93465,0.93473,0.93464,0.93469,40,16,0
2026-08-24T04:00:00Z,1787544000,0.93469,0.93474,0.93468,0.93474,46,16,0
2026-08-24T04:05:00Z,1787544300,0.93474,0.93479,0.93473,0.93476,41,16,0
2026-08-24T04:10:00Z,1787544600,0.93476,0.93476,0.93462,0.93471,70,16,0
2026-08-24T04:15:00Z,1787544900,0.93471,0.93478,0.93471,0.93472,43,16,0
2026-08-24T04:20:00Z,1787545200,0.93472,0.93478,0.93471,0.93472,46,16,0
2026-08-24T04:25:00Z,1787545500,0.93472,0.93473,0.93451,0.93452,63,16,0
2026-08-24T04:30:00Z,1787545800,0.93452,0.93467,0.93452,0.93466,52,16,0
2026-08-24T04:35:00Z,1787546100,0.93466,0.93474,0.93463,0.93472,43,16,0
2026-08-24T04:40:00Z,1787546400,0.93472,0.93476,0.93471,0.93476,26,16,0
2026-08-24T04:45:00Z,1787546700,0.93476,0.93483,0.93471,0.93479,44,16,0
2026-08-24T04:50:00Z,1787547000,0.93479,0.93479,0.93472,0.93472,34,16,0
2026-08-24T04:55:00Z,1787547300,0.93474,0.9348,0.93471,0.93471,41,16,0
2026-08-24T05:00:00Z,1787547600,0.93471,0.93475,0.93469,0.9347,52,16,0
2026-08-24T05:05:00Z,1787547900,0.93471,0.93474,0.93469,0.93472,47,16,0
2026-08-24T05:10:00Z,1787548200,0.93472,0.93482,0.93471,0.93479,40,16,0
2026-08-24T05:15:00Z,1787548500,0.93479,0.9348,0.93474,0.93479,46,16,0
2026-08-24T05:20:00Z,1787548800,0.93479,0.93489,0.93479,0.93485,62,16,0
2026-08-24T05:25:00Z,1787549100,0.93485,0.9349,0.93481,0.9349,34,16,0
2026-08-24T05:30:00Z,1787549400,0.9349,0.93502,0.9349,0.93496,54,16,0
2026-08-24T05:35:00Z,1787549700,0.93497,0.93503,0.93491,0.93501,56,16,0
2026-08-24T05:40:00Z,1787550000,0.93501,0.93515,0.935,0.93511,51,16,0
2026-08-24T05:45:00Z,1787550300,0.93512,0.93513,0.93496,0.93496,54,16,0
2026-08-24T05:50:00Z,1787550600,0.93496,0.93502,0.93495,0.93502,39,16,0
2026-08-24T05:55:00Z,1787550900,0.93505,0.93509,0.93487,0.93487,69,16,0
2026-08-24T06:00:00Z,1787551200,0.93487,0.9349,0.9347,0.93473,79,16,0
2026-08-24T06:05:00Z,1787551500,0.93473,0.93476,0.93463,0.93466,72,16,0
2026-08-24T06:10:00Z,1787551800,0.93465,0.93481,0.9346,0.93475,76,16,0
2026-08-24T06:15:00Z,1787552100,0.93475,0.93486,0.9347,0.93486,73,16,0
2026-08-24T06:20:00Z,1787552400,0.93484,0.93493,0.9348,0.93487,81,16,0
2026-08-24T06:25:00Z,1787552700,0.93487,0.93492,0.93482,0.93489,72,16,0
2026-08-24T06:30:00Z,1787553000,0.9349,0.9351,0.93484,0.93508,91,16,0
2026-08-24T06:35:00Z,1787553300,0.93508,0.93518,0.93501,0.93516,54,16,0
2026-08-24T06:40:00Z,1787553600,0.93516,0.93551,0.93513,0.93549,89,16,0
2026-08-24T06:45:00Z,1787553900,0.9355,0.93571,0.93549,0.93569,93,16,0
2026-08-24T06:50:00Z,1787554200,0.93568,0.93568,0.93543,0.93553,92,16,0
2026-08-24T06:55:00Z,1787554500,0.93553,0.93561,0.93541,0.93542,87,16,0
2026-08-24T07:00:00Z,1787554800,0.93541,0.93545,0.93515,0.93517,128,16,0
2026-08-24T07:05:00Z,1787555100,0.93519,0.93545,0.93519,0.93539,80,16,0
2026-08-24T07:10:00Z,1787555400,0.93541,0.93552,0.93525,0.9354,96,16,0
2026-08-24T07:15:00Z,1787555700,0.9354,0.93553,0.9354,0.93553,99,16,0
2026-08-24T07:20:00Z,1787556000,0.93553,0.93554,0.93535,0.93541,102,16,0
2026-08-24T07:25:00Z,1787556300,0.93541,0.93554,0.93541,0.93543,78,16,0
2026-08-24T07:30:00Z,1787556600,0.93543,0.93546,0.93528,0.93533,97,16,0
2026-08-24T07:35:00Z,1787556900,0.93533,0.93558,0.93533,0.93554,98,16,0
2026-08-24T07:40:00Z,1787557200,0.93554,0.93582,0.93552,0.9357,146,16,0
2026-08-24T07:45:00Z,1787557500,0.9357,0.93575,0.93556,0.93558,123,16,0
2026-08-24T07:50:00Z,1787557800,0.93559,0.93565,0.93521,0.93531,127,16,0
2026-08-24T07:55:00Z,1787558100,0.93532,0.93557,0.93524,0.93556,95,16,0
2026-08-24T08:00:00Z,1787558400,0.93556,0.93565,0.93541,0.93555,126,16,0
2026-08-24T08:05:00Z,1787558700,0.93554,0.9357,0.93542,0.93569,110,16,0
2026-08-24T08:10:00Z,1787559000,0.93572,0.93586,0.93565,0.93583,88,16,0
2026-08-24T08:15:00Z,1787559300,0.93583,0.93584,0.93573,0.93576,77,16,0
2026-08-24T08:20:00Z,1787559600,0.93575,0.93598,0.93574,0.9359,69,16,0
2026-08-24T08:25:00Z,1787559900,0.9359,0.93612,0.93587,0.93609,103,16,0
2026-08-24T08:30:00Z,1787560200,0.93609,0.93609,0.936,0.93602,72,16,0
2026-08-24T08:35:00Z,1787560500,0.93602,0.93624,0.936,0.93617,70,16,0
2026-08-24T08:40:00Z,1787560800,0.93615,0.93623,0.93594,0.93602,98,16,0
2026-08-24T08:45:00Z,1787561100,0.93602,0.93602,0.93575,0.93581,78,16,0
2026-08-24T08:50:00Z,1787561400,0.93581,0.93589,0.93574,0.93581,83,16,0
2026-08-24T08:55:00Z,1787561700,0.93583,0.93584,0.93554,0.93556,66,16,0
2026-08-24T09:00:00Z,1787562000,0.93555,0.93574,0.93544,0.93568,95,16,0
2026-08-24T09:05:00Z,1787562300,0.93569,0.93569,0.93552,0.93554,91,16,0
2026-08-24T09:10:00Z,1787562600,0.93556,0.93565,0.93549,0.93565,98,16,0
2026-08-24T09:15:00Z,1787562900,0.93565,0.93582,0.93563,0.93577,79,16,0
2026-08-24T09:20:00Z,1787563200,0.93577,0.93592,0.93575,0.93585,89,16,0
2026-08-24T09:25:00Z,1787563500,0.93587,0.93595,0.93586,0.93587,57,16,0
2026-08-24T09:30:00Z,1787563800,0.93586,0.93593,0.93582,0.93588,84,16,0
2026-08-24T09:35:00Z,1787564100,0.93588,0.93603,0.93587,0.93598,67,16,0
2026-08-24T09:40:00Z,1787564400,0.93598,0.93605,0.93596,0.93603,49,16,0
2026-08-24T09:45:00Z,1787564700,0.93603,0.93605,0.93586,0.93594,73,16,0
2026-08-24T09:50:00Z,1787565000,0.93594,0.93594,0.93567,0.93568,61,16,0
2026-08-24T09:55:00Z,1787565300,0.93568,0.93586,0.93567,0.93585,79,16,0
2026-08-24T10:00:00Z,1787565600,0.93584,0.93584,0.93567,0.93567,79,16,0
2026-08-24T10:05:00Z,1787565900,0.93567,0.93582,0.93566,0.93582,55,16,0
2026-08-24T10:10:00Z,1787566200,0.93582,0.93587,0.93574,0.93581,78,16,0
2026-08-24T10:15:00Z,1787566500,0.93581,0.9359,0.93577,0.93584,61,16,0
2026-08-24T10:20:00Z,1787566800,0.93584,0.93595,0.93583,0.93592,50,16,0
2026-08-24T10:25:00Z,1787567100,0.93592,0.93594,0.9358,0.9359,72,16,0
2026-08-24T10:30:00Z,1787567400,0.93592,0.93594,0.93576,0.93576,76,16,0
2026-08-24T10:35:00Z,1787567700,0.93575,0.9359,0.93575,0.93584,69,16,0
2026-08-24T10:40:00Z,1787568000,0.93583,0.93601,0.93579,0.936,76,16,0
2026-08-24T10:45:00Z,1787568300,0.936,0.93611,0.93597,0.93607,63,16,0
2026-08-24T10:50:00Z,1787568600,0.93606,0.93607,0.93596,0.93606,82,16,0
2026-08-24T10:55:00Z,1787568900,0.93606,0.93624,0.93595,0.93624,86,16,0
2026-08-24T11:00:00Z,1787569200,0.93625,0.93625,0.93608,0.93615,80,16,0
2026-08-24T11:05:00Z,1787569500,0.93615,0.93623,0.93608,0.93616,67,16,0
2026-08-24T11:10:00Z,1787569800,0.93615,0.93624,0.93609,0.93614,58,16,0
2026-08-24T11:15:00Z,1787570100,0.93614,0.93624,0.93613,0.93615,61,16,0
2026-08-24T11:20:00Z,1787570400,0.93615,0.93616,0.93604,0.93607,67,16,0
2026-08-24T11:25:00Z,1787570700,0.93607,0.93615,0.93606,0.93609,71,16,0
2026-08-24T11:30:00Z,1787571000,0.93608,0.9362,0.936,0.93602,106,16,0
2026-08-24T11:35:00Z,1787571300,0.93602,0.93602,0.93512,0.93531,296,16,0
2026-08-24T11:40:00Z,1787571600,0.93531,0.93553,0.93528,0.93551,123,16,0
2026-08-24T11:45:00Z,1787571900,0.93551,0.93584,0.93547,0.93584,120,16,0
2026-08-24T11:50:00Z,1787572200,0.93584,0.93591,0.93576,0.93577,92,16,0
2026-08-24T11:55:00Z,1787572500,0.93577,0.93581,0.93562,0.93575,95,16,0
2026-08-24T12:00:00Z,1787572800,0.93575,0.93616,0.93571,0.93616,109,16,0
2026-08-24T12:05:00Z,1787573100,0.93617,0.93617,0.93601,0.9361,105,16,0
2026-08-24T12:10:00Z,1787573400,0.9361,0.93616,0.93588,0.93595,91,16,0
2026-08-24T12:15:00Z,1787573700,0.93594,0.93605,0.93585,0.936,86,16,0
2026-08-24T12:20:00Z,1787574000,0.936,0.936,0.93558,0.93565,129,16,0
2026-08-24T12:25:00Z,1787574300,0.93566,0.93566,0.93555,0.93558,88,16,0
2026-08-24T12:30:00Z,1787574600,0.93559,0.93604,0.93557,0.93586,139,16,0
2026-08-24T12:35:00Z,1787574900,0.93586,0.9359,0.93572,0.9359,106,16,0
2026-08-24T12:40:00Z,1787575200,0.9359,0.93634,0.93581,0.93624,146,16,0
2026-08-24T12:45:00Z,1787575500,0.93624,0.93645,0.93621,0.93635,90,16,0
2026-08-24T12:50:00Z,1787575800,0.93636,0.93642,0.93633,0.93638,90,16,0
2026-08-24T12:55:00Z,1787576100,0.93638,0.93651,0.93633,0.93651,97,16,0
2026-08-24T13:00:00Z,1787576400,0.93649,0.93649,0.93638,0.93644,73,16,0
2026-08-24T13:05:00Z,1787576700,0.93644,0.93651,0.93621,0.93621,101,16,0
2026-08-24T13:10:00Z,1787577000,0.93621,0.93635,0.93618,0.93619,87,16,0
2026-08-24T13:15:00Z,1787577300,0.93621,0.93628,0.93615,0.93621,99,16,0
2026-08-24T13:20:00Z,1787577600,0.9362,0.93633,0.9362,0.93632,101,16,0
2026-08-24T13:25:00Z,1787577900,0.93631,0.93634,0.93616,0.93619,97,16,0
2026-08-24T13:30:00Z,1787578200,0.93618,0.93618,0.93579,0.9358,139,16,0
2026-08-24T13:35:00Z,1787578500,0.93581,0.93592,0.93573,0.93579,148,16,0
2026-08-24T13:40:00Z,1787578800,0.93579,0.93592,0.93563,0.93591,118,16,0
2026-08-24T13:45:00Z,1787579100,0.93591,0.93596,0.93559,0.9356,128,16,0
2026-08-24T13:50:00Z,1787579400,0.9356,0.93575,0.93558,0.9357,129,16,0
2026-08-24T13:55:00Z,1787579700,0.93567,0.93575,0.9356,0.9356,108,16,0
2026-08-24T14:00:00Z,1787580000,0.93561,0.93589,0.93561,0.93582,112,16,0
2026-08-24T14:05:00Z,1787580300,0.93582,0.9359,0.93578,0.93583,103,16,0
2026-08-24T14:10:00Z,1787580600,0.93583,0.93607,0.93577,0.93604,136,16,0
2026-08-24T14:15:00Z,1787580900,0.93605,0.93618,0.93598,0.93602,106,16,0
2026-08-24T14:20:00Z,1787581200,0.93602,0.93604,0.93579,0.93582,74,16,0
2026-08-24T14:25:00Z,1787581500,0.93582,0.93584,0.93568,0.93575,119,16,0
2026-08-24T14:30:00Z,1787581800,0.93575,0.93612,0.93574,0.93599,113,16,0
2026-08-24T14:35:00Z,1787582100,0.93598,0.93603,0.93589,0.9359,94,16,0
2026-08-24T14:40:00Z,1787582400,0.93589,0.93609,0.93587,0.93601,101,16,0
2026-08-24T14:45:00Z,1787582700,0.93601,0.93636,0.93598,0.93636,94,16,0
2026-08-24T14:50:00Z,1787583000,0.93637,0.93643,0.93601,0.93605,128,16,0
2026-08-24T14:55:00Z,1787583300,0.93607,0.93625,0.93598,0.93623,124,16,0
2026-08-24T15:00:00Z,1787583600,0.93621,0.93623,0.93593,0.93597,115,16,0
2026-08-24T15:05:00Z,1787583900,0.93596,0.93607,0.93594,0.93597,86,16,0
2026-08-24T15:10:00Z,1787584200,0.93596,0.93599,0.93583,0.93583,78,16,0
2026-08-24T15:15:00Z,1787584500,0.93583,0.93595,0.93576,0.93589,128,16,0
2026-08-24T15:20:00Z,1787584800,0.93591,0.93612,0.93591,0.93611,88,16,0
2026-08-24T15:25:00Z,1787585100,0.93609,0.9361,0.93564,0.93564,150,16,0
2026-08-24T15:30:00Z,1787585400,0.93565,0.93598,0.93565,0.93594,122,16,0
2026-08-24T15:35:00Z,1787585700,0.93594,0.936,0.93583,0.93597,82,16,0
2026-08-24T15:40:00Z,1787586000,0.93597,0.93605,0.93593,0.93602,78,16,0
2026-08-24T15:45:00Z,1787586300,0.93603,0.93603,0.93584,0.93584,79,16,0
2026-08-24T15:50:00Z,1787586600,0.93584,0.93595,0.93582,0.93582,76,16,0
2026-08-24T15:55:00Z,1787586900,0.93581,0.93596,0.93581,0.93593,79,16,0
2026-08-24T16:00:00Z,1787587200,0.93593,0.93599,0.93555,0.93578,177,16,0
2026-08-24T16:05:00Z,1787587500,0.93578,0.9359,0.93567,0.93589,88,16,0
2026-08-24T16:10:00Z,1787587800,0.9359,0.93596,0.93582,0.93582,64,16,0
2026-08-24T16:15:00Z,1787588100,0.93581,0.93584,0.93566,0.93566,71,16,0
2026-08-24T16:20:00Z,1787588400,0.93566,0.93577,0.93563,0.93577,51,16,0
2026-08-24T16:25:00Z,1787588700,0.93579,0.93581,0.9357,0.93575,60,16,0
2026-08-24T16:30:00Z,1787589000,0.93576,0.93583,0.93569,0.93578,69,16,0
2026-08-24T16:35:00Z,1787589300,0.93578,0.93578,0.93564,0.93572,55,16,0
2026-08-24T16:40:00Z,1787589600,0.93572,0.93585,0.93572,0.93582,46,16,0
2026-08-24T16:45:00Z,1787589900,0.93582,0.9359,0.93579,0.9359,66,16,0
2026-08-24T16:50:00Z,1787590200,0.93589,0.93591,0.9358,0.93584,52,16,0
2026-08-24T16:55:00Z,1787590500,0.93585,0.93591,0.9358,0.93583,49,16,0
2026-08-24T17:00:00Z,1787590800,0.93583,0.9359,0.93581,0.93585,61,16,0
2026-08-24T17:05:00Z,1787591100,0.93585,0.93591,0.93564,0.93567,97,16,0
2026-08-24T17:10:00Z,1787591400,0.93568,0.93574,0.93559,0.93563,85,16,0
2026-08-24T17:15:00Z,1787591700,0.93563,0.9357,0.93559,0.93566,87,16,0
2026-08-24T17:20:00Z,1787592000,0.93566,0.93579,0.93566,0.93573,91,16,0
2026-08-24T17:25:00Z,1787592300,0.93573,0.93581,0.93573,0.93581,69,16,0
2026-08-24T17:30:00Z,1787592600,0.93581,0.93586,0.93577,0.93584,63,16,0
2026-08-24T17:35:00Z,1787592900,0.93584,0.93586,0.93577,0.93581,43,16,0
2026-08-24T17:40:00Z,1787593200,0.93581,0.93586,0.9358,0.93582,32,16,0
2026-08-24T17:45:00Z,1787593500,0.93582,0.93586,0.93578,0.93585,36,16,0
2026-08-24T17:50:00Z,1787593800,0.93586,0.93588,0.93579,0.93583,58,16,0
2026-08-24T17:55:00Z,1787594100,0.93583,0.93586,0.93577,0.93579,36,16,0
2026-08-24T18:00:00Z,1787594400,0.9358,0.93584,0.93578,0.93579,40,16,0
2026-08-24T18:05:00Z,1787594700,0.93579,0.93586,0.93577,0.93582,53,16,0
2026-08-24T18:10:00Z,1787595000,0.93582,0.93583,0.93576,0.93579,36,16,0
2026-08-24T18:15:00Z,1787595300,0.93579,0.93585,0.93575,0.93585,47,16,0
2026-08-24T18:20:00Z,1787595600,0.93585,0.93586,0.93581,0.93585,32,16,0
2026-08-24T18:25:00Z,1787595900,0.93585,0.93585,0.93577,0.93579,36,16,0
2026-08-24T18:30:00Z,1787596200,0.93579,0.93586,0.93577,0.93586,46,16,0
2026-08-24T18:35:00Z,1787596500,0.93587,0.93595,0.93587,0.93593,35,16,0
2026-08-24T18:40:00Z,1787596800,0.93592,0.93592,0.93581,0.93585,44,16,0
2026-08-24T18:45:00Z,1787597100,0.93585,0.93592,0.93584,0.9359,39,16,0
2026-08-24T18:50:00Z,1787597400,0.93589,0.93594,0.93586,0.93594,35,16,0
2026-08-24T18:55:00Z,1787597700,0.93594,0.936,0.93593,0.93599,46,16,0
2026-08-24T19:00:00Z,1787598000,0.93599,0.93599,0.93588,0.93595,49,16,0
2026-08-24T19:05:00Z,1787598300,0.93593,0.93602,0.93593,0.93601,39,16,0
2026-08-24T19:10:00Z,1787598600,0.93601,0.93603,0.936,0.93602,22,16,0
2026-08-24T19:15:00Z,1787598900,0.93602,0.93604,0.93601,0.93604,21,16,0
2026-08-24T19:20:00Z,1787599200,0.93604,0.93613,0.93602,0.93612,30,16,0
2026-08-24T19:25:00Z,1787599500,0.93612,0.93617,0.9361,0.93615,35,16,0
2026-08-24T19:30:00Z,1787599800,0.93615,0.93615,0.93607,0.93607,34,16,0
2026-08-24T19:35:00Z,1787600100,0.93607,0.93609,0.93605,0.93609,22,16,0
2026-08-24T19:40:00Z,1787600400,0.93609,0.93609,0.93603,0.93606,31,16,0
2026-08-24T19:45:00Z,1787600700,0.93606,0.93606,0.93597,0.93597,36,16,0
2026-08-24T19:50:00Z,1787601000,0.93597,0.93604,0.93594,0.93597,43,16,0
2026-08-24T19:55:00Z,1787601300,0.93598,0.93601,0.93594,0.93596,37,16,0
2026-08-24T20:00:00Z,1787601600,0.93596,0.936,0.93595,0.93596,22,16,0
2026-08-24T20:05:00Z,1787601900,0.93596,0.93596,0.93587,0.93594,24,16,0
2026-08-24T20:10:00Z,1787602200,0.93594,0.93596,0.93594,0.93594,13,16,0
2026-08-24T20:15:00Z,1787602500,0.93596,0.93596,0.93593,0.93593,8,16,0
2026-08-24T20:20:00Z,1787602800,0.93593,0.93598,0.93593,0.93598,9,16,0
2026-08-24T20:25:00Z,1787603100,0.93598,0.93605,0.93597,0.93602,19,16,0
2026-08-24T20:30:00Z,1787603400,0.93602,0.93602,0.93597,0.93598,16,16,0
2026-08-24T20:35:00Z,1787603700,0.93598,0.93605,0.93598,0.93599,17,16,0
2026-08-24T20:40:00Z,1787604000,0.93599,0.93604,0.93595,0.93596,18,16,0
2026-08-24T20:45:00Z,1787604300,0.93596,0.93596,0.93585,0.93588,28,16,0
2026-08-24T20:50:00Z,1787604600,0.93588,0.93598,0.93588,0.93597,23,16,0
2026-08-24T20:55:00Z,1787604900,0.93597,0.93603,0.93587,0.93596,54,16,0
2026-08-24T21:00:00Z,1787605200,0.93596,0.93598,0.93596,0.93598,3,25,0
2026-08-24T21:05:00Z,1787605500,0.93595,0.93595,0.93584,0.93585,16,31,0
2026-08-24T21:10:00Z,1787605800,0.93584,0.93586,0.93565,0.93565,40,36,0
2026-08-24T21:15:00Z,1787606100,0.93566,0.93583,0.93561,0.93566,95,42,0
2026-08-24T21:20:00Z,1787606400,0.93569,0.93579,0.93565,0.93572,57,53,0
2026-08-24T21:25:00Z,1787606700,0.9357,0.93578,0.93564,0.93566,26,59,0
2026-08-24T21:30:00Z,1787607000,0.93568,0.93577,0.93562,0.93572,49,56,0
2026-08-24T21:35:00Z,1787607300,0.9357,0.93572,0.93556,0.93563,74,59,0
2026-08-24T21:40:00Z,1787607600,0.9356,0.93568,0.93557,0.93565,53,73,0
2026-08-24T21:45:00Z,1787607900,0.93566,0.93576,0.93565,0.93571,61,53,0
2026-08-24T21:50:00Z,1787608200,0.93573,0.93584,0.93571,0.93571,78,39,0
2026-08-24T21:55:00Z,1787608500,0.93572,0.93585,0.93562,0.93564,16,34,0
2026-08-24T22:00:00Z,1787608800,0.93591,0.93594,0.93566,0.9359,57,25,0
2026-08-24T22:05:00Z,1787609100,0.9359,0.9359,0.9358,0.9358,18,25,0
2026-08-24T22:10:00Z,1787609400,0.9358,0.9358,0.93577,0.93578,14,25,0
2026-08-24T22:15:00Z,1787609700,0.93578,0.93582,0.93576,0.93579,13,25,0
2026-08-24T22:20:00Z,1787610000,0.93579,0.93583,0.93578,0.93582,19,25,0
2026-08-24T22:25:00Z,1787610300,0.93582,0.93587,0.93582,0.93587,11,25,0
2026-08-24T22:30:00Z,1787610600,0.93587,0.93588,0.93585,0.93588,9,25,0
2026-08-24T22:35:00Z,1787610900,0.93588,0.93589,0.93588,0.93589,8,25,0
2026-08-24T22:40:00Z,1787611200,0.93589,0.93589,0.93582,0.93582,13,25,0
2026-08-24T22:45:00Z,1787611500,0.93582,0.93583,0.9358,0.9358,13,25,0
2026-08-24T22:50:00Z,1787611800,0.9358,0.93581,0.9358,0.9358,7,25,0
2026-08-24T22:55:00Z,1787612100,0.9358,0.93581,0.93579,0.93581,7,25,0
2026-08-24T23:00:00Z,1787612400,0.93585,0.93585,0.93581,0.93582,32,16,0
2026-08-24T23:05:00Z,1787612700,0.93582,0.93584,0.93582,0.93582,15,16,0
2026-08-24T23:10:00Z,1787613000,0.93582,0.93582,0.9358,0.93581,8,16,0
2026-08-24T23:15:00Z,1787613300,0.93581,0.93584,0.9358,0.93584,14,16,0
2026-08-24T23:20:00Z,1787613600,0.93584,0.93586,0.93584,0.93584,10,16,0
2026-08-24T23:25:00Z,1787613900,0.93584,0.93585,0.93582,0.93585,8,16,0
2026-08-24T23:30:00Z,1787614200,0.93585,0.9359,0.93585,0.93586,12,16,0
2026-08-24T23:35:00Z,1787614500,0.93586,0.93587,0.93585,0.93585,10,16,0
2026-08-24T23:40:00Z,1787614800,0.93585,0.93594,0.93585,0.93592,25,16,0
2026-08-24T23:45:00Z,1787615100,0.93592,0.93593,0.93589,0.93593,23,16,0
2026-08-24T23:50:00Z,1787615400,0.93593,0.93595,0.93591,0.93594,20,16,0
2026-08-24T23:55:00Z,1787615700,0.93594,0.93606,0.93594,0.93602,27,16,0
2026-08-25T00:00:00Z,1787616000,0.93602,0.93612,0.93592,0.93612,55,16,0
2026-08-25T00:05:00Z,1787616300,0.93612,0.93618,0.93607,0.93616,45,16,0
2026-08-25T00:10:00Z,1787616600,0.93616,0.93619,0.93613,0.93614,34,16,0
2026-08-25T00:15:00Z,1787616900,0.93614,0.93616,0.93608,0.93609,39,16,0
2026-08-25T00:20:00Z,1787617200,0.93609,0.93619,0.93609,0.93617,44,16,0
2026-08-25T00:25:00Z,1787617500,0.93618,0.9362,0.93616,0.93617,27,16,0
2026-08-25T00:30:00Z,1787617800,0.93615,0.93616,0.93606,0.93606,38,16,0
2026-08-25T00:35:00Z,1787618100,0.93606,0.93607,0.936,0.93605,32,16,0
2026-08-25T00:40:00Z,1787618400,0.93605,0.93606,0.93599,0.93599,48,16,0
2026-08-25T00:45:00Z,1787618700,0.93599,0.93612,0.93596,0.93611,45,16,0
2026-08-25T00:50:00Z,1787619000,0.93611,0.93615,0.93604,0.93605,47,16,0
2026-08-25T00:55:00Z,1787619300,0.93605,0.93607,0.9359,0.93596,52,16,0
2026-08-25T01:00:00Z,1787619600,0.93595,0.93619,0.93595,0.93616,76,16,0
2026-08-25T01:05:00Z,1787619900,0.93617,0.93619,0.93611,0.93614,39,16,0
2026-08-25T01:10:00Z,1787620200,0.93614,0.93617,0.93608,0.9361,42,16,0
2026-08-25T01:15:00Z,1787620500,0.9361,0.93619,0.9361,0.93618,32,16,0
2026-08-25T01:20:00Z,1787620800,0.93618,0.93627,0.93616,0.93626,43,16,0
2026-08-25T01:25:00Z,1787621100,0.93625,0.93627,0.93614,0.93616,43,16,0
2026-08-25T01:30:00Z,1787621400,0.93616,0.93626,0.93614,0.93626,34,16,0
2026-08-25T01:35:00Z,1787621700,0.93626,0.93635,0.93624,0.93634,44,16,0
2026-08-25T01:40:00Z,1787622000,0.93634,0.93644,0.9363,0.93643,46,16,0
2026-08-25T01:45:00Z,1787622300,0.93642,0.93659,0.93642,0.93656,51,16,0
2026-08-25T01:50:00Z,1787622600,0.93656,0.9367,0.93655,0.9366,54,16,0
2026-08-25T01:55:00Z,1787622900,0.93659,0.93668,0.93656,0.93659,66,16,0
2026-08-25T02:00:00Z,1787623200,0.93659,0.93674,0.93659,0.93672,63,16,0
2026-08-25T02:05:00Z,1787623500,0.93672,0.93677,0.93671,0.93673,61,16,0
2026-08-25T02:10:00Z,1787623800,0.93673,0.93677,0.93669,0.93675,42,16,0
2026-08-25T02:15:00Z,1787624100,0.93675,0.93675,0.93666,0.93668,46,16,0
2026-08-25T02:20:00Z,1787624400,0.93669,0.93678,0.93669,0.9367,38,16,0
2026-08-25T02:25:00Z,1787624700,0.9367,0.93674,0.93662,0.93664,32,16,0
2026-08-25T02:30:00Z,1787625000,0.93666,0.93688,0.93666,0.93678,61,16,0
2026-08-25T02:35:00Z,1787625300,0.93679,0.93679,0.93668,0.93672,42,16,0
2026-08-25T02:40:00Z,1787625600,0.93672,0.93679,0.93669,0.93678,29,16,0
2026-08-25T02:45:00Z,1787625900,0.93678,0.93681,0.93673,0.93681,30,16,0
2026-08-25T02:50:00Z,1787626200,0.93681,0.93689,0.93678,0.9368,46,16,0
2026-08-25T02:55:00Z,1787626500,0.9368,0.93682,0.93676,0.93678,61,16,0
2026-08-25T03:00:00Z,1787626800,0.93677,0.93685,0.93676,0.93682,40,16,0
2026-08-25T03:05:00Z,1787627100,0.93682,0.93682,0.93673,0.93678,40,16,0
2026-08-25T03:10:00Z,1787627400,0.93678,0.93683,0.93678,0.93679,37,16,0
2026-08-25T03:15:00Z,1787627700,0.93678,0.93683,0.93676,0.9368,31,16,0
2026-08-25T03:20:00Z,1787628000,0.9368,0.93682,0.93678,0.93679,26,16,0
2026-08-25T03:25:00Z,1787628300,0.93678,0.93681,0.93675,0.9368,28,16,0
2026-08-25T03:30:00Z,1787628600,0.93681,0.93683,0.9368,0.93683,24,16,0
2026-08-25T03:35:00Z,1787628900,0.93683,0.93683,0.93676,0.93677,23,16,0
2026-08-25T03:40:00Z,1787629200,0.93677,0.93681,0.93675,0.93681,14,16,0
2026-08-25T03:45:00Z,1787629500,0.93681,0.93687,0.93681,0.93684,20,16,0
2026-08-25T03:50:00Z,1787629800,0.93684,0.93687,0.93683,0.93685,21,16,0
2026-08-25T03:55:00Z,1787630100,0.93685,0.93686,0.93683,0.93686,26,16,0
2026-08-25T04:00:00Z,1787630400,0.93686,0.93686,0.93679,0.93681,26,16,0
2026-08-25T04:05:00Z,1787630700,0.93681,0.93687,0.9368,0.93686,25,16,0
2026-08-25T04:10:00Z,1787631000,0.93685,0.93686,0.93678,0.93683,38,16,0
2026-08-25T04:15:00Z,1787631300,0.93683,0.93685,0.9368,0.93684,36,16,0
2026-08-25T04:20:00Z,1787631600,0.93683,0.93687,0.93681,0.93682,21,16,0
2026-08-25T04:25:00Z,1787631900,0.93682,0.93683,0.93679,0.93679,23,16,0
2026-08-25T04:30:00Z,1787632200,0.93679,0.9368,0.93674,0.93675,22,16,0
2026-08-25T04:35:00Z,1787632500,0.93674,0.93675,0.93667,0.93668,39,16,0
2026-08-25T04:40:00Z,1787632800,0.93668,0.93674,0.93667,0.93671,38,16,0
2026-08-25T04:45:00Z,1787633100,0.93671,0.93673,0.93666,0.93666,31,16,0
2026-08-25T04:50:00Z,1787633400,0.93666,0.93686,0.93666,0.93684,37,16,0
2026-08-25T04:55:00Z,1787633700,0.93684,0.93686,0.93682,0.93683,34,16,0
2026-08-25T05:00:00Z,1787634000,0.93683,0.93684,0.9368,0.9368,32,16,0
2026-08-25T05:05:00Z,1787634300,0.9368,0.9368,0.93669,0.93673,42,16,0
2026-08-25T05:10:00Z,1787634600,0.93673,0.93679,0.93671,0.93671,27,16,0
2026-08-25T05:15:00Z,1787634900,0.93671,0.93674,0.93669,0.93669,31,16,0
2026-08-25T05:20:00Z,1787635200,0.93669,0.93675,0.93668,0.93675,33,16,0
2026-08-25T05:25:00Z,1787635500,0.93675,0.93683,0.93675,0.93683,34,16,0
2026-08-25T05:30:00Z,1787635800,0.93681,0.93683,0.93674,0.93682,22,16,0
2026-08-25T05:35:00Z,1787636100,0.93682,0.93691,0.93681,0.93688,39,16,0
2026-08-25T05:40:00Z,1787636400,0.93688,0.93688,0.93682,0.93683,31,16,0
2026-08-25T05:45:00Z,1787636700,0.93683,0.93691,0.93683,0.93686,33,16,0
2026-08-25T05:50:00Z,1787637000,0.93687,0.9369,0.93684,0.93688,35,16,0
2026-08-25T05:55:00Z,1787637300,0.93689,0.93694,0.93683,0.93686,44,16,0
2026-08-25T06:00:00Z,1787637600,0.93687,0.93694,0.93673,0.93674,71,16,0
2026-08-25T06:05:00Z,1787637900,0.93674,0.93674,0.93659,0.9366,59,16,0
2026-08-25T06:10:00Z,1787638200,0.9366,0.93669,0.93649,0.93661,73,16,0
2026-08-25T06:15:00Z,1787638500,0.93661,0.93675,0.93661,0.93671,49,16,0
2026-08-25T06:20:00Z,1787638800,0.9367,0.93671,0.93656,0.9366,51,16,0
2026-08-25T06:25:00Z,1787639100,0.9366,0.93664,0.93647,0.9365,67,16,0
2026-08-25T06:30:00Z,1787639400,0.93649,0.93657,0.93641,0.93645,70,16,0
2026-08-25T06:35:00Z,1787639700,0.93644,0.93656,0.93641,0.93655,73,16,0
2026-08-25T06:40:00Z,1787640000,0.93654,0.93661,0.93643,0.93657,91,16,0
2026-08-25T06:45:00Z,1787640300,0.93657,0.93663,0.93653,0.93663,46,16,0
2026-08-25T06:50:00Z,1787640600,0.93663,0.93678,0.9366,0.93671,61,16,0
2026-08-25T06:55:00Z,1787640900,0.93674,0.93699,0.93674,0.93697,88,16,0
2026-08-25T07:00:00Z,1787641200,0.93696,0.93696,0.93675,0.93677,105,16,0
2026-08-25T07:05:00Z,1787641500,0.93676,0.93679,0.93655,0.93676,110,16,0
2026-08-25T07:10:00Z,1787641800,0.93676,0.93685,0.93675,0.93682,64,16,0
2026-08-25T07:15:00Z,1787642100,0.93682,0.93685,0.93671,0.93676,77,16,0
2026-08-25T07:20:00Z,1787642400,0.93676,0.93702,0.93675,0.93701,56,16,0
2026-08-25T07:25:00Z,1787642700,0.93702,0.93717,0.937,0.93717,49,16,0
2026-08-25T07:30:00Z,1787643000,0.93717,0.93719,0.93696,0.93696,69,16,0
2026-08-25T07:35:00Z,1787643300,0.93697,0.93722,0.9369,0.93715,76,16,0
2026-08-25T07:40:00Z,1787643600,0.93715,0.93729,0.93713,0.93719,59,16,0
2026-08-25T07:45:00Z,1787643900,0.93718,0.93721,0.93712,0.9372,51,16,0
2026-08-25T07:50:00Z,1787644200,0.93719,0.93735,0.93715,0.93735,67,16,0
2026-08-25T07:55:00Z,1787644500,0.93736,0.93744,0.93731,0.93733,62,16,0
2026-08-25T08:00:00Z,1787644800,0.93735,0.93737,0.93715,0.9372,105,16,0
2026-08-25T08:05:00Z,1787645100,0.9372,0.93733,0.93717,0.93718,76,16,0
2026-08-25T08:10:00Z,1787645400,0.93718,0.93725,0.93703,0.93705,81,16,0
2026-08-25T08:15:00Z,1787645700,0.93705,0.93715,0.93699,0.93706,80,16,0
2026-08-25T08:20:00Z,1787646000,0.93707,0.93712,0.93674,0.9368,104,16,0
2026-08-25T08:25:00Z,1787646300,0.93683,0.93716,0.93683,0.93713,108,16,0
2026-08-25T08:30:00Z,1787646600,0.93714,0.93724,0.9371,0.93711,94,16,0
2026-08-25T08:35:00Z,1787646900,0.9371,0.93717,0.93701,0.93706,94,16,0
2026-08-25T08:40:00Z,1787647200,0.93706,0.93706,0.93686,0.93687,65,16,0
2026-08-25T08:45:00Z,1787647500,0.93687,0.93701,0.93667,0.93673,97,16,0
2026-08-25T08:50:00Z,1787647800,0.93673,0.93677,0.93664,0.93665,74,16,0
2026-08-25T08:55:00Z,1787648100,0.93665,0.93665,0.93643,0.93647,68,16,0
2026-08-25T09:00:00Z,1787648400,0.93647,0.93663,0.93645,0.9365,113,16,0
2026-08-25T09:05:00Z,1787648700,0.9365,0.93654,0.93622,0.93625,75,16,0
2026-08-25T09:10:00Z,1787649000,0.93625,0.93646,0.93625,0.93634,90,16,0
2026-08-25T09:15:00Z,1787649300,0.93635,0.93663,0.93631,0.93661,82,16,0
2026-08-25T09:20:00Z,1787649600,0.93661,0.93661,0.93644,0.93651,90,16,0
2026-08-25T09:25:00Z,1787649900,0.93652,0.9366,0.93646,0.93646,59,16,0
2026-08-25T09:30:00Z,1787650200,0.93646,0.93649,0.9361,0.93613,113,16,0
2026-08-25T09:35:00Z,1787650500,0.93615,0.93627,0.93613,0.93627,117,16,0
2026-08-25T09:40:00Z,1787650800,0.93627,0.93627,0.9361,0.93626,85,16,0
2026-08-25T09:45:00Z,1787651100,0.93626,0.93646,0.93623,0.93642,91,16,0
2026-08-25T09:50:00Z,1787651400,0.93642,0.93644,0.93627,0.93632,78,16,0
2026-08-25T09:55:00Z,1787651700,0.93633,0.93635,0.936,0.93628,92,16,0
2026-08-25T10:00:00Z,1787652000,0.93627,0.93642,0.9362,0.93621,76,16,0
2026-08-25T10:05:00Z,1787652300,0.93621,0.93632,0.93603,0.93606,82,16,0
2026-08-25T10:10:00Z,1787652600,0.93606,0.93619,0.93603,0.93617,65,16,0
2026-08-25T10:15:00Z,1787652900,0.93616,0.93624,0.93613,0.93619,80,16,0
2026-08-25T10:20:00Z,1787653200,0.9362,0.93628,0.93617,0.93623,70,16,0
2026-08-25T10:25:00Z,1787653500,0.93622,0.93631,0.93616,0.93618,85,16,0
2026-08-25T10:30:00Z,1787653800,0.93618,0.93626,0.93612,0.93623,77,16,0
2026-08-25T10:35:00Z,1787654100,0.93623,0.93623,0.93615,0.93619,76,16,0
2026-08-25T10:40:00Z,1787654400,0.93618,0.93624,0.93611,0.93617,58,16,0
2026-08-25T10:45:00Z,1787654700,0.93617,0.9362,0.93607,0.93611,54,16,0
2026-08-25T10:50:00Z,1787655000,0.93611,0.93619,0.93605,0.93605,79,16,0
2026-08-25T10:55:00Z,1787655300,0.93605,0.93619,0.93605,0.93617,69,16,0
2026-08-25T11:00:00Z,1787655600,0.93619,0.93619,0.9361,0.93616,80,16,0
2026-08-25T11:05:00Z,1787655900,0.93616,0.93626,0.93606,0.93618,83,16,0
2026-08-25T11:10:00Z,1787656200,0.93618,0.93621,0.93604,0.93612,66,16,0
2026-08-25T11:15:00Z,1787656500,0.93612,0.93612,0.93598,0.93601,68,16,0
2026-08-25T11:20:00Z,1787656800,0.93601,0.93608,0.93593,0.93605,68,16,0
2026-08-25T11:25:00Z,1787657100,0.93605,0.93616,0.93604,0.93614,66,16,0
2026-08-25T11:30:00Z,1787657400,0.93614,0.93617,0.93596,0.93597,67,16,0
2026-08-25T11:35:00Z,1787657700,0.93595,0.93605,0.93593,0.93593,60,16,0
2026-08-25T11:40:00Z,1787658000,0.93592,0.93607,0.93588,0.93607,65,16,0
2026-08-25T11:45:00Z,1787658300,0.93607,0.9361,0.93582,0.93584,77,16,0
2026-08-25T11:50:00Z,1787658600,0.93584,0.93595,0.93577,0.9359,79,16,0
2026-08-25T11:55:00Z,1787658900,0.9359,0.93596,0.93586,0.93594,71,16,0
2026-08-25T12:00:00Z,1787659200,0.93595,0.9361,0.93594,0.93604,86,16,0
2026-08-25T12:05:00Z,1787659500,0.93604,0.93605,0.9359,0.93598,75,16,0
2026-08-25T12:10:00Z,1787659800,0.93598,0.93607,0.93589,0.936,71,16,0
2026-08-25T12:15:00Z,1787660100,0.936,0.93615,0.93591,0.93612,67,16,0
2026-08-25T12:20:00Z,1787660400,0.93612,0.93618,0.93605,0.93614,75,16,0
2026-08-25T12:25:00Z,1787660700,0.93611,0.93619,0.93603,0.93607,67,16,0
2026-08-25T12:30:00Z,1787661000,0.93607,0.93612,0.936,0.9361,75,16,0
2026-08-25T12:35:00Z,1787661300,0.9361,0.93615,0.93606,0.93608,52,16,0
2026-08-25T12:40:00Z,1787661600,0.93608,0.93614,0.93602,0.93614,56,16,0
2026-08-25T12:45:00Z,1787661900,0.93614,0.93629,0.93612,0.93625,69,16,0
2026-08-25T12:50:00Z,1787662200,0.93626,0.93639,0.93624,0.93638,68,16,0
2026-08-25T12:55:00Z,1787662500,0.93638,0.93643,0.93625,0.93625,66,16,0
2026-08-25T13:00:00Z,1787662800,0.93626,0.93636,0.93619,0.93622,75,16,0
2026-08-25T13:05:00Z,1787663100,0.93622,0.93622,0.93613,0.93617,83,16,0
2026-08-25T13:10:00Z,1787663400,0.93617,0.93621,0.93593,0.93611,141,16,0
2026-08-25T13:15:00Z,1787663700,0.93612,0.93634,0.93593,0.93634,125,16,0
2026-08-25T13:20:00Z,1787664000,0.93633,0.93651,0.9363,0.93651,86,16,0
2026-08-25T13:25:00Z,1787664300,0.93651,0.93662,0.93639,0.93639,82,16,0
2026-08-25T13:30:00Z,1787664600,0.93639,0.9365,0.93629,0.93645,109,16,0
2026-08-25T13:35:00Z,1787664900,0.93644,0.9365,0.93637,0.93649,87,16,0
2026-08-25T13:40:00Z,1787665200,0.93649,0.93662,0.93645,0.93657,87,16,0
2026-08-25T13:45:00Z,1787665500,0.93657,0.93667,0.93653,0.93663,101,16,0
2026-08-25T13:50:00Z,1787665800,0.93662,0.93673,0.93655,0.93672,80,16,0
2026-08-25T13:55:00Z,1787666100,0.93672,0.93675,0.93654,0.93657,84,16,0
2026-08-25T14:00:00Z,1787666400,0.93658,0.93664,0.93638,0.93659,128,16,0
2026-08-25T14:05:00Z,1787666700,0.93656,0.93657,0.93633,0.93635,108,16,0
2026-08-25T14:10:00Z,1787667000,0.93635,0.93639,0.93624,0.9363,93,16,0
2026-08-25T14:15:00Z,1787667300,0.93631,0.93649,0.93622,0.93647,94,16,0
2026-08-25T14:20:00Z,1787667600,0.93647,0.93671,0.93646,0.93669,99,16,0
2026-08-25T14:25:00Z,1787667900,0.93669,0.93673,0.93663,0.93671,71,16,0
2026-08-25T14:30:00Z,1787668200,0.93671,0.93692,0.93649,0.93653,110,16,0
2026-08-25T14:35:00Z,1787668500,0.93652,0.93674,0.93648,0.93671,87,16,0
2026-08-25T14:40:00Z,1787668800,0.93672,0.93674,0.93657,0.93658,71,16,0
2026-08-25T14:45:00Z,1787669100,0.93658,0.93659,0.93645,0.9365,77,16,0
2026-08-25T14:50:00Z,1787669400,0.9365,0.93662,0.9365,0.93657,94,16,0
2026-08-25T14:55:00Z,1787669700,0.93659,0.93686,0.93657,0.93677,120,16,0
2026-08-25T15:00:00Z,1787670000,0.93677,0.93677,0.93653,0.93662,84,16,0
2026-08-25T15:05:00Z,1787670300,0.93662,0.93687,0.93661,0.93677,92,16,0
2026-08-25T15:10:00Z,1787670600,0.93677,0.93684,0.93674,0.93683,82,16,0
2026-08-25T15:15:00Z,1787670900,0.93684,0.9369,0.93674,0.93677,69,16,0
2026-08-25T15:20:00Z,1787671200,0.93677,0.93685,0.93669,0.93684,62,16,0
2026-08-25T15:25:00Z,1787671500,0.93684,0.9369,0.9368,0.93689,54,16,0
2026-08-25T15:30:00Z,1787671800,0.93689,0.93689,0.93655,0.93658,126,16,0
2026-08-25T15:35:00Z,1787672100,0.93658,0.93664,0.93648,0.93654,111,16,0
2026-08-25T15:40:00Z,1787672400,0.93655,0.93655,0.93643,0.93645,90,16,0
2026-08-25T15:45:00Z,1787672700,0.93645,0.93648,0.93635,0.93646,87,16,0
2026-08-25T15:50:00Z,1787673000,0.93646,0.93658,0.93643,0.93658,84,16,0
2026-08-25T15:55:00Z,1787673300,0.93658,0.93665,0.93654,0.93659,79,16,0
2026-08-25T16:00:00Z,1787673600,0.93659,0.93672,0.93658,0.93667,75,16,0
2026-08-25T16:05:00Z,1787673900,0.93667,0.9367,0.9366,0.93668,57,16,0
2026-08-25T16:10:00Z,1787674200,0.93667,0.93667,0.93658,0.93662,49,16,0
2026-08-25T16:15:00Z,1787674500,0.93663,0.93668,0.93654,0.9366,65,16,0
2026-08-25T16:20:00Z,1787674800,0.9366,0.93667,0.9366,0.93664,43,16,0
2026-08-25T16:25:00Z,1787675100,0.93664,0.93666,0.93657,0.93662,61,16,0
2026-08-25T16:30:00Z,1787675400,0.93662,0.93665,0.9366,0.93663,48,16,0
2026-08-25T16:35:00Z,1787675700,0.93663,0.93669,0.93658,0.93669,46,16,0
2026-08-25T16:40:00Z,1787676000,0.93669,0.93676,0.93668,0.93671,43,16,0
2026-08-25T16:45:00Z,1787676300,0.93671,0.93673,0.93669,0.93671,40,16,0
2026-08-25T16:50:00Z,1787676600,0.93671,0.93671,0.9366,0.93667,35,16,0
2026-08-25T16:55:00Z,1787676900,0.93668,0.93669,0.93656,0.93659,58,16,0
2026-08-25T17:00:00Z,1787677200,0.93658,0.93667,0.93657,0.93658,53,16,0
2026-08-25T17:05:00Z,1787677500,0.93658,0.93668,0.93657,0.93667,53,16,0
2026-08-25T17:10:00Z,1787677800,0.93667,0.93667,0.93653,0.93664,46,16,0
2026-08-25T17:15:00Z,1787678100,0.93664,0.93667,0.93645,0.93645,47,16,0
2026-08-25T17:20:00Z,1787678400,0.93645,0.93653,0.93645,0.93651,45,16,0
2026-08-25T17:25:00Z,1787678700,0.93652,0.93657,0.9365,0.9365,49,16,0
2026-08-25T17:30:00Z,1787679000,0.9365,0.93651,0.93639,0.9364,48,16,0
2026-08-25T17:35:00Z,1787679300,0.9364,0.9364,0.93629,0.93632,45,16,0
2026-08-25T17:40:00Z,1787679600,0.93634,0.93634,0.93624,0.93634,35,16,0
2026-08-25T17:45:00Z,1787679900,0.93634,0.93634,0.93624,0.93629,40,16,0
2026-08-25T17:50:00Z,1787680200,0.93629,0.93631,0.93616,0.93616,48,16,0
2026-08-25T17:55:00Z,1787680500,0.93615,0.93625,0.93613,0.93621,57,16,0
2026-08-25T18:00:00Z,1787680800,0.93621,0.93633,0.93621,0.93629,56,16,0
2026-08-25T18:05:00Z,1787681100,0.93629,0.93629,0.93621,0.93625,57,16,0
2026-08-25T18:10:00Z,1787681400,0.93626,0.93627,0.9362,0.93625,46,16,0
2026-08-25T18:15:00Z,1787681700,0.93625,0.93628,0.93624,0.93626,29,16,0
2026-08-25T18:20:00Z,1787682000,0.93626,0.93632,0.93625,0.93629,25,16,0
2026-08-25T18:25:00Z,1787682300,0.93629,0.93629,0.93623,0.93626,28,16,0
2026-08-25T18:30:00Z,1787682600,0.93626,0.93631,0.93624,0.93628,42,16,0
2026-08-25T18:35:00Z,1787682900,0.93628,0.93631,0.93626,0.9363,39,16,0
2026-08-25T18:40:00Z,1787683200,0.9363,0.93634,0.93627,0.93632,29,16,0
2026-08-25T18:45:00Z,1787683500,0.93632,0.93633,0.93626,0.93626,30,16,0
2026-08-25T18:50:00Z,1787683800,0.93626,0.93626,0.93617,0.93618,36,16,0
2026-08-25T18:55:00Z,1787684100,0.93618,0.93619,0.9361,0.93618,44,16,0
2026-08-25T19:00:00Z,1787684400,0.93616,0.93623,0.93614,0.93621,34,16,0
2026-08-25T19:05:00Z,1787684700,0.93621,0.93622,0.93617,0.93618,21,16,0
2026-08-25T19:10:00Z,1787685000,0.93618,0.93619,0.93612,0.93613,42,16,0
2026-08-25T19:15:00Z,1787685300,0.93613,0.93614,0.9358,0.93585,76,16,0
2026-08-25T19:20:00Z,1787685600,0.93585,0.93595,0.93582,0.93588,65,16,0
2026-08-25T19:25:00Z,1787685900,0.93588,0.93593,0.93586,0.93593,38,16,0
2026-08-25T19:30:00Z,1787686200,0.93592,0.93592,0.93584,0.93584,49,16,0
2026-08-25T19:35:00Z,1787686500,0.93584,0.93586,0.93571,0.93571,45,16,0
2026-08-25T19:40:00Z,1787686800,0.93571,0.93574,0.93565,0.93569,39,16,0
2026-08-25T19:45:00Z,1787687100,0.93569,0.93578,0.93566,0.93569,36,16,0
2026-08-25T19:50:00Z,1787687400,0.93569,0.93569,0.93554,0.9356,77,16,0
2026-08-25T19:55:00Z,1787687700,0.9356,0.93567,0.93546,0.93553,111,16,0
2026-08-25T20:00:00Z,1787688000,0.93553,0.93562,0.93553,0.93555,45,16,0
2026-08-25T20:05:00Z,1787688300,0.93553,0.93553,0.93535,0.93535,51,16,0
2026-08-25T20:10:00Z,1787688600,0.93535,0.93539,0.93524,0.93538,49,16,0
2026-08-25T20:15:00Z,1787688900,0.93539,0.93541,0.93528,0.93528,32,16,0
2026-08-25T20:20:00Z,1787689200,0.93528,0.93535,0.93527,0.93534,25,16,0
2026-08-25T20:25:00Z,1787689500,0.93534,0.93534,0.9353,0.93531,40,16,0
2026-08-25T20:30:00Z,1787689800,0.93531,0.93549,0.93528,0.93548,38,16,0
2026-08-25T20:35:00Z,1787690100,0.93548,0.93551,0.93546,0.93551,25,16,0
2026-08-25T20:40:00Z,1787690400,0.93551,0.93555,0.93551,0.93552,24,16,0
2026-08-25T20:45:00Z,1787690700,0.93552,0.93555,0.9355,0.93552,26,16,0
2026-08-25T20:50:00Z,1787691000,0.93554,0.9356,0.93545,0.93559,41,16,0
2026-08-25T20:55:00Z,1787691300,0.93559,0.9356,0.93532,0.93532,65,16,0
2026-08-25T21:00:00Z,1787691600,0.9353,0.93534,0.9353,0.93534,8,59,0
2026-08-25T21:05:00Z,1787691900,0.93535,0.93549,0.93488,0.93492,189,25,0
2026-08-25T21:10:00Z,1787692200,0.9349,0.93514,0.9349,0.93503,165,87,0
2026-08-25T21:15:00Z,1787692500,0.93504,0.93519,0.93494,0.93497,158,73,0
2026-08-25T21:20:00Z,1787692800,0.935,0.93517,0.93499,0.93517,54,73,0
2026-08-25T21:25:00Z,1787693100,0.9352,0.9352,0.93508,0.93509,39,70,0
2026-08-25T21:30:00Z,1787693400,0.93509,0.93525,0.93505,0.93524,53,62,0
2026-08-25T21:35:00Z,1787693700,0.93522,0.93528,0.93507,0.93524,82,56,0
2026-08-25T21:40:00Z,1787694000,0.93523,0.93541,0.9352,0.93525,62,22,0
2026-08-25T21:45:00Z,1787694300,0.93527,0.93534,0.93503,0.93506,118,31,0
2026-08-25T21:50:00Z,1787694600,0.93506,0.93516,0.93502,0.93515,77,39,0
2026-08-25T21:55:00Z,1787694900,0.93515,0.93517,0.93459,0.93467,38,36,0
2026-08-25T22:00:00Z,1787695200,0.93518,0.93539,0.9351,0.93537,40,25,0
2026-08-25T22:05:00Z,1787695500,0.93537,0.93538,0.93535,0.93536,11,25,0
2026-08-25T22:10:00Z,1787695800,0.93536,0.93537,0.93534,0.93536,19,25,0
2026-08-25T22:15:00Z,1787696100,0.93536,0.93543,0.93536,0.93539,15,25,0
2026-08-25T22:20:00Z,1787696400,0.93539,0.93541,0.93537,0.93541,17,25,0
2026-08-25T22:25:00Z,1787696700,0.93541,0.93548,0.93541,0.93548,15,25,0
2026-08-25T22:30:00Z,1787697000,0.93548,0.93551,0.93547,0.93549,18,25,0
2026-08-25T22:35:00Z,1787697300,0.93549,0.93552,0.93549,0.9355,13,25,0
2026-08-25T22:40:00Z,1787697600,0.9355,0.93552,0.93549,0.93552,15,25,0
2026-08-25T22:45:00Z,1787697900,0.93552,0.93555,0.93552,0.93553,9,25,0
2026-08-25T22:50:00Z,1787698200,0.93553,0.93555,0.93552,0.93555,12,25,0
2026-08-25T22:55:00Z,1787698500,0.93555,0.93555,0.93554,0.93555,8,25,0
2026-08-25T23:00:00Z,1787698800,0.93559,0.9356,0.93559,0.9356,5,16,0
2026-08-25T23:05:00Z,1787699100,0.9356,0.93571,0.9356,0.93571,20,16,0
2026-08-25T23:10:00Z,1787699400,0.93571,0.93575,0.9357,0.93573,25,16,0
2026-08-25T23:15:00Z,1787699700,0.93573,0.93576,0.93572,0.93576,11,16,0
2026-08-25T23:20:00Z,1787700000,0.93576,0.93581,0.93576,0.93579,20,16,0
2026-08-25T23:25:00Z,1787700300,0.9358,0.93586,0.93579,0.93586,18,16,0
2026-08-25T23:30:00Z,1787700600,0.93586,0.9359,0.93586,0.9359,12,16,0
2026-08-25T23:35:00Z,1787700900,0.9359,0.93591,0.9359,0.9359,14,16,0
2026-08-25T23:40:00Z,1787701200,0.9359,0.93601,0.9359,0.93597,32,16,0
2026-08-25T23:45:00Z,1787701500,0.93597,0.93597,0.93588,0.93595,28,16,0
2026-08-25T23:50:00Z,1787701800,0.93595,0.93599,0.93592,0.93595,40,16,0
2026-08-25T23:55:00Z,1787702100,0.93595,0.936,0.93595,0.93598,41,16,0
2026-08-26T00:00:00Z,1787702400,0.93599,0.93609,0.93599,0.93605,46,16,0
2026-08-26T00:05:00Z,1787702700,0.93606,0.93608,0.93604,0.93606,25,16,0
2026-08-26T00:10:00Z,1787703000,0.93606,0.93608,0.936,0.93603,33,16,0
2026-08-26T00:15:00Z,1787703300,0.93603,0.93603,0.9359,0.93596,45,16,0
2026-08-26T00:20:00Z,1787703600,0.93596,0.93603,0.93595,0.93602,42,16,0
2026-08-26T00:25:00Z,1787703900,0.93602,0.9361,0.93601,0.93609,37,16,0
2026-08-26T00:30:00Z,1787704200,0.9361,0.9361,0.93591,0.93593,52,16,0
2026-08-26T00:35:00Z,1787704500,0.93593,0.93597,0.93592,0.93592,40,16,0
2026-08-26T00:40:00Z,1787704800,0.93593,0.93597,0.93582,0.93582,59,16,0
2026-08-26T00:45:00Z,1787705100,0.93582,0.93582,0.9357,0.93573,60,16,0
2026-08-26T00:50:00Z,1787705400,0.93573,0.93586,0.93571,0.93583,54,16,0
2026-08-26T00:55:00Z,1787705700,0.93583,0.93586,0.93574,0.93581,53,16,0
2026-08-26T01:00:00Z,1787706000,0.93581,0.93584,0.9357,0.9358,88,16,0
2026-08-26T01:05:00Z,1787706300,0.9358,0.93588,0.93573,0.93583,82,16,0
2026-08-26T01:10:00Z,1787706600,0.93583,0.93591,0.93583,0.93585,66,16,0
2026-08-26T01:15:00Z,1787706900,0.93586,0.93588,0.93579,0.93587,60,16,0
2026-08-26T01:20:00Z,1787707200,0.93587,0.93588,0.9358,0.9358,54,16,0
2026-08-26T01:25:00Z,1787707500,0.9358,0.93585,0.93577,0.93584,48,16,0
2026-08-26T01:30:00Z,1787707800,0.93585,0.93606,0.93585,0.93603,90,16,0
2026-08-26T01:35:00Z,1787708100,0.93603,0.93611,0.93603,0.93603,61,16,0
2026-08-26T01:40:00Z,1787708400,0.93604,0.93608,0.93595,0.93605,70,16,0
2026-08-26T01:45:00Z,1787708700,0.93605,0.93609,0.93594,0.93596,73,16,0
2026-08-26T01:50:00Z,1787709000,0.93596,0.93604,0.93587,0.93601,97,16,0
2026-08-26T01:55:00Z,1787709300,0.93598,0.93608,0.93597,0.93603,73,16,0
2026-08-26T02:00:00Z,1787709600,0.93603,0.93606,0.9358,0.93585,86,16,0
2026-08-26T02:05:00Z,1787709900,0.93585,0.93586,0.93567,0.93579,75,16,0
2026-08-26T02:10:00Z,1787710200,0.9358,0.93592,0.93579,0.93583,57,16,0
2026-08-26T02:15:00Z,1787710500,0.93583,0.93603,0.93579,0.93602,52,16,0
2026-08-26T02:20:00Z,1787710800,0.93602,0.93617,0.936,0.93617,51,16,0
2026-08-26T02:25:00Z,1787711100,0.93616,0.9362,0.93614,0.9362,48,16,0
2026-08-26T02:30:00Z,1787711400,0.9362,0.93631,0.93617,0.9363,42,16,0
2026-08-26T02:35:00Z,1787711700,0.9363,0.93648,0.9363,0.93647,52,16,0
2026-08-26T02:40:00Z,1787712000,0.93648,0.93654,0.93643,0.93653,45,16,0
2026-08-26T02:45:00Z,1787712300,0.93653,0.93655,0.93649,0.93654,34,16,0
2026-08-26T02:50:00Z,1787712600,0.93654,0.93664,0.93654,0.93662,34,16,0
2026-08-26T02:55:00Z,1787712900,0.93663,0.93672,0.93661,0.93672,43,16,0
2026-08-26T03:00:00Z,1787713200,0.93672,0.93674,0.93652,0.93654,44,16,0
2026-08-26T03:05:00Z,1787713500,0.93654,0.93665,0.93654,0.93658,35,16,0
2026-08-26T03:10:00Z,1787713800,0.93658,0.93663,0.93657,0.93663,17,16,0
2026-08-26T03:15:00Z,1787714100,0.93663,0.93678,0.93663,0.9367,53,16,0
2026-08-26T03:20:00Z,1787714400,0.9367,0.93683,0.93667,0.93675,68,16,0
2026-08-26T03:25:00Z,1787714700,0.93675,0.93675,0.93669,0.93673,36,16,0
2026-08-26T03:30:00Z,1787715000,0.93673,0.93674,0.93663,0.93673,50,16,0
2026-08-26T03:35:00Z,1787715300,0.93673,0.93682,0.93672,0.93677,42,16,0
2026-08-26T03:40:00Z,1787715600,0.93677,0.93681,0.93677,0.93679,36,16,0
2026-08-26T03:45:00Z,1787715900,0.93679,0.93688,0.93678,0.93685,33,16,0
2026-08-26T03:50:00Z,1787716200,0.93685,0.93685,0.93675,0.93677,38,16,0
2026-08-26T03:55:00Z,1787716500,0.93677,0.93678,0.93669,0.93676,36,16,0
2026-08-26T04:00:00Z,1787716800,0.93676,0.93678,0.93671,0.93678,27,16,0
2026-08-26T04:05:00Z,1787717100,0.93678,0.93685,0.93678,0.93684,25,16,0
2026-08-26T04:10:00Z,1787717400,0.93684,0.93692,0.93681,0.93692,27,16,0
2026-08-26T04:15:00Z,1787717700,0.93691,0.93692,0.93682,0.93682,34,16,0
2026-08-26T04:20:00Z,1787718000,0.93682,0.93683,0.9368,0.93682,22,16,0
2026-08-26T04:25:00Z,1787718300,0.93682,0.93688,0.93678,0.93688,37,16,0
2026-08-26T04:30:00Z,1787718600,0.93688,0.93688,0.9368,0.93682,23,16,0
2026-08-26T04:35:00Z,1787718900,0.93682,0.93683,0.93681,0.93683,13,16,0
2026-08-26T04:40:00Z,1787719200,0.93683,0.93683,0.93681,0.93681,14,16,0
2026-08-26T04:45:00Z,1787719500,0.93681,0.93685,0.93679,0.93681,38,16,0
2026-08-26T04:50:00Z,1787719800,0.93681,0.93693,0.9368,0.93691,31,16,0
2026-08-26T04:55:00Z,1787720100,0.93691,0.93705,0.93691,0.93705,43,16,0
2026-08-26T05:00:00Z,1787720400,0.93705,0.93706,0.93695,0.937,37,16,0
2026-08-26T05:05:00Z,1787720700,0.937,0.937,0.93693,0.93694,31,16,0
2026-08-26T05:10:00Z,1787721000,0.93694,0.93699,0.93693,0.93697,27,16,0
2026-08-26T05:15:00Z,1787721300,0.93697,0.93697,0.93692,0.93694,36,16,0
2026-08-26T05:20:00Z,1787721600,0.93694,0.93699,0.93689,0.93693,32,16,0
2026-08-26T05:25:00Z,1787721900,0.93693,0.93699,0.9369,0.93698,36,16,0
2026-08-26T05:30:00Z,1787722200,0.93697,0.93697,0.93676,0.93685,75,16,0
2026-08-26T05:35:00Z,1787722500,0.93686,0.93686,0.93675,0.9368,48,16,0
2026-08-26T05:40:00Z,1787722800,0.9368,0.93688,0.93678,0.93686,42,16,0
2026-08-26T05:45:00Z,1787723100,0.93687,0.93706,0.93685,0.93701,48,16,0
2026-08-26T05:50:00Z,1787723400,0.93701,0.93704,0.93694,0.93704,43,16,0
2026-08-26T05:55:00Z,1787723700,0.93706,0.93709,0.93695,0.93698,38,16,0
2026-08-26T06:00:00Z,1787724000,0.93699,0.93701,0.93691,0.93696,63,16,0
2026-08-26T06:05:00Z,1787724300,0.93696,0.93703,0.9369,0.93703,50,16,0
2026-08-26T06:10:00Z,1787724600,0.93703,0.93717,0.93702,0.93715,58,16,0
2026-08-26T06:15:00Z,1787724900,0.93716,0.93719,0.93704,0.93708,86,16,0
2026-08-26T06:20:00Z,1787725200,0.93707,0.93718,0.93703,0.9371,66,16,0
2026-08-26T06:25:00Z,1787725500,0.93712,0.93717,0.93706,0.93714,65,16,0
2026-08-26T06:30:00Z,1787725800,0.93714,0.93723,0.93711,0.93716,73,16,0
2026-08-26T06:35:00Z,1787726100,0.93714,0.93728,0.93712,0.93726,57,16,0
2026-08-26T06:40:00Z,1787726400,0.93727,0.93729,0.93715,0.93718,59,16,0
2026-08-26T06:45:00Z,1787726700,0.93718,0.93731,0.93714,0.93731,66,16,0
2026-08-26T06:50:00Z,1787727000,0.93731,0.93751,0.93731,0.9375,60,16,0
2026-08-26T06:55:00Z,1787727300,0.9375,0.93755,0.93732,0.93746,89,16,0
2026-08-26T07:00:00Z,1787727600,0.93745,0.93746,0.93717,0.93723,102,16,0
2026-08-26T07:05:00Z,1787727900,0.93723,0.93734,0.93714,0.93719,80,16,0
2026-08-26T07:10:00Z,1787728200,0.93719,0.93721,0.93703,0.93713,94,16,0
2026-08-26T07:15:00Z,1787728500,0.93714,0.93736,0.93713,0.93735,58,16,0
2026-08-26T07:20:00Z,1787728800,0.93735,0.93757,0.93734,0.93753,60,16,0
2026-08-26T07:25:00Z,1787729100,0.93755,0.93756,0.93741,0.93753,73,16,0
2026-08-26T07:30:00Z,1787729400,0.93753,0.93759,0.93749,0.93755,69,16,0
2026-08-26T07:35:00Z,1787729700,0.93755,0.93762,0.93754,0.93759,69,16,0
2026-08-26T07:40:00Z,1787730000,0.93759,0.93766,0.93757,0.93763,68,16,0
2026-08-26T07:45:00Z,1787730300,0.93763,0.93766,0.93747,0.93749,58,16,0
2026-08-26T07:50:00Z,1787730600,0.93749,0.93754,0.9373,0.93732,75,16,0
2026-08-26T07:55:00Z,1787730900,0.93732,0.93735,0.93715,0.93725,103,16,0
2026-08-26T08:00:00Z,1787731200,0.93724,0.93736,0.93717,0.93732,101,16,0
2026-08-26T08:05:00Z,1787731500,0.93732,0.93744,0.93723,0.93743,82,16,0
2026-08-26T08:10:00Z,1787731800,0.93743,0.93744,0.93732,0.93734,70,16,0
2026-08-26T08:15:00Z,1787732100,0.93734,0.93752,0.93734,0.93745,62,16,0
2026-08-26T08:20:00Z,1787732400,0.93745,0.93756,0.93742,0.93747,65,16,0
2026-08-26T08:25:00Z,1787732700,0.93748,0.93752,0.93743,0.93744,71,16,0
2026-08-26T08:30:00Z,1787733000,0.93744,0.93758,0.93743,0.93756,72,16,0
2026-08-26T08:35:00Z,1787733300,0.93756,0.93768,0.93755,0.93766,69,16,0
2026-08-26T08:40:00Z,1787733600,0.93766,0.93773,0.93766,0.93771,57,16,0
2026-08-26T08:45:00Z,1787733900,0.93771,0.93782,0.93769,0.93778,43,16,0
2026-08-26T08:50:00Z,1787734200,0.93778,0.93784,0.93772,0.93781,68,16,0
2026-08-26T08:55:00Z,1787734500,0.9378,0.9379,0.93776,0.93781,72,16,0
2026-08-26T09:00:00Z,1787734800,0.93781,0.93789,0.93772,0.93773,78,16,0
2026-08-26T09:05:00Z,1787735100,0.93773,0.93785,0.93763,0.93781,82,16,0
2026-08-26T09:10:00Z,1787735400,0.93782,0.93787,0.93778,0.93785,55,16,0
2026-08-26T09:15:00Z,1787735700,0.93785,0.93786,0.93776,0.93784,47,16,0
2026-08-26T09:20:00Z,1787736000,0.93784,0.93792,0.93779,0.93791,64,16,0
2026-08-26T09:25:00Z,1787736300,0.93791,0.93791,0.93775,0.9378,66,16,0
2026-08-26T09:30:00Z,1787736600,0.9378,0.93789,0.93773,0.93789,70,16,0
2026-08-26T09:35:00Z,1787736900,0.93788,0.93798,0.93784,0.93789,56,16,0
2026-08-26T09:40:00Z,1787737200,0.93789,0.93797,0.93776,0.93777,66,16,0
2026-08-26T09:45:00Z,1787737500,0.93778,0.93781,0.93758,0.93759,73,16,0
2026-08-26T09:50:00Z,1787737800,0.93759,0.93762,0.93751,0.93759,64,16,0
2026-08-26T09:55:00Z,1787738100,0.9376,0.9378,0.9376,0.9378,75,16,0
2026-08-26T10:00:00Z,1787738400,0.93781,0.93783,0.93764,0.93768,56,16,0
2026-08-26T10:05:00Z,1787738700,0.93768,0.93784,0.93765,0.9378,50,16,0
2026-08-26T10:10:00Z,1787739000,0.9378,0.93786,0.93779,0.93783,35,16,0
2026-08-26T10:15:00Z,1787739300,0.93784,0.93784,0.93767,0.93772,52,16,0
2026-08-26T10:20:00Z,1787739600,0.93772,0.93779,0.93771,0.93775,59,16,0
2026-08-26T10:25:00Z,1787739900,0.93777,0.93785,0.93773,0.93774,56,16,0
2026-08-26T10:30:00Z,1787740200,0.93773,0.93775,0.93767,0.93771,48,16,0
2026-08-26T10:35:00Z,1787740500,0.93771,0.93779,0.93766,0.93779,66,16,0
2026-08-26T10:40:00Z,1787740800,0.93779,0.93786,0.93775,0.93784,50,16,0
2026-08-26T10:45:00Z,1787741100,0.93783,0.93784,0.9377,0.93771,47,16,0
2026-08-26T10:50:00Z,1787741400,0.93772,0.93781,0.93771,0.93774,48,16,0
2026-08-26T10:55:00Z,1787741700,0.93774,0.93789,0.93769,0.93789,62,16,0
2026-08-26T11:00:00Z,1787742000,0.93789,0.93791,0.93774,0.93778,70,16,0
2026-08-26T11:05:00Z,1787742300,0.93779,0.93783,0.93769,0.93778,68,16,0
2026-08-26T11:10:00Z,1787742600,0.93778,0.93782,0.93762,0.93764,67,16,0
2026-08-26T11:15:00Z,1787742900,0.93764,0.93772,0.93761,0.93767,73,16,0
2026-08-26T11:20:00Z,1787743200,0.93766,0.9379,0.93764,0.9379,80,16,0
2026-08-26T11:25:00Z,1787743500,0.93791,0.93801,0.93791,0.93794,97,16,0
2026-08-26T11:30:00Z,1787743800,0.93794,0.93797,0.93779,0.93785,85,16,0
2026-08-26T11:35:00Z,1787744100,0.93785,0.93803,0.93785,0.93803,58,16,0
2026-08-26T11:40:00Z,1787744400,0.93803,0.93808,0.93797,0.93803,54,16,0
2026-08-26T11:45:00Z,1787744700,0.93803,0.93814,0.93803,0.93811,48,16,0
2026-08-26T11:50:00Z,1787745000,0.93811,0.9382,0.93809,0.93815,70,16,0
2026-08-26T11:55:00Z,1787745300,0.93813,0.93819,0.93802,0.93802,58,16,0
2026-08-26T12:00:00Z,1787745600,0.93802,0.93803,0.93783,0.93787,92,16,0
2026-08-26T12:05:00Z,1787745900,0.93787,0.93791,0.93774,0.93791,68,16,0
2026-08-26T12:10:00Z,1787746200,0.93793,0.93818,0.93793,0.93807,86,16,0
2026-08-26T12:15:00Z,1787746500,0.93806,0.93812,0.93789,0.93794,97,16,0
2026-08-26T12:20:00Z,1787746800,0.93793,0.93799,0.93783,0.93798,68,16,0
2026-08-26T12:25:00Z,1787747100,0.93797,0.93805,0.93781,0.93803,86,16,0
2026-08-26T12:30:00Z,1787747400,0.93809,0.93858,0.93798,0.93844,196,16,0
2026-08-26T12:35:00Z,1787747700,0.93844,0.93844,0.93821,0.9383,139,16,0
2026-08-26T12:40:00Z,1787748000,0.9383,0.93852,0.9383,0.93833,121,16,0
2026-08-26T12:45:00Z,1787748300,0.93834,0.93837,0.9381,0.93813,105,16,0
2026-08-26T12:50:00Z,1787748600,0.93813,0.93821,0.93798,0.93799,113,16,0
2026-08-26T12:55:00Z,1787748900,0.93799,0.93823,0.93792,0.93822,131,16,0
2026-08-26T13:00:00Z,1787749200,0.93822,0.93826,0.93805,0.93822,145,16,0
2026-08-26T13:05:00Z,1787749500,0.93822,0.93836,0.93818,0.93835,137,16,0
2026-08-26T13:10:00Z,1787749800,0.93835,0.93841,0.93829,0.93829,98,16,0
2026-08-26T13:15:00Z,1787750100,0.93827,0.9384,0.93812,0.93822,114,16,0
2026-08-26T13:20:00Z,1787750400,0.93821,0.93832,0.9382,0.9382,106,16,0
2026-08-26T13:25:00Z,1787750700,0.93819,0.93819,0.93784,0.93788,103,16,0
2026-08-26T13:30:00Z,1787751000,0.93787,0.93829,0.93787,0.93827,122,16,0
2026-08-26T13:35:00Z,1787751300,0.93825,0.93841,0.93818,0.93838,101,16,0
2026-08-26T13:40:00Z,1787751600,0.93838,0.93846,0.93828,0.93843,104,16,0
2026-08-26T13:45:00Z,1787751900,0.93843,0.93861,0.9383,0.93859,100,16,0
2026-08-26T13:50:00Z,1787752200,0.93857,0.9387,0.93853,0.93853,113,16,0
2026-08-26T13:55:00Z,1787752500,0.93853,0.93864,0.9385,0.93858,85,16,0
2026-08-26T14:00:00Z,1787752800,0.93858,0.93861,0.9384,0.93845,131,16,0
2026-08-26T14:05:00Z,1787753100,0.93845,0.93855,0.9384,0.93845,121,16,0
2026-08-26T14:10:00Z,1787753400,0.93846,0.93846,0.93812,0.93818,110,16,0
2026-08-26T14:15:00Z,1787753700,0.93818,0.93833,0.93812,0.93831,117,16,0
2026-08-26T14:20:00Z,1787754000,0.93831,0.93839,0.93798,0.93818,122,16,0
2026-08-26T14:25:00Z,1787754300,0.93819,0.93834,0.93812,0.93831,110,16,0
2026-08-26T14:30:00Z,1787754600,0.93831,0.93863,0.93831,0.93861,111,16,0
2026-08-26T14:35:00Z,1787754900,0.93861,0.93883,0.93859,0.9388,124,16,0
2026-08-26T14:40:00Z,1787755200,0.9388,0.93883,0.93858,0.93873,107,16,0
2026-08-26T14:45:00Z,1787755500,0.93873,0.93879,0.93868,0.93873,99,16,0
2026-08-26T14:50:00Z,1787755800,0.93872,0.93873,0.93845,0.93857,102,16,0
2026-08-26T14:55:00Z,1787756100,0.93859,0.93879,0.93855,0.93876,118,16,0
2026-08-26T15:00:00Z,1787756400,0.93876,0.93887,0.93864,0.93874,112,16,0
2026-08-26T15:05:00Z,1787756700,0.93875,0.9388,0.93856,0.93856,108,16,0
2026-08-26T15:10:00Z,1787757000,0.93854,0.93866,0.93851,0.9386,90,16,0
2026-08-26T15:15:00Z,1787757300,0.9386,0.93861,0.9384,0.93844,69,16,0
2026-08-26T15:20:00Z,1787757600,0.93844,0.93868,0.93844,0.93865,68,16,0
2026-08-26T15:25:00Z,1787757900,0.93865,0.9387,0.93858,0.93858,62,16,0
2026-08-26T15:30:00Z,1787758200,0.93859,0.93859,0.93844,0.93851,70,16,0
2026-08-26T15:35:00Z,1787758500,0.9385,0.93855,0.93848,0.93848,52,16,0
2026-08-26T15:40:00Z,1787758800,0.93848,0.93854,0.93842,0.93849,59,16,0
2026-08-26T15:45:00Z,1787759100,0.9385,0.93851,0.93841,0.93846,45,16,0
2026-08-26T15:50:00Z,1787759400,0.93846,0.93857,0.93823,0.93823,99,16,0
2026-08-26T15:55:00Z,1787759700,0.93823,0.93835,0.93819,0.9383,85,16,0
2026-08-26T16:00:00Z,1787760000,0.93831,0.93837,0.93827,0.93831,70,16,0
2026-08-26T16:05:00Z,1787760300,0.93831,0.93848,0.93831,0.93846,59,16,0
2026-08-26T16:10:00Z,1787760600,0.93846,0.93855,0.93846,0.93846,56,16,0
2026-08-26T16:15:00Z,1787760900,0.93845,0.93851,0.93833,0.93833,59,16,0
2026-08-26T16:20:00Z,1787761200,0.93834,0.93851,0.93834,0.9385,60,16,0
2026-08-26T16:25:00Z,1787761500,0.9385,0.93861,0.9385,0.93859,61,16,0
2026-08-26T16:30:00Z,1787761800,0.9386,0.9386,0.93853,0.93855,37,16,0
2026-08-26T16:35:00Z,1787762100,0.93855,0.93857,0.93846,0.9385,56,16,0
2026-08-26T16:40:00Z,1787762400,0.93849,0.93855,0.93848,0.93854,39,16,0
2026-08-26T16:45:00Z,1787762700,0.93854,0.93856,0.93838,0.93838,56,16,0
2026-08-26T16:50:00Z,1787763000,0.93838,0.93853,0.93838,0.93853,34,16,0
2026-08-26T16:55:00Z,1787763300,0.93853,0.93856,0.93842,0.93843,62,16,0
2026-08-26T17:00:00Z,1787763600,0.93843,0.93845,0.93837,0.93841,51,16,0
2026-08-26T17:05:00Z,1787763900,0.93841,0.93843,0.93824,0.93824,48,16,0
2026-08-26T17:10:00Z,1787764200,0.93824,0.93834,0.93823,0.9383,58,16,0
2026-08-26T17:15:00Z,1787764500,0.93831,0.93831,0.93824,0.93825,40,16,0
2026-08-26T17:20:00Z,1787764800,0.93825,0.93831,0.93823,0.93824,39,16,0
2026-08-26T17:25:00Z,1787765100,0.93824,0.93829,0.93824,0.93825,32,16,0
2026-08-26T17:30:00Z,1787765400,0.93825,0.93826,0.93818,0.93824,43,16,0
2026-08-26T17:35:00Z,1787765700,0.93824,0.9383,0.93822,0.93829,30,16,0
2026-08-26T17:40:00Z,1787766000,0.93829,0.9383,0.93825,0.93825,38,16,0
2026-08-26T17:45:00Z,1787766300,0.93826,0.9383,0.93826,0.9383,33,16,0
2026-08-26T17:50:00Z,1787766600,0.9383,0.93833,0.93828,0.93831,27,16,0
2026-08-26T17:55:00Z,1787766900,0.93831,0.93836,0.93831,0.93832,34,16,0
2026-08-26T18:00:00Z,1787767200,0.93832,0.93832,0.93822,0.93822,31,16,0
2026-08-26T18:05:00Z,1787767500,0.9382,0.93829,0.93819,0.93821,38,16,0
2026-08-26T18:10:00Z,1787767800,0.93821,0.93823,0.93815,0.93819,23,16,0
2026-08-26T18:15:00Z,1787768100,0.93818,0.93821,0.93818,0.93819,26,16,0
2026-08-26T18:20:00Z,1787768400,0.93819,0.93826,0.93819,0.93824,32,16,0
2026-08-26T18:25:00Z,1787768700,0.93824,0.93826,0.93822,0.93825,14,16,0
2026-08-26T18:30:00Z,1787769000,0.93825,0.93836,0.93825,0.93832,32,16,0
2026-08-26T18:35:00Z,1787769300,0.93832,0.93839,0.93832,0.93839,18,16,0
2026-08-26T18:40:00Z,1787769600,0.93839,0.93839,0.93833,0.93833,26,16,0
2026-08-26T18:45:00Z,1787769900,0.93833,0.93834,0.93827,0.9383,30,16,0
2026-08-26T18:50:00Z,1787770200,0.9383,0.93838,0.9383,0.93837,23,16,0
2026-08-26T18:55:00Z,1787770500,0.93838,0.93842,0.93833,0.93837,38,16,0
2026-08-26T19:00:00Z,1787770800,0.93837,0.93838,0.93832,0.93834,38,16,0
2026-08-26T19:05:00Z,1787771100,0.93834,0.9384,0.93834,0.93837,26,16,0
2026-08-26T19:10:00Z,1787771400,0.93837,0.93837,0.93829,0.93829,22,16,0
2026-08-26T19:15:00Z,1787771700,0.93829,0.93834,0.93825,0.93828,40,16,0
2026-08-26T19:20:00Z,1787772000,0.93828,0.93833,0.93828,0.9383,21,16,0
2026-08-26T19:25:00Z,1787772300,0.9383,0.93831,0.93826,0.93827,25,16,0
2026-08-26T19:30:00Z,1787772600,0.93826,0.93827,0.93821,0.93822,36,16,0
2026-08-26T19:35:00Z,1787772900,0.93822,0.93827,0.93822,0.93825,22,16,0
2026-08-26T19:40:00Z,1787773200,0.93825,0.93829,0.93825,0.93828,21,16,0
2026-08-26T19:45:00Z,1787773500,0.93828,0.9384,0.9382,0.9384,33,16,0
2026-08-26T19:50:00Z,1787773800,0.9384,0.93859,0.9384,0.93849,48,16,0
2026-08-26T19:55:00Z,1787774100,0.93852,0.93861,0.93848,0.93849,59,16,0
2026-08-26T20:00:00Z,1787774400,0.93849,0.93852,0.93844,0.93849,39,16,0
2026-08-26T20:05:00Z,1787774700,0.93849,0.93855,0.93846,0.93849,26,16,0
2026-08-26T20:10:00Z,1787775000,0.93848,0.93848,0.93843,0.93843,14,16,0
2026-08-26T20:15:00Z,1787775300,0.93842,0.93842,0.93838,0.93841,16,16,0
2026-08-26T20:20:00Z,1787775600,0.93841,0.93842,0.9384,0.93842,20,16,0
2026-08-26T20:25:00Z,1787775900,0.93842,0.93843,0.9384,0.93843,15,16,0
2026-08-26T20:30:00Z,1787776200,0.93843,0.93844,0.9384,0.93844,11,16,0
2026-08-26T20:35:00Z,1787776500,0.93844,0.93844,0.93839,0.93844,18,16,0
2026-08-26T20:40:00Z,1787776800,0.93844,0.93852,0.93843,0.93851,16,16,0
2026-08-26T20:45:00Z,1787777100,0.93851,0.93853,0.93843,0.93847,21,16,0
2026-08-26T20:50:00Z,1787777400,0.93847,0.93848,0.93846,0.93848,28,16,0
2026-08-26T20:55:00Z,1787777700,0.93848,0.93849,0.93804,0.93807,70,14,0
2026-08-26T21:00:00Z,1787778000,0.93804,0.93828,0.93804,0.93826,38,25,0
2026-08-26T21:05:00Z,1787778300,0.93827,0.93829,0.938,0.93801,42,22,0
2026-08-26T21:10:00Z,1787778600,0.93802,0.93806,0.93793,0.93803,31,84,0
2026-08-26T21:15:00Z,1787778900,0.93806,0.93814,0.93797,0.93798,58,64,0
2026-08-26T21:20:00Z,1787779200,0.93799,0.93806,0.93784,0.93788,44,64,0
2026-08-26T21:25:00Z,1787779500,0.93787,0.93801,0.93774,0.93799,49,95,0
2026-08-26T21:30:00Z,1787779800,0.93796,0.93816,0.93795,0.93805,98,62,0
2026-08-26T21:35:00Z,1787780100,0.93808,0.93813,0.93796,0.93807,50,67,0
2026-08-26T21:40:00Z,1787780400,0.93804,0.93812,0.93793,0.93795,31,70,0
2026-08-26T21:45:00Z,1787780700,0.93793,0.93798,0.93777,0.9379,100,81,0
2026-08-26T21:50:00Z,1787781000,0.93792,0.93794,0.93775,0.93779,128,64,0
2026-08-26T21:55:00Z,1787781300,0.93781,0.93805,0.93752,0.93762,79,36,0
2026-08-26T22:00:00Z,1787781600,0.93812,0.93831,0.93799,0.93831,46,25,0
2026-08-26T22:05:00Z,1787781900,0.93831,0.93835,0.93828,0.93828,21,25,0
2026-08-26T22:10:00Z,1787782200,0.93828,0.93828,0.93824,0.93825,14,25,0
2026-08-26T22:15:00Z,1787782500,0.93825,0.93825,0.93824,0.93824,8,25,0
2026-08-26T22:20:00Z,1787782800,0.93824,0.93824,0.93821,0.93824,14,25,0
2026-08-26T22:25:00Z,1787783100,0.93824,0.93824,0.93817,0.93818,13,25,0
2026-08-26T22:30:00Z,1787783400,0.93818,0.93819,0.93818,0.93819,6,25,0
2026-08-26T22:35:00Z,1787783700,0.93819,0.93819,0.93817,0.93817,9,25,0
2026-08-26T22:40:00Z,1787784000,0.93817,0.93817,0.93817,0.93817,5,25,0
2026-08-26T22:45:00Z,1787784300,0.93817,0.93818,0.93815,0.93815,9,25,0
2026-08-26T22:50:00Z,1787784600,0.93815,0.93815,0.93814,0.93815,8,25,0
2026-08-26T22:55:00Z,1787784900,0.93815,0.93815,0.93814,0.93814,6,25,0
2026-08-26T23:00:00Z,1787785200,0.93818,0.93823,0.93818,0.93822,20,16,0
2026-08-26T23:05:00Z,1787785500,0.93822,0.93823,0.9382,0.93821,11,16,0
2026-08-26T23:10:00Z,1787785800,0.93821,0.93821,0.93808,0.93809,19,16,0
2026-08-26T23:15:00Z,1787786100,0.93809,0.93811,0.93808,0.93808,14,16,0
2026-08-26T23:20:00Z,1787786400,0.93808,0.93809,0.93802,0.93805,23,16,0
2026-08-26T23:25:00Z,1787786700,0.93805,0.93814,0.93805,0.93814,20,16,0
2026-08-26T23:30:00Z,1787787000,0.93814,0.93815,0.93812,0.93812,21,16,0
2026-08-26T23:35:00Z,1787787300,0.9381,0.93813,0.93809,0.93809,19,16,0
2026-08-26T23:40:00Z,1787787600,0.93809,0.93812,0.93809,0.93812,23,16,0
2026-08-26T23:45:00Z,1787787900,0.93812,0.93824,0.93812,0.93821,31,16,0
2026-08-26T23:50:00Z,1787788200,0.9382,0.93822,0.9382,0.93821,20,16,0
2026-08-26T23:55:00Z,1787788500,0.93821,0.93828,0.93821,0.93827,11,16,0
2026-08-27T00:00:00Z,1787788800,0.93828,0.93838,0.93825,0.93826,67,16,0
2026-08-27T00:05:00Z,1787789100,0.93826,0.93837,0.93826,0.93837,42,16,0
2026-08-27T00:10:00Z,1787789400,0.93837,0.93838,0.93834,0.93837,32,16,0
2026-08-27T00:15:00Z,1787789700,0.93837,0.93843,0.93834,0.9384,41,16,0
2026-08-27T00:20:00Z,1787790000,0.9384,0.93849,0.9384,0.93849,37,16,0
2026-08-27T00:25:00Z,1787790300,0.93849,0.93849,0.9384,0.93844,27,16,0
2026-08-27T00:30:00Z,1787790600,0.93843,0.93844,0.93829,0.93834,45,16,0
2026-08-27T00:35:00Z,1787790900,0.93834,0.93844,0.93833,0.93843,69,16,0
2026-08-27T00:40:00Z,1787791200,0.93843,0.93851,0.93841,0.93845,48,16,0
2026-08-27T00:45:00Z,1787791500,0.93845,0.93851,0.93844,0.93851,28,16,0
2026-08-27T00:50:00Z,1787791800,0.93851,0.93855,0.93841,0.93849,63,16,0
2026-08-27T00:55:00Z,1787792100,0.93847,0.93866,0.93844,0.93851,73,16,0
2026-08-27T01:00:00Z,1787792400,0.93851,0.93861,0.93845,0.93856,105,16,0
2026-08-27T01:05:00Z,1787792700,0.93857,0.93866,0.93855,0.93863,58,16,0
2026-08-27T01:10:00Z,1787793000,0.93863,0.93863,0.93852,0.93852,47,16,0
2026-08-27T01:15:00Z,1787793300,0.93851,0.9386,0.93851,0.93859,52,16,0
2026-08-27T01:20:00Z,1787793600,0.93858,0.93862,0.93854,0.93855,39,16,0
2026-08-27T01:25:00Z,1787793900,0.93856,0.93867,0.93856,0.93866,44,16,0
2026-08-27T01:30:00Z,1787794200,0.93866,0.93871,0.93865,0.93865,53,16,0
2026-08-27T01:35:00Z,1787794500,0.93865,0.9387,0.9386,0.93869,50,16,0
2026-08-27T01:40:00Z,1787794800,0.93869,0.93879,0.93868,0.93875,65,16,0
2026-08-27T01:45:00Z,1787795100,0.93875,0.93875,0.93866,0.9387,59,16,0
2026-08-27T01:50:00Z,1787795400,0.9387,0.93873,0.93867,0.93868,47,16,0
2026-08-27T01:55:00Z,1787795700,0.93868,0.93868,0.93861,0.93864,41,16,0
2026-08-27T02:00:00Z,1787796000,0.93864,0.93872,0.93864,0.93872,40,16,0
2026-08-27T02:05:00Z,1787796300,0.93872,0.93873,0.93869,0.93871,40,16,0
2026-08-27T02:10:00Z,1787796600,0.93871,0.93874,0.9387,0.93874,30,16,0
2026-08-27T02:15:00Z,1787796900,0.93875,0.93878,0.93875,0.93875,28,16,0
2026-08-27T02:20:00Z,1787797200,0.93875,0.93878,0.93872,0.93876,38,16,0
2026-08-27T02:25:00Z,1787797500,0.93876,0.93876,0.93872,0.93874,24,16,0
2026-08-27T02:30:00Z,1787797800,0.93874,0.93875,0.93871,0.93874,33,16,0
2026-08-27T02:35:00Z,1787798100,0.93874,0.93874,0.9387,0.93873,23,16,0
2026-08-27T02:40:00Z,1787798400,0.93873,0.93873,0.93868,0.93872,19,16,0
2026-08-27T02:45:00Z,1787798700,0.93872,0.93873,0.93867,0.93869,32,16,0
2026-08-27T02:50:00Z,1787799000,0.93869,0.9387,0.93862,0.93864,31,16,0
2026-08-27T02:55:00Z,1787799300,0.93864,0.93865,0.93862,0.93864,16,16,0
2026-08-27T03:00:00Z,1787799600,0.93863,0.93867,0.93863,0.93864,30,16,0
2026-08-27T03:05:00Z,1787799900,0.93864,0.93866,0.93864,0.93864,13,16,0
2026-08-27T03:10:00Z,1787800200,0.93864,0.93865,0.93861,0.93861,25,16,0
2026-08-27T03:15:00Z,1787800500,0.93861,0.93864,0.93861,0.93864,23,16,0
2026-08-27T03:20:00Z,1787800800,0.93864,0.93865,0.93864,0.93864,7,16,0
2026-08-27T03:25:00Z,1787801100,0.93864,0.93875,0.93864,0.93867,33,16,0
2026-08-27T03:30:00Z,1787801400,0.93867,0.93867,0.93859,0.9386,29,16,0
2026-08-27T03:35:00Z,1787801700,0.9386,0.93867,0.93858,0.93865,34,16,0
2026-08-27T03:40:00Z,1787802000,0.93866,0.93872,0.93866,0.93868,30,16,0
2026-08-27T03:45:00Z,1787802300,0.93868,0.93868,0.93863,0.93863,26,16,0
2026-08-27T03:50:00Z,1787802600,0.93863,0.93865,0.93863,0.93865,9,16,0
2026-08-27T03:55:00Z,1787802900,0.93865,0.93869,0.93865,0.93868,16,16,0
2026-08-27T04:00:00Z,1787803200,0.93868,0.93869,0.93863,0.93865,23,16,0
2026-08-27T04:05:00Z,1787803500,0.93865,0.93867,0.93864,0.93867,17,16,0
2026-08-27T04:10:00Z,1787803800,0.93867,0.93867,0.9385,0.93853,26,16,0
2026-08-27T04:15:00Z,1787804100,0.93853,0.93865,0.93852,0.93864,34,16,0
2026-08-27T04:20:00Z,1787804400,0.93864,0.93867,0.93864,0.93865,20,16,0
2026-08-27T04:25:00Z,1787804700,0.93865,0.93866,0.9386,0.93866,21,16,0
2026-08-27T04:30:00Z,1787805000,0.93866,0.93866,0.93864,0.93865,19,16,0
2026-08-27T04:35:00Z,1787805300,0.93865,0.93868,0.93865,0.93867,14,16,0
2026-08-27T04:40:00Z,1787805600,0.93867,0.93867,0.93861,0.93865,21,16,0
2026-08-27T04:45:00Z,1787805900,0.93865,0.93869,0.93865,0.93868,18,16,0
2026-08-27T04:50:00Z,1787806200,0.93868,0.9387,0.93868,0.93869,18,16,0
2026-08-27T04:55:00Z,1787806500,0.93869,0.93884,0.93869,0.93881,21,16,0
2026-08-27T05:00:00Z,1787806800,0.93881,0.93886,0.93879,0.9388,50,16,0
2026-08-27T05:05:00Z,1787807100,0.9388,0.93883,0.93876,0.9388,49,16,0
2026-08-27T05:10:00Z,1787807400,0.9388,0.9388,0.9387,0.9387,38,16,0
2026-08-27T05:15:00Z,1787807700,0.9387,0.93874,0.93867,0.93868,65,16,0
2026-08-27T05:20:00Z,1787808000,0.93868,0.93868,0.93863,0.93864,30,16,0
2026-08-27T05:25:00Z,1787808300,0.93864,0.93865,0.93859,0.9386,42,16,0
2026-08-27T05:30:00Z,1787808600,0.9386,0.93865,0.93855,0.93865,55,16,0
2026-08-27T05:35:00Z,1787808900,0.93865,0.93871,0.93863,0.93865,35,16,0
2026-08-27T05:40:00Z,1787809200,0.93865,0.93871,0.93865,0.93871,48,16,0
2026-08-27T05:45:00Z,1787809500,0.93871,0.93883,0.9387,0.93882,41,16,0
2026-08-27T05:50:00Z,1787809800,0.93883,0.93888,0.93882,0.93884,53,16,0
2026-08-27T05:55:00Z,1787810100,0.93885,0.93893,0.93884,0.93886,66,16,0
2026-08-27T06:00:00Z,1787810400,0.93883,0.93891,0.9388,0.9389,54,16,0
2026-08-27T06:05:00Z,1787810700,0.9389,0.93899,0.93886,0.93886,51,16,0
2026-08-27T06:10:00Z,1787811000,0.93886,0.93887,0.93873,0.93884,49,16,0
2026-08-27T06:15:00Z,1787811300,0.93884,0.93889,0.93882,0.93888,50,16,0
2026-08-27T06:20:00Z,1787811600,0.93888,0.93895,0.93885,0.93895,54,16,0
2026-08-27T06:25:00Z,1787811900,0.93895,0.93901,0.93889,0.93889,45,16,0
2026-08-27T06:30:00Z,1787812200,0.93889,0.93889,0.93874,0.93881,55,16,0
2026-08-27T06:35:00Z,1787812500,0.93881,0.93883,0.9387,0.93873,43,16,0
2026-08-27T06:40:00Z,1787812800,0.93873,0.93883,0.9387,0.93872,60,16,0
2026-08-27T06:45:00Z,1787813100,0.93872,0.93881,0.93867,0.93879,57,16,0
2026-08-27T06:50:00Z,1787813400,0.93879,0.93898,0.93879,0.93898,55,16,0
2026-08-27T06:55:00Z,1787813700,0.93898,0.93901,0.93888,0.9389,52,16,0
2026-08-27T07:00:00Z,1787814000,0.93891,0.93895,0.93874,0.93877,98,16,0
2026-08-27T07:05:00Z,1787814300,0.93878,0.93887,0.93872,0.93885,73,16,0
2026-08-27T07:10:00Z,1787814600,0.93885,0.93894,0.93877,0.93894,71,16,0
2026-08-27T07:15:00Z,1787814900,0.93894,0.93901,0.93892,0.93898,46,16,0
2026-08-27T07:20:00Z,1787815200,0.93898,0.93906,0.93893,0.93901,60,16,0
2026-08-27T07:25:00Z,1787815500,0.93901,0.9391,0.93896,0.93897,65,16,0
2026-08-27T07:30:00Z,1787815800,0.93896,0.93902,0.93889,0.9389,58,16,0
2026-08-27T07:35:00Z,1787816100,0.9389,0.93915,0.9389,0.93912,70,16,0
2026-08-27T07:40:00Z,1787816400,0.93912,0.93915,0.93906,0.93906,58,16,0
2026-08-27T07:45:00Z,1787816700,0.93905,0.93905,0.93888,0.93893,73,16,0
2026-08-27T07:50:00Z,1787817000,0.93892,0.93917,0.93892,0.93915,67,16,0
2026-08-27T07:55:00Z,1787817300,0.93915,0.93927,0.9391,0.93926,85,16,0
2026-08-27T08:00:00Z,1787817600,0.93926,0.93933,0.93923,0.93926,91,16,0
2026-08-27T08:05:00Z,1787817900,0.93926,0.93928,0.93909,0.93909,62,16,0
2026-08-27T08:10:00Z,1787818200,0.9391,0.9391,0.93891,0.93897,73,16,0
2026-08-27T08:15:00Z,1787818500,0.93897,0.93899,0.9388,0.93892,69,16,0
2026-08-27T08:20:00Z,1787818800,0.93892,0.93909,0.93889,0.93906,79,16,0
2026-08-27T08:25:00Z,1787819100,0.93906,0.93907,0.93894,0.93905,81,16,0
2026-08-27T08:30:00Z,1787819400,0.93905,0.93911,0.93869,0.93882,113,16,0
2026-08-27T08:35:00Z,1787819700,0.93882,0.93889,0.93876,0.93882,136,16,0
2026-08-27T08:40:00Z,1787820000,0.93884,0.93887,0.93855,0.93858,108,16,0
2026-08-27T08:45:00Z,1787820300,0.93858,0.93861,0.93836,0.93839,117,16,0
2026-08-27T08:50:00Z,1787820600,0.93838,0.93849,0.93828,0.93835,123,16,0
2026-08-27T08:55:00Z,1787820900,0.93834,0.93853,0.93831,0.93853,107,16,0
2026-08-27T09:00:00Z,1787821200,0.93853,0.93855,0.9384,0.93845,84,16,0
2026-08-27T09:05:00Z,1787821500,0.93847,0.93849,0.93837,0.93842,62,16,0
2026-08-27T09:10:00Z,1787821800,0.93843,0.93855,0.93839,0.93854,48,16,0
2026-08-27T09:15:00Z,1787822100,0.93854,0.93854,0.93838,0.93846,63,16,0
2026-08-27T09:20:00Z,1787822400,0.93846,0.93846,0.93821,0.93825,63,16,0
2026-08-27T09:25:00Z,1787822700,0.93826,0.93833,0.93823,0.93824,56,16,0
2026-08-27T09:30:00Z,1787823000,0.93824,0.93829,0.93817,0.93823,52,16,0
2026-08-27T09:35:00Z,1787823300,0.93823,0.93823,0.9381,0.93816,72,16,0
2026-08-27T09:40:00Z,1787823600,0.93816,0.93834,0.93816,0.93827,64,16,0
2026-08-27T09:45:00Z,1787823900,0.93827,0.93829,0.93821,0.93822,48,16,0
2026-08-27T09:50:00Z,1787824200,0.93822,0.93825,0.93809,0.9381,49,16,0
2026-08-27T09:55:00Z,1787824500,0.93809,0.93812,0.93799,0.93811,71,16,0
2026-08-27T10:00:00Z,1787824800,0.93811,0.93814,0.93801,0.93804,75,16,0
2026-08-27T10:05:00Z,1787825100,0.93804,0.93809,0.938,0.93802,57,16,0
2026-08-27T10:10:00Z,1787825400,0.93802,0.93802,0.93791,0.93794,56,16,0
2026-08-27T10:15:00Z,1787825700,0.93794,0.93804,0.93793,0.93801,49,16,0
2026-08-27T10:20:00Z,1787826000,0.93801,0.93813,0.93801,0.93811,61,16,0
2026-08-27T10:25:00Z,1787826300,0.93813,0.93818,0.93809,0.93811,51,16,0
2026-08-27T10:30:00Z,1787826600,0.93811,0.93818,0.9381,0.9381,50,16,0
2026-08-27T10:35:00Z,1787826900,0.9381,0.93819,0.938,0.93813,80,16,0
2026-08-27T10:40:00Z,1787827200,0.93813,0.9382,0.93807,0.93807,48,16,0
2026-08-27T10:45:00Z,1787827500,0.93807,0.93816,0.93805,0.9381,69,16,0
2026-08-27T10:50:00Z,1787827800,0.9381,0.93819,0.9381,0.93813,46,16,0
2026-08-27T10:55:00Z,1787828100,0.93813,0.93813,0.93794,0.93801,63,16,0
2026-08-27T11:00:00Z,1787828400,0.93802,0.93806,0.938,0.93803,43,16,0
2026-08-27T11:05:00Z,1787828700,0.93803,0.93808,0.93796,0.93801,62,16,0
2026-08-27T11:10:00Z,1787829000,0.93801,0.93807,0.93787,0.93788,65,16,0
2026-08-27T11:15:00Z,1787829300,0.93788,0.93791,0.93779,0.9378,41,16,0
2026-08-27T11:20:00Z,1787829600,0.9378,0.93784,0.93768,0.93768,56,16,0
2026-08-27T11:25:00Z,1787829900,0.93768,0.93786,0.93768,0.93783,48,16,0
2026-08-27T11:30:00Z,1787830200,0.93783,0.93789,0.93772,0.93775,89,16,0
2026-08-27T11:35:00Z,1787830500,0.93775,0.93783,0.93763,0.93767,91,16,0
2026-08-27T11:40:00Z,1787830800,0.9377,0.93772,0.9375,0.93751,86,16,0
2026-08-27T11:45:00Z,1787831100,0.93751,0.93751,0.93732,0.93736,95,16,0
2026-08-27T11:50:00Z,1787831400,0.93736,0.93739,0.93713,0.93728,103,16,0
2026-08-27T11:55:00Z,1787831700,0.93728,0.93744,0.93725,0.93734,111,16,0
2026-08-27T12:00:00Z,1787832000,0.93735,0.93745,0.93724,0.93738,124,16,0
2026-08-27T12:05:00Z,1787832300,0.93737,0.93754,0.93737,0.93752,83,16,0
2026-08-27T12:10:00Z,1787832600,0.93752,0.93753,0.93718,0.93741,120,16,0
2026-08-27T12:15:00Z,1787832900,0.93741,0.93742,0.93714,0.93716,96,16,0
2026-08-27T12:20:00Z,1787833200,0.93716,0.93719,0.93704,0.93708,91,16,0
2026-08-27T12:25:00Z,1787833500,0.93707,0.93721,0.93703,0.93721,96,16,0
2026-08-27T12:30:00Z,1787833800,0.93718,0.93721,0.93694,0.93704,107,16,0
2026-08-27T12:35:00Z,1787834100,0.93704,0.93708,0.93694,0.93695,98,16,0
2026-08-27T12:40:00Z,1787834400,0.93695,0.93701,0.93687,0.93695,77,16,0
2026-08-27T12:45:00Z,1787834700,0.93693,0.93702,0.93687,0.9369,90,16,0
2026-08-27T12:50:00Z,1787835000,0.9369,0.93701,0.93685,0.93687,66,16,0
2026-08-27T12:55:00Z,1787835300,0.93687,0.9369,0.93677,0.93687,69,16,0
2026-08-27T13:00:00Z,1787835600,0.93686,0.93686,0.93639,0.93639,120,16,0
2026-08-27T13:05:00Z,1787835900,0.93639,0.93651,0.93623,0.93644,111,16,0
2026-08-27T13:10:00Z,1787836200,0.93644,0.93646,0.93617,0.93617,112,16,0
2026-08-27T13:15:00Z,1787836500,0.93617,0.93631,0.93613,0.93621,123,16,0
2026-08-27T13:20:00Z,1787836800,0.93622,0.93624,0.93596,0.93618,125,16,0
2026-08-27T13:25:00Z,1787837100,0.93618,0.93657,0.93611,0.93655,129,16,0
2026-08-27T13:30:00Z,1787837400,0.93654,0.9367,0.93645,0.93658,135,16,0
2026-08-27T13:35:00Z,1787837700,0.93658,0.93672,0.93644,0.93663,119,16,0
2026-08-27T13:40:00Z,1787838000,0.93663,0.93693,0.93663,0.93692,102,16,0
2026-08-27T13:45:00Z,1787838300,0.93693,0.93707,0.93688,0.93696,107,16,0
2026-08-27T13:50:00Z,1787838600,0.93696,0.93701,0.93662,0.93678,125,16,0
2026-08-27T13:55:00Z,1787838900,0.93678,0.93691,0.93669,0.93691,130,16,0
2026-08-27T14:00:00Z,1787839200,0.93692,0.93707,0.93689,0.93692,125,16,0
2026-08-27T14:05:00Z,1787839500,0.93694,0.93706,0.93689,0.937,146,16,0
2026-08-27T14:10:00Z,1787839800,0.937,0.93703,0.9369,0.93692,113,16,0
2026-08-27T14:15:00Z,1787840100,0.93692,0.93694,0.93667,0.93676,113,16,0
2026-08-27T14:20:00Z,1787840400,0.93679,0.93681,0.93663,0.9368,102,16,0
2026-08-27T14:25:00Z,1787840700,0.9368,0.93684,0.93664,0.93666,81,16,0
2026-08-27T14:30:00Z,1787841000,0.93667,0.93667,0.93654,0.93657,86,16,0
2026-08-27T14:35:00Z,1787841300,0.93657,0.93673,0.93653,0.93671,111,16,0
2026-08-27T14:40:00Z,1787841600,0.93671,0.93671,0.93644,0.93645,117,16,0
2026-08-27T14:45:00Z,1787841900,0.93645,0.93666,0.93641,0.93662,113,16,0
2026-08-27T14:50:00Z,1787842200,0.93662,0.93662,0.93624,0.93638,140,16,0
2026-08-27T14:55:00Z,1787842500,0.93639,0.93639,0.93586,0.93614,182,16,0
2026-08-27T15:00:00Z,1787842800,0.93612,0.9363,0.93609,0.93627,126,16,0
2026-08-27T15:05:00Z,1787843100,0.93628,0.93654,0.93623,0.93646,98,16,0
2026-08-27T15:10:00Z,1787843400,0.93646,0.93646,0.93626,0.93626,75,16,0
2026-08-27T15:15:00Z,1787843700,0.93626,0.93627,0.93606,0.93616,86,16,0
2026-08-27T15:20:00Z,1787844000,0.93616,0.93626,0.93616,0.93621,83,16,0
2026-08-27T15:25:00Z,1787844300,0.93621,0.93636,0.93619,0.93621,63,16,0
2026-08-27T15:30:00Z,1787844600,0.93622,0.93639,0.9362,0.93636,96,16,0
2026-08-27T15:35:00Z,1787844900,0.93635,0.93637,0.93629,0.93633,75,16,0
2026-08-27T15:40:00Z,1787845200,0.93633,0.93649,0.93626,0.93649,82,16,0
2026-08-27T15:45:00Z,1787845500,0.9365,0.93655,0.93637,0.93639,77,16,0
2026-08-27T15:50:00Z,1787845800,0.93639,0.93639,0.93624,0.93624,56,16,0
2026-08-27T15:55:00Z,1787846100,0.93624,0.93638,0.9362,0.93637,81,16,0
2026-08-27T16:00:00Z,1787846400,0.93637,0.93637,0.93625,0.93625,67,16,0
2026-08-27T16:05:00Z,1787846700,0.93626,0.93644,0.93626,0.93644,64,16,0
2026-08-27T16:10:00Z,1787847000,0.93644,0.93659,0.93643,0.9365,75,16,0
2026-08-27T16:15:00Z,1787847300,0.9365,0.93651,0.93644,0.93649,58,16,0
2026-08-27T16:20:00Z,1787847600,0.93649,0.93649,0.93629,0.93634,69,16,0
2026-08-27T16:25:00Z,1787847900,0.93634,0.9364,0.93629,0.9363,40,16,0
2026-08-27T16:30:00Z,1787848200,0.9363,0.93644,0.93625,0.9364,78,16,0
2026-08-27T16:35:00Z,1787848500,0.9364,0.93644,0.93637,0.93644,43,16,0
2026-08-27T16:40:00Z,1787848800,0.93643,0.93653,0.93643,0.93653,48,16,0
2026-08-27T16:45:00Z,1787849100,0.93656,0.93665,0.93647,0.93665,77,16,0
2026-08-27T16:50:00Z,1787849400,0.93665,0.93666,0.93647,0.93652,53,16,0
2026-08-27T16:55:00Z,1787849700,0.93652,0.93664,0.93652,0.93659,70,16,0
2026-08-27T17:00:00Z,1787850000,0.93657,0.93661,0.93652,0.93658,75,16,0
2026-08-27T17:05:00Z,1787850300,0.93658,0.93669,0.93658,0.93666,47,16,0
2026-08-27T17:10:00Z,1787850600,0.93666,0.93672,0.93666,0.93669,38,16,0
2026-08-27T17:15:00Z,1787850900,0.93666,0.93668,0.93639,0.93642,75,16,0
2026-08-27T17:20:00Z,1787851200,0.93642,0.93648,0.9364,0.93648,56,16,0
2026-08-27T17:25:00Z,1787851500,0.93648,0.93654,0.93644,0.93645,55,16,0
2026-08-27T17:30:00Z,1787851800,0.93645,0.93658,0.93645,0.9365,49,16,0
2026-08-27T17:35:00Z,1787852100,0.9365,0.93653,0.93647,0.93651,37,16,0
2026-08-27T17:40:00Z,1787852400,0.93651,0.93657,0.93648,0.93653,41,16,0
2026-08-27T17:45:00Z,1787852700,0.93654,0.93667,0.93653,0.93663,73,16,0
2026-08-27T17:50:00Z,1787853000,0.93663,0.93674,0.93662,0.93673,49,16,0
2026-08-27T17:55:00Z,1787853300,0.93673,0.9369,0.93671,0.93686,78,16,0
2026-08-27T18:00:00Z,1787853600,0.93687,0.93696,0.93684,0.9369,71,16,0
2026-08-27T18:05:00Z,1787853900,0.9369,0.93691,0.93676,0.93683,74,16,0
2026-08-27T18:10:00Z,1787854200,0.93683,0.93688,0.9368,0.9368,57,16,0
2026-08-27T18:15:00Z,1787854500,0.9368,0.93693,0.93678,0.93693,47,16,0
2026-08-27T18:20:00Z,1787854800,0.93692,0.93694,0.93684,0.93689,63,16,0
2026-08-27T18:25:00Z,1787855100,0.93689,0.93691,0.93684,0.93689,44,16,0
2026-08-27T18:30:00Z,1787855400,0.9369,0.93692,0.93685,0.93686,49,16,0
2026-08-27T18:35:00Z,1787855700,0.93686,0.93687,0.93682,0.93686,25,16,0
2026-08-27T18:40:00Z,1787856000,0.93686,0.93687,0.9368,0.93686,30,16,0
2026-08-27T18:45:00Z,1787856300,0.93686,0.93691,0.93686,0.93688,22,16,0
2026-08-27T18:50:00Z,1787856600,0.93688,0.93689,0.93685,0.93688,22,16,0
2026-08-27T18:55:00Z,1787856900,0.93688,0.93688,0.93675,0.9368,46,16,0
2026-08-27T19:00:00Z,1787857200,0.93681,0.93687,0.93678,0.93685,66,16,0
2026-08-27T19:05:00Z,1787857500,0.93685,0.93688,0.93679,0.93688,55,16,0
2026-08-27T19:10:00Z,1787857800,0.93688,0.93691,0.93688,0.93688,23,16,0
2026-08-27T19:15:00Z,1787858100,0.93688,0.93691,0.93685,0.93687,27,16,0
2026-08-27T19:20:00Z,1787858400,0.93685,0.93686,0.93683,0.93684,28,16,0
2026-08-27T19:25:00Z,1787858700,0.93684,0.93691,0.93684,0.93687,29,16,0
2026-08-27T19:30:00Z,1787859000,0.93687,0.93695,0.93687,0.93692,33,16,0
2026-08-27T19:35:00Z,1787859300,0.93692,0.93694,0.93689,0.93692,26,16,0
2026-08-27T19:40:00Z,1787859600,0.93692,0.93694,0.9369,0.9369,17,16,0
2026-08-27T19:45:00Z,1787859900,0.9369,0.9369,0.93686,0.93688,15,16,0
2026-08-27T19:50:00Z,1787860200,0.93688,0.93694,0.93688,0.93691,24,16,0
2026-08-27T19:55:00Z,1787860500,0.93691,0.93693,0.93683,0.93689,44,16,0
2026-08-27T20:00:00Z,1787860800,0.93689,0.93696,0.93688,0.93691,30,16,0
2026-08-27T20:05:00Z,1787861100,0.93691,0.93696,0.93691,0.93696,16,16,0
2026-08-27T20:10:00Z,1787861400,0.93696,0.93697,0.93691,0.93693,25,16,0
2026-08-27T20:15:00Z,1787861700,0.93693,0.93693,0.93685,0.93687,18,16,0
2026-08-27T20:20:00Z,1787862000,0.93687,0.9369,0.93687,0.9369,13,16,0
2026-08-27T20:25:00Z,1787862300,0.9369,0.93696,0.9369,0.93693,23,16,0
2026-08-27T20:30:00Z,1787862600,0.93693,0.93694,0.93689,0.93692,21,16,0
2026-08-27T20:35:00Z,1787862900,0.93692,0.93692,0.93689,0.93689,9,16,0
2026-08-27T20:40:00Z,1787863200,0.93689,0.93694,0.93689,0.93694,15,16,0
2026-08-27T20:45:00Z,1787863500,0.93694,0.937,0.93694,0.93698,12,16,0
2026-08-27T20:50:00Z,1787863800,0.93698,0.93698,0.93689,0.93695,21,16,0
2026-08-27T20:55:00Z,1787864100,0.93698,0.93699,0.93676,0.93676,48,16,0
2026-08-27T21:00:00Z,1787864400,0.93675,0.93675,0.93668,0.93668,4,50,0
2026-08-27T21:05:00Z,1787864700,0.93671,0.9368,0.93669,0.93675,39,39,0
2026-08-27T21:10:00Z,1787865000,0.93674,0.93676,0.93665,0.93666,25,45,0
2026-08-27T21:15:00Z,1787865300,0.93663,0.93671,0.93654,0.93667,49,50,0
2026-08-27T21:20:00Z,1787865600,0.9367,0.93676,0.93662,0.93674,37,45,0
2026-08-27T21:25:00Z,1787865900,0.93671,0.93674,0.93662,0.93667,29,53,0
2026-08-27T21:30:00Z,1787866200,0.93669,0.93674,0.93656,0.93656,61,45,0
2026-08-27T21:35:00Z,1787866500,0.93658,0.93666,0.93652,0.93666,29,48,0
2026-08-27T21:40:00Z,1787866800,0.93666,0.93669,0.93661,0.93667,34,45,0
2026-08-27T21:45:00Z,1787867100,0.9367,0.93672,0.93658,0.93668,40,36,0
2026-08-27T21:50:00Z,1787867400,0.9367,0.93672,0.93661,0.93666,32,34,0
2026-08-27T21:55:00Z,1787867700,0.93667,0.93669,0.93601,0.93601,28,36,0
2026-08-27T22:00:00Z,1787868000,0.93669,0.9369,0.93667,0.93688,41,25,0
2026-08-27T22:05:00Z,1787868300,0.93688,0.93693,0.93686,0.93693,21,25,0
2026-08-27T22:10:00Z,1787868600,0.93694,0.93695,0.93685,0.9369,28,25,0
2026-08-27T22:15:00Z,1787868900,0.93691,0.93691,0.93687,0.93688,16,25,0
2026-08-27T22:20:00Z,1787869200,0.93688,0.93694,0.93688,0.93694,15,25,0
2026-08-27T22:25:00Z,1787869500,0.93693,0.93693,0.9369,0.93691,13,25,0
2026-08-27T22:30:00Z,1787869800,0.93691,0.93691,0.9368,0.9368,22,25,0
2026-08-27T22:35:00Z,1787870100,0.9368,0.93685,0.9368,0.93682,12,25,0
2026-08-27T22:40:00Z,1787870400,0.93682,0.93684,0.93682,0.93684,9,25,0
2026-08-27T22:45:00Z,1787870700,0.93683,0.93683,0.93681,0.93682,14,25,0
2026-08-27T22:50:00Z,1787871000,0.93682,0.93683,0.93676,0.93676,10,25,0
2026-08-27T22:55:00Z,1787871300,0.93676,0.9368,0.93675,0.93677,22,25,0
2026-08-27T23:00:00Z,1787871600,0.93681,0.93681,0.93677,0.93677,13,16,0
2026-08-27T23:05:00Z,1787871900,0.93677,0.93677,0.93674,0.93677,9,16,0
2026-08-27T23:10:00Z,1787872200,0.93675,0.93676,0.93673,0.93674,15,16,0
2026-08-27T23:15:00Z,1787872500,0.93673,0.93685,0.93673,0.93681,20,16,0
2026-08-27T23:20:00Z,1787872800,0.93681,0.93684,0.93681,0.93684,17,16,0
2026-08-27T23:25:00Z,1787873100,0.93684,0.93685,0.9368,0.93681,19,16,0
2026-08-27T23:30:00Z,1787873400,0.93683,0.93683,0.93679,0.93679,13,16,0
2026-08-27T23:35:00Z,1787873700,0.93679,0.93682,0.93677,0.93679,22,16,0
2026-08-27T23:40:00Z,1787874000,0.93679,0.9368,0.93675,0.93676,17,16,0
2026-08-27T23:45:00Z,1787874300,0.93676,0.93677,0.93665,0.93665,26,16,0
2026-08-27T23:50:00Z,1787874600,0.93665,0.93669,0.93664,0.93668,20,16,0
2026-08-27T23:55:00Z,1787874900,0.93668,0.93669,0.93665,0.93668,19,16,0
2026-08-28T00:00:00Z,1787875200,0.93667,0.93676,0.93667,0.93675,43,16,0
2026-08-28T00:05:00Z,1787875500,0.93675,0.9368,0.93673,0.93679,27,16,0
2026-08-28T00:10:00Z,1787875800,0.93679,0.93684,0.93679,0.93684,31,16,0
2026-08-28T00:15:00Z,1787876100,0.93684,0.93699,0.93683,0.93697,37,16,0
2026-08-28T00:20:00Z,1787876400,0.93697,0.937,0.93693,0.93699,43,16,0
2026-08-28T00:25:00Z,1787876700,0.93699,0.93702,0.93696,0.93696,30,16,0
2026-08-28T00:30:00Z,1787877000,0.93696,0.93696,0.93689,0.93693,46,16,0
2026-08-28T00:35:00Z,1787877300,0.93693,0.93696,0.93688,0.93693,34,16,0
2026-08-28T00:40:00Z,1787877600,0.93693,0.93696,0.93691,0.93695,29,16,0
2026-08-28T00:45:00Z,1787877900,0.93695,0.93695,0.93688,0.93689,28,16,0
2026-08-28T00:50:00Z,1787878200,0.93689,0.93698,0.93689,0.93697,49,16,0
2026-08-28T00:55:00Z,1787878500,0.93695,0.93695,0.93685,0.9369,54,16,0
2026-08-28T01:00:00Z,1787878800,0.9369,0.9369,0.93675,0.93676,58,16,0
2026-08-28T01:05:00Z,1787879100,0.93676,0.93681,0.93668,0.9368,58,16,0
2026-08-28T01:10:00Z,1787879400,0.9368,0.93686,0.9368,0.93683,59,16,0
2026-08-28T01:15:00Z,1787879700,0.93683,0.93697,0.93682,0.93693,64,16,0
2026-08-28T01:20:00Z,1787880000,0.93693,0.93703,0.93691,0.93703,54,16,0
2026-08-28T01:25:00Z,1787880300,0.93703,0.93703,0.93695,0.93698,52,16,0
2026-08-28T01:30:00Z,1787880600,0.93698,0.93702,0.93695,0.937,48,16,0
2026-08-28T01:35:00Z,1787880900,0.937,0.93701,0.9369,0.93695,63,16,0
2026-08-28T01:40:00Z,1787881200,0.93695,0.93704,0.93694,0.93704,48,16,0
2026-08-28T01:45:00Z,1787881500,0.93704,0.93715,0.93703,0.9371,73,16,0
2026-08-28T01:50:00Z,1787881800,0.93711,0.93717,0.93705,0.93715,43,16,0
2026-08-28T01:55:00Z,1787882100,0.93715,0.93715,0.93704,0.93708,50,16,0
2026-08-28T02:00:00Z,1787882400,0.93708,0.93713,0.93706,0.93708,57,16,0
2026-08-28T02:05:00Z,1787882700,0.93708,0.93711,0.93705,0.93709,30,16,0
2026-08-28T02:10:00Z,1787883000,0.93709,0.9371,0.937,0.937,42,16,0
2026-08-28T02:15:00Z,1787883300,0.937,0.937,0.93693,0.93694,41,16,0
2026-08-28T02:20:00Z,1787883600,0.93694,0.93698,0.93689,0.93689,33,16,0
2026-08-28T02:25:00Z,1787883900,0.93689,0.93697,0.93689,0.93696,38,16,0
2026-08-28T02:30:00Z,1787884200,0.93696,0.93701,0.93696,0.937,49,16,0
2026-08-28T02:35:00Z,1787884500,0.937,0.937,0.93694,0.93696,24,16,0
2026-08-28T02:40:00Z,1787884800,0.93696,0.937,0.93696,0.93698,35,16,0
2026-08-28T02:45:00Z,1787885100,0.93698,0.93705,0.93696,0.937,33,16,0
2026-08-28T02:50:00Z,1787885400,0.937,0.93702,0.93696,0.93698,25,16,0
2026-08-28T02:55:00Z,1787885700,0.93698,0.93705,0.93698,0.93701,35,16,0
2026-08-28T03:00:00Z,1787886000,0.93701,0.93704,0.93697,0.93703,21,16,0
2026-08-28T03:05:00Z,1787886300,0.93703,0.93706,0.93702,0.93702,29,16,0
2026-08-28T03:10:00Z,1787886600,0.93704,0.93706,0.93701,0.93706,24,16,0
2026-08-28T03:15:00Z,1787886900,0.93706,0.93707,0.93703,0.93705,33,16,0
2026-08-28T03:20:00Z,1787887200,0.93705,0.93707,0.93704,0.93706,16,16,0
2026-08-28T03:25:00Z,1787887500,0.93706,0.93708,0.93705,0.93706,17,16,0
2026-08-28T03:30:00Z,1787887800,0.93707,0.93708,0.93703,0.93708,22,16,0
2026-08-28T03:35:00Z,1787888100,0.93708,0.93714,0.93708,0.93712,24,16,0
2026-08-28T03:40:00Z,1787888400,0.93712,0.93717,0.9371,0.9371,19,16,0
2026-08-28T03:45:00Z,1787888700,0.9371,0.93712,0.93708,0.9371,28,16,0
2026-08-28T03:50:00Z,1787889000,0.9371,0.93714,0.9371,0.93712,16,16,0
2026-08-28T03:55:00Z,1787889300,0.93711,0.93713,0.93709,0.93713,21,16,0
2026-08-28T04:00:00Z,1787889600,0.93714,0.93727,0.93714,0.93724,40,16,0
2026-08-28T04:05:00Z,1787889900,0.93724,0.93724,0.93719,0.93721,18,16,0
2026-08-28T04:10:00Z,1787890200,0.93721,0.93725,0.93721,0.93724,28,16,0
2026-08-28T04:15:00Z,1787890500,0.93724,0.93724,0.93719,0.93723,21,16,0
2026-08-28T04:20:00Z,1787890800,0.93723,0.93729,0.93723,0.93728,24,16,0
2026-08-28T04:25:00Z,1787891100,0.93728,0.9373,0.93727,0.93727,19,16,0
2026-08-28T04:30:00Z,1787891400,0.93728,0.93731,0.93728,0.9373,10,16,0
2026-08-28T04:35:00Z,1787891700,0.9373,0.93735,0.9373,0.93734,9,16,0
2026-08-28T04:40:00Z,1787892000,0.93734,0.93736,0.93732,0.93733,25,16,0
2026-08-28T04:45:00Z,1787892300,0.93733,0.93733,0.93731,0.93731,21,16,0
2026-08-28T04:50:00Z,1787892600,0.93731,0.93735,0.93731,0.93734,17,16,0
2026-08-28T04:55:00Z,1787892900,0.93734,0.93734,0.93731,0.93733,19,16,0
2026-08-28T05:00:00Z,1787893200,0.93733,0.93737,0.93729,0.93734,37,16,0
2026-08-28T05:05:00Z,1787893500,0.93733,0.93733,0.93725,0.93728,39,16,0
2026-08-28T05:10:00Z,1787893800,0.93728,0.93728,0.93714,0.93715,40,16,0
2026-08-28T05:15:00Z,1787894100,0.93715,0.93716,0.9371,0.93716,35,16,0
2026-08-28T05:20:00Z,1787894400,0.93716,0.93717,0.93709,0.93711,33,16,0
2026-08-28T05:25:00Z,1787894700,0.93711,0.93713,0.93708,0.93708,28,16,0
2026-08-28T05:30:00Z,1787895000,0.93708,0.93717,0.93707,0.93711,42,16,0
2026-08-28T05:35:00Z,1787895300,0.9371,0.93734,0.93708,0.93732,68,16,0
2026-08-28T05:40:00Z,1787895600,0.93734,0.93745,0.93733,0.93743,36,16,0
2026-08-28T05:45:00Z,1787895900,0.93744,0.93749,0.93735,0.93742,56,16,0
2026-08-28T05:50:00Z,1787896200,0.93742,0.93751,0.93739,0.93748,44,16,0
2026-08-28T05:55:00Z,1787896500,0.93748,0.93753,0.93743,0.93749,42,16,0
2026-08-28T06:00:00Z,1787896800,0.9375,0.93754,0.93738,0.9375,72,16,0
2026-08-28T06:05:00Z,1787897100,0.9375,0.93756,0.93743,0.93745,55,16,0
2026-08-28T06:10:00Z,1787897400,0.93745,0.93767,0.93745,0.93754,63,16,0
2026-08-28T06:15:00Z,1787897700,0.93754,0.93754,0.93738,0.93742,65,16,0
2026-08-28T06:20:00Z,1787898000,0.93743,0.93744,0.9373,0.93735,61,16,0
2026-08-28T06:25:00Z,1787898300,0.93736,0.93742,0.93733,0.93735,55,16,0
2026-08-28T06:30:00Z,1787898600,0.93736,0.93755,0.93733,0.93753,61,16,0
2026-08-28T06:35:00Z,1787898900,0.93753,0.93754,0.93742,0.93744,80,16,0
2026-08-28T06:40:00Z,1787899200,0.93744,0.93749,0.93736,0.93742,65,16,0
2026-08-28T06:45:00Z,1787899500,0.9374,0.93743,0.9373,0.93733,82,16,0
2026-08-28T06:50:00Z,1787899800,0.93733,0.93745,0.93729,0.93744,59,16,0
2026-08-28T06:55:00Z,1787900100,0.93744,0.93752,0.93742,0.93742,69,16,0
2026-08-28T07:00:00Z,1787900400,0.9374,0.93756,0.9373,0.93737,97,16,0
2026-08-28T07:05:00Z,1787900700,0.93737,0.93738,0.93727,0.93736,77,16,0
2026-08-28T07:10:00Z,1787901000,0.93735,0.93741,0.93726,0.93737,71,16,0
2026-08-28T07:15:00Z,1787901300,0.93736,0.93751,0.93734,0.93745,84,16,0
2026-08-28T07:20:00Z,1787901600,0.93745,0.9375,0.93743,0.93746,54,16,0
2026-08-28T07:25:00Z,1787901900,0.93745,0.93748,0.93739,0.93748,67,16,0
2026-08-28T07:30:00Z,1787902200,0.93748,0.93748,0.9373,0.93732,70,16,0
2026-08-28T07:35:00Z,1787902500,0.93732,0.93734,0.93722,0.93722,69,16,0
2026-08-28T07:40:00Z,1787902800,0.93722,0.93722,0.93705,0.93708,58,16,0
2026-08-28T07:45:00Z,1787903100,0.93708,0.93711,0.93698,0.93703,68,16,0
2026-08-28T07:50:00Z,1787903400,0.93703,0.93706,0.93697,0.93699,51,16,0
2026-08-28T07:55:00Z,1787903700,0.937,0.93712,0.93693,0.937,74,16,0
2026-08-28T08:00:00Z,1787904000,0.937,0.93714,0.93692,0.93714,83,16,0
2026-08-28T08:05:00Z,1787904300,0.93714,0.93717,0.93695,0.93696,62,16,0
2026-08-28T08:10:00Z,1787904600,0.93696,0.937,0.93685,0.93693,61,16,0
2026-08-28T08:15:00Z,1787904900,0.93693,0.93697,0.93688,0.93688,64,16,0
2026-08-28T08:20:00Z,1787905200,0.93688,0.93691,0.93681,0.93684,53,16,0
2026-08-28T08:25:00Z,1787905500,0.93684,0.93684,0.93664,0.93665,57,16,0
2026-08-28T08:30:00Z,1787905800,0.93665,0.93667,0.93649,0.93653,79,16,0
2026-08-28T08:35:00Z,1787906100,0.93651,0.93656,0.93641,0.93643,74,16,0
2026-08-28T08:40:00Z,1787906400,0.93643,0.93652,0.93637,0.93645,65,16,0
2026-08-28T08:45:00Z,1787906700,0.93644,0.93651,0.93624,0.93624,76,16,0
2026-08-28T08:50:00Z,1787907000,0.93625,0.93637,0.93624,0.93628,58,16,0
2026-08-28T08:55:00Z,1787907300,0.93628,0.93637,0.93623,0.93623,65,16,0
2026-08-28T09:00:00Z,1787907600,0.93624,0.93655,0.93623,0.93637,85,16,0
2026-08-28T09:05:00Z,1787907900,0.93636,0.93636,0.93606,0.93617,78,16,0
2026-08-28T09:10:00Z,1787908200,0.93617,0.93617,0.93597,0.93599,50,16,0
2026-08-28T09:15:00Z,1787908500,0.93599,0.93603,0.93582,0.93582,54,16,0
2026-08-28T09:20:00Z,1787908800,0.93582,0.93611,0.93581,0.93593,89,16,0
2026-08-28T09:25:00Z,1787909100,0.93594,0.93618,0.93594,0.93601,91,16,0
2026-08-28T09:30:00Z,1787909400,0.93599,0.93611,0.9358,0.9358,84,16,0
2026-08-28T09:35:00Z,1787909700,0.93579,0.93583,0.93564,0.9357,59,16,0
2026-08-28T09:40:00Z,1787910000,0.9357,0.93582,0.93566,0.93569,63,16,0
2026-08-28T09:45:00Z,1787910300,0.9357,0.93577,0.93566,0.93574,66,16,0
2026-08-28T09:50:00Z,1787910600,0.93574,0.93577,0.93559,0.93565,69,16,0
2026-08-28T09:55:00Z,1787910900,0.93566,0.93598,0.93564,0.93598,95,16,0
2026-08-28T10:00:00Z,1787911200,0.93598,0.93608,0.93566,0.93573,91,16,0
2026-08-28T10:05:00Z,1787911500,0.93573,0.93573,0.93555,0.93561,74,16,0
2026-08-28T10:10:00Z,1787911800,0.93559,0.9356,0.93544,0.93544,78,16,0
2026-08-28T10:15:00Z,1787912100,0.93544,0.93559,0.93544,0.93549,68,16,0
2026-08-28T10:20:00Z,1787912400,0.9355,0.93568,0.9355,0.93568,80,16,0
2026-08-28T10:25:00Z,1787912700,0.93568,0.93575,0.93561,0.93571,77,16,0
2026-08-28T10:30:00Z,1787913000,0.93573,0.93573,0.93553,0.93558,80,16,0
2026-08-28T10:35:00Z,1787913300,0.93558,0.93563,0.9355,0.93556,58,16,0
2026-08-28T10:40:00Z,1787913600,0.93556,0.9356,0.93549,0.93553,70,16,0
2026-08-28T10:45:00Z,1787913900,0.93553,0.93563,0.93552,0.93553,56,16,0
2026-08-28T10:50:00Z,1787914200,0.93553,0.93559,0.93546,0.93555,70,16,0
2026-08-28T10:55:00Z,1787914500,0.93554,0.93572,0.93553,0.93566,84,16,0
2026-08-28T11:00:00Z,1787914800,0.93567,0.93581,0.93563,0.93577,89,16,0
2026-08-28T11:05:00Z,1787915100,0.93577,0.93583,0.93571,0.93582,61,16,0
2026-08-28T11:10:00Z,1787915400,0.93581,0.93583,0.93575,0.93576,61,16,0
2026-08-28T11:15:00Z,1787915700,0.93576,0.93593,0.93573,0.93593,65,16,0
2026-08-28T11:20:00Z,1787916000,0.93593,0.93607,0.93584,0.93605,83,16,0
2026-08-28T11:25:00Z,1787916300,0.93605,0.93615,0.93598,0.93606,77,16,0
2026-08-28T11:30:00Z,1787916600,0.93606,0.93613,0.93602,0.93612,57,16,0
2026-08-28T11:35:00Z,1787916900,0.93612,0.93616,0.93608,0.93613,45,16,0
2026-08-28T11:40:00Z,1787917200,0.93613,0.93634,0.93613,0.93629,58,16,0
2026-08-28T11:45:00Z,1787917500,0.93629,0.93631,0.93612,0.93613,58,16,0
2026-08-28T11:50:00Z,1787917800,0.93613,0.93617,0.93603,0.93609,57,16,0
2026-08-28T11:55:00Z,1787918100,0.93609,0.93614,0.93595,0.93599,65,16,0
2026-08-28T12:00:00Z,1787918400,0.93599,0.93609,0.93595,0.93605,79,16,0
2026-08-28T12:05:00Z,1787918700,0.93608,0.93636,0.93605,0.93635,83,16,0
2026-08-28T12:10:00Z,1787919000,0.93635,0.93647,0.93617,0.93622,89,16,0
2026-08-28T12:15:00Z,1787919300,0.93621,0.93626,0.93615,0.93618,69,16,0
2026-08-28T12:20:00Z,1787919600,0.93618,0.93628,0.93615,0.93623,86,16,0
2026-08-28T12:25:00Z,1787919900,0.93623,0.93643,0.93619,0.93642,76,16,0
2026-08-28T12:30:00Z,1787920200,0.93643,0.93643,0.93624,0.93641,73,16,0
2026-08-28T12:35:00Z,1787920500,0.93641,0.93649,0.93633,0.93643,83,16,0
2026-08-28T12:40:00Z,1787920800,0.93643,0.93648,0.9363,0.93634,73,16,0
2026-08-28T12:45:00Z,1787921100,0.93634,0.93634,0.93619,0.93632,99,16,0
2026-08-28T12:50:00Z,1787921400,0.93633,0.93635,0.93621,0.93629,80,16,0
2026-08-28T12:55:00Z,1787921700,0.93629,0.93635,0.93621,0.93631,125,16,0
2026-08-28T13:00:00Z,1787922000,0.93631,0.93641,0.93623,0.93624,92,16,0
2026-08-28T13:05:00Z,1787922300,0.93624,0.93647,0.93624,0.93641,80,16,0
2026-08-28T13:10:00Z,1787922600,0.93642,0.93646,0.93634,0.93645,69,16,0
2026-08-28T13:15:00Z,1787922900,0.93644,0.93659,0.93642,0.93655,74,16,0
2026-08-28T13:20:00Z,1787923200,0.93655,0.93659,0.93643,0.93658,77,16,0
2026-08-28T13:25:00Z,1787923500,0.93658,0.9366,0.93628,0.93631,86,16,0
2026-08-28T13:30:00Z,1787923800,0.93628,0.93647,0.93625,0.93636,99,16,0
2026-08-28T13:35:00Z,1787924100,0.93637,0.93644,0.93626,0.93634,75,16,0
2026-08-28T13:40:00Z,1787924400,0.93633,0.93639,0.9362,0.93626,91,16,0
2026-08-28T13:45:00Z,1787924700,0.93624,0.93639,0.93621,0.93637,73,16,0
2026-08-28T13:50:00Z,1787925000,0.93639,0.93651,0.93636,0.93642,83,16,0
2026-08-28T13:55:00Z,1787925300,0.93641,0.93643,0.93605,0.9364,110,16,0
2026-08-28T14:00:00Z,1787925600,0.9364,0.93692,0.93569,0.93636,487,16,0
2026-08-28T14:05:00Z,1787925900,0.93634,0.93717,0.93626,0.93684,289,16,0
2026-08-28T14:10:00Z,1787926200,0.93684,0.93744,0.93684,0.93733,237,16,0
2026-08-28T14:15:00Z,1787926500,0.93735,0.93748,0.93694,0.93707,233,16,0
2026-08-28T14:20:00Z,1787926800,0.93709,0.93733,0.93706,0.93707,207,16,0
2026-08-28T14:25:00Z,1787927100,0.93706,0.93747,0.93702,0.93723,199,16,0
2026-08-28T14:30:00Z,1787927400,0.93721,0.9374,0.93695,0.93713,237,16,0
2026-08-28T14:35:00Z,1787927700,0.93714,0.9376,0.93702,0.93755,214,16,0
2026-08-28T14:40:00Z,1787928000,0.93753,0.93764,0.93736,0.93748,203,16,0
2026-08-28T14:45:00Z,1787928300,0.93749,0.93766,0.93736,0.9375,169,16,0
2026-08-28T14:50:00Z,1787928600,0.93751,0.93765,0.93749,0.93757,175,16,0
2026-08-28T14:55:00Z,1787928900,0.93754,0.93791,0.93751,0.93758,224,16,0
2026-08-28T15:00:00Z,1787929200,0.9376,0.93765,0.93746,0.93756,193,16,0
2026-08-28T15:05:00Z,1787929500,0.93756,0.93771,0.9375,0.93765,159,16,0
2026-08-28T15:10:00Z,1787929800,0.93765,0.93784,0.9376,0.93782,146,16,0
2026-08-28T15:15:00Z,1787930100,0.93782,0.93789,0.9377,0.93785,138,16,0
2026-08-28T15:20:00Z,1787930400,0.93785,0.93788,0.93748,0.93748,139,16,0
2026-08-28T15:25:00Z,1787930700,0.93748,0.93766,0.93744,0.93749,135,16,0
2026-08-28T15:30:00Z,1787931000,0.93749,0.9377,0.93738,0.9376,146,16,0
2026-08-28T15:35:00Z,1787931300,0.93758,0.93763,0.93748,0.9375,122,16,0
2026-08-28T15:40:00Z,1787931600,0.9375,0.93777,0.9375,0.93768,116,16,0
2026-08-28T15:45:00Z,1787931900,0.93768,0.9378,0.93754,0.9378,138,16,0
2026-08-28T15:50:00Z,1787932200,0.9378,0.93792,0.93775,0.93783,117,16,0
2026-08-28T15:55:00Z,1787932500,0.93783,0.93784,0.93759,0.9376,112,16,0
2026-08-28T16:00:00Z,1787932800,0.9376,0.93767,0.93747,0.93752,121,16,0
2026-08-28T16:05:00Z,1787933100,0.93751,0.93759,0.93745,0.93754,102,16,0
2026-08-28T16:10:00Z,1787933400,0.93754,0.93779,0.93753,0.93769,119,16,0
2026-08-28T16:15:00Z,1787933700,0.93769,0.93793,0.93769,0.93793,129,16,0
2026-08-28T16:20:00Z,1787934000,0.93793,0.93806,0.93788,0.93803,120,16,0
2026-08-28T16:25:00Z,1787934300,0.93802,0.93802,0.93784,0.93786,122,16,0
2026-08-28T16:30:00Z,1787934600,0.93786,0.93799,0.9378,0.93794,107,16,0
2026-08-28T16:35:00Z,1787934900,0.93795,0.93795,0.93774,0.93777,91,16,0
2026-08-28T16:40:00Z,1787935200,0.93777,0.93789,0.93775,0.93781,94,16,0
2026-08-28T16:45:00Z,1787935500,0.93781,0.93781,0.93765,0.93769,65,16,0
2026-08-28T16:50:00Z,1787935800,0.9377,0.93771,0.93748,0.93757,125,16,0
2026-08-28T16:55:00Z,1787936100,0.93756,0.9377,0.93748,0.93768,96,16,0
2026-08-28T17:00:00Z,1787936400,0.93769,0.93773,0.9375,0.9376,84,16,0
2026-08-28T17:05:00Z,1787936700,0.9376,0.93762,0.9375,0.93753,73,16,0
2026-08-28T17:10:00Z,1787937000,0.93753,0.93753,0.93737,0.93739,85,16,0
2026-08-28T17:15:00Z,1787937300,0.93739,0.93757,0.93739,0.93755,68,16,0
2026-08-28T17:20:00Z,1787937600,0.93754,0.93755,0.93748,0.93753,50,16,0
2026-08-28T17:25:00Z,1787937900,0.93753,0.93757,0.93748,0.93755,56,16,0
2026-08-28T17:30:00Z,1787938200,0.93755,0.93762,0.93752,0.93757,45,16,0
2026-08-28T17:35:00Z,1787938500,0.93757,0.93766,0.93755,0.93765,64,16,0
2026-08-28T17:40:00Z,1787938800,0.93765,0.93765,0.93744,0.93746,72,16,0
2026-08-28T17:45:00Z,1787939100,0.93745,0.93746,0.93739,0.93744,64,16,0
2026-08-28T17:50:00Z,1787939400,0.93744,0.93755,0.93743,0.93747,64,16,0
2026-08-28T17:55:00Z,1787939700,0.93747,0.93762,0.93747,0.93755,57,16,0
2026-08-28T18:00:00Z,1787940000,0.93756,0.93763,0.93752,0.9376,63,16,0
2026-08-28T18:05:00Z,1787940300,0.9376,0.93761,0.93745,0.9375,82,16,0
2026-08-28T18:10:00Z,1787940600,0.9375,0.93755,0.9375,0.93753,51,16,0
2026-08-28T18:15:00Z,1787940900,0.93753,0.93754,0.93747,0.93748,54,16,0
2026-08-28T18:20:00Z,1787941200,0.93748,0.9375,0.9374,0.93744,57,16,0
2026-08-28T18:25:00Z,1787941500,0.93744,0.93748,0.93742,0.93746,57,16,0
2026-08-28T18:30:00Z,1787941800,0.93747,0.93749,0.93741,0.93744,51,16,0
2026-08-28T18:35:00Z,1787942100,0.93744,0.9375,0.93743,0.93747,52,16,0
2026-08-28T18:40:00Z,1787942400,0.93747,0.93749,0.9374,0.93743,47,16,0
2026-08-28T18:45:00Z,1787942700,0.93743,0.93744,0.93739,0.9374,43,16,0
2026-08-28T18:50:00Z,1787943000,0.9374,0.93756,0.9374,0.93756,48,16,0
2026-08-28T18:55:00Z,1787943300,0.93755,0.93759,0.9375,0.9375,72,16,0
2026-08-28T19:00:00Z,1787943600,0.9375,0.93764,0.9375,0.93764,75,16,0
2026-08-28T19:05:00Z,1787943900,0.93764,0.93771,0.93761,0.93767,50,16,0
2026-08-28T19:10:00Z,1787944200,0.93767,0.93774,0.93765,0.93772,52,16,0
2026-08-28T19:15:00Z,1787944500,0.93772,0.93772,0.93766,0.93768,39,16,0
2026-08-28T19:20:00Z,1787944800,0.93768,0.93769,0.93758,0.9376,40,16,0
2026-08-28T19:25:00Z,1787945100,0.9376,0.93761,0.93758,0.9376,31,16,0
2026-08-28T19:30:00Z,1787945400,0.93759,0.93766,0.93759,0.93766,54,16,0
2026-08-28T19:35:00Z,1787945700,0.93766,0.93769,0.93761,0.93761,48,16,0
2026-08-28T19:40:00Z,1787946000,0.93761,0.9377,0.93761,0.93768,41,16,0
2026-08-28T19:45:00Z,1787946300,0.93768,0.93769,0.93761,0.93764,41,16,0
2026-08-28T19:50:00Z,1787946600,0.93765,0.93765,0.93758,0.9376,32,16,0
2026-08-28T19:55:00Z,1787946900,0.9376,0.9376,0.93739,0.93744,75,16,0
2026-08-28T20:00:00Z,1787947200,0.93743,0.93755,0.93741,0.93754,50,16,0
2026-08-28T20:05:00Z,1787947500,0.93754,0.93756,0.93752,0.93753,31,16,0
2026-08-28T20:10:00Z,1787947800,0.93753,0.93758,0.93752,0.93753,31,16,0
2026-08-28T20:15:00Z,1787948100,0.93753,0.93756,0.93749,0.93749,28,16,0
2026-08-28T20:20:00Z,1787948400,0.93749,0.93777,0.93749,0.93777,41,16,0
2026-08-28T20:25:00Z,1787948700,0.93777,0.9378,0.93776,0.93776,26,16,0
2026-08-28T20:30:00Z,1787949000,0.93777,0.93777,0.93765,0.93769,27,16,0
2026-08-28T20:35:00Z,1787949300,0.9377,0.9377,0.9376,0.93766,26,16,0
2026-08-28T20:40:00Z,1787949600,0.93767,0.93777,0.93767,0.93774,58,16,0
2026-08-28T20:45:00Z,1787949900,0.93774,0.93774,0.93764,0.93765,25,16,0
2026-08-28T20:50:00Z,1787950200,0.93764,0.93771,0.93732,0.93732,55,16,0
2026-08-28T20:55:00Z,1787950500,0.93733,0.93744,0.93733,0.93744,59,16,0
