time_utc,time,open,high,low,close,tick_volume,spread,real_volume
2026-08-02T21:00:00+00:00,1785704400,1.3492,1.3492,1.34817,1.34824,108,47,0
2026-08-02T21:15:00+00:00,1785705300,1.34824,1.3485800000000001,1.3482,1.3485800000000001,94,75,0
2026-08-02T21:30:00+00:00,1785706200,1.34857,1.3489499999999999,1.34786,1.34886,211,48,0
2026-08-02T21:45:00+00:00,1785707100,1.34887,1.34903,1.34771,1.34857,224,47,0
2026-08-02T22:00:00+00:00,1785708000,1.34879,1.35059,1.34879,1.35046,565,10,0
2026-08-02T22:15:00+00:00,1785708900,1.35042,1.3505099999999999,1.34964,1.34997,588,10,0
2026-08-02T22:30:00+00:00,1785709800,1.34998,1.35004,1.34937,1.34954,511,10,0
2026-08-02T22:45:00+00:00,1785710700,1.34951,1.34991,1.34936,1.3495300000000001,352,10,0
2026-08-02T23:00:00+00:00,1785711600,1.34951,1.34974,1.3489900000000001,1.34916,595,10,0
2026-08-02T23:15:00+00:00,1785712500,1.34916,1.34924,1.3489,1.34916,415,10,0
2026-08-02T23:30:00+00:00,1785713400,1.34916,1.34933,1.34879,1.3492199999999999,470,10,0
2026-08-02T23:45:00+00:00,1785714300,1.34921,1.3492899999999999,1.34897,1.34906,483,10,0
2026-08-03T00:00:00+00:00,1785715200,1.34909,1.34911,1.34826,1.34836,765,10,0
2026-08-03T00:15:00+00:00,1785716100,1.3483800000000001,1.3496299999999999,1.3483100000000001,1.3494,956,10,0
2026-08-03T00:30:00+00:00,1785717000,1.34938,1.35025,1.3492199999999999,1.35004,1673,10,0
2026-08-03T00:45:00+00:00,1785717900,1.35008,1.35018,1.34853,1.34871,1576,10,0
2026-08-03T01:00:00+00:00,1785718800,1.34872,1.34914,1.34753,1.34753,1408,10,0
2026-08-03T01:15:00+00:00,1785719700,1.34753,1.3477299999999999,1.34705,1.34724,818,10,0
2026-08-03T01:30:00+00:00,1785720600,1.34722,1.34748,1.34703,1.3473600000000001,811,10,0
2026-08-03T01:45:00+00:00,1785721500,1.3473600000000001,1.3474,1.34697,1.34734,569,10,0
2026-08-03T02:00:00+00:00,1785722400,1.34735,1.34764,1.347,1.34704,558,10,0
2026-08-03T02:15:00+00:00,1785723300,1.34705,1.34737,1.3468499999999999,1.34711,580,10,0
2026-08-03T02:30:00+00:00,1785724200,1.3470900000000001,1.34754,1.34706,1.34707,495,10,0
2026-08-03T02:45:00+00:00,1785725100,1.34708,1.34718,1.3468,1.34696,519,10,0
2026-08-03T03:00:00+00:00,1785726000,1.34695,1.34707,1.34656,1.3467799999999999,560,10,0
2026-08-03T03:15:00+00:00,1785726900,1.3467799999999999,1.34686,1.3465099999999999,1.34676,493,10,0
2026-08-03T03:30:00+00:00,1785727800,1.3467500000000001,1.34679,1.34634,1.34653,551,10,0
2026-08-03T03:45:00+00:00,1785728700,1.34652,1.34679,1.34646,1.34671,432,10,0
2026-08-03T04:00:00+00:00,1785729600,1.34671,1.34698,1.34662,1.34687,464,10,0
2026-08-03T04:15:00+00:00,1785730500,1.34687,1.34698,1.34669,1.3468499999999999,402,10,0
2026-08-03T04:30:00+00:00,1785731400,1.3468499999999999,1.3473,1.3467500000000001,1.3473,411,10,0
2026-08-03T04:45:00+00:00,1785732300,1.34731,1.34731,1.34694,1.34718,343,10,0
2026-08-03T05:00:00+00:00,1785733200,1.34718,1.3473899999999999,1.34691,1.3471600000000001,392,10,0
2026-08-03T05:15:00+00:00,1785734100,1.34715,1.34721,1.34702,1.3472,295,10,0
2026-08-03T05:30:00+00:00,1785735000,1.3472,1.34757,1.34715,1.34751,471,10,0
2026-08-03T05:45:00+00:00,1785735900,1.34751,1.34776,1.34724,1.34756,395,10,0
2026-08-03T06:00:00+00:00,1785736800,1.34756,1.34776,1.34722,1.34729,614,10,0
2026-08-03T06:15:00+00:00,1785737700,1.3473,1.34748,1.34687,1.3471600000000001,686,10,0
2026-08-03T06:30:00+00:00,1785738600,1.34718,1.34724,1.34583,1.34595,818,10,0
2026-08-03T06:45:00+00:00,1785739500,1.3459400000000001,1.34631,1.34571,1.34599,711,10,0
2026-08-03T07:00:00+00:00,1785740400,1.34601,1.34646,1.34576,1.34641,803,10,0
2026-08-03T07:15:00+00:00,1785741300,1.34642,1.34657,1.3452600000000001,1.34635,884,10,0
2026-08-03T07:30:00+00:00,1785742200,1.34636,1.34699,1.34626,1.34653,702,10,0
2026-08-03T07:45:00+00:00,1785743100,1.34649,1.34656,1.34586,1.34605,759,10,0
2026-08-03T08:00:00+00:00,1785744000,1.34606,1.3462100000000001,1.34558,1.34608,630,10,0
2026-08-03T08:15:00+00:00,1785744900,1.34608,1.34611,1.34555,1.34566,625,10,0
2026-08-03T08:30:00+00:00,1785745800,1.34567,1.34612,1.3455300000000001,1.34585,636,10,0
2026-08-03T08:45:00+00:00,1785746700,1.34586,1.34588,1.3453300000000001,1.34544,611,10,0
2026-08-03T09:00:00+00:00,1785747600,1.34541,1.34573,1.34493,1.34539,661,10,0
2026-08-03T09:15:00+00:00,1785748500,1.34535,1.34551,1.3449,1.34538,705,10,0
2026-08-03T09:30:00+00:00,1785749400,1.34539,1.34567,1.34505,1.34565,597,10,0
2026-08-03T09:45:00+00:00,1785750300,1.3456299999999999,1.34588,1.3449200000000001,1.34494,617,10,0
2026-08-03T10:00:00+00:00,1785751200,1.3449499999999999,1.34539,1.34473,1.34528,596,10,0
2026-08-03T10:15:00+00:00,1785752100,1.34527,1.34572,1.34481,1.34562,652,10,0
2026-08-03T10:30:00+00:00,1785753000,1.3456299999999999,1.34619,1.34542,1.34595,544,10,0
2026-08-03T10:45:00+00:00,1785753900,1.34595,1.34622,1.34554,1.3458999999999999,622,10,0
2026-08-03T11:00:00+00:00,1785754800,1.34588,1.34647,1.34588,1.34645,541,10,0
2026-08-03T11:15:00+00:00,1785755700,1.34645,1.34645,1.34549,1.34582,619,10,0
2026-08-03T11:30:00+00:00,1785756600,1.34585,1.3463,1.34569,1.34623,476,10,0
2026-08-03T11:45:00+00:00,1785757500,1.34623,1.3467500000000001,1.3461699999999999,1.34674,635,10,0
2026-08-03T12:00:00+00:00,1785758400,1.34672,1.347,1.34639,1.34659,701,10,0
2026-08-03T12:15:00+00:00,1785759300,1.3466,1.34674,1.34613,1.3462,624,10,0
2026-08-03T12:30:00+00:00,1785760200,1.3462100000000001,1.3471199999999999,1.34595,1.3461,668,10,0
2026-08-03T12:45:00+00:00,1785761100,1.3461,1.34653,1.34577,1.34636,754,10,0
2026-08-03T13:00:00+00:00,1785762000,1.34637,1.34669,1.3459699999999999,1.34602,873,10,0
2026-08-03T13:15:00+00:00,1785762900,1.34605,1.34653,1.34575,1.34653,924,10,0
2026-08-03T13:30:00+00:00,1785763800,1.3465099999999999,1.3465099999999999,1.34536,1.3455599999999999,1004,10,0
2026-08-03T13:45:00+00:00,1785764700,1.34554,1.34557,1.3447,1.34522,930,10,0
2026-08-03T14:00:00+00:00,1785765600,1.34514,1.3456000000000001,1.34444,1.34445,1041,10,0
2026-08-03T14:15:00+00:00,1785766500,1.34445,1.34547,1.34442,1.3449499999999999,1150,10,0
2026-08-03T14:30:00+00:00,1785767400,1.34493,1.34524,1.34422,1.3446500000000001,977,10,0
2026-08-03T14:45:00+00:00,1785768300,1.34466,1.3449499999999999,1.34371,1.34371,1108,10,0
2026-08-03T15:00:00+00:00,1785769200,1.34375,1.3437700000000001,1.34243,1.34266,1022,10,0
2026-08-03T15:15:00+00:00,1785770100,1.34267,1.34294,1.34232,1.34246,844,10,0
2026-08-03T15:30:00+00:00,1785771000,1.34247,1.34295,1.3422100000000001,1.34257,947,10,0
2026-08-03T15:45:00+00:00,1785771900,1.3425799999999999,1.3434300000000001,1.34243,1.34334,756,10,0
2026-08-03T16:00:00+00:00,1785772800,1.34338,1.3436,1.34301,1.3431199999999999,681,10,0
2026-08-03T16:15:00+00:00,1785773700,1.34313,1.34314,1.3425799999999999,1.34266,661,10,0
2026-08-03T16:30:00+00:00,1785774600,1.34265,1.34302,1.34242,1.34284,468,10,0
2026-08-03T16:45:00+00:00,1785775500,1.34284,1.3429,1.34244,1.34252,473,10,0
2026-08-03T17:00:00+00:00,1785776400,1.34253,1.3427,1.34232,1.3425799999999999,521,10,0
2026-08-03T17:15:00+00:00,1785777300,1.3425500000000001,1.3425500000000001,1.34215,1.34241,529,10,0
2026-08-03T17:30:00+00:00,1785778200,1.34241,1.34254,1.34218,1.34226,444,10,0
2026-08-03T17:45:00+00:00,1785779100,1.34225,1.3425099999999999,1.34182,1.34191,468,10,0
2026-08-03T18:00:00+00:00,1785780000,1.3418999999999999,1.34226,1.3417,1.34206,502,10,0
2026-08-03T18:15:00+00:00,1785780900,1.34206,1.3427,1.34206,1.34259,530,10,0
2026-08-03T18:30:00+00:00,1785781800,1.34259,1.3429,1.34244,1.3429,466,10,0
2026-08-03T18:45:00+00:00,1785782700,1.3429,1.3432,1.34276,1.34306,564,10,0
2026-08-03T19:00:00+00:00,1785783600,1.34308,1.3433899999999999,1.34298,1.34326,491,10,0
2026-08-03T19:15:00+00:00,1785784500,1.34326,1.34341,1.3431600000000001,1.34327,387,10,0
2026-08-03T19:30:00+00:00,1785785400,1.34327,1.34327,1.34302,1.3431899999999999,369,10,0
2026-08-03T19:45:00+00:00,1785786300,1.3431600000000001,1.34332,1.343,1.34307,372,10,0
2026-08-03T20:00:00+00:00,1785787200,1.34306,1.34328,1.34286,1.34289,319,10,0
2026-08-03T20:15:00+00:00,1785788100,1.3429,1.34314,1.3427799999999999,1.34288,249,10,0
2026-08-03T20:30:00+00:00,1785789000,1.3428499999999999,1.34315,1.34284,1.34306,186,10,0
2026-08-03T20:45:00+00:00,1785789900,1.34306,1.34338,1.34298,1.34331,219,10,0
2026-08-03T21:00:00+00:00,1785790800,1.34332,1.34332,1.34256,1.34274,101,18,0
2026-08-03T21:15:00+00:00,1785791700,1.34276,1.34276,1.34222,1.34235,137,81,0
2026-08-03T21:30:00+00:00,1785792600,1.34233,1.34252,1.34228,1.3424800000000001,366,114,0
2026-08-03T21:45:00+00:00,1785793500,1.3425,1.34267,1.34228,1.34264,322,80,0
2026-08-03T22:00:00+00:00,1785794400,1.34276,1.34314,1.34267,1.34279,141,10,0
2026-08-03T22:15:00+00:00,1785795300,1.34279,1.34299,1.34277,1.34279,163,10,0
2026-08-03T22:30:00+00:00,1785796200,1.34279,1.34298,1.34274,1.34294,231,10,0
2026-08-03T22:45:00+00:00,1785797100,1.34295,1.34306,1.34288,1.34297,158,10,0
2026-08-03T23:00:00+00:00,1785798000,1.34298,1.34306,1.34286,1.34299,162,10,0
2026-08-03T23:15:00+00:00,1785798900,1.34299,1.3431,1.34284,1.34287,139,10,0
2026-08-03T23:30:00+00:00,1785799800,1.34287,1.34292,1.3425500000000001,1.34263,252,10,0
2026-08-03T23:45:00+00:00,1785800700,1.34262,1.3428200000000001,1.34239,1.34266,422,10,0
2026-08-04T00:00:00+00:00,1785801600,1.34266,1.34318,1.34253,1.3427,692,10,0
2026-08-04T00:15:00+00:00,1785802500,1.34269,1.34301,1.34264,1.34281,540,10,0
2026-08-04T00:30:00+00:00,1785803400,1.3428200000000001,1.34323,1.34272,1.3430900000000001,535,10,0
2026-08-04T00:45:00+00:00,1785804300,1.3430900000000001,1.3430900000000001,1.34232,1.3424,694,10,0
2026-08-04T01:00:00+00:00,1785805200,1.34238,1.34244,1.34196,1.3423,649,10,0
2026-08-04T01:15:00+00:00,1785806100,1.34231,1.34269,1.34228,1.3424800000000001,515,10,0
2026-08-04T01:30:00+00:00,1785807000,1.3425,1.34308,1.3424800000000001,1.34307,635,10,0
2026-08-04T01:45:00+00:00,1785807900,1.3430900000000001,1.3431,1.34273,1.34274,566,10,0
2026-08-04T02:00:00+00:00,1785808800,1.34273,1.34315,1.3425,1.34299,561,10,0
2026-08-04T02:15:00+00:00,1785809700,1.343,1.34315,1.34253,1.34272,483,10,0
2026-08-04T02:30:00+00:00,1785810600,1.34273,1.343,1.34262,1.34298,449,10,0
2026-08-04T02:45:00+00:00,1785811500,1.34297,1.34323,1.34259,1.34265,472,10,0
2026-08-04T03:00:00+00:00,1785812400,1.34265,1.3430900000000001,1.3425799999999999,1.34269,470,10,0
2026-08-04T03:15:00+00:00,1785813300,1.34269,1.34313,1.34263,1.34306,487,10,0
2026-08-04T03:30:00+00:00,1785814200,1.34305,1.34327,1.34243,1.34256,561,10,0
2026-08-04T03:45:00+00:00,1785815100,1.3425500000000001,1.34277,1.3424800000000001,1.34257,468,10,0
2026-08-04T04:00:00+00:00,1785816000,1.34254,1.34267,1.34232,1.34249,405,10,0
2026-08-04T04:15:00+00:00,1785816900,1.34249,1.34263,1.34244,1.34245,317,10,0
2026-08-04T04:30:00+00:00,1785817800,1.34245,1.34256,1.34231,1.34239,341,10,0
2026-08-04T04:45:00+00:00,1785818700,1.34239,1.3427,1.34238,1.34257,349,10,0
2026-08-04T05:00:00+00:00,1785819600,1.34259,1.34259,1.34211,1.3421699999999999,402,10,0
2026-08-04T05:15:00+00:00,1785820500,1.3421699999999999,1.3425,1.34205,1.34245,403,10,0
2026-08-04T05:30:00+00:00,1785821400,1.34245,1.34266,1.34199,1.3421,476,10,0
2026-08-04T05:45:00+00:00,1785822300,1.34212,1.34261,1.3418999999999999,1.34247,528,10,0
2026-08-04T06:00:00+00:00,1785823200,1.34243,1.34275,1.34227,1.34275,719,10,0
2026-08-04T06:15:00+00:00,1785824100,1.34275,1.3432,1.34252,1.34274,687,10,0
2026-08-04T06:30:00+00:00,1785825000,1.34273,1.3432,1.34263,1.3427799999999999,624,10,0
2026-08-04T06:45:00+00:00,1785825900,1.3427799999999999,1.34296,1.34263,1.3427799999999999,628,10,0
2026-08-04T07:00:00+00:00,1785826800,1.34281,1.3433,1.34269,1.34317,874,10,0
2026-08-04T07:15:00+00:00,1785827700,1.34317,1.34385,1.34303,1.34338,788,10,0
2026-08-04T07:30:00+00:00,1785828600,1.34337,1.34372,1.34326,1.34337,686,10,0
2026-08-04T07:45:00+00:00,1785829500,1.34337,1.34381,1.34313,1.34358,578,10,0
2026-08-04T08:00:00+00:00,1785830400,1.34357,1.34387,1.34322,1.34334,572,10,0
2026-08-04T08:15:00+00:00,1785831300,1.34334,1.34399,1.34322,1.34386,578,10,0
2026-08-04T08:30:00+00:00,1785832200,1.34385,1.34405,1.34334,1.34398,602,10,0
2026-08-04T08:45:00+00:00,1785833100,1.34401,1.3442,1.34352,1.34419,614,10,0
2026-08-04T09:00:00+00:00,1785834000,1.34417,1.34422,1.34354,1.34392,622,10,0
2026-08-04T09:15:00+00:00,1785834900,1.34393,1.34427,1.3437700000000001,1.34417,507,10,0
2026-08-04T09:30:00+00:00,1785835800,1.34419,1.34421,1.34383,1.34389,518,10,0
2026-08-04T09:45:00+00:00,1785836700,1.34388,1.34425,1.3437000000000001,1.34409,496,10,0
2026-08-04T10:00:00+00:00,1785837600,1.34412,1.34445,1.34399,1.34433,518,10,0
2026-08-04T10:15:00+00:00,1785838500,1.3443100000000001,1.3443100000000001,1.34386,1.34392,488,10,0
2026-08-04T10:30:00+00:00,1785839400,1.34393,1.3446500000000001,1.34368,1.34433,573,10,0
2026-08-04T10:45:00+00:00,1785840300,1.34436,1.34482,1.34414,1.34422,860,10,0
2026-08-04T11:00:00+00:00,1785841200,1.34422,1.34446,1.34399,1.34435,567,10,0
2026-08-04T11:15:00+00:00,1785842100,1.34435,1.3449200000000001,1.3443,1.34491,543,10,0
2026-08-04T11:30:00+00:00,1785843000,1.34493,1.34544,1.34475,1.34516,846,10,0
2026-08-04T11:45:00+00:00,1785843900,1.34519,1.34522,1.3444,1.34461,938,10,0
2026-08-04T12:00:00+00:00,1785844800,1.34462,1.3449,1.3443800000000001,1.34457,753,10,0
2026-08-04T12:15:00+00:00,1785845700,1.34459,1.34489,1.34439,1.34446,575,10,0
2026-08-04T12:30:00+00:00,1785846600,1.34446,1.34538,1.34446,1.34516,589,10,0
2026-08-04T12:45:00+00:00,1785847500,1.3452,1.3452,1.3441100000000001,1.34423,716,10,0
2026-08-04T13:00:00+00:00,1785848400,1.34423,1.34437,1.34382,1.34414,635,10,0
2026-08-04T13:15:00+00:00,1785849300,1.34417,1.34504,1.34372,1.34423,1147,10,0
2026-08-04T13:30:00+00:00,1785850200,1.34425,1.3449900000000001,1.34418,1.34489,986,10,0
2026-08-04T13:45:00+00:00,1785851100,1.34491,1.34521,1.34442,1.3446799999999999,898,10,0
2026-08-04T14:00:00+00:00,1785852000,1.34469,1.3455,1.34461,1.34511,813,10,0
2026-08-04T14:15:00+00:00,1785852900,1.34511,1.34551,1.34491,1.3451,747,10,0
2026-08-04T14:30:00+00:00,1785853800,1.34511,1.34535,1.34467,1.34503,801,10,0
2026-08-04T14:45:00+00:00,1785854700,1.34507,1.34508,1.34421,1.34469,847,10,0
2026-08-04T15:00:00+00:00,1785855600,1.3447,1.34486,1.3443399999999999,1.34436,754,10,0
2026-08-04T15:15:00+00:00,1785856500,1.34436,1.34462,1.34413,1.34457,654,10,0
2026-08-04T15:30:00+00:00,1785857400,1.34455,1.34508,1.34415,1.3449499999999999,832,10,0
2026-08-04T15:45:00+00:00,1785858300,1.34496,1.3455,1.34483,1.34535,652,10,0
2026-08-04T16:00:00+00:00,1785859200,1.34537,1.34555,1.34474,1.34523,613,10,0
2026-08-04T16:15:00+00:00,1785860100,1.34525,1.3453300000000001,1.3449200000000001,1.34506,592,10,0
2026-08-04T16:30:00+00:00,1785861000,1.34506,1.34508,1.34463,1.34488,451,10,0
2026-08-04T16:45:00+00:00,1785861900,1.34489,1.34501,1.34451,1.34459,499,10,0
2026-08-04T17:00:00+00:00,1785862800,1.34458,1.34483,1.34435,1.34462,520,10,0
2026-08-04T17:15:00+00:00,1785863700,1.34462,1.3446500000000001,1.34414,1.34419,512,10,0
2026-08-04T17:30:00+00:00,1785864600,1.34419,1.34455,1.34403,1.34448,447,10,0
2026-08-04T17:45:00+00:00,1785865500,1.3445,1.34455,1.3443,1.3443,406,10,0
2026-08-04T18:00:00+00:00,1785866400,1.34429,1.34442,1.34402,1.34409,459,10,0
2026-08-04T18:15:00+00:00,1785867300,1.34408,1.3443100000000001,1.3439999999999999,1.34405,477,10,0
2026-08-04T18:30:00+00:00,1785868200,1.34405,1.34429,1.34391,1.34427,298,10,0
2026-08-04T18:45:00+00:00,1785869100,1.34427,1.34525,1.34427,1.34507,537,10,0
2026-08-04T19:00:00+00:00,1785870000,1.34506,1.34537,1.3449499999999999,1.34497,443,10,0
2026-08-04T19:15:00+00:00,1785870900,1.34497,1.34509,1.34484,1.34507,416,10,0
2026-08-04T19:30:00+00:00,1785871800,1.34506,1.34513,1.34481,1.34497,393,10,0
2026-08-04T19:45:00+00:00,1785872700,1.34496,1.34508,1.34482,1.34498,476,10,0
2026-08-04T20:00:00+00:00,1785873600,1.3449499999999999,1.34519,1.3449499999999999,1.34512,355,10,0
2026-08-04T20:15:00+00:00,1785874500,1.34509,1.34538,1.34503,1.34524,251,10,0
2026-08-04T20:30:00+00:00,1785875400,1.34524,1.34524,1.345,1.34505,145,10,0
2026-08-04T20:45:00+00:00,1785876300,1.34505,1.34541,1.34501,1.34509,204,9,0
2026-08-04T21:00:00+00:00,1785877200,1.34512,1.34516,1.34417,1.34424,185,20,0
2026-08-04T21:15:00+00:00,1785878100,1.34425,1.34481,1.34422,1.34446,287,73,0
2026-08-04T21:30:00+00:00,1785879000,1.34443,1.34456,1.34413,1.34428,358,86,0
2026-08-04T21:45:00+00:00,1785879900,1.34427,1.34477,1.34416,1.3447,361,53,0
2026-08-04T22:00:00+00:00,1785880800,1.3448,1.34518,1.34476,1.34506,256,10,0
2026-08-04T22:15:00+00:00,1785881700,1.34506,1.34507,1.3449,1.34505,158,10,0
2026-08-04T22:30:00+00:00,1785882600,1.34505,1.3452600000000001,1.34505,1.34515,146,10,0
2026-08-04T22:45:00+00:00,1785883500,1.34515,1.3452,1.34488,1.34508,202,10,0
2026-08-04T23:00:00+00:00,1785884400,1.34506,1.34517,1.34476,1.34503,253,10,0
2026-08-04T23:15:00+00:00,1785885300,1.34503,1.34505,1.34482,1.34483,188,10,0
2026-08-04T23:30:00+00:00,1785886200,1.34484,1.3449200000000001,1.3447,1.34474,159,10,0
2026-08-04T23:45:00+00:00,1785887100,1.34475,1.34509,1.34475,1.345,220,10,0
2026-08-05T00:00:00+00:00,1785888000,1.34503,1.3452600000000001,1.34491,1.34511,581,10,0
2026-08-05T00:15:00+00:00,1785888900,1.34509,1.3455599999999999,1.345,1.34549,431,10,0
2026-08-05T00:30:00+00:00,1785889800,1.34548,1.34558,1.34514,1.34514,416,10,0
2026-08-05T00:45:00+00:00,1785890700,1.34516,1.34527,1.34484,1.34503,584,10,0
2026-08-05T01:00:00+00:00,1785891600,1.34505,1.34511,1.34473,1.34486,523,10,0
2026-08-05T01:15:00+00:00,1785892500,1.34487,1.3449900000000001,1.34442,1.3446,483,10,0
2026-08-05T01:30:00+00:00,1785893400,1.34459,1.34467,1.34435,1.34454,484,10,0
2026-08-05T01:45:00+00:00,1785894300,1.34452,1.3446799999999999,1.34444,1.34454,382,10,0
2026-08-05T02:00:00+00:00,1785895200,1.34455,1.34501,1.34447,1.34478,654,10,0
2026-08-05T02:15:00+00:00,1785896100,1.34478,1.34534,1.3446799999999999,1.34508,537,10,0
2026-08-05T02:30:00+00:00,1785897000,1.34508,1.34579,1.34505,1.34576,646,10,0
2026-08-05T02:45:00+00:00,1785897900,1.34574,1.34578,1.3452600000000001,1.34527,552,10,0
2026-08-05T03:00:00+00:00,1785898800,1.34528,1.3459400000000001,1.34525,1.34584,406,10,0
2026-08-05T03:15:00+00:00,1785899700,1.34585,1.34593,1.34554,1.34559,378,10,0
2026-08-05T03:30:00+00:00,1785900600,1.34558,1.34562,1.34542,1.34548,375,10,0
2026-08-05T03:45:00+00:00,1785901500,1.34548,1.34566,1.34547,1.34551,320,10,0
2026-08-05T04:00:00+00:00,1785902400,1.3455,1.34586,1.3455,1.34576,394,10,0
2026-08-05T04:15:00+00:00,1785903300,1.34577,1.34596,1.34571,1.34586,332,10,0
2026-08-05T04:30:00+00:00,1785904200,1.34586,1.34593,1.34554,1.34559,333,10,0
2026-08-05T04:45:00+00:00,1785905100,1.34558,1.34568,1.3453300000000001,1.34543,407,10,0
2026-08-05T05:00:00+00:00,1785906000,1.34543,1.34543,1.34505,1.34537,380,10,0
2026-08-05T05:15:00+00:00,1785906900,1.3454,1.34559,1.34534,1.34539,387,10,0
2026-08-05T05:30:00+00:00,1785907800,1.34538,1.34566,1.34538,1.34558,423,10,0
2026-08-05T05:45:00+00:00,1785908700,1.34555,1.3458,1.34534,1.34555,511,10,0
2026-08-05T06:00:00+00:00,1785909600,1.34558,1.34588,1.34545,1.34575,562,10,0
2026-08-05T06:15:00+00:00,1785910500,1.34572,1.34572,1.3451,1.3453300000000001,669,10,0
2026-08-05T06:30:00+00:00,1785911400,1.3453300000000001,1.34638,1.34503,1.34631,739,10,0
2026-08-05T06:45:00+00:00,1785912300,1.34629,1.34676,1.34622,1.34667,635,10,0
2026-08-05T07:00:00+00:00,1785913200,1.34666,1.34687,1.34568,1.34578,785,10,0
2026-08-05T07:15:00+00:00,1785914100,1.34578,1.34619,1.34574,1.34579,665,10,0
2026-08-05T07:30:00+00:00,1785915000,1.34578,1.34635,1.34572,1.34618,635,10,0
2026-08-05T07:45:00+00:00,1785915900,1.34618,1.34679,1.34592,1.34674,590,10,0
2026-08-05T08:00:00+00:00,1785916800,1.34673,1.34701,1.34602,1.34606,666,10,0
2026-08-05T08:15:00+00:00,1785917700,1.3461,1.34677,1.3461,1.34671,648,10,0
2026-08-05T08:30:00+00:00,1785918600,1.34672,1.34694,1.34559,1.34581,587,10,0
2026-08-05T08:45:00+00:00,1785919500,1.3458,1.3458700000000001,1.34534,1.34562,634,10,0
2026-08-05T09:00:00+00:00,1785920400,1.34565,1.34608,1.34542,1.34592,594,10,0
2026-08-05T09:15:00+00:00,1785921300,1.3459400000000001,1.34635,1.34581,1.34626,513,10,0
2026-08-05T09:30:00+00:00,1785922200,1.34627,1.34668,1.34602,1.3465099999999999,494,10,0
2026-08-05T09:45:00+00:00,1785923100,1.34652,1.34671,1.34638,1.34665,433,10,0
2026-08-05T10:00:00+00:00,1785924000,1.34665,1.34692,1.34632,1.34646,611,10,0
2026-08-05T10:15:00+00:00,1785924900,1.34646,1.34688,1.34634,1.3464800000000001,608,10,0
2026-08-05T10:30:00+00:00,1785925800,1.34646,1.34662,1.3462399999999999,1.34644,532,10,0
2026-08-05T10:45:00+00:00,1785926700,1.34647,1.3467799999999999,1.34626,1.34666,457,10,0
2026-08-05T11:00:00+00:00,1785927600,1.34669,1.34754,1.34668,1.34754,491,10,0
2026-08-05T11:15:00+00:00,1785928500,1.34755,1.34794,1.34728,1.34752,570,10,0
2026-08-05T11:30:00+00:00,1785929400,1.34748,1.34821,1.34741,1.34791,631,10,0
2026-08-05T11:45:00+00:00,1785930300,1.34789,1.3481,1.34763,1.34786,520,10,0
2026-08-05T12:00:00+00:00,1785931200,1.34789,1.3481,1.34735,1.3475,649,10,0
2026-08-05T12:15:00+00:00,1785932100,1.34749,1.34836,1.34749,1.34812,619,10,0
2026-08-05T12:30:00+00:00,1785933000,1.34812,1.34835,1.3474,1.34744,702,10,0
2026-08-05T12:45:00+00:00,1785933900,1.34744,1.34761,1.34668,1.34695,651,10,0
2026-08-05T13:00:00+00:00,1785934800,1.34698,1.34726,1.3467500000000001,1.34696,812,10,0
2026-08-05T13:15:00+00:00,1785935700,1.34697,1.34744,1.34656,1.3473600000000001,685,10,0
2026-08-05T13:30:00+00:00,1785936600,1.34733,1.34756,1.34657,1.34666,1163,10,0
2026-08-05T13:45:00+00:00,1785937500,1.34668,1.34687,1.34591,1.34638,982,10,0
2026-08-05T14:00:00+00:00,1785938400,1.34643,1.34817,1.34639,1.34781,1267,10,0
2026-08-05T14:15:00+00:00,1785939300,1.34779,1.34856,1.34774,1.34801,1044,10,0
2026-08-05T14:30:00+00:00,1785940200,1.34796,1.3480699999999999,1.3474300000000001,1.34769,818,10,0
2026-08-05T14:45:00+00:00,1785941100,1.34769,1.34788,1.34694,1.3477999999999999,1016,10,0
2026-08-05T15:00:00+00:00,1785942000,1.34779,1.3483100000000001,1.34691,1.34691,1003,10,0
2026-08-05T15:15:00+00:00,1785942900,1.34689,1.34692,1.3465500000000001,1.3467500000000001,785,10,0
2026-08-05T15:30:00+00:00,1785943800,1.34676,1.3469,1.34631,1.34659,699,10,0
2026-08-05T15:45:00+00:00,1785944700,1.34659,1.34659,1.34565,1.34616,873,10,0
2026-08-05T16:00:00+00:00,1785945600,1.34615,1.34656,1.3458999999999999,1.34639,874,10,0
2026-08-05T16:15:00+00:00,1785946500,1.3464,1.34674,1.3462100000000001,1.34638,544,10,0
2026-08-05T16:30:00+00:00,1785947400,1.34638,1.34643,1.3461,1.3463,434,10,0
2026-08-05T16:45:00+00:00,1785948300,1.34629,1.34632,1.34586,1.34596,543,10,0
2026-08-05T17:00:00+00:00,1785949200,1.34596,1.34607,1.34545,1.34581,524,10,0
2026-08-05T17:15:00+00:00,1785950100,1.34582,1.34647,1.34578,1.34643,469,10,0
2026-08-05T17:30:00+00:00,1785951000,1.34644,1.34689,1.34626,1.34687,449,10,0
2026-08-05T17:45:00+00:00,1785951900,1.34687,1.3471,1.34673,1.34694,495,10,0
2026-08-05T18:00:00+00:00,1785952800,1.34695,1.34715,1.3468,1.3468200000000001,517,10,0
2026-08-05T18:15:00+00:00,1785953700,1.3468200000000001,1.34726,1.3467,1.34722,469,10,0
2026-08-05T18:30:00+00:00,1785954600,1.3471899999999999,1.34726,1.34661,1.34662,534,10,0
2026-08-05T18:45:00+00:00,1785955500,1.34663,1.34701,1.34663,1.34684,493,10,0
2026-08-05T19:00:00+00:00,1785956400,1.3468200000000001,1.34705,1.34654,1.34665,362,10,0
2026-08-05T19:15:00+00:00,1785957300,1.34665,1.34669,1.34632,1.34634,424,10,0
2026-08-05T19:30:00+00:00,1785958200,1.34635,1.34657,1.34631,1.34644,341,10,0
2026-08-05T19:45:00+00:00,1785959100,1.34644,1.34654,1.34623,1.34636,387,10,0
2026-08-05T20:00:00+00:00,1785960000,1.34638,1.34661,1.34632,1.34634,250,10,0
2026-08-05T20:15:00+00:00,1785960900,1.34636,1.34647,1.3461400000000001,1.34644,174,10,0
2026-08-05T20:30:00+00:00,1785961800,1.34642,1.34666,1.34636,1.3465099999999999,211,10,0
2026-08-05T20:45:00+00:00,1785962700,1.3465,1.34687,1.3465,1.34671,232,9,0
2026-08-05T21:00:00+00:00,1785963600,1.34669,1.34669,1.34619,1.34638,99,18,0
2026-08-05T21:15:00+00:00,1785964500,1.34639,1.34657,1.34616,1.34633,247,48,0
2026-08-05T21:30:00+00:00,1785965400,1.34634,1.34652,1.34618,1.34627,258,46,0
2026-08-05T21:45:00+00:00,1785966300,1.34627,1.34643,1.3462100000000001,1.34623,254,42,0
2026-08-05T22:00:00+00:00,1785967200,1.34633,1.34667,1.34633,1.34662,368,10,0
2026-08-05T22:15:00+00:00,1785968100,1.34662,1.3467500000000001,1.3466,1.34666,146,10,0
2026-08-05T22:30:00+00:00,1785969000,1.34666,1.3467,1.3465500000000001,1.34668,142,10,0
2026-08-05T22:45:00+00:00,1785969900,1.34668,1.34673,1.34654,1.34664,169,10,0
2026-08-05T23:00:00+00:00,1785970800,1.34664,1.34687,1.34662,1.3468499999999999,172,10,0
2026-08-05T23:15:00+00:00,1785971700,1.3468499999999999,1.34687,1.3467,1.3467,147,10,0
2026-08-05T23:30:00+00:00,1785972600,1.3467,1.34686,1.34668,1.3468499999999999,182,10,0
2026-08-05T23:45:00+00:00,1785973500,1.3468499999999999,1.34706,1.34673,1.34687,304,10,0
2026-08-06T00:00:00+00:00,1785974400,1.3469,1.34697,1.34652,1.34664,555,10,0
2026-08-06T00:15:00+00:00,1785975300,1.34664,1.34698,1.3466,1.34663,513,10,0
2026-08-06T00:30:00+00:00,1785976200,1.34663,1.34697,1.34661,1.3467799999999999,439,10,0
2026-08-06T00:45:00+00:00,1785977100,1.34679,1.34708,1.34652,1.34664,580,10,0
2026-08-06T01:00:00+00:00,1785978000,1.34664,1.3468,1.3463,1.34663,714,10,0
2026-08-06T01:15:00+00:00,1785978900,1.34664,1.34706,1.3465099999999999,1.34676,594,10,0
2026-08-06T01:30:00+00:00,1785979800,1.3467500000000001,1.34704,1.3467,1.34699,477,10,0
2026-08-06T01:45:00+00:00,1785980700,1.34699,1.34699,1.34672,1.3468200000000001,479,10,0
2026-08-06T02:00:00+00:00,1785981600,1.34681,1.34722,1.34677,1.34689,513,10,0
2026-08-06T02:15:00+00:00,1785982500,1.34689,1.34715,1.34677,1.34687,450,10,0
2026-08-06T02:30:00+00:00,1785983400,1.34688,1.34705,1.3467500000000001,1.34702,434,10,0
2026-08-06T02:45:00+00:00,1785984300,1.34702,1.34705,1.3465799999999999,1.34667,453,10,0
2026-08-06T03:00:00+00:00,1785985200,1.34668,1.3467,1.34637,1.34641,372,10,0
2026-08-06T03:15:00+00:00,1785986100,1.34641,1.34644,1.34603,1.34611,428,10,0
2026-08-06T03:30:00+00:00,1785987000,1.34609,1.34629,1.34585,1.34589,343,10,0
2026-08-06T03:45:00+00:00,1785987900,1.34591,1.346,1.34575,1.34599,397,10,0
2026-08-06T04:00:00+00:00,1785988800,1.34599,1.34616,1.34595,1.34608,315,10,0
2026-08-06T04:15:00+00:00,1785989700,1.34608,1.34612,1.34586,1.3459400000000001,245,10,0
2026-08-06T04:30:00+00:00,1785990600,1.34593,1.34606,1.34581,1.34586,292,10,0
2026-08-06T04:45:00+00:00,1785991500,1.34588,1.34601,1.34577,1.34599,311,10,0
2026-08-06T05:00:00+00:00,1785992400,1.346,1.346,1.3455300000000001,1.3456299999999999,328,10,0
2026-08-06T05:15:00+00:00,1785993300,1.34562,1.34568,1.34551,1.3455599999999999,265,10,0
2026-08-06T05:30:00+00:00,1785994200,1.3455599999999999,1.3461,1.34546,1.34608,358,10,0
2026-08-06T05:45:00+00:00,1785995100,1.34605,1.34628,1.34602,1.34625,378,10,0
2026-08-06T06:00:00+00:00,1785996000,1.34625,1.3464800000000001,1.3459699999999999,1.34612,500,10,0
2026-08-06T06:15:00+00:00,1785996900,1.34612,1.34618,1.34588,1.34603,625,10,0
2026-08-06T06:30:00+00:00,1785997800,1.34602,1.34604,1.3454,1.34581,517,10,0
2026-08-06T06:45:00+00:00,1785998700,1.34584,1.34601,1.34558,1.3459400000000001,510,10,0
2026-08-06T07:00:00+00:00,1785999600,1.34596,1.34611,1.34551,1.34602,595,10,0
2026-08-06T07:15:00+00:00,1786000500,1.34601,1.34622,1.34593,1.34605,532,10,0
2026-08-06T07:30:00+00:00,1786001400,1.34604,1.34607,1.3455300000000001,1.34574,533,10,0
2026-08-06T07:45:00+00:00,1786002300,1.34575,1.34607,1.34547,1.34592,622,10,0
2026-08-06T08:00:00+00:00,1786003200,1.3458999999999999,1.34647,1.34559,1.3462,642,10,0
2026-08-06T08:15:00+00:00,1786004100,1.3462,1.34647,1.34612,1.3461699999999999,546,10,0
2026-08-06T08:30:00+00:00,1786005000,1.34619,1.34654,1.34592,1.34641,622,10,0
2026-08-06T08:45:00+00:00,1786005900,1.34641,1.34654,1.3461,1.34638,524,10,0
2026-08-06T09:00:00+00:00,1786006800,1.34636,1.34657,1.34604,1.34645,508,10,0
2026-08-06T09:15:00+00:00,1786007700,1.34645,1.34653,1.3461,1.34626,444,10,0
2026-08-06T09:30:00+00:00,1786008600,1.34626,1.34627,1.34523,1.34525,568,10,0
2026-08-06T09:45:00+00:00,1786009500,1.34527,1.34566,1.34515,1.3456299999999999,448,10,0
2026-08-06T10:00:00+00:00,1786010400,1.3456299999999999,1.34567,1.34534,1.34542,509,10,0
2026-08-06T10:15:00+00:00,1786011300,1.34542,1.34608,1.3453300000000001,1.34596,430,10,0
2026-08-06T10:30:00+00:00,1786012200,1.34595,1.34605,1.34573,1.3458700000000001,360,10,0
2026-08-06T10:45:00+00:00,1786013100,1.3458700000000001,1.3462399999999999,1.34582,1.34604,406,10,0
2026-08-06T11:00:00+00:00,1786014000,1.34608,1.34659,1.34605,1.34629,566,10,0
2026-08-06T11:15:00+00:00,1786014900,1.3463,1.34659,1.3462100000000001,1.34636,548,10,0
2026-08-06T11:30:00+00:00,1786015800,1.34636,1.34643,1.34584,1.34586,531,10,0
2026-08-06T11:45:00+00:00,1786016700,1.34586,1.34684,1.3457,1.34684,702,10,0
2026-08-06T12:00:00+00:00,1786017600,1.34684,1.34691,1.3461699999999999,1.34626,697,10,0
2026-08-06T12:15:00+00:00,1786018500,1.34626,1.347,1.34626,1.34693,563,10,0
2026-08-06T12:30:00+00:00,1786019400,1.34689,1.34717,1.3467,1.34702,558,10,0
2026-08-06T12:45:00+00:00,1786020300,1.34705,1.34707,1.34642,1.34686,722,10,0
2026-08-06T13:00:00+00:00,1786021200,1.3469,1.34707,1.3464,1.34653,773,10,0
2026-08-06T13:15:00+00:00,1786022100,1.34652,1.34705,1.34639,1.34684,601,10,0
2026-08-06T13:30:00+00:00,1786023000,1.34688,1.34756,1.3468,1.3473600000000001,856,10,0
2026-08-06T13:45:00+00:00,1786023900,1.34738,1.34788,1.34701,1.34764,782,10,0
2026-08-06T14:00:00+00:00,1786024800,1.34766,1.34791,1.3465500000000001,1.34668,845,10,0
2026-08-06T14:15:00+00:00,1786025700,1.34667,1.34708,1.34646,1.34684,821,10,0
2026-08-06T14:30:00+00:00,1786026600,1.34687,1.34717,1.34644,1.34702,738,10,0
2026-08-06T14:45:00+00:00,1786027500,1.34702,1.34702,1.34629,1.3465099999999999,821,10,0
2026-08-06T15:00:00+00:00,1786028400,1.34654,1.3466,1.3456299999999999,1.34575,838,10,0
2026-08-06T15:15:00+00:00,1786029300,1.34576,1.34588,1.34512,1.3452600000000001,856,10,0
2026-08-06T15:30:00+00:00,1786030200,1.34527,1.34546,1.34489,1.34528,731,10,0
2026-08-06T15:45:00+00:00,1786031100,1.34528,1.34567,1.34498,1.34531,831,10,0
2026-08-06T16:00:00+00:00,1786032000,1.3453300000000001,1.34586,1.34512,1.34537,797,10,0
2026-08-06T16:15:00+00:00,1786032900,1.34536,1.34554,1.3449200000000001,1.34551,751,10,0
2026-08-06T16:30:00+00:00,1786033800,1.3455300000000001,1.34558,1.34504,1.34512,540,10,0
2026-08-06T16:45:00+00:00,1786034700,1.34512,1.34569,1.34512,1.34552,477,10,0
2026-08-06T17:00:00+00:00,1786035600,1.34555,1.34588,1.34545,1.3455599999999999,539,10,0
2026-08-06T17:15:00+00:00,1786036500,1.34554,1.3455599999999999,1.34512,1.34555,527,10,0
2026-08-06T17:30:00+00:00,1786037400,1.3455599999999999,1.3455599999999999,1.34515,1.3452899999999999,456,10,0
2026-08-06T17:45:00+00:00,1786038300,1.3452899999999999,1.34565,1.34521,1.34557,428,10,0
2026-08-06T18:00:00+00:00,1786039200,1.34558,1.3458700000000001,1.34552,1.34566,398,10,0
2026-08-06T18:15:00+00:00,1786040100,1.34567,1.34583,1.34536,1.3455,390,10,0
2026-08-06T18:30:00+00:00,1786041000,1.3455,1.3456299999999999,1.34524,1.3453,387,10,0
2026-08-06T18:45:00+00:00,1786041900,1.3452899999999999,1.34567,1.34516,1.34564,423,10,0
2026-08-06T19:00:00+00:00,1786042800,1.34566,1.34588,1.34547,1.34557,486,10,0
2026-08-06T19:15:00+00:00,1786043700,1.34558,1.34574,1.3449200000000001,1.34514,582,10,0
2026-08-06T19:30:00+00:00,1786044600,1.3451,1.34528,1.34482,1.34485,502,10,0
2026-08-06T19:45:00+00:00,1786045500,1.34485,1.34564,1.34483,1.34545,576,10,0
2026-08-06T20:00:00+00:00,1786046400,1.34542,1.34555,1.34517,1.34524,269,10,0
2026-08-06T20:15:00+00:00,1786047300,1.34523,1.34523,1.34481,1.34489,191,10,0
2026-08-06T20:30:00+00:00,1786048200,1.34489,1.34508,1.34483,1.34505,167,10,0
2026-08-06T20:45:00+00:00,1786049100,1.34505,1.34537,1.34498,1.34532,303,7,0
2026-08-06T21:00:00+00:00,1786050000,1.3452899999999999,1.3452899999999999,1.34512,1.34512,118,22,0
2026-08-06T21:15:00+00:00,1786050900,1.34514,1.34523,1.34493,1.34519,181,26,0
2026-08-06T21:30:00+00:00,1786051800,1.3452,1.3453,1.34442,1.34443,325,31,0
2026-08-06T21:45:00+00:00,1786052700,1.3444,1.34467,1.34399,1.3444099999999999,429,84,0
2026-08-06T22:00:00+00:00,1786053600,1.34485,1.34521,1.34485,1.34514,193,10,0
2026-08-06T22:15:00+00:00,1786054500,1.34514,1.34515,1.3449900000000001,1.34512,103,10,0
2026-08-06T22:30:00+00:00,1786055400,1.34512,1.34514,1.34501,1.3451,119,10,0
2026-08-06T22:45:00+00:00,1786056300,1.3451,1.34517,1.34501,1.3451,119,10,0
2026-08-06T23:00:00+00:00,1786057200,1.3451,1.34532,1.3451,1.34532,108,10,0
2026-08-06T23:15:00+00:00,1786058100,1.3453300000000001,1.34538,1.34525,1.34534,150,10,0
2026-08-06T23:30:00+00:00,1786059000,1.34534,1.34541,1.34521,1.3454,138,10,0
2026-08-06T23:45:00+00:00,1786059900,1.3454,1.34549,1.34532,1.34542,183,10,0
2026-08-07T00:00:00+00:00,1786060800,1.34542,1.34548,1.34506,1.34511,416,10,0
2026-08-07T00:15:00+00:00,1786061700,1.34512,1.34517,1.34497,1.34504,430,10,0
2026-08-07T00:30:00+00:00,1786062600,1.34504,1.34525,1.3449499999999999,1.34501,398,10,0
2026-08-07T00:45:00+00:00,1786063500,1.34501,1.34514,1.34471,1.34496,536,10,0
2026-08-07T01:00:00+00:00,1786064400,1.34498,1.3452899999999999,1.3448,1.34522,537,10,0
2026-08-07T01:15:00+00:00,1786065300,1.3452,1.34528,1.34505,1.34521,400,10,0
2026-08-07T01:30:00+00:00,1786066200,1.34517,1.34562,1.34497,1.34543,501,10,0
2026-08-07T01:45:00+00:00,1786067100,1.34542,1.34552,1.34519,1.34523,453,10,0
2026-08-07T02:00:00+00:00,1786068000,1.34524,1.34538,1.34519,1.34521,326,10,0
2026-08-07T02:15:00+00:00,1786068900,1.34521,1.34538,1.34509,1.34532,270,10,0
2026-08-07T02:30:00+00:00,1786069800,1.3453300000000001,1.34537,1.34506,1.34509,315,10,0
2026-08-07T02:45:00+00:00,1786070700,1.34507,1.34537,1.34505,1.34515,302,10,0
2026-08-07T03:00:00+00:00,1786071600,1.34515,1.34528,1.345,1.34511,268,10,0
2026-08-07T03:15:00+00:00,1786072500,1.34511,1.34513,1.3449900000000001,1.34503,237,10,0
2026-08-07T03:30:00+00:00,1786073400,1.34503,1.34517,1.345,1.34506,180,10,0
2026-08-07T03:45:00+00:00,1786074300,1.34506,1.34528,1.3450199999999999,1.34527,241,10,0
2026-08-07T04:00:00+00:00,1786075200,1.34527,1.34537,1.34515,1.34522,326,10,0
2026-08-07T04:15:00+00:00,1786076100,1.34523,1.3454,1.34514,1.34531,331,10,0
2026-08-07T04:30:00+00:00,1786077000,1.3453,1.34548,1.34524,1.34536,340,10,0
2026-08-07T04:45:00+00:00,1786077900,1.34536,1.34547,1.34524,1.3453,216,10,0
2026-08-07T05:00:00+00:00,1786078800,1.34531,1.34557,1.3452600000000001,1.3455,228,10,0
2026-08-07T05:15:00+00:00,1786079700,1.3455,1.3455,1.34511,1.34513,252,10,0
2026-08-07T05:30:00+00:00,1786080600,1.34517,1.34539,1.34507,1.34517,343,10,0
2026-08-07T05:45:00+00:00,1786081500,1.34518,1.34544,1.34508,1.34523,431,10,0
2026-08-07T06:00:00+00:00,1786082400,1.34523,1.34555,1.3451,1.34554,520,10,0
2026-08-07T06:15:00+00:00,1786083300,1.34554,1.34576,1.34523,1.34555,577,10,0
2026-08-07T06:30:00+00:00,1786084200,1.34554,1.34557,1.34522,1.34535,566,10,0
2026-08-07T06:45:00+00:00,1786085100,1.34535,1.3456000000000001,1.3452,1.34534,502,10,0
2026-08-07T07:00:00+00:00,1786086000,1.3453300000000001,1.34534,1.34478,1.34506,596,10,0
2026-08-07T07:15:00+00:00,1786086900,1.34506,1.34527,1.3447200000000001,1.34481,539,10,0
2026-08-07T07:30:00+00:00,1786087800,1.34481,1.34503,1.34449,1.34463,511,10,0
2026-08-07T07:45:00+00:00,1786088700,1.34464,1.34503,1.34462,1.34474,421,10,0
2026-08-07T08:00:00+00:00,1786089600,1.34477,1.34497,1.34442,1.34452,493,10,0
2026-08-07T08:15:00+00:00,1786090500,1.34452,1.34471,1.34436,1.34442,422,10,0
2026-08-07T08:30:00+00:00,1786091400,1.34443,1.34485,1.34426,1.34478,550,10,0
2026-08-07T08:45:00+00:00,1786092300,1.34478,1.3449,1.34424,1.34424,520,10,0
2026-08-07T09:00:00+00:00,1786093200,1.34426,1.34458,1.34403,1.34454,571,10,0
2026-08-07T09:15:00+00:00,1786094100,1.34455,1.3446500000000001,1.34436,1.3443800000000001,456,10,0
2026-08-07T09:30:00+00:00,1786095000,1.3443800000000001,1.3444,1.3439,1.34397,434,10,0
2026-08-07T09:45:00+00:00,1786095900,1.34397,1.34436,1.34392,1.34415,435,10,0
2026-08-07T10:00:00+00:00,1786096800,1.34415,1.34425,1.34361,1.34368,409,10,0
2026-08-07T10:15:00+00:00,1786097700,1.34368,1.34398,1.34362,1.34372,434,10,0
2026-08-07T10:30:00+00:00,1786098600,1.34372,1.34386,1.34337,1.34342,391,10,0
2026-08-07T10:45:00+00:00,1786099500,1.34341,1.34385,1.34341,1.3437299999999999,423,10,0
2026-08-07T11:00:00+00:00,1786100400,1.34372,1.3443,1.3437000000000001,1.34412,546,10,0
2026-08-07T11:15:00+00:00,1786101300,1.34414,1.34439,1.34384,1.3439,442,10,0
2026-08-07T11:30:00+00:00,1786102200,1.34389,1.3447200000000001,1.34389,1.34464,419,10,0
2026-08-07T11:45:00+00:00,1786103100,1.34464,1.34494,1.34451,1.34489,480,10,0
2026-08-07T12:00:00+00:00,1786104000,1.3449200000000001,1.34517,1.34464,1.34469,664,10,0
2026-08-07T12:15:00+00:00,1786104900,1.34467,1.345,1.3444,1.34457,783,10,0
2026-08-07T12:30:00+00:00,1786105800,1.34458,1.35031,1.34447,1.34981,3234,10,0
2026-08-07T12:45:00+00:00,1786106700,1.34982,1.35077,1.3495300000000001,1.34995,1839,10,0
2026-08-07T13:00:00+00:00,1786107600,1.34996,1.35032,1.34925,1.35026,1439,10,0
2026-08-07T13:15:00+00:00,1786108500,1.3502399999999999,1.35087,1.3494,1.35033,1097,10,0
2026-08-07T13:30:00+00:00,1786109400,1.35035,1.35079,1.34932,1.35032,1301,10,0
2026-08-07T13:45:00+00:00,1786110300,1.35031,1.3504,1.3487,1.3489200000000001,1136,10,0
2026-08-07T14:00:00+00:00,1786111200,1.3489,1.34938,1.34826,1.34932,1215,10,0
2026-08-07T14:15:00+00:00,1786112100,1.3493,1.35012,1.34912,1.34938,964,10,0
2026-08-07T14:30:00+00:00,1786113000,1.34936,1.34961,1.34879,1.349,986,10,0
2026-08-07T14:45:00+00:00,1786113900,1.3489900000000001,1.34915,1.3483100000000001,1.34882,1247,10,0
2026-08-07T15:00:00+00:00,1786114800,1.34879,1.34952,1.34823,1.34952,979,10,0
2026-08-07T15:15:00+00:00,1786115700,1.34949,1.34995,1.34931,1.34941,879,10,0
2026-08-07T15:30:00+00:00,1786116600,1.34945,1.34999,1.34914,1.34975,899,10,0
2026-08-07T15:45:00+00:00,1786117500,1.34975,1.34992,1.34915,1.34951,820,10,0
2026-08-07T16:00:00+00:00,1786118400,1.34955,1.35011,1.34939,1.35011,801,10,0
2026-08-07T16:15:00+00:00,1786119300,1.35013,1.35035,1.3496299999999999,1.34986,933,10,0
2026-08-07T16:30:00+00:00,1786120200,1.34986,1.35002,1.34959,1.34985,616,10,0
2026-08-07T16:45:00+00:00,1786121100,1.34985,1.35033,1.34948,1.34959,625,10,0
2026-08-07T17:00:00+00:00,1786122000,1.3495599999999999,1.34971,1.34938,1.34965,576,10,0
2026-08-07T17:15:00+00:00,1786122900,1.34966,1.34979,1.34933,1.34959,484,10,0
2026-08-07T17:30:00+00:00,1786123800,1.34961,1.3498299999999999,1.34936,1.34971,509,10,0
2026-08-07T17:45:00+00:00,1786124700,1.34971,1.34981,1.34946,1.34949,398,10,0
2026-08-07T18:00:00+00:00,1786125600,1.34951,1.34962,1.34915,1.34931,441,10,0
2026-08-07T18:15:00+00:00,1786126500,1.34931,1.3495300000000001,1.34913,1.3495,410,10,0
2026-08-07T18:30:00+00:00,1786127400,1.3495,1.34985,1.34949,1.3498299999999999,366,10,0
2026-08-07T18:45:00+00:00,1786128300,1.34984,1.35,1.34976,1.34988,328,10,0
2026-08-07T19:00:00+00:00,1786129200,1.34989,1.3502399999999999,1.34973,1.34984,650,10,0
2026-08-07T19:15:00+00:00,1786130100,1.34984,1.35033,1.34978,1.3502100000000001,662,10,0
2026-08-07T19:30:00+00:00,1786131000,1.35022,1.35032,1.34981,1.34981,524,10,0
2026-08-07T19:45:00+00:00,1786131900,1.34985,1.35006,1.34959,1.34974,573,10,0
2026-08-07T20:00:00+00:00,1786132800,1.34973,1.3498299999999999,1.34933,1.34934,363,10,0
2026-08-07T20:15:00+00:00,1786133700,1.34933,1.34939,1.3490199999999999,1.34908,378,10,0
2026-08-07T20:30:00+00:00,1786134600,1.34906,1.34915,1.3489,1.34904,215,10,0
2026-08-07T20:45:00+00:00,1786135500,1.3490199999999999,1.34943,1.34894,1.34925,895,10,0
2026-08-09T21:00:00+00:00,1786309200,1.34936,1.34943,1.3489900000000001,1.34935,44,69,0
2026-08-09T21:15:00+00:00,1786310100,1.34935,1.34949,1.3490199999999999,1.34939,264,47,0
2026-08-09T21:30:00+00:00,1786311000,1.34939,1.34947,1.34806,1.34886,340,47,0
2026-08-09T21:45:00+00:00,1786311900,1.34885,1.34913,1.34767,1.3489499999999999,499,47,0
2026-08-09T22:00:00+00:00,1786312800,1.3486500000000001,1.34936,1.3486500000000001,1.34904,223,10,0
2026-08-09T22:15:00+00:00,1786313700,1.34905,1.34906,1.34873,1.34878,221,10,0
2026-08-09T22:30:00+00:00,1786314600,1.34878,1.349,1.34878,1.34896,155,10,0
2026-08-09T22:45:00+00:00,1786315500,1.34896,1.34908,1.34883,1.34888,137,10,0
2026-08-09T23:00:00+00:00,1786316400,1.34888,1.34927,1.34888,1.34915,252,10,0
2026-08-09T23:15:00+00:00,1786317300,1.34916,1.34927,1.34911,1.34912,162,10,0
2026-08-09T23:30:00+00:00,1786318200,1.34912,1.34916,1.34876,1.34912,247,10,0
2026-08-09T23:45:00+00:00,1786319100,1.34912,1.34921,1.3488,1.34883,304,10,0
2026-08-10T00:00:00+00:00,1786320000,1.34882,1.34937,1.34882,1.3492899999999999,593,10,0
2026-08-10T00:15:00+00:00,1786320900,1.3492899999999999,1.3493,1.34885,1.34894,494,10,0
2026-08-10T00:30:00+00:00,1786321800,1.3489499999999999,1.34906,1.34876,1.34879,397,10,0
2026-08-10T00:45:00+00:00,1786322700,1.34881,1.3492,1.34872,1.349,531,10,0
2026-08-10T01:00:00+00:00,1786323600,1.34903,1.34916,1.3483800000000001,1.34863,724,10,0
2026-08-10T01:15:00+00:00,1786324500,1.34863,1.34893,1.3486,1.34872,479,10,0
2026-08-10T01:30:00+00:00,1786325400,1.34872,1.34873,1.34843,1.34864,517,10,0
2026-08-10T01:45:00+00:00,1786326300,1.34862,1.34894,1.3486,1.34884,516,10,0
2026-08-10T02:00:00+00:00,1786327200,1.34886,1.3489499999999999,1.3486799999999999,1.34875,416,10,0
2026-08-10T02:15:00+00:00,1786328100,1.34876,1.34889,1.34862,1.34875,340,10,0
2026-08-10T02:30:00+00:00,1786329000,1.34875,1.3489499999999999,1.34857,1.34857,298,10,0
2026-08-10T02:45:00+00:00,1786329900,1.34856,1.34871,1.34846,1.34855,317,10,0
2026-08-10T03:00:00+00:00,1786330800,1.34855,1.34867,1.34828,1.34848,349,10,0
2026-08-10T03:15:00+00:00,1786331700,1.34847,1.34863,1.34833,1.34849,337,10,0
2026-08-10T03:30:00+00:00,1786332600,1.34848,1.34851,1.34828,1.34836,242,10,0
2026-08-10T03:45:00+00:00,1786333500,1.34835,1.3486,1.34835,1.34845,290,10,0
2026-08-10T04:00:00+00:00,1786334400,1.34844,1.3485800000000001,1.34833,1.34848,278,10,0
2026-08-10T04:15:00+00:00,1786335300,1.34847,1.34864,1.34836,1.34857,236,10,0
2026-08-10T04:30:00+00:00,1786336200,1.34855,1.3486500000000001,1.34844,1.34862,220,10,0
2026-08-10T04:45:00+00:00,1786337100,1.34862,1.34897,1.3486,1.34878,329,10,0
2026-08-10T05:00:00+00:00,1786338000,1.34878,1.3491,1.34871,1.34886,369,10,0
2026-08-10T05:15:00+00:00,1786338900,1.34886,1.34894,1.34871,1.34882,285,10,0
2026-08-10T05:30:00+00:00,1786339800,1.34883,1.34916,1.34866,1.34893,459,10,0
2026-08-10T05:45:00+00:00,1786340700,1.34893,1.3494,1.34886,1.34935,491,10,0
2026-08-10T06:00:00+00:00,1786341600,1.3494,1.34966,1.3492199999999999,1.34938,561,10,0
2026-08-10T06:15:00+00:00,1786342500,1.34936,1.34975,1.34932,1.3495300000000001,661,10,0
2026-08-10T06:30:00+00:00,1786343400,1.3495300000000001,1.34965,1.34916,1.34925,604,10,0
2026-08-10T06:45:00+00:00,1786344300,1.34925,1.34949,1.34911,1.34946,427,10,0
2026-08-10T07:00:00+00:00,1786345200,1.34949,1.34974,1.34913,1.3494,667,10,0
2026-08-10T07:15:00+00:00,1786346100,1.34942,1.34959,1.3491,1.34913,613,10,0
2026-08-10T07:30:00+00:00,1786347000,1.34913,1.34984,1.34911,1.34984,591,10,0
2026-08-10T07:45:00+00:00,1786347900,1.3498299999999999,1.35011,1.34933,1.34958,608,10,0
2026-08-10T08:00:00+00:00,1786348800,1.34961,1.35042,1.34939,1.35041,639,10,0
2026-08-10T08:15:00+00:00,1786349700,1.3504399999999999,1.35052,1.35008,1.35023,498,10,0
2026-08-10T08:30:00+00:00,1786350600,1.35026,1.35035,1.35005,1.35012,441,10,0
2026-08-10T08:45:00+00:00,1786351500,1.35013,1.35032,1.34991,1.35031,442,10,0
2026-08-10T09:00:00+00:00,1786352400,1.35032,1.35063,1.35012,1.35059,496,10,0
2026-08-10T09:15:00+00:00,1786353300,1.35059,1.35062,1.3502399999999999,1.3504800000000001,370,10,0
2026-08-10T09:30:00+00:00,1786354200,1.35047,1.3505099999999999,1.34952,1.34964,538,10,0
2026-08-10T09:45:00+00:00,1786355100,1.3496299999999999,1.34993,1.34946,1.34949,513,10,0
2026-08-10T10:00:00+00:00,1786356000,1.3495,1.3497,1.3492199999999999,1.3495599999999999,591,10,0
2026-08-10T10:15:00+00:00,1786356900,1.34955,1.34993,1.34944,1.3496000000000001,442,10,0
2026-08-10T10:30:00+00:00,1786357800,1.3496299999999999,1.34998,1.34945,1.34994,483,10,0
2026-08-10T10:45:00+00:00,1786358700,1.34994,1.35008,1.34981,1.35003,446,10,0
2026-08-10T11:00:00+00:00,1786359600,1.35002,1.3502100000000001,1.34955,1.34975,502,10,0
2026-08-10T11:15:00+00:00,1786360500,1.34977,1.35008,1.3496299999999999,1.3498,503,10,0
2026-08-10T11:30:00+00:00,1786361400,1.3498,1.35027,1.34969,1.35002,495,10,0
2026-08-10T11:45:00+00:00,1786362300,1.35001,1.35008,1.34972,1.35008,433,10,0
2026-08-10T12:00:00+00:00,1786363200,1.35005,1.35038,1.34969,1.34978,733,10,0
2026-08-10T12:15:00+00:00,1786364100,1.34977,1.34988,1.34923,1.34942,586,10,0
2026-08-10T12:30:00+00:00,1786365000,1.34945,1.3496299999999999,1.3489499999999999,1.3492,619,10,0
2026-08-10T12:45:00+00:00,1786365900,1.34921,1.34969,1.34912,1.34945,605,10,0
2026-08-10T13:00:00+00:00,1786366800,1.34947,1.35036,1.3494,1.35033,701,10,0
2026-08-10T13:15:00+00:00,1786367700,1.35032,1.35073,1.35011,1.3503,705,10,0
2026-08-10T13:30:00+00:00,1786368600,1.35031,1.3507799999999999,1.3501,1.35025,855,10,0
2026-08-10T13:45:00+00:00,1786369500,1.35025,1.35059,1.34976,1.35042,989,10,0
2026-08-10T14:00:00+00:00,1786370400,1.35039,1.35183,1.35034,1.35161,867,10,0
2026-08-10T14:15:00+00:00,1786371300,1.3516,1.35184,1.35119,1.35174,700,10,0
2026-08-10T14:30:00+00:00,1786372200,1.3517700000000001,1.35255,1.35151,1.35242,746,10,0
2026-08-10T14:45:00+00:00,1786373100,1.35241,1.3529900000000001,1.35172,1.35202,1204,10,0
2026-08-10T15:00:00+00:00,1786374000,1.35202,1.3522,1.35154,1.3522,889,10,0
2026-08-10T15:15:00+00:00,1786374900,1.35222,1.35266,1.35174,1.35213,709,10,0
2026-08-10T15:30:00+00:00,1786375800,1.35213,1.35259,1.35203,1.35255,704,10,0
2026-08-10T15:45:00+00:00,1786376700,1.35255,1.35269,1.35206,1.35248,664,10,0
2026-08-10T16:00:00+00:00,1786377600,1.35252,1.35264,1.35223,1.3523399999999999,517,10,0
2026-08-10T16:15:00+00:00,1786378500,1.35233,1.35233,1.35185,1.35227,425,10,0
2026-08-10T16:30:00+00:00,1786379400,1.35228,1.35239,1.35158,1.35165,688,10,0
2026-08-10T16:45:00+00:00,1786380300,1.35164,1.35168,1.35131,1.35132,465,10,0
2026-08-10T17:00:00+00:00,1786381200,1.35133,1.3514599999999999,1.35093,1.3510900000000001,459,10,0
2026-08-10T17:15:00+00:00,1786382100,1.3510900000000001,1.35113,1.35064,1.3509,470,10,0
2026-08-10T17:30:00+00:00,1786383000,1.35089,1.3511,1.3508,1.35083,404,10,0
2026-08-10T17:45:00+00:00,1786383900,1.35084,1.35086,1.35046,1.35063,365,10,0
2026-08-10T18:00:00+00:00,1786384800,1.35065,1.3508,1.35055,1.35077,323,10,0
2026-08-10T18:15:00+00:00,1786385700,1.35077,1.35087,1.35064,1.3507500000000001,348,10,0
2026-08-10T18:30:00+00:00,1786386600,1.3507500000000001,1.35115,1.35061,1.35113,438,10,0
2026-08-10T18:45:00+00:00,1786387500,1.35113,1.3511600000000001,1.35064,1.35087,506,10,0
2026-08-10T19:00:00+00:00,1786388400,1.35087,1.35096,1.35055,1.3507500000000001,355,10,0
2026-08-10T19:15:00+00:00,1786389300,1.35076,1.35091,1.3506,1.3507500000000001,272,10,0
2026-08-10T19:30:00+00:00,1786390200,1.3507799999999999,1.3508499999999999,1.3505099999999999,1.35073,366,10,0
2026-08-10T19:45:00+00:00,1786391100,1.35071,1.35089,1.35064,1.35074,397,10,0
2026-08-10T20:00:00+00:00,1786392000,1.35076,1.35099,1.3507500000000001,1.35088,269,10,0
2026-08-10T20:15:00+00:00,1786392900,1.35088,1.35088,1.35058,1.3506,143,10,0
2026-08-10T20:30:00+00:00,1786393800,1.35059,1.3507799999999999,1.35058,1.3507500000000001,135,10,0
2026-08-10T20:45:00+00:00,1786394700,1.3507500000000001,1.3507799999999999,1.35055,1.3507,182,10,0
2026-08-10T21:00:00+00:00,1786395600,1.35069,1.35076,1.35058,1.35063,102,11,0
2026-08-10T21:15:00+00:00,1786396500,1.35066,1.35066,1.35045,1.3506,161,22,0
2026-08-10T21:30:00+00:00,1786397400,1.35059,1.35068,1.35036,1.3504800000000001,257,26,0
2026-08-10T21:45:00+00:00,1786398300,1.35049,1.35056,1.3504,1.35047,187,33,0
2026-08-10T22:00:00+00:00,1786399200,1.35056,1.3508200000000001,1.35053,1.35076,129,10,0
2026-08-10T22:15:00+00:00,1786400100,1.35076,1.35076,1.35061,1.35066,85,10,0
2026-08-10T22:30:00+00:00,1786401000,1.35066,1.3507799999999999,1.35063,1.35076,96,10,0
2026-08-10T22:45:00+00:00,1786401900,1.35076,1.35089,1.35076,1.35086,98,10,0
2026-08-10T23:00:00+00:00,1786402800,1.35086,1.35093,1.3507500000000001,1.35079,154,10,0
2026-08-10T23:15:00+00:00,1786403700,1.35076,1.35084,1.35068,1.35071,127,10,0
2026-08-10T23:30:00+00:00,1786404600,1.3507,1.3508,1.3506,1.35068,238,10,0
2026-08-10T23:45:00+00:00,1786405500,1.35069,1.35113,1.35066,1.3510499999999999,321,10,0
2026-08-11T00:00:00+00:00,1786406400,1.35108,1.35127,1.35098,1.35114,408,10,0
2026-08-11T00:15:00+00:00,1786407300,1.35113,1.35132,1.35103,1.35126,316,10,0
2026-08-11T00:30:00+00:00,1786408200,1.35126,1.35149,1.35114,1.35137,360,10,0
2026-08-11T00:45:00+00:00,1786409100,1.35141,1.35144,1.35102,1.35108,378,10,0
2026-08-11T01:00:00+00:00,1786410000,1.3510900000000001,1.35115,1.35058,1.35113,522,10,0
2026-08-11T01:15:00+00:00,1786410900,1.3511600000000001,1.35138,1.35104,1.3513,490,10,0
2026-08-11T01:30:00+00:00,1786411800,1.35129,1.3515,1.351,1.351,411,10,0
2026-08-11T01:45:00+00:00,1786412700,1.35101,1.3513899999999999,1.35099,1.35101,414,10,0
2026-08-11T02:00:00+00:00,1786413600,1.35102,1.35113,1.3507799999999999,1.351,437,10,0
2026-08-11T02:15:00+00:00,1786414500,1.35101,1.35106,1.35053,1.35066,407,10,0
2026-08-11T02:30:00+00:00,1786415400,1.35065,1.35079,1.35056,1.3507,432,10,0
2026-08-11T02:45:00+00:00,1786416300,1.3507,1.35073,1.35019,1.35041,414,10,0
2026-08-11T03:00:00+00:00,1786417200,1.35043,1.3508499999999999,1.35043,1.3508,379,10,0
2026-08-11T03:15:00+00:00,1786418100,1.3508200000000001,1.3512,1.35076,1.35117,378,10,0
2026-08-11T03:30:00+00:00,1786419000,1.35117,1.35126,1.35103,1.35106,327,10,0
2026-08-11T03:45:00+00:00,1786419900,1.35106,1.3510900000000001,1.35088,1.35097,299,10,0
2026-08-11T04:00:00+00:00,1786420800,1.35099,1.35117,1.35096,1.35106,289,10,0
2026-08-11T04:15:00+00:00,1786421700,1.35104,1.35125,1.35104,1.35121,296,10,0
2026-08-11T04:30:00+00:00,1786422600,1.35122,1.35134,1.35076,1.3508499999999999,594,10,0
2026-08-11T04:45:00+00:00,1786423500,1.3508499999999999,1.35113,1.35065,1.3511199999999999,465,10,0
2026-08-11T05:00:00+00:00,1786424400,1.3511199999999999,1.35115,1.35073,1.35083,334,10,0
2026-08-11T05:15:00+00:00,1786425300,1.35083,1.35088,1.35067,1.3507500000000001,301,10,0
2026-08-11T05:30:00+00:00,1786426200,1.35074,1.35141,1.35066,1.35137,447,10,0
2026-08-11T05:45:00+00:00,1786427100,1.3513600000000001,1.3513600000000001,1.35094,1.35124,535,10,0
2026-08-11T06:00:00+00:00,1786428000,1.35126,1.35153,1.35121,1.35133,659,10,0
2026-08-11T06:15:00+00:00,1786428900,1.35135,1.3514599999999999,1.35035,1.35063,761,10,0
2026-08-11T06:30:00+00:00,1786429800,1.35065,1.35084,1.35009,1.35062,696,10,0
2026-08-11T06:45:00+00:00,1786430700,1.3506,1.35062,1.3501400000000001,1.35052,557,10,0
2026-08-11T07:00:00+00:00,1786431600,1.35054,1.35079,1.35032,1.3506,662,10,0
2026-08-11T07:15:00+00:00,1786432500,1.3506,1.3506,1.34982,1.35007,578,10,0
2026-08-11T07:30:00+00:00,1786433400,1.35007,1.3502,1.34941,1.34965,584,10,0
2026-08-11T07:45:00+00:00,1786434300,1.34966,1.34996,1.34952,1.3496000000000001,633,10,0
2026-08-11T08:00:00+00:00,1786435200,1.34961,1.34999,1.3495,1.34988,577,10,0
2026-08-11T08:15:00+00:00,1786436100,1.34989,1.35016,1.34989,1.35015,437,10,0
2026-08-11T08:30:00+00:00,1786437000,1.35012,1.3508499999999999,1.35008,1.35055,450,10,0
2026-08-11T08:45:00+00:00,1786437900,1.35055,1.3507,1.35015,1.35036,523,10,0
2026-08-11T09:00:00+00:00,1786438800,1.35037,1.35037,1.34985,1.3498999999999999,491,10,0
2026-08-11T09:15:00+00:00,1786439700,1.3498999999999999,1.35016,1.34982,1.34997,446,10,0
2026-08-11T09:30:00+00:00,1786440600,1.34996,1.3502100000000001,1.34989,1.35019,441,10,0
2026-08-11T09:45:00+00:00,1786441500,1.35016,1.3505099999999999,1.35013,1.35039,383,10,0
2026-08-11T10:00:00+00:00,1786442400,1.35038,1.35047,1.35,1.35006,431,10,0
2026-08-11T10:15:00+00:00,1786443300,1.35006,1.35027,1.34972,1.34998,576,10,0
2026-08-11T10:30:00+00:00,1786444200,1.34998,1.35026,1.34997,1.35004,393,10,0
2026-08-11T10:45:00+00:00,1786445100,1.35004,1.35015,1.34961,1.34978,439,10,0
2026-08-11T11:00:00+00:00,1786446000,1.34977,1.35061,1.34961,1.3498999999999999,1269,10,0
2026-08-11T11:15:00+00:00,1786446900,1.34993,1.35015,1.34965,1.34999,531,10,0
2026-08-11T11:30:00+00:00,1786447800,1.35,1.35007,1.34964,1.34967,534,10,0
2026-08-11T11:45:00+00:00,1786448700,1.34967,1.34972,1.3492600000000001,1.3493,502,10,0
2026-08-11T12:00:00+00:00,1786449600,1.34933,1.34998,1.34915,1.34959,625,10,0
2026-08-11T12:15:00+00:00,1786450500,1.34958,1.3498999999999999,1.34921,1.34964,728,10,0
2026-08-11T12:30:00+00:00,1786451400,1.3496000000000001,1.35023,1.34955,1.34977,610,10,0
2026-08-11T12:45:00+00:00,1786452300,1.34977,1.35009,1.34964,1.34991,591,10,0
2026-08-11T13:00:00+00:00,1786453200,1.34992,1.35037,1.34982,1.34988,685,10,0
2026-08-11T13:15:00+00:00,1786454100,1.3498700000000001,1.3501699999999999,1.34971,1.35002,603,10,0
2026-08-11T13:30:00+00:00,1786455000,1.35005,1.3504399999999999,1.34962,1.35034,770,10,0
2026-08-11T13:45:00+00:00,1786455900,1.35037,1.35067,1.35006,1.35006,711,10,0
2026-08-11T14:00:00+00:00,1786456800,1.35004,1.35028,1.34974,1.35012,693,10,0
2026-08-11T14:15:00+00:00,1786457700,1.3501400000000001,1.35057,1.35008,1.35027,628,10,0
2026-08-11T14:30:00+00:00,1786458600,1.35028,1.3508499999999999,1.3501699999999999,1.35083,588,10,0
2026-08-11T14:45:00+00:00,1786459500,1.35083,1.35094,1.35045,1.3508,659,10,0
2026-08-11T15:00:00+00:00,1786460400,1.35083,1.35096,1.3502399999999999,1.3502399999999999,595,10,0
2026-08-11T15:15:00+00:00,1786461300,1.3502399999999999,1.35098,1.35015,1.3508499999999999,619,10,0
2026-08-11T15:30:00+00:00,1786462200,1.35084,1.3511,1.35031,1.35047,770,10,0
2026-08-11T15:45:00+00:00,1786463100,1.3504800000000001,1.35145,1.35042,1.35145,624,10,0
2026-08-11T16:00:00+00:00,1786464000,1.35147,1.35153,1.35071,1.35073,556,10,0
2026-08-11T16:15:00+00:00,1786464900,1.35072,1.35077,1.35052,1.3507,448,10,0
2026-08-11T16:30:00+00:00,1786465800,1.35066,1.35068,1.35034,1.3504800000000001,430,10,0
2026-08-11T16:45:00+00:00,1786466700,1.3504800000000001,1.35069,1.35036,1.35052,429,10,0
2026-08-11T17:00:00+00:00,1786467600,1.35053,1.35064,1.34971,1.34975,461,10,0
2026-08-11T17:15:00+00:00,1786468500,1.34975,1.35008,1.3496299999999999,1.34984,362,10,0
2026-08-11T17:30:00+00:00,1786469400,1.34984,1.35018,1.3497,1.3501400000000001,338,10,0
2026-08-11T17:45:00+00:00,1786470300,1.3501400000000001,1.35036,1.35002,1.35018,273,10,0
2026-08-11T18:00:00+00:00,1786471200,1.35018,1.35019,1.34982,1.34992,373,10,0
2026-08-11T18:15:00+00:00,1786472100,1.3498999999999999,1.34992,1.34961,1.3497,369,10,0
2026-08-11T18:30:00+00:00,1786473000,1.34971,1.35027,1.34965,1.35019,395,10,0
2026-08-11T18:45:00+00:00,1786473900,1.3502,1.35033,1.35,1.35028,408,10,0
2026-08-11T19:00:00+00:00,1786474800,1.3503,1.35053,1.3502100000000001,1.35045,396,10,0
2026-08-11T19:15:00+00:00,1786475700,1.35045,1.35057,1.3502100000000001,1.35052,266,10,0
2026-08-11T19:30:00+00:00,1786476600,1.35052,1.35067,1.35042,1.35054,316,10,0
2026-08-11T19:45:00+00:00,1786477500,1.35055,1.35079,1.3504800000000001,1.35076,343,10,0
2026-08-11T20:00:00+00:00,1786478400,1.35077,1.35089,1.35064,1.3507,349,10,0
2026-08-11T20:15:00+00:00,1786479300,1.35068,1.35068,1.35043,1.35046,105,10,0
2026-08-11T20:30:00+00:00,1786480200,1.35046,1.35053,1.35034,1.35039,178,10,0
2026-08-11T20:45:00+00:00,1786481100,1.35041,1.35084,1.35031,1.3508,231,4,0
2026-08-11T21:00:00+00:00,1786482000,1.35073,1.35077,1.35031,1.35039,152,18,0
2026-08-11T21:15:00+00:00,1786482900,1.3504,1.3504,1.35011,1.35029,153,62,0
2026-08-11T21:30:00+00:00,1786483800,1.3503,1.35036,1.35022,1.35036,235,53,0
2026-08-11T21:45:00+00:00,1786484700,1.35038,1.35056,1.35033,1.3504,187,35,0
2026-08-11T22:00:00+00:00,1786485600,1.3506,1.35096,1.3504399999999999,1.35093,254,10,0
2026-08-11T22:15:00+00:00,1786486500,1.35093,1.35099,1.35089,1.35098,73,10,0
2026-08-11T22:30:00+00:00,1786487400,1.35098,1.35099,1.35083,1.35087,120,10,0
2026-08-11T22:45:00+00:00,1786488300,1.35087,1.35096,1.35083,1.35095,140,10,0
2026-08-11T23:00:00+00:00,1786489200,1.35097,1.35104,1.35086,1.35086,217,10,0
2026-08-11T23:15:00+00:00,1786490100,1.35084,1.35096,1.3508200000000001,1.3508200000000001,164,10,0
2026-08-11T23:30:00+00:00,1786491000,1.3508200000000001,1.35094,1.35073,1.3507799999999999,135,10,0
2026-08-11T23:45:00+00:00,1786491900,1.3507799999999999,1.3509,1.35073,1.35089,186,10,0
2026-08-12T00:00:00+00:00,1786492800,1.35089,1.35108,1.35074,1.35102,483,10,0
2026-08-12T00:15:00+00:00,1786493700,1.35098,1.35111,1.35092,1.351,326,10,0
2026-08-12T00:30:00+00:00,1786494600,1.351,1.35107,1.35086,1.35092,296,10,0
2026-08-12T00:45:00+00:00,1786495500,1.3509,1.35092,1.35058,1.35072,405,10,0
2026-08-12T01:00:00+00:00,1786496400,1.35074,1.3507500000000001,1.35025,1.35036,531,10,0
2026-08-12T01:15:00+00:00,1786497300,1.35036,1.3504800000000001,1.3502399999999999,1.35045,414,10,0
2026-08-12T01:30:00+00:00,1786498200,1.35047,1.35065,1.35037,1.3506,334,10,0
2026-08-12T01:45:00+00:00,1786499100,1.3506,1.35089,1.35047,1.3506,403,10,0
2026-08-12T02:00:00+00:00,1786500000,1.35062,1.35064,1.35028,1.3503,412,10,0
2026-08-12T02:15:00+00:00,1786500900,1.3503,1.35046,1.35012,1.35045,385,10,0
2026-08-12T02:30:00+00:00,1786501800,1.35043,1.35074,1.35038,1.35064,347,10,0
2026-08-12T02:45:00+00:00,1786502700,1.35064,1.3507,1.3505,1.35066,335,10,0
2026-08-12T03:00:00+00:00,1786503600,1.35066,1.35077,1.35052,1.35067,299,10,0
2026-08-12T03:15:00+00:00,1786504500,1.35067,1.35073,1.3506,1.35066,253,10,0
2026-08-12T03:30:00+00:00,1786505400,1.35067,1.3507500000000001,1.35047,1.3505099999999999,201,10,0
2026-08-12T03:45:00+00:00,1786506300,1.3505099999999999,1.35059,1.35039,1.3505099999999999,214,10,0
2026-08-12T04:00:00+00:00,1786507200,1.3505,1.35063,1.35037,1.35043,204,10,0
2026-08-12T04:15:00+00:00,1786508100,1.35043,1.3504800000000001,1.35025,1.3504399999999999,241,10,0
2026-08-12T04:30:00+00:00,1786509000,1.35045,1.35071,1.3504399999999999,1.35066,215,10,0
2026-08-12T04:45:00+00:00,1786509900,1.35066,1.35071,1.35057,1.35068,219,10,0
2026-08-12T05:00:00+00:00,1786510800,1.35068,1.35069,1.3504399999999999,1.3504399999999999,264,10,0
2026-08-12T05:15:00+00:00,1786511700,1.35043,1.35053,1.35018,1.35031,326,10,0
2026-08-12T05:30:00+00:00,1786512600,1.35031,1.35055,1.35028,1.35038,295,10,0
2026-08-12T05:45:00+00:00,1786513500,1.35038,1.35058,1.35028,1.35057,244,10,0
2026-08-12T06:00:00+00:00,1786514400,1.35055,1.3507,1.35039,1.35056,404,10,0
2026-08-12T06:15:00+00:00,1786515300,1.35055,1.35066,1.35038,1.35042,403,10,0
2026-08-12T06:30:00+00:00,1786516200,1.3504,1.35073,1.35022,1.35065,491,10,0
2026-08-12T06:45:00+00:00,1786517100,1.35066,1.35087,1.3504,1.35087,512,10,0
2026-08-12T07:00:00+00:00,1786518000,1.35089,1.35111,1.35072,1.35104,564,10,0
2026-08-12T07:15:00+00:00,1786518900,1.35104,1.35113,1.35084,1.35095,380,10,0
2026-08-12T07:30:00+00:00,1786519800,1.35095,1.35103,1.35073,1.35077,505,10,0
2026-08-12T07:45:00+00:00,1786520700,1.35077,1.35099,1.35055,1.3508200000000001,425,10,0
2026-08-12T08:00:00+00:00,1786521600,1.3508200000000001,1.35094,1.35064,1.35088,418,10,0
2026-08-12T08:15:00+00:00,1786522500,1.35087,1.35114,1.35074,1.35097,429,10,0
2026-08-12T08:30:00+00:00,1786523400,1.35097,1.3511600000000001,1.3507799999999999,1.3510900000000001,412,10,0
2026-08-12T08:45:00+00:00,1786524300,1.35111,1.35121,1.35088,1.351,338,10,0
2026-08-12T09:00:00+00:00,1786525200,1.35102,1.35194,1.35099,1.35181,535,10,0
2026-08-12T09:15:00+00:00,1786526100,1.35181,1.35291,1.35164,1.35178,975,10,0
2026-08-12T09:30:00+00:00,1786527000,1.3517700000000001,1.35192,1.3514,1.35149,594,10,0
2026-08-12T09:45:00+00:00,1786527900,1.35148,1.35179,1.3510499999999999,1.35124,697,10,0
2026-08-12T10:00:00+00:00,1786528800,1.35122,1.35202,1.35118,1.35185,560,10,0
2026-08-12T10:15:00+00:00,1786529700,1.35187,1.35217,1.35181,1.3520699999999999,438,10,0
2026-08-12T10:30:00+00:00,1786530600,1.3520699999999999,1.35215,1.35186,1.35213,362,10,0
2026-08-12T10:45:00+00:00,1786531500,1.35213,1.35225,1.35135,1.35148,670,10,0
2026-08-12T11:00:00+00:00,1786532400,1.35149,1.35186,1.35134,1.35161,481,10,0
2026-08-12T11:15:00+00:00,1786533300,1.3516,1.35196,1.35152,1.35193,424,10,0
2026-08-12T11:30:00+00:00,1786534200,1.35193,1.35218,1.35175,1.35212,429,10,0
2026-08-12T11:45:00+00:00,1786535100,1.35214,1.35285,1.35214,1.3526,562,10,0
2026-08-12T12:00:00+00:00,1786536000,1.35259,1.35277,1.35223,1.35264,603,10,0
2026-08-12T12:15:00+00:00,1786536900,1.35264,1.35285,1.35183,1.35282,752,10,0
2026-08-12T12:30:00+00:00,1786537800,1.35282,1.35454,1.3507,1.35372,3200,10,0
2026-08-12T12:45:00+00:00,1786538700,1.35371,1.35378,1.35284,1.3537,1718,10,0
2026-08-12T13:00:00+00:00,1786539600,1.35368,1.35407,1.35252,1.3526,1642,10,0
2026-08-12T13:15:00+00:00,1786540500,1.35262,1.3533,1.35227,1.35305,1299,10,0
2026-08-12T13:30:00+00:00,1786541400,1.35307,1.35332,1.35165,1.35181,1374,10,0
2026-08-12T13:45:00+00:00,1786542300,1.35179,1.35274,1.35167,1.35243,1158,10,0
2026-08-12T14:00:00+00:00,1786543200,1.35245,1.35293,1.3519700000000001,1.35217,980,10,0
2026-08-12T14:15:00+00:00,1786544100,1.35217,1.35257,1.35156,1.35167,913,10,0
2026-08-12T14:30:00+00:00,1786545000,1.35168,1.35192,1.35054,1.35119,897,10,0
2026-08-12T14:45:00+00:00,1786545900,1.3512,1.3514300000000001,1.35035,1.35086,1007,10,0
2026-08-12T15:00:00+00:00,1786546800,1.35086,1.351,1.35011,1.35081,957,10,0
2026-08-12T15:15:00+00:00,1786547700,1.3508,1.35091,1.3505099999999999,1.35059,685,10,0
2026-08-12T15:30:00+00:00,1786548600,1.35056,1.35079,1.35031,1.3504399999999999,648,10,0
2026-08-12T15:45:00+00:00,1786549500,1.35045,1.35114,1.35023,1.35093,673,10,0
2026-08-12T16:00:00+00:00,1786550400,1.35091,1.3510900000000001,1.35026,1.35083,644,10,0
2026-08-12T16:15:00+00:00,1786551300,1.35084,1.3508499999999999,1.35022,1.35023,592,10,0
2026-08-12T16:30:00+00:00,1786552200,1.35023,1.3503,1.34989,1.35007,575,10,0
2026-08-12T16:45:00+00:00,1786553100,1.35008,1.35012,1.34939,1.34968,632,10,0
2026-08-12T17:00:00+00:00,1786554000,1.34969,1.3501,1.34961,1.34961,544,10,0
2026-08-12T17:15:00+00:00,1786554900,1.34961,1.34971,1.34945,1.34959,418,10,0
2026-08-12T17:30:00+00:00,1786555800,1.34962,1.34972,1.34912,1.3492199999999999,441,10,0
2026-08-12T17:45:00+00:00,1786556700,1.34923,1.34946,1.34912,1.34921,407,10,0
2026-08-12T18:00:00+00:00,1786557600,1.34921,1.3496000000000001,1.34886,1.3494,500,10,0
2026-08-12T18:15:00+00:00,1786558500,1.3494,1.34969,1.3492899999999999,1.34948,362,10,0
2026-08-12T18:30:00+00:00,1786559400,1.34945,1.34951,1.34907,1.3491,324,10,0
2026-08-12T18:45:00+00:00,1786560300,1.3491,1.34916,1.34873,1.3488,335,10,0
2026-08-12T19:00:00+00:00,1786561200,1.34879,1.34901,1.34874,1.3489900000000001,372,10,0
2026-08-12T19:15:00+00:00,1786562100,1.349,1.34934,1.3489200000000001,1.34906,321,10,0
2026-08-12T19:30:00+00:00,1786563000,1.34906,1.34912,1.34887,1.34909,351,10,0
2026-08-12T19:45:00+00:00,1786563900,1.34908,1.3492199999999999,1.34878,1.3492199999999999,370,10,0
2026-08-12T20:00:00+00:00,1786564800,1.34921,1.34924,1.3489900000000001,1.3489900000000001,256,10,0
2026-08-12T20:15:00+00:00,1786565700,1.3489900000000001,1.34913,1.3489499999999999,1.3491,169,10,0
2026-08-12T20:30:00+00:00,1786566600,1.34907,1.34934,1.34905,1.34933,125,10,0
2026-08-12T20:45:00+00:00,1786567500,1.34933,1.34958,1.34931,1.3494,254,10,0
2026-08-12T21:00:00+00:00,1786568400,1.34942,1.34947,1.34932,1.34939,66,15,0
2026-08-12T21:15:00+00:00,1786569300,1.34941,1.34943,1.34893,1.34916,267,15,0
2026-08-12T21:30:00+00:00,1786570200,1.34918,1.34937,1.34906,1.34931,151,33,0
2026-08-12T21:45:00+00:00,1786571100,1.34931,1.34933,1.34911,1.34924,146,31,0
2026-08-12T22:00:00+00:00,1786572000,1.34934,1.34946,1.34914,1.3493,119,10,0
2026-08-12T22:15:00+00:00,1786572900,1.3493,1.34939,1.3492600000000001,1.34933,98,10,0
2026-08-12T22:30:00+00:00,1786573800,1.34933,1.34944,1.3493,1.3494,82,10,0
2026-08-12T22:45:00+00:00,1786574700,1.3494,1.34958,1.3494,1.3495599999999999,125,10,0
2026-08-12T23:00:00+00:00,1786575600,1.3495599999999999,1.34966,1.34954,1.34958,102,10,0
2026-08-12T23:15:00+00:00,1786576500,1.34958,1.34969,1.34957,1.34965,91,10,0
2026-08-12T23:30:00+00:00,1786577400,1.34965,1.34967,1.34947,1.34955,162,10,0
2026-08-12T23:45:00+00:00,1786578300,1.34954,1.34975,1.34944,1.34968,223,10,0
2026-08-13T00:00:00+00:00,1786579200,1.3497,1.34991,1.3496299999999999,1.34968,408,10,0
2026-08-13T00:15:00+00:00,1786580100,1.34968,1.34997,1.34968,1.34979,348,10,0
2026-08-13T00:30:00+00:00,1786581000,1.34979,1.35003,1.34977,1.34988,384,10,0
2026-08-13T00:45:00+00:00,1786581900,1.34989,1.34989,1.34941,1.34973,424,10,0
2026-08-13T01:00:00+00:00,1786582800,1.34972,1.34984,1.3495,1.34966,510,10,0
2026-08-13T01:15:00+00:00,1786583700,1.34965,1.34988,1.34964,1.34973,410,10,0
2026-08-13T01:30:00+00:00,1786584600,1.34971,1.3498999999999999,1.34945,1.34948,376,10,0
2026-08-13T01:45:00+00:00,1786585500,1.34948,1.34951,1.34907,1.34921,479,10,0
2026-08-13T02:00:00+00:00,1786586400,1.3492199999999999,1.34928,1.349,1.34905,299,10,0
2026-08-13T02:15:00+00:00,1786587300,1.34906,1.34907,1.34878,1.34878,342,10,0
2026-08-13T02:30:00+00:00,1786588200,1.3488,1.34894,1.3486500000000001,1.34882,368,10,0
2026-08-13T02:45:00+00:00,1786589100,1.34882,1.34888,1.3487,1.34878,287,10,0
2026-08-13T03:00:00+00:00,1786590000,1.34879,1.3491,1.34862,1.34887,506,10,0
2026-08-13T03:15:00+00:00,1786590900,1.34886,1.3489,1.34864,1.34886,370,10,0
2026-08-13T03:30:00+00:00,1786591800,1.34888,1.34909,1.34881,1.34908,318,10,0
2026-08-13T03:45:00+00:00,1786592700,1.34908,1.34909,1.34893,1.34897,281,10,0
2026-08-13T04:00:00+00:00,1786593600,1.34896,1.34896,1.34869,1.34879,317,10,0
2026-08-13T04:15:00+00:00,1786594500,1.34879,1.3488,1.34862,1.34879,211,10,0
2026-08-13T04:30:00+00:00,1786595400,1.34879,1.3489499999999999,1.34876,1.34886,231,10,0
2026-08-13T04:45:00+00:00,1786596300,1.34886,1.34962,1.34886,1.34949,609,10,0
2026-08-13T05:00:00+00:00,1786597200,1.3495,1.34957,1.34933,1.34949,414,10,0
2026-08-13T05:15:00+00:00,1786598100,1.34951,1.34972,1.34937,1.34957,382,10,0
2026-08-13T05:30:00+00:00,1786599000,1.34957,1.34957,1.34917,1.34921,297,10,0
2026-08-13T05:45:00+00:00,1786599900,1.34921,1.34957,1.34911,1.34935,363,10,0
2026-08-13T06:00:00+00:00,1786600800,1.34937,1.34981,1.34894,1.34896,556,10,0
2026-08-13T06:15:00+00:00,1786601700,1.34896,1.34937,1.34846,1.34857,603,10,0
2026-08-13T06:30:00+00:00,1786602600,1.34857,1.3486099999999999,1.3473899999999999,1.34793,742,10,0
2026-08-13T06:45:00+00:00,1786603500,1.34793,1.34829,1.34786,1.34822,555,10,0
2026-08-13T07:00:00+00:00,1786604400,1.3482,1.34839,1.3475,1.34776,672,10,0
2026-08-13T07:15:00+00:00,1786605300,1.3477700000000001,1.34845,1.34775,1.34836,476,10,0
2026-08-13T07:30:00+00:00,1786606200,1.3483399999999999,1.34857,1.34795,1.34846,509,10,0
2026-08-13T07:45:00+00:00,1786607100,1.34846,1.34875,1.34816,1.34822,625,10,0
2026-08-13T08:00:00+00:00,1786608000,1.34822,1.3483,1.34779,1.34799,655,10,0
2026-08-13T08:15:00+00:00,1786608900,1.34799,1.3481,1.3477299999999999,1.34791,463,10,0
2026-08-13T08:30:00+00:00,1786609800,1.34789,1.3483399999999999,1.34786,1.34812,466,10,0
2026-08-13T08:45:00+00:00,1786610700,1.3481,1.34828,1.34776,1.34784,451,10,0
2026-08-13T09:00:00+00:00,1786611600,1.34785,1.34813,1.34748,1.34806,525,10,0
2026-08-13T09:15:00+00:00,1786612500,1.3480400000000001,1.3488,1.34793,1.34869,526,10,0
2026-08-13T09:30:00+00:00,1786613400,1.3487,1.34893,1.3486099999999999,1.3487,378,10,0
2026-08-13T09:45:00+00:00,1786614300,1.3487,1.34911,1.34856,1.34907,481,10,0
2026-08-13T10:00:00+00:00,1786615200,1.34909,1.34957,1.34901,1.34955,440,10,0
2026-08-13T10:15:00+00:00,1786616100,1.3495599999999999,1.34982,1.34947,1.34981,403,10,0
2026-08-13T10:30:00+00:00,1786617000,1.34981,1.35008,1.34962,1.34964,434,10,0
2026-08-13T10:45:00+00:00,1786617900,1.34965,1.34969,1.3488,1.3489200000000001,482,10,0
2026-08-13T11:00:00+00:00,1786618800,1.34893,1.34939,1.3486799999999999,1.3493,449,10,0
2026-08-13T11:15:00+00:00,1786619700,1.34931,1.34946,1.34915,1.34943,410,10,0
2026-08-13T11:30:00+00:00,1786620600,1.34943,1.34958,1.34923,1.34931,409,10,0
2026-08-13T11:45:00+00:00,1786621500,1.3493,1.34959,1.3489900000000001,1.34916,462,10,0
2026-08-13T12:00:00+00:00,1786622400,1.34916,1.34924,1.3489200000000001,1.34901,533,10,0
2026-08-13T12:15:00+00:00,1786623300,1.3489900000000001,1.34917,1.34866,1.34904,472,10,0
2026-08-13T12:30:00+00:00,1786624200,1.34906,1.3498999999999999,1.34832,1.3495599999999999,1074,10,0
2026-08-13T12:45:00+00:00,1786625100,1.3495599999999999,1.35093,1.34951,1.35083,971,10,0
2026-08-13T13:00:00+00:00,1786626000,1.3508200000000001,1.35095,1.35019,1.3505099999999999,1073,10,0
2026-08-13T13:15:00+00:00,1786626900,1.35054,1.35081,1.35008,1.3502100000000001,741,10,0
2026-08-13T13:30:00+00:00,1786627800,1.35018,1.35028,1.34967,1.35007,897,10,0
2026-08-13T13:45:00+00:00,1786628700,1.35009,1.3502,1.34941,1.34984,1022,10,0
2026-08-13T14:00:00+00:00,1786629600,1.34986,1.3507,1.34976,1.35055,1060,10,0
2026-08-13T14:15:00+00:00,1786630500,1.35054,1.35129,1.35034,1.35034,958,10,0
2026-08-13T14:30:00+00:00,1786631400,1.35032,1.35055,1.35,1.35018,782,10,0
2026-08-13T14:45:00+00:00,1786632300,1.35019,1.35093,1.34984,1.35067,890,10,0
2026-08-13T15:00:00+00:00,1786633200,1.35066,1.35089,1.35012,1.35022,848,10,0
2026-08-13T15:15:00+00:00,1786634100,1.35026,1.35031,1.34943,1.34958,913,10,0
2026-08-13T15:30:00+00:00,1786635000,1.34957,1.34988,1.34943,1.34944,761,10,0
2026-08-13T15:45:00+00:00,1786635900,1.34946,1.34974,1.34933,1.34954,580,10,0
2026-08-13T16:00:00+00:00,1786636800,1.34952,1.3496000000000001,1.34872,1.34885,628,10,0
2026-08-13T16:15:00+00:00,1786637700,1.34886,1.3489200000000001,1.34824,1.34848,586,10,0
2026-08-13T16:30:00+00:00,1786638600,1.34849,1.34859,1.34823,1.34837,546,10,0
2026-08-13T16:45:00+00:00,1786639500,1.34837,1.3487,1.34835,1.34856,444,10,0
2026-08-13T17:00:00+00:00,1786640400,1.34854,1.3489,1.34806,1.34812,616,10,0
2026-08-13T17:15:00+00:00,1786641300,1.34812,1.34839,1.34802,1.34816,469,10,0
2026-08-13T17:30:00+00:00,1786642200,1.34816,1.3483800000000001,1.34792,1.34833,467,10,0
2026-08-13T17:45:00+00:00,1786643100,1.34833,1.3485,1.34815,1.34818,456,10,0
2026-08-13T18:00:00+00:00,1786644000,1.34817,1.3487,1.34792,1.34854,478,10,0
2026-08-13T18:15:00+00:00,1786644900,1.34855,1.3486,1.34826,1.3485,395,10,0
2026-08-13T18:30:00+00:00,1786645800,1.34853,1.34871,1.3483100000000001,1.34856,423,10,0
2026-08-13T18:45:00+00:00,1786646700,1.34856,1.3486099999999999,1.34833,1.34837,372,10,0
2026-08-13T19:00:00+00:00,1786647600,1.3483800000000001,1.34859,1.3483100000000001,1.34844,377,10,0
2026-08-13T19:15:00+00:00,1786648500,1.34842,1.34874,1.3483399999999999,1.3487,331,10,0
2026-08-13T19:30:00+00:00,1786649400,1.34872,1.34878,1.34833,1.34844,346,10,0
2026-08-13T19:45:00+00:00,1786650300,1.34845,1.34874,1.34832,1.3486500000000001,414,10,0
2026-08-13T20:00:00+00:00,1786651200,1.34867,1.34874,1.3484,1.34853,291,10,0
2026-08-13T20:15:00+00:00,1786652100,1.34853,1.34864,1.3484,1.34856,155,10,0
2026-08-13T20:30:00+00:00,1786653000,1.3485800000000001,1.3486,1.34842,1.34847,172,10,0
2026-08-13T20:45:00+00:00,1786653900,1.34846,1.34876,1.34846,1.34857,210,10,0
2026-08-13T21:00:00+00:00,1786654800,1.34854,1.34863,1.3482,1.3483100000000001,329,13,0
2026-08-13T21:15:00+00:00,1786655700,1.34833,1.34851,1.34828,1.34845,128,26,0
2026-08-13T21:30:00+00:00,1786656600,1.3483800000000001,1.34849,1.34825,1.34837,272,46,0
2026-08-13T21:45:00+00:00,1786657500,1.3483800000000001,1.34849,1.34825,1.3484099999999999,140,44,0
2026-08-13T22:00:00+00:00,1786658400,1.34846,1.34876,1.34846,1.34855,149,10,0
2026-08-13T22:15:00+00:00,1786659300,1.34852,1.34877,1.3485,1.3487,128,10,0
2026-08-13T22:30:00+00:00,1786660200,1.3487,1.34877,1.3486500000000001,1.34876,80,10,0
2026-08-13T22:45:00+00:00,1786661100,1.34876,1.34881,1.3486799999999999,1.34881,99,10,0
2026-08-13T23:00:00+00:00,1786662000,1.34881,1.34896,1.34881,1.34893,172,10,0
2026-08-13T23:15:00+00:00,1786662900,1.34893,1.34893,1.34873,1.34876,143,10,0
2026-08-13T23:30:00+00:00,1786663800,1.34876,1.34897,1.34875,1.34889,154,10,0
2026-08-13T23:45:00+00:00,1786664700,1.3489,1.34905,1.34888,1.34896,264,10,0
2026-08-14T00:00:00+00:00,1786665600,1.3489499999999999,1.3492600000000001,1.34891,1.34906,509,10,0
2026-08-14T00:15:00+00:00,1786666500,1.34908,1.34945,1.34904,1.34937,421,10,0
2026-08-14T00:30:00+00:00,1786667400,1.34941,1.3495599999999999,1.34933,1.34942,403,10,0
2026-08-14T00:45:00+00:00,1786668300,1.34941,1.34976,1.34933,1.34969,449,10,0
2026-08-14T01:00:00+00:00,1786669200,1.34967,1.34974,1.34906,1.34908,517,10,0
2026-08-14T01:15:00+00:00,1786670100,1.34909,1.3492899999999999,1.3489200000000001,1.34911,478,10,0
2026-08-14T01:30:00+00:00,1786671000,1.34911,1.34954,1.34894,1.34932,427,10,0
2026-08-14T01:45:00+00:00,1786671900,1.34932,1.34944,1.34887,1.3489,386,10,0
2026-08-14T02:00:00+00:00,1786672800,1.34889,1.34915,1.34886,1.34904,373,10,0
2026-08-14T02:15:00+00:00,1786673700,1.34904,1.34933,1.3490199999999999,1.34909,279,10,0
2026-08-14T02:30:00+00:00,1786674600,1.34906,1.34937,1.34903,1.34934,336,10,0
2026-08-14T02:45:00+00:00,1786675500,1.34935,1.34938,1.34882,1.3489499999999999,378,10,0
2026-08-14T03:00:00+00:00,1786676400,1.3489499999999999,1.34924,1.34884,1.3492,320,10,0
2026-08-14T03:15:00+00:00,1786677300,1.34923,1.34967,1.34912,1.34965,388,10,0
2026-08-14T03:30:00+00:00,1786678200,1.3496299999999999,1.34972,1.34943,1.34951,327,10,0
2026-08-14T03:45:00+00:00,1786679100,1.34951,1.34954,1.3493,1.34944,334,10,0
2026-08-14T04:00:00+00:00,1786680000,1.34947,1.3498,1.34942,1.3496299999999999,366,10,0
2026-08-14T04:15:00+00:00,1786680900,1.34964,1.34971,1.34944,1.34947,302,10,0
2026-08-14T04:30:00+00:00,1786681800,1.34947,1.34998,1.34941,1.34957,361,10,0
2026-08-14T04:45:00+00:00,1786682700,1.34958,1.34975,1.3495,1.34965,241,10,0
2026-08-14T05:00:00+00:00,1786683600,1.34968,1.34986,1.34964,1.34973,287,10,0
2026-08-14T05:15:00+00:00,1786684500,1.34972,1.34999,1.3497,1.34994,284,10,0
2026-08-14T05:30:00+00:00,1786685400,1.34992,1.3502,1.34977,1.34984,536,10,0
2026-08-14T05:45:00+00:00,1786686300,1.3498299999999999,1.35005,1.34977,1.35004,393,10,0
2026-08-14T06:00:00+00:00,1786687200,1.35004,1.3502399999999999,1.34999,1.3501,562,10,0
2026-08-14T06:15:00+00:00,1786688100,1.3501,1.3502100000000001,1.34974,1.34992,494,10,0
2026-08-14T06:30:00+00:00,1786689000,1.34991,1.35036,1.34989,1.35025,504,10,0
2026-08-14T06:45:00+00:00,1786689900,1.35029,1.35045,1.35006,1.35041,426,10,0
2026-08-14T07:00:00+00:00,1786690800,1.35045,1.3508200000000001,1.3503,1.35052,584,10,0
2026-08-14T07:15:00+00:00,1786691700,1.35049,1.35066,1.35028,1.35035,471,10,0
2026-08-14T07:30:00+00:00,1786692600,1.35032,1.35095,1.3502399999999999,1.35069,502,10,0
2026-08-14T07:45:00+00:00,1786693500,1.35068,1.35131,1.35064,1.35117,691,10,0
2026-08-14T08:00:00+00:00,1786694400,1.35119,1.35195,1.35117,1.35163,700,10,0
2026-08-14T08:15:00+00:00,1786695300,1.35163,1.35225,1.35147,1.35216,503,10,0
2026-08-14T08:30:00+00:00,1786696200,1.35217,1.35269,1.35189,1.35217,613,10,0
2026-08-14T08:45:00+00:00,1786697100,1.35214,1.35235,1.35179,1.35222,639,10,0
2026-08-14T09:00:00+00:00,1786698000,1.35218,1.35254,1.35189,1.35212,565,10,0
2026-08-14T09:15:00+00:00,1786698900,1.3521,1.35226,1.35199,1.35222,439,10,0
2026-08-14T09:30:00+00:00,1786699800,1.35222,1.35232,1.35193,1.35214,439,10,0
2026-08-14T09:45:00+00:00,1786700700,1.35216,1.35251,1.3521,1.35247,496,10,0
2026-08-14T10:00:00+00:00,1786701600,1.35248,1.35278,1.35226,1.3526,489,10,0
2026-08-14T10:15:00+00:00,1786702500,1.3526099999999999,1.35273,1.35253,1.3526500000000001,328,10,0
2026-08-14T10:30:00+00:00,1786703400,1.3526500000000001,1.35289,1.3525800000000001,1.35283,378,10,0
2026-08-14T10:45:00+00:00,1786704300,1.35284,1.3529499999999999,1.3526,1.35269,451,10,0
2026-08-14T11:00:00+00:00,1786705200,1.35272,1.35305,1.3526,1.3529900000000001,594,10,0
2026-08-14T11:15:00+00:00,1786706100,1.3529900000000001,1.35364,1.3529499999999999,1.3534,590,10,0
2026-08-14T11:30:00+00:00,1786707000,1.35343,1.35423,1.35338,1.354,629,10,0
2026-08-14T11:45:00+00:00,1786707900,1.35401,1.35411,1.35341,1.35347,624,10,0
2026-08-14T12:00:00+00:00,1786708800,1.35344,1.35408,1.35324,1.35349,734,10,0
2026-08-14T12:15:00+00:00,1786709700,1.35348,1.35439,1.35345,1.35427,758,10,0
2026-08-14T12:30:00+00:00,1786710600,1.35426,1.35503,1.35351,1.3535300000000001,1114,10,0
2026-08-14T12:45:00+00:00,1786711500,1.35354,1.35409,1.35342,1.35376,815,10,0
2026-08-14T13:00:00+00:00,1786712400,1.35375,1.35391,1.35336,1.35361,813,10,0
2026-08-14T13:15:00+00:00,1786713300,1.35361,1.35446,1.35344,1.35425,757,10,0
2026-08-14T13:30:00+00:00,1786714200,1.35427,1.35557,1.35405,1.35547,1073,10,0
2026-08-14T13:45:00+00:00,1786715100,1.35548,1.35614,1.355,1.3551,1170,10,0
2026-08-14T14:00:00+00:00,1786716000,1.35515,1.35574,1.355,1.3550200000000001,960,10,0
2026-08-14T14:15:00+00:00,1786716900,1.3550200000000001,1.35611,1.35496,1.35579,929,10,0
2026-08-14T14:30:00+00:00,1786717800,1.35579,1.35584,1.35488,1.3551199999999999,891,10,0
2026-08-14T14:45:00+00:00,1786718700,1.3551199999999999,1.3551199999999999,1.35452,1.35479,965,10,0
2026-08-14T15:00:00+00:00,1786719600,1.35481,1.35529,1.35466,1.35483,882,10,0
2026-08-14T15:15:00+00:00,1786720500,1.35483,1.35488,1.35393,1.3547799999999999,867,10,0
2026-08-14T15:30:00+00:00,1786721400,1.35479,1.35544,1.35479,1.35506,841,10,0
2026-08-14T15:45:00+00:00,1786722300,1.35506,1.35567,1.355,1.35533,731,10,0
2026-08-14T16:00:00+00:00,1786723200,1.35534,1.35561,1.35489,1.35492,642,10,0
2026-08-14T16:15:00+00:00,1786724100,1.35492,1.35535,1.35481,1.35484,611,10,0
2026-08-14T16:30:00+00:00,1786725000,1.3548499999999999,1.35525,1.35457,1.35464,542,10,0
2026-08-14T16:45:00+00:00,1786725900,1.35464,1.35469,1.35381,1.35391,555,10,0
2026-08-14T17:00:00+00:00,1786726800,1.3538999999999999,1.35392,1.35304,1.35317,559,10,0
2026-08-14T17:15:00+00:00,1786727700,1.35317,1.35336,1.35267,1.35297,510,10,0
2026-08-14T17:30:00+00:00,1786728600,1.35297,1.35321,1.35284,1.35284,515,10,0
2026-08-14T17:45:00+00:00,1786729500,1.35284,1.35328,1.35279,1.35321,441,10,0
2026-08-14T18:00:00+00:00,1786730400,1.35323,1.35331,1.35291,1.35301,451,10,0
2026-08-14T18:15:00+00:00,1786731300,1.3529900000000001,1.35346,1.35294,1.3534,360,10,0
2026-08-14T18:30:00+00:00,1786732200,1.3534,1.35348,1.35318,1.35338,314,10,0
2026-08-14T18:45:00+00:00,1786733100,1.35338,1.35354,1.3532199999999999,1.35325,319,10,0
2026-08-14T19:00:00+00:00,1786734000,1.35325,1.35357,1.35316,1.35344,406,10,0
2026-08-14T19:15:00+00:00,1786734900,1.35344,1.3537,1.35336,1.35358,380,10,0
2026-08-14T19:30:00+00:00,1786735800,1.35357,1.35368,1.35332,1.35338,375,10,0
2026-08-14T19:45:00+00:00,1786736700,1.35342,1.35357,1.35325,1.35343,403,10,0
2026-08-14T20:00:00+00:00,1786737600,1.35344,1.35358,1.35332,1.35342,251,10,0
2026-08-14T20:15:00+00:00,1786738500,1.35345,1.35364,1.35337,1.35359,209,10,0
2026-08-14T20:30:00+00:00,1786739400,1.35359,1.3536000000000001,1.35332,1.35341,155,10,0
2026-08-14T20:45:00+00:00,1786740300,1.3534,1.35346,1.35312,1.35333,884,10,0
2026-08-16T21:00:00+00:00,1786914000,1.3535300000000001,1.3535300000000001,1.35269,1.35351,75,47,0
2026-08-16T21:15:00+00:00,1786914900,1.35352,1.3536299999999999,1.35341,1.35349,121,47,0
2026-08-16T21:30:00+00:00,1786915800,1.35347,1.35357,1.35309,1.35355,164,47,0
2026-08-16T21:45:00+00:00,1786916700,1.35354,1.35355,1.35243,1.3532,168,47,0
2026-08-16T22:00:00+00:00,1786917600,1.35343,1.35354,1.35298,1.3532,192,10,0
2026-08-16T22:15:00+00:00,1786918500,1.3532,1.35374,1.3531900000000001,1.35373,185,10,0
2026-08-16T22:30:00+00:00,1786919400,1.35373,1.35397,1.35369,1.3538999999999999,209,10,0
2026-08-16T22:45:00+00:00,1786920300,1.3538999999999999,1.35429,1.35389,1.35428,202,10,0
2026-08-16T23:00:00+00:00,1786921200,1.35428,1.3544800000000001,1.3542399999999999,1.35435,247,10,0
2026-08-16T23:15:00+00:00,1786922100,1.35436,1.35438,1.3542399999999999,1.35434,156,10,0
2026-08-16T23:30:00+00:00,1786923000,1.35434,1.35449,1.35423,1.35445,162,10,0
2026-08-16T23:45:00+00:00,1786923900,1.3544399999999999,1.35468,1.35438,1.35456,197,10,0
2026-08-17T00:00:00+00:00,1786924800,1.35456,1.35518,1.35456,1.35515,561,10,0
2026-08-17T00:15:00+00:00,1786925700,1.3551199999999999,1.35535,1.355,1.35524,457,10,0
2026-08-17T00:30:00+00:00,1786926600,1.35524,1.35555,1.35518,1.35528,411,10,0
2026-08-17T00:45:00+00:00,1786927500,1.35527,1.35558,1.35515,1.35547,475,10,0
2026-08-17T01:00:00+00:00,1786928400,1.35548,1.35558,1.35511,1.35523,532,10,0
2026-08-17T01:15:00+00:00,1786929300,1.35523,1.35564,1.35513,1.35532,514,10,0
2026-08-17T01:30:00+00:00,1786930200,1.35534,1.35538,1.35495,1.35534,479,10,0
2026-08-17T01:45:00+00:00,1786931100,1.35534,1.35556,1.35529,1.35551,432,10,0
2026-08-17T02:00:00+00:00,1786932000,1.35547,1.35557,1.35513,1.35537,393,10,0
2026-08-17T02:15:00+00:00,1786932900,1.3553600000000001,1.35552,1.35525,1.35549,365,10,0
2026-08-17T02:30:00+00:00,1786933800,1.35549,1.35554,1.35494,1.3550499999999999,394,10,0
2026-08-17T02:45:00+00:00,1786934700,1.35501,1.35516,1.35488,1.35493,286,10,0
2026-08-17T03:00:00+00:00,1786935600,1.35493,1.35499,1.35472,1.35492,391,10,0
2026-08-17T03:15:00+00:00,1786936500,1.35493,1.35506,1.3548,1.35487,235,10,0
2026-08-17T03:30:00+00:00,1786937400,1.35487,1.35497,1.35461,1.35477,314,10,0
2026-08-17T03:45:00+00:00,1786938300,1.35477,1.35519,1.35472,1.35515,343,10,0
2026-08-17T04:00:00+00:00,1786939200,1.35518,1.3556,1.35503,1.35551,425,10,0
2026-08-17T04:15:00+00:00,1786940100,1.35551,1.35553,1.3553,1.35542,309,10,0
2026-08-17T04:30:00+00:00,1786941000,1.35541,1.35549,1.35532,1.3554599999999999,217,10,0
2026-08-17T04:45:00+00:00,1786941900,1.3554599999999999,1.35549,1.35504,1.35506,294,10,0
2026-08-17T05:00:00+00:00,1786942800,1.35508,1.35523,1.3549,1.35496,338,10,0
2026-08-17T05:15:00+00:00,1786943700,1.35498,1.35547,1.35492,1.3553600000000001,375,10,0
2026-08-17T05:30:00+00:00,1786944600,1.3553899999999999,1.3555,1.35521,1.35531,463,10,0
2026-08-17T05:45:00+00:00,1786945500,1.35532,1.35584,1.3552,1.35532,567,10,0
2026-08-17T06:00:00+00:00,1786946400,1.35534,1.35562,1.35499,1.35516,672,10,0
2026-08-17T06:15:00+00:00,1786947300,1.35518,1.35555,1.35501,1.35552,678,10,0
2026-08-17T06:30:00+00:00,1786948200,1.3555,1.35557,1.35503,1.35535,511,10,0
2026-08-17T06:45:00+00:00,1786949100,1.3553600000000001,1.3559999999999999,1.35526,1.35579,746,10,0
2026-08-17T07:00:00+00:00,1786950000,1.35582,1.35598,1.35541,1.35575,725,10,0
2026-08-17T07:15:00+00:00,1786950900,1.35575,1.35653,1.35574,1.35647,719,10,0
2026-08-17T07:30:00+00:00,1786951800,1.35647,1.3571,1.3564,1.35673,708,10,0
2026-08-17T07:45:00+00:00,1786952700,1.35671,1.35672,1.35602,1.3563100000000001,687,10,0
2026-08-17T08:00:00+00:00,1786953600,1.3563100000000001,1.35655,1.35595,1.35644,665,10,0
2026-08-17T08:15:00+00:00,1786954500,1.35644,1.35703,1.35637,1.35701,554,10,0
2026-08-17T08:30:00+00:00,1786955400,1.35701,1.35705,1.35593,1.35603,605,10,0
2026-08-17T08:45:00+00:00,1786956300,1.35602,1.35613,1.35487,1.35533,781,10,0
2026-08-17T09:00:00+00:00,1786957200,1.35533,1.35567,1.35508,1.35555,610,10,0
2026-08-17T09:15:00+00:00,1786958100,1.35555,1.35582,1.35535,1.3557299999999999,508,10,0
2026-08-17T09:30:00+00:00,1786959000,1.35574,1.35616,1.3556599999999999,1.35609,488,10,0
2026-08-17T09:45:00+00:00,1786959900,1.35608,1.35612,1.3557299999999999,1.3558,520,10,0
2026-08-17T10:00:00+00:00,1786960800,1.35584,1.35612,1.35542,1.35587,567,10,0
2026-08-17T10:15:00+00:00,1786961700,1.35586,1.35642,1.35565,1.3563,588,10,0
2026-08-17T10:30:00+00:00,1786962600,1.35628,1.35647,1.35571,1.35588,643,10,0
2026-08-17T10:45:00+00:00,1786963500,1.35591,1.35593,1.3553,1.3556,478,10,0
2026-08-17T11:00:00+00:00,1786964400,1.3556300000000001,1.35609,1.3555,1.35552,491,10,0
2026-08-17T11:15:00+00:00,1786965300,1.35553,1.35589,1.35515,1.35584,547,10,0
2026-08-17T11:30:00+00:00,1786966200,1.35584,1.35586,1.35532,1.35537,547,10,0
2026-08-17T11:45:00+00:00,1786967100,1.35538,1.35567,1.35517,1.35561,532,10,0
2026-08-17T12:00:00+00:00,1786968000,1.35562,1.3562,1.35551,1.35589,652,10,0
2026-08-17T12:15:00+00:00,1786968900,1.35589,1.35617,1.35526,1.35556,803,10,0
2026-08-17T12:30:00+00:00,1786969800,1.35553,1.35584,1.35534,1.35578,574,10,0
2026-08-17T12:45:00+00:00,1786970700,1.35576,1.3560400000000001,1.35532,1.35601,650,10,0
2026-08-17T13:00:00+00:00,1786971600,1.3560400000000001,1.35659,1.3558,1.35611,760,10,0
2026-08-17T13:15:00+00:00,1786972500,1.35611,1.35654,1.3559700000000001,1.3561,588,10,0
2026-08-17T13:30:00+00:00,1786973400,1.35612,1.35648,1.35552,1.35552,769,10,0
2026-08-17T13:45:00+00:00,1786974300,1.35551,1.35596,1.35507,1.35593,754,10,0
2026-08-17T14:00:00+00:00,1786975200,1.35591,1.35659,1.35581,1.35649,775,10,0
2026-08-17T14:15:00+00:00,1786976100,1.35648,1.3568500000000001,1.35584,1.3560699999999999,829,10,0
2026-08-17T14:30:00+00:00,1786977000,1.35609,1.35618,1.35547,1.35552,658,10,0
2026-08-17T14:45:00+00:00,1786977900,1.35551,1.35567,1.35496,1.35527,816,10,0
2026-08-17T15:00:00+00:00,1786978800,1.35525,1.35545,1.35501,1.35527,752,10,0
2026-08-17T15:15:00+00:00,1786979700,1.35528,1.35561,1.3550900000000001,1.35557,578,10,0
2026-08-17T15:30:00+00:00,1786980600,1.3556,1.35576,1.3551,1.35518,673,10,0
2026-08-17T15:45:00+00:00,1786981500,1.35519,1.35614,1.3550900000000001,1.35614,527,10,0
2026-08-17T16:00:00+00:00,1786982400,1.35613,1.35618,1.35564,1.35585,512,10,0
2026-08-17T16:15:00+00:00,1786983300,1.35585,1.35626,1.35579,1.3560400000000001,479,10,0
2026-08-17T16:30:00+00:00,1786984200,1.3560400000000001,1.35644,1.35603,1.35613,380,10,0
2026-08-17T16:45:00+00:00,1786985100,1.35614,1.35614,1.35571,1.35583,391,10,0
2026-08-17T17:00:00+00:00,1786986000,1.35584,1.35596,1.35561,1.35567,447,10,0
2026-08-17T17:15:00+00:00,1786986900,1.35569,1.3557299999999999,1.35513,1.3554300000000001,460,10,0
2026-08-17T17:30:00+00:00,1786987800,1.3554300000000001,1.35552,1.35439,1.35474,615,10,0
2026-08-17T17:45:00+00:00,1786988700,1.35474,1.35491,1.35436,1.3544100000000001,437,10,0
2026-08-17T18:00:00+00:00,1786989600,1.3544,1.3545099999999999,1.3541400000000001,1.35438,487,10,0
2026-08-17T18:15:00+00:00,1786990500,1.35438,1.35452,1.35375,1.35397,418,10,0
2026-08-17T18:30:00+00:00,1786991400,1.35397,1.354,1.35366,1.35374,523,10,0
2026-08-17T18:45:00+00:00,1786992300,1.35374,1.35391,1.35354,1.35374,424,10,0
2026-08-17T19:00:00+00:00,1786993200,1.35376,1.35408,1.3535599999999999,1.35405,430,10,0
2026-08-17T19:15:00+00:00,1786994100,1.35407,1.3543,1.35404,1.35425,370,10,0
2026-08-17T19:30:00+00:00,1786995000,1.35428,1.35446,1.35405,1.35442,436,10,0
2026-08-17T19:45:00+00:00,1786995900,1.35445,1.35446,1.35409,1.35427,395,10,0
2026-08-17T20:00:00+00:00,1786996800,1.35425,1.35447,1.35407,1.35407,211,10,0
2026-08-17T20:15:00+00:00,1786997700,1.35408,1.35447,1.35408,1.35434,108,10,0
2026-08-17T20:30:00+00:00,1786998600,1.35434,1.35437,1.35425,1.35427,164,10,0
2026-08-17T20:45:00+00:00,1786999500,1.35429,1.35435,1.35399,1.3541699999999999,249,9,0
2026-08-17T21:00:00+00:00,1787000400,1.3541699999999999,1.3541699999999999,1.3538700000000001,1.35394,78,20,0
2026-08-17T21:15:00+00:00,1787001300,1.35395,1.35412,1.35378,1.35407,259,68,0
2026-08-17T21:30:00+00:00,1787002200,1.35409,1.3542100000000001,1.35408,1.3541400000000001,212,55,0
2026-08-17T21:45:00+00:00,1787003100,1.3541400000000001,1.35423,1.35395,1.35411,156,55,0
2026-08-17T22:00:00+00:00,1787004000,1.3542,1.35439,1.3542,1.35437,113,10,0
2026-08-17T22:15:00+00:00,1787004900,1.35437,1.3545099999999999,1.35425,1.35447,132,10,0
2026-08-17T22:30:00+00:00,1787005800,1.35446,1.35446,1.35422,1.35435,113,10,0
2026-08-17T22:45:00+00:00,1787006700,1.35435,1.35439,1.35429,1.35436,95,10,0
2026-08-17T23:00:00+00:00,1787007600,1.35436,1.35457,1.35432,1.35455,110,10,0
2026-08-17T23:15:00+00:00,1787008500,1.35455,1.35473,1.3545099999999999,1.35471,138,10,0
2026-08-17T23:30:00+00:00,1787009400,1.35471,1.35508,1.35465,1.3550499999999999,158,10,0
2026-08-17T23:45:00+00:00,1787010300,1.35504,1.35515,1.35484,1.35498,267,10,0
2026-08-18T00:00:00+00:00,1787011200,1.35498,1.35538,1.35494,1.35511,529,10,0
2026-08-18T00:15:00+00:00,1787012100,1.35508,1.35525,1.3547,1.35474,434,10,0
2026-08-18T00:30:00+00:00,1787013000,1.35473,1.35496,1.35443,1.35487,439,10,0
2026-08-18T00:45:00+00:00,1787013900,1.35488,1.355,1.35461,1.35498,410,10,0
2026-08-18T01:00:00+00:00,1787014800,1.35495,1.35531,1.35476,1.35524,549,10,0
2026-08-18T01:15:00+00:00,1787015700,1.35524,1.35527,1.35452,1.35479,460,10,0
2026-08-18T01:30:00+00:00,1787016600,1.35479,1.35517,1.35474,1.3548,407,10,0
2026-08-18T01:45:00+00:00,1787017500,1.3548,1.35483,1.35446,1.35457,484,10,0
2026-08-18T02:00:00+00:00,1787018400,1.35457,1.35465,1.3543,1.35431,482,10,0
2026-08-18T02:15:00+00:00,1787019300,1.35432,1.35445,1.35411,1.3542,451,10,0
2026-08-18T02:30:00+00:00,1787020200,1.3542100000000001,1.35426,1.35389,1.35418,405,10,0
2026-08-18T02:45:00+00:00,1787021100,1.3542,1.35459,1.35413,1.35456,361,10,0
2026-08-18T03:00:00+00:00,1787022000,1.35456,1.35457,1.3541,1.35413,367,10,0
2026-08-18T03:15:00+00:00,1787022900,1.35413,1.35413,1.35367,1.35378,357,10,0
2026-08-18T03:30:00+00:00,1787023800,1.35378,1.35378,1.35349,1.35358,357,10,0
2026-08-18T03:45:00+00:00,1787024700,1.35358,1.35359,1.35336,1.35348,337,10,0
2026-08-18T04:00:00+00:00,1787025600,1.35345,1.35359,1.35306,1.35314,375,10,0
2026-08-18T04:15:00+00:00,1787026500,1.35314,1.35376,1.35306,1.35362,454,10,0
2026-08-18T04:30:00+00:00,1787027400,1.35362,1.35367,1.35331,1.35359,260,10,0
2026-08-18T04:45:00+00:00,1787028300,1.35359,1.35378,1.35347,1.35348,305,10,0
2026-08-18T05:00:00+00:00,1787029200,1.35349,1.3535300000000001,1.35331,1.35332,312,10,0
2026-08-18T05:15:00+00:00,1787030100,1.35332,1.35385,1.3532199999999999,1.35376,332,10,0
2026-08-18T05:30:00+00:00,1787031000,1.35377,1.35386,1.35346,1.35367,353,10,0
2026-08-18T05:45:00+00:00,1787031900,1.35367,1.3538999999999999,1.35354,1.3535599999999999,325,10,0
2026-08-18T06:00:00+00:00,1787032800,1.3535300000000001,1.35425,1.35213,1.35275,967,10,0
2026-08-18T06:15:00+00:00,1787033700,1.35271,1.35328,1.35253,1.3532,626,10,0
2026-08-18T06:30:00+00:00,1787034600,1.35318,1.3532600000000001,1.3525,1.35279,670,10,0
2026-08-18T06:45:00+00:00,1787035500,1.35278,1.35282,1.35205,1.35264,685,10,0
2026-08-18T07:00:00+00:00,1787036400,1.35267,1.35287,1.3519999999999999,1.35213,767,10,0
2026-08-18T07:15:00+00:00,1787037300,1.35212,1.3527,1.3519,1.35245,617,10,0
2026-08-18T07:30:00+00:00,1787038200,1.35244,1.35301,1.35233,1.35283,626,10,0
2026-08-18T07:45:00+00:00,1787039100,1.35283,1.35308,1.35255,1.3528,570,10,0
2026-08-18T08:00:00+00:00,1787040000,1.35281,1.35283,1.35233,1.3525,645,10,0
2026-08-18T08:15:00+00:00,1787040900,1.3525,1.35277,1.35229,1.35277,575,10,0
2026-08-18T08:30:00+00:00,1787041800,1.35276,1.35302,1.3525800000000001,1.35293,526,10,0
2026-08-18T08:45:00+00:00,1787042700,1.35293,1.35334,1.35276,1.3531900000000001,464,10,0
2026-08-18T09:00:00+00:00,1787043600,1.35316,1.3531900000000001,1.35279,1.35285,429,10,0
2026-08-18T09:15:00+00:00,1787044500,1.35285,1.35323,1.35256,1.35315,520,10,0
2026-08-18T09:30:00+00:00,1787045400,1.35315,1.35331,1.35267,1.3529900000000001,539,10,0
2026-08-18T09:45:00+00:00,1787046300,1.35298,1.35333,1.3529200000000001,1.35316,470,10,0
2026-08-18T10:00:00+00:00,1787047200,1.3531900000000001,1.3531900000000001,1.35252,1.35255,452,10,0
2026-08-18T10:15:00+00:00,1787048100,1.35254,1.35287,1.3523800000000001,1.35283,503,10,0
2026-08-18T10:30:00+00:00,1787049000,1.35283,1.353,1.35262,1.3526500000000001,299,10,0
2026-08-18T10:45:00+00:00,1787049900,1.3526500000000001,1.3529900000000001,1.3523800000000001,1.35252,633,10,0
2026-08-18T11:00:00+00:00,1787050800,1.35254,1.35271,1.35219,1.35236,430,10,0
2026-08-18T11:15:00+00:00,1787051700,1.35236,1.3523800000000001,1.35193,1.35198,364,10,0
2026-08-18T11:30:00+00:00,1787052600,1.3519999999999999,1.35235,1.35193,1.35213,418,10,0
2026-08-18T11:45:00+00:00,1787053500,1.35213,1.35275,1.35212,1.3526500000000001,410,10,0
2026-08-18T12:00:00+00:00,1787054400,1.3526500000000001,1.35286,1.35241,1.35275,611,10,0
2026-08-18T12:15:00+00:00,1787055300,1.35274,1.35316,1.35253,1.35267,591,10,0
2026-08-18T12:30:00+00:00,1787056200,1.35271,1.35294,1.3523100000000001,1.35287,484,10,0
2026-08-18T12:45:00+00:00,1787057100,1.35289,1.35338,1.35274,1.35313,550,10,0
2026-08-18T13:00:00+00:00,1787058000,1.3531,1.35376,1.35307,1.35367,630,10,0
2026-08-18T13:15:00+00:00,1787058900,1.35364,1.35371,1.35317,1.35332,649,10,0
2026-08-18T13:30:00+00:00,1787059800,1.35332,1.35434,1.35279,1.3538299999999999,1120,10,0
2026-08-18T13:45:00+00:00,1787060700,1.35385,1.35406,1.35323,1.35404,790,10,0
2026-08-18T14:00:00+00:00,1787061600,1.35404,1.35454,1.35389,1.35415,915,10,0
2026-08-18T14:15:00+00:00,1787062500,1.3541400000000001,1.35486,1.35399,1.35434,763,10,0
2026-08-18T14:30:00+00:00,1787063400,1.35434,1.35459,1.35385,1.35454,709,10,0
2026-08-18T14:45:00+00:00,1787064300,1.35452,1.35506,1.35419,1.35423,1057,10,0
2026-08-18T15:00:00+00:00,1787065200,1.35426,1.3547799999999999,1.35362,1.35364,973,10,0
2026-08-18T15:15:00+00:00,1787066100,1.35366,1.35418,1.35359,1.35385,781,10,0
2026-08-18T15:30:00+00:00,1787067000,1.3538299999999999,1.35402,1.3535599999999999,1.35378,724,10,0
2026-08-18T15:45:00+00:00,1787067900,1.35377,1.3544,1.35377,1.35422,617,10,0
2026-08-18T16:00:00+00:00,1787068800,1.35423,1.35457,1.354,1.35433,525,10,0
2026-08-18T16:15:00+00:00,1787069700,1.35432,1.35466,1.3541,1.3541699999999999,570,10,0
2026-08-18T16:30:00+00:00,1787070600,1.35416,1.3544399999999999,1.35403,1.35433,476,10,0
2026-08-18T16:45:00+00:00,1787071500,1.35434,1.35445,1.35399,1.35399,400,10,0
2026-08-18T17:00:00+00:00,1787072400,1.35401,1.3541,1.35333,1.35343,477,10,0
2026-08-18T17:15:00+00:00,1787073300,1.35343,1.35373,1.35336,1.35352,406,10,0
2026-08-18T17:30:00+00:00,1787074200,1.35352,1.35354,1.35316,1.35344,418,10,0
2026-08-18T17:45:00+00:00,1787075100,1.35343,1.3535599999999999,1.35333,1.35342,356,10,0
2026-08-18T18:00:00+00:00,1787076000,1.35343,1.3535300000000001,1.3532,1.35347,366,10,0
2026-08-18T18:15:00+00:00,1787076900,1.35349,1.35377,1.35348,1.35367,376,10,0
2026-08-18T18:30:00+00:00,1787077800,1.35368,1.35369,1.3532899999999999,1.35331,288,10,0
2026-08-18T18:45:00+00:00,1787078700,1.3533,1.35339,1.3532,1.35336,320,10,0
2026-08-18T19:00:00+00:00,1787079600,1.35335,1.35368,1.35321,1.35355,419,10,0
2026-08-18T19:15:00+00:00,1787080500,1.35355,1.3536000000000001,1.35341,1.35345,329,10,0
2026-08-18T19:30:00+00:00,1787081400,1.35345,1.35393,1.35342,1.35365,380,10,0
2026-08-18T19:45:00+00:00,1787082300,1.35365,1.35371,1.35308,1.35324,457,10,0
2026-08-18T20:00:00+00:00,1787083200,1.35325,1.35325,1.35282,1.35304,300,10,0
2026-08-18T20:15:00+00:00,1787084100,1.35304,1.35304,1.35283,1.35293,175,10,0
2026-08-18T20:30:00+00:00,1787085000,1.35293,1.35317,1.3529200000000001,1.35311,220,10,0
2026-08-18T20:45:00+00:00,1787085900,1.35314,1.3531900000000001,1.35302,1.35312,198,7,0
2026-08-18T21:00:00+00:00,1787086800,1.35311,1.35313,1.3529900000000001,1.35302,155,22,0
2026-08-18T21:15:00+00:00,1787087700,1.35303,1.35306,1.35288,1.35302,163,64,0
2026-08-18T21:30:00+00:00,1787088600,1.35301,1.35312,1.3529900000000001,1.35308,218,42,0
2026-08-18T21:45:00+00:00,1787089500,1.35308,1.35312,1.3528,1.3528,209,42,0
2026-08-18T22:00:00+00:00,1787090400,1.3532600000000001,1.35348,1.35309,1.35311,229,10,0
2026-08-18T22:15:00+00:00,1787091300,1.35311,1.35321,1.35307,1.35313,126,10,0
2026-08-18T22:30:00+00:00,1787092200,1.35313,1.35325,1.35304,1.35315,125,10,0
2026-08-18T22:45:00+00:00,1787093100,1.35315,1.3534,1.35314,1.35335,101,10,0
2026-08-18T23:00:00+00:00,1787094000,1.35335,1.35358,1.35334,1.35348,175,10,0
2026-08-18T23:15:00+00:00,1787094900,1.35348,1.35351,1.35315,1.3532600000000001,142,10,0
2026-08-18T23:30:00+00:00,1787095800,1.3532600000000001,1.35336,1.35311,1.35317,275,10,0
2026-08-18T23:45:00+00:00,1787096700,1.35316,1.35359,1.35309,1.35358,274,10,0
2026-08-19T00:00:00+00:00,1787097600,1.35361,1.35415,1.35347,1.35397,668,10,0
2026-08-19T00:15:00+00:00,1787098500,1.35395,1.35405,1.35372,1.35378,496,10,0
2026-08-19T00:30:00+00:00,1787099400,1.35378,1.35381,1.35332,1.35341,471,10,0
2026-08-19T00:45:00+00:00,1787100300,1.35341,1.35347,1.35285,1.35287,651,10,0
2026-08-19T01:00:00+00:00,1787101200,1.35291,1.3529900000000001,1.35257,1.35263,685,10,0
2026-08-19T01:15:00+00:00,1787102100,1.3526500000000001,1.35276,1.3523,1.35275,587,10,0
2026-08-19T01:30:00+00:00,1787103000,1.35275,1.35297,1.35271,1.35281,492,10,0
2026-08-19T01:45:00+00:00,1787103900,1.35281,1.35312,1.35273,1.35304,426,10,0
2026-08-19T02:00:00+00:00,1787104800,1.35304,1.35348,1.35297,1.35343,420,10,0
2026-08-19T02:15:00+00:00,1787105700,1.35342,1.35411,1.35311,1.35361,854,10,0
2026-08-19T02:30:00+00:00,1787106600,1.35361,1.35413,1.35348,1.35401,566,10,0
2026-08-19T02:45:00+00:00,1787107500,1.35405,1.35434,1.35368,1.35393,585,10,0
2026-08-19T03:00:00+00:00,1787108400,1.35393,1.35413,1.35365,1.35384,457,10,0
2026-08-19T03:15:00+00:00,1787109300,1.3538299999999999,1.35408,1.35382,1.35396,418,10,0
2026-08-19T03:30:00+00:00,1787110200,1.35396,1.35405,1.35368,1.35385,311,10,0
2026-08-19T03:45:00+00:00,1787111100,1.35384,1.35391,1.35362,1.35367,273,10,0
2026-08-19T04:00:00+00:00,1787112000,1.35367,1.35398,1.3535599999999999,1.35394,339,10,0
2026-08-19T04:15:00+00:00,1787112900,1.35394,1.35397,1.35373,1.35382,430,10,0
2026-08-19T04:30:00+00:00,1787113800,1.35382,1.35412,1.35359,1.3538000000000001,440,10,0
2026-08-19T04:45:00+00:00,1787114700,1.35381,1.35423,1.35375,1.35415,367,10,0
2026-08-19T05:00:00+00:00,1787115600,1.35415,1.35429,1.3538999999999999,1.35412,418,10,0
2026-08-19T05:15:00+00:00,1787116500,1.35413,1.35429,1.35402,1.3541400000000001,410,10,0
2026-08-19T05:30:00+00:00,1787117400,1.35415,1.35437,1.35405,1.35434,499,10,0
2026-08-19T05:45:00+00:00,1787118300,1.35434,1.35446,1.35413,1.35436,458,10,0
2026-08-19T06:00:00+00:00,1787119200,1.35439,1.35499,1.35401,1.35434,655,10,0
2026-08-19T06:15:00+00:00,1787120100,1.35431,1.35574,1.35427,1.35534,881,10,0
2026-08-19T06:30:00+00:00,1787121000,1.35534,1.3554300000000001,1.35484,1.35511,666,10,0
2026-08-19T06:45:00+00:00,1787121900,1.35511,1.3553,1.35488,1.35506,687,10,0
2026-08-19T07:00:00+00:00,1787122800,1.35508,1.35554,1.3547500000000001,1.3547500000000001,776,10,0
2026-08-19T07:15:00+00:00,1787123700,1.35474,1.35516,1.3544399999999999,1.35495,588,10,0
2026-08-19T07:30:00+00:00,1787124600,1.35495,1.35537,1.35483,1.3551,629,10,0
2026-08-19T07:45:00+00:00,1787125500,1.3551,1.35556,1.35507,1.35553,535,10,0
2026-08-19T08:00:00+00:00,1787126400,1.35551,1.3565,1.3553600000000001,1.35621,753,10,0
2026-08-19T08:15:00+00:00,1787127300,1.3562,1.35656,1.3554599999999999,1.35561,663,10,0
2026-08-19T08:30:00+00:00,1787128200,1.35558,1.3560699999999999,1.3553,1.35602,558,10,0
2026-08-19T08:45:00+00:00,1787129100,1.35598,1.3562400000000001,1.35522,1.35529,670,10,0
2026-08-19T09:00:00+00:00,1787130000,1.35529,1.35565,1.35493,1.3553,601,10,0
2026-08-19T09:15:00+00:00,1787130900,1.3553,1.35575,1.35507,1.3554599999999999,572,10,0
2026-08-19T09:30:00+00:00,1787131800,1.3554599999999999,1.3556599999999999,1.35513,1.3553600000000001,565,10,0
2026-08-19T09:45:00+00:00,1787132700,1.3553600000000001,1.35589,1.3553,1.35578,537,10,0
2026-08-19T10:00:00+00:00,1787133600,1.35581,1.35615,1.35549,1.35611,550,10,0
2026-08-19T10:15:00+00:00,1787134500,1.35612,1.3562699999999999,1.35589,1.35617,538,10,0
2026-08-19T10:30:00+00:00,1787135400,1.35619,1.35636,1.35609,1.3562400000000001,422,10,0
2026-08-19T10:45:00+00:00,1787136300,1.35626,1.35641,1.3553899999999999,1.3556,541,10,0
2026-08-19T11:00:00+00:00,1787137200,1.3556,1.35601,1.35513,1.35553,580,10,0
2026-08-19T11:15:00+00:00,1787138100,1.35549,1.35561,1.3553,1.3553600000000001,564,10,0
2026-08-19T11:30:00+00:00,1787139000,1.3553600000000001,1.35553,1.35471,1.35491,534,10,0
2026-08-19T11:45:00+00:00,1787139900,1.35491,1.3555,1.35491,1.35522,540,10,0
2026-08-19T12:00:00+00:00,1787140800,1.35523,1.35575,1.35518,1.35574,588,10,0
2026-08-19T12:15:00+00:00,1787141700,1.3557299999999999,1.35645,1.3557000000000001,1.35606,572,10,0
