time_utc,Day_IST,Time_IST,time,open,high,low,close,tick_volume,spread,real_volume
2021-03-11T20:00:00+00:00,2021-03-12,01:30:00,1615492800,108.504,108.573,108.474,108.567,1086,50,0
2021-03-12T00:00:00+00:00,2021-03-12,05:30:00,1615507200,108.574,108.786,108.517,108.706,4314,50,0
2021-03-12T04:00:00+00:00,2021-03-12,09:30:00,1615521600,108.704,109.059,108.667,109.038,5322,50,0
2021-03-12T08:00:00+00:00,2021-03-12,13:30:00,1615536000,109.039,109.164,108.925,108.982,7012,50,0
2021-03-12T12:00:00+00:00,2021-03-12,17:30:00,1615550400,108.98,109.146,108.905,108.984,8734,50,0
2021-03-12T16:00:00+00:00,2021-03-12,21:30:00,1615564800,108.982,109.084,108.824,109.069,5161,50,0
2021-03-12T20:00:00+00:00,2021-03-13,01:30:00,1615579200,109.068,109.068,108.985,108.985,861,50,0
2021-03-14T20:00:00+00:00,2021-03-15,01:30:00,1615752000,109.017,109.147,108.971,109.117,1561,50,0
2021-03-15T00:00:00+00:00,2021-03-15,05:30:00,1615766400,109.118,109.196,108.916,109.124,4546,50,0
2021-03-15T04:00:00+00:00,2021-03-15,09:30:00,1615780800,109.125,109.364,109.116,109.19,4227,50,0
2021-03-15T08:00:00+00:00,2021-03-15,13:30:00,1615795200,109.189,109.194,109.002,109.177,5476,50,0
2021-03-15T12:00:00+00:00,2021-03-15,17:30:00,1615809600,109.179,109.255,109.077,109.129,7323,50,0
2021-03-15T16:00:00+00:00,2021-03-15,21:30:00,1615824000,109.131,109.193,109.027,109.106,3504,50,0
2021-03-15T20:00:00+00:00,2021-03-16,01:30:00,1615838400,109.098,109.157,109.074,109.129,1535,50,0
2021-03-16T00:00:00+00:00,2021-03-16,05:30:00,1615852800,109.128,109.247,109.119,109.162,3001,50,0
2021-03-16T04:00:00+00:00,2021-03-16,09:30:00,1615867200,109.16,109.285,109.118,109.258,2907,50,0
2021-03-16T08:00:00+00:00,2021-03-16,13:30:00,1615881600,109.257,109.288,109.034,109.052,4127,50,0
2021-03-16T12:00:00+00:00,2021-03-16,17:30:00,1615896000,109.053,109.085,108.773,109.01,9891,50,0
2021-03-16T16:00:00+00:00,2021-03-16,21:30:00,1615910400,109.012,109.036,108.92,108.986,5688,50,0
2021-03-16T20:00:00+00:00,2021-03-17,01:30:00,1615924800,108.985,109.054,108.966,109.031,1288,50,0
2021-03-17T00:00:00+00:00,2021-03-17,05:30:00,1615939200,109.029,109.168,109.012,109.092,2917,50,0
2021-03-17T04:00:00+00:00,2021-03-17,09:30:00,1615953600,109.093,109.208,109.078,109.161,2718,50,0
2021-03-17T08:00:00+00:00,2021-03-17,13:30:00,1615968000,109.16,109.232,109.029,109.186,3745,50,0
2021-03-17T12:00:00+00:00,2021-03-17,17:30:00,1615982400,109.188,109.284,109.129,109.219,5654,50,0
2021-03-17T16:00:00+00:00,2021-03-17,21:30:00,1615996800,109.22,109.326,108.748,108.881,13272,50,0
2021-03-17T20:00:00+00:00,2021-03-18,01:30:00,1616011200,108.864,108.923,108.691,108.899,2333,50,0
2021-03-18T00:00:00+00:00,2021-03-18,05:30:00,1616025600,108.898,109.127,108.626,108.869,7596,50,0
2021-03-18T04:00:00+00:00,2021-03-18,09:30:00,1616040000,108.868,109.303,108.81,109.208,6284,50,0
2021-03-18T08:00:00+00:00,2021-03-18,13:30:00,1616054400,109.207,109.237,108.971,109.065,6969,50,0
2021-03-18T12:00:00+00:00,2021-03-18,17:30:00,1616068800,109.066,109.224,108.957,108.967,9604,50,0
2021-03-18T16:00:00+00:00,2021-03-18,21:30:00,1616083200,108.969,109.065,108.821,108.879,5672,50,0
2021-03-18T20:00:00+00:00,2021-03-19,01:30:00,1616097600,108.864,108.977,108.856,108.934,2164,50,0
2021-03-19T00:00:00+00:00,2021-03-19,05:30:00,1616112000,108.932,109.132,108.864,108.877,6155,50,0
2021-03-19T04:00:00+00:00,2021-03-19,09:30:00,1616126400,108.878,108.94,108.717,108.752,4676,50,0
2021-03-19T08:00:00+00:00,2021-03-19,13:30:00,1616140800,108.751,108.927,108.609,108.822,5196,50,0
2021-03-19T12:00:00+00:00,2021-03-19,17:30:00,1616155200,108.822,109.05,108.772,108.848,10645,50,0
2021-03-19T16:00:00+00:00,2021-03-19,21:30:00,1616169600,108.849,108.907,108.832,108.891,3596,50,0
2021-03-19T20:00:00+00:00,2021-03-20,01:30:00,1616184000,108.883,108.911,108.866,108.875,344,50,0
2021-03-21T20:00:00+00:00,2021-03-22,01:30:00,1616356800,108.622,108.931,108.566,108.875,2177,50,0
2021-03-22T00:00:00+00:00,2021-03-22,05:30:00,1616371200,108.876,108.956,108.701,108.767,4026,50,0
2021-03-22T04:00:00+00:00,2021-03-22,09:30:00,1616385600,108.768,108.831,108.652,108.689,3904,50,0
2021-03-22T08:00:00+00:00,2021-03-22,13:30:00,1616400000,108.69,108.784,108.62,108.701,4878,50,0
2021-03-22T12:00:00+00:00,2021-03-22,17:30:00,1616414400,108.703,108.86,108.657,108.669,6304,50,0
2021-03-22T16:00:00+00:00,2021-03-22,21:30:00,1616428800,108.67,108.811,108.665,108.799,2651,50,0
2021-03-22T20:00:00+00:00,2021-03-23,01:30:00,1616443200,108.79,108.841,108.773,108.779,1987,50,0
2021-03-23T00:00:00+00:00,2021-03-23,05:30:00,1616457600,108.78,108.873,108.69,108.705,3560,50,0
2021-03-23T04:00:00+00:00,2021-03-23,09:30:00,1616472000,108.706,108.779,108.677,108.77,2940,50,0
2021-03-23T08:00:00+00:00,2021-03-23,13:30:00,1616486400,108.769,108.805,108.407,108.525,6894,50,0
2021-03-23T12:00:00+00:00,2021-03-23,17:30:00,1616500800,108.527,108.712,108.494,108.606,6233,50,0
2021-03-23T16:00:00+00:00,2021-03-23,21:30:00,1616515200,108.608,108.758,108.573,108.582,3764,50,0
2021-03-23T20:00:00+00:00,2021-03-24,01:30:00,1616529600,108.576,108.63,108.503,108.523,1964,50,0
2021-03-24T00:00:00+00:00,2021-03-24,05:30:00,1616544000,108.521,108.642,108.452,108.538,4133,50,0
2021-03-24T04:00:00+00:00,2021-03-24,09:30:00,1616558400,108.54,108.656,108.468,108.601,3510,50,0
2021-03-24T08:00:00+00:00,2021-03-24,13:30:00,1616572800,108.602,108.756,108.577,108.658,4311,50,0
2021-03-24T12:00:00+00:00,2021-03-24,17:30:00,1616587200,108.656,108.956,108.638,108.819,5886,50,0
2021-03-24T16:00:00+00:00,2021-03-24,21:30:00,1616601600,108.818,108.823,108.664,108.684,3538,50,0
2021-03-24T20:00:00+00:00,2021-03-25,01:30:00,1616616000,108.667,108.792,108.662,108.791,2738,50,0
2021-03-25T00:00:00+00:00,2021-03-25,05:30:00,1616630400,108.789,108.99,108.789,108.9,3846,50,0
2021-03-25T04:00:00+00:00,2021-03-25,09:30:00,1616644800,108.898,109.078,108.896,109.074,2771,50,0
2021-03-25T08:00:00+00:00,2021-03-25,13:30:00,1616659200,109.075,109.164,109.029,109.092,4058,50,0
2021-03-25T12:00:00+00:00,2021-03-25,17:30:00,1616673600,109.093,109.192,109.024,109.132,6223,50,0
2021-03-25T16:00:00+00:00,2021-03-25,21:30:00,1616688000,109.133,109.237,109.082,109.116,4051,50,0
2021-03-25T20:00:00+00:00,2021-03-26,01:30:00,1616702400,109.109,109.223,109.102,109.179,1676,50,0
2021-03-26T00:00:00+00:00,2021-03-26,05:30:00,1616716800,109.178,109.315,109.13,109.241,3808,50,0
2021-03-26T04:00:00+00:00,2021-03-26,09:30:00,1616731200,109.242,109.362,109.217,109.325,2735,50,0
2021-03-26T08:00:00+00:00,2021-03-26,13:30:00,1616745600,109.327,109.762,109.326,109.757,5032,50,0
2021-03-26T12:00:00+00:00,2021-03-26,17:30:00,1616760000,109.756,109.847,109.552,109.558,6331,50,0
2021-03-26T16:00:00+00:00,2021-03-26,21:30:00,1616774400,109.556,109.696,109.529,109.626,3000,50,0
2021-03-26T20:00:00+00:00,2021-03-27,01:30:00,1616788800,109.613,109.685,109.613,109.67,324,50,0
2021-03-28T20:00:00+00:00,2021-03-29,01:30:00,1616961600,109.696,109.803,109.622,109.792,1333,50,0
2021-03-29T00:00:00+00:00,2021-03-29,05:30:00,1616976000,109.793,109.794,109.444,109.53,3771,50,0
2021-03-29T04:00:00+00:00,2021-03-29,09:30:00,1616990400,109.532,109.653,109.374,109.651,3817,50,0
2021-03-29T08:00:00+00:00,2021-03-29,13:30:00,1617004800,109.652,109.693,109.546,109.631,3901,50,0
2021-03-29T12:00:00+00:00,2021-03-29,17:30:00,1617019200,109.632,109.781,109.604,109.73,5428,50,0
2021-03-29T16:00:00+00:00,2021-03-29,21:30:00,1617033600,109.732,109.843,109.721,109.789,2089,50,0
2021-03-29T20:00:00+00:00,2021-03-30,01:30:00,1617048000,109.776,109.885,109.729,109.839,1759,50,0
2021-03-30T00:00:00+00:00,2021-03-30,05:30:00,1617062400,109.838,109.989,109.787,109.963,3707,50,0
2021-03-30T04:00:00+00:00,2021-03-30,09:30:00,1617076800,109.961,110.267,109.926,110.228,4507,50,0
2021-03-30T08:00:00+00:00,2021-03-30,13:30:00,1617091200,110.23,110.392,110.206,110.351,3974,50,0
2021-03-30T12:00:00+00:00,2021-03-30,17:30:00,1617105600,110.35,110.426,110.185,110.192,7292,50,0
2021-03-30T16:00:00+00:00,2021-03-30,21:30:00,1617120000,110.193,110.364,110.192,110.344,2328,50,0
2021-03-30T20:00:00+00:00,2021-03-31,01:30:00,1617134400,110.336,110.393,110.299,110.307,1497,50,0
2021-03-31T00:00:00+00:00,2021-03-31,05:30:00,1617148800,110.308,110.965,110.276,110.842,7014,50,0
2021-03-31T04:00:00+00:00,2021-03-31,09:30:00,1617163200,110.844,110.943,110.623,110.737,5321,50,0
2021-03-31T08:00:00+00:00,2021-03-31,13:30:00,1617177600,110.735,110.776,110.514,110.748,4414,50,0
2021-03-31T12:00:00+00:00,2021-03-31,17:30:00,1617192000,110.747,110.838,110.414,110.612,8569,50,0
2021-03-31T16:00:00+00:00,2021-03-31,21:30:00,1617206400,110.611,110.78,110.55,110.729,3694,50,0
2021-03-31T20:00:00+00:00,2021-04-01,01:30:00,1617220800,110.721,110.804,110.674,110.759,1586,50,0
2021-04-01T00:00:00+00:00,2021-04-01,05:30:00,1617235200,110.757,110.824,110.571,110.633,3812,50,0
2021-04-01T04:00:00+00:00,2021-04-01,09:30:00,1617249600,110.635,110.81,110.619,110.686,4185,50,0
2021-04-01T08:00:00+00:00,2021-04-01,13:30:00,1617264000,110.688,110.847,110.672,110.755,3746,50,0
2021-04-01T12:00:00+00:00,2021-04-01,17:30:00,1617278400,110.754,110.759,110.552,110.605,8120,50,0
2021-04-01T16:00:00+00:00,2021-04-01,21:30:00,1617292800,110.606,110.647,110.547,110.606,2352,50,0
2021-04-01T20:00:00+00:00,2021-04-02,01:30:00,1617307200,110.598,110.631,110.554,110.61,1213,50,0
2021-04-02T00:00:00+00:00,2021-04-02,05:30:00,1617321600,110.608,110.664,110.519,110.602,2165,50,0
2021-04-02T04:00:00+00:00,2021-04-02,09:30:00,1617336000,110.606,110.636,110.432,110.541,2247,50,0
2021-04-02T08:00:00+00:00,2021-04-02,13:30:00,1617350400,110.544,110.554,110.372,110.527,1879,50,0
2021-04-02T12:00:00+00:00,2021-04-02,17:30:00,1617364800,110.526,110.748,110.491,110.683,4562,50,0
2021-04-02T16:00:00+00:00,2021-04-02,21:30:00,1617379200,110.682,110.7,110.641,110.647,3079,50,0
2021-04-02T20:00:00+00:00,2021-04-03,01:30:00,1617393600,110.612,110.668,110.594,110.658,537,50,0
2021-04-04T20:00:00+00:00,2021-04-05,01:30:00,1617566400,110.639,110.75,110.602,110.678,1556,50,0
2021-04-05T00:00:00+00:00,2021-04-05,05:30:00,1617580800,110.679,110.721,110.525,110.554,3248,50,0
2021-04-05T04:00:00+00:00,2021-04-05,09:30:00,1617595200,110.553,110.687,110.553,110.633,2054,50,0
2021-04-05T08:00:00+00:00,2021-04-05,13:30:00,1617609600,110.635,110.64,110.452,110.495,2361,50,0
2021-04-05T12:00:00+00:00,2021-04-05,17:30:00,1617624000,110.494,110.53,109.963,110.084,7523,50,0
2021-04-05T16:00:00+00:00,2021-04-05,21:30:00,1617638400,110.085,110.251,110.08,110.182,2536,50,0
2021-04-05T20:00:00+00:00,2021-04-06,01:30:00,1617652800,110.166,110.226,110.117,110.193,1463,50,0
2021-04-06T00:00:00+00:00,2021-04-06,05:30:00,1617667200,110.194,110.406,110.129,110.361,4479,50,0
2021-04-06T04:00:00+00:00,2021-04-06,09:30:00,1617681600,110.362,110.393,110.148,110.298,4867,50,0
2021-04-06T08:00:00+00:00,2021-04-06,13:30:00,1617696000,110.299,110.553,110.284,110.345,5042,50,0
2021-04-06T12:00:00+00:00,2021-04-06,17:30:00,1617710400,110.344,110.344,109.67,109.837,11821,50,0
2021-04-06T16:00:00+00:00,2021-04-06,21:30:00,1617724800,109.836,109.917,109.805,109.809,3280,50,0
2021-04-06T20:00:00+00:00,2021-04-07,01:30:00,1617739200,109.792,109.811,109.712,109.797,2046,50,0
2021-04-07T00:00:00+00:00,2021-04-07,05:30:00,1617753600,109.796,109.895,109.579,109.78,5920,50,0
2021-04-07T04:00:00+00:00,2021-04-07,09:30:00,1617768000,109.782,109.905,109.717,109.792,5588,50,0
2021-04-07T08:00:00+00:00,2021-04-07,13:30:00,1617782400,109.794,109.941,109.729,109.833,5532,50,0
2021-04-07T12:00:00+00:00,2021-04-07,17:30:00,1617796800,109.834,109.937,109.6,109.674,9448,50,0
2021-04-07T16:00:00+00:00,2021-04-07,21:30:00,1617811200,109.672,109.875,109.658,109.785,3782,50,0
2021-04-07T20:00:00+00:00,2021-04-08,01:30:00,1617825600,109.767,109.868,109.767,109.856,1542,50,0
2021-04-08T00:00:00+00:00,2021-04-08,05:30:00,1617840000,109.857,109.904,109.697,109.74,4981,50,0
2021-04-08T04:00:00+00:00,2021-04-08,09:30:00,1617854400,109.741,109.752,109.487,109.517,4699,50,0
2021-04-08T08:00:00+00:00,2021-04-08,13:30:00,1617868800,109.518,109.577,109.183,109.21,6186,50,0
2021-04-08T12:00:00+00:00,2021-04-08,17:30:00,1617883200,109.211,109.298,109.001,109.262,10749,50,0
2021-04-08T16:00:00+00:00,2021-04-08,21:30:00,1617897600,109.261,109.318,109.193,109.3,3244,50,0
2021-04-08T20:00:00+00:00,2021-04-09,01:30:00,1617912000,109.292,109.381,109.201,109.331,1991,50,0
2021-04-09T00:00:00+00:00,2021-04-09,05:30:00,1617926400,109.332,109.377,109.214,109.289,5368,50,0
2021-04-09T04:00:00+00:00,2021-04-09,09:30:00,1617940800,109.288,109.559,109.287,109.5,4815,50,0
2021-04-09T08:00:00+00:00,2021-04-09,13:30:00,1617955200,109.501,109.75,109.492,109.716,6276,50,0
2021-04-09T12:00:00+00:00,2021-04-09,17:30:00,1617969600,109.715,109.959,109.556,109.646,9674,50,0
2021-04-09T16:00:00+00:00,2021-04-09,21:30:00,1617984000,109.647,109.677,109.581,109.649,2872,50,0
2021-04-09T20:00:00+00:00,2021-04-10,01:30:00,1617998400,109.64,109.657,109.628,109.657,225,50,0
2021-04-11T20:00:00+00:00,2021-04-12,01:30:00,1618171200,109.678,109.755,109.602,109.722,1160,50,0
2021-04-12T00:00:00+00:00,2021-04-12,05:30:00,1618185600,109.721,109.77,109.473,109.54,5643,50,0
2021-04-12T04:00:00+00:00,2021-04-12,09:30:00,1618200000,109.541,109.611,109.421,109.454,5244,50,0
2021-04-12T08:00:00+00:00,2021-04-12,13:30:00,1618214400,109.455,109.475,109.246,109.344,5306,50,0
2021-04-12T12:00:00+00:00,2021-04-12,17:30:00,1618228800,109.343,109.449,109.263,109.439,6045,50,0
2021-04-12T16:00:00+00:00,2021-04-12,21:30:00,1618243200,109.437,109.457,109.367,109.414,2884,50,0
2021-04-12T20:00:00+00:00,2021-04-13,01:30:00,1618257600,109.408,109.413,109.35,109.382,1211,50,0
2021-04-13T00:00:00+00:00,2021-04-13,05:30:00,1618272000,109.383,109.721,109.374,109.715,5728,50,0
2021-04-13T04:00:00+00:00,2021-04-13,09:30:00,1618286400,109.714,109.752,109.295,109.324,5777,50,0
2021-04-13T08:00:00+00:00,2021-04-13,13:30:00,1618300800,109.323,109.443,109.127,109.408,9633,50,0
2021-04-13T12:00:00+00:00,2021-04-13,17:30:00,1618315200,109.409,109.602,109.147,109.19,12750,50,0
2021-04-13T16:00:00+00:00,2021-04-13,21:30:00,1618329600,109.191,109.233,109.019,109.026,3747,50,0
2021-04-13T20:00:00+00:00,2021-04-14,01:30:00,1618344000,109.02,109.066,108.89,108.924,1440,50,0
2021-04-14T00:00:00+00:00,2021-04-14,05:30:00,1618358400,108.923,108.943,108.753,108.879,5789,50,0
2021-04-14T04:00:00+00:00,2021-04-14,09:30:00,1618372800,108.88,109.071,108.809,108.999,6286,50,0
2021-04-14T08:00:00+00:00,2021-04-14,13:30:00,1618387200,109.0,109.053,108.889,108.953,6115,50,0
2021-04-14T12:00:00+00:00,2021-04-14,17:30:00,1618401600,108.952,109.095,108.897,108.936,8274,50,0
2021-04-14T16:00:00+00:00,2021-04-14,21:30:00,1618416000,108.937,108.989,108.895,108.897,3019,50,0
2021-04-14T20:00:00+00:00,2021-04-15,01:30:00,1618430400,108.885,108.959,108.869,108.894,1649,50,0
2021-04-15T00:00:00+00:00,2021-04-15,05:30:00,1618444800,108.895,108.932,108.806,108.893,4166,50,0
2021-04-15T04:00:00+00:00,2021-04-15,09:30:00,1618459200,108.894,108.958,108.79,108.822,4055,50,0
2021-04-15T08:00:00+00:00,2021-04-15,13:30:00,1618473600,108.821,108.902,108.665,108.791,5721,50,0
2021-04-15T12:00:00+00:00,2021-04-15,17:30:00,1618488000,108.789,108.878,108.613,108.784,11291,50,0
2021-04-15T16:00:00+00:00,2021-04-15,21:30:00,1618502400,108.783,108.783,108.625,108.667,3632,50,0
2021-04-15T20:00:00+00:00,2021-04-16,01:30:00,1618516800,108.647,108.757,108.647,108.692,1905,50,0
2021-04-16T00:00:00+00:00,2021-04-16,05:30:00,1618531200,108.691,108.941,108.613,108.843,5990,50,0
2021-04-16T04:00:00+00:00,2021-04-16,09:30:00,1618545600,108.841,108.965,108.774,108.893,5022,50,0
2021-04-16T08:00:00+00:00,2021-04-16,13:30:00,1618560000,108.894,108.937,108.704,108.772,5739,50,0
2021-04-16T12:00:00+00:00,2021-04-16,17:30:00,1618574400,108.774,108.898,108.745,108.79,6882,50,0
2021-04-16T16:00:00+00:00,2021-04-16,21:30:00,1618588800,108.792,108.828,108.758,108.794,1988,50,0
2021-04-16T20:00:00+00:00,2021-04-17,01:30:00,1618603200,108.786,108.805,108.757,108.787,314,50,0
2021-04-18T20:00:00+00:00,2021-04-19,01:30:00,1618776000,108.759,108.827,108.67,108.721,1588,50,0
2021-04-19T00:00:00+00:00,2021-04-19,05:30:00,1618790400,108.722,108.769,108.548,108.642,5835,50,0
2021-04-19T04:00:00+00:00,2021-04-19,09:30:00,1618804800,108.643,108.685,108.207,108.222,7476,50,0
2021-04-19T08:00:00+00:00,2021-04-19,13:30:00,1618819200,108.221,108.234,108.011,108.121,10507,50,0
2021-04-19T12:00:00+00:00,2021-04-19,17:30:00,1618833600,108.122,108.309,108.01,108.098,8739,50,0
2021-04-19T16:00:00+00:00,2021-04-19,21:30:00,1618848000,108.096,108.182,108.055,108.18,2926,50,0
2021-04-19T20:00:00+00:00,2021-04-20,01:30:00,1618862400,108.163,108.175,108.082,108.109,1618,50,0
2021-04-20T00:00:00+00:00,2021-04-20,05:30:00,1618876800,108.11,108.318,107.973,108.119,5835,50,0
2021-04-20T04:00:00+00:00,2021-04-20,09:30:00,1618891200,108.118,108.548,108.099,108.399,7816,50,0
2021-04-20T08:00:00+00:00,2021-04-20,13:30:00,1618905600,108.4,108.519,108.32,108.411,7208,50,0
2021-04-20T12:00:00+00:00,2021-04-20,17:30:00,1618920000,108.411,108.514,108.025,108.074,9119,50,0
2021-04-20T16:00:00+00:00,2021-04-20,21:30:00,1618934400,108.075,108.151,108.051,108.078,2966,50,0
2021-04-20T20:00:00+00:00,2021-04-21,01:30:00,1618948800,108.063,108.134,108.041,108.134,1861,50,0
2021-04-21T00:00:00+00:00,2021-04-21,05:30:00,1618963200,108.133,108.144,107.876,107.98,5894,50,0
2021-04-21T04:00:00+00:00,2021-04-21,09:30:00,1618977600,107.98,108.282,107.952,108.226,5719,50,0
2021-04-21T08:00:00+00:00,2021-04-21,13:30:00,1618992000,108.225,108.266,108.063,108.127,5668,50,0
2021-04-21T12:00:00+00:00,2021-04-21,17:30:00,1619006400,108.128,108.196,107.975,108.099,7716,50,0
2021-04-21T16:00:00+00:00,2021-04-21,21:30:00,1619020800,108.097,108.145,108.054,108.061,2559,50,0
2021-04-21T20:00:00+00:00,2021-04-22,01:30:00,1619035200,108.052,108.074,108.015,108.043,1086,50,0
2021-04-22T00:00:00+00:00,2021-04-22,05:30:00,1619049600,108.043,108.141,107.952,108.007,4373,50,0
2021-04-22T04:00:00+00:00,2021-04-22,09:30:00,1619064000,108.005,108.051,107.813,107.893,6160,50,0
2021-04-22T08:00:00+00:00,2021-04-22,13:30:00,1619078400,107.895,108.11,107.895,108.074,4950,50,0
2021-04-22T12:00:00+00:00,2021-04-22,17:30:00,1619092800,108.075,108.203,107.942,108.163,9524,50,0
2021-04-22T16:00:00+00:00,2021-04-22,21:30:00,1619107200,108.164,108.233,108.01,108.031,5788,50,0
2021-04-22T20:00:00+00:00,2021-04-23,01:30:00,1619121600,108.021,108.021,107.911,107.987,2141,50,0
2021-04-23T00:00:00+00:00,2021-04-23,05:30:00,1619136000,107.988,107.99,107.804,107.922,4782,50,0
2021-04-23T04:00:00+00:00,2021-04-23,09:30:00,1619150400,107.923,107.983,107.854,107.912,4203,50,0
2021-04-23T08:00:00+00:00,2021-04-23,13:30:00,1619164800,107.913,107.965,107.756,107.78,4727,50,0
2021-04-23T12:00:00+00:00,2021-04-23,17:30:00,1619179200,107.781,108.146,107.479,107.949,13194,50,0
2021-04-23T16:00:00+00:00,2021-04-23,21:30:00,1619193600,107.948,107.983,107.861,107.894,2910,50,0
2021-04-23T20:00:00+00:00,2021-04-24,01:30:00,1619208000,107.877,107.9,107.856,107.861,342,50,0
2021-04-25T20:00:00+00:00,2021-04-26,01:30:00,1619380800,107.908,107.936,107.851,107.884,1194,50,0
2021-04-26T00:00:00+00:00,2021-04-26,05:30:00,1619395200,107.883,107.941,107.683,107.717,5918,50,0
2021-04-26T04:00:00+00:00,2021-04-26,09:30:00,1619409600,107.716,107.852,107.652,107.718,6894,50,0
2021-04-26T08:00:00+00:00,2021-04-26,13:30:00,1619424000,107.717,108.041,107.642,108.012,6904,50,0
2021-04-26T12:00:00+00:00,2021-04-26,17:30:00,1619438400,108.011,108.197,107.898,108.127,9614,50,0
2021-04-26T16:00:00+00:00,2021-04-26,21:30:00,1619452800,108.128,108.181,108.094,108.126,2801,50,0
2021-04-26T20:00:00+00:00,2021-04-27,01:30:00,1619467200,108.119,108.21,108.051,108.201,2023,50,0
2021-04-27T00:00:00+00:00,2021-04-27,05:30:00,1619481600,108.2,108.385,108.101,108.27,5739,50,0
2021-04-27T04:00:00+00:00,2021-04-27,09:30:00,1619496000,108.271,108.353,108.167,108.33,4649,50,0
2021-04-27T08:00:00+00:00,2021-04-27,13:30:00,1619510400,108.331,108.425,108.206,108.231,6027,50,0
2021-04-27T12:00:00+00:00,2021-04-27,17:30:00,1619524800,108.232,108.578,108.223,108.569,8059,50,0
2021-04-27T16:00:00+00:00,2021-04-27,21:30:00,1619539200,108.57,108.749,108.564,108.737,4001,50,0
2021-04-27T20:00:00+00:00,2021-04-28,01:30:00,1619553600,108.729,108.777,108.66,108.751,2251,50,0
2021-04-28T00:00:00+00:00,2021-04-28,05:30:00,1619568000,108.75,108.947,108.727,108.862,5215,50,0
2021-04-28T04:00:00+00:00,2021-04-28,09:30:00,1619582400,108.863,109.078,108.817,109.017,5252,50,0
2021-04-28T08:00:00+00:00,2021-04-28,13:30:00,1619596800,109.016,109.024,108.842,108.901,6041,50,0
2021-04-28T12:00:00+00:00,2021-04-28,17:30:00,1619611200,108.902,108.996,108.704,108.809,9113,50,0
2021-04-28T16:00:00+00:00,2021-04-28,21:30:00,1619625600,108.81,108.997,108.575,108.575,10852,50,0
2021-04-28T20:00:00+00:00,2021-04-29,01:30:00,1619640000,108.582,108.623,108.502,108.508,1761,50,0
2021-04-29T00:00:00+00:00,2021-04-29,05:30:00,1619654400,108.507,108.669,108.435,108.63,3447,50,0
2021-04-29T04:00:00+00:00,2021-04-29,09:30:00,1619668800,108.631,108.896,108.56,108.889,4298,50,0
2021-04-29T08:00:00+00:00,2021-04-29,13:30:00,1619683200,108.888,109.069,108.836,108.979,6636,50,0
2021-04-29T12:00:00+00:00,2021-04-29,17:30:00,1619697600,108.98,109.223,108.843,108.952,12145,50,0
2021-04-29T16:00:00+00:00,2021-04-29,21:30:00,1619712000,108.951,108.959,108.804,108.888,4046,50,0
2021-04-29T20:00:00+00:00,2021-04-30,01:30:00,1619726400,108.88,108.941,108.859,108.906,1990,50,0
2021-04-30T00:00:00+00:00,2021-04-30,05:30:00,1619740800,108.904,109.057,108.713,108.831,6181,50,0
2021-04-30T04:00:00+00:00,2021-04-30,09:30:00,1619755200,108.83,108.91,108.737,108.887,4642,50,0
2021-04-30T08:00:00+00:00,2021-04-30,13:30:00,1619769600,108.886,108.957,108.768,108.92,5367,50,0
2021-04-30T12:00:00+00:00,2021-04-30,17:30:00,1619784000,108.919,109.342,108.873,109.334,11633,50,0
2021-04-30T16:00:00+00:00,2021-04-30,21:30:00,1619798400,109.335,109.343,109.267,109.286,3449,50,0
2021-04-30T20:00:00+00:00,2021-05-01,01:30:00,1619812800,109.273,109.349,109.271,109.331,371,50,0
2021-05-02T20:00:00+00:00,2021-05-03,01:30:00,1619985600,109.27,109.344,109.244,109.287,907,50,0
2021-05-03T00:00:00+00:00,2021-05-03,05:30:00,1620000000,109.288,109.564,109.288,109.546,4183,50,0
2021-05-03T04:00:00+00:00,2021-05-03,09:30:00,1620014400,109.545,109.669,109.512,109.652,4052,50,0
2021-05-03T08:00:00+00:00,2021-05-03,13:30:00,1620028800,109.653,109.698,109.402,109.473,4713,50,0
2021-05-03T12:00:00+00:00,2021-05-03,17:30:00,1620043200,109.472,109.52,108.895,109.088,11059,50,0
2021-05-03T16:00:00+00:00,2021-05-03,21:30:00,1620057600,109.087,109.154,109.05,109.11,3402,50,0
2021-05-03T20:00:00+00:00,2021-05-04,01:30:00,1620072000,109.102,109.111,109.018,109.087,1695,50,0
2021-05-04T00:00:00+00:00,2021-05-04,05:30:00,1620086400,109.088,109.264,109.062,109.257,3075,50,0
2021-05-04T04:00:00+00:00,2021-05-04,09:30:00,1620100800,109.258,109.487,109.258,109.404,4070,50,0
2021-05-04T08:00:00+00:00,2021-05-04,13:30:00,1620115200,109.405,109.479,109.154,109.297,7397,50,0
2021-05-04T12:00:00+00:00,2021-05-04,17:30:00,1620129600,109.298,109.424,109.043,109.348,15231,50,0
2021-05-04T16:00:00+00:00,2021-05-04,21:30:00,1620144000,109.35,109.377,109.224,109.304,5355,50,0
2021-05-04T20:00:00+00:00,2021-05-05,01:30:00,1620158400,109.285,109.338,109.259,109.333,1293,50,0
2021-05-05T00:00:00+00:00,2021-05-05,05:30:00,1620172800,109.334,109.376,109.198,109.278,3152,50,0
2021-05-05T04:00:00+00:00,2021-05-05,09:30:00,1620187200,109.279,109.479,109.273,109.369,5010,50,0
2021-05-05T08:00:00+00:00,2021-05-05,13:30:00,1620201600,109.37,109.405,109.255,109.335,5169,50,0
2021-05-05T12:00:00+00:00,2021-05-05,17:30:00,1620216000,109.334,109.39,109.144,109.272,9955,50,0
2021-05-05T16:00:00+00:00,2021-05-05,21:30:00,1620230400,109.271,109.318,109.179,109.193,2785,50,0
2021-05-05T20:00:00+00:00,2021-05-06,01:30:00,1620244800,109.186,109.27,109.162,109.221,1535,50,0
2021-05-06T00:00:00+00:00,2021-05-06,05:30:00,1620259200,109.22,109.427,109.187,109.373,6479,50,0
2021-05-06T04:00:00+00:00,2021-05-06,09:30:00,1620273600,109.374,109.421,109.247,109.336,5063,50,0
2021-05-06T08:00:00+00:00,2021-05-06,13:30:00,1620288000,109.335,109.365,109.063,109.167,6844,50,0
2021-05-06T12:00:00+00:00,2021-05-06,17:30:00,1620302400,109.166,109.403,109.034,109.174,11638,50,0
2021-05-06T16:00:00+00:00,2021-05-06,21:30:00,1620316800,109.173,109.188,109.001,109.044,3404,50,0
2021-05-06T20:00:00+00:00,2021-05-07,01:30:00,1620331200,109.036,109.095,109.027,109.052,1308,50,0
2021-05-07T00:00:00+00:00,2021-05-07,05:30:00,1620345600,109.052,109.188,108.938,109.107,5338,50,0
2021-05-07T04:00:00+00:00,2021-05-07,09:30:00,1620360000,109.108,109.198,109.048,109.148,4339,50,0
2021-05-07T08:00:00+00:00,2021-05-07,13:30:00,1620374400,109.149,109.208,109.091,109.208,4525,50,0
2021-05-07T12:00:00+00:00,2021-05-07,17:30:00,1620388800,109.209,109.288,108.339,108.521,26487,50,0
2021-05-07T16:00:00+00:00,2021-05-07,21:30:00,1620403200,108.521,108.747,108.521,108.594,4834,50,0
2021-05-07T20:00:00+00:00,2021-05-08,01:30:00,1620417600,108.587,108.611,108.551,108.581,355,50,0
2021-05-09T20:00:00+00:00,2021-05-10,01:30:00,1620590400,108.577,108.612,108.454,108.574,1770,50,0
2021-05-10T00:00:00+00:00,2021-05-10,05:30:00,1620604800,108.575,108.914,108.558,108.888,6255,50,0
2021-05-10T04:00:00+00:00,2021-05-10,09:30:00,1620619200,108.889,109.056,108.797,108.924,6479,50,0
2021-05-10T08:00:00+00:00,2021-05-10,13:30:00,1620633600,108.922,108.97,108.682,108.8,6328,50,0
2021-05-10T12:00:00+00:00,2021-05-10,17:30:00,1620648000,108.801,108.837,108.653,108.706,9460,50,0
2021-05-10T16:00:00+00:00,2021-05-10,21:30:00,1620662400,108.707,108.871,108.707,108.779,4096,50,0
2021-05-10T20:00:00+00:00,2021-05-11,01:30:00,1620676800,108.772,108.855,108.721,108.849,2364,50,0
2021-05-11T00:00:00+00:00,2021-05-11,05:30:00,1620691200,108.848,108.983,108.791,108.888,5883,50,0
2021-05-11T04:00:00+00:00,2021-05-11,09:30:00,1620705600,108.889,108.956,108.806,108.94,5473,50,0
2021-05-11T08:00:00+00:00,2021-05-11,13:30:00,1620720000,108.939,108.979,108.588,108.594,7383,50,0
2021-05-11T12:00:00+00:00,2021-05-11,17:30:00,1620734400,108.592,108.671,108.35,108.531,12906,50,0
2021-05-11T16:00:00+00:00,2021-05-11,21:30:00,1620748800,108.532,108.673,108.512,108.659,3344,50,0
2021-05-11T20:00:00+00:00,2021-05-12,01:30:00,1620763200,108.651,108.73,108.571,108.717,1421,50,0
2021-05-12T00:00:00+00:00,2021-05-12,05:30:00,1620777600,108.716,108.906,108.676,108.851,5376,50,0
2021-05-12T04:00:00+00:00,2021-05-12,09:30:00,1620792000,108.852,108.893,108.725,108.798,5235,50,0
2021-05-12T08:00:00+00:00,2021-05-12,13:30:00,1620806400,108.799,108.834,108.661,108.755,5058,50,0
2021-05-12T12:00:00+00:00,2021-05-12,17:30:00,1620820800,108.753,109.544,108.714,109.527,21731,50,0
2021-05-12T16:00:00+00:00,2021-05-12,21:30:00,1620835200,109.526,109.641,109.509,109.586,6973,50,0
2021-05-12T20:00:00+00:00,2021-05-13,01:30:00,1620849600,109.58,109.699,109.569,109.663,1952,50,0
2021-05-13T00:00:00+00:00,2021-05-13,05:30:00,1620864000,109.664,109.786,109.484,109.717,6080,50,0
2021-05-13T04:00:00+00:00,2021-05-13,09:30:00,1620878400,109.716,109.752,109.483,109.666,6836,50,0
2021-05-13T08:00:00+00:00,2021-05-13,13:30:00,1620892800,109.668,109.677,109.496,109.618,7542,30,0
2021-05-13T12:00:00+00:00,2021-05-13,17:30:00,1620907200,109.617,109.693,109.483,109.572,10782,50,0
2021-05-13T16:00:00+00:00,2021-05-13,21:30:00,1620921600,109.571,109.583,109.407,109.417,5029,50,0
2021-05-13T20:00:00+00:00,2021-05-14,01:30:00,1620936000,109.402,109.527,109.397,109.517,1595,50,0
2021-05-14T00:00:00+00:00,2021-05-14,05:30:00,1620950400,109.519,109.656,109.511,109.564,4039,50,0
2021-05-14T04:00:00+00:00,2021-05-14,09:30:00,1620964800,109.565,109.565,109.339,109.385,4733,50,0
2021-05-14T08:00:00+00:00,2021-05-14,13:30:00,1620979200,109.386,109.406,109.248,109.321,5731,50,0
2021-05-14T12:00:00+00:00,2021-05-14,17:30:00,1620993600,109.322,109.45,109.187,109.373,11227,50,0
2021-05-14T16:00:00+00:00,2021-05-14,21:30:00,1621008000,109.372,109.441,109.338,109.339,2532,50,0
2021-05-14T20:00:00+00:00,2021-05-15,01:30:00,1621022400,109.333,109.368,109.333,109.337,303,50,0
2021-05-16T20:00:00+00:00,2021-05-17,01:30:00,1621195200,109.248,109.423,109.229,109.42,1074,50,0
2021-05-17T00:00:00+00:00,2021-05-17,05:30:00,1621209600,109.422,109.502,109.268,109.343,5072,50,0
2021-05-17T04:00:00+00:00,2021-05-17,09:30:00,1621224000,109.342,109.401,109.146,109.251,4779,50,0
2021-05-17T08:00:00+00:00,2021-05-17,13:30:00,1621238400,109.25,109.328,109.075,109.205,4912,50,0
2021-05-17T12:00:00+00:00,2021-05-17,17:30:00,1621252800,109.203,109.29,109.127,109.174,7180,50,0
2021-05-17T16:00:00+00:00,2021-05-17,21:30:00,1621267200,109.173,109.211,109.099,109.171,2134,50,0
2021-05-17T20:00:00+00:00,2021-05-18,01:30:00,1621281600,109.163,109.242,109.158,109.242,1745,50,0
2021-05-18T00:00:00+00:00,2021-05-18,05:30:00,1621296000,109.243,109.284,109.106,109.182,5181,50,0
2021-05-18T04:00:00+00:00,2021-05-18,09:30:00,1621310400,109.183,109.231,108.943,108.965,4708,50,0
2021-05-18T08:00:00+00:00,2021-05-18,13:30:00,1621324800,108.967,109.069,108.851,108.947,6245,50,0
2021-05-18T12:00:00+00:00,2021-05-18,17:30:00,1621339200,108.945,109.02,108.835,109.015,7790,50,0
2021-05-18T16:00:00+00:00,2021-05-18,21:30:00,1621353600,109.013,109.014,108.857,108.902,2594,50,0
2021-05-18T20:00:00+00:00,2021-05-19,01:30:00,1621368000,108.895,108.932,108.831,108.868,1289,50,0
2021-05-19T00:00:00+00:00,2021-05-19,05:30:00,1621382400,108.867,109.074,108.86,108.93,4880,50,0
2021-05-19T04:00:00+00:00,2021-05-19,09:30:00,1621396800,108.931,109.119,108.903,109.076,4954,50,0
2021-05-19T08:00:00+00:00,2021-05-19,13:30:00,1621411200,109.078,109.336,109.034,109.182,6681,50,0
2021-05-19T12:00:00+00:00,2021-05-19,17:30:00,1621425600,109.183,109.212,108.572,108.761,14670,50,0
2021-05-19T16:00:00+00:00,2021-05-19,21:30:00,1621440000,108.76,109.297,108.736,109.208,9507,50,0
2021-05-19T20:00:00+00:00,2021-05-20,01:30:00,1621454400,109.2,109.307,109.161,109.264,2661,50,0
2021-05-20T00:00:00+00:00,2021-05-20,05:30:00,1621468800,109.263,109.296,109.094,109.136,6798,50,0
2021-05-20T04:00:00+00:00,2021-05-20,09:30:00,1621483200,109.137,109.172,108.962,108.981,4445,50,0
2021-05-20T08:00:00+00:00,2021-05-20,13:30:00,1621497600,108.98,109.027,108.875,108.916,6522,50,0
2021-05-20T12:00:00+00:00,2021-05-20,17:30:00,1621512000,108.918,109.026,108.749,108.793,8950,50,0
2021-05-20T16:00:00+00:00,2021-05-20,21:30:00,1621526400,108.794,108.836,108.765,108.78,3433,50,0
2021-05-20T20:00:00+00:00,2021-05-21,01:30:00,1621540800,108.773,108.87,108.738,108.863,1446,50,0
2021-05-21T00:00:00+00:00,2021-05-21,05:30:00,1621555200,108.861,108.898,108.792,108.861,3992,50,0
2021-05-21T04:00:00+00:00,2021-05-21,09:30:00,1621569600,108.86,108.865,108.679,108.697,5284,50,0
2021-05-21T08:00:00+00:00,2021-05-21,13:30:00,1621584000,108.696,108.833,108.612,108.828,5293,50,0
2021-05-21T12:00:00+00:00,2021-05-21,17:30:00,1621598400,108.829,108.987,108.679,108.938,9287,50,0
2021-05-21T16:00:00+00:00,2021-05-21,21:30:00,1621612800,108.939,109.005,108.878,108.905,2345,50,0
2021-05-21T20:00:00+00:00,2021-05-22,01:30:00,1621627200,108.895,108.96,108.871,108.949,280,50,0
2021-05-23T20:00:00+00:00,2021-05-24,01:30:00,1621800000,108.903,108.987,108.853,108.918,877,50,0
2021-05-24T00:00:00+00:00,2021-05-24,05:30:00,1621814400,108.917,108.991,108.845,108.861,3978,50,0
2021-05-24T04:00:00+00:00,2021-05-24,09:30:00,1621828800,108.862,108.863,108.697,108.759,3611,50,0
2021-05-24T08:00:00+00:00,2021-05-24,13:30:00,1621843200,108.76,108.983,108.742,108.928,5716,50,0
2021-05-24T12:00:00+00:00,2021-05-24,17:30:00,1621857600,108.929,108.941,108.705,108.81,7149,50,0
2021-05-24T16:00:00+00:00,2021-05-24,21:30:00,1621872000,108.811,108.83,108.765,108.776,2151,50,0
2021-05-24T20:00:00+00:00,2021-05-25,01:30:00,1621886400,108.768,108.864,108.713,108.853,1600,50,0
2021-05-25T00:00:00+00:00,2021-05-25,05:30:00,1621900800,108.852,108.852,108.683,108.708,5113,50,0
2021-05-25T04:00:00+00:00,2021-05-25,09:30:00,1621915200,108.709,108.786,108.56,108.726,4799,50,0
2021-05-25T08:00:00+00:00,2021-05-25,13:30:00,1621929600,108.725,108.968,108.716,108.87,6752,50,0
2021-05-25T12:00:00+00:00,2021-05-25,17:30:00,1621944000,108.872,109.071,108.838,108.958,8941,50,0
2021-05-25T16:00:00+00:00,2021-05-25,21:30:00,1621958400,108.959,109.015,108.7,108.739,3722,50,0
2021-05-25T20:00:00+00:00,2021-05-26,01:30:00,1621972800,108.732,108.815,108.717,108.793,1614,50,0
2021-05-26T00:00:00+00:00,2021-05-26,05:30:00,1621987200,108.794,108.828,108.724,108.805,4508,50,0
2021-05-26T04:00:00+00:00,2021-05-26,09:30:00,1622001600,108.803,108.901,108.756,108.832,4229,50,0
2021-05-26T08:00:00+00:00,2021-05-26,13:30:00,1622016000,108.833,108.936,108.799,108.905,4246,50,0
2021-05-26T12:00:00+00:00,2021-05-26,17:30:00,1622030400,108.906,109.144,108.863,109.104,7553,50,0
2021-05-26T16:00:00+00:00,2021-05-26,21:30:00,1622044800,109.106,109.178,109.062,109.144,3882,50,0
2021-05-26T20:00:00+00:00,2021-05-27,01:30:00,1622059200,109.136,109.177,109.09,109.17,1322,50,0
2021-05-27T00:00:00+00:00,2021-05-27,05:30:00,1622073600,109.171,109.208,109.041,109.059,3660,50,0
2021-05-27T04:00:00+00:00,2021-05-27,09:30:00,1622088000,109.058,109.155,109.038,109.098,4150,50,0
2021-05-27T08:00:00+00:00,2021-05-27,13:30:00,1622102400,109.097,109.256,109.055,109.231,5761,50,0
2021-05-27T12:00:00+00:00,2021-05-27,17:30:00,1622116800,109.23,109.853,109.219,109.819,12669,50,0
2021-05-27T16:00:00+00:00,2021-05-27,21:30:00,1622131200,109.818,109.923,109.757,109.782,3964,50,0
2021-05-27T20:00:00+00:00,2021-05-28,01:30:00,1622145600,109.776,109.861,109.77,109.809,1503,50,0
2021-05-28T00:00:00+00:00,2021-05-28,05:30:00,1622160000,109.81,109.958,109.81,109.909,4239,50,0
2021-05-28T04:00:00+00:00,2021-05-28,09:30:00,1622174400,109.908,109.956,109.818,109.892,4433,50,0
2021-05-28T08:00:00+00:00,2021-05-28,13:30:00,1622188800,109.891,110.087,109.797,110.046,4900,50,0
2021-05-28T12:00:00+00:00,2021-05-28,17:30:00,1622203200,110.044,110.199,109.814,109.848,10733,50,0
2021-05-28T16:00:00+00:00,2021-05-28,21:30:00,1622217600,109.847,109.848,109.745,109.845,3749,50,0
2021-05-28T20:00:00+00:00,2021-05-29,01:30:00,1622232000,109.821,109.867,109.815,109.841,278,50,0
2021-05-30T20:00:00+00:00,2021-05-31,01:30:00,1622404800,109.819,109.934,109.766,109.911,839,50,0
2021-05-31T00:00:00+00:00,2021-05-31,05:30:00,1622419200,109.91,109.936,109.637,109.69,5032,50,0
2021-05-31T04:00:00+00:00,2021-05-31,09:30:00,1622433600,109.689,109.795,109.643,109.714,2733,50,0
2021-05-31T08:00:00+00:00,2021-05-31,13:30:00,1622448000,109.716,109.748,109.641,109.665,3055,50,0
2021-05-31T12:00:00+00:00,2021-05-31,17:30:00,1622462400,109.664,109.682,109.353,109.479,4024,50,0
2021-05-31T16:00:00+00:00,2021-05-31,21:30:00,1622476800,109.48,109.551,109.463,109.549,2930,50,0
2021-05-31T20:00:00+00:00,2021-06-01,01:30:00,1622491200,109.523,109.585,109.488,109.494,1222,50,0
2021-06-01T00:00:00+00:00,2021-06-01,05:30:00,1622505600,109.493,109.544,109.332,109.445,4157,50,0
2021-06-01T04:00:00+00:00,2021-06-01,09:30:00,1622520000,109.447,109.54,109.418,109.488,4202,50,0
2021-06-01T08:00:00+00:00,2021-06-01,13:30:00,1622534400,109.487,109.679,109.487,109.63,5248,50,0
2021-06-01T12:00:00+00:00,2021-06-01,17:30:00,1622548800,109.631,109.707,109.34,109.431,9016,50,0
2021-06-01T16:00:00+00:00,2021-06-01,21:30:00,1622563200,109.433,109.485,109.39,109.474,2355,50,0
2021-06-01T20:00:00+00:00,2021-06-02,01:30:00,1622577600,109.466,109.509,109.415,109.496,1406,50,0
2021-06-02T00:00:00+00:00,2021-06-02,05:30:00,1622592000,109.497,109.657,109.482,109.62,4028,50,0
2021-06-02T04:00:00+00:00,2021-06-02,09:30:00,1622606400,109.619,109.784,109.604,109.772,4548,50,0
2021-06-02T08:00:00+00:00,2021-06-02,13:30:00,1622620800,109.771,109.884,109.75,109.795,4770,50,0
2021-06-02T12:00:00+00:00,2021-06-02,17:30:00,1622635200,109.793,109.794,109.565,109.601,6899,50,0
2021-06-02T16:00:00+00:00,2021-06-02,21:30:00,1622649600,109.602,109.638,109.529,109.549,1659,50,0
2021-06-02T20:00:00+00:00,2021-06-03,01:30:00,1622664000,109.541,109.615,109.517,109.596,1286,50,0
2021-06-03T00:00:00+00:00,2021-06-03,05:30:00,1622678400,109.594,109.693,109.568,109.678,2510,50,0
2021-06-03T04:00:00+00:00,2021-06-03,09:30:00,1622692800,109.679,109.839,109.676,109.834,3398,50,0
2021-06-03T08:00:00+00:00,2021-06-03,13:30:00,1622707200,109.836,109.845,109.626,109.797,5193,50,0
2021-06-03T12:00:00+00:00,2021-06-03,17:30:00,1622721600,109.798,110.314,109.765,110.288,11422,50,0
2021-06-03T16:00:00+00:00,2021-06-03,21:30:00,1622736000,110.289,110.316,110.239,110.272,2824,50,0
2021-06-03T20:00:00+00:00,2021-06-04,01:30:00,1622750400,110.263,110.32,110.246,110.29,962,50,0
2021-06-04T00:00:00+00:00,2021-06-04,05:30:00,1622764800,110.292,110.328,110.142,110.235,4287,50,0
2021-06-04T04:00:00+00:00,2021-06-04,09:30:00,1622779200,110.234,110.284,110.163,110.184,3573,50,0
2021-06-04T08:00:00+00:00,2021-06-04,13:30:00,1622793600,110.182,110.205,110.091,110.102,3534,50,0
2021-06-04T12:00:00+00:00,2021-06-04,17:30:00,1622808000,110.103,110.136,109.365,109.431,19290,50,0
2021-06-04T16:00:00+00:00,2021-06-04,21:30:00,1622822400,109.432,109.56,109.429,109.505,2498,50,0
2021-06-04T20:00:00+00:00,2021-06-05,01:30:00,1622836800,109.497,109.537,109.457,109.517,268,50,0
2021-06-06T20:00:00+00:00,2021-06-07,01:30:00,1623009600,109.51,109.636,109.447,109.619,833,50,0
2021-06-07T00:00:00+00:00,2021-06-07,05:30:00,1623024000,109.618,109.637,109.471,109.566,4914,50,0
2021-06-07T04:00:00+00:00,2021-06-07,09:30:00,1623038400,109.565,109.593,109.382,109.423,4555,50,0
2021-06-07T08:00:00+00:00,2021-06-07,13:30:00,1623052800,109.424,109.496,109.25,109.302,5084,50,0
2021-06-07T12:00:00+00:00,2021-06-07,17:30:00,1623067200,109.303,109.363,109.193,109.259,6703,50,0
2021-06-07T16:00:00+00:00,2021-06-07,21:30:00,1623081600,109.261,109.301,109.231,109.246,1619,50,0
2021-06-07T20:00:00+00:00,2021-06-08,01:30:00,1623096000,109.233,109.283,109.219,109.273,1074,50,0
2021-06-08T00:00:00+00:00,2021-06-08,05:30:00,1623110400,109.273,109.442,109.199,109.42,4296,50,0
2021-06-08T04:00:00+00:00,2021-06-08,09:30:00,1623124800,109.421,109.537,109.389,109.523,3539,50,0
2021-06-08T08:00:00+00:00,2021-06-08,13:30:00,1623139200,109.524,109.558,109.367,109.408,5695,50,0
2021-06-08T12:00:00+00:00,2021-06-08,17:30:00,1623153600,109.409,109.511,109.275,109.469,8603,50,0
2021-06-08T16:00:00+00:00,2021-06-08,21:30:00,1623168000,109.47,109.514,109.455,109.474,2096,50,0
2021-06-08T20:00:00+00:00,2021-06-09,01:30:00,1623182400,109.466,109.505,109.452,109.471,773,50,0
2021-06-09T00:00:00+00:00,2021-06-09,05:30:00,1623196800,109.472,109.489,109.405,109.481,2769,50,0
2021-06-09T04:00:00+00:00,2021-06-09,09:30:00,1623211200,109.482,109.505,109.327,109.452,3299,50,0
2021-06-09T08:00:00+00:00,2021-06-09,13:30:00,1623225600,109.451,109.509,109.355,109.386,4199,50,0
2021-06-09T12:00:00+00:00,2021-06-09,17:30:00,1623240000,109.385,109.648,109.226,109.618,7421,50,0
2021-06-09T16:00:00+00:00,2021-06-09,21:30:00,1623254400,109.617,109.656,109.559,109.622,2344,50,0
2021-06-09T20:00:00+00:00,2021-06-10,01:30:00,1623268800,109.614,109.651,109.583,109.614,1073,50,0
2021-06-10T00:00:00+00:00,2021-06-10,05:30:00,1623283200,109.613,109.678,109.519,109.549,3284,50,0
2021-06-10T04:00:00+00:00,2021-06-10,09:30:00,1623297600,109.547,109.58,109.45,109.553,3509,50,0
2021-06-10T08:00:00+00:00,2021-06-10,13:30:00,1623312000,109.552,109.564,109.456,109.525,3702,50,0
2021-06-10T12:00:00+00:00,2021-06-10,17:30:00,1623326400,109.526,109.795,109.422,109.495,20059,50,0
2021-06-10T16:00:00+00:00,2021-06-10,21:30:00,1623340800,109.496,109.497,109.318,109.319,3330,50,0
2021-06-10T20:00:00+00:00,2021-06-11,01:30:00,1623355200,109.303,109.409,109.291,109.395,1878,50,0
2021-06-11T00:00:00+00:00,2021-06-11,05:30:00,1623369600,109.393,109.453,109.347,109.401,3047,50,0
2021-06-11T04:00:00+00:00,2021-06-11,09:30:00,1623384000,109.402,109.485,109.318,109.429,3492,50,0
2021-06-11T08:00:00+00:00,2021-06-11,13:30:00,1623398400,109.43,109.586,109.41,109.568,6079,50,0
2021-06-11T12:00:00+00:00,2021-06-11,17:30:00,1623412800,109.567,109.841,109.559,109.751,6700,50,0
2021-06-11T16:00:00+00:00,2021-06-11,21:30:00,1623427200,109.75,109.77,109.657,109.66,1975,50,0
2021-06-11T20:00:00+00:00,2021-06-12,01:30:00,1623441600,109.646,109.686,109.637,109.659,288,50,0
2021-06-13T20:00:00+00:00,2021-06-14,01:30:00,1623614400,109.619,109.736,109.585,109.717,960,50,0
2021-06-14T00:00:00+00:00,2021-06-14,05:30:00,1623628800,109.719,109.832,109.692,109.774,3492,50,0
2021-06-14T04:00:00+00:00,2021-06-14,09:30:00,1623643200,109.775,109.781,109.634,109.692,3699,50,0
2021-06-14T08:00:00+00:00,2021-06-14,13:30:00,1623657600,109.693,109.763,109.601,109.74,5771,30,0
2021-06-14T12:00:00+00:00,2021-06-14,17:30:00,1623672000,109.74,109.987,109.7,109.974,13434,30,0
2021-06-14T16:00:00+00:00,2021-06-14,21:30:00,1623686400,109.974,110.084,109.966,110.035,4975,30,0
2021-06-14T20:00:00+00:00,2021-06-15,01:30:00,1623700800,110.035,110.079,110.012,110.029,3981,30,0
2021-06-15T00:00:00+00:00,2021-06-15,05:30:00,1623715200,110.029,110.139,110.012,110.088,8352,30,0
2021-06-15T04:00:00+00:00,2021-06-15,09:30:00,1623729600,110.088,110.096,109.973,110.032,8323,30,0
2021-06-15T08:00:00+00:00,2021-06-15,13:30:00,1623744000,110.029,110.154,109.998,110.113,8777,30,0
2021-06-15T12:00:00+00:00,2021-06-15,17:30:00,1623758400,110.113,110.143,110.027,110.114,14040,30,0
2021-06-15T16:00:00+00:00,2021-06-15,21:30:00,1623772800,110.114,110.143,110.024,110.024,5425,30,0
2021-06-15T20:00:00+00:00,2021-06-16,01:30:00,1623787200,110.024,110.092,110.024,110.069,4304,30,0
2021-06-16T00:00:00+00:00,2021-06-16,05:30:00,1623801600,110.068,110.128,110.056,110.089,6477,30,0
2021-06-16T04:00:00+00:00,2021-06-16,09:30:00,1623816000,110.09,110.118,109.885,109.926,8451,30,0
2021-06-16T08:00:00+00:00,2021-06-16,13:30:00,1623830400,109.926,109.969,109.892,109.937,8346,30,0
2021-06-16T12:00:00+00:00,2021-06-16,17:30:00,1623844800,109.937,109.968,109.789,109.862,12455,30,0
2021-06-16T16:00:00+00:00,2021-06-16,21:30:00,1623859200,109.862,110.629,109.846,110.619,22195,30,0
2021-06-16T20:00:00+00:00,2021-06-17,01:30:00,1623873600,110.619,110.788,110.591,110.757,8324,30,0
2021-06-17T00:00:00+00:00,2021-06-17,05:30:00,1623888000,110.758,110.81,110.594,110.708,12302,30,0
2021-06-17T04:00:00+00:00,2021-06-17,09:30:00,1623902400,110.708,110.752,110.565,110.574,12050,30,0
2021-06-17T08:00:00+00:00,2021-06-17,13:30:00,1623916800,110.578,110.754,110.531,110.699,12790,30,0
2021-06-17T12:00:00+00:00,2021-06-17,17:30:00,1623931200,110.7,110.7,110.173,110.265,21834,30,0
2021-06-17T16:00:00+00:00,2021-06-17,21:30:00,1623945600,110.265,110.31,110.153,110.256,13114,30,0
2021-06-17T20:00:00+00:00,2021-06-18,01:30:00,1623960000,110.259,110.317,110.182,110.311,6443,30,0
2021-06-18T00:00:00+00:00,2021-06-18,05:30:00,1623974400,110.312,110.316,110.142,110.18,11372,30,0
2021-06-18T04:00:00+00:00,2021-06-18,09:30:00,1623988800,110.18,110.233,109.928,109.988,14730,30,0
2021-06-18T08:00:00+00:00,2021-06-18,13:30:00,1624003200,109.988,110.216,109.964,110.113,14418,30,0
2021-06-18T12:00:00+00:00,2021-06-18,17:30:00,1624017600,110.115,110.471,110.028,110.267,25409,30,0
2021-06-18T16:00:00+00:00,2021-06-18,21:30:00,1624032000,110.212,110.26,110.109,110.159,4707,50,0
2021-06-18T20:00:00+00:00,2021-06-19,01:30:00,1624046400,110.134,110.223,110.134,110.219,416,50,0
2021-06-20T20:00:00+00:00,2021-06-21,01:30:00,1624219200,110.198,110.241,110.148,110.204,1291,50,0
2021-06-21T00:00:00+00:00,2021-06-21,05:30:00,1624233600,110.19,110.242,109.704,109.792,18456,30,0
2021-06-21T04:00:00+00:00,2021-06-21,09:30:00,1624248000,109.789,110.052,109.723,110.02,15939,30,0
2021-06-21T08:00:00+00:00,2021-06-21,13:30:00,1624262400,110.019,110.14,109.902,110.083,14893,30,0
2021-06-21T12:00:00+00:00,2021-06-21,17:30:00,1624276800,110.079,110.322,110.061,110.203,18546,30,0
2021-06-21T16:00:00+00:00,2021-06-21,21:30:00,1624291200,110.204,110.295,110.126,110.268,8867,30,0
2021-06-21T20:00:00+00:00,2021-06-22,01:30:00,1624305600,110.268,110.368,110.24,110.362,6031,30,0
2021-06-22T00:00:00+00:00,2021-06-22,05:30:00,1624320000,110.362,110.459,110.198,110.404,9694,30,0
2021-06-22T04:00:00+00:00,2021-06-22,09:30:00,1624334400,110.404,110.525,110.338,110.47,7140,30,0
2021-06-22T08:00:00+00:00,2021-06-22,13:30:00,1624348800,110.47,110.516,110.37,110.508,9575,30,0
2021-06-22T12:00:00+00:00,2021-06-22,17:30:00,1624363200,110.508,110.779,110.497,110.734,15039,30,0
2021-06-22T16:00:00+00:00,2021-06-22,21:30:00,1624377600,110.735,110.753,110.575,110.612,8741,30,0
2021-06-22T20:00:00+00:00,2021-06-23,01:30:00,1624392000,110.612,110.668,110.61,110.64,3839,30,0
2021-06-23T00:00:00+00:00,2021-06-23,05:30:00,1624406400,110.64,110.84,110.631,110.747,10139,30,0
2021-06-23T04:00:00+00:00,2021-06-23,09:30:00,1624420800,110.747,110.905,110.741,110.86,9898,30,0
2021-06-23T08:00:00+00:00,2021-06-23,13:30:00,1624435200,110.86,111.089,110.647,110.851,12306,30,0
2021-06-23T12:00:00+00:00,2021-06-23,17:30:00,1624449600,110.851,110.9,110.668,110.845,16581,30,0
2021-06-23T16:00:00+00:00,2021-06-23,21:30:00,1624464000,110.845,110.999,110.844,110.952,7664,30,0
2021-06-23T20:00:00+00:00,2021-06-24,01:30:00,1624478400,110.952,111.035,110.935,111.0,10285,30,0
2021-06-24T00:00:00+00:00,2021-06-24,05:30:00,1624492800,111.0,111.102,110.945,111.002,10889,30,0
2021-06-24T04:00:00+00:00,2021-06-24,09:30:00,1624507200,111.002,111.01,110.746,110.865,10894,30,0
2021-06-24T08:00:00+00:00,2021-06-24,13:30:00,1624521600,110.867,110.902,110.743,110.798,11222,30,0
2021-06-24T12:00:00+00:00,2021-06-24,17:30:00,1624536000,110.798,110.898,110.674,110.894,15437,30,0
2021-06-24T16:00:00+00:00,2021-06-24,21:30:00,1624550400,110.894,110.896,110.819,110.827,7951,30,0
2021-06-24T20:00:00+00:00,2021-06-25,01:30:00,1624564800,110.828,110.916,110.818,110.907,4848,30,0
2021-06-25T00:00:00+00:00,2021-06-25,05:30:00,1624579200,110.907,110.97,110.831,110.843,8869,30,0
2021-06-25T04:00:00+00:00,2021-06-25,09:30:00,1624593600,110.843,110.869,110.726,110.739,9510,30,0
2021-06-25T08:00:00+00:00,2021-06-25,13:30:00,1624608000,110.738,110.782,110.663,110.721,9325,30,0
2021-06-25T12:00:00+00:00,2021-06-25,17:30:00,1624622400,110.721,110.787,110.467,110.773,19061,30,0
2021-06-25T16:00:00+00:00,2021-06-25,21:30:00,1624636800,110.772,110.864,110.737,110.741,8197,30,0
2021-06-25T20:00:00+00:00,2021-06-26,01:30:00,1624651200,110.741,110.782,110.733,110.769,894,30,0
2021-06-27T20:00:00+00:00,2021-06-28,01:30:00,1624824000,110.794,110.838,110.757,110.813,982,50,0
2021-06-28T00:00:00+00:00,2021-06-28,05:30:00,1624838400,110.797,110.825,110.615,110.619,11313,30,0
2021-06-28T04:00:00+00:00,2021-06-28,09:30:00,1624852800,110.619,110.718,110.603,110.633,8969,30,0
2021-06-28T08:00:00+00:00,2021-06-28,13:30:00,1624867200,110.634,110.934,110.624,110.923,10997,30,0
2021-06-28T12:00:00+00:00,2021-06-28,17:30:00,1624881600,110.923,110.963,110.5,110.502,17239,30,0
2021-06-28T16:00:00+00:00,2021-06-28,21:30:00,1624896000,110.501,110.595,110.484,110.591,7651,30,0
2021-06-28T20:00:00+00:00,2021-06-29,01:30:00,1624910400,110.591,110.633,110.554,110.592,4668,30,0
2021-06-29T00:00:00+00:00,2021-06-29,05:30:00,1624924800,110.593,110.627,110.438,110.504,11061,30,0
2021-06-29T04:00:00+00:00,2021-06-29,09:30:00,1624939200,110.504,110.681,110.497,110.679,10127,30,0
2021-06-29T08:00:00+00:00,2021-06-29,13:30:00,1624953600,110.679,110.746,110.495,110.594,12519,30,0
2021-06-29T12:00:00+00:00,2021-06-29,17:30:00,1624968000,110.594,110.722,110.417,110.526,18227,30,0
2021-06-29T16:00:00+00:00,2021-06-29,21:30:00,1624982400,110.527,110.547,110.472,110.526,6870,30,0
2021-06-29T20:00:00+00:00,2021-06-30,01:30:00,1624996800,110.526,110.562,110.487,110.521,9187,30,0
2021-06-30T00:00:00+00:00,2021-06-30,05:30:00,1625011200,110.521,110.583,110.428,110.471,10758,30,0
2021-06-30T04:00:00+00:00,2021-06-30,09:30:00,1625025600,110.471,110.578,110.43,110.532,10729,30,0
2021-06-30T08:00:00+00:00,2021-06-30,13:30:00,1625040000,110.532,110.551,110.405,110.51,11335,30,0
2021-06-30T12:00:00+00:00,2021-06-30,17:30:00,1625054400,110.51,111.054,110.497,111.028,19577,30,0
2021-06-30T16:00:00+00:00,2021-06-30,21:30:00,1625068800,111.028,111.107,110.984,111.069,7835,30,0
2021-06-30T20:00:00+00:00,2021-07-01,01:30:00,1625083200,111.068,111.125,111.054,111.12,5501,30,0
2021-07-01T00:00:00+00:00,2021-07-01,05:30:00,1625097600,111.119,111.15,111.013,111.08,9366,30,0
2021-07-01T04:00:00+00:00,2021-07-01,09:30:00,1625112000,111.081,111.263,111.073,111.261,9493,30,0
2021-07-01T08:00:00+00:00,2021-07-01,13:30:00,1625126400,111.261,111.613,111.254,111.454,14769,30,0
2021-07-01T12:00:00+00:00,2021-07-01,17:30:00,1625140800,111.453,111.598,111.335,111.547,18150,30,0
2021-07-01T16:00:00+00:00,2021-07-01,21:30:00,1625155200,111.548,111.624,111.519,111.538,7093,30,0
2021-07-01T20:00:00+00:00,2021-07-02,01:30:00,1625169600,111.538,111.571,111.499,111.559,4908,30,0
2021-07-02T00:00:00+00:00,2021-07-02,05:30:00,1625184000,111.558,111.645,111.537,111.564,10040,30,0
2021-07-02T04:00:00+00:00,2021-07-02,09:30:00,1625198400,111.564,111.646,111.542,111.559,8468,30,0
2021-07-02T08:00:00+00:00,2021-07-02,13:30:00,1625212800,111.56,111.573,111.378,111.443,11163,0,0
2021-07-02T12:00:00+00:00,2021-07-02,17:30:00,1625227200,111.442,111.607,111.151,111.294,18577,0,0
2021-07-02T16:00:00+00:00,2021-07-02,21:30:00,1625241600,111.294,111.3,110.952,111.031,3070,0,0
2021-07-02T20:00:00+00:00,2021-07-03,01:30:00,1625256000,111.024,111.036,111.0,111.015,254,15,0
2021-07-04T20:00:00+00:00,2021-07-05,01:30:00,1625428800,110.974,111.159,110.945,111.142,1444,0,0
2021-07-05T00:00:00+00:00,2021-07-05,05:30:00,1625443200,111.142,111.19,111.052,111.12,3060,0,0
2021-07-05T04:00:00+00:00,2021-07-05,09:30:00,1625457600,111.12,111.145,110.899,110.912,2690,0,0
2021-07-05T08:00:00+00:00,2021-07-05,13:30:00,1625472000,110.911,110.924,110.797,110.845,3367,0,0
2021-07-05T12:00:00+00:00,2021-07-05,17:30:00,1625486400,110.845,110.98,110.845,110.909,2853,0,0
2021-07-05T16:00:00+00:00,2021-07-05,21:30:00,1625500800,110.909,110.965,110.88,110.953,4416,0,0
2021-07-05T20:00:00+00:00,2021-07-06,01:30:00,1625515200,110.926,110.973,110.892,110.917,1620,0,0
2021-07-06T00:00:00+00:00,2021-07-06,05:30:00,1625529600,110.918,110.93,110.788,110.845,3458,0,0
2021-07-06T04:00:00+00:00,2021-07-06,09:30:00,1625544000,110.845,110.917,110.748,110.775,4147,0,0
2021-07-06T08:00:00+00:00,2021-07-06,13:30:00,1625558400,110.775,110.86,110.609,110.655,5366,0,0
2021-07-06T12:00:00+00:00,2021-07-06,17:30:00,1625572800,110.655,110.803,110.519,110.658,10882,0,0
2021-07-06T16:00:00+00:00,2021-07-06,21:30:00,1625587200,110.657,110.687,110.6,110.635,2970,0,0
2021-07-06T20:00:00+00:00,2021-07-07,01:30:00,1625601600,110.619,110.662,110.567,110.603,1836,0,0
2021-07-07T00:00:00+00:00,2021-07-07,05:30:00,1625616000,110.602,110.62,110.397,110.602,5151,0,0
2021-07-07T04:00:00+00:00,2021-07-07,09:30:00,1625630400,110.601,110.74,110.482,110.635,4995,0,0
2021-07-07T08:00:00+00:00,2021-07-07,13:30:00,1625644800,110.635,110.815,110.635,110.683,4900,0,0
2021-07-07T12:00:00+00:00,2021-07-07,17:30:00,1625659200,110.683,110.814,110.508,110.621,10077,0,0
2021-07-07T16:00:00+00:00,2021-07-07,21:30:00,1625673600,110.622,110.726,110.541,110.607,6689,0,0
2021-07-07T20:00:00+00:00,2021-07-08,01:30:00,1625688000,110.599,110.665,110.582,110.636,2000,0,0
2021-07-08T00:00:00+00:00,2021-07-08,05:30:00,1625702400,110.636,110.649,110.424,110.567,5046,0,0
2021-07-08T04:00:00+00:00,2021-07-08,09:30:00,1625716800,110.566,110.566,109.763,109.789,11362,0,0
2021-07-08T08:00:00+00:00,2021-07-08,13:30:00,1625731200,109.79,110.048,109.706,109.749,10985,0,0
2021-07-08T12:00:00+00:00,2021-07-08,17:30:00,1625745600,109.748,109.855,109.534,109.821,13271,0,0
2021-07-08T16:00:00+00:00,2021-07-08,21:30:00,1625760000,109.821,109.869,109.772,109.776,3316,0,0
2021-07-08T20:00:00+00:00,2021-07-09,01:30:00,1625774400,109.764,109.845,109.717,109.801,1979,0,0
2021-07-09T00:00:00+00:00,2021-07-09,05:30:00,1625788800,109.803,109.966,109.764,109.89,5612,0,0
2021-07-09T04:00:00+00:00,2021-07-09,09:30:00,1625803200,109.89,110.134,109.871,110.013,6502,0,0
2021-07-09T08:00:00+00:00,2021-07-09,13:30:00,1625817600,110.014,110.142,109.902,110.057,6602,0,0
2021-07-09T12:00:00+00:00,2021-07-09,17:30:00,1625832000,110.056,110.259,109.939,110.183,8181,0,0
2021-07-09T16:00:00+00:00,2021-07-09,21:30:00,1625846400,110.183,110.217,110.112,110.114,2097,0,0
2021-07-09T20:00:00+00:00,2021-07-10,01:30:00,1625860800,110.101,110.136,110.086,110.111,261,15,0
2021-07-11T20:00:00+00:00,2021-07-12,01:30:00,1626033600,110.097,110.239,110.087,110.218,1407,0,0
2021-07-12T00:00:00+00:00,2021-07-12,05:30:00,1626048000,110.219,110.253,110.012,110.156,3880,0,0
2021-07-12T04:00:00+00:00,2021-07-12,09:30:00,1626062400,110.156,110.278,110.01,110.046,3428,0,0
2021-07-12T08:00:00+00:00,2021-07-12,13:30:00,1626076800,110.048,110.267,109.978,110.211,4420,0,0
2021-07-12T12:00:00+00:00,2021-07-12,17:30:00,1626091200,110.213,110.395,110.101,110.362,7125,0,0
2021-07-12T16:00:00+00:00,2021-07-12,21:30:00,1626105600,110.361,110.403,110.316,110.34,2139,0,0
2021-07-12T20:00:00+00:00,2021-07-13,01:30:00,1626120000,110.331,110.373,110.296,110.329,1677,0,0
2021-07-13T00:00:00+00:00,2021-07-13,05:30:00,1626134400,110.33,110.442,110.289,110.377,3384,0,0
2021-07-13T04:00:00+00:00,2021-07-13,09:30:00,1626148800,110.377,110.447,110.315,110.378,3567,0,0
2021-07-13T08:00:00+00:00,2021-07-13,13:30:00,1626163200,110.377,110.421,110.199,110.217,4352,0,0
2021-07-13T12:00:00+00:00,2021-07-13,17:30:00,1626177600,110.217,110.557,110.205,110.367,18289,0,0
2021-07-13T16:00:00+00:00,2021-07-13,21:30:00,1626192000,110.366,110.647,110.364,110.604,3629,0,0
2021-07-13T20:00:00+00:00,2021-07-14,01:30:00,1626206400,110.596,110.64,110.573,110.598,1589,0,0
2021-07-14T00:00:00+00:00,2021-07-14,05:30:00,1626220800,110.598,110.698,110.465,110.498,4159,0,0
2021-07-14T04:00:00+00:00,2021-07-14,09:30:00,1626235200,110.499,110.534,110.415,110.508,3696,0,0
2021-07-14T08:00:00+00:00,2021-07-14,13:30:00,1626249600,110.508,110.537,110.449,110.462,3948,0,0
2021-07-14T12:00:00+00:00,2021-07-14,17:30:00,1626264000,110.461,110.461,109.972,110.037,12637,0,0
2021-07-14T16:00:00+00:00,2021-07-14,21:30:00,1626278400,110.037,110.05,109.948,109.973,2928,0,0
2021-07-14T20:00:00+00:00,2021-07-15,01:30:00,1626292800,109.959,110.027,109.921,109.997,2004,0,0
2021-07-15T00:00:00+00:00,2021-07-15,05:30:00,1626307200,109.997,110.013,109.82,109.856,4774,0,0
2021-07-15T04:00:00+00:00,2021-07-15,09:30:00,1626321600,109.856,109.892,109.749,109.768,4127,0,0
2021-07-15T08:00:00+00:00,2021-07-15,13:30:00,1626336000,109.77,110.044,109.715,109.996,6487,0,0
2021-07-15T12:00:00+00:00,2021-07-15,17:30:00,1626350400,109.994,110.089,109.845,110.057,8695,0,0
2021-07-15T16:00:00+00:00,2021-07-15,21:30:00,1626364800,110.057,110.063,109.784,109.79,3467,0,0
2021-07-15T20:00:00+00:00,2021-07-16,01:30:00,1626379200,109.782,109.852,109.765,109.781,1652,0,0
2021-07-16T00:00:00+00:00,2021-07-16,05:30:00,1626393600,109.78,110.072,109.734,109.954,4865,0,0
2021-07-16T04:00:00+00:00,2021-07-16,09:30:00,1626408000,109.954,110.221,109.934,110.159,4800,0,0
2021-07-16T08:00:00+00:00,2021-07-16,13:30:00,1626422400,110.16,110.241,110.061,110.199,5102,0,0
2021-07-16T12:00:00+00:00,2021-07-16,17:30:00,1626436800,110.2,110.342,110.085,110.13,9247,0,0
2021-07-16T16:00:00+00:00,2021-07-16,21:30:00,1626451200,110.131,110.144,110.037,110.056,2320,0,0
2021-07-16T20:00:00+00:00,2021-07-17,01:30:00,1626465600,110.048,110.079,110.023,110.067,302,15,0
2021-07-18T20:00:00+00:00,2021-07-19,01:30:00,1626638400,110.035,110.092,109.85,109.877,1940,0,0
2021-07-19T00:00:00+00:00,2021-07-19,05:30:00,1626652800,109.877,109.961,109.852,109.954,4154,0,0
2021-07-19T04:00:00+00:00,2021-07-19,09:30:00,1626667200,109.954,110.033,109.79,109.843,5067,0,0
2021-07-19T08:00:00+00:00,2021-07-19,13:30:00,1626681600,109.844,109.901,109.612,109.664,8814,0,0
2021-07-19T12:00:00+00:00,2021-07-19,17:30:00,1626696000,109.666,109.672,109.065,109.464,14317,0,0
2021-07-19T16:00:00+00:00,2021-07-19,21:30:00,1626710400,109.464,109.511,109.341,109.479,4335,0,0
2021-07-19T20:00:00+00:00,2021-07-20,01:30:00,1626724800,109.467,109.56,109.399,109.53,1921,0,0
2021-07-20T00:00:00+00:00,2021-07-20,05:30:00,1626739200,109.53,109.603,109.373,109.435,5877,0,0
2021-07-20T04:00:00+00:00,2021-07-20,09:30:00,1626753600,109.435,109.706,109.371,109.63,6719,0,0
2021-07-20T08:00:00+00:00,2021-07-20,13:30:00,1626768000,109.63,109.745,109.33,109.593,9038,0,0
2021-07-20T12:00:00+00:00,2021-07-20,17:30:00,1626782400,109.594,109.957,109.357,109.917,14586,0,0
2021-07-20T16:00:00+00:00,2021-07-20,21:30:00,1626796800,109.916,109.936,109.815,109.828,3832,0,0
2021-07-20T20:00:00+00:00,2021-07-21,01:30:00,1626811200,109.815,109.933,109.81,109.92,1872,0,0
2021-07-21T00:00:00+00:00,2021-07-21,05:30:00,1626825600,109.92,109.981,109.856,109.896,4234,0,0
2021-07-21T04:00:00+00:00,2021-07-21,09:30:00,1626840000,109.895,110.138,109.802,110.091,5871,0,0
2021-07-21T08:00:00+00:00,2021-07-21,13:30:00,1626854400,110.092,110.178,110.002,110.079,7738,0,0
2021-07-21T12:00:00+00:00,2021-07-21,17:30:00,1626868800,110.078,110.388,110.077,110.221,8853,0,0
2021-07-21T16:00:00+00:00,2021-07-21,21:30:00,1626883200,110.222,110.338,110.222,110.265,3305,0,0
2021-07-21T20:00:00+00:00,2021-07-22,01:30:00,1626897600,110.257,110.295,110.247,110.249,1188,0,0
2021-07-22T00:00:00+00:00,2021-07-22,05:30:00,1626912000,110.249,110.26,110.085,110.126,2409,0,0
2021-07-22T04:00:00+00:00,2021-07-22,09:30:00,1626926400,110.126,110.27,110.069,110.232,3911,0,0
2021-07-22T08:00:00+00:00,2021-07-22,13:30:00,1626940800,110.232,110.358,110.21,110.27,6724,0,0
2021-07-22T12:00:00+00:00,2021-07-22,17:30:00,1626955200,110.27,110.27,110.016,110.117,12381,0,0
2021-07-22T16:00:00+00:00,2021-07-22,21:30:00,1626969600,110.117,110.223,110.066,110.142,3411,0,0
2021-07-22T20:00:00+00:00,2021-07-23,01:30:00,1626984000,110.121,110.189,110.088,110.143,1859,0,0
2021-07-23T00:00:00+00:00,2021-07-23,05:30:00,1626998400,110.143,110.304,110.115,110.271,2216,0,0
2021-07-23T04:00:00+00:00,2021-07-23,09:30:00,1627012800,110.27,110.413,110.248,110.336,4128,0,0
2021-07-23T08:00:00+00:00,2021-07-23,13:30:00,1627027200,110.338,110.575,110.312,110.529,5830,0,0
2021-07-23T12:00:00+00:00,2021-07-23,17:30:00,1627041600,110.53,110.594,110.389,110.515,7660,0,0
2021-07-23T16:00:00+00:00,2021-07-23,21:30:00,1627056000,110.515,110.562,110.492,110.546,1978,0,0
2021-07-23T20:00:00+00:00,2021-07-24,01:30:00,1627070400,110.546,110.554,110.511,110.54,263,0,0
2021-07-25T20:00:00+00:00,2021-07-26,01:30:00,1627243200,110.511,110.568,110.468,110.549,799,0,0
2021-07-26T00:00:00+00:00,2021-07-26,05:30:00,1627257600,110.547,110.584,110.318,110.328,3238,0,0
2021-07-26T04:00:00+00:00,2021-07-26,09:30:00,1627272000,110.329,110.372,110.119,110.208,3934,0,0
2021-07-26T08:00:00+00:00,2021-07-26,13:30:00,1627286400,110.207,110.337,110.141,110.286,5107,0,0
2021-07-26T12:00:00+00:00,2021-07-26,17:30:00,1627300800,110.285,110.424,110.156,110.313,7277,0,0
2021-07-26T16:00:00+00:00,2021-07-26,21:30:00,1627315200,110.314,110.41,110.296,110.376,1515,0,0
2021-07-26T20:00:00+00:00,2021-07-27,01:30:00,1627329600,110.37,110.391,110.301,110.309,592,0,0
2021-07-27T00:00:00+00:00,2021-07-27,05:30:00,1627344000,110.308,110.33,110.17,110.201,3250,0,0
2021-07-27T04:00:00+00:00,2021-07-27,09:30:00,1627358400,110.2,110.257,109.978,110.089,5277,0,0
2021-07-27T08:00:00+00:00,2021-07-27,13:30:00,1627372800,110.09,110.172,110.025,110.128,4799,0,0
2021-07-27T12:00:00+00:00,2021-07-27,17:30:00,1627387200,110.126,110.129,109.621,109.642,8297,0,0
2021-07-27T16:00:00+00:00,2021-07-27,21:30:00,1627401600,109.641,109.755,109.584,109.712,2651,0,0
2021-07-27T20:00:00+00:00,2021-07-28,01:30:00,1627416000,109.699,109.815,109.696,109.809,970,0,0
2021-07-28T00:00:00+00:00,2021-07-28,05:30:00,1627430400,109.808,109.911,109.754,109.797,3166,0,0
2021-07-28T04:00:00+00:00,2021-07-28,09:30:00,1627444800,109.798,109.969,109.744,109.969,3251,0,0
2021-07-28T08:00:00+00:00,2021-07-28,13:30:00,1627459200,109.971,110.105,109.879,110.078,4792,0,0
2021-07-28T12:00:00+00:00,2021-07-28,17:30:00,1627473600,110.076,110.226,110.047,110.066,6334,0,0
2021-07-28T16:00:00+00:00,2021-07-28,21:30:00,1627488000,110.067,110.287,109.843,109.864,13289,0,0
2021-07-28T20:00:00+00:00,2021-07-29,01:30:00,1627502400,109.857,109.94,109.841,109.89,1241,0,0
2021-07-29T00:00:00+00:00,2021-07-29,05:30:00,1627516800,109.891,109.891,109.686,109.787,4056,0,0
2021-07-29T04:00:00+00:00,2021-07-29,09:30:00,1627531200,109.786,109.89,109.679,109.856,4145,0,0
2021-07-29T08:00:00+00:00,2021-07-29,13:30:00,1627545600,109.855,109.886,109.729,109.847,4087,0,0
2021-07-29T12:00:00+00:00,2021-07-29,17:30:00,1627560000,109.846,109.912,109.471,109.543,8787,0,0
2021-07-29T16:00:00+00:00,2021-07-29,21:30:00,1627574400,109.542,109.595,109.422,109.454,2115,0,0
2021-07-29T20:00:00+00:00,2021-07-30,01:30:00,1627588800,109.435,109.483,109.403,109.413,1120,0,0
2021-07-30T00:00:00+00:00,2021-07-30,05:30:00,1627603200,109.412,109.605,109.362,109.52,4248,0,0
2021-07-30T04:00:00+00:00,2021-07-30,09:30:00,1627617600,109.521,109.629,109.484,109.527,3193,0,0
2021-07-30T08:00:00+00:00,2021-07-30,13:30:00,1627632000,109.528,109.665,109.48,109.659,3278,0,0
2021-07-30T12:00:00+00:00,2021-07-30,17:30:00,1627646400,109.66,109.798,109.59,109.72,6101,0,0
2021-07-30T16:00:00+00:00,2021-07-30,21:30:00,1627660800,109.722,109.828,109.692,109.708,1556,0,0
2021-07-30T20:00:00+00:00,2021-07-31,01:30:00,1627675200,109.695,109.722,109.626,109.68,262,16,0
2021-08-01T20:00:00+00:00,2021-08-02,01:30:00,1627848000,109.672,109.771,109.618,109.715,1030,0,0
2021-08-02T00:00:00+00:00,2021-08-02,05:30:00,1627862400,109.715,109.743,109.602,109.671,2936,0,0
2021-08-02T04:00:00+00:00,2021-08-02,09:30:00,1627876800,109.671,109.747,109.62,109.68,2719,0,0
2021-08-02T08:00:00+00:00,2021-08-02,13:30:00,1627891200,109.679,109.704,109.501,109.508,3118,0,0
2021-08-02T12:00:00+00:00,2021-08-02,17:30:00,1627905600,109.506,109.545,109.188,109.233,6807,0,0
2021-08-02T16:00:00+00:00,2021-08-02,21:30:00,1627920000,109.234,109.374,109.188,109.303,2072,0,0
2021-08-02T20:00:00+00:00,2021-08-03,01:30:00,1627934400,109.285,109.344,109.267,109.271,684,0,0
2021-08-03T00:00:00+00:00,2021-08-03,05:30:00,1627948800,109.273,109.333,109.193,109.252,2698,0,0
2021-08-03T04:00:00+00:00,2021-08-03,09:30:00,1627963200,109.252,109.252,109.098,109.214,4004,0,0
2021-08-03T08:00:00+00:00,2021-08-03,13:30:00,1627977600,109.215,109.247,109.123,109.171,3255,0,0
2021-08-03T12:00:00+00:00,2021-08-03,17:30:00,1627992000,109.173,109.186,108.879,109.1,7382,0,0
2021-08-03T16:00:00+00:00,2021-08-03,21:30:00,1628006400,109.1,109.155,109.05,109.055,1233,0,0
2021-08-03T20:00:00+00:00,2021-08-04,01:30:00,1628020800,109.046,109.055,108.985,108.994,525,0,0
2021-08-04T00:00:00+00:00,2021-08-04,05:30:00,1628035200,108.993,109.11,108.928,109.054,2790,0,0
2021-08-04T04:00:00+00:00,2021-08-04,09:30:00,1628049600,109.055,109.143,109.028,109.102,1956,0,0
2021-08-04T08:00:00+00:00,2021-08-04,13:30:00,1628064000,109.103,109.237,109.014,109.039,2888,0,0
2021-08-04T12:00:00+00:00,2021-08-04,17:30:00,1628078400,109.04,109.675,108.723,109.429,14599,0,0
2021-08-04T16:00:00+00:00,2021-08-04,21:30:00,1628092800,109.428,109.549,109.428,109.468,2819,0,0
2021-08-04T20:00:00+00:00,2021-08-05,01:30:00,1628107200,109.451,109.537,109.437,109.535,943,0,0
2021-08-05T00:00:00+00:00,2021-08-05,05:30:00,1628121600,109.535,109.718,109.516,109.675,3056,0,0
2021-08-05T04:00:00+00:00,2021-08-05,09:30:00,1628136000,109.677,109.753,109.55,109.572,3592,0,0
2021-08-05T08:00:00+00:00,2021-08-05,13:30:00,1628150400,109.571,109.666,109.404,109.428,4475,0,0
2021-08-05T12:00:00+00:00,2021-08-05,17:30:00,1628164800,109.429,109.782,109.423,109.762,7464,0,0
2021-08-05T16:00:00+00:00,2021-08-05,21:30:00,1628179200,109.76,109.788,109.694,109.757,1887,0,0
2021-08-05T20:00:00+00:00,2021-08-06,01:30:00,1628193600,109.748,109.786,109.74,109.754,646,0,0
2021-08-06T00:00:00+00:00,2021-08-06,05:30:00,1628208000,109.755,109.887,109.744,109.858,2142,0,0
2021-08-06T04:00:00+00:00,2021-08-06,09:30:00,1628222400,109.859,109.871,109.7,109.722,2712,0,0
2021-08-06T08:00:00+00:00,2021-08-06,13:30:00,1628236800,109.722,109.846,109.714,109.793,2754,0,0
2021-08-06T12:00:00+00:00,2021-08-06,17:30:00,1628251200,109.792,110.356,109.785,110.235,18634,0,0
2021-08-06T16:00:00+00:00,2021-08-06,21:30:00,1628265600,110.234,110.283,110.196,110.219,1429,0,0
2021-08-06T20:00:00+00:00,2021-08-07,01:30:00,1628280000,110.211,110.242,110.2,110.221,165,15,0
2021-08-08T20:00:00+00:00,2021-08-09,01:30:00,1628452800,110.203,110.293,110.2,110.263,1443,0,0
2021-08-09T00:00:00+00:00,2021-08-09,05:30:00,1628467200,110.263,110.317,110.189,110.219,1666,0,0
2021-08-09T04:00:00+00:00,2021-08-09,09:30:00,1628481600,110.218,110.239,110.108,110.189,2345,0,0
2021-08-09T08:00:00+00:00,2021-08-09,13:30:00,1628496000,110.188,110.236,110.045,110.101,3556,0,0
2021-08-09T12:00:00+00:00,2021-08-09,17:30:00,1628510400,110.102,110.305,110.027,110.257,5618,0,0
2021-08-09T16:00:00+00:00,2021-08-09,21:30:00,1628524800,110.258,110.333,110.231,110.329,1514,0,0
2021-08-09T20:00:00+00:00,2021-08-10,01:30:00,1628539200,110.315,110.344,110.27,110.322,694,0,0
2021-08-10T00:00:00+00:00,2021-08-10,05:30:00,1628553600,110.323,110.405,110.303,110.339,2313,0,0
2021-08-10T04:00:00+00:00,2021-08-10,09:30:00,1628568000,110.338,110.467,110.318,110.442,2278,0,0
2021-08-10T08:00:00+00:00,2021-08-10,13:30:00,1628582400,110.441,110.548,110.437,110.487,2989,0,0
2021-08-10T12:00:00+00:00,2021-08-10,17:30:00,1628596800,110.487,110.595,110.4,110.551,5182,0,0
2021-08-10T16:00:00+00:00,2021-08-10,21:30:00,1628611200,110.55,110.598,110.543,110.574,961,0,0
2021-08-10T20:00:00+00:00,2021-08-11,01:30:00,1628625600,110.566,110.6,110.505,110.599,696,0,0
2021-08-11T00:00:00+00:00,2021-08-11,05:30:00,1628640000,110.599,110.687,110.585,110.642,1642,0,0
2021-08-11T04:00:00+00:00,2021-08-11,09:30:00,1628654400,110.643,110.788,110.64,110.75,2077,0,0
2021-08-11T08:00:00+00:00,2021-08-11,13:30:00,1628668800,110.753,110.802,110.679,110.696,2261,0,0
2021-08-11T12:00:00+00:00,2021-08-11,17:30:00,1628683200,110.697,110.705,110.382,110.466,14026,0,0
2021-08-11T16:00:00+00:00,2021-08-11,21:30:00,1628697600,110.464,110.493,110.309,110.416,3071,0,0
2021-08-11T20:00:00+00:00,2021-08-12,01:30:00,1628712000,110.408,110.443,110.36,110.379,2439,0,0
2021-08-12T00:00:00+00:00,2021-08-12,05:30:00,1628726400,110.378,110.433,110.317,110.352,2016,0,0
2021-08-12T04:00:00+00:00,2021-08-12,09:30:00,1628740800,110.353,110.475,110.353,110.384,2277,0,0
2021-08-12T08:00:00+00:00,2021-08-12,13:30:00,1628755200,110.383,110.462,110.347,110.438,2193,0,0
2021-08-12T12:00:00+00:00,2021-08-12,17:30:00,1628769600,110.44,110.546,110.322,110.364,4956,0,0
2021-08-12T16:00:00+00:00,2021-08-12,21:30:00,1628784000,110.366,110.475,110.354,110.411,1668,0,0
2021-08-12T20:00:00+00:00,2021-08-13,01:30:00,1628798400,110.403,110.44,110.337,110.403,503,0,0
2021-08-13T00:00:00+00:00,2021-08-13,05:30:00,1628812800,110.403,110.457,110.371,110.411,1509,0,0
2021-08-13T04:00:00+00:00,2021-08-13,09:30:00,1628827200,110.41,110.419,110.249,110.295,2070,0,0
2021-08-13T08:00:00+00:00,2021-08-13,13:30:00,1628841600,110.296,110.331,110.202,110.236,2310,0,0
2021-08-13T12:00:00+00:00,2021-08-13,17:30:00,1628856000,110.236,110.243,109.734,109.757,5617,0,0
2021-08-13T16:00:00+00:00,2021-08-13,21:30:00,1628870400,109.756,109.775,109.547,109.558,1752,0,0
2021-08-13T20:00:00+00:00,2021-08-14,01:30:00,1628884800,109.55,109.604,109.549,109.594,188,16,0
2021-08-15T20:00:00+00:00,2021-08-16,01:30:00,1629057600,109.591,109.741,109.535,109.629,1525,0,0
2021-08-16T00:00:00+00:00,2021-08-16,05:30:00,1629072000,109.628,109.628,109.329,109.382,3542,0,0
2021-08-16T04:00:00+00:00,2021-08-16,09:30:00,1629086400,109.382,109.452,109.298,109.413,3308,0,0
2021-08-16T08:00:00+00:00,2021-08-16,13:30:00,1629100800,109.413,109.453,109.258,109.387,3978,0,0
2021-08-16T12:00:00+00:00,2021-08-16,17:30:00,1629115200,109.386,109.439,109.115,109.268,7733,0,0
2021-08-16T16:00:00+00:00,2021-08-16,21:30:00,1629129600,109.268,109.278,109.2,109.236,1039,0,0
2021-08-16T20:00:00+00:00,2021-08-17,01:30:00,1629144000,109.227,109.329,109.216,109.301,1851,0,0
2021-08-17T00:00:00+00:00,2021-08-17,05:30:00,1629158400,109.302,109.34,109.203,109.304,2659,0,0
2021-08-17T04:00:00+00:00,2021-08-17,09:30:00,1629172800,109.304,109.369,109.118,109.329,3702,0,0
2021-08-17T08:00:00+00:00,2021-08-17,13:30:00,1629187200,109.327,109.43,109.209,109.297,4043,0,0
2021-08-17T12:00:00+00:00,2021-08-17,17:30:00,1629201600,109.295,109.655,109.174,109.606,9239,0,0
2021-08-17T16:00:00+00:00,2021-08-17,21:30:00,1629216000,109.607,109.607,109.508,109.585,1798,0,0
2021-08-17T20:00:00+00:00,2021-08-18,01:30:00,1629230400,109.566,109.616,109.521,109.54,1666,0,0
2021-08-18T00:00:00+00:00,2021-08-18,05:30:00,1629244800,109.54,109.648,109.48,109.641,2817,0,0
2021-08-18T04:00:00+00:00,2021-08-18,09:30:00,1629259200,109.643,109.684,109.537,109.615,2736,0,0
2021-08-18T08:00:00+00:00,2021-08-18,13:30:00,1629273600,109.615,109.819,109.582,109.745,3425,0,0
2021-08-18T12:00:00+00:00,2021-08-18,17:30:00,1629288000,109.745,109.945,109.717,109.922,5332,0,0
2021-08-18T16:00:00+00:00,2021-08-18,21:30:00,1629302400,109.921,110.067,109.77,109.772,5983,0,0
2021-08-18T20:00:00+00:00,2021-08-19,01:30:00,1629316800,109.773,109.848,109.738,109.843,1974,0,0
2021-08-19T00:00:00+00:00,2021-08-19,05:30:00,1629331200,109.842,110.229,109.838,110.172,3943,0,0
2021-08-19T04:00:00+00:00,2021-08-19,09:30:00,1629345600,110.173,110.199,109.746,109.792,6539,0,0
2021-08-19T08:00:00+00:00,2021-08-19,13:30:00,1629360000,109.792,109.793,109.484,109.572,7373,0,0
2021-08-19T12:00:00+00:00,2021-08-19,17:30:00,1629374400,109.575,109.837,109.515,109.749,8735,0,0
2021-08-19T16:00:00+00:00,2021-08-19,21:30:00,1629388800,109.751,109.832,109.751,109.785,1794,0,0
2021-08-19T20:00:00+00:00,2021-08-20,01:30:00,1629403200,109.777,109.788,109.719,109.77,1812,0,0
2021-08-20T00:00:00+00:00,2021-08-20,05:30:00,1629417600,109.77,109.885,109.633,109.753,3519,0,0
2021-08-20T04:00:00+00:00,2021-08-20,09:30:00,1629432000,109.754,109.766,109.571,109.616,4383,0,0
2021-08-20T08:00:00+00:00,2021-08-20,13:30:00,1629446400,109.615,109.75,109.588,109.696,3890,0,0
2021-08-20T12:00:00+00:00,2021-08-20,17:30:00,1629460800,109.697,109.878,109.655,109.769,5774,0,0
2021-08-20T16:00:00+00:00,2021-08-20,21:30:00,1629475200,109.77,109.85,109.751,109.781,1236,0,0
2021-08-20T20:00:00+00:00,2021-08-21,01:30:00,1629489600,109.764,109.798,109.747,109.77,182,16,0
2021-08-22T20:00:00+00:00,2021-08-23,01:30:00,1629662400,109.731,109.882,109.716,109.842,1372,0,0
2021-08-23T00:00:00+00:00,2021-08-23,05:30:00,1629676800,109.84,109.934,109.81,109.868,2776,0,0
2021-08-23T04:00:00+00:00,2021-08-23,09:30:00,1629691200,109.869,109.989,109.839,109.902,3143,0,0
2021-08-23T08:00:00+00:00,2021-08-23,13:30:00,1629705600,109.902,110.147,109.897,110.132,2968,0,0
2021-08-23T12:00:00+00:00,2021-08-23,17:30:00,1629720000,110.131,110.141,109.722,109.783,6863,0,0
2021-08-23T16:00:00+00:00,2021-08-23,21:30:00,1629734400,109.784,109.809,109.654,109.67,905,0,0
2021-08-23T20:00:00+00:00,2021-08-24,01:30:00,1629748800,109.662,109.707,109.645,109.677,1514,0,0
2021-08-24T00:00:00+00:00,2021-08-24,05:30:00,1629763200,109.678,109.777,109.642,109.76,2016,0,0
2021-08-24T04:00:00+00:00,2021-08-24,09:30:00,1629777600,109.762,109.881,109.729,109.771,2688,0,0
2021-08-24T08:00:00+00:00,2021-08-24,13:30:00,1629792000,109.771,109.797,109.648,109.702,2825,0,0
2021-08-24T12:00:00+00:00,2021-08-24,17:30:00,1629806400,109.7,109.752,109.413,109.687,7447,0,0
2021-08-24T16:00:00+00:00,2021-08-24,21:30:00,1629820800,109.686,109.739,109.642,109.653,1452,0,0
2021-08-24T20:00:00+00:00,2021-08-25,01:30:00,1629835200,109.638,109.733,109.618,109.732,2041,0,0
2021-08-25T00:00:00+00:00,2021-08-25,05:30:00,1629849600,109.732,109.867,109.724,109.776,2181,0,0
2021-08-25T04:00:00+00:00,2021-08-25,09:30:00,1629864000,109.777,109.826,109.687,109.75,2384,0,0
2021-08-25T08:00:00+00:00,2021-08-25,13:30:00,1629878400,109.749,109.94,109.732,109.889,3294,0,0
2021-08-25T12:00:00+00:00,2021-08-25,17:30:00,1629892800,109.887,110.103,109.87,110.039,6505,0,0
2021-08-25T16:00:00+00:00,2021-08-25,21:30:00,1629907200,110.04,110.124,109.967,109.989,1840,0,0
2021-08-25T20:00:00+00:00,2021-08-26,01:30:00,1629921600,109.965,110.043,109.959,109.978,859,0,0
2021-08-26T00:00:00+00:00,2021-08-26,05:30:00,1629936000,109.979,110.114,109.929,109.936,2104,0,0
2021-08-26T04:00:00+00:00,2021-08-26,09:30:00,1629950400,109.937,110.224,109.935,110.163,2949,0,0
2021-08-26T08:00:00+00:00,2021-08-26,13:30:00,1629964800,110.164,110.226,110.022,110.116,3018,0,0
2021-08-26T12:00:00+00:00,2021-08-26,17:30:00,1629979200,110.115,110.23,109.937,110.082,9827,0,0
2021-08-26T16:00:00+00:00,2021-08-26,21:30:00,1629993600,110.083,110.163,110.002,110.022,2059,0,0
2021-08-26T20:00:00+00:00,2021-08-27,01:30:00,1630008000,110.007,110.078,110.005,110.05,760,0,0
2021-08-27T00:00:00+00:00,2021-08-27,05:30:00,1630022400,110.051,110.085,109.957,109.978,2331,0,0
2021-08-27T04:00:00+00:00,2021-08-27,09:30:00,1630036800,109.978,110.121,109.886,110.105,2344,0,0
2021-08-27T08:00:00+00:00,2021-08-27,13:30:00,1630051200,110.105,110.192,110.075,110.145,2134,0,0
2021-08-27T12:00:00+00:00,2021-08-27,17:30:00,1630065600,110.144,110.27,109.837,109.841,13506,0,0
2021-08-27T16:00:00+00:00,2021-08-27,21:30:00,1630080000,109.84,109.87,109.78,109.82,1768,0,0
2021-08-27T20:00:00+00:00,2021-08-28,01:30:00,1630094400,109.811,109.85,109.795,109.837,156,16,0
2021-08-29T20:00:00+00:00,2021-08-30,01:30:00,1630267200,109.85,109.876,109.751,109.865,677,0,0
2021-08-30T00:00:00+00:00,2021-08-30,05:30:00,1630281600,109.863,109.878,109.704,109.764,2323,0,0
2021-08-30T04:00:00+00:00,2021-08-30,09:30:00,1630296000,109.766,109.847,109.73,109.805,1384,0,0
2021-08-30T08:00:00+00:00,2021-08-30,13:30:00,1630310400,109.806,109.891,109.803,109.874,1302,0,0
2021-08-30T12:00:00+00:00,2021-08-30,17:30:00,1630324800,109.873,109.961,109.84,109.905,3662,0,0
2021-08-30T16:00:00+00:00,2021-08-30,21:30:00,1630339200,109.906,109.928,109.869,109.885,855,0,0
2021-08-30T20:00:00+00:00,2021-08-31,01:30:00,1630353600,109.877,109.984,109.872,109.946,714,0,0
2021-08-31T00:00:00+00:00,2021-08-31,05:30:00,1630368000,109.947,109.963,109.835,109.867,2204,0,0
2021-08-31T04:00:00+00:00,2021-08-31,09:30:00,1630382400,109.865,109.909,109.778,109.814,2451,0,0
2021-08-31T08:00:00+00:00,2021-08-31,13:30:00,1630396800,109.814,109.956,109.814,109.853,3090,0,0
2021-08-31T12:00:00+00:00,2021-08-31,17:30:00,1630411200,109.854,110.08,109.587,110.053,8977,0,0
2021-08-31T16:00:00+00:00,2021-08-31,21:30:00,1630425600,110.052,110.066,109.934,110.012,2024,0,0
2021-08-31T20:00:00+00:00,2021-09-01,01:30:00,1630440000,110.004,110.067,109.971,110.058,630,0,0
2021-09-01T00:00:00+00:00,2021-09-01,05:30:00,1630454400,110.058,110.236,110.055,110.181,2987,0,0
2021-09-01T04:00:00+00:00,2021-09-01,09:30:00,1630468800,110.18,110.42,110.168,110.399,2852,0,0
2021-09-01T08:00:00+00:00,2021-09-01,13:30:00,1630483200,110.399,110.399,110.272,110.372,2582,0,0
2021-09-01T12:00:00+00:00,2021-09-01,17:30:00,1630497600,110.37,110.39,109.88,110.03,8919,0,0
2021-09-01T16:00:00+00:00,2021-09-01,21:30:00,1630512000,110.029,110.055,109.927,110.013,1398,0,0
2021-09-01T20:00:00+00:00,2021-09-02,01:30:00,1630526400,109.997,110.103,109.989,110.095,989,0,0
2021-09-02T00:00:00+00:00,2021-09-02,05:30:00,1630540800,110.095,110.122,109.918,110.01,2461,0,0
2021-09-02T04:00:00+00:00,2021-09-02,09:30:00,1630555200,110.009,110.077,109.947,110.01,1867,0,0
2021-09-02T08:00:00+00:00,2021-09-02,13:30:00,1630569600,110.008,110.043,109.952,109.996,1929,0,0
2021-09-02T12:00:00+00:00,2021-09-02,17:30:00,1630584000,109.997,110.092,109.953,110.013,3864,0,0
2021-09-02T16:00:00+00:00,2021-09-02,21:30:00,1630598400,110.015,110.027,109.929,109.935,800,0,0
2021-09-02T20:00:00+00:00,2021-09-03,01:30:00,1630612800,109.926,109.966,109.9,109.948,566,0,0
2021-09-03T00:00:00+00:00,2021-09-03,05:30:00,1630627200,109.95,110.073,109.795,110.014,4094,0,0
2021-09-03T04:00:00+00:00,2021-09-03,09:30:00,1630641600,110.014,110.053,109.929,110.031,2410,0,0
2021-09-03T08:00:00+00:00,2021-09-03,13:30:00,1630656000,110.032,110.035,109.903,109.949,1918,0,0
2021-09-03T12:00:00+00:00,2021-09-03,17:30:00,1630670400,109.951,109.971,109.593,109.648,13701,0,0
2021-09-03T16:00:00+00:00,2021-09-03,21:30:00,1630684800,109.647,109.691,109.599,109.69,1020,0,0
2021-09-03T20:00:00+00:00,2021-09-04,01:30:00,1630699200,109.674,109.735,109.674,109.685,135,16,0
2021-09-05T20:00:00+00:00,2021-09-06,01:30:00,1630872000,109.728,109.783,109.668,109.783,783,0,0
2021-09-06T00:00:00+00:00,2021-09-06,05:30:00,1630886400,109.782,109.838,109.748,109.828,1870,0,0
2021-09-06T04:00:00+00:00,2021-09-06,09:30:00,1630900800,109.828,109.948,109.777,109.899,1869,0,0
2021-09-06T08:00:00+00:00,2021-09-06,13:30:00,1630915200,109.897,109.933,109.846,109.852,1611,0,0
2021-09-06T12:00:00+00:00,2021-09-06,17:30:00,1630929600,109.852,109.875,109.825,109.847,1342,0,0
2021-09-06T16:00:00+00:00,2021-09-06,21:30:00,1630944000,109.848,109.862,109.837,109.846,519,0,0
2021-09-06T20:00:00+00:00,2021-09-07,01:30:00,1630958400,109.818,109.865,109.814,109.825,1118,0,0
2021-09-07T00:00:00+00:00,2021-09-07,05:30:00,1630972800,109.823,109.844,109.685,109.8,2635,0,0
2021-09-07T04:00:00+00:00,2021-09-07,09:30:00,1630987200,109.803,109.964,109.777,109.904,2994,0,0
2021-09-07T08:00:00+00:00,2021-09-07,13:30:00,1631001600,109.903,110.049,109.898,110.026,3430,0,0
2021-09-07T12:00:00+00:00,2021-09-07,17:30:00,1631016000,110.027,110.255,110.023,110.175,4767,0,0
2021-09-07T16:00:00+00:00,2021-09-07,21:30:00,1631030400,110.173,110.32,110.149,110.288,1339,0,0
2021-09-07T20:00:00+00:00,2021-09-08,01:30:00,1631044800,110.274,110.323,110.243,110.297,1212,0,0
2021-09-08T00:00:00+00:00,2021-09-08,05:30:00,1631059200,110.298,110.334,110.257,110.291,1700,0,0
2021-09-08T04:00:00+00:00,2021-09-08,09:30:00,1631073600,110.292,110.447,110.174,110.245,3325,0,0
2021-09-08T08:00:00+00:00,2021-09-08,13:30:00,1631088000,110.243,110.317,110.143,110.298,3526,0,0
2021-09-08T12:00:00+00:00,2021-09-08,17:30:00,1631102400,110.296,110.394,110.149,110.323,5366,0,0
2021-09-08T16:00:00+00:00,2021-09-08,21:30:00,1631116800,110.324,110.342,110.173,110.258,1631,0,0
2021-09-08T20:00:00+00:00,2021-09-09,01:30:00,1631131200,110.241,110.273,110.214,110.223,573,0,0
2021-09-09T00:00:00+00:00,2021-09-09,05:30:00,1631145600,110.222,110.273,110.1,110.197,2255,0,0
2021-09-09T04:00:00+00:00,2021-09-09,09:30:00,1631160000,110.195,110.204,109.897,109.952,2639,0,0
2021-09-09T08:00:00+00:00,2021-09-09,13:30:00,1631174400,109.951,109.956,109.85,109.862,3293,0,0
2021-09-09T12:00:00+00:00,2021-09-09,17:30:00,1631188800,109.861,109.96,109.752,109.764,6264,0,0
2021-09-09T16:00:00+00:00,2021-09-09,21:30:00,1631203200,109.765,109.783,109.622,109.695,1994,0,0
2021-09-09T20:00:00+00:00,2021-09-10,01:30:00,1631217600,109.688,109.807,109.685,109.774,920,0,0
2021-09-10T00:00:00+00:00,2021-09-10,05:30:00,1631232000,109.773,109.873,109.698,109.871,2734,0,0
2021-09-10T04:00:00+00:00,2021-09-10,09:30:00,1631246400,109.869,109.991,109.846,109.948,2322,0,0
2021-09-10T08:00:00+00:00,2021-09-10,13:30:00,1631260800,109.947,109.977,109.857,109.869,2310,0,0
2021-09-10T12:00:00+00:00,2021-09-10,17:30:00,1631275200,109.87,109.954,109.783,109.934,4926,0,0
2021-09-10T16:00:00+00:00,2021-09-10,21:30:00,1631289600,109.934,109.946,109.86,109.86,1046,0,0
2021-09-10T20:00:00+00:00,2021-09-11,01:30:00,1631304000,109.853,109.91,109.839,109.899,182,16,0
2021-09-12T20:00:00+00:00,2021-09-13,01:30:00,1631476800,109.878,109.928,109.822,109.919,988,0,0
2021-09-13T00:00:00+00:00,2021-09-13,05:30:00,1631491200,109.919,109.978,109.892,109.953,2041,0,0
2021-09-13T04:00:00+00:00,2021-09-13,09:30:00,1631505600,109.952,110.16,109.919,110.083,2666,0,0
2021-09-13T08:00:00+00:00,2021-09-13,13:30:00,1631520000,110.084,110.14,110.075,110.098,1838,0,0
2021-09-13T12:00:00+00:00,2021-09-13,17:30:00,1631534400,110.096,110.104,109.9,109.955,4175,0,0
2021-09-13T16:00:00+00:00,2021-09-13,21:30:00,1631548800,109.953,110.035,109.943,110.012,1153,0,0
2021-09-13T20:00:00+00:00,2021-09-14,01:30:00,1631563200,110.003,110.031,109.956,109.995,478,0,0
2021-09-14T00:00:00+00:00,2021-09-14,05:30:00,1631577600,109.996,110.11,109.964,110.063,2066,0,0
2021-09-14T04:00:00+00:00,2021-09-14,09:30:00,1631592000,110.062,110.094,109.956,110.005,2156,0,0
2021-09-14T08:00:00+00:00,2021-09-14,13:30:00,1631606400,110.007,110.162,109.995,110.118,2158,0,0
2021-09-14T12:00:00+00:00,2021-09-14,17:30:00,1631620800,110.115,110.143,109.597,109.663,8186,0,0
2021-09-14T16:00:00+00:00,2021-09-14,21:30:00,1631635200,109.663,109.7,109.529,109.653,1637,0,0
2021-09-14T20:00:00+00:00,2021-09-15,01:30:00,1631649600,109.655,109.735,109.634,109.717,771,0,0
2021-09-15T00:00:00+00:00,2021-09-15,05:30:00,1631664000,109.715,109.744,109.547,109.615,2619,0,0
2021-09-15T04:00:00+00:00,2021-09-15,09:30:00,1631678400,109.616,109.642,109.423,109.438,2887,0,0
2021-09-15T08:00:00+00:00,2021-09-15,13:30:00,1631692800,109.439,109.464,109.223,109.239,3134,0,0
2021-09-15T12:00:00+00:00,2021-09-15,17:30:00,1631707200,109.238,109.429,109.114,109.403,7144,0,0
2021-09-15T16:00:00+00:00,2021-09-15,21:30:00,1631721600,109.403,109.453,109.356,109.36,1062,0,0
2021-09-15T20:00:00+00:00,2021-09-16,01:30:00,1631736000,109.353,109.382,109.316,109.382,644,0,0
2021-09-16T00:00:00+00:00,2021-09-16,05:30:00,1631750400,109.384,109.463,109.224,109.292,2601,0,0
2021-09-16T04:00:00+00:00,2021-09-16,09:30:00,1631764800,109.293,109.374,109.215,109.357,2897,0,0
2021-09-16T08:00:00+00:00,2021-09-16,13:30:00,1631779200,109.355,109.433,109.315,109.398,2619,0,0
2021-09-16T12:00:00+00:00,2021-09-16,17:30:00,1631793600,109.401,109.829,109.367,109.672,6795,0,0
2021-09-16T16:00:00+00:00,2021-09-16,21:30:00,1631808000,109.671,109.737,109.664,109.707,1071,0,0
2021-09-16T20:00:00+00:00,2021-09-17,01:30:00,1631822400,109.698,109.742,109.678,109.698,676,0,0
2021-09-17T00:00:00+00:00,2021-09-17,05:30:00,1631836800,109.699,109.918,109.669,109.846,2300,0,0
2021-09-17T04:00:00+00:00,2021-09-17,09:30:00,1631851200,109.845,109.952,109.813,109.947,2407,0,0
2021-09-17T08:00:00+00:00,2021-09-17,13:30:00,1631865600,109.946,110.002,109.909,109.99,2388,0,0
2021-09-17T12:00:00+00:00,2021-09-17,17:30:00,1631880000,109.988,110.081,109.873,109.946,5773,0,0
2021-09-17T16:00:00+00:00,2021-09-17,21:30:00,1631894400,109.945,110.002,109.912,109.945,1054,0,0
2021-09-17T20:00:00+00:00,2021-09-18,01:30:00,1631908800,109.937,109.978,109.912,109.972,173,16,0
2021-09-19T20:00:00+00:00,2021-09-20,01:30:00,1632081600,109.95,109.993,109.884,109.981,704,0,0
2021-09-20T00:00:00+00:00,2021-09-20,05:30:00,1632096000,109.979,110.037,109.859,109.932,1459,0,0
2021-09-20T04:00:00+00:00,2021-09-20,09:30:00,1632110400,109.931,109.936,109.727,109.762,3265,0,0
2021-09-20T08:00:00+00:00,2021-09-20,13:30:00,1632124800,109.764,109.773,109.493,109.526,4883,0,0
2021-09-20T12:00:00+00:00,2021-09-20,17:30:00,1632139200,109.525,109.648,109.432,109.473,7411,0,0
2021-09-20T16:00:00+00:00,2021-09-20,21:30:00,1632153600,109.472,109.472,109.323,109.372,2431,0,0
2021-09-20T20:00:00+00:00,2021-09-21,01:30:00,1632168000,109.354,109.456,109.349,109.44,1159,0,0
2021-09-21T00:00:00+00:00,2021-09-21,05:30:00,1632182400,109.439,109.632,109.399,109.624,3175,0,0
2021-09-21T04:00:00+00:00,2021-09-21,09:30:00,1632196800,109.627,109.706,109.499,109.638,3549,0,0
2021-09-21T08:00:00+00:00,2021-09-21,13:30:00,1632211200,109.637,109.686,109.361,109.398,2866,0,0
2021-09-21T12:00:00+00:00,2021-09-21,17:30:00,1632225600,109.396,109.47,109.187,109.332,8102,0,0
2021-09-21T16:00:00+00:00,2021-09-21,21:30:00,1632240000,109.334,109.353,109.185,109.201,2186,0,0
2021-09-21T20:00:00+00:00,2021-09-22,01:30:00,1632254400,109.185,109.249,109.136,109.155,1310,0,0
2021-09-22T00:00:00+00:00,2021-09-22,05:30:00,1632268800,109.155,109.485,109.122,109.477,6112,0,0
2021-09-22T04:00:00+00:00,2021-09-22,09:30:00,1632283200,109.475,109.605,109.411,109.442,4050,0,0
2021-09-22T08:00:00+00:00,2021-09-22,13:30:00,1632297600,109.443,109.557,109.443,109.533,2533,0,0
2021-09-22T12:00:00+00:00,2021-09-22,17:30:00,1632312000,109.531,109.644,109.497,109.604,4451,0,0
2021-09-22T16:00:00+00:00,2021-09-22,21:30:00,1632326400,109.604,109.9,109.519,109.776,14122,0,0
2021-09-22T20:00:00+00:00,2021-09-23,01:30:00,1632340800,109.756,109.837,109.74,109.826,758,0,0
2021-09-23T00:00:00+00:00,2021-09-23,05:30:00,1632355200,109.825,109.924,109.799,109.815,1388,0,0
2021-09-23T04:00:00+00:00,2021-09-23,09:30:00,1632369600,109.816,109.989,109.799,109.951,2437,0,0
2021-09-23T08:00:00+00:00,2021-09-23,13:30:00,1632384000,109.952,110.046,109.76,110.027,5127,0,0
2021-09-23T12:00:00+00:00,2021-09-23,17:30:00,1632398400,110.029,110.201,109.934,110.175,6203,0,0
2021-09-23T16:00:00+00:00,2021-09-23,21:30:00,1632412800,110.177,110.289,110.137,110.266,1265,0,0
2021-09-23T20:00:00+00:00,2021-09-24,01:30:00,1632427200,110.267,110.343,110.239,110.329,736,0,0
2021-09-24T00:00:00+00:00,2021-09-24,05:30:00,1632441600,110.327,110.448,110.314,110.421,3037,0,0
2021-09-24T04:00:00+00:00,2021-09-24,09:30:00,1632456000,110.423,110.57,110.39,110.468,3413,0,0
2021-09-24T08:00:00+00:00,2021-09-24,13:30:00,1632470400,110.47,110.56,110.315,110.536,3758,0,0
2021-09-24T12:00:00+00:00,2021-09-24,17:30:00,1632484800,110.536,110.743,110.475,110.711,4882,0,0
2021-09-24T16:00:00+00:00,2021-09-24,21:30:00,1632499200,110.713,110.793,110.671,110.749,1211,0,0
2021-09-24T20:00:00+00:00,2021-09-25,01:30:00,1632513600,110.735,110.768,110.72,110.73,186,15,0
2021-09-26T20:00:00+00:00,2021-09-27,01:30:00,1632686400,110.697,110.798,110.676,110.769,715,0,0
2021-09-27T00:00:00+00:00,2021-09-27,05:30:00,1632700800,110.768,110.805,110.536,110.576,3255,0,0
2021-09-27T04:00:00+00:00,2021-09-27,09:30:00,1632715200,110.574,110.779,110.548,110.777,2474,0,0
2021-09-27T08:00:00+00:00,2021-09-27,13:30:00,1632729600,110.778,111.066,110.721,111.032,3858,0,0
2021-09-27T12:00:00+00:00,2021-09-27,17:30:00,1632744000,111.03,111.03,110.782,110.967,7637,0,0
2021-09-27T16:00:00+00:00,2021-09-27,21:30:00,1632758400,110.966,111.033,110.923,110.999,1518,0,0
2021-09-27T20:00:00+00:00,2021-09-28,01:30:00,1632772800,110.993,111.012,110.948,110.965,562,0,0
2021-09-28T00:00:00+00:00,2021-09-28,05:30:00,1632787200,110.964,111.241,110.935,111.224,2935,0,0
2021-09-28T04:00:00+00:00,2021-09-28,09:30:00,1632801600,111.225,111.424,111.121,111.245,4933,0,0
2021-09-28T08:00:00+00:00,2021-09-28,13:30:00,1632816000,111.247,111.466,111.164,111.438,5537,0,0
2021-09-28T12:00:00+00:00,2021-09-28,17:30:00,1632830400,111.439,111.639,111.234,111.336,11723,0,0
2021-09-28T16:00:00+00:00,2021-09-28,21:30:00,1632844800,111.334,111.619,111.32,111.467,3003,0,0
2021-09-28T20:00:00+00:00,2021-09-29,01:30:00,1632859200,111.452,111.582,111.441,111.53,788,0,0
2021-09-29T00:00:00+00:00,2021-09-29,05:30:00,1632873600,111.529,111.683,111.343,111.422,4196,0,0
2021-09-29T04:00:00+00:00,2021-09-29,09:30:00,1632888000,111.423,111.564,111.278,111.299,7318,0,0
2021-09-29T08:00:00+00:00,2021-09-29,13:30:00,1632902400,111.299,111.454,111.206,111.402,4445,0,0
2021-09-29T12:00:00+00:00,2021-09-29,17:30:00,1632916800,111.403,111.926,111.392,111.829,7548,0,0
2021-09-29T16:00:00+00:00,2021-09-29,21:30:00,1632931200,111.831,112.048,111.821,111.956,2161,0,0
2021-09-29T20:00:00+00:00,2021-09-30,01:30:00,1632945600,111.939,112.0,111.928,111.939,706,0,0
2021-09-30T00:00:00+00:00,2021-09-30,05:30:00,1632960000,111.938,111.944,111.798,111.906,3387,0,0
2021-09-30T04:00:00+00:00,2021-09-30,09:30:00,1632974400,111.908,112.062,111.837,111.875,4305,0,0
2021-09-30T08:00:00+00:00,2021-09-30,13:30:00,1632988800,111.873,112.078,111.816,111.989,3662,0,0
2021-09-30T12:00:00+00:00,2021-09-30,17:30:00,1633003200,111.988,112.012,111.412,111.509,12747,0,0
2021-09-30T16:00:00+00:00,2021-09-30,21:30:00,1633017600,111.508,111.524,111.287,111.29,3446,0,0
2021-09-30T20:00:00+00:00,2021-10-01,01:30:00,1633032000,111.269,111.471,111.227,111.466,1305,0,0
2021-10-01T00:00:00+00:00,2021-10-01,05:30:00,1633046400,111.464,111.488,111.146,111.154,5256,0,0
2021-10-01T04:00:00+00:00,2021-10-01,09:30:00,1633060800,111.156,111.296,111.051,111.257,6270,0,0
2021-10-01T08:00:00+00:00,2021-10-01,13:30:00,1633075200,111.256,111.281,111.049,111.162,6266,0,0
2021-10-01T12:00:00+00:00,2021-10-01,17:30:00,1633089600,111.161,111.207,110.907,110.983,13236,0,0
2021-10-01T16:00:00+00:00,2021-10-01,21:30:00,1633104000,110.982,111.12,110.952,111.024,2195,0,0
2021-10-01T20:00:00+00:00,2021-10-02,01:30:00,1633118400,111.012,111.069,111.003,111.059,177,15,0
2021-10-03T20:00:00+00:00,2021-10-04,01:30:00,1633291200,110.909,111.014,110.889,110.948,940,0,0
2021-10-04T00:00:00+00:00,2021-10-04,05:30:00,1633305600,110.949,111.114,110.886,111.062,4537,0,0
2021-10-04T04:00:00+00:00,2021-10-04,09:30:00,1633320000,111.061,111.196,110.967,111.167,4976,0,0
2021-10-04T08:00:00+00:00,2021-10-04,13:30:00,1633334400,111.166,111.302,111.065,111.082,3936,0,0
2021-10-04T12:00:00+00:00,2021-10-04,17:30:00,1633348800,111.081,111.233,110.824,110.943,10364,0,0
2021-10-04T16:00:00+00:00,2021-10-04,21:30:00,1633363200,110.942,111.0,110.835,110.92,2828,0,0
2021-10-04T20:00:00+00:00,2021-10-05,01:30:00,1633377600,110.913,110.991,110.887,110.97,1014,0,0
2021-10-05T00:00:00+00:00,2021-10-05,05:30:00,1633392000,110.97,111.192,110.872,111.17,5025,0,0
2021-10-05T04:00:00+00:00,2021-10-05,09:30:00,1633406400,111.169,111.259,111.087,111.093,5269,0,0
2021-10-05T08:00:00+00:00,2021-10-05,13:30:00,1633420800,111.094,111.315,111.076,111.22,3754,0,0
2021-10-05T12:00:00+00:00,2021-10-05,17:30:00,1633435200,111.221,111.561,111.133,111.392,7588,0,0
2021-10-05T16:00:00+00:00,2021-10-05,21:30:00,1633449600,111.391,111.523,111.391,111.466,1581,0,0
2021-10-05T20:00:00+00:00,2021-10-06,01:30:00,1633464000,111.465,111.514,111.424,111.489,859,0,0
2021-10-06T00:00:00+00:00,2021-10-06,05:30:00,1633478400,111.488,111.663,111.488,111.631,3981,0,0
2021-10-06T04:00:00+00:00,2021-10-06,09:30:00,1633492800,111.632,111.787,111.592,111.673,5695,0,0
2021-10-06T08:00:00+00:00,2021-10-06,13:30:00,1633507200,111.672,111.679,111.348,111.372,7590,0,0
2021-10-06T12:00:00+00:00,2021-10-06,17:30:00,1633521600,111.371,111.432,111.2,111.343,9941,0,0
2021-10-06T16:00:00+00:00,2021-10-06,21:30:00,1633536000,111.342,111.497,111.317,111.389,2302,0,0
2021-10-06T20:00:00+00:00,2021-10-07,01:30:00,1633550400,111.381,111.439,111.373,111.408,777,0,0
2021-10-07T00:00:00+00:00,2021-10-07,05:30:00,1633564800,111.407,111.509,111.315,111.423,3442,0,0
2021-10-07T04:00:00+00:00,2021-10-07,09:30:00,1633579200,111.422,111.512,111.231,111.292,3850,0,0
2021-10-07T08:00:00+00:00,2021-10-07,13:30:00,1633593600,111.294,111.529,111.271,111.351,3718,0,0
2021-10-07T12:00:00+00:00,2021-10-07,17:30:00,1633608000,111.35,111.552,111.319,111.5,6311,0,0
2021-10-07T16:00:00+00:00,2021-10-07,21:30:00,1633622400,111.499,111.641,111.483,111.595,1400,0,0
2021-10-07T20:00:00+00:00,2021-10-08,01:30:00,1633636800,111.583,111.676,111.579,111.663,586,0,0
2021-10-08T00:00:00+00:00,2021-10-08,05:30:00,1633651200,111.665,111.894,111.658,111.839,2788,0,0
2021-10-08T04:00:00+00:00,2021-10-08,09:30:00,1633665600,111.837,111.993,111.837,111.958,3480,0,0
2021-10-08T08:00:00+00:00,2021-10-08,13:30:00,1633680000,111.957,111.998,111.697,111.749,4060,0,0
2021-10-08T12:00:00+00:00,2021-10-08,17:30:00,1633694400,111.75,112.178,111.513,112.157,17345,0,0
2021-10-08T16:00:00+00:00,2021-10-08,21:30:00,1633708800,112.155,112.247,112.135,112.211,1896,0,0
2021-10-08T20:00:00+00:00,2021-10-09,01:30:00,1633723200,112.205,112.245,112.197,112.224,266,15,0
2021-10-10T20:00:00+00:00,2021-10-11,01:30:00,1633896000,112.169,112.319,112.146,112.275,826,0,0
2021-10-11T00:00:00+00:00,2021-10-11,05:30:00,1633910400,112.275,112.723,112.176,112.694,3858,0,0
2021-10-11T04:00:00+00:00,2021-10-11,09:30:00,1633924800,112.692,112.844,112.618,112.792,5020,0,0
2021-10-11T08:00:00+00:00,2021-10-11,13:30:00,1633939200,112.791,113.036,112.791,112.933,4260,0,0
2021-10-11T12:00:00+00:00,2021-10-11,17:30:00,1633953600,112.93,113.377,112.886,113.367,6681,0,0
2021-10-11T16:00:00+00:00,2021-10-11,21:30:00,1633968000,113.367,113.411,113.276,113.366,1681,0,0
2021-10-11T20:00:00+00:00,2021-10-12,01:30:00,1633982400,113.348,113.404,113.275,113.389,1200,0,0
2021-10-12T00:00:00+00:00,2021-10-12,05:30:00,1633996800,113.39,113.487,113.211,113.295,5236,0,0
2021-10-12T04:00:00+00:00,2021-10-12,09:30:00,1634011200,113.295,113.348,113.004,113.293,6297,0,0
2021-10-12T08:00:00+00:00,2021-10-12,13:30:00,1634025600,113.294,113.43,113.235,113.395,5724,0,0
2021-10-12T12:00:00+00:00,2021-10-12,17:30:00,1634040000,113.394,113.788,113.357,113.69,14131,0,0
2021-10-12T16:00:00+00:00,2021-10-12,21:30:00,1634054400,113.69,113.702,113.561,113.593,2486,0,0
2021-10-12T20:00:00+00:00,2021-10-13,01:30:00,1634068800,113.595,113.634,113.515,113.538,991,0,0
2021-10-13T00:00:00+00:00,2021-10-13,05:30:00,1634083200,113.539,113.588,113.35,113.462,4313,0,0
2021-10-13T04:00:00+00:00,2021-10-13,09:30:00,1634097600,113.464,113.609,113.404,113.574,3546,0,0
2021-10-13T08:00:00+00:00,2021-10-13,13:30:00,1634112000,113.573,113.612,113.481,113.545,3797,0,0
2021-10-13T12:00:00+00:00,2021-10-13,17:30:00,1634126400,113.544,113.804,113.229,113.488,15013,0,0
2021-10-13T16:00:00+00:00,2021-10-13,21:30:00,1634140800,113.49,113.503,113.246,113.264,3560,0,0
2021-10-13T20:00:00+00:00,2021-10-14,01:30:00,1634155200,113.249,113.311,113.202,113.311,885,0,0
2021-10-14T00:00:00+00:00,2021-10-14,05:30:00,1634169600,113.308,113.581,113.278,113.547,2831,0,0
2021-10-14T04:00:00+00:00,2021-10-14,09:30:00,1634184000,113.546,113.594,113.344,113.373,4069,0,0
2021-10-14T08:00:00+00:00,2021-10-14,13:30:00,1634198400,113.371,113.447,113.287,113.421,4348,0,0
2021-10-14T12:00:00+00:00,2021-10-14,17:30:00,1634212800,113.423,113.717,113.388,113.581,7429,0,0
2021-10-14T16:00:00+00:00,2021-10-14,21:30:00,1634227200,113.582,113.703,113.488,113.646,2108,0,0
2021-10-14T20:00:00+00:00,2021-10-15,01:30:00,1634241600,113.63,113.885,113.63,113.833,1394,0,0
2021-10-15T00:00:00+00:00,2021-10-15,05:30:00,1634256000,113.834,113.952,113.814,113.932,3674,0,0
2021-10-15T04:00:00+00:00,2021-10-15,09:30:00,1634270400,113.931,114.179,113.928,114.099,5750,0,0
2021-10-15T08:00:00+00:00,2021-10-15,13:30:00,1634284800,114.098,114.403,114.094,114.328,5477,0,0
2021-10-15T12:00:00+00:00,2021-10-15,17:30:00,1634299200,114.329,114.463,113.989,114.308,10471,0,0
2021-10-15T16:00:00+00:00,2021-10-15,21:30:00,1634313600,114.309,114.333,114.19,114.209,2198,0,0
2021-10-15T20:00:00+00:00,2021-10-16,01:30:00,1634328000,114.201,114.277,114.198,114.257,155,15,0
2021-10-17T20:00:00+00:00,2021-10-18,01:30:00,1634500800,114.203,114.357,114.168,114.333,1611,0,0
2021-10-18T00:00:00+00:00,2021-10-18,05:30:00,1634515200,114.334,114.45,114.017,114.394,6076,0,0
2021-10-18T04:00:00+00:00,2021-10-18,09:30:00,1634529600,114.393,114.453,114.224,114.294,6491,0,0
2021-10-18T08:00:00+00:00,2021-10-18,13:30:00,1634544000,114.297,114.433,114.229,114.374,6394,0,0
2021-10-18T12:00:00+00:00,2021-10-18,17:30:00,1634558400,114.372,114.373,114.121,114.224,11905,0,0
2021-10-18T16:00:00+00:00,2021-10-18,21:30:00,1634572800,114.222,114.319,114.182,114.319,1739,0,0
2021-10-18T20:00:00+00:00,2021-10-19,01:30:00,1634587200,114.302,114.337,114.243,114.289,697,0,0
2021-10-19T00:00:00+00:00,2021-10-19,05:30:00,1634601600,114.288,114.354,114.081,114.148,4142,0,0
2021-10-19T04:00:00+00:00,2021-10-19,09:30:00,1634616000,114.148,114.198,113.882,114.031,6216,0,0
2021-10-19T08:00:00+00:00,2021-10-19,13:30:00,1634630400,114.03,114.214,113.915,114.201,5523,0,0
2021-10-19T12:00:00+00:00,2021-10-19,17:30:00,1634644800,114.203,114.334,114.167,114.28,7034,0,0
2021-10-19T16:00:00+00:00,2021-10-19,21:30:00,1634659200,114.28,114.341,114.233,114.335,1409,0,0
2021-10-19T20:00:00+00:00,2021-10-20,01:30:00,1634673600,114.337,114.583,114.317,114.546,1310,0,0
2021-10-20T00:00:00+00:00,2021-10-20,05:30:00,1634688000,114.546,114.699,114.444,114.518,4733,0,0
2021-10-20T04:00:00+00:00,2021-10-20,09:30:00,1634702400,114.517,114.582,114.291,114.347,12238,0,0
2021-10-20T08:00:00+00:00,2021-10-20,13:30:00,1634716800,114.348,114.53,114.319,114.401,5960,0,0
2021-10-20T12:00:00+00:00,2021-10-20,17:30:00,1634731200,114.398,114.402,114.123,114.243,9471,0,0
2021-10-20T16:00:00+00:00,2021-10-20,21:30:00,1634745600,114.244,114.288,114.08,114.268,3205,0,0
2021-10-20T20:00:00+00:00,2021-10-21,01:30:00,1634760000,114.269,114.408,114.255,114.389,1026,0,0
2021-10-21T00:00:00+00:00,2021-10-21,05:30:00,1634774400,114.388,114.408,114.192,114.213,3240,0,0
2021-10-21T04:00:00+00:00,2021-10-21,09:30:00,1634788800,114.212,114.212,113.911,114.128,8503,0,0
2021-10-21T08:00:00+00:00,2021-10-21,13:30:00,1634803200,114.127,114.184,113.974,114.173,4264,0,0
2021-10-21T12:00:00+00:00,2021-10-21,17:30:00,1634817600,114.171,114.208,113.651,113.745,12467,0,0
2021-10-21T16:00:00+00:00,2021-10-21,21:30:00,1634832000,113.747,114.026,113.678,114.023,3206,0,0
2021-10-21T20:00:00+00:00,2021-10-22,01:30:00,1634846400,114.007,114.039,113.818,113.85,1208,0,0
2021-10-22T00:00:00+00:00,2021-10-22,05:30:00,1634860800,113.85,114.207,113.841,114.07,5395,0,0
2021-10-22T04:00:00+00:00,2021-10-22,09:30:00,1634875200,114.072,114.078,113.847,113.888,5490,0,0
2021-10-22T08:00:00+00:00,2021-10-22,13:30:00,1634889600,113.889,113.987,113.739,113.879,4376,0,0
2021-10-22T12:00:00+00:00,2021-10-22,17:30:00,1634904000,113.88,113.915,113.506,113.559,10929,0,0
2021-10-22T16:00:00+00:00,2021-10-22,21:30:00,1634918400,113.559,113.639,113.415,113.442,4117,0,0
2021-10-22T20:00:00+00:00,2021-10-23,01:30:00,1634932800,113.433,113.498,113.403,113.467,324,15,0
2021-10-24T20:00:00+00:00,2021-10-25,01:30:00,1635105600,113.527,113.693,113.451,113.669,1019,0,0
2021-10-25T00:00:00+00:00,2021-10-25,05:30:00,1635120000,113.67,113.828,113.535,113.631,5964,0,0
2021-10-25T04:00:00+00:00,2021-10-25,09:30:00,1635134400,113.63,113.739,113.518,113.634,4470,0,0
2021-10-25T08:00:00+00:00,2021-10-25,13:30:00,1635148800,113.635,113.731,113.562,113.698,4240,0,0
2021-10-25T12:00:00+00:00,2021-10-25,17:30:00,1635163200,113.698,113.924,113.593,113.701,8516,0,0
2021-10-25T16:00:00+00:00,2021-10-25,21:30:00,1635177600,113.702,113.746,113.626,113.702,1557,0,0
2021-10-25T20:00:00+00:00,2021-10-26,01:30:00,1635192000,113.695,113.788,113.662,113.766,624,0,0
2021-10-26T00:00:00+00:00,2021-10-26,05:30:00,1635206400,113.766,113.95,113.721,113.912,3493,0,0
2021-10-26T04:00:00+00:00,2021-10-26,09:30:00,1635220800,113.912,114.08,113.871,114.047,3990,0,0
2021-10-26T08:00:00+00:00,2021-10-26,13:30:00,1635235200,114.046,114.052,113.907,113.948,4155,0,0
2021-10-26T12:00:00+00:00,2021-10-26,17:30:00,1635249600,113.947,114.312,113.94,114.203,7297,0,0
2021-10-26T16:00:00+00:00,2021-10-26,21:30:00,1635264000,114.202,114.236,114.09,114.119,1992,0,0
2021-10-26T20:00:00+00:00,2021-10-27,01:30:00,1635278400,114.112,114.211,114.103,114.186,1102,0,0
2021-10-27T00:00:00+00:00,2021-10-27,05:30:00,1635292800,114.184,114.221,113.962,113.991,4512,0,0
2021-10-27T04:00:00+00:00,2021-10-27,09:30:00,1635307200,113.99,114.099,113.67,113.742,3995,0,0
2021-10-27T08:00:00+00:00,2021-10-27,13:30:00,1635321600,113.742,113.806,113.538,113.659,7043,0,0
2021-10-27T12:00:00+00:00,2021-10-27,17:30:00,1635336000,113.658,113.841,113.388,113.752,13024,0,0
2021-10-27T16:00:00+00:00,2021-10-27,21:30:00,1635350400,113.754,113.834,113.638,113.83,4133,0,0
2021-10-27T20:00:00+00:00,2021-10-28,01:30:00,1635364800,113.801,113.86,113.732,113.774,1143,0,0
2021-10-28T00:00:00+00:00,2021-10-28,05:30:00,1635379200,113.776,113.866,113.549,113.624,5489,0,0
2021-10-28T04:00:00+00:00,2021-10-28,09:30:00,1635393600,113.626,113.748,113.502,113.602,5558,0,0
2021-10-28T08:00:00+00:00,2021-10-28,13:30:00,1635408000,113.603,113.722,113.515,113.611,5714,0,0
2021-10-28T12:00:00+00:00,2021-10-28,17:30:00,1635422400,113.612,113.719,113.256,113.385,15022,0,0
2021-10-28T16:00:00+00:00,2021-10-28,21:30:00,1635436800,113.384,113.579,113.36,113.568,3295,0,0
2021-10-28T20:00:00+00:00,2021-10-29,01:30:00,1635451200,113.561,113.616,113.534,113.616,825,0,0
2021-10-29T00:00:00+00:00,2021-10-29,05:30:00,1635465600,113.618,113.712,113.394,113.604,6015,0,0
2021-10-29T04:00:00+00:00,2021-10-29,09:30:00,1635480000,113.605,113.686,113.506,113.606,5331,0,0
2021-10-29T08:00:00+00:00,2021-10-29,13:30:00,1635494400,113.609,113.891,113.578,113.868,4494,0,0
2021-10-29T12:00:00+00:00,2021-10-29,17:30:00,1635508800,113.869,114.09,113.723,114.054,12932,0,0
2021-10-29T16:00:00+00:00,2021-10-29,21:30:00,1635523200,114.053,114.096,113.875,113.979,3250,0,0
2021-10-29T20:00:00+00:00,2021-10-30,01:30:00,1635537600,113.957,114.029,113.884,114.003,434,15,0
2021-10-31T20:00:00+00:00,2021-11-01,01:30:00,1635710400,114.042,114.256,114.031,114.238,1116,0,0
2021-11-01T00:00:00+00:00,2021-11-01,05:30:00,1635724800,114.239,114.248,114.027,114.201,4878,0,0
2021-11-01T04:00:00+00:00,2021-11-01,09:30:00,1635739200,114.202,114.427,114.201,114.419,3934,0,0
2021-11-01T08:00:00+00:00,2021-11-01,13:30:00,1635753600,114.42,114.444,114.157,114.239,4799,0,0
2021-11-01T12:00:00+00:00,2021-11-01,17:30:00,1635768000,114.24,114.289,114.106,114.201,7901,0,0
2021-11-01T16:00:00+00:00,2021-11-01,21:30:00,1635782400,114.199,114.21,113.94,114.02,2945,0,0
2021-11-01T20:00:00+00:00,2021-11-02,01:30:00,1635796800,113.992,114.134,113.943,114.094,1259,0,0
2021-11-02T00:00:00+00:00,2021-11-02,05:30:00,1635811200,114.093,114.133,113.873,113.948,4077,0,0
2021-11-02T04:00:00+00:00,2021-11-02,09:30:00,1635825600,113.95,113.968,113.583,113.657,6494,0,0
2021-11-02T08:00:00+00:00,2021-11-02,13:30:00,1635840000,113.658,113.729,113.463,113.695,5478,0,0
2021-11-02T12:00:00+00:00,2021-11-02,17:30:00,1635854400,113.696,113.866,113.655,113.797,8214,0,0
2021-11-02T16:00:00+00:00,2021-11-02,21:30:00,1635868800,113.795,113.985,113.766,113.954,2474,0,0
2021-11-02T20:00:00+00:00,2021-11-03,01:30:00,1635883200,113.938,114.01,113.904,113.967,895,0,0
2021-11-03T00:00:00+00:00,2021-11-03,05:30:00,1635897600,113.966,113.971,113.744,113.808,1689,0,0
2021-11-03T04:00:00+00:00,2021-11-03,09:30:00,1635912000,113.808,113.945,113.788,113.912,1791,0,0
2021-11-03T08:00:00+00:00,2021-11-03,13:30:00,1635926400,113.91,113.945,113.758,113.774,3146,0,0
2021-11-03T12:00:00+00:00,2021-11-03,17:30:00,1635940800,113.773,114.151,113.722,114.063,8530,0,0
2021-11-03T16:00:00+00:00,2021-11-03,21:30:00,1635955200,114.066,114.22,113.783,113.999,15268,0,0
2021-11-03T20:00:00+00:00,2021-11-04,01:30:00,1635969600,113.963,114.086,113.95,114.07,1486,0,0
2021-11-04T00:00:00+00:00,2021-11-04,05:30:00,1635984000,114.07,114.245,114.038,114.209,3135,0,0
2021-11-04T04:00:00+00:00,2021-11-04,09:30:00,1635998400,114.207,114.278,114.124,114.213,2456,0,0
2021-11-04T08:00:00+00:00,2021-11-04,13:30:00,1636012800,114.212,114.264,113.791,113.816,6817,0,0
2021-11-04T12:00:00+00:00,2021-11-04,17:30:00,1636027200,113.814,114.025,113.509,113.639,14361,0,0
2021-11-04T16:00:00+00:00,2021-11-04,21:30:00,1636041600,113.639,113.785,113.617,113.703,3750,0,0
2021-11-04T20:00:00+00:00,2021-11-05,01:30:00,1636056000,113.69,113.856,113.687,113.835,890,0,0
2021-11-05T00:00:00+00:00,2021-11-05,05:30:00,1636070400,113.834,113.839,113.557,113.702,5088,0,0
2021-11-05T04:00:00+00:00,2021-11-05,09:30:00,1636084800,113.701,113.787,113.6,113.763,2861,0,0
2021-11-05T08:00:00+00:00,2021-11-05,13:30:00,1636099200,113.762,113.919,113.72,113.832,5289,0,0
2021-11-05T12:00:00+00:00,2021-11-05,17:30:00,1636113600,113.834,114.033,113.42,113.457,17698,0,0
2021-11-05T16:00:00+00:00,2021-11-05,21:30:00,1636128000,113.455,113.514,113.3,113.334,3522,0,0
2021-11-05T20:00:00+00:00,2021-11-06,01:30:00,1636142400,113.333,113.392,113.315,113.387,262,0,0
2021-11-07T20:00:00+00:00,2021-11-08,01:30:00,1636315200,113.357,113.518,113.343,113.46,653,8,0
2021-11-08T00:00:00+00:00,2021-11-08,05:30:00,1636329600,113.477,113.667,113.437,113.651,3666,0,0
2021-11-08T04:00:00+00:00,2021-11-08,09:30:00,1636344000,113.653,113.654,113.526,113.568,2766,0,0
2021-11-08T08:00:00+00:00,2021-11-08,13:30:00,1636358400,113.567,113.577,113.361,113.481,4456,0,0
2021-11-08T12:00:00+00:00,2021-11-08,17:30:00,1636372800,113.481,113.489,113.081,113.191,7804,0,0
2021-11-08T16:00:00+00:00,2021-11-08,21:30:00,1636387200,113.192,113.275,113.138,113.23,2611,0,0
2021-11-08T20:00:00+00:00,2021-11-09,01:30:00,1636401600,113.231,113.292,113.189,113.248,1173,0,0
2021-11-09T00:00:00+00:00,2021-11-09,05:30:00,1636416000,113.256,113.262,112.798,112.845,5013,0,0
2021-11-09T04:00:00+00:00,2021-11-09,09:30:00,1636430400,112.843,112.921,112.727,112.852,4308,0,0
2021-11-09T08:00:00+00:00,2021-11-09,13:30:00,1636444800,112.853,113.004,112.81,112.966,5025,0,0
2021-11-09T12:00:00+00:00,2021-11-09,17:30:00,1636459200,112.967,113.114,112.743,112.919,11189,0,0
2021-11-09T16:00:00+00:00,2021-11-09,21:30:00,1636473600,112.92,113.006,112.813,112.832,4832,0,0
2021-11-09T20:00:00+00:00,2021-11-10,01:30:00,1636488000,112.834,112.948,112.807,112.906,1398,0,0
2021-11-10T00:00:00+00:00,2021-11-10,05:30:00,1636502400,112.913,112.952,112.777,112.847,3575,0,0
2021-11-10T04:00:00+00:00,2021-11-10,09:30:00,1636516800,112.846,113.138,112.79,113.098,2871,0,0
2021-11-10T08:00:00+00:00,2021-11-10,13:30:00,1636531200,113.1,113.251,113.065,113.229,4428,0,0
2021-11-10T12:00:00+00:00,2021-11-10,17:30:00,1636545600,113.229,113.939,113.189,113.897,15942,0,0
2021-11-10T16:00:00+00:00,2021-11-10,21:30:00,1636560000,113.898,114.014,113.734,113.817,8108,0,0
2021-11-10T20:00:00+00:00,2021-11-11,01:30:00,1636574400,113.818,113.944,113.77,113.896,2248,0,0
2021-11-11T00:00:00+00:00,2021-11-11,05:30:00,1636588800,113.908,114.157,113.906,114.002,4682,0,0
2021-11-11T04:00:00+00:00,2021-11-11,09:30:00,1636603200,114.0,114.09,113.877,114.082,2569,0,0
2021-11-11T08:00:00+00:00,2021-11-11,13:30:00,1636617600,114.08,114.133,113.936,113.957,4258,0,0
2021-11-11T12:00:00+00:00,2021-11-11,17:30:00,1636632000,113.955,114.003,113.807,113.969,5367,0,0
2021-11-11T16:00:00+00:00,2021-11-11,21:30:00,1636646400,113.97,114.099,113.943,114.098,1714,0,0
2021-11-11T20:00:00+00:00,2021-11-12,01:30:00,1636660800,114.097,114.108,114.021,114.037,763,0,0
2021-11-12T00:00:00+00:00,2021-11-12,05:30:00,1636675200,114.046,114.301,114.041,114.256,3421,0,0
2021-11-12T04:00:00+00:00,2021-11-12,09:30:00,1636689600,114.257,114.282,114.023,114.048,2698,0,0
2021-11-12T08:00:00+00:00,2021-11-12,13:30:00,1636704000,114.048,114.131,113.952,114.059,4496,0,0
2021-11-12T12:00:00+00:00,2021-11-12,17:30:00,1636718400,114.058,114.063,113.762,113.942,9580,0,0
2021-11-12T16:00:00+00:00,2021-11-12,21:30:00,1636732800,113.943,113.967,113.822,113.957,3493,0,0
2021-11-12T20:00:00+00:00,2021-11-13,01:30:00,1636747200,113.957,113.957,113.862,113.906,757,0,0
2021-11-14T20:00:00+00:00,2021-11-15,01:30:00,1636920000,113.941,114.037,113.902,113.97,525,8,0
2021-11-15T00:00:00+00:00,2021-11-15,05:30:00,1636934400,113.984,114.007,113.752,113.856,3450,0,0
2021-11-15T04:00:00+00:00,2021-11-15,09:30:00,1636948800,113.858,113.996,113.806,113.95,2137,0,0
2021-11-15T08:00:00+00:00,2021-11-15,13:30:00,1636963200,113.948,114.013,113.806,113.824,4128,0,0
2021-11-15T12:00:00+00:00,2021-11-15,17:30:00,1636977600,113.823,114.051,113.818,113.966,6683,0,0
2021-11-15T16:00:00+00:00,2021-11-15,21:30:00,1636992000,113.967,114.089,113.922,114.086,2969,0,0
2021-11-15T20:00:00+00:00,2021-11-16,01:30:00,1637006400,114.087,114.216,114.077,114.124,1578,0,0
2021-11-16T00:00:00+00:00,2021-11-16,05:30:00,1637020800,114.132,114.312,114.116,114.181,4303,0,0
2021-11-16T04:00:00+00:00,2021-11-16,09:30:00,1637035200,114.18,114.272,114.103,114.264,2943,0,0
2021-11-16T08:00:00+00:00,2021-11-16,13:30:00,1637049600,114.264,114.291,114.129,114.234,4259,0,0
2021-11-16T12:00:00+00:00,2021-11-16,17:30:00,1637064000,114.233,114.638,114.233,114.578,10390,0,0
2021-11-16T16:00:00+00:00,2021-11-16,21:30:00,1637078400,114.579,114.698,114.501,114.698,3480,0,0
2021-11-16T20:00:00+00:00,2021-11-17,01:30:00,1637092800,114.697,114.961,114.63,114.892,2408,0,0
2021-11-17T00:00:00+00:00,2021-11-17,05:30:00,1637107200,114.906,114.938,114.7,114.888,4474,0,0
2021-11-17T04:00:00+00:00,2021-11-17,09:30:00,1637121600,114.889,114.938,114.823,114.889,3143,0,0
2021-11-17T08:00:00+00:00,2021-11-17,13:30:00,1637136000,114.89,114.947,114.71,114.743,4690,0,0
2021-11-17T12:00:00+00:00,2021-11-17,17:30:00,1637150400,114.742,114.765,114.433,114.523,8303,0,0
2021-11-17T16:00:00+00:00,2021-11-17,21:30:00,1637164800,114.524,114.553,113.935,114.132,8005,0,0
2021-11-17T20:00:00+00:00,2021-11-18,01:30:00,1637179200,114.133,114.223,114.058,114.177,2011,0,0
2021-11-18T00:00:00+00:00,2021-11-18,05:30:00,1637193600,114.191,114.241,113.878,114.103,5080,0,0
2021-11-18T04:00:00+00:00,2021-11-18,09:30:00,1637208000,114.101,114.273,113.979,114.018,4766,0,0
2021-11-18T08:00:00+00:00,2021-11-18,13:30:00,1637222400,114.019,114.227,114.012,114.183,4771,0,0
2021-11-18T12:00:00+00:00,2021-11-18,17:30:00,1637236800,114.184,114.486,114.132,114.281,10211,0,0
2021-11-18T16:00:00+00:00,2021-11-18,21:30:00,1637251200,114.282,114.315,114.162,114.263,3993,0,0
2021-11-18T20:00:00+00:00,2021-11-19,01:30:00,1637265600,114.261,114.285,114.2,114.277,1311,0,0
2021-11-19T00:00:00+00:00,2021-11-19,05:30:00,1637280000,114.285,114.399,114.246,114.367,3712,0,0
2021-11-19T04:00:00+00:00,2021-11-19,09:30:00,1637294400,114.366,114.376,114.295,114.361,2015,0,0
2021-11-19T08:00:00+00:00,2021-11-19,13:30:00,1637308800,114.363,114.541,113.812,113.843,15703,0,0
2021-11-19T12:00:00+00:00,2021-11-19,17:30:00,1637323200,113.843,114.062,113.588,113.868,19028,0,0
2021-11-19T16:00:00+00:00,2021-11-19,21:30:00,1637337600,113.867,114.069,113.729,113.936,7222,0,0
2021-11-19T20:00:00+00:00,2021-11-20,01:30:00,1637352000,113.936,114.032,113.936,114.013,1242,0,0
2021-11-21T20:00:00+00:00,2021-11-22,01:30:00,1637524800,113.936,114.128,113.92,114.128,1032,8,0
2021-11-22T00:00:00+00:00,2021-11-22,05:30:00,1637539200,114.142,114.215,114.022,114.114,3621,0,0
2021-11-22T04:00:00+00:00,2021-11-22,09:30:00,1637553600,114.114,114.268,114.112,114.224,2883,0,0
2021-11-22T08:00:00+00:00,2021-11-22,13:30:00,1637568000,114.223,114.254,114.066,114.117,7016,0,0
2021-11-22T12:00:00+00:00,2021-11-22,17:30:00,1637582400,114.119,114.753,114.068,114.737,14468,0,0
2021-11-22T16:00:00+00:00,2021-11-22,21:30:00,1637596800,114.738,114.952,114.61,114.948,5359,0,0
2021-11-22T20:00:00+00:00,2021-11-23,01:30:00,1637611200,114.948,114.961,114.774,114.778,1817,0,0
2021-11-23T00:00:00+00:00,2021-11-23,05:30:00,1637625600,114.792,115.139,114.74,115.083,3913,0,0
2021-11-23T04:00:00+00:00,2021-11-23,09:30:00,1637640000,115.082,115.153,114.486,114.701,7659,0,0
2021-11-23T08:00:00+00:00,2021-11-23,13:30:00,1637654400,114.702,115.009,114.526,114.962,12155,0,0
2021-11-23T12:00:00+00:00,2021-11-23,17:30:00,1637668800,114.962,115.097,114.838,114.974,12593,0,0
2021-11-23T16:00:00+00:00,2021-11-23,21:30:00,1637683200,114.973,115.084,114.901,115.078,5609,0,0
2021-11-23T20:00:00+00:00,2021-11-24,01:30:00,1637697600,115.077,115.21,115.041,115.126,1829,0,0
2021-11-24T00:00:00+00:00,2021-11-24,05:30:00,1637712000,115.131,115.236,115.006,115.072,4506,0,0
2021-11-24T04:00:00+00:00,2021-11-24,09:30:00,1637726400,115.073,115.074,114.855,114.896,4852,0,0
2021-11-24T08:00:00+00:00,2021-11-24,13:30:00,1637740800,114.899,115.116,114.827,115.003,7891,0,0
2021-11-24T12:00:00+00:00,2021-11-24,17:30:00,1637755200,115.004,115.469,114.983,115.44,13630,0,0
2021-11-24T16:00:00+00:00,2021-11-24,21:30:00,1637769600,115.441,115.522,115.282,115.47,5060,0,0
2021-11-24T20:00:00+00:00,2021-11-25,01:30:00,1637784000,115.469,115.469,115.36,115.403,1261,0,0
2021-11-25T00:00:00+00:00,2021-11-25,05:30:00,1637798400,115.41,115.446,115.305,115.371,2583,0,0
2021-11-25T04:00:00+00:00,2021-11-25,09:30:00,1637812800,115.371,115.432,115.307,115.379,1336,0,0
2021-11-25T08:00:00+00:00,2021-11-25,13:30:00,1637827200,115.38,115.386,115.308,115.341,2233,0,0
2021-11-25T12:00:00+00:00,2021-11-25,17:30:00,1637841600,115.339,115.388,115.242,115.367,2130,0,0
2021-11-25T16:00:00+00:00,2021-11-25,21:30:00,1637856000,115.366,115.392,115.332,115.371,2198,0,0
2021-11-25T20:00:00+00:00,2021-11-26,01:30:00,1637870400,115.364,115.369,115.017,115.062,2542,8,0
2021-11-26T00:00:00+00:00,2021-11-26,05:30:00,1637884800,115.077,115.113,114.594,114.692,13794,0,0
2021-11-26T04:00:00+00:00,2021-11-26,09:30:00,1637899200,114.692,114.784,114.143,114.164,11028,0,0
2021-11-26T08:00:00+00:00,2021-11-26,13:30:00,1637913600,114.166,114.421,113.653,113.909,29552,0,0
2021-11-26T12:00:00+00:00,2021-11-26,17:30:00,1637928000,113.907,114.21,113.054,113.179,23693,0,0
2021-11-26T16:00:00+00:00,2021-11-26,21:30:00,1637942400,113.181,113.564,113.054,113.173,10833,0,0
2021-11-26T20:00:00+00:00,2021-11-27,01:30:00,1637956800,113.172,113.456,113.083,113.306,1393,28,0
2021-11-28T20:00:00+00:00,2021-11-29,01:30:00,1638129600,113.545,113.858,113.338,113.717,2791,8,0
2021-11-29T00:00:00+00:00,2021-11-29,05:30:00,1638144000,113.724,113.876,113.434,113.677,13281,0,0
2021-11-29T04:00:00+00:00,2021-11-29,09:30:00,1638158400,113.678,113.746,112.992,113.578,13726,0,0
2021-11-29T08:00:00+00:00,2021-11-29,13:30:00,1638172800,113.576,113.64,113.235,113.447,12400,0,0
2021-11-29T12:00:00+00:00,2021-11-29,17:30:00,1638187200,113.446,113.957,113.41,113.619,13344,0,0
2021-11-29T16:00:00+00:00,2021-11-29,21:30:00,1638201600,113.62,113.829,113.61,113.709,5325,0,0
2021-11-29T20:00:00+00:00,2021-11-30,01:30:00,1638216000,113.712,113.829,113.497,113.789,2613,0,0
2021-11-30T00:00:00+00:00,2021-11-30,05:30:00,1638230400,113.805,113.892,113.623,113.662,5555,0,0
2021-11-30T04:00:00+00:00,2021-11-30,09:30:00,1638244800,113.659,113.668,112.955,113.183,20647,0,0
2021-11-30T08:00:00+00:00,2021-11-30,13:30:00,1638259200,113.184,113.193,112.684,113.077,16515,0,0
2021-11-30T12:00:00+00:00,2021-11-30,17:30:00,1638273600,113.076,113.602,112.533,113.526,26062,0,0
2021-11-30T16:00:00+00:00,2021-11-30,21:30:00,1638288000,113.527,113.704,112.998,113.106,19190,0,0
2021-11-30T20:00:00+00:00,2021-12-01,01:30:00,1638302400,113.106,113.316,112.993,113.295,3004,0,0
2021-12-01T00:00:00+00:00,2021-12-01,05:30:00,1638316800,113.303,113.551,113.103,113.428,9633,0,0
2021-12-01T04:00:00+00:00,2021-12-01,09:30:00,1638331200,113.428,113.628,113.375,113.428,6637,0,0
2021-12-01T08:00:00+00:00,2021-12-01,13:30:00,1638345600,113.428,113.59,113.287,113.382,8841,0,0
2021-12-01T12:00:00+00:00,2021-12-01,17:30:00,1638360000,113.381,113.426,112.75,112.983,15990,0,0
2021-12-01T16:00:00+00:00,2021-12-01,21:30:00,1638374400,112.984,113.087,112.671,112.788,10982,0,0
2021-12-01T20:00:00+00:00,2021-12-02,01:30:00,1638388800,112.785,112.916,112.715,112.876,3315,0,0
2021-12-02T00:00:00+00:00,2021-12-02,05:30:00,1638403200,112.884,113.102,112.819,113.061,7829,0,0
2021-12-02T04:00:00+00:00,2021-12-02,09:30:00,1638417600,113.059,113.331,112.985,113.277,5879,0,0
2021-12-02T08:00:00+00:00,2021-12-02,13:30:00,1638432000,113.276,113.301,112.883,112.935,10670,0,0
2021-12-02T12:00:00+00:00,2021-12-02,17:30:00,1638446400,112.935,113.005,112.707,112.965,18891,0,0
2021-12-02T16:00:00+00:00,2021-12-02,21:30:00,1638460800,112.963,113.242,112.931,113.168,7905,0,0
2021-12-02T20:00:00+00:00,2021-12-03,01:30:00,1638475200,113.167,113.217,112.99,113.013,2448,0,0
2021-12-03T00:00:00+00:00,2021-12-03,05:30:00,1638489600,113.023,113.211,112.96,113.187,5838,0,0
2021-12-03T04:00:00+00:00,2021-12-03,09:30:00,1638504000,113.188,113.407,113.135,113.38,4604,0,0
2021-12-03T08:00:00+00:00,2021-12-03,13:30:00,1638518400,113.381,113.487,113.221,113.329,6411,0,0
2021-12-03T12:00:00+00:00,2021-12-03,17:30:00,1638532800,113.33,113.612,112.995,113.222,23648,0,0
2021-12-03T16:00:00+00:00,2021-12-03,21:30:00,1638547200,113.223,113.256,112.559,112.619,12151,0,0
2021-12-03T20:00:00+00:00,2021-12-04,01:30:00,1638561600,112.62,112.838,112.606,112.809,2238,0,0
2021-12-05T20:00:00+00:00,2021-12-06,01:30:00,1638734400,112.851,113.068,112.838,113.035,1581,9,0
2021-12-06T00:00:00+00:00,2021-12-06,05:30:00,1638748800,113.045,113.073,112.851,112.999,5465,0,0
2021-12-06T04:00:00+00:00,2021-12-06,09:30:00,1638763200,113.0,113.187,112.984,113.146,4046,0,0
2021-12-06T08:00:00+00:00,2021-12-06,13:30:00,1638777600,113.147,113.374,113.115,113.206,8456,0,0
2021-12-06T12:00:00+00:00,2021-12-06,17:30:00,1638792000,113.207,113.484,113.072,113.447,10520,0,0
2021-12-06T16:00:00+00:00,2021-12-06,21:30:00,1638806400,113.448,113.553,113.303,113.494,3952,0,0
2021-12-06T20:00:00+00:00,2021-12-07,01:30:00,1638820800,113.496,113.505,113.435,113.459,1750,0,0
2021-12-07T00:00:00+00:00,2021-12-07,05:30:00,1638835200,113.468,113.589,113.402,113.555,4329,0,0
2021-12-07T04:00:00+00:00,2021-12-07,09:30:00,1638849600,113.556,113.743,113.556,113.642,4089,0,0
2021-12-07T08:00:00+00:00,2021-12-07,13:30:00,1638864000,113.64,113.735,113.502,113.558,4892,0,0
2021-12-07T12:00:00+00:00,2021-12-07,17:30:00,1638878400,113.557,113.78,113.459,113.662,8049,0,0
2021-12-07T16:00:00+00:00,2021-12-07,21:30:00,1638892800,113.663,113.744,113.532,113.631,3517,0,0
2021-12-07T20:00:00+00:00,2021-12-08,01:30:00,1638907200,113.629,113.646,113.46,113.519,2280,0,0
2021-12-08T00:00:00+00:00,2021-12-08,05:30:00,1638921600,113.526,113.573,113.359,113.473,5834,0,0
2021-12-08T04:00:00+00:00,2021-12-08,09:30:00,1638936000,113.475,113.539,113.326,113.415,3115,0,0
2021-12-08T08:00:00+00:00,2021-12-08,13:30:00,1638950400,113.413,113.802,113.313,113.695,10252,0,0
2021-12-08T12:00:00+00:00,2021-12-08,17:30:00,1638964800,113.697,113.955,113.648,113.884,12551,0,0
2021-12-08T16:00:00+00:00,2021-12-08,21:30:00,1638979200,113.882,113.924,113.598,113.667,4419,0,0
2021-12-08T20:00:00+00:00,2021-12-09,01:30:00,1638993600,113.667,113.739,113.621,113.677,1438,0,0
2021-12-09T00:00:00+00:00,2021-12-09,05:30:00,1639008000,113.685,113.811,113.641,113.659,2571,0,0
2021-12-09T04:00:00+00:00,2021-12-09,09:30:00,1639022400,113.658,113.687,113.461,113.493,3291,0,0
2021-12-09T08:00:00+00:00,2021-12-09,13:30:00,1639036800,113.492,113.587,113.347,113.501,5996,0,0
2021-12-09T12:00:00+00:00,2021-12-09,17:30:00,1639051200,113.503,113.551,113.272,113.441,9044,0,0
2021-12-09T16:00:00+00:00,2021-12-09,21:30:00,1639065600,113.444,113.653,113.409,113.475,4380,0,0
2021-12-09T20:00:00+00:00,2021-12-10,01:30:00,1639080000,113.473,113.484,113.382,113.434,1798,0,0
2021-12-10T00:00:00+00:00,2021-12-10,05:30:00,1639094400,113.441,113.575,113.333,113.531,4631,0,0
2021-12-10T04:00:00+00:00,2021-12-10,09:30:00,1639108800,113.53,113.623,113.429,113.581,4018,0,0
2021-12-10T08:00:00+00:00,2021-12-10,13:30:00,1639123200,113.582,113.793,113.558,113.766,4492,0,0
2021-12-10T12:00:00+00:00,2021-12-10,17:30:00,1639137600,113.765,113.778,113.289,113.425,13346,0,0
2021-12-10T16:00:00+00:00,2021-12-10,21:30:00,1639152000,113.423,113.465,113.223,113.429,3651,0,0
2021-12-10T20:00:00+00:00,2021-12-11,01:30:00,1639166400,113.428,113.456,113.363,113.376,563,0,0
2021-12-12T20:00:00+00:00,2021-12-13,01:30:00,1639339200,113.349,113.511,113.334,113.504,1259,9,0
2021-12-13T00:00:00+00:00,2021-12-13,05:30:00,1639353600,113.513,113.571,113.484,113.553,2216,0,0
2021-12-13T04:00:00+00:00,2021-12-13,09:30:00,1639368000,113.553,113.59,113.446,113.544,2307,0,0
2021-12-13T08:00:00+00:00,2021-12-13,13:30:00,1639382400,113.544,113.726,113.54,113.639,3930,0,0
2021-12-13T12:00:00+00:00,2021-12-13,17:30:00,1639396800,113.638,113.68,113.451,113.572,7067,0,0
2021-12-13T16:00:00+00:00,2021-12-13,21:30:00,1639411200,113.573,113.595,113.372,113.53,3406,0,0
2021-12-13T20:00:00+00:00,2021-12-14,01:30:00,1639425600,113.528,113.606,113.496,113.572,1587,0,0
2021-12-14T00:00:00+00:00,2021-12-14,05:30:00,1639440000,113.579,113.666,113.47,113.604,3623,0,0
2021-12-14T04:00:00+00:00,2021-12-14,09:30:00,1639454400,113.605,113.745,113.543,113.712,3047,0,0
2021-12-14T08:00:00+00:00,2021-12-14,13:30:00,1639468800,113.713,113.754,113.476,113.535,5266,0,0
2021-12-14T12:00:00+00:00,2021-12-14,17:30:00,1639483200,113.538,113.741,113.429,113.723,8690,0,0
2021-12-14T16:00:00+00:00,2021-12-14,21:30:00,1639497600,113.724,113.752,113.607,113.745,3817,0,0
2021-12-14T20:00:00+00:00,2021-12-15,01:30:00,1639512000,113.745,113.758,113.682,113.734,1039,0,0
2021-12-15T00:00:00+00:00,2021-12-15,05:30:00,1639526400,113.742,113.799,113.679,113.775,2594,0,0
2021-12-15T04:00:00+00:00,2021-12-15,09:30:00,1639540800,113.774,113.774,113.631,113.724,2486,0,0
2021-12-15T08:00:00+00:00,2021-12-15,13:30:00,1639555200,113.725,113.838,113.654,113.799,3493,0,0
2021-12-15T12:00:00+00:00,2021-12-15,17:30:00,1639569600,113.799,113.899,113.75,113.841,7454,0,0
2021-12-15T16:00:00+00:00,2021-12-15,21:30:00,1639584000,113.842,114.277,113.771,114.024,14006,0,0
2021-12-15T20:00:00+00:00,2021-12-16,01:30:00,1639598400,114.025,114.17,113.953,114.138,4984,0,0
2021-12-16T00:00:00+00:00,2021-12-16,05:30:00,1639612800,114.145,114.248,114.037,114.133,4196,0,0
2021-12-16T04:00:00+00:00,2021-12-16,09:30:00,1639627200,114.134,114.215,114.04,114.117,3620,0,0
2021-12-16T08:00:00+00:00,2021-12-16,13:30:00,1639641600,114.117,114.196,114.056,114.178,4310,0,0
2021-12-16T12:00:00+00:00,2021-12-16,17:30:00,1639656000,114.179,114.198,113.561,113.748,14363,0,0
2021-12-16T16:00:00+00:00,2021-12-16,21:30:00,1639670400,113.748,113.758,113.587,113.602,4087,0,0
2021-12-16T20:00:00+00:00,2021-12-17,01:30:00,1639684800,113.601,113.728,113.576,113.659,2428,0,0
2021-12-17T00:00:00+00:00,2021-12-17,05:30:00,1639699200,113.667,113.859,113.471,113.526,4746,0,0
2021-12-17T04:00:00+00:00,2021-12-17,09:30:00,1639713600,113.527,113.675,113.445,113.667,5646,0,0
2021-12-17T08:00:00+00:00,2021-12-17,13:30:00,1639728000,113.668,113.7,113.42,113.479,6068,0,0
2021-12-17T12:00:00+00:00,2021-12-17,17:30:00,1639742400,113.477,113.646,113.141,113.636,11914,0,0
2021-12-17T16:00:00+00:00,2021-12-17,21:30:00,1639756800,113.636,113.759,113.535,113.698,4790,0,0
2021-12-17T20:00:00+00:00,2021-12-18,01:30:00,1639771200,113.7,113.756,113.68,113.708,1162,0,0
2021-12-19T20:00:00+00:00,2021-12-20,01:30:00,1639944000,113.624,113.703,113.5,113.512,1011,9,0
2021-12-20T00:00:00+00:00,2021-12-20,05:30:00,1639958400,113.519,113.708,113.465,113.512,5647,0,0
2021-12-20T04:00:00+00:00,2021-12-20,09:30:00,1639972800,113.509,113.541,113.343,113.456,4538,0,0
2021-12-20T08:00:00+00:00,2021-12-20,13:30:00,1639987200,113.456,113.692,113.367,113.685,7673,0,0
2021-12-20T12:00:00+00:00,2021-12-20,17:30:00,1640001600,113.686,113.692,113.378,113.407,8575,0,0
2021-12-20T16:00:00+00:00,2021-12-20,21:30:00,1640016000,113.405,113.717,113.328,113.713,3932,0,0
2021-12-20T20:00:00+00:00,2021-12-21,01:30:00,1640030400,113.712,113.732,113.567,113.656,1369,0,0
2021-12-21T00:00:00+00:00,2021-12-21,05:30:00,1640044800,113.665,113.708,113.554,113.663,3518,0,0
2021-12-21T04:00:00+00:00,2021-12-21,09:30:00,1640059200,113.661,113.775,113.628,113.665,2680,0,0
2021-12-21T08:00:00+00:00,2021-12-21,13:30:00,1640073600,113.664,113.726,113.555,113.697,4215,0,0
2021-12-21T12:00:00+00:00,2021-12-21,17:30:00,1640088000,113.699,114.091,113.666,114.083,4621,0,0
2021-12-21T16:00:00+00:00,2021-12-21,21:30:00,1640102400,114.082,114.221,114.071,114.108,3055,0,0
2021-12-21T20:00:00+00:00,2021-12-22,01:30:00,1640116800,114.107,114.116,113.936,113.987,1307,0,0
2021-12-22T00:00:00+00:00,2021-12-22,05:30:00,1640131200,113.994,114.176,113.994,114.116,2942,0,0
2021-12-22T04:00:00+00:00,2021-12-22,09:30:00,1640145600,114.116,114.194,114.083,114.155,2207,0,0
2021-12-22T08:00:00+00:00,2021-12-22,13:30:00,1640160000,114.154,114.333,114.148,114.223,3333,0,0
2021-12-22T12:00:00+00:00,2021-12-22,17:30:00,1640174400,114.224,114.37,114.124,114.312,5792,0,0
2021-12-22T16:00:00+00:00,2021-12-22,21:30:00,1640188800,114.313,114.322,114.156,114.174,2801,0,0
2021-12-22T20:00:00+00:00,2021-12-23,01:30:00,1640203200,114.175,114.175,114.054,114.121,1256,0,0
2021-12-23T00:00:00+00:00,2021-12-23,05:30:00,1640217600,114.128,114.211,114.108,114.125,2027,0,0
2021-12-23T04:00:00+00:00,2021-12-23,09:30:00,1640232000,114.126,114.287,114.113,114.251,1554,0,0
2021-12-23T08:00:00+00:00,2021-12-23,13:30:00,1640246400,114.253,114.341,114.249,114.293,3017,0,0
2021-12-23T12:00:00+00:00,2021-12-23,17:30:00,1640260800,114.294,114.45,114.242,114.399,5516,0,0
2021-12-23T16:00:00+00:00,2021-12-23,21:30:00,1640275200,114.401,114.467,114.338,114.447,1808,0,0
2021-12-23T20:00:00+00:00,2021-12-24,01:30:00,1640289600,114.445,114.467,114.342,114.455,947,0,0
2021-12-24T00:00:00+00:00,2021-12-24,05:30:00,1640304000,114.46,114.509,114.318,114.324,942,5,0
2021-12-24T04:00:00+00:00,2021-12-24,09:30:00,1640318400,114.323,114.443,114.3,114.36,824,9,0
2021-12-24T08:00:00+00:00,2021-12-24,13:30:00,1640332800,114.361,114.404,114.333,114.378,724,9,0
2021-12-24T12:00:00+00:00,2021-12-24,17:30:00,1640347200,114.379,114.397,114.342,114.372,1327,9,0
2021-12-24T16:00:00+00:00,2021-12-24,21:30:00,1640361600,114.369,114.373,114.32,114.342,1045,25,0
2021-12-26T20:00:00+00:00,2021-12-27,01:30:00,1640548800,114.357,114.391,114.3,114.332,811,11,0
2021-12-27T00:00:00+00:00,2021-12-27,05:30:00,1640563200,114.341,114.431,114.321,114.425,2212,0,0
2021-12-27T04:00:00+00:00,2021-12-27,09:30:00,1640577600,114.425,114.489,114.403,114.466,1622,0,0
2021-12-27T08:00:00+00:00,2021-12-27,13:30:00,1640592000,114.468,114.696,114.464,114.665,2537,0,0
2021-12-27T12:00:00+00:00,2021-12-27,17:30:00,1640606400,114.666,114.896,114.664,114.886,3346,0,0
2021-12-27T16:00:00+00:00,2021-12-27,21:30:00,1640620800,114.884,114.914,114.828,114.909,1631,0,0
2021-12-27T20:00:00+00:00,2021-12-28,01:30:00,1640635200,114.91,114.91,114.772,114.786,833,0,0
2021-12-28T00:00:00+00:00,2021-12-28,05:30:00,1640649600,114.794,114.949,114.763,114.895,2784,0,0
2021-12-28T04:00:00+00:00,2021-12-28,09:30:00,1640664000,114.894,114.91,114.808,114.848,1661,0,0
2021-12-28T08:00:00+00:00,2021-12-28,13:30:00,1640678400,114.847,114.882,114.747,114.847,2049,0,0
2021-12-28T12:00:00+00:00,2021-12-28,17:30:00,1640692800,114.849,114.895,114.707,114.767,3821,0,0
2021-12-28T16:00:00+00:00,2021-12-28,21:30:00,1640707200,114.766,114.839,114.708,114.827,1780,0,0
2021-12-28T20:00:00+00:00,2021-12-29,01:30:00,1640721600,114.826,114.83,114.729,114.764,811,0,0
2021-12-29T00:00:00+00:00,2021-12-29,05:30:00,1640736000,114.771,114.857,114.749,114.831,2245,0,0
2021-12-29T04:00:00+00:00,2021-12-29,09:30:00,1640750400,114.832,114.93,114.822,114.889,1335,0,0
2021-12-29T08:00:00+00:00,2021-12-29,13:30:00,1640764800,114.887,115.038,114.832,114.882,2201,0,0
2021-12-29T12:00:00+00:00,2021-12-29,17:30:00,1640779200,114.881,115.019,114.669,114.939,6812,0,0
2021-12-29T16:00:00+00:00,2021-12-29,21:30:00,1640793600,114.937,115.004,114.892,114.955,2492,0,0
2021-12-29T20:00:00+00:00,2021-12-30,01:30:00,1640808000,114.954,114.989,114.908,114.942,915,0,0
2021-12-30T00:00:00+00:00,2021-12-30,05:30:00,1640822400,114.95,115.06,114.947,115.048,2505,0,0
2021-12-30T04:00:00+00:00,2021-12-30,09:30:00,1640836800,115.05,115.211,115.029,115.119,2511,0,0
2021-12-30T08:00:00+00:00,2021-12-30,13:30:00,1640851200,115.121,115.202,115.098,115.111,2410,0,0
2021-12-30T12:00:00+00:00,2021-12-30,17:30:00,1640865600,115.11,115.194,115.021,115.15,5197,0,0
2021-12-30T16:00:00+00:00,2021-12-30,21:30:00,1640880000,115.149,115.2,115.064,115.064,1391,0,0
2021-12-30T20:00:00+00:00,2021-12-31,01:30:00,1640894400,115.065,115.087,115.025,115.059,1042,0,0
2021-12-31T00:00:00+00:00,2021-12-31,05:30:00,1640908800,115.066,115.107,115.026,115.091,1098,0,0
2021-12-31T04:00:00+00:00,2021-12-31,09:30:00,1640923200,115.09,115.157,115.08,115.15,967,0,0
2021-12-31T08:00:00+00:00,2021-12-31,13:30:00,1640937600,115.15,115.157,115.005,115.128,2474,0,0
2021-12-31T12:00:00+00:00,2021-12-31,17:30:00,1640952000,115.129,115.158,115.011,115.142,5086,0,0
2021-12-31T16:00:00+00:00,2021-12-31,21:30:00,1640966400,115.144,115.199,115.02,115.091,2313,0,0
2022-01-02T20:00:00+00:00,2022-01-03,01:30:00,1641153600,115.054,115.148,115.032,115.136,699,8,0
2022-01-03T00:00:00+00:00,2022-01-03,05:30:00,1641168000,115.144,115.302,115.125,115.277,1960,0,0
2022-01-03T04:00:00+00:00,2022-01-03,09:30:00,1641182400,115.278,115.363,115.268,115.292,1316,0,0
2022-01-03T08:00:00+00:00,2022-01-03,13:30:00,1641196800,115.291,115.308,114.994,115.068,4145,0,0
2022-01-03T12:00:00+00:00,2022-01-03,17:30:00,1641211200,115.066,115.368,114.949,115.295,7522,0,0
2022-01-03T16:00:00+00:00,2022-01-03,21:30:00,1641225600,115.293,115.338,115.244,115.336,2456,0,0
2022-01-03T20:00:00+00:00,2022-01-04,01:30:00,1641240000,115.334,115.35,115.267,115.324,1248,0,0
2022-01-04T00:00:00+00:00,2022-01-04,05:30:00,1641254400,115.332,115.816,115.293,115.711,4933,0,0
2022-01-04T04:00:00+00:00,2022-01-04,09:30:00,1641268800,115.712,115.812,115.655,115.739,3262,0,0
2022-01-04T08:00:00+00:00,2022-01-04,13:30:00,1641283200,115.738,116.175,115.714,116.148,5103,0,0
2022-01-04T12:00:00+00:00,2022-01-04,17:30:00,1641297600,116.146,116.353,116.04,116.142,9183,0,0
2022-01-04T16:00:00+00:00,2022-01-04,21:30:00,1641312000,116.141,116.197,115.955,116.112,4027,0,0
2022-01-04T20:00:00+00:00,2022-01-05,01:30:00,1641326400,116.114,116.228,116.074,116.168,1688,0,0
2022-01-05T00:00:00+00:00,2022-01-05,05:30:00,1641340800,116.177,116.243,115.902,116.01,4116,0,0
2022-01-05T04:00:00+00:00,2022-01-05,09:30:00,1641355200,116.009,116.102,115.911,116.035,2754,0,0
2022-01-05T08:00:00+00:00,2022-01-05,13:30:00,1641369600,116.036,116.044,115.622,115.675,5021,0,0
2022-01-05T12:00:00+00:00,2022-01-05,17:30:00,1641384000,115.676,115.934,115.648,115.785,8047,0,0
2022-01-05T16:00:00+00:00,2022-01-05,21:30:00,1641398400,115.786,116.185,115.765,116.159,6153,0,0
2022-01-05T20:00:00+00:00,2022-01-06,01:30:00,1641412800,116.158,116.168,116.048,116.121,2084,0,0
2022-01-06T00:00:00+00:00,2022-01-06,05:30:00,1641427200,116.128,116.186,115.822,115.86,4662,0,0
2022-01-06T04:00:00+00:00,2022-01-06,09:30:00,1641441600,115.861,115.974,115.788,115.87,3995,0,0
2022-01-06T08:00:00+00:00,2022-01-06,13:30:00,1641456000,115.871,115.914,115.658,115.8,6253,0,0
2022-01-06T12:00:00+00:00,2022-01-06,17:30:00,1641470400,115.798,115.88,115.625,115.747,11017,0,0
2022-01-06T16:00:00+00:00,2022-01-06,21:30:00,1641484800,115.748,115.951,115.688,115.95,4525,0,0
2022-01-06T20:00:00+00:00,2022-01-07,01:30:00,1641499200,115.948,115.953,115.805,115.86,1429,0,0
2022-01-07T00:00:00+00:00,2022-01-07,05:30:00,1641513600,115.866,116.048,115.833,115.869,3418,0,0
2022-01-07T04:00:00+00:00,2022-01-07,09:30:00,1641528000,115.868,115.947,115.845,115.875,2031,0,0
2022-01-07T08:00:00+00:00,2022-01-07,13:30:00,1641542400,115.877,115.933,115.753,115.798,3686,0,0
2022-01-07T12:00:00+00:00,2022-01-07,17:30:00,1641556800,115.799,115.93,115.592,115.638,12908,0,0
2022-01-07T16:00:00+00:00,2022-01-07,21:30:00,1641571200,115.638,115.717,115.55,115.556,3592,0,0
2022-01-07T20:00:00+00:00,2022-01-08,01:30:00,1641585600,115.555,115.616,115.494,115.521,974,0,0
2022-01-09T20:00:00+00:00,2022-01-10,01:30:00,1641758400,115.582,115.659,115.544,115.614,1060,8,0
2022-01-10T00:00:00+00:00,2022-01-10,05:30:00,1641772800,115.622,115.852,115.547,115.8,2372,0,0
2022-01-10T04:00:00+00:00,2022-01-10,09:30:00,1641787200,115.802,115.826,115.741,115.797,1902,0,0
2022-01-10T08:00:00+00:00,2022-01-10,13:30:00,1641801600,115.795,115.815,115.299,115.313,6161,0,0
2022-01-10T12:00:00+00:00,2022-01-10,17:30:00,1641816000,115.314,115.461,115.086,115.112,9991,0,0
2022-01-10T16:00:00+00:00,2022-01-10,21:30:00,1641830400,115.111,115.249,115.042,115.216,4282,0,0
2022-01-10T20:00:00+00:00,2022-01-11,01:30:00,1641844800,115.217,115.295,115.153,115.271,1853,0,0
2022-01-11T00:00:00+00:00,2022-01-11,05:30:00,1641859200,115.28,115.387,115.174,115.373,3767,0,0
2022-01-11T04:00:00+00:00,2022-01-11,09:30:00,1641873600,115.371,115.371,115.125,115.256,3521,0,0
2022-01-11T08:00:00+00:00,2022-01-11,13:30:00,1641888000,115.257,115.477,115.224,115.405,5072,0,0
2022-01-11T12:00:00+00:00,2022-01-11,17:30:00,1641902400,115.403,115.681,115.387,115.467,7898,0,0
2022-01-11T16:00:00+00:00,2022-01-11,21:30:00,1641916800,115.466,115.492,115.325,115.348,3953,0,0
2022-01-11T20:00:00+00:00,2022-01-12,01:30:00,1641931200,115.35,115.373,115.261,115.326,1350,0,0
2022-01-12T00:00:00+00:00,2022-01-12,05:30:00,1641945600,115.335,115.4,115.231,115.375,2820,0,0
2022-01-12T04:00:00+00:00,2022-01-12,09:30:00,1641960000,115.376,115.43,115.287,115.4,2348,0,0
2022-01-12T08:00:00+00:00,2022-01-12,13:30:00,1641974400,115.401,115.466,115.292,115.399,3576,0,0
2022-01-12T12:00:00+00:00,2022-01-12,17:30:00,1641988800,115.398,115.489,114.835,114.849,12489,0,0
2022-01-12T16:00:00+00:00,2022-01-12,21:30:00,1642003200,114.849,114.895,114.381,114.385,6265,0,0
2022-01-12T20:00:00+00:00,2022-01-13,01:30:00,1642017600,114.386,114.696,114.382,114.666,2079,0,0
2022-01-13T00:00:00+00:00,2022-01-13,05:30:00,1642032000,114.674,114.701,114.498,114.54,4097,0,0
2022-01-13T04:00:00+00:00,2022-01-13,09:30:00,1642046400,114.541,114.649,114.412,114.413,2768,0,0
2022-01-13T08:00:00+00:00,2022-01-13,13:30:00,1642060800,114.412,114.596,114.364,114.507,3972,0,0
2022-01-13T12:00:00+00:00,2022-01-13,17:30:00,1642075200,114.506,114.542,114.073,114.123,9991,0,0
2022-01-13T16:00:00+00:00,2022-01-13,21:30:00,1642089600,114.122,114.155,114.0,114.068,3886,0,0
2022-01-13T20:00:00+00:00,2022-01-14,01:30:00,1642104000,114.069,114.217,114.052,114.101,1851,0,0
2022-01-14T00:00:00+00:00,2022-01-14,05:30:00,1642118400,114.118,114.177,113.64,113.724,7871,0,0
2022-01-14T04:00:00+00:00,2022-01-14,09:30:00,1642132800,113.725,113.866,113.655,113.798,4340,0,0
2022-01-14T08:00:00+00:00,2022-01-14,13:30:00,1642147200,113.797,113.99,113.699,113.887,5705,0,0
2022-01-14T12:00:00+00:00,2022-01-14,17:30:00,1642161600,113.889,113.906,113.482,113.791,15344,0,0
2022-01-14T16:00:00+00:00,2022-01-14,21:30:00,1642176000,113.792,114.148,113.728,114.142,5536,0,0
2022-01-14T20:00:00+00:00,2022-01-15,01:30:00,1642190400,114.143,114.251,114.122,114.186,1072,0,0
2022-01-16T20:00:00+00:00,2022-01-17,01:30:00,1642363200,114.129,114.332,114.126,114.301,1155,8,0
2022-01-17T00:00:00+00:00,2022-01-17,05:30:00,1642377600,114.309,114.515,114.277,114.427,4471,0,0
2022-01-17T04:00:00+00:00,2022-01-17,09:30:00,1642392000,114.428,114.546,114.4,114.404,2183,0,0
2022-01-17T08:00:00+00:00,2022-01-17,13:30:00,1642406400,114.402,114.526,114.312,114.48,3484,0,0
2022-01-17T12:00:00+00:00,2022-01-17,17:30:00,1642420800,114.479,114.651,114.449,114.611,3144,0,0
2022-01-17T16:00:00+00:00,2022-01-17,21:30:00,1642435200,114.611,114.633,114.553,114.582,983,0,0
2022-01-17T20:00:00+00:00,2022-01-18,01:30:00,1642449600,114.583,114.63,114.534,114.566,897,9,0
2022-01-18T00:00:00+00:00,2022-01-18,05:30:00,1642464000,114.575,115.059,114.449,114.979,6835,0,0
2022-01-18T04:00:00+00:00,2022-01-18,09:30:00,1642478400,114.978,115.006,114.757,114.876,7390,0,0
2022-01-18T08:00:00+00:00,2022-01-18,13:30:00,1642492800,114.875,114.901,114.514,114.689,7792,0,0
2022-01-18T12:00:00+00:00,2022-01-18,17:30:00,1642507200,114.69,114.734,114.456,114.548,9996,0,0
2022-01-18T16:00:00+00:00,2022-01-18,21:30:00,1642521600,114.548,114.644,114.508,114.624,4215,0,0
2022-01-18T20:00:00+00:00,2022-01-19,01:30:00,1642536000,114.625,114.644,114.545,114.545,2048,0,0
2022-01-19T00:00:00+00:00,2022-01-19,05:30:00,1642550400,114.558,114.789,114.49,114.554,4975,0,0
2022-01-19T04:00:00+00:00,2022-01-19,09:30:00,1642564800,114.556,114.577,114.208,114.423,6066,0,0
2022-01-19T08:00:00+00:00,2022-01-19,13:30:00,1642579200,114.424,114.552,114.358,114.501,5343,0,0
2022-01-19T12:00:00+00:00,2022-01-19,17:30:00,1642593600,114.5,114.547,114.222,114.347,7904,0,0
2022-01-19T16:00:00+00:00,2022-01-19,21:30:00,1642608000,114.346,114.368,114.214,114.24,4396,0,0
2022-01-19T20:00:00+00:00,2022-01-20,01:30:00,1642622400,114.241,114.409,114.209,114.342,1798,0,0
2022-01-20T00:00:00+00:00,2022-01-20,05:30:00,1642636800,114.35,114.454,114.026,114.392,6689,0,0
2022-01-20T04:00:00+00:00,2022-01-20,09:30:00,1642651200,114.391,114.548,114.346,114.396,4090,0,0
2022-01-20T08:00:00+00:00,2022-01-20,13:30:00,1642665600,114.397,114.397,114.186,114.279,4984,0,0
2022-01-20T12:00:00+00:00,2022-01-20,17:30:00,1642680000,114.28,114.336,113.964,113.984,8641,0,0
2022-01-20T16:00:00+00:00,2022-01-20,21:30:00,1642694400,113.985,114.197,113.98,114.176,3704,0,0
2022-01-20T20:00:00+00:00,2022-01-21,01:30:00,1642708800,114.175,114.211,113.839,113.986,2763,0,0
2022-01-21T00:00:00+00:00,2022-01-21,05:30:00,1642723200,113.994,113.998,113.626,113.747,8961,0,0
2022-01-21T04:00:00+00:00,2022-01-21,09:30:00,1642737600,113.747,113.894,113.72,113.86,4839,0,0
2022-01-21T08:00:00+00:00,2022-01-21,13:30:00,1642752000,113.858,114.033,113.801,113.844,5368,0,0
2022-01-21T12:00:00+00:00,2022-01-21,17:30:00,1642766400,113.847,113.866,113.605,113.671,11229,0,0
2022-01-21T16:00:00+00:00,2022-01-21,21:30:00,1642780800,113.669,113.818,113.631,113.662,5161,0,0
2022-01-21T20:00:00+00:00,2022-01-22,01:30:00,1642795200,113.663,113.699,113.62,113.661,1581,0,0
2022-01-23T20:00:00+00:00,2022-01-24,01:30:00,1642968000,113.675,113.792,113.631,113.782,1221,8,0
2022-01-24T00:00:00+00:00,2022-01-24,05:30:00,1642982400,113.788,113.944,113.714,113.862,3994,0,0
2022-01-24T04:00:00+00:00,2022-01-24,09:30:00,1642996800,113.863,113.976,113.713,113.754,3945,0,0
2022-01-24T08:00:00+00:00,2022-01-24,13:30:00,1643011200,113.755,113.82,113.471,113.82,8898,0,0
2022-01-24T12:00:00+00:00,2022-01-24,17:30:00,1643025600,113.819,113.998,113.652,113.939,12786,0,0
2022-01-24T16:00:00+00:00,2022-01-24,21:30:00,1643040000,113.938,113.95,113.655,113.788,7914,0,0
2022-01-24T20:00:00+00:00,2022-01-25,01:30:00,1643054400,113.791,114.088,113.777,114.008,2907,0,0
2022-01-25T00:00:00+00:00,2022-01-25,05:30:00,1643068800,114.015,114.05,113.752,113.777,6358,0,0
2022-01-25T04:00:00+00:00,2022-01-25,09:30:00,1643083200,113.775,113.893,113.671,113.889,5138,0,0
2022-01-25T08:00:00+00:00,2022-01-25,13:30:00,1643097600,113.889,114.156,113.81,114.007,7016,0,0
2022-01-25T12:00:00+00:00,2022-01-25,17:30:00,1643112000,114.008,114.067,113.782,113.95,11874,0,0
2022-01-25T16:00:00+00:00,2022-01-25,21:30:00,1643126400,113.949,113.957,113.804,113.922,4358,0,0
2022-01-25T20:00:00+00:00,2022-01-26,01:30:00,1643140800,113.922,113.945,113.831,113.888,2002,0,0
2022-01-26T00:00:00+00:00,2022-01-26,05:30:00,1643155200,113.895,113.9,113.779,113.866,3219,0,0
2022-01-26T04:00:00+00:00,2022-01-26,09:30:00,1643169600,113.868,113.987,113.862,113.986,1880,0,0
2022-01-26T08:00:00+00:00,2022-01-26,13:30:00,1643184000,113.985,114.235,113.975,114.198,3960,0,0
2022-01-26T12:00:00+00:00,2022-01-26,17:30:00,1643198400,114.199,114.385,114.156,114.32,6158,0,0
2022-01-26T16:00:00+00:00,2022-01-26,21:30:00,1643212800,114.321,114.693,114.211,114.53,12287,0,0
2022-01-26T20:00:00+00:00,2022-01-27,01:30:00,1643227200,114.531,114.734,114.405,114.715,6657,0,0
2022-01-27T00:00:00+00:00,2022-01-27,05:30:00,1643241600,114.723,114.785,114.476,114.656,7576,0,0
2022-01-27T04:00:00+00:00,2022-01-27,09:30:00,1643256000,114.657,114.793,114.595,114.763,5310,0,0
2022-01-27T08:00:00+00:00,2022-01-27,13:30:00,1643270400,114.765,115.249,114.726,115.201,8531,0,0
2022-01-27T12:00:00+00:00,2022-01-27,17:30:00,1643284800,115.204,115.467,115.153,115.442,11309,0,0
2022-01-27T16:00:00+00:00,2022-01-27,21:30:00,1643299200,115.442,115.489,115.162,115.311,5724,0,0
2022-01-27T20:00:00+00:00,2022-01-28,01:30:00,1643313600,115.309,115.39,115.259,115.338,2252,0,0
2022-01-28T00:00:00+00:00,2022-01-28,05:30:00,1643328000,115.353,115.477,115.334,115.357,4196,0,0
2022-01-28T04:00:00+00:00,2022-01-28,09:30:00,1643342400,115.358,115.674,115.318,115.652,5318,0,0
2022-01-28T08:00:00+00:00,2022-01-28,13:30:00,1643356800,115.653,115.686,115.447,115.644,6765,0,0
2022-01-28T12:00:00+00:00,2022-01-28,17:30:00,1643371200,115.647,115.668,115.124,115.189,13647,0,0
2022-01-28T16:00:00+00:00,2022-01-28,21:30:00,1643385600,115.191,115.331,115.123,115.22,4323,0,0
2022-01-28T20:00:00+00:00,2022-01-29,01:30:00,1643400000,115.219,115.268,115.19,115.222,941,0,0
2022-01-30T20:00:00+00:00,2022-01-31,01:30:00,1643572800,115.285,115.368,115.23,115.256,809,8,0
2022-01-31T00:00:00+00:00,2022-01-31,05:30:00,1643587200,115.264,115.592,115.223,115.537,4463,0,0
2022-01-31T04:00:00+00:00,2022-01-31,09:30:00,1643601600,115.536,115.538,115.38,115.435,3534,0,0
2022-01-31T08:00:00+00:00,2022-01-31,13:30:00,1643616000,115.433,115.529,115.345,115.515,5421,0,0
2022-01-31T12:00:00+00:00,2022-01-31,17:30:00,1643630400,115.515,115.516,115.194,115.23,10333,0,0
2022-01-31T16:00:00+00:00,2022-01-31,21:30:00,1643644800,115.229,115.308,114.925,114.994,5889,0,0
2022-01-31T20:00:00+00:00,2022-02-01,01:30:00,1643659200,114.995,115.139,114.989,115.114,2200,0,0
2022-02-01T00:00:00+00:00,2022-02-01,05:30:00,1643673600,115.121,115.193,114.972,114.987,3532,0,0
2022-02-01T04:00:00+00:00,2022-02-01,09:30:00,1643688000,114.987,115.069,114.889,114.943,3632,0,0
2022-02-01T08:00:00+00:00,2022-02-01,13:30:00,1643702400,114.944,115.043,114.607,114.626,7279,0,0
2022-02-01T12:00:00+00:00,2022-02-01,17:30:00,1643716800,114.627,114.892,114.567,114.797,10000,0,0
2022-02-01T16:00:00+00:00,2022-02-01,21:30:00,1643731200,114.795,114.813,114.637,114.697,3904,0,0
2022-02-01T20:00:00+00:00,2022-02-02,01:30:00,1643745600,114.698,114.782,114.637,114.727,1651,0,0
2022-02-02T00:00:00+00:00,2022-02-02,05:30:00,1643760000,114.736,114.802,114.649,114.795,2548,0,0
2022-02-02T04:00:00+00:00,2022-02-02,09:30:00,1643774400,114.797,114.803,114.596,114.63,2435,0,0
2022-02-02T08:00:00+00:00,2022-02-02,13:30:00,1643788800,114.631,114.633,114.322,114.342,6287,0,0
2022-02-02T12:00:00+00:00,2022-02-02,17:30:00,1643803200,114.341,114.442,114.16,114.38,9504,0,0
2022-02-02T16:00:00+00:00,2022-02-02,21:30:00,1643817600,114.379,114.421,114.296,114.38,3275,0,0
2022-02-02T20:00:00+00:00,2022-02-03,01:30:00,1643832000,114.381,114.466,114.335,114.374,1498,0,0
2022-02-03T00:00:00+00:00,2022-02-03,05:30:00,1643846400,114.382,114.472,114.329,114.423,3051,0,0
2022-02-03T04:00:00+00:00,2022-02-03,09:30:00,1643860800,114.423,114.605,114.423,114.581,2549,0,0
2022-02-03T08:00:00+00:00,2022-02-03,13:30:00,1643875200,114.582,114.849,114.579,114.837,3671,0,0
2022-02-03T12:00:00+00:00,2022-02-03,17:30:00,1643889600,114.834,114.974,114.735,114.892,16095,0,0
2022-02-03T16:00:00+00:00,2022-02-03,21:30:00,1643904000,114.893,114.943,114.789,114.938,4507,0,0
2022-02-03T20:00:00+00:00,2022-02-04,01:30:00,1643918400,114.938,114.979,114.891,114.952,1363,0,0
2022-02-04T00:00:00+00:00,2022-02-04,05:30:00,1643932800,114.959,115.05,114.815,114.91,3547,0,0
2022-02-04T04:00:00+00:00,2022-02-04,09:30:00,1643947200,114.912,115.124,114.869,115.102,3197,0,0
2022-02-04T08:00:00+00:00,2022-02-04,13:30:00,1643961600,115.103,115.151,114.849,114.873,6474,0,0
2022-02-04T12:00:00+00:00,2022-02-04,17:30:00,1643976000,114.872,115.43,114.775,115.273,16253,0,0
2022-02-04T16:00:00+00:00,2022-02-04,21:30:00,1643990400,115.272,115.291,115.163,115.261,3965,0,0
2022-02-04T20:00:00+00:00,2022-02-05,01:30:00,1644004800,115.26,115.265,115.168,115.193,879,0,0
2022-02-06T20:00:00+00:00,2022-02-07,01:30:00,1644177600,115.245,115.313,115.206,115.219,1121,8,0
2022-02-07T00:00:00+00:00,2022-02-07,05:30:00,1644192000,115.227,115.344,115.138,115.302,4008,0,0
2022-02-07T04:00:00+00:00,2022-02-07,09:30:00,1644206400,115.301,115.378,115.2,115.256,3010,0,0
2022-02-07T08:00:00+00:00,2022-02-07,13:30:00,1644220800,115.256,115.256,114.917,114.948,6428,0,0
2022-02-07T12:00:00+00:00,2022-02-07,17:30:00,1644235200,114.949,115.141,114.914,115.057,6846,0,0
2022-02-07T16:00:00+00:00,2022-02-07,21:30:00,1644249600,115.056,115.179,115.006,115.072,2632,0,0
2022-02-07T20:00:00+00:00,2022-02-08,01:30:00,1644264000,115.07,115.108,115.044,115.057,1164,0,0
2022-02-08T00:00:00+00:00,2022-02-08,05:30:00,1644278400,115.065,115.417,115.062,115.349,3798,0,0
2022-02-08T04:00:00+00:00,2022-02-08,09:30:00,1644292800,115.35,115.546,115.346,115.484,3258,0,0
2022-02-08T08:00:00+00:00,2022-02-08,13:30:00,1644307200,115.482,115.493,115.233,115.313,5253,0,0
2022-02-08T12:00:00+00:00,2022-02-08,17:30:00,1644321600,115.312,115.607,115.302,115.594,6047,0,0
2022-02-08T16:00:00+00:00,2022-02-08,21:30:00,1644336000,115.593,115.628,115.472,115.541,2120,0,0
2022-02-08T20:00:00+00:00,2022-02-09,01:30:00,1644350400,115.539,115.637,115.493,115.583,1499,0,0
2022-02-09T00:00:00+00:00,2022-02-09,05:30:00,1644364800,115.425,115.459,115.323,115.402,1799,0,0
2022-02-09T04:00:00+00:00,2022-02-09,09:30:00,1644379200,115.403,115.54,115.372,115.403,2388,0,0
2022-02-09T08:00:00+00:00,2022-02-09,13:30:00,1644393600,115.404,115.478,115.337,115.437,3992,0,0
2022-02-09T12:00:00+00:00,2022-02-09,17:30:00,1644408000,115.436,115.518,115.379,115.46,5073,0,0
2022-02-09T16:00:00+00:00,2022-02-09,21:30:00,1644422400,115.458,115.508,115.376,115.479,2733,0,0
2022-02-09T20:00:00+00:00,2022-02-10,01:30:00,1644436800,115.481,115.594,115.465,115.594,1268,0,0
2022-02-10T00:00:00+00:00,2022-02-10,05:30:00,1644451200,115.602,115.635,115.484,115.544,2563,0,0
2022-02-10T04:00:00+00:00,2022-02-10,09:30:00,1644465600,115.546,115.706,115.527,115.593,2798,0,0
2022-02-10T08:00:00+00:00,2022-02-10,13:30:00,1644480000,115.595,115.878,115.542,115.818,5881,0,0
2022-02-10T12:00:00+00:00,2022-02-10,17:30:00,1644494400,115.817,116.339,115.746,115.951,16315,0,0
2022-02-10T16:00:00+00:00,2022-02-10,21:30:00,1644508800,115.953,116.11,115.732,115.911,11055,0,0
2022-02-10T20:00:00+00:00,2022-02-11,01:30:00,1644523200,115.909,116.101,115.907,116.044,2559,0,0
2022-02-11T00:00:00+00:00,2022-02-11,05:30:00,1644537600,116.052,116.175,115.958,116.132,2418,0,0
2022-02-11T04:00:00+00:00,2022-02-11,09:30:00,1644552000,116.129,116.169,115.987,116.012,3143,0,0
2022-02-11T08:00:00+00:00,2022-02-11,13:30:00,1644566400,116.014,116.097,115.883,116.002,5622,0,0
2022-02-11T12:00:00+00:00,2022-02-11,17:30:00,1644580800,116.003,116.025,115.772,115.881,9024,0,0
2022-02-11T16:00:00+00:00,2022-02-11,21:30:00,1644595200,115.88,115.991,115.015,115.253,20406,0,0
2022-02-11T20:00:00+00:00,2022-02-12,01:30:00,1644609600,115.252,115.518,115.157,115.448,4783,0,0
2022-02-13T20:00:00+00:00,2022-02-14,01:30:00,1644782400,115.356,115.583,115.341,115.578,1463,8,0
2022-02-14T00:00:00+00:00,2022-02-14,05:30:00,1644796800,115.587,115.596,115.285,115.504,6926,0,0
2022-02-14T04:00:00+00:00,2022-02-14,09:30:00,1644811200,115.506,115.551,115.299,115.409,4532,0,0
2022-02-14T08:00:00+00:00,2022-02-14,13:30:00,1644825600,115.41,115.41,115.012,115.179,10779,0,0
2022-02-14T12:00:00+00:00,2022-02-14,17:30:00,1644840000,115.179,115.647,115.118,115.587,14677,0,0
2022-02-14T16:00:00+00:00,2022-02-14,21:30:00,1644854400,115.586,115.747,115.371,115.661,8718,0,0
2022-02-14T20:00:00+00:00,2022-02-15,01:30:00,1644868800,115.662,115.663,115.502,115.531,2322,0,0
2022-02-15T00:00:00+00:00,2022-02-15,05:30:00,1644883200,115.539,115.556,115.308,115.424,4140,0,0
2022-02-15T04:00:00+00:00,2022-02-15,09:30:00,1644897600,115.425,115.431,115.259,115.348,4006,0,0
2022-02-15T08:00:00+00:00,2022-02-15,13:30:00,1644912000,115.347,115.708,115.324,115.659,10810,0,0
2022-02-15T12:00:00+00:00,2022-02-15,17:30:00,1644926400,115.657,115.877,115.568,115.741,9684,0,0
2022-02-15T16:00:00+00:00,2022-02-15,21:30:00,1644940800,115.743,115.745,115.588,115.632,3037,0,0
2022-02-15T20:00:00+00:00,2022-02-16,01:30:00,1644955200,115.63,115.649,115.565,115.633,1385,0,0
2022-02-16T00:00:00+00:00,2022-02-16,05:30:00,1644969600,115.641,115.742,115.622,115.695,2415,0,0
2022-02-16T04:00:00+00:00,2022-02-16,09:30:00,1644984000,115.698,115.708,115.623,115.641,2117,0,0
2022-02-16T08:00:00+00:00,2022-02-16,13:30:00,1644998400,115.642,115.79,115.606,115.678,5397,0,0
2022-02-16T12:00:00+00:00,2022-02-16,17:30:00,1645012800,115.678,115.783,115.383,115.433,9787,0,0
2022-02-16T16:00:00+00:00,2022-02-16,21:30:00,1645027200,115.434,115.561,115.357,115.4,5560,0,0
2022-02-16T20:00:00+00:00,2022-02-17,01:30:00,1645041600,115.401,115.471,115.326,115.385,2047,0,0
2022-02-17T00:00:00+00:00,2022-02-17,05:30:00,1645056000,115.393,115.537,115.125,115.174,5272,0,0
2022-02-17T04:00:00+00:00,2022-02-17,09:30:00,1645070400,115.173,115.408,115.137,115.297,12514,0,0
2022-02-17T08:00:00+00:00,2022-02-17,13:30:00,1645084800,115.296,115.353,114.951,115.062,11334,0,0
2022-02-17T12:00:00+00:00,2022-02-17,17:30:00,1645099200,115.063,115.139,114.847,114.964,14701,0,0
2022-02-17T16:00:00+00:00,2022-02-17,21:30:00,1645113600,114.965,115.081,114.877,114.878,4427,0,0
2022-02-17T20:00:00+00:00,2022-02-18,01:30:00,1645128000,114.877,114.981,114.784,114.856,2277,0,0
2022-02-18T00:00:00+00:00,2022-02-18,05:30:00,1645142400,114.863,115.279,114.791,115.135,8237,0,0
2022-02-18T04:00:00+00:00,2022-02-18,09:30:00,1645156800,115.135,115.229,115.057,115.122,2679,0,0
2022-02-18T08:00:00+00:00,2022-02-18,13:30:00,1645171200,115.12,115.298,115.108,115.16,5640,0,0
2022-02-18T12:00:00+00:00,2022-02-18,17:30:00,1645185600,115.161,115.176,114.97,115.152,8719,0,0
2022-02-18T16:00:00+00:00,2022-02-18,21:30:00,1645200000,115.153,115.158,114.999,115.081,4381,0,0
2022-02-18T20:00:00+00:00,2022-02-19,01:30:00,1645214400,115.081,115.109,115.008,115.02,1000,0,0
2022-02-20T20:00:00+00:00,2022-02-21,01:30:00,1645387200,115.024,115.038,114.858,114.959,1057,8,0
2022-02-21T00:00:00+00:00,2022-02-21,05:30:00,1645401600,114.966,115.126,114.877,114.951,5367,0,0
2022-02-21T04:00:00+00:00,2022-02-21,09:30:00,1645416000,114.952,115.031,114.923,114.93,1867,0,0
2022-02-21T08:00:00+00:00,2022-02-21,13:30:00,1645430400,114.929,114.966,114.802,114.874,5047,0,0
2022-02-21T12:00:00+00:00,2022-02-21,17:30:00,1645444800,114.872,114.95,114.819,114.843,5852,0,0
2022-02-21T16:00:00+00:00,2022-02-21,21:30:00,1645459200,114.844,114.853,114.749,114.763,1343,0,0
2022-02-21T20:00:00+00:00,2022-02-22,01:30:00,1645473600,114.766,114.802,114.485,114.601,2632,10,0
2022-02-22T00:00:00+00:00,2022-02-22,05:30:00,1645488000,114.61,114.796,114.522,114.612,4832,0,0
2022-02-22T04:00:00+00:00,2022-02-22,09:30:00,1645502400,114.615,114.783,114.613,114.741,5033,0,0
2022-02-22T08:00:00+00:00,2022-02-22,13:30:00,1645516800,114.739,115.096,114.72,115.082,9042,0,0
2022-02-22T12:00:00+00:00,2022-02-22,17:30:00,1645531200,115.081,115.242,115.024,115.053,8240,0,0
2022-02-22T16:00:00+00:00,2022-02-22,21:30:00,1645545600,115.052,115.11,114.876,115.069,5409,0,0
2022-02-22T20:00:00+00:00,2022-02-23,01:30:00,1645560000,115.071,115.11,115.011,115.091,2090,0,0
2022-02-23T00:00:00+00:00,2022-02-23,05:30:00,1645574400,115.099,115.126,114.991,115.025,1049,0,0
2022-02-23T04:00:00+00:00,2022-02-23,09:30:00,1645588800,115.023,115.091,114.994,115.071,2373,0,0
2022-02-23T08:00:00+00:00,2022-02-23,13:30:00,1645603200,115.072,115.168,114.993,115.092,4878,0,0
2022-02-23T12:00:00+00:00,2022-02-23,17:30:00,1645617600,115.093,115.201,114.964,115.034,6147,0,0
2022-02-23T16:00:00+00:00,2022-02-23,21:30:00,1645632000,115.035,115.132,114.926,114.965,3540,0,0
2022-02-23T20:00:00+00:00,2022-02-24,01:30:00,1645646400,114.966,115.026,114.85,114.893,1983,0,0
2022-02-24T00:00:00+00:00,2022-02-24,05:30:00,1645660800,114.9,115.056,114.652,114.698,5301,0,0
2022-02-24T04:00:00+00:00,2022-02-24,09:30:00,1645675200,114.7,114.733,114.409,114.626,20107,0,0
2022-02-24T08:00:00+00:00,2022-02-24,13:30:00,1645689600,114.624,114.824,114.575,114.786,17993,0,0
2022-02-24T12:00:00+00:00,2022-02-24,17:30:00,1645704000,114.785,115.62,114.608,115.603,19154,0,0
2022-02-24T16:00:00+00:00,2022-02-24,21:30:00,1645718400,115.604,115.695,115.267,115.692,10936,0,0
2022-02-24T20:00:00+00:00,2022-02-25,01:30:00,1645732800,115.69,115.694,115.433,115.536,3441,0,0
2022-02-25T00:00:00+00:00,2022-02-25,05:30:00,1645747200,115.551,115.626,115.194,115.244,6578,0,0
2022-02-25T04:00:00+00:00,2022-02-25,09:30:00,1645761600,115.245,115.351,115.149,115.287,6369,0,0
2022-02-25T08:00:00+00:00,2022-02-25,13:30:00,1645776000,115.285,115.5,115.187,115.471,9944,0,0
2022-02-25T12:00:00+00:00,2022-02-25,17:30:00,1645790400,115.473,115.629,115.446,115.573,11658,0,0
2022-02-25T16:00:00+00:00,2022-02-25,21:30:00,1645804800,115.572,115.761,115.522,115.596,3502,0,0
2022-02-25T20:00:00+00:00,2022-02-26,01:30:00,1645819200,115.598,115.606,115.499,115.513,981,0,0
2022-02-27T20:00:00+00:00,2022-02-28,01:30:00,1645992000,115.478,115.722,115.37,115.581,2777,15,0
2022-02-28T00:00:00+00:00,2022-02-28,05:30:00,1646006400,115.589,115.668,115.445,115.524,9174,0,0
2022-02-28T04:00:00+00:00,2022-02-28,09:30:00,1646020800,115.525,115.692,115.486,115.499,6166,0,0
2022-02-28T08:00:00+00:00,2022-02-28,13:30:00,1646035200,115.501,115.641,115.458,115.543,6377,0,0
2022-02-28T12:00:00+00:00,2022-02-28,17:30:00,1646049600,115.544,115.567,115.149,115.165,10735,0,0
2022-02-28T16:00:00+00:00,2022-02-28,21:30:00,1646064000,115.167,115.302,114.863,114.863,7820,0,0
2022-02-28T20:00:00+00:00,2022-03-01,01:30:00,1646078400,114.864,115.075,114.863,115.064,2765,0,0
2022-03-01T00:00:00+00:00,2022-03-01,05:30:00,1646092800,115.087,115.289,114.997,115.15,3841,0,0
2022-03-01T04:00:00+00:00,2022-03-01,09:30:00,1646107200,115.152,115.18,114.993,115.036,3160,0,0
2022-03-01T08:00:00+00:00,2022-03-01,13:30:00,1646121600,115.035,115.065,114.746,114.808,9502,0,0
2022-03-01T12:00:00+00:00,2022-03-01,17:30:00,1646136000,114.809,114.95,114.713,114.803,11480,0,0
2022-03-01T16:00:00+00:00,2022-03-01,21:30:00,1646150400,114.804,114.924,114.7,114.858,6958,0,0
2022-03-01T20:00:00+00:00,2022-03-02,01:30:00,1646164800,114.857,114.915,114.778,114.834,2639,0,0
2022-03-02T00:00:00+00:00,2022-03-02,05:30:00,1646179200,114.842,115.083,114.793,115.042,4722,0,0
2022-03-02T04:00:00+00:00,2022-03-02,09:30:00,1646193600,115.04,115.176,115.016,115.156,4384,0,0
2022-03-02T08:00:00+00:00,2022-03-02,13:30:00,1646208000,115.154,115.291,115.089,115.249,9012,0,0
2022-03-02T12:00:00+00:00,2022-03-02,17:30:00,1646222400,115.251,115.572,115.239,115.565,11446,0,0
2022-03-02T16:00:00+00:00,2022-03-02,21:30:00,1646236800,115.565,115.688,115.527,115.579,5956,0,0
2022-03-02T20:00:00+00:00,2022-03-03,01:30:00,1646251200,115.577,115.591,115.433,115.51,2077,0,0
2022-03-03T00:00:00+00:00,2022-03-03,05:30:00,1646265600,115.518,115.668,115.494,115.628,3807,0,0
2022-03-03T04:00:00+00:00,2022-03-03,09:30:00,1646280000,115.629,115.738,115.627,115.725,2460,0,0
2022-03-03T08:00:00+00:00,2022-03-03,13:30:00,1646294400,115.727,115.806,115.655,115.765,5009,0,0
2022-03-03T12:00:00+00:00,2022-03-03,17:30:00,1646308800,115.763,115.763,115.513,115.639,9022,0,0
2022-03-03T16:00:00+00:00,2022-03-03,21:30:00,1646323200,115.64,115.682,115.421,115.424,5332,0,0
2022-03-03T20:00:00+00:00,2022-03-04,01:30:00,1646337600,115.423,115.489,115.385,115.475,1506,0,0
2022-03-04T00:00:00+00:00,2022-03-04,05:30:00,1646352000,115.482,115.557,115.256,115.357,12187,0,0
2022-03-04T04:00:00+00:00,2022-03-04,09:30:00,1646366400,115.357,115.534,115.347,115.452,4437,0,0
2022-03-04T08:00:00+00:00,2022-03-04,13:30:00,1646380800,115.452,115.474,115.309,115.38,6114,0,0
2022-03-04T12:00:00+00:00,2022-03-04,17:30:00,1646395200,115.379,115.482,114.798,114.824,11782,0,0
2022-03-04T16:00:00+00:00,2022-03-04,21:30:00,1646409600,114.825,114.894,114.651,114.75,6642,0,0
2022-03-04T20:00:00+00:00,2022-03-05,01:30:00,1646424000,114.752,114.887,114.752,114.829,1838,0,0
2022-03-06T20:00:00+00:00,2022-03-07,01:30:00,1646596800,114.908,114.949,114.811,114.946,1934,15,0
2022-03-07T00:00:00+00:00,2022-03-07,05:30:00,1646611200,114.954,115.062,114.834,114.891,7025,0,0
2022-03-07T04:00:00+00:00,2022-03-07,09:30:00,1646625600,114.892,115.127,114.863,115.01,4553,0,0
2022-03-07T08:00:00+00:00,2022-03-07,13:30:00,1646640000,115.012,115.14,114.909,115.083,7845,0,0
2022-03-07T12:00:00+00:00,2022-03-07,17:30:00,1646654400,115.084,115.432,115.084,115.386,10517,0,0
2022-03-07T16:00:00+00:00,2022-03-07,21:30:00,1646668800,115.387,115.472,115.259,115.301,6711,0,0
2022-03-07T20:00:00+00:00,2022-03-08,01:30:00,1646683200,115.302,115.368,115.227,115.353,2869,0,0
2022-03-08T00:00:00+00:00,2022-03-08,05:30:00,1646697600,115.368,115.517,115.325,115.449,4902,0,0
2022-03-08T04:00:00+00:00,2022-03-08,09:30:00,1646712000,115.449,115.536,115.364,115.446,4885,0,0
2022-03-08T08:00:00+00:00,2022-03-08,13:30:00,1646726400,115.448,115.704,115.382,115.635,7546,0,0
2022-03-08T12:00:00+00:00,2022-03-08,17:30:00,1646740800,115.634,115.791,115.421,115.588,8784,0,0
2022-03-08T16:00:00+00:00,2022-03-08,21:30:00,1646755200,115.588,115.75,115.574,115.741,7428,0,0
2022-03-08T20:00:00+00:00,2022-03-09,01:30:00,1646769600,115.743,115.743,115.609,115.718,1840,0,0
2022-03-09T00:00:00+00:00,2022-03-09,05:30:00,1646784000,115.726,115.923,115.726,115.837,4127,0,0
2022-03-09T04:00:00+00:00,2022-03-09,09:30:00,1646798400,115.837,115.881,115.708,115.879,3084,0,0
2022-03-09T08:00:00+00:00,2022-03-09,13:30:00,1646812800,115.882,115.943,115.739,115.916,5469,0,0
2022-03-09T12:00:00+00:00,2022-03-09,17:30:00,1646827200,115.917,115.935,115.557,115.811,8966,0,0
2022-03-09T16:00:00+00:00,2022-03-09,21:30:00,1646841600,115.812,115.899,115.696,115.848,4793,0,0
2022-03-09T20:00:00+00:00,2022-03-10,01:30:00,1646856000,115.85,115.939,115.79,115.902,1788,0,0
2022-03-10T00:00:00+00:00,2022-03-10,05:30:00,1646870400,115.91,116.196,115.884,116.169,3488,0,0
2022-03-10T04:00:00+00:00,2022-03-10,09:30:00,1646884800,116.17,116.17,115.92,115.923,2749,0,0
2022-03-10T08:00:00+00:00,2022-03-10,13:30:00,1646899200,115.924,116.036,115.816,115.943,7180,0,0
2022-03-10T12:00:00+00:00,2022-03-10,17:30:00,1646913600,115.942,116.193,115.849,115.975,11259,0,0
2022-03-10T16:00:00+00:00,2022-03-10,21:30:00,1646928000,115.976,116.15,115.949,116.104,3451,0,0
2022-03-10T20:00:00+00:00,2022-03-11,01:30:00,1646942400,116.103,116.203,116.048,116.173,1488,0,0
2022-03-11T00:00:00+00:00,2022-03-11,05:30:00,1646956800,116.182,116.48,116.145,116.452,4414,0,0
2022-03-11T04:00:00+00:00,2022-03-11,09:30:00,1646971200,116.454,116.799,116.429,116.72,5680,0,0
2022-03-11T08:00:00+00:00,2022-03-11,13:30:00,1646985600,116.719,117.061,116.703,116.893,8225,0,0
2022-03-11T12:00:00+00:00,2022-03-11,17:30:00,1647000000,116.891,117.0,116.823,116.994,7643,0,0
2022-03-11T16:00:00+00:00,2022-03-11,21:30:00,1647014400,116.993,117.357,116.978,117.354,4015,0,0
2022-03-11T20:00:00+00:00,2022-03-12,01:30:00,1647028800,117.353,117.353,117.229,117.28,1153,0,0
2022-03-13T20:00:00+00:00,2022-03-14,01:30:00,1647201600,117.344,117.602,117.297,117.535,1577,0,0
2022-03-14T00:00:00+00:00,2022-03-14,05:30:00,1647216000,117.534,117.879,117.459,117.822,6065,0,0
2022-03-14T04:00:00+00:00,2022-03-14,09:30:00,1647230400,117.82,117.839,117.624,117.725,3904,0,0
2022-03-14T08:00:00+00:00,2022-03-14,13:30:00,1647244800,117.723,118.062,117.701,117.956,7176,0,0
2022-03-14T12:00:00+00:00,2022-03-14,17:30:00,1647259200,117.957,118.026,117.832,117.998,6331,0,0
2022-03-14T16:00:00+00:00,2022-03-14,21:30:00,1647273600,117.999,118.192,117.905,118.188,2792,0,0
2022-03-14T20:00:00+00:00,2022-03-15,01:30:00,1647288000,118.172,118.297,118.111,118.218,1825,0,0
2022-03-15T00:00:00+00:00,2022-03-15,05:30:00,1647302400,118.219,118.45,118.111,118.336,6616,0,0
2022-03-15T04:00:00+00:00,2022-03-15,09:30:00,1647316800,118.335,118.393,117.847,117.978,7600,0,0
2022-03-15T08:00:00+00:00,2022-03-15,13:30:00,1647331200,117.98,118.1,117.699,117.9,7569,0,0
2022-03-15T12:00:00+00:00,2022-03-15,17:30:00,1647345600,117.898,118.256,117.791,118.199,9253,0,0
2022-03-15T16:00:00+00:00,2022-03-15,21:30:00,1647360000,118.198,118.398,118.189,118.296,3583,0,0
2022-03-15T20:00:00+00:00,2022-03-16,01:30:00,1647374400,118.269,118.344,118.251,118.313,890,0,0
2022-03-16T00:00:00+00:00,2022-03-16,05:30:00,1647388800,118.314,118.429,118.199,118.231,3789,0,0
2022-03-16T04:00:00+00:00,2022-03-16,09:30:00,1647403200,118.233,118.38,118.176,118.369,3429,0,0
2022-03-16T08:00:00+00:00,2022-03-16,13:30:00,1647417600,118.368,118.373,118.193,118.243,4655,0,0
2022-03-16T12:00:00+00:00,2022-03-16,17:30:00,1647432000,118.242,118.524,118.213,118.496,8497,0,0
2022-03-16T16:00:00+00:00,2022-03-16,21:30:00,1647446400,118.495,119.121,118.441,118.61,16262,0,0
2022-03-16T20:00:00+00:00,2022-03-17,01:30:00,1647460800,118.594,118.988,118.558,118.871,2440,0,0
2022-03-17T00:00:00+00:00,2022-03-17,05:30:00,1647475200,118.871,119.025,118.598,118.706,8245,0,0
2022-03-17T04:00:00+00:00,2022-03-17,09:30:00,1647489600,118.705,118.855,118.666,118.67,4864,0,0
2022-03-17T08:00:00+00:00,2022-03-17,13:30:00,1647504000,118.672,118.767,118.493,118.631,5821,0,0
2022-03-17T12:00:00+00:00,2022-03-17,17:30:00,1647518400,118.63,118.843,118.398,118.438,9342,0,0
2022-03-17T16:00:00+00:00,2022-03-17,21:30:00,1647532800,118.44,118.664,118.369,118.644,3679,0,0
2022-03-17T20:00:00+00:00,2022-03-18,01:30:00,1647547200,118.618,118.66,118.474,118.488,1795,0,0
2022-03-18T00:00:00+00:00,2022-03-18,05:30:00,1647561600,118.488,118.802,118.473,118.779,4300,0,0
2022-03-18T04:00:00+00:00,2022-03-18,09:30:00,1647576000,118.777,119.006,118.716,118.867,3464,0,0
2022-03-18T08:00:00+00:00,2022-03-18,13:30:00,1647590400,118.866,119.127,118.783,119.042,4268,0,0
2022-03-18T12:00:00+00:00,2022-03-18,17:30:00,1647604800,119.041,119.399,119.029,119.188,9263,0,0
2022-03-18T16:00:00+00:00,2022-03-18,21:30:00,1647619200,119.187,119.203,119.084,119.132,2684,0,0
2022-03-18T20:00:00+00:00,2022-03-19,01:30:00,1647633600,119.106,119.155,119.095,119.143,208,15,0
2022-03-20T20:00:00+00:00,2022-03-21,01:30:00,1647806400,119.102,119.3,119.092,119.267,1277,0,0
2022-03-21T00:00:00+00:00,2022-03-21,05:30:00,1647820800,119.266,119.286,119.137,119.197,1978,0,0
2022-03-21T04:00:00+00:00,2022-03-21,09:30:00,1647835200,119.195,119.294,119.18,119.21,1929,0,0
2022-03-21T08:00:00+00:00,2022-03-21,13:30:00,1647849600,119.21,119.28,119.105,119.173,3926,0,0
2022-03-21T12:00:00+00:00,2022-03-21,17:30:00,1647864000,119.174,119.276,119.114,119.163,5076,0,0
2022-03-21T16:00:00+00:00,2022-03-21,21:30:00,1647878400,119.163,119.488,119.117,119.485,5179,0,0
2022-03-21T20:00:00+00:00,2022-03-22,01:30:00,1647892800,119.476,119.628,119.425,119.593,1177,0,0
2022-03-22T00:00:00+00:00,2022-03-22,05:30:00,1647907200,119.594,120.079,119.586,119.908,8549,0,0
2022-03-22T04:00:00+00:00,2022-03-22,09:30:00,1647921600,119.909,120.493,119.909,120.469,9050,0,0
2022-03-22T08:00:00+00:00,2022-03-22,13:30:00,1647936000,120.471,121.033,120.325,120.78,12851,0,0
2022-03-22T12:00:00+00:00,2022-03-22,17:30:00,1647950400,120.781,120.908,120.382,120.668,13759,0,0
2022-03-22T16:00:00+00:00,2022-03-22,21:30:00,1647964800,120.667,120.824,120.525,120.766,4296,0,0
2022-03-22T20:00:00+00:00,2022-03-23,01:30:00,1647979200,120.758,121.415,120.748,121.341,3619,0,0
2022-03-23T00:00:00+00:00,2022-03-23,05:30:00,1647993600,121.339,121.343,120.793,121.081,11932,0,0
2022-03-23T04:00:00+00:00,2022-03-23,09:30:00,1648008000,121.083,121.166,120.985,121.059,4913,0,0
2022-03-23T08:00:00+00:00,2022-03-23,13:30:00,1648022400,121.058,121.089,120.79,120.793,8832,0,0
2022-03-23T12:00:00+00:00,2022-03-23,17:30:00,1648036800,120.795,121.142,120.593,121.033,12861,0,0
2022-03-23T16:00:00+00:00,2022-03-23,21:30:00,1648051200,121.033,121.161,120.988,121.12,3506,0,0
2022-03-23T20:00:00+00:00,2022-03-24,01:30:00,1648065600,121.122,121.177,121.023,121.123,1727,0,0
2022-03-24T00:00:00+00:00,2022-03-24,05:30:00,1648080000,121.123,121.304,120.954,121.222,7210,0,0
2022-03-24T04:00:00+00:00,2022-03-24,09:30:00,1648094400,121.223,121.748,121.187,121.632,8551,0,0
2022-03-24T08:00:00+00:00,2022-03-24,13:30:00,1648108800,121.633,121.732,121.47,121.58,8586,0,0
2022-03-24T12:00:00+00:00,2022-03-24,17:30:00,1648123200,121.579,122.126,121.567,122.052,11188,0,0
2022-03-24T16:00:00+00:00,2022-03-24,21:30:00,1648137600,122.053,122.406,122.039,122.317,6592,0,0
2022-03-24T20:00:00+00:00,2022-03-25,01:30:00,1648152000,122.308,122.436,122.286,122.353,2445,0,0
2022-03-25T00:00:00+00:00,2022-03-25,05:30:00,1648166400,122.352,122.36,121.504,121.602,17847,0,0
2022-03-25T04:00:00+00:00,2022-03-25,09:30:00,1648180800,121.6,121.954,121.181,121.743,12597,0,0
2022-03-25T08:00:00+00:00,2022-03-25,13:30:00,1648195200,121.741,121.808,121.42,121.664,10096,0,0
2022-03-25T12:00:00+00:00,2022-03-25,17:30:00,1648209600,121.665,122.239,121.632,121.994,17354,0,0
2022-03-25T16:00:00+00:00,2022-03-25,21:30:00,1648224000,121.995,122.191,121.956,122.148,6569,0,0
2022-03-25T20:00:00+00:00,2022-03-26,01:30:00,1648238400,122.12,122.199,122.059,122.086,382,15,0
2022-03-27T20:00:00+00:00,2022-03-28,01:30:00,1648411200,122.051,122.366,121.998,122.272,2254,0,0
2022-03-28T00:00:00+00:00,2022-03-28,05:30:00,1648425600,122.272,123.166,122.143,123.08,21018,0,0
2022-03-28T04:00:00+00:00,2022-03-28,09:30:00,1648440000,123.081,124.017,122.967,123.925,15633,0,0
2022-03-28T08:00:00+00:00,2022-03-28,13:30:00,1648454400,123.926,125.105,123.671,124.054,46553,0,0
2022-03-28T12:00:00+00:00,2022-03-28,17:30:00,1648468800,124.053,124.127,123.251,123.277,39079,0,0
2022-03-28T16:00:00+00:00,2022-03-28,21:30:00,1648483200,123.279,123.897,123.147,123.835,9372,0,0
2022-03-28T20:00:00+00:00,2022-03-29,01:30:00,1648497600,123.828,124.179,123.544,123.606,5587,0,0
2022-03-29T00:00:00+00:00,2022-03-29,05:30:00,1648512000,123.605,124.305,123.108,123.182,33261,0,0
2022-03-29T04:00:00+00:00,2022-03-29,09:30:00,1648526400,123.18,123.777,123.154,123.574,19099,0,0
2022-03-29T08:00:00+00:00,2022-03-29,13:30:00,1648540800,123.572,123.81,123.403,123.583,16951,0,0
2022-03-29T12:00:00+00:00,2022-03-29,17:30:00,1648555200,123.582,123.585,121.98,122.592,45782,0,0
2022-03-29T16:00:00+00:00,2022-03-29,21:30:00,1648569600,122.594,122.953,122.554,122.878,7383,0,0
2022-03-29T20:00:00+00:00,2022-03-30,01:30:00,1648584000,122.876,123.205,122.824,123.127,3728,0,0
2022-03-30T00:00:00+00:00,2022-03-30,05:30:00,1648598400,123.127,123.127,121.313,121.663,44399,0,0
2022-03-30T04:00:00+00:00,2022-03-30,09:30:00,1648612800,121.665,122.083,121.538,121.882,23143,0,0
2022-03-30T08:00:00+00:00,2022-03-30,13:30:00,1648627200,121.881,122.043,121.525,121.729,15853,0,0
2022-03-30T12:00:00+00:00,2022-03-30,17:30:00,1648641600,121.731,122.244,121.646,121.954,21512,0,0
2022-03-30T16:00:00+00:00,2022-03-30,21:30:00,1648656000,121.954,121.98,121.74,121.823,4650,0,0
2022-03-30T20:00:00+00:00,2022-03-31,01:30:00,1648670400,121.808,122.166,121.776,122.022,3369,0,0
2022-03-31T00:00:00+00:00,2022-03-31,05:30:00,1648684800,122.023,122.456,121.906,122.334,28060,0,0
2022-03-31T04:00:00+00:00,2022-03-31,09:30:00,1648699200,122.335,122.357,121.342,121.642,20160,0,0
2022-03-31T08:00:00+00:00,2022-03-31,13:30:00,1648713600,121.641,122.23,121.594,121.629,18415,0,0
2022-03-31T12:00:00+00:00,2022-03-31,17:30:00,1648728000,121.628,121.854,121.283,121.423,23639,0,0
2022-03-31T16:00:00+00:00,2022-03-31,21:30:00,1648742400,121.425,121.769,121.424,121.722,7028,0,0
2022-03-31T20:00:00+00:00,2022-04-01,01:30:00,1648756800,121.711,121.909,121.66,121.748,2579,0,0
2022-04-01T00:00:00+00:00,2022-04-01,05:30:00,1648771200,121.747,122.736,121.747,122.629,16386,0,0
2022-04-01T04:00:00+00:00,2022-04-01,09:30:00,1648785600,122.63,122.655,122.245,122.633,15132,0,0
2022-04-01T08:00:00+00:00,2022-04-01,13:30:00,1648800000,122.632,122.765,122.336,122.455,11148,0,0
2022-04-01T12:00:00+00:00,2022-04-01,17:30:00,1648814400,122.457,123.037,122.445,122.6,19460,0,0
2022-04-01T16:00:00+00:00,2022-04-01,21:30:00,1648828800,122.6,122.655,122.462,122.54,5075,0,0
2022-04-01T20:00:00+00:00,2022-04-02,01:30:00,1648843200,122.533,122.562,122.446,122.545,365,15,0
2022-04-03T20:00:00+00:00,2022-04-04,01:30:00,1649016000,122.588,122.72,122.517,122.636,2595,0,0
2022-04-04T00:00:00+00:00,2022-04-04,05:30:00,1649030400,122.637,122.777,122.266,122.733,10246,0,0
2022-04-04T04:00:00+00:00,2022-04-04,09:30:00,1649044800,122.735,122.801,122.502,122.651,8608,0,0
2022-04-04T08:00:00+00:00,2022-04-04,13:30:00,1649059200,122.65,122.835,122.512,122.785,7534,0,0
2022-04-04T12:00:00+00:00,2022-04-04,17:30:00,1649073600,122.784,122.959,122.603,122.723,12980,0,0
2022-04-04T16:00:00+00:00,2022-04-04,21:30:00,1649088000,122.724,122.837,122.679,122.766,4317,0,0
2022-04-04T20:00:00+00:00,2022-04-05,01:30:00,1649102400,122.758,122.814,122.704,122.802,1612,0,0
2022-04-05T00:00:00+00:00,2022-04-05,05:30:00,1649116800,122.8,122.861,122.374,122.52,11593,0,0
2022-04-05T04:00:00+00:00,2022-04-05,09:30:00,1649131200,122.522,122.998,122.432,122.908,9176,0,0
2022-04-05T08:00:00+00:00,2022-04-05,13:30:00,1649145600,122.907,122.987,122.697,122.927,8546,0,0
2022-04-05T12:00:00+00:00,2022-04-05,17:30:00,1649160000,122.926,123.494,122.752,123.491,17880,0,0
2022-04-05T16:00:00+00:00,2022-04-05,21:30:00,1649174400,123.492,123.672,123.484,123.609,5087,0,0
2022-04-05T20:00:00+00:00,2022-04-06,01:30:00,1649188800,123.61,123.714,123.516,123.658,2626,0,0
2022-04-06T00:00:00+00:00,2022-04-06,05:30:00,1649203200,123.659,124.052,123.578,123.755,13780,0,0
2022-04-06T04:00:00+00:00,2022-04-06,09:30:00,1649217600,123.755,124.026,123.743,123.884,10120,0,0
2022-04-06T08:00:00+00:00,2022-04-06,13:30:00,1649232000,123.885,123.998,123.616,123.872,10162,0,0
2022-04-06T12:00:00+00:00,2022-04-06,17:30:00,1649246400,123.874,123.946,123.687,123.72,13513,0,0
2022-04-06T16:00:00+00:00,2022-04-06,21:30:00,1649260800,123.722,123.933,123.462,123.787,13983,0,0
2022-04-06T20:00:00+00:00,2022-04-07,01:30:00,1649275200,123.78,123.925,123.697,123.727,1953,0,0
2022-04-07T00:00:00+00:00,2022-04-07,05:30:00,1649289600,123.725,123.749,123.472,123.706,9012,0,0
2022-04-07T04:00:00+00:00,2022-04-07,09:30:00,1649304000,123.707,123.847,123.593,123.765,6998,0,0
2022-04-07T08:00:00+00:00,2022-04-07,13:30:00,1649318400,123.766,123.956,123.612,123.942,8579,0,0
2022-04-07T12:00:00+00:00,2022-04-07,17:30:00,1649332800,123.941,124.001,123.755,123.805,11658,0,0
2022-04-07T16:00:00+00:00,2022-04-07,21:30:00,1649347200,123.804,124.003,123.802,123.948,3554,0,0
2022-04-07T20:00:00+00:00,2022-04-08,01:30:00,1649361600,123.932,124.211,123.912,124.099,2199,0,0
2022-04-08T00:00:00+00:00,2022-04-08,05:30:00,1649376000,124.099,124.156,123.669,123.949,11129,0,0
2022-04-08T04:00:00+00:00,2022-04-08,09:30:00,1649390400,123.947,124.148,123.911,124.047,6309,0,0
2022-04-08T08:00:00+00:00,2022-04-08,13:30:00,1649404800,124.045,124.194,124.034,124.174,5550,0,0
2022-04-08T12:00:00+00:00,2022-04-08,17:30:00,1649419200,124.172,124.678,124.159,124.312,14479,0,0
2022-04-08T16:00:00+00:00,2022-04-08,21:30:00,1649433600,124.314,124.432,124.277,124.351,3109,0,0
2022-04-08T20:00:00+00:00,2022-04-09,01:30:00,1649448000,124.35,124.35,124.268,124.277,241,0,0
2022-04-10T20:00:00+00:00,2022-04-11,01:30:00,1649620800,124.054,124.431,124.054,124.401,1844,0,0
2022-04-11T00:00:00+00:00,2022-04-11,05:30:00,1649635200,124.4,124.999,124.286,124.867,12552,0,0
2022-04-11T04:00:00+00:00,2022-04-11,09:30:00,1649649600,124.87,125.439,124.837,125.246,15030,0,0
2022-04-11T08:00:00+00:00,2022-04-11,13:30:00,1649664000,125.247,125.703,125.162,125.703,11195,0,0
2022-04-11T12:00:00+00:00,2022-04-11,17:30:00,1649678400,125.702,125.771,125.409,125.551,14145,0,0
2022-04-11T16:00:00+00:00,2022-04-11,21:30:00,1649692800,125.55,125.609,125.398,125.405,3240,0,0
2022-04-11T20:00:00+00:00,2022-04-12,01:30:00,1649707200,125.387,125.555,125.333,125.485,2481,0,0
2022-04-12T00:00:00+00:00,2022-04-12,05:30:00,1649721600,125.483,125.565,125.108,125.424,12025,0,0
2022-04-12T04:00:00+00:00,2022-04-12,09:30:00,1649736000,125.421,125.759,125.2,125.517,11662,0,0
2022-04-12T08:00:00+00:00,2022-04-12,13:30:00,1649750400,125.519,125.728,125.479,125.479,6933,0,0
2022-04-12T12:00:00+00:00,2022-04-12,17:30:00,1649764800,125.478,125.607,124.767,125.241,26524,0,0
2022-04-12T16:00:00+00:00,2022-04-12,21:30:00,1649779200,125.241,125.344,125.055,125.336,7338,0,0
2022-04-12T20:00:00+00:00,2022-04-13,01:30:00,1649793600,125.32,125.497,125.293,125.428,1683,0,0
2022-04-13T00:00:00+00:00,2022-04-13,05:30:00,1649808000,125.429,125.652,125.351,125.509,7841,0,0
2022-04-13T04:00:00+00:00,2022-04-13,09:30:00,1649822400,125.511,126.317,125.49,126.039,18471,0,0
2022-04-13T08:00:00+00:00,2022-04-13,13:30:00,1649836800,126.043,126.213,125.62,125.832,13213,0,0
2022-04-13T12:00:00+00:00,2022-04-13,17:30:00,1649851200,125.833,125.999,125.489,125.534,16901,0,0
2022-04-13T16:00:00+00:00,2022-04-13,21:30:00,1649865600,125.536,125.71,125.373,125.68,7114,0,0
2022-04-13T20:00:00+00:00,2022-04-14,01:30:00,1649880000,125.674,125.692,125.359,125.367,3033,0,0
2022-04-14T00:00:00+00:00,2022-04-14,05:30:00,1649894400,125.368,125.593,125.102,125.225,11813,0,0
2022-04-14T04:00:00+00:00,2022-04-14,09:30:00,1649908800,125.224,125.468,125.085,125.336,9253,0,0
2022-04-14T08:00:00+00:00,2022-04-14,13:30:00,1649923200,125.335,125.447,125.199,125.35,7984,0,0
2022-04-14T12:00:00+00:00,2022-04-14,17:30:00,1649937600,125.349,126.015,125.276,125.926,21670,0,0
2022-04-14T16:00:00+00:00,2022-04-14,21:30:00,1649952000,125.926,125.991,125.83,125.946,3862,0,0
2022-04-14T20:00:00+00:00,2022-04-15,01:30:00,1649966400,125.938,126.205,125.844,126.171,2107,10,0
2022-04-15T00:00:00+00:00,2022-04-15,05:30:00,1649980800,126.17,126.536,126.055,126.364,3607,11,0
2022-04-15T04:00:00+00:00,2022-04-15,09:30:00,1649995200,126.366,126.672,126.321,126.454,3685,16,0
2022-04-15T08:00:00+00:00,2022-04-15,13:30:00,1650009600,126.453,126.492,126.405,126.465,2278,27,0
2022-04-15T12:00:00+00:00,2022-04-15,17:30:00,1650024000,126.462,126.518,126.29,126.308,2173,27,0
2022-04-15T16:00:00+00:00,2022-04-15,21:30:00,1650038400,126.309,126.399,126.308,126.36,3199,39,0
2022-04-15T20:00:00+00:00,2022-04-16,01:30:00,1650052800,126.32,126.445,126.314,126.372,538,120,0
2022-04-17T20:00:00+00:00,2022-04-18,01:30:00,1650225600,126.4,126.706,126.33,126.614,2909,0,0
2022-04-18T00:00:00+00:00,2022-04-18,05:30:00,1650240000,126.616,126.79,126.24,126.671,12694,0,0
2022-04-18T04:00:00+00:00,2022-04-18,09:30:00,1650254400,126.673,126.686,126.45,126.639,4895,0,0
2022-04-18T08:00:00+00:00,2022-04-18,13:30:00,1650268800,126.642,126.691,126.538,126.548,3595,0,0
2022-04-18T12:00:00+00:00,2022-04-18,17:30:00,1650283200,126.55,126.813,126.438,126.777,9079,0,0
2022-04-18T16:00:00+00:00,2022-04-18,21:30:00,1650297600,126.778,126.984,126.762,126.944,4141,0,0
2022-04-18T20:00:00+00:00,2022-04-19,01:30:00,1650312000,126.931,127.224,126.925,127.146,2288,0,0
2022-04-19T00:00:00+00:00,2022-04-19,05:30:00,1650326400,127.149,127.973,126.99,127.922,15589,0,0
2022-04-19T04:00:00+00:00,2022-04-19,09:30:00,1650340800,127.921,128.325,127.784,128.067,21855,0,0
2022-04-19T08:00:00+00:00,2022-04-19,13:30:00,1650355200,128.066,128.461,128.047,128.2,13444,0,0
2022-04-19T12:00:00+00:00,2022-04-19,17:30:00,1650369600,128.201,128.916,128.072,128.549,22205,0,0
2022-04-19T16:00:00+00:00,2022-04-19,21:30:00,1650384000,128.548,128.976,128.548,128.863,6555,0,0
2022-04-19T20:00:00+00:00,2022-04-20,01:30:00,1650398400,128.839,129.389,128.834,129.332,5601,0,0
2022-04-20T00:00:00+00:00,2022-04-20,05:30:00,1650412800,129.331,129.405,128.063,128.354,41046,0,0
2022-04-20T04:00:00+00:00,2022-04-20,09:30:00,1650427200,128.354,128.746,128.354,128.672,19961,0,0
2022-04-20T08:00:00+00:00,2022-04-20,13:30:00,1650441600,128.671,128.708,127.605,127.881,20827,0,0
2022-04-20T12:00:00+00:00,2022-04-20,17:30:00,1650456000,127.879,128.28,127.456,127.768,23386,0,0
2022-04-20T16:00:00+00:00,2022-04-20,21:30:00,1650470400,127.767,127.917,127.661,127.716,7650,0,0
2022-04-20T20:00:00+00:00,2022-04-21,01:30:00,1650484800,127.719,128.213,127.708,127.984,3993,0,0
2022-04-21T00:00:00+00:00,2022-04-21,05:30:00,1650499200,127.984,128.637,127.965,128.309,17327,0,0
2022-04-21T04:00:00+00:00,2022-04-21,09:30:00,1650513600,128.307,128.441,127.867,128.022,15853,0,0
2022-04-21T08:00:00+00:00,2022-04-21,13:30:00,1650528000,128.021,128.274,127.807,128.234,10988,0,0
2022-04-21T12:00:00+00:00,2022-04-21,17:30:00,1650542400,128.234,128.705,128.039,128.598,18059,0,0
2022-04-21T16:00:00+00:00,2022-04-21,21:30:00,1650556800,128.599,128.691,128.068,128.286,12094,0,0
2022-04-21T20:00:00+00:00,2022-04-22,01:30:00,1650571200,128.284,128.476,128.22,128.439,3296,0,0
2022-04-22T00:00:00+00:00,2022-04-22,05:30:00,1650585600,128.44,128.69,128.321,128.462,14580,0,0
2022-04-22T04:00:00+00:00,2022-04-22,09:30:00,1650600000,128.463,128.524,127.738,128.068,22241,0,0
2022-04-22T08:00:00+00:00,2022-04-22,13:30:00,1650614400,128.067,128.529,128.064,128.269,10817,0,0
2022-04-22T12:00:00+00:00,2022-04-22,17:30:00,1650628800,128.27,129.106,128.132,128.789,27318,0,0
2022-04-22T16:00:00+00:00,2022-04-22,21:30:00,1650643200,128.791,128.937,128.434,128.537,9721,0,0
2022-04-22T20:00:00+00:00,2022-04-23,01:30:00,1650657600,128.538,128.56,128.448,128.528,472,0,0
2022-04-24T20:00:00+00:00,2022-04-25,01:30:00,1650830400,128.554,128.843,128.447,128.611,3041,0,0
2022-04-25T00:00:00+00:00,2022-04-25,05:30:00,1650844800,128.61,128.864,128.241,128.365,16067,0,0
2022-04-25T04:00:00+00:00,2022-04-25,09:30:00,1650859200,128.368,128.596,127.972,128.199,16977,0,0
2022-04-25T08:00:00+00:00,2022-04-25,13:30:00,1650873600,128.196,128.498,127.879,128.169,16453,0,0
2022-04-25T12:00:00+00:00,2022-04-25,17:30:00,1650888000,128.17,128.282,127.523,127.671,29253,0,0
2022-04-25T16:00:00+00:00,2022-04-25,21:30:00,1650902400,127.67,128.101,127.559,128.019,9419,0,0
2022-04-25T20:00:00+00:00,2022-04-26,01:30:00,1650916800,128.011,128.209,127.741,127.775,3798,0,0
2022-04-26T00:00:00+00:00,2022-04-26,05:30:00,1650931200,127.776,128.089,127.348,128.025,25586,0,0
2022-04-26T04:00:00+00:00,2022-04-26,09:30:00,1650945600,128.027,128.202,127.715,127.893,17194,0,0
2022-04-26T08:00:00+00:00,2022-04-26,13:30:00,1650960000,127.892,128.052,127.488,127.546,12651,0,0
2022-04-26T12:00:00+00:00,2022-04-26,17:30:00,1650974400,127.547,127.607,127.026,127.372,23204,0,0
2022-04-26T16:00:00+00:00,2022-04-26,21:30:00,1650988800,127.373,127.684,127.353,127.427,7233,0,0
2022-04-26T20:00:00+00:00,2022-04-27,01:30:00,1651003200,127.403,127.447,126.935,127.267,4333,0,0
2022-04-27T00:00:00+00:00,2022-04-27,05:30:00,1651017600,127.265,127.829,127.248,127.72,14692,0,0
2022-04-27T04:00:00+00:00,2022-04-27,09:30:00,1651032000,127.722,128.104,127.485,127.991,15545,0,0
2022-04-27T08:00:00+00:00,2022-04-27,13:30:00,1651046400,127.991,128.197,127.789,128.061,12350,0,0
2022-04-27T12:00:00+00:00,2022-04-27,17:30:00,1651060800,128.06,128.593,127.91,128.45,19923,0,0
2022-04-27T16:00:00+00:00,2022-04-27,21:30:00,1651075200,128.452,128.455,128.203,128.31,6729,0,0
2022-04-27T20:00:00+00:00,2022-04-28,01:30:00,1651089600,128.311,128.553,128.298,128.445,3173,0,0
2022-04-28T00:00:00+00:00,2022-04-28,05:30:00,1651104000,128.444,129.872,128.355,129.705,29079,0,0
2022-04-28T04:00:00+00:00,2022-04-28,09:30:00,1651118400,129.706,130.706,129.554,130.594,38586,0,0
2022-04-28T08:00:00+00:00,2022-04-28,13:30:00,1651132800,130.596,131.013,130.18,130.921,34379,0,0
2022-04-28T12:00:00+00:00,2022-04-28,17:30:00,1651147200,130.92,131.255,130.282,130.939,34408,0,0
2022-04-28T16:00:00+00:00,2022-04-28,21:30:00,1651161600,130.937,131.133,130.813,130.886,9658,0,0
2022-04-28T20:00:00+00:00,2022-04-29,01:30:00,1651176000,130.872,130.939,130.766,130.787,2597,0,0
2022-04-29T00:00:00+00:00,2022-04-29,05:30:00,1651190400,130.789,130.824,130.37,130.644,10317,0,0
2022-04-29T04:00:00+00:00,2022-04-29,09:30:00,1651204800,130.643,130.668,129.984,130.014,15955,0,0
2022-04-29T08:00:00+00:00,2022-04-29,13:30:00,1651219200,130.016,130.497,129.771,130.01,23921,0,0
2022-04-29T12:00:00+00:00,2022-04-29,17:30:00,1651233600,130.008,130.383,129.364,129.816,36625,0,0
2022-04-29T16:00:00+00:00,2022-04-29,21:30:00,1651248000,129.818,129.874,129.318,129.763,12889,0,0
2022-04-29T20:00:00+00:00,2022-04-30,01:30:00,1651262400,129.755,129.907,129.75,129.811,662,15,0
2022-05-01T20:00:00+00:00,2022-05-02,01:30:00,1651435200,129.757,130.284,129.74,130.004,4921,0,0
2022-05-02T00:00:00+00:00,2022-05-02,05:30:00,1651449600,130.003,130.372,129.615,130.286,17195,0,0
2022-05-02T04:00:00+00:00,2022-05-02,09:30:00,1651464000,130.285,130.479,130.074,130.114,10870,0,0
2022-05-02T08:00:00+00:00,2022-05-02,13:30:00,1651478400,130.112,130.168,129.826,129.896,12029,0,0
2022-05-02T12:00:00+00:00,2022-05-02,17:30:00,1651492800,129.897,130.352,129.7,130.202,17552,0,0
2022-05-02T16:00:00+00:00,2022-05-02,21:30:00,1651507200,130.201,130.256,130.078,130.211,5805,0,0
2022-05-02T20:00:00+00:00,2022-05-03,01:30:00,1651521600,130.172,130.215,130.064,130.105,1859,0,0
2022-05-03T00:00:00+00:00,2022-05-03,05:30:00,1651536000,130.104,130.104,129.857,129.988,6008,0,0
2022-05-03T04:00:00+00:00,2022-05-03,09:30:00,1651550400,129.986,130.291,129.963,130.194,8289,0,0
2022-05-03T08:00:00+00:00,2022-05-03,13:30:00,1651564800,130.193,130.208,129.91,129.917,7863,0,0
2022-05-03T12:00:00+00:00,2022-05-03,17:30:00,1651579200,129.918,130.084,129.7,130.076,15650,0,0
2022-05-03T16:00:00+00:00,2022-05-03,21:30:00,1651593600,130.076,130.205,130.06,130.123,4728,0,0
2022-05-03T20:00:00+00:00,2022-05-04,01:30:00,1651608000,130.117,130.163,130.017,130.127,1561,0,0
2022-05-04T00:00:00+00:00,2022-05-04,05:30:00,1651622400,130.125,130.205,130.074,130.135,3077,0,0
2022-05-04T04:00:00+00:00,2022-05-04,09:30:00,1651636800,130.137,130.187,130.077,130.1,4510,0,0
2022-05-04T08:00:00+00:00,2022-05-04,13:30:00,1651651200,130.101,130.102,129.893,129.946,4234,0,0
2022-05-04T12:00:00+00:00,2022-05-04,17:30:00,1651665600,129.947,130.129,129.791,129.978,10856,0,0
2022-05-04T16:00:00+00:00,2022-05-04,21:30:00,1651680000,129.977,130.386,128.625,129.135,54596,0,0
2022-05-04T20:00:00+00:00,2022-05-05,01:30:00,1651694400,129.136,129.542,129.027,129.237,4698,0,0
2022-05-05T00:00:00+00:00,2022-05-05,05:30:00,1651708800,129.238,129.303,128.755,129.099,14714,0,0
2022-05-05T04:00:00+00:00,2022-05-05,09:30:00,1651723200,129.1,129.766,129.099,129.689,13802,0,0
2022-05-05T08:00:00+00:00,2022-05-05,13:30:00,1651737600,129.69,130.007,129.54,129.997,13630,0,0
2022-05-05T12:00:00+00:00,2022-05-05,17:30:00,1651752000,129.996,130.443,129.723,130.408,23446,0,0
2022-05-05T16:00:00+00:00,2022-05-05,21:30:00,1651766400,130.408,130.559,129.986,130.016,13408,0,0
2022-05-05T20:00:00+00:00,2022-05-06,01:30:00,1651780800,130.018,130.357,130.008,130.324,3810,0,0
2022-05-06T00:00:00+00:00,2022-05-06,05:30:00,1651795200,130.326,130.809,130.214,130.607,14963,0,0
2022-05-06T04:00:00+00:00,2022-05-06,09:30:00,1651809600,130.606,130.698,130.329,130.525,11700,0,0
2022-05-06T08:00:00+00:00,2022-05-06,13:30:00,1651824000,130.523,130.576,130.242,130.421,9663,0,0
2022-05-06T12:00:00+00:00,2022-05-06,17:30:00,1651838400,130.423,130.711,130.15,130.366,27250,0,0
2022-05-06T16:00:00+00:00,2022-05-06,21:30:00,1651852800,130.365,130.635,130.289,130.544,6544,0,0
2022-05-06T20:00:00+00:00,2022-05-07,01:30:00,1651867200,130.546,130.597,130.521,130.536,300,0,0
2022-05-08T20:00:00+00:00,2022-05-09,01:30:00,1652040000,130.514,130.783,130.482,130.74,2872,0,0
2022-05-09T00:00:00+00:00,2022-05-09,05:30:00,1652054400,130.738,131.07,130.679,130.963,10574,0,0
2022-05-09T04:00:00+00:00,2022-05-09,09:30:00,1652068800,130.965,131.348,130.887,131.203,10896,0,0
2022-05-09T08:00:00+00:00,2022-05-09,13:30:00,1652083200,131.2,131.244,130.993,131.023,9036,0,0
2022-05-09T12:00:00+00:00,2022-05-09,17:30:00,1652097600,131.024,131.025,130.115,130.394,23013,0,0
2022-05-09T16:00:00+00:00,2022-05-09,21:30:00,1652112000,130.394,130.436,130.126,130.212,8527,0,0
2022-05-09T20:00:00+00:00,2022-05-10,01:30:00,1652126400,130.195,130.566,130.195,130.382,3974,0,0
2022-05-10T00:00:00+00:00,2022-05-10,05:30:00,1652140800,130.379,130.473,129.796,130.255,20936,0,0
2022-05-10T04:00:00+00:00,2022-05-10,09:30:00,1652155200,130.257,130.551,130.215,130.355,11867,0,0
2022-05-10T08:00:00+00:00,2022-05-10,13:30:00,1652169600,130.357,130.361,129.864,130.076,11842,0,0
2022-05-10T12:00:00+00:00,2022-05-10,17:30:00,1652184000,130.076,130.458,129.917,130.219,18961,0,0
2022-05-10T16:00:00+00:00,2022-05-10,21:30:00,1652198400,130.221,130.441,130.09,130.372,7590,0,0
2022-05-10T20:00:00+00:00,2022-05-11,01:30:00,1652212800,130.347,130.448,130.262,130.369,2393,0,0
2022-05-11T00:00:00+00:00,2022-05-11,05:30:00,1652227200,130.368,130.47,130.231,130.392,8282,0,0
2022-05-11T04:00:00+00:00,2022-05-11,09:30:00,1652241600,130.394,130.492,129.894,129.974,9528,0,0
2022-05-11T08:00:00+00:00,2022-05-11,13:30:00,1652256000,129.973,130.083,129.589,129.815,12419,0,0
2022-05-11T12:00:00+00:00,2022-05-11,17:30:00,1652270400,129.814,130.814,129.772,130.201,40758,0,0
2022-05-11T16:00:00+00:00,2022-05-11,21:30:00,1652284800,130.202,130.231,129.446,129.945,15548,0,0
2022-05-11T20:00:00+00:00,2022-05-12,01:30:00,1652299200,129.944,130.055,129.811,129.85,2950,0,0
2022-05-12T00:00:00+00:00,2022-05-12,05:30:00,1652313600,129.848,129.909,129.51,129.829,16585,0,0
2022-05-12T04:00:00+00:00,2022-05-12,09:30:00,1652328000,129.83,129.851,128.588,128.839,26233,0,0
2022-05-12T08:00:00+00:00,2022-05-12,13:30:00,1652342400,128.84,128.876,128.405,128.528,30507,0,0
2022-05-12T12:00:00+00:00,2022-05-12,17:30:00,1652356800,128.527,128.742,127.521,128.105,39751,0,0
2022-05-12T16:00:00+00:00,2022-05-12,21:30:00,1652371200,128.106,128.447,128.076,128.446,13481,0,0
2022-05-12T20:00:00+00:00,2022-05-13,01:30:00,1652385600,128.408,128.637,128.271,128.605,3730,0,0
2022-05-13T00:00:00+00:00,2022-05-13,05:30:00,1652400000,128.606,129.359,128.35,129.088,21007,0,0
2022-05-13T04:00:00+00:00,2022-05-13,09:30:00,1652414400,129.087,129.135,128.494,128.805,18390,0,0
2022-05-13T08:00:00+00:00,2022-05-13,13:30:00,1652428800,128.806,129.097,128.709,129.058,13467,0,0
2022-05-13T12:00:00+00:00,2022-05-13,17:30:00,1652443200,129.06,129.453,128.866,129.232,21160,0,0
2022-05-13T16:00:00+00:00,2022-05-13,21:30:00,1652457600,129.233,129.43,129.204,129.326,7743,0,0
2022-05-13T20:00:00+00:00,2022-05-14,01:30:00,1652472000,129.313,129.341,129.241,129.241,328,15,0
2022-05-15T20:00:00+00:00,2022-05-16,01:30:00,1652644800,129.255,129.501,129.225,129.41,2478,0,0
2022-05-16T00:00:00+00:00,2022-05-16,05:30:00,1652659200,129.411,129.637,128.702,128.907,16677,0,0
2022-05-16T04:00:00+00:00,2022-05-16,09:30:00,1652673600,128.908,129.402,128.798,129.363,12456,0,0
2022-05-16T08:00:00+00:00,2022-05-16,13:30:00,1652688000,129.364,129.497,129.232,129.487,9404,0,0
2022-05-16T12:00:00+00:00,2022-05-16,17:30:00,1652702400,129.488,129.615,128.984,129.138,16547,0,0
2022-05-16T16:00:00+00:00,2022-05-16,21:30:00,1652716800,129.141,129.405,129.015,129.11,5745,0,0
2022-05-16T20:00:00+00:00,2022-05-17,01:30:00,1652731200,129.085,129.131,128.863,128.952,2197,0,0
2022-05-17T00:00:00+00:00,2022-05-17,05:30:00,1652745600,128.951,129.45,128.832,129.34,13108,0,0
2022-05-17T04:00:00+00:00,2022-05-17,09:30:00,1652760000,129.341,129.435,129.204,129.394,7861,0,0
2022-05-17T08:00:00+00:00,2022-05-17,13:30:00,1652774400,129.395,129.561,129.19,129.326,8287,0,0
2022-05-17T12:00:00+00:00,2022-05-17,17:30:00,1652788800,129.325,129.783,129.072,129.318,16689,0,0
2022-05-17T16:00:00+00:00,2022-05-17,21:30:00,1652803200,129.317,129.469,129.186,129.382,7657,0,0
2022-05-17T20:00:00+00:00,2022-05-18,01:30:00,1652817600,129.374,129.536,129.323,129.424,1948,0,0
2022-05-18T00:00:00+00:00,2022-05-18,05:30:00,1652832000,129.426,129.46,129.077,129.127,10986,0,0
2022-05-18T04:00:00+00:00,2022-05-18,09:30:00,1652846400,129.129,129.342,128.946,129.324,9598,0,0
2022-05-18T08:00:00+00:00,2022-05-18,13:30:00,1652860800,129.326,129.347,129.063,129.107,6853,0,0
2022-05-18T12:00:00+00:00,2022-05-18,17:30:00,1652875200,129.106,129.132,128.122,128.216,17922,0,0
2022-05-18T16:00:00+00:00,2022-05-18,21:30:00,1652889600,128.215,128.351,128.012,128.252,9346,0,0
2022-05-18T20:00:00+00:00,2022-05-19,01:30:00,1652904000,128.236,128.464,127.911,127.931,5073,0,0
2022-05-19T00:00:00+00:00,2022-05-19,05:30:00,1652918400,127.932,128.864,127.898,128.753,17292,0,0
2022-05-19T04:00:00+00:00,2022-05-19,09:30:00,1652932800,128.753,128.945,127.983,128.233,18115,0,0
2022-05-19T08:00:00+00:00,2022-05-19,13:30:00,1652947200,128.232,128.233,127.58,127.937,19291,0,0
2022-05-19T12:00:00+00:00,2022-05-19,17:30:00,1652961600,127.936,127.972,127.027,127.632,34669,0,0
2022-05-19T16:00:00+00:00,2022-05-19,21:30:00,1652976000,127.632,127.75,127.512,127.715,8703,0,0
2022-05-19T20:00:00+00:00,2022-05-20,01:30:00,1652990400,127.708,127.953,127.661,127.855,3273,0,0
2022-05-20T00:00:00+00:00,2022-05-20,05:30:00,1653004800,127.853,128.215,127.53,127.614,18192,0,0
2022-05-20T04:00:00+00:00,2022-05-20,09:30:00,1653019200,127.616,128.108,127.566,127.942,16497,0,0
2022-05-20T08:00:00+00:00,2022-05-20,13:30:00,1653033600,127.943,128.299,127.854,128.048,11206,0,0
2022-05-20T12:00:00+00:00,2022-05-20,17:30:00,1653048000,128.05,128.247,127.731,127.866,20252,0,0
2022-05-20T16:00:00+00:00,2022-05-20,21:30:00,1653062400,127.867,127.892,127.592,127.856,8500,0,0
2022-05-20T20:00:00+00:00,2022-05-21,01:30:00,1653076800,127.839,127.924,127.791,127.892,640,15,0
2022-05-22T20:00:00+00:00,2022-05-23,01:30:00,1653249600,127.85,128.05,127.817,127.893,2325,0,0
2022-05-23T00:00:00+00:00,2022-05-23,05:30:00,1653264000,127.894,127.957,127.155,127.378,15766,0,0
2022-05-23T04:00:00+00:00,2022-05-23,09:30:00,1653278400,127.376,127.932,127.308,127.593,13167,0,0
2022-05-23T08:00:00+00:00,2022-05-23,13:30:00,1653292800,127.594,127.664,127.364,127.616,10024,0,0
2022-05-23T12:00:00+00:00,2022-05-23,17:30:00,1653307200,127.615,127.891,127.48,127.809,13036,0,0
2022-05-23T16:00:00+00:00,2022-05-23,21:30:00,1653321600,127.809,127.945,127.741,127.899,4508,0,0
2022-05-23T20:00:00+00:00,2022-05-24,01:30:00,1653336000,127.883,127.926,127.745,127.822,2234,0,0
2022-05-24T00:00:00+00:00,2022-05-24,05:30:00,1653350400,127.82,128.087,127.631,127.783,13039,0,0
2022-05-24T04:00:00+00:00,2022-05-24,09:30:00,1653364800,127.782,127.782,127.243,127.289,12724,0,0
2022-05-24T08:00:00+00:00,2022-05-24,13:30:00,1653379200,127.287,127.525,127.084,127.392,12219,0,0
2022-05-24T12:00:00+00:00,2022-05-24,17:30:00,1653393600,127.39,127.483,126.361,126.56,29752,0,0
2022-05-24T16:00:00+00:00,2022-05-24,21:30:00,1653408000,126.561,126.891,126.484,126.882,8556,0,0
2022-05-24T20:00:00+00:00,2022-05-25,01:30:00,1653422400,126.872,126.922,126.72,126.738,2538,0,0
2022-05-25T00:00:00+00:00,2022-05-25,05:30:00,1653436800,126.738,127.219,126.657,127.085,16040,0,0
2022-05-25T04:00:00+00:00,2022-05-25,09:30:00,1653451200,127.084,127.296,126.841,127.125,11605,0,0
2022-05-25T08:00:00+00:00,2022-05-25,13:30:00,1653465600,127.123,127.186,126.852,126.973,10464,0,0
2022-05-25T12:00:00+00:00,2022-05-25,17:30:00,1653480000,126.972,127.442,126.798,127.317,16853,0,0
2022-05-25T16:00:00+00:00,2022-05-25,21:30:00,1653494400,127.315,127.496,127.233,127.307,9117,0,0
2022-05-25T20:00:00+00:00,2022-05-26,01:30:00,1653508800,127.286,127.325,127.122,127.154,1899,0,0
2022-05-26T00:00:00+00:00,2022-05-26,05:30:00,1653523200,127.154,127.582,127.131,127.398,11336,0,0
2022-05-26T04:00:00+00:00,2022-05-26,09:30:00,1653537600,127.399,127.447,126.555,126.602,17343,0,0
2022-05-26T08:00:00+00:00,2022-05-26,13:30:00,1653552000,126.601,127.154,126.56,127.031,12639,0,0
2022-05-26T12:00:00+00:00,2022-05-26,17:30:00,1653566400,127.029,127.423,126.894,127.222,14556,0,0
2022-05-26T16:00:00+00:00,2022-05-26,21:30:00,1653580800,127.224,127.383,127.041,127.097,4688,0,0
2022-05-26T20:00:00+00:00,2022-05-27,01:30:00,1653595200,127.092,127.156,126.996,127.105,2095,0,0
2022-05-27T00:00:00+00:00,2022-05-27,05:30:00,1653609600,127.104,127.192,126.678,126.815,14888,0,0
2022-05-27T04:00:00+00:00,2022-05-27,09:30:00,1653624000,126.815,127.198,126.727,127.132,7875,0,0
2022-05-27T08:00:00+00:00,2022-05-27,13:30:00,1653638400,127.134,127.19,126.874,126.92,8032,0,0
2022-05-27T12:00:00+00:00,2022-05-27,17:30:00,1653652800,126.919,127.255,126.815,127.148,13004,0,0
2022-05-27T16:00:00+00:00,2022-05-27,21:30:00,1653667200,127.146,127.196,127.024,127.129,2913,0,0
2022-05-27T20:00:00+00:00,2022-05-28,01:30:00,1653681600,127.13,127.135,127.06,127.105,317,0,0
2022-05-29T20:00:00+00:00,2022-05-30,01:30:00,1653854400,127.047,127.346,127.039,127.274,1592,0,0
2022-05-30T00:00:00+00:00,2022-05-30,05:30:00,1653868800,127.275,127.322,126.862,126.982,7607,0,0
2022-05-30T04:00:00+00:00,2022-05-30,09:30:00,1653883200,126.98,127.386,126.948,127.365,6307,0,0
2022-05-30T08:00:00+00:00,2022-05-30,13:30:00,1653897600,127.363,127.434,127.251,127.426,4858,0,0
2022-05-30T12:00:00+00:00,2022-05-30,17:30:00,1653912000,127.426,127.825,127.426,127.539,7478,0,0
2022-05-30T16:00:00+00:00,2022-05-30,21:30:00,1653926400,127.537,127.608,127.508,127.558,845,0,0
2022-05-30T20:00:00+00:00,2022-05-31,01:30:00,1653940800,127.516,127.876,127.479,127.783,2906,0,0
2022-05-31T00:00:00+00:00,2022-05-31,05:30:00,1653955200,127.783,128.342,127.752,128.088,14536,0,0
2022-05-31T04:00:00+00:00,2022-05-31,09:30:00,1653969600,128.087,128.161,127.636,127.753,13708,0,0
2022-05-31T08:00:00+00:00,2022-05-31,13:30:00,1653984000,127.754,128.24,127.674,128.18,10575,0,0
2022-05-31T12:00:00+00:00,2022-05-31,17:30:00,1653998400,128.179,128.891,128.179,128.541,20468,0,0
2022-05-31T16:00:00+00:00,2022-05-31,21:30:00,1654012800,128.542,128.777,128.467,128.723,5646,0,0
2022-05-31T20:00:00+00:00,2022-06-01,01:30:00,1654027200,128.704,128.761,128.648,128.737,2109,0,0
2022-06-01T00:00:00+00:00,2022-06-01,05:30:00,1654041600,128.738,129.187,128.738,129.132,11623,0,0
2022-06-01T04:00:00+00:00,2022-06-01,09:30:00,1654056000,129.131,129.544,129.109,129.405,10733,0,0
2022-06-01T08:00:00+00:00,2022-06-01,13:30:00,1654070400,129.407,129.615,129.228,129.555,8745,0,0
2022-06-01T12:00:00+00:00,2022-06-01,17:30:00,1654084800,129.553,130.133,129.208,130.103,18618,0,0
2022-06-01T16:00:00+00:00,2022-06-01,21:30:00,1654099200,130.101,130.185,129.951,130.171,6282,0,0
2022-06-01T20:00:00+00:00,2022-06-02,01:30:00,1654113600,130.163,130.239,130.086,130.126,1833,0,0
2022-06-02T00:00:00+00:00,2022-06-02,05:30:00,1654128000,130.127,130.219,129.889,130.084,10161,0,0
2022-06-02T04:00:00+00:00,2022-06-02,09:30:00,1654142400,130.085,130.093,129.768,129.896,6476,0,0
2022-06-02T08:00:00+00:00,2022-06-02,13:30:00,1654156800,129.897,129.967,129.615,129.674,6131,0,0
2022-06-02T12:00:00+00:00,2022-06-02,17:30:00,1654171200,129.676,130.04,129.514,129.841,17323,0,0
2022-06-02T16:00:00+00:00,2022-06-02,21:30:00,1654185600,129.842,129.882,129.721,129.856,4269,0,0
2022-06-02T20:00:00+00:00,2022-06-03,01:30:00,1654200000,129.854,129.963,129.819,129.939,1529,0,0
2022-06-03T00:00:00+00:00,2022-06-03,05:30:00,1654214400,129.938,130.041,129.688,129.84,8800,0,0
2022-06-03T04:00:00+00:00,2022-06-03,09:30:00,1654228800,129.841,130.053,129.802,129.888,5319,0,0
2022-06-03T08:00:00+00:00,2022-06-03,13:30:00,1654243200,129.887,130.196,129.869,130.136,4958,0,0
2022-06-03T12:00:00+00:00,2022-06-03,17:30:00,1654257600,130.134,130.975,130.075,130.95,18346,0,0
2022-06-03T16:00:00+00:00,2022-06-03,21:30:00,1654272000,130.95,130.981,130.798,130.861,3865,0,0
2022-06-03T20:00:00+00:00,2022-06-04,01:30:00,1654286400,130.853,130.874,130.791,130.825,300,14,0
2022-06-05T20:00:00+00:00,2022-06-06,01:30:00,1654459200,130.859,130.977,130.711,130.725,2257,0,0
2022-06-06T00:00:00+00:00,2022-06-06,05:30:00,1654473600,130.723,130.842,130.468,130.494,7376,0,0
2022-06-06T04:00:00+00:00,2022-06-06,09:30:00,1654488000,130.493,130.829,130.433,130.772,6876,0,0
2022-06-06T08:00:00+00:00,2022-06-06,13:30:00,1654502400,130.771,130.828,130.617,130.652,5328,0,0
2022-06-06T12:00:00+00:00,2022-06-06,17:30:00,1654516800,130.655,131.684,130.653,131.556,11624,0,0
2022-06-06T16:00:00+00:00,2022-06-06,21:30:00,1654531200,131.558,132.013,131.505,131.848,5091,0,0
2022-06-06T20:00:00+00:00,2022-06-07,01:30:00,1654545600,131.835,132.302,131.835,132.177,3854,0,0
2022-06-07T00:00:00+00:00,2022-06-07,05:30:00,1654560000,132.179,132.757,132.096,132.605,15247,0,0
2022-06-07T04:00:00+00:00,2022-06-07,09:30:00,1654574400,132.606,133.001,132.568,132.774,16296,0,0
2022-06-07T08:00:00+00:00,2022-06-07,13:30:00,1654588800,132.773,132.877,132.549,132.862,10025,0,0
2022-06-07T12:00:00+00:00,2022-06-07,17:30:00,1654603200,132.86,132.896,132.321,132.537,16202,0,0
2022-06-07T16:00:00+00:00,2022-06-07,21:30:00,1654617600,132.535,132.671,132.475,132.641,5559,0,0
2022-06-07T20:00:00+00:00,2022-06-08,01:30:00,1654632000,132.632,132.851,132.558,132.824,2085,0,0
2022-06-08T00:00:00+00:00,2022-06-08,05:30:00,1654646400,132.821,133.214,132.723,133.057,10706,0,0
2022-06-08T04:00:00+00:00,2022-06-08,09:30:00,1654660800,133.056,133.637,132.943,133.58,12971,0,0
2022-06-08T08:00:00+00:00,2022-06-08,13:30:00,1654675200,133.581,134.133,133.562,133.985,14902,0,0
2022-06-08T12:00:00+00:00,2022-06-08,17:30:00,1654689600,133.986,134.474,133.607,134.05,23689,0,0
2022-06-08T16:00:00+00:00,2022-06-08,21:30:00,1654704000,134.051,134.286,133.895,134.257,6673,0,0
2022-06-08T20:00:00+00:00,2022-06-09,01:30:00,1654718400,134.245,134.531,134.142,134.46,3672,0,0
2022-06-09T00:00:00+00:00,2022-06-09,05:30:00,1654732800,134.457,134.558,133.829,133.948,13605,0,0
2022-06-09T04:00:00+00:00,2022-06-09,09:30:00,1654747200,133.95,134.205,133.404,133.483,17387,0,0
2022-06-09T08:00:00+00:00,2022-06-09,13:30:00,1654761600,133.481,133.795,133.187,133.711,16227,0,0
2022-06-09T12:00:00+00:00,2022-06-09,17:30:00,1654776000,133.712,134.313,133.603,134.07,27254,0,0
2022-06-09T16:00:00+00:00,2022-06-09,21:30:00,1654790400,134.069,134.432,134.035,134.432,6448,0,0
2022-06-09T20:00:00+00:00,2022-06-10,01:30:00,1654804800,134.405,134.477,134.31,134.394,2296,0,0
2022-06-10T00:00:00+00:00,2022-06-10,05:30:00,1654819200,134.392,134.392,133.917,134.096,13168,0,0
2022-06-10T04:00:00+00:00,2022-06-10,09:30:00,1654833600,134.097,134.224,133.365,133.612,20513,0,0
2022-06-10T08:00:00+00:00,2022-06-10,13:30:00,1654848000,133.611,134.007,133.588,133.956,9824,0,0
2022-06-10T12:00:00+00:00,2022-06-10,17:30:00,1654862400,133.955,134.394,133.523,134.199,31355,0,0
2022-06-10T16:00:00+00:00,2022-06-10,21:30:00,1654876800,134.197,134.399,134.17,134.382,6900,0,0
2022-06-10T20:00:00+00:00,2022-06-11,01:30:00,1654891200,134.374,134.47,134.34,134.38,512,14,0
2022-06-12T20:00:00+00:00,2022-06-13,01:30:00,1655064000,134.342,134.853,134.332,134.789,3841,0,0
2022-06-13T00:00:00+00:00,2022-06-13,05:30:00,1655078400,134.788,134.999,134.671,134.913,12799,0,0
2022-06-13T04:00:00+00:00,2022-06-13,09:30:00,1655092800,134.915,135.202,134.422,134.594,21449,0,0
2022-06-13T08:00:00+00:00,2022-06-13,13:30:00,1655107200,134.595,134.702,134.139,134.502,15207,0,0
2022-06-13T12:00:00+00:00,2022-06-13,17:30:00,1655121600,134.504,134.504,133.593,134.13,27118,0,0
2022-06-13T16:00:00+00:00,2022-06-13,21:30:00,1655136000,134.13,134.668,133.945,134.365,19297,0,0
2022-06-13T20:00:00+00:00,2022-06-14,01:30:00,1655150400,134.345,134.5,134.2,134.24,4161,0,0
2022-06-14T00:00:00+00:00,2022-06-14,05:30:00,1655164800,134.239,134.819,133.874,134.575,22425,0,0
2022-06-14T04:00:00+00:00,2022-06-14,09:30:00,1655179200,134.572,134.783,134.265,134.422,18480,0,0
2022-06-14T08:00:00+00:00,2022-06-14,13:30:00,1655193600,134.425,134.557,134.018,134.515,15619,0,0
2022-06-14T12:00:00+00:00,2022-06-14,17:30:00,1655208000,134.517,134.982,134.249,134.897,21431,0,0
2022-06-14T16:00:00+00:00,2022-06-14,21:30:00,1655222400,134.899,135.446,134.748,135.178,11478,0,0
2022-06-14T20:00:00+00:00,2022-06-15,01:30:00,1655236800,135.162,135.559,135.121,135.278,4126,0,0
2022-06-15T00:00:00+00:00,2022-06-15,05:30:00,1655251200,135.277,135.307,134.871,135.086,15680,0,0
2022-06-15T04:00:00+00:00,2022-06-15,09:30:00,1655265600,135.085,135.14,134.523,134.706,18580,0,0
2022-06-15T08:00:00+00:00,2022-06-15,13:30:00,1655280000,134.704,134.787,134.296,134.524,15781,0,0
2022-06-15T12:00:00+00:00,2022-06-15,17:30:00,1655294400,134.526,134.833,134.397,134.503,17076,0,0
2022-06-15T16:00:00+00:00,2022-06-15,21:30:00,1655308800,134.504,134.955,133.544,133.73,46672,0,0
2022-06-15T20:00:00+00:00,2022-06-16,01:30:00,1655323200,133.711,134.214,133.486,134.051,5328,0,0
2022-06-16T00:00:00+00:00,2022-06-16,05:30:00,1655337600,134.049,134.678,133.949,134.305,12824,0,0
2022-06-16T04:00:00+00:00,2022-06-16,09:30:00,1655352000,134.303,134.644,134.183,134.233,13781,0,0
2022-06-16T08:00:00+00:00,2022-06-16,13:30:00,1655366400,134.232,134.333,132.318,132.846,55563,0,0
2022-06-16T12:00:00+00:00,2022-06-16,17:30:00,1655380800,132.845,133.001,131.495,131.672,35885,0,0
2022-06-16T16:00:00+00:00,2022-06-16,21:30:00,1655395200,131.67,132.283,131.547,132.052,21792,0,0
2022-06-16T20:00:00+00:00,2022-06-17,01:30:00,1655409600,132.051,132.698,132.017,132.419,6550,0,0
2022-06-17T00:00:00+00:00,2022-06-17,05:30:00,1655424000,132.417,134.647,132.18,134.222,65764,0,0
2022-06-17T04:00:00+00:00,2022-06-17,09:30:00,1655438400,134.22,134.596,133.74,134.297,35993,0,0
2022-06-17T08:00:00+00:00,2022-06-17,13:30:00,1655452800,134.296,134.918,134.221,134.69,25471,0,0
2022-06-17T12:00:00+00:00,2022-06-17,17:30:00,1655467200,134.692,135.425,134.437,135.163,24329,0,0
2022-06-17T16:00:00+00:00,2022-06-17,21:30:00,1655481600,135.161,135.173,134.856,134.976,7763,0,0
2022-06-17T20:00:00+00:00,2022-06-18,01:30:00,1655496000,134.978,135.002,134.856,134.96,733,0,0
2022-06-19T20:00:00+00:00,2022-06-20,01:30:00,1655668800,134.943,135.384,134.933,135.298,5364,0,0
2022-06-20T00:00:00+00:00,2022-06-20,05:30:00,1655683200,135.299,135.444,134.666,134.847,19227,0,0
2022-06-20T04:00:00+00:00,2022-06-20,09:30:00,1655697600,134.849,135.103,134.534,134.661,14044,0,0
2022-06-20T08:00:00+00:00,2022-06-20,13:30:00,1655712000,134.663,134.955,134.619,134.947,8703,0,0
2022-06-20T12:00:00+00:00,2022-06-20,17:30:00,1655726400,134.946,135.147,134.859,135.011,8380,0,0
2022-06-20T16:00:00+00:00,2022-06-20,21:30:00,1655740800,135.008,135.138,135.005,135.017,1020,0,0
2022-06-20T20:00:00+00:00,2022-06-21,01:30:00,1655755200,134.967,135.184,134.963,135.099,3524,0,0
2022-06-21T00:00:00+00:00,2022-06-21,05:30:00,1655769600,135.101,135.215,134.925,134.988,11581,0,0
2022-06-21T04:00:00+00:00,2022-06-21,09:30:00,1655784000,134.989,135.273,134.986,135.227,7152,0,0
2022-06-21T08:00:00+00:00,2022-06-21,13:30:00,1655798400,135.228,136.249,135.183,136.179,15110,0,0
2022-06-21T12:00:00+00:00,2022-06-21,17:30:00,1655812800,136.178,136.336,135.91,136.249,18825,0,0
2022-06-21T16:00:00+00:00,2022-06-21,21:30:00,1655827200,136.25,136.669,136.21,136.667,6584,0,0
2022-06-21T20:00:00+00:00,2022-06-22,01:30:00,1655841600,136.625,136.699,136.252,136.32,4805,0,0
2022-06-22T00:00:00+00:00,2022-06-22,05:30:00,1655856000,136.318,136.508,136.051,136.204,16341,0,0
2022-06-22T04:00:00+00:00,2022-06-22,09:30:00,1655870400,136.203,136.625,136.145,136.238,12739,0,0
2022-06-22T08:00:00+00:00,2022-06-22,13:30:00,1655884800,136.24,136.31,135.813,136.054,13689,0,0
2022-06-22T12:00:00+00:00,2022-06-22,17:30:00,1655899200,136.051,136.193,135.685,136.069,23488,0,0
2022-06-22T16:00:00+00:00,2022-06-22,21:30:00,1655913600,136.068,136.303,136.008,136.239,5849,0,0
2022-06-22T20:00:00+00:00,2022-06-23,01:30:00,1655928000,136.199,136.258,135.87,135.993,3991,0,0
2022-06-23T00:00:00+00:00,2022-06-23,05:30:00,1655942400,135.992,136.198,135.125,135.35,20799,0,0
2022-06-23T04:00:00+00:00,2022-06-23,09:30:00,1655956800,135.351,135.876,135.265,135.365,15460,0,0
2022-06-23T08:00:00+00:00,2022-06-23,13:30:00,1655971200,135.368,135.667,135.256,135.585,14046,0,0
2022-06-23T12:00:00+00:00,2022-06-23,17:30:00,1655985600,135.583,135.59,134.266,134.726,34315,0,0
2022-06-23T16:00:00+00:00,2022-06-23,21:30:00,1656000000,134.729,134.991,134.669,134.931,9998,0,0
2022-06-23T20:00:00+00:00,2022-06-24,01:30:00,1656014400,134.918,134.981,134.739,134.822,2912,0,0
2022-06-24T00:00:00+00:00,2022-06-24,05:30:00,1656028800,134.82,135.226,134.548,134.683,13570,0,0
2022-06-24T04:00:00+00:00,2022-06-24,09:30:00,1656043200,134.684,134.891,134.354,134.527,12739,0,0
2022-06-24T08:00:00+00:00,2022-06-24,13:30:00,1656057600,134.528,135.303,134.526,135.25,12701,0,0
2022-06-24T12:00:00+00:00,2022-06-24,17:30:00,1656072000,135.247,135.274,134.717,135.215,23769,0,0
2022-06-24T16:00:00+00:00,2022-06-24,21:30:00,1656086400,135.217,135.399,135.1,135.198,6170,0,0
2022-06-24T20:00:00+00:00,2022-06-25,01:30:00,1656100800,135.172,135.231,135.152,135.175,466,14,0
2022-06-26T20:00:00+00:00,2022-06-27,01:30:00,1656273600,135.122,135.221,135.012,135.058,2826,0,0
2022-06-27T00:00:00+00:00,2022-06-27,05:30:00,1656288000,135.055,135.107,134.523,134.835,15813,0,0
2022-06-27T04:00:00+00:00,2022-06-27,09:30:00,1656302400,134.836,135.174,134.668,135.073,9218,0,0
2022-06-27T08:00:00+00:00,2022-06-27,13:30:00,1656316800,135.074,135.475,134.954,135.44,8160,0,0
2022-06-27T12:00:00+00:00,2022-06-27,17:30:00,1656331200,135.439,135.552,135.014,135.296,16355,0,0
2022-06-27T16:00:00+00:00,2022-06-27,21:30:00,1656345600,135.295,135.488,135.213,135.449,5427,0,0
2022-06-27T20:00:00+00:00,2022-06-28,01:30:00,1656360000,135.422,135.48,135.296,135.441,2541,0,0
2022-06-28T00:00:00+00:00,2022-06-28,05:30:00,1656374400,135.44,135.592,135.113,135.311,10614,0,0
2022-06-28T04:00:00+00:00,2022-06-28,09:30:00,1656388800,135.309,135.834,135.25,135.758,8778,0,0
2022-06-28T08:00:00+00:00,2022-06-28,13:30:00,1656403200,135.756,136.295,135.637,136.093,10583,0,0
2022-06-28T12:00:00+00:00,2022-06-28,17:30:00,1656417600,136.091,136.322,135.939,136.202,16503,0,0
2022-06-28T16:00:00+00:00,2022-06-28,21:30:00,1656432000,136.204,136.384,136.05,136.185,6590,0,0
2022-06-28T20:00:00+00:00,2022-06-29,01:30:00,1656446400,136.178,136.239,135.981,136.046,2748,0,0
2022-06-29T00:00:00+00:00,2022-06-29,05:30:00,1656460800,136.049,136.231,135.899,136.174,9821,0,0
2022-06-29T04:00:00+00:00,2022-06-29,09:30:00,1656475200,136.176,136.275,135.773,136.018,14640,0,0
2022-06-29T08:00:00+00:00,2022-06-29,13:30:00,1656489600,136.021,136.587,136.021,136.493,10823,0,0
2022-06-29T12:00:00+00:00,2022-06-29,17:30:00,1656504000,136.495,137.002,136.342,136.486,20492,0,0
2022-06-29T16:00:00+00:00,2022-06-29,21:30:00,1656518400,136.484,136.618,136.346,136.594,6394,0,0
2022-06-29T20:00:00+00:00,2022-06-30,01:30:00,1656532800,136.585,136.658,136.492,136.623,3268,0,0
2022-06-30T00:00:00+00:00,2022-06-30,05:30:00,1656547200,136.621,136.809,136.481,136.608,9794,0,0
2022-06-30T04:00:00+00:00,2022-06-30,09:30:00,1656561600,136.61,136.643,135.963,136.217,11264,0,0
2022-06-30T08:00:00+00:00,2022-06-30,13:30:00,1656576000,136.219,136.444,136.137,136.289,9325,0,0
2022-06-30T12:00:00+00:00,2022-06-30,17:30:00,1656590400,136.287,136.305,135.678,135.705,19862,0,0
2022-06-30T16:00:00+00:00,2022-06-30,21:30:00,1656604800,135.708,135.76,135.554,135.695,6966,0,0
2022-06-30T20:00:00+00:00,2022-07-01,01:30:00,1656619200,135.693,135.871,135.655,135.801,2592,0,0
2022-07-01T00:00:00+00:00,2022-07-01,05:30:00,1656633600,135.799,135.986,134.98,135.121,14901,0,0
2022-07-01T04:00:00+00:00,2022-07-01,09:30:00,1656648000,135.12,135.354,134.746,135.308,15490,0,0
2022-07-01T08:00:00+00:00,2022-07-01,13:30:00,1656662400,135.307,135.687,135.039,135.288,12769,0,0
2022-07-01T12:00:00+00:00,2022-07-01,17:30:00,1656676800,135.289,135.552,134.792,135.089,24895,0,0
2022-07-01T16:00:00+00:00,2022-07-01,21:30:00,1656691200,135.087,135.397,135.058,135.294,6845,0,0
2022-07-01T20:00:00+00:00,2022-07-02,01:30:00,1656705600,135.274,135.311,135.218,135.247,371,14,0
2022-07-03T20:00:00+00:00,2022-07-04,01:30:00,1656878400,135.258,135.304,134.996,135.005,2913,0,0
2022-07-04T00:00:00+00:00,2022-07-04,05:30:00,1656892800,135.006,135.18,134.785,135.173,9953,0,0
2022-07-04T04:00:00+00:00,2022-07-04,09:30:00,1656907200,135.171,135.522,135.068,135.446,7171,0,0
2022-07-04T08:00:00+00:00,2022-07-04,13:30:00,1656921600,135.449,135.546,135.251,135.327,5776,0,0
2022-07-04T12:00:00+00:00,2022-07-04,17:30:00,1656936000,135.326,135.774,135.292,135.683,5163,0,0
2022-07-04T16:00:00+00:00,2022-07-04,21:30:00,1656950400,135.684,135.718,135.661,135.684,819,0,0
2022-07-04T20:00:00+00:00,2022-07-05,01:30:00,1656964800,135.635,135.976,135.571,135.867,3212,0,0
2022-07-05T00:00:00+00:00,2022-07-05,05:30:00,1656979200,135.866,136.363,135.792,136.132,10338,0,0
2022-07-05T04:00:00+00:00,2022-07-05,09:30:00,1656993600,136.131,136.327,136.011,136.087,8967,0,0
2022-07-05T08:00:00+00:00,2022-07-05,13:30:00,1657008000,136.085,136.205,135.556,135.982,14069,0,0
2022-07-05T12:00:00+00:00,2022-07-05,17:30:00,1657022400,135.981,136.111,135.52,135.694,23526,0,0
2022-07-05T16:00:00+00:00,2022-07-05,21:30:00,1657036800,135.696,135.865,135.627,135.773,6747,0,0
2022-07-05T20:00:00+00:00,2022-07-06,01:30:00,1657051200,135.776,135.908,135.423,135.54,4389,0,0
2022-07-06T00:00:00+00:00,2022-07-06,05:30:00,1657065600,135.542,135.766,135.128,135.368,12688,0,0
2022-07-06T04:00:00+00:00,2022-07-06,09:30:00,1657080000,135.366,135.694,135.026,135.429,12477,0,0
2022-07-06T08:00:00+00:00,2022-07-06,13:30:00,1657094400,135.431,135.501,135.067,135.251,11726,0,0
2022-07-06T12:00:00+00:00,2022-07-06,17:30:00,1657108800,135.25,136.01,134.951,135.668,27560,0,0
2022-07-06T16:00:00+00:00,2022-07-06,21:30:00,1657123200,135.67,136.004,135.56,135.87,10684,0,0
2022-07-06T20:00:00+00:00,2022-07-07,01:30:00,1657137600,135.853,136.132,135.762,135.956,3553,0,0
2022-07-07T00:00:00+00:00,2022-07-07,05:30:00,1657152000,135.955,136.065,135.551,135.737,10535,0,0
2022-07-07T04:00:00+00:00,2022-07-07,09:30:00,1657166400,135.735,136.178,135.604,136.133,9913,0,0
2022-07-07T08:00:00+00:00,2022-07-07,13:30:00,1657180800,136.134,136.221,135.659,135.693,10911,0,0
2022-07-07T12:00:00+00:00,2022-07-07,17:30:00,1657195200,135.691,136.012,135.562,136.003,13037,0,0
2022-07-07T16:00:00+00:00,2022-07-07,21:30:00,1657209600,136.0,136.108,135.926,135.992,3390,0,0
2022-07-07T20:00:00+00:00,2022-07-08,01:30:00,1657224000,135.994,136.053,135.912,135.921,1800,0,0
2022-07-08T00:00:00+00:00,2022-07-08,05:30:00,1657238400,135.92,136.15,135.33,135.596,22816,0,0
2022-07-08T04:00:00+00:00,2022-07-08,09:30:00,1657252800,135.594,135.902,135.445,135.834,13429,0,0
2022-07-08T08:00:00+00:00,2022-07-08,13:30:00,1657267200,135.836,135.979,135.52,135.834,10175,0,0
2022-07-08T12:00:00+00:00,2022-07-08,17:30:00,1657281600,135.833,136.566,135.799,136.174,26389,0,0
2022-07-08T16:00:00+00:00,2022-07-08,21:30:00,1657296000,136.175,136.201,136.042,136.057,3287,0,0
2022-07-08T20:00:00+00:00,2022-07-09,01:30:00,1657310400,136.045,136.115,136.039,136.045,378,14,0
2022-07-10T20:00:00+00:00,2022-07-11,01:30:00,1657483200,136.057,136.355,136.039,136.299,2094,0,0
2022-07-11T00:00:00+00:00,2022-07-11,05:30:00,1657497600,136.3,137.278,136.231,137.019,17216,0,0
2022-07-11T04:00:00+00:00,2022-07-11,09:30:00,1657512000,137.021,137.157,136.712,136.808,9432,0,0
2022-07-11T08:00:00+00:00,2022-07-11,13:30:00,1657526400,136.805,137.388,136.776,137.346,6952,0,0
2022-07-11T12:00:00+00:00,2022-07-11,17:30:00,1657540800,137.348,137.751,137.276,137.291,15241,0,0
2022-07-11T16:00:00+00:00,2022-07-11,21:30:00,1657555200,137.29,137.458,137.258,137.381,4300,0,0
2022-07-11T20:00:00+00:00,2022-07-12,01:30:00,1657569600,137.359,137.44,137.28,137.416,2525,0,0
2022-07-12T00:00:00+00:00,2022-07-12,05:30:00,1657584000,137.414,137.447,137.032,137.244,11244,0,0
2022-07-12T04:00:00+00:00,2022-07-12,09:30:00,1657598400,137.247,137.534,137.182,137.345,10861,0,0
2022-07-12T08:00:00+00:00,2022-07-12,13:30:00,1657612800,137.343,137.344,136.627,136.779,12519,0,0
2022-07-12T12:00:00+00:00,2022-07-12,17:30:00,1657627200,136.777,136.853,136.475,136.677,13444,0,0
2022-07-12T16:00:00+00:00,2022-07-12,21:30:00,1657641600,136.679,136.835,136.658,136.812,3874,0,0
2022-07-12T20:00:00+00:00,2022-07-13,01:30:00,1657656000,136.797,136.906,136.695,136.735,2489,0,0
2022-07-13T00:00:00+00:00,2022-07-13,05:30:00,1657670400,136.737,137.255,136.694,137.125,9865,0,0
2022-07-13T04:00:00+00:00,2022-07-13,09:30:00,1657684800,137.127,137.25,136.934,137.039,7342,0,0
2022-07-13T08:00:00+00:00,2022-07-13,13:30:00,1657699200,137.041,137.201,136.982,137.044,5031,0,0
2022-07-13T12:00:00+00:00,2022-07-13,17:30:00,1657713600,137.046,137.865,137.001,137.351,32441,0,0
2022-07-13T16:00:00+00:00,2022-07-13,21:30:00,1657728000,137.349,137.395,137.121,137.309,8215,0,0
2022-07-13T20:00:00+00:00,2022-07-14,01:30:00,1657742400,137.294,137.652,137.294,137.635,3169,0,0
2022-07-14T00:00:00+00:00,2022-07-14,05:30:00,1657756800,137.633,138.125,137.592,138.019,12996,0,0
2022-07-14T04:00:00+00:00,2022-07-14,09:30:00,1657771200,138.02,139.175,137.997,139.102,12232,0,0
2022-07-14T08:00:00+00:00,2022-07-14,13:30:00,1657785600,139.1,139.388,138.599,138.869,16973,0,0
2022-07-14T12:00:00+00:00,2022-07-14,17:30:00,1657800000,138.867,139.38,138.707,138.929,22780,0,0
2022-07-14T16:00:00+00:00,2022-07-14,21:30:00,1657814400,138.931,139.18,138.722,138.906,10512,0,0
2022-07-14T20:00:00+00:00,2022-07-15,01:30:00,1657828800,138.904,139.111,138.846,138.979,2717,0,0
2022-07-15T00:00:00+00:00,2022-07-15,05:30:00,1657843200,138.977,139.088,138.768,139.002,10291,0,0
2022-07-15T04:00:00+00:00,2022-07-15,09:30:00,1657857600,139.004,139.057,138.562,138.915,7927,0,0
2022-07-15T08:00:00+00:00,2022-07-15,13:30:00,1657872000,138.917,138.929,138.644,138.685,7388,0,0
2022-07-15T12:00:00+00:00,2022-07-15,17:30:00,1657886400,138.687,138.93,138.388,138.558,21706,0,0
2022-07-15T16:00:00+00:00,2022-07-15,21:30:00,1657900800,138.556,138.64,138.479,138.536,3756,0,0
2022-07-15T20:00:00+00:00,2022-07-16,01:30:00,1657915200,138.512,138.549,138.463,138.463,431,14,0
2022-07-17T20:00:00+00:00,2022-07-18,01:30:00,1658088000,138.507,138.562,138.278,138.298,2308,0,0
2022-07-18T00:00:00+00:00,2022-07-18,05:30:00,1658102400,138.3,138.455,138.031,138.335,5542,0,0
2022-07-18T04:00:00+00:00,2022-07-18,09:30:00,1658116800,138.332,138.378,138.01,138.087,5889,0,0
2022-07-18T08:00:00+00:00,2022-07-18,13:30:00,1658131200,138.086,138.33,137.893,138.283,6333,0,0
2022-07-18T12:00:00+00:00,2022-07-18,17:30:00,1658145600,138.281,138.439,137.971,138.241,9899,0,0
2022-07-18T16:00:00+00:00,2022-07-18,21:30:00,1658160000,138.242,138.242,137.996,138.066,3966,0,0
2022-07-18T20:00:00+00:00,2022-07-19,01:30:00,1658174400,138.052,138.355,138.038,138.259,2893,0,0
2022-07-19T00:00:00+00:00,2022-07-19,05:30:00,1658188800,138.26,138.392,137.983,137.998,8361,0,0
2022-07-19T04:00:00+00:00,2022-07-19,09:30:00,1658203200,138.0,138.108,137.708,137.74,7949,0,0
2022-07-19T08:00:00+00:00,2022-07-19,13:30:00,1658217600,137.739,137.806,137.383,137.479,8887,0,0
2022-07-19T12:00:00+00:00,2022-07-19,17:30:00,1658232000,137.481,137.964,137.447,137.939,12344,0,0
2022-07-19T16:00:00+00:00,2022-07-19,21:30:00,1658246400,137.941,138.245,137.863,138.227,4077,0,0
2022-07-19T20:00:00+00:00,2022-07-20,01:30:00,1658260800,138.205,138.24,138.111,138.191,2576,0,0
2022-07-20T00:00:00+00:00,2022-07-20,05:30:00,1658275200,138.189,138.375,137.92,138.098,7559,0,0
2022-07-20T04:00:00+00:00,2022-07-20,09:30:00,1658289600,138.1,138.332,137.905,138.134,6061,0,0
2022-07-20T08:00:00+00:00,2022-07-20,13:30:00,1658304000,138.133,138.267,138.073,138.146,6116,0,0
2022-07-20T12:00:00+00:00,2022-07-20,17:30:00,1658318400,138.148,138.231,137.964,138.173,9037,0,0
2022-07-20T16:00:00+00:00,2022-07-20,21:30:00,1658332800,138.175,138.292,138.162,138.215,3227,0,0
2022-07-20T20:00:00+00:00,2022-07-21,01:30:00,1658347200,138.203,138.473,138.178,138.418,2556,0,0
2022-07-21T00:00:00+00:00,2022-07-21,05:30:00,1658361600,138.42,138.554,137.985,138.285,10815,0,0
2022-07-21T04:00:00+00:00,2022-07-21,09:30:00,1658376000,138.284,138.656,138.062,138.591,8053,0,0
2022-07-21T08:00:00+00:00,2022-07-21,13:30:00,1658390400,138.593,138.877,138.462,138.753,8286,0,0
2022-07-21T12:00:00+00:00,2022-07-21,17:30:00,1658404800,138.752,138.848,137.712,137.966,26935,0,0
2022-07-21T16:00:00+00:00,2022-07-21,21:30:00,1658419200,137.963,138.014,137.482,137.52,5286,0,0
2022-07-21T20:00:00+00:00,2022-07-22,01:30:00,1658433600,137.494,137.558,137.026,137.078,5092,0,0
2022-07-22T00:00:00+00:00,2022-07-22,05:30:00,1658448000,137.081,137.749,137.035,137.653,11091,0,0
2022-07-22T04:00:00+00:00,2022-07-22,09:30:00,1658462400,137.654,137.955,137.512,137.585,10106,0,0
2022-07-22T08:00:00+00:00,2022-07-22,13:30:00,1658476800,137.583,137.757,136.794,136.896,12318,0,0
2022-07-22T12:00:00+00:00,2022-07-22,17:30:00,1658491200,136.895,136.995,135.57,136.136,28839,0,0
2022-07-22T16:00:00+00:00,2022-07-22,21:30:00,1658505600,136.137,136.279,135.887,135.993,7338,0,0
2022-07-22T20:00:00+00:00,2022-07-23,01:30:00,1658520000,135.974,136.101,135.968,136.056,658,14,0
2022-07-24T20:00:00+00:00,2022-07-25,01:30:00,1658692800,136.13,136.419,136.035,136.343,3180,0,0
2022-07-25T00:00:00+00:00,2022-07-25,05:30:00,1658707200,136.341,136.612,135.892,136.271,12561,0,0
2022-07-25T04:00:00+00:00,2022-07-25,09:30:00,1658721600,136.27,136.48,136.083,136.41,8563,0,0
2022-07-25T08:00:00+00:00,2022-07-25,13:30:00,1658736000,136.408,136.644,136.223,136.616,8301,0,0
2022-07-25T12:00:00+00:00,2022-07-25,17:30:00,1658750400,136.614,136.789,136.412,136.73,11837,0,0
2022-07-25T16:00:00+00:00,2022-07-25,21:30:00,1658764800,136.728,136.747,136.59,136.647,2864,0,0
2022-07-25T20:00:00+00:00,2022-07-26,01:30:00,1658779200,136.626,136.678,136.352,136.412,2170,0,0
2022-07-26T00:00:00+00:00,2022-07-26,05:30:00,1658793600,136.409,136.569,136.276,136.534,6878,0,0
2022-07-26T04:00:00+00:00,2022-07-26,09:30:00,1658808000,136.536,136.737,136.466,136.655,4768,0,0
2022-07-26T08:00:00+00:00,2022-07-26,13:30:00,1658822400,136.656,136.844,136.47,136.662,7103,0,0
2022-07-26T12:00:00+00:00,2022-07-26,17:30:00,1658836800,136.66,136.736,136.285,136.627,12629,0,0
2022-07-26T16:00:00+00:00,2022-07-26,21:30:00,1658851200,136.625,136.828,136.563,136.825,3442,0,0
2022-07-26T20:00:00+00:00,2022-07-27,01:30:00,1658865600,136.801,136.988,136.782,136.966,2410,0,0
2022-07-27T00:00:00+00:00,2022-07-27,05:30:00,1658880000,136.963,137.143,136.804,136.955,7382,0,0
2022-07-27T04:00:00+00:00,2022-07-27,09:30:00,1658894400,136.954,137.05,136.835,136.987,5407,0,0
2022-07-27T08:00:00+00:00,2022-07-27,13:30:00,1658908800,136.988,136.988,136.531,136.774,5871,0,0
2022-07-27T12:00:00+00:00,2022-07-27,17:30:00,1658923200,136.772,137.351,136.753,137.351,11086,0,0
2022-07-27T16:00:00+00:00,2022-07-27,21:30:00,1658937600,137.349,137.464,136.324,136.511,28535,0,0
2022-07-27T20:00:00+00:00,2022-07-28,01:30:00,1658952000,136.504,136.611,136.083,136.118,3936,0,0
2022-07-28T00:00:00+00:00,2022-07-28,05:30:00,1658966400,136.119,136.419,135.105,135.362,23493,0,0
2022-07-28T04:00:00+00:00,2022-07-28,09:30:00,1658980800,135.363,135.798,135.249,135.584,12385,0,0
2022-07-28T08:00:00+00:00,2022-07-28,13:30:00,1658995200,135.587,135.747,135.298,135.712,9594,0,0
2022-07-28T12:00:00+00:00,2022-07-28,17:30:00,1659009600,135.71,135.717,134.34,134.447,30297,0,0
2022-07-28T16:00:00+00:00,2022-07-28,21:30:00,1659024000,134.448,134.636,134.203,134.285,7169,0,0
2022-07-28T20:00:00+00:00,2022-07-29,01:30:00,1659038400,134.279,134.583,134.191,134.405,5110,0,0
2022-07-29T00:00:00+00:00,2022-07-29,05:30:00,1659052800,134.403,134.677,132.959,133.171,24978,0,0
2022-07-29T04:00:00+00:00,2022-07-29,09:30:00,1659067200,133.169,133.463,132.506,132.771,30965,0,0
2022-07-29T08:00:00+00:00,2022-07-29,13:30:00,1659081600,132.774,133.563,132.752,133.445,17865,0,0
2022-07-29T12:00:00+00:00,2022-07-29,17:30:00,1659096000,133.447,134.596,133.217,133.221,36614,0,0
2022-07-29T16:00:00+00:00,2022-07-29,21:30:00,1659110400,133.222,133.511,133.221,133.349,8055,0,0
2022-07-29T20:00:00+00:00,2022-07-30,01:30:00,1659124800,133.347,133.347,133.198,133.218,531,0,0
2022-07-31T20:00:00+00:00,2022-08-01,01:30:00,1659297600,133.268,133.56,133.192,133.374,2791,0,0
2022-08-01T00:00:00+00:00,2022-08-01,05:30:00,1659312000,133.373,133.412,132.064,132.584,24923,0,0
2022-08-01T04:00:00+00:00,2022-08-01,09:30:00,1659326400,132.582,132.647,132.099,132.553,14663,0,0
2022-08-01T08:00:00+00:00,2022-08-01,13:30:00,1659340800,132.554,132.666,131.872,132.419,21421,0,0
2022-08-01T12:00:00+00:00,2022-08-01,17:30:00,1659355200,132.418,132.507,131.604,131.821,27902,0,0
2022-08-01T16:00:00+00:00,2022-08-01,21:30:00,1659369600,131.819,131.99,131.626,131.645,6653,0,0
2022-08-01T20:00:00+00:00,2022-08-02,01:30:00,1659384000,131.633,131.713,131.377,131.408,4532,0,0
2022-08-02T00:00:00+00:00,2022-08-02,05:30:00,1659398400,131.406,131.527,130.396,130.845,26651,0,0
2022-08-02T04:00:00+00:00,2022-08-02,09:30:00,1659412800,130.847,131.092,130.429,130.829,18986,0,0
2022-08-02T08:00:00+00:00,2022-08-02,13:30:00,1659427200,130.831,131.179,130.702,130.992,15599,0,0
2022-08-02T12:00:00+00:00,2022-08-02,17:30:00,1659441600,130.991,132.392,130.644,132.308,37569,0,0
2022-08-02T16:00:00+00:00,2022-08-02,21:30:00,1659456000,132.31,133.081,132.132,133.073,16967,0,0
2022-08-02T20:00:00+00:00,2022-08-03,01:30:00,1659470400,133.035,133.604,132.855,133.345,7598,0,0
2022-08-03T00:00:00+00:00,2022-08-03,05:30:00,1659484800,133.343,133.903,132.555,132.608,22273,0,0
2022-08-03T04:00:00+00:00,2022-08-03,09:30:00,1659499200,132.609,133.417,132.287,133.217,27039,0,0
2022-08-03T08:00:00+00:00,2022-08-03,13:30:00,1659513600,133.219,133.535,132.959,133.47,17468,0,0
2022-08-03T12:00:00+00:00,2022-08-03,17:30:00,1659528000,133.471,134.549,133.455,134.205,30702,0,0
2022-08-03T16:00:00+00:00,2022-08-03,21:30:00,1659542400,134.203,134.208,133.761,133.945,10322,0,0
2022-08-03T20:00:00+00:00,2022-08-04,01:30:00,1659556800,133.946,134.142,133.802,133.933,3182,0,0
2022-08-04T00:00:00+00:00,2022-08-04,05:30:00,1659571200,133.931,133.966,133.423,133.791,15131,0,0
2022-08-04T04:00:00+00:00,2022-08-04,09:30:00,1659585600,133.793,134.303,133.671,134.155,13723,0,0
2022-08-04T08:00:00+00:00,2022-08-04,13:30:00,1659600000,134.157,134.424,133.72,133.792,16079,0,0
2022-08-04T12:00:00+00:00,2022-08-04,17:30:00,1659614400,133.791,133.866,133.053,133.284,31223,0,0
2022-08-04T16:00:00+00:00,2022-08-04,21:30:00,1659628800,133.285,133.313,132.765,132.875,10120,0,0
2022-08-04T20:00:00+00:00,2022-08-05,01:30:00,1659643200,132.841,133.129,132.524,132.619,5624,0,0
2022-08-05T00:00:00+00:00,2022-08-05,05:30:00,1659657600,132.621,133.362,132.574,133.227,15518,0,0
2022-08-05T04:00:00+00:00,2022-08-05,09:30:00,1659672000,133.226,133.474,133.101,133.304,11491,0,0
2022-08-05T08:00:00+00:00,2022-08-05,13:30:00,1659686400,133.303,133.32,132.844,133.146,12943,0,0
2022-08-05T12:00:00+00:00,2022-08-05,17:30:00,1659700800,133.144,135.504,133.083,135.306,41483,0,0
2022-08-05T16:00:00+00:00,2022-08-05,21:30:00,1659715200,135.308,135.408,134.863,135.046,10422,0,0
2022-08-05T20:00:00+00:00,2022-08-06,01:30:00,1659729600,135.009,135.037,134.933,135.011,656,14,0
2022-08-07T20:00:00+00:00,2022-08-08,01:30:00,1659902400,135.011,135.29,134.935,135.064,3124,0,0
2022-08-08T00:00:00+00:00,2022-08-08,05:30:00,1659916800,135.065,135.584,135.063,135.121,13491,0,0
2022-08-08T04:00:00+00:00,2022-08-08,09:30:00,1659931200,135.124,135.462,134.913,134.993,8791,0,0
2022-08-08T08:00:00+00:00,2022-08-08,13:30:00,1659945600,134.995,135.205,134.602,134.798,9940,0,0
2022-08-08T12:00:00+00:00,2022-08-08,17:30:00,1659960000,134.8,135.0,134.354,134.73,17969,0,0
2022-08-08T16:00:00+00:00,2022-08-08,21:30:00,1659974400,134.728,135.112,134.595,135.076,4784,0,0
2022-08-08T20:00:00+00:00,2022-08-09,01:30:00,1659988800,135.069,135.069,134.817,134.84,2548,0,0
2022-08-09T00:00:00+00:00,2022-08-09,05:30:00,1660003200,134.842,135.049,134.669,134.929,9408,0,0
2022-08-09T04:00:00+00:00,2022-08-09,09:30:00,1660017600,134.931,135.158,134.833,134.89,7328,0,0
2022-08-09T08:00:00+00:00,2022-08-09,13:30:00,1660032000,134.888,135.09,134.717,135.08,10054,0,0
2022-08-09T12:00:00+00:00,2022-08-09,17:30:00,1660046400,135.081,135.191,134.855,134.956,10798,0,0
2022-08-09T16:00:00+00:00,2022-08-09,21:30:00,1660060800,134.955,135.202,134.923,135.124,3182,0,0
2022-08-09T20:00:00+00:00,2022-08-10,01:30:00,1660075200,135.108,135.201,135.053,135.196,2221,0,0
2022-08-10T00:00:00+00:00,2022-08-10,05:30:00,1660089600,135.198,135.304,134.921,134.952,7103,0,0
2022-08-10T04:00:00+00:00,2022-08-10,09:30:00,1660104000,134.949,135.099,134.893,134.95,5306,0,0
2022-08-10T08:00:00+00:00,2022-08-10,13:30:00,1660118400,134.947,135.052,134.804,134.815,6963,0,0
2022-08-10T12:00:00+00:00,2022-08-10,17:30:00,1660132800,134.813,135.099,132.031,132.577,60296,0,0
2022-08-10T16:00:00+00:00,2022-08-10,21:30:00,1660147200,132.576,133.073,132.352,132.913,13824,0,0
2022-08-10T20:00:00+00:00,2022-08-11,01:30:00,1660161600,132.9,132.946,132.706,132.815,2883,0,0
2022-08-11T00:00:00+00:00,2022-08-11,05:30:00,1660176000,132.813,133.312,132.606,133.163,9028,0,0
2022-08-11T04:00:00+00:00,2022-08-11,09:30:00,1660190400,133.165,133.196,132.431,132.437,12438,0,0
2022-08-11T08:00:00+00:00,2022-08-11,13:30:00,1660204800,132.439,132.71,132.292,132.375,10981,0,0
2022-08-11T12:00:00+00:00,2022-08-11,17:30:00,1660219200,132.376,132.889,131.737,132.683,33987,0,0
2022-08-11T16:00:00+00:00,2022-08-11,21:30:00,1660233600,132.684,133.136,132.608,133.116,8404,0,0
2022-08-11T20:00:00+00:00,2022-08-12,01:30:00,1660248000,133.098,133.121,132.861,133.013,2510,0,0
2022-08-12T00:00:00+00:00,2022-08-12,05:30:00,1660262400,133.015,133.494,132.904,133.283,10630,0,0
2022-08-12T04:00:00+00:00,2022-08-12,09:30:00,1660276800,133.281,133.44,133.074,133.263,10865,0,0
2022-08-12T08:00:00+00:00,2022-08-12,13:30:00,1660291200,133.265,133.892,133.17,133.822,14321,0,0
2022-08-12T12:00:00+00:00,2022-08-12,17:30:00,1660305600,133.823,133.886,133.436,133.582,26248,0,0
2022-08-12T16:00:00+00:00,2022-08-12,21:30:00,1660320000,133.583,133.61,133.435,133.485,3849,0,0
2022-08-12T20:00:00+00:00,2022-08-13,01:30:00,1660334400,133.487,133.525,133.412,133.492,436,0,0
2022-08-14T20:00:00+00:00,2022-08-15,01:30:00,1660507200,133.383,133.587,133.22,133.312,2445,0,0
2022-08-15T00:00:00+00:00,2022-08-15,05:30:00,1660521600,133.314,133.396,132.917,133.19,9486,0,0
2022-08-15T04:00:00+00:00,2022-08-15,09:30:00,1660536000,133.188,133.542,133.131,133.519,7231,0,0
2022-08-15T08:00:00+00:00,2022-08-15,13:30:00,1660550400,133.52,133.521,133.156,133.185,8921,0,0
2022-08-15T12:00:00+00:00,2022-08-15,17:30:00,1660564800,133.184,133.188,132.556,133.145,21408,0,0
2022-08-15T16:00:00+00:00,2022-08-15,21:30:00,1660579200,133.144,133.339,133.113,133.298,4118,0,0
2022-08-15T20:00:00+00:00,2022-08-16,01:30:00,1660593600,133.28,133.329,133.05,133.138,3178,0,0
2022-08-16T00:00:00+00:00,2022-08-16,05:30:00,1660608000,133.135,133.49,132.954,133.344,9701,0,0
2022-08-16T04:00:00+00:00,2022-08-16,09:30:00,1660622400,133.345,133.8,133.267,133.669,8234,0,0
2022-08-16T08:00:00+00:00,2022-08-16,13:30:00,1660636800,133.668,134.487,133.638,134.391,13377,0,0
2022-08-16T12:00:00+00:00,2022-08-16,17:30:00,1660651200,134.39,134.684,134.208,134.389,16830,0,0
2022-08-16T16:00:00+00:00,2022-08-16,21:30:00,1660665600,134.388,134.458,134.167,134.196,3765,0,0
2022-08-16T20:00:00+00:00,2022-08-17,01:30:00,1660680000,134.181,134.327,134.164,134.285,2135,0,0
2022-08-17T00:00:00+00:00,2022-08-17,05:30:00,1660694400,134.288,134.432,133.909,134.138,9689,0,0
2022-08-17T04:00:00+00:00,2022-08-17,09:30:00,1660708800,134.139,134.855,134.087,134.798,11195,0,0
2022-08-17T08:00:00+00:00,2022-08-17,13:30:00,1660723200,134.799,135.199,134.649,135.16,10321,0,0
2022-08-17T12:00:00+00:00,2022-08-17,17:30:00,1660737600,135.159,135.499,134.942,135.426,17269,0,0
2022-08-17T16:00:00+00:00,2022-08-17,21:30:00,1660752000,135.425,135.48,134.794,135.025,13271,0,0
2022-08-17T20:00:00+00:00,2022-08-18,01:30:00,1660766400,135.013,135.175,134.941,134.957,2465,0,0
2022-08-18T00:00:00+00:00,2022-08-18,05:30:00,1660780800,134.959,135.085,134.734,135.071,8870,0,0
2022-08-18T04:00:00+00:00,2022-08-18,09:30:00,1660795200,135.072,135.43,134.99,135.298,10660,0,0
2022-08-18T08:00:00+00:00,2022-08-18,13:30:00,1660809600,135.299,135.347,134.778,134.806,9890,0,0
2022-08-18T12:00:00+00:00,2022-08-18,17:30:00,1660824000,134.807,135.338,134.649,135.299,19422,0,0
2022-08-18T16:00:00+00:00,2022-08-18,21:30:00,1660838400,135.3,135.901,135.278,135.885,7858,0,0
2022-08-18T20:00:00+00:00,2022-08-19,01:30:00,1660852800,135.871,135.901,135.719,135.809,1749,0,0
2022-08-19T00:00:00+00:00,2022-08-19,05:30:00,1660867200,135.81,136.373,135.81,136.307,10961,0,0
2022-08-19T04:00:00+00:00,2022-08-19,09:30:00,1660881600,136.308,136.69,136.124,136.664,9833,0,0
2022-08-19T08:00:00+00:00,2022-08-19,13:30:00,1660896000,136.663,137.137,136.392,137.026,10694,0,0
2022-08-19T12:00:00+00:00,2022-08-19,17:30:00,1660910400,137.024,137.23,136.726,137.024,14128,0,0
2022-08-19T16:00:00+00:00,2022-08-19,21:30:00,1660924800,137.023,137.024,136.741,136.79,4257,0,0
2022-08-19T20:00:00+00:00,2022-08-20,01:30:00,1660939200,136.765,136.914,136.757,136.897,400,14,0
2022-08-21T20:00:00+00:00,2022-08-22,01:30:00,1661112000,136.841,137.078,136.813,137.028,2582,0,0
2022-08-22T00:00:00+00:00,2022-08-22,05:30:00,1661126400,137.026,137.436,136.952,137.244,9218,0,0
2022-08-22T04:00:00+00:00,2022-08-22,09:30:00,1661140800,137.242,137.304,136.77,136.846,10589,0,0
2022-08-22T08:00:00+00:00,2022-08-22,13:30:00,1661155200,136.845,137.101,136.692,136.98,10408,0,0
2022-08-22T12:00:00+00:00,2022-08-22,17:30:00,1661169600,136.982,137.648,136.982,137.574,13138,0,0
2022-08-22T16:00:00+00:00,2022-08-22,21:30:00,1661184000,137.575,137.587,137.354,137.444,4554,0,0
2022-08-22T20:00:00+00:00,2022-08-23,01:30:00,1661198400,137.429,137.613,137.413,137.577,2141,0,0
2022-08-23T00:00:00+00:00,2022-08-23,05:30:00,1661212800,137.579,137.71,137.082,137.203,10642,0,0
2022-08-23T04:00:00+00:00,2022-08-23,09:30:00,1661227200,137.205,137.419,137.04,137.277,10535,0,0
2022-08-23T08:00:00+00:00,2022-08-23,13:30:00,1661241600,137.276,137.546,137.177,137.372,7232,0,0
2022-08-23T12:00:00+00:00,2022-08-23,17:30:00,1661256000,137.371,137.644,135.81,136.368,31303,0,0
2022-08-23T16:00:00+00:00,2022-08-23,21:30:00,1661270400,136.369,136.885,136.339,136.798,5989,0,0
2022-08-23T20:00:00+00:00,2022-08-24,01:30:00,1661284800,136.784,136.85,136.595,136.745,3953,0,0
2022-08-24T00:00:00+00:00,2022-08-24,05:30:00,1661299200,136.747,137.042,136.654,136.81,8899,0,0
2022-08-24T04:00:00+00:00,2022-08-24,09:30:00,1661313600,136.811,136.852,136.363,136.547,10095,0,0
2022-08-24T08:00:00+00:00,2022-08-24,13:30:00,1661328000,136.549,136.867,136.176,136.717,10812,0,0
2022-08-24T12:00:00+00:00,2022-08-24,17:30:00,1661342400,136.715,137.244,136.555,136.929,20101,0,0
2022-08-24T16:00:00+00:00,2022-08-24,21:30:00,1661356800,136.926,137.212,136.916,137.102,4127,0,0
2022-08-24T20:00:00+00:00,2022-08-25,01:30:00,1661371200,137.087,137.146,136.958,137.099,2107,0,0
2022-08-25T00:00:00+00:00,2022-08-25,05:30:00,1661385600,137.101,137.201,136.587,136.82,10700,0,0
2022-08-25T04:00:00+00:00,2022-08-25,09:30:00,1661400000,136.819,136.847,136.402,136.483,10169,0,0
2022-08-25T08:00:00+00:00,2022-08-25,13:30:00,1661414400,136.481,136.601,136.321,136.401,9018,0,0
2022-08-25T12:00:00+00:00,2022-08-25,17:30:00,1661428800,136.398,136.954,136.378,136.838,15820,0,0
2022-08-25T16:00:00+00:00,2022-08-25,21:30:00,1661443200,136.837,136.89,136.4,136.515,5084,0,0
2022-08-25T20:00:00+00:00,2022-08-26,01:30:00,1661457600,136.502,136.627,136.407,136.567,1743,0,0
2022-08-26T00:00:00+00:00,2022-08-26,05:30:00,1661472000,136.565,136.793,136.496,136.661,5515,0,0
2022-08-26T04:00:00+00:00,2022-08-26,09:30:00,1661486400,136.659,137.126,136.655,137.025,6605,0,0
2022-08-26T08:00:00+00:00,2022-08-26,13:30:00,1661500800,137.024,137.046,136.812,136.98,6452,0,0
2022-08-26T12:00:00+00:00,2022-08-26,17:30:00,1661515200,136.982,137.455,136.208,137.074,43149,0,0
2022-08-26T16:00:00+00:00,2022-08-26,21:30:00,1661529600,137.072,137.485,137.039,137.453,7514,0,0
2022-08-26T20:00:00+00:00,2022-08-27,01:30:00,1661544000,137.44,137.527,137.363,137.519,489,14,0
2022-08-28T20:00:00+00:00,2022-08-29,01:30:00,1661716800,137.635,138.212,137.561,138.166,3708,0,0
2022-08-29T00:00:00+00:00,2022-08-29,05:30:00,1661731200,138.169,138.675,138.086,138.585,10577,0,0
2022-08-29T04:00:00+00:00,2022-08-29,09:30:00,1661745600,138.583,139.001,138.551,138.703,11181,0,0
2022-08-29T08:00:00+00:00,2022-08-29,13:30:00,1661760000,138.705,138.865,138.365,138.577,9236,0,0
2022-08-29T12:00:00+00:00,2022-08-29,17:30:00,1661774400,138.576,138.848,138.271,138.75,13739,0,0
2022-08-29T16:00:00+00:00,2022-08-29,21:30:00,1661788800,138.748,138.878,138.645,138.7,4548,0,0
2022-08-29T20:00:00+00:00,2022-08-30,01:30:00,1661803200,138.687,138.77,138.586,138.648,2484,0,0
2022-08-30T00:00:00+00:00,2022-08-30,05:30:00,1661817600,138.649,138.68,138.382,138.579,8660,0,0
2022-08-30T04:00:00+00:00,2022-08-30,09:30:00,1661832000,138.581,138.66,138.341,138.458,10526,0,0
2022-08-30T08:00:00+00:00,2022-08-30,13:30:00,1661846400,138.456,138.458,138.053,138.199,10026,0,0
2022-08-30T12:00:00+00:00,2022-08-30,17:30:00,1661860800,138.196,139.079,138.173,138.729,19376,0,0
2022-08-30T16:00:00+00:00,2022-08-30,21:30:00,1661875200,138.73,138.8,138.613,138.728,5331,0,0
2022-08-30T20:00:00+00:00,2022-08-31,01:30:00,1661889600,138.691,138.845,138.691,138.763,1991,0,0
2022-08-31T00:00:00+00:00,2022-08-31,05:30:00,1661904000,138.764,138.794,138.422,138.597,9235,0,0
2022-08-31T04:00:00+00:00,2022-08-31,09:30:00,1661918400,138.598,138.622,138.273,138.602,7905,0,0
2022-08-31T08:00:00+00:00,2022-08-31,13:30:00,1661932800,138.6,138.892,138.536,138.755,9650,0,0
2022-08-31T12:00:00+00:00,2022-08-31,17:30:00,1661947200,138.754,138.852,138.449,138.71,18072,0,0
2022-08-31T16:00:00+00:00,2022-08-31,21:30:00,1661961600,138.709,138.953,138.635,138.919,5046,0,0
2022-08-31T20:00:00+00:00,2022-09-01,01:30:00,1661976000,138.904,139.444,138.888,139.334,3926,0,0
2022-09-01T00:00:00+00:00,2022-09-01,05:30:00,1661990400,139.332,139.684,139.29,139.525,11444,0,0
2022-09-01T04:00:00+00:00,2022-09-01,09:30:00,1662004800,139.523,139.573,139.14,139.283,9869,0,0
2022-09-01T08:00:00+00:00,2022-09-01,13:30:00,1662019200,139.282,139.366,139.059,139.228,9064,0,0
2022-09-01T12:00:00+00:00,2022-09-01,17:30:00,1662033600,139.226,140.225,139.191,139.931,21097,0,0
2022-09-01T16:00:00+00:00,2022-09-01,21:30:00,1662048000,139.934,140.229,139.873,140.202,5254,0,0
2022-09-01T20:00:00+00:00,2022-09-02,01:30:00,1662062400,140.182,140.272,140.045,140.088,2396,0,0
2022-09-02T00:00:00+00:00,2022-09-02,05:30:00,1662076800,140.089,140.203,139.873,140.153,7991,0,0
2022-09-02T04:00:00+00:00,2022-09-02,09:30:00,1662091200,140.151,140.431,140.136,140.247,7147,0,0
2022-09-02T08:00:00+00:00,2022-09-02,13:30:00,1662105600,140.25,140.487,140.245,140.436,5900,0,0
2022-09-02T12:00:00+00:00,2022-09-02,17:30:00,1662120000,140.434,140.801,139.919,140.053,27541,0,0
2022-09-02T16:00:00+00:00,2022-09-02,21:30:00,1662134400,140.054,140.323,140.028,140.245,6165,0,0
2022-09-02T20:00:00+00:00,2022-09-03,01:30:00,1662148800,140.209,140.235,140.147,140.182,511,14,0
2022-09-04T20:00:00+00:00,2022-09-05,01:30:00,1662321600,140.132,140.552,140.074,140.542,3070,0,0
2022-09-05T00:00:00+00:00,2022-09-05,05:30:00,1662336000,140.543,140.555,140.12,140.347,8811,0,0
2022-09-05T04:00:00+00:00,2022-09-05,09:30:00,1662350400,140.348,140.597,140.296,140.572,8295,0,0
2022-09-05T08:00:00+00:00,2022-09-05,13:30:00,1662364800,140.571,140.588,140.38,140.505,6765,0,0
2022-09-05T12:00:00+00:00,2022-09-05,17:30:00,1662379200,140.503,140.663,140.486,140.489,4496,0,0
2022-09-05T16:00:00+00:00,2022-09-05,21:30:00,1662393600,140.49,140.564,140.488,140.545,573,0,0
2022-09-05T20:00:00+00:00,2022-09-06,01:30:00,1662408000,140.492,140.58,140.345,140.436,2644,0,0
2022-09-06T00:00:00+00:00,2022-09-06,05:30:00,1662422400,140.434,140.607,140.253,140.598,7407,0,0
2022-09-06T04:00:00+00:00,2022-09-06,09:30:00,1662436800,140.597,141.736,140.574,141.539,12805,0,0
2022-09-06T08:00:00+00:00,2022-09-06,13:30:00,1662451200,141.541,142.107,141.516,141.909,10715,0,0
2022-09-06T12:00:00+00:00,2022-09-06,17:30:00,1662465600,141.907,142.977,141.875,142.95,22052,0,0
2022-09-06T16:00:00+00:00,2022-09-06,21:30:00,1662480000,142.952,143.075,142.762,142.808,5575,0,0
2022-09-06T20:00:00+00:00,2022-09-07,01:30:00,1662494400,142.789,143.477,142.706,143.164,6769,0,0
2022-09-07T00:00:00+00:00,2022-09-07,05:30:00,1662508800,143.163,144.091,142.929,144.004,26439,0,0
2022-09-07T04:00:00+00:00,2022-09-07,09:30:00,1662523200,144.005,144.386,143.76,143.903,21487,0,0
2022-09-07T08:00:00+00:00,2022-09-07,13:30:00,1662537600,143.905,144.991,143.879,144.968,16482,0,0
2022-09-07T12:00:00+00:00,2022-09-07,17:30:00,1662552000,144.966,144.966,144.223,144.388,19069,0,0
2022-09-07T16:00:00+00:00,2022-09-07,21:30:00,1662566400,144.39,144.447,143.672,143.72,9275,0,0
2022-09-07T20:00:00+00:00,2022-09-08,01:30:00,1662580800,143.707,144.312,143.7,144.095,4178,0,0
2022-09-08T00:00:00+00:00,2022-09-08,05:30:00,1662595200,144.094,144.559,143.93,144.007,14551,0,0
2022-09-08T04:00:00+00:00,2022-09-08,09:30:00,1662609600,144.006,144.117,143.465,143.824,17493,0,0
2022-09-08T08:00:00+00:00,2022-09-08,13:30:00,1662624000,143.826,144.147,143.32,143.482,16191,0,0
2022-09-08T12:00:00+00:00,2022-09-08,17:30:00,1662638400,143.481,144.444,143.398,144.074,33523,0,0
2022-09-08T16:00:00+00:00,2022-09-08,21:30:00,1662652800,144.072,144.248,143.882,144.019,6680,0,0
2022-09-08T20:00:00+00:00,2022-09-09,01:30:00,1662667200,143.982,144.111,143.8,143.879,3173,0,0
2022-09-09T00:00:00+00:00,2022-09-09,05:30:00,1662681600,143.877,143.961,143.058,143.156,18041,0,0
2022-09-09T04:00:00+00:00,2022-09-09,09:30:00,1662696000,143.154,143.219,142.147,142.36,24223,0,0
2022-09-09T08:00:00+00:00,2022-09-09,13:30:00,1662710400,142.361,142.628,141.505,142.544,21360,0,0
2022-09-09T12:00:00+00:00,2022-09-09,17:30:00,1662724800,142.547,142.824,142.156,142.45,27397,0,0
2022-09-09T16:00:00+00:00,2022-09-09,21:30:00,1662739200,142.448,142.771,142.435,142.691,6353,0,0
2022-09-09T20:00:00+00:00,2022-09-10,01:30:00,1662753600,142.656,142.701,142.56,142.578,605,14,0
2022-09-11T20:00:00+00:00,2022-09-12,01:30:00,1662926400,142.137,142.757,142.135,142.566,2589,0,0
2022-09-12T00:00:00+00:00,2022-09-12,05:30:00,1662940800,142.568,143.04,142.333,142.952,12394,0,0
2022-09-12T04:00:00+00:00,2022-09-12,09:30:00,1662955200,142.949,143.495,142.625,142.77,16987,0,0
2022-09-12T08:00:00+00:00,2022-09-12,13:30:00,1662969600,142.769,142.961,142.417,142.553,15095,0,0
2022-09-12T12:00:00+00:00,2022-09-12,17:30:00,1662984000,142.555,142.875,142.235,142.444,19692,0,0
2022-09-12T16:00:00+00:00,2022-09-12,21:30:00,1662998400,142.445,142.842,142.162,142.825,6567,0,0
2022-09-12T20:00:00+00:00,2022-09-13,01:30:00,1663012800,142.8,142.845,142.522,142.585,2577,0,0
2022-09-13T00:00:00+00:00,2022-09-13,05:30:00,1663027200,142.584,142.741,142.321,142.505,12781,0,0
2022-09-13T04:00:00+00:00,2022-09-13,09:30:00,1663041600,142.503,142.597,142.045,142.258,12416,0,0
2022-09-13T08:00:00+00:00,2022-09-13,13:30:00,1663056000,142.257,142.412,141.876,142.038,11472,0,0
2022-09-13T12:00:00+00:00,2022-09-13,17:30:00,1663070400,142.036,144.686,141.633,144.321,65833,0,0
2022-09-13T16:00:00+00:00,2022-09-13,21:30:00,1663084800,144.322,144.51,144.115,144.475,11720,0,0
2022-09-13T20:00:00+00:00,2022-09-14,01:30:00,1663099200,144.463,144.938,144.317,144.458,9563,0,0
2022-09-14T00:00:00+00:00,2022-09-14,05:30:00,1663113600,144.456,144.852,144.072,144.41,22455,0,0
2022-09-14T04:00:00+00:00,2022-09-14,09:30:00,1663128000,144.409,144.445,143.265,143.315,30975,0,0
2022-09-14T08:00:00+00:00,2022-09-14,13:30:00,1663142400,143.314,143.725,142.898,143.384,26545,0,0
2022-09-14T12:00:00+00:00,2022-09-14,17:30:00,1663156800,143.386,143.518,142.552,142.932,28937,0,0
2022-09-14T16:00:00+00:00,2022-09-14,21:30:00,1663171200,142.934,143.223,142.835,143.19,5661,0,0
2022-09-14T20:00:00+00:00,2022-09-15,01:30:00,1663185600,143.177,143.2,142.798,142.923,3124,0,0
2022-09-15T00:00:00+00:00,2022-09-15,05:30:00,1663200000,142.922,143.493,142.911,143.414,14300,0,0
2022-09-15T04:00:00+00:00,2022-09-15,09:30:00,1663214400,143.415,143.802,143.292,143.569,10794,0,0
2022-09-15T08:00:00+00:00,2022-09-15,13:30:00,1663228800,143.567,143.678,143.221,143.511,11547,0,0
2022-09-15T12:00:00+00:00,2022-09-15,17:30:00,1663243200,143.51,143.724,143.154,143.573,23809,0,0
2022-09-15T16:00:00+00:00,2022-09-15,21:30:00,1663257600,143.572,143.606,143.336,143.462,5055,0,0
2022-09-15T20:00:00+00:00,2022-09-16,01:30:00,1663272000,143.443,143.512,143.304,143.34,2123,0,0
2022-09-16T00:00:00+00:00,2022-09-16,05:30:00,1663286400,143.339,143.495,142.83,143.369,12487,0,0
2022-09-16T04:00:00+00:00,2022-09-16,09:30:00,1663300800,143.367,143.693,143.22,143.455,10453,0,0
2022-09-16T08:00:00+00:00,2022-09-16,13:30:00,1663315200,143.454,143.494,142.955,143.078,9654,0,0
2022-09-16T12:00:00+00:00,2022-09-16,17:30:00,1663329600,143.077,143.357,142.865,143.042,17717,0,0
2022-09-16T16:00:00+00:00,2022-09-16,21:30:00,1663344000,143.04,143.062,142.856,142.909,4707,0,0
2022-09-16T20:00:00+00:00,2022-09-17,01:30:00,1663358400,142.887,142.979,142.886,142.92,475,14,0
2022-09-18T20:00:00+00:00,2022-09-19,01:30:00,1663531200,142.912,143.106,142.644,142.761,3678,0,0
2022-09-19T00:00:00+00:00,2022-09-19,05:30:00,1663545600,142.758,143.213,142.685,143.178,8646,0,0
2022-09-19T04:00:00+00:00,2022-09-19,09:30:00,1663560000,143.176,143.544,143.129,143.51,6167,0,0
2022-09-19T08:00:00+00:00,2022-09-19,13:30:00,1663574400,143.512,143.645,143.362,143.629,6689,0,0
2022-09-19T12:00:00+00:00,2022-09-19,17:30:00,1663588800,143.627,143.645,143.174,143.343,10739,0,0
2022-09-19T16:00:00+00:00,2022-09-19,21:30:00,1663603200,143.344,143.389,143.153,143.172,3293,0,0
2022-09-19T20:00:00+00:00,2022-09-20,01:30:00,1663617600,143.158,143.341,143.153,143.184,2570,0,0
2022-09-20T00:00:00+00:00,2022-09-20,05:30:00,1663632000,143.183,143.297,142.935,143.193,10049,0,0
2022-09-20T04:00:00+00:00,2022-09-20,09:30:00,1663646400,143.191,143.555,143.187,143.466,7326,0,0
2022-09-20T08:00:00+00:00,2022-09-20,13:30:00,1663660800,143.468,143.816,143.463,143.624,8306,0,0
2022-09-20T12:00:00+00:00,2022-09-20,17:30:00,1663675200,143.623,143.922,143.496,143.641,13117,0,0
2022-09-20T16:00:00+00:00,2022-09-20,21:30:00,1663689600,143.643,143.705,143.526,143.678,4542,0,0
2022-09-20T20:00:00+00:00,2022-09-21,01:30:00,1663704000,143.664,143.751,143.54,143.585,2527,0,0
2022-09-21T00:00:00+00:00,2022-09-21,05:30:00,1663718400,143.583,143.877,143.48,143.836,10078,0,0
2022-09-21T04:00:00+00:00,2022-09-21,09:30:00,1663732800,143.837,144.076,143.345,143.744,14804,0,0
2022-09-21T08:00:00+00:00,2022-09-21,13:30:00,1663747200,143.746,144.207,143.664,144.077,8902,0,0
2022-09-21T12:00:00+00:00,2022-09-21,17:30:00,1663761600,144.075,144.209,143.874,144.142,12280,0,0
2022-09-21T16:00:00+00:00,2022-09-21,21:30:00,1663776000,144.144,144.702,143.401,143.866,42431,0,0
2022-09-21T20:00:00+00:00,2022-09-22,01:30:00,1663790400,143.853,144.556,143.853,144.244,5234,0,0
2022-09-22T00:00:00+00:00,2022-09-22,05:30:00,1663804800,144.245,145.39,143.517,144.855,42657,0,0
2022-09-22T04:00:00+00:00,2022-09-22,09:30:00,1663819200,144.853,145.902,144.633,145.776,32463,0,0
2022-09-22T08:00:00+00:00,2022-09-22,13:30:00,1663833600,145.778,145.847,140.689,141.256,150832,0,0
2022-09-22T12:00:00+00:00,2022-09-22,17:30:00,1663848000,141.257,142.386,140.352,142.165,68875,0,0
2022-09-22T16:00:00+00:00,2022-09-22,21:30:00,1663862400,142.164,142.504,142.098,142.35,10618,0,0
2022-09-22T20:00:00+00:00,2022-09-23,01:30:00,1663876800,142.334,142.569,142.247,142.275,5039,0,0
2022-09-23T00:00:00+00:00,2022-09-23,05:30:00,1663891200,142.273,142.447,141.767,142.217,14904,0,0
2022-09-23T04:00:00+00:00,2022-09-23,09:30:00,1663905600,142.216,142.459,142.089,142.278,16655,0,0
2022-09-23T08:00:00+00:00,2022-09-23,13:30:00,1663920000,142.279,143.266,142.252,142.798,37668,0,0
2022-09-23T12:00:00+00:00,2022-09-23,17:30:00,1663934400,142.8,143.332,142.674,143.18,33599,0,0
2022-09-23T16:00:00+00:00,2022-09-23,21:30:00,1663948800,143.181,143.461,143.087,143.296,10110,0,0
2022-09-23T20:00:00+00:00,2022-09-24,01:30:00,1663963200,143.281,143.349,143.259,143.346,763,14,0
2022-09-25T20:00:00+00:00,2022-09-26,01:30:00,1664136000,143.626,143.626,143.236,143.533,5020,0,0
2022-09-26T00:00:00+00:00,2022-09-26,05:30:00,1664150400,143.53,144.162,143.424,143.964,27122,0,0
2022-09-26T04:00:00+00:00,2022-09-26,09:30:00,1664164800,143.962,144.264,143.524,143.829,28224,0,0
2022-09-26T08:00:00+00:00,2022-09-26,13:30:00,1664179200,143.827,144.373,143.556,144.204,20858,0,0
2022-09-26T12:00:00+00:00,2022-09-26,17:30:00,1664193600,144.205,144.508,143.794,144.471,26495,0,0
2022-09-26T16:00:00+00:00,2022-09-26,21:30:00,1664208000,144.47,144.788,144.458,144.584,12257,0,0
2022-09-26T20:00:00+00:00,2022-09-27,01:30:00,1664222400,144.556,144.725,144.446,144.471,4271,0,0
2022-09-27T00:00:00+00:00,2022-09-27,05:30:00,1664236800,144.473,144.636,144.271,144.414,12447,0,0
2022-09-27T04:00:00+00:00,2022-09-27,09:30:00,1664251200,144.412,144.555,144.063,144.274,14799,0,0
2022-09-27T08:00:00+00:00,2022-09-27,13:30:00,1664265600,144.272,144.504,144.226,144.447,12585,0,0
2022-09-27T12:00:00+00:00,2022-09-27,17:30:00,1664280000,144.445,144.853,144.379,144.715,22491,0,0
2022-09-27T16:00:00+00:00,2022-09-27,21:30:00,1664294400,144.713,144.904,144.693,144.833,7523,0,0
2022-09-27T20:00:00+00:00,2022-09-28,01:30:00,1664308800,144.819,144.872,144.684,144.711,2982,0,0
2022-09-28T00:00:00+00:00,2022-09-28,05:30:00,1664323200,144.709,144.852,144.39,144.706,13366,0,0
2022-09-28T04:00:00+00:00,2022-09-28,09:30:00,1664337600,144.704,144.82,144.499,144.567,11118,0,0
2022-09-28T08:00:00+00:00,2022-09-28,13:30:00,1664352000,144.566,144.827,144.485,144.747,22408,0,0
2022-09-28T12:00:00+00:00,2022-09-28,17:30:00,1664366400,144.749,144.756,144.155,144.162,25924,0,0
2022-09-28T16:00:00+00:00,2022-09-28,21:30:00,1664380800,144.16,144.349,143.909,144.099,11896,0,0
2022-09-28T20:00:00+00:00,2022-09-29,01:30:00,1664395200,144.079,144.465,144.045,144.418,4038,0,0
2022-09-29T00:00:00+00:00,2022-09-29,05:30:00,1664409600,144.416,144.458,144.207,144.409,9864,0,0
2022-09-29T04:00:00+00:00,2022-09-29,09:30:00,1664424000,144.411,144.815,144.403,144.675,16494,0,0
2022-09-29T08:00:00+00:00,2022-09-29,13:30:00,1664438400,144.674,144.797,144.587,144.703,13168,0,0
2022-09-29T12:00:00+00:00,2022-09-29,17:30:00,1664452800,144.705,144.78,144.426,144.451,19060,0,0
2022-09-29T16:00:00+00:00,2022-09-29,21:30:00,1664467200,144.453,144.639,144.257,144.439,6712,0,0
2022-09-29T20:00:00+00:00,2022-09-30,01:30:00,1664481600,144.403,144.512,144.289,144.426,3533,0,0
2022-09-30T00:00:00+00:00,2022-09-30,05:30:00,1664496000,144.428,144.772,144.397,144.741,9735,0,0
2022-09-30T04:00:00+00:00,2022-09-30,09:30:00,1664510400,144.739,144.742,144.26,144.321,12248,0,0
2022-09-30T08:00:00+00:00,2022-09-30,13:30:00,1664524800,144.319,144.642,144.205,144.634,9621,0,0
2022-09-30T12:00:00+00:00,2022-09-30,17:30:00,1664539200,144.632,144.956,144.434,144.718,19926,0,0
2022-09-30T16:00:00+00:00,2022-09-30,21:30:00,1664553600,144.719,144.81,144.664,144.728,5442,0,0
2022-09-30T20:00:00+00:00,2022-10-01,01:30:00,1664568000,144.729,144.797,144.713,144.736,726,0,0
2022-10-02T20:00:00+00:00,2022-10-03,01:30:00,1664740800,144.706,144.89,144.609,144.806,2768,0,0
2022-10-03T00:00:00+00:00,2022-10-03,05:30:00,1664755200,144.808,144.865,144.5,144.846,8266,0,0
2022-10-03T04:00:00+00:00,2022-10-03,09:30:00,1664769600,144.847,145.319,144.649,145.031,19092,0,0
2022-10-03T08:00:00+00:00,2022-10-03,13:30:00,1664784000,145.029,145.213,144.834,144.853,8447,0,0
2022-10-03T12:00:00+00:00,2022-10-03,17:30:00,1664798400,144.851,144.973,144.153,144.503,17600,0,0
2022-10-03T16:00:00+00:00,2022-10-03,21:30:00,1664812800,144.504,144.793,144.414,144.668,5586,0,0
2022-10-03T20:00:00+00:00,2022-10-04,01:30:00,1664827200,144.649,144.7,144.426,144.528,2731,0,0
2022-10-04T00:00:00+00:00,2022-10-04,05:30:00,1664841600,144.526,144.915,144.414,144.732,8958,0,0
2022-10-04T04:00:00+00:00,2022-10-04,09:30:00,1664856000,144.731,144.872,144.53,144.659,11324,0,0
2022-10-04T08:00:00+00:00,2022-10-04,13:30:00,1664870400,144.658,144.852,144.593,144.814,8764,0,0
2022-10-04T12:00:00+00:00,2022-10-04,17:30:00,1664884800,144.813,144.934,144.294,144.338,15438,0,0
2022-10-04T16:00:00+00:00,2022-10-04,21:30:00,1664899200,144.336,144.336,143.892,144.053,7729,0,0
2022-10-04T20:00:00+00:00,2022-10-05,01:30:00,1664913600,144.047,144.221,143.776,143.855,3490,0,0
2022-10-05T00:00:00+00:00,2022-10-05,05:30:00,1664928000,143.854,144.339,143.528,144.077,15813,0,0
2022-10-05T04:00:00+00:00,2022-10-05,09:30:00,1664942400,144.078,144.511,144.003,144.443,11274,0,0
2022-10-05T08:00:00+00:00,2022-10-05,13:30:00,1664956800,144.446,144.561,144.275,144.511,10132,0,0
2022-10-05T12:00:00+00:00,2022-10-05,17:30:00,1664971200,144.514,144.846,144.378,144.739,14831,0,0
2022-10-05T16:00:00+00:00,2022-10-05,21:30:00,1664985600,144.741,144.79,144.395,144.564,4932,0,0
2022-10-05T20:00:00+00:00,2022-10-06,01:30:00,1665000000,144.523,144.682,144.436,144.44,3132,0,0
2022-10-06T00:00:00+00:00,2022-10-06,05:30:00,1665014400,144.439,144.702,144.388,144.574,6493,0,0
2022-10-06T04:00:00+00:00,2022-10-06,09:30:00,1665028800,144.575,144.682,144.484,144.585,6477,0,0
2022-10-06T08:00:00+00:00,2022-10-06,13:30:00,1665043200,144.587,144.775,144.565,144.698,7044,0,0
2022-10-06T12:00:00+00:00,2022-10-06,17:30:00,1665057600,144.696,144.961,144.571,144.948,11665,0,0
2022-10-06T16:00:00+00:00,2022-10-06,21:30:00,1665072000,144.949,145.138,144.889,145.125,5867,0,0
2022-10-06T20:00:00+00:00,2022-10-07,01:30:00,1665086400,145.103,145.132,144.91,145.047,2247,0,0
2022-10-07T00:00:00+00:00,2022-10-07,05:30:00,1665100800,145.046,145.106,144.85,144.965,7666,0,0
2022-10-07T04:00:00+00:00,2022-10-07,09:30:00,1665115200,144.963,145.081,144.845,144.915,5351,0,0
2022-10-07T08:00:00+00:00,2022-10-07,13:30:00,1665129600,144.914,144.957,144.721,144.932,5471,0,0
2022-10-07T12:00:00+00:00,2022-10-07,17:30:00,1665144000,144.934,145.352,144.736,145.198,20909,0,0
2022-10-07T16:00:00+00:00,2022-10-07,21:30:00,1665158400,145.199,145.443,145.152,145.36,3103,0,0
2022-10-07T20:00:00+00:00,2022-10-08,01:30:00,1665172800,145.345,145.4,145.315,145.374,424,14,0
2022-10-09T20:00:00+00:00,2022-10-10,01:30:00,1665345600,145.306,145.49,145.306,145.468,1711,0,0
2022-10-10T00:00:00+00:00,2022-10-10,05:30:00,1665360000,145.466,145.667,145.34,145.44,5263,0,0
2022-10-10T04:00:00+00:00,2022-10-10,09:30:00,1665374400,145.441,145.48,145.238,145.435,4871,0,0
2022-10-10T08:00:00+00:00,2022-10-10,13:30:00,1665388800,145.432,145.594,145.425,145.542,5622,0,0
2022-10-10T12:00:00+00:00,2022-10-10,17:30:00,1665403200,145.544,145.805,145.445,145.728,8806,0,0
2022-10-10T16:00:00+00:00,2022-10-10,21:30:00,1665417600,145.725,145.792,145.61,145.723,3521,0,0
2022-10-10T20:00:00+00:00,2022-10-11,01:30:00,1665432000,145.715,145.742,145.627,145.672,1985,0,0
2022-10-11T00:00:00+00:00,2022-10-11,05:30:00,1665446400,145.67,145.781,145.551,145.733,7065,0,0
2022-10-11T04:00:00+00:00,2022-10-11,09:30:00,1665460800,145.732,145.863,145.542,145.625,7213,0,0
2022-10-11T08:00:00+00:00,2022-10-11,13:30:00,1665475200,145.626,145.764,145.502,145.567,6694,0,0
2022-10-11T12:00:00+00:00,2022-10-11,17:30:00,1665489600,145.566,145.791,145.54,145.549,8691,0,0
2022-10-11T16:00:00+00:00,2022-10-11,21:30:00,1665504000,145.55,145.899,145.429,145.829,6568,0,0
2022-10-11T20:00:00+00:00,2022-10-12,01:30:00,1665518400,145.823,145.946,145.706,145.893,2613,0,0
2022-10-12T00:00:00+00:00,2022-10-12,05:30:00,1665532800,145.891,146.389,145.818,146.212,17805,0,0
2022-10-12T04:00:00+00:00,2022-10-12,09:30:00,1665547200,146.21,146.283,146.008,146.174,11503,0,0
2022-10-12T08:00:00+00:00,2022-10-12,13:30:00,1665561600,146.175,146.633,146.152,146.603,8540,0,0
2022-10-12T12:00:00+00:00,2022-10-12,17:30:00,1665576000,146.601,146.96,146.583,146.879,12937,0,0
2022-10-12T16:00:00+00:00,2022-10-12,21:30:00,1665590400,146.877,146.97,146.658,146.844,7277,0,0
2022-10-12T20:00:00+00:00,2022-10-13,01:30:00,1665604800,146.837,146.916,146.673,146.776,2444,0,0
2022-10-13T00:00:00+00:00,2022-10-13,05:30:00,1665619200,146.777,146.885,146.711,146.805,6410,0,0
2022-10-13T04:00:00+00:00,2022-10-13,09:30:00,1665633600,146.806,146.905,146.754,146.834,4641,0,0
2022-10-13T08:00:00+00:00,2022-10-13,13:30:00,1665648000,146.835,146.878,146.638,146.703,6514,0,0
2022-10-13T12:00:00+00:00,2022-10-13,17:30:00,1665662400,146.701,147.671,146.479,147.163,44086,0,0
2022-10-13T16:00:00+00:00,2022-10-13,21:30:00,1665676800,147.162,147.284,146.837,147.262,12299,0,0
2022-10-13T20:00:00+00:00,2022-10-14,01:30:00,1665691200,147.223,147.325,147.094,147.31,2394,0,0
2022-10-14T00:00:00+00:00,2022-10-14,05:30:00,1665705600,147.309,147.454,147.094,147.36,7992,0,0
2022-10-14T04:00:00+00:00,2022-10-14,09:30:00,1665720000,147.359,147.611,147.348,147.484,8872,0,0
2022-10-14T08:00:00+00:00,2022-10-14,13:30:00,1665734400,147.485,147.878,147.478,147.804,12294,0,0
2022-10-14T12:00:00+00:00,2022-10-14,17:30:00,1665748800,147.805,148.497,147.641,148.46,21062,0,0
2022-10-14T16:00:00+00:00,2022-10-14,21:30:00,1665763200,148.462,148.862,148.379,148.62,8835,0,0
2022-10-14T20:00:00+00:00,2022-10-15,01:30:00,1665777600,148.586,148.769,148.536,148.741,642,14,0
2022-10-16T20:00:00+00:00,2022-10-17,01:30:00,1665950400,148.6,148.7,148.435,148.638,3959,0,0
2022-10-17T00:00:00+00:00,2022-10-17,05:30:00,1665964800,148.64,148.684,148.43,148.657,7079,0,0
2022-10-17T04:00:00+00:00,2022-10-17,09:30:00,1665979200,148.656,148.802,148.583,148.648,7823,0,0
2022-10-17T08:00:00+00:00,2022-10-17,13:30:00,1665993600,148.647,148.896,148.603,148.845,7782,0,0
2022-10-17T12:00:00+00:00,2022-10-17,17:30:00,1666008000,148.843,148.892,148.575,148.713,9658,0,0
2022-10-17T16:00:00+00:00,2022-10-17,21:30:00,1666022400,148.71,149.09,148.702,149.078,4289,0,0
2022-10-17T20:00:00+00:00,2022-10-18,01:30:00,1666036800,149.032,149.051,148.912,148.973,2717,0,0
2022-10-18T00:00:00+00:00,2022-10-18,05:30:00,1666051200,148.972,148.972,148.674,148.895,6401,0,0
2022-10-18T04:00:00+00:00,2022-10-18,09:30:00,1666065600,148.896,149.055,148.757,148.969,7280,0,0
2022-10-18T08:00:00+00:00,2022-10-18,13:30:00,1666080000,148.967,149.289,148.15,149.113,20240,0,0
2022-10-18T12:00:00+00:00,2022-10-18,17:30:00,1666094400,149.115,149.387,148.886,149.228,11194,0,0
2022-10-18T16:00:00+00:00,2022-10-18,21:30:00,1666108800,149.23,149.283,149.095,149.196,5119,0,0
2022-10-18T20:00:00+00:00,2022-10-19,01:30:00,1666123200,149.195,149.253,149.113,149.217,2625,0,0
2022-10-19T00:00:00+00:00,2022-10-19,05:30:00,1666137600,149.215,149.264,149.101,149.207,5958,0,0
2022-10-19T04:00:00+00:00,2022-10-19,09:30:00,1666152000,149.205,149.482,149.193,149.348,7935,0,0
2022-10-19T08:00:00+00:00,2022-10-19,13:30:00,1666166400,149.346,149.715,149.33,149.619,8317,0,0
2022-10-19T12:00:00+00:00,2022-10-19,17:30:00,1666180800,149.621,149.784,149.62,149.776,7559,0,0
2022-10-19T16:00:00+00:00,2022-10-19,21:30:00,1666195200,149.779,149.9,149.753,149.866,3758,0,0
2022-10-19T20:00:00+00:00,2022-10-20,01:30:00,1666209600,149.852,149.901,149.737,149.829,2253,0,0
2022-10-20T00:00:00+00:00,2022-10-20,05:30:00,1666224000,149.827,149.959,149.807,149.911,4849,0,0
2022-10-20T04:00:00+00:00,2022-10-20,09:30:00,1666238400,149.913,150.085,149.648,149.877,8713,0,0
2022-10-20T08:00:00+00:00,2022-10-20,13:30:00,1666252800,149.875,149.968,149.683,149.807,7340,0,0
2022-10-20T12:00:00+00:00,2022-10-20,17:30:00,1666267200,149.809,149.926,149.554,149.826,11797,0,0
2022-10-20T16:00:00+00:00,2022-10-20,21:30:00,1666281600,149.825,150.286,149.813,150.165,5253,0,0
2022-10-20T20:00:00+00:00,2022-10-21,01:30:00,1666296000,150.144,150.217,150.038,150.176,2665,0,0
2022-10-21T00:00:00+00:00,2022-10-21,05:30:00,1666310400,150.173,150.379,150.138,150.361,5039,0,0
2022-10-21T04:00:00+00:00,2022-10-21,09:30:00,1666324800,150.363,150.485,150.297,150.481,5563,0,0
2022-10-21T08:00:00+00:00,2022-10-21,13:30:00,1666339200,150.48,151.59,150.391,151.52,13237,0,0
2022-10-21T12:00:00+00:00,2022-10-21,17:30:00,1666353600,151.517,151.943,146.276,146.329,187106,0,0
2022-10-21T16:00:00+00:00,2022-10-21,21:30:00,1666368000,146.331,148.456,146.208,147.655,120942,0,0
2022-10-21T20:00:00+00:00,2022-10-22,01:30:00,1666382400,147.582,147.768,147.181,147.631,1396,14,0
2022-10-23T20:00:00+00:00,2022-10-24,01:30:00,1666555200,147.664,149.71,145.524,147.63,84252,0,0
2022-10-24T00:00:00+00:00,2022-10-24,05:30:00,1666569600,147.627,149.042,147.372,148.879,47289,0,0
2022-10-24T04:00:00+00:00,2022-10-24,09:30:00,1666584000,148.877,149.354,148.781,149.265,15600,0,0
2022-10-24T08:00:00+00:00,2022-10-24,13:30:00,1666598400,149.262,149.458,148.271,149.01,17231,0,0
2022-10-24T12:00:00+00:00,2022-10-24,17:30:00,1666612800,149.011,149.239,148.661,148.767,27873,0,0
2022-10-24T16:00:00+00:00,2022-10-24,21:30:00,1666627200,148.766,149.034,148.705,148.98,8203,0,0
2022-10-24T20:00:00+00:00,2022-10-25,01:30:00,1666641600,148.972,149.083,148.756,148.891,3803,0,0
2022-10-25T00:00:00+00:00,2022-10-25,05:30:00,1666656000,148.888,149.062,148.505,148.842,10725,0,0
2022-10-25T04:00:00+00:00,2022-10-25,09:30:00,1666670400,148.844,149.008,148.789,148.93,5928,0,0
2022-10-25T08:00:00+00:00,2022-10-25,13:30:00,1666684800,148.928,148.989,148.863,148.907,5451,0,0
2022-10-25T12:00:00+00:00,2022-10-25,17:30:00,1666699200,148.908,148.95,147.515,147.86,30172,0,0
2022-10-25T16:00:00+00:00,2022-10-25,21:30:00,1666713600,147.859,148.148,147.808,147.93,12766,0,0
2022-10-25T20:00:00+00:00,2022-10-26,01:30:00,1666728000,147.915,148.323,147.855,147.984,4114,0,0
2022-10-26T00:00:00+00:00,2022-10-26,05:30:00,1666742400,147.981,148.412,147.885,148.238,9273,0,0
2022-10-26T04:00:00+00:00,2022-10-26,09:30:00,1666756800,148.24,148.277,147.057,147.093,15145,0,0
2022-10-26T08:00:00+00:00,2022-10-26,13:30:00,1666771200,147.091,147.311,146.711,147.099,19672,0,0
2022-10-26T12:00:00+00:00,2022-10-26,17:30:00,1666785600,147.097,147.354,146.389,146.506,29005,0,0
2022-10-26T16:00:00+00:00,2022-10-26,21:30:00,1666800000,146.509,146.619,146.225,146.341,11851,0,0
2022-10-26T20:00:00+00:00,2022-10-27,01:30:00,1666814400,146.339,146.447,146.076,146.083,4705,0,0
2022-10-27T00:00:00+00:00,2022-10-27,05:30:00,1666828800,146.082,146.396,145.918,146.123,12534,0,0
2022-10-27T04:00:00+00:00,2022-10-27,09:30:00,1666843200,146.125,146.173,145.108,145.72,17832,0,0
2022-10-27T08:00:00+00:00,2022-10-27,13:30:00,1666857600,145.721,146.716,145.626,146.662,15111,0,0
2022-10-27T12:00:00+00:00,2022-10-27,17:30:00,1666872000,146.661,146.936,145.667,146.026,39907,0,0
2022-10-27T16:00:00+00:00,2022-10-27,21:30:00,1666886400,146.023,146.313,145.84,146.214,8120,0,0
2022-10-27T20:00:00+00:00,2022-10-28,01:30:00,1666900800,146.194,146.313,146.063,146.283,4185,0,0
2022-10-28T00:00:00+00:00,2022-10-28,05:30:00,1666915200,146.282,146.858,145.999,146.105,23103,0,0
2022-10-28T04:00:00+00:00,2022-10-28,09:30:00,1666929600,146.107,147.139,145.99,147.073,17588,0,0
2022-10-28T08:00:00+00:00,2022-10-28,13:30:00,1666944000,147.075,147.861,147.047,147.479,16392,0,0
2022-10-28T12:00:00+00:00,2022-10-28,17:30:00,1666958400,147.481,147.841,147.171,147.683,25350,0,0
2022-10-28T16:00:00+00:00,2022-10-28,21:30:00,1666972800,147.684,147.757,147.348,147.426,6557,0,0
2022-10-28T20:00:00+00:00,2022-10-29,01:30:00,1666987200,147.409,147.477,147.398,147.464,495,14,0
2022-10-30T20:00:00+00:00,2022-10-31,01:30:00,1667160000,147.6,147.838,147.529,147.816,3291,0,0
2022-10-31T00:00:00+00:00,2022-10-31,05:30:00,1667174400,147.813,148.278,147.757,147.883,8001,0,0
2022-10-31T04:00:00+00:00,2022-10-31,09:30:00,1667188800,147.885,148.047,147.737,148.016,6769,0,0
2022-10-31T08:00:00+00:00,2022-10-31,13:30:00,1667203200,148.018,148.738,147.986,148.68,12659,0,0
2022-10-31T12:00:00+00:00,2022-10-31,17:30:00,1667217600,148.681,148.851,148.433,148.645,12309,0,0
2022-10-31T16:00:00+00:00,2022-10-31,21:30:00,1667232000,148.644,148.741,148.521,148.689,7533,0,0
2022-10-31T20:00:00+00:00,2022-11-01,01:30:00,1667246400,148.687,148.805,148.569,148.739,3419,0,0
2022-11-01T00:00:00+00:00,2022-11-01,05:30:00,1667260800,148.737,148.824,148.127,148.343,10334,0,0
2022-11-01T04:00:00+00:00,2022-11-01,09:30:00,1667275200,148.342,148.439,147.504,147.928,14116,0,0
2022-11-01T08:00:00+00:00,2022-11-01,13:30:00,1667289600,147.926,147.972,146.986,147.222,19132,0,0
2022-11-01T12:00:00+00:00,2022-11-01,17:30:00,1667304000,147.22,148.264,146.994,148.113,24368,0,0
2022-11-01T16:00:00+00:00,2022-11-01,21:30:00,1667318400,148.115,148.346,147.732,148.164,11227,0,0
2022-11-01T20:00:00+00:00,2022-11-02,01:30:00,1667332800,148.145,148.344,147.826,147.918,4644,0,0
2022-11-02T00:00:00+00:00,2022-11-02,05:30:00,1667347200,147.919,147.969,147.166,147.475,18664,0,0
2022-11-02T04:00:00+00:00,2022-11-02,09:30:00,1667361600,147.474,147.71,147.231,147.342,9958,0,0
2022-11-02T08:00:00+00:00,2022-11-02,13:30:00,1667376000,147.344,147.362,146.829,147.076,15782,0,0
2022-11-02T12:00:00+00:00,2022-11-02,17:30:00,1667390400,147.077,147.4,146.861,147.117,14468,0,0
2022-11-02T16:00:00+00:00,2022-11-02,21:30:00,1667404800,147.118,147.969,145.674,147.749,49480,0,0
2022-11-02T20:00:00+00:00,2022-11-03,01:30:00,1667419200,147.747,148.001,147.697,147.895,3751,0,0
2022-11-03T00:00:00+00:00,2022-11-03,05:30:00,1667433600,147.893,147.912,147.114,147.264,11648,0,0
2022-11-03T04:00:00+00:00,2022-11-03,09:30:00,1667448000,147.262,148.043,147.222,147.903,9543,0,0
2022-11-03T08:00:00+00:00,2022-11-03,13:30:00,1667462400,147.901,148.429,147.864,148.239,15229,0,0
2022-11-03T12:00:00+00:00,2022-11-03,17:30:00,1667476800,148.238,148.45,147.61,148.18,29046,0,0
2022-11-03T16:00:00+00:00,2022-11-03,21:30:00,1667491200,148.182,148.363,148.141,148.228,7345,0,0
2022-11-03T20:00:00+00:00,2022-11-04,01:30:00,1667505600,148.216,148.393,147.959,148.393,2284,0,0
2022-11-04T00:00:00+00:00,2022-11-04,05:30:00,1667520000,148.391,148.404,148.008,148.096,7851,0,0
2022-11-04T04:00:00+00:00,2022-11-04,09:30:00,1667534400,148.094,148.118,147.661,147.887,9831,0,0
2022-11-04T08:00:00+00:00,2022-11-04,13:30:00,1667548800,147.885,147.885,147.541,147.645,12350,0,0
2022-11-04T12:00:00+00:00,2022-11-04,17:30:00,1667563200,147.643,148.203,146.563,147.222,41230,0,0
2022-11-04T16:00:00+00:00,2022-11-04,21:30:00,1667577600,147.224,147.34,146.559,146.689,10127,0,0
2022-11-04T20:00:00+00:00,2022-11-05,01:30:00,1667592000,146.647,146.689,146.538,146.644,814,14,0
2022-11-06T20:00:00+00:00,2022-11-07,01:30:00,1667764800,147.002,147.026,146.787,146.824,2057,14,0
2022-11-07T00:00:00+00:00,2022-11-07,05:30:00,1667779200,146.846,147.347,146.705,147.217,7815,0,0
2022-11-07T04:00:00+00:00,2022-11-07,09:30:00,1667793600,147.219,147.558,147.047,147.516,6854,0,0
2022-11-07T08:00:00+00:00,2022-11-07,13:30:00,1667808000,147.519,147.569,146.43,146.625,17524,0,0
2022-11-07T12:00:00+00:00,2022-11-07,17:30:00,1667822400,146.627,146.789,146.085,146.455,23959,0,0
2022-11-07T16:00:00+00:00,2022-11-07,21:30:00,1667836800,146.454,146.734,146.437,146.579,7850,0,0
2022-11-07T20:00:00+00:00,2022-11-08,01:30:00,1667851200,146.581,146.706,146.51,146.614,3252,0,0
2022-11-08T00:00:00+00:00,2022-11-08,05:30:00,1667865600,146.629,146.781,146.317,146.656,7685,0,0
2022-11-08T04:00:00+00:00,2022-11-08,09:30:00,1667880000,146.653,146.934,146.595,146.738,6663,0,0
2022-11-08T08:00:00+00:00,2022-11-08,13:30:00,1667894400,146.74,146.827,146.15,146.336,13742,0,0
2022-11-08T12:00:00+00:00,2022-11-08,17:30:00,1667908800,146.335,146.548,145.343,145.504,18092,0,0
2022-11-08T16:00:00+00:00,2022-11-08,21:30:00,1667923200,145.502,145.723,145.313,145.551,12573,0,0
2022-11-08T20:00:00+00:00,2022-11-09,01:30:00,1667937600,145.554,145.695,145.175,145.282,4328,0,0
2022-11-09T00:00:00+00:00,2022-11-09,05:30:00,1667952000,145.298,145.864,145.173,145.544,11346,0,0
2022-11-09T04:00:00+00:00,2022-11-09,09:30:00,1667966400,145.546,145.904,145.458,145.516,9008,0,0
2022-11-09T08:00:00+00:00,2022-11-09,13:30:00,1667980800,145.518,145.876,145.215,145.706,16080,0,0
2022-11-09T12:00:00+00:00,2022-11-09,17:30:00,1667995200,145.708,146.575,145.636,146.303,28149,0,0
2022-11-09T16:00:00+00:00,2022-11-09,21:30:00,1668009600,146.301,146.796,145.969,146.656,11272,0,0
2022-11-09T20:00:00+00:00,2022-11-10,01:30:00,1668024000,146.659,146.674,146.16,146.189,4517,0,0
2022-11-10T00:00:00+00:00,2022-11-10,05:30:00,1668038400,146.202,146.367,146.072,146.104,8124,0,0
2022-11-10T04:00:00+00:00,2022-11-10,09:30:00,1668052800,146.106,146.446,146.051,146.304,6097,0,0
2022-11-10T08:00:00+00:00,2022-11-10,13:30:00,1668067200,146.303,146.59,146.115,146.522,11450,0,0
2022-11-10T12:00:00+00:00,2022-11-10,17:30:00,1668081600,146.52,146.541,141.55,141.572,89605,0,0
2022-11-10T16:00:00+00:00,2022-11-10,21:30:00,1668096000,141.573,142.238,141.47,141.816,25732,0,0
2022-11-10T20:00:00+00:00,2022-11-11,01:30:00,1668110400,141.817,141.99,140.24,141.721,8930,0,0
2022-11-11T00:00:00+00:00,2022-11-11,05:30:00,1668124800,141.739,142.482,141.357,141.917,26697,0,0
2022-11-11T04:00:00+00:00,2022-11-11,09:30:00,1668139200,141.919,142.149,141.048,141.189,23790,0,0
2022-11-11T08:00:00+00:00,2022-11-11,13:30:00,1668153600,141.191,141.484,138.76,139.498,57339,0,0
2022-11-11T12:00:00+00:00,2022-11-11,17:30:00,1668168000,139.497,139.799,138.984,139.058,40768,0,0
2022-11-11T16:00:00+00:00,2022-11-11,21:30:00,1668182400,139.057,139.258,138.467,138.482,18759,0,0
2022-11-11T20:00:00+00:00,2022-11-12,01:30:00,1668196800,138.484,138.789,138.484,138.76,4115,0,0
2022-11-13T20:00:00+00:00,2022-11-14,01:30:00,1668369600,139.758,139.774,139.265,139.594,2592,14,0
2022-11-14T00:00:00+00:00,2022-11-14,05:30:00,1668384000,139.616,139.744,138.803,139.098,30181,0,0
2022-11-14T04:00:00+00:00,2022-11-14,09:30:00,1668398400,139.1,139.681,139.098,139.502,17316,0,0
2022-11-14T08:00:00+00:00,2022-11-14,13:30:00,1668412800,139.504,140.799,139.355,140.557,31699,0,0
2022-11-14T12:00:00+00:00,2022-11-14,17:30:00,1668427200,140.559,140.714,140.071,140.4,30416,0,0
2022-11-14T16:00:00+00:00,2022-11-14,21:30:00,1668441600,140.401,140.497,139.853,139.907,12168,0,0
2022-11-14T20:00:00+00:00,2022-11-15,01:30:00,1668456000,139.906,140.173,139.649,140.085,3938,0,0
2022-11-15T00:00:00+00:00,2022-11-15,05:30:00,1668470400,140.098,140.51,139.992,140.395,14150,0,0
2022-11-15T04:00:00+00:00,2022-11-15,09:30:00,1668484800,140.396,140.626,139.178,139.338,20235,0,0
2022-11-15T08:00:00+00:00,2022-11-15,13:30:00,1668499200,139.34,139.722,138.96,139.176,23153,0,0
2022-11-15T12:00:00+00:00,2022-11-15,17:30:00,1668513600,139.174,139.539,137.678,139.229,62183,0,0
2022-11-15T16:00:00+00:00,2022-11-15,21:30:00,1668528000,139.231,139.69,139.014,139.069,31104,0,0
2022-11-15T20:00:00+00:00,2022-11-16,01:30:00,1668542400,139.068,139.344,138.712,138.932,7272,0,0
2022-11-16T00:00:00+00:00,2022-11-16,05:30:00,1668556800,138.968,140.199,138.869,140.187,22919,0,0
2022-11-16T04:00:00+00:00,2022-11-16,09:30:00,1668571200,140.185,140.291,139.271,139.379,21159,0,0
2022-11-16T08:00:00+00:00,2022-11-16,13:30:00,1668585600,139.377,139.714,139.189,139.433,19397,0,0
2022-11-16T12:00:00+00:00,2022-11-16,17:30:00,1668600000,139.432,140.022,139.043,139.353,32650,0,0
2022-11-16T16:00:00+00:00,2022-11-16,21:30:00,1668614400,139.354,139.712,139.259,139.31,10904,0,0
2022-11-16T20:00:00+00:00,2022-11-17,01:30:00,1668628800,139.312,139.564,139.247,139.312,4600,0,0
2022-11-17T00:00:00+00:00,2022-11-17,05:30:00,1668643200,139.329,139.802,139.222,139.593,10775,0,0
2022-11-17T04:00:00+00:00,2022-11-17,09:30:00,1668657600,139.592,139.615,139.225,139.326,10442,0,0
2022-11-17T08:00:00+00:00,2022-11-17,13:30:00,1668672000,139.324,140.102,138.877,139.888,20177,0,0
2022-11-17T12:00:00+00:00,2022-11-17,17:30:00,1668686400,139.887,140.716,139.673,140.588,31546,0,0
2022-11-17T16:00:00+00:00,2022-11-17,21:30:00,1668700800,140.586,140.742,140.063,140.218,10753,0,0
2022-11-17T20:00:00+00:00,2022-11-18,01:30:00,1668715200,140.215,140.423,140.124,140.421,4020,0,0
2022-11-18T00:00:00+00:00,2022-11-18,05:30:00,1668729600,140.426,140.5,139.65,139.716,14359,0,0
2022-11-18T04:00:00+00:00,2022-11-18,09:30:00,1668744000,139.718,140.077,139.636,139.834,9757,0,0
2022-11-18T08:00:00+00:00,2022-11-18,13:30:00,1668758400,139.832,140.289,139.716,139.863,15153,0,0
2022-11-18T12:00:00+00:00,2022-11-18,17:30:00,1668772800,139.861,140.087,139.691,139.876,16446,0,0
2022-11-18T16:00:00+00:00,2022-11-18,21:30:00,1668787200,139.879,140.408,139.844,140.382,6210,0,0
2022-11-18T20:00:00+00:00,2022-11-19,01:30:00,1668801600,140.381,140.416,140.292,140.354,1692,0,0
2022-11-20T20:00:00+00:00,2022-11-21,01:30:00,1668974400,140.334,140.379,140.14,140.252,1395,14,0
2022-11-21T00:00:00+00:00,2022-11-21,05:30:00,1668988800,140.266,140.498,140.195,140.349,8096,0,0
2022-11-21T04:00:00+00:00,2022-11-21,09:30:00,1669003200,140.351,140.893,140.297,140.858,9121,0,0
2022-11-21T08:00:00+00:00,2022-11-21,13:30:00,1669017600,140.856,141.94,140.852,141.873,16560,0,0
2022-11-21T12:00:00+00:00,2022-11-21,17:30:00,1669032000,141.872,142.06,141.319,141.942,19334,0,0
2022-11-21T16:00:00+00:00,2022-11-21,21:30:00,1669046400,141.944,142.254,141.839,142.166,8270,0,0
2022-11-21T20:00:00+00:00,2022-11-22,01:30:00,1669060800,142.167,142.167,142.008,142.082,3216,0,0
2022-11-22T00:00:00+00:00,2022-11-22,05:30:00,1669075200,142.096,142.245,141.635,141.775,11832,0,0
2022-11-22T04:00:00+00:00,2022-11-22,09:30:00,1669089600,141.774,142.034,141.647,141.815,7668,0,0
2022-11-22T08:00:00+00:00,2022-11-22,13:30:00,1669104000,141.817,141.908,141.085,141.175,15890,0,0
2022-11-22T12:00:00+00:00,2022-11-22,17:30:00,1669118400,141.176,141.543,141.15,141.355,15424,0,0
2022-11-22T16:00:00+00:00,2022-11-22,21:30:00,1669132800,141.356,141.457,141.148,141.198,5656,0,0
2022-11-22T20:00:00+00:00,2022-11-23,01:30:00,1669147200,141.2,141.257,141.134,141.148,1783,0,0
2022-11-23T00:00:00+00:00,2022-11-23,05:30:00,1669161600,141.162,141.441,140.912,141.396,5541,0,0
2022-11-23T04:00:00+00:00,2022-11-23,09:30:00,1669176000,141.399,141.509,141.07,141.169,5624,0,0
2022-11-23T08:00:00+00:00,2022-11-23,13:30:00,1669190400,141.171,141.614,141.148,141.428,8573,0,0
2022-11-23T12:00:00+00:00,2022-11-23,17:30:00,1669204800,141.426,141.529,139.663,139.736,29302,0,0
2022-11-23T16:00:00+00:00,2022-11-23,21:30:00,1669219200,139.737,139.975,139.167,139.402,19636,0,0
2022-11-23T20:00:00+00:00,2022-11-24,01:30:00,1669233600,139.404,139.622,139.205,139.24,4369,0,0
2022-11-24T00:00:00+00:00,2022-11-24,05:30:00,1669248000,139.22,139.478,138.632,138.654,14228,0,0
2022-11-24T04:00:00+00:00,2022-11-24,09:30:00,1669262400,138.655,138.995,138.556,138.978,11744,0,0
2022-11-24T08:00:00+00:00,2022-11-24,13:30:00,1669276800,138.979,139.222,138.05,138.321,19931,0,0
2022-11-24T12:00:00+00:00,2022-11-24,17:30:00,1669291200,138.323,138.433,138.085,138.36,15480,0,0
2022-11-24T16:00:00+00:00,2022-11-24,21:30:00,1669305600,138.358,138.509,138.314,138.472,3045,0,0
2022-11-24T20:00:00+00:00,2022-11-25,01:30:00,1669320000,138.466,138.705,138.426,138.601,1678,11,0
2022-11-25T00:00:00+00:00,2022-11-25,05:30:00,1669334400,138.589,139.05,138.444,138.659,9578,0,0
2022-11-25T04:00:00+00:00,2022-11-25,09:30:00,1669348800,138.661,138.815,138.374,138.793,11438,0,0
2022-11-25T08:00:00+00:00,2022-11-25,13:30:00,1669363200,138.795,139.595,138.561,139.583,16991,0,0
2022-11-25T12:00:00+00:00,2022-11-25,17:30:00,1669377600,139.584,139.588,139.205,139.226,16585,0,0
2022-11-25T16:00:00+00:00,2022-11-25,21:30:00,1669392000,139.224,139.289,139.004,139.045,7408,0,0
2022-11-25T20:00:00+00:00,2022-11-26,01:30:00,1669406400,139.041,139.207,139.031,139.151,2360,12,0
2022-11-27T20:00:00+00:00,2022-11-28,01:30:00,1669579200,139.294,139.373,139.222,139.361,844,30,0
2022-11-28T00:00:00+00:00,2022-11-28,05:30:00,1669593600,139.36,139.36,138.337,138.66,13248,0,0
2022-11-28T04:00:00+00:00,2022-11-28,09:30:00,1669608000,138.659,138.709,137.804,138.314,15467,0,0
2022-11-28T08:00:00+00:00,2022-11-28,13:30:00,1669622400,138.312,138.398,137.499,138.154,23996,0,0
2022-11-28T12:00:00+00:00,2022-11-28,17:30:00,1669636800,138.152,138.87,138.136,138.777,22666,0,0
2022-11-28T16:00:00+00:00,2022-11-28,21:30:00,1669651200,138.776,139.01,138.644,138.869,11021,0,0
2022-11-28T20:00:00+00:00,2022-11-29,01:30:00,1669665600,138.871,138.97,138.713,138.713,3275,0,0
2022-11-29T00:00:00+00:00,2022-11-29,05:30:00,1669680000,138.702,139.353,138.422,138.606,16516,0,0
2022-11-29T04:00:00+00:00,2022-11-29,09:30:00,1669694400,138.607,138.713,138.152,138.293,17086,0,0
2022-11-29T08:00:00+00:00,2022-11-29,13:30:00,1669708800,138.292,138.409,137.87,137.936,20081,0,0
2022-11-29T12:00:00+00:00,2022-11-29,17:30:00,1669723200,137.935,138.852,137.904,138.321,22568,0,0
2022-11-29T16:00:00+00:00,2022-11-29,21:30:00,1669737600,138.318,138.685,138.216,138.647,8807,0,0
2022-11-29T20:00:00+00:00,2022-11-30,01:30:00,1669752000,138.649,138.798,138.595,138.746,3109,0,0
2022-11-30T00:00:00+00:00,2022-11-30,05:30:00,1669766400,138.734,138.909,138.446,138.766,9604,0,0
2022-11-30T04:00:00+00:00,2022-11-30,09:30:00,1669780800,138.765,138.765,138.332,138.533,10515,0,0
2022-11-30T08:00:00+00:00,2022-11-30,13:30:00,1669795200,138.535,139.051,138.45,138.753,13311,0,0
2022-11-30T12:00:00+00:00,2022-11-30,17:30:00,1669809600,138.751,139.894,138.476,139.496,29491,0,0
2022-11-30T16:00:00+00:00,2022-11-30,21:30:00,1669824000,139.498,139.63,137.946,137.966,39501,0,0
2022-11-30T20:00:00+00:00,2022-12-01,01:30:00,1669838400,137.964,138.149,137.333,137.353,10793,0,0
2022-12-01T00:00:00+00:00,2022-12-01,05:30:00,1669852800,137.342,137.492,136.497,136.746,21809,0,0
2022-12-01T04:00:00+00:00,2022-12-01,09:30:00,1669867200,136.748,136.917,135.836,136.538,23548,0,0
2022-12-01T08:00:00+00:00,2022-12-01,13:30:00,1669881600,136.537,136.666,136.17,136.238,18508,0,0
2022-12-01T12:00:00+00:00,2022-12-01,17:30:00,1669896000,136.236,136.338,135.531,135.925,37163,0,0
2022-12-01T16:00:00+00:00,2022-12-01,21:30:00,1669910400,135.923,135.959,135.258,135.265,16390,0,0
2022-12-01T20:00:00+00:00,2022-12-02,01:30:00,1669924800,135.264,135.386,135.047,135.132,5140,0,0
2022-12-02T00:00:00+00:00,2022-12-02,05:30:00,1669939200,135.132,135.571,135.007,135.158,13238,0,0
2022-12-02T04:00:00+00:00,2022-12-02,09:30:00,1669953600,135.16,135.247,134.549,134.642,14908,0,0
2022-12-02T08:00:00+00:00,2022-12-02,13:30:00,1669968000,134.644,134.804,133.624,134.003,29217,0,0
2022-12-02T12:00:00+00:00,2022-12-02,17:30:00,1669982400,134.006,135.986,133.941,135.473,52976,0,0
2022-12-02T16:00:00+00:00,2022-12-02,21:30:00,1669996800,135.471,135.538,134.418,134.438,16467,0,0
2022-12-02T20:00:00+00:00,2022-12-03,01:30:00,1670011200,134.44,134.479,134.24,134.325,5358,0,0
2022-12-04T20:00:00+00:00,2022-12-05,01:30:00,1670184000,134.495,134.543,134.285,134.472,1616,14,0
2022-12-05T00:00:00+00:00,2022-12-05,05:30:00,1670198400,134.466,134.748,134.133,134.304,12017,0,0
2022-12-05T04:00:00+00:00,2022-12-05,09:30:00,1670212800,134.302,135.246,134.258,135.133,11852,0,0
2022-12-05T08:00:00+00:00,2022-12-05,13:30:00,1670227200,135.131,135.545,134.864,135.283,15807,0,0
2022-12-05T12:00:00+00:00,2022-12-05,17:30:00,1670241600,135.285,136.402,135.019,136.322,27941,0,0
2022-12-05T16:00:00+00:00,2022-12-05,21:30:00,1670256000,136.32,136.86,136.207,136.675,12973,0,0
2022-12-05T20:00:00+00:00,2022-12-06,01:30:00,1670270400,136.673,136.836,136.572,136.573,4979,0,0
2022-12-06T00:00:00+00:00,2022-12-06,05:30:00,1670284800,136.561,137.175,136.271,136.922,16887,0,0
2022-12-06T04:00:00+00:00,2022-12-06,09:30:00,1670299200,136.92,137.427,136.716,136.945,15014,0,0
2022-12-06T08:00:00+00:00,2022-12-06,13:30:00,1670313600,136.944,137.003,136.254,136.302,19262,0,0
2022-12-06T12:00:00+00:00,2022-12-06,17:30:00,1670328000,136.304,136.773,135.964,136.67,21137,0,0
2022-12-06T16:00:00+00:00,2022-12-06,21:30:00,1670342400,136.669,137.074,136.313,136.92,8661,0,0
2022-12-06T20:00:00+00:00,2022-12-07,01:30:00,1670356800,136.923,137.086,136.837,136.878,2655,0,0
2022-12-07T00:00:00+00:00,2022-12-07,05:30:00,1670371200,136.866,137.362,136.772,137.137,12240,0,0
2022-12-07T04:00:00+00:00,2022-12-07,09:30:00,1670385600,137.139,137.859,137.139,137.423,18611,0,0
2022-12-07T08:00:00+00:00,2022-12-07,13:30:00,1670400000,137.426,137.806,137.335,137.654,16314,0,0
2022-12-07T12:00:00+00:00,2022-12-07,17:30:00,1670414400,137.653,137.734,136.396,136.692,37056,0,0
2022-12-07T16:00:00+00:00,2022-12-07,21:30:00,1670428800,136.694,136.797,136.219,136.297,10037,0,0
2022-12-07T20:00:00+00:00,2022-12-08,01:30:00,1670443200,136.299,136.618,136.239,136.376,3598,0,0
2022-12-08T00:00:00+00:00,2022-12-08,05:30:00,1670457600,136.367,137.088,136.249,136.833,12579,0,0
2022-12-08T04:00:00+00:00,2022-12-08,09:30:00,1670472000,136.834,137.246,136.574,136.711,13155,0,0
2022-12-08T08:00:00+00:00,2022-12-08,13:30:00,1670486400,136.713,137.151,136.7,136.803,12771,0,0
2022-12-08T12:00:00+00:00,2022-12-08,17:30:00,1670500800,136.806,136.895,136.311,136.509,21566,0,0
2022-12-08T16:00:00+00:00,2022-12-08,21:30:00,1670515200,136.511,136.747,136.397,136.67,8516,0,0
2022-12-08T20:00:00+00:00,2022-12-09,01:30:00,1670529600,136.672,136.712,136.505,136.613,2980,0,0
2022-12-09T00:00:00+00:00,2022-12-09,05:30:00,1670544000,136.615,136.852,135.767,135.873,19012,0,0
2022-12-09T04:00:00+00:00,2022-12-09,09:30:00,1670558400,135.872,136.39,135.843,136.353,11568,0,0
2022-12-09T08:00:00+00:00,2022-12-09,13:30:00,1670572800,136.355,136.46,135.682,135.851,11297,0,0
2022-12-09T12:00:00+00:00,2022-12-09,17:30:00,1670587200,135.849,136.902,135.603,136.595,33419,0,0
2022-12-09T16:00:00+00:00,2022-12-09,21:30:00,1670601600,136.596,136.628,136.245,136.476,8379,0,0
2022-12-09T20:00:00+00:00,2022-12-10,01:30:00,1670616000,136.477,136.714,136.449,136.596,2679,0,0
2022-12-11T20:00:00+00:00,2022-12-12,01:30:00,1670788800,136.538,136.776,136.486,136.708,1536,14,0
2022-12-12T00:00:00+00:00,2022-12-12,05:30:00,1670803200,136.705,137.095,136.678,136.827,9457,0,0
2022-12-12T04:00:00+00:00,2022-12-12,09:30:00,1670817600,136.825,137.136,136.658,136.695,9562,0,0
2022-12-12T08:00:00+00:00,2022-12-12,13:30:00,1670832000,136.693,136.97,136.62,136.819,10680,0,0
2022-12-12T12:00:00+00:00,2022-12-12,17:30:00,1670846400,136.816,137.443,136.782,137.403,12923,0,0
2022-12-12T16:00:00+00:00,2022-12-12,21:30:00,1670860800,137.404,137.85,137.331,137.766,10462,0,0
2022-12-12T20:00:00+00:00,2022-12-13,01:30:00,1670875200,137.767,137.806,137.423,137.5,3634,0,0
2022-12-13T00:00:00+00:00,2022-12-13,05:30:00,1670889600,137.499,137.865,137.463,137.724,8909,0,0
2022-12-13T04:00:00+00:00,2022-12-13,09:30:00,1670904000,137.727,137.971,137.322,137.416,10262,0,0
2022-12-13T08:00:00+00:00,2022-12-13,13:30:00,1670918400,137.415,137.836,137.359,137.557,11311,0,0
2022-12-13T12:00:00+00:00,2022-12-13,17:30:00,1670932800,137.558,137.566,134.657,135.193,59744,0,0
2022-12-13T16:00:00+00:00,2022-12-13,21:30:00,1670947200,135.191,135.598,134.917,135.482,17855,0,0
2022-12-13T20:00:00+00:00,2022-12-14,01:30:00,1670961600,135.48,135.691,135.421,135.567,5462,0,0
2022-12-14T00:00:00+00:00,2022-12-14,05:30:00,1670976000,135.557,135.68,135.291,135.518,11511,0,0
2022-12-14T04:00:00+00:00,2022-12-14,09:30:00,1670990400,135.516,135.617,135.24,135.479,9745,0,0
2022-12-14T08:00:00+00:00,2022-12-14,13:30:00,1671004800,135.478,135.602,134.522,134.949,26260,0,0
2022-12-14T12:00:00+00:00,2022-12-14,17:30:00,1671019200,134.948,135.135,134.751,134.855,17564,0,0
2022-12-14T16:00:00+00:00,2022-12-14,21:30:00,1671033600,134.856,135.993,134.574,135.423,47477,0,0
2022-12-14T20:00:00+00:00,2022-12-15,01:30:00,1671048000,135.422,135.498,134.805,135.344,20131,0,0
2022-12-15T00:00:00+00:00,2022-12-15,05:30:00,1671062400,135.337,135.624,135.286,135.553,9480,0,0
2022-12-15T04:00:00+00:00,2022-12-15,09:30:00,1671076800,135.551,135.895,135.521,135.868,9419,0,0
2022-12-15T08:00:00+00:00,2022-12-15,13:30:00,1671091200,135.866,136.927,135.734,136.528,18014,0,0
2022-12-15T12:00:00+00:00,2022-12-15,17:30:00,1671105600,136.526,137.669,136.18,137.61,32712,0,0
2022-12-15T16:00:00+00:00,2022-12-15,21:30:00,1671120000,137.608,138.174,137.47,137.76,14870,0,0
2022-12-15T20:00:00+00:00,2022-12-16,01:30:00,1671134400,137.759,137.874,137.627,137.745,3924,0,0
2022-12-16T00:00:00+00:00,2022-12-16,05:30:00,1671148800,137.737,137.756,136.956,137.319,13070,0,0
2022-12-16T04:00:00+00:00,2022-12-16,09:30:00,1671163200,137.318,137.411,137.134,137.234,11350,0,0
2022-12-16T08:00:00+00:00,2022-12-16,13:30:00,1671177600,137.232,137.281,136.82,137.028,15038,0,0
2022-12-16T12:00:00+00:00,2022-12-16,17:30:00,1671192000,137.03,137.353,136.561,136.634,22367,0,0
2022-12-16T16:00:00+00:00,2022-12-16,21:30:00,1671206400,136.632,136.703,136.296,136.552,8641,0,0
2022-12-16T20:00:00+00:00,2022-12-17,01:30:00,1671220800,136.554,136.766,136.464,136.749,3180,0,0
2022-12-18T20:00:00+00:00,2022-12-19,01:30:00,1671393600,135.944,136.567,135.943,136.554,2194,14,0
2022-12-19T00:00:00+00:00,2022-12-19,05:30:00,1671408000,136.556,136.581,135.772,136.267,16739,0,0
2022-12-19T04:00:00+00:00,2022-12-19,09:30:00,1671422400,136.265,136.265,135.809,135.851,11703,0,0
2022-12-19T08:00:00+00:00,2022-12-19,13:30:00,1671436800,135.85,136.358,135.754,136.323,13988,0,0
2022-12-19T12:00:00+00:00,2022-12-19,17:30:00,1671451200,136.325,137.01,136.295,136.979,16408,0,0
2022-12-19T16:00:00+00:00,2022-12-19,21:30:00,1671465600,136.978,137.162,136.718,136.98,8372,0,0
2022-12-19T20:00:00+00:00,2022-12-20,01:30:00,1671480000,136.977,137.052,136.691,136.967,3002,0,0
2022-12-20T00:00:00+00:00,2022-12-20,05:30:00,1671494400,136.961,137.476,133.106,133.456,72005,0,0
2022-12-20T04:00:00+00:00,2022-12-20,09:30:00,1671508800,133.455,133.704,132.277,132.593,75010,0,0
2022-12-20T08:00:00+00:00,2022-12-20,13:30:00,1671523200,132.594,132.656,131.997,132.454,49285,0,0
2022-12-20T12:00:00+00:00,2022-12-20,17:30:00,1671537600,132.453,132.906,131.363,131.383,42288,0,0
2022-12-20T16:00:00+00:00,2022-12-20,21:30:00,1671552000,131.381,131.608,130.569,131.516,32496,0,0
2022-12-20T20:00:00+00:00,2022-12-21,01:30:00,1671566400,131.518,132.0,131.518,131.894,6528,0,0
2022-12-21T00:00:00+00:00,2022-12-21,05:30:00,1671580800,131.893,132.317,131.493,132.067,24879,0,0
2022-12-21T04:00:00+00:00,2022-12-21,09:30:00,1671595200,132.069,132.374,131.725,131.785,14635,0,0
2022-12-21T08:00:00+00:00,2022-12-21,13:30:00,1671609600,131.783,131.964,131.547,131.837,22346,0,0
2022-12-21T12:00:00+00:00,2022-12-21,17:30:00,1671624000,131.836,132.53,131.735,131.978,27042,0,0
2022-12-21T16:00:00+00:00,2022-12-21,21:30:00,1671638400,131.976,132.505,131.917,132.166,14069,0,0
2022-12-21T20:00:00+00:00,2022-12-22,01:30:00,1671652800,132.167,132.471,132.166,132.399,4573,0,0
2022-12-22T00:00:00+00:00,2022-12-22,05:30:00,1671667200,132.397,132.464,131.645,131.754,16246,0,0
2022-12-22T04:00:00+00:00,2022-12-22,09:30:00,1671681600,131.752,132.053,131.704,131.95,9117,0,0
2022-12-22T08:00:00+00:00,2022-12-22,13:30:00,1671696000,131.952,132.192,131.844,132.109,11926,0,0
2022-12-22T12:00:00+00:00,2022-12-22,17:30:00,1671710400,132.107,132.722,131.908,132.265,25810,0,0
2022-12-22T16:00:00+00:00,2022-12-22,21:30:00,1671724800,132.267,132.507,132.178,132.411,8613,0,0
2022-12-22T20:00:00+00:00,2022-12-23,01:30:00,1671739200,132.412,132.488,132.156,132.381,6642,0,0
2022-12-23T00:00:00+00:00,2022-12-23,05:30:00,1671753600,132.382,132.814,132.293,132.665,13230,0,0
2022-12-23T04:00:00+00:00,2022-12-23,09:30:00,1671768000,132.663,132.758,132.442,132.523,8537,0,0
2022-12-23T08:00:00+00:00,2022-12-23,13:30:00,1671782400,132.524,132.773,132.506,132.712,7880,0,0
2022-12-23T12:00:00+00:00,2022-12-23,17:30:00,1671796800,132.711,133.139,132.512,132.845,24339,0,0
2022-12-23T16:00:00+00:00,2022-12-23,21:30:00,1671811200,132.846,132.942,132.731,132.861,6741,0,0
2022-12-23T20:00:00+00:00,2022-12-24,01:30:00,1671825600,132.86,132.893,132.778,132.823,3901,0,0
2022-12-25T20:00:00+00:00,2022-12-26,01:30:00,1671998400,132.747,132.842,132.716,132.781,504,13,0
2022-12-26T00:00:00+00:00,2022-12-26,05:30:00,1672012800,132.783,132.881,132.317,132.465,7630,11,0
2022-12-26T04:00:00+00:00,2022-12-26,09:30:00,1672027200,132.463,132.769,132.46,132.738,4144,7,0
2022-12-26T08:00:00+00:00,2022-12-26,13:30:00,1672041600,132.734,133.216,132.708,133.123,6536,6,0
2022-12-26T12:00:00+00:00,2022-12-26,17:30:00,1672056000,133.123,133.131,132.889,132.908,1865,6,0
2022-12-26T16:00:00+00:00,2022-12-26,21:30:00,1672070400,132.904,132.953,132.87,132.91,2764,17,0
2022-12-26T20:00:00+00:00,2022-12-27,01:30:00,1672084800,132.908,132.941,132.662,132.75,9332,18,0
2022-12-27T00:00:00+00:00,2022-12-27,05:30:00,1672099200,132.746,133.182,132.623,132.909,9635,0,0
2022-12-27T04:00:00+00:00,2022-12-27,09:30:00,1672113600,132.911,132.987,132.741,132.875,6222,0,0
2022-12-27T08:00:00+00:00,2022-12-27,13:30:00,1672128000,132.876,133.374,132.864,133.267,9707,0,0
2022-12-27T12:00:00+00:00,2022-12-27,17:30:00,1672142400,133.269,133.596,133.135,133.343,14445,0,0
2022-12-27T16:00:00+00:00,2022-12-27,21:30:00,1672156800,133.343,133.551,133.291,133.477,7460,0,0
2022-12-27T20:00:00+00:00,2022-12-28,01:30:00,1672171200,133.478,133.569,133.36,133.49,2832,0,0
2022-12-28T00:00:00+00:00,2022-12-28,05:30:00,1672185600,133.489,134.405,133.453,134.249,14674,0,0
2022-12-28T04:00:00+00:00,2022-12-28,09:30:00,1672200000,134.247,134.278,133.808,133.911,10658,0,0
2022-12-28T08:00:00+00:00,2022-12-28,13:30:00,1672214400,133.91,134.208,133.753,133.834,11581,0,0
2022-12-28T12:00:00+00:00,2022-12-28,17:30:00,1672228800,133.836,134.28,133.402,134.232,17583,0,0
2022-12-28T16:00:00+00:00,2022-12-28,21:30:00,1672243200,134.23,134.383,134.064,134.375,8307,0,0
2022-12-28T20:00:00+00:00,2022-12-29,01:30:00,1672257600,134.376,134.5,133.982,134.034,3690,0,0
2022-12-29T00:00:00+00:00,2022-12-29,05:30:00,1672272000,134.036,134.197,133.493,133.854,13221,0,0
2022-12-29T04:00:00+00:00,2022-12-29,09:30:00,1672286400,133.852,133.901,133.473,133.789,8692,0,0
2022-12-29T08:00:00+00:00,2022-12-29,13:30:00,1672300800,133.788,133.824,133.537,133.762,8730,0,0
2022-12-29T12:00:00+00:00,2022-12-29,17:30:00,1672315200,133.76,133.799,132.907,133.228,21564,0,0
2022-12-29T16:00:00+00:00,2022-12-29,21:30:00,1672329600,133.227,133.37,132.879,132.887,8293,0,0
2022-12-29T20:00:00+00:00,2022-12-30,01:30:00,1672344000,132.888,133.094,132.869,132.918,4690,0,0
2022-12-30T00:00:00+00:00,2022-12-30,05:30:00,1672358400,132.921,132.958,132.387,132.663,11988,0,0
2022-12-30T04:00:00+00:00,2022-12-30,09:30:00,1672372800,132.665,132.777,132.103,132.136,10258,0,0
2022-12-30T08:00:00+00:00,2022-12-30,13:30:00,1672387200,132.137,132.186,131.555,131.747,20734,0,0
2022-12-30T12:00:00+00:00,2022-12-30,17:30:00,1672401600,131.748,132.334,131.509,131.935,28634,0,0
2022-12-30T16:00:00+00:00,2022-12-30,21:30:00,1672416000,131.934,131.995,130.776,130.978,26356,0,0
2022-12-30T20:00:00+00:00,2022-12-31,01:30:00,1672430400,130.976,131.296,130.974,131.111,5133,0,0
2023-01-01T20:00:00+00:00,2023-01-02,01:30:00,1672603200,130.753,130.926,130.64,130.9,526,55,0
2023-01-02T00:00:00+00:00,2023-01-02,05:30:00,1672617600,130.911,131.019,130.863,130.903,1574,41,0
2023-01-02T04:00:00+00:00,2023-01-02,09:30:00,1672632000,130.911,130.959,130.874,130.937,1631,28,0
2023-01-02T08:00:00+00:00,2023-01-02,13:30:00,1672646400,130.936,130.952,130.754,130.758,2044,29,0
2023-01-02T12:00:00+00:00,2023-01-02,17:30:00,1672660800,130.765,130.82,130.611,130.772,4755,29,0
2023-01-02T16:00:00+00:00,2023-01-02,21:30:00,1672675200,130.768,130.827,130.663,130.725,5497,35,0
2023-01-02T20:00:00+00:00,2023-01-03,01:30:00,1672689600,130.726,131.363,130.46,130.748,4010,36,0
2023-01-03T00:00:00+00:00,2023-01-03,05:30:00,1672704000,130.774,130.885,129.681,129.787,26057,0,0
2023-01-03T04:00:00+00:00,2023-01-03,09:30:00,1672718400,129.785,130.251,129.507,130.112,19961,0,0
2023-01-03T08:00:00+00:00,2023-01-03,13:30:00,1672732800,130.11,130.96,130.1,130.876,36942,0,0
2023-01-03T12:00:00+00:00,2023-01-03,17:30:00,1672747200,130.875,131.199,130.052,130.74,30736,0,0
2023-01-03T16:00:00+00:00,2023-01-03,21:30:00,1672761600,130.742,131.107,130.575,130.781,14322,0,0
2023-01-03T20:00:00+00:00,2023-01-04,01:30:00,1672776000,130.779,131.423,130.753,131.296,6191,0,0
2023-01-04T00:00:00+00:00,2023-01-04,05:30:00,1672790400,131.298,131.305,130.585,130.65,17554,0,0
2023-01-04T04:00:00+00:00,2023-01-04,09:30:00,1672804800,130.647,130.996,130.118,130.245,16263,0,0
2023-01-04T08:00:00+00:00,2023-01-04,13:30:00,1672819200,130.247,130.63,129.928,130.535,25192,0,0
2023-01-04T12:00:00+00:00,2023-01-04,17:30:00,1672833600,130.533,132.086,130.519,132.014,39566,0,0
2023-01-04T16:00:00+00:00,2023-01-04,21:30:00,1672848000,132.013,132.719,131.941,132.612,24031,0,0
2023-01-04T20:00:00+00:00,2023-01-05,01:30:00,1672862400,132.614,132.715,132.072,132.256,6064,0,0
2023-01-05T00:00:00+00:00,2023-01-05,05:30:00,1672876800,132.255,132.387,131.685,132.347,21005,0,0
2023-01-05T04:00:00+00:00,2023-01-05,09:30:00,1672891200,132.349,132.627,132.194,132.486,17088,0,0
2023-01-05T08:00:00+00:00,2023-01-05,13:30:00,1672905600,132.484,132.902,132.327,132.454,18833,0,0
2023-01-05T12:00:00+00:00,2023-01-05,17:30:00,1672920000,132.453,134.056,132.392,133.872,37379,0,0
2023-01-05T16:00:00+00:00,2023-01-05,21:30:00,1672934400,133.871,133.913,132.954,133.19,19941,0,0
2023-01-05T20:00:00+00:00,2023-01-06,01:30:00,1672948800,133.189,133.52,133.189,133.32,5368,0,0
2023-01-06T00:00:00+00:00,2023-01-06,05:30:00,1672963200,133.323,133.946,133.308,133.819,11685,0,0
2023-01-06T04:00:00+00:00,2023-01-06,09:30:00,1672977600,133.821,134.375,133.707,134.222,19107,0,0
2023-01-06T08:00:00+00:00,2023-01-06,13:30:00,1672992000,134.224,134.627,134.153,134.529,17390,0,0
2023-01-06T12:00:00+00:00,2023-01-06,17:30:00,1673006400,134.527,134.776,132.355,132.434,65524,0,0
2023-01-06T16:00:00+00:00,2023-01-06,21:30:00,1673020800,132.433,132.545,131.997,132.034,20791,0,0
2023-01-06T20:00:00+00:00,2023-01-07,01:30:00,1673035200,132.036,132.164,132.033,132.101,2986,0,0
2023-01-08T20:00:00+00:00,2023-01-09,01:30:00,1673208000,131.939,132.284,131.792,131.806,3119,0,0
2023-01-09T00:00:00+00:00,2023-01-09,05:30:00,1673222400,131.808,132.115,131.309,131.633,16447,0,0
2023-01-09T04:00:00+00:00,2023-01-09,09:30:00,1673236800,131.63,132.371,131.536,132.236,17253,0,0
2023-01-09T08:00:00+00:00,2023-01-09,13:30:00,1673251200,132.234,132.657,131.993,132.511,22948,0,0
2023-01-09T12:00:00+00:00,2023-01-09,17:30:00,1673265600,132.512,132.518,131.687,131.947,29064,0,0
2023-01-09T16:00:00+00:00,2023-01-09,21:30:00,1673280000,131.949,131.954,131.534,131.568,13527,0,0
2023-01-09T20:00:00+00:00,2023-01-10,01:30:00,1673294400,131.569,131.916,131.568,131.732,5428,0,0
2023-01-10T00:00:00+00:00,2023-01-10,05:30:00,1673308800,131.734,132.224,131.386,131.833,20469,0,0
2023-01-10T04:00:00+00:00,2023-01-10,09:30:00,1673323200,131.831,132.291,131.666,132.223,13478,0,0
2023-01-10T08:00:00+00:00,2023-01-10,13:30:00,1673337600,132.225,132.229,131.693,132.049,18400,0,0
2023-01-10T12:00:00+00:00,2023-01-10,17:30:00,1673352000,132.047,132.479,131.73,132.176,34164,0,0
2023-01-10T16:00:00+00:00,2023-01-10,21:30:00,1673366400,132.175,132.345,132.074,132.233,11511,0,0
2023-01-10T20:00:00+00:00,2023-01-11,01:30:00,1673380800,132.232,132.272,132.067,132.1,4083,0,0
2023-01-11T00:00:00+00:00,2023-01-11,05:30:00,1673395200,132.105,132.582,132.097,132.456,12035,0,0
2023-01-11T04:00:00+00:00,2023-01-11,09:30:00,1673409600,132.457,132.5,132.135,132.423,8054,0,0
2023-01-11T08:00:00+00:00,2023-01-11,13:30:00,1673424000,132.422,132.748,132.314,132.583,16330,0,0
2023-01-11T12:00:00+00:00,2023-01-11,17:30:00,1673438400,132.581,132.873,132.381,132.596,19404,0,0
2023-01-11T16:00:00+00:00,2023-01-11,21:30:00,1673452800,132.595,132.704,132.286,132.416,11147,0,0
2023-01-11T20:00:00+00:00,2023-01-12,01:30:00,1673467200,132.415,132.555,131.775,131.898,7202,0,0
2023-01-12T00:00:00+00:00,2023-01-12,05:30:00,1673481600,131.904,132.036,131.467,131.702,21821,0,0
2023-01-12T04:00:00+00:00,2023-01-12,09:30:00,1673496000,131.704,131.899,131.364,131.603,14392,0,0
2023-01-12T08:00:00+00:00,2023-01-12,13:30:00,1673510400,131.603,131.773,130.809,130.879,26184,0,0
2023-01-12T12:00:00+00:00,2023-01-12,17:30:00,1673524800,130.881,131.222,129.502,129.839,83094,0,0
2023-01-12T16:00:00+00:00,2023-01-12,21:30:00,1673539200,129.838,129.944,128.863,129.299,29474,0,0
2023-01-12T20:00:00+00:00,2023-01-13,01:30:00,1673553600,129.301,129.432,129.07,129.175,7081,0,0
2023-01-13T00:00:00+00:00,2023-01-13,05:30:00,1673568000,129.177,129.349,128.637,129.122,32496,0,0
2023-01-13T04:00:00+00:00,2023-01-13,09:30:00,1673582400,129.123,129.303,128.252,128.378,25805,0,0
2023-01-13T08:00:00+00:00,2023-01-13,13:30:00,1673596800,128.379,128.791,128.108,128.75,31368,0,0
2023-01-13T12:00:00+00:00,2023-01-13,17:30:00,1673611200,128.752,128.832,127.459,127.509,36653,0,0
2023-01-13T16:00:00+00:00,2023-01-13,21:30:00,1673625600,127.51,127.98,127.476,127.935,14027,0,0
2023-01-13T20:00:00+00:00,2023-01-14,01:30:00,1673640000,127.933,127.936,127.784,127.862,2516,0,0
2023-01-15T20:00:00+00:00,2023-01-16,01:30:00,1673812800,127.788,128.142,127.72,128.059,2658,0,0
2023-01-16T00:00:00+00:00,2023-01-16,05:30:00,1673827200,128.057,128.2,127.223,127.403,26782,0,0
2023-01-16T04:00:00+00:00,2023-01-16,09:30:00,1673841600,127.404,128.189,127.328,127.971,19546,0,0
2023-01-16T08:00:00+00:00,2023-01-16,13:30:00,1673856000,127.973,128.865,127.906,128.306,30405,0,0
2023-01-16T12:00:00+00:00,2023-01-16,17:30:00,1673870400,128.308,128.564,128.237,128.534,14721,0,0
2023-01-16T16:00:00+00:00,2023-01-16,21:30:00,1673884800,128.535,128.762,128.437,128.55,3940,0,0
2023-01-16T20:00:00+00:00,2023-01-17,01:30:00,1673899200,128.553,128.567,128.089,128.323,3714,27,0
2023-01-17T00:00:00+00:00,2023-01-17,05:30:00,1673913600,128.322,129.16,128.288,128.776,19097,0,0
2023-01-17T04:00:00+00:00,2023-01-17,09:30:00,1673928000,128.775,129.026,128.533,128.732,18067,0,0
2023-01-17T08:00:00+00:00,2023-01-17,13:30:00,1673942400,128.733,129.123,128.389,128.707,23190,0,0
2023-01-17T12:00:00+00:00,2023-01-17,17:30:00,1673956800,128.706,128.795,128.129,128.146,38546,0,0
2023-01-17T16:00:00+00:00,2023-01-17,21:30:00,1673971200,128.147,128.445,127.994,128.339,12788,0,0
2023-01-17T20:00:00+00:00,2023-01-18,01:30:00,1673985600,128.342,128.349,128.095,128.282,4168,0,0
2023-01-18T00:00:00+00:00,2023-01-18,05:30:00,1674000000,128.284,131.255,128.224,131.138,75025,0,0
2023-01-18T04:00:00+00:00,2023-01-18,09:30:00,1674014400,131.14,131.578,130.058,130.258,58905,0,0
2023-01-18T08:00:00+00:00,2023-01-18,13:30:00,1674028800,130.257,130.318,128.844,128.991,52209,0,0
2023-01-18T12:00:00+00:00,2023-01-18,17:30:00,1674043200,128.992,129.243,127.568,128.368,61584,0,0
2023-01-18T16:00:00+00:00,2023-01-18,21:30:00,1674057600,128.369,128.953,128.223,128.689,20107,0,0
2023-01-18T20:00:00+00:00,2023-01-19,01:30:00,1674072000,128.692,128.927,128.45,128.553,6338,0,0
2023-01-19T00:00:00+00:00,2023-01-19,05:30:00,1674086400,128.555,128.694,128.153,128.293,19719,0,0
2023-01-19T04:00:00+00:00,2023-01-19,09:30:00,1674100800,128.291,128.296,127.762,128.183,20834,0,0
2023-01-19T08:00:00+00:00,2023-01-19,13:30:00,1674115200,128.181,128.723,128.093,128.617,21025,0,0
2023-01-19T12:00:00+00:00,2023-01-19,17:30:00,1674129600,128.618,128.819,128.234,128.46,29205,0,0
2023-01-19T16:00:00+00:00,2023-01-19,21:30:00,1674144000,128.462,128.631,128.354,128.446,10631,0,0
2023-01-19T20:00:00+00:00,2023-01-20,01:30:00,1674158400,128.448,128.48,128.3,128.374,3608,0,0
2023-01-20T00:00:00+00:00,2023-01-20,05:30:00,1674172800,128.372,128.894,128.346,128.819,13140,0,0
2023-01-20T04:00:00+00:00,2023-01-20,09:30:00,1674187200,128.82,129.294,128.779,128.887,15707,0,0
2023-01-20T08:00:00+00:00,2023-01-20,13:30:00,1674201600,128.889,129.96,128.73,129.918,25887,0,0
2023-01-20T12:00:00+00:00,2023-01-20,17:30:00,1674216000,129.917,130.613,129.687,129.929,29061,0,0
2023-01-20T16:00:00+00:00,2023-01-20,21:30:00,1674230400,129.927,129.989,129.448,129.559,13117,0,0
2023-01-20T20:00:00+00:00,2023-01-21,01:30:00,1674244800,129.561,129.605,129.491,129.574,2615,0,0
2023-01-22T20:00:00+00:00,2023-01-23,01:30:00,1674417600,129.463,129.642,129.315,129.386,2338,0,0
2023-01-23T00:00:00+00:00,2023-01-23,05:30:00,1674432000,129.389,129.532,129.046,129.313,11700,0,0
2023-01-23T04:00:00+00:00,2023-01-23,09:30:00,1674446400,129.314,130.318,129.314,130.125,19550,0,0
2023-01-23T08:00:00+00:00,2023-01-23,13:30:00,1674460800,130.125,130.333,129.62,130.323,17899,0,0
2023-01-23T12:00:00+00:00,2023-01-23,17:30:00,1674475200,130.321,130.89,130.113,130.612,26781,0,0
2023-01-23T16:00:00+00:00,2023-01-23,21:30:00,1674489600,130.611,130.752,130.441,130.669,9703,0,0
2023-01-23T20:00:00+00:00,2023-01-24,01:30:00,1674504000,130.668,130.713,130.459,130.597,3469,0,0
2023-01-24T00:00:00+00:00,2023-01-24,05:30:00,1674518400,130.596,130.729,130.144,130.382,9285,0,0
2023-01-24T04:00:00+00:00,2023-01-24,09:30:00,1674532800,130.382,130.444,129.728,129.859,12250,0,0
2023-01-24T08:00:00+00:00,2023-01-24,13:30:00,1674547200,129.858,130.39,129.767,130.191,16221,0,0
2023-01-24T12:00:00+00:00,2023-01-24,17:30:00,1674561600,130.193,131.118,130.044,130.097,27369,0,0
2023-01-24T16:00:00+00:00,2023-01-24,21:30:00,1674576000,130.095,130.243,129.869,130.046,11603,0,0
2023-01-24T20:00:00+00:00,2023-01-25,01:30:00,1674590400,130.048,130.248,130.022,130.211,3148,0,0
2023-01-25T00:00:00+00:00,2023-01-25,05:30:00,1674604800,130.215,130.574,130.111,130.511,10970,0,0
2023-01-25T04:00:00+00:00,2023-01-25,09:30:00,1674619200,130.51,130.584,130.26,130.434,10676,0,0
2023-01-25T08:00:00+00:00,2023-01-25,13:30:00,1674633600,130.436,130.492,129.658,129.693,16801,0,0
2023-01-25T12:00:00+00:00,2023-01-25,17:30:00,1674648000,129.694,130.034,129.269,129.591,24851,0,0
2023-01-25T16:00:00+00:00,2023-01-25,21:30:00,1674662400,129.589,129.947,129.419,129.538,10987,0,0
2023-01-25T20:00:00+00:00,2023-01-26,01:30:00,1674676800,129.539,129.642,129.229,129.26,3919,0,0
2023-01-26T00:00:00+00:00,2023-01-26,05:30:00,1674691200,129.26,129.588,129.098,129.313,12334,0,0
2023-01-26T04:00:00+00:00,2023-01-26,09:30:00,1674705600,129.312,129.748,129.025,129.481,13656,0,0
2023-01-26T08:00:00+00:00,2023-01-26,13:30:00,1674720000,129.482,130.0,129.482,129.824,18907,0,0
2023-01-26T12:00:00+00:00,2023-01-26,17:30:00,1674734400,129.826,130.549,129.648,130.445,33336,0,0
2023-01-26T16:00:00+00:00,2023-01-26,21:30:00,1674748800,130.447,130.618,130.053,130.224,11173,0,0
2023-01-26T20:00:00+00:00,2023-01-27,01:30:00,1674763200,130.226,130.296,129.65,129.807,5139,0,0
2023-01-27T00:00:00+00:00,2023-01-27,05:30:00,1674777600,129.81,129.925,129.5,129.86,13683,0,0
2023-01-27T04:00:00+00:00,2023-01-27,09:30:00,1674792000,129.861,130.27,129.824,129.967,10995,0,0
2023-01-27T08:00:00+00:00,2023-01-27,13:30:00,1674806400,129.966,130.003,129.664,129.911,12419,0,0
2023-01-27T12:00:00+00:00,2023-01-27,17:30:00,1674820800,129.91,130.067,129.561,129.981,20717,0,0
2023-01-27T16:00:00+00:00,2023-01-27,21:30:00,1674835200,129.983,129.992,129.793,129.906,7068,0,0
2023-01-27T20:00:00+00:00,2023-01-28,01:30:00,1674849600,129.908,129.928,129.798,129.87,3624,0,0
2023-01-29T20:00:00+00:00,2023-01-30,01:30:00,1675022400,129.653,129.887,129.646,129.839,1854,0,0
2023-01-30T00:00:00+00:00,2023-01-30,05:30:00,1675036800,129.841,130.293,129.836,129.914,11029,0,0
2023-01-30T04:00:00+00:00,2023-01-30,09:30:00,1675051200,129.916,129.923,129.207,129.584,28434,0,0
2023-01-30T08:00:00+00:00,2023-01-30,13:30:00,1675065600,129.587,130.257,129.587,130.173,16261,0,0
2023-01-30T12:00:00+00:00,2023-01-30,17:30:00,1675080000,130.174,130.403,129.966,130.318,16560,0,0
2023-01-30T16:00:00+00:00,2023-01-30,21:30:00,1675094400,130.317,130.57,130.298,130.557,6993,0,0
2023-01-30T20:00:00+00:00,2023-01-31,01:30:00,1675108800,130.558,130.558,130.338,130.489,2834,0,0
2023-01-31T00:00:00+00:00,2023-01-31,05:30:00,1675123200,130.488,130.506,130.064,130.246,10976,0,0
2023-01-31T04:00:00+00:00,2023-01-31,09:30:00,1675137600,130.245,130.406,130.042,130.149,9341,0,0
2023-01-31T08:00:00+00:00,2023-01-31,13:30:00,1675152000,130.152,130.485,130.076,130.435,12025,0,0
2023-01-31T12:00:00+00:00,2023-01-31,17:30:00,1675166400,130.437,130.498,129.746,130.038,29686,0,0
2023-01-31T16:00:00+00:00,2023-01-31,21:30:00,1675180800,130.039,130.355,130.004,130.177,9357,0,0
2023-01-31T20:00:00+00:00,2023-02-01,01:30:00,1675195200,130.175,130.231,130.04,130.115,3566,0,0
2023-02-01T00:00:00+00:00,2023-02-01,05:30:00,1675209600,130.113,130.204,129.863,130.014,7010,0,0
2023-02-01T04:00:00+00:00,2023-02-01,09:30:00,1675224000,130.012,130.41,130.01,130.178,7676,0,0
2023-02-01T08:00:00+00:00,2023-02-01,13:30:00,1675238400,130.177,130.238,129.715,129.81,14172,0,0
2023-02-01T12:00:00+00:00,2023-02-01,17:30:00,1675252800,129.809,129.865,129.184,129.254,25449,0,0
2023-02-01T16:00:00+00:00,2023-02-01,21:30:00,1675267200,129.256,129.873,128.543,128.766,42335,0,0
2023-02-01T20:00:00+00:00,2023-02-02,01:30:00,1675281600,128.765,129.156,128.422,128.608,21182,0,0
2023-02-02T00:00:00+00:00,2023-02-02,05:30:00,1675296000,128.606,128.764,128.176,128.607,16161,0,0
2023-02-02T04:00:00+00:00,2023-02-02,09:30:00,1675310400,128.609,128.789,128.4,128.66,11295,0,0
2023-02-02T08:00:00+00:00,2023-02-02,13:30:00,1675324800,128.659,129.136,128.556,128.725,17987,0,0
2023-02-02T12:00:00+00:00,2023-02-02,17:30:00,1675339200,128.725,128.916,128.085,128.418,43077,0,0
2023-02-02T16:00:00+00:00,2023-02-02,21:30:00,1675353600,128.42,128.671,128.249,128.637,11732,0,0
2023-02-02T20:00:00+00:00,2023-02-03,01:30:00,1675368000,128.639,128.768,128.6,128.765,4627,0,0
2023-02-03T00:00:00+00:00,2023-02-03,05:30:00,1675382400,128.767,128.827,128.449,128.561,11586,0,0
2023-02-03T04:00:00+00:00,2023-02-03,09:30:00,1675396800,128.559,128.694,128.478,128.613,9566,0,0
2023-02-03T08:00:00+00:00,2023-02-03,13:30:00,1675411200,128.612,128.723,128.368,128.399,7775,0,0
2023-02-03T12:00:00+00:00,2023-02-03,17:30:00,1675425600,128.398,131.181,128.33,131.071,56893,0,0
2023-02-03T16:00:00+00:00,2023-02-03,21:30:00,1675440000,131.07,131.196,130.838,131.058,16422,0,0
2023-02-03T20:00:00+00:00,2023-02-04,01:30:00,1675454400,131.057,131.213,131.048,131.197,2084,0,0
2023-02-05T20:00:00+00:00,2023-02-06,01:30:00,1675627200,132.219,132.219,131.513,132.061,4401,0,0
2023-02-06T00:00:00+00:00,2023-02-06,05:30:00,1675641600,132.063,132.385,131.736,131.902,20512,0,0
2023-02-06T04:00:00+00:00,2023-02-06,09:30:00,1675656000,131.9,131.995,131.585,131.785,12975,0,0
2023-02-06T08:00:00+00:00,2023-02-06,13:30:00,1675670400,131.785,132.292,131.588,132.082,21028,0,0
2023-02-06T12:00:00+00:00,2023-02-06,17:30:00,1675684800,132.08,132.871,131.928,132.846,23152,0,0
2023-02-06T16:00:00+00:00,2023-02-06,21:30:00,1675699200,132.848,132.903,132.448,132.517,11191,0,0
2023-02-06T20:00:00+00:00,2023-02-07,01:30:00,1675713600,132.518,132.709,132.499,132.628,3910,0,0
2023-02-07T00:00:00+00:00,2023-02-07,05:30:00,1675728000,132.627,132.627,132.143,132.274,8373,0,0
2023-02-07T04:00:00+00:00,2023-02-07,09:30:00,1675742400,132.276,132.405,131.994,132.168,9941,0,0
2023-02-07T08:00:00+00:00,2023-02-07,13:30:00,1675756800,132.167,132.324,131.693,132.159,23917,0,0
2023-02-07T12:00:00+00:00,2023-02-07,17:30:00,1675771200,132.157,132.169,131.22,131.243,24794,0,0
2023-02-07T16:00:00+00:00,2023-02-07,21:30:00,1675785600,131.245,131.481,130.477,131.093,56558,0,0
2023-02-07T20:00:00+00:00,2023-02-08,01:30:00,1675800000,131.09,131.247,131.02,131.054,5450,0,0
2023-02-08T00:00:00+00:00,2023-02-08,05:30:00,1675814400,131.059,131.38,130.727,131.127,10812,0,0
2023-02-08T04:00:00+00:00,2023-02-08,09:30:00,1675828800,131.129,131.372,130.857,130.892,10845,0,0
2023-02-08T08:00:00+00:00,2023-02-08,13:30:00,1675843200,130.891,131.013,130.598,130.853,16270,0,0
2023-02-08T12:00:00+00:00,2023-02-08,17:30:00,1675857600,130.853,131.539,130.744,131.45,20049,0,0
2023-02-08T16:00:00+00:00,2023-02-08,21:30:00,1675872000,131.448,131.462,131.089,131.364,11885,0,0
2023-02-08T20:00:00+00:00,2023-02-09,01:30:00,1675886400,131.362,131.463,131.303,131.389,3547,0,0
2023-02-09T00:00:00+00:00,2023-02-09,05:30:00,1675900800,131.391,131.826,131.239,131.403,10281,0,0
2023-02-09T04:00:00+00:00,2023-02-09,09:30:00,1675915200,131.404,131.746,130.775,131.15,18473,0,0
2023-02-09T08:00:00+00:00,2023-02-09,13:30:00,1675929600,131.149,131.156,130.743,130.917,18119,0,0
2023-02-09T12:00:00+00:00,2023-02-09,17:30:00,1675944000,130.916,130.964,130.343,130.909,23923,0,0
2023-02-09T16:00:00+00:00,2023-02-09,21:30:00,1675958400,130.91,131.599,130.909,131.577,16733,0,0
2023-02-09T20:00:00+00:00,2023-02-10,01:30:00,1675972800,131.575,131.651,131.383,131.518,4642,0,0
2023-02-10T00:00:00+00:00,2023-02-10,05:30:00,1675987200,131.521,131.888,131.503,131.764,10564,0,0
2023-02-10T04:00:00+00:00,2023-02-10,09:30:00,1676001600,131.766,131.81,130.377,130.451,33975,0,0
2023-02-10T08:00:00+00:00,2023-02-10,13:30:00,1676016000,130.449,131.425,129.807,130.836,54949,0,0
2023-02-10T12:00:00+00:00,2023-02-10,17:30:00,1676030400,130.835,131.401,130.58,131.328,29701,0,0
2023-02-10T16:00:00+00:00,2023-02-10,21:30:00,1676044800,131.329,131.599,131.301,131.511,11285,0,0
2023-02-10T20:00:00+00:00,2023-02-11,01:30:00,1676059200,131.512,131.534,131.365,131.429,2502,0,0
2023-02-12T20:00:00+00:00,2023-02-13,01:30:00,1676232000,131.348,131.645,131.348,131.558,1707,0,0
2023-02-13T00:00:00+00:00,2023-02-13,05:30:00,1676246400,131.559,132.144,131.45,132.028,10538,0,0
2023-02-13T04:00:00+00:00,2023-02-13,09:30:00,1676260800,132.03,132.305,132.017,132.133,12413,0,0
2023-02-13T08:00:00+00:00,2023-02-13,13:30:00,1676275200,132.134,132.772,132.128,132.684,18312,0,0
2023-02-13T12:00:00+00:00,2023-02-13,17:30:00,1676289600,132.682,132.874,132.358,132.802,23664,0,0
2023-02-13T16:00:00+00:00,2023-02-13,21:30:00,1676304000,132.801,132.91,132.385,132.465,8540,0,0
2023-02-13T20:00:00+00:00,2023-02-14,01:30:00,1676318400,132.467,132.467,132.226,132.338,4212,0,0
2023-02-14T00:00:00+00:00,2023-02-14,05:30:00,1676332800,132.339,132.374,131.909,132.038,11352,0,0
2023-02-14T04:00:00+00:00,2023-02-14,09:30:00,1676347200,132.037,132.106,131.788,132.084,12911,0,0
2023-02-14T08:00:00+00:00,2023-02-14,13:30:00,1676361600,132.082,132.344,131.913,132.233,16725,0,0
2023-02-14T12:00:00+00:00,2023-02-14,17:30:00,1676376000,132.234,133.133,131.497,132.83,69858,0,0
2023-02-14T16:00:00+00:00,2023-02-14,21:30:00,1676390400,132.828,133.316,132.705,133.049,21245,0,0
2023-02-14T20:00:00+00:00,2023-02-15,01:30:00,1676404800,133.049,133.131,132.967,132.993,3811,0,0
2023-02-15T00:00:00+00:00,2023-02-15,05:30:00,1676419200,132.992,133.081,132.546,133.044,9376,0,0
2023-02-15T04:00:00+00:00,2023-02-15,09:30:00,1676433600,133.042,133.437,132.966,133.346,11948,0,0
2023-02-15T08:00:00+00:00,2023-02-15,13:30:00,1676448000,133.345,133.487,133.208,133.442,14658,0,0
2023-02-15T12:00:00+00:00,2023-02-15,17:30:00,1676462400,133.444,134.329,133.423,134.275,32300,0,0
2023-02-15T16:00:00+00:00,2023-02-15,21:30:00,1676476800,134.276,134.358,134.141,134.175,10183,0,0
2023-02-15T20:00:00+00:00,2023-02-16,01:30:00,1676491200,134.173,134.194,133.872,133.907,3978,0,0
2023-02-16T00:00:00+00:00,2023-02-16,05:30:00,1676505600,133.906,134.164,133.639,133.764,12805,0,0
2023-02-16T04:00:00+00:00,2023-02-16,09:30:00,1676520000,133.763,134.01,133.718,133.776,8163,0,0
2023-02-16T08:00:00+00:00,2023-02-16,13:30:00,1676534400,133.775,133.987,133.606,133.791,10324,0,0
2023-02-16T12:00:00+00:00,2023-02-16,17:30:00,1676548800,133.79,134.464,133.771,134.2,25238,0,0
2023-02-16T16:00:00+00:00,2023-02-16,21:30:00,1676563200,134.201,134.226,133.698,133.835,10733,0,0
2023-02-16T20:00:00+00:00,2023-02-17,01:30:00,1676577600,133.833,134.164,133.694,134.076,8256,0,0
2023-02-17T00:00:00+00:00,2023-02-17,05:30:00,1676592000,134.073,134.714,134.069,134.661,7932,0,0
2023-02-17T04:00:00+00:00,2023-02-17,09:30:00,1676606400,134.662,134.897,134.642,134.798,6346,0,0
2023-02-17T08:00:00+00:00,2023-02-17,13:30:00,1676620800,134.801,135.115,134.702,135.038,11146,0,0
2023-02-17T12:00:00+00:00,2023-02-17,17:30:00,1676635200,135.041,135.043,134.072,134.342,20125,0,0
2023-02-17T16:00:00+00:00,2023-02-17,21:30:00,1676649600,134.344,134.412,134.075,134.144,10011,0,0
2023-02-17T20:00:00+00:00,2023-02-18,01:30:00,1676664000,134.142,134.215,134.055,134.155,2130,0,0
2023-02-19T20:00:00+00:00,2023-02-20,01:30:00,1676836800,134.25,134.33,134.205,134.313,1548,0,0
2023-02-20T00:00:00+00:00,2023-02-20,05:30:00,1676851200,134.313,134.538,134.216,134.225,7105,0,0
2023-02-20T04:00:00+00:00,2023-02-20,09:30:00,1676865600,134.227,134.246,133.946,134.049,7828,0,0
2023-02-20T08:00:00+00:00,2023-02-20,13:30:00,1676880000,134.051,134.369,133.957,134.005,6844,0,0
2023-02-20T12:00:00+00:00,2023-02-20,17:30:00,1676894400,134.003,134.155,133.925,134.038,7085,0,0
2023-02-20T16:00:00+00:00,2023-02-20,21:30:00,1676908800,134.04,134.24,134.04,134.227,1205,0,0
2023-02-20T20:00:00+00:00,2023-02-21,01:30:00,1676923200,134.225,134.335,134.107,134.335,847,4,0
2023-02-21T00:00:00+00:00,2023-02-21,05:30:00,1676937600,134.339,134.496,134.152,134.424,8545,0,0
2023-02-21T04:00:00+00:00,2023-02-21,09:30:00,1676952000,134.425,134.703,134.286,134.586,6171,0,0
2023-02-21T08:00:00+00:00,2023-02-21,13:30:00,1676966400,134.588,134.842,134.434,134.599,12198,0,0
2023-02-21T12:00:00+00:00,2023-02-21,17:30:00,1676980800,134.601,135.228,134.601,134.735,21164,0,0
2023-02-21T16:00:00+00:00,2023-02-21,21:30:00,1676995200,134.734,135.039,134.691,134.969,10001,0,0
2023-02-21T20:00:00+00:00,2023-02-22,01:30:00,1677009600,134.967,135.026,134.831,134.993,2877,0,0
2023-02-22T00:00:00+00:00,2023-02-22,05:30:00,1677024000,134.996,135.062,134.553,134.906,9505,0,0
2023-02-22T04:00:00+00:00,2023-02-22,09:30:00,1677038400,134.905,134.967,134.646,134.732,5360,0,0
2023-02-22T08:00:00+00:00,2023-02-22,13:30:00,1677052800,134.733,134.997,134.594,134.761,10192,0,0
2023-02-22T12:00:00+00:00,2023-02-22,17:30:00,1677067200,134.759,134.804,134.367,134.601,18446,0,0
2023-02-22T16:00:00+00:00,2023-02-22,21:30:00,1677081600,134.602,134.954,134.588,134.939,15166,0,0
2023-02-22T20:00:00+00:00,2023-02-23,01:30:00,1677096000,134.937,134.988,134.827,134.937,2756,0,0
2023-02-23T00:00:00+00:00,2023-02-23,05:30:00,1677110400,134.939,134.963,134.708,134.768,4437,0,0
2023-02-23T04:00:00+00:00,2023-02-23,09:30:00,1677124800,134.77,134.914,134.714,134.847,3512,0,0
2023-02-23T08:00:00+00:00,2023-02-23,13:30:00,1677139200,134.846,134.995,134.782,134.937,6472,0,0
2023-02-23T12:00:00+00:00,2023-02-23,17:30:00,1677153600,134.938,135.365,134.649,134.852,23902,0,0
2023-02-23T16:00:00+00:00,2023-02-23,21:30:00,1677168000,134.853,134.915,134.488,134.638,9213,0,0
2023-02-23T20:00:00+00:00,2023-02-24,01:30:00,1677182400,134.64,134.743,134.291,134.626,3606,0,0
2023-02-24T00:00:00+00:00,2023-02-24,05:30:00,1677196800,134.628,134.934,134.057,134.727,31381,0,0
2023-02-24T04:00:00+00:00,2023-02-24,09:30:00,1677211200,134.729,134.846,134.512,134.84,6899,0,0
2023-02-24T08:00:00+00:00,2023-02-24,13:30:00,1677225600,134.842,135.448,134.838,135.402,10491,0,0
2023-02-24T12:00:00+00:00,2023-02-24,17:30:00,1677240000,135.404,136.465,135.202,136.394,30617,0,0
2023-02-24T16:00:00+00:00,2023-02-24,21:30:00,1677254400,136.392,136.519,136.218,136.434,8505,0,0
2023-02-24T20:00:00+00:00,2023-02-25,01:30:00,1677268800,136.432,136.496,136.361,136.492,1801,0,0
2023-02-26T20:00:00+00:00,2023-02-27,01:30:00,1677441600,136.472,136.486,136.24,136.431,1249,0,0
2023-02-27T00:00:00+00:00,2023-02-27,05:30:00,1677456000,136.429,136.56,136.005,136.356,11159,0,0
2023-02-27T04:00:00+00:00,2023-02-27,09:30:00,1677470400,136.354,136.439,136.121,136.19,7606,0,0
2023-02-27T08:00:00+00:00,2023-02-27,13:30:00,1677484800,136.188,136.444,136.004,136.259,10805,0,0
2023-02-27T12:00:00+00:00,2023-02-27,17:30:00,1677499200,136.257,136.36,135.918,136.075,14697,0,0
2023-02-27T16:00:00+00:00,2023-02-27,21:30:00,1677513600,136.073,136.302,136.057,136.247,5335,0,0
2023-02-27T20:00:00+00:00,2023-02-28,01:30:00,1677528000,136.246,136.337,136.151,136.324,2233,0,0
2023-02-28T00:00:00+00:00,2023-02-28,05:30:00,1677542400,136.324,136.355,136.115,136.232,6725,0,0
2023-02-28T04:00:00+00:00,2023-02-28,09:30:00,1677556800,136.23,136.786,136.215,136.751,5856,0,0
2023-02-28T08:00:00+00:00,2023-02-28,13:30:00,1677571200,136.749,136.847,136.606,136.774,9802,0,0
2023-02-28T12:00:00+00:00,2023-02-28,17:30:00,1677585600,136.772,136.92,136.162,136.214,16518,0,0
2023-02-28T16:00:00+00:00,2023-02-28,21:30:00,1677600000,136.212,136.261,135.739,136.114,10741,0,0
2023-02-28T20:00:00+00:00,2023-03-01,01:30:00,1677614400,136.112,136.357,136.074,136.349,3289,0,0
2023-03-01T00:00:00+00:00,2023-03-01,05:30:00,1677628800,136.348,136.471,136.235,136.371,7497,0,0
2023-03-01T04:00:00+00:00,2023-03-01,09:30:00,1677643200,136.369,136.443,135.897,135.924,7070,0,0
2023-03-01T08:00:00+00:00,2023-03-01,13:30:00,1677657600,135.925,136.067,135.307,135.34,14902,0,0
2023-03-01T12:00:00+00:00,2023-03-01,17:30:00,1677672000,135.339,136.32,135.26,136.112,19522,0,0
2023-03-01T16:00:00+00:00,2023-03-01,21:30:00,1677686400,136.114,136.263,135.706,136.18,7676,0,0
2023-03-01T20:00:00+00:00,2023-03-02,01:30:00,1677700800,136.178,136.247,136.023,136.197,2550,0,0
2023-03-02T00:00:00+00:00,2023-03-02,05:30:00,1677715200,136.196,136.447,136.055,136.385,7800,0,0
2023-03-02T04:00:00+00:00,2023-03-02,09:30:00,1677729600,136.384,136.873,136.359,136.784,7222,0,0
2023-03-02T08:00:00+00:00,2023-03-02,13:30:00,1677744000,136.782,136.782,136.239,136.614,16646,0,0
2023-03-02T12:00:00+00:00,2023-03-02,17:30:00,1677758400,136.612,137.105,136.449,136.689,19907,0,0
2023-03-02T16:00:00+00:00,2023-03-02,21:30:00,1677772800,136.688,136.993,136.594,136.756,8035,0,0
2023-03-02T20:00:00+00:00,2023-03-03,01:30:00,1677787200,136.758,136.828,136.502,136.721,3831,0,0
2023-03-03T00:00:00+00:00,2023-03-03,05:30:00,1677801600,136.72,136.77,136.5,136.679,7836,0,0
2023-03-03T04:00:00+00:00,2023-03-03,09:30:00,1677816000,136.678,136.711,136.344,136.419,6397,0,0
2023-03-03T08:00:00+00:00,2023-03-03,13:30:00,1677830400,136.417,136.453,135.995,136.06,10669,0,0
2023-03-03T12:00:00+00:00,2023-03-03,17:30:00,1677844800,136.059,136.402,135.806,136.324,17752,0,0
2023-03-03T16:00:00+00:00,2023-03-03,21:30:00,1677859200,136.323,136.421,135.817,135.842,8122,0,0
2023-03-03T20:00:00+00:00,2023-03-04,01:30:00,1677873600,135.84,135.873,135.747,135.819,2340,0,0
2023-03-05T20:00:00+00:00,2023-03-06,01:30:00,1678046400,135.956,136.035,135.857,136.024,2497,0,0
2023-03-06T00:00:00+00:00,2023-03-06,05:30:00,1678060800,136.024,136.053,135.369,135.46,8574,0,0
2023-03-06T04:00:00+00:00,2023-03-06,09:30:00,1678075200,135.458,135.882,135.451,135.684,7152,0,0
2023-03-06T08:00:00+00:00,2023-03-06,13:30:00,1678089600,135.686,136.193,135.67,136.159,11030,0,0
2023-03-06T12:00:00+00:00,2023-03-06,17:30:00,1678104000,136.161,136.169,135.637,135.953,12816,0,0
2023-03-06T16:00:00+00:00,2023-03-06,21:30:00,1678118400,135.952,136.096,135.836,136.062,5964,0,0
2023-03-06T20:00:00+00:00,2023-03-07,01:30:00,1678132800,136.06,136.06,135.888,135.999,1994,0,0
2023-03-07T00:00:00+00:00,2023-03-07,05:30:00,1678147200,135.999,136.178,135.833,135.967,6548,0,0
2023-03-07T04:00:00+00:00,2023-03-07,09:30:00,1678161600,135.966,136.041,135.663,135.747,6485,0,0
2023-03-07T08:00:00+00:00,2023-03-07,13:30:00,1678176000,135.749,136.084,135.543,136.046,10766,0,0
2023-03-07T12:00:00+00:00,2023-03-07,17:30:00,1678190400,136.048,136.906,136.043,136.778,26304,0,0
2023-03-07T16:00:00+00:00,2023-03-07,21:30:00,1678204800,136.78,137.165,136.639,137.109,14212,0,0
2023-03-07T20:00:00+00:00,2023-03-08,01:30:00,1678219200,137.107,137.425,137.047,137.395,3190,0,0
2023-03-08T00:00:00+00:00,2023-03-08,05:30:00,1678233600,137.392,137.784,137.246,137.759,8418,0,0
2023-03-08T04:00:00+00:00,2023-03-08,09:30:00,1678248000,137.757,137.911,137.454,137.5,7102,0,0
2023-03-08T08:00:00+00:00,2023-03-08,13:30:00,1678262400,137.498,137.684,137.204,137.265,9739,0,0
2023-03-08T12:00:00+00:00,2023-03-08,17:30:00,1678276800,137.264,137.365,136.48,136.887,27380,0,0
2023-03-08T16:00:00+00:00,2023-03-08,21:30:00,1678291200,136.889,137.332,136.775,137.224,10473,0,0
2023-03-08T20:00:00+00:00,2023-03-09,01:30:00,1678305600,137.223,137.437,137.155,137.228,2806,0,0
2023-03-09T00:00:00+00:00,2023-03-09,05:30:00,1678320000,137.23,137.256,136.8,136.94,6380,0,0
2023-03-09T04:00:00+00:00,2023-03-09,09:30:00,1678334400,136.939,136.981,136.582,136.843,5668,0,0
2023-03-09T08:00:00+00:00,2023-03-09,13:30:00,1678348800,136.841,136.893,136.022,136.278,11943,0,0
2023-03-09T12:00:00+00:00,2023-03-09,17:30:00,1678363200,136.281,136.4,135.943,136.325,16265,0,0
2023-03-09T16:00:00+00:00,2023-03-09,21:30:00,1678377600,136.322,136.482,135.99,136.162,8819,0,0
2023-03-09T20:00:00+00:00,2023-03-10,01:30:00,1678392000,136.164,136.421,136.063,136.373,4841,0,0
2023-03-10T00:00:00+00:00,2023-03-10,05:30:00,1678406400,136.373,136.974,135.815,136.506,33721,0,0
2023-03-10T04:00:00+00:00,2023-03-10,09:30:00,1678420800,136.508,136.859,136.309,136.411,14450,0,0
2023-03-10T08:00:00+00:00,2023-03-10,13:30:00,1678435200,136.413,136.996,136.094,136.766,15489,0,0
2023-03-10T12:00:00+00:00,2023-03-10,17:30:00,1678449600,136.768,136.876,134.117,134.293,51226,0,0
2023-03-10T16:00:00+00:00,2023-03-10,21:30:00,1678464000,134.294,135.183,134.29,134.783,22741,0,0
2023-03-10T20:00:00+00:00,2023-03-11,01:30:00,1678478400,134.782,135.144,134.742,135.065,4550,0,0
2023-03-12T20:00:00+00:00,2023-03-13,01:30:00,1678651200,134.417,135.054,133.563,134.968,18948,0,0
2023-03-13T00:00:00+00:00,2023-03-13,05:30:00,1678665600,134.97,134.976,133.686,134.116,32521,0,0
2023-03-13T04:00:00+00:00,2023-03-13,09:30:00,1678680000,134.113,134.693,133.881,134.507,19937,0,0
2023-03-13T08:00:00+00:00,2023-03-13,13:30:00,1678694400,134.505,134.651,132.842,133.152,65887,0,0
2023-03-13T12:00:00+00:00,2023-03-13,17:30:00,1678708800,133.153,133.302,132.286,133.139,75229,0,0
2023-03-13T16:00:00+00:00,2023-03-13,21:30:00,1678723200,133.139,133.618,132.951,133.344,27864,0,0
2023-03-13T20:00:00+00:00,2023-03-14,01:30:00,1678737600,133.345,133.406,133.077,133.091,6938,0,0
2023-03-14T00:00:00+00:00,2023-03-14,05:30:00,1678752000,133.093,133.962,133.03,133.783,18450,0,0
2023-03-14T04:00:00+00:00,2023-03-14,09:30:00,1678766400,133.782,134.031,133.191,133.551,23318,0,0
2023-03-14T08:00:00+00:00,2023-03-14,13:30:00,1678780800,133.553,134.334,133.477,134.162,26425,0,0
2023-03-14T12:00:00+00:00,2023-03-14,17:30:00,1678795200,134.163,134.902,133.833,134.331,51638,0,0
2023-03-14T16:00:00+00:00,2023-03-14,21:30:00,1678809600,134.329,134.602,133.985,134.17,22451,0,0
2023-03-14T20:00:00+00:00,2023-03-15,01:30:00,1678824000,134.172,134.477,134.132,134.438,5303,0,0
2023-03-15T00:00:00+00:00,2023-03-15,05:30:00,1678838400,134.436,134.6,134.032,134.256,15401,0,0
2023-03-15T04:00:00+00:00,2023-03-15,09:30:00,1678852800,134.255,135.062,134.242,134.877,14759,0,0
2023-03-15T08:00:00+00:00,2023-03-15,13:30:00,1678867200,134.876,135.115,133.393,133.533,53810,0,0
2023-03-15T12:00:00+00:00,2023-03-15,17:30:00,1678881600,133.531,133.597,132.218,132.819,71844,0,0
2023-03-15T16:00:00+00:00,2023-03-15,21:30:00,1678896000,132.82,133.781,132.407,133.198,51707,0,0
2023-03-15T20:00:00+00:00,2023-03-16,01:30:00,1678910400,133.2,133.488,132.778,132.905,8924,0,0
2023-03-16T00:00:00+00:00,2023-03-16,05:30:00,1678924800,132.906,133.495,132.504,132.734,28145,0,0
2023-03-16T04:00:00+00:00,2023-03-16,09:30:00,1678939200,132.736,133.189,132.566,133.12,21462,0,0
2023-03-16T08:00:00+00:00,2023-03-16,13:30:00,1678953600,133.119,133.227,132.565,132.606,31894,0,0
2023-03-16T12:00:00+00:00,2023-03-16,17:30:00,1678968000,132.604,133.153,131.72,133.025,85201,0,0
2023-03-16T16:00:00+00:00,2023-03-16,21:30:00,1678982400,133.024,133.826,132.903,133.488,30567,0,0
2023-03-16T20:00:00+00:00,2023-03-17,01:30:00,1678996800,133.49,133.795,133.333,133.369,6035,0,0
2023-03-17T00:00:00+00:00,2023-03-17,05:30:00,1679011200,133.367,133.582,133.029,133.214,12889,0,0
2023-03-17T04:00:00+00:00,2023-03-17,09:30:00,1679025600,133.216,133.342,132.746,133.018,16207,0,0
2023-03-17T08:00:00+00:00,2023-03-17,13:30:00,1679040000,133.017,133.354,132.511,132.64,26160,0,0
2023-03-17T12:00:00+00:00,2023-03-17,17:30:00,1679054400,132.639,132.738,131.816,132.024,45857,0,0
2023-03-17T16:00:00+00:00,2023-03-17,21:30:00,1679068800,132.022,132.314,131.557,131.99,20154,0,0
2023-03-17T20:00:00+00:00,2023-03-18,01:30:00,1679083200,131.989,132.046,131.759,131.849,3009,0,0
2023-03-19T20:00:00+00:00,2023-03-20,01:30:00,1679256000,131.844,132.363,131.686,132.279,6329,0,0
2023-03-20T00:00:00+00:00,2023-03-20,05:30:00,1679270400,132.281,132.65,131.92,132.03,16135,0,0
2023-03-20T04:00:00+00:00,2023-03-20,09:30:00,1679284800,132.028,132.085,130.73,131.051,30839,0,0
2023-03-20T08:00:00+00:00,2023-03-20,13:30:00,1679299200,131.053,131.454,130.541,131.052,45318,0,0
2023-03-20T12:00:00+00:00,2023-03-20,17:30:00,1679313600,131.05,131.848,130.98,131.596,42834,0,0
2023-03-20T16:00:00+00:00,2023-03-20,21:30:00,1679328000,131.597,131.741,131.269,131.426,16518,0,0
2023-03-20T20:00:00+00:00,2023-03-21,01:30:00,1679342400,131.425,131.471,131.209,131.401,3924,0,0
2023-03-21T00:00:00+00:00,2023-03-21,05:30:00,1679356800,131.399,131.606,131.035,131.215,10022,0,0
2023-03-21T04:00:00+00:00,2023-03-21,09:30:00,1679371200,131.213,131.903,131.181,131.871,12325,0,0
2023-03-21T08:00:00+00:00,2023-03-21,13:30:00,1679385600,131.873,132.437,131.794,132.278,21853,0,0
2023-03-21T12:00:00+00:00,2023-03-21,17:30:00,1679400000,132.276,132.453,131.791,132.272,27344,0,0
2023-03-21T16:00:00+00:00,2023-03-21,21:30:00,1679414400,132.271,132.632,132.216,132.447,11657,0,0
2023-03-21T20:00:00+00:00,2023-03-22,01:30:00,1679428800,132.445,132.551,132.26,132.402,2546,0,0
2023-03-22T00:00:00+00:00,2023-03-22,05:30:00,1679443200,132.401,132.778,132.256,132.384,12427,0,0
2023-03-22T04:00:00+00:00,2023-03-22,09:30:00,1679457600,132.386,132.6,132.289,132.597,11520,0,0
2023-03-22T08:00:00+00:00,2023-03-22,13:30:00,1679472000,132.597,132.941,132.345,132.898,14279,0,0
2023-03-22T12:00:00+00:00,2023-03-22,17:30:00,1679486400,132.896,133.002,132.424,132.669,15312,0,0
2023-03-22T16:00:00+00:00,2023-03-22,21:30:00,1679500800,132.669,132.724,131.021,131.196,50871,0,0
2023-03-22T20:00:00+00:00,2023-03-23,01:30:00,1679515200,131.198,131.535,131.007,131.188,9134,0,0
2023-03-23T00:00:00+00:00,2023-03-23,05:30:00,1679529600,131.186,131.248,130.421,130.621,19802,0,0
2023-03-23T04:00:00+00:00,2023-03-23,09:30:00,1679544000,130.619,131.05,130.554,130.935,18537,0,0
2023-03-23T08:00:00+00:00,2023-03-23,13:30:00,1679558400,130.934,131.436,130.847,131.285,18764,0,0
2023-03-23T12:00:00+00:00,2023-03-23,17:30:00,1679572800,131.284,131.664,130.967,131.0,25531,0,0
2023-03-23T16:00:00+00:00,2023-03-23,21:30:00,1679587200,131.001,131.044,130.324,130.562,31409,0,0
2023-03-23T20:00:00+00:00,2023-03-24,01:30:00,1679601600,130.563,130.908,130.537,130.867,5388,0,0
2023-03-24T00:00:00+00:00,2023-03-24,05:30:00,1679616000,130.87,130.943,130.167,130.339,17505,0,0
2023-03-24T04:00:00+00:00,2023-03-24,09:30:00,1679630400,130.339,130.48,130.057,130.257,14607,0,0
2023-03-24T08:00:00+00:00,2023-03-24,13:30:00,1679644800,130.256,130.292,129.641,130.009,37987,0,0
2023-03-24T12:00:00+00:00,2023-03-24,17:30:00,1679659200,130.007,130.735,129.848,130.637,39576,0,0
2023-03-24T16:00:00+00:00,2023-03-24,21:30:00,1679673600,130.637,130.896,130.567,130.751,14262,0,0
2023-03-24T20:00:00+00:00,2023-03-25,01:30:00,1679688000,130.753,130.785,130.695,130.723,871,0,0
2023-03-26T20:00:00+00:00,2023-03-27,01:30:00,1679860800,130.59,130.966,130.512,130.85,4591,0,0
2023-03-27T00:00:00+00:00,2023-03-27,05:30:00,1679875200,130.852,131.054,130.541,130.591,12340,0,0
2023-03-27T04:00:00+00:00,2023-03-27,09:30:00,1679889600,130.592,131.366,130.498,130.926,17539,0,0
2023-03-27T08:00:00+00:00,2023-03-27,13:30:00,1679904000,130.927,131.579,130.889,131.466,15643,0,0
2023-03-27T12:00:00+00:00,2023-03-27,17:30:00,1679918400,131.468,131.748,131.329,131.501,18057,0,0
2023-03-27T16:00:00+00:00,2023-03-27,21:30:00,1679932800,131.501,131.758,131.431,131.592,7460,0,0
2023-03-27T20:00:00+00:00,2023-03-28,01:30:00,1679947200,131.591,131.6,131.195,131.241,3325,0,0
2023-03-28T00:00:00+00:00,2023-03-28,05:30:00,1679961600,131.24,131.24,130.552,130.583,13583,0,0
2023-03-28T04:00:00+00:00,2023-03-28,09:30:00,1679976000,130.582,131.247,130.504,131.162,17314,0,0
2023-03-28T08:00:00+00:00,2023-03-28,13:30:00,1679990400,131.163,131.297,130.782,130.81,13789,0,0
2023-03-28T12:00:00+00:00,2023-03-28,17:30:00,1680004800,130.811,131.184,130.408,130.977,21318,0,0
2023-03-28T16:00:00+00:00,2023-03-28,21:30:00,1680019200,130.977,131.033,130.571,130.799,6831,0,0
2023-03-28T20:00:00+00:00,2023-03-29,01:30:00,1680033600,130.8,131.081,130.761,131.05,3144,0,0
2023-03-29T00:00:00+00:00,2023-03-29,05:30:00,1680048000,131.049,131.803,130.927,131.679,13819,0,0
2023-03-29T04:00:00+00:00,2023-03-29,09:30:00,1680062400,131.68,132.053,131.546,131.966,13593,0,0
2023-03-29T08:00:00+00:00,2023-03-29,13:30:00,1680076800,131.966,132.209,131.601,132.191,14138,0,0
2023-03-29T12:00:00+00:00,2023-03-29,17:30:00,1680091200,132.19,132.72,132.168,132.702,22994,0,0
2023-03-29T16:00:00+00:00,2023-03-29,21:30:00,1680105600,132.7,132.857,132.553,132.826,8044,0,0
2023-03-29T20:00:00+00:00,2023-03-30,01:30:00,1680120000,132.825,132.894,132.553,132.553,2939,0,0
2023-03-30T00:00:00+00:00,2023-03-30,05:30:00,1680134400,132.551,132.811,132.463,132.671,11476,0,0
2023-03-30T04:00:00+00:00,2023-03-30,09:30:00,1680148800,132.669,132.689,132.203,132.403,15460,0,0
2023-03-30T08:00:00+00:00,2023-03-30,13:30:00,1680163200,132.404,132.892,132.383,132.573,14308,0,0
2023-03-30T12:00:00+00:00,2023-03-30,17:30:00,1680177600,132.574,132.967,132.561,132.713,18279,0,0
2023-03-30T16:00:00+00:00,2023-03-30,21:30:00,1680192000,132.711,132.712,132.319,132.615,6173,0,0
2023-03-30T20:00:00+00:00,2023-03-31,01:30:00,1680206400,132.617,133.271,132.587,133.203,4918,0,0
2023-03-31T00:00:00+00:00,2023-03-31,05:30:00,1680220800,133.204,133.509,132.76,132.762,15062,0,0
2023-03-31T04:00:00+00:00,2023-03-31,09:30:00,1680235200,132.763,133.244,132.689,133.132,12422,0,0
2023-03-31T08:00:00+00:00,2023-03-31,13:30:00,1680249600,133.134,133.593,132.809,133.187,18012,0,0
2023-03-31T12:00:00+00:00,2023-03-31,17:30:00,1680264000,133.185,133.317,132.75,132.752,27308,0,0
2023-03-31T16:00:00+00:00,2023-03-31,21:30:00,1680278400,132.755,132.964,132.623,132.758,6900,0,0
2023-03-31T20:00:00+00:00,2023-04-01,01:30:00,1680292800,132.759,132.85,132.739,132.808,1791,0,0
2023-04-02T20:00:00+00:00,2023-04-03,01:30:00,1680465600,133.272,133.383,133.065,133.36,4873,0,0
2023-04-03T00:00:00+00:00,2023-04-03,05:30:00,1680480000,133.358,133.466,132.821,133.447,14169,0,0
2023-04-03T04:00:00+00:00,2023-04-03,09:30:00,1680494400,133.448,133.756,133.34,133.539,12180,0,0
2023-04-03T08:00:00+00:00,2023-04-03,13:30:00,1680508800,133.541,133.654,132.87,132.89,11699,0,0
2023-04-03T12:00:00+00:00,2023-04-03,17:30:00,1680523200,132.892,133.169,132.206,132.36,24354,0,0
2023-04-03T16:00:00+00:00,2023-04-03,21:30:00,1680537600,132.36,132.571,132.28,132.453,6777,0,0
2023-04-03T20:00:00+00:00,2023-04-04,01:30:00,1680552000,132.451,132.456,132.174,132.323,2906,0,0
2023-04-04T00:00:00+00:00,2023-04-04,05:30:00,1680566400,132.325,132.887,132.214,132.853,10195,0,0
2023-04-04T04:00:00+00:00,2023-04-04,09:30:00,1680580800,132.855,132.98,132.505,132.611,12809,0,0
2023-04-04T08:00:00+00:00,2023-04-04,13:30:00,1680595200,132.612,133.171,132.595,133.036,12933,0,0
2023-04-04T12:00:00+00:00,2023-04-04,17:30:00,1680609600,133.037,133.079,131.557,131.602,30457,0,0
2023-04-04T16:00:00+00:00,2023-04-04,21:30:00,1680624000,131.603,131.758,131.524,131.646,6581,0,0
2023-04-04T20:00:00+00:00,2023-04-05,01:30:00,1680638400,131.645,131.774,131.369,131.437,3734,0,0
2023-04-05T00:00:00+00:00,2023-04-05,05:30:00,1680652800,131.435,131.845,131.308,131.678,10807,0,0
2023-04-05T04:00:00+00:00,2023-04-05,09:30:00,1680667200,131.68,131.811,131.323,131.411,11292,0,0
2023-04-05T08:00:00+00:00,2023-04-05,13:30:00,1680681600,131.412,131.782,131.236,131.479,13607,0,0
2023-04-05T12:00:00+00:00,2023-04-05,17:30:00,1680696000,131.478,131.521,130.63,131.116,30341,0,0
2023-04-05T16:00:00+00:00,2023-04-05,21:30:00,1680710400,131.115,131.347,131.066,131.31,7014,0,0
2023-04-05T20:00:00+00:00,2023-04-06,01:30:00,1680724800,131.308,131.411,130.823,130.938,4390,0,0
2023-04-06T00:00:00+00:00,2023-04-06,05:30:00,1680739200,130.939,131.295,130.78,131.203,8312,0,0
2023-04-06T04:00:00+00:00,2023-04-06,09:30:00,1680753600,131.201,131.496,131.114,131.369,8994,0,0
2023-04-06T08:00:00+00:00,2023-04-06,13:30:00,1680768000,131.368,131.577,131.179,131.479,11532,0,0
2023-04-06T12:00:00+00:00,2023-04-06,17:30:00,1680782400,131.48,131.904,130.969,131.677,20912,0,0
2023-04-06T16:00:00+00:00,2023-04-06,21:30:00,1680796800,131.676,131.852,131.574,131.784,3378,0,0
2023-04-06T20:00:00+00:00,2023-04-07,01:30:00,1680811200,131.786,131.904,131.582,131.664,1740,0,0
2023-04-07T00:00:00+00:00,2023-04-07,05:30:00,1680825600,131.66,131.812,131.552,131.693,2837,25,0
2023-04-07T04:00:00+00:00,2023-04-07,09:30:00,1680840000,131.691,131.936,131.628,131.876,2921,9,0
2023-04-07T08:00:00+00:00,2023-04-07,13:30:00,1680854400,131.879,131.889,131.524,131.659,3226,1,0
2023-04-07T12:00:00+00:00,2023-04-07,17:30:00,1680868800,131.659,132.372,131.584,132.125,9843,3,0
2023-04-07T16:00:00+00:00,2023-04-07,21:30:00,1680883200,132.124,132.268,132.123,132.23,9570,3,0
2023-04-07T20:00:00+00:00,2023-04-08,01:30:00,1680897600,132.235,132.243,132.13,132.153,560,7,0
2023-04-09T20:00:00+00:00,2023-04-10,01:30:00,1681070400,132.134,132.167,131.828,132.102,2314,0,0
2023-04-10T00:00:00+00:00,2023-04-10,05:30:00,1681084800,132.1,132.745,132.091,132.708,10492,0,0
2023-04-10T04:00:00+00:00,2023-04-10,09:30:00,1681099200,132.709,132.799,132.048,132.068,8469,0,0
2023-04-10T08:00:00+00:00,2023-04-10,13:30:00,1681113600,132.069,132.869,131.997,132.862,15297,0,0
2023-04-10T12:00:00+00:00,2023-04-10,17:30:00,1681128000,132.863,133.872,132.857,133.756,20931,0,0
2023-04-10T16:00:00+00:00,2023-04-10,21:30:00,1681142400,133.755,133.756,133.552,133.563,5043,0,0
2023-04-10T20:00:00+00:00,2023-04-11,01:30:00,1681156800,133.565,133.632,133.464,133.472,2176,0,0
2023-04-11T00:00:00+00:00,2023-04-11,05:30:00,1681171200,133.47,133.692,133.246,133.412,8704,0,0
2023-04-11T04:00:00+00:00,2023-04-11,09:30:00,1681185600,133.414,133.558,133.043,133.148,10449,0,0
2023-04-11T08:00:00+00:00,2023-04-11,13:30:00,1681200000,133.146,133.341,132.975,133.265,11830,0,0
2023-04-11T12:00:00+00:00,2023-04-11,17:30:00,1681214400,133.266,133.667,133.054,133.638,12426,0,0
2023-04-11T16:00:00+00:00,2023-04-11,21:30:00,1681228800,133.639,133.806,133.616,133.686,4211,0,0
2023-04-11T20:00:00+00:00,2023-04-12,01:30:00,1681243200,133.687,133.753,133.553,133.601,1874,0,0
2023-04-12T00:00:00+00:00,2023-04-12,05:30:00,1681257600,133.6,134.046,133.563,133.846,7513,0,0
2023-04-12T04:00:00+00:00,2023-04-12,09:30:00,1681272000,133.844,133.9,133.558,133.847,8339,0,0
2023-04-12T08:00:00+00:00,2023-04-12,13:30:00,1681286400,133.848,133.972,133.598,133.738,7556,0,0
2023-04-12T12:00:00+00:00,2023-04-12,17:30:00,1681300800,133.738,133.907,132.736,133.247,32073,0,0
2023-04-12T16:00:00+00:00,2023-04-12,21:30:00,1681315200,133.249,133.402,133.049,133.191,9386,0,0
2023-04-12T20:00:00+00:00,2023-04-13,01:30:00,1681329600,133.19,133.258,132.944,133.087,3335,0,0
2023-04-13T00:00:00+00:00,2023-04-13,05:30:00,1681344000,133.089,133.31,132.985,133.267,7562,0,0
2023-04-13T04:00:00+00:00,2023-04-13,09:30:00,1681358400,133.268,133.374,133.001,133.023,7959,0,0
2023-04-13T08:00:00+00:00,2023-04-13,13:30:00,1681372800,133.023,133.377,132.903,133.34,8606,0,0
2023-04-13T12:00:00+00:00,2023-04-13,17:30:00,1681387200,133.339,133.394,132.02,132.378,24495,0,0
2023-04-13T16:00:00+00:00,2023-04-13,21:30:00,1681401600,132.38,132.8,132.363,132.732,5742,0,0
2023-04-13T20:00:00+00:00,2023-04-14,01:30:00,1681416000,132.731,132.744,132.471,132.488,1907,0,0
2023-04-14T00:00:00+00:00,2023-04-14,05:30:00,1681430400,132.49,132.641,132.271,132.403,8600,0,0
2023-04-14T04:00:00+00:00,2023-04-14,09:30:00,1681444800,132.401,132.594,132.197,132.231,7759,0,0
2023-04-14T08:00:00+00:00,2023-04-14,13:30:00,1681459200,132.228,132.745,132.171,132.61,9065,0,0
2023-04-14T12:00:00+00:00,2023-04-14,17:30:00,1681473600,132.61,133.765,132.188,133.75,30774,0,0
2023-04-14T16:00:00+00:00,2023-04-14,21:30:00,1681488000,133.751,133.837,133.629,133.762,4413,0,0
2023-04-14T20:00:00+00:00,2023-04-15,01:30:00,1681502400,133.761,133.814,133.725,133.758,848,0,0
2023-04-16T20:00:00+00:00,2023-04-17,01:30:00,1681675200,133.806,133.995,133.751,133.989,1962,0,0
2023-04-17T00:00:00+00:00,2023-04-17,05:30:00,1681689600,133.988,134.106,133.713,133.986,7467,0,0
2023-04-17T04:00:00+00:00,2023-04-17,09:30:00,1681704000,133.988,134.216,133.843,134.047,10156,0,0
2023-04-17T08:00:00+00:00,2023-04-17,13:30:00,1681718400,134.054,134.178,133.753,133.778,9527,0,0
2023-04-17T12:00:00+00:00,2023-04-17,17:30:00,1681732800,133.776,134.573,133.744,134.518,16902,0,0
2023-04-17T16:00:00+00:00,2023-04-17,21:30:00,1681747200,134.519,134.531,134.386,134.426,2897,0,0
2023-04-17T20:00:00+00:00,2023-04-18,01:30:00,1681761600,134.427,134.499,134.413,134.457,1894,0,0
2023-04-18T00:00:00+00:00,2023-04-18,05:30:00,1681776000,134.456,134.706,134.275,134.445,8189,0,0
2023-04-18T04:00:00+00:00,2023-04-18,09:30:00,1681790400,134.444,134.535,134.206,134.231,7820,0,0
2023-04-18T08:00:00+00:00,2023-04-18,13:30:00,1681804800,134.232,134.283,133.862,133.891,9614,0,0
2023-04-18T12:00:00+00:00,2023-04-18,17:30:00,1681819200,133.89,134.325,133.865,134.118,13506,0,0
2023-04-18T16:00:00+00:00,2023-04-18,21:30:00,1681833600,134.116,134.195,134.017,134.081,3248,0,0
2023-04-18T20:00:00+00:00,2023-04-19,01:30:00,1681848000,134.082,134.125,133.982,134.045,1948,0,0
2023-04-19T00:00:00+00:00,2023-04-19,05:30:00,1681862400,134.042,134.39,133.956,134.294,6604,0,0
2023-04-19T04:00:00+00:00,2023-04-19,09:30:00,1681876800,134.296,134.813,134.284,134.735,8962,0,0
2023-04-19T08:00:00+00:00,2023-04-19,13:30:00,1681891200,134.737,135.136,134.653,134.676,12488,0,0
2023-04-19T12:00:00+00:00,2023-04-19,17:30:00,1681905600,134.677,134.813,134.294,134.794,13044,0,0
2023-04-19T16:00:00+00:00,2023-04-19,21:30:00,1681920000,134.796,134.854,134.651,134.795,4260,0,0
2023-04-19T20:00:00+00:00,2023-04-20,01:30:00,1681934400,134.796,134.825,134.578,134.715,2780,0,0
2023-04-20T00:00:00+00:00,2023-04-20,05:30:00,1681948800,134.713,134.974,134.615,134.742,8018,0,0
2023-04-20T04:00:00+00:00,2023-04-20,09:30:00,1681963200,134.74,134.834,134.389,134.61,8007,0,0
2023-04-20T08:00:00+00:00,2023-04-20,13:30:00,1681977600,134.611,134.864,134.506,134.667,8792,0,0
2023-04-20T12:00:00+00:00,2023-04-20,17:30:00,1681992000,134.666,134.831,134.015,134.104,17351,0,0
2023-04-20T16:00:00+00:00,2023-04-20,21:30:00,1682006400,134.104,134.356,134.054,134.28,3445,0,0
2023-04-20T20:00:00+00:00,2023-04-21,01:30:00,1682020800,134.282,134.29,133.956,134.0,2620,0,0
2023-04-21T00:00:00+00:00,2023-04-21,05:30:00,1682035200,133.999,134.252,133.809,133.862,7246,0,0
2023-04-21T04:00:00+00:00,2023-04-21,09:30:00,1682049600,133.863,134.111,133.698,133.938,8811,0,0
2023-04-21T08:00:00+00:00,2023-04-21,13:30:00,1682064000,133.936,134.046,133.67,133.762,8590,0,0
2023-04-21T12:00:00+00:00,2023-04-21,17:30:00,1682078400,133.761,134.493,133.55,134.284,17909,0,0
2023-04-21T16:00:00+00:00,2023-04-21,21:30:00,1682092800,134.283,134.291,134.066,134.076,3729,0,0
2023-04-21T20:00:00+00:00,2023-04-22,01:30:00,1682107200,134.075,134.137,134.073,134.127,666,0,0
2023-04-23T20:00:00+00:00,2023-04-24,01:30:00,1682280000,134.062,134.118,133.937,133.966,1872,0,0
2023-04-24T00:00:00+00:00,2023-04-24,05:30:00,1682294400,133.968,134.474,133.894,134.364,6786,0,0
2023-04-24T04:00:00+00:00,2023-04-24,09:30:00,1682308800,134.367,134.476,134.125,134.226,7365,0,0
2023-04-24T08:00:00+00:00,2023-04-24,13:30:00,1682323200,134.224,134.698,134.186,134.626,8148,0,0
2023-04-24T12:00:00+00:00,2023-04-24,17:30:00,1682337600,134.626,134.732,134.336,134.408,10486,0,0
2023-04-24T16:00:00+00:00,2023-04-24,21:30:00,1682352000,134.409,134.421,134.229,134.303,2874,0,0
2023-04-24T20:00:00+00:00,2023-04-25,01:30:00,1682366400,134.303,134.32,133.97,134.087,2939,0,0
2023-04-25T00:00:00+00:00,2023-04-25,05:30:00,1682380800,134.085,134.416,134.006,134.362,7892,0,0
2023-04-25T04:00:00+00:00,2023-04-25,09:30:00,1682395200,134.36,134.48,134.052,134.151,9645,0,0
2023-04-25T08:00:00+00:00,2023-04-25,13:30:00,1682409600,134.153,134.211,133.818,134.198,9077,0,0
2023-04-25T12:00:00+00:00,2023-04-25,17:30:00,1682424000,134.199,134.253,133.731,133.971,15006,0,0
2023-04-25T16:00:00+00:00,2023-04-25,21:30:00,1682438400,133.971,134.015,133.368,133.496,8880,0,0
2023-04-25T20:00:00+00:00,2023-04-26,01:30:00,1682452800,133.495,133.858,133.495,133.712,3494,0,0
2023-04-26T00:00:00+00:00,2023-04-26,05:30:00,1682467200,133.71,133.752,133.44,133.532,8437,0,0
2023-04-26T04:00:00+00:00,2023-04-26,09:30:00,1682481600,133.533,133.79,133.393,133.452,9622,0,0
2023-04-26T08:00:00+00:00,2023-04-26,13:30:00,1682496000,133.453,133.852,133.265,133.74,14629,0,0
2023-04-26T12:00:00+00:00,2023-04-26,17:30:00,1682510400,133.738,133.936,133.017,133.727,25297,0,0
2023-04-26T16:00:00+00:00,2023-04-26,21:30:00,1682524800,133.726,133.885,133.477,133.631,8638,0,0
2023-04-26T20:00:00+00:00,2023-04-27,01:30:00,1682539200,133.629,133.688,133.412,133.465,2413,0,0
2023-04-27T00:00:00+00:00,2023-04-27,05:30:00,1682553600,133.463,133.723,133.395,133.689,7335,0,0
2023-04-27T04:00:00+00:00,2023-04-27,09:30:00,1682568000,133.69,133.852,133.62,133.785,8962,0,0
2023-04-27T08:00:00+00:00,2023-04-27,13:30:00,1682582400,133.786,133.948,133.409,133.489,8622,0,0
2023-04-27T12:00:00+00:00,2023-04-27,17:30:00,1682596800,133.489,134.2,133.197,134.056,21848,0,0
2023-04-27T16:00:00+00:00,2023-04-27,21:30:00,1682611200,134.056,134.063,133.823,133.913,5698,0,0
2023-04-27T20:00:00+00:00,2023-04-28,01:30:00,1682625600,133.912,134.038,133.733,133.807,4373,0,0
2023-04-28T00:00:00+00:00,2023-04-28,05:30:00,1682640000,133.805,134.293,133.349,133.815,27030,0,0
2023-04-28T04:00:00+00:00,2023-04-28,09:30:00,1682654400,133.814,135.859,133.383,135.727,40944,0,0
2023-04-28T08:00:00+00:00,2023-04-28,13:30:00,1682668800,135.725,136.183,135.52,136.134,12707,0,0
2023-04-28T12:00:00+00:00,2023-04-28,17:30:00,1682683200,136.131,136.562,135.84,135.995,22599,0,0
2023-04-28T16:00:00+00:00,2023-04-28,21:30:00,1682697600,135.997,136.289,135.962,136.24,6038,0,0
2023-04-28T20:00:00+00:00,2023-04-29,01:30:00,1682712000,136.238,136.35,136.206,136.31,1165,0,0
2023-04-30T20:00:00+00:00,2023-05-01,01:30:00,1682884800,136.164,136.435,136.159,136.405,3259,0,0
2023-05-01T00:00:00+00:00,2023-05-01,05:30:00,1682899200,136.404,136.948,136.254,136.88,9895,0,0
2023-05-01T04:00:00+00:00,2023-05-01,09:30:00,1682913600,136.882,136.983,136.684,136.718,6312,0,0
2023-05-01T08:00:00+00:00,2023-05-01,13:30:00,1682928000,136.719,136.892,136.575,136.817,6761,0,0
2023-05-01T12:00:00+00:00,2023-05-01,17:30:00,1682942400,136.819,137.41,136.707,137.357,12510,0,0
2023-05-01T16:00:00+00:00,2023-05-01,21:30:00,1682956800,137.358,137.543,137.314,137.499,4136,0,0
2023-05-01T20:00:00+00:00,2023-05-02,01:30:00,1682971200,137.501,137.577,137.395,137.523,3052,0,0
2023-05-02T00:00:00+00:00,2023-05-02,05:30:00,1682985600,137.521,137.53,137.294,137.495,7197,0,0
2023-05-02T04:00:00+00:00,2023-05-02,09:30:00,1683000000,137.497,137.773,137.457,137.601,10380,0,0
2023-05-02T08:00:00+00:00,2023-05-02,13:30:00,1683014400,137.599,137.611,137.248,137.341,9661,0,0
2023-05-02T12:00:00+00:00,2023-05-02,17:30:00,1683028800,137.338,137.582,136.391,136.467,21832,0,0
2023-05-02T16:00:00+00:00,2023-05-02,21:30:00,1683043200,136.47,136.701,136.316,136.502,8147,0,0
2023-05-02T20:00:00+00:00,2023-05-03,01:30:00,1683057600,136.505,136.582,136.389,136.474,3211,0,0
2023-05-03T00:00:00+00:00,2023-05-03,05:30:00,1683072000,136.472,136.574,135.92,136.058,6361,0,0
2023-05-03T04:00:00+00:00,2023-05-03,09:30:00,1683086400,136.06,136.117,135.722,135.795,7843,0,0
2023-05-03T08:00:00+00:00,2023-05-03,13:30:00,1683100800,135.797,135.801,135.446,135.496,10005,0,0
2023-05-03T12:00:00+00:00,2023-05-03,17:30:00,1683115200,135.495,135.925,135.069,135.315,18520,0,0
2023-05-03T16:00:00+00:00,2023-05-03,21:30:00,1683129600,135.314,135.705,134.837,135.014,28667,0,0
2023-05-03T20:00:00+00:00,2023-05-04,01:30:00,1683144000,135.015,135.257,134.391,134.555,9701,0,0
2023-05-04T00:00:00+00:00,2023-05-04,05:30:00,1683158400,134.553,134.628,134.348,134.513,7775,0,0
2023-05-04T04:00:00+00:00,2023-05-04,09:30:00,1683172800,134.514,134.817,134.15,134.673,12858,0,0
2023-05-04T08:00:00+00:00,2023-05-04,13:30:00,1683187200,134.673,134.751,134.354,134.42,13840,0,0
2023-05-04T12:00:00+00:00,2023-05-04,17:30:00,1683201600,134.421,134.88,133.675,133.769,44887,0,0
2023-05-04T16:00:00+00:00,2023-05-04,21:30:00,1683216000,133.767,134.234,133.501,134.154,17241,0,0
2023-05-04T20:00:00+00:00,2023-05-05,01:30:00,1683230400,134.155,134.352,134.118,134.164,4346,0,0
2023-05-05T00:00:00+00:00,2023-05-05,05:30:00,1683244800,134.162,134.261,133.978,134.04,5470,0,0
2023-05-05T04:00:00+00:00,2023-05-05,09:30:00,1683259200,134.042,134.216,133.887,134.056,10521,0,0
2023-05-05T08:00:00+00:00,2023-05-05,13:30:00,1683273600,134.055,134.294,133.966,134.252,8972,0,0
2023-05-05T12:00:00+00:00,2023-05-05,17:30:00,1683288000,134.251,135.124,134.172,134.862,25946,0,0
2023-05-05T16:00:00+00:00,2023-05-05,21:30:00,1683302400,134.859,134.886,134.627,134.856,4938,0,0
2023-05-05T20:00:00+00:00,2023-05-06,01:30:00,1683316800,134.858,134.882,134.808,134.838,498,0,0
2023-05-07T20:00:00+00:00,2023-05-08,01:30:00,1683489600,134.867,135.3,134.83,135.195,2626,0,0
2023-05-08T00:00:00+00:00,2023-05-08,05:30:00,1683504000,135.193,135.193,134.763,134.864,7001,0,0
2023-05-08T04:00:00+00:00,2023-05-08,09:30:00,1683518400,134.862,135.037,134.644,135.028,6591,0,0
2023-05-08T08:00:00+00:00,2023-05-08,13:30:00,1683532800,135.029,135.211,134.927,135.19,7345,0,0
2023-05-08T12:00:00+00:00,2023-05-08,17:30:00,1683547200,135.188,135.228,134.76,134.831,10843,0,0
2023-05-08T16:00:00+00:00,2023-05-08,21:30:00,1683561600,134.829,135.179,134.656,135.125,5685,0,0
2023-05-08T20:00:00+00:00,2023-05-09,01:30:00,1683576000,135.126,135.153,134.969,135.089,4967,0,0
2023-05-09T00:00:00+00:00,2023-05-09,05:30:00,1683590400,135.086,135.325,134.927,134.939,6433,0,0
2023-05-09T04:00:00+00:00,2023-05-09,09:30:00,1683604800,134.936,135.047,134.724,134.798,8448,0,0
2023-05-09T08:00:00+00:00,2023-05-09,13:30:00,1683619200,134.799,135.107,134.766,134.933,8299,0,0
2023-05-09T12:00:00+00:00,2023-05-09,17:30:00,1683633600,134.934,135.359,134.926,135.152,11136,0,0
2023-05-09T16:00:00+00:00,2023-05-09,21:30:00,1683648000,135.151,135.276,135.104,135.229,5181,0,0
2023-05-09T20:00:00+00:00,2023-05-10,01:30:00,1683662400,135.215,135.339,135.158,135.293,4037,0,0
2023-05-10T00:00:00+00:00,2023-05-10,05:30:00,1683676800,135.292,135.299,135.067,135.15,5081,0,0
2023-05-10T04:00:00+00:00,2023-05-10,09:30:00,1683691200,135.151,135.469,135.135,135.243,7553,0,0
2023-05-10T08:00:00+00:00,2023-05-10,13:30:00,1683705600,135.242,135.343,135.12,135.316,6995,0,0
2023-05-10T12:00:00+00:00,2023-05-10,17:30:00,1683720000,135.313,135.413,134.278,134.529,26773,0,0
2023-05-10T16:00:00+00:00,2023-05-10,21:30:00,1683734400,134.527,134.538,134.114,134.352,7680,0,0
2023-05-10T20:00:00+00:00,2023-05-11,01:30:00,1683748800,134.339,134.383,134.021,134.099,3127,0,0
2023-05-11T00:00:00+00:00,2023-05-11,05:30:00,1683763200,134.101,134.252,133.893,134.19,6920,0,0
2023-05-11T04:00:00+00:00,2023-05-11,09:30:00,1683777600,134.188,134.563,134.155,134.554,10060,0,0
2023-05-11T08:00:00+00:00,2023-05-11,13:30:00,1683792000,134.555,134.845,134.087,134.154,12478,0,0
2023-05-11T12:00:00+00:00,2023-05-11,17:30:00,1683806400,134.153,134.639,133.745,134.463,26393,0,0
2023-05-11T16:00:00+00:00,2023-05-11,21:30:00,1683820800,134.464,134.588,134.332,134.555,6409,0,0
2023-05-11T20:00:00+00:00,2023-05-12,01:30:00,1683835200,134.543,134.58,134.451,134.495,2764,0,0
2023-05-12T00:00:00+00:00,2023-05-12,05:30:00,1683849600,134.492,134.692,134.403,134.549,5531,0,0
2023-05-12T04:00:00+00:00,2023-05-12,09:30:00,1683864000,134.547,134.905,134.524,134.862,7338,0,0
2023-05-12T08:00:00+00:00,2023-05-12,13:30:00,1683878400,134.861,134.945,134.633,134.932,5881,0,0
2023-05-12T12:00:00+00:00,2023-05-12,17:30:00,1683892800,134.934,135.648,134.718,135.631,14605,0,0
2023-05-12T16:00:00+00:00,2023-05-12,21:30:00,1683907200,135.633,135.755,135.595,135.7,4742,0,0
2023-05-12T20:00:00+00:00,2023-05-13,01:30:00,1683921600,135.68,135.733,135.655,135.733,436,14,0
2023-05-14T20:00:00+00:00,2023-05-15,01:30:00,1684094400,135.645,135.9,135.63,135.826,1608,0,0
2023-05-15T00:00:00+00:00,2023-05-15,05:30:00,1684108800,135.824,136.149,135.726,136.135,6400,0,0
2023-05-15T04:00:00+00:00,2023-05-15,09:30:00,1684123200,136.132,136.266,135.825,135.961,6734,0,0
2023-05-15T08:00:00+00:00,2023-05-15,13:30:00,1684137600,135.962,136.326,135.943,136.142,6803,0,0
2023-05-15T12:00:00+00:00,2023-05-15,17:30:00,1684152000,136.141,136.237,135.713,136.078,13306,0,0
2023-05-15T16:00:00+00:00,2023-05-15,21:30:00,1684166400,136.077,136.137,136.012,136.058,3498,0,0
2023-05-15T20:00:00+00:00,2023-05-16,01:30:00,1684180800,136.036,136.108,135.946,136.032,1220,0,0
2023-05-16T00:00:00+00:00,2023-05-16,05:30:00,1684195200,136.034,136.103,135.908,135.966,4294,0,0
2023-05-16T04:00:00+00:00,2023-05-16,09:30:00,1684209600,135.969,136.034,135.745,135.793,5856,0,0
2023-05-16T08:00:00+00:00,2023-05-16,13:30:00,1684224000,135.793,135.884,135.689,135.858,5188,0,0
2023-05-16T12:00:00+00:00,2023-05-16,17:30:00,1684238400,135.859,136.684,135.672,136.619,14397,0,0
2023-05-16T16:00:00+00:00,2023-05-16,21:30:00,1684252800,136.617,136.659,136.27,136.325,4494,0,0
2023-05-16T20:00:00+00:00,2023-05-17,01:30:00,1684267200,136.303,136.468,136.258,136.428,2028,0,0
2023-05-17T00:00:00+00:00,2023-05-17,05:30:00,1684281600,136.427,136.527,136.306,136.463,3844,0,0
2023-05-17T04:00:00+00:00,2023-05-17,09:30:00,1684296000,136.464,136.995,136.462,136.987,6486,0,0
2023-05-17T08:00:00+00:00,2023-05-17,13:30:00,1684310400,136.985,137.174,136.839,137.006,7350,0,0
2023-05-17T12:00:00+00:00,2023-05-17,17:30:00,1684324800,137.004,137.573,136.908,137.516,11757,0,0
2023-05-17T16:00:00+00:00,2023-05-17,21:30:00,1684339200,137.515,137.659,137.395,137.616,4288,0,0
2023-05-17T20:00:00+00:00,2023-05-18,01:30:00,1684353600,137.601,137.695,137.531,137.606,2431,0,0
2023-05-18T00:00:00+00:00,2023-05-18,05:30:00,1684368000,137.605,137.72,137.291,137.586,6449,0,0
2023-05-18T04:00:00+00:00,2023-05-18,09:30:00,1684382400,137.588,137.874,137.388,137.814,7168,0,0
2023-05-18T08:00:00+00:00,2023-05-18,13:30:00,1684396800,137.815,137.937,137.698,137.82,7503,0,0
2023-05-18T12:00:00+00:00,2023-05-18,17:30:00,1684411200,137.819,138.676,137.758,138.5,15457,0,0
2023-05-18T16:00:00+00:00,2023-05-18,21:30:00,1684425600,138.502,138.746,138.373,138.686,5686,0,0
2023-05-18T20:00:00+00:00,2023-05-19,01:30:00,1684440000,138.674,138.718,138.524,138.628,2456,0,0
2023-05-19T00:00:00+00:00,2023-05-19,05:30:00,1684454400,138.627,138.665,138.281,138.428,8510,0,0
2023-05-19T04:00:00+00:00,2023-05-19,09:30:00,1684468800,138.429,138.497,137.968,138.108,8683,0,0
2023-05-19T08:00:00+00:00,2023-05-19,13:30:00,1684483200,138.109,138.485,137.997,138.408,8286,0,0
2023-05-19T12:00:00+00:00,2023-05-19,17:30:00,1684497600,138.407,138.655,137.428,137.681,25805,0,0
2023-05-19T16:00:00+00:00,2023-05-19,21:30:00,1684512000,137.683,138.138,137.614,137.967,8497,0,0
2023-05-19T20:00:00+00:00,2023-05-20,01:30:00,1684526400,137.943,137.992,137.874,137.937,639,14,0
2023-05-21T20:00:00+00:00,2023-05-22,01:30:00,1684699200,137.965,137.999,137.577,137.698,1918,0,0
2023-05-22T00:00:00+00:00,2023-05-22,05:30:00,1684713600,137.697,137.846,137.496,137.699,6864,0,0
2023-05-22T04:00:00+00:00,2023-05-22,09:30:00,1684728000,137.697,138.043,137.646,137.832,7265,0,0
2023-05-22T08:00:00+00:00,2023-05-22,13:30:00,1684742400,137.834,138.348,137.801,138.238,8011,0,0
2023-05-22T12:00:00+00:00,2023-05-22,17:30:00,1684756800,138.24,138.667,137.995,138.66,18823,0,0
2023-05-22T16:00:00+00:00,2023-05-22,21:30:00,1684771200,138.658,138.687,138.268,138.584,7123,0,0
2023-05-22T20:00:00+00:00,2023-05-23,01:30:00,1684785600,138.562,138.8,138.504,138.666,2858,0,0
2023-05-23T00:00:00+00:00,2023-05-23,05:30:00,1684800000,138.663,138.876,138.427,138.624,7881,0,0
2023-05-23T04:00:00+00:00,2023-05-23,09:30:00,1684814400,138.627,138.682,138.329,138.362,9880,0,0
2023-05-23T08:00:00+00:00,2023-05-23,13:30:00,1684828800,138.364,138.591,138.245,138.415,8649,0,0
2023-05-23T12:00:00+00:00,2023-05-23,17:30:00,1684843200,138.413,138.91,138.291,138.741,17847,0,0
2023-05-23T16:00:00+00:00,2023-05-23,21:30:00,1684857600,138.744,138.821,138.398,138.583,7607,0,0
2023-05-23T20:00:00+00:00,2023-05-24,01:30:00,1684872000,138.562,138.629,138.496,138.612,1901,0,0
2023-05-24T00:00:00+00:00,2023-05-24,05:30:00,1684886400,138.611,138.638,138.355,138.421,4922,0,0
2023-05-24T04:00:00+00:00,2023-05-24,09:30:00,1684900800,138.423,138.734,138.234,138.646,8953,0,0
2023-05-24T08:00:00+00:00,2023-05-24,13:30:00,1684915200,138.645,138.69,138.34,138.376,9072,0,0
2023-05-24T12:00:00+00:00,2023-05-24,17:30:00,1684929600,138.377,139.217,138.361,139.145,15413,0,0
2023-05-24T16:00:00+00:00,2023-05-24,21:30:00,1684944000,139.147,139.387,138.974,139.326,9076,0,0
2023-05-24T20:00:00+00:00,2023-05-25,01:30:00,1684958400,139.303,139.461,138.881,139.298,4334,0,0
2023-05-25T00:00:00+00:00,2023-05-25,05:30:00,1684972800,139.3,139.702,139.267,139.66,8285,0,0
2023-05-25T04:00:00+00:00,2023-05-25,09:30:00,1684987200,139.658,139.693,139.306,139.393,9230,0,0
2023-05-25T08:00:00+00:00,2023-05-25,13:30:00,1685001600,139.394,139.637,139.283,139.572,7411,0,0
2023-05-25T12:00:00+00:00,2023-05-25,17:30:00,1685016000,139.571,139.888,139.185,139.817,23464,0,0
2023-05-25T16:00:00+00:00,2023-05-25,21:30:00,1685030400,139.82,140.229,139.815,140.166,6115,0,0
2023-05-25T20:00:00+00:00,2023-05-26,01:30:00,1685044800,140.153,140.176,139.872,140.025,2706,0,0
2023-05-26T00:00:00+00:00,2023-05-26,05:30:00,1685059200,140.024,140.104,139.774,139.837,7140,0,0
2023-05-26T04:00:00+00:00,2023-05-26,09:30:00,1685073600,139.835,139.846,139.497,139.532,7961,0,0
2023-05-26T08:00:00+00:00,2023-05-26,13:30:00,1685088000,139.534,139.818,139.523,139.763,6200,0,0
2023-05-26T12:00:00+00:00,2023-05-26,17:30:00,1685102400,139.764,140.712,139.648,140.537,18754,0,0
2023-05-26T16:00:00+00:00,2023-05-26,21:30:00,1685116800,140.536,140.727,140.5,140.572,4728,0,0
2023-05-26T20:00:00+00:00,2023-05-27,01:30:00,1685131200,140.552,140.623,140.535,140.594,463,14,0
2023-05-28T20:00:00+00:00,2023-05-29,01:30:00,1685304000,140.594,140.891,140.509,140.886,2743,0,0
2023-05-29T00:00:00+00:00,2023-05-29,05:30:00,1685318400,140.885,140.919,140.387,140.595,5874,0,0
2023-05-29T04:00:00+00:00,2023-05-29,09:30:00,1685332800,140.597,140.642,140.224,140.465,4820,0,0
2023-05-29T08:00:00+00:00,2023-05-29,13:30:00,1685347200,140.463,140.536,140.177,140.29,5008,0,0
2023-05-29T12:00:00+00:00,2023-05-29,17:30:00,1685361600,140.287,140.371,140.115,140.291,3026,0,0
2023-05-29T16:00:00+00:00,2023-05-29,21:30:00,1685376000,140.293,140.447,140.289,140.447,769,0,0
2023-05-29T20:00:00+00:00,2023-05-30,01:30:00,1685390400,140.416,140.513,140.318,140.473,2124,0,0
2023-05-30T00:00:00+00:00,2023-05-30,05:30:00,1685404800,140.475,140.532,139.965,140.247,8040,0,0
2023-05-30T04:00:00+00:00,2023-05-30,09:30:00,1685419200,140.246,140.932,140.12,140.257,15760,0,0
2023-05-30T08:00:00+00:00,2023-05-30,13:30:00,1685433600,140.259,140.651,139.655,139.661,16776,0,0
2023-05-30T12:00:00+00:00,2023-05-30,17:30:00,1685448000,139.659,140.111,139.572,139.836,16012,0,0
2023-05-30T16:00:00+00:00,2023-05-30,21:30:00,1685462400,139.838,139.949,139.715,139.756,5642,0,0
2023-05-30T20:00:00+00:00,2023-05-31,01:30:00,1685476800,139.742,139.838,139.702,139.797,2956,0,0
2023-05-31T00:00:00+00:00,2023-05-31,05:30:00,1685491200,139.795,139.922,139.617,139.787,7162,0,0
2023-05-31T04:00:00+00:00,2023-05-31,09:30:00,1685505600,139.786,139.859,139.315,139.745,11277,0,0
2023-05-31T08:00:00+00:00,2023-05-31,13:30:00,1685520000,139.747,140.06,139.654,139.699,7560,0,0
2023-05-31T12:00:00+00:00,2023-05-31,17:30:00,1685534400,139.698,140.404,139.515,139.775,21286,0,0
2023-05-31T16:00:00+00:00,2023-05-31,21:30:00,1685548800,139.777,139.935,139.235,139.349,8726,0,0
2023-05-31T20:00:00+00:00,2023-06-01,01:30:00,1685563200,139.312,139.377,138.96,139.14,3544,0,0
2023-06-01T00:00:00+00:00,2023-06-01,05:30:00,1685577600,139.138,139.554,139.081,139.503,8051,0,0
2023-06-01T04:00:00+00:00,2023-06-01,09:30:00,1685592000,139.502,139.95,139.409,139.915,7164,0,0
2023-06-01T08:00:00+00:00,2023-06-01,13:30:00,1685606400,139.916,139.947,139.339,139.387,7419,0,0
2023-06-01T12:00:00+00:00,2023-06-01,17:30:00,1685620800,139.39,139.872,138.429,138.747,21282,0,0
2023-06-01T16:00:00+00:00,2023-06-01,21:30:00,1685635200,138.746,138.868,138.71,138.8,4096,0,0
2023-06-01T20:00:00+00:00,2023-06-02,01:30:00,1685649600,138.792,138.84,138.691,138.744,1682,0,0
2023-06-02T00:00:00+00:00,2023-06-02,05:30:00,1685664000,138.741,139.055,138.607,138.743,6589,0,0
2023-06-02T04:00:00+00:00,2023-06-02,09:30:00,1685678400,138.741,139.03,138.734,139.007,6646,0,0
2023-06-02T08:00:00+00:00,2023-06-02,13:30:00,1685692800,139.009,139.105,138.744,138.932,6031,0,0
2023-06-02T12:00:00+00:00,2023-06-02,17:30:00,1685707200,138.93,139.818,138.737,139.761,23298,0,0
2023-06-02T16:00:00+00:00,2023-06-02,21:30:00,1685721600,139.762,140.07,139.746,139.978,4537,0,0
2023-06-02T20:00:00+00:00,2023-06-03,01:30:00,1685736000,139.962,139.981,139.914,139.959,338,14,0
2023-06-04T20:00:00+00:00,2023-06-05,01:30:00,1685908800,139.972,140.245,139.933,140.215,1897,0,0
2023-06-05T00:00:00+00:00,2023-06-05,05:30:00,1685923200,140.216,140.266,139.995,140.043,6437,0,0
2023-06-05T04:00:00+00:00,2023-06-05,09:30:00,1685937600,140.044,140.45,139.988,140.411,6803,0,0
2023-06-05T08:00:00+00:00,2023-06-05,13:30:00,1685952000,140.409,140.453,140.199,140.267,6185,0,0
2023-06-05T12:00:00+00:00,2023-06-05,17:30:00,1685966400,140.266,140.301,139.253,139.647,16126,0,0
2023-06-05T16:00:00+00:00,2023-06-05,21:30:00,1685980800,139.645,139.814,139.482,139.552,5082,0,0
2023-06-05T20:00:00+00:00,2023-06-06,01:30:00,1685995200,139.531,139.593,139.325,139.415,2647,0,0
2023-06-06T00:00:00+00:00,2023-06-06,05:30:00,1686009600,139.417,139.658,139.382,139.55,4810,0,0
2023-06-06T04:00:00+00:00,2023-06-06,09:30:00,1686024000,139.549,139.635,139.098,139.306,9563,0,0
2023-06-06T08:00:00+00:00,2023-06-06,13:30:00,1686038400,139.305,139.621,139.125,139.595,8886,0,0
2023-06-06T12:00:00+00:00,2023-06-06,17:30:00,1686052800,139.593,139.994,139.536,139.671,11160,0,0
2023-06-06T16:00:00+00:00,2023-06-06,21:30:00,1686067200,139.673,139.757,139.576,139.683,3998,0,0
2023-06-06T20:00:00+00:00,2023-06-07,01:30:00,1686081600,139.675,139.682,139.525,139.525,1736,0,0
2023-06-07T00:00:00+00:00,2023-06-07,05:30:00,1686096000,139.526,139.564,139.171,139.309,6587,0,0
2023-06-07T04:00:00+00:00,2023-06-07,09:30:00,1686110400,139.307,139.473,139.129,139.441,6230,0,0
2023-06-07T08:00:00+00:00,2023-06-07,13:30:00,1686124800,139.443,139.497,139.249,139.374,5904,0,0
2023-06-07T12:00:00+00:00,2023-06-07,17:30:00,1686139200,139.372,140.051,139.028,139.98,15811,0,0
2023-06-07T16:00:00+00:00,2023-06-07,21:30:00,1686153600,139.981,140.245,139.955,140.241,5280,0,0
2023-06-07T20:00:00+00:00,2023-06-08,01:30:00,1686168000,140.208,140.228,139.866,139.916,2940,0,0
2023-06-08T00:00:00+00:00,2023-06-08,05:30:00,1686182400,139.915,140.095,139.79,139.807,5757,0,0
2023-06-08T04:00:00+00:00,2023-06-08,09:30:00,1686196800,139.805,139.963,139.666,139.724,6707,0,0
2023-06-08T08:00:00+00:00,2023-06-08,13:30:00,1686211200,139.726,139.848,139.624,139.689,6281,0,0
2023-06-08T12:00:00+00:00,2023-06-08,17:30:00,1686225600,139.693,139.751,138.809,138.84,19072,0,0
2023-06-08T16:00:00+00:00,2023-06-08,21:30:00,1686240000,138.839,139.006,138.838,138.919,4592,0,0
2023-06-08T20:00:00+00:00,2023-06-09,01:30:00,1686254400,138.9,138.921,138.761,138.885,1748,0,0
2023-06-09T00:00:00+00:00,2023-06-09,05:30:00,1686268800,138.887,139.301,138.868,139.271,6667,0,0
2023-06-09T04:00:00+00:00,2023-06-09,09:30:00,1686283200,139.273,139.604,139.222,139.562,7393,0,0
2023-06-09T08:00:00+00:00,2023-06-09,13:30:00,1686297600,139.564,139.726,139.367,139.385,6184,0,0
2023-06-09T12:00:00+00:00,2023-06-09,17:30:00,1686312000,139.382,139.597,139.031,139.356,13654,0,0
2023-06-09T16:00:00+00:00,2023-06-09,21:30:00,1686326400,139.358,139.479,139.28,139.443,3708,0,0
2023-06-09T20:00:00+00:00,2023-06-10,01:30:00,1686340800,139.425,139.425,139.342,139.348,405,14,0
2023-06-11T20:00:00+00:00,2023-06-12,01:30:00,1686513600,139.344,139.486,139.313,139.375,2222,0,0
2023-06-12T00:00:00+00:00,2023-06-12,05:30:00,1686528000,139.374,139.645,139.268,139.434,6727,0,0
2023-06-12T04:00:00+00:00,2023-06-12,09:30:00,1686542400,139.434,139.63,139.355,139.507,8359,0,0
2023-06-12T08:00:00+00:00,2023-06-12,13:30:00,1686556800,139.509,139.534,139.064,139.383,10602,0,0
2023-06-12T12:00:00+00:00,2023-06-12,17:30:00,1686571200,139.384,139.744,139.09,139.722,16211,0,0
2023-06-12T16:00:00+00:00,2023-06-12,21:30:00,1686585600,139.721,139.766,139.546,139.569,6423,0,0
2023-06-12T20:00:00+00:00,2023-06-13,01:30:00,1686600000,139.555,139.631,139.418,139.462,2367,0,0
2023-06-13T00:00:00+00:00,2023-06-13,05:30:00,1686614400,139.46,139.666,139.326,139.396,7465,0,0
2023-06-13T04:00:00+00:00,2023-06-13,09:30:00,1686628800,139.395,139.646,139.383,139.491,9361,0,0
2023-06-13T08:00:00+00:00,2023-06-13,13:30:00,1686643200,139.493,139.637,139.476,139.513,7988,0,0
2023-06-13T12:00:00+00:00,2023-06-13,17:30:00,1686657600,139.513,140.112,139.012,140.002,28394,0,0
2023-06-13T16:00:00+00:00,2023-06-13,21:30:00,1686672000,140.004,140.308,139.842,140.209,7929,0,0
2023-06-13T20:00:00+00:00,2023-06-14,01:30:00,1686686400,140.203,140.254,140.111,140.151,2598,0,0
2023-06-14T00:00:00+00:00,2023-06-14,05:30:00,1686700800,140.151,140.19,139.939,140.008,7095,0,0
2023-06-14T04:00:00+00:00,2023-06-14,09:30:00,1686715200,140.008,140.204,139.89,139.986,8136,0,0
2023-06-14T08:00:00+00:00,2023-06-14,13:30:00,1686729600,139.988,140.055,139.854,139.979,8205,0,0
2023-06-14T12:00:00+00:00,2023-06-14,17:30:00,1686744000,139.978,139.979,139.284,139.338,15650,0,0
2023-06-14T16:00:00+00:00,2023-06-14,21:30:00,1686758400,139.338,140.175,139.319,139.947,26381,0,0
2023-06-14T20:00:00+00:00,2023-06-15,01:30:00,1686772800,139.907,140.118,139.89,139.966,3934,0,0
2023-06-15T00:00:00+00:00,2023-06-15,05:30:00,1686787200,139.967,141.088,139.944,141.077,14172,0,0
2023-06-15T04:00:00+00:00,2023-06-15,09:30:00,1686801600,141.075,141.504,141.073,141.274,14960,0,0
2023-06-15T08:00:00+00:00,2023-06-15,13:30:00,1686816000,141.276,141.352,140.853,141.247,12568,0,0
2023-06-15T12:00:00+00:00,2023-06-15,17:30:00,1686830400,141.247,141.301,140.155,140.496,27170,0,0
2023-06-15T16:00:00+00:00,2023-06-15,21:30:00,1686844800,140.497,140.498,140.227,140.264,6560,0,0
2023-06-15T20:00:00+00:00,2023-06-16,01:30:00,1686859200,140.266,140.289,140.089,140.267,2856,0,0
2023-06-16T00:00:00+00:00,2023-06-16,05:30:00,1686873600,140.269,140.777,139.855,140.529,18161,0,0
2023-06-16T04:00:00+00:00,2023-06-16,09:30:00,1686888000,140.528,141.406,140.47,141.143,17014,0,0
2023-06-16T08:00:00+00:00,2023-06-16,13:30:00,1686902400,141.142,141.339,140.793,140.973,14314,0,0
2023-06-16T12:00:00+00:00,2023-06-16,17:30:00,1686916800,140.972,141.875,140.918,141.827,23303,0,0
2023-06-16T16:00:00+00:00,2023-06-16,21:30:00,1686931200,141.829,141.888,141.668,141.844,6804,0,0
2023-06-16T20:00:00+00:00,2023-06-17,01:30:00,1686945600,141.815,141.901,141.815,141.824,679,14,0
2023-06-18T20:00:00+00:00,2023-06-19,01:30:00,1687118400,141.744,141.954,141.714,141.866,2990,0,0
2023-06-19T00:00:00+00:00,2023-06-19,05:30:00,1687132800,141.864,141.972,141.517,141.532,8318,0,0
2023-06-19T04:00:00+00:00,2023-06-19,09:30:00,1687147200,141.531,141.951,141.443,141.849,9030,0,0
2023-06-19T08:00:00+00:00,2023-06-19,13:30:00,1687161600,141.849,142.003,141.755,141.849,8123,0,0
2023-06-19T12:00:00+00:00,2023-06-19,17:30:00,1687176000,141.847,141.928,141.661,141.905,7044,0,0
2023-06-19T16:00:00+00:00,2023-06-19,21:30:00,1687190400,141.905,141.985,141.892,141.971,1586,0,0
2023-06-19T20:00:00+00:00,2023-06-20,01:30:00,1687204800,141.964,141.988,141.831,141.902,2369,0,0
2023-06-20T00:00:00+00:00,2023-06-20,05:30:00,1687219200,141.904,142.252,141.583,141.727,14990,0,0
2023-06-20T04:00:00+00:00,2023-06-20,09:30:00,1687233600,141.726,142.142,141.617,141.764,11846,0,0
2023-06-20T08:00:00+00:00,2023-06-20,13:30:00,1687248000,141.766,141.795,141.346,141.378,10544,0,0
2023-06-20T12:00:00+00:00,2023-06-20,17:30:00,1687262400,141.379,141.752,141.245,141.47,16277,0,0
2023-06-20T16:00:00+00:00,2023-06-20,21:30:00,1687276800,141.471,141.511,141.216,141.448,5666,0,0
2023-06-20T20:00:00+00:00,2023-06-21,01:30:00,1687291200,141.426,141.455,141.284,141.343,3245,0,0
2023-06-21T00:00:00+00:00,2023-06-21,05:30:00,1687305600,141.341,141.738,141.338,141.637,9278,0,0
2023-06-21T04:00:00+00:00,2023-06-21,09:30:00,1687320000,141.637,142.106,141.617,142.09,11946,0,0
2023-06-21T08:00:00+00:00,2023-06-21,13:30:00,1687334400,142.09,142.17,141.706,141.817,10550,0,0
2023-06-21T12:00:00+00:00,2023-06-21,17:30:00,1687348800,141.818,142.369,141.75,142.089,20112,0,0
2023-06-21T16:00:00+00:00,2023-06-21,21:30:00,1687363200,142.089,142.128,141.684,141.788,8548,0,0
2023-06-21T20:00:00+00:00,2023-06-22,01:30:00,1687377600,141.772,141.9,141.658,141.689,3328,0,0
2023-06-22T00:00:00+00:00,2023-06-22,05:30:00,1687392000,141.689,141.894,141.611,141.749,7639,0,0
2023-06-22T04:00:00+00:00,2023-06-22,09:30:00,1687406400,141.748,141.954,141.62,141.788,10235,0,0
2023-06-22T08:00:00+00:00,2023-06-22,13:30:00,1687420800,141.787,142.169,141.787,142.13,11339,0,0
2023-06-22T12:00:00+00:00,2023-06-22,17:30:00,1687435200,142.131,142.893,141.768,142.889,20561,0,0
2023-06-22T16:00:00+00:00,2023-06-22,21:30:00,1687449600,142.891,143.227,142.868,143.158,7082,0,0
2023-06-22T20:00:00+00:00,2023-06-23,01:30:00,1687464000,143.138,143.181,142.954,143.031,3895,0,0
2023-06-23T00:00:00+00:00,2023-06-23,05:30:00,1687478400,143.029,143.155,142.812,143.065,12271,0,0
2023-06-23T04:00:00+00:00,2023-06-23,09:30:00,1687492800,143.065,143.451,142.771,142.881,15382,0,0
2023-06-23T08:00:00+00:00,2023-06-23,13:30:00,1687507200,142.883,143.32,142.87,143.264,12045,0,0
2023-06-23T12:00:00+00:00,2023-06-23,17:30:00,1687521600,143.263,143.869,142.7,143.785,22205,0,0
2023-06-23T16:00:00+00:00,2023-06-23,21:30:00,1687536000,143.787,143.873,143.689,143.788,5715,0,0
2023-06-23T20:00:00+00:00,2023-06-24,01:30:00,1687550400,143.789,143.796,143.69,143.72,602,0,0
2023-06-25T20:00:00+00:00,2023-06-26,01:30:00,1687723200,143.529,143.695,143.436,143.54,3595,0,0
2023-06-26T00:00:00+00:00,2023-06-26,05:30:00,1687737600,143.54,143.661,143.236,143.437,11760,0,0
2023-06-26T04:00:00+00:00,2023-06-26,09:30:00,1687752000,143.437,143.567,142.94,143.186,12202,0,0
2023-06-26T08:00:00+00:00,2023-06-26,13:30:00,1687766400,143.186,143.251,142.992,143.2,10497,0,0
2023-06-26T12:00:00+00:00,2023-06-26,17:30:00,1687780800,143.202,143.713,143.053,143.553,15668,0,0
2023-06-26T16:00:00+00:00,2023-06-26,21:30:00,1687795200,143.553,143.603,143.435,143.504,6055,0,0
2023-06-26T20:00:00+00:00,2023-06-27,01:30:00,1687809600,143.497,143.516,143.366,143.46,8444,0,0
2023-06-27T00:00:00+00:00,2023-06-27,05:30:00,1687824000,143.464,143.573,143.281,143.429,30766,0,0
2023-06-27T04:00:00+00:00,2023-06-27,09:30:00,1687838400,143.432,143.66,143.397,143.518,30297,0,0
2023-06-27T08:00:00+00:00,2023-06-27,13:30:00,1687852800,143.519,143.944,143.492,143.551,33561,0,0
2023-06-27T12:00:00+00:00,2023-06-27,17:30:00,1687867200,143.552,144.174,143.296,144.005,48692,0,0
2023-06-27T16:00:00+00:00,2023-06-27,21:30:00,1687881600,144.007,144.087,143.871,144.0,25895,0,0
2023-06-27T20:00:00+00:00,2023-06-28,01:30:00,1687896000,143.984,144.075,143.788,143.875,15161,0,0
2023-06-28T00:00:00+00:00,2023-06-28,05:30:00,1687910400,143.878,144.05,143.728,143.987,32490,0,0
2023-06-28T04:00:00+00:00,2023-06-28,09:30:00,1687924800,143.991,144.196,143.861,144.074,31922,0,0
2023-06-28T08:00:00+00:00,2023-06-28,13:30:00,1687939200,144.077,144.257,143.821,144.188,33877,0,0
2023-06-28T12:00:00+00:00,2023-06-28,17:30:00,1687953600,144.192,144.618,144.094,144.224,52774,0,0
2023-06-28T16:00:00+00:00,2023-06-28,21:30:00,1687968000,144.229,144.428,144.122,144.424,28025,0,0
2023-06-28T20:00:00+00:00,2023-06-29,01:30:00,1687982400,144.429,144.518,144.242,144.387,15510,0,0
2023-06-29T00:00:00+00:00,2023-06-29,05:30:00,1687996800,144.393,144.494,144.131,144.428,31966,0,0
2023-06-29T04:00:00+00:00,2023-06-29,09:30:00,1688011200,144.432,144.699,144.157,144.346,34891,0,0
2023-06-29T08:00:00+00:00,2023-06-29,13:30:00,1688025600,144.348,144.41,144.146,144.291,33622,0,0
2023-06-29T12:00:00+00:00,2023-06-29,17:30:00,1688040000,144.296,144.9,144.159,144.719,54666,0,0
2023-06-29T16:00:00+00:00,2023-06-29,21:30:00,1688054400,144.724,144.894,144.72,144.831,25698,0,0
2023-06-29T20:00:00+00:00,2023-06-30,01:30:00,1688068800,144.836,144.839,144.68,144.793,13357,0,0
2023-06-30T00:00:00+00:00,2023-06-30,05:30:00,1688083200,144.796,145.071,144.694,144.772,37396,0,0
2023-06-30T04:00:00+00:00,2023-06-30,09:30:00,1688097600,144.774,144.872,144.44,144.842,32517,0,0
2023-06-30T08:00:00+00:00,2023-06-30,13:30:00,1688112000,144.847,144.905,144.584,144.722,32533,0,0
2023-06-30T12:00:00+00:00,2023-06-30,17:30:00,1688126400,144.724,144.744,144.203,144.471,53539,0,0
2023-06-30T16:00:00+00:00,2023-06-30,21:30:00,1688140800,144.473,144.553,144.233,144.271,28426,0,0
2023-06-30T20:00:00+00:00,2023-07-01,01:30:00,1688155200,144.276,144.342,144.236,144.284,4199,0,0
2023-07-02T20:00:00+00:00,2023-07-03,01:30:00,1688328000,144.33,144.407,144.256,144.399,2297,0,0
2023-07-03T00:00:00+00:00,2023-07-03,05:30:00,1688342400,144.398,144.693,144.225,144.617,7993,0,0
2023-07-03T04:00:00+00:00,2023-07-03,09:30:00,1688356800,144.617,144.848,144.368,144.832,10034,0,0
2023-07-03T08:00:00+00:00,2023-07-03,13:30:00,1688371200,144.832,144.914,144.547,144.86,9375,0,0
2023-07-03T12:00:00+00:00,2023-07-03,17:30:00,1688385600,144.86,144.876,143.982,144.507,17269,0,0
2023-07-03T16:00:00+00:00,2023-07-03,21:30:00,1688400000,144.507,144.746,144.5,144.745,4456,0,0
2023-07-03T20:00:00+00:00,2023-07-04,01:30:00,1688414400,144.731,144.744,144.573,144.599,1943,0,0
2023-07-04T00:00:00+00:00,2023-07-04,05:30:00,1688428800,144.6,144.665,144.427,144.665,6023,0,0
2023-07-04T04:00:00+00:00,2023-07-04,09:30:00,1688443200,144.664,144.677,144.334,144.499,6477,0,0
2023-07-04T08:00:00+00:00,2023-07-04,13:30:00,1688457600,144.499,144.5,144.303,144.414,5286,0,0
2023-07-04T12:00:00+00:00,2023-07-04,17:30:00,1688472000,144.414,144.493,144.208,144.414,5637,0,0
2023-07-04T16:00:00+00:00,2023-07-04,21:30:00,1688486400,144.414,144.546,144.391,144.487,2761,0,0
2023-07-04T20:00:00+00:00,2023-07-05,01:30:00,1688500800,144.461,144.501,144.395,144.409,2022,0,0
2023-07-05T00:00:00+00:00,2023-07-05,05:30:00,1688515200,144.408,144.643,144.383,144.529,5654,0,0
2023-07-05T04:00:00+00:00,2023-07-05,09:30:00,1688529600,144.53,144.736,144.429,144.452,7670,0,0
2023-07-05T08:00:00+00:00,2023-07-05,13:30:00,1688544000,144.45,144.509,144.209,144.498,9783,0,0
2023-07-05T12:00:00+00:00,2023-07-05,17:30:00,1688558400,144.5,144.597,144.081,144.562,13856,0,0
2023-07-05T16:00:00+00:00,2023-07-05,21:30:00,1688572800,144.561,144.697,144.504,144.666,5732,0,0
2023-07-05T20:00:00+00:00,2023-07-06,01:30:00,1688587200,144.657,144.687,144.397,144.499,3161,0,0
2023-07-06T00:00:00+00:00,2023-07-06,05:30:00,1688601600,144.499,144.515,144.167,144.233,8384,0,0
2023-07-06T04:00:00+00:00,2023-07-06,09:30:00,1688616000,144.232,144.232,143.558,143.915,14882,0,0
2023-07-06T08:00:00+00:00,2023-07-06,13:30:00,1688630400,143.914,144.133,143.674,143.685,10806,0,0
2023-07-06T12:00:00+00:00,2023-07-06,17:30:00,1688644800,143.684,144.654,143.636,144.093,27566,0,0
2023-07-06T16:00:00+00:00,2023-07-06,21:30:00,1688659200,144.094,144.23,143.962,144.106,7207,0,0
2023-07-06T20:00:00+00:00,2023-07-07,01:30:00,1688673600,144.092,144.128,143.894,143.977,2660,0,0
2023-07-07T00:00:00+00:00,2023-07-07,05:30:00,1688688000,143.976,144.198,143.8,143.914,8139,0,0
2023-07-07T04:00:00+00:00,2023-07-07,09:30:00,1688702400,143.914,143.958,143.139,143.237,11708,0,0
2023-07-07T08:00:00+00:00,2023-07-07,13:30:00,1688716800,143.236,143.36,142.876,143.24,13425,0,0
2023-07-07T12:00:00+00:00,2023-07-07,17:30:00,1688731200,143.24,143.419,142.105,142.218,33126,0,0
2023-07-07T16:00:00+00:00,2023-07-07,21:30:00,1688745600,142.217,142.235,142.084,142.133,6164,0,0
2023-07-07T20:00:00+00:00,2023-07-08,01:30:00,1688760000,142.104,142.118,142.056,142.11,657,14,0
2023-07-09T20:00:00+00:00,2023-07-10,01:30:00,1688932800,142.153,142.289,142.093,142.213,3100,0,0
2023-07-10T00:00:00+00:00,2023-07-10,05:30:00,1688947200,142.212,142.903,142.123,142.773,13102,0,0
2023-07-10T04:00:00+00:00,2023-07-10,09:30:00,1688961600,142.773,143.006,142.243,142.297,12593,0,0
2023-07-10T08:00:00+00:00,2023-07-10,13:30:00,1688976000,142.296,142.599,142.131,142.133,8699,0,0
2023-07-10T12:00:00+00:00,2023-07-10,17:30:00,1688990400,142.133,142.515,141.519,141.562,18404,0,0
2023-07-10T16:00:00+00:00,2023-07-10,21:30:00,1689004800,141.563,141.613,141.279,141.3,5558,0,0
2023-07-10T20:00:00+00:00,2023-07-11,01:30:00,1689019200,141.288,141.349,141.202,141.31,3235,0,0
2023-07-11T00:00:00+00:00,2023-07-11,05:30:00,1689033600,141.31,141.461,140.613,140.796,12984,0,0
2023-07-11T04:00:00+00:00,2023-07-11,09:30:00,1689048000,140.796,140.944,140.424,140.532,14010,0,0
2023-07-11T08:00:00+00:00,2023-07-11,13:30:00,1689062400,140.533,140.627,140.161,140.393,11986,0,0
2023-07-11T12:00:00+00:00,2023-07-11,17:30:00,1689076800,140.393,140.955,140.297,140.524,14924,0,0
2023-07-11T16:00:00+00:00,2023-07-11,21:30:00,1689091200,140.519,140.565,140.301,140.385,5161,0,0
2023-07-11T20:00:00+00:00,2023-07-12,01:30:00,1689105600,140.371,140.384,140.074,140.124,3398,0,0
2023-07-12T00:00:00+00:00,2023-07-12,05:30:00,1689120000,140.122,140.164,139.369,139.655,16938,0,0
2023-07-12T04:00:00+00:00,2023-07-12,09:30:00,1689134400,139.654,139.758,139.314,139.571,12386,0,0
2023-07-12T08:00:00+00:00,2023-07-12,13:30:00,1689148800,139.569,139.735,139.459,139.517,8783,0,0
2023-07-12T12:00:00+00:00,2023-07-12,17:30:00,1689163200,139.516,139.639,138.157,138.215,28636,0,0
2023-07-12T16:00:00+00:00,2023-07-12,21:30:00,1689177600,138.217,138.488,138.2,138.456,7743,0,0
2023-07-12T20:00:00+00:00,2023-07-13,01:30:00,1689192000,138.441,138.541,138.29,138.325,4231,0,0
2023-07-13T00:00:00+00:00,2023-07-13,05:30:00,1689206400,138.324,138.672,138.073,138.508,14129,0,0
2023-07-13T04:00:00+00:00,2023-07-13,09:30:00,1689220800,138.508,138.833,138.264,138.375,12572,0,0
2023-07-13T08:00:00+00:00,2023-07-13,13:30:00,1689235200,138.374,138.622,138.234,138.498,11273,0,0
2023-07-13T12:00:00+00:00,2023-07-13,17:30:00,1689249600,138.496,138.957,138.055,138.146,22495,0,0
2023-07-13T16:00:00+00:00,2023-07-13,21:30:00,1689264000,138.145,138.186,137.921,138.028,7279,0,0
2023-07-13T20:00:00+00:00,2023-07-14,01:30:00,1689278400,138.026,138.079,137.894,138.068,3503,0,0
2023-07-14T00:00:00+00:00,2023-07-14,05:30:00,1689292800,138.066,138.114,137.239,137.436,17396,0,0
2023-07-14T04:00:00+00:00,2023-07-14,09:30:00,1689307200,137.437,138.465,137.432,138.23,13948,0,0
2023-07-14T08:00:00+00:00,2023-07-14,13:30:00,1689321600,138.23,138.844,138.147,138.542,13036,0,0
2023-07-14T12:00:00+00:00,2023-07-14,17:30:00,1689336000,138.543,139.157,138.401,138.747,24411,0,0
2023-07-14T16:00:00+00:00,2023-07-14,21:30:00,1689350400,138.746,138.903,138.575,138.899,5399,0,0
2023-07-14T20:00:00+00:00,2023-07-15,01:30:00,1689364800,138.868,138.887,138.744,138.766,590,14,0
2023-07-16T20:00:00+00:00,2023-07-17,01:30:00,1689537600,138.72,138.816,138.658,138.689,2462,0,0
2023-07-17T00:00:00+00:00,2023-07-17,05:30:00,1689552000,138.689,138.739,138.371,138.662,6697,0,0
2023-07-17T04:00:00+00:00,2023-07-17,09:30:00,1689566400,138.662,138.757,138.415,138.666,7541,0,0
2023-07-17T08:00:00+00:00,2023-07-17,13:30:00,1689580800,138.665,138.681,137.997,138.361,10720,0,0
2023-07-17T12:00:00+00:00,2023-07-17,17:30:00,1689595200,138.362,139.408,138.312,138.926,19346,0,0
2023-07-17T16:00:00+00:00,2023-07-17,21:30:00,1689609600,138.926,139.028,138.607,138.649,5331,0,0
2023-07-17T20:00:00+00:00,2023-07-18,01:30:00,1689624000,138.637,138.78,138.581,138.724,2718,0,0
2023-07-18T00:00:00+00:00,2023-07-18,05:30:00,1689638400,138.723,138.924,138.518,138.588,10275,0,0
2023-07-18T04:00:00+00:00,2023-07-18,09:30:00,1689652800,138.589,138.599,138.178,138.229,11179,0,0
2023-07-18T08:00:00+00:00,2023-07-18,13:30:00,1689667200,138.23,138.4,138.093,138.278,11566,0,0
2023-07-18T12:00:00+00:00,2023-07-18,17:30:00,1689681600,138.278,138.995,137.687,138.941,38161,0,0
2023-07-18T16:00:00+00:00,2023-07-18,21:30:00,1689696000,138.943,139.134,138.764,138.934,6368,0,0
2023-07-18T20:00:00+00:00,2023-07-19,01:30:00,1689710400,138.934,139.191,138.749,139.024,3311,0,0
2023-07-19T00:00:00+00:00,2023-07-19,05:30:00,1689724800,139.024,139.329,138.853,139.285,11846,0,0
2023-07-19T04:00:00+00:00,2023-07-19,09:30:00,1689739200,139.285,139.679,139.2,139.501,13989,0,0
2023-07-19T08:00:00+00:00,2023-07-19,13:30:00,1689753600,139.503,139.995,139.411,139.799,10788,0,0
2023-07-19T12:00:00+00:00,2023-07-19,17:30:00,1689768000,139.797,139.989,139.388,139.767,21108,0,0
2023-07-19T16:00:00+00:00,2023-07-19,21:30:00,1689782400,139.767,139.804,139.519,139.702,6495,0,0
2023-07-19T20:00:00+00:00,2023-07-20,01:30:00,1689796800,139.687,139.747,139.544,139.609,3741,0,0
2023-07-20T00:00:00+00:00,2023-07-20,05:30:00,1689811200,139.61,139.701,139.114,139.187,11440,0,0
2023-07-20T04:00:00+00:00,2023-07-20,09:30:00,1689825600,139.188,139.687,139.179,139.626,11316,0,0
2023-07-20T08:00:00+00:00,2023-07-20,13:30:00,1689840000,139.628,139.666,139.342,139.533,11673,0,0
2023-07-20T12:00:00+00:00,2023-07-20,17:30:00,1689854400,139.533,140.416,139.527,140.394,18777,0,0
2023-07-20T16:00:00+00:00,2023-07-20,21:30:00,1689868800,140.393,140.498,140.055,140.095,5697,0,0
2023-07-20T20:00:00+00:00,2023-07-21,01:30:00,1689883200,140.087,140.093,139.775,139.855,3357,0,0
2023-07-21T00:00:00+00:00,2023-07-21,05:30:00,1689897600,139.854,140.305,139.751,140.18,9780,0,0
2023-07-21T04:00:00+00:00,2023-07-21,09:30:00,1689912000,140.179,141.396,140.024,141.371,16683,0,0
2023-07-21T08:00:00+00:00,2023-07-21,13:30:00,1689926400,141.371,141.956,141.29,141.775,23812,0,0
2023-07-21T12:00:00+00:00,2023-07-21,17:30:00,1689940800,141.775,141.873,141.22,141.748,20397,0,0
2023-07-21T16:00:00+00:00,2023-07-21,21:30:00,1689955200,141.748,141.827,141.626,141.765,4816,0,0
2023-07-21T20:00:00+00:00,2023-07-22,01:30:00,1689969600,141.756,141.84,141.697,141.799,659,14,0
2023-07-23T20:00:00+00:00,2023-07-24,01:30:00,1690142400,141.693,141.769,141.64,141.756,2543,0,0
2023-07-24T00:00:00+00:00,2023-07-24,05:30:00,1690156800,141.755,141.813,141.345,141.411,10489,0,0
2023-07-24T04:00:00+00:00,2023-07-24,09:30:00,1690171200,141.412,141.633,141.231,141.416,11312,0,0
2023-07-24T08:00:00+00:00,2023-07-24,13:30:00,1690185600,141.419,141.586,140.848,140.998,14508,0,0
2023-07-24T12:00:00+00:00,2023-07-24,17:30:00,1690200000,140.999,141.42,140.736,141.194,19982,0,0
2023-07-24T16:00:00+00:00,2023-07-24,21:30:00,1690214400,141.194,141.546,141.185,141.517,5769,0,0
2023-07-24T20:00:00+00:00,2023-07-25,01:30:00,1690228800,141.517,141.597,141.394,141.544,2316,0,0
2023-07-25T00:00:00+00:00,2023-07-25,05:30:00,1690243200,141.544,141.621,141.207,141.285,9562,0,0
2023-07-25T04:00:00+00:00,2023-07-25,09:30:00,1690257600,141.287,141.577,141.246,141.372,8659,0,0
2023-07-25T08:00:00+00:00,2023-07-25,13:30:00,1690272000,141.372,141.738,141.211,141.384,11037,0,0
2023-07-25T12:00:00+00:00,2023-07-25,17:30:00,1690286400,141.384,141.601,140.911,140.918,14707,0,0
2023-07-25T16:00:00+00:00,2023-07-25,21:30:00,1690300800,140.918,141.194,140.857,140.97,5349,0,0
2023-07-25T20:00:00+00:00,2023-07-26,01:30:00,1690315200,140.955,141.029,140.746,140.915,3235,0,0
2023-07-26T00:00:00+00:00,2023-07-26,05:30:00,1690329600,140.915,141.187,140.854,140.985,7876,0,0
2023-07-26T04:00:00+00:00,2023-07-26,09:30:00,1690344000,140.985,141.095,140.605,140.657,10457,0,0
2023-07-26T08:00:00+00:00,2023-07-26,13:30:00,1690358400,140.656,140.705,140.182,140.377,11820,0,0
2023-07-26T12:00:00+00:00,2023-07-26,17:30:00,1690372800,140.378,140.562,140.16,140.417,15492,0,0
2023-07-26T16:00:00+00:00,2023-07-26,21:30:00,1690387200,140.416,140.697,139.929,140.206,21479,0,0
2023-07-26T20:00:00+00:00,2023-07-27,01:30:00,1690401600,140.185,140.489,140.157,140.371,3833,0,0
2023-07-27T00:00:00+00:00,2023-07-27,05:30:00,1690416000,140.37,140.486,139.385,139.827,13899,0,0
2023-07-27T04:00:00+00:00,2023-07-27,09:30:00,1690430400,139.827,140.262,139.807,139.978,13799,0,0
2023-07-27T08:00:00+00:00,2023-07-27,13:30:00,1690444800,139.978,140.321,139.847,140.128,12293,0,0
2023-07-27T12:00:00+00:00,2023-07-27,17:30:00,1690459200,140.13,141.322,140.121,141.039,29907,0,0
2023-07-27T16:00:00+00:00,2023-07-27,21:30:00,1690473600,141.038,141.154,138.77,139.068,37482,0,0
2023-07-27T20:00:00+00:00,2023-07-28,01:30:00,1690488000,139.034,139.544,138.707,138.872,9763,0,0
2023-07-28T00:00:00+00:00,2023-07-28,05:30:00,1690502400,138.874,141.084,138.494,139.723,71335,0,0
2023-07-28T04:00:00+00:00,2023-07-28,09:30:00,1690516800,139.725,139.859,138.065,139.77,71174,0,0
2023-07-28T08:00:00+00:00,2023-07-28,13:30:00,1690531200,139.769,140.07,138.854,139.275,24345,0,0
2023-07-28T12:00:00+00:00,2023-07-28,17:30:00,1690545600,139.273,140.781,139.194,140.724,35026,0,0
2023-07-28T16:00:00+00:00,2023-07-28,21:30:00,1690560000,140.724,141.153,140.676,141.09,9930,0,0
2023-07-28T20:00:00+00:00,2023-07-29,01:30:00,1690574400,141.067,141.171,141.02,141.161,816,14,0
2023-07-30T20:00:00+00:00,2023-07-31,01:30:00,1690747200,141.004,141.129,140.752,140.757,4805,0,0
2023-07-31T00:00:00+00:00,2023-07-31,05:30:00,1690761600,140.757,141.884,140.694,141.746,22184,0,0
2023-07-31T04:00:00+00:00,2023-07-31,09:30:00,1690776000,141.745,142.223,141.579,142.174,16040,0,0
2023-07-31T08:00:00+00:00,2023-07-31,13:30:00,1690790400,142.174,142.496,142.094,142.197,13157,0,0
2023-07-31T12:00:00+00:00,2023-07-31,17:30:00,1690804800,142.197,142.688,142.008,142.188,22394,0,0
2023-07-31T16:00:00+00:00,2023-07-31,21:30:00,1690819200,142.187,142.307,142.05,142.268,6764,0,0
2023-07-31T20:00:00+00:00,2023-08-01,01:30:00,1690833600,142.261,142.413,142.187,142.328,3236,0,0
2023-08-01T00:00:00+00:00,2023-08-01,05:30:00,1690848000,142.328,142.798,142.259,142.67,14447,0,0
2023-08-01T04:00:00+00:00,2023-08-01,09:30:00,1690862400,142.671,142.844,142.527,142.715,12060,0,0
2023-08-01T08:00:00+00:00,2023-08-01,13:30:00,1690876800,142.715,142.984,142.618,142.977,9507,0,0
2023-08-01T12:00:00+00:00,2023-08-01,17:30:00,1690891200,142.976,143.471,142.881,143.341,20949,0,0
2023-08-01T16:00:00+00:00,2023-08-01,21:30:00,1690905600,143.341,143.546,143.258,143.381,5738,0,0
2023-08-01T20:00:00+00:00,2023-08-02,01:30:00,1690920000,143.35,143.411,142.746,142.963,5503,0,0
2023-08-02T00:00:00+00:00,2023-08-02,05:30:00,1690934400,142.966,143.35,142.941,143.148,14402,0,0
2023-08-02T04:00:00+00:00,2023-08-02,09:30:00,1690948800,143.148,143.229,142.546,142.644,17370,0,0
2023-08-02T08:00:00+00:00,2023-08-02,13:30:00,1690963200,142.642,142.939,142.237,142.807,13488,0,0
2023-08-02T12:00:00+00:00,2023-08-02,17:30:00,1690977600,142.806,143.478,142.723,143.207,22464,0,0
2023-08-02T16:00:00+00:00,2023-08-02,21:30:00,1690992000,143.209,143.384,143.061,143.381,7557,0,0
2023-08-02T20:00:00+00:00,2023-08-03,01:30:00,1691006400,143.366,143.413,143.178,143.361,3222,0,0
2023-08-03T00:00:00+00:00,2023-08-03,05:30:00,1691020800,143.358,143.476,143.166,143.253,12615,0,0
2023-08-03T04:00:00+00:00,2023-08-03,09:30:00,1691035200,143.251,143.892,142.854,142.91,26038,0,0
2023-08-03T08:00:00+00:00,2023-08-03,13:30:00,1691049600,142.909,143.155,142.754,142.936,18279,0,0
2023-08-03T12:00:00+00:00,2023-08-03,17:30:00,1691064000,142.936,142.965,142.067,142.42,31248,0,0
2023-08-03T16:00:00+00:00,2023-08-03,21:30:00,1691078400,142.42,142.748,142.36,142.558,7963,0,0
2023-08-03T20:00:00+00:00,2023-08-04,01:30:00,1691092800,142.536,142.657,142.434,142.606,3090,0,0
2023-08-04T00:00:00+00:00,2023-08-04,05:30:00,1691107200,142.607,142.884,142.317,142.544,13206,0,0
2023-08-04T04:00:00+00:00,2023-08-04,09:30:00,1691121600,142.545,142.72,142.353,142.655,10757,0,0
2023-08-04T08:00:00+00:00,2023-08-04,13:30:00,1691136000,142.654,142.842,142.606,142.699,8465,0,0
2023-08-04T12:00:00+00:00,2023-08-04,17:30:00,1691150400,142.701,142.894,141.553,141.799,30019,0,0
2023-08-04T16:00:00+00:00,2023-08-04,21:30:00,1691164800,141.799,141.903,141.774,141.816,6940,0,0
2023-08-04T20:00:00+00:00,2023-08-05,01:30:00,1691179200,141.8,141.827,141.724,141.734,641,14,0
2023-08-06T20:00:00+00:00,2023-08-07,01:30:00,1691352000,141.648,141.943,141.643,141.874,2915,0,0
2023-08-07T00:00:00+00:00,2023-08-07,05:30:00,1691366400,141.872,142.216,141.516,142.186,10464,0,0
2023-08-07T04:00:00+00:00,2023-08-07,09:30:00,1691380800,142.186,142.353,142.057,142.118,10516,0,0
2023-08-07T08:00:00+00:00,2023-08-07,13:30:00,1691395200,142.12,142.45,142.112,142.187,7995,0,0
2023-08-07T12:00:00+00:00,2023-08-07,17:30:00,1691409600,142.187,142.457,141.799,142.449,11607,0,0
2023-08-07T16:00:00+00:00,2023-08-07,21:30:00,1691424000,142.45,142.588,142.415,142.48,5232,0,0
2023-08-07T20:00:00+00:00,2023-08-08,01:30:00,1691438400,142.46,142.545,142.397,142.534,2541,0,0
2023-08-08T00:00:00+00:00,2023-08-08,05:30:00,1691452800,142.539,143.379,142.53,143.337,12178,0,0
2023-08-08T04:00:00+00:00,2023-08-08,09:30:00,1691467200,143.337,143.434,142.839,143.095,12164,0,0
2023-08-08T08:00:00+00:00,2023-08-08,13:30:00,1691481600,143.093,143.276,142.864,143.125,12132,0,0
2023-08-08T12:00:00+00:00,2023-08-08,17:30:00,1691496000,143.125,143.338,142.919,143.18,16517,0,0
2023-08-08T16:00:00+00:00,2023-08-08,21:30:00,1691510400,143.181,143.493,143.18,143.455,5876,0,0
2023-08-08T20:00:00+00:00,2023-08-09,01:30:00,1691524800,143.437,143.453,143.209,143.263,3610,0,0
2023-08-09T00:00:00+00:00,2023-08-09,05:30:00,1691539200,143.262,143.4,143.095,143.217,8112,0,0
2023-08-09T04:00:00+00:00,2023-08-09,09:30:00,1691553600,143.217,143.247,143.002,143.247,7667,0,0
2023-08-09T08:00:00+00:00,2023-08-09,13:30:00,1691568000,143.249,143.455,143.223,143.439,7974,0,0
2023-08-09T12:00:00+00:00,2023-08-09,17:30:00,1691582400,143.441,143.729,143.244,143.587,14480,0,0
2023-08-09T16:00:00+00:00,2023-08-09,21:30:00,1691596800,143.587,143.751,143.41,143.709,5748,0,0
2023-08-09T20:00:00+00:00,2023-08-10,01:30:00,1691611200,143.693,143.76,143.613,143.721,2397,0,0
2023-08-10T00:00:00+00:00,2023-08-10,05:30:00,1691625600,143.72,143.891,143.689,143.881,7620,0,0
2023-08-10T04:00:00+00:00,2023-08-10,09:30:00,1691640000,143.881,144.107,143.796,143.81,9041,0,0
2023-08-10T08:00:00+00:00,2023-08-10,13:30:00,1691654400,143.81,143.894,143.717,143.786,8034,0,0
2023-08-10T12:00:00+00:00,2023-08-10,17:30:00,1691668800,143.784,144.488,143.286,144.407,28099,0,0
2023-08-10T16:00:00+00:00,2023-08-10,21:30:00,1691683200,144.405,144.798,144.388,144.794,7943,0,0
2023-08-10T20:00:00+00:00,2023-08-11,01:30:00,1691697600,144.78,144.873,144.687,144.855,2593,0,0
2023-08-11T00:00:00+00:00,2023-08-11,05:30:00,1691712000,144.855,144.895,144.633,144.68,5121,0,0
2023-08-11T04:00:00+00:00,2023-08-11,09:30:00,1691726400,144.68,144.795,144.556,144.624,6484,0,0
2023-08-11T08:00:00+00:00,2023-08-11,13:30:00,1691740800,144.624,144.648,144.479,144.482,5814,0,0
2023-08-11T12:00:00+00:00,2023-08-11,17:30:00,1691755200,144.481,144.97,144.422,144.944,16961,0,0
2023-08-11T16:00:00+00:00,2023-08-11,21:30:00,1691769600,144.944,145.002,144.82,144.945,5455,0,0
2023-08-11T20:00:00+00:00,2023-08-12,01:30:00,1691784000,144.947,144.96,144.91,144.945,568,0,0
2023-08-13T20:00:00+00:00,2023-08-14,01:30:00,1691956800,144.932,144.981,144.824,144.855,2313,0,0
2023-08-14T00:00:00+00:00,2023-08-14,05:30:00,1691971200,144.855,145.224,144.657,144.919,11560,0,0
2023-08-14T04:00:00+00:00,2023-08-14,09:30:00,1691985600,144.919,144.976,144.746,144.798,7543,0,0
2023-08-14T08:00:00+00:00,2023-08-14,13:30:00,1692000000,144.798,145.132,144.765,145.069,7282,0,0
2023-08-14T12:00:00+00:00,2023-08-14,17:30:00,1692014400,145.07,145.579,145.067,145.302,14542,0,0
2023-08-14T16:00:00+00:00,2023-08-14,21:30:00,1692028800,145.304,145.52,145.185,145.455,5144,0,0
2023-08-14T20:00:00+00:00,2023-08-15,01:30:00,1692043200,145.447,145.554,145.375,145.437,2227,0,0
2023-08-15T00:00:00+00:00,2023-08-15,05:30:00,1692057600,145.436,145.594,145.328,145.498,8021,0,0
2023-08-15T04:00:00+00:00,2023-08-15,09:30:00,1692072000,145.498,145.846,145.328,145.8,9362,0,0
2023-08-15T08:00:00+00:00,2023-08-15,13:30:00,1692086400,145.8,145.865,145.459,145.532,10159,0,0
2023-08-15T12:00:00+00:00,2023-08-15,17:30:00,1692100800,145.532,145.822,145.107,145.402,20243,0,0
2023-08-15T16:00:00+00:00,2023-08-15,21:30:00,1692115200,145.402,145.668,145.396,145.55,5603,0,0
2023-08-15T20:00:00+00:00,2023-08-16,01:30:00,1692129600,145.534,145.656,145.503,145.625,2436,0,0
2023-08-16T00:00:00+00:00,2023-08-16,05:30:00,1692144000,145.623,145.694,145.452,145.507,6570,0,0
2023-08-16T04:00:00+00:00,2023-08-16,09:30:00,1692158400,145.507,145.524,145.309,145.369,6842,0,0
2023-08-16T08:00:00+00:00,2023-08-16,13:30:00,1692172800,145.371,145.776,145.367,145.764,6810,0,0
2023-08-16T12:00:00+00:00,2023-08-16,17:30:00,1692187200,145.764,145.933,145.656,145.818,12995,0,0
2023-08-16T16:00:00+00:00,2023-08-16,21:30:00,1692201600,145.819,146.406,145.803,146.375,9666,0,0
2023-08-16T20:00:00+00:00,2023-08-17,01:30:00,1692216000,146.36,146.373,146.204,146.338,2911,0,0
2023-08-17T00:00:00+00:00,2023-08-17,05:30:00,1692230400,146.338,146.56,146.331,146.423,7420,0,0
2023-08-17T04:00:00+00:00,2023-08-17,09:30:00,1692244800,146.423,146.431,146.2,146.222,6714,0,0
2023-08-17T08:00:00+00:00,2023-08-17,13:30:00,1692259200,146.222,146.299,145.795,145.82,9642,0,0
2023-08-17T12:00:00+00:00,2023-08-17,17:30:00,1692273600,145.822,146.2,145.621,146.169,17002,0,0
2023-08-17T16:00:00+00:00,2023-08-17,21:30:00,1692288000,146.168,146.3,145.639,145.724,7785,0,0
2023-08-17T20:00:00+00:00,2023-08-18,01:30:00,1692302400,145.707,145.849,145.579,145.714,2955,0,0
2023-08-18T00:00:00+00:00,2023-08-18,05:30:00,1692316800,145.711,145.797,145.325,145.368,9030,0,0
2023-08-18T04:00:00+00:00,2023-08-18,09:30:00,1692331200,145.368,145.509,145.154,145.298,9286,0,0
2023-08-18T08:00:00+00:00,2023-08-18,13:30:00,1692345600,145.298,145.635,145.261,145.388,8728,0,0
2023-08-18T12:00:00+00:00,2023-08-18,17:30:00,1692360000,145.388,145.767,145.108,145.151,16103,0,0
2023-08-18T16:00:00+00:00,2023-08-18,21:30:00,1692374400,145.151,145.401,144.93,145.343,7591,0,0
2023-08-18T20:00:00+00:00,2023-08-19,01:30:00,1692388800,145.329,145.398,145.28,145.379,737,14,0
2023-08-20T20:00:00+00:00,2023-08-21,01:30:00,1692561600,145.339,145.426,145.252,145.329,1797,0,0
2023-08-21T00:00:00+00:00,2023-08-21,05:30:00,1692576000,145.326,145.627,145.148,145.423,8352,0,0
2023-08-21T04:00:00+00:00,2023-08-21,09:30:00,1692590400,145.423,145.54,145.316,145.456,7021,0,0
2023-08-21T08:00:00+00:00,2023-08-21,13:30:00,1692604800,145.456,145.968,145.435,145.837,7698,0,0
2023-08-21T12:00:00+00:00,2023-08-21,17:30:00,1692619200,145.837,146.402,145.828,146.265,13517,0,0
2023-08-21T16:00:00+00:00,2023-08-21,21:30:00,1692633600,146.266,146.284,146.069,146.231,4970,0,0
2023-08-21T20:00:00+00:00,2023-08-22,01:30:00,1692648000,146.218,146.248,146.116,146.248,2103,0,0
2023-08-22T00:00:00+00:00,2023-08-22,05:30:00,1692662400,146.25,146.399,145.847,146.014,7805,0,0
2023-08-22T04:00:00+00:00,2023-08-22,09:30:00,1692676800,146.014,146.108,145.747,145.768,7255,0,0
2023-08-22T08:00:00+00:00,2023-08-22,13:30:00,1692691200,145.767,145.855,145.498,145.777,8377,0,0
2023-08-22T12:00:00+00:00,2023-08-22,17:30:00,1692705600,145.779,146.134,145.711,145.796,14149,0,0
2023-08-22T16:00:00+00:00,2023-08-22,21:30:00,1692720000,145.795,145.908,145.709,145.885,4357,0,0
2023-08-22T20:00:00+00:00,2023-08-23,01:30:00,1692734400,145.877,145.922,145.725,145.781,1874,0,0
2023-08-23T00:00:00+00:00,2023-08-23,05:30:00,1692748800,145.779,145.816,145.579,145.653,6230,0,0
2023-08-23T04:00:00+00:00,2023-08-23,09:30:00,1692763200,145.653,145.759,145.358,145.4,8584,0,0
2023-08-23T08:00:00+00:00,2023-08-23,13:30:00,1692777600,145.4,145.544,145.245,145.435,10406,0,0
2023-08-23T12:00:00+00:00,2023-08-23,17:30:00,1692792000,145.435,145.595,144.581,144.628,21896,0,0
2023-08-23T16:00:00+00:00,2023-08-23,21:30:00,1692806400,144.628,144.908,144.543,144.871,7220,0,0
2023-08-23T20:00:00+00:00,2023-08-24,01:30:00,1692820800,144.864,144.91,144.604,144.682,2927,0,0
2023-08-24T00:00:00+00:00,2023-08-24,05:30:00,1692835200,144.683,145.068,144.619,145.014,7056,0,0
2023-08-24T04:00:00+00:00,2023-08-24,09:30:00,1692849600,145.015,145.353,144.942,145.33,8513,0,0
2023-08-24T08:00:00+00:00,2023-08-24,13:30:00,1692864000,145.33,145.681,145.193,145.662,7150,0,0
2023-08-24T12:00:00+00:00,2023-08-24,17:30:00,1692878400,145.662,145.96,145.433,145.753,14760,0,0
2023-08-24T16:00:00+00:00,2023-08-24,21:30:00,1692892800,145.755,145.938,145.755,145.852,5246,0,0
2023-08-24T20:00:00+00:00,2023-08-25,01:30:00,1692907200,145.835,146.078,145.771,146.054,2610,0,0
2023-08-25T00:00:00+00:00,2023-08-25,05:30:00,1692921600,146.056,146.212,145.912,146.094,6682,0,0
2023-08-25T04:00:00+00:00,2023-08-25,09:30:00,1692936000,146.094,146.258,145.907,146.058,7759,0,0
2023-08-25T08:00:00+00:00,2023-08-25,13:30:00,1692950400,146.058,146.153,145.927,145.997,6630,0,0
2023-08-25T12:00:00+00:00,2023-08-25,17:30:00,1692964800,145.997,146.634,145.724,146.383,22223,0,0
2023-08-25T16:00:00+00:00,2023-08-25,21:30:00,1692979200,146.381,146.399,146.205,146.377,6918,0,0
2023-08-25T20:00:00+00:00,2023-08-26,01:30:00,1692993600,146.364,146.452,146.344,146.41,705,14,0
2023-08-27T20:00:00+00:00,2023-08-28,01:30:00,1693166400,146.425,146.617,146.392,146.547,2032,0,0
2023-08-28T00:00:00+00:00,2023-08-28,05:30:00,1693180800,146.546,146.588,146.4,146.47,5973,0,0
2023-08-28T04:00:00+00:00,2023-08-28,09:30:00,1693195200,146.47,146.548,146.275,146.547,5788,0,0
2023-08-28T08:00:00+00:00,2023-08-28,13:30:00,1693209600,146.547,146.602,146.481,146.547,5681,0,0
2023-08-28T12:00:00+00:00,2023-08-28,17:30:00,1693224000,146.547,146.745,146.364,146.408,11024,0,0
2023-08-28T16:00:00+00:00,2023-08-28,21:30:00,1693238400,146.408,146.581,146.376,146.503,4462,0,0
2023-08-28T20:00:00+00:00,2023-08-29,01:30:00,1693252800,146.49,146.545,146.381,146.464,2109,0,0
2023-08-29T00:00:00+00:00,2023-08-29,05:30:00,1693267200,146.463,146.495,146.309,146.404,5412,0,0
2023-08-29T04:00:00+00:00,2023-08-29,09:30:00,1693281600,146.405,146.561,146.341,146.458,5556,0,0
2023-08-29T08:00:00+00:00,2023-08-29,13:30:00,1693296000,146.457,147.162,146.406,147.141,7959,0,0
2023-08-29T12:00:00+00:00,2023-08-29,17:30:00,1693310400,147.141,147.371,145.857,146.012,24020,0,0
2023-08-29T16:00:00+00:00,2023-08-29,21:30:00,1693324800,146.01,146.102,145.669,145.817,8599,0,0
2023-08-29T20:00:00+00:00,2023-08-30,01:30:00,1693339200,145.796,146.002,145.737,145.983,3102,0,0
2023-08-30T00:00:00+00:00,2023-08-30,05:30:00,1693353600,145.983,146.255,145.857,146.163,7899,0,0
2023-08-30T04:00:00+00:00,2023-08-30,09:30:00,1693368000,146.162,146.51,146.14,146.396,8199,0,0
2023-08-30T08:00:00+00:00,2023-08-30,13:30:00,1693382400,146.395,146.537,146.258,146.345,9378,0,0
2023-08-30T12:00:00+00:00,2023-08-30,17:30:00,1693396800,146.343,146.37,145.56,145.945,21672,0,0
2023-08-30T16:00:00+00:00,2023-08-30,21:30:00,1693411200,145.947,146.293,145.938,146.273,7073,0,0
2023-08-30T20:00:00+00:00,2023-08-31,01:30:00,1693425600,146.26,146.274,145.954,146.09,2711,0,0
2023-08-31T00:00:00+00:00,2023-08-31,05:30:00,1693440000,146.088,146.128,145.756,145.948,6776,0,0
2023-08-31T04:00:00+00:00,2023-08-31,09:30:00,1693454400,145.95,146.052,145.722,145.916,8052,0,0
2023-08-31T08:00:00+00:00,2023-08-31,13:30:00,1693468800,145.915,145.974,145.749,145.819,9407,0,0
2023-08-31T12:00:00+00:00,2023-08-31,17:30:00,1693483200,145.819,146.229,145.458,145.69,23217,0,0
2023-08-31T16:00:00+00:00,2023-08-31,21:30:00,1693497600,145.688,145.69,145.351,145.457,6198,0,0
2023-08-31T20:00:00+00:00,2023-09-01,01:30:00,1693512000,145.431,145.557,145.431,145.487,2264,0,0
2023-09-01T00:00:00+00:00,2023-09-01,05:30:00,1693526400,145.487,145.702,145.237,145.455,7638,0,0
2023-09-01T04:00:00+00:00,2023-09-01,09:30:00,1693540800,145.455,145.63,145.369,145.422,7082,0,0
2023-09-01T08:00:00+00:00,2023-09-01,13:30:00,1693555200,145.422,145.515,145.212,145.231,6153,0,0
2023-09-01T12:00:00+00:00,2023-09-01,17:30:00,1693569600,145.231,146.223,144.444,146.207,28802,0,0
2023-09-01T16:00:00+00:00,2023-09-01,21:30:00,1693584000,146.207,146.294,146.073,146.192,4914,0,0
2023-09-01T20:00:00+00:00,2023-09-02,01:30:00,1693598400,146.185,146.274,146.127,146.221,538,14,0
2023-09-03T20:00:00+00:00,2023-09-04,01:30:00,1693771200,146.193,146.244,146.026,146.069,1690,0,0
2023-09-04T00:00:00+00:00,2023-09-04,05:30:00,1693785600,146.069,146.246,146.039,146.159,5946,0,0
2023-09-04T04:00:00+00:00,2023-09-04,09:30:00,1693800000,146.159,146.458,146.134,146.411,5741,0,0
2023-09-04T08:00:00+00:00,2023-09-04,13:30:00,1693814400,146.41,146.465,146.305,146.393,5264,0,0
2023-09-04T12:00:00+00:00,2023-09-04,17:30:00,1693828800,146.392,146.493,146.374,146.459,4036,0,0
2023-09-04T16:00:00+00:00,2023-09-04,21:30:00,1693843200,146.458,146.497,146.456,146.489,872,0,0
2023-09-04T20:00:00+00:00,2023-09-05,01:30:00,1693857600,146.481,146.556,146.39,146.543,1436,0,0
2023-09-05T00:00:00+00:00,2023-09-05,05:30:00,1693872000,146.541,146.776,146.489,146.744,4952,0,0
2023-09-05T04:00:00+00:00,2023-09-05,09:30:00,1693886400,146.744,147.087,146.645,146.913,7448,0,0
2023-09-05T08:00:00+00:00,2023-09-05,13:30:00,1693900800,146.914,147.347,146.84,147.345,8069,0,0
2023-09-05T12:00:00+00:00,2023-09-05,17:30:00,1693915200,147.345,147.733,147.087,147.632,18432,0,0
2023-09-05T16:00:00+00:00,2023-09-05,21:30:00,1693929600,147.634,147.801,147.56,147.726,4696,0,0
2023-09-05T20:00:00+00:00,2023-09-06,01:30:00,1693944000,147.713,147.729,147.365,147.46,2864,0,0
2023-09-06T00:00:00+00:00,2023-09-06,05:30:00,1693958400,147.46,147.817,147.434,147.566,7182,0,0
2023-09-06T04:00:00+00:00,2023-09-06,09:30:00,1693972800,147.566,147.566,147.017,147.372,9682,0,0
2023-09-06T08:00:00+00:00,2023-09-06,13:30:00,1693987200,147.374,147.596,147.296,147.375,7779,0,0
2023-09-06T12:00:00+00:00,2023-09-06,17:30:00,1694001600,147.374,147.707,147.132,147.65,17786,0,0
2023-09-06T16:00:00+00:00,2023-09-06,21:30:00,1694016000,147.654,147.745,147.489,147.687,5064,0,0
2023-09-06T20:00:00+00:00,2023-09-07,01:30:00,1694030400,147.661,147.723,147.555,147.718,2726,0,0
2023-09-07T00:00:00+00:00,2023-09-07,05:30:00,1694044800,147.717,147.873,147.526,147.565,6162,0,0
2023-09-07T04:00:00+00:00,2023-09-07,09:30:00,1694059200,147.566,147.682,147.414,147.437,7176,0,0
2023-09-07T08:00:00+00:00,2023-09-07,13:30:00,1694073600,147.439,147.499,147.281,147.283,6662,0,0
2023-09-07T12:00:00+00:00,2023-09-07,17:30:00,1694088000,147.283,147.614,147.047,147.134,15895,0,0
2023-09-07T16:00:00+00:00,2023-09-07,21:30:00,1694102400,147.134,147.27,147.046,147.229,4489,0,0
2023-09-07T20:00:00+00:00,2023-09-08,01:30:00,1694116800,147.217,147.385,147.179,147.337,1798,0,0
2023-09-08T00:00:00+00:00,2023-09-08,05:30:00,1694131200,147.337,147.37,146.586,147.237,13470,0,0
2023-09-08T04:00:00+00:00,2023-09-08,09:30:00,1694145600,147.238,147.445,147.055,147.399,7914,0,0
2023-09-08T08:00:00+00:00,2023-09-08,13:30:00,1694160000,147.398,147.493,147.246,147.455,6985,0,0
2023-09-08T12:00:00+00:00,2023-09-08,17:30:00,1694174400,147.454,147.744,147.293,147.702,13792,0,0
2023-09-08T16:00:00+00:00,2023-09-08,21:30:00,1694188800,147.703,147.869,147.665,147.848,4478,0,0
2023-09-08T20:00:00+00:00,2023-09-09,01:30:00,1694203200,147.837,147.849,147.752,147.798,676,14,0
2023-09-10T20:00:00+00:00,2023-09-11,01:30:00,1694376000,147.024,147.262,146.657,147.129,4703,0,0
2023-09-11T00:00:00+00:00,2023-09-11,05:30:00,1694390400,147.131,147.147,146.371,146.466,14246,0,0
2023-09-11T04:00:00+00:00,2023-09-11,09:30:00,1694404800,146.466,146.715,145.904,146.177,18360,0,0
2023-09-11T08:00:00+00:00,2023-09-11,13:30:00,1694419200,146.176,146.984,146.135,146.775,11551,0,0
2023-09-11T12:00:00+00:00,2023-09-11,17:30:00,1694433600,146.774,146.801,146.2,146.47,16703,0,0
2023-09-11T16:00:00+00:00,2023-09-11,21:30:00,1694448000,146.469,146.6,146.334,146.536,6196,0,0
2023-09-11T20:00:00+00:00,2023-09-12,01:30:00,1694462400,146.518,146.685,146.443,146.674,2312,0,0
2023-09-12T00:00:00+00:00,2023-09-12,05:30:00,1694476800,146.674,146.803,146.439,146.681,9352,0,0
2023-09-12T04:00:00+00:00,2023-09-12,09:30:00,1694491200,146.679,146.945,146.621,146.811,8650,0,0
2023-09-12T08:00:00+00:00,2023-09-12,13:30:00,1694505600,146.811,147.0,146.662,146.898,7749,0,0
2023-09-12T12:00:00+00:00,2023-09-12,17:30:00,1694520000,146.898,147.235,146.897,147.125,12654,0,0
2023-09-12T16:00:00+00:00,2023-09-12,21:30:00,1694534400,147.125,147.227,147.059,147.132,4352,0,0
2023-09-12T20:00:00+00:00,2023-09-13,01:30:00,1694548800,147.115,147.167,146.963,147.162,2458,0,0
2023-09-13T00:00:00+00:00,2023-09-13,05:30:00,1694563200,147.16,147.449,147.098,147.355,8745,0,0
2023-09-13T04:00:00+00:00,2023-09-13,09:30:00,1694577600,147.355,147.411,147.219,147.266,7399,0,0
2023-09-13T08:00:00+00:00,2023-09-13,13:30:00,1694592000,147.268,147.437,147.209,147.397,8028,0,0
2023-09-13T12:00:00+00:00,2023-09-13,17:30:00,1694606400,147.397,147.737,147.2,147.462,22236,0,0
2023-09-13T16:00:00+00:00,2023-09-13,21:30:00,1694620800,147.462,147.508,147.169,147.454,6878,0,0
2023-09-13T20:00:00+00:00,2023-09-14,01:30:00,1694635200,147.442,147.472,147.271,147.331,2715,0,0
2023-09-14T00:00:00+00:00,2023-09-14,05:30:00,1694649600,147.333,147.39,147.023,147.088,7195,0,0
2023-09-14T04:00:00+00:00,2023-09-14,09:30:00,1694664000,147.087,147.295,147.042,147.281,5699,0,0
2023-09-14T08:00:00+00:00,2023-09-14,13:30:00,1694678400,147.281,147.393,147.249,147.34,6455,0,0
2023-09-14T12:00:00+00:00,2023-09-14,17:30:00,1694692800,147.338,147.566,147.018,147.174,22442,0,0
2023-09-14T16:00:00+00:00,2023-09-14,21:30:00,1694707200,147.174,147.491,147.052,147.448,6061,0,0
2023-09-14T20:00:00+00:00,2023-09-15,01:30:00,1694721600,147.45,147.507,147.4,147.464,2454,0,0
2023-09-15T00:00:00+00:00,2023-09-15,05:30:00,1694736000,147.462,147.52,147.341,147.469,7330,0,0
2023-09-15T04:00:00+00:00,2023-09-15,09:30:00,1694750400,147.469,147.802,147.37,147.756,9807,0,0
2023-09-15T08:00:00+00:00,2023-09-15,13:30:00,1694764800,147.755,147.951,147.703,147.794,6960,0,0
2023-09-15T12:00:00+00:00,2023-09-15,17:30:00,1694779200,147.793,147.947,147.61,147.836,14056,0,0
2023-09-15T16:00:00+00:00,2023-09-15,21:30:00,1694793600,147.836,147.892,147.722,147.857,4349,0,0
2023-09-15T20:00:00+00:00,2023-09-16,01:30:00,1694808000,147.832,147.879,147.817,147.847,571,14,0
2023-09-17T20:00:00+00:00,2023-09-18,01:30:00,1694980800,147.716,147.88,147.693,147.869,1448,0,0
2023-09-18T00:00:00+00:00,2023-09-18,05:30:00,1694995200,147.871,147.876,147.708,147.736,4433,0,0
2023-09-18T04:00:00+00:00,2023-09-18,09:30:00,1695009600,147.737,147.742,147.559,147.72,5007,0,0
2023-09-18T08:00:00+00:00,2023-09-18,13:30:00,1695024000,147.72,147.757,147.58,147.617,5227,0,0
2023-09-18T12:00:00+00:00,2023-09-18,17:30:00,1695038400,147.617,147.772,147.597,147.629,9038,0,0
2023-09-18T16:00:00+00:00,2023-09-18,21:30:00,1695052800,147.629,147.759,147.591,147.609,4075,0,0
2023-09-18T20:00:00+00:00,2023-09-19,01:30:00,1695067200,147.593,147.648,147.52,147.616,1936,0,0
2023-09-19T00:00:00+00:00,2023-09-19,05:30:00,1695081600,147.616,147.779,147.508,147.764,5867,0,0
2023-09-19T04:00:00+00:00,2023-09-19,09:30:00,1695096000,147.766,147.894,147.641,147.649,5717,0,0
2023-09-19T08:00:00+00:00,2023-09-19,13:30:00,1695110400,147.647,147.741,147.569,147.69,6004,0,0
2023-09-19T12:00:00+00:00,2023-09-19,17:30:00,1695124800,147.69,147.837,147.627,147.805,9725,0,0
2023-09-19T16:00:00+00:00,2023-09-19,21:30:00,1695139200,147.805,147.922,147.792,147.848,3508,0,0
2023-09-19T20:00:00+00:00,2023-09-20,01:30:00,1695153600,147.835,147.871,147.692,147.763,2420,0,0
2023-09-20T00:00:00+00:00,2023-09-20,05:30:00,1695168000,147.763,147.847,147.707,147.819,5037,0,0
2023-09-20T04:00:00+00:00,2023-09-20,09:30:00,1695182400,147.819,148.167,147.802,148.144,7173,0,0
2023-09-20T08:00:00+00:00,2023-09-20,13:30:00,1695196800,148.144,148.148,147.821,147.881,6579,0,0
2023-09-20T12:00:00+00:00,2023-09-20,17:30:00,1695211200,147.882,147.933,147.624,147.737,8945,0,0
2023-09-20T16:00:00+00:00,2023-09-20,21:30:00,1695225600,147.739,148.207,147.475,148.178,17787,0,0
2023-09-20T20:00:00+00:00,2023-09-21,01:30:00,1695240000,148.161,148.35,148.161,148.323,3969,0,0
2023-09-21T00:00:00+00:00,2023-09-21,05:30:00,1695254400,148.321,148.462,148.192,148.286,7368,0,0
2023-09-21T04:00:00+00:00,2023-09-21,09:30:00,1695268800,148.287,148.408,148.234,148.258,6798,0,0
2023-09-21T08:00:00+00:00,2023-09-21,13:30:00,1695283200,148.257,148.269,147.699,147.964,9635,0,0
2023-09-21T12:00:00+00:00,2023-09-21,17:30:00,1695297600,147.963,148.059,147.321,147.424,17199,0,0
2023-09-21T16:00:00+00:00,2023-09-21,21:30:00,1695312000,147.423,147.58,147.394,147.57,5372,0,0
2023-09-21T20:00:00+00:00,2023-09-22,01:30:00,1695326400,147.536,147.66,147.485,147.649,2926,0,0
2023-09-22T00:00:00+00:00,2023-09-22,05:30:00,1695340800,147.65,148.182,147.509,148.112,14015,0,0
2023-09-22T04:00:00+00:00,2023-09-22,09:30:00,1695355200,148.114,148.417,147.904,148.269,12732,0,0
2023-09-22T08:00:00+00:00,2023-09-22,13:30:00,1695369600,148.271,148.375,148.136,148.258,7457,0,0
2023-09-22T12:00:00+00:00,2023-09-22,17:30:00,1695384000,148.258,148.356,147.961,148.238,10698,0,0
2023-09-22T16:00:00+00:00,2023-09-22,21:30:00,1695398400,148.238,148.406,148.235,148.39,3946,0,0
2023-09-22T20:00:00+00:00,2023-09-23,01:30:00,1695412800,148.375,148.403,148.343,148.37,400,14,0
2023-09-24T20:00:00+00:00,2023-09-25,01:30:00,1695585600,148.288,148.448,148.233,148.436,2299,0,0
2023-09-25T00:00:00+00:00,2023-09-25,05:30:00,1695600000,148.436,148.482,148.288,148.37,4991,0,0
2023-09-25T04:00:00+00:00,2023-09-25,09:30:00,1695614400,148.37,148.456,148.325,148.44,4921,0,0
2023-09-25T08:00:00+00:00,2023-09-25,13:30:00,1695628800,148.441,148.709,148.436,148.675,5666,0,0
2023-09-25T12:00:00+00:00,2023-09-25,17:30:00,1695643200,148.675,148.963,148.649,148.745,9024,0,0
2023-09-25T16:00:00+00:00,2023-09-25,21:30:00,1695657600,148.743,148.867,148.725,148.825,3384,0,0
2023-09-25T20:00:00+00:00,2023-09-26,01:30:00,1695672000,148.811,148.888,148.767,148.824,2017,0,0
2023-09-26T00:00:00+00:00,2023-09-26,05:30:00,1695686400,148.824,148.955,148.707,148.872,5863,0,0
2023-09-26T04:00:00+00:00,2023-09-26,09:30:00,1695700800,148.872,149.187,148.803,148.878,7483,0,0
2023-09-26T08:00:00+00:00,2023-09-26,13:30:00,1695715200,148.88,148.99,148.761,148.897,7814,0,0
2023-09-26T12:00:00+00:00,2023-09-26,17:30:00,1695729600,148.897,148.991,148.798,148.907,10390,0,0
2023-09-26T16:00:00+00:00,2023-09-26,21:30:00,1695744000,148.906,149.088,148.866,149.042,4067,0,0
2023-09-26T20:00:00+00:00,2023-09-27,01:30:00,1695758400,149.028,149.09,148.971,149.056,2321,0,0
2023-09-27T00:00:00+00:00,2023-09-27,05:30:00,1695772800,149.059,149.075,148.863,149.019,5857,0,0
2023-09-27T04:00:00+00:00,2023-09-27,09:30:00,1695787200,149.019,149.152,148.999,149.032,5498,0,0
2023-09-27T08:00:00+00:00,2023-09-27,13:30:00,1695801600,149.032,149.249,148.977,149.183,5572,0,0
2023-09-27T12:00:00+00:00,2023-09-27,17:30:00,1695816000,149.182,149.5,149.15,149.487,10295,0,0
2023-09-27T16:00:00+00:00,2023-09-27,21:30:00,1695830400,149.487,149.708,149.465,149.597,7931,0,0
2023-09-27T20:00:00+00:00,2023-09-28,01:30:00,1695844800,149.582,149.653,149.425,149.495,2667,0,0
2023-09-28T00:00:00+00:00,2023-09-28,05:30:00,1695859200,149.496,149.559,149.374,149.425,5687,0,0
2023-09-28T04:00:00+00:00,2023-09-28,09:30:00,1695873600,149.424,149.456,149.208,149.317,6164,0,0
2023-09-28T08:00:00+00:00,2023-09-28,13:30:00,1695888000,149.318,149.43,149.211,149.329,6141,0,0
2023-09-28T12:00:00+00:00,2023-09-28,17:30:00,1695902400,149.329,149.503,149.147,149.187,14720,0,0
2023-09-28T16:00:00+00:00,2023-09-28,21:30:00,1695916800,149.187,149.385,149.167,149.23,5772,0,0
2023-09-28T20:00:00+00:00,2023-09-29,01:30:00,1695931200,149.232,149.374,149.186,149.339,1864,0,0
2023-09-29T00:00:00+00:00,2023-09-29,05:30:00,1695945600,149.336,149.451,149.281,149.388,5709,0,0
2023-09-29T04:00:00+00:00,2023-09-29,09:30:00,1695960000,149.388,149.514,148.528,148.771,10119,0,0
2023-09-29T08:00:00+00:00,2023-09-29,13:30:00,1695974400,148.771,149.256,148.768,149.241,9630,0,0
2023-09-29T12:00:00+00:00,2023-09-29,17:30:00,1695988800,149.241,149.441,148.949,149.433,16414,0,0
2023-09-29T16:00:00+00:00,2023-09-29,21:30:00,1696003200,149.433,149.488,149.332,149.44,6215,0,0
2023-09-29T20:00:00+00:00,2023-09-30,01:30:00,1696017600,149.442,149.442,149.321,149.336,753,0,0
2023-10-01T20:00:00+00:00,2023-10-02,01:30:00,1696190400,149.576,149.633,149.41,149.533,3235,0,0
2023-10-02T00:00:00+00:00,2023-10-02,05:30:00,1696204800,149.532,149.8,149.458,149.78,5283,0,0
2023-10-02T04:00:00+00:00,2023-10-02,09:30:00,1696219200,149.781,149.823,149.557,149.751,5914,0,0
2023-10-02T08:00:00+00:00,2023-10-02,13:30:00,1696233600,149.751,149.789,149.635,149.743,5866,0,0
2023-10-02T12:00:00+00:00,2023-10-02,17:30:00,1696248000,149.742,149.883,149.681,149.809,10524,0,0
2023-10-02T16:00:00+00:00,2023-10-02,21:30:00,1696262400,149.809,149.847,149.712,149.797,4581,0,0
2023-10-02T20:00:00+00:00,2023-10-03,01:30:00,1696276800,149.791,149.874,149.771,149.866,1953,0,0
2023-10-03T00:00:00+00:00,2023-10-03,05:30:00,1696291200,149.865,149.893,149.787,149.866,5117,0,0
2023-10-03T04:00:00+00:00,2023-10-03,09:30:00,1696305600,149.866,149.935,149.655,149.794,5957,0,0
2023-10-03T08:00:00+00:00,2023-10-03,13:30:00,1696320000,149.795,149.976,149.74,149.976,5759,0,0
2023-10-03T12:00:00+00:00,2023-10-03,17:30:00,1696334400,149.974,150.159,147.294,149.169,49722,0,0
2023-10-03T16:00:00+00:00,2023-10-03,21:30:00,1696348800,149.171,149.202,148.712,148.765,9821,0,0
2023-10-03T20:00:00+00:00,2023-10-04,01:30:00,1696363200,148.75,149.209,148.716,149.181,4634,0,0
2023-10-04T00:00:00+00:00,2023-10-04,05:30:00,1696377600,149.179,149.32,149.083,149.282,7789,0,0
2023-10-04T04:00:00+00:00,2023-10-04,09:30:00,1696392000,149.281,149.283,148.737,148.848,8417,0,0
2023-10-04T08:00:00+00:00,2023-10-04,13:30:00,1696406400,148.848,149.212,148.844,149.005,10390,0,0
2023-10-04T12:00:00+00:00,2023-10-04,17:30:00,1696420800,149.003,149.134,148.766,148.835,19360,0,0
2023-10-04T16:00:00+00:00,2023-10-04,21:30:00,1696435200,148.833,149.134,148.819,149.049,7110,0,0
2023-10-04T20:00:00+00:00,2023-10-05,01:30:00,1696449600,149.041,149.113,148.921,148.98,2578,0,0
2023-10-05T00:00:00+00:00,2023-10-05,05:30:00,1696464000,148.984,149.012,148.262,148.52,11673,0,0
2023-10-05T04:00:00+00:00,2023-10-05,09:30:00,1696478400,148.52,149.095,148.444,149.058,7603,0,0
2023-10-05T08:00:00+00:00,2023-10-05,13:30:00,1696492800,149.058,149.09,148.808,148.826,7549,0,0
2023-10-05T12:00:00+00:00,2023-10-05,17:30:00,1696507200,148.825,149.117,148.437,148.493,16972,0,0
2023-10-05T16:00:00+00:00,2023-10-05,21:30:00,1696521600,148.493,148.528,148.306,148.451,6944,0,0
2023-10-05T20:00:00+00:00,2023-10-06,01:30:00,1696536000,148.427,148.511,148.362,148.472,1860,0,0
2023-10-06T00:00:00+00:00,2023-10-06,05:30:00,1696550400,148.472,148.694,148.466,148.692,6389,0,0
2023-10-06T04:00:00+00:00,2023-10-06,09:30:00,1696564800,148.692,148.989,148.659,148.889,6032,0,0
2023-10-06T08:00:00+00:00,2023-10-06,13:30:00,1696579200,148.889,149.094,148.843,149.052,6638,0,0
2023-10-06T12:00:00+00:00,2023-10-06,17:30:00,1696593600,149.053,149.536,148.973,149.088,22922,0,0
2023-10-06T16:00:00+00:00,2023-10-06,21:30:00,1696608000,149.088,149.36,149.065,149.335,6605,0,0
2023-10-06T20:00:00+00:00,2023-10-07,01:30:00,1696622400,149.314,149.337,149.242,149.276,663,14,0
2023-10-08T20:00:00+00:00,2023-10-09,01:30:00,1696795200,149.075,149.227,148.965,149.153,3974,0,0
2023-10-09T00:00:00+00:00,2023-10-09,05:30:00,1696809600,149.153,149.203,149.08,149.158,4531,0,0
2023-10-09T04:00:00+00:00,2023-10-09,09:30:00,1696824000,149.157,149.225,149.108,149.169,5195,0,0
2023-10-09T08:00:00+00:00,2023-10-09,13:30:00,1696838400,149.169,149.183,149.084,149.154,3486,0,0
2023-10-09T12:00:00+00:00,2023-10-09,17:30:00,1696852800,149.154,149.176,148.519,148.705,9856,0,0
2023-10-09T16:00:00+00:00,2023-10-09,21:30:00,1696867200,148.705,148.781,148.438,148.441,4757,0,0
2023-10-09T20:00:00+00:00,2023-10-10,01:30:00,1696881600,148.416,148.53,148.292,148.333,2977,0,0
2023-10-10T00:00:00+00:00,2023-10-10,05:30:00,1696896000,148.333,148.667,148.164,148.616,10198,0,0
2023-10-10T04:00:00+00:00,2023-10-10,09:30:00,1696910400,148.616,149.071,148.521,148.96,12163,0,0
2023-10-10T08:00:00+00:00,2023-10-10,13:30:00,1696924800,148.962,149.098,148.74,149.067,8279,0,0
2023-10-10T12:00:00+00:00,2023-10-10,17:30:00,1696939200,149.068,149.095,148.576,148.625,12921,0,0
2023-10-10T16:00:00+00:00,2023-10-10,21:30:00,1696953600,148.625,148.776,148.546,148.685,6917,0,0
2023-10-10T20:00:00+00:00,2023-10-11,01:30:00,1696968000,148.679,148.727,148.553,148.631,2010,0,0
2023-10-11T00:00:00+00:00,2023-10-11,05:30:00,1696982400,148.629,148.839,148.426,148.819,6686,0,0
2023-10-11T04:00:00+00:00,2023-10-11,09:30:00,1696996800,148.817,148.972,148.582,148.761,7205,0,0
2023-10-11T08:00:00+00:00,2023-10-11,13:30:00,1697011200,148.762,148.839,148.608,148.835,8089,0,0
2023-10-11T12:00:00+00:00,2023-10-11,17:30:00,1697025600,148.835,149.187,148.824,149.004,15319,0,0
2023-10-11T16:00:00+00:00,2023-10-11,21:30:00,1697040000,149.004,149.324,148.994,149.203,7378,0,0
2023-10-11T20:00:00+00:00,2023-10-12,01:30:00,1697054400,149.186,149.216,148.979,149.038,2295,0,0
2023-10-12T00:00:00+00:00,2023-10-12,05:30:00,1697068800,149.036,149.274,149.022,149.132,6462,0,0
2023-10-12T04:00:00+00:00,2023-10-12,09:30:00,1697083200,149.13,149.199,148.957,149.18,5490,0,0
2023-10-12T08:00:00+00:00,2023-10-12,13:30:00,1697097600,149.18,149.205,149.059,149.151,5231,0,0
2023-10-12T12:00:00+00:00,2023-10-12,17:30:00,1697112000,149.151,149.796,149.044,149.719,15363,0,0
2023-10-12T16:00:00+00:00,2023-10-12,21:30:00,1697126400,149.719,149.829,149.661,149.814,5909,0,0
2023-10-12T20:00:00+00:00,2023-10-13,01:30:00,1697140800,149.814,149.814,149.742,149.789,1604,0,0
2023-10-13T00:00:00+00:00,2023-10-13,05:30:00,1697155200,149.789,149.828,149.726,149.765,4806,0,0
2023-10-13T04:00:00+00:00,2023-10-13,09:30:00,1697169600,149.765,149.768,149.574,149.656,6104,0,0
2023-10-13T08:00:00+00:00,2023-10-13,13:30:00,1697184000,149.656,149.778,149.56,149.616,7290,0,0
2023-10-13T12:00:00+00:00,2023-10-13,17:30:00,1697198400,149.614,149.748,149.455,149.62,11080,0,0
2023-10-13T16:00:00+00:00,2023-10-13,21:30:00,1697212800,149.618,149.624,149.469,149.509,4707,0,0
2023-10-13T20:00:00+00:00,2023-10-14,01:30:00,1697227200,149.494,149.589,149.494,149.551,669,14,0
2023-10-15T20:00:00+00:00,2023-10-16,01:30:00,1697400000,149.346,149.633,149.343,149.563,2625,0,0
2023-10-16T00:00:00+00:00,2023-10-16,05:30:00,1697414400,149.563,149.577,149.417,149.479,4787,0,0
2023-10-16T04:00:00+00:00,2023-10-16,09:30:00,1697428800,149.479,149.614,149.376,149.573,5783,0,0
2023-10-16T08:00:00+00:00,2023-10-16,13:30:00,1697443200,149.573,149.596,149.449,149.509,4624,0,0
2023-10-16T12:00:00+00:00,2023-10-16,17:30:00,1697457600,149.509,149.764,149.41,149.574,9222,0,0
2023-10-16T16:00:00+00:00,2023-10-16,21:30:00,1697472000,149.572,149.614,149.511,149.52,2999,0,0
2023-10-16T20:00:00+00:00,2023-10-17,01:30:00,1697486400,149.507,149.605,149.465,149.582,1914,0,0
2023-10-17T00:00:00+00:00,2023-10-17,05:30:00,1697500800,149.581,149.631,149.481,149.547,4124,0,0
2023-10-17T04:00:00+00:00,2023-10-17,09:30:00,1697515200,149.547,149.659,149.502,149.602,4015,0,0
2023-10-17T08:00:00+00:00,2023-10-17,13:30:00,1697529600,149.602,149.749,148.747,149.464,13176,0,0
2023-10-17T12:00:00+00:00,2023-10-17,17:30:00,1697544000,149.464,149.797,149.453,149.717,10764,0,0
2023-10-17T16:00:00+00:00,2023-10-17,21:30:00,1697558400,149.718,149.851,149.69,149.778,4052,0,0
2023-10-17T20:00:00+00:00,2023-10-18,01:30:00,1697572800,149.757,149.836,149.727,149.764,1577,0,0
2023-10-18T00:00:00+00:00,2023-10-18,05:30:00,1697587200,149.763,149.793,149.486,149.669,4328,0,0
2023-10-18T04:00:00+00:00,2023-10-18,09:30:00,1697601600,149.668,149.753,149.604,149.747,4957,0,0
2023-10-18T08:00:00+00:00,2023-10-18,13:30:00,1697616000,149.747,149.785,149.613,149.681,5283,0,0
2023-10-18T12:00:00+00:00,2023-10-18,17:30:00,1697630400,149.68,149.885,149.633,149.866,8175,0,0
2023-10-18T16:00:00+00:00,2023-10-18,21:30:00,1697644800,149.866,149.917,149.734,149.879,4683,0,0
2023-10-18T20:00:00+00:00,2023-10-19,01:30:00,1697659200,149.866,149.92,149.723,149.767,2591,0,0
2023-10-19T00:00:00+00:00,2023-10-19,05:30:00,1697673600,149.773,149.842,149.669,149.81,5452,0,0
2023-10-19T04:00:00+00:00,2023-10-19,09:30:00,1697688000,149.81,149.832,149.725,149.803,4068,0,0
2023-10-19T08:00:00+00:00,2023-10-19,13:30:00,1697702400,149.802,149.878,149.779,149.86,4470,0,0
2023-10-19T12:00:00+00:00,2023-10-19,17:30:00,1697716800,149.859,149.935,149.769,149.923,7822,0,0
2023-10-19T16:00:00+00:00,2023-10-19,21:30:00,1697731200,149.921,149.964,149.679,149.798,12346,0,0
2023-10-19T20:00:00+00:00,2023-10-20,01:30:00,1697745600,149.8,149.839,149.725,149.807,2319,0,0
2023-10-20T00:00:00+00:00,2023-10-20,05:30:00,1697760000,149.807,149.941,149.797,149.851,4186,0,0
2023-10-20T04:00:00+00:00,2023-10-20,09:30:00,1697774400,149.851,149.98,149.843,149.968,4344,0,0
2023-10-20T08:00:00+00:00,2023-10-20,13:30:00,1697788800,149.968,149.992,149.649,149.946,7136,0,0
2023-10-20T12:00:00+00:00,2023-10-20,17:30:00,1697803200,149.945,149.989,149.799,149.852,7483,0,0
2023-10-20T16:00:00+00:00,2023-10-20,21:30:00,1697817600,149.851,149.888,149.778,149.867,4322,0,0
2023-10-20T20:00:00+00:00,2023-10-21,01:30:00,1697832000,149.86,149.868,149.819,149.853,534,14,0
2023-10-22T20:00:00+00:00,2023-10-23,01:30:00,1698004800,149.857,149.895,149.772,149.888,1491,0,0
2023-10-23T00:00:00+00:00,2023-10-23,05:30:00,1698019200,149.888,149.942,149.781,149.94,2975,0,0
2023-10-23T04:00:00+00:00,2023-10-23,09:30:00,1698033600,149.94,149.962,149.889,149.901,2897,0,0
2023-10-23T08:00:00+00:00,2023-10-23,13:30:00,1698048000,149.901,149.991,149.868,149.93,3895,0,0
2023-10-23T12:00:00+00:00,2023-10-23,17:30:00,1698062400,149.929,149.963,149.737,149.791,6190,0,0
2023-10-23T16:00:00+00:00,2023-10-23,21:30:00,1698076800,149.791,149.816,149.557,149.646,4928,0,0
2023-10-23T20:00:00+00:00,2023-10-24,01:30:00,1698091200,149.646,149.79,149.619,149.779,2023,0,0
2023-10-24T00:00:00+00:00,2023-10-24,05:30:00,1698105600,149.777,149.789,149.499,149.612,4584,0,0
2023-10-24T04:00:00+00:00,2023-10-24,09:30:00,1698120000,149.612,149.75,149.322,149.489,6041,0,0
2023-10-24T08:00:00+00:00,2023-10-24,13:30:00,1698134400,149.489,149.845,149.329,149.757,6691,0,0
2023-10-24T12:00:00+00:00,2023-10-24,17:30:00,1698148800,149.757,149.932,149.755,149.847,7693,0,0
2023-10-24T16:00:00+00:00,2023-10-24,21:30:00,1698163200,149.845,149.913,149.748,149.892,3834,0,0
2023-10-24T20:00:00+00:00,2023-10-25,01:30:00,1698177600,149.885,149.912,149.818,149.858,1528,0,0
2023-10-25T00:00:00+00:00,2023-10-25,05:30:00,1698192000,149.857,149.925,149.797,149.848,3117,0,0
2023-10-25T04:00:00+00:00,2023-10-25,09:30:00,1698206400,149.848,149.914,149.822,149.902,2748,0,0
2023-10-25T08:00:00+00:00,2023-10-25,13:30:00,1698220800,149.902,149.945,149.869,149.93,3373,0,0
2023-10-25T12:00:00+00:00,2023-10-25,17:30:00,1698235200,149.93,149.966,149.881,149.938,5925,0,0
2023-10-25T16:00:00+00:00,2023-10-25,21:30:00,1698249600,149.94,150.058,149.875,150.058,4968,0,0
2023-10-25T20:00:00+00:00,2023-10-26,01:30:00,1698264000,150.038,150.299,149.939,150.098,2981,0,0
2023-10-26T00:00:00+00:00,2023-10-26,05:30:00,1698278400,150.098,150.478,150.042,150.421,5298,0,0
2023-10-26T04:00:00+00:00,2023-10-26,09:30:00,1698292800,150.421,150.777,149.873,150.478,11588,0,0
2023-10-26T08:00:00+00:00,2023-10-26,13:30:00,1698307200,150.479,150.479,150.203,150.434,6235,0,0
2023-10-26T12:00:00+00:00,2023-10-26,17:30:00,1698321600,150.433,150.522,150.087,150.447,13306,0,0
2023-10-26T16:00:00+00:00,2023-10-26,21:30:00,1698336000,150.448,150.46,150.236,150.392,5176,0,0
2023-10-26T20:00:00+00:00,2023-10-27,01:30:00,1698350400,150.394,150.429,150.294,150.369,2015,0,0
2023-10-27T00:00:00+00:00,2023-10-27,05:30:00,1698364800,150.367,150.413,150.144,150.216,4053,0,0
2023-10-27T04:00:00+00:00,2023-10-27,09:30:00,1698379200,150.216,150.279,150.082,150.159,4911,0,0
2023-10-27T08:00:00+00:00,2023-10-27,13:30:00,1698393600,150.157,150.181,149.973,150.084,4635,0,0
2023-10-27T12:00:00+00:00,2023-10-27,17:30:00,1698408000,150.084,150.084,149.55,149.611,11769,0,0
2023-10-27T16:00:00+00:00,2023-10-27,21:30:00,1698422400,149.61,149.7,149.461,149.558,4441,0,0
2023-10-27T20:00:00+00:00,2023-10-28,01:30:00,1698436800,149.546,149.677,149.498,149.638,827,14,0
2023-10-29T20:00:00+00:00,2023-10-30,01:30:00,1698609600,149.49,149.769,149.476,149.738,1664,0,0
2023-10-30T00:00:00+00:00,2023-10-30,05:30:00,1698624000,149.738,149.815,149.567,149.583,3234,0,0
2023-10-30T04:00:00+00:00,2023-10-30,09:30:00,1698638400,149.583,149.668,149.283,149.525,4640,0,0
2023-10-30T08:00:00+00:00,2023-10-30,13:30:00,1698652800,149.525,149.78,149.477,149.754,5942,0,0
2023-10-30T12:00:00+00:00,2023-10-30,17:30:00,1698667200,149.754,149.856,148.804,149.011,17817,0,0
2023-10-30T16:00:00+00:00,2023-10-30,21:30:00,1698681600,149.01,149.178,148.953,149.063,5110,0,0
2023-10-30T20:00:00+00:00,2023-10-31,01:30:00,1698696000,149.05,149.165,148.975,149.097,2417,0,0
2023-10-31T00:00:00+00:00,2023-10-31,05:30:00,1698710400,149.097,150.108,149.09,149.896,18384,0,0
2023-10-31T04:00:00+00:00,2023-10-31,09:30:00,1698724800,149.897,150.318,149.862,150.281,9541,0,0
2023-10-31T08:00:00+00:00,2023-10-31,13:30:00,1698739200,150.281,150.778,150.07,150.736,14345,0,0
2023-10-31T12:00:00+00:00,2023-10-31,17:30:00,1698753600,150.736,151.551,150.636,151.457,12968,0,0
2023-10-31T16:00:00+00:00,2023-10-31,21:30:00,1698768000,151.457,151.712,151.062,151.577,12774,0,0
2023-10-31T20:00:00+00:00,2023-11-01,01:30:00,1698782400,151.539,151.716,151.16,151.325,5596,0,0
2023-11-01T00:00:00+00:00,2023-11-01,05:30:00,1698796800,151.325,151.446,151.144,151.245,6517,0,0
2023-11-01T04:00:00+00:00,2023-11-01,09:30:00,1698811200,151.245,151.396,151.206,151.378,5270,0,0
2023-11-01T08:00:00+00:00,2023-11-01,13:30:00,1698825600,151.376,151.377,151.14,151.234,5987,0,0
2023-11-01T12:00:00+00:00,2023-11-01,17:30:00,1698840000,151.234,151.379,150.814,150.969,12551,0,0
2023-11-01T16:00:00+00:00,2023-11-01,21:30:00,1698854400,150.971,151.243,150.666,150.867,15005,0,0
2023-11-01T20:00:00+00:00,2023-11-02,01:30:00,1698868800,150.869,150.956,150.569,150.578,3214,0,0
2023-11-02T00:00:00+00:00,2023-11-02,05:30:00,1698883200,150.578,150.595,150.149,150.351,8321,0,0
2023-11-02T04:00:00+00:00,2023-11-02,09:30:00,1698897600,150.351,150.581,150.17,150.39,7087,0,0
2023-11-02T08:00:00+00:00,2023-11-02,13:30:00,1698912000,150.392,150.58,150.229,150.368,8183,0,0
2023-11-02T12:00:00+00:00,2023-11-02,17:30:00,1698926400,150.368,150.497,149.848,150.48,13390,0,0
2023-11-02T16:00:00+00:00,2023-11-02,21:30:00,1698940800,150.482,150.545,150.375,150.464,5491,0,0
2023-11-02T20:00:00+00:00,2023-11-03,01:30:00,1698955200,150.463,150.534,150.368,150.5,2104,0,0
2023-11-03T00:00:00+00:00,2023-11-03,05:30:00,1698969600,150.498,150.5,150.311,150.349,3781,0,0
2023-11-03T04:00:00+00:00,2023-11-03,09:30:00,1698984000,150.349,150.349,150.236,150.339,3069,0,0
2023-11-03T08:00:00+00:00,2023-11-03,13:30:00,1698998400,150.34,150.425,150.15,150.184,4599,0,0
2023-11-03T12:00:00+00:00,2023-11-03,17:30:00,1699012800,150.184,150.229,149.198,149.37,21320,0,0
2023-11-03T16:00:00+00:00,2023-11-03,21:30:00,1699027200,149.37,149.471,149.246,149.469,6453,0,0
2023-11-03T20:00:00+00:00,2023-11-04,01:30:00,1699041600,149.443,149.473,149.32,149.352,769,14,0
2023-11-05T20:00:00+00:00,2023-11-06,01:30:00,1699214400,149.337,149.478,149.292,149.451,1140,14,0
2023-11-06T00:00:00+00:00,2023-11-06,05:30:00,1699228800,149.457,149.675,149.443,149.582,6075,0,0
2023-11-06T04:00:00+00:00,2023-11-06,09:30:00,1699243200,149.582,149.732,149.467,149.726,5118,0,0
2023-11-06T08:00:00+00:00,2023-11-06,13:30:00,1699257600,149.728,149.73,149.376,149.623,7034,0,0
2023-11-06T12:00:00+00:00,2023-11-06,17:30:00,1699272000,149.625,149.839,149.604,149.731,7292,0,0
2023-11-06T16:00:00+00:00,2023-11-06,21:30:00,1699286400,149.733,149.982,149.679,149.98,4134,0,0
2023-11-06T20:00:00+00:00,2023-11-07,01:30:00,1699300800,149.979,150.077,149.9,149.971,2786,0,0
2023-11-07T00:00:00+00:00,2023-11-07,05:30:00,1699315200,149.988,150.226,149.962,150.195,4871,0,0
2023-11-07T04:00:00+00:00,2023-11-07,09:30:00,1699329600,150.195,150.494,150.195,150.485,3923,0,0
2023-11-07T08:00:00+00:00,2023-11-07,13:30:00,1699344000,150.484,150.498,150.247,150.405,7022,0,0
2023-11-07T12:00:00+00:00,2023-11-07,17:30:00,1699358400,150.406,150.694,150.384,150.501,9257,0,0
2023-11-07T16:00:00+00:00,2023-11-07,21:30:00,1699372800,150.501,150.621,150.318,150.44,5977,0,0
2023-11-07T20:00:00+00:00,2023-11-08,01:30:00,1699387200,150.439,150.477,150.228,150.397,2680,0,0
2023-11-08T00:00:00+00:00,2023-11-08,05:30:00,1699401600,150.399,150.618,150.351,150.495,5568,0,0
2023-11-08T04:00:00+00:00,2023-11-08,09:30:00,1699416000,150.495,150.758,150.462,150.682,4625,0,0
2023-11-08T08:00:00+00:00,2023-11-08,13:30:00,1699430400,150.682,150.799,150.601,150.741,5869,0,0
2023-11-08T12:00:00+00:00,2023-11-08,17:30:00,1699444800,150.74,150.986,150.728,150.849,7998,0,0
2023-11-08T16:00:00+00:00,2023-11-08,21:30:00,1699459200,150.847,151.056,150.731,151.031,5731,0,0
2023-11-08T20:00:00+00:00,2023-11-09,01:30:00,1699473600,151.032,151.06,150.73,150.851,3436,0,0
2023-11-09T00:00:00+00:00,2023-11-09,05:30:00,1699488000,150.857,151.001,150.829,150.94,4746,0,0
2023-11-09T04:00:00+00:00,2023-11-09,09:30:00,1699502400,150.939,151.094,150.774,150.915,5400,0,0
2023-11-09T08:00:00+00:00,2023-11-09,13:30:00,1699516800,150.915,151.188,150.882,151.139,6232,0,0
2023-11-09T12:00:00+00:00,2023-11-09,17:30:00,1699531200,151.139,151.168,150.833,150.952,9580,0,0
2023-11-09T16:00:00+00:00,2023-11-09,21:30:00,1699545600,150.952,151.389,150.939,151.329,8539,0,0
2023-11-09T20:00:00+00:00,2023-11-10,01:30:00,1699560000,151.328,151.38,151.238,151.316,3319,0,0
2023-11-10T00:00:00+00:00,2023-11-10,05:30:00,1699574400,151.348,151.374,151.224,151.326,4526,0,0
2023-11-10T04:00:00+00:00,2023-11-10,09:30:00,1699588800,151.326,151.454,151.291,151.376,3842,0,0
2023-11-10T08:00:00+00:00,2023-11-10,13:30:00,1699603200,151.377,151.491,151.33,151.475,4949,0,0
2023-11-10T12:00:00+00:00,2023-11-10,17:30:00,1699617600,151.476,151.554,151.323,151.475,6969,0,0
2023-11-10T16:00:00+00:00,2023-11-10,21:30:00,1699632000,151.474,151.605,151.45,151.591,4060,0,0
2023-11-10T20:00:00+00:00,2023-11-11,01:30:00,1699646400,151.591,151.598,151.505,151.518,1193,0,0
2023-11-12T20:00:00+00:00,2023-11-13,01:30:00,1699819200,151.454,151.51,151.43,151.439,1066,13,0
2023-11-13T00:00:00+00:00,2023-11-13,05:30:00,1699833600,151.461,151.701,151.444,151.667,4007,0,0
2023-11-13T04:00:00+00:00,2023-11-13,09:30:00,1699848000,151.667,151.801,151.667,151.743,3468,0,0
2023-11-13T08:00:00+00:00,2023-11-13,13:30:00,1699862400,151.744,151.857,151.684,151.732,4860,0,0
2023-11-13T12:00:00+00:00,2023-11-13,17:30:00,1699876800,151.732,151.91,151.207,151.689,13251,0,0
2023-11-13T16:00:00+00:00,2023-11-13,21:30:00,1699891200,151.69,151.691,151.5,151.599,4577,0,0
2023-11-13T20:00:00+00:00,2023-11-14,01:30:00,1699905600,151.6,151.722,151.587,151.624,2328,0,0
2023-11-14T00:00:00+00:00,2023-11-14,05:30:00,1699920000,151.649,151.784,151.614,151.703,3929,0,0
2023-11-14T04:00:00+00:00,2023-11-14,09:30:00,1699934400,151.703,151.736,151.574,151.633,3178,0,0
2023-11-14T08:00:00+00:00,2023-11-14,13:30:00,1699948800,151.633,151.747,151.607,151.735,4365,0,0
2023-11-14T12:00:00+00:00,2023-11-14,17:30:00,1699963200,151.737,151.799,150.684,150.824,18823,0,0
2023-11-14T16:00:00+00:00,2023-11-14,21:30:00,1699977600,150.822,150.869,150.348,150.352,6870,0,0
2023-11-14T20:00:00+00:00,2023-11-15,01:30:00,1699992000,150.353,150.486,150.155,150.48,4312,0,0
2023-11-15T00:00:00+00:00,2023-11-15,05:30:00,1700006400,150.487,150.791,150.444,150.576,7918,0,0
2023-11-15T04:00:00+00:00,2023-11-15,09:30:00,1700020800,150.576,150.755,150.51,150.69,5576,0,0
2023-11-15T08:00:00+00:00,2023-11-15,13:30:00,1700035200,150.688,150.703,150.254,150.281,8256,0,0
2023-11-15T12:00:00+00:00,2023-11-15,17:30:00,1700049600,150.28,151.243,150.048,150.906,15343,0,0
2023-11-15T16:00:00+00:00,2023-11-15,21:30:00,1700064000,150.908,151.404,150.863,151.378,5635,0,0
2023-11-15T20:00:00+00:00,2023-11-16,01:30:00,1700078400,151.378,151.417,151.08,151.201,2821,0,0
2023-11-16T00:00:00+00:00,2023-11-16,05:30:00,1700092800,151.212,151.323,151.121,151.256,4547,0,0
2023-11-16T04:00:00+00:00,2023-11-16,09:30:00,1700107200,151.256,151.43,151.246,151.373,3988,0,0
2023-11-16T08:00:00+00:00,2023-11-16,13:30:00,1700121600,151.375,151.434,151.146,151.223,6169,0,0
2023-11-16T12:00:00+00:00,2023-11-16,17:30:00,1700136000,151.223,151.3,150.288,150.411,13954,0,0
2023-11-16T16:00:00+00:00,2023-11-16,21:30:00,1700150400,150.412,150.656,150.302,150.609,5795,0,0
2023-11-16T20:00:00+00:00,2023-11-17,01:30:00,1700164800,150.611,150.762,150.579,150.686,2612,0,0
2023-11-17T00:00:00+00:00,2023-11-17,05:30:00,1700179200,150.682,150.776,150.425,150.553,5966,0,0
2023-11-17T04:00:00+00:00,2023-11-17,09:30:00,1700193600,150.554,150.696,150.436,150.445,4714,0,0
2023-11-17T08:00:00+00:00,2023-11-17,13:30:00,1700208000,150.445,150.456,149.228,149.509,16608,0,0
2023-11-17T12:00:00+00:00,2023-11-17,17:30:00,1700222400,149.509,149.793,149.199,149.561,16196,0,0
2023-11-17T16:00:00+00:00,2023-11-17,21:30:00,1700236800,149.56,149.874,149.533,149.647,5955,0,0
2023-11-17T20:00:00+00:00,2023-11-18,01:30:00,1700251200,149.649,149.703,149.569,149.572,1278,0,0
2023-11-19T20:00:00+00:00,2023-11-20,01:30:00,1700424000,149.606,149.945,149.506,149.942,1854,14,0
2023-11-20T00:00:00+00:00,2023-11-20,05:30:00,1700438400,149.961,149.993,148.856,148.909,14222,0,0
2023-11-20T04:00:00+00:00,2023-11-20,09:30:00,1700452800,148.909,149.211,148.69,148.908,12129,0,0
2023-11-20T08:00:00+00:00,2023-11-20,13:30:00,1700467200,148.906,148.972,148.104,148.208,15359,0,0
2023-11-20T12:00:00+00:00,2023-11-20,17:30:00,1700481600,148.208,148.689,148.195,148.374,13390,0,0
2023-11-20T16:00:00+00:00,2023-11-20,21:30:00,1700496000,148.374,148.425,148.142,148.319,7737,0,0
2023-11-20T20:00:00+00:00,2023-11-21,01:30:00,1700510400,148.318,148.43,148.203,148.373,3009,0,0
2023-11-21T00:00:00+00:00,2023-11-21,05:30:00,1700524800,148.386,148.421,147.347,147.383,17431,0,0
2023-11-21T04:00:00+00:00,2023-11-21,09:30:00,1700539200,147.384,147.837,147.247,147.518,14716,0,0
2023-11-21T08:00:00+00:00,2023-11-21,13:30:00,1700553600,147.517,147.801,147.153,147.72,14201,0,0
2023-11-21T12:00:00+00:00,2023-11-21,17:30:00,1700568000,147.722,147.813,147.352,147.793,17114,0,0
2023-11-21T16:00:00+00:00,2023-11-21,21:30:00,1700582400,147.793,148.597,147.736,148.317,11499,0,0
2023-11-21T20:00:00+00:00,2023-11-22,01:30:00,1700596800,148.317,148.432,147.997,148.134,4228,0,0
2023-11-22T00:00:00+00:00,2023-11-22,05:30:00,1700611200,148.151,148.358,148.036,148.213,12175,0,0
2023-11-22T04:00:00+00:00,2023-11-22,09:30:00,1700625600,148.215,149.056,148.203,148.961,11072,0,0
2023-11-22T08:00:00+00:00,2023-11-22,13:30:00,1700640000,148.962,149.355,148.706,148.771,13530,0,0
2023-11-22T12:00:00+00:00,2023-11-22,17:30:00,1700654400,148.771,149.75,148.592,149.683,20603,0,0
2023-11-22T16:00:00+00:00,2023-11-22,21:30:00,1700668800,149.683,149.751,149.547,149.583,6431,0,0
2023-11-22T20:00:00+00:00,2023-11-23,01:30:00,1700683200,149.583,149.623,149.387,149.459,2456,0,0
2023-11-23T00:00:00+00:00,2023-11-23,05:30:00,1700697600,149.467,149.467,149.033,149.129,7637,0,0
2023-11-23T04:00:00+00:00,2023-11-23,09:30:00,1700712000,149.128,149.201,148.888,149.146,6866,0,0
2023-11-23T08:00:00+00:00,2023-11-23,13:30:00,1700726400,149.146,149.343,149.045,149.246,8572,0,0
2023-11-23T12:00:00+00:00,2023-11-23,17:30:00,1700740800,149.246,149.691,149.237,149.497,7660,0,0
2023-11-23T16:00:00+00:00,2023-11-23,21:30:00,1700755200,149.498,149.644,149.493,149.57,2535,0,0
2023-11-23T20:00:00+00:00,2023-11-24,01:30:00,1700769600,149.57,149.607,149.299,149.593,4341,0,0
2023-11-24T00:00:00+00:00,2023-11-24,05:30:00,1700784000,149.639,149.714,149.41,149.505,7648,0,0
2023-11-24T04:00:00+00:00,2023-11-24,09:30:00,1700798400,149.502,149.503,149.199,149.426,6969,0,0
2023-11-24T08:00:00+00:00,2023-11-24,13:30:00,1700812800,149.429,149.664,149.371,149.568,7863,0,0
2023-11-24T12:00:00+00:00,2023-11-24,17:30:00,1700827200,149.568,149.673,149.445,149.5,10081,0,0
2023-11-24T16:00:00+00:00,2023-11-24,21:30:00,1700841600,149.502,149.628,149.437,149.484,4339,0,0
2023-11-24T20:00:00+00:00,2023-11-25,01:30:00,1700856000,149.483,149.487,149.327,149.394,1555,19,0
2023-11-26T20:00:00+00:00,2023-11-27,01:30:00,1701028800,149.437,149.572,149.412,149.565,1595,13,0
2023-11-27T00:00:00+00:00,2023-11-27,05:30:00,1701043200,149.581,149.677,148.895,148.985,12698,0,0
2023-11-27T04:00:00+00:00,2023-11-27,09:30:00,1701057600,148.985,149.156,148.774,149.024,11181,0,0
2023-11-27T08:00:00+00:00,2023-11-27,13:30:00,1701072000,149.026,149.33,148.943,149.03,11225,0,0
2023-11-27T12:00:00+00:00,2023-11-27,17:30:00,1701086400,149.028,149.048,148.653,148.917,16201,0,0
2023-11-27T16:00:00+00:00,2023-11-27,21:30:00,1701100800,148.917,149.081,148.546,148.608,9552,0,0
2023-11-27T20:00:00+00:00,2023-11-28,01:30:00,1701115200,148.608,148.684,148.343,148.407,3997,0,0
2023-11-28T00:00:00+00:00,2023-11-28,05:30:00,1701129600,148.418,148.418,147.97,148.215,13194,0,0
2023-11-28T04:00:00+00:00,2023-11-28,09:30:00,1701144000,148.214,148.547,148.131,148.51,9662,0,0
2023-11-28T08:00:00+00:00,2023-11-28,13:30:00,1701158400,148.513,148.832,148.408,148.589,11023,0,0
2023-11-28T12:00:00+00:00,2023-11-28,17:30:00,1701172800,148.59,148.697,147.702,147.874,22973,0,0
2023-11-28T16:00:00+00:00,2023-11-28,21:30:00,1701187200,147.874,147.916,147.324,147.425,16095,0,0
2023-11-28T20:00:00+00:00,2023-11-29,01:30:00,1701201600,147.425,147.547,146.986,147.06,4914,0,0
2023-11-29T00:00:00+00:00,2023-11-29,05:30:00,1701216000,147.068,147.32,146.671,147.291,17815,0,0
2023-11-29T04:00:00+00:00,2023-11-29,09:30:00,1701230400,147.294,147.366,146.948,147.346,14993,0,0
2023-11-29T08:00:00+00:00,2023-11-29,13:30:00,1701244800,147.347,147.82,147.183,147.622,16931,0,0
2023-11-29T12:00:00+00:00,2023-11-29,17:30:00,1701259200,147.624,147.906,147.121,147.395,28013,0,0
2023-11-29T16:00:00+00:00,2023-11-29,21:30:00,1701273600,147.398,147.477,147.078,147.243,11615,0,0
2023-11-29T20:00:00+00:00,2023-11-30,01:30:00,1701288000,147.243,147.366,146.81,147.046,5194,0,0
2023-11-30T00:00:00+00:00,2023-11-30,05:30:00,1701302400,147.062,147.192,146.883,147.092,13545,0,0
2023-11-30T04:00:00+00:00,2023-11-30,09:30:00,1701316800,147.091,147.266,146.867,147.064,10358,0,0
2023-11-30T08:00:00+00:00,2023-11-30,13:30:00,1701331200,147.062,147.749,146.958,147.709,16286,0,0
2023-11-30T12:00:00+00:00,2023-11-30,17:30:00,1701345600,147.708,148.517,147.211,147.836,29273,0,0
2023-11-30T16:00:00+00:00,2023-11-30,21:30:00,1701360000,147.838,148.272,147.721,148.21,11951,0,0
2023-11-30T20:00:00+00:00,2023-12-01,01:30:00,1701374400,148.214,148.304,147.908,147.989,4821,0,0
2023-12-01T00:00:00+00:00,2023-12-01,05:30:00,1701388800,148.002,148.186,147.601,148.124,14281,0,0
2023-12-01T04:00:00+00:00,2023-12-01,09:30:00,1701403200,148.126,148.318,147.997,148.303,10200,0,0
2023-12-01T08:00:00+00:00,2023-12-01,13:30:00,1701417600,148.303,148.303,147.692,148.134,13389,0,0
2023-12-01T12:00:00+00:00,2023-12-01,17:30:00,1701432000,148.133,148.347,147.338,147.594,22684,0,0
2023-12-01T16:00:00+00:00,2023-12-01,21:30:00,1701446400,147.594,147.847,146.661,146.85,21613,0,0
2023-12-01T20:00:00+00:00,2023-12-02,01:30:00,1701460800,146.849,146.9,146.779,146.799,2666,0,0
2023-12-03T20:00:00+00:00,2023-12-04,01:30:00,1701633600,146.721,146.767,146.197,146.337,3142,14,0
2023-12-04T00:00:00+00:00,2023-12-04,05:30:00,1701648000,146.365,146.748,146.226,146.736,18587,0,0
2023-12-04T04:00:00+00:00,2023-12-04,09:30:00,1701662400,146.735,146.978,146.58,146.96,11614,0,0
2023-12-04T08:00:00+00:00,2023-12-04,13:30:00,1701676800,146.958,147.115,146.461,146.541,15227,0,0
2023-12-04T12:00:00+00:00,2023-12-04,17:30:00,1701691200,146.544,147.166,146.469,147.103,23319,0,0
2023-12-04T16:00:00+00:00,2023-12-04,21:30:00,1701705600,147.105,147.454,146.955,147.294,11810,0,0
2023-12-04T20:00:00+00:00,2023-12-05,01:30:00,1701720000,147.295,147.357,147.087,147.286,4787,0,0
2023-12-05T00:00:00+00:00,2023-12-05,05:30:00,1701734400,147.304,147.382,146.972,147.169,12219,0,0
2023-12-05T04:00:00+00:00,2023-12-05,09:30:00,1701748800,147.171,147.181,146.748,146.84,11003,0,0
2023-12-05T08:00:00+00:00,2023-12-05,13:30:00,1701763200,146.842,147.185,146.68,147.022,14609,0,0
2023-12-05T12:00:00+00:00,2023-12-05,17:30:00,1701777600,147.021,147.278,146.561,147.104,24917,0,0
2023-12-05T16:00:00+00:00,2023-12-05,21:30:00,1701792000,147.104,147.392,146.984,147.255,12797,0,0
2023-12-05T20:00:00+00:00,2023-12-06,01:30:00,1701806400,147.255,147.28,147.043,147.171,4522,0,0
2023-12-06T00:00:00+00:00,2023-12-06,05:30:00,1701820800,147.187,147.401,147.089,147.276,10043,0,0
2023-12-06T04:00:00+00:00,2023-12-06,09:30:00,1701835200,147.276,147.324,146.93,146.971,8759,0,0
2023-12-06T08:00:00+00:00,2023-12-06,13:30:00,1701849600,146.973,147.501,146.896,147.397,11779,0,0
2023-12-06T12:00:00+00:00,2023-12-06,17:30:00,1701864000,147.397,147.43,147.007,147.221,18057,0,0
2023-12-06T16:00:00+00:00,2023-12-06,21:30:00,1701878400,147.221,147.38,147.1,147.346,7977,0,0
2023-12-06T20:00:00+00:00,2023-12-07,01:30:00,1701892800,147.344,147.414,147.044,147.168,3814,0,0
2023-12-07T00:00:00+00:00,2023-12-07,05:30:00,1701907200,147.187,147.191,146.689,146.86,13603,0,0
2023-12-07T04:00:00+00:00,2023-12-07,09:30:00,1701921600,146.861,146.898,145.519,145.714,18818,0,0
2023-12-07T08:00:00+00:00,2023-12-07,13:30:00,1701936000,145.714,145.718,144.545,145.025,31658,0,0
2023-12-07T12:00:00+00:00,2023-12-07,17:30:00,1701950400,145.026,145.302,143.941,144.033,32100,0,0
2023-12-07T16:00:00+00:00,2023-12-07,21:30:00,1701964800,144.032,144.316,141.631,143.456,48438,0,0
2023-12-07T20:00:00+00:00,2023-12-08,01:30:00,1701979200,143.454,144.295,143.435,144.193,7426,0,0
2023-12-08T00:00:00+00:00,2023-12-08,05:30:00,1701993600,144.211,144.291,142.499,143.776,49495,0,0
2023-12-08T04:00:00+00:00,2023-12-08,09:30:00,1702008000,143.778,144.397,143.591,144.09,28085,0,0
2023-12-08T08:00:00+00:00,2023-12-08,13:30:00,1702022400,144.091,144.67,143.722,144.449,24851,0,0
2023-12-08T12:00:00+00:00,2023-12-08,17:30:00,1702036800,144.449,145.214,143.759,144.504,44613,0,0
2023-12-08T16:00:00+00:00,2023-12-08,21:30:00,1702051200,144.507,144.979,144.391,144.967,15180,0,0
2023-12-08T20:00:00+00:00,2023-12-09,01:30:00,1702065600,144.968,145.003,144.898,144.936,2223,0,0
2023-12-10T20:00:00+00:00,2023-12-11,01:30:00,1702238400,144.942,145.055,144.781,144.958,2668,14,0
2023-12-11T00:00:00+00:00,2023-12-11,05:30:00,1702252800,144.991,145.577,144.874,145.422,19784,0,0
2023-12-11T04:00:00+00:00,2023-12-11,09:30:00,1702267200,145.423,146.454,145.327,146.374,18220,0,0
2023-12-11T08:00:00+00:00,2023-12-11,13:30:00,1702281600,146.378,146.46,145.973,146.164,17911,0,0
2023-12-11T12:00:00+00:00,2023-12-11,17:30:00,1702296000,146.16,146.505,146.055,146.419,18848,0,0
2023-12-11T16:00:00+00:00,2023-12-11,21:30:00,1702310400,146.421,146.592,146.073,146.15,12777,0,0
2023-12-11T20:00:00+00:00,2023-12-12,01:30:00,1702324800,146.153,146.25,146.012,146.02,4163,0,0
2023-12-12T00:00:00+00:00,2023-12-12,05:30:00,1702339200,146.05,146.129,145.534,145.603,18286,0,0
2023-12-12T04:00:00+00:00,2023-12-12,09:30:00,1702353600,145.6,145.685,145.224,145.445,12847,0,0
2023-12-12T08:00:00+00:00,2023-12-12,13:30:00,1702368000,145.443,145.631,145.059,145.179,14334,0,0
2023-12-12T12:00:00+00:00,2023-12-12,17:30:00,1702382400,145.177,145.855,144.735,145.646,26457,0,0
2023-12-12T16:00:00+00:00,2023-12-12,21:30:00,1702396800,145.643,145.731,145.405,145.596,11861,0,0
2023-12-12T20:00:00+00:00,2023-12-13,01:30:00,1702411200,145.593,145.618,145.158,145.289,4322,0,0
2023-12-13T00:00:00+00:00,2023-12-13,05:30:00,1702425600,145.3,145.667,145.278,145.625,13109,0,0
2023-12-13T04:00:00+00:00,2023-12-13,09:30:00,1702440000,145.625,145.997,145.489,145.814,11135,0,0
2023-12-13T08:00:00+00:00,2023-12-13,13:30:00,1702454400,145.814,145.955,145.6,145.625,12287,0,0
2023-12-13T12:00:00+00:00,2023-12-13,17:30:00,1702468800,145.625,145.736,145.041,145.157,18739,0,0
2023-12-13T16:00:00+00:00,2023-12-13,21:30:00,1702483200,145.16,145.278,142.881,143.146,38044,0,0
2023-12-13T20:00:00+00:00,2023-12-14,01:30:00,1702497600,143.144,143.276,142.133,142.77,22561,0,0
2023-12-14T00:00:00+00:00,2023-12-14,05:30:00,1702512000,142.793,142.916,140.956,141.409,36478,0,0
2023-12-14T04:00:00+00:00,2023-12-14,09:30:00,1702526400,141.407,142.178,141.352,142.016,31845,0,0
2023-12-14T08:00:00+00:00,2023-12-14,13:30:00,1702540800,142.013,142.055,141.232,141.423,26200,0,0
2023-12-14T12:00:00+00:00,2023-12-14,17:30:00,1702555200,141.42,142.283,141.353,141.681,40981,0,0
2023-12-14T16:00:00+00:00,2023-12-14,21:30:00,1702569600,141.684,142.011,141.4,141.921,18719,0,0
2023-12-14T20:00:00+00:00,2023-12-15,01:30:00,1702584000,141.918,142.283,141.766,142.248,6728,0,0
2023-12-15T00:00:00+00:00,2023-12-15,05:30:00,1702598400,142.28,142.468,141.791,141.893,20373,0,0
2023-12-15T04:00:00+00:00,2023-12-15,09:30:00,1702612800,141.896,142.135,141.567,141.976,17587,0,0
2023-12-15T08:00:00+00:00,2023-12-15,13:30:00,1702627200,141.976,142.062,141.472,141.747,17839,0,0
2023-12-15T12:00:00+00:00,2023-12-15,17:30:00,1702641600,141.749,142.455,141.43,141.745,34132,0,0
2023-12-15T16:00:00+00:00,2023-12-15,21:30:00,1702656000,141.745,142.315,141.665,142.181,14016,0,0
2023-12-15T20:00:00+00:00,2023-12-16,01:30:00,1702670400,142.182,142.289,142.034,142.154,3360,0,0
2023-12-17T20:00:00+00:00,2023-12-18,01:30:00,1702843200,142.076,142.35,142.063,142.324,1919,14,0
2023-12-18T00:00:00+00:00,2023-12-18,05:30:00,1702857600,142.333,142.46,142.073,142.174,14768,0,0
2023-12-18T04:00:00+00:00,2023-12-18,09:30:00,1702872000,142.174,142.415,142.122,142.385,9823,0,0
2023-12-18T08:00:00+00:00,2023-12-18,13:30:00,1702886400,142.383,142.831,142.245,142.748,16519,0,0
2023-12-18T12:00:00+00:00,2023-12-18,17:30:00,1702900800,142.748,143.159,142.681,143.116,17956,0,0
2023-12-18T16:00:00+00:00,2023-12-18,21:30:00,1702915200,143.114,143.116,142.84,142.887,9810,0,0
2023-12-18T20:00:00+00:00,2023-12-19,01:30:00,1702929600,142.889,142.961,142.624,142.688,4099,0,0
2023-12-19T00:00:00+00:00,2023-12-19,05:30:00,1702944000,142.696,143.791,142.25,143.519,33353,0,0
2023-12-19T04:00:00+00:00,2023-12-19,09:30:00,1702958400,143.52,144.265,142.481,144.173,40525,0,0
2023-12-19T08:00:00+00:00,2023-12-19,13:30:00,1702972800,144.175,144.959,144.144,144.795,20543,0,0
2023-12-19T12:00:00+00:00,2023-12-19,17:30:00,1702987200,144.798,144.8,143.689,143.806,24476,0,0
2023-12-19T16:00:00+00:00,2023-12-19,21:30:00,1703001600,143.805,143.925,143.531,143.908,12099,0,0
2023-12-19T20:00:00+00:00,2023-12-20,01:30:00,1703016000,143.906,143.971,143.763,143.898,4368,0,0
2023-12-20T00:00:00+00:00,2023-12-20,05:30:00,1703030400,143.925,144.102,143.639,143.694,16064,0,0
2023-12-20T04:00:00+00:00,2023-12-20,09:30:00,1703044800,143.694,143.77,143.306,143.544,17869,0,0
2023-12-20T08:00:00+00:00,2023-12-20,13:30:00,1703059200,143.546,143.648,143.262,143.372,14879,0,0
2023-12-20T12:00:00+00:00,2023-12-20,17:30:00,1703073600,143.373,143.716,143.307,143.683,15795,0,0
2023-12-20T16:00:00+00:00,2023-12-20,21:30:00,1703088000,143.681,143.941,143.659,143.806,10182,0,0
2023-12-20T20:00:00+00:00,2023-12-21,01:30:00,1703102400,143.803,143.878,143.282,143.517,7306,0,0
2023-12-21T00:00:00+00:00,2023-12-21,05:30:00,1703116800,143.534,143.564,142.81,142.916,16411,0,0
2023-12-21T04:00:00+00:00,2023-12-21,09:30:00,1703131200,142.918,143.288,142.815,143.259,12237,0,0
2023-12-21T08:00:00+00:00,2023-12-21,13:30:00,1703145600,143.261,143.403,142.645,142.733,13028,0,0
2023-12-21T12:00:00+00:00,2023-12-21,17:30:00,1703160000,142.73,143.01,142.072,142.166,24886,0,0
2023-12-21T16:00:00+00:00,2023-12-21,21:30:00,1703174400,142.167,142.44,142.045,142.239,14413,0,0
2023-12-21T20:00:00+00:00,2023-12-22,01:30:00,1703188800,142.237,142.302,141.985,142.068,5085,0,0
2023-12-22T00:00:00+00:00,2023-12-22,05:30:00,1703203200,142.077,142.55,141.865,142.536,16788,0,0
2023-12-22T04:00:00+00:00,2023-12-22,09:30:00,1703217600,142.533,142.562,142.129,142.234,11961,0,0
2023-12-22T08:00:00+00:00,2023-12-22,13:30:00,1703232000,142.236,142.376,141.928,141.999,11813,0,0
2023-12-22T12:00:00+00:00,2023-12-22,17:30:00,1703246400,142.0,142.472,141.891,142.368,21999,0,0
2023-12-22T16:00:00+00:00,2023-12-22,21:30:00,1703260800,142.367,142.665,142.33,142.493,10654,0,0
2023-12-22T20:00:00+00:00,2023-12-23,01:30:00,1703275200,142.494,142.554,142.403,142.443,2500,0,0
2023-12-25T20:00:00+00:00,2023-12-26,01:30:00,1703534400,142.258,142.406,141.954,142.096,2344,187,0
2023-12-26T00:00:00+00:00,2023-12-26,05:30:00,1703548800,142.097,142.336,142.08,142.193,5139,19,0
2023-12-26T04:00:00+00:00,2023-12-26,09:30:00,1703563200,142.193,142.381,142.177,142.322,4158,30,0
2023-12-26T08:00:00+00:00,2023-12-26,13:30:00,1703577600,142.322,142.508,142.3,142.373,4975,25,0
2023-12-26T12:00:00+00:00,2023-12-26,17:30:00,1703592000,142.372,142.601,142.234,142.588,6772,11,0
2023-12-26T16:00:00+00:00,2023-12-26,21:30:00,1703606400,142.591,142.634,142.397,142.468,4824,11,0
2023-12-26T20:00:00+00:00,2023-12-27,01:30:00,1703620800,142.467,142.474,142.18,142.457,4361,11,0
2023-12-27T00:00:00+00:00,2023-12-27,05:30:00,1703635200,142.487,142.845,142.429,142.561,8079,9,0
2023-12-27T04:00:00+00:00,2023-12-27,09:30:00,1703649600,142.562,142.838,142.522,142.778,6125,9,0
2023-12-27T08:00:00+00:00,2023-12-27,13:30:00,1703664000,142.773,142.804,142.444,142.546,7058,9,0
2023-12-27T12:00:00+00:00,2023-12-27,17:30:00,1703678400,142.542,142.645,142.194,142.201,7376,9,0
2023-12-27T16:00:00+00:00,2023-12-27,21:30:00,1703692800,142.204,142.236,141.551,141.89,12610,0,0
2023-12-27T20:00:00+00:00,2023-12-28,01:30:00,1703707200,141.886,141.901,141.355,141.427,5657,0,0
2023-12-28T00:00:00+00:00,2023-12-28,05:30:00,1703721600,141.443,141.671,141.173,141.312,15692,0,0
2023-12-28T04:00:00+00:00,2023-12-28,09:30:00,1703736000,141.313,141.326,140.712,140.823,14068,0,0
2023-12-28T08:00:00+00:00,2023-12-28,13:30:00,1703750400,140.82,141.076,140.653,140.817,12107,0,0
2023-12-28T12:00:00+00:00,2023-12-28,17:30:00,1703764800,140.82,141.139,140.252,140.887,19076,0,0
2023-12-28T16:00:00+00:00,2023-12-28,21:30:00,1703779200,140.887,141.589,140.863,141.457,13558,0,0
2023-12-28T20:00:00+00:00,2023-12-29,01:30:00,1703793600,141.457,141.463,141.238,141.426,4189,0,0
2023-12-29T00:00:00+00:00,2023-12-29,05:30:00,1703808000,141.442,141.67,141.345,141.485,11646,0,0
2023-12-29T04:00:00+00:00,2023-12-29,09:30:00,1703822400,141.486,141.491,141.142,141.412,8167,0,0
2023-12-29T08:00:00+00:00,2023-12-29,13:30:00,1703836800,141.413,141.916,141.331,141.548,10729,0,0
2023-12-29T12:00:00+00:00,2023-12-29,17:30:00,1703851200,141.547,141.884,140.9,140.999,20097,0,0
2023-12-29T16:00:00+00:00,2023-12-29,21:30:00,1703865600,140.997,141.111,140.796,141.023,16125,0,0
2023-12-29T20:00:00+00:00,2023-12-30,01:30:00,1703880000,141.021,141.059,140.95,141.013,2516,0,0
2024-01-01T20:00:00+00:00,2024-01-02,01:30:00,1704139200,140.724,141.016,140.668,140.981,2556,166,0
2024-01-02T00:00:00+00:00,2024-01-02,05:30:00,1704153600,141.094,141.663,141.077,141.5,5917,9,0
2024-01-02T04:00:00+00:00,2024-01-02,09:30:00,1704168000,141.502,141.603,141.334,141.542,6363,9,0
2024-01-02T08:00:00+00:00,2024-01-02,13:30:00,1704182400,141.539,141.889,141.289,141.827,13067,0,0
2024-01-02T12:00:00+00:00,2024-01-02,17:30:00,1704196800,141.83,142.218,141.502,141.929,23020,0,0
2024-01-02T16:00:00+00:00,2024-01-02,21:30:00,1704211200,141.927,142.004,141.716,141.95,10855,0,0
2024-01-02T20:00:00+00:00,2024-01-03,01:30:00,1704225600,141.949,142.161,141.806,142.161,3969,0,0
2024-01-03T00:00:00+00:00,2024-01-03,05:30:00,1704240000,142.178,142.178,141.861,141.893,7955,0,0
2024-01-03T04:00:00+00:00,2024-01-03,09:30:00,1704254400,141.892,142.47,141.861,142.422,9094,0,0
2024-01-03T08:00:00+00:00,2024-01-03,13:30:00,1704268800,142.423,142.982,142.399,142.937,12600,0,0
2024-01-03T12:00:00+00:00,2024-01-03,17:30:00,1704283200,142.935,143.729,142.792,143.604,24308,0,0
2024-01-03T16:00:00+00:00,2024-01-03,21:30:00,1704297600,143.602,143.734,143.141,143.237,19235,0,0
2024-01-03T20:00:00+00:00,2024-01-04,01:30:00,1704312000,143.241,143.296,142.93,142.992,6540,0,0
2024-01-04T00:00:00+00:00,2024-01-04,05:30:00,1704326400,142.999,143.488,142.855,143.346,12926,0,0
2024-01-04T04:00:00+00:00,2024-01-04,09:30:00,1704340800,143.346,143.895,143.18,143.375,16193,0,0
2024-01-04T08:00:00+00:00,2024-01-04,13:30:00,1704355200,143.374,144.297,143.364,144.257,17802,0,0
2024-01-04T12:00:00+00:00,2024-01-04,17:30:00,1704369600,144.258,144.853,144.065,144.67,19855,0,0
2024-01-04T16:00:00+00:00,2024-01-04,21:30:00,1704384000,144.663,144.714,144.461,144.582,10099,0,0
2024-01-04T20:00:00+00:00,2024-01-05,01:30:00,1704398400,144.579,144.762,144.516,144.762,3500,0,0
2024-01-05T00:00:00+00:00,2024-01-05,05:30:00,1704412800,144.775,144.956,144.661,144.928,12117,0,0
2024-01-05T04:00:00+00:00,2024-01-05,09:30:00,1704427200,144.928,145.37,144.66,145.079,13387,0,0
2024-01-05T08:00:00+00:00,2024-01-05,13:30:00,1704441600,145.079,145.377,144.853,145.271,13061,0,0
2024-01-05T12:00:00+00:00,2024-01-05,17:30:00,1704456000,145.27,145.977,143.809,144.131,45116,0,0
2024-01-05T16:00:00+00:00,2024-01-05,21:30:00,1704470400,144.13,144.895,144.068,144.664,17960,0,0
2024-01-05T20:00:00+00:00,2024-01-06,01:30:00,1704484800,144.663,144.775,144.554,144.613,3355,0,0
2024-01-07T20:00:00+00:00,2024-01-08,01:30:00,1704657600,144.539,144.901,144.445,144.71,1976,14,0
2024-01-08T00:00:00+00:00,2024-01-08,05:30:00,1704672000,144.724,144.8,144.317,144.492,10225,0,0
2024-01-08T04:00:00+00:00,2024-01-08,09:30:00,1704686400,144.491,144.54,144.092,144.42,11451,0,0
2024-01-08T08:00:00+00:00,2024-01-08,13:30:00,1704700800,144.421,144.615,144.187,144.579,15847,0,0
2024-01-08T12:00:00+00:00,2024-01-08,17:30:00,1704715200,144.581,144.686,143.854,143.934,21166,0,0
2024-01-08T16:00:00+00:00,2024-01-08,21:30:00,1704729600,143.932,144.184,143.663,144.109,13406,0,0
2024-01-08T20:00:00+00:00,2024-01-09,01:30:00,1704744000,144.106,144.272,144.074,144.208,4714,0,0
2024-01-09T00:00:00+00:00,2024-01-09,05:30:00,1704758400,144.209,144.26,143.423,143.628,17671,0,0
2024-01-09T04:00:00+00:00,2024-01-09,09:30:00,1704772800,143.627,144.154,143.572,144.065,12764,0,0
2024-01-09T08:00:00+00:00,2024-01-09,13:30:00,1704787200,144.063,144.317,143.744,144.076,15553,0,0
2024-01-09T12:00:00+00:00,2024-01-09,17:30:00,1704801600,144.074,144.365,143.653,144.312,20904,0,0
2024-01-09T16:00:00+00:00,2024-01-09,21:30:00,1704816000,144.312,144.626,144.248,144.549,12819,0,0
2024-01-09T20:00:00+00:00,2024-01-10,01:30:00,1704830400,144.546,144.546,144.304,144.421,4699,0,0
2024-01-10T00:00:00+00:00,2024-01-10,05:30:00,1704844800,144.416,144.938,144.416,144.85,11437,0,0
2024-01-10T04:00:00+00:00,2024-01-10,09:30:00,1704859200,144.852,145.156,144.67,144.941,11810,0,0
2024-01-10T08:00:00+00:00,2024-01-10,13:30:00,1704873600,144.94,145.133,144.763,144.997,12151,0,0
2024-01-10T12:00:00+00:00,2024-01-10,17:30:00,1704888000,144.997,145.677,144.984,145.617,16010,0,0
2024-01-10T16:00:00+00:00,2024-01-10,21:30:00,1704902400,145.614,145.829,145.515,145.693,10057,0,0
2024-01-10T20:00:00+00:00,2024-01-11,01:30:00,1704916800,145.689,145.836,145.486,145.728,6097,0,0
2024-01-11T00:00:00+00:00,2024-01-11,05:30:00,1704931200,145.729,145.782,145.306,145.313,12956,0,0
2024-01-11T04:00:00+00:00,2024-01-11,09:30:00,1704945600,145.312,145.547,145.279,145.408,9766,0,0
2024-01-11T08:00:00+00:00,2024-01-11,13:30:00,1704960000,145.406,145.595,145.332,145.396,12186,0,0
2024-01-11T12:00:00+00:00,2024-01-11,17:30:00,1704974400,145.393,146.418,145.098,145.953,42139,0,0
2024-01-11T16:00:00+00:00,2024-01-11,21:30:00,1704988800,145.954,146.191,145.442,145.484,20734,0,0
2024-01-11T20:00:00+00:00,2024-01-12,01:30:00,1705003200,145.482,145.548,144.915,145.094,7002,0,0
2024-01-12T00:00:00+00:00,2024-01-12,05:30:00,1705017600,145.101,145.408,144.846,144.918,15005,0,0
2024-01-12T04:00:00+00:00,2024-01-12,09:30:00,1705032000,144.918,145.288,144.897,145.151,12116,0,0
2024-01-12T08:00:00+00:00,2024-01-12,13:30:00,1705046400,145.15,145.283,144.869,145.238,13700,0,0
2024-01-12T12:00:00+00:00,2024-01-12,17:30:00,1705060800,145.236,145.569,144.351,144.709,32675,0,0
2024-01-12T16:00:00+00:00,2024-01-12,21:30:00,1705075200,144.712,145.02,144.567,144.873,12510,0,0
2024-01-12T20:00:00+00:00,2024-01-13,01:30:00,1705089600,144.873,144.946,144.821,144.909,2635,0,0
2024-01-14T20:00:00+00:00,2024-01-15,01:30:00,1705262400,144.904,145.162,144.848,145.134,1540,14,0
2024-01-15T00:00:00+00:00,2024-01-15,05:30:00,1705276800,145.152,145.235,144.935,145.136,12054,0,0
2024-01-15T04:00:00+00:00,2024-01-15,09:30:00,1705291200,145.137,145.556,145.101,145.453,8138,0,0
2024-01-15T08:00:00+00:00,2024-01-15,13:30:00,1705305600,145.449,145.827,145.316,145.671,11826,0,0
2024-01-15T12:00:00+00:00,2024-01-15,17:30:00,1705320000,145.674,145.943,145.666,145.79,11845,0,0
2024-01-15T16:00:00+00:00,2024-01-15,21:30:00,1705334400,145.793,145.859,145.68,145.79,3986,0,0
2024-01-15T20:00:00+00:00,2024-01-16,01:30:00,1705348800,145.79,145.853,145.691,145.783,1829,0,0
2024-01-16T00:00:00+00:00,2024-01-16,05:30:00,1705363200,145.796,146.198,145.586,146.101,15869,0,0
2024-01-16T04:00:00+00:00,2024-01-16,09:30:00,1705377600,146.097,146.273,145.996,146.16,11027,0,0
2024-01-16T08:00:00+00:00,2024-01-16,13:30:00,1705392000,146.162,146.752,146.004,146.606,17348,0,0
2024-01-16T12:00:00+00:00,2024-01-16,17:30:00,1705406400,146.606,146.799,146.285,146.708,22496,0,0
2024-01-16T16:00:00+00:00,2024-01-16,21:30:00,1705420800,146.705,147.315,146.698,147.25,18210,0,0
2024-01-16T20:00:00+00:00,2024-01-17,01:30:00,1705435200,147.252,147.277,147.057,147.232,3899,0,0
2024-01-17T00:00:00+00:00,2024-01-17,05:30:00,1705449600,147.248,147.489,147.099,147.334,13700,0,0
2024-01-17T04:00:00+00:00,2024-01-17,09:30:00,1705464000,147.334,147.971,147.286,147.87,15514,0,0
2024-01-17T08:00:00+00:00,2024-01-17,13:30:00,1705478400,147.873,147.928,147.568,147.665,15728,0,0
2024-01-17T12:00:00+00:00,2024-01-17,17:30:00,1705492800,147.666,148.531,147.588,148.449,20534,0,0
2024-01-17T16:00:00+00:00,2024-01-17,21:30:00,1705507200,148.451,148.521,148.168,148.271,13785,0,0
2024-01-17T20:00:00+00:00,2024-01-18,01:30:00,1705521600,148.271,148.293,147.911,148.125,4522,0,0
2024-01-18T00:00:00+00:00,2024-01-18,05:30:00,1705536000,148.138,148.254,147.872,148.024,13229,0,0
2024-01-18T04:00:00+00:00,2024-01-18,09:30:00,1705550400,148.024,148.066,147.69,147.789,12597,0,0
2024-01-18T08:00:00+00:00,2024-01-18,13:30:00,1705564800,147.786,147.965,147.657,147.823,13677,0,0
2024-01-18T12:00:00+00:00,2024-01-18,17:30:00,1705579200,147.82,148.303,147.754,148.177,21607,0,0
2024-01-18T16:00:00+00:00,2024-01-18,21:30:00,1705593600,148.179,148.264,148.002,148.229,11330,0,0
2024-01-18T20:00:00+00:00,2024-01-19,01:30:00,1705608000,148.226,148.28,148.013,148.11,4413,0,0
2024-01-19T00:00:00+00:00,2024-01-19,05:30:00,1705622400,148.127,148.48,147.941,148.224,13453,0,0
2024-01-19T04:00:00+00:00,2024-01-19,09:30:00,1705636800,148.226,148.807,148.196,148.271,13047,0,0
2024-01-19T08:00:00+00:00,2024-01-19,13:30:00,1705651200,148.269,148.357,147.84,147.981,14947,0,0
2024-01-19T12:00:00+00:00,2024-01-19,17:30:00,1705665600,147.981,148.534,147.961,148.104,20097,0,0
2024-01-19T16:00:00+00:00,2024-01-19,21:30:00,1705680000,148.105,148.311,148.026,148.192,11480,0,0
2024-01-19T20:00:00+00:00,2024-01-20,01:30:00,1705694400,148.193,148.202,148.067,148.144,2751,0,0
2024-01-21T20:00:00+00:00,2024-01-22,01:30:00,1705867200,148.161,148.239,148.059,148.111,2242,14,0
2024-01-22T00:00:00+00:00,2024-01-22,05:30:00,1705881600,148.127,148.233,147.735,147.92,14972,0,0
2024-01-22T04:00:00+00:00,2024-01-22,09:30:00,1705896000,147.92,148.136,147.833,148.038,11666,0,0
2024-01-22T08:00:00+00:00,2024-01-22,13:30:00,1705910400,148.04,148.305,147.859,147.887,13021,0,0
2024-01-22T12:00:00+00:00,2024-01-22,17:30:00,1705924800,147.888,147.955,147.618,147.846,17131,0,0
2024-01-22T16:00:00+00:00,2024-01-22,21:30:00,1705939200,147.849,148.144,147.847,148.034,8205,0,0
2024-01-22T20:00:00+00:00,2024-01-23,01:30:00,1705953600,148.034,148.138,147.78,148.131,4098,0,0
2024-01-23T00:00:00+00:00,2024-01-23,05:30:00,1705968000,148.147,148.552,147.854,147.898,18916,0,0
2024-01-23T04:00:00+00:00,2024-01-23,09:30:00,1705982400,147.9,148.209,146.983,147.587,30400,0,0
2024-01-23T08:00:00+00:00,2024-01-23,13:30:00,1705996800,147.584,148.159,147.256,148.025,17040,0,0
2024-01-23T12:00:00+00:00,2024-01-23,17:30:00,1706011200,148.023,148.545,147.876,148.483,18369,0,0
2024-01-23T16:00:00+00:00,2024-01-23,21:30:00,1706025600,148.482,148.698,148.299,148.382,10482,0,0
2024-01-23T20:00:00+00:00,2024-01-24,01:30:00,1706040000,148.381,148.414,148.187,148.228,3782,0,0
2024-01-24T00:00:00+00:00,2024-01-24,05:30:00,1706054400,148.248,148.265,147.753,147.806,14002,0,0
2024-01-24T04:00:00+00:00,2024-01-24,09:30:00,1706068800,147.803,148.016,147.701,147.795,11674,0,0
2024-01-24T08:00:00+00:00,2024-01-24,13:30:00,1706083200,147.793,147.793,147.379,147.518,13311,0,0
2024-01-24T12:00:00+00:00,2024-01-24,17:30:00,1706097600,147.516,147.524,146.649,146.943,25576,0,0
2024-01-24T16:00:00+00:00,2024-01-24,21:30:00,1706112000,146.941,147.595,146.885,147.565,14241,0,0
2024-01-24T20:00:00+00:00,2024-01-25,01:30:00,1706126400,147.565,147.633,147.298,147.572,4658,0,0
2024-01-25T00:00:00+00:00,2024-01-25,05:30:00,1706140800,147.59,147.857,147.546,147.656,12168,0,0
2024-01-25T04:00:00+00:00,2024-01-25,09:30:00,1706155200,147.654,147.882,147.534,147.671,9565,0,0
2024-01-25T08:00:00+00:00,2024-01-25,13:30:00,1706169600,147.675,147.845,147.477,147.517,11484,0,0
2024-01-25T12:00:00+00:00,2024-01-25,17:30:00,1706184000,147.518,147.955,147.083,147.579,28310,0,0
2024-01-25T16:00:00+00:00,2024-01-25,21:30:00,1706198400,147.579,147.904,147.509,147.841,11648,0,0
2024-01-25T20:00:00+00:00,2024-01-26,01:30:00,1706212800,147.839,147.852,147.483,147.714,4268,0,0
2024-01-26T00:00:00+00:00,2024-01-26,05:30:00,1706227200,147.689,147.851,147.481,147.668,11316,0,0
2024-01-26T04:00:00+00:00,2024-01-26,09:30:00,1706241600,147.668,147.885,147.65,147.774,9145,0,0
2024-01-26T08:00:00+00:00,2024-01-26,13:30:00,1706256000,147.775,148.093,147.595,147.716,12758,0,0
2024-01-26T12:00:00+00:00,2024-01-26,17:30:00,1706270400,147.716,148.169,147.417,148.074,21287,0,0
2024-01-26T16:00:00+00:00,2024-01-26,21:30:00,1706284800,148.078,148.209,147.885,148.099,8464,0,0
2024-01-26T20:00:00+00:00,2024-01-27,01:30:00,1706299200,148.099,148.139,148.042,148.119,2193,0,0
2024-01-28T20:00:00+00:00,2024-01-29,01:30:00,1706472000,148.091,148.175,148.001,148.173,2050,14,0
2024-01-29T00:00:00+00:00,2024-01-29,05:30:00,1706486400,148.186,148.336,148.029,148.14,9072,0,0
2024-01-29T04:00:00+00:00,2024-01-29,09:30:00,1706500800,148.137,148.137,147.753,147.807,8990,0,0
2024-01-29T08:00:00+00:00,2024-01-29,13:30:00,1706515200,147.804,147.927,147.711,147.878,11277,0,0
2024-01-29T12:00:00+00:00,2024-01-29,17:30:00,1706529600,147.877,148.095,147.623,147.668,12983,0,0
2024-01-29T16:00:00+00:00,2024-01-29,21:30:00,1706544000,147.667,147.738,147.585,147.652,8569,0,0
2024-01-29T20:00:00+00:00,2024-01-30,01:30:00,1706558400,147.649,147.649,147.255,147.472,6790,0,0
2024-01-30T00:00:00+00:00,2024-01-30,05:30:00,1706572800,147.489,147.489,147.195,147.397,9669,0,0
2024-01-30T04:00:00+00:00,2024-01-30,09:30:00,1706587200,147.397,147.409,147.159,147.225,8579,0,0
2024-01-30T08:00:00+00:00,2024-01-30,13:30:00,1706601600,147.228,147.554,147.207,147.38,12204,0,0
2024-01-30T12:00:00+00:00,2024-01-30,17:30:00,1706616000,147.382,147.894,147.099,147.848,17948,0,0
2024-01-30T16:00:00+00:00,2024-01-30,21:30:00,1706630400,147.848,147.929,147.582,147.605,9661,0,0
2024-01-30T20:00:00+00:00,2024-01-31,01:30:00,1706644800,147.605,147.67,147.297,147.297,4026,0,0
2024-01-31T00:00:00+00:00,2024-01-31,05:30:00,1706659200,147.338,147.75,147.192,147.734,11704,0,0
2024-01-31T04:00:00+00:00,2024-01-31,09:30:00,1706673600,147.735,147.902,147.579,147.657,8706,0,0
2024-01-31T08:00:00+00:00,2024-01-31,13:30:00,1706688000,147.659,147.884,147.403,147.846,13536,0,0
2024-01-31T12:00:00+00:00,2024-01-31,17:30:00,1706702400,147.844,147.884,146.14,146.183,32472,0,0
2024-01-31T16:00:00+00:00,2024-01-31,21:30:00,1706716800,146.186,146.874,146.017,146.38,36970,0,0
2024-01-31T20:00:00+00:00,2024-02-01,01:30:00,1706731200,146.382,147.449,146.304,146.992,22595,0,0
2024-02-01T00:00:00+00:00,2024-02-01,05:30:00,1706745600,147.01,147.084,146.476,146.707,15095,0,0
2024-02-01T04:00:00+00:00,2024-02-01,09:30:00,1706760000,146.707,147.051,146.621,146.806,12291,0,0
2024-02-01T08:00:00+00:00,2024-02-01,13:30:00,1706774400,146.809,146.914,146.592,146.841,17127,0,0
2024-02-01T12:00:00+00:00,2024-02-01,17:30:00,1706788800,146.844,147.116,146.247,146.312,30173,0,0
2024-02-01T16:00:00+00:00,2024-02-01,21:30:00,1706803200,146.314,146.482,145.896,146.271,22822,0,0
2024-02-01T20:00:00+00:00,2024-02-02,01:30:00,1706817600,146.274,146.497,146.199,146.444,5278,0,0
2024-02-02T00:00:00+00:00,2024-02-02,05:30:00,1706832000,146.463,146.495,146.245,146.382,10188,0,0
2024-02-02T04:00:00+00:00,2024-02-02,09:30:00,1706846400,146.383,146.638,146.318,146.623,9690,0,0
2024-02-02T08:00:00+00:00,2024-02-02,13:30:00,1706860800,146.626,146.801,146.463,146.532,10938,0,0
2024-02-02T12:00:00+00:00,2024-02-02,17:30:00,1706875200,146.53,148.346,146.511,148.278,32005,0,0
2024-02-02T16:00:00+00:00,2024-02-02,21:30:00,1706889600,148.278,148.587,148.197,148.33,12812,0,0
2024-02-02T20:00:00+00:00,2024-02-03,01:30:00,1706904000,148.33,148.393,148.249,148.36,3146,0,0
2024-02-04T20:00:00+00:00,2024-02-05,01:30:00,1707076800,148.393,148.652,148.322,148.465,2578,14,0
2024-02-05T00:00:00+00:00,2024-02-05,05:30:00,1707091200,148.514,148.824,148.355,148.403,14561,0,0
2024-02-05T04:00:00+00:00,2024-02-05,09:30:00,1707105600,148.406,148.505,148.269,148.478,10199,0,0
2024-02-05T08:00:00+00:00,2024-02-05,13:30:00,1707120000,148.479,148.607,148.308,148.436,11635,0,0
2024-02-05T12:00:00+00:00,2024-02-05,17:30:00,1707134400,148.433,148.876,148.396,148.876,17724,0,0
2024-02-05T16:00:00+00:00,2024-02-05,21:30:00,1707148800,148.873,148.895,148.506,148.7,8701,0,0
2024-02-05T20:00:00+00:00,2024-02-06,01:30:00,1707163200,148.702,148.767,148.571,148.64,3697,0,0
2024-02-06T00:00:00+00:00,2024-02-06,05:30:00,1707177600,148.666,148.675,148.465,148.631,8226,0,0
2024-02-06T04:00:00+00:00,2024-02-06,09:30:00,1707192000,148.632,148.632,148.362,148.515,9596,0,0
2024-02-06T08:00:00+00:00,2024-02-06,13:30:00,1707206400,148.514,148.791,148.493,148.684,9941,0,0
2024-02-06T12:00:00+00:00,2024-02-06,17:30:00,1707220800,148.687,148.788,148.0,148.093,17173,0,0
2024-02-06T16:00:00+00:00,2024-02-06,21:30:00,1707235200,148.096,148.192,147.823,147.966,13338,0,0
2024-02-06T20:00:00+00:00,2024-02-07,01:30:00,1707249600,147.963,147.966,147.726,147.813,4454,0,0
2024-02-07T00:00:00+00:00,2024-02-07,05:30:00,1707264000,147.822,147.993,147.711,147.902,9271,0,0
2024-02-07T04:00:00+00:00,2024-02-07,09:30:00,1707278400,147.904,148.066,147.75,147.824,8748,0,0
2024-02-07T08:00:00+00:00,2024-02-07,13:30:00,1707292800,147.822,148.158,147.814,148.086,10729,0,0
2024-02-07T12:00:00+00:00,2024-02-07,17:30:00,1707307200,148.085,148.26,147.619,147.947,20325,0,0
2024-02-07T16:00:00+00:00,2024-02-07,21:30:00,1707321600,147.95,148.192,147.878,148.134,11137,0,0
2024-02-07T20:00:00+00:00,2024-02-08,01:30:00,1707336000,148.137,148.198,147.927,148.076,4244,0,0
2024-02-08T00:00:00+00:00,2024-02-08,05:30:00,1707350400,148.09,148.406,147.934,148.354,11604,0,0
2024-02-08T04:00:00+00:00,2024-02-08,09:30:00,1707364800,148.354,148.81,148.329,148.735,9798,0,0
2024-02-08T08:00:00+00:00,2024-02-08,13:30:00,1707379200,148.732,149.252,148.649,149.163,12497,0,0
2024-02-08T12:00:00+00:00,2024-02-08,17:30:00,1707393600,149.161,149.481,149.088,149.433,17058,0,0
2024-02-08T16:00:00+00:00,2024-02-08,21:30:00,1707408000,149.432,149.458,149.126,149.388,10381,0,0
2024-02-08T20:00:00+00:00,2024-02-09,01:30:00,1707422400,149.39,149.394,149.217,149.266,4125,0,0
2024-02-09T00:00:00+00:00,2024-02-09,05:30:00,1707436800,149.266,149.493,149.239,149.437,8542,0,0
2024-02-09T04:00:00+00:00,2024-02-09,09:30:00,1707451200,149.434,149.468,149.217,149.399,7080,0,0
2024-02-09T08:00:00+00:00,2024-02-09,13:30:00,1707465600,149.398,149.576,149.263,149.4,11249,0,0
2024-02-09T12:00:00+00:00,2024-02-09,17:30:00,1707480000,149.399,149.539,149.011,149.326,21325,0,0
2024-02-09T16:00:00+00:00,2024-02-09,21:30:00,1707494400,149.325,149.416,149.276,149.354,7465,0,0
2024-02-09T20:00:00+00:00,2024-02-10,01:30:00,1707508800,149.354,149.367,149.215,149.262,2144,0,0
2024-02-11T20:00:00+00:00,2024-02-12,01:30:00,1707681600,149.263,149.284,149.07,149.17,1925,14,0
2024-02-12T00:00:00+00:00,2024-02-12,05:30:00,1707696000,149.183,149.252,149.111,149.25,6249,0,0
2024-02-12T04:00:00+00:00,2024-02-12,09:30:00,1707710400,149.25,149.255,149.048,149.098,6804,0,0
2024-02-12T08:00:00+00:00,2024-02-12,13:30:00,1707724800,149.098,149.197,148.99,149.025,10711,0,0
2024-02-12T12:00:00+00:00,2024-02-12,17:30:00,1707739200,149.025,149.478,148.926,149.46,11330,0,0
2024-02-12T16:00:00+00:00,2024-02-12,21:30:00,1707753600,149.46,149.48,149.238,149.413,7965,0,0
2024-02-12T20:00:00+00:00,2024-02-13,01:30:00,1707768000,149.413,149.414,149.229,149.386,3848,0,0
2024-02-13T00:00:00+00:00,2024-02-13,05:30:00,1707782400,149.406,149.535,149.284,149.531,7205,0,0
2024-02-13T04:00:00+00:00,2024-02-13,09:30:00,1707796800,149.534,149.655,149.448,149.588,7833,0,0
2024-02-13T08:00:00+00:00,2024-02-13,13:30:00,1707811200,149.589,149.694,149.376,149.379,9778,0,0
2024-02-13T12:00:00+00:00,2024-02-13,17:30:00,1707825600,149.377,150.608,149.212,150.593,25083,0,0
2024-02-13T16:00:00+00:00,2024-02-13,21:30:00,1707840000,150.593,150.887,150.513,150.87,8915,0,0
2024-02-13T20:00:00+00:00,2024-02-14,01:30:00,1707854400,150.872,150.879,150.443,150.718,4726,0,0
2024-02-14T00:00:00+00:00,2024-02-14,05:30:00,1707868800,150.726,150.78,150.499,150.52,10099,0,0
2024-02-14T04:00:00+00:00,2024-02-14,09:30:00,1707883200,150.52,150.556,150.344,150.454,9241,0,0
2024-02-14T08:00:00+00:00,2024-02-14,13:30:00,1707897600,150.451,150.684,150.399,150.577,11103,0,0
2024-02-14T12:00:00+00:00,2024-02-14,17:30:00,1707912000,150.58,150.754,150.491,150.618,14597,0,0
2024-02-14T16:00:00+00:00,2024-02-14,21:30:00,1707926400,150.616,150.622,150.351,150.561,8897,0,0
2024-02-14T20:00:00+00:00,2024-02-15,01:30:00,1707940800,150.56,150.613,150.334,150.542,4397,0,0
2024-02-15T00:00:00+00:00,2024-02-15,05:30:00,1707955200,150.559,150.559,150.143,150.274,10508,0,0
2024-02-15T04:00:00+00:00,2024-02-15,09:30:00,1707969600,150.273,150.273,150.054,150.204,8923,0,0
2024-02-15T08:00:00+00:00,2024-02-15,13:30:00,1707984000,150.204,150.22,149.923,150.074,9501,0,0
2024-02-15T12:00:00+00:00,2024-02-15,17:30:00,1707998400,150.075,150.137,149.536,150.054,20091,0,0
2024-02-15T16:00:00+00:00,2024-02-15,21:30:00,1708012800,150.056,150.249,149.856,149.957,10603,0,0
2024-02-15T20:00:00+00:00,2024-02-16,01:30:00,1708027200,149.958,150.01,149.799,149.936,3971,0,0
2024-02-16T00:00:00+00:00,2024-02-16,05:30:00,1708041600,149.963,150.368,149.928,150.312,9872,0,0
2024-02-16T04:00:00+00:00,2024-02-16,09:30:00,1708056000,150.312,150.35,150.14,150.235,8093,0,0
2024-02-16T08:00:00+00:00,2024-02-16,13:30:00,1708070400,150.234,150.309,150.144,150.178,8037,0,0
2024-02-16T12:00:00+00:00,2024-02-16,17:30:00,1708084800,150.179,150.647,150.113,150.245,17037,0,0
2024-02-16T16:00:00+00:00,2024-02-16,21:30:00,1708099200,150.242,150.396,150.087,150.233,9229,0,0
2024-02-16T20:00:00+00:00,2024-02-17,01:30:00,1708113600,150.235,150.287,150.144,150.198,2555,0,0
2024-02-18T20:00:00+00:00,2024-02-19,01:30:00,1708286400,150.188,150.2,150.024,150.126,1954,13,0
2024-02-19T00:00:00+00:00,2024-02-19,05:30:00,1708300800,150.155,150.155,149.877,149.938,8105,0,0
2024-02-19T04:00:00+00:00,2024-02-19,09:30:00,1708315200,149.937,150.043,149.932,149.978,5988,0,0
2024-02-19T08:00:00+00:00,2024-02-19,13:30:00,1708329600,149.975,150.006,149.894,149.988,6379,0,0
2024-02-19T12:00:00+00:00,2024-02-19,17:30:00,1708344000,149.989,150.165,149.938,150.162,7196,0,0
2024-02-19T16:00:00+00:00,2024-02-19,21:30:00,1708358400,150.162,150.193,150.133,150.138,2049,0,0
2024-02-19T20:00:00+00:00,2024-02-20,01:30:00,1708372800,150.138,150.282,150.081,150.235,2208,0,0
2024-02-20T00:00:00+00:00,2024-02-20,05:30:00,1708387200,150.273,150.371,150.194,150.323,8748,0,0
2024-02-20T04:00:00+00:00,2024-02-20,09:30:00,1708401600,150.324,150.441,150.29,150.36,6512,0,0
2024-02-20T08:00:00+00:00,2024-02-20,13:30:00,1708416000,150.359,150.389,150.108,150.229,9268,0,0
2024-02-20T12:00:00+00:00,2024-02-20,17:30:00,1708430400,150.226,150.228,149.683,149.785,13668,0,0
2024-02-20T16:00:00+00:00,2024-02-20,21:30:00,1708444800,149.786,150.032,149.742,150.021,8255,0,0
2024-02-20T20:00:00+00:00,2024-02-21,01:30:00,1708459200,150.022,150.071,149.869,149.95,4241,0,0
2024-02-21T00:00:00+00:00,2024-02-21,05:30:00,1708473600,149.968,150.095,149.855,149.873,7882,0,0
2024-02-21T04:00:00+00:00,2024-02-21,09:30:00,1708488000,149.874,150.153,149.869,150.146,7167,0,0
2024-02-21T08:00:00+00:00,2024-02-21,13:30:00,1708502400,150.149,150.19,149.98,150.069,7425,0,0
2024-02-21T12:00:00+00:00,2024-02-21,17:30:00,1708516800,150.068,150.263,149.934,150.251,10554,0,0
2024-02-21T16:00:00+00:00,2024-02-21,21:30:00,1708531200,150.249,150.395,150.132,150.201,10848,0,0
2024-02-21T20:00:00+00:00,2024-02-22,01:30:00,1708545600,150.2,150.362,150.105,150.324,4953,0,0
2024-02-22T00:00:00+00:00,2024-02-22,05:30:00,1708560000,150.343,150.463,150.299,150.427,7887,0,0
2024-02-22T04:00:00+00:00,2024-02-22,09:30:00,1708574400,150.429,150.455,150.083,150.135,8489,0,0
2024-02-22T08:00:00+00:00,2024-02-22,13:30:00,1708588800,150.132,150.29,150.017,150.219,10856,0,0
2024-02-22T12:00:00+00:00,2024-02-22,17:30:00,1708603200,150.217,150.646,150.207,150.505,15771,0,0
2024-02-22T16:00:00+00:00,2024-02-22,21:30:00,1708617600,150.504,150.689,150.477,150.556,8667,0,0
2024-02-22T20:00:00+00:00,2024-02-23,01:30:00,1708632000,150.553,150.573,150.424,150.468,4098,0,0
2024-02-23T00:00:00+00:00,2024-02-23,05:30:00,1708646400,150.477,150.56,150.373,150.484,6581,0,0
2024-02-23T04:00:00+00:00,2024-02-23,09:30:00,1708660800,150.484,150.651,150.46,150.559,5486,0,0
2024-02-23T08:00:00+00:00,2024-02-23,13:30:00,1708675200,150.559,150.772,150.526,150.657,7494,0,0
2024-02-23T12:00:00+00:00,2024-02-23,17:30:00,1708689600,150.656,150.656,150.322,150.53,12025,0,0
2024-02-23T16:00:00+00:00,2024-02-23,21:30:00,1708704000,150.529,150.538,150.295,150.46,7711,0,0
2024-02-23T20:00:00+00:00,2024-02-24,01:30:00,1708718400,150.459,150.537,150.44,150.532,2339,0,0
2024-02-25T20:00:00+00:00,2024-02-26,01:30:00,1708891200,150.389,150.544,150.299,150.483,2010,13,0
2024-02-26T00:00:00+00:00,2024-02-26,05:30:00,1708905600,150.501,150.501,150.294,150.477,7499,0,0
2024-02-26T04:00:00+00:00,2024-02-26,09:30:00,1708920000,150.477,150.52,150.367,150.455,6709,0,0
2024-02-26T08:00:00+00:00,2024-02-26,13:30:00,1708934400,150.452,150.699,150.407,150.688,7120,0,0
2024-02-26T12:00:00+00:00,2024-02-26,17:30:00,1708948800,150.688,150.809,150.525,150.748,11157,0,0
2024-02-26T16:00:00+00:00,2024-02-26,21:30:00,1708963200,150.748,150.84,150.724,150.768,8028,0,0
2024-02-26T20:00:00+00:00,2024-02-27,01:30:00,1708977600,150.765,150.765,150.488,150.555,4179,0,0
2024-02-27T00:00:00+00:00,2024-02-27,05:30:00,1708992000,150.577,150.611,150.423,150.423,6213,0,0
2024-02-27T04:00:00+00:00,2024-02-27,09:30:00,1709006400,150.422,150.539,150.322,150.354,5482,0,0
2024-02-27T08:00:00+00:00,2024-02-27,13:30:00,1709020800,150.356,150.379,150.116,150.314,8008,0,0
2024-02-27T12:00:00+00:00,2024-02-27,17:30:00,1709035200,150.312,150.55,150.076,150.437,12059,0,0
2024-02-27T16:00:00+00:00,2024-02-27,21:30:00,1709049600,150.437,150.584,150.299,150.53,8497,0,0
2024-02-27T20:00:00+00:00,2024-02-28,01:30:00,1709064000,150.53,150.537,150.403,150.486,3116,0,0
2024-02-28T00:00:00+00:00,2024-02-28,05:30:00,1709078400,150.516,150.543,150.373,150.531,7261,0,0
2024-02-28T04:00:00+00:00,2024-02-28,09:30:00,1709092800,150.532,150.752,150.516,150.742,6403,0,0
2024-02-28T08:00:00+00:00,2024-02-28,13:30:00,1709107200,150.741,150.8,150.612,150.634,7390,0,0
2024-02-28T12:00:00+00:00,2024-02-28,17:30:00,1709121600,150.636,150.846,150.533,150.812,12338,0,0
2024-02-28T16:00:00+00:00,2024-02-28,21:30:00,1709136000,150.812,150.816,150.642,150.699,7872,0,0
2024-02-28T20:00:00+00:00,2024-02-29,01:30:00,1709150400,150.697,150.724,150.486,150.65,4264,0,0
2024-02-29T00:00:00+00:00,2024-02-29,05:30:00,1709164800,150.662,150.662,149.713,149.815,12168,0,0
2024-02-29T04:00:00+00:00,2024-02-29,09:30:00,1709179200,149.816,150.108,149.622,149.666,11867,0,0
2024-02-29T08:00:00+00:00,2024-02-29,13:30:00,1709193600,149.669,150.105,149.612,149.973,11762,0,0
2024-02-29T12:00:00+00:00,2024-02-29,17:30:00,1709208000,149.973,150.151,149.21,149.643,17595,0,0
2024-02-29T16:00:00+00:00,2024-02-29,21:30:00,1709222400,149.641,150.048,149.636,149.968,10969,0,0
2024-02-29T20:00:00+00:00,2024-03-01,01:30:00,1709236800,149.965,150.159,149.881,150.074,4649,0,0
2024-03-01T00:00:00+00:00,2024-03-01,05:30:00,1709251200,150.068,150.415,150.061,150.325,8904,0,0
2024-03-01T04:00:00+00:00,2024-03-01,09:30:00,1709265600,150.325,150.501,150.325,150.497,6221,0,0
2024-03-01T08:00:00+00:00,2024-03-01,13:30:00,1709280000,150.497,150.69,150.309,150.395,10809,0,0
2024-03-01T12:00:00+00:00,2024-03-01,17:30:00,1709294400,150.392,150.723,150.085,150.124,17648,0,0
2024-03-01T16:00:00+00:00,2024-03-01,21:30:00,1709308800,150.124,150.269,150.055,150.115,10067,0,0
2024-03-01T20:00:00+00:00,2024-03-02,01:30:00,1709323200,150.115,150.163,150.068,150.103,2229,0,0
2024-03-03T20:00:00+00:00,2024-03-04,01:30:00,1709496000,150.032,150.148,149.983,150.134,1766,14,0
2024-03-04T00:00:00+00:00,2024-03-04,05:30:00,1709510400,150.131,150.213,149.841,150.162,7937,0,0
2024-03-04T04:00:00+00:00,2024-03-04,09:30:00,1709524800,150.162,150.4,150.143,150.311,6001,0,0
2024-03-04T08:00:00+00:00,2024-03-04,13:30:00,1709539200,150.308,150.468,150.174,150.423,8266,0,0
2024-03-04T12:00:00+00:00,2024-03-04,17:30:00,1709553600,150.423,150.571,150.314,150.484,9307,0,0
2024-03-04T16:00:00+00:00,2024-03-04,21:30:00,1709568000,150.485,150.565,150.433,150.552,5960,0,0
2024-03-04T20:00:00+00:00,2024-03-05,01:30:00,1709582400,150.554,150.559,150.358,150.453,3400,0,0
2024-03-05T00:00:00+00:00,2024-03-05,05:30:00,1709596800,150.457,150.54,150.355,150.5,6598,0,0
2024-03-05T04:00:00+00:00,2024-03-05,09:30:00,1709611200,150.498,150.547,150.347,150.42,5811,0,0
2024-03-05T08:00:00+00:00,2024-03-05,13:30:00,1709625600,150.42,150.488,150.344,150.42,6823,0,0
2024-03-05T12:00:00+00:00,2024-03-05,17:30:00,1709640000,150.42,150.442,149.703,149.985,15554,0,0
2024-03-05T16:00:00+00:00,2024-03-05,21:30:00,1709654400,149.984,150.228,149.929,149.939,9285,0,0
2024-03-05T20:00:00+00:00,2024-03-06,01:30:00,1709668800,149.936,150.062,149.794,150.018,4661,0,0
2024-03-06T00:00:00+00:00,2024-03-06,05:30:00,1709683200,150.054,150.085,149.895,149.98,6914,0,0
2024-03-06T04:00:00+00:00,2024-03-06,09:30:00,1709697600,149.98,150.023,149.323,149.534,9289,0,0
2024-03-06T08:00:00+00:00,2024-03-06,13:30:00,1709712000,149.538,149.864,149.53,149.714,9864,0,0
2024-03-06T12:00:00+00:00,2024-03-06,17:30:00,1709726400,149.714,149.745,149.261,149.368,18288,0,0
2024-03-06T16:00:00+00:00,2024-03-06,21:30:00,1709740800,149.37,149.449,149.095,149.344,12349,0,0
2024-03-06T20:00:00+00:00,2024-03-07,01:30:00,1709755200,149.346,149.472,149.162,149.256,4729,0,0
2024-03-07T00:00:00+00:00,2024-03-07,05:30:00,1709769600,149.267,149.267,148.561,148.669,15891,0,0
2024-03-07T04:00:00+00:00,2024-03-07,09:30:00,1709784000,148.67,148.684,147.937,147.943,14142,0,0
2024-03-07T08:00:00+00:00,2024-03-07,13:30:00,1709798400,147.946,148.11,147.77,147.84,12845,0,0
2024-03-07T12:00:00+00:00,2024-03-07,17:30:00,1709812800,147.838,148.301,147.583,148.139,20190,0,0
2024-03-07T16:00:00+00:00,2024-03-07,21:30:00,1709827200,148.137,148.238,147.891,148.004,12123,0,0
2024-03-07T20:00:00+00:00,2024-03-08,01:30:00,1709841600,148.007,148.11,147.77,147.854,3922,0,0
2024-03-08T00:00:00+00:00,2024-03-08,05:30:00,1709856000,147.867,148.12,147.522,147.816,12356,0,0
2024-03-08T04:00:00+00:00,2024-03-08,09:30:00,1709870400,147.815,148.048,147.775,147.883,10091,0,0
2024-03-08T08:00:00+00:00,2024-03-08,13:30:00,1709884800,147.883,147.969,146.873,147.097,19227,0,0
2024-03-08T12:00:00+00:00,2024-03-08,17:30:00,1709899200,147.099,147.496,146.481,147.034,28634,0,0
2024-03-08T16:00:00+00:00,2024-03-08,21:30:00,1709913600,147.034,147.259,146.992,147.048,13154,0,0
2024-03-08T20:00:00+00:00,2024-03-09,01:30:00,1709928000,147.048,147.106,147.009,147.068,2462,0,0
2024-03-10T20:00:00+00:00,2024-03-11,01:30:00,1710100800,147.004,147.12,146.709,146.804,4736,0,0
2024-03-11T00:00:00+00:00,2024-03-11,05:30:00,1710115200,146.798,147.092,146.537,146.939,12633,0,0
2024-03-11T04:00:00+00:00,2024-03-11,09:30:00,1710129600,146.938,147.085,146.732,146.749,8920,0,0
2024-03-11T08:00:00+00:00,2024-03-11,13:30:00,1710144000,146.751,146.859,146.487,146.645,10884,0,0
2024-03-11T12:00:00+00:00,2024-03-11,17:30:00,1710158400,146.648,147.15,146.619,146.862,13104,0,0
2024-03-11T16:00:00+00:00,2024-03-11,21:30:00,1710172800,146.862,147.055,146.745,146.972,8333,0,0
2024-03-11T20:00:00+00:00,2024-03-12,01:30:00,1710187200,146.963,146.973,146.72,146.735,4351,0,0
2024-03-12T00:00:00+00:00,2024-03-12,05:30:00,1710201600,146.736,147.437,146.62,147.39,11874,0,0
2024-03-12T04:00:00+00:00,2024-03-12,09:30:00,1710216000,147.392,147.6,147.211,147.334,12566,0,0
2024-03-12T08:00:00+00:00,2024-03-12,13:30:00,1710230400,147.337,147.573,147.282,147.436,9470,0,0
2024-03-12T12:00:00+00:00,2024-03-12,17:30:00,1710244800,147.439,148.174,147.069,147.698,27324,0,0
2024-03-12T16:00:00+00:00,2024-03-12,21:30:00,1710259200,147.696,147.799,147.643,147.675,7554,0,0
2024-03-12T20:00:00+00:00,2024-03-13,01:30:00,1710273600,147.677,147.689,147.548,147.647,3460,0,0
2024-03-13T00:00:00+00:00,2024-03-13,05:30:00,1710288000,147.623,147.638,147.233,147.383,10408,0,0
2024-03-13T04:00:00+00:00,2024-03-13,09:30:00,1710302400,147.384,147.791,147.375,147.679,9818,0,0
2024-03-13T08:00:00+00:00,2024-03-13,13:30:00,1710316800,147.678,148.049,147.644,147.972,10232,0,0
2024-03-13T12:00:00+00:00,2024-03-13,17:30:00,1710331200,147.974,148.017,147.686,147.737,10706,0,0
2024-03-13T16:00:00+00:00,2024-03-13,21:30:00,1710345600,147.739,147.859,147.46,147.832,10138,0,0
2024-03-13T20:00:00+00:00,2024-03-14,01:30:00,1710360000,147.805,147.84,147.491,147.638,3730,0,0
2024-03-14T00:00:00+00:00,2024-03-14,05:30:00,1710374400,147.592,147.928,147.531,147.857,8623,0,0
2024-03-14T04:00:00+00:00,2024-03-14,09:30:00,1710388800,147.858,147.975,147.816,147.869,6895,0,0
2024-03-14T08:00:00+00:00,2024-03-14,13:30:00,1710403200,147.872,147.917,147.671,147.7,7503,0,0
2024-03-14T12:00:00+00:00,2024-03-14,17:30:00,1710417600,147.697,148.322,147.434,148.194,27924,0,0
2024-03-14T16:00:00+00:00,2024-03-14,21:30:00,1710432000,148.192,148.36,148.102,148.222,8145,0,0
2024-03-14T20:00:00+00:00,2024-03-15,01:30:00,1710446400,148.207,148.337,148.189,148.302,3300,0,0
2024-03-15T00:00:00+00:00,2024-03-15,05:30:00,1710460800,148.303,148.658,148.269,148.378,9908,0,0
2024-03-15T04:00:00+00:00,2024-03-15,09:30:00,1710475200,148.377,148.604,148.035,148.571,11066,0,0
2024-03-15T08:00:00+00:00,2024-03-15,13:30:00,1710489600,148.573,148.834,148.573,148.65,10074,0,0
2024-03-15T12:00:00+00:00,2024-03-15,17:30:00,1710504000,148.65,149.145,148.622,149.139,12638,0,0
2024-03-15T16:00:00+00:00,2024-03-15,21:30:00,1710518400,149.14,149.167,148.978,149.066,6495,0,0
2024-03-15T20:00:00+00:00,2024-03-16,01:30:00,1710532800,149.056,149.095,149.02,149.054,918,14,0
2024-03-17T20:00:00+00:00,2024-03-18,01:30:00,1710705600,148.982,149.077,148.919,148.958,3076,0,0
2024-03-18T00:00:00+00:00,2024-03-18,05:30:00,1710720000,148.953,149.331,148.909,149.092,8841,0,0
2024-03-18T04:00:00+00:00,2024-03-18,09:30:00,1710734400,149.092,149.311,149.068,149.125,7111,0,0
2024-03-18T08:00:00+00:00,2024-03-18,13:30:00,1710748800,149.122,149.248,149.019,149.032,7566,0,0
2024-03-18T12:00:00+00:00,2024-03-18,17:30:00,1710763200,149.031,149.302,149.011,149.135,9120,0,0
2024-03-18T16:00:00+00:00,2024-03-18,21:30:00,1710777600,149.136,149.214,148.92,149.182,7864,0,0
2024-03-18T20:00:00+00:00,2024-03-19,01:30:00,1710792000,149.173,149.181,149.011,149.162,3501,0,0
2024-03-19T00:00:00+00:00,2024-03-19,05:30:00,1710806400,149.155,149.93,149.004,149.703,19247,0,0
2024-03-19T04:00:00+00:00,2024-03-19,09:30:00,1710820800,149.706,150.488,149.671,150.259,27267,0,0
2024-03-19T08:00:00+00:00,2024-03-19,13:30:00,1710835200,150.26,150.702,150.2,150.392,13847,0,0
2024-03-19T12:00:00+00:00,2024-03-19,17:30:00,1710849600,150.389,150.855,150.347,150.735,10956,0,0
2024-03-19T16:00:00+00:00,2024-03-19,21:30:00,1710864000,150.735,150.964,150.712,150.886,6059,0,0
2024-03-19T20:00:00+00:00,2024-03-20,01:30:00,1710878400,150.883,151.068,150.743,151.05,3786,0,0
2024-03-20T00:00:00+00:00,2024-03-20,05:30:00,1710892800,151.024,151.346,151.002,151.316,9098,0,0
2024-03-20T04:00:00+00:00,2024-03-20,09:30:00,1710907200,151.316,151.586,151.315,151.487,8789,0,0
2024-03-20T08:00:00+00:00,2024-03-20,13:30:00,1710921600,151.488,151.766,151.424,151.709,8298,0,0
2024-03-20T12:00:00+00:00,2024-03-20,17:30:00,1710936000,151.708,151.82,151.533,151.663,8330,0,0
2024-03-20T16:00:00+00:00,2024-03-20,21:30:00,1710950400,151.66,151.709,150.72,151.195,30872,0,0
2024-03-20T20:00:00+00:00,2024-03-21,01:30:00,1710964800,151.203,151.39,150.683,150.743,7564,0,0
2024-03-21T00:00:00+00:00,2024-03-21,05:30:00,1710979200,150.742,150.871,150.266,150.489,16210,0,0
2024-03-21T04:00:00+00:00,2024-03-21,09:30:00,1710993600,150.49,151.227,150.45,151.22,11292,0,0
2024-03-21T08:00:00+00:00,2024-03-21,13:30:00,1711008000,151.221,151.46,150.872,151.112,14683,0,0
2024-03-21T12:00:00+00:00,2024-03-21,17:30:00,1711022400,151.11,151.672,151.015,151.593,15763,0,0
2024-03-21T16:00:00+00:00,2024-03-21,21:30:00,1711036800,151.59,151.756,151.572,151.684,6014,0,0
2024-03-21T20:00:00+00:00,2024-03-22,01:30:00,1711051200,151.665,151.702,151.53,151.647,3535,0,0
2024-03-22T00:00:00+00:00,2024-03-22,05:30:00,1711065600,151.632,151.865,151.419,151.569,12649,0,0
2024-03-22T04:00:00+00:00,2024-03-22,09:30:00,1711080000,151.568,151.606,151.261,151.416,9526,0,0
2024-03-22T08:00:00+00:00,2024-03-22,13:30:00,1711094400,151.417,151.653,151.303,151.468,9259,0,0
2024-03-22T12:00:00+00:00,2024-03-22,17:30:00,1711108800,151.465,151.494,151.004,151.351,16164,0,0
2024-03-22T16:00:00+00:00,2024-03-22,21:30:00,1711123200,151.35,151.485,151.333,151.422,5867,0,0
2024-03-22T20:00:00+00:00,2024-03-23,01:30:00,1711137600,151.421,151.445,151.326,151.442,865,13,0
2024-03-24T20:00:00+00:00,2024-03-25,01:30:00,1711310400,151.384,151.429,151.087,151.323,3510,0,0
2024-03-25T00:00:00+00:00,2024-03-25,05:30:00,1711324800,151.31,151.428,151.053,151.234,12621,0,0
2024-03-25T04:00:00+00:00,2024-03-25,09:30:00,1711339200,151.233,151.389,151.172,151.324,6935,0,0
2024-03-25T08:00:00+00:00,2024-03-25,13:30:00,1711353600,151.324,151.442,151.224,151.297,7314,0,0
2024-03-25T12:00:00+00:00,2024-03-25,17:30:00,1711368000,151.297,151.433,151.127,151.421,6926,0,0
2024-03-25T16:00:00+00:00,2024-03-25,21:30:00,1711382400,151.422,151.546,151.418,151.442,4453,0,0
2024-03-25T20:00:00+00:00,2024-03-26,01:30:00,1711396800,151.437,151.459,151.322,151.388,2442,0,0
2024-03-26T00:00:00+00:00,2024-03-26,05:30:00,1711411200,151.381,151.448,151.222,151.407,7012,0,0
2024-03-26T04:00:00+00:00,2024-03-26,09:30:00,1711425600,151.407,151.426,151.264,151.318,4953,0,0
2024-03-26T08:00:00+00:00,2024-03-26,13:30:00,1711440000,151.32,151.392,151.205,151.388,6101,0,0
2024-03-26T12:00:00+00:00,2024-03-26,17:30:00,1711454400,151.388,151.604,151.3,151.581,7237,0,0
2024-03-26T16:00:00+00:00,2024-03-26,21:30:00,1711468800,151.581,151.586,151.445,151.577,4972,0,0
2024-03-26T20:00:00+00:00,2024-03-27,01:30:00,1711483200,151.569,151.577,151.476,151.538,2544,0,0
2024-03-27T00:00:00+00:00,2024-03-27,05:30:00,1711497600,151.524,151.973,151.45,151.703,11461,0,0
2024-03-27T04:00:00+00:00,2024-03-27,09:30:00,1711512000,151.703,151.81,151.592,151.706,6927,0,0
2024-03-27T08:00:00+00:00,2024-03-27,13:30:00,1711526400,151.708,151.84,151.027,151.23,18062,0,0
2024-03-27T12:00:00+00:00,2024-03-27,17:30:00,1711540800,151.233,151.381,151.167,151.345,9046,0,0
2024-03-27T16:00:00+00:00,2024-03-27,21:30:00,1711555200,151.346,151.426,151.282,151.312,4775,0,0
2024-03-27T20:00:00+00:00,2024-03-28,01:30:00,1711569600,151.295,151.385,151.089,151.298,3998,0,0
2024-03-28T00:00:00+00:00,2024-03-28,05:30:00,1711584000,151.297,151.546,151.258,151.362,7526,0,0
2024-03-28T04:00:00+00:00,2024-03-28,09:30:00,1711598400,151.361,151.452,151.252,151.436,5165,0,0
2024-03-28T08:00:00+00:00,2024-03-28,13:30:00,1711612800,151.437,151.506,151.334,151.369,6498,0,0
2024-03-28T12:00:00+00:00,2024-03-28,17:30:00,1711627200,151.371,151.406,151.152,151.342,11689,0,0
2024-03-28T16:00:00+00:00,2024-03-28,21:30:00,1711641600,151.342,151.424,151.245,151.386,5662,0,0
2024-03-28T20:00:00+00:00,2024-03-29,01:30:00,1711656000,151.374,151.471,151.333,151.447,3214,0,0
2024-03-29T00:00:00+00:00,2024-03-29,05:30:00,1711670400,151.447,151.5,151.189,151.293,5656,0,0
2024-03-29T04:00:00+00:00,2024-03-29,09:30:00,1711684800,151.293,151.476,151.269,151.346,4794,0,0
2024-03-29T08:00:00+00:00,2024-03-29,13:30:00,1711699200,151.346,151.367,151.284,151.347,2681,0,0
2024-03-29T12:00:00+00:00,2024-03-29,17:30:00,1711713600,151.347,151.363,151.147,151.218,3884,12,0
2024-03-29T16:00:00+00:00,2024-03-29,21:30:00,1711728000,151.221,151.374,151.212,151.262,2777,46,0
2024-03-29T20:00:00+00:00,2024-03-30,01:30:00,1711742400,151.231,151.255,151.051,151.192,1213,206,0
2024-03-31T20:00:00+00:00,2024-04-01,01:30:00,1711915200,151.175,151.431,151.175,151.424,3295,0,0
2024-04-01T00:00:00+00:00,2024-04-01,05:30:00,1711929600,151.402,151.432,151.249,151.349,6761,0,0
2024-04-01T04:00:00+00:00,2024-04-01,09:30:00,1711944000,151.349,151.411,151.304,151.342,4209,0,0
2024-04-01T08:00:00+00:00,2024-04-01,13:30:00,1711958400,151.345,151.403,151.328,151.391,2909,0,0
2024-04-01T12:00:00+00:00,2024-04-01,17:30:00,1711972800,151.389,151.774,151.387,151.723,8171,0,0
2024-04-01T16:00:00+00:00,2024-04-01,21:30:00,1711987200,151.723,151.742,151.578,151.644,3814,0,0
2024-04-01T20:00:00+00:00,2024-04-02,01:30:00,1712001600,151.639,151.676,151.561,151.59,2650,0,0
2024-04-02T00:00:00+00:00,2024-04-02,05:30:00,1712016000,151.599,151.787,151.504,151.762,6183,0,0
2024-04-02T04:00:00+00:00,2024-04-02,09:30:00,1712030400,151.762,151.807,151.662,151.677,5094,0,0
2024-04-02T08:00:00+00:00,2024-04-02,13:30:00,1712044800,151.678,151.718,151.557,151.656,4952,0,0
2024-04-02T12:00:00+00:00,2024-04-02,17:30:00,1712059200,151.656,151.718,151.463,151.553,8945,0,0
2024-04-02T16:00:00+00:00,2024-04-02,21:30:00,1712073600,151.553,151.619,151.54,151.563,3178,0,0
2024-04-02T20:00:00+00:00,2024-04-03,01:30:00,1712088000,151.559,151.594,151.463,151.553,2524,0,0
2024-04-03T00:00:00+00:00,2024-04-03,05:30:00,1712102400,151.545,151.642,151.443,151.565,5251,0,0
2024-04-03T04:00:00+00:00,2024-04-03,09:30:00,1712116800,151.562,151.737,151.535,151.68,4115,0,0
2024-04-03T08:00:00+00:00,2024-04-03,13:30:00,1712131200,151.68,151.801,151.68,151.773,4170,0,0
2024-04-03T12:00:00+00:00,2024-04-03,17:30:00,1712145600,151.773,151.955,151.65,151.681,11092,0,0
2024-04-03T16:00:00+00:00,2024-04-03,21:30:00,1712160000,151.681,151.764,151.579,151.671,4990,0,0
2024-04-03T20:00:00+00:00,2024-04-04,01:30:00,1712174400,151.67,151.693,151.51,151.58,2550,0,0
2024-04-04T00:00:00+00:00,2024-04-04,05:30:00,1712188800,151.583,151.726,151.54,151.674,4774,0,0
2024-04-04T04:00:00+00:00,2024-04-04,09:30:00,1712203200,151.677,151.758,151.598,151.687,4262,0,0
2024-04-04T08:00:00+00:00,2024-04-04,13:30:00,1712217600,151.687,151.762,151.613,151.743,4201,0,0
2024-04-04T12:00:00+00:00,2024-04-04,17:30:00,1712232000,151.74,151.771,151.504,151.663,6958,0,0
2024-04-04T16:00:00+00:00,2024-04-04,21:30:00,1712246400,151.663,151.688,151.12,151.222,9858,0,0
2024-04-04T20:00:00+00:00,2024-04-05,01:30:00,1712260800,151.219,151.341,151.167,151.298,3951,0,0
2024-04-05T00:00:00+00:00,2024-04-05,05:30:00,1712275200,151.295,151.341,150.813,151.265,11496,0,0
2024-04-05T04:00:00+00:00,2024-04-05,09:30:00,1712289600,151.265,151.356,151.095,151.337,6360,0,0
2024-04-05T08:00:00+00:00,2024-04-05,13:30:00,1712304000,151.338,151.452,151.309,151.378,5285,0,0
2024-04-05T12:00:00+00:00,2024-04-05,17:30:00,1712318400,151.378,151.753,151.275,151.591,14041,0,0
2024-04-05T16:00:00+00:00,2024-04-05,21:30:00,1712332800,151.591,151.651,151.53,151.645,4608,0,0
2024-04-05T20:00:00+00:00,2024-04-06,01:30:00,1712347200,151.639,151.644,151.599,151.621,549,13,0
2024-04-07T20:00:00+00:00,2024-04-08,01:30:00,1712520000,151.568,151.696,151.517,151.695,2713,0,0
2024-04-08T00:00:00+00:00,2024-04-08,05:30:00,1712534400,151.679,151.817,151.673,151.77,6719,0,0
2024-04-08T04:00:00+00:00,2024-04-08,09:30:00,1712548800,151.77,151.878,151.755,151.869,4587,0,0
2024-04-08T08:00:00+00:00,2024-04-08,13:30:00,1712563200,151.871,151.924,151.827,151.919,4463,0,0
2024-04-08T12:00:00+00:00,2024-04-08,17:30:00,1712577600,151.919,151.945,151.721,151.787,7041,0,0
2024-04-08T16:00:00+00:00,2024-04-08,21:30:00,1712592000,151.786,151.846,151.72,151.833,3490,0,0
2024-04-08T20:00:00+00:00,2024-04-09,01:30:00,1712606400,151.827,151.856,151.741,151.84,2357,0,0
2024-04-09T00:00:00+00:00,2024-04-09,05:30:00,1712620800,151.834,151.924,151.791,151.859,5199,0,0
2024-04-09T04:00:00+00:00,2024-04-09,09:30:00,1712635200,151.859,151.937,151.849,151.905,3769,0,0
2024-04-09T08:00:00+00:00,2024-04-09,13:30:00,1712649600,151.905,151.914,151.729,151.829,5520,0,0
2024-04-09T12:00:00+00:00,2024-04-09,17:30:00,1712664000,151.828,151.845,151.572,151.731,8262,0,0
2024-04-09T16:00:00+00:00,2024-04-09,21:30:00,1712678400,151.731,151.79,151.657,151.739,4391,0,0
2024-04-09T20:00:00+00:00,2024-04-10,01:30:00,1712692800,151.731,151.785,151.684,151.785,2480,0,0
2024-04-10T00:00:00+00:00,2024-04-10,05:30:00,1712707200,151.778,151.786,151.682,151.757,5777,0,0
2024-04-10T04:00:00+00:00,2024-04-10,09:30:00,1712721600,151.755,151.848,151.747,151.842,3553,0,0
2024-04-10T08:00:00+00:00,2024-04-10,13:30:00,1712736000,151.841,151.887,151.811,151.842,3481,0,0
2024-04-10T12:00:00+00:00,2024-04-10,17:30:00,1712750400,151.843,152.947,151.769,152.9,24400,0,0
2024-04-10T16:00:00+00:00,2024-04-10,21:30:00,1712764800,152.903,152.986,152.643,152.949,11008,0,0
2024-04-10T20:00:00+00:00,2024-04-11,01:30:00,1712779200,152.945,153.178,152.809,152.966,5671,0,0
2024-04-11T00:00:00+00:00,2024-04-11,05:30:00,1712793600,152.952,153.006,152.76,152.947,8872,0,0
2024-04-11T04:00:00+00:00,2024-04-11,09:30:00,1712808000,152.949,153.208,152.867,153.135,7321,0,0
2024-04-11T08:00:00+00:00,2024-04-11,13:30:00,1712822400,153.133,153.293,153.027,153.088,8368,0,0
2024-04-11T12:00:00+00:00,2024-04-11,17:30:00,1712836800,153.088,153.321,152.797,153.194,16153,0,0
2024-04-11T16:00:00+00:00,2024-04-11,21:30:00,1712851200,153.194,153.304,153.089,153.201,7309,0,0
2024-04-11T20:00:00+00:00,2024-04-12,01:30:00,1712865600,153.186,153.275,153.151,153.209,2829,0,0
2024-04-12T00:00:00+00:00,2024-04-12,05:30:00,1712880000,153.196,153.303,152.964,153.207,7464,0,0
2024-04-12T04:00:00+00:00,2024-04-12,09:30:00,1712894400,153.207,153.386,153.131,153.249,6893,0,0
2024-04-12T08:00:00+00:00,2024-04-12,13:30:00,1712908800,153.248,153.353,153.156,153.164,6493,0,0
2024-04-12T12:00:00+00:00,2024-04-12,17:30:00,1712923200,153.164,153.187,152.593,153.121,17974,0,0
2024-04-12T16:00:00+00:00,2024-04-12,21:30:00,1712937600,153.119,153.248,153.05,153.236,7230,0,0
2024-04-12T20:00:00+00:00,2024-04-13,01:30:00,1712952000,153.228,153.302,153.189,153.269,839,13,0
2024-04-14T20:00:00+00:00,2024-04-15,01:30:00,1713124800,152.982,153.325,152.864,153.304,4050,0,0
2024-04-15T00:00:00+00:00,2024-04-15,05:30:00,1713139200,153.307,153.744,153.281,153.674,8417,0,0
2024-04-15T04:00:00+00:00,2024-04-15,09:30:00,1713153600,153.673,153.973,153.666,153.906,8254,0,0
2024-04-15T08:00:00+00:00,2024-04-15,13:30:00,1713168000,153.906,153.952,153.699,153.912,8458,0,0
2024-04-15T12:00:00+00:00,2024-04-15,17:30:00,1713182400,153.912,154.445,153.861,154.259,19830,0,0
2024-04-15T16:00:00+00:00,2024-04-15,21:30:00,1713196800,154.258,154.325,154.116,154.222,8827,0,0
2024-04-15T20:00:00+00:00,2024-04-16,01:30:00,1713211200,154.216,154.267,154.125,154.228,3285,0,0
2024-04-16T00:00:00+00:00,2024-04-16,05:30:00,1713225600,154.217,154.421,154.134,154.353,7973,0,0
2024-04-16T04:00:00+00:00,2024-04-16,09:30:00,1713240000,154.353,154.607,154.235,154.392,7739,0,0
2024-04-16T08:00:00+00:00,2024-04-16,13:30:00,1713254400,154.394,154.708,154.377,154.621,7302,0,0
2024-04-16T12:00:00+00:00,2024-04-16,17:30:00,1713268800,154.621,154.77,153.899,154.574,19755,0,0
2024-04-16T16:00:00+00:00,2024-04-16,21:30:00,1713283200,154.574,154.787,154.538,154.627,8733,0,0
2024-04-16T20:00:00+00:00,2024-04-17,01:30:00,1713297600,154.618,154.723,154.596,154.712,3218,0,0
2024-04-17T00:00:00+00:00,2024-04-17,05:30:00,1713312000,154.699,154.735,154.601,154.648,4979,0,0
2024-04-17T04:00:00+00:00,2024-04-17,09:30:00,1713326400,154.648,154.679,154.456,154.612,7009,0,0
2024-04-17T08:00:00+00:00,2024-04-17,13:30:00,1713340800,154.614,154.659,154.472,154.63,6070,0,0
2024-04-17T12:00:00+00:00,2024-04-17,17:30:00,1713355200,154.631,154.712,154.529,154.616,7462,0,0
2024-04-17T16:00:00+00:00,2024-04-17,21:30:00,1713369600,154.616,154.616,154.161,154.332,11749,0,0
2024-04-17T20:00:00+00:00,2024-04-18,01:30:00,1713384000,154.323,154.39,154.168,154.361,3698,0,0
2024-04-18T00:00:00+00:00,2024-04-18,05:30:00,1713398400,154.337,154.409,153.957,154.239,9828,0,0
2024-04-18T04:00:00+00:00,2024-04-18,09:30:00,1713412800,154.239,154.357,154.068,154.267,6670,0,0
2024-04-18T08:00:00+00:00,2024-04-18,13:30:00,1713427200,154.267,154.512,154.256,154.372,6597,0,0
2024-04-18T12:00:00+00:00,2024-04-18,17:30:00,1713441600,154.374,154.649,154.321,154.616,11401,0,0
2024-04-18T16:00:00+00:00,2024-04-18,21:30:00,1713456000,154.616,154.68,154.55,154.609,4542,0,0
2024-04-18T20:00:00+00:00,2024-04-19,01:30:00,1713470400,154.6,154.672,154.52,154.61,2721,0,0
2024-04-19T00:00:00+00:00,2024-04-19,05:30:00,1713484800,154.614,154.673,153.592,154.31,27308,0,0
2024-04-19T04:00:00+00:00,2024-04-19,09:30:00,1713499200,154.312,154.532,154.211,154.473,13168,0,0
2024-04-19T08:00:00+00:00,2024-04-19,13:30:00,1713513600,154.474,154.61,154.344,154.6,7204,0,0
2024-04-19T12:00:00+00:00,2024-04-19,17:30:00,1713528000,154.6,154.635,154.46,154.551,9004,0,0
2024-04-19T16:00:00+00:00,2024-04-19,21:30:00,1713542400,154.551,154.642,154.543,154.602,4282,0,0
2024-04-19T20:00:00+00:00,2024-04-20,01:30:00,1713556800,154.603,154.65,154.595,154.638,713,13,0
2024-04-21T20:00:00+00:00,2024-04-22,01:30:00,1713729600,154.596,154.669,154.307,154.638,3176,0,0
2024-04-22T00:00:00+00:00,2024-04-22,05:30:00,1713744000,154.638,154.739,154.588,154.685,6615,0,0
2024-04-22T04:00:00+00:00,2024-04-22,09:30:00,1713758400,154.686,154.764,154.595,154.654,5325,0,0
2024-04-22T08:00:00+00:00,2024-04-22,13:30:00,1713772800,154.656,154.783,154.626,154.762,4601,0,0
2024-04-22T12:00:00+00:00,2024-04-22,17:30:00,1713787200,154.762,154.789,154.684,154.773,5375,0,0
2024-04-22T16:00:00+00:00,2024-04-22,21:30:00,1713801600,154.773,154.852,154.757,154.831,3078,0,0
2024-04-22T20:00:00+00:00,2024-04-23,01:30:00,1713816000,154.831,154.842,154.74,154.814,1830,0,0
2024-04-23T00:00:00+00:00,2024-04-23,05:30:00,1713830400,154.817,154.825,154.659,154.753,5235,0,0
2024-04-23T04:00:00+00:00,2024-04-23,09:30:00,1713844800,154.753,154.863,154.717,154.821,4853,0,0
2024-04-23T08:00:00+00:00,2024-04-23,13:30:00,1713859200,154.822,154.863,154.763,154.804,4443,0,0
2024-04-23T12:00:00+00:00,2024-04-23,17:30:00,1713873600,154.805,154.877,154.572,154.817,9483,0,0
2024-04-23T16:00:00+00:00,2024-04-23,21:30:00,1713888000,154.814,154.838,154.552,154.821,5262,0,0
2024-04-23T20:00:00+00:00,2024-04-24,01:30:00,1713902400,154.814,154.832,154.734,154.75,2261,0,0
2024-04-24T00:00:00+00:00,2024-04-24,05:30:00,1713916800,154.749,154.852,154.743,154.847,3892,0,0
2024-04-24T04:00:00+00:00,2024-04-24,09:30:00,1713931200,154.847,154.976,154.768,154.903,4814,0,0
2024-04-24T08:00:00+00:00,2024-04-24,13:30:00,1713945600,154.903,154.946,154.863,154.927,3310,0,0
2024-04-24T12:00:00+00:00,2024-04-24,17:30:00,1713960000,154.926,155.173,154.766,155.117,14973,0,0
2024-04-24T16:00:00+00:00,2024-04-24,21:30:00,1713974400,155.117,155.376,155.063,155.296,5503,0,0
2024-04-24T20:00:00+00:00,2024-04-25,01:30:00,1713988800,155.29,155.368,155.098,155.269,3012,0,0
2024-04-25T00:00:00+00:00,2024-04-25,05:30:00,1714003200,155.269,155.52,155.245,155.462,5553,0,0
2024-04-25T04:00:00+00:00,2024-04-25,09:30:00,1714017600,155.462,155.742,155.452,155.629,6643,0,0
2024-04-25T08:00:00+00:00,2024-04-25,13:30:00,1714032000,155.629,155.693,155.498,155.559,4838,0,0
2024-04-25T12:00:00+00:00,2024-04-25,17:30:00,1714046400,155.559,155.748,155.318,155.522,18107,0,0
2024-04-25T16:00:00+00:00,2024-04-25,21:30:00,1714060800,155.522,155.646,155.474,155.619,5481,0,0
2024-04-25T20:00:00+00:00,2024-04-26,01:30:00,1714075200,155.611,155.647,155.502,155.623,2648,0,0
2024-04-26T00:00:00+00:00,2024-04-26,05:30:00,1714089600,155.626,156.145,155.421,155.945,12562,0,0
2024-04-26T04:00:00+00:00,2024-04-26,09:30:00,1714104000,155.945,156.823,155.909,156.704,13740,0,0
2024-04-26T08:00:00+00:00,2024-04-26,13:30:00,1714118400,156.706,156.872,154.97,156.817,39573,0,0
2024-04-26T12:00:00+00:00,2024-04-26,17:30:00,1714132800,156.816,157.675,156.626,157.618,18500,0,0
2024-04-26T16:00:00+00:00,2024-04-26,21:30:00,1714147200,157.615,157.9,157.585,157.888,7892,0,0
2024-04-26T20:00:00+00:00,2024-04-27,01:30:00,1714161600,157.874,158.353,157.847,158.335,1598,13,0
2024-04-28T20:00:00+00:00,2024-04-29,01:30:00,1714334400,157.843,158.402,157.759,158.202,5337,0,0
2024-04-29T00:00:00+00:00,2024-04-29,05:30:00,1714348800,158.202,160.23,158.052,159.401,33736,0,0
2024-04-29T04:00:00+00:00,2024-04-29,09:30:00,1714363200,159.401,159.6,154.521,155.565,190440,0,0
2024-04-29T08:00:00+00:00,2024-04-29,13:30:00,1714377600,155.568,156.382,155.059,156.228,29140,0,0
2024-04-29T12:00:00+00:00,2024-04-29,17:30:00,1714392000,156.224,156.895,156.089,156.711,11663,5,0
2024-04-29T16:00:00+00:00,2024-04-29,21:30:00,1714406400,156.71,156.731,155.083,155.99,17331,5,0
2024-04-29T20:00:00+00:00,2024-04-30,01:30:00,1714420800,155.955,156.386,155.887,156.334,5729,14,0
2024-04-30T00:00:00+00:00,2024-04-30,05:30:00,1714435200,156.327,156.997,156.163,156.733,8333,14,0
2024-04-30T04:00:00+00:00,2024-04-30,09:30:00,1714449600,156.728,156.947,156.475,156.856,7552,14,0
2024-04-30T08:00:00+00:00,2024-04-30,13:30:00,1714464000,156.853,156.974,156.814,156.958,5855,1,0
2024-04-30T12:00:00+00:00,2024-04-30,17:30:00,1714478400,156.958,157.576,156.826,157.546,15163,1,0
2024-04-30T16:00:00+00:00,2024-04-30,21:30:00,1714492800,157.545,157.761,157.433,157.646,4682,1,0
2024-04-30T20:00:00+00:00,2024-05-01,01:30:00,1714507200,157.598,157.813,157.421,157.744,5061,14,0
2024-05-01T00:00:00+00:00,2024-05-01,05:30:00,1714521600,157.742,157.928,157.686,157.915,4886,14,0
2024-05-01T04:00:00+00:00,2024-05-01,09:30:00,1714536000,157.915,157.988,157.806,157.884,4029,1,0
2024-05-01T08:00:00+00:00,2024-05-01,13:30:00,1714550400,157.886,157.982,157.859,157.877,3289,1,0
2024-05-01T12:00:00+00:00,2024-05-01,17:30:00,1714564800,157.877,157.925,157.382,157.648,9335,1,0
2024-05-01T16:00:00+00:00,2024-05-01,21:30:00,1714579200,157.65,157.767,157.001,157.455,15150,1,0
2024-05-01T20:00:00+00:00,2024-05-02,01:30:00,1714593600,157.405,157.563,152.844,155.729,12397,1,0
2024-05-02T00:00:00+00:00,2024-05-02,05:30:00,1714608000,155.726,156.286,155.658,155.946,14279,1,0
2024-05-02T04:00:00+00:00,2024-05-02,09:30:00,1714622400,155.945,156.08,155.162,155.507,14631,1,0
2024-05-02T08:00:00+00:00,2024-05-02,13:30:00,1714636800,155.503,155.554,154.674,154.744,11307,1,0
2024-05-02T12:00:00+00:00,2024-05-02,17:30:00,1714651200,154.74,154.87,153.475,153.787,19568,1,0
2024-05-02T16:00:00+00:00,2024-05-02,21:30:00,1714665600,153.786,153.931,153.055,153.181,12651,1,0
2024-05-02T20:00:00+00:00,2024-05-03,01:30:00,1714680000,153.155,153.682,152.871,153.137,7398,8,0
2024-05-03T00:00:00+00:00,2024-05-03,05:30:00,1714694400,153.133,153.442,152.746,153.001,9568,8,0
2024-05-03T04:00:00+00:00,2024-05-03,09:30:00,1714708800,153.001,153.313,152.81,153.296,8368,1,0
2024-05-03T08:00:00+00:00,2024-05-03,13:30:00,1714723200,153.297,153.335,152.951,153.202,8400,1,0
2024-05-03T12:00:00+00:00,2024-05-03,17:30:00,1714737600,153.202,153.307,151.858,152.857,23915,1,0
2024-05-03T16:00:00+00:00,2024-05-03,21:30:00,1714752000,152.853,152.984,152.749,152.879,5350,1,0
2024-05-03T20:00:00+00:00,2024-05-04,01:30:00,1714766400,152.876,152.938,152.803,152.933,1029,28,0
2024-05-05T20:00:00+00:00,2024-05-06,01:30:00,1714939200,152.891,153.708,152.625,153.659,4403,1,0
2024-05-06T00:00:00+00:00,2024-05-06,05:30:00,1714953600,153.661,153.976,153.321,153.921,8794,1,0
2024-05-06T04:00:00+00:00,2024-05-06,09:30:00,1714968000,153.924,154.009,153.66,153.803,7404,1,0
2024-05-06T08:00:00+00:00,2024-05-06,13:30:00,1714982400,153.803,153.881,153.683,153.753,5357,1,0
2024-05-06T12:00:00+00:00,2024-05-06,17:30:00,1714996800,153.753,154.007,153.415,153.855,8821,1,0
2024-05-06T16:00:00+00:00,2024-05-06,21:30:00,1715011200,153.855,153.968,153.816,153.922,4995,1,0
2024-05-06T20:00:00+00:00,2024-05-07,01:30:00,1715025600,153.904,154.284,153.798,154.245,3899,0,0
2024-05-07T00:00:00+00:00,2024-05-07,05:30:00,1715040000,154.243,154.592,153.875,154.552,11502,0,0
2024-05-07T04:00:00+00:00,2024-05-07,09:30:00,1715054400,154.553,154.652,154.084,154.117,10067,0,0
2024-05-07T08:00:00+00:00,2024-05-07,13:30:00,1715068800,154.116,154.632,153.978,154.524,9494,0,0
2024-05-07T12:00:00+00:00,2024-05-07,17:30:00,1715083200,154.523,154.632,154.236,154.591,10032,0,0
2024-05-07T16:00:00+00:00,2024-05-07,21:30:00,1715097600,154.589,154.749,154.458,154.626,6057,0,0
2024-05-07T20:00:00+00:00,2024-05-08,01:30:00,1715112000,154.618,154.845,154.535,154.774,3453,0,0
2024-05-08T00:00:00+00:00,2024-05-08,05:30:00,1715126400,154.777,155.267,154.689,155.163,9608,0,0
2024-05-08T04:00:00+00:00,2024-05-08,09:30:00,1715140800,155.163,155.364,155.082,155.329,7529,0,0
2024-05-08T08:00:00+00:00,2024-05-08,13:30:00,1715155200,155.33,155.521,155.212,155.492,9219,0,0
2024-05-08T12:00:00+00:00,2024-05-08,17:30:00,1715169600,155.492,155.686,155.342,155.427,8995,0,0
2024-05-08T16:00:00+00:00,2024-05-08,21:30:00,1715184000,155.427,155.66,155.423,155.626,4328,0,0
2024-05-08T20:00:00+00:00,2024-05-09,01:30:00,1715198400,155.623,155.644,155.319,155.379,3782,0,0
2024-05-09T00:00:00+00:00,2024-05-09,05:30:00,1715212800,155.382,155.701,155.156,155.552,9229,0,0
2024-05-09T04:00:00+00:00,2024-05-09,09:30:00,1715227200,155.552,155.852,155.54,155.838,5496,0,0
2024-05-09T08:00:00+00:00,2024-05-09,13:30:00,1715241600,155.834,155.952,155.801,155.88,5521,0,0
2024-05-09T12:00:00+00:00,2024-05-09,17:30:00,1715256000,155.879,155.918,155.431,155.684,11870,0,0
2024-05-09T16:00:00+00:00,2024-05-09,21:30:00,1715270400,155.684,155.712,155.41,155.428,5153,0,0
2024-05-09T20:00:00+00:00,2024-05-10,01:30:00,1715284800,155.418,155.488,155.265,155.396,3081,0,0
2024-05-10T00:00:00+00:00,2024-05-10,05:30:00,1715299200,155.399,155.776,155.363,155.731,6925,0,0
2024-05-10T04:00:00+00:00,2024-05-10,09:30:00,1715313600,155.731,155.782,155.499,155.687,6154,0,0
2024-05-10T08:00:00+00:00,2024-05-10,13:30:00,1715328000,155.688,155.779,155.623,155.742,5452,0,0
2024-05-10T12:00:00+00:00,2024-05-10,17:30:00,1715342400,155.74,155.905,155.604,155.858,9585,0,0
2024-05-10T16:00:00+00:00,2024-05-10,21:30:00,1715356800,155.858,155.9,155.753,155.775,3474,0,0
2024-05-10T20:00:00+00:00,2024-05-11,01:30:00,1715371200,155.773,155.801,155.705,155.757,619,13,0
2024-05-12T20:00:00+00:00,2024-05-13,01:30:00,1715544000,155.7,155.836,155.654,155.833,2149,0,0
2024-05-13T00:00:00+00:00,2024-05-13,05:30:00,1715558400,155.833,155.959,155.503,155.76,8373,0,0
2024-05-13T04:00:00+00:00,2024-05-13,09:30:00,1715572800,155.762,155.929,155.756,155.883,5720,0,0
2024-05-13T08:00:00+00:00,2024-05-13,13:30:00,1715587200,155.883,155.92,155.825,155.879,4783,0,0
2024-05-13T12:00:00+00:00,2024-05-13,17:30:00,1715601600,155.88,156.227,155.686,156.177,8278,0,0
2024-05-13T16:00:00+00:00,2024-05-13,21:30:00,1715616000,156.177,156.252,156.118,156.212,3871,0,0
2024-05-13T20:00:00+00:00,2024-05-14,01:30:00,1715630400,156.208,156.245,156.092,156.229,2713,0,0
2024-05-14T00:00:00+00:00,2024-05-14,05:30:00,1715644800,156.231,156.502,156.227,156.415,5584,0,0
2024-05-14T04:00:00+00:00,2024-05-14,09:30:00,1715659200,156.415,156.545,156.377,156.463,4706,0,0
2024-05-14T08:00:00+00:00,2024-05-14,13:30:00,1715673600,156.463,156.492,156.288,156.451,3729,0,0
2024-05-14T12:00:00+00:00,2024-05-14,17:30:00,1715688000,156.449,156.795,156.231,156.507,13380,0,0
2024-05-14T16:00:00+00:00,2024-05-14,21:30:00,1715702400,156.507,156.547,156.383,156.451,3881,0,0
2024-05-14T20:00:00+00:00,2024-05-15,01:30:00,1715716800,156.443,156.526,156.372,156.522,1981,0,0
2024-05-15T00:00:00+00:00,2024-05-15,05:30:00,1715731200,156.522,156.562,156.308,156.397,5352,0,0
2024-05-15T04:00:00+00:00,2024-05-15,09:30:00,1715745600,156.397,156.399,155.961,156.098,7342,0,0
2024-05-15T08:00:00+00:00,2024-05-15,13:30:00,1715760000,156.097,156.125,155.572,155.679,9817,0,0
2024-05-15T12:00:00+00:00,2024-05-15,17:30:00,1715774400,155.678,155.803,154.741,155.026,27346,0,0
2024-05-15T16:00:00+00:00,2024-05-15,21:30:00,1715788800,155.025,155.132,154.69,154.965,9421,0,0
2024-05-15T20:00:00+00:00,2024-05-16,01:30:00,1715803200,154.966,154.967,154.155,154.302,6739,0,0
2024-05-16T00:00:00+00:00,2024-05-16,05:30:00,1715817600,154.299,154.538,153.6,153.968,21514,0,0
2024-05-16T04:00:00+00:00,2024-05-16,09:30:00,1715832000,153.97,154.453,153.803,154.416,13138,0,0
2024-05-16T08:00:00+00:00,2024-05-16,13:30:00,1715846400,154.419,154.944,154.338,154.877,10153,0,0
2024-05-16T12:00:00+00:00,2024-05-16,17:30:00,1715860800,154.877,155.538,154.617,155.257,15702,0,0
2024-05-16T16:00:00+00:00,2024-05-16,21:30:00,1715875200,155.256,155.426,155.212,155.416,5285,0,0
2024-05-16T20:00:00+00:00,2024-05-17,01:30:00,1715889600,155.405,155.46,155.287,155.403,3056,0,0
2024-05-17T00:00:00+00:00,2024-05-17,05:30:00,1715904000,155.4,155.93,155.349,155.791,9756,0,0
2024-05-17T04:00:00+00:00,2024-05-17,09:30:00,1715918400,155.791,155.854,155.596,155.822,7150,0,0
2024-05-17T08:00:00+00:00,2024-05-17,13:30:00,1715932800,155.824,155.979,155.777,155.858,5299,0,0
2024-05-17T12:00:00+00:00,2024-05-17,17:30:00,1715947200,155.858,155.892,155.249,155.58,10647,0,0
2024-05-17T16:00:00+00:00,2024-05-17,21:30:00,1715961600,155.577,155.697,155.465,155.67,4972,0,0
2024-05-17T20:00:00+00:00,2024-05-18,01:30:00,1715976000,155.652,155.707,155.589,155.645,756,13,0
2024-05-19T20:00:00+00:00,2024-05-20,01:30:00,1716148800,155.591,155.823,155.428,155.768,2814,0,0
2024-05-20T00:00:00+00:00,2024-05-20,05:30:00,1716163200,155.771,155.94,155.68,155.725,6774,0,0
2024-05-20T04:00:00+00:00,2024-05-20,09:30:00,1716177600,155.726,155.804,155.496,155.732,7164,0,0
2024-05-20T08:00:00+00:00,2024-05-20,13:30:00,1716192000,155.734,155.786,155.637,155.748,4658,0,0
2024-05-20T12:00:00+00:00,2024-05-20,17:30:00,1716206400,155.748,156.235,155.736,156.097,10535,0,0
2024-05-20T16:00:00+00:00,2024-05-20,21:30:00,1716220800,156.097,156.307,156.048,156.281,3571,0,0
2024-05-20T20:00:00+00:00,2024-05-21,01:30:00,1716235200,156.278,156.404,156.13,156.402,2796,0,0
2024-05-21T00:00:00+00:00,2024-05-21,05:30:00,1716249600,156.402,156.5,156.342,156.477,5671,0,0
2024-05-21T04:00:00+00:00,2024-05-21,09:30:00,1716264000,156.478,156.55,156.033,156.232,9108,0,0
2024-05-21T08:00:00+00:00,2024-05-21,13:30:00,1716278400,156.233,156.326,156.084,156.23,6730,0,0
2024-05-21T12:00:00+00:00,2024-05-21,17:30:00,1716292800,156.232,156.436,155.844,156.085,14612,0,0
2024-05-21T16:00:00+00:00,2024-05-21,21:30:00,1716307200,156.082,156.253,156.074,156.164,4819,0,0
2024-05-21T20:00:00+00:00,2024-05-22,01:30:00,1716321600,156.158,156.292,156.076,156.27,2521,0,0
2024-05-22T00:00:00+00:00,2024-05-22,05:30:00,1716336000,156.273,156.351,156.144,156.31,6042,0,0
2024-05-22T04:00:00+00:00,2024-05-22,09:30:00,1716350400,156.31,156.474,156.286,156.404,5360,0,0
2024-05-22T08:00:00+00:00,2024-05-22,13:30:00,1716364800,156.402,156.617,156.386,156.586,6640,0,0
2024-05-22T12:00:00+00:00,2024-05-22,17:30:00,1716379200,156.586,156.605,156.348,156.504,8845,0,0
2024-05-22T16:00:00+00:00,2024-05-22,21:30:00,1716393600,156.502,156.729,156.447,156.694,5752,0,0
2024-05-22T20:00:00+00:00,2024-05-23,01:30:00,1716408000,156.689,156.781,156.59,156.736,3619,0,0
2024-05-23T00:00:00+00:00,2024-05-23,05:30:00,1716422400,156.736,156.908,156.643,156.758,6401,0,0
2024-05-23T04:00:00+00:00,2024-05-23,09:30:00,1716436800,156.758,156.788,156.558,156.761,6882,0,0
2024-05-23T08:00:00+00:00,2024-05-23,13:30:00,1716451200,156.761,156.794,156.558,156.59,5355,0,0
2024-05-23T12:00:00+00:00,2024-05-23,17:30:00,1716465600,156.59,157.196,156.527,157.058,20056,0,0
2024-05-23T16:00:00+00:00,2024-05-23,21:30:00,1716480000,157.055,157.073,156.829,156.861,6416,0,0
2024-05-23T20:00:00+00:00,2024-05-24,01:30:00,1716494400,156.859,157.01,156.826,156.993,3289,0,0
2024-05-24T00:00:00+00:00,2024-05-24,05:30:00,1716508800,156.995,157.147,156.923,157.055,6686,0,0
2024-05-24T04:00:00+00:00,2024-05-24,09:30:00,1716523200,157.055,157.118,156.996,157.055,4616,0,0
2024-05-24T08:00:00+00:00,2024-05-24,13:30:00,1716537600,157.056,157.09,156.936,157.03,4484,0,0
2024-05-24T12:00:00+00:00,2024-05-24,17:30:00,1716552000,157.03,157.136,156.847,156.905,8462,0,0
2024-05-24T16:00:00+00:00,2024-05-24,21:30:00,1716566400,156.908,156.998,156.822,156.918,3843,0,0
2024-05-24T20:00:00+00:00,2024-05-25,01:30:00,1716580800,156.91,156.973,156.883,156.969,496,13,0
2024-05-26T20:00:00+00:00,2024-05-27,01:30:00,1716753600,156.967,156.998,156.758,156.871,2816,0,0
2024-05-27T00:00:00+00:00,2024-05-27,05:30:00,1716768000,156.87,156.928,156.665,156.707,6710,0,0
2024-05-27T04:00:00+00:00,2024-05-27,09:30:00,1716782400,156.707,156.96,156.689,156.912,4492,0,0
2024-05-27T08:00:00+00:00,2024-05-27,13:30:00,1716796800,156.912,156.951,156.822,156.88,2962,0,0
2024-05-27T12:00:00+00:00,2024-05-27,17:30:00,1716811200,156.88,156.897,156.707,156.869,4278,0,0
2024-05-27T16:00:00+00:00,2024-05-27,21:30:00,1716825600,156.868,156.914,156.845,156.879,1707,0,0
2024-05-27T20:00:00+00:00,2024-05-28,01:30:00,1716840000,156.873,156.947,156.789,156.839,2250,0,0
2024-05-28T00:00:00+00:00,2024-05-28,05:30:00,1716854400,156.84,156.932,156.625,156.658,6366,0,0
2024-05-28T04:00:00+00:00,2024-05-28,09:30:00,1716868800,156.657,156.925,156.62,156.893,5742,0,0
2024-05-28T08:00:00+00:00,2024-05-28,13:30:00,1716883200,156.893,156.995,156.772,156.8,5523,0,0
2024-05-28T12:00:00+00:00,2024-05-28,17:30:00,1716897600,156.8,156.961,156.578,156.905,9770,0,0
2024-05-28T16:00:00+00:00,2024-05-28,21:30:00,1716912000,156.906,157.158,156.875,157.133,5264,0,0
2024-05-28T20:00:00+00:00,2024-05-29,01:30:00,1716926400,157.128,157.291,157.076,157.272,2543,0,0
2024-05-29T00:00:00+00:00,2024-05-29,05:30:00,1716940800,157.273,157.41,157.208,157.314,5603,0,0
2024-05-29T04:00:00+00:00,2024-05-29,09:30:00,1716955200,157.314,157.348,156.894,157.151,7691,0,0
2024-05-29T08:00:00+00:00,2024-05-29,13:30:00,1716969600,157.151,157.295,157.067,157.271,6577,0,0
2024-05-29T12:00:00+00:00,2024-05-29,17:30:00,1716984000,157.271,157.642,157.158,157.626,9165,0,0
2024-05-29T16:00:00+00:00,2024-05-29,21:30:00,1716998400,157.629,157.71,157.614,157.677,4702,0,0
2024-05-29T20:00:00+00:00,2024-05-30,01:30:00,1717012800,157.667,157.698,157.45,157.63,2890,0,0
2024-05-30T00:00:00+00:00,2024-05-30,05:30:00,1717027200,157.629,157.629,157.261,157.379,8484,0,0
2024-05-30T04:00:00+00:00,2024-05-30,09:30:00,1717041600,157.379,157.385,156.534,156.968,13892,0,0
2024-05-30T08:00:00+00:00,2024-05-30,13:30:00,1717056000,156.971,157.114,156.679,156.733,9694,0,0
2024-05-30T12:00:00+00:00,2024-05-30,17:30:00,1717070400,156.733,156.855,156.372,156.643,16283,0,0
2024-05-30T16:00:00+00:00,2024-05-30,21:30:00,1717084800,156.64,156.858,156.638,156.831,4965,0,0
2024-05-30T20:00:00+00:00,2024-05-31,01:30:00,1717099200,156.819,156.998,156.716,156.991,3277,0,0
2024-05-31T00:00:00+00:00,2024-05-31,05:30:00,1717113600,156.988,157.027,156.573,156.804,11791,0,0
2024-05-31T04:00:00+00:00,2024-05-31,09:30:00,1717128000,156.805,157.155,156.674,157.144,8854,0,0
2024-05-31T08:00:00+00:00,2024-05-31,13:30:00,1717142400,157.147,157.368,157.063,157.169,8236,0,0
2024-05-31T12:00:00+00:00,2024-05-31,17:30:00,1717156800,157.169,157.281,156.558,157.191,18074,0,0
2024-05-31T16:00:00+00:00,2024-05-31,21:30:00,1717171200,157.193,157.349,157.15,157.256,5964,0,0
2024-05-31T20:00:00+00:00,2024-06-01,01:30:00,1717185600,157.24,157.331,157.211,157.253,953,13,0
2024-06-02T20:00:00+00:00,2024-06-03,01:30:00,1717358400,157.136,157.313,157.094,157.183,3045,0,0
2024-06-03T00:00:00+00:00,2024-06-03,05:30:00,1717372800,157.183,157.474,156.996,157.422,8312,0,0
2024-06-03T04:00:00+00:00,2024-06-03,09:30:00,1717387200,157.42,157.464,157.112,157.139,6800,0,0
2024-06-03T08:00:00+00:00,2024-06-03,13:30:00,1717401600,157.14,157.148,156.635,156.857,9623,0,0
2024-06-03T12:00:00+00:00,2024-06-03,17:30:00,1717416000,156.86,156.941,155.95,156.04,17542,0,0
2024-06-03T16:00:00+00:00,2024-06-03,21:30:00,1717430400,156.04,156.287,156.02,156.226,6874,0,0
2024-06-03T20:00:00+00:00,2024-06-04,01:30:00,1717444800,156.217,156.24,155.992,156.095,3355,0,0
2024-06-04T00:00:00+00:00,2024-06-04,05:30:00,1717459200,156.094,156.487,155.983,156.389,9233,0,0
2024-06-04T04:00:00+00:00,2024-06-04,09:30:00,1717473600,156.39,156.419,155.361,155.391,12971,0,0
2024-06-04T08:00:00+00:00,2024-06-04,13:30:00,1717488000,155.393,155.471,154.704,154.872,22371,0,0
2024-06-04T12:00:00+00:00,2024-06-04,17:30:00,1717502400,154.871,155.253,154.552,154.875,23439,0,0
2024-06-04T16:00:00+00:00,2024-06-04,21:30:00,1717516800,154.872,154.872,154.549,154.76,8090,0,0
2024-06-04T20:00:00+00:00,2024-06-05,01:30:00,1717531200,154.746,155.182,154.742,155.119,3481,0,0
2024-06-05T00:00:00+00:00,2024-06-05,05:30:00,1717545600,155.118,155.594,155.097,155.49,12322,0,0
2024-06-05T04:00:00+00:00,2024-06-05,09:30:00,1717560000,155.492,156.189,155.444,156.141,11056,0,0
2024-06-05T08:00:00+00:00,2024-06-05,13:30:00,1717574400,156.144,156.306,155.959,156.146,9569,0,0
2024-06-05T12:00:00+00:00,2024-06-05,17:30:00,1717588800,156.147,156.485,155.723,156.211,20306,0,0
2024-06-05T16:00:00+00:00,2024-06-05,21:30:00,1717603200,156.21,156.247,156.065,156.081,6364,0,0
2024-06-05T20:00:00+00:00,2024-06-06,01:30:00,1717617600,156.083,156.155,155.804,155.917,4177,0,0
2024-06-06T00:00:00+00:00,2024-06-06,05:30:00,1717632000,155.915,155.929,155.355,155.572,11747,0,0
2024-06-06T04:00:00+00:00,2024-06-06,09:30:00,1717646400,155.572,156.31,155.562,156.28,11725,0,0
2024-06-06T08:00:00+00:00,2024-06-06,13:30:00,1717660800,156.277,156.38,155.894,156.193,8259,0,0
2024-06-06T12:00:00+00:00,2024-06-06,17:30:00,1717675200,156.191,156.448,155.891,155.984,17096,0,0
2024-06-06T16:00:00+00:00,2024-06-06,21:30:00,1717689600,155.981,156.071,155.472,155.603,8329,0,0
2024-06-06T20:00:00+00:00,2024-06-07,01:30:00,1717704000,155.587,155.719,155.531,155.68,3272,0,0
2024-06-07T00:00:00+00:00,2024-06-07,05:30:00,1717718400,155.681,155.939,155.579,155.753,8724,0,0
2024-06-07T04:00:00+00:00,2024-06-07,09:30:00,1717732800,155.754,155.763,155.119,155.418,11666,0,0
2024-06-07T08:00:00+00:00,2024-06-07,13:30:00,1717747200,155.421,155.64,155.312,155.591,9441,0,0
2024-06-07T12:00:00+00:00,2024-06-07,17:30:00,1717761600,155.592,157.076,155.441,156.599,26067,0,0
2024-06-07T16:00:00+00:00,2024-06-07,21:30:00,1717776000,156.596,156.765,156.516,156.743,8455,0,0
2024-06-07T20:00:00+00:00,2024-06-08,01:30:00,1717790400,156.729,156.756,156.657,156.749,978,13,0
2024-06-09T20:00:00+00:00,2024-06-10,01:30:00,1717963200,156.677,156.921,156.588,156.828,3987,0,0
2024-06-10T00:00:00+00:00,2024-06-10,05:30:00,1717977600,156.825,157.194,156.72,157.152,9231,0,0
2024-06-10T04:00:00+00:00,2024-06-10,09:30:00,1717992000,157.153,157.186,156.931,157.0,9534,0,0
2024-06-10T08:00:00+00:00,2024-06-10,13:30:00,1718006400,157.002,157.04,156.745,156.883,9470,0,0
2024-06-10T12:00:00+00:00,2024-06-10,17:30:00,1718020800,156.883,157.009,156.8,156.938,9344,0,0
2024-06-10T16:00:00+00:00,2024-06-10,21:30:00,1718035200,156.938,157.098,156.91,157.0,5063,0,0
2024-06-10T20:00:00+00:00,2024-06-11,01:30:00,1718049600,156.994,157.073,156.922,157.045,2714,0,0
2024-06-11T00:00:00+00:00,2024-06-11,05:30:00,1718064000,157.045,157.334,157.034,157.221,6325,0,0
2024-06-11T04:00:00+00:00,2024-06-11,09:30:00,1718078400,157.22,157.369,157.146,157.341,6282,0,0
2024-06-11T08:00:00+00:00,2024-06-11,13:30:00,1718092800,157.34,157.396,157.051,157.101,8502,0,0
2024-06-11T12:00:00+00:00,2024-06-11,17:30:00,1718107200,157.098,157.387,156.806,157.326,12140,0,0
2024-06-11T16:00:00+00:00,2024-06-11,21:30:00,1718121600,157.326,157.406,156.937,157.086,6459,0,0
2024-06-11T20:00:00+00:00,2024-06-12,01:30:00,1718136000,157.056,157.18,157.037,157.113,2513,0,0
2024-06-12T00:00:00+00:00,2024-06-12,05:30:00,1718150400,157.111,157.246,157.045,157.181,7088,0,0
2024-06-12T04:00:00+00:00,2024-06-12,09:30:00,1718164800,157.181,157.357,157.131,157.269,5306,0,0
2024-06-12T08:00:00+00:00,2024-06-12,13:30:00,1718179200,157.268,157.373,157.253,157.334,4658,0,0
2024-06-12T12:00:00+00:00,2024-06-12,17:30:00,1718193600,157.334,157.353,155.722,155.884,27919,0,0
2024-06-12T16:00:00+00:00,2024-06-12,21:30:00,1718208000,155.884,156.876,155.719,156.828,25515,0,0
2024-06-12T20:00:00+00:00,2024-06-13,01:30:00,1718222400,156.828,156.886,156.476,156.804,4880,0,0
2024-06-13T00:00:00+00:00,2024-06-13,05:30:00,1718236800,156.803,157.06,156.696,157.007,9302,0,0
2024-06-13T04:00:00+00:00,2024-06-13,09:30:00,1718251200,157.007,157.306,156.994,157.275,7298,0,0
2024-06-13T08:00:00+00:00,2024-06-13,13:30:00,1718265600,157.273,157.313,157.123,157.211,6403,0,0
2024-06-13T12:00:00+00:00,2024-06-13,17:30:00,1718280000,157.214,157.271,156.582,156.775,19746,0,0
2024-06-13T16:00:00+00:00,2024-06-13,21:30:00,1718294400,156.774,157.079,156.689,157.059,8839,0,0
2024-06-13T20:00:00+00:00,2024-06-14,01:30:00,1718308800,157.047,157.144,156.945,157.126,3368,0,0
2024-06-14T00:00:00+00:00,2024-06-14,05:30:00,1718323200,157.124,157.982,156.808,157.821,17630,0,0
2024-06-14T04:00:00+00:00,2024-06-14,09:30:00,1718337600,157.821,158.258,157.627,157.674,24446,0,0
2024-06-14T08:00:00+00:00,2024-06-14,13:30:00,1718352000,157.676,157.79,156.882,157.067,30135,0,0
2024-06-14T12:00:00+00:00,2024-06-14,17:30:00,1718366400,157.066,157.497,156.953,157.288,24327,0,0
2024-06-14T16:00:00+00:00,2024-06-14,21:30:00,1718380800,157.286,157.353,157.223,157.294,6168,0,0
2024-06-14T20:00:00+00:00,2024-06-15,01:30:00,1718395200,157.279,157.433,157.26,157.382,1010,13,0
2024-06-16T20:00:00+00:00,2024-06-17,01:30:00,1718568000,157.361,157.665,157.136,157.558,3470,0,0
2024-06-17T00:00:00+00:00,2024-06-17,05:30:00,1718582400,157.559,157.563,157.291,157.369,7789,0,0
2024-06-17T04:00:00+00:00,2024-06-17,09:30:00,1718596800,157.369,157.56,157.157,157.552,9786,0,0
2024-06-17T08:00:00+00:00,2024-06-17,13:30:00,1718611200,157.553,157.869,157.541,157.847,8097,0,0
2024-06-17T12:00:00+00:00,2024-06-17,17:30:00,1718625600,157.845,157.961,157.784,157.811,9531,0,0
2024-06-17T16:00:00+00:00,2024-06-17,21:30:00,1718640000,157.809,157.817,157.682,157.73,4389,0,0
2024-06-17T20:00:00+00:00,2024-06-18,01:30:00,1718654400,157.716,157.736,157.615,157.698,2146,0,0
2024-06-18T00:00:00+00:00,2024-06-18,05:30:00,1718668800,157.697,157.732,157.516,157.642,7055,0,0
2024-06-18T04:00:00+00:00,2024-06-18,09:30:00,1718683200,157.64,158.135,157.58,158.127,6917,0,0
2024-06-18T08:00:00+00:00,2024-06-18,13:30:00,1718697600,158.127,158.23,157.997,158.084,7280,0,0
2024-06-18T12:00:00+00:00,2024-06-18,17:30:00,1718712000,158.082,158.128,157.626,157.818,15709,0,0
2024-06-18T16:00:00+00:00,2024-06-18,21:30:00,1718726400,157.818,157.9,157.645,157.859,6377,0,0
2024-06-18T20:00:00+00:00,2024-06-19,01:30:00,1718740800,157.833,157.874,157.787,157.867,2128,0,0
2024-06-19T00:00:00+00:00,2024-06-19,05:30:00,1718755200,157.867,157.926,157.726,157.855,4941,0,0
2024-06-19T04:00:00+00:00,2024-06-19,09:30:00,1718769600,157.855,157.871,157.604,157.745,5473,0,0
2024-06-19T08:00:00+00:00,2024-06-19,13:30:00,1718784000,157.746,157.91,157.736,157.903,4227,0,0
2024-06-19T12:00:00+00:00,2024-06-19,17:30:00,1718798400,157.903,157.95,157.867,157.933,3356,0,0
2024-06-19T16:00:00+00:00,2024-06-19,21:30:00,1718812800,157.933,158.047,157.896,158.006,1320,0,0
2024-06-19T20:00:00+00:00,2024-06-20,01:30:00,1718827200,158.0,158.081,157.869,157.956,2868,0,0
2024-06-20T00:00:00+00:00,2024-06-20,05:30:00,1718841600,157.956,158.141,157.956,158.082,5030,0,0
2024-06-20T04:00:00+00:00,2024-06-20,09:30:00,1718856000,158.083,158.282,158.054,158.274,6098,0,0
2024-06-20T08:00:00+00:00,2024-06-20,13:30:00,1718870400,158.274,158.471,158.272,158.432,6969,0,0
2024-06-20T12:00:00+00:00,2024-06-20,17:30:00,1718884800,158.432,158.782,158.247,158.774,9865,0,0
2024-06-20T16:00:00+00:00,2024-06-20,21:30:00,1718899200,158.774,158.914,158.698,158.907,4905,0,0
2024-06-20T20:00:00+00:00,2024-06-21,01:30:00,1718913600,158.893,158.952,158.821,158.937,2904,0,0
2024-06-21T00:00:00+00:00,2024-06-21,05:30:00,1718928000,158.937,159.129,158.827,158.888,6231,0,0
2024-06-21T04:00:00+00:00,2024-06-21,09:30:00,1718942400,158.888,159.002,158.67,158.778,6632,0,0
2024-06-21T08:00:00+00:00,2024-06-21,13:30:00,1718956800,158.774,159.019,158.678,158.903,6501,0,0
2024-06-21T12:00:00+00:00,2024-06-21,17:30:00,1718971200,158.901,159.629,158.852,159.451,12219,0,0
2024-06-21T16:00:00+00:00,2024-06-21,21:30:00,1718985600,159.453,159.608,159.415,159.604,5265,0,0
2024-06-21T20:00:00+00:00,2024-06-22,01:30:00,1719000000,159.585,159.822,159.551,159.794,1014,13,0
2024-06-23T20:00:00+00:00,2024-06-24,01:30:00,1719172800,159.731,159.908,159.568,159.898,3555,0,0
2024-06-24T00:00:00+00:00,2024-06-24,05:30:00,1719187200,159.898,159.931,159.621,159.7,7444,0,0
2024-06-24T04:00:00+00:00,2024-06-24,09:30:00,1719201600,159.7,159.819,159.649,159.691,6030,0,0
2024-06-24T08:00:00+00:00,2024-06-24,13:30:00,1719216000,159.691,159.81,158.743,159.465,18152,0,0
2024-06-24T12:00:00+00:00,2024-06-24,17:30:00,1719230400,159.467,159.758,159.325,159.71,11627,0,0
2024-06-24T16:00:00+00:00,2024-06-24,21:30:00,1719244800,159.711,159.759,159.541,159.641,4401,0,0
2024-06-24T20:00:00+00:00,2024-06-25,01:30:00,1719259200,159.636,159.706,159.533,159.7,3414,0,0
2024-06-25T00:00:00+00:00,2024-06-25,05:30:00,1719273600,159.7,159.702,159.189,159.482,10485,0,0
2024-06-25T04:00:00+00:00,2024-06-25,09:30:00,1719288000,159.482,159.552,159.272,159.487,6957,0,0
2024-06-25T08:00:00+00:00,2024-06-25,13:30:00,1719302400,159.487,159.521,159.293,159.462,6610,0,0
2024-06-25T12:00:00+00:00,2024-06-25,17:30:00,1719316800,159.46,159.756,159.429,159.686,8501,0,0
2024-06-25T16:00:00+00:00,2024-06-25,21:30:00,1719331200,159.684,159.747,159.605,159.62,4348,0,0
2024-06-25T20:00:00+00:00,2024-06-26,01:30:00,1719345600,159.61,159.709,159.588,159.703,2509,0,0
2024-06-26T00:00:00+00:00,2024-06-26,05:30:00,1719360000,159.704,159.904,159.667,159.835,5876,0,0
2024-06-26T04:00:00+00:00,2024-06-26,09:30:00,1719374400,159.835,159.934,159.742,159.897,4586,0,0
2024-06-26T08:00:00+00:00,2024-06-26,13:30:00,1719388800,159.897,160.394,159.86,160.305,11428,0,0
2024-06-26T12:00:00+00:00,2024-06-26,17:30:00,1719403200,160.306,160.824,160.014,160.684,16867,0,0
2024-06-26T16:00:00+00:00,2024-06-26,21:30:00,1719417600,160.684,160.847,160.594,160.787,6347,0,0
2024-06-26T20:00:00+00:00,2024-06-27,01:30:00,1719432000,160.787,160.827,160.549,160.633,3609,0,0
2024-06-27T00:00:00+00:00,2024-06-27,05:30:00,1719446400,160.632,160.718,160.381,160.432,8629,0,0
2024-06-27T04:00:00+00:00,2024-06-27,09:30:00,1719460800,160.432,160.562,160.303,160.548,7061,0,0
2024-06-27T08:00:00+00:00,2024-06-27,13:30:00,1719475200,160.548,160.61,160.396,160.548,5554,0,0
2024-06-27T12:00:00+00:00,2024-06-27,17:30:00,1719489600,160.548,160.728,160.283,160.7,11757,0,0
2024-06-27T16:00:00+00:00,2024-06-27,21:30:00,1719504000,160.699,160.826,160.666,160.817,3949,0,0
2024-06-27T20:00:00+00:00,2024-06-28,01:30:00,1719518400,160.807,160.807,160.638,160.707,3135,0,0
2024-06-28T00:00:00+00:00,2024-06-28,05:30:00,1719532800,160.706,161.287,160.653,160.987,14793,0,0
2024-06-28T04:00:00+00:00,2024-06-28,09:30:00,1719547200,160.986,161.133,160.837,160.929,8179,0,0
2024-06-28T08:00:00+00:00,2024-06-28,13:30:00,1719561600,160.929,160.964,160.435,160.65,9183,0,0
2024-06-28T12:00:00+00:00,2024-06-28,17:30:00,1719576000,160.65,160.966,160.264,160.883,18451,0,0
2024-06-28T16:00:00+00:00,2024-06-28,21:30:00,1719590400,160.883,160.906,160.708,160.861,6296,0,0
2024-06-28T20:00:00+00:00,2024-06-29,01:30:00,1719604800,160.857,160.924,160.819,160.88,1025,13,0
2024-06-30T20:00:00+00:00,2024-07-01,01:30:00,1719777600,160.679,160.937,160.679,160.926,3283,0,0
2024-07-01T00:00:00+00:00,2024-07-01,05:30:00,1719792000,160.926,161.187,160.738,161.051,10239,0,0
2024-07-01T04:00:00+00:00,2024-07-01,09:30:00,1719806400,161.051,161.123,160.87,161.014,7762,0,0
2024-07-01T08:00:00+00:00,2024-07-01,13:30:00,1719820800,161.017,161.15,160.952,161.102,4915,0,0
2024-07-01T12:00:00+00:00,2024-07-01,17:30:00,1719835200,161.102,161.73,160.974,161.56,12625,0,0
2024-07-01T16:00:00+00:00,2024-07-01,21:30:00,1719849600,161.559,161.603,161.405,161.458,5064,0,0
2024-07-01T20:00:00+00:00,2024-07-02,01:30:00,1719864000,161.449,161.517,161.381,161.512,2463,0,0
2024-07-02T00:00:00+00:00,2024-07-02,05:30:00,1719878400,161.512,161.682,161.456,161.658,6567,0,0
2024-07-02T04:00:00+00:00,2024-07-02,09:30:00,1719892800,161.659,161.747,161.591,161.657,6381,0,0
2024-07-02T08:00:00+00:00,2024-07-02,13:30:00,1719907200,161.657,161.698,161.559,161.628,4618,0,0
2024-07-02T12:00:00+00:00,2024-07-02,17:30:00,1719921600,161.625,161.626,161.268,161.536,10819,0,0
2024-07-02T16:00:00+00:00,2024-07-02,21:30:00,1719936000,161.536,161.604,161.424,161.456,3101,0,0
2024-07-02T20:00:00+00:00,2024-07-03,01:30:00,1719950400,161.429,161.524,161.364,161.489,2546,0,0
2024-07-03T00:00:00+00:00,2024-07-03,05:30:00,1719964800,161.489,161.659,161.446,161.631,4343,0,0
2024-07-03T04:00:00+00:00,2024-07-03,09:30:00,1719979200,161.63,161.942,161.611,161.771,6969,0,0
2024-07-03T08:00:00+00:00,2024-07-03,13:30:00,1719993600,161.771,161.952,161.76,161.921,5133,0,0
2024-07-03T12:00:00+00:00,2024-07-03,17:30:00,1720008000,161.92,161.936,160.771,161.483,19383,0,0
2024-07-03T16:00:00+00:00,2024-07-03,21:30:00,1720022400,161.482,161.741,161.404,161.686,5267,0,0
2024-07-03T20:00:00+00:00,2024-07-04,01:30:00,1720036800,161.681,161.743,161.448,161.591,2852,0,0
2024-07-04T00:00:00+00:00,2024-07-04,05:30:00,1720051200,161.589,161.607,161.138,161.531,8645,0,0
2024-07-04T04:00:00+00:00,2024-07-04,09:30:00,1720065600,161.531,161.577,161.266,161.284,5442,0,0
2024-07-04T08:00:00+00:00,2024-07-04,13:30:00,1720080000,161.282,161.329,160.946,161.005,6059,0,0
2024-07-04T12:00:00+00:00,2024-07-04,17:30:00,1720094400,161.005,161.196,160.948,161.144,6017,0,0
2024-07-04T16:00:00+00:00,2024-07-04,21:30:00,1720108800,161.145,161.258,161.114,161.214,1733,0,0
2024-07-04T20:00:00+00:00,2024-07-05,01:30:00,1720123200,161.21,161.399,161.148,161.36,3331,0,0
2024-07-05T00:00:00+00:00,2024-07-05,05:30:00,1720137600,161.358,161.395,160.528,160.619,14809,0,0
2024-07-05T04:00:00+00:00,2024-07-05,09:30:00,1720152000,160.619,160.857,160.532,160.772,7882,0,0
2024-07-05T08:00:00+00:00,2024-07-05,13:30:00,1720166400,160.772,160.882,160.615,160.822,5827,0,0
2024-07-05T12:00:00+00:00,2024-07-05,17:30:00,1720180800,160.821,161.334,160.34,160.735,25911,0,0
2024-07-05T16:00:00+00:00,2024-07-05,21:30:00,1720195200,160.735,160.951,160.706,160.765,5765,0,0
2024-07-05T20:00:00+00:00,2024-07-06,01:30:00,1720209600,160.767,160.835,160.712,160.785,762,13,0
2024-07-07T20:00:00+00:00,2024-07-08,01:30:00,1720382400,160.695,160.819,160.577,160.638,3307,0,0
2024-07-08T00:00:00+00:00,2024-07-08,05:30:00,1720396800,160.64,160.732,160.264,160.489,11782,0,0
2024-07-08T04:00:00+00:00,2024-07-08,09:30:00,1720411200,160.488,160.956,160.473,160.898,8392,0,0
2024-07-08T08:00:00+00:00,2024-07-08,13:30:00,1720425600,160.898,161.12,160.868,161.012,5548,0,0
2024-07-08T12:00:00+00:00,2024-07-08,17:30:00,1720440000,161.012,161.021,160.474,160.779,11580,0,0
2024-07-08T16:00:00+00:00,2024-07-08,21:30:00,1720454400,160.78,160.821,160.687,160.773,3943,0,0
2024-07-08T20:00:00+00:00,2024-07-09,01:30:00,1720468800,160.764,160.875,160.701,160.86,2032,0,0
2024-07-09T00:00:00+00:00,2024-07-09,05:30:00,1720483200,160.857,161.133,160.766,161.052,6802,0,0
2024-07-09T04:00:00+00:00,2024-07-09,09:30:00,1720497600,161.051,161.063,160.738,160.923,6878,0,0
2024-07-09T08:00:00+00:00,2024-07-09,13:30:00,1720512000,160.921,161.18,160.888,161.12,5361,0,0
2024-07-09T12:00:00+00:00,2024-07-09,17:30:00,1720526400,161.12,161.518,160.888,161.4,13243,0,0
2024-07-09T16:00:00+00:00,2024-07-09,21:30:00,1720540800,161.4,161.408,161.229,161.285,5319,0,0
2024-07-09T20:00:00+00:00,2024-07-10,01:30:00,1720555200,161.281,161.369,161.18,161.329,2024,0,0
2024-07-10T00:00:00+00:00,2024-07-10,05:30:00,1720569600,161.329,161.592,161.301,161.432,5388,0,0
2024-07-10T04:00:00+00:00,2024-07-10,09:30:00,1720584000,161.432,161.561,161.339,161.497,5201,0,0
2024-07-10T08:00:00+00:00,2024-07-10,13:30:00,1720598400,161.497,161.614,161.427,161.482,4990,0,0
2024-07-10T12:00:00+00:00,2024-07-10,17:30:00,1720612800,161.48,161.758,161.425,161.738,7766,0,0
2024-07-10T16:00:00+00:00,2024-07-10,21:30:00,1720627200,161.738,161.807,161.646,161.721,4215,0,0
2024-07-10T20:00:00+00:00,2024-07-11,01:30:00,1720641600,161.713,161.739,161.445,161.597,2418,0,0
2024-07-11T00:00:00+00:00,2024-07-11,05:30:00,1720656000,161.593,161.686,161.475,161.64,5794,0,0
2024-07-11T04:00:00+00:00,2024-07-11,09:30:00,1720670400,161.64,161.76,161.543,161.633,4364,0,0
2024-07-11T08:00:00+00:00,2024-07-11,13:30:00,1720684800,161.633,161.635,161.474,161.539,4428,0,0
2024-07-11T12:00:00+00:00,2024-07-11,17:30:00,1720699200,161.538,161.624,157.42,158.582,118416,0,0
2024-07-11T16:00:00+00:00,2024-07-11,21:30:00,1720713600,158.583,158.893,158.536,158.81,11294,0,0
2024-07-11T20:00:00+00:00,2024-07-12,01:30:00,1720728000,158.804,159.447,157.742,158.286,37803,0,0
2024-07-12T00:00:00+00:00,2024-07-12,05:30:00,1720742400,158.284,159.388,157.981,159.233,35967,0,0
2024-07-12T04:00:00+00:00,2024-07-12,09:30:00,1720756800,159.233,159.322,158.869,159.22,14384,0,0
2024-07-12T08:00:00+00:00,2024-07-12,13:30:00,1720771200,159.222,159.267,158.937,158.977,9636,0,0
2024-07-12T12:00:00+00:00,2024-07-12,17:30:00,1720785600,158.974,159.155,157.364,157.903,64457,0,0
2024-07-12T16:00:00+00:00,2024-07-12,21:30:00,1720800000,157.901,158.024,157.799,157.828,7036,0,0
2024-07-12T20:00:00+00:00,2024-07-13,01:30:00,1720814400,157.828,157.918,157.764,157.899,1066,13,0
2024-07-14T20:00:00+00:00,2024-07-15,01:30:00,1720987200,158.045,158.423,157.969,158.293,5064,0,0
2024-07-15T00:00:00+00:00,2024-07-15,05:30:00,1721001600,158.289,158.369,157.914,157.973,12052,0,0
2024-07-15T04:00:00+00:00,2024-07-15,09:30:00,1721016000,157.974,158.237,157.832,157.935,9248,0,0
2024-07-15T08:00:00+00:00,2024-07-15,13:30:00,1721030400,157.932,158.177,157.752,158.115,8745,0,0
2024-07-15T12:00:00+00:00,2024-07-15,17:30:00,1721044800,158.119,158.165,157.81,157.893,11513,0,0
2024-07-15T16:00:00+00:00,2024-07-15,21:30:00,1721059200,157.892,158.025,157.164,157.912,13651,0,0
2024-07-15T20:00:00+00:00,2024-07-16,01:30:00,1721073600,157.89,158.257,157.84,158.156,3553,0,0
2024-07-16T00:00:00+00:00,2024-07-16,05:30:00,1721088000,158.155,158.729,158.107,158.637,9095,0,0
2024-07-16T04:00:00+00:00,2024-07-16,09:30:00,1721102400,158.637,158.789,158.36,158.497,8604,0,0
2024-07-16T08:00:00+00:00,2024-07-16,13:30:00,1721116800,158.497,158.595,158.321,158.346,6962,0,0
2024-07-16T12:00:00+00:00,2024-07-16,17:30:00,1721131200,158.348,158.859,158.26,158.576,13857,0,0
2024-07-16T16:00:00+00:00,2024-07-16,21:30:00,1721145600,158.575,158.635,158.322,158.386,5450,0,0
2024-07-16T20:00:00+00:00,2024-07-17,01:30:00,1721160000,158.363,158.405,158.183,158.365,3278,0,0
2024-07-17T00:00:00+00:00,2024-07-17,05:30:00,1721174400,158.365,158.628,158.306,158.378,7878,0,0
2024-07-17T04:00:00+00:00,2024-07-17,09:30:00,1721188800,158.379,158.39,157.011,157.076,19422,0,0
2024-07-17T08:00:00+00:00,2024-07-17,13:30:00,1721203200,157.075,157.104,156.101,156.511,29848,0,0
2024-07-17T12:00:00+00:00,2024-07-17,17:30:00,1721217600,156.511,156.743,156.149,156.568,23841,0,0
2024-07-17T16:00:00+00:00,2024-07-17,21:30:00,1721232000,156.566,156.597,156.054,156.175,11731,0,0
2024-07-17T20:00:00+00:00,2024-07-18,01:30:00,1721246400,156.171,156.332,155.372,155.674,15190,0,0
2024-07-18T00:00:00+00:00,2024-07-18,05:30:00,1721260800,155.672,156.574,155.459,156.439,19442,0,0
2024-07-18T04:00:00+00:00,2024-07-18,09:30:00,1721275200,156.438,156.541,155.797,156.249,20097,0,0
2024-07-18T08:00:00+00:00,2024-07-18,13:30:00,1721289600,156.247,156.589,156.174,156.495,12615,0,0
2024-07-18T12:00:00+00:00,2024-07-18,17:30:00,1721304000,156.492,156.985,156.186,156.975,19671,0,0
2024-07-18T16:00:00+00:00,2024-07-18,21:30:00,1721318400,156.976,157.401,156.874,157.359,8113,0,0
2024-07-18T20:00:00+00:00,2024-07-19,01:30:00,1721332800,157.343,157.391,157.116,157.181,4110,0,0
2024-07-19T00:00:00+00:00,2024-07-19,05:30:00,1721347200,157.177,157.536,157.063,157.377,12592,0,0
2024-07-19T04:00:00+00:00,2024-07-19,09:30:00,1721361600,157.377,157.864,156.961,157.321,18385,0,0
2024-07-19T08:00:00+00:00,2024-07-19,13:30:00,1721376000,157.317,157.58,157.146,157.468,11411,0,0
2024-07-19T12:00:00+00:00,2024-07-19,17:30:00,1721390400,157.471,157.7,157.262,157.392,16121,0,0
2024-07-19T16:00:00+00:00,2024-07-19,21:30:00,1721404800,157.393,157.528,157.343,157.487,4763,0,0
2024-07-19T20:00:00+00:00,2024-07-20,01:30:00,1721419200,157.497,157.532,157.448,157.46,696,0,0
2024-07-21T20:00:00+00:00,2024-07-22,01:30:00,1721592000,157.417,157.504,157.158,157.426,5087,0,0
2024-07-22T00:00:00+00:00,2024-07-22,05:30:00,1721606400,157.426,157.614,157.336,157.483,8447,0,0
2024-07-22T04:00:00+00:00,2024-07-22,09:30:00,1721620800,157.483,157.512,156.286,156.811,22198,0,0
2024-07-22T08:00:00+00:00,2024-07-22,13:30:00,1721635200,156.808,156.966,156.557,156.857,14940,0,0
2024-07-22T12:00:00+00:00,2024-07-22,17:30:00,1721649600,156.857,157.148,156.696,157.086,14376,0,0
2024-07-22T16:00:00+00:00,2024-07-22,21:30:00,1721664000,157.086,157.174,157.034,157.066,4564,0,0
2024-07-22T20:00:00+00:00,2024-07-23,01:30:00,1721678400,157.078,157.105,156.857,156.908,3164,0,0
2024-07-23T00:00:00+00:00,2024-07-23,05:30:00,1721692800,156.906,156.929,156.196,156.279,16672,0,0
2024-07-23T04:00:00+00:00,2024-07-23,09:30:00,1721707200,156.282,156.638,155.934,156.045,16310,0,0
2024-07-23T08:00:00+00:00,2024-07-23,13:30:00,1721721600,156.039,156.192,155.821,156.154,15282,0,0
2024-07-23T12:00:00+00:00,2024-07-23,17:30:00,1721736000,156.157,156.269,155.945,156.022,13104,0,0
2024-07-23T16:00:00+00:00,2024-07-23,21:30:00,1721750400,156.021,156.057,155.578,155.626,8593,0,0
2024-07-23T20:00:00+00:00,2024-07-24,01:30:00,1721764800,155.639,155.819,155.473,155.766,3620,0,0
2024-07-24T00:00:00+00:00,2024-07-24,05:30:00,1721779200,155.768,155.992,155.046,155.057,21299,0,0
2024-07-24T04:00:00+00:00,2024-07-24,09:30:00,1721793600,155.059,155.059,154.362,154.594,26633,0,0
2024-07-24T08:00:00+00:00,2024-07-24,13:30:00,1721808000,154.594,154.947,154.055,154.193,18817,0,0
2024-07-24T12:00:00+00:00,2024-07-24,17:30:00,1721822400,154.193,154.227,153.105,153.385,32257,0,0
2024-07-24T16:00:00+00:00,2024-07-24,21:30:00,1721836800,153.385,154.099,153.342,154.015,11542,0,0
2024-07-24T20:00:00+00:00,2024-07-25,01:30:00,1721851200,154.012,154.013,153.476,153.919,7206,0,0
2024-07-25T00:00:00+00:00,2024-07-25,05:30:00,1721865600,153.918,153.971,152.229,152.32,37043,0,0
2024-07-25T04:00:00+00:00,2024-07-25,09:30:00,1721880000,152.319,152.974,152.057,152.199,25693,0,0
2024-07-25T08:00:00+00:00,2024-07-25,13:30:00,1721894400,152.195,152.75,151.944,152.725,22964,0,0
2024-07-25T12:00:00+00:00,2024-07-25,17:30:00,1721908800,152.724,154.198,152.553,153.98,49500,0,0
2024-07-25T16:00:00+00:00,2024-07-25,21:30:00,1721923200,153.982,154.321,153.747,153.912,18798,0,0
2024-07-25T20:00:00+00:00,2024-07-26,01:30:00,1721937600,153.919,154.037,153.375,153.703,9798,0,0
2024-07-26T00:00:00+00:00,2024-07-26,05:30:00,1721952000,153.699,154.143,153.398,153.756,22533,0,0
2024-07-26T04:00:00+00:00,2024-07-26,09:30:00,1721966400,153.756,154.174,153.5,153.92,17943,0,0
2024-07-26T08:00:00+00:00,2024-07-26,13:30:00,1721980800,153.92,154.74,153.865,154.613,17874,0,0
2024-07-26T12:00:00+00:00,2024-07-26,17:30:00,1721995200,154.613,154.731,153.103,153.872,38828,0,0
2024-07-26T16:00:00+00:00,2024-07-26,21:30:00,1722009600,153.87,153.876,153.676,153.756,8803,0,0
2024-07-26T20:00:00+00:00,2024-07-27,01:30:00,1722024000,153.754,153.797,153.731,153.763,674,0,0
2024-07-28T20:00:00+00:00,2024-07-29,01:30:00,1722196800,153.688,154.215,153.585,154.146,6313,0,0
2024-07-29T00:00:00+00:00,2024-07-29,05:30:00,1722211200,154.148,154.353,153.016,153.517,25897,0,0
2024-07-29T04:00:00+00:00,2024-07-29,09:30:00,1722225600,153.519,153.729,153.144,153.621,19924,0,0
2024-07-29T08:00:00+00:00,2024-07-29,13:30:00,1722240000,153.619,153.92,153.585,153.831,15283,0,0
2024-07-29T12:00:00+00:00,2024-07-29,17:30:00,1722254400,153.833,154.21,153.733,153.964,18841,0,0
2024-07-29T16:00:00+00:00,2024-07-29,21:30:00,1722268800,153.964,154.094,153.888,153.991,6692,0,0
2024-07-29T20:00:00+00:00,2024-07-30,01:30:00,1722283200,154.002,154.066,153.768,153.836,5371,0,0
2024-07-30T00:00:00+00:00,2024-07-30,05:30:00,1722297600,153.834,154.253,153.618,154.071,14738,0,0
2024-07-30T04:00:00+00:00,2024-07-30,09:30:00,1722312000,154.074,155.219,154.063,154.898,19906,0,0
2024-07-30T08:00:00+00:00,2024-07-30,13:30:00,1722326400,154.897,154.937,154.607,154.888,12300,0,0
2024-07-30T12:00:00+00:00,2024-07-30,17:30:00,1722340800,154.887,155.024,153.647,153.728,36581,0,0
2024-07-30T16:00:00+00:00,2024-07-30,21:30:00,1722355200,153.728,153.857,152.98,153.265,22004,0,0
2024-07-30T20:00:00+00:00,2024-07-31,01:30:00,1722369600,153.273,153.279,152.415,152.66,13311,0,0
2024-07-31T00:00:00+00:00,2024-07-31,05:30:00,1722384000,152.657,153.858,151.617,153.593,40804,0,0
2024-07-31T04:00:00+00:00,2024-07-31,09:30:00,1722398400,153.588,153.914,150.605,150.926,60834,0,0
2024-07-31T08:00:00+00:00,2024-07-31,13:30:00,1722412800,150.927,150.986,150.049,150.188,47917,0,0
2024-07-31T12:00:00+00:00,2024-07-31,17:30:00,1722427200,150.19,150.681,149.629,150.38,42848,0,0
2024-07-31T16:00:00+00:00,2024-07-31,21:30:00,1722441600,150.382,151.264,149.608,149.793,34799,0,0
2024-07-31T20:00:00+00:00,2024-08-01,01:30:00,1722456000,149.792,150.324,149.672,149.788,9928,0,0
2024-08-01T00:00:00+00:00,2024-08-01,05:30:00,1722470400,149.79,149.899,148.511,149.569,46352,0,0
2024-08-01T04:00:00+00:00,2024-08-01,09:30:00,1722484800,149.569,150.337,149.343,149.866,36128,0,0
2024-08-01T08:00:00+00:00,2024-08-01,13:30:00,1722499200,149.866,150.625,149.431,150.527,27488,0,0
2024-08-01T12:00:00+00:00,2024-08-01,17:30:00,1722513600,150.529,150.893,149.833,150.064,38351,0,0
2024-08-01T16:00:00+00:00,2024-08-01,21:30:00,1722528000,150.063,150.139,149.475,149.767,18631,0,0
2024-08-01T20:00:00+00:00,2024-08-02,01:30:00,1722542400,149.769,149.775,148.872,149.211,12007,0,0
2024-08-02T00:00:00+00:00,2024-08-02,05:30:00,1722556800,149.208,149.779,148.943,149.491,28929,0,0
2024-08-02T04:00:00+00:00,2024-08-02,09:30:00,1722571200,149.494,149.584,148.623,149.211,28949,0,0
2024-08-02T08:00:00+00:00,2024-08-02,13:30:00,1722585600,149.212,149.323,148.734,149.012,20546,0,0
2024-08-02T12:00:00+00:00,2024-08-02,17:30:00,1722600000,149.012,149.115,146.418,146.98,81117,0,0
2024-08-02T16:00:00+00:00,2024-08-02,21:30:00,1722614400,146.982,147.46,146.441,146.572,28732,0,0
2024-08-02T20:00:00+00:00,2024-08-03,01:30:00,1722628800,146.581,146.615,146.501,146.53,1736,0,0
2024-08-04T20:00:00+00:00,2024-08-05,01:30:00,1722801600,146.46,146.56,145.283,145.594,21525,0,0
2024-08-05T00:00:00+00:00,2024-08-05,05:30:00,1722816000,145.591,145.945,144.175,144.366,69840,0,0
2024-08-05T04:00:00+00:00,2024-08-05,09:30:00,1722830400,144.366,144.435,141.685,143.484,118780,0,0
2024-08-05T08:00:00+00:00,2024-08-05,13:30:00,1722844800,143.482,143.565,141.738,142.314,48406,0,0
2024-08-05T12:00:00+00:00,2024-08-05,17:30:00,1722859200,142.312,143.996,141.841,143.961,74180,0,0
2024-08-05T16:00:00+00:00,2024-08-05,21:30:00,1722873600,143.961,144.895,143.392,143.739,43730,0,0
2024-08-05T20:00:00+00:00,2024-08-06,01:30:00,1722888000,143.741,145.837,143.623,145.805,28953,0,0
2024-08-06T00:00:00+00:00,2024-08-06,05:30:00,1722902400,145.807,146.38,144.308,145.355,70260,0,0
2024-08-06T04:00:00+00:00,2024-08-06,09:30:00,1722916800,145.355,146.292,145.107,145.295,61550,0,0
2024-08-06T08:00:00+00:00,2024-08-06,13:30:00,1722931200,145.293,145.461,144.354,145.154,53472,0,0
2024-08-06T12:00:00+00:00,2024-08-06,17:30:00,1722945600,145.151,145.209,144.048,145.111,60667,0,0
2024-08-06T16:00:00+00:00,2024-08-06,21:30:00,1722960000,145.112,145.422,144.731,144.732,24160,0,0
2024-08-06T20:00:00+00:00,2024-08-07,01:30:00,1722974400,144.746,144.812,144.163,144.74,12729,0,0
2024-08-07T00:00:00+00:00,2024-08-07,05:30:00,1722988800,144.737,147.502,144.551,147.129,71794,0,0
2024-08-07T04:00:00+00:00,2024-08-07,09:30:00,1723003200,147.133,147.908,146.086,146.689,66291,0,0
2024-08-07T08:00:00+00:00,2024-08-07,13:30:00,1723017600,146.691,147.639,146.621,147.207,35305,0,0
2024-08-07T12:00:00+00:00,2024-08-07,17:30:00,1723032000,147.208,147.691,146.651,147.417,36094,0,0
2024-08-07T16:00:00+00:00,2024-08-07,21:30:00,1723046400,147.421,147.502,146.684,146.84,31885,0,0
2024-08-07T20:00:00+00:00,2024-08-08,01:30:00,1723060800,146.849,146.907,145.57,146.279,20374,0,0
2024-08-08T00:00:00+00:00,2024-08-08,05:30:00,1723075200,146.283,146.876,145.429,146.378,59905,0,0
2024-08-08T04:00:00+00:00,2024-08-08,09:30:00,1723089600,146.382,146.406,145.631,145.873,47738,0,0
2024-08-08T08:00:00+00:00,2024-08-08,13:30:00,1723104000,145.875,146.491,145.757,146.165,32334,0,0
2024-08-08T12:00:00+00:00,2024-08-08,17:30:00,1723118400,146.167,147.549,145.952,147.098,43252,0,0
2024-08-08T16:00:00+00:00,2024-08-08,21:30:00,1723132800,147.095,147.438,147.074,147.141,16365,0,0
2024-08-08T20:00:00+00:00,2024-08-09,01:30:00,1723147200,147.143,147.82,147.101,147.697,12309,0,0
2024-08-09T00:00:00+00:00,2024-08-09,05:30:00,1723161600,147.694,147.78,147.026,147.231,30398,0,0
2024-08-09T04:00:00+00:00,2024-08-09,09:30:00,1723176000,147.232,147.256,146.72,147.204,26096,0,0
2024-08-09T08:00:00+00:00,2024-08-09,13:30:00,1723190400,147.205,147.324,146.826,147.013,20676,0,0
2024-08-09T12:00:00+00:00,2024-08-09,17:30:00,1723204800,147.013,147.034,146.268,146.499,26243,0,0
2024-08-09T16:00:00+00:00,2024-08-09,21:30:00,1723219200,146.497,146.765,146.481,146.631,10423,0,0
2024-08-09T20:00:00+00:00,2024-08-10,01:30:00,1723233600,146.643,146.697,146.597,146.622,1139,0,0
2024-08-11T20:00:00+00:00,2024-08-12,01:30:00,1723406400,146.611,147.13,146.533,147.075,7127,0,0
2024-08-12T00:00:00+00:00,2024-08-12,05:30:00,1723420800,147.076,147.226,146.703,147.2,12619,0,0
2024-08-12T04:00:00+00:00,2024-08-12,09:30:00,1723435200,147.202,147.324,147.032,147.223,13138,0,0
2024-08-12T08:00:00+00:00,2024-08-12,13:30:00,1723449600,147.22,147.666,147.194,147.573,11504,0,0
2024-08-12T12:00:00+00:00,2024-08-12,17:30:00,1723464000,147.576,148.227,147.237,147.544,26054,0,0
2024-08-12T16:00:00+00:00,2024-08-12,21:30:00,1723478400,147.544,147.578,147.043,147.179,16028,0,0
2024-08-12T20:00:00+00:00,2024-08-13,01:30:00,1723492800,147.167,147.279,146.914,147.025,6694,0,0
2024-08-13T00:00:00+00:00,2024-08-13,05:30:00,1723507200,147.028,147.514,147.006,147.482,15681,0,0
2024-08-13T04:00:00+00:00,2024-08-13,09:30:00,1723521600,147.482,147.95,147.434,147.859,14744,0,0
2024-08-13T08:00:00+00:00,2024-08-13,13:30:00,1723536000,147.857,147.923,147.313,147.352,14588,0,0
2024-08-13T12:00:00+00:00,2024-08-13,17:30:00,1723550400,147.35,147.512,146.844,146.975,31885,0,0
2024-08-13T16:00:00+00:00,2024-08-13,21:30:00,1723564800,146.972,146.974,146.597,146.818,11219,0,0
2024-08-13T20:00:00+00:00,2024-08-14,01:30:00,1723579200,146.83,147.017,146.738,146.946,4599,0,0
2024-08-14T00:00:00+00:00,2024-08-14,05:30:00,1723593600,146.95,147.186,146.071,146.782,22360,0,0
2024-08-14T04:00:00+00:00,2024-08-14,09:30:00,1723608000,146.779,147.424,146.755,147.412,16200,0,0
2024-08-14T08:00:00+00:00,2024-08-14,13:30:00,1723622400,147.409,147.502,146.831,146.894,9846,0,0
2024-08-14T12:00:00+00:00,2024-08-14,17:30:00,1723636800,146.89,147.586,146.511,146.868,32829,0,0
2024-08-14T16:00:00+00:00,2024-08-14,21:30:00,1723651200,146.866,147.379,146.821,147.335,7429,0,0
2024-08-14T20:00:00+00:00,2024-08-15,01:30:00,1723665600,147.341,147.439,147.116,147.272,4018,0,0
2024-08-15T00:00:00+00:00,2024-08-15,05:30:00,1723680000,147.277,147.618,147.152,147.405,12346,0,0
2024-08-15T04:00:00+00:00,2024-08-15,09:30:00,1723694400,147.408,147.417,147.054,147.216,8615,0,0
2024-08-15T08:00:00+00:00,2024-08-15,13:30:00,1723708800,147.217,147.449,147.182,147.223,7398,0,0
2024-08-15T12:00:00+00:00,2024-08-15,17:30:00,1723723200,147.225,149.328,147.186,148.916,35057,0,0
2024-08-15T16:00:00+00:00,2024-08-15,21:30:00,1723737600,148.914,149.187,148.85,149.045,5572,0,0
2024-08-15T20:00:00+00:00,2024-08-16,01:30:00,1723752000,149.038,149.393,149.019,149.23,4450,0,0
2024-08-16T00:00:00+00:00,2024-08-16,05:30:00,1723766400,149.233,149.277,148.741,148.932,13398,0,0
2024-08-16T04:00:00+00:00,2024-08-16,09:30:00,1723780800,148.933,149.098,148.832,149.016,8194,0,0
2024-08-16T08:00:00+00:00,2024-08-16,13:30:00,1723795200,149.018,149.052,147.959,148.048,13789,0,0
2024-08-16T12:00:00+00:00,2024-08-16,17:30:00,1723809600,148.05,148.269,147.617,148.134,22425,0,0
2024-08-16T16:00:00+00:00,2024-08-16,21:30:00,1723824000,148.136,148.197,147.631,147.69,7126,0,0
2024-08-16T20:00:00+00:00,2024-08-17,01:30:00,1723838400,147.691,147.699,147.569,147.608,775,0,0
2024-08-18T20:00:00+00:00,2024-08-19,01:30:00,1724011200,147.56,148.053,147.499,147.964,3492,0,0
2024-08-19T00:00:00+00:00,2024-08-19,05:30:00,1724025600,147.967,148.007,146.316,146.462,20735,0,0
2024-08-19T04:00:00+00:00,2024-08-19,09:30:00,1724040000,146.464,146.629,145.189,146.108,32846,0,0
2024-08-19T08:00:00+00:00,2024-08-19,13:30:00,1724054400,146.106,146.527,145.905,146.043,17826,0,0
2024-08-19T12:00:00+00:00,2024-08-19,17:30:00,1724068800,146.042,146.718,145.933,146.426,22593,0,0
2024-08-19T16:00:00+00:00,2024-08-19,21:30:00,1724083200,146.428,146.694,146.389,146.623,6477,0,0
2024-08-19T20:00:00+00:00,2024-08-20,01:30:00,1724097600,146.63,146.872,146.524,146.714,3861,0,0
2024-08-20T00:00:00+00:00,2024-08-20,05:30:00,1724112000,146.717,147.166,145.849,147.07,24849,0,0
2024-08-20T04:00:00+00:00,2024-08-20,09:30:00,1724126400,147.067,147.348,146.332,146.56,19208,0,0
2024-08-20T08:00:00+00:00,2024-08-20,13:30:00,1724140800,146.557,146.589,146.234,146.377,16225,0,0
2024-08-20T12:00:00+00:00,2024-08-20,17:30:00,1724155200,146.374,146.492,145.519,145.699,22421,0,0
2024-08-20T16:00:00+00:00,2024-08-20,21:30:00,1724169600,145.703,145.748,145.324,145.332,7407,0,0
2024-08-20T20:00:00+00:00,2024-08-21,01:30:00,1724184000,145.341,145.362,144.943,145.325,8437,0,0
2024-08-21T00:00:00+00:00,2024-08-21,05:30:00,1724198400,145.322,145.592,144.93,145.478,20640,0,0
2024-08-21T04:00:00+00:00,2024-08-21,09:30:00,1724212800,145.481,146.229,145.395,146.144,15847,0,0
2024-08-21T08:00:00+00:00,2024-08-21,13:30:00,1724227200,146.148,146.229,145.882,146.061,11257,0,0
2024-08-21T12:00:00+00:00,2024-08-21,17:30:00,1724241600,146.058,146.904,145.034,145.198,50022,0,0
2024-08-21T16:00:00+00:00,2024-08-21,21:30:00,1724256000,145.2,145.245,144.455,144.998,16523,0,0
2024-08-21T20:00:00+00:00,2024-08-22,01:30:00,1724270400,145.004,145.273,144.846,145.125,6227,0,0
2024-08-22T00:00:00+00:00,2024-08-22,05:30:00,1724284800,145.124,145.643,144.943,145.268,15027,0,0
2024-08-22T04:00:00+00:00,2024-08-22,09:30:00,1724299200,145.271,145.476,144.987,145.246,14689,0,0
2024-08-22T08:00:00+00:00,2024-08-22,13:30:00,1724313600,145.248,146.153,145.248,145.993,12511,0,0
2024-08-22T12:00:00+00:00,2024-08-22,17:30:00,1724328000,145.99,146.529,145.822,145.977,25321,0,0
2024-08-22T16:00:00+00:00,2024-08-22,21:30:00,1724342400,145.979,146.495,145.966,146.295,10552,0,0
2024-08-22T20:00:00+00:00,2024-08-23,01:30:00,1724356800,146.299,146.374,146.023,146.214,3693,0,0
2024-08-23T00:00:00+00:00,2024-08-23,05:30:00,1724371200,146.217,146.339,145.294,145.673,22882,0,0
2024-08-23T04:00:00+00:00,2024-08-23,09:30:00,1724385600,145.676,145.979,145.291,145.826,13441,0,0
2024-08-23T08:00:00+00:00,2024-08-23,13:30:00,1724400000,145.827,146.179,145.749,146.032,10510,0,0
2024-08-23T12:00:00+00:00,2024-08-23,17:30:00,1724414400,146.035,146.482,144.599,144.868,35377,0,0
2024-08-23T16:00:00+00:00,2024-08-23,21:30:00,1724428800,144.865,144.98,144.046,144.222,13403,0,0
2024-08-23T20:00:00+00:00,2024-08-24,01:30:00,1724443200,144.233,144.403,144.223,144.371,1208,0,0
2024-08-25T20:00:00+00:00,2024-08-26,01:30:00,1724616000,144.214,144.341,143.558,143.924,11518,0,0
2024-08-26T00:00:00+00:00,2024-08-26,05:30:00,1724630400,143.927,144.095,143.448,143.971,25864,0,0
2024-08-26T04:00:00+00:00,2024-08-26,09:30:00,1724644800,143.973,144.219,143.602,143.888,16691,0,0
2024-08-26T08:00:00+00:00,2024-08-26,13:30:00,1724659200,143.892,144.231,143.774,144.134,10314,0,0
2024-08-26T12:00:00+00:00,2024-08-26,17:30:00,1724673600,144.137,144.609,143.857,144.512,21145,0,0
2024-08-26T16:00:00+00:00,2024-08-26,21:30:00,1724688000,144.509,144.655,144.32,144.6,7116,0,0
2024-08-26T20:00:00+00:00,2024-08-27,01:30:00,1724702400,144.598,144.609,144.233,144.506,3998,0,0
2024-08-27T00:00:00+00:00,2024-08-27,05:30:00,1724716800,144.509,144.974,144.454,144.835,11669,0,0
2024-08-27T04:00:00+00:00,2024-08-27,09:30:00,1724731200,144.833,145.175,144.577,145.002,12924,0,0
2024-08-27T08:00:00+00:00,2024-08-27,13:30:00,1724745600,144.998,145.15,144.51,144.534,11959,0,0
2024-08-27T12:00:00+00:00,2024-08-27,17:30:00,1724760000,144.531,144.607,144.154,144.268,18619,0,0
2024-08-27T16:00:00+00:00,2024-08-27,21:30:00,1724774400,144.267,144.294,143.918,143.976,7213,0,0
2024-08-27T20:00:00+00:00,2024-08-28,01:30:00,1724788800,143.977,144.008,143.683,143.965,4709,0,0
2024-08-28T00:00:00+00:00,2024-08-28,05:30:00,1724803200,143.968,144.493,143.911,144.411,13669,0,0
2024-08-28T04:00:00+00:00,2024-08-28,09:30:00,1724817600,144.413,144.605,144.291,144.563,8488,0,0
2024-08-28T08:00:00+00:00,2024-08-28,13:30:00,1724832000,144.564,144.578,144.065,144.326,9404,0,0
2024-08-28T12:00:00+00:00,2024-08-28,17:30:00,1724846400,144.323,145.042,144.31,144.475,18109,0,0
2024-08-28T16:00:00+00:00,2024-08-28,21:30:00,1724860800,144.473,144.814,144.468,144.69,8018,0,0
2024-08-28T20:00:00+00:00,2024-08-29,01:30:00,1724875200,144.702,144.77,144.22,144.44,7300,0,0
2024-08-29T00:00:00+00:00,2024-08-29,05:30:00,1724889600,144.437,144.699,144.274,144.53,11270,0,0
2024-08-29T04:00:00+00:00,2024-08-29,09:30:00,1724904000,144.527,144.863,144.462,144.731,11751,0,0
2024-08-29T08:00:00+00:00,2024-08-29,13:30:00,1724918400,144.727,144.743,144.444,144.594,12945,0,0
2024-08-29T12:00:00+00:00,2024-08-29,17:30:00,1724932800,144.591,145.558,144.542,144.99,23933,0,0
2024-08-29T16:00:00+00:00,2024-08-29,21:30:00,1724947200,144.987,145.049,144.725,144.91,11154,0,0
2024-08-29T20:00:00+00:00,2024-08-30,01:30:00,1724961600,144.909,145.074,144.838,144.892,5995,0,0
2024-08-30T00:00:00+00:00,2024-08-30,05:30:00,1724976000,144.893,144.947,144.653,144.797,13123,0,0
2024-08-30T04:00:00+00:00,2024-08-30,09:30:00,1724990400,144.797,145.094,144.774,144.933,9691,0,0
2024-08-30T08:00:00+00:00,2024-08-30,13:30:00,1725004800,144.932,145.458,144.851,145.426,9882,0,0
2024-08-30T12:00:00+00:00,2024-08-30,17:30:00,1725019200,145.424,145.974,145.253,145.956,25739,0,0
2024-08-30T16:00:00+00:00,2024-08-30,21:30:00,1725033600,145.956,146.25,145.908,146.181,10643,0,0
2024-08-30T20:00:00+00:00,2024-08-31,01:30:00,1725048000,146.187,146.218,146.092,146.186,1436,0,0
2024-09-01T20:00:00+00:00,2024-09-02,01:30:00,1725220800,146.062,146.603,146.015,146.403,5406,0,0
2024-09-02T00:00:00+00:00,2024-09-02,05:30:00,1725235200,146.403,146.55,145.828,145.95,16073,0,0
2024-09-02T04:00:00+00:00,2024-09-02,09:30:00,1725249600,145.952,146.479,145.775,146.474,12067,0,0
2024-09-02T08:00:00+00:00,2024-09-02,13:30:00,1725264000,146.473,146.99,146.432,146.988,10897,0,0
2024-09-02T12:00:00+00:00,2024-09-02,17:30:00,1725278400,146.988,147.179,146.834,146.953,8830,0,0
2024-09-02T16:00:00+00:00,2024-09-02,21:30:00,1725292800,146.955,146.992,146.809,146.881,2261,0,0
2024-09-02T20:00:00+00:00,2024-09-03,01:30:00,1725307200,146.884,146.964,146.713,146.751,3213,0,0
2024-09-03T00:00:00+00:00,2024-09-03,05:30:00,1725321600,146.753,147.21,146.448,146.545,20738,0,0
2024-09-03T04:00:00+00:00,2024-09-03,09:30:00,1725336000,146.546,146.596,145.891,145.951,20932,0,0
2024-09-03T08:00:00+00:00,2024-09-03,13:30:00,1725350400,145.952,146.24,145.612,146.175,16384,0,0
2024-09-03T12:00:00+00:00,2024-09-03,17:30:00,1725364800,146.178,146.29,145.131,145.824,30695,0,0
2024-09-03T16:00:00+00:00,2024-09-03,21:30:00,1725379200,145.826,145.926,145.566,145.626,10678,0,0
2024-09-03T20:00:00+00:00,2024-09-04,01:30:00,1725393600,145.63,145.712,145.091,145.369,8867,0,0
2024-09-04T00:00:00+00:00,2024-09-04,05:30:00,1725408000,145.37,145.556,144.89,145.315,24990,0,0
2024-09-04T04:00:00+00:00,2024-09-04,09:30:00,1725422400,145.315,145.544,144.753,144.983,21017,0,0
2024-09-04T08:00:00+00:00,2024-09-04,13:30:00,1725436800,144.986,145.273,144.861,144.887,13805,0,0
2024-09-04T12:00:00+00:00,2024-09-04,17:30:00,1725451200,144.891,145.218,143.998,144.309,32676,0,0
2024-09-04T16:00:00+00:00,2024-09-04,21:30:00,1725465600,144.309,144.373,143.793,143.814,14564,0,0
2024-09-04T20:00:00+00:00,2024-09-05,01:30:00,1725480000,143.826,143.874,143.186,143.338,9245,0,0
2024-09-05T00:00:00+00:00,2024-09-05,05:30:00,1725494400,143.334,143.907,143.301,143.764,20232,0,0
2024-09-05T04:00:00+00:00,2024-09-05,09:30:00,1725508800,143.767,143.857,143.047,143.615,20321,0,0
2024-09-05T08:00:00+00:00,2024-09-05,13:30:00,1725523200,143.614,143.753,143.415,143.454,14332,0,0
2024-09-05T12:00:00+00:00,2024-09-05,17:30:00,1725537600,143.451,144.234,142.85,143.437,37763,0,0
2024-09-05T16:00:00+00:00,2024-09-05,21:30:00,1725552000,143.434,143.547,143.193,143.451,15334,0,0
2024-09-05T20:00:00+00:00,2024-09-06,01:30:00,1725566400,143.454,143.487,143.328,143.39,5277,0,0
2024-09-06T00:00:00+00:00,2024-09-06,05:30:00,1725580800,143.387,143.422,142.986,143.035,14902,0,0
2024-09-06T04:00:00+00:00,2024-09-06,09:30:00,1725595200,143.035,143.035,142.056,142.521,23886,0,0
2024-09-06T08:00:00+00:00,2024-09-06,13:30:00,1725609600,142.524,143.13,142.483,143.061,15877,0,0
2024-09-06T12:00:00+00:00,2024-09-06,17:30:00,1725624000,143.064,144.058,141.769,142.136,87596,0,0
2024-09-06T16:00:00+00:00,2024-09-06,21:30:00,1725638400,142.14,142.695,142.075,142.412,25114,0,0
2024-09-06T20:00:00+00:00,2024-09-07,01:30:00,1725652800,142.414,142.429,142.255,142.31,2250,0,0
2024-09-08T20:00:00+00:00,2024-09-09,01:30:00,1725825600,142.276,142.531,141.962,142.493,9223,0,0
2024-09-09T00:00:00+00:00,2024-09-09,05:30:00,1725840000,142.492,142.989,142.422,142.762,21471,0,0
2024-09-09T04:00:00+00:00,2024-09-09,09:30:00,1725854400,142.761,143.362,142.741,143.161,20993,0,0
2024-09-09T08:00:00+00:00,2024-09-09,13:30:00,1725868800,143.16,143.801,143.095,143.611,15826,0,0
2024-09-09T12:00:00+00:00,2024-09-09,17:30:00,1725883200,143.608,143.701,142.653,142.927,24316,0,0
2024-09-09T16:00:00+00:00,2024-09-09,21:30:00,1725897600,142.928,142.963,142.717,142.961,11754,0,0
2024-09-09T20:00:00+00:00,2024-09-10,01:30:00,1725912000,142.952,143.3,142.854,143.186,5924,0,0
2024-09-10T00:00:00+00:00,2024-09-10,05:30:00,1725926400,143.186,143.549,143.119,143.238,17249,0,0
2024-09-10T04:00:00+00:00,2024-09-10,09:30:00,1725940800,143.238,143.615,143.029,143.604,13595,0,0
2024-09-10T08:00:00+00:00,2024-09-10,13:30:00,1725955200,143.606,143.713,142.951,143.125,15532,0,0
2024-09-10T12:00:00+00:00,2024-09-10,17:30:00,1725969600,143.125,143.193,142.26,142.29,24617,0,0
2024-09-10T16:00:00+00:00,2024-09-10,21:30:00,1725984000,142.288,142.57,142.193,142.305,12322,0,0
2024-09-10T20:00:00+00:00,2024-09-11,01:30:00,1725998400,142.312,142.49,142.212,142.234,5765,0,0
2024-09-11T00:00:00+00:00,2024-09-11,05:30:00,1726012800,142.236,142.426,141.254,141.399,29772,0,0
2024-09-11T04:00:00+00:00,2024-09-11,09:30:00,1726027200,141.398,141.55,140.711,141.39,27645,0,0
2024-09-11T08:00:00+00:00,2024-09-11,13:30:00,1726041600,141.387,141.825,141.292,141.69,17218,0,0
2024-09-11T12:00:00+00:00,2024-09-11,17:30:00,1726056000,141.693,142.55,141.247,141.729,45107,0,0
2024-09-11T16:00:00+00:00,2024-09-11,21:30:00,1726070400,141.726,142.413,141.726,142.364,20486,0,0
2024-09-11T20:00:00+00:00,2024-09-12,01:30:00,1726084800,142.364,142.679,142.184,142.637,6618,0,0
2024-09-12T00:00:00+00:00,2024-09-12,05:30:00,1726099200,142.639,142.951,142.256,142.594,21551,0,0
2024-09-12T04:00:00+00:00,2024-09-12,09:30:00,1726113600,142.596,143.046,142.469,142.766,19161,0,0
2024-09-12T08:00:00+00:00,2024-09-12,13:30:00,1726128000,142.763,142.78,142.366,142.568,17203,0,0
2024-09-12T12:00:00+00:00,2024-09-12,17:30:00,1726142400,142.565,142.666,141.911,142.244,38404,0,0
2024-09-12T16:00:00+00:00,2024-09-12,21:30:00,1726156800,142.245,142.658,141.751,141.878,21940,0,0
2024-09-12T20:00:00+00:00,2024-09-13,01:30:00,1726171200,141.875,141.922,141.428,141.511,8183,0,0
2024-09-13T00:00:00+00:00,2024-09-13,05:30:00,1726185600,141.514,141.562,140.777,140.978,24194,0,0
2024-09-13T04:00:00+00:00,2024-09-13,09:30:00,1726200000,140.981,141.414,140.644,140.916,21735,0,0
2024-09-13T08:00:00+00:00,2024-09-13,13:30:00,1726214400,140.915,140.978,140.361,140.836,23085,0,0
2024-09-13T12:00:00+00:00,2024-09-13,17:30:00,1726228800,140.834,141.023,140.283,140.664,31484,0,0
2024-09-13T16:00:00+00:00,2024-09-13,21:30:00,1726243200,140.668,141.009,140.593,140.918,14056,0,0
2024-09-13T20:00:00+00:00,2024-09-14,01:30:00,1726257600,140.93,140.939,140.815,140.819,1385,0,0
2024-09-15T20:00:00+00:00,2024-09-16,01:30:00,1726430400,140.774,140.902,140.455,140.85,5645,0,0
2024-09-16T00:00:00+00:00,2024-09-16,05:30:00,1726444800,140.85,140.85,140.048,140.126,18285,0,0
2024-09-16T04:00:00+00:00,2024-09-16,09:30:00,1726459200,140.128,140.304,139.581,139.878,23933,0,0
2024-09-16T08:00:00+00:00,2024-09-16,13:30:00,1726473600,139.875,140.276,139.735,139.889,18580,0,0
2024-09-16T12:00:00+00:00,2024-09-16,17:30:00,1726488000,139.887,140.911,139.754,140.801,31643,0,0
2024-09-16T16:00:00+00:00,2024-09-16,21:30:00,1726502400,140.799,140.885,140.604,140.702,11361,0,0
2024-09-16T20:00:00+00:00,2024-09-17,01:30:00,1726516800,140.704,141.25,140.567,140.802,8550,0,0
2024-09-17T00:00:00+00:00,2024-09-17,05:30:00,1726531200,140.801,140.848,140.32,140.6,21223,0,0
2024-09-17T04:00:00+00:00,2024-09-17,09:30:00,1726545600,140.6,140.807,140.351,140.602,18800,0,0
2024-09-17T08:00:00+00:00,2024-09-17,13:30:00,1726560000,140.601,140.743,140.442,140.605,14027,0,0
2024-09-17T12:00:00+00:00,2024-09-17,17:30:00,1726574400,140.605,141.905,140.547,141.774,40643,0,0
2024-09-17T16:00:00+00:00,2024-09-17,21:30:00,1726588800,141.777,142.3,141.692,142.214,19590,0,0
2024-09-17T20:00:00+00:00,2024-09-18,01:30:00,1726603200,142.219,142.462,141.897,142.01,7467,0,0
2024-09-18T00:00:00+00:00,2024-09-18,05:30:00,1726617600,142.01,142.025,141.292,141.399,20504,0,0
2024-09-18T04:00:00+00:00,2024-09-18,09:30:00,1726632000,141.396,141.934,141.223,141.878,17115,0,0
2024-09-18T08:00:00+00:00,2024-09-18,13:30:00,1726646400,141.882,141.999,141.551,141.848,15426,0,0
2024-09-18T12:00:00+00:00,2024-09-18,17:30:00,1726660800,141.85,142.069,141.676,141.937,22576,0,0
2024-09-18T16:00:00+00:00,2024-09-18,21:30:00,1726675200,141.936,142.716,140.439,142.445,67875,0,0
2024-09-18T20:00:00+00:00,2024-09-19,01:30:00,1726689600,142.448,142.762,141.88,142.703,13874,0,0
2024-09-19T00:00:00+00:00,2024-09-19,05:30:00,1726704000,142.705,143.947,142.704,143.171,38681,0,0
2024-09-19T04:00:00+00:00,2024-09-19,09:30:00,1726718400,143.173,143.299,142.043,142.509,32081,0,0
2024-09-19T08:00:00+00:00,2024-09-19,13:30:00,1726732800,142.511,143.256,142.457,142.922,28816,0,0
2024-09-19T12:00:00+00:00,2024-09-19,17:30:00,1726747200,142.923,143.769,142.709,142.886,45968,0,0
2024-09-19T16:00:00+00:00,2024-09-19,21:30:00,1726761600,142.883,143.137,142.53,142.618,17483,0,0
2024-09-19T20:00:00+00:00,2024-09-20,01:30:00,1726776000,142.626,142.933,142.521,142.867,7578,0,0
2024-09-20T00:00:00+00:00,2024-09-20,05:30:00,1726790400,142.864,142.901,141.955,142.292,32347,0,0
2024-09-20T04:00:00+00:00,2024-09-20,09:30:00,1726804800,142.292,143.649,141.736,143.632,43233,0,0
2024-09-20T08:00:00+00:00,2024-09-20,13:30:00,1726819200,143.634,144.43,143.479,144.219,30011,0,0
2024-09-20T12:00:00+00:00,2024-09-20,17:30:00,1726833600,144.216,144.499,143.467,143.908,41044,0,0
2024-09-20T16:00:00+00:00,2024-09-20,21:30:00,1726848000,143.91,144.159,143.651,143.92,21096,0,0
2024-09-20T20:00:00+00:00,2024-09-21,01:30:00,1726862400,143.914,144.048,143.879,143.926,2377,0,0
2024-09-22T20:00:00+00:00,2024-09-23,01:30:00,1727035200,143.88,144.093,143.703,144.083,6479,0,0
2024-09-23T00:00:00+00:00,2024-09-23,05:30:00,1727049600,144.085,144.461,144.031,144.32,17542,0,0
2024-09-23T04:00:00+00:00,2024-09-23,09:30:00,1727064000,144.32,144.354,143.545,143.67,21419,0,0
2024-09-23T08:00:00+00:00,2024-09-23,13:30:00,1727078400,143.668,143.749,143.165,143.611,24435,0,0
2024-09-23T12:00:00+00:00,2024-09-23,17:30:00,1727092800,143.614,144.348,143.457,143.596,33793,0,0
2024-09-23T16:00:00+00:00,2024-09-23,21:30:00,1727107200,143.595,143.631,143.253,143.478,17526,0,0
2024-09-23T20:00:00+00:00,2024-09-24,01:30:00,1727121600,143.49,143.783,143.49,143.638,6052,0,0
2024-09-24T00:00:00+00:00,2024-09-24,05:30:00,1727136000,143.635,143.912,143.375,143.774,22369,0,0
2024-09-24T04:00:00+00:00,2024-09-24,09:30:00,1727150400,143.774,144.68,143.751,144.454,21719,0,0
2024-09-24T08:00:00+00:00,2024-09-24,13:30:00,1727164800,144.451,144.636,143.829,143.979,21785,0,0
2024-09-24T12:00:00+00:00,2024-09-24,17:30:00,1727179200,143.979,144.208,143.429,143.776,33393,0,0
2024-09-24T16:00:00+00:00,2024-09-24,21:30:00,1727193600,143.776,143.796,143.216,143.23,13709,0,0
2024-09-24T20:00:00+00:00,2024-09-25,01:30:00,1727208000,143.236,143.256,142.902,142.951,6758,0,0
2024-09-25T00:00:00+00:00,2024-09-25,05:30:00,1727222400,142.953,143.497,142.91,143.3,19818,0,0
2024-09-25T04:00:00+00:00,2024-09-25,09:30:00,1727236800,143.3,143.911,143.178,143.881,18770,0,0
2024-09-25T08:00:00+00:00,2024-09-25,13:30:00,1727251200,143.881,144.444,143.881,144.306,18158,0,0
2024-09-25T12:00:00+00:00,2024-09-25,17:30:00,1727265600,144.306,144.607,143.859,144.405,25912,0,0
2024-09-25T16:00:00+00:00,2024-09-25,21:30:00,1727280000,144.406,144.768,144.375,144.756,13471,0,0
2024-09-25T20:00:00+00:00,2024-09-26,01:30:00,1727294400,144.757,144.843,144.559,144.714,6500,0,0
2024-09-26T00:00:00+00:00,2024-09-26,05:30:00,1727308800,144.712,145.042,144.445,144.93,16412,0,0
2024-09-26T04:00:00+00:00,2024-09-26,09:30:00,1727323200,144.93,145.173,144.616,145.029,19274,0,0
2024-09-26T08:00:00+00:00,2024-09-26,13:30:00,1727337600,145.028,145.201,144.159,144.168,23615,0,0
2024-09-26T12:00:00+00:00,2024-09-26,17:30:00,1727352000,144.165,145.216,144.109,144.681,36770,0,0
2024-09-26T16:00:00+00:00,2024-09-26,21:30:00,1727366400,144.68,144.903,144.507,144.653,15984,0,0
2024-09-26T20:00:00+00:00,2024-09-27,01:30:00,1727380800,144.665,145.147,144.662,145.086,6412,0,0
2024-09-27T00:00:00+00:00,2024-09-27,05:30:00,1727395200,145.085,145.581,144.937,145.253,24508,0,0
2024-09-27T04:00:00+00:00,2024-09-27,09:30:00,1727409600,145.255,146.501,142.775,143.197,79817,0,0
2024-09-27T08:00:00+00:00,2024-09-27,13:30:00,1727424000,143.195,143.772,142.949,143.11,38263,0,0
2024-09-27T12:00:00+00:00,2024-09-27,17:30:00,1727438400,143.108,143.242,142.386,142.603,45745,0,0
2024-09-27T16:00:00+00:00,2024-09-27,21:30:00,1727452800,142.602,142.706,142.068,142.142,22206,0,0
2024-09-27T20:00:00+00:00,2024-09-28,01:30:00,1727467200,142.147,142.271,142.132,142.212,2097,0,0
2024-09-29T20:00:00+00:00,2024-09-30,01:30:00,1727640000,142.245,142.952,142.145,142.79,7361,0,0
2024-09-30T00:00:00+00:00,2024-09-30,05:30:00,1727654400,142.795,142.847,142.271,142.455,24984,0,0
2024-09-30T04:00:00+00:00,2024-09-30,09:30:00,1727668800,142.455,142.505,141.646,142.369,26682,0,0
2024-09-30T08:00:00+00:00,2024-09-30,13:30:00,1727683200,142.37,142.804,142.344,142.562,19851,0,0
2024-09-30T12:00:00+00:00,2024-09-30,17:30:00,1727697600,142.559,143.371,142.546,143.264,30216,0,0
2024-09-30T16:00:00+00:00,2024-09-30,21:30:00,1727712000,143.262,143.918,142.928,143.721,26346,0,0
2024-09-30T20:00:00+00:00,2024-10-01,01:30:00,1727726400,143.729,143.74,143.373,143.717,8110,0,0
2024-10-01T00:00:00+00:00,2024-10-01,05:30:00,1727740800,143.715,144.334,143.66,144.278,22349,0,0
2024-10-01T04:00:00+00:00,2024-10-01,09:30:00,1727755200,144.28,144.535,143.88,144.175,28045,0,0
2024-10-01T08:00:00+00:00,2024-10-01,13:30:00,1727769600,144.173,144.228,143.561,143.756,26310,0,0
2024-10-01T12:00:00+00:00,2024-10-01,17:30:00,1727784000,143.758,144.074,142.968,143.672,57558,0,0
2024-10-01T16:00:00+00:00,2024-10-01,21:30:00,1727798400,143.671,143.923,143.275,143.555,28699,0,0
2024-10-01T20:00:00+00:00,2024-10-02,01:30:00,1727812800,143.564,143.764,143.418,143.727,7281,0,0
2024-10-02T00:00:00+00:00,2024-10-02,05:30:00,1727827200,143.725,144.191,143.565,144.135,17475,0,0
2024-10-02T04:00:00+00:00,2024-10-02,09:30:00,1727841600,144.134,144.19,143.531,144.065,26700,0,0
2024-10-02T08:00:00+00:00,2024-10-02,13:30:00,1727856000,144.063,144.893,143.95,144.699,24568,0,0
2024-10-02T12:00:00+00:00,2024-10-02,17:30:00,1727870400,144.697,146.269,144.679,146.05,33586,0,0
2024-10-02T16:00:00+00:00,2024-10-02,21:30:00,1727884800,146.049,146.481,145.911,146.432,14610,0,0
2024-10-02T20:00:00+00:00,2024-10-03,01:30:00,1727899200,146.445,146.837,146.233,146.574,9611,0,0
2024-10-03T00:00:00+00:00,2024-10-03,05:30:00,1727913600,146.573,147.245,146.464,146.854,22505,0,0
2024-10-03T04:00:00+00:00,2024-10-03,09:30:00,1727928000,146.853,146.935,146.303,146.452,22544,0,0
2024-10-03T08:00:00+00:00,2024-10-03,13:30:00,1727942400,146.455,146.996,146.392,146.668,19448,0,0
2024-10-03T12:00:00+00:00,2024-10-03,17:30:00,1727956800,146.67,147.183,146.467,146.832,40844,0,0
2024-10-03T16:00:00+00:00,2024-10-03,21:30:00,1727971200,146.833,146.932,146.578,146.848,13792,0,0
2024-10-03T20:00:00+00:00,2024-10-04,01:30:00,1727985600,146.843,146.968,146.724,146.845,4725,0,0
2024-10-04T00:00:00+00:00,2024-10-04,05:30:00,1728000000,146.842,146.934,146.358,146.378,15804,0,0
2024-10-04T04:00:00+00:00,2024-10-04,09:30:00,1728014400,146.377,146.389,145.92,146.305,19652,0,0
2024-10-04T08:00:00+00:00,2024-10-04,13:30:00,1728028800,146.306,146.632,146.248,146.591,14316,0,0
2024-10-04T12:00:00+00:00,2024-10-04,17:30:00,1728043200,146.594,148.811,146.477,148.698,50609,0,0
2024-10-04T16:00:00+00:00,2024-10-04,21:30:00,1728057600,148.696,149.009,148.67,148.768,14841,0,0
2024-10-04T20:00:00+00:00,2024-10-05,01:30:00,1728072000,148.774,148.774,148.643,148.696,1786,0,0
2024-10-06T20:00:00+00:00,2024-10-07,01:30:00,1728244800,148.695,149.123,148.636,148.8,7500,0,0
2024-10-07T00:00:00+00:00,2024-10-07,05:30:00,1728259200,148.797,148.797,148.222,148.409,20505,0,0
2024-10-07T04:00:00+00:00,2024-10-07,09:30:00,1728273600,148.409,148.619,148.154,148.273,19591,0,0
2024-10-07T08:00:00+00:00,2024-10-07,13:30:00,1728288000,148.275,148.688,148.062,148.273,20438,0,0
2024-10-07T12:00:00+00:00,2024-10-07,17:30:00,1728302400,148.269,148.279,147.843,148.125,30189,0,0
2024-10-07T16:00:00+00:00,2024-10-07,21:30:00,1728316800,148.127,148.197,147.884,148.076,12143,0,0
2024-10-07T20:00:00+00:00,2024-10-08,01:30:00,1728331200,148.076,148.207,147.587,148.13,8469,0,0
2024-10-08T00:00:00+00:00,2024-10-08,05:30:00,1728345600,148.131,148.197,147.511,147.917,22997,0,0
2024-10-08T04:00:00+00:00,2024-10-08,09:30:00,1728360000,147.916,148.165,147.345,147.595,22027,0,0
2024-10-08T08:00:00+00:00,2024-10-08,13:30:00,1728374400,147.596,148.002,147.531,147.856,18397,0,0
2024-10-08T12:00:00+00:00,2024-10-08,17:30:00,1728388800,147.856,148.364,147.856,148.229,23429,0,0
2024-10-08T16:00:00+00:00,2024-10-08,21:30:00,1728403200,148.23,148.385,148.041,148.279,10713,0,0
2024-10-08T20:00:00+00:00,2024-10-09,01:30:00,1728417600,148.284,148.326,148.11,148.145,4688,0,0
2024-10-09T00:00:00+00:00,2024-10-09,05:30:00,1728432000,148.145,148.436,148.01,148.322,14369,0,0
2024-10-09T04:00:00+00:00,2024-10-09,09:30:00,1728446400,148.321,148.656,148.264,148.546,15290,0,0
2024-10-09T08:00:00+00:00,2024-10-09,13:30:00,1728460800,148.546,148.762,148.483,148.725,13833,0,0
2024-10-09T12:00:00+00:00,2024-10-09,17:30:00,1728475200,148.722,149.268,148.672,149.2,16579,0,0
2024-10-09T16:00:00+00:00,2024-10-09,21:30:00,1728489600,149.201,149.367,149.155,149.311,10750,0,0
2024-10-09T20:00:00+00:00,2024-10-10,01:30:00,1728504000,149.316,149.358,149.003,149.166,5066,0,0
2024-10-10T00:00:00+00:00,2024-10-10,05:30:00,1728518400,149.163,149.295,149.005,149.225,11460,0,0
2024-10-10T04:00:00+00:00,2024-10-10,09:30:00,1728532800,149.224,149.548,148.902,149.02,15660,0,0
2024-10-10T08:00:00+00:00,2024-10-10,13:30:00,1728547200,149.021,149.213,148.776,148.958,15563,0,0
2024-10-10T12:00:00+00:00,2024-10-10,17:30:00,1728561600,148.958,149.609,148.255,148.569,55318,0,0
2024-10-10T16:00:00+00:00,2024-10-10,21:30:00,1728576000,148.57,149.083,148.44,148.554,17573,0,0
2024-10-10T20:00:00+00:00,2024-10-11,01:30:00,1728590400,148.569,148.748,148.501,148.71,4524,0,0
2024-10-11T00:00:00+00:00,2024-10-11,05:30:00,1728604800,148.71,148.8,148.402,148.713,14071,0,0
2024-10-11T04:00:00+00:00,2024-10-11,09:30:00,1728619200,148.711,148.861,148.606,148.777,11452,0,0
2024-10-11T08:00:00+00:00,2024-10-11,13:30:00,1728633600,148.776,149.145,148.67,149.005,10346,0,0
2024-10-11T12:00:00+00:00,2024-10-11,17:30:00,1728648000,149.002,149.287,148.786,149.122,24093,0,0
2024-10-11T16:00:00+00:00,2024-10-11,21:30:00,1728662400,149.122,149.151,148.955,149.14,6870,0,0
2024-10-11T20:00:00+00:00,2024-10-12,01:30:00,1728676800,149.14,149.175,149.102,149.104,1147,0,0
2024-10-13T20:00:00+00:00,2024-10-14,01:30:00,1728849600,149.04,149.397,149.011,149.307,3872,0,0
2024-10-14T00:00:00+00:00,2024-10-14,05:30:00,1728864000,149.307,149.372,149.145,149.328,8336,0,0
2024-10-14T04:00:00+00:00,2024-10-14,09:30:00,1728878400,149.327,149.399,149.17,149.357,7498,0,0
2024-10-14T08:00:00+00:00,2024-10-14,13:30:00,1728892800,149.358,149.731,149.327,149.642,10190,0,0
2024-10-14T12:00:00+00:00,2024-10-14,17:30:00,1728907200,149.64,149.962,149.629,149.826,12793,0,0
2024-10-14T16:00:00+00:00,2024-10-14,21:30:00,1728921600,149.826,149.984,149.71,149.762,6732,0,0
2024-10-14T20:00:00+00:00,2024-10-15,01:30:00,1728936000,149.764,149.84,149.671,149.717,3743,0,0
2024-10-15T00:00:00+00:00,2024-10-15,05:30:00,1728950400,149.717,149.746,149.444,149.711,10486,0,0
2024-10-15T04:00:00+00:00,2024-10-15,09:30:00,1728964800,149.711,149.76,149.169,149.235,14591,0,0
2024-10-15T08:00:00+00:00,2024-10-15,13:30:00,1728979200,149.237,149.373,148.849,149.352,15100,0,0
2024-10-15T12:00:00+00:00,2024-10-15,17:30:00,1728993600,149.353,149.418,148.938,149.224,22802,0,0
2024-10-15T16:00:00+00:00,2024-10-15,21:30:00,1729008000,149.224,149.545,149.165,149.229,10815,0,0
2024-10-15T20:00:00+00:00,2024-10-16,01:30:00,1729022400,149.239,149.34,149.068,149.087,4298,0,0
2024-10-16T00:00:00+00:00,2024-10-16,05:30:00,1729036800,149.089,149.303,148.86,149.174,15462,0,0
2024-10-16T04:00:00+00:00,2024-10-16,09:30:00,1729051200,149.173,149.49,149.136,149.452,13293,0,0
2024-10-16T08:00:00+00:00,2024-10-16,13:30:00,1729065600,149.45,149.491,149.147,149.174,12630,0,0
2024-10-16T12:00:00+00:00,2024-10-16,17:30:00,1729080000,149.172,149.748,149.146,149.717,17229,0,0
2024-10-16T16:00:00+00:00,2024-10-16,21:30:00,1729094400,149.717,149.807,149.695,149.708,5869,0,0
2024-10-16T20:00:00+00:00,2024-10-17,01:30:00,1729108800,149.716,149.722,149.439,149.567,4294,0,0
2024-10-17T00:00:00+00:00,2024-10-17,05:30:00,1729123200,149.565,149.62,149.238,149.556,13341,0,0
2024-10-17T04:00:00+00:00,2024-10-17,09:30:00,1729137600,149.558,149.795,149.396,149.776,10881,0,0
2024-10-17T08:00:00+00:00,2024-10-17,13:30:00,1729152000,149.774,149.873,149.488,149.529,8988,0,0
2024-10-17T12:00:00+00:00,2024-10-17,17:30:00,1729166400,149.529,150.153,149.46,150.129,28463,0,0
2024-10-17T16:00:00+00:00,2024-10-17,21:30:00,1729180800,150.126,150.325,150.12,150.22,9313,0,0
2024-10-17T20:00:00+00:00,2024-10-18,01:30:00,1729195200,150.219,150.287,150.073,150.105,3146,0,0
2024-10-18T00:00:00+00:00,2024-10-18,05:30:00,1729209600,150.107,150.151,149.855,149.895,13442,0,0
2024-10-18T04:00:00+00:00,2024-10-18,09:30:00,1729224000,149.895,150.138,149.769,150.094,12354,0,0
2024-10-18T08:00:00+00:00,2024-10-18,13:30:00,1729238400,150.094,150.159,149.583,150.005,13462,0,0
2024-10-18T12:00:00+00:00,2024-10-18,17:30:00,1729252800,150.007,150.084,149.515,149.585,15473,0,0
2024-10-18T16:00:00+00:00,2024-10-18,21:30:00,1729267200,149.585,149.654,149.367,149.513,7786,0,0
2024-10-18T20:00:00+00:00,2024-10-19,01:30:00,1729281600,149.512,149.542,149.454,149.538,1284,0,0
2024-10-20T20:00:00+00:00,2024-10-21,01:30:00,1729454400,149.481,149.642,149.42,149.605,3207,0,0
2024-10-21T00:00:00+00:00,2024-10-21,05:30:00,1729468800,149.604,149.616,149.085,149.225,14512,0,0
2024-10-21T04:00:00+00:00,2024-10-21,09:30:00,1729483200,149.225,149.859,149.199,149.835,12017,0,0
2024-10-21T08:00:00+00:00,2024-10-21,13:30:00,1729497600,149.837,150.095,149.822,149.923,9751,0,0
2024-10-21T12:00:00+00:00,2024-10-21,17:30:00,1729512000,149.923,150.486,149.749,150.472,15614,0,0
2024-10-21T16:00:00+00:00,2024-10-21,21:30:00,1729526400,150.472,150.84,150.442,150.765,8174,0,0
2024-10-21T20:00:00+00:00,2024-10-22,01:30:00,1729540800,150.769,150.885,150.601,150.624,5450,0,0
2024-10-22T00:00:00+00:00,2024-10-22,05:30:00,1729555200,150.624,150.986,150.497,150.925,11983,0,0
2024-10-22T04:00:00+00:00,2024-10-22,09:30:00,1729569600,150.925,151.108,150.662,151.003,15806,0,0
2024-10-22T08:00:00+00:00,2024-10-22,13:30:00,1729584000,151.003,151.036,150.749,150.864,13828,0,0
2024-10-22T12:00:00+00:00,2024-10-22,17:30:00,1729598400,150.863,151.148,150.605,151.109,17622,0,0
2024-10-22T16:00:00+00:00,2024-10-22,21:30:00,1729612800,151.108,151.196,150.902,151.119,8988,0,0
2024-10-22T20:00:00+00:00,2024-10-23,01:30:00,1729627200,151.116,151.162,150.995,151.154,3426,0,0
2024-10-23T00:00:00+00:00,2024-10-23,05:30:00,1729641600,151.152,151.834,151.137,151.748,14010,0,0
2024-10-23T04:00:00+00:00,2024-10-23,09:30:00,1729656000,151.746,152.557,151.73,152.372,18237,0,0
2024-10-23T08:00:00+00:00,2024-10-23,13:30:00,1729670400,152.37,153.084,152.318,153.056,14539,0,0
2024-10-23T12:00:00+00:00,2024-10-23,17:30:00,1729684800,153.058,153.188,152.763,152.821,20035,0,0
2024-10-23T16:00:00+00:00,2024-10-23,21:30:00,1729699200,152.822,152.937,152.473,152.593,12475,0,0
2024-10-23T20:00:00+00:00,2024-10-24,01:30:00,1729713600,152.589,152.83,152.551,152.776,5315,0,0
2024-10-24T00:00:00+00:00,2024-10-24,05:30:00,1729728000,152.774,152.797,152.339,152.398,17862,0,0
2024-10-24T04:00:00+00:00,2024-10-24,09:30:00,1729742400,152.399,152.4,152.029,152.135,18162,0,0
2024-10-24T08:00:00+00:00,2024-10-24,13:30:00,1729756800,152.128,152.25,151.765,152.052,16298,0,0
2024-10-24T12:00:00+00:00,2024-10-24,17:30:00,1729771200,152.055,152.336,151.783,151.871,29210,0,0
2024-10-24T16:00:00+00:00,2024-10-24,21:30:00,1729785600,151.871,151.905,151.552,151.823,11059,0,0
2024-10-24T20:00:00+00:00,2024-10-25,01:30:00,1729800000,151.833,151.868,151.584,151.79,5009,0,0
2024-10-25T00:00:00+00:00,2024-10-25,05:30:00,1729814400,151.792,152.106,151.735,151.853,13297,0,0
2024-10-25T04:00:00+00:00,2024-10-25,09:30:00,1729828800,151.853,152.043,151.451,151.954,16188,0,0
2024-10-25T08:00:00+00:00,2024-10-25,13:30:00,1729843200,151.957,152.099,151.698,151.795,11543,0,0
2024-10-25T12:00:00+00:00,2024-10-25,17:30:00,1729857600,151.794,152.168,151.793,152.084,20161,0,0
2024-10-25T16:00:00+00:00,2024-10-25,21:30:00,1729872000,152.085,152.381,152.054,152.255,9744,0,0
2024-10-25T20:00:00+00:00,2024-10-26,01:30:00,1729886400,152.26,152.35,152.179,152.309,1364,0,0
2024-10-27T20:00:00+00:00,2024-10-28,01:30:00,1730059200,153.043,153.202,152.64,152.958,9923,0,0
2024-10-28T00:00:00+00:00,2024-10-28,05:30:00,1730073600,152.96,153.884,152.771,153.635,23533,0,0
2024-10-28T04:00:00+00:00,2024-10-28,09:30:00,1730088000,153.632,153.748,153.163,153.335,13839,0,0
2024-10-28T08:00:00+00:00,2024-10-28,13:30:00,1730102400,153.337,153.431,152.461,152.733,17596,0,0
2024-10-28T12:00:00+00:00,2024-10-28,17:30:00,1730116800,152.734,153.238,152.408,153.213,18203,0,0
2024-10-28T16:00:00+00:00,2024-10-28,21:30:00,1730131200,153.216,153.377,153.131,153.224,8734,0,0
2024-10-28T20:00:00+00:00,2024-10-29,01:30:00,1730145600,153.227,153.351,153.141,153.141,3551,0,0
2024-10-29T00:00:00+00:00,2024-10-29,05:30:00,1730160000,153.144,153.248,152.852,153.045,15898,0,0
2024-10-29T04:00:00+00:00,2024-10-29,09:30:00,1730174400,153.044,153.282,152.755,153.168,12771,0,0
2024-10-29T08:00:00+00:00,2024-10-29,13:30:00,1730188800,153.17,153.679,153.159,153.679,14494,0,0
2024-10-29T12:00:00+00:00,2024-10-29,17:30:00,1730203200,153.681,153.867,152.991,153.493,23964,0,0
2024-10-29T16:00:00+00:00,2024-10-29,21:30:00,1730217600,153.496,153.601,153.31,153.423,11799,0,0
2024-10-29T20:00:00+00:00,2024-10-30,01:30:00,1730232000,153.425,153.443,153.161,153.267,4690,0,0
2024-10-30T00:00:00+00:00,2024-10-30,05:30:00,1730246400,153.27,153.444,153.073,153.344,13503,0,0
2024-10-30T04:00:00+00:00,2024-10-30,09:30:00,1730260800,153.343,153.467,153.192,153.331,11629,0,0
2024-10-30T08:00:00+00:00,2024-10-30,13:30:00,1730275200,153.333,153.364,152.778,153.032,18104,0,0
2024-10-30T12:00:00+00:00,2024-10-30,17:30:00,1730289600,153.034,153.499,152.869,153.154,27108,0,0
2024-10-30T16:00:00+00:00,2024-10-30,21:30:00,1730304000,153.153,153.434,153.004,153.29,11062,0,0
2024-10-30T20:00:00+00:00,2024-10-31,01:30:00,1730318400,153.3,153.383,153.201,153.24,4249,0,0
2024-10-31T00:00:00+00:00,2024-10-31,05:30:00,1730332800,153.24,153.624,152.946,153.053,14729,0,0
2024-10-31T04:00:00+00:00,2024-10-31,09:30:00,1730347200,153.055,153.089,152.055,152.253,24896,0,0
2024-10-31T08:00:00+00:00,2024-10-31,13:30:00,1730361600,152.252,152.848,151.922,152.723,19456,0,0
2024-10-31T12:00:00+00:00,2024-10-31,17:30:00,1730376000,152.721,153.052,152.082,152.359,35422,0,0
2024-10-31T16:00:00+00:00,2024-10-31,21:30:00,1730390400,152.355,152.514,151.837,151.928,18632,0,0
2024-10-31T20:00:00+00:00,2024-11-01,01:30:00,1730404800,151.938,152.142,151.786,151.985,7710,0,0
2024-11-01T00:00:00+00:00,2024-11-01,05:30:00,1730419200,151.982,152.427,151.875,152.416,17044,0,0
2024-11-01T04:00:00+00:00,2024-11-01,09:30:00,1730433600,152.416,152.654,152.205,152.547,13452,0,0
2024-11-01T08:00:00+00:00,2024-11-01,13:30:00,1730448000,152.545,152.85,152.523,152.675,14356,0,0
2024-11-01T12:00:00+00:00,2024-11-01,17:30:00,1730462400,152.672,153.072,151.791,152.942,39205,0,0
2024-11-01T16:00:00+00:00,2024-11-01,21:30:00,1730476800,152.946,153.072,152.829,152.963,11227,0,0
2024-11-01T20:00:00+00:00,2024-11-02,01:30:00,1730491200,152.971,153.089,152.944,152.983,1426,0,0
2024-11-03T20:00:00+00:00,2024-11-04,01:30:00,1730664000,152.32,152.512,152.177,152.294,4097,0,0
2024-11-04T00:00:00+00:00,2024-11-04,05:30:00,1730678400,152.295,152.295,151.598,151.741,17618,0,0
2024-11-04T04:00:00+00:00,2024-11-04,09:30:00,1730692800,151.739,152.28,151.69,152.179,12750,0,0
2024-11-04T08:00:00+00:00,2024-11-04,13:30:00,1730707200,152.179,152.231,151.533,151.553,16760,0,0
2024-11-04T12:00:00+00:00,2024-11-04,17:30:00,1730721600,151.556,152.104,151.546,151.994,18739,0,0
2024-11-04T16:00:00+00:00,2024-11-04,21:30:00,1730736000,151.992,152.201,151.894,152.149,11396,0,0
2024-11-04T20:00:00+00:00,2024-11-05,01:30:00,1730750400,152.15,152.293,152.067,152.281,4122,0,0
2024-11-05T00:00:00+00:00,2024-11-05,05:30:00,1730764800,152.278,152.448,152.115,152.386,11920,0,0
2024-11-05T04:00:00+00:00,2024-11-05,09:30:00,1730779200,152.386,152.546,152.182,152.275,10144,0,0
2024-11-05T08:00:00+00:00,2024-11-05,13:30:00,1730793600,152.272,152.388,152.087,152.156,10220,0,0
2024-11-05T12:00:00+00:00,2024-11-05,17:30:00,1730808000,152.156,152.341,151.774,152.045,17434,0,0
2024-11-05T16:00:00+00:00,2024-11-05,21:30:00,1730822400,152.049,152.098,151.335,151.456,14234,0,0
2024-11-05T20:00:00+00:00,2024-11-06,01:30:00,1730836800,151.454,151.905,151.395,151.445,8116,0,0
2024-11-06T00:00:00+00:00,2024-11-06,05:30:00,1730851200,151.441,154.34,151.287,153.943,80359,0,0
2024-11-06T04:00:00+00:00,2024-11-06,09:30:00,1730865600,153.94,154.384,153.132,153.942,63958,0,0
2024-11-06T08:00:00+00:00,2024-11-06,13:30:00,1730880000,153.939,154.258,153.799,154.215,33884,0,0
2024-11-06T12:00:00+00:00,2024-11-06,17:30:00,1730894400,154.219,154.481,153.983,154.354,34673,0,0
2024-11-06T16:00:00+00:00,2024-11-06,21:30:00,1730908800,154.352,154.701,154.21,154.447,20147,0,0
2024-11-06T20:00:00+00:00,2024-11-07,01:30:00,1730923200,154.444,154.65,154.225,154.312,6686,0,0
2024-11-07T00:00:00+00:00,2024-11-07,05:30:00,1730937600,154.315,154.715,154.227,154.321,20725,0,0
2024-11-07T04:00:00+00:00,2024-11-07,09:30:00,1730952000,154.323,154.376,153.651,154.002,20014,0,0
2024-11-07T08:00:00+00:00,2024-11-07,13:30:00,1730966400,154.001,154.136,153.819,154.066,16254,0,0
2024-11-07T12:00:00+00:00,2024-11-07,17:30:00,1730980800,154.066,154.111,152.852,152.965,27179,0,0
2024-11-07T16:00:00+00:00,2024-11-07,21:30:00,1730995200,152.967,153.473,152.862,153.083,25209,0,0
2024-11-07T20:00:00+00:00,2024-11-08,01:30:00,1731009600,153.086,153.192,152.691,153.175,11654,0,0
2024-11-08T00:00:00+00:00,2024-11-08,05:30:00,1731024000,153.173,153.369,152.733,152.816,18577,0,0
2024-11-08T04:00:00+00:00,2024-11-08,09:30:00,1731038400,152.816,152.957,152.551,152.643,15850,0,0
2024-11-08T08:00:00+00:00,2024-11-08,13:30:00,1731052800,152.644,152.749,152.14,152.425,20104,0,0
2024-11-08T12:00:00+00:00,2024-11-08,17:30:00,1731067200,152.424,152.859,152.332,152.423,22329,0,0
2024-11-08T16:00:00+00:00,2024-11-08,21:30:00,1731081600,152.425,152.819,152.409,152.676,14403,0,0
2024-11-08T20:00:00+00:00,2024-11-09,01:30:00,1731096000,152.679,152.755,152.443,152.593,4384,0,0
2024-11-10T20:00:00+00:00,2024-11-11,01:30:00,1731268800,152.652,152.946,152.61,152.913,2840,0,0
2024-11-11T00:00:00+00:00,2024-11-11,05:30:00,1731283200,152.915,153.464,152.873,153.45,12575,0,0
2024-11-11T04:00:00+00:00,2024-11-11,09:30:00,1731297600,153.45,153.672,153.318,153.641,11957,0,0
2024-11-11T08:00:00+00:00,2024-11-11,13:30:00,1731312000,153.643,153.857,153.555,153.756,12773,0,0
2024-11-11T12:00:00+00:00,2024-11-11,17:30:00,1731326400,153.756,153.953,153.646,153.862,12866,0,0
2024-11-11T16:00:00+00:00,2024-11-11,21:30:00,1731340800,153.861,153.914,153.727,153.769,6633,0,0
2024-11-11T20:00:00+00:00,2024-11-12,01:30:00,1731355200,153.769,153.773,153.472,153.521,4093,0,0
2024-11-12T00:00:00+00:00,2024-11-12,05:30:00,1731369600,153.527,154.064,153.486,153.658,13847,0,0
2024-11-12T04:00:00+00:00,2024-11-12,09:30:00,1731384000,153.656,153.893,153.405,153.821,12701,0,0
2024-11-12T08:00:00+00:00,2024-11-12,13:30:00,1731398400,153.824,154.168,153.705,154.072,14270,0,0
2024-11-12T12:00:00+00:00,2024-11-12,17:30:00,1731412800,154.074,154.552,153.999,154.516,15470,0,0
2024-11-12T16:00:00+00:00,2024-11-12,21:30:00,1731427200,154.52,154.927,154.462,154.752,12338,0,0
2024-11-12T20:00:00+00:00,2024-11-13,01:30:00,1731441600,154.752,154.787,154.499,154.661,5241,0,0
2024-11-13T00:00:00+00:00,2024-11-13,05:30:00,1731456000,154.663,154.942,154.539,154.806,13811,0,0
2024-11-13T04:00:00+00:00,2024-11-13,09:30:00,1731470400,154.805,155.158,154.751,155.113,13160,0,0
2024-11-13T08:00:00+00:00,2024-11-13,13:30:00,1731484800,155.116,155.239,154.793,154.822,12822,0,0
2024-11-13T12:00:00+00:00,2024-11-13,17:30:00,1731499200,154.819,155.142,154.342,154.989,30694,0,0
2024-11-13T16:00:00+00:00,2024-11-13,21:30:00,1731513600,154.988,155.625,154.982,155.548,13351,0,0
2024-11-13T20:00:00+00:00,2024-11-14,01:30:00,1731528000,155.545,155.601,155.261,155.422,5555,0,0
2024-11-14T00:00:00+00:00,2024-11-14,05:30:00,1731542400,155.42,156.065,155.407,155.947,13357,0,0
2024-11-14T04:00:00+00:00,2024-11-14,09:30:00,1731556800,155.946,156.138,155.703,155.841,10581,0,0
2024-11-14T08:00:00+00:00,2024-11-14,13:30:00,1731571200,155.839,156.243,155.742,155.924,12898,0,0
2024-11-14T12:00:00+00:00,2024-11-14,17:30:00,1731585600,155.924,156.199,155.523,155.956,23865,0,0
2024-11-14T16:00:00+00:00,2024-11-14,21:30:00,1731600000,155.955,156.045,155.674,155.922,11360,0,0
2024-11-14T20:00:00+00:00,2024-11-15,01:30:00,1731614400,155.924,156.52,155.898,156.483,12053,0,0
2024-11-15T00:00:00+00:00,2024-11-15,05:30:00,1731628800,156.481,156.751,156.279,156.503,16406,0,0
2024-11-15T04:00:00+00:00,2024-11-15,09:30:00,1731643200,156.506,156.552,155.76,155.78,13995,0,0
2024-11-15T08:00:00+00:00,2024-11-15,13:30:00,1731657600,155.782,155.783,155.219,155.495,18070,0,0
2024-11-15T12:00:00+00:00,2024-11-15,17:30:00,1731672000,155.497,155.786,154.842,154.951,33646,0,0
2024-11-15T16:00:00+00:00,2024-11-15,21:30:00,1731686400,154.953,155.02,153.863,154.216,24547,0,0
2024-11-15T20:00:00+00:00,2024-11-16,01:30:00,1731700800,154.218,154.479,154.176,154.363,5593,0,0
2024-11-17T20:00:00+00:00,2024-11-18,01:30:00,1731873600,154.358,154.747,154.227,154.642,3525,0,0
2024-11-18T00:00:00+00:00,2024-11-18,05:30:00,1731888000,154.641,155.147,153.841,154.654,35354,0,0
2024-11-18T04:00:00+00:00,2024-11-18,09:30:00,1731902400,154.655,154.769,154.294,154.571,20004,0,0
2024-11-18T08:00:00+00:00,2024-11-18,13:30:00,1731916800,154.572,155.128,154.502,155.056,20031,0,0
2024-11-18T12:00:00+00:00,2024-11-18,17:30:00,1731931200,155.056,155.359,154.586,154.993,24430,0,0
2024-11-18T16:00:00+00:00,2024-11-18,21:30:00,1731945600,154.995,155.072,154.572,154.74,14504,0,0
2024-11-18T20:00:00+00:00,2024-11-19,01:30:00,1731960000,154.742,154.745,154.432,154.615,4957,0,0
2024-11-19T00:00:00+00:00,2024-11-19,05:30:00,1731974400,154.616,154.62,153.955,154.178,17358,0,0
2024-11-19T04:00:00+00:00,2024-11-19,09:30:00,1731988800,154.176,154.658,154.116,154.528,13997,0,0
2024-11-19T08:00:00+00:00,2024-11-19,13:30:00,1732003200,154.53,154.577,153.279,154.083,47605,0,0
2024-11-19T12:00:00+00:00,2024-11-19,17:30:00,1732017600,154.082,154.239,153.408,153.962,39136,0,0
2024-11-19T16:00:00+00:00,2024-11-19,21:30:00,1732032000,153.96,154.8,153.917,154.697,15940,0,0
2024-11-19T20:00:00+00:00,2024-11-20,01:30:00,1732046400,154.698,154.747,154.526,154.725,4947,0,0
2024-11-20T00:00:00+00:00,2024-11-20,05:30:00,1732060800,154.726,154.992,154.588,154.956,13618,0,0
2024-11-20T04:00:00+00:00,2024-11-20,09:30:00,1732075200,154.955,155.685,154.945,155.657,12572,0,0
2024-11-20T08:00:00+00:00,2024-11-20,13:30:00,1732089600,155.66,155.866,155.58,155.835,12570,0,0
2024-11-20T12:00:00+00:00,2024-11-20,17:30:00,1732104000,155.835,155.891,155.058,155.532,21890,0,0
2024-11-20T16:00:00+00:00,2024-11-20,21:30:00,1732118400,155.529,155.614,155.185,155.369,15308,0,0
2024-11-20T20:00:00+00:00,2024-11-21,01:30:00,1732132800,155.371,155.537,155.2,155.281,5520,0,0
2024-11-21T00:00:00+00:00,2024-11-21,05:30:00,1732147200,155.277,155.305,154.878,154.925,15875,0,0
2024-11-21T04:00:00+00:00,2024-11-21,09:30:00,1732161600,154.926,155.267,154.561,154.914,24219,0,0
2024-11-21T08:00:00+00:00,2024-11-21,13:30:00,1732176000,154.907,155.038,154.084,154.534,28437,0,0
2024-11-21T12:00:00+00:00,2024-11-21,17:30:00,1732190400,154.53,154.717,153.908,154.32,33600,0,0
2024-11-21T16:00:00+00:00,2024-11-21,21:30:00,1732204800,154.321,154.701,154.307,154.507,20372,0,0
2024-11-21T20:00:00+00:00,2024-11-22,01:30:00,1732219200,154.507,154.593,154.111,154.157,6848,0,0
2024-11-22T00:00:00+00:00,2024-11-22,05:30:00,1732233600,154.16,154.498,153.968,154.266,17752,0,0
2024-11-22T04:00:00+00:00,2024-11-22,09:30:00,1732248000,154.268,154.957,154.268,154.728,14342,0,0
2024-11-22T08:00:00+00:00,2024-11-22,13:30:00,1732262400,154.732,154.87,154.253,154.316,25871,0,0
2024-11-22T12:00:00+00:00,2024-11-22,17:30:00,1732276800,154.313,155.028,154.192,154.898,29858,0,0
2024-11-22T16:00:00+00:00,2024-11-22,21:30:00,1732291200,154.899,154.923,154.662,154.804,14217,0,0
2024-11-22T20:00:00+00:00,2024-11-23,01:30:00,1732305600,154.805,154.893,154.748,154.755,3680,0,0
2024-11-24T20:00:00+00:00,2024-11-25,01:30:00,1732478400,154.207,154.371,154.057,154.154,4160,0,0
2024-11-25T00:00:00+00:00,2024-11-25,05:30:00,1732492800,154.151,154.239,153.55,153.944,20301,0,0
2024-11-25T04:00:00+00:00,2024-11-25,09:30:00,1732507200,153.946,154.561,153.94,154.541,17807,0,0
2024-11-25T08:00:00+00:00,2024-11-25,13:30:00,1732521600,154.543,154.725,154.318,154.507,17883,0,0
2024-11-25T12:00:00+00:00,2024-11-25,17:30:00,1732536000,154.509,154.566,153.627,154.368,29472,0,0
2024-11-25T16:00:00+00:00,2024-11-25,21:30:00,1732550400,154.371,154.522,153.995,154.135,16925,0,0
2024-11-25T20:00:00+00:00,2024-11-26,01:30:00,1732564800,154.137,154.462,153.882,154.382,7481,0,0
2024-11-26T00:00:00+00:00,2024-11-26,05:30:00,1732579200,154.387,154.42,153.724,153.744,25536,0,0
2024-11-26T04:00:00+00:00,2024-11-26,09:30:00,1732593600,153.741,154.222,153.546,154.04,15753,0,0
2024-11-26T08:00:00+00:00,2024-11-26,13:30:00,1732608000,154.038,154.124,153.707,153.779,14962,0,0
2024-11-26T12:00:00+00:00,2024-11-26,17:30:00,1732622400,153.779,153.807,152.983,153.462,29907,0,0
2024-11-26T16:00:00+00:00,2024-11-26,21:30:00,1732636800,153.46,153.684,153.083,153.114,19511,0,0
2024-11-26T20:00:00+00:00,2024-11-27,01:30:00,1732651200,153.113,153.233,152.932,152.932,7882,0,0
2024-11-27T00:00:00+00:00,2024-11-27,05:30:00,1732665600,152.932,153.034,152.383,152.455,19020,0,0
2024-11-27T04:00:00+00:00,2024-11-27,09:30:00,1732680000,152.454,152.48,151.841,151.952,17673,0,0
2024-11-27T08:00:00+00:00,2024-11-27,13:30:00,1732694400,151.952,151.959,151.225,151.489,25560,0,0
2024-11-27T12:00:00+00:00,2024-11-27,17:30:00,1732708800,151.49,151.805,150.931,151.106,30429,0,0
2024-11-27T16:00:00+00:00,2024-11-27,21:30:00,1732723200,151.108,151.376,150.453,151.027,23847,0,0
2024-11-27T20:00:00+00:00,2024-11-28,01:30:00,1732737600,151.024,151.381,150.828,151.345,7644,0,0
2024-11-28T00:00:00+00:00,2024-11-28,05:30:00,1732752000,151.345,151.749,151.282,151.628,16683,0,0
2024-11-28T04:00:00+00:00,2024-11-28,09:30:00,1732766400,151.625,151.778,151.361,151.754,12264,0,0
2024-11-28T08:00:00+00:00,2024-11-28,13:30:00,1732780800,151.757,151.954,151.694,151.837,13121,0,0
2024-11-28T12:00:00+00:00,2024-11-28,17:30:00,1732795200,151.834,151.85,151.406,151.518,11112,0,0
2024-11-28T16:00:00+00:00,2024-11-28,21:30:00,1732809600,151.519,151.572,151.46,151.488,3665,0,0
2024-11-28T20:00:00+00:00,2024-11-29,01:30:00,1732824000,151.49,151.547,150.984,151.188,3604,0,0
2024-11-29T00:00:00+00:00,2024-11-29,05:30:00,1732838400,151.186,151.209,149.849,150.105,35179,0,0
2024-11-29T04:00:00+00:00,2024-11-29,09:30:00,1732852800,150.102,150.274,149.531,149.986,22237,0,0
2024-11-29T08:00:00+00:00,2024-11-29,13:30:00,1732867200,149.991,150.365,149.832,150.041,18955,0,0
2024-11-29T12:00:00+00:00,2024-11-29,17:30:00,1732881600,150.042,150.349,149.876,150.177,18166,0,0
2024-11-29T16:00:00+00:00,2024-11-29,21:30:00,1732896000,150.175,150.531,149.466,149.606,20118,0,0
2024-11-29T20:00:00+00:00,2024-11-30,01:30:00,1732910400,149.613,149.709,149.533,149.675,5115,16,0
2024-12-01T20:00:00+00:00,2024-12-02,01:30:00,1733083200,149.616,150.07,149.448,149.863,4120,0,0
2024-12-02T00:00:00+00:00,2024-12-02,05:30:00,1733097600,149.866,150.747,149.806,150.529,20599,0,0
2024-12-02T04:00:00+00:00,2024-12-02,09:30:00,1733112000,150.527,150.753,149.992,150.249,19581,0,0
2024-12-02T08:00:00+00:00,2024-12-02,13:30:00,1733126400,150.251,150.444,150.047,150.152,17183,0,0
2024-12-02T12:00:00+00:00,2024-12-02,17:30:00,1733140800,150.152,150.353,149.721,149.875,27540,0,0
2024-12-02T16:00:00+00:00,2024-12-02,21:30:00,1733155200,149.874,149.95,149.082,149.527,21919,0,0
2024-12-02T20:00:00+00:00,2024-12-03,01:30:00,1733169600,149.526,149.817,149.228,149.515,10937,0,0
2024-12-03T00:00:00+00:00,2024-12-03,05:30:00,1733184000,149.517,150.138,149.497,150.094,17532,0,0
2024-12-03T04:00:00+00:00,2024-12-03,09:30:00,1733198400,150.094,150.24,149.874,150.007,12849,0,0
2024-12-03T08:00:00+00:00,2024-12-03,13:30:00,1733212800,150.006,150.187,149.679,149.734,16093,0,0
2024-12-03T12:00:00+00:00,2024-12-03,17:30:00,1733227200,149.734,149.874,148.643,149.151,33602,0,0
2024-12-03T16:00:00+00:00,2024-12-03,21:30:00,1733241600,149.153,149.541,148.965,149.506,21424,0,0
2024-12-03T20:00:00+00:00,2024-12-04,01:30:00,1733256000,149.508,149.698,149.405,149.614,5767,0,0
2024-12-04T00:00:00+00:00,2024-12-04,05:30:00,1733270400,149.614,150.085,149.521,149.935,19347,0,0
2024-12-04T04:00:00+00:00,2024-12-04,09:30:00,1733284800,149.937,150.439,149.86,150.383,19202,0,0
2024-12-04T08:00:00+00:00,2024-12-04,13:30:00,1733299200,150.384,151.051,150.299,150.89,19828,0,0
2024-12-04T12:00:00+00:00,2024-12-04,17:30:00,1733313600,150.891,151.234,150.282,150.395,29335,0,0
2024-12-04T16:00:00+00:00,2024-12-04,21:30:00,1733328000,150.393,150.599,149.992,150.443,20559,0,0
2024-12-04T20:00:00+00:00,2024-12-05,01:30:00,1733342400,150.439,150.769,150.376,150.551,7660,0,0
2024-12-05T00:00:00+00:00,2024-12-05,05:30:00,1733356800,150.55,150.682,150.187,150.291,19251,0,0
2024-12-05T04:00:00+00:00,2024-12-05,09:30:00,1733371200,150.29,150.429,149.661,149.787,18782,0,0
2024-12-05T08:00:00+00:00,2024-12-05,13:30:00,1733385600,149.784,150.355,149.654,150.159,14542,0,0
2024-12-05T12:00:00+00:00,2024-12-05,17:30:00,1733400000,150.158,150.699,150.146,150.249,25606,0,0
2024-12-05T16:00:00+00:00,2024-12-05,21:30:00,1733414400,150.247,150.352,149.92,150.02,14451,0,0
2024-12-05T20:00:00+00:00,2024-12-06,01:30:00,1733428800,150.02,150.235,149.954,150.125,5659,0,0
2024-12-06T00:00:00+00:00,2024-12-06,05:30:00,1733443200,150.122,150.279,149.768,149.881,16070,0,0
2024-12-06T04:00:00+00:00,2024-12-06,09:30:00,1733457600,149.88,150.173,149.773,150.093,12029,0,0
2024-12-06T08:00:00+00:00,2024-12-06,13:30:00,1733472000,150.095,150.702,150.093,150.512,13104,0,0
2024-12-06T12:00:00+00:00,2024-12-06,17:30:00,1733486400,150.512,150.659,149.36,149.871,39343,0,0
2024-12-06T16:00:00+00:00,2024-12-06,21:30:00,1733500800,149.872,150.135,149.676,149.973,16417,0,0
2024-12-06T20:00:00+00:00,2024-12-07,01:30:00,1733515200,149.969,150.057,149.945,150.048,3281,0,0
2024-12-08T20:00:00+00:00,2024-12-09,01:30:00,1733688000,149.953,150.063,149.855,149.892,2542,0,0
2024-12-09T00:00:00+00:00,2024-12-09,05:30:00,1733702400,149.892,150.055,149.693,149.98,14339,0,0
2024-12-09T04:00:00+00:00,2024-12-09,09:30:00,1733716800,149.982,150.353,149.837,150.345,12208,0,0
2024-12-09T08:00:00+00:00,2024-12-09,13:30:00,1733731200,150.346,150.523,150.315,150.49,13068,0,0
2024-12-09T12:00:00+00:00,2024-12-09,17:30:00,1733745600,150.492,151.246,150.441,151.025,16589,0,0
2024-12-09T16:00:00+00:00,2024-12-09,21:30:00,1733760000,151.026,151.349,150.971,151.241,9397,0,0
2024-12-09T20:00:00+00:00,2024-12-10,01:30:00,1733774400,151.239,151.432,151.096,151.391,5569,0,0
2024-12-10T00:00:00+00:00,2024-12-10,05:30:00,1733788800,151.394,151.55,151.035,151.074,15435,0,0
2024-12-10T04:00:00+00:00,2024-12-10,09:30:00,1733803200,151.072,151.586,150.9,151.554,13494,0,0
2024-12-10T08:00:00+00:00,2024-12-10,13:30:00,1733817600,151.558,151.788,151.414,151.705,15096,0,0
2024-12-10T12:00:00+00:00,2024-12-10,17:30:00,1733832000,151.705,152.176,151.531,152.126,17283,0,0
2024-12-10T16:00:00+00:00,2024-12-10,21:30:00,1733846400,152.124,152.185,151.844,151.934,11153,0,0
2024-12-10T20:00:00+00:00,2024-12-11,01:30:00,1733860800,151.934,151.981,151.78,151.841,4933,0,0
2024-12-11T00:00:00+00:00,2024-12-11,05:30:00,1733875200,151.844,151.874,151.417,151.548,12748,0,0
2024-12-11T04:00:00+00:00,2024-12-11,09:30:00,1733889600,151.548,151.796,151.422,151.678,12469,0,0
2024-12-11T08:00:00+00:00,2024-12-11,13:30:00,1733904000,151.659,152.799,151.003,152.554,32384,0,0
2024-12-11T12:00:00+00:00,2024-12-11,17:30:00,1733918400,152.552,152.866,151.916,152.458,30752,0,0
2024-12-11T16:00:00+00:00,2024-12-11,21:30:00,1733932800,152.457,152.72,152.243,152.645,15495,0,0
2024-12-11T20:00:00+00:00,2024-12-12,01:30:00,1733947200,152.643,152.65,152.232,152.265,4966,0,0
2024-12-12T00:00:00+00:00,2024-12-12,05:30:00,1733961600,152.262,152.414,151.952,152.356,14720,0,0
2024-12-12T04:00:00+00:00,2024-12-12,09:30:00,1733976000,152.356,152.776,152.183,152.572,15834,0,0
2024-12-12T08:00:00+00:00,2024-12-12,13:30:00,1733990400,152.575,152.661,152.163,152.189,16674,0,0
2024-12-12T12:00:00+00:00,2024-12-12,17:30:00,1734004800,152.189,152.402,151.801,152.29,29980,0,0
2024-12-12T16:00:00+00:00,2024-12-12,21:30:00,1734019200,152.288,152.549,152.04,152.54,14021,0,0
2024-12-12T20:00:00+00:00,2024-12-13,01:30:00,1734033600,152.54,152.693,152.458,152.593,5219,0,0
2024-12-13T00:00:00+00:00,2024-12-13,05:30:00,1734048000,152.593,153.052,152.555,152.904,15131,0,0
2024-12-13T04:00:00+00:00,2024-12-13,09:30:00,1734062400,152.904,153.088,152.675,152.8,10492,0,0
2024-12-13T08:00:00+00:00,2024-12-13,13:30:00,1734076800,152.796,153.627,152.796,153.627,12550,0,0
2024-12-13T12:00:00+00:00,2024-12-13,17:30:00,1734091200,153.627,153.691,153.263,153.664,15859,0,0
2024-12-13T16:00:00+00:00,2024-12-13,21:30:00,1734105600,153.664,153.804,153.56,153.69,8914,0,0
2024-12-13T20:00:00+00:00,2024-12-14,01:30:00,1734120000,153.687,153.73,153.6,153.641,2147,0,0
2024-12-15T20:00:00+00:00,2024-12-16,01:30:00,1734292800,153.645,153.69,153.421,153.458,2607,0,0
2024-12-16T00:00:00+00:00,2024-12-16,05:30:00,1734307200,153.456,153.974,153.328,153.82,12389,0,0
2024-12-16T04:00:00+00:00,2024-12-16,09:30:00,1734321600,153.82,153.894,153.48,153.529,9731,0,0
2024-12-16T08:00:00+00:00,2024-12-16,13:30:00,1734336000,153.527,153.862,153.443,153.804,11233,0,0
2024-12-16T12:00:00+00:00,2024-12-16,17:30:00,1734350400,153.804,154.48,153.783,154.239,13979,0,0
2024-12-16T16:00:00+00:00,2024-12-16,21:30:00,1734364800,154.241,154.314,154.01,154.13,9558,0,0
2024-12-16T20:00:00+00:00,2024-12-17,01:30:00,1734379200,154.128,154.263,154.07,154.098,3699,0,0
2024-12-17T00:00:00+00:00,2024-12-17,05:30:00,1734393600,154.101,154.345,153.802,154.044,13941,0,0
2024-12-17T04:00:00+00:00,2024-12-17,09:30:00,1734408000,154.045,154.261,153.924,154.069,12117,0,0
2024-12-17T08:00:00+00:00,2024-12-17,13:30:00,1734422400,154.071,154.168,153.688,153.91,13428,0,0
2024-12-17T12:00:00+00:00,2024-12-17,17:30:00,1734436800,153.913,154.005,153.423,153.513,18148,0,0
2024-12-17T16:00:00+00:00,2024-12-17,21:30:00,1734451200,153.511,153.644,153.161,153.34,12038,0,0
2024-12-17T20:00:00+00:00,2024-12-18,01:30:00,1734465600,153.341,153.596,153.329,153.57,5012,0,0
2024-12-18T00:00:00+00:00,2024-12-18,05:30:00,1734480000,153.573,153.788,153.544,153.619,11226,0,0
2024-12-18T04:00:00+00:00,2024-12-18,09:30:00,1734494400,153.621,153.657,153.336,153.582,10426,0,0
2024-12-18T08:00:00+00:00,2024-12-18,13:30:00,1734508800,153.583,153.744,153.52,153.663,9371,0,0
2024-12-18T12:00:00+00:00,2024-12-18,17:30:00,1734523200,153.663,154.058,153.636,154.022,13879,0,0
2024-12-18T16:00:00+00:00,2024-12-18,21:30:00,1734537600,154.023,154.664,153.721,154.647,21273,0,0
2024-12-18T20:00:00+00:00,2024-12-19,01:30:00,1734552000,154.652,154.823,154.33,154.668,15581,0,0
2024-12-19T00:00:00+00:00,2024-12-19,05:30:00,1734566400,154.666,155.441,154.465,155.259,23320,0,0
2024-12-19T04:00:00+00:00,2024-12-19,09:30:00,1734580800,155.258,156.783,154.916,156.479,33601,0,0
2024-12-19T08:00:00+00:00,2024-12-19,13:30:00,1734595200,156.481,157.149,156.437,156.699,27013,0,0
2024-12-19T12:00:00+00:00,2024-12-19,17:30:00,1734609600,156.698,157.737,156.398,157.714,29815,0,0
2024-12-19T16:00:00+00:00,2024-12-19,21:30:00,1734624000,157.714,157.809,157.351,157.423,17215,0,0
2024-12-19T20:00:00+00:00,2024-12-20,01:30:00,1734638400,157.42,157.672,157.309,157.651,7294,0,0
2024-12-20T00:00:00+00:00,2024-12-20,05:30:00,1734652800,157.652,157.928,156.834,157.073,25554,0,0
2024-12-20T04:00:00+00:00,2024-12-20,09:30:00,1734667200,157.072,157.318,156.766,156.831,17208,0,0
2024-12-20T08:00:00+00:00,2024-12-20,13:30:00,1734681600,156.83,156.966,156.626,156.771,16453,0,0
2024-12-20T12:00:00+00:00,2024-12-20,17:30:00,1734696000,156.774,156.82,156.32,156.506,24638,0,0
2024-12-20T16:00:00+00:00,2024-12-20,21:30:00,1734710400,156.509,156.589,155.953,156.004,15319,0,0
2024-12-20T20:00:00+00:00,2024-12-21,01:30:00,1734724800,156.008,156.465,155.999,156.434,4154,0,0
2024-12-22T20:00:00+00:00,2024-12-23,01:30:00,1734897600,156.368,156.567,156.328,156.566,2275,0,0
2024-12-23T00:00:00+00:00,2024-12-23,05:30:00,1734912000,156.57,156.693,156.336,156.521,12185,0,0
2024-12-23T04:00:00+00:00,2024-12-23,09:30:00,1734926400,156.522,156.815,156.487,156.795,8519,0,0
2024-12-23T08:00:00+00:00,2024-12-23,13:30:00,1734940800,156.797,156.884,156.462,156.85,11669,0,0
2024-12-23T12:00:00+00:00,2024-12-23,17:30:00,1734955200,156.85,157.27,156.85,157.134,14811,0,0
2024-12-23T16:00:00+00:00,2024-12-23,21:30:00,1734969600,157.133,157.214,156.984,157.102,8737,0,0
2024-12-23T20:00:00+00:00,2024-12-24,01:30:00,1734984000,157.103,157.239,157.051,157.184,4777,0,0
2024-12-24T00:00:00+00:00,2024-12-24,05:30:00,1734998400,157.186,157.394,157.051,157.088,9101,0,0
2024-12-24T04:00:00+00:00,2024-12-24,09:30:00,1735012800,157.086,157.148,156.89,157.141,8739,0,0
2024-12-24T08:00:00+00:00,2024-12-24,13:30:00,1735027200,157.14,157.181,156.988,157.144,6261,0,0
2024-12-24T12:00:00+00:00,2024-12-24,17:30:00,1735041600,157.145,157.348,157.073,157.335,7387,0,0
2024-12-24T16:00:00+00:00,2024-12-24,21:30:00,1735056000,157.336,157.385,157.228,157.306,5103,0,0
2024-12-24T20:00:00+00:00,2024-12-25,01:30:00,1735070400,157.307,157.309,157.04,157.163,1272,29,0
2024-12-25T20:00:00+00:00,2024-12-26,01:30:00,1735156800,157.083,157.27,157.036,157.125,1888,0,0
2024-12-26T00:00:00+00:00,2024-12-26,05:30:00,1735171200,157.128,157.48,157.075,157.374,8280,0,0
2024-12-26T04:00:00+00:00,2024-12-26,09:30:00,1735185600,157.373,157.467,157.309,157.374,5545,0,0
2024-12-26T08:00:00+00:00,2024-12-26,13:30:00,1735200000,157.377,157.591,157.307,157.589,5299,0,0
2024-12-26T12:00:00+00:00,2024-12-26,17:30:00,1735214400,157.591,158.075,157.584,158.071,8273,0,0
2024-12-26T16:00:00+00:00,2024-12-26,21:30:00,1735228800,158.074,158.085,157.871,157.987,9514,0,0
2024-12-26T20:00:00+00:00,2024-12-27,01:30:00,1735243200,157.985,158.033,157.676,157.771,4996,0,0
2024-12-27T00:00:00+00:00,2024-12-27,05:30:00,1735257600,157.772,157.955,157.507,157.651,12272,0,0
2024-12-27T04:00:00+00:00,2024-12-27,09:30:00,1735272000,157.651,157.857,157.552,157.816,7614,0,0
2024-12-27T08:00:00+00:00,2024-12-27,13:30:00,1735286400,157.82,157.917,157.624,157.654,7988,0,0
2024-12-27T12:00:00+00:00,2024-12-27,17:30:00,1735300800,157.656,157.897,157.532,157.572,12094,0,0
2024-12-27T16:00:00+00:00,2024-12-27,21:30:00,1735315200,157.574,157.945,157.352,157.943,10105,0,0
2024-12-27T20:00:00+00:00,2024-12-28,01:30:00,1735329600,157.943,157.947,157.838,157.883,2583,0,0
2024-12-29T20:00:00+00:00,2024-12-30,01:30:00,1735502400,157.726,157.897,157.67,157.895,1682,0,0
2024-12-30T00:00:00+00:00,2024-12-30,05:30:00,1735516800,157.904,157.989,157.7,157.816,6887,0,0
2024-12-30T04:00:00+00:00,2024-12-30,09:30:00,1735531200,157.815,158.077,157.76,157.891,8146,0,0
2024-12-30T08:00:00+00:00,2024-12-30,13:30:00,1735545600,157.89,157.988,157.563,157.639,7702,0,0
2024-12-30T12:00:00+00:00,2024-12-30,17:30:00,1735560000,157.638,157.652,156.673,157.177,19972,0,0
2024-12-30T16:00:00+00:00,2024-12-30,21:30:00,1735574400,157.178,157.355,156.921,157.094,10768,0,0
2024-12-30T20:00:00+00:00,2024-12-31,01:30:00,1735588800,157.094,157.117,156.764,157.011,4768,0,0
2024-12-31T00:00:00+00:00,2024-12-31,05:30:00,1735603200,157.011,157.05,156.33,156.444,10872,0,0
2024-12-31T04:00:00+00:00,2024-12-31,09:30:00,1735617600,156.443,156.464,156.066,156.204,8748,0,0
2024-12-31T08:00:00+00:00,2024-12-31,13:30:00,1735632000,156.204,156.963,156.023,156.801,13885,0,0
2024-12-31T12:00:00+00:00,2024-12-31,17:30:00,1735646400,156.801,157.195,156.555,157.16,19358,0,0
2024-12-31T16:00:00+00:00,2024-12-31,21:30:00,1735660800,157.162,157.551,157.103,157.313,13696,0,0
2024-12-31T20:00:00+00:00,2025-01-01,01:30:00,1735675200,157.311,157.378,157.205,157.216,2420,0,0
2025-01-01T20:00:00+00:00,2025-01-02,01:30:00,1735761600,157.098,157.778,157.074,157.701,2199,0,0
2025-01-02T00:00:00+00:00,2025-01-02,05:30:00,1735776000,157.702,157.776,157.132,157.159,11397,0,0
2025-01-02T04:00:00+00:00,2025-01-02,09:30:00,1735790400,157.159,157.213,156.439,156.673,10955,0,0
2025-01-02T08:00:00+00:00,2025-01-02,13:30:00,1735804800,156.677,157.287,156.467,157.203,15270,0,0
2025-01-02T12:00:00+00:00,2025-01-02,17:30:00,1735819200,157.203,157.242,156.635,157.15,24398,0,0
2025-01-02T16:00:00+00:00,2025-01-02,21:30:00,1735833600,157.149,157.855,157.137,157.62,16234,0,0
2025-01-02T20:00:00+00:00,2025-01-03,01:30:00,1735848000,157.619,157.658,157.356,157.358,3809,0,0
2025-01-03T00:00:00+00:00,2025-01-03,05:30:00,1735862400,157.36,157.463,157.178,157.31,8177,0,0
2025-01-03T04:00:00+00:00,2025-01-03,09:30:00,1735876800,157.31,157.391,157.04,157.139,7789,0,0
2025-01-03T08:00:00+00:00,2025-01-03,13:30:00,1735891200,157.136,157.426,157.092,157.242,9609,0,0
2025-01-03T12:00:00+00:00,2025-01-03,17:30:00,1735905600,157.157,157.495,157.023,157.396,12444,0,0
2025-01-03T16:00:00+00:00,2025-01-03,21:30:00,1735920000,157.399,157.405,156.872,157.206,8900,0,0
2025-01-03T20:00:00+00:00,2025-01-04,01:30:00,1735934400,157.205,157.377,157.142,157.31,2383,0,0
2025-01-05T20:00:00+00:00,2025-01-06,01:30:00,1736107200,157.187,157.529,157.153,157.506,1941,0,0
2025-01-06T00:00:00+00:00,2025-01-06,05:30:00,1736121600,157.509,157.83,157.49,157.716,12344,0,0
2025-01-06T04:00:00+00:00,2025-01-06,09:30:00,1736136000,157.716,157.809,157.532,157.664,7982,0,0
2025-01-06T08:00:00+00:00,2025-01-06,13:30:00,1736150400,157.665,157.964,157.165,157.203,16720,0,0
2025-01-06T12:00:00+00:00,2025-01-06,17:30:00,1736164800,157.205,157.66,156.243,157.538,37467,0,0
2025-01-06T16:00:00+00:00,2025-01-06,21:30:00,1736179200,157.534,157.674,157.35,157.545,11262,0,0
2025-01-06T20:00:00+00:00,2025-01-07,01:30:00,1736193600,157.543,157.81,157.456,157.743,4011,0,0
2025-01-07T00:00:00+00:00,2025-01-07,05:30:00,1736208000,157.741,158.416,157.737,158.124,15499,0,0
2025-01-07T04:00:00+00:00,2025-01-07,09:30:00,1736222400,158.125,158.158,157.458,157.497,13131,0,0
2025-01-07T08:00:00+00:00,2025-01-07,13:30:00,1736236800,157.499,157.853,157.367,157.717,14157,0,0
2025-01-07T12:00:00+00:00,2025-01-07,17:30:00,1736251200,157.716,158.43,157.536,157.946,20081,0,0
2025-01-07T16:00:00+00:00,2025-01-07,21:30:00,1736265600,157.943,158.045,157.588,157.782,19085,0,0
2025-01-07T20:00:00+00:00,2025-01-08,01:30:00,1736280000,157.781,158.241,157.74,158.223,5001,0,0
2025-01-08T00:00:00+00:00,2025-01-08,05:30:00,1736294400,158.232,158.236,157.906,158.199,10473,0,0
2025-01-08T04:00:00+00:00,2025-01-08,09:30:00,1736308800,158.202,158.267,157.927,158.114,8307,0,0
2025-01-08T08:00:00+00:00,2025-01-08,13:30:00,1736323200,158.117,158.556,158.056,158.375,11908,0,0
2025-01-08T12:00:00+00:00,2025-01-08,17:30:00,1736337600,158.376,158.551,158.146,158.374,20362,0,0
2025-01-08T16:00:00+00:00,2025-01-08,21:30:00,1736352000,158.376,158.501,158.274,158.469,10915,0,0
2025-01-08T20:00:00+00:00,2025-01-09,01:30:00,1736366400,158.466,158.466,158.107,158.196,4595,0,0
2025-01-09T00:00:00+00:00,2025-01-09,05:30:00,1736380800,158.196,158.327,157.915,157.976,9637,0,0
2025-01-09T04:00:00+00:00,2025-01-09,09:30:00,1736395200,157.976,158.204,157.763,158.194,10819,0,0
2025-01-09T08:00:00+00:00,2025-01-09,13:30:00,1736409600,158.192,158.286,157.823,157.907,10814,0,0
2025-01-09T12:00:00+00:00,2025-01-09,17:30:00,1736424000,157.908,157.977,157.575,157.972,12278,0,0
2025-01-09T16:00:00+00:00,2025-01-09,21:30:00,1736438400,157.97,158.165,157.924,158.115,5690,0,0
2025-01-09T20:00:00+00:00,2025-01-10,01:30:00,1736452800,158.116,158.168,158.01,158.042,2794,0,0
2025-01-10T00:00:00+00:00,2025-01-10,05:30:00,1736467200,158.045,158.284,157.935,158.236,12365,0,0
2025-01-10T04:00:00+00:00,2025-01-10,09:30:00,1736481600,158.235,158.448,158.228,158.392,8176,0,0
2025-01-10T08:00:00+00:00,2025-01-10,13:30:00,1736496000,158.39,158.428,157.622,157.996,19001,0,0
2025-01-10T12:00:00+00:00,2025-01-10,17:30:00,1736510400,157.996,158.88,157.225,157.554,39312,0,0
2025-01-10T16:00:00+00:00,2025-01-10,21:30:00,1736524800,157.557,157.985,157.542,157.874,15786,0,0
2025-01-10T20:00:00+00:00,2025-01-11,01:30:00,1736539200,157.874,157.934,157.695,157.73,3272,0,0
2025-01-12T20:00:00+00:00,2025-01-13,01:30:00,1736712000,157.735,157.922,157.682,157.911,2217,0,0
2025-01-13T00:00:00+00:00,2025-01-13,05:30:00,1736726400,157.912,157.969,157.272,157.418,12424,0,0
2025-01-13T04:00:00+00:00,2025-01-13,09:30:00,1736740800,157.419,157.599,157.246,157.463,11659,0,0
2025-01-13T08:00:00+00:00,2025-01-13,13:30:00,1736755200,157.461,157.671,157.011,157.32,17446,0,0
2025-01-13T12:00:00+00:00,2025-01-13,17:30:00,1736769600,157.317,157.588,156.914,157.517,19575,0,0
2025-01-13T16:00:00+00:00,2025-01-13,21:30:00,1736784000,157.521,157.821,157.296,157.815,10704,0,0
2025-01-13T20:00:00+00:00,2025-01-14,01:30:00,1736798400,157.815,157.815,157.072,157.312,6284,0,0
2025-01-14T00:00:00+00:00,2025-01-14,05:30:00,1736812800,157.31,158.032,157.064,157.56,23258,0,0
2025-01-14T04:00:00+00:00,2025-01-14,09:30:00,1736827200,157.557,157.724,157.295,157.525,14260,0,0
2025-01-14T08:00:00+00:00,2025-01-14,13:30:00,1736841600,157.524,158.032,157.392,157.941,13380,0,0
2025-01-14T12:00:00+00:00,2025-01-14,17:30:00,1736856000,157.939,158.154,157.409,157.967,24026,0,0
2025-01-14T16:00:00+00:00,2025-01-14,21:30:00,1736870400,157.967,158.199,157.835,157.942,12626,0,0
2025-01-14T20:00:00+00:00,2025-01-15,01:30:00,1736884800,157.94,158.071,157.87,158.047,5055,0,0
2025-01-15T00:00:00+00:00,2025-01-15,05:30:00,1736899200,158.048,158.087,157.828,157.892,10731,0,0
2025-01-15T04:00:00+00:00,2025-01-15,09:30:00,1736913600,157.891,157.938,156.843,156.885,16197,0,0
2025-01-15T08:00:00+00:00,2025-01-15,13:30:00,1736928000,156.882,157.216,156.71,157.014,15402,0,0
2025-01-15T12:00:00+00:00,2025-01-15,17:30:00,1736942400,157.014,157.09,155.936,156.295,30671,0,0
2025-01-15T16:00:00+00:00,2025-01-15,21:30:00,1736956800,156.292,156.736,156.289,156.465,13871,0,0
2025-01-15T20:00:00+00:00,2025-01-16,01:30:00,1736971200,156.466,156.554,156.212,156.223,4910,0,0
2025-01-16T00:00:00+00:00,2025-01-16,05:30:00,1736985600,156.224,156.529,155.209,155.778,26811,0,0
2025-01-16T04:00:00+00:00,2025-01-16,09:30:00,1737000000,155.778,156.314,155.607,156.184,13214,0,0
2025-01-16T08:00:00+00:00,2025-01-16,13:30:00,1737014400,156.188,156.239,155.612,155.784,12984,0,0
2025-01-16T12:00:00+00:00,2025-01-16,17:30:00,1737028800,155.785,156.364,155.39,155.429,30062,0,0
2025-01-16T16:00:00+00:00,2025-01-16,21:30:00,1737043200,155.428,155.553,155.1,155.293,19784,0,0
2025-01-16T20:00:00+00:00,2025-01-17,01:30:00,1737057600,155.293,155.402,155.044,155.368,5003,0,0
2025-01-17T00:00:00+00:00,2025-01-17,05:30:00,1737072000,155.368,155.486,154.976,155.446,14937,0,0
2025-01-17T04:00:00+00:00,2025-01-17,09:30:00,1737086400,155.448,155.776,155.363,155.616,10706,0,0
2025-01-17T08:00:00+00:00,2025-01-17,13:30:00,1737100800,155.617,155.851,155.409,155.694,13248,0,0
2025-01-17T12:00:00+00:00,2025-01-17,17:30:00,1737115200,155.694,156.197,155.558,156.106,19728,0,0
2025-01-17T16:00:00+00:00,2025-01-17,21:30:00,1737129600,156.103,156.377,156.1,156.149,11413,0,0
2025-01-17T20:00:00+00:00,2025-01-18,01:30:00,1737144000,156.149,156.314,156.101,156.295,2707,0,0
2025-01-19T20:00:00+00:00,2025-01-20,01:30:00,1737316800,156.242,156.576,156.231,156.308,2476,0,0
2025-01-20T00:00:00+00:00,2025-01-20,05:30:00,1737331200,156.312,156.364,155.709,155.745,12709,0,0
2025-01-20T04:00:00+00:00,2025-01-20,09:30:00,1737345600,155.745,156.287,155.732,155.99,9392,0,0
2025-01-20T08:00:00+00:00,2025-01-20,13:30:00,1737360000,155.992,156.462,155.948,156.347,10263,0,0
2025-01-20T12:00:00+00:00,2025-01-20,17:30:00,1737374400,156.346,156.472,155.413,155.692,35468,0,0
2025-01-20T16:00:00+00:00,2025-01-20,21:30:00,1737388800,155.694,156.065,155.596,155.635,15678,0,0
2025-01-20T20:00:00+00:00,2025-01-21,01:30:00,1737403200,155.638,155.714,155.17,155.276,7464,0,0
2025-01-21T00:00:00+00:00,2025-01-21,05:30:00,1737417600,155.275,156.241,154.775,155.186,42259,0,0
2025-01-21T04:00:00+00:00,2025-01-21,09:30:00,1737432000,155.187,155.752,154.954,155.675,14442,0,0
2025-01-21T08:00:00+00:00,2025-01-21,13:30:00,1737446400,155.678,156.055,155.615,155.914,13726,0,0
2025-01-21T12:00:00+00:00,2025-01-21,17:30:00,1737460800,155.915,155.954,155.254,155.328,21908,0,0
2025-01-21T16:00:00+00:00,2025-01-21,21:30:00,1737475200,155.331,155.598,155.306,155.557,11752,0,0
2025-01-21T20:00:00+00:00,2025-01-22,01:30:00,1737489600,155.558,155.807,155.411,155.746,5200,0,0
2025-01-22T00:00:00+00:00,2025-01-22,05:30:00,1737504000,155.749,155.96,155.355,155.926,14605,0,0
2025-01-22T04:00:00+00:00,2025-01-22,09:30:00,1737518400,155.926,156.075,155.681,156.048,11659,0,0
2025-01-22T08:00:00+00:00,2025-01-22,13:30:00,1737532800,156.047,156.118,155.546,155.875,13117,0,0
2025-01-22T12:00:00+00:00,2025-01-22,17:30:00,1737547200,155.875,156.424,155.744,156.402,16330,0,0
2025-01-22T16:00:00+00:00,2025-01-22,21:30:00,1737561600,156.401,156.712,156.377,156.521,10725,0,0
2025-01-22T20:00:00+00:00,2025-01-23,01:30:00,1737576000,156.521,156.593,156.29,156.426,4181,0,0
2025-01-23T00:00:00+00:00,2025-01-23,05:30:00,1737590400,156.437,156.611,156.285,156.5,10363,0,0
2025-01-23T04:00:00+00:00,2025-01-23,09:30:00,1737604800,156.5,156.756,156.476,156.61,9594,0,0
2025-01-23T08:00:00+00:00,2025-01-23,13:30:00,1737619200,156.608,156.634,156.204,156.549,11531,0,0
2025-01-23T12:00:00+00:00,2025-01-23,17:30:00,1737633600,156.548,156.599,156.103,156.17,15883,0,0
2025-01-23T16:00:00+00:00,2025-01-23,21:30:00,1737648000,156.17,156.395,155.742,155.806,18104,0,0
2025-01-23T20:00:00+00:00,2025-01-24,01:30:00,1737662400,155.806,156.178,155.755,156.144,4741,0,0
2025-01-24T00:00:00+00:00,2025-01-24,05:30:00,1737676800,156.139,156.419,155.43,155.485,24003,0,0
2025-01-24T04:00:00+00:00,2025-01-24,09:30:00,1737691200,155.488,155.747,154.842,155.386,38444,0,0
2025-01-24T08:00:00+00:00,2025-01-24,13:30:00,1737705600,155.385,156.111,154.938,156.097,23208,0,0
2025-01-24T12:00:00+00:00,2025-01-24,17:30:00,1737720000,156.098,156.578,155.633,155.731,27131,0,0
2025-01-24T16:00:00+00:00,2025-01-24,21:30:00,1737734400,155.731,156.026,155.516,155.822,12895,0,0
2025-01-24T20:00:00+00:00,2025-01-25,01:30:00,1737748800,155.823,156.004,155.818,155.993,2657,0,0
2025-01-26T20:00:00+00:00,2025-01-27,01:30:00,1737921600,155.681,155.821,155.577,155.722,2974,0,0
2025-01-27T00:00:00+00:00,2025-01-27,05:30:00,1737936000,155.722,155.877,155.288,155.797,16878,0,0
2025-01-27T04:00:00+00:00,2025-01-27,09:30:00,1737950400,155.797,156.25,155.684,155.886,14224,0,0
2025-01-27T08:00:00+00:00,2025-01-27,13:30:00,1737964800,155.885,155.912,153.714,153.963,41368,0,0
2025-01-27T12:00:00+00:00,2025-01-27,17:30:00,1737979200,153.962,154.685,153.865,154.347,37103,0,0
2025-01-27T16:00:00+00:00,2025-01-27,21:30:00,1737993600,154.346,154.725,154.101,154.545,21512,0,0
2025-01-27T20:00:00+00:00,2025-01-28,01:30:00,1738008000,154.545,154.981,154.418,154.919,9036,0,0
2025-01-28T00:00:00+00:00,2025-01-28,05:30:00,1738022400,154.92,155.747,154.801,155.737,23741,0,0
2025-01-28T04:00:00+00:00,2025-01-28,09:30:00,1738036800,155.738,155.982,155.519,155.863,14941,0,0
2025-01-28T08:00:00+00:00,2025-01-28,13:30:00,1738051200,155.864,155.934,155.209,155.439,19417,0,0
2025-01-28T12:00:00+00:00,2025-01-28,17:30:00,1738065600,155.439,155.745,155.048,155.715,21775,0,0
2025-01-28T16:00:00+00:00,2025-01-28,21:30:00,1738080000,155.717,155.761,155.507,155.538,11251,0,0
2025-01-28T20:00:00+00:00,2025-01-29,01:30:00,1738094400,155.536,155.613,155.49,155.564,4257,0,0
2025-01-29T00:00:00+00:00,2025-01-29,05:30:00,1738108800,155.566,155.793,155.325,155.427,12146,0,0
2025-01-29T04:00:00+00:00,2025-01-29,09:30:00,1738123200,155.427,155.438,155.002,155.287,14032,0,0
2025-01-29T08:00:00+00:00,2025-01-29,13:30:00,1738137600,155.291,155.524,155.009,155.424,14702,0,0
2025-01-29T12:00:00+00:00,2025-01-29,17:30:00,1738152000,155.421,155.5,154.941,155.011,17462,0,0
2025-01-29T16:00:00+00:00,2025-01-29,21:30:00,1738166400,155.01,155.611,154.972,155.246,21972,0,0
2025-01-29T20:00:00+00:00,2025-01-30,01:30:00,1738180800,155.247,155.389,155.027,155.182,10921,0,0
2025-01-30T00:00:00+00:00,2025-01-30,05:30:00,1738195200,155.181,155.204,154.283,154.528,22125,0,0
2025-01-30T04:00:00+00:00,2025-01-30,09:30:00,1738209600,154.533,154.735,154.358,154.499,14533,0,0
2025-01-30T08:00:00+00:00,2025-01-30,13:30:00,1738224000,154.503,154.651,154.317,154.593,16579,0,0
2025-01-30T12:00:00+00:00,2025-01-30,17:30:00,1738238400,154.59,154.598,153.791,154.135,27668,0,0
2025-01-30T16:00:00+00:00,2025-01-30,21:30:00,1738252800,154.138,154.498,154.072,154.113,13625,0,0
2025-01-30T20:00:00+00:00,2025-01-31,01:30:00,1738267200,154.112,154.498,153.997,154.091,12028,0,0
2025-01-31T00:00:00+00:00,2025-01-31,05:30:00,1738281600,154.092,154.424,153.913,154.356,20778,0,0
2025-01-31T04:00:00+00:00,2025-01-31,09:30:00,1738296000,154.359,154.935,154.316,154.653,17496,0,0
2025-01-31T08:00:00+00:00,2025-01-31,13:30:00,1738310400,154.655,154.858,154.485,154.845,16118,0,0
2025-01-31T12:00:00+00:00,2025-01-31,17:30:00,1738324800,154.845,155.023,154.529,154.819,23017,0,0
2025-01-31T16:00:00+00:00,2025-01-31,21:30:00,1738339200,154.822,155.223,154.664,155.143,23400,0,0
2025-01-31T20:00:00+00:00,2025-02-01,01:30:00,1738353600,155.14,155.216,155.026,155.207,5473,0,0
2025-02-02T20:00:00+00:00,2025-02-03,01:30:00,1738526400,154.788,155.432,154.77,155.351,6259,0,0
2025-02-03T00:00:00+00:00,2025-02-03,05:30:00,1738540800,155.351,155.888,155.351,155.653,29247,0,0
2025-02-03T04:00:00+00:00,2025-02-03,09:30:00,1738555200,155.653,155.748,155.282,155.627,17714,0,0
2025-02-03T08:00:00+00:00,2025-02-03,13:30:00,1738569600,155.629,155.718,154.596,154.611,19397,0,0
2025-02-03T12:00:00+00:00,2025-02-03,17:30:00,1738584000,154.613,154.868,154.008,154.728,43331,0,0
2025-02-03T16:00:00+00:00,2025-02-03,21:30:00,1738598400,154.729,155.013,154.517,154.896,24643,0,0
2025-02-03T20:00:00+00:00,2025-02-04,01:30:00,1738612800,154.893,155.294,154.545,155.268,9078,0,0
2025-02-04T00:00:00+00:00,2025-02-04,05:30:00,1738627200,155.269,155.406,155.042,155.214,15852,0,0
2025-02-04T04:00:00+00:00,2025-02-04,09:30:00,1738641600,155.213,155.393,154.828,155.328,17097,0,0
2025-02-04T08:00:00+00:00,2025-02-04,13:30:00,1738656000,155.325,155.525,155.067,155.314,15628,0,0
2025-02-04T12:00:00+00:00,2025-02-04,17:30:00,1738670400,155.315,155.398,154.535,154.677,20139,0,0
2025-02-04T16:00:00+00:00,2025-02-04,21:30:00,1738684800,154.676,154.676,154.173,154.29,14885,0,0
2025-02-04T20:00:00+00:00,2025-02-05,01:30:00,1738699200,154.289,154.462,154.029,154.136,5897,0,0
2025-02-05T00:00:00+00:00,2025-02-05,05:30:00,1738713600,154.134,154.36,153.081,153.223,26733,0,0
2025-02-05T04:00:00+00:00,2025-02-05,09:30:00,1738728000,153.222,153.57,153.073,153.305,16108,0,0
2025-02-05T08:00:00+00:00,2025-02-05,13:30:00,1738742400,153.305,153.396,152.552,152.874,18591,0,0
2025-02-05T12:00:00+00:00,2025-02-05,17:30:00,1738756800,152.874,153.207,152.112,152.142,28179,0,0
2025-02-05T16:00:00+00:00,2025-02-05,21:30:00,1738771200,152.142,152.544,152.114,152.524,14428,0,0
2025-02-05T20:00:00+00:00,2025-02-06,01:30:00,1738785600,152.526,152.77,152.374,152.652,6562,0,0
2025-02-06T00:00:00+00:00,2025-02-06,05:30:00,1738800000,152.653,152.69,151.813,152.238,20247,0,0
2025-02-06T04:00:00+00:00,2025-02-06,09:30:00,1738814400,152.239,152.677,152.131,152.584,14246,0,0
2025-02-06T08:00:00+00:00,2025-02-06,13:30:00,1738828800,152.584,152.899,152.359,152.434,15130,0,0
2025-02-06T12:00:00+00:00,2025-02-06,17:30:00,1738843200,152.432,152.532,151.661,151.69,24479,0,0
2025-02-06T16:00:00+00:00,2025-02-06,21:30:00,1738857600,151.693,152.06,151.236,151.386,17496,0,0
2025-02-06T20:00:00+00:00,2025-02-07,01:30:00,1738872000,151.389,151.54,151.156,151.171,5872,0,0
2025-02-07T00:00:00+00:00,2025-02-07,05:30:00,1738886400,151.172,151.742,150.958,151.584,18928,0,0
2025-02-07T04:00:00+00:00,2025-02-07,09:30:00,1738900800,151.584,151.889,151.544,151.825,11631,0,0
2025-02-07T08:00:00+00:00,2025-02-07,13:30:00,1738915200,151.825,152.185,151.669,152.156,13321,0,0
2025-02-07T12:00:00+00:00,2025-02-07,17:30:00,1738929600,152.155,152.429,151.279,151.39,40179,0,0
2025-02-07T16:00:00+00:00,2025-02-07,21:30:00,1738944000,151.39,151.858,150.93,151.385,32430,0,0
2025-02-07T20:00:00+00:00,2025-02-08,01:30:00,1738958400,151.381,151.457,151.255,151.411,4229,0,0
2025-02-09T20:00:00+00:00,2025-02-10,01:30:00,1739131200,151.253,151.884,151.176,151.873,3858,0,0
2025-02-10T00:00:00+00:00,2025-02-10,05:30:00,1739145600,151.877,152.213,151.628,151.923,17288,0,0
2025-02-10T04:00:00+00:00,2025-02-10,09:30:00,1739160000,151.922,152.193,151.769,152.169,11300,0,0
2025-02-10T08:00:00+00:00,2025-02-10,13:30:00,1739174400,152.171,152.539,152.011,152.124,13764,0,0
2025-02-10T12:00:00+00:00,2025-02-10,17:30:00,1739188800,152.123,152.246,151.569,151.61,16359,0,0
2025-02-10T16:00:00+00:00,2025-02-10,21:30:00,1739203200,151.61,152.073,151.573,151.977,9275,0,0
2025-02-10T20:00:00+00:00,2025-02-11,01:30:00,1739217600,151.979,152.036,151.75,151.789,4454,0,0
2025-02-11T00:00:00+00:00,2025-02-11,05:30:00,1739232000,151.793,152.065,151.684,151.983,10247,0,0
2025-02-11T04:00:00+00:00,2025-02-11,09:30:00,1739246400,151.983,152.049,151.834,151.952,6994,0,0
2025-02-11T08:00:00+00:00,2025-02-11,13:30:00,1739260800,151.955,152.379,151.651,152.339,13145,0,0
2025-02-11T12:00:00+00:00,2025-02-11,17:30:00,1739275200,152.342,152.597,152.222,152.494,17794,0,0
2025-02-11T16:00:00+00:00,2025-02-11,21:30:00,1739289600,152.493,152.558,152.251,152.49,11673,0,0
2025-02-11T20:00:00+00:00,2025-02-12,01:30:00,1739304000,152.492,152.764,152.325,152.763,6033,0,0
2025-02-12T00:00:00+00:00,2025-02-12,05:30:00,1739318400,152.764,153.684,152.728,153.635,16006,0,0
2025-02-12T04:00:00+00:00,2025-02-12,09:30:00,1739332800,153.634,153.737,153.416,153.68,12828,0,0
2025-02-12T08:00:00+00:00,2025-02-12,13:30:00,1739347200,153.683,153.887,153.414,153.553,13366,0,0
2025-02-12T12:00:00+00:00,2025-02-12,17:30:00,1739361600,153.554,154.618,153.317,154.44,27035,0,0
2025-02-12T16:00:00+00:00,2025-02-12,21:30:00,1739376000,154.439,154.805,154.283,154.431,16183,0,0
2025-02-12T20:00:00+00:00,2025-02-13,01:30:00,1739390400,154.428,154.468,154.177,154.24,5439,0,0
2025-02-13T00:00:00+00:00,2025-02-13,05:30:00,1739404800,154.239,154.67,154.123,154.244,15713,0,0
2025-02-13T04:00:00+00:00,2025-02-13,09:30:00,1739419200,154.244,154.492,153.956,154.281,14718,0,0
2025-02-13T08:00:00+00:00,2025-02-13,13:30:00,1739433600,154.277,154.343,153.734,153.847,14798,0,0
2025-02-13T12:00:00+00:00,2025-02-13,17:30:00,1739448000,153.847,154.014,153.077,153.138,25653,0,0
2025-02-13T16:00:00+00:00,2025-02-13,21:30:00,1739462400,153.14,153.349,152.77,152.934,16324,0,0
2025-02-13T20:00:00+00:00,2025-02-14,01:30:00,1739476800,152.935,153.151,152.699,152.989,6402,0,0
2025-02-14T00:00:00+00:00,2025-02-14,05:30:00,1739491200,152.992,153.104,152.446,152.841,18241,0,0
2025-02-14T04:00:00+00:00,2025-02-14,09:30:00,1739505600,152.841,152.896,152.386,152.729,13225,0,0
2025-02-14T08:00:00+00:00,2025-02-14,13:30:00,1739520000,152.731,152.843,152.467,152.706,14986,0,0
2025-02-14T12:00:00+00:00,2025-02-14,17:30:00,1739534400,152.706,152.825,152.065,152.142,22205,0,0
2025-02-14T16:00:00+00:00,2025-02-14,21:30:00,1739548800,152.143,152.393,152.023,152.211,9807,0,0
2025-02-14T20:00:00+00:00,2025-02-15,01:30:00,1739563200,152.213,152.355,152.213,152.302,2430,0,0
2025-02-16T20:00:00+00:00,2025-02-17,01:30:00,1739736000,152.205,152.389,151.969,152.01,2343,0,0
2025-02-17T00:00:00+00:00,2025-02-17,05:30:00,1739750400,152.009,152.118,151.508,151.62,15905,0,0
2025-02-17T04:00:00+00:00,2025-02-17,09:30:00,1739764800,151.62,151.892,151.475,151.866,14582,0,0
2025-02-17T08:00:00+00:00,2025-02-17,13:30:00,1739779200,151.867,151.945,151.496,151.508,11824,0,0
2025-02-17T12:00:00+00:00,2025-02-17,17:30:00,1739793600,151.508,151.539,151.34,151.367,8745,0,0
2025-02-17T16:00:00+00:00,2025-02-17,21:30:00,1739808000,151.369,151.454,151.341,151.403,4188,0,0
2025-02-17T20:00:00+00:00,2025-02-18,01:30:00,1739822400,151.403,151.619,151.237,151.439,3693,0,0
2025-02-18T00:00:00+00:00,2025-02-18,05:30:00,1739836800,151.44,152.095,151.418,152.082,15420,0,0
2025-02-18T04:00:00+00:00,2025-02-18,09:30:00,1739851200,152.084,152.224,151.795,152.057,11865,0,0
2025-02-18T08:00:00+00:00,2025-02-18,13:30:00,1739865600,152.056,152.105,151.678,151.786,10144,0,0
2025-02-18T12:00:00+00:00,2025-02-18,17:30:00,1739880000,151.787,151.882,151.529,151.659,12755,0,0
2025-02-18T16:00:00+00:00,2025-02-18,21:30:00,1739894400,151.656,152.047,151.648,151.925,8708,0,0
2025-02-18T20:00:00+00:00,2025-02-19,01:30:00,1739908800,151.927,152.124,151.912,151.924,4856,0,0
2025-02-19T00:00:00+00:00,2025-02-19,05:30:00,1739923200,151.924,152.314,151.746,151.897,15737,0,0
2025-02-19T04:00:00+00:00,2025-02-19,09:30:00,1739937600,151.897,151.939,151.587,151.665,13127,0,0
2025-02-19T08:00:00+00:00,2025-02-19,13:30:00,1739952000,151.662,151.957,151.548,151.846,12233,0,0
2025-02-19T12:00:00+00:00,2025-02-19,17:30:00,1739966400,151.848,151.932,151.243,151.421,15320,0,0
2025-02-19T16:00:00+00:00,2025-02-19,21:30:00,1739980800,151.422,151.83,151.394,151.524,11091,0,0
2025-02-19T20:00:00+00:00,2025-02-20,01:30:00,1739995200,151.525,151.573,151.125,151.228,5167,0,0
2025-02-20T00:00:00+00:00,2025-02-20,05:30:00,1740009600,151.225,151.239,150.391,150.433,22619,0,0
2025-02-20T04:00:00+00:00,2025-02-20,09:30:00,1740024000,150.431,150.484,149.947,150.173,16073,0,0
2025-02-20T08:00:00+00:00,2025-02-20,13:30:00,1740038400,150.171,150.437,149.986,150.226,12475,0,0
2025-02-20T12:00:00+00:00,2025-02-20,17:30:00,1740052800,150.226,150.235,149.469,149.513,23820,0,0
2025-02-20T16:00:00+00:00,2025-02-20,21:30:00,1740067200,149.515,149.815,149.398,149.777,12810,0,0
2025-02-20T20:00:00+00:00,2025-02-21,01:30:00,1740081600,149.778,149.829,149.288,149.483,6231,0,0
2025-02-21T00:00:00+00:00,2025-02-21,05:30:00,1740096000,149.484,150.739,149.469,150.311,24400,0,0
2025-02-21T04:00:00+00:00,2025-02-21,09:30:00,1740110400,150.312,150.656,150.12,150.547,14908,0,0
2025-02-21T08:00:00+00:00,2025-02-21,13:30:00,1740124800,150.55,150.617,150.188,150.273,14541,0,0
2025-02-21T12:00:00+00:00,2025-02-21,17:30:00,1740139200,150.271,150.514,149.509,149.552,18701,0,0
2025-02-21T16:00:00+00:00,2025-02-21,21:30:00,1740153600,149.552,149.623,148.924,149.074,18352,0,0
2025-02-21T20:00:00+00:00,2025-02-22,01:30:00,1740168000,149.075,149.341,148.999,149.289,4728,0,0
2025-02-23T20:00:00+00:00,2025-02-24,01:30:00,1740340800,149.191,149.403,149.094,149.403,3102,0,0
2025-02-24T00:00:00+00:00,2025-02-24,05:30:00,1740355200,149.406,149.501,148.846,149.164,21069,0,0
2025-02-24T04:00:00+00:00,2025-02-24,09:30:00,1740369600,149.164,149.55,149.133,149.458,13802,0,0
2025-02-24T08:00:00+00:00,2025-02-24,13:30:00,1740384000,149.455,149.794,149.233,149.736,15157,0,0
2025-02-24T12:00:00+00:00,2025-02-24,17:30:00,1740398400,149.733,149.877,149.189,149.298,22035,0,0
2025-02-24T16:00:00+00:00,2025-02-24,21:30:00,1740412800,149.299,149.803,149.298,149.678,16435,0,0
2025-02-24T20:00:00+00:00,2025-02-25,01:30:00,1740427200,149.679,149.914,149.578,149.914,6837,0,0
2025-02-25T00:00:00+00:00,2025-02-25,05:30:00,1740441600,149.915,150.301,149.615,149.669,14955,0,0
2025-02-25T04:00:00+00:00,2025-02-25,09:30:00,1740456000,149.669,149.87,149.193,149.285,15597,0,0
2025-02-25T08:00:00+00:00,2025-02-25,13:30:00,1740470400,149.285,149.954,149.219,149.808,18843,0,0
2025-02-25T12:00:00+00:00,2025-02-25,17:30:00,1740484800,149.81,149.821,148.56,149.068,28430,0,0
2025-02-25T16:00:00+00:00,2025-02-25,21:30:00,1740499200,149.066,149.257,148.778,149.079,21984,0,0
2025-02-25T20:00:00+00:00,2025-02-26,01:30:00,1740513600,149.077,149.184,148.851,149.054,7859,0,0
2025-02-26T00:00:00+00:00,2025-02-26,05:30:00,1740528000,149.052,149.521,148.619,149.396,20087,0,0
2025-02-26T04:00:00+00:00,2025-02-26,09:30:00,1740542400,149.393,149.634,149.284,149.529,15281,0,0
2025-02-26T08:00:00+00:00,2025-02-26,13:30:00,1740556800,149.532,149.595,149.227,149.545,16541,0,0
2025-02-26T12:00:00+00:00,2025-02-26,17:30:00,1740571200,149.546,149.89,149.291,149.488,23288,0,0
2025-02-26T16:00:00+00:00,2025-02-26,21:30:00,1740585600,149.487,149.532,148.812,148.838,21821,0,0
2025-02-26T20:00:00+00:00,2025-02-27,01:30:00,1740600000,148.84,149.195,148.743,148.877,7708,0,0
2025-02-27T00:00:00+00:00,2025-02-27,05:30:00,1740614400,148.882,149.406,148.785,149.225,16670,0,0
2025-02-27T04:00:00+00:00,2025-02-27,09:30:00,1740628800,149.222,149.427,149.079,149.269,13141,0,0
2025-02-27T08:00:00+00:00,2025-02-27,13:30:00,1740643200,149.271,149.974,149.158,149.797,15715,0,0
2025-02-27T12:00:00+00:00,2025-02-27,17:30:00,1740657600,149.798,150.141,149.36,149.946,39552,0,0
2025-02-27T16:00:00+00:00,2025-02-27,21:30:00,1740672000,149.945,150.166,149.767,149.864,22101,0,0
2025-02-27T20:00:00+00:00,2025-02-28,01:30:00,1740686400,149.866,150.104,149.543,150.089,9294,0,0
2025-02-28T00:00:00+00:00,2025-02-28,05:30:00,1740700800,150.092,150.148,149.101,149.605,23526,0,0
2025-02-28T04:00:00+00:00,2025-02-28,09:30:00,1740715200,149.606,150.571,149.517,150.437,18373,0,0
2025-02-28T08:00:00+00:00,2025-02-28,13:30:00,1740729600,150.437,150.688,150.188,150.392,16905,0,0
2025-02-28T12:00:00+00:00,2025-02-28,17:30:00,1740744000,150.389,150.988,150.283,150.686,35367,0,0
2025-02-28T16:00:00+00:00,2025-02-28,21:30:00,1740758400,150.687,150.794,150.237,150.544,29997,0,0
2025-02-28T20:00:00+00:00,2025-03-01,01:30:00,1740772800,150.546,150.626,150.443,150.625,6464,0,0
2025-03-02T20:00:00+00:00,2025-03-03,01:30:00,1740945600,150.685,151.018,150.631,150.809,3454,0,0
2025-03-03T00:00:00+00:00,2025-03-03,05:30:00,1740960000,150.812,150.951,150.244,150.454,22008,0,0
2025-03-03T04:00:00+00:00,2025-03-03,09:30:00,1740974400,150.453,150.535,150.151,150.174,14530,0,0
2025-03-03T08:00:00+00:00,2025-03-03,13:30:00,1740988800,150.172,151.239,149.946,151.208,20841,0,0
2025-03-03T12:00:00+00:00,2025-03-03,17:30:00,1741003200,151.206,151.305,150.08,150.239,31468,0,0
2025-03-03T16:00:00+00:00,2025-03-03,21:30:00,1741017600,150.241,150.376,150.047,150.25,27110,0,0
2025-03-03T20:00:00+00:00,2025-03-04,01:30:00,1741032000,150.253,150.261,149.09,149.306,21522,0,0
2025-03-04T00:00:00+00:00,2025-03-04,05:30:00,1741046400,149.309,149.535,148.599,149.167,30447,0,0
2025-03-04T04:00:00+00:00,2025-03-04,09:30:00,1741060800,149.167,149.579,148.925,149.353,25210,0,0
2025-03-04T08:00:00+00:00,2025-03-04,13:30:00,1741075200,149.35,149.458,148.292,148.366,33227,0,0
2025-03-04T12:00:00+00:00,2025-03-04,17:30:00,1741089600,148.363,148.711,148.096,148.352,52161,0,0
2025-03-04T16:00:00+00:00,2025-03-04,21:30:00,1741104000,148.352,149.373,148.306,149.32,37109,0,0
2025-03-04T20:00:00+00:00,2025-03-05,01:30:00,1741118400,149.318,149.97,149.011,149.833,14853,0,0
2025-03-05T00:00:00+00:00,2025-03-05,05:30:00,1741132800,149.829,150.187,149.576,149.974,29226,0,0
2025-03-05T04:00:00+00:00,2025-03-05,09:30:00,1741147200,149.975,149.975,149.415,149.448,18513,0,0
2025-03-05T08:00:00+00:00,2025-03-05,13:30:00,1741161600,149.45,149.644,149.1,149.396,24569,0,0
2025-03-05T12:00:00+00:00,2025-03-05,17:30:00,1741176000,149.398,149.741,148.395,148.915,49307,0,0
2025-03-05T16:00:00+00:00,2025-03-05,21:30:00,1741190400,148.914,149.144,148.476,148.788,39762,0,0
2025-03-05T20:00:00+00:00,2025-03-06,01:30:00,1741204800,148.788,149.0,148.633,148.888,8990,0,0
2025-03-06T00:00:00+00:00,2025-03-06,05:30:00,1741219200,148.885,149.337,148.861,149.236,17215,0,0
2025-03-06T04:00:00+00:00,2025-03-06,09:30:00,1741233600,149.235,149.311,148.268,148.373,21128,0,0
2025-03-06T08:00:00+00:00,2025-03-06,13:30:00,1741248000,148.371,148.417,147.701,147.831,32366,0,0
2025-03-06T12:00:00+00:00,2025-03-06,17:30:00,1741262400,147.829,148.317,147.313,148.238,50011,0,0
2025-03-06T16:00:00+00:00,2025-03-06,21:30:00,1741276800,148.241,148.395,147.571,147.692,39182,0,0
2025-03-06T20:00:00+00:00,2025-03-07,01:30:00,1741291200,147.695,148.147,147.664,148.146,11084,0,0
2025-03-07T00:00:00+00:00,2025-03-07,05:30:00,1741305600,148.148,148.167,147.443,147.61,21031,0,0
2025-03-07T04:00:00+00:00,2025-03-07,09:30:00,1741320000,147.61,147.756,147.389,147.656,18897,0,0
2025-03-07T08:00:00+00:00,2025-03-07,13:30:00,1741334400,147.657,147.757,147.203,147.696,26223,0,0
2025-03-07T12:00:00+00:00,2025-03-07,17:30:00,1741348800,147.694,147.97,146.94,147.519,61467,0,0
2025-03-07T16:00:00+00:00,2025-03-07,21:30:00,1741363200,147.518,148.206,146.961,148.037,42064,0,0
2025-03-07T20:00:00+00:00,2025-03-08,01:30:00,1741377600,148.035,148.119,147.841,148.049,8230,0,0
2025-03-09T20:00:00+00:00,2025-03-10,01:30:00,1741550400,147.916,147.944,147.387,147.593,8961,0,0
2025-03-10T00:00:00+00:00,2025-03-10,05:30:00,1741564800,147.59,147.758,147.092,147.644,21401,0,0
2025-03-10T04:00:00+00:00,2025-03-10,09:30:00,1741579200,147.644,147.794,147.497,147.568,15491,0,0
2025-03-10T08:00:00+00:00,2025-03-10,13:30:00,1741593600,147.571,147.641,146.86,147.127,26911,0,0
2025-03-10T12:00:00+00:00,2025-03-10,17:30:00,1741608000,147.128,147.307,146.631,147.153,43090,0,0
2025-03-10T16:00:00+00:00,2025-03-10,21:30:00,1741622400,147.151,147.468,147.036,147.3,27256,0,0
2025-03-10T20:00:00+00:00,2025-03-11,01:30:00,1741636800,147.301,147.363,146.78,147.079,9424,0,0
2025-03-11T00:00:00+00:00,2025-03-11,05:30:00,1741651200,147.081,147.195,146.543,147.118,27769,0,0
2025-03-11T04:00:00+00:00,2025-03-11,09:30:00,1741665600,147.115,147.404,146.76,146.942,20039,0,0
2025-03-11T08:00:00+00:00,2025-03-11,13:30:00,1741680000,146.94,147.73,146.878,147.607,24146,0,0
2025-03-11T12:00:00+00:00,2025-03-11,17:30:00,1741694400,147.605,148.122,147.269,147.499,60690,0,0
2025-03-11T16:00:00+00:00,2025-03-11,21:30:00,1741708800,147.496,147.917,147.023,147.757,38546,0,0
2025-03-11T20:00:00+00:00,2025-03-12,01:30:00,1741723200,147.754,148.07,147.711,148.05,6656,0,0
2025-03-12T00:00:00+00:00,2025-03-12,05:30:00,1741737600,148.048,148.159,147.847,148.075,16884,0,0
2025-03-12T04:00:00+00:00,2025-03-12,09:30:00,1741752000,148.073,148.602,147.961,148.592,16479,0,0
2025-03-12T08:00:00+00:00,2025-03-12,13:30:00,1741766400,148.595,148.774,148.261,148.737,18637,0,0
2025-03-12T12:00:00+00:00,2025-03-12,17:30:00,1741780800,148.736,149.198,148.134,148.319,43429,0,0
2025-03-12T16:00:00+00:00,2025-03-12,21:30:00,1741795200,148.317,148.435,148.107,148.352,20257,0,0
2025-03-12T20:00:00+00:00,2025-03-13,01:30:00,1741809600,148.356,148.369,148.052,148.294,5299,0,0
2025-03-13T00:00:00+00:00,2025-03-13,05:30:00,1741824000,148.296,148.374,148.018,148.043,13962,0,0
2025-03-13T04:00:00+00:00,2025-03-13,09:30:00,1741838400,148.046,148.119,147.576,147.789,17392,0,0
2025-03-13T08:00:00+00:00,2025-03-13,13:30:00,1741852800,147.791,148.239,147.683,147.997,19073,0,0
2025-03-13T12:00:00+00:00,2025-03-13,17:30:00,1741867200,147.995,148.358,147.643,147.711,32822,0,0
2025-03-13T16:00:00+00:00,2025-03-13,21:30:00,1741881600,147.71,147.835,147.413,147.698,22999,0,0
2025-03-13T20:00:00+00:00,2025-03-14,01:30:00,1741896000,147.69,147.978,147.69,147.941,5546,0,0
2025-03-14T00:00:00+00:00,2025-03-14,05:30:00,1741910400,147.942,148.434,147.852,148.337,15265,0,0
2025-03-14T04:00:00+00:00,2025-03-14,09:30:00,1741924800,148.334,149.024,148.326,148.754,16358,0,0
2025-03-14T08:00:00+00:00,2025-03-14,13:30:00,1741939200,148.754,149.005,148.606,148.729,17463,0,0
2025-03-14T12:00:00+00:00,2025-03-14,17:30:00,1741953600,148.729,148.899,148.351,148.518,27484,0,0
2025-03-14T16:00:00+00:00,2025-03-14,21:30:00,1741968000,148.517,148.664,148.259,148.643,12963,0,0
2025-03-14T20:00:00+00:00,2025-03-15,01:30:00,1741982400,148.643,148.66,148.562,148.638,1060,0,0
2025-03-16T20:00:00+00:00,2025-03-17,01:30:00,1742155200,148.75,148.808,148.464,148.607,5476,0,0
2025-03-17T00:00:00+00:00,2025-03-17,05:30:00,1742169600,148.609,148.898,148.467,148.733,14661,0,0
2025-03-17T04:00:00+00:00,2025-03-17,09:30:00,1742184000,148.732,149.1,148.721,148.84,14985,0,0
2025-03-17T08:00:00+00:00,2025-03-17,13:30:00,1742198400,148.842,148.982,148.415,148.457,16960,0,0
2025-03-17T12:00:00+00:00,2025-03-17,17:30:00,1742212800,148.459,149.099,148.251,148.558,31218,0,0
2025-03-17T16:00:00+00:00,2025-03-17,21:30:00,1742227200,148.557,149.287,148.523,149.158,14401,0,0
2025-03-17T20:00:00+00:00,2025-03-18,01:30:00,1742241600,149.159,149.4,149.055,149.4,5417,0,0
2025-03-18T00:00:00+00:00,2025-03-18,05:30:00,1742256000,149.397,149.728,149.257,149.69,12583,0,0
2025-03-18T04:00:00+00:00,2025-03-18,09:30:00,1742270400,149.69,149.878,149.515,149.83,10151,0,0
2025-03-18T08:00:00+00:00,2025-03-18,13:30:00,1742284800,149.834,149.904,149.564,149.746,12376,0,0
2025-03-18T12:00:00+00:00,2025-03-18,17:30:00,1742299200,149.747,149.936,149.417,149.498,23695,0,0
2025-03-18T16:00:00+00:00,2025-03-18,21:30:00,1742313600,149.494,149.652,149.098,149.277,16703,0,0
2025-03-18T20:00:00+00:00,2025-03-19,01:30:00,1742328000,149.273,149.477,149.194,149.444,4576,0,0
2025-03-19T00:00:00+00:00,2025-03-19,05:30:00,1742342400,149.442,149.647,149.208,149.324,12538,0,0
2025-03-19T04:00:00+00:00,2025-03-19,09:30:00,1742356800,149.325,150.024,149.142,149.28,21629,0,0
2025-03-19T08:00:00+00:00,2025-03-19,13:30:00,1742371200,149.278,149.887,149.278,149.83,13657,0,0
2025-03-19T12:00:00+00:00,2025-03-19,17:30:00,1742385600,149.83,150.15,149.597,150.035,15072,0,0
2025-03-19T16:00:00+00:00,2025-03-19,21:30:00,1742400000,150.033,150.035,148.662,148.845,27612,0,0
2025-03-19T20:00:00+00:00,2025-03-20,01:30:00,1742414400,148.848,148.9,148.453,148.46,6805,0,0
2025-03-20T00:00:00+00:00,2025-03-20,05:30:00,1742428800,148.463,148.522,148.183,148.368,12790,0,0
2025-03-20T04:00:00+00:00,2025-03-20,09:30:00,1742443200,148.368,148.646,148.174,148.587,10090,0,0
2025-03-20T08:00:00+00:00,2025-03-20,13:30:00,1742457600,148.589,148.783,148.395,148.458,16975,0,0
2025-03-20T12:00:00+00:00,2025-03-20,17:30:00,1742472000,148.458,148.963,148.404,148.85,23129,0,0
2025-03-20T16:00:00+00:00,2025-03-20,21:30:00,1742486400,148.849,148.962,148.715,148.787,14665,0,0
2025-03-20T20:00:00+00:00,2025-03-21,01:30:00,1742500800,148.777,148.82,148.589,148.623,4213,0,0
2025-03-21T00:00:00+00:00,2025-03-21,05:30:00,1742515200,148.625,149.253,148.593,149.213,12808,0,0
2025-03-21T04:00:00+00:00,2025-03-21,09:30:00,1742529600,149.212,149.667,149.205,149.314,12009,0,0
2025-03-21T08:00:00+00:00,2025-03-21,13:30:00,1742544000,149.313,149.536,148.857,148.889,14137,0,0
2025-03-21T12:00:00+00:00,2025-03-21,17:30:00,1742558400,148.89,148.996,148.604,148.986,22965,0,0
2025-03-21T16:00:00+00:00,2025-03-21,21:30:00,1742572800,148.987,149.347,148.935,149.335,14500,0,0
2025-03-21T20:00:00+00:00,2025-03-22,01:30:00,1742587200,149.332,149.363,149.291,149.307,1055,0,0
2025-03-23T20:00:00+00:00,2025-03-24,01:30:00,1742760000,149.346,149.693,149.337,149.665,4943,0,0
2025-03-24T00:00:00+00:00,2025-03-24,05:30:00,1742774400,149.665,149.954,149.455,149.813,11638,0,0
2025-03-24T04:00:00+00:00,2025-03-24,09:30:00,1742788800,149.812,149.868,149.536,149.648,10751,0,0
2025-03-24T08:00:00+00:00,2025-03-24,13:30:00,1742803200,149.649,149.803,149.492,149.752,12737,0,0
2025-03-24T12:00:00+00:00,2025-03-24,17:30:00,1742817600,149.755,150.758,149.704,150.74,17465,0,0
2025-03-24T16:00:00+00:00,2025-03-24,21:30:00,1742832000,150.738,150.757,150.482,150.646,12461,0,0
2025-03-24T20:00:00+00:00,2025-03-25,01:30:00,1742846400,150.643,150.864,150.593,150.78,5224,0,0
2025-03-25T00:00:00+00:00,2025-03-25,05:30:00,1742860800,150.78,150.945,150.584,150.625,11351,0,0
2025-03-25T04:00:00+00:00,2025-03-25,09:30:00,1742875200,150.622,150.745,150.418,150.723,9334,0,0
2025-03-25T08:00:00+00:00,2025-03-25,13:30:00,1742889600,150.724,150.767,150.06,150.181,12930,0,0
2025-03-25T12:00:00+00:00,2025-03-25,17:30:00,1742904000,150.174,150.176,149.548,149.766,18406,0,0
2025-03-25T16:00:00+00:00,2025-03-25,21:30:00,1742918400,149.764,149.942,149.704,149.856,9821,0,0
2025-03-25T20:00:00+00:00,2025-03-26,01:30:00,1742932800,149.86,150.01,149.839,149.943,3670,0,0
2025-03-26T00:00:00+00:00,2025-03-26,05:30:00,1742947200,149.944,150.472,149.841,150.434,11754,0,0
2025-03-26T04:00:00+00:00,2025-03-26,09:30:00,1742961600,150.432,150.626,150.366,150.396,10377,0,0
2025-03-26T08:00:00+00:00,2025-03-26,13:30:00,1742976000,150.399,150.411,150.019,150.211,10646,0,0
2025-03-26T12:00:00+00:00,2025-03-26,17:30:00,1742990400,150.211,150.748,150.114,150.682,18817,0,0
2025-03-26T16:00:00+00:00,2025-03-26,21:30:00,1743004800,150.681,150.722,150.315,150.578,16457,0,0
2025-03-26T20:00:00+00:00,2025-03-27,01:30:00,1743019200,150.573,150.598,150.288,150.474,7585,0,0
2025-03-27T00:00:00+00:00,2025-03-27,05:30:00,1743033600,150.471,150.624,150.086,150.154,12994,0,0
2025-03-27T04:00:00+00:00,2025-03-27,09:30:00,1743048000,150.154,150.549,150.06,150.535,11759,0,0
2025-03-27T08:00:00+00:00,2025-03-27,13:30:00,1743062400,150.535,151.028,150.493,151.025,12383,0,0
2025-03-27T12:00:00+00:00,2025-03-27,17:30:00,1743076800,151.028,151.094,150.582,150.969,22983,0,0
2025-03-27T16:00:00+00:00,2025-03-27,21:30:00,1743091200,150.969,151.16,150.914,151.042,13064,0,0
2025-03-27T20:00:00+00:00,2025-03-28,01:30:00,1743105600,151.039,151.117,150.768,150.853,4983,0,0
2025-03-28T00:00:00+00:00,2025-03-28,05:30:00,1743120000,150.851,151.214,150.703,150.808,14215,0,0
2025-03-28T04:00:00+00:00,2025-03-28,09:30:00,1743134400,150.807,150.945,150.385,150.397,10241,0,0
2025-03-28T08:00:00+00:00,2025-03-28,13:30:00,1743148800,150.397,150.868,150.36,150.804,11079,0,0
2025-03-28T12:00:00+00:00,2025-03-28,17:30:00,1743163200,150.806,150.942,149.907,150.259,29992,0,0
2025-03-28T16:00:00+00:00,2025-03-28,21:30:00,1743177600,150.257,150.296,149.745,149.755,15692,0,0
2025-03-28T20:00:00+00:00,2025-03-29,01:30:00,1743192000,149.752,149.885,149.681,149.829,1360,0,0
2025-03-30T20:00:00+00:00,2025-03-31,01:30:00,1743364800,149.805,149.84,149.302,149.621,8021,0,0
2025-03-31T00:00:00+00:00,2025-03-31,05:30:00,1743379200,149.618,149.638,148.724,148.927,23469,0,0
2025-03-31T04:00:00+00:00,2025-03-31,09:30:00,1743393600,148.924,149.247,148.701,149.145,21243,0,0
2025-03-31T08:00:00+00:00,2025-03-31,13:30:00,1743408000,149.144,149.432,148.964,149.376,18918,0,0
2025-03-31T12:00:00+00:00,2025-03-31,17:30:00,1743422400,149.379,149.96,149.347,149.909,29956,0,0
2025-03-31T16:00:00+00:00,2025-03-31,21:30:00,1743436800,149.91,150.269,149.802,149.967,16735,0,0
2025-03-31T20:00:00+00:00,2025-04-01,01:30:00,1743451200,149.963,150.144,149.831,149.948,6549,0,0
2025-04-01T00:00:00+00:00,2025-04-01,05:30:00,1743465600,149.946,149.987,149.636,149.664,16501,0,0
2025-04-01T04:00:00+00:00,2025-04-01,09:30:00,1743480000,149.661,149.991,149.535,149.62,15507,0,0
2025-04-01T08:00:00+00:00,2025-04-01,13:30:00,1743494400,149.621,149.724,149.119,149.201,17593,0,0
2025-04-01T12:00:00+00:00,2025-04-01,17:30:00,1743508800,149.199,149.547,148.975,149.407,29858,0,0
2025-04-01T16:00:00+00:00,2025-04-01,21:30:00,1743523200,149.405,149.743,149.239,149.618,18940,0,0
2025-04-01T20:00:00+00:00,2025-04-02,01:30:00,1743537600,149.62,149.881,149.483,149.751,6401,0,0
2025-04-02T00:00:00+00:00,2025-04-02,05:30:00,1743552000,149.749,149.954,149.69,149.749,13589,0,0
2025-04-02T04:00:00+00:00,2025-04-02,09:30:00,1743566400,149.749,150.002,149.63,149.672,12146,0,0
2025-04-02T08:00:00+00:00,2025-04-02,13:30:00,1743580800,149.674,149.721,149.192,149.222,16274,0,0
2025-04-02T12:00:00+00:00,2025-04-02,17:30:00,1743595200,149.221,150.09,149.102,149.99,26202,0,0
2025-04-02T16:00:00+00:00,2025-04-02,21:30:00,1743609600,149.989,150.257,149.92,150.029,18616,0,0
2025-04-02T20:00:00+00:00,2025-04-03,01:30:00,1743624000,150.03,150.419,147.687,147.884,24334,0,0
2025-04-03T00:00:00+00:00,2025-04-03,05:30:00,1743638400,147.881,148.338,147.119,147.274,43439,0,0
2025-04-03T04:00:00+00:00,2025-04-03,09:30:00,1743652800,147.273,147.638,146.807,147.266,38421,0,0
2025-04-03T08:00:00+00:00,2025-04-03,13:30:00,1743667200,147.265,147.364,146.019,146.045,38661,0,0
2025-04-03T12:00:00+00:00,2025-04-03,17:30:00,1743681600,146.042,146.364,145.191,146.05,74719,0,0
2025-04-03T16:00:00+00:00,2025-04-03,21:30:00,1743696000,146.052,146.52,145.967,146.253,44319,0,0
2025-04-03T20:00:00+00:00,2025-04-04,01:30:00,1743710400,146.257,146.305,145.548,146.256,12521,0,0
2025-04-04T00:00:00+00:00,2025-04-04,05:30:00,1743724800,146.255,146.408,145.624,145.668,32839,0,0
2025-04-04T04:00:00+00:00,2025-04-04,09:30:00,1743739200,145.667,146.304,145.303,146.273,39619,0,0
2025-04-04T08:00:00+00:00,2025-04-04,13:30:00,1743753600,146.277,146.554,144.55,145.398,82099,0,0
2025-04-04T12:00:00+00:00,2025-04-04,17:30:00,1743768000,145.396,146.228,145.025,145.93,124026,0,0
2025-04-04T16:00:00+00:00,2025-04-04,21:30:00,1743782400,145.928,147.434,145.857,146.83,78820,0,0
2025-04-04T20:00:00+00:00,2025-04-05,01:30:00,1743796800,146.816,146.998,146.77,146.952,3490,0,0
2025-04-06T20:00:00+00:00,2025-04-07,01:30:00,1743969600,145.485,145.665,144.819,145.44,27993,0,0
2025-04-07T00:00:00+00:00,2025-04-07,05:30:00,1743984000,145.437,146.851,145.185,146.288,65901,0,0
2025-04-07T04:00:00+00:00,2025-04-07,09:30:00,1743998400,146.291,146.469,145.075,145.791,63250,0,0
2025-04-07T08:00:00+00:00,2025-04-07,13:30:00,1744012800,145.793,146.626,145.702,146.382,61081,0,0
2025-04-07T12:00:00+00:00,2025-04-07,17:30:00,1744027200,146.383,147.986,146.383,147.965,149696,0,0
2025-04-07T16:00:00+00:00,2025-04-07,21:30:00,1744041600,147.963,148.152,147.528,147.939,64618,0,0
2025-04-07T20:00:00+00:00,2025-04-08,01:30:00,1744056000,147.943,148.136,147.677,147.796,14439,0,0
2025-04-08T00:00:00+00:00,2025-04-08,05:30:00,1744070400,147.793,147.973,147.253,147.596,41002,0,0
2025-04-08T04:00:00+00:00,2025-04-08,09:30:00,1744084800,147.596,147.803,146.968,147.395,33441,0,0
2025-04-08T08:00:00+00:00,2025-04-08,13:30:00,1744099200,147.397,147.521,146.772,146.909,38331,0,0
2025-04-08T12:00:00+00:00,2025-04-08,17:30:00,1744113600,146.909,147.669,146.663,147.025,58268,0,0
2025-04-08T16:00:00+00:00,2025-04-08,21:30:00,1744128000,147.027,147.102,145.965,146.28,73823,0,0
2025-04-08T20:00:00+00:00,2025-04-09,01:30:00,1744142400,146.278,146.465,145.6,145.851,17715,0,0
2025-04-09T00:00:00+00:00,2025-04-09,05:30:00,1744156800,145.849,145.947,145.132,145.332,60393,0,0
2025-04-09T04:00:00+00:00,2025-04-09,09:30:00,1744171200,145.33,145.641,144.578,145.531,83264,0,0
2025-04-09T08:00:00+00:00,2025-04-09,13:30:00,1744185600,145.533,145.784,144.646,144.653,64368,0,0
2025-04-09T12:00:00+00:00,2025-04-09,17:30:00,1744200000,144.652,145.102,143.992,145.1,76937,0,0
2025-04-09T16:00:00+00:00,2025-04-09,21:30:00,1744214400,145.102,148.285,144.57,147.943,110584,0,0
2025-04-09T20:00:00+00:00,2025-04-10,01:30:00,1744228800,147.946,148.009,147.291,147.404,17870,0,0
2025-04-10T00:00:00+00:00,2025-04-10,05:30:00,1744243200,147.402,147.465,146.607,146.83,41314,0,0
2025-04-10T04:00:00+00:00,2025-04-10,09:30:00,1744257600,146.831,147.147,146.242,146.273,34683,0,0
2025-04-10T08:00:00+00:00,2025-04-10,13:30:00,1744272000,146.274,146.429,145.337,145.532,36453,0,0
2025-04-10T12:00:00+00:00,2025-04-10,17:30:00,1744286400,145.534,145.601,144.009,144.346,62919,0,0
2025-04-10T16:00:00+00:00,2025-04-10,21:30:00,1744300800,144.345,145.135,144.068,144.661,65916,0,0
2025-04-10T20:00:00+00:00,2025-04-11,01:30:00,1744315200,144.659,144.836,143.714,143.751,21618,0,0
2025-04-11T00:00:00+00:00,2025-04-11,05:30:00,1744329600,143.754,143.786,142.878,143.192,64396,0,0
2025-04-11T04:00:00+00:00,2025-04-11,09:30:00,1744344000,143.194,144.146,142.804,142.836,54389,0,0
2025-04-11T08:00:00+00:00,2025-04-11,13:30:00,1744358400,142.837,143.222,142.051,142.602,76016,0,0
2025-04-11T12:00:00+00:00,2025-04-11,17:30:00,1744372800,142.605,143.725,142.221,143.579,87515,0,0
2025-04-11T16:00:00+00:00,2025-04-11,21:30:00,1744387200,143.581,144.201,143.514,143.597,37034,0,0
2025-04-11T20:00:00+00:00,2025-04-12,01:30:00,1744401600,143.589,143.647,143.464,143.503,2045,0,0
2025-04-13T20:00:00+00:00,2025-04-14,01:30:00,1744574400,143.837,144.053,143.51,143.698,13178,0,0
2025-04-14T00:00:00+00:00,2025-04-14,05:30:00,1744588800,143.696,143.749,142.252,143.025,43237,0,0
2025-04-14T04:00:00+00:00,2025-04-14,09:30:00,1744603200,143.024,143.278,142.229,143.08,36663,0,0
2025-04-14T08:00:00+00:00,2025-04-14,13:30:00,1744617600,143.08,143.359,142.764,143.245,27084,0,0
2025-04-14T12:00:00+00:00,2025-04-14,17:30:00,1744632000,143.243,144.084,142.892,142.976,38310,0,0
2025-04-14T16:00:00+00:00,2025-04-14,21:30:00,1744646400,142.976,143.355,142.781,143.03,28595,0,0
2025-04-14T20:00:00+00:00,2025-04-15,01:30:00,1744660800,143.029,143.335,142.921,143.215,9425,0,0
2025-04-15T00:00:00+00:00,2025-04-15,05:30:00,1744675200,143.217,143.597,143.049,143.13,19524,0,0
2025-04-15T04:00:00+00:00,2025-04-15,09:30:00,1744689600,143.132,143.511,142.846,143.305,21355,0,0
2025-04-15T08:00:00+00:00,2025-04-15,13:30:00,1744704000,143.307,143.307,142.681,142.9,24704,0,0
2025-04-15T12:00:00+00:00,2025-04-15,17:30:00,1744718400,142.898,143.267,142.596,143.107,38050,0,0
2025-04-15T16:00:00+00:00,2025-04-15,21:30:00,1744732800,143.103,143.253,143.043,143.189,15645,0,0
2025-04-15T20:00:00+00:00,2025-04-16,01:30:00,1744747200,143.19,143.285,142.923,143.162,8829,0,0
2025-04-16T00:00:00+00:00,2025-04-16,05:30:00,1744761600,143.161,143.175,142.498,142.525,18759,0,0
2025-04-16T04:00:00+00:00,2025-04-16,09:30:00,1744776000,142.524,142.677,142.038,142.1,23818,0,0
2025-04-16T08:00:00+00:00,2025-04-16,13:30:00,1744790400,142.101,142.958,142.07,142.66,35918,0,0
2025-04-16T12:00:00+00:00,2025-04-16,17:30:00,1744804800,142.657,142.863,142.32,142.579,31179,0,0
2025-04-16T16:00:00+00:00,2025-04-16,21:30:00,1744819200,142.576,142.698,141.641,142.112,26609,0,0
2025-04-16T20:00:00+00:00,2025-04-17,01:30:00,1744833600,142.086,142.197,141.566,141.932,10114,0,0
2025-04-17T00:00:00+00:00,2025-04-17,05:30:00,1744848000,141.928,142.867,141.849,142.613,30834,0,0
2025-04-17T04:00:00+00:00,2025-04-17,09:30:00,1744862400,142.613,142.916,142.491,142.896,18853,0,0
2025-04-17T08:00:00+00:00,2025-04-17,13:30:00,1744876800,142.893,143.091,142.461,142.6,19750,0,0
2025-04-17T12:00:00+00:00,2025-04-17,17:30:00,1744891200,142.601,142.7,141.898,142.335,31812,0,0
2025-04-17T16:00:00+00:00,2025-04-17,21:30:00,1744905600,142.337,142.719,142.189,142.395,21193,0,0
2025-04-17T20:00:00+00:00,2025-04-18,01:30:00,1744920000,142.397,142.502,142.282,142.36,10728,0,0
2025-04-18T00:00:00+00:00,2025-04-18,05:30:00,1744934400,142.368,142.434,142.201,142.318,11072,27,0
2025-04-18T04:00:00+00:00,2025-04-18,09:30:00,1744948800,142.32,142.397,142.274,142.377,8340,26,0
2025-04-18T08:00:00+00:00,2025-04-18,13:30:00,1744963200,142.378,142.389,142.263,142.315,5313,26,0
2025-04-18T12:00:00+00:00,2025-04-18,17:30:00,1744977600,142.315,142.353,142.216,142.235,6508,38,0
2025-04-18T16:00:00+00:00,2025-04-18,21:30:00,1744992000,142.233,142.284,142.101,142.159,7413,38,0
2025-04-18T20:00:00+00:00,2025-04-19,01:30:00,1745006400,142.16,142.164,142.068,142.134,1600,39,0
2025-04-20T20:00:00+00:00,2025-04-21,01:30:00,1745179200,142.034,142.127,141.497,141.594,10634,0,0
2025-04-21T00:00:00+00:00,2025-04-21,05:30:00,1745193600,141.592,141.592,140.617,140.762,25587,0,0
2025-04-21T04:00:00+00:00,2025-04-21,09:30:00,1745208000,140.764,140.979,140.545,140.558,17576,0,0
2025-04-21T08:00:00+00:00,2025-04-21,13:30:00,1745222400,140.558,141.08,140.471,140.796,16847,0,0
2025-04-21T12:00:00+00:00,2025-04-21,17:30:00,1745236800,140.793,141.043,140.567,140.816,24462,0,0
2025-04-21T16:00:00+00:00,2025-04-21,21:30:00,1745251200,140.815,140.977,140.554,140.861,14015,0,0
2025-04-21T20:00:00+00:00,2025-04-22,01:30:00,1745265600,140.858,140.976,140.652,140.877,7036,0,0
2025-04-22T00:00:00+00:00,2025-04-22,05:30:00,1745280000,140.874,141.176,140.098,140.207,23380,0,0
2025-04-22T04:00:00+00:00,2025-04-22,09:30:00,1745294400,140.207,140.514,139.884,140.287,27770,0,0
2025-04-22T08:00:00+00:00,2025-04-22,13:30:00,1745308800,140.285,140.632,140.173,140.255,20049,0,0
2025-04-22T12:00:00+00:00,2025-04-22,17:30:00,1745323200,140.254,140.925,140.21,140.873,22771,0,0
2025-04-22T16:00:00+00:00,2025-04-22,21:30:00,1745337600,140.875,141.636,140.792,141.613,26227,0,0
2025-04-22T20:00:00+00:00,2025-04-23,01:30:00,1745352000,141.61,143.185,141.402,142.703,19131,0,0
2025-04-23T00:00:00+00:00,2025-04-23,05:30:00,1745366400,142.706,142.722,141.664,142.194,29779,0,0
2025-04-23T04:00:00+00:00,2025-04-23,09:30:00,1745380800,142.194,142.248,141.531,141.875,23706,0,0
2025-04-23T08:00:00+00:00,2025-04-23,13:30:00,1745395200,141.872,142.189,141.577,141.652,21304,0,0
2025-04-23T12:00:00+00:00,2025-04-23,17:30:00,1745409600,141.656,142.798,141.577,142.643,54281,0,0
2025-04-23T16:00:00+00:00,2025-04-23,21:30:00,1745424000,142.642,143.496,142.568,143.393,28188,0,0
2025-04-23T20:00:00+00:00,2025-04-24,01:30:00,1745438400,143.393,143.565,142.886,143.197,10082,0,0
2025-04-24T00:00:00+00:00,2025-04-24,05:30:00,1745452800,143.194,143.341,142.601,142.867,21909,0,0
2025-04-24T04:00:00+00:00,2025-04-24,09:30:00,1745467200,142.866,142.963,142.547,142.581,16671,0,0
2025-04-24T08:00:00+00:00,2025-04-24,13:30:00,1745481600,142.582,142.74,142.307,142.596,17192,0,0
2025-04-24T12:00:00+00:00,2025-04-24,17:30:00,1745496000,142.595,142.779,142.278,142.657,24821,0,0
2025-04-24T16:00:00+00:00,2025-04-24,21:30:00,1745510400,142.654,142.836,142.487,142.696,13066,0,0
2025-04-24T20:00:00+00:00,2025-04-25,01:30:00,1745524800,142.679,142.93,142.529,142.854,6841,0,0
2025-04-25T00:00:00+00:00,2025-04-25,05:30:00,1745539200,142.855,143.669,142.823,143.645,21407,0,0
2025-04-25T04:00:00+00:00,2025-04-25,09:30:00,1745553600,143.645,143.855,143.226,143.402,25503,0,0
2025-04-25T08:00:00+00:00,2025-04-25,13:30:00,1745568000,143.403,143.738,143.224,143.376,20673,0,0
2025-04-25T12:00:00+00:00,2025-04-25,17:30:00,1745582400,143.373,144.033,143.305,143.753,23600,0,0
2025-04-25T16:00:00+00:00,2025-04-25,21:30:00,1745596800,143.756,143.851,143.443,143.651,12635,0,0
2025-04-25T20:00:00+00:00,2025-04-26,01:30:00,1745611200,143.642,143.787,143.63,143.662,1174,0,0
2025-04-27T20:00:00+00:00,2025-04-28,01:30:00,1745784000,143.567,143.878,143.459,143.853,5650,0,0
2025-04-28T00:00:00+00:00,2025-04-28,05:30:00,1745798400,143.855,143.863,143.346,143.588,17743,0,0
2025-04-28T04:00:00+00:00,2025-04-28,09:30:00,1745812800,143.587,143.899,143.29,143.634,15288,0,0
2025-04-28T08:00:00+00:00,2025-04-28,13:30:00,1745827200,143.635,143.711,143.331,143.375,14746,0,0
2025-04-28T12:00:00+00:00,2025-04-28,17:30:00,1745841600,143.377,143.441,142.599,142.707,22578,0,0
2025-04-28T16:00:00+00:00,2025-04-28,21:30:00,1745856000,142.707,142.716,142.04,142.066,15222,0,0
2025-04-28T20:00:00+00:00,2025-04-29,01:30:00,1745870400,142.065,142.318,141.981,142.187,6142,0,0
2025-04-29T00:00:00+00:00,2025-04-29,05:30:00,1745884800,142.185,142.492,142.069,142.431,15669,0,0
2025-04-29T04:00:00+00:00,2025-04-29,09:30:00,1745899200,142.43,142.579,142.302,142.392,14685,0,0
2025-04-29T08:00:00+00:00,2025-04-29,13:30:00,1745913600,142.389,142.761,142.327,142.741,12607,0,0
2025-04-29T12:00:00+00:00,2025-04-29,17:30:00,1745928000,142.739,142.759,142.013,142.297,25684,0,0
2025-04-29T16:00:00+00:00,2025-04-29,21:30:00,1745942400,142.3,142.384,141.964,142.317,14605,0,0
2025-04-29T20:00:00+00:00,2025-04-30,01:30:00,1745956800,142.32,142.436,142.149,142.258,5382,0,0
2025-04-30T00:00:00+00:00,2025-04-30,05:30:00,1745971200,142.256,142.55,142.172,142.516,14683,0,0
2025-04-30T04:00:00+00:00,2025-04-30,09:30:00,1745985600,142.516,142.89,142.419,142.803,12232,0,0
2025-04-30T08:00:00+00:00,2025-04-30,13:30:00,1746000000,142.805,143.157,142.723,143.017,11941,0,0
2025-04-30T12:00:00+00:00,2025-04-30,17:30:00,1746014400,143.017,143.049,142.507,142.634,33849,0,0
2025-04-30T16:00:00+00:00,2025-04-30,21:30:00,1746028800,142.631,143.01,142.593,142.912,17138,0,0
2025-04-30T20:00:00+00:00,2025-05-01,01:30:00,1746043200,142.912,143.188,142.819,143.023,6491,0,0
2025-05-01T00:00:00+00:00,2025-05-01,05:30:00,1746057600,143.023,143.753,142.88,143.689,15280,0,0
2025-05-01T04:00:00+00:00,2025-05-01,09:30:00,1746072000,143.692,144.743,143.691,144.371,22573,0,0
2025-05-01T08:00:00+00:00,2025-05-01,13:30:00,1746086400,144.371,144.557,144.126,144.482,14356,0,0
2025-05-01T12:00:00+00:00,2025-05-01,17:30:00,1746100800,144.481,145.657,144.153,145.479,32683,0,0
2025-05-01T16:00:00+00:00,2025-05-01,21:30:00,1746115200,145.48,145.738,145.352,145.541,15098,0,0
2025-05-01T20:00:00+00:00,2025-05-02,01:30:00,1746129600,145.54,145.615,145.265,145.409,6116,0,0
2025-05-02T00:00:00+00:00,2025-05-02,05:30:00,1746144000,145.411,145.929,145.149,145.226,18781,0,0
2025-05-02T04:00:00+00:00,2025-05-02,09:30:00,1746158400,145.225,145.426,145.042,145.127,18748,0,0
2025-05-02T08:00:00+00:00,2025-05-02,13:30:00,1746172800,145.127,145.211,144.364,144.559,19454,0,0
2025-05-02T12:00:00+00:00,2025-05-02,17:30:00,1746187200,144.561,144.955,143.731,144.526,42217,0,0
2025-05-02T16:00:00+00:00,2025-05-02,21:30:00,1746201600,144.525,145.087,144.49,144.983,20506,0,0
2025-05-02T20:00:00+00:00,2025-05-03,01:30:00,1746216000,144.985,145.059,144.856,144.964,1194,0,0
2025-05-04T20:00:00+00:00,2025-05-05,01:30:00,1746388800,144.693,144.995,144.511,144.653,5707,0,0
2025-05-05T00:00:00+00:00,2025-05-05,05:30:00,1746403200,144.653,144.799,144.065,144.297,15472,0,0
2025-05-05T04:00:00+00:00,2025-05-05,09:30:00,1746417600,144.296,144.427,143.968,144.363,16124,0,0
2025-05-05T08:00:00+00:00,2025-05-05,13:30:00,1746432000,144.365,144.371,143.749,143.854,17533,0,0
2025-05-05T12:00:00+00:00,2025-05-05,17:30:00,1746446400,143.853,144.032,143.54,143.98,24425,0,0
2025-05-05T16:00:00+00:00,2025-05-05,21:30:00,1746460800,143.98,144.237,143.699,143.769,12586,0,0
2025-05-05T20:00:00+00:00,2025-05-06,01:30:00,1746475200,143.765,143.808,143.556,143.705,4743,0,0
2025-05-06T00:00:00+00:00,2025-05-06,05:30:00,1746489600,143.703,144.278,143.655,143.791,16007,0,0
2025-05-06T04:00:00+00:00,2025-05-06,09:30:00,1746504000,143.792,143.932,143.202,143.33,15801,0,0
2025-05-06T08:00:00+00:00,2025-05-06,13:30:00,1746518400,143.33,143.358,142.748,142.782,18829,0,0
2025-05-06T12:00:00+00:00,2025-05-06,17:30:00,1746532800,142.782,142.965,142.355,142.771,24015,0,0
2025-05-06T16:00:00+00:00,2025-05-06,21:30:00,1746547200,142.769,143.037,142.358,142.398,14420,0,0
2025-05-06T20:00:00+00:00,2025-05-07,01:30:00,1746561600,142.399,143.312,142.375,143.089,11847,0,0
2025-05-07T00:00:00+00:00,2025-05-07,05:30:00,1746576000,143.092,143.306,142.747,143.109,26324,0,0
2025-05-07T04:00:00+00:00,2025-05-07,09:30:00,1746590400,143.109,143.328,142.827,143.174,15090,0,0
2025-05-07T08:00:00+00:00,2025-05-07,13:30:00,1746604800,143.176,143.455,143.157,143.391,13725,0,0
2025-05-07T12:00:00+00:00,2025-05-07,17:30:00,1746619200,143.388,143.478,143.118,143.476,17927,0,0
2025-05-07T16:00:00+00:00,2025-05-07,21:30:00,1746633600,143.474,143.98,142.907,143.811,32398,0,0
2025-05-07T20:00:00+00:00,2025-05-08,01:30:00,1746648000,143.808,143.995,143.562,143.865,5967,0,0
2025-05-08T00:00:00+00:00,2025-05-08,05:30:00,1746662400,143.863,143.958,143.447,143.602,19916,0,0
2025-05-08T04:00:00+00:00,2025-05-08,09:30:00,1746676800,143.602,144.522,143.551,144.325,20163,0,0
2025-05-08T08:00:00+00:00,2025-05-08,13:30:00,1746691200,144.323,145.008,144.262,144.647,19216,0,0
2025-05-08T12:00:00+00:00,2025-05-08,17:30:00,1746705600,144.648,145.594,144.435,145.463,35984,0,0
2025-05-08T16:00:00+00:00,2025-05-08,21:30:00,1746720000,145.465,146.177,145.453,145.92,19571,0,0
2025-05-08T20:00:00+00:00,2025-05-09,01:30:00,1746734400,145.909,146.071,145.733,145.953,6307,0,0
2025-05-09T00:00:00+00:00,2025-05-09,05:30:00,1746748800,145.951,146.191,145.461,145.658,20289,0,0
2025-05-09T04:00:00+00:00,2025-05-09,09:30:00,1746763200,145.66,145.66,145.135,145.174,15216,0,0
2025-05-09T08:00:00+00:00,2025-05-09,13:30:00,1746777600,145.173,145.408,144.932,145.129,16474,0,0
2025-05-09T12:00:00+00:00,2025-05-09,17:30:00,1746792000,145.13,145.355,144.825,145.15,19717,0,0
2025-05-09T16:00:00+00:00,2025-05-09,21:30:00,1746806400,145.153,145.374,145.056,145.299,10667,0,0
2025-05-09T20:00:00+00:00,2025-05-10,01:30:00,1746820800,145.301,145.38,145.297,145.374,804,0,0
2025-05-11T20:00:00+00:00,2025-05-12,01:30:00,1746993600,146.016,146.205,145.702,145.841,8291,0,0
2025-05-12T00:00:00+00:00,2025-05-12,05:30:00,1747008000,145.838,146.29,145.719,145.731,21209,0,0
2025-05-12T04:00:00+00:00,2025-05-12,09:30:00,1747022400,145.728,147.995,145.714,147.915,33798,0,0
2025-05-12T08:00:00+00:00,2025-05-12,13:30:00,1747036800,147.917,148.595,147.623,147.882,39690,0,0
2025-05-12T12:00:00+00:00,2025-05-12,17:30:00,1747051200,147.881,148.332,147.813,148.098,31424,0,0
2025-05-12T16:00:00+00:00,2025-05-12,21:30:00,1747065600,148.099,148.654,148.046,148.386,14525,0,0
2025-05-12T20:00:00+00:00,2025-05-13,01:30:00,1747080000,148.382,148.475,148.196,148.26,5916,0,0
2025-05-13T00:00:00+00:00,2025-05-13,05:30:00,1747094400,148.258,148.26,147.73,147.755,18738,0,0
2025-05-13T04:00:00+00:00,2025-05-13,09:30:00,1747108800,147.754,148.06,147.645,147.851,18213,0,0
2025-05-13T08:00:00+00:00,2025-05-13,13:30:00,1747123200,147.85,148.138,147.732,148.117,13990,0,0
2025-05-13T12:00:00+00:00,2025-05-13,17:30:00,1747137600,148.115,148.279,147.655,147.752,30753,0,0
2025-05-13T16:00:00+00:00,2025-05-13,21:30:00,1747152000,147.753,147.803,147.376,147.43,13088,0,0
2025-05-13T20:00:00+00:00,2025-05-14,01:30:00,1747166400,147.431,147.548,147.302,147.525,4640,0,0
2025-05-14T00:00:00+00:00,2025-05-14,05:30:00,1747180800,147.527,147.671,147.009,147.09,18183,0,0
2025-05-14T04:00:00+00:00,2025-05-14,09:30:00,1747195200,147.089,147.218,146.84,146.98,16056,0,0
2025-05-14T08:00:00+00:00,2025-05-14,13:30:00,1747209600,146.98,146.989,145.606,146.177,36746,0,0
2025-05-14T12:00:00+00:00,2025-05-14,17:30:00,1747224000,146.176,146.654,145.764,146.552,31255,0,0
2025-05-14T16:00:00+00:00,2025-05-14,21:30:00,1747238400,146.55,147.123,146.441,146.823,20823,0,0
2025-05-14T20:00:00+00:00,2025-05-15,01:30:00,1747252800,146.822,146.889,146.429,146.638,6034,0,0
2025-05-15T00:00:00+00:00,2025-05-15,05:30:00,1747267200,146.64,146.754,145.953,146.094,18056,0,0
2025-05-15T04:00:00+00:00,2025-05-15,09:30:00,1747281600,146.094,146.173,145.48,145.887,20424,0,0
2025-05-15T08:00:00+00:00,2025-05-15,13:30:00,1747296000,145.888,146.102,145.644,146.084,17781,0,0
2025-05-15T12:00:00+00:00,2025-05-15,17:30:00,1747310400,146.082,146.256,145.412,145.62,34572,0,0
2025-05-15T16:00:00+00:00,2025-05-15,21:30:00,1747324800,145.62,145.771,145.535,145.625,12028,0,0
2025-05-15T20:00:00+00:00,2025-05-16,01:30:00,1747339200,145.61,145.692,145.428,145.578,5511,0,0
2025-05-16T00:00:00+00:00,2025-05-16,05:30:00,1747353600,145.58,145.623,144.964,145.266,18425,0,0
2025-05-16T04:00:00+00:00,2025-05-16,09:30:00,1747368000,145.264,145.387,144.921,145.238,15538,0,0
2025-05-16T08:00:00+00:00,2025-05-16,13:30:00,1747382400,145.24,145.68,145.23,145.645,14488,0,0
2025-05-16T12:00:00+00:00,2025-05-16,17:30:00,1747396800,145.648,146.076,145.399,146.022,20525,0,0
2025-05-16T16:00:00+00:00,2025-05-16,21:30:00,1747411200,146.024,146.103,145.83,145.963,9460,0,0
2025-05-16T20:00:00+00:00,2025-05-17,01:30:00,1747425600,145.957,145.957,145.56,145.646,1706,0,0
2025-05-18T20:00:00+00:00,2025-05-19,01:30:00,1747598400,145.295,145.458,145.007,145.236,6757,0,0
2025-05-19T00:00:00+00:00,2025-05-19,05:30:00,1747612800,145.24,145.337,144.807,145.244,22240,0,0
2025-05-19T04:00:00+00:00,2025-05-19,09:30:00,1747627200,145.247,145.348,144.663,144.852,18376,0,0
2025-05-19T08:00:00+00:00,2025-05-19,13:30:00,1747641600,144.851,145.046,144.704,144.9,17771,0,0
2025-05-19T12:00:00+00:00,2025-05-19,17:30:00,1747656000,144.899,145.219,144.785,144.991,24484,0,0
2025-05-19T16:00:00+00:00,2025-05-19,21:30:00,1747670400,144.988,145.116,144.797,144.851,10536,0,0
2025-05-19T20:00:00+00:00,2025-05-20,01:30:00,1747684800,144.845,145.016,144.774,144.98,4444,0,0
2025-05-20T00:00:00+00:00,2025-05-20,05:30:00,1747699200,144.982,145.517,144.727,144.812,22102,0,0
2025-05-20T04:00:00+00:00,2025-05-20,09:30:00,1747713600,144.812,144.853,144.092,144.127,20776,0,0
2025-05-20T08:00:00+00:00,2025-05-20,13:30:00,1747728000,144.13,144.673,144.126,144.594,14659,0,0
2025-05-20T12:00:00+00:00,2025-05-20,17:30:00,1747742400,144.593,144.976,144.511,144.724,20512,0,0
2025-05-20T16:00:00+00:00,2025-05-20,21:30:00,1747756800,144.726,144.888,144.431,144.546,10515,0,0
2025-05-20T20:00:00+00:00,2025-05-21,01:30:00,1747771200,144.539,144.569,144.164,144.322,6140,0,0
2025-05-21T00:00:00+00:00,2025-05-21,05:30:00,1747785600,144.319,144.353,143.723,143.793,20836,0,0
2025-05-21T04:00:00+00:00,2025-05-21,09:30:00,1747800000,143.792,143.964,143.459,143.903,20468,0,0
2025-05-21T08:00:00+00:00,2025-05-21,13:30:00,1747814400,143.902,144.196,143.469,143.753,21831,0,0
2025-05-21T12:00:00+00:00,2025-05-21,17:30:00,1747828800,143.751,143.899,143.557,143.688,26485,0,0
2025-05-21T16:00:00+00:00,2025-05-21,21:30:00,1747843200,143.686,143.774,143.284,143.686,19927,0,0
2025-05-21T20:00:00+00:00,2025-05-22,01:30:00,1747857600,143.683,144.382,143.438,143.699,9382,0,0
2025-05-22T00:00:00+00:00,2025-05-22,05:30:00,1747872000,143.698,143.729,143.145,143.318,25396,0,0
2025-05-22T04:00:00+00:00,2025-05-22,09:30:00,1747886400,143.318,143.438,143.002,143.056,19494,0,0
2025-05-22T08:00:00+00:00,2025-05-22,13:30:00,1747900800,143.052,143.782,142.806,143.363,21032,0,0
2025-05-22T12:00:00+00:00,2025-05-22,17:30:00,1747915200,143.363,144.051,143.274,143.899,29483,0,0
2025-05-22T16:00:00+00:00,2025-05-22,21:30:00,1747929600,143.899,144.332,143.863,144.001,13812,0,0
2025-05-22T20:00:00+00:00,2025-05-23,01:30:00,1747944000,143.991,144.081,143.763,143.863,5627,0,0
2025-05-23T00:00:00+00:00,2025-05-23,05:30:00,1747958400,143.865,144.018,143.416,143.435,18621,0,0
2025-05-23T04:00:00+00:00,2025-05-23,09:30:00,1747972800,143.435,143.584,143.234,143.311,13956,0,0
2025-05-23T08:00:00+00:00,2025-05-23,13:30:00,1747987200,143.313,143.434,142.509,142.625,29090,0,0
2025-05-23T12:00:00+00:00,2025-05-23,17:30:00,1748001600,142.627,142.9,142.452,142.615,40030,0,0
2025-05-23T16:00:00+00:00,2025-05-23,21:30:00,1748016000,142.614,142.786,142.42,142.503,13126,0,0
2025-05-23T20:00:00+00:00,2025-05-24,01:30:00,1748030400,142.506,142.584,142.486,142.566,1130,0,0
2025-05-25T20:00:00+00:00,2025-05-26,01:30:00,1748203200,142.498,143.077,142.416,142.83,7597,0,0
2025-05-26T00:00:00+00:00,2025-05-26,05:30:00,1748217600,142.828,142.885,142.227,142.46,19317,0,0
2025-05-26T04:00:00+00:00,2025-05-26,09:30:00,1748232000,142.46,142.919,142.459,142.897,15984,0,0
2025-05-26T08:00:00+00:00,2025-05-26,13:30:00,1748246400,142.895,142.992,142.755,142.935,10262,0,0
2025-05-26T12:00:00+00:00,2025-05-26,17:30:00,1748260800,142.932,143.037,142.748,142.85,8953,0,0
2025-05-26T16:00:00+00:00,2025-05-26,21:30:00,1748275200,142.851,142.875,142.712,142.778,1982,0,0
2025-05-26T20:00:00+00:00,2025-05-27,01:30:00,1748289600,142.776,142.863,142.62,142.629,4283,0,0
2025-05-27T00:00:00+00:00,2025-05-27,05:30:00,1748304000,142.63,142.63,142.114,142.445,15411,0,0
2025-05-27T04:00:00+00:00,2025-05-27,09:30:00,1748318400,142.445,143.866,142.386,143.743,24736,0,0
2025-05-27T08:00:00+00:00,2025-05-27,13:30:00,1748332800,143.741,144.181,143.62,144.099,17983,0,0
2025-05-27T12:00:00+00:00,2025-05-27,17:30:00,1748347200,144.097,144.462,143.878,144.381,21941,0,0
2025-05-27T16:00:00+00:00,2025-05-27,21:30:00,1748361600,144.383,144.439,144.241,144.328,8475,0,0
2025-05-27T20:00:00+00:00,2025-05-28,01:30:00,1748376000,144.324,144.413,144.131,144.139,4568,0,0
2025-05-28T00:00:00+00:00,2025-05-28,05:30:00,1748390400,144.138,144.773,143.853,144.362,26771,0,0
2025-05-28T04:00:00+00:00,2025-05-28,09:30:00,1748404800,144.363,144.773,144.072,144.152,21343,0,0
2025-05-28T08:00:00+00:00,2025-05-28,13:30:00,1748419200,144.151,144.433,143.992,144.425,14374,0,0
2025-05-28T12:00:00+00:00,2025-05-28,17:30:00,1748433600,144.425,145.082,144.313,145.049,23511,0,0
2025-05-28T16:00:00+00:00,2025-05-28,21:30:00,1748448000,145.047,145.054,144.753,144.908,11499,0,0
2025-05-28T20:00:00+00:00,2025-05-29,01:30:00,1748462400,144.905,146.028,144.62,145.721,14958,0,0
2025-05-29T00:00:00+00:00,2025-05-29,05:30:00,1748476800,145.722,146.291,145.599,145.743,36574,0,0
2025-05-29T04:00:00+00:00,2025-05-29,09:30:00,1748491200,145.746,146.098,145.202,145.266,21312,0,0
2025-05-29T08:00:00+00:00,2025-05-29,13:30:00,1748505600,145.263,145.363,144.882,145.087,20033,0,0
2025-05-29T12:00:00+00:00,2025-05-29,17:30:00,1748520000,145.085,145.085,144.055,144.099,31520,0,0
2025-05-29T16:00:00+00:00,2025-05-29,21:30:00,1748534400,144.096,144.259,143.961,144.141,13466,0,0
2025-05-29T20:00:00+00:00,2025-05-30,01:30:00,1748548800,144.139,144.237,143.742,143.756,6728,0,0
2025-05-30T00:00:00+00:00,2025-05-30,05:30:00,1748563200,143.757,144.039,143.438,143.861,24099,0,0
2025-05-30T04:00:00+00:00,2025-05-30,09:30:00,1748577600,143.859,144.162,143.696,144.03,19618,0,0
2025-05-30T08:00:00+00:00,2025-05-30,13:30:00,1748592000,144.032,144.23,143.788,143.851,17490,0,0
2025-05-30T12:00:00+00:00,2025-05-30,17:30:00,1748606400,143.853,144.448,143.468,144.184,35603,0,0
2025-05-30T16:00:00+00:00,2025-05-30,21:30:00,1748620800,144.185,144.191,143.791,143.875,14392,0,0
2025-05-30T20:00:00+00:00,2025-05-31,01:30:00,1748635200,143.878,144.088,143.866,144.054,1225,0,0
2025-06-01T20:00:00+00:00,2025-06-02,01:30:00,1748808000,143.839,143.988,143.721,143.793,5352,0,0
2025-06-02T00:00:00+00:00,2025-06-02,05:30:00,1748822400,143.796,143.8,143.328,143.524,16502,0,0
2025-06-02T04:00:00+00:00,2025-06-02,09:30:00,1748836800,143.523,143.617,142.829,142.905,14439,0,0
2025-06-02T08:00:00+00:00,2025-06-02,13:30:00,1748851200,142.902,142.978,142.622,142.759,16453,0,0
2025-06-02T12:00:00+00:00,2025-06-02,17:30:00,1748865600,142.759,143.074,142.54,142.776,24047,0,0
2025-06-02T16:00:00+00:00,2025-06-02,21:30:00,1748880000,142.776,143.003,142.67,142.712,11512,0,0
2025-06-02T20:00:00+00:00,2025-06-03,01:30:00,1748894400,142.704,142.743,142.378,142.428,4981,0,0
2025-06-03T00:00:00+00:00,2025-06-03,05:30:00,1748908800,142.43,143.275,142.424,143.164,17415,0,0
2025-06-03T04:00:00+00:00,2025-06-03,09:30:00,1748923200,143.163,143.222,142.607,142.827,15400,0,0
2025-06-03T08:00:00+00:00,2025-06-03,13:30:00,1748937600,142.828,143.163,142.677,143.086,13969,0,0
2025-06-03T12:00:00+00:00,2025-06-03,17:30:00,1748952000,143.085,143.995,143.051,143.942,22242,0,0
2025-06-03T16:00:00+00:00,2025-06-03,21:30:00,1748966400,143.941,144.114,143.84,144.074,9460,0,0
2025-06-03T20:00:00+00:00,2025-06-04,01:30:00,1748980800,144.075,144.078,143.738,143.822,4998,0,0
2025-06-04T00:00:00+00:00,2025-06-04,05:30:00,1748995200,143.82,144.304,143.674,144.061,17949,0,0
2025-06-04T04:00:00+00:00,2025-06-04,09:30:00,1749009600,144.06,144.396,143.797,144.09,15779,0,0
2025-06-04T08:00:00+00:00,2025-06-04,13:30:00,1749024000,144.091,144.318,143.848,144.271,13816,0,0
2025-06-04T12:00:00+00:00,2025-06-04,17:30:00,1749038400,144.273,144.277,142.916,142.918,28663,0,0
2025-06-04T16:00:00+00:00,2025-06-04,21:30:00,1749052800,142.917,142.93,142.607,142.885,10184,0,0
2025-06-04T20:00:00+00:00,2025-06-05,01:30:00,1749067200,142.884,142.896,142.533,142.729,4985,0,0
2025-06-05T00:00:00+00:00,2025-06-05,05:30:00,1749081600,142.73,143.026,142.569,142.995,19780,0,0
2025-06-05T04:00:00+00:00,2025-06-05,09:30:00,1749096000,142.997,143.396,142.903,143.348,14420,0,0
2025-06-05T08:00:00+00:00,2025-06-05,13:30:00,1749110400,143.347,143.407,143.03,143.269,13042,0,0
2025-06-05T12:00:00+00:00,2025-06-05,17:30:00,1749124800,143.272,143.975,142.776,143.865,47647,0,0
2025-06-05T16:00:00+00:00,2025-06-05,21:30:00,1749139200,143.866,143.979,143.475,143.688,17498,0,0
2025-06-05T20:00:00+00:00,2025-06-06,01:30:00,1749153600,143.682,143.75,143.428,143.556,5558,0,0
2025-06-06T00:00:00+00:00,2025-06-06,05:30:00,1749168000,143.558,143.902,143.529,143.762,13270,0,0
2025-06-06T04:00:00+00:00,2025-06-06,09:30:00,1749182400,143.76,144.139,143.734,143.91,12345,0,0
2025-06-06T08:00:00+00:00,2025-06-06,13:30:00,1749196800,143.913,144.194,143.881,144.157,12686,0,0
2025-06-06T12:00:00+00:00,2025-06-06,17:30:00,1749211200,144.157,145.09,144.081,144.878,39466,0,0
2025-06-06T16:00:00+00:00,2025-06-06,21:30:00,1749225600,144.88,144.984,144.771,144.789,12286,0,0
2025-06-06T20:00:00+00:00,2025-06-07,01:30:00,1749240000,144.792,144.892,144.78,144.849,843,0,0
2025-06-08T20:00:00+00:00,2025-06-09,01:30:00,1749412800,144.87,144.871,144.602,144.695,3190,0,0
2025-06-09T00:00:00+00:00,2025-06-09,05:30:00,1749427200,144.694,144.951,144.348,144.497,13652,0,0
2025-06-09T04:00:00+00:00,2025-06-09,09:30:00,1749441600,144.496,144.498,144.103,144.149,11540,0,0
2025-06-09T08:00:00+00:00,2025-06-09,13:30:00,1749456000,144.147,144.531,143.973,144.492,12637,0,0
2025-06-09T12:00:00+00:00,2025-06-09,17:30:00,1749470400,144.494,144.774,144.348,144.375,16103,0,0
2025-06-09T16:00:00+00:00,2025-06-09,21:30:00,1749484800,144.374,144.601,144.365,144.563,7610,0,0
2025-06-09T20:00:00+00:00,2025-06-10,01:30:00,1749499200,144.566,144.653,144.471,144.564,3680,0,0
2025-06-10T00:00:00+00:00,2025-06-10,05:30:00,1749513600,144.565,145.294,144.402,144.828,17898,0,0
2025-06-10T04:00:00+00:00,2025-06-10,09:30:00,1749528000,144.828,144.952,144.425,144.745,18749,0,0
2025-06-10T08:00:00+00:00,2025-06-10,13:30:00,1749542400,144.745,144.775,144.482,144.588,11352,0,0
2025-06-10T12:00:00+00:00,2025-06-10,17:30:00,1749556800,144.587,144.952,144.442,144.914,15181,0,0
2025-06-10T16:00:00+00:00,2025-06-10,21:30:00,1749571200,144.912,145.043,144.786,144.904,8201,0,0
2025-06-10T20:00:00+00:00,2025-06-11,01:30:00,1749585600,144.897,145.165,144.797,144.845,7639,0,0
2025-06-11T00:00:00+00:00,2025-06-11,05:30:00,1749600000,144.843,145.152,144.655,145.008,16880,0,0
2025-06-11T04:00:00+00:00,2025-06-11,09:30:00,1749614400,145.008,145.249,144.89,145.125,12669,0,0
2025-06-11T08:00:00+00:00,2025-06-11,13:30:00,1749628800,145.125,145.338,144.922,145.286,11070,0,0
2025-06-11T12:00:00+00:00,2025-06-11,17:30:00,1749643200,145.284,145.467,144.325,144.49,30536,0,0
2025-06-11T16:00:00+00:00,2025-06-11,21:30:00,1749657600,144.488,144.656,144.328,144.63,13726,0,0
2025-06-11T20:00:00+00:00,2025-06-12,01:30:00,1749672000,144.63,144.688,144.118,144.183,7211,0,0
2025-06-12T00:00:00+00:00,2025-06-12,05:30:00,1749686400,144.182,144.347,143.726,143.897,19643,0,0
2025-06-12T04:00:00+00:00,2025-06-12,09:30:00,1749700800,143.897,144.144,143.633,143.88,15854,0,0
2025-06-12T08:00:00+00:00,2025-06-12,13:30:00,1749715200,143.881,143.946,143.401,143.622,19513,0,0
2025-06-12T12:00:00+00:00,2025-06-12,17:30:00,1749729600,143.621,143.908,143.186,143.651,26952,0,0
2025-06-12T16:00:00+00:00,2025-06-12,21:30:00,1749744000,143.651,143.74,143.473,143.578,12959,0,0
2025-06-12T20:00:00+00:00,2025-06-13,01:30:00,1749758400,143.566,143.593,143.075,143.097,5824,0,0
2025-06-13T00:00:00+00:00,2025-06-13,05:30:00,1749772800,143.098,143.746,142.792,143.499,42333,0,0
2025-06-13T04:00:00+00:00,2025-06-13,09:30:00,1749787200,143.498,143.874,143.381,143.798,23944,0,0
2025-06-13T08:00:00+00:00,2025-06-13,13:30:00,1749801600,143.799,144.446,143.666,144.133,22661,0,0
2025-06-13T12:00:00+00:00,2025-06-13,17:30:00,1749816000,144.131,144.486,143.956,144.047,23749,0,0
2025-06-13T16:00:00+00:00,2025-06-13,21:30:00,1749830400,144.045,144.199,143.853,143.939,15014,0,0
2025-06-13T20:00:00+00:00,2025-06-14,01:30:00,1749844800,143.934,144.145,143.925,144.105,2167,0,0
2025-06-15T20:00:00+00:00,2025-06-16,01:30:00,1750017600,144.007,144.754,143.864,144.572,8550,0,0
2025-06-16T00:00:00+00:00,2025-06-16,05:30:00,1750032000,144.572,144.608,144.163,144.481,15537,0,0
2025-06-16T04:00:00+00:00,2025-06-16,09:30:00,1750046400,144.481,144.484,143.973,144.182,15226,0,0
2025-06-16T08:00:00+00:00,2025-06-16,13:30:00,1750060800,144.184,144.355,143.978,144.118,12862,0,0
2025-06-16T12:00:00+00:00,2025-06-16,17:30:00,1750075200,144.116,144.285,143.653,144.136,22349,0,0
2025-06-16T16:00:00+00:00,2025-06-16,21:30:00,1750089600,144.135,144.878,144.091,144.861,10023,0,0
2025-06-16T20:00:00+00:00,2025-06-17,01:30:00,1750104000,144.854,144.863,144.582,144.687,6989,0,0
2025-06-17T00:00:00+00:00,2025-06-17,05:30:00,1750118400,144.684,145.113,144.621,144.662,17784,0,0
2025-06-17T04:00:00+00:00,2025-06-17,09:30:00,1750132800,144.661,145.024,144.403,144.529,19017,0,0
2025-06-17T08:00:00+00:00,2025-06-17,13:30:00,1750147200,144.53,144.944,144.47,144.617,16120,0,0
2025-06-17T12:00:00+00:00,2025-06-17,17:30:00,1750161600,144.617,145.294,144.391,145.039,20604,0,0
2025-06-17T16:00:00+00:00,2025-06-17,21:30:00,1750176000,145.038,145.382,144.91,145.217,14918,0,0
2025-06-17T20:00:00+00:00,2025-06-18,01:30:00,1750190400,145.219,145.437,145.197,145.387,5344,0,0
2025-06-18T00:00:00+00:00,2025-06-18,05:30:00,1750204800,145.389,145.445,145.042,145.072,13781,0,0
2025-06-18T04:00:00+00:00,2025-06-18,09:30:00,1750219200,145.072,145.115,144.856,144.957,12475,0,0
2025-06-18T08:00:00+00:00,2025-06-18,13:30:00,1750233600,144.956,145.131,144.802,144.848,11435,0,0
2025-06-18T12:00:00+00:00,2025-06-18,17:30:00,1750248000,144.847,144.967,144.551,144.584,17539,0,0
2025-06-18T16:00:00+00:00,2025-06-18,21:30:00,1750262400,144.582,145.228,144.33,145.126,27255,0,0
2025-06-18T20:00:00+00:00,2025-06-19,01:30:00,1750276800,145.126,145.184,144.891,144.956,6375,0,0
2025-06-19T00:00:00+00:00,2025-06-19,05:30:00,1750291200,144.959,145.222,144.739,145.075,14763,0,0
2025-06-19T04:00:00+00:00,2025-06-19,09:30:00,1750305600,145.076,145.406,145.025,145.387,12791,0,0
2025-06-19T08:00:00+00:00,2025-06-19,13:30:00,1750320000,145.39,145.771,145.251,145.672,12952,0,0
2025-06-19T12:00:00+00:00,2025-06-19,17:30:00,1750334400,145.672,145.762,145.352,145.642,12445,0,0
2025-06-19T16:00:00+00:00,2025-06-19,21:30:00,1750348800,145.64,145.734,145.346,145.439,5707,0,0
2025-06-19T20:00:00+00:00,2025-06-20,01:30:00,1750363200,145.427,145.559,145.197,145.235,6294,0,0
2025-06-20T00:00:00+00:00,2025-06-20,05:30:00,1750377600,145.232,145.366,145.124,145.279,12856,0,0
2025-06-20T04:00:00+00:00,2025-06-20,09:30:00,1750392000,145.279,145.489,145.244,145.412,10545,0,0
2025-06-20T08:00:00+00:00,2025-06-20,13:30:00,1750406400,145.41,145.615,145.252,145.591,9477,0,0
2025-06-20T12:00:00+00:00,2025-06-20,17:30:00,1750420800,145.593,145.957,145.451,145.928,17384,0,0
2025-06-20T16:00:00+00:00,2025-06-20,21:30:00,1750435200,145.93,146.199,145.78,146.178,8342,0,0
2025-06-20T20:00:00+00:00,2025-06-21,01:30:00,1750449600,146.176,146.209,146.065,146.105,1305,0,0
2025-06-22T20:00:00+00:00,2025-06-23,01:30:00,1750622400,146.654,146.696,146.208,146.215,7036,0,0
2025-06-23T00:00:00+00:00,2025-06-23,05:30:00,1750636800,146.213,146.769,146.146,146.701,15348,0,0
2025-06-23T04:00:00+00:00,2025-06-23,09:30:00,1750651200,146.7,147.399,146.698,147.332,17931,0,0
2025-06-23T08:00:00+00:00,2025-06-23,13:30:00,1750665600,147.331,148.035,147.327,147.592,16732,0,0
2025-06-23T12:00:00+00:00,2025-06-23,17:30:00,1750680000,147.594,147.638,146.333,146.471,25972,0,0
2025-06-23T16:00:00+00:00,2025-06-23,21:30:00,1750694400,146.469,146.543,146.012,146.146,18875,0,0
2025-06-23T20:00:00+00:00,2025-06-24,01:30:00,1750708800,146.143,146.18,145.699,145.923,9735,0,0
2025-06-24T00:00:00+00:00,2025-06-24,05:30:00,1750723200,145.922,145.941,145.289,145.416,18692,0,0
2025-06-24T04:00:00+00:00,2025-06-24,09:30:00,1750737600,145.416,145.517,144.995,145.321,17930,0,0
2025-06-24T08:00:00+00:00,2025-06-24,13:30:00,1750752000,145.321,145.334,144.851,144.964,15578,0,0
2025-06-24T12:00:00+00:00,2025-06-24,17:30:00,1750766400,144.965,145.194,144.515,144.901,23498,0,0
2025-06-24T16:00:00+00:00,2025-06-24,21:30:00,1750780800,144.902,144.964,144.56,144.772,10429,0,0
2025-06-24T20:00:00+00:00,2025-06-25,01:30:00,1750795200,144.771,144.977,144.771,144.934,4952,0,0
2025-06-25T00:00:00+00:00,2025-06-25,05:30:00,1750809600,144.931,145.049,144.608,144.974,15455,0,0
2025-06-25T04:00:00+00:00,2025-06-25,09:30:00,1750824000,144.974,145.373,144.866,145.313,12868,0,0
2025-06-25T08:00:00+00:00,2025-06-25,13:30:00,1750838400,145.315,145.802,145.241,145.751,10674,0,0
2025-06-25T12:00:00+00:00,2025-06-25,17:30:00,1750852800,145.753,145.951,145.525,145.599,16105,0,0
2025-06-25T16:00:00+00:00,2025-06-25,21:30:00,1750867200,145.598,145.606,145.105,145.242,9495,0,0
2025-06-25T20:00:00+00:00,2025-06-26,01:30:00,1750881600,145.231,145.335,144.879,144.917,5838,0,0
2025-06-26T00:00:00+00:00,2025-06-26,05:30:00,1750896000,144.914,144.949,144.567,144.788,14309,0,0
2025-06-26T04:00:00+00:00,2025-06-26,09:30:00,1750910400,144.786,144.967,143.93,144.067,17333,0,0
2025-06-26T08:00:00+00:00,2025-06-26,13:30:00,1750924800,144.066,144.444,143.752,144.388,16032,0,0
2025-06-26T12:00:00+00:00,2025-06-26,17:30:00,1750939200,144.39,144.54,144.135,144.339,25225,0,0
2025-06-26T16:00:00+00:00,2025-06-26,21:30:00,1750953600,144.339,144.422,144.056,144.369,12035,0,0
2025-06-26T20:00:00+00:00,2025-06-27,01:30:00,1750968000,144.37,144.743,144.22,144.68,6037,0,0
2025-06-27T00:00:00+00:00,2025-06-27,05:30:00,1750982400,144.678,144.809,144.196,144.459,16494,0,0
2025-06-27T04:00:00+00:00,2025-06-27,09:30:00,1750996800,144.457,144.594,144.177,144.482,14151,0,0
2025-06-27T08:00:00+00:00,2025-06-27,13:30:00,1751011200,144.481,144.684,144.261,144.496,12046,0,0
2025-06-27T12:00:00+00:00,2025-06-27,17:30:00,1751025600,144.492,144.948,144.365,144.74,21962,0,0
2025-06-27T16:00:00+00:00,2025-06-27,21:30:00,1751040000,144.741,144.905,144.541,144.754,14343,0,0
2025-06-27T20:00:00+00:00,2025-06-28,01:30:00,1751054400,144.756,144.763,144.635,144.652,1312,0,0
2025-06-29T20:00:00+00:00,2025-06-30,01:30:00,1751227200,144.375,144.666,144.33,144.508,5277,0,0
2025-06-30T00:00:00+00:00,2025-06-30,05:30:00,1751241600,144.507,144.765,144.089,144.222,14467,0,0
2025-06-30T04:00:00+00:00,2025-06-30,09:30:00,1751256000,144.222,144.236,143.779,144.127,15272,0,0
2025-06-30T08:00:00+00:00,2025-06-30,13:30:00,1751270400,144.128,144.345,144.017,144.331,11916,0,0
2025-06-30T12:00:00+00:00,2025-06-30,17:30:00,1751284800,144.332,144.513,144.156,144.165,20753,0,0
2025-06-30T16:00:00+00:00,2025-06-30,21:30:00,1751299200,144.166,144.39,143.995,144.04,13028,0,0
2025-06-30T20:00:00+00:00,2025-07-01,01:30:00,1751313600,144.037,144.063,143.774,143.81,4813,0,0
2025-07-01T00:00:00+00:00,2025-07-01,05:30:00,1751328000,143.811,143.893,143.436,143.881,14358,0,0
2025-07-01T04:00:00+00:00,2025-07-01,09:30:00,1751342400,143.881,143.937,143.07,143.07,13565,0,0
2025-07-01T08:00:00+00:00,2025-07-01,13:30:00,1751356800,143.071,143.17,142.707,142.736,17791,0,0
2025-07-01T12:00:00+00:00,2025-07-01,17:30:00,1751371200,142.738,143.669,142.682,143.581,26716,0,0
2025-07-01T16:00:00+00:00,2025-07-01,21:30:00,1751385600,143.578,143.805,143.577,143.771,12164,0,0
2025-07-01T20:00:00+00:00,2025-07-02,01:30:00,1751400000,143.769,143.772,143.341,143.375,4597,0,0
2025-07-02T00:00:00+00:00,2025-07-02,05:30:00,1751414400,143.373,143.749,143.318,143.531,14099,0,0
2025-07-02T04:00:00+00:00,2025-07-02,09:30:00,1751428800,143.53,144.054,143.461,143.899,12433,0,0
2025-07-02T08:00:00+00:00,2025-07-02,13:30:00,1751443200,143.901,144.248,143.78,144.184,11792,0,0
2025-07-02T12:00:00+00:00,2025-07-02,17:30:00,1751457600,144.185,144.212,143.486,143.761,28298,0,0
2025-07-02T16:00:00+00:00,2025-07-02,21:30:00,1751472000,143.761,143.808,143.57,143.62,9913,0,0
2025-07-02T20:00:00+00:00,2025-07-03,01:30:00,1751486400,143.613,143.697,143.481,143.522,4079,0,0
2025-07-03T00:00:00+00:00,2025-07-03,05:30:00,1751500800,143.52,143.881,143.445,143.852,11956,0,0
2025-07-03T04:00:00+00:00,2025-07-03,09:30:00,1751515200,143.853,143.935,143.671,143.861,10380,0,0
2025-07-03T08:00:00+00:00,2025-07-03,13:30:00,1751529600,143.861,143.897,143.736,143.865,10106,0,0
2025-07-03T12:00:00+00:00,2025-07-03,17:30:00,1751544000,143.864,145.234,143.809,144.97,35255,0,0
2025-07-03T16:00:00+00:00,2025-07-03,21:30:00,1751558400,144.968,145.216,144.948,145.04,6019,0,0
2025-07-03T20:00:00+00:00,2025-07-04,01:30:00,1751572800,145.034,145.075,144.687,144.708,3757,0,0
2025-07-04T00:00:00+00:00,2025-07-04,05:30:00,1751587200,144.709,144.793,144.463,144.524,9770,0,0
2025-07-04T04:00:00+00:00,2025-07-04,09:30:00,1751601600,144.526,144.528,144.184,144.41,11144,0,0
2025-07-04T08:00:00+00:00,2025-07-04,13:30:00,1751616000,144.408,144.419,144.276,144.397,9090,0,0
2025-07-04T12:00:00+00:00,2025-07-04,17:30:00,1751630400,144.397,144.57,144.356,144.535,8088,0,0
2025-07-04T16:00:00+00:00,2025-07-04,21:30:00,1751644800,144.536,144.584,144.441,144.57,5255,0,0
2025-07-04T20:00:00+00:00,2025-07-05,01:30:00,1751659200,144.566,144.584,144.469,144.504,2227,0,0
2025-07-06T20:00:00+00:00,2025-07-07,01:30:00,1751832000,144.391,144.632,144.366,144.49,3962,0,0
2025-07-07T00:00:00+00:00,2025-07-07,05:30:00,1751846400,144.493,144.853,144.225,144.835,13400,0,0
2025-07-07T04:00:00+00:00,2025-07-07,09:30:00,1751860800,144.836,145.203,144.784,145.197,13111,0,0
2025-07-07T08:00:00+00:00,2025-07-07,13:30:00,1751875200,145.198,145.535,145.111,145.494,11891,0,0
2025-07-07T12:00:00+00:00,2025-07-07,17:30:00,1751889600,145.492,145.896,145.479,145.87,12325,0,0
2025-07-07T16:00:00+00:00,2025-07-07,21:30:00,1751904000,145.868,146.243,145.737,146.06,15925,0,0
2025-07-07T20:00:00+00:00,2025-07-08,01:30:00,1751918400,146.054,146.155,145.843,145.883,6066,0,0
2025-07-08T00:00:00+00:00,2025-07-08,05:30:00,1751932800,145.88,146.448,145.832,146.073,16491,0,0
2025-07-08T04:00:00+00:00,2025-07-08,09:30:00,1751947200,146.075,146.285,145.883,146.038,14090,0,0
2025-07-08T08:00:00+00:00,2025-07-08,13:30:00,1751961600,146.039,146.653,146.036,146.59,11789,0,0
2025-07-08T12:00:00+00:00,2025-07-08,17:30:00,1751976000,146.59,146.978,146.459,146.813,16082,0,0
2025-07-08T16:00:00+00:00,2025-07-08,21:30:00,1751990400,146.813,146.866,146.616,146.623,11327,0,0
2025-07-08T20:00:00+00:00,2025-07-09,01:30:00,1752004800,146.626,146.878,146.498,146.871,5074,0,0
2025-07-09T00:00:00+00:00,2025-07-09,05:30:00,1752019200,146.869,147.185,146.733,147.105,13973,0,0
2025-07-09T04:00:00+00:00,2025-07-09,09:30:00,1752033600,147.105,147.149,146.684,146.841,11070,0,0
2025-07-09T08:00:00+00:00,2025-07-09,13:30:00,1752048000,146.844,146.869,146.539,146.766,10933,0,0
2025-07-09T12:00:00+00:00,2025-07-09,17:30:00,1752062400,146.767,146.768,146.271,146.534,17321,0,0
2025-07-09T16:00:00+00:00,2025-07-09,21:30:00,1752076800,146.534,146.534,146.25,146.316,8973,0,0
2025-07-09T20:00:00+00:00,2025-07-10,01:30:00,1752091200,146.318,146.486,146.069,146.109,4651,0,0
2025-07-10T00:00:00+00:00,2025-07-10,05:30:00,1752105600,146.106,146.259,145.755,146.256,13590,0,0
2025-07-10T04:00:00+00:00,2025-07-10,09:30:00,1752120000,146.256,146.465,146.068,146.285,11752,0,0
2025-07-10T08:00:00+00:00,2025-07-10,13:30:00,1752134400,146.283,146.413,146.082,146.253,10710,0,0
2025-07-10T12:00:00+00:00,2025-07-10,17:30:00,1752148800,146.254,146.789,146.205,146.469,18230,0,0
2025-07-10T16:00:00+00:00,2025-07-10,21:30:00,1752163200,146.47,146.511,146.169,146.24,9439,0,0
2025-07-10T20:00:00+00:00,2025-07-11,01:30:00,1752177600,146.23,146.302,146.133,146.279,4089,0,0
2025-07-11T00:00:00+00:00,2025-07-11,05:30:00,1752192000,146.281,147.045,146.247,146.95,15797,0,0
2025-07-11T04:00:00+00:00,2025-07-11,09:30:00,1752206400,146.951,147.186,146.722,146.853,12990,0,0
2025-07-11T08:00:00+00:00,2025-07-11,13:30:00,1752220800,146.854,147.086,146.754,147.025,11696,0,0
2025-07-11T12:00:00+00:00,2025-07-11,17:30:00,1752235200,147.027,147.527,146.789,147.293,17072,0,0
2025-07-11T16:00:00+00:00,2025-07-11,21:30:00,1752249600,147.293,147.482,147.254,147.374,8235,0,0
2025-07-11T20:00:00+00:00,2025-07-12,01:30:00,1752264000,147.377,147.469,147.348,147.425,1146,0,0
2025-07-13T20:00:00+00:00,2025-07-14,01:30:00,1752436800,147.132,147.573,147.088,147.297,6579,0,0
2025-07-14T00:00:00+00:00,2025-07-14,05:30:00,1752451200,147.299,147.386,146.848,147.303,15120,0,0
2025-07-14T04:00:00+00:00,2025-07-14,09:30:00,1752465600,147.304,147.488,147.201,147.374,13862,0,0
2025-07-14T08:00:00+00:00,2025-07-14,13:30:00,1752480000,147.374,147.467,147.156,147.412,11706,0,0
2025-07-14T12:00:00+00:00,2025-07-14,17:30:00,1752494400,147.414,147.703,147.217,147.692,15627,0,0
2025-07-14T16:00:00+00:00,2025-07-14,21:30:00,1752508800,147.694,147.766,147.661,147.724,8380,0,0
2025-07-14T20:00:00+00:00,2025-07-15,01:30:00,1752523200,147.726,147.89,147.674,147.785,3599,0,0
2025-07-15T00:00:00+00:00,2025-07-15,05:30:00,1752537600,147.785,147.825,147.554,147.671,10465,0,0
2025-07-15T04:00:00+00:00,2025-07-15,09:30:00,1752552000,147.671,147.79,147.551,147.734,8417,0,0
2025-07-15T08:00:00+00:00,2025-07-15,13:30:00,1752566400,147.737,147.95,147.61,147.914,8420,0,0
2025-07-15T12:00:00+00:00,2025-07-15,17:30:00,1752580800,147.913,149.028,147.66,148.759,25256,0,0
2025-07-15T16:00:00+00:00,2025-07-15,21:30:00,1752595200,148.758,148.999,148.715,148.848,9790,0,0
2025-07-15T20:00:00+00:00,2025-07-16,01:30:00,1752609600,148.848,148.94,148.724,148.779,4684,0,0
2025-07-16T00:00:00+00:00,2025-07-16,05:30:00,1752624000,148.779,149.092,148.707,149.04,10650,0,0
2025-07-16T04:00:00+00:00,2025-07-16,09:30:00,1752638400,149.037,149.189,148.618,148.886,11358,0,0
2025-07-16T08:00:00+00:00,2025-07-16,13:30:00,1752652800,148.889,148.901,148.625,148.766,9484,0,0
2025-07-16T12:00:00+00:00,2025-07-16,17:30:00,1752667200,148.765,148.931,146.912,148.114,63782,0,0
2025-07-16T16:00:00+00:00,2025-07-16,21:30:00,1752681600,148.116,148.379,147.49,147.847,26569,0,0
2025-07-16T20:00:00+00:00,2025-07-17,01:30:00,1752696000,147.848,148.074,147.658,147.993,5548,0,0
2025-07-17T00:00:00+00:00,2025-07-17,05:30:00,1752710400,147.997,148.663,147.986,148.549,12663,0,0
2025-07-17T04:00:00+00:00,2025-07-17,09:30:00,1752724800,148.546,148.803,148.369,148.722,12077,0,0
2025-07-17T08:00:00+00:00,2025-07-17,13:30:00,1752739200,148.721,148.836,148.525,148.766,11518,0,0
2025-07-17T12:00:00+00:00,2025-07-17,17:30:00,1752753600,148.766,149.09,148.38,148.555,23636,0,0
2025-07-17T16:00:00+00:00,2025-07-17,21:30:00,1752768000,148.552,148.755,148.471,148.588,9311,0,0
2025-07-17T20:00:00+00:00,2025-07-18,01:30:00,1752782400,148.583,148.623,148.29,148.445,4479,0,0
2025-07-18T00:00:00+00:00,2025-07-18,05:30:00,1752796800,148.443,148.672,148.331,148.669,12497,0,0
2025-07-18T04:00:00+00:00,2025-07-18,09:30:00,1752811200,148.67,148.885,148.618,148.782,9961,0,0
2025-07-18T08:00:00+00:00,2025-07-18,13:30:00,1752825600,148.781,148.781,148.454,148.506,10415,0,0
2025-07-18T12:00:00+00:00,2025-07-18,17:30:00,1752840000,148.504,148.566,148.187,148.553,16920,0,0
2025-07-18T16:00:00+00:00,2025-07-18,21:30:00,1752854400,148.553,148.811,148.511,148.747,9326,0,0
2025-07-18T20:00:00+00:00,2025-07-19,01:30:00,1752868800,148.749,148.852,148.696,148.829,1252,0,0
2025-07-20T20:00:00+00:00,2025-07-21,01:30:00,1753041600,147.846,148.663,147.84,148.457,6176,0,0
2025-07-21T00:00:00+00:00,2025-07-21,05:30:00,1753056000,148.454,148.563,148.243,148.463,10167,0,0
2025-07-21T04:00:00+00:00,2025-07-21,09:30:00,1753070400,148.463,148.525,147.774,148.105,13106,0,0
2025-07-21T08:00:00+00:00,2025-07-21,13:30:00,1753084800,148.103,148.136,147.508,147.55,12456,0,0
2025-07-21T12:00:00+00:00,2025-07-21,17:30:00,1753099200,147.552,147.723,147.255,147.27,16263,0,0
2025-07-21T16:00:00+00:00,2025-07-21,21:30:00,1753113600,147.271,147.384,147.086,147.356,9106,0,0
2025-07-21T20:00:00+00:00,2025-07-22,01:30:00,1753128000,147.348,147.498,147.203,147.402,3982,0,0
2025-07-22T00:00:00+00:00,2025-07-22,05:30:00,1753142400,147.4,147.715,147.393,147.578,11749,0,0
2025-07-22T04:00:00+00:00,2025-07-22,09:30:00,1753156800,147.578,147.948,147.542,147.708,9662,0,0
2025-07-22T08:00:00+00:00,2025-07-22,13:30:00,1753171200,147.71,147.766,147.158,147.198,11119,0,0
2025-07-22T12:00:00+00:00,2025-07-22,17:30:00,1753185600,147.199,147.258,146.325,146.37,23073,0,0
2025-07-22T16:00:00+00:00,2025-07-22,21:30:00,1753200000,146.371,146.606,146.31,146.562,9481,0,0
2025-07-22T20:00:00+00:00,2025-07-23,01:30:00,1753214400,146.564,146.947,146.248,146.763,11460,0,0
2025-07-23T00:00:00+00:00,2025-07-23,05:30:00,1753228800,146.766,147.207,146.199,146.923,30537,0,0
2025-07-23T04:00:00+00:00,2025-07-23,09:30:00,1753243200,146.924,147.217,146.598,146.754,18451,0,0
2025-07-23T08:00:00+00:00,2025-07-23,13:30:00,1753257600,146.752,146.905,146.109,146.209,13379,0,0
2025-07-23T12:00:00+00:00,2025-07-23,17:30:00,1753272000,146.208,146.732,146.161,146.552,19898,0,0
2025-07-23T16:00:00+00:00,2025-07-23,21:30:00,1753286400,146.553,146.623,146.372,146.532,13166,0,0
2025-07-23T20:00:00+00:00,2025-07-24,01:30:00,1753300800,146.533,146.534,146.24,146.347,5045,0,0
2025-07-24T00:00:00+00:00,2025-07-24,05:30:00,1753315200,146.347,146.494,145.857,146.009,16092,0,0
2025-07-24T04:00:00+00:00,2025-07-24,09:30:00,1753329600,146.009,146.461,145.932,146.419,14375,0,0
2025-07-24T08:00:00+00:00,2025-07-24,13:30:00,1753344000,146.418,146.662,146.311,146.486,11850,0,0
2025-07-24T12:00:00+00:00,2025-07-24,17:30:00,1753358400,146.486,146.948,146.356,146.929,22331,0,0
2025-07-24T16:00:00+00:00,2025-07-24,21:30:00,1753372800,146.926,146.971,146.754,146.937,9873,0,0
2025-07-24T20:00:00+00:00,2025-07-25,01:30:00,1753387200,146.935,147.234,146.882,147.007,5734,0,0
2025-07-25T00:00:00+00:00,2025-07-25,05:30:00,1753401600,147.007,147.496,146.987,147.221,14001,0,0
2025-07-25T04:00:00+00:00,2025-07-25,09:30:00,1753416000,147.219,147.416,146.813,147.382,14541,0,0
2025-07-25T08:00:00+00:00,2025-07-25,13:30:00,1753430400,147.381,147.941,147.36,147.68,13206,0,0
2025-07-25T12:00:00+00:00,2025-07-25,17:30:00,1753444800,147.678,147.938,147.531,147.783,24538,0,0
2025-07-25T16:00:00+00:00,2025-07-25,21:30:00,1753459200,147.781,147.839,147.532,147.619,7749,0,0
2025-07-25T20:00:00+00:00,2025-07-26,01:30:00,1753473600,147.614,147.687,147.613,147.661,1117,0,0
2025-07-27T20:00:00+00:00,2025-07-28,01:30:00,1753646400,147.674,147.88,147.627,147.788,4431,0,0
2025-07-28T00:00:00+00:00,2025-07-28,05:30:00,1753660800,147.786,148.023,147.518,147.717,13449,0,0
2025-07-28T04:00:00+00:00,2025-07-28,09:30:00,1753675200,147.715,148.338,147.627,148.292,14270,0,0
2025-07-28T08:00:00+00:00,2025-07-28,13:30:00,1753689600,148.294,148.449,148.075,148.145,15423,0,0
2025-07-28T12:00:00+00:00,2025-07-28,17:30:00,1753704000,148.142,148.497,147.941,148.459,18962,0,0
2025-07-28T16:00:00+00:00,2025-07-28,21:30:00,1753718400,148.458,148.58,148.393,148.549,7944,0,0
2025-07-28T20:00:00+00:00,2025-07-29,01:30:00,1753732800,148.547,148.637,148.397,148.459,3809,0,0
2025-07-29T00:00:00+00:00,2025-07-29,05:30:00,1753747200,148.462,148.715,148.29,148.36,12766,0,0
2025-07-29T04:00:00+00:00,2025-07-29,09:30:00,1753761600,148.359,148.754,148.157,148.58,14140,0,0
2025-07-29T08:00:00+00:00,2025-07-29,13:30:00,1753776000,148.582,148.757,148.355,148.716,12598,0,0
2025-07-29T12:00:00+00:00,2025-07-29,17:30:00,1753790400,148.715,148.807,148.352,148.574,19456,0,0
2025-07-29T16:00:00+00:00,2025-07-29,21:30:00,1753804800,148.576,148.606,148.338,148.503,10754,0,0
2025-07-29T20:00:00+00:00,2025-07-30,01:30:00,1753819200,148.492,148.53,148.42,148.427,3134,0,0
2025-07-30T00:00:00+00:00,2025-07-30,05:30:00,1753833600,148.427,148.45,147.843,147.974,12497,0,0
2025-07-30T04:00:00+00:00,2025-07-30,09:30:00,1753848000,147.973,148.174,147.803,148.084,13172,0,0
2025-07-30T08:00:00+00:00,2025-07-30,13:30:00,1753862400,148.083,148.36,147.856,148.311,12698,0,0
2025-07-30T12:00:00+00:00,2025-07-30,17:30:00,1753876800,148.309,149.117,148.265,149.076,20473,0,0
2025-07-30T16:00:00+00:00,2025-07-30,21:30:00,1753891200,149.074,149.442,148.524,149.418,27948,0,0
2025-07-30T20:00:00+00:00,2025-07-31,01:30:00,1753905600,149.419,149.499,149.212,149.228,5375,0,0
2025-07-31T00:00:00+00:00,2025-07-31,05:30:00,1753920000,149.229,149.397,148.59,148.749,16058,0,0
2025-07-31T04:00:00+00:00,2025-07-31,09:30:00,1753934400,148.749,149.724,148.685,149.4,18871,0,0
2025-07-31T08:00:00+00:00,2025-07-31,13:30:00,1753948800,149.397,150.106,149.301,149.876,16609,0,0
2025-07-31T12:00:00+00:00,2025-07-31,17:30:00,1753963200,149.878,150.635,149.813,150.602,22255,0,0
2025-07-31T16:00:00+00:00,2025-07-31,21:30:00,1753977600,150.603,150.804,150.559,150.795,11786,0,0
2025-07-31T20:00:00+00:00,2025-08-01,01:30:00,1753992000,150.798,150.882,150.641,150.811,6563,0,0
2025-08-01T00:00:00+00:00,2025-08-01,05:30:00,1754006400,150.809,150.921,150.553,150.589,14677,0,0
2025-08-01T04:00:00+00:00,2025-08-01,09:30:00,1754020800,150.591,150.66,150.414,150.538,11104,0,0
2025-08-01T08:00:00+00:00,2025-08-01,13:30:00,1754035200,150.536,150.631,150.283,150.518,11403,0,0
2025-08-01T12:00:00+00:00,2025-08-01,17:30:00,1754049600,150.518,150.598,147.486,148.056,71479,0,0
2025-08-01T16:00:00+00:00,2025-08-01,21:30:00,1754064000,148.057,148.11,147.325,147.441,21501,0,0
2025-08-01T20:00:00+00:00,2025-08-02,01:30:00,1754078400,147.43,147.442,147.296,147.4,2077,0,0
2025-08-03T20:00:00+00:00,2025-08-04,01:30:00,1754251200,147.191,147.385,147.058,147.348,6122,0,0
2025-08-04T00:00:00+00:00,2025-08-04,05:30:00,1754265600,147.344,147.91,147.27,147.693,17065,0,0
2025-08-04T04:00:00+00:00,2025-08-04,09:30:00,1754280000,147.692,148.048,147.533,147.886,14827,0,0
2025-08-04T08:00:00+00:00,2025-08-04,13:30:00,1754294400,147.884,148.089,147.343,147.345,15201,0,0
2025-08-04T12:00:00+00:00,2025-08-04,17:30:00,1754308800,147.345,147.442,146.865,147.099,24551,0,0
2025-08-04T16:00:00+00:00,2025-08-04,21:30:00,1754323200,147.1,147.217,146.907,147.028,10800,0,0
2025-08-04T20:00:00+00:00,2025-08-05,01:30:00,1754337600,147.03,147.117,146.694,146.795,5542,0,0
2025-08-05T00:00:00+00:00,2025-08-05,05:30:00,1754352000,146.795,147.263,146.622,147.216,13656,0,0
2025-08-05T04:00:00+00:00,2025-08-05,09:30:00,1754366400,147.219,147.486,147.004,147.389,12190,0,0
2025-08-05T08:00:00+00:00,2025-08-05,13:30:00,1754380800,147.391,147.779,147.336,147.634,12037,0,0
2025-08-05T12:00:00+00:00,2025-08-05,17:30:00,1754395200,147.634,147.837,147.308,147.496,26191,0,0
2025-08-05T16:00:00+00:00,2025-08-05,21:30:00,1754409600,147.497,147.706,147.428,147.611,9456,0,0
2025-08-05T20:00:00+00:00,2025-08-06,01:30:00,1754424000,147.607,147.648,147.487,147.526,4054,0,0
2025-08-06T00:00:00+00:00,2025-08-06,05:30:00,1754438400,147.526,147.751,147.336,147.401,11017,0,0
2025-08-06T04:00:00+00:00,2025-08-06,09:30:00,1754452800,147.403,147.693,147.306,147.565,9690,0,0
2025-08-06T08:00:00+00:00,2025-08-06,13:30:00,1754467200,147.563,147.887,147.442,147.54,11414,0,0
2025-08-06T12:00:00+00:00,2025-08-06,17:30:00,1754481600,147.543,147.662,147.21,147.257,18319,0,0
2025-08-06T16:00:00+00:00,2025-08-06,21:30:00,1754496000,147.255,147.422,146.978,147.182,11582,0,0
2025-08-06T20:00:00+00:00,2025-08-07,01:30:00,1754510400,147.176,147.533,147.154,147.201,5574,0,0
2025-08-07T00:00:00+00:00,2025-08-07,05:30:00,1754524800,147.197,147.713,147.17,147.513,12402,0,0
2025-08-07T04:00:00+00:00,2025-08-07,09:30:00,1754539200,147.515,147.537,146.689,146.806,13402,0,0
2025-08-07T08:00:00+00:00,2025-08-07,13:30:00,1754553600,146.808,147.497,146.78,147.311,15725,0,0
2025-08-07T12:00:00+00:00,2025-08-07,17:30:00,1754568000,147.311,147.589,147.02,147.366,25914,0,0
2025-08-07T16:00:00+00:00,2025-08-07,21:30:00,1754582400,147.364,147.571,146.942,147.082,13134,0,0
2025-08-07T20:00:00+00:00,2025-08-08,01:30:00,1754596800,147.08,147.154,146.762,146.803,6551,0,0
2025-08-08T00:00:00+00:00,2025-08-08,05:30:00,1754611200,146.801,147.378,146.722,147.192,12370,0,0
2025-08-08T04:00:00+00:00,2025-08-08,09:30:00,1754625600,147.192,147.453,147.116,147.323,10940,0,0
2025-08-08T08:00:00+00:00,2025-08-08,13:30:00,1754640000,147.321,147.852,147.162,147.812,13360,0,0
2025-08-08T12:00:00+00:00,2025-08-08,17:30:00,1754654400,147.813,147.908,147.637,147.709,17183,0,0
2025-08-08T16:00:00+00:00,2025-08-08,21:30:00,1754668800,147.709,147.837,147.632,147.753,10060,0,0
2025-08-08T20:00:00+00:00,2025-08-09,01:30:00,1754683200,147.75,147.804,147.722,147.731,1424,0,0
2025-08-10T20:00:00+00:00,2025-08-11,01:30:00,1754856000,147.456,147.79,147.455,147.659,4192,0,0
2025-08-11T00:00:00+00:00,2025-08-11,05:30:00,1754870400,147.657,147.745,147.43,147.482,8160,0,0
2025-08-11T04:00:00+00:00,2025-08-11,09:30:00,1754884800,147.481,147.664,147.356,147.391,8124,0,0
2025-08-11T08:00:00+00:00,2025-08-11,13:30:00,1754899200,147.388,147.949,147.35,147.864,9495,0,0
2025-08-11T12:00:00+00:00,2025-08-11,17:30:00,1754913600,147.867,148.113,147.784,147.996,13734,0,0
2025-08-11T16:00:00+00:00,2025-08-11,21:30:00,1754928000,147.994,148.242,147.912,148.231,7194,0,0
2025-08-11T20:00:00+00:00,2025-08-12,01:30:00,1754942400,148.232,148.249,147.932,148.152,3617,0,0
2025-08-12T00:00:00+00:00,2025-08-12,05:30:00,1754956800,148.154,148.446,148.132,148.416,9553,0,0
2025-08-12T04:00:00+00:00,2025-08-12,09:30:00,1754971200,148.417,148.446,148.149,148.263,11029,0,0
2025-08-12T08:00:00+00:00,2025-08-12,13:30:00,1754985600,148.264,148.496,148.262,148.442,8530,0,0
2025-08-12T12:00:00+00:00,2025-08-12,17:30:00,1755000000,148.44,148.522,147.579,147.807,39447,0,0
2025-08-12T16:00:00+00:00,2025-08-12,21:30:00,1755014400,147.807,147.863,147.659,147.76,11422,0,0
2025-08-12T20:00:00+00:00,2025-08-13,01:30:00,1755028800,147.756,147.87,147.713,147.775,3648,0,0
2025-08-13T00:00:00+00:00,2025-08-13,05:30:00,1755043200,147.775,148.171,147.703,148.003,10706,0,0
2025-08-13T04:00:00+00:00,2025-08-13,09:30:00,1755057600,148.005,148.104,147.401,147.532,10887,0,0
2025-08-13T08:00:00+00:00,2025-08-13,13:30:00,1755072000,147.535,147.569,147.177,147.282,11931,0,0
2025-08-13T12:00:00+00:00,2025-08-13,17:30:00,1755086400,147.282,147.494,147.086,147.25,16539,0,0
2025-08-13T16:00:00+00:00,2025-08-13,21:30:00,1755100800,147.248,147.514,147.214,147.447,7372,0,0
2025-08-13T20:00:00+00:00,2025-08-14,01:30:00,1755115200,147.446,147.456,147.115,147.125,3153,0,0
2025-08-14T00:00:00+00:00,2025-08-14,05:30:00,1755129600,147.123,147.123,146.374,146.549,15993,0,0
2025-08-14T04:00:00+00:00,2025-08-14,09:30:00,1755144000,146.549,146.585,146.217,146.55,15850,0,0
2025-08-14T08:00:00+00:00,2025-08-14,13:30:00,1755158400,146.551,146.67,146.425,146.496,13396,0,0
2025-08-14T12:00:00+00:00,2025-08-14,17:30:00,1755172800,146.494,147.805,146.425,147.692,28522,0,0
2025-08-14T16:00:00+00:00,2025-08-14,21:30:00,1755187200,147.69,147.965,147.69,147.781,9100,0,0
2025-08-14T20:00:00+00:00,2025-08-15,01:30:00,1755201600,147.784,147.869,147.665,147.684,4080,0,0
2025-08-15T00:00:00+00:00,2025-08-15,05:30:00,1755216000,147.687,147.729,147.179,147.228,10707,0,0
2025-08-15T04:00:00+00:00,2025-08-15,09:30:00,1755230400,147.229,147.234,146.978,147.007,10236,0,0
2025-08-15T08:00:00+00:00,2025-08-15,13:30:00,1755244800,147.008,147.056,146.757,146.986,10030,0,0
2025-08-15T12:00:00+00:00,2025-08-15,17:30:00,1755259200,146.983,147.276,146.739,147.006,22286,0,0
2025-08-15T16:00:00+00:00,2025-08-15,21:30:00,1755273600,147.005,147.334,147.003,147.239,8270,0,0
2025-08-15T20:00:00+00:00,2025-08-16,01:30:00,1755288000,147.239,147.256,147.141,147.163,1316,0,0
2025-08-17T20:00:00+00:00,2025-08-18,01:30:00,1755460800,147.186,147.387,147.08,147.235,3733,0,0
2025-08-18T00:00:00+00:00,2025-08-18,05:30:00,1755475200,147.234,147.584,147.228,147.387,10550,0,0
2025-08-18T04:00:00+00:00,2025-08-18,09:30:00,1755489600,147.39,147.508,147.121,147.454,10899,0,0
2025-08-18T08:00:00+00:00,2025-08-18,13:30:00,1755504000,147.456,147.575,147.254,147.553,10981,0,0
2025-08-18T12:00:00+00:00,2025-08-18,17:30:00,1755518400,147.552,147.987,147.518,147.761,12909,0,0
2025-08-18T16:00:00+00:00,2025-08-18,21:30:00,1755532800,147.763,147.888,147.66,147.826,6862,0,0
2025-08-18T20:00:00+00:00,2025-08-19,01:30:00,1755547200,147.828,147.984,147.716,147.922,3545,0,0
2025-08-19T00:00:00+00:00,2025-08-19,05:30:00,1755561600,147.921,148.114,147.623,147.833,13102,0,0
2025-08-19T04:00:00+00:00,2025-08-19,09:30:00,1755576000,147.835,147.874,147.533,147.706,10453,0,0
2025-08-19T08:00:00+00:00,2025-08-19,13:30:00,1755590400,147.706,147.824,147.6,147.713,9013,0,0
2025-08-19T12:00:00+00:00,2025-08-19,17:30:00,1755604800,147.711,147.901,147.552,147.727,14191,0,0
2025-08-19T16:00:00+00:00,2025-08-19,21:30:00,1755619200,147.725,147.725,147.445,147.586,8270,0,0
2025-08-19T20:00:00+00:00,2025-08-20,01:30:00,1755633600,147.58,147.757,147.56,147.74,3578,0,0
2025-08-20T00:00:00+00:00,2025-08-20,05:30:00,1755648000,147.742,147.819,147.422,147.529,13008,0,0
2025-08-20T04:00:00+00:00,2025-08-20,09:30:00,1755662400,147.53,147.698,147.143,147.626,11175,0,0
2025-08-20T08:00:00+00:00,2025-08-20,13:30:00,1755676800,147.627,147.649,147.369,147.54,8656,0,0
2025-08-20T12:00:00+00:00,2025-08-20,17:30:00,1755691200,147.539,147.541,146.872,147.197,18116,0,0
2025-08-20T16:00:00+00:00,2025-08-20,21:30:00,1755705600,147.193,147.357,147.012,147.342,7561,0,0
2025-08-20T20:00:00+00:00,2025-08-21,01:30:00,1755720000,147.339,147.491,147.147,147.306,4120,0,0
2025-08-21T00:00:00+00:00,2025-08-21,05:30:00,1755734400,147.309,147.507,147.257,147.418,11291,0,0
2025-08-21T04:00:00+00:00,2025-08-21,09:30:00,1755748800,147.418,147.642,147.343,147.596,9466,0,0
2025-08-21T08:00:00+00:00,2025-08-21,13:30:00,1755763200,147.596,147.934,147.483,147.924,9024,0,0
2025-08-21T12:00:00+00:00,2025-08-21,17:30:00,1755777600,147.922,148.406,147.581,148.358,21118,0,0
2025-08-21T16:00:00+00:00,2025-08-21,21:30:00,1755792000,148.359,148.409,148.171,148.379,7286,0,0
2025-08-21T20:00:00+00:00,2025-08-22,01:30:00,1755806400,148.381,148.456,148.185,148.386,4139,0,0
2025-08-22T00:00:00+00:00,2025-08-22,05:30:00,1755820800,148.389,148.719,148.282,148.677,10315,0,0
2025-08-22T04:00:00+00:00,2025-08-22,09:30:00,1755835200,148.677,148.78,148.411,148.604,8757,0,0
2025-08-22T08:00:00+00:00,2025-08-22,13:30:00,1755849600,148.606,148.743,148.544,148.711,7862,0,0
2025-08-22T12:00:00+00:00,2025-08-22,17:30:00,1755864000,148.71,148.723,146.575,146.829,34184,0,0
2025-08-22T16:00:00+00:00,2025-08-22,21:30:00,1755878400,146.831,147.002,146.578,146.963,12024,0,0
2025-08-22T20:00:00+00:00,2025-08-23,01:30:00,1755892800,146.964,146.98,146.885,146.932,1178,0,0
2025-08-24T20:00:00+00:00,2025-08-25,01:30:00,1756065600,146.764,147.304,146.747,147.268,5627,0,0
2025-08-25T00:00:00+00:00,2025-08-25,05:30:00,1756080000,147.265,147.528,147.249,147.343,11542,0,0
2025-08-25T04:00:00+00:00,2025-08-25,09:30:00,1756094400,147.343,147.379,147.099,147.337,8837,0,0
2025-08-25T08:00:00+00:00,2025-08-25,13:30:00,1756108800,147.337,147.449,147.223,147.321,7855,0,0
2025-08-25T12:00:00+00:00,2025-08-25,17:30:00,1756123200,147.319,147.676,147.291,147.612,12793,0,0
2025-08-25T16:00:00+00:00,2025-08-25,21:30:00,1756137600,147.613,147.94,147.501,147.822,10012,0,0
2025-08-25T20:00:00+00:00,2025-08-26,01:30:00,1756152000,147.823,147.855,147.655,147.816,4240,0,0
2025-08-26T00:00:00+00:00,2025-08-26,05:30:00,1756166400,147.817,147.881,146.991,147.797,26453,0,0
2025-08-26T04:00:00+00:00,2025-08-26,09:30:00,1756180800,147.795,147.909,147.638,147.698,14041,0,0
2025-08-26T08:00:00+00:00,2025-08-26,13:30:00,1756195200,147.695,147.703,147.4,147.465,12361,0,0
2025-08-26T12:00:00+00:00,2025-08-26,17:30:00,1756209600,147.463,147.725,147.296,147.319,16719,0,0
2025-08-26T16:00:00+00:00,2025-08-26,21:30:00,1756224000,147.316,147.546,147.102,147.433,8804,0,0
2025-08-26T20:00:00+00:00,2025-08-27,01:30:00,1756238400,147.425,147.51,147.212,147.474,4032,0,0
2025-08-27T00:00:00+00:00,2025-08-27,05:30:00,1756252800,147.474,147.854,147.405,147.832,10234,0,0
2025-08-27T04:00:00+00:00,2025-08-27,09:30:00,1756267200,147.832,147.969,147.657,147.757,9231,0,0
2025-08-27T08:00:00+00:00,2025-08-27,13:30:00,1756281600,147.759,148.184,147.745,148.141,10189,0,0
2025-08-27T12:00:00+00:00,2025-08-27,17:30:00,1756296000,148.141,148.149,147.693,147.748,15024,0,0
2025-08-27T16:00:00+00:00,2025-08-27,21:30:00,1756310400,147.748,147.756,147.295,147.475,9448,0,0
2025-08-27T20:00:00+00:00,2025-08-28,01:30:00,1756324800,147.472,147.516,147.194,147.339,5757,0,0
2025-08-28T00:00:00+00:00,2025-08-28,05:30:00,1756339200,147.338,147.49,147.082,147.1,12147,0,0
2025-08-28T04:00:00+00:00,2025-08-28,09:30:00,1756353600,147.099,147.406,146.997,147.168,11143,0,0
2025-08-28T08:00:00+00:00,2025-08-28,13:30:00,1756368000,147.169,147.371,146.807,146.928,11747,0,0
2025-08-28T12:00:00+00:00,2025-08-28,17:30:00,1756382400,146.927,147.234,146.859,146.994,19444,0,0
2025-08-28T16:00:00+00:00,2025-08-28,21:30:00,1756396800,146.992,146.998,146.658,146.919,8087,0,0
2025-08-28T20:00:00+00:00,2025-08-29,01:30:00,1756411200,146.918,147.079,146.796,146.832,4717,0,0
2025-08-29T00:00:00+00:00,2025-08-29,05:30:00,1756425600,146.832,147.112,146.765,146.987,11481,0,0
2025-08-29T04:00:00+00:00,2025-08-29,09:30:00,1756440000,146.987,147.199,146.902,147.006,8869,0,0
2025-08-29T08:00:00+00:00,2025-08-29,13:30:00,1756454400,147.008,147.265,146.869,147.25,9060,0,0
2025-08-29T12:00:00+00:00,2025-08-29,17:30:00,1756468800,147.25,147.41,146.77,146.907,18393,0,0
2025-08-29T16:00:00+00:00,2025-08-29,21:30:00,1756483200,146.906,147.047,146.854,146.961,7262,0,0
2025-08-29T20:00:00+00:00,2025-08-30,01:30:00,1756497600,146.96,147.104,146.925,147.043,1120,0,0
2025-08-31T20:00:00+00:00,2025-09-01,01:30:00,1756670400,146.973,147.19,146.959,147.122,3937,0,0
2025-09-01T00:00:00+00:00,2025-09-01,05:30:00,1756684800,147.124,147.38,146.844,146.893,11664,0,0
2025-09-01T04:00:00+00:00,2025-09-01,09:30:00,1756699200,146.894,147.204,146.787,147.074,10627,0,0
2025-09-01T08:00:00+00:00,2025-09-01,13:30:00,1756713600,147.075,147.204,146.94,147.158,10171,0,0
2025-09-01T12:00:00+00:00,2025-09-01,17:30:00,1756728000,147.158,147.308,147.152,147.271,8185,0,0
2025-09-01T16:00:00+00:00,2025-09-01,21:30:00,1756742400,147.271,147.287,147.158,147.189,3368,0,0
2025-09-01T20:00:00+00:00,2025-09-02,01:30:00,1756756800,147.182,147.203,147.047,147.096,3288,0,0
2025-09-02T00:00:00+00:00,2025-09-02,05:30:00,1756771200,147.095,147.751,147.089,147.705,14681,0,0
2025-09-02T04:00:00+00:00,2025-09-02,09:30:00,1756785600,147.705,148.743,147.688,148.655,17173,0,0
2025-09-02T08:00:00+00:00,2025-09-02,13:30:00,1756800000,148.653,148.795,148.225,148.621,19391,0,0
2025-09-02T12:00:00+00:00,2025-09-02,17:30:00,1756814400,148.618,148.947,147.94,148.231,25471,0,0
2025-09-02T16:00:00+00:00,2025-09-02,21:30:00,1756828800,148.232,148.535,148.201,148.36,9147,0,0
2025-09-02T20:00:00+00:00,2025-09-03,01:30:00,1756843200,148.358,148.592,148.232,148.587,4388,0,0
2025-09-03T00:00:00+00:00,2025-09-03,05:30:00,1756857600,148.582,148.921,148.512,148.913,10683,0,0
2025-09-03T04:00:00+00:00,2025-09-03,09:30:00,1756872000,148.913,149.139,148.49,148.739,13819,0,0
2025-09-03T08:00:00+00:00,2025-09-03,13:30:00,1756886400,148.74,148.775,148.432,148.618,13415,0,0
2025-09-03T12:00:00+00:00,2025-09-03,17:30:00,1756900800,148.62,148.8,147.931,147.973,22153,0,0
2025-09-03T16:00:00+00:00,2025-09-03,21:30:00,1756915200,147.971,148.136,147.88,148.136,9369,0,0
2025-09-03T20:00:00+00:00,2025-09-04,01:30:00,1756929600,148.126,148.158,147.905,147.979,4048,0,0
2025-09-04T00:00:00+00:00,2025-09-04,05:30:00,1756944000,147.977,148.266,147.789,148.244,15491,0,0
2025-09-04T04:00:00+00:00,2025-09-04,09:30:00,1756958400,148.244,148.416,148.111,148.366,11375,0,0
2025-09-04T08:00:00+00:00,2025-09-04,13:30:00,1756972800,148.368,148.408,148.138,148.346,11324,0,0
2025-09-04T12:00:00+00:00,2025-09-04,17:30:00,1756987200,148.344,148.78,148.012,148.632,22155,0,0
2025-09-04T16:00:00+00:00,2025-09-04,21:30:00,1757001600,148.63,148.743,148.456,148.488,6910,0,0
2025-09-04T20:00:00+00:00,2025-09-05,01:30:00,1757016000,148.486,148.545,148.321,148.425,4800,0,0
2025-09-05T00:00:00+00:00,2025-09-05,05:30:00,1757030400,148.423,148.44,148.079,148.178,10863,0,0
2025-09-05T04:00:00+00:00,2025-09-05,09:30:00,1757044800,148.178,148.275,148.148,148.215,7983,0,0
2025-09-05T08:00:00+00:00,2025-09-05,13:30:00,1757059200,148.217,148.256,148.08,148.199,7816,0,0
2025-09-05T12:00:00+00:00,2025-09-05,17:30:00,1757073600,148.198,148.201,146.818,146.844,41924,0,0
2025-09-05T16:00:00+00:00,2025-09-05,21:30:00,1757088000,146.843,147.502,146.824,147.466,11596,0,0
2025-09-05T20:00:00+00:00,2025-09-06,01:30:00,1757102400,147.457,147.501,147.337,147.404,1508,0,0
2025-09-07T20:00:00+00:00,2025-09-08,01:30:00,1757275200,147.976,148.468,147.87,148.321,9024,0,0
2025-09-08T00:00:00+00:00,2025-09-08,05:30:00,1757289600,148.319,148.58,148.006,148.201,15776,0,0
2025-09-08T04:00:00+00:00,2025-09-08,09:30:00,1757304000,148.201,148.256,147.517,147.534,12421,0,0
2025-09-08T08:00:00+00:00,2025-09-08,13:30:00,1757318400,147.534,147.88,147.464,147.78,10685,0,0
2025-09-08T12:00:00+00:00,2025-09-08,17:30:00,1757332800,147.781,147.885,147.54,147.591,14621,0,0
2025-09-08T16:00:00+00:00,2025-09-08,21:30:00,1757347200,147.592,147.779,147.34,147.42,7662,0,0
2025-09-08T20:00:00+00:00,2025-09-09,01:30:00,1757361600,147.403,147.537,147.215,147.375,4982,0,0
2025-09-09T00:00:00+00:00,2025-09-09,05:30:00,1757376000,147.376,147.436,147.155,147.367,10557,0,0
2025-09-09T04:00:00+00:00,2025-09-09,09:30:00,1757390400,147.366,147.378,146.818,147.206,11481,0,0
2025-09-09T08:00:00+00:00,2025-09-09,13:30:00,1757404800,147.207,147.34,146.309,146.733,21164,0,0
2025-09-09T12:00:00+00:00,2025-09-09,17:30:00,1757419200,146.731,147.353,146.528,147.235,25747,0,0
2025-09-09T16:00:00+00:00,2025-09-09,21:30:00,1757433600,147.236,147.463,147.181,147.445,8737,0,0
2025-09-09T20:00:00+00:00,2025-09-10,01:30:00,1757448000,147.447,147.467,147.218,147.395,3931,0,0
2025-09-10T00:00:00+00:00,2025-09-10,05:30:00,1757462400,147.395,147.574,147.271,147.397,9734,0,0
2025-09-10T04:00:00+00:00,2025-09-10,09:30:00,1757476800,147.397,147.589,147.281,147.497,10431,0,0
2025-09-10T08:00:00+00:00,2025-09-10,13:30:00,1757491200,147.499,147.559,147.397,147.516,9275,0,0
2025-09-10T12:00:00+00:00,2025-09-10,17:30:00,1757505600,147.516,147.649,147.109,147.372,19540,0,0
2025-09-10T16:00:00+00:00,2025-09-10,21:30:00,1757520000,147.374,147.47,147.247,147.412,7080,0,0
2025-09-10T20:00:00+00:00,2025-09-11,01:30:00,1757534400,147.411,147.453,147.239,147.352,3301,0,0
2025-09-11T00:00:00+00:00,2025-09-11,05:30:00,1757548800,147.353,147.481,147.323,147.445,7088,0,0
2025-09-11T04:00:00+00:00,2025-09-11,09:30:00,1757563200,147.445,147.833,147.415,147.778,8286,0,0
2025-09-11T08:00:00+00:00,2025-09-11,13:30:00,1757577600,147.776,147.994,147.772,147.969,7978,0,0
2025-09-11T12:00:00+00:00,2025-09-11,17:30:00,1757592000,147.967,148.194,146.994,147.171,30217,0,0
2025-09-11T16:00:00+00:00,2025-09-11,21:30:00,1757606400,147.171,147.31,146.987,147.166,9578,0,0
2025-09-11T20:00:00+00:00,2025-09-12,01:30:00,1757620800,147.167,147.241,147.12,147.231,4012,0,0
2025-09-12T00:00:00+00:00,2025-09-12,05:30:00,1757635200,147.228,147.483,147.168,147.446,7850,0,0
2025-09-12T04:00:00+00:00,2025-09-12,09:30:00,1757649600,147.447,147.557,147.244,147.454,9073,0,0
2025-09-12T08:00:00+00:00,2025-09-12,13:30:00,1757664000,147.457,147.983,147.454,147.84,11595,0,0
2025-09-12T12:00:00+00:00,2025-09-12,17:30:00,1757678400,147.84,148.076,147.586,147.858,14082,0,0
2025-09-12T16:00:00+00:00,2025-09-12,21:30:00,1757692800,147.858,147.877,147.466,147.586,6259,0,0
2025-09-12T20:00:00+00:00,2025-09-13,01:30:00,1757707200,147.582,147.717,147.578,147.661,1138,0,0
2025-09-14T20:00:00+00:00,2025-09-15,01:30:00,1757880000,147.591,147.764,147.545,147.677,3127,0,0
2025-09-15T00:00:00+00:00,2025-09-15,05:30:00,1757894400,147.679,147.692,147.404,147.429,6384,0,0
2025-09-15T04:00:00+00:00,2025-09-15,09:30:00,1757908800,147.431,147.609,147.341,147.468,7696,0,0
2025-09-15T08:00:00+00:00,2025-09-15,13:30:00,1757923200,147.47,147.485,147.249,147.416,8391,0,0
2025-09-15T12:00:00+00:00,2025-09-15,17:30:00,1757937600,147.418,147.472,147.231,147.276,11813,0,0
2025-09-15T16:00:00+00:00,2025-09-15,21:30:00,1757952000,147.275,147.417,147.242,147.389,6903,0,0
2025-09-15T20:00:00+00:00,2025-09-16,01:30:00,1757966400,147.39,147.43,147.225,147.404,3582,0,0
2025-09-16T00:00:00+00:00,2025-09-16,05:30:00,1757980800,147.406,147.54,147.018,147.102,10789,0,0
2025-09-16T04:00:00+00:00,2025-09-16,09:30:00,1757995200,147.102,147.131,146.691,146.89,12974,0,0
2025-09-16T08:00:00+00:00,2025-09-16,13:30:00,1758009600,146.892,147.117,146.869,146.958,12756,0,0
2025-09-16T12:00:00+00:00,2025-09-16,17:30:00,1758024000,146.958,147.264,146.503,146.561,20844,0,0
2025-09-16T16:00:00+00:00,2025-09-16,21:30:00,1758038400,146.56,146.566,146.278,146.496,9183,0,0
2025-09-16T20:00:00+00:00,2025-09-17,01:30:00,1758052800,146.485,146.518,146.313,146.413,4288,0,0
2025-09-17T00:00:00+00:00,2025-09-17,05:30:00,1758067200,146.411,146.607,146.208,146.534,11405,0,0
2025-09-17T04:00:00+00:00,2025-09-17,09:30:00,1758081600,146.534,146.681,146.372,146.666,8652,0,0
2025-09-17T08:00:00+00:00,2025-09-17,13:30:00,1758096000,146.667,146.685,146.204,146.341,10243,0,0
2025-09-17T12:00:00+00:00,2025-09-17,17:30:00,1758110400,146.34,146.477,146.209,146.362,12471,0,0
2025-09-17T16:00:00+00:00,2025-09-17,21:30:00,1758124800,146.364,146.858,145.482,146.781,45987,0,0
2025-09-17T20:00:00+00:00,2025-09-18,01:30:00,1758139200,146.779,147.046,146.75,146.886,6818,0,0
2025-09-18T00:00:00+00:00,2025-09-18,05:30:00,1758153600,146.886,147.148,146.846,147.054,12878,0,0
2025-09-18T04:00:00+00:00,2025-09-18,09:30:00,1758168000,147.054,147.536,147.03,147.116,13860,0,0
2025-09-18T08:00:00+00:00,2025-09-18,13:30:00,1758182400,147.116,147.49,147.1,147.385,16054,0,0
2025-09-18T12:00:00+00:00,2025-09-18,17:30:00,1758196800,147.386,148.269,147.368,148.024,25402,0,0
2025-09-18T16:00:00+00:00,2025-09-18,21:30:00,1758211200,148.022,148.044,147.806,147.952,9137,0,0
2025-09-18T20:00:00+00:00,2025-09-19,01:30:00,1758225600,147.943,148.014,147.874,147.964,3725,0,0
2025-09-19T00:00:00+00:00,2025-09-19,05:30:00,1758240000,147.964,148.115,147.377,147.628,16178,0,0
2025-09-19T04:00:00+00:00,2025-09-19,09:30:00,1758254400,147.629,147.988,147.197,147.938,27178,0,0
2025-09-19T08:00:00+00:00,2025-09-19,13:30:00,1758268800,147.934,148.199,147.753,148.166,12330,0,0
2025-09-19T12:00:00+00:00,2025-09-19,17:30:00,1758283200,148.167,148.287,147.79,147.837,18664,0,0
2025-09-19T16:00:00+00:00,2025-09-19,21:30:00,1758297600,147.838,147.996,147.796,147.944,6328,0,0
2025-09-19T20:00:00+00:00,2025-09-20,01:30:00,1758312000,147.944,147.995,147.935,147.965,1475,0,0
2025-09-21T20:00:00+00:00,2025-09-22,01:30:00,1758484800,147.896,148.114,147.868,148.102,2934,0,0
2025-09-22T00:00:00+00:00,2025-09-22,05:30:00,1758499200,148.106,148.379,148.089,148.339,9824,0,0
2025-09-22T04:00:00+00:00,2025-09-22,09:30:00,1758513600,148.338,148.374,147.895,148.116,9975,0,0
2025-09-22T08:00:00+00:00,2025-09-22,13:30:00,1758528000,148.118,148.131,147.743,147.843,11115,0,0
2025-09-22T12:00:00+00:00,2025-09-22,17:30:00,1758542400,147.841,147.986,147.73,147.842,15135,0,0
2025-09-22T16:00:00+00:00,2025-09-22,21:30:00,1758556800,147.842,147.887,147.658,147.739,7087,0,0
2025-09-22T20:00:00+00:00,2025-09-23,01:30:00,1758571200,147.728,147.782,147.667,147.734,2977,0,0
2025-09-23T00:00:00+00:00,2025-09-23,05:30:00,1758585600,147.734,147.867,147.601,147.763,7386,0,0
2025-09-23T04:00:00+00:00,2025-09-23,09:30:00,1758600000,147.763,147.844,147.639,147.731,9104,0,0
2025-09-23T08:00:00+00:00,2025-09-23,13:30:00,1758614400,147.729,147.797,147.507,147.765,10177,0,0
2025-09-23T12:00:00+00:00,2025-09-23,17:30:00,1758628800,147.763,147.93,147.617,147.841,15907,0,0
2025-09-23T16:00:00+00:00,2025-09-23,21:30:00,1758643200,147.839,147.929,147.461,147.634,12948,0,0
2025-09-23T20:00:00+00:00,2025-09-24,01:30:00,1758657600,147.617,147.674,147.563,147.603,3871,0,0
2025-09-24T00:00:00+00:00,2025-09-24,05:30:00,1758672000,147.601,147.878,147.518,147.873,9691,0,0
2025-09-24T04:00:00+00:00,2025-09-24,09:30:00,1758686400,147.873,148.108,147.821,148.045,8753,0,0
2025-09-24T08:00:00+00:00,2025-09-24,13:30:00,1758700800,148.044,148.52,148.016,148.501,9715,0,0
2025-09-24T12:00:00+00:00,2025-09-24,17:30:00,1758715200,148.501,148.783,148.432,148.712,14433,0,0
2025-09-24T16:00:00+00:00,2025-09-24,21:30:00,1758729600,148.711,148.89,148.686,148.862,6814,0,0
2025-09-24T20:00:00+00:00,2025-09-25,01:30:00,1758744000,148.857,148.906,148.655,148.784,3648,0,0
2025-09-25T00:00:00+00:00,2025-09-25,05:30:00,1758758400,148.785,148.862,148.561,148.672,9254,0,0
2025-09-25T04:00:00+00:00,2025-09-25,09:30:00,1758772800,148.672,148.865,148.599,148.823,9260,0,0
2025-09-25T08:00:00+00:00,2025-09-25,13:30:00,1758787200,148.824,148.896,148.665,148.839,9079,0,0
2025-09-25T12:00:00+00:00,2025-09-25,17:30:00,1758801600,148.841,149.844,148.803,149.786,22216,0,0
2025-09-25T16:00:00+00:00,2025-09-25,21:30:00,1758816000,149.789,149.931,149.709,149.774,11109,0,0
2025-09-25T20:00:00+00:00,2025-09-26,01:30:00,1758830400,149.775,149.956,149.716,149.875,5167,0,0
2025-09-26T00:00:00+00:00,2025-09-26,05:30:00,1758844800,149.877,149.945,149.632,149.704,9712,0,0
2025-09-26T04:00:00+00:00,2025-09-26,09:30:00,1758859200,149.704,149.887,149.617,149.849,8819,0,0
2025-09-26T08:00:00+00:00,2025-09-26,13:30:00,1758873600,149.85,149.954,149.65,149.789,8756,0,0
2025-09-26T12:00:00+00:00,2025-09-26,17:30:00,1758888000,149.789,149.842,149.423,149.522,18871,0,0
2025-09-26T16:00:00+00:00,2025-09-26,21:30:00,1758902400,149.523,149.599,149.407,149.509,7738,0,0
2025-09-26T20:00:00+00:00,2025-09-27,01:30:00,1758916800,149.505,149.55,149.477,149.513,984,0,0
2025-09-28T20:00:00+00:00,2025-09-29,01:30:00,1759089600,149.514,149.523,149.341,149.417,3220,0,0
2025-09-29T00:00:00+00:00,2025-09-29,05:30:00,1759104000,149.415,149.423,148.884,148.938,10206,0,0
2025-09-29T04:00:00+00:00,2025-09-29,09:30:00,1759118400,148.936,148.982,148.521,148.576,11512,0,0
2025-09-29T08:00:00+00:00,2025-09-29,13:30:00,1759132800,148.574,148.799,148.47,148.632,9699,0,0
2025-09-29T12:00:00+00:00,2025-09-29,17:30:00,1759147200,148.632,148.816,148.479,148.571,14546,0,0
2025-09-29T16:00:00+00:00,2025-09-29,21:30:00,1759161600,148.571,148.675,148.546,148.628,6380,0,0
2025-09-29T20:00:00+00:00,2025-09-30,01:30:00,1759176000,148.629,148.691,148.505,148.621,3710,0,0
2025-09-30T00:00:00+00:00,2025-09-30,05:30:00,1759190400,148.621,148.846,148.514,148.518,11343,0,0
2025-09-30T04:00:00+00:00,2025-09-30,09:30:00,1759204800,148.516,148.595,147.943,148.053,13113,0,0
2025-09-30T08:00:00+00:00,2025-09-30,13:30:00,1759219200,148.052,148.103,147.831,147.973,11383,0,0
2025-09-30T12:00:00+00:00,2025-09-30,17:30:00,1759233600,147.969,148.063,147.655,147.968,18547,0,0
2025-09-30T16:00:00+00:00,2025-09-30,21:30:00,1759248000,147.968,147.969,147.651,147.865,9793,0,0
2025-09-30T20:00:00+00:00,2025-10-01,01:30:00,1759262400,147.864,148.029,147.702,148.026,4275,0,0
2025-10-01T00:00:00+00:00,2025-10-01,05:30:00,1759276800,148.025,148.226,147.868,147.928,9939,0,0
2025-10-01T04:00:00+00:00,2025-10-01,09:30:00,1759291200,147.928,147.959,147.021,147.128,16724,0,0
2025-10-01T08:00:00+00:00,2025-10-01,13:30:00,1759305600,147.126,147.264,146.898,147.006,14845,0,0
2025-10-01T12:00:00+00:00,2025-10-01,17:30:00,1759320000,147.003,147.213,146.59,147.149,34059,0,0
2025-10-01T16:00:00+00:00,2025-10-01,21:30:00,1759334400,147.153,147.256,147.022,147.098,9860,0,0
2025-10-01T20:00:00+00:00,2025-10-02,01:30:00,1759348800,147.097,147.164,146.902,147.11,3100,0,0
2025-10-02T00:00:00+00:00,2025-10-02,05:30:00,1759363200,147.113,147.326,146.94,147.087,10168,0,0
2025-10-02T04:00:00+00:00,2025-10-02,09:30:00,1759377600,147.088,147.386,146.896,147.082,14522,0,0
2025-10-02T08:00:00+00:00,2025-10-02,13:30:00,1759392000,147.08,147.082,146.6,146.799,13172,0,0
2025-10-02T12:00:00+00:00,2025-10-02,17:30:00,1759406400,146.798,147.516,146.746,147.353,17975,0,0
2025-10-02T16:00:00+00:00,2025-10-02,21:30:00,1759420800,147.355,147.369,147.129,147.237,6774,0,0
2025-10-02T20:00:00+00:00,2025-10-03,01:30:00,1759435200,147.229,147.29,147.094,147.157,3413,0,0
2025-10-03T00:00:00+00:00,2025-10-03,05:30:00,1759449600,147.156,147.768,147.156,147.629,13143,0,0
2025-10-03T04:00:00+00:00,2025-10-03,09:30:00,1759464000,147.629,147.819,147.411,147.412,11471,0,0
2025-10-03T08:00:00+00:00,2025-10-03,13:30:00,1759478400,147.414,147.443,147.221,147.278,8925,0,0
2025-10-03T12:00:00+00:00,2025-10-03,17:30:00,1759492800,147.277,147.521,147.081,147.339,19109,0,0
2025-10-03T16:00:00+00:00,2025-10-03,21:30:00,1759507200,147.34,147.547,147.329,147.459,7118,0,0
2025-10-03T20:00:00+00:00,2025-10-04,01:30:00,1759521600,147.464,147.506,147.384,147.488,1038,0,0
2025-10-05T20:00:00+00:00,2025-10-06,01:30:00,1759694400,149.177,149.661,149.039,149.585,11168,0,0
2025-10-06T00:00:00+00:00,2025-10-06,05:30:00,1759708800,149.582,150.107,149.454,150.064,20242,0,0
2025-10-06T04:00:00+00:00,2025-10-06,09:30:00,1759723200,150.064,150.437,149.852,150.031,21817,0,0
2025-10-06T08:00:00+00:00,2025-10-06,13:30:00,1759737600,150.03,150.48,149.997,150.372,14535,0,0
2025-10-06T12:00:00+00:00,2025-10-06,17:30:00,1759752000,150.375,150.391,149.753,150.026,26511,0,0
2025-10-06T16:00:00+00:00,2025-10-06,21:30:00,1759766400,150.023,150.337,149.955,150.323,7039,0,0
2025-10-06T20:00:00+00:00,2025-10-07,01:30:00,1759780800,150.324,150.398,150.192,150.366,4808,0,0
2025-10-07T00:00:00+00:00,2025-10-07,05:30:00,1759795200,150.363,150.621,150.342,150.364,10595,0,0
2025-10-07T04:00:00+00:00,2025-10-07,09:30:00,1759809600,150.365,150.714,150.249,150.622,11098,0,0
2025-10-07T08:00:00+00:00,2025-10-07,13:30:00,1759824000,150.625,150.952,150.527,150.897,9073,0,0
2025-10-07T12:00:00+00:00,2025-10-07,17:30:00,1759838400,150.9,151.207,150.735,151.176,16626,0,0
2025-10-07T16:00:00+00:00,2025-10-07,21:30:00,1759852800,151.177,151.955,151.099,151.907,12372,0,0
2025-10-07T20:00:00+00:00,2025-10-08,01:30:00,1759867200,151.906,152.096,151.743,152.058,6408,0,0
2025-10-08T00:00:00+00:00,2025-10-08,05:30:00,1759881600,152.06,152.649,152.057,152.415,15903,0,0
2025-10-08T04:00:00+00:00,2025-10-08,09:30:00,1759896000,152.414,152.556,152.253,152.546,14932,0,0
2025-10-08T08:00:00+00:00,2025-10-08,13:30:00,1759910400,152.547,153.0,152.375,152.694,16501,0,0
2025-10-08T12:00:00+00:00,2025-10-08,17:30:00,1759924800,152.692,152.792,152.374,152.721,16907,0,0
2025-10-08T16:00:00+00:00,2025-10-08,21:30:00,1759939200,152.72,152.946,152.641,152.706,9402,0,0
2025-10-08T20:00:00+00:00,2025-10-09,01:30:00,1759953600,152.704,152.735,152.466,152.713,6048,0,0
2025-10-09T00:00:00+00:00,2025-10-09,05:30:00,1759968000,152.715,152.768,152.408,152.513,14364,0,0
2025-10-09T04:00:00+00:00,2025-10-09,09:30:00,1759982400,152.513,153.221,152.448,153.069,14169,0,0
2025-10-09T08:00:00+00:00,2025-10-09,13:30:00,1759996800,153.066,153.142,152.471,152.798,17694,0,0
2025-10-09T12:00:00+00:00,2025-10-09,17:30:00,1760011200,152.796,153.236,152.108,153.051,33782,0,0
2025-10-09T16:00:00+00:00,2025-10-09,21:30:00,1760025600,153.054,153.213,152.909,153.07,13184,0,0
2025-10-09T20:00:00+00:00,2025-10-10,01:30:00,1760040000,153.071,153.277,152.893,153.03,5624,0,0
2025-10-10T00:00:00+00:00,2025-10-10,05:30:00,1760054400,153.027,153.164,152.648,152.669,12991,0,0
2025-10-10T04:00:00+00:00,2025-10-10,09:30:00,1760068800,152.668,152.953,152.381,152.848,21528,0,0
2025-10-10T08:00:00+00:00,2025-10-10,13:30:00,1760083200,152.849,152.938,152.546,152.634,13084,0,0
2025-10-10T12:00:00+00:00,2025-10-10,17:30:00,1760097600,152.635,152.714,151.505,151.947,29561,0,0
2025-10-10T16:00:00+00:00,2025-10-10,21:30:00,1760112000,151.946,152.189,151.532,151.593,20016,0,0
2025-10-10T20:00:00+00:00,2025-10-11,01:30:00,1760126400,151.594,151.725,151.164,151.179,2140,0,0
2025-10-12T20:00:00+00:00,2025-10-13,01:30:00,1760299200,151.766,152.267,151.737,152.071,11642,0,0
2025-10-13T00:00:00+00:00,2025-10-13,05:30:00,1760313600,152.073,152.079,151.801,151.933,15204,0,0
2025-10-13T04:00:00+00:00,2025-10-13,09:30:00,1760328000,151.932,152.379,151.721,152.3,13897,0,0
2025-10-13T08:00:00+00:00,2025-10-13,13:30:00,1760342400,152.302,152.454,151.979,152.107,12655,0,0
2025-10-13T12:00:00+00:00,2025-10-13,17:30:00,1760356800,152.107,152.451,152.052,152.262,13636,0,0
2025-10-13T16:00:00+00:00,2025-10-13,21:30:00,1760371200,152.26,152.351,152.196,152.327,6230,0,0
2025-10-13T20:00:00+00:00,2025-10-14,01:30:00,1760385600,152.321,152.465,152.138,152.46,4756,0,0
2025-10-14T00:00:00+00:00,2025-10-14,05:30:00,1760400000,152.462,152.616,152.05,152.15,12854,0,0
2025-10-14T04:00:00+00:00,2025-10-14,09:30:00,1760414400,152.149,152.151,151.62,151.958,22977,0,0
2025-10-14T08:00:00+00:00,2025-10-14,13:30:00,1760428800,151.96,152.154,151.913,152.093,14605,0,0
2025-10-14T12:00:00+00:00,2025-10-14,17:30:00,1760443200,152.092,152.167,151.744,151.784,23726,0,0
2025-10-14T16:00:00+00:00,2025-10-14,21:30:00,1760457600,151.784,151.92,151.606,151.685,14439,0,0
2025-10-14T20:00:00+00:00,2025-10-15,01:30:00,1760472000,151.686,151.875,151.686,151.705,5037,0,0
2025-10-15T00:00:00+00:00,2025-10-15,05:30:00,1760486400,151.708,151.836,151.004,151.137,15265,0,0
2025-10-15T04:00:00+00:00,2025-10-15,09:30:00,1760500800,151.137,151.301,150.9,151.247,12174,0,0
2025-10-15T08:00:00+00:00,2025-10-15,13:30:00,1760515200,151.249,151.513,151.125,151.501,12859,0,0
2025-10-15T12:00:00+00:00,2025-10-15,17:30:00,1760529600,151.499,151.741,151.04,151.22,19769,0,0
2025-10-15T16:00:00+00:00,2025-10-15,21:30:00,1760544000,151.223,151.393,151.068,151.256,11833,0,0
2025-10-15T20:00:00+00:00,2025-10-16,01:30:00,1760558400,151.252,151.273,150.753,150.99,5837,0,0
2025-10-16T00:00:00+00:00,2025-10-16,05:30:00,1760572800,150.992,151.093,150.512,150.872,16590,0,0
2025-10-16T04:00:00+00:00,2025-10-16,09:30:00,1760587200,150.872,151.385,150.866,151.243,15432,0,0
2025-10-16T08:00:00+00:00,2025-10-16,13:30:00,1760601600,151.245,151.401,151.059,151.242,12420,0,0
2025-10-16T12:00:00+00:00,2025-10-16,17:30:00,1760616000,151.242,151.289,150.723,150.755,20964,0,0
2025-10-16T16:00:00+00:00,2025-10-16,21:30:00,1760630400,150.754,150.797,150.211,150.401,25568,0,0
2025-10-16T20:00:00+00:00,2025-10-17,01:30:00,1760644800,150.394,150.448,150.051,150.152,6514,0,0
2025-10-17T00:00:00+00:00,2025-10-17,05:30:00,1760659200,150.15,150.389,149.894,150.013,15753,0,0
2025-10-17T04:00:00+00:00,2025-10-17,09:30:00,1760673600,150.013,150.142,149.375,149.704,25640,0,0
2025-10-17T08:00:00+00:00,2025-10-17,13:30:00,1760688000,149.706,150.333,149.584,150.237,27177,0,0
2025-10-17T12:00:00+00:00,2025-10-17,17:30:00,1760702400,150.234,150.594,150.16,150.339,26686,0,0
2025-10-17T16:00:00+00:00,2025-10-17,21:30:00,1760716800,150.34,150.535,150.339,150.483,11985,0,0
2025-10-17T20:00:00+00:00,2025-10-18,01:30:00,1760731200,150.485,150.634,150.475,150.63,1510,0,0
2025-10-19T20:00:00+00:00,2025-10-20,01:30:00,1760904000,150.444,150.969,150.335,150.919,6772,0,0
2025-10-20T00:00:00+00:00,2025-10-20,05:30:00,1760918400,150.919,151.204,150.657,150.725,13674,0,0
2025-10-20T04:00:00+00:00,2025-10-20,09:30:00,1760932800,150.724,150.832,150.499,150.745,12746,0,0
2025-10-20T08:00:00+00:00,2025-10-20,13:30:00,1760947200,150.743,150.858,150.276,150.704,14547,0,0
2025-10-20T12:00:00+00:00,2025-10-20,17:30:00,1760961600,150.704,150.856,150.41,150.592,16401,0,0
2025-10-20T16:00:00+00:00,2025-10-20,21:30:00,1760976000,150.594,150.83,150.53,150.698,7357,0,0
2025-10-20T20:00:00+00:00,2025-10-21,01:30:00,1760990400,150.698,150.825,150.637,150.824,3828,0,0
2025-10-21T00:00:00+00:00,2025-10-21,05:30:00,1761004800,150.826,151.153,150.47,151.048,15163,0,0
2025-10-21T04:00:00+00:00,2025-10-21,09:30:00,1761019200,151.045,151.609,150.864,151.157,23244,0,0
2025-10-21T08:00:00+00:00,2025-10-21,13:30:00,1761033600,151.159,152.051,151.063,151.951,18789,0,0
2025-10-21T12:00:00+00:00,2025-10-21,17:30:00,1761048000,151.95,152.176,151.457,151.729,25307,0,0
2025-10-21T16:00:00+00:00,2025-10-21,21:30:00,1761062400,151.727,151.974,151.655,151.915,9501,0,0
2025-10-21T20:00:00+00:00,2025-10-22,01:30:00,1761076800,151.915,151.959,151.859,151.881,3223,0,0
2025-10-22T00:00:00+00:00,2025-10-22,05:30:00,1761091200,151.878,151.878,151.49,151.796,11885,0,0
2025-10-22T04:00:00+00:00,2025-10-22,09:30:00,1761105600,151.796,151.953,151.62,151.828,11473,0,0
2025-10-22T08:00:00+00:00,2025-10-22,13:30:00,1761120000,151.831,151.914,151.63,151.79,13017,0,0
2025-10-22T12:00:00+00:00,2025-10-22,17:30:00,1761134400,151.789,152.048,151.753,151.795,17886,0,0
2025-10-22T16:00:00+00:00,2025-10-22,21:30:00,1761148800,151.793,152.008,151.505,151.982,15324,0,0
2025-10-22T20:00:00+00:00,2025-10-23,01:30:00,1761163200,151.981,152.012,151.791,151.988,3872,0,0
2025-10-23T00:00:00+00:00,2025-10-23,05:30:00,1761177600,151.988,152.504,151.972,152.473,9624,0,0
2025-10-23T04:00:00+00:00,2025-10-23,09:30:00,1761192000,152.473,152.649,152.319,152.497,10281,0,0
2025-10-23T08:00:00+00:00,2025-10-23,13:30:00,1761206400,152.498,152.794,152.454,152.673,9278,0,0
2025-10-23T12:00:00+00:00,2025-10-23,17:30:00,1761220800,152.671,152.766,152.459,152.728,14583,0,0
2025-10-23T16:00:00+00:00,2025-10-23,21:30:00,1761235200,152.725,152.8,152.495,152.564,7111,0,0
2025-10-23T20:00:00+00:00,2025-10-24,01:30:00,1761249600,152.56,152.676,152.504,152.611,3396,0,0
2025-10-24T00:00:00+00:00,2025-10-24,05:30:00,1761264000,152.614,152.918,152.475,152.772,9639,0,0
2025-10-24T04:00:00+00:00,2025-10-24,09:30:00,1761278400,152.775,153.065,152.755,152.833,9976,0,0
2025-10-24T08:00:00+00:00,2025-10-24,13:30:00,1761292800,152.831,153.02,152.812,152.936,8342,0,0
2025-10-24T12:00:00+00:00,2025-10-24,17:30:00,1761307200,152.934,153.024,152.27,152.822,22776,0,0
2025-10-24T16:00:00+00:00,2025-10-24,21:30:00,1761321600,152.822,152.898,152.751,152.83,6001,0,0
2025-10-24T20:00:00+00:00,2025-10-25,01:30:00,1761336000,152.827,152.894,152.759,152.882,1229,0,0
2025-10-26T20:00:00+00:00,2025-10-27,01:30:00,1761508800,152.812,153.18,152.796,153.073,5490,0,0
2025-10-27T00:00:00+00:00,2025-10-27,05:30:00,1761523200,153.075,153.155,152.656,153.047,10497,0,0
2025-10-27T04:00:00+00:00,2025-10-27,09:30:00,1761537600,153.048,153.26,152.836,153.019,9870,0,0
2025-10-27T08:00:00+00:00,2025-10-27,13:30:00,1761552000,153.018,153.078,152.596,152.64,12039,0,0
2025-10-27T12:00:00+00:00,2025-10-27,17:30:00,1761566400,152.638,153.199,152.567,153.087,13373,0,0
2025-10-27T16:00:00+00:00,2025-10-27,21:30:00,1761580800,153.088,153.094,152.761,152.908,7035,0,0
2025-10-27T20:00:00+00:00,2025-10-28,01:30:00,1761595200,152.903,152.911,152.634,152.697,3227,0,0
2025-10-28T00:00:00+00:00,2025-10-28,05:30:00,1761609600,152.698,152.737,152.166,152.276,11803,0,0
2025-10-28T04:00:00+00:00,2025-10-28,09:30:00,1761624000,152.276,152.356,151.761,152.143,15920,0,0
2025-10-28T08:00:00+00:00,2025-10-28,13:30:00,1761638400,152.145,152.165,151.826,152.037,13767,0,0
2025-10-28T12:00:00+00:00,2025-10-28,17:30:00,1761652800,152.036,152.376,151.853,152.145,15471,0,0
2025-10-28T16:00:00+00:00,2025-10-28,21:30:00,1761667200,152.144,152.311,151.948,152.058,10377,0,0
2025-10-28T20:00:00+00:00,2025-10-29,01:30:00,1761681600,152.051,152.198,151.723,151.739,4349,0,0
2025-10-29T00:00:00+00:00,2025-10-29,05:30:00,1761696000,151.741,152.146,151.536,152.055,17511,0,0
2025-10-29T04:00:00+00:00,2025-10-29,09:30:00,1761710400,152.056,152.546,151.96,152.063,11296,0,0
2025-10-29T08:00:00+00:00,2025-10-29,13:30:00,1761724800,152.065,152.469,152.049,152.243,10513,0,0
2025-10-29T12:00:00+00:00,2025-10-29,17:30:00,1761739200,152.241,152.3,151.863,151.914,14130,0,0
2025-10-29T16:00:00+00:00,2025-10-29,21:30:00,1761753600,151.913,153.061,151.897,152.819,34279,0,0
2025-10-29T20:00:00+00:00,2025-10-30,01:30:00,1761768000,152.818,152.876,152.522,152.727,5649,0,0
2025-10-30T00:00:00+00:00,2025-10-30,05:30:00,1761782400,152.729,153.139,152.162,152.966,23199,0,0
2025-10-30T04:00:00+00:00,2025-10-30,09:30:00,1761796800,152.966,153.551,152.563,153.405,27519,0,0
2025-10-30T08:00:00+00:00,2025-10-30,13:30:00,1761811200,153.405,154.176,153.405,154.12,15085,0,0
2025-10-30T12:00:00+00:00,2025-10-30,17:30:00,1761825600,154.117,154.448,154.044,154.174,19993,0,0
2025-10-30T16:00:00+00:00,2025-10-30,21:30:00,1761840000,154.176,154.234,154.022,154.077,8945,0,0
2025-10-30T20:00:00+00:00,2025-10-31,01:30:00,1761854400,154.064,154.17,153.844,153.91,4485,0,0
2025-10-31T00:00:00+00:00,2025-10-31,05:30:00,1761868800,153.908,154.069,153.654,154.039,12227,0,0
2025-10-31T04:00:00+00:00,2025-10-31,09:30:00,1761883200,154.038,154.396,153.832,154.312,12108,0,0
2025-10-31T08:00:00+00:00,2025-10-31,13:30:00,1761897600,154.313,154.419,154.053,154.106,10777,0,0
2025-10-31T12:00:00+00:00,2025-10-31,17:30:00,1761912000,154.103,154.255,153.893,154.038,17626,0,0
2025-10-31T16:00:00+00:00,2025-10-31,21:30:00,1761926400,154.042,154.181,153.968,154.111,9048,0,0
2025-10-31T20:00:00+00:00,2025-11-01,01:30:00,1761940800,154.113,154.122,153.993,154.013,1226,0,0
2025-11-02T20:00:00+00:00,2025-11-03,01:30:00,1762113600,154.087,154.255,154.023,154.198,3511,0,0
2025-11-03T00:00:00+00:00,2025-11-03,05:30:00,1762128000,154.201,154.217,154.034,154.068,5639,0,0
2025-11-03T04:00:00+00:00,2025-11-03,09:30:00,1762142400,154.068,154.288,153.992,154.114,6047,0,0
2025-11-03T08:00:00+00:00,2025-11-03,13:30:00,1762156800,154.111,154.21,154.052,154.151,7730,0,0
2025-11-03T12:00:00+00:00,2025-11-03,17:30:00,1762171200,154.152,154.301,153.917,154.1,11339,0,0
2025-11-03T16:00:00+00:00,2025-11-03,21:30:00,1762185600,154.101,154.253,154.061,154.191,7647,0,0
2025-11-03T20:00:00+00:00,2025-11-04,01:30:00,1762200000,154.194,154.252,154.165,154.213,3034,0,0
2025-11-04T00:00:00+00:00,2025-11-04,05:30:00,1762214400,154.213,154.485,154.053,154.087,10622,0,0
2025-11-04T04:00:00+00:00,2025-11-04,09:30:00,1762228800,154.087,154.103,153.331,153.582,13193,0,0
2025-11-04T08:00:00+00:00,2025-11-04,13:30:00,1762243200,153.584,153.757,153.318,153.576,14173,0,0
2025-11-04T12:00:00+00:00,2025-11-04,17:30:00,1762257600,153.572,153.629,153.316,153.384,13952,0,0
2025-11-04T16:00:00+00:00,2025-11-04,21:30:00,1762272000,153.387,153.664,153.34,153.635,8440,0,0
2025-11-04T20:00:00+00:00,2025-11-05,01:30:00,1762286400,153.623,153.696,153.512,153.551,3826,0,0
2025-11-05T00:00:00+00:00,2025-11-05,05:30:00,1762300800,153.549,153.749,152.96,153.512,18899,0,0
2025-11-05T04:00:00+00:00,2025-11-05,09:30:00,1762315200,153.51,153.745,153.393,153.559,11183,0,0
2025-11-05T08:00:00+00:00,2025-11-05,13:30:00,1762329600,153.558,153.85,153.418,153.62,10753,0,0
2025-11-05T12:00:00+00:00,2025-11-05,17:30:00,1762344000,153.622,154.314,153.567,154.306,15124,0,0
2025-11-05T16:00:00+00:00,2025-11-05,21:30:00,1762358400,154.308,154.358,154.006,154.111,7838,0,0
2025-11-05T20:00:00+00:00,2025-11-06,01:30:00,1762372800,154.109,154.136,153.963,154.09,3408,0,0
2025-11-06T00:00:00+00:00,2025-11-06,05:30:00,1762387200,154.09,154.144,153.793,153.871,9170,0,0
2025-11-06T04:00:00+00:00,2025-11-06,09:30:00,1762401600,153.871,154.029,153.773,153.868,7183,0,0
2025-11-06T08:00:00+00:00,2025-11-06,13:30:00,1762416000,153.871,153.871,153.533,153.648,8591,0,0
2025-11-06T12:00:00+00:00,2025-11-06,17:30:00,1762430400,153.649,153.743,153.045,153.045,14393,0,0
2025-11-06T16:00:00+00:00,2025-11-06,21:30:00,1762444800,153.046,153.172,152.831,153.145,12822,0,0
2025-11-06T20:00:00+00:00,2025-11-07,01:30:00,1762459200,153.145,153.147,152.817,152.954,4892,0,0
2025-11-07T00:00:00+00:00,2025-11-07,05:30:00,1762473600,152.954,153.308,152.862,153.06,13030,0,0
2025-11-07T04:00:00+00:00,2025-11-07,09:30:00,1762488000,153.061,153.541,153.016,153.39,8552,0,0
2025-11-07T08:00:00+00:00,2025-11-07,13:30:00,1762502400,153.39,153.524,153.011,153.131,11017,0,0
2025-11-07T12:00:00+00:00,2025-11-07,17:30:00,1762516800,153.131,153.477,153.007,153.137,18666,0,0
2025-11-07T16:00:00+00:00,2025-11-07,21:30:00,1762531200,153.138,153.584,153.014,153.558,12364,0,0
2025-11-07T20:00:00+00:00,2025-11-08,01:30:00,1762545600,153.56,153.596,153.363,153.423,4584,0,0
2025-11-09T20:00:00+00:00,2025-11-10,01:30:00,1762718400,153.674,153.867,153.542,153.828,3193,0,0
2025-11-10T00:00:00+00:00,2025-11-10,05:30:00,1762732800,153.827,154.03,153.405,153.936,13805,0,0
2025-11-10T04:00:00+00:00,2025-11-10,09:30:00,1762747200,153.936,154.159,153.789,154.047,9327,0,0
2025-11-10T08:00:00+00:00,2025-11-10,13:30:00,1762761600,154.049,154.252,153.95,154.131,10274,0,0
2025-11-10T12:00:00+00:00,2025-11-10,17:30:00,1762776000,154.129,154.169,153.983,154.029,11037,0,0
2025-11-10T16:00:00+00:00,2025-11-10,21:30:00,1762790400,154.027,154.077,153.893,154.052,8805,0,0
2025-11-10T20:00:00+00:00,2025-11-11,01:30:00,1762804800,154.054,154.169,154.0,154.152,4416,0,0
2025-11-11T00:00:00+00:00,2025-11-11,05:30:00,1762819200,154.149,154.5,154.105,154.268,10060,0,0
2025-11-11T04:00:00+00:00,2025-11-11,09:30:00,1762833600,154.266,154.355,154.089,154.194,7590,0,0
2025-11-11T08:00:00+00:00,2025-11-11,13:30:00,1762848000,154.191,154.452,154.168,154.255,7748,0,0
2025-11-11T12:00:00+00:00,2025-11-11,17:30:00,1762862400,154.255,154.27,153.666,153.972,14876,0,0
2025-11-11T16:00:00+00:00,2025-11-11,21:30:00,1762876800,153.969,154.148,153.945,154.12,6722,0,0
2025-11-11T20:00:00+00:00,2025-11-12,01:30:00,1762891200,154.12,154.178,154.05,154.083,3896,0,0
2025-11-12T00:00:00+00:00,2025-11-12,05:30:00,1762905600,154.08,154.416,154.049,154.344,9305,0,0
2025-11-12T04:00:00+00:00,2025-11-12,09:30:00,1762920000,154.345,154.796,154.342,154.622,11641,0,0
2025-11-12T08:00:00+00:00,2025-11-12,13:30:00,1762934400,154.62,154.908,154.62,154.805,10576,0,0
2025-11-12T12:00:00+00:00,2025-11-12,17:30:00,1762948800,154.805,155.049,154.706,154.743,13481,0,0
2025-11-12T16:00:00+00:00,2025-11-12,21:30:00,1762963200,154.741,154.776,154.499,154.719,8642,0,0
2025-11-12T20:00:00+00:00,2025-11-13,01:30:00,1762977600,154.717,154.861,154.647,154.71,4176,0,0
2025-11-13T00:00:00+00:00,2025-11-13,05:30:00,1762992000,154.707,155.02,154.624,154.736,10998,0,0
2025-11-13T04:00:00+00:00,2025-11-13,09:30:00,1763006400,154.736,155.008,154.645,154.716,8371,0,0
2025-11-13T08:00:00+00:00,2025-11-13,13:30:00,1763020800,154.718,154.777,154.324,154.741,12400,0,0
2025-11-13T12:00:00+00:00,2025-11-13,17:30:00,1763035200,154.742,154.756,154.129,154.202,14868,0,0
2025-11-13T16:00:00+00:00,2025-11-13,21:30:00,1763049600,154.2,154.489,154.159,154.471,15127,0,0
2025-11-13T20:00:00+00:00,2025-11-14,01:30:00,1763064000,154.472,154.685,154.451,154.633,5447,0,0
2025-11-14T00:00:00+00:00,2025-11-14,05:30:00,1763078400,154.632,154.743,154.31,154.544,11985,0,0
2025-11-14T04:00:00+00:00,2025-11-14,09:30:00,1763092800,154.543,154.689,154.369,154.681,9858,0,0
2025-11-14T08:00:00+00:00,2025-11-14,13:30:00,1763107200,154.683,154.766,154.455,154.659,11870,0,0
2025-11-14T12:00:00+00:00,2025-11-14,17:30:00,1763121600,154.658,154.663,153.618,154.428,31046,0,0
2025-11-14T16:00:00+00:00,2025-11-14,21:30:00,1763136000,154.431,154.746,154.35,154.56,11689,0,0
2025-11-14T20:00:00+00:00,2025-11-15,01:30:00,1763150400,154.56,154.601,154.501,154.536,2585,0,0
2025-11-16T20:00:00+00:00,2025-11-17,01:30:00,1763323200,154.549,154.633,154.45,154.598,2049,0,0
2025-11-17T00:00:00+00:00,2025-11-17,05:30:00,1763337600,154.594,154.788,154.417,154.715,10594,0,0
2025-11-17T04:00:00+00:00,2025-11-17,09:30:00,1763352000,154.715,154.817,154.591,154.693,6571,0,0
2025-11-17T08:00:00+00:00,2025-11-17,13:30:00,1763366400,154.693,154.874,154.626,154.795,9060,0,0
2025-11-17T12:00:00+00:00,2025-11-17,17:30:00,1763380800,154.795,155.311,154.738,155.198,11683,0,0
2025-11-17T16:00:00+00:00,2025-11-17,21:30:00,1763395200,155.197,155.255,155.059,155.248,8675,0,0
2025-11-17T20:00:00+00:00,2025-11-18,01:30:00,1763409600,155.247,155.287,155.167,155.28,4664,0,0
2025-11-18T00:00:00+00:00,2025-11-18,05:30:00,1763424000,155.283,155.382,155.112,155.176,10694,0,0
2025-11-18T04:00:00+00:00,2025-11-18,09:30:00,1763438400,155.177,155.222,154.815,155.0,18069,0,0
2025-11-18T08:00:00+00:00,2025-11-18,13:30:00,1763452800,154.997,155.443,154.91,155.43,12556,0,0
2025-11-18T12:00:00+00:00,2025-11-18,17:30:00,1763467200,155.428,155.44,155.051,155.274,19814,0,0
2025-11-18T16:00:00+00:00,2025-11-18,21:30:00,1763481600,155.276,155.736,155.259,155.525,13975,0,0
2025-11-18T20:00:00+00:00,2025-11-19,01:30:00,1763496000,155.528,155.593,155.397,155.534,4501,0,0
2025-11-19T00:00:00+00:00,2025-11-19,05:30:00,1763510400,155.533,155.583,155.214,155.295,14104,0,0
2025-11-19T04:00:00+00:00,2025-11-19,09:30:00,1763524800,155.295,155.532,155.263,155.517,10341,0,0
2025-11-19T08:00:00+00:00,2025-11-19,13:30:00,1763539200,155.515,156.296,155.478,156.11,14879,0,0
2025-11-19T12:00:00+00:00,2025-11-19,17:30:00,1763553600,156.107,156.723,156.04,156.508,15858,0,0
2025-11-19T16:00:00+00:00,2025-11-19,21:30:00,1763568000,156.508,157.044,156.464,157.029,13697,0,0
2025-11-19T20:00:00+00:00,2025-11-20,01:30:00,1763582400,157.03,157.176,156.941,156.997,6077,0,0
2025-11-20T00:00:00+00:00,2025-11-20,05:30:00,1763596800,156.997,157.476,156.881,157.419,17395,0,0
2025-11-20T04:00:00+00:00,2025-11-20,09:30:00,1763611200,157.419,157.783,157.263,157.46,13183,0,0
2025-11-20T08:00:00+00:00,2025-11-20,13:30:00,1763625600,157.462,157.542,157.111,157.511,12752,0,0
2025-11-20T12:00:00+00:00,2025-11-20,17:30:00,1763640000,157.514,157.898,157.23,157.682,27973,0,0
2025-11-20T16:00:00+00:00,2025-11-20,21:30:00,1763654400,157.68,157.698,157.266,157.539,24904,0,0
2025-11-20T20:00:00+00:00,2025-11-21,01:30:00,1763668800,157.54,157.65,157.197,157.387,7679,0,0
2025-11-21T00:00:00+00:00,2025-11-21,05:30:00,1763683200,157.391,157.546,157.207,157.303,15316,0,0
2025-11-21T04:00:00+00:00,2025-11-21,09:30:00,1763697600,157.302,157.309,156.611,156.734,15466,0,0
2025-11-21T08:00:00+00:00,2025-11-21,13:30:00,1763712000,156.738,156.954,156.556,156.854,18976,0,0
2025-11-21T12:00:00+00:00,2025-11-21,17:30:00,1763726400,156.854,156.969,156.204,156.536,30772,0,0
2025-11-21T16:00:00+00:00,2025-11-21,21:30:00,1763740800,156.538,156.757,156.263,156.33,18692,0,0
2025-11-21T20:00:00+00:00,2025-11-22,01:30:00,1763755200,156.333,156.493,156.321,156.406,4065,0,0
2025-11-23T20:00:00+00:00,2025-11-24,01:30:00,1763928000,156.385,156.706,156.356,156.689,2498,0,0
2025-11-24T00:00:00+00:00,2025-11-24,05:30:00,1763942400,156.688,156.802,156.59,156.643,8113,0,0
2025-11-24T04:00:00+00:00,2025-11-24,09:30:00,1763956800,156.644,156.89,156.499,156.843,7220,0,0
2025-11-24T08:00:00+00:00,2025-11-24,13:30:00,1763971200,156.84,156.936,156.647,156.836,11536,0,0
2025-11-24T12:00:00+00:00,2025-11-24,17:30:00,1763985600,156.834,157.188,156.739,156.795,13646,0,0
2025-11-24T16:00:00+00:00,2025-11-24,21:30:00,1764000000,156.799,156.984,156.711,156.741,8758,0,0
2025-11-24T20:00:00+00:00,2025-11-25,01:30:00,1764014400,156.742,156.957,156.731,156.91,4289,0,0
2025-11-25T00:00:00+00:00,2025-11-25,05:30:00,1764028800,156.907,156.985,156.556,156.778,11087,0,0
2025-11-25T04:00:00+00:00,2025-11-25,09:30:00,1764043200,156.778,156.851,156.524,156.619,7720,0,0
2025-11-25T08:00:00+00:00,2025-11-25,13:30:00,1764057600,156.621,156.702,156.144,156.441,11521,0,0
2025-11-25T12:00:00+00:00,2025-11-25,17:30:00,1764072000,156.442,156.514,155.893,156.147,21470,0,0
2025-11-25T16:00:00+00:00,2025-11-25,21:30:00,1764086400,156.15,156.337,155.804,155.829,14678,0,0
2025-11-25T20:00:00+00:00,2025-11-26,01:30:00,1764100800,155.828,156.229,155.82,156.198,5015,0,0
2025-11-26T00:00:00+00:00,2025-11-26,05:30:00,1764115200,156.201,156.375,155.652,155.882,18804,0,0
2025-11-26T04:00:00+00:00,2025-11-26,09:30:00,1764129600,155.882,156.463,155.878,156.384,11997,0,0
2025-11-26T08:00:00+00:00,2025-11-26,13:30:00,1764144000,156.382,156.58,156.317,156.477,13098,0,0
2025-11-26T12:00:00+00:00,2025-11-26,17:30:00,1764158400,156.479,156.737,156.333,156.417,18040,0,0
2025-11-26T16:00:00+00:00,2025-11-26,21:30:00,1764172800,156.415,156.512,156.288,156.459,7959,0,0
2025-11-26T20:00:00+00:00,2025-11-27,01:30:00,1764187200,156.46,156.496,156.219,156.224,3840,0,0
2025-11-27T00:00:00+00:00,2025-11-27,05:30:00,1764201600,156.223,156.238,155.723,156.083,12751,0,0
2025-11-27T04:00:00+00:00,2025-11-27,09:30:00,1764216000,156.082,156.303,155.817,156.113,9704,0,0
2025-11-27T08:00:00+00:00,2025-11-27,13:30:00,1764230400,156.114,156.409,156.08,156.311,8441,0,0
2025-11-27T12:00:00+00:00,2025-11-27,17:30:00,1764244800,156.313,156.392,156.232,156.307,6545,0,0
2025-11-27T16:00:00+00:00,2025-11-27,21:30:00,1764259200,156.309,156.371,156.262,156.337,2625,0,0
2025-11-27T20:00:00+00:00,2025-11-28,01:30:00,1764273600,156.339,156.341,156.195,156.29,2074,0,0
2025-11-28T00:00:00+00:00,2025-11-28,05:30:00,1764288000,156.291,156.583,156.095,156.273,30430,0,0
2025-11-28T04:00:00+00:00,2025-11-28,09:30:00,1764302400,156.272,156.443,156.182,156.304,41403,0,0
2025-11-28T08:00:00+00:00,2025-11-28,13:30:00,1764316800,156.303,156.388,156.146,156.2,19579,0,0
2025-11-28T12:00:00+00:00,2025-11-28,17:30:00,1764331200,156.207,156.383,155.972,156.03,8652,7,0
2025-11-28T16:00:00+00:00,2025-11-28,21:30:00,1764345600,156.027,156.253,155.991,156.117,5709,22,0
2025-11-28T20:00:00+00:00,2025-11-29,01:30:00,1764360000,156.117,156.167,156.065,156.136,2111,22,0
2025-11-30T20:00:00+00:00,2025-12-01,01:30:00,1764532800,156.075,156.152,155.898,155.911,2377,0,0
2025-12-01T00:00:00+00:00,2025-12-01,05:30:00,1764547200,155.911,155.994,155.413,155.463,16962,0,0
2025-12-01T04:00:00+00:00,2025-12-01,09:30:00,1764561600,155.463,155.697,155.306,155.363,9372,0,0
2025-12-01T08:00:00+00:00,2025-12-01,13:30:00,1764576000,155.366,155.562,155.101,155.107,12444,0,0
2025-12-01T12:00:00+00:00,2025-12-01,17:30:00,1764590400,155.106,155.2,154.665,155.098,16594,0,0
2025-12-01T16:00:00+00:00,2025-12-01,21:30:00,1764604800,155.101,155.524,155.096,155.478,7896,0,0
2025-12-01T20:00:00+00:00,2025-12-02,01:30:00,1764619200,155.481,155.573,155.397,155.562,3245,0,0
2025-12-02T00:00:00+00:00,2025-12-02,05:30:00,1764633600,155.563,155.777,155.462,155.633,7912,0,0
2025-12-02T04:00:00+00:00,2025-12-02,09:30:00,1764648000,155.633,155.839,155.552,155.766,6534,0,0
2025-12-02T08:00:00+00:00,2025-12-02,13:30:00,1764662400,155.769,156.087,155.769,155.927,8550,0,0
2025-12-02T12:00:00+00:00,2025-12-02,17:30:00,1764676800,155.925,156.182,155.821,155.874,11341,0,0
2025-12-02T16:00:00+00:00,2025-12-02,21:30:00,1764691200,155.874,156.089,155.751,155.899,9133,0,0
2025-12-02T20:00:00+00:00,2025-12-03,01:30:00,1764705600,155.897,155.904,155.767,155.767,3591,0,0
2025-12-03T00:00:00+00:00,2025-12-03,05:30:00,1764720000,155.767,155.813,155.609,155.658,6969,0,0
2025-12-03T04:00:00+00:00,2025-12-03,09:30:00,1764734400,155.658,155.756,155.512,155.685,6226,0,0
2025-12-03T08:00:00+00:00,2025-12-03,13:30:00,1764748800,155.685,155.758,155.411,155.418,7984,0,0
2025-12-03T12:00:00+00:00,2025-12-03,17:30:00,1764763200,155.416,155.602,155.211,155.22,16006,0,0
2025-12-03T16:00:00+00:00,2025-12-03,21:30:00,1764777600,155.221,155.249,155.011,155.149,8588,0,0
2025-12-03T20:00:00+00:00,2025-12-04,01:30:00,1764792000,155.15,155.311,155.057,155.117,3621,0,0
2025-12-04T00:00:00+00:00,2025-12-04,05:30:00,1764806400,155.115,155.543,155.024,155.394,9298,0,0
2025-12-04T04:00:00+00:00,2025-12-04,09:30:00,1764820800,155.394,155.507,155.188,155.246,9855,0,0
2025-12-04T08:00:00+00:00,2025-12-04,13:30:00,1764835200,155.246,155.253,154.524,154.532,12973,0,0
2025-12-04T12:00:00+00:00,2025-12-04,17:30:00,1764849600,154.529,155.056,154.509,154.638,14628,0,0
2025-12-04T16:00:00+00:00,2025-12-04,21:30:00,1764864000,154.636,155.041,154.635,155.018,7723,0,0
2025-12-04T20:00:00+00:00,2025-12-05,01:30:00,1764878400,155.021,155.164,154.942,155.137,3878,0,0
2025-12-05T00:00:00+00:00,2025-12-05,05:30:00,1764892800,155.136,155.234,154.919,155.121,7830,0,0
2025-12-05T04:00:00+00:00,2025-12-05,09:30:00,1764907200,155.121,155.128,154.344,154.629,12561,0,0
2025-12-05T08:00:00+00:00,2025-12-05,13:30:00,1764921600,154.632,155.225,154.607,155.147,9415,0,0
2025-12-05T12:00:00+00:00,2025-12-05,17:30:00,1764936000,155.145,155.357,155.083,155.254,12541,0,0
2025-12-05T16:00:00+00:00,2025-12-05,21:30:00,1764950400,155.251,155.495,155.21,155.294,8069,0,0
2025-12-05T20:00:00+00:00,2025-12-06,01:30:00,1764964800,155.293,155.376,155.272,155.365,1813,0,0
2025-12-07T20:00:00+00:00,2025-12-08,01:30:00,1765137600,155.162,155.38,155.133,155.313,1990,0,0
2025-12-08T00:00:00+00:00,2025-12-08,05:30:00,1765152000,155.312,155.326,154.902,155.103,9224,0,0
2025-12-08T04:00:00+00:00,2025-12-08,09:30:00,1765166400,155.105,155.354,155.058,155.353,7213,0,0
2025-12-08T08:00:00+00:00,2025-12-08,13:30:00,1765180800,155.356,155.593,155.261,155.587,8649,0,0
2025-12-08T12:00:00+00:00,2025-12-08,17:30:00,1765195200,155.59,155.985,155.392,155.859,12672,0,0
2025-12-08T16:00:00+00:00,2025-12-08,21:30:00,1765209600,155.858,155.957,155.705,155.91,7597,0,0
2025-12-08T20:00:00+00:00,2025-12-09,01:30:00,1765224000,155.91,155.975,155.809,155.847,3369,0,0
2025-12-09T00:00:00+00:00,2025-12-09,05:30:00,1765238400,155.847,156.038,155.743,155.826,7653,0,0
2025-12-09T04:00:00+00:00,2025-12-09,09:30:00,1765252800,155.826,156.199,155.813,156.192,8842,0,0
2025-12-09T08:00:00+00:00,2025-12-09,13:30:00,1765267200,156.191,156.43,155.976,156.187,10721,0,0
2025-12-09T12:00:00+00:00,2025-12-09,17:30:00,1765281600,156.19,156.918,156.186,156.866,15393,0,0
2025-12-09T16:00:00+00:00,2025-12-09,21:30:00,1765296000,156.866,156.957,156.808,156.834,7458,0,0
2025-12-09T20:00:00+00:00,2025-12-10,01:30:00,1765310400,156.837,156.94,156.766,156.803,3527,0,0
2025-12-10T00:00:00+00:00,2025-12-10,05:30:00,1765324800,156.804,156.938,156.56,156.591,8708,0,0
2025-12-10T04:00:00+00:00,2025-12-10,09:30:00,1765339200,156.592,156.766,156.582,156.654,5503,0,0
2025-12-10T08:00:00+00:00,2025-12-10,13:30:00,1765353600,156.656,156.891,156.578,156.712,8323,0,0
2025-12-10T12:00:00+00:00,2025-12-10,17:30:00,1765368000,156.708,156.759,156.356,156.481,10182,0,0
2025-12-10T16:00:00+00:00,2025-12-10,21:30:00,1765382400,156.482,156.681,156.107,156.262,22429,0,0
2025-12-10T20:00:00+00:00,2025-12-11,01:30:00,1765396800,156.264,156.311,155.631,155.754,10838,0,0
2025-12-11T00:00:00+00:00,2025-12-11,05:30:00,1765411200,155.752,155.887,155.49,155.698,13600,0,0
2025-12-11T04:00:00+00:00,2025-12-11,09:30:00,1765425600,155.697,156.164,155.618,156.032,9648,0,0
2025-12-11T08:00:00+00:00,2025-12-11,13:30:00,1765440000,156.032,156.069,155.757,155.767,11306,0,0
2025-12-11T12:00:00+00:00,2025-12-11,17:30:00,1765454400,155.764,155.823,154.947,155.172,17170,0,0
2025-12-11T16:00:00+00:00,2025-12-11,21:30:00,1765468800,155.168,155.599,155.071,155.592,10270,0,0
2025-12-11T20:00:00+00:00,2025-12-12,01:30:00,1765483200,155.593,155.675,155.45,155.504,5159,0,0
2025-12-12T00:00:00+00:00,2025-12-12,05:30:00,1765497600,155.502,155.772,155.458,155.711,9992,0,0
2025-12-12T04:00:00+00:00,2025-12-12,09:30:00,1765512000,155.711,155.83,155.538,155.647,6979,0,0
2025-12-12T08:00:00+00:00,2025-12-12,13:30:00,1765526400,155.649,155.997,155.621,155.915,8867,0,0
2025-12-12T12:00:00+00:00,2025-12-12,17:30:00,1765540800,155.912,156.132,155.777,155.887,13988,0,0
2025-12-12T16:00:00+00:00,2025-12-12,21:30:00,1765555200,155.886,155.941,155.675,155.901,9822,0,0
2025-12-12T20:00:00+00:00,2025-12-13,01:30:00,1765569600,155.901,155.913,155.777,155.821,3190,0,0
2025-12-14T20:00:00+00:00,2025-12-15,01:30:00,1765742400,155.92,155.92,155.754,155.867,1742,0,0
2025-12-15T00:00:00+00:00,2025-12-15,05:30:00,1765756800,155.868,155.988,155.303,155.424,11039,0,0
2025-12-15T04:00:00+00:00,2025-12-15,09:30:00,1765771200,155.423,155.423,154.948,155.26,9983,0,0
2025-12-15T08:00:00+00:00,2025-12-15,13:30:00,1765785600,155.263,155.286,154.852,154.923,10504,0,0
2025-12-15T12:00:00+00:00,2025-12-15,17:30:00,1765800000,154.925,155.227,154.834,155.159,15112,0,0
2025-12-15T16:00:00+00:00,2025-12-15,21:30:00,1765814400,155.156,155.401,155.149,155.245,7393,0,0
2025-12-15T20:00:00+00:00,2025-12-16,01:30:00,1765828800,155.246,155.268,154.981,155.037,3792,0,0
2025-12-16T00:00:00+00:00,2025-12-16,05:30:00,1765843200,155.038,155.123,154.706,154.893,15371,0,0
2025-12-16T04:00:00+00:00,2025-12-16,09:30:00,1765857600,154.893,154.98,154.683,154.889,9254,0,0
2025-12-16T08:00:00+00:00,2025-12-16,13:30:00,1765872000,154.887,154.944,154.773,154.819,9853,0,0
2025-12-16T12:00:00+00:00,2025-12-16,17:30:00,1765886400,154.819,154.999,154.397,154.776,26126,0,0
2025-12-16T16:00:00+00:00,2025-12-16,21:30:00,1765900800,154.776,154.932,154.571,154.668,13041,0,0
2025-12-16T20:00:00+00:00,2025-12-17,01:30:00,1765915200,154.67,154.832,154.572,154.773,4746,0,0
2025-12-17T00:00:00+00:00,2025-12-17,05:30:00,1765929600,154.773,155.033,154.512,154.89,13001,0,0
2025-12-17T04:00:00+00:00,2025-12-17,09:30:00,1765944000,154.89,155.569,154.876,155.503,10895,0,0
2025-12-17T08:00:00+00:00,2025-12-17,13:30:00,1765958400,155.505,155.6,155.43,155.545,9460,0,0
2025-12-17T12:00:00+00:00,2025-12-17,17:30:00,1765972800,155.545,155.64,155.349,155.405,14645,0,0
2025-12-17T16:00:00+00:00,2025-12-17,21:30:00,1765987200,155.404,155.692,155.386,155.642,8906,0,0
2025-12-17T20:00:00+00:00,2025-12-18,01:30:00,1766001600,155.644,155.752,155.481,155.492,3571,0,0
2025-12-18T00:00:00+00:00,2025-12-18,05:30:00,1766016000,155.494,155.811,155.427,155.764,10652,0,0
2025-12-18T04:00:00+00:00,2025-12-18,09:30:00,1766030400,155.767,155.955,155.702,155.923,7669,0,0
2025-12-18T08:00:00+00:00,2025-12-18,13:30:00,1766044800,155.925,155.978,155.722,155.793,8425,0,0
2025-12-18T12:00:00+00:00,2025-12-18,17:30:00,1766059200,155.793,155.868,155.283,155.524,21097,0,0
2025-12-18T16:00:00+00:00,2025-12-18,21:30:00,1766073600,155.525,155.714,155.365,155.516,9197,0,0
2025-12-18T20:00:00+00:00,2025-12-19,01:30:00,1766088000,155.52,155.646,155.44,155.577,3721,0,0
2025-12-19T00:00:00+00:00,2025-12-19,05:30:00,1766102400,155.58,156.178,155.562,155.878,15276,0,0
2025-12-19T04:00:00+00:00,2025-12-19,09:30:00,1766116800,155.877,156.743,155.735,156.733,21577,0,0
2025-12-19T08:00:00+00:00,2025-12-19,13:30:00,1766131200,156.732,157.4,156.721,157.318,17760,0,0
2025-12-19T12:00:00+00:00,2025-12-19,17:30:00,1766145600,157.321,157.495,156.935,157.47,18703,0,0
2025-12-19T16:00:00+00:00,2025-12-19,21:30:00,1766160000,157.472,157.672,157.4,157.53,9277,0,0
2025-12-19T20:00:00+00:00,2025-12-20,01:30:00,1766174400,157.532,157.777,157.478,157.718,3192,0,0
2025-12-21T20:00:00+00:00,2025-12-22,01:30:00,1766347200,157.373,157.705,157.373,157.632,3065,0,0
2025-12-22T00:00:00+00:00,2025-12-22,05:30:00,1766361600,157.63,157.662,157.231,157.334,13564,0,0
2025-12-22T04:00:00+00:00,2025-12-22,09:30:00,1766376000,157.336,157.566,157.261,157.492,8523,0,0
2025-12-22T08:00:00+00:00,2025-12-22,13:30:00,1766390400,157.49,157.573,157.338,157.416,8828,0,0
2025-12-22T12:00:00+00:00,2025-12-22,17:30:00,1766404800,157.417,157.433,156.876,156.976,17623,0,0
2025-12-22T16:00:00+00:00,2025-12-22,21:30:00,1766419200,156.976,157.044,156.702,156.904,9361,0,0
2025-12-22T20:00:00+00:00,2025-12-23,01:30:00,1766433600,156.901,157.05,156.82,156.919,4400,0,0
2025-12-23T00:00:00+00:00,2025-12-23,05:30:00,1766448000,156.921,156.928,156.193,156.194,11944,0,0
2025-12-23T04:00:00+00:00,2025-12-23,09:30:00,1766462400,156.194,156.194,155.912,156.077,12963,0,0
2025-12-23T08:00:00+00:00,2025-12-23,13:30:00,1766476800,156.076,156.119,155.652,155.973,13472,0,0
2025-12-23T12:00:00+00:00,2025-12-23,17:30:00,1766491200,155.975,156.545,155.873,156.388,16806,0,0
2025-12-23T16:00:00+00:00,2025-12-23,21:30:00,1766505600,156.388,156.437,156.179,156.197,8084,0,0
2025-12-23T20:00:00+00:00,2025-12-24,01:30:00,1766520000,156.2,156.315,156.091,156.175,4373,0,0
2025-12-24T00:00:00+00:00,2025-12-24,05:30:00,1766534400,156.175,156.284,155.554,155.982,16396,0,0
2025-12-24T04:00:00+00:00,2025-12-24,09:30:00,1766548800,155.984,156.066,155.663,155.831,10736,0,0
2025-12-24T08:00:00+00:00,2025-12-24,13:30:00,1766563200,155.831,155.979,155.685,155.931,11371,0,0
2025-12-24T12:00:00+00:00,2025-12-24,17:30:00,1766577600,155.928,156.075,155.678,155.817,12196,0,0
2025-12-24T16:00:00+00:00,2025-12-24,21:30:00,1766592000,155.818,156.028,155.754,155.856,7168,0,0
2025-12-24T20:00:00+00:00,2025-12-25,01:30:00,1766606400,155.857,155.949,155.711,155.726,1091,46,0
2025-12-25T20:00:00+00:00,2025-12-26,01:30:00,1766692800,155.913,156.13,155.754,156.105,2587,0,0
2025-12-26T00:00:00+00:00,2025-12-26,05:30:00,1766707200,156.109,156.494,156.046,156.057,13487,0,0
2025-12-26T04:00:00+00:00,2025-12-26,09:30:00,1766721600,156.055,156.447,155.989,156.378,10111,0,0
2025-12-26T08:00:00+00:00,2025-12-26,13:30:00,1766736000,156.377,156.472,156.302,156.405,7758,0,0
2025-12-26T12:00:00+00:00,2025-12-26,17:30:00,1766750400,156.402,156.538,156.228,156.429,11046,0,0
2025-12-26T16:00:00+00:00,2025-12-26,21:30:00,1766764800,156.43,156.735,156.371,156.506,9125,0,0
2025-12-26T20:00:00+00:00,2025-12-27,01:30:00,1766779200,156.503,156.608,156.446,156.577,2874,0,0
2025-12-28T20:00:00+00:00,2025-12-29,01:30:00,1766952000,156.444,156.573,156.4,156.487,2561,0,0
2025-12-29T00:00:00+00:00,2025-12-29,05:30:00,1766966400,156.487,156.513,156.057,156.38,14353,0,0
2025-12-29T04:00:00+00:00,2025-12-29,09:30:00,1766980800,156.38,156.474,156.049,156.083,9699,0,0
2025-12-29T08:00:00+00:00,2025-12-29,13:30:00,1766995200,156.085,156.415,156.078,156.401,9833,0,0
2025-12-29T12:00:00+00:00,2025-12-29,17:30:00,1767009600,156.402,156.428,155.919,155.939,13740,0,0
2025-12-29T16:00:00+00:00,2025-12-29,21:30:00,1767024000,155.941,156.249,155.93,156.035,8261,0,0
2025-12-29T20:00:00+00:00,2025-12-30,01:30:00,1767038400,156.038,156.135,155.958,155.985,4481,0,0
2025-12-30T00:00:00+00:00,2025-12-30,05:30:00,1767052800,155.988,156.34,155.924,156.27,10844,0,0
2025-12-30T04:00:00+00:00,2025-12-30,09:30:00,1767067200,156.27,156.288,155.917,155.986,8989,0,0
2025-12-30T08:00:00+00:00,2025-12-30,13:30:00,1767081600,155.982,156.03,155.743,155.895,9706,0,0
2025-12-30T12:00:00+00:00,2025-12-30,17:30:00,1767096000,155.894,156.568,155.886,156.329,11563,0,0
2025-12-30T16:00:00+00:00,2025-12-30,21:30:00,1767110400,156.328,156.524,156.223,156.496,7766,0,0
2025-12-30T20:00:00+00:00,2025-12-31,01:30:00,1767124800,156.494,156.502,156.323,156.401,3284,0,0
2025-12-31T00:00:00+00:00,2025-12-31,05:30:00,1767139200,156.401,156.499,156.331,156.496,6464,0,0
2025-12-31T04:00:00+00:00,2025-12-31,09:30:00,1767153600,156.496,156.656,156.496,156.57,5290,0,0
2025-12-31T08:00:00+00:00,2025-12-31,13:30:00,1767168000,156.568,156.677,156.505,156.61,6153,0,0
2025-12-31T12:00:00+00:00,2025-12-31,17:30:00,1767182400,156.61,156.996,156.552,156.744,11657,0,0
2025-12-31T16:00:00+00:00,2025-12-31,21:30:00,1767196800,156.741,156.921,156.645,156.753,8683,0,0
2025-12-31T20:00:00+00:00,2026-01-01,01:30:00,1767211200,156.752,156.755,156.602,156.606,2306,0,0
2026-01-01T20:00:00+00:00,2026-01-02,01:30:00,1767297600,156.682,156.886,156.635,156.724,1614,0,0
2026-01-02T00:00:00+00:00,2026-01-02,05:30:00,1767312000,156.724,156.769,156.52,156.719,6272,0,0
2026-01-02T04:00:00+00:00,2026-01-02,09:30:00,1767326400,156.718,157.0,156.718,156.864,5729,0,0
2026-01-02T08:00:00+00:00,2026-01-02,13:30:00,1767340800,156.866,157.0,156.769,156.919,8235,0,0
2026-01-02T12:00:00+00:00,2026-01-02,17:30:00,1767355200,156.919,157.005,156.564,156.593,10794,0,0
2026-01-02T16:00:00+00:00,2026-01-02,21:30:00,1767369600,156.59,156.956,156.563,156.857,7558,0,0
2026-01-02T20:00:00+00:00,2026-01-03,01:30:00,1767384000,156.858,156.909,156.814,156.842,2340,0,0
2026-01-04T20:00:00+00:00,2026-01-05,01:30:00,1767556800,156.692,157.011,156.664,156.998,2492,0,0
2026-01-05T00:00:00+00:00,2026-01-05,05:30:00,1767571200,156.999,157.255,156.922,157.232,14175,0,0
2026-01-05T04:00:00+00:00,2026-01-05,09:30:00,1767585600,157.235,157.3,156.975,156.992,8791,0,0
2026-01-05T08:00:00+00:00,2026-01-05,13:30:00,1767600000,156.991,157.042,156.53,156.624,13430,0,0
2026-01-05T12:00:00+00:00,2026-01-05,17:30:00,1767614400,156.624,156.981,156.456,156.58,16702,0,0
2026-01-05T16:00:00+00:00,2026-01-05,21:30:00,1767628800,156.579,156.588,156.118,156.233,9966,0,0
2026-01-05T20:00:00+00:00,2026-01-06,01:30:00,1767643200,156.232,156.642,156.183,156.615,4094,0,0
2026-01-06T00:00:00+00:00,2026-01-06,05:30:00,1767657600,156.614,156.797,156.273,156.362,11914,0,0
2026-01-06T04:00:00+00:00,2026-01-06,09:30:00,1767672000,156.364,156.478,156.232,156.335,9260,0,0
2026-01-06T08:00:00+00:00,2026-01-06,13:30:00,1767686400,156.334,156.539,156.164,156.452,11540,0,0
2026-01-06T12:00:00+00:00,2026-01-06,17:30:00,1767700800,156.449,156.691,156.295,156.579,15524,0,0
2026-01-06T16:00:00+00:00,2026-01-06,21:30:00,1767715200,156.581,156.751,156.571,156.634,7431,0,0
2026-01-06T20:00:00+00:00,2026-01-07,01:30:00,1767729600,156.633,156.707,156.57,156.671,3490,0,0
2026-01-07T00:00:00+00:00,2026-01-07,05:30:00,1767744000,156.669,156.811,156.508,156.562,9806,0,0
2026-01-07T04:00:00+00:00,2026-01-07,09:30:00,1767758400,156.563,156.586,156.295,156.487,8249,0,0
2026-01-07T08:00:00+00:00,2026-01-07,13:30:00,1767772800,156.49,156.59,156.433,156.514,7617,0,0
2026-01-07T12:00:00+00:00,2026-01-07,17:30:00,1767787200,156.512,156.725,156.362,156.681,14428,0,0
2026-01-07T16:00:00+00:00,2026-01-07,21:30:00,1767801600,156.681,156.802,156.576,156.739,8148,0,0
2026-01-07T20:00:00+00:00,2026-01-08,01:30:00,1767816000,156.739,156.8,156.549,156.701,3324,0,0
2026-01-08T00:00:00+00:00,2026-01-08,05:30:00,1767830400,156.7,156.955,156.629,156.721,8333,0,0
2026-01-08T04:00:00+00:00,2026-01-08,09:30:00,1767844800,156.719,156.733,156.468,156.468,8453,0,0
2026-01-08T08:00:00+00:00,2026-01-08,13:30:00,1767859200,156.465,156.785,156.459,156.76,8296,0,0
2026-01-08T12:00:00+00:00,2026-01-08,17:30:00,1767873600,156.763,157.073,156.662,156.864,10840,0,0
2026-01-08T16:00:00+00:00,2026-01-08,21:30:00,1767888000,156.862,156.986,156.774,156.967,6513,0,0
2026-01-08T20:00:00+00:00,2026-01-09,01:30:00,1767902400,156.965,156.995,156.735,156.86,3650,0,0
2026-01-09T00:00:00+00:00,2026-01-09,05:30:00,1767916800,156.867,157.262,156.867,157.236,8693,0,0
2026-01-09T04:00:00+00:00,2026-01-09,09:30:00,1767931200,157.239,157.574,157.191,157.483,7830,0,0
2026-01-09T08:00:00+00:00,2026-01-09,13:30:00,1767945600,157.48,157.738,157.457,157.578,8252,0,0
2026-01-09T12:00:00+00:00,2026-01-09,17:30:00,1767960000,157.578,158.19,157.371,157.871,28336,0,0
2026-01-09T16:00:00+00:00,2026-01-09,21:30:00,1767974400,157.874,158.131,157.83,157.885,10295,0,0
2026-01-09T20:00:00+00:00,2026-01-10,01:30:00,1767988800,157.883,157.963,157.858,157.933,2096,0,0
2026-01-11T20:00:00+00:00,2026-01-12,01:30:00,1768161600,158.068,158.181,157.992,158.14,1839,0,0
2026-01-12T00:00:00+00:00,2026-01-12,05:30:00,1768176000,158.138,158.208,157.519,158.119,14629,0,0
2026-01-12T04:00:00+00:00,2026-01-12,09:30:00,1768190400,158.118,158.185,157.804,157.849,7297,0,0
2026-01-12T08:00:00+00:00,2026-01-12,13:30:00,1768204800,157.846,157.963,157.676,157.896,9904,0,0
2026-01-12T12:00:00+00:00,2026-01-12,17:30:00,1768219200,157.896,158.048,157.709,157.976,12187,0,0
2026-01-12T16:00:00+00:00,2026-01-12,21:30:00,1768233600,157.974,158.175,157.947,158.142,6825,0,0
2026-01-12T20:00:00+00:00,2026-01-13,01:30:00,1768248000,158.141,158.204,157.893,157.979,4660,0,0
2026-01-13T00:00:00+00:00,2026-01-13,05:30:00,1768262400,157.981,158.829,157.963,158.813,10723,0,0
2026-01-13T04:00:00+00:00,2026-01-13,09:30:00,1768276800,158.815,158.974,158.627,158.943,13268,0,0
2026-01-13T08:00:00+00:00,2026-01-13,13:30:00,1768291200,158.941,159.05,158.802,158.858,10411,0,0
2026-01-13T12:00:00+00:00,2026-01-13,17:30:00,1768305600,158.858,159.092,158.58,158.926,17540,0,0
2026-01-13T16:00:00+00:00,2026-01-13,21:30:00,1768320000,158.929,159.195,158.906,159.115,8630,0,0
2026-01-13T20:00:00+00:00,2026-01-14,01:30:00,1768334400,159.113,159.205,159.017,159.199,3325,0,0
2026-01-14T00:00:00+00:00,2026-01-14,05:30:00,1768348800,159.203,159.454,159.081,159.162,11091,0,0
2026-01-14T04:00:00+00:00,2026-01-14,09:30:00,1768363200,159.165,159.354,159.107,159.179,7783,0,0
2026-01-14T08:00:00+00:00,2026-01-14,13:30:00,1768377600,159.177,159.195,158.571,158.714,16817,0,0
2026-01-14T12:00:00+00:00,2026-01-14,17:30:00,1768392000,158.713,158.742,158.104,158.126,26385,0,0
2026-01-14T16:00:00+00:00,2026-01-14,21:30:00,1768406400,158.125,158.518,158.096,158.506,9237,0,0
2026-01-14T20:00:00+00:00,2026-01-15,01:30:00,1768420800,158.504,158.601,158.151,158.422,5263,0,0
2026-01-15T00:00:00+00:00,2026-01-15,05:30:00,1768435200,158.422,158.646,158.228,158.515,12103,0,0
2026-01-15T04:00:00+00:00,2026-01-15,09:30:00,1768449600,158.514,158.734,158.382,158.584,10096,0,0
2026-01-15T08:00:00+00:00,2026-01-15,13:30:00,1768464000,158.584,158.714,158.301,158.566,13399,0,0
2026-01-15T12:00:00+00:00,2026-01-15,17:30:00,1768478400,158.569,158.879,158.474,158.538,13599,0,0
2026-01-15T16:00:00+00:00,2026-01-15,21:30:00,1768492800,158.539,158.571,158.414,158.528,7797,0,0
2026-01-15T20:00:00+00:00,2026-01-16,01:30:00,1768507200,158.527,158.671,158.514,158.591,3475,0,0
2026-01-16T00:00:00+00:00,2026-01-16,05:30:00,1768521600,158.594,158.708,157.96,158.11,14935,0,0
2026-01-16T04:00:00+00:00,2026-01-16,09:30:00,1768536000,158.11,158.452,158.098,158.173,10028,0,0
2026-01-16T08:00:00+00:00,2026-01-16,13:30:00,1768550400,158.171,158.254,158.015,158.094,12496,0,0
2026-01-16T12:00:00+00:00,2026-01-16,17:30:00,1768564800,158.096,158.271,157.822,158.063,17066,0,0
2026-01-16T16:00:00+00:00,2026-01-16,21:30:00,1768579200,158.061,158.245,157.937,158.124,9242,0,0
2026-01-16T20:00:00+00:00,2026-01-17,01:30:00,1768593600,158.121,158.138,158.041,158.083,2045,0,0
2026-01-18T20:00:00+00:00,2026-01-19,01:30:00,1768766400,157.902,157.955,157.503,157.556,4377,0,0
2026-01-19T00:00:00+00:00,2026-01-19,05:30:00,1768780800,157.554,157.948,157.425,157.88,15237,0,0
2026-01-19T04:00:00+00:00,2026-01-19,09:30:00,1768795200,157.88,158.124,157.743,158.079,9575,0,0
2026-01-19T08:00:00+00:00,2026-01-19,13:30:00,1768809600,158.079,158.166,157.827,158.041,15175,0,0
2026-01-19T12:00:00+00:00,2026-01-19,17:30:00,1768824000,158.043,158.082,157.861,158.06,9162,0,0
2026-01-19T16:00:00+00:00,2026-01-19,21:30:00,1768838400,158.059,158.141,158.006,158.086,3974,0,0
2026-01-19T20:00:00+00:00,2026-01-20,01:30:00,1768852800,158.084,158.227,158.04,158.163,1978,0,0
2026-01-20T00:00:00+00:00,2026-01-20,05:30:00,1768867200,158.164,158.283,157.847,157.973,13521,0,0
2026-01-20T04:00:00+00:00,2026-01-20,09:30:00,1768881600,157.973,158.603,157.894,158.374,13992,0,0
2026-01-20T08:00:00+00:00,2026-01-20,13:30:00,1768896000,158.372,158.396,157.556,157.75,23044,0,0
2026-01-20T12:00:00+00:00,2026-01-20,17:30:00,1768910400,157.748,158.111,157.466,157.925,28954,0,0
2026-01-20T16:00:00+00:00,2026-01-20,21:30:00,1768924800,157.928,158.3,157.856,158.289,10275,0,0
2026-01-20T20:00:00+00:00,2026-01-21,01:30:00,1768939200,158.29,158.291,158.041,158.153,4938,0,0
2026-01-21T00:00:00+00:00,2026-01-21,05:30:00,1768953600,158.156,158.283,157.859,158.089,13134,0,0
2026-01-21T04:00:00+00:00,2026-01-21,09:30:00,1768968000,158.089,158.26,157.875,157.928,9923,0,0
2026-01-21T08:00:00+00:00,2026-01-21,13:30:00,1768982400,157.928,158.088,157.82,157.918,10219,0,0
2026-01-21T12:00:00+00:00,2026-01-21,17:30:00,1768996800,157.916,158.313,157.748,158.213,18903,0,0
2026-01-21T16:00:00+00:00,2026-01-21,21:30:00,1769011200,158.215,158.533,158.041,158.387,14106,0,0
2026-01-21T20:00:00+00:00,2026-01-22,01:30:00,1769025600,158.384,158.499,158.211,158.459,5288,0,0
2026-01-22T00:00:00+00:00,2026-01-22,05:30:00,1769040000,158.459,158.59,158.179,158.558,10795,0,0
2026-01-22T04:00:00+00:00,2026-01-22,09:30:00,1769054400,158.56,158.894,158.556,158.78,9683,0,0
2026-01-22T08:00:00+00:00,2026-01-22,13:30:00,1769068800,158.782,158.856,158.535,158.596,10944,0,0
2026-01-22T12:00:00+00:00,2026-01-22,17:30:00,1769083200,158.598,158.873,158.35,158.394,14548,0,0
2026-01-22T16:00:00+00:00,2026-01-22,21:30:00,1769097600,158.393,158.509,158.237,158.409,10171,0,0
2026-01-22T20:00:00+00:00,2026-01-23,01:30:00,1769112000,158.406,158.529,158.316,158.488,3986,0,0
2026-01-23T00:00:00+00:00,2026-01-23,05:30:00,1769126400,158.486,158.744,158.44,158.633,11444,0,0
2026-01-23T04:00:00+00:00,2026-01-23,09:30:00,1769140800,158.633,159.229,157.304,158.39,31144,0,0
2026-01-23T08:00:00+00:00,2026-01-23,13:30:00,1769155200,158.393,158.495,157.864,158.139,25368,0,0
2026-01-23T12:00:00+00:00,2026-01-23,17:30:00,1769169600,158.138,158.342,158.092,158.114,11317,0,0
2026-01-23T16:00:00+00:00,2026-01-23,21:30:00,1769184000,158.115,158.226,155.671,155.893,50643,0,0
2026-01-23T20:00:00+00:00,2026-01-24,01:30:00,1769198400,155.895,155.962,155.627,155.739,7406,0,0
2026-01-25T20:00:00+00:00,2026-01-26,01:30:00,1769371200,154.756,155.255,154.168,155.151,5685,0,0
2026-01-26T00:00:00+00:00,2026-01-26,05:30:00,1769385600,155.148,155.349,153.888,154.213,38720,0,0
2026-01-26T04:00:00+00:00,2026-01-26,09:30:00,1769400000,154.213,154.419,153.812,154.248,23287,0,0
2026-01-26T08:00:00+00:00,2026-01-26,13:30:00,1769414400,154.25,154.349,153.306,153.737,33782,0,0
2026-01-26T12:00:00+00:00,2026-01-26,17:30:00,1769428800,153.735,154.344,153.616,153.816,21960,0,0
2026-01-26T16:00:00+00:00,2026-01-26,21:30:00,1769443200,153.818,154.279,153.717,154.042,15638,0,0
2026-01-26T20:00:00+00:00,2026-01-27,01:30:00,1769457600,154.045,154.425,153.859,154.39,7602,0,0
2026-01-27T00:00:00+00:00,2026-01-27,05:30:00,1769472000,154.387,154.472,154.088,154.417,15199,0,0
2026-01-27T04:00:00+00:00,2026-01-27,09:30:00,1769486400,154.419,154.766,154.371,154.733,12225,0,0
2026-01-27T08:00:00+00:00,2026-01-27,13:30:00,1769500800,154.73,154.881,153.175,153.73,36993,0,0
2026-01-27T12:00:00+00:00,2026-01-27,17:30:00,1769515200,153.729,153.796,152.875,153.244,37776,0,0
2026-01-27T16:00:00+00:00,2026-01-27,21:30:00,1769529600,153.247,153.272,152.569,152.718,19788,0,0
2026-01-27T20:00:00+00:00,2026-01-28,01:30:00,1769544000,152.72,152.845,152.091,152.497,20870,0,0
2026-01-28T00:00:00+00:00,2026-01-28,05:30:00,1769558400,152.498,153.07,152.435,152.721,21597,0,0
2026-01-28T04:00:00+00:00,2026-01-28,09:30:00,1769572800,152.72,152.84,152.284,152.65,17400,0,0
2026-01-28T08:00:00+00:00,2026-01-28,13:30:00,1769587200,152.649,152.809,152.348,152.607,22563,0,0
2026-01-28T12:00:00+00:00,2026-01-28,17:30:00,1769601600,152.608,153.739,152.393,153.463,37450,0,0
2026-01-28T16:00:00+00:00,2026-01-28,21:30:00,1769616000,153.466,154.048,153.414,153.491,26310,0,0
2026-01-28T20:00:00+00:00,2026-01-29,01:30:00,1769630400,153.489,153.577,153.037,153.089,10261,0,0
2026-01-29T00:00:00+00:00,2026-01-29,05:30:00,1769644800,153.082,153.395,152.767,152.93,21904,0,0
2026-01-29T04:00:00+00:00,2026-01-29,09:30:00,1769659200,152.93,153.428,152.901,153.313,14557,0,0
2026-01-29T08:00:00+00:00,2026-01-29,13:30:00,1769673600,153.316,153.537,153.14,153.464,17297,0,0
2026-01-29T12:00:00+00:00,2026-01-29,17:30:00,1769688000,153.464,153.513,152.681,152.812,30088,0,0
2026-01-29T16:00:00+00:00,2026-01-29,21:30:00,1769702400,152.812,153.173,152.721,153.075,20299,0,0
2026-01-29T20:00:00+00:00,2026-01-30,01:30:00,1769716800,153.078,153.214,152.857,153.142,6566,0,0
2026-01-30T00:00:00+00:00,2026-01-30,05:30:00,1769731200,153.144,153.983,153.082,153.955,27154,0,0
2026-01-30T04:00:00+00:00,2026-01-30,09:30:00,1769745600,153.954,154.143,153.714,153.805,18808,0,0
2026-01-30T08:00:00+00:00,2026-01-30,13:30:00,1769760000,153.806,154.391,153.707,153.86,23082,0,0
2026-01-30T12:00:00+00:00,2026-01-30,17:30:00,1769774400,153.861,154.762,153.796,154.223,26663,0,0
2026-01-30T16:00:00+00:00,2026-01-30,21:30:00,1769788800,154.221,154.691,154.165,154.534,24912,0,0
2026-01-30T20:00:00+00:00,2026-01-31,01:30:00,1769803200,154.537,154.792,154.529,154.775,6494,0,0
2026-02-01T20:00:00+00:00,2026-02-02,01:30:00,1769976000,154.833,155.514,154.813,155.223,5034,0,0
2026-02-02T00:00:00+00:00,2026-02-02,05:30:00,1769990400,155.224,155.391,154.824,154.977,26837,0,0
2026-02-02T04:00:00+00:00,2026-02-02,09:30:00,1770004800,154.974,154.994,154.551,154.906,23247,0,0
2026-02-02T08:00:00+00:00,2026-02-02,13:30:00,1770019200,154.903,155.073,154.723,154.754,19152,0,0
2026-02-02T12:00:00+00:00,2026-02-02,17:30:00,1770033600,154.757,155.705,154.709,155.669,22020,0,0
2026-02-02T16:00:00+00:00,2026-02-02,21:30:00,1770048000,155.666,155.787,155.416,155.631,14305,0,0
2026-02-02T20:00:00+00:00,2026-02-03,01:30:00,1770062400,155.628,155.67,155.417,155.469,5751,0,0
2026-02-03T00:00:00+00:00,2026-02-03,05:30:00,1770076800,155.474,155.62,155.379,155.472,15138,0,0
2026-02-03T04:00:00+00:00,2026-02-03,09:30:00,1770091200,155.473,155.529,155.291,155.408,11041,0,0
2026-02-03T08:00:00+00:00,2026-02-03,13:30:00,1770105600,155.405,155.985,155.37,155.95,13294,0,0
2026-02-03T12:00:00+00:00,2026-02-03,17:30:00,1770120000,155.95,156.086,155.703,155.715,15484,0,0
2026-02-03T16:00:00+00:00,2026-02-03,21:30:00,1770134400,155.712,155.807,155.526,155.775,12677,0,0
2026-02-03T20:00:00+00:00,2026-02-04,01:30:00,1770148800,155.773,155.859,155.696,155.804,5115,0,0
2026-02-04T00:00:00+00:00,2026-02-04,05:30:00,1770163200,155.806,156.392,155.806,156.319,12290,0,0
2026-02-04T04:00:00+00:00,2026-02-04,09:30:00,1770177600,156.319,156.465,156.235,156.426,8394,0,0
2026-02-04T08:00:00+00:00,2026-02-04,13:30:00,1770192000,156.428,156.859,156.395,156.823,10616,0,0
2026-02-04T12:00:00+00:00,2026-02-04,17:30:00,1770206400,156.825,156.825,156.354,156.655,18617,0,0
2026-02-04T16:00:00+00:00,2026-02-04,21:30:00,1770220800,156.657,156.894,156.461,156.821,13212,0,0
2026-02-04T20:00:00+00:00,2026-02-05,01:30:00,1770235200,156.821,156.948,156.691,156.91,4927,0,0
2026-02-05T00:00:00+00:00,2026-02-05,05:30:00,1770249600,156.91,156.988,156.683,156.795,12915,0,0
2026-02-05T04:00:00+00:00,2026-02-05,09:30:00,1770264000,156.795,157.202,156.794,157.101,10420,0,0
2026-02-05T08:00:00+00:00,2026-02-05,13:30:00,1770278400,157.104,157.338,157.0,157.149,12011,0,0
2026-02-05T12:00:00+00:00,2026-02-05,17:30:00,1770292800,157.151,157.29,156.526,156.833,28623,0,0
2026-02-05T16:00:00+00:00,2026-02-05,21:30:00,1770307200,156.831,157.023,156.767,156.9,10953,0,0
2026-02-05T20:00:00+00:00,2026-02-06,01:30:00,1770321600,156.899,157.097,156.719,156.803,5919,0,0
2026-02-06T00:00:00+00:00,2026-02-06,05:30:00,1770336000,156.807,156.838,156.51,156.737,17121,0,0
2026-02-06T04:00:00+00:00,2026-02-06,09:30:00,1770350400,156.735,156.905,156.595,156.893,10254,0,0
2026-02-06T08:00:00+00:00,2026-02-06,13:30:00,1770364800,156.891,157.158,156.793,157.044,10204,0,0
2026-02-06T12:00:00+00:00,2026-02-06,17:30:00,1770379200,157.045,157.133,156.78,156.841,13380,0,0
2026-02-06T16:00:00+00:00,2026-02-06,21:30:00,1770393600,156.84,157.138,156.837,157.104,8185,0,0
2026-02-06T20:00:00+00:00,2026-02-07,01:30:00,1770408000,157.104,157.264,157.074,157.244,2813,0,0
2026-02-08T20:00:00+00:00,2026-02-09,01:30:00,1770580800,157.275,157.658,156.987,157.25,4611,0,0
2026-02-09T00:00:00+00:00,2026-02-09,05:30:00,1770595200,157.252,157.295,156.209,156.87,28653,0,0
2026-02-09T04:00:00+00:00,2026-02-09,09:30:00,1770609600,156.87,156.887,156.291,156.599,15877,0,0
2026-02-09T08:00:00+00:00,2026-02-09,13:30:00,1770624000,156.598,156.782,156.395,156.47,17518,0,0
2026-02-09T12:00:00+00:00,2026-02-09,17:30:00,1770638400,156.467,156.556,155.522,155.85,24747,0,0
2026-02-09T16:00:00+00:00,2026-02-09,21:30:00,1770652800,155.853,156.144,155.64,155.71,10057,0,0
2026-02-09T20:00:00+00:00,2026-02-10,01:30:00,1770667200,155.713,156.148,155.707,156.132,5101,0,0
2026-02-10T00:00:00+00:00,2026-02-10,05:30:00,1770681600,156.131,156.294,155.151,155.329,17722,0,0
2026-02-10T04:00:00+00:00,2026-02-10,09:30:00,1770696000,155.328,155.612,155.087,155.56,12697,0,0
2026-02-10T08:00:00+00:00,2026-02-10,13:30:00,1770710400,155.563,155.637,155.049,155.27,12815,0,0
2026-02-10T12:00:00+00:00,2026-02-10,17:30:00,1770724800,155.268,155.31,154.07,154.21,25437,0,0
2026-02-10T16:00:00+00:00,2026-02-10,21:30:00,1770739200,154.207,154.589,154.054,154.316,12160,0,0
2026-02-10T20:00:00+00:00,2026-02-11,01:30:00,1770753600,154.317,154.507,154.245,154.502,3963,0,0
2026-02-11T00:00:00+00:00,2026-02-11,05:30:00,1770768000,154.502,154.52,153.545,153.561,15232,0,0
2026-02-11T04:00:00+00:00,2026-02-11,09:30:00,1770782400,153.562,153.585,152.799,153.107,16238,0,0
2026-02-11T08:00:00+00:00,2026-02-11,13:30:00,1770796800,153.106,153.525,153.024,153.496,14749,0,0
2026-02-11T12:00:00+00:00,2026-02-11,17:30:00,1770811200,153.493,154.654,152.839,153.62,53368,0,0
2026-02-11T16:00:00+00:00,2026-02-11,21:30:00,1770825600,153.619,153.686,152.554,152.944,21260,0,0
2026-02-11T20:00:00+00:00,2026-02-12,01:30:00,1770840000,152.944,153.303,152.921,153.272,6296,0,0
2026-02-12T00:00:00+00:00,2026-02-12,05:30:00,1770854400,153.27,153.45,152.269,152.56,22294,0,0
2026-02-12T04:00:00+00:00,2026-02-12,09:30:00,1770868800,152.56,153.552,152.431,153.036,25403,0,0
2026-02-12T08:00:00+00:00,2026-02-12,13:30:00,1770883200,153.035,153.334,152.803,153.314,16453,0,0
2026-02-12T12:00:00+00:00,2026-02-12,17:30:00,1770897600,153.311,153.759,152.627,152.652,23293,0,0
2026-02-12T16:00:00+00:00,2026-02-12,21:30:00,1770912000,152.649,152.992,152.364,152.902,24917,0,0
2026-02-12T20:00:00+00:00,2026-02-13,01:30:00,1770926400,152.904,152.929,152.62,152.795,5978,0,0
2026-02-13T00:00:00+00:00,2026-02-13,05:30:00,1770940800,152.793,153.348,152.732,152.952,18318,0,0
2026-02-13T04:00:00+00:00,2026-02-13,09:30:00,1770955200,152.952,153.599,152.844,153.401,15089,0,0
2026-02-13T08:00:00+00:00,2026-02-13,13:30:00,1770969600,153.4,153.668,153.232,153.362,14750,0,0
2026-02-13T12:00:00+00:00,2026-02-13,17:30:00,1770984000,153.36,153.4,152.785,153.131,26851,0,0
2026-02-13T16:00:00+00:00,2026-02-13,21:30:00,1770998400,153.129,153.227,152.596,152.782,11923,0,0
2026-02-13T20:00:00+00:00,2026-02-14,01:30:00,1771012800,152.784,152.841,152.624,152.691,3430,0,0
2026-02-15T20:00:00+00:00,2026-02-16,01:30:00,1771185600,152.637,152.856,152.611,152.802,2103,0,0
2026-02-16T00:00:00+00:00,2026-02-16,05:30:00,1771200000,152.801,153.168,152.767,153.068,10894,0,0
2026-02-16T04:00:00+00:00,2026-02-16,09:30:00,1771214400,153.069,153.389,152.986,153.343,7359,0,0
2026-02-16T08:00:00+00:00,2026-02-16,13:30:00,1771228800,153.341,153.639,153.218,153.372,9914,0,0
2026-02-16T12:00:00+00:00,2026-02-16,17:30:00,1771243200,153.37,153.483,153.254,153.464,7341,0,0
2026-02-16T16:00:00+00:00,2026-02-16,21:30:00,1771257600,153.461,153.576,153.404,153.484,3869,0,0
2026-02-16T20:00:00+00:00,2026-02-17,01:30:00,1771272000,153.484,153.735,153.42,153.561,2728,0,0
2026-02-17T00:00:00+00:00,2026-02-17,05:30:00,1771286400,153.559,153.588,153.02,153.179,17781,0,0
2026-02-17T04:00:00+00:00,2026-02-17,09:30:00,1771300800,153.182,153.226,152.829,153.086,14307,0,0
2026-02-17T08:00:00+00:00,2026-02-17,13:30:00,1771315200,153.085,153.185,152.7,153.133,12147,0,0
2026-02-17T12:00:00+00:00,2026-02-17,17:30:00,1771329600,153.134,153.927,153.025,153.798,19152,0,0
2026-02-17T16:00:00+00:00,2026-02-17,21:30:00,1771344000,153.8,153.848,153.233,153.257,10770,0,0
2026-02-17T20:00:00+00:00,2026-02-18,01:30:00,1771358400,153.258,153.306,153.116,153.135,4500,0,0
2026-02-18T00:00:00+00:00,2026-02-18,05:30:00,1771372800,153.131,153.706,153.069,153.605,12179,0,0
2026-02-18T04:00:00+00:00,2026-02-18,09:30:00,1771387200,153.604,153.718,153.392,153.67,8276,0,0
2026-02-18T08:00:00+00:00,2026-02-18,13:30:00,1771401600,153.67,153.862,153.577,153.711,8885,0,0
2026-02-18T12:00:00+00:00,2026-02-18,17:30:00,1771416000,153.712,154.443,153.55,154.282,16706,0,0
2026-02-18T16:00:00+00:00,2026-02-18,21:30:00,1771430400,154.284,154.873,154.234,154.723,14769,0,0
2026-02-18T20:00:00+00:00,2026-02-19,01:30:00,1771444800,154.725,154.852,154.637,154.688,5001,0,0
2026-02-19T00:00:00+00:00,2026-02-19,05:30:00,1771459200,154.686,155.27,154.62,155.141,14073,0,0
2026-02-19T04:00:00+00:00,2026-02-19,09:30:00,1771473600,155.138,155.346,154.933,154.978,11383,0,0
2026-02-19T08:00:00+00:00,2026-02-19,13:30:00,1771488000,154.975,155.03,154.574,154.627,13053,0,0
2026-02-19T12:00:00+00:00,2026-02-19,17:30:00,1771502400,154.627,155.285,154.541,154.998,17720,0,0
2026-02-19T16:00:00+00:00,2026-02-19,21:30:00,1771516800,155.002,155.131,154.828,155.083,9852,0,0
2026-02-19T20:00:00+00:00,2026-02-20,01:30:00,1771531200,155.083,155.209,154.873,155.198,4513,0,0
2026-02-20T00:00:00+00:00,2026-02-20,05:30:00,1771545600,155.199,155.319,154.898,155.142,13613,0,0
2026-02-20T04:00:00+00:00,2026-02-20,09:30:00,1771560000,155.143,155.507,154.946,155.498,11430,0,0
2026-02-20T08:00:00+00:00,2026-02-20,13:30:00,1771574400,155.5,155.647,155.126,155.224,12708,0,0
2026-02-20T12:00:00+00:00,2026-02-20,17:30:00,1771588800,155.226,155.538,154.77,154.855,26414,0,0
2026-02-20T16:00:00+00:00,2026-02-20,21:30:00,1771603200,154.854,155.205,154.715,155.13,17079,0,0
2026-02-20T20:00:00+00:00,2026-02-21,01:30:00,1771617600,155.13,155.165,154.951,155.076,3232,0,0
2026-02-22T20:00:00+00:00,2026-02-23,01:30:00,1771790400,154.857,154.948,154.314,154.348,3150,0,0
2026-02-23T00:00:00+00:00,2026-02-23,05:30:00,1771804800,154.348,154.473,153.994,154.262,15956,0,0
2026-02-23T04:00:00+00:00,2026-02-23,09:30:00,1771819200,154.261,154.612,154.223,154.485,9817,0,0
2026-02-23T08:00:00+00:00,2026-02-23,13:30:00,1771833600,154.482,154.948,154.457,154.923,10747,0,0
2026-02-23T12:00:00+00:00,2026-02-23,17:30:00,1771848000,154.925,155.047,154.355,154.43,15740,0,0
2026-02-23T16:00:00+00:00,2026-02-23,21:30:00,1771862400,154.432,154.67,154.223,154.617,10332,0,0
2026-02-23T20:00:00+00:00,2026-02-24,01:30:00,1771876800,154.617,154.764,154.521,154.665,4514,0,0
2026-02-24T00:00:00+00:00,2026-02-24,05:30:00,1771891200,154.663,155.138,154.625,155.118,12944,0,0
2026-02-24T04:00:00+00:00,2026-02-24,09:30:00,1771905600,155.116,156.17,154.947,156.097,20169,0,0
2026-02-24T08:00:00+00:00,2026-02-24,13:30:00,1771920000,156.098,156.284,155.68,155.885,16495,0,0
2026-02-24T12:00:00+00:00,2026-02-24,17:30:00,1771934400,155.884,156.176,155.771,155.912,14982,0,0
2026-02-24T16:00:00+00:00,2026-02-24,21:30:00,1771948800,155.915,155.933,155.586,155.779,8763,0,0
2026-02-24T20:00:00+00:00,2026-02-25,01:30:00,1771963200,155.779,155.928,155.743,155.911,4031,0,0
2026-02-25T00:00:00+00:00,2026-02-25,05:30:00,1771977600,155.912,156.044,155.348,155.824,20342,0,0
2026-02-25T04:00:00+00:00,2026-02-25,09:30:00,1771992000,155.825,156.047,155.529,155.922,12303,0,0
2026-02-25T08:00:00+00:00,2026-02-25,13:30:00,1772006400,155.921,156.828,155.911,156.795,15787,0,0
2026-02-25T12:00:00+00:00,2026-02-25,17:30:00,1772020800,156.796,156.798,156.336,156.374,13697,0,0
2026-02-25T16:00:00+00:00,2026-02-25,21:30:00,1772035200,156.372,156.542,156.239,156.445,8366,0,0
2026-02-25T20:00:00+00:00,2026-02-26,01:30:00,1772049600,156.445,156.475,156.121,156.172,4914,0,0
2026-02-26T00:00:00+00:00,2026-02-26,05:30:00,1772064000,156.171,156.237,155.755,155.942,13337,0,0
2026-02-26T04:00:00+00:00,2026-02-26,09:30:00,1772078400,155.939,156.172,155.697,156.054,12626,0,0
2026-02-26T08:00:00+00:00,2026-02-26,13:30:00,1772092800,156.052,156.177,155.916,156.077,9230,0,0
2026-02-26T12:00:00+00:00,2026-02-26,17:30:00,1772107200,156.078,156.254,155.832,156.041,15728,0,0
2026-02-26T16:00:00+00:00,2026-02-26,21:30:00,1772121600,156.044,156.433,156.041,156.133,10701,0,0
2026-02-26T20:00:00+00:00,2026-02-27,01:30:00,1772136000,156.132,156.15,155.83,155.861,4922,0,0
2026-02-27T00:00:00+00:00,2026-02-27,05:30:00,1772150400,155.86,155.99,155.671,155.773,15112,0,0
2026-02-27T04:00:00+00:00,2026-02-27,09:30:00,1772164800,155.775,156.124,155.538,156.083,10908,0,0
2026-02-27T08:00:00+00:00,2026-02-27,13:30:00,1772179200,156.082,156.235,155.866,155.912,9924,0,0
2026-02-27T12:00:00+00:00,2026-02-27,17:30:00,1772193600,155.91,156.23,155.836,156.074,16499,0,0
2026-02-27T16:00:00+00:00,2026-02-27,21:30:00,1772208000,156.072,156.144,155.886,156.018,10185,0,0
2026-02-27T20:00:00+00:00,2026-02-28,01:30:00,1772222400,156.016,156.191,155.963,156.068,2977,0,0
2026-03-01T20:00:00+00:00,2026-03-02,01:30:00,1772395200,156.062,156.66,156.042,156.636,4530,0,0
2026-03-02T00:00:00+00:00,2026-03-02,05:30:00,1772409600,156.637,156.81,156.158,156.322,22675,0,0
2026-03-02T04:00:00+00:00,2026-03-02,09:30:00,1772424000,156.321,157.043,156.286,156.98,18141,0,0
2026-03-02T08:00:00+00:00,2026-03-02,13:30:00,1772438400,156.982,157.254,156.796,156.962,15843,0,0
2026-03-02T12:00:00+00:00,2026-03-02,17:30:00,1772452800,156.96,157.754,156.959,157.733,19867,0,0
2026-03-02T16:00:00+00:00,2026-03-02,21:30:00,1772467200,157.735,157.754,157.122,157.153,14103,0,0
2026-03-02T20:00:00+00:00,2026-03-03,01:30:00,1772481600,157.152,157.497,157.116,157.269,8964,0,0
2026-03-03T00:00:00+00:00,2026-03-03,05:30:00,1772496000,157.274,157.603,157.177,157.283,16425,0,0
2026-03-03T04:00:00+00:00,2026-03-03,09:30:00,1772510400,157.283,157.489,157.15,157.41,13928,0,0
2026-03-03T08:00:00+00:00,2026-03-03,13:30:00,1772524800,157.412,157.969,157.301,157.682,19903,0,0
2026-03-03T12:00:00+00:00,2026-03-03,17:30:00,1772539200,157.685,157.956,157.499,157.844,24171,0,0
2026-03-03T16:00:00+00:00,2026-03-03,21:30:00,1772553600,157.844,157.929,157.472,157.666,19328,0,0
2026-03-03T20:00:00+00:00,2026-03-04,01:30:00,1772568000,157.664,157.794,157.463,157.765,7081,0,0
2026-03-04T00:00:00+00:00,2026-03-04,05:30:00,1772582400,157.768,157.868,157.369,157.41,16192,0,0
2026-03-04T04:00:00+00:00,2026-03-04,09:30:00,1772596800,157.409,157.657,157.177,157.463,13341,0,0
2026-03-04T08:00:00+00:00,2026-03-04,13:30:00,1772611200,157.464,157.536,156.855,157.22,19350,0,0
2026-03-04T12:00:00+00:00,2026-03-04,17:30:00,1772625600,157.218,157.417,157.039,157.123,20506,0,0
2026-03-04T16:00:00+00:00,2026-03-04,21:30:00,1772640000,157.121,157.171,156.881,157.002,10703,0,0
2026-03-04T20:00:00+00:00,2026-03-05,01:30:00,1772654400,157.003,157.117,156.945,156.983,4830,0,0
2026-03-05T00:00:00+00:00,2026-03-05,05:30:00,1772668800,156.981,157.086,156.454,156.992,15289,0,0
2026-03-05T04:00:00+00:00,2026-03-05,09:30:00,1772683200,156.994,157.295,156.961,157.261,14452,0,0
2026-03-05T08:00:00+00:00,2026-03-05,13:30:00,1772697600,157.257,157.379,156.901,157.347,18217,0,0
2026-03-05T12:00:00+00:00,2026-03-05,17:30:00,1772712000,157.35,157.782,157.292,157.623,17498,0,0
2026-03-05T16:00:00+00:00,2026-03-05,21:30:00,1772726400,157.62,157.851,157.531,157.816,16091,0,0
2026-03-05T20:00:00+00:00,2026-03-06,01:30:00,1772740800,157.813,157.848,157.414,157.57,8565,0,0
2026-03-06T00:00:00+00:00,2026-03-06,05:30:00,1772755200,157.568,157.593,157.381,157.492,12090,0,0
2026-03-06T04:00:00+00:00,2026-03-06,09:30:00,1772769600,157.492,157.904,157.491,157.542,10529,0,0
2026-03-06T08:00:00+00:00,2026-03-06,13:30:00,1772784000,157.539,157.998,157.498,157.955,12179,0,0
2026-03-06T12:00:00+00:00,2026-03-06,17:30:00,1772798400,157.954,158.093,157.387,157.588,30220,0,0
2026-03-06T16:00:00+00:00,2026-03-06,21:30:00,1772812800,157.591,157.878,157.512,157.876,17038,0,0
2026-03-06T20:00:00+00:00,2026-03-07,01:30:00,1772827200,157.876,157.964,157.802,157.808,4430,0,0
2026-03-08T20:00:00+00:00,2026-03-09,01:30:00,1773000000,158.065,158.465,158.055,158.406,8502,0,0
2026-03-09T00:00:00+00:00,2026-03-09,05:30:00,1773014400,158.403,158.905,158.31,158.86,16455,0,0
2026-03-09T04:00:00+00:00,2026-03-09,09:30:00,1773028800,158.858,158.872,158.328,158.464,18964,0,0
2026-03-09T08:00:00+00:00,2026-03-09,13:30:00,1773043200,158.462,158.69,158.193,158.471,22107,0,0
2026-03-09T12:00:00+00:00,2026-03-09,17:30:00,1773057600,158.469,158.603,157.997,158.087,24763,0,0
2026-03-09T16:00:00+00:00,2026-03-09,21:30:00,1773072000,158.089,158.418,157.641,157.858,19993,0,0
2026-03-09T20:00:00+00:00,2026-03-10,01:30:00,1773086400,157.827,157.958,157.627,157.879,7679,0,0
2026-03-10T00:00:00+00:00,2026-03-10,05:30:00,1773100800,157.882,157.955,157.532,157.889,16783,0,0
2026-03-10T04:00:00+00:00,2026-03-10,09:30:00,1773115200,157.888,157.934,157.274,157.302,11563,0,0
2026-03-10T08:00:00+00:00,2026-03-10,13:30:00,1773129600,157.305,157.898,157.3,157.798,16495,0,0
2026-03-10T12:00:00+00:00,2026-03-10,17:30:00,1773144000,157.798,157.979,157.551,157.601,18243,0,0
2026-03-10T16:00:00+00:00,2026-03-10,21:30:00,1773158400,157.602,158.139,157.4,158.034,19827,0,0
2026-03-10T20:00:00+00:00,2026-03-11,01:30:00,1773172800,158.035,158.191,157.975,158.107,4266,0,0
2026-03-11T00:00:00+00:00,2026-03-11,05:30:00,1773187200,158.111,158.392,157.92,158.197,11446,0,0
2026-03-11T04:00:00+00:00,2026-03-11,09:30:00,1773201600,158.199,158.278,157.863,158.225,9941,0,0
2026-03-11T08:00:00+00:00,2026-03-11,13:30:00,1773216000,158.227,158.506,158.198,158.505,11779,0,0
2026-03-11T12:00:00+00:00,2026-03-11,17:30:00,1773230400,158.502,158.853,158.306,158.83,19554,0,0
2026-03-11T16:00:00+00:00,2026-03-11,21:30:00,1773244800,158.833,158.981,158.771,158.95,9385,0,0
2026-03-11T20:00:00+00:00,2026-03-12,01:30:00,1773259200,158.948,159.133,158.723,159.088,5008,0,0
2026-03-12T00:00:00+00:00,2026-03-12,05:30:00,1773273600,159.089,159.242,158.788,159.027,10686,0,0
2026-03-12T04:00:00+00:00,2026-03-12,09:30:00,1773288000,159.027,159.159,158.784,158.806,9499,0,0
2026-03-12T08:00:00+00:00,2026-03-12,13:30:00,1773302400,158.802,158.945,158.57,158.696,10944,0,0
2026-03-12T12:00:00+00:00,2026-03-12,17:30:00,1773316800,158.695,159.292,158.68,159.213,17208,0,0
2026-03-12T16:00:00+00:00,2026-03-12,21:30:00,1773331200,159.211,159.431,159.116,159.374,12038,0,0
2026-03-12T20:00:00+00:00,2026-03-13,01:30:00,1773345600,159.375,159.426,159.186,159.245,4981,0,0
2026-03-13T00:00:00+00:00,2026-03-13,05:30:00,1773360000,159.241,159.42,159.01,159.357,12286,0,0
2026-03-13T04:00:00+00:00,2026-03-13,09:30:00,1773374400,159.359,159.689,159.318,159.44,12428,0,0
2026-03-13T08:00:00+00:00,2026-03-13,13:30:00,1773388800,159.439,159.533,159.251,159.289,13109,0,0
2026-03-13T12:00:00+00:00,2026-03-13,17:30:00,1773403200,159.288,159.6,159.005,159.541,17593,0,0
2026-03-13T16:00:00+00:00,2026-03-13,21:30:00,1773417600,159.542,159.695,159.51,159.677,10117,0,0
2026-03-13T20:00:00+00:00,2026-03-14,01:30:00,1773432000,159.679,159.751,159.649,159.735,1244,0,0
2026-03-15T20:00:00+00:00,2026-03-16,01:30:00,1773604800,159.571,159.748,159.479,159.563,4991,0,0
2026-03-16T00:00:00+00:00,2026-03-16,05:30:00,1773619200,159.563,159.644,159.253,159.502,10655,0,0
2026-03-16T04:00:00+00:00,2026-03-16,09:30:00,1773633600,159.502,159.623,159.172,159.291,9352,0,0
2026-03-16T08:00:00+00:00,2026-03-16,13:30:00,1773648000,159.289,159.386,159.098,159.129,9620,0,0
2026-03-16T12:00:00+00:00,2026-03-16,17:30:00,1773662400,159.128,159.329,158.852,159.292,13349,0,0
2026-03-16T16:00:00+00:00,2026-03-16,21:30:00,1773676800,159.291,159.359,158.914,159.153,12223,0,0
2026-03-16T20:00:00+00:00,2026-03-17,01:30:00,1773691200,159.151,159.219,158.998,159.136,3897,0,0
2026-03-17T00:00:00+00:00,2026-03-17,05:30:00,1773705600,159.137,159.454,159.121,159.352,8479,0,0
2026-03-17T04:00:00+00:00,2026-03-17,09:30:00,1773720000,159.35,159.499,159.17,159.235,7511,0,0
2026-03-17T08:00:00+00:00,2026-03-17,13:30:00,1773734400,159.232,159.24,158.964,159.103,9322,0,0
2026-03-17T12:00:00+00:00,2026-03-17,17:30:00,1773748800,159.105,159.155,158.723,159.031,13723,0,0
2026-03-17T16:00:00+00:00,2026-03-17,21:30:00,1773763200,159.03,159.118,158.878,159.041,8824,0,0
2026-03-17T20:00:00+00:00,2026-03-18,01:30:00,1773777600,159.042,159.051,158.837,158.915,3453,0,0
2026-03-18T00:00:00+00:00,2026-03-18,05:30:00,1773792000,158.913,159.142,158.807,158.932,9378,0,0
2026-03-18T04:00:00+00:00,2026-03-18,09:30:00,1773806400,158.932,158.934,158.571,158.761,8630,0,0
2026-03-18T08:00:00+00:00,2026-03-18,13:30:00,1773820800,158.763,159.114,158.763,158.978,8557,0,0
2026-03-18T12:00:00+00:00,2026-03-18,17:30:00,1773835200,158.976,159.589,158.959,159.484,16741,0,0
2026-03-18T16:00:00+00:00,2026-03-18,21:30:00,1773849600,159.484,159.841,159.263,159.822,14188,0,0
2026-03-18T20:00:00+00:00,2026-03-19,01:30:00,1773864000,159.825,159.898,159.657,159.816,5485,0,0
2026-03-19T00:00:00+00:00,2026-03-19,05:30:00,1773878400,159.816,159.852,159.545,159.632,10211,0,0
2026-03-19T04:00:00+00:00,2026-03-19,09:30:00,1773892800,159.632,159.806,159.199,159.24,14236,0,0
2026-03-19T08:00:00+00:00,2026-03-19,13:30:00,1773907200,159.238,159.39,159.036,159.064,17818,0,0
2026-03-19T12:00:00+00:00,2026-03-19,17:30:00,1773921600,159.064,159.297,158.063,158.191,31740,0,0
2026-03-19T16:00:00+00:00,2026-03-19,21:30:00,1773936000,158.192,158.224,157.51,157.648,21652,0,0
2026-03-19T20:00:00+00:00,2026-03-20,01:30:00,1773950400,157.63,157.993,157.581,157.933,5034,0,0
2026-03-20T00:00:00+00:00,2026-03-20,05:30:00,1773964800,157.935,158.403,157.746,158.392,9925,0,0
2026-03-20T04:00:00+00:00,2026-03-20,09:30:00,1773979200,158.391,158.454,158.281,158.295,7371,0,0
2026-03-20T08:00:00+00:00,2026-03-20,13:30:00,1773993600,158.292,158.901,158.258,158.58,12327,0,0
2026-03-20T12:00:00+00:00,2026-03-20,17:30:00,1774008000,158.581,159.263,158.519,159.257,18744,0,0
2026-03-20T16:00:00+00:00,2026-03-20,21:30:00,1774022400,159.257,159.39,159.145,159.301,13957,0,0
2026-03-20T20:00:00+00:00,2026-03-21,01:30:00,1774036800,159.297,159.326,159.227,159.232,1410,0,0
2026-03-22T20:00:00+00:00,2026-03-23,01:30:00,1774209600,159.299,159.473,159.094,159.148,5614,0,0
2026-03-23T00:00:00+00:00,2026-03-23,05:30:00,1774224000,159.147,159.62,159.016,159.457,13362,0,0
2026-03-23T04:00:00+00:00,2026-03-23,09:30:00,1774238400,159.458,159.66,159.348,159.589,12309,0,0
2026-03-23T08:00:00+00:00,2026-03-23,13:30:00,1774252800,159.587,159.653,158.254,158.929,47863,0,0
2026-03-23T12:00:00+00:00,2026-03-23,17:30:00,1774267200,158.932,159.043,158.198,158.702,45275,0,0
2026-03-23T16:00:00+00:00,2026-03-23,21:30:00,1774281600,158.703,158.848,158.019,158.419,20655,0,0
2026-03-23T20:00:00+00:00,2026-03-24,01:30:00,1774296000,158.416,158.513,158.243,158.489,4650,0,0
2026-03-24T00:00:00+00:00,2026-03-24,05:30:00,1774310400,158.486,158.745,158.437,158.733,14735,0,0
2026-03-24T04:00:00+00:00,2026-03-24,09:30:00,1774324800,158.731,158.797,158.406,158.496,12037,0,0
2026-03-24T08:00:00+00:00,2026-03-24,13:30:00,1774339200,158.498,158.801,158.432,158.767,13865,0,0
2026-03-24T12:00:00+00:00,2026-03-24,17:30:00,1774353600,158.768,158.954,158.558,158.903,20650,0,0
2026-03-24T16:00:00+00:00,2026-03-24,21:30:00,1774368000,158.902,159.193,158.8,158.988,16540,0,0
2026-03-24T20:00:00+00:00,2026-03-25,01:30:00,1774382400,158.984,159.033,158.384,158.709,6642,0,0
2026-03-25T00:00:00+00:00,2026-03-25,05:30:00,1774396800,158.707,158.839,158.573,158.804,12055,0,0
2026-03-25T04:00:00+00:00,2026-03-25,09:30:00,1774411200,158.804,159.149,158.793,159.138,8043,0,0
2026-03-25T08:00:00+00:00,2026-03-25,13:30:00,1774425600,159.138,159.204,158.728,158.85,13281,0,0
2026-03-25T12:00:00+00:00,2026-03-25,17:30:00,1774440000,158.848,159.251,158.763,159.206,17506,0,0
2026-03-25T16:00:00+00:00,2026-03-25,21:30:00,1774454400,159.206,159.501,159.124,159.46,11616,0,0
2026-03-25T20:00:00+00:00,2026-03-26,01:30:00,1774468800,159.46,159.494,159.297,159.389,3593,0,0
2026-03-26T00:00:00+00:00,2026-03-26,05:30:00,1774483200,159.392,159.541,159.333,159.452,8495,0,0
2026-03-26T04:00:00+00:00,2026-03-26,09:30:00,1774497600,159.452,159.507,159.285,159.498,7390,0,0
2026-03-26T08:00:00+00:00,2026-03-26,13:30:00,1774512000,159.498,159.673,159.424,159.656,7895,0,0
2026-03-26T12:00:00+00:00,2026-03-26,17:30:00,1774526400,159.658,159.7,159.425,159.655,14193,0,0
2026-03-26T16:00:00+00:00,2026-03-26,21:30:00,1774540800,159.656,159.835,159.617,159.829,7745,0,0
2026-03-26T20:00:00+00:00,2026-03-27,01:30:00,1774555200,159.828,159.847,159.403,159.723,5789,0,0
2026-03-27T00:00:00+00:00,2026-03-27,05:30:00,1774569600,159.726,159.767,159.457,159.615,8411,0,0
2026-03-27T04:00:00+00:00,2026-03-27,09:30:00,1774584000,159.616,159.981,159.555,159.947,7157,0,0
2026-03-27T08:00:00+00:00,2026-03-27,13:30:00,1774598400,159.947,159.955,159.753,159.859,9460,0,0
2026-03-27T12:00:00+00:00,2026-03-27,17:30:00,1774612800,159.859,160.179,159.701,160.169,14008,0,0
2026-03-27T16:00:00+00:00,2026-03-27,21:30:00,1774627200,160.166,160.415,160.071,160.15,12966,0,0
2026-03-27T20:00:00+00:00,2026-03-28,01:30:00,1774641600,160.15,160.331,160.108,160.283,1229,0,0
2026-03-29T20:00:00+00:00,2026-03-30,01:30:00,1774814400,160.2,160.462,160.048,160.239,4643,0,0
2026-03-30T00:00:00+00:00,2026-03-30,05:30:00,1774828800,160.236,160.255,159.737,159.79,10981,0,0
2026-03-30T04:00:00+00:00,2026-03-30,09:30:00,1774843200,159.79,159.859,159.571,159.78,9762,0,0
2026-03-30T08:00:00+00:00,2026-03-30,13:30:00,1774857600,159.776,159.812,159.408,159.519,11233,0,0
2026-03-30T12:00:00+00:00,2026-03-30,17:30:00,1774872000,159.518,159.64,159.326,159.484,12494,0,0
2026-03-30T16:00:00+00:00,2026-03-30,21:30:00,1774886400,159.485,159.713,159.412,159.696,7415,0,0
2026-03-30T20:00:00+00:00,2026-03-31,01:30:00,1774900800,159.697,159.868,159.612,159.845,4529,0,0
2026-03-31T00:00:00+00:00,2026-03-31,05:30:00,1774915200,159.845,159.974,159.592,159.725,12592,0,0
2026-03-31T04:00:00+00:00,2026-03-31,09:30:00,1774929600,159.725,159.791,159.485,159.647,8355,0,0
2026-03-31T08:00:00+00:00,2026-03-31,13:30:00,1774944000,159.644,159.774,159.365,159.419,9896,0,0
2026-03-31T12:00:00+00:00,2026-03-31,17:30:00,1774958400,159.417,159.565,158.901,159.081,19619,0,0
2026-03-31T16:00:00+00:00,2026-03-31,21:30:00,1774972800,159.084,159.206,158.687,158.714,18540,0,0
2026-03-31T20:00:00+00:00,2026-04-01,01:30:00,1774987200,158.711,158.82,158.563,158.591,5506,0,0
2026-04-01T00:00:00+00:00,2026-04-01,05:30:00,1775001600,158.591,159.014,158.453,158.86,11061,0,0
2026-04-01T04:00:00+00:00,2026-04-01,09:30:00,1775016000,158.862,158.937,158.27,158.78,14084,0,0
2026-04-01T08:00:00+00:00,2026-04-01,13:30:00,1775030400,158.782,158.873,158.348,158.35,13221,0,0
2026-04-01T12:00:00+00:00,2026-04-01,17:30:00,1775044800,158.347,158.763,158.302,158.632,20422,0,0
2026-04-01T16:00:00+00:00,2026-04-01,21:30:00,1775059200,158.634,158.946,158.451,158.895,10314,0,0
2026-04-01T20:00:00+00:00,2026-04-02,01:30:00,1775073600,158.896,158.908,158.523,158.715,4715,0,0
2026-04-02T00:00:00+00:00,2026-04-02,05:30:00,1775088000,158.718,159.481,158.584,159.369,18987,0,0
2026-04-02T04:00:00+00:00,2026-04-02,09:30:00,1775102400,159.367,159.718,159.303,159.577,11088,0,0
2026-04-02T08:00:00+00:00,2026-04-02,13:30:00,1775116800,159.577,159.745,159.548,159.705,7737,0,0
2026-04-02T12:00:00+00:00,2026-04-02,17:30:00,1775131200,159.705,159.708,159.232,159.343,17317,0,0
2026-04-02T16:00:00+00:00,2026-04-02,21:30:00,1775145600,159.344,159.729,159.313,159.663,9219,0,0
2026-04-02T20:00:00+00:00,2026-04-03,01:30:00,1775160000,159.663,159.678,159.46,159.472,2070,0,0
2026-04-03T00:00:00+00:00,2026-04-03,05:30:00,1775174400,159.474,159.696,159.41,159.553,3588,45,0
2026-04-03T04:00:00+00:00,2026-04-03,09:30:00,1775188800,159.553,159.668,159.51,159.56,2855,45,0
2026-04-03T08:00:00+00:00,2026-04-03,13:30:00,1775203200,159.559,159.614,159.503,159.534,2703,63,0
2026-04-03T12:00:00+00:00,2026-04-03,17:30:00,1775217600,159.534,159.854,159.487,159.642,5640,0,0
2026-04-03T16:00:00+00:00,2026-04-03,21:30:00,1775232000,159.64,159.668,159.627,159.639,1605,0,0
2026-04-03T20:00:00+00:00,2026-04-04,01:30:00,1775246400,159.639,159.669,159.514,159.643,1539,2,0
2026-04-05T20:00:00+00:00,2026-04-06,01:30:00,1775419200,159.618,159.834,159.415,159.779,4767,0,0
2026-04-06T00:00:00+00:00,2026-04-06,05:30:00,1775433600,159.781,159.806,159.528,159.625,8363,0,0
2026-04-06T04:00:00+00:00,2026-04-06,09:30:00,1775448000,159.625,159.712,159.346,159.389,6677,0,0
2026-04-06T08:00:00+00:00,2026-04-06,13:30:00,1775462400,159.388,159.59,159.305,159.558,7486,0,0
2026-04-06T12:00:00+00:00,2026-04-06,17:30:00,1775476800,159.558,159.804,159.367,159.71,10922,0,0
2026-04-06T16:00:00+00:00,2026-04-06,21:30:00,1775491200,159.711,159.8,159.595,159.691,7233,0,0
2026-04-06T20:00:00+00:00,2026-04-07,01:30:00,1775505600,159.684,159.734,159.56,159.694,2864,0,0
2026-04-07T00:00:00+00:00,2026-04-07,05:30:00,1775520000,159.694,159.934,159.677,159.832,6003,0,0
2026-04-07T04:00:00+00:00,2026-04-07,09:30:00,1775534400,159.832,159.881,159.725,159.863,5848,0,0
2026-04-07T08:00:00+00:00,2026-04-07,13:30:00,1775548800,159.865,159.866,159.468,159.831,12526,0,0
2026-04-07T12:00:00+00:00,2026-04-07,17:30:00,1775563200,159.829,160.03,159.713,159.898,12468,0,0
2026-04-07T16:00:00+00:00,2026-04-07,21:30:00,1775577600,159.897,159.956,159.546,159.585,12834,0,0
2026-04-07T20:00:00+00:00,2026-04-08,01:30:00,1775592000,159.58,159.683,158.6,158.722,15248,0,0
2026-04-08T00:00:00+00:00,2026-04-08,05:30:00,1775606400,158.72,158.791,158.295,158.45,19063,0,0
2026-04-08T04:00:00+00:00,2026-04-08,09:30:00,1775620800,158.447,158.464,158.051,158.218,13114,0,0
2026-04-08T08:00:00+00:00,2026-04-08,13:30:00,1775635200,158.221,158.536,158.127,158.257,10603,0,0
2026-04-08T12:00:00+00:00,2026-04-08,17:30:00,1775649600,158.257,158.467,157.888,158.389,20794,0,0
2026-04-08T16:00:00+00:00,2026-04-08,21:30:00,1775664000,158.389,158.8,158.356,158.541,11764,0,0
2026-04-08T20:00:00+00:00,2026-04-09,01:30:00,1775678400,158.537,158.681,158.388,158.654,3533,0,0
2026-04-09T00:00:00+00:00,2026-04-09,05:30:00,1775692800,158.655,158.953,158.62,158.756,8004,0,0
2026-04-09T04:00:00+00:00,2026-04-09,09:30:00,1775707200,158.756,158.977,158.645,158.972,7606,0,0
2026-04-09T08:00:00+00:00,2026-04-09,13:30:00,1775721600,158.969,159.113,158.838,158.895,7437,0,0
2026-04-09T12:00:00+00:00,2026-04-09,17:30:00,1775736000,158.895,159.297,158.857,158.875,14821,0,0
2026-04-09T16:00:00+00:00,2026-04-09,21:30:00,1775750400,158.872,159.097,158.633,159.093,10943,0,0
2026-04-09T20:00:00+00:00,2026-04-10,01:30:00,1775764800,159.085,159.127,158.948,159.092,2922,0,0
2026-04-10T00:00:00+00:00,2026-04-10,05:30:00,1775779200,159.094,159.245,159.024,159.143,7131,0,0
2026-04-10T04:00:00+00:00,2026-04-10,09:30:00,1775793600,159.142,159.375,159.126,159.341,6444,0,0
2026-04-10T08:00:00+00:00,2026-04-10,13:30:00,1775808000,159.342,159.357,159.162,159.181,7203,0,0
2026-04-10T12:00:00+00:00,2026-04-10,17:30:00,1775822400,159.178,159.247,158.911,159.229,12543,0,0
2026-04-10T16:00:00+00:00,2026-04-10,21:30:00,1775836800,159.232,159.352,159.218,159.304,6945,0,0
2026-04-10T20:00:00+00:00,2026-04-11,01:30:00,1775851200,159.301,159.319,159.261,159.301,617,0,0
2026-04-12T20:00:00+00:00,2026-04-13,01:30:00,1776024000,159.562,159.856,159.509,159.679,4461,0,0
2026-04-13T00:00:00+00:00,2026-04-13,05:30:00,1776038400,159.682,159.848,159.656,159.683,7582,0,0
2026-04-13T04:00:00+00:00,2026-04-13,09:30:00,1776052800,159.682,159.777,159.561,159.606,6303,0,0
2026-04-13T08:00:00+00:00,2026-04-13,13:30:00,1776067200,159.609,159.853,159.569,159.845,6035,0,0
2026-04-13T12:00:00+00:00,2026-04-13,17:30:00,1776081600,159.845,159.867,159.508,159.742,12458,0,0
2026-04-13T16:00:00+00:00,2026-04-13,21:30:00,1776096000,159.745,159.788,159.293,159.384,10612,0,0
2026-04-13T20:00:00+00:00,2026-04-14,01:30:00,1776110400,159.378,159.457,159.205,159.221,3732,0,0
2026-04-14T00:00:00+00:00,2026-04-14,05:30:00,1776124800,159.221,159.337,159.076,159.094,7546,0,0
2026-04-14T04:00:00+00:00,2026-04-14,09:30:00,1776139200,159.093,159.285,158.95,159.069,8011,0,0
2026-04-14T08:00:00+00:00,2026-04-14,13:30:00,1776153600,159.072,159.17,158.703,158.776,9859,0,0
2026-04-14T12:00:00+00:00,2026-04-14,17:30:00,1776168000,158.774,158.923,158.603,158.918,13368,0,0
2026-04-14T16:00:00+00:00,2026-04-14,21:30:00,1776182400,158.916,158.938,158.685,158.868,6163,0,0
2026-04-14T20:00:00+00:00,2026-04-15,01:30:00,1776196800,158.864,158.89,158.766,158.802,3899,0,0
2026-04-15T00:00:00+00:00,2026-04-15,05:30:00,1776211200,158.805,159.066,158.739,158.986,8553,0,0
2026-04-15T04:00:00+00:00,2026-04-15,09:30:00,1776225600,158.985,159.029,158.864,158.93,6520,0,0
2026-04-15T08:00:00+00:00,2026-04-15,13:30:00,1776240000,158.933,159.098,158.646,159.027,11205,0,0
2026-04-15T12:00:00+00:00,2026-04-15,17:30:00,1776254400,159.028,159.153,158.865,159.026,11178,0,0
2026-04-15T16:00:00+00:00,2026-04-15,21:30:00,1776268800,159.028,159.125,158.753,158.977,9013,0,0
2026-04-15T20:00:00+00:00,2026-04-16,01:30:00,1776283200,158.974,159.004,158.796,158.819,3425,0,0
2026-04-16T00:00:00+00:00,2026-04-16,05:30:00,1776297600,158.818,158.852,158.264,158.67,10353,0,0
2026-04-16T04:00:00+00:00,2026-04-16,09:30:00,1776312000,158.67,158.953,158.654,158.867,8781,0,0
2026-04-16T08:00:00+00:00,2026-04-16,13:30:00,1776326400,158.863,159.133,158.852,158.962,8042,0,0
2026-04-16T12:00:00+00:00,2026-04-16,17:30:00,1776340800,158.961,159.31,158.933,159.075,12909,0,0
2026-04-16T16:00:00+00:00,2026-04-16,21:30:00,1776355200,159.075,159.293,159.025,159.168,8074,0,0
2026-04-16T20:00:00+00:00,2026-04-17,01:30:00,1776369600,159.157,159.229,159.027,159.206,2686,0,0
2026-04-17T00:00:00+00:00,2026-04-17,05:30:00,1776384000,159.208,159.466,159.18,159.391,6292,0,0
2026-04-17T04:00:00+00:00,2026-04-17,09:30:00,1776398400,159.39,159.535,159.277,159.281,6936,0,0
2026-04-17T08:00:00+00:00,2026-04-17,13:30:00,1776412800,159.279,159.306,159.007,159.176,7568,0,0
2026-04-17T12:00:00+00:00,2026-04-17,17:30:00,1776427200,159.173,159.179,157.59,158.102,35379,0,0
2026-04-17T16:00:00+00:00,2026-04-17,21:30:00,1776441600,158.104,158.588,157.963,158.562,13190,0,0
2026-04-17T20:00:00+00:00,2026-04-18,01:30:00,1776456000,158.562,158.637,158.542,158.615,1079,0,0
2026-04-19T20:00:00+00:00,2026-04-20,01:30:00,1776628800,158.76,159.198,158.754,159.16,4755,0,0
2026-04-20T00:00:00+00:00,2026-04-20,05:30:00,1776643200,159.157,159.204,158.794,158.883,9574,0,0
2026-04-20T04:00:00+00:00,2026-04-20,09:30:00,1776657600,158.883,159.052,158.728,158.967,10035,0,0
2026-04-20T08:00:00+00:00,2026-04-20,13:30:00,1776672000,158.97,159.078,158.759,158.839,9998,0,0
2026-04-20T12:00:00+00:00,2026-04-20,17:30:00,1776686400,158.841,158.977,158.551,158.674,16221,0,0
2026-04-20T16:00:00+00:00,2026-04-20,21:30:00,1776700800,158.671,158.924,158.608,158.842,8620,0,0
2026-04-20T20:00:00+00:00,2026-04-21,01:30:00,1776715200,158.842,158.905,158.726,158.854,4269,0,0
2026-04-21T00:00:00+00:00,2026-04-21,05:30:00,1776729600,158.854,158.998,158.836,158.986,5909,0,0
2026-04-21T04:00:00+00:00,2026-04-21,09:30:00,1776744000,158.986,159.02,158.794,159.02,6471,0,0
2026-04-21T08:00:00+00:00,2026-04-21,13:30:00,1776758400,159.022,159.257,159.021,159.051,8034,0,0
2026-04-21T12:00:00+00:00,2026-04-21,17:30:00,1776772800,159.048,159.442,159.016,159.396,12959,0,0
2026-04-21T16:00:00+00:00,2026-04-21,21:30:00,1776787200,159.394,159.64,159.17,159.608,15308,0,0
2026-04-21T20:00:00+00:00,2026-04-22,01:30:00,1776801600,159.606,159.639,159.297,159.38,4791,0,0
2026-04-22T00:00:00+00:00,2026-04-22,05:30:00,1776816000,159.378,159.402,159.175,159.396,8017,0,0
2026-04-22T04:00:00+00:00,2026-04-22,09:30:00,1776830400,159.396,159.396,159.107,159.222,7918,0,0
2026-04-22T08:00:00+00:00,2026-04-22,13:30:00,1776844800,159.22,159.374,159.193,159.251,8167,0,0
2026-04-22T12:00:00+00:00,2026-04-22,17:30:00,1776859200,159.253,159.514,159.114,159.496,13157,0,0
2026-04-22T16:00:00+00:00,2026-04-22,21:30:00,1776873600,159.496,159.531,159.415,159.486,5827,0,0
2026-04-22T20:00:00+00:00,2026-04-23,01:30:00,1776888000,159.544,159.573,159.327,159.489,2855,0,0
2026-04-23T00:00:00+00:00,2026-04-23,05:30:00,1776902400,159.49,159.692,159.297,159.545,11824,0,0
2026-04-23T04:00:00+00:00,2026-04-23,09:30:00,1776916800,159.545,159.701,159.517,159.602,6712,0,0
2026-04-23T08:00:00+00:00,2026-04-23,13:30:00,1776931200,159.6,159.782,159.502,159.553,8754,0,0
2026-04-23T12:00:00+00:00,2026-04-23,17:30:00,1776945600,159.555,159.63,159.315,159.443,14121,0,0
2026-04-23T16:00:00+00:00,2026-04-23,21:30:00,1776960000,159.445,159.849,159.426,159.698,16078,0,0
2026-04-23T20:00:00+00:00,2026-04-24,01:30:00,1776974400,159.696,159.788,159.525,159.757,3274,0,0
2026-04-24T00:00:00+00:00,2026-04-24,05:30:00,1776988800,159.756,159.844,159.679,159.791,6623,0,0
2026-04-24T04:00:00+00:00,2026-04-24,09:30:00,1777003200,159.791,159.816,159.604,159.672,6610,0,0
2026-04-24T08:00:00+00:00,2026-04-24,13:30:00,1777017600,159.674,159.774,159.335,159.428,10763,0,0
2026-04-24T12:00:00+00:00,2026-04-24,17:30:00,1777032000,159.425,159.652,159.332,159.358,16175,0,0
2026-04-24T16:00:00+00:00,2026-04-24,21:30:00,1777046400,159.356,159.467,159.306,159.418,8457,0,0
2026-04-24T20:00:00+00:00,2026-04-25,01:30:00,1777060800,159.416,159.425,159.336,159.37,721,0,0
2026-04-26T20:00:00+00:00,2026-04-27,01:30:00,1777233600,159.425,159.598,159.425,159.585,2817,0,0
2026-04-27T00:00:00+00:00,2026-04-27,05:30:00,1777248000,159.583,159.584,159.193,159.229,8412,0,0
2026-04-27T04:00:00+00:00,2026-04-27,09:30:00,1777262400,159.227,159.483,159.15,159.228,7464,0,0
2026-04-27T08:00:00+00:00,2026-04-27,13:30:00,1777276800,159.229,159.276,159.095,159.196,6775,0,0
2026-04-27T12:00:00+00:00,2026-04-27,17:30:00,1777291200,159.193,159.315,159.106,159.295,10794,0,0
2026-04-27T16:00:00+00:00,2026-04-27,21:30:00,1777305600,159.294,159.462,159.278,159.423,6060,0,0
2026-04-27T20:00:00+00:00,2026-04-28,01:30:00,1777320000,159.419,159.464,159.354,159.368,2320,0,0
2026-04-28T00:00:00+00:00,2026-04-28,05:30:00,1777334400,159.369,159.569,158.986,159.078,9885,0,0
2026-04-28T04:00:00+00:00,2026-04-28,09:30:00,1777348800,159.078,159.548,158.962,159.536,11026,0,0
2026-04-28T08:00:00+00:00,2026-04-28,13:30:00,1777363200,159.534,159.792,159.418,159.757,10117,0,0
2026-04-28T12:00:00+00:00,2026-04-28,17:30:00,1777377600,159.754,159.784,159.416,159.544,15479,0,0
2026-04-28T16:00:00+00:00,2026-04-28,21:30:00,1777392000,159.544,159.688,159.508,159.658,6641,0,0
2026-04-28T20:00:00+00:00,2026-04-29,01:30:00,1777406400,159.66,159.665,159.505,159.559,2216,0,0
2026-04-29T00:00:00+00:00,2026-04-29,05:30:00,1777420800,159.556,159.665,159.519,159.619,5916,0,0
2026-04-29T04:00:00+00:00,2026-04-29,09:30:00,1777435200,159.618,159.741,159.605,159.671,5178,0,0
2026-04-29T08:00:00+00:00,2026-04-29,13:30:00,1777449600,159.674,159.855,159.637,159.846,6417,0,0
2026-04-29T12:00:00+00:00,2026-04-29,17:30:00,1777464000,159.848,160.328,159.816,160.235,12071,0,0
2026-04-29T16:00:00+00:00,2026-04-29,21:30:00,1777478400,160.235,160.443,160.168,160.381,14900,0,0
2026-04-29T20:00:00+00:00,2026-04-30,01:30:00,1777492800,160.38,160.451,160.152,160.203,4735,0,0
2026-04-30T00:00:00+00:00,2026-04-30,05:30:00,1777507200,160.201,160.427,160.073,160.423,10128,0,0
2026-04-30T04:00:00+00:00,2026-04-30,09:30:00,1777521600,160.425,160.728,159.792,160.137,11630,0,0
2026-04-30T08:00:00+00:00,2026-04-30,13:30:00,1777536000,160.139,160.181,155.555,156.377,100923,0,0
2026-04-30T12:00:00+00:00,2026-04-30,17:30:00,1777550400,156.374,157.113,156.203,156.664,39514,0,0
2026-04-30T16:00:00+00:00,2026-04-30,21:30:00,1777564800,156.662,156.743,156.306,156.565,14085,0,0
2026-04-30T20:00:00+00:00,2026-05-01,01:30:00,1777579200,156.55,157.024,156.486,156.993,5411,0,0
2026-05-01T00:00:00+00:00,2026-05-01,05:30:00,1777593600,156.991,157.33,156.965,157.187,16323,0,0
2026-05-01T04:00:00+00:00,2026-05-01,09:30:00,1777608000,157.187,157.3,155.491,156.445,26658,0,0
2026-05-01T08:00:00+00:00,2026-05-01,13:30:00,1777622400,156.624,156.764,156.264,156.581,14939,0,0
2026-05-01T12:00:00+00:00,2026-05-01,17:30:00,1777636800,156.581,156.899,156.334,156.76,22975,0,0
2026-05-01T16:00:00+00:00,2026-05-01,21:30:00,1777651200,156.76,157.122,156.671,157.062,11593,0,0
2026-05-01T20:00:00+00:00,2026-05-02,01:30:00,1777665600,157.063,157.086,156.964,157.064,1357,0,0
2026-05-03T20:00:00+00:00,2026-05-04,01:30:00,1777838400,156.737,156.922,156.62,156.9,3235,0,0
2026-05-04T00:00:00+00:00,2026-05-04,05:30:00,1777852800,156.903,157.25,155.698,156.206,27575,0,0
2026-05-04T04:00:00+00:00,2026-05-04,09:30:00,1777867200,156.206,156.986,156.138,156.896,18899,0,0
2026-05-04T08:00:00+00:00,2026-05-04,13:30:00,1777881600,156.897,157.207,156.885,157.176,13299,0,0
2026-05-04T12:00:00+00:00,2026-05-04,17:30:00,1777896000,157.176,157.305,156.927,157.201,16816,0,0
2026-05-04T16:00:00+00:00,2026-05-04,21:30:00,1777910400,157.203,157.305,156.535,157.097,15381,0,0
2026-05-04T20:00:00+00:00,2026-05-05,01:30:00,1777924800,157.096,157.275,157.096,157.215,3100,0,0
2026-05-05T00:00:00+00:00,2026-05-05,05:30:00,1777939200,157.218,157.272,157.168,157.268,5657,0,0
2026-05-05T04:00:00+00:00,2026-05-05,09:30:00,1777953600,157.267,157.304,157.08,157.237,7642,0,0
2026-05-05T08:00:00+00:00,2026-05-05,13:30:00,1777968000,157.237,157.898,157.11,157.744,16119,0,0
2026-05-05T12:00:00+00:00,2026-05-05,17:30:00,1777982400,157.747,157.84,157.608,157.683,14145,0,0
2026-05-05T16:00:00+00:00,2026-05-05,21:30:00,1777996800,157.683,157.92,157.654,157.882,5345,0,0
2026-05-05T20:00:00+00:00,2026-05-06,01:30:00,1778011200,157.88,157.929,157.542,157.678,5021,0,0
2026-05-06T00:00:00+00:00,2026-05-06,05:30:00,1778025600,157.679,157.895,157.552,157.779,10348,0,0
2026-05-06T04:00:00+00:00,2026-05-06,09:30:00,1778040000,157.776,157.83,155.03,155.826,65074,0,0
2026-05-06T08:00:00+00:00,2026-05-06,13:30:00,1778054400,155.828,156.292,155.615,156.088,29465,0,0
2026-05-06T12:00:00+00:00,2026-05-06,17:30:00,1778068800,156.088,156.46,156.048,156.439,18882,0,0
2026-05-06T16:00:00+00:00,2026-05-06,21:30:00,1778083200,156.44,156.515,156.35,156.419,9392,0,0
2026-05-06T20:00:00+00:00,2026-05-07,01:30:00,1778097600,156.42,156.528,156.157,156.521,4235,0,0
2026-05-07T00:00:00+00:00,2026-05-07,05:30:00,1778112000,156.524,156.528,156.021,156.418,13593,0,0
2026-05-07T04:00:00+00:00,2026-05-07,09:30:00,1778126400,156.418,156.423,156.022,156.262,11459,0,0
2026-05-07T08:00:00+00:00,2026-05-07,13:30:00,1778140800,156.261,156.475,156.185,156.404,8713,0,0
2026-05-07T12:00:00+00:00,2026-05-07,17:30:00,1778155200,156.401,156.516,156.168,156.484,12044,0,0
2026-05-07T16:00:00+00:00,2026-05-07,21:30:00,1778169600,156.482,156.877,156.471,156.875,13080,0,0
2026-05-07T20:00:00+00:00,2026-05-08,01:30:00,1778184000,156.865,156.948,156.711,156.85,4212,0,0
2026-05-08T00:00:00+00:00,2026-05-08,05:30:00,1778198400,156.852,156.992,156.77,156.839,8112,0,0
2026-05-08T04:00:00+00:00,2026-05-08,09:30:00,1778212800,156.84,156.904,156.715,156.833,7350,0,0
2026-05-08T08:00:00+00:00,2026-05-08,13:30:00,1778227200,156.833,156.861,156.631,156.751,6986,0,0
2026-05-08T12:00:00+00:00,2026-05-08,17:30:00,1778241600,156.751,156.832,156.434,156.643,14275,0,0
2026-05-08T16:00:00+00:00,2026-05-08,21:30:00,1778256000,156.645,156.777,156.594,156.733,6025,0,0
2026-05-08T20:00:00+00:00,2026-05-09,01:30:00,1778270400,156.733,156.762,156.657,156.684,975,0,0
2026-05-10T20:00:00+00:00,2026-05-11,01:30:00,1778443200,156.567,156.949,156.505,156.868,2786,0,0
2026-05-11T00:00:00+00:00,2026-05-11,05:30:00,1778457600,156.87,157.179,156.833,157.157,7636,0,0
2026-05-11T04:00:00+00:00,2026-05-11,09:30:00,1778472000,157.157,157.162,156.991,157.121,5730,0,0
2026-05-11T08:00:00+00:00,2026-05-11,13:30:00,1778486400,157.121,157.163,156.949,157.12,5853,0,0
2026-05-11T12:00:00+00:00,2026-05-11,17:30:00,1778500800,157.117,157.142,156.979,157.045,8359,0,0
2026-05-11T16:00:00+00:00,2026-05-11,21:30:00,1778515200,157.048,157.269,157.036,157.244,5151,0,0
2026-05-11T20:00:00+00:00,2026-05-12,01:30:00,1778529600,157.244,157.264,157.098,157.24,2384,0,0
2026-05-12T00:00:00+00:00,2026-05-12,05:30:00,1778544000,157.24,157.655,157.24,157.613,6691,0,0
2026-05-12T04:00:00+00:00,2026-05-12,09:30:00,1778558400,157.613,157.751,156.723,157.509,17860,0,0
2026-05-12T08:00:00+00:00,2026-05-12,13:30:00,1778572800,157.507,157.666,157.488,157.572,8950,0,0
2026-05-12T12:00:00+00:00,2026-05-12,17:30:00,1778587200,157.574,157.754,157.484,157.71,10870,0,0
2026-05-12T16:00:00+00:00,2026-05-12,21:30:00,1778601600,157.711,157.766,157.521,157.638,5549,0,0
2026-05-12T20:00:00+00:00,2026-05-13,01:30:00,1778616000,157.623,157.68,157.563,157.672,2146,0,0
2026-05-13T00:00:00+00:00,2026-05-13,05:30:00,1778630400,157.673,157.786,157.564,157.681,7567,0,0
2026-05-13T04:00:00+00:00,2026-05-13,09:30:00,1778644800,157.681,157.844,157.671,157.832,5139,0,0
2026-05-13T08:00:00+00:00,2026-05-13,13:30:00,1778659200,157.833,157.899,157.746,157.768,5586,0,0
2026-05-13T12:00:00+00:00,2026-05-13,17:30:00,1778673600,157.768,157.912,157.753,157.837,8200,0,0
2026-05-13T16:00:00+00:00,2026-05-13,21:30:00,1778688000,157.838,157.926,157.747,157.872,5403,0,0
2026-05-13T20:00:00+00:00,2026-05-14,01:30:00,1778702400,157.874,157.903,157.63,157.859,2990,0,0
2026-05-14T00:00:00+00:00,2026-05-14,05:30:00,1778716800,157.859,157.998,157.808,157.97,5218,0,0
2026-05-14T04:00:00+00:00,2026-05-14,09:30:00,1778731200,157.971,157.976,157.511,157.915,8972,0,0
2026-05-14T08:00:00+00:00,2026-05-14,13:30:00,1778745600,157.917,157.981,157.855,157.973,5924,0,0
2026-05-14T12:00:00+00:00,2026-05-14,17:30:00,1778760000,157.974,158.196,157.303,158.088,21679,0,0
2026-05-14T16:00:00+00:00,2026-05-14,21:30:00,1778774400,158.09,158.387,158.081,158.357,6127,0,0
2026-05-14T20:00:00+00:00,2026-05-15,01:30:00,1778788800,158.359,158.44,158.27,158.381,2939,0,0
2026-05-15T00:00:00+00:00,2026-05-15,05:30:00,1778803200,158.384,158.592,158.326,158.486,8372,0,0
2026-05-15T04:00:00+00:00,2026-05-15,09:30:00,1778817600,158.489,158.677,158.353,158.447,8274,0,0
2026-05-15T08:00:00+00:00,2026-05-15,13:30:00,1778832000,158.444,158.605,158.293,158.571,9846,0,0
2026-05-15T12:00:00+00:00,2026-05-15,17:30:00,1778846400,158.574,158.746,158.509,158.698,10011,0,0
2026-05-15T16:00:00+00:00,2026-05-15,21:30:00,1778860800,158.697,158.787,158.644,158.773,5747,0,0
2026-05-15T20:00:00+00:00,2026-05-16,01:30:00,1778875200,158.775,158.84,158.737,158.766,1170,0,0
2026-05-17T20:00:00+00:00,2026-05-18,01:30:00,1779048000,158.586,158.885,158.502,158.85,2625,0,0
2026-05-18T00:00:00+00:00,2026-05-18,05:30:00,1779062400,158.852,159.06,158.802,159.037,7350,0,0
2026-05-18T04:00:00+00:00,2026-05-18,09:30:00,1779076800,159.039,159.076,158.806,158.92,8896,0,0
2026-05-18T08:00:00+00:00,2026-05-18,13:30:00,1779091200,158.922,158.962,158.684,158.837,7301,0,0
2026-05-18T12:00:00+00:00,2026-05-18,17:30:00,1779105600,158.837,158.844,158.615,158.745,4793,0,0
2026-05-18T16:00:00+00:00,2026-05-18,21:30:00,1779120000,158.83,159.085,158.775,158.89,10081,0,0
2026-05-18T20:00:00+00:00,2026-05-19,01:30:00,1779134400,158.883,158.883,158.734,158.869,2717,0,0
2026-05-19T00:00:00+00:00,2026-05-19,05:30:00,1779148800,158.869,159.031,158.857,158.958,5965,0,0
2026-05-19T04:00:00+00:00,2026-05-19,09:30:00,1779163200,158.956,159.145,158.922,159.045,6213,0,0
2026-05-19T08:00:00+00:00,2026-05-19,13:30:00,1779177600,159.042,159.181,159.004,159.135,6139,0,0
2026-05-19T12:00:00+00:00,2026-05-19,17:30:00,1779192000,159.138,159.255,158.65,159.12,18320,0,0
2026-05-19T16:00:00+00:00,2026-05-19,21:30:00,1779206400,159.117,159.176,158.781,159.054,11479,0,0
2026-05-19T20:00:00+00:00,2026-05-20,01:30:00,1779220800,159.045,159.105,158.992,159.046,2752,0,0
2026-05-20T00:00:00+00:00,2026-05-20,05:30:00,1779235200,159.048,159.102,158.84,158.875,8257,0,0
2026-05-20T04:00:00+00:00,2026-05-20,09:30:00,1779249600,158.874,159.064,158.822,159.06,6684,0,0
2026-05-20T08:00:00+00:00,2026-05-20,13:30:00,1779264000,159.06,159.104,158.96,159.036,5961,0,0
2026-05-20T12:00:00+00:00,2026-05-20,17:30:00,1779278400,159.036,159.169,158.589,158.842,17006,0,0
2026-05-20T16:00:00+00:00,2026-05-20,21:30:00,1779292800,158.844,158.964,158.753,158.861,10096,0,0
2026-05-20T20:00:00+00:00,2026-05-21,01:30:00,1779307200,158.862,158.925,158.758,158.888,2839,0,0
2026-05-21T00:00:00+00:00,2026-05-21,05:30:00,1779321600,158.889,158.988,158.811,158.968,6035,0,0
2026-05-21T04:00:00+00:00,2026-05-21,09:30:00,1779336000,158.968,159.087,158.948,159.027,5741,0,0
2026-05-21T08:00:00+00:00,2026-05-21,13:30:00,1779350400,159.029,159.17,158.901,159.157,8136,0,0
2026-05-21T12:00:00+00:00,2026-05-21,17:30:00,1779364800,159.157,159.351,159.089,159.172,12165,0,0
2026-05-21T16:00:00+00:00,2026-05-21,21:30:00,1779379200,159.17,159.198,158.82,158.923,14076,0,0
2026-05-21T20:00:00+00:00,2026-05-22,01:30:00,1779393600,158.917,159.042,158.885,159.027,2546,0,0
2026-05-22T00:00:00+00:00,2026-05-22,05:30:00,1779408000,159.027,159.134,159.004,159.039,4372,0,0
2026-05-22T04:00:00+00:00,2026-05-22,09:30:00,1779422400,159.039,159.145,159.014,159.132,4393,0,0
2026-05-22T08:00:00+00:00,2026-05-22,13:30:00,1779436800,159.132,159.146,159.058,159.139,4876,0,0
2026-05-22T12:00:00+00:00,2026-05-22,17:30:00,1779451200,159.139,159.234,158.994,159.201,9562,0,0
2026-05-22T16:00:00+00:00,2026-05-22,21:30:00,1779465600,159.2,159.233,159.064,159.168,6977,0,0
2026-05-22T20:00:00+00:00,2026-05-23,01:30:00,1779480000,159.163,159.203,159.138,159.18,730,0,0
2026-05-24T20:00:00+00:00,2026-05-25,01:30:00,1779652800,158.778,158.964,158.76,158.956,3484,0,0
2026-05-25T00:00:00+00:00,2026-05-25,05:30:00,1779667200,158.957,158.963,158.759,158.884,4813,0,0
2026-05-25T04:00:00+00:00,2026-05-25,09:30:00,1779681600,158.884,159.04,158.845,158.976,4168,0,0
2026-05-25T08:00:00+00:00,2026-05-25,13:30:00,1779696000,158.973,158.993,158.89,158.936,3449,0,0
2026-05-25T12:00:00+00:00,2026-05-25,17:30:00,1779710400,158.935,158.949,158.88,158.9,4184,0,0
2026-05-25T16:00:00+00:00,2026-05-25,21:30:00,1779724800,158.901,158.923,158.888,158.916,1635,0,0
2026-05-25T20:00:00+00:00,2026-05-26,01:30:00,1779739200,158.916,158.966,158.835,158.956,2023,0,0
2026-05-26T00:00:00+00:00,2026-05-26,05:30:00,1779753600,158.958,159.006,158.912,158.939,4468,0,0
2026-05-26T04:00:00+00:00,2026-05-26,09:30:00,1779768000,158.939,159.202,158.932,159.197,4780,0,0
2026-05-26T08:00:00+00:00,2026-05-26,13:30:00,1779782400,159.197,159.242,159.11,159.192,4265,0,0
2026-05-26T12:00:00+00:00,2026-05-26,17:30:00,1779796800,159.195,159.382,159.185,159.363,5962,0,0
2026-05-26T16:00:00+00:00,2026-05-26,21:30:00,1779811200,159.361,159.38,159.283,159.318,4176,0,0
2026-05-26T20:00:00+00:00,2026-05-27,01:30:00,1779825600,159.317,159.332,159.202,159.252,2106,0,0
2026-05-27T00:00:00+00:00,2026-05-27,05:30:00,1779840000,159.252,159.31,159.178,159.205,5156,0,0
2026-05-27T04:00:00+00:00,2026-05-27,09:30:00,1779854400,159.205,159.381,159.198,159.357,3858,0,0
2026-05-27T08:00:00+00:00,2026-05-27,13:30:00,1779868800,159.36,159.45,159.318,159.434,4157,0,0
2026-05-27T12:00:00+00:00,2026-05-27,17:30:00,1779883200,159.432,159.537,159.245,159.473,9978,0,0
2026-05-27T16:00:00+00:00,2026-05-27,21:30:00,1779897600,159.471,159.579,159.469,159.538,3907,0,0
2026-05-27T20:00:00+00:00,2026-05-28,01:30:00,1779912000,159.539,159.582,159.347,159.57,2194,0,0
2026-05-28T00:00:00+00:00,2026-05-28,05:30:00,1779926400,159.573,159.654,159.526,159.616,4931,0,0
2026-05-28T04:00:00+00:00,2026-05-28,09:30:00,1779940800,159.616,159.621,159.441,159.482,5004,0,0
2026-05-28T08:00:00+00:00,2026-05-28,13:30:00,1779955200,159.479,159.528,159.381,159.462,4967,0,0
2026-05-28T12:00:00+00:00,2026-05-28,17:30:00,1779969600,159.46,159.492,159.179,159.293,12232,0,0
2026-05-28T16:00:00+00:00,2026-05-28,21:30:00,1779984000,159.291,159.34,159.112,159.248,6940,0,0
2026-05-28T20:00:00+00:00,2026-05-29,01:30:00,1779998400,159.25,159.284,159.17,159.273,2377,0,0
2026-05-29T00:00:00+00:00,2026-05-29,05:30:00,1780012800,159.271,159.369,159.247,159.36,5233,0,0
2026-05-29T04:00:00+00:00,2026-05-29,09:30:00,1780027200,159.361,159.378,159.199,159.263,4613,0,0
2026-05-29T08:00:00+00:00,2026-05-29,13:30:00,1780041600,159.265,159.325,159.211,159.25,4990,0,0
2026-05-29T12:00:00+00:00,2026-05-29,17:30:00,1780056000,159.253,159.359,159.096,159.231,9438,0,0
2026-05-29T16:00:00+00:00,2026-05-29,21:30:00,1780070400,159.228,159.307,159.185,159.262,5741,0,0
2026-05-29T20:00:00+00:00,2026-05-30,01:30:00,1780084800,159.261,159.29,159.252,159.27,665,0,0
2026-05-31T20:00:00+00:00,2026-06-01,01:30:00,1780257600,159.35,159.428,159.296,159.363,2436,0,0
2026-06-01T00:00:00+00:00,2026-06-01,05:30:00,1780272000,159.363,159.499,159.362,159.479,4588,0,0
2026-06-01T04:00:00+00:00,2026-06-01,09:30:00,1780286400,159.479,159.502,159.41,159.466,3896,0,0
2026-06-01T08:00:00+00:00,2026-06-01,13:30:00,1780300800,159.464,159.497,159.438,159.488,3459,0,0
2026-06-01T12:00:00+00:00,2026-06-01,17:30:00,1780315200,159.486,159.764,159.435,159.659,10285,0,0
2026-06-01T16:00:00+00:00,2026-06-01,21:30:00,1780329600,159.658,159.764,159.568,159.693,7037,0,0
2026-06-01T20:00:00+00:00,2026-06-02,01:30:00,1780344000,159.692,159.7,159.566,159.647,2564,0,0
2026-06-02T00:00:00+00:00,2026-06-02,05:30:00,1780358400,159.646,159.725,159.636,159.719,4342,0,0
2026-06-02T04:00:00+00:00,2026-06-02,09:30:00,1780372800,159.719,159.749,159.687,159.694,3706,0,0
2026-06-02T08:00:00+00:00,2026-06-02,13:30:00,1780387200,159.693,159.752,159.658,159.746,3730,0,0
2026-06-02T12:00:00+00:00,2026-06-02,17:30:00,1780401600,159.745,159.876,159.733,159.857,3306,0,0
2026-06-02T16:00:00+00:00,2026-06-02,21:30:00,1780416000,159.875,159.99,159.865,159.928,3801,0,0
2026-06-02T20:00:00+00:00,2026-06-03,01:30:00,1780430400,159.929,159.998,159.85,159.981,2537,0,0
2026-06-03T00:00:00+00:00,2026-06-03,05:30:00,1780444800,159.983,159.986,159.818,159.886,4117,0,0
2026-06-03T04:00:00+00:00,2026-06-03,09:30:00,1780459200,159.886,159.997,159.551,159.701,8105,0,0
2026-06-03T08:00:00+00:00,2026-06-03,13:30:00,1780473600,159.698,159.883,159.372,159.836,10460,0,0
2026-06-03T12:00:00+00:00,2026-06-03,17:30:00,1780488000,159.838,160.004,159.81,159.969,7578,0,0
2026-06-03T16:00:00+00:00,2026-06-03,21:30:00,1780502400,159.968,160.081,159.95,160.076,5162,0,0
2026-06-03T20:00:00+00:00,2026-06-04,01:30:00,1780516800,160.072,160.085,159.832,159.949,3625,0,0
2026-06-04T00:00:00+00:00,2026-06-04,05:30:00,1780531200,159.952,159.988,159.874,159.971,4820,0,0
2026-06-04T04:00:00+00:00,2026-06-04,09:30:00,1780545600,159.971,159.992,159.595,159.905,7446,0,0
2026-06-04T08:00:00+00:00,2026-06-04,13:30:00,1780560000,159.902,159.919,159.749,159.77,5708,0,0
2026-06-04T12:00:00+00:00,2026-06-04,17:30:00,1780574400,159.77,160.031,159.757,159.972,6722,0,0
2026-06-04T16:00:00+00:00,2026-06-04,21:30:00,1780588800,159.974,160.033,159.941,160.015,3575,0,0
2026-06-04T20:00:00+00:00,2026-06-05,01:30:00,1780603200,160.015,160.041,159.937,159.995,1952,0,0
2026-06-05T00:00:00+00:00,2026-06-05,05:30:00,1780617600,159.995,160.008,159.9,159.957,4380,0,0
2026-06-05T04:00:00+00:00,2026-06-05,09:30:00,1780632000,159.955,159.974,159.91,159.952,3553,0,0
2026-06-05T08:00:00+00:00,2026-06-05,13:30:00,1780646400,159.952,159.961,159.831,159.845,3775,0,0
2026-06-05T12:00:00+00:00,2026-06-05,17:30:00,1780660800,159.842,160.302,159.723,160.264,17719,0,0
2026-06-05T16:00:00+00:00,2026-06-05,21:30:00,1780675200,160.264,160.345,160.092,160.183,7266,0,0
2026-06-05T20:00:00+00:00,2026-06-06,01:30:00,1780689600,160.183,160.329,160.172,160.316,1100,0,0
2026-06-07T20:00:00+00:00,2026-06-08,01:30:00,1780862400,160.233,160.355,160.204,160.339,2585,0,0
2026-06-08T00:00:00+00:00,2026-06-08,05:30:00,1780876800,160.337,160.394,160.241,160.339,6351,0,0
2026-06-08T04:00:00+00:00,2026-06-08,09:30:00,1780891200,160.339,160.355,160.151,160.231,6759,0,0
2026-06-08T08:00:00+00:00,2026-06-08,13:30:00,1780905600,160.231,160.242,159.846,159.972,10973,0,0
2026-06-08T12:00:00+00:00,2026-06-08,17:30:00,1780920000,159.973,160.204,159.915,160.118,8393,0,0
2026-06-08T16:00:00+00:00,2026-06-08,21:30:00,1780934400,160.119,160.272,160.085,160.214,4879,0,0
2026-06-08T20:00:00+00:00,2026-06-09,01:30:00,1780948800,160.214,160.228,160.081,160.181,2359,0,0
2026-06-09T00:00:00+00:00,2026-06-09,05:30:00,1780963200,160.183,160.283,160.135,160.254,5010,0,0
2026-06-09T04:00:00+00:00,2026-06-09,09:30:00,1780977600,160.254,160.257,160.053,160.197,5894,0,0
2026-06-09T08:00:00+00:00,2026-06-09,13:30:00,1780992000,160.197,160.225,160.144,160.162,4287,0,0
2026-06-09T12:00:00+00:00,2026-06-09,17:30:00,1781006400,160.165,160.304,160.147,160.229,7311,0,0
2026-06-09T16:00:00+00:00,2026-06-09,21:30:00,1781020800,160.23,160.445,160.216,160.411,6976,0,0
2026-06-09T20:00:00+00:00,2026-06-10,01:30:00,1781035200,160.412,160.424,160.311,160.389,2225,0,0
2026-06-10T00:00:00+00:00,2026-06-10,05:30:00,1781049600,160.391,160.439,160.241,160.361,5057,0,0
2026-06-10T04:00:00+00:00,2026-06-10,09:30:00,1781064000,160.359,160.401,160.324,160.393,4122,0,0
2026-06-10T08:00:00+00:00,2026-06-10,13:30:00,1781078400,160.39,160.53,160.385,160.5,5277,0,0
2026-06-10T12:00:00+00:00,2026-06-10,17:30:00,1781092800,160.5,160.532,160.326,160.473,9399,0,0
2026-06-10T16:00:00+00:00,2026-06-10,21:30:00,1781107200,160.474,160.544,160.445,160.538,4557,0,0
2026-06-10T20:00:00+00:00,2026-06-11,01:30:00,1781121600,160.534,160.567,160.404,160.533,3065,0,0
2026-06-11T00:00:00+00:00,2026-06-11,05:30:00,1781136000,160.53,160.549,160.428,160.513,4201,0,0
2026-06-11T04:00:00+00:00,2026-06-11,09:30:00,1781150400,160.513,160.589,160.493,160.507,3855,0,0
2026-06-11T08:00:00+00:00,2026-06-11,13:30:00,1781164800,160.507,160.554,160.499,160.538,4086,0,0
2026-06-11T12:00:00+00:00,2026-06-11,17:30:00,1781179200,160.538,160.599,160.456,160.508,8015,0,0
2026-06-11T16:00:00+00:00,2026-06-11,21:30:00,1781193600,160.508,160.557,159.544,159.795,14087,0,0
2026-06-11T20:00:00+00:00,2026-06-12,01:30:00,1781208000,159.787,160.149,159.744,160.137,4191,0,0
2026-06-12T00:00:00+00:00,2026-06-12,05:30:00,1781222400,160.137,160.305,160.125,160.232,6018,0,0
2026-06-12T04:00:00+00:00,2026-06-12,09:30:00,1781236800,160.23,160.376,160.226,160.289,6026,0,0
2026-06-12T08:00:00+00:00,2026-06-12,13:30:00,1781251200,160.285,160.296,159.954,160.173,10322,0,0
2026-06-12T12:00:00+00:00,2026-06-12,17:30:00,1781265600,160.175,160.347,160.162,160.247,10478,0,0
2026-06-12T16:00:00+00:00,2026-06-12,21:30:00,1781280000,160.249,160.279,160.18,160.208,4884,0,0
2026-06-12T20:00:00+00:00,2026-06-13,01:30:00,1781294400,160.209,160.234,160.198,160.222,540,0,0
2026-06-14T20:00:00+00:00,2026-06-15,01:30:00,1781467200,160.151,160.156,159.732,159.963,3400,0,0
2026-06-15T00:00:00+00:00,2026-06-15,05:30:00,1781481600,159.96,160.232,159.884,160.06,5610,0,0
2026-06-15T04:00:00+00:00,2026-06-15,09:30:00,1781496000,160.059,160.161,159.99,160.11,5344,0,0
2026-06-15T08:00:00+00:00,2026-06-15,13:30:00,1781510400,160.113,160.207,160.077,160.187,4801,0,0
2026-06-15T12:00:00+00:00,2026-06-15,17:30:00,1781524800,160.186,160.205,160.031,160.201,6225,0,0
2026-06-15T16:00:00+00:00,2026-06-15,21:30:00,1781539200,160.2,160.391,160.148,160.388,3784,0,0
2026-06-15T20:00:00+00:00,2026-06-16,01:30:00,1781553600,160.377,160.395,160.222,160.248,2292,0,0
2026-06-16T00:00:00+00:00,2026-06-16,05:30:00,1781568000,160.246,160.275,160.048,160.208,6363,0,0
2026-06-16T04:00:00+00:00,2026-06-16,09:30:00,1781582400,160.207,160.35,160.15,160.237,7057,0,0
2026-06-16T08:00:00+00:00,2026-06-16,13:30:00,1781596800,160.235,160.363,160.224,160.361,5137,0,0
2026-06-16T12:00:00+00:00,2026-06-16,17:30:00,1781611200,160.36,160.468,160.318,160.391,6347,0,0
2026-06-16T16:00:00+00:00,2026-06-16,21:30:00,1781625600,160.39,160.478,160.335,160.467,4102,0,0
2026-06-16T20:00:00+00:00,2026-06-17,01:30:00,1781640000,160.466,160.481,160.348,160.427,2032,0,0
2026-06-17T00:00:00+00:00,2026-06-17,05:30:00,1781654400,160.425,160.425,160.313,160.323,3449,0,0
2026-06-17T04:00:00+00:00,2026-06-17,09:30:00,1781668800,160.323,160.337,160.182,160.192,3763,0,0
2026-06-17T08:00:00+00:00,2026-06-17,13:30:00,1781683200,160.19,160.336,160.116,160.31,4945,0,0
2026-06-17T12:00:00+00:00,2026-06-17,17:30:00,1781697600,160.309,160.351,160.188,160.224,6725,0,0
2026-06-17T16:00:00+00:00,2026-06-17,21:30:00,1781712000,160.222,160.796,160.196,160.729,12919,0,0
2026-06-17T20:00:00+00:00,2026-06-18,01:30:00,1781726400,160.726,160.753,160.429,160.608,3403,0,0
2026-06-18T00:00:00+00:00,2026-06-18,05:30:00,1781740800,160.606,160.753,160.538,160.585,5005,0,0
2026-06-18T04:00:00+00:00,2026-06-18,09:30:00,1781755200,160.585,160.682,160.575,160.598,5371,0,0
2026-06-18T08:00:00+00:00,2026-06-18,13:30:00,1781769600,160.597,160.951,160.473,160.931,10017,0,0
2026-06-18T12:00:00+00:00,2026-06-18,17:30:00,1781784000,160.929,161.375,160.803,161.37,9989,0,0
2026-06-18T16:00:00+00:00,2026-06-18,21:30:00,1781798400,161.372,161.812,160.904,161.432,16575,0,0
2026-06-18T20:00:00+00:00,2026-06-19,01:30:00,1781812800,161.417,161.451,161.184,161.298,3901,0,0
2026-06-19T00:00:00+00:00,2026-06-19,05:30:00,1781827200,161.298,161.349,160.987,161.347,9526,0,0
2026-06-19T04:00:00+00:00,2026-06-19,09:30:00,1781841600,161.348,161.461,161.241,161.327,6577,0,0
2026-06-19T08:00:00+00:00,2026-06-19,13:30:00,1781856000,161.318,161.333,161.233,161.257,5940,0,0
2026-06-19T12:00:00+00:00,2026-06-19,17:30:00,1781870400,161.257,161.323,161.132,161.304,7087,0,0
2026-06-19T16:00:00+00:00,2026-06-19,21:30:00,1781884800,161.304,161.343,161.23,161.291,1875,0,0
2026-06-19T20:00:00+00:00,2026-06-20,01:30:00,1781899200,161.288,161.318,161.252,161.31,4896,0,0
2026-06-21T20:00:00+00:00,2026-06-22,01:30:00,1782072000,161.253,161.518,161.245,161.442,2420,0,0
2026-06-22T00:00:00+00:00,2026-06-22,05:30:00,1782086400,161.44,161.608,161.419,161.588,5864,0,0
2026-06-22T04:00:00+00:00,2026-06-22,09:30:00,1782100800,161.587,161.769,161.586,161.74,6004,0,0
2026-06-22T08:00:00+00:00,2026-06-22,13:30:00,1782115200,161.74,161.791,161.657,161.768,6717,0,0
2026-06-22T12:00:00+00:00,2026-06-22,17:30:00,1782129600,161.765,161.93,161.074,161.509,25718,0,0
2026-06-22T16:00:00+00:00,2026-06-22,21:30:00,1782144000,161.506,161.69,161.399,161.605,7917,0,0
2026-06-22T20:00:00+00:00,2026-06-23,01:30:00,1782158400,161.607,161.634,161.511,161.577,2744,0,0
2026-06-23T00:00:00+00:00,2026-06-23,05:30:00,1782172800,161.574,161.635,161.52,161.556,5236,0,0
2026-06-23T04:00:00+00:00,2026-06-23,09:30:00,1782187200,161.554,161.741,161.322,161.467,10021,0,0
2026-06-23T08:00:00+00:00,2026-06-23,13:30:00,1782201600,161.466,161.617,161.271,161.59,8981,0,0
2026-06-23T12:00:00+00:00,2026-06-23,17:30:00,1782216000,161.59,161.608,161.447,161.548,8813,0,0
2026-06-23T16:00:00+00:00,2026-06-23,21:30:00,1782230400,161.549,161.621,161.512,161.577,4046,0,0
2026-06-23T20:00:00+00:00,2026-06-24,01:30:00,1782244800,161.568,161.612,161.473,161.601,2117,0,0
2026-06-24T00:00:00+00:00,2026-06-24,05:30:00,1782259200,161.599,161.637,161.532,161.553,4345,0,0
2026-06-24T04:00:00+00:00,2026-06-24,09:30:00,1782273600,161.553,161.743,161.53,161.717,5387,0,0
2026-06-24T08:00:00+00:00,2026-06-24,13:30:00,1782288000,161.716,161.78,161.623,161.655,5762,0,0
2026-06-24T12:00:00+00:00,2026-06-24,17:30:00,1782302400,161.655,161.818,161.638,161.758,7852,0,0
2026-06-24T16:00:00+00:00,2026-06-24,21:30:00,1782316800,161.756,161.842,161.688,161.824,5174,0,0
2026-06-24T20:00:00+00:00,2026-06-25,01:30:00,1782331200,161.824,161.832,161.657,161.77,2458,0,0
2026-06-25T00:00:00+00:00,2026-06-25,05:30:00,1782345600,161.767,161.782,161.557,161.724,5452,0,0
2026-06-25T04:00:00+00:00,2026-06-25,09:30:00,1782360000,161.723,161.9,161.708,161.814,5519,0,0
2026-06-25T08:00:00+00:00,2026-06-25,13:30:00,1782374400,161.813,161.95,161.752,161.866,6203,0,0
2026-06-25T12:00:00+00:00,2026-06-25,17:30:00,1782388800,161.867,161.901,161.558,161.674,10709,0,0
2026-06-25T16:00:00+00:00,2026-06-25,21:30:00,1782403200,161.675,161.844,161.661,161.793,5403,0,0
2026-06-25T20:00:00+00:00,2026-06-26,01:30:00,1782417600,161.793,161.817,161.639,161.806,2592,0,0
2026-06-26T00:00:00+00:00,2026-06-26,05:30:00,1782432000,161.804,161.849,161.624,161.651,4380,0,0
2026-06-26T04:00:00+00:00,2026-06-26,09:30:00,1782446400,161.651,161.752,161.534,161.628,6741,0,0
2026-06-26T08:00:00+00:00,2026-06-26,13:30:00,1782460800,161.627,161.681,161.534,161.663,6944,0,0
2026-06-26T12:00:00+00:00,2026-06-26,17:30:00,1782475200,161.664,161.746,161.579,161.675,7838,0,0
2026-06-26T16:00:00+00:00,2026-06-26,21:30:00,1782489600,161.672,161.778,161.66,161.755,3865,0,0
2026-06-26T20:00:00+00:00,2026-06-27,01:30:00,1782504000,161.758,161.775,161.731,161.751,890,0,0
2026-06-28T20:00:00+00:00,2026-06-29,01:30:00,1782676800,161.722,161.844,161.713,161.793,1666,0,0
2026-06-29T00:00:00+00:00,2026-06-29,05:30:00,1782691200,161.793,161.799,161.719,161.797,4047,0,0
2026-06-29T04:00:00+00:00,2026-06-29,09:30:00,1782705600,161.795,161.852,161.778,161.824,3951,0,0
2026-06-29T08:00:00+00:00,2026-06-29,13:30:00,1782720000,161.822,161.901,161.801,161.837,4213,0,0
2026-06-29T12:00:00+00:00,2026-06-29,17:30:00,1782734400,161.839,161.966,161.808,161.932,7436,0,0
2026-06-29T16:00:00+00:00,2026-06-29,21:30:00,1782748800,161.932,161.985,161.907,161.942,3381,0,0
2026-06-29T20:00:00+00:00,2026-06-30,01:30:00,1782763200,161.94,161.966,161.886,161.926,1860,0,0
2026-06-30T00:00:00+00:00,2026-06-30,05:30:00,1782777600,161.924,162.407,161.923,162.174,12211,0,0
2026-06-30T04:00:00+00:00,2026-06-30,09:30:00,1782792000,162.175,162.415,162.12,162.257,8274,0,0
2026-06-30T08:00:00+00:00,2026-06-30,13:30:00,1782806400,162.254,162.43,162.227,162.414,7150,0,0
2026-06-30T12:00:00+00:00,2026-06-30,17:30:00,1782820800,162.413,162.664,162.034,162.616,12139,0,0
2026-06-30T16:00:00+00:00,2026-06-30,21:30:00,1782835200,162.614,162.67,162.558,162.582,4595,0,0
2026-06-30T20:00:00+00:00,2026-07-01,01:30:00,1782849600,162.584,162.648,162.488,162.635,2764,0,0
2026-07-01T00:00:00+00:00,2026-07-01,05:30:00,1782864000,162.634,162.843,162.59,162.799,6345,0,0
2026-07-01T04:00:00+00:00,2026-07-01,09:30:00,1782878400,162.798,162.799,162.796,162.799,7,0,0
