time_utc,time,open,high,low,close,tick_volume,spread,real_volume
2025-07-21T12:00:00Z,1753099200,0.6523,0.65369,0.65148,0.65294,5877,9,0
2025-07-21T16:00:00Z,1753113600,0.65294,0.65326,0.65222,0.65226,3142,9,0
2025-07-21T20:00:00Z,1753128000,0.65226,0.65301,0.65197,0.65269,1856,9,0
2025-07-22T00:00:00Z,1753142400,0.6527,0.65279,0.65131,0.65193,4291,9,0
2025-07-22T04:00:00Z,1753156800,0.65193,0.65227,0.65036,0.65054,4298,9,0
2025-07-22T08:00:00Z,1753171200,0.65052,0.65202,0.65039,0.65186,4222,9,0
2025-07-22T12:00:00Z,1753185600,0.65186,0.65552,0.65185,0.65544,8158,9,0
2025-07-22T16:00:00Z,1753200000,0.65544,0.65577,0.65466,0.65526,4098,9,0
2025-07-22T20:00:00Z,1753214400,0.65525,0.6559,0.65473,0.65527,2652,9,0
2025-07-23T00:00:00Z,1753228800,0.65527,0.65683,0.65498,0.65617,6182,9,0
2025-07-23T04:00:00Z,1753243200,0.65617,0.65799,0.6561,0.65779,5073,9,0
2025-07-23T08:00:00Z,1753257600,0.65781,0.66003,0.65767,0.65979,4409,9,0
2025-07-23T12:00:00Z,1753272000,0.65979,0.66003,0.65792,0.65895,7727,9,0
2025-07-23T16:00:00Z,1753286400,0.65894,0.66014,0.65797,0.66006,6154,9,0
2025-07-23T20:00:00Z,1753300800,0.66006,0.66045,0.65953,0.66011,2342,9,0
2025-07-24T00:00:00Z,1753315200,0.66011,0.66192,0.6596,0.66144,5836,9,0
2025-07-24T04:00:00Z,1753329600,0.66143,0.66246,0.66086,0.66107,5407,9,0
2025-07-24T08:00:00Z,1753344000,0.66108,0.66218,0.66054,0.66151,4757,9,0
2025-07-24T12:00:00Z,1753358400,0.66152,0.66194,0.6598,0.65992,8736,9,0
2025-07-24T16:00:00Z,1753372800,0.65992,0.66017,0.65924,0.65931,3910,9,0
2025-07-24T20:00:00Z,1753387200,0.65932,0.65954,0.65857,0.65943,2466,9,0
2025-07-25T00:00:00Z,1753401600,0.65944,0.65982,0.65788,0.65839,5361,9,0
2025-07-25T04:00:00Z,1753416000,0.65839,0.65876,0.65663,0.65718,6343,9,0
2025-07-25T08:00:00Z,1753430400,0.65716,0.65739,0.65579,0.6567,4951,9,0
2025-07-25T12:00:00Z,1753444800,0.65671,0.6568,0.65517,0.65541,9921,9,0
2025-07-25T16:00:00Z,1753459200,0.65542,0.65657,0.65506,0.65638,3554,9,0
2025-07-25T20:00:00Z,1753473600,0.65636,0.65659,0.65614,0.65653,796,9,0
2025-07-27T20:00:00Z,1753646400,0.65589,0.65763,0.65589,0.65704,1875,9,0
2025-07-28T00:00:00Z,1753660800,0.65706,0.65851,0.65657,0.65677,5790,9,0
2025-07-28T04:00:00Z,1753675200,0.65677,0.6569,0.65227,0.65239,6418,9,0
2025-07-28T08:00:00Z,1753689600,0.65237,0.65331,0.65155,0.6529,6817,9,0
2025-07-28T12:00:00Z,1753704000,0.65289,0.65365,0.65151,0.65172,9021,9,0
2025-07-28T16:00:00Z,1753718400,0.65171,0.65212,0.65127,0.65208,3612,9,0
2025-07-28T20:00:00Z,1753732800,0.65207,0.65252,0.6515,0.65213,2178,9,0
2025-07-29T00:00:00Z,1753747200,0.65215,0.65295,0.65111,0.65196,4566,9,0
2025-07-29T04:00:00Z,1753761600,0.65196,0.65283,0.64984,0.65038,6173,9,0
2025-07-29T08:00:00Z,1753776000,0.65038,0.65191,0.64963,0.64986,5448,9,0
2025-07-29T12:00:00Z,1753790400,0.64985,0.65112,0.64957,0.6507,8469,9,0
2025-07-29T16:00:00Z,1753804800,0.65069,0.65181,0.65057,0.65127,4680,9,0
2025-07-29T20:00:00Z,1753819200,0.65127,0.65146,0.65073,0.65127,1992,9,0
2025-07-30T00:00:00Z,1753833600,0.65129,0.65285,0.65027,0.65184,6762,9,0
2025-07-30T04:00:00Z,1753848000,0.65186,0.65193,0.65014,0.65017,5702,9,0
2025-07-30T08:00:00Z,1753862400,0.65017,0.65041,0.64843,0.64876,4555,9,0
2025-07-30T12:00:00Z,1753876800,0.64876,0.64884,0.64482,0.64504,9490,9,0
2025-07-30T16:00:00Z,1753891200,0.64506,0.64706,0.64257,0.64313,13631,9,0
2025-07-30T20:00:00Z,1753905600,0.64311,0.64496,0.64282,0.64451,3347,9,0
2025-07-31T00:00:00Z,1753920000,0.64449,0.64566,0.64331,0.64562,6989,9,0
2025-07-31T04:00:00Z,1753934400,0.64562,0.64759,0.64513,0.64647,6502,9,0
2025-07-31T08:00:00Z,1753948800,0.64647,0.64647,0.64363,0.64458,5498,9,0
2025-07-31T12:00:00Z,1753963200,0.64456,0.64483,0.64274,0.64288,9859,9,0
2025-07-31T16:00:00Z,1753977600,0.64286,0.64347,0.64238,0.64256,5412,9,0
2025-07-31T20:00:00Z,1753992000,0.64257,0.64327,0.64204,0.64272,3766,9,0
2025-08-01T00:00:00Z,1754006400,0.64272,0.64397,0.64215,0.64356,6871,9,0
2025-08-01T04:00:00Z,1754020800,0.64355,0.6439,0.64267,0.64294,5638,9,0
2025-08-01T08:00:00Z,1754035200,0.64295,0.64324,0.64187,0.64235,4433,9,0
2025-08-01T12:00:00Z,1754049600,0.64235,0.6493,0.64188,0.64663,23975,9,0
2025-08-01T16:00:00Z,1754064000,0.64661,0.64681,0.64371,0.64568,9128,9,0
2025-08-01T20:00:00Z,1754078400,0.64569,0.64758,0.64569,0.64692,1673,9,0
2025-08-03T20:00:00Z,1754251200,0.64626,0.64722,0.64543,0.64687,2812,9,0
2025-08-04T00:00:00Z,1754265600,0.64685,0.64837,0.64621,0.64814,6977,9,0
2025-08-04T04:00:00Z,1754280000,0.64814,0.64858,0.64707,0.64737,5699,9,0
2025-08-04T08:00:00Z,1754294400,0.64738,0.64859,0.64691,0.64815,5494,9,0
2025-08-04T12:00:00Z,1754308800,0.64815,0.64891,0.64622,0.64646,8245,9,0
2025-08-04T16:00:00Z,1754323200,0.64646,0.64672,0.64589,0.64643,4327,9,0
2025-08-04T20:00:00Z,1754337600,0.64643,0.64752,0.64631,0.64737,2284,9,0
2025-08-05T00:00:00Z,1754352000,0.64738,0.64789,0.64541,0.64548,5010,9,0
2025-08-05T04:00:00Z,1754366400,0.64548,0.64712,0.64533,0.64591,5127,9,0
2025-08-05T08:00:00Z,1754380800,0.64591,0.64612,0.64492,0.64591,5493,9,0
2025-08-05T12:00:00Z,1754395200,0.64591,0.6474,0.64546,0.64699,10937,9,0
2025-08-05T16:00:00Z,1754409600,0.64699,0.64782,0.64652,0.64684,4664,9,0
2025-08-05T20:00:00Z,1754424000,0.64685,0.6475,0.64618,0.64712,2563,9,0
2025-08-06T00:00:00Z,1754438400,0.64711,0.64905,0.64706,0.64881,3998,9,0
2025-08-06T04:00:00Z,1754452800,0.64881,0.64952,0.6484,0.64943,3776,9,0
2025-08-06T08:00:00Z,1754467200,0.64944,0.65076,0.64868,0.65042,4118,9,0
2025-08-06T12:00:00Z,1754481600,0.65042,0.65075,0.64883,0.65025,7742,9,0
2025-08-06T16:00:00Z,1754496000,0.65025,0.65084,0.64962,0.6503,4435,9,0
2025-08-06T20:00:00Z,1754510400,0.65031,0.65059,0.6498,0.64994,2345,9,0
2025-08-07T00:00:00Z,1754524800,0.64995,0.65139,0.64954,0.65109,4455,9,0
2025-08-07T04:00:00Z,1754539200,0.65108,0.65372,0.65102,0.65368,4250,9,0
2025-08-07T08:00:00Z,1754553600,0.65367,0.65408,0.65169,0.65211,5528,9,0
2025-08-07T12:00:00Z,1754568000,0.65212,0.65297,0.64892,0.64998,9602,9,0
2025-08-07T16:00:00Z,1754582400,0.64999,0.65155,0.64944,0.65155,5712,9,0
2025-08-07T20:00:00Z,1754596800,0.65155,0.65275,0.65132,0.65246,2852,9,0
2025-08-08T00:00:00Z,1754611200,0.65247,0.65263,0.65112,0.65208,3970,9,0
2025-08-08T04:00:00Z,1754625600,0.65208,0.65334,0.65158,0.65295,4003,9,0
2025-08-08T08:00:00Z,1754640000,0.65294,0.65344,0.65166,0.65218,4179,9,0
2025-08-08T12:00:00Z,1754654400,0.65218,0.65307,0.6514,0.65262,6359,9,0
2025-08-08T16:00:00Z,1754668800,0.65262,0.65321,0.65198,0.65223,3575,9,0
2025-08-08T20:00:00Z,1754683200,0.65222,0.65228,0.65187,0.65208,713,9,0
2025-08-10T20:00:00Z,1754856000,0.6517,0.65226,0.65154,0.65162,1188,9,0
2025-08-11T00:00:00Z,1754870400,0.65161,0.65267,0.65134,0.65257,3897,9,0
2025-08-11T04:00:00Z,1754884800,0.65257,0.65282,0.65132,0.65149,3544,9,0
2025-08-11T08:00:00Z,1754899200,0.65148,0.65227,0.65072,0.65112,3876,9,0
2025-08-11T12:00:00Z,1754913600,0.65114,0.65129,0.65011,0.65121,6115,9,0
2025-08-11T16:00:00Z,1754928000,0.6512,0.65163,0.65066,0.65106,3521,9,0
2025-08-11T20:00:00Z,1754942400,0.65107,0.65152,0.65088,0.65129,1765,9,0
2025-08-12T00:00:00Z,1754956800,0.65127,0.65253,0.65098,0.65181,3721,9,0
2025-08-12T04:00:00Z,1754971200,0.6518,0.65188,0.64936,0.65015,7209,9,0
2025-08-12T08:00:00Z,1754985600,0.65017,0.65023,0.64815,0.64859,4145,9,0
2025-08-12T12:00:00Z,1755000000,0.64859,0.654,0.64843,0.6531,16014,9,0
2025-08-12T16:00:00Z,1755014400,0.65309,0.65349,0.65257,0.65289,4589,9,0
2025-08-12T20:00:00Z,1755028800,0.65289,0.6531,0.65217,0.65294,2051,9,0
2025-08-13T00:00:00Z,1755043200,0.65294,0.65313,0.65162,0.65281,3742,9,0
2025-08-13T04:00:00Z,1755057600,0.6528,0.65543,0.65271,0.655,4400,9,0
2025-08-13T08:00:00Z,1755072000,0.65498,0.65622,0.65481,0.65546,4356,9,0
2025-08-13T12:00:00Z,1755086400,0.65546,0.65578,0.65416,0.65438,6320,9,0
2025-08-13T16:00:00Z,1755100800,0.65438,0.65481,0.65386,0.65431,2952,9,0
2025-08-13T20:00:00Z,1755115200,0.65431,0.65517,0.65399,0.65502,1945,9,0
2025-08-14T00:00:00Z,1755129600,0.65503,0.65683,0.65465,0.65474,5007,9,0
2025-08-14T04:00:00Z,1755144000,0.65474,0.6553,0.65289,0.65325,5462,9,0
2025-08-14T08:00:00Z,1755158400,0.65326,0.65381,0.65217,0.65244,4541,9,0
2025-08-14T12:00:00Z,1755172800,0.65246,0.65256,0.64846,0.6488,11220,9,0
2025-08-14T16:00:00Z,1755187200,0.64881,0.64987,0.64822,0.64974,4113,9,0
2025-08-14T20:00:00Z,1755201600,0.64973,0.65002,0.64913,0.64969,2141,9,0
2025-08-15T00:00:00Z,1755216000,0.64969,0.65045,0.64876,0.6502,4276,9,0
2025-08-15T04:00:00Z,1755230400,0.6502,0.65133,0.64979,0.6513,3620,9,0
2025-08-15T08:00:00Z,1755244800,0.6513,0.65157,0.65039,0.65129,3545,9,0
2025-08-15T12:00:00Z,1755259200,0.65129,0.65223,0.65047,0.65128,7964,9,0
2025-08-15T16:00:00Z,1755273600,0.65128,0.65141,0.65026,0.65075,3313,9,0
2025-08-15T20:00:00Z,1755288000,0.65075,0.651,0.65062,0.65067,982,9,0
2025-08-17T20:00:00Z,1755460800,0.65038,0.65126,0.65016,0.65118,1187,9,0
2025-08-18T00:00:00Z,1755475200,0.65118,0.65204,0.65099,0.65197,3387,9,0
2025-08-18T04:00:00Z,1755489600,0.65197,0.65238,0.651,0.65116,3935,9,0
2025-08-18T08:00:00Z,1755504000,0.65115,0.65181,0.65059,0.65085,4108,9,0
2025-08-18T12:00:00Z,1755518400,0.65085,0.65115,0.64812,0.64924,5380,9,0
2025-08-18T16:00:00Z,1755532800,0.64923,0.64951,0.6488,0.64944,3028,9,0
2025-08-18T20:00:00Z,1755547200,0.64943,0.64967,0.64875,0.6494,2259,9,0
2025-08-19T00:00:00Z,1755561600,0.64941,0.64968,0.64842,0.64868,4708,9,0
2025-08-19T04:00:00Z,1755576000,0.64867,0.64957,0.64767,0.64854,4553,9,0
2025-08-19T08:00:00Z,1755590400,0.64855,0.6495,0.64801,0.64925,4229,9,0
2025-08-19T12:00:00Z,1755604800,0.64925,0.64942,0.64577,0.64579,6703,9,0
2025-08-19T16:00:00Z,1755619200,0.64579,0.64626,0.64494,0.64528,3463,9,0
2025-08-19T20:00:00Z,1755633600,0.64527,0.64552,0.645,0.64533,2090,9,0
2025-08-20T00:00:00Z,1755648000,0.64533,0.64548,0.64288,0.64325,6856,9,0
2025-08-20T04:00:00Z,1755662400,0.64326,0.64487,0.64324,0.64412,5138,9,0
2025-08-20T08:00:00Z,1755676800,0.64412,0.64415,0.64253,0.64306,4229,9,0
2025-08-20T12:00:00Z,1755691200,0.64306,0.64478,0.64232,0.64267,7536,9,0
2025-08-20T16:00:00Z,1755705600,0.64269,0.64385,0.64268,0.64327,4311,9,0
2025-08-20T20:00:00Z,1755720000,0.64327,0.64361,0.64291,0.64349,2112,9,0
2025-08-21T00:00:00Z,1755734400,0.64349,0.64364,0.64185,0.64213,4878,9,0
2025-08-21T04:00:00Z,1755748800,0.64213,0.64272,0.64142,0.64225,4471,9,0
2025-08-21T08:00:00Z,1755763200,0.64223,0.64317,0.64187,0.64227,3988,9,0
2025-08-21T12:00:00Z,1755777600,0.64228,0.64313,0.64151,0.64194,8805,9,0
2025-08-21T16:00:00Z,1755792000,0.64193,0.6429,0.64149,0.64214,3951,9,0
2025-08-21T20:00:00Z,1755806400,0.64213,0.64258,0.6417,0.6425,1965,9,0
2025-08-22T00:00:00Z,1755820800,0.6425,0.64297,0.6419,0.64223,4333,9,0
2025-08-22T04:00:00Z,1755835200,0.64223,0.64255,0.64147,0.64229,3554,9,0
2025-08-22T08:00:00Z,1755849600,0.6423,0.64312,0.64154,0.64212,3474,9,0
2025-08-22T12:00:00Z,1755864000,0.64213,0.65004,0.64207,0.6483,13574,9,0
2025-08-22T16:00:00Z,1755878400,0.64828,0.64977,0.64828,0.64877,5237,9,0
2025-08-22T20:00:00Z,1755892800,0.64877,0.64942,0.64872,0.64916,696,9,0
2025-08-24T20:00:00Z,1756065600,0.64863,0.64946,0.64834,0.64843,1802,9,0
2025-08-25T00:00:00Z,1756080000,0.64844,0.64881,0.64713,0.64865,4216,9,0
2025-08-25T04:00:00Z,1756094400,0.64865,0.65045,0.64856,0.64863,4387,9,0
2025-08-25T08:00:00Z,1756108800,0.64862,0.64991,0.64861,0.64986,3789,9,0
2025-08-25T12:00:00Z,1756123200,0.64987,0.65041,0.64886,0.64979,6039,9,0
2025-08-25T16:00:00Z,1756137600,0.64979,0.64995,0.64775,0.64788,4138,9,0
2025-08-25T20:00:00Z,1756152000,0.64787,0.64844,0.64764,0.64812,1818,9,0
2025-08-26T00:00:00Z,1756166400,0.64812,0.64931,0.64706,0.64726,7964,9,0
2025-08-26T04:00:00Z,1756180800,0.64724,0.64847,0.64696,0.64734,5366,9,0
2025-08-26T08:00:00Z,1756195200,0.64734,0.6492,0.64727,0.64898,4650,9,0
2025-08-26T12:00:00Z,1756209600,0.64897,0.64982,0.64802,0.6497,6585,9,0
2025-08-26T16:00:00Z,1756224000,0.64971,0.65003,0.64916,0.64931,3207,9,0
2025-08-26T20:00:00Z,1756238400,0.64929,0.64971,0.64888,0.6495,1949,9,0
2025-08-27T00:00:00Z,1756252800,0.6495,0.65039,0.64869,0.64879,4701,9,0
2025-08-27T04:00:00Z,1756267200,0.6488,0.64902,0.64747,0.64782,4094,9,0
2025-08-27T08:00:00Z,1756281600,0.64781,0.64781,0.64622,0.64661,4515,9,0
2025-08-27T12:00:00Z,1756296000,0.64661,0.64946,0.64657,0.64943,6362,9,0
2025-08-27T16:00:00Z,1756310400,0.64943,0.65125,0.64939,0.65087,4045,9,0
2025-08-27T20:00:00Z,1756324800,0.65087,0.65121,0.65003,0.65121,2274,9,0
2025-08-28T00:00:00Z,1756339200,0.65122,0.65215,0.65096,0.65142,3966,9,0
2025-08-28T04:00:00Z,1756353600,0.65142,0.65152,0.65054,0.65146,4040,9,0
2025-08-28T08:00:00Z,1756368000,0.65145,0.65302,0.65079,0.65269,4298,9,0
2025-08-28T12:00:00Z,1756382400,0.65269,0.6534,0.65191,0.65298,7874,9,0
2025-08-28T16:00:00Z,1756396800,0.65298,0.65373,0.65289,0.6531,2919,9,0
2025-08-28T20:00:00Z,1756411200,0.6531,0.65323,0.65223,0.65303,2029,9,0
2025-08-29T00:00:00Z,1756425600,0.65303,0.65419,0.65281,0.6536,4326,9,0
2025-08-29T04:00:00Z,1756440000,0.6536,0.65402,0.65274,0.6538,3846,9,0
2025-08-29T08:00:00Z,1756454400,0.65382,0.65389,0.65251,0.65261,4016,9,0
2025-08-29T12:00:00Z,1756468800,0.65261,0.65482,0.65226,0.65434,7986,9,0
2025-08-29T16:00:00Z,1756483200,0.65435,0.65467,0.65409,0.65445,3220,9,0
2025-08-29T20:00:00Z,1756497600,0.65446,0.6546,0.65354,0.65403,822,9,0
2025-08-31T20:00:00Z,1756670400,0.65343,0.65436,0.65294,0.65425,1558,9,0
2025-09-01T00:00:00Z,1756684800,0.65427,0.65487,0.65349,0.65469,4638,9,0
2025-09-01T04:00:00Z,1756699200,0.65469,0.65476,0.65346,0.65466,4355,9,0
2025-09-01T08:00:00Z,1756713600,0.65466,0.65596,0.65449,0.65534,3838,9,0
2025-09-01T12:00:00Z,1756728000,0.65534,0.6558,0.65484,0.65523,3743,9,0
2025-09-01T16:00:00Z,1756742400,0.65523,0.6555,0.65491,0.65549,1054,9,0
2025-09-01T20:00:00Z,1756756800,0.65548,0.65572,0.65495,0.65563,1508,9,0
2025-09-02T00:00:00Z,1756771200,0.65565,0.6558,0.65377,0.65402,5040,9,0
2025-09-02T04:00:00Z,1756785600,0.65401,0.65431,0.65,0.65038,5482,9,0
2025-09-02T08:00:00Z,1756800000,0.6504,0.65185,0.65005,0.65084,7343,9,0
2025-09-02T12:00:00Z,1756814400,0.65082,0.65245,0.64829,0.65147,10572,9,0
2025-09-02T16:00:00Z,1756828800,0.65146,0.65221,0.65119,0.65196,4573,9,0
2025-09-02T20:00:00Z,1756843200,0.65196,0.65223,0.65127,0.65182,2166,9,0
2025-09-03T00:00:00Z,1756857600,0.6518,0.65251,0.65119,0.65176,4886,9,0
2025-09-03T04:00:00Z,1756872000,0.65176,0.65233,0.65019,0.65221,5133,9,0
2025-09-03T08:00:00Z,1756886400,0.6522,0.65367,0.65208,0.65351,5532,9,0
2025-09-03T12:00:00Z,1756900800,0.6535,0.65501,0.653,0.65484,8907,9,0
2025-09-03T16:00:00Z,1756915200,0.65484,0.65538,0.65391,0.65398,4483,9,0
2025-09-03T20:00:00Z,1756929600,0.65399,0.65457,0.65352,0.65446,1948,9,0
2025-09-04T00:00:00Z,1756944000,0.65447,0.65494,0.6531,0.65328,4985,9,0
2025-09-04T04:00:00Z,1756958400,0.65328,0.65346,0.65202,0.65252,4096,9,0
2025-09-04T08:00:00Z,1756972800,0.65252,0.65275,0.65146,0.65162,3878,9,0
2025-09-04T12:00:00Z,1756987200,0.65162,0.65264,0.65009,0.6511,8788,9,0
2025-09-04T16:00:00Z,1757001600,0.65111,0.65177,0.65065,0.65173,3284,9,0
2025-09-04T20:00:00Z,1757016000,0.65174,0.6522,0.65115,0.65217,1874,9,0
2025-09-05T00:00:00Z,1757030400,0.65217,0.65306,0.65194,0.65303,3377,9,0
2025-09-05T04:00:00Z,1757044800,0.65305,0.65438,0.65261,0.65431,3391,9,0
2025-09-05T08:00:00Z,1757059200,0.65429,0.65472,0.65399,0.65404,2926,9,0
2025-09-05T12:00:00Z,1757073600,0.65406,0.65881,0.65402,0.65675,15403,9,0
2025-09-05T16:00:00Z,1757088000,0.65675,0.65699,0.65496,0.65522,5592,9,0
2025-09-05T20:00:00Z,1757102400,0.65522,0.65568,0.65516,0.65559,785,9,0
2025-09-07T20:00:00Z,1757275200,0.65461,0.65553,0.65454,0.65545,1898,9,0
2025-09-08T00:00:00Z,1757289600,0.65543,0.65672,0.65478,0.65592,5715,9,0
2025-09-08T04:00:00Z,1757304000,0.65591,0.65862,0.65542,0.65848,4628,9,0
2025-09-08T08:00:00Z,1757318400,0.65849,0.65935,0.65796,0.65904,3881,9,0
2025-09-08T12:00:00Z,1757332800,0.65904,0.65981,0.65822,0.65895,6018,9,0
2025-09-08T16:00:00Z,1757347200,0.65896,0.65953,0.65805,0.65943,3033,9,0
2025-09-08T20:00:00Z,1757361600,0.65943,0.65984,0.65859,0.65974,1991,9,0
2025-09-09T00:00:00Z,1757376000,0.65974,0.66038,0.65911,0.65987,4067,9,0
2025-09-09T04:00:00Z,1757390400,0.65988,0.66144,0.6598,0.66058,4286,9,0
2025-09-09T08:00:00Z,1757404800,0.66057,0.66193,0.66033,0.66089,4614,9,0
2025-09-09T12:00:00Z,1757419200,0.66089,0.66124,0.65847,0.659,9749,9,0
2025-09-09T16:00:00Z,1757433600,0.659,0.65958,0.65823,0.65828,3729,9,0
2025-09-09T20:00:00Z,1757448000,0.65828,0.65871,0.65793,0.65852,2273,9,0
2025-09-10T00:00:00Z,1757462400,0.65852,0.66059,0.65799,0.66036,4832,9,0
2025-09-10T04:00:00Z,1757476800,0.66037,0.66151,0.65943,0.6602,5222,9,0
2025-09-10T08:00:00Z,1757491200,0.6602,0.66108,0.65954,0.66059,4151,9,0
2025-09-10T12:00:00Z,1757505600,0.6606,0.66352,0.6601,0.66247,10037,9,0
2025-09-10T16:00:00Z,1757520000,0.66248,0.66249,0.66114,0.66168,3505,9,0
2025-09-10T20:00:00Z,1757534400,0.66167,0.66209,0.66087,0.66187,1966,9,0
2025-09-11T00:00:00Z,1757548800,0.66187,0.66195,0.66078,0.66126,3712,9,0
2025-09-11T04:00:00Z,1757563200,0.66126,0.66135,0.6601,0.66118,4447,9,0
2025-09-11T08:00:00Z,1757577600,0.66119,0.66137,0.65983,0.66028,4618,9,0
2025-09-11T12:00:00Z,1757592000,0.66027,0.66579,0.65897,0.66563,12217,9,0
2025-09-11T16:00:00Z,1757606400,0.66562,0.6664,0.66557,0.66624,3849,9,0
2025-09-11T20:00:00Z,1757620800,0.66623,0.66661,0.66563,0.66649,2203,9,0
2025-09-12T00:00:00Z,1757635200,0.66648,0.66684,0.66551,0.66615,4523,9,0
2025-09-12T04:00:00Z,1757649600,0.66615,0.66654,0.6651,0.66604,4152,9,0
2025-09-12T08:00:00Z,1757664000,0.66604,0.66608,0.66422,0.66445,5097,9,0
2025-09-12T12:00:00Z,1757678400,0.66446,0.66478,0.66304,0.66343,6978,9,0
2025-09-12T16:00:00Z,1757692800,0.66343,0.66529,0.6632,0.66503,3227,9,0
2025-09-12T20:00:00Z,1757707200,0.66502,0.66502,0.66461,0.6648,801,9,0
2025-09-14T20:00:00Z,1757880000,0.66329,0.66496,0.66306,0.66484,1545,9,0
2025-09-15T00:00:00Z,1757894400,0.66484,0.66646,0.66446,0.66608,3622,9,0
2025-09-15T04:00:00Z,1757908800,0.66607,0.66664,0.66517,0.6663,4529,9,0
2025-09-15T08:00:00Z,1757923200,0.66629,0.66653,0.66537,0.66594,4396,9,0
2025-09-15T12:00:00Z,1757937600,0.66596,0.66711,0.6653,0.66696,6346,9,0
2025-09-15T16:00:00Z,1757952000,0.66696,0.66745,0.66641,0.66714,3701,9,0
2025-09-15T20:00:00Z,1757966400,0.66714,0.66725,0.66648,0.66719,1849,9,0
2025-09-16T00:00:00Z,1757980800,0.66718,0.66759,0.66622,0.66685,4122,9,0
2025-09-16T04:00:00Z,1757995200,0.66687,0.66719,0.66601,0.66625,4545,9,0
2025-09-16T08:00:00Z,1758009600,0.66623,0.66761,0.66595,0.66735,4870,9,0
2025-09-16T12:00:00Z,1758024000,0.66735,0.66779,0.66617,0.66753,8681,9,0
2025-09-16T16:00:00Z,1758038400,0.66753,0.66877,0.66744,0.66802,3884,9,0
2025-09-16T20:00:00Z,1758052800,0.66802,0.66883,0.66769,0.66881,2153,9,0
2025-09-17T00:00:00Z,1758067200,0.66882,0.66895,0.66722,0.66758,3747,9,0
2025-09-17T04:00:00Z,1758081600,0.66758,0.66776,0.66688,0.66698,3374,9,0
2025-09-17T08:00:00Z,1758096000,0.66698,0.66782,0.66658,0.66751,3855,9,0
2025-09-17T12:00:00Z,1758110400,0.66751,0.66824,0.66635,0.66664,5204,9,0
2025-09-17T16:00:00Z,1758124800,0.66663,0.67066,0.6641,0.66588,22827,9,0
2025-09-17T20:00:00Z,1758139200,0.66587,0.666,0.66499,0.66517,3389,9,0
2025-09-18T00:00:00Z,1758153600,0.66517,0.66532,0.66332,0.66422,6723,9,0
2025-09-18T04:00:00Z,1758168000,0.66422,0.66466,0.66155,0.66419,6182,9,0
2025-09-18T08:00:00Z,1758182400,0.66418,0.66593,0.66354,0.66517,6521,9,0
2025-09-18T12:00:00Z,1758196800,0.66517,0.6652,0.66067,0.66127,11160,9,0
2025-09-18T16:00:00Z,1758211200,0.66127,0.66225,0.66111,0.66115,4375,9,0
2025-09-18T20:00:00Z,1758225600,0.66115,0.66174,0.66097,0.66163,2290,9,0
2025-09-19T00:00:00Z,1758240000,0.66163,0.66192,0.65994,0.66114,5273,9,0
2025-09-19T04:00:00Z,1758254400,0.66116,0.66144,0.65876,0.66014,6835,9,0
2025-09-19T08:00:00Z,1758268800,0.66013,0.66106,0.65919,0.65924,5045,9,0
2025-09-19T12:00:00Z,1758283200,0.65924,0.65998,0.65856,0.65945,7906,9,0
2025-09-19T16:00:00Z,1758297600,0.65944,0.65973,0.65918,0.65946,2990,9,0
2025-09-19T20:00:00Z,1758312000,0.65946,0.65947,0.65894,0.65935,748,9,0
2025-09-21T20:00:00Z,1758484800,0.65861,0.65945,0.65814,0.65882,1621,9,0
2025-09-22T00:00:00Z,1758499200,0.6588,0.65967,0.65804,0.65936,4770,9,0
2025-09-22T04:00:00Z,1758513600,0.65936,0.65965,0.65746,0.65797,4836,9,0
2025-09-22T08:00:00Z,1758528000,0.65796,0.65992,0.65789,0.65961,4534,9,0
2025-09-22T12:00:00Z,1758542400,0.65961,0.65994,0.65773,0.65891,6348,9,0
2025-09-22T16:00:00Z,1758556800,0.65891,0.6602,0.65878,0.65994,3036,9,0
2025-09-22T20:00:00Z,1758571200,0.65993,0.66007,0.65923,0.66007,1694,9,0
2025-09-23T00:00:00Z,1758585600,0.66007,0.66011,0.65811,0.65872,3922,9,0
2025-09-23T04:00:00Z,1758600000,0.65872,0.65964,0.65808,0.65875,5007,9,0
2025-09-23T08:00:00Z,1758614400,0.65874,0.66111,0.65866,0.66048,4702,9,0
2025-09-23T12:00:00Z,1758628800,0.66047,0.66149,0.65962,0.65989,7174,9,0
2025-09-23T16:00:00Z,1758643200,0.6599,0.66069,0.65927,0.65989,5505,9,0
2025-09-23T20:00:00Z,1758657600,0.65988,0.66023,0.6591,0.65986,2067,9,0
2025-09-24T00:00:00Z,1758672000,0.65987,0.66225,0.65885,0.66151,5605,9,0
2025-09-24T04:00:00Z,1758686400,0.66152,0.66274,0.6614,0.662,4841,9,0
2025-09-24T08:00:00Z,1758700800,0.662,0.66215,0.66008,0.66019,4755,9,0
2025-09-24T12:00:00Z,1758715200,0.66019,0.66118,0.6583,0.65856,8551,9,0
2025-09-24T16:00:00Z,1758729600,0.65855,0.65856,0.65743,0.65823,4248,9,0
2025-09-24T20:00:00Z,1758744000,0.65825,0.65861,0.65806,0.65856,2170,9,0
2025-09-25T00:00:00Z,1758758400,0.65856,0.65998,0.65839,0.65988,4055,9,0
2025-09-25T04:00:00Z,1758772800,0.65988,0.66002,0.65852,0.65852,4332,9,0
2025-09-25T08:00:00Z,1758787200,0.65853,0.66033,0.6582,0.65824,4935,9,0
2025-09-25T12:00:00Z,1758801600,0.65822,0.65843,0.65429,0.65493,10694,9,0
2025-09-25T16:00:00Z,1758816000,0.65493,0.65508,0.65255,0.65364,4902,9,0
2025-09-25T20:00:00Z,1758830400,0.65365,0.65414,0.65312,0.65377,2521,9,0
2025-09-26T00:00:00Z,1758844800,0.65377,0.6544,0.65306,0.65418,4005,9,0
2025-09-26T04:00:00Z,1758859200,0.65418,0.65434,0.6526,0.65308,4365,9,0
2025-09-26T08:00:00Z,1758873600,0.65308,0.65357,0.65202,0.65264,4297,9,0
2025-09-26T12:00:00Z,1758888000,0.65264,0.65479,0.65255,0.65438,9782,9,0
2025-09-26T16:00:00Z,1758902400,0.65438,0.6551,0.65414,0.65508,3480,9,0
2025-09-26T20:00:00Z,1758916800,0.65508,0.6551,0.65448,0.65461,478,9,0
2025-09-28T20:00:00Z,1759089600,0.6542,0.65519,0.65409,0.65515,1241,9,0
2025-09-29T00:00:00Z,1759104000,0.65514,0.65667,0.65474,0.65662,4190,9,0
2025-09-29T04:00:00Z,1759118400,0.65662,0.65729,0.65626,0.65685,4693,9,0
2025-09-29T08:00:00Z,1759132800,0.65687,0.65723,0.65593,0.65671,3937,9,0
2025-09-29T12:00:00Z,1759147200,0.65671,0.65798,0.65599,0.6576,7329,9,0
2025-09-29T16:00:00Z,1759161600,0.65761,0.65808,0.65735,0.65778,2720,9,0
2025-09-29T20:00:00Z,1759176000,0.65778,0.65802,0.65729,0.65774,1687,9,0
2025-09-30T00:00:00Z,1759190400,0.65775,0.65955,0.65708,0.6588,5570,9,0
2025-09-30T04:00:00Z,1759204800,0.6588,0.66085,0.65749,0.66017,8875,9,0
2025-09-30T08:00:00Z,1759219200,0.66015,0.66133,0.66006,0.66096,6227,9,0
2025-09-30T12:00:00Z,1759233600,0.66096,0.6628,0.66078,0.66126,8167,9,0
2025-09-30T16:00:00Z,1759248000,0.66126,0.66212,0.66108,0.66158,3872,9,0
2025-09-30T20:00:00Z,1759262400,0.66159,0.66181,0.66071,0.66103,2570,9,0
2025-10-01T00:00:00Z,1759276800,0.66103,0.66103,0.6589,0.65943,4327,9,0
2025-10-01T04:00:00Z,1759291200,0.65944,0.66171,0.65915,0.66105,6456,9,0
2025-10-01T08:00:00Z,1759305600,0.66105,0.66196,0.66055,0.66147,5850,9,0
2025-10-01T12:00:00Z,1759320000,0.66147,0.66287,0.65988,0.66025,12845,9,0
2025-10-01T16:00:00Z,1759334400,0.66024,0.662,0.66008,0.66128,3841,9,0
2025-10-01T20:00:00Z,1759348800,0.66128,0.66155,0.66082,0.66153,1850,9,0
2025-10-02T00:00:00Z,1759363200,0.66153,0.66207,0.66019,0.66154,4176,9,0
2025-10-02T04:00:00Z,1759377600,0.66154,0.66241,0.66111,0.66222,4815,9,0
2025-10-02T08:00:00Z,1759392000,0.66221,0.66239,0.66026,0.66058,4717,9,0
2025-10-02T12:00:00Z,1759406400,0.66057,0.66088,0.65766,0.65853,7426,9,0
2025-10-02T16:00:00Z,1759420800,0.65852,0.65993,0.6584,0.65958,3025,9,0
2025-10-02T20:00:00Z,1759435200,0.65958,0.65994,0.65904,0.65987,1731,9,0
2025-10-03T00:00:00Z,1759449600,0.65986,0.66035,0.65928,0.65977,3441,9,0
2025-10-03T04:00:00Z,1759464000,0.65976,0.66086,0.65885,0.66051,4106,9,0
2025-10-03T08:00:00Z,1759478400,0.6605,0.66087,0.66004,0.66047,3750,9,0
2025-10-03T12:00:00Z,1759492800,0.66049,0.66136,0.65989,0.66125,7756,9,0
2025-10-03T16:00:00Z,1759507200,0.66126,0.66129,0.65946,0.66038,3792,9,0
2025-10-03T20:00:00Z,1759521600,0.66037,0.66049,0.65996,0.66016,564,9,0
2025-10-05T20:00:00Z,1759694400,0.6579,0.6594,0.65768,0.65935,3434,9,0
2025-10-06T00:00:00Z,1759708800,0.65936,0.66131,0.65917,0.66078,4114,9,0
2025-10-06T04:00:00Z,1759723200,0.66078,0.66175,0.65994,0.66039,6290,9,0
2025-10-06T08:00:00Z,1759737600,0.66039,0.66057,0.65898,0.65977,5911,9,0
2025-10-06T12:00:00Z,1759752000,0.65977,0.66201,0.65951,0.66175,6854,9,0
2025-10-06T16:00:00Z,1759766400,0.66175,0.662,0.66127,0.66153,2786,9,0
2025-10-06T20:00:00Z,1759780800,0.66153,0.66194,0.66116,0.6616,2221,9,0
2025-10-07T00:00:00Z,1759795200,0.66162,0.6624,0.6604,0.66186,3814,9,0
2025-10-07T04:00:00Z,1759809600,0.66185,0.66194,0.65852,0.65903,4952,9,0
2025-10-07T08:00:00Z,1759824000,0.65903,0.65966,0.65835,0.65862,4142,9,0
2025-10-07T12:00:00Z,1759838400,0.6586,0.65967,0.65806,0.65851,7393,9,0
2025-10-07T16:00:00Z,1759852800,0.65852,0.65914,0.65782,0.65793,4735,9,0
2025-10-07T20:00:00Z,1759867200,0.65792,0.65856,0.65783,0.65797,2159,9,0
2025-10-08T00:00:00Z,1759881600,0.65799,0.65801,0.65579,0.65664,6120,9,0
2025-10-08T04:00:00Z,1759896000,0.65664,0.65691,0.65562,0.65661,5078,9,0
2025-10-08T08:00:00Z,1759910400,0.65661,0.65772,0.65583,0.6571,4847,9,0
2025-10-08T12:00:00Z,1759924800,0.6571,0.65882,0.65707,0.65804,6301,9,0
2025-10-08T16:00:00Z,1759939200,0.65806,0.65873,0.6575,0.65862,4170,9,0
2025-10-08T20:00:00Z,1759953600,0.65862,0.65913,0.65803,0.6584,2480,9,0
2025-10-09T00:00:00Z,1759968000,0.65842,0.66011,0.65835,0.66006,4233,9,0
2025-10-09T04:00:00Z,1759982400,0.66006,0.66097,0.657,0.65828,5889,9,0
2025-10-09T08:00:00Z,1759996800,0.65828,0.66006,0.65692,0.65969,5749,9,0
2025-10-09T12:00:00Z,1760011200,0.6597,0.66118,0.65459,0.65539,11233,9,0
2025-10-09T16:00:00Z,1760025600,0.6554,0.65578,0.65396,0.65508,6301,9,0
2025-10-09T20:00:00Z,1760040000,0.65508,0.65605,0.65508,0.65601,2425,9,0
2025-10-10T00:00:00Z,1760054400,0.656,0.65724,0.65559,0.65682,4079,9,0
2025-10-10T04:00:00Z,1760068800,0.65681,0.65687,0.6545,0.65557,5474,9,0
2025-10-10T08:00:00Z,1760083200,0.65557,0.65623,0.65493,0.65516,4973,9,0
2025-10-10T12:00:00Z,1760097600,0.65516,0.6559,0.64827,0.64928,14963,9,0
2025-10-10T16:00:00Z,1760112000,0.64927,0.64955,0.64782,0.64842,10436,9,0
2025-10-10T20:00:00Z,1760126400,0.64842,0.64859,0.64709,0.64749,2323,9,0
2025-10-12T20:00:00Z,1760299200,0.64898,0.65126,0.64877,0.64976,4995,9,0
2025-10-13T00:00:00Z,1760313600,0.64975,0.65322,0.64968,0.65167,7039,9,0
2025-10-13T04:00:00Z,1760328000,0.65167,0.65278,0.65115,0.65215,6856,9,0
2025-10-13T08:00:00Z,1760342400,0.65214,0.65248,0.65056,0.65071,5898,9,0
2025-10-13T12:00:00Z,1760356800,0.65072,0.6523,0.65047,0.65175,8302,9,0
2025-10-13T16:00:00Z,1760371200,0.65176,0.65244,0.65141,0.65154,3661,9,0
2025-10-13T20:00:00Z,1760385600,0.65154,0.65182,0.65099,0.65115,2278,9,0
2025-10-14T00:00:00Z,1760400000,0.65115,0.65207,0.64921,0.64978,5992,9,0
2025-10-14T04:00:00Z,1760414400,0.64977,0.64987,0.64487,0.64544,10871,9,0
2025-10-14T08:00:00Z,1760428800,0.64543,0.64656,0.64399,0.64539,6737,9,0
2025-10-14T12:00:00Z,1760443200,0.64539,0.64923,0.64421,0.64903,10341,9,0
2025-10-14T16:00:00Z,1760457600,0.64903,0.64967,0.64782,0.64832,7839,9,0
2025-10-14T20:00:00Z,1760472000,0.64832,0.64946,0.64796,0.64906,2483,9,0
2025-10-15T00:00:00Z,1760486400,0.64904,0.65158,0.64858,0.65122,5979,9,0
2025-10-15T04:00:00Z,1760500800,0.65123,0.65229,0.65103,0.6516,4811,9,0
2025-10-15T08:00:00Z,1760515200,0.6516,0.65226,0.65132,0.65139,4281,9,0
2025-10-15T12:00:00Z,1760529600,0.6514,0.65227,0.65034,0.65119,9350,9,0
2025-10-15T16:00:00Z,1760544000,0.6512,0.65142,0.64884,0.65096,7163,9,0
2025-10-15T20:00:00Z,1760558400,0.65097,0.6514,0.65028,0.65073,2462,9,0
2025-10-16T00:00:00Z,1760572800,0.65072,0.65155,0.64794,0.64868,8788,9,0
2025-10-16T04:00:00Z,1760587200,0.64868,0.65087,0.64855,0.65066,5989,9,0
2025-10-16T08:00:00Z,1760601600,0.65066,0.65124,0.65005,0.65063,4940,9,0
2025-10-16T12:00:00Z,1760616000,0.65064,0.65071,0.64855,0.64905,9388,9,0
2025-10-16T16:00:00Z,1760630400,0.64903,0.64966,0.64706,0.6484,10972,9,0
2025-10-16T20:00:00Z,1760644800,0.64839,0.64894,0.64748,0.64814,2447,9,0
2025-10-17T00:00:00Z,1760659200,0.64814,0.64915,0.64621,0.64665,6054,9,0
2025-10-17T04:00:00Z,1760673600,0.64666,0.64789,0.64431,0.6462,8306,9,0
2025-10-17T08:00:00Z,1760688000,0.64622,0.65021,0.64514,0.64863,10527,9,0
2025-10-17T12:00:00Z,1760702400,0.64863,0.6492,0.64695,0.64847,12611,9,0
2025-10-17T16:00:00Z,1760716800,0.64848,0.65009,0.64821,0.64994,5898,9,0
2025-10-17T20:00:00Z,1760731200,0.64995,0.64997,0.64925,0.64939,751,9,0
2025-10-19T20:00:00Z,1760904000,0.64899,0.65055,0.64855,0.65009,1828,9,0
2025-10-20T00:00:00Z,1760918400,0.65009,0.65145,0.64954,0.65033,4698,9,0
2025-10-20T04:00:00Z,1760932800,0.65034,0.65081,0.64912,0.64957,4912,9,0
2025-10-20T08:00:00Z,1760947200,0.64956,0.65011,0.64843,0.64901,5024,9,0
2025-10-20T12:00:00Z,1760961600,0.64903,0.65208,0.64868,0.65153,6516,9,0
2025-10-20T16:00:00Z,1760976000,0.65154,0.65186,0.65119,0.65135,3393,9,0
2025-10-20T20:00:00Z,1760990400,0.65135,0.65172,0.65117,0.65157,1537,9,0
2025-10-21T00:00:00Z,1761004800,0.65156,0.65246,0.65036,0.65045,4281,9,0
2025-10-21T04:00:00Z,1761019200,0.65046,0.65049,0.64853,0.64873,6125,9,0
2025-10-21T08:00:00Z,1761033600,0.64872,0.64976,0.64762,0.6492,5928,9,0
2025-10-21T12:00:00Z,1761048000,0.64922,0.64997,0.64725,0.64976,8923,9,0
2025-10-21T16:00:00Z,1761062400,0.64976,0.65031,0.64853,0.64892,4601,9,0
2025-10-21T20:00:00Z,1761076800,0.64891,0.64922,0.64863,0.64905,1909,9,0
2025-10-22T00:00:00Z,1761091200,0.64907,0.64967,0.64828,0.64947,4953,9,0
2025-10-22T04:00:00Z,1761105600,0.64946,0.65116,0.64946,0.65024,4854,9,0
2025-10-22T08:00:00Z,1761120000,0.65024,0.65026,0.64814,0.6484,5300,9,0
2025-10-22T12:00:00Z,1761134400,0.6484,0.65017,0.6483,0.65006,7807,9,0
2025-10-22T16:00:00Z,1761148800,0.65007,0.65009,0.64779,0.64897,9237,9,0
2025-10-22T20:00:00Z,1761163200,0.64897,0.64917,0.64863,0.64877,1915,9,0
2025-10-23T00:00:00Z,1761177600,0.64875,0.64948,0.64785,0.64792,4198,9,0
2025-10-23T04:00:00Z,1761192000,0.64792,0.65081,0.64792,0.65045,4294,9,0
2025-10-23T08:00:00Z,1761206400,0.65046,0.65123,0.65013,0.65013,3988,9,0
2025-10-23T12:00:00Z,1761220800,0.65013,0.65172,0.6498,0.65143,6592,9,0
2025-10-23T16:00:00Z,1761235200,0.65145,0.65175,0.65065,0.65115,3573,9,0
2025-10-23T20:00:00Z,1761249600,0.65114,0.6516,0.65073,0.65143,1753,9,0
2025-10-24T00:00:00Z,1761264000,0.65143,0.65168,0.64961,0.65053,3657,9,0
2025-10-24T04:00:00Z,1761278400,0.65053,0.65084,0.64937,0.65022,4081,9,0
2025-10-24T08:00:00Z,1761292800,0.65023,0.65036,0.64924,0.65,3628,9,0
2025-10-24T12:00:00Z,1761307200,0.65,0.65283,0.64936,0.65088,10849,9,0
2025-10-24T16:00:00Z,1761321600,0.6509,0.65131,0.65048,0.65107,2757,9,0
2025-10-24T20:00:00Z,1761336000,0.65107,0.6513,0.65087,0.65125,487,9,0
2025-10-26T20:00:00Z,1761508800,0.65276,0.65434,0.65211,0.6533,2966,9,0
2025-10-27T00:00:00Z,1761523200,0.6533,0.65409,0.65282,0.65305,4518,9,0
2025-10-27T04:00:00Z,1761537600,0.65306,0.65477,0.65284,0.65341,3638,9,0
2025-10-27T08:00:00Z,1761552000,0.65341,0.65588,0.65328,0.65567,4933,9,0
2025-10-27T12:00:00Z,1761566400,0.65565,0.65592,0.65433,0.65527,5453,9,0
2025-10-27T16:00:00Z,1761580800,0.65527,0.65572,0.65507,0.65545,3023,9,0
2025-10-27T20:00:00Z,1761595200,0.65544,0.65604,0.65515,0.65578,2001,9,0
2025-10-28T00:00:00Z,1761609600,0.65578,0.65632,0.65533,0.65596,3897,9,0
2025-10-28T04:00:00Z,1761624000,0.65596,0.6564,0.65472,0.65497,3659,9,0
2025-10-28T08:00:00Z,1761638400,0.65497,0.65598,0.6544,0.65544,3911,9,0
2025-10-28T12:00:00Z,1761652800,0.65546,0.65839,0.65506,0.65836,5479,9,0
2025-10-28T16:00:00Z,1761667200,0.65834,0.65902,0.65816,0.65847,3681,9,0
2025-10-28T20:00:00Z,1761681600,0.65847,0.65856,0.65782,0.65845,2106,9,0
2025-10-29T00:00:00Z,1761696000,0.65844,0.66069,0.65781,0.65998,6064,9,0
2025-10-29T04:00:00Z,1761710400,0.65997,0.66171,0.65937,0.66118,4262,9,0
2025-10-29T08:00:00Z,1761724800,0.66117,0.66119,0.65912,0.65953,4675,9,0
2025-10-29T12:00:00Z,1761739200,0.65953,0.66137,0.65862,0.66112,6350,9,0
2025-10-29T16:00:00Z,1761753600,0.66112,0.66154,0.65568,0.65729,18468,9,0
2025-10-29T20:00:00Z,1761768000,0.6573,0.65787,0.65652,0.65761,2967,9,0
2025-10-30T00:00:00Z,1761782400,0.6576,0.65929,0.65758,0.65901,5913,9,0
2025-10-30T04:00:00Z,1761796800,0.65902,0.65971,0.65737,0.65801,9997,9,0
2025-10-30T08:00:00Z,1761811200,0.65803,0.6581,0.65541,0.65553,5502,9,0
2025-10-30T12:00:00Z,1761825600,0.65551,0.65579,0.65324,0.65534,9734,9,0
2025-10-30T16:00:00Z,1761840000,0.65535,0.6558,0.65462,0.65482,4649,9,0
2025-10-30T20:00:00Z,1761854400,0.6548,0.65595,0.65471,0.65587,2216,9,0
2025-10-31T00:00:00Z,1761868800,0.65587,0.65597,0.65456,0.65496,4228,9,0
2025-10-31T04:00:00Z,1761883200,0.65495,0.65523,0.65331,0.65392,3631,9,0
2025-10-31T08:00:00Z,1761897600,0.65392,0.65449,0.65357,0.65424,3762,9,0
2025-10-31T12:00:00Z,1761912000,0.65423,0.65524,0.65328,0.65453,7486,9,0
2025-10-31T16:00:00Z,1761926400,0.65452,0.65465,0.65331,0.65423,4724,9,0
2025-10-31T20:00:00Z,1761940800,0.65421,0.65464,0.65415,0.65448,607,9,0
2025-11-02T20:00:00Z,1762113600,0.65438,0.65479,0.65381,0.65449,1494,9,0
2025-11-03T00:00:00Z,1762128000,0.65449,0.65528,0.65399,0.65525,3165,9,0
2025-11-03T04:00:00Z,1762142400,0.65523,0.6562,0.65489,0.65531,3151,9,0
2025-11-03T08:00:00Z,1762156800,0.65531,0.65553,0.65436,0.65481,4040,9,0
2025-11-03T12:00:00Z,1762171200,0.65481,0.65515,0.65174,0.65267,5494,9,0
2025-11-03T16:00:00Z,1762185600,0.65268,0.65425,0.65268,0.65389,4046,9,0
2025-11-03T20:00:00Z,1762200000,0.65388,0.65399,0.65333,0.65378,2352,9,0
2025-11-04T00:00:00Z,1762214400,0.65378,0.65378,0.65175,0.65315,5569,9,0
2025-11-04T04:00:00Z,1762228800,0.65315,0.6536,0.6505,0.65146,6499,9,0
2025-11-04T08:00:00Z,1762243200,0.65148,0.65195,0.64913,0.64971,5447,9,0
2025-11-04T12:00:00Z,1762257600,0.64972,0.65037,0.64807,0.6502,6310,9,0
2025-11-04T16:00:00Z,1762272000,0.65021,0.65032,0.64826,0.64838,4943,9,0
2025-11-04T20:00:00Z,1762286400,0.64838,0.64928,0.6482,0.64845,2651,9,0
2025-11-05T00:00:00Z,1762300800,0.64843,0.64944,0.64585,0.64923,7205,9,0
2025-11-05T04:00:00Z,1762315200,0.64923,0.64988,0.64841,0.64872,3970,9,0
2025-11-05T08:00:00Z,1762329600,0.64873,0.64956,0.64736,0.64786,4336,9,0
2025-11-05T12:00:00Z,1762344000,0.64787,0.65008,0.64765,0.64993,7268,9,0
2025-11-05T16:00:00Z,1762358400,0.64994,0.65124,0.64948,0.65053,4098,9,0
2025-11-05T20:00:00Z,1762372800,0.65053,0.65106,0.64996,0.65091,2074,9,0
2025-11-06T00:00:00Z,1762387200,0.65091,0.65127,0.64967,0.65115,3987,9,0
2025-11-06T04:00:00Z,1762401600,0.65116,0.65175,0.65052,0.65109,3150,9,0
2025-11-06T08:00:00Z,1762416000,0.6511,0.65172,0.65039,0.65076,4268,9,0
2025-11-06T12:00:00Z,1762430400,0.65076,0.65182,0.64662,0.64689,8784,9,0
2025-11-06T16:00:00Z,1762444800,0.64689,0.64887,0.64629,0.64831,7885,9,0
2025-11-06T20:00:00Z,1762459200,0.64831,0.64863,0.64748,0.64833,2956,9,0
2025-11-07T00:00:00Z,1762473600,0.64834,0.64844,0.64679,0.64719,4518,9,0
2025-11-07T04:00:00Z,1762488000,0.64719,0.64904,0.64673,0.64839,3625,9,0
2025-11-07T08:00:00Z,1762502400,0.6484,0.64874,0.64758,0.64852,4832,9,0
2025-11-07T12:00:00Z,1762516800,0.64851,0.64927,0.64679,0.6472,9836,9,0
2025-11-07T16:00:00Z,1762531200,0.64719,0.64975,0.64705,0.64943,6807,9,0
2025-11-07T20:00:00Z,1762545600,0.64941,0.64986,0.64897,0.64948,2138,9,0
2025-11-09T20:00:00Z,1762718400,0.64942,0.6502,0.64867,0.65019,1702,9,0
2025-11-10T00:00:00Z,1762732800,0.65019,0.65217,0.64956,0.65133,4735,9,0
2025-11-10T04:00:00Z,1762747200,0.65133,0.65327,0.6513,0.65284,3353,9,0
2025-11-10T08:00:00Z,1762761600,0.65285,0.65387,0.65277,0.65335,3581,9,0
2025-11-10T12:00:00Z,1762776000,0.65335,0.65377,0.65147,0.65163,4954,9,0
2025-11-10T16:00:00Z,1762790400,0.65162,0.65399,0.65143,0.65371,3954,9,0
2025-11-10T20:00:00Z,1762804800,0.6537,0.65396,0.65321,0.6534,1976,9,0
2025-11-11T00:00:00Z,1762819200,0.6534,0.65354,0.65258,0.65286,3278,9,0
2025-11-11T04:00:00Z,1762833600,0.65285,0.65319,0.65145,0.65194,3695,9,0
2025-11-11T08:00:00Z,1762848000,0.65193,0.65259,0.65166,0.65255,3405,9,0
2025-11-11T12:00:00Z,1762862400,0.65255,0.65374,0.65202,0.65213,5661,9,0
2025-11-11T16:00:00Z,1762876800,0.65211,0.65333,0.65208,0.65294,3765,9,0
2025-11-11T20:00:00Z,1762891200,0.65295,0.65314,0.65232,0.65288,1977,9,0
2025-11-12T00:00:00Z,1762905600,0.65287,0.65314,0.65194,0.65231,3421,9,0
2025-11-12T04:00:00Z,1762920000,0.65231,0.65404,0.65157,0.65366,3266,9,0
2025-11-12T08:00:00Z,1762934400,0.65368,0.65439,0.653,0.65351,4216,9,0
2025-11-12T12:00:00Z,1762948800,0.65351,0.6544,0.65306,0.65392,5855,9,0
2025-11-12T16:00:00Z,1762963200,0.65391,0.65499,0.65377,0.65437,4700,9,0
2025-11-12T20:00:00Z,1762977600,0.65436,0.65439,0.65339,0.65359,2486,9,0
2025-11-13T00:00:00Z,1762992000,0.6536,0.65649,0.65315,0.65574,6845,9,0
2025-11-13T04:00:00Z,1763006400,0.65573,0.65759,0.65523,0.65745,4194,9,0
2025-11-13T08:00:00Z,1763020800,0.65746,0.65798,0.65604,0.65621,4319,9,0
2025-11-13T12:00:00Z,1763035200,0.65621,0.6566,0.65388,0.65524,8161,9,0
2025-11-13T16:00:00Z,1763049600,0.65524,0.65578,0.65237,0.65277,9459,9,0
2025-11-13T20:00:00Z,1763064000,0.65276,0.65337,0.65251,0.65264,3432,9,0
2025-11-14T00:00:00Z,1763078400,0.65263,0.65491,0.65237,0.65413,5094,9,0
2025-11-14T04:00:00Z,1763092800,0.65413,0.65417,0.65218,0.65281,5305,9,0
2025-11-14T08:00:00Z,1763107200,0.65281,0.65313,0.65034,0.65094,6505,9,0
2025-11-14T12:00:00Z,1763121600,0.65095,0.65459,0.65071,0.65457,11509,9,0
2025-11-14T16:00:00Z,1763136000,0.65458,0.65508,0.6533,0.65376,7751,9,0
2025-11-14T20:00:00Z,1763150400,0.65377,0.65385,0.65339,0.65351,1885,9,0
2025-11-16T20:00:00Z,1763323200,0.65322,0.65352,0.65272,0.65323,1068,9,0
2025-11-17T00:00:00Z,1763337600,0.65324,0.65332,0.65115,0.65167,4920,9,0
2025-11-17T04:00:00Z,1763352000,0.65167,0.65365,0.65163,0.65354,3289,9,0
2025-11-17T08:00:00Z,1763366400,0.65356,0.65369,0.65089,0.65171,4713,9,0
2025-11-17T12:00:00Z,1763380800,0.65169,0.65246,0.65047,0.65083,7228,9,0
2025-11-17T16:00:00Z,1763395200,0.65083,0.65171,0.64826,0.64832,6448,9,0
2025-11-17T20:00:00Z,1763409600,0.64832,0.64982,0.64817,0.6492,3083,9,0
2025-11-18T00:00:00Z,1763424000,0.6492,0.64971,0.64767,0.64786,4906,9,0
2025-11-18T04:00:00Z,1763438400,0.64786,0.64872,0.64647,0.64848,5715,9,0
2025-11-18T08:00:00Z,1763452800,0.64848,0.65042,0.64848,0.65026,5129,9,0
2025-11-18T12:00:00Z,1763467200,0.65026,0.65116,0.64864,0.64865,9634,9,0
2025-11-18T16:00:00Z,1763481600,0.64864,0.65178,0.64823,0.65164,8863,9,0
2025-11-18T20:00:00Z,1763496000,0.65164,0.65176,0.65059,0.6508,2724,9,0
2025-11-19T00:00:00Z,1763510400,0.6508,0.65086,0.64803,0.64819,5394,9,0
2025-11-19T04:00:00Z,1763524800,0.64821,0.6497,0.64762,0.64922,4846,9,0
2025-11-19T08:00:00Z,1763539200,0.64923,0.64935,0.64766,0.6489,5247,9,0
2025-11-19T12:00:00Z,1763553600,0.64889,0.64923,0.64629,0.64647,7070,9,0
2025-11-19T16:00:00Z,1763568000,0.64646,0.64686,0.64508,0.64637,8604,9,0
2025-11-19T20:00:00Z,1763582400,0.64636,0.64906,0.64625,0.64897,3735,9,0
2025-11-20T00:00:00Z,1763596800,0.64897,0.64898,0.64737,0.64812,5166,9,0
2025-11-20T04:00:00Z,1763611200,0.64812,0.64878,0.6475,0.64751,3523,9,0
2025-11-20T08:00:00Z,1763625600,0.64751,0.64856,0.64705,0.64754,4513,9,0
2025-11-20T12:00:00Z,1763640000,0.64755,0.65021,0.64686,0.64764,11338,9,0
2025-11-20T16:00:00Z,1763654400,0.64765,0.64773,0.6436,0.6456,14752,9,0
2025-11-20T20:00:00Z,1763668800,0.6456,0.64567,0.64373,0.64487,4204,9,0
2025-11-21T00:00:00Z,1763683200,0.64487,0.64571,0.64449,0.64467,4512,9,0
2025-11-21T04:00:00Z,1763697600,0.64467,0.64534,0.64348,0.64359,4459,9,0
2025-11-21T08:00:00Z,1763712000,0.64361,0.64532,0.64228,0.64306,7588,9,0
2025-11-21T12:00:00Z,1763726400,0.64306,0.64527,0.6421,0.64326,13953,9,0
2025-11-21T16:00:00Z,1763740800,0.64325,0.64603,0.64276,0.64549,9569,9,0
2025-11-21T20:00:00Z,1763755200,0.6455,0.6459,0.64529,0.64538,2300,9,0
2025-11-23T20:00:00Z,1763928000,0.64517,0.64654,0.64517,0.64613,1227,9,0
2025-11-24T00:00:00Z,1763942400,0.64613,0.6464,0.64488,0.64606,4223,9,0
2025-11-24T04:00:00Z,1763956800,0.64606,0.64669,0.64564,0.64604,3502,9,0
2025-11-24T08:00:00Z,1763971200,0.64603,0.64663,0.6442,0.64501,5465,9,0
2025-11-24T12:00:00Z,1763985600,0.64499,0.64595,0.64436,0.64574,7859,9,0
2025-11-24T16:00:00Z,1764000000,0.64574,0.6466,0.64516,0.64615,4076,9,0
2025-11-24T20:00:00Z,1764014400,0.64616,0.64683,0.64608,0.64648,2309,9,0
2025-11-25T00:00:00Z,1764028800,0.64647,0.64685,0.6451,0.6453,3992,9,0
2025-11-25T04:00:00Z,1764043200,0.64531,0.64602,0.64481,0.64541,3353,9,0
2025-11-25T08:00:00Z,1764057600,0.64541,0.64622,0.64445,0.64484,4701,9,0
2025-11-25T12:00:00Z,1764072000,0.64486,0.64693,0.64359,0.64468,10796,9,0
2025-11-25T16:00:00Z,1764086400,0.64468,0.64753,0.64462,0.64735,6407,9,0
2025-11-25T20:00:00Z,1764100800,0.64737,0.6475,0.64654,0.64699,2388,9,0
2025-11-26T00:00:00Z,1764115200,0.64699,0.65045,0.64685,0.65008,7241,9,0
2025-11-26T04:00:00Z,1764129600,0.65007,0.65115,0.64952,0.65008,4066,9,0
2025-11-26T08:00:00Z,1764144000,0.65008,0.65046,0.64869,0.64907,5357,9,0
2025-11-26T12:00:00Z,1764158400,0.64908,0.6509,0.64836,0.65085,8775,9,0
2025-11-26T16:00:00Z,1764172800,0.65087,0.65207,0.65087,0.65182,4434,9,0
2025-11-26T20:00:00Z,1764187200,0.65182,0.65272,0.65158,0.6523,2252,9,0
2025-11-27T00:00:00Z,1764201600,0.65229,0.65353,0.65226,0.65314,3913,9,0
2025-11-27T04:00:00Z,1764216000,0.65314,0.65392,0.65239,0.65317,3274,9,0
2025-11-27T08:00:00Z,1764230400,0.65318,0.65325,0.6521,0.65268,3742,9,0
2025-11-27T12:00:00Z,1764244800,0.65268,0.65335,0.65229,0.6533,3167,9,0
2025-11-27T16:00:00Z,1764259200,0.6533,0.65332,0.65284,0.65296,1312,9,0
2025-11-27T20:00:00Z,1764273600,0.65296,0.65361,0.65287,0.65353,1266,9,0
2025-11-28T00:00:00Z,1764288000,0.65353,0.65409,0.65321,0.65332,16078,9,0
2025-11-28T04:00:00Z,1764302400,0.6533,0.6537,0.65214,0.65222,37327,9,0
2025-11-28T08:00:00Z,1764316800,0.65224,0.65289,0.65197,0.65232,38348,9,0
2025-11-28T12:00:00Z,1764331200,0.65232,0.65573,0.65209,0.65562,17621,9,0
2025-11-28T16:00:00Z,1764345600,0.65562,0.65566,0.65436,0.65483,3189,27,0
2025-11-28T20:00:00Z,1764360000,0.65482,0.65501,0.6544,0.65483,5866,36,0
2025-11-30T20:00:00Z,1764532800,0.65366,0.65528,0.65288,0.65508,1356,9,0
2025-12-01T00:00:00Z,1764547200,0.65509,0.65564,0.65386,0.65469,6433,9,0
2025-12-01T04:00:00Z,1764561600,0.65469,0.65541,0.65372,0.65499,4310,9,0
2025-12-01T08:00:00Z,1764576000,0.655,0.6554,0.65433,0.65537,5707,9,0
2025-12-01T12:00:00Z,1764590400,0.65537,0.65659,0.65462,0.65536,7749,9,0
2025-12-01T16:00:00Z,1764604800,0.65537,0.65573,0.65401,0.65425,4937,9,0
2025-12-01T20:00:00Z,1764619200,0.65426,0.65446,0.65384,0.65412,2270,9,0
2025-12-02T00:00:00Z,1764633600,0.65414,0.65515,0.65377,0.65505,3365,9,0
2025-12-02T04:00:00Z,1764648000,0.65505,0.65572,0.65482,0.65548,2660,9,0
2025-12-02T08:00:00Z,1764662400,0.6555,0.65579,0.65432,0.6548,3764,9,0
2025-12-02T12:00:00Z,1764676800,0.65479,0.65703,0.65473,0.65693,6039,9,0
2025-12-02T16:00:00Z,1764691200,0.65692,0.65692,0.65529,0.65642,5350,9,0
2025-12-02T20:00:00Z,1764705600,0.65641,0.65732,0.65613,0.65732,2206,9,0
2025-12-03T00:00:00Z,1764720000,0.65732,0.65796,0.65521,0.65786,5246,9,0
2025-12-03T04:00:00Z,1764734400,0.65786,0.65859,0.6576,0.65769,3194,9,0
2025-12-03T08:00:00Z,1764748800,0.65769,0.65906,0.65738,0.65888,4012,9,0
2025-12-03T12:00:00Z,1764763200,0.65888,0.65977,0.65746,0.65969,7751,9,0
2025-12-03T16:00:00Z,1764777600,0.65969,0.66005,0.65886,0.66005,4069,9,0
2025-12-03T20:00:00Z,1764792000,0.66005,0.66037,0.65971,0.66034,1880,9,0
2025-12-04T00:00:00Z,1764806400,0.66034,0.66101,0.66017,0.66086,4725,9,0
2025-12-04T04:00:00Z,1764820800,0.66086,0.66151,0.66051,0.66151,3922,9,0
2025-12-04T08:00:00Z,1764835200,0.66152,0.6619,0.66059,0.66112,5338,9,0
2025-12-04T12:00:00Z,1764849600,0.6611,0.66236,0.6603,0.66191,6969,9,0
2025-12-04T16:00:00Z,1764864000,0.66191,0.66203,0.66091,0.66132,4828,9,0
2025-12-04T20:00:00Z,1764878400,0.6613,0.66136,0.66052,0.66061,2357,9,0
2025-12-05T00:00:00Z,1764892800,0.66061,0.66171,0.66061,0.66139,2764,9,0
2025-12-05T04:00:00Z,1764907200,0.6614,0.66293,0.66131,0.66244,2833,9,0
2025-12-05T08:00:00Z,1764921600,0.66245,0.6636,0.66217,0.66291,3762,9,0
2025-12-05T12:00:00Z,1764936000,0.6629,0.66484,0.66289,0.6642,5930,9,0
2025-12-05T16:00:00Z,1764950400,0.6642,0.66423,0.66261,0.66386,5475,9,0
2025-12-05T20:00:00Z,1764964800,0.66387,0.66421,0.66359,0.66408,1312,9,0
2025-12-07T20:00:00Z,1765137600,0.66357,0.66394,0.66273,0.66343,1604,9,0
2025-12-08T00:00:00Z,1765152000,0.66344,0.66478,0.66327,0.6642,3759,9,0
2025-12-08T04:00:00Z,1765166400,0.66421,0.66486,0.6634,0.66371,3128,9,0
2025-12-08T08:00:00Z,1765180800,0.66369,0.66401,0.66322,0.66333,3824,9,0
2025-12-08T12:00:00Z,1765195200,0.66333,0.66431,0.66138,0.66172,5878,9,0
2025-12-08T16:00:00Z,1765209600,0.66174,0.66289,0.66146,0.66229,4673,9,0
2025-12-08T20:00:00Z,1765224000,0.6623,0.6627,0.66209,0.66264,2033,9,0
2025-12-09T00:00:00Z,1765238400,0.66264,0.66301,0.66081,0.66252,4823,9,0
2025-12-09T04:00:00Z,1765252800,0.66253,0.66482,0.66225,0.66372,6106,9,0
2025-12-09T08:00:00Z,1765267200,0.66373,0.6648,0.66334,0.66378,4465,9,0
2025-12-09T12:00:00Z,1765281600,0.66377,0.66537,0.66309,0.66434,7151,9,0
2025-12-09T16:00:00Z,1765296000,0.66434,0.66532,0.66334,0.66386,4651,9,0
2025-12-09T20:00:00Z,1765310400,0.66386,0.66427,0.66349,0.66392,2253,9,0
2025-12-10T00:00:00Z,1765324800,0.66392,0.66466,0.66286,0.66368,4242,9,0
2025-12-10T04:00:00Z,1765339200,0.66368,0.66506,0.66353,0.6647,3036,9,0
2025-12-10T08:00:00Z,1765353600,0.6647,0.66533,0.66429,0.6647,4352,9,0
2025-12-10T12:00:00Z,1765368000,0.66471,0.66497,0.66291,0.66361,6171,9,0
2025-12-10T16:00:00Z,1765382400,0.6636,0.66686,0.6632,0.66666,13154,9,0
2025-12-10T20:00:00Z,1765396800,0.66665,0.66852,0.6663,0.6673,6064,9,0
2025-12-11T00:00:00Z,1765411200,0.66731,0.66783,0.66361,0.66365,7502,9,0
2025-12-11T04:00:00Z,1765425600,0.66366,0.66457,0.66263,0.66421,5242,9,0
2025-12-11T08:00:00Z,1765440000,0.66421,0.66604,0.66396,0.66573,5082,9,0
2025-12-11T12:00:00Z,1765454400,0.66574,0.66754,0.66534,0.66718,7687,9,0
2025-12-11T16:00:00Z,1765468800,0.66718,0.66743,0.66591,0.66655,5636,9,0
2025-12-11T20:00:00Z,1765483200,0.66656,0.66668,0.66609,0.66619,2507,9,0
2025-12-12T00:00:00Z,1765497600,0.66618,0.66738,0.66613,0.6664,3952,9,0
2025-12-12T04:00:00Z,1765512000,0.66639,0.667,0.66593,0.66684,3138,9,0
2025-12-12T08:00:00Z,1765526400,0.66685,0.66765,0.66608,0.66661,4864,9,0
2025-12-12T12:00:00Z,1765540800,0.66659,0.66699,0.66398,0.66429,7342,9,0
2025-12-12T16:00:00Z,1765555200,0.66428,0.66582,0.66324,0.6652,8069,9,0
2025-12-12T20:00:00Z,1765569600,0.66519,0.66557,0.66473,0.66524,1837,9,0
2025-12-14T20:00:00Z,1765742400,0.6639,0.66501,0.66348,0.6647,1718,9,0
2025-12-15T00:00:00Z,1765756800,0.6647,0.66545,0.66421,0.6644,5119,9,0
2025-12-15T04:00:00Z,1765771200,0.6644,0.66507,0.66404,0.66466,3489,9,0
2025-12-15T08:00:00Z,1765785600,0.66466,0.66528,0.66412,0.66497,4024,9,0
2025-12-15T12:00:00Z,1765800000,0.66497,0.66561,0.66398,0.66507,7248,9,0
2025-12-15T16:00:00Z,1765814400,0.66509,0.66517,0.66316,0.66418,6180,9,0
2025-12-15T20:00:00Z,1765828800,0.66416,0.66476,0.66353,0.66411,2610,9,0
2025-12-16T00:00:00Z,1765843200,0.66411,0.66428,0.6618,0.66345,6492,9,0
2025-12-16T04:00:00Z,1765857600,0.66345,0.66417,0.66283,0.66371,3908,9,0
2025-12-16T08:00:00Z,1765872000,0.66372,0.66435,0.66329,0.66371,4522,9,0
2025-12-16T12:00:00Z,1765886400,0.66372,0.66606,0.66286,0.66391,11568,9,0
2025-12-16T16:00:00Z,1765900800,0.66389,0.66432,0.66206,0.66364,8248,9,0
2025-12-16T20:00:00Z,1765915200,0.66362,0.66396,0.66279,0.66321,3024,9,0
2025-12-17T00:00:00Z,1765929600,0.66321,0.66328,0.66188,0.6626,5528,9,0
2025-12-17T04:00:00Z,1765944000,0.66261,0.66267,0.66119,0.66164,4827,9,0
2025-12-17T08:00:00Z,1765958400,0.66163,0.66228,0.66122,0.66162,4500,9,0
2025-12-17T12:00:00Z,1765972800,0.66163,0.66281,0.66069,0.66109,7375,9,0
2025-12-17T16:00:00Z,1765987200,0.66108,0.66174,0.65988,0.66043,7011,9,0
2025-12-17T20:00:00Z,1766001600,0.66043,0.66088,0.65999,0.66001,2813,9,0
2025-12-18T00:00:00Z,1766016000,0.66001,0.66038,0.65923,0.65934,5046,9,0
2025-12-18T04:00:00Z,1766030400,0.65934,0.66119,0.65929,0.6608,4026,9,0
2025-12-18T08:00:00Z,1766044800,0.66078,0.66094,0.66029,0.66081,3827,9,0
2025-12-18T12:00:00Z,1766059200,0.6608,0.66303,0.66037,0.66155,10710,9,0
2025-12-18T16:00:00Z,1766073600,0.66154,0.66253,0.66027,0.66139,7309,9,0
2025-12-18T20:00:00Z,1766088000,0.6614,0.6615,0.66096,0.6613,2794,9,0
2025-12-19T00:00:00Z,1766102400,0.66131,0.66219,0.66077,0.661,4822,9,0
2025-12-19T04:00:00Z,1766116800,0.661,0.66109,0.65998,0.66026,3782,9,0
2025-12-19T08:00:00Z,1766131200,0.66027,0.66096,0.66016,0.66054,4106,9,0
2025-12-19T12:00:00Z,1766145600,0.66055,0.66243,0.66008,0.66079,6219,9,0
2025-12-19T16:00:00Z,1766160000,0.66079,0.66198,0.66075,0.66185,3711,9,0
2025-12-19T20:00:00Z,1766174400,0.66183,0.66198,0.66073,0.66106,1332,9,0
2025-12-21T20:00:00Z,1766347200,0.66063,0.66119,0.66026,0.66118,1274,9,0
2025-12-22T00:00:00Z,1766361600,0.66118,0.6625,0.66102,0.66203,4121,9,0
2025-12-22T04:00:00Z,1766376000,0.66203,0.66395,0.66203,0.66386,3081,9,0
2025-12-22T08:00:00Z,1766390400,0.66386,0.66426,0.66351,0.66426,3512,9,0
2025-12-22T12:00:00Z,1766404800,0.66425,0.66568,0.66406,0.66566,5179,9,0
2025-12-22T16:00:00Z,1766419200,0.66566,0.66599,0.66511,0.66539,3468,9,0
2025-12-22T20:00:00Z,1766433600,0.66539,0.66609,0.66527,0.66571,1853,9,0
2025-12-23T00:00:00Z,1766448000,0.66571,0.66697,0.66554,0.66689,4212,9,0
2025-12-23T04:00:00Z,1766462400,0.66689,0.66778,0.66639,0.66749,3848,9,0
2025-12-23T08:00:00Z,1766476800,0.66747,0.66971,0.66734,0.66914,3842,9,0
2025-12-23T12:00:00Z,1766491200,0.66914,0.66998,0.66756,0.66909,7413,9,0
2025-12-23T16:00:00Z,1766505600,0.66909,0.66988,0.66876,0.66981,3579,9,0
2025-12-23T20:00:00Z,1766520000,0.6698,0.67022,0.66956,0.67017,2016,9,0
2025-12-24T00:00:00Z,1766534400,0.67018,0.67128,0.66974,0.67037,4159,9,0
2025-12-24T04:00:00Z,1766548800,0.67037,0.67169,0.67022,0.67111,3126,9,0
2025-12-24T08:00:00Z,1766563200,0.6711,0.67137,0.67051,0.67099,3468,9,0
2025-12-24T12:00:00Z,1766577600,0.67098,0.67134,0.67,0.67115,5363,9,0
2025-12-24T16:00:00Z,1766592000,0.67115,0.67146,0.67013,0.67037,4668,9,0
2025-12-24T20:00:00Z,1766606400,0.67036,0.67051,0.67017,0.67035,3249,36,0
2025-12-25T20:00:00Z,1766692800,0.66986,0.67059,0.66977,0.67048,1297,9,0
2025-12-26T00:00:00Z,1766707200,0.67048,0.67174,0.67043,0.67065,3918,9,0
2025-12-26T04:00:00Z,1766721600,0.67065,0.67111,0.66998,0.6702,3637,9,0
2025-12-26T08:00:00Z,1766736000,0.6702,0.67061,0.66967,0.67041,3446,9,0
2025-12-26T12:00:00Z,1766750400,0.67041,0.67243,0.67021,0.67149,5553,9,0
2025-12-26T16:00:00Z,1766764800,0.67149,0.67152,0.67051,0.67106,4601,9,0
2025-12-26T20:00:00Z,1766779200,0.67107,0.67147,0.67105,0.67133,1394,9,0
2025-12-28T20:00:00Z,1766952000,0.67016,0.67153,0.66977,0.67139,1410,9,0
2025-12-29T00:00:00Z,1766966400,0.67139,0.67269,0.67135,0.67245,4598,9,0
2025-12-29T04:00:00Z,1766980800,0.67245,0.67255,0.67106,0.67117,4504,9,0
2025-12-29T08:00:00Z,1766995200,0.67115,0.67116,0.66928,0.66947,5701,9,0
2025-12-29T12:00:00Z,1767009600,0.66947,0.67026,0.66826,0.66951,7951,9,0
2025-12-29T16:00:00Z,1767024000,0.66951,0.66983,0.66864,0.66957,4796,9,0
2025-12-29T20:00:00Z,1767038400,0.66957,0.66965,0.66887,0.66946,2297,9,0
2025-12-30T00:00:00Z,1767052800,0.66945,0.67083,0.66916,0.67053,3816,9,0
2025-12-30T04:00:00Z,1767067200,0.67053,0.67172,0.67053,0.67063,3250,9,0
2025-12-30T08:00:00Z,1767081600,0.67062,0.67118,0.66985,0.67002,3806,9,0
2025-12-30T12:00:00Z,1767096000,0.67003,0.67049,0.66877,0.67001,5806,9,0
2025-12-30T16:00:00Z,1767110400,0.67001,0.67036,0.66929,0.66955,3969,9,0
2025-12-30T20:00:00Z,1767124800,0.66956,0.66985,0.66924,0.66956,1953,9,0
2025-12-31T00:00:00Z,1767139200,0.66956,0.67009,0.66907,0.66957,4375,9,0
2025-12-31T04:00:00Z,1767153600,0.66957,0.66969,0.6682,0.66877,3362,9,0
2025-12-31T08:00:00Z,1767168000,0.66877,0.6689,0.66755,0.66855,4018,9,0
2025-12-31T12:00:00Z,1767182400,0.66853,0.66896,0.66596,0.66676,6535,9,0
2025-12-31T16:00:00Z,1767196800,0.66678,0.66742,0.66635,0.66721,4646,9,0
2025-12-31T20:00:00Z,1767211200,0.66722,0.66745,0.66705,0.66728,1273,9,0
2026-01-01T20:00:00Z,1767297600,0.66691,0.66795,0.66661,0.66779,952,9,0
2026-01-02T00:00:00Z,1767312000,0.66781,0.67016,0.66763,0.66979,3959,9,0
2026-01-02T04:00:00Z,1767326400,0.66979,0.67004,0.66889,0.66957,3624,9,0
2026-01-02T08:00:00Z,1767340800,0.66955,0.67066,0.66878,0.66903,4882,9,0
2026-01-02T12:00:00Z,1767355200,0.66903,0.66966,0.66861,0.66874,7089,9,0
2026-01-02T16:00:00Z,1767369600,0.66874,0.66895,0.66771,0.66884,6534,9,0
2026-01-02T20:00:00Z,1767384000,0.66884,0.66976,0.66864,0.66939,1575,9,0
2026-01-04T20:00:00Z,1767556800,0.66799,0.66929,0.66757,0.66833,2008,9,0
2026-01-05T00:00:00Z,1767571200,0.66833,0.66884,0.66706,0.66706,6711,9,0
2026-01-05T04:00:00Z,1767585600,0.66706,0.66821,0.66648,0.66764,4330,9,0
2026-01-05T08:00:00Z,1767600000,0.66763,0.66882,0.66704,0.66835,5245,9,0
2026-01-05T12:00:00Z,1767614400,0.66835,0.67108,0.66623,0.67075,8789,9,0
2026-01-05T16:00:00Z,1767628800,0.67075,0.67185,0.67075,0.67158,5013,9,0
2026-01-05T20:00:00Z,1767643200,0.67157,0.67172,0.67111,0.67127,1899,9,0
2026-01-06T00:00:00Z,1767657600,0.67127,0.67244,0.6703,0.67219,4791,9,0
2026-01-06T04:00:00Z,1767672000,0.67219,0.67387,0.67211,0.67306,3807,9,0
2026-01-06T08:00:00Z,1767686400,0.67306,0.67355,0.67117,0.67174,5315,9,0
2026-01-06T12:00:00Z,1767700800,0.67175,0.67353,0.67154,0.67295,7248,9,0
2026-01-06T16:00:00Z,1767715200,0.67295,0.67371,0.67227,0.6732,4381,9,0
2026-01-06T20:00:00Z,1767729600,0.6732,0.67414,0.6732,0.67342,2477,9,0
2026-01-07T00:00:00Z,1767744000,0.67344,0.67585,0.67168,0.67565,7147,9,0
2026-01-07T04:00:00Z,1767758400,0.67563,0.67659,0.6737,0.67398,4399,9,0
2026-01-07T08:00:00Z,1767772800,0.67397,0.6741,0.67344,0.67382,3953,9,0
2026-01-07T12:00:00Z,1767787200,0.67383,0.67457,0.67229,0.67272,7891,9,0
2026-01-07T16:00:00Z,1767801600,0.67272,0.67332,0.67218,0.67277,4150,9,0
2026-01-07T20:00:00Z,1767816000,0.67278,0.67284,0.67181,0.67216,2025,9,0
2026-01-08T00:00:00Z,1767830400,0.67216,0.6725,0.67093,0.67128,4411,9,0
2026-01-08T04:00:00Z,1767844800,0.67128,0.67141,0.66904,0.66959,4650,9,0
2026-01-08T08:00:00Z,1767859200,0.66958,0.67038,0.66892,0.66969,4296,9,0
2026-01-08T12:00:00Z,1767873600,0.66967,0.67005,0.66815,0.66979,6704,9,0
2026-01-08T16:00:00Z,1767888000,0.66979,0.66982,0.6688,0.66929,4388,9,0
2026-01-08T20:00:00Z,1767902400,0.66929,0.67036,0.66928,0.66982,2188,9,0
2026-01-09T00:00:00Z,1767916800,0.66981,0.66993,0.66882,0.66941,3943,9,0
2026-01-09T04:00:00Z,1767931200,0.66941,0.6698,0.66792,0.66815,3219,9,0
2026-01-09T08:00:00Z,1767945600,0.66817,0.66852,0.66759,0.66823,3631,9,0
2026-01-09T12:00:00Z,1767960000,0.66823,0.67027,0.66632,0.66804,12257,9,0
2026-01-09T16:00:00Z,1767974400,0.66802,0.66886,0.66749,0.6686,4617,9,0
2026-01-09T20:00:00Z,1767988800,0.66862,0.66907,0.66851,0.6687,978,9,0
2026-01-11T20:00:00Z,1768161600,0.66781,0.66881,0.66781,0.66855,1045,9,0
2026-01-12T00:00:00Z,1768176000,0.66856,0.67061,0.6683,0.66977,5679,9,0
2026-01-12T04:00:00Z,1768190400,0.66975,0.67073,0.66921,0.67049,3355,9,0
2026-01-12T08:00:00Z,1768204800,0.67047,0.67119,0.67019,0.67057,4437,9,0
2026-01-12T12:00:00Z,1768219200,0.67056,0.67199,0.6703,0.67193,6625,9,0
2026-01-12T16:00:00Z,1768233600,0.67193,0.67218,0.67104,0.67139,3791,9,0
2026-01-12T20:00:00Z,1768248000,0.67139,0.67152,0.67066,0.67077,2241,9,0
2026-01-13T00:00:00Z,1768262400,0.67077,0.67163,0.67062,0.67094,3766,9,0
2026-01-13T04:00:00Z,1768276800,0.67094,0.67122,0.67013,0.67042,3095,9,0
2026-01-13T08:00:00Z,1768291200,0.67041,0.67074,0.66969,0.67037,3258,9,0
2026-01-13T12:00:00Z,1768305600,0.67037,0.67266,0.66779,0.66865,10047,9,0
2026-01-13T16:00:00Z,1768320000,0.66864,0.66874,0.66728,0.66811,5737,9,0
2026-01-13T20:00:00Z,1768334400,0.66812,0.66883,0.66783,0.66823,2063,9,0
2026-01-14T00:00:00Z,1768348800,0.66821,0.66996,0.66767,0.66985,3860,9,0
2026-01-14T04:00:00Z,1768363200,0.66985,0.67019,0.66923,0.66943,3495,9,0
2026-01-14T08:00:00Z,1768377600,0.66944,0.66974,0.66788,0.66816,4926,9,0
2026-01-14T12:00:00Z,1768392000,0.66815,0.66893,0.66752,0.66825,8664,9,0
2026-01-14T16:00:00Z,1768406400,0.66825,0.66881,0.66728,0.66791,5914,9,0
2026-01-14T20:00:00Z,1768420800,0.66791,0.66856,0.66762,0.66815,3615,9,0
2026-01-15T00:00:00Z,1768435200,0.66815,0.66855,0.6667,0.66719,4699,9,0
2026-01-15T04:00:00Z,1768449600,0.66721,0.66853,0.66703,0.66825,3824,9,0
2026-01-15T08:00:00Z,1768464000,0.66824,0.67004,0.66792,0.66965,3809,9,0
2026-01-15T12:00:00Z,1768478400,0.66965,0.66996,0.66742,0.66993,6911,9,0
2026-01-15T16:00:00Z,1768492800,0.66993,0.67093,0.66986,0.67017,4620,9,0
2026-01-15T20:00:00Z,1768507200,0.67016,0.67019,0.66955,0.67006,2378,9,0
2026-01-16T00:00:00Z,1768521600,0.67005,0.67049,0.6695,0.67036,3572,9,0
2026-01-16T04:00:00Z,1768536000,0.67037,0.67067,0.66956,0.66997,2544,9,0
2026-01-16T08:00:00Z,1768550400,0.66999,0.67091,0.66999,0.67033,3410,9,0
2026-01-16T12:00:00Z,1768564800,0.67033,0.67061,0.66708,0.6679,7384,9,0
2026-01-16T16:00:00Z,1768579200,0.6679,0.66857,0.66785,0.66834,4579,9,0
2026-01-16T20:00:00Z,1768593600,0.66834,0.66854,0.66809,0.66827,970,9,0
2026-01-18T20:00:00Z,1768766400,0.66695,0.66903,0.66651,0.66875,1945,9,0
2026-01-19T00:00:00Z,1768780800,0.66874,0.66947,0.66765,0.66869,5648,9,0
2026-01-19T04:00:00Z,1768795200,0.66869,0.67004,0.66866,0.66891,3808,9,0
2026-01-19T08:00:00Z,1768809600,0.66893,0.67055,0.66893,0.67022,4446,9,0
2026-01-19T12:00:00Z,1768824000,0.67022,0.67137,0.67004,0.67107,3861,9,0
2026-01-19T16:00:00Z,1768838400,0.67108,0.67168,0.67095,0.67135,1751,9,0
2026-01-19T20:00:00Z,1768852800,0.67135,0.67151,0.67084,0.67088,1317,9,0
2026-01-20T00:00:00Z,1768867200,0.67089,0.67279,0.67065,0.67266,3996,9,0
2026-01-20T04:00:00Z,1768881600,0.67266,0.67437,0.67266,0.67428,4828,9,0
2026-01-20T08:00:00Z,1768896000,0.67429,0.67465,0.67234,0.67347,7533,9,0
2026-01-20T12:00:00Z,1768910400,0.67349,0.67448,0.67248,0.67412,10105,9,0
2026-01-20T16:00:00Z,1768924800,0.67412,0.67453,0.67316,0.67322,5731,9,0
2026-01-20T20:00:00Z,1768939200,0.67321,0.67374,0.67296,0.67306,2916,9,0
2026-01-21T00:00:00Z,1768953600,0.67307,0.67432,0.67294,0.6732,3975,9,0
2026-01-21T04:00:00Z,1768968000,0.67318,0.67551,0.67271,0.6752,3944,9,0
2026-01-21T08:00:00Z,1768982400,0.67519,0.67578,0.67431,0.67492,4486,9,0
2026-01-21T12:00:00Z,1768996800,0.67492,0.67773,0.6749,0.677,9283,9,0
2026-01-21T16:00:00Z,1769011200,0.677,0.67741,0.67527,0.6763,9579,9,0
2026-01-21T20:00:00Z,1769025600,0.67631,0.67644,0.67536,0.67538,3701,9,0
2026-01-22T00:00:00Z,1769040000,0.67539,0.68055,0.67535,0.6805,6058,9,0
2026-01-22T04:00:00Z,1769054400,0.6805,0.68108,0.6798,0.68035,4127,9,0
2026-01-22T08:00:00Z,1769068800,0.68033,0.68095,0.67955,0.6802,5083,9,0
2026-01-22T12:00:00Z,1769083200,0.6802,0.68251,0.6802,0.68248,6886,9,0
2026-01-22T16:00:00Z,1769097600,0.6825,0.68439,0.68242,0.68395,4559,9,0
2026-01-22T20:00:00Z,1769112000,0.68395,0.68427,0.6837,0.68389,2210,9,0
2026-01-23T00:00:00Z,1769126400,0.68389,0.68526,0.68361,0.68424,4235,9,0
2026-01-23T04:00:00Z,1769140800,0.68424,0.68536,0.68389,0.68424,4339,9,0
2026-01-23T08:00:00Z,1769155200,0.68424,0.68539,0.68338,0.68515,5463,9,0
2026-01-23T12:00:00Z,1769169600,0.68516,0.68733,0.68481,0.68721,6034,9,0
2026-01-23T16:00:00Z,1769184000,0.68723,0.68908,0.68644,0.68864,7688,9,0
2026-01-23T20:00:00Z,1769198400,0.68864,0.68984,0.68852,0.68957,2300,9,0
2026-01-25T20:00:00Z,1769371200,0.6921,0.69293,0.6904,0.69135,2731,9,0
2026-01-26T00:00:00Z,1769385600,0.69136,0.69281,0.69059,0.69122,8214,9,0
2026-01-26T04:00:00Z,1769400000,0.69122,0.69207,0.6908,0.69103,5361,9,0
2026-01-26T08:00:00Z,1769414400,0.69103,0.6927,0.69099,0.69209,6637,9,0
2026-01-26T12:00:00Z,1769428800,0.69209,0.69396,0.6907,0.69387,7610,9,0
2026-01-26T16:00:00Z,1769443200,0.69386,0.69403,0.69166,0.69185,6521,9,0
2026-01-26T20:00:00Z,1769457600,0.69185,0.69196,0.69075,0.69133,3351,9,0
2026-01-27T00:00:00Z,1769472000,0.69133,0.69279,0.69067,0.69152,4670,9,0
2026-01-27T04:00:00Z,1769486400,0.69152,0.69218,0.69059,0.69151,4403,9,0
2026-01-27T08:00:00Z,1769500800,0.69153,0.69319,0.69011,0.69312,5989,9,0
2026-01-27T12:00:00Z,1769515200,0.69311,0.69733,0.69308,0.69648,10111,9,0
2026-01-27T16:00:00Z,1769529600,0.69648,0.69816,0.69647,0.69794,7007,9,0
2026-01-27T20:00:00Z,1769544000,0.69793,0.70155,0.69754,0.69963,9611,9,0
2026-01-28T00:00:00Z,1769558400,0.69963,0.7022,0.69797,0.69898,10867,9,0
2026-01-28T04:00:00Z,1769572800,0.699,0.70192,0.69845,0.69985,6967,9,0
2026-01-28T08:00:00Z,1769587200,0.69987,0.70139,0.69895,0.70014,8978,9,0
2026-01-28T12:00:00Z,1769601600,0.70015,0.70078,0.69766,0.69982,13191,9,0
2026-01-28T16:00:00Z,1769616000,0.6998,0.70127,0.69786,0.70093,12711,9,0
2026-01-28T20:00:00Z,1769630400,0.70092,0.7049,0.70089,0.70385,6302,9,0
2026-01-29T00:00:00Z,1769644800,0.70391,0.70785,0.70204,0.70784,9623,9,0
2026-01-29T04:00:00Z,1769659200,0.70784,0.70938,0.70625,0.70688,8716,9,0
2026-01-29T08:00:00Z,1769673600,0.70686,0.70765,0.70266,0.70379,9570,9,0
2026-01-29T12:00:00Z,1769688000,0.70379,0.7082,0.69685,0.69775,27062,9,0
2026-01-29T16:00:00Z,1769702400,0.69774,0.70373,0.69768,0.70258,20038,9,0
2026-01-29T20:00:00Z,1769716800,0.70258,0.70548,0.70233,0.7047,4901,9,0
2026-01-30T00:00:00Z,1769731200,0.70469,0.70525,0.6977,0.69972,17365,9,0
2026-01-30T04:00:00Z,1769745600,0.6997,0.70086,0.69815,0.69977,9688,9,0
2026-01-30T08:00:00Z,1769760000,0.69979,0.70236,0.69679,0.70227,12877,9,0
2026-01-30T12:00:00Z,1769774400,0.70226,0.70313,0.69857,0.70047,20894,9,0
2026-01-30T16:00:00Z,1769788800,0.70046,0.70047,0.69399,0.69723,21891,9,0
2026-01-30T20:00:00Z,1769803200,0.69725,0.69728,0.69605,0.69641,4539,9,0
2026-02-01T20:00:00Z,1769976000,0.69454,0.6952,0.69203,0.6943,4370,9,0
2026-02-02T00:00:00Z,1769990400,0.69434,0.69703,0.69377,0.69401,20223,9,0
2026-02-02T04:00:00Z,1770004800,0.69403,0.69454,0.69083,0.69416,15088,9,0
2026-02-02T08:00:00Z,1770019200,0.69418,0.69702,0.69376,0.6957,13020,9,0
2026-02-02T12:00:00Z,1770033600,0.69569,0.69675,0.69396,0.69439,19630,9,0
2026-02-02T16:00:00Z,1770048000,0.69439,0.69659,0.69353,0.69448,11698,9,0
2026-02-02T20:00:00Z,1770062400,0.6945,0.6957,0.69408,0.6957,4594,9,0
2026-02-03T00:00:00Z,1770076800,0.6957,0.70256,0.69559,0.70219,11281,9,0
2026-02-03T04:00:00Z,1770091200,0.70219,0.70499,0.70016,0.70425,13329,9,0
2026-02-03T08:00:00Z,1770105600,0.70423,0.70437,0.69971,0.69988,10791,9,0
2026-02-03T12:00:00Z,1770120000,0.69989,0.70153,0.69806,0.70137,13873,9,0
2026-02-03T16:00:00Z,1770134400,0.70135,0.70239,0.69931,0.70064,14673,9,0
2026-02-03T20:00:00Z,1770148800,0.70064,0.70263,0.70026,0.70224,4787,9,0
2026-02-04T00:00:00Z,1770163200,0.70225,0.70361,0.70132,0.70204,8558,9,0
2026-02-04T04:00:00Z,1770177600,0.70204,0.7036,0.70182,0.70335,5499,9,0
2026-02-04T08:00:00Z,1770192000,0.70335,0.70425,0.70101,0.70208,8012,9,0
2026-02-04T12:00:00Z,1770206400,0.70206,0.70352,0.69963,0.69979,16616,9,0
2026-02-04T16:00:00Z,1770220800,0.69977,0.7003,0.69711,0.6998,17349,9,0
2026-02-04T20:00:00Z,1770235200,0.6998,0.69999,0.69921,0.69936,3855,9,0
2026-02-05T00:00:00Z,1770249600,0.69942,0.70068,0.6958,0.69637,13056,9,0
2026-02-05T04:00:00Z,1770264000,0.69638,0.69848,0.69624,0.69754,7442,9,0
2026-02-05T08:00:00Z,1770278400,0.69754,0.69901,0.69646,0.69804,8804,9,0
2026-02-05T12:00:00Z,1770292800,0.69803,0.69852,0.69399,0.69523,22992,9,0
2026-02-05T16:00:00Z,1770307200,0.69525,0.69793,0.69464,0.69594,14301,9,0
2026-02-05T20:00:00Z,1770321600,0.69594,0.69664,0.69121,0.69155,5691,9,0
2026-02-06T00:00:00Z,1770336000,0.69155,0.69463,0.68968,0.69403,12212,9,0
2026-02-06T04:00:00Z,1770350400,0.69402,0.69632,0.69365,0.69591,6796,9,0
2026-02-06T08:00:00Z,1770364800,0.69589,0.69869,0.69526,0.69852,7872,9,0
2026-02-06T12:00:00Z,1770379200,0.6985,0.70128,0.69792,0.70057,12207,9,0
2026-02-06T16:00:00Z,1770393600,0.70056,0.70244,0.70054,0.70164,6514,9,0
2026-02-06T20:00:00Z,1770408000,0.70164,0.70228,0.70151,0.70154,1719,9,0
2026-02-08T20:00:00Z,1770580800,0.70114,0.70365,0.70035,0.70354,2136,9,0
2026-02-09T00:00:00Z,1770595200,0.70354,0.70354,0.70156,0.70212,7734,9,0
2026-02-09T04:00:00Z,1770609600,0.70212,0.70423,0.70201,0.70323,6171,9,0
2026-02-09T08:00:00Z,1770624000,0.70324,0.70449,0.70135,0.70353,8049,9,0
2026-02-09T12:00:00Z,1770638400,0.70354,0.7092,0.70354,0.70881,11317,9,0
2026-02-09T16:00:00Z,1770652800,0.7088,0.70984,0.70814,0.70958,5783,9,0
2026-02-09T20:00:00Z,1770667200,0.70957,0.70967,0.70826,0.7083,3082,9,0
2026-02-10T00:00:00Z,1770681600,0.7083,0.709,0.70738,0.70756,6306,9,0
2026-02-10T04:00:00Z,1770696000,0.70756,0.70787,0.70641,0.7071,4484,9,0
2026-02-10T08:00:00Z,1770710400,0.70711,0.70804,0.70673,0.70733,5076,9,0
2026-02-10T12:00:00Z,1770724800,0.70735,0.709,0.70644,0.70845,11115,9,0
2026-02-10T16:00:00Z,1770739200,0.70846,0.70858,0.7066,0.70789,7400,9,0
2026-02-10T20:00:00Z,1770753600,0.70787,0.70796,0.70682,0.70732,2844,9,0
2026-02-11T00:00:00Z,1770768000,0.70733,0.71273,0.70726,0.71259,6792,9,0
2026-02-11T04:00:00Z,1770782400,0.71259,0.71276,0.71023,0.71074,5734,9,0
2026-02-11T08:00:00Z,1770796800,0.71074,0.71234,0.70982,0.71112,6130,9,0
2026-02-11T12:00:00Z,1770811200,0.71114,0.71357,0.70715,0.71073,25380,9,0
2026-02-11T16:00:00Z,1770825600,0.71074,0.71428,0.70997,0.71295,11658,9,0
2026-02-11T20:00:00Z,1770840000,0.71295,0.713,0.71207,0.71242,3346,9,0
2026-02-12T00:00:00Z,1770854400,0.71242,0.71467,0.7119,0.71295,6644,9,0
2026-02-12T04:00:00Z,1770868800,0.71295,0.7137,0.71048,0.71191,7226,9,0
2026-02-12T08:00:00Z,1770883200,0.71191,0.71295,0.71082,0.71287,5940,9,0
2026-02-12T12:00:00Z,1770897600,0.71286,0.71443,0.71157,0.71328,11490,9,0
2026-02-12T16:00:00Z,1770912000,0.71328,0.71329,0.70755,0.70954,20961,9,0
2026-02-12T20:00:00Z,1770926400,0.70952,0.70976,0.70832,0.70877,4231,9,0
2026-02-13T00:00:00Z,1770940800,0.70876,0.70969,0.70804,0.70833,6510,9,0
2026-02-13T04:00:00Z,1770955200,0.70833,0.70912,0.70435,0.70599,7496,9,0
2026-02-13T08:00:00Z,1770969600,0.706,0.70788,0.70451,0.70501,7801,9,0
2026-02-13T12:00:00Z,1770984000,0.70499,0.70808,0.70443,0.70604,24142,9,0
2026-02-13T16:00:00Z,1770998400,0.70602,0.70855,0.70573,0.70711,10941,9,0
2026-02-13T20:00:00Z,1771012800,0.70711,0.70771,0.70649,0.70722,2659,9,0
2026-02-15T20:00:00Z,1771185600,0.70593,0.70717,0.70517,0.70705,1491,9,0
2026-02-16T00:00:00Z,1771200000,0.70711,0.70865,0.70677,0.70837,4978,9,0
2026-02-16T04:00:00Z,1771214400,0.70837,0.70948,0.70805,0.70871,3472,9,0
2026-02-16T08:00:00Z,1771228800,0.70873,0.70963,0.70769,0.70827,5358,9,0
2026-02-16T12:00:00Z,1771243200,0.70828,0.70879,0.70678,0.70686,5048,9,0
2026-02-16T16:00:00Z,1771257600,0.70685,0.70752,0.70668,0.70752,2092,9,0
2026-02-16T20:00:00Z,1771272000,0.70752,0.70763,0.70704,0.70719,1424,9,0
2026-02-17T00:00:00Z,1771286400,0.70721,0.70756,0.7046,0.70548,6612,9,0
2026-02-17T04:00:00Z,1771300800,0.70548,0.70687,0.70539,0.70638,5562,9,0
2026-02-17T08:00:00Z,1771315200,0.70636,0.70765,0.70584,0.70613,6900,9,0
2026-02-17T12:00:00Z,1771329600,0.70614,0.70659,0.7028,0.70428,17053,9,0
2026-02-17T16:00:00Z,1771344000,0.70429,0.70896,0.70429,0.70816,11404,9,0
2026-02-17T20:00:00Z,1771358400,0.70815,0.70868,0.708,0.70815,3111,9,0
2026-02-18T00:00:00Z,1771372800,0.70815,0.70844,0.70648,0.70686,4740,9,0
2026-02-18T04:00:00Z,1771387200,0.70687,0.70736,0.7063,0.70693,3251,9,0
2026-02-18T08:00:00Z,1771401600,0.70692,0.70806,0.70678,0.70707,4942,9,0
2026-02-18T12:00:00Z,1771416000,0.70708,0.70776,0.70507,0.70716,9883,9,0
2026-02-18T16:00:00Z,1771430400,0.70716,0.70771,0.70345,0.70376,7902,9,0
2026-02-18T20:00:00Z,1771444800,0.70377,0.70463,0.70349,0.70424,2845,9,0
2026-02-19T00:00:00Z,1771459200,0.70426,0.7071,0.70387,0.70633,5438,9,0
2026-02-19T04:00:00Z,1771473600,0.70633,0.7075,0.7045,0.70736,4248,9,0
2026-02-19T08:00:00Z,1771488000,0.70737,0.70798,0.70417,0.70457,7664,9,0
2026-02-19T12:00:00Z,1771502400,0.70456,0.70671,0.70237,0.70569,14633,9,0
2026-02-19T16:00:00Z,1771516800,0.70569,0.70601,0.70423,0.70474,9782,9,0
2026-02-19T20:00:00Z,1771531200,0.70474,0.70617,0.70474,0.70552,3133,9,0
2026-02-20T00:00:00Z,1771545600,0.70552,0.70577,0.70152,0.70295,7320,9,0
2026-02-20T04:00:00Z,1771560000,0.70295,0.7054,0.70274,0.70411,5061,9,0
2026-02-20T08:00:00Z,1771574400,0.70412,0.70665,0.70385,0.70472,6600,9,0
2026-02-20T12:00:00Z,1771588800,0.70471,0.70878,0.70398,0.70852,24951,9,0
2026-02-20T16:00:00Z,1771603200,0.70854,0.7094,0.70602,0.70786,19196,9,0
2026-02-20T20:00:00Z,1771617600,0.70786,0.70868,0.70772,0.70834,2312,9,0
2026-02-22T20:00:00Z,1771790400,0.70682,0.71114,0.70679,0.71114,2320,9,0
2026-02-23T00:00:00Z,1771804800,0.71113,0.71113,0.7067,0.707,10364,9,0
2026-02-23T04:00:00Z,1771819200,0.707,0.7083,0.70658,0.70803,4676,9,0
2026-02-23T08:00:00Z,1771833600,0.70802,0.70901,0.70688,0.70702,6365,9,0
2026-02-23T12:00:00Z,1771848000,0.707,0.70818,0.70556,0.70599,11076,9,0
2026-02-23T16:00:00Z,1771862400,0.70598,0.70668,0.70481,0.7055,8835,9,0
2026-02-23T20:00:00Z,1771876800,0.70549,0.70624,0.70518,0.70594,2903,9,0
2026-02-24T00:00:00Z,1771891200,0.70594,0.70729,0.70478,0.70651,7171,9,0
2026-02-24T04:00:00Z,1771905600,0.70651,0.70733,0.70563,0.70678,5362,9,0
2026-02-24T08:00:00Z,1771920000,0.70678,0.707,0.70439,0.70465,6240,9,0
2026-02-24T12:00:00Z,1771934400,0.70465,0.70589,0.70264,0.7052,10790,9,0
2026-02-24T16:00:00Z,1771948800,0.7052,0.70698,0.70516,0.70599,5557,9,0
2026-02-24T20:00:00Z,1771963200,0.70599,0.70649,0.70562,0.70579,2324,9,0
2026-02-25T00:00:00Z,1771977600,0.70579,0.7105,0.70567,0.71003,8973,9,0
2026-02-25T04:00:00Z,1771992000,0.71003,0.71163,0.70977,0.71034,5570,9,0
2026-02-25T08:00:00Z,1772006400,0.71035,0.71076,0.70729,0.708,6357,9,0
2026-02-25T12:00:00Z,1772020800,0.70798,0.71084,0.70792,0.71083,8930,9,0
2026-02-25T16:00:00Z,1772035200,0.71084,0.71238,0.71072,0.71216,4571,9,0
2026-02-25T20:00:00Z,1772049600,0.71216,0.71257,0.71165,0.71195,3012,9,0
2026-02-26T00:00:00Z,1772064000,0.71195,0.71362,0.71138,0.71228,6148,9,0
2026-02-26T04:00:00Z,1772078400,0.71228,0.71353,0.71203,0.71224,5615,9,0
2026-02-26T08:00:00Z,1772092800,0.71225,0.7123,0.71095,0.71101,5524,9,0
2026-02-26T12:00:00Z,1772107200,0.71103,0.71238,0.70666,0.70986,14135,9,0
2026-02-26T16:00:00Z,1772121600,0.70986,0.71099,0.70731,0.71079,9722,9,0
2026-02-26T20:00:00Z,1772136000,0.7108,0.71118,0.70966,0.7102,3027,9,0
2026-02-27T00:00:00Z,1772150400,0.71021,0.71212,0.70956,0.71178,7305,9,0
2026-02-27T04:00:00Z,1772164800,0.71177,0.71317,0.71165,0.71228,5413,9,0
2026-02-27T08:00:00Z,1772179200,0.71227,0.71279,0.7102,0.71073,6772,9,0
2026-02-27T12:00:00Z,1772193600,0.71074,0.71316,0.70863,0.71257,14910,9,0
2026-02-27T16:00:00Z,1772208000,0.71256,0.71304,0.71108,0.71139,8727,9,0
2026-02-27T20:00:00Z,1772222400,0.71139,0.71217,0.71119,0.71148,2571,9,0
2026-03-01T20:00:00Z,1772395200,0.70507,0.70855,0.7043,0.7056,4346,9,0
2026-03-02T00:00:00Z,1772409600,0.70558,0.71163,0.70518,0.71092,15417,9,0
2026-03-02T04:00:00Z,1772424000,0.71092,0.71122,0.70482,0.70575,12224,9,0
2026-03-02T08:00:00Z,1772438400,0.70577,0.70973,0.70448,0.70832,14070,9,0
2026-03-02T12:00:00Z,1772452800,0.70834,0.7087,0.70516,0.7058,20053,9,0
2026-03-02T16:00:00Z,1772467200,0.70578,0.71055,0.70526,0.71034,11459,9,0
2026-03-02T20:00:00Z,1772481600,0.71033,0.71078,0.70716,0.71021,8866,9,0
2026-03-03T00:00:00Z,1772496000,0.7102,0.71223,0.70869,0.71084,13241,9,0
2026-03-03T04:00:00Z,1772510400,0.71084,0.71139,0.70761,0.70776,13125,9,0
2026-03-03T08:00:00Z,1772524800,0.70774,0.70809,0.70077,0.7026,21976,9,0
2026-03-03T12:00:00Z,1772539200,0.70259,0.70452,0.69439,0.69948,34350,9,0
2026-03-03T16:00:00Z,1772553600,0.69949,0.70569,0.6991,0.70421,29344,9,0
2026-03-03T20:00:00Z,1772568000,0.70423,0.70522,0.70293,0.70385,7586,9,0
2026-03-04T00:00:00Z,1772582400,0.70386,0.70391,0.69856,0.70073,21998,9,0
2026-03-04T04:00:00Z,1772596800,0.70074,0.70433,0.69843,0.70298,15847,9,0
2026-03-04T08:00:00Z,1772611200,0.70296,0.70726,0.70119,0.70493,22616,9,0
2026-03-04T12:00:00Z,1772625600,0.70495,0.70717,0.7033,0.70707,26127,9,0
2026-03-04T16:00:00Z,1772640000,0.70707,0.70827,0.70607,0.7082,11482,9,0
2026-03-04T20:00:00Z,1772654400,0.7082,0.70829,0.70733,0.7075,4056,9,0
2026-03-05T00:00:00Z,1772668800,0.70748,0.70887,0.70491,0.70521,13049,9,0
2026-03-05T04:00:00Z,1772683200,0.7052,0.70563,0.70278,0.70347,12665,9,0
2026-03-05T08:00:00Z,1772697600,0.70349,0.70704,0.7011,0.70488,21161,9,0
2026-03-05T12:00:00Z,1772712000,0.70489,0.70571,0.70029,0.70128,21936,9,0
2026-03-05T16:00:00Z,1772726400,0.70128,0.70129,0.69733,0.69814,23393,9,0
2026-03-05T20:00:00Z,1772740800,0.69815,0.70143,0.69773,0.70088,8479,9,0
2026-03-06T00:00:00Z,1772755200,0.70088,0.70401,0.70081,0.70388,9137,9,0
2026-03-06T04:00:00Z,1772769600,0.70388,0.70469,0.70269,0.70433,7245,9,0
2026-03-06T08:00:00Z,1772784000,0.70434,0.70456,0.699,0.69928,15418,9,0
2026-03-06T12:00:00Z,1772798400,0.69929,0.70267,0.69766,0.70039,37563,9,0
2026-03-06T16:00:00Z,1772812800,0.70039,0.70305,0.70031,0.7025,21169,9,0
2026-03-06T20:00:00Z,1772827200,0.70251,0.70296,0.70132,0.70289,5526,9,0
2026-03-08T20:00:00Z,1773000000,0.69863,0.69907,0.69632,0.69685,7165,9,0
2026-03-09T00:00:00Z,1773014400,0.69686,0.69995,0.6956,0.6991,21118,9,0
2026-03-09T04:00:00Z,1773028800,0.6991,0.70216,0.69867,0.70092,19362,9,0
2026-03-09T08:00:00Z,1773043200,0.70093,0.70332,0.69813,0.70133,25207,9,0
2026-03-09T12:00:00Z,1773057600,0.70134,0.7049,0.70065,0.70441,30395,9,0
2026-03-09T16:00:00Z,1773072000,0.70442,0.70782,0.70331,0.70689,19343,9,0
2026-03-09T20:00:00Z,1773086400,0.70688,0.70818,0.70632,0.70675,6597,9,0
2026-03-10T00:00:00Z,1773100800,0.70673,0.70762,0.7053,0.70586,14140,9,0
2026-03-10T04:00:00Z,1773115200,0.70586,0.7119,0.70554,0.71128,11205,9,0
2026-03-10T08:00:00Z,1773129600,0.71127,0.71243,0.70934,0.71197,15711,9,0
2026-03-10T12:00:00Z,1773144000,0.71198,0.71538,0.71044,0.7149,21171,9,0
2026-03-10T16:00:00Z,1773158400,0.71489,0.7168,0.71152,0.71192,23552,9,0
2026-03-10T20:00:00Z,1773172800,0.71193,0.71226,0.71124,0.71191,3538,9,0
2026-03-11T00:00:00Z,1773187200,0.71192,0.71745,0.71162,0.71733,10398,9,0
2026-03-11T04:00:00Z,1773201600,0.71732,0.71851,0.71552,0.71634,9869,9,0
2026-03-11T08:00:00Z,1773216000,0.71636,0.71739,0.71433,0.71576,14146,9,0
2026-03-11T12:00:00Z,1773230400,0.71574,0.71869,0.71427,0.71493,23563,9,0
2026-03-11T16:00:00Z,1773244800,0.71492,0.71588,0.71364,0.71557,11358,9,0
2026-03-11T20:00:00Z,1773259200,0.71555,0.71562,0.7125,0.71288,4890,9,0
2026-03-12T00:00:00Z,1773273600,0.71287,0.71604,0.71234,0.71364,9598,9,0
2026-03-12T04:00:00Z,1773288000,0.71364,0.7137,0.71108,0.71342,8969,9,0
2026-03-12T08:00:00Z,1773302400,0.71343,0.71477,0.71231,0.71364,10073,9,0
2026-03-12T12:00:00Z,1773316800,0.71366,0.71371,0.70721,0.70883,24480,9,0
2026-03-12T16:00:00Z,1773331200,0.70881,0.70998,0.70755,0.70774,14875,9,0
2026-03-12T20:00:00Z,1773345600,0.70774,0.70805,0.70711,0.7076,3557,9,0
2026-03-13T00:00:00Z,1773360000,0.70759,0.70919,0.70604,0.70707,7994,9,0
2026-03-13T04:00:00Z,1773374400,0.70706,0.7071,0.70208,0.7026,8715,9,0
2026-03-13T08:00:00Z,1773388800,0.7026,0.70495,0.70156,0.7049,13157,9,0
2026-03-13T12:00:00Z,1773403200,0.70492,0.70622,0.70018,0.70019,22060,9,0
2026-03-13T16:00:00Z,1773417600,0.70017,0.70133,0.699,0.69905,12971,9,0
2026-03-13T20:00:00Z,1773432000,0.69905,0.69913,0.69796,0.69806,1158,9,0
2026-03-15T20:00:00Z,1773604800,0.69861,0.7006,0.69855,0.70046,4762,9,0
2026-03-16T00:00:00Z,1773619200,0.70045,0.70186,0.69965,0.70102,9687,9,0
2026-03-16T04:00:00Z,1773633600,0.70102,0.70216,0.70036,0.70126,6960,9,0
2026-03-16T08:00:00Z,1773648000,0.70127,0.7054,0.70065,0.70497,10858,9,0
2026-03-16T12:00:00Z,1773662400,0.70498,0.70755,0.70493,0.70547,13333,9,0
2026-03-16T16:00:00Z,1773676800,0.70546,0.70821,0.70443,0.70727,11742,9,0
2026-03-16T20:00:00Z,1773691200,0.70729,0.70741,0.70622,0.70668,2697,9,0
2026-03-17T00:00:00Z,1773705600,0.70668,0.70946,0.70489,0.70658,9151,9,0
2026-03-17T04:00:00Z,1773720000,0.70659,0.7089,0.70552,0.70667,10519,9,0
2026-03-17T08:00:00Z,1773734400,0.70666,0.70903,0.70603,0.70791,10130,9,0
2026-03-17T12:00:00Z,1773748800,0.70789,0.71178,0.70768,0.70991,13873,9,0
2026-03-17T16:00:00Z,1773763200,0.70991,0.7115,0.70931,0.7104,8240,9,0
2026-03-17T20:00:00Z,1773777600,0.7104,0.71091,0.70997,0.71082,2453,9,0
2026-03-18T00:00:00Z,1773792000,0.71082,0.7118,0.70994,0.71111,5534,9,0
2026-03-18T04:00:00Z,1773806400,0.71112,0.7123,0.71077,0.71122,5213,9,0
2026-03-18T08:00:00Z,1773820800,0.71122,0.71129,0.7091,0.70993,7800,9,0
2026-03-18T12:00:00Z,1773835200,0.70994,0.71001,0.70454,0.70761,20703,9,0
2026-03-18T16:00:00Z,1773849600,0.70761,0.70902,0.70337,0.70358,14881,9,0
2026-03-18T20:00:00Z,1773864000,0.70356,0.70373,0.70178,0.70289,5013,9,0
2026-03-19T00:00:00Z,1773878400,0.70288,0.7055,0.70267,0.7046,10310,9,0
2026-03-19T04:00:00Z,1773892800,0.70459,0.70461,0.70229,0.7026,9156,9,0
2026-03-19T08:00:00Z,1773907200,0.70261,0.70629,0.70229,0.70424,18182,9,0
2026-03-19T12:00:00Z,1773921600,0.70423,0.70602,0.69995,0.7035,36013,9,0
2026-03-19T16:00:00Z,1773936000,0.7035,0.71083,0.70333,0.7084,25374,9,0
2026-03-19T20:00:00Z,1773950400,0.70841,0.70917,0.7078,0.70798,4573,9,0
2026-03-20T00:00:00Z,1773964800,0.70798,0.7092,0.70731,0.70819,8321,9,0
2026-03-20T04:00:00Z,1773979200,0.7082,0.70968,0.70744,0.70905,7175,9,0
2026-03-20T08:00:00Z,1773993600,0.70907,0.70943,0.70523,0.70793,13660,9,0
2026-03-20T12:00:00Z,1774008000,0.70794,0.70867,0.70259,0.70319,23009,9,0
2026-03-20T16:00:00Z,1774022400,0.70318,0.70482,0.70049,0.70166,17363,9,0
2026-03-20T20:00:00Z,1774036800,0.70166,0.70247,0.70144,0.70209,1443,9,0
2026-03-22T20:00:00Z,1774209600,0.69926,0.70132,0.69926,0.70098,4610,9,0
2026-03-23T00:00:00Z,1774224000,0.70099,0.70149,0.69757,0.69809,16082,9,0
2026-03-23T04:00:00Z,1774238400,0.6981,0.6985,0.69495,0.69532,11651,9,0
2026-03-23T08:00:00Z,1774252800,0.69531,0.70429,0.69103,0.6985,54768,9,0
2026-03-23T12:00:00Z,1774267200,0.69848,0.70621,0.69729,0.69928,61525,9,0
2026-03-23T16:00:00Z,1774281600,0.69926,0.70288,0.69824,0.7011,24913,9,0
2026-03-23T20:00:00Z,1774296000,0.70109,0.70207,0.70001,0.7008,4992,9,0
2026-03-24T00:00:00Z,1774310400,0.70079,0.70086,0.69643,0.69677,18254,9,0
2026-03-24T04:00:00Z,1774324800,0.69678,0.70143,0.69549,0.69889,14344,9,0
2026-03-24T08:00:00Z,1774339200,0.69888,0.69896,0.69531,0.6969,17763,9,0
2026-03-24T12:00:00Z,1774353600,0.69689,0.69884,0.69448,0.69638,28859,9,0
2026-03-24T16:00:00Z,1774368000,0.69639,0.6977,0.69381,0.69681,20117,9,0
2026-03-24T20:00:00Z,1774382400,0.6968,0.70131,0.69664,0.69943,11058,9,0
2026-03-25T00:00:00Z,1774396800,0.69944,0.70035,0.69693,0.69768,11014,9,0
2026-03-25T04:00:00Z,1774411200,0.69767,0.69801,0.69609,0.69668,7700,9,0
2026-03-25T08:00:00Z,1774425600,0.69667,0.69891,0.69581,0.69663,13254,9,0
2026-03-25T12:00:00Z,1774440000,0.69664,0.69724,0.69425,0.69606,20752,9,0
2026-03-25T16:00:00Z,1774454400,0.69605,0.69703,0.69453,0.69484,12597,9,0
2026-03-25T20:00:00Z,1774468800,0.69485,0.69512,0.69389,0.69423,3125,9,0
2026-03-26T00:00:00Z,1774483200,0.69422,0.69521,0.69318,0.69501,7475,9,0
2026-03-26T04:00:00Z,1774497600,0.69501,0.69565,0.69384,0.69387,7325,9,0
2026-03-26T08:00:00Z,1774512000,0.69389,0.69438,0.69092,0.69096,9700,9,0
2026-03-26T12:00:00Z,1774526400,0.69098,0.69285,0.6901,0.69108,17473,9,0
2026-03-26T16:00:00Z,1774540800,0.69108,0.69128,0.68761,0.68768,9131,9,0
2026-03-26T20:00:00Z,1774555200,0.68766,0.69183,0.68753,0.68859,8676,9,0
2026-03-27T00:00:00Z,1774569600,0.68857,0.69055,0.68716,0.69048,8351,9,0
2026-03-27T04:00:00Z,1774584000,0.69048,0.69117,0.68824,0.68891,6786,9,0
2026-03-27T08:00:00Z,1774598400,0.6889,0.69011,0.68829,0.68875,10313,9,0
2026-03-27T12:00:00Z,1774612800,0.68874,0.69015,0.68766,0.6888,16780,9,0
2026-03-27T16:00:00Z,1774627200,0.6888,0.68941,0.68641,0.68731,10716,9,0
2026-03-27T20:00:00Z,1774641600,0.68729,0.68797,0.68649,0.68752,2047,9,0
2026-03-29T20:00:00Z,1774814400,0.68644,0.68667,0.68459,0.68502,4791,9,0
2026-03-30T00:00:00Z,1774828800,0.68504,0.68719,0.68423,0.68688,11598,9,0
2026-03-30T04:00:00Z,1774843200,0.68689,0.68738,0.68478,0.68505,7210,9,0
2026-03-30T08:00:00Z,1774857600,0.68504,0.6869,0.68471,0.68589,9462,9,0
2026-03-30T12:00:00Z,1774872000,0.68589,0.68653,0.68329,0.68564,14440,9,0
2026-03-30T16:00:00Z,1774886400,0.68562,0.68609,0.68415,0.68494,8871,9,0
2026-03-30T20:00:00Z,1774900800,0.68492,0.68543,0.68423,0.68449,3243,9,0
2026-03-31T00:00:00Z,1774915200,0.6845,0.68745,0.68339,0.68485,14111,9,0
2026-03-31T04:00:00Z,1774929600,0.68486,0.68668,0.68386,0.68659,9034,9,0
2026-03-31T08:00:00Z,1774944000,0.68658,0.6886,0.68494,0.68825,11466,9,0
2026-03-31T12:00:00Z,1774958400,0.68827,0.68899,0.68349,0.68535,19572,9,0
2026-03-31T16:00:00Z,1774972800,0.68533,0.69004,0.6852,0.68992,22404,9,0
2026-03-31T20:00:00Z,1774987200,0.68991,0.69209,0.68958,0.69198,3488,9,0
2026-04-01T00:00:00Z,1775001600,0.69197,0.69298,0.69004,0.6904,8935,9,0
2026-04-01T04:00:00Z,1775016000,0.6904,0.69466,0.68995,0.69282,11609,9,0
2026-04-01T08:00:00Z,1775030400,0.6928,0.69588,0.69251,0.69541,11431,9,0
2026-04-01T12:00:00Z,1775044800,0.69539,0.69634,0.69331,0.69432,20978,9,0
2026-04-01T16:00:00Z,1775059200,0.69431,0.69506,0.69124,0.69225,9877,9,0
2026-04-01T20:00:00Z,1775073600,0.69226,0.6929,0.69199,0.69228,3056,9,0
2026-04-02T00:00:00Z,1775088000,0.69226,0.69404,0.68789,0.6883,22546,9,0
2026-04-02T04:00:00Z,1775102400,0.6883,0.68843,0.68657,0.68842,8948,9,0
2026-04-02T08:00:00Z,1775116800,0.68844,0.68851,0.68595,0.68656,7834,9,0
2026-04-02T12:00:00Z,1775131200,0.68658,0.69177,0.68648,0.69096,21001,9,0
2026-04-02T16:00:00Z,1775145600,0.69095,0.69171,0.69024,0.69062,9696,9,0
2026-04-02T20:00:00Z,1775160000,0.69062,0.69124,0.69018,0.6909,2110,9,0
2026-04-03T00:00:00Z,1775174400,0.6909,0.69138,0.69023,0.69043,1742,54,0
2026-04-03T04:00:00Z,1775188800,0.69044,0.69121,0.68992,0.69051,1530,54,0
2026-04-03T08:00:00Z,1775203200,0.6905,0.69066,0.68998,0.6904,1655,72,0
2026-04-03T12:00:00Z,1775217600,0.6904,0.69108,0.68907,0.68918,4210,9,0
2026-04-03T16:00:00Z,1775232000,0.68919,0.6895,0.6884,0.68852,3392,9,0
2026-04-03T20:00:00Z,1775246400,0.68852,0.68991,0.68783,0.68926,1125,18,0
2026-04-05T20:00:00Z,1775419200,0.68858,0.68904,0.68755,0.68844,3463,9,0
2026-04-06T00:00:00Z,1775433600,0.68844,0.69162,0.6884,0.69028,6451,9,0
2026-04-06T04:00:00Z,1775448000,0.69028,0.69327,0.69021,0.69284,5712,9,0
2026-04-06T08:00:00Z,1775462400,0.69286,0.69359,0.69183,0.69282,7553,9,0
2026-04-06T12:00:00Z,1775476800,0.69284,0.69377,0.69112,0.69176,11152,9,0
2026-04-06T16:00:00Z,1775491200,0.69176,0.69242,0.69054,0.69187,7335,9,0
2026-04-06T20:00:00Z,1775505600,0.69188,0.69227,0.69133,0.69161,2275,9,0
2026-04-07T00:00:00Z,1775520000,0.69161,0.69221,0.68982,0.6911,7279,9,0
2026-04-07T04:00:00Z,1775534400,0.69111,0.69214,0.69084,0.69152,6906,9,0
2026-04-07T08:00:00Z,1775548800,0.69151,0.69482,0.69145,0.69358,14562,9,0
2026-04-07T12:00:00Z,1775563200,0.6936,0.69516,0.69242,0.69426,16180,9,0
2026-04-07T16:00:00Z,1775577600,0.69427,0.6973,0.69402,0.69701,13679,9,0
2026-04-07T20:00:00Z,1775592000,0.697,0.7077,0.69657,0.70758,14720,9,0
2026-04-08T00:00:00Z,1775606400,0.7076,0.70844,0.70426,0.70523,15198,9,0
2026-04-08T04:00:00Z,1775620800,0.70523,0.70826,0.70519,0.70605,11718,9,0
2026-04-08T08:00:00Z,1775635200,0.70603,0.70625,0.70325,0.70535,10531,9,0
2026-04-08T12:00:00Z,1775649600,0.70536,0.70777,0.70435,0.70603,19818,9,0
2026-04-08T16:00:00Z,1775664000,0.70601,0.70621,0.70284,0.70521,11368,9,0
2026-04-08T20:00:00Z,1775678400,0.70522,0.70537,0.70376,0.70386,3293,9,0
2026-04-09T00:00:00Z,1775692800,0.70387,0.7041,0.70248,0.70396,7100,9,0
2026-04-09T04:00:00Z,1775707200,0.70397,0.7046,0.70264,0.70285,6672,9,0
2026-04-09T08:00:00Z,1775721600,0.70285,0.70453,0.70218,0.70451,6266,9,0
2026-04-09T12:00:00Z,1775736000,0.70451,0.70855,0.70335,0.70849,13078,9,0
2026-04-09T16:00:00Z,1775750400,0.70847,0.70945,0.70726,0.70843,8993,9,0
2026-04-09T20:00:00Z,1775764800,0.70844,0.70857,0.70742,0.70747,2905,9,0
2026-04-10T00:00:00Z,1775779200,0.70749,0.70825,0.70666,0.70693,5069,9,0
2026-04-10T04:00:00Z,1775793600,0.70692,0.70727,0.70533,0.70546,5036,9,0
2026-04-10T08:00:00Z,1775808000,0.70545,0.70719,0.70535,0.70714,6708,9,0
2026-04-10T12:00:00Z,1775822400,0.70715,0.70935,0.70707,0.70763,10991,9,0
2026-04-10T16:00:00Z,1775836800,0.70764,0.70816,0.70648,0.70764,6336,9,0
2026-04-10T20:00:00Z,1775851200,0.70765,0.70777,0.70661,0.70669,1016,9,0
2026-04-12T20:00:00Z,1776024000,0.69893,0.70217,0.69891,0.70191,3758,9,0
2026-04-13T00:00:00Z,1776038400,0.70192,0.70419,0.70163,0.70378,6784,9,0
2026-04-13T04:00:00Z,1776052800,0.70378,0.70582,0.7034,0.70558,5905,9,0
2026-04-13T08:00:00Z,1776067200,0.70556,0.70581,0.70341,0.70348,6341,9,0
2026-04-13T12:00:00Z,1776081600,0.70349,0.70696,0.7029,0.70614,11800,9,0
2026-04-13T16:00:00Z,1776096000,0.70613,0.71,0.70573,0.70963,8109,9,0
2026-04-13T20:00:00Z,1776110400,0.70965,0.71021,0.70906,0.70987,2334,9,0
2026-04-14T00:00:00Z,1776124800,0.70988,0.70988,0.70785,0.70843,4874,9,0
2026-04-14T04:00:00Z,1776139200,0.70844,0.71037,0.70767,0.70962,6361,9,0
2026-04-14T08:00:00Z,1776153600,0.70961,0.71297,0.70931,0.71258,6425,9,0
2026-04-14T12:00:00Z,1776168000,0.7126,0.71475,0.71201,0.71301,10480,9,0
2026-04-14T16:00:00Z,1776182400,0.71301,0.7135,0.7124,0.71259,5131,9,0
2026-04-14T20:00:00Z,1776196800,0.71259,0.71325,0.71164,0.71284,2800,9,0
2026-04-15T00:00:00Z,1776211200,0.71283,0.71323,0.7122,0.71301,4625,9,0
2026-04-15T04:00:00Z,1776225600,0.71301,0.71474,0.71299,0.71424,5648,9,0
2026-04-15T08:00:00Z,1776240000,0.71424,0.71476,0.71293,0.71401,8382,9,0
2026-04-15T12:00:00Z,1776254400,0.71401,0.71664,0.71336,0.71594,9619,9,0
2026-04-15T16:00:00Z,1776268800,0.71593,0.71771,0.71588,0.71735,5717,9,0
2026-04-15T20:00:00Z,1776283200,0.71735,0.71756,0.71648,0.71749,2003,9,0
2026-04-16T00:00:00Z,1776297600,0.71748,0.7197,0.71626,0.71917,6482,9,0
2026-04-16T04:00:00Z,1776312000,0.71917,0.7195,0.71773,0.71829,6250,9,0
2026-04-16T08:00:00Z,1776326400,0.71831,0.7184,0.7164,0.71731,6158,9,0
2026-04-16T12:00:00Z,1776340800,0.71732,0.71778,0.71605,0.7169,10647,9,0
2026-04-16T16:00:00Z,1776355200,0.7169,0.71746,0.7152,0.71606,7273,9,0
2026-04-16T20:00:00Z,1776369600,0.71608,0.71646,0.71544,0.71582,2264,9,0
2026-04-17T00:00:00Z,1776384000,0.7158,0.71663,0.71536,0.71649,4470,9,0
2026-04-17T04:00:00Z,1776398400,0.71648,0.71721,0.71605,0.71717,4936,9,0
2026-04-17T08:00:00Z,1776412800,0.71717,0.7182,0.71667,0.71722,4936,9,0
2026-04-17T12:00:00Z,1776427200,0.71724,0.72214,0.71712,0.719,21030,9,0
2026-04-17T16:00:00Z,1776441600,0.719,0.71927,0.7169,0.717,8205,9,0
2026-04-17T20:00:00Z,1776456000,0.71702,0.71725,0.71658,0.7169,879,9,0
2026-04-19T20:00:00Z,1776628800,0.71216,0.71443,0.71089,0.71344,3686,9,0
2026-04-20T00:00:00Z,1776643200,0.71346,0.71581,0.71317,0.71535,6447,9,0
2026-04-20T04:00:00Z,1776657600,0.71535,0.71649,0.71418,0.71475,7674,9,0
2026-04-20T08:00:00Z,1776672000,0.71476,0.7164,0.71459,0.71609,6626,9,0
2026-04-20T12:00:00Z,1776686400,0.71607,0.71771,0.71533,0.71733,11853,9,0
2026-04-20T16:00:00Z,1776700800,0.71735,0.71793,0.71692,0.7179,5192,9,0
2026-04-20T20:00:00Z,1776715200,0.71789,0.71824,0.71731,0.71732,2426,9,0
2026-04-21T00:00:00Z,1776729600,0.71733,0.71817,0.71647,0.71664,4894,9,0
2026-04-21T04:00:00Z,1776744000,0.71664,0.71724,0.71527,0.71527,4863,9,0
2026-04-21T08:00:00Z,1776758400,0.71526,0.71654,0.71434,0.71647,5843,9,0
2026-04-21T12:00:00Z,1776772800,0.71649,0.71856,0.71516,0.71624,11170,9,0
2026-04-21T16:00:00Z,1776787200,0.71626,0.71674,0.71297,0.71352,15051,9,0
2026-04-21T20:00:00Z,1776801600,0.71353,0.71627,0.71339,0.71556,5673,9,0
2026-04-22T00:00:00Z,1776816000,0.71555,0.71634,0.71526,0.71543,5254,9,0
2026-04-22T04:00:00Z,1776830400,0.71542,0.71758,0.71541,0.71682,6187,9,0
2026-04-22T08:00:00Z,1776844800,0.71683,0.71726,0.71494,0.71525,6505,9,0
2026-04-22T12:00:00Z,1776859200,0.71525,0.71692,0.71461,0.71603,10193,9,0
2026-04-22T16:00:00Z,1776873600,0.71605,0.71649,0.71553,0.71586,5666,9,0
2026-04-22T20:00:00Z,1776888000,0.71586,0.71609,0.71542,0.71573,2209,9,0
2026-04-23T00:00:00Z,1776902400,0.71573,0.71664,0.71364,0.71401,11267,9,0
2026-04-23T04:00:00Z,1776916800,0.71401,0.71574,0.71383,0.7157,5566,9,0
2026-04-23T08:00:00Z,1776931200,0.7157,0.71578,0.71325,0.71499,7623,9,0
2026-04-23T12:00:00Z,1776945600,0.71498,0.71627,0.71371,0.71551,11731,9,0
2026-04-23T16:00:00Z,1776960000,0.7155,0.71566,0.71109,0.71328,16115,9,0
2026-04-23T20:00:00Z,1776974400,0.71327,0.71333,0.71241,0.71289,2294,9,0
2026-04-24T00:00:00Z,1776988800,0.71291,0.71355,0.71144,0.71187,6010,9,0
2026-04-24T04:00:00Z,1777003200,0.71188,0.71339,0.71163,0.71332,5327,9,0
2026-04-24T08:00:00Z,1777017600,0.71332,0.71516,0.71261,0.71436,8311,9,0
2026-04-24T12:00:00Z,1777032000,0.71438,0.71547,0.71256,0.71522,12368,9,0
2026-04-24T16:00:00Z,1777046400,0.71523,0.71546,0.71457,0.7151,5627,9,0
2026-04-24T20:00:00Z,1777060800,0.71509,0.71529,0.71487,0.71514,737,9,0
2026-04-26T20:00:00Z,1777233600,0.71273,0.71463,0.71252,0.71419,1876,9,0
2026-04-27T00:00:00Z,1777248000,0.71421,0.71769,0.71421,0.71733,6231,9,0
2026-04-27T04:00:00Z,1777262400,0.71733,0.71777,0.71572,0.71764,5075,9,0
2026-04-27T08:00:00Z,1777276800,0.71764,0.71898,0.71734,0.71847,5081,9,0
2026-04-27T12:00:00Z,1777291200,0.71849,0.71996,0.71824,0.71917,9153,9,0
2026-04-27T16:00:00Z,1777305600,0.71917,0.71933,0.71842,0.7186,4161,9,0
2026-04-27T20:00:00Z,1777320000,0.71862,0.71903,0.71841,0.71901,1484,9,0
2026-04-28T00:00:00Z,1777334400,0.71903,0.71942,0.71735,0.71841,6043,9,0
2026-04-28T04:00:00Z,1777348800,0.71841,0.71857,0.7162,0.71777,6812,9,0
2026-04-28T08:00:00Z,1777363200,0.71778,0.71806,0.71517,0.71535,8496,9,0
2026-04-28T12:00:00Z,1777377600,0.71536,0.718,0.71506,0.71798,12462,9,0
2026-04-28T16:00:00Z,1777392000,0.71799,0.71867,0.7175,0.71796,5076,9,0
2026-04-28T20:00:00Z,1777406400,0.71795,0.71865,0.71784,0.71865,1665,9,0
2026-04-29T00:00:00Z,1777420800,0.71865,0.71893,0.71595,0.71611,7453,9,0
2026-04-29T04:00:00Z,1777435200,0.71611,0.71663,0.71543,0.71629,5470,9,0
2026-04-29T08:00:00Z,1777449600,0.7163,0.71653,0.71485,0.71583,6392,9,0
2026-04-29T12:00:00Z,1777464000,0.71583,0.71659,0.71182,0.71285,12184,9,0
2026-04-29T16:00:00Z,1777478400,0.71286,0.71365,0.71012,0.71165,12483,9,0
2026-04-29T20:00:00Z,1777492800,0.71167,0.71282,0.7111,0.71275,3589,9,0
2026-04-30T00:00:00Z,1777507200,0.71277,0.71323,0.71171,0.71252,7588,9,0
2026-04-30T04:00:00Z,1777521600,0.71253,0.71305,0.71097,0.71278,8028,9,0
2026-04-30T08:00:00Z,1777536000,0.71279,0.71666,0.7127,0.71531,13148,9,0
2026-04-30T12:00:00Z,1777550400,0.71532,0.71914,0.71444,0.71824,14941,9,0
2026-04-30T16:00:00Z,1777564800,0.71826,0.72024,0.71777,0.71968,6734,9,0
2026-04-30T20:00:00Z,1777579200,0.71966,0.72044,0.71927,0.72,2543,9,0
2026-05-01T00:00:00Z,1777593600,0.72002,0.72048,0.71943,0.71954,4661,9,0
2026-05-01T04:00:00Z,1777608000,0.71955,0.72024,0.7186,0.71952,5864,9,0
2026-05-01T08:00:00Z,1777622400,0.71953,0.71997,0.7183,0.71963,5118,9,0
2026-05-01T12:00:00Z,1777636800,0.71964,0.72274,0.7194,0.7217,11621,9,0
2026-05-01T16:00:00Z,1777651200,0.7217,0.72207,0.72017,0.72045,6344,9,0
2026-05-01T20:00:00Z,1777665600,0.72046,0.72058,0.71974,0.7199,719,9,0
2026-05-03T20:00:00Z,1777838400,0.72127,0.72195,0.72073,0.72089,2054,9,0
2026-05-04T00:00:00Z,1777852800,0.72088,0.72169,0.72006,0.72135,6761,9,0
2026-05-04T04:00:00Z,1777867200,0.72134,0.72141,0.71883,0.71909,6018,9,0
2026-05-04T08:00:00Z,1777881600,0.71907,0.71993,0.71679,0.71783,11185,9,0
2026-05-04T12:00:00Z,1777896000,0.71784,0.71948,0.71619,0.71653,13092,9,0
2026-05-04T16:00:00Z,1777910400,0.71655,0.71741,0.7153,0.7171,9691,9,0
2026-05-04T20:00:00Z,1777924800,0.7171,0.7171,0.71642,0.71669,1608,9,0
2026-05-05T00:00:00Z,1777939200,0.71669,0.71712,0.71525,0.71529,4700,9,0
2026-05-05T04:00:00Z,1777953600,0.71528,0.71702,0.71354,0.71516,8813,9,0
2026-05-05T08:00:00Z,1777968000,0.71514,0.71739,0.71514,0.71718,6527,9,0
2026-05-05T12:00:00Z,1777982400,0.71717,0.71972,0.71669,0.71942,9449,9,0
2026-05-05T16:00:00Z,1777996800,0.71942,0.7195,0.71811,0.71828,4016,9,0
2026-05-05T20:00:00Z,1778011200,0.71828,0.72078,0.71774,0.72027,3535,9,0
2026-05-06T00:00:00Z,1778025600,0.72028,0.72417,0.72018,0.72319,8321,9,0
2026-05-06T04:00:00Z,1778040000,0.72319,0.72503,0.72309,0.72417,8611,9,0
2026-05-06T08:00:00Z,1778054400,0.72416,0.72771,0.72324,0.72502,13043,9,0
2026-05-06T12:00:00Z,1778068800,0.72502,0.72502,0.72287,0.72335,12868,9,0
2026-05-06T16:00:00Z,1778083200,0.72333,0.7241,0.72236,0.72375,5307,9,0
2026-05-06T20:00:00Z,1778097600,0.72374,0.7239,0.72318,0.72347,2171,9,0
2026-05-07T00:00:00Z,1778112000,0.72345,0.72482,0.72314,0.72416,6159,9,0
2026-05-07T04:00:00Z,1778126400,0.72415,0.72632,0.724,0.72612,6717,9,0
2026-05-07T08:00:00Z,1778140800,0.72614,0.72636,0.72515,0.72582,6198,9,0
2026-05-07T12:00:00Z,1778155200,0.72583,0.72594,0.72385,0.72393,9427,9,0
2026-05-07T16:00:00Z,1778169600,0.72394,0.72422,0.72144,0.72146,11085,9,0
2026-05-07T20:00:00Z,1778184000,0.72145,0.72274,0.72007,0.7208,4340,9,0
2026-05-08T00:00:00Z,1778198400,0.72081,0.72204,0.71998,0.7215,7340,9,0
2026-05-08T04:00:00Z,1778212800,0.7215,0.72301,0.72134,0.72234,6430,9,0
2026-05-08T08:00:00Z,1778227200,0.72235,0.72408,0.72218,0.72354,5965,9,0
2026-05-08T12:00:00Z,1778241600,0.72355,0.72485,0.72277,0.72414,11371,9,0
2026-05-08T16:00:00Z,1778256000,0.72413,0.72477,0.72398,0.72461,4727,9,0
2026-05-08T20:00:00Z,1778270400,0.7246,0.72489,0.72443,0.72462,577,9,0
2026-05-10T20:00:00Z,1778443200,0.72223,0.72379,0.72149,0.72339,2134,9,0
2026-05-11T00:00:00Z,1778457600,0.72339,0.72398,0.72275,0.72286,5986,9,0
2026-05-11T04:00:00Z,1778472000,0.72284,0.72422,0.72249,0.724,4864,9,0
2026-05-11T08:00:00Z,1778486400,0.72401,0.72482,0.72351,0.72429,4733,9,0
2026-05-11T12:00:00Z,1778500800,0.72431,0.72589,0.72372,0.7257,7658,9,0
2026-05-11T16:00:00Z,1778515200,0.72571,0.72575,0.72465,0.72486,4391,9,0
2026-05-11T20:00:00Z,1778529600,0.72487,0.72518,0.72439,0.72455,1936,9,0
2026-05-12T00:00:00Z,1778544000,0.72455,0.72455,0.72221,0.72286,6134,9,0
2026-05-12T04:00:00Z,1778558400,0.72286,0.7235,0.72086,0.72169,6902,9,0
2026-05-12T08:00:00Z,1778572800,0.72171,0.72309,0.72124,0.72283,6924,9,0
2026-05-12T12:00:00Z,1778587200,0.72281,0.72326,0.72142,0.72221,11452,9,0
2026-05-12T16:00:00Z,1778601600,0.72222,0.72414,0.72142,0.72383,6007,9,0
2026-05-12T20:00:00Z,1778616000,0.72382,0.72417,0.72363,0.72369,1745,9,0
2026-05-13T00:00:00Z,1778630400,0.72367,0.72471,0.72304,0.72349,5679,9,0
2026-05-13T04:00:00Z,1778644800,0.72349,0.72424,0.72312,0.72334,5117,9,0
2026-05-13T08:00:00Z,1778659200,0.72334,0.7253,0.72326,0.72495,5328,9,0
2026-05-13T12:00:00Z,1778673600,0.72494,0.72714,0.72358,0.72617,9481,9,0
2026-05-13T16:00:00Z,1778688000,0.72617,0.72689,0.72516,0.7253,5212,9,0
2026-05-13T20:00:00Z,1778702400,0.72529,0.72605,0.72503,0.72539,2298,9,0
2026-05-14T00:00:00Z,1778716800,0.7254,0.72568,0.72435,0.7251,5441,9,0
2026-05-14T04:00:00Z,1778731200,0.7251,0.7264,0.72404,0.72421,6076,9,0
2026-05-14T08:00:00Z,1778745600,0.7242,0.72535,0.72382,0.72387,6127,9,0
2026-05-14T12:00:00Z,1778760000,0.72386,0.72428,0.72195,0.72239,8323,9,0
2026-05-14T16:00:00Z,1778774400,0.72238,0.72265,0.72156,0.72197,5367,9,0
2026-05-14T20:00:00Z,1778788800,0.72198,0.72225,0.72128,0.72134,2289,9,0
2026-05-15T00:00:00Z,1778803200,0.72135,0.72176,0.71848,0.71932,7625,9,0
2026-05-15T04:00:00Z,1778817600,0.71931,0.71935,0.71556,0.71668,9287,9,0
2026-05-15T08:00:00Z,1778832000,0.71669,0.71795,0.71395,0.71519,9796,9,0
2026-05-15T12:00:00Z,1778846400,0.71517,0.71657,0.71431,0.71501,12134,9,0
2026-05-15T16:00:00Z,1778860800,0.71503,0.7163,0.71475,0.71492,6355,9,0
2026-05-15T20:00:00Z,1778875200,0.71491,0.71492,0.71445,0.71461,960,9,0
2026-05-17T20:00:00Z,1779048000,0.71419,0.71537,0.71274,0.71292,2864,9,0
2026-05-18T00:00:00Z,1779062400,0.71293,0.71345,0.71183,0.7134,9767,9,0
2026-05-18T04:00:00Z,1779076800,0.7134,0.71576,0.71263,0.71516,7671,9,0
2026-05-18T08:00:00Z,1779091200,0.71516,0.71678,0.71459,0.71598,8032,9,0
2026-05-18T12:00:00Z,1779105600,0.71598,0.71838,0.71483,0.71585,13003,9,0
2026-05-18T16:00:00Z,1779120000,0.71587,0.71742,0.71474,0.71676,9475,9,0
2026-05-18T20:00:00Z,1779134400,0.71678,0.71763,0.71625,0.71699,2238,9,0
2026-05-19T00:00:00Z,1779148800,0.717,0.71722,0.71357,0.71367,7859,9,0
2026-05-19T04:00:00Z,1779163200,0.71367,0.71384,0.71246,0.7125,7552,9,0
2026-05-19T08:00:00Z,1779177600,0.71251,0.71258,0.71082,0.71165,7683,9,0
2026-05-19T12:00:00Z,1779192000,0.71165,0.71227,0.70793,0.70992,12534,9,0
2026-05-19T16:00:00Z,1779206400,0.70994,0.71158,0.70952,0.71085,6490,9,0
2026-05-19T20:00:00Z,1779220800,0.71086,0.71125,0.71037,0.71037,1959,9,0
2026-05-20T00:00:00Z,1779235200,0.71035,0.71066,0.70867,0.71026,9276,9,0
2026-05-20T04:00:00Z,1779249600,0.71026,0.71128,0.70969,0.71066,6824,9,0
2026-05-20T08:00:00Z,1779264000,0.71066,0.71343,0.71043,0.71275,5994,9,0
2026-05-20T12:00:00Z,1779278400,0.71275,0.71736,0.71147,0.71503,14805,9,0
2026-05-20T16:00:00Z,1779292800,0.71504,0.71618,0.71487,0.71586,7733,9,0
2026-05-20T20:00:00Z,1779307200,0.71584,0.71586,0.71473,0.71489,2881,9,0
2026-05-21T00:00:00Z,1779321600,0.7149,0.71564,0.70996,0.71185,9312,9,0
2026-05-21T04:00:00Z,1779336000,0.71184,0.71297,0.71078,0.7118,7707,9,0
2026-05-21T08:00:00Z,1779350400,0.71179,0.71418,0.71156,0.71254,10535,9,0
2026-05-21T12:00:00Z,1779364800,0.71254,0.71373,0.71161,0.71322,12644,9,0
2026-05-21T16:00:00Z,1779379200,0.71323,0.7168,0.71323,0.71539,11662,9,0
2026-05-21T20:00:00Z,1779393600,0.71541,0.71552,0.71456,0.71476,2169,9,0
2026-05-22T00:00:00Z,1779408000,0.71476,0.71476,0.71342,0.71395,4789,9,0
2026-05-22T04:00:00Z,1779422400,0.71395,0.71459,0.71269,0.71338,5080,9,0
2026-05-22T08:00:00Z,1779436800,0.71338,0.71437,0.71196,0.71213,6312,9,0
2026-05-22T12:00:00Z,1779451200,0.71213,0.71424,0.7116,0.71304,10405,9,0
2026-05-22T16:00:00Z,1779465600,0.71304,0.71419,0.71282,0.71317,6011,9,0
2026-05-22T20:00:00Z,1779480000,0.71318,0.71321,0.71257,0.71279,908,9,0
2026-05-24T20:00:00Z,1779652800,0.71295,0.71613,0.71276,0.71562,2202,9,0
2026-05-25T00:00:00Z,1779667200,0.71563,0.71723,0.71537,0.7161,4751,9,0
2026-05-25T04:00:00Z,1779681600,0.71608,0.71714,0.7152,0.71602,4258,9,0
2026-05-25T08:00:00Z,1779696000,0.71603,0.71747,0.71577,0.71694,3088,9,0
2026-05-25T12:00:00Z,1779710400,0.71693,0.71815,0.71667,0.71727,4052,9,0
2026-05-25T16:00:00Z,1779724800,0.71726,0.71763,0.71698,0.71752,1354,9,0
2026-05-25T20:00:00Z,1779739200,0.71752,0.71761,0.71664,0.71676,1995,9,0
2026-05-26T00:00:00Z,1779753600,0.71677,0.71722,0.71613,0.71704,4672,9,0
2026-05-26T04:00:00Z,1779768000,0.71704,0.71711,0.71549,0.71632,5053,9,0
2026-05-26T08:00:00Z,1779782400,0.71631,0.71684,0.71587,0.71637,5273,9,0
2026-05-26T12:00:00Z,1779796800,0.71637,0.7176,0.7158,0.71599,7301,9,0
2026-05-26T16:00:00Z,1779811200,0.716,0.71699,0.71596,0.71684,3553,9,0
2026-05-26T20:00:00Z,1779825600,0.71684,0.7174,0.71649,0.71702,2089,9,0
2026-05-27T00:00:00Z,1779840000,0.71701,0.71791,0.71523,0.71593,6427,9,0
2026-05-27T04:00:00Z,1779854400,0.71592,0.71635,0.71373,0.7138,5828,9,0
2026-05-27T08:00:00Z,1779868800,0.7138,0.71456,0.71284,0.71321,5231,9,0
2026-05-27T12:00:00Z,1779883200,0.71322,0.7149,0.71235,0.71351,13035,9,0
2026-05-27T16:00:00Z,1779897600,0.71352,0.71419,0.71313,0.71413,4462,9,0
2026-05-27T20:00:00Z,1779912000,0.71413,0.7144,0.71321,0.71324,2317,9,0
2026-05-28T00:00:00Z,1779926400,0.71325,0.71351,0.70991,0.71015,6863,9,0
2026-05-28T04:00:00Z,1779940800,0.71015,0.71266,0.70975,0.71214,6547,9,0
2026-05-28T08:00:00Z,1779955200,0.71216,0.71241,0.71081,0.71178,5375,9,0
2026-05-28T12:00:00Z,1779969600,0.71177,0.71615,0.71173,0.71575,11745,9,0
2026-05-28T16:00:00Z,1779984000,0.71573,0.71693,0.71559,0.71615,4624,9,0
2026-05-28T20:00:00Z,1779998400,0.71614,0.71649,0.71588,0.71627,2363,9,0
2026-05-29T00:00:00Z,1780012800,0.71625,0.71669,0.71529,0.71541,4737,9,0
2026-05-29T04:00:00Z,1780027200,0.71543,0.71669,0.71518,0.71605,4841,9,0
2026-05-29T08:00:00Z,1780041600,0.71604,0.71696,0.71489,0.71695,5078,9,0
2026-05-29T12:00:00Z,1780056000,0.71696,0.72,0.71671,0.71894,10413,9,0
2026-05-29T16:00:00Z,1780070400,0.71894,0.71917,0.71809,0.71866,5317,9,0
2026-05-29T20:00:00Z,1780084800,0.71867,0.7187,0.71824,0.71837,741,9,0
2026-05-31T20:00:00Z,1780257600,0.71658,0.71834,0.71658,0.71798,1846,9,0
2026-06-01T00:00:00Z,1780272000,0.71798,0.7187,0.71755,0.71798,4428,9,0
2026-06-01T04:00:00Z,1780286400,0.71798,0.719,0.71761,0.71793,4272,9,0
2026-06-01T08:00:00Z,1780300800,0.71794,0.71855,0.71715,0.71725,4214,9,0
2026-06-01T12:00:00Z,1780315200,0.71725,0.7174,0.71344,0.71518,12349,9,0
2026-06-01T16:00:00Z,1780329600,0.71519,0.71718,0.7147,0.71616,5196,9,0
2026-06-01T20:00:00Z,1780344000,0.71614,0.71646,0.71575,0.7164,2010,9,0
2026-06-02T00:00:00Z,1780358400,0.71641,0.71673,0.71525,0.71597,5396,9,0
2026-06-02T04:00:00Z,1780372800,0.71597,0.7183,0.71579,0.7181,4660,9,0
2026-06-02T08:00:00Z,1780387200,0.7181,0.71863,0.71758,0.71803,4087,9,0
2026-06-02T12:00:00Z,1780401600,0.71804,0.71875,0.71697,0.71844,6633,9,0
2026-06-02T16:00:00Z,1780416000,0.71845,0.71866,0.71707,0.71817,3441,9,0
2026-06-02T20:00:00Z,1780430400,0.71817,0.71825,0.7171,0.71728,2021,9,0
2026-06-03T00:00:00Z,1780444800,0.71728,0.71814,0.71691,0.7171,4512,9,0
2026-06-03T04:00:00Z,1780459200,0.7171,0.71729,0.71522,0.7165,5508,9,0
2026-06-03T08:00:00Z,1780473600,0.71652,0.71765,0.71577,0.71654,5685,9,0
2026-06-03T12:00:00Z,1780488000,0.71653,0.71657,0.71357,0.71378,8737,9,0
2026-06-03T16:00:00Z,1780502400,0.71379,0.71384,0.71289,0.71295,4390,9,0
2026-06-03T20:00:00Z,1780516800,0.71297,0.71371,0.71247,0.71336,2735,9,0
2026-06-04T00:00:00Z,1780531200,0.71334,0.71367,0.71222,0.71273,5952,9,0
2026-06-04T04:00:00Z,1780545600,0.71274,0.71377,0.7123,0.713,5317,9,0
2026-06-04T08:00:00Z,1780560000,0.71302,0.71475,0.71267,0.71465,6041,9,0
2026-06-04T12:00:00Z,1780574400,0.71465,0.71483,0.71345,0.71412,7425,9,0
2026-06-04T16:00:00Z,1780588800,0.71413,0.71431,0.71333,0.71357,3254,9,0
2026-06-04T20:00:00Z,1780603200,0.71358,0.71358,0.71289,0.71305,1729,9,0
2026-06-05T00:00:00Z,1780617600,0.71303,0.71303,0.7105,0.71218,6401,9,0
2026-06-05T04:00:00Z,1780632000,0.71218,0.71352,0.71151,0.71299,5034,9,0
2026-06-05T08:00:00Z,1780646400,0.71298,0.71433,0.71295,0.71418,4781,9,0
2026-06-05T12:00:00Z,1780660800,0.71419,0.71428,0.70578,0.70581,13721,9,0
2026-06-05T16:00:00Z,1780675200,0.70582,0.70607,0.7039,0.70448,8560,9,0
2026-06-05T20:00:00Z,1780689600,0.70448,0.7045,0.70373,0.70416,1264,9,0
2026-06-07T20:00:00Z,1780862400,0.70235,0.70429,0.70215,0.70421,3078,9,0
2026-06-08T00:00:00Z,1780876800,0.70423,0.70615,0.70348,0.70496,9795,9,0
2026-06-08T04:00:00Z,1780891200,0.70497,0.7059,0.70342,0.70477,9426,9,0
2026-06-08T08:00:00Z,1780905600,0.70477,0.70777,0.70381,0.70692,9825,9,0
2026-06-08T12:00:00Z,1780920000,0.70692,0.70758,0.70453,0.70533,11715,9,0
2026-06-08T16:00:00Z,1780934400,0.7053,0.70555,0.7042,0.7045,7085,9,0
2026-06-08T20:00:00Z,1780948800,0.7045,0.70462,0.7037,0.70385,2321,9,0
2026-06-09T00:00:00Z,1780963200,0.70384,0.70586,0.70339,0.7045,7898,9,0
2026-06-09T04:00:00Z,1780977600,0.7045,0.70701,0.70425,0.70507,7150,9,0
2026-06-09T08:00:00Z,1780992000,0.70505,0.70611,0.70459,0.70601,5984,9,0
2026-06-09T12:00:00Z,1781006400,0.70603,0.70622,0.70214,0.70267,12847,9,0
2026-06-09T16:00:00Z,1781020800,0.70267,0.70353,0.70048,0.70269,14535,9,0
2026-06-09T20:00:00Z,1781035200,0.7027,0.70293,0.70154,0.70238,3292,9,0
2026-06-10T00:00:00Z,1781049600,0.70237,0.70317,0.70165,0.70264,9399,9,0
2026-06-10T04:00:00Z,1781064000,0.70265,0.70268,0.70087,0.70174,7500,9,0
2026-06-10T08:00:00Z,1781078400,0.70175,0.70176,0.69976,0.70003,9481,9,0
2026-06-10T12:00:00Z,1781092800,0.70003,0.70369,0.69995,0.70203,17234,9,0
2026-06-10T16:00:00Z,1781107200,0.70205,0.70265,0.69992,0.69992,10921,9,0
2026-06-10T20:00:00Z,1781121600,0.69991,0.70001,0.6987,0.69935,4900,9,0
2026-06-11T00:00:00Z,1781136000,0.69937,0.70096,0.69906,0.70016,9332,9,0
2026-06-11T04:00:00Z,1781150400,0.70017,0.70115,0.69987,0.70005,6185,9,0
2026-06-11T08:00:00Z,1781164800,0.70005,0.70018,0.69905,0.69968,5631,9,0
2026-06-11T12:00:00Z,1781179200,0.6997,0.69986,0.69786,0.69933,15171,9,0
2026-06-11T16:00:00Z,1781193600,0.69934,0.70546,0.69843,0.70474,18684,9,0
2026-06-11T20:00:00Z,1781208000,0.70475,0.70527,0.70398,0.7047,4088,9,0
2026-06-12T00:00:00Z,1781222400,0.70469,0.70478,0.70283,0.7039,7487,9,0
2026-06-12T04:00:00Z,1781236800,0.7039,0.7045,0.70208,0.70315,7914,9,0
2026-06-12T08:00:00Z,1781251200,0.70316,0.70529,0.70296,0.70388,9404,9,0
2026-06-12T12:00:00Z,1781265600,0.70387,0.70593,0.70311,0.70457,13542,9,0
2026-06-12T16:00:00Z,1781280000,0.70455,0.70535,0.70429,0.70499,7628,9,0
2026-06-12T20:00:00Z,1781294400,0.70498,0.70509,0.70435,0.7044,717,9,0
2026-06-14T20:00:00Z,1781467200,0.70418,0.7087,0.70369,0.70743,3492,9,0
2026-06-15T00:00:00Z,1781481600,0.70742,0.70861,0.70648,0.7081,5808,9,0
2026-06-15T04:00:00Z,1781496000,0.70812,0.70869,0.70653,0.70715,5166,9,0
2026-06-15T08:00:00Z,1781510400,0.70714,0.70763,0.70671,0.70705,4474,9,0
2026-06-15T12:00:00Z,1781524800,0.70704,0.70879,0.70641,0.70797,6671,9,0
2026-06-15T16:00:00Z,1781539200,0.70797,0.7083,0.70696,0.70702,3562,9,0
2026-06-15T20:00:00Z,1781553600,0.70702,0.70744,0.70664,0.70713,1626,9,0
2026-06-16T00:00:00Z,1781568000,0.70711,0.70729,0.70555,0.70613,4459,9,0
2026-06-16T04:00:00Z,1781582400,0.70613,0.70616,0.70419,0.70607,5689,9,0
2026-06-16T08:00:00Z,1781596800,0.70608,0.70784,0.70576,0.70682,4131,9,0
2026-06-16T12:00:00Z,1781611200,0.70682,0.70791,0.70629,0.70759,6776,9,0
2026-06-16T16:00:00Z,1781625600,0.70761,0.70792,0.70653,0.70662,4350,9,0
2026-06-16T20:00:00Z,1781640000,0.7066,0.70701,0.70631,0.70648,1470,9,0
2026-06-17T00:00:00Z,1781654400,0.70648,0.70719,0.70596,0.70606,3397,9,0
2026-06-17T04:00:00Z,1781668800,0.70607,0.70643,0.70539,0.70643,3586,9,0
2026-06-17T08:00:00Z,1781683200,0.70643,0.70644,0.70562,0.70595,3923,9,0
2026-06-17T12:00:00Z,1781697600,0.70596,0.70732,0.70588,0.70704,6670,9,0
2026-06-17T16:00:00Z,1781712000,0.70704,0.70751,0.69947,0.7007,21510,9,0
2026-06-17T20:00:00Z,1781726400,0.70071,0.70193,0.7006,0.70178,3245,9,0
2026-06-18T00:00:00Z,1781740800,0.7018,0.70405,0.7018,0.70395,5356,9,0
2026-06-18T04:00:00Z,1781755200,0.70395,0.70411,0.70265,0.7033,5432,9,0
2026-06-18T08:00:00Z,1781769600,0.7033,0.70332,0.70006,0.70023,7223,9,0
2026-06-18T12:00:00Z,1781784000,0.70023,0.70372,0.7001,0.70181,11165,9,0
2026-06-18T16:00:00Z,1781798400,0.7018,0.70248,0.70073,0.70126,5914,9,0
2026-06-18T20:00:00Z,1781812800,0.70125,0.70187,0.70116,0.70122,1951,9,0
2026-06-19T00:00:00Z,1781827200,0.70123,0.70162,0.6996,0.69972,4585,9,0
2026-06-19T04:00:00Z,1781841600,0.69973,0.70154,0.69891,0.70084,6129,9,0
2026-06-19T08:00:00Z,1781856000,0.70085,0.70198,0.70084,0.7011,4861,9,0
2026-06-19T12:00:00Z,1781870400,0.70112,0.70237,0.70073,0.70085,5690,9,0
2026-06-19T16:00:00Z,1781884800,0.70085,0.70157,0.70072,0.70107,3096,9,0
2026-06-19T20:00:00Z,1781899200,0.70107,0.70134,0.7008,0.70113,2196,9,0
2026-06-21T20:00:00Z,1782072000,0.70092,0.7011,0.69958,0.7002,1885,9,0
2026-06-22T00:00:00Z,1782086400,0.70021,0.70187,0.70017,0.70042,5567,9,0
2026-06-22T04:00:00Z,1782100800,0.70043,0.70103,0.69973,0.69983,5543,9,0
2026-06-22T08:00:00Z,1782115200,0.69983,0.70076,0.69937,0.70012,5401,9,0
2026-06-22T12:00:00Z,1782129600,0.70014,0.70135,0.69982,0.69988,9580,9,0
2026-06-22T16:00:00Z,1782144000,0.6999,0.70034,0.69947,0.6999,4013,9,0
2026-06-22T20:00:00Z,1782158400,0.69992,0.70016,0.69934,0.69938,1601,9,0
2026-06-23T00:00:00Z,1782172800,0.69937,0.69937,0.69674,0.69764,6149,9,0
2026-06-23T04:00:00Z,1782187200,0.69765,0.69778,0.69441,0.69471,7234,9,0
2026-06-23T08:00:00Z,1782201600,0.69472,0.69595,0.69314,0.69317,6019,9,0
2026-06-23T12:00:00Z,1782216000,0.69316,0.69414,0.69207,0.6924,8975,9,0
2026-06-23T16:00:00Z,1782230400,0.69241,0.69254,0.69066,0.69126,5001,9,0
2026-06-23T20:00:00Z,1782244800,0.69128,0.69178,0.691,0.69148,2049,9,0
2026-06-24T00:00:00Z,1782259200,0.69149,0.69229,0.69012,0.69059,7389,9,0
2026-06-24T04:00:00Z,1782273600,0.6906,0.69179,0.68988,0.6899,5496,9,0
2026-06-24T08:00:00Z,1782288000,0.68991,0.69007,0.68839,0.68957,6220,9,0
2026-06-24T12:00:00Z,1782302400,0.68957,0.69009,0.68859,0.68937,10265,9,0
2026-06-24T16:00:00Z,1782316800,0.68937,0.69057,0.68822,0.68921,7117,9,0
2026-06-24T20:00:00Z,1782331200,0.68919,0.69007,0.68904,0.68981,2440,9,0
2026-06-25T00:00:00Z,1782345600,0.68981,0.69077,0.68875,0.68966,6856,9,0
2026-06-25T04:00:00Z,1782360000,0.68966,0.69031,0.68864,0.6899,5357,9,0
2026-06-25T08:00:00Z,1782374400,0.68992,0.69066,0.68877,0.68901,4770,9,0
2026-06-25T12:00:00Z,1782388800,0.68903,0.69205,0.6888,0.69202,13828,9,0
2026-06-25T16:00:00Z,1782403200,0.69203,0.69269,0.6907,0.69115,7034,9,0
2026-06-25T20:00:00Z,1782417600,0.69115,0.69139,0.68984,0.68999,2536,9,0
2026-06-26T00:00:00Z,1782432000,0.69001,0.69019,0.68752,0.68914,7179,9,0
2026-06-26T04:00:00Z,1782446400,0.68913,0.68994,0.68845,0.68912,6356,9,0
2026-06-26T08:00:00Z,1782460800,0.68912,0.69062,0.6886,0.68996,6436,9,0
2026-06-26T12:00:00Z,1782475200,0.68995,0.69165,0.68954,0.69051,9879,9,0
2026-06-26T16:00:00Z,1782489600,0.69051,0.69061,0.68932,0.68966,4803,9,0
2026-06-26T20:00:00Z,1782504000,0.68968,0.6899,0.68909,0.68941,1196,9,0
2026-06-28T20:00:00Z,1782676800,0.68895,0.68972,0.68835,0.68956,1546,9,0
2026-06-29T00:00:00Z,1782691200,0.68955,0.68961,0.68806,0.68883,6659,9,0
2026-06-29T04:00:00Z,1782705600,0.68883,0.69039,0.68872,0.68948,4770,9,0
2026-06-29T08:00:00Z,1782720000,0.6895,0.69019,0.68891,0.69006,4899,9,0
2026-06-29T12:00:00Z,1782734400,0.69006,0.69015,0.6877,0.68835,7739,9,0
2026-06-29T16:00:00Z,1782748800,0.68835,0.68919,0.68833,0.68896,3579,9,0
2026-06-29T20:00:00Z,1782763200,0.68897,0.68903,0.68813,0.68818,1804,9,0
2026-06-30T00:00:00Z,1782777600,0.68817,0.68829,0.68649,0.68684,5940,9,0
2026-06-30T04:00:00Z,1782792000,0.68684,0.68818,0.68675,0.68767,5102,9,0
2026-06-30T08:00:00Z,1782806400,0.68765,0.68899,0.6875,0.68872,4790,9,0
2026-06-30T12:00:00Z,1782820800,0.68872,0.69294,0.68815,0.69138,8398,9,0
2026-06-30T16:00:00Z,1782835200,0.69138,0.69235,0.69088,0.69229,3541,9,0
2026-06-30T20:00:00Z,1782849600,0.69228,0.69233,0.6911,0.69117,1970,9,0
2026-07-01T00:00:00Z,1782864000,0.69118,0.69133,0.68825,0.68911,4955,9,0
2026-07-01T04:00:00Z,1782878400,0.68912,0.68961,0.6885,0.68927,4322,9,0
2026-07-01T08:00:00Z,1782892800,0.68926,0.68992,0.68881,0.6893,4040,9,0
2026-07-01T12:00:00Z,1782907200,0.6893,0.69155,0.68843,0.69019,10164,9,0
2026-07-01T16:00:00Z,1782921600,0.6902,0.69078,0.68923,0.6893,4009,9,0
2026-07-01T20:00:00Z,1782936000,0.6893,0.68944,0.68887,0.68893,1819,9,0
2026-07-02T00:00:00Z,1782950400,0.68893,0.69013,0.68837,0.68925,5066,9,0
2026-07-02T04:00:00Z,1782964800,0.68926,0.69019,0.68894,0.68901,5423,9,0
2026-07-02T08:00:00Z,1782979200,0.68899,0.69109,0.68872,0.68875,5716,9,0
2026-07-02T12:00:00Z,1782993600,0.68874,0.69427,0.68863,0.693,17358,9,0
2026-07-02T16:00:00Z,1783008000,0.69301,0.69304,0.69139,0.69211,6550,9,0
2026-07-02T20:00:00Z,1783022400,0.69209,0.69229,0.69099,0.69154,2579,9,0
2026-07-03T00:00:00Z,1783036800,0.69153,0.69385,0.69104,0.6935,5804,9,0
2026-07-03T04:00:00Z,1783051200,0.6935,0.6949,0.69337,0.69445,4916,9,0
2026-07-03T08:00:00Z,1783065600,0.69446,0.69456,0.69364,0.6939,3646,9,0
2026-07-03T12:00:00Z,1783080000,0.69391,0.69398,0.69338,0.69363,3479,9,0
2026-07-03T16:00:00Z,1783094400,0.69363,0.69392,0.69347,0.69361,2119,9,0
2026-07-03T20:00:00Z,1783108800,0.69361,0.69384,0.69332,0.69377,546,9,0
2026-07-05T20:00:00Z,1783281600,0.69342,0.69417,0.69323,0.69361,1268,9,0
2026-07-06T00:00:00Z,1783296000,0.69361,0.6939,0.69215,0.6926,5341,9,0
2026-07-06T04:00:00Z,1783310400,0.6926,0.69374,0.6925,0.69367,4469,9,0
2026-07-06T08:00:00Z,1783324800,0.69367,0.6938,0.69279,0.69332,4043,9,0
2026-07-06T12:00:00Z,1783339200,0.69333,0.6944,0.69236,0.69427,6080,9,0
2026-07-06T16:00:00Z,1783353600,0.69429,0.69584,0.69424,0.69559,3065,9,0
2026-07-06T20:00:00Z,1783368000,0.69559,0.696,0.69532,0.69546,1536,9,0
2026-07-07T00:00:00Z,1783382400,0.69547,0.69595,0.69423,0.69461,4935,9,0
2026-07-07T04:00:00Z,1783396800,0.69461,0.6949,0.69346,0.69376,4516,9,0
2026-07-07T08:00:00Z,1783411200,0.69377,0.69523,0.69375,0.69481,4221,9,0
2026-07-07T12:00:00Z,1783425600,0.69482,0.69545,0.69332,0.69343,7180,9,0
2026-07-07T16:00:00Z,1783440000,0.69344,0.69424,0.69207,0.69324,4902,9,0
2026-07-07T20:00:00Z,1783454400,0.69323,0.69324,0.69178,0.69218,2396,9,0
2026-07-08T00:00:00Z,1783468800,0.69218,0.69461,0.69201,0.69401,5879,9,0
2026-07-08T04:00:00Z,1783483200,0.69401,0.69448,0.69301,0.69384,5725,9,0
2026-07-08T08:00:00Z,1783497600,0.69385,0.69389,0.69061,0.69164,11499,9,0
2026-07-08T12:00:00Z,1783512000,0.69165,0.69311,0.69066,0.69098,10288,9,0
2026-07-08T16:00:00Z,1783526400,0.691,0.69396,0.69091,0.69371,5939,9,0
2026-07-08T20:00:00Z,1783540800,0.69371,0.69373,0.69223,0.69355,2320,9,0
2026-07-09T00:00:00Z,1783555200,0.69356,0.694,0.69247,0.69338,5066,9,0
2026-07-09T04:00:00Z,1783569600,0.69338,0.69455,0.6931,0.69375,5221,9,0
2026-07-09T08:00:00Z,1783584000,0.69374,0.69399,0.69292,0.69342,4409,9,0
2026-07-09T12:00:00Z,1783598400,0.69343,0.69458,0.69308,0.69432,6463,9,0
2026-07-09T16:00:00Z,1783612800,0.69433,0.69467,0.69374,0.69389,3052,9,0
2026-07-09T20:00:00Z,1783627200,0.69387,0.69427,0.69379,0.69427,1528,9,0
2026-07-10T00:00:00Z,1783641600,0.69427,0.69693,0.69333,0.696,5716,9,0
2026-07-10T04:00:00Z,1783656000,0.69599,0.69599,0.69435,0.69451,4424,9,0
2026-07-10T08:00:00Z,1783670400,0.6945,0.69519,0.69409,0.69487,4356,9,0
2026-07-10T12:00:00Z,1783684800,0.69487,0.69588,0.69354,0.69582,8195,9,0
2026-07-10T16:00:00Z,1783699200,0.69583,0.69645,0.69504,0.69521,3795,9,0
2026-07-10T20:00:00Z,1783713600,0.6952,0.69537,0.69497,0.69528,487,9,0
2026-07-12T20:00:00Z,1783886400,0.69461,0.69477,0.69318,0.69415,1956,9,0
2026-07-13T00:00:00Z,1783900800,0.69417,0.69432,0.69238,0.69297,6107,9,0
2026-07-13T04:00:00Z,1783915200,0.69297,0.69375,0.69233,0.69367,5791,9,0
2026-07-13T08:00:00Z,1783929600,0.69368,0.69492,0.69368,0.69446,5457,9,0
2026-07-13T12:00:00Z,1783944000,0.69445,0.69476,0.69265,0.69335,8664,9,0
2026-07-13T16:00:00Z,1783958400,0.69337,0.69363,0.69144,0.69176,5456,9,0
2026-07-13T20:00:00Z,1783972800,0.69175,0.69201,0.69128,0.69191,1846,9,0
2026-07-14T00:00:00Z,1783987200,0.69192,0.69323,0.69125,0.69298,6962,9,0
2026-07-14T04:00:00Z,1784001600,0.69298,0.69424,0.69272,0.69403,5285,9,0
2026-07-14T08:00:00Z,1784016000,0.69404,0.69532,0.69366,0.69443,5818,9,0
2026-07-14T12:00:00Z,1784030400,0.69443,0.69924,0.69406,0.69726,15354,9,0
2026-07-14T16:00:00Z,1784044800,0.69728,0.69788,0.69683,0.6972,4903,9,0
2026-07-14T20:00:00Z,1784059200,0.69719,0.6977,0.69681,0.69758,1885,9,0
2026-07-15T00:00:00Z,1784073600,0.69759,0.69923,0.69753,0.69868,5009,9,0
2026-07-15T04:00:00Z,1784088000,0.69869,0.69903,0.69771,0.69861,4471,9,0
2026-07-15T08:00:00Z,1784102400,0.69862,0.69903,0.69795,0.69848,5001,9,0
2026-07-15T12:00:00Z,1784116800,0.6985,0.70024,0.69821,0.69975,8241,9,0
2026-07-15T16:00:00Z,1784131200,0.69975,0.70207,0.69886,0.70068,6029,9,0
2026-07-15T20:00:00Z,1784145600,0.70067,0.701,0.70034,0.70073,1821,9,0
2026-07-16T00:00:00Z,1784160000,0.70073,0.70106,0.69858,0.70002,4895,9,0
2026-07-16T04:00:00Z,1784174400,0.70004,0.70029,0.69937,0.69971,4669,9,0
2026-07-16T08:00:00Z,1784188800,0.69972,0.70072,0.69935,0.7007,4790,9,0
2026-07-16T12:00:00Z,1784203200,0.70069,0.70121,0.69961,0.70011,8162,9,0
2026-07-16T16:00:00Z,1784217600,0.70013,0.70017,0.69896,0.69954,4292,9,0
2026-07-16T20:00:00Z,1784232000,0.69952,0.7,0.69924,0.69997,1499,9,0
2026-07-17T00:00:00Z,1784246400,0.69996,0.70006,0.69774,0.69822,5223,9,0
2026-07-17T04:00:00Z,1784260800,0.69823,0.699,0.6976,0.69834,5697,9,0
2026-07-17T08:00:00Z,1784275200,0.69835,0.69873,0.69657,0.69741,6024,9,0
2026-07-17T12:00:00Z,1784289600,0.6974,0.69851,0.69659,0.69833,7742,9,0
2026-07-17T16:00:00Z,1784304000,0.69833,0.69869,0.69782,0.69841,4466,9,0
2026-07-17T20:00:00Z,1784318400,0.69843,0.69843,0.69792,0.69807,465,9,0
2026-07-19T20:00:00Z,1784491200,0.69632,0.69783,0.69603,0.69782,2056,9,0
2026-07-20T00:00:00Z,1784505600,0.69782,0.69948,0.69744,0.69932,5488,9,0
2026-07-20T04:00:00Z,1784520000,0.69932,0.70043,0.69855,0.69998,4662,9,0
2026-07-20T08:00:00Z,1784534400,0.69998,0.70143,0.69955,0.7009,4732,9,0
2026-07-20T12:00:00Z,1784548800,0.70089,0.7014,0.69975,0.70025,7242,9,0
2026-07-20T16:00:00Z,1784563200,0.70026,0.70077,0.69979,0.69996,4392,9,0
2026-07-20T20:00:00Z,1784577600,0.69997,0.70006,0.69919,0.70001,2013,9,0
2026-07-21T00:00:00Z,1784592000,0.69999,0.70091,0.69964,0.70036,4936,9,0
2026-07-21T04:00:00Z,1784606400,0.70036,0.70222,0.70033,0.70186,4001,9,0
2026-07-21T08:00:00Z,1784620800,0.70187,0.70262,0.70145,0.70175,4364,9,0
2026-07-21T12:00:00Z,1784635200,0.70177,0.70188,0.70023,0.70068,6799,9,0
2026-07-21T16:00:00Z,1784649600,0.70068,0.70078,0.70002,0.70028,2692,9,0
2026-07-21T20:00:00Z,1784664000,0.70029,0.70031,0.69959,0.70001,1491,9,0
2026-07-22T00:00:00Z,1784678400,0.70001,0.7012,0.69979,0.69987,4731,9,0
2026-07-22T04:00:00Z,1784692800,0.69987,0.70044,0.69895,0.69958,4653,9,0
2026-07-22T08:00:00Z,1784707200,0.6996,0.69988,0.69885,0.6994,4819,9,0
2026-07-22T12:00:00Z,1784721600,0.69941,0.69999,0.69799,0.69999,6708,9,0
2026-07-22T16:00:00Z,1784736000,0.69999,0.70003,0.69905,0.69949,2979,9,0
2026-07-22T20:00:00Z,1784750400,0.69949,0.69977,0.69859,0.69888,2226,9,0
2026-07-23T00:00:00Z,1784764800,0.69888,0.70202,0.69878,0.7018,5799,9,0
2026-07-23T04:00:00Z,1784779200,0.7018,0.70207,0.6997,0.7003,4870,9,0
2026-07-23T08:00:00Z,1784793600,0.70031,0.70056,0.69838,0.69928,5452,9,0
2026-07-23T12:00:00Z,1784808000,0.69928,0.69935,0.69644,0.69739,10354,9,0
2026-07-23T16:00:00Z,1784822400,0.6974,0.6978,0.69618,0.69658,4651,9,0
2026-07-23T20:00:00Z,1784836800,0.69659,0.69695,0.69642,0.69667,1787,9,0
2026-07-24T00:00:00Z,1784851200,0.69666,0.69803,0.69657,0.69742,4923,9,0
2026-07-24T04:00:00Z,1784865600,0.69742,0.69891,0.69708,0.69838,4515,9,0
2026-07-24T08:00:00Z,1784880000,0.69839,0.69949,0.69822,0.6988,4184,9,0
2026-07-24T12:00:00Z,1784894400,0.69881,0.70006,0.69724,0.69947,7395,9,0
2026-07-24T16:00:00Z,1784908800,0.69948,0.69957,0.69789,0.69801,4032,9,0
2026-07-24T20:00:00Z,1784923200,0.698,0.69824,0.69783,0.69822,623,9,0
2026-07-26T20:00:00Z,1785096000,0.69981,0.70059,0.69884,0.69938,2088,9,0
2026-07-27T00:00:00Z,1785110400,0.69938,0.70052,0.69924,0.69978,5695,9,0
2026-07-27T04:00:00Z,1785124800,0.6998,0.70108,0.69939,0.7,4544,9,0
2026-07-27T08:00:00Z,1785139200,0.69999,0.70052,0.69967,0.69973,4393,9,0
2026-07-27T12:00:00Z,1785153600,0.69974,0.70008,0.69851,0.69918,6946,9,0
2026-07-27T16:00:00Z,1785168000,0.69919,0.69992,0.69855,0.6992,4385,9,0
2026-07-27T20:00:00Z,1785182400,0.6992,0.69924,0.69844,0.69863,1382,9,0
2026-07-28T00:00:00Z,1785196800,0.69864,0.69961,0.69799,0.69806,6029,9,0
2026-07-28T04:00:00Z,1785211200,0.69805,0.69805,0.69627,0.69686,5212,9,0
2026-07-28T08:00:00Z,1785225600,0.69687,0.69745,0.69622,0.69649,4600,9,0
2026-07-28T12:00:00Z,1785240000,0.6965,0.69826,0.6963,0.69826,7069,9,0
2026-07-28T16:00:00Z,1785254400,0.69828,0.69859,0.69735,0.69742,3724,9,0
2026-07-28T20:00:00Z,1785268800,0.69741,0.69773,0.69697,0.69741,2060,9,0
2026-07-29T00:00:00Z,1785283200,0.69741,0.69758,0.69372,0.69465,7544,9,0
2026-07-29T04:00:00Z,1785297600,0.69465,0.69589,0.69422,0.69474,4995,9,0
2026-07-29T08:00:00Z,1785312000,0.69475,0.69478,0.69389,0.6943,4016,9,0
2026-07-29T12:00:00Z,1785326400,0.6943,0.6951,0.69228,0.69291,7019,9,0
2026-07-29T16:00:00Z,1785340800,0.69292,0.69881,0.6922,0.69476,17477,9,0
2026-07-29T20:00:00Z,1785355200,0.69477,0.69639,0.69449,0.69585,4137,9,0
2026-07-30T00:00:00Z,1785369600,0.69586,0.69651,0.69494,0.69505,6442,9,0
2026-07-30T04:00:00Z,1785384000,0.69506,0.6962,0.69459,0.695,5971,9,0
2026-07-30T08:00:00Z,1785398400,0.69499,0.69831,0.69497,0.69819,6534,9,0
2026-07-30T12:00:00Z,1785412800,0.69819,0.70237,0.6973,0.70204,14141,9,0
2026-07-30T16:00:00Z,1785427200,0.70205,0.70326,0.70205,0.70311,5654,9,0
2026-07-30T20:00:00Z,1785441600,0.70313,0.70327,0.70194,0.70243,2397,9,0
2026-07-31T00:00:00Z,1785456000,0.70244,0.70325,0.70194,0.7025,5488,9,0
2026-07-31T04:00:00Z,1785470400,0.70249,0.70379,0.70248,0.70303,4885,9,0
2026-07-31T08:00:00Z,1785484800,0.70305,0.70441,0.70185,0.70185,6242,9,0
2026-07-31T12:00:00Z,1785499200,0.70187,0.70268,0.69911,0.70236,11048,9,0
2026-07-31T16:00:00Z,1785513600,0.70237,0.70416,0.70215,0.70352,5537,9,0
2026-07-31T20:00:00Z,1785528000,0.70353,0.70419,0.70302,0.70308,1918,9,0
2026-08-02T20:00:00Z,1785700800,0.70411,0.70494,0.70336,0.70449,2467,9,0
2026-08-03T00:00:00Z,1785715200,0.7045,0.70497,0.70272,0.70288,6494,9,0
2026-08-03T04:00:00Z,1785729600,0.70288,0.7037,0.70155,0.70172,4242,9,0
2026-08-03T08:00:00Z,1785744000,0.70173,0.70173,0.69977,0.70079,4251,9,0
2026-08-03T12:00:00Z,1785758400,0.70079,0.70086,0.69837,0.69992,6982,9,0
2026-08-03T16:00:00Z,1785772800,0.69992,0.70009,0.69911,0.69994,3180,9,0
2026-08-03T20:00:00Z,1785787200,0.69994,0.70003,0.6996,0.69967,1565,9,0
2026-08-04T00:00:00Z,1785801600,0.69967,0.7023,0.69965,0.70182,5075,9,0
2026-08-04T04:00:00Z,1785816000,0.70182,0.70226,0.70114,0.70172,4377,9,0
2026-08-04T08:00:00Z,1785830400,0.70171,0.7037,0.70171,0.7032,5074,9,0
2026-08-04T12:00:00Z,1785844800,0.7032,0.70415,0.70283,0.70363,6722,9,0
2026-08-04T16:00:00Z,1785859200,0.70364,0.70482,0.70343,0.70454,3342,9,0
2026-08-04T20:00:00Z,1785873600,0.70455,0.70489,0.7039,0.70459,1991,9,0
2026-08-05T00:00:00Z,1785888000,0.7046,0.70527,0.70393,0.70483,4901,9,0
2026-08-05T04:00:00Z,1785902400,0.70483,0.70556,0.70397,0.70468,4535,9,0
2026-08-05T08:00:00Z,1785916800,0.70468,0.70505,0.70398,0.70489,3985,9,0
2026-08-05T12:00:00Z,1785931200,0.70489,0.70641,0.70443,0.70495,7478,9,0
2026-08-05T16:00:00Z,1785945600,0.70495,0.70625,0.70483,0.70548,3514,9,0
2026-08-05T20:00:00Z,1785960000,0.70547,0.70587,0.70506,0.70567,1860,9,0
2026-08-06T00:00:00Z,1785974400,0.70567,0.70598,0.70451,0.70471,4615,9,0
2026-08-06T04:00:00Z,1785988800,0.70471,0.70484,0.70359,0.70375,3762,9,0
2026-08-06T08:00:00Z,1786003200,0.70374,0.70439,0.70358,0.70426,3895,9,0
2026-08-06T12:00:00Z,1786017600,0.70426,0.70441,0.70263,0.70271,6425,9,0
2026-08-06T16:00:00Z,1786032000,0.70271,0.70352,0.70225,0.70329,3867,9,0
2026-08-06T20:00:00Z,1786046400,0.70329,0.70336,0.7025,0.70328,1551,9,0
2026-08-07T00:00:00Z,1786060800,0.70328,0.70333,0.70221,0.70246,3728,9,0
2026-08-07T04:00:00Z,1786075200,0.70246,0.7036,0.70238,0.7035,3054,9,0
2026-08-07T08:00:00Z,1786089600,0.7035,0.70418,0.70328,0.704,3385,9,0
2026-08-07T12:00:00Z,1786104000,0.704,0.70773,0.70364,0.70624,10056,9,0
2026-08-07T16:00:00Z,1786118400,0.70624,0.70744,0.70619,0.70693,3769,9,0
2026-08-07T20:00:00Z,1786132800,0.70693,0.70699,0.70638,0.70668,510,9,0
2026-08-09T20:00:00Z,1786305600,0.70618,0.70678,0.70547,0.70616,1315,9,0
2026-08-10T00:00:00Z,1786320000,0.70617,0.70697,0.70569,0.70583,4035,9,0
2026-08-10T04:00:00Z,1786334400,0.70583,0.70713,0.70563,0.70701,3517,9,0
2026-08-10T08:00:00Z,1786348800,0.70701,0.70736,0.7061,0.7063,3400,9,0
2026-08-10T12:00:00Z,1786363200,0.70628,0.70662,0.7053,0.70648,5343,9,0
2026-08-10T16:00:00Z,1786377600,0.70648,0.70657,0.70536,0.70542,3034,9,0
2026-08-10T20:00:00Z,1786392000,0.70542,0.70571,0.70513,0.70548,2013,9,0
2026-08-11T00:00:00Z,1786406400,0.70549,0.7062,0.70508,0.70572,3779,9,0
2026-08-11T04:00:00Z,1786420800,0.70573,0.70609,0.70389,0.7047,6061,9,0
2026-08-11T08:00:00Z,1786435200,0.70471,0.70683,0.70466,0.70603,4333,9,0
2026-08-11T12:00:00Z,1786449600,0.70604,0.70689,0.70558,0.70607,5424,9,0
2026-08-11T16:00:00Z,1786464000,0.70609,0.70623,0.70536,0.70606,2730,9,0
2026-08-11T20:00:00Z,1786478400,0.70606,0.7064,0.70566,0.70633,1494,9,0
2026-08-12T00:00:00Z,1786492800,0.70633,0.70683,0.70539,0.70565,3064,9,0
2026-08-12T04:00:00Z,1786507200,0.70565,0.70618,0.70537,0.70573,2770,9,0
2026-08-12T08:00:00Z,1786521600,0.70572,0.70712,0.70559,0.70701,4058,9,0
2026-08-12T12:00:00Z,1786536000,0.707,0.70907,0.70596,0.70691,9940,9,0
2026-08-12T16:00:00Z,1786550400,0.70691,0.70708,0.70596,0.70631,3153,9,0
2026-08-12T20:00:00Z,1786564800,0.70631,0.70634,0.70574,0.70632,1408,9,0
2026-08-13T00:00:00Z,1786579200,0.70632,0.70663,0.70466,0.70476,3838,9,0
2026-08-13T04:00:00Z,1786593600,0.70476,0.70516,0.70435,0.70484,3771,9,0
2026-08-13T08:00:00Z,1786608000,0.70485,0.70576,0.70458,0.70523,3161,9,0
2026-08-13T12:00:00Z,1786622400,0.70523,0.7067,0.70466,0.70565,7590,9,0
2026-08-13T16:00:00Z,1786636800,0.70566,0.70611,0.7053,0.70595,3162,9,0
2026-08-13T20:00:00Z,1786651200,0.70595,0.70636,0.70527,0.70631,1566,9,0
2026-08-14T00:00:00Z,1786665600,0.70631,0.7066,0.70551,0.70606,3611,9,0
2026-08-14T04:00:00Z,1786680000,0.70606,0.70727,0.70601,0.70716,3009,9,0
2026-08-14T08:00:00Z,1786694400,0.70716,0.70833,0.70688,0.70805,3099,9,0
2026-08-14T12:00:00Z,1786708800,0.70805,0.70953,0.7077,0.70894,6471,9,0
2026-08-14T16:00:00Z,1786723200,0.70896,0.70913,0.70787,0.70839,2678,9,0
2026-08-14T20:00:00Z,1786737600,0.70839,0.70843,0.70818,0.70839,441,9,0
2026-08-16T20:00:00Z,1786910400,0.70798,0.70887,0.70774,0.70845,1035,9,0
2026-08-17T00:00:00Z,1786924800,0.70845,0.71001,0.70845,0.70998,3833,9,0
2026-08-17T04:00:00Z,1786939200,0.70999,0.7124,0.70992,0.71198,4580,9,0
2026-08-17T08:00:00Z,1786953600,0.712,0.71291,0.71156,0.71246,4077,9,0
2026-08-17T12:00:00Z,1786968000,0.71246,0.71261,0.7107,0.71119,6180,9,0
2026-08-17T16:00:00Z,1786982400,0.7112,0.71146,0.71006,0.71042,3153,9,0
2026-08-17T20:00:00Z,1786996800,0.71042,0.71082,0.71021,0.71081,1304,9,0
2026-08-18T00:00:00Z,1787011200,0.71081,0.71131,0.71012,0.71021,3521,9,0
2026-08-18T04:00:00Z,1787025600,0.71022,0.71043,0.70949,0.71019,3721,9,0
2026-08-18T08:00:00Z,1787040000,0.71019,0.71102,0.70987,0.71101,3258,9,0
2026-08-18T12:00:00Z,1787054400,0.711,0.71192,0.70939,0.70954,6712,9,0
2026-08-18T16:00:00Z,1787068800,0.70954,0.70977,0.70825,0.70835,3532,9,0
2026-08-18T20:00:00Z,1787083200,0.70836,0.70856,0.70792,0.70809,1778,9,0
2026-08-19T00:00:00Z,1787097600,0.7081,0.70854,0.70689,0.70722,5181,9,0
2026-08-19T04:00:00Z,1787112000,0.70723,0.70775,0.70666,0.70705,4731,9,0
2026-08-19T08:00:00Z,1787126400,0.70704,0.70819,0.7069,0.70737,4488,9,0
2026-08-19T12:00:00Z,1787140800,0.70739,0.71286,0.70728,0.71214,12480,9,0
2026-08-19T16:00:00Z,1787155200,0.71215,0.71269,0.71117,0.71235,5920,9,0
2026-08-19T20:00:00Z,1787169600,0.71236,0.71281,0.71202,0.71223,2165,9,0
2026-08-20T00:00:00Z,1787184000,0.71223,0.71262,0.71023,0.71189,6629,9,0
2026-08-20T04:00:00Z,1787198400,0.7119,0.71248,0.71115,0.71231,4665,9,0
