2026-07-18 13:45:55 | INFO | [email skipped — SMTP not configured] [DRY RUN] Strategy97 LONG EURUSD @ 1.08540
2026-07-18 13:45:55 | INFO | [email skipped — SMTP not configured] Strategy98 SHORT XAUUSD @ 3400.50000
18th July 2026 14:41:10 IST | ERROR | MT5 initialize failed: (-6, 'Terminal: Authorization failed')
18th July 2026 14:41:10 IST | ERROR | Could not connect to MT5 — aborting.
12th August 2026 18:44:18 IST | INFO | S146 SIGNAL GBPCAD LONG aggressive_liquidation | trigger=1.86420 stop=1.86110 target=1.87011 rr=1.9
12th August 2026 18:44:18 IST | INFO | GBPCAD: market order placed #555 0.24 lots @ 1.23450 | sl/tp attached=False
12th August 2026 18:44:18 IST | INFO | S146 SIGNAL GBPCAD LONG aggressive_liquidation | trigger=1.86420 stop=1.86110 target=1.87011 rr=1.9
12th August 2026 18:44:18 IST | INFO | GBPCAD: stop order placed #556 0.24 lots @ 1.86420 | sl/tp attached=False
12th August 2026 18:46:49 IST | ERROR | MT5 initialize failed: (-6, 'Terminal: Authorization failed')
12th August 2026 18:46:49 IST | ERROR | Could not connect to MT5 — aborting.
12th August 2026 18:53:27 IST | INFO | MT5 connected | Exness-MT5Trial15 | DEMO | balance=10000.0 INR | leverage 1:2000
12th August 2026 18:53:27 IST | INFO | liveTrade s146 started | Strategy 146 live engine started | ---------------------------------------- | Account   : 474381718 DEMO INR bal=10000.0 | Symbols   : EURUSD, GBPUSD, USDJPY, USDCHF, AUDUSD, NZDUSD, USDCAD, EURGBP, EURJPY, EURCHF, EURAUD, EURCAD, EURNZD, GBPJPY, GBPCHF, GBPAUD, GBPCAD, GBPNZD, AUDJPY, AUDNZD, AUDCAD, AUDCHF, NZDJPY, NZDCAD, NZDCHF, CADJPY, CADCHF, CHFJPY, XAUUSD | DRY_RUN   : True | Demo only : True (orders blocked: False) | Sizing    : margin Rs1000 @ 1:2000 | max_concurrent=5 | Entry mode: market (SL/TP attached: False) | R:R band  : 1.5 - 20.0 | Hold limit: 864 5m bars | New-15m   : True (engine start 12th August 2026 18:53:27 IST) | Journals  : {'4h': 'D:\\WorkZera\\Projects\\strategies\\yt_learning\\liveTrade\\logs\\s146_4h_events.log', '15m': 'D:\\WorkZera\\Projects\\strategies\\yt_learning\\liveTrade\\logs\\s146_15m_events.log', '5m': 'D:\\WorkZera\\Projects\\strategies\\yt_learning\\liveTrade\\logs\\s146_5m_events.log', 'trade': 'D:\\WorkZera\\Projects\\strategies\\yt_learning\\liveTrade\\logs\\s146_trades.log'} | 
12th August 2026 18:53:27 IST | INFO | [email skipped — SMTP not configured] Strategy146 liveTrade STARTED
12th August 2026 18:57:31 IST | INFO | 5m cycle @ 12th August 2026 18:50:00 IST | scanned 29/29 symbols in 243.7s
12th August 2026 18:57:31 IST | WARNING | 5m scan took longer than the 5m candle it runs on. Reduce SYMBOLS or S146_FETCH_*_BARS so signals are not detected late.
12th August 2026 18:57:48 IST | INFO | 5m cycle @ 12th August 2026 18:55:00 IST | scanned 29/29 symbols in 1.8s
12th August 2026 18:58:24 IST | INFO | Stopped by user.
12th August 2026 18:58:28 IST | ERROR | MT5 initialize failed: (-10003, "IPC initialize failed, Process create failed '# optional: full path to terminal64.exe'")
12th August 2026 18:58:28 IST | ERROR | Could not connect to MT5 — aborting.
12th August 2026 18:58:44 IST | ERROR | MT5 initialize failed: (-10003, "IPC initialize failed, Process create failed '# optional: full path to terminal64.exe'")
12th August 2026 18:58:44 IST | ERROR | Could not connect to MT5 — aborting.
12th August 2026 18:59:25 IST | INFO | === liveTrade config / connectivity check ===
12th August 2026 18:59:25 IST | INFO | Strategy          : s146
12th August 2026 18:59:25 IST | INFO | Symbols           : ['EURUSD', 'GBPUSD', 'USDJPY', 'USDCHF', 'AUDUSD', 'NZDUSD', 'USDCAD', 'EURGBP', 'EURJPY', 'EURCHF', 'EURAUD', 'EURCAD', 'EURNZD', 'GBPJPY', 'GBPCHF', 'GBPAUD', 'GBPCAD', 'GBPNZD', 'AUDJPY', 'AUDNZD', 'AUDCAD', 'AUDCHF', 'NZDJPY', 'NZDCAD', 'NZDCHF', 'CADJPY', 'CADCHF', 'CHFJPY', 'XAUUSD']
12th August 2026 18:59:25 IST | INFO | DRY_RUN           : True
12th August 2026 18:59:25 IST | INFO | Lot sizing        : FIXED 0.01 (max_lot cap 50.0)
12th August 2026 18:59:25 IST | INFO | Guards            : one_per_pair=True max_concurrent=8 max_daily_loss=Rs10000
12th August 2026 18:59:25 IST | INFO | Email configured  : True
12th August 2026 18:59:25 IST | INFO | MT5 connected | Exness-MT5Trial15 | DEMO | balance=10000.0 INR | leverage 1:2000
12th August 2026 18:59:25 IST | INFO | S146 params       : MIN_RR=1.5 MAX_RR=20.0 entry_mode=market hold=864 bars require_new_15m=True demo_only=True
12th August 2026 18:59:25 IST | INFO | S146 account mode : DEMO
12th August 2026 18:59:25 IST | INFO | S146 journals     : logs/s146_4h_events.log, logs/s146_15m_events.log, logs/s146_5m_events.log, logs/s146_trades.log
12th August 2026 18:59:25 IST | INFO |   EURUSD   -> EURUSDm      last_closed_5m=2026-08-12 13:20:00+00:00 lots=0.01
12th August 2026 18:59:25 IST | INFO |   GBPUSD   -> GBPUSDm      last_closed_5m=2026-08-12 13:20:00+00:00 lots=0.01
12th August 2026 18:59:25 IST | INFO |   USDJPY   -> USDJPYm      last_closed_5m=2026-08-12 13:20:00+00:00 lots=0.01
12th August 2026 18:59:25 IST | INFO |   USDCHF   -> USDCHFm      last_closed_5m=2026-08-12 13:20:00+00:00 lots=0.01
12th August 2026 18:59:25 IST | INFO |   AUDUSD   -> AUDUSDm      last_closed_5m=2026-08-12 13:20:00+00:00 lots=0.01
12th August 2026 18:59:25 IST | INFO |   NZDUSD   -> NZDUSDm      last_closed_5m=2026-08-12 13:20:00+00:00 lots=0.01
12th August 2026 18:59:25 IST | INFO |   USDCAD   -> USDCADm      last_closed_5m=2026-08-12 13:20:00+00:00 lots=0.01
12th August 2026 18:59:25 IST | INFO |   EURGBP   -> EURGBPm      last_closed_5m=2026-08-12 13:20:00+00:00 lots=0.01
12th August 2026 18:59:25 IST | INFO |   EURJPY   -> EURJPYm      last_closed_5m=2026-08-12 13:20:00+00:00 lots=0.01
12th August 2026 18:59:25 IST | INFO |   EURCHF   -> EURCHFm      last_closed_5m=2026-08-12 13:20:00+00:00 lots=0.01
12th August 2026 18:59:25 IST | INFO |   EURAUD   -> EURAUDm      last_closed_5m=2026-08-12 13:20:00+00:00 lots=0.01
12th August 2026 18:59:25 IST | INFO |   EURCAD   -> EURCADm      last_closed_5m=2026-08-12 13:20:00+00:00 lots=0.01
12th August 2026 18:59:25 IST | INFO |   EURNZD   -> EURNZDm      last_closed_5m=2026-08-12 13:20:00+00:00 lots=0.01
12th August 2026 18:59:25 IST | INFO |   GBPJPY   -> GBPJPYm      last_closed_5m=2026-08-12 13:20:00+00:00 lots=0.01
12th August 2026 18:59:25 IST | INFO |   GBPCHF   -> GBPCHFm      last_closed_5m=2026-08-12 13:20:00+00:00 lots=0.01
12th August 2026 18:59:25 IST | INFO |   GBPAUD   -> GBPAUDm      last_closed_5m=2026-08-12 13:20:00+00:00 lots=0.01
12th August 2026 18:59:25 IST | INFO |   GBPCAD   -> GBPCADm      last_closed_5m=2026-08-12 13:20:00+00:00 lots=0.01
12th August 2026 18:59:25 IST | INFO |   GBPNZD   -> GBPNZDm      last_closed_5m=2026-08-12 13:20:00+00:00 lots=0.01
12th August 2026 18:59:25 IST | INFO |   AUDJPY   -> AUDJPYm      last_closed_5m=2026-08-12 13:20:00+00:00 lots=0.01
12th August 2026 18:59:25 IST | INFO |   AUDNZD   -> AUDNZDm      last_closed_5m=2026-08-12 13:20:00+00:00 lots=0.01
12th August 2026 18:59:25 IST | INFO |   AUDCAD   -> AUDCADm      last_closed_5m=2026-08-12 13:20:00+00:00 lots=0.01
12th August 2026 18:59:25 IST | INFO |   AUDCHF   -> AUDCHFm      last_closed_5m=2026-08-12 13:20:00+00:00 lots=0.01
12th August 2026 18:59:25 IST | INFO |   NZDJPY   -> NZDJPYm      last_closed_5m=2026-08-12 13:20:00+00:00 lots=0.01
12th August 2026 18:59:25 IST | INFO |   NZDCAD   -> NZDCADm      last_closed_5m=2026-08-12 13:20:00+00:00 lots=0.01
12th August 2026 18:59:25 IST | INFO |   NZDCHF   -> NZDCHFm      last_closed_5m=2026-08-12 13:20:00+00:00 lots=0.01
12th August 2026 18:59:25 IST | INFO |   CADJPY   -> CADJPYm      last_closed_5m=2026-08-12 13:20:00+00:00 lots=0.01
12th August 2026 18:59:25 IST | INFO |   CADCHF   -> CADCHFm      last_closed_5m=2026-08-12 13:20:00+00:00 lots=0.01
12th August 2026 18:59:25 IST | INFO |   CHFJPY   -> CHFJPYm      last_closed_5m=2026-08-12 13:20:00+00:00 lots=0.01
12th August 2026 18:59:25 IST | INFO |   XAUUSD   -> XAUUSDm      last_closed_5m=2026-08-12 13:20:00+00:00 lots=0.01
12th August 2026 18:59:25 IST | INFO | Check complete.
12th August 2026 18:59:51 IST | INFO | === liveTrade config / connectivity check ===
12th August 2026 18:59:51 IST | INFO | Strategy          : s146
12th August 2026 18:59:51 IST | INFO | Symbols           : ['EURUSD', 'GBPUSD', 'USDJPY', 'USDCHF', 'AUDUSD', 'NZDUSD', 'USDCAD', 'EURGBP', 'EURJPY', 'EURCHF', 'EURAUD', 'EURCAD', 'EURNZD', 'GBPJPY', 'GBPCHF', 'GBPAUD', 'GBPCAD', 'GBPNZD', 'AUDJPY', 'AUDNZD', 'AUDCAD', 'AUDCHF', 'NZDJPY', 'NZDCAD', 'NZDCHF', 'CADJPY', 'CADCHF', 'CHFJPY', 'XAUUSD']
12th August 2026 18:59:51 IST | INFO | DRY_RUN           : True
12th August 2026 18:59:51 IST | INFO | Lot sizing        : FIXED 0.01 (max_lot cap 50.0)
12th August 2026 18:59:51 IST | INFO | Guards            : one_per_pair=True max_concurrent=8 max_daily_loss=Rs10000
12th August 2026 18:59:51 IST | INFO | Email configured  : True
12th August 2026 18:59:51 IST | INFO | MT5 connected | Exness-MT5Trial15 | DEMO | balance=10000.0 INR | leverage 1:2000
12th August 2026 18:59:51 IST | INFO | S146 params       : MIN_RR=1.5 MAX_RR=20.0 entry_mode=market hold=864 bars require_new_15m=True demo_only=True
12th August 2026 18:59:51 IST | INFO | S146 account mode : DEMO
12th August 2026 18:59:51 IST | INFO | S146 journals     : logs/s146_4h_events.log, logs/s146_15m_events.log, logs/s146_5m_events.log, logs/s146_trades.log
12th August 2026 18:59:51 IST | INFO |   EURUSD   -> EURUSDm      last_closed_5m=2026-08-12 13:20:00+00:00 lots=0.01
12th August 2026 18:59:51 IST | INFO |   GBPUSD   -> GBPUSDm      last_closed_5m=2026-08-12 13:20:00+00:00 lots=0.01
12th August 2026 18:59:51 IST | INFO |   USDJPY   -> USDJPYm      last_closed_5m=2026-08-12 13:20:00+00:00 lots=0.01
12th August 2026 18:59:51 IST | INFO |   USDCHF   -> USDCHFm      last_closed_5m=2026-08-12 13:20:00+00:00 lots=0.01
12th August 2026 18:59:51 IST | INFO |   AUDUSD   -> AUDUSDm      last_closed_5m=2026-08-12 13:20:00+00:00 lots=0.01
12th August 2026 18:59:51 IST | INFO |   NZDUSD   -> NZDUSDm      last_closed_5m=2026-08-12 13:20:00+00:00 lots=0.01
12th August 2026 18:59:51 IST | INFO |   USDCAD   -> USDCADm      last_closed_5m=2026-08-12 13:20:00+00:00 lots=0.01
12th August 2026 18:59:51 IST | INFO |   EURGBP   -> EURGBPm      last_closed_5m=2026-08-12 13:20:00+00:00 lots=0.01
12th August 2026 18:59:51 IST | INFO |   EURJPY   -> EURJPYm      last_closed_5m=2026-08-12 13:20:00+00:00 lots=0.01
12th August 2026 18:59:51 IST | INFO |   EURCHF   -> EURCHFm      last_closed_5m=2026-08-12 13:20:00+00:00 lots=0.01
12th August 2026 18:59:51 IST | INFO |   EURAUD   -> EURAUDm      last_closed_5m=2026-08-12 13:20:00+00:00 lots=0.01
12th August 2026 18:59:51 IST | INFO |   EURCAD   -> EURCADm      last_closed_5m=2026-08-12 13:20:00+00:00 lots=0.01
12th August 2026 18:59:51 IST | INFO |   EURNZD   -> EURNZDm      last_closed_5m=2026-08-12 13:20:00+00:00 lots=0.01
12th August 2026 18:59:51 IST | INFO |   GBPJPY   -> GBPJPYm      last_closed_5m=2026-08-12 13:20:00+00:00 lots=0.01
12th August 2026 18:59:51 IST | INFO |   GBPCHF   -> GBPCHFm      last_closed_5m=2026-08-12 13:20:00+00:00 lots=0.01
12th August 2026 18:59:51 IST | INFO |   GBPAUD   -> GBPAUDm      last_closed_5m=2026-08-12 13:20:00+00:00 lots=0.01
12th August 2026 18:59:51 IST | INFO |   GBPCAD   -> GBPCADm      last_closed_5m=2026-08-12 13:20:00+00:00 lots=0.01
12th August 2026 18:59:51 IST | INFO |   GBPNZD   -> GBPNZDm      last_closed_5m=2026-08-12 13:20:00+00:00 lots=0.01
12th August 2026 18:59:51 IST | INFO |   AUDJPY   -> AUDJPYm      last_closed_5m=2026-08-12 13:20:00+00:00 lots=0.01
12th August 2026 18:59:51 IST | INFO |   AUDNZD   -> AUDNZDm      last_closed_5m=2026-08-12 13:20:00+00:00 lots=0.01
12th August 2026 18:59:51 IST | INFO |   AUDCAD   -> AUDCADm      last_closed_5m=2026-08-12 13:20:00+00:00 lots=0.01
12th August 2026 18:59:51 IST | INFO |   AUDCHF   -> AUDCHFm      last_closed_5m=2026-08-12 13:20:00+00:00 lots=0.01
12th August 2026 18:59:51 IST | INFO |   NZDJPY   -> NZDJPYm      last_closed_5m=2026-08-12 13:20:00+00:00 lots=0.01
12th August 2026 18:59:51 IST | INFO |   NZDCAD   -> NZDCADm      last_closed_5m=2026-08-12 13:20:00+00:00 lots=0.01
12th August 2026 18:59:51 IST | INFO |   NZDCHF   -> NZDCHFm      last_closed_5m=2026-08-12 13:20:00+00:00 lots=0.01
12th August 2026 18:59:51 IST | INFO |   CADJPY   -> CADJPYm      last_closed_5m=2026-08-12 13:20:00+00:00 lots=0.01
12th August 2026 18:59:51 IST | INFO |   CADCHF   -> CADCHFm      last_closed_5m=2026-08-12 13:20:00+00:00 lots=0.01
12th August 2026 18:59:51 IST | INFO |   CHFJPY   -> CHFJPYm      last_closed_5m=2026-08-12 13:20:00+00:00 lots=0.01
12th August 2026 18:59:51 IST | INFO |   XAUUSD   -> XAUUSDm      last_closed_5m=2026-08-12 13:20:00+00:00 lots=0.01
12th August 2026 18:59:51 IST | INFO | Check complete.
12th August 2026 18:59:57 IST | INFO | MT5 connected | Exness-MT5Trial15 | DEMO | balance=10000.0 INR | leverage 1:2000
12th August 2026 18:59:57 IST | INFO | liveTrade s146 started | Strategy 146 live engine started | ---------------------------------------- | Account   : 474381718 DEMO INR bal=10000.0 | Symbols   : EURUSD, GBPUSD, USDJPY, USDCHF, AUDUSD, NZDUSD, USDCAD, EURGBP, EURJPY, EURCHF, EURAUD, EURCAD, EURNZD, GBPJPY, GBPCHF, GBPAUD, GBPCAD, GBPNZD, AUDJPY, AUDNZD, AUDCAD, AUDCHF, NZDJPY, NZDCAD, NZDCHF, CADJPY, CADCHF, CHFJPY, XAUUSD | DRY_RUN   : True | Demo only : True (orders blocked: False) | Sizing    : fixed 0.01 | max_concurrent=8 | Entry mode: market (SL/TP attached: False) | R:R band  : 1.5 - 20.0 | Hold limit: 864 5m bars | New-15m   : True (engine start 12th August 2026 18:59:57 IST) | Journals  : {'4h': 'D:\\WorkZera\\Projects\\strategies\\yt_learning\\liveTrade\\logs\\s146_4h_events.log', '15m': 'D:\\WorkZera\\Projects\\strategies\\yt_learning\\liveTrade\\logs\\s146_15m_events.log', '5m': 'D:\\WorkZera\\Projects\\strategies\\yt_learning\\liveTrade\\logs\\s146_5m_events.log', 'trade': 'D:\\WorkZera\\Projects\\strategies\\yt_learning\\liveTrade\\logs\\s146_trades.log'} | 
12th August 2026 18:59:57 IST | ERROR | Email failed (Strategy146 liveTrade STARTED): [SSL: WRONG_VERSION_NUMBER] wrong version number (_ssl.c:1000)
12th August 2026 18:59:59 IST | INFO | 5m cycle @ 12th August 2026 18:55:00 IST | scanned 29/29 symbols in 2.1s
12th August 2026 19:00:16 IST | INFO | 5m cycle @ 12th August 2026 19:00:00 IST | scanned 29/29 symbols in 1.7s
12th August 2026 19:01:19 IST | INFO | Stopped by user.
12th August 2026 19:01:23 IST | INFO | MT5 connected | Exness-MT5Trial15 | DEMO | balance=10000.0 INR | leverage 1:2000
12th August 2026 19:01:23 IST | INFO | liveTrade s146 started | Strategy 146 live engine started | ---------------------------------------- | Account   : 474381718 DEMO INR bal=10000.0 | Symbols   : EURUSD, GBPUSD, USDJPY, USDCHF, AUDUSD, NZDUSD, USDCAD, EURGBP, EURJPY, EURCHF, EURAUD, EURCAD, EURNZD, GBPJPY, GBPCHF, GBPAUD, GBPCAD, GBPNZD, AUDJPY, AUDNZD, AUDCAD, AUDCHF, NZDJPY, NZDCAD, NZDCHF, CADJPY, CADCHF, CHFJPY, XAUUSD | DRY_RUN   : True | Demo only : True (orders blocked: False) | Sizing    : fixed 0.01 | max_concurrent=8 | Entry mode: market (SL/TP attached: False) | R:R band  : 1.5 - 20.0 | Hold limit: 864 5m bars | New-15m   : True (engine start 12th August 2026 19:01:23 IST) | Journals  : {'4h': 'D:\\WorkZera\\Projects\\strategies\\yt_learning\\liveTrade\\logs\\s146_4h_events.log', '15m': 'D:\\WorkZera\\Projects\\strategies\\yt_learning\\liveTrade\\logs\\s146_15m_events.log', '5m': 'D:\\WorkZera\\Projects\\strategies\\yt_learning\\liveTrade\\logs\\s146_5m_events.log', 'trade': 'D:\\WorkZera\\Projects\\strategies\\yt_learning\\liveTrade\\logs\\s146_trades.log'} | 
12th August 2026 19:01:28 IST | INFO | Email sent: Strategy146 liveTrade STARTED
12th August 2026 19:01:29 IST | INFO | 5m cycle @ 12th August 2026 19:00:00 IST | scanned 29/29 symbols in 1.8s
12th August 2026 19:02:04 IST | INFO | Stopped by user.
12th August 2026 19:02:07 IST | INFO | MT5 connected | Exness-MT5Trial15 | DEMO | balance=10000.0 INR | leverage 1:2000
12th August 2026 19:02:07 IST | INFO | liveTrade s146 started | Strategy 146 live engine started | ---------------------------------------- | Account   : 474381718 DEMO INR bal=10000.0 | Symbols   : EURUSD, GBPUSD, USDJPY, USDCHF, AUDUSD, NZDUSD, USDCAD, EURGBP, EURJPY, EURCHF, EURAUD, EURCAD, EURNZD, GBPJPY, GBPCHF, GBPAUD, GBPCAD, GBPNZD, AUDJPY, AUDNZD, AUDCAD, AUDCHF, NZDJPY, NZDCAD, NZDCHF, CADJPY, CADCHF, CHFJPY, XAUUSD | DRY_RUN   : True | Demo only : True (orders blocked: False) | Sizing    : fixed 0.01 | max_concurrent=8 | Entry mode: market (SL/TP attached: False) | R:R band  : 1.5 - 20.0 | Hold limit: 864 5m bars | New-15m   : True (engine start 12th August 2026 19:02:07 IST) | Journals  : {'4h': 'D:\\WorkZera\\Projects\\strategies\\yt_learning\\liveTrade\\logs\\s146_4h_events.log', '15m': 'D:\\WorkZera\\Projects\\strategies\\yt_learning\\liveTrade\\logs\\s146_15m_events.log', '5m': 'D:\\WorkZera\\Projects\\strategies\\yt_learning\\liveTrade\\logs\\s146_5m_events.log', 'trade': 'D:\\WorkZera\\Projects\\strategies\\yt_learning\\liveTrade\\logs\\s146_trades.log'} | 
12th August 2026 19:02:12 IST | INFO | Email sent: Strategy146 liveTrade STARTED
12th August 2026 19:02:14 IST | INFO | 5m cycle @ 12th August 2026 19:00:00 IST | scanned 29/29 symbols in 1.7s
12th August 2026 19:05:15 IST | INFO | 5m cycle @ 12th August 2026 19:05:00 IST | scanned 29/29 symbols in 1.7s
12th August 2026 19:10:17 IST | INFO | 5m cycle @ 12th August 2026 19:10:00 IST | scanned 29/29 symbols in 1.7s
12th August 2026 19:15:19 IST | INFO | 5m cycle @ 12th August 2026 19:15:00 IST | scanned 29/29 symbols in 1.7s
12th August 2026 19:20:20 IST | INFO | 5m cycle @ 12th August 2026 19:20:00 IST | scanned 29/29 symbols in 1.6s
12th August 2026 19:25:22 IST | INFO | 5m cycle @ 12th August 2026 19:25:00 IST | scanned 29/29 symbols in 1.7s
12th August 2026 19:30:24 IST | INFO | 5m cycle @ 12th August 2026 19:30:00 IST | scanned 29/29 symbols in 1.7s
12th August 2026 19:35:10 IST | INFO | 5m cycle @ 12th August 2026 19:35:00 IST | scanned 29/29 symbols in 1.7s
12th August 2026 19:40:11 IST | INFO | S146 SIGNAL EURAUD SHORT conservative_mss | trigger=1.63017 stop=1.63144 target=1.62672 rr=2.71
12th August 2026 19:40:16 IST | INFO | Email sent: [DRY RUN] S146 SHORT EURAUD @ 1.63017 (R:R 2.71) — SET SL/TP
12th August 2026 19:40:16 IST | INFO | [DRY RUN] EURAUD would enter short 0.01 lots (market) @ 1.63017
12th August 2026 19:40:17 IST | INFO | 5m cycle @ 12th August 2026 19:40:00 IST | scanned 29/29 symbols in 7.1s
12th August 2026 19:45:19 IST | INFO | 5m cycle @ 12th August 2026 19:45:00 IST | scanned 29/29 symbols in 1.7s
12th August 2026 19:50:21 IST | INFO | 5m cycle @ 12th August 2026 19:50:00 IST | scanned 29/29 symbols in 1.7s
12th August 2026 19:55:21 IST | INFO | S146 SIGNAL EURGBP LONG conservative_mss | trigger=0.85429 stop=0.85391 target=0.85637 rr=5.39
12th August 2026 19:55:27 IST | INFO | Email sent: [DRY RUN] S146 LONG EURGBP @ 0.85429 (R:R 5.39) — SET SL/TP
12th August 2026 19:55:27 IST | INFO | [DRY RUN] EURGBP would enter long 0.01 lots (market) @ 0.85429
12th August 2026 19:55:28 IST | INFO | 5m cycle @ 12th August 2026 19:55:00 IST | scanned 29/29 symbols in 7.7s
12th August 2026 20:00:14 IST | INFO | S146 SIGNAL GBPCAD SHORT conservative_mss | trigger=1.88051 stop=1.88236 target=1.87583 rr=2.52
12th August 2026 20:00:22 IST | INFO | Email sent: [DRY RUN] S146 SHORT GBPCAD @ 1.88051 (R:R 2.52) — SET SL/TP
12th August 2026 20:00:22 IST | INFO | [DRY RUN] GBPCAD would enter short 0.01 lots (market) @ 1.88051
12th August 2026 20:00:23 IST | INFO | 5m cycle @ 12th August 2026 20:00:00 IST | scanned 29/29 symbols in 9.0s
12th August 2026 20:05:08 IST | INFO | S146 SIGNAL EURCHF LONG aggressive_liquidation | trigger=0.93666 stop=0.93620 target=0.94221 rr=12.24
12th August 2026 20:05:13 IST | INFO | Email sent: [DRY RUN] S146 LONG EURCHF @ 0.93666 (R:R 12.24) — SET SL/TP
12th August 2026 20:05:13 IST | INFO | [DRY RUN] EURCHF would enter long 0.01 lots (market) @ 0.93666
12th August 2026 20:05:14 IST | INFO | 5m cycle @ 12th August 2026 20:05:00 IST | scanned 29/29 symbols in 6.8s
12th August 2026 20:10:16 IST | INFO | 5m cycle @ 12th August 2026 20:10:00 IST | scanned 29/29 symbols in 1.6s
12th August 2026 20:15:18 IST | INFO | 5m cycle @ 12th August 2026 20:15:00 IST | scanned 29/29 symbols in 1.7s
12th August 2026 20:20:19 IST | INFO | 5m cycle @ 12th August 2026 20:20:00 IST | scanned 29/29 symbols in 1.6s
12th August 2026 20:25:21 IST | INFO | 5m cycle @ 12th August 2026 20:25:00 IST | scanned 29/29 symbols in 1.6s
12th August 2026 20:30:23 IST | INFO | 5m cycle @ 12th August 2026 20:30:00 IST | scanned 29/29 symbols in 1.7s
12th August 2026 20:35:09 IST | INFO | 5m cycle @ 12th August 2026 20:35:00 IST | scanned 29/29 symbols in 1.7s
12th August 2026 20:40:11 IST | INFO | 5m cycle @ 12th August 2026 20:40:00 IST | scanned 29/29 symbols in 1.6s
12th August 2026 20:45:13 IST | INFO | 5m cycle @ 12th August 2026 20:45:00 IST | scanned 29/29 symbols in 1.7s
12th August 2026 20:50:14 IST | INFO | 5m cycle @ 12th August 2026 20:50:00 IST | scanned 29/29 symbols in 1.6s
12th August 2026 20:55:16 IST | INFO | 5m cycle @ 12th August 2026 20:55:00 IST | scanned 29/29 symbols in 1.6s
12th August 2026 21:00:18 IST | INFO | 5m cycle @ 12th August 2026 21:00:00 IST | scanned 29/29 symbols in 1.7s
12th August 2026 21:05:19 IST | INFO | 5m cycle @ 12th August 2026 21:05:00 IST | scanned 29/29 symbols in 1.7s
12th August 2026 21:10:21 IST | INFO | 5m cycle @ 12th August 2026 21:10:00 IST | scanned 29/29 symbols in 1.6s
12th August 2026 21:15:23 IST | INFO | 5m cycle @ 12th August 2026 21:15:00 IST | scanned 29/29 symbols in 1.7s
12th August 2026 21:20:09 IST | INFO | 5m cycle @ 12th August 2026 21:20:00 IST | scanned 29/29 symbols in 1.6s
12th August 2026 21:25:11 IST | INFO | 5m cycle @ 12th August 2026 21:25:00 IST | scanned 29/29 symbols in 1.6s
12th August 2026 21:30:13 IST | INFO | 5m cycle @ 12th August 2026 21:30:00 IST | scanned 29/29 symbols in 2.0s
12th August 2026 21:35:15 IST | INFO | 5m cycle @ 12th August 2026 21:35:00 IST | scanned 29/29 symbols in 1.7s
12th August 2026 21:40:16 IST | INFO | 5m cycle @ 12th August 2026 21:40:00 IST | scanned 29/29 symbols in 1.7s
12th August 2026 21:45:18 IST | INFO | 5m cycle @ 12th August 2026 21:45:00 IST | scanned 29/29 symbols in 1.7s
12th August 2026 21:50:19 IST | INFO | S146 SIGNAL GBPCAD SHORT aggressive_liquidation | trigger=1.88098 stop=1.88138 target=1.87583 rr=12.61
12th August 2026 21:50:24 IST | INFO | Email sent: [DRY RUN] S146 SHORT GBPCAD @ 1.88098 (R:R 12.61) — SET SL/TP
12th August 2026 21:50:24 IST | INFO | [DRY RUN] GBPCAD would enter short 0.01 lots (market) @ 1.88098
12th August 2026 21:50:24 IST | INFO | 5m cycle @ 12th August 2026 21:50:00 IST | scanned 29/29 symbols in 6.1s
12th August 2026 21:55:11 IST | INFO | 5m cycle @ 12th August 2026 21:55:00 IST | scanned 29/29 symbols in 1.7s
12th August 2026 22:00:13 IST | INFO | 5m cycle @ 12th August 2026 22:00:00 IST | scanned 29/29 symbols in 1.7s
12th August 2026 22:05:14 IST | INFO | 5m cycle @ 12th August 2026 22:05:00 IST | scanned 29/29 symbols in 1.8s
12th August 2026 22:10:16 IST | INFO | 5m cycle @ 12th August 2026 22:10:00 IST | scanned 29/29 symbols in 1.7s
12th August 2026 22:15:18 IST | INFO | 5m cycle @ 12th August 2026 22:15:00 IST | scanned 29/29 symbols in 1.9s
12th August 2026 22:20:19 IST | INFO | S146 SIGNAL EURCAD SHORT aggressive_liquidation | trigger=1.60641 stop=1.60745 target=1.60464 rr=1.7
12th August 2026 22:20:23 IST | INFO | Email sent: [DRY RUN] S146 SHORT EURCAD @ 1.60641 (R:R 1.7) — SET SL/TP
12th August 2026 22:20:23 IST | INFO | [DRY RUN] EURCAD would enter short 0.01 lots (market) @ 1.60641
12th August 2026 22:20:24 IST | INFO | 5m cycle @ 12th August 2026 22:20:00 IST | scanned 29/29 symbols in 6.3s
12th August 2026 22:25:11 IST | INFO | 5m cycle @ 12th August 2026 22:25:00 IST | scanned 29/29 symbols in 1.8s
12th August 2026 22:30:13 IST | INFO | 5m cycle @ 12th August 2026 22:30:00 IST | scanned 29/29 symbols in 1.9s
12th August 2026 22:35:15 IST | INFO | 5m cycle @ 12th August 2026 22:35:00 IST | scanned 29/29 symbols in 1.7s
12th August 2026 22:40:17 IST | INFO | 5m cycle @ 12th August 2026 22:40:00 IST | scanned 29/29 symbols in 1.8s
12th August 2026 22:45:18 IST | INFO | 5m cycle @ 12th August 2026 22:45:00 IST | scanned 29/29 symbols in 1.8s
12th August 2026 22:50:20 IST | INFO | 5m cycle @ 12th August 2026 22:50:00 IST | scanned 29/29 symbols in 1.9s
12th August 2026 22:55:22 IST | INFO | 5m cycle @ 12th August 2026 22:55:00 IST | scanned 29/29 symbols in 1.9s
12th August 2026 23:00:24 IST | INFO | 5m cycle @ 12th August 2026 23:00:00 IST | scanned 29/29 symbols in 1.9s
12th August 2026 23:05:11 IST | INFO | 5m cycle @ 12th August 2026 23:05:00 IST | scanned 29/29 symbols in 1.9s
12th August 2026 23:10:13 IST | INFO | S146 SIGNAL CHFJPY SHORT aggressive_liquidation | trigger=196.02720 stop=196.11781 target=195.41300 rr=6.78
12th August 2026 23:10:17 IST | INFO | Email sent: [DRY RUN] S146 SHORT CHFJPY @ 196.02720 (R:R 6.78) — SET SL/TP
12th August 2026 23:10:17 IST | INFO | [DRY RUN] CHFJPY would enter short 0.01 lots (market) @ 196.02720
12th August 2026 23:10:18 IST | INFO | 5m cycle @ 12th August 2026 23:10:00 IST | scanned 29/29 symbols in 6.5s
12th August 2026 23:15:19 IST | INFO | 5m cycle @ 12th August 2026 23:15:00 IST | scanned 29/29 symbols in 1.9s
12th August 2026 23:20:21 IST | INFO | S146 SIGNAL NZDJPY SHORT aggressive_liquidation | trigger=93.37933 stop=93.45167 target=92.94800 rr=5.96
12th August 2026 23:20:25 IST | INFO | Email sent: [DRY RUN] S146 SHORT NZDJPY @ 93.37933 (R:R 5.96) — SET SL/TP
12th August 2026 23:20:25 IST | INFO | [DRY RUN] NZDJPY would enter short 0.01 lots (market) @ 93.37933
12th August 2026 23:20:26 IST | INFO | 5m cycle @ 12th August 2026 23:20:00 IST | scanned 29/29 symbols in 6.2s
12th August 2026 23:25:13 IST | INFO | 5m cycle @ 12th August 2026 23:25:00 IST | scanned 29/29 symbols in 1.9s
12th August 2026 23:30:18 IST | INFO | 5m cycle @ 12th August 2026 23:30:00 IST | scanned 29/29 symbols in 5.0s
12th August 2026 23:35:19 IST | INFO | S146 SIGNAL NZDCAD LONG aggressive_liquidation | trigger=0.81649 stop=0.81611 target=0.82148 rr=13.07
12th August 2026 23:35:25 IST | INFO | Email sent: [DRY RUN] S146 LONG NZDCAD @ 0.81649 (R:R 13.07) — SET SL/TP
12th August 2026 23:35:25 IST | INFO | [DRY RUN] NZDCAD would enter long 0.01 lots (market) @ 0.81649
12th August 2026 23:35:25 IST | INFO | 5m cycle @ 12th August 2026 23:35:00 IST | scanned 29/29 symbols in 7.8s
13th August 2026 14:12:46 IST | INFO | MT5 connected | Exness-MT5Trial15 | DEMO | balance=10000.0 INR | leverage 1:2000
13th August 2026 14:12:46 IST | INFO | liveTrade s146 started | Strategy 146 live engine started | ---------------------------------------- | Account   : 474381718 DEMO INR bal=10000.0 | Symbols   : EURUSD, GBPUSD, USDJPY, USDCHF, AUDUSD, NZDUSD, USDCAD, EURGBP, EURJPY, EURCHF, EURAUD, EURCAD, EURNZD, GBPJPY, GBPCHF, GBPAUD, GBPCAD, GBPNZD, AUDJPY, AUDNZD, AUDCAD, AUDCHF, NZDJPY, NZDCAD, NZDCHF, CADJPY, CADCHF, CHFJPY, XAUUSD | DRY_RUN   : True | Demo only : True (orders blocked: False) | Sizing    : fixed 0.01 | max_concurrent=8 | Entry mode: market (SL/TP attached: False) | R:R band  : 1.5 - 20.0 | Hold limit: 864 5m bars | New-15m   : True (engine start 13th August 2026 14:12:46 IST) | Journals  : {'4h': 'D:\\WorkZera\\Projects\\strategies\\yt_learning\\liveTrade\\logs\\s146_4h_events.log', '15m': 'D:\\WorkZera\\Projects\\strategies\\yt_learning\\liveTrade\\logs\\s146_15m_events.log', '5m': 'D:\\WorkZera\\Projects\\strategies\\yt_learning\\liveTrade\\logs\\s146_5m_events.log', 'trade': 'D:\\WorkZera\\Projects\\strategies\\yt_learning\\liveTrade\\logs\\s146_trades.log'} | 
13th August 2026 14:12:50 IST | INFO | Email sent: Strategy146 liveTrade STARTED
13th August 2026 14:12:57 IST | INFO | 5m cycle @ 13th August 2026 14:10:00 IST | scanned 29/29 symbols in 6.8s (0.23s/symbol)
13th August 2026 14:15:24 IST | INFO | 5m cycle @ 13th August 2026 14:15:00 IST | scanned 29/29 symbols in 12.2s (0.42s/symbol)
13th August 2026 14:20:11 IST | INFO | 5m cycle @ 13th August 2026 14:20:00 IST | scanned 29/29 symbols in 1.7s (0.06s/symbol)
13th August 2026 14:25:12 IST | INFO | 5m cycle @ 13th August 2026 14:25:00 IST | scanned 29/29 symbols in 1.4s (0.05s/symbol)
13th August 2026 14:30:14 IST | INFO | 5m cycle @ 13th August 2026 14:30:00 IST | scanned 29/29 symbols in 1.6s (0.05s/symbol)
13th August 2026 14:35:15 IST | INFO | 5m cycle @ 13th August 2026 14:35:00 IST | scanned 29/29 symbols in 1.4s (0.05s/symbol)
13th August 2026 14:40:17 IST | INFO | 5m cycle @ 13th August 2026 14:40:00 IST | scanned 29/29 symbols in 1.6s (0.05s/symbol)
13th August 2026 14:45:17 IST | INFO | S146 SIGNAL NZDUSD LONG conservative_mss | trigger=0.58367 stop=0.58305 target=0.58570 rr=3.28
13th August 2026 14:45:22 IST | INFO | Email sent: [DRY RUN] S146 LONG NZDUSD @ 0.58367 (R:R 3.28) — SET SL/TP
13th August 2026 14:45:22 IST | INFO | [DRY RUN] NZDUSD would enter long 0.01 lots (market) @ 0.58367
13th August 2026 14:45:24 IST | INFO | 5m cycle @ 13th August 2026 14:45:00 IST | scanned 29/29 symbols in 6.7s (0.23s/symbol)
13th August 2026 14:50:11 IST | INFO | S146 SIGNAL NZDCAD LONG conservative_mss | trigger=0.81433 stop=0.81349 target=0.81639 rr=2.45
13th August 2026 14:50:15 IST | INFO | Email sent: [DRY RUN] S146 LONG NZDCAD @ 0.81433 (R:R 2.45) — SET SL/TP
13th August 2026 14:50:15 IST | INFO | [DRY RUN] NZDCAD would enter long 0.01 lots (market) @ 0.81433
13th August 2026 14:50:15 IST | INFO | 5m cycle @ 13th August 2026 14:50:00 IST | scanned 29/29 symbols in 5.7s (0.20s/symbol)
13th August 2026 14:55:17 IST | INFO | S146 SIGNAL NZDUSD LONG conservative_mss | trigger=0.58391 stop=0.58324 target=0.58570 rr=2.68
13th August 2026 14:55:23 IST | INFO | Email sent: [DRY RUN] S146 LONG NZDUSD @ 0.58391 (R:R 2.68) — SET SL/TP
13th August 2026 14:55:23 IST | INFO | [DRY RUN] NZDUSD would enter long 0.01 lots (market) @ 0.58391
13th August 2026 14:55:24 IST | INFO | 5m cycle @ 13th August 2026 14:55:00 IST | scanned 29/29 symbols in 6.8s (0.23s/symbol)
13th August 2026 14:56:22 IST | INFO | Stopped by user.
13th August 2026 15:44:12 IST | INFO | MT5 connected | Exness-MT5Trial15 | DEMO | balance=10000.0 INR | leverage 1:2000
13th August 2026 15:44:12 IST | INFO | liveTrade s146 started | Strategy 146 live engine started | ---------------------------------------- | Account   : 474381718 DEMO INR bal=10000.0 | Symbols   : EURUSD, GBPUSD, USDJPY, USDCHF, AUDUSD, NZDUSD, USDCAD, EURGBP, EURJPY, EURCHF, EURAUD, EURCAD, EURNZD, GBPJPY, GBPCHF, GBPAUD, GBPCAD, GBPNZD, AUDJPY, AUDNZD, AUDCAD, AUDCHF, NZDJPY, NZDCAD, NZDCHF, CADJPY, CADCHF, CHFJPY, XAUUSD | DRY_RUN   : True | Demo only : True (orders blocked: False) | Sizing    : fixed 0.01 | max_concurrent=8 | Entry mode: market (SL/TP attached: False) | R:R band  : 1.5 - 20.0 | Hold limit: 864 5m bars | New-15m   : True (engine start 13th August 2026 15:44:12 IST) | Journals  : {'4h': 'D:\\WorkZera\\Projects\\strategies\\yt_learning\\liveTrade\\logs\\s146_4h_events.log', '15m': 'D:\\WorkZera\\Projects\\strategies\\yt_learning\\liveTrade\\logs\\s146_15m_events.log', '5m': 'D:\\WorkZera\\Projects\\strategies\\yt_learning\\liveTrade\\logs\\s146_5m_events.log', 'trade': 'D:\\WorkZera\\Projects\\strategies\\yt_learning\\liveTrade\\logs\\s146_trades.log'} | 
13th August 2026 15:44:17 IST | INFO | Email sent: Strategy146 liveTrade STARTED
13th August 2026 15:44:19 IST | INFO | 5m cycle @ 13th August 2026 15:40:00 IST | scanned 29/29 symbols in 1.6s (0.05s/symbol)
13th August 2026 15:44:22 IST | INFO | Stopped by user.
13th August 2026 15:44:58 IST | INFO | MT5 connected | Exness-MT5Trial15 | DEMO | balance=10000.0 INR | leverage 1:2000
13th August 2026 15:44:58 IST | INFO | liveTrade s146 started | Strategy 146 live engine started | ---------------------------------------- | Account   : 474381718 DEMO INR bal=10000.0 | Symbols   : EURUSD, GBPUSD, USDJPY, USDCHF, AUDUSD, NZDUSD, USDCAD, EURGBP, EURJPY, EURCHF, EURAUD, EURCAD, EURNZD, GBPJPY, GBPCHF, GBPAUD, GBPCAD, GBPNZD, AUDJPY, AUDNZD, AUDCAD, AUDCHF, NZDJPY, NZDCAD, NZDCHF, CADJPY, CADCHF, CHFJPY, XAUUSD | DRY_RUN   : False | Demo only : True (orders blocked: False) | Sizing    : fixed 0.01 | max_concurrent=8 | Entry mode: market (SL/TP attached: False) | R:R band  : 1.5 - 20.0 | Hold limit: 864 5m bars | New-15m   : True (engine start 13th August 2026 15:44:58 IST) | Journals  : {'4h': 'D:\\WorkZera\\Projects\\strategies\\yt_learning\\liveTrade\\logs\\s146_4h_events.log', '15m': 'D:\\WorkZera\\Projects\\strategies\\yt_learning\\liveTrade\\logs\\s146_15m_events.log', '5m': 'D:\\WorkZera\\Projects\\strategies\\yt_learning\\liveTrade\\logs\\s146_5m_events.log', 'trade': 'D:\\WorkZera\\Projects\\strategies\\yt_learning\\liveTrade\\logs\\s146_trades.log'} | 
13th August 2026 15:45:03 IST | INFO | Email sent: Strategy146 liveTrade STARTED
13th August 2026 15:45:20 IST | INFO | 5m cycle @ 13th August 2026 15:45:00 IST | scanned 29/29 symbols in 2.3s (0.08s/symbol)
13th August 2026 15:50:09 IST | INFO | 5m cycle @ 13th August 2026 15:50:00 IST | scanned 29/29 symbols in 1.4s (0.05s/symbol)
13th August 2026 15:55:14 IST | INFO | 5m cycle @ 13th August 2026 15:55:00 IST | scanned 29/29 symbols in 1.5s (0.05s/symbol)
13th August 2026 16:00:19 IST | INFO | 5m cycle @ 13th August 2026 16:00:00 IST | scanned 29/29 symbols in 1.6s (0.05s/symbol)
13th August 2026 16:05:22 IST | INFO | 5m cycle @ 13th August 2026 16:05:00 IST | scanned 29/29 symbols in 0.6s (0.02s/symbol)
13th August 2026 16:10:15 IST | INFO | 5m cycle @ 13th August 2026 16:10:00 IST | scanned 29/29 symbols in 2.6s (0.09s/symbol)
13th August 2026 16:15:22 IST | INFO | 5m cycle @ 13th August 2026 16:15:00 IST | scanned 29/29 symbols in 2.8s (0.10s/symbol)
13th August 2026 16:20:15 IST | INFO | 5m cycle @ 13th August 2026 16:20:00 IST | scanned 29/29 symbols in 2.4s (0.08s/symbol)
13th August 2026 16:25:23 IST | INFO | 5m cycle @ 13th August 2026 16:25:00 IST | scanned 29/29 symbols in 2.4s (0.08s/symbol)
13th August 2026 16:30:15 IST | INFO | 5m cycle @ 13th August 2026 16:30:00 IST | scanned 29/29 symbols in 2.8s (0.10s/symbol)
13th August 2026 16:35:23 IST | INFO | 5m cycle @ 13th August 2026 16:35:00 IST | scanned 29/29 symbols in 2.4s (0.08s/symbol)
13th August 2026 16:40:15 IST | INFO | 5m cycle @ 13th August 2026 16:40:00 IST | scanned 29/29 symbols in 2.3s (0.08s/symbol)
13th August 2026 16:45:23 IST | INFO | 5m cycle @ 13th August 2026 16:45:00 IST | scanned 29/29 symbols in 2.8s (0.10s/symbol)
13th August 2026 16:50:16 IST | INFO | 5m cycle @ 13th August 2026 16:50:00 IST | scanned 29/29 symbols in 2.5s (0.09s/symbol)
13th August 2026 16:55:23 IST | INFO | 5m cycle @ 13th August 2026 16:55:00 IST | scanned 29/29 symbols in 2.1s (0.07s/symbol)
13th August 2026 17:00:17 IST | INFO | 5m cycle @ 13th August 2026 17:00:00 IST | scanned 29/29 symbols in 3.0s (0.11s/symbol)
13th August 2026 17:05:24 IST | INFO | 5m cycle @ 13th August 2026 17:05:00 IST | scanned 29/29 symbols in 2.1s (0.07s/symbol)
13th August 2026 17:10:17 IST | INFO | 5m cycle @ 13th August 2026 17:10:00 IST | scanned 29/29 symbols in 2.4s (0.08s/symbol)
13th August 2026 17:15:25 IST | INFO | 5m cycle @ 13th August 2026 17:15:00 IST | scanned 29/29 symbols in 2.7s (0.09s/symbol)
13th August 2026 17:20:17 IST | INFO | 5m cycle @ 13th August 2026 17:20:00 IST | scanned 29/29 symbols in 2.7s (0.09s/symbol)
13th August 2026 17:25:25 IST | INFO | 5m cycle @ 13th August 2026 17:25:00 IST | scanned 29/29 symbols in 2.3s (0.08s/symbol)
13th August 2026 17:30:17 IST | INFO | 5m cycle @ 13th August 2026 17:30:00 IST | scanned 29/29 symbols in 1.7s (0.06s/symbol)
13th August 2026 17:35:19 IST | INFO | 5m cycle @ 13th August 2026 17:35:00 IST | scanned 29/29 symbols in 0.9s (0.03s/symbol)
13th August 2026 17:40:20 IST | INFO | 5m cycle @ 13th August 2026 17:40:00 IST | scanned 29/29 symbols in 0.6s (0.02s/symbol)
13th August 2026 17:45:22 IST | INFO | 5m cycle @ 13th August 2026 17:45:00 IST | scanned 29/29 symbols in 0.9s (0.03s/symbol)
13th August 2026 17:50:09 IST | INFO | 5m cycle @ 13th August 2026 17:50:00 IST | scanned 29/29 symbols in 0.8s (0.03s/symbol)
13th August 2026 17:55:15 IST | INFO | S146 SIGNAL NZDCAD LONG aggressive_liquidation | trigger=0.81476 stop=0.81428 target=0.81639 rr=3.38
13th August 2026 17:55:20 IST | INFO | Email sent: S146 LONG NZDCAD @ 0.81476 (R:R 3.38) — SET SL/TP
13th August 2026 17:55:20 IST | ERROR | NZDCAD: order rejected retcode=10027 AutoTrading disabled by client
13th August 2026 17:55:20 IST | INFO | 5m cycle @ 13th August 2026 17:55:00 IST | scanned 29/29 symbols in 6.9s (0.24s/symbol)
13th August 2026 18:00:13 IST | INFO | 5m cycle @ 13th August 2026 18:00:00 IST | scanned 29/29 symbols in 3.3s (0.11s/symbol)
13th August 2026 18:05:18 IST | INFO | S146 SIGNAL AUDUSD SHORT aggressive_liquidation | trigger=0.70462 stop=0.70545 target=0.70328 rr=1.64
13th August 2026 18:05:23 IST | INFO | Email sent: S146 SHORT AUDUSD @ 0.70462 (R:R 1.64) — SET SL/TP
13th August 2026 18:05:23 IST | ERROR | AUDUSD: order rejected retcode=10027 AutoTrading disabled by client
13th August 2026 18:05:25 IST | INFO | 5m cycle @ 13th August 2026 18:05:00 IST | scanned 29/29 symbols in 6.7s (0.23s/symbol)
13th August 2026 18:10:16 IST | INFO | 5m cycle @ 13th August 2026 18:10:00 IST | scanned 29/29 symbols in 1.7s (0.06s/symbol)
13th August 2026 18:15:24 IST | INFO | 5m cycle @ 13th August 2026 18:15:00 IST | scanned 29/29 symbols in 2.7s (0.09s/symbol)
13th August 2026 18:20:16 IST | INFO | 5m cycle @ 13th August 2026 18:20:00 IST | scanned 29/29 symbols in 2.1s (0.07s/symbol)
13th August 2026 18:25:24 IST | INFO | 5m cycle @ 13th August 2026 18:25:00 IST | scanned 29/29 symbols in 2.5s (0.09s/symbol)
13th August 2026 18:30:17 IST | INFO | 5m cycle @ 13th August 2026 18:30:00 IST | scanned 29/29 symbols in 2.7s (0.09s/symbol)
13th August 2026 18:35:26 IST | INFO | 5m cycle @ 13th August 2026 18:35:00 IST | scanned 29/29 symbols in 2.7s (0.09s/symbol)
13th August 2026 18:40:19 IST | INFO | 5m cycle @ 13th August 2026 18:40:00 IST | scanned 29/29 symbols in 2.4s (0.08s/symbol)
13th August 2026 18:45:12 IST | INFO | 5m cycle @ 13th August 2026 18:45:00 IST | scanned 29/29 symbols in 2.7s (0.09s/symbol)
13th August 2026 18:50:20 IST | INFO | 5m cycle @ 13th August 2026 18:50:00 IST | scanned 29/29 symbols in 2.5s (0.09s/symbol)
13th August 2026 18:55:13 IST | INFO | 5m cycle @ 13th August 2026 18:55:00 IST | scanned 29/29 symbols in 2.5s (0.08s/symbol)
13th August 2026 19:00:22 IST | INFO | 5m cycle @ 13th August 2026 19:00:00 IST | scanned 29/29 symbols in 2.9s (0.10s/symbol)
13th August 2026 19:05:15 IST | INFO | 5m cycle @ 13th August 2026 19:05:00 IST | scanned 29/29 symbols in 2.4s (0.08s/symbol)
13th August 2026 19:10:22 IST | INFO | S146 SIGNAL NZDJPY LONG aggressive_liquidation | trigger=93.17266 stop=93.08235 target=93.38600 rr=2.36
13th August 2026 19:10:27 IST | INFO | Email sent: S146 LONG NZDJPY @ 93.17266 (R:R 2.36) — SET SL/TP
13th August 2026 19:10:27 IST | ERROR | NZDJPY: order rejected retcode=10027 AutoTrading disabled by client
13th August 2026 19:10:27 IST | INFO | 5m cycle @ 13th August 2026 19:10:00 IST | scanned 29/29 symbols in 7.0s (0.24s/symbol)
13th August 2026 19:15:21 IST | INFO | 5m cycle @ 13th August 2026 19:15:00 IST | scanned 29/29 symbols in 3.2s (0.11s/symbol)
13th August 2026 19:20:14 IST | INFO | 5m cycle @ 13th August 2026 19:20:00 IST | scanned 29/29 symbols in 2.3s (0.08s/symbol)
13th August 2026 19:25:21 IST | INFO | 5m cycle @ 13th August 2026 19:25:00 IST | scanned 29/29 symbols in 2.4s (0.08s/symbol)
13th August 2026 19:30:16 IST | INFO | 5m cycle @ 13th August 2026 19:30:00 IST | scanned 29/29 symbols in 3.7s (0.13s/symbol)
13th August 2026 19:35:23 IST | INFO | 5m cycle @ 13th August 2026 19:35:00 IST | scanned 29/29 symbols in 2.5s (0.09s/symbol)
13th August 2026 19:40:14 IST | INFO | 5m cycle @ 13th August 2026 19:40:00 IST | scanned 29/29 symbols in 1.9s (0.07s/symbol)
13th August 2026 19:45:23 IST | INFO | 5m cycle @ 13th August 2026 19:45:00 IST | scanned 29/29 symbols in 2.8s (0.10s/symbol)
13th August 2026 19:50:16 IST | INFO | 5m cycle @ 13th August 2026 19:50:00 IST | scanned 29/29 symbols in 2.4s (0.08s/symbol)
13th August 2026 19:55:23 IST | INFO | 5m cycle @ 13th August 2026 19:55:00 IST | scanned 29/29 symbols in 2.3s (0.08s/symbol)
13th August 2026 20:00:16 IST | INFO | 5m cycle @ 13th August 2026 20:00:00 IST | scanned 29/29 symbols in 2.9s (0.10s/symbol)
13th August 2026 20:05:25 IST | INFO | 5m cycle @ 13th August 2026 20:05:00 IST | scanned 29/29 symbols in 2.2s (0.08s/symbol)
13th August 2026 20:10:17 IST | INFO | 5m cycle @ 13th August 2026 20:10:00 IST | scanned 29/29 symbols in 2.3s (0.08s/symbol)
13th August 2026 20:15:26 IST | INFO | 5m cycle @ 13th August 2026 20:15:00 IST | scanned 29/29 symbols in 3.1s (0.11s/symbol)
13th August 2026 20:20:19 IST | INFO | 5m cycle @ 13th August 2026 20:20:00 IST | scanned 29/29 symbols in 2.4s (0.08s/symbol)
13th August 2026 20:25:09 IST | INFO | s146 PAPER NZDCAD paper_take_profit | R=2.447 entry=0.81433 exit=0.81639 bars=66
13th August 2026 20:25:11 IST | INFO | 5m cycle @ 13th August 2026 20:25:00 IST | scanned 29/29 symbols in 2.3s (0.08s/symbol)
14th August 2026 14:00:30 IST | INFO | MT5 connected | Exness-MT5Trial15 | DEMO | balance=10000.0 INR | leverage 1:2000
14th August 2026 14:00:30 IST | INFO | liveTrade s146 started | Strategy 146 live engine started | ---------------------------------------- | Account   : 474381718 DEMO INR bal=10000.0 | Symbols   : EURUSD, GBPUSD, USDJPY, USDCHF, AUDUSD, NZDUSD, USDCAD, EURGBP, EURJPY, EURCHF, EURAUD, EURCAD, EURNZD, GBPJPY, GBPCHF, GBPAUD, GBPCAD, GBPNZD, AUDJPY, AUDNZD, AUDCAD, AUDCHF, NZDJPY, NZDCAD, NZDCHF, CADJPY, CADCHF, CHFJPY, XAUUSD | DRY_RUN   : False | Demo only : True (orders blocked: False) | Sizing    : fixed 0.01 | max_concurrent=8 | Entry mode: market (SL/TP attached: False) | R:R band  : 1.5 - 20.0 | Hold limit: 864 5m bars | New-15m   : True (engine start 14th August 2026 14:00:30 IST) | Journals  : {'4h': 'D:\\WorkZera\\Projects\\strategies\\yt_learning\\liveTrade\\logs\\s146_4h_events.log', '15m': 'D:\\WorkZera\\Projects\\strategies\\yt_learning\\liveTrade\\logs\\s146_15m_events.log', '5m': 'D:\\WorkZera\\Projects\\strategies\\yt_learning\\liveTrade\\logs\\s146_5m_events.log', 'trade': 'D:\\WorkZera\\Projects\\strategies\\yt_learning\\liveTrade\\logs\\s146_trades.log'} | 
14th August 2026 14:00:34 IST | INFO | Email sent: Strategy146 liveTrade STARTED
14th August 2026 14:00:36 IST | INFO | 5m cycle @ 14th August 2026 14:00:00 IST | scanned 29/29 symbols in 2.3s (0.08s/symbol)
14th August 2026 14:00:51 IST | INFO | s146 PAPER NZDUSD paper_take_profit | R=3.284 entry=0.58367 exit=0.58570 bars=178
14th August 2026 14:00:51 IST | INFO | s146 PAPER NZDUSD paper_take_profit | R=2.679 entry=0.58391 exit=0.58570 bars=176
14th August 2026 14:05:24 IST | INFO | 5m cycle @ 14th August 2026 14:05:00 IST | scanned 29/29 symbols in 2.6s (0.09s/symbol)
14th August 2026 14:10:10 IST | INFO | 5m cycle @ 14th August 2026 14:10:00 IST | scanned 29/29 symbols in 1.3s (0.04s/symbol)
14th August 2026 14:15:11 IST | INFO | 5m cycle @ 14th August 2026 14:15:00 IST | scanned 29/29 symbols in 1.4s (0.05s/symbol)
14th August 2026 14:20:13 IST | INFO | 5m cycle @ 14th August 2026 14:20:00 IST | scanned 29/29 symbols in 1.4s (0.05s/symbol)
14th August 2026 14:25:14 IST | INFO | 5m cycle @ 14th August 2026 14:25:00 IST | scanned 29/29 symbols in 1.3s (0.04s/symbol)
14th August 2026 14:30:16 IST | INFO | 5m cycle @ 14th August 2026 14:30:00 IST | scanned 29/29 symbols in 1.5s (0.05s/symbol)
14th August 2026 14:35:17 IST | INFO | 5m cycle @ 14th August 2026 14:35:00 IST | scanned 29/29 symbols in 1.2s (0.04s/symbol)
14th August 2026 14:40:18 IST | INFO | 5m cycle @ 14th August 2026 14:40:00 IST | scanned 29/29 symbols in 1.2s (0.04s/symbol)
14th August 2026 14:45:20 IST | INFO | 5m cycle @ 14th August 2026 14:45:00 IST | scanned 29/29 symbols in 1.5s (0.05s/symbol)
14th August 2026 14:50:21 IST | INFO | 5m cycle @ 14th August 2026 14:50:00 IST | scanned 29/29 symbols in 1.3s (0.05s/symbol)
14th August 2026 14:55:23 IST | INFO | 5m cycle @ 14th August 2026 14:55:00 IST | scanned 29/29 symbols in 1.4s (0.05s/symbol)
14th August 2026 15:00:09 IST | INFO | 5m cycle @ 14th August 2026 15:00:00 IST | scanned 29/29 symbols in 1.6s (0.05s/symbol)
14th August 2026 15:05:10 IST | INFO | 5m cycle @ 14th August 2026 15:05:00 IST | scanned 29/29 symbols in 1.3s (0.05s/symbol)
14th August 2026 15:10:12 IST | INFO | 5m cycle @ 14th August 2026 15:10:00 IST | scanned 29/29 symbols in 1.3s (0.04s/symbol)
14th August 2026 15:15:13 IST | INFO | 5m cycle @ 14th August 2026 15:15:00 IST | scanned 29/29 symbols in 1.6s (0.06s/symbol)
14th August 2026 15:20:15 IST | INFO | 5m cycle @ 14th August 2026 15:20:00 IST | scanned 29/29 symbols in 1.3s (0.04s/symbol)
14th August 2026 15:25:16 IST | INFO | 5m cycle @ 14th August 2026 15:25:00 IST | scanned 29/29 symbols in 1.2s (0.04s/symbol)
14th August 2026 15:30:17 IST | INFO | 5m cycle @ 14th August 2026 15:30:00 IST | scanned 29/29 symbols in 1.5s (0.05s/symbol)
14th August 2026 15:35:19 IST | INFO | 5m cycle @ 14th August 2026 15:35:00 IST | scanned 29/29 symbols in 1.3s (0.05s/symbol)
14th August 2026 15:40:20 IST | INFO | S146 SIGNAL NZDCAD LONG conservative_mss | trigger=0.81691 stop=0.81649 target=0.82148 rr=10.84
14th August 2026 15:40:23 IST | INFO | Email sent: S146 LONG NZDCAD @ 0.81691 (R:R 10.84) — SET SL/TP
14th August 2026 15:40:24 IST | INFO | NZDCAD: market order placed #2161930615 0.01 lots @ 0.81709 | sl/tp attached=False
14th August 2026 15:40:24 IST | INFO | 5m cycle @ 14th August 2026 15:40:00 IST | scanned 29/29 symbols in 5.0s (0.17s/symbol)
14th August 2026 15:45:10 IST | INFO | 5m cycle @ 14th August 2026 15:45:00 IST | scanned 29/29 symbols in 1.6s (0.06s/symbol)
14th August 2026 15:50:12 IST | INFO | 5m cycle @ 14th August 2026 15:50:00 IST | scanned 29/29 symbols in 1.3s (0.04s/symbol)
14th August 2026 15:55:12 IST | INFO | 5m cycle @ 14th August 2026 15:55:00 IST | scanned 29/29 symbols in 0.6s (0.02s/symbol)
14th August 2026 16:00:14 IST | INFO | 5m cycle @ 14th August 2026 16:00:00 IST | scanned 29/29 symbols in 1.5s (0.05s/symbol)
14th August 2026 16:05:15 IST | INFO | 5m cycle @ 14th August 2026 16:05:00 IST | scanned 29/29 symbols in 1.4s (0.05s/symbol)
14th August 2026 16:10:17 IST | INFO | 5m cycle @ 14th August 2026 16:10:00 IST | scanned 29/29 symbols in 1.3s (0.04s/symbol)
14th August 2026 16:15:18 IST | INFO | 5m cycle @ 14th August 2026 16:15:00 IST | scanned 29/29 symbols in 1.6s (0.05s/symbol)
14th August 2026 16:20:19 IST | INFO | 5m cycle @ 14th August 2026 16:20:00 IST | scanned 29/29 symbols in 1.2s (0.04s/symbol)
14th August 2026 16:25:21 IST | INFO | 5m cycle @ 14th August 2026 16:25:00 IST | scanned 29/29 symbols in 1.3s (0.04s/symbol)
14th August 2026 16:30:22 IST | INFO | 5m cycle @ 14th August 2026 16:30:00 IST | scanned 29/29 symbols in 1.5s (0.05s/symbol)
14th August 2026 16:35:24 IST | INFO | 5m cycle @ 14th August 2026 16:35:00 IST | scanned 29/29 symbols in 1.3s (0.04s/symbol)
14th August 2026 16:40:10 IST | INFO | 5m cycle @ 14th August 2026 16:40:00 IST | scanned 29/29 symbols in 1.2s (0.04s/symbol)
14th August 2026 16:45:11 IST | INFO | 5m cycle @ 14th August 2026 16:45:00 IST | scanned 29/29 symbols in 1.5s (0.05s/symbol)
14th August 2026 16:50:13 IST | INFO | 5m cycle @ 14th August 2026 16:50:00 IST | scanned 29/29 symbols in 1.3s (0.04s/symbol)
14th August 2026 16:55:14 IST | INFO | S146 SIGNAL AUDNZD SHORT conservative_mss | trigger=1.20234 stop=1.20318 target=1.20066 rr=2.0
14th August 2026 16:55:17 IST | INFO | Email sent: S146 SHORT AUDNZD @ 1.20234 (R:R 2.0) — SET SL/TP
14th August 2026 16:55:17 IST | INFO | AUDNZD: market order placed #2162303715 0.01 lots @ 1.20252 | sl/tp attached=False
14th August 2026 16:55:18 IST | INFO | 5m cycle @ 14th August 2026 16:55:00 IST | scanned 29/29 symbols in 4.9s (0.17s/symbol)
14th August 2026 17:00:19 IST | INFO | 5m cycle @ 14th August 2026 17:00:00 IST | scanned 29/29 symbols in 1.6s (0.06s/symbol)
14th August 2026 17:05:20 IST | INFO | 5m cycle @ 14th August 2026 17:05:00 IST | scanned 29/29 symbols in 1.3s (0.05s/symbol)
14th August 2026 17:10:22 IST | INFO | 5m cycle @ 14th August 2026 17:10:00 IST | scanned 29/29 symbols in 1.3s (0.04s/symbol)
14th August 2026 17:15:23 IST | INFO | 5m cycle @ 14th August 2026 17:15:00 IST | scanned 29/29 symbols in 1.5s (0.05s/symbol)
14th August 2026 17:20:10 IST | INFO | 5m cycle @ 14th August 2026 17:20:00 IST | scanned 29/29 symbols in 1.4s (0.05s/symbol)
14th August 2026 17:25:10 IST | INFO | S146 SIGNAL EURCHF SHORT aggressive_liquidation | trigger=0.93892 stop=0.93942 target=0.93456 rr=8.83
14th August 2026 17:25:14 IST | INFO | Email sent: S146 SHORT EURCHF @ 0.93892 (R:R 8.83) — SET SL/TP
14th August 2026 17:25:14 IST | INFO | EURCHF: market order placed #2162585424 0.01 lots @ 0.93903 | sl/tp attached=False
14th August 2026 17:25:15 IST | INFO | 5m cycle @ 14th August 2026 17:25:00 IST | scanned 29/29 symbols in 5.8s (0.20s/symbol)
14th August 2026 17:30:18 IST | INFO | 5m cycle @ 14th August 2026 17:30:00 IST | scanned 29/29 symbols in 2.3s (0.08s/symbol)
14th August 2026 17:35:20 IST | INFO | 5m cycle @ 14th August 2026 17:35:00 IST | scanned 29/29 symbols in 1.9s (0.06s/symbol)
14th August 2026 17:40:22 IST | INFO | 5m cycle @ 14th August 2026 17:40:00 IST | scanned 29/29 symbols in 1.9s (0.06s/symbol)
14th August 2026 17:45:25 IST | INFO | 5m cycle @ 14th August 2026 17:45:00 IST | scanned 29/29 symbols in 3.1s (0.11s/symbol)
14th August 2026 17:50:10 IST | INFO | S146 SIGNAL EURCAD LONG aggressive_liquidation | trigger=1.60506 stop=1.60425 target=1.60790 rr=3.5
14th August 2026 17:50:14 IST | INFO | Email sent: S146 LONG EURCAD @ 1.60506 (R:R 3.5) — SET SL/TP
14th August 2026 17:50:15 IST | INFO | EURCAD: market order placed #2162897146 0.01 lots @ 1.60507 | sl/tp attached=False
14th August 2026 17:50:15 IST | INFO | S146 SIGNAL AUDCAD LONG aggressive_liquidation | trigger=0.98252 stop=0.98224 target=0.98319 rr=2.41
14th August 2026 17:50:18 IST | INFO | Email sent: S146 LONG AUDCAD @ 0.98252 (R:R 2.41) — SET SL/TP
14th August 2026 17:50:18 IST | INFO | AUDCAD: market order placed #2162897839 0.01 lots @ 0.98260 | sl/tp attached=False
14th August 2026 17:50:19 IST | INFO | 5m cycle @ 14th August 2026 17:50:00 IST | scanned 29/29 symbols in 9.2s (0.32s/symbol)
14th August 2026 17:55:21 IST | INFO | 5m cycle @ 14th August 2026 17:55:00 IST | scanned 29/29 symbols in 1.6s (0.05s/symbol)
14th August 2026 18:00:22 IST | INFO | 5m cycle @ 14th August 2026 18:00:00 IST | scanned 29/29 symbols in 1.7s (0.06s/symbol)
14th August 2026 18:05:23 IST | INFO | S146 SIGNAL NZDCHF SHORT aggressive_liquidation | trigger=0.47774 stop=0.47830 target=0.47649 rr=2.19
14th August 2026 18:05:27 IST | INFO | Email sent: S146 SHORT NZDCHF @ 0.47774 (R:R 2.19) — SET SL/TP
14th August 2026 18:05:27 IST | INFO | NZDCHF: market order placed #2163116764 0.01 lots @ 0.47781 | sl/tp attached=False
14th August 2026 18:05:27 IST | INFO | 5m cycle @ 14th August 2026 18:05:00 IST | scanned 29/29 symbols in 4.6s (0.16s/symbol)
14th August 2026 18:10:13 IST | INFO | S146 SIGNAL CHFJPY LONG aggressive_liquidation | trigger=195.77779 stop=195.65922 target=196.36800 rr=4.98
14th August 2026 18:10:16 IST | INFO | Email sent: S146 LONG CHFJPY @ 195.77779 (R:R 4.98) — SET SL/TP
14th August 2026 18:10:16 IST | INFO | CHFJPY: market order placed #2163186026 0.01 lots @ 195.77700 | sl/tp attached=False
14th August 2026 18:10:16 IST | INFO | 5m cycle @ 14th August 2026 18:10:00 IST | scanned 29/29 symbols in 4.3s (0.15s/symbol)
14th August 2026 18:15:17 IST | INFO | 5m cycle @ 14th August 2026 18:15:00 IST | scanned 29/29 symbols in 1.3s (0.04s/symbol)
14th August 2026 18:20:18 IST | INFO | 5m cycle @ 14th August 2026 18:20:00 IST | scanned 29/29 symbols in 1.0s (0.04s/symbol)
14th August 2026 18:25:20 IST | INFO | 5m cycle @ 14th August 2026 18:25:00 IST | scanned 29/29 symbols in 1.2s (0.04s/symbol)
14th August 2026 18:25:30 IST | INFO | === liveTrade config / connectivity check ===
14th August 2026 18:25:30 IST | INFO | Strategy          : s146
14th August 2026 18:25:30 IST | INFO | Symbols           : ['EURUSD', 'GBPUSD', 'USDJPY', 'USDCHF', 'AUDUSD', 'NZDUSD', 'USDCAD', 'EURGBP', 'EURJPY', 'EURCHF', 'EURAUD', 'EURCAD', 'EURNZD', 'GBPJPY', 'GBPCHF', 'GBPAUD', 'GBPCAD', 'GBPNZD', 'AUDJPY', 'AUDNZD', 'AUDCAD', 'AUDCHF', 'NZDJPY', 'NZDCAD', 'NZDCHF', 'CADJPY', 'CADCHF', 'CHFJPY', 'XAUUSD']
14th August 2026 18:25:30 IST | INFO | DRY_RUN           : False
14th August 2026 18:25:30 IST | INFO | Lot sizing        : margin Rs 1000  | leverage 1:2000  | max_lot 50.0
14th August 2026 18:25:30 IST | INFO | Guards            : one_per_pair=True max_concurrent=8 max_daily_loss=Rs10000
14th August 2026 18:25:30 IST | INFO | Email configured  : True
14th August 2026 18:25:30 IST | INFO | MT5 connected | Exness-MT5Trial15 | DEMO | balance=9129.07 INR | leverage 1:2000
14th August 2026 18:25:30 IST | INFO | S146 params       : MIN_RR=1.5 MAX_RR=20.0 entry_mode=market hold=864 bars require_new_15m=True demo_only=True
14th August 2026 18:25:30 IST | INFO | S146 account mode : DEMO
14th August 2026 18:25:30 IST | INFO | S146 journals     : logs/s146_4h_events.log, logs/s146_15m_events.log, logs/s146_5m_events.log, logs/s146_trades.log
14th August 2026 18:25:30 IST | INFO |   EURUSD   -> EURUSDm      last_closed_5m=2026-08-14 12:50:00+00:00 lots=0.16
14th August 2026 18:25:30 IST | INFO |   GBPUSD   -> GBPUSDm      last_closed_5m=2026-08-14 12:50:00+00:00 lots=0.14
14th August 2026 18:25:30 IST | INFO |   USDJPY   -> USDJPYm      last_closed_5m=2026-08-14 12:50:00+00:00 lots=0.19
14th August 2026 18:25:30 IST | INFO |   USDCHF   -> USDCHFm      last_closed_5m=2026-08-14 12:50:00+00:00 lots=0.19
14th August 2026 18:25:30 IST | INFO |   AUDUSD   -> AUDUSDm      last_closed_5m=2026-08-14 12:50:00+00:00 lots=0.27
14th August 2026 18:25:30 IST | INFO |   NZDUSD   -> NZDUSDm      last_closed_5m=2026-08-14 12:50:00+00:00 lots=0.32
14th August 2026 18:25:30 IST | INFO |   USDCAD   -> USDCADm      last_closed_5m=2026-08-14 12:50:00+00:00 lots=0.19
14th August 2026 18:25:30 IST | INFO |   EURGBP   -> EURGBPm      last_closed_5m=2026-08-14 12:50:00+00:00 lots=0.16
14th August 2026 18:25:30 IST | INFO |   EURJPY   -> EURJPYm      last_closed_5m=2026-08-14 12:50:00+00:00 lots=0.16
14th August 2026 18:25:30 IST | INFO |   EURCHF   -> EURCHFm      last_closed_5m=2026-08-14 12:50:00+00:00 lots=0.16
14th August 2026 18:25:30 IST | INFO |   EURAUD   -> EURAUDm      last_closed_5m=2026-08-14 12:50:00+00:00 lots=0.16
14th August 2026 18:25:30 IST | INFO |   EURCAD   -> EURCADm      last_closed_5m=2026-08-14 12:50:00+00:00 lots=0.16
14th August 2026 18:25:30 IST | INFO |   EURNZD   -> EURNZDm      last_closed_5m=2026-08-14 12:50:00+00:00 lots=0.16
14th August 2026 18:25:30 IST | INFO |   GBPJPY   -> GBPJPYm      last_closed_5m=2026-08-14 12:50:00+00:00 lots=0.14
14th August 2026 18:25:30 IST | INFO |   GBPCHF   -> GBPCHFm      last_closed_5m=2026-08-14 12:50:00+00:00 lots=0.14
14th August 2026 18:25:30 IST | INFO |   GBPAUD   -> GBPAUDm      last_closed_5m=2026-08-14 12:50:00+00:00 lots=0.14
14th August 2026 18:25:30 IST | INFO |   GBPCAD   -> GBPCADm      last_closed_5m=2026-08-14 12:50:00+00:00 lots=0.14
14th August 2026 18:25:30 IST | INFO |   GBPNZD   -> GBPNZDm      last_closed_5m=2026-08-14 12:50:00+00:00 lots=0.14
14th August 2026 18:25:30 IST | INFO |   AUDJPY   -> AUDJPYm      last_closed_5m=2026-08-14 12:50:00+00:00 lots=0.27
14th August 2026 18:25:30 IST | INFO |   AUDNZD   -> AUDNZDm      last_closed_5m=2026-08-14 11:55:00+00:00 lots=0.27
14th August 2026 18:25:30 IST | INFO |   AUDCAD   -> AUDCADm      last_closed_5m=2026-08-14 12:50:00+00:00 lots=0.27
14th August 2026 18:25:30 IST | INFO |   AUDCHF   -> AUDCHFm      last_closed_5m=2026-08-14 12:50:00+00:00 lots=0.27
14th August 2026 18:25:30 IST | INFO |   NZDJPY   -> NZDJPYm      last_closed_5m=2026-08-14 12:50:00+00:00 lots=0.32
14th August 2026 18:25:30 IST | INFO |   NZDCAD   -> NZDCADm      last_closed_5m=2026-08-14 10:40:00+00:00 lots=0.32
14th August 2026 18:25:31 IST | INFO |   NZDCHF   -> NZDCHFm      last_closed_5m=2026-08-14 12:50:00+00:00 lots=0.32
14th August 2026 18:25:31 IST | INFO |   CADJPY   -> CADJPYm      last_closed_5m=2026-08-14 12:50:00+00:00 lots=0.26
14th August 2026 18:25:31 IST | INFO |   CADCHF   -> CADCHFm      last_closed_5m=2026-08-14 12:50:00+00:00 lots=0.26
14th August 2026 18:25:31 IST | INFO |   CHFJPY   -> CHFJPYm      last_closed_5m=2026-08-14 12:50:00+00:00 lots=0.15
14th August 2026 18:25:31 IST | INFO |   XAUUSD   -> XAUUSDm      last_closed_5m=2026-08-14 12:50:00+00:00 lots=0.04
14th August 2026 18:25:31 IST | INFO | Check complete.
14th August 2026 18:26:02 IST | INFO | MT5 connected | Exness-MT5Trial15 | DEMO | balance=9129.07 INR | leverage 1:2000
14th August 2026 18:30:21 IST | INFO | 5m cycle @ 14th August 2026 18:30:00 IST | scanned 29/29 symbols in 1.3s (0.04s/symbol)
14th August 2026 18:30:36 IST | INFO | Stopped by user.
14th August 2026 18:30:43 IST | INFO | MT5 connected | Exness-MT5Trial15 | DEMO | balance=9129.07 INR | leverage 1:2000
14th August 2026 18:30:43 IST | INFO | liveTrade s146 started | Strategy 146 live engine started | ---------------------------------------- | Account   : 474381718 DEMO INR bal=9129.07 | Symbols   : EURUSD, GBPUSD, USDJPY, USDCHF, AUDUSD, NZDUSD, USDCAD, EURGBP, EURJPY, EURCHF, EURAUD, EURCAD, EURNZD, GBPJPY, GBPCHF, GBPAUD, GBPCAD, GBPNZD, AUDJPY, AUDNZD, AUDCAD, AUDCHF, NZDJPY, NZDCAD, NZDCHF, CADJPY, CADCHF, CHFJPY, XAUUSD | DRY_RUN   : False | Demo only : True (orders blocked: False) | Sizing    : margin Rs1000 @ 1:2000 | max_concurrent=8 | Entry mode: market (SL/TP attached: True) | Stop      : 15m zone distal edge + 0.5 bps buffer | Target    : 1.25R from entry (4H destination is the qualifier only) | R:R band  : 1.5 - 20.0 (measured to the 4H destination) | Hold limit: 864 5m bars | New-15m   : True (engine start 14th August 2026 18:30:43 IST) | Journals  : {'4h': 'D:\\WorkZera\\Projects\\strategies\\yt_learning\\liveTrade\\logs\\s146_4h_events.log', '15m': 'D:\\WorkZera\\Projects\\strategies\\yt_learning\\liveTrade\\logs\\s146_15m_events.log', '5m': 'D:\\WorkZera\\Projects\\strategies\\yt_learning\\liveTrade\\logs\\s146_5m_events.log', 'trade': 'D:\\WorkZera\\Projects\\strategies\\yt_learning\\liveTrade\\logs\\s146_trades.log'} | 
14th August 2026 18:30:46 IST | INFO | Email sent: Strategy146 liveTrade STARTED
14th August 2026 18:30:46 IST | INFO | s146 #2163116764 levels -> sl=0.47830 tp=0.47719 (1.25R of 0.00049 from fill 0.47781) ok=True
14th August 2026 18:30:47 IST | INFO | s146 #2163186026 levels -> sl=195.65922 tp=195.92423 (1.25R of 0.11778 from fill 195.77700) ok=True
14th August 2026 18:30:47 IST | INFO | 5m cycle @ 14th August 2026 18:30:00 IST | scanned 29/29 symbols in 0.6s (0.02s/symbol)
14th August 2026 18:35:18 IST | INFO | 5m cycle @ 14th August 2026 18:35:00 IST | scanned 29/29 symbols in 1.0s (0.04s/symbol)
14th August 2026 18:40:19 IST | INFO | 5m cycle @ 14th August 2026 18:40:00 IST | scanned 29/29 symbols in 1.0s (0.03s/symbol)
14th August 2026 18:45:20 IST | INFO | 5m cycle @ 14th August 2026 18:45:00 IST | scanned 29/29 symbols in 1.2s (0.04s/symbol)
14th August 2026 18:50:22 IST | INFO | 5m cycle @ 14th August 2026 18:50:00 IST | scanned 29/29 symbols in 1.1s (0.04s/symbol)
14th August 2026 18:55:23 IST | INFO | 5m cycle @ 14th August 2026 18:55:00 IST | scanned 29/29 symbols in 1.1s (0.04s/symbol)
14th August 2026 19:00:09 IST | INFO | 5m cycle @ 14th August 2026 19:00:00 IST | scanned 29/29 symbols in 1.2s (0.04s/symbol)
14th August 2026 19:05:10 IST | INFO | 5m cycle @ 14th August 2026 19:05:00 IST | scanned 29/29 symbols in 1.1s (0.04s/symbol)
14th August 2026 19:10:11 IST | INFO | 5m cycle @ 14th August 2026 19:10:00 IST | scanned 29/29 symbols in 1.3s (0.04s/symbol)
14th August 2026 19:15:13 IST | INFO | 5m cycle @ 14th August 2026 19:15:00 IST | scanned 29/29 symbols in 1.4s (0.05s/symbol)
14th August 2026 19:20:14 IST | INFO | 5m cycle @ 14th August 2026 19:20:00 IST | scanned 29/29 symbols in 1.3s (0.04s/symbol)
14th August 2026 19:25:15 IST | INFO | 5m cycle @ 14th August 2026 19:25:00 IST | scanned 29/29 symbols in 1.2s (0.04s/symbol)
14th August 2026 19:30:17 IST | INFO | 5m cycle @ 14th August 2026 19:30:00 IST | scanned 29/29 symbols in 1.4s (0.05s/symbol)
14th August 2026 19:35:18 IST | INFO | 5m cycle @ 14th August 2026 19:35:00 IST | scanned 29/29 symbols in 1.2s (0.04s/symbol)
14th August 2026 19:40:19 IST | INFO | 5m cycle @ 14th August 2026 19:40:00 IST | scanned 29/29 symbols in 1.2s (0.04s/symbol)
14th August 2026 19:45:21 IST | INFO | 5m cycle @ 14th August 2026 19:45:00 IST | scanned 29/29 symbols in 2.1s (0.07s/symbol)
14th August 2026 19:50:22 IST | INFO | 5m cycle @ 14th August 2026 19:50:00 IST | scanned 29/29 symbols in 1.2s (0.04s/symbol)
14th August 2026 19:55:24 IST | INFO | 5m cycle @ 14th August 2026 19:55:00 IST | scanned 29/29 symbols in 1.2s (0.04s/symbol)
14th August 2026 20:00:10 IST | INFO | 5m cycle @ 14th August 2026 20:00:00 IST | scanned 29/29 symbols in 1.5s (0.05s/symbol)
14th August 2026 20:05:11 IST | INFO | 5m cycle @ 14th August 2026 20:05:00 IST | scanned 29/29 symbols in 1.3s (0.04s/symbol)
14th August 2026 20:10:13 IST | INFO | 5m cycle @ 14th August 2026 20:10:00 IST | scanned 29/29 symbols in 1.2s (0.04s/symbol)
14th August 2026 20:15:14 IST | INFO | 5m cycle @ 14th August 2026 20:15:00 IST | scanned 29/29 symbols in 1.6s (0.05s/symbol)
14th August 2026 20:20:16 IST | INFO | 5m cycle @ 14th August 2026 20:20:00 IST | scanned 29/29 symbols in 1.3s (0.04s/symbol)
14th August 2026 20:25:17 IST | INFO | 5m cycle @ 14th August 2026 20:25:00 IST | scanned 29/29 symbols in 1.3s (0.05s/symbol)
14th August 2026 20:30:18 IST | INFO | 5m cycle @ 14th August 2026 20:30:00 IST | scanned 29/29 symbols in 1.5s (0.05s/symbol)
14th August 2026 20:35:20 IST | INFO | 5m cycle @ 14th August 2026 20:35:00 IST | scanned 29/29 symbols in 1.2s (0.04s/symbol)
14th August 2026 20:40:20 IST | INFO | 5m cycle @ 14th August 2026 20:40:00 IST | scanned 29/29 symbols in 0.7s (0.03s/symbol)
14th August 2026 20:45:22 IST | INFO | 5m cycle @ 14th August 2026 20:45:00 IST | scanned 29/29 symbols in 1.9s (0.07s/symbol)
14th August 2026 20:50:24 IST | INFO | 5m cycle @ 14th August 2026 20:50:00 IST | scanned 29/29 symbols in 1.3s (0.04s/symbol)
14th August 2026 20:55:10 IST | INFO | 5m cycle @ 14th August 2026 20:55:00 IST | scanned 29/29 symbols in 1.2s (0.04s/symbol)
14th August 2026 21:00:11 IST | INFO | 5m cycle @ 14th August 2026 21:00:00 IST | scanned 29/29 symbols in 1.5s (0.05s/symbol)
14th August 2026 21:05:13 IST | INFO | 5m cycle @ 14th August 2026 21:05:00 IST | scanned 29/29 symbols in 1.3s (0.04s/symbol)
14th August 2026 21:10:14 IST | INFO | 5m cycle @ 14th August 2026 21:10:00 IST | scanned 29/29 symbols in 1.2s (0.04s/symbol)
14th August 2026 21:15:16 IST | INFO | 5m cycle @ 14th August 2026 21:15:00 IST | scanned 29/29 symbols in 1.5s (0.05s/symbol)
14th August 2026 21:20:17 IST | INFO | 5m cycle @ 14th August 2026 21:20:00 IST | scanned 29/29 symbols in 1.5s (0.05s/symbol)
14th August 2026 21:25:18 IST | INFO | 5m cycle @ 14th August 2026 21:25:00 IST | scanned 29/29 symbols in 1.3s (0.04s/symbol)
14th August 2026 21:30:20 IST | INFO | 5m cycle @ 14th August 2026 21:30:00 IST | scanned 29/29 symbols in 1.6s (0.06s/symbol)
14th August 2026 21:35:21 IST | INFO | 5m cycle @ 14th August 2026 21:35:00 IST | scanned 29/29 symbols in 1.3s (0.04s/symbol)
14th August 2026 21:40:23 IST | INFO | 5m cycle @ 14th August 2026 21:40:00 IST | scanned 29/29 symbols in 1.2s (0.04s/symbol)
14th August 2026 21:45:09 IST | INFO | 5m cycle @ 14th August 2026 21:45:00 IST | scanned 29/29 symbols in 1.4s (0.05s/symbol)
14th August 2026 21:50:10 IST | INFO | 5m cycle @ 14th August 2026 21:50:00 IST | scanned 29/29 symbols in 1.2s (0.04s/symbol)
14th August 2026 21:55:11 IST | INFO | 5m cycle @ 14th August 2026 21:55:00 IST | scanned 29/29 symbols in 1.2s (0.04s/symbol)
14th August 2026 22:00:13 IST | INFO | 5m cycle @ 14th August 2026 22:00:00 IST | scanned 29/29 symbols in 1.5s (0.05s/symbol)
14th August 2026 22:05:14 IST | INFO | 5m cycle @ 14th August 2026 22:05:00 IST | scanned 29/29 symbols in 1.3s (0.04s/symbol)
14th August 2026 22:10:16 IST | INFO | 5m cycle @ 14th August 2026 22:10:00 IST | scanned 29/29 symbols in 1.2s (0.04s/symbol)
14th August 2026 22:15:16 IST | INFO | S146 SIGNAL EURGBP LONG aggressive_liquidation | trigger=0.85439 stop=0.85418 target=0.85466 (1.25R) | 4H dest=0.85637 (9.18R)
14th August 2026 22:15:22 IST | INFO | Email sent: S146 LONG EURGBP @ 0.85439 (1.25R target)
14th August 2026 22:15:22 IST | INFO | EURGBP: market order placed #2165163624 0.16 lots @ 0.85446 | sl/tp attached=True
14th August 2026 22:15:23 IST | INFO | 5m cycle @ 14th August 2026 22:15:00 IST | scanned 29/29 symbols in 7.3s (0.25s/symbol)
14th August 2026 22:20:09 IST | INFO | S146 SIGNAL GBPNZD SHORT aggressive_liquidation | trigger=2.29879 stop=2.30033 target=2.29686 (1.25R) | 4H dest=2.29156 (4.69R)
14th August 2026 22:20:12 IST | INFO | Email sent: S146 SHORT GBPNZD @ 2.29879 (1.25R target)
14th August 2026 22:20:12 IST | INFO | GBPNZD: market order placed #2165181090 0.15 lots @ 2.29914 | sl/tp attached=True
14th August 2026 22:20:13 IST | INFO | 5m cycle @ 14th August 2026 22:20:00 IST | scanned 29/29 symbols in 4.6s (0.16s/symbol)
14th August 2026 22:25:14 IST | INFO | 5m cycle @ 14th August 2026 22:25:00 IST | scanned 29/29 symbols in 1.2s (0.04s/symbol)
14th August 2026 22:30:15 IST | INFO | 5m cycle @ 14th August 2026 22:30:00 IST | scanned 29/29 symbols in 1.4s (0.05s/symbol)
14th August 2026 22:35:17 IST | INFO | 5m cycle @ 14th August 2026 22:35:00 IST | scanned 29/29 symbols in 1.3s (0.04s/symbol)
14th August 2026 22:40:18 IST | INFO | 5m cycle @ 14th August 2026 22:40:00 IST | scanned 29/29 symbols in 1.2s (0.04s/symbol)
14th August 2026 22:45:19 IST | INFO | 5m cycle @ 14th August 2026 22:45:00 IST | scanned 29/29 symbols in 1.4s (0.05s/symbol)
14th August 2026 22:50:20 IST | INFO | 5m cycle @ 14th August 2026 22:50:00 IST | scanned 29/29 symbols in 1.3s (0.05s/symbol)
14th August 2026 22:55:22 IST | INFO | S146 SIGNAL CHFJPY LONG aggressive_liquidation | trigger=195.97280 stop=195.86321 target=196.10979 (1.25R) | 4H dest=196.36800 (3.61R)
14th August 2026 22:55:25 IST | INFO | Email sent: S146 LONG CHFJPY @ 195.97280 (1.25R target)
14th August 2026 22:55:25 IST | INFO | CHFJPY: market order placed #2165344706 0.16 lots @ 195.98600 | sl/tp attached=True
14th August 2026 22:55:25 IST | INFO | 5m cycle @ 14th August 2026 22:55:00 IST | scanned 29/29 symbols in 4.9s (0.17s/symbol)
14th August 2026 23:00:12 IST | INFO | 5m cycle @ 14th August 2026 23:00:00 IST | scanned 29/29 symbols in 1.4s (0.05s/symbol)
14th August 2026 23:05:13 IST | INFO | 5m cycle @ 14th August 2026 23:05:00 IST | scanned 29/29 symbols in 1.3s (0.04s/symbol)
14th August 2026 23:10:14 IST | INFO | 5m cycle @ 14th August 2026 23:10:00 IST | scanned 29/29 symbols in 1.2s (0.04s/symbol)
14th August 2026 23:15:16 IST | INFO | 5m cycle @ 14th August 2026 23:15:00 IST | scanned 29/29 symbols in 1.4s (0.05s/symbol)
14th August 2026 23:20:17 IST | INFO | 5m cycle @ 14th August 2026 23:20:00 IST | scanned 29/29 symbols in 1.1s (0.04s/symbol)
14th August 2026 23:25:18 IST | INFO | 5m cycle @ 14th August 2026 23:25:00 IST | scanned 29/29 symbols in 1.1s (0.04s/symbol)
14th August 2026 23:30:19 IST | INFO | 5m cycle @ 14th August 2026 23:30:00 IST | scanned 29/29 symbols in 1.4s (0.05s/symbol)
14th August 2026 23:35:21 IST | INFO | 5m cycle @ 14th August 2026 23:35:00 IST | scanned 29/29 symbols in 1.2s (0.04s/symbol)
14th August 2026 23:40:22 IST | INFO | 5m cycle @ 14th August 2026 23:40:00 IST | scanned 29/29 symbols in 1.2s (0.04s/symbol)
14th August 2026 23:45:23 IST | INFO | 5m cycle @ 14th August 2026 23:45:00 IST | scanned 29/29 symbols in 1.4s (0.05s/symbol)
14th August 2026 23:50:10 IST | INFO | 5m cycle @ 14th August 2026 23:50:00 IST | scanned 29/29 symbols in 1.4s (0.05s/symbol)
14th August 2026 23:55:11 IST | INFO | 5m cycle @ 14th August 2026 23:55:00 IST | scanned 29/29 symbols in 1.1s (0.04s/symbol)
15th August 2026 0:00:12 IST | INFO | 5m cycle @ 15th August 2026 0:00:00 IST | scanned 29/29 symbols in 1.3s (0.05s/symbol)
15th August 2026 0:05:14 IST | INFO | 5m cycle @ 15th August 2026 0:05:00 IST | scanned 29/29 symbols in 1.6s (0.05s/symbol)
15th August 2026 0:10:15 IST | INFO | 5m cycle @ 15th August 2026 0:10:00 IST | scanned 29/29 symbols in 1.1s (0.04s/symbol)
15th August 2026 0:15:16 IST | INFO | 5m cycle @ 15th August 2026 0:15:00 IST | scanned 29/29 symbols in 1.7s (0.06s/symbol)
15th August 2026 0:20:18 IST | INFO | 5m cycle @ 15th August 2026 0:20:00 IST | scanned 29/29 symbols in 1.9s (0.06s/symbol)
15th August 2026 0:25:20 IST | INFO | 5m cycle @ 15th August 2026 0:25:00 IST | scanned 29/29 symbols in 2.0s (0.07s/symbol)
15th August 2026 0:30:22 IST | INFO | 5m cycle @ 15th August 2026 0:30:00 IST | scanned 29/29 symbols in 1.8s (0.06s/symbol)
15th August 2026 0:35:24 IST | INFO | 5m cycle @ 15th August 2026 0:35:00 IST | scanned 29/29 symbols in 1.4s (0.05s/symbol)
15th August 2026 0:40:10 IST | INFO | 5m cycle @ 15th August 2026 0:40:00 IST | scanned 29/29 symbols in 1.6s (0.05s/symbol)
15th August 2026 0:45:12 IST | INFO | 5m cycle @ 15th August 2026 0:45:00 IST | scanned 29/29 symbols in 1.7s (0.06s/symbol)
15th August 2026 0:50:13 IST | INFO | 5m cycle @ 15th August 2026 0:50:00 IST | scanned 29/29 symbols in 1.4s (0.05s/symbol)
15th August 2026 0:55:15 IST | INFO | 5m cycle @ 15th August 2026 0:55:00 IST | scanned 29/29 symbols in 1.6s (0.06s/symbol)
15th August 2026 1:00:17 IST | INFO | 5m cycle @ 15th August 2026 1:00:00 IST | scanned 29/29 symbols in 2.0s (0.07s/symbol)
15th August 2026 1:05:19 IST | INFO | 5m cycle @ 15th August 2026 1:05:00 IST | scanned 29/29 symbols in 1.5s (0.05s/symbol)
15th August 2026 1:10:20 IST | INFO | 5m cycle @ 15th August 2026 1:10:00 IST | scanned 29/29 symbols in 1.7s (0.06s/symbol)
15th August 2026 1:15:22 IST | INFO | 5m cycle @ 15th August 2026 1:15:00 IST | scanned 29/29 symbols in 2.1s (0.07s/symbol)
15th August 2026 1:20:09 IST | INFO | 5m cycle @ 15th August 2026 1:20:00 IST | scanned 29/29 symbols in 1.8s (0.06s/symbol)
15th August 2026 1:25:11 IST | INFO | 5m cycle @ 15th August 2026 1:25:00 IST | scanned 29/29 symbols in 1.5s (0.05s/symbol)
15th August 2026 1:30:13 IST | INFO | 5m cycle @ 15th August 2026 1:30:00 IST | scanned 29/29 symbols in 1.9s (0.07s/symbol)
15th August 2026 1:35:14 IST | INFO | 5m cycle @ 15th August 2026 1:35:00 IST | scanned 29/29 symbols in 1.4s (0.05s/symbol)
15th August 2026 1:40:16 IST | INFO | 5m cycle @ 15th August 2026 1:40:00 IST | scanned 29/29 symbols in 1.7s (0.06s/symbol)
15th August 2026 1:45:18 IST | INFO | 5m cycle @ 15th August 2026 1:45:00 IST | scanned 29/29 symbols in 1.9s (0.07s/symbol)
15th August 2026 1:50:19 IST | INFO | 5m cycle @ 15th August 2026 1:50:00 IST | scanned 29/29 symbols in 1.7s (0.06s/symbol)
15th August 2026 1:55:21 IST | INFO | 5m cycle @ 15th August 2026 1:55:00 IST | scanned 29/29 symbols in 1.5s (0.05s/symbol)
15th August 2026 2:00:22 IST | INFO | S146 SIGNAL EURCAD LONG aggressive_liquidation | trigger=1.60508 stop=1.60462 target=1.60566 (1.25R) | 4H dest=1.60790 (6.12R)
15th August 2026 2:00:27 IST | INFO | Email sent: S146 LONG EURCAD @ 1.60508 (1.25R target)
15th August 2026 2:00:27 IST | ERROR | EURCAD: order rejected retcode=10019 no money
15th August 2026 2:00:28 IST | INFO | 5m cycle @ 15th August 2026 2:00:00 IST | scanned 29/29 symbols in 7.5s (0.26s/symbol)
15th August 2026 2:05:15 IST | INFO | 5m cycle @ 15th August 2026 2:05:00 IST | scanned 29/29 symbols in 1.6s (0.05s/symbol)
15th August 2026 2:10:17 IST | INFO | 5m cycle @ 15th August 2026 2:10:00 IST | scanned 29/29 symbols in 1.5s (0.05s/symbol)
15th August 2026 2:15:18 IST | INFO | 5m cycle @ 15th August 2026 2:15:00 IST | scanned 29/29 symbols in 1.7s (0.06s/symbol)
15th August 2026 2:20:20 IST | INFO | 5m cycle @ 15th August 2026 2:20:00 IST | scanned 29/29 symbols in 1.8s (0.06s/symbol)
15th August 2026 2:25:22 IST | INFO | 5m cycle @ 15th August 2026 2:25:00 IST | scanned 29/29 symbols in 1.6s (0.05s/symbol)
15th August 2026 2:30:24 IST | INFO | 5m cycle @ 15th August 2026 2:30:00 IST | scanned 29/29 symbols in 2.1s (0.07s/symbol)
15th August 2026 2:35:10 IST | INFO | 5m cycle @ 15th August 2026 2:35:00 IST | scanned 29/29 symbols in 1.6s (0.05s/symbol)
15th August 2026 2:40:12 IST | INFO | 5m cycle @ 15th August 2026 2:40:00 IST | scanned 29/29 symbols in 1.7s (0.06s/symbol)
15th August 2026 2:45:15 IST | INFO | 5m cycle @ 15th August 2026 2:45:00 IST | scanned 29/29 symbols in 3.3s (0.11s/symbol)
15th August 2026 2:50:17 IST | INFO | 5m cycle @ 15th August 2026 2:50:00 IST | scanned 29/29 symbols in 1.8s (0.06s/symbol)
15th August 2026 2:55:19 IST | INFO | 5m cycle @ 15th August 2026 2:55:00 IST | scanned 29/29 symbols in 1.7s (0.06s/symbol)
15th August 2026 3:00:20 IST | INFO | 5m cycle @ 15th August 2026 3:00:00 IST | scanned 29/29 symbols in 1.3s (0.05s/symbol)
15th August 2026 3:05:22 IST | INFO | 5m cycle @ 15th August 2026 3:05:00 IST | scanned 29/29 symbols in 1.3s (0.05s/symbol)
15th August 2026 3:10:23 IST | INFO | 5m cycle @ 15th August 2026 3:10:00 IST | scanned 29/29 symbols in 1.3s (0.04s/symbol)
15th August 2026 3:15:09 IST | INFO | 5m cycle @ 15th August 2026 3:15:00 IST | scanned 29/29 symbols in 1.3s (0.05s/symbol)
15th August 2026 3:20:11 IST | INFO | 5m cycle @ 15th August 2026 3:20:00 IST | scanned 29/29 symbols in 1.3s (0.04s/symbol)
15th August 2026 3:25:12 IST | INFO | 5m cycle @ 15th August 2026 3:25:00 IST | scanned 29/29 symbols in 1.3s (0.04s/symbol)
15th August 2026 3:30:13 IST | INFO | 5m cycle @ 15th August 2026 3:30:00 IST | scanned 29/29 symbols in 1.3s (0.04s/symbol)
15th August 2026 3:35:14 IST | INFO | 5m cycle @ 15th August 2026 3:35:00 IST | scanned 29/29 symbols in 1.3s (0.04s/symbol)
15th August 2026 3:40:16 IST | INFO | 5m cycle @ 15th August 2026 3:40:00 IST | scanned 29/29 symbols in 1.3s (0.05s/symbol)
15th August 2026 3:45:17 IST | INFO | 5m cycle @ 15th August 2026 3:45:00 IST | scanned 29/29 symbols in 1.3s (0.05s/symbol)
15th August 2026 3:50:19 IST | INFO | 5m cycle @ 15th August 2026 3:50:00 IST | scanned 29/29 symbols in 1.3s (0.05s/symbol)
15th August 2026 3:55:20 IST | INFO | 5m cycle @ 15th August 2026 3:55:00 IST | scanned 29/29 symbols in 1.4s (0.05s/symbol)
15th August 2026 13:42:36 IST | INFO | 5m cycle @ 15th August 2026 13:40:00 IST | scanned 29/29 symbols in 2.6s (0.09s/symbol)
15th August 2026 13:45:24 IST | INFO | 5m cycle @ 15th August 2026 13:45:00 IST | scanned 29/29 symbols in 2.7s (0.09s/symbol)
15th August 2026 13:50:10 IST | INFO | 5m cycle @ 15th August 2026 13:50:00 IST | scanned 29/29 symbols in 1.4s (0.05s/symbol)
15th August 2026 13:55:12 IST | INFO | 5m cycle @ 15th August 2026 13:55:00 IST | scanned 29/29 symbols in 1.3s (0.05s/symbol)
15th August 2026 14:00:13 IST | INFO | 5m cycle @ 15th August 2026 14:00:00 IST | scanned 29/29 symbols in 1.3s (0.04s/symbol)
15th August 2026 14:05:14 IST | INFO | 5m cycle @ 15th August 2026 14:05:00 IST | scanned 29/29 symbols in 1.3s (0.04s/symbol)
15th August 2026 14:10:16 IST | INFO | 5m cycle @ 15th August 2026 14:10:00 IST | scanned 29/29 symbols in 1.2s (0.04s/symbol)
15th August 2026 14:15:17 IST | INFO | 5m cycle @ 15th August 2026 14:15:00 IST | scanned 29/29 symbols in 1.3s (0.04s/symbol)
15th August 2026 14:20:18 IST | INFO | 5m cycle @ 15th August 2026 14:20:00 IST | scanned 29/29 symbols in 1.3s (0.04s/symbol)
15th August 2026 14:25:19 IST | INFO | 5m cycle @ 15th August 2026 14:25:00 IST | scanned 29/29 symbols in 1.3s (0.04s/symbol)
15th August 2026 14:30:21 IST | INFO | 5m cycle @ 15th August 2026 14:30:00 IST | scanned 29/29 symbols in 1.3s (0.04s/symbol)
15th August 2026 14:35:22 IST | INFO | 5m cycle @ 15th August 2026 14:35:00 IST | scanned 29/29 symbols in 1.2s (0.04s/symbol)
15th August 2026 14:40:23 IST | INFO | 5m cycle @ 15th August 2026 14:40:00 IST | scanned 29/29 symbols in 1.5s (0.05s/symbol)
15th August 2026 14:45:10 IST | INFO | 5m cycle @ 15th August 2026 14:45:00 IST | scanned 29/29 symbols in 1.2s (0.04s/symbol)
15th August 2026 14:50:11 IST | INFO | 5m cycle @ 15th August 2026 14:50:00 IST | scanned 29/29 symbols in 1.2s (0.04s/symbol)
15th August 2026 14:55:12 IST | INFO | 5m cycle @ 15th August 2026 14:55:00 IST | scanned 29/29 symbols in 1.2s (0.04s/symbol)
15th August 2026 15:00:13 IST | INFO | 5m cycle @ 15th August 2026 15:00:00 IST | scanned 29/29 symbols in 1.3s (0.04s/symbol)
15th August 2026 15:05:15 IST | INFO | 5m cycle @ 15th August 2026 15:05:00 IST | scanned 29/29 symbols in 1.2s (0.04s/symbol)
15th August 2026 15:10:16 IST | INFO | 5m cycle @ 15th August 2026 15:10:00 IST | scanned 29/29 symbols in 1.2s (0.04s/symbol)
15th August 2026 15:15:17 IST | INFO | 5m cycle @ 15th August 2026 15:15:00 IST | scanned 29/29 symbols in 1.3s (0.04s/symbol)
15th August 2026 15:20:19 IST | INFO | 5m cycle @ 15th August 2026 15:20:00 IST | scanned 29/29 symbols in 1.4s (0.05s/symbol)
15th August 2026 15:25:20 IST | INFO | 5m cycle @ 15th August 2026 15:25:00 IST | scanned 29/29 symbols in 1.3s (0.04s/symbol)
15th August 2026 15:30:21 IST | INFO | 5m cycle @ 15th August 2026 15:30:00 IST | scanned 29/29 symbols in 1.3s (0.04s/symbol)
15th August 2026 15:35:22 IST | INFO | 5m cycle @ 15th August 2026 15:35:00 IST | scanned 29/29 symbols in 1.3s (0.04s/symbol)
15th August 2026 15:40:24 IST | INFO | 5m cycle @ 15th August 2026 15:40:00 IST | scanned 29/29 symbols in 1.4s (0.05s/symbol)
15th August 2026 15:45:10 IST | INFO | 5m cycle @ 15th August 2026 15:45:00 IST | scanned 29/29 symbols in 1.3s (0.04s/symbol)
15th August 2026 15:50:11 IST | INFO | 5m cycle @ 15th August 2026 15:50:00 IST | scanned 29/29 symbols in 1.3s (0.04s/symbol)
15th August 2026 15:55:13 IST | INFO | 5m cycle @ 15th August 2026 15:55:00 IST | scanned 29/29 symbols in 1.3s (0.05s/symbol)
15th August 2026 16:00:14 IST | INFO | 5m cycle @ 15th August 2026 16:00:00 IST | scanned 29/29 symbols in 1.4s (0.05s/symbol)
15th August 2026 16:05:15 IST | INFO | 5m cycle @ 15th August 2026 16:05:00 IST | scanned 29/29 symbols in 1.2s (0.04s/symbol)
15th August 2026 16:10:17 IST | INFO | 5m cycle @ 15th August 2026 16:10:00 IST | scanned 29/29 symbols in 1.3s (0.05s/symbol)
15th August 2026 16:15:18 IST | INFO | 5m cycle @ 15th August 2026 16:15:00 IST | scanned 29/29 symbols in 1.2s (0.04s/symbol)
15th August 2026 16:20:19 IST | INFO | 5m cycle @ 15th August 2026 16:20:00 IST | scanned 29/29 symbols in 1.3s (0.04s/symbol)
15th August 2026 16:25:21 IST | INFO | 5m cycle @ 15th August 2026 16:25:00 IST | scanned 29/29 symbols in 1.3s (0.05s/symbol)
15th August 2026 16:30:22 IST | INFO | 5m cycle @ 15th August 2026 16:30:00 IST | scanned 29/29 symbols in 1.3s (0.04s/symbol)
15th August 2026 16:35:23 IST | INFO | 5m cycle @ 15th August 2026 16:35:00 IST | scanned 29/29 symbols in 1.3s (0.05s/symbol)
15th August 2026 16:40:10 IST | INFO | 5m cycle @ 15th August 2026 16:40:00 IST | scanned 29/29 symbols in 1.2s (0.04s/symbol)
15th August 2026 16:45:11 IST | INFO | 5m cycle @ 15th August 2026 16:45:00 IST | scanned 29/29 symbols in 1.3s (0.04s/symbol)
15th August 2026 16:50:12 IST | INFO | 5m cycle @ 15th August 2026 16:50:00 IST | scanned 29/29 symbols in 1.2s (0.04s/symbol)
15th August 2026 16:55:13 IST | INFO | 5m cycle @ 15th August 2026 16:55:00 IST | scanned 29/29 symbols in 1.3s (0.05s/symbol)
15th August 2026 17:00:15 IST | INFO | 5m cycle @ 15th August 2026 17:00:00 IST | scanned 29/29 symbols in 1.1s (0.04s/symbol)
15th August 2026 17:05:16 IST | INFO | 5m cycle @ 15th August 2026 17:05:00 IST | scanned 29/29 symbols in 1.4s (0.05s/symbol)
15th August 2026 17:10:17 IST | INFO | 5m cycle @ 15th August 2026 17:10:00 IST | scanned 29/29 symbols in 1.2s (0.04s/symbol)
15th August 2026 17:15:19 IST | INFO | 5m cycle @ 15th August 2026 17:15:00 IST | scanned 29/29 symbols in 1.3s (0.04s/symbol)
15th August 2026 17:20:20 IST | INFO | 5m cycle @ 15th August 2026 17:20:00 IST | scanned 29/29 symbols in 1.2s (0.04s/symbol)
15th August 2026 17:52:13 IST | INFO | 5m cycle @ 15th August 2026 17:50:00 IST | scanned 29/29 symbols in 4.1s (0.14s/symbol)
15th August 2026 17:55:15 IST | INFO | 5m cycle @ 15th August 2026 17:55:00 IST | scanned 29/29 symbols in 2.2s (0.08s/symbol)
15th August 2026 18:00:16 IST | INFO | 5m cycle @ 15th August 2026 18:00:00 IST | scanned 29/29 symbols in 1.3s (0.04s/symbol)
15th August 2026 18:05:18 IST | INFO | 5m cycle @ 15th August 2026 18:05:00 IST | scanned 29/29 symbols in 1.1s (0.04s/symbol)
15th August 2026 18:10:19 IST | INFO | 5m cycle @ 15th August 2026 18:10:00 IST | scanned 29/29 symbols in 1.4s (0.05s/symbol)
15th August 2026 18:15:14 IST | INFO | 5m cycle @ 15th August 2026 18:15:00 IST | scanned 29/29 symbols in 2.0s (0.07s/symbol)
15th August 2026 18:20:15 IST | INFO | 5m cycle @ 15th August 2026 18:20:00 IST | scanned 29/29 symbols in 1.2s (0.04s/symbol)
15th August 2026 18:25:16 IST | INFO | 5m cycle @ 15th August 2026 18:25:00 IST | scanned 29/29 symbols in 1.2s (0.04s/symbol)
15th August 2026 18:30:18 IST | INFO | 5m cycle @ 15th August 2026 18:30:00 IST | scanned 29/29 symbols in 1.2s (0.04s/symbol)
15th August 2026 18:35:19 IST | INFO | 5m cycle @ 15th August 2026 18:35:00 IST | scanned 29/29 symbols in 1.2s (0.04s/symbol)
15th August 2026 18:40:20 IST | INFO | 5m cycle @ 15th August 2026 18:40:00 IST | scanned 29/29 symbols in 1.3s (0.05s/symbol)
15th August 2026 18:45:22 IST | INFO | 5m cycle @ 15th August 2026 18:45:00 IST | scanned 29/29 symbols in 1.2s (0.04s/symbol)
15th August 2026 18:50:23 IST | INFO | 5m cycle @ 15th August 2026 18:50:00 IST | scanned 29/29 symbols in 1.3s (0.05s/symbol)
15th August 2026 18:55:09 IST | INFO | 5m cycle @ 15th August 2026 18:55:00 IST | scanned 29/29 symbols in 1.2s (0.04s/symbol)
15th August 2026 19:00:10 IST | INFO | 5m cycle @ 15th August 2026 19:00:00 IST | scanned 29/29 symbols in 1.2s (0.04s/symbol)
15th August 2026 19:05:12 IST | INFO | 5m cycle @ 15th August 2026 19:05:00 IST | scanned 29/29 symbols in 1.2s (0.04s/symbol)
15th August 2026 19:10:13 IST | INFO | 5m cycle @ 15th August 2026 19:10:00 IST | scanned 29/29 symbols in 1.3s (0.04s/symbol)
15th August 2026 19:15:14 IST | INFO | 5m cycle @ 15th August 2026 19:15:00 IST | scanned 29/29 symbols in 1.2s (0.04s/symbol)
15th August 2026 19:20:15 IST | INFO | 5m cycle @ 15th August 2026 19:20:00 IST | scanned 29/29 symbols in 1.2s (0.04s/symbol)
15th August 2026 19:25:17 IST | INFO | 5m cycle @ 15th August 2026 19:25:00 IST | scanned 29/29 symbols in 1.2s (0.04s/symbol)
15th August 2026 19:30:18 IST | INFO | 5m cycle @ 15th August 2026 19:30:00 IST | scanned 29/29 symbols in 1.2s (0.04s/symbol)
15th August 2026 19:35:19 IST | INFO | 5m cycle @ 15th August 2026 19:35:00 IST | scanned 29/29 symbols in 1.3s (0.04s/symbol)
15th August 2026 19:40:20 IST | INFO | 5m cycle @ 15th August 2026 19:40:00 IST | scanned 29/29 symbols in 1.3s (0.04s/symbol)
15th August 2026 19:45:22 IST | INFO | 5m cycle @ 15th August 2026 19:45:00 IST | scanned 29/29 symbols in 1.3s (0.04s/symbol)
15th August 2026 19:50:23 IST | INFO | 5m cycle @ 15th August 2026 19:50:00 IST | scanned 29/29 symbols in 1.2s (0.04s/symbol)
15th August 2026 19:55:09 IST | INFO | 5m cycle @ 15th August 2026 19:55:00 IST | scanned 29/29 symbols in 1.2s (0.04s/symbol)
15th August 2026 20:00:10 IST | INFO | 5m cycle @ 15th August 2026 20:00:00 IST | scanned 29/29 symbols in 1.2s (0.04s/symbol)
15th August 2026 20:05:12 IST | INFO | 5m cycle @ 15th August 2026 20:05:00 IST | scanned 29/29 symbols in 1.3s (0.04s/symbol)
15th August 2026 20:10:13 IST | INFO | 5m cycle @ 15th August 2026 20:10:00 IST | scanned 29/29 symbols in 1.2s (0.04s/symbol)
15th August 2026 20:15:14 IST | INFO | 5m cycle @ 15th August 2026 20:15:00 IST | scanned 29/29 symbols in 1.2s (0.04s/symbol)
15th August 2026 20:20:15 IST | INFO | 5m cycle @ 15th August 2026 20:20:00 IST | scanned 29/29 symbols in 1.2s (0.04s/symbol)
15th August 2026 20:25:16 IST | INFO | 5m cycle @ 15th August 2026 20:25:00 IST | scanned 29/29 symbols in 1.2s (0.04s/symbol)
15th August 2026 20:30:18 IST | INFO | 5m cycle @ 15th August 2026 20:30:00 IST | scanned 29/29 symbols in 1.3s (0.05s/symbol)
15th August 2026 20:35:19 IST | INFO | 5m cycle @ 15th August 2026 20:35:00 IST | scanned 29/29 symbols in 1.2s (0.04s/symbol)
15th August 2026 20:40:20 IST | INFO | 5m cycle @ 15th August 2026 20:40:00 IST | scanned 29/29 symbols in 1.2s (0.04s/symbol)
15th August 2026 20:45:21 IST | INFO | 5m cycle @ 15th August 2026 20:45:00 IST | scanned 29/29 symbols in 1.2s (0.04s/symbol)
15th August 2026 20:50:23 IST | INFO | 5m cycle @ 15th August 2026 20:50:00 IST | scanned 29/29 symbols in 1.2s (0.04s/symbol)
15th August 2026 20:55:09 IST | INFO | 5m cycle @ 15th August 2026 20:55:00 IST | scanned 29/29 symbols in 1.1s (0.04s/symbol)
15th August 2026 21:00:10 IST | INFO | 5m cycle @ 15th August 2026 21:00:00 IST | scanned 29/29 symbols in 1.3s (0.05s/symbol)
15th August 2026 21:05:11 IST | INFO | 5m cycle @ 15th August 2026 21:05:00 IST | scanned 29/29 symbols in 1.2s (0.04s/symbol)
15th August 2026 21:10:13 IST | INFO | 5m cycle @ 15th August 2026 21:10:00 IST | scanned 29/29 symbols in 1.2s (0.04s/symbol)
15th August 2026 21:15:14 IST | INFO | 5m cycle @ 15th August 2026 21:15:00 IST | scanned 29/29 symbols in 1.2s (0.04s/symbol)
15th August 2026 21:20:15 IST | INFO | 5m cycle @ 15th August 2026 21:20:00 IST | scanned 29/29 symbols in 1.1s (0.04s/symbol)
15th August 2026 21:25:16 IST | INFO | 5m cycle @ 15th August 2026 21:25:00 IST | scanned 29/29 symbols in 1.2s (0.04s/symbol)
15th August 2026 21:30:17 IST | INFO | 5m cycle @ 15th August 2026 21:30:00 IST | scanned 29/29 symbols in 1.2s (0.04s/symbol)
15th August 2026 21:35:19 IST | INFO | 5m cycle @ 15th August 2026 21:35:00 IST | scanned 29/29 symbols in 1.5s (0.05s/symbol)
15th August 2026 21:40:20 IST | INFO | 5m cycle @ 15th August 2026 21:40:00 IST | scanned 29/29 symbols in 1.2s (0.04s/symbol)
15th August 2026 21:45:21 IST | INFO | 5m cycle @ 15th August 2026 21:45:00 IST | scanned 29/29 symbols in 1.2s (0.04s/symbol)
15th August 2026 21:50:23 IST | INFO | 5m cycle @ 15th August 2026 21:50:00 IST | scanned 29/29 symbols in 1.2s (0.04s/symbol)
15th August 2026 21:55:09 IST | INFO | 5m cycle @ 15th August 2026 21:55:00 IST | scanned 29/29 symbols in 1.2s (0.04s/symbol)
15th August 2026 22:00:10 IST | INFO | 5m cycle @ 15th August 2026 22:00:00 IST | scanned 29/29 symbols in 1.2s (0.04s/symbol)
15th August 2026 22:05:11 IST | INFO | 5m cycle @ 15th August 2026 22:05:00 IST | scanned 29/29 symbols in 1.2s (0.04s/symbol)
15th August 2026 22:10:12 IST | INFO | 5m cycle @ 15th August 2026 22:10:00 IST | scanned 29/29 symbols in 1.2s (0.04s/symbol)
15th August 2026 22:15:14 IST | INFO | 5m cycle @ 15th August 2026 22:15:00 IST | scanned 29/29 symbols in 1.2s (0.04s/symbol)
15th August 2026 22:20:15 IST | INFO | 5m cycle @ 15th August 2026 22:20:00 IST | scanned 29/29 symbols in 1.2s (0.04s/symbol)
15th August 2026 22:25:16 IST | INFO | 5m cycle @ 15th August 2026 22:25:00 IST | scanned 29/29 symbols in 1.1s (0.04s/symbol)
15th August 2026 22:30:17 IST | INFO | 5m cycle @ 15th August 2026 22:30:00 IST | scanned 29/29 symbols in 1.2s (0.04s/symbol)
15th August 2026 22:35:18 IST | INFO | 5m cycle @ 15th August 2026 22:35:00 IST | scanned 29/29 symbols in 1.2s (0.04s/symbol)
15th August 2026 22:40:20 IST | INFO | 5m cycle @ 15th August 2026 22:40:00 IST | scanned 29/29 symbols in 1.2s (0.04s/symbol)
15th August 2026 22:45:21 IST | INFO | 5m cycle @ 15th August 2026 22:45:00 IST | scanned 29/29 symbols in 1.3s (0.04s/symbol)
15th August 2026 22:50:22 IST | INFO | 5m cycle @ 15th August 2026 22:50:00 IST | scanned 29/29 symbols in 1.2s (0.04s/symbol)
15th August 2026 22:55:23 IST | INFO | 5m cycle @ 15th August 2026 22:55:00 IST | scanned 29/29 symbols in 1.2s (0.04s/symbol)
15th August 2026 23:00:10 IST | INFO | 5m cycle @ 15th August 2026 23:00:00 IST | scanned 29/29 symbols in 1.2s (0.04s/symbol)
15th August 2026 23:05:12 IST | INFO | 5m cycle @ 15th August 2026 23:05:00 IST | scanned 29/29 symbols in 1.2s (0.04s/symbol)
15th August 2026 23:10:13 IST | INFO | 5m cycle @ 15th August 2026 23:10:00 IST | scanned 29/29 symbols in 1.2s (0.04s/symbol)
15th August 2026 23:15:14 IST | INFO | 5m cycle @ 15th August 2026 23:15:00 IST | scanned 29/29 symbols in 1.2s (0.04s/symbol)
15th August 2026 23:20:16 IST | INFO | 5m cycle @ 15th August 2026 23:20:00 IST | scanned 29/29 symbols in 1.2s (0.04s/symbol)
15th August 2026 23:25:17 IST | INFO | 5m cycle @ 15th August 2026 23:25:00 IST | scanned 29/29 symbols in 1.1s (0.04s/symbol)
15th August 2026 23:30:18 IST | INFO | 5m cycle @ 15th August 2026 23:30:00 IST | scanned 29/29 symbols in 1.2s (0.04s/symbol)
15th August 2026 23:35:19 IST | INFO | 5m cycle @ 15th August 2026 23:35:00 IST | scanned 29/29 symbols in 1.2s (0.04s/symbol)
15th August 2026 23:40:20 IST | INFO | 5m cycle @ 15th August 2026 23:40:00 IST | scanned 29/29 symbols in 1.2s (0.04s/symbol)
15th August 2026 23:45:22 IST | INFO | 5m cycle @ 15th August 2026 23:45:00 IST | scanned 29/29 symbols in 1.2s (0.04s/symbol)
15th August 2026 23:50:23 IST | INFO | 5m cycle @ 15th August 2026 23:50:00 IST | scanned 29/29 symbols in 1.1s (0.04s/symbol)
15th August 2026 23:55:09 IST | INFO | 5m cycle @ 15th August 2026 23:55:00 IST | scanned 29/29 symbols in 1.2s (0.04s/symbol)
16th August 2026 0:00:10 IST | INFO | 5m cycle @ 16th August 2026 0:00:00 IST | scanned 29/29 symbols in 1.2s (0.04s/symbol)
16th August 2026 0:05:11 IST | INFO | 5m cycle @ 16th August 2026 0:05:00 IST | scanned 29/29 symbols in 1.2s (0.04s/symbol)
16th August 2026 0:10:13 IST | INFO | 5m cycle @ 16th August 2026 0:10:00 IST | scanned 29/29 symbols in 1.2s (0.04s/symbol)
16th August 2026 0:15:14 IST | INFO | 5m cycle @ 16th August 2026 0:15:00 IST | scanned 29/29 symbols in 1.2s (0.04s/symbol)
16th August 2026 0:20:15 IST | INFO | 5m cycle @ 16th August 2026 0:20:00 IST | scanned 29/29 symbols in 1.2s (0.04s/symbol)
16th August 2026 0:25:16 IST | INFO | 5m cycle @ 16th August 2026 0:25:00 IST | scanned 29/29 symbols in 1.2s (0.04s/symbol)
16th August 2026 0:30:17 IST | INFO | 5m cycle @ 16th August 2026 0:30:00 IST | scanned 29/29 symbols in 1.2s (0.04s/symbol)
16th August 2026 0:35:19 IST | INFO | 5m cycle @ 16th August 2026 0:35:00 IST | scanned 29/29 symbols in 1.2s (0.04s/symbol)
16th August 2026 0:40:20 IST | INFO | 5m cycle @ 16th August 2026 0:40:00 IST | scanned 29/29 symbols in 1.2s (0.04s/symbol)
16th August 2026 0:45:21 IST | INFO | 5m cycle @ 16th August 2026 0:45:00 IST | scanned 29/29 symbols in 1.2s (0.04s/symbol)
16th August 2026 0:50:22 IST | INFO | 5m cycle @ 16th August 2026 0:50:00 IST | scanned 29/29 symbols in 1.2s (0.04s/symbol)
16th August 2026 0:55:23 IST | INFO | 5m cycle @ 16th August 2026 0:55:00 IST | scanned 29/29 symbols in 1.2s (0.04s/symbol)
16th August 2026 1:00:10 IST | INFO | 5m cycle @ 16th August 2026 1:00:00 IST | scanned 29/29 symbols in 1.1s (0.04s/symbol)
16th August 2026 1:05:11 IST | INFO | 5m cycle @ 16th August 2026 1:05:00 IST | scanned 29/29 symbols in 1.1s (0.04s/symbol)
16th August 2026 1:10:12 IST | INFO | 5m cycle @ 16th August 2026 1:10:00 IST | scanned 29/29 symbols in 1.3s (0.05s/symbol)
16th August 2026 1:15:13 IST | INFO | 5m cycle @ 16th August 2026 1:15:00 IST | scanned 29/29 symbols in 1.2s (0.04s/symbol)
16th August 2026 1:20:14 IST | INFO | 5m cycle @ 16th August 2026 1:20:00 IST | scanned 29/29 symbols in 1.2s (0.04s/symbol)
16th August 2026 1:25:16 IST | INFO | 5m cycle @ 16th August 2026 1:25:00 IST | scanned 29/29 symbols in 1.2s (0.04s/symbol)
16th August 2026 1:30:17 IST | INFO | 5m cycle @ 16th August 2026 1:30:00 IST | scanned 29/29 symbols in 1.2s (0.04s/symbol)
16th August 2026 1:35:18 IST | INFO | 5m cycle @ 16th August 2026 1:35:00 IST | scanned 29/29 symbols in 1.1s (0.04s/symbol)
16th August 2026 1:40:19 IST | INFO | 5m cycle @ 16th August 2026 1:40:00 IST | scanned 29/29 symbols in 1.2s (0.04s/symbol)
16th August 2026 1:45:21 IST | INFO | 5m cycle @ 16th August 2026 1:45:00 IST | scanned 29/29 symbols in 2.0s (0.07s/symbol)
16th August 2026 1:50:23 IST | INFO | 5m cycle @ 16th August 2026 1:50:00 IST | scanned 29/29 symbols in 1.2s (0.04s/symbol)
16th August 2026 1:55:09 IST | INFO | 5m cycle @ 16th August 2026 1:55:00 IST | scanned 29/29 symbols in 1.2s (0.04s/symbol)
16th August 2026 2:00:10 IST | INFO | 5m cycle @ 16th August 2026 2:00:00 IST | scanned 29/29 symbols in 1.2s (0.04s/symbol)
16th August 2026 2:05:11 IST | INFO | 5m cycle @ 16th August 2026 2:05:00 IST | scanned 29/29 symbols in 1.2s (0.04s/symbol)
16th August 2026 2:10:12 IST | INFO | 5m cycle @ 16th August 2026 2:10:00 IST | scanned 29/29 symbols in 1.2s (0.04s/symbol)
16th August 2026 2:15:14 IST | INFO | 5m cycle @ 16th August 2026 2:15:00 IST | scanned 29/29 symbols in 1.2s (0.04s/symbol)
16th August 2026 2:20:15 IST | INFO | 5m cycle @ 16th August 2026 2:20:00 IST | scanned 29/29 symbols in 1.2s (0.04s/symbol)
16th August 2026 2:25:16 IST | INFO | 5m cycle @ 16th August 2026 2:25:00 IST | scanned 29/29 symbols in 1.2s (0.04s/symbol)
16th August 2026 2:30:17 IST | INFO | 5m cycle @ 16th August 2026 2:30:00 IST | scanned 29/29 symbols in 1.1s (0.04s/symbol)
16th August 2026 2:35:18 IST | INFO | 5m cycle @ 16th August 2026 2:35:00 IST | scanned 29/29 symbols in 1.2s (0.04s/symbol)
16th August 2026 2:40:20 IST | INFO | 5m cycle @ 16th August 2026 2:40:00 IST | scanned 29/29 symbols in 1.2s (0.04s/symbol)
16th August 2026 2:45:21 IST | INFO | 5m cycle @ 16th August 2026 2:45:00 IST | scanned 29/29 symbols in 1.1s (0.04s/symbol)
16th August 2026 2:50:22 IST | INFO | 5m cycle @ 16th August 2026 2:50:00 IST | scanned 29/29 symbols in 1.2s (0.04s/symbol)
16th August 2026 2:55:23 IST | INFO | 5m cycle @ 16th August 2026 2:55:00 IST | scanned 29/29 symbols in 1.2s (0.04s/symbol)
16th August 2026 3:00:10 IST | INFO | 5m cycle @ 16th August 2026 3:00:00 IST | scanned 29/29 symbols in 1.3s (0.05s/symbol)
16th August 2026 3:05:11 IST | INFO | 5m cycle @ 16th August 2026 3:05:00 IST | scanned 29/29 symbols in 1.2s (0.04s/symbol)
16th August 2026 3:10:12 IST | INFO | 5m cycle @ 16th August 2026 3:10:00 IST | scanned 29/29 symbols in 1.2s (0.04s/symbol)
16th August 2026 3:15:13 IST | INFO | 5m cycle @ 16th August 2026 3:15:00 IST | scanned 29/29 symbols in 1.2s (0.04s/symbol)
16th August 2026 3:20:14 IST | INFO | 5m cycle @ 16th August 2026 3:20:00 IST | scanned 29/29 symbols in 1.1s (0.04s/symbol)
16th August 2026 3:25:16 IST | INFO | 5m cycle @ 16th August 2026 3:25:00 IST | scanned 29/29 symbols in 1.2s (0.04s/symbol)
16th August 2026 3:30:17 IST | INFO | 5m cycle @ 16th August 2026 3:30:00 IST | scanned 29/29 symbols in 1.2s (0.04s/symbol)
16th August 2026 3:35:18 IST | INFO | 5m cycle @ 16th August 2026 3:35:00 IST | scanned 29/29 symbols in 1.2s (0.04s/symbol)
16th August 2026 3:40:19 IST | INFO | 5m cycle @ 16th August 2026 3:40:00 IST | scanned 29/29 symbols in 1.2s (0.04s/symbol)
16th August 2026 3:45:20 IST | INFO | 5m cycle @ 16th August 2026 3:45:00 IST | scanned 29/29 symbols in 1.2s (0.04s/symbol)
16th August 2026 3:50:22 IST | INFO | 5m cycle @ 16th August 2026 3:50:00 IST | scanned 29/29 symbols in 1.2s (0.04s/symbol)
16th August 2026 3:55:23 IST | INFO | 5m cycle @ 16th August 2026 3:55:00 IST | scanned 29/29 symbols in 1.2s (0.04s/symbol)
16th August 2026 4:00:09 IST | INFO | 5m cycle @ 16th August 2026 4:00:00 IST | scanned 29/29 symbols in 1.2s (0.04s/symbol)
16th August 2026 4:05:10 IST | INFO | 5m cycle @ 16th August 2026 4:05:00 IST | scanned 29/29 symbols in 1.2s (0.04s/symbol)
16th August 2026 4:10:12 IST | INFO | 5m cycle @ 16th August 2026 4:10:00 IST | scanned 29/29 symbols in 1.2s (0.04s/symbol)
16th August 2026 4:15:13 IST | INFO | 5m cycle @ 16th August 2026 4:15:00 IST | scanned 29/29 symbols in 1.1s (0.04s/symbol)
16th August 2026 4:20:14 IST | INFO | 5m cycle @ 16th August 2026 4:20:00 IST | scanned 29/29 symbols in 1.2s (0.04s/symbol)
16th August 2026 4:25:15 IST | INFO | 5m cycle @ 16th August 2026 4:25:00 IST | scanned 29/29 symbols in 1.2s (0.04s/symbol)
16th August 2026 4:30:16 IST | INFO | 5m cycle @ 16th August 2026 4:30:00 IST | scanned 29/29 symbols in 1.2s (0.04s/symbol)
16th August 2026 4:35:18 IST | INFO | 5m cycle @ 16th August 2026 4:35:00 IST | scanned 29/29 symbols in 1.2s (0.04s/symbol)
16th August 2026 4:40:19 IST | INFO | 5m cycle @ 16th August 2026 4:40:00 IST | scanned 29/29 symbols in 1.2s (0.04s/symbol)
16th August 2026 4:45:20 IST | INFO | 5m cycle @ 16th August 2026 4:45:00 IST | scanned 29/29 symbols in 1.2s (0.04s/symbol)
16th August 2026 4:50:21 IST | INFO | 5m cycle @ 16th August 2026 4:50:00 IST | scanned 29/29 symbols in 1.2s (0.04s/symbol)
16th August 2026 4:55:22 IST | INFO | 5m cycle @ 16th August 2026 4:55:00 IST | scanned 29/29 symbols in 1.2s (0.04s/symbol)
16th August 2026 14:04:51 IST | INFO | 5m cycle @ 16th August 2026 14:00:00 IST | scanned 29/29 symbols in 9.0s (0.31s/symbol)
16th August 2026 14:06:23 IST | INFO | 5m cycle @ 16th August 2026 14:05:00 IST | scanned 29/29 symbols in 2.0s (0.07s/symbol)
16th August 2026 14:10:10 IST | INFO | 5m cycle @ 16th August 2026 14:10:00 IST | scanned 29/29 symbols in 1.2s (0.04s/symbol)
16th August 2026 14:15:11 IST | INFO | 5m cycle @ 16th August 2026 14:15:00 IST | scanned 29/29 symbols in 1.2s (0.04s/symbol)
16th August 2026 14:20:12 IST | INFO | 5m cycle @ 16th August 2026 14:20:00 IST | scanned 29/29 symbols in 1.3s (0.05s/symbol)
16th August 2026 14:25:13 IST | INFO | 5m cycle @ 16th August 2026 14:25:00 IST | scanned 29/29 symbols in 1.2s (0.04s/symbol)
16th August 2026 14:30:15 IST | INFO | 5m cycle @ 16th August 2026 14:30:00 IST | scanned 29/29 symbols in 1.2s (0.04s/symbol)
16th August 2026 14:35:16 IST | INFO | 5m cycle @ 16th August 2026 14:35:00 IST | scanned 29/29 symbols in 1.2s (0.04s/symbol)
16th August 2026 14:40:17 IST | INFO | 5m cycle @ 16th August 2026 14:40:00 IST | scanned 29/29 symbols in 1.2s (0.04s/symbol)
16th August 2026 14:45:18 IST | INFO | 5m cycle @ 16th August 2026 14:45:00 IST | scanned 29/29 symbols in 1.2s (0.04s/symbol)
16th August 2026 14:50:19 IST | INFO | 5m cycle @ 16th August 2026 14:50:00 IST | scanned 29/29 symbols in 1.2s (0.04s/symbol)
16th August 2026 14:55:21 IST | INFO | 5m cycle @ 16th August 2026 14:55:00 IST | scanned 29/29 symbols in 1.2s (0.04s/symbol)
16th August 2026 15:00:22 IST | INFO | 5m cycle @ 16th August 2026 15:00:00 IST | scanned 29/29 symbols in 1.2s (0.04s/symbol)
16th August 2026 15:05:23 IST | INFO | 5m cycle @ 16th August 2026 15:05:00 IST | scanned 29/29 symbols in 1.2s (0.04s/symbol)
16th August 2026 15:10:09 IST | INFO | 5m cycle @ 16th August 2026 15:10:00 IST | scanned 29/29 symbols in 1.2s (0.04s/symbol)
16th August 2026 15:15:11 IST | INFO | 5m cycle @ 16th August 2026 15:15:00 IST | scanned 29/29 symbols in 1.2s (0.04s/symbol)
16th August 2026 15:20:12 IST | INFO | 5m cycle @ 16th August 2026 15:20:00 IST | scanned 29/29 symbols in 1.1s (0.04s/symbol)
16th August 2026 15:25:13 IST | INFO | 5m cycle @ 16th August 2026 15:25:00 IST | scanned 29/29 symbols in 1.2s (0.04s/symbol)
16th August 2026 15:30:14 IST | INFO | 5m cycle @ 16th August 2026 15:30:00 IST | scanned 29/29 symbols in 1.2s (0.04s/symbol)
16th August 2026 15:35:15 IST | INFO | 5m cycle @ 16th August 2026 15:35:00 IST | scanned 29/29 symbols in 1.1s (0.04s/symbol)
16th August 2026 15:40:17 IST | INFO | 5m cycle @ 16th August 2026 15:40:00 IST | scanned 29/29 symbols in 1.2s (0.04s/symbol)
16th August 2026 15:45:18 IST | INFO | 5m cycle @ 16th August 2026 15:45:00 IST | scanned 29/29 symbols in 1.2s (0.04s/symbol)
16th August 2026 15:50:19 IST | INFO | 5m cycle @ 16th August 2026 15:50:00 IST | scanned 29/29 symbols in 1.2s (0.04s/symbol)
16th August 2026 15:55:20 IST | INFO | 5m cycle @ 16th August 2026 15:55:00 IST | scanned 29/29 symbols in 1.2s (0.04s/symbol)
16th August 2026 16:00:22 IST | INFO | 5m cycle @ 16th August 2026 16:00:00 IST | scanned 29/29 symbols in 1.3s (0.04s/symbol)
16th August 2026 16:05:23 IST | INFO | 5m cycle @ 16th August 2026 16:05:00 IST | scanned 29/29 symbols in 1.3s (0.04s/symbol)
16th August 2026 16:10:09 IST | INFO | 5m cycle @ 16th August 2026 16:10:00 IST | scanned 29/29 symbols in 1.5s (0.05s/symbol)
16th August 2026 16:15:11 IST | INFO | 5m cycle @ 16th August 2026 16:15:00 IST | scanned 29/29 symbols in 1.7s (0.06s/symbol)
16th August 2026 16:20:13 IST | INFO | 5m cycle @ 16th August 2026 16:20:00 IST | scanned 29/29 symbols in 1.6s (0.05s/symbol)
16th August 2026 16:25:14 IST | INFO | 5m cycle @ 16th August 2026 16:25:00 IST | scanned 29/29 symbols in 1.5s (0.05s/symbol)
16th August 2026 16:30:16 IST | INFO | 5m cycle @ 16th August 2026 16:30:00 IST | scanned 29/29 symbols in 1.6s (0.06s/symbol)
16th August 2026 16:35:17 IST | INFO | 5m cycle @ 16th August 2026 16:35:00 IST | scanned 29/29 symbols in 1.6s (0.05s/symbol)
16th August 2026 16:40:19 IST | INFO | 5m cycle @ 16th August 2026 16:40:00 IST | scanned 29/29 symbols in 1.7s (0.06s/symbol)
16th August 2026 16:45:20 IST | INFO | 5m cycle @ 16th August 2026 16:45:00 IST | scanned 29/29 symbols in 1.4s (0.05s/symbol)
16th August 2026 16:50:22 IST | INFO | 5m cycle @ 16th August 2026 16:50:00 IST | scanned 29/29 symbols in 1.5s (0.05s/symbol)
16th August 2026 16:55:24 IST | INFO | 5m cycle @ 16th August 2026 16:55:00 IST | scanned 29/29 symbols in 1.6s (0.05s/symbol)
16th August 2026 17:00:10 IST | INFO | 5m cycle @ 16th August 2026 17:00:00 IST | scanned 29/29 symbols in 1.5s (0.05s/symbol)
16th August 2026 17:05:12 IST | INFO | 5m cycle @ 16th August 2026 17:05:00 IST | scanned 29/29 symbols in 1.5s (0.05s/symbol)
16th August 2026 17:10:13 IST | INFO | 5m cycle @ 16th August 2026 17:10:00 IST | scanned 29/29 symbols in 1.5s (0.05s/symbol)
16th August 2026 17:15:14 IST | INFO | 5m cycle @ 16th August 2026 17:15:00 IST | scanned 29/29 symbols in 1.4s (0.05s/symbol)
16th August 2026 17:20:18 IST | INFO | 5m cycle @ 16th August 2026 17:20:00 IST | scanned 29/29 symbols in 3.4s (0.12s/symbol)
16th August 2026 17:25:20 IST | INFO | 5m cycle @ 16th August 2026 17:25:00 IST | scanned 29/29 symbols in 1.6s (0.06s/symbol)
16th August 2026 17:30:21 IST | INFO | 5m cycle @ 16th August 2026 17:30:00 IST | scanned 29/29 symbols in 1.7s (0.06s/symbol)
16th August 2026 17:35:23 IST | INFO | 5m cycle @ 16th August 2026 17:35:00 IST | scanned 29/29 symbols in 1.4s (0.05s/symbol)
16th August 2026 17:40:09 IST | INFO | 5m cycle @ 16th August 2026 17:40:00 IST | scanned 29/29 symbols in 1.6s (0.05s/symbol)
16th August 2026 17:45:11 IST | INFO | 5m cycle @ 16th August 2026 17:45:00 IST | scanned 29/29 symbols in 1.5s (0.05s/symbol)
16th August 2026 17:50:12 IST | INFO | 5m cycle @ 16th August 2026 17:50:00 IST | scanned 29/29 symbols in 1.4s (0.05s/symbol)
17th August 2026 4:18:35 IST | INFO | MT5 connected | Exness-MT5Trial15 | DEMO | balance=6202.0 INR | leverage 1:2000
17th August 2026 4:18:35 IST | INFO | liveTrade s146 started | Strategy 146 live engine started | ---------------------------------------- | Account   : 474381718 DEMO INR bal=6202.0 | Symbols   : EURUSD, GBPUSD, USDJPY, USDCHF, AUDUSD, NZDUSD, USDCAD, EURGBP, EURJPY, EURCHF, EURAUD, EURCAD, EURNZD, GBPJPY, GBPCHF, GBPAUD, GBPCAD, GBPNZD, AUDJPY, AUDNZD, AUDCAD, AUDCHF, NZDJPY, NZDCAD, NZDCHF, CADJPY, CADCHF, CHFJPY, XAUUSD | DRY_RUN   : False | Demo only : True (orders blocked: False) | Sizing    : margin Rs1000 @ 1:2000 | max_concurrent=8 | Entry mode: market (SL/TP attached: True) | Stop      : 15m zone distal edge + 0.5 bps buffer | Target    : 1.25R from entry (4H destination is the qualifier only) | R:R band  : 1.5 - 20.0 (measured to the 4H destination) | Hold limit: 864 5m bars | New-15m   : True (engine start 17th August 2026 4:18:35 IST) | Journals  : {'4h': 'D:\\WorkZera\\Projects\\strategies\\yt_learning\\liveTrade\\logs\\s146_4h_events.log', '15m': 'D:\\WorkZera\\Projects\\strategies\\yt_learning\\liveTrade\\logs\\s146_15m_events.log', '5m': 'D:\\WorkZera\\Projects\\strategies\\yt_learning\\liveTrade\\logs\\s146_5m_events.log', 'trade': 'D:\\WorkZera\\Projects\\strategies\\yt_learning\\liveTrade\\logs\\s146_trades.log'} | 
17th August 2026 4:18:40 IST | INFO | Email sent: Strategy146 liveTrade STARTED
17th August 2026 4:18:43 IST | INFO | 5m cycle @ 17th August 2026 4:15:00 IST | scanned 29/29 symbols in 2.7s (0.09s/symbol)
17th August 2026 4:19:42 IST | INFO | Stopped by user.
17th August 2026 4:19:46 IST | INFO | MT5 connected | Exness-MT5Trial15 | DEMO | balance=6202.0 INR | leverage 1:2000
17th August 2026 4:19:46 IST | INFO | liveTrade s146 started | Strategy 146 live engine started | ---------------------------------------- | Account   : 474381718 DEMO INR bal=6202.0 | Symbols   : EURUSD, GBPUSD, USDJPY, USDCHF, AUDUSD, NZDUSD, USDCAD, EURGBP, EURJPY, EURCHF, EURAUD, EURCAD, EURNZD, GBPJPY, GBPCHF, GBPAUD, GBPCAD, GBPNZD, AUDJPY, AUDNZD, AUDCAD, AUDCHF, NZDJPY, NZDCAD, NZDCHF, CADJPY, CADCHF, CHFJPY, XAUUSD | DRY_RUN   : False | Demo only : True (orders blocked: False) | Sizing    : margin Rs1000 @ 1:2000 | max_concurrent=8 | Entry mode: market (SL/TP attached: True) | Stop      : 15m zone distal edge + 0.5 bps buffer | Target    : 1.25R from entry (4H destination is the qualifier only) | R:R band  : 1.5 - 20.0 (measured to the 4H destination) | Hold limit: 864 5m bars | New-15m   : True (engine start 17th August 2026 4:19:46 IST) | Journals  : {'4h': 'D:\\WorkZera\\Projects\\strategies\\yt_learning\\liveTrade\\logs\\s146_4h_events.log', '15m': 'D:\\WorkZera\\Projects\\strategies\\yt_learning\\liveTrade\\logs\\s146_15m_events.log', '5m': 'D:\\WorkZera\\Projects\\strategies\\yt_learning\\liveTrade\\logs\\s146_5m_events.log', 'trade': 'D:\\WorkZera\\Projects\\strategies\\yt_learning\\liveTrade\\logs\\s146_trades.log'} | 
17th August 2026 4:19:51 IST | INFO | Email sent: Strategy146 liveTrade STARTED
17th August 2026 4:19:54 IST | INFO | 5m cycle @ 17th August 2026 4:15:00 IST | scanned 29/29 symbols in 2.6s (0.09s/symbol)
17th August 2026 4:20:10 IST | INFO | 5m cycle @ 17th August 2026 4:20:00 IST | scanned 29/29 symbols in 1.3s (0.04s/symbol)
17th August 2026 4:25:12 IST | INFO | 5m cycle @ 17th August 2026 4:25:00 IST | scanned 29/29 symbols in 1.5s (0.05s/symbol)
17th August 2026 4:30:13 IST | INFO | 5m cycle @ 17th August 2026 4:30:00 IST | scanned 29/29 symbols in 1.6s (0.06s/symbol)
17th August 2026 4:35:15 IST | INFO | 5m cycle @ 17th August 2026 4:35:00 IST | scanned 29/29 symbols in 1.2s (0.04s/symbol)
17th August 2026 4:40:16 IST | INFO | 5m cycle @ 17th August 2026 4:40:00 IST | scanned 29/29 symbols in 1.3s (0.04s/symbol)
17th August 2026 4:45:17 IST | INFO | 5m cycle @ 17th August 2026 4:45:00 IST | scanned 29/29 symbols in 1.5s (0.05s/symbol)
17th August 2026 4:50:19 IST | INFO | 5m cycle @ 17th August 2026 4:50:00 IST | scanned 29/29 symbols in 1.4s (0.05s/symbol)
17th August 2026 14:10:20 IST | INFO | 5m cycle @ 17th August 2026 14:10:00 IST | scanned 29/29 symbols in 3.1s (0.11s/symbol)
17th August 2026 14:15:23 IST | INFO | 5m cycle @ 17th August 2026 14:15:00 IST | scanned 29/29 symbols in 3.1s (0.11s/symbol)
17th August 2026 14:20:09 IST | INFO | S146 SIGNAL AUDNZD SHORT aggressive_liquidation | trigger=1.20219 stop=1.20303 target=1.20114 (1.25R) | 4H dest=1.19919 (3.57R)
17th August 2026 14:20:09 IST | WARNING | AUDNZD: lot sizing returned 0 — skipping
17th August 2026 14:20:09 IST | INFO | 5m cycle @ 17th August 2026 14:20:00 IST | scanned 29/29 symbols in 1.3s (0.05s/symbol)
17th August 2026 14:25:11 IST | INFO | 5m cycle @ 17th August 2026 14:25:00 IST | scanned 29/29 symbols in 1.2s (0.04s/symbol)
17th August 2026 14:30:12 IST | INFO | 5m cycle @ 17th August 2026 14:30:00 IST | scanned 29/29 symbols in 1.5s (0.05s/symbol)
17th August 2026 14:35:13 IST | INFO | 5m cycle @ 17th August 2026 14:35:00 IST | scanned 29/29 symbols in 1.3s (0.05s/symbol)
17th August 2026 14:40:15 IST | INFO | 5m cycle @ 17th August 2026 14:40:00 IST | scanned 29/29 symbols in 1.3s (0.04s/symbol)
17th August 2026 14:45:16 IST | INFO | S146 SIGNAL CADJPY SHORT aggressive_liquidation | trigger=114.80526 stop=114.87674 target=114.71590 (1.25R) | 4H dest=114.62200 (2.56R)
17th August 2026 14:45:16 IST | WARNING | CADJPY: risk guard blocked entry — SL risk Rs1272 exceeds cap Rs930 (20.5% of balance Rs6202; MAX_RISK_INR=0 MAX_RISK_PCT=15.0)
17th August 2026 14:45:16 IST | INFO | 5m cycle @ 17th August 2026 14:45:00 IST | scanned 29/29 symbols in 1.6s (0.06s/symbol)
17th August 2026 14:50:18 IST | INFO | 5m cycle @ 17th August 2026 14:50:00 IST | scanned 29/29 symbols in 1.3s (0.04s/symbol)
17th August 2026 14:55:20 IST | INFO | 5m cycle @ 17th August 2026 14:55:00 IST | scanned 29/29 symbols in 1.7s (0.06s/symbol)
17th August 2026 14:56:47 IST | INFO | === liveTrade config / connectivity check ===
17th August 2026 14:56:47 IST | INFO | Strategy          : s146
17th August 2026 14:56:47 IST | INFO | Symbols           : ['EURUSD', 'GBPUSD', 'USDJPY', 'USDCHF', 'AUDUSD', 'NZDUSD', 'USDCAD', 'EURGBP', 'EURJPY', 'EURCHF', 'EURAUD', 'EURCAD', 'EURNZD', 'GBPJPY', 'GBPCHF', 'GBPAUD', 'GBPCAD', 'GBPNZD', 'AUDJPY', 'AUDNZD', 'AUDCAD', 'AUDCHF', 'NZDJPY', 'NZDCAD', 'NZDCHF', 'CADJPY', 'CADCHF', 'CHFJPY', 'XAUUSD']
17th August 2026 14:56:47 IST | INFO | DRY_RUN           : False
17th August 2026 14:56:47 IST | INFO | Lot sizing        : margin Rs 1000  | leverage 1:2000  | max_lot 50.0
17th August 2026 14:56:47 IST | INFO | Guards            : one_per_pair=True max_concurrent=8 max_daily_loss=Rs10000
17th August 2026 14:56:47 IST | INFO | Email configured  : True
17th August 2026 14:56:47 IST | INFO | MT5 connected | Exness-MT5Trial15 | DEMO | balance=6202.0 INR | leverage 1:2000
17th August 2026 14:56:47 IST | INFO | S146 params       : MIN_RR=1.5 MAX_RR=20.0 entry_mode=market hold=864 bars require_new_15m=True demo_only=True
17th August 2026 14:56:47 IST | INFO | S146 account mode : DEMO
17th August 2026 14:56:47 IST | INFO | S146 journals     : logs/s146_4h_events.log, logs/s146_15m_events.log, logs/s146_5m_events.log, logs/s146_trades.log
17th August 2026 14:56:47 IST | INFO |   EURUSD   -> EURUSDm      last_closed_5m=2026-08-17 09:20:00+00:00 lots=0.16
17th August 2026 14:56:47 IST | INFO |   GBPUSD   -> GBPUSDm      last_closed_5m=2026-08-17 09:20:00+00:00 lots=0.14
17th August 2026 14:56:47 IST | INFO |   USDJPY   -> USDJPYm      last_closed_5m=2026-08-17 09:20:00+00:00 lots=0.19
17th August 2026 14:56:47 IST | INFO |   USDCHF   -> USDCHFm      last_closed_5m=2026-08-17 09:20:00+00:00 lots=0.19
17th August 2026 14:56:47 IST | INFO |   AUDUSD   -> AUDUSDm      last_closed_5m=2026-08-17 09:20:00+00:00 lots=0.27
17th August 2026 14:56:47 IST | INFO |   NZDUSD   -> NZDUSDm      last_closed_5m=2026-08-17 09:20:00+00:00 lots=0.32
17th August 2026 14:56:47 IST | INFO |   USDCAD   -> USDCADm      last_closed_5m=2026-08-17 09:20:00+00:00 lots=0.19
17th August 2026 14:56:47 IST | INFO |   EURGBP   -> EURGBPm      last_closed_5m=2026-08-17 09:20:00+00:00 lots=0.16
17th August 2026 14:56:47 IST | INFO |   EURJPY   -> EURJPYm      last_closed_5m=2026-08-17 09:20:00+00:00 lots=0.16
17th August 2026 14:56:47 IST | INFO |   EURCHF   -> EURCHFm      last_closed_5m=2026-08-17 09:20:00+00:00 lots=0.16
17th August 2026 14:56:47 IST | INFO |   EURAUD   -> EURAUDm      last_closed_5m=2026-08-17 09:20:00+00:00 lots=0.16
17th August 2026 14:56:47 IST | INFO |   EURCAD   -> EURCADm      last_closed_5m=2026-08-17 09:20:00+00:00 lots=0.16
17th August 2026 14:56:47 IST | INFO |   EURNZD   -> EURNZDm      last_closed_5m=2026-08-17 09:20:00+00:00 lots=0.16
17th August 2026 14:56:47 IST | INFO |   GBPJPY   -> GBPJPYm      last_closed_5m=2026-08-17 09:20:00+00:00 lots=0.14
17th August 2026 14:56:47 IST | INFO |   GBPCHF   -> GBPCHFm      last_closed_5m=2026-08-17 09:20:00+00:00 lots=0.14
17th August 2026 14:56:47 IST | INFO |   GBPAUD   -> GBPAUDm      last_closed_5m=2026-08-17 09:20:00+00:00 lots=0.14
17th August 2026 14:56:47 IST | INFO |   GBPCAD   -> GBPCADm      last_closed_5m=2026-08-17 09:20:00+00:00 lots=0.14
17th August 2026 14:56:47 IST | INFO |   GBPNZD   -> GBPNZDm      last_closed_5m=2026-08-17 09:20:00+00:00 lots=0.14
17th August 2026 14:56:47 IST | INFO |   AUDJPY   -> AUDJPYm      last_closed_5m=2026-08-17 09:20:00+00:00 lots=0.27
17th August 2026 14:56:47 IST | INFO |   AUDNZD   -> AUDNZDm      last_closed_5m=2026-08-17 09:20:00+00:00 lots=0.27
17th August 2026 14:56:47 IST | INFO |   AUDCAD   -> AUDCADm      last_closed_5m=2026-08-17 09:20:00+00:00 lots=0.27
17th August 2026 14:56:47 IST | INFO |   AUDCHF   -> AUDCHFm      last_closed_5m=2026-08-17 09:20:00+00:00 lots=0.27
17th August 2026 14:56:47 IST | INFO |   NZDJPY   -> NZDJPYm      last_closed_5m=2026-08-17 09:20:00+00:00 lots=0.32
17th August 2026 14:56:47 IST | INFO |   NZDCAD   -> NZDCADm      last_closed_5m=2026-08-17 09:20:00+00:00 lots=0.32
17th August 2026 14:56:47 IST | INFO |   NZDCHF   -> NZDCHFm      last_closed_5m=2026-08-17 09:20:00+00:00 lots=0.32
17th August 2026 14:56:47 IST | INFO |   CADJPY   -> CADJPYm      last_closed_5m=2026-08-17 09:20:00+00:00 lots=0.26
17th August 2026 14:56:47 IST | INFO |   CADCHF   -> CADCHFm      last_closed_5m=2026-08-17 09:20:00+00:00 lots=0.26
17th August 2026 14:56:47 IST | INFO |   CHFJPY   -> CHFJPYm      last_closed_5m=2026-08-17 09:20:00+00:00 lots=0.15
17th August 2026 14:56:47 IST | INFO |   XAUUSD   -> XAUUSDm      last_closed_5m=2026-08-17 09:20:00+00:00 lots=0.04
17th August 2026 14:56:47 IST | INFO | Check complete.
17th August 2026 14:58:32 IST | INFO | Stopped by user.
17th August 2026 14:58:36 IST | INFO | MT5 connected | Exness-MT5Trial15 | DEMO | balance=6202.0 INR | leverage 1:2000
17th August 2026 14:58:36 IST | INFO | liveTrade s146 started | Strategy 146 live engine started | ---------------------------------------- | Account   : 474381718 DEMO INR bal=6202.0 | Symbols   : EURUSD, GBPUSD, USDJPY, USDCHF, AUDUSD, NZDUSD, USDCAD, EURGBP, EURJPY, EURCHF, EURAUD, EURCAD, EURNZD, GBPJPY, GBPCHF, GBPAUD, GBPCAD, GBPNZD, AUDJPY, AUDNZD, AUDCAD, AUDCHF, NZDJPY, NZDCAD, NZDCHF, CADJPY, CADCHF, CHFJPY, XAUUSD | DRY_RUN   : False | Demo only : True (orders blocked: False) | Sizing    : margin Rs1000 @ 1:2000 | max_concurrent=8 | Entry mode: market (SL/TP attached: True) | Risk guard : DISABLED for s146 (loss_at_sl is informational only) | Stop      : liquidity pool outside 15m zone when available, else distal edge + 0.5 bps buffer | Exit ladder: True | partial 50% at 1.25R | trail step/giveback 0.5R/0.5R | broker TP = 4H destination | Target    : 1.25R partial milestone (4H destination is the broker-side ceiling) | R:R band  : 1.5 - 20.0 (measured to the 4H destination) | Hold limit: 864 5m bars | New-15m   : True (engine start 17th August 2026 14:58:36 IST) | Journals  : {'4h': 'D:\\WorkZera\\Projects\\strategies\\yt_learning\\liveTrade\\logs\\s146_4h_events.log', '15m': 'D:\\WorkZera\\Projects\\strategies\\yt_learning\\liveTrade\\logs\\s146_15m_events.log', '5m': 'D:\\WorkZera\\Projects\\strategies\\yt_learning\\liveTrade\\logs\\s146_5m_events.log', 'trade': 'D:\\WorkZera\\Projects\\strategies\\yt_learning\\liveTrade\\logs\\s146_trades.log'} | 
17th August 2026 14:58:40 IST | INFO | Email sent: Strategy146 liveTrade STARTED
17th August 2026 14:58:41 IST | INFO | 5m cycle @ 17th August 2026 14:55:00 IST | scanned 29/29 symbols in 0.7s (0.03s/symbol)
17th August 2026 15:00:12 IST | INFO | 5m cycle @ 17th August 2026 15:00:00 IST | scanned 29/29 symbols in 1.7s (0.06s/symbol)
17th August 2026 15:05:14 IST | INFO | 5m cycle @ 17th August 2026 15:05:00 IST | scanned 29/29 symbols in 1.4s (0.05s/symbol)
17th August 2026 15:10:15 IST | INFO | 5m cycle @ 17th August 2026 15:10:00 IST | scanned 29/29 symbols in 1.3s (0.05s/symbol)
17th August 2026 15:15:17 IST | INFO | 5m cycle @ 17th August 2026 15:15:00 IST | scanned 29/29 symbols in 1.6s (0.06s/symbol)
17th August 2026 15:20:18 IST | INFO | 5m cycle @ 17th August 2026 15:20:00 IST | scanned 29/29 symbols in 1.5s (0.05s/symbol)
17th August 2026 15:25:20 IST | INFO | 5m cycle @ 17th August 2026 15:25:00 IST | scanned 29/29 symbols in 1.3s (0.05s/symbol)
17th August 2026 15:30:21 IST | INFO | 5m cycle @ 17th August 2026 15:30:00 IST | scanned 29/29 symbols in 1.6s (0.06s/symbol)
17th August 2026 15:35:23 IST | INFO | 5m cycle @ 17th August 2026 15:35:00 IST | scanned 29/29 symbols in 1.4s (0.05s/symbol)
17th August 2026 15:40:09 IST | INFO | 5m cycle @ 17th August 2026 15:40:00 IST | scanned 29/29 symbols in 1.4s (0.05s/symbol)
17th August 2026 15:45:11 IST | INFO | 5m cycle @ 17th August 2026 15:45:00 IST | scanned 29/29 symbols in 1.5s (0.05s/symbol)
17th August 2026 15:50:12 IST | INFO | 5m cycle @ 17th August 2026 15:50:00 IST | scanned 29/29 symbols in 1.3s (0.05s/symbol)
17th August 2026 15:55:13 IST | INFO | 5m cycle @ 17th August 2026 15:55:00 IST | scanned 29/29 symbols in 1.3s (0.04s/symbol)
17th August 2026 16:00:15 IST | INFO | 5m cycle @ 17th August 2026 16:00:00 IST | scanned 29/29 symbols in 1.6s (0.06s/symbol)
17th August 2026 16:05:16 IST | INFO | 5m cycle @ 17th August 2026 16:05:00 IST | scanned 29/29 symbols in 1.3s (0.04s/symbol)
17th August 2026 16:10:17 IST | INFO | 5m cycle @ 17th August 2026 16:10:00 IST | scanned 29/29 symbols in 1.3s (0.04s/symbol)
17th August 2026 16:15:19 IST | INFO | 5m cycle @ 17th August 2026 16:15:00 IST | scanned 29/29 symbols in 1.5s (0.05s/symbol)
17th August 2026 16:20:20 IST | INFO | 5m cycle @ 17th August 2026 16:20:00 IST | scanned 29/29 symbols in 1.3s (0.04s/symbol)
17th August 2026 16:25:22 IST | INFO | 5m cycle @ 17th August 2026 16:25:00 IST | scanned 29/29 symbols in 1.2s (0.04s/symbol)
17th August 2026 16:30:23 IST | INFO | 5m cycle @ 17th August 2026 16:30:00 IST | scanned 29/29 symbols in 1.5s (0.05s/symbol)
17th August 2026 16:35:09 IST | INFO | 5m cycle @ 17th August 2026 16:35:00 IST | scanned 29/29 symbols in 1.4s (0.05s/symbol)
17th August 2026 16:40:11 IST | INFO | 5m cycle @ 17th August 2026 16:40:00 IST | scanned 29/29 symbols in 1.3s (0.05s/symbol)
17th August 2026 16:45:11 IST | INFO | S146 SIGNAL USDCAD LONG conservative_mss | trigger=1.38605 stop=1.38548 target=1.38677 (1.25R) | stop_basis=liquidity_pool_plus_buffer liq_pool=True | 4H dest=1.39479 (15.24R)
17th August 2026 16:45:18 IST | INFO | Email sent: S146 LONG USDCAD @ 1.38605 (1.25R target)
17th August 2026 16:45:18 IST | INFO | USDCAD: market order placed #2171270207 0.19 lots @ 1.38609 | sl/tp attached=True
17th August 2026 16:45:19 IST | INFO | 5m cycle @ 17th August 2026 16:45:00 IST | scanned 29/29 symbols in 8.6s (0.30s/symbol)
17th August 2026 16:50:21 IST | INFO | 5m cycle @ 17th August 2026 16:50:00 IST | scanned 29/29 symbols in 1.2s (0.04s/symbol)
17th August 2026 16:55:22 IST | INFO | 5m cycle @ 17th August 2026 16:55:00 IST | scanned 29/29 symbols in 1.4s (0.05s/symbol)
17th August 2026 17:00:24 IST | INFO | 5m cycle @ 17th August 2026 17:00:00 IST | scanned 29/29 symbols in 1.6s (0.06s/symbol)
17th August 2026 17:05:12 IST | INFO | 5m cycle @ 17th August 2026 17:05:00 IST | scanned 29/29 symbols in 2.9s (0.10s/symbol)
17th August 2026 17:10:13 IST | INFO | 5m cycle @ 17th August 2026 17:10:00 IST | scanned 29/29 symbols in 1.6s (0.06s/symbol)
17th August 2026 17:15:16 IST | INFO | 5m cycle @ 17th August 2026 17:15:00 IST | scanned 29/29 symbols in 2.2s (0.08s/symbol)
17th August 2026 17:20:18 IST | INFO | 5m cycle @ 17th August 2026 17:20:00 IST | scanned 29/29 symbols in 1.9s (0.07s/symbol)
17th August 2026 17:25:19 IST | INFO | 5m cycle @ 17th August 2026 17:25:00 IST | scanned 29/29 symbols in 1.5s (0.05s/symbol)
17th August 2026 17:30:22 IST | INFO | 5m cycle @ 17th August 2026 17:30:00 IST | scanned 29/29 symbols in 2.7s (0.09s/symbol)
17th August 2026 17:35:24 IST | INFO | 5m cycle @ 17th August 2026 17:35:00 IST | scanned 29/29 symbols in 2.2s (0.08s/symbol)
17th August 2026 17:40:09 IST | INFO | S146 SIGNAL GBPUSD SHORT aggressive_liquidation | trigger=1.35576 stop=1.35627 target=1.35513 (1.25R) | stop_basis=swept_wick_plus_buffer liq_pool=False | 4H dest=1.34952 (12.35R)
17th August 2026 17:40:19 IST | INFO | Email sent: S146 SHORT GBPUSD @ 1.35576 (1.25R target)
17th August 2026 17:40:19 IST | ERROR | GBPUSD: order rejected retcode=10019 no money
17th August 2026 17:40:21 IST | INFO | 5m cycle @ 17th August 2026 17:40:00 IST | scanned 29/29 symbols in 11.7s (0.40s/symbol)
17th August 2026 17:45:23 IST | INFO | 5m cycle @ 17th August 2026 17:45:00 IST | scanned 29/29 symbols in 2.4s (0.08s/symbol)
17th August 2026 17:50:11 IST | INFO | 5m cycle @ 17th August 2026 17:50:00 IST | scanned 29/29 symbols in 2.3s (0.08s/symbol)
17th August 2026 17:55:12 IST | INFO | 5m cycle @ 17th August 2026 17:55:00 IST | scanned 29/29 symbols in 1.8s (0.06s/symbol)
17th August 2026 18:00:14 IST | INFO | 5m cycle @ 17th August 2026 18:00:00 IST | scanned 29/29 symbols in 1.7s (0.06s/symbol)
17th August 2026 18:05:16 IST | INFO | 5m cycle @ 17th August 2026 18:05:00 IST | scanned 29/29 symbols in 1.4s (0.05s/symbol)
17th August 2026 18:10:17 IST | INFO | 5m cycle @ 17th August 2026 18:10:00 IST | scanned 29/29 symbols in 1.3s (0.05s/symbol)
17th August 2026 18:15:18 IST | INFO | 5m cycle @ 17th August 2026 18:15:00 IST | scanned 29/29 symbols in 1.6s (0.05s/symbol)
17th August 2026 18:20:20 IST | INFO | 5m cycle @ 17th August 2026 18:20:00 IST | scanned 29/29 symbols in 1.6s (0.06s/symbol)
17th August 2026 18:25:22 IST | INFO | 5m cycle @ 17th August 2026 18:25:00 IST | scanned 29/29 symbols in 1.4s (0.05s/symbol)
17th August 2026 18:30:23 IST | INFO | 5m cycle @ 17th August 2026 18:30:00 IST | scanned 29/29 symbols in 1.6s (0.05s/symbol)
17th August 2026 18:35:09 IST | INFO | 5m cycle @ 17th August 2026 18:35:00 IST | scanned 29/29 symbols in 1.3s (0.05s/symbol)
17th August 2026 18:40:11 IST | INFO | 5m cycle @ 17th August 2026 18:40:00 IST | scanned 29/29 symbols in 1.4s (0.05s/symbol)
17th August 2026 18:45:11 IST | INFO | S146 SIGNAL EURUSD SHORT aggressive_liquidation | trigger=1.15944 stop=1.16026 target=1.15842 (1.25R) | stop_basis=liquidity_pool_plus_buffer liq_pool=True | 4H dest=1.15305 (7.79R)
17th August 2026 18:45:17 IST | INFO | Email sent: S146 SHORT EURUSD @ 1.15944 (1.25R target)
17th August 2026 18:45:17 IST | INFO | EURUSD: market order placed #2172137197 0.17 lots @ 1.15951 | sl/tp attached=True
17th August 2026 18:45:19 IST | INFO | 5m cycle @ 17th August 2026 18:45:00 IST | scanned 29/29 symbols in 7.8s (0.27s/symbol)
17th August 2026 18:50:20 IST | INFO | 5m cycle @ 17th August 2026 18:50:00 IST | scanned 29/29 symbols in 1.3s (0.04s/symbol)
17th August 2026 18:55:21 IST | INFO | 5m cycle @ 17th August 2026 18:55:00 IST | scanned 29/29 symbols in 1.3s (0.04s/symbol)
17th August 2026 19:00:23 IST | INFO | 5m cycle @ 17th August 2026 19:00:00 IST | scanned 29/29 symbols in 1.6s (0.05s/symbol)
17th August 2026 19:05:09 IST | INFO | 5m cycle @ 17th August 2026 19:05:00 IST | scanned 29/29 symbols in 1.3s (0.04s/symbol)
17th August 2026 19:10:11 IST | INFO | 5m cycle @ 17th August 2026 19:10:00 IST | scanned 29/29 symbols in 1.4s (0.05s/symbol)
17th August 2026 19:15:12 IST | INFO | S146 SIGNAL NZDJPY SHORT aggressive_liquidation | trigger=94.19229 stop=94.29371 target=94.06551 (1.25R) | stop_basis=liquidity_pool_plus_buffer liq_pool=True | 4H dest=93.83700 (3.5R)
17th August 2026 19:15:17 IST | INFO | Email sent: S146 SHORT NZDJPY @ 94.19229 (1.25R target)
17th August 2026 19:15:17 IST | INFO | NZDJPY: market order placed #2172397555 0.33 lots @ 94.19200 | sl/tp attached=True
17th August 2026 19:15:18 IST | INFO | 5m cycle @ 17th August 2026 19:15:00 IST | scanned 29/29 symbols in 6.8s (0.24s/symbol)
17th August 2026 19:20:19 IST | INFO | 5m cycle @ 17th August 2026 19:20:00 IST | scanned 29/29 symbols in 1.2s (0.04s/symbol)
17th August 2026 19:25:20 IST | INFO | 5m cycle @ 17th August 2026 19:25:00 IST | scanned 29/29 symbols in 1.3s (0.05s/symbol)
17th August 2026 19:30:22 IST | INFO | 5m cycle @ 17th August 2026 19:30:00 IST | scanned 29/29 symbols in 1.4s (0.05s/symbol)
17th August 2026 19:35:23 IST | INFO | 5m cycle @ 17th August 2026 19:35:00 IST | scanned 29/29 symbols in 1.2s (0.04s/symbol)
17th August 2026 19:40:09 IST | INFO | 5m cycle @ 17th August 2026 19:40:00 IST | scanned 29/29 symbols in 1.5s (0.05s/symbol)
17th August 2026 19:45:11 IST | INFO | 5m cycle @ 17th August 2026 19:45:00 IST | scanned 29/29 symbols in 1.4s (0.05s/symbol)
17th August 2026 19:50:12 IST | INFO | 5m cycle @ 17th August 2026 19:50:00 IST | scanned 29/29 symbols in 1.2s (0.04s/symbol)
17th August 2026 19:55:12 IST | INFO | S146 SIGNAL AUDUSD SHORT aggressive_liquidation | trigger=0.71199 stop=0.71266 target=0.71116 (1.25R) | stop_basis=liquidity_pool_plus_buffer liq_pool=True | 4H dest=0.70631 (8.53R)
17th August 2026 19:55:19 IST | INFO | Email sent: S146 SHORT AUDUSD @ 0.71199 (1.25R target)
17th August 2026 19:55:19 IST | ERROR | AUDUSD: order rejected retcode=10019 No money
17th August 2026 19:55:20 IST | INFO | 5m cycle @ 17th August 2026 19:55:00 IST | scanned 29/29 symbols in 8.2s (0.28s/symbol)
17th August 2026 20:00:22 IST | INFO | 5m cycle @ 17th August 2026 20:00:00 IST | scanned 29/29 symbols in 1.4s (0.05s/symbol)
17th August 2026 20:05:23 IST | INFO | 5m cycle @ 17th August 2026 20:05:00 IST | scanned 29/29 symbols in 1.2s (0.04s/symbol)
17th August 2026 20:10:10 IST | INFO | 5m cycle @ 17th August 2026 20:10:00 IST | scanned 29/29 symbols in 1.6s (0.05s/symbol)
17th August 2026 20:15:11 IST | INFO | 5m cycle @ 17th August 2026 20:15:00 IST | scanned 29/29 symbols in 1.5s (0.05s/symbol)
17th August 2026 20:20:13 IST | INFO | 5m cycle @ 17th August 2026 20:20:00 IST | scanned 29/29 symbols in 1.3s (0.04s/symbol)
17th August 2026 20:25:14 IST | INFO | 5m cycle @ 17th August 2026 20:25:00 IST | scanned 29/29 symbols in 1.3s (0.04s/symbol)
17th August 2026 20:30:15 IST | INFO | S146 SIGNAL GBPAUD LONG aggressive_liquidation | trigger=1.90585 stop=1.90367 target=1.90856 (1.25R) | stop_basis=liquidity_pool_plus_buffer liq_pool=True | 4H dest=1.91037 (2.08R)
17th August 2026 20:30:20 IST | INFO | Email sent: S146 LONG GBPAUD @ 1.90585 (1.25R target)
17th August 2026 20:30:20 IST | INFO | GBPAUD: market order placed #2173239070 0.14 lots @ 1.90582 | sl/tp attached=True
17th August 2026 20:30:20 IST | INFO | 5m cycle @ 17th August 2026 20:30:00 IST | scanned 29/29 symbols in 6.4s (0.22s/symbol)
17th August 2026 20:32:50 IST | INFO | s146 #2172137197 partial 0.08/0.17 lots at 1.29R ok=True
17th August 2026 20:32:50 IST | INFO | s146 #2172137197 ladder sl -> 1.15951 (+0.00R at peak 1.29R) ok=True
17th August 2026 20:35:22 IST | INFO | 5m cycle @ 17th August 2026 20:35:00 IST | scanned 29/29 symbols in 1.2s (0.04s/symbol)
17th August 2026 20:36:37 IST | INFO | s146 #2172137197 ladder sl -> 1.15876 (+1.00R at peak 1.50R) ok=True
17th August 2026 20:40:23 IST | INFO | 5m cycle @ 17th August 2026 20:40:00 IST | scanned 29/29 symbols in 1.3s (0.04s/symbol)
17th August 2026 20:45:10 IST | INFO | 5m cycle @ 17th August 2026 20:45:00 IST | scanned 29/29 symbols in 1.4s (0.05s/symbol)
17th August 2026 20:50:11 IST | INFO | 5m cycle @ 17th August 2026 20:50:00 IST | scanned 29/29 symbols in 1.2s (0.04s/symbol)
17th August 2026 20:55:12 IST | INFO | 5m cycle @ 17th August 2026 20:55:00 IST | scanned 29/29 symbols in 1.2s (0.04s/symbol)
17th August 2026 21:00:13 IST | INFO | 5m cycle @ 17th August 2026 21:00:00 IST | scanned 29/29 symbols in 1.4s (0.05s/symbol)
17th August 2026 21:05:15 IST | INFO | 5m cycle @ 17th August 2026 21:05:00 IST | scanned 29/29 symbols in 1.2s (0.04s/symbol)
17th August 2026 21:10:16 IST | INFO | 5m cycle @ 17th August 2026 21:10:00 IST | scanned 29/29 symbols in 1.2s (0.04s/symbol)
17th August 2026 21:15:17 IST | INFO | 5m cycle @ 17th August 2026 21:15:00 IST | scanned 29/29 symbols in 1.4s (0.05s/symbol)
17th August 2026 21:20:19 IST | INFO | 5m cycle @ 17th August 2026 21:20:00 IST | scanned 29/29 symbols in 1.2s (0.04s/symbol)
17th August 2026 21:25:20 IST | INFO | 5m cycle @ 17th August 2026 21:25:00 IST | scanned 29/29 symbols in 1.3s (0.04s/symbol)
17th August 2026 21:30:22 IST | INFO | 5m cycle @ 17th August 2026 21:30:00 IST | scanned 29/29 symbols in 1.6s (0.06s/symbol)
17th August 2026 21:35:23 IST | INFO | 5m cycle @ 17th August 2026 21:35:00 IST | scanned 29/29 symbols in 1.2s (0.04s/symbol)
17th August 2026 21:40:10 IST | INFO | 5m cycle @ 17th August 2026 21:40:00 IST | scanned 29/29 symbols in 1.6s (0.06s/symbol)
17th August 2026 21:45:11 IST | INFO | 5m cycle @ 17th August 2026 21:45:00 IST | scanned 29/29 symbols in 1.5s (0.05s/symbol)
17th August 2026 21:50:12 IST | INFO | 5m cycle @ 17th August 2026 21:50:00 IST | scanned 29/29 symbols in 1.2s (0.04s/symbol)
17th August 2026 21:55:14 IST | INFO | 5m cycle @ 17th August 2026 21:55:00 IST | scanned 29/29 symbols in 1.2s (0.04s/symbol)
17th August 2026 22:00:15 IST | INFO | 5m cycle @ 17th August 2026 22:00:00 IST | scanned 29/29 symbols in 1.5s (0.05s/symbol)
17th August 2026 22:05:16 IST | INFO | 5m cycle @ 17th August 2026 22:05:00 IST | scanned 29/29 symbols in 1.2s (0.04s/symbol)
17th August 2026 22:10:18 IST | INFO | 5m cycle @ 17th August 2026 22:10:00 IST | scanned 29/29 symbols in 1.3s (0.05s/symbol)
17th August 2026 22:15:19 IST | INFO | 5m cycle @ 17th August 2026 22:15:00 IST | scanned 29/29 symbols in 1.5s (0.05s/symbol)
17th August 2026 22:20:20 IST | INFO | 5m cycle @ 17th August 2026 22:20:00 IST | scanned 29/29 symbols in 1.3s (0.04s/symbol)
17th August 2026 22:25:21 IST | INFO | S146 SIGNAL AUDJPY SHORT aggressive_liquidation | trigger=113.32233 stop=113.42567 target=113.19316 (1.25R) | stop_basis=liquidity_pool_plus_buffer liq_pool=True | 4H dest=112.61000 (6.89R)
17th August 2026 22:25:27 IST | INFO | Email sent: S146 SHORT AUDJPY @ 113.32233 (1.25R target)
17th August 2026 22:25:28 IST | INFO | AUDJPY: market order placed #2173933675 0.27 lots @ 113.33700 | sl/tp attached=True
17th August 2026 22:25:28 IST | INFO | 5m cycle @ 17th August 2026 22:25:00 IST | scanned 29/29 symbols in 7.5s (0.26s/symbol)
17th August 2026 22:30:14 IST | INFO | 5m cycle @ 17th August 2026 22:30:00 IST | scanned 29/29 symbols in 1.4s (0.05s/symbol)
17th August 2026 22:35:16 IST | INFO | 5m cycle @ 17th August 2026 22:35:00 IST | scanned 29/29 symbols in 1.2s (0.04s/symbol)
17th August 2026 22:40:17 IST | INFO | 5m cycle @ 17th August 2026 22:40:00 IST | scanned 29/29 symbols in 1.2s (0.04s/symbol)
17th August 2026 22:45:18 IST | INFO | 5m cycle @ 17th August 2026 22:45:00 IST | scanned 29/29 symbols in 1.4s (0.05s/symbol)
17th August 2026 22:50:20 IST | INFO | 5m cycle @ 17th August 2026 22:50:00 IST | scanned 29/29 symbols in 1.2s (0.04s/symbol)
17th August 2026 22:55:21 IST | INFO | 5m cycle @ 17th August 2026 22:55:00 IST | scanned 29/29 symbols in 1.2s (0.04s/symbol)
17th August 2026 23:00:22 IST | INFO | 5m cycle @ 17th August 2026 23:00:00 IST | scanned 29/29 symbols in 1.5s (0.05s/symbol)
17th August 2026 23:05:24 IST | INFO | 5m cycle @ 17th August 2026 23:05:00 IST | scanned 29/29 symbols in 1.3s (0.04s/symbol)
17th August 2026 23:10:10 IST | INFO | S146 SIGNAL CADJPY SHORT aggressive_liquidation | trigger=114.95225 stop=115.02325 target=114.86350 (1.25R) | stop_basis=liquidity_pool_plus_buffer liq_pool=True | 4H dest=114.62200 (4.65R)
17th August 2026 23:10:16 IST | INFO | Email sent: S146 SHORT CADJPY @ 114.95225 (1.25R target)
17th August 2026 23:10:16 IST | INFO | CADJPY: market order placed #2174206676 0.27 lots @ 114.96500 | sl/tp attached=True
17th August 2026 23:10:17 IST | INFO | 5m cycle @ 17th August 2026 23:10:00 IST | scanned 29/29 symbols in 7.9s (0.27s/symbol)
17th August 2026 23:15:18 IST | INFO | 5m cycle @ 17th August 2026 23:15:00 IST | scanned 29/29 symbols in 1.3s (0.05s/symbol)
17th August 2026 23:20:19 IST | INFO | 5m cycle @ 17th August 2026 23:20:00 IST | scanned 29/29 symbols in 1.2s (0.04s/symbol)
17th August 2026 23:25:20 IST | INFO | S146 SIGNAL NZDCHF SHORT aggressive_liquidation | trigger=0.47854 stop=0.47888 target=0.47810 (1.25R) | stop_basis=liquidity_pool_plus_buffer liq_pool=True | 4H dest=0.47649 (5.88R)
17th August 2026 23:25:26 IST | INFO | Email sent: S146 SHORT NZDCHF @ 0.47854 (1.25R target)
17th August 2026 23:25:26 IST | INFO | NZDCHF: market order placed #2174299890 0.33 lots @ 0.47856 | sl/tp attached=True
17th August 2026 23:25:26 IST | INFO | 5m cycle @ 17th August 2026 23:25:00 IST | scanned 29/29 symbols in 7.0s (0.24s/symbol)
17th August 2026 23:30:12 IST | INFO | 5m cycle @ 17th August 2026 23:30:00 IST | scanned 29/29 symbols in 1.3s (0.04s/symbol)
17th August 2026 23:35:14 IST | INFO | 5m cycle @ 17th August 2026 23:35:00 IST | scanned 29/29 symbols in 1.1s (0.04s/symbol)
17th August 2026 23:40:15 IST | INFO | 5m cycle @ 17th August 2026 23:40:00 IST | scanned 29/29 symbols in 1.2s (0.04s/symbol)
17th August 2026 23:45:16 IST | INFO | 5m cycle @ 17th August 2026 23:45:00 IST | scanned 29/29 symbols in 1.3s (0.04s/symbol)
17th August 2026 23:50:17 IST | INFO | S146 SIGNAL AUDNZD SHORT aggressive_liquidation | trigger=1.20371 stop=1.20435 target=1.20291 (1.25R) | stop_basis=15m_zone_distal_plus_buffer liq_pool=False | 4H dest=1.19919 (7.06R)
17th August 2026 23:50:22 IST | INFO | Email sent: S146 SHORT AUDNZD @ 1.20371 (1.25R target)
17th August 2026 23:50:22 IST | INFO | AUDNZD: market order placed #2174444724 0.27 lots @ 1.20379 | sl/tp attached=True
17th August 2026 23:50:22 IST | INFO | 5m cycle @ 17th August 2026 23:50:00 IST | scanned 29/29 symbols in 6.2s (0.21s/symbol)
17th August 2026 23:55:24 IST | INFO | 5m cycle @ 17th August 2026 23:55:00 IST | scanned 29/29 symbols in 1.2s (0.04s/symbol)
18th August 2026 0:00:10 IST | INFO | 5m cycle @ 18th August 2026 0:00:00 IST | scanned 29/29 symbols in 1.3s (0.05s/symbol)
18th August 2026 0:05:11 IST | INFO | S146 SIGNAL GBPCAD LONG aggressive_liquidation | trigger=1.87839 stop=1.87755 target=1.87945 (1.25R) | stop_basis=liquidity_pool_plus_buffer liq_pool=True | 4H dest=1.88090 (2.97R)
18th August 2026 0:05:15 IST | INFO | Email sent: S146 LONG GBPCAD @ 1.87839 (1.25R target)
18th August 2026 0:05:15 IST | ERROR | GBPCAD: order rejected retcode=10019 No money
18th August 2026 0:05:16 IST | INFO | 5m cycle @ 18th August 2026 0:05:00 IST | scanned 29/29 symbols in 5.9s (0.20s/symbol)
18th August 2026 0:10:17 IST | INFO | 5m cycle @ 18th August 2026 0:10:00 IST | scanned 29/29 symbols in 1.2s (0.04s/symbol)
18th August 2026 0:15:18 IST | INFO | 5m cycle @ 18th August 2026 0:15:00 IST | scanned 29/29 symbols in 1.3s (0.05s/symbol)
18th August 2026 0:20:20 IST | INFO | 5m cycle @ 18th August 2026 0:20:00 IST | scanned 29/29 symbols in 1.2s (0.04s/symbol)
18th August 2026 0:25:20 IST | INFO | S146 SIGNAL EURAUD LONG aggressive_liquidation | trigger=1.62939 stop=1.62860 target=1.63038 (1.25R) | stop_basis=15m_zone_distal_plus_buffer liq_pool=False | 4H dest=1.63213 (3.45R)
18th August 2026 0:25:25 IST | INFO | Email sent: S146 LONG EURAUD @ 1.62939 (1.25R target)
18th August 2026 0:25:25 IST | ERROR | EURAUD: order rejected retcode=10019 No money
18th August 2026 0:25:26 IST | INFO | 5m cycle @ 18th August 2026 0:25:00 IST | scanned 29/29 symbols in 5.9s (0.20s/symbol)
18th August 2026 0:30:13 IST | INFO | 5m cycle @ 18th August 2026 0:30:00 IST | scanned 29/29 symbols in 2.0s (0.07s/symbol)
18th August 2026 0:35:14 IST | INFO | 5m cycle @ 18th August 2026 0:35:00 IST | scanned 29/29 symbols in 1.5s (0.05s/symbol)
18th August 2026 0:40:15 IST | INFO | 5m cycle @ 18th August 2026 0:40:00 IST | scanned 29/29 symbols in 1.1s (0.04s/symbol)
18th August 2026 0:45:17 IST | INFO | 5m cycle @ 18th August 2026 0:45:00 IST | scanned 29/29 symbols in 1.4s (0.05s/symbol)
18th August 2026 0:50:18 IST | INFO | 5m cycle @ 18th August 2026 0:50:00 IST | scanned 29/29 symbols in 1.1s (0.04s/symbol)
18th August 2026 0:55:19 IST | INFO | 5m cycle @ 18th August 2026 0:55:00 IST | scanned 29/29 symbols in 1.1s (0.04s/symbol)
18th August 2026 1:00:21 IST | INFO | 5m cycle @ 18th August 2026 1:00:00 IST | scanned 29/29 symbols in 1.3s (0.05s/symbol)
18th August 2026 1:05:22 IST | INFO | 5m cycle @ 18th August 2026 1:05:00 IST | scanned 29/29 symbols in 1.2s (0.04s/symbol)
18th August 2026 1:10:23 IST | INFO | 5m cycle @ 18th August 2026 1:10:00 IST | scanned 29/29 symbols in 1.2s (0.04s/symbol)
18th August 2026 1:15:09 IST | INFO | 5m cycle @ 18th August 2026 1:15:00 IST | scanned 29/29 symbols in 1.3s (0.05s/symbol)
18th August 2026 1:20:11 IST | INFO | 5m cycle @ 18th August 2026 1:20:00 IST | scanned 29/29 symbols in 1.2s (0.04s/symbol)
18th August 2026 1:25:13 IST | INFO | 5m cycle @ 18th August 2026 1:25:00 IST | scanned 29/29 symbols in 2.0s (0.07s/symbol)
18th August 2026 1:30:14 IST | INFO | 5m cycle @ 18th August 2026 1:30:00 IST | scanned 29/29 symbols in 1.4s (0.05s/symbol)
18th August 2026 1:35:16 IST | INFO | 5m cycle @ 18th August 2026 1:35:00 IST | scanned 29/29 symbols in 1.4s (0.05s/symbol)
18th August 2026 1:40:17 IST | INFO | 5m cycle @ 18th August 2026 1:40:00 IST | scanned 29/29 symbols in 1.7s (0.06s/symbol)
18th August 2026 1:45:19 IST | INFO | 5m cycle @ 18th August 2026 1:45:00 IST | scanned 29/29 symbols in 1.3s (0.05s/symbol)
18th August 2026 1:50:20 IST | INFO | 5m cycle @ 18th August 2026 1:50:00 IST | scanned 29/29 symbols in 1.1s (0.04s/symbol)
18th August 2026 1:55:21 IST | INFO | 5m cycle @ 18th August 2026 1:55:00 IST | scanned 29/29 symbols in 1.1s (0.04s/symbol)
18th August 2026 2:00:22 IST | INFO | 5m cycle @ 18th August 2026 2:00:00 IST | scanned 29/29 symbols in 1.3s (0.04s/symbol)
18th August 2026 2:05:23 IST | INFO | 5m cycle @ 18th August 2026 2:05:00 IST | scanned 29/29 symbols in 1.1s (0.04s/symbol)
18th August 2026 2:10:10 IST | INFO | 5m cycle @ 18th August 2026 2:10:00 IST | scanned 29/29 symbols in 1.8s (0.06s/symbol)
18th August 2026 2:15:12 IST | INFO | 5m cycle @ 18th August 2026 2:15:00 IST | scanned 29/29 symbols in 1.3s (0.05s/symbol)
18th August 2026 2:20:13 IST | INFO | 5m cycle @ 18th August 2026 2:20:00 IST | scanned 29/29 symbols in 1.1s (0.04s/symbol)
18th August 2026 2:25:14 IST | INFO | 5m cycle @ 18th August 2026 2:25:00 IST | scanned 29/29 symbols in 1.2s (0.04s/symbol)
18th August 2026 2:30:15 IST | INFO | 5m cycle @ 18th August 2026 2:30:00 IST | scanned 29/29 symbols in 1.4s (0.05s/symbol)
18th August 2026 2:35:17 IST | INFO | 5m cycle @ 18th August 2026 2:35:00 IST | scanned 29/29 symbols in 1.3s (0.04s/symbol)
18th August 2026 2:40:18 IST | INFO | 5m cycle @ 18th August 2026 2:40:00 IST | scanned 29/29 symbols in 1.3s (0.04s/symbol)
18th August 2026 2:45:19 IST | INFO | 5m cycle @ 18th August 2026 2:45:00 IST | scanned 29/29 symbols in 1.4s (0.05s/symbol)
18th August 2026 2:50:20 IST | INFO | S146 SIGNAL USDCAD LONG aggressive_liquidation | trigger=1.38733 stop=1.38663 target=1.38820 (1.25R) | stop_basis=liquidity_pool_plus_buffer liq_pool=True | 4H dest=1.39479 (10.68R)
18th August 2026 2:50:25 IST | INFO | Email sent: S146 LONG USDCAD @ 1.38733 (1.25R target)
18th August 2026 2:50:25 IST | ERROR | USDCAD: order rejected retcode=10019 No money
18th August 2026 2:50:26 IST | INFO | 5m cycle @ 18th August 2026 2:50:00 IST | scanned 29/29 symbols in 6.2s (0.21s/symbol)
18th August 2026 2:55:12 IST | INFO | 5m cycle @ 18th August 2026 2:55:00 IST | scanned 29/29 symbols in 1.2s (0.04s/symbol)
18th August 2026 3:00:14 IST | INFO | 5m cycle @ 18th August 2026 3:00:00 IST | scanned 29/29 symbols in 2.4s (0.08s/symbol)
18th August 2026 3:05:16 IST | INFO | 5m cycle @ 18th August 2026 3:05:00 IST | scanned 29/29 symbols in 1.7s (0.06s/symbol)
18th August 2026 3:10:18 IST | INFO | 5m cycle @ 18th August 2026 3:10:00 IST | scanned 29/29 symbols in 1.8s (0.06s/symbol)
18th August 2026 3:15:20 IST | INFO | 5m cycle @ 18th August 2026 3:15:00 IST | scanned 29/29 symbols in 1.8s (0.06s/symbol)
18th August 2026 3:20:21 IST | INFO | 5m cycle @ 18th August 2026 3:20:00 IST | scanned 29/29 symbols in 1.6s (0.05s/symbol)
18th August 2026 3:25:23 IST | INFO | 5m cycle @ 18th August 2026 3:25:00 IST | scanned 29/29 symbols in 1.6s (0.06s/symbol)
18th August 2026 3:30:10 IST | INFO | 5m cycle @ 18th August 2026 3:30:00 IST | scanned 29/29 symbols in 2.0s (0.07s/symbol)
18th August 2026 3:35:11 IST | INFO | 5m cycle @ 18th August 2026 3:35:00 IST | scanned 29/29 symbols in 1.4s (0.05s/symbol)
18th August 2026 3:40:13 IST | INFO | 5m cycle @ 18th August 2026 3:40:00 IST | scanned 29/29 symbols in 1.7s (0.06s/symbol)
18th August 2026 3:45:15 IST | INFO | 5m cycle @ 18th August 2026 3:45:00 IST | scanned 29/29 symbols in 1.9s (0.07s/symbol)
18th August 2026 3:50:16 IST | INFO | S146 SIGNAL GBPJPY SHORT aggressive_liquidation | trigger=215.93120 stop=215.99480 target=215.85171 (1.25R) | stop_basis=15m_zone_distal_plus_buffer liq_pool=False | 4H dest=215.59700 (5.26R)
18th August 2026 3:50:21 IST | INFO | Email sent: S146 SHORT GBPJPY @ 215.93120 (1.25R target)
18th August 2026 3:50:21 IST | ERROR | GBPJPY: order rejected retcode=10016 Invalid stops
18th August 2026 3:50:21 IST | INFO | S146 SIGNAL CHFJPY SHORT conservative_mss | trigger=196.55817 stop=196.66483 target=196.42484 (1.25R) | stop_basis=liquidity_pool_plus_buffer liq_pool=True | 4H dest=195.91500 (6.03R)
18th August 2026 3:50:26 IST | INFO | Email sent: S146 SHORT CHFJPY @ 196.55817 (1.25R target)
18th August 2026 3:50:26 IST | INFO | CHFJPY: market order placed #2175177960 0.16 lots @ 196.58000 | sl/tp attached=True
18th August 2026 3:50:26 IST | INFO | 5m cycle @ 18th August 2026 3:50:00 IST | scanned 29/29 symbols in 11.1s (0.38s/symbol)
18th August 2026 13:45:16 IST | INFO | S146 SIGNAL CADJPY SHORT aggressive_liquidation | trigger=114.89625 stop=114.93675 target=114.84564 (1.25R) | stop_basis=liquidity_pool_plus_buffer liq_pool=True | 4H dest=114.74200 (3.81R)
18th August 2026 13:45:21 IST | INFO | Email sent: S146 SHORT CADJPY @ 114.89625 (1.25R target)
18th August 2026 13:45:21 IST | ERROR | CADJPY: order rejected retcode=10016 Invalid stops
18th August 2026 13:45:21 IST | INFO | 5m cycle @ 18th August 2026 13:45:00 IST | scanned 29/29 symbols in 11.2s (0.39s/symbol)
18th August 2026 13:50:25 IST | INFO | 5m cycle @ 18th August 2026 13:50:00 IST | scanned 29/29 symbols in 3.5s (0.12s/symbol)
18th August 2026 13:55:11 IST | INFO | 5m cycle @ 18th August 2026 13:55:00 IST | scanned 29/29 symbols in 1.3s (0.04s/symbol)
18th August 2026 14:00:13 IST | INFO | 5m cycle @ 18th August 2026 14:00:00 IST | scanned 29/29 symbols in 1.5s (0.05s/symbol)
18th August 2026 14:05:14 IST | INFO | 5m cycle @ 18th August 2026 14:05:00 IST | scanned 29/29 symbols in 1.3s (0.04s/symbol)
18th August 2026 14:10:16 IST | INFO | 5m cycle @ 18th August 2026 14:10:00 IST | scanned 29/29 symbols in 1.4s (0.05s/symbol)
18th August 2026 14:15:17 IST | INFO | 5m cycle @ 18th August 2026 14:15:00 IST | scanned 29/29 symbols in 1.5s (0.05s/symbol)
18th August 2026 14:20:18 IST | INFO | 5m cycle @ 18th August 2026 14:20:00 IST | scanned 29/29 symbols in 1.3s (0.04s/symbol)
18th August 2026 14:25:20 IST | INFO | 5m cycle @ 18th August 2026 14:25:00 IST | scanned 29/29 symbols in 1.3s (0.04s/symbol)
18th August 2026 14:30:21 IST | INFO | 5m cycle @ 18th August 2026 14:30:00 IST | scanned 29/29 symbols in 1.6s (0.05s/symbol)
18th August 2026 14:35:23 IST | INFO | 5m cycle @ 18th August 2026 14:35:00 IST | scanned 29/29 symbols in 1.6s (0.05s/symbol)
18th August 2026 14:40:08 IST | INFO | S146 SIGNAL GBPUSD SHORT aggressive_liquidation | trigger=1.35278 stop=1.35432 target=1.35086 (1.25R) | stop_basis=liquidity_pool_plus_buffer liq_pool=True | 4H dest=1.34952 (2.12R)
18th August 2026 14:40:13 IST | INFO | Email sent: S146 SHORT GBPUSD @ 1.35278 (1.25R target)
18th August 2026 14:40:13 IST | INFO | GBPUSD: market order placed #2177759265 0.14 lots @ 1.35290 | sl/tp attached=True
18th August 2026 14:40:14 IST | INFO | 5m cycle @ 18th August 2026 14:40:00 IST | scanned 29/29 symbols in 6.2s (0.21s/symbol)
18th August 2026 14:45:16 IST | INFO | 5m cycle @ 18th August 2026 14:45:00 IST | scanned 29/29 symbols in 1.9s (0.06s/symbol)
18th August 2026 14:50:17 IST | INFO | 5m cycle @ 18th August 2026 14:50:00 IST | scanned 29/29 symbols in 1.3s (0.04s/symbol)
18th August 2026 14:55:19 IST | INFO | 5m cycle @ 18th August 2026 14:55:00 IST | scanned 29/29 symbols in 1.3s (0.05s/symbol)
18th August 2026 15:00:20 IST | INFO | 5m cycle @ 18th August 2026 15:00:00 IST | scanned 29/29 symbols in 1.5s (0.05s/symbol)
18th August 2026 15:05:21 IST | INFO | 5m cycle @ 18th August 2026 15:05:00 IST | scanned 29/29 symbols in 1.3s (0.05s/symbol)
18th August 2026 15:10:23 IST | INFO | 5m cycle @ 18th August 2026 15:10:00 IST | scanned 29/29 symbols in 1.3s (0.04s/symbol)
18th August 2026 15:15:09 IST | INFO | 5m cycle @ 18th August 2026 15:15:00 IST | scanned 29/29 symbols in 1.4s (0.05s/symbol)
18th August 2026 15:20:11 IST | INFO | 5m cycle @ 18th August 2026 15:20:00 IST | scanned 29/29 symbols in 1.4s (0.05s/symbol)
18th August 2026 15:25:11 IST | INFO | S146 SIGNAL GBPJPY SHORT aggressive_liquidation | trigger=215.94820 stop=216.08930 target=215.77182 (1.25R) | stop_basis=liquidity_pool_plus_buffer liq_pool=True | 4H dest=215.59700 (2.49R)
18th August 2026 15:25:16 IST | INFO | Email sent: S146 SHORT GBPJPY @ 215.94820 (1.25R target)
18th August 2026 15:25:16 IST | INFO | GBPJPY: market order placed #2177991360 0.14 lots @ 215.97400 | sl/tp attached=True
18th August 2026 15:25:17 IST | INFO | 5m cycle @ 18th August 2026 15:25:00 IST | scanned 29/29 symbols in 6.2s (0.21s/symbol)
18th August 2026 15:26:44 IST | INFO | MT5 connected | Exness-MT5Trial15 | DEMO | balance=9084.6 INR | leverage 1:2000
18th August 2026 15:30:18 IST | INFO | 5m cycle @ 18th August 2026 15:30:00 IST | scanned 29/29 symbols in 1.5s (0.05s/symbol)
18th August 2026 15:35:20 IST | INFO | 5m cycle @ 18th August 2026 15:35:00 IST | scanned 29/29 symbols in 1.2s (0.04s/symbol)
18th August 2026 15:37:48 IST | INFO | MT5 connected | Exness-MT5Trial15 | DEMO | balance=9084.6 INR | leverage 1:2000
18th August 2026 15:40:17 IST | INFO | MT5 connected | Exness-MT5Trial15 | DEMO | balance=9084.6 INR | leverage 1:2000
18th August 2026 15:40:20 IST | INFO | S146 SIGNAL AUDUSD SHORT aggressive_liquidation | trigger=0.71068 stop=0.71113 target=0.71013 (1.25R) | stop_basis=15m_zone_distal_plus_buffer liq_pool=False | 4H dest=0.70631 (9.92R)
18th August 2026 15:40:25 IST | INFO | Email sent: S146 SHORT AUDUSD @ 0.71068 (1.25R target)
18th August 2026 15:40:25 IST | INFO | AUDUSD: market order placed #2178061940 0.27 lots @ 0.71075 | sl/tp attached=True
18th August 2026 15:40:26 IST | INFO | 5m cycle @ 18th August 2026 15:40:00 IST | scanned 29/29 symbols in 6.7s (0.23s/symbol)
18th August 2026 15:40:54 IST | INFO | MT5 connected | Exness-MT5Trial15 | DEMO | balance=9084.6 INR | leverage 1:2000
18th August 2026 15:41:18 IST | INFO | MT5 connected | Exness-MT5Trial15 | DEMO | balance=9084.6 INR | leverage 1:2000
18th August 2026 15:42:29 IST | INFO | MT5 connected | Exness-MT5Trial15 | DEMO | balance=9084.6 INR | leverage 1:2000
18th August 2026 15:45:13 IST | INFO | 5m cycle @ 18th August 2026 15:45:00 IST | scanned 29/29 symbols in 1.5s (0.05s/symbol)
18th August 2026 15:50:14 IST | INFO | 5m cycle @ 18th August 2026 15:50:00 IST | scanned 29/29 symbols in 1.2s (0.04s/symbol)
18th August 2026 15:55:16 IST | INFO | 5m cycle @ 18th August 2026 15:55:00 IST | scanned 29/29 symbols in 1.9s (0.06s/symbol)
18th August 2026 16:00:16 IST | INFO | S146 SIGNAL NZDUSD LONG aggressive_liquidation | trigger=0.58812 stop=0.58772 target=0.58862 (1.25R) | stop_basis=liquidity_pool_plus_buffer liq_pool=True | 4H dest=0.59032 (5.52R)
18th August 2026 16:00:21 IST | INFO | Email sent: S146 LONG NZDUSD @ 0.58812 (1.25R target)
18th August 2026 16:00:21 IST | INFO | NZDUSD: market order placed #2178155936 0.32 lots @ 0.58822 | sl/tp attached=True
18th August 2026 16:00:22 IST | INFO | 5m cycle @ 18th August 2026 16:00:00 IST | scanned 29/29 symbols in 6.4s (0.22s/symbol)
18th August 2026 16:05:24 IST | INFO | 5m cycle @ 18th August 2026 16:05:00 IST | scanned 29/29 symbols in 1.2s (0.04s/symbol)
18th August 2026 16:10:10 IST | INFO | S146 SIGNAL CADJPY SHORT aggressive_liquidation | trigger=115.09924 stop=115.17326 target=115.00673 (1.25R) | stop_basis=liquidity_pool_plus_buffer liq_pool=True | 4H dest=114.93700 (2.19R)
18th August 2026 16:10:15 IST | INFO | Email sent: S146 SHORT CADJPY @ 115.09924 (1.25R target)
18th August 2026 16:10:15 IST | INFO | CADJPY: market order placed #2178209575 0.27 lots @ 115.10800 | sl/tp attached=True
18th August 2026 16:10:15 IST | INFO | 5m cycle @ 18th August 2026 16:10:00 IST | scanned 29/29 symbols in 6.2s (0.21s/symbol)
18th August 2026 16:15:16 IST | INFO | 5m cycle @ 18th August 2026 16:15:00 IST | scanned 29/29 symbols in 1.3s (0.04s/symbol)
18th August 2026 16:20:17 IST | INFO | 5m cycle @ 18th August 2026 16:20:00 IST | scanned 29/29 symbols in 1.1s (0.04s/symbol)
18th August 2026 16:25:18 IST | INFO | 5m cycle @ 18th August 2026 16:25:00 IST | scanned 29/29 symbols in 1.1s (0.04s/symbol)
18th August 2026 16:30:20 IST | INFO | 5m cycle @ 18th August 2026 16:30:00 IST | scanned 29/29 symbols in 1.3s (0.05s/symbol)
18th August 2026 16:35:21 IST | INFO | 5m cycle @ 18th August 2026 16:35:00 IST | scanned 29/29 symbols in 1.1s (0.04s/symbol)
18th August 2026 16:40:22 IST | INFO | 5m cycle @ 18th August 2026 16:40:00 IST | scanned 29/29 symbols in 1.1s (0.04s/symbol)
18th August 2026 16:45:23 IST | INFO | 5m cycle @ 18th August 2026 16:45:00 IST | scanned 29/29 symbols in 1.4s (0.05s/symbol)
18th August 2026 16:50:09 IST | INFO | S146 SIGNAL USDJPY SHORT aggressive_liquidation | trigger=159.70701 stop=159.74299 target=159.66205 (1.25R) | stop_basis=liquidity_pool_plus_buffer liq_pool=True | 4H dest=159.45900 (6.89R)
18th August 2026 16:50:14 IST | INFO | Email sent: S146 SHORT USDJPY @ 159.70701 (1.25R target)
18th August 2026 16:50:14 IST | INFO | USDJPY: market order placed #2178422830 0.19 lots @ 159.71800 | sl/tp attached=True
18th August 2026 16:50:15 IST | INFO | 5m cycle @ 18th August 2026 16:50:00 IST | scanned 29/29 symbols in 6.9s (0.24s/symbol)
18th August 2026 16:55:17 IST | INFO | 5m cycle @ 18th August 2026 16:55:00 IST | scanned 29/29 symbols in 1.2s (0.04s/symbol)
18th August 2026 17:00:18 IST | INFO | 5m cycle @ 18th August 2026 17:00:00 IST | scanned 29/29 symbols in 1.3s (0.04s/symbol)
18th August 2026 17:05:21 IST | INFO | 5m cycle @ 18th August 2026 17:05:00 IST | scanned 29/29 symbols in 2.9s (0.10s/symbol)
18th August 2026 17:06:08 IST | INFO | === liveTrade config / connectivity check ===
18th August 2026 17:06:08 IST | INFO | Strategy          : s146
18th August 2026 17:06:08 IST | INFO | Symbols           : ['EURUSD', 'GBPUSD', 'USDJPY', 'USDCHF', 'AUDUSD', 'NZDUSD', 'USDCAD', 'EURGBP', 'EURJPY', 'EURCHF', 'EURAUD', 'EURCAD', 'EURNZD', 'GBPJPY', 'GBPCHF', 'GBPAUD', 'GBPCAD', 'GBPNZD', 'AUDJPY', 'AUDNZD', 'AUDCAD', 'AUDCHF', 'NZDJPY', 'NZDCAD', 'NZDCHF', 'CADJPY', 'CADCHF', 'CHFJPY', 'XAUUSD']
18th August 2026 17:06:08 IST | INFO | DRY_RUN           : False
18th August 2026 17:06:08 IST | INFO | Lot sizing        : margin Rs 1000  | leverage 1:2000  | max_lot 50.0
18th August 2026 17:06:08 IST | INFO | Guards            : one_per_pair=True max_concurrent=8 max_daily_loss=Rs10000
18th August 2026 17:06:08 IST | INFO | Email configured  : True
18th August 2026 17:06:08 IST | INFO | MT5 connected | Exness-MT5Trial15 | DEMO | balance=8771.75 INR | leverage 1:2000
18th August 2026 17:06:08 IST | INFO | S146 params       : MIN_RR=1.5 MAX_RR=20.0 entry_mode=market hold=864 bars require_new_15m=True demo_only=True
18th August 2026 17:06:08 IST | INFO | S146 account mode : DEMO
18th August 2026 17:06:08 IST | INFO | S146 journals     : logs/s146_4h_events.log, logs/s146_15m_events.log, logs/s146_5m_events.log, logs/s146_trades.log
18th August 2026 17:06:08 IST | INFO |   EURUSD   -> EURUSDm      last_closed_5m=2026-08-18 11:30:00+00:00 lots=0.16
18th August 2026 17:06:08 IST | INFO |   GBPUSD   -> GBPUSDm      last_closed_5m=2026-08-18 10:40:00+00:00 lots=0.14
18th August 2026 17:06:08 IST | INFO |   USDJPY   -> USDJPYm      last_closed_5m=2026-08-18 11:30:00+00:00 lots=0.19
18th August 2026 17:06:08 IST | INFO |   USDCHF   -> USDCHFm      last_closed_5m=2026-08-18 11:30:00+00:00 lots=0.19
18th August 2026 17:06:08 IST | INFO |   AUDUSD   -> AUDUSDm      last_closed_5m=2026-08-18 10:40:00+00:00 lots=0.26
18th August 2026 17:06:08 IST | INFO |   NZDUSD   -> NZDUSDm      last_closed_5m=2026-08-18 11:00:00+00:00 lots=0.32
18th August 2026 17:06:08 IST | INFO |   USDCAD   -> USDCADm      last_closed_5m=2026-08-18 11:30:00+00:00 lots=0.19
18th August 2026 17:06:08 IST | INFO |   EURGBP   -> EURGBPm      last_closed_5m=2026-08-18 11:30:00+00:00 lots=0.16
18th August 2026 17:06:08 IST | INFO |   EURJPY   -> EURJPYm      last_closed_5m=2026-08-18 11:30:00+00:00 lots=0.16
18th August 2026 17:06:08 IST | INFO |   EURCHF   -> EURCHFm      last_closed_5m=2026-08-18 11:30:00+00:00 lots=0.16
18th August 2026 17:06:08 IST | INFO |   EURAUD   -> EURAUDm      last_closed_5m=2026-08-18 11:30:00+00:00 lots=0.16
18th August 2026 17:06:08 IST | INFO |   EURCAD   -> EURCADm      last_closed_5m=2026-08-18 11:30:00+00:00 lots=0.16
18th August 2026 17:06:08 IST | INFO |   EURNZD   -> EURNZDm      last_closed_5m=2026-08-18 11:30:00+00:00 lots=0.16
18th August 2026 17:06:08 IST | INFO |   GBPJPY   -> GBPJPYm      last_closed_5m=2026-08-18 10:40:00+00:00 lots=0.14
18th August 2026 17:06:08 IST | INFO |   GBPCHF   -> GBPCHFm      last_closed_5m=2026-08-18 11:30:00+00:00 lots=0.14
18th August 2026 17:06:08 IST | INFO |   GBPAUD   -> GBPAUDm      last_closed_5m=2026-08-18 11:30:00+00:00 lots=0.14
18th August 2026 17:06:08 IST | INFO |   GBPCAD   -> GBPCADm      last_closed_5m=2026-08-18 11:30:00+00:00 lots=0.14
18th August 2026 17:06:08 IST | INFO |   GBPNZD   -> GBPNZDm      last_closed_5m=2026-08-18 11:30:00+00:00 lots=0.14
18th August 2026 17:06:08 IST | INFO |   AUDJPY   -> AUDJPYm      last_closed_5m=2026-08-18 11:30:00+00:00 lots=0.26
18th August 2026 17:06:08 IST | INFO |   AUDNZD   -> AUDNZDm      last_closed_5m=2026-08-18 11:30:00+00:00 lots=0.26
18th August 2026 17:06:08 IST | INFO |   AUDCAD   -> AUDCADm      last_closed_5m=2026-08-18 11:30:00+00:00 lots=0.26
18th August 2026 17:06:08 IST | INFO |   AUDCHF   -> AUDCHFm      last_closed_5m=2026-08-18 11:30:00+00:00 lots=0.26
18th August 2026 17:06:08 IST | INFO |   NZDJPY   -> NZDJPYm      last_closed_5m=2026-08-18 11:30:00+00:00 lots=0.32
18th August 2026 17:06:08 IST | INFO |   NZDCAD   -> NZDCADm      last_closed_5m=2026-08-18 11:30:00+00:00 lots=0.32
18th August 2026 17:06:08 IST | INFO |   NZDCHF   -> NZDCHFm      last_closed_5m=2026-08-18 11:30:00+00:00 lots=0.32
18th August 2026 17:06:08 IST | INFO |   CADJPY   -> CADJPYm      last_closed_5m=2026-08-18 11:10:00+00:00 lots=0.26
18th August 2026 17:06:08 IST | INFO |   CADCHF   -> CADCHFm      last_closed_5m=2026-08-18 11:30:00+00:00 lots=0.26
18th August 2026 17:06:08 IST | INFO |   CHFJPY   -> CHFJPYm      last_closed_5m=2026-08-18 11:30:00+00:00 lots=0.15
18th August 2026 17:06:08 IST | INFO |   XAUUSD   -> XAUUSDm      last_closed_5m=2026-08-18 11:30:00+00:00 lots=0.04
18th August 2026 17:06:08 IST | INFO | Check complete.
18th August 2026 17:06:29 IST | INFO | MT5 connected | Exness-MT5Trial15 | DEMO | balance=8771.75 INR | leverage 1:2000
18th August 2026 17:06:59 IST | INFO | MT5 connected | Exness-MT5Trial15 | DEMO | balance=8771.75 INR | leverage 1:2000
18th August 2026 17:07:32 IST | INFO | === liveTrade config / connectivity check ===
18th August 2026 17:07:32 IST | INFO | Strategy          : s146
18th August 2026 17:07:32 IST | INFO | Symbols           : ['EURUSD', 'GBPUSD', 'USDJPY', 'USDCHF', 'AUDUSD', 'NZDUSD', 'USDCAD', 'EURGBP', 'EURJPY', 'EURCHF', 'EURAUD', 'EURCAD', 'EURNZD', 'GBPJPY', 'GBPCHF', 'GBPAUD', 'GBPCAD', 'GBPNZD', 'AUDJPY', 'AUDNZD', 'AUDCAD', 'AUDCHF', 'NZDJPY', 'NZDCAD', 'NZDCHF', 'CADJPY', 'CADCHF', 'CHFJPY', 'XAUUSD']
18th August 2026 17:07:32 IST | INFO | DRY_RUN           : False
18th August 2026 17:07:32 IST | INFO | Lot sizing        : margin Rs 1000  | leverage 1:2000  | max_lot 50.0
18th August 2026 17:07:32 IST | INFO | Guards            : one_per_pair=True max_concurrent=8 max_daily_loss=Rs10000
18th August 2026 17:07:32 IST | INFO | Email configured  : True
18th August 2026 17:07:32 IST | INFO | MT5 connected | Exness-MT5Trial15 | DEMO | balance=8771.75 INR | leverage 1:2000
18th August 2026 17:07:32 IST | INFO | S146 params       : MIN_RR=1.5 MAX_RR=20.0 entry_mode=market hold=864 bars require_new_15m=True demo_only=True
18th August 2026 17:07:32 IST | INFO | S146 account mode : DEMO
18th August 2026 17:07:32 IST | INFO | S146 journals     : logs/s146_4h_events.log, logs/s146_15m_events.log, logs/s146_5m_events.log, logs/s146_trades.log
18th August 2026 17:07:32 IST | INFO |   EURUSD   -> EURUSDm      last_closed_5m=2026-08-18 11:30:00+00:00 lots=0.16
18th August 2026 17:07:32 IST | INFO |   GBPUSD   -> GBPUSDm      last_closed_5m=2026-08-18 11:30:00+00:00 lots=0.14
18th August 2026 17:07:32 IST | INFO |   USDJPY   -> USDJPYm      last_closed_5m=2026-08-18 11:30:00+00:00 lots=0.19
18th August 2026 17:07:32 IST | INFO |   USDCHF   -> USDCHFm      last_closed_5m=2026-08-18 11:30:00+00:00 lots=0.19
18th August 2026 17:07:32 IST | INFO |   AUDUSD   -> AUDUSDm      last_closed_5m=2026-08-18 11:30:00+00:00 lots=0.26
18th August 2026 17:07:32 IST | INFO |   NZDUSD   -> NZDUSDm      last_closed_5m=2026-08-18 11:30:00+00:00 lots=0.32
18th August 2026 17:07:32 IST | INFO |   USDCAD   -> USDCADm      last_closed_5m=2026-08-18 11:30:00+00:00 lots=0.19
18th August 2026 17:07:32 IST | INFO |   EURGBP   -> EURGBPm      last_closed_5m=2026-08-18 11:30:00+00:00 lots=0.16
18th August 2026 17:07:32 IST | INFO |   EURJPY   -> EURJPYm      last_closed_5m=2026-08-18 11:30:00+00:00 lots=0.16
18th August 2026 17:07:32 IST | INFO |   EURCHF   -> EURCHFm      last_closed_5m=2026-08-18 11:30:00+00:00 lots=0.16
18th August 2026 17:07:32 IST | INFO |   EURAUD   -> EURAUDm      last_closed_5m=2026-08-18 11:30:00+00:00 lots=0.16
18th August 2026 17:07:32 IST | INFO |   EURCAD   -> EURCADm      last_closed_5m=2026-08-18 11:30:00+00:00 lots=0.16
18th August 2026 17:07:32 IST | INFO |   EURNZD   -> EURNZDm      last_closed_5m=2026-08-18 11:30:00+00:00 lots=0.16
18th August 2026 17:07:32 IST | INFO |   GBPJPY   -> GBPJPYm      last_closed_5m=2026-08-18 11:30:00+00:00 lots=0.14
18th August 2026 17:07:32 IST | INFO |   GBPCHF   -> GBPCHFm      last_closed_5m=2026-08-18 11:30:00+00:00 lots=0.14
18th August 2026 17:07:33 IST | INFO |   GBPAUD   -> GBPAUDm      last_closed_5m=2026-08-18 11:30:00+00:00 lots=0.14
18th August 2026 17:07:33 IST | INFO |   GBPCAD   -> GBPCADm      last_closed_5m=2026-08-18 11:30:00+00:00 lots=0.14
18th August 2026 17:07:33 IST | INFO |   GBPNZD   -> GBPNZDm      last_closed_5m=2026-08-18 11:30:00+00:00 lots=0.14
18th August 2026 17:07:33 IST | INFO |   AUDJPY   -> AUDJPYm      last_closed_5m=2026-08-18 11:30:00+00:00 lots=0.26
18th August 2026 17:07:33 IST | INFO |   AUDNZD   -> AUDNZDm      last_closed_5m=2026-08-18 11:30:00+00:00 lots=0.26
18th August 2026 17:07:33 IST | INFO |   AUDCAD   -> AUDCADm      last_closed_5m=2026-08-18 11:30:00+00:00 lots=0.26
18th August 2026 17:07:33 IST | INFO |   AUDCHF   -> AUDCHFm      last_closed_5m=2026-08-18 11:30:00+00:00 lots=0.26
18th August 2026 17:07:33 IST | INFO |   NZDJPY   -> NZDJPYm      last_closed_5m=2026-08-18 11:30:00+00:00 lots=0.32
18th August 2026 17:07:33 IST | INFO |   NZDCAD   -> NZDCADm      last_closed_5m=2026-08-18 11:30:00+00:00 lots=0.32
18th August 2026 17:07:33 IST | INFO |   NZDCHF   -> NZDCHFm      last_closed_5m=2026-08-18 11:30:00+00:00 lots=0.32
18th August 2026 17:07:33 IST | INFO |   CADJPY   -> CADJPYm      last_closed_5m=2026-08-18 11:30:00+00:00 lots=0.26
18th August 2026 17:07:33 IST | INFO |   CADCHF   -> CADCHFm      last_closed_5m=2026-08-18 11:30:00+00:00 lots=0.26
18th August 2026 17:07:33 IST | INFO |   CHFJPY   -> CHFJPYm      last_closed_5m=2026-08-18 11:30:00+00:00 lots=0.15
18th August 2026 17:07:33 IST | INFO |   XAUUSD   -> XAUUSDm      last_closed_5m=2026-08-18 11:30:00+00:00 lots=0.04
18th August 2026 17:07:33 IST | INFO | Check complete.
18th August 2026 17:10:22 IST | INFO | 5m cycle @ 18th August 2026 17:10:00 IST | scanned 29/29 symbols in 1.2s (0.04s/symbol)
18th August 2026 17:15:24 IST | INFO | 5m cycle @ 18th August 2026 17:15:00 IST | scanned 29/29 symbols in 2.3s (0.08s/symbol)
18th August 2026 17:20:11 IST | INFO | 5m cycle @ 18th August 2026 17:20:00 IST | scanned 29/29 symbols in 1.8s (0.06s/symbol)
18th August 2026 17:23:13 IST | INFO | MT5 connected | Exness-MT5Trial15 | DEMO | balance=8771.75 INR | leverage 1:2000
18th August 2026 17:23:24 IST | INFO | === liveTrade config / connectivity check ===
18th August 2026 17:23:24 IST | INFO | Strategy          : s146
18th August 2026 17:23:24 IST | INFO | Symbols           : ['EURUSD', 'GBPUSD', 'USDJPY', 'USDCHF', 'AUDUSD', 'NZDUSD', 'USDCAD', 'EURGBP', 'EURJPY', 'EURCHF', 'EURAUD', 'EURCAD', 'EURNZD', 'GBPJPY', 'GBPCHF', 'GBPAUD', 'GBPCAD', 'GBPNZD', 'AUDJPY', 'AUDNZD', 'AUDCAD', 'AUDCHF', 'NZDJPY', 'NZDCAD', 'NZDCHF', 'CADJPY', 'CADCHF', 'CHFJPY', 'XAUUSD']
18th August 2026 17:23:24 IST | INFO | DRY_RUN           : False
18th August 2026 17:23:24 IST | INFO | Lot sizing        : margin Rs 1000  | leverage 1:2000  | max_lot 50.0
18th August 2026 17:23:24 IST | INFO | Guards            : one_per_pair=True max_concurrent=8 max_daily_loss=Rs10000
18th August 2026 17:23:24 IST | INFO | Email configured  : True
18th August 2026 17:23:24 IST | INFO | MT5 connected | Exness-MT5Trial15 | DEMO | balance=8771.75 INR | leverage 1:2000
18th August 2026 17:23:24 IST | INFO | S146 params       : MIN_RR=1.5 MAX_RR=20.0 entry_mode=market hold=864 bars require_new_15m=True demo_only=True
18th August 2026 17:23:24 IST | INFO | S146 account mode : DEMO
18th August 2026 17:23:24 IST | INFO | S146 journals     : logs/s146_4h_events.log, logs/s146_15m_events.log, logs/s146_5m_events.log, logs/s146_trades.log
18th August 2026 17:23:24 IST | INFO |   EURUSD   -> EURUSDm      last_closed_5m=2026-08-18 11:45:00+00:00 lots=0.16
18th August 2026 17:23:24 IST | INFO |   GBPUSD   -> GBPUSDm      last_closed_5m=2026-08-18 11:45:00+00:00 lots=0.14
18th August 2026 17:23:24 IST | INFO |   USDJPY   -> USDJPYm      last_closed_5m=2026-08-18 11:45:00+00:00 lots=0.19
18th August 2026 17:23:24 IST | INFO |   USDCHF   -> USDCHFm      last_closed_5m=2026-08-18 11:45:00+00:00 lots=0.19
18th August 2026 17:23:24 IST | INFO |   AUDUSD   -> AUDUSDm      last_closed_5m=2026-08-18 11:45:00+00:00 lots=0.26
18th August 2026 17:23:24 IST | INFO |   NZDUSD   -> NZDUSDm      last_closed_5m=2026-08-18 11:45:00+00:00 lots=0.32
18th August 2026 17:23:24 IST | INFO |   USDCAD   -> USDCADm      last_closed_5m=2026-08-18 11:45:00+00:00 lots=0.19
18th August 2026 17:23:24 IST | INFO |   EURGBP   -> EURGBPm      last_closed_5m=2026-08-18 11:45:00+00:00 lots=0.16
18th August 2026 17:23:24 IST | INFO |   EURJPY   -> EURJPYm      last_closed_5m=2026-08-18 11:45:00+00:00 lots=0.16
18th August 2026 17:23:24 IST | INFO |   EURCHF   -> EURCHFm      last_closed_5m=2026-08-18 11:45:00+00:00 lots=0.16
18th August 2026 17:23:24 IST | INFO |   EURAUD   -> EURAUDm      last_closed_5m=2026-08-18 11:45:00+00:00 lots=0.16
18th August 2026 17:23:24 IST | INFO |   EURCAD   -> EURCADm      last_closed_5m=2026-08-18 11:45:00+00:00 lots=0.16
18th August 2026 17:23:24 IST | INFO |   EURNZD   -> EURNZDm      last_closed_5m=2026-08-18 11:45:00+00:00 lots=0.16
18th August 2026 17:23:24 IST | INFO |   GBPJPY   -> GBPJPYm      last_closed_5m=2026-08-18 11:45:00+00:00 lots=0.14
18th August 2026 17:23:24 IST | INFO |   GBPCHF   -> GBPCHFm      last_closed_5m=2026-08-18 11:45:00+00:00 lots=0.14
18th August 2026 17:23:24 IST | INFO |   GBPAUD   -> GBPAUDm      last_closed_5m=2026-08-18 11:45:00+00:00 lots=0.14
18th August 2026 17:23:24 IST | INFO |   GBPCAD   -> GBPCADm      last_closed_5m=2026-08-18 11:45:00+00:00 lots=0.14
18th August 2026 17:23:24 IST | INFO |   GBPNZD   -> GBPNZDm      last_closed_5m=2026-08-18 11:45:00+00:00 lots=0.14
18th August 2026 17:23:24 IST | INFO |   AUDJPY   -> AUDJPYm      last_closed_5m=2026-08-18 11:45:00+00:00 lots=0.26
18th August 2026 17:23:24 IST | INFO |   AUDNZD   -> AUDNZDm      last_closed_5m=2026-08-18 11:45:00+00:00 lots=0.26
18th August 2026 17:23:24 IST | INFO |   AUDCAD   -> AUDCADm      last_closed_5m=2026-08-18 11:45:00+00:00 lots=0.26
18th August 2026 17:23:24 IST | INFO |   AUDCHF   -> AUDCHFm      last_closed_5m=2026-08-18 11:45:00+00:00 lots=0.26
18th August 2026 17:23:24 IST | INFO |   NZDJPY   -> NZDJPYm      last_closed_5m=2026-08-18 11:45:00+00:00 lots=0.32
18th August 2026 17:23:24 IST | INFO |   NZDCAD   -> NZDCADm      last_closed_5m=2026-08-18 11:45:00+00:00 lots=0.32
18th August 2026 17:23:24 IST | INFO |   NZDCHF   -> NZDCHFm      last_closed_5m=2026-08-18 11:45:00+00:00 lots=0.32
18th August 2026 17:23:24 IST | INFO |   CADJPY   -> CADJPYm      last_closed_5m=2026-08-18 11:45:00+00:00 lots=0.26
18th August 2026 17:23:24 IST | INFO |   CADCHF   -> CADCHFm      last_closed_5m=2026-08-18 11:45:00+00:00 lots=0.26
18th August 2026 17:23:24 IST | INFO |   CHFJPY   -> CHFJPYm      last_closed_5m=2026-08-18 11:45:00+00:00 lots=0.15
18th August 2026 17:23:24 IST | INFO |   XAUUSD   -> XAUUSDm      last_closed_5m=2026-08-18 11:45:00+00:00 lots=0.04
18th August 2026 17:23:24 IST | INFO | Check complete.
18th August 2026 17:24:05 IST | INFO | === liveTrade config / connectivity check ===
18th August 2026 17:24:05 IST | INFO | Strategy          : s146
18th August 2026 17:24:05 IST | INFO | Symbols           : ['EURUSD', 'GBPUSD', 'USDJPY', 'USDCHF', 'AUDUSD', 'NZDUSD', 'USDCAD', 'EURGBP', 'EURJPY', 'EURCHF', 'EURAUD', 'EURCAD', 'EURNZD', 'GBPJPY', 'GBPCHF', 'GBPAUD', 'GBPCAD', 'GBPNZD', 'AUDJPY', 'AUDNZD', 'AUDCAD', 'AUDCHF', 'NZDJPY', 'NZDCAD', 'NZDCHF', 'CADJPY', 'CADCHF', 'CHFJPY', 'XAUUSD']
18th August 2026 17:24:05 IST | INFO | DRY_RUN           : False
18th August 2026 17:24:05 IST | INFO | Lot sizing        : margin Rs 1000  | leverage 1:2000  | max_lot 50.0
18th August 2026 17:24:05 IST | INFO | Guards            : one_per_pair=True max_concurrent=8 max_daily_loss=Rs10000
18th August 2026 17:24:05 IST | INFO | Email configured  : True
18th August 2026 17:24:05 IST | INFO | MT5 connected | Exness-MT5Trial15 | DEMO | balance=8771.75 INR | leverage 1:2000
18th August 2026 17:24:05 IST | INFO | S146 params       : MIN_RR=1.5 MAX_RR=20.0 entry_mode=market hold=864 bars require_new_15m=True demo_only=True
18th August 2026 17:24:05 IST | INFO | S146 account mode : DEMO
18th August 2026 17:24:05 IST | INFO | S146 journals     : logs/s146_4h_events.log, logs/s146_15m_events.log, logs/s146_5m_events.log, logs/s146_trades.log
18th August 2026 17:24:05 IST | INFO |   EURUSD   -> EURUSDm      last_closed_5m=2026-08-18 11:45:00+00:00 lots=0.16
18th August 2026 17:24:05 IST | INFO |   GBPUSD   -> GBPUSDm      last_closed_5m=2026-08-18 11:45:00+00:00 lots=0.14
18th August 2026 17:24:05 IST | INFO |   USDJPY   -> USDJPYm      last_closed_5m=2026-08-18 11:45:00+00:00 lots=0.19
18th August 2026 17:24:05 IST | INFO |   USDCHF   -> USDCHFm      last_closed_5m=2026-08-18 11:45:00+00:00 lots=0.19
18th August 2026 17:24:05 IST | INFO |   AUDUSD   -> AUDUSDm      last_closed_5m=2026-08-18 11:45:00+00:00 lots=0.26
18th August 2026 17:24:05 IST | INFO |   NZDUSD   -> NZDUSDm      last_closed_5m=2026-08-18 11:45:00+00:00 lots=0.32
18th August 2026 17:24:05 IST | INFO |   USDCAD   -> USDCADm      last_closed_5m=2026-08-18 11:45:00+00:00 lots=0.19
18th August 2026 17:24:05 IST | INFO |   EURGBP   -> EURGBPm      last_closed_5m=2026-08-18 11:45:00+00:00 lots=0.16
18th August 2026 17:24:05 IST | INFO |   EURJPY   -> EURJPYm      last_closed_5m=2026-08-18 11:45:00+00:00 lots=0.16
18th August 2026 17:24:05 IST | INFO |   EURCHF   -> EURCHFm      last_closed_5m=2026-08-18 11:45:00+00:00 lots=0.16
18th August 2026 17:24:05 IST | INFO |   EURAUD   -> EURAUDm      last_closed_5m=2026-08-18 11:45:00+00:00 lots=0.16
18th August 2026 17:24:05 IST | INFO |   EURCAD   -> EURCADm      last_closed_5m=2026-08-18 11:45:00+00:00 lots=0.16
18th August 2026 17:24:05 IST | INFO |   EURNZD   -> EURNZDm      last_closed_5m=2026-08-18 11:45:00+00:00 lots=0.16
18th August 2026 17:24:05 IST | INFO |   GBPJPY   -> GBPJPYm      last_closed_5m=2026-08-18 11:45:00+00:00 lots=0.14
18th August 2026 17:24:05 IST | INFO |   GBPCHF   -> GBPCHFm      last_closed_5m=2026-08-18 11:45:00+00:00 lots=0.14
18th August 2026 17:24:05 IST | INFO |   GBPAUD   -> GBPAUDm      last_closed_5m=2026-08-18 11:45:00+00:00 lots=0.14
18th August 2026 17:24:05 IST | INFO |   GBPCAD   -> GBPCADm      last_closed_5m=2026-08-18 11:45:00+00:00 lots=0.14
18th August 2026 17:24:05 IST | INFO |   GBPNZD   -> GBPNZDm      last_closed_5m=2026-08-18 11:45:00+00:00 lots=0.14
18th August 2026 17:24:05 IST | INFO |   AUDJPY   -> AUDJPYm      last_closed_5m=2026-08-18 11:45:00+00:00 lots=0.26
18th August 2026 17:24:05 IST | INFO |   AUDNZD   -> AUDNZDm      last_closed_5m=2026-08-18 11:45:00+00:00 lots=0.26
18th August 2026 17:24:05 IST | INFO |   AUDCAD   -> AUDCADm      last_closed_5m=2026-08-18 11:45:00+00:00 lots=0.26
18th August 2026 17:24:05 IST | INFO |   AUDCHF   -> AUDCHFm      last_closed_5m=2026-08-18 11:45:00+00:00 lots=0.26
18th August 2026 17:24:05 IST | INFO |   NZDJPY   -> NZDJPYm      last_closed_5m=2026-08-18 11:45:00+00:00 lots=0.32
18th August 2026 17:24:05 IST | INFO |   NZDCAD   -> NZDCADm      last_closed_5m=2026-08-18 11:45:00+00:00 lots=0.32
18th August 2026 17:24:05 IST | INFO |   NZDCHF   -> NZDCHFm      last_closed_5m=2026-08-18 11:45:00+00:00 lots=0.32
18th August 2026 17:24:05 IST | INFO |   CADJPY   -> CADJPYm      last_closed_5m=2026-08-18 11:45:00+00:00 lots=0.26
18th August 2026 17:24:05 IST | INFO |   CADCHF   -> CADCHFm      last_closed_5m=2026-08-18 11:45:00+00:00 lots=0.26
18th August 2026 17:24:05 IST | INFO |   CHFJPY   -> CHFJPYm      last_closed_5m=2026-08-18 11:45:00+00:00 lots=0.15
18th August 2026 17:24:05 IST | INFO |   XAUUSD   -> XAUUSDm      last_closed_5m=2026-08-18 11:45:00+00:00 lots=0.04
18th August 2026 17:24:05 IST | INFO | Check complete.
18th August 2026 17:25:13 IST | INFO | 5m cycle @ 18th August 2026 17:25:00 IST | scanned 29/29 symbols in 1.6s (0.06s/symbol)
18th August 2026 17:30:15 IST | INFO | 5m cycle @ 18th August 2026 17:30:00 IST | scanned 29/29 symbols in 1.7s (0.06s/symbol)
18th August 2026 17:35:17 IST | INFO | 5m cycle @ 18th August 2026 17:35:00 IST | scanned 29/29 symbols in 2.8s (0.10s/symbol)
18th August 2026 17:40:19 IST | INFO | 5m cycle @ 18th August 2026 17:40:00 IST | scanned 29/29 symbols in 1.6s (0.06s/symbol)
18th August 2026 17:45:21 IST | INFO | 5m cycle @ 18th August 2026 17:45:00 IST | scanned 29/29 symbols in 1.8s (0.06s/symbol)
18th August 2026 17:50:22 IST | INFO | 5m cycle @ 18th August 2026 17:50:00 IST | scanned 29/29 symbols in 1.4s (0.05s/symbol)
18th August 2026 17:55:24 IST | INFO | 5m cycle @ 18th August 2026 17:55:00 IST | scanned 29/29 symbols in 1.3s (0.04s/symbol)
18th August 2026 18:00:10 IST | INFO | S146 SIGNAL CHFJPY SHORT conservative_mss | trigger=196.48618 stop=196.59583 target=196.34911 (1.25R) | stop_basis=liquidity_pool_plus_buffer liq_pool=True | 4H dest=195.91500 (5.21R)
18th August 2026 18:00:16 IST | INFO | Email sent: S146 SHORT CHFJPY @ 196.48618 (1.25R target)
18th August 2026 18:00:16 IST | ERROR | CHFJPY: order rejected retcode=10019 no money
18th August 2026 18:00:16 IST | INFO | 5m cycle @ 18th August 2026 18:00:00 IST | scanned 29/29 symbols in 7.6s (0.26s/symbol)
18th August 2026 18:05:18 IST | INFO | 5m cycle @ 18th August 2026 18:05:00 IST | scanned 29/29 symbols in 1.5s (0.05s/symbol)
18th August 2026 18:10:20 IST | INFO | 5m cycle @ 18th August 2026 18:10:00 IST | scanned 29/29 symbols in 1.7s (0.06s/symbol)
18th August 2026 18:15:21 IST | INFO | 5m cycle @ 18th August 2026 18:15:00 IST | scanned 29/29 symbols in 1.7s (0.06s/symbol)
18th August 2026 18:20:23 IST | INFO | 5m cycle @ 18th August 2026 18:20:00 IST | scanned 29/29 symbols in 1.6s (0.05s/symbol)
18th August 2026 18:25:09 IST | INFO | 5m cycle @ 18th August 2026 18:25:00 IST | scanned 29/29 symbols in 1.6s (0.05s/symbol)
18th August 2026 18:27:25 IST | INFO | s146 #2178155936 partial 0.16/0.32 lots at 1.26R ok=True
18th August 2026 18:27:25 IST | INFO | s146 #2178155936 ladder sl -> 0.58822 (+0.00R at peak 1.26R) ok=True
18th August 2026 18:30:10 IST | INFO | S146 SIGNAL USDCAD LONG aggressive_liquidation | trigger=1.38743 stop=1.38632 target=1.38882 (1.25R) | stop_basis=liquidity_pool_plus_buffer liq_pool=True | 4H dest=1.39479 (6.64R)
18th August 2026 18:30:16 IST | INFO | Email sent: S146 LONG USDCAD @ 1.38743 (1.25R target)
18th August 2026 18:30:16 IST | ERROR | USDCAD: order rejected retcode=10019 no money
18th August 2026 18:30:17 IST | INFO | 5m cycle @ 18th August 2026 18:30:00 IST | scanned 29/29 symbols in 7.5s (0.26s/symbol)
18th August 2026 18:33:47 IST | INFO | s146 #2178155936 ladder sl -> 0.58872 (+1.00R at peak 1.56R) ok=True
18th August 2026 18:35:18 IST | INFO | 5m cycle @ 18th August 2026 18:35:00 IST | scanned 29/29 symbols in 1.2s (0.04s/symbol)
18th August 2026 18:38:24 IST | INFO | Stopped by user.
18th August 2026 18:38:28 IST | INFO | MT5 connected | Exness-MT5Trial15 | DEMO | balance=7666.55 INR | leverage 1:2000
18th August 2026 18:38:28 IST | INFO | liveTrade s146 started | Strategy 146 live engine started | ---------------------------------------- | Account   : 474381718 DEMO INR bal=7666.55 | Symbols   : EURUSD, GBPUSD, USDJPY, USDCHF, AUDUSD, NZDUSD, USDCAD, EURGBP, EURJPY, EURCHF, EURAUD, EURCAD, EURNZD, GBPJPY, GBPCHF, GBPAUD, GBPCAD, GBPNZD, AUDJPY, AUDNZD, AUDCAD, AUDCHF, NZDJPY, NZDCAD, NZDCHF, CADJPY, CADCHF, CHFJPY, XAUUSD | DRY_RUN   : False | Demo only : True (orders blocked: False) | Sizing    : margin Rs1000 @ 1:2000 | free-margin budget 80% | max_concurrent=8 | Exposure  : same destination <= 1 | currency leg <= 3 | Cost gate : skip when spread > 30% of risk | short stop spread pad 0.0x | Entry mode: market (SL/TP attached: True) | Risk guard : DISABLED for s146 (loss_at_sl is informational only) | Stop      : liquidity pool outside 15m zone when available, else distal edge + 0.5 bps buffer | Exit ladder: True | partial 50% at 1.25R | trail step/giveback 0.5R/0.5R | broker TP = 4H destination | Target    : 1.25R partial milestone (4H destination is the broker-side ceiling) | R:R band  : 1.5 - 20.0 (measured to the 4H destination) | Hold limit: 864 5m bars | New-15m   : True (engine start 18th August 2026 18:38:28 IST) | Journals  : {'4h': 'D:\\WorkZera\\Projects\\strategies\\yt_learning\\liveTrade\\logs\\s146_4h_events.log', '15m': 'D:\\WorkZera\\Projects\\strategies\\yt_learning\\liveTrade\\logs\\s146_15m_events.log', '5m': 'D:\\WorkZera\\Projects\\strategies\\yt_learning\\liveTrade\\logs\\s146_5m_events.log', 'trade': 'D:\\WorkZera\\Projects\\strategies\\yt_learning\\liveTrade\\logs\\s146_trades.log'} | 
18th August 2026 18:38:34 IST | INFO | Email sent: Strategy146 liveTrade STARTED
18th August 2026 18:38:36 IST | INFO | 5m cycle @ 18th August 2026 18:35:00 IST | scanned 29/29 symbols in 1.5s (0.05s/symbol)
18th August 2026 18:40:22 IST | INFO | 5m cycle @ 18th August 2026 18:40:00 IST | scanned 29/29 symbols in 1.2s (0.04s/symbol)
18th August 2026 18:45:23 IST | INFO | 5m cycle @ 18th August 2026 18:45:00 IST | scanned 29/29 symbols in 1.4s (0.05s/symbol)
18th August 2026 18:50:10 IST | INFO | 5m cycle @ 18th August 2026 18:50:00 IST | scanned 29/29 symbols in 1.6s (0.05s/symbol)
18th August 2026 18:55:12 IST | INFO | 5m cycle @ 18th August 2026 18:55:00 IST | scanned 29/29 symbols in 1.9s (0.06s/symbol)
18th August 2026 19:00:14 IST | INFO | 5m cycle @ 18th August 2026 19:00:00 IST | scanned 29/29 symbols in 2.0s (0.07s/symbol)
18th August 2026 19:05:16 IST | INFO | 5m cycle @ 18th August 2026 19:05:00 IST | scanned 29/29 symbols in 1.8s (0.06s/symbol)
18th August 2026 19:10:18 IST | INFO | 5m cycle @ 18th August 2026 19:10:00 IST | scanned 29/29 symbols in 1.7s (0.06s/symbol)
18th August 2026 19:15:20 IST | INFO | 5m cycle @ 18th August 2026 19:15:00 IST | scanned 29/29 symbols in 2.4s (0.08s/symbol)
18th August 2026 19:18:35 IST | INFO | s146 #2178209575 partial 0.13/0.27 lots at 1.29R ok=True
18th August 2026 19:18:35 IST | INFO | s146 #2178209575 ladder sl -> 115.10800 (+0.00R at peak 1.29R) ok=True
18th August 2026 19:19:20 IST | INFO | s146 #2178209575 ladder sl -> 115.04300 (+1.00R at peak 1.56R) ok=True
18th August 2026 19:20:22 IST | INFO | 5m cycle @ 18th August 2026 19:20:00 IST | scanned 29/29 symbols in 1.9s (0.07s/symbol)
18th August 2026 19:25:24 IST | INFO | 5m cycle @ 18th August 2026 19:25:00 IST | scanned 29/29 symbols in 1.9s (0.07s/symbol)
18th August 2026 19:30:11 IST | INFO | 5m cycle @ 18th August 2026 19:30:00 IST | scanned 29/29 symbols in 2.0s (0.07s/symbol)
18th August 2026 19:35:13 IST | INFO | 5m cycle @ 18th August 2026 19:35:00 IST | scanned 29/29 symbols in 1.9s (0.07s/symbol)
18th August 2026 19:35:58 IST | INFO | s146 #2178209575 ladder sl -> 115.01000 (+1.50R at peak 2.02R) ok=True
18th August 2026 19:40:15 IST | INFO | 5m cycle @ 18th August 2026 19:40:00 IST | scanned 29/29 symbols in 1.9s (0.06s/symbol)
18th August 2026 19:45:17 IST | INFO | 5m cycle @ 18th August 2026 19:45:00 IST | scanned 29/29 symbols in 2.4s (0.08s/symbol)
18th August 2026 19:50:20 IST | INFO | 5m cycle @ 18th August 2026 19:50:00 IST | scanned 29/29 symbols in 3.0s (0.10s/symbol)
18th August 2026 19:55:22 IST | INFO | 5m cycle @ 18th August 2026 19:55:00 IST | scanned 29/29 symbols in 2.0s (0.07s/symbol)
18th August 2026 20:00:24 IST | INFO | 5m cycle @ 18th August 2026 20:00:00 IST | scanned 29/29 symbols in 2.0s (0.07s/symbol)
18th August 2026 20:05:11 IST | INFO | 5m cycle @ 18th August 2026 20:05:00 IST | scanned 29/29 symbols in 1.9s (0.07s/symbol)
18th August 2026 20:10:13 IST | INFO | 5m cycle @ 18th August 2026 20:10:00 IST | scanned 29/29 symbols in 1.9s (0.07s/symbol)
18th August 2026 20:15:15 IST | INFO | 5m cycle @ 18th August 2026 20:15:00 IST | scanned 29/29 symbols in 2.0s (0.07s/symbol)
18th August 2026 20:20:17 IST | INFO | 5m cycle @ 18th August 2026 20:20:00 IST | scanned 29/29 symbols in 1.9s (0.06s/symbol)
18th August 2026 20:25:19 IST | INFO | 5m cycle @ 18th August 2026 20:25:00 IST | scanned 29/29 symbols in 2.0s (0.07s/symbol)
18th August 2026 20:30:21 IST | INFO | 5m cycle @ 18th August 2026 20:30:00 IST | scanned 29/29 symbols in 2.3s (0.08s/symbol)
18th August 2026 20:35:23 IST | INFO | 5m cycle @ 18th August 2026 20:35:00 IST | scanned 29/29 symbols in 1.7s (0.06s/symbol)
18th August 2026 20:40:10 IST | INFO | 5m cycle @ 18th August 2026 20:40:00 IST | scanned 29/29 symbols in 1.9s (0.07s/symbol)
18th August 2026 20:45:12 IST | INFO | 5m cycle @ 18th August 2026 20:45:00 IST | scanned 29/29 symbols in 1.9s (0.07s/symbol)
18th August 2026 20:50:14 IST | INFO | 5m cycle @ 18th August 2026 20:50:00 IST | scanned 29/29 symbols in 2.0s (0.07s/symbol)
18th August 2026 20:55:16 IST | INFO | 5m cycle @ 18th August 2026 20:55:00 IST | scanned 29/29 symbols in 2.0s (0.07s/symbol)
18th August 2026 21:00:18 IST | INFO | 5m cycle @ 18th August 2026 21:00:00 IST | scanned 29/29 symbols in 2.0s (0.07s/symbol)
18th August 2026 21:05:20 IST | INFO | 5m cycle @ 18th August 2026 21:05:00 IST | scanned 29/29 symbols in 1.7s (0.06s/symbol)
18th August 2026 21:10:22 IST | INFO | 5m cycle @ 18th August 2026 21:10:00 IST | scanned 29/29 symbols in 2.0s (0.07s/symbol)
18th August 2026 21:15:24 IST | INFO | 5m cycle @ 18th August 2026 21:15:00 IST | scanned 29/29 symbols in 2.4s (0.08s/symbol)
18th August 2026 21:20:11 IST | INFO | 5m cycle @ 18th August 2026 21:20:00 IST | scanned 29/29 symbols in 2.0s (0.07s/symbol)
18th August 2026 21:25:13 IST | INFO | 5m cycle @ 18th August 2026 21:25:00 IST | scanned 29/29 symbols in 2.0s (0.07s/symbol)
18th August 2026 21:30:15 IST | INFO | 5m cycle @ 18th August 2026 21:30:00 IST | scanned 29/29 symbols in 2.5s (0.09s/symbol)
18th August 2026 21:35:17 IST | INFO | 5m cycle @ 18th August 2026 21:35:00 IST | scanned 29/29 symbols in 1.8s (0.06s/symbol)
18th August 2026 21:40:19 IST | INFO | 5m cycle @ 18th August 2026 21:40:00 IST | scanned 29/29 symbols in 2.0s (0.07s/symbol)
18th August 2026 21:45:21 IST | INFO | S146 SIGNAL AUDJPY SHORT conservative_mss | trigger=113.19934 stop=113.27666 target=113.10268 (1.25R) | stop_basis=liquidity_pool_plus_buffer liq_pool=True | 4H dest=112.61000 (7.62R)
18th August 2026 21:45:27 IST | INFO | Email sent: S146 SHORT AUDJPY @ 113.19934 (1.25R target)
18th August 2026 21:45:27 IST | INFO | AUDJPY: market order placed #2181116283 0.27 lots @ 113.21200 | sl/tp attached=True
18th August 2026 21:45:28 IST | INFO | 5m cycle @ 18th August 2026 21:45:00 IST | scanned 29/29 symbols in 8.7s (0.30s/symbol)
18th August 2026 21:50:15 IST | INFO | 5m cycle @ 18th August 2026 21:50:00 IST | scanned 29/29 symbols in 1.9s (0.06s/symbol)
18th August 2026 21:55:17 IST | INFO | 5m cycle @ 18th August 2026 21:55:00 IST | scanned 29/29 symbols in 1.8s (0.06s/symbol)
18th August 2026 22:00:19 IST | INFO | 5m cycle @ 18th August 2026 22:00:00 IST | scanned 29/29 symbols in 2.3s (0.08s/symbol)
18th August 2026 22:05:21 IST | INFO | 5m cycle @ 18th August 2026 22:05:00 IST | scanned 29/29 symbols in 1.9s (0.06s/symbol)
18th August 2026 22:10:23 IST | INFO | 5m cycle @ 18th August 2026 22:10:00 IST | scanned 29/29 symbols in 1.9s (0.07s/symbol)
18th August 2026 22:15:10 IST | INFO | 5m cycle @ 18th August 2026 22:15:00 IST | scanned 29/29 symbols in 1.9s (0.07s/symbol)
18th August 2026 22:20:11 IST | INFO | 5m cycle @ 18th August 2026 22:20:00 IST | scanned 29/29 symbols in 1.9s (0.06s/symbol)
18th August 2026 22:25:13 IST | INFO | 5m cycle @ 18th August 2026 22:25:00 IST | scanned 29/29 symbols in 1.9s (0.07s/symbol)
18th August 2026 22:30:16 IST | INFO | 5m cycle @ 18th August 2026 22:30:00 IST | scanned 29/29 symbols in 2.3s (0.08s/symbol)
18th August 2026 22:35:17 IST | INFO | 5m cycle @ 18th August 2026 22:35:00 IST | scanned 29/29 symbols in 1.6s (0.05s/symbol)
18th August 2026 22:40:18 IST | INFO | S146 SIGNAL USDCAD LONG conservative_mss | trigger=1.38989 stop=1.38928 target=1.39065 (1.25R) | stop_basis=liquidity_pool_plus_buffer liq_pool=True | 4H dest=1.39479 (8.05R)
18th August 2026 22:40:23 IST | INFO | Email sent: S146 LONG USDCAD @ 1.38989 (1.25R target)
18th August 2026 22:40:23 IST | INFO | USDCAD: market order placed #2181395828 0.19 lots @ 1.39004 | sl/tp attached=True
18th August 2026 22:40:24 IST | INFO | 5m cycle @ 18th August 2026 22:40:00 IST | scanned 29/29 symbols in 7.2s (0.25s/symbol)
18th August 2026 22:45:12 IST | INFO | 5m cycle @ 18th August 2026 22:45:00 IST | scanned 29/29 symbols in 2.2s (0.07s/symbol)
18th August 2026 22:50:13 IST | INFO | S146 SIGNAL AUDCHF SHORT aggressive_liquidation | trigger=0.57567 stop=0.57589 target=0.57540 (1.25R) | stop_basis=swept_wick_plus_buffer liq_pool=False | 4H dest=0.57384 (8.42R)
18th August 2026 22:50:13 IST | WARNING | S146 AUDCHF: skipped on spread cost — spread 0.000090 is 41.4% of risk (limit 30%)
18th August 2026 22:50:14 IST | INFO | 5m cycle @ 18th August 2026 22:50:00 IST | scanned 29/29 symbols in 1.9s (0.06s/symbol)
18th August 2026 22:55:15 IST | INFO | 5m cycle @ 18th August 2026 22:55:00 IST | scanned 29/29 symbols in 1.2s (0.04s/symbol)
18th August 2026 23:00:16 IST | INFO | 5m cycle @ 18th August 2026 23:00:00 IST | scanned 29/29 symbols in 1.6s (0.05s/symbol)
18th August 2026 23:05:19 IST | INFO | 5m cycle @ 18th August 2026 23:05:00 IST | scanned 29/29 symbols in 2.6s (0.09s/symbol)
18th August 2026 23:07:34 IST | INFO | s146 #2181116283 partial 0.13/0.27 lots at 1.36R ok=True
18th August 2026 23:07:34 IST | INFO | s146 #2181116283 ladder sl -> 113.21200 (+0.00R at peak 1.36R) ok=True
18th August 2026 23:10:21 IST | INFO | 5m cycle @ 18th August 2026 23:10:00 IST | scanned 29/29 symbols in 2.2s (0.08s/symbol)
18th August 2026 23:15:23 IST | INFO | 5m cycle @ 18th August 2026 23:15:00 IST | scanned 29/29 symbols in 1.4s (0.05s/symbol)
18th August 2026 23:20:09 IST | INFO | 5m cycle @ 18th August 2026 23:20:00 IST | scanned 29/29 symbols in 1.2s (0.04s/symbol)
18th August 2026 23:25:10 IST | INFO | 5m cycle @ 18th August 2026 23:25:00 IST | scanned 29/29 symbols in 1.2s (0.04s/symbol)
18th August 2026 23:29:55 IST | INFO | s146 #2181116283 ladder sl -> 113.14700 (+1.00R at peak 1.53R) ok=True
18th August 2026 23:30:12 IST | INFO | 5m cycle @ 18th August 2026 23:30:00 IST | scanned 29/29 symbols in 1.4s (0.05s/symbol)
18th August 2026 23:35:13 IST | INFO | S146 SIGNAL NZDJPY SHORT conservative_mss | trigger=93.71731 stop=93.77969 target=93.63934 (1.25R) | stop_basis=liquidity_pool_plus_buffer liq_pool=True | 4H dest=93.32100 (6.35R)
18th August 2026 23:35:19 IST | INFO | Email sent: S146 SHORT NZDJPY @ 93.71731 (1.25R target)
18th August 2026 23:35:19 IST | INFO | NZDJPY: market order placed #2181684207 0.33 lots @ 93.73100 | sl/tp attached=True
18th August 2026 23:35:20 IST | INFO | 5m cycle @ 18th August 2026 23:35:00 IST | scanned 29/29 symbols in 8.1s (0.28s/symbol)
18th August 2026 23:35:35 IST | INFO | s146 #2181116283 ladder sl -> 113.11500 (+1.50R at peak 2.03R) ok=True
18th August 2026 23:40:21 IST | INFO | 5m cycle @ 18th August 2026 23:40:00 IST | scanned 29/29 symbols in 1.2s (0.04s/symbol)
18th August 2026 23:45:22 IST | INFO | 5m cycle @ 18th August 2026 23:45:00 IST | scanned 29/29 symbols in 1.4s (0.05s/symbol)
18th August 2026 23:50:24 IST | INFO | 5m cycle @ 18th August 2026 23:50:00 IST | scanned 29/29 symbols in 1.1s (0.04s/symbol)
18th August 2026 23:55:10 IST | INFO | 5m cycle @ 18th August 2026 23:55:00 IST | scanned 29/29 symbols in 1.1s (0.04s/symbol)
18th August 2026 23:56:55 IST | INFO | s146 #2181116283 ladder sl -> 113.08300 (+2.00R at peak 2.61R) ok=True
19th August 2026 0:00:11 IST | INFO | 5m cycle @ 19th August 2026 0:00:00 IST | scanned 29/29 symbols in 1.3s (0.05s/symbol)
19th August 2026 0:05:12 IST | INFO | 5m cycle @ 19th August 2026 0:05:00 IST | scanned 29/29 symbols in 1.2s (0.04s/symbol)
19th August 2026 0:10:14 IST | INFO | 5m cycle @ 19th August 2026 0:10:00 IST | scanned 29/29 symbols in 1.2s (0.04s/symbol)
19th August 2026 0:15:15 IST | INFO | 5m cycle @ 19th August 2026 0:15:00 IST | scanned 29/29 symbols in 1.3s (0.05s/symbol)
19th August 2026 0:20:16 IST | INFO | 5m cycle @ 19th August 2026 0:20:00 IST | scanned 29/29 symbols in 1.1s (0.04s/symbol)
19th August 2026 0:25:17 IST | INFO | 5m cycle @ 19th August 2026 0:25:00 IST | scanned 29/29 symbols in 1.2s (0.04s/symbol)
19th August 2026 0:30:19 IST | INFO | 5m cycle @ 19th August 2026 0:30:00 IST | scanned 29/29 symbols in 2.0s (0.07s/symbol)
19th August 2026 0:35:21 IST | INFO | 5m cycle @ 19th August 2026 0:35:00 IST | scanned 29/29 symbols in 1.9s (0.07s/symbol)
19th August 2026 0:40:23 IST | INFO | 5m cycle @ 19th August 2026 0:40:00 IST | scanned 29/29 symbols in 1.7s (0.06s/symbol)
19th August 2026 0:45:10 IST | INFO | 5m cycle @ 19th August 2026 0:45:00 IST | scanned 29/29 symbols in 2.0s (0.07s/symbol)
19th August 2026 0:50:12 IST | INFO | 5m cycle @ 19th August 2026 0:50:00 IST | scanned 29/29 symbols in 1.6s (0.06s/symbol)
19th August 2026 0:55:13 IST | INFO | 5m cycle @ 19th August 2026 0:55:00 IST | scanned 29/29 symbols in 1.6s (0.05s/symbol)
19th August 2026 1:00:16 IST | INFO | 5m cycle @ 19th August 2026 1:00:00 IST | scanned 29/29 symbols in 2.3s (0.08s/symbol)
19th August 2026 1:05:17 IST | INFO | 5m cycle @ 19th August 2026 1:05:00 IST | scanned 29/29 symbols in 1.7s (0.06s/symbol)
19th August 2026 1:10:19 IST | INFO | 5m cycle @ 19th August 2026 1:10:00 IST | scanned 29/29 symbols in 1.7s (0.06s/symbol)
19th August 2026 1:15:21 IST | INFO | 5m cycle @ 19th August 2026 1:15:00 IST | scanned 29/29 symbols in 2.2s (0.08s/symbol)
19th August 2026 1:20:23 IST | INFO | 5m cycle @ 19th August 2026 1:20:00 IST | scanned 29/29 symbols in 1.8s (0.06s/symbol)
19th August 2026 1:25:10 IST | INFO | 5m cycle @ 19th August 2026 1:25:00 IST | scanned 29/29 symbols in 1.9s (0.06s/symbol)
19th August 2026 1:30:12 IST | INFO | 5m cycle @ 19th August 2026 1:30:00 IST | scanned 29/29 symbols in 2.5s (0.09s/symbol)
19th August 2026 1:35:14 IST | INFO | 5m cycle @ 19th August 2026 1:35:00 IST | scanned 29/29 symbols in 1.7s (0.06s/symbol)
19th August 2026 1:40:16 IST | INFO | 5m cycle @ 19th August 2026 1:40:00 IST | scanned 29/29 symbols in 1.8s (0.06s/symbol)
19th August 2026 1:45:18 IST | INFO | 5m cycle @ 19th August 2026 1:45:00 IST | scanned 29/29 symbols in 2.1s (0.07s/symbol)
19th August 2026 1:50:21 IST | INFO | 5m cycle @ 19th August 2026 1:50:00 IST | scanned 29/29 symbols in 3.1s (0.11s/symbol)
19th August 2026 1:55:22 IST | INFO | S146 SIGNAL AUDNZD SHORT aggressive_liquidation | trigger=1.20611 stop=1.20670 target=1.20537 (1.25R) | stop_basis=liquidity_pool_plus_buffer liq_pool=True | 4H dest=1.20354 (4.35R)
19th August 2026 1:55:22 IST | WARNING | S146 AUDNZD: skipped on spread cost — spread 0.000180 is 30.5% of risk (limit 30%)
19th August 2026 1:55:23 IST | INFO | 5m cycle @ 19th August 2026 1:55:00 IST | scanned 29/29 symbols in 1.6s (0.06s/symbol)
19th August 2026 2:00:10 IST | INFO | 5m cycle @ 19th August 2026 2:00:00 IST | scanned 29/29 symbols in 2.4s (0.08s/symbol)
19th August 2026 2:05:12 IST | INFO | 5m cycle @ 19th August 2026 2:05:00 IST | scanned 29/29 symbols in 1.8s (0.06s/symbol)
19th August 2026 2:10:14 IST | INFO | 5m cycle @ 19th August 2026 2:10:00 IST | scanned 29/29 symbols in 1.8s (0.06s/symbol)
19th August 2026 2:15:16 IST | INFO | 5m cycle @ 19th August 2026 2:15:00 IST | scanned 29/29 symbols in 2.2s (0.08s/symbol)
19th August 2026 2:20:18 IST | INFO | 5m cycle @ 19th August 2026 2:20:00 IST | scanned 29/29 symbols in 1.7s (0.06s/symbol)
19th August 2026 2:25:20 IST | INFO | 5m cycle @ 19th August 2026 2:25:00 IST | scanned 29/29 symbols in 1.7s (0.06s/symbol)
19th August 2026 2:30:22 IST | INFO | 5m cycle @ 19th August 2026 2:30:00 IST | scanned 29/29 symbols in 2.3s (0.08s/symbol)
19th August 2026 2:35:24 IST | INFO | 5m cycle @ 19th August 2026 2:35:00 IST | scanned 29/29 symbols in 2.0s (0.07s/symbol)
19th August 2026 2:40:11 IST | INFO | 5m cycle @ 19th August 2026 2:40:00 IST | scanned 29/29 symbols in 1.9s (0.07s/symbol)
19th August 2026 2:45:14 IST | INFO | 5m cycle @ 19th August 2026 2:45:00 IST | scanned 29/29 symbols in 2.8s (0.10s/symbol)
19th August 2026 2:50:16 IST | INFO | 5m cycle @ 19th August 2026 2:50:00 IST | scanned 29/29 symbols in 1.9s (0.07s/symbol)
19th August 2026 2:55:17 IST | INFO | 5m cycle @ 19th August 2026 2:55:00 IST | scanned 29/29 symbols in 1.9s (0.07s/symbol)
19th August 2026 3:00:20 IST | INFO | 5m cycle @ 19th August 2026 3:00:00 IST | scanned 29/29 symbols in 2.3s (0.08s/symbol)
19th August 2026 3:05:22 IST | INFO | 5m cycle @ 19th August 2026 3:05:00 IST | scanned 29/29 symbols in 1.8s (0.06s/symbol)
19th August 2026 3:10:24 IST | INFO | 5m cycle @ 19th August 2026 3:10:00 IST | scanned 29/29 symbols in 2.8s (0.10s/symbol)
19th August 2026 3:15:11 IST | INFO | 5m cycle @ 19th August 2026 3:15:00 IST | scanned 29/29 symbols in 2.1s (0.07s/symbol)
19th August 2026 3:20:13 IST | INFO | 5m cycle @ 19th August 2026 3:20:00 IST | scanned 29/29 symbols in 1.8s (0.06s/symbol)
19th August 2026 3:25:15 IST | INFO | 5m cycle @ 19th August 2026 3:25:00 IST | scanned 29/29 symbols in 1.8s (0.06s/symbol)
19th August 2026 3:30:16 IST | INFO | S146 SIGNAL USDCAD LONG aggressive_liquidation | trigger=1.38939 stop=1.38844 target=1.39058 (1.25R) | stop_basis=15m_zone_distal_plus_buffer liq_pool=False | 4H dest=1.39479 (5.69R)
19th August 2026 3:30:22 IST | INFO | Email sent: S146 LONG USDCAD @ 1.38939 (1.25R target)
19th August 2026 3:30:22 IST | INFO | USDCAD: market order placed #2182526932 0.19 lots @ 1.38964 | sl/tp attached=True
19th August 2026 3:30:23 IST | INFO | 5m cycle @ 19th August 2026 3:30:00 IST | scanned 29/29 symbols in 8.3s (0.29s/symbol)
19th August 2026 3:35:10 IST | INFO | 5m cycle @ 19th August 2026 3:35:00 IST | scanned 29/29 symbols in 2.0s (0.07s/symbol)
19th August 2026 3:40:12 IST | INFO | S146 SIGNAL AUDNZD SHORT aggressive_liquidation | trigger=1.20578 stop=1.20656 target=1.20481 (1.25R) | stop_basis=liquidity_pool_plus_buffer liq_pool=True | 4H dest=1.20354 (2.89R)
19th August 2026 3:40:12 IST | WARNING | S146 AUDNZD: skipped on spread cost — spread 0.000300 is 38.7% of risk (limit 30%)
19th August 2026 3:40:12 IST | INFO | 5m cycle @ 19th August 2026 3:40:00 IST | scanned 29/29 symbols in 1.7s (0.06s/symbol)
19th August 2026 3:45:12 IST | INFO | S146 SIGNAL GBPUSD SHORT aggressive_liquidation | trigger=1.35302 stop=1.35337 target=1.35259 (1.25R) | stop_basis=swept_wick_plus_buffer liq_pool=False | 4H dest=1.34952 (10.14R)
19th August 2026 3:45:18 IST | INFO | Email sent: S146 SHORT GBPUSD @ 1.35302 (1.25R target)
19th August 2026 3:45:18 IST | INFO | GBPUSD: market order placed #2182576578 0.14 lots @ 1.35312 | sl/tp attached=True
19th August 2026 3:45:18 IST | INFO | S146 SIGNAL AUDUSD SHORT aggressive_liquidation | trigger=0.70838 stop=0.70870 target=0.70800 (1.25R) | stop_basis=liquidity_pool_plus_buffer liq_pool=True | 4H dest=0.70631 (6.67R)
19th August 2026 3:45:23 IST | INFO | Email sent: S146 SHORT AUDUSD @ 0.70838 (1.25R target)
19th August 2026 3:45:23 IST | INFO | AUDUSD: market order placed #2182576747 0.27 lots @ 0.70845 | sl/tp attached=True
19th August 2026 3:45:25 IST | INFO | 5m cycle @ 19th August 2026 3:45:00 IST | scanned 29/29 symbols in 12.8s (0.44s/symbol)
19th August 2026 3:50:12 IST | INFO | 5m cycle @ 19th August 2026 3:50:00 IST | scanned 29/29 symbols in 1.7s (0.06s/symbol)
19th August 2026 3:55:12 IST | INFO | S146 SIGNAL EURJPY SHORT aggressive_liquidation | trigger=184.74976 stop=184.82124 target=184.66041 (1.25R) | stop_basis=liquidity_pool_plus_buffer liq_pool=True | 4H dest=184.62300 (1.77R)
19th August 2026 3:55:12 IST | WARNING | S146 EURJPY: skipped on spread cost — spread 0.024000 is 33.6% of risk (limit 30%)
19th August 2026 3:55:13 IST | INFO | 5m cycle @ 19th August 2026 3:55:00 IST | scanned 29/29 symbols in 1.5s (0.05s/symbol)
19th August 2026 4:00:15 IST | INFO | 5m cycle @ 19th August 2026 4:00:00 IST | scanned 29/29 symbols in 2.1s (0.07s/symbol)
19th August 2026 4:05:17 IST | INFO | 5m cycle @ 19th August 2026 4:05:00 IST | scanned 29/29 symbols in 1.8s (0.06s/symbol)
19th August 2026 4:10:19 IST | INFO | 5m cycle @ 19th August 2026 4:10:00 IST | scanned 29/29 symbols in 1.8s (0.06s/symbol)
19th August 2026 4:15:21 IST | INFO | 5m cycle @ 19th August 2026 4:15:00 IST | scanned 29/29 symbols in 2.1s (0.07s/symbol)
19th August 2026 4:20:22 IST | INFO | S146 SIGNAL GBPNZD SHORT aggressive_liquidation | trigger=2.30234 stop=2.30450 target=2.29965 (1.25R) | stop_basis=liquidity_pool_plus_buffer liq_pool=True | 4H dest=2.29499 (3.41R)
19th August 2026 4:20:27 IST | INFO | Email sent: S146 SHORT GBPNZD @ 2.30234 (1.25R target)
19th August 2026 4:20:27 IST | INFO | GBPNZD: market order placed #2182685523 0.14 lots @ 2.30246 | sl/tp attached=True
19th August 2026 4:20:28 IST | INFO | 5m cycle @ 19th August 2026 4:20:00 IST | scanned 29/29 symbols in 6.9s (0.24s/symbol)
19th August 2026 4:25:15 IST | INFO | 5m cycle @ 19th August 2026 4:25:00 IST | scanned 29/29 symbols in 1.7s (0.06s/symbol)
19th August 2026 4:30:15 IST | INFO | S146 SIGNAL EURUSD SHORT aggressive_liquidation | trigger=1.15753 stop=1.15810 target=1.15682 (1.25R) | stop_basis=liquidity_pool_plus_buffer liq_pool=True | 4H dest=1.15305 (7.92R)
19th August 2026 4:30:21 IST | INFO | Email sent: S146 SHORT EURUSD @ 1.15753 (1.25R target)
19th August 2026 4:30:21 IST | INFO | EURUSD: market order placed #2182707037 0.16 lots @ 1.15762 | sl/tp attached=True
19th August 2026 4:30:23 IST | INFO | 5m cycle @ 19th August 2026 4:30:00 IST | scanned 29/29 symbols in 8.6s (0.29s/symbol)
19th August 2026 4:35:10 IST | INFO | 5m cycle @ 19th August 2026 4:35:00 IST | scanned 29/29 symbols in 1.5s (0.05s/symbol)
19th August 2026 4:40:11 IST | INFO | 5m cycle @ 19th August 2026 4:40:00 IST | scanned 29/29 symbols in 1.6s (0.06s/symbol)
19th August 2026 4:45:14 IST | INFO | 5m cycle @ 19th August 2026 4:45:00 IST | scanned 29/29 symbols in 2.2s (0.08s/symbol)
19th August 2026 4:50:16 IST | INFO | 5m cycle @ 19th August 2026 4:50:00 IST | scanned 29/29 symbols in 1.7s (0.06s/symbol)
19th August 2026 4:55:17 IST | INFO | 5m cycle @ 19th August 2026 4:55:00 IST | scanned 29/29 symbols in 1.7s (0.06s/symbol)
19th August 2026 4:59:18 IST | INFO | s146 #2182576747 partial 0.13/0.27 lots at 1.34R ok=True
19th August 2026 4:59:18 IST | INFO | s146 #2182576747 ladder sl -> 0.70845 (+0.00R at peak 1.34R) ok=True
19th August 2026 5:00:20 IST | INFO | 5m cycle @ 19th August 2026 5:00:00 IST | scanned 29/29 symbols in 2.1s (0.07s/symbol)
19th August 2026 5:05:22 IST | INFO | 5m cycle @ 19th August 2026 5:05:00 IST | scanned 29/29 symbols in 1.9s (0.06s/symbol)
19th August 2026 5:10:24 IST | INFO | 5m cycle @ 19th August 2026 5:10:00 IST | scanned 29/29 symbols in 1.7s (0.06s/symbol)
19th August 2026 5:13:24 IST | INFO | s146 #2182576747 ladder sl -> 0.70820 (+1.00R at peak 1.51R) ok=True
19th August 2026 5:15:11 IST | INFO | 5m cycle @ 19th August 2026 5:15:00 IST | scanned 29/29 symbols in 1.8s (0.06s/symbol)
19th August 2026 5:20:11 IST | INFO | S146 SIGNAL NZDUSD LONG aggressive_liquidation | trigger=0.58724 stop=0.58696 target=0.58759 (1.25R) | stop_basis=15m_zone_distal_plus_buffer liq_pool=False | 4H dest=0.59032 (11.05R)
19th August 2026 5:20:11 IST | WARNING | S146 NZDUSD: skipped on spread cost — spread 0.000140 is 50.2% of risk (limit 30%)
19th August 2026 5:20:12 IST | INFO | S146 SIGNAL NZDCHF LONG aggressive_liquidation | trigger=0.47715 stop=0.47679 target=0.47761 (1.25R) | stop_basis=liquidity_pool_plus_buffer liq_pool=True | 4H dest=0.47861 (3.96R)
19th August 2026 5:20:12 IST | WARNING | S146 NZDCHF: skipped on spread cost — spread 0.000140 is 38.1% of risk (limit 30%)
19th August 2026 5:20:13 IST | INFO | 5m cycle @ 19th August 2026 5:20:00 IST | scanned 29/29 symbols in 1.8s (0.06s/symbol)
19th August 2026 5:25:14 IST | INFO | 5m cycle @ 19th August 2026 5:25:00 IST | scanned 29/29 symbols in 1.8s (0.06s/symbol)
19th August 2026 5:30:17 IST | INFO | S146 SIGNAL NZDCAD LONG aggressive_liquidation | trigger=0.81617 stop=0.81555 target=0.81695 (1.25R) | stop_basis=liquidity_pool_plus_buffer liq_pool=True | 4H dest=0.81894 (4.46R)
19th August 2026 5:30:22 IST | INFO | Email sent: S146 LONG NZDCAD @ 0.81617 (1.25R target)
19th August 2026 5:30:23 IST | INFO | NZDCAD: market order placed #2182892317 0.32 lots @ 0.81626 | sl/tp attached=True
19th August 2026 5:30:23 IST | INFO | 5m cycle @ 19th August 2026 5:30:00 IST | scanned 29/29 symbols in 8.7s (0.30s/symbol)
19th August 2026 5:35:10 IST | INFO | 5m cycle @ 19th August 2026 5:35:00 IST | scanned 29/29 symbols in 1.9s (0.07s/symbol)
19th August 2026 13:24:33 IST | INFO | 5m cycle @ 19th August 2026 13:20:00 IST | scanned 29/29 symbols in 5.6s (0.19s/symbol)
19th August 2026 13:25:22 IST | INFO | 5m cycle @ 19th August 2026 13:25:00 IST | scanned 29/29 symbols in 3.9s (0.14s/symbol)
19th August 2026 13:30:25 IST | INFO | 5m cycle @ 19th August 2026 13:30:00 IST | scanned 29/29 symbols in 2.5s (0.09s/symbol)
19th August 2026 13:35:12 IST | INFO | 5m cycle @ 19th August 2026 13:35:00 IST | scanned 29/29 symbols in 2.0s (0.07s/symbol)
19th August 2026 13:40:14 IST | INFO | 5m cycle @ 19th August 2026 13:40:00 IST | scanned 29/29 symbols in 1.9s (0.07s/symbol)
19th August 2026 13:45:16 IST | INFO | 5m cycle @ 19th August 2026 13:45:00 IST | scanned 29/29 symbols in 2.3s (0.08s/symbol)
19th August 2026 13:50:18 IST | INFO | 5m cycle @ 19th August 2026 13:50:00 IST | scanned 29/29 symbols in 2.0s (0.07s/symbol)
19th August 2026 13:55:20 IST | INFO | 5m cycle @ 19th August 2026 13:55:00 IST | scanned 29/29 symbols in 1.8s (0.06s/symbol)
19th August 2026 14:00:22 IST | INFO | 5m cycle @ 19th August 2026 14:00:00 IST | scanned 29/29 symbols in 2.2s (0.08s/symbol)
19th August 2026 14:05:24 IST | INFO | 5m cycle @ 19th August 2026 14:05:00 IST | scanned 29/29 symbols in 2.0s (0.07s/symbol)
19th August 2026 14:10:11 IST | INFO | 5m cycle @ 19th August 2026 14:10:00 IST | scanned 29/29 symbols in 1.9s (0.07s/symbol)
19th August 2026 14:15:12 IST | INFO | 5m cycle @ 19th August 2026 14:15:00 IST | scanned 29/29 symbols in 1.5s (0.05s/symbol)
19th August 2026 14:20:14 IST | INFO | 5m cycle @ 19th August 2026 14:20:00 IST | scanned 29/29 symbols in 1.3s (0.05s/symbol)
19th August 2026 14:25:15 IST | INFO | 5m cycle @ 19th August 2026 14:25:00 IST | scanned 29/29 symbols in 1.4s (0.05s/symbol)
19th August 2026 14:30:17 IST | INFO | 5m cycle @ 19th August 2026 14:30:00 IST | scanned 29/29 symbols in 1.6s (0.06s/symbol)
19th August 2026 14:35:18 IST | INFO | 5m cycle @ 19th August 2026 14:35:00 IST | scanned 29/29 symbols in 1.4s (0.05s/symbol)
19th August 2026 14:40:20 IST | INFO | 5m cycle @ 19th August 2026 14:40:00 IST | scanned 29/29 symbols in 1.3s (0.05s/symbol)
19th August 2026 14:45:21 IST | INFO | 5m cycle @ 19th August 2026 14:45:00 IST | scanned 29/29 symbols in 1.8s (0.06s/symbol)
19th August 2026 14:50:23 IST | INFO | 5m cycle @ 19th August 2026 14:50:00 IST | scanned 29/29 symbols in 1.3s (0.04s/symbol)
19th August 2026 14:55:09 IST | INFO | 5m cycle @ 19th August 2026 14:55:00 IST | scanned 29/29 symbols in 1.2s (0.04s/symbol)
19th August 2026 15:00:10 IST | INFO | 5m cycle @ 19th August 2026 15:00:00 IST | scanned 29/29 symbols in 1.5s (0.05s/symbol)
19th August 2026 15:05:12 IST | INFO | 5m cycle @ 19th August 2026 15:05:00 IST | scanned 29/29 symbols in 1.3s (0.04s/symbol)
19th August 2026 15:10:13 IST | INFO | S146 SIGNAL NZDCHF LONG conservative_mss | trigger=0.47664 stop=0.47631 target=0.47707 (1.25R) | stop_basis=liquidity_pool_plus_buffer liq_pool=True | 4H dest=0.47861 (5.82R)
19th August 2026 15:10:13 IST | WARNING | S146 NZDCHF: skipped on spread cost — spread 0.000140 is 41.5% of risk (limit 30%)
19th August 2026 15:10:13 IST | INFO | 5m cycle @ 19th August 2026 15:10:00 IST | scanned 29/29 symbols in 1.4s (0.05s/symbol)
19th August 2026 15:15:15 IST | INFO | 5m cycle @ 19th August 2026 15:15:00 IST | scanned 29/29 symbols in 1.5s (0.05s/symbol)
19th August 2026 15:20:15 IST | INFO | S146 SIGNAL GBPJPY LONG aggressive_liquidation | trigger=215.72879 stop=215.63022 target=215.85199 (1.25R) | stop_basis=liquidity_pool_plus_buffer liq_pool=True | 4H dest=216.01300 (2.88R)
19th August 2026 15:20:22 IST | INFO | Email sent: S146 LONG GBPJPY @ 215.72879 (1.25R target)
19th August 2026 15:20:22 IST | INFO | GBPJPY: market order placed #2185775167 0.14 lots @ 215.72900 | sl/tp attached=True
19th August 2026 15:20:23 IST | INFO | 5m cycle @ 19th August 2026 15:20:00 IST | scanned 29/29 symbols in 8.5s (0.29s/symbol)
19th August 2026 15:25:09 IST | INFO | 5m cycle @ 19th August 2026 15:25:00 IST | scanned 29/29 symbols in 1.3s (0.04s/symbol)
19th August 2026 15:30:11 IST | INFO | 5m cycle @ 19th August 2026 15:30:00 IST | scanned 29/29 symbols in 1.7s (0.06s/symbol)
19th August 2026 15:35:13 IST | INFO | 5m cycle @ 19th August 2026 15:35:00 IST | scanned 29/29 symbols in 1.9s (0.07s/symbol)
19th August 2026 15:40:15 IST | INFO | S146 SIGNAL AUDJPY LONG aggressive_liquidation | trigger=112.60863 stop=112.55237 target=112.67895 (1.25R) | stop_basis=liquidity_pool_plus_buffer liq_pool=True | 4H dest=113.43800 (14.74R)
19th August 2026 15:40:21 IST | INFO | Email sent: S146 LONG AUDJPY @ 112.60863 (1.25R target)
19th August 2026 15:40:21 IST | INFO | AUDJPY: market order placed #2185883123 0.26 lots @ 112.59500 | sl/tp attached=True
19th August 2026 15:40:22 IST | INFO | 5m cycle @ 19th August 2026 15:40:00 IST | scanned 29/29 symbols in 8.9s (0.31s/symbol)
19th August 2026 15:40:33 IST | INFO | MT5 connected | Exness-MT5Trial15 | DEMO | balance=15118.82 INR | leverage 1:2000
19th August 2026 15:40:59 IST | INFO | MT5 connected | Exness-MT5Trial15 | DEMO | balance=15118.82 INR | leverage 1:2000
19th August 2026 15:41:22 IST | INFO | MT5 connected | Exness-MT5Trial15 | DEMO | balance=15118.82 INR | leverage 1:2000
19th August 2026 15:43:30 IST | INFO | MT5 connected | Exness-MT5Trial15 | DEMO | balance=15118.82 INR | leverage 1:2000
19th August 2026 15:45:25 IST | INFO | 5m cycle @ 19th August 2026 15:45:00 IST | scanned 29/29 symbols in 2.6s (0.09s/symbol)
19th August 2026 15:45:58 IST | INFO | MT5 connected | Exness-MT5Trial15 | DEMO | balance=15118.82 INR | leverage 1:2000
19th August 2026 15:46:16 IST | INFO | MT5 connected | Exness-MT5Trial15 | DEMO | balance=15118.82 INR | leverage 1:2000
19th August 2026 15:50:12 IST | INFO | 5m cycle @ 19th August 2026 15:50:00 IST | scanned 29/29 symbols in 1.9s (0.06s/symbol)
19th August 2026 15:55:14 IST | INFO | 5m cycle @ 19th August 2026 15:55:00 IST | scanned 29/29 symbols in 1.9s (0.06s/symbol)
19th August 2026 16:00:15 IST | INFO | 5m cycle @ 19th August 2026 16:00:00 IST | scanned 29/29 symbols in 1.5s (0.05s/symbol)
19th August 2026 16:05:16 IST | INFO | 5m cycle @ 19th August 2026 16:05:00 IST | scanned 29/29 symbols in 1.2s (0.04s/symbol)
19th August 2026 16:10:18 IST | INFO | 5m cycle @ 19th August 2026 16:10:00 IST | scanned 29/29 symbols in 1.2s (0.04s/symbol)
19th August 2026 16:15:19 IST | INFO | S146 SIGNAL NZDCAD LONG aggressive_liquidation | trigger=0.81562 stop=0.81526 target=0.81607 (1.25R) | stop_basis=liquidity_pool_plus_buffer liq_pool=True | 4H dest=0.81894 (9.18R)
19th August 2026 16:15:19 IST | WARNING | S146 NZDCAD: skipped on spread cost — spread 0.000180 is 49.8% of risk (limit 30%)
19th August 2026 16:15:19 IST | INFO | 5m cycle @ 19th August 2026 16:15:00 IST | scanned 29/29 symbols in 1.4s (0.05s/symbol)
19th August 2026 16:20:20 IST | INFO | 5m cycle @ 19th August 2026 16:20:00 IST | scanned 29/29 symbols in 1.2s (0.04s/symbol)
19th August 2026 16:25:22 IST | INFO | 5m cycle @ 19th August 2026 16:25:00 IST | scanned 29/29 symbols in 1.2s (0.04s/symbol)
19th August 2026 16:30:23 IST | INFO | 5m cycle @ 19th August 2026 16:30:00 IST | scanned 29/29 symbols in 1.4s (0.05s/symbol)
19th August 2026 16:35:09 IST | INFO | 5m cycle @ 19th August 2026 16:35:00 IST | scanned 29/29 symbols in 1.2s (0.04s/symbol)
19th August 2026 16:40:11 IST | INFO | S146 SIGNAL XAUUSD LONG conservative_mss | trigger=4373.92157 stop=4365.48471 target=4384.46763 (1.25R) | stop_basis=liquidity_pool_plus_buffer liq_pool=True | 4H dest=4395.56600 (2.57R)
19th August 2026 16:40:16 IST | INFO | Email sent: S146 LONG XAUUSD @ 4373.92157 (1.25R target)
19th August 2026 16:40:16 IST | INFO | XAUUSD: market order placed #2186230352 0.04 lots @ 4372.33000 | sl/tp attached=True
19th August 2026 16:40:16 IST | INFO | 5m cycle @ 19th August 2026 16:40:00 IST | scanned 29/29 symbols in 6.9s (0.24s/symbol)
19th August 2026 16:45:18 IST | INFO | 5m cycle @ 19th August 2026 16:45:00 IST | scanned 29/29 symbols in 1.4s (0.05s/symbol)
19th August 2026 16:50:19 IST | INFO | 5m cycle @ 19th August 2026 16:50:00 IST | scanned 29/29 symbols in 1.2s (0.04s/symbol)
19th August 2026 16:55:20 IST | INFO | 5m cycle @ 19th August 2026 16:55:00 IST | scanned 29/29 symbols in 1.2s (0.04s/symbol)
19th August 2026 17:00:22 IST | INFO | 5m cycle @ 19th August 2026 17:00:00 IST | scanned 29/29 symbols in 1.5s (0.05s/symbol)
19th August 2026 17:05:23 IST | INFO | S146 SIGNAL AUDCHF LONG aggressive_liquidation | trigger=0.57314 stop=0.57287 target=0.57348 (1.25R) | stop_basis=liquidity_pool_plus_buffer liq_pool=True | 4H dest=0.57613 (10.99R)
19th August 2026 17:05:23 IST | WARNING | S146 AUDCHF: skipped on spread cost — spread 0.000090 is 33.1% of risk (limit 30%)
19th August 2026 17:05:23 IST | INFO | 5m cycle @ 19th August 2026 17:05:00 IST | scanned 29/29 symbols in 1.2s (0.04s/symbol)
19th August 2026 17:10:09 IST | INFO | 5m cycle @ 19th August 2026 17:10:00 IST | scanned 29/29 symbols in 1.2s (0.04s/symbol)
19th August 2026 17:15:11 IST | INFO | 5m cycle @ 19th August 2026 17:15:00 IST | scanned 29/29 symbols in 1.6s (0.05s/symbol)
19th August 2026 17:20:11 IST | INFO | S146 SIGNAL AUDUSD LONG aggressive_liquidation | trigger=0.70750 stop=0.70684 target=0.70831 (1.25R) | stop_basis=liquidity_pool_plus_buffer liq_pool=True | 4H dest=0.71019 (4.14R)
19th August 2026 17:20:16 IST | INFO | Email sent: S146 LONG AUDUSD @ 0.70750 (1.25R target)
19th August 2026 17:20:17 IST | INFO | AUDUSD: market order placed #2186496691 0.26 lots @ 0.70748 | sl/tp attached=True
19th August 2026 17:20:17 IST | INFO | S146 SIGNAL NZDUSD LONG aggressive_liquidation | trigger=0.58798 stop=0.58743 target=0.58867 (1.25R) | stop_basis=liquidity_pool_plus_buffer liq_pool=True | 4H dest=0.59032 (4.27R)
19th August 2026 17:20:21 IST | INFO | Email sent: S146 LONG NZDUSD @ 0.58798 (1.25R target)
19th August 2026 17:20:21 IST | INFO | NZDUSD: market order placed #2186497247 0.32 lots @ 0.58800 | sl/tp attached=True
19th August 2026 17:20:22 IST | INFO | S146 SIGNAL AUDCAD LONG aggressive_liquidation | trigger=0.98154 stop=0.98082 target=0.98244 (1.25R) | stop_basis=liquidity_pool_plus_buffer liq_pool=True | 4H dest=0.98472 (4.4R)
19th August 2026 17:20:28 IST | INFO | Email sent: S146 LONG AUDCAD @ 0.98154 (1.25R target)
19th August 2026 17:20:28 IST | INFO | AUDCAD: market order placed #2186498159 0.26 lots @ 0.98158 | sl/tp attached=True
19th August 2026 17:20:29 IST | INFO | 5m cycle @ 19th August 2026 17:20:00 IST | scanned 29/29 symbols in 17.9s (0.62s/symbol)
19th August 2026 17:25:15 IST | INFO | 5m cycle @ 19th August 2026 17:25:00 IST | scanned 29/29 symbols in 1.1s (0.04s/symbol)
19th August 2026 17:30:16 IST | INFO | 5m cycle @ 19th August 2026 17:30:00 IST | scanned 29/29 symbols in 1.4s (0.05s/symbol)
19th August 2026 17:35:18 IST | INFO | 5m cycle @ 19th August 2026 17:35:00 IST | scanned 29/29 symbols in 1.6s (0.05s/symbol)
19th August 2026 17:40:19 IST | INFO | S146 SIGNAL XAUUSD LONG aggressive_liquidation | trigger=4368.30738 stop=4354.42727 target=4385.65753 (1.25R) | stop_basis=liquidity_pool_plus_buffer liq_pool=True | 4H dest=4395.56600 (1.96R)
19th August 2026 17:40:25 IST | INFO | Email sent: S146 LONG XAUUSD @ 4368.30738 (1.25R target)
19th August 2026 17:40:25 IST | INFO | XAUUSD: market order placed #2186626231 0.04 lots @ 4367.02300 | sl/tp attached=True
19th August 2026 17:40:25 IST | INFO | 5m cycle @ 19th August 2026 17:40:00 IST | scanned 29/29 symbols in 7.6s (0.26s/symbol)
19th August 2026 17:45:12 IST | INFO | 5m cycle @ 19th August 2026 17:45:00 IST | scanned 29/29 symbols in 1.3s (0.04s/symbol)
19th August 2026 17:50:13 IST | INFO | 5m cycle @ 19th August 2026 17:50:00 IST | scanned 29/29 symbols in 1.1s (0.04s/symbol)
19th August 2026 17:55:15 IST | INFO | 5m cycle @ 19th August 2026 17:55:00 IST | scanned 29/29 symbols in 1.5s (0.05s/symbol)
19th August 2026 17:58:43 IST | INFO | === liveTrade config / connectivity check ===
19th August 2026 17:58:43 IST | INFO | Strategy          : s146
19th August 2026 17:58:43 IST | INFO | Symbols           : ['EURUSD', 'GBPUSD', 'USDJPY', 'USDCHF', 'AUDUSD', 'NZDUSD', 'USDCAD', 'EURGBP', 'EURJPY', 'EURCHF', 'EURAUD', 'EURCAD', 'EURNZD', 'GBPJPY', 'GBPCHF', 'GBPAUD', 'GBPCAD', 'GBPNZD', 'AUDJPY', 'AUDNZD', 'AUDCAD', 'AUDCHF', 'NZDJPY', 'NZDCAD', 'NZDCHF', 'CADJPY', 'CADCHF', 'CHFJPY', 'XAUUSD']
19th August 2026 17:58:43 IST | INFO | DRY_RUN           : False
19th August 2026 17:58:43 IST | INFO | Lot sizing        : margin Rs 1000  | leverage 1:2000  | max_lot 50.0
19th August 2026 17:58:43 IST | INFO | Guards            : one_per_pair=True max_concurrent=8 max_daily_loss=Rs10000
19th August 2026 17:58:43 IST | INFO | Email configured  : True
19th August 2026 17:58:43 IST | INFO | MT5 connected | Exness-MT5Trial15 | DEMO | balance=10594.86 INR | leverage 1:2000
19th August 2026 17:58:43 IST | INFO | S146 params       : MIN_RR=1.5 MAX_RR=20.0 entry_mode=market hold=864 bars running_extreme_15m=True legacy_require_new_15m=True demo_only=True
19th August 2026 17:58:43 IST | INFO | S146 account mode : DEMO
19th August 2026 17:58:43 IST | INFO | S146 journals     : logs/s146_4h_events.log, logs/s146_15m_events.log, logs/s146_5m_events.log, logs/s146_trades.log
19th August 2026 17:58:43 IST | INFO |   EURUSD   -> EURUSDm      last_closed_5m=2026-08-19 12:20:00+00:00 lots=0.16
19th August 2026 17:58:43 IST | INFO |   GBPUSD   -> GBPUSDm      last_closed_5m=2026-08-19 12:20:00+00:00 lots=0.14
19th August 2026 17:58:43 IST | INFO |   USDJPY   -> USDJPYm      last_closed_5m=2026-08-19 12:20:00+00:00 lots=0.19
19th August 2026 17:58:43 IST | INFO |   USDCHF   -> USDCHFm      last_closed_5m=2026-08-19 12:20:00+00:00 lots=0.19
19th August 2026 17:58:43 IST | INFO |   AUDUSD   -> AUDUSDm      last_closed_5m=2026-08-19 12:20:00+00:00 lots=0.26
19th August 2026 17:58:43 IST | INFO |   NZDUSD   -> NZDUSDm      last_closed_5m=2026-08-19 12:20:00+00:00 lots=0.32
19th August 2026 17:58:44 IST | INFO |   USDCAD   -> USDCADm      last_closed_5m=2026-08-19 12:20:00+00:00 lots=0.19
19th August 2026 17:58:44 IST | INFO |   EURGBP   -> EURGBPm      last_closed_5m=2026-08-19 12:20:00+00:00 lots=0.16
19th August 2026 17:58:44 IST | INFO |   EURJPY   -> EURJPYm      last_closed_5m=2026-08-19 12:20:00+00:00 lots=0.16
19th August 2026 17:58:44 IST | INFO |   EURCHF   -> EURCHFm      last_closed_5m=2026-08-19 12:20:00+00:00 lots=0.16
19th August 2026 17:58:44 IST | INFO |   EURAUD   -> EURAUDm      last_closed_5m=2026-08-19 12:20:00+00:00 lots=0.16
19th August 2026 17:58:44 IST | INFO |   EURCAD   -> EURCADm      last_closed_5m=2026-08-19 12:20:00+00:00 lots=0.16
19th August 2026 17:58:44 IST | INFO |   EURNZD   -> EURNZDm      last_closed_5m=2026-08-19 12:20:00+00:00 lots=0.16
19th August 2026 17:58:44 IST | INFO |   GBPJPY   -> GBPJPYm      last_closed_5m=2026-08-19 12:20:00+00:00 lots=0.14
19th August 2026 17:58:44 IST | INFO |   GBPCHF   -> GBPCHFm      last_closed_5m=2026-08-19 12:20:00+00:00 lots=0.14
19th August 2026 17:58:44 IST | INFO |   GBPAUD   -> GBPAUDm      last_closed_5m=2026-08-19 12:20:00+00:00 lots=0.14
19th August 2026 17:58:44 IST | INFO |   GBPCAD   -> GBPCADm      last_closed_5m=2026-08-19 12:20:00+00:00 lots=0.14
19th August 2026 17:58:44 IST | INFO |   GBPNZD   -> GBPNZDm      last_closed_5m=2026-08-19 12:20:00+00:00 lots=0.14
19th August 2026 17:58:44 IST | INFO |   AUDJPY   -> AUDJPYm      last_closed_5m=2026-08-19 12:20:00+00:00 lots=0.26
19th August 2026 17:58:44 IST | INFO |   AUDNZD   -> AUDNZDm      last_closed_5m=2026-08-19 12:20:00+00:00 lots=0.26
19th August 2026 17:58:44 IST | INFO |   AUDCAD   -> AUDCADm      last_closed_5m=2026-08-19 12:20:00+00:00 lots=0.26
19th August 2026 17:58:44 IST | INFO |   AUDCHF   -> AUDCHFm      last_closed_5m=2026-08-19 12:20:00+00:00 lots=0.26
19th August 2026 17:58:44 IST | INFO |   NZDJPY   -> NZDJPYm      last_closed_5m=2026-08-19 12:20:00+00:00 lots=0.32
19th August 2026 17:58:44 IST | INFO |   NZDCAD   -> NZDCADm      last_closed_5m=2026-08-19 12:20:00+00:00 lots=0.32
19th August 2026 17:58:44 IST | INFO |   NZDCHF   -> NZDCHFm      last_closed_5m=2026-08-19 12:20:00+00:00 lots=0.32
19th August 2026 17:58:44 IST | INFO |   CADJPY   -> CADJPYm      last_closed_5m=2026-08-19 12:20:00+00:00 lots=0.26
19th August 2026 17:58:44 IST | INFO |   CADCHF   -> CADCHFm      last_closed_5m=2026-08-19 12:20:00+00:00 lots=0.26
19th August 2026 17:58:44 IST | INFO |   CHFJPY   -> CHFJPYm      last_closed_5m=2026-08-19 12:20:00+00:00 lots=0.15
19th August 2026 17:58:44 IST | INFO |   XAUUSD   -> XAUUSDm      last_closed_5m=2026-08-19 12:20:00+00:00 lots=0.04
19th August 2026 17:58:44 IST | INFO | Check complete.
19th August 2026 17:58:59 IST | INFO | MT5 connected | Exness-MT5Trial15 | DEMO | balance=10594.86 INR | leverage 1:2000
19th August 2026 17:58:59 IST | INFO | S146 GBPUSD: skipped non-extreme 15m zone 15m-1787030100--1-b40023 @ 1.35332; running extreme 15m-1786984200--1-c4c630 @ 1.35604 across 3 actionable campaign zone(s)
19th August 2026 17:58:59 IST | INFO | S146 CHFJPY: skipped non-extreme 15m zone 15m-1787053500--1-dee0ed @ 196.53200; running extreme 15m-1787042700--1-27d40d @ 196.69500 across 3 actionable campaign zone(s)
19th August 2026 17:58:59 IST | INFO | S146 USDCAD: skipped non-extreme 15m zone 15m-1787048100-1-b354bd @ 1.38695; running extreme 15m-1786975200-1-383042 @ 1.38516 across 2 actionable campaign zone(s)
19th August 2026 17:58:59 IST | INFO | S146 AUDJPY: skipped non-extreme 15m zone 15m-1787066100--1-4e25c3 @ 113.24800; running extreme 15m-1787059800--1-f801ac @ 113.53600 across 2 actionable campaign zone(s)
19th August 2026 17:58:59 IST | INFO | S146 USDCAD: skipped non-extreme 15m zone 15m-1787070600-1-85173e @ 1.38957; running extreme 15m-1786975200-1-383042 @ 1.38516 across 4 actionable campaign zone(s)
19th August 2026 17:58:59 IST | INFO | S146 NZDJPY: skipped non-extreme 15m zone 15m-1787072400--1-f56832 @ 93.76300; running extreme 15m-1786975200--1-ae281a @ 94.24600 across 4 actionable campaign zone(s)
19th August 2026 17:58:59 IST | INFO | S146 USDCAD: skipped non-extreme 15m zone 15m-1787067000-1-f30153 @ 1.38908; running extreme 15m-1786975200-1-383042 @ 1.38516 across 3 actionable campaign zone(s)
19th August 2026 17:58:59 IST | INFO | S146 GBPUSD: skipped non-extreme 15m zone 15m-1787088600--1-633f21 @ 1.35301; running extreme 15m-1786984200--1-c4c630 @ 1.35604 across 4 actionable campaign zone(s)
19th August 2026 17:58:59 IST | INFO | S146 GBPUSD: skipped non-extreme 15m zone 15m-1787081400--1-bcb77a @ 1.35345; running extreme 15m-1786984200--1-c4c630 @ 1.35604 across 4 actionable campaign zone(s)
19th August 2026 17:58:59 IST | INFO | S146 AUDUSD: skipped non-extreme 15m zone 15m-1787085900--1-204991 @ 0.70839; running extreme 15m-1787059800--1-469910 @ 0.71109 across 4 actionable campaign zone(s)
19th August 2026 17:58:59 IST | INFO | S146 EURUSD: skipped non-extreme 15m zone 15m-1787081400--1-ea0fc1 @ 1.15761; running extreme 15m-1786954500--1-934b2b @ 1.16059 across 5 actionable campaign zone(s)
19th August 2026 17:58:59 IST | INFO | S146 NZDCAD: skipped non-extreme 15m zone 15m-1787089500-1-ef232f @ 0.81601; running extreme 15m-1787043600-1-2b80d9 @ 0.81499 across 2 actionable campaign zone(s)
19th August 2026 18:00:17 IST | INFO | 5m cycle @ 19th August 2026 18:00:00 IST | scanned 29/29 symbols in 1.8s (0.06s/symbol)
19th August 2026 18:03:17 IST | INFO | s146 #2186496691 partial 0.13/0.26 lots at 1.35R ok=True
19th August 2026 18:03:17 IST | INFO | s146 #2186496691 ladder sl -> 0.70748 (+0.00R at peak 1.35R) ok=True
19th August 2026 18:03:17 IST | INFO | s146 #2186497247 partial 0.16/0.32 lots at 1.48R ok=True
19th August 2026 18:03:18 IST | INFO | s146 #2186497247 ladder sl -> 0.58800 (+0.00R at peak 1.48R) ok=True
19th August 2026 18:03:48 IST | INFO | s146 #2186496691 ladder sl -> 0.70812 (+1.00R at peak 1.68R) ok=True
19th August 2026 18:03:48 IST | INFO | s146 #2186497247 ladder sl -> 0.58857 (+1.00R at peak 1.72R) ok=True
19th August 2026 18:03:48 IST | INFO | s146 #2186498159 partial 0.13/0.26 lots at 1.45R ok=True
19th August 2026 18:03:49 IST | INFO | s146 #2186498159 ladder sl -> 0.98158 (+0.00R at peak 1.45R) ok=True
19th August 2026 18:04:19 IST | INFO | s146 #2186496691 ladder sl -> 0.70843 (+1.50R at peak 2.01R) ok=True
19th August 2026 18:04:19 IST | INFO | s146 #2186497247 ladder sl -> 0.58885 (+1.50R at peak 2.14R) ok=True
19th August 2026 18:04:20 IST | INFO | s146 #2186498159 ladder sl -> 0.98234 (+1.00R at peak 1.70R) ok=True
19th August 2026 18:04:50 IST | INFO | s146 #2186626231 partial 0.02/0.04 lots at 1.27R ok=True
19th August 2026 18:04:50 IST | INFO | s146 #2186626231 ladder sl -> 4367.02300 (+0.00R at peak 1.27R) ok=True
19th August 2026 18:05:21 IST | INFO | S146 SIGNAL NZDJPY SHORT aggressive_liquidation | trigger=93.51032 stop=93.60368 target=93.39363 (1.25R) | stop_basis=liquidity_pool_plus_buffer liq_pool=True | 4H dest=93.32100 (2.03R)
19th August 2026 18:05:27 IST | INFO | Email sent: S146 SHORT NZDJPY @ 93.51032 (1.25R target)
19th August 2026 18:05:28 IST | INFO | NZDJPY: market order placed #2186868252 0.33 lots @ 93.57400 | sl/tp attached=True
19th August 2026 18:05:28 IST | INFO | 5m cycle @ 19th August 2026 18:05:00 IST | scanned 29/29 symbols in 7.8s (0.27s/symbol)
19th August 2026 18:05:58 IST | INFO | s146 #2186626231 ladder sl -> 4379.61900 (+1.00R at peak 1.60R) ok=True
19th August 2026 18:06:13 IST | INFO | s146 #2186497247 ladder sl -> 0.58914 (+2.00R at peak 2.55R) ok=True
19th August 2026 18:06:29 IST | INFO | s146 #2186626231 ladder sl -> 4385.91700 (+1.50R at peak 2.04R) ok=True
19th August 2026 18:06:44 IST | INFO | s146 #2186496691 ladder sl -> 0.70875 (+2.00R at peak 2.50R) ok=True
19th August 2026 18:06:59 IST | INFO | s146 #2186498159 ladder sl -> 0.98273 (+1.50R at peak 2.21R) ok=True
19th August 2026 18:07:15 IST | INFO | s146 #2186496691 ladder sl -> 0.70907 (+2.50R at peak 3.21R) ok=True
19th August 2026 18:07:15 IST | INFO | s146 #2186497247 ladder sl -> 0.58942 (+2.50R at peak 3.32R) ok=True
19th August 2026 18:07:15 IST | INFO | s146 #2186498159 ladder sl -> 0.98311 (+2.00R at peak 2.58R) ok=True
19th August 2026 18:10:14 IST | INFO | Stopped by user.
19th August 2026 18:10:23 IST | INFO | MT5 connected | Exness-MT5Trial15 | DEMO | balance=22623.83 INR | leverage 1:2000
19th August 2026 18:10:23 IST | INFO | liveTrade s146 started | Strategy 146 live engine started | ---------------------------------------- | Account   : 474381718 DEMO INR bal=22623.83 | Symbols   : EURUSD, GBPUSD, USDJPY, USDCHF, AUDUSD, NZDUSD, USDCAD, EURGBP, EURJPY, EURCHF, EURAUD, EURCAD, EURNZD, GBPJPY, GBPCHF, GBPAUD, GBPCAD, GBPNZD, AUDJPY, AUDNZD, AUDCAD, AUDCHF, NZDJPY, NZDCAD, NZDCHF, CADJPY, CADCHF, CHFJPY, XAUUSD | DRY_RUN   : False | Demo only : True (orders blocked: False) | Sizing    : margin Rs1000 @ 1:2000 | free-margin budget 80% | max_concurrent=8 | Exposure  : same destination <= 1 | currency leg <= 3 | Cost gate : skip when spread > 30% of risk | short stop spread pad 0.0x | Entry mode: market (SL/TP attached: True) | Risk guard : DISABLED for s146 (loss_at_sl is informational only) | Stop      : liquidity pool outside 15m zone when available, else distal edge + 0.5 bps buffer | Exit ladder: True | partial 50% at 1.25R | trail step/giveback 0.5R/0.5R | broker TP = 4H destination | Target    : 1.25R partial milestone (4H destination is the broker-side ceiling) | R:R band  : 1.5 - 20.0 (measured to the 4H destination) | Hold limit: 864 5m bars | 15m select: running extreme since 4H confirmation=True (highest supply for short / lowest demand for long) | Legacy new-15m fallback: True (engine start 19th August 2026 18:10:23 IST) | Journals  : {'4h': 'D:\\WorkZera\\Projects\\strategies\\yt_learning\\liveTrade\\logs\\s146_4h_events.log', '15m': 'D:\\WorkZera\\Projects\\strategies\\yt_learning\\liveTrade\\logs\\s146_15m_events.log', '5m': 'D:\\WorkZera\\Projects\\strategies\\yt_learning\\liveTrade\\logs\\s146_5m_events.log', 'trade': 'D:\\WorkZera\\Projects\\strategies\\yt_learning\\liveTrade\\logs\\s146_trades.log'} | 
19th August 2026 18:10:30 IST | INFO | Email sent: Strategy146 liveTrade STARTED
19th August 2026 18:10:55 IST | INFO | 5m cycle @ 19th August 2026 18:10:00 IST | scanned 29/29 symbols in 24.9s (0.86s/symbol)
19th August 2026 18:15:13 IST | INFO | 5m cycle @ 19th August 2026 18:15:00 IST | scanned 29/29 symbols in 3.3s (0.11s/symbol)
19th August 2026 18:16:13 IST | INFO | s146 #2186497247 ladder sl -> 0.58971 (+3.00R at peak 3.55R) ok=True
19th August 2026 18:20:15 IST | INFO | 5m cycle @ 19th August 2026 18:20:00 IST | scanned 29/29 symbols in 1.7s (0.06s/symbol)
19th August 2026 18:25:16 IST | INFO | 5m cycle @ 19th August 2026 18:25:00 IST | scanned 29/29 symbols in 0.7s (0.03s/symbol)
19th August 2026 18:26:32 IST | INFO | s146 #2186498159 ladder sl -> 0.98349 (+2.50R at peak 3.05R) ok=True
19th August 2026 18:30:18 IST | INFO | 5m cycle @ 19th August 2026 18:30:00 IST | scanned 29/29 symbols in 0.9s (0.03s/symbol)
19th August 2026 18:34:48 IST | INFO | s146 #2186498159 ladder sl -> 0.98387 (+3.00R at peak 3.56R) ok=True
19th August 2026 18:35:18 IST | INFO | S146 SIGNAL NZDCHF LONG aggressive_liquidation | trigger=0.47634 stop=0.47572 target=0.47713 (1.25R) | stop_basis=liquidity_pool_plus_buffer liq_pool=True | 15m_extreme=True campaign_zones=1 | 4H dest=0.47861 (3.61R)
19th August 2026 18:35:24 IST | INFO | Email sent: S146 LONG NZDCHF @ 0.47634 (1.25R target)
19th August 2026 18:35:25 IST | INFO | NZDCHF: market order placed #2187624002 0.32 lots @ 0.47656 | sl/tp attached=True
19th August 2026 18:35:25 IST | INFO | 5m cycle @ 19th August 2026 18:35:00 IST | scanned 29/29 symbols in 7.0s (0.24s/symbol)
19th August 2026 18:40:11 IST | INFO | 5m cycle @ 19th August 2026 18:40:00 IST | scanned 29/29 symbols in 0.7s (0.03s/symbol)
19th August 2026 18:45:12 IST | INFO | 5m cycle @ 19th August 2026 18:45:00 IST | scanned 29/29 symbols in 1.8s (0.06s/symbol)
19th August 2026 18:50:13 IST | INFO | 5m cycle @ 19th August 2026 18:50:00 IST | scanned 29/29 symbols in 0.8s (0.03s/symbol)
19th August 2026 18:55:15 IST | INFO | 5m cycle @ 19th August 2026 18:55:00 IST | scanned 29/29 symbols in 1.5s (0.05s/symbol)
19th August 2026 19:00:17 IST | INFO | 5m cycle @ 19th August 2026 19:00:00 IST | scanned 29/29 symbols in 1.8s (0.06s/symbol)
19th August 2026 19:05:18 IST | INFO | 5m cycle @ 19th August 2026 19:05:00 IST | scanned 29/29 symbols in 1.6s (0.06s/symbol)
19th August 2026 19:10:20 IST | INFO | 5m cycle @ 19th August 2026 19:10:00 IST | scanned 29/29 symbols in 1.5s (0.05s/symbol)
19th August 2026 19:15:22 IST | INFO | 5m cycle @ 19th August 2026 19:15:00 IST | scanned 29/29 symbols in 1.9s (0.06s/symbol)
19th August 2026 19:20:23 IST | INFO | 5m cycle @ 19th August 2026 19:20:00 IST | scanned 29/29 symbols in 1.6s (0.05s/symbol)
19th August 2026 19:25:11 IST | INFO | 5m cycle @ 19th August 2026 19:25:00 IST | scanned 29/29 symbols in 2.5s (0.09s/symbol)
19th August 2026 19:30:13 IST | INFO | 5m cycle @ 19th August 2026 19:30:00 IST | scanned 29/29 symbols in 1.8s (0.06s/symbol)
19th August 2026 19:35:15 IST | INFO | 5m cycle @ 19th August 2026 19:35:00 IST | scanned 29/29 symbols in 2.5s (0.09s/symbol)
19th August 2026 19:40:17 IST | INFO | 5m cycle @ 19th August 2026 19:40:00 IST | scanned 29/29 symbols in 1.8s (0.06s/symbol)
19th August 2026 19:45:19 IST | INFO | 5m cycle @ 19th August 2026 19:45:00 IST | scanned 29/29 symbols in 1.8s (0.06s/symbol)
19th August 2026 19:50:20 IST | INFO | 5m cycle @ 19th August 2026 19:50:00 IST | scanned 29/29 symbols in 1.5s (0.05s/symbol)
19th August 2026 19:55:22 IST | INFO | 5m cycle @ 19th August 2026 19:55:00 IST | scanned 29/29 symbols in 1.6s (0.05s/symbol)
19th August 2026 20:00:24 IST | INFO | 5m cycle @ 19th August 2026 20:00:00 IST | scanned 29/29 symbols in 1.8s (0.06s/symbol)
19th August 2026 20:05:10 IST | INFO | 5m cycle @ 19th August 2026 20:05:00 IST | scanned 29/29 symbols in 1.6s (0.06s/symbol)
19th August 2026 20:10:12 IST | INFO | 5m cycle @ 19th August 2026 20:10:00 IST | scanned 29/29 symbols in 1.6s (0.05s/symbol)
19th August 2026 20:15:14 IST | INFO | 5m cycle @ 19th August 2026 20:15:00 IST | scanned 29/29 symbols in 1.8s (0.06s/symbol)
19th August 2026 20:20:15 IST | INFO | 5m cycle @ 19th August 2026 20:20:00 IST | scanned 29/29 symbols in 1.6s (0.05s/symbol)
19th August 2026 20:25:17 IST | INFO | 5m cycle @ 19th August 2026 20:25:00 IST | scanned 29/29 symbols in 1.6s (0.06s/symbol)
19th August 2026 20:30:18 IST | INFO | S146 GBPAUD: skipped non-extreme 15m zone 15m-1787147100--1-589873 @ 1.91211; running extreme 15m-1787142600--1-f57669 @ 1.91513 across 2 actionable campaign zone(s)
19th August 2026 20:30:19 IST | INFO | 5m cycle @ 19th August 2026 20:30:00 IST | scanned 29/29 symbols in 1.8s (0.06s/symbol)
19th August 2026 20:35:20 IST | INFO | 5m cycle @ 19th August 2026 20:35:00 IST | scanned 29/29 symbols in 1.6s (0.05s/symbol)
19th August 2026 20:40:22 IST | INFO | 5m cycle @ 19th August 2026 20:40:00 IST | scanned 29/29 symbols in 1.6s (0.05s/symbol)
19th August 2026 20:45:23 IST | INFO | S146 CADJPY: skipped non-extreme 15m zone 15m-1787140800--1-0b4b9d @ 114.70500; running extreme 15m-1787058900--1-5ba1ed @ 115.10300 across 3 actionable campaign zone(s)
19th August 2026 20:45:24 IST | INFO | 5m cycle @ 19th August 2026 20:45:00 IST | scanned 29/29 symbols in 1.8s (0.06s/symbol)
19th August 2026 20:50:10 IST | INFO | 5m cycle @ 19th August 2026 20:50:00 IST | scanned 29/29 symbols in 1.6s (0.06s/symbol)
19th August 2026 20:55:12 IST | INFO | 5m cycle @ 19th August 2026 20:55:00 IST | scanned 29/29 symbols in 1.6s (0.05s/symbol)
19th August 2026 21:00:14 IST | INFO | 5m cycle @ 19th August 2026 21:00:00 IST | scanned 29/29 symbols in 1.9s (0.06s/symbol)
19th August 2026 21:05:15 IST | INFO | 5m cycle @ 19th August 2026 21:05:00 IST | scanned 29/29 symbols in 1.6s (0.05s/symbol)
19th August 2026 21:10:17 IST | INFO | 5m cycle @ 19th August 2026 21:10:00 IST | scanned 29/29 symbols in 1.6s (0.05s/symbol)
19th August 2026 21:15:19 IST | INFO | 5m cycle @ 19th August 2026 21:15:00 IST | scanned 29/29 symbols in 1.8s (0.06s/symbol)
19th August 2026 21:20:20 IST | INFO | 5m cycle @ 19th August 2026 21:20:00 IST | scanned 29/29 symbols in 1.5s (0.05s/symbol)
19th August 2026 21:25:22 IST | INFO | 5m cycle @ 19th August 2026 21:25:00 IST | scanned 29/29 symbols in 1.6s (0.05s/symbol)
19th August 2026 21:30:24 IST | INFO | 5m cycle @ 19th August 2026 21:30:00 IST | scanned 29/29 symbols in 2.0s (0.07s/symbol)
19th August 2026 21:35:10 IST | INFO | 5m cycle @ 19th August 2026 21:35:00 IST | scanned 29/29 symbols in 1.5s (0.05s/symbol)
19th August 2026 21:40:12 IST | INFO | 5m cycle @ 19th August 2026 21:40:00 IST | scanned 29/29 symbols in 1.6s (0.06s/symbol)
19th August 2026 21:45:14 IST | INFO | 5m cycle @ 19th August 2026 21:45:00 IST | scanned 29/29 symbols in 1.8s (0.06s/symbol)
19th August 2026 21:50:15 IST | INFO | 5m cycle @ 19th August 2026 21:50:00 IST | scanned 29/29 symbols in 1.6s (0.06s/symbol)
19th August 2026 21:55:17 IST | INFO | 5m cycle @ 19th August 2026 21:55:00 IST | scanned 29/29 symbols in 1.6s (0.06s/symbol)
19th August 2026 22:00:19 IST | INFO | 5m cycle @ 19th August 2026 22:00:00 IST | scanned 29/29 symbols in 1.9s (0.06s/symbol)
19th August 2026 22:05:21 IST | INFO | 5m cycle @ 19th August 2026 22:05:00 IST | scanned 29/29 symbols in 1.6s (0.05s/symbol)
19th August 2026 22:10:22 IST | INFO | 5m cycle @ 19th August 2026 22:10:00 IST | scanned 29/29 symbols in 1.6s (0.06s/symbol)
19th August 2026 22:15:24 IST | INFO | 5m cycle @ 19th August 2026 22:15:00 IST | scanned 29/29 symbols in 1.8s (0.06s/symbol)
19th August 2026 22:20:11 IST | INFO | 5m cycle @ 19th August 2026 22:20:00 IST | scanned 29/29 symbols in 1.6s (0.06s/symbol)
19th August 2026 22:25:12 IST | INFO | 5m cycle @ 19th August 2026 22:25:00 IST | scanned 29/29 symbols in 1.6s (0.06s/symbol)
19th August 2026 22:30:14 IST | INFO | 5m cycle @ 19th August 2026 22:30:00 IST | scanned 29/29 symbols in 1.8s (0.06s/symbol)
19th August 2026 22:35:16 IST | INFO | 5m cycle @ 19th August 2026 22:35:00 IST | scanned 29/29 symbols in 1.6s (0.06s/symbol)
19th August 2026 22:40:17 IST | INFO | 5m cycle @ 19th August 2026 22:40:00 IST | scanned 29/29 symbols in 1.6s (0.06s/symbol)
19th August 2026 22:45:21 IST | INFO | 5m cycle @ 19th August 2026 22:45:00 IST | scanned 29/29 symbols in 1.8s (0.06s/symbol)
19th August 2026 22:50:22 IST | INFO | 5m cycle @ 19th August 2026 22:50:00 IST | scanned 29/29 symbols in 1.5s (0.05s/symbol)
19th August 2026 22:55:24 IST | INFO | 5m cycle @ 19th August 2026 22:55:00 IST | scanned 29/29 symbols in 1.6s (0.06s/symbol)
19th August 2026 23:00:11 IST | INFO | 5m cycle @ 19th August 2026 23:00:00 IST | scanned 29/29 symbols in 1.8s (0.06s/symbol)
19th August 2026 23:05:12 IST | INFO | 5m cycle @ 19th August 2026 23:05:00 IST | scanned 29/29 symbols in 1.6s (0.05s/symbol)
19th August 2026 23:10:14 IST | INFO | 5m cycle @ 19th August 2026 23:10:00 IST | scanned 29/29 symbols in 1.6s (0.05s/symbol)
19th August 2026 23:15:16 IST | INFO | 5m cycle @ 19th August 2026 23:15:00 IST | scanned 29/29 symbols in 1.8s (0.06s/symbol)
19th August 2026 23:20:17 IST | INFO | 5m cycle @ 19th August 2026 23:20:00 IST | scanned 29/29 symbols in 1.6s (0.06s/symbol)
19th August 2026 23:25:19 IST | INFO | 5m cycle @ 19th August 2026 23:25:00 IST | scanned 29/29 symbols in 1.6s (0.05s/symbol)
19th August 2026 23:30:21 IST | INFO | 5m cycle @ 19th August 2026 23:30:00 IST | scanned 29/29 symbols in 1.9s (0.07s/symbol)
19th August 2026 23:35:22 IST | INFO | 5m cycle @ 19th August 2026 23:35:00 IST | scanned 29/29 symbols in 1.6s (0.05s/symbol)
19th August 2026 23:40:23 IST | INFO | S146 SIGNAL NZDUSD SHORT aggressive_liquidation | trigger=0.59281 stop=0.59360 target=0.59182 (1.25R) | stop_basis=liquidity_pool_plus_buffer liq_pool=True | 15m_extreme=True campaign_zones=1 | 4H dest=0.58709 (7.25R)
19th August 2026 23:40:29 IST | INFO | Email sent: S146 SHORT NZDUSD @ 0.59281 (1.25R target)
19th August 2026 23:40:29 IST | INFO | NZDUSD: market order placed #2190881806 0.32 lots @ 0.59307 | sl/tp attached=True
19th August 2026 23:40:30 IST | INFO | 5m cycle @ 19th August 2026 23:40:00 IST | scanned 29/29 symbols in 8.0s (0.27s/symbol)
19th August 2026 23:45:17 IST | INFO | 5m cycle @ 19th August 2026 23:45:00 IST | scanned 29/29 symbols in 1.8s (0.06s/symbol)
19th August 2026 23:50:19 IST | INFO | 5m cycle @ 19th August 2026 23:50:00 IST | scanned 29/29 symbols in 1.5s (0.05s/symbol)
19th August 2026 23:55:20 IST | INFO | 5m cycle @ 19th August 2026 23:55:00 IST | scanned 29/29 symbols in 1.6s (0.05s/symbol)
20th August 2026 0:00:22 IST | INFO | 5m cycle @ 20th August 2026 0:00:00 IST | scanned 29/29 symbols in 1.7s (0.06s/symbol)
20th August 2026 0:05:24 IST | INFO | 5m cycle @ 20th August 2026 0:05:00 IST | scanned 29/29 symbols in 1.6s (0.05s/symbol)
20th August 2026 0:10:10 IST | INFO | 5m cycle @ 20th August 2026 0:10:00 IST | scanned 29/29 symbols in 1.6s (0.05s/symbol)
20th August 2026 0:15:12 IST | INFO | 5m cycle @ 20th August 2026 0:15:00 IST | scanned 29/29 symbols in 1.9s (0.07s/symbol)
20th August 2026 0:20:14 IST | INFO | 5m cycle @ 20th August 2026 0:20:00 IST | scanned 29/29 symbols in 1.6s (0.06s/symbol)
20th August 2026 0:25:15 IST | INFO | 5m cycle @ 20th August 2026 0:25:00 IST | scanned 29/29 symbols in 1.6s (0.05s/symbol)
20th August 2026 0:30:17 IST | INFO | 5m cycle @ 20th August 2026 0:30:00 IST | scanned 29/29 symbols in 1.9s (0.06s/symbol)
20th August 2026 0:35:19 IST | INFO | 5m cycle @ 20th August 2026 0:35:00 IST | scanned 29/29 symbols in 1.6s (0.05s/symbol)
20th August 2026 0:40:21 IST | INFO | 5m cycle @ 20th August 2026 0:40:00 IST | scanned 29/29 symbols in 1.6s (0.06s/symbol)
20th August 2026 0:45:21 IST | INFO | S146 SIGNAL AUDUSD SHORT aggressive_liquidation | trigger=0.71218 stop=0.71257 target=0.71170 (1.25R) | stop_basis=liquidity_pool_plus_buffer liq_pool=True | 15m_extreme=True campaign_zones=1 | 4H dest=0.70723 (12.83R)
20th August 2026 0:45:27 IST | INFO | Email sent: S146 SHORT AUDUSD @ 0.71218 (1.25R target)
20th August 2026 0:45:27 IST | INFO | AUDUSD: market order placed #2191535017 0.27 lots @ 0.71232 | sl/tp attached=True
20th August 2026 0:45:30 IST | INFO | 5m cycle @ 20th August 2026 0:45:00 IST | scanned 29/29 symbols in 9.5s (0.33s/symbol)
20th August 2026 0:50:17 IST | INFO | 5m cycle @ 20th August 2026 0:50:00 IST | scanned 29/29 symbols in 2.2s (0.08s/symbol)
20th August 2026 0:55:19 IST | INFO | 5m cycle @ 20th August 2026 0:55:00 IST | scanned 29/29 symbols in 2.0s (0.07s/symbol)
20th August 2026 1:00:22 IST | INFO | 5m cycle @ 20th August 2026 1:00:00 IST | scanned 29/29 symbols in 2.6s (0.09s/symbol)
20th August 2026 1:05:22 IST | INFO | S146 SIGNAL GBPUSD SHORT aggressive_liquidation | trigger=1.36079 stop=1.36158 target=1.35981 (1.25R) | stop_basis=liquidity_pool_plus_buffer liq_pool=True | 15m_extreme=True campaign_zones=1 | 4H dest=1.35551 (6.72R)
20th August 2026 1:05:29 IST | INFO | Email sent: S146 SHORT GBPUSD @ 1.36079 (1.25R target)
20th August 2026 1:05:29 IST | INFO | GBPUSD: market order placed #2191680635 0.14 lots @ 1.36089 | sl/tp attached=True
20th August 2026 1:05:31 IST | INFO | 5m cycle @ 20th August 2026 1:05:00 IST | scanned 29/29 symbols in 9.2s (0.32s/symbol)
20th August 2026 1:10:18 IST | INFO | 5m cycle @ 20th August 2026 1:10:00 IST | scanned 29/29 symbols in 2.1s (0.07s/symbol)
20th August 2026 1:15:21 IST | INFO | 5m cycle @ 20th August 2026 1:15:00 IST | scanned 29/29 symbols in 2.6s (0.09s/symbol)
20th August 2026 1:20:23 IST | INFO | 5m cycle @ 20th August 2026 1:20:00 IST | scanned 29/29 symbols in 2.1s (0.07s/symbol)
20th August 2026 1:25:10 IST | INFO | 5m cycle @ 20th August 2026 1:25:00 IST | scanned 29/29 symbols in 2.1s (0.07s/symbol)
20th August 2026 1:30:13 IST | INFO | 5m cycle @ 20th August 2026 1:30:00 IST | scanned 29/29 symbols in 2.6s (0.09s/symbol)
20th August 2026 1:35:15 IST | INFO | 5m cycle @ 20th August 2026 1:35:00 IST | scanned 29/29 symbols in 2.2s (0.08s/symbol)
20th August 2026 1:40:17 IST | INFO | 5m cycle @ 20th August 2026 1:40:00 IST | scanned 29/29 symbols in 2.1s (0.07s/symbol)
20th August 2026 1:45:20 IST | INFO | 5m cycle @ 20th August 2026 1:45:00 IST | scanned 29/29 symbols in 2.3s (0.08s/symbol)
20th August 2026 1:50:22 IST | INFO | 5m cycle @ 20th August 2026 1:50:00 IST | scanned 29/29 symbols in 2.2s (0.08s/symbol)
20th August 2026 1:55:24 IST | INFO | 5m cycle @ 20th August 2026 1:55:00 IST | scanned 29/29 symbols in 2.2s (0.08s/symbol)
20th August 2026 2:00:12 IST | INFO | 5m cycle @ 20th August 2026 2:00:00 IST | scanned 29/29 symbols in 2.4s (0.08s/symbol)
20th August 2026 2:05:14 IST | INFO | 5m cycle @ 20th August 2026 2:05:00 IST | scanned 29/29 symbols in 2.1s (0.07s/symbol)
20th August 2026 2:10:16 IST | INFO | 5m cycle @ 20th August 2026 2:10:00 IST | scanned 29/29 symbols in 2.2s (0.07s/symbol)
20th August 2026 2:15:19 IST | INFO | 5m cycle @ 20th August 2026 2:15:00 IST | scanned 29/29 symbols in 2.8s (0.10s/symbol)
20th August 2026 2:20:21 IST | INFO | 5m cycle @ 20th August 2026 2:20:00 IST | scanned 29/29 symbols in 2.3s (0.08s/symbol)
20th August 2026 2:25:23 IST | INFO | 5m cycle @ 20th August 2026 2:25:00 IST | scanned 29/29 symbols in 2.2s (0.08s/symbol)
20th August 2026 2:30:11 IST | INFO | 5m cycle @ 20th August 2026 2:30:00 IST | scanned 29/29 symbols in 2.9s (0.10s/symbol)
20th August 2026 2:35:14 IST | INFO | 5m cycle @ 20th August 2026 2:35:00 IST | scanned 29/29 symbols in 2.7s (0.09s/symbol)
20th August 2026 2:40:16 IST | INFO | 5m cycle @ 20th August 2026 2:40:00 IST | scanned 29/29 symbols in 2.2s (0.08s/symbol)
20th August 2026 2:45:19 IST | INFO | 5m cycle @ 20th August 2026 2:45:00 IST | scanned 29/29 symbols in 2.8s (0.10s/symbol)
20th August 2026 2:50:21 IST | INFO | 5m cycle @ 20th August 2026 2:50:00 IST | scanned 29/29 symbols in 2.0s (0.07s/symbol)
20th August 2026 2:55:23 IST | INFO | 5m cycle @ 20th August 2026 2:55:00 IST | scanned 29/29 symbols in 2.0s (0.07s/symbol)
20th August 2026 3:00:11 IST | INFO | 5m cycle @ 20th August 2026 3:00:00 IST | scanned 29/29 symbols in 2.9s (0.10s/symbol)
20th August 2026 3:05:14 IST | INFO | 5m cycle @ 20th August 2026 3:05:00 IST | scanned 29/29 symbols in 2.4s (0.08s/symbol)
20th August 2026 3:10:16 IST | INFO | 5m cycle @ 20th August 2026 3:10:00 IST | scanned 29/29 symbols in 2.1s (0.07s/symbol)
20th August 2026 3:15:18 IST | INFO | 5m cycle @ 20th August 2026 3:15:00 IST | scanned 29/29 symbols in 2.7s (0.09s/symbol)
20th August 2026 3:20:21 IST | INFO | 5m cycle @ 20th August 2026 3:20:00 IST | scanned 29/29 symbols in 2.4s (0.08s/symbol)
20th August 2026 3:25:22 IST | INFO | S146 GBPAUD: skipped non-extreme 15m zone 15m-1787171400--1-9e2a54 @ 1.90957; running extreme 15m-1787142600--1-f57669 @ 1.91513 across 3 actionable campaign zone(s)
20th August 2026 3:25:23 IST | INFO | 5m cycle @ 20th August 2026 3:25:00 IST | scanned 29/29 symbols in 2.1s (0.07s/symbol)
20th August 2026 3:30:10 IST | INFO | S146 SIGNAL NZDCAD SHORT aggressive_liquidation | trigger=0.81821 stop=0.81954 target=0.81655 (1.25R) | stop_basis=liquidity_pool_plus_buffer liq_pool=True | 15m_extreme=True campaign_zones=1 | 4H dest=0.81503 (2.4R)
20th August 2026 3:30:16 IST | INFO | Email sent: S146 SHORT NZDCAD @ 0.81821 (1.25R target)
20th August 2026 3:30:16 IST | INFO | NZDCAD: market order placed #2192174615 0.32 lots @ 0.81923 | sl/tp attached=True
20th August 2026 3:30:16 IST | INFO | 5m cycle @ 20th August 2026 3:30:00 IST | scanned 29/29 symbols in 8.5s (0.29s/symbol)
20th August 2026 3:35:19 IST | INFO | 5m cycle @ 20th August 2026 3:35:00 IST | scanned 29/29 symbols in 2.6s (0.09s/symbol)
20th August 2026 3:40:21 IST | INFO | S146 SIGNAL AUDJPY LONG aggressive_liquidation | trigger=112.61363 stop=112.21939 target=113.10643 (1.25R) | stop_basis=15m_zone_distal_plus_buffer liq_pool=False | 15m_extreme=True campaign_zones=1 | 4H dest=113.43800 (2.09R)
20th August 2026 3:40:26 IST | INFO | Email sent: S146 LONG AUDJPY @ 112.61363 (1.25R target)
20th August 2026 3:40:26 IST | INFO | AUDJPY: market order placed #2192275158 0.26 lots @ 112.63900 | sl/tp attached=True
20th August 2026 3:40:27 IST | INFO | 5m cycle @ 20th August 2026 3:40:00 IST | scanned 29/29 symbols in 7.8s (0.27s/symbol)
20th August 2026 3:45:15 IST | INFO | 5m cycle @ 20th August 2026 3:45:00 IST | scanned 29/29 symbols in 2.7s (0.09s/symbol)
20th August 2026 3:50:17 IST | INFO | 5m cycle @ 20th August 2026 3:50:00 IST | scanned 29/29 symbols in 2.3s (0.08s/symbol)
20th August 2026 3:55:19 IST | INFO | 5m cycle @ 20th August 2026 3:55:00 IST | scanned 29/29 symbols in 2.1s (0.07s/symbol)
20th August 2026 4:00:20 IST | INFO | S146 SIGNAL EURCAD SHORT aggressive_liquidation | trigger=1.61211 stop=1.61276 target=1.61130 (1.25R) | stop_basis=liquidity_pool_plus_buffer liq_pool=True | 15m_extreme=True campaign_zones=1 | 4H dest=1.60888 (4.96R)
20th August 2026 4:00:29 IST | INFO | Email sent: S146 SHORT EURCAD @ 1.61211 (1.25R target)
20th August 2026 4:00:29 IST | INFO | EURCAD: market order placed #2192325997 0.16 lots @ 1.61221 | sl/tp attached=True
20th August 2026 4:00:31 IST | INFO | 5m cycle @ 20th August 2026 4:00:00 IST | scanned 29/29 symbols in 11.8s (0.41s/symbol)
20th August 2026 4:05:18 IST | INFO | 5m cycle @ 20th August 2026 4:05:00 IST | scanned 29/29 symbols in 2.3s (0.08s/symbol)
20th August 2026 4:10:20 IST | INFO | 5m cycle @ 20th August 2026 4:10:00 IST | scanned 29/29 symbols in 2.0s (0.07s/symbol)
20th August 2026 4:15:23 IST | INFO | 5m cycle @ 20th August 2026 4:15:00 IST | scanned 29/29 symbols in 2.6s (0.09s/symbol)
20th August 2026 4:20:11 IST | INFO | 5m cycle @ 20th August 2026 4:20:00 IST | scanned 29/29 symbols in 2.5s (0.09s/symbol)
20th August 2026 14:28:32 IST | INFO | s146 #2192325997 partial 0.08/0.16 lots at 2.20R ok=True
20th August 2026 14:28:32 IST | INFO | s146 #2192325997 ladder sl -> 1.61138 (+1.50R at peak 2.20R) ok=True
20th August 2026 14:28:40 IST | INFO | 5m cycle @ 20th August 2026 14:25:00 IST | scanned 29/29 symbols in 7.4s (0.25s/symbol)
20th August 2026 14:29:10 IST | INFO | s146 #2192325997 ladder sl -> 1.61111 (+2.00R at peak 2.54R) ok=True
20th August 2026 14:30:16 IST | INFO | 5m cycle @ 20th August 2026 14:30:00 IST | scanned 29/29 symbols in 6.2s (0.21s/symbol)
20th August 2026 14:35:16 IST | INFO | S146 SIGNAL USDCHF LONG aggressive_liquidation | trigger=0.79792 stop=0.79707 target=0.79898 (1.25R) | stop_basis=15m_zone_distal_plus_buffer liq_pool=False | 15m_extreme=True campaign_zones=1 | 4H dest=0.81207 (16.65R)
20th August 2026 14:35:22 IST | INFO | Email sent: S146 LONG USDCHF @ 0.79792 (1.25R target)
20th August 2026 14:35:22 IST | INFO | USDCHF: market order placed #2195235020 0.19 lots @ 0.79789 | sl/tp attached=True
20th August 2026 14:35:24 IST | INFO | 5m cycle @ 20th August 2026 14:35:00 IST | scanned 29/29 symbols in 8.3s (0.29s/symbol)
20th August 2026 14:40:12 IST | INFO | 5m cycle @ 20th August 2026 14:40:00 IST | scanned 29/29 symbols in 2.4s (0.08s/symbol)
20th August 2026 14:45:14 IST | INFO | 5m cycle @ 20th August 2026 14:45:00 IST | scanned 29/29 symbols in 2.3s (0.08s/symbol)
20th August 2026 14:48:54 IST | INFO | MT5 connected | Exness-MT5Trial15 | DEMO | balance=22094.77 INR | leverage 1:2000
20th August 2026 14:50:16 IST | INFO | 5m cycle @ 20th August 2026 14:50:00 IST | scanned 29/29 symbols in 1.8s (0.06s/symbol)
20th August 2026 14:55:18 IST | INFO | 5m cycle @ 20th August 2026 14:55:00 IST | scanned 29/29 symbols in 2.2s (0.07s/symbol)
20th August 2026 15:00:20 IST | INFO | S146 SIGNAL AUDJPY LONG aggressive_liquidation | trigger=112.87864 stop=112.80236 target=112.97400 (1.25R) | stop_basis=liquidity_pool_plus_buffer liq_pool=True | 15m_extreme=True campaign_zones=1 | 4H dest=113.43800 (7.33R)
20th August 2026 15:00:26 IST | INFO | Email sent: S146 LONG AUDJPY @ 112.87864 (1.25R target)
20th August 2026 15:00:26 IST | INFO | AUDJPY: market order placed #2195369450 0.26 lots @ 112.87800 | sl/tp attached=True
20th August 2026 15:00:27 IST | INFO | 5m cycle @ 20th August 2026 15:00:00 IST | scanned 29/29 symbols in 8.7s (0.30s/symbol)
20th August 2026 15:05:14 IST | INFO | 5m cycle @ 20th August 2026 15:05:00 IST | scanned 29/29 symbols in 2.0s (0.07s/symbol)
20th August 2026 15:10:16 IST | INFO | 5m cycle @ 20th August 2026 15:10:00 IST | scanned 29/29 symbols in 2.2s (0.08s/symbol)
20th August 2026 15:15:19 IST | INFO | 5m cycle @ 20th August 2026 15:15:00 IST | scanned 29/29 symbols in 2.4s (0.08s/symbol)
20th August 2026 15:20:20 IST | INFO | S146 GBPJPY: skipped non-extreme 15m zone 15m-1787211900-1-6b6a11 @ 215.93400; running extreme 15m-1787182200-1-332311 @ 215.22600 across 4 actionable campaign zone(s)
20th August 2026 15:20:20 IST | INFO | 5m cycle @ 20th August 2026 15:20:00 IST | scanned 29/29 symbols in 1.9s (0.06s/symbol)
20th August 2026 15:25:23 IST | INFO | 5m cycle @ 20th August 2026 15:25:00 IST | scanned 29/29 symbols in 2.1s (0.07s/symbol)
20th August 2026 15:30:10 IST | INFO | 5m cycle @ 20th August 2026 15:30:00 IST | scanned 29/29 symbols in 2.5s (0.09s/symbol)
20th August 2026 15:35:12 IST | INFO | 5m cycle @ 20th August 2026 15:35:00 IST | scanned 29/29 symbols in 2.1s (0.07s/symbol)
20th August 2026 15:40:14 IST | INFO | 5m cycle @ 20th August 2026 15:40:00 IST | scanned 29/29 symbols in 2.2s (0.08s/symbol)
20th August 2026 15:45:17 IST | INFO | 5m cycle @ 20th August 2026 15:45:00 IST | scanned 29/29 symbols in 2.0s (0.07s/symbol)
20th August 2026 15:50:18 IST | INFO | 5m cycle @ 20th August 2026 15:50:00 IST | scanned 29/29 symbols in 1.6s (0.05s/symbol)
20th August 2026 15:55:20 IST | INFO | 5m cycle @ 20th August 2026 15:55:00 IST | scanned 29/29 symbols in 1.5s (0.05s/symbol)
20th August 2026 16:00:21 IST | INFO | 5m cycle @ 20th August 2026 16:00:00 IST | scanned 29/29 symbols in 1.8s (0.06s/symbol)
20th August 2026 16:05:22 IST | INFO | S146 GBPCAD: skipped non-extreme 15m zone 15m-1787219100-1-376400 @ 1.87865; running extreme 15m-1787214600-1-488ac1 @ 1.87743 across 2 actionable campaign zone(s)
20th August 2026 16:05:23 IST | INFO | 5m cycle @ 20th August 2026 16:05:00 IST | scanned 29/29 symbols in 1.5s (0.05s/symbol)
20th August 2026 16:10:09 IST | INFO | 5m cycle @ 20th August 2026 16:10:00 IST | scanned 29/29 symbols in 1.5s (0.05s/symbol)
20th August 2026 16:15:12 IST | INFO | 5m cycle @ 20th August 2026 16:15:00 IST | scanned 29/29 symbols in 2.7s (0.09s/symbol)
20th August 2026 16:20:14 IST | INFO | 5m cycle @ 20th August 2026 16:20:00 IST | scanned 29/29 symbols in 2.2s (0.08s/symbol)
20th August 2026 16:25:17 IST | INFO | 5m cycle @ 20th August 2026 16:25:00 IST | scanned 29/29 symbols in 2.4s (0.08s/symbol)
20th August 2026 16:30:20 IST | INFO | 5m cycle @ 20th August 2026 16:30:00 IST | scanned 29/29 symbols in 2.8s (0.10s/symbol)
20th August 2026 16:35:21 IST | INFO | S146 SIGNAL GBPAUD SHORT aggressive_liquidation | trigger=1.91469 stop=1.91550 target=1.91369 (1.25R) | stop_basis=15m_zone_distal_plus_buffer liq_pool=False | 15m_extreme=True campaign_zones=1 | 4H dest=1.90470 (12.47R)
20th August 2026 16:35:27 IST | INFO | Email sent: S146 SHORT GBPAUD @ 1.91469 (1.25R target)
20th August 2026 16:35:28 IST | INFO | GBPAUD: market order placed #2195935435 0.14 lots @ 1.91502 | sl/tp attached=True
20th August 2026 16:35:29 IST | INFO | 5m cycle @ 20th August 2026 16:35:00 IST | scanned 29/29 symbols in 8.9s (0.31s/symbol)
20th August 2026 16:40:16 IST | INFO | S146 SIGNAL NZDJPY SHORT aggressive_liquidation | trigger=94.35628 stop=94.45222 target=94.23636 (1.25R) | stop_basis=liquidity_pool_plus_buffer liq_pool=True | 15m_extreme=True campaign_zones=1 | 4H dest=93.93300 (4.41R)
20th August 2026 16:40:21 IST | INFO | Email sent: S146 SHORT NZDJPY @ 94.35628 (1.25R target)
20th August 2026 16:40:21 IST | INFO | NZDJPY: market order placed #2195964203 0.32 lots @ 94.36200 | sl/tp attached=True
20th August 2026 16:40:22 IST | INFO | 5m cycle @ 20th August 2026 16:40:00 IST | scanned 29/29 symbols in 8.3s (0.29s/symbol)
20th August 2026 16:45:25 IST | INFO | 5m cycle @ 20th August 2026 16:45:00 IST | scanned 29/29 symbols in 3.4s (0.12s/symbol)
20th August 2026 16:50:13 IST | INFO | 5m cycle @ 20th August 2026 16:50:00 IST | scanned 29/29 symbols in 2.3s (0.08s/symbol)
20th August 2026 16:55:15 IST | INFO | 5m cycle @ 20th August 2026 16:55:00 IST | scanned 29/29 symbols in 2.2s (0.08s/symbol)
20th August 2026 17:00:18 IST | INFO | 5m cycle @ 20th August 2026 17:00:00 IST | scanned 29/29 symbols in 2.7s (0.09s/symbol)
20th August 2026 17:05:19 IST | INFO | S146 SIGNAL GBPCHF LONG aggressive_liquidation | trigger=1.08733 stop=1.08455 target=1.09082 (1.25R) | stop_basis=15m_zone_distal_plus_buffer liq_pool=False | 15m_extreme=True campaign_zones=1 | 4H dest=1.09865 (4.06R)
20th August 2026 17:05:25 IST | INFO | Email sent: S146 LONG GBPCHF @ 1.08733 (1.25R target)
20th August 2026 17:05:26 IST | INFO | GBPCHF: market order placed #2196157693 0.13 lots @ 1.08738 | sl/tp attached=True
20th August 2026 17:05:27 IST | INFO | 5m cycle @ 20th August 2026 17:05:00 IST | scanned 29/29 symbols in 9.0s (0.31s/symbol)
20th August 2026 17:10:14 IST | INFO | 5m cycle @ 20th August 2026 17:10:00 IST | scanned 29/29 symbols in 2.2s (0.07s/symbol)
20th August 2026 17:15:17 IST | INFO | 5m cycle @ 20th August 2026 17:15:00 IST | scanned 29/29 symbols in 2.6s (0.09s/symbol)
20th August 2026 17:20:19 IST | INFO | 5m cycle @ 20th August 2026 17:20:00 IST | scanned 29/29 symbols in 2.2s (0.08s/symbol)
20th August 2026 17:25:21 IST | INFO | 5m cycle @ 20th August 2026 17:25:00 IST | scanned 29/29 symbols in 2.2s (0.08s/symbol)
20th August 2026 17:30:24 IST | INFO | 5m cycle @ 20th August 2026 17:30:00 IST | scanned 29/29 symbols in 2.6s (0.09s/symbol)
20th August 2026 17:35:12 IST | INFO | 5m cycle @ 20th August 2026 17:35:00 IST | scanned 29/29 symbols in 2.6s (0.09s/symbol)
20th August 2026 17:40:13 IST | INFO | S146 EURNZD: skipped non-extreme 15m zone 15m-1787225400-1-1c55c5 @ 1.96468; running extreme 15m-1787205600-1-384fc9 @ 1.96153 across 2 actionable campaign zone(s)
20th August 2026 17:40:14 IST | INFO | 5m cycle @ 20th August 2026 17:40:00 IST | scanned 29/29 symbols in 2.1s (0.07s/symbol)
20th August 2026 17:45:17 IST | INFO | 5m cycle @ 20th August 2026 17:45:00 IST | scanned 29/29 symbols in 2.7s (0.09s/symbol)
20th August 2026 17:50:19 IST | INFO | 5m cycle @ 20th August 2026 17:50:00 IST | scanned 29/29 symbols in 2.3s (0.08s/symbol)
20th August 2026 17:55:21 IST | INFO | 5m cycle @ 20th August 2026 17:55:00 IST | scanned 29/29 symbols in 2.2s (0.08s/symbol)
20th August 2026 18:00:24 IST | INFO | 5m cycle @ 20th August 2026 18:00:00 IST | scanned 29/29 symbols in 2.5s (0.09s/symbol)
20th August 2026 18:05:11 IST | INFO | 5m cycle @ 20th August 2026 18:05:00 IST | scanned 29/29 symbols in 2.4s (0.08s/symbol)
20th August 2026 18:10:13 IST | INFO | 5m cycle @ 20th August 2026 18:10:00 IST | scanned 29/29 symbols in 2.2s (0.08s/symbol)
20th August 2026 18:15:15 IST | INFO | S146 SIGNAL CHFJPY SHORT aggressive_liquidation | trigger=198.86905 stop=199.07745 target=198.60856 (1.25R) | stop_basis=liquidity_pool_plus_buffer liq_pool=True | 15m_extreme=True campaign_zones=1 | 4H dest=196.41800 (11.76R)
20th August 2026 18:15:21 IST | INFO | Email sent: S146 SHORT CHFJPY @ 198.86905 (1.25R target)
20th August 2026 18:15:22 IST | INFO | CHFJPY: market order placed #2197053969 0.15 lots @ 198.88700 | sl/tp attached=True
20th August 2026 18:15:22 IST | INFO | 5m cycle @ 20th August 2026 18:15:00 IST | scanned 29/29 symbols in 8.6s (0.30s/symbol)
20th August 2026 18:20:24 IST | INFO | 5m cycle @ 20th August 2026 18:20:00 IST | scanned 29/29 symbols in 2.3s (0.08s/symbol)
20th August 2026 18:25:11 IST | INFO | 5m cycle @ 20th August 2026 18:25:00 IST | scanned 29/29 symbols in 2.1s (0.07s/symbol)
20th August 2026 18:30:14 IST | INFO | 5m cycle @ 20th August 2026 18:30:00 IST | scanned 29/29 symbols in 2.3s (0.08s/symbol)
20th August 2026 18:35:15 IST | INFO | S146 SIGNAL EURCAD SHORT aggressive_liquidation | trigger=1.60993 stop=1.61125 target=1.60828 (1.25R) | stop_basis=liquidity_pool_plus_buffer liq_pool=True | 15m_extreme=True campaign_zones=1 | 4H dest=1.60538 (3.44R)
20th August 2026 18:35:20 IST | INFO | Email sent: S146 SHORT EURCAD @ 1.60993 (1.25R target)
20th August 2026 18:35:21 IST | INFO | EURCAD: market order placed #2197264325 0.16 lots @ 1.61010 | sl/tp attached=True
20th August 2026 18:35:22 IST | INFO | 5m cycle @ 20th August 2026 18:35:00 IST | scanned 29/29 symbols in 8.1s (0.28s/symbol)
20th August 2026 18:40:22 IST | INFO | S146 EURUSD: skipped non-extreme 15m zone 15m-1787224500--1-f42523 @ 1.16902; running extreme 15m-1787220900--1-bf9a75 @ 1.17078 across 2 actionable campaign zone(s)
20th August 2026 18:40:23 IST | INFO | S146 GBPNZD: skipped non-extreme 15m zone 15m-1787225400-1-e9f992 @ 2.29141; running extreme 15m-1787205600-1-1802fc @ 2.28548 across 3 actionable campaign zone(s)
20th August 2026 18:40:24 IST | INFO | 5m cycle @ 20th August 2026 18:40:00 IST | scanned 29/29 symbols in 2.1s (0.07s/symbol)
20th August 2026 18:45:12 IST | INFO | 5m cycle @ 20th August 2026 18:45:00 IST | scanned 29/29 symbols in 2.3s (0.08s/symbol)
20th August 2026 18:50:14 IST | INFO | 5m cycle @ 20th August 2026 18:50:00 IST | scanned 29/29 symbols in 2.2s (0.08s/symbol)
20th August 2026 18:55:16 IST | INFO | 5m cycle @ 20th August 2026 18:55:00 IST | scanned 29/29 symbols in 2.1s (0.07s/symbol)
20th August 2026 19:00:19 IST | INFO | 5m cycle @ 20th August 2026 19:00:00 IST | scanned 29/29 symbols in 2.8s (0.10s/symbol)
20th August 2026 19:05:21 IST | INFO | 5m cycle @ 20th August 2026 19:05:00 IST | scanned 29/29 symbols in 2.1s (0.07s/symbol)
20th August 2026 19:10:24 IST | INFO | 5m cycle @ 20th August 2026 19:10:00 IST | scanned 29/29 symbols in 2.2s (0.08s/symbol)
20th August 2026 19:15:11 IST | INFO | 5m cycle @ 20th August 2026 19:15:00 IST | scanned 29/29 symbols in 2.2s (0.08s/symbol)
20th August 2026 19:20:13 IST | INFO | 5m cycle @ 20th August 2026 19:20:00 IST | scanned 29/29 symbols in 1.8s (0.06s/symbol)
20th August 2026 19:25:15 IST | INFO | 5m cycle @ 20th August 2026 19:25:00 IST | scanned 29/29 symbols in 2.2s (0.08s/symbol)
20th August 2026 19:30:17 IST | INFO | 5m cycle @ 20th August 2026 19:30:00 IST | scanned 29/29 symbols in 2.2s (0.07s/symbol)
20th August 2026 19:35:19 IST | INFO | 5m cycle @ 20th August 2026 19:35:00 IST | scanned 29/29 symbols in 2.2s (0.08s/symbol)
20th August 2026 19:40:22 IST | INFO | 5m cycle @ 20th August 2026 19:40:00 IST | scanned 29/29 symbols in 2.2s (0.07s/symbol)
20th August 2026 19:45:24 IST | INFO | 5m cycle @ 20th August 2026 19:45:00 IST | scanned 29/29 symbols in 2.2s (0.07s/symbol)
20th August 2026 19:50:11 IST | INFO | 5m cycle @ 20th August 2026 19:50:00 IST | scanned 29/29 symbols in 2.2s (0.08s/symbol)
20th August 2026 19:55:13 IST | INFO | 5m cycle @ 20th August 2026 19:55:00 IST | scanned 29/29 symbols in 2.2s (0.07s/symbol)
20th August 2026 20:00:15 IST | INFO | 5m cycle @ 20th August 2026 20:00:00 IST | scanned 29/29 symbols in 2.2s (0.08s/symbol)
20th August 2026 20:05:18 IST | INFO | 5m cycle @ 20th August 2026 20:05:00 IST | scanned 29/29 symbols in 2.3s (0.08s/symbol)
20th August 2026 20:10:20 IST | INFO | 5m cycle @ 20th August 2026 20:10:00 IST | scanned 29/29 symbols in 2.2s (0.07s/symbol)
20th August 2026 20:15:22 IST | INFO | 5m cycle @ 20th August 2026 20:15:00 IST | scanned 29/29 symbols in 2.1s (0.07s/symbol)
20th August 2026 20:20:24 IST | INFO | 5m cycle @ 20th August 2026 20:20:00 IST | scanned 29/29 symbols in 2.2s (0.07s/symbol)
20th August 2026 20:25:11 IST | INFO | 5m cycle @ 20th August 2026 20:25:00 IST | scanned 29/29 symbols in 2.2s (0.08s/symbol)
20th August 2026 20:30:14 IST | INFO | 5m cycle @ 20th August 2026 20:30:00 IST | scanned 29/29 symbols in 2.3s (0.08s/symbol)
20th August 2026 20:35:16 IST | INFO | 5m cycle @ 20th August 2026 20:35:00 IST | scanned 29/29 symbols in 2.2s (0.08s/symbol)
20th August 2026 20:40:18 IST | INFO | 5m cycle @ 20th August 2026 20:40:00 IST | scanned 29/29 symbols in 2.2s (0.08s/symbol)
20th August 2026 20:45:20 IST | INFO | 5m cycle @ 20th August 2026 20:45:00 IST | scanned 29/29 symbols in 2.1s (0.07s/symbol)
20th August 2026 20:50:22 IST | INFO | 5m cycle @ 20th August 2026 20:50:00 IST | scanned 29/29 symbols in 2.2s (0.08s/symbol)
20th August 2026 20:55:25 IST | INFO | 5m cycle @ 20th August 2026 20:55:00 IST | scanned 29/29 symbols in 2.2s (0.08s/symbol)
20th August 2026 21:00:12 IST | INFO | 5m cycle @ 20th August 2026 21:00:00 IST | scanned 29/29 symbols in 2.1s (0.07s/symbol)
20th August 2026 21:05:14 IST | INFO | 5m cycle @ 20th August 2026 21:05:00 IST | scanned 29/29 symbols in 2.1s (0.07s/symbol)
20th August 2026 21:10:16 IST | INFO | 5m cycle @ 20th August 2026 21:10:00 IST | scanned 29/29 symbols in 2.2s (0.08s/symbol)
20th August 2026 21:15:18 IST | INFO | 5m cycle @ 20th August 2026 21:15:00 IST | scanned 29/29 symbols in 2.2s (0.08s/symbol)
20th August 2026 21:20:21 IST | INFO | 5m cycle @ 20th August 2026 21:20:00 IST | scanned 29/29 symbols in 2.2s (0.08s/symbol)
20th August 2026 21:25:23 IST | INFO | 5m cycle @ 20th August 2026 21:25:00 IST | scanned 29/29 symbols in 2.2s (0.08s/symbol)
20th August 2026 21:30:10 IST | INFO | 5m cycle @ 20th August 2026 21:30:00 IST | scanned 29/29 symbols in 2.5s (0.08s/symbol)
20th August 2026 21:35:13 IST | INFO | 5m cycle @ 20th August 2026 21:35:00 IST | scanned 29/29 symbols in 2.2s (0.08s/symbol)
20th August 2026 21:40:15 IST | INFO | 5m cycle @ 20th August 2026 21:40:00 IST | scanned 29/29 symbols in 2.2s (0.08s/symbol)
20th August 2026 21:45:17 IST | INFO | 5m cycle @ 20th August 2026 21:45:00 IST | scanned 29/29 symbols in 2.2s (0.08s/symbol)
20th August 2026 21:50:19 IST | INFO | 5m cycle @ 20th August 2026 21:50:00 IST | scanned 29/29 symbols in 2.2s (0.08s/symbol)
20th August 2026 21:55:21 IST | INFO | 5m cycle @ 20th August 2026 21:55:00 IST | scanned 29/29 symbols in 2.2s (0.07s/symbol)
20th August 2026 22:00:24 IST | INFO | 5m cycle @ 20th August 2026 22:00:00 IST | scanned 29/29 symbols in 2.2s (0.08s/symbol)
20th August 2026 22:05:11 IST | INFO | 5m cycle @ 20th August 2026 22:05:00 IST | scanned 29/29 symbols in 2.2s (0.08s/symbol)
20th August 2026 22:10:13 IST | INFO | 5m cycle @ 20th August 2026 22:10:00 IST | scanned 29/29 symbols in 2.2s (0.08s/symbol)
20th August 2026 22:15:15 IST | INFO | 5m cycle @ 20th August 2026 22:15:00 IST | scanned 29/29 symbols in 2.3s (0.08s/symbol)
20th August 2026 22:20:17 IST | INFO | 5m cycle @ 20th August 2026 22:20:00 IST | scanned 29/29 symbols in 2.2s (0.07s/symbol)
20th August 2026 22:25:20 IST | INFO | 5m cycle @ 20th August 2026 22:25:00 IST | scanned 29/29 symbols in 2.2s (0.08s/symbol)
20th August 2026 22:30:22 IST | INFO | 5m cycle @ 20th August 2026 22:30:00 IST | scanned 29/29 symbols in 2.2s (0.07s/symbol)
20th August 2026 22:35:24 IST | INFO | 5m cycle @ 20th August 2026 22:35:00 IST | scanned 29/29 symbols in 2.2s (0.08s/symbol)
20th August 2026 22:40:11 IST | INFO | 5m cycle @ 20th August 2026 22:40:00 IST | scanned 29/29 symbols in 2.2s (0.08s/symbol)
20th August 2026 22:45:14 IST | INFO | 5m cycle @ 20th August 2026 22:45:00 IST | scanned 29/29 symbols in 2.2s (0.07s/symbol)
20th August 2026 22:50:16 IST | INFO | 5m cycle @ 20th August 2026 22:50:00 IST | scanned 29/29 symbols in 2.2s (0.08s/symbol)
20th August 2026 22:55:18 IST | INFO | 5m cycle @ 20th August 2026 22:55:00 IST | scanned 29/29 symbols in 2.2s (0.08s/symbol)
20th August 2026 23:00:20 IST | INFO | 5m cycle @ 20th August 2026 23:00:00 IST | scanned 29/29 symbols in 2.2s (0.07s/symbol)
20th August 2026 23:05:22 IST | INFO | 5m cycle @ 20th August 2026 23:05:00 IST | scanned 29/29 symbols in 2.2s (0.07s/symbol)
20th August 2026 23:10:25 IST | INFO | 5m cycle @ 20th August 2026 23:10:00 IST | scanned 29/29 symbols in 2.2s (0.08s/symbol)
20th August 2026 23:15:12 IST | INFO | 5m cycle @ 20th August 2026 23:15:00 IST | scanned 29/29 symbols in 2.2s (0.08s/symbol)
20th August 2026 23:20:14 IST | INFO | 5m cycle @ 20th August 2026 23:20:00 IST | scanned 29/29 symbols in 2.2s (0.08s/symbol)
20th August 2026 23:25:16 IST | INFO | 5m cycle @ 20th August 2026 23:25:00 IST | scanned 29/29 symbols in 2.2s (0.08s/symbol)
20th August 2026 23:30:19 IST | INFO | 5m cycle @ 20th August 2026 23:30:00 IST | scanned 29/29 symbols in 2.2s (0.07s/symbol)
20th August 2026 23:35:21 IST | INFO | 5m cycle @ 20th August 2026 23:35:00 IST | scanned 29/29 symbols in 2.1s (0.07s/symbol)
20th August 2026 23:40:23 IST | INFO | 5m cycle @ 20th August 2026 23:40:00 IST | scanned 29/29 symbols in 2.2s (0.08s/symbol)
20th August 2026 23:45:10 IST | INFO | 5m cycle @ 20th August 2026 23:45:00 IST | scanned 29/29 symbols in 2.2s (0.08s/symbol)
20th August 2026 23:50:12 IST | INFO | 5m cycle @ 20th August 2026 23:50:00 IST | scanned 29/29 symbols in 2.2s (0.08s/symbol)
20th August 2026 23:55:15 IST | INFO | 5m cycle @ 20th August 2026 23:55:00 IST | scanned 29/29 symbols in 2.1s (0.07s/symbol)
21st August 2026 0:00:17 IST | INFO | 5m cycle @ 21st August 2026 0:00:00 IST | scanned 29/29 symbols in 2.2s (0.08s/symbol)
21st August 2026 0:05:19 IST | INFO | 5m cycle @ 21st August 2026 0:05:00 IST | scanned 29/29 symbols in 2.2s (0.08s/symbol)
21st August 2026 0:10:21 IST | INFO | 5m cycle @ 21st August 2026 0:10:00 IST | scanned 29/29 symbols in 2.2s (0.08s/symbol)
21st August 2026 0:15:23 IST | INFO | 5m cycle @ 21st August 2026 0:15:00 IST | scanned 29/29 symbols in 2.3s (0.08s/symbol)
21st August 2026 0:20:11 IST | INFO | 5m cycle @ 21st August 2026 0:20:00 IST | scanned 29/29 symbols in 2.2s (0.07s/symbol)
21st August 2026 0:25:13 IST | INFO | 5m cycle @ 21st August 2026 0:25:00 IST | scanned 29/29 symbols in 2.2s (0.08s/symbol)
21st August 2026 0:30:15 IST | INFO | 5m cycle @ 21st August 2026 0:30:00 IST | scanned 29/29 symbols in 2.2s (0.08s/symbol)
21st August 2026 0:35:17 IST | INFO | 5m cycle @ 21st August 2026 0:35:00 IST | scanned 29/29 symbols in 2.2s (0.07s/symbol)
21st August 2026 0:40:20 IST | INFO | 5m cycle @ 21st August 2026 0:40:00 IST | scanned 29/29 symbols in 2.2s (0.08s/symbol)
21st August 2026 0:45:22 IST | INFO | 5m cycle @ 21st August 2026 0:45:00 IST | scanned 29/29 symbols in 2.0s (0.07s/symbol)
21st August 2026 0:50:24 IST | INFO | 5m cycle @ 21st August 2026 0:50:00 IST | scanned 29/29 symbols in 2.2s (0.07s/symbol)
21st August 2026 0:55:11 IST | INFO | 5m cycle @ 21st August 2026 0:55:00 IST | scanned 29/29 symbols in 2.2s (0.08s/symbol)
21st August 2026 1:00:13 IST | INFO | 5m cycle @ 21st August 2026 1:00:00 IST | scanned 29/29 symbols in 2.2s (0.08s/symbol)
21st August 2026 1:05:15 IST | INFO | 5m cycle @ 21st August 2026 1:05:00 IST | scanned 29/29 symbols in 2.2s (0.08s/symbol)
21st August 2026 1:10:18 IST | INFO | 5m cycle @ 21st August 2026 1:10:00 IST | scanned 29/29 symbols in 2.2s (0.08s/symbol)
21st August 2026 1:15:20 IST | INFO | 5m cycle @ 21st August 2026 1:15:00 IST | scanned 29/29 symbols in 2.1s (0.07s/symbol)
21st August 2026 1:20:22 IST | INFO | 5m cycle @ 21st August 2026 1:20:00 IST | scanned 29/29 symbols in 2.2s (0.08s/symbol)
21st August 2026 1:25:24 IST | INFO | 5m cycle @ 21st August 2026 1:25:00 IST | scanned 29/29 symbols in 2.1s (0.07s/symbol)
21st August 2026 1:30:11 IST | INFO | 5m cycle @ 21st August 2026 1:30:00 IST | scanned 29/29 symbols in 2.2s (0.07s/symbol)
21st August 2026 1:30:56 IST | INFO | s146 #2196157693 partial 0.06/0.13 lots at 1.31R ok=True
21st August 2026 1:30:57 IST | INFO | s146 #2196157693 ladder sl -> 1.08738 (+0.00R at peak 1.31R) ok=True
21st August 2026 1:35:16 IST | INFO | 5m cycle @ 21st August 2026 1:35:00 IST | scanned 29/29 symbols in 4.1s (0.14s/symbol)
21st August 2026 1:40:18 IST | INFO | 5m cycle @ 21st August 2026 1:40:00 IST | scanned 29/29 symbols in 1.9s (0.07s/symbol)
21st August 2026 1:45:20 IST | INFO | 5m cycle @ 21st August 2026 1:45:00 IST | scanned 29/29 symbols in 2.2s (0.08s/symbol)
21st August 2026 1:50:22 IST | INFO | 5m cycle @ 21st August 2026 1:50:00 IST | scanned 29/29 symbols in 1.9s (0.07s/symbol)
21st August 2026 1:55:24 IST | INFO | 5m cycle @ 21st August 2026 1:55:00 IST | scanned 29/29 symbols in 2.1s (0.07s/symbol)
21st August 2026 2:00:11 IST | INFO | 5m cycle @ 21st August 2026 2:00:00 IST | scanned 29/29 symbols in 1.9s (0.07s/symbol)
21st August 2026 2:05:14 IST | INFO | 5m cycle @ 21st August 2026 2:05:00 IST | scanned 29/29 symbols in 2.9s (0.10s/symbol)
21st August 2026 2:10:16 IST | INFO | 5m cycle @ 21st August 2026 2:10:00 IST | scanned 29/29 symbols in 1.9s (0.06s/symbol)
21st August 2026 2:15:18 IST | INFO | 5m cycle @ 21st August 2026 2:15:00 IST | scanned 29/29 symbols in 2.3s (0.08s/symbol)
21st August 2026 2:20:20 IST | INFO | 5m cycle @ 21st August 2026 2:20:00 IST | scanned 29/29 symbols in 1.8s (0.06s/symbol)
21st August 2026 2:25:22 IST | INFO | 5m cycle @ 21st August 2026 2:25:00 IST | scanned 29/29 symbols in 2.1s (0.07s/symbol)
21st August 2026 2:30:23 IST | INFO | S146 SIGNAL GBPAUD SHORT aggressive_liquidation | trigger=1.91576 stop=1.91668 target=1.91462 (1.25R) | stop_basis=liquidity_pool_plus_buffer liq_pool=True | 15m_extreme=True campaign_zones=1 | 4H dest=1.90999 (6.33R)
21st August 2026 2:30:23 IST | WARNING | S146 GBPAUD: skipped on spread cost — spread 0.000500 is 54.8% of risk (limit 30%)
21st August 2026 2:30:25 IST | INFO | 5m cycle @ 21st August 2026 2:30:00 IST | scanned 29/29 symbols in 2.3s (0.08s/symbol)
21st August 2026 2:35:11 IST | INFO | S146 SIGNAL GBPAUD SHORT aggressive_liquidation | trigger=1.91576 stop=1.91668 target=1.91462 (1.25R) | stop_basis=liquidity_pool_plus_buffer liq_pool=True | 15m_extreme=True campaign_zones=1 | 4H dest=1.90999 (6.33R)
21st August 2026 2:35:11 IST | WARNING | S146 GBPAUD: skipped on spread cost — spread 0.000500 is 54.8% of risk (limit 30%)
21st August 2026 2:35:12 IST | INFO | 5m cycle @ 21st August 2026 2:35:00 IST | scanned 29/29 symbols in 2.2s (0.07s/symbol)
21st August 2026 2:40:12 IST | INFO | S146 USDJPY: skipped non-extreme 15m zone 15m-1787247900-1-9bf5ec @ 159.05800; running extreme 15m-1787176800-1-c1ef8d @ 158.12400 across 5 actionable campaign zone(s)
21st August 2026 2:40:12 IST | INFO | S146 USDJPY: skipped non-extreme 15m zone 15m-1787240700-1-3a169f @ 158.96300; running extreme 15m-1787176800-1-c1ef8d @ 158.12400 across 5 actionable campaign zone(s)
21st August 2026 2:40:14 IST | INFO | 5m cycle @ 21st August 2026 2:40:00 IST | scanned 29/29 symbols in 2.1s (0.07s/symbol)
21st August 2026 2:45:15 IST | INFO | S146 EURNZD: skipped non-extreme 15m zone 15m-1787243400-1-8b7c36 @ 1.96441; running extreme 15m-1787238900-1-cc7b50 @ 1.96293 across 2 actionable campaign zone(s)
21st August 2026 2:45:16 IST | INFO | 5m cycle @ 21st August 2026 2:45:00 IST | scanned 29/29 symbols in 2.6s (0.09s/symbol)
21st August 2026 2:50:17 IST | INFO | S146 EURCHF: skipped non-extreme 15m zone 15m-1787247900-1-9527b6 @ 0.93459; running extreme 15m-1787235300-1-3cdefe @ 0.93325 across 2 actionable campaign zone(s)
21st August 2026 2:50:18 IST | INFO | 5m cycle @ 21st August 2026 2:50:00 IST | scanned 29/29 symbols in 1.8s (0.06s/symbol)
21st August 2026 2:55:20 IST | INFO | 5m cycle @ 21st August 2026 2:55:00 IST | scanned 29/29 symbols in 1.4s (0.05s/symbol)
21st August 2026 3:00:22 IST | INFO | 5m cycle @ 21st August 2026 3:00:00 IST | scanned 29/29 symbols in 2.2s (0.08s/symbol)
21st August 2026 3:05:24 IST | INFO | 5m cycle @ 21st August 2026 3:05:00 IST | scanned 29/29 symbols in 2.2s (0.08s/symbol)
21st August 2026 3:10:11 IST | INFO | S146 AUDJPY: skipped non-extreme 15m zone 15m-1787248800-1-d6736c @ 113.11900; running extreme 15m-1787226300-1-136183 @ 112.86000 across 2 actionable campaign zone(s)
21st August 2026 3:10:11 IST | INFO | 5m cycle @ 21st August 2026 3:10:00 IST | scanned 29/29 symbols in 2.3s (0.08s/symbol)
21st August 2026 3:15:14 IST | INFO | 5m cycle @ 21st August 2026 3:15:00 IST | scanned 29/29 symbols in 2.6s (0.09s/symbol)
21st August 2026 3:20:16 IST | INFO | 5m cycle @ 21st August 2026 3:20:00 IST | scanned 29/29 symbols in 2.2s (0.08s/symbol)
21st August 2026 3:25:18 IST | INFO | 5m cycle @ 21st August 2026 3:25:00 IST | scanned 29/29 symbols in 2.2s (0.07s/symbol)
21st August 2026 3:30:21 IST | INFO | 5m cycle @ 21st August 2026 3:30:00 IST | scanned 29/29 symbols in 2.5s (0.09s/symbol)
21st August 2026 3:35:23 IST | INFO | 5m cycle @ 21st August 2026 3:35:00 IST | scanned 29/29 symbols in 2.4s (0.08s/symbol)
21st August 2026 3:40:11 IST | INFO | 5m cycle @ 21st August 2026 3:40:00 IST | scanned 29/29 symbols in 2.2s (0.08s/symbol)
21st August 2026 5:30:54 IST | INFO | S146 SIGNAL NZDJPY SHORT aggressive_liquidation | trigger=94.50427 stop=94.56173 target=94.43246 (1.25R) | stop_basis=15m_zone_distal_plus_buffer liq_pool=False | 15m_extreme=True campaign_zones=1 | 4H dest=94.35100 (2.67R)
21st August 2026 5:31:00 IST | INFO | Email sent: S146 SHORT NZDJPY @ 94.50427 (1.25R target)
21st August 2026 5:31:00 IST | ERROR | NZDJPY: order rejected retcode=10016 Invalid stops
21st August 2026 5:31:00 IST | INFO | 5m cycle @ 21st August 2026 5:30:00 IST | scanned 29/29 symbols in 7.6s (0.26s/symbol)
21st August 2026 5:35:16 IST | INFO | S146 SIGNAL EURNZD LONG aggressive_liquidation | trigger=1.96337 stop=1.96232 target=1.96468 (1.25R) | stop_basis=15m_zone_distal_plus_buffer liq_pool=False | 15m_extreme=True campaign_zones=1 | 4H dest=1.96735 (3.81R)
21st August 2026 5:35:21 IST | INFO | Email sent: S146 LONG EURNZD @ 1.96337 (1.25R target)
21st August 2026 5:35:22 IST | INFO | EURNZD: market order placed #2201442741 0.16 lots @ 1.96346 | sl/tp attached=True
21st August 2026 5:35:23 IST | INFO | 5m cycle @ 21st August 2026 5:35:00 IST | scanned 29/29 symbols in 7.7s (0.27s/symbol)
21st August 2026 5:40:08 IST | INFO | 5m cycle @ 21st August 2026 5:40:00 IST | scanned 29/29 symbols in 0.6s (0.02s/symbol)
21st August 2026 5:45:09 IST | INFO | 5m cycle @ 21st August 2026 5:45:00 IST | scanned 29/29 symbols in 0.8s (0.03s/symbol)
21st August 2026 5:50:10 IST | INFO | S146 SIGNAL CADJPY SHORT aggressive_liquidation | trigger=115.34423 stop=115.40327 target=115.27044 (1.25R) | stop_basis=liquidity_pool_plus_buffer liq_pool=True | 15m_extreme=True campaign_zones=1 | 4H dest=114.64100 (11.91R)
21st August 2026 5:50:14 IST | INFO | Email sent: S146 SHORT CADJPY @ 115.34423 (1.25R target)
21st August 2026 5:50:15 IST | INFO | CADJPY: market order placed #2201517364 0.26 lots @ 115.36600 | sl/tp attached=True
21st August 2026 5:50:15 IST | INFO | 5m cycle @ 21st August 2026 5:50:00 IST | scanned 29/29 symbols in 5.5s (0.19s/symbol)
21st August 2026 5:55:15 IST | INFO | 5m cycle @ 21st August 2026 5:55:00 IST | scanned 29/29 symbols in 0.6s (0.02s/symbol)
21st August 2026 6:00:16 IST | INFO | 5m cycle @ 21st August 2026 6:00:00 IST | scanned 29/29 symbols in 0.7s (0.02s/symbol)
21st August 2026 6:05:17 IST | INFO | 5m cycle @ 21st August 2026 6:05:00 IST | scanned 29/29 symbols in 0.6s (0.02s/symbol)
21st August 2026 6:10:17 IST | INFO | 5m cycle @ 21st August 2026 6:10:00 IST | scanned 29/29 symbols in 0.6s (0.02s/symbol)
21st August 2026 6:15:18 IST | INFO | 5m cycle @ 21st August 2026 6:15:00 IST | scanned 29/29 symbols in 0.8s (0.03s/symbol)
21st August 2026 6:20:19 IST | INFO | 5m cycle @ 21st August 2026 6:20:00 IST | scanned 29/29 symbols in 0.6s (0.02s/symbol)
21st August 2026 6:25:19 IST | INFO | 5m cycle @ 21st August 2026 6:25:00 IST | scanned 29/29 symbols in 0.6s (0.02s/symbol)
21st August 2026 6:30:20 IST | INFO | 5m cycle @ 21st August 2026 6:30:00 IST | scanned 29/29 symbols in 0.8s (0.03s/symbol)
21st August 2026 6:35:21 IST | INFO | 5m cycle @ 21st August 2026 6:35:00 IST | scanned 29/29 symbols in 0.7s (0.02s/symbol)
21st August 2026 6:40:22 IST | INFO | 5m cycle @ 21st August 2026 6:40:00 IST | scanned 29/29 symbols in 0.6s (0.02s/symbol)
21st August 2026 14:27:13 IST | INFO | MT5 connected | Exness-MT5Trial15 | DEMO | balance=22796.94 INR | leverage 1:2000
21st August 2026 14:27:13 IST | INFO | liveTrade s146 started | Strategy 146 live engine started | ---------------------------------------- | Account   : 474381718 DEMO INR bal=22796.94 | Symbols   : EURUSD, GBPUSD, USDJPY, USDCHF, AUDUSD, NZDUSD, USDCAD, EURGBP, EURJPY, EURCHF, EURAUD, EURCAD, EURNZD, GBPJPY, GBPCHF, GBPAUD, GBPCAD, GBPNZD, AUDJPY, AUDNZD, AUDCAD, AUDCHF, NZDJPY, NZDCAD, NZDCHF, CADJPY, CADCHF, CHFJPY, XAUUSD | DRY_RUN   : False | Demo only : True (orders blocked: False) | Sizing    : margin Rs1000 @ 1:2000 | free-margin budget 80% | max_concurrent=8 | Exposure  : same destination <= 1 | currency leg <= 3 | Cost gate : skip when spread > 30% of risk | short stop spread pad 0.0x | Entry mode: market (SL/TP attached: True) | Risk guard : DISABLED for s146 (loss_at_sl is informational only) | Stop      : liquidity pool outside 15m zone when available, else distal edge + 0.5 bps buffer | Exit ladder: True | partial 50% at 1.25R | trail step/giveback 0.5R/0.5R | broker TP = 4H destination | Target    : 1.25R partial milestone (4H destination is the broker-side ceiling) | R:R band  : 1.5 - 20.0 (measured to the 4H destination) | Hold limit: 864 5m bars | 15m select: running extreme since 4H confirmation=True (highest supply for short / lowest demand for long) | Legacy new-15m fallback: True (engine start 21st August 2026 14:27:13 IST) | Journals  : {'4h': 'D:\\WorkZera\\Projects\\strategies\\yt_learning\\liveTrade\\logs\\s146_4h_events.log', '15m': 'D:\\WorkZera\\Projects\\strategies\\yt_learning\\liveTrade\\logs\\s146_15m_events.log', '5m': 'D:\\WorkZera\\Projects\\strategies\\yt_learning\\liveTrade\\logs\\s146_5m_events.log', 'trade': 'D:\\WorkZera\\Projects\\strategies\\yt_learning\\liveTrade\\logs\\s146_trades.log'} | 
21st August 2026 14:27:17 IST | INFO | Email sent: Strategy146 liveTrade STARTED
21st August 2026 14:27:17 IST | INFO | s146 #2196157693 ladder sl -> 1.09021 (+1.00R at peak 1.75R) ok=True
21st August 2026 14:27:17 IST | INFO | s146 #2197053969 partial 0.07/0.15 lots at 3.33R ok=True
21st August 2026 14:27:17 IST | INFO | s146 #2197053969 ladder sl -> 198.41100 (+2.50R at peak 3.33R) ok=True
21st August 2026 14:27:20 IST | INFO | 5m cycle @ 21st August 2026 14:25:00 IST | scanned 29/29 symbols in 3.0s (0.10s/symbol)
21st August 2026 14:30:25 IST | INFO | 5m cycle @ 21st August 2026 14:30:00 IST | scanned 29/29 symbols in 4.3s (0.15s/symbol)
21st August 2026 14:35:11 IST | INFO | 5m cycle @ 21st August 2026 14:35:00 IST | scanned 29/29 symbols in 1.4s (0.05s/symbol)
21st August 2026 14:40:13 IST | INFO | 5m cycle @ 21st August 2026 14:40:00 IST | scanned 29/29 symbols in 1.5s (0.05s/symbol)
21st August 2026 14:45:15 IST | INFO | 5m cycle @ 21st August 2026 14:45:00 IST | scanned 29/29 symbols in 1.8s (0.06s/symbol)
21st August 2026 14:50:16 IST | INFO | 5m cycle @ 21st August 2026 14:50:00 IST | scanned 29/29 symbols in 1.4s (0.05s/symbol)
21st August 2026 14:55:18 IST | INFO | 5m cycle @ 21st August 2026 14:55:00 IST | scanned 29/29 symbols in 1.7s (0.06s/symbol)
21st August 2026 15:00:18 IST | INFO | S146 EURCHF: skipped non-extreme 15m zone 15m-1787291100-1-67528b @ 0.93498; running extreme 15m-1787235300-1-3cdefe @ 0.93325 across 3 actionable campaign zone(s)
21st August 2026 15:00:19 IST | INFO | S146 CADCHF: skipped non-extreme 15m zone 15m-1787291100-1-38b490 @ 0.58093; running extreme 15m-1787176800-1-b96a47 @ 0.57735 across 3 actionable campaign zone(s)
21st August 2026 15:00:20 IST | INFO | 5m cycle @ 21st August 2026 15:00:00 IST | scanned 29/29 symbols in 1.7s (0.06s/symbol)
21st August 2026 15:05:21 IST | INFO | 5m cycle @ 21st August 2026 15:05:00 IST | scanned 29/29 symbols in 1.8s (0.06s/symbol)
21st August 2026 15:10:23 IST | INFO | 5m cycle @ 21st August 2026 15:10:00 IST | scanned 29/29 symbols in 1.5s (0.05s/symbol)
21st August 2026 15:15:10 IST | INFO | 5m cycle @ 21st August 2026 15:15:00 IST | scanned 29/29 symbols in 1.7s (0.06s/symbol)
21st August 2026 15:20:11 IST | INFO | 5m cycle @ 21st August 2026 15:20:00 IST | scanned 29/29 symbols in 1.5s (0.05s/symbol)
21st August 2026 15:28:58 IST | INFO | S146 NZDCHF: skipped non-extreme 15m zone 15m-1787299200-1-52ec4b @ 0.47752; running extreme 15m-1787175000-1-ff70b1 @ 0.47295 across 7 actionable campaign zone(s)
21st August 2026 15:28:58 IST | INFO | 5m cycle @ 21st August 2026 15:25:00 IST | scanned 29/29 symbols in 154.6s (5.33s/symbol)
21st August 2026 15:30:13 IST | INFO | s146 #2197264325 partial 0.08/0.16 lots at 1.32R ok=True
21st August 2026 15:30:13 IST | INFO | s146 #2197264325 ladder sl -> 1.61010 (+0.00R at peak 1.32R) ok=True
21st August 2026 15:30:15 IST | INFO | 5m cycle @ 21st August 2026 15:30:00 IST | scanned 29/29 symbols in 1.8s (0.06s/symbol)
21st August 2026 15:35:21 IST | INFO | 5m cycle @ 21st August 2026 15:35:00 IST | scanned 29/29 symbols in 1.5s (0.05s/symbol)
21st August 2026 15:42:03 IST | INFO | 5m cycle @ 21st August 2026 15:40:00 IST | scanned 29/29 symbols in 13.2s (0.46s/symbol)
21st August 2026 15:43:32 IST | INFO | s146 #2197264325 ladder sl -> 1.60895 (+1.00R at peak 1.56R) ok=True
21st August 2026 15:46:24 IST | INFO | 5m cycle @ 21st August 2026 15:45:00 IST | scanned 29/29 symbols in 14.5s (0.50s/symbol)
21st August 2026 15:52:02 IST | INFO | 5m cycle @ 21st August 2026 15:50:00 IST | scanned 29/29 symbols in 12.0s (0.42s/symbol)
21st August 2026 15:57:04 IST | INFO | 5m cycle @ 21st August 2026 15:55:00 IST | scanned 29/29 symbols in 8.6s (0.29s/symbol)
21st August 2026 16:01:01 IST | INFO | 5m cycle @ 21st August 2026 16:00:00 IST | scanned 29/29 symbols in 8.4s (0.29s/symbol)
21st August 2026 16:06:07 IST | INFO | 5m cycle @ 21st August 2026 16:05:00 IST | scanned 29/29 symbols in 8.7s (0.30s/symbol)
21st August 2026 16:10:23 IST | INFO | 5m cycle @ 21st August 2026 16:10:00 IST | scanned 29/29 symbols in 1.5s (0.05s/symbol)
21st August 2026 16:15:10 IST | INFO | 5m cycle @ 21st August 2026 16:15:00 IST | scanned 29/29 symbols in 1.6s (0.06s/symbol)
21st August 2026 16:20:11 IST | INFO | 5m cycle @ 21st August 2026 16:20:00 IST | scanned 29/29 symbols in 1.4s (0.05s/symbol)
21st August 2026 16:25:13 IST | INFO | 5m cycle @ 21st August 2026 16:25:00 IST | scanned 29/29 symbols in 1.5s (0.05s/symbol)
21st August 2026 16:30:14 IST | INFO | S146 EURJPY: skipped non-extreme 15m zone 15m-1787299200--1-ce37c9 @ 185.66800; running extreme 15m-1787288400--1-244be3 @ 185.92100 across 3 actionable campaign zone(s)
21st August 2026 16:30:15 IST | INFO | S146 SIGNAL CADJPY SHORT aggressive_liquidation | trigger=115.47723 stop=115.53078 target=115.41029 (1.25R) | stop_basis=liquidity_pool_plus_buffer liq_pool=True | 15m_extreme=True campaign_zones=1 | 4H dest=114.64100 (15.62R)
21st August 2026 16:30:19 IST | INFO | Email sent: S146 SHORT CADJPY @ 115.47723 (1.25R target)
21st August 2026 16:30:19 IST | INFO | CADJPY: market order placed #2205433470 0.26 lots @ 115.48800 | sl/tp attached=True
21st August 2026 16:30:19 IST | INFO | 5m cycle @ 21st August 2026 16:30:00 IST | scanned 29/29 symbols in 6.3s (0.22s/symbol)
21st August 2026 16:35:21 IST | INFO | 5m cycle @ 21st August 2026 16:35:00 IST | scanned 29/29 symbols in 1.4s (0.05s/symbol)
21st August 2026 16:40:22 IST | INFO | 5m cycle @ 21st August 2026 16:40:00 IST | scanned 29/29 symbols in 1.5s (0.05s/symbol)
21st August 2026 16:45:24 IST | INFO | 5m cycle @ 21st August 2026 16:45:00 IST | scanned 29/29 symbols in 1.7s (0.06s/symbol)
21st August 2026 16:50:11 IST | INFO | 5m cycle @ 21st August 2026 16:50:00 IST | scanned 29/29 symbols in 1.5s (0.05s/symbol)
21st August 2026 16:55:12 IST | INFO | 5m cycle @ 21st August 2026 16:55:00 IST | scanned 29/29 symbols in 1.7s (0.06s/symbol)
21st August 2026 17:00:14 IST | INFO | 5m cycle @ 21st August 2026 17:00:00 IST | scanned 29/29 symbols in 1.9s (0.06s/symbol)
21st August 2026 17:02:29 IST | INFO | s146 #2197264325 ladder sl -> 1.60837 (+1.50R at peak 2.01R) ok=True
21st August 2026 17:05:16 IST | INFO | 5m cycle @ 21st August 2026 17:05:00 IST | scanned 29/29 symbols in 1.7s (0.06s/symbol)
21st August 2026 17:10:19 IST | INFO | 5m cycle @ 21st August 2026 17:10:00 IST | scanned 29/29 symbols in 2.4s (0.08s/symbol)
21st August 2026 17:12:34 IST | INFO | s146 #2197264325 ladder sl -> 1.60780 (+2.00R at peak 2.52R) ok=True
21st August 2026 17:15:22 IST | INFO | 5m cycle @ 21st August 2026 17:15:00 IST | scanned 29/29 symbols in 3.2s (0.11s/symbol)
21st August 2026 17:20:25 IST | INFO | 5m cycle @ 21st August 2026 17:20:00 IST | scanned 29/29 symbols in 2.5s (0.09s/symbol)
21st August 2026 17:25:10 IST | INFO | S146 SIGNAL GBPUSD SHORT aggressive_liquidation | trigger=1.36496 stop=1.36666 target=1.36284 (1.25R) | stop_basis=liquidity_pool_plus_buffer liq_pool=True | 15m_extreme=True campaign_zones=1 | 4H dest=1.36073 (2.49R)
21st August 2026 17:25:13 IST | INFO | Email sent: S146 SHORT GBPUSD @ 1.36496 (1.25R target)
21st August 2026 17:25:13 IST | INFO | GBPUSD: market order placed #2205919044 0.14 lots @ 1.36514 | sl/tp attached=True
21st August 2026 17:25:15 IST | INFO | 5m cycle @ 21st August 2026 17:25:00 IST | scanned 29/29 symbols in 5.0s (0.17s/symbol)
21st August 2026 17:30:17 IST | INFO | 5m cycle @ 21st August 2026 17:30:00 IST | scanned 29/29 symbols in 1.9s (0.07s/symbol)
21st August 2026 17:35:17 IST | INFO | S146 SIGNAL USDCHF LONG aggressive_liquidation | trigger=0.79947 stop=0.79821 target=0.80104 (1.25R) | stop_basis=15m_zone_distal_plus_buffer liq_pool=False | 15m_extreme=True campaign_zones=1 | 4H dest=0.81207 (10.0R)
21st August 2026 17:35:20 IST | INFO | Email sent: S146 LONG USDCHF @ 0.79947 (1.25R target)
21st August 2026 17:35:21 IST | INFO | USDCHF: market order placed #2206001107 0.19 lots @ 0.79943 | sl/tp attached=True
21st August 2026 17:35:22 IST | INFO | S146 GBPAUD: skipped non-extreme 15m zone 15m-1787310000--1-d1368f @ 1.90625; running extreme 15m-1787269500--1-a4e04d @ 1.91631 across 6 actionable campaign zone(s)
21st August 2026 17:35:23 IST | INFO | 5m cycle @ 21st August 2026 17:35:00 IST | scanned 29/29 symbols in 5.9s (0.20s/symbol)
21st August 2026 17:40:12 IST | INFO | 5m cycle @ 21st August 2026 17:40:00 IST | scanned 29/29 symbols in 4.5s (0.16s/symbol)
21st August 2026 17:45:14 IST | INFO | 5m cycle @ 21st August 2026 17:45:00 IST | scanned 29/29 symbols in 1.9s (0.07s/symbol)
21st August 2026 17:50:15 IST | INFO | s146 #2197264325 ladder sl -> 1.60722 (+2.50R at peak 3.02R) ok=True
21st August 2026 17:50:16 IST | INFO | 5m cycle @ 21st August 2026 17:50:00 IST | scanned 29/29 symbols in 1.5s (0.05s/symbol)
21st August 2026 17:55:18 IST | INFO | 5m cycle @ 21st August 2026 17:55:00 IST | scanned 29/29 symbols in 1.5s (0.05s/symbol)
21st August 2026 18:00:18 IST | INFO | S146 SIGNAL EURUSD SHORT aggressive_liquidation | trigger=1.16936 stop=1.17034 target=1.16814 (1.25R) | stop_basis=liquidity_pool_plus_buffer liq_pool=True | 15m_extreme=True campaign_zones=1 | 4H dest=1.15787 (11.76R)
21st August 2026 18:00:23 IST | INFO | Email sent: S146 SHORT EURUSD @ 1.16936 (1.25R target)
21st August 2026 18:00:23 IST | INFO | EURUSD: market order placed #2206208086 0.16 lots @ 1.16925 | sl/tp attached=True
21st August 2026 18:00:25 IST | INFO | 5m cycle @ 21st August 2026 18:00:00 IST | scanned 29/29 symbols in 7.1s (0.24s/symbol)
21st August 2026 18:05:10 IST | INFO | S146 USDJPY: skipped non-extreme 15m zone 15m-1787307300-1-fcd10b @ 158.63100; running extreme 15m-1787176800-1-c1ef8d @ 158.12400 across 3 actionable campaign zone(s)
21st August 2026 18:05:11 IST | INFO | 5m cycle @ 21st August 2026 18:05:00 IST | scanned 29/29 symbols in 1.4s (0.05s/symbol)
21st August 2026 18:10:13 IST | INFO | 5m cycle @ 21st August 2026 18:10:00 IST | scanned 29/29 symbols in 1.4s (0.05s/symbol)
21st August 2026 18:15:15 IST | INFO | 5m cycle @ 21st August 2026 18:15:00 IST | scanned 29/29 symbols in 1.5s (0.05s/symbol)
21st August 2026 18:20:16 IST | INFO | 5m cycle @ 21st August 2026 18:20:00 IST | scanned 29/29 symbols in 1.3s (0.04s/symbol)
21st August 2026 18:25:17 IST | INFO | 5m cycle @ 21st August 2026 18:25:00 IST | scanned 29/29 symbols in 1.3s (0.04s/symbol)
21st August 2026 18:30:19 IST | INFO | 5m cycle @ 21st August 2026 18:30:00 IST | scanned 29/29 symbols in 1.6s (0.06s/symbol)
21st August 2026 18:35:20 IST | INFO | 5m cycle @ 21st August 2026 18:35:00 IST | scanned 29/29 symbols in 1.2s (0.04s/symbol)
21st August 2026 18:40:22 IST | INFO | 5m cycle @ 21st August 2026 18:40:00 IST | scanned 29/29 symbols in 1.3s (0.05s/symbol)
21st August 2026 18:45:23 IST | INFO | 5m cycle @ 21st August 2026 18:45:00 IST | scanned 29/29 symbols in 1.5s (0.05s/symbol)
21st August 2026 18:50:09 IST | INFO | 5m cycle @ 21st August 2026 18:50:00 IST | scanned 29/29 symbols in 1.3s (0.04s/symbol)
21st August 2026 18:54:25 IST | INFO | s146 #2197264325 ladder sl -> 1.60665 (+3.00R at peak 3.55R) ok=True
21st August 2026 18:55:11 IST | INFO | 5m cycle @ 21st August 2026 18:55:00 IST | scanned 29/29 symbols in 1.3s (0.05s/symbol)
21st August 2026 19:00:13 IST | INFO | 5m cycle @ 21st August 2026 19:00:00 IST | scanned 29/29 symbols in 1.5s (0.05s/symbol)
21st August 2026 19:05:14 IST | INFO | 5m cycle @ 21st August 2026 19:05:00 IST | scanned 29/29 symbols in 1.3s (0.04s/symbol)
21st August 2026 19:10:16 IST | INFO | 5m cycle @ 21st August 2026 19:10:00 IST | scanned 29/29 symbols in 1.3s (0.04s/symbol)
21st August 2026 19:15:17 IST | INFO | 5m cycle @ 21st August 2026 19:15:00 IST | scanned 29/29 symbols in 1.5s (0.05s/symbol)
21st August 2026 19:20:18 IST | INFO | 5m cycle @ 21st August 2026 19:20:00 IST | scanned 29/29 symbols in 1.3s (0.04s/symbol)
21st August 2026 19:25:19 IST | INFO | S146 GBPJPY: skipped non-extreme 15m zone 15m-1787312700--1-d88f27 @ 216.60500; running extreme 15m-1787288400--1-1e1f11 @ 216.92600 across 3 actionable campaign zone(s)
21st August 2026 19:25:20 IST | INFO | 5m cycle @ 21st August 2026 19:25:00 IST | scanned 29/29 symbols in 1.3s (0.04s/symbol)
21st August 2026 19:30:21 IST | INFO | 5m cycle @ 21st August 2026 19:30:00 IST | scanned 29/29 symbols in 1.5s (0.05s/symbol)
21st August 2026 19:35:21 IST | INFO | S146 USDJPY: skipped non-extreme 15m zone 15m-1787316300-1-f39085 @ 158.76500; running extreme 15m-1787176800-1-c1ef8d @ 158.12400 across 3 actionable campaign zone(s)
21st August 2026 19:35:22 IST | INFO | S146 EURCHF: skipped non-extreme 15m zone 15m-1787280300-1-02d1fa @ 0.93454; running extreme 15m-1787235300-1-3cdefe @ 0.93325 across 2 actionable campaign zone(s)
21st August 2026 19:35:23 IST | INFO | 5m cycle @ 21st August 2026 19:35:00 IST | scanned 29/29 symbols in 1.3s (0.04s/symbol)
21st August 2026 19:37:23 IST | INFO | s146 #2206208086 partial 0.08/0.16 lots at 1.32R ok=True
21st August 2026 19:37:23 IST | INFO | s146 #2206208086 ladder sl -> 1.16925 (+0.00R at peak 1.32R) ok=True
21st August 2026 19:40:10 IST | INFO | 5m cycle @ 21st August 2026 19:40:00 IST | scanned 29/29 symbols in 1.6s (0.06s/symbol)
21st August 2026 19:45:11 IST | INFO | 5m cycle @ 21st August 2026 19:45:00 IST | scanned 29/29 symbols in 1.7s (0.06s/symbol)
21st August 2026 19:50:13 IST | INFO | 5m cycle @ 21st August 2026 19:50:00 IST | scanned 29/29 symbols in 1.4s (0.05s/symbol)
21st August 2026 19:52:28 IST | INFO | s146 #2206208086 ladder sl -> 1.16816 (+1.00R at peak 1.52R) ok=True
21st August 2026 19:55:14 IST | INFO | S146 SIGNAL CADJPY SHORT aggressive_liquidation | trigger=115.45823 stop=115.58678 target=115.29754 (1.25R) | stop_basis=liquidity_pool_plus_buffer liq_pool=True | 15m_extreme=True campaign_zones=1 | 4H dest=114.64100 (6.36R)
21st August 2026 19:55:27 IST | INFO | Email sent: S146 SHORT CADJPY @ 115.45823 (1.25R target)
21st August 2026 19:55:27 IST | INFO | CADJPY: market order placed #2207381938 0.26 lots @ 115.45900 | sl/tp attached=True
21st August 2026 19:55:27 IST | INFO | 5m cycle @ 21st August 2026 19:55:00 IST | scanned 29/29 symbols in 14.4s (0.50s/symbol)
21st August 2026 20:00:13 IST | INFO | s146 #2205919044 partial 0.07/0.14 lots at 1.26R ok=True
21st August 2026 20:00:13 IST | INFO | s146 #2205919044 ladder sl -> 1.36514 (+0.00R at peak 1.26R) ok=True
21st August 2026 20:00:15 IST | INFO | 5m cycle @ 21st August 2026 20:00:00 IST | scanned 29/29 symbols in 1.5s (0.05s/symbol)
21st August 2026 20:02:30 IST | INFO | s146 #2205919044 ladder sl -> 1.36362 (+1.00R at peak 1.54R) ok=True
21st August 2026 20:03:30 IST | INFO | s146 #2206001107 partial 0.09/0.19 lots at 1.30R ok=True
21st August 2026 20:03:30 IST | INFO | s146 #2206001107 ladder sl -> 0.79943 (+0.00R at peak 1.30R) ok=True
21st August 2026 20:05:17 IST | INFO | 5m cycle @ 21st August 2026 20:05:00 IST | scanned 29/29 symbols in 1.3s (0.05s/symbol)
21st August 2026 20:06:02 IST | INFO | s146 #2206001107 ladder sl -> 0.80065 (+1.00R at peak 1.52R) ok=True
21st August 2026 20:07:47 IST | INFO | s146 #2206208086 ladder sl -> 1.16762 (+1.50R at peak 2.00R) ok=True
21st August 2026 20:08:18 IST | INFO | s146 #2205919044 ladder sl -> 1.36286 (+1.50R at peak 2.05R) ok=True
21st August 2026 20:10:19 IST | INFO | S146 CHFJPY: skipped non-extreme 15m zone 15m-1787319000--1-d2c2d9 @ 198.46300; running extreme 15m-1787286600--1-a3d071 @ 198.79500 across 3 actionable campaign zone(s)
21st August 2026 20:10:19 IST | INFO | 5m cycle @ 21st August 2026 20:10:00 IST | scanned 29/29 symbols in 1.3s (0.05s/symbol)
21st August 2026 20:15:21 IST | INFO | 5m cycle @ 21st August 2026 20:15:00 IST | scanned 29/29 symbols in 1.5s (0.05s/symbol)
21st August 2026 20:20:22 IST | INFO | 5m cycle @ 21st August 2026 20:20:00 IST | scanned 29/29 symbols in 1.5s (0.05s/symbol)
21st August 2026 20:25:24 IST | INFO | S146 NZDCHF: skipped non-extreme 15m zone 15m-1787319000-1-b3f2cf @ 0.47846; running extreme 15m-1787175000-1-ff70b1 @ 0.47295 across 8 actionable campaign zone(s)
21st August 2026 20:25:24 IST | INFO | 5m cycle @ 21st August 2026 20:25:00 IST | scanned 29/29 symbols in 1.5s (0.05s/symbol)
21st August 2026 20:30:10 IST | INFO | 5m cycle @ 21st August 2026 20:30:00 IST | scanned 29/29 symbols in 1.6s (0.06s/symbol)
21st August 2026 20:35:12 IST | INFO | 5m cycle @ 21st August 2026 20:35:00 IST | scanned 29/29 symbols in 1.4s (0.05s/symbol)
21st August 2026 20:40:13 IST | INFO | S146 SIGNAL GBPNZD LONG aggressive_liquidation | trigger=2.28131 stop=2.28019 target=2.28272 (1.25R) | stop_basis=liquidity_pool_plus_buffer liq_pool=True | 15m_extreme=True campaign_zones=1 | 4H dest=2.29281 (10.24R)
21st August 2026 20:40:18 IST | INFO | Email sent: S146 LONG GBPNZD @ 2.28131 (1.25R target)
21st August 2026 20:40:19 IST | INFO | GBPNZD: market order placed #2207912222 0.14 lots @ 2.28098 | sl/tp attached=True
21st August 2026 20:40:19 IST | INFO | 5m cycle @ 21st August 2026 20:40:00 IST | scanned 29/29 symbols in 7.1s (0.25s/symbol)
21st August 2026 20:45:21 IST | INFO | 5m cycle @ 21st August 2026 20:45:00 IST | scanned 29/29 symbols in 1.6s (0.06s/symbol)
21st August 2026 20:50:21 IST | INFO | S146 EURJPY: skipped non-extreme 15m zone 15m-1787318100--1-c41292 @ 185.57300; running extreme 15m-1787288400--1-244be3 @ 185.92100 across 3 actionable campaign zone(s)
21st August 2026 20:50:22 IST | INFO | S146 SIGNAL NZDJPY SHORT aggressive_liquidation | trigger=94.96425 stop=95.01775 target=94.89738 (1.25R) | stop_basis=liquidity_pool_plus_buffer liq_pool=True | 15m_extreme=True campaign_zones=1 | 4H dest=94.35100 (11.46R)
21st August 2026 20:50:31 IST | INFO | Email sent: S146 SHORT NZDJPY @ 94.96425 (1.25R target)
21st August 2026 20:50:31 IST | INFO | NZDJPY: market order placed #2207985789 0.32 lots @ 94.96200 | sl/tp attached=True
21st August 2026 20:50:32 IST | INFO | 5m cycle @ 21st August 2026 20:50:00 IST | scanned 29/29 symbols in 10.8s (0.37s/symbol)
21st August 2026 20:55:18 IST | INFO | 5m cycle @ 21st August 2026 20:55:00 IST | scanned 29/29 symbols in 1.3s (0.04s/symbol)
21st August 2026 20:56:03 IST | INFO | s146 #2206001107 ladder sl -> 0.80126 (+1.50R at peak 2.03R) ok=True
21st August 2026 21:00:20 IST | INFO | 5m cycle @ 21st August 2026 21:00:00 IST | scanned 29/29 symbols in 1.6s (0.06s/symbol)
21st August 2026 21:05:21 IST | INFO | 5m cycle @ 21st August 2026 21:05:00 IST | scanned 29/29 symbols in 1.5s (0.05s/symbol)
21st August 2026 21:10:23 IST | INFO | 5m cycle @ 21st August 2026 21:10:00 IST | scanned 29/29 symbols in 1.5s (0.05s/symbol)
21st August 2026 21:15:10 IST | INFO | 5m cycle @ 21st August 2026 21:15:00 IST | scanned 29/29 symbols in 1.7s (0.06s/symbol)
21st August 2026 21:20:10 IST | INFO | S146 SIGNAL NZDUSD SHORT aggressive_liquidation | trigger=0.59789 stop=0.59850 target=0.59713 (1.25R) | stop_basis=liquidity_pool_plus_buffer liq_pool=True | 15m_extreme=True campaign_zones=1 | 4H dest=0.59467 (5.28R)
21st August 2026 21:20:15 IST | INFO | Email sent: S146 SHORT NZDUSD @ 0.59789 (1.25R target)
21st August 2026 21:20:15 IST | INFO | NZDUSD: market order placed #2208285496 0.32 lots @ 0.59794 | sl/tp attached=True
21st August 2026 21:20:16 IST | INFO | 5m cycle @ 21st August 2026 21:20:00 IST | scanned 29/29 symbols in 6.1s (0.21s/symbol)
21st August 2026 21:25:17 IST | INFO | 5m cycle @ 21st August 2026 21:25:00 IST | scanned 29/29 symbols in 1.4s (0.05s/symbol)
21st August 2026 21:30:19 IST | INFO | 5m cycle @ 21st August 2026 21:30:00 IST | scanned 29/29 symbols in 1.6s (0.06s/symbol)
21st August 2026 21:35:20 IST | INFO | 5m cycle @ 21st August 2026 21:35:00 IST | scanned 29/29 symbols in 1.4s (0.05s/symbol)
21st August 2026 21:40:22 IST | INFO | 5m cycle @ 21st August 2026 21:40:00 IST | scanned 29/29 symbols in 1.4s (0.05s/symbol)
21st August 2026 21:45:23 IST | INFO | 5m cycle @ 21st August 2026 21:45:00 IST | scanned 29/29 symbols in 1.6s (0.05s/symbol)
21st August 2026 21:50:10 IST | INFO | 5m cycle @ 21st August 2026 21:50:00 IST | scanned 29/29 symbols in 1.3s (0.05s/symbol)
21st August 2026 21:55:11 IST | INFO | 5m cycle @ 21st August 2026 21:55:00 IST | scanned 29/29 symbols in 1.4s (0.05s/symbol)
21st August 2026 22:00:11 IST | INFO | S146 EURUSD: skipped non-extreme 15m zone 15m-1787319900--1-901f87 @ 1.16822; running extreme 15m-1787316300--1-2335ff @ 1.16896 across 2 actionable campaign zone(s)
21st August 2026 22:00:13 IST | INFO | 5m cycle @ 21st August 2026 22:00:00 IST | scanned 29/29 symbols in 1.6s (0.06s/symbol)
21st August 2026 22:05:14 IST | INFO | 5m cycle @ 21st August 2026 22:05:00 IST | scanned 29/29 symbols in 1.4s (0.05s/symbol)
21st August 2026 22:10:16 IST | INFO | 5m cycle @ 21st August 2026 22:10:00 IST | scanned 29/29 symbols in 1.4s (0.05s/symbol)
21st August 2026 22:15:16 IST | INFO | S146 GBPUSD: skipped non-extreme 15m zone 15m-1787319900--1-945bed @ 1.36386; running extreme 15m-1787314500--1-0365fc @ 1.36529 across 2 actionable campaign zone(s)
21st August 2026 22:15:16 IST | INFO | S146 GBPJPY: skipped non-extreme 15m zone 15m-1787296500--1-f2c662 @ 216.85200; running extreme 15m-1787288400--1-1e1f11 @ 216.92600 across 2 actionable campaign zone(s)
21st August 2026 22:15:17 IST | INFO | 5m cycle @ 21st August 2026 22:15:00 IST | scanned 29/29 symbols in 1.6s (0.05s/symbol)
21st August 2026 22:20:19 IST | INFO | 5m cycle @ 21st August 2026 22:20:00 IST | scanned 29/29 symbols in 1.4s (0.05s/symbol)
21st August 2026 22:25:20 IST | INFO | 5m cycle @ 21st August 2026 22:25:00 IST | scanned 29/29 symbols in 1.4s (0.05s/symbol)
21st August 2026 22:30:22 IST | INFO | 5m cycle @ 21st August 2026 22:30:00 IST | scanned 29/29 symbols in 1.6s (0.05s/symbol)
21st August 2026 22:35:23 IST | INFO | 5m cycle @ 21st August 2026 22:35:00 IST | scanned 29/29 symbols in 1.4s (0.05s/symbol)
21st August 2026 22:40:10 IST | INFO | 5m cycle @ 21st August 2026 22:40:00 IST | scanned 29/29 symbols in 1.4s (0.05s/symbol)
21st August 2026 22:45:11 IST | INFO | 5m cycle @ 21st August 2026 22:45:00 IST | scanned 29/29 symbols in 1.6s (0.05s/symbol)
21st August 2026 22:46:42 IST | INFO | s146 #2196157693 ladder sl -> 1.09163 (+1.50R at peak 2.00R) ok=True
21st August 2026 22:50:13 IST | INFO | 5m cycle @ 21st August 2026 22:50:00 IST | scanned 29/29 symbols in 1.3s (0.05s/symbol)
21st August 2026 22:55:14 IST | INFO | 5m cycle @ 21st August 2026 22:55:00 IST | scanned 29/29 symbols in 1.4s (0.05s/symbol)
21st August 2026 23:00:16 IST | INFO | 5m cycle @ 21st August 2026 23:00:00 IST | scanned 29/29 symbols in 1.6s (0.05s/symbol)
21st August 2026 23:05:18 IST | INFO | 5m cycle @ 21st August 2026 23:05:00 IST | scanned 29/29 symbols in 1.4s (0.05s/symbol)
21st August 2026 23:10:19 IST | INFO | 5m cycle @ 21st August 2026 23:10:00 IST | scanned 29/29 symbols in 1.4s (0.05s/symbol)
21st August 2026 23:15:21 IST | INFO | 5m cycle @ 21st August 2026 23:15:00 IST | scanned 29/29 symbols in 1.9s (0.06s/symbol)
21st August 2026 23:20:23 IST | INFO | 5m cycle @ 21st August 2026 23:20:00 IST | scanned 29/29 symbols in 1.4s (0.05s/symbol)
21st August 2026 23:25:09 IST | INFO | 5m cycle @ 21st August 2026 23:25:00 IST | scanned 29/29 symbols in 1.5s (0.05s/symbol)
21st August 2026 23:30:10 IST | INFO | S146 EURCHF: skipped non-extreme 15m zone 15m-1787323500-1-ecb589 @ 0.93525; running extreme 15m-1787235300-1-3cdefe @ 0.93325 across 2 actionable campaign zone(s)
21st August 2026 23:30:11 IST | INFO | 5m cycle @ 21st August 2026 23:30:00 IST | scanned 29/29 symbols in 1.7s (0.06s/symbol)
21st August 2026 23:35:12 IST | INFO | 5m cycle @ 21st August 2026 23:35:00 IST | scanned 29/29 symbols in 1.6s (0.05s/symbol)
21st August 2026 23:40:13 IST | INFO | S146 USDCHF: skipped non-extreme 15m zone 15m-1787323500-1-dd13bd @ 0.80127; running extreme 15m-1787312700-1-c46bdd @ 0.79944 across 3 actionable campaign zone(s)
21st August 2026 23:40:14 IST | INFO | 5m cycle @ 21st August 2026 23:40:00 IST | scanned 29/29 symbols in 1.6s (0.05s/symbol)
21st August 2026 23:45:16 IST | INFO | 5m cycle @ 21st August 2026 23:45:00 IST | scanned 29/29 symbols in 1.8s (0.06s/symbol)
21st August 2026 23:50:18 IST | INFO | 5m cycle @ 21st August 2026 23:50:00 IST | scanned 29/29 symbols in 1.4s (0.05s/symbol)
21st August 2026 23:55:19 IST | INFO | 5m cycle @ 21st August 2026 23:55:00 IST | scanned 29/29 symbols in 1.4s (0.05s/symbol)
22nd August 2026 0:00:21 IST | INFO | 5m cycle @ 22nd August 2026 0:00:00 IST | scanned 29/29 symbols in 1.7s (0.06s/symbol)
22nd August 2026 0:05:22 IST | INFO | 5m cycle @ 22nd August 2026 0:05:00 IST | scanned 29/29 symbols in 1.5s (0.05s/symbol)
22nd August 2026 0:10:24 IST | INFO | 5m cycle @ 22nd August 2026 0:10:00 IST | scanned 29/29 symbols in 1.5s (0.05s/symbol)
22nd August 2026 0:15:11 IST | INFO | 5m cycle @ 22nd August 2026 0:15:00 IST | scanned 29/29 symbols in 1.7s (0.06s/symbol)
22nd August 2026 0:20:12 IST | INFO | 5m cycle @ 22nd August 2026 0:20:00 IST | scanned 29/29 symbols in 1.5s (0.05s/symbol)
22nd August 2026 0:25:14 IST | INFO | 5m cycle @ 22nd August 2026 0:25:00 IST | scanned 29/29 symbols in 1.5s (0.05s/symbol)
22nd August 2026 0:30:15 IST | INFO | 5m cycle @ 22nd August 2026 0:30:00 IST | scanned 29/29 symbols in 1.8s (0.06s/symbol)
22nd August 2026 0:35:16 IST | INFO | S146 SIGNAL GBPUSD SHORT aggressive_liquidation | trigger=1.36484 stop=1.36594 target=1.36347 (1.25R) | stop_basis=15m_zone_distal_plus_buffer liq_pool=False | 15m_extreme=True campaign_zones=1 | 4H dest=1.36073 (3.75R)
22nd August 2026 0:35:20 IST | INFO | Email sent: S146 SHORT GBPUSD @ 1.36484 (1.25R target)
22nd August 2026 0:35:20 IST | INFO | GBPUSD: market order placed #2209525712 0.14 lots @ 1.36491 | sl/tp attached=True
22nd August 2026 0:35:21 IST | INFO | 5m cycle @ 22nd August 2026 0:35:00 IST | scanned 29/29 symbols in 5.9s (0.20s/symbol)
22nd August 2026 0:40:23 IST | INFO | 5m cycle @ 22nd August 2026 0:40:00 IST | scanned 29/29 symbols in 1.5s (0.05s/symbol)
22nd August 2026 0:45:10 IST | INFO | 5m cycle @ 22nd August 2026 0:45:00 IST | scanned 29/29 symbols in 1.7s (0.06s/symbol)
22nd August 2026 0:50:11 IST | INFO | 5m cycle @ 22nd August 2026 0:50:00 IST | scanned 29/29 symbols in 1.6s (0.05s/symbol)
22nd August 2026 0:55:13 IST | INFO | 5m cycle @ 22nd August 2026 0:55:00 IST | scanned 29/29 symbols in 1.6s (0.05s/symbol)
22nd August 2026 1:00:15 IST | INFO | 5m cycle @ 22nd August 2026 1:00:00 IST | scanned 29/29 symbols in 1.7s (0.06s/symbol)
22nd August 2026 1:05:16 IST | INFO | 5m cycle @ 22nd August 2026 1:05:00 IST | scanned 29/29 symbols in 1.4s (0.05s/symbol)
22nd August 2026 1:10:18 IST | INFO | 5m cycle @ 22nd August 2026 1:10:00 IST | scanned 29/29 symbols in 1.5s (0.05s/symbol)
22nd August 2026 1:15:18 IST | INFO | S146 USDJPY: skipped non-extreme 15m zone 15m-1787323500-1-a8039e @ 158.97600; running extreme 15m-1787176800-1-c1ef8d @ 158.12400 across 3 actionable campaign zone(s)
22nd August 2026 1:15:20 IST | INFO | 5m cycle @ 22nd August 2026 1:15:00 IST | scanned 29/29 symbols in 1.9s (0.06s/symbol)
22nd August 2026 1:20:21 IST | INFO | 5m cycle @ 22nd August 2026 1:20:00 IST | scanned 29/29 symbols in 1.7s (0.06s/symbol)
22nd August 2026 1:25:23 IST | INFO | 5m cycle @ 22nd August 2026 1:25:00 IST | scanned 29/29 symbols in 1.5s (0.05s/symbol)
22nd August 2026 1:30:10 IST | INFO | 5m cycle @ 22nd August 2026 1:30:00 IST | scanned 29/29 symbols in 1.8s (0.06s/symbol)
22nd August 2026 1:35:11 IST | INFO | S146 AUDCHF: skipped non-extreme 15m zone 15m-1787329800-1-f9dbcd @ 0.57451; running extreme 15m-1787228100-1-5a5e5c @ 0.56715 across 11 actionable campaign zone(s)
22nd August 2026 1:35:11 IST | INFO | 5m cycle @ 22nd August 2026 1:35:00 IST | scanned 29/29 symbols in 1.5s (0.05s/symbol)
22nd August 2026 1:40:13 IST | INFO | 5m cycle @ 22nd August 2026 1:40:00 IST | scanned 29/29 symbols in 1.4s (0.05s/symbol)
22nd August 2026 1:45:15 IST | INFO | 5m cycle @ 22nd August 2026 1:45:00 IST | scanned 29/29 symbols in 1.8s (0.06s/symbol)
22nd August 2026 1:50:16 IST | INFO | 5m cycle @ 22nd August 2026 1:50:00 IST | scanned 29/29 symbols in 1.5s (0.05s/symbol)
22nd August 2026 1:55:18 IST | INFO | 5m cycle @ 22nd August 2026 1:55:00 IST | scanned 29/29 symbols in 1.8s (0.06s/symbol)
22nd August 2026 2:00:20 IST | INFO | 5m cycle @ 22nd August 2026 2:00:00 IST | scanned 29/29 symbols in 1.8s (0.06s/symbol)
22nd August 2026 2:05:22 IST | INFO | 5m cycle @ 22nd August 2026 2:05:00 IST | scanned 29/29 symbols in 1.8s (0.06s/symbol)
22nd August 2026 2:10:24 IST | INFO | 5m cycle @ 22nd August 2026 2:10:00 IST | scanned 29/29 symbols in 1.8s (0.06s/symbol)
22nd August 2026 2:15:11 IST | INFO | 5m cycle @ 22nd August 2026 2:15:00 IST | scanned 29/29 symbols in 2.0s (0.07s/symbol)
22nd August 2026 2:20:13 IST | INFO | 5m cycle @ 22nd August 2026 2:20:00 IST | scanned 29/29 symbols in 1.7s (0.06s/symbol)
22nd August 2026 2:25:14 IST | INFO | 5m cycle @ 22nd August 2026 2:25:00 IST | scanned 29/29 symbols in 1.8s (0.06s/symbol)
22nd August 2026 2:30:16 IST | INFO | 5m cycle @ 22nd August 2026 2:30:00 IST | scanned 29/29 symbols in 1.9s (0.07s/symbol)
22nd August 2026 2:35:18 IST | INFO | 5m cycle @ 22nd August 2026 2:35:00 IST | scanned 29/29 symbols in 1.7s (0.06s/symbol)
22nd August 2026 2:40:20 IST | INFO | 5m cycle @ 22nd August 2026 2:40:00 IST | scanned 29/29 symbols in 1.7s (0.06s/symbol)
22nd August 2026 2:45:21 IST | INFO | 5m cycle @ 22nd August 2026 2:45:00 IST | scanned 29/29 symbols in 1.8s (0.06s/symbol)
22nd August 2026 2:50:23 IST | INFO | 5m cycle @ 22nd August 2026 2:50:00 IST | scanned 29/29 symbols in 1.7s (0.06s/symbol)
22nd August 2026 2:55:10 IST | INFO | 5m cycle @ 22nd August 2026 2:55:00 IST | scanned 29/29 symbols in 1.9s (0.06s/symbol)
22nd August 2026 3:00:12 IST | INFO | 5m cycle @ 22nd August 2026 3:00:00 IST | scanned 29/29 symbols in 1.7s (0.06s/symbol)
22nd August 2026 3:05:14 IST | INFO | 5m cycle @ 22nd August 2026 3:05:00 IST | scanned 29/29 symbols in 1.8s (0.06s/symbol)
22nd August 2026 3:10:15 IST | INFO | 5m cycle @ 22nd August 2026 3:10:00 IST | scanned 29/29 symbols in 1.7s (0.06s/symbol)
22nd August 2026 3:15:17 IST | INFO | 5m cycle @ 22nd August 2026 3:15:00 IST | scanned 29/29 symbols in 1.8s (0.06s/symbol)
22nd August 2026 3:20:19 IST | INFO | 5m cycle @ 22nd August 2026 3:20:00 IST | scanned 29/29 symbols in 1.8s (0.06s/symbol)
22nd August 2026 3:25:21 IST | INFO | 5m cycle @ 22nd August 2026 3:25:00 IST | scanned 29/29 symbols in 1.7s (0.06s/symbol)
22nd August 2026 3:30:22 IST | INFO | 5m cycle @ 22nd August 2026 3:30:00 IST | scanned 29/29 symbols in 1.8s (0.06s/symbol)
22nd August 2026 3:35:24 IST | INFO | 5m cycle @ 22nd August 2026 3:35:00 IST | scanned 29/29 symbols in 1.7s (0.06s/symbol)
22nd August 2026 3:40:11 IST | INFO | 5m cycle @ 22nd August 2026 3:40:00 IST | scanned 29/29 symbols in 1.9s (0.06s/symbol)
22nd August 2026 3:45:13 IST | INFO | 5m cycle @ 22nd August 2026 3:45:00 IST | scanned 29/29 symbols in 1.9s (0.07s/symbol)
22nd August 2026 3:50:15 IST | INFO | 5m cycle @ 22nd August 2026 3:50:00 IST | scanned 29/29 symbols in 1.8s (0.06s/symbol)
22nd August 2026 3:55:16 IST | INFO | 5m cycle @ 22nd August 2026 3:55:00 IST | scanned 29/29 symbols in 1.7s (0.06s/symbol)
22nd August 2026 4:00:18 IST | INFO | 5m cycle @ 22nd August 2026 4:00:00 IST | scanned 29/29 symbols in 1.9s (0.07s/symbol)
22nd August 2026 4:05:20 IST | INFO | 5m cycle @ 22nd August 2026 4:05:00 IST | scanned 29/29 symbols in 1.8s (0.06s/symbol)
22nd August 2026 4:10:22 IST | INFO | 5m cycle @ 22nd August 2026 4:10:00 IST | scanned 29/29 symbols in 1.7s (0.06s/symbol)
22nd August 2026 4:15:24 IST | INFO | 5m cycle @ 22nd August 2026 4:15:00 IST | scanned 29/29 symbols in 1.8s (0.06s/symbol)
22nd August 2026 4:20:11 IST | INFO | 5m cycle @ 22nd August 2026 4:20:00 IST | scanned 29/29 symbols in 1.8s (0.06s/symbol)
22nd August 2026 4:25:12 IST | INFO | 5m cycle @ 22nd August 2026 4:25:00 IST | scanned 29/29 symbols in 1.8s (0.06s/symbol)
22nd August 2026 4:30:14 IST | INFO | 5m cycle @ 22nd August 2026 4:30:00 IST | scanned 29/29 symbols in 1.9s (0.07s/symbol)
22nd August 2026 4:35:16 IST | INFO | 5m cycle @ 22nd August 2026 4:35:00 IST | scanned 29/29 symbols in 1.6s (0.06s/symbol)
22nd August 2026 4:40:18 IST | INFO | 5m cycle @ 22nd August 2026 4:40:00 IST | scanned 29/29 symbols in 1.8s (0.06s/symbol)
22nd August 2026 14:35:42 IST | INFO | 5m cycle @ 22nd August 2026 14:35:00 IST | scanned 29/29 symbols in 6.9s (0.24s/symbol)
22nd August 2026 14:40:15 IST | INFO | 5m cycle @ 22nd August 2026 14:40:00 IST | scanned 29/29 symbols in 3.1s (0.11s/symbol)
22nd August 2026 14:45:17 IST | INFO | 5m cycle @ 22nd August 2026 14:45:00 IST | scanned 29/29 symbols in 1.5s (0.05s/symbol)
22nd August 2026 14:50:18 IST | INFO | 5m cycle @ 22nd August 2026 14:50:00 IST | scanned 29/29 symbols in 1.5s (0.05s/symbol)
22nd August 2026 14:55:20 IST | INFO | 5m cycle @ 22nd August 2026 14:55:00 IST | scanned 29/29 symbols in 1.5s (0.05s/symbol)
22nd August 2026 15:00:22 IST | INFO | 5m cycle @ 22nd August 2026 15:00:00 IST | scanned 29/29 symbols in 1.7s (0.06s/symbol)
22nd August 2026 15:05:23 IST | INFO | 5m cycle @ 22nd August 2026 15:05:00 IST | scanned 29/29 symbols in 1.8s (0.06s/symbol)
22nd August 2026 15:10:10 IST | INFO | 5m cycle @ 22nd August 2026 15:10:00 IST | scanned 29/29 symbols in 1.8s (0.06s/symbol)
22nd August 2026 15:15:12 IST | INFO | 5m cycle @ 22nd August 2026 15:15:00 IST | scanned 29/29 symbols in 1.7s (0.06s/symbol)
22nd August 2026 15:20:14 IST | INFO | 5m cycle @ 22nd August 2026 15:20:00 IST | scanned 29/29 symbols in 1.8s (0.06s/symbol)
22nd August 2026 15:25:16 IST | INFO | 5m cycle @ 22nd August 2026 15:25:00 IST | scanned 29/29 symbols in 1.8s (0.06s/symbol)
22nd August 2026 15:30:17 IST | INFO | 5m cycle @ 22nd August 2026 15:30:00 IST | scanned 29/29 symbols in 1.8s (0.06s/symbol)
22nd August 2026 15:35:19 IST | INFO | 5m cycle @ 22nd August 2026 15:35:00 IST | scanned 29/29 symbols in 1.8s (0.06s/symbol)
22nd August 2026 15:40:21 IST | INFO | 5m cycle @ 22nd August 2026 15:40:00 IST | scanned 29/29 symbols in 2.0s (0.07s/symbol)
24th August 2026 4:48:04 IST | INFO | MT5 connected | Exness-MT5Trial15 | DEMO | balance=38925.34 INR | leverage 1:2000
24th August 2026 4:48:04 IST | INFO | liveTrade s146 started | Strategy 146 live engine started | ---------------------------------------- | Account   : 474381718 DEMO INR bal=38925.34 | Symbols   : EURUSD, GBPUSD, USDJPY, USDCHF, AUDUSD, NZDUSD, USDCAD, EURGBP, EURJPY, EURCHF, EURAUD, EURCAD, EURNZD, GBPJPY, GBPCHF, GBPAUD, GBPCAD, GBPNZD, AUDJPY, AUDNZD, AUDCAD, AUDCHF, NZDJPY, NZDCAD, NZDCHF, CADJPY, CADCHF, CHFJPY, XAUUSD | DRY_RUN   : False | Demo only : True (orders blocked: False) | Sizing    : margin Rs1000 @ 1:2000 | free-margin budget 80% | max_concurrent=8 | Exposure  : same destination <= 1 | currency leg <= 3 | Cost gate : skip when spread > 30% of risk | short stop spread pad 0.0x | Entry mode: market (SL/TP attached: True) | Risk guard : DISABLED for s146 (loss_at_sl is informational only) | Stop      : liquidity pool outside 15m zone when available, else distal edge + 0.5 bps buffer | Exit ladder: True | partial 50% at 1.25R | trail step/giveback 0.5R/0.5R | broker TP = 4H destination | Target    : 1.25R partial milestone (4H destination is the broker-side ceiling) | R:R band  : 1.5 - 20.0 (measured to the 4H destination) | Hold limit: 864 5m bars | 15m select: running extreme since 4H confirmation=True (highest supply for short / lowest demand for long) | Legacy new-15m fallback: True (engine start 24th August 2026 4:48:04 IST) | Journals  : {'4h': 'D:\\WorkZera\\Projects\\strategies\\yt_learning\\liveTrade\\logs\\s146_4h_events.log', '15m': 'D:\\WorkZera\\Projects\\strategies\\yt_learning\\liveTrade\\logs\\s146_15m_events.log', '5m': 'D:\\WorkZera\\Projects\\strategies\\yt_learning\\liveTrade\\logs\\s146_5m_events.log', 'trade': 'D:\\WorkZera\\Projects\\strategies\\yt_learning\\liveTrade\\logs\\s146_trades.log'} | 
24th August 2026 4:48:07 IST | INFO | Email sent: Strategy146 liveTrade STARTED
24th August 2026 4:48:14 IST | INFO | 5m cycle @ 24th August 2026 4:45:00 IST | scanned 29/29 symbols in 6.8s (0.24s/symbol)
24th August 2026 13:55:00 IST | INFO | 5m cycle @ 24th August 2026 13:50:00 IST | scanned 29/29 symbols in 10.4s (0.36s/symbol)
24th August 2026 13:55:16 IST | INFO | S146 NZDUSD: skipped non-extreme 15m zone 15m-1787557500--1-fce04e @ 0.59662; running extreme 15m-1787336100--1-e5e4bb @ 0.59826 across 3 actionable campaign zone(s)
24th August 2026 13:55:21 IST | INFO | 5m cycle @ 24th August 2026 13:55:00 IST | scanned 29/29 symbols in 5.6s (0.19s/symbol)
24th August 2026 14:00:22 IST | INFO | S146 GBPCHF: skipped non-extreme 15m zone 15m-1787557500-1-43e2b0 @ 1.09352; running extreme 15m-1787229000-1-86e3f5 @ 1.08774 across 4 actionable campaign zone(s)
24th August 2026 14:00:23 IST | INFO | 5m cycle @ 24th August 2026 14:00:00 IST | scanned 29/29 symbols in 1.8s (0.06s/symbol)
24th August 2026 14:05:09 IST | INFO | 5m cycle @ 24th August 2026 14:05:00 IST | scanned 29/29 symbols in 1.5s (0.05s/symbol)
24th August 2026 14:10:11 IST | INFO | 5m cycle @ 24th August 2026 14:10:00 IST | scanned 29/29 symbols in 1.6s (0.05s/symbol)
24th August 2026 14:15:13 IST | INFO | 5m cycle @ 24th August 2026 14:15:00 IST | scanned 29/29 symbols in 1.8s (0.06s/symbol)
24th August 2026 14:20:14 IST | INFO | 5m cycle @ 24th August 2026 14:20:00 IST | scanned 29/29 symbols in 1.6s (0.06s/symbol)
24th August 2026 14:25:16 IST | INFO | 5m cycle @ 24th August 2026 14:25:00 IST | scanned 29/29 symbols in 1.5s (0.05s/symbol)
24th August 2026 14:30:18 IST | INFO | 5m cycle @ 24th August 2026 14:30:00 IST | scanned 29/29 symbols in 1.8s (0.06s/symbol)
24th August 2026 14:35:19 IST | INFO | 5m cycle @ 24th August 2026 14:35:00 IST | scanned 29/29 symbols in 1.6s (0.06s/symbol)
24th August 2026 14:40:21 IST | INFO | S146 SIGNAL GBPCAD SHORT conservative_mss | trigger=1.88550 stop=1.88705 target=1.88355 (1.25R) | stop_basis=liquidity_pool_plus_buffer liq_pool=True | 15m_extreme=True campaign_zones=1 | 4H dest=1.88309 (1.54R)
24th August 2026 14:40:25 IST | INFO | Email sent: S146 SHORT GBPCAD @ 1.88550 (1.25R target)
24th August 2026 14:40:25 IST | INFO | GBPCAD: market order placed #2218215189 0.14 lots @ 1.88568 | sl/tp attached=True
24th August 2026 14:40:26 IST | INFO | 5m cycle @ 24th August 2026 14:40:00 IST | scanned 29/29 symbols in 7.0s (0.24s/symbol)
24th August 2026 14:45:12 IST | INFO | S146 SIGNAL GBPNZD LONG aggressive_liquidation | trigger=2.28402 stop=2.28251 target=2.28592 (1.25R) | stop_basis=liquidity_pool_plus_buffer liq_pool=True | 15m_extreme=True campaign_zones=1 | 4H dest=2.29281 (5.79R)
24th August 2026 14:45:17 IST | INFO | Email sent: S146 LONG GBPNZD @ 2.28402 (1.25R target)
24th August 2026 14:45:17 IST | INFO | GBPNZD: market order placed #2218242617 0.13 lots @ 2.28380 | sl/tp attached=True
24th August 2026 14:45:17 IST | INFO | S146 AUDCHF: skipped non-extreme 15m zone 15m-1787557500-1-479e3d @ 0.57451; running extreme 15m-1787228100-1-5a5e5c @ 0.56715 across 11 actionable campaign zone(s)
24th August 2026 14:45:18 IST | INFO | S146 CADCHF: skipped non-extreme 15m zone 15m-1787557500-1-1443ec @ 0.57982; running extreme 15m-1787176800-1-b96a47 @ 0.57735 across 2 actionable campaign zone(s)
24th August 2026 14:45:18 IST | INFO | 5m cycle @ 24th August 2026 14:45:00 IST | scanned 29/29 symbols in 6.5s (0.22s/symbol)
24th August 2026 14:50:19 IST | INFO | 5m cycle @ 24th August 2026 14:50:00 IST | scanned 29/29 symbols in 1.5s (0.05s/symbol)
24th August 2026 14:55:22 IST | INFO | 5m cycle @ 24th August 2026 14:55:00 IST | scanned 29/29 symbols in 2.6s (0.09s/symbol)
24th August 2026 15:00:24 IST | INFO | 5m cycle @ 24th August 2026 15:00:00 IST | scanned 29/29 symbols in 1.8s (0.06s/symbol)
24th August 2026 15:05:10 IST | INFO | 5m cycle @ 24th August 2026 15:05:00 IST | scanned 29/29 symbols in 1.5s (0.05s/symbol)
24th August 2026 15:10:12 IST | INFO | 5m cycle @ 24th August 2026 15:10:00 IST | scanned 29/29 symbols in 1.6s (0.05s/symbol)
24th August 2026 15:15:14 IST | INFO | 5m cycle @ 24th August 2026 15:15:00 IST | scanned 29/29 symbols in 1.8s (0.06s/symbol)
24th August 2026 15:20:15 IST | INFO | 5m cycle @ 24th August 2026 15:20:00 IST | scanned 29/29 symbols in 1.6s (0.05s/symbol)
24th August 2026 15:25:17 IST | INFO | 5m cycle @ 24th August 2026 15:25:00 IST | scanned 29/29 symbols in 1.5s (0.05s/symbol)
24th August 2026 15:30:17 IST | INFO | S146 EURUSD: skipped non-extreme 15m zone 15m-1787560200--1-cafa5f @ 1.16605; running extreme 15m-1787316300--1-2335ff @ 1.16896 across 5 actionable campaign zone(s)
24th August 2026 15:30:17 IST | INFO | S146 EURUSD: skipped non-extreme 15m zone 15m-1787557500--1-1dcdca @ 1.16658; running extreme 15m-1787316300--1-2335ff @ 1.16896 across 5 actionable campaign zone(s)
24th August 2026 15:30:17 IST | INFO | S146 AUDUSD: skipped non-extreme 15m zone 15m-1787557500--1-b16ad1 @ 0.71624; running extreme 15m-1787553900--1-86e0bc @ 0.71666 across 2 actionable campaign zone(s)
24th August 2026 15:30:19 IST | INFO | 5m cycle @ 24th August 2026 15:30:00 IST | scanned 29/29 symbols in 2.2s (0.08s/symbol)
24th August 2026 15:35:21 IST | INFO | 5m cycle @ 24th August 2026 15:35:00 IST | scanned 29/29 symbols in 1.6s (0.05s/symbol)
24th August 2026 15:40:21 IST | INFO | S146 SIGNAL EURGBP LONG aggressive_liquidation | trigger=0.85572 stop=0.85535 target=0.85619 (1.25R) | stop_basis=liquidity_pool_plus_buffer liq_pool=True | 15m_extreme=True campaign_zones=1 | 4H dest=0.85693 (3.21R)
24th August 2026 15:40:21 IST | WARNING | S146 EURGBP: skipped on spread cost — spread 0.000130 is 34.6% of risk (limit 30%)
24th August 2026 15:40:21 IST | INFO | S146 EURCHF: skipped non-extreme 15m zone 15m-1787557500-1-01405f @ 0.93570; running extreme 15m-1787235300-1-3cdefe @ 0.93325 across 3 actionable campaign zone(s)
24th August 2026 15:40:22 IST | INFO | 5m cycle @ 24th August 2026 15:40:00 IST | scanned 29/29 symbols in 1.6s (0.05s/symbol)
24th August 2026 15:45:24 IST | INFO | 5m cycle @ 24th August 2026 15:45:00 IST | scanned 29/29 symbols in 1.9s (0.06s/symbol)
24th August 2026 15:50:10 IST | INFO | S146 SIGNAL GBPJPY SHORT aggressive_liquidation | trigger=216.94015 stop=217.10585 target=216.73302 (1.25R) | stop_basis=liquidity_pool_plus_buffer liq_pool=True | 15m_extreme=True campaign_zones=1 | 4H dest=215.59900 (8.09R)
24th August 2026 15:50:14 IST | INFO | Email sent: S146 SHORT GBPJPY @ 216.94015 (1.25R target)
24th August 2026 15:50:15 IST | INFO | GBPJPY: market order placed #2218684770 0.14 lots @ 216.98400 | sl/tp attached=True
24th August 2026 15:50:15 IST | INFO | 5m cycle @ 24th August 2026 15:50:00 IST | scanned 29/29 symbols in 6.0s (0.21s/symbol)
24th August 2026 15:55:16 IST | INFO | S146 USDJPY: skipped non-extreme 15m zone 15m-1787557500-1-3bc98d @ 159.16100; running extreme 15m-1787176800-1-c1ef8d @ 158.12400 across 4 actionable campaign zone(s)
24th August 2026 15:55:16 IST | INFO | S146 USDCHF: skipped non-extreme 15m zone 15m-1787557500-1-561637 @ 0.80205; running extreme 15m-1787312700-1-c46bdd @ 0.79944 across 3 actionable campaign zone(s)
24th August 2026 15:55:17 IST | INFO | 5m cycle @ 24th August 2026 15:55:00 IST | scanned 29/29 symbols in 1.5s (0.05s/symbol)
24th August 2026 16:00:18 IST | INFO | S146 NZDJPY: skipped non-extreme 15m zone 15m-1787345100--1-ebe275 @ 95.02800; running extreme 15m-1787343300--1-e25720 @ 95.06300 across 2 actionable campaign zone(s)
24th August 2026 16:00:19 IST | INFO | 5m cycle @ 24th August 2026 16:00:00 IST | scanned 29/29 symbols in 1.7s (0.06s/symbol)
24th August 2026 16:05:21 IST | INFO | 5m cycle @ 24th August 2026 16:05:00 IST | scanned 29/29 symbols in 1.6s (0.06s/symbol)
24th August 2026 16:10:22 IST | INFO | 5m cycle @ 24th August 2026 16:10:00 IST | scanned 29/29 symbols in 1.4s (0.05s/symbol)
24th August 2026 16:15:24 IST | INFO | 5m cycle @ 24th August 2026 16:15:00 IST | scanned 29/29 symbols in 1.8s (0.06s/symbol)
24th August 2026 16:20:11 IST | INFO | 5m cycle @ 24th August 2026 16:20:00 IST | scanned 29/29 symbols in 1.6s (0.05s/symbol)
24th August 2026 16:25:12 IST | INFO | 5m cycle @ 24th August 2026 16:25:00 IST | scanned 29/29 symbols in 1.5s (0.05s/symbol)
24th August 2026 16:30:14 IST | INFO | 5m cycle @ 24th August 2026 16:30:00 IST | scanned 29/29 symbols in 1.8s (0.06s/symbol)
24th August 2026 16:30:29 IST | INFO | s146 #2218242617 partial 0.06/0.13 lots at 1.26R ok=True
24th August 2026 16:30:30 IST | INFO | s146 #2218242617 ladder sl -> 2.28380 (+0.00R at peak 1.26R) ok=True
24th August 2026 16:35:15 IST | INFO | s146 #2218242617 ladder sl -> 2.28509 (+1.00R at peak 1.51R) ok=True
24th August 2026 16:35:16 IST | INFO | 5m cycle @ 24th August 2026 16:35:00 IST | scanned 29/29 symbols in 1.6s (0.06s/symbol)
24th August 2026 16:40:18 IST | INFO | 5m cycle @ 24th August 2026 16:40:00 IST | scanned 29/29 symbols in 1.5s (0.05s/symbol)
24th August 2026 16:41:33 IST | INFO | s146 #2218242617 ladder sl -> 2.28574 (+1.50R at peak 2.04R) ok=True
24th August 2026 16:45:20 IST | INFO | 5m cycle @ 24th August 2026 16:45:00 IST | scanned 29/29 symbols in 1.7s (0.06s/symbol)
24th August 2026 16:50:21 IST | INFO | S146 SIGNAL EURCAD SHORT aggressive_liquidation | trigger=1.61458 stop=1.61495 target=1.61411 (1.25R) | stop_basis=swept_wick_plus_buffer liq_pool=False | 15m_extreme=True campaign_zones=1 | 4H dest=1.61118 (9.15R)
24th August 2026 16:50:21 IST | WARNING | S146 EURCAD: skipped on spread cost — spread 0.000150 is 40.4% of risk (limit 30%)
24th August 2026 16:50:22 IST | INFO | 5m cycle @ 24th August 2026 16:50:00 IST | scanned 29/29 symbols in 1.6s (0.06s/symbol)
24th August 2026 16:55:23 IST | INFO | 5m cycle @ 24th August 2026 16:55:00 IST | scanned 29/29 symbols in 1.5s (0.05s/symbol)
24th August 2026 17:00:10 IST | INFO | 5m cycle @ 24th August 2026 17:00:00 IST | scanned 29/29 symbols in 1.7s (0.06s/symbol)
24th August 2026 17:05:12 IST | INFO | 5m cycle @ 24th August 2026 17:05:00 IST | scanned 29/29 symbols in 1.7s (0.06s/symbol)
24th August 2026 17:10:12 IST | INFO | S146 EURUSD: skipped non-extreme 15m zone 15m-1787555700--1-39f2dc @ 1.16731; running extreme 15m-1787316300--1-2335ff @ 1.16896 across 3 actionable campaign zone(s)
24th August 2026 17:10:14 IST | INFO | 5m cycle @ 24th August 2026 17:10:00 IST | scanned 29/29 symbols in 1.7s (0.06s/symbol)
24th August 2026 17:15:14 IST | INFO | S146 SIGNAL AUDUSD SHORT aggressive_liquidation | trigger=0.71629 stop=0.71714 target=0.71524 (1.25R) | stop_basis=liquidity_pool_plus_buffer liq_pool=True | 15m_extreme=True campaign_zones=1 | 4H dest=0.71190 (5.22R)
24th August 2026 17:15:18 IST | INFO | Email sent: S146 SHORT AUDUSD @ 0.71629 (1.25R target)
24th August 2026 17:15:18 IST | INFO | AUDUSD: market order placed #2219420071 0.27 lots @ 0.71634 | sl/tp attached=True
24th August 2026 17:15:18 IST | INFO | S146 SIGNAL EURAUD LONG aggressive_liquidation | trigger=1.62843 stop=1.62779 target=1.62923 (1.25R) | stop_basis=swept_wick_plus_buffer liq_pool=False | 15m_extreme=True campaign_zones=1 | 4H dest=1.64035 (18.54R)
24th August 2026 17:15:21 IST | INFO | Email sent: S146 LONG EURAUD @ 1.62843 (1.25R target)
24th August 2026 17:15:22 IST | INFO | EURAUD: market order placed #2219420672 0.16 lots @ 1.62850 | sl/tp attached=True
24th August 2026 17:15:22 IST | INFO | S146 SIGNAL GBPAUD LONG aggressive_liquidation | trigger=1.90322 stop=1.90210 target=1.90460 (1.25R) | stop_basis=liquidity_pool_plus_buffer liq_pool=True | 15m_extreme=True campaign_zones=1 | 4H dest=1.91599 (11.51R)
24th August 2026 17:15:25 IST | INFO | Email sent: S146 LONG GBPAUD @ 1.90322 (1.25R target)
24th August 2026 17:15:26 IST | INFO | GBPAUD: market order placed #2219421833 0.14 lots @ 1.90334 | sl/tp attached=True
24th August 2026 17:15:26 IST | INFO | S146 SIGNAL NZDCAD SHORT aggressive_liquidation | trigger=0.82546 stop=0.82579 target=0.82505 (1.25R) | stop_basis=liquidity_pool_plus_buffer liq_pool=True | 15m_extreme=True campaign_zones=1 | 4H dest=0.82422 (3.78R)
24th August 2026 17:15:26 IST | WARNING | S146 NZDCAD: skipped on spread cost — spread 0.000180 is 55.0% of risk (limit 30%)
24th August 2026 17:15:26 IST | INFO | 5m cycle @ 24th August 2026 17:15:00 IST | scanned 29/29 symbols in 12.7s (0.44s/symbol)
24th August 2026 17:20:12 IST | INFO | S146 USDCHF: skipped non-extreme 15m zone 15m-1787555700-1-094956 @ 0.80132; running extreme 15m-1787312700-1-c46bdd @ 0.79944 across 2 actionable campaign zone(s)
24th August 2026 17:20:13 IST | INFO | 5m cycle @ 24th August 2026 17:20:00 IST | scanned 29/29 symbols in 1.4s (0.05s/symbol)
24th August 2026 17:25:15 IST | INFO | 5m cycle @ 24th August 2026 17:25:00 IST | scanned 29/29 symbols in 1.4s (0.05s/symbol)
24th August 2026 17:30:17 IST | INFO | 5m cycle @ 24th August 2026 17:30:00 IST | scanned 29/29 symbols in 1.9s (0.06s/symbol)
24th August 2026 17:35:17 IST | INFO | S146 USDCAD: skipped non-extreme 15m zone 15m-1787570100-1-89fd51 @ 1.38443; running extreme 15m-1787314500-1-681386 @ 1.37405 across 9 actionable campaign zone(s)
24th August 2026 17:35:19 IST | INFO | 5m cycle @ 24th August 2026 17:35:00 IST | scanned 29/29 symbols in 1.6s (0.06s/symbol)
24th August 2026 17:40:20 IST | INFO | 5m cycle @ 24th August 2026 17:40:00 IST | scanned 29/29 symbols in 1.6s (0.05s/symbol)
24th August 2026 17:45:22 IST | INFO | 5m cycle @ 24th August 2026 17:45:00 IST | scanned 29/29 symbols in 1.7s (0.06s/symbol)
24th August 2026 17:49:07 IST | INFO | s146 #2218684770 partial 0.07/0.14 lots at 1.26R ok=True
24th August 2026 17:49:07 IST | INFO | s146 #2218684770 ladder sl -> 216.98400 (+0.00R at peak 1.26R) ok=True
24th August 2026 17:50:24 IST | INFO | 5m cycle @ 24th August 2026 17:50:00 IST | scanned 29/29 symbols in 1.4s (0.05s/symbol)
24th August 2026 17:55:09 IST | INFO | S146 EURJPY: skipped non-extreme 15m zone 15m-1787571900--1-a3ba6e @ 185.53600; running extreme 15m-1787288400--1-244be3 @ 185.92100 across 4 actionable campaign zone(s)
24th August 2026 17:55:10 IST | INFO | 5m cycle @ 24th August 2026 17:55:00 IST | scanned 29/29 symbols in 1.6s (0.05s/symbol)
24th August 2026 18:00:12 IST | INFO | 5m cycle @ 24th August 2026 18:00:00 IST | scanned 29/29 symbols in 1.6s (0.06s/symbol)
24th August 2026 18:05:12 IST | INFO | S146 SIGNAL GBPUSD SHORT aggressive_liquidation | trigger=1.36346 stop=1.36494 target=1.36162 (1.25R) | stop_basis=liquidity_pool_plus_buffer liq_pool=True | 15m_extreme=True campaign_zones=1 | 4H dest=1.36073 (1.85R)
24th August 2026 18:05:19 IST | INFO | Email sent: S146 SHORT GBPUSD @ 1.36346 (1.25R target)
24th August 2026 18:05:19 IST | INFO | GBPUSD: market order placed #2219976618 0.14 lots @ 1.36418 | sl/tp attached=True
24th August 2026 18:05:20 IST | INFO | 5m cycle @ 24th August 2026 18:05:00 IST | scanned 29/29 symbols in 8.5s (0.29s/symbol)
24th August 2026 18:10:22 IST | INFO | S146 NZDJPY: skipped non-extreme 15m zone 15m-1787571900--1-4dc064 @ 94.84700; running extreme 15m-1787343300--1-e25720 @ 95.06300 across 4 actionable campaign zone(s)
24th August 2026 18:10:22 IST | INFO | 5m cycle @ 24th August 2026 18:10:00 IST | scanned 29/29 symbols in 1.5s (0.05s/symbol)
24th August 2026 18:15:22 IST | INFO | S146 USDJPY: skipped non-extreme 15m zone 15m-1787551200-1-6bdfa3 @ 158.90100; running extreme 15m-1787176800-1-c1ef8d @ 158.12400 across 3 actionable campaign zone(s)
24th August 2026 18:15:22 IST | INFO | S146 NZDUSD: skipped non-extreme 15m zone 15m-1787565600--1-1a4b17 @ 0.59686; running extreme 15m-1787336100--1-e5e4bb @ 0.59826 across 3 actionable campaign zone(s)
24th August 2026 18:15:22 IST | INFO | S146 USDCAD: skipped non-extreme 15m zone 15m-1787565600-1-7a4717 @ 1.38326; running extreme 15m-1787314500-1-681386 @ 1.37405 across 8 actionable campaign zone(s)
24th August 2026 18:15:23 IST | INFO | S146 GBPCHF: skipped non-extreme 15m zone 15m-1787571000-1-70df60 @ 1.09361; running extreme 15m-1787229000-1-86e3f5 @ 1.08774 across 4 actionable campaign zone(s)
24th August 2026 18:15:24 IST | INFO | 5m cycle @ 24th August 2026 18:15:00 IST | scanned 29/29 symbols in 1.7s (0.06s/symbol)
24th August 2026 18:20:10 IST | INFO | 5m cycle @ 24th August 2026 18:20:00 IST | scanned 29/29 symbols in 1.3s (0.05s/symbol)
24th August 2026 18:25:12 IST | INFO | 5m cycle @ 24th August 2026 18:25:00 IST | scanned 29/29 symbols in 1.9s (0.06s/symbol)
24th August 2026 18:30:14 IST | INFO | 5m cycle @ 24th August 2026 18:30:00 IST | scanned 29/29 symbols in 1.8s (0.06s/symbol)
24th August 2026 18:35:16 IST | INFO | 5m cycle @ 24th August 2026 18:35:00 IST | scanned 29/29 symbols in 1.5s (0.05s/symbol)
24th August 2026 18:39:16 IST | INFO | s146 #2219421833 partial 0.07/0.14 lots at 1.25R ok=True
24th August 2026 18:39:16 IST | INFO | s146 #2219421833 ladder sl -> 1.90334 (+0.00R at peak 1.25R) ok=True
24th August 2026 18:40:18 IST | INFO | 5m cycle @ 24th August 2026 18:40:00 IST | scanned 29/29 symbols in 1.7s (0.06s/symbol)
24th August 2026 18:45:20 IST | INFO | 5m cycle @ 24th August 2026 18:45:00 IST | scanned 29/29 symbols in 1.6s (0.06s/symbol)
24th August 2026 18:50:21 IST | INFO | 5m cycle @ 24th August 2026 18:50:00 IST | scanned 29/29 symbols in 1.7s (0.06s/symbol)
24th August 2026 18:55:22 IST | INFO | S146 USDCAD: skipped non-extreme 15m zone 15m-1787555700-1-c61b8d @ 1.38271; running extreme 15m-1787314500-1-681386 @ 1.37405 across 7 actionable campaign zone(s)
24th August 2026 18:55:23 IST | INFO | 5m cycle @ 24th August 2026 18:55:00 IST | scanned 29/29 symbols in 1.6s (0.06s/symbol)
24th August 2026 19:00:10 IST | INFO | 5m cycle @ 24th August 2026 19:00:00 IST | scanned 29/29 symbols in 1.7s (0.06s/symbol)
24th August 2026 19:05:11 IST | INFO | 5m cycle @ 24th August 2026 19:05:00 IST | scanned 29/29 symbols in 1.7s (0.06s/symbol)
24th August 2026 19:10:13 IST | INFO | 5m cycle @ 24th August 2026 19:10:00 IST | scanned 29/29 symbols in 1.8s (0.06s/symbol)
24th August 2026 19:15:14 IST | INFO | S146 EURCHF: skipped non-extreme 15m zone 15m-1787573700-1-580a90 @ 0.93594; running extreme 15m-1787235300-1-3cdefe @ 0.93325 across 3 actionable campaign zone(s)
24th August 2026 19:15:15 IST | INFO | 5m cycle @ 24th August 2026 19:15:00 IST | scanned 29/29 symbols in 1.8s (0.06s/symbol)
24th August 2026 19:20:17 IST | INFO | 5m cycle @ 24th August 2026 19:20:00 IST | scanned 29/29 symbols in 1.5s (0.05s/symbol)
24th August 2026 19:25:17 IST | INFO | S146 GBPCHF: skipped non-extreme 15m zone 15m-1787573700-1-645a45 @ 1.09401; running extreme 15m-1787229000-1-86e3f5 @ 1.08774 across 4 actionable campaign zone(s)
24th August 2026 19:25:18 IST | INFO | 5m cycle @ 24th August 2026 19:25:00 IST | scanned 29/29 symbols in 1.6s (0.06s/symbol)
24th August 2026 19:30:20 IST | INFO | 5m cycle @ 24th August 2026 19:30:00 IST | scanned 29/29 symbols in 1.9s (0.07s/symbol)
24th August 2026 19:35:22 IST | INFO | 5m cycle @ 24th August 2026 19:35:00 IST | scanned 29/29 symbols in 1.5s (0.05s/symbol)
24th August 2026 19:40:23 IST | INFO | 5m cycle @ 24th August 2026 19:40:00 IST | scanned 29/29 symbols in 1.6s (0.06s/symbol)
24th August 2026 19:45:10 IST | INFO | 5m cycle @ 24th August 2026 19:45:00 IST | scanned 29/29 symbols in 1.7s (0.06s/symbol)
24th August 2026 19:50:12 IST | INFO | 5m cycle @ 24th August 2026 19:50:00 IST | scanned 29/29 symbols in 1.4s (0.05s/symbol)
24th August 2026 19:55:13 IST | INFO | S146 SIGNAL EURCAD SHORT aggressive_liquidation | trigger=1.61337 stop=1.61430 target=1.61221 (1.25R) | stop_basis=liquidity_pool_plus_buffer liq_pool=True | 15m_extreme=True campaign_zones=1 | 4H dest=1.61118 (2.35R)
24th August 2026 19:55:16 IST | INFO | Email sent: S146 SHORT EURCAD @ 1.61337 (1.25R target)
24th August 2026 19:55:16 IST | INFO | EURCAD: market order placed #2221465265 0.16 lots @ 1.61347 | sl/tp attached=True
24th August 2026 19:55:18 IST | INFO | 5m cycle @ 24th August 2026 19:55:00 IST | scanned 29/29 symbols in 6.1s (0.21s/symbol)
24th August 2026 19:57:48 IST | INFO | s146 #2219420672 partial 0.08/0.16 lots at 1.27R ok=True
24th August 2026 19:57:48 IST | INFO | s146 #2219420672 ladder sl -> 1.62850 (+0.00R at peak 1.27R) ok=True
24th August 2026 20:00:03 IST | INFO | s146 #2219420672 ladder sl -> 1.62921 (+1.00R at peak 1.60R) ok=True
24th August 2026 20:00:20 IST | INFO | 5m cycle @ 24th August 2026 20:00:00 IST | scanned 29/29 symbols in 1.7s (0.06s/symbol)
24th August 2026 20:05:21 IST | INFO | 5m cycle @ 24th August 2026 20:05:00 IST | scanned 29/29 symbols in 1.5s (0.05s/symbol)
24th August 2026 20:10:23 IST | INFO | 5m cycle @ 24th August 2026 20:10:00 IST | scanned 29/29 symbols in 1.4s (0.05s/symbol)
24th August 2026 20:11:08 IST | INFO | s146 #2219421833 ladder sl -> 1.90458 (+1.00R at peak 1.51R) ok=True
24th August 2026 20:13:38 IST | INFO | s146 #2219420672 ladder sl -> 1.62957 (+1.50R at peak 2.01R) ok=True
24th August 2026 20:15:10 IST | INFO | 5m cycle @ 24th August 2026 20:15:00 IST | scanned 29/29 symbols in 1.7s (0.06s/symbol)
24th August 2026 20:18:10 IST | INFO | s146 #2219420672 ladder sl -> 1.62992 (+2.00R at peak 2.52R) ok=True
24th August 2026 20:20:11 IST | INFO | S146 GBPNZD: skipped non-extreme 15m zone 15m-1787571000-1-94d59f @ 2.28624; running extreme 15m-1787565600-1-3403a3 @ 2.28386 across 2 actionable campaign zone(s)
24th August 2026 20:20:12 IST | INFO | 5m cycle @ 24th August 2026 20:20:00 IST | scanned 29/29 symbols in 1.4s (0.05s/symbol)
24th August 2026 20:20:57 IST | INFO | s146 #2219421833 ladder sl -> 1.90519 (+1.50R at peak 2.03R) ok=True
24th August 2026 20:25:14 IST | INFO | 5m cycle @ 24th August 2026 20:25:00 IST | scanned 29/29 symbols in 1.6s (0.06s/symbol)
24th August 2026 20:27:44 IST | INFO | s146 #2219420672 ladder sl -> 1.63028 (+2.50R at peak 3.04R) ok=True
24th August 2026 20:30:16 IST | INFO | 5m cycle @ 24th August 2026 20:30:00 IST | scanned 29/29 symbols in 2.1s (0.07s/symbol)
24th August 2026 20:35:18 IST | INFO | 5m cycle @ 24th August 2026 20:35:00 IST | scanned 29/29 symbols in 1.5s (0.05s/symbol)
24th August 2026 20:40:20 IST | INFO | 5m cycle @ 24th August 2026 20:40:00 IST | scanned 29/29 symbols in 1.5s (0.05s/symbol)
24th August 2026 20:44:05 IST | INFO | s146 #2219420672 ladder sl -> 1.63063 (+3.00R at peak 3.57R) ok=True
24th August 2026 20:45:22 IST | INFO | 5m cycle @ 24th August 2026 20:45:00 IST | scanned 29/29 symbols in 1.8s (0.06s/symbol)
24th August 2026 20:46:07 IST | INFO | s146 #2219420071 partial 0.13/0.27 lots at 1.29R ok=True
24th August 2026 20:50:23 IST | INFO | 5m cycle @ 24th August 2026 20:50:00 IST | scanned 29/29 symbols in 1.6s (0.05s/symbol)
24th August 2026 20:51:54 IST | INFO | s146 #2219420672 ladder sl -> 1.63099 (+3.50R at peak 4.01R) ok=True
24th August 2026 20:55:09 IST | INFO | S146 USDJPY: skipped non-extreme 15m zone 15m-1787580900-1-7647f5 @ 159.13700; running extreme 15m-1787176800-1-c1ef8d @ 158.12400 across 3 actionable campaign zone(s)
24th August 2026 20:55:10 IST | INFO | 5m cycle @ 24th August 2026 20:55:00 IST | scanned 29/29 symbols in 1.7s (0.06s/symbol)
24th August 2026 21:00:12 IST | INFO | 5m cycle @ 24th August 2026 21:00:00 IST | scanned 29/29 symbols in 1.9s (0.07s/symbol)
24th August 2026 21:05:13 IST | INFO | S146 NZDUSD: skipped non-extreme 15m zone 15m-1787583600--1-114ef1 @ 0.59575; running extreme 15m-1787336100--1-e5e4bb @ 0.59826 across 4 actionable campaign zone(s)
24th August 2026 21:05:14 IST | INFO | 5m cycle @ 24th August 2026 21:05:00 IST | scanned 29/29 symbols in 1.6s (0.06s/symbol)
24th August 2026 21:10:16 IST | INFO | 5m cycle @ 24th August 2026 21:10:00 IST | scanned 29/29 symbols in 2.0s (0.07s/symbol)
24th August 2026 21:15:18 IST | INFO | 5m cycle @ 24th August 2026 21:15:00 IST | scanned 29/29 symbols in 1.9s (0.06s/symbol)
24th August 2026 21:20:19 IST | INFO | 5m cycle @ 24th August 2026 21:20:00 IST | scanned 29/29 symbols in 1.7s (0.06s/symbol)
24th August 2026 21:25:21 IST | INFO | 5m cycle @ 24th August 2026 21:25:00 IST | scanned 29/29 symbols in 1.6s (0.06s/symbol)
24th August 2026 21:26:06 IST | INFO | s146 #2219420071 ladder sl -> 0.71554 (+1.00R at peak 1.52R) ok=True
24th August 2026 21:30:22 IST | INFO | S146 NZDUSD: skipped non-extreme 15m zone 15m-1787584500--1-25a498 @ 0.59585; running extreme 15m-1787336100--1-e5e4bb @ 0.59826 across 4 actionable campaign zone(s)
24th August 2026 21:30:22 IST | INFO | S146 EURNZD: skipped non-extreme 15m zone 15m-1787584500-1-6956d5 @ 1.95786; running extreme 15m-1787565600-1-797c6d @ 1.95390 across 3 actionable campaign zone(s)
24th August 2026 21:30:23 IST | INFO | S146 AUDCHF: skipped non-extreme 15m zone 15m-1787552100-1-f45757 @ 0.57371; running extreme 15m-1787228100-1-5a5e5c @ 0.56715 across 10 actionable campaign zone(s)
24th August 2026 21:30:23 IST | INFO | 5m cycle @ 24th August 2026 21:30:00 IST | scanned 29/29 symbols in 2.1s (0.07s/symbol)
24th August 2026 21:35:10 IST | INFO | S146 AUDNZD: skipped non-extreme 15m zone 15m-1787582700--1-cabd7a @ 1.20028; running extreme 15m-1787577300--1-406e47 @ 1.20065 across 2 actionable campaign zone(s)
24th August 2026 21:35:10 IST | INFO | 5m cycle @ 24th August 2026 21:35:00 IST | scanned 29/29 symbols in 1.7s (0.06s/symbol)
24th August 2026 21:40:12 IST | INFO | 5m cycle @ 24th August 2026 21:40:00 IST | scanned 29/29 symbols in 1.8s (0.06s/symbol)
24th August 2026 21:45:13 IST | INFO | S146 EURAUD: skipped non-extreme 15m zone 15m-1787584500-1-ba5ed6 @ 1.63099; running extreme 15m-1787579100-1-aef2ee @ 1.62884 across 2 actionable campaign zone(s)
24th August 2026 21:45:14 IST | INFO | 5m cycle @ 24th August 2026 21:45:00 IST | scanned 29/29 symbols in 1.9s (0.07s/symbol)
24th August 2026 21:50:16 IST | INFO | 5m cycle @ 24th August 2026 21:50:00 IST | scanned 29/29 symbols in 1.6s (0.06s/symbol)
24th August 2026 21:55:17 IST | INFO | S146 AUDCHF: skipped non-extreme 15m zone 15m-1787546700-1-32d06c @ 0.57353; running extreme 15m-1787228100-1-5a5e5c @ 0.56715 across 9 actionable campaign zone(s)
24th August 2026 21:55:17 IST | INFO | 5m cycle @ 24th August 2026 21:55:00 IST | scanned 29/29 symbols in 1.7s (0.06s/symbol)
24th August 2026 22:00:19 IST | INFO | 5m cycle @ 24th August 2026 22:00:00 IST | scanned 29/29 symbols in 1.9s (0.07s/symbol)
24th August 2026 22:05:21 IST | INFO | 5m cycle @ 24th August 2026 22:05:00 IST | scanned 29/29 symbols in 1.7s (0.06s/symbol)
24th August 2026 22:10:22 IST | INFO | S146 AUDCHF: skipped non-extreme 15m zone 15m-1787585400--1-eb62df @ 0.57367; running extreme 15m-1787579100--1-fc840f @ 0.57457 across 2 actionable campaign zone(s)
24th August 2026 22:10:22 IST | INFO | 5m cycle @ 24th August 2026 22:10:00 IST | scanned 29/29 symbols in 1.6s (0.06s/symbol)
24th August 2026 22:15:24 IST | INFO | 5m cycle @ 24th August 2026 22:15:00 IST | scanned 29/29 symbols in 1.9s (0.07s/symbol)
25th August 2026 14:20:43 IST | INFO | MT5 connected | Exness-MT5Trial15 | DEMO | balance=43739.26 INR | leverage 1:2000
25th August 2026 14:20:43 IST | INFO | liveTrade s146 started | Strategy 146 live engine started | ---------------------------------------- | Account   : 474381718 DEMO INR bal=43739.26 | Symbols   : EURUSD, GBPUSD, USDJPY, USDCHF, AUDUSD, NZDUSD, USDCAD, EURGBP, EURJPY, EURCHF, EURAUD, EURCAD, EURNZD, GBPJPY, GBPCHF, GBPAUD, GBPCAD, GBPNZD, AUDJPY, AUDNZD, AUDCAD, AUDCHF, NZDJPY, NZDCAD, NZDCHF, CADJPY, CADCHF, CHFJPY, XAUUSD | DRY_RUN   : False | Demo only : True (orders blocked: False) | Sizing    : margin Rs1000 @ 1:2000 | free-margin budget 80% | max_concurrent=8 | Exposure  : same destination <= 1 | currency leg <= 3 | Cost gate : skip when spread > 30% of risk | short stop spread pad 0.0x | Entry mode: market (SL/TP attached: True) | Risk guard : DISABLED for s146 (loss_at_sl is informational only) | Stop      : liquidity pool outside 15m zone when available, else distal edge + 0.5 bps buffer | Exit ladder: True | partial 50% at 1.25R | trail step/giveback 0.5R/0.5R | broker TP = 4H destination | Target    : 1.25R partial milestone (4H destination is the broker-side ceiling) | R:R band  : 1.5 - 20.0 (measured to the 4H destination) | Hold limit: 864 5m bars | 15m select: running extreme since 4H confirmation=True (highest supply for short / lowest demand for long) | Legacy new-15m fallback: True (engine start 25th August 2026 14:20:43 IST) | Journals  : {'4h': 'D:\\WorkZera\\Projects\\strategies\\yt_learning\\liveTrade\\logs\\s146_4h_events.log', '15m': 'D:\\WorkZera\\Projects\\strategies\\yt_learning\\liveTrade\\logs\\s146_15m_events.log', '5m': 'D:\\WorkZera\\Projects\\strategies\\yt_learning\\liveTrade\\logs\\s146_5m_events.log', 'trade': 'D:\\WorkZera\\Projects\\strategies\\yt_learning\\liveTrade\\logs\\s146_trades.log'} | 
25th August 2026 14:20:48 IST | INFO | Email sent: Strategy146 liveTrade STARTED
25th August 2026 14:20:49 IST | INFO | S146 NZDUSD: skipped non-extreme 15m zone 15m-1787557500--1-fce04e @ 0.59662; running extreme 15m-1787336100--1-e5e4bb @ 0.59826 across 3 actionable campaign zone(s)
25th August 2026 14:20:52 IST | INFO | 5m cycle @ 25th August 2026 14:20:00 IST | scanned 29/29 symbols in 4.2s (0.15s/symbol)
25th August 2026 14:21:09 IST | INFO | MT5 connected | Exness-MT5Trial15 | DEMO | balance=43739.26 INR | leverage 1:2000
25th August 2026 14:25:15 IST | INFO | 5m cycle @ 25th August 2026 14:25:00 IST | scanned 29/29 symbols in 6.2s (0.22s/symbol)
25th August 2026 14:30:17 IST | INFO | S146 AUDCHF: skipped non-extreme 15m zone 15m-1787643900--1-07e035 @ 0.57428; running extreme 15m-1787634900--1-8f6388 @ 0.57467 across 2 actionable campaign zone(s)
25th August 2026 14:30:18 IST | INFO | 5m cycle @ 25th August 2026 14:30:00 IST | scanned 29/29 symbols in 3.4s (0.12s/symbol)
25th August 2026 14:35:20 IST | INFO | 5m cycle @ 25th August 2026 14:35:00 IST | scanned 29/29 symbols in 1.5s (0.05s/symbol)
25th August 2026 14:40:21 IST | INFO | S146 AUDCHF: skipped non-extreme 15m zone 15m-1787645700--1-cf9474 @ 0.57386; running extreme 15m-1787634900--1-8f6388 @ 0.57467 across 2 actionable campaign zone(s)
25th August 2026 14:40:21 IST | INFO | 5m cycle @ 25th August 2026 14:40:00 IST | scanned 29/29 symbols in 1.1s (0.04s/symbol)
25th August 2026 14:45:22 IST | INFO | S146 SIGNAL AUDCAD SHORT aggressive_liquidation | trigger=0.99046 stop=0.99126 target=0.98946 (1.25R) | stop_basis=liquidity_pool_plus_buffer liq_pool=True | 15m_extreme=True campaign_zones=1 | 4H dest=0.98900 (1.83R)
25th August 2026 14:45:22 IST | WARNING | AUDCAD: margin sizing unavailable — order_calc_margin returned 0.0; side=short price=0.99046047 broker_symbol=AUDCADm tick=(0.9906,0.99078) trade_mode=4 volume=(0.01,0.01,200.0) mt5=(1, 'Success')
25th August 2026 14:45:22 IST | WARNING | AUDCAD: lot sizing returned 0 — skipping
25th August 2026 14:45:23 IST | INFO | 5m cycle @ 25th August 2026 14:45:00 IST | scanned 29/29 symbols in 2.0s (0.07s/symbol)
25th August 2026 14:50:08 IST | INFO | S146 NZDUSD: skipped non-extreme 15m zone 15m-1787630400--1-1c51d6 @ 0.59587; running extreme 15m-1787336100--1-e5e4bb @ 0.59826 across 4 actionable campaign zone(s)
25th August 2026 14:50:09 IST | INFO | S146 GBPCHF: skipped non-extreme 15m zone 15m-1787638500-1-40ab14 @ 1.09488; running extreme 15m-1787229000-1-86e3f5 @ 1.08774 across 7 actionable campaign zone(s)
25th August 2026 14:50:10 IST | INFO | 5m cycle @ 25th August 2026 14:50:00 IST | scanned 29/29 symbols in 2.3s (0.08s/symbol)
25th August 2026 14:55:12 IST | INFO | 5m cycle @ 25th August 2026 14:55:00 IST | scanned 29/29 symbols in 1.6s (0.06s/symbol)
25th August 2026 15:00:14 IST | INFO | 5m cycle @ 25th August 2026 15:00:00 IST | scanned 29/29 symbols in 1.9s (0.07s/symbol)
25th August 2026 15:05:16 IST | INFO | 5m cycle @ 25th August 2026 15:05:00 IST | scanned 29/29 symbols in 1.9s (0.06s/symbol)
25th August 2026 15:10:16 IST | INFO | S146 AUDUSD: skipped non-extreme 15m zone 15m-1787627700--1-e204a0 @ 0.71538; running extreme 15m-1787579100--1-27218b @ 0.71616 across 2 actionable campaign zone(s)
25th August 2026 15:10:17 IST | INFO | 5m cycle @ 25th August 2026 15:10:00 IST | scanned 29/29 symbols in 1.7s (0.06s/symbol)
25th August 2026 15:15:19 IST | INFO | 5m cycle @ 25th August 2026 15:15:00 IST | scanned 29/29 symbols in 2.0s (0.07s/symbol)
25th August 2026 15:20:23 IST | INFO | S146 SIGNAL AUDNZD SHORT aggressive_liquidation | trigger=1.19991 stop=1.20070 target=1.19892 (1.25R) | stop_basis=liquidity_pool_plus_buffer liq_pool=True | 15m_extreme=True campaign_zones=1 | 4H dest=1.19679 (3.95R)
25th August 2026 15:20:27 IST | INFO | Email sent: S146 SHORT AUDNZD @ 1.19991 (1.25R target)
25th August 2026 15:20:27 IST | INFO | AUDNZD: market order placed #2229054847 0.27 lots @ 1.20007 | sl/tp attached=True
25th August 2026 15:20:29 IST | INFO | 5m cycle @ 25th August 2026 15:20:00 IST | scanned 29/29 symbols in 9.4s (0.32s/symbol)
25th August 2026 15:25:14 IST | INFO | S146 USDCAD: skipped non-extreme 15m zone 15m-1787628600-1-1a9838 @ 1.38529; running extreme 15m-1787314500-1-681386 @ 1.37405 across 8 actionable campaign zone(s)
25th August 2026 15:25:16 IST | INFO | 5m cycle @ 25th August 2026 15:25:00 IST | scanned 29/29 symbols in 1.8s (0.06s/symbol)
25th August 2026 15:30:16 IST | INFO | S146 EURNZD: skipped non-extreme 15m zone 15m-1787638500-1-fb44ca @ 1.95722; running extreme 15m-1787565600-1-797c6d @ 1.95390 across 2 actionable campaign zone(s)
25th August 2026 15:30:17 IST | INFO | 5m cycle @ 25th August 2026 15:30:00 IST | scanned 29/29 symbols in 2.0s (0.07s/symbol)
25th August 2026 15:35:23 IST | INFO | 5m cycle @ 25th August 2026 15:35:00 IST | scanned 29/29 symbols in 5.2s (0.18s/symbol)
25th August 2026 15:40:09 IST | INFO | S146 NZDCHF: skipped non-extreme 15m zone 15m-1787645700--1-976438 @ 0.47805; running extreme 15m-1787634000--1-1fa2b3 @ 0.47874 across 2 actionable campaign zone(s)
25th August 2026 15:40:09 IST | INFO | 5m cycle @ 25th August 2026 15:40:00 IST | scanned 29/29 symbols in 1.6s (0.06s/symbol)
25th August 2026 15:45:11 IST | INFO | 5m cycle @ 25th August 2026 15:45:00 IST | scanned 29/29 symbols in 1.9s (0.06s/symbol)
25th August 2026 15:50:17 IST | INFO | 5m cycle @ 25th August 2026 15:50:00 IST | scanned 29/29 symbols in 5.4s (0.19s/symbol)
25th August 2026 15:55:17 IST | INFO | S146 SIGNAL EURJPY SHORT aggressive_liquidation | trigger=185.75071 stop=185.94480 target=185.50811 (1.25R) | stop_basis=liquidity_pool_plus_buffer liq_pool=True | 15m_extreme=True campaign_zones=1 | 4H dest=184.81400 (4.83R)
25th August 2026 15:55:20 IST | INFO | Email sent: S146 SHORT EURJPY @ 185.75071 (1.25R target)
25th August 2026 15:55:21 IST | INFO | EURJPY: market order placed #2229271794 0.16 lots @ 185.77000 | sl/tp attached=True
25th August 2026 15:55:22 IST | INFO | 5m cycle @ 25th August 2026 15:55:00 IST | scanned 29/29 symbols in 4.9s (0.17s/symbol)
25th August 2026 16:00:24 IST | INFO | 5m cycle @ 25th August 2026 16:00:00 IST | scanned 29/29 symbols in 1.8s (0.06s/symbol)
25th August 2026 16:05:15 IST | INFO | 5m cycle @ 25th August 2026 16:05:00 IST | scanned 29/29 symbols in 5.8s (0.20s/symbol)
25th August 2026 16:10:16 IST | INFO | 5m cycle @ 25th August 2026 16:10:00 IST | scanned 29/29 symbols in 1.6s (0.05s/symbol)
25th August 2026 16:15:18 IST | INFO | 5m cycle @ 25th August 2026 16:15:00 IST | scanned 29/29 symbols in 1.8s (0.06s/symbol)
25th August 2026 16:20:23 IST | INFO | 5m cycle @ 25th August 2026 16:20:00 IST | scanned 29/29 symbols in 4.8s (0.17s/symbol)
25th August 2026 16:25:10 IST | INFO | 5m cycle @ 25th August 2026 16:25:00 IST | scanned 29/29 symbols in 1.5s (0.05s/symbol)
25th August 2026 16:30:12 IST | INFO | 5m cycle @ 25th August 2026 16:30:00 IST | scanned 29/29 symbols in 1.9s (0.06s/symbol)
25th August 2026 16:35:16 IST | INFO | 5m cycle @ 25th August 2026 16:35:00 IST | scanned 29/29 symbols in 4.5s (0.16s/symbol)
25th August 2026 16:40:17 IST | INFO | S146 GBPAUD: skipped non-extreme 15m zone 15m-1787634900-1-5ba1c1 @ 1.90560; running extreme 15m-1787571000-1-458c3e @ 1.90348 across 3 actionable campaign zone(s)
25th August 2026 16:40:18 IST | INFO | 5m cycle @ 25th August 2026 16:40:00 IST | scanned 29/29 symbols in 1.6s (0.06s/symbol)
25th August 2026 16:45:19 IST | INFO | S146 SIGNAL AUDUSD LONG aggressive_liquidation | trigger=0.71528 stop=0.71467 target=0.71603 (1.25R) | stop_basis=liquidity_pool_plus_buffer liq_pool=True | 15m_extreme=True campaign_zones=1 | 4H dest=0.71638 (1.82R)
25th August 2026 16:45:22 IST | INFO | Email sent: S146 LONG AUDUSD @ 0.71528 (1.25R target)
25th August 2026 16:45:22 IST | INFO | AUDUSD: market order placed #2229567035 0.26 lots @ 0.71526 | sl/tp attached=True
25th August 2026 16:45:23 IST | INFO | S146 CADJPY: skipped non-extreme 15m zone 15m-1787650200--1-ccca00 @ 114.96000; running extreme 15m-1787337900--1-cce508 @ 115.54500 across 5 actionable campaign zone(s)
25th August 2026 16:45:23 IST | INFO | 5m cycle @ 25th August 2026 16:45:00 IST | scanned 29/29 symbols in 5.2s (0.18s/symbol)
25th August 2026 16:50:14 IST | INFO | 5m cycle @ 25th August 2026 16:50:00 IST | scanned 29/29 symbols in 5.8s (0.20s/symbol)
25th August 2026 16:55:15 IST | INFO | S146 EURCHF: skipped non-extreme 15m zone 15m-1787618700-1-085f9e @ 0.93599; running extreme 15m-1787235300-1-3cdefe @ 0.93325 across 4 actionable campaign zone(s)
25th August 2026 16:55:16 IST | INFO | 5m cycle @ 25th August 2026 16:55:00 IST | scanned 29/29 symbols in 1.5s (0.05s/symbol)
25th August 2026 17:00:16 IST | INFO | S146 SIGNAL EURUSD LONG aggressive_liquidation | trigger=1.16623 stop=1.16558 target=1.16704 (1.25R) | stop_basis=liquidity_pool_plus_buffer liq_pool=True | 15m_extreme=True campaign_zones=1 | 4H dest=1.16749 (1.95R)
25th August 2026 17:00:20 IST | INFO | Email sent: S146 LONG EURUSD @ 1.16623 (1.25R target)
25th August 2026 17:00:21 IST | INFO | EURUSD: market order placed #2229653939 0.16 lots @ 1.16621 | sl/tp attached=True
25th August 2026 17:00:22 IST | INFO | 5m cycle @ 25th August 2026 17:00:00 IST | scanned 29/29 symbols in 6.5s (0.22s/symbol)
25th August 2026 17:05:14 IST | INFO | 5m cycle @ 25th August 2026 17:05:00 IST | scanned 29/29 symbols in 6.3s (0.22s/symbol)
25th August 2026 17:10:15 IST | INFO | 5m cycle @ 25th August 2026 17:10:00 IST | scanned 29/29 symbols in 1.4s (0.05s/symbol)
25th August 2026 17:14:30 IST | INFO | s146 #2229054847 partial 0.13/0.27 lots at 1.25R ok=True
25th August 2026 17:14:30 IST | INFO | s146 #2229054847 ladder sl -> 1.20007 (+0.00R at peak 1.25R) ok=True
25th August 2026 17:15:17 IST | INFO | 5m cycle @ 25th August 2026 17:15:00 IST | scanned 29/29 symbols in 1.6s (0.06s/symbol)
25th August 2026 17:20:22 IST | INFO | 5m cycle @ 25th August 2026 17:20:00 IST | scanned 29/29 symbols in 4.4s (0.15s/symbol)
25th August 2026 17:21:07 IST | INFO | s146 #2229054847 ladder sl -> 1.19944 (+1.00R at peak 1.51R) ok=True
25th August 2026 17:25:23 IST | INFO | S146 EURAUD: skipped non-extreme 15m zone 15m-1787634900-1-a87c75 @ 1.62995; running extreme 15m-1787579100-1-aef2ee @ 1.62884 across 2 actionable campaign zone(s)
25th August 2026 17:25:24 IST | INFO | 5m cycle @ 25th August 2026 17:25:00 IST | scanned 29/29 symbols in 1.4s (0.05s/symbol)
25th August 2026 17:30:11 IST | INFO | 5m cycle @ 25th August 2026 17:30:00 IST | scanned 29/29 symbols in 1.8s (0.06s/symbol)
25th August 2026 17:35:13 IST | INFO | S146 EURCHF: skipped non-extreme 15m zone 15m-1787612400-1-77a421 @ 0.93585; running extreme 15m-1787235300-1-3cdefe @ 0.93325 across 3 actionable campaign zone(s)
25th August 2026 17:35:13 IST | INFO | S146 SIGNAL EURNZD LONG aggressive_liquidation | trigger=1.95538 stop=1.95352 target=1.95770 (1.25R) | stop_basis=liquidity_pool_plus_buffer liq_pool=True | 15m_extreme=True campaign_zones=1 | 4H dest=1.96361 (4.44R)
25th August 2026 17:35:18 IST | INFO | Email sent: S146 LONG EURNZD @ 1.95538 (1.25R target)
25th August 2026 17:35:18 IST | INFO | EURNZD: market order placed #2229881780 0.16 lots @ 1.95516 | sl/tp attached=True
25th August 2026 17:35:21 IST | INFO | 5m cycle @ 25th August 2026 17:35:00 IST | scanned 29/29 symbols in 10.1s (0.35s/symbol)
25th August 2026 17:40:22 IST | INFO | S146 SIGNAL EURCAD SHORT aggressive_liquidation | trigger=1.61594 stop=1.61656 target=1.61516 (1.25R) | stop_basis=liquidity_pool_plus_buffer liq_pool=True | 15m_extreme=True campaign_zones=1 | 4H dest=1.61118 (7.66R)
25th August 2026 17:40:25 IST | INFO | Email sent: S146 SHORT EURCAD @ 1.61594 (1.25R target)
25th August 2026 17:40:25 IST | INFO | EURCAD: market order placed #2229921396 0.16 lots @ 1.61619 | sl/tp attached=True
25th August 2026 17:40:26 IST | INFO | 5m cycle @ 25th August 2026 17:40:00 IST | scanned 29/29 symbols in 5.0s (0.17s/symbol)
25th August 2026 17:45:13 IST | INFO | 5m cycle @ 25th August 2026 17:45:00 IST | scanned 29/29 symbols in 1.7s (0.06s/symbol)
25th August 2026 17:50:17 IST | INFO | 5m cycle @ 25th August 2026 17:50:00 IST | scanned 29/29 symbols in 4.2s (0.15s/symbol)
25th August 2026 17:55:19 IST | INFO | 5m cycle @ 25th August 2026 17:55:00 IST | scanned 29/29 symbols in 1.4s (0.05s/symbol)
25th August 2026 18:00:19 IST | INFO | S146 EURCHF: skipped non-extreme 15m zone 15m-1787656500--1-3bced9 @ 0.93612; running extreme 15m-1787645700--1-e24b32 @ 0.93705 across 2 actionable campaign zone(s)
25th August 2026 18:00:20 IST | INFO | 5m cycle @ 25th August 2026 18:00:00 IST | scanned 29/29 symbols in 1.6s (0.05s/symbol)
25th August 2026 18:05:22 IST | INFO | 5m cycle @ 25th August 2026 18:05:00 IST | scanned 29/29 symbols in 1.6s (0.05s/symbol)
25th August 2026 18:10:24 IST | INFO | 5m cycle @ 25th August 2026 18:10:00 IST | scanned 29/29 symbols in 1.4s (0.05s/symbol)
25th August 2026 18:15:09 IST | INFO | S146 EURAUD: skipped non-extreme 15m zone 15m-1787652000--1-ed285f @ 1.63083; running extreme 15m-1787648400--1-6e4009 @ 1.63203 across 2 actionable campaign zone(s)
25th August 2026 18:15:10 IST | INFO | S146 GBPCHF: skipped non-extreme 15m zone 15m-1787612400-1-c08726 @ 1.09385; running extreme 15m-1787229000-1-86e3f5 @ 1.08774 across 4 actionable campaign zone(s)
25th August 2026 18:15:11 IST | INFO | 5m cycle @ 25th August 2026 18:15:00 IST | scanned 29/29 symbols in 1.8s (0.06s/symbol)
25th August 2026 18:20:12 IST | INFO | S146 CADJPY: skipped non-extreme 15m zone 15m-1787659200--1-9d1866 @ 114.89700; running extreme 15m-1787337900--1-cce508 @ 115.54500 across 6 actionable campaign zone(s)
25th August 2026 18:20:12 IST | INFO | 5m cycle @ 25th August 2026 18:20:00 IST | scanned 29/29 symbols in 1.6s (0.06s/symbol)
25th August 2026 18:25:14 IST | INFO | 5m cycle @ 25th August 2026 18:25:00 IST | scanned 29/29 symbols in 1.4s (0.05s/symbol)
25th August 2026 18:30:15 IST | INFO | 5m cycle @ 25th August 2026 18:30:00 IST | scanned 29/29 symbols in 1.7s (0.06s/symbol)
25th August 2026 18:35:17 IST | INFO | 5m cycle @ 25th August 2026 18:35:00 IST | scanned 29/29 symbols in 1.6s (0.05s/symbol)
25th August 2026 18:39:17 IST | INFO | s146 #2229653939 partial 0.08/0.16 lots at 1.26R ok=True
25th August 2026 18:39:17 IST | INFO | s146 #2229653939 ladder sl -> 1.16621 (+0.00R at peak 1.26R) ok=True
25th August 2026 18:40:19 IST | INFO | 5m cycle @ 25th August 2026 18:40:00 IST | scanned 29/29 symbols in 1.4s (0.05s/symbol)
25th August 2026 18:41:04 IST | INFO | s146 #2229653939 ladder sl -> 1.16684 (+1.00R at peak 1.69R) ok=True
25th August 2026 18:42:04 IST | INFO | s146 #2229567035 partial 0.13/0.26 lots at 1.42R ok=True
25th August 2026 18:42:04 IST | INFO | s146 #2229567035 ladder sl -> 0.71526 (+0.00R at peak 1.42R) ok=True
25th August 2026 18:42:49 IST | INFO | s146 #2229567035 ladder sl -> 0.71585 (+1.00R at peak 1.51R) ok=True
25th August 2026 18:45:21 IST | INFO | 5m cycle @ 25th August 2026 18:45:00 IST | scanned 29/29 symbols in 1.9s (0.06s/symbol)
25th August 2026 18:50:21 IST | INFO | S146 SIGNAL USDJPY LONG aggressive_liquidation | trigger=159.22996 stop=159.11404 target=159.37486 (1.25R) | stop_basis=15m_zone_distal_plus_buffer liq_pool=False | 15m_extreme=True campaign_zones=1 | 4H dest=159.59100 (3.11R)
25th August 2026 18:50:25 IST | INFO | Email sent: S146 LONG USDJPY @ 159.22996 (1.25R target)
25th August 2026 18:50:25 IST | INFO | USDJPY: market order placed #2230675041 0.19 lots @ 159.22400 | sl/tp attached=True
25th August 2026 18:50:27 IST | INFO | 5m cycle @ 25th August 2026 18:50:00 IST | scanned 29/29 symbols in 5.5s (0.19s/symbol)
25th August 2026 18:55:12 IST | INFO | S146 EURGBP: skipped non-extreme 15m zone 15m-1787658300-1-592e59 @ 0.85550; running extreme 15m-1787653800-1-309846 @ 0.85511 across 2 actionable campaign zone(s)
25th August 2026 18:55:12 IST | INFO | S146 SIGNAL EURGBP LONG aggressive_liquidation | trigger=0.85527 stop=0.85497 target=0.85565 (1.25R) | stop_basis=liquidity_pool_plus_buffer liq_pool=True | 15m_extreme=True campaign_zones=2 | 4H dest=0.85693 (5.51R)
25th August 2026 18:55:12 IST | WARNING | S146 EURGBP: skipped on spread cost — spread 0.000130 is 43.3% of risk (limit 30%)
25th August 2026 18:55:13 IST | INFO | 5m cycle @ 25th August 2026 18:55:00 IST | scanned 29/29 symbols in 1.7s (0.06s/symbol)
25th August 2026 19:00:14 IST | INFO | S146 USDCHF: skipped non-extreme 15m zone 15m-1787661000--1-87fffb @ 0.80252; running extreme 15m-1787643900--1-83ee2f @ 0.80395 across 2 actionable campaign zone(s)
25th August 2026 19:00:15 IST | INFO | 5m cycle @ 25th August 2026 19:00:00 IST | scanned 29/29 symbols in 1.7s (0.06s/symbol)
25th August 2026 19:05:17 IST | INFO | 5m cycle @ 25th August 2026 19:05:00 IST | scanned 29/29 symbols in 1.7s (0.06s/symbol)
25th August 2026 19:10:17 IST | INFO | S146 USDCAD: skipped non-extreme 15m zone 15m-1787615100-1-36f7e7 @ 1.38423; running extreme 15m-1787314500-1-681386 @ 1.37405 across 7 actionable campaign zone(s)
25th August 2026 19:10:18 IST | INFO | S146 CADJPY: skipped non-extreme 15m zone 15m-1787644800--1-066ea7 @ 115.03500; running extreme 15m-1787337900--1-cce508 @ 115.54500 across 4 actionable campaign zone(s)
25th August 2026 19:10:19 IST | INFO | 5m cycle @ 25th August 2026 19:10:00 IST | scanned 29/29 symbols in 1.5s (0.05s/symbol)
25th August 2026 19:15:20 IST | INFO | 5m cycle @ 25th August 2026 19:15:00 IST | scanned 29/29 symbols in 1.8s (0.06s/symbol)
25th August 2026 19:20:22 IST | INFO | 5m cycle @ 25th August 2026 19:20:00 IST | scanned 29/29 symbols in 1.7s (0.06s/symbol)
25th August 2026 19:25:23 IST | INFO | S146 SIGNAL GBPCAD SHORT conservative_mss | trigger=1.88770 stop=1.89047 target=1.88423 (1.25R) | stop_basis=liquidity_pool_plus_buffer liq_pool=True | 15m_extreme=True campaign_zones=1 | 4H dest=1.88309 (1.66R)
25th August 2026 19:25:28 IST | INFO | Email sent: S146 SHORT GBPCAD @ 1.88770 (1.25R target)
25th August 2026 19:25:28 IST | INFO | GBPCAD: market order placed #2231175910 0.14 lots @ 1.88782 | sl/tp attached=True
25th August 2026 19:25:29 IST | INFO | 5m cycle @ 25th August 2026 19:25:00 IST | scanned 29/29 symbols in 6.8s (0.23s/symbol)
25th August 2026 19:30:16 IST | INFO | 5m cycle @ 25th August 2026 19:30:00 IST | scanned 29/29 symbols in 1.7s (0.06s/symbol)
25th August 2026 19:35:18 IST | INFO | 5m cycle @ 25th August 2026 19:35:00 IST | scanned 29/29 symbols in 1.6s (0.06s/symbol)
25th August 2026 19:40:19 IST | INFO | 5m cycle @ 25th August 2026 19:40:00 IST | scanned 29/29 symbols in 1.4s (0.05s/symbol)
25th August 2026 19:45:21 IST | INFO | 5m cycle @ 25th August 2026 19:45:00 IST | scanned 29/29 symbols in 1.7s (0.06s/symbol)
25th August 2026 19:50:22 IST | INFO | S146 GBPCHF: skipped non-extreme 15m zone 15m-1787661000-1-eb313e @ 1.09412; running extreme 15m-1787237100-1-eb61d7 @ 1.08870 across 3 actionable campaign zone(s)
25th August 2026 19:50:23 IST | INFO | 5m cycle @ 25th August 2026 19:50:00 IST | scanned 29/29 symbols in 1.6s (0.05s/symbol)
25th August 2026 19:55:09 IST | INFO | 5m cycle @ 25th August 2026 19:55:00 IST | scanned 29/29 symbols in 1.3s (0.05s/symbol)
25th August 2026 20:00:11 IST | INFO | 5m cycle @ 25th August 2026 20:00:00 IST | scanned 29/29 symbols in 1.7s (0.06s/symbol)
25th August 2026 20:05:12 IST | INFO | S146 SIGNAL GBPNZD LONG aggressive_liquidation | trigger=2.28505 stop=2.28315 target=2.28744 (1.25R) | stop_basis=15m_zone_distal_plus_buffer liq_pool=False | 15m_extreme=True campaign_zones=1 | 4H dest=2.29281 (4.06R)
25th August 2026 20:05:15 IST | INFO | Email sent: S146 LONG GBPNZD @ 2.28505 (1.25R target)
25th August 2026 20:05:15 IST | INFO | GBPNZD: market order placed #2231603787 0.13 lots @ 2.28442 | sl/tp attached=True
25th August 2026 20:05:16 IST | INFO | 5m cycle @ 25th August 2026 20:05:00 IST | scanned 29/29 symbols in 5.2s (0.18s/symbol)
25th August 2026 20:10:17 IST | INFO | 5m cycle @ 25th August 2026 20:10:00 IST | scanned 29/29 symbols in 1.4s (0.05s/symbol)
25th August 2026 20:15:19 IST | INFO | 5m cycle @ 25th August 2026 20:15:00 IST | scanned 29/29 symbols in 1.6s (0.06s/symbol)
25th August 2026 20:20:21 IST | INFO | S146 XAUUSD: skipped non-extreme 15m zone 15m-1787661900--1-f27a57 @ 4638.28700; running extreme 15m-1787621400--1-dc1cf9 @ 4669.63500 across 2 actionable campaign zone(s)
25th August 2026 20:20:21 IST | INFO | 5m cycle @ 25th August 2026 20:20:00 IST | scanned 29/29 symbols in 1.5s (0.05s/symbol)
25th August 2026 20:25:21 IST | INFO | S146 NZDUSD: skipped non-extreme 15m zone 15m-1787553900--1-bd7762 @ 0.59717; running extreme 15m-1787336100--1-e5e4bb @ 0.59826 across 2 actionable campaign zone(s)
25th August 2026 20:25:22 IST | INFO | S146 GBPAUD: skipped non-extreme 15m zone 15m-1787579100-1-8e5051 @ 1.90454; running extreme 15m-1787571000-1-458c3e @ 1.90348 across 2 actionable campaign zone(s)
25th August 2026 20:25:22 IST | INFO | S146 SIGNAL AUDCHF SHORT aggressive_liquidation | trigger=0.57439 stop=0.57494 target=0.57371 (1.25R) | stop_basis=15m_zone_distal_plus_buffer liq_pool=False | 15m_extreme=True campaign_zones=1 | 4H dest=0.56938 (9.15R)
25th August 2026 20:25:25 IST | INFO | Email sent: S146 SHORT AUDCHF @ 0.57439 (1.25R target)
25th August 2026 20:25:26 IST | INFO | AUDCHF: market order placed #2231796571 0.27 lots @ 0.57443 | sl/tp attached=True
25th August 2026 20:25:26 IST | INFO | S146 SIGNAL NZDJPY SHORT aggressive_liquidation | trigger=95.03625 stop=95.09075 target=94.96811 (1.25R) | stop_basis=15m_zone_distal_plus_buffer liq_pool=False | 15m_extreme=True campaign_zones=1 | 4H dest=94.35100 (12.57R)
25th August 2026 20:25:29 IST | INFO | Email sent: S146 SHORT NZDJPY @ 95.03625 (1.25R target)
25th August 2026 20:25:29 IST | INFO | NZDJPY: market order placed #2231797162 0.32 lots @ 95.04600 | sl/tp attached=True
25th August 2026 20:25:29 IST | INFO | 5m cycle @ 25th August 2026 20:25:00 IST | scanned 29/29 symbols in 8.8s (0.30s/symbol)
25th August 2026 20:30:16 IST | INFO | 5m cycle @ 25th August 2026 20:30:00 IST | scanned 29/29 symbols in 1.5s (0.05s/symbol)
25th August 2026 20:35:18 IST | INFO | 5m cycle @ 25th August 2026 20:35:00 IST | scanned 29/29 symbols in 1.6s (0.06s/symbol)
25th August 2026 20:40:19 IST | INFO | 5m cycle @ 25th August 2026 20:40:00 IST | scanned 29/29 symbols in 1.3s (0.04s/symbol)
25th August 2026 20:45:21 IST | INFO | 5m cycle @ 25th August 2026 20:45:00 IST | scanned 29/29 symbols in 1.4s (0.05s/symbol)
25th August 2026 20:50:22 IST | INFO | 5m cycle @ 25th August 2026 20:50:00 IST | scanned 29/29 symbols in 1.6s (0.06s/symbol)
25th August 2026 20:55:23 IST | INFO | 5m cycle @ 25th August 2026 20:55:00 IST | scanned 29/29 symbols in 1.3s (0.05s/symbol)
25th August 2026 21:00:10 IST | INFO | S146 CADCHF: skipped non-extreme 15m zone 15m-1787666400-1-cd6111 @ 0.57996; running extreme 15m-1787662800-1-685ab5 @ 0.57942 across 2 actionable campaign zone(s)
25th August 2026 21:00:10 IST | INFO | 5m cycle @ 25th August 2026 21:00:00 IST | scanned 29/29 symbols in 1.5s (0.05s/symbol)
25th August 2026 21:05:12 IST | INFO | 5m cycle @ 25th August 2026 21:05:00 IST | scanned 29/29 symbols in 2.0s (0.07s/symbol)
25th August 2026 21:10:14 IST | INFO | 5m cycle @ 25th August 2026 21:10:00 IST | scanned 29/29 symbols in 1.5s (0.05s/symbol)
25th August 2026 21:15:15 IST | INFO | 5m cycle @ 25th August 2026 21:15:00 IST | scanned 29/29 symbols in 1.7s (0.06s/symbol)
25th August 2026 21:20:17 IST | INFO | 5m cycle @ 25th August 2026 21:20:00 IST | scanned 29/29 symbols in 1.7s (0.06s/symbol)
25th August 2026 21:25:19 IST | INFO | 5m cycle @ 25th August 2026 21:25:00 IST | scanned 29/29 symbols in 1.4s (0.05s/symbol)
25th August 2026 21:30:20 IST | INFO | 5m cycle @ 25th August 2026 21:30:00 IST | scanned 29/29 symbols in 1.7s (0.06s/symbol)
25th August 2026 21:35:21 IST | INFO | S146 GBPJPY: skipped non-extreme 15m zone 15m-1787670900--1-11621c @ 217.11800; running extreme 15m-1787647500--1-fd18ec @ 217.31400 across 2 actionable campaign zone(s)
25th August 2026 21:35:22 IST | INFO | 5m cycle @ 25th August 2026 21:35:00 IST | scanned 29/29 symbols in 1.7s (0.06s/symbol)
25th August 2026 21:40:23 IST | INFO | 5m cycle @ 25th August 2026 21:40:00 IST | scanned 29/29 symbols in 1.4s (0.05s/symbol)
25th August 2026 21:45:10 IST | INFO | 5m cycle @ 25th August 2026 21:45:00 IST | scanned 29/29 symbols in 1.6s (0.05s/symbol)
25th August 2026 21:50:12 IST | INFO | 5m cycle @ 25th August 2026 21:50:00 IST | scanned 29/29 symbols in 1.9s (0.06s/symbol)
25th August 2026 21:55:13 IST | INFO | 5m cycle @ 25th August 2026 21:55:00 IST | scanned 29/29 symbols in 1.4s (0.05s/symbol)
25th August 2026 22:00:15 IST | INFO | 5m cycle @ 25th August 2026 22:00:00 IST | scanned 29/29 symbols in 1.6s (0.06s/symbol)
25th August 2026 22:05:17 IST | INFO | 5m cycle @ 25th August 2026 22:05:00 IST | scanned 29/29 symbols in 1.7s (0.06s/symbol)
25th August 2026 22:10:18 IST | INFO | 5m cycle @ 25th August 2026 22:10:00 IST | scanned 29/29 symbols in 1.4s (0.05s/symbol)
25th August 2026 22:15:19 IST | INFO | S146 SIGNAL GBPCHF SHORT aggressive_liquidation | trigger=1.09446 stop=1.09475 target=1.09408 (1.25R) | stop_basis=15m_zone_distal_plus_buffer liq_pool=False | 15m_extreme=True campaign_zones=1 | 4H dest=1.09304 (4.73R)
25th August 2026 22:15:19 IST | WARNING | S146 GBPCHF: skipped on spread cost — spread 0.000150 is 50.1% of risk (limit 30%)
25th August 2026 22:15:20 IST | INFO | 5m cycle @ 25th August 2026 22:15:00 IST | scanned 29/29 symbols in 1.6s (0.06s/symbol)
25th August 2026 22:20:22 IST | INFO | 5m cycle @ 25th August 2026 22:20:00 IST | scanned 29/29 symbols in 1.7s (0.06s/symbol)
25th August 2026 22:25:23 IST | INFO | 5m cycle @ 25th August 2026 22:25:00 IST | scanned 29/29 symbols in 1.5s (0.05s/symbol)
25th August 2026 22:30:10 IST | INFO | 5m cycle @ 25th August 2026 22:30:00 IST | scanned 29/29 symbols in 1.6s (0.06s/symbol)
25th August 2026 22:35:12 IST | INFO | 5m cycle @ 25th August 2026 22:35:00 IST | scanned 29/29 symbols in 1.9s (0.07s/symbol)
25th August 2026 22:40:13 IST | INFO | 5m cycle @ 25th August 2026 22:40:00 IST | scanned 29/29 symbols in 1.5s (0.05s/symbol)
25th August 2026 22:45:15 IST | INFO | 5m cycle @ 25th August 2026 22:45:00 IST | scanned 29/29 symbols in 1.6s (0.06s/symbol)
25th August 2026 22:50:17 IST | INFO | 5m cycle @ 25th August 2026 22:50:00 IST | scanned 29/29 symbols in 1.7s (0.06s/symbol)
25th August 2026 22:55:18 IST | INFO | 5m cycle @ 25th August 2026 22:55:00 IST | scanned 29/29 symbols in 1.4s (0.05s/symbol)
25th August 2026 23:00:20 IST | INFO | 5m cycle @ 25th August 2026 23:00:00 IST | scanned 29/29 symbols in 1.7s (0.06s/symbol)
25th August 2026 23:05:22 IST | INFO | 5m cycle @ 25th August 2026 23:05:00 IST | scanned 29/29 symbols in 1.8s (0.06s/symbol)
25th August 2026 23:10:23 IST | INFO | S146 AUDNZD: skipped non-extreme 15m zone 15m-1787677200--1-02c902 @ 1.19858; running extreme 15m-1787652900--1-59d3cf @ 1.20004 across 3 actionable campaign zone(s)
25th August 2026 23:10:23 IST | INFO | 5m cycle @ 25th August 2026 23:10:00 IST | scanned 29/29 symbols in 1.4s (0.05s/symbol)
25th August 2026 23:15:10 IST | INFO | 5m cycle @ 25th August 2026 23:15:00 IST | scanned 29/29 symbols in 1.7s (0.06s/symbol)
25th August 2026 23:20:12 IST | INFO | 5m cycle @ 25th August 2026 23:20:00 IST | scanned 29/29 symbols in 1.9s (0.06s/symbol)
25th August 2026 23:25:14 IST | INFO | 5m cycle @ 25th August 2026 23:25:00 IST | scanned 29/29 symbols in 1.4s (0.05s/symbol)
25th August 2026 23:30:15 IST | INFO | 5m cycle @ 25th August 2026 23:30:00 IST | scanned 29/29 symbols in 1.6s (0.06s/symbol)
25th August 2026 23:35:17 IST | INFO | 5m cycle @ 25th August 2026 23:35:00 IST | scanned 29/29 symbols in 1.7s (0.06s/symbol)
25th August 2026 23:40:18 IST | INFO | 5m cycle @ 25th August 2026 23:40:00 IST | scanned 29/29 symbols in 1.4s (0.05s/symbol)
25th August 2026 23:45:20 IST | INFO | 5m cycle @ 25th August 2026 23:45:00 IST | scanned 29/29 symbols in 1.7s (0.06s/symbol)
25th August 2026 23:50:22 IST | INFO | 5m cycle @ 25th August 2026 23:50:00 IST | scanned 29/29 symbols in 1.7s (0.06s/symbol)
25th August 2026 23:55:23 IST | INFO | 5m cycle @ 25th August 2026 23:55:00 IST | scanned 29/29 symbols in 1.5s (0.05s/symbol)
26th August 2026 0:00:10 IST | INFO | 5m cycle @ 26th August 2026 0:00:00 IST | scanned 29/29 symbols in 1.6s (0.05s/symbol)
26th August 2026 0:05:12 IST | INFO | 5m cycle @ 26th August 2026 0:05:00 IST | scanned 29/29 symbols in 1.9s (0.07s/symbol)
26th August 2026 0:10:13 IST | INFO | 5m cycle @ 26th August 2026 0:10:00 IST | scanned 29/29 symbols in 1.4s (0.05s/symbol)
26th August 2026 0:15:15 IST | INFO | 5m cycle @ 26th August 2026 0:15:00 IST | scanned 29/29 symbols in 1.7s (0.06s/symbol)
26th August 2026 0:20:17 IST | INFO | 5m cycle @ 26th August 2026 0:20:00 IST | scanned 29/29 symbols in 1.7s (0.06s/symbol)
26th August 2026 0:25:18 IST | INFO | 5m cycle @ 26th August 2026 0:25:00 IST | scanned 29/29 symbols in 1.4s (0.05s/symbol)
26th August 2026 0:30:20 IST | INFO | 5m cycle @ 26th August 2026 0:30:00 IST | scanned 29/29 symbols in 1.7s (0.06s/symbol)
26th August 2026 0:35:20 IST | INFO | S146 SIGNAL EURGBP LONG aggressive_liquidation | trigger=0.85559 stop=0.85501 target=0.85632 (1.25R) | stop_basis=liquidity_pool_plus_buffer liq_pool=True | 15m_extreme=True campaign_zones=1 | 4H dest=0.85693 (2.28R)
26th August 2026 0:35:24 IST | INFO | Email sent: S146 LONG EURGBP @ 0.85559 (1.25R target)
26th August 2026 0:35:24 IST | INFO | EURGBP: market order placed #2233461904 0.16 lots @ 0.85568 | sl/tp attached=True
26th August 2026 0:35:26 IST | INFO | 5m cycle @ 26th August 2026 0:35:00 IST | scanned 29/29 symbols in 5.7s (0.20s/symbol)
26th August 2026 0:40:12 IST | INFO | 5m cycle @ 26th August 2026 0:40:00 IST | scanned 29/29 symbols in 1.4s (0.05s/symbol)
26th August 2026 0:45:13 IST | INFO | S146 GBPAUD: skipped non-extreme 15m zone 15m-1787676300-1-44e4b8 @ 1.90556; running extreme 15m-1787571000-1-458c3e @ 1.90348 across 2 actionable campaign zone(s)
26th August 2026 0:45:14 IST | INFO | 5m cycle @ 26th August 2026 0:45:00 IST | scanned 29/29 symbols in 1.7s (0.06s/symbol)
26th August 2026 0:50:15 IST | INFO | 5m cycle @ 26th August 2026 0:50:00 IST | scanned 29/29 symbols in 1.7s (0.06s/symbol)
26th August 2026 0:55:17 IST | INFO | 5m cycle @ 26th August 2026 0:55:00 IST | scanned 29/29 symbols in 1.3s (0.05s/symbol)
26th August 2026 1:00:17 IST | INFO | S146 EURCAD: skipped non-extreme 15m zone 15m-1787682600--1-0ff88e @ 1.61449; running extreme 15m-1787662800--1-fdfdb6 @ 1.61583 across 2 actionable campaign zone(s)
26th August 2026 1:00:18 IST | INFO | S146 AUDCAD: skipped non-extreme 15m zone 15m-1787675400--1-1c89df @ 0.99015; running extreme 15m-1787662800--1-9649d5 @ 0.99086 across 2 actionable campaign zone(s)
26th August 2026 1:00:18 IST | INFO | 5m cycle @ 26th August 2026 1:00:00 IST | scanned 29/29 symbols in 1.5s (0.05s/symbol)
26th August 2026 1:05:20 IST | INFO | 5m cycle @ 26th August 2026 1:05:00 IST | scanned 29/29 symbols in 1.8s (0.06s/symbol)
26th August 2026 1:10:22 IST | INFO | 5m cycle @ 26th August 2026 1:10:00 IST | scanned 29/29 symbols in 1.5s (0.05s/symbol)
26th August 2026 1:15:23 IST | INFO | 5m cycle @ 26th August 2026 1:15:00 IST | scanned 29/29 symbols in 1.8s (0.06s/symbol)
26th August 2026 1:20:10 IST | INFO | 5m cycle @ 26th August 2026 1:20:00 IST | scanned 29/29 symbols in 1.7s (0.06s/symbol)
26th August 2026 1:25:12 IST | INFO | 5m cycle @ 26th August 2026 1:25:00 IST | scanned 29/29 symbols in 1.6s (0.05s/symbol)
26th August 2026 1:30:14 IST | INFO | 5m cycle @ 26th August 2026 1:30:00 IST | scanned 29/29 symbols in 1.8s (0.06s/symbol)
26th August 2026 1:35:15 IST | INFO | 5m cycle @ 26th August 2026 1:35:00 IST | scanned 29/29 symbols in 1.8s (0.06s/symbol)
26th August 2026 1:40:17 IST | INFO | 5m cycle @ 26th August 2026 1:40:00 IST | scanned 29/29 symbols in 1.4s (0.05s/symbol)
26th August 2026 1:45:19 IST | INFO | 5m cycle @ 26th August 2026 1:45:00 IST | scanned 29/29 symbols in 1.7s (0.06s/symbol)
26th August 2026 1:50:20 IST | INFO | 5m cycle @ 26th August 2026 1:50:00 IST | scanned 29/29 symbols in 1.8s (0.06s/symbol)
26th August 2026 1:55:22 IST | INFO | 5m cycle @ 26th August 2026 1:55:00 IST | scanned 29/29 symbols in 1.4s (0.05s/symbol)
26th August 2026 2:00:23 IST | INFO | S146 SIGNAL GBPJPY SHORT aggressive_liquidation | trigger=217.25414 stop=217.41787 target=217.04947 (1.25R) | stop_basis=15m_zone_distal_plus_buffer liq_pool=False | 15m_extreme=True campaign_zones=1 | 4H dest=216.94000 (1.92R)
26th August 2026 2:00:23 IST | WARNING | S146 GBPJPY: skipped on spread cost — spread 0.067000 is 40.9% of risk (limit 30%)
26th August 2026 2:00:24 IST | INFO | 5m cycle @ 26th August 2026 2:00:00 IST | scanned 29/29 symbols in 1.7s (0.06s/symbol)
26th August 2026 2:05:10 IST | INFO | S146 CHFJPY: skipped non-extreme 15m zone 15m-1787292900--1-595980 @ 198.69500; running extreme 15m-1787286600--1-a3d071 @ 198.79500 across 2 actionable campaign zone(s)
26th August 2026 2:05:11 IST | INFO | 5m cycle @ 26th August 2026 2:05:00 IST | scanned 29/29 symbols in 2.0s (0.07s/symbol)
26th August 2026 2:10:12 IST | INFO | 5m cycle @ 26th August 2026 2:10:00 IST | scanned 29/29 symbols in 1.6s (0.06s/symbol)
26th August 2026 2:15:14 IST | INFO | 5m cycle @ 26th August 2026 2:15:00 IST | scanned 29/29 symbols in 1.8s (0.06s/symbol)
26th August 2026 2:20:16 IST | INFO | 5m cycle @ 26th August 2026 2:20:00 IST | scanned 29/29 symbols in 1.8s (0.06s/symbol)
26th August 2026 2:25:20 IST | INFO | 5m cycle @ 26th August 2026 2:25:00 IST | scanned 29/29 symbols in 4.1s (0.14s/symbol)
26th August 2026 2:30:22 IST | INFO | S146 SIGNAL NZDCHF SHORT aggressive_liquidation | trigger=0.47888 stop=0.47914 target=0.47854 (1.25R) | stop_basis=liquidity_pool_plus_buffer liq_pool=True | 15m_extreme=True campaign_zones=1 | 4H dest=0.47544 (12.83R)
26th August 2026 2:30:22 IST | WARNING | S146 NZDCHF: skipped on spread cost — spread 0.000140 is 52.3% of risk (limit 30%)
26th August 2026 2:30:23 IST | INFO | 5m cycle @ 26th August 2026 2:30:00 IST | scanned 29/29 symbols in 2.8s (0.09s/symbol)
26th August 2026 2:35:10 IST | INFO | 5m cycle @ 26th August 2026 2:35:00 IST | scanned 29/29 symbols in 2.0s (0.07s/symbol)
26th August 2026 2:40:11 IST | INFO | 5m cycle @ 26th August 2026 2:40:00 IST | scanned 29/29 symbols in 1.8s (0.06s/symbol)
26th August 2026 2:45:12 IST | INFO | S146 SIGNAL EURCAD SHORT aggressive_liquidation | trigger=1.61532 stop=1.61639 target=1.61398 (1.25R) | stop_basis=15m_zone_distal_plus_buffer liq_pool=False | 15m_extreme=True campaign_zones=1 | 4H dest=1.61118 (3.86R)
26th August 2026 2:45:12 IST | WARNING | S146 EURCAD: skipped on spread cost — spread 0.000810 is 75.6% of risk (limit 30%)
26th August 2026 2:45:13 IST | INFO | 5m cycle @ 26th August 2026 2:45:00 IST | scanned 29/29 symbols in 2.0s (0.07s/symbol)
26th August 2026 2:50:15 IST | INFO | 5m cycle @ 26th August 2026 2:50:00 IST | scanned 29/29 symbols in 1.9s (0.06s/symbol)
26th August 2026 2:55:17 IST | INFO | 5m cycle @ 26th August 2026 2:55:00 IST | scanned 29/29 symbols in 1.6s (0.06s/symbol)
26th August 2026 3:00:19 IST | INFO | 5m cycle @ 26th August 2026 3:00:00 IST | scanned 29/29 symbols in 1.9s (0.06s/symbol)
26th August 2026 3:05:21 IST | INFO | 5m cycle @ 26th August 2026 3:05:00 IST | scanned 29/29 symbols in 1.9s (0.07s/symbol)
26th August 2026 3:10:22 IST | INFO | 5m cycle @ 26th August 2026 3:10:00 IST | scanned 29/29 symbols in 1.7s (0.06s/symbol)
26th August 2026 3:15:24 IST | INFO | S146 SIGNAL AUDNZD LONG aggressive_liquidation | trigger=1.19839 stop=1.19789 target=1.19901 (1.25R) | stop_basis=15m_zone_distal_plus_buffer liq_pool=False | 15m_extreme=True campaign_zones=1 | 4H dest=1.19984 (2.9R)
26th August 2026 3:15:24 IST | WARNING | S146 AUDNZD: skipped on spread cost — spread 0.000730 is 146.1% of risk (limit 30%)
26th August 2026 3:15:24 IST | INFO | 5m cycle @ 26th August 2026 3:15:00 IST | scanned 29/29 symbols in 2.0s (0.07s/symbol)
26th August 2026 3:20:11 IST | INFO | 5m cycle @ 26th August 2026 3:20:00 IST | scanned 29/29 symbols in 1.9s (0.06s/symbol)
26th August 2026 3:25:13 IST | INFO | 5m cycle @ 26th August 2026 3:25:00 IST | scanned 29/29 symbols in 1.6s (0.05s/symbol)
26th August 2026 3:30:14 IST | INFO | S146 EURCHF: skipped non-extreme 15m zone 15m-1787689800--1-569710 @ 0.93531; running extreme 15m-1787645700--1-e24b32 @ 0.93705 across 4 actionable campaign zone(s)
26th August 2026 3:30:15 IST | INFO | 5m cycle @ 26th August 2026 3:30:00 IST | scanned 29/29 symbols in 1.9s (0.07s/symbol)
26th August 2026 3:35:15 IST | INFO | S146 SIGNAL EURCHF LONG aggressive_liquidation | trigger=0.93544 stop=0.93455 target=0.93654 (1.25R) | stop_basis=15m_zone_distal_plus_buffer liq_pool=False | 15m_extreme=True campaign_zones=1 | 4H dest=0.93988 (5.03R)
26th August 2026 3:35:21 IST | INFO | Email sent: S146 LONG EURCHF @ 0.93544 (1.25R target)
26th August 2026 3:35:22 IST | INFO | EURCHF: market order placed #2234047604 0.16 lots @ 0.93563 | sl/tp attached=True
26th August 2026 3:35:23 IST | INFO | S146 SIGNAL NZDCAD SHORT aggressive_liquidation | trigger=0.82655 stop=0.82749 target=0.82537 (1.25R) | stop_basis=liquidity_pool_plus_buffer liq_pool=True | 15m_extreme=True campaign_zones=1 | 4H dest=0.81503 (12.22R)
26th August 2026 3:35:29 IST | INFO | Email sent: S146 SHORT NZDCAD @ 0.82655 (1.25R target)
26th August 2026 3:35:29 IST | INFO | NZDCAD: market order placed #2234048124 0.32 lots @ 0.82682 | sl/tp attached=True
26th August 2026 3:35:29 IST | INFO | 5m cycle @ 26th August 2026 3:35:00 IST | scanned 29/29 symbols in 14.5s (0.50s/symbol)
26th August 2026 3:40:16 IST | INFO | 5m cycle @ 26th August 2026 3:40:00 IST | scanned 29/29 symbols in 1.6s (0.05s/symbol)
26th August 2026 3:45:18 IST | INFO | 5m cycle @ 26th August 2026 3:45:00 IST | scanned 29/29 symbols in 1.7s (0.06s/symbol)
26th August 2026 3:50:19 IST | INFO | 5m cycle @ 26th August 2026 3:50:00 IST | scanned 29/29 symbols in 1.7s (0.06s/symbol)
26th August 2026 3:55:21 IST | INFO | 5m cycle @ 26th August 2026 3:55:00 IST | scanned 29/29 symbols in 1.5s (0.05s/symbol)
26th August 2026 4:00:23 IST | INFO | 5m cycle @ 26th August 2026 4:00:00 IST | scanned 29/29 symbols in 1.8s (0.06s/symbol)
26th August 2026 4:05:09 IST | INFO | 5m cycle @ 26th August 2026 4:05:00 IST | scanned 29/29 symbols in 1.7s (0.06s/symbol)
26th August 2026 4:10:11 IST | INFO | 5m cycle @ 26th August 2026 4:10:00 IST | scanned 29/29 symbols in 1.5s (0.05s/symbol)
26th August 2026 4:15:13 IST | INFO | 5m cycle @ 26th August 2026 4:15:00 IST | scanned 29/29 symbols in 1.7s (0.06s/symbol)
26th August 2026 4:20:14 IST | INFO | 5m cycle @ 26th August 2026 4:20:00 IST | scanned 29/29 symbols in 1.7s (0.06s/symbol)
26th August 2026 4:24:18 IST | INFO | MT5 connected | Exness-MT5Trial15 | DEMO | balance=41203.78 INR | leverage 1:2000
26th August 2026 12:45:40 IST | WARNING | No rates for GBPUSD 4h: (-1, 'Terminal: Call failed')
26th August 2026 12:45:41 IST | WARNING | GBPUSD: missing closed candles (4h/15m/5m) — skipping cycle
26th August 2026 12:45:52 IST | INFO | 5m cycle @ 26th August 2026 4:25:00 IST | scanned 29/29 symbols in 30033.3s (1035.63s/symbol)
26th August 2026 12:45:52 IST | WARNING | 5m scan took 30033s of the 300s candle it runs on — signals risk being detected a bar late. Reduce SYMBOLS (currently 29) or lower S146_FETCH_4H_BARS/S146_FETCH_15M_BARS/S146_FETCH_5M_BARS (currently 600/1500/1500).
26th August 2026 12:46:07 IST | INFO | s146 #2234047604 partial 0.08/0.16 lots at 1.44R ok=True
26th August 2026 12:46:07 IST | INFO | s146 #2234047604 ladder sl -> 0.93563 (+0.00R at peak 1.44R) ok=True
26th August 2026 12:46:07 IST | INFO | s146 #2234048124 partial 0.16/0.32 lots at 2.56R ok=True
26th August 2026 12:46:07 IST | INFO | s146 #2234048124 ladder sl -> 0.82548 (+2.00R at peak 2.56R) ok=True
26th August 2026 12:46:12 IST | INFO | 5m cycle @ 26th August 2026 12:45:00 IST | scanned 29/29 symbols in 5.3s (0.18s/symbol)
26th August 2026 12:47:42 IST | INFO | s146 #2234047604 ladder sl -> 0.93671 (+1.00R at peak 1.51R) ok=True
26th August 2026 12:50:14 IST | INFO | S146 NZDJPY: skipped non-extreme 15m zone 15m-1787725800--1-e4613e @ 94.59400; running extreme 15m-1787702400--1-2b4232 @ 95.12500 across 3 actionable campaign zone(s)
26th August 2026 12:50:14 IST | INFO | 5m cycle @ 26th August 2026 12:50:00 IST | scanned 29/29 symbols in 1.6s (0.06s/symbol)
26th August 2026 12:55:16 IST | INFO | 5m cycle @ 26th August 2026 12:55:00 IST | scanned 29/29 symbols in 1.4s (0.05s/symbol)
26th August 2026 12:59:01 IST | INFO | s146 #2234048124 ladder sl -> 0.82514 (+2.50R at peak 3.02R) ok=True
26th August 2026 13:00:18 IST | INFO | 5m cycle @ 26th August 2026 13:00:00 IST | scanned 29/29 symbols in 1.7s (0.06s/symbol)
26th August 2026 13:05:20 IST | INFO | 5m cycle @ 26th August 2026 13:05:00 IST | scanned 29/29 symbols in 1.4s (0.05s/symbol)
26th August 2026 13:10:22 IST | INFO | 5m cycle @ 26th August 2026 13:10:00 IST | scanned 29/29 symbols in 1.5s (0.05s/symbol)
26th August 2026 13:15:23 IST | INFO | 5m cycle @ 26th August 2026 13:15:00 IST | scanned 29/29 symbols in 1.7s (0.06s/symbol)
26th August 2026 13:20:10 IST | INFO | 5m cycle @ 26th August 2026 13:20:00 IST | scanned 29/29 symbols in 1.8s (0.06s/symbol)
26th August 2026 13:25:11 IST | INFO | S146 NZDCHF: skipped non-extreme 15m zone 15m-1787723100--1-2868b3 @ 0.47826; running extreme 15m-1787702400--1-b1ccf4 @ 0.47902 across 2 actionable campaign zone(s)
26th August 2026 13:25:12 IST | INFO | 5m cycle @ 26th August 2026 13:25:00 IST | scanned 29/29 symbols in 1.5s (0.05s/symbol)
26th August 2026 13:30:13 IST | INFO | S146 EURAUD: skipped non-extreme 15m zone 15m-1787727600-1-24228a @ 1.62517; running extreme 15m-1787724000-1-5d0cb0 @ 1.62387 across 2 actionable campaign zone(s)
26th August 2026 13:30:14 IST | INFO | 5m cycle @ 26th August 2026 13:30:00 IST | scanned 29/29 symbols in 1.8s (0.06s/symbol)
26th August 2026 13:35:15 IST | INFO | 5m cycle @ 26th August 2026 13:35:00 IST | scanned 29/29 symbols in 1.5s (0.05s/symbol)
26th August 2026 13:40:17 IST | INFO | 5m cycle @ 26th August 2026 13:40:00 IST | scanned 29/29 symbols in 1.4s (0.05s/symbol)
26th August 2026 13:45:19 IST | INFO | 5m cycle @ 26th August 2026 13:45:00 IST | scanned 29/29 symbols in 1.6s (0.06s/symbol)
26th August 2026 13:50:20 IST | INFO | 5m cycle @ 26th August 2026 13:50:00 IST | scanned 29/29 symbols in 1.3s (0.05s/symbol)
26th August 2026 13:55:21 IST | INFO | S146 EURNZD: skipped non-extreme 15m zone 15m-1787722200-1-348b56 @ 1.95876; running extreme 15m-1787694300-1-e70dcd @ 1.95051 across 4 actionable campaign zone(s)
26th August 2026 13:55:22 IST | INFO | 5m cycle @ 26th August 2026 13:55:00 IST | scanned 29/29 symbols in 1.4s (0.05s/symbol)
26th August 2026 14:00:23 IST | INFO | 5m cycle @ 26th August 2026 14:00:00 IST | scanned 29/29 symbols in 1.6s (0.06s/symbol)
26th August 2026 14:05:10 IST | INFO | 5m cycle @ 26th August 2026 14:05:00 IST | scanned 29/29 symbols in 1.5s (0.05s/symbol)
26th August 2026 14:10:11 IST | INFO | 5m cycle @ 26th August 2026 14:10:00 IST | scanned 29/29 symbols in 1.4s (0.05s/symbol)
26th August 2026 14:15:13 IST | INFO | 5m cycle @ 26th August 2026 14:15:00 IST | scanned 29/29 symbols in 1.6s (0.05s/symbol)
26th August 2026 14:17:43 IST | INFO | s146 #2234047604 ladder sl -> 0.93725 (+1.50R at peak 2.02R) ok=True
26th August 2026 14:20:15 IST | INFO | 5m cycle @ 26th August 2026 14:20:00 IST | scanned 29/29 symbols in 1.4s (0.05s/symbol)
26th August 2026 14:25:16 IST | INFO | 5m cycle @ 26th August 2026 14:25:00 IST | scanned 29/29 symbols in 1.4s (0.05s/symbol)
26th August 2026 14:30:18 IST | INFO | 5m cycle @ 26th August 2026 14:30:00 IST | scanned 29/29 symbols in 1.7s (0.06s/symbol)
26th August 2026 14:35:19 IST | INFO | 5m cycle @ 26th August 2026 14:35:00 IST | scanned 29/29 symbols in 1.5s (0.05s/symbol)
26th August 2026 14:40:21 IST | INFO | 5m cycle @ 26th August 2026 14:40:00 IST | scanned 29/29 symbols in 1.4s (0.05s/symbol)
26th August 2026 14:45:23 IST | INFO | 5m cycle @ 26th August 2026 14:45:00 IST | scanned 29/29 symbols in 1.7s (0.06s/symbol)
26th August 2026 14:50:09 IST | INFO | 5m cycle @ 26th August 2026 14:50:00 IST | scanned 29/29 symbols in 1.4s (0.05s/symbol)
26th August 2026 14:55:10 IST | INFO | 5m cycle @ 26th August 2026 14:55:00 IST | scanned 29/29 symbols in 1.4s (0.05s/symbol)
26th August 2026 15:00:12 IST | INFO | 5m cycle @ 26th August 2026 15:00:00 IST | scanned 29/29 symbols in 1.6s (0.06s/symbol)
26th August 2026 15:05:13 IST | INFO | S146 SIGNAL GBPCHF SHORT aggressive_liquidation | trigger=1.09520 stop=1.09563 target=1.09465 (1.25R) | stop_basis=liquidity_pool_plus_buffer liq_pool=True | 15m_extreme=True campaign_zones=1 | 4H dest=1.09304 (4.96R)
26th August 2026 15:05:13 IST | WARNING | S146 GBPCHF: skipped on spread cost — spread 0.000150 is 34.5% of risk (limit 30%)
26th August 2026 15:05:14 IST | INFO | 5m cycle @ 26th August 2026 15:05:00 IST | scanned 29/29 symbols in 1.4s (0.05s/symbol)
26th August 2026 15:10:15 IST | INFO | 5m cycle @ 26th August 2026 15:10:00 IST | scanned 29/29 symbols in 1.4s (0.05s/symbol)
26th August 2026 15:15:16 IST | INFO | S146 SIGNAL USDCHF SHORT aggressive_liquidation | trigger=0.80377 stop=0.80418 target=0.80326 (1.25R) | stop_basis=15m_zone_distal_plus_buffer liq_pool=False | 15m_extreme=True campaign_zones=1 | 4H dest=0.80054 (7.87R)
26th August 2026 15:15:16 IST | WARNING | S146 USDCHF: skipped on spread cost — spread 0.000130 is 31.7% of risk (limit 30%)
26th August 2026 15:15:17 IST | INFO | 5m cycle @ 26th August 2026 15:15:00 IST | scanned 29/29 symbols in 1.6s (0.06s/symbol)
26th August 2026 15:20:18 IST | INFO | 5m cycle @ 26th August 2026 15:20:00 IST | scanned 29/29 symbols in 1.4s (0.05s/symbol)
26th August 2026 15:25:20 IST | INFO | 5m cycle @ 26th August 2026 15:25:00 IST | scanned 29/29 symbols in 1.4s (0.05s/symbol)
26th August 2026 15:30:21 IST | INFO | 5m cycle @ 26th August 2026 15:30:00 IST | scanned 29/29 symbols in 1.5s (0.05s/symbol)
26th August 2026 15:35:23 IST | INFO | 5m cycle @ 26th August 2026 15:35:00 IST | scanned 29/29 symbols in 1.4s (0.05s/symbol)
26th August 2026 15:40:09 IST | INFO | 5m cycle @ 26th August 2026 15:40:00 IST | scanned 29/29 symbols in 1.4s (0.05s/symbol)
26th August 2026 15:45:11 IST | INFO | 5m cycle @ 26th August 2026 15:45:00 IST | scanned 29/29 symbols in 1.6s (0.06s/symbol)
26th August 2026 15:50:12 IST | INFO | 5m cycle @ 26th August 2026 15:50:00 IST | scanned 29/29 symbols in 1.4s (0.05s/symbol)
26th August 2026 15:55:14 IST | INFO | 5m cycle @ 26th August 2026 15:55:00 IST | scanned 29/29 symbols in 1.4s (0.05s/symbol)
26th August 2026 16:00:15 IST | INFO | 5m cycle @ 26th August 2026 16:00:00 IST | scanned 29/29 symbols in 1.7s (0.06s/symbol)
26th August 2026 16:05:17 IST | INFO | 5m cycle @ 26th August 2026 16:05:00 IST | scanned 29/29 symbols in 1.3s (0.05s/symbol)
26th August 2026 16:10:18 IST | INFO | S146 CADJPY: skipped non-extreme 15m zone 15m-1787733000--1-a4140c @ 114.67200; running extreme 15m-1787337900--1-cce508 @ 115.54500 across 7 actionable campaign zone(s)
26th August 2026 16:10:18 IST | INFO | 5m cycle @ 26th August 2026 16:10:00 IST | scanned 29/29 symbols in 1.6s (0.05s/symbol)
26th August 2026 16:15:20 IST | INFO | 5m cycle @ 26th August 2026 16:15:00 IST | scanned 29/29 symbols in 1.7s (0.06s/symbol)
26th August 2026 16:20:22 IST | INFO | 5m cycle @ 26th August 2026 16:20:00 IST | scanned 29/29 symbols in 1.5s (0.05s/symbol)
26th August 2026 16:25:23 IST | INFO | S146 XAUUSD: skipped non-extreme 15m zone 15m-1787737500--1-65e601 @ 4621.92800; running extreme 15m-1787732100--1-593b0a @ 4625.76100 across 2 actionable campaign zone(s)
26th August 2026 16:25:23 IST | INFO | 5m cycle @ 26th August 2026 16:25:00 IST | scanned 29/29 symbols in 1.4s (0.05s/symbol)
26th August 2026 16:30:10 IST | INFO | 5m cycle @ 26th August 2026 16:30:00 IST | scanned 29/29 symbols in 1.7s (0.06s/symbol)
26th August 2026 16:35:11 IST | INFO | 5m cycle @ 26th August 2026 16:35:00 IST | scanned 29/29 symbols in 1.4s (0.05s/symbol)
26th August 2026 16:40:13 IST | INFO | 5m cycle @ 26th August 2026 16:40:00 IST | scanned 29/29 symbols in 1.5s (0.05s/symbol)
26th August 2026 16:45:14 IST | INFO | S146 SIGNAL GBPCAD SHORT aggressive_liquidation | trigger=1.88932 stop=1.88999 target=1.88847 (1.25R) | stop_basis=liquidity_pool_plus_buffer liq_pool=True | 15m_extreme=True campaign_zones=1 | 4H dest=1.88309 (9.17R)
26th August 2026 16:45:18 IST | INFO | Email sent: S146 SHORT GBPCAD @ 1.88932 (1.25R target)
26th August 2026 16:45:19 IST | INFO | GBPCAD: market order placed #2237950549 0.14 lots @ 1.88954 | sl/tp attached=True
26th August 2026 16:45:19 IST | INFO | 5m cycle @ 26th August 2026 16:45:00 IST | scanned 29/29 symbols in 6.5s (0.22s/symbol)
26th August 2026 16:50:20 IST | INFO | S146 GBPUSD: skipped non-extreme 15m zone 15m-1787736600--1-df9789 @ 1.36245; running extreme 15m-1787709600--1-5948c0 @ 1.36442 across 4 actionable campaign zone(s)
26th August 2026 16:50:20 IST | INFO | S146 EURJPY: skipped non-extreme 15m zone 15m-1787732100--1-9519e5 @ 185.59000; running extreme 15m-1787702400--1-767e78 @ 185.86500 across 2 actionable campaign zone(s)
26th August 2026 16:50:20 IST | INFO | S146 GBPJPY: skipped non-extreme 15m zone 15m-1787731200--1-f896b6 @ 216.74700; running extreme 15m-1787702400--1-84160c @ 217.25400 across 3 actionable campaign zone(s)
26th August 2026 16:50:21 IST | INFO | 5m cycle @ 26th August 2026 16:50:00 IST | scanned 29/29 symbols in 1.4s (0.05s/symbol)
26th August 2026 16:55:24 IST | INFO | MT5 connected | Exness-MT5Trial15 | DEMO | balance=42821.64 INR | leverage 1:2000
26th August 2026 16:55:27 IST | INFO | 5m cycle @ 26th August 2026 16:55:00 IST | scanned 29/29 symbols in 3.5s (0.12s/symbol)
26th August 2026 17:00:15 IST | INFO | S146 NZDCHF: skipped non-extreme 15m zone 15m-1787741100--1-f5bdf9 @ 0.47867; running extreme 15m-1787702400--1-b1ccf4 @ 0.47902 across 2 actionable campaign zone(s)
26th August 2026 17:00:15 IST | INFO | 5m cycle @ 26th August 2026 17:00:00 IST | scanned 29/29 symbols in 2.9s (0.10s/symbol)
26th August 2026 17:05:16 IST | INFO | S146 SIGNAL EURAUD LONG aggressive_liquidation | trigger=1.62429 stop=1.62314 target=1.62573 (1.25R) | stop_basis=liquidity_pool_plus_buffer liq_pool=True | 15m_extreme=True campaign_zones=1 | 4H dest=1.62982 (4.8R)
26th August 2026 17:05:19 IST | INFO | Email sent: S146 LONG EURAUD @ 1.62429 (1.25R target)
26th August 2026 17:05:19 IST | INFO | EURAUD: market order placed #2238082823 0.16 lots @ 1.62428 | sl/tp attached=True
26th August 2026 17:05:20 IST | INFO | 5m cycle @ 26th August 2026 17:05:00 IST | scanned 29/29 symbols in 5.3s (0.18s/symbol)
26th August 2026 17:10:22 IST | INFO | 5m cycle @ 26th August 2026 17:10:00 IST | scanned 29/29 symbols in 1.5s (0.05s/symbol)
26th August 2026 17:15:24 IST | INFO | 5m cycle @ 26th August 2026 17:15:00 IST | scanned 29/29 symbols in 1.6s (0.06s/symbol)
26th August 2026 17:20:10 IST | INFO | 5m cycle @ 26th August 2026 17:20:00 IST | scanned 29/29 symbols in 1.4s (0.05s/symbol)
26th August 2026 17:25:12 IST | INFO | 5m cycle @ 26th August 2026 17:25:00 IST | scanned 29/29 symbols in 1.4s (0.05s/symbol)
26th August 2026 17:30:14 IST | INFO | 5m cycle @ 26th August 2026 17:30:00 IST | scanned 29/29 symbols in 1.8s (0.06s/symbol)
26th August 2026 17:35:16 IST | INFO | 5m cycle @ 26th August 2026 17:35:00 IST | scanned 29/29 symbols in 1.9s (0.07s/symbol)
26th August 2026 17:40:17 IST | INFO | 5m cycle @ 26th August 2026 17:40:00 IST | scanned 29/29 symbols in 1.6s (0.05s/symbol)
26th August 2026 17:45:18 IST | INFO | S146 EURNZD: skipped non-extreme 15m zone 15m-1787714100-1-f1744c @ 1.95802; running extreme 15m-1787694300-1-e70dcd @ 1.95051 across 3 actionable campaign zone(s)
26th August 2026 17:45:19 IST | INFO | S146 SIGNAL XAUUSD SHORT aggressive_liquidation | trigger=4624.68372 stop=4631.13805 target=4616.61582 (1.25R) | stop_basis=liquidity_pool_plus_buffer liq_pool=True | 15m_extreme=True campaign_zones=1 | 4H dest=4528.39500 (14.92R)
26th August 2026 17:45:23 IST | INFO | Email sent: S146 SHORT XAUUSD @ 4624.68372 (1.25R target)
26th August 2026 17:45:23 IST | INFO | XAUUSD: market order placed #2238351221 0.04 lots @ 4625.86800 | sl/tp attached=True
26th August 2026 17:45:23 IST | INFO | 5m cycle @ 26th August 2026 17:45:00 IST | scanned 29/29 symbols in 5.2s (0.18s/symbol)
26th August 2026 17:50:09 IST | INFO | 5m cycle @ 26th August 2026 17:50:00 IST | scanned 29/29 symbols in 1.4s (0.05s/symbol)
26th August 2026 17:55:11 IST | INFO | 5m cycle @ 26th August 2026 17:55:00 IST | scanned 29/29 symbols in 1.5s (0.05s/symbol)
26th August 2026 18:00:11 IST | INFO | S146 GBPUSD: skipped non-extreme 15m zone 15m-1787732100--1-1fbe2a @ 1.36343; running extreme 15m-1787709600--1-5948c0 @ 1.36442 across 3 actionable campaign zone(s)
26th August 2026 18:00:12 IST | INFO | 5m cycle @ 26th August 2026 18:00:00 IST | scanned 29/29 symbols in 1.7s (0.06s/symbol)
26th August 2026 18:01:43 IST | INFO | s146 #2234047604 ladder sl -> 0.93778 (+2.00R at peak 2.55R) ok=True
26th August 2026 18:05:14 IST | INFO | 5m cycle @ 26th August 2026 18:05:00 IST | scanned 29/29 symbols in 1.6s (0.05s/symbol)
26th August 2026 18:10:16 IST | INFO | S146 SIGNAL NZDCHF SHORT aggressive_liquidation | trigger=0.47867 stop=0.47922 target=0.47797 (1.25R) | stop_basis=15m_zone_distal_plus_buffer liq_pool=False | 15m_extreme=True campaign_zones=1 | 4H dest=0.47544 (5.78R)
26th August 2026 18:10:19 IST | INFO | Email sent: S146 SHORT NZDCHF @ 0.47867 (1.25R target)
26th August 2026 18:10:19 IST | INFO | NZDCHF: market order placed #2238706622 0.32 lots @ 0.47882 | sl/tp attached=True
26th August 2026 18:10:19 IST | INFO | 5m cycle @ 26th August 2026 18:10:00 IST | scanned 29/29 symbols in 5.1s (0.18s/symbol)
26th August 2026 18:15:21 IST | INFO | 5m cycle @ 26th August 2026 18:15:00 IST | scanned 29/29 symbols in 1.7s (0.06s/symbol)
26th August 2026 18:20:23 IST | INFO | S146 NZDJPY: skipped non-extreme 15m zone 15m-1787739300-1-cbc0b5 @ 94.68500; running extreme 15m-1787728500-1-4dd425 @ 94.62700 across 2 actionable campaign zone(s)
26th August 2026 18:20:23 IST | INFO | 5m cycle @ 26th August 2026 18:20:00 IST | scanned 29/29 symbols in 1.3s (0.05s/symbol)
26th August 2026 18:25:09 IST | INFO | 5m cycle @ 26th August 2026 18:25:00 IST | scanned 29/29 symbols in 1.4s (0.05s/symbol)
26th August 2026 18:30:11 IST | INFO | 5m cycle @ 26th August 2026 18:30:00 IST | scanned 29/29 symbols in 1.7s (0.06s/symbol)
26th August 2026 18:35:12 IST | INFO | 5m cycle @ 26th August 2026 18:35:00 IST | scanned 29/29 symbols in 1.4s (0.05s/symbol)
26th August 2026 18:40:14 IST | INFO | 5m cycle @ 26th August 2026 18:40:00 IST | scanned 29/29 symbols in 1.4s (0.05s/symbol)
26th August 2026 18:45:15 IST | INFO | 5m cycle @ 26th August 2026 18:45:00 IST | scanned 29/29 symbols in 1.5s (0.05s/symbol)
26th August 2026 18:50:18 IST | INFO | 5m cycle @ 26th August 2026 18:50:00 IST | scanned 29/29 symbols in 2.0s (0.07s/symbol)
26th August 2026 18:55:19 IST | INFO | 5m cycle @ 26th August 2026 18:55:00 IST | scanned 29/29 symbols in 1.4s (0.05s/symbol)
26th August 2026 19:00:21 IST | INFO | 5m cycle @ 26th August 2026 19:00:00 IST | scanned 29/29 symbols in 1.6s (0.06s/symbol)
26th August 2026 19:05:22 IST | INFO | 5m cycle @ 26th August 2026 19:05:00 IST | scanned 29/29 symbols in 1.5s (0.05s/symbol)
26th August 2026 19:10:24 IST | INFO | 5m cycle @ 26th August 2026 19:10:00 IST | scanned 29/29 symbols in 1.4s (0.05s/symbol)
26th August 2026 19:15:10 IST | INFO | 5m cycle @ 26th August 2026 19:15:00 IST | scanned 29/29 symbols in 1.6s (0.06s/symbol)
26th August 2026 19:20:12 IST | INFO | 5m cycle @ 26th August 2026 19:20:00 IST | scanned 29/29 symbols in 1.4s (0.05s/symbol)
26th August 2026 19:25:13 IST | INFO | S146 SIGNAL XAUUSD SHORT aggressive_liquidation | trigger=4622.39280 stop=4633.66567 target=4608.30171 (1.25R) | stop_basis=liquidity_pool_plus_buffer liq_pool=True | 15m_extreme=True campaign_zones=1 | 4H dest=4528.39500 (8.34R)
26th August 2026 19:25:17 IST | INFO | Email sent: S146 SHORT XAUUSD @ 4622.39280 (1.25R target)
26th August 2026 19:25:17 IST | INFO | XAUUSD: market order placed #2239725524 0.04 lots @ 4624.33500 | sl/tp attached=True
26th August 2026 19:25:17 IST | INFO | 5m cycle @ 26th August 2026 19:25:00 IST | scanned 29/29 symbols in 5.0s (0.17s/symbol)
26th August 2026 19:30:18 IST | INFO | S146 SIGNAL GBPCHF SHORT aggressive_liquidation | trigger=1.09547 stop=1.09579 target=1.09506 (1.25R) | stop_basis=liquidity_pool_plus_buffer liq_pool=True | 15m_extreme=True campaign_zones=1 | 4H dest=1.09304 (7.47R)
26th August 2026 19:30:18 IST | WARNING | S146 GBPCHF: skipped on spread cost — spread 0.000150 is 46.2% of risk (limit 30%)
26th August 2026 19:30:18 IST | INFO | 5m cycle @ 26th August 2026 19:30:00 IST | scanned 29/29 symbols in 1.7s (0.06s/symbol)
26th August 2026 19:35:20 IST | INFO | 5m cycle @ 26th August 2026 19:35:00 IST | scanned 29/29 symbols in 1.4s (0.05s/symbol)
26th August 2026 19:40:21 IST | INFO | 5m cycle @ 26th August 2026 19:40:00 IST | scanned 29/29 symbols in 1.4s (0.05s/symbol)
26th August 2026 19:45:23 IST | INFO | 5m cycle @ 26th August 2026 19:45:00 IST | scanned 29/29 symbols in 1.6s (0.06s/symbol)
26th August 2026 19:50:09 IST | INFO | 5m cycle @ 26th August 2026 19:50:00 IST | scanned 29/29 symbols in 1.4s (0.05s/symbol)
26th August 2026 19:55:11 IST | INFO | 5m cycle @ 26th August 2026 19:55:00 IST | scanned 29/29 symbols in 1.4s (0.05s/symbol)
26th August 2026 20:00:13 IST | INFO | 5m cycle @ 26th August 2026 20:00:00 IST | scanned 29/29 symbols in 1.7s (0.06s/symbol)
26th August 2026 20:05:14 IST | INFO | S146 SIGNAL NZDJPY LONG aggressive_liquidation | trigger=94.66573 stop=94.58527 target=94.76631 (1.25R) | stop_basis=15m_zone_distal_plus_buffer liq_pool=False | 15m_extreme=True campaign_zones=1 | 4H dest=95.05900 (4.89R)
26th August 2026 20:05:17 IST | INFO | Email sent: S146 LONG NZDJPY @ 94.66573 (1.25R target)
26th August 2026 20:05:17 IST | INFO | NZDJPY: market order placed #2240105070 0.32 lots @ 94.67500 | sl/tp attached=True
26th August 2026 20:05:17 IST | INFO | 5m cycle @ 26th August 2026 20:05:00 IST | scanned 29/29 symbols in 4.7s (0.16s/symbol)
26th August 2026 20:10:19 IST | INFO | 5m cycle @ 26th August 2026 20:10:00 IST | scanned 29/29 symbols in 1.4s (0.05s/symbol)
26th August 2026 20:15:20 IST | INFO | 5m cycle @ 26th August 2026 20:15:00 IST | scanned 29/29 symbols in 1.6s (0.05s/symbol)
26th August 2026 20:20:21 IST | INFO | S146 EURGBP: skipped non-extreme 15m zone 15m-1787751900-1-e116f4 @ 0.85677; running extreme 15m-1787718600-1-f32f68 @ 0.85534 across 4 actionable campaign zone(s)
26th August 2026 20:20:22 IST | INFO | S146 SIGNAL CHFJPY LONG aggressive_liquidation | trigger=197.75289 stop=197.68312 target=197.84010 (1.25R) | stop_basis=liquidity_pool_plus_buffer liq_pool=True | 15m_extreme=True campaign_zones=1 | 4H dest=198.41200 (9.45R)
26th August 2026 20:20:22 IST | WARNING | S146 CHFJPY: skipped on spread cost — spread 0.021000 is 30.1% of risk (limit 30%)
26th August 2026 20:20:22 IST | INFO | 5m cycle @ 26th August 2026 20:20:00 IST | scanned 29/29 symbols in 1.4s (0.05s/symbol)
26th August 2026 20:25:24 IST | INFO | 5m cycle @ 26th August 2026 20:25:00 IST | scanned 29/29 symbols in 1.4s (0.05s/symbol)
26th August 2026 20:30:10 IST | INFO | 5m cycle @ 26th August 2026 20:30:00 IST | scanned 29/29 symbols in 1.7s (0.06s/symbol)
26th August 2026 20:35:12 IST | INFO | 5m cycle @ 26th August 2026 20:35:00 IST | scanned 29/29 symbols in 1.4s (0.05s/symbol)
26th August 2026 20:40:14 IST | INFO | 5m cycle @ 26th August 2026 20:40:00 IST | scanned 29/29 symbols in 1.5s (0.05s/symbol)
26th August 2026 20:44:29 IST | INFO | s146 #2238082823 partial 0.08/0.16 lots at 1.30R ok=True
26th August 2026 20:44:29 IST | INFO | s146 #2238082823 ladder sl -> 1.62428 (+0.00R at peak 1.30R) ok=True
26th August 2026 20:45:15 IST | INFO | S146 NZDJPY: skipped non-extreme 15m zone 15m-1787754600--1-5616a8 @ 94.63400; running extreme 15m-1787702400--1-2b4232 @ 95.12500 across 4 actionable campaign zone(s)
26th August 2026 20:45:16 IST | INFO | 5m cycle @ 26th August 2026 20:45:00 IST | scanned 29/29 symbols in 1.6s (0.06s/symbol)
26th August 2026 20:45:31 IST | INFO | s146 #2238706622 partial 0.16/0.32 lots at 1.31R ok=True
26th August 2026 20:45:31 IST | INFO | s146 #2238706622 ladder sl -> 0.47882 (+0.00R at peak 1.31R) ok=True
26th August 2026 20:47:46 IST | INFO | s146 #2238706622 ladder sl -> 0.47842 (+1.00R at peak 1.51R) ok=True
26th August 2026 20:50:18 IST | INFO | 5m cycle @ 26th August 2026 20:50:00 IST | scanned 29/29 symbols in 1.4s (0.05s/symbol)
26th August 2026 20:55:19 IST | INFO | 5m cycle @ 26th August 2026 20:55:00 IST | scanned 29/29 symbols in 1.5s (0.05s/symbol)
26th August 2026 21:00:21 IST | INFO | 5m cycle @ 26th August 2026 21:00:00 IST | scanned 29/29 symbols in 1.7s (0.06s/symbol)
26th August 2026 21:05:22 IST | INFO | S146 GBPNZD: skipped non-extreme 15m zone 15m-1787756400-1-87f046 @ 2.29006; running extreme 15m-1787694300-1-28781c @ 2.28209 across 4 actionable campaign zone(s)
26th August 2026 21:05:22 IST | INFO | S146 GBPNZD: skipped non-extreme 15m zone 15m-1787750100-1-b796b7 @ 2.28877; running extreme 15m-1787694300-1-28781c @ 2.28209 across 4 actionable campaign zone(s)
26th August 2026 21:05:22 IST | INFO | 5m cycle @ 26th August 2026 21:05:00 IST | scanned 29/29 symbols in 1.5s (0.05s/symbol)
26th August 2026 21:10:24 IST | INFO | 5m cycle @ 26th August 2026 21:10:00 IST | scanned 29/29 symbols in 1.5s (0.05s/symbol)
26th August 2026 21:15:11 IST | INFO | 5m cycle @ 26th August 2026 21:15:00 IST | scanned 29/29 symbols in 1.7s (0.06s/symbol)
26th August 2026 21:20:12 IST | INFO | 5m cycle @ 26th August 2026 21:20:00 IST | scanned 29/29 symbols in 1.5s (0.05s/symbol)
26th August 2026 21:25:12 IST | INFO | S146 AUDUSD: skipped non-extreme 15m zone 15m-1787754600--1-353fbc @ 0.71683; running extreme 15m-1787746500--1-c04a9a @ 0.71856 across 3 actionable campaign zone(s)
26th August 2026 21:25:13 IST | INFO | S146 EURNZD: skipped non-extreme 15m zone 15m-1787757300-1-77e958 @ 1.96259; running extreme 15m-1787694300-1-e70dcd @ 1.95051 across 5 actionable campaign zone(s)
26th August 2026 21:25:14 IST | INFO | S146 CADJPY: skipped non-extreme 15m zone 15m-1787746500-1-b38b4e @ 114.75000; running extreme 15m-1787736600-1-c44d2c @ 114.64900 across 2 actionable campaign zone(s)
26th August 2026 21:25:14 IST | INFO | 5m cycle @ 26th August 2026 21:25:00 IST | scanned 29/29 symbols in 1.5s (0.05s/symbol)
26th August 2026 21:30:16 IST | INFO | 5m cycle @ 26th August 2026 21:30:00 IST | scanned 29/29 symbols in 1.9s (0.07s/symbol)
26th August 2026 21:35:17 IST | INFO | 5m cycle @ 26th August 2026 21:35:00 IST | scanned 29/29 symbols in 1.4s (0.05s/symbol)
26th August 2026 21:40:19 IST | INFO | 5m cycle @ 26th August 2026 21:40:00 IST | scanned 29/29 symbols in 1.5s (0.05s/symbol)
26th August 2026 21:45:20 IST | INFO | 5m cycle @ 26th August 2026 21:45:00 IST | scanned 29/29 symbols in 1.6s (0.06s/symbol)
26th August 2026 21:50:21 IST | INFO | S146 GBPCAD: skipped non-extreme 15m zone 15m-1787749200--1-26fc91 @ 1.88741; running extreme 15m-1787745600--1-c6a294 @ 1.88915 across 2 actionable campaign zone(s)
26th August 2026 21:50:22 IST | INFO | 5m cycle @ 26th August 2026 21:50:00 IST | scanned 29/29 symbols in 1.5s (0.05s/symbol)
26th August 2026 21:55:23 IST | INFO | 5m cycle @ 26th August 2026 21:55:00 IST | scanned 29/29 symbols in 1.4s (0.05s/symbol)
26th August 2026 22:00:09 IST | INFO | S146 SIGNAL GBPAUD LONG aggressive_liquidation | trigger=1.89595 stop=1.89472 target=1.89750 (1.25R) | stop_basis=liquidity_pool_plus_buffer liq_pool=True | 15m_extreme=True campaign_zones=1 | 4H dest=1.90503 (7.35R)
26th August 2026 22:00:14 IST | INFO | Email sent: S146 LONG GBPAUD @ 1.89595 (1.25R target)
26th August 2026 22:00:14 IST | INFO | GBPAUD: market order placed #2241264010 0.13 lots @ 1.89588 | sl/tp attached=True
26th August 2026 22:00:15 IST | INFO | 5m cycle @ 26th August 2026 22:00:00 IST | scanned 29/29 symbols in 6.4s (0.22s/symbol)
26th August 2026 22:05:16 IST | INFO | 5m cycle @ 26th August 2026 22:05:00 IST | scanned 29/29 symbols in 1.4s (0.05s/symbol)
26th August 2026 22:10:17 IST | INFO | S146 SIGNAL AUDJPY SHORT aggressive_liquidation | trigger=114.23929 stop=114.33272 target=114.12250 (1.25R) | stop_basis=liquidity_pool_plus_buffer liq_pool=True | 15m_extreme=True campaign_zones=1 | 4H dest=113.93200 (3.29R)
26th August 2026 22:10:40 IST | ERROR | Email failed (S146 SHORT AUDJPY @ 114.23929 (1.25R target)): Connection unexpectedly closed: The read operation timed out
26th August 2026 22:10:40 IST | INFO | AUDJPY: market order placed #2241352320 0.27 lots @ 114.24200 | sl/tp attached=True
26th August 2026 22:10:40 IST | INFO | S146 NZDCHF: skipped non-extreme 15m zone 15m-1787754600--1-1b1ce7 @ 0.47840; running extreme 15m-1787751900--1-489ca2 @ 0.47871 across 2 actionable campaign zone(s)
26th August 2026 22:10:41 IST | INFO | 5m cycle @ 26th August 2026 22:10:00 IST | scanned 29/29 symbols in 24.4s (0.84s/symbol)
26th August 2026 22:15:12 IST | INFO | S146 AUDCAD: skipped non-extreme 15m zone 15m-1787760000--1-4804f6 @ 0.99457; running extreme 15m-1787746500--1-e1aa3b @ 0.99595 across 3 actionable campaign zone(s)
26th August 2026 22:15:12 IST | INFO | 5m cycle @ 26th August 2026 22:15:00 IST | scanned 29/29 symbols in 1.5s (0.05s/symbol)
26th August 2026 22:20:14 IST | INFO | 5m cycle @ 26th August 2026 22:20:00 IST | scanned 29/29 symbols in 1.4s (0.05s/symbol)
26th August 2026 22:25:15 IST | INFO | 5m cycle @ 26th August 2026 22:25:00 IST | scanned 29/29 symbols in 1.4s (0.05s/symbol)
26th August 2026 22:30:17 IST | INFO | 5m cycle @ 26th August 2026 22:30:00 IST | scanned 29/29 symbols in 1.6s (0.05s/symbol)
26th August 2026 22:35:18 IST | INFO | 5m cycle @ 26th August 2026 22:35:00 IST | scanned 29/29 symbols in 1.3s (0.05s/symbol)
26th August 2026 22:40:19 IST | INFO | 5m cycle @ 26th August 2026 22:40:00 IST | scanned 29/29 symbols in 1.3s (0.05s/symbol)
26th August 2026 22:45:21 IST | INFO | 5m cycle @ 26th August 2026 22:45:00 IST | scanned 29/29 symbols in 1.6s (0.05s/symbol)
26th August 2026 22:50:22 IST | INFO | 5m cycle @ 26th August 2026 22:50:00 IST | scanned 29/29 symbols in 1.3s (0.05s/symbol)
26th August 2026 22:55:24 IST | INFO | 5m cycle @ 26th August 2026 22:55:00 IST | scanned 29/29 symbols in 1.3s (0.05s/symbol)
26th August 2026 23:00:10 IST | INFO | 5m cycle @ 26th August 2026 23:00:00 IST | scanned 29/29 symbols in 1.8s (0.06s/symbol)
26th August 2026 23:05:12 IST | INFO | 5m cycle @ 26th August 2026 23:05:00 IST | scanned 29/29 symbols in 1.6s (0.05s/symbol)
26th August 2026 23:10:14 IST | INFO | 5m cycle @ 26th August 2026 23:10:00 IST | scanned 29/29 symbols in 1.5s (0.05s/symbol)
26th August 2026 23:15:15 IST | INFO | 5m cycle @ 26th August 2026 23:15:00 IST | scanned 29/29 symbols in 1.7s (0.06s/symbol)
26th August 2026 23:20:17 IST | INFO | 5m cycle @ 26th August 2026 23:20:00 IST | scanned 29/29 symbols in 1.4s (0.05s/symbol)
26th August 2026 23:25:18 IST | INFO | 5m cycle @ 26th August 2026 23:25:00 IST | scanned 29/29 symbols in 1.5s (0.05s/symbol)
26th August 2026 23:30:20 IST | INFO | 5m cycle @ 26th August 2026 23:30:00 IST | scanned 29/29 symbols in 1.7s (0.06s/symbol)
26th August 2026 23:35:21 IST | INFO | 5m cycle @ 26th August 2026 23:35:00 IST | scanned 29/29 symbols in 1.5s (0.05s/symbol)
26th August 2026 23:40:22 IST | INFO | S146 AUDCAD: skipped non-extreme 15m zone 15m-1787758200--1-e2f5ef @ 0.99510; running extreme 15m-1787746500--1-e1aa3b @ 0.99595 across 2 actionable campaign zone(s)
26th August 2026 23:40:23 IST | INFO | 5m cycle @ 26th August 2026 23:40:00 IST | scanned 29/29 symbols in 1.5s (0.05s/symbol)
26th August 2026 23:45:10 IST | INFO | 5m cycle @ 26th August 2026 23:45:00 IST | scanned 29/29 symbols in 1.7s (0.06s/symbol)
26th August 2026 23:50:11 IST | INFO | 5m cycle @ 26th August 2026 23:50:00 IST | scanned 29/29 symbols in 1.5s (0.05s/symbol)
26th August 2026 23:55:13 IST | INFO | 5m cycle @ 26th August 2026 23:55:00 IST | scanned 29/29 symbols in 1.5s (0.05s/symbol)
27th August 2026 0:00:14 IST | INFO | 5m cycle @ 27th August 2026 0:00:00 IST | scanned 29/29 symbols in 1.7s (0.06s/symbol)
27th August 2026 0:05:16 IST | INFO | 5m cycle @ 27th August 2026 0:05:00 IST | scanned 29/29 symbols in 1.5s (0.05s/symbol)
27th August 2026 0:10:17 IST | INFO | 5m cycle @ 27th August 2026 0:10:00 IST | scanned 29/29 symbols in 1.4s (0.05s/symbol)
27th August 2026 0:15:19 IST | INFO | 5m cycle @ 27th August 2026 0:15:00 IST | scanned 29/29 symbols in 1.7s (0.06s/symbol)
27th August 2026 0:20:21 IST | INFO | 5m cycle @ 27th August 2026 0:20:00 IST | scanned 29/29 symbols in 1.5s (0.05s/symbol)
27th August 2026 0:25:22 IST | INFO | 5m cycle @ 27th August 2026 0:25:00 IST | scanned 29/29 symbols in 1.5s (0.05s/symbol)
27th August 2026 0:30:24 IST | INFO | 5m cycle @ 27th August 2026 0:30:00 IST | scanned 29/29 symbols in 1.8s (0.06s/symbol)
27th August 2026 0:35:10 IST | INFO | S146 SIGNAL AUDNZD SHORT aggressive_liquidation | trigger=1.20658 stop=1.20731 target=1.20567 (1.25R) | stop_basis=liquidity_pool_plus_buffer liq_pool=True | 15m_extreme=True campaign_zones=1 | 4H dest=1.19894 (10.46R)
27th August 2026 0:35:17 IST | INFO | Email sent: S146 SHORT AUDNZD @ 1.20658 (1.25R target)
27th August 2026 0:35:17 IST | INFO | AUDNZD: market order placed #2242177972 0.27 lots @ 1.20668 | sl/tp attached=True
27th August 2026 0:35:17 IST | INFO | S146 SIGNAL NZDCAD LONG aggressive_liquidation | trigger=0.82461 stop=0.82415 target=0.82519 (1.25R) | stop_basis=liquidity_pool_plus_buffer liq_pool=True | 15m_extreme=True campaign_zones=1 | 4H dest=0.82543 (1.77R)
27th August 2026 0:35:17 IST | WARNING | S146 NZDCAD: skipped on spread cost — spread 0.000180 is 38.9% of risk (limit 30%)
27th August 2026 0:35:18 IST | INFO | 5m cycle @ 27th August 2026 0:35:00 IST | scanned 29/29 symbols in 8.5s (0.29s/symbol)
27th August 2026 0:40:18 IST | INFO | S146 SIGNAL USDCHF SHORT aggressive_liquidation | trigger=0.80532 stop=0.80570 target=0.80484 (1.25R) | stop_basis=liquidity_pool_plus_buffer liq_pool=True | 15m_extreme=True campaign_zones=1 | 4H dest=0.80307 (5.91R)
27th August 2026 0:40:18 IST | WARNING | S146 USDCHF: skipped on spread cost — spread 0.000130 is 34.2% of risk (limit 30%)
27th August 2026 0:40:19 IST | INFO | 5m cycle @ 27th August 2026 0:40:00 IST | scanned 29/29 symbols in 1.5s (0.05s/symbol)
27th August 2026 0:45:21 IST | INFO | S146 NZDCHF: skipped non-extreme 15m zone 15m-1787769000--1-9541ce @ 0.47845; running extreme 15m-1787751900--1-489ca2 @ 0.47871 across 2 actionable campaign zone(s)
27th August 2026 0:45:21 IST | INFO | 5m cycle @ 27th August 2026 0:45:00 IST | scanned 29/29 symbols in 1.7s (0.06s/symbol)
27th August 2026 0:50:22 IST | INFO | 5m cycle @ 27th August 2026 0:50:00 IST | scanned 29/29 symbols in 1.4s (0.05s/symbol)
27th August 2026 0:55:24 IST | INFO | 5m cycle @ 27th August 2026 0:55:00 IST | scanned 29/29 symbols in 1.4s (0.05s/symbol)
27th August 2026 1:00:10 IST | INFO | 5m cycle @ 27th August 2026 1:00:00 IST | scanned 29/29 symbols in 1.6s (0.06s/symbol)
27th August 2026 1:05:12 IST | INFO | 5m cycle @ 27th August 2026 1:05:00 IST | scanned 29/29 symbols in 1.5s (0.05s/symbol)
27th August 2026 1:10:13 IST | INFO | 5m cycle @ 27th August 2026 1:10:00 IST | scanned 29/29 symbols in 1.4s (0.05s/symbol)
27th August 2026 1:15:15 IST | INFO | 5m cycle @ 27th August 2026 1:15:00 IST | scanned 29/29 symbols in 1.6s (0.05s/symbol)
27th August 2026 1:20:16 IST | INFO | 5m cycle @ 27th August 2026 1:20:00 IST | scanned 29/29 symbols in 1.6s (0.06s/symbol)
27th August 2026 1:25:18 IST | INFO | 5m cycle @ 27th August 2026 1:25:00 IST | scanned 29/29 symbols in 1.4s (0.05s/symbol)
27th August 2026 1:30:20 IST | INFO | S146 SIGNAL CHFJPY LONG aggressive_liquidation | trigger=197.84689 stop=197.77311 target=197.93912 (1.25R) | stop_basis=liquidity_pool_plus_buffer liq_pool=True | 15m_extreme=True campaign_zones=1 | 4H dest=198.41200 (7.66R)
27th August 2026 1:30:20 IST | WARNING | S146 CHFJPY: skipped on spread cost — spread 0.037000 is 50.1% of risk (limit 30%)
27th August 2026 1:30:20 IST | INFO | 5m cycle @ 27th August 2026 1:30:00 IST | scanned 29/29 symbols in 1.7s (0.06s/symbol)
27th August 2026 1:35:21 IST | INFO | 5m cycle @ 27th August 2026 1:35:00 IST | scanned 29/29 symbols in 1.4s (0.05s/symbol)
27th August 2026 1:40:23 IST | INFO | 5m cycle @ 27th August 2026 1:40:00 IST | scanned 29/29 symbols in 1.5s (0.05s/symbol)
27th August 2026 1:45:09 IST | INFO | 5m cycle @ 27th August 2026 1:45:00 IST | scanned 29/29 symbols in 1.7s (0.06s/symbol)
27th August 2026 1:50:11 IST | INFO | 5m cycle @ 27th August 2026 1:50:00 IST | scanned 29/29 symbols in 1.4s (0.05s/symbol)
27th August 2026 1:55:12 IST | INFO | 5m cycle @ 27th August 2026 1:55:00 IST | scanned 29/29 symbols in 1.4s (0.05s/symbol)
27th August 2026 2:00:13 IST | INFO | S146 SIGNAL AUDJPY SHORT aggressive_liquidation | trigger=114.26029 stop=114.33172 target=114.17100 (1.25R) | stop_basis=liquidity_pool_plus_buffer liq_pool=True | 15m_extreme=True campaign_zones=1 | 4H dest=113.93200 (4.6R)
27th August 2026 2:00:13 IST | WARNING | S146 AUDJPY: skipped on spread cost — spread 0.032000 is 44.8% of risk (limit 30%)
27th August 2026 2:00:14 IST | INFO | 5m cycle @ 27th August 2026 2:00:00 IST | scanned 29/29 symbols in 1.7s (0.06s/symbol)
27th August 2026 2:05:15 IST | INFO | 5m cycle @ 27th August 2026 2:05:00 IST | scanned 29/29 symbols in 1.3s (0.05s/symbol)
27th August 2026 2:10:17 IST | INFO | 5m cycle @ 27th August 2026 2:10:00 IST | scanned 29/29 symbols in 1.4s (0.05s/symbol)
27th August 2026 2:15:18 IST | INFO | 5m cycle @ 27th August 2026 2:15:00 IST | scanned 29/29 symbols in 1.6s (0.06s/symbol)
27th August 2026 2:20:20 IST | INFO | 5m cycle @ 27th August 2026 2:20:00 IST | scanned 29/29 symbols in 1.4s (0.05s/symbol)
27th August 2026 2:25:21 IST | INFO | 5m cycle @ 27th August 2026 2:25:00 IST | scanned 29/29 symbols in 1.4s (0.05s/symbol)
27th August 2026 2:30:23 IST | INFO | 5m cycle @ 27th August 2026 2:30:00 IST | scanned 29/29 symbols in 1.6s (0.06s/symbol)
27th August 2026 2:35:09 IST | INFO | 5m cycle @ 27th August 2026 2:35:00 IST | scanned 29/29 symbols in 1.6s (0.05s/symbol)
27th August 2026 2:40:11 IST | INFO | 5m cycle @ 27th August 2026 2:40:00 IST | scanned 29/29 symbols in 1.5s (0.05s/symbol)
27th August 2026 2:45:13 IST | INFO | 5m cycle @ 27th August 2026 2:45:00 IST | scanned 29/29 symbols in 1.7s (0.06s/symbol)
27th August 2026 13:47:36 IST | WARNING | No rates for AUDCAD 4h: (-1, 'Terminal: Call failed')
27th August 2026 13:47:36 IST | WARNING | No rates for AUDCAD 15m: (-1, 'Terminal: Call failed')
27th August 2026 13:47:36 IST | WARNING | No rates for AUDCAD 5m: (-1, 'Terminal: Call failed')
27th August 2026 13:47:36 IST | WARNING | AUDCAD: missing closed candles (4h/15m/5m) — skipping cycle
27th August 2026 13:47:36 IST | WARNING | No rates for AUDCHF 4h: (-1, 'Terminal: Call failed')
27th August 2026 13:47:36 IST | WARNING | No rates for AUDCHF 15m: (-1, 'Terminal: Call failed')
27th August 2026 13:47:36 IST | WARNING | No rates for AUDCHF 5m: (-1, 'Terminal: Call failed')
27th August 2026 13:47:36 IST | WARNING | AUDCHF: missing closed candles (4h/15m/5m) — skipping cycle
27th August 2026 13:47:36 IST | WARNING | No rates for NZDJPY 4h: (-1, 'Terminal: Call failed')
27th August 2026 13:47:36 IST | WARNING | No rates for NZDJPY 15m: (-1, 'Terminal: Call failed')
27th August 2026 13:47:36 IST | WARNING | No rates for NZDJPY 5m: (-1, 'Terminal: Call failed')
27th August 2026 13:47:36 IST | WARNING | NZDJPY: missing closed candles (4h/15m/5m) — skipping cycle
27th August 2026 13:47:36 IST | WARNING | No rates for NZDCAD 4h: (-1, 'Terminal: Call failed')
27th August 2026 13:47:36 IST | WARNING | No rates for NZDCAD 15m: (-1, 'Terminal: Call failed')
27th August 2026 13:47:36 IST | WARNING | No rates for NZDCAD 5m: (-1, 'Terminal: Call failed')
27th August 2026 13:47:36 IST | WARNING | NZDCAD: missing closed candles (4h/15m/5m) — skipping cycle
27th August 2026 13:47:36 IST | WARNING | No rates for NZDCHF 4h: (-1, 'Terminal: Call failed')
27th August 2026 13:47:36 IST | WARNING | No rates for NZDCHF 15m: (-1, 'Terminal: Call failed')
27th August 2026 13:47:36 IST | WARNING | No rates for NZDCHF 5m: (-1, 'Terminal: Call failed')
27th August 2026 13:47:36 IST | WARNING | NZDCHF: missing closed candles (4h/15m/5m) — skipping cycle
27th August 2026 13:47:36 IST | WARNING | No rates for CADJPY 4h: (-1, 'Terminal: Call failed')
27th August 2026 13:47:36 IST | WARNING | No rates for CADJPY 15m: (-1, 'Terminal: Call failed')
27th August 2026 13:47:36 IST | WARNING | No rates for CADJPY 5m: (-1, 'Terminal: Call failed')
27th August 2026 13:47:36 IST | WARNING | CADJPY: missing closed candles (4h/15m/5m) — skipping cycle
27th August 2026 13:47:36 IST | WARNING | No rates for CADCHF 4h: (-1, 'Terminal: Call failed')
27th August 2026 13:47:36 IST | WARNING | No rates for CADCHF 15m: (-1, 'Terminal: Call failed')
27th August 2026 13:47:36 IST | WARNING | No rates for CADCHF 5m: (-1, 'Terminal: Call failed')
27th August 2026 13:47:36 IST | WARNING | CADCHF: missing closed candles (4h/15m/5m) — skipping cycle
27th August 2026 13:47:36 IST | WARNING | No rates for CHFJPY 4h: (-1, 'Terminal: Call failed')
27th August 2026 13:47:36 IST | WARNING | No rates for CHFJPY 15m: (-1, 'Terminal: Call failed')
27th August 2026 13:47:36 IST | WARNING | No rates for CHFJPY 5m: (-1, 'Terminal: Call failed')
27th August 2026 13:47:36 IST | WARNING | CHFJPY: missing closed candles (4h/15m/5m) — skipping cycle
27th August 2026 13:47:36 IST | WARNING | No rates for XAUUSD 4h: (-1, 'Terminal: Call failed')
27th August 2026 13:47:36 IST | WARNING | No rates for XAUUSD 15m: (-1, 'Terminal: Call failed')
27th August 2026 13:47:36 IST | WARNING | No rates for XAUUSD 5m: (-1, 'Terminal: Call failed')
27th August 2026 13:47:36 IST | WARNING | XAUUSD: missing closed candles (4h/15m/5m) — skipping cycle
27th August 2026 13:47:36 IST | INFO | 5m cycle @ 27th August 2026 13:45:00 IST | scanned 29/29 symbols in 2.6s (0.09s/symbol)
27th August 2026 13:50:24 IST | INFO | 5m cycle @ 27th August 2026 13:50:00 IST | scanned 29/29 symbols in 2.8s (0.10s/symbol)
27th August 2026 13:55:15 IST | INFO | 5m cycle @ 27th August 2026 13:55:00 IST | scanned 29/29 symbols in 5.9s (0.20s/symbol)
27th August 2026 14:00:17 IST | INFO | 5m cycle @ 27th August 2026 14:00:00 IST | scanned 29/29 symbols in 2.0s (0.07s/symbol)
27th August 2026 14:05:18 IST | INFO | S146 SIGNAL AUDCAD SHORT aggressive_liquidation | trigger=0.99699 stop=0.99781 target=0.99597 (1.25R) | stop_basis=15m_zone_distal_plus_buffer liq_pool=False | 15m_extreme=True campaign_zones=1 | 4H dest=0.99138 (6.84R)
27th August 2026 14:05:22 IST | INFO | Email sent: S146 SHORT AUDCAD @ 0.99699 (1.25R target)
27th August 2026 14:05:22 IST | INFO | AUDCAD: market order placed #2245798310 0.27 lots @ 0.99710 | sl/tp attached=True
27th August 2026 14:05:22 IST | INFO | 5m cycle @ 27th August 2026 14:05:00 IST | scanned 29/29 symbols in 5.7s (0.20s/symbol)
27th August 2026 14:10:23 IST | INFO | S146 SIGNAL USDCAD SHORT aggressive_liquidation | trigger=1.38810 stop=1.38902 target=1.38695 (1.25R) | stop_basis=liquidity_pool_plus_buffer liq_pool=True | 15m_extreme=True campaign_zones=1 | 4H dest=1.38628 (1.98R)
27th August 2026 14:10:26 IST | INFO | Email sent: S146 SHORT USDCAD @ 1.38810 (1.25R target)
27th August 2026 14:10:26 IST | INFO | USDCAD: market order placed #2245823456 0.19 lots @ 1.38825 | sl/tp attached=True
27th August 2026 14:10:28 IST | INFO | 5m cycle @ 27th August 2026 14:10:00 IST | scanned 29/29 symbols in 5.2s (0.18s/symbol)
27th August 2026 14:15:14 IST | INFO | 5m cycle @ 27th August 2026 14:15:00 IST | scanned 29/29 symbols in 1.8s (0.06s/symbol)
27th August 2026 14:20:16 IST | INFO | 5m cycle @ 27th August 2026 14:20:00 IST | scanned 29/29 symbols in 1.6s (0.05s/symbol)
27th August 2026 14:25:18 IST | INFO | 5m cycle @ 27th August 2026 14:25:00 IST | scanned 29/29 symbols in 1.5s (0.05s/symbol)
27th August 2026 14:30:20 IST | INFO | 5m cycle @ 27th August 2026 14:30:00 IST | scanned 29/29 symbols in 1.7s (0.06s/symbol)
27th August 2026 14:35:22 IST | INFO | 5m cycle @ 27th August 2026 14:35:00 IST | scanned 29/29 symbols in 1.7s (0.06s/symbol)
27th August 2026 14:40:23 IST | INFO | 5m cycle @ 27th August 2026 14:40:00 IST | scanned 29/29 symbols in 1.5s (0.05s/symbol)
27th August 2026 14:45:10 IST | INFO | 5m cycle @ 27th August 2026 14:45:00 IST | scanned 29/29 symbols in 1.8s (0.06s/symbol)
27th August 2026 14:50:12 IST | INFO | 5m cycle @ 27th August 2026 14:50:00 IST | scanned 29/29 symbols in 1.5s (0.05s/symbol)
27th August 2026 14:55:13 IST | INFO | 5m cycle @ 27th August 2026 14:55:00 IST | scanned 29/29 symbols in 1.5s (0.05s/symbol)
27th August 2026 15:00:15 IST | INFO | 5m cycle @ 27th August 2026 15:00:00 IST | scanned 29/29 symbols in 1.7s (0.06s/symbol)
27th August 2026 15:05:16 IST | INFO | S146 GBPNZD: skipped non-extreme 15m zone 15m-1787813100-1-2d76a5 @ 2.28443; running extreme 15m-1787694300-1-28781c @ 2.28209 across 2 actionable campaign zone(s)
27th August 2026 15:05:17 IST | INFO | 5m cycle @ 27th August 2026 15:05:00 IST | scanned 29/29 symbols in 1.5s (0.05s/symbol)
27th August 2026 15:10:18 IST | INFO | 5m cycle @ 27th August 2026 15:10:00 IST | scanned 29/29 symbols in 1.5s (0.05s/symbol)
27th August 2026 15:15:20 IST | INFO | 5m cycle @ 27th August 2026 15:15:00 IST | scanned 29/29 symbols in 1.7s (0.06s/symbol)
27th August 2026 15:20:21 IST | INFO | 5m cycle @ 27th August 2026 15:20:00 IST | scanned 29/29 symbols in 1.5s (0.05s/symbol)
27th August 2026 15:25:23 IST | INFO | 5m cycle @ 27th August 2026 15:25:00 IST | scanned 29/29 symbols in 1.5s (0.05s/symbol)
27th August 2026 15:30:10 IST | INFO | 5m cycle @ 27th August 2026 15:30:00 IST | scanned 29/29 symbols in 1.7s (0.06s/symbol)
27th August 2026 15:32:56 IST | INFO | s146 #2245798310 partial 0.13/0.27 lots at 1.35R ok=True
27th August 2026 15:32:56 IST | INFO | s146 #2245798310 ladder sl -> 0.99710 (+0.00R at peak 1.35R) ok=True
27th August 2026 15:35:13 IST | INFO | 5m cycle @ 27th August 2026 15:35:00 IST | scanned 29/29 symbols in 1.6s (0.05s/symbol)
27th August 2026 15:40:15 IST | INFO | 5m cycle @ 27th August 2026 15:40:00 IST | scanned 29/29 symbols in 1.5s (0.05s/symbol)
27th August 2026 15:45:16 IST | INFO | 5m cycle @ 27th August 2026 15:45:00 IST | scanned 29/29 symbols in 1.7s (0.06s/symbol)
27th August 2026 15:50:18 IST | INFO | 5m cycle @ 27th August 2026 15:50:00 IST | scanned 29/29 symbols in 1.5s (0.05s/symbol)
27th August 2026 15:55:18 IST | INFO | S146 EURNZD: skipped non-extreme 15m zone 15m-1787813100-1-318b31 @ 1.95905; running extreme 15m-1787694300-1-e70dcd @ 1.95051 across 4 actionable campaign zone(s)
27th August 2026 15:55:19 IST | INFO | 5m cycle @ 27th August 2026 15:55:00 IST | scanned 29/29 symbols in 1.4s (0.05s/symbol)
27th August 2026 16:00:21 IST | INFO | 5m cycle @ 27th August 2026 16:00:00 IST | scanned 29/29 symbols in 1.8s (0.06s/symbol)
27th August 2026 16:05:23 IST | INFO | 5m cycle @ 27th August 2026 16:05:00 IST | scanned 29/29 symbols in 1.5s (0.05s/symbol)
27th August 2026 16:10:08 IST | INFO | S146 AUDUSD: skipped non-extreme 15m zone 15m-1787824800--1-9c4273 @ 0.71752; running extreme 15m-1787822100--1-f7c134 @ 0.71793 across 2 actionable campaign zone(s)
27th August 2026 16:10:08 IST | INFO | S146 SIGNAL AUDUSD SHORT aggressive_liquidation | trigger=0.71765 stop=0.71813 target=0.71706 (1.25R) | stop_basis=liquidity_pool_plus_buffer liq_pool=True | 15m_extreme=True campaign_zones=2 | 4H dest=0.71505 (5.52R)
27th August 2026 16:10:11 IST | INFO | Email sent: S146 SHORT AUDUSD @ 0.71765 (1.25R target)
27th August 2026 16:10:11 IST | INFO | AUDUSD: market order placed #2246723445 0.27 lots @ 0.71765 | sl/tp attached=True
27th August 2026 16:10:13 IST | INFO | 5m cycle @ 27th August 2026 16:10:00 IST | scanned 29/29 symbols in 5.0s (0.17s/symbol)
27th August 2026 16:15:14 IST | INFO | 5m cycle @ 27th August 2026 16:15:00 IST | scanned 29/29 symbols in 1.7s (0.06s/symbol)
27th August 2026 16:20:16 IST | INFO | 5m cycle @ 27th August 2026 16:20:00 IST | scanned 29/29 symbols in 1.5s (0.05s/symbol)
27th August 2026 16:25:17 IST | INFO | 5m cycle @ 27th August 2026 16:25:00 IST | scanned 29/29 symbols in 1.4s (0.05s/symbol)
27th August 2026 16:30:19 IST | INFO | 5m cycle @ 27th August 2026 16:30:00 IST | scanned 29/29 symbols in 1.7s (0.06s/symbol)
27th August 2026 16:35:20 IST | INFO | S146 EURCAD: skipped non-extreme 15m zone 15m-1787823000--1-f65219 @ 1.61630; running extreme 15m-1787816700--1-36cf58 @ 1.61782 across 2 actionable campaign zone(s)
27th August 2026 16:35:20 IST | INFO | S146 SIGNAL AUDCAD SHORT aggressive_liquidation | trigger=0.99635 stop=0.99765 target=0.99473 (1.25R) | stop_basis=liquidity_pool_plus_buffer liq_pool=True | 15m_extreme=True campaign_zones=1 | 4H dest=0.99138 (3.82R)
27th August 2026 16:35:23 IST | INFO | Email sent: S146 SHORT AUDCAD @ 0.99635 (1.25R target)
27th August 2026 16:35:24 IST | INFO | AUDCAD: market order placed #2246909612 0.27 lots @ 0.99646 | sl/tp attached=True
27th August 2026 16:35:24 IST | INFO | 5m cycle @ 27th August 2026 16:35:00 IST | scanned 29/29 symbols in 5.0s (0.17s/symbol)
27th August 2026 16:40:09 IST | INFO | S146 SIGNAL EURGBP SHORT conservative_mss | trigger=0.85717 stop=0.85773 target=0.85647 (1.25R) | stop_basis=liquidity_pool_plus_buffer liq_pool=True | 15m_extreme=True campaign_zones=1 | 4H dest=0.85546 (3.04R)
27th August 2026 16:40:14 IST | INFO | Email sent: S146 SHORT EURGBP @ 0.85717 (1.25R target)
27th August 2026 16:40:14 IST | INFO | EURGBP: market order placed #2246932738 0.16 lots @ 0.85724 | sl/tp attached=True
27th August 2026 16:40:15 IST | INFO | 5m cycle @ 27th August 2026 16:40:00 IST | scanned 29/29 symbols in 5.7s (0.20s/symbol)
27th August 2026 16:45:16 IST | INFO | 5m cycle @ 27th August 2026 16:45:00 IST | scanned 29/29 symbols in 1.6s (0.05s/symbol)
27th August 2026 16:50:18 IST | INFO | 5m cycle @ 27th August 2026 16:50:00 IST | scanned 29/29 symbols in 1.2s (0.04s/symbol)
27th August 2026 16:55:19 IST | INFO | 5m cycle @ 27th August 2026 16:55:00 IST | scanned 29/29 symbols in 1.5s (0.05s/symbol)
27th August 2026 17:00:21 IST | INFO | 5m cycle @ 27th August 2026 17:00:00 IST | scanned 29/29 symbols in 1.6s (0.06s/symbol)
27th August 2026 17:05:23 IST | INFO | 5m cycle @ 27th August 2026 17:05:00 IST | scanned 29/29 symbols in 1.4s (0.05s/symbol)
27th August 2026 17:10:09 IST | INFO | 5m cycle @ 27th August 2026 17:10:00 IST | scanned 29/29 symbols in 1.4s (0.05s/symbol)
27th August 2026 17:15:11 IST | INFO | 5m cycle @ 27th August 2026 17:15:00 IST | scanned 29/29 symbols in 1.7s (0.06s/symbol)
27th August 2026 17:16:56 IST | INFO | s146 #2245823456 partial 0.09/0.19 lots at 1.29R ok=True
27th August 2026 17:16:56 IST | INFO | s146 #2245823456 ladder sl -> 1.38825 (+0.00R at peak 1.29R) ok=True
27th August 2026 17:20:13 IST | INFO | 5m cycle @ 27th August 2026 17:20:00 IST | scanned 29/29 symbols in 1.5s (0.05s/symbol)
27th August 2026 17:24:13 IST | INFO | s146 #2245823456 ladder sl -> 1.38748 (+1.00R at peak 1.69R) ok=True
27th August 2026 17:25:15 IST | INFO | 5m cycle @ 27th August 2026 17:25:00 IST | scanned 29/29 symbols in 1.4s (0.05s/symbol)
27th August 2026 17:30:17 IST | INFO | 5m cycle @ 27th August 2026 17:30:00 IST | scanned 29/29 symbols in 1.9s (0.07s/symbol)
27th August 2026 18:00:18 IST | INFO | MT5 connected | Exness-MT5Trial15 | DEMO | balance=33779.67 INR | leverage 1:2000
27th August 2026 18:00:18 IST | INFO | liveTrade s146 started | Strategy 146 live engine started | ---------------------------------------- | Account   : 474381718 DEMO INR bal=33779.67 | Symbols   : EURUSD, GBPUSD, USDJPY, USDCHF, AUDUSD, NZDUSD, USDCAD, EURGBP, EURJPY, EURCHF, EURAUD, EURCAD, EURNZD, GBPJPY, GBPCHF, GBPAUD, GBPCAD, GBPNZD, AUDJPY, AUDNZD, AUDCAD, AUDCHF, NZDJPY, NZDCAD, NZDCHF, CADJPY, CADCHF, CHFJPY, XAUUSD | DRY_RUN   : False | Demo only : True (orders blocked: False) | Sizing    : margin Rs1000 @ 1:2000 | free-margin budget 80% | max_concurrent=8 | Exposure  : same destination <= 1 | currency leg <= 3 | Cost gate : skip when spread > 30% of risk | short stop spread pad 0.0x | Entry mode: market (SL/TP attached: True) | Risk guard : DISABLED for s146 (loss_at_sl is informational only) | Stop      : liquidity pool outside 15m zone when available, else distal edge + 0.5 bps buffer | Exit ladder: True | partial 50% at 1.25R | trail step/giveback 0.5R/0.5R | broker TP = 4H destination | Target    : 1.25R partial milestone (4H destination is the broker-side ceiling) | R:R band  : 1.5 - 20.0 (measured to the 4H destination) | Hold limit: 864 5m bars | 15m select: running extreme since 4H confirmation=True (highest supply for short / lowest demand for long) | Legacy new-15m fallback: True (engine start 27th August 2026 18:00:18 IST) | Journals  : {'4h': 'D:\\WorkZera\\Projects\\strategies\\yt_learning\\liveTrade\\logs\\s146_4h_events.log', '15m': 'D:\\WorkZera\\Projects\\strategies\\yt_learning\\liveTrade\\logs\\s146_15m_events.log', '5m': 'D:\\WorkZera\\Projects\\strategies\\yt_learning\\liveTrade\\logs\\s146_5m_events.log', 'trade': 'D:\\WorkZera\\Projects\\strategies\\yt_learning\\liveTrade\\logs\\s146_trades.log'} | 
27th August 2026 18:00:21 IST | INFO | Email sent: Strategy146 liveTrade STARTED
27th August 2026 18:00:26 IST | INFO | 5m cycle @ 27th August 2026 18:00:00 IST | scanned 29/29 symbols in 5.3s (0.18s/symbol)
27th August 2026 18:05:14 IST | INFO | 5m cycle @ 27th August 2026 18:05:00 IST | scanned 29/29 symbols in 2.5s (0.09s/symbol)
27th August 2026 18:10:15 IST | INFO | 5m cycle @ 27th August 2026 18:10:00 IST | scanned 29/29 symbols in 1.6s (0.06s/symbol)
27th August 2026 18:15:17 IST | INFO | S146 NZDJPY: skipped non-extreme 15m zone 15m-1787828400-1-10063f @ 94.77400; running extreme 15m-1787823000-1-77ef4c @ 94.70000 across 2 actionable campaign zone(s)
27th August 2026 18:15:17 IST | INFO | 5m cycle @ 27th August 2026 18:15:00 IST | scanned 29/29 symbols in 1.8s (0.06s/symbol)
27th August 2026 18:20:19 IST | INFO | 5m cycle @ 27th August 2026 18:20:00 IST | scanned 29/29 symbols in 1.5s (0.05s/symbol)
27th August 2026 18:25:20 IST | INFO | 5m cycle @ 27th August 2026 18:25:00 IST | scanned 29/29 symbols in 1.6s (0.06s/symbol)
27th August 2026 18:30:22 IST | INFO | 5m cycle @ 27th August 2026 18:30:00 IST | scanned 29/29 symbols in 1.8s (0.06s/symbol)
27th August 2026 18:35:23 IST | INFO | S146 USDCAD: skipped non-extreme 15m zone 15m-1787832000--1-71105a @ 1.38715; running extreme 15m-1787827500--1-915476 @ 1.38837 across 2 actionable campaign zone(s)
27th August 2026 18:35:24 IST | INFO | 5m cycle @ 27th August 2026 18:35:00 IST | scanned 29/29 symbols in 1.6s (0.06s/symbol)
27th August 2026 18:40:10 IST | INFO | 5m cycle @ 27th August 2026 18:40:00 IST | scanned 29/29 symbols in 1.6s (0.06s/symbol)
27th August 2026 18:45:12 IST | INFO | 5m cycle @ 27th August 2026 18:45:00 IST | scanned 29/29 symbols in 2.0s (0.07s/symbol)
27th August 2026 18:50:14 IST | INFO | 5m cycle @ 27th August 2026 18:50:00 IST | scanned 29/29 symbols in 1.6s (0.05s/symbol)
27th August 2026 18:55:16 IST | INFO | 5m cycle @ 27th August 2026 18:55:00 IST | scanned 29/29 symbols in 1.6s (0.05s/symbol)
27th August 2026 19:00:18 IST | INFO | 5m cycle @ 27th August 2026 19:00:00 IST | scanned 29/29 symbols in 1.9s (0.06s/symbol)
27th August 2026 19:05:19 IST | INFO | 5m cycle @ 27th August 2026 19:05:00 IST | scanned 29/29 symbols in 1.6s (0.05s/symbol)
27th August 2026 19:10:21 IST | INFO | 5m cycle @ 27th August 2026 19:10:00 IST | scanned 29/29 symbols in 1.6s (0.05s/symbol)
27th August 2026 19:15:23 IST | INFO | 5m cycle @ 27th August 2026 19:15:00 IST | scanned 29/29 symbols in 1.8s (0.06s/symbol)
27th August 2026 19:20:09 IST | INFO | 5m cycle @ 27th August 2026 19:20:00 IST | scanned 29/29 symbols in 1.7s (0.06s/symbol)
27th August 2026 19:25:11 IST | INFO | 5m cycle @ 27th August 2026 19:25:00 IST | scanned 29/29 symbols in 1.6s (0.06s/symbol)
27th August 2026 19:30:13 IST | INFO | 5m cycle @ 27th August 2026 19:30:00 IST | scanned 29/29 symbols in 1.7s (0.06s/symbol)
27th August 2026 19:35:14 IST | INFO | 5m cycle @ 27th August 2026 19:35:00 IST | scanned 29/29 symbols in 1.6s (0.05s/symbol)
27th August 2026 19:40:15 IST | INFO | S146 SIGNAL AUDCHF SHORT aggressive_liquidation | trigger=0.57822 stop=0.57848 target=0.57790 (1.25R) | stop_basis=liquidity_pool_plus_buffer liq_pool=True | 15m_extreme=True campaign_zones=1 | 4H dest=0.57755 (2.6R)
27th August 2026 19:40:15 IST | WARNING | S146 AUDCHF: skipped on spread cost — spread 0.000090 is 34.9% of risk (limit 30%)
27th August 2026 19:40:16 IST | INFO | 5m cycle @ 27th August 2026 19:40:00 IST | scanned 29/29 symbols in 1.6s (0.05s/symbol)
27th August 2026 19:45:18 IST | INFO | 5m cycle @ 27th August 2026 19:45:00 IST | scanned 29/29 symbols in 1.8s (0.06s/symbol)
27th August 2026 19:50:20 IST | INFO | 5m cycle @ 27th August 2026 19:50:00 IST | scanned 29/29 symbols in 2.4s (0.08s/symbol)
27th August 2026 19:55:22 IST | INFO | 5m cycle @ 27th August 2026 19:55:00 IST | scanned 29/29 symbols in 1.6s (0.05s/symbol)
27th August 2026 20:00:22 IST | INFO | S146 NZDUSD: skipped non-extreme 15m zone 15m-1787833800-1-c15219 @ 0.59476; running extreme 15m-1787828400-1-3bdd98 @ 0.59424 across 2 actionable campaign zone(s)
27th August 2026 20:00:23 IST | INFO | 5m cycle @ 27th August 2026 20:00:00 IST | scanned 29/29 symbols in 1.8s (0.06s/symbol)
27th August 2026 20:05:09 IST | INFO | S146 SIGNAL GBPJPY LONG aggressive_liquidation | trigger=216.47382 stop=216.34518 target=216.63462 (1.25R) | stop_basis=15m_zone_distal_plus_buffer liq_pool=False | 15m_extreme=True campaign_zones=1 | 4H dest=216.74700 (2.12R)
27th August 2026 20:05:15 IST | INFO | Email sent: S146 LONG GBPJPY @ 216.47382 (1.25R target)
27th August 2026 20:05:15 IST | INFO | GBPJPY: market order placed #2248923114 0.14 lots @ 216.47100 | sl/tp attached=True
27th August 2026 20:05:16 IST | INFO | 5m cycle @ 27th August 2026 20:05:00 IST | scanned 29/29 symbols in 7.3s (0.25s/symbol)
27th August 2026 20:10:17 IST | INFO | S146 NZDJPY: skipped non-extreme 15m zone 15m-1787834700-1-342dc7 @ 94.80200; running extreme 15m-1787823000-1-77ef4c @ 94.70000 across 2 actionable campaign zone(s)
27th August 2026 20:10:17 IST | INFO | 5m cycle @ 27th August 2026 20:10:00 IST | scanned 29/29 symbols in 1.5s (0.05s/symbol)
27th August 2026 20:15:19 IST | INFO | 5m cycle @ 27th August 2026 20:15:00 IST | scanned 29/29 symbols in 1.8s (0.06s/symbol)
27th August 2026 20:20:21 IST | INFO | 5m cycle @ 27th August 2026 20:20:00 IST | scanned 29/29 symbols in 1.4s (0.05s/symbol)
27th August 2026 20:25:22 IST | INFO | S146 SIGNAL GBPNZD LONG aggressive_liquidation | trigger=2.28318 stop=2.28068 target=2.28632 (1.25R) | stop_basis=15m_zone_distal_plus_buffer liq_pool=False | 15m_extreme=True campaign_zones=1 | 4H dest=2.29281 (3.84R)
27th August 2026 20:25:25 IST | INFO | Email sent: S146 LONG GBPNZD @ 2.28318 (1.25R target)
27th August 2026 20:25:25 IST | INFO | GBPNZD: market order placed #2249163508 0.14 lots @ 2.28340 | sl/tp attached=True
27th August 2026 20:25:26 IST | INFO | 5m cycle @ 27th August 2026 20:25:00 IST | scanned 29/29 symbols in 5.1s (0.18s/symbol)
27th August 2026 20:30:13 IST | INFO | 5m cycle @ 27th August 2026 20:30:00 IST | scanned 29/29 symbols in 1.8s (0.06s/symbol)
27th August 2026 20:35:14 IST | INFO | 5m cycle @ 27th August 2026 20:35:00 IST | scanned 29/29 symbols in 1.4s (0.05s/symbol)
27th August 2026 20:40:16 IST | INFO | 5m cycle @ 27th August 2026 20:40:00 IST | scanned 29/29 symbols in 1.5s (0.05s/symbol)
27th August 2026 20:45:17 IST | INFO | 5m cycle @ 27th August 2026 20:45:00 IST | scanned 29/29 symbols in 1.7s (0.06s/symbol)
27th August 2026 20:50:19 IST | INFO | 5m cycle @ 27th August 2026 20:50:00 IST | scanned 29/29 symbols in 1.5s (0.05s/symbol)
27th August 2026 20:55:20 IST | INFO | 5m cycle @ 27th August 2026 20:55:00 IST | scanned 29/29 symbols in 1.5s (0.05s/symbol)
27th August 2026 21:00:22 IST | INFO | 5m cycle @ 27th August 2026 21:00:00 IST | scanned 29/29 symbols in 1.7s (0.06s/symbol)
27th August 2026 21:05:23 IST | INFO | S146 EURCAD: skipped non-extreme 15m zone 15m-1787842800--1-6586fa @ 1.61382; running extreme 15m-1787816700--1-36cf58 @ 1.61782 across 4 actionable campaign zone(s)
27th August 2026 21:05:24 IST | INFO | 5m cycle @ 27th August 2026 21:05:00 IST | scanned 29/29 symbols in 1.5s (0.05s/symbol)
27th August 2026 21:10:10 IST | INFO | 5m cycle @ 27th August 2026 21:10:00 IST | scanned 29/29 symbols in 1.5s (0.05s/symbol)
27th August 2026 21:15:12 IST | INFO | 5m cycle @ 27th August 2026 21:15:00 IST | scanned 29/29 symbols in 1.7s (0.06s/symbol)
27th August 2026 21:20:14 IST | INFO | 5m cycle @ 27th August 2026 21:20:00 IST | scanned 29/29 symbols in 1.5s (0.05s/symbol)
27th August 2026 21:25:15 IST | INFO | 5m cycle @ 27th August 2026 21:25:00 IST | scanned 29/29 symbols in 1.5s (0.05s/symbol)
27th August 2026 21:30:17 IST | INFO | 5m cycle @ 27th August 2026 21:30:00 IST | scanned 29/29 symbols in 1.8s (0.06s/symbol)
27th August 2026 21:35:18 IST | INFO | 5m cycle @ 27th August 2026 21:35:00 IST | scanned 29/29 symbols in 1.5s (0.05s/symbol)
27th August 2026 21:40:20 IST | INFO | 5m cycle @ 27th August 2026 21:40:00 IST | scanned 29/29 symbols in 1.5s (0.05s/symbol)
27th August 2026 21:45:22 IST | INFO | 5m cycle @ 27th August 2026 21:45:00 IST | scanned 29/29 symbols in 1.7s (0.06s/symbol)
27th August 2026 21:50:23 IST | INFO | 5m cycle @ 27th August 2026 21:50:00 IST | scanned 29/29 symbols in 1.5s (0.05s/symbol)
27th August 2026 21:55:10 IST | INFO | 5m cycle @ 27th August 2026 21:55:00 IST | scanned 29/29 symbols in 1.4s (0.05s/symbol)
27th August 2026 22:00:11 IST | INFO | 5m cycle @ 27th August 2026 22:00:00 IST | scanned 29/29 symbols in 1.7s (0.06s/symbol)
27th August 2026 22:05:13 IST | INFO | 5m cycle @ 27th August 2026 22:05:00 IST | scanned 29/29 symbols in 1.5s (0.05s/symbol)
27th August 2026 22:10:15 IST | INFO | 5m cycle @ 27th August 2026 22:10:00 IST | scanned 29/29 symbols in 1.5s (0.05s/symbol)
27th August 2026 22:15:16 IST | INFO | 5m cycle @ 27th August 2026 22:15:00 IST | scanned 29/29 symbols in 1.7s (0.06s/symbol)
27th August 2026 22:20:18 IST | INFO | 5m cycle @ 27th August 2026 22:20:00 IST | scanned 29/29 symbols in 1.5s (0.05s/symbol)
27th August 2026 22:25:19 IST | INFO | S146 XAUUSD: skipped non-extreme 15m zone 15m-1787846400-1-6db55f @ 4610.38600; running extreme 15m-1787838300-1-90493c @ 4578.79000 across 3 actionable campaign zone(s)
27th August 2026 22:25:19 IST | INFO | 5m cycle @ 27th August 2026 22:25:00 IST | scanned 29/29 symbols in 1.5s (0.05s/symbol)
27th August 2026 22:30:21 IST | INFO | 5m cycle @ 27th August 2026 22:30:00 IST | scanned 29/29 symbols in 1.8s (0.06s/symbol)
27th August 2026 22:35:23 IST | INFO | 5m cycle @ 27th August 2026 22:35:00 IST | scanned 29/29 symbols in 1.5s (0.05s/symbol)
27th August 2026 22:40:09 IST | INFO | 5m cycle @ 27th August 2026 22:40:00 IST | scanned 29/29 symbols in 1.4s (0.05s/symbol)
27th August 2026 22:45:11 IST | INFO | 5m cycle @ 27th August 2026 22:45:00 IST | scanned 29/29 symbols in 1.7s (0.06s/symbol)
27th August 2026 22:50:12 IST | INFO | 5m cycle @ 27th August 2026 22:50:00 IST | scanned 29/29 symbols in 1.5s (0.05s/symbol)
27th August 2026 22:55:13 IST | INFO | 5m cycle @ 27th August 2026 22:55:00 IST | scanned 29/29 symbols in 1.0s (0.03s/symbol)
27th August 2026 23:00:15 IST | WARNING | No rates for EURGBP 4h: (-1, 'Terminal: Call failed')
27th August 2026 23:00:15 IST | WARNING | EURGBP: missing closed candles (4h/15m/5m) — skipping cycle
27th August 2026 23:00:17 IST | INFO | 5m cycle @ 27th August 2026 23:00:00 IST | scanned 29/29 symbols in 3.7s (0.13s/symbol)
27th August 2026 23:05:19 IST | INFO | 5m cycle @ 27th August 2026 23:05:00 IST | scanned 29/29 symbols in 2.1s (0.07s/symbol)
27th August 2026 23:10:21 IST | INFO | 5m cycle @ 27th August 2026 23:10:00 IST | scanned 29/29 symbols in 1.5s (0.05s/symbol)
27th August 2026 23:15:23 IST | INFO | 5m cycle @ 27th August 2026 23:15:00 IST | scanned 29/29 symbols in 1.7s (0.06s/symbol)
27th August 2026 23:20:08 IST | INFO | S146 SIGNAL EURCHF LONG aggressive_liquidation | trigger=0.93672 stop=0.93618 target=0.93739 (1.25R) | stop_basis=liquidity_pool_plus_buffer liq_pool=True | 15m_extreme=True campaign_zones=1 | 4H dest=0.93868 (3.64R)
27th August 2026 23:20:12 IST | INFO | Email sent: S146 LONG EURCHF @ 0.93672 (1.25R target)
27th August 2026 23:20:12 IST | INFO | EURCHF: market order placed #2250339909 0.16 lots @ 0.93679 | sl/tp attached=True
27th August 2026 23:20:13 IST | INFO | 5m cycle @ 27th August 2026 23:20:00 IST | scanned 29/29 symbols in 5.2s (0.18s/symbol)
27th August 2026 23:25:14 IST | INFO | 5m cycle @ 27th August 2026 23:25:00 IST | scanned 29/29 symbols in 1.5s (0.05s/symbol)
27th August 2026 23:30:16 IST | INFO | 5m cycle @ 27th August 2026 23:30:00 IST | scanned 29/29 symbols in 1.7s (0.06s/symbol)
27th August 2026 23:35:18 IST | INFO | 5m cycle @ 27th August 2026 23:35:00 IST | scanned 29/29 symbols in 1.5s (0.05s/symbol)
27th August 2026 23:40:19 IST | INFO | 5m cycle @ 27th August 2026 23:40:00 IST | scanned 29/29 symbols in 1.4s (0.05s/symbol)
27th August 2026 23:45:21 IST | INFO | 5m cycle @ 27th August 2026 23:45:00 IST | scanned 29/29 symbols in 1.7s (0.06s/symbol)
27th August 2026 23:50:22 IST | INFO | 5m cycle @ 27th August 2026 23:50:00 IST | scanned 29/29 symbols in 1.4s (0.05s/symbol)
27th August 2026 23:55:24 IST | INFO | 5m cycle @ 27th August 2026 23:55:00 IST | scanned 29/29 symbols in 1.5s (0.05s/symbol)
28th August 2026 0:00:11 IST | INFO | 5m cycle @ 28th August 2026 0:00:00 IST | scanned 29/29 symbols in 1.6s (0.06s/symbol)
28th August 2026 0:05:12 IST | INFO | 5m cycle @ 28th August 2026 0:05:00 IST | scanned 29/29 symbols in 1.5s (0.05s/symbol)
28th August 2026 0:10:13 IST | INFO | S146 SIGNAL EURGBP SHORT aggressive_liquidation | trigger=0.85725 stop=0.85756 target=0.85685 (1.25R) | stop_basis=liquidity_pool_plus_buffer liq_pool=True | 15m_extreme=True campaign_zones=1 | 4H dest=0.85546 (5.66R)
28th August 2026 0:10:13 IST | WARNING | S146 EURGBP: skipped on spread cost — spread 0.000130 is 41.2% of risk (limit 30%)
28th August 2026 0:10:14 IST | INFO | 5m cycle @ 28th August 2026 0:10:00 IST | scanned 29/29 symbols in 1.5s (0.05s/symbol)
28th August 2026 0:15:15 IST | INFO | 5m cycle @ 28th August 2026 0:15:00 IST | scanned 29/29 symbols in 1.6s (0.06s/symbol)
28th August 2026 0:20:17 IST | INFO | 5m cycle @ 28th August 2026 0:20:00 IST | scanned 29/29 symbols in 1.4s (0.05s/symbol)
28th August 2026 0:25:18 IST | INFO | 5m cycle @ 28th August 2026 0:25:00 IST | scanned 29/29 symbols in 1.5s (0.05s/symbol)
28th August 2026 0:30:20 IST | INFO | 5m cycle @ 28th August 2026 0:30:00 IST | scanned 29/29 symbols in 1.7s (0.06s/symbol)
28th August 2026 0:35:20 IST | INFO | S146 SIGNAL AUDUSD SHORT aggressive_liquidation | trigger=0.71942 stop=0.71970 target=0.71908 (1.25R) | stop_basis=liquidity_pool_plus_buffer liq_pool=True | 15m_extreme=True campaign_zones=1 | 4H dest=0.71820 (4.42R)
28th August 2026 0:35:20 IST | WARNING | S146 AUDUSD: skipped on spread cost — spread 0.000090 is 32.5% of risk (limit 30%)
28th August 2026 0:35:21 IST | INFO | 5m cycle @ 28th August 2026 0:35:00 IST | scanned 29/29 symbols in 1.5s (0.05s/symbol)
28th August 2026 0:40:23 IST | INFO | 5m cycle @ 28th August 2026 0:40:00 IST | scanned 29/29 symbols in 1.5s (0.05s/symbol)
28th August 2026 0:45:09 IST | INFO | 5m cycle @ 28th August 2026 0:45:00 IST | scanned 29/29 symbols in 1.6s (0.06s/symbol)
28th August 2026 0:50:11 IST | INFO | 5m cycle @ 28th August 2026 0:50:00 IST | scanned 29/29 symbols in 1.4s (0.05s/symbol)
28th August 2026 0:55:12 IST | INFO | 5m cycle @ 28th August 2026 0:55:00 IST | scanned 29/29 symbols in 1.5s (0.05s/symbol)
28th August 2026 1:00:14 IST | INFO | 5m cycle @ 28th August 2026 1:00:00 IST | scanned 29/29 symbols in 1.7s (0.06s/symbol)
28th August 2026 1:05:16 IST | INFO | 5m cycle @ 28th August 2026 1:05:00 IST | scanned 29/29 symbols in 1.5s (0.05s/symbol)
28th August 2026 1:10:17 IST | INFO | 5m cycle @ 28th August 2026 1:10:00 IST | scanned 29/29 symbols in 1.4s (0.05s/symbol)
28th August 2026 1:15:19 IST | INFO | 5m cycle @ 28th August 2026 1:15:00 IST | scanned 29/29 symbols in 1.7s (0.06s/symbol)
28th August 2026 1:20:20 IST | INFO | 5m cycle @ 28th August 2026 1:20:00 IST | scanned 29/29 symbols in 1.4s (0.05s/symbol)
28th August 2026 1:25:22 IST | INFO | 5m cycle @ 28th August 2026 1:25:00 IST | scanned 29/29 symbols in 1.5s (0.05s/symbol)
28th August 2026 1:30:23 IST | INFO | 5m cycle @ 28th August 2026 1:30:00 IST | scanned 29/29 symbols in 1.8s (0.06s/symbol)
28th August 2026 1:35:10 IST | INFO | 5m cycle @ 28th August 2026 1:35:00 IST | scanned 29/29 symbols in 1.5s (0.05s/symbol)
28th August 2026 1:40:11 IST | INFO | 5m cycle @ 28th August 2026 1:40:00 IST | scanned 29/29 symbols in 1.4s (0.05s/symbol)
28th August 2026 1:45:13 IST | INFO | 5m cycle @ 28th August 2026 1:45:00 IST | scanned 29/29 symbols in 1.7s (0.06s/symbol)
28th August 2026 1:50:15 IST | INFO | 5m cycle @ 28th August 2026 1:50:00 IST | scanned 29/29 symbols in 1.4s (0.05s/symbol)
28th August 2026 1:55:16 IST | INFO | 5m cycle @ 28th August 2026 1:55:00 IST | scanned 29/29 symbols in 1.4s (0.05s/symbol)
28th August 2026 2:00:18 IST | INFO | 5m cycle @ 28th August 2026 2:00:00 IST | scanned 29/29 symbols in 1.7s (0.06s/symbol)
28th August 2026 2:05:19 IST | INFO | 5m cycle @ 28th August 2026 2:05:00 IST | scanned 29/29 symbols in 1.4s (0.05s/symbol)
28th August 2026 2:10:21 IST | INFO | 5m cycle @ 28th August 2026 2:10:00 IST | scanned 29/29 symbols in 1.4s (0.05s/symbol)
28th August 2026 2:15:23 IST | INFO | 5m cycle @ 28th August 2026 2:15:00 IST | scanned 29/29 symbols in 1.9s (0.07s/symbol)
28th August 2026 2:20:10 IST | INFO | 5m cycle @ 28th August 2026 2:20:00 IST | scanned 29/29 symbols in 1.7s (0.06s/symbol)
28th August 2026 2:25:10 IST | INFO | S146 SIGNAL EURCAD LONG conservative_mss | trigger=1.61450 stop=1.61326 target=1.61605 (1.25R) | stop_basis=liquidity_pool_plus_buffer liq_pool=True | 15m_extreme=True campaign_zones=1 | 4H dest=1.61696 (1.98R)
28th August 2026 2:25:14 IST | INFO | Email sent: S146 LONG EURCAD @ 1.61450 (1.25R target)
28th August 2026 2:25:14 IST | INFO | EURCAD: market order placed #2251184276 0.16 lots @ 1.61450 | sl/tp attached=True
28th August 2026 2:25:15 IST | INFO | 5m cycle @ 28th August 2026 2:25:00 IST | scanned 29/29 symbols in 5.5s (0.19s/symbol)
28th August 2026 2:30:16 IST | INFO | S146 USDCAD: skipped non-extreme 15m zone 15m-1787859000--1-2c06f9 @ 1.38560; running extreme 15m-1787827500--1-915476 @ 1.38837 across 3 actionable campaign zone(s)
28th August 2026 2:30:17 IST | INFO | 5m cycle @ 28th August 2026 2:30:00 IST | scanned 29/29 symbols in 1.9s (0.07s/symbol)
28th August 2026 2:35:19 IST | INFO | 5m cycle @ 28th August 2026 2:35:00 IST | scanned 29/29 symbols in 1.8s (0.06s/symbol)
28th August 2026 2:40:21 IST | INFO | 5m cycle @ 28th August 2026 2:40:00 IST | scanned 29/29 symbols in 1.8s (0.06s/symbol)
28th August 2026 2:45:21 IST | INFO | S146 EURUSD: skipped non-extreme 15m zone 15m-1787859900-1-906d29 @ 1.16491; running extreme 15m-1787834700-1-f9e130 @ 1.16422 across 2 actionable campaign zone(s)
28th August 2026 2:45:23 IST | INFO | 5m cycle @ 28th August 2026 2:45:00 IST | scanned 29/29 symbols in 2.0s (0.07s/symbol)
28th August 2026 2:50:08 IST | INFO | S146 SIGNAL EURAUD LONG aggressive_liquidation | trigger=1.61923 stop=1.61855 target=1.62008 (1.25R) | stop_basis=liquidity_pool_plus_buffer liq_pool=True | 15m_extreme=True campaign_zones=1 | 4H dest=1.62249 (4.78R)
28th August 2026 2:50:08 IST | WARNING | S146 EURAUD: skipped on spread cost — spread 0.001100 is 161.3% of risk (limit 30%)
28th August 2026 2:50:09 IST | INFO | 5m cycle @ 28th August 2026 2:50:00 IST | scanned 29/29 symbols in 1.7s (0.06s/symbol)
28th August 2026 2:55:09 IST | INFO | S146 GBPUSD: skipped non-extreme 15m zone 15m-1787858100-1-d6c7f0 @ 1.35885; running extreme 15m-1787834700-1-49c8cb @ 1.35783 across 2 actionable campaign zone(s)
28th August 2026 2:55:11 IST | INFO | 5m cycle @ 28th August 2026 2:55:00 IST | scanned 29/29 symbols in 1.8s (0.06s/symbol)
28th August 2026 3:00:13 IST | INFO | 5m cycle @ 28th August 2026 3:00:00 IST | scanned 29/29 symbols in 1.9s (0.06s/symbol)
28th August 2026 3:05:15 IST | INFO | 5m cycle @ 28th August 2026 3:05:00 IST | scanned 29/29 symbols in 1.6s (0.06s/symbol)
28th August 2026 3:10:16 IST | INFO | 5m cycle @ 28th August 2026 3:10:00 IST | scanned 29/29 symbols in 1.6s (0.06s/symbol)
28th August 2026 3:15:17 IST | INFO | S146 SIGNAL EURGBP SHORT conservative_mss | trigger=0.85701 stop=0.85726 target=0.85669 (1.25R) | stop_basis=liquidity_pool_plus_buffer liq_pool=True | 15m_extreme=True campaign_zones=1 | 4H dest=0.85546 (6.05R)
28th August 2026 3:15:17 IST | WARNING | S146 EURGBP: skipped on spread cost — spread 0.000310 is 121.2% of risk (limit 30%)
28th August 2026 3:15:18 IST | INFO | 5m cycle @ 28th August 2026 3:15:00 IST | scanned 29/29 symbols in 1.9s (0.06s/symbol)
28th August 2026 3:20:20 IST | INFO | 5m cycle @ 28th August 2026 3:20:00 IST | scanned 29/29 symbols in 1.8s (0.06s/symbol)
28th August 2026 3:25:22 IST | INFO | 5m cycle @ 28th August 2026 3:25:00 IST | scanned 29/29 symbols in 1.8s (0.06s/symbol)
28th August 2026 3:30:24 IST | INFO | 5m cycle @ 28th August 2026 3:30:00 IST | scanned 29/29 symbols in 2.0s (0.07s/symbol)
28th August 2026 3:35:10 IST | INFO | S146 SIGNAL GBPAUD LONG aggressive_liquidation | trigger=1.88924 stop=1.88816 target=1.89061 (1.25R) | stop_basis=liquidity_pool_plus_buffer liq_pool=True | 15m_extreme=True campaign_zones=1 | 4H dest=1.89173 (2.28R)
28th August 2026 3:35:10 IST | WARNING | S146 GBPAUD: skipped on spread cost — spread 0.000340 is 31.2% of risk (limit 30%)
28th August 2026 3:35:11 IST | INFO | 5m cycle @ 28th August 2026 3:35:00 IST | scanned 29/29 symbols in 1.9s (0.06s/symbol)
28th August 2026 3:40:12 IST | INFO | S146 SIGNAL GBPCAD LONG aggressive_liquidation | trigger=1.88319 stop=1.88194 target=1.88477 (1.25R) | stop_basis=liquidity_pool_plus_buffer liq_pool=True | 15m_extreme=True campaign_zones=1 | 4H dest=1.88625 (2.43R)
28th August 2026 3:40:16 IST | INFO | Email sent: S146 LONG GBPCAD @ 1.88319 (1.25R target)
28th August 2026 3:40:16 IST | INFO | GBPCAD: market order placed #2251314096 0.14 lots @ 1.88326 | sl/tp attached=True
28th August 2026 3:40:17 IST | INFO | S146 SIGNAL AUDCAD SHORT aggressive_liquidation | trigger=0.99650 stop=0.99693 target=0.99596 (1.25R) | stop_basis=liquidity_pool_plus_buffer liq_pool=True | 15m_extreme=True campaign_zones=1 | 4H dest=0.99138 (11.78R)
28th August 2026 3:40:17 IST | WARNING | S146 AUDCAD: skipped on spread cost — spread 0.000280 is 64.4% of risk (limit 30%)
28th August 2026 3:40:17 IST | INFO | 5m cycle @ 28th August 2026 3:40:00 IST | scanned 29/29 symbols in 6.3s (0.22s/symbol)
28th August 2026 3:45:19 IST | INFO | 5m cycle @ 28th August 2026 3:45:00 IST | scanned 29/29 symbols in 2.0s (0.07s/symbol)
28th August 2026 3:50:20 IST | INFO | 5m cycle @ 28th August 2026 3:50:00 IST | scanned 29/29 symbols in 1.4s (0.05s/symbol)
28th August 2026 3:55:22 IST | INFO | 5m cycle @ 28th August 2026 3:55:00 IST | scanned 29/29 symbols in 1.4s (0.05s/symbol)
28th August 2026 4:00:24 IST | INFO | 5m cycle @ 28th August 2026 4:00:00 IST | scanned 29/29 symbols in 1.7s (0.06s/symbol)
28th August 2026 4:05:10 IST | INFO | 5m cycle @ 28th August 2026 4:05:00 IST | scanned 29/29 symbols in 1.4s (0.05s/symbol)
28th August 2026 4:10:11 IST | INFO | 5m cycle @ 28th August 2026 4:10:00 IST | scanned 29/29 symbols in 1.4s (0.05s/symbol)
28th August 2026 4:15:13 IST | INFO | 5m cycle @ 28th August 2026 4:15:00 IST | scanned 29/29 symbols in 1.7s (0.06s/symbol)
28th August 2026 4:20:15 IST | INFO | 5m cycle @ 28th August 2026 4:20:00 IST | scanned 29/29 symbols in 1.5s (0.05s/symbol)
28th August 2026 4:25:16 IST | INFO | 5m cycle @ 28th August 2026 4:25:00 IST | scanned 29/29 symbols in 1.6s (0.06s/symbol)
28th August 2026 4:30:18 IST | INFO | 5m cycle @ 28th August 2026 4:30:00 IST | scanned 29/29 symbols in 1.7s (0.06s/symbol)
28th August 2026 4:35:20 IST | INFO | 5m cycle @ 28th August 2026 4:35:00 IST | scanned 29/29 symbols in 1.7s (0.06s/symbol)
28th August 2026 4:40:21 IST | INFO | 5m cycle @ 28th August 2026 4:40:00 IST | scanned 29/29 symbols in 1.5s (0.05s/symbol)
28th August 2026 4:45:23 IST | INFO | 5m cycle @ 28th August 2026 4:45:00 IST | scanned 29/29 symbols in 2.0s (0.07s/symbol)
28th August 2026 4:50:10 IST | INFO | 5m cycle @ 28th August 2026 4:50:00 IST | scanned 29/29 symbols in 1.5s (0.05s/symbol)
28th August 2026 4:55:11 IST | INFO | 5m cycle @ 28th August 2026 4:55:00 IST | scanned 29/29 symbols in 1.4s (0.05s/symbol)
28th August 2026 5:00:13 IST | INFO | 5m cycle @ 28th August 2026 5:00:00 IST | scanned 29/29 symbols in 1.8s (0.06s/symbol)
28th August 2026 5:05:15 IST | INFO | 5m cycle @ 28th August 2026 5:05:00 IST | scanned 29/29 symbols in 2.0s (0.07s/symbol)
28th August 2026 5:10:16 IST | INFO | S146 SIGNAL GBPCHF LONG conservative_mss | trigger=1.09301 stop=1.09272 target=1.09339 (1.25R) | stop_basis=liquidity_pool_plus_buffer liq_pool=True | 15m_extreme=True campaign_zones=1 | 4H dest=1.09431 (4.33R)
28th August 2026 5:10:16 IST | WARNING | S146 GBPCHF: skipped on spread cost — spread 0.000150 is 50.1% of risk (limit 30%)
28th August 2026 5:10:17 IST | INFO | 5m cycle @ 28th August 2026 5:10:00 IST | scanned 29/29 symbols in 2.0s (0.07s/symbol)
28th August 2026 5:15:20 IST | INFO | 5m cycle @ 28th August 2026 5:15:00 IST | scanned 29/29 symbols in 2.8s (0.10s/symbol)
28th August 2026 5:20:22 IST | INFO | 5m cycle @ 28th August 2026 5:20:00 IST | scanned 29/29 symbols in 1.5s (0.05s/symbol)
28th August 2026 5:25:23 IST | INFO | 5m cycle @ 28th August 2026 5:25:00 IST | scanned 29/29 symbols in 1.5s (0.05s/symbol)
28th August 2026 5:30:10 IST | INFO | 5m cycle @ 28th August 2026 5:30:00 IST | scanned 29/29 symbols in 1.8s (0.06s/symbol)
28th August 2026 5:35:11 IST | INFO | S146 SIGNAL AUDUSD SHORT aggressive_liquidation | trigger=0.71943 stop=0.71969 target=0.71912 (1.25R) | stop_basis=liquidity_pool_plus_buffer liq_pool=True | 15m_extreme=True campaign_zones=1 | 4H dest=0.71820 (4.9R)
28th August 2026 5:35:11 IST | WARNING | S146 AUDUSD: skipped on spread cost — spread 0.000090 is 35.7% of risk (limit 30%)
28th August 2026 5:35:11 IST | INFO | S146 USDCAD: skipped non-extreme 15m zone 15m-1787867100--1-cae587 @ 1.38528; running extreme 15m-1787827500--1-915476 @ 1.38837 across 3 actionable campaign zone(s)
28th August 2026 5:35:13 IST | INFO | 5m cycle @ 28th August 2026 5:35:00 IST | scanned 29/29 symbols in 3.3s (0.12s/symbol)
28th August 2026 5:40:15 IST | INFO | 5m cycle @ 28th August 2026 5:40:00 IST | scanned 29/29 symbols in 1.6s (0.05s/symbol)
28th August 2026 5:45:17 IST | INFO | S146 XAUUSD: skipped non-extreme 15m zone 15m-1787841900-1-b51885 @ 4595.14400; running extreme 15m-1787838300-1-90493c @ 4578.79000 across 2 actionable campaign zone(s)
28th August 2026 5:45:17 IST | INFO | 5m cycle @ 28th August 2026 5:45:00 IST | scanned 29/29 symbols in 1.8s (0.06s/symbol)
28th August 2026 5:50:18 IST | INFO | 5m cycle @ 28th August 2026 5:50:00 IST | scanned 29/29 symbols in 1.6s (0.06s/symbol)
28th August 2026 5:55:18 IST | INFO | S146 EURUSD: skipped non-extreme 15m zone 15m-1787864400-1-649e5c @ 1.16509; running extreme 15m-1787834700-1-f9e130 @ 1.16422 across 2 actionable campaign zone(s)
28th August 2026 5:55:19 IST | INFO | S146 USDCHF: skipped non-extreme 15m zone 15m-1787861700--1-722a22 @ 0.80416; running extreme 15m-1787827500--1-f38b52 @ 0.80577 across 4 actionable campaign zone(s)
28th August 2026 5:55:20 IST | INFO | 5m cycle @ 28th August 2026 5:55:00 IST | scanned 29/29 symbols in 1.5s (0.05s/symbol)
28th August 2026 6:00:22 IST | INFO | 5m cycle @ 28th August 2026 6:00:00 IST | scanned 29/29 symbols in 2.1s (0.07s/symbol)
28th August 2026 6:05:23 IST | INFO | S146 SIGNAL AUDJPY SHORT aggressive_liquidation | trigger=114.68626 stop=114.72174 target=114.64193 (1.25R) | stop_basis=liquidity_pool_plus_buffer liq_pool=True | 15m_extreme=True campaign_zones=1 | 4H dest=114.44500 (6.8R)
28th August 2026 6:05:23 IST | WARNING | S146 AUDJPY: skipped on spread cost — spread 0.011000 is 31.0% of risk (limit 30%)
28th August 2026 6:05:24 IST | INFO | 5m cycle @ 28th August 2026 6:05:00 IST | scanned 29/29 symbols in 1.5s (0.05s/symbol)
28th August 2026 6:10:10 IST | INFO | 5m cycle @ 28th August 2026 6:10:00 IST | scanned 29/29 symbols in 1.6s (0.05s/symbol)
28th August 2026 14:02:55 IST | INFO | 5m cycle @ 28th August 2026 14:00:00 IST | scanned 29/29 symbols in 4.4s (0.15s/symbol)
28th August 2026 14:05:16 IST | INFO | 5m cycle @ 28th August 2026 14:05:00 IST | scanned 29/29 symbols in 6.3s (0.22s/symbol)
28th August 2026 14:10:19 IST | INFO | 5m cycle @ 28th August 2026 14:10:00 IST | scanned 29/29 symbols in 2.1s (0.07s/symbol)
28th August 2026 14:15:20 IST | INFO | 5m cycle @ 28th August 2026 14:15:00 IST | scanned 29/29 symbols in 1.9s (0.06s/symbol)
28th August 2026 14:27:21 IST | INFO | MT5 connected | Exness-MT5Trial15 | DEMO | balance=24934.3 INR | leverage 1:2000
28th August 2026 14:27:21 IST | INFO | liveTrade s146 started | Strategy 146 live engine started | ---------------------------------------- | Account   : 474381718 DEMO INR bal=24934.3 | Symbols   : EURUSD, GBPUSD, USDJPY, USDCHF, AUDUSD, NZDUSD, USDCAD, EURGBP, EURJPY, EURCHF, EURAUD, EURCAD, EURNZD, GBPJPY, GBPCHF, GBPAUD, GBPCAD, GBPNZD, AUDJPY, AUDNZD, AUDCAD, AUDCHF, NZDJPY, NZDCAD, NZDCHF, CADJPY, CADCHF, CHFJPY, XAUUSD | DRY_RUN   : False | Demo only : True (orders blocked: False) | Sizing    : margin Rs1000 @ 1:2000 | free-margin budget 80% | max_concurrent=8 | Exposure  : same destination <= 1 | currency leg <= 3 | Cost gate : skip when spread > 30% of risk | short stop spread pad 0.0x | Entry mode: market (SL/TP attached: True) | Risk guard : DISABLED for s146 (loss_at_sl is informational only) | Stop      : liquidity pool outside 15m zone when available, else distal edge + 0.5 bps buffer | Exit ladder: True | partial 50% at 1.25R | trail step/giveback 0.5R/0.5R | broker TP = 4H destination | Target    : 1.25R partial milestone (4H destination is the broker-side ceiling) | R:R band  : 1.5 - 20.0 (measured to the 4H destination) | Hold limit: 864 5m bars | 15m select: running extreme since 4H confirmation=True (highest supply for short / lowest demand for long) | Legacy new-15m fallback: True (engine start 28th August 2026 14:27:21 IST) | Journals  : {'4h': 'D:\\WorkZera\\Projects\\strategies\\yt_learning\\liveTrade\\logs\\s146_4h_events.log', '15m': 'D:\\WorkZera\\Projects\\strategies\\yt_learning\\liveTrade\\logs\\s146_15m_events.log', '5m': 'D:\\WorkZera\\Projects\\strategies\\yt_learning\\liveTrade\\logs\\s146_5m_events.log', 'trade': 'D:\\WorkZera\\Projects\\strategies\\yt_learning\\liveTrade\\logs\\s146_trades.log'} | 
28th August 2026 14:27:26 IST | INFO | Email sent: Strategy146 liveTrade STARTED
28th August 2026 14:27:33 IST | INFO | 5m cycle @ 28th August 2026 14:25:00 IST | scanned 29/29 symbols in 6.7s (0.23s/symbol)
28th August 2026 14:30:21 IST | INFO | 5m cycle @ 28th August 2026 14:30:00 IST | scanned 29/29 symbols in 3.3s (0.11s/symbol)
28th August 2026 14:35:23 IST | INFO | 5m cycle @ 28th August 2026 14:35:00 IST | scanned 29/29 symbols in 1.7s (0.06s/symbol)
28th August 2026 15:15:21 IST | INFO | MT5 connected | Exness-MT5Trial15 | DEMO | balance=24934.3 INR | leverage 1:2000
28th August 2026 15:15:21 IST | INFO | liveTrade s146 started | Strategy 146 live engine started | ---------------------------------------- | Account   : 474381718 DEMO INR bal=24934.3 | Symbols   : EURUSD, GBPUSD, USDJPY, USDCHF, AUDUSD, NZDUSD, USDCAD, EURGBP, EURJPY, EURCHF, EURAUD, EURCAD, EURNZD, GBPJPY, GBPCHF, GBPAUD, GBPCAD, GBPNZD, AUDJPY, AUDNZD, AUDCAD, AUDCHF, NZDJPY, NZDCAD, NZDCHF, CADJPY, CADCHF, CHFJPY, XAUUSD | DRY_RUN   : False | Demo only : True (orders blocked: False) | Sizing    : margin Rs1000 @ 1:2000 | free-margin budget 80% | max_concurrent=8 | Exposure  : same destination <= 1 | currency leg <= 3 | Cost gate : skip when spread > 30% of risk | short stop spread pad 0.0x | Entry mode: market (SL/TP attached: True) | Risk guard : DISABLED for s146 (loss_at_sl is informational only) | Stop      : liquidity pool outside 15m zone when available, else distal edge + 0.5 bps buffer | Exit ladder: True | partial 50% at 1.25R | trail step/giveback 0.5R/0.5R | broker TP = 4H destination | Target    : 1.25R partial milestone (4H destination is the broker-side ceiling) | R:R band  : 1.5 - 20.0 (measured to the 4H destination) | Hold limit: 864 5m bars | 15m select: running extreme since 4H confirmation=True (highest supply for short / lowest demand for long) | Legacy new-15m fallback: True (engine start 28th August 2026 15:15:21 IST) | Journals  : {'4h': 'D:\\WorkZera\\Projects\\strategies\\yt_learning\\liveTrade\\logs\\s146_4h_events.log', '15m': 'D:\\WorkZera\\Projects\\strategies\\yt_learning\\liveTrade\\logs\\s146_15m_events.log', '5m': 'D:\\WorkZera\\Projects\\strategies\\yt_learning\\liveTrade\\logs\\s146_5m_events.log', 'trade': 'D:\\WorkZera\\Projects\\strategies\\yt_learning\\liveTrade\\logs\\s146_trades.log'} | 
28th August 2026 15:15:27 IST | INFO | Email sent: Strategy146 liveTrade STARTED
28th August 2026 15:15:29 IST | INFO | 5m cycle @ 28th August 2026 15:15:00 IST | scanned 29/29 symbols in 2.2s (0.07s/symbol)
28th August 2026 15:20:17 IST | INFO | 5m cycle @ 28th August 2026 15:20:00 IST | scanned 29/29 symbols in 2.8s (0.10s/symbol)
28th August 2026 15:25:18 IST | INFO | 5m cycle @ 28th August 2026 15:25:00 IST | scanned 29/29 symbols in 1.6s (0.06s/symbol)
28th August 2026 15:30:20 IST | INFO | S146 SIGNAL AUDCAD SHORT aggressive_liquidation | trigger=0.99703 stop=0.99738 target=0.99659 (1.25R) | stop_basis=15m_zone_distal_plus_buffer liq_pool=False | 15m_extreme=True campaign_zones=1 | 4H dest=0.99138 (16.16R)
28th August 2026 15:30:20 IST | WARNING | S146 AUDCAD: skipped on spread cost — spread 0.000180 is 51.5% of risk (limit 30%)
28th August 2026 15:30:20 IST | INFO | 5m cycle @ 28th August 2026 15:30:00 IST | scanned 29/29 symbols in 2.1s (0.07s/symbol)
28th August 2026 15:35:22 IST | INFO | 5m cycle @ 28th August 2026 15:35:00 IST | scanned 29/29 symbols in 1.7s (0.06s/symbol)
28th August 2026 15:40:24 IST | INFO | 5m cycle @ 28th August 2026 15:40:00 IST | scanned 29/29 symbols in 2.0s (0.07s/symbol)
28th August 2026 15:45:11 IST | INFO | 5m cycle @ 28th August 2026 15:45:00 IST | scanned 29/29 symbols in 2.1s (0.07s/symbol)
28th August 2026 15:50:13 IST | INFO | 5m cycle @ 28th August 2026 15:50:00 IST | scanned 29/29 symbols in 1.7s (0.06s/symbol)
28th August 2026 15:55:13 IST | INFO | S146 USDCHF: skipped non-extreme 15m zone 15m-1787910300--1-6049b0 @ 0.80377; running extreme 15m-1787827500--1-f38b52 @ 0.80577 across 3 actionable campaign zone(s)
28th August 2026 15:55:15 IST | INFO | 5m cycle @ 28th August 2026 15:55:00 IST | scanned 29/29 symbols in 1.7s (0.06s/symbol)
28th August 2026 16:00:15 IST | INFO | S146 SIGNAL EURAUD LONG aggressive_liquidation | trigger=1.61743 stop=1.61694 target=1.61805 (1.25R) | stop_basis=liquidity_pool_plus_buffer liq_pool=True | 15m_extreme=True campaign_zones=1 | 4H dest=1.61881 (2.8R)
28th August 2026 16:00:15 IST | WARNING | S146 EURAUD: skipped on spread cost — spread 0.000170 is 34.6% of risk (limit 30%)
28th August 2026 16:00:17 IST | INFO | 5m cycle @ 28th August 2026 16:00:00 IST | scanned 29/29 symbols in 2.0s (0.07s/symbol)
28th August 2026 16:05:18 IST | INFO | 5m cycle @ 28th August 2026 16:05:00 IST | scanned 29/29 symbols in 1.7s (0.06s/symbol)
28th August 2026 16:10:20 IST | INFO | S146 NZDJPY: skipped non-extreme 15m zone 15m-1787904000--1-e1f4b5 @ 95.03900; running extreme 15m-1787890500--1-2f79ce @ 95.08400 across 2 actionable campaign zone(s)
28th August 2026 16:10:20 IST | INFO | 5m cycle @ 28th August 2026 16:10:00 IST | scanned 29/29 symbols in 1.8s (0.06s/symbol)
28th August 2026 17:31:16 IST | INFO | MT5 connected | Exness-MT5Trial15 | DEMO | balance=24934.3 INR | leverage 1:2000
28th August 2026 17:31:16 IST | INFO | liveTrade s146 started | Strategy 146 live engine started | ---------------------------------------- | Account   : 474381718 DEMO INR bal=24934.3 | Symbols   : EURUSD, GBPUSD, USDJPY, USDCHF, AUDUSD, NZDUSD, USDCAD, EURGBP, EURJPY, EURCHF, EURAUD, EURCAD, EURNZD, GBPJPY, GBPCHF, GBPAUD, GBPCAD, GBPNZD, AUDJPY, AUDNZD, AUDCAD, AUDCHF, NZDJPY, NZDCAD, NZDCHF, CADJPY, CADCHF, CHFJPY, XAUUSD | DRY_RUN   : False | Demo only : True (orders blocked: False) | Sizing    : margin Rs1000 @ 1:2000 | free-margin budget 80% | max_concurrent=8 | Exposure  : same destination <= 1 | currency leg <= 3 | Cost gate : skip when spread > 30% of risk | short stop spread pad 0.0x | Entry mode: market (SL/TP attached: True) | Risk guard : DISABLED for s146 (loss_at_sl is informational only) | Stop      : liquidity pool outside 15m zone when available, else distal edge + 0.5 bps buffer | Exit ladder: True | partial 50% at 1.25R | trail step/giveback 0.5R/0.5R | broker TP = 4H destination | Target    : 1.25R partial milestone (4H destination is the broker-side ceiling) | R:R band  : 1.5 - 20.0 (measured to the 4H destination) | Hold limit: 864 5m bars | 15m select: running extreme since 4H confirmation=True (highest supply for short / lowest demand for long) | Legacy new-15m fallback: True (engine start 28th August 2026 17:31:16 IST) | Journals  : {'4h': 'D:\\WorkZera\\Projects\\strategies\\yt_learning\\liveTrade\\logs\\s146_4h_events.log', '15m': 'D:\\WorkZera\\Projects\\strategies\\yt_learning\\liveTrade\\logs\\s146_15m_events.log', '5m': 'D:\\WorkZera\\Projects\\strategies\\yt_learning\\liveTrade\\logs\\s146_5m_events.log', 'trade': 'D:\\WorkZera\\Projects\\strategies\\yt_learning\\liveTrade\\logs\\s146_trades.log'} | 
28th August 2026 17:31:27 IST | INFO | Email sent: Strategy146 liveTrade STARTED
28th August 2026 17:31:32 IST | WARNING | No rates for NZDCHF 4h: (-1, 'Terminal: Call failed')
28th August 2026 17:31:32 IST | WARNING | NZDCHF: missing closed candles (4h/15m/5m) — skipping cycle
28th August 2026 17:31:32 IST | INFO | 5m cycle @ 28th August 2026 17:30:00 IST | scanned 29/29 symbols in 4.8s (0.16s/symbol)
28th August 2026 17:35:19 IST | INFO | 5m cycle @ 28th August 2026 17:35:00 IST | scanned 29/29 symbols in 2.1s (0.07s/symbol)
28th August 2026 17:40:20 IST | INFO | 5m cycle @ 28th August 2026 17:40:00 IST | scanned 29/29 symbols in 1.0s (0.04s/symbol)
28th August 2026 17:45:21 IST | INFO | S146 GBPUSD: skipped non-extreme 15m zone 15m-1787910300-1-5dc0f0 @ 1.35842; running extreme 15m-1787834700-1-49c8cb @ 1.35783 across 2 actionable campaign zone(s)
28th August 2026 17:45:22 IST | INFO | 5m cycle @ 28th August 2026 17:45:00 IST | scanned 29/29 symbols in 1.4s (0.05s/symbol)
28th August 2026 17:50:23 IST | INFO | 5m cycle @ 28th August 2026 17:50:00 IST | scanned 29/29 symbols in 0.7s (0.02s/symbol)
28th August 2026 17:55:08 IST | INFO | S146 SIGNAL CADJPY SHORT conservative_mss | trigger=115.23824 stop=115.31877 target=115.13758 (1.25R) | stop_basis=liquidity_pool_plus_buffer liq_pool=True | 15m_extreme=True campaign_zones=1 | 4H dest=115.07600 (2.01R)
28th August 2026 17:55:08 IST | WARNING | CADJPY: margin sizing unavailable — order_calc_margin returned 0.0; side=short price=115.23823770 broker_symbol=CADJPYm tick=(115.242,115.253) trade_mode=4 volume=(0.01,0.01,200.0) mt5=(1, 'Success')
28th August 2026 17:55:08 IST | WARNING | CADJPY: lot sizing returned 0 — skipping
28th August 2026 17:55:08 IST | INFO | 5m cycle @ 28th August 2026 17:55:00 IST | scanned 29/29 symbols in 0.7s (0.03s/symbol)
28th August 2026 18:00:09 IST | INFO | 5m cycle @ 28th August 2026 18:00:00 IST | scanned 29/29 symbols in 0.9s (0.03s/symbol)
28th August 2026 18:05:10 IST | INFO | 5m cycle @ 28th August 2026 18:05:00 IST | scanned 29/29 symbols in 0.8s (0.03s/symbol)
28th August 2026 18:10:11 IST | INFO | 5m cycle @ 28th August 2026 18:10:00 IST | scanned 29/29 symbols in 0.7s (0.03s/symbol)
28th August 2026 18:15:11 IST | INFO | S146 SIGNAL EURUSD LONG aggressive_liquidation | trigger=1.16419 stop=1.16382 target=1.16465 (1.25R) | stop_basis=swept_wick_plus_buffer liq_pool=False | 15m_extreme=True campaign_zones=1 | 4H dest=1.16644 (6.15R)
28th August 2026 18:15:16 IST | INFO | Email sent: S146 LONG EURUSD @ 1.16419 (1.25R target)
28th August 2026 18:15:16 IST | INFO | EURUSD: market order placed #2255575169 0.16 lots @ 1.16417 | sl/tp attached=True
28th August 2026 18:15:17 IST | INFO | 5m cycle @ 28th August 2026 18:15:00 IST | scanned 29/29 symbols in 6.1s (0.21s/symbol)
28th August 2026 18:20:19 IST | INFO | 5m cycle @ 28th August 2026 18:20:00 IST | scanned 29/29 symbols in 1.9s (0.06s/symbol)
28th August 2026 18:25:19 IST | INFO | S146 SIGNAL GBPUSD LONG aggressive_liquidation | trigger=1.35811 stop=1.35724 target=1.35919 (1.25R) | stop_basis=15m_zone_distal_plus_buffer liq_pool=False | 15m_extreme=True campaign_zones=1 | 4H dest=1.36393 (6.72R)
28th August 2026 18:25:24 IST | INFO | Email sent: S146 LONG GBPUSD @ 1.35811 (1.25R target)
28th August 2026 18:25:24 IST | INFO | GBPUSD: market order placed #2255677378 0.14 lots @ 1.35846 | sl/tp attached=True
28th August 2026 18:25:26 IST | INFO | 5m cycle @ 28th August 2026 18:25:00 IST | scanned 29/29 symbols in 6.9s (0.24s/symbol)
28th August 2026 18:26:41 IST | INFO | s146 #2255575169 partial 0.08/0.16 lots at 1.32R ok=True
28th August 2026 18:26:41 IST | INFO | s146 #2255575169 ladder sl -> 1.16417 (+0.00R at peak 1.32R) ok=True
28th August 2026 18:27:41 IST | INFO | s146 #2255575169 ladder sl -> 1.16469 (+1.50R at peak 2.13R) ok=True
28th August 2026 18:30:14 IST | INFO | 5m cycle @ 28th August 2026 18:30:00 IST | scanned 29/29 symbols in 2.4s (0.08s/symbol)
28th August 2026 18:35:16 IST | INFO | 5m cycle @ 28th August 2026 18:35:00 IST | scanned 29/29 symbols in 2.1s (0.07s/symbol)
28th August 2026 18:40:18 IST | INFO | 5m cycle @ 28th August 2026 18:40:00 IST | scanned 29/29 symbols in 2.0s (0.07s/symbol)
28th August 2026 18:45:20 IST | INFO | 5m cycle @ 28th August 2026 18:45:00 IST | scanned 29/29 symbols in 2.0s (0.07s/symbol)
28th August 2026 18:50:20 IST | INFO | S146 SIGNAL USDJPY SHORT aggressive_liquidation | trigger=159.62302 stop=159.68448 target=159.54619 (1.25R) | stop_basis=liquidity_pool_plus_buffer liq_pool=True | 15m_extreme=True campaign_zones=1 | 4H dest=159.40800 (3.5R)
28th August 2026 18:50:27 IST | INFO | Email sent: S146 SHORT USDJPY @ 159.62302 (1.25R target)
28th August 2026 18:50:27 IST | INFO | USDJPY: market order placed #2255946610 0.19 lots @ 159.63200 | sl/tp attached=True
28th August 2026 18:50:27 IST | INFO | S146 SIGNAL EURCAD LONG aggressive_liquidation | trigger=1.61314 stop=1.61241 target=1.61405 (1.25R) | stop_basis=liquidity_pool_plus_buffer liq_pool=True | 15m_extreme=True campaign_zones=1 | 4H dest=1.61696 (5.26R)
28th August 2026 18:50:32 IST | INFO | Email sent: S146 LONG EURCAD @ 1.61314 (1.25R target)
28th August 2026 18:50:32 IST | INFO | EURCAD: market order placed #2255947389 0.16 lots @ 1.61309 | sl/tp attached=True
28th August 2026 18:50:33 IST | INFO | 5m cycle @ 28th August 2026 18:50:00 IST | scanned 29/29 symbols in 13.2s (0.46s/symbol)
28th August 2026 18:55:20 IST | INFO | 5m cycle @ 28th August 2026 18:55:00 IST | scanned 29/29 symbols in 1.5s (0.05s/symbol)
28th August 2026 19:00:22 IST | INFO | 5m cycle @ 28th August 2026 19:00:00 IST | scanned 29/29 symbols in 1.9s (0.06s/symbol)
28th August 2026 19:05:24 IST | INFO | 5m cycle @ 28th August 2026 19:05:00 IST | scanned 29/29 symbols in 1.6s (0.05s/symbol)
28th August 2026 19:10:10 IST | INFO | 5m cycle @ 28th August 2026 19:10:00 IST | scanned 29/29 symbols in 1.6s (0.06s/symbol)
28th August 2026 19:15:12 IST | INFO | 5m cycle @ 28th August 2026 19:15:00 IST | scanned 29/29 symbols in 1.9s (0.06s/symbol)
28th August 2026 19:20:14 IST | INFO | 5m cycle @ 28th August 2026 19:20:00 IST | scanned 29/29 symbols in 1.6s (0.06s/symbol)
28th August 2026 19:25:14 IST | INFO | S146 SIGNAL EURUSD LONG aggressive_liquidation | trigger=1.16428 stop=1.16382 target=1.16485 (1.25R) | stop_basis=liquidity_pool_plus_buffer liq_pool=True | 15m_extreme=True campaign_zones=1 | 4H dest=1.16644 (4.74R)
28th August 2026 19:25:20 IST | INFO | Email sent: S146 LONG EURUSD @ 1.16428 (1.25R target)
28th August 2026 19:25:20 IST | INFO | EURUSD: market order placed #2256276717 0.16 lots @ 1.16430 | sl/tp attached=True
28th August 2026 19:25:21 IST | INFO | 5m cycle @ 28th August 2026 19:25:00 IST | scanned 29/29 symbols in 7.4s (0.25s/symbol)
28th August 2026 19:28:52 IST | INFO | s146 #2255946610 partial 0.09/0.19 lots at 1.26R ok=True
28th August 2026 19:28:52 IST | INFO | s146 #2255946610 ladder sl -> 159.63200 (+0.00R at peak 1.26R) ok=True
28th August 2026 19:29:08 IST | INFO | s146 #2255946610 ladder sl -> 159.58000 (+1.00R at peak 1.58R) ok=True
28th August 2026 19:30:10 IST | INFO | 5m cycle @ 28th August 2026 19:30:00 IST | scanned 29/29 symbols in 2.2s (0.08s/symbol)
28th August 2026 19:35:12 IST | INFO | S146 NZDJPY: skipped non-extreme 15m zone 15m-1787913000--1-f67fe4 @ 95.02500; running extreme 15m-1787890500--1-2f79ce @ 95.08400 across 2 actionable campaign zone(s)
28th August 2026 19:35:12 IST | INFO | 5m cycle @ 28th August 2026 19:35:00 IST | scanned 29/29 symbols in 2.1s (0.07s/symbol)
28th August 2026 19:40:14 IST | INFO | 5m cycle @ 28th August 2026 19:40:00 IST | scanned 29/29 symbols in 1.9s (0.07s/symbol)
28th August 2026 19:45:16 IST | INFO | 5m cycle @ 28th August 2026 19:45:00 IST | scanned 29/29 symbols in 2.3s (0.08s/symbol)
28th August 2026 19:50:18 IST | INFO | S146 NZDCHF: skipped non-extreme 15m zone 15m-1787922900-1-f84f4c @ 0.47836; running extreme 15m-1787917500-1-466186 @ 0.47801 across 2 actionable campaign zone(s)
28th August 2026 19:50:18 IST | INFO | 5m cycle @ 28th August 2026 19:50:00 IST | scanned 29/29 symbols in 1.7s (0.06s/symbol)
28th August 2026 19:55:20 IST | INFO | 5m cycle @ 28th August 2026 19:55:00 IST | scanned 29/29 symbols in 1.8s (0.06s/symbol)
28th August 2026 20:00:22 IST | INFO | 5m cycle @ 28th August 2026 20:00:00 IST | scanned 29/29 symbols in 2.0s (0.07s/symbol)
28th August 2026 20:05:24 IST | INFO | 5m cycle @ 28th August 2026 20:05:00 IST | scanned 29/29 symbols in 1.7s (0.06s/symbol)
28th August 2026 20:10:10 IST | INFO | S146 SIGNAL GBPAUD LONG aggressive_liquidation | trigger=1.88742 stop=1.88589 target=1.88935 (1.25R) | stop_basis=liquidity_pool_plus_buffer liq_pool=True | 15m_extreme=True campaign_zones=1 | 4H dest=1.89173 (2.8R)
28th August 2026 20:10:16 IST | INFO | Email sent: S146 LONG GBPAUD @ 1.88742 (1.25R target)
28th August 2026 20:10:16 IST | INFO | GBPAUD: market order placed #2257697196 0.14 lots @ 1.88722 | sl/tp attached=True
28th August 2026 20:10:17 IST | INFO | 5m cycle @ 28th August 2026 20:10:00 IST | scanned 29/29 symbols in 7.9s (0.27s/symbol)
28th August 2026 20:15:19 IST | INFO | 5m cycle @ 28th August 2026 20:15:00 IST | scanned 29/29 symbols in 1.9s (0.07s/symbol)
28th August 2026 20:20:21 IST | INFO | 5m cycle @ 28th August 2026 20:20:00 IST | scanned 29/29 symbols in 1.7s (0.06s/symbol)
28th August 2026 20:25:22 IST | INFO | 5m cycle @ 28th August 2026 20:25:00 IST | scanned 29/29 symbols in 1.6s (0.05s/symbol)
28th August 2026 20:26:08 IST | INFO | s146 #2257697196 partial 0.07/0.14 lots at 1.39R ok=True
28th August 2026 20:26:08 IST | INFO | s146 #2257697196 ladder sl -> 1.88722 (+0.00R at peak 1.39R) ok=True
28th August 2026 20:26:23 IST | INFO | s146 #2257697196 ladder sl -> 1.88855 (+1.00R at peak 1.57R) ok=True
28th August 2026 20:27:08 IST | INFO | s146 #2257697196 ladder sl -> 1.88922 (+1.50R at peak 2.04R) ok=True
28th August 2026 20:30:11 IST | INFO | 5m cycle @ 28th August 2026 20:30:00 IST | scanned 29/29 symbols in 2.6s (0.09s/symbol)
28th August 2026 20:35:11 IST | INFO | S146 EURCAD: skipped non-extreme 15m zone 15m-1787924700--1-48e570 @ 1.61281; running extreme 15m-1787816700--1-36cf58 @ 1.61782 across 5 actionable campaign zone(s)
28th August 2026 20:35:12 IST | INFO | S146 SIGNAL AUDCAD SHORT aggressive_liquidation | trigger=0.99691 stop=0.99745 target=0.99624 (1.25R) | stop_basis=liquidity_pool_plus_buffer liq_pool=True | 15m_extreme=True campaign_zones=1 | 4H dest=0.99138 (10.25R)
28th August 2026 20:35:12 IST | WARNING | S146 AUDCAD: skipped on spread cost — spread 0.000180 is 33.4% of risk (limit 30%)
28th August 2026 20:35:12 IST | INFO | 5m cycle @ 28th August 2026 20:35:00 IST | scanned 29/29 symbols in 1.6s (0.06s/symbol)
28th August 2026 20:40:13 IST | INFO | S146 SIGNAL AUDJPY SHORT aggressive_liquidation | trigger=114.76126 stop=114.95725 target=114.51628 (1.25R) | stop_basis=liquidity_pool_plus_buffer liq_pool=True | 15m_extreme=True campaign_zones=1 | 4H dest=114.44500 (1.61R)
28th August 2026 20:40:21 IST | INFO | Email sent: S146 SHORT AUDJPY @ 114.76126 (1.25R target)
28th August 2026 20:40:21 IST | INFO | AUDJPY: market order placed #2258166836 0.27 lots @ 114.76300 | sl/tp attached=True
28th August 2026 20:40:22 IST | INFO | 5m cycle @ 28th August 2026 20:40:00 IST | scanned 29/29 symbols in 9.7s (0.33s/symbol)
28th August 2026 20:45:24 IST | INFO | 5m cycle @ 28th August 2026 20:45:00 IST | scanned 29/29 symbols in 1.7s (0.06s/symbol)
28th August 2026 20:50:10 IST | INFO | 5m cycle @ 28th August 2026 20:50:00 IST | scanned 29/29 symbols in 1.6s (0.05s/symbol)
28th August 2026 20:55:12 IST | INFO | 5m cycle @ 28th August 2026 20:55:00 IST | scanned 29/29 symbols in 1.6s (0.06s/symbol)
28th August 2026 21:00:14 IST | INFO | 5m cycle @ 28th August 2026 21:00:00 IST | scanned 29/29 symbols in 1.8s (0.06s/symbol)
28th August 2026 21:05:15 IST | INFO | 5m cycle @ 28th August 2026 21:05:00 IST | scanned 29/29 symbols in 1.6s (0.05s/symbol)
28th August 2026 21:10:17 IST | INFO | 5m cycle @ 28th August 2026 21:10:00 IST | scanned 29/29 symbols in 1.6s (0.05s/symbol)
28th August 2026 21:15:19 IST | INFO | 5m cycle @ 28th August 2026 21:15:00 IST | scanned 29/29 symbols in 1.8s (0.06s/symbol)
28th August 2026 21:20:21 IST | INFO | 5m cycle @ 28th August 2026 21:20:00 IST | scanned 29/29 symbols in 1.5s (0.05s/symbol)
28th August 2026 21:25:22 IST | INFO | 5m cycle @ 28th August 2026 21:25:00 IST | scanned 29/29 symbols in 1.6s (0.05s/symbol)
28th August 2026 21:30:10 IST | INFO | 5m cycle @ 28th August 2026 21:30:00 IST | scanned 29/29 symbols in 2.0s (0.07s/symbol)
28th August 2026 21:35:11 IST | INFO | 5m cycle @ 28th August 2026 21:35:00 IST | scanned 29/29 symbols in 1.6s (0.05s/symbol)
28th August 2026 21:40:13 IST | INFO | 5m cycle @ 28th August 2026 21:40:00 IST | scanned 29/29 symbols in 1.4s (0.05s/symbol)
28th August 2026 21:45:15 IST | INFO | 5m cycle @ 28th August 2026 21:45:00 IST | scanned 29/29 symbols in 1.9s (0.07s/symbol)
28th August 2026 21:50:16 IST | INFO | 5m cycle @ 28th August 2026 21:50:00 IST | scanned 29/29 symbols in 1.6s (0.05s/symbol)
28th August 2026 21:55:18 IST | INFO | 5m cycle @ 28th August 2026 21:55:00 IST | scanned 29/29 symbols in 1.5s (0.05s/symbol)
28th August 2026 22:00:20 IST | INFO | 5m cycle @ 28th August 2026 22:00:00 IST | scanned 29/29 symbols in 1.8s (0.06s/symbol)
28th August 2026 22:05:20 IST | INFO | S146 SIGNAL EURAUD LONG aggressive_liquidation | trigger=1.61840 stop=1.61701 target=1.62013 (1.25R) | stop_basis=liquidity_pool_plus_buffer liq_pool=True | 15m_extreme=True campaign_zones=1 | 4H dest=1.62249 (2.95R)
28th August 2026 22:05:25 IST | INFO | Email sent: S146 LONG EURAUD @ 1.61840 (1.25R target)
28th August 2026 22:05:26 IST | INFO | EURAUD: market order placed #2259685820 0.16 lots @ 1.61828 | sl/tp attached=True
28th August 2026 22:05:27 IST | INFO | 5m cycle @ 28th August 2026 22:05:00 IST | scanned 29/29 symbols in 6.9s (0.24s/symbol)
28th August 2026 22:10:13 IST | INFO | 5m cycle @ 28th August 2026 22:10:00 IST | scanned 29/29 symbols in 1.5s (0.05s/symbol)
28th August 2026 22:15:15 IST | INFO | 5m cycle @ 28th August 2026 22:15:00 IST | scanned 29/29 symbols in 1.7s (0.06s/symbol)
28th August 2026 22:20:17 IST | INFO | 5m cycle @ 28th August 2026 22:20:00 IST | scanned 29/29 symbols in 1.5s (0.05s/symbol)
28th August 2026 22:25:18 IST | INFO | 5m cycle @ 28th August 2026 22:25:00 IST | scanned 29/29 symbols in 1.5s (0.05s/symbol)
28th August 2026 22:30:20 IST | INFO | 5m cycle @ 28th August 2026 22:30:00 IST | scanned 29/29 symbols in 1.7s (0.06s/symbol)
28th August 2026 22:35:21 IST | INFO | 5m cycle @ 28th August 2026 22:35:00 IST | scanned 29/29 symbols in 1.4s (0.05s/symbol)
28th August 2026 22:40:23 IST | INFO | 5m cycle @ 28th August 2026 22:40:00 IST | scanned 29/29 symbols in 1.5s (0.05s/symbol)
28th August 2026 22:45:09 IST | INFO | S146 SIGNAL GBPCAD LONG aggressive_liquidation | trigger=1.88170 stop=1.87955 target=1.88440 (1.25R) | stop_basis=liquidity_pool_plus_buffer liq_pool=True | 15m_extreme=True campaign_zones=1 | 4H dest=1.88625 (2.11R)
28th August 2026 22:45:15 IST | INFO | Email sent: S146 LONG GBPCAD @ 1.88170 (1.25R target)
28th August 2026 22:45:15 IST | INFO | GBPCAD: market order placed #2260128445 0.14 lots @ 1.88170 | sl/tp attached=True
28th August 2026 22:45:16 IST | INFO | 5m cycle @ 28th August 2026 22:45:00 IST | scanned 29/29 symbols in 8.0s (0.28s/symbol)
28th August 2026 22:50:17 IST | INFO | 5m cycle @ 28th August 2026 22:50:00 IST | scanned 29/29 symbols in 1.5s (0.05s/symbol)
28th August 2026 22:55:19 IST | INFO | 5m cycle @ 28th August 2026 22:55:00 IST | scanned 29/29 symbols in 1.4s (0.05s/symbol)
28th August 2026 23:00:21 IST | INFO | 5m cycle @ 28th August 2026 23:00:00 IST | scanned 29/29 symbols in 1.6s (0.06s/symbol)
28th August 2026 23:05:22 IST | INFO | 5m cycle @ 28th August 2026 23:05:00 IST | scanned 29/29 symbols in 1.4s (0.05s/symbol)
28th August 2026 23:10:23 IST | INFO | 5m cycle @ 28th August 2026 23:10:00 IST | scanned 29/29 symbols in 1.4s (0.05s/symbol)
28th August 2026 23:15:10 IST | INFO | 5m cycle @ 28th August 2026 23:15:00 IST | scanned 29/29 symbols in 1.7s (0.06s/symbol)
28th August 2026 23:20:12 IST | INFO | 5m cycle @ 28th August 2026 23:20:00 IST | scanned 29/29 symbols in 1.4s (0.05s/symbol)
28th August 2026 23:25:13 IST | INFO | 5m cycle @ 28th August 2026 23:25:00 IST | scanned 29/29 symbols in 1.5s (0.05s/symbol)
28th August 2026 23:30:15 IST | INFO | 5m cycle @ 28th August 2026 23:30:00 IST | scanned 29/29 symbols in 1.6s (0.06s/symbol)
28th August 2026 23:35:16 IST | INFO | 5m cycle @ 28th August 2026 23:35:00 IST | scanned 29/29 symbols in 1.6s (0.05s/symbol)
28th August 2026 23:40:18 IST | INFO | 5m cycle @ 28th August 2026 23:40:00 IST | scanned 29/29 symbols in 1.4s (0.05s/symbol)
28th August 2026 23:45:19 IST | INFO | 5m cycle @ 28th August 2026 23:45:00 IST | scanned 29/29 symbols in 1.5s (0.05s/symbol)
28th August 2026 23:50:21 IST | INFO | S146 SIGNAL AUDCAD SHORT aggressive_liquidation | trigger=0.99512 stop=0.99584 target=0.99422 (1.25R) | stop_basis=liquidity_pool_plus_buffer liq_pool=True | 15m_extreme=True campaign_zones=1 | 4H dest=0.99138 (5.2R)
28th August 2026 23:50:33 IST | INFO | Email sent: S146 SHORT AUDCAD @ 0.99512 (1.25R target)
28th August 2026 23:50:34 IST | INFO | AUDCAD: market order placed #2260636635 0.27 lots @ 0.99519 | sl/tp attached=True
28th August 2026 23:50:34 IST | INFO | 5m cycle @ 28th August 2026 23:50:00 IST | scanned 29/29 symbols in 14.6s (0.50s/symbol)
28th August 2026 23:55:21 IST | INFO | 5m cycle @ 28th August 2026 23:55:00 IST | scanned 29/29 symbols in 1.3s (0.05s/symbol)
29th August 2026 0:00:23 IST | INFO | 5m cycle @ 29th August 2026 0:00:00 IST | scanned 29/29 symbols in 1.8s (0.06s/symbol)
29th August 2026 0:05:09 IST | INFO | 5m cycle @ 29th August 2026 0:05:00 IST | scanned 29/29 symbols in 1.4s (0.05s/symbol)
29th August 2026 0:10:10 IST | INFO | 5m cycle @ 29th August 2026 0:10:00 IST | scanned 29/29 symbols in 1.4s (0.05s/symbol)
29th August 2026 0:15:12 IST | INFO | 5m cycle @ 29th August 2026 0:15:00 IST | scanned 29/29 symbols in 1.6s (0.06s/symbol)
29th August 2026 0:20:14 IST | INFO | 5m cycle @ 29th August 2026 0:20:00 IST | scanned 29/29 symbols in 1.4s (0.05s/symbol)
29th August 2026 0:25:15 IST | INFO | 5m cycle @ 29th August 2026 0:25:00 IST | scanned 29/29 symbols in 1.4s (0.05s/symbol)
29th August 2026 0:30:17 IST | INFO | 5m cycle @ 29th August 2026 0:30:00 IST | scanned 29/29 symbols in 1.7s (0.06s/symbol)
29th August 2026 0:35:18 IST | INFO | 5m cycle @ 29th August 2026 0:35:00 IST | scanned 29/29 symbols in 1.4s (0.05s/symbol)
29th August 2026 0:40:20 IST | INFO | 5m cycle @ 29th August 2026 0:40:00 IST | scanned 29/29 symbols in 1.4s (0.05s/symbol)
29th August 2026 0:45:21 IST | INFO | 5m cycle @ 29th August 2026 0:45:00 IST | scanned 29/29 symbols in 1.6s (0.06s/symbol)
29th August 2026 0:50:23 IST | INFO | 5m cycle @ 29th August 2026 0:50:00 IST | scanned 29/29 symbols in 1.4s (0.05s/symbol)
29th August 2026 0:55:09 IST | INFO | 5m cycle @ 29th August 2026 0:55:00 IST | scanned 29/29 symbols in 1.4s (0.05s/symbol)
29th August 2026 1:00:11 IST | INFO | 5m cycle @ 29th August 2026 1:00:00 IST | scanned 29/29 symbols in 1.7s (0.06s/symbol)
29th August 2026 1:05:13 IST | INFO | 5m cycle @ 29th August 2026 1:05:00 IST | scanned 29/29 symbols in 1.4s (0.05s/symbol)
29th August 2026 1:10:14 IST | INFO | 5m cycle @ 29th August 2026 1:10:00 IST | scanned 29/29 symbols in 1.6s (0.06s/symbol)
29th August 2026 1:15:16 IST | INFO | 5m cycle @ 29th August 2026 1:15:00 IST | scanned 29/29 symbols in 1.8s (0.06s/symbol)
29th August 2026 1:20:18 IST | INFO | 5m cycle @ 29th August 2026 1:20:00 IST | scanned 29/29 symbols in 1.6s (0.06s/symbol)
29th August 2026 1:25:19 IST | INFO | 5m cycle @ 29th August 2026 1:25:00 IST | scanned 29/29 symbols in 1.5s (0.05s/symbol)
29th August 2026 1:30:21 IST | INFO | 5m cycle @ 29th August 2026 1:30:00 IST | scanned 29/29 symbols in 1.9s (0.06s/symbol)
29th August 2026 1:35:23 IST | INFO | 5m cycle @ 29th August 2026 1:35:00 IST | scanned 29/29 symbols in 1.5s (0.05s/symbol)
29th August 2026 1:40:10 IST | INFO | 5m cycle @ 29th August 2026 1:40:00 IST | scanned 29/29 symbols in 1.6s (0.05s/symbol)
29th August 2026 1:45:11 IST | INFO | S146 SIGNAL AUDNZD SHORT aggressive_liquidation | trigger=1.21115 stop=1.21169 target=1.21047 (1.25R) | stop_basis=15m_zone_distal_plus_buffer liq_pool=False | 15m_extreme=True campaign_zones=1 | 4H dest=1.20769 (6.39R)
29th August 2026 1:45:11 IST | WARNING | S146 AUDNZD: skipped on spread cost — spread 0.000180 is 33.3% of risk (limit 30%)
29th August 2026 1:45:11 IST | INFO | 5m cycle @ 29th August 2026 1:45:00 IST | scanned 29/29 symbols in 1.8s (0.06s/symbol)
29th August 2026 1:50:13 IST | INFO | 5m cycle @ 29th August 2026 1:50:00 IST | scanned 29/29 symbols in 1.5s (0.05s/symbol)
29th August 2026 1:55:15 IST | INFO | 5m cycle @ 29th August 2026 1:55:00 IST | scanned 29/29 symbols in 1.5s (0.05s/symbol)
29th August 2026 2:00:17 IST | INFO | 5m cycle @ 29th August 2026 2:00:00 IST | scanned 29/29 symbols in 1.7s (0.06s/symbol)
29th August 2026 2:05:17 IST | INFO | S146 SIGNAL EURCAD LONG aggressive_liquidation | trigger=1.61073 stop=1.61014 target=1.61147 (1.25R) | stop_basis=liquidity_pool_plus_buffer liq_pool=True | 15m_extreme=True campaign_zones=1 | 4H dest=1.61696 (10.54R)
29th August 2026 2:05:23 IST | INFO | Email sent: S146 LONG EURCAD @ 1.61073 (1.25R target)
29th August 2026 2:05:23 IST | INFO | EURCAD: market order placed #2261342606 0.16 lots @ 1.61066 | sl/tp attached=True
29th August 2026 2:05:24 IST | INFO | 5m cycle @ 29th August 2026 2:05:00 IST | scanned 29/29 symbols in 7.9s (0.27s/symbol)
29th August 2026 2:10:11 IST | INFO | 5m cycle @ 29th August 2026 2:10:00 IST | scanned 29/29 symbols in 1.5s (0.05s/symbol)
29th August 2026 2:15:12 IST | INFO | S146 EURCHF: skipped non-extreme 15m zone 15m-1787946300-1-8ff52d @ 0.93768; running extreme 15m-1787923800-1-cca0e8 @ 0.93628 across 3 actionable campaign zone(s)
29th August 2026 2:15:13 IST | INFO | 5m cycle @ 29th August 2026 2:15:00 IST | scanned 29/29 symbols in 1.7s (0.06s/symbol)
29th August 2026 2:20:14 IST | INFO | 5m cycle @ 29th August 2026 2:20:00 IST | scanned 29/29 symbols in 1.5s (0.05s/symbol)
29th August 2026 2:25:16 IST | INFO | 5m cycle @ 29th August 2026 2:25:00 IST | scanned 29/29 symbols in 1.8s (0.06s/symbol)
29th August 2026 2:30:17 IST | INFO | S146 EURCHF: skipped non-extreme 15m zone 15m-1787926500-1-d7c62c @ 0.93735; running extreme 15m-1787923800-1-cca0e8 @ 0.93628 across 2 actionable campaign zone(s)
29th August 2026 2:30:18 IST | INFO | 5m cycle @ 29th August 2026 2:30:00 IST | scanned 29/29 symbols in 2.2s (0.08s/symbol)
29th August 2026 2:35:19 IST | INFO | S146 EURCHF: skipped non-extreme 15m zone 15m-1787926500-1-d7c62c @ 0.93735; running extreme 15m-1787923800-1-cca0e8 @ 0.93628 across 2 actionable campaign zone(s)
29th August 2026 2:35:20 IST | INFO | 5m cycle @ 29th August 2026 2:35:00 IST | scanned 29/29 symbols in 2.0s (0.07s/symbol)
29th August 2026 2:40:21 IST | INFO | S146 EURCHF: skipped non-extreme 15m zone 15m-1787926500-1-d7c62c @ 0.93735; running extreme 15m-1787923800-1-cca0e8 @ 0.93628 across 2 actionable campaign zone(s)
29th August 2026 2:40:22 IST | INFO | 5m cycle @ 29th August 2026 2:40:00 IST | scanned 29/29 symbols in 1.8s (0.06s/symbol)
29th August 2026 2:45:23 IST | INFO | S146 EURCHF: skipped non-extreme 15m zone 15m-1787926500-1-d7c62c @ 0.93735; running extreme 15m-1787923800-1-cca0e8 @ 0.93628 across 2 actionable campaign zone(s)
29th August 2026 2:45:24 IST | INFO | 5m cycle @ 29th August 2026 2:45:00 IST | scanned 29/29 symbols in 1.9s (0.07s/symbol)
29th August 2026 2:50:10 IST | INFO | S146 EURCHF: skipped non-extreme 15m zone 15m-1787926500-1-d7c62c @ 0.93735; running extreme 15m-1787923800-1-cca0e8 @ 0.93628 across 2 actionable campaign zone(s)
29th August 2026 2:50:11 IST | INFO | 5m cycle @ 29th August 2026 2:50:00 IST | scanned 29/29 symbols in 1.8s (0.06s/symbol)
29th August 2026 2:55:12 IST | INFO | S146 EURCHF: skipped non-extreme 15m zone 15m-1787926500-1-d7c62c @ 0.93735; running extreme 15m-1787923800-1-cca0e8 @ 0.93628 across 2 actionable campaign zone(s)
29th August 2026 2:55:13 IST | INFO | 5m cycle @ 29th August 2026 2:55:00 IST | scanned 29/29 symbols in 1.9s (0.06s/symbol)
29th August 2026 3:00:13 IST | INFO | S146 EURCHF: skipped non-extreme 15m zone 15m-1787926500-1-d7c62c @ 0.93735; running extreme 15m-1787923800-1-cca0e8 @ 0.93628 across 2 actionable campaign zone(s)
29th August 2026 3:00:15 IST | INFO | 5m cycle @ 29th August 2026 3:00:00 IST | scanned 29/29 symbols in 1.9s (0.06s/symbol)
29th August 2026 3:05:15 IST | INFO | S146 EURCHF: skipped non-extreme 15m zone 15m-1787926500-1-d7c62c @ 0.93735; running extreme 15m-1787923800-1-cca0e8 @ 0.93628 across 2 actionable campaign zone(s)
29th August 2026 3:05:17 IST | INFO | 5m cycle @ 29th August 2026 3:05:00 IST | scanned 29/29 symbols in 1.9s (0.06s/symbol)
29th August 2026 3:10:17 IST | INFO | S146 EURCHF: skipped non-extreme 15m zone 15m-1787926500-1-d7c62c @ 0.93735; running extreme 15m-1787923800-1-cca0e8 @ 0.93628 across 2 actionable campaign zone(s)
29th August 2026 3:10:18 IST | INFO | 5m cycle @ 29th August 2026 3:10:00 IST | scanned 29/29 symbols in 1.8s (0.06s/symbol)
29th August 2026 3:15:19 IST | INFO | S146 EURCHF: skipped non-extreme 15m zone 15m-1787926500-1-d7c62c @ 0.93735; running extreme 15m-1787923800-1-cca0e8 @ 0.93628 across 2 actionable campaign zone(s)
29th August 2026 3:15:20 IST | INFO | 5m cycle @ 29th August 2026 3:15:00 IST | scanned 29/29 symbols in 1.9s (0.06s/symbol)
29th August 2026 3:20:21 IST | INFO | S146 EURCHF: skipped non-extreme 15m zone 15m-1787926500-1-d7c62c @ 0.93735; running extreme 15m-1787923800-1-cca0e8 @ 0.93628 across 2 actionable campaign zone(s)
29th August 2026 3:20:22 IST | INFO | 5m cycle @ 29th August 2026 3:20:00 IST | scanned 29/29 symbols in 1.8s (0.06s/symbol)
29th August 2026 3:25:23 IST | INFO | S146 EURCHF: skipped non-extreme 15m zone 15m-1787926500-1-d7c62c @ 0.93735; running extreme 15m-1787923800-1-cca0e8 @ 0.93628 across 2 actionable campaign zone(s)
29th August 2026 3:25:24 IST | INFO | 5m cycle @ 29th August 2026 3:25:00 IST | scanned 29/29 symbols in 1.9s (0.07s/symbol)
29th August 2026 3:30:10 IST | INFO | S146 EURCHF: skipped non-extreme 15m zone 15m-1787926500-1-d7c62c @ 0.93735; running extreme 15m-1787923800-1-cca0e8 @ 0.93628 across 2 actionable campaign zone(s)
29th August 2026 3:30:11 IST | INFO | 5m cycle @ 29th August 2026 3:30:00 IST | scanned 29/29 symbols in 1.9s (0.07s/symbol)
29th August 2026 3:35:12 IST | INFO | S146 EURCHF: skipped non-extreme 15m zone 15m-1787926500-1-d7c62c @ 0.93735; running extreme 15m-1787923800-1-cca0e8 @ 0.93628 across 2 actionable campaign zone(s)
29th August 2026 3:35:13 IST | INFO | 5m cycle @ 29th August 2026 3:35:00 IST | scanned 29/29 symbols in 1.9s (0.07s/symbol)
29th August 2026 3:40:14 IST | INFO | S146 EURCHF: skipped non-extreme 15m zone 15m-1787926500-1-d7c62c @ 0.93735; running extreme 15m-1787923800-1-cca0e8 @ 0.93628 across 2 actionable campaign zone(s)
29th August 2026 3:40:15 IST | INFO | 5m cycle @ 29th August 2026 3:40:00 IST | scanned 29/29 symbols in 1.9s (0.07s/symbol)
29th August 2026 3:45:16 IST | INFO | S146 EURCHF: skipped non-extreme 15m zone 15m-1787926500-1-d7c62c @ 0.93735; running extreme 15m-1787923800-1-cca0e8 @ 0.93628 across 2 actionable campaign zone(s)
29th August 2026 3:45:17 IST | INFO | 5m cycle @ 29th August 2026 3:45:00 IST | scanned 29/29 symbols in 1.8s (0.06s/symbol)
29th August 2026 3:50:17 IST | INFO | S146 EURCHF: skipped non-extreme 15m zone 15m-1787926500-1-d7c62c @ 0.93735; running extreme 15m-1787923800-1-cca0e8 @ 0.93628 across 2 actionable campaign zone(s)
29th August 2026 3:50:19 IST | INFO | 5m cycle @ 29th August 2026 3:50:00 IST | scanned 29/29 symbols in 1.8s (0.06s/symbol)
29th August 2026 3:55:19 IST | INFO | S146 EURCHF: skipped non-extreme 15m zone 15m-1787926500-1-d7c62c @ 0.93735; running extreme 15m-1787923800-1-cca0e8 @ 0.93628 across 2 actionable campaign zone(s)
29th August 2026 3:55:21 IST | INFO | 5m cycle @ 29th August 2026 3:55:00 IST | scanned 29/29 symbols in 1.9s (0.07s/symbol)
29th August 2026 4:00:21 IST | INFO | S146 EURCHF: skipped non-extreme 15m zone 15m-1787926500-1-d7c62c @ 0.93735; running extreme 15m-1787923800-1-cca0e8 @ 0.93628 across 2 actionable campaign zone(s)
29th August 2026 4:00:22 IST | INFO | 5m cycle @ 29th August 2026 4:00:00 IST | scanned 29/29 symbols in 1.8s (0.06s/symbol)
29th August 2026 4:05:23 IST | INFO | S146 EURCHF: skipped non-extreme 15m zone 15m-1787926500-1-d7c62c @ 0.93735; running extreme 15m-1787923800-1-cca0e8 @ 0.93628 across 2 actionable campaign zone(s)
29th August 2026 4:05:24 IST | INFO | 5m cycle @ 29th August 2026 4:05:00 IST | scanned 29/29 symbols in 1.7s (0.06s/symbol)
29th August 2026 14:00:21 IST | INFO | S146 EURCHF: skipped non-extreme 15m zone 15m-1787926500-1-d7c62c @ 0.93735; running extreme 15m-1787923800-1-cca0e8 @ 0.93628 across 2 actionable campaign zone(s)
29th August 2026 14:00:23 IST | INFO | 5m cycle @ 29th August 2026 14:00:00 IST | scanned 29/29 symbols in 3.1s (0.11s/symbol)
29th August 2026 14:05:09 IST | INFO | S146 EURCHF: skipped non-extreme 15m zone 15m-1787926500-1-d7c62c @ 0.93735; running extreme 15m-1787923800-1-cca0e8 @ 0.93628 across 2 actionable campaign zone(s)
29th August 2026 14:05:11 IST | INFO | 5m cycle @ 29th August 2026 14:05:00 IST | scanned 29/29 symbols in 2.4s (0.08s/symbol)
29th August 2026 14:10:11 IST | INFO | S146 EURCHF: skipped non-extreme 15m zone 15m-1787926500-1-d7c62c @ 0.93735; running extreme 15m-1787923800-1-cca0e8 @ 0.93628 across 2 actionable campaign zone(s)
29th August 2026 14:10:12 IST | INFO | 5m cycle @ 29th August 2026 14:10:00 IST | scanned 29/29 symbols in 1.6s (0.05s/symbol)
29th August 2026 14:15:13 IST | INFO | S146 EURCHF: skipped non-extreme 15m zone 15m-1787926500-1-d7c62c @ 0.93735; running extreme 15m-1787923800-1-cca0e8 @ 0.93628 across 2 actionable campaign zone(s)
29th August 2026 14:15:14 IST | INFO | 5m cycle @ 29th August 2026 14:15:00 IST | scanned 29/29 symbols in 2.0s (0.07s/symbol)
29th August 2026 14:20:15 IST | INFO | S146 EURCHF: skipped non-extreme 15m zone 15m-1787926500-1-d7c62c @ 0.93735; running extreme 15m-1787923800-1-cca0e8 @ 0.93628 across 2 actionable campaign zone(s)
29th August 2026 14:20:16 IST | INFO | 5m cycle @ 29th August 2026 14:20:00 IST | scanned 29/29 symbols in 1.5s (0.05s/symbol)
29th August 2026 14:25:16 IST | INFO | S146 EURCHF: skipped non-extreme 15m zone 15m-1787926500-1-d7c62c @ 0.93735; running extreme 15m-1787923800-1-cca0e8 @ 0.93628 across 2 actionable campaign zone(s)
29th August 2026 14:25:17 IST | INFO | 5m cycle @ 29th August 2026 14:25:00 IST | scanned 29/29 symbols in 1.6s (0.05s/symbol)
29th August 2026 14:30:18 IST | INFO | S146 EURCHF: skipped non-extreme 15m zone 15m-1787926500-1-d7c62c @ 0.93735; running extreme 15m-1787923800-1-cca0e8 @ 0.93628 across 2 actionable campaign zone(s)
29th August 2026 14:30:19 IST | INFO | 5m cycle @ 29th August 2026 14:30:00 IST | scanned 29/29 symbols in 1.9s (0.07s/symbol)
29th August 2026 14:35:20 IST | INFO | S146 EURCHF: skipped non-extreme 15m zone 15m-1787926500-1-d7c62c @ 0.93735; running extreme 15m-1787923800-1-cca0e8 @ 0.93628 across 2 actionable campaign zone(s)
29th August 2026 14:35:21 IST | INFO | 5m cycle @ 29th August 2026 14:35:00 IST | scanned 29/29 symbols in 1.5s (0.05s/symbol)
29th August 2026 14:40:21 IST | INFO | S146 EURCHF: skipped non-extreme 15m zone 15m-1787926500-1-d7c62c @ 0.93735; running extreme 15m-1787923800-1-cca0e8 @ 0.93628 across 2 actionable campaign zone(s)
29th August 2026 14:40:22 IST | INFO | 5m cycle @ 29th August 2026 14:40:00 IST | scanned 29/29 symbols in 1.6s (0.05s/symbol)
29th August 2026 14:45:23 IST | INFO | S146 EURCHF: skipped non-extreme 15m zone 15m-1787926500-1-d7c62c @ 0.93735; running extreme 15m-1787923800-1-cca0e8 @ 0.93628 across 2 actionable campaign zone(s)
29th August 2026 14:45:24 IST | INFO | 5m cycle @ 29th August 2026 14:45:00 IST | scanned 29/29 symbols in 1.9s (0.07s/symbol)
29th August 2026 14:50:10 IST | INFO | S146 EURCHF: skipped non-extreme 15m zone 15m-1787926500-1-d7c62c @ 0.93735; running extreme 15m-1787923800-1-cca0e8 @ 0.93628 across 2 actionable campaign zone(s)
29th August 2026 14:50:11 IST | INFO | 5m cycle @ 29th August 2026 14:50:00 IST | scanned 29/29 symbols in 1.6s (0.06s/symbol)
29th August 2026 14:55:12 IST | INFO | S146 EURCHF: skipped non-extreme 15m zone 15m-1787926500-1-d7c62c @ 0.93735; running extreme 15m-1787923800-1-cca0e8 @ 0.93628 across 2 actionable campaign zone(s)
29th August 2026 14:55:13 IST | INFO | 5m cycle @ 29th August 2026 14:55:00 IST | scanned 29/29 symbols in 1.6s (0.05s/symbol)
29th August 2026 15:00:13 IST | INFO | S146 EURCHF: skipped non-extreme 15m zone 15m-1787926500-1-d7c62c @ 0.93735; running extreme 15m-1787923800-1-cca0e8 @ 0.93628 across 2 actionable campaign zone(s)
29th August 2026 15:00:15 IST | INFO | 5m cycle @ 29th August 2026 15:00:00 IST | scanned 29/29 symbols in 2.0s (0.07s/symbol)
29th August 2026 15:05:15 IST | INFO | S146 EURCHF: skipped non-extreme 15m zone 15m-1787926500-1-d7c62c @ 0.93735; running extreme 15m-1787923800-1-cca0e8 @ 0.93628 across 2 actionable campaign zone(s)
29th August 2026 15:05:16 IST | INFO | 5m cycle @ 29th August 2026 15:05:00 IST | scanned 29/29 symbols in 1.5s (0.05s/symbol)
29th August 2026 15:10:17 IST | INFO | S146 EURCHF: skipped non-extreme 15m zone 15m-1787926500-1-d7c62c @ 0.93735; running extreme 15m-1787923800-1-cca0e8 @ 0.93628 across 2 actionable campaign zone(s)
29th August 2026 15:10:18 IST | INFO | 5m cycle @ 29th August 2026 15:10:00 IST | scanned 29/29 symbols in 1.5s (0.05s/symbol)
29th August 2026 15:15:18 IST | INFO | S146 EURCHF: skipped non-extreme 15m zone 15m-1787926500-1-d7c62c @ 0.93735; running extreme 15m-1787923800-1-cca0e8 @ 0.93628 across 2 actionable campaign zone(s)
29th August 2026 15:15:20 IST | INFO | 5m cycle @ 29th August 2026 15:15:00 IST | scanned 29/29 symbols in 1.9s (0.06s/symbol)
29th August 2026 15:20:20 IST | INFO | S146 EURCHF: skipped non-extreme 15m zone 15m-1787926500-1-d7c62c @ 0.93735; running extreme 15m-1787923800-1-cca0e8 @ 0.93628 across 2 actionable campaign zone(s)
29th August 2026 15:20:21 IST | INFO | 5m cycle @ 29th August 2026 15:20:00 IST | scanned 29/29 symbols in 1.5s (0.05s/symbol)
29th August 2026 15:25:22 IST | INFO | S146 EURCHF: skipped non-extreme 15m zone 15m-1787926500-1-d7c62c @ 0.93735; running extreme 15m-1787923800-1-cca0e8 @ 0.93628 across 2 actionable campaign zone(s)
29th August 2026 15:25:23 IST | INFO | 5m cycle @ 29th August 2026 15:25:00 IST | scanned 29/29 symbols in 1.5s (0.05s/symbol)
29th August 2026 15:30:08 IST | INFO | S146 EURCHF: skipped non-extreme 15m zone 15m-1787926500-1-d7c62c @ 0.93735; running extreme 15m-1787923800-1-cca0e8 @ 0.93628 across 2 actionable campaign zone(s)
29th August 2026 15:30:10 IST | INFO | 5m cycle @ 29th August 2026 15:30:00 IST | scanned 29/29 symbols in 2.0s (0.07s/symbol)
29th August 2026 15:35:10 IST | INFO | S146 EURCHF: skipped non-extreme 15m zone 15m-1787926500-1-d7c62c @ 0.93735; running extreme 15m-1787923800-1-cca0e8 @ 0.93628 across 2 actionable campaign zone(s)
29th August 2026 15:35:11 IST | INFO | 5m cycle @ 29th August 2026 15:35:00 IST | scanned 29/29 symbols in 1.5s (0.05s/symbol)
29th August 2026 15:40:12 IST | INFO | S146 EURCHF: skipped non-extreme 15m zone 15m-1787926500-1-d7c62c @ 0.93735; running extreme 15m-1787923800-1-cca0e8 @ 0.93628 across 2 actionable campaign zone(s)
29th August 2026 15:40:13 IST | INFO | 5m cycle @ 29th August 2026 15:40:00 IST | scanned 29/29 symbols in 1.6s (0.05s/symbol)
29th August 2026 15:45:13 IST | INFO | S146 EURCHF: skipped non-extreme 15m zone 15m-1787926500-1-d7c62c @ 0.93735; running extreme 15m-1787923800-1-cca0e8 @ 0.93628 across 2 actionable campaign zone(s)
29th August 2026 15:45:15 IST | INFO | 5m cycle @ 29th August 2026 15:45:00 IST | scanned 29/29 symbols in 1.9s (0.07s/symbol)
29th August 2026 15:50:15 IST | INFO | S146 EURCHF: skipped non-extreme 15m zone 15m-1787926500-1-d7c62c @ 0.93735; running extreme 15m-1787923800-1-cca0e8 @ 0.93628 across 2 actionable campaign zone(s)
29th August 2026 15:50:16 IST | INFO | 5m cycle @ 29th August 2026 15:50:00 IST | scanned 29/29 symbols in 1.6s (0.05s/symbol)
29th August 2026 15:55:17 IST | INFO | S146 EURCHF: skipped non-extreme 15m zone 15m-1787926500-1-d7c62c @ 0.93735; running extreme 15m-1787923800-1-cca0e8 @ 0.93628 across 2 actionable campaign zone(s)
29th August 2026 15:55:18 IST | INFO | 5m cycle @ 29th August 2026 15:55:00 IST | scanned 29/29 symbols in 1.6s (0.06s/symbol)
29th August 2026 16:00:19 IST | INFO | S146 EURCHF: skipped non-extreme 15m zone 15m-1787926500-1-d7c62c @ 0.93735; running extreme 15m-1787923800-1-cca0e8 @ 0.93628 across 2 actionable campaign zone(s)
29th August 2026 16:00:20 IST | INFO | 5m cycle @ 29th August 2026 16:00:00 IST | scanned 29/29 symbols in 2.0s (0.07s/symbol)
29th August 2026 16:05:20 IST | INFO | S146 EURCHF: skipped non-extreme 15m zone 15m-1787926500-1-d7c62c @ 0.93735; running extreme 15m-1787923800-1-cca0e8 @ 0.93628 across 2 actionable campaign zone(s)
29th August 2026 16:05:21 IST | INFO | 5m cycle @ 29th August 2026 16:05:00 IST | scanned 29/29 symbols in 1.4s (0.05s/symbol)
29th August 2026 16:10:22 IST | INFO | S146 EURCHF: skipped non-extreme 15m zone 15m-1787926500-1-d7c62c @ 0.93735; running extreme 15m-1787923800-1-cca0e8 @ 0.93628 across 2 actionable campaign zone(s)
29th August 2026 16:10:23 IST | INFO | 5m cycle @ 29th August 2026 16:10:00 IST | scanned 29/29 symbols in 1.7s (0.06s/symbol)
29th August 2026 16:15:09 IST | INFO | S146 EURCHF: skipped non-extreme 15m zone 15m-1787926500-1-d7c62c @ 0.93735; running extreme 15m-1787923800-1-cca0e8 @ 0.93628 across 2 actionable campaign zone(s)
29th August 2026 16:15:10 IST | INFO | 5m cycle @ 29th August 2026 16:15:00 IST | scanned 29/29 symbols in 1.9s (0.07s/symbol)
29th August 2026 16:20:11 IST | INFO | S146 EURCHF: skipped non-extreme 15m zone 15m-1787926500-1-d7c62c @ 0.93735; running extreme 15m-1787923800-1-cca0e8 @ 0.93628 across 2 actionable campaign zone(s)
29th August 2026 16:20:11 IST | INFO | 5m cycle @ 29th August 2026 16:20:00 IST | scanned 29/29 symbols in 1.5s (0.05s/symbol)
29th August 2026 16:25:12 IST | INFO | S146 EURCHF: skipped non-extreme 15m zone 15m-1787926500-1-d7c62c @ 0.93735; running extreme 15m-1787923800-1-cca0e8 @ 0.93628 across 2 actionable campaign zone(s)
29th August 2026 16:25:13 IST | INFO | 5m cycle @ 29th August 2026 16:25:00 IST | scanned 29/29 symbols in 1.6s (0.06s/symbol)
29th August 2026 16:30:14 IST | INFO | S146 EURCHF: skipped non-extreme 15m zone 15m-1787926500-1-d7c62c @ 0.93735; running extreme 15m-1787923800-1-cca0e8 @ 0.93628 across 2 actionable campaign zone(s)
29th August 2026 16:30:15 IST | INFO | 5m cycle @ 29th August 2026 16:30:00 IST | scanned 29/29 symbols in 1.9s (0.07s/symbol)
29th August 2026 16:35:16 IST | INFO | S146 EURCHF: skipped non-extreme 15m zone 15m-1787926500-1-d7c62c @ 0.93735; running extreme 15m-1787923800-1-cca0e8 @ 0.93628 across 2 actionable campaign zone(s)
29th August 2026 16:35:17 IST | INFO | 5m cycle @ 29th August 2026 16:35:00 IST | scanned 29/29 symbols in 1.5s (0.05s/symbol)
29th August 2026 16:40:17 IST | INFO | S146 EURCHF: skipped non-extreme 15m zone 15m-1787926500-1-d7c62c @ 0.93735; running extreme 15m-1787923800-1-cca0e8 @ 0.93628 across 2 actionable campaign zone(s)
29th August 2026 16:40:18 IST | INFO | 5m cycle @ 29th August 2026 16:40:00 IST | scanned 29/29 symbols in 1.6s (0.06s/symbol)
29th August 2026 16:45:19 IST | INFO | S146 EURCHF: skipped non-extreme 15m zone 15m-1787926500-1-d7c62c @ 0.93735; running extreme 15m-1787923800-1-cca0e8 @ 0.93628 across 2 actionable campaign zone(s)
29th August 2026 16:45:20 IST | INFO | 5m cycle @ 29th August 2026 16:45:00 IST | scanned 29/29 symbols in 1.9s (0.07s/symbol)
29th August 2026 16:50:21 IST | INFO | S146 EURCHF: skipped non-extreme 15m zone 15m-1787926500-1-d7c62c @ 0.93735; running extreme 15m-1787923800-1-cca0e8 @ 0.93628 across 2 actionable campaign zone(s)
29th August 2026 16:50:22 IST | INFO | 5m cycle @ 29th August 2026 16:50:00 IST | scanned 29/29 symbols in 1.6s (0.05s/symbol)
29th August 2026 16:55:22 IST | INFO | S146 EURCHF: skipped non-extreme 15m zone 15m-1787926500-1-d7c62c @ 0.93735; running extreme 15m-1787923800-1-cca0e8 @ 0.93628 across 2 actionable campaign zone(s)
29th August 2026 16:55:23 IST | INFO | 5m cycle @ 29th August 2026 16:55:00 IST | scanned 29/29 symbols in 1.5s (0.05s/symbol)
29th August 2026 17:00:09 IST | INFO | S146 EURCHF: skipped non-extreme 15m zone 15m-1787926500-1-d7c62c @ 0.93735; running extreme 15m-1787923800-1-cca0e8 @ 0.93628 across 2 actionable campaign zone(s)
29th August 2026 17:00:10 IST | INFO | 5m cycle @ 29th August 2026 17:00:00 IST | scanned 29/29 symbols in 2.0s (0.07s/symbol)
29th August 2026 17:05:11 IST | INFO | S146 EURCHF: skipped non-extreme 15m zone 15m-1787926500-1-d7c62c @ 0.93735; running extreme 15m-1787923800-1-cca0e8 @ 0.93628 across 2 actionable campaign zone(s)
29th August 2026 17:05:12 IST | INFO | 5m cycle @ 29th August 2026 17:05:00 IST | scanned 29/29 symbols in 1.5s (0.05s/symbol)
29th August 2026 17:10:12 IST | INFO | S146 EURCHF: skipped non-extreme 15m zone 15m-1787926500-1-d7c62c @ 0.93735; running extreme 15m-1787923800-1-cca0e8 @ 0.93628 across 2 actionable campaign zone(s)
29th August 2026 17:10:14 IST | INFO | 5m cycle @ 29th August 2026 17:10:00 IST | scanned 29/29 symbols in 1.6s (0.06s/symbol)
29th August 2026 17:15:14 IST | INFO | S146 EURCHF: skipped non-extreme 15m zone 15m-1787926500-1-d7c62c @ 0.93735; running extreme 15m-1787923800-1-cca0e8 @ 0.93628 across 2 actionable campaign zone(s)
29th August 2026 17:15:15 IST | INFO | 5m cycle @ 29th August 2026 17:15:00 IST | scanned 29/29 symbols in 1.9s (0.06s/symbol)
29th August 2026 17:20:16 IST | INFO | S146 EURCHF: skipped non-extreme 15m zone 15m-1787926500-1-d7c62c @ 0.93735; running extreme 15m-1787923800-1-cca0e8 @ 0.93628 across 2 actionable campaign zone(s)
29th August 2026 17:20:17 IST | INFO | 5m cycle @ 29th August 2026 17:20:00 IST | scanned 29/29 symbols in 1.8s (0.06s/symbol)
29th August 2026 17:25:18 IST | INFO | S146 EURCHF: skipped non-extreme 15m zone 15m-1787926500-1-d7c62c @ 0.93735; running extreme 15m-1787923800-1-cca0e8 @ 0.93628 across 2 actionable campaign zone(s)
29th August 2026 17:25:19 IST | INFO | 5m cycle @ 29th August 2026 17:25:00 IST | scanned 29/29 symbols in 2.0s (0.07s/symbol)
29th August 2026 17:30:20 IST | INFO | S146 EURCHF: skipped non-extreme 15m zone 15m-1787926500-1-d7c62c @ 0.93735; running extreme 15m-1787923800-1-cca0e8 @ 0.93628 across 2 actionable campaign zone(s)
29th August 2026 17:30:21 IST | INFO | 5m cycle @ 29th August 2026 17:30:00 IST | scanned 29/29 symbols in 2.2s (0.08s/symbol)
29th August 2026 17:35:22 IST | INFO | S146 EURCHF: skipped non-extreme 15m zone 15m-1787926500-1-d7c62c @ 0.93735; running extreme 15m-1787923800-1-cca0e8 @ 0.93628 across 2 actionable campaign zone(s)
29th August 2026 17:35:23 IST | INFO | 5m cycle @ 29th August 2026 17:35:00 IST | scanned 29/29 symbols in 1.9s (0.06s/symbol)
29th August 2026 17:40:09 IST | INFO | S146 EURCHF: skipped non-extreme 15m zone 15m-1787926500-1-d7c62c @ 0.93735; running extreme 15m-1787923800-1-cca0e8 @ 0.93628 across 2 actionable campaign zone(s)
29th August 2026 17:40:10 IST | INFO | 5m cycle @ 29th August 2026 17:40:00 IST | scanned 29/29 symbols in 1.8s (0.06s/symbol)
29th August 2026 17:45:11 IST | INFO | S146 EURCHF: skipped non-extreme 15m zone 15m-1787926500-1-d7c62c @ 0.93735; running extreme 15m-1787923800-1-cca0e8 @ 0.93628 across 2 actionable campaign zone(s)
29th August 2026 17:45:12 IST | INFO | 5m cycle @ 29th August 2026 17:45:00 IST | scanned 29/29 symbols in 2.0s (0.07s/symbol)
29th August 2026 17:50:13 IST | INFO | S146 EURCHF: skipped non-extreme 15m zone 15m-1787926500-1-d7c62c @ 0.93735; running extreme 15m-1787923800-1-cca0e8 @ 0.93628 across 2 actionable campaign zone(s)
29th August 2026 17:50:14 IST | INFO | 5m cycle @ 29th August 2026 17:50:00 IST | scanned 29/29 symbols in 1.9s (0.06s/symbol)
29th August 2026 17:55:15 IST | INFO | S146 EURCHF: skipped non-extreme 15m zone 15m-1787926500-1-d7c62c @ 0.93735; running extreme 15m-1787923800-1-cca0e8 @ 0.93628 across 2 actionable campaign zone(s)
29th August 2026 17:55:16 IST | INFO | 5m cycle @ 29th August 2026 17:55:00 IST | scanned 29/29 symbols in 2.0s (0.07s/symbol)
29th August 2026 18:00:17 IST | INFO | S146 EURCHF: skipped non-extreme 15m zone 15m-1787926500-1-d7c62c @ 0.93735; running extreme 15m-1787923800-1-cca0e8 @ 0.93628 across 2 actionable campaign zone(s)
29th August 2026 18:00:18 IST | INFO | 5m cycle @ 29th August 2026 18:00:00 IST | scanned 29/29 symbols in 2.3s (0.08s/symbol)
29th August 2026 18:05:19 IST | INFO | S146 EURCHF: skipped non-extreme 15m zone 15m-1787926500-1-d7c62c @ 0.93735; running extreme 15m-1787923800-1-cca0e8 @ 0.93628 across 2 actionable campaign zone(s)
29th August 2026 18:05:20 IST | INFO | 5m cycle @ 29th August 2026 18:05:00 IST | scanned 29/29 symbols in 1.9s (0.06s/symbol)
29th August 2026 18:10:21 IST | INFO | S146 EURCHF: skipped non-extreme 15m zone 15m-1787926500-1-d7c62c @ 0.93735; running extreme 15m-1787923800-1-cca0e8 @ 0.93628 across 2 actionable campaign zone(s)
29th August 2026 18:10:22 IST | INFO | 5m cycle @ 29th August 2026 18:10:00 IST | scanned 29/29 symbols in 1.5s (0.05s/symbol)
29th August 2026 18:15:22 IST | INFO | S146 EURCHF: skipped non-extreme 15m zone 15m-1787926500-1-d7c62c @ 0.93735; running extreme 15m-1787923800-1-cca0e8 @ 0.93628 across 2 actionable campaign zone(s)
29th August 2026 18:15:24 IST | INFO | 5m cycle @ 29th August 2026 18:15:00 IST | scanned 29/29 symbols in 1.9s (0.07s/symbol)
29th August 2026 18:20:09 IST | INFO | S146 EURCHF: skipped non-extreme 15m zone 15m-1787926500-1-d7c62c @ 0.93735; running extreme 15m-1787923800-1-cca0e8 @ 0.93628 across 2 actionable campaign zone(s)
29th August 2026 18:20:10 IST | INFO | 5m cycle @ 29th August 2026 18:20:00 IST | scanned 29/29 symbols in 1.6s (0.05s/symbol)
29th August 2026 18:25:11 IST | INFO | S146 EURCHF: skipped non-extreme 15m zone 15m-1787926500-1-d7c62c @ 0.93735; running extreme 15m-1787923800-1-cca0e8 @ 0.93628 across 2 actionable campaign zone(s)
29th August 2026 18:25:12 IST | INFO | 5m cycle @ 29th August 2026 18:25:00 IST | scanned 29/29 symbols in 1.6s (0.05s/symbol)
29th August 2026 18:30:13 IST | INFO | S146 EURCHF: skipped non-extreme 15m zone 15m-1787926500-1-d7c62c @ 0.93735; running extreme 15m-1787923800-1-cca0e8 @ 0.93628 across 2 actionable campaign zone(s)
29th August 2026 18:30:15 IST | INFO | 5m cycle @ 29th August 2026 18:30:00 IST | scanned 29/29 symbols in 2.6s (0.09s/symbol)
29th August 2026 18:35:15 IST | INFO | S146 EURCHF: skipped non-extreme 15m zone 15m-1787926500-1-d7c62c @ 0.93735; running extreme 15m-1787923800-1-cca0e8 @ 0.93628 across 2 actionable campaign zone(s)
29th August 2026 18:35:16 IST | INFO | 5m cycle @ 29th August 2026 18:35:00 IST | scanned 29/29 symbols in 1.6s (0.05s/symbol)
29th August 2026 18:40:17 IST | INFO | S146 EURCHF: skipped non-extreme 15m zone 15m-1787926500-1-d7c62c @ 0.93735; running extreme 15m-1787923800-1-cca0e8 @ 0.93628 across 2 actionable campaign zone(s)
29th August 2026 18:40:18 IST | INFO | 5m cycle @ 29th August 2026 18:40:00 IST | scanned 29/29 symbols in 1.5s (0.05s/symbol)
29th August 2026 18:45:19 IST | INFO | S146 EURCHF: skipped non-extreme 15m zone 15m-1787926500-1-d7c62c @ 0.93735; running extreme 15m-1787923800-1-cca0e8 @ 0.93628 across 2 actionable campaign zone(s)
29th August 2026 18:45:20 IST | INFO | 5m cycle @ 29th August 2026 18:45:00 IST | scanned 29/29 symbols in 2.5s (0.09s/symbol)
29th August 2026 18:50:21 IST | INFO | S146 EURCHF: skipped non-extreme 15m zone 15m-1787926500-1-d7c62c @ 0.93735; running extreme 15m-1787923800-1-cca0e8 @ 0.93628 across 2 actionable campaign zone(s)
29th August 2026 18:50:22 IST | INFO | 5m cycle @ 29th August 2026 18:50:00 IST | scanned 29/29 symbols in 1.6s (0.05s/symbol)
29th August 2026 18:55:22 IST | INFO | S146 EURCHF: skipped non-extreme 15m zone 15m-1787926500-1-d7c62c @ 0.93735; running extreme 15m-1787923800-1-cca0e8 @ 0.93628 across 2 actionable campaign zone(s)
29th August 2026 18:55:24 IST | INFO | 5m cycle @ 29th August 2026 18:55:00 IST | scanned 29/29 symbols in 1.6s (0.06s/symbol)
29th August 2026 19:00:09 IST | INFO | S146 EURCHF: skipped non-extreme 15m zone 15m-1787926500-1-d7c62c @ 0.93735; running extreme 15m-1787923800-1-cca0e8 @ 0.93628 across 2 actionable campaign zone(s)
29th August 2026 19:00:11 IST | INFO | 5m cycle @ 29th August 2026 19:00:00 IST | scanned 29/29 symbols in 2.6s (0.09s/symbol)
29th August 2026 19:05:12 IST | INFO | S146 EURCHF: skipped non-extreme 15m zone 15m-1787926500-1-d7c62c @ 0.93735; running extreme 15m-1787923800-1-cca0e8 @ 0.93628 across 2 actionable campaign zone(s)
29th August 2026 19:05:13 IST | INFO | 5m cycle @ 29th August 2026 19:05:00 IST | scanned 29/29 symbols in 1.6s (0.05s/symbol)
29th August 2026 19:10:13 IST | INFO | S146 EURCHF: skipped non-extreme 15m zone 15m-1787926500-1-d7c62c @ 0.93735; running extreme 15m-1787923800-1-cca0e8 @ 0.93628 across 2 actionable campaign zone(s)
29th August 2026 19:10:14 IST | INFO | 5m cycle @ 29th August 2026 19:10:00 IST | scanned 29/29 symbols in 1.6s (0.05s/symbol)
29th August 2026 19:15:15 IST | INFO | S146 EURCHF: skipped non-extreme 15m zone 15m-1787926500-1-d7c62c @ 0.93735; running extreme 15m-1787923800-1-cca0e8 @ 0.93628 across 2 actionable campaign zone(s)
29th August 2026 19:15:17 IST | INFO | 5m cycle @ 29th August 2026 19:15:00 IST | scanned 29/29 symbols in 2.4s (0.08s/symbol)
29th August 2026 21:59:40 IST | INFO | S146 EURCHF: skipped non-extreme 15m zone 15m-1787926500-1-d7c62c @ 0.93735; running extreme 15m-1787923800-1-cca0e8 @ 0.93628 across 2 actionable campaign zone(s)
29th August 2026 21:59:43 IST | INFO | 5m cycle @ 29th August 2026 21:55:00 IST | scanned 29/29 symbols in 5.3s (0.18s/symbol)
29th August 2026 22:00:14 IST | INFO | S146 EURCHF: skipped non-extreme 15m zone 15m-1787926500-1-d7c62c @ 0.93735; running extreme 15m-1787923800-1-cca0e8 @ 0.93628 across 2 actionable campaign zone(s)
29th August 2026 22:00:16 IST | INFO | 5m cycle @ 29th August 2026 22:00:00 IST | scanned 29/29 symbols in 3.0s (0.10s/symbol)
29th August 2026 22:05:17 IST | INFO | S146 EURCHF: skipped non-extreme 15m zone 15m-1787926500-1-d7c62c @ 0.93735; running extreme 15m-1787923800-1-cca0e8 @ 0.93628 across 2 actionable campaign zone(s)
29th August 2026 22:05:18 IST | INFO | 5m cycle @ 29th August 2026 22:05:00 IST | scanned 29/29 symbols in 1.5s (0.05s/symbol)
29th August 2026 22:10:18 IST | INFO | S146 EURCHF: skipped non-extreme 15m zone 15m-1787926500-1-d7c62c @ 0.93735; running extreme 15m-1787923800-1-cca0e8 @ 0.93628 across 2 actionable campaign zone(s)
29th August 2026 22:10:19 IST | INFO | 5m cycle @ 29th August 2026 22:10:00 IST | scanned 29/29 symbols in 1.5s (0.05s/symbol)
29th August 2026 22:15:20 IST | INFO | S146 EURCHF: skipped non-extreme 15m zone 15m-1787926500-1-d7c62c @ 0.93735; running extreme 15m-1787923800-1-cca0e8 @ 0.93628 across 2 actionable campaign zone(s)
29th August 2026 22:15:21 IST | INFO | 5m cycle @ 29th August 2026 22:15:00 IST | scanned 29/29 symbols in 1.7s (0.06s/symbol)
29th August 2026 22:20:22 IST | INFO | S146 EURCHF: skipped non-extreme 15m zone 15m-1787926500-1-d7c62c @ 0.93735; running extreme 15m-1787923800-1-cca0e8 @ 0.93628 across 2 actionable campaign zone(s)
29th August 2026 22:20:23 IST | INFO | 5m cycle @ 29th August 2026 22:20:00 IST | scanned 29/29 symbols in 1.6s (0.06s/symbol)
29th August 2026 22:25:08 IST | INFO | S146 EURCHF: skipped non-extreme 15m zone 15m-1787926500-1-d7c62c @ 0.93735; running extreme 15m-1787923800-1-cca0e8 @ 0.93628 across 2 actionable campaign zone(s)
29th August 2026 22:25:09 IST | INFO | 5m cycle @ 29th August 2026 22:25:00 IST | scanned 29/29 symbols in 1.5s (0.05s/symbol)
29th August 2026 22:27:21 IST | INFO | MT5 connected | Exness-MT5Trial15 | DEMO | balance=22837.68 INR | leverage 1:2000
29th August 2026 22:30:10 IST | INFO | S146 EURCHF: skipped non-extreme 15m zone 15m-1787926500-1-d7c62c @ 0.93735; running extreme 15m-1787923800-1-cca0e8 @ 0.93628 across 2 actionable campaign zone(s)
29th August 2026 22:30:11 IST | INFO | 5m cycle @ 29th August 2026 22:30:00 IST | scanned 29/29 symbols in 1.7s (0.06s/symbol)
29th August 2026 22:32:54 IST | INFO | MT5 connected | Exness-MT5Trial15 | DEMO | balance=22837.68 INR | leverage 1:2000
29th August 2026 22:35:11 IST | INFO | S146 EURCHF: skipped non-extreme 15m zone 15m-1787926500-1-d7c62c @ 0.93735; running extreme 15m-1787923800-1-cca0e8 @ 0.93628 across 2 actionable campaign zone(s)
29th August 2026 22:35:12 IST | INFO | 5m cycle @ 29th August 2026 22:35:00 IST | scanned 29/29 symbols in 1.5s (0.05s/symbol)
29th August 2026 22:40:13 IST | INFO | S146 EURCHF: skipped non-extreme 15m zone 15m-1787926500-1-d7c62c @ 0.93735; running extreme 15m-1787923800-1-cca0e8 @ 0.93628 across 2 actionable campaign zone(s)
29th August 2026 22:40:14 IST | INFO | 5m cycle @ 29th August 2026 22:40:00 IST | scanned 29/29 symbols in 1.5s (0.05s/symbol)
29th August 2026 22:45:15 IST | INFO | S146 EURCHF: skipped non-extreme 15m zone 15m-1787926500-1-d7c62c @ 0.93735; running extreme 15m-1787923800-1-cca0e8 @ 0.93628 across 2 actionable campaign zone(s)
29th August 2026 22:45:16 IST | INFO | 5m cycle @ 29th August 2026 22:45:00 IST | scanned 29/29 symbols in 1.6s (0.06s/symbol)
29th August 2026 22:50:16 IST | INFO | S146 EURCHF: skipped non-extreme 15m zone 15m-1787926500-1-d7c62c @ 0.93735; running extreme 15m-1787923800-1-cca0e8 @ 0.93628 across 2 actionable campaign zone(s)
29th August 2026 22:50:17 IST | INFO | 5m cycle @ 29th August 2026 22:50:00 IST | scanned 29/29 symbols in 1.6s (0.06s/symbol)
29th August 2026 22:55:18 IST | INFO | S146 EURCHF: skipped non-extreme 15m zone 15m-1787926500-1-d7c62c @ 0.93735; running extreme 15m-1787923800-1-cca0e8 @ 0.93628 across 2 actionable campaign zone(s)
29th August 2026 22:55:19 IST | INFO | 5m cycle @ 29th August 2026 22:55:00 IST | scanned 29/29 symbols in 1.6s (0.05s/symbol)
29th August 2026 23:00:20 IST | INFO | S146 EURCHF: skipped non-extreme 15m zone 15m-1787926500-1-d7c62c @ 0.93735; running extreme 15m-1787923800-1-cca0e8 @ 0.93628 across 2 actionable campaign zone(s)
29th August 2026 23:00:21 IST | INFO | 5m cycle @ 29th August 2026 23:00:00 IST | scanned 29/29 symbols in 1.7s (0.06s/symbol)
29th August 2026 23:05:21 IST | INFO | S146 EURCHF: skipped non-extreme 15m zone 15m-1787926500-1-d7c62c @ 0.93735; running extreme 15m-1787923800-1-cca0e8 @ 0.93628 across 2 actionable campaign zone(s)
29th August 2026 23:05:22 IST | INFO | 5m cycle @ 29th August 2026 23:05:00 IST | scanned 29/29 symbols in 1.7s (0.06s/symbol)
29th August 2026 23:10:23 IST | INFO | S146 EURCHF: skipped non-extreme 15m zone 15m-1787926500-1-d7c62c @ 0.93735; running extreme 15m-1787923800-1-cca0e8 @ 0.93628 across 2 actionable campaign zone(s)
29th August 2026 23:10:24 IST | INFO | 5m cycle @ 29th August 2026 23:10:00 IST | scanned 29/29 symbols in 1.7s (0.06s/symbol)
29th August 2026 23:15:12 IST | INFO | S146 EURCHF: skipped non-extreme 15m zone 15m-1787926500-1-d7c62c @ 0.93735; running extreme 15m-1787923800-1-cca0e8 @ 0.93628 across 2 actionable campaign zone(s)
29th August 2026 23:15:17 IST | INFO | 5m cycle @ 29th August 2026 23:15:00 IST | scanned 29/29 symbols in 7.5s (0.26s/symbol)
29th August 2026 23:20:17 IST | INFO | S146 EURCHF: skipped non-extreme 15m zone 15m-1787926500-1-d7c62c @ 0.93735; running extreme 15m-1787923800-1-cca0e8 @ 0.93628 across 2 actionable campaign zone(s)
29th August 2026 23:20:19 IST | INFO | 5m cycle @ 29th August 2026 23:20:00 IST | scanned 29/29 symbols in 2.0s (0.07s/symbol)
29th August 2026 23:25:19 IST | INFO | S146 EURCHF: skipped non-extreme 15m zone 15m-1787926500-1-d7c62c @ 0.93735; running extreme 15m-1787923800-1-cca0e8 @ 0.93628 across 2 actionable campaign zone(s)
29th August 2026 23:25:21 IST | INFO | 5m cycle @ 29th August 2026 23:25:00 IST | scanned 29/29 symbols in 2.0s (0.07s/symbol)
29th August 2026 23:30:21 IST | INFO | S146 EURCHF: skipped non-extreme 15m zone 15m-1787926500-1-d7c62c @ 0.93735; running extreme 15m-1787923800-1-cca0e8 @ 0.93628 across 2 actionable campaign zone(s)
29th August 2026 23:30:23 IST | INFO | 5m cycle @ 29th August 2026 23:30:00 IST | scanned 29/29 symbols in 2.0s (0.07s/symbol)
29th August 2026 23:35:08 IST | INFO | S146 EURCHF: skipped non-extreme 15m zone 15m-1787926500-1-d7c62c @ 0.93735; running extreme 15m-1787923800-1-cca0e8 @ 0.93628 across 2 actionable campaign zone(s)
29th August 2026 23:35:10 IST | INFO | 5m cycle @ 29th August 2026 23:35:00 IST | scanned 29/29 symbols in 2.0s (0.07s/symbol)
29th August 2026 23:40:10 IST | INFO | S146 EURCHF: skipped non-extreme 15m zone 15m-1787926500-1-d7c62c @ 0.93735; running extreme 15m-1787923800-1-cca0e8 @ 0.93628 across 2 actionable campaign zone(s)
29th August 2026 23:40:12 IST | INFO | 5m cycle @ 29th August 2026 23:40:00 IST | scanned 29/29 symbols in 2.0s (0.07s/symbol)
29th August 2026 23:45:12 IST | INFO | S146 EURCHF: skipped non-extreme 15m zone 15m-1787926500-1-d7c62c @ 0.93735; running extreme 15m-1787923800-1-cca0e8 @ 0.93628 across 2 actionable campaign zone(s)
29th August 2026 23:45:14 IST | INFO | 5m cycle @ 29th August 2026 23:45:00 IST | scanned 29/29 symbols in 2.0s (0.07s/symbol)
29th August 2026 23:50:15 IST | INFO | S146 EURCHF: skipped non-extreme 15m zone 15m-1787926500-1-d7c62c @ 0.93735; running extreme 15m-1787923800-1-cca0e8 @ 0.93628 across 2 actionable campaign zone(s)
29th August 2026 23:50:16 IST | INFO | 5m cycle @ 29th August 2026 23:50:00 IST | scanned 29/29 symbols in 2.2s (0.08s/symbol)
29th August 2026 23:55:17 IST | INFO | S146 EURCHF: skipped non-extreme 15m zone 15m-1787926500-1-d7c62c @ 0.93735; running extreme 15m-1787923800-1-cca0e8 @ 0.93628 across 2 actionable campaign zone(s)
29th August 2026 23:55:18 IST | INFO | 5m cycle @ 29th August 2026 23:55:00 IST | scanned 29/29 symbols in 1.9s (0.07s/symbol)
30th August 2026 0:00:19 IST | INFO | S146 EURCHF: skipped non-extreme 15m zone 15m-1787926500-1-d7c62c @ 0.93735; running extreme 15m-1787923800-1-cca0e8 @ 0.93628 across 2 actionable campaign zone(s)
30th August 2026 0:00:20 IST | INFO | 5m cycle @ 30th August 2026 0:00:00 IST | scanned 29/29 symbols in 2.1s (0.07s/symbol)
30th August 2026 0:05:21 IST | INFO | S146 EURCHF: skipped non-extreme 15m zone 15m-1787926500-1-d7c62c @ 0.93735; running extreme 15m-1787923800-1-cca0e8 @ 0.93628 across 2 actionable campaign zone(s)
30th August 2026 0:05:22 IST | INFO | 5m cycle @ 30th August 2026 0:05:00 IST | scanned 29/29 symbols in 1.8s (0.06s/symbol)
30th August 2026 0:10:23 IST | INFO | S146 EURCHF: skipped non-extreme 15m zone 15m-1787926500-1-d7c62c @ 0.93735; running extreme 15m-1787923800-1-cca0e8 @ 0.93628 across 2 actionable campaign zone(s)
30th August 2026 0:10:24 IST | INFO | 5m cycle @ 30th August 2026 0:10:00 IST | scanned 29/29 symbols in 1.8s (0.06s/symbol)
30th August 2026 0:15:09 IST | INFO | S146 EURCHF: skipped non-extreme 15m zone 15m-1787926500-1-d7c62c @ 0.93735; running extreme 15m-1787923800-1-cca0e8 @ 0.93628 across 2 actionable campaign zone(s)
30th August 2026 0:15:11 IST | INFO | 5m cycle @ 30th August 2026 0:15:00 IST | scanned 29/29 symbols in 2.2s (0.08s/symbol)
30th August 2026 0:20:12 IST | INFO | S146 EURCHF: skipped non-extreme 15m zone 15m-1787926500-1-d7c62c @ 0.93735; running extreme 15m-1787923800-1-cca0e8 @ 0.93628 across 2 actionable campaign zone(s)
30th August 2026 0:20:13 IST | INFO | 5m cycle @ 30th August 2026 0:20:00 IST | scanned 29/29 symbols in 1.8s (0.06s/symbol)
30th August 2026 0:25:13 IST | INFO | S146 EURCHF: skipped non-extreme 15m zone 15m-1787926500-1-d7c62c @ 0.93735; running extreme 15m-1787923800-1-cca0e8 @ 0.93628 across 2 actionable campaign zone(s)
30th August 2026 0:25:14 IST | INFO | 5m cycle @ 30th August 2026 0:25:00 IST | scanned 29/29 symbols in 1.5s (0.05s/symbol)
30th August 2026 0:30:15 IST | INFO | S146 EURCHF: skipped non-extreme 15m zone 15m-1787926500-1-d7c62c @ 0.93735; running extreme 15m-1787923800-1-cca0e8 @ 0.93628 across 2 actionable campaign zone(s)
30th August 2026 0:30:16 IST | INFO | 5m cycle @ 30th August 2026 0:30:00 IST | scanned 29/29 symbols in 1.4s (0.05s/symbol)
30th August 2026 0:35:17 IST | INFO | S146 EURCHF: skipped non-extreme 15m zone 15m-1787926500-1-d7c62c @ 0.93735; running extreme 15m-1787923800-1-cca0e8 @ 0.93628 across 2 actionable campaign zone(s)
30th August 2026 0:35:18 IST | INFO | 5m cycle @ 30th August 2026 0:35:00 IST | scanned 29/29 symbols in 1.7s (0.06s/symbol)
30th August 2026 0:40:18 IST | INFO | S146 EURCHF: skipped non-extreme 15m zone 15m-1787926500-1-d7c62c @ 0.93735; running extreme 15m-1787923800-1-cca0e8 @ 0.93628 across 2 actionable campaign zone(s)
30th August 2026 0:40:19 IST | INFO | 5m cycle @ 30th August 2026 0:40:00 IST | scanned 29/29 symbols in 1.5s (0.05s/symbol)
30th August 2026 0:45:20 IST | INFO | S146 EURCHF: skipped non-extreme 15m zone 15m-1787926500-1-d7c62c @ 0.93735; running extreme 15m-1787923800-1-cca0e8 @ 0.93628 across 2 actionable campaign zone(s)
30th August 2026 0:45:21 IST | INFO | 5m cycle @ 30th August 2026 0:45:00 IST | scanned 29/29 symbols in 1.4s (0.05s/symbol)
30th August 2026 0:50:21 IST | INFO | S146 EURCHF: skipped non-extreme 15m zone 15m-1787926500-1-d7c62c @ 0.93735; running extreme 15m-1787923800-1-cca0e8 @ 0.93628 across 2 actionable campaign zone(s)
30th August 2026 0:50:22 IST | INFO | 5m cycle @ 30th August 2026 0:50:00 IST | scanned 29/29 symbols in 1.7s (0.06s/symbol)
30th August 2026 0:55:23 IST | INFO | S146 EURCHF: skipped non-extreme 15m zone 15m-1787926500-1-d7c62c @ 0.93735; running extreme 15m-1787923800-1-cca0e8 @ 0.93628 across 2 actionable campaign zone(s)
30th August 2026 0:55:24 IST | INFO | 5m cycle @ 30th August 2026 0:55:00 IST | scanned 29/29 symbols in 1.6s (0.05s/symbol)
30th August 2026 1:00:10 IST | INFO | S146 EURCHF: skipped non-extreme 15m zone 15m-1787926500-1-d7c62c @ 0.93735; running extreme 15m-1787923800-1-cca0e8 @ 0.93628 across 2 actionable campaign zone(s)
30th August 2026 1:00:11 IST | INFO | 5m cycle @ 30th August 2026 1:00:00 IST | scanned 29/29 symbols in 1.5s (0.05s/symbol)
30th August 2026 1:05:11 IST | INFO | S146 EURCHF: skipped non-extreme 15m zone 15m-1787926500-1-d7c62c @ 0.93735; running extreme 15m-1787923800-1-cca0e8 @ 0.93628 across 2 actionable campaign zone(s)
30th August 2026 1:05:12 IST | INFO | 5m cycle @ 30th August 2026 1:05:00 IST | scanned 29/29 symbols in 1.7s (0.06s/symbol)
30th August 2026 1:10:13 IST | INFO | S146 EURCHF: skipped non-extreme 15m zone 15m-1787926500-1-d7c62c @ 0.93735; running extreme 15m-1787923800-1-cca0e8 @ 0.93628 across 2 actionable campaign zone(s)
30th August 2026 1:10:14 IST | INFO | 5m cycle @ 30th August 2026 1:10:00 IST | scanned 29/29 symbols in 1.4s (0.05s/symbol)
30th August 2026 1:15:14 IST | INFO | S146 EURCHF: skipped non-extreme 15m zone 15m-1787926500-1-d7c62c @ 0.93735; running extreme 15m-1787923800-1-cca0e8 @ 0.93628 across 2 actionable campaign zone(s)
30th August 2026 1:15:15 IST | INFO | 5m cycle @ 30th August 2026 1:15:00 IST | scanned 29/29 symbols in 1.5s (0.05s/symbol)
30th August 2026 1:20:16 IST | INFO | S146 EURCHF: skipped non-extreme 15m zone 15m-1787926500-1-d7c62c @ 0.93735; running extreme 15m-1787923800-1-cca0e8 @ 0.93628 across 2 actionable campaign zone(s)
30th August 2026 1:20:17 IST | INFO | 5m cycle @ 30th August 2026 1:20:00 IST | scanned 29/29 symbols in 1.7s (0.06s/symbol)
30th August 2026 1:25:18 IST | INFO | S146 EURCHF: skipped non-extreme 15m zone 15m-1787926500-1-d7c62c @ 0.93735; running extreme 15m-1787923800-1-cca0e8 @ 0.93628 across 2 actionable campaign zone(s)
30th August 2026 1:25:19 IST | INFO | 5m cycle @ 30th August 2026 1:25:00 IST | scanned 29/29 symbols in 1.5s (0.05s/symbol)
30th August 2026 1:30:19 IST | INFO | S146 EURCHF: skipped non-extreme 15m zone 15m-1787926500-1-d7c62c @ 0.93735; running extreme 15m-1787923800-1-cca0e8 @ 0.93628 across 2 actionable campaign zone(s)
30th August 2026 1:30:20 IST | INFO | 5m cycle @ 30th August 2026 1:30:00 IST | scanned 29/29 symbols in 1.6s (0.05s/symbol)
30th August 2026 1:35:21 IST | INFO | S146 EURCHF: skipped non-extreme 15m zone 15m-1787926500-1-d7c62c @ 0.93735; running extreme 15m-1787923800-1-cca0e8 @ 0.93628 across 2 actionable campaign zone(s)
30th August 2026 1:35:22 IST | INFO | 5m cycle @ 30th August 2026 1:35:00 IST | scanned 29/29 symbols in 1.7s (0.06s/symbol)
30th August 2026 1:40:23 IST | INFO | S146 EURCHF: skipped non-extreme 15m zone 15m-1787926500-1-d7c62c @ 0.93735; running extreme 15m-1787923800-1-cca0e8 @ 0.93628 across 2 actionable campaign zone(s)
30th August 2026 1:40:24 IST | INFO | 5m cycle @ 30th August 2026 1:40:00 IST | scanned 29/29 symbols in 1.4s (0.05s/symbol)
30th August 2026 1:45:09 IST | INFO | S146 EURCHF: skipped non-extreme 15m zone 15m-1787926500-1-d7c62c @ 0.93735; running extreme 15m-1787923800-1-cca0e8 @ 0.93628 across 2 actionable campaign zone(s)
30th August 2026 1:45:10 IST | INFO | 5m cycle @ 30th August 2026 1:45:00 IST | scanned 29/29 symbols in 1.5s (0.05s/symbol)
30th August 2026 1:50:11 IST | INFO | S146 EURCHF: skipped non-extreme 15m zone 15m-1787926500-1-d7c62c @ 0.93735; running extreme 15m-1787923800-1-cca0e8 @ 0.93628 across 2 actionable campaign zone(s)
30th August 2026 1:50:12 IST | INFO | 5m cycle @ 30th August 2026 1:50:00 IST | scanned 29/29 symbols in 1.6s (0.06s/symbol)
30th August 2026 1:55:12 IST | INFO | S146 EURCHF: skipped non-extreme 15m zone 15m-1787926500-1-d7c62c @ 0.93735; running extreme 15m-1787923800-1-cca0e8 @ 0.93628 across 2 actionable campaign zone(s)
30th August 2026 1:55:13 IST | INFO | 5m cycle @ 30th August 2026 1:55:00 IST | scanned 29/29 symbols in 1.5s (0.05s/symbol)
30th August 2026 2:00:14 IST | INFO | S146 EURCHF: skipped non-extreme 15m zone 15m-1787926500-1-d7c62c @ 0.93735; running extreme 15m-1787923800-1-cca0e8 @ 0.93628 across 2 actionable campaign zone(s)
30th August 2026 2:00:15 IST | INFO | 5m cycle @ 30th August 2026 2:00:00 IST | scanned 29/29 symbols in 1.6s (0.05s/symbol)
30th August 2026 2:05:16 IST | INFO | S146 EURCHF: skipped non-extreme 15m zone 15m-1787926500-1-d7c62c @ 0.93735; running extreme 15m-1787923800-1-cca0e8 @ 0.93628 across 2 actionable campaign zone(s)
30th August 2026 2:05:17 IST | INFO | 5m cycle @ 30th August 2026 2:05:00 IST | scanned 29/29 symbols in 1.6s (0.06s/symbol)
30th August 2026 2:10:17 IST | INFO | S146 EURCHF: skipped non-extreme 15m zone 15m-1787926500-1-d7c62c @ 0.93735; running extreme 15m-1787923800-1-cca0e8 @ 0.93628 across 2 actionable campaign zone(s)
30th August 2026 2:10:18 IST | INFO | 5m cycle @ 30th August 2026 2:10:00 IST | scanned 29/29 symbols in 1.6s (0.05s/symbol)
30th August 2026 2:15:19 IST | INFO | S146 EURCHF: skipped non-extreme 15m zone 15m-1787926500-1-d7c62c @ 0.93735; running extreme 15m-1787923800-1-cca0e8 @ 0.93628 across 2 actionable campaign zone(s)
30th August 2026 2:15:20 IST | INFO | 5m cycle @ 30th August 2026 2:15:00 IST | scanned 29/29 symbols in 1.9s (0.06s/symbol)
30th August 2026 2:20:21 IST | INFO | S146 EURCHF: skipped non-extreme 15m zone 15m-1787926500-1-d7c62c @ 0.93735; running extreme 15m-1787923800-1-cca0e8 @ 0.93628 across 2 actionable campaign zone(s)
30th August 2026 2:20:23 IST | INFO | 5m cycle @ 30th August 2026 2:20:00 IST | scanned 29/29 symbols in 2.3s (0.08s/symbol)
30th August 2026 2:25:08 IST | INFO | S146 EURCHF: skipped non-extreme 15m zone 15m-1787926500-1-d7c62c @ 0.93735; running extreme 15m-1787923800-1-cca0e8 @ 0.93628 across 2 actionable campaign zone(s)
30th August 2026 2:25:10 IST | INFO | 5m cycle @ 30th August 2026 2:25:00 IST | scanned 29/29 symbols in 2.2s (0.08s/symbol)
30th August 2026 2:25:36 IST | INFO | Stopped by user.
1st September 2026 14:42:39 IST | INFO | === liveTrade config / connectivity check ===
1st September 2026 14:42:39 IST | INFO | Strategy          : s146
1st September 2026 14:42:39 IST | INFO | Symbols           : ['EURUSD', 'GBPUSD', 'USDJPY', 'USDCHF', 'AUDUSD', 'NZDUSD', 'USDCAD', 'EURGBP', 'EURJPY', 'EURCHF', 'EURAUD', 'EURCAD', 'EURNZD', 'GBPJPY', 'GBPCHF', 'GBPAUD', 'GBPCAD', 'GBPNZD', 'AUDJPY', 'AUDNZD', 'AUDCAD', 'AUDCHF', 'NZDJPY', 'NZDCAD', 'NZDCHF', 'CADJPY', 'CADCHF', 'CHFJPY', 'XAUUSD']
1st September 2026 14:42:39 IST | INFO | DRY_RUN           : False
1st September 2026 14:42:39 IST | INFO | Lot sizing        : margin Rs 1000  | leverage 1:2000  | max_lot 50.0
1st September 2026 14:42:39 IST | INFO | Guards            : one_per_pair=True max_concurrent=8 max_daily_loss=Rs10000
1st September 2026 14:42:39 IST | INFO | Email configured  : True
1st September 2026 14:42:42 IST | INFO | MT5 connected | Exness-MT5Trial15 | DEMO | balance=20561.72 INR | leverage 1:2000
1st September 2026 14:42:42 IST | INFO | S146 params       : MIN_RR=1.5 MAX_RR=20.0 entry_mode=market hold=864 bars running_extreme_15m=True destination_quality_gate=False legacy_require_new_15m=True demo_only=True
1st September 2026 14:42:42 IST | INFO | S146 account mode : DEMO
1st September 2026 14:42:42 IST | INFO | S146 journals     : logs/s146_4h_events.log, logs/s146_15m_events.log, logs/s146_5m_events.log, logs/s146_trades.log
1st September 2026 14:42:42 IST | WARNING | EURUSD: margin sizing unavailable — order_calc_margin returned 0.0; side=long price=1.15821000 broker_symbol=EURUSDm tick=(1.15965,1.15973) trade_mode=4 volume=(0.01,0.01,200.0) mt5=(1, 'Success')
1st September 2026 14:42:42 IST | INFO |   EURUSD   -> EURUSDm      last_closed_5m=2026-08-28 20:55:00+00:00 lots=0.0
1st September 2026 14:42:42 IST | INFO |   GBPUSD   -> GBPUSDm      last_closed_5m=2026-08-28 20:55:00+00:00 lots=0.14
1st September 2026 14:42:42 IST | WARNING | No rates for USDJPY 5m: (-1, 'Terminal: Call failed')
1st September 2026 14:42:42 IST | INFO |   USDJPY   -> USDJPYm      last_closed_5m=— lots=0
1st September 2026 14:42:43 IST | INFO |   USDCHF   -> USDCHFm      last_closed_5m=2026-08-28 20:55:00+00:00 lots=0.18
1st September 2026 14:42:43 IST | INFO |   AUDUSD   -> AUDUSDm      last_closed_5m=2026-08-28 20:55:00+00:00 lots=0.26
1st September 2026 14:42:43 IST | INFO |   NZDUSD   -> NZDUSDm      last_closed_5m=2026-08-28 20:55:00+00:00 lots=0.32
1st September 2026 14:42:43 IST | INFO |   USDCAD   -> USDCADm      last_closed_5m=2026-08-28 20:55:00+00:00 lots=0.18
1st September 2026 14:42:43 IST | INFO |   EURGBP   -> EURGBPm      last_closed_5m=2026-08-28 20:55:00+00:00 lots=0.16
1st September 2026 14:42:43 IST | INFO |   EURJPY   -> EURJPYm      last_closed_5m=2026-08-28 20:55:00+00:00 lots=0.16
1st September 2026 14:42:43 IST | INFO |   EURCHF   -> EURCHFm      last_closed_5m=2026-08-28 20:55:00+00:00 lots=0.16
1st September 2026 14:42:43 IST | INFO |   EURAUD   -> EURAUDm      last_closed_5m=2026-08-28 20:55:00+00:00 lots=0.16
1st September 2026 14:42:43 IST | INFO |   EURCAD   -> EURCADm      last_closed_5m=2026-08-28 20:55:00+00:00 lots=0.16
1st September 2026 14:42:43 IST | INFO |   EURNZD   -> EURNZDm      last_closed_5m=2026-08-28 20:55:00+00:00 lots=0.16
1st September 2026 14:42:44 IST | INFO |   GBPJPY   -> GBPJPYm      last_closed_5m=2026-08-28 20:55:00+00:00 lots=0.14
1st September 2026 14:42:44 IST | INFO |   GBPCHF   -> GBPCHFm      last_closed_5m=2026-08-28 20:55:00+00:00 lots=0.14
1st September 2026 14:42:44 IST | INFO |   GBPAUD   -> GBPAUDm      last_closed_5m=2026-08-28 20:55:00+00:00 lots=0.14
1st September 2026 14:42:44 IST | INFO |   GBPCAD   -> GBPCADm      last_closed_5m=2026-08-28 20:55:00+00:00 lots=0.14
1st September 2026 14:42:44 IST | INFO |   GBPNZD   -> GBPNZDm      last_closed_5m=2026-08-28 20:55:00+00:00 lots=0.14
1st September 2026 14:42:44 IST | INFO |   AUDJPY   -> AUDJPYm      last_closed_5m=2026-08-28 20:55:00+00:00 lots=0.26
1st September 2026 14:42:44 IST | INFO |   AUDNZD   -> AUDNZDm      last_closed_5m=2026-08-28 20:55:00+00:00 lots=0.26
1st September 2026 14:42:44 IST | INFO |   AUDCAD   -> AUDCADm      last_closed_5m=2026-08-28 20:55:00+00:00 lots=0.26
1st September 2026 14:42:44 IST | INFO |   AUDCHF   -> AUDCHFm      last_closed_5m=2026-08-28 20:55:00+00:00 lots=0.26
1st September 2026 14:42:44 IST | INFO |   NZDJPY   -> NZDJPYm      last_closed_5m=2026-08-28 20:55:00+00:00 lots=0.32
1st September 2026 14:42:44 IST | INFO |   NZDCAD   -> NZDCADm      last_closed_5m=2026-08-28 20:55:00+00:00 lots=0.32
1st September 2026 14:42:45 IST | INFO |   NZDCHF   -> NZDCHFm      last_closed_5m=2026-08-28 20:55:00+00:00 lots=0.32
1st September 2026 14:42:45 IST | INFO |   CADJPY   -> CADJPYm      last_closed_5m=2026-08-28 20:55:00+00:00 lots=0.26
1st September 2026 14:42:45 IST | INFO |   CADCHF   -> CADCHFm      last_closed_5m=2026-08-28 20:55:00+00:00 lots=0.26
1st September 2026 14:42:45 IST | INFO |   CHFJPY   -> CHFJPYm      last_closed_5m=2026-08-28 20:55:00+00:00 lots=0.15
1st September 2026 14:42:45 IST | INFO |   XAUUSD   -> XAUUSDm      last_closed_5m=2026-08-28 20:55:00+00:00 lots=0.04
1st September 2026 14:42:45 IST | INFO | Check complete.
1st September 2026 15:11:59 IST | INFO | MT5 connected | Exness-MT5Trial15 | DEMO | balance=20561.72 INR | leverage 1:2000
1st September 2026 15:11:59 IST | INFO | liveTrade s146 started | Strategy 146 live engine started | ---------------------------------------- | Account   : 474381718 DEMO INR bal=20561.72 | Symbols   : EURUSD, GBPUSD, USDJPY, USDCHF, AUDUSD, NZDUSD, USDCAD, EURGBP, EURJPY, EURCHF, EURAUD, EURCAD, EURNZD, GBPJPY, GBPCHF, GBPAUD, GBPCAD, GBPNZD, AUDJPY, AUDNZD, AUDCAD, AUDCHF, NZDJPY, NZDCAD, NZDCHF, CADJPY, CADCHF, CHFJPY, XAUUSD | DRY_RUN   : False | Demo only : True (orders blocked: False) | Sizing    : margin Rs1000 @ 1:2000 | free-margin budget 80% | max_concurrent=8 | Exposure  : same destination <= 1 | currency leg <= 3 | Cost gate : skip when spread > 30% of risk | short stop spread pad 0.0x | Entry mode: market (SL/TP attached: True) | Risk guard : DISABLED for s146 (loss_at_sl is informational only) | Stop      : liquidity pool outside 15m zone when available, else distal edge + 0.5 bps buffer | Exit ladder: True | partial 50% at 1.25R | trail step/giveback 0.5R/0.5R | broker TP = 4H destination | Target    : 1.25R partial milestone (4H destination is the broker-side ceiling) | R:R band  : 1.5 - 20.0 (measured to the 4H destination) | Hold limit: 864 5m bars | 15m select: running extreme since 4H confirmation=True (highest supply for short / lowest demand for long) | Legacy new-15m fallback: True (engine start 1st September 2026 15:11:59 IST) | Journals  : {'4h': 'D:\\WorkZera\\Projects\\strategies\\yt_learning\\liveTrade\\logs\\s146_4h_events.log', '15m': 'D:\\WorkZera\\Projects\\strategies\\yt_learning\\liveTrade\\logs\\s146_15m_events.log', '5m': 'D:\\WorkZera\\Projects\\strategies\\yt_learning\\liveTrade\\logs\\s146_5m_events.log', 'trade': 'D:\\WorkZera\\Projects\\strategies\\yt_learning\\liveTrade\\logs\\s146_trades.log'} | 
1st September 2026 15:12:04 IST | INFO | Email sent: Strategy146 liveTrade STARTED
1st September 2026 15:12:10 IST | INFO | 5m cycle @ 1st September 2026 15:10:00 IST | scanned 29/29 symbols in 6.8s (0.23s/symbol)
1st September 2026 15:15:13 IST | INFO | 5m cycle @ 1st September 2026 15:15:00 IST | scanned 29/29 symbols in 2.2s (0.08s/symbol)
1st September 2026 15:20:14 IST | INFO | 5m cycle @ 1st September 2026 15:20:00 IST | scanned 29/29 symbols in 1.5s (0.05s/symbol)
1st September 2026 15:25:16 IST | INFO | 5m cycle @ 1st September 2026 15:25:00 IST | scanned 29/29 symbols in 1.6s (0.06s/symbol)
1st September 2026 15:30:18 IST | INFO | 5m cycle @ 1st September 2026 15:30:00 IST | scanned 29/29 symbols in 2.3s (0.08s/symbol)
1st September 2026 15:35:20 IST | INFO | 5m cycle @ 1st September 2026 15:35:00 IST | scanned 29/29 symbols in 1.7s (0.06s/symbol)
1st September 2026 15:40:21 IST | INFO | 5m cycle @ 1st September 2026 15:40:00 IST | scanned 29/29 symbols in 1.7s (0.06s/symbol)
1st September 2026 15:45:23 IST | INFO | 5m cycle @ 1st September 2026 15:45:00 IST | scanned 29/29 symbols in 1.8s (0.06s/symbol)
1st September 2026 15:50:10 IST | INFO | 5m cycle @ 1st September 2026 15:50:00 IST | scanned 29/29 symbols in 1.5s (0.05s/symbol)
1st September 2026 15:55:11 IST | INFO | 5m cycle @ 1st September 2026 15:55:00 IST | scanned 29/29 symbols in 1.6s (0.05s/symbol)
1st September 2026 16:00:13 IST | INFO | 5m cycle @ 1st September 2026 16:00:00 IST | scanned 29/29 symbols in 1.8s (0.06s/symbol)
1st September 2026 16:05:15 IST | INFO | 5m cycle @ 1st September 2026 16:05:00 IST | scanned 29/29 symbols in 1.6s (0.05s/symbol)
1st September 2026 16:10:16 IST | INFO | 5m cycle @ 1st September 2026 16:10:00 IST | scanned 29/29 symbols in 1.6s (0.05s/symbol)
1st September 2026 16:15:18 IST | INFO | 5m cycle @ 1st September 2026 16:15:00 IST | scanned 29/29 symbols in 1.8s (0.06s/symbol)
1st September 2026 16:20:18 IST | INFO | S146 SIGNAL GBPUSD LONG aggressive_liquidation | trigger=1.35379 stop=1.35277 target=1.35506 (1.25R) | stop_basis=15m_zone_distal_plus_buffer liq_pool=False | 15m_extreme=True campaign_zones=1 | 4H dest=1.35883 (4.97R)
1st September 2026 16:20:18 IST | WARNING | S146 GBPUSD: skipped by pre-order destination-quality gate — destination_origin_lag_h4_bars | requested_risk=0.001015 spread=0.000100
1st September 2026 16:20:20 IST | INFO | 5m cycle @ 1st September 2026 16:20:00 IST | scanned 29/29 symbols in 1.6s (0.05s/symbol)
1st September 2026 16:25:21 IST | INFO | 5m cycle @ 1st September 2026 16:25:00 IST | scanned 29/29 symbols in 1.6s (0.05s/symbol)
1st September 2026 16:30:23 IST | INFO | 5m cycle @ 1st September 2026 16:30:00 IST | scanned 29/29 symbols in 1.8s (0.06s/symbol)
1st September 2026 16:35:09 IST | INFO | S146 EURCHF: skipped non-extreme 15m zone 15m-1788253200--1-072602 @ 0.93905; running extreme 15m-1788234300--1-454940 @ 0.93968 across 2 actionable campaign zone(s)
1st September 2026 16:35:10 IST | INFO | 5m cycle @ 1st September 2026 16:35:00 IST | scanned 29/29 symbols in 1.6s (0.05s/symbol)
1st September 2026 16:40:11 IST | INFO | 5m cycle @ 1st September 2026 16:40:00 IST | scanned 29/29 symbols in 1.5s (0.05s/symbol)
1st September 2026 16:45:13 IST | INFO | 5m cycle @ 1st September 2026 16:45:00 IST | scanned 29/29 symbols in 1.8s (0.06s/symbol)
1st September 2026 16:50:15 IST | INFO | 5m cycle @ 1st September 2026 16:50:00 IST | scanned 29/29 symbols in 1.5s (0.05s/symbol)
1st September 2026 16:55:16 IST | INFO | 5m cycle @ 1st September 2026 16:55:00 IST | scanned 29/29 symbols in 1.5s (0.05s/symbol)
1st September 2026 17:00:18 IST | INFO | 5m cycle @ 1st September 2026 17:00:00 IST | scanned 29/29 symbols in 1.9s (0.06s/symbol)
1st September 2026 17:05:20 IST | INFO | 5m cycle @ 1st September 2026 17:05:00 IST | scanned 29/29 symbols in 1.5s (0.05s/symbol)
1st September 2026 17:10:21 IST | INFO | 5m cycle @ 1st September 2026 17:10:00 IST | scanned 29/29 symbols in 1.6s (0.05s/symbol)
1st September 2026 17:15:23 IST | INFO | 5m cycle @ 1st September 2026 17:15:00 IST | scanned 29/29 symbols in 1.8s (0.06s/symbol)
1st September 2026 17:20:09 IST | INFO | S146 EURJPY: skipped non-extreme 15m zone 15m-1788257700-1-d49f60 @ 185.52100; running extreme 15m-1788176700-1-5e049b @ 185.21200 across 3 actionable campaign zone(s)
1st September 2026 17:20:10 IST | INFO | 5m cycle @ 1st September 2026 17:20:00 IST | scanned 29/29 symbols in 1.5s (0.05s/symbol)
1st September 2026 17:25:11 IST | INFO | 5m cycle @ 1st September 2026 17:25:00 IST | scanned 29/29 symbols in 1.5s (0.05s/symbol)
1st September 2026 17:30:13 IST | INFO | 5m cycle @ 1st September 2026 17:30:00 IST | scanned 29/29 symbols in 2.1s (0.07s/symbol)
1st September 2026 17:35:14 IST | INFO | S146 EURCHF: skipped non-extreme 15m zone 15m-1788259500--1-fe10b8 @ 0.93896; running extreme 15m-1788234300--1-454940 @ 0.93968 across 2 actionable campaign zone(s)
1st September 2026 17:35:16 IST | INFO | 5m cycle @ 1st September 2026 17:35:00 IST | scanned 29/29 symbols in 2.2s (0.08s/symbol)
1st September 2026 17:40:17 IST | INFO | 5m cycle @ 1st September 2026 17:40:00 IST | scanned 29/29 symbols in 1.7s (0.06s/symbol)
1st September 2026 17:45:19 IST | INFO | 5m cycle @ 1st September 2026 17:45:00 IST | scanned 29/29 symbols in 1.9s (0.06s/symbol)
1st September 2026 17:50:20 IST | INFO | S146 SIGNAL GBPCHF SHORT aggressive_liquidation | trigger=1.09630 stop=1.09688 target=1.09556 (1.25R) | stop_basis=liquidity_pool_plus_buffer liq_pool=True | 15m_extreme=True campaign_zones=1 | 4H dest=1.09306 (5.49R)
1st September 2026 17:50:20 IST | WARNING | S146 GBPCHF: skipped by pre-order destination-quality gate — spread_pct_of_requested_risk, destination_width_r | requested_risk=0.000590 spread=0.000150
1st September 2026 17:50:21 IST | INFO | 5m cycle @ 1st September 2026 17:50:00 IST | scanned 29/29 symbols in 1.6s (0.06s/symbol)
1st September 2026 17:55:22 IST | INFO | 5m cycle @ 1st September 2026 17:55:00 IST | scanned 29/29 symbols in 1.6s (0.05s/symbol)
1st September 2026 18:00:23 IST | INFO | S146 EURCAD: skipped non-extreme 15m zone 15m-1788263100-1-259411 @ 1.60926; running extreme 15m-1788258600-1-fbc51f @ 1.60803 across 2 actionable campaign zone(s)
1st September 2026 18:00:24 IST | INFO | 5m cycle @ 1st September 2026 18:00:00 IST | scanned 29/29 symbols in 1.9s (0.06s/symbol)
1st September 2026 18:05:11 IST | INFO | 5m cycle @ 1st September 2026 18:05:00 IST | scanned 29/29 symbols in 1.5s (0.05s/symbol)
1st September 2026 18:10:12 IST | INFO | 5m cycle @ 1st September 2026 18:10:00 IST | scanned 29/29 symbols in 1.6s (0.05s/symbol)
1st September 2026 18:15:14 IST | INFO | 5m cycle @ 1st September 2026 18:15:00 IST | scanned 29/29 symbols in 1.9s (0.07s/symbol)
1st September 2026 18:20:16 IST | INFO | S146 SIGNAL CADJPY SHORT aggressive_liquidation | trigger=115.26923 stop=115.42577 target=115.07356 (1.25R) | stop_basis=liquidity_pool_plus_buffer liq_pool=True | 15m_extreme=True campaign_zones=2 | 4H dest=114.78200 (3.11R)
1st September 2026 18:20:20 IST | INFO | Email sent: S146 SHORT CADJPY @ 115.26923 (1.25R target)
1st September 2026 18:20:20 IST | INFO | CADJPY: market order placed #2279675346 0.27 lots @ 115.33800 | sl/tp attached=True
1st September 2026 18:20:20 IST | INFO | 5m cycle @ 1st September 2026 18:20:00 IST | scanned 29/29 symbols in 6.0s (0.21s/symbol)
1st September 2026 18:25:22 IST | INFO | 5m cycle @ 1st September 2026 18:25:00 IST | scanned 29/29 symbols in 1.6s (0.05s/symbol)
1st September 2026 18:30:24 IST | INFO | 5m cycle @ 1st September 2026 18:30:00 IST | scanned 29/29 symbols in 1.8s (0.06s/symbol)
1st September 2026 18:35:10 IST | INFO | S146 GBPAUD: skipped non-extreme 15m zone 15m-1788249600-1-8a3965 @ 1.89182; running extreme 15m-1788243300-1-bccb39 @ 1.88915 across 4 actionable campaign zone(s)
1st September 2026 18:35:10 IST | INFO | 5m cycle @ 1st September 2026 18:35:00 IST | scanned 29/29 symbols in 1.5s (0.05s/symbol)
1st September 2026 18:40:12 IST | INFO | 5m cycle @ 1st September 2026 18:40:00 IST | scanned 29/29 symbols in 1.5s (0.05s/symbol)
1st September 2026 18:45:13 IST | INFO | S146 SIGNAL GBPCHF SHORT aggressive_liquidation | trigger=1.09609 stop=1.09671 target=1.09530 (1.25R) | stop_basis=liquidity_pool_plus_buffer liq_pool=True | 15m_extreme=True campaign_zones=1 | 4H dest=1.09306 (4.8R)
1st September 2026 18:45:13 IST | WARNING | S146 GBPCHF: skipped by pre-order destination-quality gate — spread_pct_of_requested_risk, destination_width_r | requested_risk=0.000630 spread=0.000150
1st September 2026 18:45:14 IST | INFO | 5m cycle @ 1st September 2026 18:45:00 IST | scanned 29/29 symbols in 1.8s (0.06s/symbol)
1st September 2026 18:50:16 IST | INFO | 5m cycle @ 1st September 2026 18:50:00 IST | scanned 29/29 symbols in 1.6s (0.06s/symbol)
1st September 2026 18:55:17 IST | INFO | 5m cycle @ 1st September 2026 18:55:00 IST | scanned 29/29 symbols in 1.5s (0.05s/symbol)
1st September 2026 19:00:19 IST | INFO | 5m cycle @ 1st September 2026 19:00:00 IST | scanned 29/29 symbols in 1.8s (0.06s/symbol)
1st September 2026 19:00:35 IST | INFO | s146 #2279675346 partial 0.13/0.27 lots at 1.26R ok=True
1st September 2026 19:00:35 IST | INFO | s146 #2279675346 ladder sl -> 115.33800 (+0.00R at peak 1.26R) ok=True
1st September 2026 19:05:20 IST | INFO | S146 NZDUSD: skipped non-extreme 15m zone 15m-1788267600-1-ec078d @ 0.59017; running extreme 15m-1788264000-1-126361 @ 0.58935 across 2 actionable campaign zone(s)
1st September 2026 19:05:20 IST | INFO | S146 EURJPY: skipped non-extreme 15m zone 15m-1788262200-1-51357b @ 185.58300; running extreme 15m-1788176700-1-5e049b @ 185.21200 across 3 actionable campaign zone(s)
1st September 2026 19:05:21 IST | INFO | 5m cycle @ 1st September 2026 19:05:00 IST | scanned 29/29 symbols in 1.6s (0.05s/symbol)
1st September 2026 19:10:22 IST | INFO | S146 AUDUSD: skipped non-extreme 15m zone 15m-1788267600-1-6c817a @ 0.71530; running extreme 15m-1788264000-1-244538 @ 0.71445 across 2 actionable campaign zone(s)
1st September 2026 19:10:23 IST | INFO | 5m cycle @ 1st September 2026 19:10:00 IST | scanned 29/29 symbols in 1.5s (0.05s/symbol)
1st September 2026 19:10:38 IST | INFO | s146 #2279675346 ladder sl -> 115.25000 (+1.00R at peak 1.50R) ok=True
1st September 2026 19:15:10 IST | INFO | 5m cycle @ 1st September 2026 19:15:00 IST | scanned 29/29 symbols in 1.9s (0.06s/symbol)
1st September 2026 19:20:12 IST | INFO | 5m cycle @ 1st September 2026 19:20:00 IST | scanned 29/29 symbols in 1.7s (0.06s/symbol)
1st September 2026 19:25:13 IST | INFO | 5m cycle @ 1st September 2026 19:25:00 IST | scanned 29/29 symbols in 1.6s (0.05s/symbol)
1st September 2026 19:30:15 IST | INFO | S146 CADCHF: skipped non-extreme 15m zone 15m-1788267600--1-71b5e6 @ 0.58338; running extreme 15m-1788258600--1-1a4307 @ 0.58386 across 2 actionable campaign zone(s)
1st September 2026 19:30:15 IST | INFO | 5m cycle @ 1st September 2026 19:30:00 IST | scanned 29/29 symbols in 1.9s (0.07s/symbol)
1st September 2026 19:35:17 IST | INFO | 5m cycle @ 1st September 2026 19:35:00 IST | scanned 29/29 symbols in 1.6s (0.06s/symbol)
1st September 2026 19:40:18 IST | INFO | 5m cycle @ 1st September 2026 19:40:00 IST | scanned 29/29 symbols in 1.6s (0.05s/symbol)
1st September 2026 19:45:20 IST | INFO | 5m cycle @ 1st September 2026 19:45:00 IST | scanned 29/29 symbols in 1.9s (0.07s/symbol)
1st September 2026 19:50:22 IST | INFO | 5m cycle @ 1st September 2026 19:50:00 IST | scanned 29/29 symbols in 1.5s (0.05s/symbol)
1st September 2026 19:55:23 IST | INFO | S146 SIGNAL CADJPY SHORT conservative_mss | trigger=115.13224 stop=115.33177 target=114.88284 (1.25R) | stop_basis=liquidity_pool_plus_buffer liq_pool=True | 15m_extreme=True campaign_zones=2 | 4H dest=114.78200 (1.76R)
1st September 2026 19:55:29 IST | INFO | Email sent: S146 SHORT CADJPY @ 115.13224 (1.25R target)
1st September 2026 19:55:30 IST | INFO | CADJPY: market order placed #2281098518 0.27 lots @ 115.14200 | sl/tp attached=True
1st September 2026 19:55:30 IST | INFO | 5m cycle @ 1st September 2026 19:55:00 IST | scanned 29/29 symbols in 7.8s (0.27s/symbol)
1st September 2026 20:00:17 IST | INFO | 5m cycle @ 1st September 2026 20:00:00 IST | scanned 29/29 symbols in 1.8s (0.06s/symbol)
1st September 2026 20:05:18 IST | INFO | S146 AUDNZD: skipped non-extreme 15m zone 15m-1788268500--1-d3d413 @ 1.21140; running extreme 15m-1788244200--1-688766 @ 1.21278 across 3 actionable campaign zone(s)
1st September 2026 20:05:19 IST | INFO | 5m cycle @ 1st September 2026 20:05:00 IST | scanned 29/29 symbols in 1.5s (0.05s/symbol)
1st September 2026 20:10:20 IST | INFO | 5m cycle @ 1st September 2026 20:10:00 IST | scanned 29/29 symbols in 1.5s (0.05s/symbol)
1st September 2026 20:15:22 IST | INFO | 5m cycle @ 1st September 2026 20:15:00 IST | scanned 29/29 symbols in 1.7s (0.06s/symbol)
1st September 2026 20:20:23 IST | INFO | 5m cycle @ 1st September 2026 20:20:00 IST | scanned 29/29 symbols in 1.5s (0.05s/symbol)
1st September 2026 20:25:10 IST | INFO | 5m cycle @ 1st September 2026 20:25:00 IST | scanned 29/29 symbols in 1.5s (0.05s/symbol)
1st September 2026 20:30:11 IST | INFO | S146 GBPCAD: skipped non-extreme 15m zone 15m-1788270300-1-ad9941 @ 1.88109; running extreme 15m-1788265800-1-20809a @ 1.87830 across 2 actionable campaign zone(s)
1st September 2026 20:30:12 IST | INFO | 5m cycle @ 1st September 2026 20:30:00 IST | scanned 29/29 symbols in 1.8s (0.06s/symbol)
1st September 2026 20:35:13 IST | INFO | 5m cycle @ 1st September 2026 20:35:00 IST | scanned 29/29 symbols in 1.5s (0.05s/symbol)
1st September 2026 20:40:15 IST | INFO | 5m cycle @ 1st September 2026 20:40:00 IST | scanned 29/29 symbols in 1.5s (0.05s/symbol)
1st September 2026 20:45:17 IST | INFO | 5m cycle @ 1st September 2026 20:45:00 IST | scanned 29/29 symbols in 1.7s (0.06s/symbol)
1st September 2026 20:50:18 IST | INFO | 5m cycle @ 1st September 2026 20:50:00 IST | scanned 29/29 symbols in 1.6s (0.05s/symbol)
1st September 2026 20:55:20 IST | INFO | 5m cycle @ 1st September 2026 20:55:00 IST | scanned 29/29 symbols in 1.5s (0.05s/symbol)
1st September 2026 21:00:20 IST | INFO | S146 EURUSD: skipped non-extreme 15m zone 15m-1788267600-1-236bfa @ 1.15929; running extreme 15m-1788126300-1-03527d @ 1.15788 across 2 actionable campaign zone(s)
1st September 2026 21:00:20 IST | INFO | S146 SIGNAL GBPUSD LONG aggressive_liquidation | trigger=1.35295 stop=1.35236 target=1.35368 (1.25R) | stop_basis=swept_wick_plus_buffer liq_pool=False | 15m_extreme=True campaign_zones=1 | 4H dest=1.35883 (10.05R)
1st September 2026 21:00:20 IST | WARNING | S146 GBPUSD: skipped by pre-order destination-quality gate — spread_pct_of_requested_risk, destination_width_r, destination_origin_lag_h4_bars | requested_risk=0.000585 spread=0.000100
1st September 2026 21:00:21 IST | INFO | S146 EURCAD: skipped non-extreme 15m zone 15m-1788273000-1-6b57a6 @ 1.61182; running extreme 15m-1788258600-1-fbc51f @ 1.60803 across 4 actionable campaign zone(s)
1st September 2026 21:00:22 IST | INFO | 5m cycle @ 1st September 2026 21:00:00 IST | scanned 29/29 symbols in 1.9s (0.06s/symbol)
1st September 2026 21:05:23 IST | INFO | 5m cycle @ 1st September 2026 21:05:00 IST | scanned 29/29 symbols in 1.5s (0.05s/symbol)
1st September 2026 21:10:10 IST | INFO | 5m cycle @ 1st September 2026 21:10:00 IST | scanned 29/29 symbols in 1.5s (0.05s/symbol)
1st September 2026 21:15:11 IST | INFO | S146 AUDCAD: skipped non-extreme 15m zone 15m-1788274800-1-4f6216 @ 0.99460; running extreme 15m-1788258600-1-34e927 @ 0.99112 across 3 actionable campaign zone(s)
1st September 2026 21:15:12 IST | INFO | 5m cycle @ 1st September 2026 21:15:00 IST | scanned 29/29 symbols in 1.8s (0.06s/symbol)
1st September 2026 21:20:13 IST | INFO | 5m cycle @ 1st September 2026 21:20:00 IST | scanned 29/29 symbols in 1.5s (0.05s/symbol)
1st September 2026 21:25:14 IST | INFO | S146 EURCAD: skipped non-extreme 15m zone 15m-1788270300-1-6e390b @ 1.61110; running extreme 15m-1788258600-1-fbc51f @ 1.60803 across 3 actionable campaign zone(s)
1st September 2026 21:25:15 IST | INFO | 5m cycle @ 1st September 2026 21:25:00 IST | scanned 29/29 symbols in 1.5s (0.05s/symbol)
1st September 2026 21:30:17 IST | INFO | 5m cycle @ 1st September 2026 21:30:00 IST | scanned 29/29 symbols in 1.9s (0.06s/symbol)
1st September 2026 21:35:18 IST | INFO | 5m cycle @ 1st September 2026 21:35:00 IST | scanned 29/29 symbols in 1.6s (0.05s/symbol)
1st September 2026 21:40:20 IST | INFO | 5m cycle @ 1st September 2026 21:40:00 IST | scanned 29/29 symbols in 1.5s (0.05s/symbol)
1st September 2026 21:45:22 IST | INFO | 5m cycle @ 1st September 2026 21:45:00 IST | scanned 29/29 symbols in 1.8s (0.06s/symbol)
1st September 2026 21:50:23 IST | INFO | 5m cycle @ 1st September 2026 21:50:00 IST | scanned 29/29 symbols in 1.5s (0.05s/symbol)
1st September 2026 21:55:10 IST | INFO | 5m cycle @ 1st September 2026 21:55:00 IST | scanned 29/29 symbols in 1.5s (0.05s/symbol)
1st September 2026 22:00:12 IST | INFO | 5m cycle @ 1st September 2026 22:00:00 IST | scanned 29/29 symbols in 1.8s (0.06s/symbol)
1st September 2026 22:05:13 IST | INFO | 5m cycle @ 1st September 2026 22:05:00 IST | scanned 29/29 symbols in 1.6s (0.05s/symbol)
1st September 2026 22:10:14 IST | INFO | S146 SIGNAL NZDUSD LONG aggressive_liquidation | trigger=0.58944 stop=0.58894 target=0.59006 (1.25R) | stop_basis=liquidity_pool_plus_buffer liq_pool=True | 15m_extreme=True campaign_zones=1 | 4H dest=0.59158 (4.29R)
1st September 2026 22:10:14 IST | WARNING | S146 NZDUSD: skipped by pre-order destination-quality gate — spread_pct_of_requested_risk, destination_width_r | requested_risk=0.000499 spread=0.000140
1st September 2026 22:10:15 IST | INFO | 5m cycle @ 1st September 2026 22:10:00 IST | scanned 29/29 symbols in 1.5s (0.05s/symbol)
1st September 2026 22:15:17 IST | INFO | 5m cycle @ 1st September 2026 22:15:00 IST | scanned 29/29 symbols in 1.7s (0.06s/symbol)
1st September 2026 22:20:18 IST | INFO | 5m cycle @ 1st September 2026 22:20:00 IST | scanned 29/29 symbols in 1.5s (0.05s/symbol)
1st September 2026 22:25:20 IST | INFO | 5m cycle @ 1st September 2026 22:25:00 IST | scanned 29/29 symbols in 1.5s (0.05s/symbol)
1st September 2026 22:30:21 IST | INFO | 5m cycle @ 1st September 2026 22:30:00 IST | scanned 29/29 symbols in 1.8s (0.06s/symbol)
1st September 2026 22:35:23 IST | INFO | 5m cycle @ 1st September 2026 22:35:00 IST | scanned 29/29 symbols in 1.5s (0.05s/symbol)
1st September 2026 22:40:09 IST | INFO | 5m cycle @ 1st September 2026 22:40:00 IST | scanned 29/29 symbols in 1.5s (0.05s/symbol)
1st September 2026 22:45:11 IST | INFO | 5m cycle @ 1st September 2026 22:45:00 IST | scanned 29/29 symbols in 1.7s (0.06s/symbol)
1st September 2026 22:50:13 IST | INFO | 5m cycle @ 1st September 2026 22:50:00 IST | scanned 29/29 symbols in 1.5s (0.05s/symbol)
1st September 2026 22:55:14 IST | INFO | 5m cycle @ 1st September 2026 22:55:00 IST | scanned 29/29 symbols in 1.5s (0.05s/symbol)
1st September 2026 23:00:16 IST | INFO | 5m cycle @ 1st September 2026 23:00:00 IST | scanned 29/29 symbols in 1.8s (0.06s/symbol)
1st September 2026 23:05:18 IST | INFO | 5m cycle @ 1st September 2026 23:05:00 IST | scanned 29/29 symbols in 1.5s (0.05s/symbol)
1st September 2026 23:10:19 IST | INFO | 5m cycle @ 1st September 2026 23:10:00 IST | scanned 29/29 symbols in 1.5s (0.05s/symbol)
1st September 2026 23:15:21 IST | INFO | 5m cycle @ 1st September 2026 23:15:00 IST | scanned 29/29 symbols in 1.8s (0.06s/symbol)
1st September 2026 23:20:22 IST | INFO | 5m cycle @ 1st September 2026 23:20:00 IST | scanned 29/29 symbols in 1.5s (0.05s/symbol)
2nd September 2026 1:29:21 IST | INFO | MT5 connected | Exness-MT5Trial15 | DEMO | balance=18908.15 INR | leverage 1:2000
2nd September 2026 1:29:21 IST | INFO | liveTrade s146 started | Strategy 146 live engine started | ---------------------------------------- | Account   : 474381718 DEMO INR bal=18908.15 | Symbols   : EURUSD, GBPUSD, USDJPY, USDCHF, AUDUSD, NZDUSD, USDCAD, EURGBP, EURJPY, EURCHF, EURAUD, EURCAD, EURNZD, GBPJPY, GBPCHF, GBPAUD, GBPCAD, GBPNZD, AUDJPY, AUDNZD, AUDCAD, AUDCHF, NZDJPY, NZDCAD, NZDCHF, CADJPY, CADCHF, CHFJPY, XAUUSD | DRY_RUN   : False | Demo only : True (orders blocked: False) | Sizing    : margin Rs1000 @ 1:2000 | free-margin budget 80% | max_concurrent=8 | Exposure  : same destination <= 1 | currency leg <= 3 | Cost gate : skip when spread > 30% of risk | short stop spread pad 0.0x | Entry mode: market (SL/TP attached: True) | Risk guard : DISABLED for s146 (loss_at_sl is informational only) | Stop      : liquidity pool outside 15m zone when available, else distal edge + 0.5 bps buffer | Exit ladder: True | partial 50% at 1.25R | trail step/giveback 0.5R/0.5R | broker TP = 4H destination | Target    : 1.25R partial milestone (4H destination is the broker-side ceiling) | R:R band  : 1.5 - 20.0 (measured to the 4H destination) | Hold limit: 864 5m bars | 15m select: running extreme since 4H confirmation=True (highest supply for short / lowest demand for long) | Legacy new-15m fallback: True (engine start 2nd September 2026 1:29:21 IST) | Journals  : {'4h': 'D:\\WorkZera\\Projects\\strategies\\yt_learning\\liveTrade\\logs\\s146_4h_events.log', '15m': 'D:\\WorkZera\\Projects\\strategies\\yt_learning\\liveTrade\\logs\\s146_15m_events.log', '5m': 'D:\\WorkZera\\Projects\\strategies\\yt_learning\\liveTrade\\logs\\s146_5m_events.log', 'trade': 'D:\\WorkZera\\Projects\\strategies\\yt_learning\\liveTrade\\logs\\s146_trades.log'} | 
2nd September 2026 1:29:25 IST | INFO | Email sent: Strategy146 liveTrade STARTED
2nd September 2026 1:29:29 IST | INFO | 5m cycle @ 2nd September 2026 1:25:00 IST | scanned 29/29 symbols in 4.2s (0.14s/symbol)
2nd September 2026 1:30:16 IST | INFO | 5m cycle @ 2nd September 2026 1:30:00 IST | scanned 29/29 symbols in 2.2s (0.08s/symbol)
2nd September 2026 1:35:17 IST | INFO | 5m cycle @ 2nd September 2026 1:35:00 IST | scanned 29/29 symbols in 0.7s (0.02s/symbol)
2nd September 2026 1:40:18 IST | INFO | S146 SIGNAL CADCHF SHORT conservative_mss | trigger=0.58395 stop=0.58424 target=0.58358 (1.25R) | stop_basis=liquidity_pool_plus_buffer liq_pool=True | 15m_extreme=True campaign_zones=1 | 4H dest=0.58236 (5.42R)
2nd September 2026 1:40:18 IST | WARNING | S146 CADCHF: skipped by pre-order destination-quality gate — spread_pct_of_requested_risk, destination_width_r | requested_risk=0.000293 spread=0.000080
2nd September 2026 1:40:18 IST | INFO | 5m cycle @ 2nd September 2026 1:40:00 IST | scanned 29/29 symbols in 0.7s (0.02s/symbol)
2nd September 2026 1:45:19 IST | INFO | 5m cycle @ 2nd September 2026 1:45:00 IST | scanned 29/29 symbols in 0.8s (0.03s/symbol)
2nd September 2026 1:50:19 IST | INFO | 5m cycle @ 2nd September 2026 1:50:00 IST | scanned 29/29 symbols in 0.7s (0.02s/symbol)
2nd September 2026 1:55:20 IST | INFO | 5m cycle @ 2nd September 2026 1:55:00 IST | scanned 29/29 symbols in 0.7s (0.02s/symbol)
2nd September 2026 2:00:21 IST | INFO | 5m cycle @ 2nd September 2026 2:00:00 IST | scanned 29/29 symbols in 0.8s (0.03s/symbol)
2nd September 2026 2:05:22 IST | INFO | 5m cycle @ 2nd September 2026 2:05:00 IST | scanned 29/29 symbols in 0.7s (0.02s/symbol)
2nd September 2026 2:10:22 IST | INFO | 5m cycle @ 2nd September 2026 2:10:00 IST | scanned 29/29 symbols in 0.7s (0.02s/symbol)
2nd September 2026 2:15:23 IST | INFO | 5m cycle @ 2nd September 2026 2:15:00 IST | scanned 29/29 symbols in 0.8s (0.03s/symbol)
2nd September 2026 2:20:10 IST | INFO | 5m cycle @ 2nd September 2026 2:20:00 IST | scanned 29/29 symbols in 1.6s (0.05s/symbol)
2nd September 2026 2:25:12 IST | INFO | 5m cycle @ 2nd September 2026 2:25:00 IST | scanned 29/29 symbols in 1.8s (0.06s/symbol)
2nd September 2026 2:30:14 IST | INFO | 5m cycle @ 2nd September 2026 2:30:00 IST | scanned 29/29 symbols in 2.4s (0.08s/symbol)
2nd September 2026 2:35:16 IST | INFO | 5m cycle @ 2nd September 2026 2:35:00 IST | scanned 29/29 symbols in 2.3s (0.08s/symbol)
2nd September 2026 2:40:18 IST | INFO | 5m cycle @ 2nd September 2026 2:40:00 IST | scanned 29/29 symbols in 2.1s (0.07s/symbol)
2nd September 2026 2:45:23 IST | INFO | S146 SIGNAL AUDCHF SHORT aggressive_liquidation | trigger=0.57977 stop=0.58021 target=0.57922 (1.25R) | stop_basis=liquidity_pool_plus_buffer liq_pool=True | 15m_extreme=True campaign_zones=1 | 4H dest=0.57755 (5.01R)
2nd September 2026 2:45:23 IST | WARNING | S146 AUDCHF: skipped by pre-order destination-quality gate — spread_pct_of_requested_risk | requested_risk=0.000443 spread=0.000350
2nd September 2026 2:45:24 IST | INFO | 5m cycle @ 2nd September 2026 2:45:00 IST | scanned 29/29 symbols in 6.0s (0.21s/symbol)
2nd September 2026 2:50:12 IST | INFO | 5m cycle @ 2nd September 2026 2:50:00 IST | scanned 29/29 symbols in 2.1s (0.07s/symbol)
2nd September 2026 2:55:12 IST | INFO | S146 SIGNAL EURGBP SHORT aggressive_liquidation | trigger=0.85737 stop=0.85777 target=0.85686 (1.25R) | stop_basis=liquidity_pool_plus_buffer liq_pool=True | 15m_extreme=True campaign_zones=1 | 4H dest=0.85655 (2.01R)
2nd September 2026 2:55:12 IST | WARNING | S146 EURGBP: skipped by pre-order destination-quality gate — spread_pct_of_requested_risk, destination_width_r | requested_risk=0.000406 spread=0.000420
2nd September 2026 2:55:14 IST | INFO | 5m cycle @ 2nd September 2026 2:55:00 IST | scanned 29/29 symbols in 2.2s (0.08s/symbol)
2nd September 2026 3:00:16 IST | INFO | 5m cycle @ 2nd September 2026 3:00:00 IST | scanned 29/29 symbols in 2.4s (0.08s/symbol)
2nd September 2026 3:05:18 IST | INFO | 5m cycle @ 2nd September 2026 3:05:00 IST | scanned 29/29 symbols in 1.9s (0.06s/symbol)
2nd September 2026 3:10:21 IST | INFO | 5m cycle @ 2nd September 2026 3:10:00 IST | scanned 29/29 symbols in 2.5s (0.09s/symbol)
2nd September 2026 3:15:25 IST | INFO | 5m cycle @ 2nd September 2026 3:15:00 IST | scanned 29/29 symbols in 4.3s (0.15s/symbol)
2nd September 2026 3:20:12 IST | INFO | 5m cycle @ 2nd September 2026 3:20:00 IST | scanned 29/29 symbols in 2.2s (0.08s/symbol)
2nd September 2026 3:25:14 IST | INFO | 5m cycle @ 2nd September 2026 3:25:00 IST | scanned 29/29 symbols in 2.0s (0.07s/symbol)
2nd September 2026 3:30:17 IST | INFO | 5m cycle @ 2nd September 2026 3:30:00 IST | scanned 29/29 symbols in 2.4s (0.08s/symbol)
2nd September 2026 3:35:18 IST | INFO | 5m cycle @ 2nd September 2026 3:35:00 IST | scanned 29/29 symbols in 1.8s (0.06s/symbol)
2nd September 2026 3:40:20 IST | INFO | 5m cycle @ 2nd September 2026 3:40:00 IST | scanned 29/29 symbols in 1.7s (0.06s/symbol)
2nd September 2026 3:45:20 IST | INFO | S146 USDJPY: skipped non-extreme 15m zone 15m-1788298200--1-001160 @ 160.17000; running extreme 15m-1788294600--1-1b26e8 @ 160.19200 across 2 actionable campaign zone(s)
2nd September 2026 3:45:21 IST | INFO | S146 SIGNAL USDCHF SHORT conservative_mss | trigger=0.81138 stop=0.81192 target=0.81070 (1.25R) | stop_basis=liquidity_pool_plus_buffer liq_pool=True | 15m_extreme=True campaign_zones=1 | 4H dest=0.80840 (5.51R)
2nd September 2026 3:45:21 IST | WARNING | S146 USDCHF: skipped by pre-order destination-quality gate — spread_pct_of_requested_risk, destination_width_r | requested_risk=0.000541 spread=0.000130
2nd September 2026 3:45:24 IST | INFO | 5m cycle @ 2nd September 2026 3:45:00 IST | scanned 29/29 symbols in 3.9s (0.13s/symbol)
2nd September 2026 3:50:11 IST | INFO | 5m cycle @ 2nd September 2026 3:50:00 IST | scanned 29/29 symbols in 1.7s (0.06s/symbol)
2nd September 2026 3:55:12 IST | INFO | 5m cycle @ 2nd September 2026 3:55:00 IST | scanned 29/29 symbols in 1.7s (0.06s/symbol)
2nd September 2026 4:00:16 IST | INFO | 5m cycle @ 2nd September 2026 4:00:00 IST | scanned 29/29 symbols in 3.5s (0.12s/symbol)
2nd September 2026 4:05:18 IST | INFO | 5m cycle @ 2nd September 2026 4:05:00 IST | scanned 29/29 symbols in 1.7s (0.06s/symbol)
2nd September 2026 4:10:19 IST | INFO | 5m cycle @ 2nd September 2026 4:10:00 IST | scanned 29/29 symbols in 1.6s (0.06s/symbol)
2nd September 2026 4:15:21 IST | INFO | 5m cycle @ 2nd September 2026 4:15:00 IST | scanned 29/29 symbols in 1.8s (0.06s/symbol)
2nd September 2026 14:14:13 IST | INFO | 5m cycle @ 2nd September 2026 14:10:00 IST | scanned 29/29 symbols in 7.0s (0.24s/symbol)
2nd September 2026 14:15:21 IST | INFO | 5m cycle @ 2nd September 2026 14:15:00 IST | scanned 29/29 symbols in 7.7s (0.27s/symbol)
2nd September 2026 14:20:23 IST | INFO | 5m cycle @ 2nd September 2026 14:20:00 IST | scanned 29/29 symbols in 1.7s (0.06s/symbol)
2nd September 2026 14:25:10 IST | INFO | 5m cycle @ 2nd September 2026 14:25:00 IST | scanned 29/29 symbols in 1.7s (0.06s/symbol)
2nd September 2026 14:30:12 IST | INFO | 5m cycle @ 2nd September 2026 14:30:00 IST | scanned 29/29 symbols in 2.0s (0.07s/symbol)
2nd September 2026 14:35:12 IST | INFO | S146 SIGNAL GBPUSD LONG aggressive_liquidation | trigger=1.35046 stop=1.34882 target=1.35250 (1.25R) | stop_basis=liquidity_pool_plus_buffer liq_pool=True | 15m_extreme=True campaign_zones=1 | 4H dest=1.35484 (2.68R)
2nd September 2026 14:35:12 IST | WARNING | S146 GBPUSD: skipped by pre-order destination-quality gate — destination_origin_lag_h4_bars | requested_risk=0.001635 spread=0.000100
2nd September 2026 14:35:13 IST | INFO | 5m cycle @ 2nd September 2026 14:35:00 IST | scanned 29/29 symbols in 1.7s (0.06s/symbol)
2nd September 2026 14:40:15 IST | INFO | 5m cycle @ 2nd September 2026 14:40:00 IST | scanned 29/29 symbols in 1.7s (0.06s/symbol)
2nd September 2026 14:45:20 IST | INFO | 5m cycle @ 2nd September 2026 14:45:00 IST | scanned 29/29 symbols in 4.6s (0.16s/symbol)
2nd September 2026 14:50:22 IST | INFO | 5m cycle @ 2nd September 2026 14:50:00 IST | scanned 29/29 symbols in 2.2s (0.08s/symbol)
2nd September 2026 14:55:24 IST | INFO | 5m cycle @ 2nd September 2026 14:55:00 IST | scanned 29/29 symbols in 1.7s (0.06s/symbol)
2nd September 2026 15:00:12 IST | INFO | 5m cycle @ 2nd September 2026 15:00:00 IST | scanned 29/29 symbols in 3.2s (0.11s/symbol)
2nd September 2026 15:05:14 IST | INFO | 5m cycle @ 2nd September 2026 15:05:00 IST | scanned 29/29 symbols in 1.9s (0.07s/symbol)
2nd September 2026 15:10:15 IST | INFO | 5m cycle @ 2nd September 2026 15:10:00 IST | scanned 29/29 symbols in 1.8s (0.06s/symbol)
2nd September 2026 15:15:17 IST | INFO | 5m cycle @ 2nd September 2026 15:15:00 IST | scanned 29/29 symbols in 1.6s (0.06s/symbol)
2nd September 2026 15:20:18 IST | INFO | S146 SIGNAL EURGBP SHORT aggressive_liquidation | trigger=0.85758 stop=0.85779 target=0.85731 (1.25R) | stop_basis=15m_zone_distal_plus_buffer liq_pool=False | 15m_extreme=True campaign_zones=1 | 4H dest=0.85655 (4.76R)
2nd September 2026 15:20:18 IST | WARNING | S146 EURGBP: skipped by pre-order destination-quality gate — spread_pct_of_requested_risk, destination_width_r | requested_risk=0.000216 spread=0.000130
2nd September 2026 15:20:19 IST | INFO | 5m cycle @ 2nd September 2026 15:20:00 IST | scanned 29/29 symbols in 1.9s (0.07s/symbol)
2nd September 2026 15:25:21 IST | INFO | 5m cycle @ 2nd September 2026 15:25:00 IST | scanned 29/29 symbols in 2.3s (0.08s/symbol)
2nd September 2026 15:30:23 IST | INFO | 5m cycle @ 2nd September 2026 15:30:00 IST | scanned 29/29 symbols in 2.1s (0.07s/symbol)
2nd September 2026 15:35:11 IST | INFO | 5m cycle @ 2nd September 2026 15:35:00 IST | scanned 29/29 symbols in 2.6s (0.09s/symbol)
2nd September 2026 15:40:13 IST | INFO | 5m cycle @ 2nd September 2026 15:40:00 IST | scanned 29/29 symbols in 1.7s (0.06s/symbol)
2nd September 2026 15:45:14 IST | INFO | S146 GBPCAD: skipped non-extreme 15m zone 15m-1788331500-1-7ddcdc @ 1.87910; running extreme 15m-1788312600-1-ba7634 @ 1.87720 across 2 actionable campaign zone(s)
2nd September 2026 15:45:15 IST | INFO | S146 SIGNAL XAUUSD LONG aggressive_liquidation | trigger=4308.46935 stop=4301.05494 target=4317.73736 (1.25R) | stop_basis=liquidity_pool_plus_buffer liq_pool=True | 15m_extreme=True campaign_zones=1 | 4H dest=4426.13000 (15.87R)
2nd September 2026 15:45:15 IST | WARNING | S146 XAUUSD: skipped by pre-order destination-quality gate — destination_width_r, destination_origin_lag_h4_bars | requested_risk=7.414410 spread=0.260000
2nd September 2026 15:45:15 IST | INFO | 5m cycle @ 2nd September 2026 15:45:00 IST | scanned 29/29 symbols in 2.0s (0.07s/symbol)
2nd September 2026 15:50:17 IST | INFO | 5m cycle @ 2nd September 2026 15:50:00 IST | scanned 29/29 symbols in 2.7s (0.09s/symbol)
2nd September 2026 15:55:19 IST | INFO | 5m cycle @ 2nd September 2026 15:55:00 IST | scanned 29/29 symbols in 1.8s (0.06s/symbol)
2nd September 2026 16:00:21 IST | INFO | 5m cycle @ 2nd September 2026 16:00:00 IST | scanned 29/29 symbols in 2.0s (0.07s/symbol)
2nd September 2026 16:05:23 IST | INFO | 5m cycle @ 2nd September 2026 16:05:00 IST | scanned 29/29 symbols in 2.0s (0.07s/symbol)
2nd September 2026 16:10:11 IST | INFO | 5m cycle @ 2nd September 2026 16:10:00 IST | scanned 29/29 symbols in 2.8s (0.10s/symbol)
2nd September 2026 16:15:13 IST | INFO | 5m cycle @ 2nd September 2026 16:15:00 IST | scanned 29/29 symbols in 2.1s (0.07s/symbol)
2nd September 2026 16:20:15 IST | INFO | 5m cycle @ 2nd September 2026 16:20:00 IST | scanned 29/29 symbols in 2.1s (0.07s/symbol)
2nd September 2026 16:25:17 IST | INFO | 5m cycle @ 2nd September 2026 16:25:00 IST | scanned 29/29 symbols in 1.7s (0.06s/symbol)
2nd September 2026 16:30:19 IST | INFO | 5m cycle @ 2nd September 2026 16:30:00 IST | scanned 29/29 symbols in 2.0s (0.07s/symbol)
2nd September 2026 16:35:21 IST | INFO | 5m cycle @ 2nd September 2026 16:35:00 IST | scanned 29/29 symbols in 1.7s (0.06s/symbol)
2nd September 2026 16:40:22 IST | INFO | 5m cycle @ 2nd September 2026 16:40:00 IST | scanned 29/29 symbols in 1.4s (0.05s/symbol)
2nd September 2026 16:45:24 IST | INFO | 5m cycle @ 2nd September 2026 16:45:00 IST | scanned 29/29 symbols in 1.9s (0.07s/symbol)
2nd September 2026 16:50:11 IST | INFO | 5m cycle @ 2nd September 2026 16:50:00 IST | scanned 29/29 symbols in 1.8s (0.06s/symbol)
2nd September 2026 16:55:13 IST | INFO | 5m cycle @ 2nd September 2026 16:55:00 IST | scanned 29/29 symbols in 1.7s (0.06s/symbol)
2nd September 2026 17:00:15 IST | INFO | 5m cycle @ 2nd September 2026 17:00:00 IST | scanned 29/29 symbols in 2.0s (0.07s/symbol)
2nd September 2026 17:05:17 IST | INFO | 5m cycle @ 2nd September 2026 17:05:00 IST | scanned 29/29 symbols in 1.8s (0.06s/symbol)
2nd September 2026 17:10:18 IST | INFO | 5m cycle @ 2nd September 2026 17:10:00 IST | scanned 29/29 symbols in 1.7s (0.06s/symbol)
2nd September 2026 17:15:20 IST | INFO | 5m cycle @ 2nd September 2026 17:15:00 IST | scanned 29/29 symbols in 1.9s (0.07s/symbol)
2nd September 2026 17:20:22 IST | INFO | 5m cycle @ 2nd September 2026 17:20:00 IST | scanned 29/29 symbols in 2.0s (0.07s/symbol)
2nd September 2026 17:25:25 IST | INFO | 5m cycle @ 2nd September 2026 17:25:00 IST | scanned 29/29 symbols in 2.3s (0.08s/symbol)
2nd September 2026 17:30:11 IST | INFO | 5m cycle @ 2nd September 2026 17:30:00 IST | scanned 29/29 symbols in 1.3s (0.05s/symbol)
2nd September 2026 17:35:14 IST | INFO | 5m cycle @ 2nd September 2026 17:35:00 IST | scanned 29/29 symbols in 3.2s (0.11s/symbol)
2nd September 2026 17:40:17 IST | INFO | S146 SIGNAL CADJPY LONG aggressive_liquidation | trigger=114.62773 stop=114.55927 target=114.71330 (1.25R) | stop_basis=liquidity_pool_plus_buffer liq_pool=True | 15m_extreme=True campaign_zones=1 | 4H dest=115.10000 (6.9R)
2nd September 2026 17:40:17 IST | WARNING | S146 CADJPY: skipped by pre-order destination-quality gate — spread_pct_of_requested_risk, destination_width_r | requested_risk=0.068459 spread=0.011000
2nd September 2026 17:40:17 IST | INFO | 5m cycle @ 2nd September 2026 17:40:00 IST | scanned 29/29 symbols in 2.8s (0.10s/symbol)
2nd September 2026 17:45:20 IST | INFO | 5m cycle @ 2nd September 2026 17:45:00 IST | scanned 29/29 symbols in 3.0s (0.10s/symbol)
2nd September 2026 17:50:21 IST | INFO | 5m cycle @ 2nd September 2026 17:50:00 IST | scanned 29/29 symbols in 1.1s (0.04s/symbol)
2nd September 2026 17:55:23 IST | INFO | 5m cycle @ 2nd September 2026 17:55:00 IST | scanned 29/29 symbols in 2.0s (0.07s/symbol)
2nd September 2026 18:00:10 IST | INFO | 5m cycle @ 2nd September 2026 18:00:00 IST | scanned 29/29 symbols in 2.2s (0.08s/symbol)
2nd September 2026 18:05:12 IST | INFO | 5m cycle @ 2nd September 2026 18:05:00 IST | scanned 29/29 symbols in 1.8s (0.06s/symbol)
2nd September 2026 18:10:14 IST | INFO | 5m cycle @ 2nd September 2026 18:10:00 IST | scanned 29/29 symbols in 1.8s (0.06s/symbol)
2nd September 2026 18:15:17 IST | INFO | 5m cycle @ 2nd September 2026 18:15:00 IST | scanned 29/29 symbols in 3.0s (0.10s/symbol)
2nd September 2026 18:20:17 IST | INFO | S146 SIGNAL EURUSD LONG aggressive_liquidation | trigger=1.15830 stop=1.15720 target=1.15967 (1.25R) | stop_basis=liquidity_pool_plus_buffer liq_pool=True | 15m_extreme=True campaign_zones=1 | 4H dest=1.16488 (5.98R)
2nd September 2026 18:20:17 IST | WARNING | S146 EURUSD: skipped by pre-order destination-quality gate — destination_origin_lag_h4_bars | requested_risk=0.001101 spread=0.000080
2nd September 2026 18:20:20 IST | INFO | 5m cycle @ 2nd September 2026 18:20:00 IST | scanned 29/29 symbols in 2.7s (0.09s/symbol)
2nd September 2026 18:25:23 IST | INFO | 5m cycle @ 2nd September 2026 18:25:00 IST | scanned 29/29 symbols in 2.7s (0.09s/symbol)
2nd September 2026 18:30:11 IST | INFO | 5m cycle @ 2nd September 2026 18:30:00 IST | scanned 29/29 symbols in 3.2s (0.11s/symbol)
2nd September 2026 18:35:12 IST | INFO | S146 SIGNAL EURCHF SHORT aggressive_liquidation | trigger=0.94305 stop=0.94349 target=0.94251 (1.25R) | stop_basis=15m_zone_distal_plus_buffer liq_pool=False | 15m_extreme=True campaign_zones=1 | 4H dest=0.94083 (5.12R)
2nd September 2026 18:35:12 IST | WARNING | S146 EURCHF: skipped by pre-order destination-quality gate — spread_pct_of_requested_risk, destination_width_r | requested_risk=0.000434 spread=0.000160
2nd September 2026 18:35:13 IST | INFO | 5m cycle @ 2nd September 2026 18:35:00 IST | scanned 29/29 symbols in 2.6s (0.09s/symbol)
2nd September 2026 18:40:14 IST | INFO | S146 EURCAD: skipped non-extreme 15m zone 15m-1788331500-1-f4cf33 @ 1.61097; running extreme 15m-1788258600-1-fbc51f @ 1.60803 across 2 actionable campaign zone(s)
2nd September 2026 18:40:16 IST | INFO | 5m cycle @ 2nd September 2026 18:40:00 IST | scanned 29/29 symbols in 2.6s (0.09s/symbol)
2nd September 2026 18:45:19 IST | INFO | 5m cycle @ 2nd September 2026 18:45:00 IST | scanned 29/29 symbols in 3.1s (0.11s/symbol)
2nd September 2026 18:50:22 IST | INFO | 5m cycle @ 2nd September 2026 18:50:00 IST | scanned 29/29 symbols in 2.7s (0.09s/symbol)
2nd September 2026 18:55:24 IST | INFO | 5m cycle @ 2nd September 2026 18:55:00 IST | scanned 29/29 symbols in 2.7s (0.09s/symbol)
2nd September 2026 19:00:13 IST | INFO | 5m cycle @ 2nd September 2026 19:00:00 IST | scanned 29/29 symbols in 3.8s (0.13s/symbol)
2nd September 2026 19:05:16 IST | INFO | 5m cycle @ 2nd September 2026 19:05:00 IST | scanned 29/29 symbols in 2.6s (0.09s/symbol)
2nd September 2026 19:10:19 IST | INFO | 5m cycle @ 2nd September 2026 19:10:00 IST | scanned 29/29 symbols in 2.8s (0.10s/symbol)
2nd September 2026 19:15:22 IST | INFO | 5m cycle @ 2nd September 2026 19:15:00 IST | scanned 29/29 symbols in 3.3s (0.11s/symbol)
2nd September 2026 19:20:25 IST | INFO | 5m cycle @ 2nd September 2026 19:20:00 IST | scanned 29/29 symbols in 2.8s (0.10s/symbol)
2nd September 2026 19:25:13 IST | INFO | 5m cycle @ 2nd September 2026 19:25:00 IST | scanned 29/29 symbols in 2.9s (0.10s/symbol)
2nd September 2026 19:30:16 IST | INFO | 5m cycle @ 2nd September 2026 19:30:00 IST | scanned 29/29 symbols in 3.2s (0.11s/symbol)
2nd September 2026 19:35:19 IST | INFO | 5m cycle @ 2nd September 2026 19:35:00 IST | scanned 29/29 symbols in 2.8s (0.10s/symbol)
2nd September 2026 19:40:22 IST | INFO | 5m cycle @ 2nd September 2026 19:40:00 IST | scanned 29/29 symbols in 3.0s (0.10s/symbol)
2nd September 2026 19:45:25 IST | INFO | 5m cycle @ 2nd September 2026 19:45:00 IST | scanned 29/29 symbols in 3.2s (0.11s/symbol)
2nd September 2026 19:50:13 IST | INFO | 5m cycle @ 2nd September 2026 19:50:00 IST | scanned 29/29 symbols in 3.1s (0.11s/symbol)
2nd September 2026 19:55:16 IST | INFO | 5m cycle @ 2nd September 2026 19:55:00 IST | scanned 29/29 symbols in 2.6s (0.09s/symbol)
2nd September 2026 20:00:19 IST | INFO | 5m cycle @ 2nd September 2026 20:00:00 IST | scanned 29/29 symbols in 3.2s (0.11s/symbol)
2nd September 2026 20:05:22 IST | INFO | 5m cycle @ 2nd September 2026 20:05:00 IST | scanned 29/29 symbols in 2.6s (0.09s/symbol)
2nd September 2026 20:10:24 IST | INFO | 5m cycle @ 2nd September 2026 20:10:00 IST | scanned 29/29 symbols in 2.8s (0.10s/symbol)
2nd September 2026 20:15:13 IST | INFO | 5m cycle @ 2nd September 2026 20:15:00 IST | scanned 29/29 symbols in 3.4s (0.12s/symbol)
2nd September 2026 20:20:16 IST | INFO | 5m cycle @ 2nd September 2026 20:20:00 IST | scanned 29/29 symbols in 2.8s (0.10s/symbol)
2nd September 2026 20:25:18 IST | INFO | 5m cycle @ 2nd September 2026 20:25:00 IST | scanned 29/29 symbols in 2.7s (0.09s/symbol)
2nd September 2026 20:30:22 IST | INFO | 5m cycle @ 2nd September 2026 20:30:00 IST | scanned 29/29 symbols in 3.3s (0.11s/symbol)
2nd September 2026 20:35:25 IST | INFO | 5m cycle @ 2nd September 2026 20:35:00 IST | scanned 29/29 symbols in 2.8s (0.10s/symbol)
2nd September 2026 20:40:12 IST | INFO | 5m cycle @ 2nd September 2026 20:40:00 IST | scanned 29/29 symbols in 2.7s (0.09s/symbol)
2nd September 2026 20:45:15 IST | INFO | 5m cycle @ 2nd September 2026 20:45:00 IST | scanned 29/29 symbols in 3.0s (0.11s/symbol)
2nd September 2026 20:50:18 IST | INFO | 5m cycle @ 2nd September 2026 20:50:00 IST | scanned 29/29 symbols in 2.6s (0.09s/symbol)
2nd September 2026 20:55:21 IST | INFO | 5m cycle @ 2nd September 2026 20:55:00 IST | scanned 29/29 symbols in 2.6s (0.09s/symbol)
2nd September 2026 21:00:24 IST | INFO | 5m cycle @ 2nd September 2026 21:00:00 IST | scanned 29/29 symbols in 3.4s (0.12s/symbol)
2nd September 2026 21:05:12 IST | INFO | 5m cycle @ 2nd September 2026 21:05:00 IST | scanned 29/29 symbols in 2.7s (0.09s/symbol)
2nd September 2026 21:10:14 IST | INFO | 5m cycle @ 2nd September 2026 21:10:00 IST | scanned 29/29 symbols in 2.9s (0.10s/symbol)
2nd September 2026 21:15:18 IST | INFO | 5m cycle @ 2nd September 2026 21:15:00 IST | scanned 29/29 symbols in 3.3s (0.11s/symbol)
2nd September 2026 21:20:20 IST | INFO | 5m cycle @ 2nd September 2026 21:20:00 IST | scanned 29/29 symbols in 2.8s (0.09s/symbol)
2nd September 2026 21:25:23 IST | INFO | 5m cycle @ 2nd September 2026 21:25:00 IST | scanned 29/29 symbols in 2.6s (0.09s/symbol)
2nd September 2026 21:30:12 IST | INFO | 5m cycle @ 2nd September 2026 21:30:00 IST | scanned 29/29 symbols in 3.7s (0.13s/symbol)
2nd September 2026 21:35:15 IST | INFO | 5m cycle @ 2nd September 2026 21:35:00 IST | scanned 29/29 symbols in 2.8s (0.10s/symbol)
2nd September 2026 21:40:17 IST | INFO | S146 SIGNAL CADJPY LONG aggressive_liquidation | trigger=114.66373 stop=114.58377 target=114.76369 (1.25R) | stop_basis=liquidity_pool_plus_buffer liq_pool=True | 15m_extreme=True campaign_zones=1 | 4H dest=115.10000 (5.46R)
2nd September 2026 21:40:17 IST | WARNING | S146 CADJPY: skipped by pre-order destination-quality gate — destination_width_r | requested_risk=0.079962 spread=0.011000
2nd September 2026 21:40:18 IST | INFO | 5m cycle @ 2nd September 2026 21:40:00 IST | scanned 29/29 symbols in 2.9s (0.10s/symbol)
2nd September 2026 21:45:21 IST | INFO | 5m cycle @ 2nd September 2026 21:45:00 IST | scanned 29/29 symbols in 3.0s (0.10s/symbol)
2nd September 2026 21:50:24 IST | INFO | 5m cycle @ 2nd September 2026 21:50:00 IST | scanned 29/29 symbols in 2.8s (0.10s/symbol)
2nd September 2026 21:55:11 IST | INFO | 5m cycle @ 2nd September 2026 21:55:00 IST | scanned 29/29 symbols in 2.6s (0.09s/symbol)
2nd September 2026 22:00:14 IST | INFO | 5m cycle @ 2nd September 2026 22:00:00 IST | scanned 29/29 symbols in 3.0s (0.10s/symbol)
2nd September 2026 22:05:15 IST | INFO | S146 AUDUSD: skipped non-extreme 15m zone 15m-1788358500-1-febca7 @ 0.71668; running extreme 15m-1788347700-1-76cc2f @ 0.71367 across 3 actionable campaign zone(s)
2nd September 2026 22:05:17 IST | INFO | 5m cycle @ 2nd September 2026 22:05:00 IST | scanned 29/29 symbols in 2.8s (0.10s/symbol)
2nd September 2026 22:10:20 IST | INFO | 5m cycle @ 2nd September 2026 22:10:00 IST | scanned 29/29 symbols in 2.8s (0.10s/symbol)
2nd September 2026 22:15:23 IST | INFO | 5m cycle @ 2nd September 2026 22:15:00 IST | scanned 29/29 symbols in 2.9s (0.10s/symbol)
2nd September 2026 22:20:10 IST | INFO | 5m cycle @ 2nd September 2026 22:20:00 IST | scanned 29/29 symbols in 2.6s (0.09s/symbol)
2nd September 2026 22:25:13 IST | INFO | 5m cycle @ 2nd September 2026 22:25:00 IST | scanned 29/29 symbols in 2.7s (0.09s/symbol)
2nd September 2026 22:30:16 IST | INFO | 5m cycle @ 2nd September 2026 22:30:00 IST | scanned 29/29 symbols in 3.2s (0.11s/symbol)
2nd September 2026 22:35:19 IST | INFO | 5m cycle @ 2nd September 2026 22:35:00 IST | scanned 29/29 symbols in 2.7s (0.09s/symbol)
2nd September 2026 22:40:19 IST | INFO | S146 SIGNAL USDJPY LONG conservative_mss | trigger=158.90194 stop=158.74506 target=159.09805 (1.25R) | stop_basis=15m_zone_distal_plus_buffer liq_pool=False | 15m_extreme=True campaign_zones=1 | 4H dest=160.19800 (8.26R)
2nd September 2026 22:40:19 IST | WARNING | S146 USDJPY: skipped by pre-order destination-quality gate — destination_width_r | requested_risk=0.156882 spread=0.010000
2nd September 2026 22:40:22 IST | INFO | 5m cycle @ 2nd September 2026 22:40:00 IST | scanned 29/29 symbols in 2.6s (0.09s/symbol)
2nd September 2026 22:45:25 IST | INFO | 5m cycle @ 2nd September 2026 22:45:00 IST | scanned 29/29 symbols in 3.0s (0.10s/symbol)
2nd September 2026 22:50:12 IST | INFO | 5m cycle @ 2nd September 2026 22:50:00 IST | scanned 29/29 symbols in 2.5s (0.09s/symbol)
2nd September 2026 22:55:15 IST | INFO | 5m cycle @ 2nd September 2026 22:55:00 IST | scanned 29/29 symbols in 2.7s (0.09s/symbol)


2nd September 2026 23:10:22 IST | INFO | 5m cycle @ 2nd September 2026 23:10:00 IST | scanned 29/29 symbols in 1.6s (0.06s/symbol)
2nd September 2026 23:15:24 IST | INFO | 5m cycle @ 2nd September 2026 23:15:00 IST | scanned 29/29 symbols in 1.9s (0.06s/symbol)
2nd September 2026 23:20:11 IST | INFO | 5m cycle @ 2nd September 2026 23:20:00 IST | scanned 29/29 symbols in 1.6s (0.06s/symbol)
2nd September 2026 23:25:11 IST | INFO | S146 SIGNAL EURJPY LONG aggressive_liquidation | trigger=184.11620 stop=184.02580 target=184.22921 (1.25R) | stop_basis=swept_wick_plus_buffer liq_pool=False | 15m_extreme=True campaign_zones=1 | 4H dest=185.50700 (15.38R)
2nd September 2026 23:25:11 IST | WARNING | S146 EURJPY: skipped by pre-order destination-quality gate — spread_pct_of_requested_risk, destination_width_r | requested_risk=0.090407 spread=0.016000
2nd September 2026 23:25:12 IST | INFO | S146 SIGNAL AUDJPY LONG conservative_mss | trigger=113.91269 stop=113.82131 target=114.02693 (1.25R) | stop_basis=liquidity_pool_plus_buffer liq_pool=True | 15m_extreme=True campaign_zones=1 | 4H dest=114.44100 (5.78R)
2nd September 2026 23:25:16 IST | INFO | Email sent: S146 LONG AUDJPY @ 113.91269 (1.25R target)
2nd September 2026 23:25:16 IST | INFO | AUDJPY: market order placed #2292574699 0.26 lots @ 113.91100 | sl/tp attached=True
2nd September 2026 23:25:16 IST | INFO | 5m cycle @ 2nd September 2026 23:25:00 IST | scanned 29/29 symbols in 5.5s (0.19s/symbol)
2nd September 2026 23:30:18 IST | INFO | 5m cycle @ 2nd September 2026 23:30:00 IST | scanned 29/29 symbols in 1.7s (0.06s/symbol)
2nd September 2026 23:35:20 IST | INFO | 5m cycle @ 2nd September 2026 23:35:00 IST | scanned 29/29 symbols in 1.5s (0.05s/symbol)
2nd September 2026 23:40:21 IST | INFO | 5m cycle @ 2nd September 2026 23:40:00 IST | scanned 29/29 symbols in 1.5s (0.05s/symbol)
2nd September 2026 23:45:23 IST | INFO | 5m cycle @ 2nd September 2026 23:45:00 IST | scanned 29/29 symbols in 1.8s (0.06s/symbol)
2nd September 2026 23:50:10 IST | INFO | 5m cycle @ 2nd September 2026 23:50:00 IST | scanned 29/29 symbols in 1.6s (0.05s/symbol)
2nd September 2026 23:55:11 IST | INFO | S146 CADJPY: skipped non-extreme 15m zone 15m-1788371100-1-9e9714 @ 114.79900; running extreme 15m-1788363900-1-58ec47 @ 114.67600 across 2 actionable campaign zone(s)
2nd September 2026 23:55:11 IST | INFO | 5m cycle @ 2nd September 2026 23:55:00 IST | scanned 29/29 symbols in 1.5s (0.05s/symbol)
3rd September 2026 0:00:13 IST | INFO | 5m cycle @ 3rd September 2026 0:00:00 IST | scanned 29/29 symbols in 1.4s (0.05s/symbol)
3rd September 2026 0:05:14 IST | INFO | 5m cycle @ 3rd September 2026 0:05:00 IST | scanned 29/29 symbols in 1.6s (0.05s/symbol)
3rd September 2026 0:10:16 IST | INFO | 5m cycle @ 3rd September 2026 0:10:00 IST | scanned 29/29 symbols in 1.5s (0.05s/symbol)
3rd September 2026 0:15:18 IST | INFO | 5m cycle @ 3rd September 2026 0:15:00 IST | scanned 29/29 symbols in 1.9s (0.06s/symbol)
3rd September 2026 0:20:19 IST | INFO | 5m cycle @ 3rd September 2026 0:20:00 IST | scanned 29/29 symbols in 1.5s (0.05s/symbol)
3rd September 2026 0:25:21 IST | INFO | 5m cycle @ 3rd September 2026 0:25:00 IST | scanned 29/29 symbols in 1.7s (0.06s/symbol)
3rd September 2026 0:31:23 IST | INFO | 5m cycle @ 3rd September 2026 0:30:00 IST | scanned 29/29 symbols in 59.3s (2.05s/symbol)
3rd September 2026 0:35:11 IST | INFO | S146 EURNZD: skipped non-extreme 15m zone 15m-1788372900--1-b800f1 @ 1.98202; running extreme 15m-1788354000--1-ae1e0c @ 1.98899 across 2 actionable campaign zone(s)
3rd September 2026 0:35:13 IST | INFO | 5m cycle @ 3rd September 2026 0:35:00 IST | scanned 29/29 symbols in 4.1s (0.14s/symbol)
3rd September 2026 0:40:19 IST | INFO | 5m cycle @ 3rd September 2026 0:40:00 IST | scanned 29/29 symbols in 2.7s (0.09s/symbol)
3rd September 2026 0:45:15 IST | INFO | S146 SIGNAL USDJPY LONG conservative_mss | trigger=159.01695 stop=158.75906 target=159.33931 (1.25R) | stop_basis=15m_zone_distal_plus_buffer liq_pool=False | 15m_extreme=True campaign_zones=1 | 4H dest=160.19800 (4.58R)
3rd September 2026 0:45:18 IST | INFO | Email sent: S146 LONG USDJPY @ 159.01695 (1.25R target)
3rd September 2026 0:45:18 IST | INFO | USDJPY: market order placed #2292985465 0.19 lots @ 158.96900 | sl/tp attached=True
3rd September 2026 0:45:21 IST | INFO | 5m cycle @ 3rd September 2026 0:45:00 IST | scanned 29/29 symbols in 10.2s (0.35s/symbol)
3rd September 2026 0:50:24 IST | INFO | 5m cycle @ 3rd September 2026 0:50:00 IST | scanned 29/29 symbols in 2.1s (0.07s/symbol)
3rd September 2026 0:55:10 IST | INFO | 5m cycle @ 3rd September 2026 0:55:00 IST | scanned 29/29 symbols in 1.7s (0.06s/symbol)
3rd September 2026 1:00:13 IST | INFO | 5m cycle @ 3rd September 2026 1:00:00 IST | scanned 29/29 symbols in 2.7s (0.09s/symbol)
3rd September 2026 1:05:15 IST | INFO | 5m cycle @ 3rd September 2026 1:05:00 IST | scanned 29/29 symbols in 2.2s (0.07s/symbol)
3rd September 2026 1:10:18 IST | INFO | 5m cycle @ 3rd September 2026 1:10:00 IST | scanned 29/29 symbols in 2.2s (0.08s/symbol)
3rd September 2026 1:15:20 IST | INFO | 5m cycle @ 3rd September 2026 1:15:00 IST | scanned 29/29 symbols in 2.0s (0.07s/symbol)
3rd September 2026 1:20:22 IST | INFO | 5m cycle @ 3rd September 2026 1:20:00 IST | scanned 29/29 symbols in 1.7s (0.06s/symbol)
3rd September 2026 1:25:24 IST | INFO | 5m cycle @ 3rd September 2026 1:25:00 IST | scanned 29/29 symbols in 1.9s (0.07s/symbol)
3rd September 2026 1:30:11 IST | INFO | 5m cycle @ 3rd September 2026 1:30:00 IST | scanned 29/29 symbols in 2.5s (0.09s/symbol)
3rd September 2026 1:35:13 IST | INFO | 5m cycle @ 3rd September 2026 1:35:00 IST | scanned 29/29 symbols in 1.9s (0.07s/symbol)
3rd September 2026 1:40:15 IST | INFO | 5m cycle @ 3rd September 2026 1:40:00 IST | scanned 29/29 symbols in 1.8s (0.06s/symbol)
3rd September 2026 1:45:17 IST | INFO | 5m cycle @ 3rd September 2026 1:45:00 IST | scanned 29/29 symbols in 2.6s (0.09s/symbol)
3rd September 2026 1:50:20 IST | INFO | 5m cycle @ 3rd September 2026 1:50:00 IST | scanned 29/29 symbols in 2.1s (0.07s/symbol)
3rd September 2026 1:55:22 IST | INFO | 5m cycle @ 3rd September 2026 1:55:00 IST | scanned 29/29 symbols in 2.0s (0.07s/symbol)
3rd September 2026 2:00:24 IST | INFO | 5m cycle @ 3rd September 2026 2:00:00 IST | scanned 29/29 symbols in 2.5s (0.09s/symbol)
3rd September 2026 2:05:11 IST | INFO | 5m cycle @ 3rd September 2026 2:05:00 IST | scanned 29/29 symbols in 2.1s (0.07s/symbol)
3rd September 2026 2:10:13 IST | INFO | 5m cycle @ 3rd September 2026 2:10:00 IST | scanned 29/29 symbols in 1.8s (0.06s/symbol)
3rd September 2026 2:15:15 IST | INFO | 5m cycle @ 3rd September 2026 2:15:00 IST | scanned 29/29 symbols in 2.0s (0.07s/symbol)
3rd September 2026 2:20:17 IST | INFO | 5m cycle @ 3rd September 2026 2:20:00 IST | scanned 29/29 symbols in 2.2s (0.08s/symbol)
3rd September 2026 2:25:19 IST | INFO | 5m cycle @ 3rd September 2026 2:25:00 IST | scanned 29/29 symbols in 1.8s (0.06s/symbol)
3rd September 2026 2:30:22 IST | INFO | 5m cycle @ 3rd September 2026 2:30:00 IST | scanned 29/29 symbols in 2.6s (0.09s/symbol)
3rd September 2026 2:35:24 IST | INFO | S146 NZDCHF: skipped non-extreme 15m zone 15m-1788374700-1-0eb578 @ 0.47534; running extreme 15m-1788354000-1-1300b4 @ 0.47426 across 3 actionable campaign zone(s)
3rd September 2026 2:35:24 IST | INFO | 5m cycle @ 3rd September 2026 2:35:00 IST | scanned 29/29 symbols in 2.7s (0.09s/symbol)
3rd September 2026 2:40:12 IST | INFO | 5m cycle @ 3rd September 2026 2:40:00 IST | scanned 29/29 symbols in 2.3s (0.08s/symbol)
3rd September 2026 2:45:13 IST | INFO | S146 GBPCHF: skipped non-extreme 15m zone 15m-1788380100--1-fb06d8 @ 1.09625; running extreme 15m-1788363900--1-79729b @ 1.09742 across 3 actionable campaign zone(s)
3rd September 2026 2:45:14 IST | INFO | 5m cycle @ 3rd September 2026 2:45:00 IST | scanned 29/29 symbols in 1.9s (0.07s/symbol)
3rd September 2026 2:50:16 IST | INFO | 5m cycle @ 3rd September 2026 2:50:00 IST | scanned 29/29 symbols in 2.7s (0.09s/symbol)
3rd September 2026 2:55:19 IST | INFO | 5m cycle @ 3rd September 2026 2:55:00 IST | scanned 29/29 symbols in 2.2s (0.08s/symbol)
3rd September 2026 3:00:22 IST | INFO | 5m cycle @ 3rd September 2026 3:00:00 IST | scanned 29/29 symbols in 3.2s (0.11s/symbol)
3rd September 2026 3:05:24 IST | INFO | 5m cycle @ 3rd September 2026 3:05:00 IST | scanned 29/29 symbols in 2.3s (0.08s/symbol)
3rd September 2026 3:10:12 IST | INFO | 5m cycle @ 3rd September 2026 3:10:00 IST | scanned 29/29 symbols in 3.4s (0.12s/symbol)
3rd September 2026 3:15:16 IST | INFO | 5m cycle @ 3rd September 2026 3:15:00 IST | scanned 29/29 symbols in 3.2s (0.11s/symbol)
3rd September 2026 3:20:18 IST | INFO | 5m cycle @ 3rd September 2026 3:20:00 IST | scanned 29/29 symbols in 2.1s (0.07s/symbol)
3rd September 2026 3:25:20 IST | INFO | 5m cycle @ 3rd September 2026 3:25:00 IST | scanned 29/29 symbols in 2.2s (0.08s/symbol)
3rd September 2026 3:30:22 IST | INFO | S146 SIGNAL GBPCAD LONG aggressive_liquidation | trigger=1.86650 stop=1.86559 target=1.86765 (1.25R) | stop_basis=liquidity_pool_plus_buffer liq_pool=True | 15m_extreme=True campaign_zones=1 | 4H dest=1.87882 (13.44R)
3rd September 2026 3:30:22 IST | WARNING | S146 GBPCAD: skipped by pre-order destination-quality gate — spread_pct_of_requested_risk, destination_width_r | requested_risk=0.000917 spread=0.000280
3rd September 2026 3:30:23 IST | INFO | 5m cycle @ 3rd September 2026 3:30:00 IST | scanned 29/29 symbols in 3.4s (0.12s/symbol)
3rd September 2026 3:35:11 IST | INFO | 5m cycle @ 3rd September 2026 3:35:00 IST | scanned 29/29 symbols in 3.0s (0.10s/symbol)
3rd September 2026 3:40:14 IST | INFO | 5m cycle @ 3rd September 2026 3:40:00 IST | scanned 29/29 symbols in 2.6s (0.09s/symbol)
3rd September 2026 3:45:17 IST | INFO | 5m cycle @ 3rd September 2026 3:45:00 IST | scanned 29/29 symbols in 2.9s (0.10s/symbol)
3rd September 2026 3:50:19 IST | INFO | S146 AUDNZD: skipped non-extreme 15m zone 15m-1788377400--1-a95344 @ 1.22542; running extreme 15m-1788359400--1-eb954a @ 1.22675 across 3 actionable campaign zone(s)
3rd September 2026 3:50:20 IST | INFO | 5m cycle @ 3rd September 2026 3:50:00 IST | scanned 29/29 symbols in 2.5s (0.09s/symbol)
3rd September 2026 3:55:22 IST | INFO | 5m cycle @ 3rd September 2026 3:55:00 IST | scanned 29/29 symbols in 2.9s (0.10s/symbol)
3rd September 2026 4:00:26 IST | INFO | 5m cycle @ 3rd September 2026 4:00:00 IST | scanned 29/29 symbols in 3.6s (0.12s/symbol)
3rd September 2026 4:05:15 IST | INFO | 5m cycle @ 3rd September 2026 4:05:00 IST | scanned 29/29 symbols in 4.1s (0.14s/symbol)
3rd September 2026 17:11:16 IST | INFO | 5m cycle @ 3rd September 2026 17:10:00 IST | scanned 29/29 symbols in 26.8s (0.92s/symbol)
3rd September 2026 17:15:25 IST | INFO | 5m cycle @ 3rd September 2026 17:15:00 IST | scanned 29/29 symbols in 9.5s (0.33s/symbol)
3rd September 2026 17:20:13 IST | INFO | 5m cycle @ 3rd September 2026 17:20:00 IST | scanned 29/29 symbols in 2.8s (0.10s/symbol)
3rd September 2026 17:25:16 IST | INFO | 5m cycle @ 3rd September 2026 17:25:00 IST | scanned 29/29 symbols in 2.7s (0.09s/symbol)
3rd September 2026 17:30:19 IST | INFO | 5m cycle @ 3rd September 2026 17:30:00 IST | scanned 29/29 symbols in 2.9s (0.10s/symbol)
3rd September 2026 17:35:21 IST | INFO | 5m cycle @ 3rd September 2026 17:35:00 IST | scanned 29/29 symbols in 2.8s (0.10s/symbol)
3rd September 2026 17:40:24 IST | INFO | 5m cycle @ 3rd September 2026 17:40:00 IST | scanned 29/29 symbols in 2.9s (0.10s/symbol)
3rd September 2026 17:45:13 IST | INFO | 5m cycle @ 3rd September 2026 17:45:00 IST | scanned 29/29 symbols in 3.4s (0.12s/symbol)
3rd September 2026 17:50:16 IST | INFO | 5m cycle @ 3rd September 2026 17:50:00 IST | scanned 29/29 symbols in 3.0s (0.10s/symbol)
3rd September 2026 17:55:19 IST | INFO | 5m cycle @ 3rd September 2026 17:55:00 IST | scanned 29/29 symbols in 2.9s (0.10s/symbol)
3rd September 2026 18:00:19 IST | INFO | S146 USDCHF: skipped non-extreme 15m zone 15m-1788431400--1-635eb3 @ 0.80930; running extreme 15m-1788353100--1-815014 @ 0.81471 across 5 actionable campaign zone(s)
3rd September 2026 18:00:20 IST | INFO | S146 EURNZD: skipped non-extreme 15m zone 15m-1788429600--1-2d58c6 @ 1.97919; running extreme 15m-1788354000--1-ae1e0c @ 1.98899 across 2 actionable campaign zone(s)
3rd September 2026 18:00:22 IST | INFO | 5m cycle @ 3rd September 2026 18:00:00 IST | scanned 29/29 symbols in 3.5s (0.12s/symbol)
3rd September 2026 18:05:25 IST | INFO | S146 SIGNAL NZDCAD LONG aggressive_liquidation | trigger=0.81050 stop=0.80902 target=0.81235 (1.25R) | stop_basis=liquidity_pool_plus_buffer liq_pool=True | 15m_extreme=True campaign_zones=1 | 4H dest=0.81831 (5.27R)
3rd September 2026 18:05:31 IST | INFO | Email sent: S146 LONG NZDCAD @ 0.81050 (1.25R target)
3rd September 2026 18:05:31 IST | INFO | NZDCAD: market order placed #2298746926 0.32 lots @ 0.81012 | sl/tp attached=True
3rd September 2026 18:05:32 IST | INFO | 5m cycle @ 3rd September 2026 18:05:00 IST | scanned 29/29 symbols in 9.6s (0.33s/symbol)
3rd September 2026 18:10:20 IST | INFO | 5m cycle @ 3rd September 2026 18:10:00 IST | scanned 29/29 symbols in 2.7s (0.09s/symbol)
3rd September 2026 18:15:23 IST | INFO | 5m cycle @ 3rd September 2026 18:15:00 IST | scanned 29/29 symbols in 3.1s (0.11s/symbol)
3rd September 2026 18:20:11 IST | INFO | 5m cycle @ 3rd September 2026 18:20:00 IST | scanned 29/29 symbols in 2.8s (0.10s/symbol)
3rd September 2026 18:25:14 IST | INFO | 5m cycle @ 3rd September 2026 18:25:00 IST | scanned 29/29 symbols in 2.8s (0.09s/symbol)
3rd September 2026 18:30:18 IST | INFO | 5m cycle @ 3rd September 2026 18:30:00 IST | scanned 29/29 symbols in 3.2s (0.11s/symbol)
3rd September 2026 18:35:20 IST | INFO | 5m cycle @ 3rd September 2026 18:35:00 IST | scanned 29/29 symbols in 2.6s (0.09s/symbol)
3rd September 2026 18:40:22 IST | INFO | 5m cycle @ 3rd September 2026 18:40:00 IST | scanned 29/29 symbols in 2.0s (0.07s/symbol)
3rd September 2026 18:45:25 IST | INFO | 5m cycle @ 3rd September 2026 18:45:00 IST | scanned 29/29 symbols in 3.1s (0.11s/symbol)
3rd September 2026 18:50:12 IST | INFO | 5m cycle @ 3rd September 2026 18:50:00 IST | scanned 29/29 symbols in 2.0s (0.07s/symbol)
3rd September 2026 18:55:13 IST | INFO | S146 NZDUSD: skipped non-extreme 15m zone 15m-1788437700-1-fd5f29 @ 0.58695; running extreme 15m-1788354000-1-17025e @ 0.58203 across 4 actionable campaign zone(s)
3rd September 2026 18:55:15 IST | INFO | 5m cycle @ 3rd September 2026 18:55:00 IST | scanned 29/29 symbols in 2.8s (0.10s/symbol)
3rd September 2026 19:00:18 IST | INFO | 5m cycle @ 3rd September 2026 19:00:00 IST | scanned 29/29 symbols in 2.9s (0.10s/symbol)
3rd September 2026 19:05:21 IST | INFO | 5m cycle @ 3rd September 2026 19:05:00 IST | scanned 29/29 symbols in 2.8s (0.10s/symbol)
3rd September 2026 19:10:23 IST | INFO | S146 GBPNZD: skipped non-extreme 15m zone 15m-1788429600--1-c809b4 @ 2.30193; running extreme 15m-1788354000--1-b9ce08 @ 2.31477 across 5 actionable campaign zone(s)
3rd September 2026 19:10:23 IST | INFO | 5m cycle @ 3rd September 2026 19:10:00 IST | scanned 29/29 symbols in 2.4s (0.08s/symbol)
3rd September 2026 19:15:12 IST | INFO | 5m cycle @ 3rd September 2026 19:15:00 IST | scanned 29/29 symbols in 3.1s (0.11s/symbol)
3rd September 2026 19:20:14 IST | INFO | 5m cycle @ 3rd September 2026 19:20:00 IST | scanned 29/29 symbols in 2.3s (0.08s/symbol)
3rd September 2026 19:25:16 IST | INFO | S146 AUDCAD: skipped non-extreme 15m zone 15m-1788435900-1-88dd60 @ 0.99225; running extreme 15m-1788430500-1-d22df4 @ 0.99148 across 2 actionable campaign zone(s)
3rd September 2026 19:25:17 IST | INFO | 5m cycle @ 3rd September 2026 19:25:00 IST | scanned 29/29 symbols in 2.6s (0.09s/symbol)
3rd September 2026 19:30:19 IST | INFO | 5m cycle @ 3rd September 2026 19:30:00 IST | scanned 29/29 symbols in 2.7s (0.09s/symbol)
3rd September 2026 19:35:22 IST | INFO | 5m cycle @ 3rd September 2026 19:35:00 IST | scanned 29/29 symbols in 2.7s (0.09s/symbol)
3rd September 2026 19:40:24 IST | INFO | 5m cycle @ 3rd September 2026 19:40:00 IST | scanned 29/29 symbols in 2.4s (0.08s/symbol)
3rd September 2026 19:45:13 IST | INFO | 5m cycle @ 3rd September 2026 19:45:00 IST | scanned 29/29 symbols in 3.3s (0.11s/symbol)
3rd September 2026 19:50:15 IST | INFO | 5m cycle @ 3rd September 2026 19:50:00 IST | scanned 29/29 symbols in 2.7s (0.09s/symbol)
3rd September 2026 19:55:18 IST | INFO | 5m cycle @ 3rd September 2026 19:55:00 IST | scanned 29/29 symbols in 2.6s (0.09s/symbol)
3rd September 2026 20:00:20 IST | INFO | S146 GBPCAD: skipped non-extreme 15m zone 15m-1788440400-1-ba9190 @ 1.86404; running extreme 15m-1788435900-1-256f49 @ 1.86150 across 2 actionable campaign zone(s)
3rd September 2026 20:00:20 IST | INFO | S146 SIGNAL AUDCAD LONG aggressive_liquidation | trigger=0.99179 stop=0.99125 target=0.99246 (1.25R) | stop_basis=liquidity_pool_plus_buffer liq_pool=True | 15m_extreme=True campaign_zones=1 | 4H dest=0.99480 (5.58R)
3rd September 2026 20:00:20 IST | WARNING | S146 AUDCAD: skipped by pre-order destination-quality gate — spread_pct_of_requested_risk | requested_risk=0.000539 spread=0.000180
3rd September 2026 20:00:21 IST | INFO | 5m cycle @ 3rd September 2026 20:00:00 IST | scanned 29/29 symbols in 3.0s (0.10s/symbol)
3rd September 2026 20:05:23 IST | INFO | S146 CADCHF: skipped non-extreme 15m zone 15m-1788437700--1-703c0c @ 0.58611; running extreme 15m-1788373800--1-fe9b8f @ 0.58770 across 3 actionable campaign zone(s)
3rd September 2026 20:05:24 IST | INFO | 5m cycle @ 3rd September 2026 20:05:00 IST | scanned 29/29 symbols in 2.7s (0.09s/symbol)
3rd September 2026 20:10:11 IST | INFO | 5m cycle @ 3rd September 2026 20:10:00 IST | scanned 29/29 symbols in 2.4s (0.08s/symbol)
3rd September 2026 20:15:13 IST | INFO | S146 AUDNZD: skipped non-extreme 15m zone 15m-1788440400--1-747530 @ 1.22508; running extreme 15m-1788359400--1-eb954a @ 1.22675 across 3 actionable campaign zone(s)
3rd September 2026 20:15:14 IST | INFO | 5m cycle @ 3rd September 2026 20:15:00 IST | scanned 29/29 symbols in 3.1s (0.11s/symbol)
3rd September 2026 20:20:15 IST | INFO | S146 USDCHF: skipped non-extreme 15m zone 15m-1788437700--1-dd219b @ 0.80850; running extreme 15m-1788353100--1-815014 @ 0.81471 across 5 actionable campaign zone(s)
3rd September 2026 20:20:16 IST | INFO | 5m cycle @ 3rd September 2026 20:20:00 IST | scanned 29/29 symbols in 1.9s (0.07s/symbol)
3rd September 2026 20:25:19 IST | INFO | 5m cycle @ 3rd September 2026 20:25:00 IST | scanned 29/29 symbols in 2.6s (0.09s/symbol)
3rd September 2026 20:30:22 IST | INFO | 5m cycle @ 3rd September 2026 20:30:00 IST | scanned 29/29 symbols in 3.0s (0.10s/symbol)
3rd September 2026 20:35:23 IST | INFO | S146 SIGNAL EURCAD LONG aggressive_liquidation | trigger=1.60214 stop=1.60120 target=1.60332 (1.25R) | stop_basis=liquidity_pool_plus_buffer liq_pool=True | 15m_extreme=True campaign_zones=1 | 4H dest=1.61129 (9.73R)
3rd September 2026 20:35:23 IST | WARNING | S146 EURCAD: skipped by pre-order destination-quality gate — spread_pct_of_requested_risk, destination_width_r | requested_risk=0.000940 spread=0.000150
3rd September 2026 20:35:24 IST | INFO | S146 XAUUSD: skipped non-extreme 15m zone 15m-1788440400-1-d0cff5 @ 4493.39200; running extreme 15m-1788345900-1-eb620b @ 4309.42800 across 7 actionable campaign zone(s)
3rd September 2026 20:35:24 IST | INFO | 5m cycle @ 3rd September 2026 20:35:00 IST | scanned 29/29 symbols in 2.7s (0.09s/symbol)
3rd September 2026 20:40:12 IST | INFO | 5m cycle @ 3rd September 2026 20:40:00 IST | scanned 29/29 symbols in 2.4s (0.08s/symbol)
3rd September 2026 20:45:15 IST | INFO | 5m cycle @ 3rd September 2026 20:45:00 IST | scanned 29/29 symbols in 3.1s (0.11s/symbol)
3rd September 2026 20:50:17 IST | INFO | 5m cycle @ 3rd September 2026 20:50:00 IST | scanned 29/29 symbols in 2.4s (0.08s/symbol)
3rd September 2026 20:55:18 IST | INFO | S146 SIGNAL EURUSD SHORT aggressive_liquidation | trigger=1.16204 stop=1.16281 target=1.16108 (1.25R) | stop_basis=liquidity_pool_plus_buffer liq_pool=True | 15m_extreme=True campaign_zones=1 | 4H dest=1.15871 (4.35R)
3rd September 2026 20:55:24 IST | INFO | Email sent: S146 SHORT EURUSD @ 1.16204 (1.25R target)
3rd September 2026 20:55:24 IST | INFO | EURUSD: market order placed #2300990281 0.16 lots @ 1.16239 | sl/tp attached=True
3rd September 2026 20:55:26 IST | INFO | 5m cycle @ 3rd September 2026 20:55:00 IST | scanned 29/29 symbols in 8.8s (0.30s/symbol)
3rd September 2026 21:00:14 IST | INFO | 5m cycle @ 3rd September 2026 21:00:00 IST | scanned 29/29 symbols in 2.2s (0.08s/symbol)
3rd September 2026 21:05:16 IST | INFO | 5m cycle @ 3rd September 2026 21:05:00 IST | scanned 29/29 symbols in 2.4s (0.08s/symbol)
3rd September 2026 21:10:19 IST | INFO | 5m cycle @ 3rd September 2026 21:10:00 IST | scanned 29/29 symbols in 2.2s (0.08s/symbol)
3rd September 2026 21:15:22 IST | INFO | 5m cycle @ 3rd September 2026 21:15:00 IST | scanned 29/29 symbols in 2.9s (0.10s/symbol)
3rd September 2026 21:20:25 IST | INFO | 5m cycle @ 3rd September 2026 21:20:00 IST | scanned 29/29 symbols in 2.4s (0.08s/symbol)
3rd September 2026 21:22:40 IST | INFO | s146 #2300990281 partial 0.08/0.16 lots at 1.27R ok=True
3rd September 2026 21:22:40 IST | INFO | s146 #2300990281 ladder sl -> 1.16239 (+0.00R at peak 1.27R) ok=True
3rd September 2026 21:25:13 IST | INFO | 5m cycle @ 3rd September 2026 21:25:00 IST | scanned 29/29 symbols in 2.3s (0.08s/symbol)
3rd September 2026 21:30:16 IST | INFO | 5m cycle @ 3rd September 2026 21:30:00 IST | scanned 29/29 symbols in 2.6s (0.09s/symbol)
3rd September 2026 21:35:18 IST | INFO | 5m cycle @ 3rd September 2026 21:35:00 IST | scanned 29/29 symbols in 2.8s (0.09s/symbol)
3rd September 2026 21:40:21 IST | INFO | 5m cycle @ 3rd September 2026 21:40:00 IST | scanned 29/29 symbols in 2.4s (0.08s/symbol)
3rd September 2026 21:45:24 IST | INFO | 5m cycle @ 3rd September 2026 21:45:00 IST | scanned 29/29 symbols in 3.0s (0.11s/symbol)
3rd September 2026 21:50:10 IST | INFO | S146 SIGNAL GBPJPY LONG aggressive_liquidation | trigger=210.42752 stop=210.02650 target=210.92880 (1.25R) | stop_basis=liquidity_pool_plus_buffer liq_pool=True | 15m_extreme=True campaign_zones=1 | 4H dest=214.12500 (9.22R)
3rd September 2026 21:50:23 IST | INFO | Email sent: S146 LONG GBPJPY @ 210.42752 (1.25R target)
3rd September 2026 21:50:23 IST | INFO | GBPJPY: market order placed #2301500128 0.14 lots @ 210.41700 | sl/tp attached=True
3rd September 2026 21:50:24 IST | INFO | 5m cycle @ 3rd September 2026 21:50:00 IST | scanned 29/29 symbols in 15.0s (0.52s/symbol)
3rd September 2026 21:55:11 IST | INFO | 5m cycle @ 3rd September 2026 21:55:00 IST | scanned 29/29 symbols in 2.5s (0.09s/symbol)
3rd September 2026 22:00:14 IST | INFO | 5m cycle @ 3rd September 2026 22:00:00 IST | scanned 29/29 symbols in 2.5s (0.09s/symbol)
3rd September 2026 22:05:16 IST | INFO | 5m cycle @ 3rd September 2026 22:05:00 IST | scanned 29/29 symbols in 2.2s (0.08s/symbol)
3rd September 2026 22:10:18 IST | INFO | 5m cycle @ 3rd September 2026 22:10:00 IST | scanned 29/29 symbols in 1.8s (0.06s/symbol)
3rd September 2026 22:15:21 IST | INFO | 5m cycle @ 3rd September 2026 22:15:00 IST | scanned 29/29 symbols in 3.1s (0.11s/symbol)
3rd September 2026 22:20:24 IST | INFO | 5m cycle @ 3rd September 2026 22:20:00 IST | scanned 29/29 symbols in 2.3s (0.08s/symbol)
3rd September 2026 22:25:10 IST | INFO | S146 SIGNAL GBPCHF LONG aggressive_liquidation | trigger=1.09135 stop=1.08952 target=1.09365 (1.25R) | stop_basis=liquidity_pool_plus_buffer liq_pool=True | 15m_extreme=True campaign_zones=1 | 4H dest=1.09747 (3.33R)
3rd September 2026 22:25:10 IST | WARNING | S146 GBPCHF: skipped by pre-order destination-quality gate — destination_width_r, destination_origin_lag_h4_bars | requested_risk=0.001839 spread=0.000150
3rd September 2026 22:25:11 IST | INFO | 5m cycle @ 3rd September 2026 22:25:00 IST | scanned 29/29 symbols in 2.6s (0.09s/symbol)
3rd September 2026 22:30:14 IST | INFO | 5m cycle @ 3rd September 2026 22:30:00 IST | scanned 29/29 symbols in 2.5s (0.09s/symbol)
3rd September 2026 22:35:16 IST | INFO | 5m cycle @ 3rd September 2026 22:35:00 IST | scanned 29/29 symbols in 2.5s (0.09s/symbol)
3rd September 2026 22:40:19 IST | INFO | 5m cycle @ 3rd September 2026 22:40:00 IST | scanned 29/29 symbols in 2.2s (0.08s/symbol)
3rd September 2026 22:45:22 IST | INFO | 5m cycle @ 3rd September 2026 22:45:00 IST | scanned 29/29 symbols in 3.2s (0.11s/symbol)
3rd September 2026 22:50:24 IST | INFO | 5m cycle @ 3rd September 2026 22:50:00 IST | scanned 29/29 symbols in 2.0s (0.07s/symbol)
3rd September 2026 22:55:12 IST | INFO | 5m cycle @ 3rd September 2026 22:55:00 IST | scanned 29/29 symbols in 2.5s (0.09s/symbol)
3rd September 2026 23:00:14 IST | INFO | 5m cycle @ 3rd September 2026 23:00:00 IST | scanned 29/29 symbols in 2.6s (0.09s/symbol)
3rd September 2026 23:05:17 IST | INFO | 5m cycle @ 3rd September 2026 23:05:00 IST | scanned 29/29 symbols in 2.6s (0.09s/symbol)
3rd September 2026 23:10:21 IST | INFO | 5m cycle @ 3rd September 2026 23:10:00 IST | scanned 29/29 symbols in 3.5s (0.12s/symbol)
3rd September 2026 23:15:25 IST | INFO | 5m cycle @ 3rd September 2026 23:15:00 IST | scanned 29/29 symbols in 4.0s (0.14s/symbol)
3rd September 2026 23:20:12 IST | INFO | 5m cycle @ 3rd September 2026 23:20:00 IST | scanned 29/29 symbols in 2.8s (0.10s/symbol)
3rd September 2026 23:25:15 IST | INFO | 5m cycle @ 3rd September 2026 23:25:00 IST | scanned 29/29 symbols in 2.8s (0.10s/symbol)
3rd September 2026 23:30:19 IST | INFO | 5m cycle @ 3rd September 2026 23:30:00 IST | scanned 29/29 symbols in 3.4s (0.12s/symbol)
3rd September 2026 23:35:21 IST | INFO | 5m cycle @ 3rd September 2026 23:35:00 IST | scanned 29/29 symbols in 2.7s (0.09s/symbol)
3rd September 2026 23:40:22 IST | INFO | S146 NZDUSD: skipped non-extreme 15m zone 15m-1788449400-1-960e70 @ 0.58849; running extreme 15m-1788354000-1-17025e @ 0.58203 across 5 actionable campaign zone(s)
3rd September 2026 23:40:23 IST | INFO | S146 AUDNZD: skipped non-extreme 15m zone 15m-1788445800--1-ce3eb9 @ 1.22439; running extreme 15m-1788359400--1-eb954a @ 1.22675 across 3 actionable campaign zone(s)
3rd September 2026 23:40:24 IST | INFO | 5m cycle @ 3rd September 2026 23:40:00 IST | scanned 29/29 symbols in 3.0s (0.10s/symbol)
3rd September 2026 23:45:13 IST | INFO | S146 SIGNAL CHFJPY LONG aggressive_liquidation | trigger=192.73464 stop=192.41038 target=193.13996 (1.25R) | stop_basis=liquidity_pool_plus_buffer liq_pool=True | 15m_extreme=True campaign_zones=1 | 4H dest=195.30300 (7.92R)
3rd September 2026 23:45:18 IST | INFO | Email sent: S146 LONG CHFJPY @ 192.73464 (1.25R target)
3rd September 2026 23:45:19 IST | INFO | CHFJPY: market order placed #2302144140 0.15 lots @ 192.73400 | sl/tp attached=True
3rd September 2026 23:45:19 IST | INFO | 5m cycle @ 3rd September 2026 23:45:00 IST | scanned 29/29 symbols in 9.4s (0.33s/symbol)
3rd September 2026 23:50:22 IST | INFO | 5m cycle @ 3rd September 2026 23:50:00 IST | scanned 29/29 symbols in 2.8s (0.10s/symbol)
3rd September 2026 23:55:24 IST | INFO | 5m cycle @ 3rd September 2026 23:55:00 IST | scanned 29/29 symbols in 2.8s (0.10s/symbol)
4th September 2026 0:00:13 IST | INFO | 5m cycle @ 4th September 2026 0:00:00 IST | scanned 29/29 symbols in 3.3s (0.11s/symbol)
4th September 2026 0:05:15 IST | INFO | 5m cycle @ 4th September 2026 0:05:00 IST | scanned 29/29 symbols in 1.6s (0.05s/symbol)
4th September 2026 0:10:16 IST | INFO | 5m cycle @ 4th September 2026 0:10:00 IST | scanned 29/29 symbols in 1.6s (0.05s/symbol)
4th September 2026 0:15:18 IST | INFO | 5m cycle @ 4th September 2026 0:15:00 IST | scanned 29/29 symbols in 1.8s (0.06s/symbol)
4th September 2026 0:20:20 IST | INFO | 5m cycle @ 4th September 2026 0:20:00 IST | scanned 29/29 symbols in 1.6s (0.06s/symbol)
4th September 2026 0:25:22 IST | INFO | 5m cycle @ 4th September 2026 0:25:00 IST | scanned 29/29 symbols in 1.5s (0.05s/symbol)
4th September 2026 0:30:23 IST | INFO | 5m cycle @ 4th September 2026 0:30:00 IST | scanned 29/29 symbols in 1.8s (0.06s/symbol)
4th September 2026 0:35:10 IST | INFO | 5m cycle @ 4th September 2026 0:35:00 IST | scanned 29/29 symbols in 1.6s (0.05s/symbol)
4th September 2026 0:40:12 IST | INFO | S146 XAUUSD: skipped non-extreme 15m zone 15m-1788445800-1-4db747 @ 4477.44500; running extreme 15m-1788345900-1-eb620b @ 4309.42800 across 7 actionable campaign zone(s)
4th September 2026 0:40:12 IST | INFO | 5m cycle @ 4th September 2026 0:40:00 IST | scanned 29/29 symbols in 1.6s (0.05s/symbol)
4th September 2026 0:45:14 IST | INFO | 5m cycle @ 4th September 2026 0:45:00 IST | scanned 29/29 symbols in 1.9s (0.07s/symbol)
4th September 2026 0:50:16 IST | INFO | 5m cycle @ 4th September 2026 0:50:00 IST | scanned 29/29 symbols in 1.5s (0.05s/symbol)
4th September 2026 0:55:17 IST | INFO | 5m cycle @ 4th September 2026 0:55:00 IST | scanned 29/29 symbols in 1.5s (0.05s/symbol)
4th September 2026 1:00:20 IST | INFO | 5m cycle @ 4th September 2026 1:00:00 IST | scanned 29/29 symbols in 2.4s (0.08s/symbol)
4th September 2026 1:05:22 IST | INFO | 5m cycle @ 4th September 2026 1:05:00 IST | scanned 29/29 symbols in 1.8s (0.06s/symbol)
4th September 2026 1:10:24 IST | INFO | 5m cycle @ 4th September 2026 1:10:00 IST | scanned 29/29 symbols in 1.8s (0.06s/symbol)
4th September 2026 1:15:11 IST | INFO | 5m cycle @ 4th September 2026 1:15:00 IST | scanned 29/29 symbols in 2.1s (0.07s/symbol)
4th September 2026 1:20:13 IST | INFO | 5m cycle @ 4th September 2026 1:20:00 IST | scanned 29/29 symbols in 1.8s (0.06s/symbol)
4th September 2026 1:25:15 IST | INFO | 5m cycle @ 4th September 2026 1:25:00 IST | scanned 29/29 symbols in 1.7s (0.06s/symbol)
4th September 2026 1:30:17 IST | INFO | 5m cycle @ 4th September 2026 1:30:00 IST | scanned 29/29 symbols in 2.5s (0.09s/symbol)
4th September 2026 1:35:19 IST | INFO | S146 CADCHF: skipped non-extreme 15m zone 15m-1788449400--1-947057 @ 0.58566; running extreme 15m-1788373800--1-fe9b8f @ 0.58770 across 3 actionable campaign zone(s)
4th September 2026 1:35:19 IST | INFO | 5m cycle @ 4th September 2026 1:35:00 IST | scanned 29/29 symbols in 1.9s (0.07s/symbol)
4th September 2026 1:40:21 IST | INFO | 5m cycle @ 4th September 2026 1:40:00 IST | scanned 29/29 symbols in 1.7s (0.06s/symbol)
4th September 2026 1:45:23 IST | INFO | 5m cycle @ 4th September 2026 1:45:00 IST | scanned 29/29 symbols in 2.1s (0.07s/symbol)
4th September 2026 1:50:11 IST | INFO | 5m cycle @ 4th September 2026 1:50:00 IST | scanned 29/29 symbols in 2.8s (0.10s/symbol)
4th September 2026 1:55:13 IST | INFO | 5m cycle @ 4th September 2026 1:55:00 IST | scanned 29/29 symbols in 2.1s (0.07s/symbol)
4th September 2026 2:00:16 IST | INFO | 5m cycle @ 4th September 2026 2:00:00 IST | scanned 29/29 symbols in 3.2s (0.11s/symbol)
4th September 2026 2:05:19 IST | INFO | 5m cycle @ 4th September 2026 2:05:00 IST | scanned 29/29 symbols in 2.4s (0.08s/symbol)
4th September 2026 2:10:21 IST | INFO | 5m cycle @ 4th September 2026 2:10:00 IST | scanned 29/29 symbols in 2.5s (0.08s/symbol)
4th September 2026 2:15:24 IST | INFO | 5m cycle @ 4th September 2026 2:15:00 IST | scanned 29/29 symbols in 2.9s (0.10s/symbol)
4th September 2026 2:20:11 IST | INFO | 5m cycle @ 4th September 2026 2:20:00 IST | scanned 29/29 symbols in 2.2s (0.08s/symbol)
4th September 2026 2:25:13 IST | INFO | 5m cycle @ 4th September 2026 2:25:00 IST | scanned 29/29 symbols in 2.2s (0.08s/symbol)
4th September 2026 2:30:16 IST | INFO | 5m cycle @ 4th September 2026 2:30:00 IST | scanned 29/29 symbols in 2.6s (0.09s/symbol)
4th September 2026 2:35:18 IST | INFO | 5m cycle @ 4th September 2026 2:35:00 IST | scanned 29/29 symbols in 2.4s (0.08s/symbol)
4th September 2026 2:40:21 IST | INFO | 5m cycle @ 4th September 2026 2:40:00 IST | scanned 29/29 symbols in 2.5s (0.09s/symbol)
4th September 2026 2:45:24 IST | INFO | 5m cycle @ 4th September 2026 2:45:00 IST | scanned 29/29 symbols in 3.1s (0.11s/symbol)
4th September 2026 2:50:11 IST | INFO | 5m cycle @ 4th September 2026 2:50:00 IST | scanned 29/29 symbols in 2.2s (0.07s/symbol)
4th September 2026 2:55:12 IST | INFO | S146 USDCHF: skipped non-extreme 15m zone 15m-1788449400--1-49575f @ 0.80738; running extreme 15m-1788353100--1-815014 @ 0.81471 across 7 actionable campaign zone(s)
4th September 2026 2:55:12 IST | INFO | S146 SIGNAL EURAUD LONG aggressive_liquidation | trigger=1.61424 stop=1.61330 target=1.61542 (1.25R) | stop_basis=15m_zone_distal_plus_buffer liq_pool=False | 15m_extreme=True campaign_zones=1 | 4H dest=1.61709 (3.03R)
4th September 2026 2:55:12 IST | WARNING | S146 EURAUD: skipped by pre-order destination-quality gate — spread_pct_of_requested_risk, destination_width_r | requested_risk=0.000941 spread=0.000780
4th September 2026 2:55:13 IST | INFO | 5m cycle @ 4th September 2026 2:55:00 IST | scanned 29/29 symbols in 2.1s (0.07s/symbol)
4th September 2026 3:00:16 IST | INFO | 5m cycle @ 4th September 2026 3:00:00 IST | scanned 29/29 symbols in 2.7s (0.09s/symbol)
4th September 2026 3:05:19 IST | INFO | 5m cycle @ 4th September 2026 3:05:00 IST | scanned 29/29 symbols in 2.8s (0.10s/symbol)
4th September 2026 3:10:19 IST | INFO | S146 USDJPY: skipped non-extreme 15m zone 15m-1788468300-1-1a6e2d @ 155.79100; running extreme 15m-1788458400-1-4b0fa1 @ 155.46500 across 3 actionable campaign zone(s)
4th September 2026 3:10:22 IST | INFO | 5m cycle @ 4th September 2026 3:10:00 IST | scanned 29/29 symbols in 3.0s (0.10s/symbol)
4th September 2026 3:15:24 IST | INFO | 5m cycle @ 4th September 2026 3:15:00 IST | scanned 29/29 symbols in 2.6s (0.09s/symbol)
4th September 2026 3:20:13 IST | INFO | 5m cycle @ 4th September 2026 3:20:00 IST | scanned 29/29 symbols in 3.1s (0.11s/symbol)
4th September 2026 3:25:15 IST | INFO | 5m cycle @ 4th September 2026 3:25:00 IST | scanned 29/29 symbols in 2.0s (0.07s/symbol)
4th September 2026 3:30:17 IST | INFO | 5m cycle @ 4th September 2026 3:30:00 IST | scanned 29/29 symbols in 2.3s (0.08s/symbol)
4th September 2026 3:35:23 IST | INFO | 5m cycle @ 4th September 2026 3:35:00 IST | scanned 29/29 symbols in 5.9s (0.20s/symbol)
4th September 2026 3:40:11 IST | INFO | S146 XAUUSD: skipped non-extreme 15m zone 15m-1788463800--1-c41de1 @ 4476.01000; running extreme 15m-1788455700--1-01b1a0 @ 4487.78300 across 2 actionable campaign zone(s)
4th September 2026 3:40:11 IST | INFO | 5m cycle @ 4th September 2026 3:40:00 IST | scanned 29/29 symbols in 2.0s (0.07s/symbol)
4th September 2026 3:45:13 IST | INFO | S146 GBPNZD: skipped non-extreme 15m zone 15m-1788466500--1-c00707 @ 2.29926; running extreme 15m-1788354000--1-b9ce08 @ 2.31477 across 6 actionable campaign zone(s)
4th September 2026 3:45:14 IST | INFO | 5m cycle @ 4th September 2026 3:45:00 IST | scanned 29/29 symbols in 2.4s (0.08s/symbol)
4th September 2026 3:50:16 IST | INFO | 5m cycle @ 4th September 2026 3:50:00 IST | scanned 29/29 symbols in 2.4s (0.08s/symbol)
4th September 2026 13:52:37 IST | INFO | 5m cycle @ 4th September 2026 13:50:00 IST | scanned 29/29 symbols in 13.9s (0.48s/symbol)
4th September 2026 13:52:52 IST | INFO | s146 #2298746926 partial 0.16/0.32 lots at 1.53R ok=True
4th September 2026 13:52:52 IST | INFO | s146 #2298746926 ladder sl -> 0.81122 (+1.00R at peak 1.53R) ok=True
4th September 2026 14:20:49 IST | INFO | MT5 connected | Exness-MT5Trial15 | DEMO | balance=17840.03 INR | leverage 1:2000
4th September 2026 14:20:49 IST | INFO | liveTrade s146 started | Strategy 146 live engine started | ---------------------------------------- | Account   : 474381718 DEMO INR bal=17840.03 | Symbols   : EURUSD, GBPUSD, USDJPY, USDCHF, AUDUSD, NZDUSD, USDCAD, EURGBP, EURJPY, EURCHF, EURAUD, EURCAD, EURNZD, GBPJPY, GBPCHF, GBPAUD, GBPCAD, GBPNZD, AUDJPY, AUDNZD, AUDCAD, AUDCHF, NZDJPY, NZDCAD, NZDCHF, CADJPY, CADCHF, CHFJPY, XAUUSD | DRY_RUN   : False | Demo only : True (orders blocked: False) | Sizing    : margin Rs1000 @ 1:2000 | free-margin budget 80% | max_concurrent=8 | Exposure  : same destination <= 1 | currency leg <= 3 | Cost gate : skip when spread > 30% of risk | short stop spread pad 0.0x | Entry mode: market (SL/TP attached: True) | Risk guard : DISABLED for s146 (loss_at_sl is informational only) | Stop      : liquidity pool outside 15m zone when available, else distal edge + 0.5 bps buffer | Exit ladder: True | partial 50% at 1.25R | trail step/giveback 0.5R/0.5R | broker TP = 4H destination | Money lock: True | bank 0.7x margin once profit reaches 1.5x margin (once per position) | Target    : 1.25R partial milestone (4H destination is the broker-side ceiling) | R:R band  : 1.5 - 20.0 (measured to the 4H destination) | Hold limit: 864 5m bars | 15m select: running extreme since 4H confirmation=True (highest supply for short / lowest demand for long) | Legacy new-15m fallback: True (engine start 4th September 2026 14:20:49 IST) | Journals  : {'4h': 'D:\\WorkZera\\Projects\\strategies\\yt_learning\\liveTrade\\logs\\s146_4h_events.log', '15m': 'D:\\WorkZera\\Projects\\strategies\\yt_learning\\liveTrade\\logs\\s146_15m_events.log', '5m': 'D:\\WorkZera\\Projects\\strategies\\yt_learning\\liveTrade\\logs\\s146_5m_events.log', 'trade': 'D:\\WorkZera\\Projects\\strategies\\yt_learning\\liveTrade\\logs\\s146_trades.log'} | 
4th September 2026 14:20:53 IST | INFO | Email sent: Strategy146 liveTrade STARTED
4th September 2026 14:20:53 IST | ERROR | s146 FILLED #2298746926 NZDCADm has no exact signal linkage
4th September 2026 14:20:53 IST | INFO | s146 FILLED #2298746926 NZDCADm @ 0.8101200000000001 | broker sl=0.81122 tp=0.81831
4th September 2026 14:20:59 IST | INFO | 5m cycle @ 4th September 2026 14:20:00 IST | scanned 29/29 symbols in 5.7s (0.20s/symbol)
4th September 2026 14:25:18 IST | INFO | 5m cycle @ 4th September 2026 14:25:00 IST | scanned 29/29 symbols in 4.1s (0.14s/symbol)
4th September 2026 14:30:20 IST | INFO | 5m cycle @ 4th September 2026 14:30:00 IST | scanned 29/29 symbols in 1.8s (0.06s/symbol)
4th September 2026 14:35:21 IST | INFO | S146 AUDNZD: skipped non-extreme 15m zone 15m-1788470100--1-3e9b89 @ 1.22417; running extreme 15m-1788359400--1-eb954a @ 1.22675 across 4 actionable campaign zone(s)
4th September 2026 14:35:21 IST | INFO | 5m cycle @ 4th September 2026 14:35:00 IST | scanned 29/29 symbols in 1.7s (0.06s/symbol)
4th September 2026 14:40:23 IST | INFO | 5m cycle @ 4th September 2026 14:40:00 IST | scanned 29/29 symbols in 1.7s (0.06s/symbol)
4th September 2026 14:45:10 IST | INFO | 5m cycle @ 4th September 2026 14:45:00 IST | scanned 29/29 symbols in 2.1s (0.07s/symbol)
4th September 2026 14:50:12 IST | INFO | 5m cycle @ 4th September 2026 14:50:00 IST | scanned 29/29 symbols in 1.6s (0.05s/symbol)
4th September 2026 14:54:57 IST | INFO | s146 position #2298746926 closed | reason=stop_loss | pnl=3283.7200000000003
4th September 2026 14:55:01 IST | INFO | Email sent: S146 CLOSED  stop_loss pnl=3283.7200000000003
4th September 2026 14:55:19 IST | INFO | 5m cycle @ 4th September 2026 14:55:00 IST | scanned 29/29 symbols in 3.2s (0.11s/symbol)
4th September 2026 15:00:19 IST | INFO | S146 EURGBP: skipped non-extreme 15m zone 15m-1788498900--1-8e4764 @ 0.85913; running extreme 15m-1788444900--1-f9c43f @ 0.86009 across 3 actionable campaign zone(s)
4th September 2026 15:00:21 IST | INFO | 5m cycle @ 4th September 2026 15:00:00 IST | scanned 29/29 symbols in 1.9s (0.07s/symbol)
4th September 2026 15:05:21 IST | INFO | S146 USDJPY: skipped non-extreme 15m zone 15m-1788509700-1-7d57e9 @ 156.36700; running extreme 15m-1788490800-1-8e04e2 @ 156.06600 across 2 actionable campaign zone(s)
4th September 2026 15:05:22 IST | INFO | 5m cycle @ 4th September 2026 15:05:00 IST | scanned 29/29 symbols in 1.8s (0.06s/symbol)
4th September 2026 15:10:24 IST | INFO | 5m cycle @ 4th September 2026 15:10:00 IST | scanned 29/29 symbols in 1.7s (0.06s/symbol)
4th September 2026 15:15:11 IST | INFO | 5m cycle @ 4th September 2026 15:15:00 IST | scanned 29/29 symbols in 2.0s (0.07s/symbol)
4th September 2026 15:20:14 IST | INFO | 5m cycle @ 4th September 2026 15:20:00 IST | scanned 29/29 symbols in 2.9s (0.10s/symbol)
4th September 2026 15:25:15 IST | INFO | S146 SIGNAL AUDCAD SHORT aggressive_liquidation | trigger=0.99369 stop=0.99411 target=0.99316 (1.25R) | stop_basis=liquidity_pool_plus_buffer liq_pool=True | 15m_extreme=True campaign_zones=1 | 4H dest=0.99285 (1.98R)
4th September 2026 15:25:15 IST | WARNING | S146 AUDCAD: skipped by pre-order destination-quality gate — spread_pct_of_requested_risk, destination_width_r | requested_risk=0.000424 spread=0.000180
4th September 2026 15:25:16 IST | INFO | 5m cycle @ 4th September 2026 15:25:00 IST | scanned 29/29 symbols in 1.8s (0.06s/symbol)
4th September 2026 15:30:18 IST | INFO | 5m cycle @ 4th September 2026 15:30:00 IST | scanned 29/29 symbols in 1.9s (0.06s/symbol)
4th September 2026 15:35:19 IST | INFO | S146 AUDNZD: skipped non-extreme 15m zone 15m-1788462900--1-663743 @ 1.22461; running extreme 15m-1788359400--1-eb954a @ 1.22675 across 3 actionable campaign zone(s)
4th September 2026 15:35:20 IST | INFO | 5m cycle @ 4th September 2026 15:35:00 IST | scanned 29/29 symbols in 2.0s (0.07s/symbol)
4th September 2026 15:40:21 IST | INFO | S146 GBPCAD: skipped non-extreme 15m zone 15m-1788499800-1-6aee6a @ 1.86635; running extreme 15m-1788435900-1-256f49 @ 1.86150 across 4 actionable campaign zone(s)
4th September 2026 15:40:21 IST | INFO | 5m cycle @ 4th September 2026 15:40:00 IST | scanned 29/29 symbols in 1.7s (0.06s/symbol)
4th September 2026 15:45:23 IST | INFO | 5m cycle @ 4th September 2026 15:45:00 IST | scanned 29/29 symbols in 1.9s (0.07s/symbol)
4th September 2026 15:50:10 IST | INFO | S146 CHFJPY: skipped non-extreme 15m zone 15m-1788490800-1-a0fb35 @ 193.18700; running extreme 15m-1788481800-1-79082a @ 192.89500 across 2 actionable campaign zone(s)
4th September 2026 15:50:10 IST | INFO | 5m cycle @ 4th September 2026 15:50:00 IST | scanned 29/29 symbols in 1.7s (0.06s/symbol)
