time_utc,time,open,high,low,close,tick_volume,spread,real_volume
2025-07-21T12:00:00Z,1753099200,0.59704,0.5984,0.59622,0.59764,4593,17,0
2025-07-21T16:00:00Z,1753113600,0.59763,0.5979,0.59692,0.59693,2574,17,0
2025-07-21T20:00:00Z,1753128000,0.59694,0.59709,0.59608,0.59681,1869,17,0
2025-07-22T00:00:00Z,1753142400,0.59681,0.5969,0.59553,0.59588,3125,17,0
2025-07-22T04:00:00Z,1753156800,0.59588,0.59632,0.59399,0.59408,3184,17,0
2025-07-22T08:00:00Z,1753171200,0.59408,0.59579,0.59402,0.59574,3222,17,0
2025-07-22T12:00:00Z,1753185600,0.59574,0.59995,0.59573,0.59988,5791,17,0
2025-07-22T16:00:00Z,1753200000,0.59989,0.60034,0.59941,0.60015,3227,17,0
2025-07-22T20:00:00Z,1753214400,0.60016,0.60076,0.59902,0.59972,2881,17,0
2025-07-23T00:00:00Z,1753228800,0.59971,0.60133,0.59934,0.60058,4522,17,0
2025-07-23T04:00:00Z,1753243200,0.60058,0.6033,0.60058,0.60305,3838,17,0
2025-07-23T08:00:00Z,1753257600,0.60306,0.60463,0.60286,0.6043,3456,17,0
2025-07-23T12:00:00Z,1753272000,0.60431,0.60451,0.60295,0.60366,5351,17,0
2025-07-23T16:00:00Z,1753286400,0.60364,0.60457,0.6026,0.60433,4393,17,0
2025-07-23T20:00:00Z,1753300800,0.60434,0.60507,0.60367,0.60465,2189,17,0
2025-07-24T00:00:00Z,1753315200,0.60465,0.60583,0.60409,0.60511,4156,17,0
2025-07-24T04:00:00Z,1753329600,0.60508,0.60581,0.60436,0.60475,3995,17,0
2025-07-24T08:00:00Z,1753344000,0.60477,0.60569,0.60408,0.60503,3605,17,0
2025-07-24T12:00:00Z,1753358400,0.60503,0.60552,0.60349,0.6039,6393,17,0
2025-07-24T16:00:00Z,1753372800,0.60388,0.60432,0.60335,0.60345,3092,17,0
2025-07-24T20:00:00Z,1753387200,0.60345,0.60363,0.60221,0.60348,2361,17,0
2025-07-25T00:00:00Z,1753401600,0.60348,0.60382,0.60196,0.60271,3511,17,0
2025-07-25T04:00:00Z,1753416000,0.60271,0.60302,0.60106,0.60113,4224,17,0
2025-07-25T08:00:00Z,1753430400,0.60109,0.60153,0.60032,0.60142,3622,17,0
2025-07-25T12:00:00Z,1753444800,0.60142,0.60142,0.59972,0.60051,6108,17,0
2025-07-25T16:00:00Z,1753459200,0.60051,0.60154,0.60014,0.60144,2540,17,0
2025-07-25T20:00:00Z,1753473600,0.60141,0.60164,0.60122,0.60163,462,17,0
2025-07-27T20:00:00Z,1753646400,0.6008,0.60227,0.60078,0.60177,1491,17,0
2025-07-28T00:00:00Z,1753660800,0.60177,0.60319,0.60105,0.60137,4072,17,0
2025-07-28T04:00:00Z,1753675200,0.60137,0.60147,0.59715,0.59724,4357,17,0
2025-07-28T08:00:00Z,1753689600,0.59724,0.59834,0.59675,0.59807,4978,17,0
2025-07-28T12:00:00Z,1753704000,0.59806,0.59877,0.59699,0.59713,6260,17,0
2025-07-28T16:00:00Z,1753718400,0.59713,0.59724,0.59644,0.5971,2812,17,0
2025-07-28T20:00:00Z,1753732800,0.59709,0.59731,0.59645,0.59712,2022,17,0
2025-07-29T00:00:00Z,1753747200,0.59712,0.59754,0.59607,0.59666,3395,17,0
2025-07-29T04:00:00Z,1753761600,0.59666,0.59711,0.59448,0.59481,4383,17,0
2025-07-29T08:00:00Z,1753776000,0.59478,0.59631,0.59451,0.59467,4195,17,0
2025-07-29T12:00:00Z,1753790400,0.59469,0.59575,0.59418,0.59525,5925,17,0
2025-07-29T16:00:00Z,1753804800,0.59523,0.59605,0.59495,0.5956,3469,17,0
2025-07-29T20:00:00Z,1753819200,0.59558,0.59572,0.59505,0.59536,1882,17,0
2025-07-30T00:00:00Z,1753833600,0.59536,0.59707,0.59536,0.59653,4297,17,0
2025-07-30T04:00:00Z,1753848000,0.59654,0.59659,0.59555,0.59563,3880,17,0
2025-07-30T08:00:00Z,1753862400,0.59563,0.59599,0.59419,0.59452,3433,17,0
2025-07-30T12:00:00Z,1753876800,0.59452,0.59461,0.5908,0.59099,6466,17,0
2025-07-30T16:00:00Z,1753891200,0.59102,0.59284,0.5888,0.58917,7534,17,0
2025-07-30T20:00:00Z,1753905600,0.58917,0.59082,0.58884,0.59064,2815,17,0
2025-07-31T00:00:00Z,1753920000,0.59062,0.59151,0.5897,0.59146,4804,17,0
2025-07-31T04:00:00Z,1753934400,0.59147,0.59364,0.59122,0.59199,4459,17,0
2025-07-31T08:00:00Z,1753948800,0.59198,0.592,0.58949,0.59076,4116,17,0
2025-07-31T12:00:00Z,1753963200,0.59072,0.59092,0.58892,0.58922,6675,17,0
2025-07-31T16:00:00Z,1753977600,0.58921,0.58972,0.5886,0.58896,3661,17,0
2025-07-31T20:00:00Z,1753992000,0.58897,0.58933,0.58804,0.58861,2925,17,0
2025-08-01T00:00:00Z,1754006400,0.58861,0.58919,0.58735,0.5881,4339,17,0
2025-08-01T04:00:00Z,1754020800,0.58809,0.58832,0.58657,0.58673,3948,17,0
2025-08-01T08:00:00Z,1754035200,0.58673,0.58714,0.5858,0.58629,3396,17,0
2025-08-01T12:00:00Z,1754049600,0.58629,0.5928,0.58557,0.59091,12833,17,0
2025-08-01T16:00:00Z,1754064000,0.5909,0.59148,0.58886,0.59088,5741,17,0
2025-08-01T20:00:00Z,1754078400,0.5909,0.59221,0.59087,0.5914,1136,17,0
2025-08-03T20:00:00Z,1754251200,0.59016,0.59195,0.58998,0.59135,2393,17,0
2025-08-04T00:00:00Z,1754265600,0.59134,0.59219,0.59019,0.59171,4818,17,0
2025-08-04T04:00:00Z,1754280000,0.5917,0.59203,0.59037,0.59061,4242,17,0
2025-08-04T08:00:00Z,1754294400,0.59064,0.5921,0.59031,0.59198,4166,17,0
2025-08-04T12:00:00Z,1754308800,0.59202,0.59295,0.59024,0.59048,6039,17,0
2025-08-04T16:00:00Z,1754323200,0.59046,0.59069,0.58981,0.59028,3174,17,0
2025-08-04T20:00:00Z,1754337600,0.59028,0.5916,0.58999,0.59153,2186,17,0
2025-08-05T00:00:00Z,1754352000,0.59153,0.59217,0.58931,0.58937,3444,17,0
2025-08-05T04:00:00Z,1754366400,0.58937,0.59021,0.58864,0.58919,3668,17,0
2025-08-05T08:00:00Z,1754380800,0.58919,0.5895,0.58806,0.58895,3964,17,0
2025-08-05T12:00:00Z,1754395200,0.58895,0.59021,0.58854,0.58981,7154,17,0
2025-08-05T16:00:00Z,1754409600,0.58981,0.59039,0.58902,0.58939,3159,17,0
2025-08-05T20:00:00Z,1754424000,0.58939,0.59108,0.58896,0.59069,2629,17,0
2025-08-06T00:00:00Z,1754438400,0.59066,0.59229,0.59039,0.59212,3062,17,0
2025-08-06T04:00:00Z,1754452800,0.59212,0.59258,0.59149,0.59234,2835,17,0
2025-08-06T08:00:00Z,1754467200,0.59237,0.59349,0.59148,0.59314,3254,17,0
2025-08-06T12:00:00Z,1754481600,0.59313,0.59371,0.59204,0.59364,5440,17,0
2025-08-06T16:00:00Z,1754496000,0.59365,0.59404,0.59279,0.5933,3336,17,0
2025-08-06T20:00:00Z,1754510400,0.5933,0.59339,0.59239,0.59269,2415,17,0
2025-08-07T00:00:00Z,1754524800,0.59267,0.59441,0.59222,0.59436,3198,17,0
2025-08-07T04:00:00Z,1754539200,0.59436,0.59629,0.5942,0.59629,3392,17,0
2025-08-07T08:00:00Z,1754553600,0.59627,0.59666,0.59446,0.59499,4036,17,0
2025-08-07T12:00:00Z,1754568000,0.595,0.59604,0.59309,0.59424,6267,17,0
2025-08-07T16:00:00Z,1754582400,0.59423,0.59562,0.59379,0.5956,3691,17,0
2025-08-07T20:00:00Z,1754596800,0.5956,0.5971,0.59416,0.59679,2733,17,0
2025-08-08T00:00:00Z,1754611200,0.5968,0.59699,0.59528,0.59596,3115,17,0
2025-08-08T04:00:00Z,1754625600,0.59597,0.5966,0.59524,0.59622,3040,17,0
2025-08-08T08:00:00Z,1754640000,0.59621,0.59674,0.59489,0.59535,3405,17,0
2025-08-08T12:00:00Z,1754654400,0.59534,0.59622,0.59475,0.5953,4671,17,0
2025-08-08T16:00:00Z,1754668800,0.5953,0.59587,0.59465,0.59488,2674,17,0
2025-08-08T20:00:00Z,1754683200,0.59489,0.59542,0.59467,0.59536,611,17,0
2025-08-10T20:00:00Z,1754856000,0.59465,0.59524,0.59449,0.59465,1405,18,0
2025-08-11T00:00:00Z,1754870400,0.59465,0.59565,0.59434,0.59559,2768,18,0
2025-08-11T04:00:00Z,1754884800,0.59559,0.5958,0.59385,0.59399,2591,18,0
2025-08-11T08:00:00Z,1754899200,0.59399,0.59462,0.59275,0.59314,2964,18,0
2025-08-11T12:00:00Z,1754913600,0.59314,0.59344,0.59242,0.59335,4418,18,0
2025-08-11T16:00:00Z,1754928000,0.59335,0.59382,0.59286,0.59349,2420,18,0
2025-08-11T20:00:00Z,1754942400,0.59349,0.594,0.59301,0.59381,1758,18,0
2025-08-12T00:00:00Z,1754956800,0.59381,0.59452,0.59356,0.59358,2881,18,0
2025-08-12T04:00:00Z,1754971200,0.59358,0.59387,0.59251,0.59329,4244,18,0
2025-08-12T08:00:00Z,1754985600,0.5933,0.59335,0.59123,0.59172,2910,18,0
2025-08-12T12:00:00Z,1755000000,0.59174,0.59651,0.59172,0.59552,9400,18,0
2025-08-12T16:00:00Z,1755014400,0.59551,0.59593,0.59506,0.59529,3279,18,0
2025-08-12T20:00:00Z,1755028800,0.59529,0.59572,0.5947,0.59566,1947,18,0
2025-08-13T00:00:00Z,1755043200,0.59566,0.59603,0.59441,0.59575,2770,18,0
2025-08-13T04:00:00Z,1755057600,0.59574,0.59854,0.59527,0.59823,3034,18,0
2025-08-13T08:00:00Z,1755072000,0.5982,0.59949,0.59817,0.59869,3108,18,0
2025-08-13T12:00:00Z,1755086400,0.59868,0.59881,0.59736,0.5975,4448,18,0
2025-08-13T16:00:00Z,1755100800,0.59751,0.5979,0.59673,0.59726,2193,18,0
2025-08-13T20:00:00Z,1755115200,0.59726,0.59797,0.59665,0.5979,2070,18,0
2025-08-14T00:00:00Z,1755129600,0.59791,0.59902,0.59725,0.59731,3544,18,0
2025-08-14T04:00:00Z,1755144000,0.59731,0.59786,0.59491,0.59528,3895,18,0
2025-08-14T08:00:00Z,1755158400,0.59528,0.59582,0.5946,0.59481,3311,18,0
2025-08-14T12:00:00Z,1755172800,0.59484,0.59513,0.59109,0.59139,7133,18,0
2025-08-14T16:00:00Z,1755187200,0.59141,0.59201,0.59079,0.59191,3021,18,0
2025-08-14T20:00:00Z,1755201600,0.5919,0.59215,0.59088,0.59197,2154,18,0
2025-08-15T00:00:00Z,1755216000,0.59197,0.59241,0.59068,0.5923,2948,18,0
2025-08-15T04:00:00Z,1755230400,0.5923,0.59279,0.59153,0.59276,2647,18,0
2025-08-15T08:00:00Z,1755244800,0.59276,0.59303,0.59211,0.59267,2486,18,0
2025-08-15T12:00:00Z,1755259200,0.59267,0.59382,0.5917,0.59279,5488,18,0
2025-08-15T16:00:00Z,1755273600,0.59278,0.59295,0.59202,0.59233,2330,18,0
2025-08-15T20:00:00Z,1755288000,0.59234,0.59262,0.59208,0.5922,507,18,0
2025-08-17T20:00:00Z,1755460800,0.59179,0.59295,0.59167,0.59278,1117,18,0
2025-08-18T00:00:00Z,1755475200,0.59278,0.59371,0.59274,0.59326,2636,18,0
2025-08-18T04:00:00Z,1755489600,0.59326,0.59418,0.59301,0.5933,2974,18,0
2025-08-18T08:00:00Z,1755504000,0.5933,0.59418,0.59288,0.59332,2986,18,0
2025-08-18T12:00:00Z,1755518400,0.59332,0.59366,0.5909,0.59223,4075,18,0
2025-08-18T16:00:00Z,1755532800,0.59221,0.59243,0.59152,0.59234,2318,18,0
2025-08-18T20:00:00Z,1755547200,0.59234,0.59265,0.59157,0.59223,2026,18,0
2025-08-19T00:00:00Z,1755561600,0.59223,0.59282,0.59159,0.59216,3434,18,0
2025-08-19T04:00:00Z,1755576000,0.59215,0.59297,0.59146,0.59207,3146,18,0
2025-08-19T08:00:00Z,1755590400,0.59205,0.59287,0.59136,0.59249,3054,18,0
2025-08-19T12:00:00Z,1755604800,0.59251,0.59283,0.58987,0.58991,4463,18,0
2025-08-19T16:00:00Z,1755619200,0.58993,0.59039,0.58918,0.58948,2356,18,0
2025-08-19T20:00:00Z,1755633600,0.58947,0.58963,0.58859,0.58962,2095,18,0
2025-08-20T00:00:00Z,1755648000,0.58963,0.58972,0.58196,0.58268,6220,18,0
2025-08-20T04:00:00Z,1755662400,0.58268,0.58364,0.58167,0.58224,4199,18,0
2025-08-20T08:00:00Z,1755676800,0.58225,0.5831,0.58143,0.58212,3238,18,0
2025-08-20T12:00:00Z,1755691200,0.58212,0.58396,0.58178,0.58202,5063,18,0
2025-08-20T16:00:00Z,1755705600,0.58202,0.58333,0.58202,0.58253,2865,18,0
2025-08-20T20:00:00Z,1755720000,0.58255,0.58274,0.58162,0.58267,2196,18,0
2025-08-21T00:00:00Z,1755734400,0.58267,0.58321,0.58141,0.58164,3235,18,0
2025-08-21T04:00:00Z,1755748800,0.58164,0.58244,0.58126,0.5819,3105,18,0
2025-08-21T08:00:00Z,1755763200,0.58193,0.58299,0.58164,0.58199,2771,18,0
2025-08-21T12:00:00Z,1755777600,0.58199,0.58309,0.58101,0.58151,5843,18,0
2025-08-21T16:00:00Z,1755792000,0.5815,0.58234,0.58111,0.58153,2932,18,0
2025-08-21T20:00:00Z,1755806400,0.58152,0.58218,0.58121,0.58204,2091,18,0
2025-08-22T00:00:00Z,1755820800,0.58204,0.58214,0.5809,0.58119,3220,18,0
2025-08-22T04:00:00Z,1755835200,0.5812,0.58138,0.57992,0.58087,2688,18,0
2025-08-22T08:00:00Z,1755849600,0.58088,0.58133,0.58008,0.58067,2590,18,0
2025-08-22T12:00:00Z,1755864000,0.58066,0.58754,0.58066,0.58594,7881,18,0
2025-08-22T16:00:00Z,1755878400,0.58593,0.58734,0.58593,0.58646,3443,18,0
2025-08-22T20:00:00Z,1755892800,0.58647,0.58689,0.58646,0.58669,400,18,0
2025-08-24T20:00:00Z,1756065600,0.58605,0.587,0.58584,0.58635,1463,18,0
2025-08-25T00:00:00Z,1756080000,0.58637,0.58659,0.58514,0.58619,3002,18,0
2025-08-25T04:00:00Z,1756094400,0.58619,0.58797,0.58619,0.58633,2708,18,0
2025-08-25T08:00:00Z,1756108800,0.58632,0.58721,0.58557,0.58717,2518,18,0
2025-08-25T12:00:00Z,1756123200,0.58719,0.58764,0.58614,0.58654,3991,18,0
2025-08-25T16:00:00Z,1756137600,0.58653,0.58667,0.58449,0.58455,2954,18,0
2025-08-25T20:00:00Z,1756152000,0.58455,0.5851,0.58376,0.58477,2133,18,0
2025-08-26T00:00:00Z,1756166400,0.58479,0.58603,0.58279,0.58288,4893,18,0
2025-08-26T04:00:00Z,1756180800,0.58289,0.58449,0.58284,0.58418,3487,18,0
2025-08-26T08:00:00Z,1756195200,0.58418,0.58564,0.58373,0.58549,3206,18,0
2025-08-26T12:00:00Z,1756209600,0.58548,0.58632,0.58466,0.58628,4609,18,0
2025-08-26T16:00:00Z,1756224000,0.58628,0.58673,0.58576,0.58587,2289,18,0
2025-08-26T20:00:00Z,1756238400,0.58585,0.58631,0.5849,0.58561,1860,18,0
2025-08-27T00:00:00Z,1756252800,0.58561,0.58598,0.58458,0.58466,3089,18,0
2025-08-27T04:00:00Z,1756267200,0.58467,0.58477,0.58305,0.5833,2720,18,0
2025-08-27T08:00:00Z,1756281600,0.5833,0.58332,0.58174,0.5821,2965,18,0
2025-08-27T12:00:00Z,1756296000,0.58209,0.58464,0.58209,0.58457,4440,18,0
2025-08-27T16:00:00Z,1756310400,0.58457,0.58643,0.58453,0.58604,2899,18,0
2025-08-27T20:00:00Z,1756324800,0.58601,0.58608,0.58491,0.58599,2112,18,0
2025-08-28T00:00:00Z,1756339200,0.58599,0.5867,0.58544,0.58634,3048,18,0
2025-08-28T04:00:00Z,1756353600,0.58633,0.58635,0.5853,0.5861,3064,18,0
2025-08-28T08:00:00Z,1756368000,0.58608,0.58751,0.5854,0.58724,3188,18,0
2025-08-28T12:00:00Z,1756382400,0.58725,0.58845,0.58649,0.58823,5525,18,0
2025-08-28T16:00:00Z,1756396800,0.58823,0.5891,0.58813,0.58839,2370,18,0
2025-08-28T20:00:00Z,1756411200,0.58839,0.58848,0.58756,0.58821,1584,18,0
2025-08-29T00:00:00Z,1756425600,0.58823,0.5894,0.5881,0.5889,3027,18,0
2025-08-29T04:00:00Z,1756440000,0.58891,0.58966,0.58845,0.58959,2792,18,0
2025-08-29T08:00:00Z,1756454400,0.58959,0.58969,0.58836,0.58844,3089,18,0
2025-08-29T12:00:00Z,1756468800,0.58845,0.59049,0.58799,0.58988,5725,18,0
2025-08-29T16:00:00Z,1756483200,0.58988,0.59014,0.58957,0.58986,2318,18,0
2025-08-29T20:00:00Z,1756497600,0.58987,0.58998,0.58925,0.58941,713,18,0
2025-08-31T20:00:00Z,1756670400,0.58898,0.58984,0.58887,0.58952,1167,18,0
2025-09-01T00:00:00Z,1756684800,0.58953,0.5913,0.58953,0.59053,3321,18,0
2025-09-01T04:00:00Z,1756699200,0.59053,0.59056,0.58892,0.59005,2946,18,0
2025-09-01T08:00:00Z,1756713600,0.59005,0.59137,0.59004,0.59042,2806,18,0
2025-09-01T12:00:00Z,1756728000,0.5904,0.59045,0.5896,0.58998,2910,18,0
2025-09-01T16:00:00Z,1756742400,0.58998,0.59034,0.5896,0.59034,961,18,0
2025-09-01T20:00:00Z,1756756800,0.59033,0.5906,0.5897,0.59039,1621,18,0
2025-09-02T00:00:00Z,1756771200,0.59039,0.59071,0.58845,0.58864,3297,18,0
2025-09-02T04:00:00Z,1756785600,0.58864,0.58879,0.58486,0.58512,3703,18,0
2025-09-02T08:00:00Z,1756800000,0.58513,0.58639,0.58477,0.58539,5008,18,0
2025-09-02T12:00:00Z,1756814400,0.5854,0.58695,0.58369,0.58615,6976,18,0
2025-09-02T16:00:00Z,1756828800,0.58614,0.58665,0.5856,0.58637,3269,18,0
2025-09-02T20:00:00Z,1756843200,0.58639,0.5866,0.58565,0.58603,1959,18,0
2025-09-03T00:00:00Z,1756857600,0.58602,0.58626,0.5853,0.58575,3273,18,0
2025-09-03T04:00:00Z,1756872000,0.58575,0.58617,0.58407,0.58567,3467,18,0
2025-09-03T08:00:00Z,1756886400,0.58566,0.58663,0.58554,0.58645,3754,18,0
2025-09-03T12:00:00Z,1756900800,0.58644,0.58812,0.58587,0.58788,6053,18,0
2025-09-03T16:00:00Z,1756915200,0.58787,0.58827,0.58717,0.58738,2963,18,0
2025-09-03T20:00:00Z,1756929600,0.58737,0.58799,0.58669,0.58799,1885,18,0
2025-09-04T00:00:00Z,1756944000,0.58801,0.58888,0.58714,0.58724,3543,18,0
2025-09-04T04:00:00Z,1756958400,0.58724,0.58744,0.5861,0.58636,2896,18,0
2025-09-04T08:00:00Z,1756972800,0.58636,0.58688,0.58533,0.58552,2929,18,0
2025-09-04T12:00:00Z,1756987200,0.58552,0.58646,0.58322,0.58358,5906,18,0
2025-09-04T16:00:00Z,1757001600,0.58358,0.58449,0.58321,0.58448,2100,18,0
2025-09-04T20:00:00Z,1757016000,0.58447,0.58501,0.58388,0.58499,1671,18,0
2025-09-05T00:00:00Z,1757030400,0.58499,0.58641,0.58493,0.58635,2376,18,0
2025-09-05T04:00:00Z,1757044800,0.58636,0.58761,0.58579,0.58758,2334,18,0
2025-09-05T08:00:00Z,1757059200,0.58756,0.58788,0.58712,0.58721,2053,18,0
2025-09-05T12:00:00Z,1757073600,0.58722,0.59169,0.58713,0.59072,9105,18,0
2025-09-05T16:00:00Z,1757088000,0.59072,0.59086,0.58864,0.58885,3601,18,0
2025-09-05T20:00:00Z,1757102400,0.58888,0.58939,0.5888,0.58935,499,18,0
2025-09-07T20:00:00Z,1757275200,0.5885,0.58921,0.58789,0.58873,1642,18,0
2025-09-08T00:00:00Z,1757289600,0.58873,0.59034,0.58816,0.58984,3719,18,0
2025-09-08T04:00:00Z,1757304000,0.58984,0.59268,0.58944,0.59253,3211,18,0
2025-09-08T08:00:00Z,1757318400,0.59252,0.59376,0.59179,0.59363,2856,18,0
2025-09-08T12:00:00Z,1757332800,0.59363,0.59446,0.59309,0.59385,4251,18,0
2025-09-08T16:00:00Z,1757347200,0.59385,0.59419,0.59276,0.59404,2338,18,0
2025-09-08T20:00:00Z,1757361600,0.59404,0.5944,0.59324,0.5944,1915,18,0
2025-09-09T00:00:00Z,1757376000,0.5944,0.59483,0.59366,0.59427,2961,18,0
2025-09-09T04:00:00Z,1757390400,0.59427,0.59555,0.59394,0.59445,3053,18,0
2025-09-09T08:00:00Z,1757404800,0.59443,0.59587,0.59413,0.59485,3135,18,0
2025-09-09T12:00:00Z,1757419200,0.59485,0.59566,0.59248,0.59288,5924,18,0
2025-09-09T16:00:00Z,1757433600,0.59288,0.59336,0.59217,0.59233,2520,18,0
2025-09-09T20:00:00Z,1757448000,0.59234,0.59286,0.59196,0.59256,2183,18,0
2025-09-10T00:00:00Z,1757462400,0.59256,0.59418,0.59205,0.59406,3042,18,0
2025-09-10T04:00:00Z,1757476800,0.59407,0.59508,0.59334,0.59418,3420,18,0
2025-09-10T08:00:00Z,1757491200,0.59418,0.59493,0.59327,0.59406,3036,18,0
2025-09-10T12:00:00Z,1757505600,0.59407,0.5963,0.59367,0.5953,6376,18,0
2025-09-10T16:00:00Z,1757520000,0.5953,0.59533,0.59397,0.59433,2606,18,0
2025-09-10T20:00:00Z,1757534400,0.59433,0.59465,0.59328,0.59419,2088,18,0
2025-09-11T00:00:00Z,1757548800,0.59419,0.59453,0.5933,0.5938,2582,18,0
2025-09-11T04:00:00Z,1757563200,0.5938,0.59382,0.59279,0.59312,3198,18,0
2025-09-11T08:00:00Z,1757577600,0.59311,0.59332,0.59215,0.59249,3420,18,0
2025-09-11T12:00:00Z,1757592000,0.59248,0.59711,0.59137,0.59704,7802,18,0
2025-09-11T16:00:00Z,1757606400,0.59705,0.59768,0.59681,0.59752,2738,18,0
2025-09-11T20:00:00Z,1757620800,0.59752,0.5979,0.5966,0.59763,2189,18,0
2025-09-12T00:00:00Z,1757635200,0.5976,0.59772,0.59683,0.59698,2783,18,0
2025-09-12T04:00:00Z,1757649600,0.59697,0.59734,0.59607,0.59682,2635,18,0
2025-09-12T08:00:00Z,1757664000,0.59682,0.59682,0.59485,0.59502,3176,18,0
2025-09-12T12:00:00Z,1757678400,0.59501,0.59579,0.59391,0.59455,4504,18,0
2025-09-12T16:00:00Z,1757692800,0.59455,0.59604,0.59431,0.59564,2078,18,0
2025-09-12T20:00:00Z,1757707200,0.59561,0.59567,0.59522,0.59562,443,18,0
2025-09-14T20:00:00Z,1757880000,0.59476,0.59555,0.59436,0.59531,1482,18,0
2025-09-15T00:00:00Z,1757894400,0.59531,0.59653,0.59491,0.59621,2403,18,0
2025-09-15T04:00:00Z,1757908800,0.59621,0.59655,0.59499,0.59619,2733,18,0
2025-09-15T08:00:00Z,1757923200,0.59617,0.59632,0.59536,0.59606,2941,18,0
2025-09-15T12:00:00Z,1757937600,0.59607,0.59709,0.59558,0.59695,4188,18,0
2025-09-15T16:00:00Z,1757952000,0.59696,0.59742,0.59629,0.59694,2221,18,0
2025-09-15T20:00:00Z,1757966400,0.59694,0.5971,0.59595,0.59667,1901,18,0
2025-09-16T00:00:00Z,1757980800,0.59667,0.59711,0.59549,0.59661,2952,18,0
2025-09-16T04:00:00Z,1757995200,0.5966,0.598,0.5959,0.59707,3420,18,0
2025-09-16T08:00:00Z,1758009600,0.59706,0.59797,0.59652,0.59762,3493,18,0
2025-09-16T12:00:00Z,1758024000,0.59762,0.59822,0.59651,0.59778,5760,18,0
2025-09-16T16:00:00Z,1758038400,0.59778,0.59901,0.59772,0.59847,2535,18,0
2025-09-16T20:00:00Z,1758052800,0.59846,0.59898,0.5975,0.59877,2013,18,0
2025-09-17T00:00:00Z,1758067200,0.59877,0.59891,0.59741,0.59765,2501,18,0
2025-09-17T04:00:00Z,1758081600,0.59765,0.59805,0.59665,0.597,2464,18,0
2025-09-17T08:00:00Z,1758096000,0.59699,0.59835,0.5967,0.59794,2588,18,0
2025-09-17T12:00:00Z,1758110400,0.59794,0.59857,0.59679,0.59695,3579,18,0
2025-09-17T16:00:00Z,1758124800,0.59693,0.60064,0.59477,0.59681,9635,18,0
2025-09-17T20:00:00Z,1758139200,0.59682,0.59689,0.59313,0.59331,3425,18,0
2025-09-18T00:00:00Z,1758153600,0.59331,0.59345,0.59104,0.5925,4913,18,0
2025-09-18T04:00:00Z,1758168000,0.5925,0.59262,0.58934,0.59102,4239,18,0
2025-09-18T08:00:00Z,1758182400,0.59102,0.59103,0.5891,0.59047,4780,18,0
2025-09-18T12:00:00Z,1758196800,0.59047,0.5905,0.58716,0.58756,6572,18,0
2025-09-18T16:00:00Z,1758211200,0.58756,0.58856,0.58741,0.5881,2861,18,0
2025-09-18T20:00:00Z,1758225600,0.5881,0.58906,0.58772,0.58886,2190,18,0
2025-09-19T00:00:00Z,1758240000,0.58886,0.58908,0.58737,0.58793,3359,18,0
2025-09-19T04:00:00Z,1758254400,0.58794,0.58824,0.58539,0.58709,4665,18,0
2025-09-19T08:00:00Z,1758268800,0.5871,0.58793,0.586,0.58607,3529,18,0
2025-09-19T12:00:00Z,1758283200,0.58607,0.58666,0.5853,0.58565,5197,18,0
2025-09-19T16:00:00Z,1758297600,0.58563,0.58591,0.58538,0.58567,1774,18,0
2025-09-19T20:00:00Z,1758312000,0.58567,0.58571,0.58531,0.58565,437,18,0
2025-09-21T20:00:00Z,1758484800,0.58526,0.58612,0.58494,0.58494,1495,18,0
2025-09-22T00:00:00Z,1758499200,0.58494,0.58617,0.58463,0.58595,3358,18,0
2025-09-22T04:00:00Z,1758513600,0.58595,0.58605,0.58419,0.58442,3139,18,0
2025-09-22T08:00:00Z,1758528000,0.58439,0.58625,0.58436,0.58611,3142,18,0
2025-09-22T12:00:00Z,1758542400,0.58613,0.58651,0.58504,0.58604,4169,18,0
2025-09-22T16:00:00Z,1758556800,0.58603,0.58706,0.58593,0.5869,1986,18,0
2025-09-22T20:00:00Z,1758571200,0.58689,0.58694,0.58517,0.58677,1605,18,0
2025-09-23T00:00:00Z,1758585600,0.58677,0.58683,0.58485,0.58543,2859,18,0
2025-09-23T04:00:00Z,1758600000,0.58543,0.58591,0.58445,0.58498,3444,18,0
2025-09-23T08:00:00Z,1758614400,0.58496,0.58685,0.58492,0.58628,3224,18,0
2025-09-23T12:00:00Z,1758628800,0.58628,0.58679,0.5851,0.58551,4771,18,0
2025-09-23T16:00:00Z,1758643200,0.58553,0.58617,0.58511,0.58579,3480,18,0
2025-09-23T20:00:00Z,1758657600,0.58578,0.58607,0.58456,0.58559,2128,18,0
2025-09-24T00:00:00Z,1758672000,0.5856,0.58653,0.58488,0.58565,3390,18,0
2025-09-24T04:00:00Z,1758686400,0.58565,0.5861,0.58479,0.58532,3032,18,0
2025-09-24T08:00:00Z,1758700800,0.58532,0.58546,0.58325,0.5833,2869,18,0
2025-09-24T12:00:00Z,1758715200,0.58329,0.5841,0.58083,0.58125,5096,18,0
2025-09-24T16:00:00Z,1758729600,0.58124,0.58148,0.58076,0.58126,2466,18,0
2025-09-24T20:00:00Z,1758744000,0.58126,0.58167,0.58078,0.58144,1896,18,0
2025-09-25T00:00:00Z,1758758400,0.58145,0.58269,0.58068,0.58265,2711,18,0
2025-09-25T04:00:00Z,1758772800,0.58265,0.58276,0.58153,0.58154,2827,18,0
2025-09-25T08:00:00Z,1758787200,0.58154,0.58303,0.58099,0.58104,3197,18,0
2025-09-25T12:00:00Z,1758801600,0.58103,0.58121,0.57687,0.57748,6559,18,0
2025-09-25T16:00:00Z,1758816000,0.57747,0.57775,0.5758,0.57633,3039,18,0
2025-09-25T20:00:00Z,1758830400,0.57632,0.5769,0.57597,0.57619,2300,18,0
2025-09-26T00:00:00Z,1758844800,0.57619,0.57685,0.5755,0.57665,2637,18,0
2025-09-26T04:00:00Z,1758859200,0.57665,0.57701,0.57563,0.57604,2894,18,0
2025-09-26T08:00:00Z,1758873600,0.57605,0.57671,0.57536,0.57585,2972,18,0
2025-09-26T12:00:00Z,1758888000,0.57584,0.5772,0.57575,0.57667,6146,18,0
2025-09-26T16:00:00Z,1758902400,0.57668,0.57747,0.57647,0.57743,2391,18,0
2025-09-26T20:00:00Z,1758916800,0.57743,0.57751,0.57719,0.57727,393,18,0
2025-09-28T20:00:00Z,1759089600,0.57655,0.57769,0.57654,0.57765,984,18,0
2025-09-29T00:00:00Z,1759104000,0.57764,0.57854,0.57696,0.57838,2984,18,0
2025-09-29T04:00:00Z,1759118400,0.57838,0.57939,0.57816,0.57927,3293,18,0
2025-09-29T08:00:00Z,1759132800,0.57928,0.57951,0.57792,0.5785,2853,18,0
2025-09-29T12:00:00Z,1759147200,0.5785,0.57897,0.57786,0.57842,4731,18,0
2025-09-29T16:00:00Z,1759161600,0.57842,0.57855,0.57754,0.57784,1696,18,0
2025-09-29T20:00:00Z,1759176000,0.57783,0.57798,0.5769,0.5779,1629,18,0
2025-09-30T00:00:00Z,1759190400,0.57791,0.57934,0.57729,0.57886,3354,18,0
2025-09-30T04:00:00Z,1759204800,0.57886,0.58023,0.57837,0.57991,4852,18,0
2025-09-30T08:00:00Z,1759219200,0.57991,0.58062,0.57887,0.57938,3725,18,0
2025-09-30T12:00:00Z,1759233600,0.57939,0.58068,0.57874,0.57974,5136,18,0
2025-09-30T16:00:00Z,1759248000,0.57974,0.58018,0.57929,0.57967,2473,18,0
2025-09-30T20:00:00Z,1759262400,0.57969,0.57984,0.57821,0.57944,2239,18,0
2025-10-01T00:00:00Z,1759276800,0.57945,0.57945,0.57855,0.579,2532,18,0
2025-10-01T04:00:00Z,1759291200,0.579,0.58138,0.579,0.58097,4076,18,0
2025-10-01T08:00:00Z,1759305600,0.58097,0.582,0.58025,0.58133,3809,18,0
2025-10-01T12:00:00Z,1759320000,0.58133,0.58303,0.58056,0.5809,7733,18,0
2025-10-01T16:00:00Z,1759334400,0.5809,0.58194,0.58077,0.58156,2324,18,0
2025-10-01T20:00:00Z,1759348800,0.58156,0.58207,0.5805,0.58201,2099,18,0
2025-10-02T00:00:00Z,1759363200,0.58202,0.58349,0.58112,0.58265,2762,18,0
2025-10-02T04:00:00Z,1759377600,0.58265,0.58421,0.58236,0.58392,3325,18,0
2025-10-02T08:00:00Z,1759392000,0.58391,0.58406,0.58246,0.58257,3262,18,0
2025-10-02T12:00:00Z,1759406400,0.58257,0.58286,0.58022,0.58104,5235,18,0
2025-10-02T16:00:00Z,1759420800,0.581,0.58212,0.58091,0.58166,2166,18,0
2025-10-02T20:00:00Z,1759435200,0.58166,0.58192,0.58114,0.58183,1600,18,0
2025-10-03T00:00:00Z,1759449600,0.58184,0.58243,0.5815,0.58189,2469,18,0
2025-10-03T04:00:00Z,1759464000,0.58189,0.58306,0.58131,0.58296,2770,18,0
2025-10-03T08:00:00Z,1759478400,0.58297,0.58356,0.58248,0.5833,2719,18,0
2025-10-03T12:00:00Z,1759492800,0.58332,0.58373,0.58238,0.58359,5120,18,0
2025-10-03T16:00:00Z,1759507200,0.58359,0.58367,0.58252,0.58332,2289,18,0
2025-10-03T20:00:00Z,1759521600,0.5833,0.58341,0.58296,0.58309,433,18,0
2025-10-05T20:00:00Z,1759694400,0.58071,0.58244,0.5806,0.58227,2599,18,0
2025-10-06T00:00:00Z,1759708800,0.58228,0.58394,0.58203,0.58342,2788,18,0
2025-10-06T04:00:00Z,1759723200,0.58342,0.58388,0.58253,0.58266,4162,18,0
2025-10-06T08:00:00Z,1759737600,0.58266,0.58288,0.58096,0.58191,3983,18,0
2025-10-06T12:00:00Z,1759752000,0.5819,0.58409,0.58176,0.58361,4452,18,0
2025-10-06T16:00:00Z,1759766400,0.58362,0.58442,0.58335,0.58411,1560,18,0
2025-10-06T20:00:00Z,1759780800,0.58411,0.58428,0.58325,0.58395,2313,18,0
2025-10-07T00:00:00Z,1759795200,0.584,0.58406,0.58233,0.58302,2384,18,0
2025-10-07T04:00:00Z,1759809600,0.58301,0.58313,0.58042,0.58063,3128,18,0
2025-10-07T08:00:00Z,1759824000,0.5806,0.58125,0.58023,0.58044,2741,18,0
2025-10-07T12:00:00Z,1759838400,0.58044,0.58155,0.58005,0.58039,4959,18,0
2025-10-07T16:00:00Z,1759852800,0.58039,0.58081,0.57932,0.57961,2798,18,0
2025-10-07T20:00:00Z,1759867200,0.57961,0.58008,0.57956,0.57962,1617,18,0
2025-10-08T00:00:00Z,1759881600,0.57962,0.57982,0.57381,0.57481,5425,18,0
2025-10-08T04:00:00Z,1759896000,0.57481,0.5757,0.57361,0.57504,3942,18,0
2025-10-08T08:00:00Z,1759910400,0.575,0.57771,0.57496,0.57761,3997,18,0
2025-10-08T12:00:00Z,1759924800,0.57765,0.57865,0.57728,0.57761,4491,18,0
2025-10-08T16:00:00Z,1759939200,0.57761,0.57846,0.57719,0.5784,2662,18,0
2025-10-08T20:00:00Z,1759953600,0.5784,0.57881,0.5781,0.57827,1950,18,0
2025-10-09T00:00:00Z,1759968000,0.57829,0.58044,0.57825,0.57992,2819,18,0
2025-10-09T04:00:00Z,1759982400,0.57992,0.58055,0.57633,0.57695,3619,18,0
2025-10-09T08:00:00Z,1759996800,0.57696,0.57818,0.57598,0.57789,3717,18,0
2025-10-09T12:00:00Z,1760011200,0.57789,0.57864,0.5737,0.57429,6644,18,0
2025-10-09T16:00:00Z,1760025600,0.5743,0.57473,0.57333,0.57423,3651,18,0
2025-10-09T20:00:00Z,1760040000,0.57423,0.57515,0.57415,0.57511,2011,18,0
2025-10-10T00:00:00Z,1760054400,0.5751,0.57566,0.57448,0.57558,2689,18,0
2025-10-10T04:00:00Z,1760068800,0.57558,0.57572,0.57391,0.57497,3319,18,0
2025-10-10T08:00:00Z,1760083200,0.57497,0.57573,0.57466,0.57485,3335,18,0
2025-10-10T12:00:00Z,1760097600,0.57485,0.5755,0.57223,0.57305,7083,18,0
2025-10-10T16:00:00Z,1760112000,0.57308,0.57322,0.57161,0.5723,4167,18,0
2025-10-10T20:00:00Z,1760126400,0.57232,0.57263,0.57156,0.57215,1327,18,0
2025-10-12T20:00:00Z,1760299200,0.57243,0.57441,0.57162,0.57251,3161,18,0
2025-10-13T00:00:00Z,1760313600,0.57248,0.57445,0.57215,0.5734,3888,18,0
2025-10-13T04:00:00Z,1760328000,0.5734,0.57405,0.57289,0.57353,3746,18,0
2025-10-13T08:00:00Z,1760342400,0.57353,0.57377,0.57187,0.57198,3769,18,0
2025-10-13T12:00:00Z,1760356800,0.57198,0.57326,0.57181,0.57308,4869,18,0
2025-10-13T16:00:00Z,1760371200,0.5731,0.57351,0.5726,0.5726,2005,18,0
2025-10-13T20:00:00Z,1760385600,0.5726,0.57274,0.57151,0.5716,1960,18,0
2025-10-14T00:00:00Z,1760400000,0.57159,0.57256,0.57061,0.57102,3363,18,0
2025-10-14T04:00:00Z,1760414400,0.57101,0.57115,0.56838,0.56888,5228,18,0
2025-10-14T08:00:00Z,1760428800,0.56884,0.5695,0.56819,0.56874,3575,18,0
2025-10-14T12:00:00Z,1760443200,0.56875,0.57185,0.56863,0.57166,5661,18,0
2025-10-14T16:00:00Z,1760457600,0.57167,0.57228,0.57091,0.57112,3769,18,0
2025-10-14T20:00:00Z,1760472000,0.57112,0.57167,0.57071,0.57116,1754,18,0
2025-10-15T00:00:00Z,1760486400,0.57115,0.57266,0.57049,0.57211,3174,18,0
2025-10-15T04:00:00Z,1760500800,0.57213,0.57309,0.57142,0.5722,3066,18,0
2025-10-15T08:00:00Z,1760515200,0.5722,0.57292,0.57205,0.57225,2915,18,0
2025-10-15T12:00:00Z,1760529600,0.57227,0.57296,0.57131,0.57218,5079,18,0
2025-10-15T16:00:00Z,1760544000,0.57218,0.57222,0.5705,0.57204,3305,18,0
2025-10-15T20:00:00Z,1760558400,0.57205,0.57237,0.57108,0.57144,2200,18,0
2025-10-16T00:00:00Z,1760572800,0.57143,0.57545,0.57122,0.574,4666,18,0
2025-10-16T04:00:00Z,1760587200,0.574,0.57485,0.57333,0.57375,3372,18,0
2025-10-16T08:00:00Z,1760601600,0.57375,0.57445,0.57306,0.57385,3029,18,0
2025-10-16T12:00:00Z,1760616000,0.57386,0.57401,0.57221,0.57297,5189,18,0
2025-10-16T16:00:00Z,1760630400,0.57297,0.57362,0.57175,0.57239,4684,18,0
2025-10-16T20:00:00Z,1760644800,0.57236,0.57282,0.57198,0.57253,1813,18,0
2025-10-17T00:00:00Z,1760659200,0.57253,0.57343,0.5715,0.57261,3198,18,0
2025-10-17T04:00:00Z,1760673600,0.57261,0.57362,0.5712,0.57197,4370,18,0
2025-10-17T08:00:00Z,1760688000,0.57201,0.57421,0.57133,0.57285,5054,18,0
2025-10-17T12:00:00Z,1760702400,0.57285,0.57317,0.57112,0.57198,6439,18,0
2025-10-17T16:00:00Z,1760716800,0.57198,0.57378,0.57194,0.57373,2738,18,0
2025-10-17T20:00:00Z,1760731200,0.57373,0.57376,0.5723,0.57238,490,18,0
2025-10-19T20:00:00Z,1760904000,0.57271,0.57337,0.57152,0.573,1843,18,0
2025-10-20T00:00:00Z,1760918400,0.573,0.57424,0.57275,0.57359,2650,18,0
2025-10-20T04:00:00Z,1760932800,0.57359,0.57417,0.57285,0.57325,2930,18,0
2025-10-20T08:00:00Z,1760947200,0.57323,0.57389,0.57246,0.57284,3218,18,0
2025-10-20T12:00:00Z,1760961600,0.57287,0.57522,0.57261,0.57489,4184,18,0
2025-10-20T16:00:00Z,1760976000,0.5749,0.5751,0.57439,0.5744,1863,18,0
2025-10-20T20:00:00Z,1760990400,0.5744,0.57465,0.57385,0.57426,1632,18,0
2025-10-21T00:00:00Z,1761004800,0.57423,0.57512,0.57285,0.573,2904,18,0
2025-10-21T04:00:00Z,1761019200,0.57301,0.57301,0.57146,0.57161,3654,18,0
2025-10-21T08:00:00Z,1761033600,0.5716,0.57246,0.57092,0.57221,3764,18,0
2025-10-21T12:00:00Z,1761048000,0.57222,0.57456,0.57187,0.57446,5459,18,0
2025-10-21T16:00:00Z,1761062400,0.57446,0.57489,0.57381,0.5744,2532,18,0
2025-10-21T20:00:00Z,1761076800,0.57439,0.57439,0.57346,0.5741,1710,18,0
2025-10-22T00:00:00Z,1761091200,0.5741,0.5749,0.57377,0.57467,2900,18,0
2025-10-22T04:00:00Z,1761105600,0.57467,0.576,0.57467,0.57511,3166,18,0
2025-10-22T08:00:00Z,1761120000,0.57511,0.57511,0.5737,0.57377,3280,18,0
2025-10-22T12:00:00Z,1761134400,0.57377,0.57511,0.57371,0.57499,4741,18,0
2025-10-22T16:00:00Z,1761148800,0.575,0.575,0.57341,0.57396,4051,18,0
2025-10-22T20:00:00Z,1761163200,0.57395,0.57413,0.57347,0.57352,1739,18,0
2025-10-23T00:00:00Z,1761177600,0.57352,0.57418,0.57237,0.57243,2371,18,0
2025-10-23T04:00:00Z,1761192000,0.57243,0.57467,0.57243,0.57455,2474,18,0
2025-10-23T08:00:00Z,1761206400,0.57455,0.57504,0.57395,0.57407,2524,18,0
2025-10-23T12:00:00Z,1761220800,0.57407,0.5753,0.57381,0.57487,3959,18,0
2025-10-23T16:00:00Z,1761235200,0.57488,0.57544,0.57436,0.57516,1799,18,0
2025-10-23T20:00:00Z,1761249600,0.57515,0.57556,0.57483,0.57541,1653,18,0
2025-10-24T00:00:00Z,1761264000,0.57541,0.5758,0.57443,0.5751,2581,18,0
2025-10-24T04:00:00Z,1761278400,0.5751,0.57559,0.57426,0.57497,2695,18,0
2025-10-24T08:00:00Z,1761292800,0.57499,0.57507,0.5738,0.57413,2525,18,0
2025-10-24T12:00:00Z,1761307200,0.57417,0.57748,0.57375,0.57451,6447,18,0
2025-10-24T16:00:00Z,1761321600,0.57452,0.57489,0.5742,0.57475,1481,18,0
2025-10-24T20:00:00Z,1761336000,0.57476,0.57498,0.57445,0.57474,336,18,0
2025-10-26T20:00:00Z,1761508800,0.57722,0.57727,0.57531,0.57585,2316,18,0
2025-10-27T00:00:00Z,1761523200,0.57584,0.57693,0.57551,0.57555,2667,18,0
2025-10-27T04:00:00Z,1761537600,0.57555,0.577,0.5751,0.57515,2289,18,0
2025-10-27T08:00:00Z,1761552000,0.57514,0.57666,0.5751,0.57654,3468,18,0
2025-10-27T12:00:00Z,1761566400,0.57654,0.57676,0.57543,0.57601,3650,18,0
2025-10-27T16:00:00Z,1761580800,0.57601,0.57703,0.57596,0.57683,1759,18,0
2025-10-27T20:00:00Z,1761595200,0.57682,0.57771,0.5766,0.57737,1620,18,0
2025-10-28T00:00:00Z,1761609600,0.57737,0.57794,0.57701,0.57767,2383,18,0
2025-10-28T04:00:00Z,1761624000,0.57767,0.57832,0.57647,0.57674,2622,18,0
2025-10-28T08:00:00Z,1761638400,0.57675,0.5775,0.57613,0.57707,2770,18,0
2025-10-28T12:00:00Z,1761652800,0.57708,0.57863,0.5758,0.57781,3976,18,0
2025-10-28T16:00:00Z,1761667200,0.5778,0.57887,0.57773,0.57805,2363,18,0
2025-10-28T20:00:00Z,1761681600,0.57805,0.57819,0.57767,0.57818,1598,18,0
2025-10-29T00:00:00Z,1761696000,0.57818,0.5789,0.57712,0.57832,3602,18,0
2025-10-29T04:00:00Z,1761710400,0.57832,0.57953,0.57766,0.57864,2608,18,0
2025-10-29T08:00:00Z,1761724800,0.57862,0.5787,0.57724,0.57799,3112,18,0
2025-10-29T12:00:00Z,1761739200,0.578,0.58007,0.57734,0.57964,3976,18,0
2025-10-29T16:00:00Z,1761753600,0.57964,0.57992,0.57482,0.57628,7748,18,0
2025-10-29T20:00:00Z,1761768000,0.57628,0.57667,0.57561,0.57626,2360,18,0
2025-10-30T00:00:00Z,1761782400,0.57626,0.57804,0.57625,0.57763,3757,18,0
2025-10-30T04:00:00Z,1761796800,0.57763,0.57872,0.57661,0.57746,5069,18,0
2025-10-30T08:00:00Z,1761811200,0.57749,0.57751,0.575,0.57501,3474,18,0
2025-10-30T12:00:00Z,1761825600,0.575,0.57521,0.57251,0.57444,5652,18,0
2025-10-30T16:00:00Z,1761840000,0.57443,0.5746,0.5736,0.57367,2664,18,0
2025-10-30T20:00:00Z,1761854400,0.57366,0.5744,0.57359,0.57435,1540,18,0
2025-10-31T00:00:00Z,1761868800,0.57435,0.57441,0.57268,0.57301,2711,18,0
2025-10-31T04:00:00Z,1761883200,0.57301,0.57338,0.57134,0.57196,2446,18,0
2025-10-31T08:00:00Z,1761897600,0.57196,0.57262,0.57146,0.57232,2661,18,0
2025-10-31T12:00:00Z,1761912000,0.57231,0.57317,0.57132,0.57252,4637,18,0
2025-10-31T16:00:00Z,1761926400,0.57251,0.57256,0.57146,0.57212,2630,18,0
2025-10-31T20:00:00Z,1761940800,0.57211,0.57256,0.57207,0.57242,462,18,0
2025-11-02T20:00:00Z,1762113600,0.57187,0.57242,0.57134,0.57209,1184,18,0
2025-11-03T00:00:00Z,1762128000,0.57208,0.57228,0.57121,0.57225,2138,18,0
2025-11-03T04:00:00Z,1762142400,0.57225,0.57292,0.57208,0.57228,2036,18,0
2025-11-03T08:00:00Z,1762156800,0.57228,0.57229,0.57121,0.57165,2748,18,0
2025-11-03T12:00:00Z,1762171200,0.57165,0.57193,0.56917,0.57005,3545,18,0
2025-11-03T16:00:00Z,1762185600,0.57005,0.57115,0.56999,0.57084,2305,18,0
2025-11-03T20:00:00Z,1762200000,0.57084,0.57092,0.57021,0.57053,1596,18,0
2025-11-04T00:00:00Z,1762214400,0.57053,0.57053,0.56849,0.56943,3426,18,0
2025-11-04T04:00:00Z,1762228800,0.56943,0.56958,0.56721,0.56847,3734,18,0
2025-11-04T08:00:00Z,1762243200,0.56847,0.56885,0.56593,0.56605,3503,18,0
2025-11-04T12:00:00Z,1762257600,0.56605,0.56665,0.56542,0.5666,3605,18,0
2025-11-04T16:00:00Z,1762272000,0.5666,0.56667,0.5647,0.56489,2526,18,0
2025-11-04T20:00:00Z,1762286400,0.56489,0.56518,0.563,0.56411,2634,18,0
2025-11-05T00:00:00Z,1762300800,0.5641,0.56544,0.56298,0.56532,3810,18,0
2025-11-05T04:00:00Z,1762315200,0.56533,0.56599,0.56483,0.56504,2351,18,0
2025-11-05T08:00:00Z,1762329600,0.56505,0.56581,0.5638,0.56399,2667,18,0
2025-11-05T12:00:00Z,1762344000,0.56399,0.56559,0.56386,0.56535,4494,18,0
2025-11-05T16:00:00Z,1762358400,0.56535,0.56638,0.56478,0.56597,2480,18,0
2025-11-05T20:00:00Z,1762372800,0.56598,0.56659,0.56539,0.56654,1602,18,0
2025-11-06T00:00:00Z,1762387200,0.56654,0.56668,0.56555,0.5662,2419,18,0
2025-11-06T04:00:00Z,1762401600,0.56619,0.5668,0.5655,0.56577,2060,18,0
2025-11-06T08:00:00Z,1762416000,0.56577,0.56655,0.56501,0.56578,2833,18,0
2025-11-06T12:00:00Z,1762430400,0.56578,0.56693,0.56252,0.56298,4941,18,0
2025-11-06T16:00:00Z,1762444800,0.56298,0.56427,0.56251,0.56368,4099,18,0
2025-11-06T20:00:00Z,1762459200,0.56367,0.56398,0.56318,0.56372,1919,18,0
2025-11-07T00:00:00Z,1762473600,0.56372,0.56381,0.56179,0.56192,2669,18,0
2025-11-07T04:00:00Z,1762488000,0.56192,0.56227,0.56055,0.56059,2392,18,0
2025-11-07T08:00:00Z,1762502400,0.56059,0.56215,0.56059,0.56202,2883,18,0
2025-11-07T12:00:00Z,1762516800,0.56202,0.56278,0.56085,0.56122,4992,18,0
2025-11-07T16:00:00Z,1762531200,0.56122,0.56303,0.5611,0.56253,3155,18,0
2025-11-07T20:00:00Z,1762545600,0.5625,0.5632,0.56228,0.56256,977,18,0
2025-11-09T20:00:00Z,1762718400,0.56256,0.56298,0.562,0.56255,1205,18,0
2025-11-10T00:00:00Z,1762732800,0.56254,0.56328,0.56198,0.56257,3175,18,0
2025-11-10T04:00:00Z,1762747200,0.56257,0.56383,0.56257,0.56338,2570,18,0
2025-11-10T08:00:00Z,1762761600,0.56338,0.56495,0.56338,0.56409,2689,18,0
2025-11-10T12:00:00Z,1762776000,0.56409,0.56461,0.56265,0.5628,3169,18,0
2025-11-10T16:00:00Z,1762790400,0.5628,0.56475,0.56265,0.56439,2523,18,0
2025-11-10T20:00:00Z,1762804800,0.56439,0.56466,0.56412,0.5642,1502,18,0
2025-11-11T00:00:00Z,1762819200,0.56421,0.56464,0.56355,0.56432,2171,18,0
2025-11-11T04:00:00Z,1762833600,0.56432,0.56464,0.56306,0.56375,2457,18,0
2025-11-11T08:00:00Z,1762848000,0.56373,0.56463,0.56371,0.5646,2368,18,0
2025-11-11T12:00:00Z,1762862400,0.56459,0.5668,0.56457,0.56513,3748,18,0
2025-11-11T16:00:00Z,1762876800,0.56514,0.56618,0.5651,0.56563,2305,18,0
2025-11-11T20:00:00Z,1762891200,0.56563,0.56584,0.56483,0.56556,1556,18,0
2025-11-12T00:00:00Z,1762905600,0.56556,0.56593,0.56503,0.56511,1955,18,0
2025-11-12T04:00:00Z,1762920000,0.56511,0.56587,0.56447,0.56563,2002,18,0
2025-11-12T08:00:00Z,1762934400,0.56565,0.56572,0.56519,0.56565,2655,18,0
2025-11-12T12:00:00Z,1762948800,0.56565,0.56657,0.56553,0.56599,3514,18,0
2025-11-12T16:00:00Z,1762963200,0.56598,0.56697,0.56594,0.56651,2756,18,0
2025-11-12T20:00:00Z,1762977600,0.56649,0.56671,0.56599,0.56607,2039,18,0
2025-11-13T00:00:00Z,1762992000,0.5661,0.56645,0.56465,0.56552,3498,18,0
2025-11-13T04:00:00Z,1763006400,0.56552,0.56689,0.56339,0.56679,2784,18,0
2025-11-13T08:00:00Z,1763020800,0.56679,0.56817,0.56637,0.56652,3097,18,0
2025-11-13T12:00:00Z,1763035200,0.56654,0.56755,0.5658,0.5672,4701,18,0
2025-11-13T16:00:00Z,1763049600,0.5672,0.5677,0.56512,0.56551,4261,18,0
2025-11-13T20:00:00Z,1763064000,0.56549,0.56554,0.5647,0.56486,2593,18,0
2025-11-14T00:00:00Z,1763078400,0.56486,0.56905,0.56449,0.56852,3040,18,0
2025-11-14T04:00:00Z,1763092800,0.56852,0.56893,0.56714,0.56745,2994,18,0
2025-11-14T08:00:00Z,1763107200,0.56744,0.56801,0.56673,0.5677,3795,18,0
2025-11-14T12:00:00Z,1763121600,0.5677,0.56888,0.56731,0.56833,5799,18,0
2025-11-14T16:00:00Z,1763136000,0.56833,0.56899,0.56745,0.56781,3500,18,0
2025-11-14T20:00:00Z,1763150400,0.56781,0.56807,0.5675,0.56796,974,18,0
2025-11-16T20:00:00Z,1763323200,0.56763,0.56804,0.56743,0.56746,781,18,0
2025-11-17T00:00:00Z,1763337600,0.56745,0.5675,0.56571,0.56613,2738,18,0
2025-11-17T04:00:00Z,1763352000,0.56614,0.56872,0.56614,0.56864,2008,18,0
2025-11-17T08:00:00Z,1763366400,0.56869,0.56882,0.56594,0.56679,3157,18,0
2025-11-17T12:00:00Z,1763380800,0.56679,0.56725,0.5658,0.56707,4008,18,0
2025-11-17T16:00:00Z,1763395200,0.56707,0.56739,0.56492,0.56499,3050,18,0
2025-11-17T20:00:00Z,1763409600,0.56499,0.56598,0.56481,0.56531,1985,18,0
2025-11-18T00:00:00Z,1763424000,0.56531,0.56577,0.56478,0.56487,2885,18,0
2025-11-18T04:00:00Z,1763438400,0.56486,0.56596,0.56375,0.56576,3384,18,0
2025-11-18T08:00:00Z,1763452800,0.56576,0.56685,0.56572,0.5665,3158,18,0
2025-11-18T12:00:00Z,1763467200,0.56649,0.56742,0.56515,0.56528,4781,18,0
2025-11-18T16:00:00Z,1763481600,0.56528,0.56678,0.56463,0.56648,4150,18,0
2025-11-18T20:00:00Z,1763496000,0.56648,0.5666,0.56545,0.56577,1915,18,0
2025-11-19T00:00:00Z,1763510400,0.56577,0.56586,0.56303,0.56309,3095,18,0
2025-11-19T04:00:00Z,1763524800,0.5631,0.56427,0.56274,0.56374,2648,18,0
2025-11-19T08:00:00Z,1763539200,0.56378,0.56395,0.56229,0.56305,3287,18,0
2025-11-19T12:00:00Z,1763553600,0.56305,0.5633,0.56032,0.56057,4013,18,0
2025-11-19T16:00:00Z,1763568000,0.56057,0.56064,0.55892,0.55927,4428,18,0
2025-11-19T20:00:00Z,1763582400,0.55926,0.5614,0.55922,0.5614,2467,18,0
2025-11-20T00:00:00Z,1763596800,0.56139,0.56139,0.55946,0.56063,3176,18,0
2025-11-20T04:00:00Z,1763611200,0.56062,0.56126,0.56021,0.56057,2455,18,0
2025-11-20T08:00:00Z,1763625600,0.56056,0.56178,0.56034,0.56117,2847,18,0
2025-11-20T12:00:00Z,1763640000,0.56117,0.56376,0.56032,0.56136,6240,18,0
2025-11-20T16:00:00Z,1763654400,0.56136,0.56156,0.55883,0.5599,6085,18,0
2025-11-20T20:00:00Z,1763668800,0.5599,0.55998,0.5578,0.55894,2795,18,0
2025-11-21T00:00:00Z,1763683200,0.55895,0.55966,0.5585,0.55925,2520,18,0
2025-11-21T04:00:00Z,1763697600,0.55926,0.56046,0.55898,0.5596,2506,18,0
2025-11-21T08:00:00Z,1763712000,0.55962,0.56065,0.55849,0.55892,4361,18,0
2025-11-21T12:00:00Z,1763726400,0.55892,0.56065,0.55821,0.55932,6510,18,0
2025-11-21T16:00:00Z,1763740800,0.55934,0.56145,0.55879,0.56116,4446,18,0
2025-11-21T20:00:00Z,1763755200,0.56116,0.56149,0.56084,0.56125,1345,18,0
2025-11-23T20:00:00Z,1763928000,0.56089,0.56136,0.56062,0.56113,673,18,0
2025-11-24T00:00:00Z,1763942400,0.56113,0.56135,0.56021,0.56057,2227,18,0
2025-11-24T04:00:00Z,1763956800,0.56057,0.56099,0.55987,0.56032,2172,18,0
2025-11-24T08:00:00Z,1763971200,0.56031,0.56131,0.55948,0.56098,3710,18,0
2025-11-24T12:00:00Z,1763985600,0.56095,0.56138,0.55973,0.56086,4371,18,0
2025-11-24T16:00:00Z,1764000000,0.56086,0.56128,0.56022,0.56095,2236,18,0
2025-11-24T20:00:00Z,1764014400,0.56095,0.56133,0.56078,0.5611,1794,18,0
2025-11-25T00:00:00Z,1764028800,0.5611,0.56209,0.55977,0.56025,2772,18,0
2025-11-25T04:00:00Z,1764043200,0.56028,0.56074,0.55917,0.55975,2521,18,0
2025-11-25T08:00:00Z,1764057600,0.55976,0.5609,0.55905,0.55939,3250,18,0
2025-11-25T12:00:00Z,1764072000,0.55939,0.56139,0.55931,0.56073,6098,18,0
2025-11-25T16:00:00Z,1764086400,0.56072,0.56276,0.56053,0.56241,3647,18,0
2025-11-25T20:00:00Z,1764100800,0.56244,0.56256,0.56158,0.56239,2089,18,0
2025-11-26T00:00:00Z,1764115200,0.5624,0.56957,0.56225,0.56901,6838,18,0
2025-11-26T04:00:00Z,1764129600,0.56898,0.56935,0.56723,0.56771,3046,18,0
2025-11-26T08:00:00Z,1764144000,0.56771,0.56817,0.56652,0.56697,3708,18,0
2025-11-26T12:00:00Z,1764158400,0.56697,0.56919,0.56621,0.56883,5692,18,0
2025-11-26T16:00:00Z,1764172800,0.56884,0.56965,0.56873,0.56939,2784,18,0
2025-11-26T20:00:00Z,1764187200,0.5694,0.57055,0.56916,0.57035,2109,18,0
2025-11-27T00:00:00Z,1764201600,0.57035,0.57312,0.5703,0.57267,3315,18,0
2025-11-27T04:00:00Z,1764216000,0.57267,0.57306,0.57145,0.57235,2553,18,0
2025-11-27T08:00:00Z,1764230400,0.57237,0.57244,0.5708,0.57146,2876,18,0
2025-11-27T12:00:00Z,1764244800,0.57146,0.5729,0.5711,0.57259,2403,18,0
2025-11-27T16:00:00Z,1764259200,0.5726,0.57271,0.572,0.5721,980,18,0
2025-11-27T20:00:00Z,1764273600,0.5721,0.57291,0.57172,0.57283,1658,18,0
2025-11-28T00:00:00Z,1764288000,0.57283,0.57306,0.57181,0.57199,6635,18,0
2025-11-28T04:00:00Z,1764302400,0.57201,0.5722,0.57092,0.57096,17837,18,0
2025-11-28T08:00:00Z,1764316800,0.57101,0.57139,0.57029,0.57055,23378,18,0
2025-11-28T12:00:00Z,1764331200,0.57057,0.5741,0.57033,0.57375,11209,18,0
2025-11-28T16:00:00Z,1764345600,0.57375,0.5738,0.57291,0.57331,2578,53,0
2025-11-28T20:00:00Z,1764360000,0.57331,0.57341,0.57279,0.57284,3962,71,0
2025-11-30T20:00:00Z,1764532800,0.57241,0.57385,0.57223,0.57352,1313,18,0
2025-12-01T00:00:00Z,1764547200,0.57352,0.57436,0.57247,0.57353,4067,18,0
2025-12-01T04:00:00Z,1764561600,0.57353,0.57396,0.57251,0.57354,2793,18,0
2025-12-01T08:00:00Z,1764576000,0.57355,0.5739,0.57275,0.57361,3871,18,0
2025-12-01T12:00:00Z,1764590400,0.57361,0.57509,0.57324,0.57407,4993,18,0
2025-12-01T16:00:00Z,1764604800,0.5741,0.57429,0.57242,0.57257,3065,18,0
2025-12-01T20:00:00Z,1764619200,0.57257,0.57283,0.57224,0.57244,1590,18,0
2025-12-02T00:00:00Z,1764633600,0.57244,0.57271,0.57177,0.57251,2090,18,0
2025-12-02T04:00:00Z,1764648000,0.57251,0.57317,0.57232,0.57295,1782,18,0
2025-12-02T08:00:00Z,1764662400,0.57295,0.57311,0.57103,0.57149,2535,18,0
2025-12-02T12:00:00Z,1764676800,0.57149,0.57438,0.57138,0.57395,3854,18,0
2025-12-02T16:00:00Z,1764691200,0.57393,0.57398,0.57226,0.57335,2959,18,0
2025-12-02T20:00:00Z,1764705600,0.57335,0.57401,0.57325,0.574,1526,18,0
2025-12-03T00:00:00Z,1764720000,0.57401,0.57516,0.57341,0.5748,2891,18,0
2025-12-03T04:00:00Z,1764734400,0.5748,0.57546,0.57429,0.57439,2206,18,0
2025-12-03T08:00:00Z,1764748800,0.57439,0.57509,0.57386,0.57496,2821,18,0
2025-12-03T12:00:00Z,1764763200,0.57496,0.57651,0.5734,0.57618,5006,18,0
2025-12-03T16:00:00Z,1764777600,0.57617,0.57757,0.57613,0.57757,2659,18,0
2025-12-03T20:00:00Z,1764792000,0.57756,0.57768,0.57694,0.57722,1420,18,0
2025-12-04T00:00:00Z,1764806400,0.57722,0.57755,0.57606,0.57667,2643,18,0
2025-12-04T04:00:00Z,1764820800,0.57667,0.57734,0.57648,0.57721,2276,18,0
2025-12-04T08:00:00Z,1764835200,0.57724,0.57779,0.57649,0.57698,3403,18,0
2025-12-04T12:00:00Z,1764849600,0.57699,0.57778,0.57565,0.57742,4405,18,0
2025-12-04T16:00:00Z,1764864000,0.57741,0.57752,0.57649,0.57677,2835,18,0
2025-12-04T20:00:00Z,1764878400,0.57675,0.57678,0.57575,0.57581,2263,18,0
2025-12-05T00:00:00Z,1764892800,0.57581,0.57689,0.57581,0.57633,2054,18,0
2025-12-05T04:00:00Z,1764907200,0.57633,0.578,0.57631,0.57732,2392,18,0
2025-12-05T08:00:00Z,1764921600,0.57731,0.5778,0.57667,0.577,2756,18,0
2025-12-05T12:00:00Z,1764936000,0.57701,0.57859,0.577,0.57801,4223,18,0
2025-12-05T16:00:00Z,1764950400,0.57801,0.57801,0.57624,0.5776,3307,18,0
2025-12-05T20:00:00Z,1764964800,0.5776,0.5776,0.57706,0.57758,857,18,0
2025-12-07T20:00:00Z,1765137600,0.57717,0.57766,0.57651,0.57738,1510,18,0
2025-12-08T00:00:00Z,1765152000,0.5774,0.57906,0.57732,0.57838,2758,18,0
2025-12-08T04:00:00Z,1765166400,0.57838,0.57893,0.57734,0.57769,2351,18,0
2025-12-08T08:00:00Z,1765180800,0.57768,0.57884,0.57751,0.57762,3050,18,0
2025-12-08T12:00:00Z,1765195200,0.5776,0.57917,0.5758,0.57603,4361,18,0
2025-12-08T16:00:00Z,1765209600,0.57604,0.5779,0.57588,0.57735,3069,18,0
2025-12-08T20:00:00Z,1765224000,0.57735,0.57764,0.57706,0.57751,1830,18,0
2025-12-09T00:00:00Z,1765238400,0.5775,0.5787,0.57666,0.5785,3204,18,0
2025-12-09T04:00:00Z,1765252800,0.5785,0.57915,0.57765,0.578,3476,18,0
2025-12-09T08:00:00Z,1765267200,0.57801,0.57937,0.57777,0.57877,3191,18,0
2025-12-09T12:00:00Z,1765281600,0.57879,0.57939,0.57725,0.57834,4971,18,0
2025-12-09T16:00:00Z,1765296000,0.57834,0.57923,0.57745,0.57791,3135,18,0
2025-12-09T20:00:00Z,1765310400,0.57791,0.57807,0.57698,0.57782,1889,18,0
2025-12-10T00:00:00Z,1765324800,0.57782,0.57815,0.57605,0.57672,2759,18,0
2025-12-10T04:00:00Z,1765339200,0.57672,0.57831,0.5766,0.57817,2052,18,0
2025-12-10T08:00:00Z,1765353600,0.57817,0.57885,0.57795,0.57845,3093,18,0
2025-12-10T12:00:00Z,1765368000,0.57845,0.5787,0.57738,0.57781,4327,18,0
2025-12-10T16:00:00Z,1765382400,0.57781,0.58075,0.57748,0.58044,6655,18,0
2025-12-10T20:00:00Z,1765396800,0.58043,0.58237,0.58008,0.58152,3466,18,0
2025-12-11T00:00:00Z,1765411200,0.58153,0.58197,0.57949,0.57961,4160,18,0
2025-12-11T04:00:00Z,1765425600,0.57962,0.58025,0.57875,0.57986,3109,18,0
2025-12-11T08:00:00Z,1765440000,0.57986,0.58135,0.57971,0.5811,3558,18,0
2025-12-11T12:00:00Z,1765454400,0.58111,0.58304,0.58101,0.5821,5095,18,0
2025-12-11T16:00:00Z,1765468800,0.58209,0.58232,0.58086,0.58089,3754,18,0
2025-12-11T20:00:00Z,1765483200,0.58089,0.58105,0.58045,0.58086,1935,18,0
2025-12-12T00:00:00Z,1765497600,0.58086,0.58198,0.5808,0.58104,2764,18,0
2025-12-12T04:00:00Z,1765512000,0.58104,0.58155,0.58068,0.58122,2258,18,0
2025-12-12T08:00:00Z,1765526400,0.58123,0.58186,0.5805,0.58102,3211,18,0
2025-12-12T12:00:00Z,1765540800,0.58101,0.58147,0.57914,0.5795,4559,18,0
2025-12-12T16:00:00Z,1765555200,0.57948,0.58072,0.57871,0.5802,4233,18,0
2025-12-12T20:00:00Z,1765569600,0.5802,0.5807,0.57991,0.58037,1197,18,0
2025-12-14T20:00:00Z,1765742400,0.57979,0.58031,0.57884,0.58005,1214,18,0
2025-12-15T00:00:00Z,1765756800,0.58005,0.58077,0.57669,0.57693,4031,18,0
2025-12-15T04:00:00Z,1765771200,0.57693,0.57872,0.57647,0.57823,2781,18,0
2025-12-15T08:00:00Z,1765785600,0.57823,0.57945,0.57776,0.57922,2860,18,0
2025-12-15T12:00:00Z,1765800000,0.57922,0.5802,0.57885,0.58013,4542,18,0
2025-12-15T16:00:00Z,1765814400,0.58014,0.58021,0.57818,0.5787,3790,18,0
2025-12-15T20:00:00Z,1765828800,0.57868,0.57884,0.57769,0.57845,2046,18,0
2025-12-16T00:00:00Z,1765843200,0.57845,0.57862,0.57575,0.57759,3968,18,0
2025-12-16T04:00:00Z,1765857600,0.57759,0.57861,0.57746,0.5784,2462,18,0
2025-12-16T08:00:00Z,1765872000,0.57841,0.57905,0.57799,0.57843,2925,18,0
2025-12-16T12:00:00Z,1765886400,0.57845,0.58062,0.57782,0.57915,6763,18,0
2025-12-16T16:00:00Z,1765900800,0.57913,0.57981,0.57715,0.57876,4424,18,0
2025-12-16T20:00:00Z,1765915200,0.57873,0.57911,0.57786,0.57831,2131,18,0
2025-12-17T00:00:00Z,1765929600,0.57831,0.57878,0.57706,0.57864,3598,18,0
2025-12-17T04:00:00Z,1765944000,0.57866,0.57866,0.57665,0.57711,3320,18,0
2025-12-17T08:00:00Z,1765958400,0.57708,0.57796,0.57677,0.57727,3195,18,0
2025-12-17T12:00:00Z,1765972800,0.57727,0.57934,0.57713,0.57827,4633,18,0
2025-12-17T16:00:00Z,1765987200,0.57825,0.5789,0.57711,0.57755,4267,18,0
2025-12-17T20:00:00Z,1766001600,0.57752,0.5783,0.5768,0.57681,2365,18,0
2025-12-18T00:00:00Z,1766016000,0.57681,0.577,0.57538,0.57551,3208,18,0
2025-12-18T04:00:00Z,1766030400,0.57551,0.57673,0.5755,0.57633,2794,18,0
2025-12-18T08:00:00Z,1766044800,0.57631,0.5768,0.57577,0.57654,2813,18,0
2025-12-18T12:00:00Z,1766059200,0.57654,0.57869,0.57601,0.57769,6523,18,0
2025-12-18T16:00:00Z,1766073600,0.57769,0.57863,0.57657,0.57715,4282,18,0
2025-12-18T20:00:00Z,1766088000,0.57715,0.57764,0.57673,0.5774,1848,18,0
2025-12-19T00:00:00Z,1766102400,0.5774,0.57825,0.57636,0.57639,3302,18,0
2025-12-19T04:00:00Z,1766116800,0.5764,0.5765,0.57439,0.57463,2925,18,0
2025-12-19T08:00:00Z,1766131200,0.57464,0.5752,0.57428,0.57448,3159,18,0
2025-12-19T12:00:00Z,1766145600,0.57447,0.57591,0.57353,0.57513,4078,18,0
2025-12-19T16:00:00Z,1766160000,0.57513,0.5765,0.57507,0.57637,2650,18,0
2025-12-19T20:00:00Z,1766174400,0.57634,0.57645,0.57523,0.57556,1024,18,0
2025-12-21T20:00:00Z,1766347200,0.57505,0.57564,0.57444,0.57553,1480,18,0
2025-12-22T00:00:00Z,1766361600,0.57553,0.57704,0.57553,0.57651,3254,18,0
2025-12-22T04:00:00Z,1766376000,0.57651,0.57827,0.5765,0.57778,2110,18,0
2025-12-22T08:00:00Z,1766390400,0.57778,0.57874,0.57765,0.57874,2626,18,0
2025-12-22T12:00:00Z,1766404800,0.57874,0.5799,0.57844,0.57934,3684,18,0
2025-12-22T16:00:00Z,1766419200,0.57934,0.58005,0.57909,0.57933,2488,18,0
2025-12-22T20:00:00Z,1766433600,0.5793,0.5797,0.579,0.57948,1640,18,0
2025-12-23T00:00:00Z,1766448000,0.57948,0.58159,0.5794,0.58126,3062,18,0
2025-12-23T04:00:00Z,1766462400,0.58126,0.58217,0.5807,0.58194,3092,18,0
2025-12-23T08:00:00Z,1766476800,0.58192,0.58405,0.58186,0.58364,3143,18,0
2025-12-23T12:00:00Z,1766491200,0.58364,0.58424,0.5819,0.58289,5101,18,0
2025-12-23T16:00:00Z,1766505600,0.58289,0.58394,0.58274,0.58383,2638,18,0
2025-12-23T20:00:00Z,1766520000,0.58382,0.5842,0.58356,0.5842,1860,18,0
2025-12-24T00:00:00Z,1766534400,0.58421,0.58524,0.58355,0.58396,2875,18,0
2025-12-24T04:00:00Z,1766548800,0.58396,0.58472,0.58385,0.58431,2023,18,0
2025-12-24T08:00:00Z,1766563200,0.58431,0.58469,0.58378,0.58416,2573,18,0
2025-12-24T12:00:00Z,1766577600,0.58414,0.5845,0.5832,0.58355,3664,18,0
2025-12-24T16:00:00Z,1766592000,0.58355,0.58402,0.58281,0.58332,1860,18,0
2025-12-24T20:00:00Z,1766606400,0.58332,0.58333,0.583,0.58303,1041,53,0
2025-12-25T20:00:00Z,1766692800,0.58344,0.58391,0.58301,0.5835,884,18,0
2025-12-26T00:00:00Z,1766707200,0.5835,0.58412,0.58312,0.58313,2446,18,0
2025-12-26T04:00:00Z,1766721600,0.58313,0.5836,0.58209,0.58237,2459,18,0
2025-12-26T08:00:00Z,1766736000,0.58235,0.58255,0.58171,0.582,2369,18,0
2025-12-26T12:00:00Z,1766750400,0.582,0.58415,0.58174,0.58338,3622,18,0
2025-12-26T16:00:00Z,1766764800,0.58337,0.58343,0.58232,0.58287,2881,18,0
2025-12-26T20:00:00Z,1766779200,0.58287,0.58325,0.5824,0.58279,2220,18,0
2025-12-28T20:00:00Z,1766952000,0.58252,0.58294,0.58234,0.58252,890,18,0
2025-12-29T00:00:00Z,1766966400,0.58252,0.58327,0.58246,0.58293,3060,18,0
2025-12-29T04:00:00Z,1766980800,0.58293,0.58308,0.58149,0.58179,2655,18,0
2025-12-29T08:00:00Z,1766995200,0.58177,0.58177,0.57982,0.57991,3631,18,0
2025-12-29T12:00:00Z,1767009600,0.5799,0.58089,0.57892,0.58089,5039,18,0
2025-12-29T16:00:00Z,1767024000,0.58089,0.58099,0.57975,0.58054,3237,18,0
2025-12-29T20:00:00Z,1767038400,0.58054,0.58071,0.57988,0.5807,1879,18,0
2025-12-30T00:00:00Z,1767052800,0.5807,0.58106,0.58015,0.58068,2301,18,0
2025-12-30T04:00:00Z,1767067200,0.58068,0.58187,0.58068,0.58128,2163,18,0
2025-12-30T08:00:00Z,1767081600,0.58129,0.58148,0.57984,0.57995,2440,18,0
2025-12-30T12:00:00Z,1767096000,0.57995,0.58039,0.57894,0.58039,3747,18,0
2025-12-30T16:00:00Z,1767110400,0.58038,0.58056,0.57892,0.57909,2630,18,0
2025-12-30T20:00:00Z,1767124800,0.5791,0.57937,0.57879,0.57897,1671,18,0
2025-12-31T00:00:00Z,1767139200,0.57896,0.57914,0.57755,0.57792,2641,18,0
2025-12-31T04:00:00Z,1767153600,0.57792,0.57804,0.57631,0.57718,2358,18,0
2025-12-31T08:00:00Z,1767168000,0.57718,0.57735,0.57593,0.57679,2722,18,0
2025-12-31T12:00:00Z,1767182400,0.57678,0.57727,0.57392,0.57489,4438,18,0
2025-12-31T16:00:00Z,1767196800,0.57492,0.57557,0.57478,0.57513,3109,18,0
2025-12-31T20:00:00Z,1767211200,0.57513,0.57577,0.57503,0.57553,809,18,0
2026-01-01T20:00:00Z,1767297600,0.57546,0.57586,0.57512,0.57566,847,18,0
2026-01-02T00:00:00Z,1767312000,0.57566,0.57699,0.57506,0.57676,2638,18,0
2026-01-02T04:00:00Z,1767326400,0.57676,0.57686,0.57548,0.57631,2320,18,0
2026-01-02T08:00:00Z,1767340800,0.57628,0.57731,0.5761,0.57686,3096,18,0
2026-01-02T12:00:00Z,1767355200,0.57684,0.5777,0.57635,0.57709,4073,18,0
2026-01-02T16:00:00Z,1767369600,0.57709,0.57709,0.57581,0.57657,3597,18,0
2026-01-02T20:00:00Z,1767384000,0.57659,0.57699,0.57636,0.57688,887,18,0
2026-01-04T20:00:00Z,1767556800,0.57568,0.57684,0.57467,0.57538,1462,18,0
2026-01-05T00:00:00Z,1767571200,0.5754,0.57624,0.57479,0.57492,4470,18,0
2026-01-05T04:00:00Z,1767585600,0.57492,0.57578,0.57416,0.57485,3219,18,0
2026-01-05T08:00:00Z,1767600000,0.57485,0.57632,0.57446,0.57569,3728,18,0
2026-01-05T12:00:00Z,1767614400,0.57569,0.57838,0.5741,0.578,5649,18,0
2026-01-05T16:00:00Z,1767628800,0.578,0.57904,0.578,0.57899,3374,18,0
2026-01-05T20:00:00Z,1767643200,0.57899,0.5791,0.57836,0.57848,1409,18,0
2026-01-06T00:00:00Z,1767657600,0.57848,0.58055,0.57784,0.57969,3203,18,0
2026-01-06T04:00:00Z,1767672000,0.57969,0.58089,0.5796,0.58033,2900,18,0
2026-01-06T08:00:00Z,1767686400,0.58033,0.58095,0.5785,0.57875,3682,18,0
2026-01-06T12:00:00Z,1767700800,0.57876,0.5797,0.57711,0.57765,4859,18,0
2026-01-06T16:00:00Z,1767715200,0.57766,0.57844,0.5768,0.57811,3015,18,0
2026-01-06T20:00:00Z,1767729600,0.57811,0.57875,0.57796,0.57801,1829,18,0
2026-01-07T00:00:00Z,1767744000,0.57801,0.57916,0.57767,0.57865,3855,18,0
2026-01-07T04:00:00Z,1767758400,0.57861,0.5791,0.57734,0.57804,2718,18,0
2026-01-07T08:00:00Z,1767772800,0.57801,0.57925,0.57786,0.579,2754,18,0
2026-01-07T12:00:00Z,1767787200,0.57901,0.57923,0.57737,0.57798,5093,18,0
2026-01-07T16:00:00Z,1767801600,0.57797,0.57841,0.5774,0.57773,2683,18,0
2026-01-07T20:00:00Z,1767816000,0.57773,0.57784,0.57688,0.57725,1649,18,0
2026-01-08T00:00:00Z,1767830400,0.57725,0.57734,0.57611,0.57676,2622,18,0
2026-01-08T04:00:00Z,1767844800,0.57676,0.57683,0.57504,0.57517,2885,18,0
2026-01-08T08:00:00Z,1767859200,0.57516,0.57539,0.57398,0.57494,2995,18,0
2026-01-08T12:00:00Z,1767873600,0.57492,0.57539,0.57368,0.57538,4487,18,0
2026-01-08T16:00:00Z,1767888000,0.57538,0.57538,0.5742,0.57461,2936,18,0
2026-01-08T20:00:00Z,1767902400,0.57461,0.57531,0.57456,0.57489,1802,18,0
2026-01-09T00:00:00Z,1767916800,0.5749,0.5749,0.57377,0.57419,2631,18,0
2026-01-09T04:00:00Z,1767931200,0.5742,0.57457,0.57297,0.57325,2479,18,0
2026-01-09T08:00:00Z,1767945600,0.57326,0.57338,0.57255,0.57267,2796,18,0
2026-01-09T12:00:00Z,1767960000,0.57268,0.57446,0.57104,0.57303,7366,18,0
2026-01-09T16:00:00Z,1767974400,0.57303,0.57347,0.57223,0.57289,3312,18,0
2026-01-09T20:00:00Z,1767988800,0.57289,0.57332,0.57278,0.57308,638,18,0
2026-01-11T20:00:00Z,1768161600,0.57256,0.57332,0.57251,0.57283,576,18,0
2026-01-12T00:00:00Z,1768176000,0.57281,0.57491,0.57255,0.57434,3612,18,0
2026-01-12T04:00:00Z,1768190400,0.57433,0.57545,0.57392,0.5752,2326,18,0
2026-01-12T08:00:00Z,1768204800,0.5752,0.5761,0.57503,0.57566,3084,18,0
2026-01-12T12:00:00Z,1768219200,0.57566,0.5768,0.57549,0.57636,4303,18,0
2026-01-12T16:00:00Z,1768233600,0.57636,0.57679,0.57607,0.57658,2665,18,0
2026-01-12T20:00:00Z,1768248000,0.57658,0.5774,0.57647,0.57721,1833,18,0
2026-01-13T00:00:00Z,1768262400,0.57721,0.57797,0.57705,0.5776,2729,18,0
2026-01-13T04:00:00Z,1768276800,0.5776,0.57795,0.57688,0.577,2488,18,0
2026-01-13T08:00:00Z,1768291200,0.57699,0.57737,0.57599,0.57639,2826,18,0
2026-01-13T12:00:00Z,1768305600,0.57639,0.57818,0.57414,0.57482,6575,18,0
2026-01-13T16:00:00Z,1768320000,0.57482,0.57487,0.57343,0.57389,4001,18,0
2026-01-13T20:00:00Z,1768334400,0.5739,0.57425,0.57331,0.57375,1805,18,0
2026-01-14T00:00:00Z,1768348800,0.57372,0.5747,0.57299,0.5745,2536,18,0
2026-01-14T04:00:00Z,1768363200,0.5745,0.57501,0.57404,0.57456,2336,18,0
2026-01-14T08:00:00Z,1768377600,0.57455,0.57495,0.57372,0.57402,3110,18,0
2026-01-14T12:00:00Z,1768392000,0.57402,0.57539,0.57362,0.57527,5598,18,0
2026-01-14T16:00:00Z,1768406400,0.57527,0.57551,0.57402,0.57433,3383,18,0
2026-01-14T20:00:00Z,1768420800,0.57433,0.57496,0.57389,0.5742,2722,18,0
2026-01-15T00:00:00Z,1768435200,0.5742,0.57445,0.57306,0.57336,3007,18,0
2026-01-15T04:00:00Z,1768449600,0.57333,0.57399,0.5731,0.5739,2417,18,0
2026-01-15T08:00:00Z,1768464000,0.5739,0.57515,0.57358,0.57443,2658,18,0
2026-01-15T12:00:00Z,1768478400,0.57442,0.57478,0.57246,0.57409,4836,18,0
2026-01-15T16:00:00Z,1768492800,0.57409,0.57465,0.57391,0.57416,3050,18,0
2026-01-15T20:00:00Z,1768507200,0.57416,0.57438,0.57355,0.57426,1780,18,0
2026-01-16T00:00:00Z,1768521600,0.57425,0.57572,0.57419,0.5756,2225,18,0
2026-01-16T04:00:00Z,1768536000,0.5756,0.57627,0.5751,0.57578,1654,18,0
2026-01-16T08:00:00Z,1768550400,0.57578,0.57666,0.57555,0.57613,2377,18,0
2026-01-16T12:00:00Z,1768564800,0.57613,0.57644,0.57411,0.5745,4435,18,0
2026-01-16T16:00:00Z,1768579200,0.57452,0.57539,0.57452,0.57521,2994,18,0
2026-01-16T20:00:00Z,1768593600,0.5752,0.57547,0.57496,0.5751,882,18,0
2026-01-18T20:00:00Z,1768766400,0.57413,0.5763,0.57387,0.57628,1599,18,0
2026-01-19T00:00:00Z,1768780800,0.57628,0.5772,0.57527,0.57691,4122,18,0
2026-01-19T04:00:00Z,1768795200,0.57692,0.57788,0.57687,0.57689,2814,18,0
2026-01-19T08:00:00Z,1768809600,0.57692,0.57848,0.57684,0.57824,3125,18,0
2026-01-19T12:00:00Z,1768824000,0.57824,0.57928,0.57784,0.57895,2913,18,0
2026-01-19T16:00:00Z,1768838400,0.57898,0.5796,0.57886,0.5791,1428,18,0
2026-01-19T20:00:00Z,1768852800,0.5791,0.58022,0.57885,0.57916,1352,18,0
2026-01-20T00:00:00Z,1768867200,0.57916,0.58229,0.5788,0.58221,3026,18,0
2026-01-20T04:00:00Z,1768881600,0.58221,0.5839,0.5822,0.5836,3308,18,0
2026-01-20T08:00:00Z,1768896000,0.58362,0.58428,0.5831,0.58401,4917,18,0
2026-01-20T12:00:00Z,1768910400,0.58401,0.58501,0.58282,0.5847,6495,18,0
2026-01-20T16:00:00Z,1768924800,0.58469,0.58504,0.58286,0.5829,3542,18,0
2026-01-20T20:00:00Z,1768939200,0.5829,0.58331,0.58244,0.58258,2091,18,0
2026-01-21T00:00:00Z,1768953600,0.58257,0.58351,0.58202,0.5831,2998,18,0
2026-01-21T04:00:00Z,1768968000,0.5831,0.58525,0.58268,0.58496,2722,18,0
2026-01-21T08:00:00Z,1768982400,0.58495,0.58505,0.584,0.58481,3227,18,0
2026-01-21T12:00:00Z,1768996800,0.58483,0.58655,0.58474,0.58485,5640,18,0
2026-01-21T16:00:00Z,1769011200,0.58485,0.58526,0.58381,0.58471,5401,18,0
2026-01-21T20:00:00Z,1769025600,0.58471,0.58471,0.58344,0.58365,2378,18,0
2026-01-22T00:00:00Z,1769040000,0.58365,0.58611,0.58355,0.58611,3585,18,0
2026-01-22T04:00:00Z,1769054400,0.58611,0.5862,0.58532,0.58574,2503,18,0
2026-01-22T08:00:00Z,1769068800,0.58573,0.58769,0.58546,0.58736,3663,18,0
2026-01-22T12:00:00Z,1769083200,0.58736,0.58939,0.58736,0.58932,4572,18,0
2026-01-22T16:00:00Z,1769097600,0.58933,0.59089,0.58933,0.59047,3193,18,0
2026-01-22T20:00:00Z,1769112000,0.59047,0.59277,0.59033,0.5915,2543,18,0
2026-01-23T00:00:00Z,1769126400,0.5915,0.59202,0.59053,0.5907,3165,18,0
2026-01-23T04:00:00Z,1769140800,0.59069,0.59124,0.59014,0.59022,3033,18,0
2026-01-23T08:00:00Z,1769155200,0.59023,0.5908,0.58906,0.59048,3807,18,0
2026-01-23T12:00:00Z,1769169600,0.59051,0.59215,0.59002,0.59212,3984,18,0
2026-01-23T16:00:00Z,1769184000,0.59212,0.59415,0.59148,0.59399,5013,18,0
2026-01-23T20:00:00Z,1769198400,0.59399,0.59504,0.59379,0.5947,1595,18,0
2026-01-25T20:00:00Z,1769371200,0.59462,0.59744,0.59424,0.59603,1921,18,0
2026-01-26T00:00:00Z,1769385600,0.59605,0.59711,0.59526,0.5959,5313,18,0
2026-01-26T04:00:00Z,1769400000,0.5959,0.59625,0.59511,0.59545,3786,18,0
2026-01-26T08:00:00Z,1769414400,0.59549,0.59743,0.59545,0.59684,4536,18,0
2026-01-26T12:00:00Z,1769428800,0.59684,0.5993,0.59534,0.59929,5158,18,0
2026-01-26T16:00:00Z,1769443200,0.59928,0.59982,0.59769,0.59782,4297,18,0
2026-01-26T20:00:00Z,1769457600,0.59781,0.59791,0.59661,0.59691,2223,18,0
2026-01-27T00:00:00Z,1769472000,0.59691,0.5978,0.59584,0.59664,3295,18,0
2026-01-27T04:00:00Z,1769486400,0.59664,0.59715,0.59603,0.59661,2894,18,0
2026-01-27T08:00:00Z,1769500800,0.5966,0.59812,0.59542,0.59806,4135,18,0
2026-01-27T12:00:00Z,1769515200,0.59804,0.60114,0.59804,0.60079,6682,18,0
2026-01-27T16:00:00Z,1769529600,0.60079,0.60215,0.60077,0.60182,4729,18,0
2026-01-27T20:00:00Z,1769544000,0.60181,0.60499,0.60132,0.6028,5393,18,0
2026-01-28T00:00:00Z,1769558400,0.6028,0.60369,0.60072,0.60161,5228,18,0
2026-01-28T04:00:00Z,1769572800,0.60161,0.60438,0.60108,0.6028,4163,18,0
2026-01-28T08:00:00Z,1769587200,0.6028,0.6041,0.60206,0.60306,5560,18,0
2026-01-28T12:00:00Z,1769601600,0.60306,0.604,0.60151,0.60333,7437,18,0
2026-01-28T16:00:00Z,1769616000,0.60332,0.60438,0.6014,0.60419,7124,18,0
2026-01-28T20:00:00Z,1769630400,0.60417,0.60697,0.6037,0.60633,3937,18,0
2026-01-29T00:00:00Z,1769644800,0.60636,0.60816,0.60436,0.60812,5700,18,0
2026-01-29T04:00:00Z,1769659200,0.60812,0.60917,0.60687,0.60748,4752,18,0
2026-01-29T08:00:00Z,1769673600,0.60745,0.60825,0.6048,0.60588,5404,18,0
2026-01-29T12:00:00Z,1769688000,0.60588,0.60886,0.60219,0.60314,10327,18,0
2026-01-29T16:00:00Z,1769702400,0.60313,0.60714,0.60292,0.60635,9050,18,0
2026-01-29T20:00:00Z,1769716800,0.60635,0.60817,0.6061,0.60747,3663,18,0
2026-01-30T00:00:00Z,1769731200,0.60746,0.60791,0.60308,0.60446,8115,18,0
2026-01-30T04:00:00Z,1769745600,0.60444,0.60534,0.60378,0.60497,5339,18,0
2026-01-30T08:00:00Z,1769760000,0.60501,0.60722,0.60305,0.60719,7060,18,0
2026-01-30T12:00:00Z,1769774400,0.60715,0.60781,0.60446,0.60472,9716,18,0
2026-01-30T16:00:00Z,1769788800,0.60471,0.60492,0.60092,0.60326,9933,18,0
2026-01-30T20:00:00Z,1769803200,0.60327,0.6033,0.60177,0.60195,2380,18,0
2026-02-01T20:00:00Z,1769976000,0.60086,0.60232,0.59921,0.60077,3325,18,0
2026-02-02T00:00:00Z,1769990400,0.60076,0.60329,0.60076,0.60155,9439,18,0
2026-02-02T04:00:00Z,1770004800,0.60157,0.60212,0.59898,0.60058,7381,18,0
2026-02-02T08:00:00Z,1770019200,0.60059,0.60255,0.60031,0.60163,6897,18,0
2026-02-02T12:00:00Z,1770033600,0.60163,0.60231,0.59903,0.59918,9416,18,0
2026-02-02T16:00:00Z,1770048000,0.59917,0.60124,0.599,0.59996,6527,18,0
2026-02-02T20:00:00Z,1770062400,0.59996,0.60113,0.5994,0.60112,3071,18,0
2026-02-03T00:00:00Z,1770076800,0.60112,0.6035,0.60054,0.60328,5321,18,0
2026-02-03T04:00:00Z,1770091200,0.60327,0.60571,0.60305,0.60516,5308,18,0
2026-02-03T08:00:00Z,1770105600,0.60516,0.6056,0.60261,0.60273,5172,18,0
2026-02-03T12:00:00Z,1770120000,0.60272,0.6048,0.6019,0.60438,7043,18,0
2026-02-03T16:00:00Z,1770134400,0.60436,0.60535,0.60334,0.60435,7027,18,0
2026-02-03T20:00:00Z,1770148800,0.60435,0.60625,0.60361,0.60403,3150,18,0
2026-02-04T00:00:00Z,1770163200,0.60403,0.60483,0.60263,0.60309,4558,18,0
2026-02-04T04:00:00Z,1770177600,0.60309,0.60461,0.60298,0.60399,3198,18,0
2026-02-04T08:00:00Z,1770192000,0.60397,0.60465,0.60113,0.60196,4665,18,0
2026-02-04T12:00:00Z,1770206400,0.60194,0.60336,0.60017,0.6003,7701,18,0
2026-02-04T16:00:00Z,1770220800,0.60028,0.60093,0.59869,0.60056,7789,18,0
2026-02-04T20:00:00Z,1770235200,0.60056,0.60062,0.59956,0.59964,2830,18,0
2026-02-05T00:00:00Z,1770249600,0.59961,0.6008,0.59761,0.59825,5633,18,0
2026-02-05T04:00:00Z,1770264000,0.59826,0.59934,0.59805,0.59868,4013,18,0
2026-02-05T08:00:00Z,1770278400,0.5987,0.59967,0.59794,0.59934,4738,18,0
2026-02-05T12:00:00Z,1770292800,0.59931,0.60017,0.5968,0.59761,9660,18,0
2026-02-05T16:00:00Z,1770307200,0.59762,0.59915,0.59725,0.59725,6708,18,0
2026-02-05T20:00:00Z,1770321600,0.59725,0.59775,0.59364,0.59371,3396,18,0
2026-02-06T00:00:00Z,1770336000,0.59371,0.59637,0.59276,0.59628,5473,18,0
2026-02-06T04:00:00Z,1770350400,0.59626,0.59817,0.59625,0.59763,3506,18,0
2026-02-06T08:00:00Z,1770364800,0.59761,0.5994,0.59735,0.59927,4260,18,0
2026-02-06T12:00:00Z,1770379200,0.59925,0.60169,0.59881,0.60144,5994,18,0
2026-02-06T16:00:00Z,1770393600,0.60144,0.60261,0.6013,0.60169,3914,18,0
2026-02-06T20:00:00Z,1770408000,0.60169,0.60209,0.60147,0.60148,1114,18,0
2026-02-08T20:00:00Z,1770580800,0.60137,0.60329,0.60111,0.60312,2692,18,0
2026-02-09T00:00:00Z,1770595200,0.60312,0.60316,0.60108,0.60124,4217,18,0
2026-02-09T04:00:00Z,1770609600,0.60123,0.6026,0.6012,0.60188,3432,18,0
2026-02-09T08:00:00Z,1770624000,0.60191,0.6022,0.59965,0.60204,4469,18,0
2026-02-09T12:00:00Z,1770638400,0.60204,0.60559,0.60204,0.60484,6140,18,0
2026-02-09T16:00:00Z,1770652800,0.60485,0.6059,0.60427,0.60571,3549,18,0
2026-02-09T20:00:00Z,1770667200,0.60572,0.60584,0.60474,0.60512,2470,18,0
2026-02-10T00:00:00Z,1770681600,0.60512,0.60531,0.6038,0.60389,3348,18,0
2026-02-10T04:00:00Z,1770696000,0.6039,0.60412,0.60327,0.60396,2672,18,0
2026-02-10T08:00:00Z,1770710400,0.60397,0.60491,0.60371,0.60434,3056,18,0
2026-02-10T12:00:00Z,1770724800,0.60435,0.60605,0.60371,0.60557,6197,18,0
2026-02-10T16:00:00Z,1770739200,0.60557,0.60562,0.60383,0.605,4349,18,0
2026-02-10T20:00:00Z,1770753600,0.60499,0.60503,0.60372,0.60395,2015,18,0
2026-02-11T00:00:00Z,1770768000,0.60395,0.60649,0.60393,0.60624,3360,18,0
2026-02-11T04:00:00Z,1770782400,0.60624,0.6066,0.60536,0.60579,3108,18,0
2026-02-11T08:00:00Z,1770796800,0.60579,0.60725,0.60521,0.60617,3313,18,0
2026-02-11T12:00:00Z,1770811200,0.60619,0.60643,0.60234,0.60379,10406,18,0
2026-02-11T16:00:00Z,1770825600,0.6038,0.60642,0.60335,0.60555,5882,18,0
2026-02-11T20:00:00Z,1770840000,0.60555,0.60559,0.60418,0.60471,2514,18,0
2026-02-12T00:00:00Z,1770854400,0.60471,0.60607,0.60439,0.60542,3321,18,0
2026-02-12T04:00:00Z,1770868800,0.60542,0.6058,0.60383,0.60568,3366,18,0
2026-02-12T08:00:00Z,1770883200,0.60568,0.60752,0.60547,0.60722,3367,18,0
2026-02-12T12:00:00Z,1770897600,0.60721,0.60745,0.60575,0.60663,5739,18,0
2026-02-12T16:00:00Z,1770912000,0.60663,0.60669,0.6025,0.60362,8419,18,0
2026-02-12T20:00:00Z,1770926400,0.60362,0.6037,0.60279,0.60308,2627,18,0
2026-02-13T00:00:00Z,1770940800,0.60307,0.60389,0.60274,0.60311,3146,18,0
2026-02-13T04:00:00Z,1770955200,0.60311,0.60368,0.60137,0.60235,3331,18,0
2026-02-13T08:00:00Z,1770969600,0.60235,0.60418,0.6018,0.602,3946,18,0
2026-02-13T12:00:00Z,1770984000,0.602,0.60445,0.6017,0.60258,9162,18,0
2026-02-13T16:00:00Z,1770998400,0.60259,0.60498,0.60244,0.60384,5283,18,0
2026-02-13T20:00:00Z,1771012800,0.60384,0.60436,0.60348,0.60392,1433,18,0
2026-02-15T20:00:00Z,1771185600,0.60248,0.60385,0.60204,0.60322,1243,18,0
2026-02-16T00:00:00Z,1771200000,0.60324,0.60395,0.60272,0.603,2656,18,0
2026-02-16T04:00:00Z,1771214400,0.603,0.60426,0.6028,0.60375,2054,18,0
2026-02-16T08:00:00Z,1771228800,0.60375,0.60475,0.60349,0.6042,3036,18,0
2026-02-16T12:00:00Z,1771243200,0.6042,0.60453,0.60311,0.60311,2844,18,0
2026-02-16T16:00:00Z,1771257600,0.6031,0.6035,0.60292,0.60341,1392,18,0
2026-02-16T20:00:00Z,1771272000,0.6034,0.6035,0.6029,0.60307,1119,18,0
2026-02-17T00:00:00Z,1771286400,0.60307,0.60325,0.60184,0.6026,3385,18,0
2026-02-17T04:00:00Z,1771300800,0.6026,0.60384,0.60232,0.60273,3128,18,0
2026-02-17T08:00:00Z,1771315200,0.60271,0.60491,0.60266,0.60381,3813,18,0
2026-02-17T12:00:00Z,1771329600,0.60382,0.6041,0.60035,0.60133,7393,18,0
2026-02-17T16:00:00Z,1771344000,0.60133,0.60492,0.60133,0.60483,5528,18,0
2026-02-17T20:00:00Z,1771358400,0.60483,0.60522,0.60451,0.60466,2022,18,0
2026-02-18T00:00:00Z,1771372800,0.60466,0.60498,0.59949,0.5998,4077,18,0
2026-02-18T04:00:00Z,1771387200,0.59985,0.60019,0.59886,0.59952,2392,18,0
2026-02-18T08:00:00Z,1771401600,0.59954,0.6013,0.59953,0.60049,3202,18,0
2026-02-18T12:00:00Z,1771416000,0.60053,0.60094,0.5976,0.59926,5225,18,0
2026-02-18T16:00:00Z,1771430400,0.59928,0.59978,0.59612,0.59635,4446,18,0
2026-02-18T20:00:00Z,1771444800,0.59635,0.59678,0.59608,0.59651,1893,18,0
2026-02-19T00:00:00Z,1771459200,0.59654,0.5978,0.59571,0.59734,2982,18,0
2026-02-19T04:00:00Z,1771473600,0.59734,0.59847,0.59639,0.59826,2460,18,0
2026-02-19T08:00:00Z,1771488000,0.59829,0.59895,0.59642,0.59686,3881,18,0
2026-02-19T12:00:00Z,1771502400,0.59685,0.59793,0.5945,0.59719,6946,18,0
2026-02-19T16:00:00Z,1771516800,0.59718,0.59755,0.59616,0.59648,5357,18,0
2026-02-19T20:00:00Z,1771531200,0.59648,0.59748,0.59648,0.59692,2337,18,0
2026-02-20T00:00:00Z,1771545600,0.59693,0.59712,0.59373,0.59457,3926,18,0
2026-02-20T04:00:00Z,1771560000,0.59457,0.59592,0.59428,0.59455,3028,18,0
2026-02-20T08:00:00Z,1771574400,0.59454,0.59639,0.59437,0.59539,3862,18,0
2026-02-20T12:00:00Z,1771588800,0.59539,0.59796,0.59441,0.59757,9721,18,0
2026-02-20T16:00:00Z,1771603200,0.59758,0.59842,0.59556,0.59722,8236,18,0
2026-02-20T20:00:00Z,1771617600,0.59722,0.59792,0.59712,0.59747,1285,18,0
2026-02-22T20:00:00Z,1771790400,0.59738,0.60028,0.59738,0.60028,1314,18,0
2026-02-23T00:00:00Z,1771804800,0.60028,0.60028,0.59786,0.59841,5464,18,0
2026-02-23T04:00:00Z,1771819200,0.59841,0.59896,0.5979,0.59817,3053,18,0
2026-02-23T08:00:00Z,1771833600,0.59817,0.59869,0.59649,0.59661,3809,18,0
2026-02-23T12:00:00Z,1771848000,0.5966,0.5978,0.59564,0.5964,5770,18,0
2026-02-23T16:00:00Z,1771862400,0.59639,0.59685,0.59535,0.59552,5154,18,0
2026-02-23T20:00:00Z,1771876800,0.59552,0.59607,0.59505,0.59586,2298,18,0
2026-02-24T00:00:00Z,1771891200,0.59586,0.59706,0.59493,0.59613,3938,18,0
2026-02-24T04:00:00Z,1771905600,0.59612,0.59661,0.59553,0.59611,3274,18,0
2026-02-24T08:00:00Z,1771920000,0.59611,0.59704,0.59542,0.59546,3714,18,0
2026-02-24T12:00:00Z,1771934400,0.59546,0.59645,0.59417,0.5959,5650,18,0
2026-02-24T16:00:00Z,1771948800,0.59588,0.59732,0.59584,0.59675,3524,18,0
2026-02-24T20:00:00Z,1771963200,0.59675,0.59727,0.59585,0.59629,1822,18,0
2026-02-25T00:00:00Z,1771977600,0.59629,0.59801,0.59609,0.59732,4725,18,0
2026-02-25T04:00:00Z,1771992000,0.59732,0.59907,0.59717,0.59831,3106,18,0
2026-02-25T08:00:00Z,1772006400,0.59831,0.59861,0.59588,0.59613,3347,18,0
2026-02-25T12:00:00Z,1772020800,0.59613,0.59883,0.59613,0.59883,4838,18,0
2026-02-25T16:00:00Z,1772035200,0.59882,0.59993,0.59859,0.59964,2707,18,0
2026-02-25T20:00:00Z,1772049600,0.59964,0.60019,0.59938,0.59991,2181,18,0
2026-02-26T00:00:00Z,1772064000,0.5999,0.60121,0.59948,0.60005,3707,18,0
2026-02-26T04:00:00Z,1772078400,0.60005,0.60113,0.5994,0.59963,3226,18,0
2026-02-26T08:00:00Z,1772092800,0.59962,0.59969,0.5981,0.59812,3165,18,0
2026-02-26T12:00:00Z,1772107200,0.59813,0.59943,0.59571,0.59774,6139,18,0
2026-02-26T16:00:00Z,1772121600,0.59776,0.59854,0.59565,0.59844,5163,18,0
2026-02-26T20:00:00Z,1772136000,0.5984,0.59863,0.59724,0.59788,2486,18,0
2026-02-27T00:00:00Z,1772150400,0.59788,0.59914,0.59738,0.5988,3658,18,0
2026-02-27T04:00:00Z,1772164800,0.59877,0.5994,0.59843,0.59889,3110,18,0
2026-02-27T08:00:00Z,1772179200,0.59888,0.59931,0.59796,0.59825,3750,18,0
2026-02-27T12:00:00Z,1772193600,0.59826,0.6003,0.59698,0.59996,7112,18,0
2026-02-27T16:00:00Z,1772208000,0.59997,0.60038,0.5993,0.59954,4629,18,0
2026-02-27T20:00:00Z,1772222400,0.59954,0.60017,0.59922,0.59958,1298,18,0
2026-03-01T20:00:00Z,1772395200,0.59468,0.59744,0.59388,0.59556,2172,29,0
2026-03-02T00:00:00Z,1772409600,0.59554,0.59938,0.59483,0.59838,7034,18,0
2026-03-02T04:00:00Z,1772424000,0.59838,0.59867,0.59362,0.59427,5775,18,0
2026-03-02T08:00:00Z,1772438400,0.59429,0.59667,0.59275,0.59581,6505,18,0
2026-03-02T12:00:00Z,1772452800,0.59584,0.59587,0.59228,0.59262,8841,18,0
2026-03-02T16:00:00Z,1772467200,0.59262,0.59559,0.59154,0.59535,5910,18,0
2026-03-02T20:00:00Z,1772481600,0.59535,0.59545,0.593,0.59455,4309,18,0
2026-03-03T00:00:00Z,1772496000,0.59455,0.59547,0.59344,0.5944,5816,18,0
2026-03-03T04:00:00Z,1772510400,0.59441,0.5947,0.59093,0.59103,6150,18,0
2026-03-03T08:00:00Z,1772524800,0.59102,0.5913,0.58625,0.58897,9522,18,0
2026-03-03T12:00:00Z,1772539200,0.58897,0.59025,0.58352,0.58624,12713,18,0
2026-03-03T16:00:00Z,1772553600,0.58625,0.59059,0.58602,0.58944,11035,18,0
2026-03-03T20:00:00Z,1772568000,0.58947,0.58998,0.58817,0.5887,4206,18,0
2026-03-04T00:00:00Z,1772582400,0.5887,0.59,0.58604,0.58999,8873,18,0
2026-03-04T04:00:00Z,1772596800,0.58998,0.59106,0.5885,0.5903,7291,18,0
2026-03-04T08:00:00Z,1772611200,0.59027,0.59322,0.58908,0.59094,9253,18,0
2026-03-04T12:00:00Z,1772625600,0.59094,0.59299,0.59002,0.59294,10234,18,0
2026-03-04T16:00:00Z,1772640000,0.59294,0.59404,0.59233,0.59396,5792,18,0
2026-03-04T20:00:00Z,1772654400,0.59398,0.59426,0.59351,0.59363,2765,18,0
2026-03-05T00:00:00Z,1772668800,0.59363,0.59476,0.59257,0.59281,5979,18,0
2026-03-05T04:00:00Z,1772683200,0.59279,0.59317,0.59106,0.5922,5915,18,0
2026-03-05T08:00:00Z,1772697600,0.59223,0.59453,0.59014,0.59222,8692,18,0
2026-03-05T12:00:00Z,1772712000,0.59225,0.59314,0.58878,0.5895,9296,18,0
2026-03-05T16:00:00Z,1772726400,0.5895,0.58952,0.58722,0.58772,9334,18,0
2026-03-05T20:00:00Z,1772740800,0.58774,0.59011,0.58741,0.58948,4148,18,0
2026-03-06T00:00:00Z,1772755200,0.58948,0.59138,0.58943,0.591,4964,18,0
2026-03-06T04:00:00Z,1772769600,0.591,0.59147,0.59,0.59115,4089,18,0
2026-03-06T08:00:00Z,1772784000,0.59114,0.59122,0.5862,0.58639,7172,18,0
2026-03-06T12:00:00Z,1772798400,0.58639,0.58903,0.58567,0.58849,13327,18,0
2026-03-06T16:00:00Z,1772812800,0.58852,0.59094,0.58849,0.59002,9129,18,0
2026-03-06T20:00:00Z,1772827200,0.59004,0.59051,0.58929,0.58994,2787,18,0
2026-03-08T20:00:00Z,1773000000,0.58664,0.58684,0.58477,0.58506,4035,18,0
2026-03-09T00:00:00Z,1773014400,0.58503,0.58789,0.5849,0.5868,8768,18,0
2026-03-09T04:00:00Z,1773028800,0.58679,0.5894,0.58669,0.58894,8469,18,0
2026-03-09T08:00:00Z,1773043200,0.58897,0.59152,0.5875,0.59053,10481,18,0
2026-03-09T12:00:00Z,1773057600,0.59054,0.59211,0.58931,0.59163,11490,18,0
2026-03-09T16:00:00Z,1773072000,0.59164,0.59343,0.59111,0.5926,7859,18,0
2026-03-09T20:00:00Z,1773086400,0.59258,0.59387,0.59213,0.59254,3870,18,0
2026-03-10T00:00:00Z,1773100800,0.59254,0.59344,0.59067,0.5911,6790,18,0
2026-03-10T04:00:00Z,1773115200,0.5911,0.59429,0.5907,0.59383,5442,18,0
2026-03-10T08:00:00Z,1773129600,0.59382,0.59447,0.59222,0.59403,7287,18,0
2026-03-10T12:00:00Z,1773144000,0.59406,0.59612,0.59293,0.59539,8957,18,0
2026-03-10T16:00:00Z,1773158400,0.5954,0.59636,0.59244,0.59302,9449,18,0
2026-03-10T20:00:00Z,1773172800,0.59302,0.5931,0.59199,0.59231,2336,18,0
2026-03-11T00:00:00Z,1773187200,0.59232,0.59429,0.59206,0.59419,5273,18,0
2026-03-11T04:00:00Z,1773201600,0.59419,0.59474,0.59276,0.59333,4713,18,0
2026-03-11T08:00:00Z,1773216000,0.59331,0.59382,0.59167,0.59225,6648,18,0
2026-03-11T12:00:00Z,1773230400,0.59223,0.59399,0.59069,0.59069,9983,18,0
2026-03-11T16:00:00Z,1773244800,0.59069,0.5919,0.59044,0.5918,5851,18,0
2026-03-11T20:00:00Z,1773259200,0.59181,0.59185,0.58913,0.5894,3042,18,0
2026-03-12T00:00:00Z,1773273600,0.58941,0.59129,0.58912,0.59059,5063,18,0
2026-03-12T04:00:00Z,1773288000,0.59058,0.59068,0.58944,0.59044,4371,18,0
2026-03-12T08:00:00Z,1773302400,0.59047,0.59108,0.58944,0.59023,5428,18,0
2026-03-12T12:00:00Z,1773316800,0.59025,0.5903,0.58542,0.58674,9585,18,0
2026-03-12T16:00:00Z,1773331200,0.58674,0.58718,0.58513,0.58543,7155,18,0
2026-03-12T20:00:00Z,1773345600,0.5854,0.58552,0.58476,0.58523,2479,18,0
2026-03-13T00:00:00Z,1773360000,0.5852,0.58612,0.58392,0.58449,4230,18,0
2026-03-13T04:00:00Z,1773374400,0.58448,0.58448,0.58045,0.58076,4167,18,0
2026-03-13T08:00:00Z,1773388800,0.58079,0.58303,0.58023,0.583,6311,18,0
2026-03-13T12:00:00Z,1773403200,0.583,0.58397,0.58002,0.58015,9099,18,0
2026-03-13T16:00:00Z,1773417600,0.58013,0.58052,0.5782,0.57824,5978,18,0
2026-03-13T20:00:00Z,1773432000,0.57825,0.57825,0.57727,0.57727,733,18,0
2026-03-15T20:00:00Z,1773604800,0.57868,0.57964,0.57775,0.57949,2872,18,0
2026-03-16T00:00:00Z,1773619200,0.57948,0.58143,0.57939,0.58091,4724,18,0
2026-03-16T04:00:00Z,1773633600,0.58091,0.58113,0.57982,0.58052,3675,18,0
2026-03-16T08:00:00Z,1773648000,0.58054,0.58434,0.58031,0.58392,5432,18,0
2026-03-16T12:00:00Z,1773662400,0.58395,0.58574,0.58388,0.58446,6504,18,0
2026-03-16T16:00:00Z,1773676800,0.58445,0.58683,0.58377,0.58599,5832,18,0
2026-03-16T20:00:00Z,1773691200,0.58599,0.58612,0.58488,0.5852,2146,18,0
2026-03-17T00:00:00Z,1773705600,0.58521,0.5853,0.58413,0.58424,4377,18,0
2026-03-17T04:00:00Z,1773720000,0.58428,0.58484,0.58162,0.58239,4561,18,0
2026-03-17T08:00:00Z,1773734400,0.58241,0.58461,0.5818,0.58387,4877,18,0
2026-03-17T12:00:00Z,1773748800,0.58386,0.58643,0.58368,0.58565,6415,18,0
2026-03-17T16:00:00Z,1773763200,0.58564,0.58678,0.5851,0.58561,4380,18,0
2026-03-17T20:00:00Z,1773777600,0.58561,0.5861,0.5851,0.58569,2293,18,0
2026-03-18T00:00:00Z,1773792000,0.58569,0.58656,0.58522,0.58585,2905,18,0
2026-03-18T04:00:00Z,1773806400,0.58585,0.58716,0.58554,0.58567,2762,18,0
2026-03-18T08:00:00Z,1773820800,0.58567,0.58634,0.58473,0.58533,4079,18,0
2026-03-18T12:00:00Z,1773835200,0.58535,0.58544,0.58124,0.58379,9294,18,0
2026-03-18T16:00:00Z,1773849600,0.58379,0.58483,0.58049,0.58049,7473,18,0
2026-03-18T20:00:00Z,1773864000,0.58048,0.58048,0.57839,0.57939,3801,18,0
2026-03-19T00:00:00Z,1773878400,0.57942,0.58269,0.57931,0.58189,4886,18,0
2026-03-19T04:00:00Z,1773892800,0.58186,0.58214,0.58045,0.58066,4729,18,0
2026-03-19T08:00:00Z,1773907200,0.58069,0.58262,0.58034,0.58142,7860,18,0
2026-03-19T12:00:00Z,1773921600,0.5814,0.58493,0.57977,0.58304,13220,18,0
2026-03-19T16:00:00Z,1773936000,0.58304,0.58917,0.58294,0.58723,10043,18,0
2026-03-19T20:00:00Z,1773950400,0.58724,0.58774,0.5865,0.58662,3089,18,0
2026-03-20T00:00:00Z,1773964800,0.58661,0.58906,0.58659,0.58818,4765,18,0
2026-03-20T04:00:00Z,1773979200,0.58818,0.5891,0.5871,0.58873,4004,18,0
2026-03-20T08:00:00Z,1773993600,0.58872,0.58895,0.58517,0.58708,6808,18,0
2026-03-20T12:00:00Z,1774008000,0.58707,0.58767,0.58291,0.58381,9995,18,0
2026-03-20T16:00:00Z,1774022400,0.5838,0.5848,0.58171,0.58256,8074,18,0
2026-03-20T20:00:00Z,1774036800,0.58256,0.58304,0.58248,0.58282,847,18,0
2026-03-22T20:00:00Z,1774209600,0.58174,0.58337,0.58068,0.58318,2839,18,0
2026-03-23T00:00:00Z,1774224000,0.58319,0.58376,0.58084,0.58101,7177,18,0
2026-03-23T04:00:00Z,1774238400,0.58102,0.58135,0.57885,0.57901,6055,18,0
2026-03-23T08:00:00Z,1774252800,0.57904,0.58483,0.57614,0.58102,17057,18,0
2026-03-23T12:00:00Z,1774267200,0.58098,0.58865,0.58029,0.58418,19697,18,0
2026-03-23T16:00:00Z,1774281600,0.58415,0.58806,0.58317,0.58646,10326,18,0
2026-03-23T20:00:00Z,1774296000,0.58643,0.58659,0.58473,0.58531,3683,18,0
2026-03-24T00:00:00Z,1774310400,0.58531,0.58536,0.58293,0.58315,7275,18,0
2026-03-24T04:00:00Z,1774324800,0.58316,0.58596,0.58213,0.5847,6616,18,0
2026-03-24T08:00:00Z,1774339200,0.58469,0.58469,0.58149,0.58312,8307,18,0
2026-03-24T12:00:00Z,1774353600,0.58313,0.58406,0.58116,0.5816,11517,18,0
2026-03-24T16:00:00Z,1774368000,0.58157,0.58243,0.57928,0.58183,8778,18,0
2026-03-24T20:00:00Z,1774382400,0.58182,0.58508,0.58164,0.58351,5671,18,0
2026-03-25T00:00:00Z,1774396800,0.58351,0.58426,0.58207,0.58221,5481,18,0
2026-03-25T04:00:00Z,1774411200,0.58218,0.58222,0.58071,0.58146,4061,18,0
2026-03-25T08:00:00Z,1774425600,0.58147,0.58317,0.58103,0.58224,6313,18,0
2026-03-25T12:00:00Z,1774440000,0.58225,0.58272,0.58033,0.5813,9020,18,0
2026-03-25T16:00:00Z,1774454400,0.58129,0.58253,0.58038,0.58072,6279,18,0
2026-03-25T20:00:00Z,1774468800,0.58073,0.5809,0.58007,0.58051,1989,18,0
2026-03-26T00:00:00Z,1774483200,0.58051,0.58075,0.57943,0.58055,3822,18,0
2026-03-26T04:00:00Z,1774497600,0.58055,0.58078,0.57829,0.57831,3688,18,0
2026-03-26T08:00:00Z,1774512000,0.57831,0.57918,0.57714,0.57716,4930,18,0
2026-03-26T12:00:00Z,1774526400,0.57717,0.57926,0.57702,0.57762,7690,14,0
2026-03-26T16:00:00Z,1774540800,0.57762,0.57772,0.57512,0.5752,5126,14,0
2026-03-26T20:00:00Z,1774555200,0.57518,0.57819,0.57497,0.57595,5159,14,0
2026-03-27T00:00:00Z,1774569600,0.57595,0.57731,0.57518,0.57709,4559,14,0
2026-03-27T04:00:00Z,1774584000,0.57707,0.57772,0.57628,0.57636,3703,14,0
2026-03-27T08:00:00Z,1774598400,0.57634,0.57742,0.57583,0.57584,5574,14,0
2026-03-27T12:00:00Z,1774612800,0.57584,0.57677,0.57486,0.57563,8357,14,0
2026-03-27T16:00:00Z,1774627200,0.57564,0.57597,0.57374,0.57447,5890,14,0
2026-03-27T20:00:00Z,1774641600,0.57446,0.57465,0.57402,0.57443,1033,14,0
2026-03-29T20:00:00Z,1774814400,0.57427,0.57459,0.57245,0.57264,2940,14,0
2026-03-30T00:00:00Z,1774828800,0.57266,0.57388,0.5723,0.57366,5750,14,0
2026-03-30T04:00:00Z,1774843200,0.57368,0.57487,0.57247,0.57262,4132,14,0
2026-03-30T08:00:00Z,1774857600,0.57262,0.57297,0.57145,0.57207,4763,14,0
2026-03-30T12:00:00Z,1774872000,0.57208,0.57257,0.56991,0.57137,7256,14,0
2026-03-30T16:00:00Z,1774886400,0.57134,0.57204,0.57101,0.57161,4688,14,0
2026-03-30T20:00:00Z,1774900800,0.57159,0.57214,0.57128,0.57158,2339,14,0
2026-03-31T00:00:00Z,1774915200,0.57158,0.57348,0.57058,0.57154,6479,14,0
2026-03-31T04:00:00Z,1774929600,0.57155,0.57191,0.57037,0.57154,4588,14,0
2026-03-31T08:00:00Z,1774944000,0.57155,0.57276,0.56994,0.5726,5565,14,0
2026-03-31T12:00:00Z,1774958400,0.57261,0.5736,0.56975,0.57077,9594,14,0
2026-03-31T16:00:00Z,1774972800,0.57078,0.57464,0.57053,0.57451,10210,14,0
2026-03-31T20:00:00Z,1774987200,0.57451,0.57558,0.57387,0.57545,2796,14,0
2026-04-01T00:00:00Z,1775001600,0.57543,0.57588,0.573,0.57321,4669,14,0
2026-04-01T04:00:00Z,1775016000,0.57321,0.57709,0.57316,0.57515,6040,14,0
2026-04-01T08:00:00Z,1775030400,0.57513,0.57768,0.5748,0.5773,6537,14,0
2026-04-01T12:00:00Z,1775044800,0.5773,0.57769,0.57559,0.57687,10424,14,0
2026-04-01T16:00:00Z,1775059200,0.57685,0.57753,0.57422,0.57498,5565,14,0
2026-04-01T20:00:00Z,1775073600,0.57498,0.57551,0.57467,0.57482,2304,14,0
2026-04-02T00:00:00Z,1775088000,0.57482,0.57582,0.57125,0.5713,9723,14,0
2026-04-02T04:00:00Z,1775102400,0.57132,0.57158,0.5699,0.57156,5128,14,0
2026-04-02T08:00:00Z,1775116800,0.57158,0.57163,0.56999,0.57036,4393,14,0
2026-04-02T12:00:00Z,1775131200,0.57036,0.57356,0.57027,0.57253,10305,14,0
2026-04-02T16:00:00Z,1775145600,0.57252,0.5729,0.5715,0.57159,5490,14,0
2026-04-02T20:00:00Z,1775160000,0.5716,0.57173,0.57092,0.57116,1648,18,0
2026-04-03T00:00:00Z,1775174400,0.57116,0.57151,0.57032,0.57043,1031,107,0
2026-04-03T04:00:00Z,1775188800,0.57043,0.57045,0.56967,0.57004,986,107,0
2026-04-03T08:00:00Z,1775203200,0.57003,0.57036,0.56951,0.57027,1079,178,0
2026-04-03T12:00:00Z,1775217600,0.57027,0.57089,0.56924,0.56942,2774,14,0
2026-04-03T16:00:00Z,1775232000,0.56939,0.5694,0.56815,0.56906,1293,14,0
2026-04-03T20:00:00Z,1775246400,0.56906,0.57046,0.56772,0.56875,1715,28,0
2026-04-05T20:00:00Z,1775419200,0.569,0.56937,0.56807,0.56851,2138,14,0
2026-04-06T00:00:00Z,1775433600,0.56851,0.57058,0.56847,0.56979,3670,14,0
2026-04-06T04:00:00Z,1775448000,0.56979,0.57242,0.56974,0.57223,3316,14,0
2026-04-06T08:00:00Z,1775462400,0.57225,0.57263,0.57135,0.572,4281,14,0
2026-04-06T12:00:00Z,1775476800,0.572,0.5729,0.57104,0.57174,6007,14,0
2026-04-06T16:00:00Z,1775491200,0.57174,0.57191,0.57053,0.57131,4102,14,0
2026-04-06T20:00:00Z,1775505600,0.57132,0.57159,0.57073,0.57129,1912,14,0
2026-04-07T00:00:00Z,1775520000,0.57129,0.57129,0.5689,0.5698,4105,14,0
2026-04-07T04:00:00Z,1775534400,0.56981,0.57064,0.56953,0.56981,4107,14,0
2026-04-07T08:00:00Z,1775548800,0.56979,0.57217,0.56977,0.57043,7337,14,0
2026-04-07T12:00:00Z,1775563200,0.57044,0.57136,0.56937,0.57019,8186,14,0
2026-04-07T16:00:00Z,1775577600,0.5702,0.57272,0.57017,0.57236,7046,14,0
2026-04-07T20:00:00Z,1775592000,0.57233,0.58179,0.57157,0.5808,10610,14,0
2026-04-08T00:00:00Z,1775606400,0.58082,0.58266,0.57846,0.58222,9531,14,0
2026-04-08T04:00:00Z,1775620800,0.58224,0.58493,0.58222,0.58274,7853,14,0
2026-04-08T08:00:00Z,1775635200,0.58272,0.58347,0.58115,0.58327,5992,14,0
2026-04-08T12:00:00Z,1775649600,0.58329,0.58583,0.58277,0.58351,9725,14,0
2026-04-08T16:00:00Z,1775664000,0.58349,0.58371,0.58092,0.5826,6157,14,0
2026-04-08T20:00:00Z,1775678400,0.5826,0.58273,0.58171,0.58239,2450,14,0
2026-04-09T00:00:00Z,1775692800,0.58241,0.58332,0.58159,0.58314,4542,14,0
2026-04-09T04:00:00Z,1775707200,0.58313,0.58378,0.58277,0.58294,4046,14,0
2026-04-09T08:00:00Z,1775721600,0.58294,0.58407,0.58253,0.58382,3854,14,0
2026-04-09T12:00:00Z,1775736000,0.58382,0.58681,0.58307,0.58676,6787,14,0
2026-04-09T16:00:00Z,1775750400,0.58677,0.58729,0.58528,0.58596,5146,14,0
2026-04-09T20:00:00Z,1775764800,0.58596,0.58623,0.58489,0.58501,2543,14,0
2026-04-10T00:00:00Z,1775779200,0.58501,0.58544,0.58444,0.58507,2961,14,0
2026-04-10T04:00:00Z,1775793600,0.58506,0.58512,0.58335,0.58341,3136,14,0
2026-04-10T08:00:00Z,1775808000,0.58341,0.58462,0.5832,0.58457,3884,14,0
2026-04-10T12:00:00Z,1775822400,0.58457,0.58683,0.58402,0.58409,6493,14,0
2026-04-10T16:00:00Z,1775836800,0.58409,0.58473,0.58323,0.58422,3747,14,0
2026-04-10T20:00:00Z,1775851200,0.58422,0.5844,0.58356,0.58361,590,14,0
2026-04-12T20:00:00Z,1776024000,0.57956,0.58113,0.57946,0.58026,2792,14,0
2026-04-13T00:00:00Z,1776038400,0.58028,0.58249,0.58001,0.58246,3746,14,0
2026-04-13T04:00:00Z,1776052800,0.58245,0.58406,0.58219,0.58364,3482,14,0
2026-04-13T08:00:00Z,1776067200,0.58364,0.5838,0.58184,0.58184,3769,14,0
2026-04-13T12:00:00Z,1776081600,0.58184,0.58477,0.58147,0.58406,6514,14,0
2026-04-13T16:00:00Z,1776096000,0.58407,0.58728,0.58385,0.58676,4796,14,0
2026-04-13T20:00:00Z,1776110400,0.58677,0.58725,0.58598,0.58704,1989,14,0
2026-04-14T00:00:00Z,1776124800,0.58704,0.58713,0.58563,0.58655,2671,14,0
2026-04-14T04:00:00Z,1776139200,0.58655,0.58933,0.58655,0.58872,3646,14,0
2026-04-14T08:00:00Z,1776153600,0.58871,0.5905,0.5884,0.59016,4084,14,0
2026-04-14T12:00:00Z,1776168000,0.59017,0.59193,0.58977,0.59047,6493,14,0
2026-04-14T16:00:00Z,1776182400,0.59046,0.59093,0.59006,0.59016,3203,14,0
2026-04-14T20:00:00Z,1776196800,0.59018,0.59056,0.58954,0.59019,2075,14,0
2026-04-15T00:00:00Z,1776211200,0.59017,0.59034,0.58922,0.59007,2884,14,0
2026-04-15T04:00:00Z,1776225600,0.59007,0.59085,0.58981,0.59037,3391,14,0
2026-04-15T08:00:00Z,1776240000,0.59037,0.59081,0.58913,0.5899,4820,14,0
2026-04-15T12:00:00Z,1776254400,0.58989,0.59116,0.58913,0.59065,5987,14,0
2026-04-15T16:00:00Z,1776268800,0.59064,0.59186,0.59058,0.59147,3821,14,0
2026-04-15T20:00:00Z,1776283200,0.59148,0.59161,0.59047,0.59107,2248,14,0
2026-04-16T00:00:00Z,1776297600,0.59106,0.59214,0.59034,0.59175,3489,14,0
2026-04-16T04:00:00Z,1776312000,0.59175,0.59198,0.59015,0.59028,3636,14,0
2026-04-16T08:00:00Z,1776326400,0.5903,0.59042,0.58853,0.58954,3661,14,0
2026-04-16T12:00:00Z,1776340800,0.58954,0.58958,0.58822,0.58936,6118,14,0
2026-04-16T16:00:00Z,1776355200,0.58938,0.5898,0.58816,0.58882,4312,14,0
2026-04-16T20:00:00Z,1776369600,0.58882,0.58924,0.58837,0.58846,1654,14,0
2026-04-17T00:00:00Z,1776384000,0.58845,0.58883,0.58794,0.58843,2642,14,0
2026-04-17T04:00:00Z,1776398400,0.58842,0.58892,0.58797,0.58874,2823,14,0
2026-04-17T08:00:00Z,1776412800,0.58874,0.58935,0.588,0.58853,3022,14,0
2026-04-17T12:00:00Z,1776427200,0.58855,0.59284,0.58849,0.59077,10587,14,0
2026-04-17T16:00:00Z,1776441600,0.59077,0.59104,0.58864,0.58871,4772,14,0
2026-04-17T20:00:00Z,1776456000,0.5887,0.5888,0.58798,0.58804,898,14,0
2026-04-19T20:00:00Z,1776628800,0.58554,0.58686,0.58487,0.58646,2504,14,0
2026-04-20T00:00:00Z,1776643200,0.58648,0.58823,0.58628,0.58781,3554,14,0
2026-04-20T04:00:00Z,1776657600,0.58781,0.58803,0.58625,0.58668,4186,14,0
2026-04-20T08:00:00Z,1776672000,0.5867,0.58841,0.58655,0.58831,4092,14,0
2026-04-20T12:00:00Z,1776686400,0.58831,0.58949,0.58744,0.589,6757,14,0
2026-04-20T16:00:00Z,1776700800,0.58901,0.5893,0.58851,0.58913,3325,14,0
2026-04-20T20:00:00Z,1776715200,0.58912,0.59156,0.58785,0.59047,2983,14,0
2026-04-21T00:00:00Z,1776729600,0.59049,0.592,0.58989,0.59043,3329,14,0
2026-04-21T04:00:00Z,1776744000,0.59043,0.5915,0.59039,0.59044,3289,14,0
2026-04-21T08:00:00Z,1776758400,0.59042,0.5912,0.58955,0.59106,3891,14,0
2026-04-21T12:00:00Z,1776772800,0.59109,0.59191,0.58945,0.59029,6477,14,0
2026-04-21T16:00:00Z,1776787200,0.59032,0.59076,0.58716,0.58744,7754,14,0
2026-04-21T20:00:00Z,1776801600,0.58745,0.59024,0.58737,0.58966,3952,14,0
2026-04-22T00:00:00Z,1776816000,0.58968,0.59083,0.58968,0.59047,3218,14,0
2026-04-22T04:00:00Z,1776830400,0.59046,0.59206,0.59031,0.59191,3689,14,0
2026-04-22T08:00:00Z,1776844800,0.59193,0.59219,0.59032,0.59054,3847,14,0
2026-04-22T12:00:00Z,1776859200,0.59052,0.59204,0.58976,0.5908,6076,14,0
2026-04-22T16:00:00Z,1776873600,0.59083,0.59098,0.59022,0.5904,3443,14,0
2026-04-22T20:00:00Z,1776888000,0.5904,0.59075,0.59012,0.59043,2112,14,0
2026-04-23T00:00:00Z,1776902400,0.59043,0.59092,0.58783,0.58786,5924,14,0
2026-04-23T04:00:00Z,1776916800,0.58786,0.58921,0.58757,0.58917,3609,14,0
2026-04-23T08:00:00Z,1776931200,0.58917,0.58923,0.58717,0.58857,4548,14,0
2026-04-23T12:00:00Z,1776945600,0.58855,0.5888,0.58676,0.58769,6503,14,0
2026-04-23T16:00:00Z,1776960000,0.58768,0.58775,0.58397,0.58571,8111,14,0
2026-04-23T20:00:00Z,1776974400,0.58569,0.5857,0.58454,0.58522,2301,14,0
2026-04-24T00:00:00Z,1776988800,0.58524,0.58606,0.58396,0.58433,3622,14,0
2026-04-24T04:00:00Z,1777003200,0.58434,0.58549,0.5842,0.5854,3382,14,0
2026-04-24T08:00:00Z,1777017600,0.58539,0.58772,0.58496,0.58728,4929,14,0
2026-04-24T12:00:00Z,1777032000,0.58731,0.58799,0.58612,0.58788,6972,14,0
2026-04-24T16:00:00Z,1777046400,0.58788,0.58823,0.58732,0.5881,3566,14,0
2026-04-24T20:00:00Z,1777060800,0.5881,0.58825,0.58785,0.58791,494,14,0
2026-04-26T20:00:00Z,1777233600,0.58603,0.58722,0.58562,0.58691,1604,14,0
2026-04-27T00:00:00Z,1777248000,0.58694,0.58947,0.58694,0.58913,3494,14,0
2026-04-27T04:00:00Z,1777262400,0.5891,0.58983,0.58785,0.58974,3193,14,0
2026-04-27T08:00:00Z,1777276800,0.58975,0.59139,0.5896,0.59117,3260,14,0
2026-04-27T12:00:00Z,1777291200,0.59119,0.59232,0.59087,0.59168,5606,14,0
2026-04-27T16:00:00Z,1777305600,0.59168,0.5918,0.59072,0.59073,2837,14,0
2026-04-27T20:00:00Z,1777320000,0.59075,0.59119,0.59015,0.5911,1797,14,0
2026-04-28T00:00:00Z,1777334400,0.5911,0.59172,0.58956,0.59006,3381,14,0
2026-04-28T04:00:00Z,1777348800,0.59006,0.5902,0.58814,0.58916,4002,14,0
2026-04-28T08:00:00Z,1777363200,0.58918,0.58935,0.58668,0.5869,4751,14,0
2026-04-28T12:00:00Z,1777377600,0.58691,0.58878,0.58653,0.58875,6938,14,0
2026-04-28T16:00:00Z,1777392000,0.58876,0.58894,0.58808,0.58837,3240,14,0
2026-04-28T20:00:00Z,1777406400,0.58836,0.58881,0.58776,0.58869,1817,14,0
2026-04-29T00:00:00Z,1777420800,0.58871,0.58913,0.58558,0.58592,4358,14,0
2026-04-29T04:00:00Z,1777435200,0.58594,0.58689,0.58577,0.58643,3270,14,0
2026-04-29T08:00:00Z,1777449600,0.58645,0.58662,0.58513,0.58567,3880,14,0
2026-04-29T12:00:00Z,1777464000,0.58567,0.58596,0.58281,0.58347,6674,14,0
2026-04-29T16:00:00Z,1777478400,0.58349,0.58409,0.58145,0.58308,6833,14,0
2026-04-29T20:00:00Z,1777492800,0.58309,0.58396,0.5818,0.58386,3006,14,0
2026-04-30T00:00:00Z,1777507200,0.58388,0.5845,0.58249,0.58342,4555,14,0
2026-04-30T04:00:00Z,1777521600,0.58344,0.5841,0.58206,0.58389,4875,14,0
2026-04-30T08:00:00Z,1777536000,0.58388,0.58762,0.58354,0.58661,7868,14,0
2026-04-30T12:00:00Z,1777550400,0.5866,0.58934,0.58616,0.58896,8594,14,0
2026-04-30T16:00:00Z,1777564800,0.58895,0.5909,0.58857,0.59056,4301,14,0
2026-04-30T20:00:00Z,1777579200,0.59054,0.59099,0.58994,0.59054,2277,14,0
2026-05-01T00:00:00Z,1777593600,0.59056,0.59082,0.58989,0.58996,2724,14,0
2026-05-01T04:00:00Z,1777608000,0.58996,0.58996,0.58863,0.58941,3798,14,0
2026-05-01T08:00:00Z,1777622400,0.58939,0.58973,0.58875,0.58948,3518,14,0
2026-05-01T12:00:00Z,1777636800,0.58949,0.59241,0.58929,0.5917,6970,14,0
2026-05-01T16:00:00Z,1777651200,0.59168,0.59195,0.58984,0.58992,3867,14,0
2026-05-01T20:00:00Z,1777665600,0.58992,0.59006,0.58934,0.58959,513,14,0
2026-05-03T20:00:00Z,1777838400,0.58968,0.59123,0.58968,0.59042,1425,14,0
2026-05-04T00:00:00Z,1777852800,0.59039,0.59257,0.58985,0.59241,4203,14,0
2026-05-04T04:00:00Z,1777867200,0.59242,0.59248,0.58955,0.58962,3989,14,0
2026-05-04T08:00:00Z,1777881600,0.5896,0.59031,0.58732,0.58822,6167,14,0
2026-05-04T12:00:00Z,1777896000,0.58824,0.58985,0.58677,0.58705,7307,14,0
2026-05-04T16:00:00Z,1777910400,0.58707,0.58775,0.58599,0.58745,5395,14,0
2026-05-04T20:00:00Z,1777924800,0.58743,0.58743,0.58685,0.58709,1469,14,0
2026-05-05T00:00:00Z,1777939200,0.58706,0.58731,0.58583,0.58637,2810,14,0
2026-05-05T04:00:00Z,1777953600,0.58637,0.58793,0.58562,0.58731,4738,14,0
2026-05-05T08:00:00Z,1777968000,0.58731,0.58895,0.5873,0.58808,4016,14,0
2026-05-05T12:00:00Z,1777982400,0.58807,0.59051,0.58768,0.59007,5897,14,0
2026-05-05T16:00:00Z,1777996800,0.59007,0.59017,0.5885,0.58871,2469,14,0
2026-05-05T20:00:00Z,1778011200,0.58873,0.59123,0.58768,0.59008,3532,14,0
2026-05-06T00:00:00Z,1778025600,0.5901,0.59383,0.59008,0.59289,5327,14,0
2026-05-06T04:00:00Z,1778040000,0.59289,0.59541,0.59284,0.59541,5776,14,0
2026-05-06T08:00:00Z,1778054400,0.59539,0.59905,0.5948,0.59711,7862,14,0
2026-05-06T12:00:00Z,1778068800,0.59711,0.59711,0.59499,0.59543,7825,14,0
2026-05-06T16:00:00Z,1778083200,0.59541,0.59598,0.59462,0.59553,3514,14,0
2026-05-06T20:00:00Z,1778097600,0.59552,0.59569,0.59467,0.59525,2110,14,0
2026-05-07T00:00:00Z,1778112000,0.59523,0.59649,0.595,0.59574,4033,14,0
2026-05-07T04:00:00Z,1778126400,0.59571,0.5975,0.59536,0.59742,4143,14,0
2026-05-07T08:00:00Z,1778140800,0.59742,0.59825,0.59699,0.598,4176,14,0
2026-05-07T12:00:00Z,1778155200,0.59802,0.59826,0.59608,0.59612,5857,14,0
2026-05-07T16:00:00Z,1778169600,0.59612,0.59636,0.59419,0.59421,6393,14,0
2026-05-07T20:00:00Z,1778184000,0.5942,0.59512,0.59308,0.59376,3029,14,0
2026-05-08T00:00:00Z,1778198400,0.59376,0.5944,0.593,0.59397,4414,14,0
2026-05-08T04:00:00Z,1778212800,0.59397,0.59556,0.59391,0.59506,3983,14,0
2026-05-08T08:00:00Z,1778227200,0.59506,0.59682,0.59493,0.59601,3957,14,0
2026-05-08T12:00:00Z,1778241600,0.59601,0.5968,0.59482,0.59581,7052,14,0
2026-05-08T16:00:00Z,1778256000,0.5958,0.5964,0.59564,0.59619,3043,14,0
2026-05-08T20:00:00Z,1778270400,0.59621,0.59656,0.59607,0.59653,471,14,0
2026-05-10T20:00:00Z,1778443200,0.59355,0.59518,0.59349,0.59488,1524,14,0
2026-05-11T00:00:00Z,1778457600,0.59487,0.59568,0.59446,0.59447,3786,14,0
2026-05-11T04:00:00Z,1778472000,0.59447,0.59511,0.59382,0.59472,3255,14,0
2026-05-11T08:00:00Z,1778486400,0.59473,0.59552,0.59423,0.59485,3402,14,0
2026-05-11T12:00:00Z,1778500800,0.59487,0.59682,0.59448,0.59667,4981,14,0
2026-05-11T16:00:00Z,1778515200,0.59667,0.59671,0.59589,0.59614,2932,14,0
2026-05-11T20:00:00Z,1778529600,0.59612,0.59681,0.59549,0.59641,2129,14,0
2026-05-12T00:00:00Z,1778544000,0.59641,0.59641,0.5947,0.5953,3823,14,0
2026-05-12T04:00:00Z,1778558400,0.5953,0.59581,0.59368,0.59439,4229,14,0
2026-05-12T08:00:00Z,1778572800,0.59441,0.59523,0.59397,0.59505,4491,14,0
2026-05-12T12:00:00Z,1778587200,0.59504,0.59578,0.59335,0.59417,6899,14,0
2026-05-12T16:00:00Z,1778601600,0.59417,0.59549,0.59351,0.59522,3612,14,0
2026-05-12T20:00:00Z,1778616000,0.59523,0.59539,0.59443,0.59507,2089,14,0
2026-05-13T00:00:00Z,1778630400,0.59506,0.59652,0.5939,0.59448,4052,14,0
2026-05-13T04:00:00Z,1778644800,0.59449,0.59459,0.59311,0.59312,3463,14,0
2026-05-13T08:00:00Z,1778659200,0.59312,0.59342,0.59225,0.59294,3811,14,0
2026-05-13T12:00:00Z,1778673600,0.59292,0.59404,0.59193,0.59348,5826,14,0
2026-05-13T16:00:00Z,1778688000,0.59349,0.59419,0.5928,0.59338,3322,14,0
2026-05-13T20:00:00Z,1778702400,0.59338,0.59371,0.59281,0.59301,2005,14,0
2026-05-14T00:00:00Z,1778716800,0.59301,0.5934,0.59261,0.59265,3404,14,0
2026-05-14T04:00:00Z,1778731200,0.59266,0.59412,0.59261,0.59283,3634,14,0
2026-05-14T08:00:00Z,1778745600,0.59281,0.59403,0.59276,0.59291,3825,14,0
2026-05-14T12:00:00Z,1778760000,0.59289,0.59328,0.59171,0.59213,5138,14,0
2026-05-14T16:00:00Z,1778774400,0.59213,0.59214,0.59111,0.59125,3756,14,0
2026-05-14T20:00:00Z,1778788800,0.59125,0.59134,0.59013,0.5902,2044,14,0
2026-05-15T00:00:00Z,1778803200,0.5902,0.59037,0.58791,0.58836,4563,14,0
2026-05-15T04:00:00Z,1778817600,0.58835,0.58836,0.58559,0.58588,5516,14,0
2026-05-15T08:00:00Z,1778832000,0.5859,0.58664,0.58385,0.58442,5722,14,0
2026-05-15T12:00:00Z,1778846400,0.58439,0.58513,0.58357,0.58395,7014,14,0
2026-05-15T16:00:00Z,1778860800,0.58397,0.58489,0.58372,0.58385,4102,14,0
2026-05-15T20:00:00Z,1778875200,0.58384,0.58385,0.58352,0.58371,579,14,0
2026-05-17T20:00:00Z,1779048000,0.58363,0.5842,0.58295,0.58311,1866,14,0
2026-05-18T00:00:00Z,1779062400,0.58311,0.584,0.58225,0.58395,5565,14,0
2026-05-18T04:00:00Z,1779076800,0.58395,0.5855,0.58325,0.585,4403,14,0
2026-05-18T08:00:00Z,1779091200,0.585,0.58677,0.585,0.58613,4693,14,0
2026-05-18T12:00:00Z,1779105600,0.58613,0.58807,0.58561,0.58659,7807,14,0
2026-05-18T16:00:00Z,1779120000,0.58661,0.58815,0.58585,0.5875,5781,14,0
2026-05-18T20:00:00Z,1779134400,0.58752,0.58784,0.58687,0.58727,2354,14,0
2026-05-19T00:00:00Z,1779148800,0.58727,0.58747,0.58513,0.5854,4653,14,0
2026-05-19T04:00:00Z,1779163200,0.58542,0.58592,0.58488,0.58502,4388,14,0
2026-05-19T08:00:00Z,1779177600,0.58501,0.58507,0.5836,0.58433,4625,14,0
2026-05-19T12:00:00Z,1779192000,0.58431,0.5848,0.58169,0.58302,7357,14,0
2026-05-19T16:00:00Z,1779206400,0.58302,0.58406,0.58259,0.58358,4134,14,0
2026-05-19T20:00:00Z,1779220800,0.58356,0.58394,0.58306,0.58319,2120,14,0
2026-05-20T00:00:00Z,1779235200,0.58316,0.58343,0.58145,0.58329,5560,14,0
2026-05-20T04:00:00Z,1779249600,0.58329,0.58399,0.58253,0.58337,4281,14,0
2026-05-20T08:00:00Z,1779264000,0.58336,0.58502,0.58327,0.58459,3898,14,0
2026-05-20T12:00:00Z,1779278400,0.58459,0.58873,0.58346,0.58681,8407,14,0
2026-05-20T16:00:00Z,1779292800,0.58682,0.58772,0.5865,0.58733,5194,14,0
2026-05-20T20:00:00Z,1779307200,0.58731,0.58732,0.58608,0.58666,2741,14,0
2026-05-21T00:00:00Z,1779321600,0.58669,0.58737,0.58497,0.58586,4684,14,0
2026-05-21T04:00:00Z,1779336000,0.58585,0.58641,0.58491,0.58584,4319,14,0
2026-05-21T08:00:00Z,1779350400,0.58582,0.58734,0.58486,0.58549,6152,14,0
2026-05-21T12:00:00Z,1779364800,0.58549,0.5863,0.5846,0.58548,7313,14,0
2026-05-21T16:00:00Z,1779379200,0.5855,0.58874,0.58548,0.58767,6989,14,0
2026-05-21T20:00:00Z,1779393600,0.58766,0.5879,0.58688,0.58769,2363,14,0
2026-05-22T00:00:00Z,1779408000,0.5877,0.58774,0.5869,0.58713,3113,14,0
2026-05-22T04:00:00Z,1779422400,0.58713,0.58762,0.58585,0.58627,3278,14,0
2026-05-22T08:00:00Z,1779436800,0.58629,0.58693,0.58495,0.58523,3900,14,0
2026-05-22T12:00:00Z,1779451200,0.58523,0.58672,0.58441,0.58534,6188,14,0
2026-05-22T16:00:00Z,1779465600,0.58535,0.58642,0.58515,0.58533,4002,14,0
2026-05-22T20:00:00Z,1779480000,0.58532,0.58539,0.58463,0.58491,539,14,0
2026-05-24T20:00:00Z,1779652800,0.58509,0.58795,0.58509,0.58717,1574,14,0
2026-05-25T00:00:00Z,1779667200,0.58717,0.5881,0.58682,0.58695,3268,14,0
2026-05-25T04:00:00Z,1779681600,0.58695,0.58777,0.58617,0.58687,2939,14,0
2026-05-25T08:00:00Z,1779696000,0.58687,0.58774,0.58661,0.58734,2055,14,0
2026-05-25T12:00:00Z,1779710400,0.58734,0.58781,0.58695,0.58724,2829,14,0
2026-05-25T16:00:00Z,1779724800,0.58724,0.58735,0.58684,0.58725,972,14,0
2026-05-25T20:00:00Z,1779739200,0.58725,0.58738,0.58602,0.58606,1933,14,0
2026-05-26T00:00:00Z,1779753600,0.58606,0.58612,0.58473,0.58553,3177,14,0
2026-05-26T04:00:00Z,1779768000,0.58553,0.58553,0.58427,0.58457,3208,14,0
2026-05-26T08:00:00Z,1779782400,0.5846,0.58482,0.58406,0.58407,3331,14,0
2026-05-26T12:00:00Z,1779796800,0.58405,0.58448,0.58325,0.58331,4706,14,0
2026-05-26T16:00:00Z,1779811200,0.58333,0.58379,0.58312,0.58377,2636,14,0
2026-05-26T20:00:00Z,1779825600,0.5838,0.58441,0.58334,0.5841,1988,14,0
2026-05-27T00:00:00Z,1779840000,0.5841,0.58778,0.58368,0.58654,5002,14,0
2026-05-27T04:00:00Z,1779854400,0.58653,0.58799,0.58647,0.5871,3896,14,0
2026-05-27T08:00:00Z,1779868800,0.5871,0.58871,0.58704,0.58836,3694,14,0
2026-05-27T12:00:00Z,1779883200,0.58838,0.59111,0.5881,0.58921,8346,14,0
2026-05-27T16:00:00Z,1779897600,0.58923,0.59013,0.5886,0.58997,3207,14,0
2026-05-27T20:00:00Z,1779912000,0.58995,0.59025,0.58896,0.58908,2193,14,0
2026-05-28T00:00:00Z,1779926400,0.58908,0.59099,0.58714,0.58726,4958,14,0
2026-05-28T04:00:00Z,1779940800,0.58726,0.58921,0.58635,0.58873,4318,14,0
2026-05-28T08:00:00Z,1779955200,0.58876,0.58938,0.58818,0.589,3737,14,0
2026-05-28T12:00:00Z,1779969600,0.589,0.59304,0.58897,0.59251,7402,14,0
2026-05-28T16:00:00Z,1779984000,0.5925,0.59348,0.59235,0.59291,3414,14,0
2026-05-28T20:00:00Z,1779998400,0.59289,0.59458,0.5926,0.5944,2439,14,0
2026-05-29T00:00:00Z,1780012800,0.59441,0.59555,0.5942,0.59502,3837,14,0
2026-05-29T04:00:00Z,1780027200,0.59502,0.59626,0.59502,0.59604,3586,14,0
2026-05-29T08:00:00Z,1780041600,0.59603,0.59734,0.59547,0.59733,3670,14,0
2026-05-29T12:00:00Z,1780056000,0.59734,0.59934,0.59707,0.59905,6484,14,0
2026-05-29T16:00:00Z,1780070400,0.59905,0.59914,0.598,0.5988,3606,14,0
2026-05-29T20:00:00Z,1780084800,0.59881,0.59891,0.59836,0.59885,577,14,0
2026-05-31T20:00:00Z,1780257600,0.5969,0.59851,0.59679,0.598,1557,14,0
2026-06-01T00:00:00Z,1780272000,0.59798,0.59809,0.59643,0.59661,3300,14,0
2026-06-01T04:00:00Z,1780286400,0.59662,0.59727,0.59648,0.59673,3109,14,0
2026-06-01T08:00:00Z,1780300800,0.59675,0.59687,0.59495,0.59544,3117,14,0
2026-06-01T12:00:00Z,1780315200,0.59545,0.59553,0.59104,0.59288,7623,14,0
2026-06-01T16:00:00Z,1780329600,0.59289,0.59439,0.59233,0.59349,3643,14,0
2026-06-01T20:00:00Z,1780344000,0.59349,0.59385,0.59292,0.59345,2164,14,0
2026-06-02T00:00:00Z,1780358400,0.59347,0.59347,0.59177,0.59329,3665,14,0
2026-06-02T04:00:00Z,1780372800,0.59329,0.5945,0.59309,0.59345,3108,14,0
2026-06-02T08:00:00Z,1780387200,0.59346,0.59376,0.59227,0.59337,2990,14,0
2026-06-02T12:00:00Z,1780401600,0.59337,0.5938,0.59214,0.5931,4765,14,0
2026-06-02T16:00:00Z,1780416000,0.5931,0.59333,0.59178,0.59256,2468,14,0
2026-06-02T20:00:00Z,1780430400,0.59256,0.59285,0.59193,0.59206,2303,14,0
2026-06-03T00:00:00Z,1780444800,0.59206,0.59345,0.59201,0.59209,3025,14,0
2026-06-03T04:00:00Z,1780459200,0.59209,0.59212,0.58979,0.59034,3771,14,0
2026-06-03T08:00:00Z,1780473600,0.59036,0.59042,0.58927,0.59003,3675,14,0
2026-06-03T12:00:00Z,1780488000,0.59001,0.59006,0.58663,0.58688,6026,14,0
2026-06-03T16:00:00Z,1780502400,0.58689,0.5869,0.58603,0.58646,2994,14,0
2026-06-03T20:00:00Z,1780516800,0.58644,0.58742,0.58562,0.58697,2601,14,0
2026-06-04T00:00:00Z,1780531200,0.58694,0.58759,0.5865,0.58695,3968,14,0
2026-06-04T04:00:00Z,1780545600,0.58695,0.58761,0.58617,0.58653,3530,14,0
2026-06-04T08:00:00Z,1780560000,0.58652,0.58859,0.5863,0.58843,4333,14,0
2026-06-04T12:00:00Z,1780574400,0.58843,0.58864,0.58741,0.58774,5083,14,0
2026-06-04T16:00:00Z,1780588800,0.58775,0.58797,0.58672,0.58687,2298,14,0
2026-06-04T20:00:00Z,1780603200,0.58687,0.5873,0.58625,0.58685,1736,14,0
2026-06-05T00:00:00Z,1780617600,0.58683,0.58693,0.58504,0.58604,4237,14,0
2026-06-05T04:00:00Z,1780632000,0.58604,0.58745,0.58591,0.58713,3548,14,0
2026-06-05T08:00:00Z,1780646400,0.58713,0.5884,0.58691,0.58785,3620,14,0
2026-06-05T12:00:00Z,1780660800,0.58785,0.5879,0.58067,0.58076,8402,14,0
2026-06-05T16:00:00Z,1780675200,0.58076,0.58095,0.57914,0.57961,5455,14,0
2026-06-05T20:00:00Z,1780689600,0.57961,0.57962,0.57891,0.57959,840,14,0
2026-06-07T20:00:00Z,1780862400,0.57815,0.57959,0.57806,0.57948,1990,14,0
2026-06-08T00:00:00Z,1780876800,0.57946,0.58074,0.57887,0.58033,5611,14,0
2026-06-08T04:00:00Z,1780891200,0.58035,0.58083,0.57936,0.58007,5654,14,0
2026-06-08T08:00:00Z,1780905600,0.58007,0.58363,0.57967,0.58262,5760,14,0
2026-06-08T12:00:00Z,1780920000,0.58263,0.5832,0.58084,0.58155,7134,14,0
2026-06-08T16:00:00Z,1780934400,0.58154,0.5818,0.58069,0.58087,4489,14,0
2026-06-08T20:00:00Z,1780948800,0.58086,0.58113,0.58018,0.58021,1705,14,0
2026-06-09T00:00:00Z,1780963200,0.58018,0.58209,0.57986,0.58183,4444,14,0
2026-06-09T04:00:00Z,1780977600,0.58183,0.58471,0.58169,0.58248,4520,14,0
2026-06-09T08:00:00Z,1780992000,0.58248,0.58418,0.58211,0.58408,4128,14,0
2026-06-09T12:00:00Z,1781006400,0.58407,0.58452,0.58169,0.5822,7325,14,0
2026-06-09T16:00:00Z,1781020800,0.58221,0.58245,0.57999,0.58149,8031,14,0
2026-06-09T20:00:00Z,1781035200,0.58149,0.58159,0.58045,0.58078,2785,14,0
2026-06-10T00:00:00Z,1781049600,0.58076,0.58226,0.58061,0.58212,5742,14,0
2026-06-10T04:00:00Z,1781064000,0.58212,0.58217,0.5809,0.58124,4630,14,0
2026-06-10T08:00:00Z,1781078400,0.58124,0.58147,0.58005,0.58031,5878,14,0
2026-06-10T12:00:00Z,1781092800,0.58031,0.5832,0.58022,0.58208,9438,14,0
2026-06-10T16:00:00Z,1781107200,0.5821,0.58254,0.58011,0.58011,6588,14,0
2026-06-10T20:00:00Z,1781121600,0.58011,0.58015,0.57849,0.57927,3744,14,0
2026-06-11T00:00:00Z,1781136000,0.57929,0.58065,0.57919,0.57959,5587,14,0
2026-06-11T04:00:00Z,1781150400,0.57959,0.57992,0.57872,0.57895,4180,14,0
2026-06-11T08:00:00Z,1781164800,0.57894,0.57902,0.5778,0.57848,3792,14,0
2026-06-11T12:00:00Z,1781179200,0.57849,0.57875,0.57688,0.57775,8609,14,0
2026-06-11T16:00:00Z,1781193600,0.57775,0.58438,0.5772,0.58383,9226,14,0
2026-06-11T20:00:00Z,1781208000,0.58384,0.58436,0.58276,0.58312,3334,14,0
2026-06-12T00:00:00Z,1781222400,0.58314,0.58321,0.58117,0.58232,4951,14,0
2026-06-12T04:00:00Z,1781236800,0.58232,0.58267,0.58105,0.58195,4851,14,0
2026-06-12T08:00:00Z,1781251200,0.58194,0.58385,0.58184,0.58273,5750,14,0
2026-06-12T12:00:00Z,1781265600,0.58271,0.58372,0.58177,0.58271,8070,14,0
2026-06-12T16:00:00Z,1781280000,0.58269,0.58357,0.58252,0.58321,4679,14,0
2026-06-12T20:00:00Z,1781294400,0.58321,0.58325,0.58288,0.58325,462,14,0
2026-06-14T20:00:00Z,1781467200,0.58302,0.58635,0.58199,0.58538,3042,14,0
2026-06-15T00:00:00Z,1781481600,0.58536,0.58568,0.58417,0.58512,3811,14,0
2026-06-15T04:00:00Z,1781496000,0.58512,0.58622,0.58403,0.58453,3445,14,0
2026-06-15T08:00:00Z,1781510400,0.58453,0.58498,0.58379,0.58399,3380,14,0
2026-06-15T12:00:00Z,1781524800,0.58399,0.58453,0.58333,0.58334,4483,14,0
2026-06-15T16:00:00Z,1781539200,0.58334,0.58358,0.58207,0.58214,2802,14,0
2026-06-15T20:00:00Z,1781553600,0.58212,0.58291,0.58178,0.58258,1625,14,0
2026-06-16T00:00:00Z,1781568000,0.58258,0.58266,0.58068,0.58107,3152,14,0
2026-06-16T04:00:00Z,1781582400,0.58106,0.5819,0.57945,0.58187,3596,14,0
2026-06-16T08:00:00Z,1781596800,0.58189,0.58364,0.58171,0.58272,2949,14,0
2026-06-16T12:00:00Z,1781611200,0.58273,0.58418,0.58224,0.58386,4772,14,0
2026-06-16T16:00:00Z,1781625600,0.58387,0.58426,0.58309,0.58319,3164,14,0
2026-06-16T20:00:00Z,1781640000,0.58318,0.58336,0.58231,0.58296,2224,14,0
2026-06-17T00:00:00Z,1781654400,0.58296,0.58346,0.58247,0.58248,2449,14,0
2026-06-17T04:00:00Z,1781668800,0.58248,0.58274,0.58148,0.58216,2525,14,0
2026-06-17T08:00:00Z,1781683200,0.58216,0.58216,0.58075,0.58087,2894,14,0
2026-06-17T12:00:00Z,1781697600,0.58087,0.58221,0.58083,0.58153,4653,14,0
2026-06-17T16:00:00Z,1781712000,0.58154,0.58192,0.57518,0.57613,10645,14,0
2026-06-17T20:00:00Z,1781726400,0.57615,0.57774,0.57589,0.57732,3043,14,0
2026-06-18T00:00:00Z,1781740800,0.57733,0.57975,0.57733,0.5797,3916,14,0
2026-06-18T04:00:00Z,1781755200,0.57969,0.57983,0.57787,0.57839,3826,14,0
2026-06-18T08:00:00Z,1781769600,0.57839,0.57841,0.57546,0.57588,5020,14,0
2026-06-18T12:00:00Z,1781784000,0.57588,0.57787,0.57563,0.57563,7075,14,0
2026-06-18T16:00:00Z,1781798400,0.57565,0.57602,0.57483,0.57537,4101,14,0
2026-06-18T20:00:00Z,1781812800,0.57537,0.57594,0.57499,0.57538,1949,14,0
2026-06-19T00:00:00Z,1781827200,0.57538,0.57618,0.57347,0.57353,3393,14,0
2026-06-19T04:00:00Z,1781841600,0.57354,0.57435,0.57225,0.57334,4441,14,0
2026-06-19T08:00:00Z,1781856000,0.57332,0.57447,0.57332,0.57399,3381,14,0
2026-06-19T12:00:00Z,1781870400,0.57402,0.57485,0.57296,0.57358,4076,14,0
2026-06-19T16:00:00Z,1781884800,0.57359,0.57433,0.57354,0.57394,2489,14,0
2026-06-19T20:00:00Z,1781899200,0.57396,0.57413,0.57356,0.57383,948,14,0
2026-06-21T20:00:00Z,1782072000,0.57301,0.57357,0.57288,0.5733,1406,14,0
2026-06-22T00:00:00Z,1782086400,0.57331,0.574,0.57242,0.57258,3652,14,0
2026-06-22T04:00:00Z,1782100800,0.57259,0.57317,0.57201,0.57215,3874,14,0
2026-06-22T08:00:00Z,1782115200,0.57215,0.57322,0.57179,0.57244,4130,14,0
2026-06-22T12:00:00Z,1782129600,0.57246,0.57349,0.57186,0.57192,6320,14,0
2026-06-22T16:00:00Z,1782144000,0.57192,0.57198,0.57087,0.57135,2941,14,0
2026-06-22T20:00:00Z,1782158400,0.57137,0.57154,0.57087,0.57102,1895,14,0
2026-06-23T00:00:00Z,1782172800,0.57101,0.57101,0.56922,0.57022,4082,14,0
2026-06-23T04:00:00Z,1782187200,0.57024,0.57027,0.56823,0.56838,4640,14,0
2026-06-23T08:00:00Z,1782201600,0.5684,0.56944,0.56728,0.56732,4138,14,0
2026-06-23T12:00:00Z,1782216000,0.56732,0.56808,0.56675,0.56702,6044,14,0
2026-06-23T16:00:00Z,1782230400,0.56704,0.56725,0.56625,0.56658,3164,14,0
2026-06-23T20:00:00Z,1782244800,0.56658,0.56692,0.56615,0.56631,2015,14,0
2026-06-24T00:00:00Z,1782259200,0.56633,0.5669,0.56502,0.56533,4458,14,0
2026-06-24T04:00:00Z,1782273600,0.56532,0.56606,0.56462,0.56466,3479,14,0
2026-06-24T08:00:00Z,1782288000,0.56467,0.5648,0.56305,0.56407,4293,14,0
2026-06-24T12:00:00Z,1782302400,0.56408,0.56492,0.56304,0.56438,6413,14,0
2026-06-24T16:00:00Z,1782316800,0.56439,0.56535,0.56363,0.5643,4514,14,0
2026-06-24T20:00:00Z,1782331200,0.5643,0.56509,0.56413,0.5643,2534,14,0
2026-06-25T00:00:00Z,1782345600,0.5643,0.5652,0.56332,0.56427,4030,14,0
2026-06-25T04:00:00Z,1782360000,0.56429,0.56491,0.56337,0.5643,3395,14,0
2026-06-25T08:00:00Z,1782374400,0.56433,0.56507,0.56343,0.56353,3151,14,0
2026-06-25T12:00:00Z,1782388800,0.56355,0.56572,0.56336,0.5657,8024,14,0
2026-06-25T16:00:00Z,1782403200,0.56572,0.56607,0.56451,0.5648,4207,14,0
2026-06-25T20:00:00Z,1782417600,0.56482,0.56496,0.56405,0.56417,2194,14,0
2026-06-26T00:00:00Z,1782432000,0.56417,0.56454,0.56257,0.56397,4619,14,0
2026-06-26T04:00:00Z,1782446400,0.56399,0.56497,0.56375,0.56453,4097,14,0
2026-06-26T08:00:00Z,1782460800,0.56452,0.56567,0.56421,0.56472,4287,14,0
2026-06-26T12:00:00Z,1782475200,0.56472,0.56574,0.56443,0.56487,6448,14,0
2026-06-26T16:00:00Z,1782489600,0.56487,0.56496,0.56357,0.56393,3016,14,0
2026-06-26T20:00:00Z,1782504000,0.56395,0.56415,0.56347,0.56379,819,14,0
2026-06-28T20:00:00Z,1782676800,0.56421,0.56435,0.56367,0.56391,1048,14,0
2026-06-29T00:00:00Z,1782691200,0.56391,0.56463,0.56311,0.56425,4097,14,0
2026-06-29T04:00:00Z,1782705600,0.56425,0.5658,0.56418,0.56528,3214,14,0
2026-06-29T08:00:00Z,1782720000,0.56529,0.56552,0.56462,0.56545,3248,14,0
2026-06-29T12:00:00Z,1782734400,0.56543,0.56546,0.56394,0.56476,5129,14,0
2026-06-29T16:00:00Z,1782748800,0.56478,0.5654,0.56475,0.56534,2464,14,0
2026-06-29T20:00:00Z,1782763200,0.56534,0.56539,0.56471,0.56498,1514,14,0
2026-06-30T00:00:00Z,1782777600,0.56498,0.56537,0.56403,0.56464,3830,14,0
2026-06-30T04:00:00Z,1782792000,0.56464,0.56587,0.56443,0.56531,3492,14,0
2026-06-30T08:00:00Z,1782806400,0.56529,0.56624,0.56459,0.56584,3628,14,0
2026-06-30T12:00:00Z,1782820800,0.56584,0.56896,0.56549,0.56737,5659,14,0
2026-06-30T16:00:00Z,1782835200,0.56737,0.56814,0.56704,0.56789,2776,14,0
2026-06-30T20:00:00Z,1782849600,0.5679,0.56794,0.56724,0.56737,1712,14,0
2026-07-01T00:00:00Z,1782864000,0.56739,0.5677,0.56606,0.56683,3251,14,0
2026-07-01T04:00:00Z,1782878400,0.56683,0.56774,0.56664,0.56765,3277,14,0
2026-07-01T08:00:00Z,1782892800,0.56765,0.56817,0.56711,0.56737,3255,14,0
2026-07-01T12:00:00Z,1782907200,0.56737,0.5689,0.56572,0.56761,7221,14,0
2026-07-01T16:00:00Z,1782921600,0.56762,0.56814,0.56697,0.56712,3308,14,0
2026-07-01T20:00:00Z,1782936000,0.5671,0.56752,0.56692,0.56736,1462,14,0
2026-07-02T00:00:00Z,1782950400,0.56736,0.56844,0.56672,0.5674,3524,14,0
2026-07-02T04:00:00Z,1782964800,0.5674,0.56845,0.56726,0.56781,3860,14,0
2026-07-02T08:00:00Z,1782979200,0.56779,0.5694,0.567,0.56705,4048,14,0
2026-07-02T12:00:00Z,1782993600,0.56705,0.57163,0.56673,0.57048,10182,14,0
2026-07-02T16:00:00Z,1783008000,0.57049,0.57053,0.56922,0.56956,4385,14,0
2026-07-02T20:00:00Z,1783022400,0.56956,0.56998,0.56906,0.56914,1941,14,0
2026-07-03T00:00:00Z,1783036800,0.56914,0.57121,0.5689,0.57086,3898,14,0
2026-07-03T04:00:00Z,1783051200,0.57086,0.57264,0.57069,0.57208,3491,14,0
2026-07-03T08:00:00Z,1783065600,0.57208,0.57216,0.571,0.57112,2900,14,0
2026-07-03T12:00:00Z,1783080000,0.57112,0.57112,0.57062,0.57076,2835,14,0
2026-07-03T16:00:00Z,1783094400,0.57076,0.57095,0.57057,0.57063,1094,14,0
2026-07-03T20:00:00Z,1783108800,0.57063,0.57125,0.57043,0.57122,381,14,0
2026-07-05T20:00:00Z,1783281600,0.57054,0.57121,0.56994,0.57006,1377,14,0
2026-07-06T00:00:00Z,1783296000,0.57004,0.5703,0.56819,0.56869,3938,14,0
2026-07-06T04:00:00Z,1783310400,0.5687,0.56907,0.56818,0.5689,3181,14,0
2026-07-06T08:00:00Z,1783324800,0.56891,0.56897,0.56786,0.56835,2970,14,0
2026-07-06T12:00:00Z,1783339200,0.56836,0.56898,0.56762,0.56893,4341,14,0
2026-07-06T16:00:00Z,1783353600,0.56893,0.57046,0.56889,0.57018,2302,14,0
2026-07-06T20:00:00Z,1783368000,0.57019,0.57047,0.5696,0.57001,1582,14,0
2026-07-07T00:00:00Z,1783382400,0.56999,0.57059,0.56958,0.56986,3401,14,0
2026-07-07T04:00:00Z,1783396800,0.56987,0.57007,0.56862,0.56864,3087,14,0
2026-07-07T08:00:00Z,1783411200,0.56865,0.56968,0.56862,0.56905,3059,14,0
2026-07-07T12:00:00Z,1783425600,0.56907,0.56976,0.56814,0.56842,5227,14,0
2026-07-07T16:00:00Z,1783440000,0.56842,0.56906,0.56718,0.56817,3438,14,0
2026-07-07T20:00:00Z,1783454400,0.56817,0.5682,0.56715,0.5675,2334,14,0
2026-07-08T00:00:00Z,1783468800,0.5675,0.57069,0.56725,0.57037,4935,14,0
2026-07-08T04:00:00Z,1783483200,0.57036,0.57194,0.56989,0.57167,4287,14,0
2026-07-08T08:00:00Z,1783497600,0.57169,0.57173,0.56832,0.56898,7328,14,0
2026-07-08T12:00:00Z,1783512000,0.569,0.57025,0.56807,0.56823,6882,14,0
2026-07-08T16:00:00Z,1783526400,0.56824,0.57097,0.56821,0.57064,4188,14,0
2026-07-08T20:00:00Z,1783540800,0.57063,0.57144,0.56909,0.57142,2320,14,0
2026-07-09T00:00:00Z,1783555200,0.57142,0.57284,0.57142,0.57224,3782,14,0
2026-07-09T04:00:00Z,1783569600,0.57224,0.57359,0.57203,0.57331,3817,14,0
2026-07-09T08:00:00Z,1783584000,0.5733,0.57385,0.57288,0.57346,3437,14,0
2026-07-09T12:00:00Z,1783598400,0.57347,0.57597,0.57347,0.57592,4917,14,0
2026-07-09T16:00:00Z,1783612800,0.57592,0.57624,0.5754,0.5755,2517,14,0
2026-07-09T20:00:00Z,1783627200,0.57548,0.57608,0.57507,0.57608,1413,14,0
2026-07-10T00:00:00Z,1783641600,0.57608,0.57923,0.57572,0.57825,4199,14,0
2026-07-10T04:00:00Z,1783656000,0.57823,0.57825,0.57665,0.57691,3511,14,0
2026-07-10T08:00:00Z,1783670400,0.57689,0.57728,0.57635,0.57694,3637,14,0
2026-07-10T12:00:00Z,1783684800,0.57695,0.57778,0.57528,0.57721,5867,14,0
2026-07-10T16:00:00Z,1783699200,0.57722,0.57756,0.57611,0.57627,2999,14,0
2026-07-10T20:00:00Z,1783713600,0.57627,0.57642,0.57619,0.57635,324,14,0
2026-07-12T20:00:00Z,1783886400,0.5757,0.57596,0.57471,0.57571,1499,14,0
2026-07-13T00:00:00Z,1783900800,0.57573,0.577,0.57476,0.57578,4241,14,0
2026-07-13T04:00:00Z,1783915200,0.57578,0.57724,0.57506,0.57724,4468,14,0
2026-07-13T08:00:00Z,1783929600,0.57726,0.57858,0.57724,0.57805,4372,14,0
2026-07-13T12:00:00Z,1783944000,0.57803,0.57878,0.57666,0.57689,6224,14,0
2026-07-13T16:00:00Z,1783958400,0.57691,0.57714,0.57475,0.575,4136,14,0
2026-07-13T20:00:00Z,1783972800,0.57498,0.57636,0.57434,0.57631,1723,14,0
2026-07-14T00:00:00Z,1783987200,0.57629,0.57949,0.57579,0.57906,5325,14,0
2026-07-14T04:00:00Z,1784001600,0.57905,0.57978,0.57825,0.57945,4078,14,0
2026-07-14T08:00:00Z,1784016000,0.57945,0.58069,0.5791,0.58015,4590,14,0
2026-07-14T12:00:00Z,1784030400,0.58014,0.5841,0.57976,0.58061,10503,14,0
2026-07-14T16:00:00Z,1784044800,0.58061,0.58126,0.58017,0.58073,3925,14,0
2026-07-14T20:00:00Z,1784059200,0.58073,0.5812,0.58063,0.58117,1967,14,0
2026-07-15T00:00:00Z,1784073600,0.5812,0.5825,0.58088,0.58148,4096,14,0
2026-07-15T04:00:00Z,1784088000,0.5815,0.58237,0.58113,0.58184,3561,14,0
2026-07-15T08:00:00Z,1784102400,0.58185,0.58225,0.58125,0.58195,3966,14,0
2026-07-15T12:00:00Z,1784116800,0.58197,0.58411,0.58164,0.58372,6365,14,0
2026-07-15T16:00:00Z,1784131200,0.58372,0.58626,0.58331,0.5849,4601,14,0
2026-07-15T20:00:00Z,1784145600,0.58492,0.58514,0.58453,0.58465,1902,14,0
2026-07-16T00:00:00Z,1784160000,0.58465,0.58512,0.58334,0.58512,3633,14,0
2026-07-16T04:00:00Z,1784174400,0.58513,0.58577,0.58465,0.58539,3850,14,0
2026-07-16T08:00:00Z,1784188800,0.58539,0.58572,0.58458,0.58544,3893,14,0
2026-07-16T12:00:00Z,1784203200,0.58542,0.58566,0.58421,0.58431,6097,14,0
2026-07-16T16:00:00Z,1784217600,0.58432,0.58444,0.5833,0.58413,3462,14,0
2026-07-16T20:00:00Z,1784232000,0.58413,0.58427,0.58353,0.58412,1892,14,0
2026-07-17T00:00:00Z,1784246400,0.58412,0.58479,0.58338,0.58393,3689,14,0
2026-07-17T04:00:00Z,1784260800,0.58396,0.58451,0.58316,0.58408,4094,14,0
2026-07-17T08:00:00Z,1784275200,0.5841,0.58435,0.58245,0.58307,4583,14,0
2026-07-17T12:00:00Z,1784289600,0.58307,0.58476,0.58245,0.58461,5804,14,0
2026-07-17T16:00:00Z,1784304000,0.58463,0.58474,0.584,0.58429,3348,14,0
2026-07-17T20:00:00Z,1784318400,0.58429,0.58429,0.58395,0.58414,398,14,0
2026-07-19T20:00:00Z,1784491200,0.58259,0.58389,0.58228,0.58384,1748,14,0
2026-07-20T00:00:00Z,1784505600,0.58387,0.58586,0.58352,0.58572,3871,14,0
2026-07-20T04:00:00Z,1784520000,0.58572,0.58631,0.58462,0.58568,3803,14,0
2026-07-20T08:00:00Z,1784534400,0.58569,0.58624,0.58467,0.58556,3675,14,0
2026-07-20T12:00:00Z,1784548800,0.58556,0.58556,0.58403,0.5845,5246,14,0
2026-07-20T16:00:00Z,1784563200,0.58449,0.5849,0.58388,0.58406,3331,14,0
2026-07-20T20:00:00Z,1784577600,0.58407,0.5852,0.58301,0.58515,2365,14,0
2026-07-21T00:00:00Z,1784592000,0.58512,0.58718,0.58494,0.58636,4266,14,0
2026-07-21T04:00:00Z,1784606400,0.58635,0.58662,0.58541,0.58588,3425,14,0
2026-07-21T08:00:00Z,1784620800,0.58591,0.58636,0.58458,0.58481,3588,14,0
2026-07-21T12:00:00Z,1784635200,0.58483,0.58485,0.58219,0.58301,5656,14,0
2026-07-21T16:00:00Z,1784649600,0.58301,0.58338,0.58268,0.58288,2262,14,0
2026-07-21T20:00:00Z,1784664000,0.58288,0.58296,0.58218,0.58246,1664,14,0
2026-07-22T00:00:00Z,1784678400,0.58246,0.5833,0.5822,0.58269,3537,14,0
2026-07-22T04:00:00Z,1784692800,0.58269,0.58284,0.58143,0.58177,3771,14,0
2026-07-22T08:00:00Z,1784707200,0.58178,0.58204,0.58112,0.58167,3918,14,0
2026-07-22T12:00:00Z,1784721600,0.58167,0.5823,0.58099,0.58205,4768,14,0
2026-07-22T16:00:00Z,1784736000,0.58205,0.58207,0.58129,0.58144,2541,14,0
2026-07-22T20:00:00Z,1784750400,0.58145,0.58179,0.58074,0.58127,1793,14,0
2026-07-23T00:00:00Z,1784764800,0.58129,0.58211,0.58104,0.58179,3750,14,0
2026-07-23T04:00:00Z,1784779200,0.58179,0.58226,0.57973,0.58032,3641,14,0
2026-07-23T08:00:00Z,1784793600,0.58032,0.58034,0.57805,0.57864,4136,14,0
2026-07-23T12:00:00Z,1784808000,0.57864,0.57866,0.57617,0.57733,7045,14,0
2026-07-23T16:00:00Z,1784822400,0.57734,0.5777,0.57669,0.57717,3421,14,0
2026-07-23T20:00:00Z,1784836800,0.57719,0.57745,0.57674,0.57726,1731,14,0
2026-07-24T00:00:00Z,1784851200,0.57726,0.57851,0.5772,0.57772,3908,14,0
2026-07-24T04:00:00Z,1784865600,0.57772,0.57903,0.57717,0.57878,3691,14,0
2026-07-24T08:00:00Z,1784880000,0.57875,0.57901,0.57807,0.5787,3677,14,0
2026-07-24T12:00:00Z,1784894400,0.5787,0.58021,0.57766,0.57996,5704,14,0
2026-07-24T16:00:00Z,1784908800,0.57998,0.58014,0.57867,0.57881,2993,14,0
2026-07-24T20:00:00Z,1784923200,0.57881,0.57897,0.57844,0.57896,359,14,0
2026-07-26T20:00:00Z,1785096000,0.57999,0.58095,0.57931,0.57969,1510,14,0
2026-07-27T00:00:00Z,1785110400,0.57972,0.58087,0.57872,0.57936,4237,14,0
2026-07-27T04:00:00Z,1785124800,0.57936,0.58077,0.5793,0.57989,3421,14,0
2026-07-27T08:00:00Z,1785139200,0.57988,0.58011,0.57885,0.57891,3541,14,0
2026-07-27T12:00:00Z,1785153600,0.57891,0.57917,0.57769,0.57782,5239,14,0
2026-07-27T16:00:00Z,1785168000,0.57783,0.57848,0.57721,0.57766,3277,14,0
2026-07-27T20:00:00Z,1785182400,0.57767,0.57771,0.57672,0.57688,2299,14,0
2026-07-28T00:00:00Z,1785196800,0.57688,0.57779,0.57651,0.57707,3857,14,0
2026-07-28T04:00:00Z,1785211200,0.57705,0.57762,0.57615,0.57705,3545,14,0
2026-07-28T08:00:00Z,1785225600,0.57706,0.57741,0.57634,0.57691,3395,14,0
2026-07-28T12:00:00Z,1785240000,0.57691,0.57958,0.57674,0.57957,5060,14,0
2026-07-28T16:00:00Z,1785254400,0.57957,0.57979,0.5785,0.57855,3086,14,0
2026-07-28T20:00:00Z,1785268800,0.57855,0.57883,0.57777,0.57805,1991,14,0
2026-07-29T00:00:00Z,1785283200,0.57807,0.57863,0.57738,0.57835,4450,14,0
2026-07-29T04:00:00Z,1785297600,0.57835,0.57937,0.57809,0.57854,3654,14,0
2026-07-29T08:00:00Z,1785312000,0.57854,0.57858,0.57756,0.57776,3253,14,0
2026-07-29T12:00:00Z,1785326400,0.57775,0.57858,0.57664,0.57675,5107,14,0
2026-07-29T16:00:00Z,1785340800,0.57675,0.58262,0.57612,0.57918,10024,14,0
2026-07-29T20:00:00Z,1785355200,0.57917,0.58074,0.57865,0.5801,3709,14,0
2026-07-30T00:00:00Z,1785369600,0.58008,0.58121,0.57933,0.58065,4473,14,0
2026-07-30T04:00:00Z,1785384000,0.58065,0.58146,0.57983,0.58037,4465,14,0
2026-07-30T08:00:00Z,1785398400,0.58037,0.58447,0.58037,0.58427,5273,14,0
2026-07-30T12:00:00Z,1785412800,0.58427,0.58777,0.58333,0.58747,9540,14,0
2026-07-30T16:00:00Z,1785427200,0.58748,0.58827,0.58726,0.58792,4393,14,0
2026-07-30T20:00:00Z,1785441600,0.58794,0.58821,0.58672,0.58738,2144,14,0
2026-07-31T00:00:00Z,1785456000,0.58738,0.58773,0.58622,0.587,4146,14,0
2026-07-31T04:00:00Z,1785470400,0.587,0.58781,0.58639,0.58721,4260,14,0
2026-07-31T08:00:00Z,1785484800,0.58723,0.58877,0.5861,0.5861,4992,14,0
2026-07-31T12:00:00Z,1785499200,0.5861,0.58781,0.58486,0.58764,7608,14,0
2026-07-31T16:00:00Z,1785513600,0.58764,0.58927,0.58747,0.589,4327,14,0
2026-07-31T20:00:00Z,1785528000,0.589,0.5895,0.58874,0.58887,1336,14,0
2026-08-02T20:00:00Z,1785700800,0.58932,0.59036,0.58921,0.58966,2071,14,0
2026-08-03T00:00:00Z,1785715200,0.58967,0.59076,0.58776,0.58787,4671,14,0
2026-08-03T04:00:00Z,1785729600,0.58787,0.58864,0.58716,0.58734,3657,14,0
2026-08-03T08:00:00Z,1785744000,0.58735,0.58746,0.58608,0.58727,3535,14,0
2026-08-03T12:00:00Z,1785758400,0.58727,0.58751,0.58607,0.58665,5151,14,0
2026-08-03T16:00:00Z,1785772800,0.58665,0.58711,0.58596,0.58701,2767,14,0
2026-08-03T20:00:00Z,1785787200,0.587,0.58718,0.58631,0.58653,1769,14,0
2026-08-04T00:00:00Z,1785801600,0.58653,0.58715,0.58633,0.58664,3867,14,0
2026-08-04T04:00:00Z,1785816000,0.58663,0.58721,0.58614,0.58694,3240,14,0
2026-08-04T08:00:00Z,1785830400,0.58694,0.58864,0.5867,0.58835,4030,14,0
2026-08-04T12:00:00Z,1785844800,0.58836,0.58937,0.58794,0.58868,5217,14,0
2026-08-04T16:00:00Z,1785859200,0.58869,0.58936,0.58844,0.58931,2839,14,0
2026-08-04T20:00:00Z,1785873600,0.58932,0.58957,0.58709,0.58747,2653,14,0
2026-08-05T00:00:00Z,1785888000,0.58747,0.58809,0.58653,0.58714,4058,14,0
2026-08-05T04:00:00Z,1785902400,0.58714,0.58764,0.58615,0.5869,3863,14,0
2026-08-05T08:00:00Z,1785916800,0.5869,0.58702,0.58591,0.58684,3555,14,0
2026-08-05T12:00:00Z,1785931200,0.58684,0.58856,0.58656,0.5877,5915,14,0
2026-08-05T16:00:00Z,1785945600,0.5877,0.58918,0.58756,0.58855,3071,14,0
2026-08-05T20:00:00Z,1785960000,0.58856,0.58877,0.58823,0.5886,2100,14,0
2026-08-06T00:00:00Z,1785974400,0.5886,0.58948,0.5879,0.5884,3777,14,0
2026-08-06T04:00:00Z,1785988800,0.5884,0.58844,0.58689,0.58726,2852,14,0
2026-08-06T08:00:00Z,1786003200,0.58725,0.58837,0.58701,0.58824,3212,14,0
2026-08-06T12:00:00Z,1786017600,0.58826,0.58843,0.58638,0.58647,5136,14,0
2026-08-06T16:00:00Z,1786032000,0.58648,0.58737,0.58603,0.58703,3136,14,0
2026-08-06T20:00:00Z,1786046400,0.58702,0.58708,0.58625,0.58668,1529,14,0
2026-08-07T00:00:00Z,1786060800,0.58668,0.58697,0.58622,0.58639,2910,14,0
2026-08-07T04:00:00Z,1786075200,0.58639,0.58692,0.5862,0.58684,2443,14,0
2026-08-07T08:00:00Z,1786089600,0.58684,0.58761,0.58653,0.58701,2652,14,0
2026-08-07T12:00:00Z,1786104000,0.58701,0.59054,0.5867,0.58897,7670,14,0
2026-08-07T16:00:00Z,1786118400,0.58896,0.59011,0.58886,0.58956,3160,14,0
2026-08-07T20:00:00Z,1786132800,0.58955,0.58959,0.58898,0.58933,934,14,0
2026-08-09T20:00:00Z,1786305600,0.58904,0.58937,0.58837,0.5886,1269,14,0
2026-08-10T00:00:00Z,1786320000,0.58861,0.58889,0.58782,0.58837,3187,14,0
2026-08-10T04:00:00Z,1786334400,0.58837,0.58965,0.58824,0.58946,3048,14,0
2026-08-10T08:00:00Z,1786348800,0.58946,0.58988,0.58878,0.58895,2971,14,0
2026-08-10T12:00:00Z,1786363200,0.58894,0.58924,0.58786,0.58889,4424,14,0
2026-08-10T16:00:00Z,1786377600,0.5889,0.58896,0.58804,0.58815,2504,14,0
2026-08-10T20:00:00Z,1786392000,0.58815,0.58867,0.58785,0.58866,1645,14,0
2026-08-11T00:00:00Z,1786406400,0.58865,0.58887,0.58807,0.58841,2591,14,0
2026-08-11T04:00:00Z,1786420800,0.58841,0.58936,0.58677,0.58684,3966,14,0
2026-08-11T08:00:00Z,1786435200,0.58684,0.58864,0.58675,0.58754,3582,14,0
2026-08-11T12:00:00Z,1786449600,0.58754,0.58871,0.58744,0.58797,4531,14,0
2026-08-11T16:00:00Z,1786464000,0.58799,0.58829,0.58759,0.58799,2373,14,0
2026-08-11T20:00:00Z,1786478400,0.588,0.58818,0.58735,0.58785,1615,14,0
2026-08-12T00:00:00Z,1786492800,0.58787,0.58796,0.58652,0.58666,2609,14,0
2026-08-12T04:00:00Z,1786507200,0.58666,0.58683,0.58602,0.58611,2249,14,0
2026-08-12T08:00:00Z,1786521600,0.5861,0.58728,0.58549,0.58665,3589,14,0
2026-08-12T12:00:00Z,1786536000,0.58665,0.58846,0.58573,0.58646,7647,14,0
2026-08-12T16:00:00Z,1786550400,0.58645,0.58652,0.58539,0.58569,2762,14,0
2026-08-12T20:00:00Z,1786564800,0.5857,0.58596,0.58554,0.58596,1461,14,0
2026-08-13T00:00:00Z,1786579200,0.58598,0.58627,0.58302,0.58307,3467,14,0
2026-08-13T04:00:00Z,1786593600,0.58307,0.58352,0.58209,0.58339,3347,14,0
2026-08-13T08:00:00Z,1786608000,0.58339,0.58459,0.58308,0.58438,2653,14,0
2026-08-13T12:00:00Z,1786622400,0.58438,0.58566,0.58391,0.58461,5874,14,0
2026-08-13T16:00:00Z,1786636800,0.58462,0.58507,0.58424,0.58504,2750,14,0
2026-08-13T20:00:00Z,1786651200,0.58503,0.58538,0.58453,0.58525,1558,14,0
2026-08-14T00:00:00Z,1786665600,0.58526,0.58668,0.58523,0.58661,2947,14,0
2026-08-14T04:00:00Z,1786680000,0.58661,0.5875,0.58648,0.58747,2507,14,0
2026-08-14T08:00:00Z,1786694400,0.58747,0.589,0.58731,0.58874,2804,14,0
2026-08-14T12:00:00Z,1786708800,0.58876,0.58977,0.58847,0.58949,5371,14,0
2026-08-14T16:00:00Z,1786723200,0.58951,0.58963,0.58837,0.58888,2370,14,0
2026-08-14T20:00:00Z,1786737600,0.58888,0.58906,0.58877,0.58901,375,14,0
2026-08-16T20:00:00Z,1786910400,0.58837,0.58926,0.58823,0.58894,998,14,0
2026-08-17T00:00:00Z,1786924800,0.58894,0.59089,0.58894,0.59057,3234,14,0
2026-08-17T04:00:00Z,1786939200,0.59057,0.5924,0.59048,0.59198,3646,14,0
2026-08-17T08:00:00Z,1786953600,0.59199,0.59255,0.59137,0.59155,3389,14,0
2026-08-17T12:00:00Z,1786968000,0.59155,0.59207,0.59043,0.59083,5013,14,0
2026-08-17T16:00:00Z,1786982400,0.59083,0.59097,0.58979,0.59032,2776,14,0
2026-08-17T20:00:00Z,1786996800,0.59032,0.59057,0.58979,0.59048,1345,14,0
2026-08-18T00:00:00Z,1787011200,0.59048,0.59082,0.58812,0.58837,3115,14,0
2026-08-18T04:00:00Z,1787025600,0.58838,0.58844,0.58719,0.58738,3281,14,0
2026-08-18T08:00:00Z,1787040000,0.58739,0.58827,0.58715,0.58825,2788,14,0
2026-08-18T12:00:00Z,1787054400,0.58824,0.58918,0.58754,0.58778,5211,14,0
2026-08-18T16:00:00Z,1787068800,0.58778,0.58802,0.58701,0.58724,2599,14,0
2026-08-18T20:00:00Z,1787083200,0.58724,0.5877,0.58699,0.58719,1829,14,0
2026-08-19T00:00:00Z,1787097600,0.58721,0.58744,0.58598,0.58708,3929,14,0
2026-08-19T04:00:00Z,1787112000,0.58709,0.58786,0.58673,0.587,3507,14,0
2026-08-19T08:00:00Z,1787126400,0.58698,0.58837,0.58685,0.58779,3466,14,0
2026-08-19T12:00:00Z,1787140800,0.58779,0.59371,0.58767,0.59278,8762,14,0
2026-08-19T16:00:00Z,1787155200,0.59278,0.59375,0.59232,0.59338,4893,14,0
2026-08-19T20:00:00Z,1787169600,0.59339,0.5939,0.59285,0.59346,1930,14,0
2026-08-20T00:00:00Z,1787184000,0.59346,0.59532,0.59309,0.59516,4731,14,0
2026-08-20T04:00:00Z,1787198400,0.59517,0.59567,0.59482,0.59546,3982,14,0
