time_utc,time,open,high,low,close,tick_volume,spread,real_volume
2026-08-18T18:30:00Z,1787077800,1.97099,1.9711699999999999,1.97091,1.97113,83,22,0
2026-08-18T18:35:00Z,1787078100,1.9711400000000001,1.97115,1.97092,1.9710100000000002,73,22,0
2026-08-18T18:40:00Z,1787078400,1.97102,1.97132,1.97102,1.9710299999999998,73,22,0
2026-08-18T18:45:00Z,1787078700,1.9710299999999998,1.9711400000000001,1.97098,1.9710800000000002,62,22,0
2026-08-18T18:50:00Z,1787079000,1.9710800000000002,1.97136,1.97102,1.9713500000000002,69,22,0
2026-08-18T18:55:00Z,1787079300,1.97136,1.97147,1.9711699999999999,1.9711699999999999,97,22,0
2026-08-18T19:00:00Z,1787079600,1.9711699999999999,1.9714,1.9711699999999999,1.97126,78,22,0
2026-08-18T19:05:00Z,1787079900,1.97126,1.97139,1.97116,1.9712399999999999,83,22,0
2026-08-18T19:10:00Z,1787080200,1.97125,1.97125,1.97078,1.97089,119,22,0
2026-08-18T19:15:00Z,1787080500,1.97089,1.97106,1.97089,1.97099,77,22,0
2026-08-18T19:20:00Z,1787080800,1.971,1.9710299999999998,1.9707400000000002,1.9708299999999999,77,22,0
2026-08-18T19:25:00Z,1787081100,1.97082,1.97086,1.97068,1.97072,71,22,0
2026-08-18T19:30:00Z,1787081400,1.97073,1.971,1.97073,1.97085,75,22,0
2026-08-18T19:35:00Z,1787081700,1.97085,1.97085,1.9707,1.9708,65,22,0
2026-08-18T19:40:00Z,1787082000,1.97079,1.9708299999999999,1.97057,1.97078,90,22,0
2026-08-18T19:45:00Z,1787082300,1.97078,1.9709400000000001,1.9706700000000001,1.9708700000000001,71,22,0
2026-08-18T19:50:00Z,1787082600,1.9708700000000001,1.97091,1.97072,1.97082,67,22,0
2026-08-18T19:55:00Z,1787082900,1.97086,1.97089,1.97065,1.97075,124,22,0
2026-08-18T20:00:00Z,1787083200,1.9707599999999998,1.97092,1.97041,1.9706299999999999,89,22,0
2026-08-18T20:05:00Z,1787083500,1.97062,1.9708,1.97055,1.9707400000000002,55,22,0
2026-08-18T20:10:00Z,1787083800,1.9707400000000002,1.9708700000000001,1.97072,1.97078,67,22,0
2026-08-18T20:15:00Z,1787084100,1.97081,1.97095,1.9707599999999998,1.97091,54,22,0
2026-08-18T20:20:00Z,1787084400,1.97092,1.9710999999999999,1.97079,1.97093,77,22,0
2026-08-18T20:25:00Z,1787084700,1.9709400000000001,1.97098,1.97077,1.97085,63,22,0
2026-08-18T20:30:00Z,1787085000,1.97082,1.97088,1.9707599999999998,1.97079,48,22,0
2026-08-18T20:35:00Z,1787085300,1.9708,1.97113,1.9708,1.97098,66,22,0
2026-08-18T20:40:00Z,1787085600,1.97098,1.97102,1.97088,1.9708999999999999,42,22,0
2026-08-18T20:45:00Z,1787085900,1.97088,1.9708999999999999,1.97058,1.97059,87,22,0
2026-08-18T20:50:00Z,1787086200,1.97059,1.9707,1.9704000000000002,1.9704000000000002,77,22,0
2026-08-18T20:55:00Z,1787086500,1.97041,1.97054,1.97024,1.97024,136,22,0
2026-08-18T21:00:00Z,1787086800,1.97021,1.97021,1.97021,1.97021,1,64,0
2026-08-18T21:05:00Z,1787087100,1.9702,1.97023,1.96747,1.96756,100,59,0
2026-08-18T21:10:00Z,1787087400,1.96761,1.96885,1.96761,1.96878,87,269,0
2026-08-18T21:15:00Z,1787087700,1.96881,1.96885,1.96826,1.96826,113,263,0
2026-08-18T21:20:00Z,1787088000,1.96825,1.9683000000000002,1.9677799999999999,1.96787,119,462,0
2026-08-18T21:25:00Z,1787088300,1.96784,1.96787,1.96754,1.96776,83,599,0
2026-08-18T21:30:00Z,1787088600,1.96777,1.96834,1.96776,1.96814,89,487,0
2026-08-18T21:35:00Z,1787088900,1.96813,1.96825,1.9681,1.9681899999999999,78,482,0
2026-08-18T21:40:00Z,1787089200,1.9681899999999999,1.96842,1.96814,1.96841,92,428,0
2026-08-18T21:45:00Z,1787089500,1.96842,1.96876,1.96842,1.96867,69,344,0
2026-08-18T21:50:00Z,1787089800,1.96868,1.9689,1.96865,1.96888,66,328,0
2026-08-18T21:55:00Z,1787090100,1.9689100000000002,1.9698600000000002,1.9689100000000002,1.9691999999999998,65,170,0
2026-08-18T22:00:00Z,1787090400,1.96902,1.9706700000000001,1.96899,1.97039,100,54,0
2026-08-18T22:05:00Z,1787090700,1.97039,1.97039,1.96985,1.9700600000000001,35,54,0
2026-08-18T22:10:00Z,1787091000,1.9700600000000001,1.9701300000000002,1.97004,1.9701,40,54,0
2026-08-18T22:15:00Z,1787091300,1.97012,1.9701300000000002,1.96984,1.96984,56,54,0
2026-08-18T22:20:00Z,1787091600,1.96984,1.96991,1.96976,1.96982,42,54,0
2026-08-18T22:25:00Z,1787091900,1.96983,1.9699,1.96976,1.96976,32,54,0
2026-08-18T22:30:00Z,1787092200,1.96976,1.97,1.96975,1.9698,55,54,0
2026-08-18T22:35:00Z,1787092500,1.9697900000000002,1.96991,1.96973,1.96989,32,54,0
2026-08-18T22:40:00Z,1787092800,1.96989,1.97,1.96989,1.96998,27,54,0
2026-08-18T22:45:00Z,1787093100,1.96997,1.96998,1.96926,1.9696,41,54,0
2026-08-18T22:50:00Z,1787093400,1.9696,1.96982,1.96955,1.96982,31,54,0
2026-08-18T22:55:00Z,1787093700,1.96985,1.9699,1.96984,1.96984,25,54,0
2026-08-18T23:00:00Z,1787094000,1.97,1.97,1.96973,1.96985,82,22,0
2026-08-18T23:05:00Z,1787094300,1.96985,1.97008,1.9697200000000001,1.97008,65,22,0
2026-08-18T23:10:00Z,1787094600,1.97008,1.97021,1.96998,1.97016,57,22,0
2026-08-18T23:15:00Z,1787094900,1.9701499999999998,1.97045,1.97014,1.97045,55,22,0
2026-08-18T23:20:00Z,1787095200,1.97045,1.97058,1.97034,1.9705599999999999,63,22,0
2026-08-18T23:25:00Z,1787095500,1.9705599999999999,1.97088,1.97052,1.97079,73,22,0
2026-08-18T23:30:00Z,1787095800,1.97079,1.9708999999999999,1.9705300000000001,1.97088,75,22,0
2026-08-18T23:35:00Z,1787096100,1.97086,1.97105,1.9706700000000001,1.97104,78,22,0
2026-08-18T23:40:00Z,1787096400,1.97105,1.97122,1.9710100000000002,1.9711400000000001,77,22,0
2026-08-18T23:45:00Z,1787096700,1.97111,1.97127,1.97068,1.97073,93,22,0
2026-08-18T23:50:00Z,1787097000,1.97073,1.9710299999999998,1.9706299999999999,1.97099,78,22,0
2026-08-18T23:55:00Z,1787097300,1.97099,1.97122,1.97095,1.97111,111,22,0
2026-08-19T00:00:00Z,1787097600,1.97107,1.97207,1.9710299999999998,1.9715,220,22,0
2026-08-19T00:05:00Z,1787097900,1.9715,1.9715500000000001,1.97118,1.9713,174,22,0
2026-08-19T00:10:00Z,1787098200,1.9713,1.97165,1.97129,1.9716200000000002,151,22,0
2026-08-19T00:15:00Z,1787098500,1.9716200000000002,1.97195,1.9716,1.97194,115,22,0
2026-08-19T00:20:00Z,1787098800,1.97194,1.97242,1.97187,1.9723000000000002,124,22,0
2026-08-19T00:25:00Z,1787099100,1.9723000000000002,1.97271,1.9720900000000001,1.9720900000000001,149,22,0
2026-08-19T00:30:00Z,1787099400,1.9721199999999999,1.97281,1.97199,1.97247,180,22,0
2026-08-19T00:35:00Z,1787099700,1.97247,1.97263,1.97226,1.97238,118,22,0
2026-08-19T00:40:00Z,1787100000,1.97241,1.9731100000000001,1.97241,1.97303,112,22,0
2026-08-19T00:45:00Z,1787100300,1.97301,1.9735200000000002,1.97296,1.97351,141,22,0
2026-08-19T00:50:00Z,1787100600,1.97351,1.97424,1.97344,1.9742,252,22,0
2026-08-19T00:55:00Z,1787100900,1.97417,1.9745599999999999,1.97404,1.9745599999999999,227,22,0
2026-08-19T01:00:00Z,1787101200,1.9746000000000001,1.9747400000000002,1.9731,1.97326,208,22,0
2026-08-19T01:05:00Z,1787101500,1.97323,1.97337,1.9727299999999999,1.97288,149,22,0
2026-08-19T01:10:00Z,1787101800,1.97288,1.9734500000000001,1.97269,1.97343,134,22,0
2026-08-19T01:15:00Z,1787102100,1.97343,1.97416,1.97339,1.97386,180,22,0
2026-08-19T01:20:00Z,1787102400,1.97389,1.9742600000000001,1.97342,1.97344,148,22,0
2026-08-19T01:25:00Z,1787102700,1.9734500000000001,1.97367,1.97313,1.97323,135,22,0
2026-08-19T01:30:00Z,1787103000,1.97323,1.97337,1.97278,1.9730400000000001,149,22,0
2026-08-19T01:35:00Z,1787103300,1.97306,1.97326,1.97238,1.97255,152,22,0
2026-08-19T01:40:00Z,1787103600,1.97255,1.9725700000000002,1.97203,1.9723899999999999,118,22,0
2026-08-19T01:45:00Z,1787103900,1.9723600000000001,1.97279,1.9721199999999999,1.9727299999999999,112,22,0
2026-08-19T01:50:00Z,1787104200,1.97271,1.97278,1.97226,1.9723199999999999,97,22,0
2026-08-19T01:55:00Z,1787104500,1.9723199999999999,1.97233,1.97138,1.9718200000000001,136,22,0
2026-08-19T02:00:00Z,1787104800,1.97183,1.9722,1.97161,1.97214,129,22,0
2026-08-19T02:05:00Z,1787105100,1.97214,1.9725899999999998,1.97207,1.97213,124,22,0
2026-08-19T02:10:00Z,1787105400,1.97213,1.9725700000000002,1.97203,1.97224,138,22,0
2026-08-19T02:15:00Z,1787105700,1.97224,1.97288,1.97161,1.9727999999999999,294,22,0
2026-08-19T02:20:00Z,1787106000,1.9727999999999999,1.97298,1.97265,1.97281,162,22,0
2026-08-19T02:25:00Z,1787106300,1.97282,1.97308,1.97268,1.97276,116,22,0
2026-08-19T02:30:00Z,1787106600,1.9727299999999999,1.9729299999999999,1.9724300000000001,1.97289,116,22,0
2026-08-19T02:35:00Z,1787106900,1.9728599999999998,1.97287,1.9724,1.9726,114,22,0
2026-08-19T02:40:00Z,1787107200,1.9725899999999998,1.9726,1.97214,1.97215,106,22,0
2026-08-19T02:45:00Z,1787107500,1.97218,1.9724,1.972,1.97229,169,22,0
2026-08-19T02:50:00Z,1787107800,1.97229,1.9729299999999999,1.97229,1.97245,126,22,0
2026-08-19T02:55:00Z,1787108100,1.97244,1.9726,1.97215,1.97222,121,22,0
2026-08-19T03:00:00Z,1787108400,1.97222,1.97283,1.9721,1.97283,128,22,0
2026-08-19T03:05:00Z,1787108700,1.97283,1.9733399999999999,1.97283,1.97299,128,22,0
2026-08-19T03:10:00Z,1787109000,1.9729999999999999,1.97333,1.97283,1.97321,93,22,0
2026-08-19T03:15:00Z,1787109300,1.9731999999999998,1.9731999999999998,1.97264,1.9727700000000001,87,22,0
2026-08-19T03:20:00Z,1787109600,1.9727700000000001,1.9727700000000001,1.97262,1.97262,58,22,0
2026-08-19T03:25:00Z,1787109900,1.97264,1.97292,1.97264,1.97289,84,22,0
2026-08-19T03:30:00Z,1787110200,1.97288,1.97289,1.97253,1.97279,83,22,0
2026-08-19T03:35:00Z,1787110500,1.9728400000000001,1.97289,1.9725700000000002,1.97279,72,22,0
2026-08-19T03:40:00Z,1787110800,1.9727999999999999,1.97303,1.97279,1.97283,71,22,0
2026-08-19T03:45:00Z,1787111100,1.97283,1.97289,1.97261,1.97265,70,22,0
2026-08-19T03:50:00Z,1787111400,1.97265,1.97269,1.97242,1.97253,68,22,0
2026-08-19T03:55:00Z,1787111700,1.97253,1.97254,1.97229,1.97235,81,22,0
2026-08-19T04:00:00Z,1787112000,1.97234,1.97264,1.97215,1.97249,71,22,0
2026-08-19T04:05:00Z,1787112300,1.97245,1.9726599999999999,1.97241,1.97265,62,22,0
2026-08-19T04:10:00Z,1787112600,1.97265,1.97269,1.97228,1.9723199999999999,91,22,0
2026-08-19T04:15:00Z,1787112900,1.9723199999999999,1.97261,1.97229,1.97231,72,22,0
2026-08-19T04:20:00Z,1787113200,1.97231,1.97249,1.97224,1.97238,89,22,0
2026-08-19T04:25:00Z,1787113500,1.97238,1.97251,1.9721899999999999,1.97249,101,22,0
2026-08-19T04:30:00Z,1787113800,1.97247,1.97308,1.97233,1.97308,107,22,0
2026-08-19T04:35:00Z,1787114100,1.97308,1.97324,1.9729700000000001,1.9731800000000002,72,22,0
2026-08-19T04:40:00Z,1787114400,1.9731800000000002,1.97325,1.9731,1.97316,74,22,0
2026-08-19T04:45:00Z,1787114700,1.97316,1.97348,1.97306,1.97332,86,22,0
2026-08-19T04:50:00Z,1787115000,1.97336,1.97393,1.97336,1.9739200000000001,85,22,0
2026-08-19T04:55:00Z,1787115300,1.9739200000000001,1.97405,1.97316,1.97316,124,22,0
2026-08-19T05:00:00Z,1787115600,1.97316,1.97323,1.97262,1.97287,137,22,0
2026-08-19T05:05:00Z,1787115900,1.97287,1.97319,1.9727999999999999,1.97317,67,22,0
2026-08-19T05:10:00Z,1787116200,1.97316,1.9736,1.97309,1.9736,85,22,0
2026-08-19T05:15:00Z,1787116500,1.9736,1.97376,1.97337,1.97375,94,22,0
2026-08-19T05:20:00Z,1787116800,1.97374,1.97403,1.97355,1.97394,91,22,0
2026-08-19T05:25:00Z,1787117100,1.97394,1.97407,1.9734,1.97343,100,22,0
2026-08-19T05:30:00Z,1787117400,1.97346,1.9737200000000001,1.97319,1.97362,142,22,0
2026-08-19T05:35:00Z,1787117700,1.97363,1.97414,1.9736,1.97404,125,22,0
2026-08-19T05:40:00Z,1787118000,1.97403,1.97431,1.97396,1.974,111,22,0
2026-08-19T05:45:00Z,1787118300,1.974,1.97441,1.9736099999999999,1.97396,143,22,0
2026-08-19T05:50:00Z,1787118600,1.97398,1.97414,1.97377,1.97414,105,22,0
2026-08-19T05:55:00Z,1787118900,1.97414,1.97414,1.97376,1.97386,101,22,0
2026-08-19T06:00:00Z,1787119200,1.97387,1.97409,1.97359,1.97373,167,22,0
2026-08-19T06:05:00Z,1787119500,1.97373,1.9741900000000001,1.97364,1.9741300000000002,127,22,0
2026-08-19T06:10:00Z,1787119800,1.97412,1.97423,1.9740799999999998,1.9741499999999998,114,22,0
2026-08-19T06:15:00Z,1787120100,1.9741499999999998,1.97431,1.97366,1.9737,140,22,0
2026-08-19T06:20:00Z,1787120400,1.97371,1.97373,1.9732699999999999,1.97328,169,22,0
2026-08-19T06:25:00Z,1787120700,1.97324,1.97324,1.9727700000000001,1.9729299999999999,176,22,0
2026-08-19T06:30:00Z,1787121000,1.9729100000000002,1.97386,1.9725899999999998,1.97367,193,22,0
2026-08-19T06:35:00Z,1787121300,1.9736799999999999,1.9740600000000001,1.9735399999999998,1.97385,144,22,0
2026-08-19T06:40:00Z,1787121600,1.9738799999999999,1.97398,1.97336,1.9738799999999999,143,22,0
2026-08-19T06:45:00Z,1787121900,1.9739,1.97471,1.9739,1.9746000000000001,136,22,0
2026-08-19T06:50:00Z,1787122200,1.97461,1.97465,1.97397,1.97409,146,22,0
2026-08-19T06:55:00Z,1787122500,1.9740600000000001,1.97409,1.97366,1.97384,148,22,0
2026-08-19T07:00:00Z,1787122800,1.97384,1.9739,1.97321,1.97343,220,22,0
2026-08-19T07:05:00Z,1787123100,1.97343,1.97356,1.97312,1.97342,145,22,0
2026-08-19T07:10:00Z,1787123400,1.9734099999999999,1.9741499999999998,1.9733,1.9741499999999998,147,22,0
2026-08-19T07:15:00Z,1787123700,1.97416,1.97457,1.97409,1.97446,139,22,0
2026-08-19T07:20:00Z,1787124000,1.97446,1.97462,1.97424,1.97448,117,22,0
2026-08-19T07:25:00Z,1787124300,1.97443,1.9745599999999999,1.97427,1.97451,108,22,0
2026-08-19T07:30:00Z,1787124600,1.97451,1.97495,1.9744899999999999,1.97457,130,22,0
2026-08-19T07:35:00Z,1787124900,1.97457,1.97513,1.97445,1.97505,128,22,0
2026-08-19T07:40:00Z,1787125200,1.97505,1.9752399999999999,1.97479,1.9752399999999999,139,22,0
2026-08-19T07:45:00Z,1787125500,1.9752399999999999,1.9753500000000002,1.97504,1.97526,123,22,0
2026-08-19T07:50:00Z,1787125800,1.9752800000000001,1.97536,1.97495,1.97525,141,22,0
2026-08-19T07:55:00Z,1787126100,1.9752100000000001,1.97546,1.97507,1.97527,154,22,0
2026-08-19T08:00:00Z,1787126400,1.97531,1.97558,1.9747,1.9747400000000002,204,22,0
2026-08-19T08:05:00Z,1787126700,1.97472,1.97496,1.97428,1.97481,213,22,0
2026-08-19T08:10:00Z,1787127000,1.9748299999999999,1.9750299999999998,1.9740199999999999,1.9740600000000001,221,22,0
2026-08-19T08:15:00Z,1787127300,1.9740600000000001,1.9741900000000001,1.9734699999999998,1.97367,153,22,0
2026-08-19T08:20:00Z,1787127600,1.97369,1.97389,1.97339,1.9734099999999999,163,22,0
2026-08-19T08:25:00Z,1787127900,1.9734099999999999,1.97359,1.97321,1.97332,118,22,0
2026-08-19T08:30:00Z,1787128200,1.9733100000000001,1.97424,1.97329,1.97398,152,22,0
2026-08-19T08:35:00Z,1787128500,1.97397,1.97404,1.9734699999999998,1.97373,111,22,0
2026-08-19T08:40:00Z,1787128800,1.97371,1.97394,1.9736799999999999,1.97383,125,22,0
2026-08-19T08:45:00Z,1787129100,1.97386,1.974,1.97375,1.97375,117,22,0
2026-08-19T08:50:00Z,1787129400,1.97375,1.97397,1.97353,1.97366,134,22,0
2026-08-19T08:55:00Z,1787129700,1.97363,1.97371,1.97343,1.9735399999999998,142,22,0
2026-08-19T09:00:00Z,1787130000,1.97355,1.97369,1.9729100000000002,1.9729100000000002,121,22,0
2026-08-19T09:05:00Z,1787130300,1.9729100000000002,1.9733,1.97271,1.9731800000000002,141,22,0
2026-08-19T09:10:00Z,1787130600,1.97319,1.97325,1.97285,1.9731,132,22,0
2026-08-19T09:15:00Z,1787130900,1.9731,1.97324,1.97285,1.97289,153,22,0
2026-08-19T09:20:00Z,1787131200,1.97288,1.97305,1.97253,1.9728400000000001,140,22,0
2026-08-19T09:25:00Z,1787131500,1.9728400000000001,1.9728400000000001,1.9723000000000002,1.97268,151,22,0
2026-08-19T09:30:00Z,1787131800,1.97267,1.97315,1.97248,1.97288,134,22,0
2026-08-19T09:35:00Z,1787132100,1.97287,1.97315,1.97275,1.97305,109,22,0
2026-08-19T09:40:00Z,1787132400,1.9730400000000001,1.97336,1.9729700000000001,1.97326,111,22,0
2026-08-19T09:45:00Z,1787132700,1.97326,1.9733,1.9729700000000001,1.97303,109,22,0
2026-08-19T09:50:00Z,1787133000,1.97305,1.9734500000000001,1.97305,1.97326,107,22,0
2026-08-19T09:55:00Z,1787133300,1.97325,1.97325,1.97294,1.9730400000000001,136,22,0
2026-08-19T10:00:00Z,1787133600,1.9730400000000001,1.9736099999999999,1.97285,1.9736,146,22,0
2026-08-19T10:05:00Z,1787133900,1.9736,1.97374,1.9734500000000001,1.9735800000000001,113,22,0
2026-08-19T10:10:00Z,1787134200,1.9736099999999999,1.97367,1.97314,1.9733,112,22,0
2026-08-19T10:15:00Z,1787134500,1.97328,1.97339,1.97301,1.97316,113,22,0
2026-08-19T10:20:00Z,1787134800,1.97316,1.9735399999999998,1.97314,1.9735200000000002,103,22,0
2026-08-19T10:25:00Z,1787135100,1.9735200000000002,1.97382,1.97346,1.9735399999999998,94,22,0
2026-08-19T10:30:00Z,1787135400,1.97355,1.97394,1.97344,1.97383,116,22,0
2026-08-19T10:35:00Z,1787135700,1.97384,1.97385,1.97363,1.97367,82,22,0
2026-08-19T10:40:00Z,1787136000,1.97367,1.97383,1.97346,1.97353,93,22,0
2026-08-19T10:45:00Z,1787136300,1.97353,1.97356,1.9731,1.9731999999999998,92,22,0
2026-08-19T10:50:00Z,1787136600,1.97321,1.97324,1.97287,1.9730699999999999,125,22,0
2026-08-19T10:55:00Z,1787136900,1.97306,1.9734099999999999,1.9729,1.9733,123,22,0
2026-08-19T11:00:00Z,1787137200,1.9733100000000001,1.9735,1.97314,1.9733,108,22,0
2026-08-19T11:05:00Z,1787137500,1.9733,1.97363,1.97324,1.97363,113,22,0
2026-08-19T11:10:00Z,1787137800,1.97363,1.97367,1.97303,1.97305,111,22,0
2026-08-19T11:15:00Z,1787138100,1.9730400000000001,1.9733,1.9729700000000001,1.97316,104,22,0
2026-08-19T11:20:00Z,1787138400,1.97316,1.97336,1.97313,1.97322,108,22,0
2026-08-19T11:25:00Z,1787138700,1.97321,1.9734099999999999,1.97305,1.9733800000000001,123,22,0
2026-08-19T11:30:00Z,1787139000,1.97337,1.9736,1.9731999999999998,1.97353,139,22,0
2026-08-19T11:35:00Z,1787139300,1.97353,1.97377,1.9733800000000001,1.97356,138,22,0
2026-08-19T11:40:00Z,1787139600,1.97357,1.97428,1.97355,1.97407,133,22,0
2026-08-19T11:45:00Z,1787139900,1.97407,1.97428,1.97346,1.9737200000000001,135,22,0
2026-08-19T11:50:00Z,1787140200,1.9737200000000001,1.97397,1.9736500000000001,1.97378,120,22,0
2026-08-19T11:55:00Z,1787140500,1.97376,1.97382,1.97356,1.97371,133,22,0
2026-08-19T12:00:00Z,1787140800,1.97369,1.9740799999999998,1.97366,1.9738799999999999,165,22,0
2026-08-19T12:05:00Z,1787141100,1.97387,1.9739200000000001,1.97342,1.97357,139,22,0
2026-08-19T12:10:00Z,1787141400,1.9735399999999998,1.97373,1.97317,1.97339,142,22,0
2026-08-19T12:15:00Z,1787141700,1.9734,1.97344,1.97256,1.97265,143,22,0
2026-08-19T12:20:00Z,1787142000,1.97264,1.9727299999999999,1.97186,1.97197,207,22,0
2026-08-19T12:25:00Z,1787142300,1.9719600000000002,1.97235,1.9719600000000002,1.9721600000000001,170,22,0
2026-08-19T12:30:00Z,1787142600,1.97215,1.97215,1.97069,1.971,352,22,0
2026-08-19T12:35:00Z,1787142900,1.97105,1.9715500000000001,1.9704700000000002,1.97109,480,22,0
2026-08-19T12:40:00Z,1787143200,1.97111,1.97145,1.9708299999999999,1.97109,349,22,0
2026-08-19T12:45:00Z,1787143500,1.97106,1.97211,1.9706000000000001,1.9720499999999999,322,22,0
2026-08-19T12:50:00Z,1787143800,1.97206,1.9721,1.97156,1.97156,276,22,0
2026-08-19T12:55:00Z,1787144100,1.9715799999999999,1.97206,1.97141,1.97166,305,22,0
2026-08-19T13:00:00Z,1787144400,1.9716900000000002,1.97183,1.97069,1.97081,320,22,0
2026-08-19T13:05:00Z,1787144700,1.9708,1.9708999999999999,1.9693399999999999,1.96951,317,22,0
2026-08-19T13:10:00Z,1787145000,1.96948,1.96948,1.9679,1.9682300000000001,354,22,0
2026-08-19T13:15:00Z,1787145300,1.96826,1.96909,1.96821,1.96895,328,22,0
2026-08-19T13:20:00Z,1787145600,1.9689100000000002,1.96892,1.96818,1.9688400000000001,289,22,0
2026-08-19T13:25:00Z,1787145900,1.96883,1.96897,1.9677799999999999,1.9681199999999999,304,22,0
2026-08-19T13:30:00Z,1787146200,1.9681199999999999,1.96851,1.96747,1.9674800000000001,354,22,0
2026-08-19T13:35:00Z,1787146500,1.9674399999999999,1.9685000000000001,1.9673500000000002,1.9684,340,22,0
2026-08-19T13:40:00Z,1787146800,1.96836,1.96854,1.96775,1.96786,282,22,0
2026-08-19T13:45:00Z,1787147100,1.96786,1.96788,1.96733,1.96767,308,22,0
2026-08-19T13:50:00Z,1787147400,1.96767,1.9686,1.9675,1.96844,323,22,0
2026-08-19T13:55:00Z,1787147700,1.96845,1.96871,1.96679,1.9669699999999999,353,22,0
2026-08-19T14:00:00Z,1787148000,1.96696,1.96736,1.9666000000000001,1.9666000000000001,326,22,0
2026-08-19T14:05:00Z,1787148300,1.96659,1.96659,1.9661300000000002,1.96648,308,22,0
2026-08-19T14:10:00Z,1787148600,1.96645,1.9675500000000001,1.9662600000000001,1.96742,292,22,0
2026-08-19T14:15:00Z,1787148900,1.9674399999999999,1.96826,1.96723,1.96821,274,22,0
2026-08-19T14:20:00Z,1787149200,1.96825,1.9687700000000001,1.9681,1.9682300000000001,277,22,0
2026-08-19T14:25:00Z,1787149500,1.96821,1.96842,1.9676,1.96807,231,22,0
2026-08-19T14:30:00Z,1787149800,1.9681,1.9681899999999999,1.9669400000000001,1.9669400000000001,271,22,0
2026-08-19T14:35:00Z,1787150100,1.96691,1.96696,1.96643,1.96646,250,22,0
2026-08-19T14:40:00Z,1787150400,1.9664700000000002,1.968,1.96639,1.96753,272,22,0
2026-08-19T14:45:00Z,1787150700,1.9675099999999999,1.968,1.9672399999999999,1.96793,268,22,0
2026-08-19T14:50:00Z,1787151000,1.9679,1.9681,1.96714,1.96714,278,22,0
2026-08-19T14:55:00Z,1787151300,1.96715,1.96767,1.9668,1.96714,288,22,0
2026-08-19T15:00:00Z,1787151600,1.96714,1.9676900000000002,1.96695,1.96738,276,22,0
2026-08-19T15:05:00Z,1787151900,1.96739,1.96749,1.96693,1.96706,230,22,0
2026-08-19T15:10:00Z,1787152200,1.96704,1.96725,1.9665,1.9667400000000002,203,22,0
2026-08-19T15:15:00Z,1787152500,1.96673,1.96678,1.96614,1.96614,192,22,0
2026-08-19T15:20:00Z,1787152800,1.96618,1.96714,1.96618,1.96714,199,22,0
2026-08-19T15:25:00Z,1787153100,1.96713,1.96757,1.96671,1.96671,209,22,0
2026-08-19T15:30:00Z,1787153400,1.9667,1.9668,1.9665599999999999,1.96673,173,22,0
2026-08-19T15:35:00Z,1787153700,1.96675,1.96692,1.9664700000000002,1.9665599999999999,175,22,0
2026-08-19T15:40:00Z,1787154000,1.96659,1.96707,1.96657,1.9668999999999999,172,22,0
2026-08-19T15:45:00Z,1787154300,1.96691,1.96743,1.96686,1.96743,141,22,0
2026-08-19T15:50:00Z,1787154600,1.96743,1.96776,1.9674,1.96776,143,22,0
2026-08-19T15:55:00Z,1787154900,1.96775,1.9677799999999999,1.96731,1.96734,150,22,0
2026-08-19T16:00:00Z,1787155200,1.9673500000000002,1.9675099999999999,1.96722,1.96733,160,22,0
2026-08-19T16:05:00Z,1787155500,1.96733,1.9673500000000002,1.96677,1.96681,130,22,0
2026-08-19T16:10:00Z,1787155800,1.9668,1.96689,1.96658,1.96664,127,22,0
2026-08-19T16:15:00Z,1787156100,1.96665,1.96673,1.96625,1.96655,143,22,0
2026-08-19T16:20:00Z,1787156400,1.96655,1.96662,1.9664199999999998,1.96651,112,22,0
2026-08-19T16:25:00Z,1787156700,1.9665,1.9668999999999999,1.96643,1.96689,148,22,0
2026-08-19T16:30:00Z,1787157000,1.9668999999999999,1.96704,1.96671,1.96695,115,22,0
2026-08-19T16:35:00Z,1787157300,1.96696,1.96713,1.9668700000000001,1.96696,128,22,0
2026-08-19T16:40:00Z,1787157600,1.9669699999999999,1.9671699999999999,1.96678,1.96692,112,22,0
2026-08-19T16:45:00Z,1787157900,1.96693,1.96714,1.96665,1.9668700000000001,141,22,0
2026-08-19T16:50:00Z,1787158200,1.9668999999999999,1.96695,1.9666700000000001,1.9668,113,22,0
2026-08-19T16:55:00Z,1787158500,1.96677,1.96677,1.9664899999999998,1.96666,133,22,0
2026-08-19T17:00:00Z,1787158800,1.96666,1.96666,1.96605,1.96652,157,22,0
2026-08-19T17:05:00Z,1787159100,1.96652,1.96745,1.96652,1.96731,160,22,0
2026-08-19T17:10:00Z,1787159400,1.96731,1.9675799999999999,1.9672399999999999,1.96727,148,22,0
2026-08-19T17:15:00Z,1787159700,1.96726,1.9674399999999999,1.9670999999999998,1.9672800000000001,133,22,0
2026-08-19T17:20:00Z,1787160000,1.9672800000000001,1.96739,1.9670299999999998,1.9670999999999998,101,22,0
2026-08-19T17:25:00Z,1787160300,1.9670999999999998,1.96754,1.9670999999999998,1.96726,147,22,0
2026-08-19T17:30:00Z,1787160600,1.96723,1.9675,1.96713,1.96725,101,22,0
2026-08-19T17:35:00Z,1787160900,1.9672399999999999,1.96738,1.96706,1.96732,87,22,0
2026-08-19T17:40:00Z,1787161200,1.96732,1.9675799999999999,1.9672800000000001,1.9675799999999999,115,22,0
2026-08-19T17:45:00Z,1787161500,1.96756,1.96767,1.96727,1.9674800000000001,143,22,0
2026-08-19T17:50:00Z,1787161800,1.9674800000000001,1.96753,1.9672800000000001,1.9674800000000001,125,22,0
2026-08-19T17:55:00Z,1787162100,1.96749,1.96794,1.96747,1.96784,115,22,0
2026-08-19T18:00:00Z,1787162400,1.9678,1.9679799999999998,1.96688,1.96688,298,22,0
2026-08-19T18:05:00Z,1787162700,1.96684,1.96739,1.96675,1.96725,238,22,0
2026-08-19T18:10:00Z,1787163000,1.9672800000000001,1.9672800000000001,1.96673,1.96684,182,22,0
2026-08-19T18:15:00Z,1787163300,1.96684,1.9672,1.9668299999999999,1.9671699999999999,120,22,0
2026-08-19T18:20:00Z,1787163600,1.9671699999999999,1.9673699999999998,1.9670999999999998,1.96727,123,22,0
2026-08-19T18:25:00Z,1787163900,1.9672800000000001,1.96734,1.96712,1.96718,135,22,0
2026-08-19T18:30:00Z,1787164200,1.96715,1.9672,1.96691,1.96695,119,22,0
2026-08-19T18:35:00Z,1787164500,1.9669400000000001,1.96712,1.96682,1.96691,130,22,0
2026-08-19T18:40:00Z,1787164800,1.96691,1.96693,1.9666000000000001,1.96688,155,22,0
2026-08-19T18:45:00Z,1787165100,1.96688,1.96693,1.96662,1.96669,96,22,0
2026-08-19T18:50:00Z,1787165400,1.96669,1.9667,1.9662,1.9662199999999999,108,22,0
2026-08-19T18:55:00Z,1787165700,1.96624,1.96658,1.96589,1.9665599999999999,138,62,0
2026-08-19T19:00:00Z,1787166000,1.96661,1.96679,1.96604,1.9662,175,22,0
2026-08-19T19:05:00Z,1787166300,1.9662,1.96657,1.96614,1.96655,125,22,0
2026-08-19T19:10:00Z,1787166600,1.96657,1.9674,1.96641,1.96732,193,22,0
2026-08-19T19:15:00Z,1787166900,1.96733,1.96733,1.9666700000000001,1.96682,134,22,0
2026-08-19T19:20:00Z,1787167200,1.96686,1.96706,1.9668299999999999,1.96685,72,22,0
2026-08-19T19:25:00Z,1787167500,1.96685,1.96715,1.96681,1.96711,113,22,0
2026-08-19T19:30:00Z,1787167800,1.9670999999999998,1.96716,1.9667599999999998,1.9668,121,22,0
2026-08-19T19:35:00Z,1787168100,1.9668,1.96741,1.9668,1.96716,151,22,0
2026-08-19T19:40:00Z,1787168400,1.9671699999999999,1.96734,1.96707,1.96718,105,22,0
2026-08-19T19:45:00Z,1787168700,1.9671699999999999,1.96784,1.9671699999999999,1.96777,136,22,0
2026-08-19T19:50:00Z,1787169000,1.96781,1.9681199999999999,1.9677799999999999,1.96788,136,22,0
2026-08-19T19:55:00Z,1787169300,1.96788,1.96807,1.9675799999999999,1.96775,172,22,0
2026-08-19T20:00:00Z,1787169600,1.9677799999999999,1.9678900000000001,1.96749,1.96779,145,22,0
2026-08-19T20:05:00Z,1787169900,1.96777,1.96808,1.96775,1.9680499999999999,105,22,0
2026-08-19T20:10:00Z,1787170200,1.9680499999999999,1.96817,1.9679799999999998,1.96814,73,22,0
2026-08-19T20:15:00Z,1787170500,1.96813,1.9681899999999999,1.96792,1.96794,70,22,0
2026-08-19T20:20:00Z,1787170800,1.96794,1.9679799999999998,1.96784,1.96784,44,22,0
2026-08-19T20:25:00Z,1787171100,1.9678,1.9678200000000001,1.96749,1.96749,63,22,0
2026-08-19T20:30:00Z,1787171400,1.9675,1.96756,1.9674,1.9675500000000001,58,22,0
2026-08-19T20:35:00Z,1787171700,1.9675500000000001,1.9676900000000002,1.9675500000000001,1.96756,68,22,0
2026-08-19T20:40:00Z,1787172000,1.96756,1.96777,1.96756,1.96772,68,22,0
2026-08-19T20:45:00Z,1787172300,1.96772,1.96779,1.96749,1.9675,64,22,0
2026-08-19T20:50:00Z,1787172600,1.9675,1.96765,1.96734,1.9673500000000002,73,22,0
2026-08-19T20:55:00Z,1787172900,1.9673500000000002,1.96763,1.9673,1.96763,80,14,0
2026-08-19T21:00:00Z,1787173200,1.9676,1.9676,1.9676,1.9676,1,20,0
2026-08-19T21:05:00Z,1787173500,1.96763,1.9676399999999998,1.96685,1.96686,49,14,0
2026-08-19T21:10:00Z,1787173800,1.96686,1.9670800000000002,1.96664,1.96693,69,185,0
2026-08-19T21:15:00Z,1787174100,1.96692,1.96709,1.9668299999999999,1.9668700000000001,84,174,0
2026-08-19T21:20:00Z,1787174400,1.96686,1.96705,1.9668299999999999,1.9668700000000001,96,182,0
2026-08-19T21:25:00Z,1787174700,1.96688,1.9670299999999998,1.9668,1.96682,84,204,0
2026-08-19T21:30:00Z,1787175000,1.96685,1.9671699999999999,1.96684,1.9670800000000002,55,171,0
2026-08-19T21:35:00Z,1787175300,1.96709,1.96725,1.96706,1.96725,51,146,0
2026-08-19T21:40:00Z,1787175600,1.9672399999999999,1.96725,1.96711,1.96718,72,143,0
2026-08-19T21:45:00Z,1787175900,1.96719,1.96726,1.96711,1.96726,73,146,0
2026-08-19T21:50:00Z,1787176200,1.96725,1.9672800000000001,1.96684,1.96711,111,143,0
2026-08-19T21:55:00Z,1787176500,1.96712,1.96733,1.9664700000000002,1.96716,110,123,0
2026-08-19T22:00:00Z,1787176800,1.9670800000000002,1.96791,1.96691,1.96763,104,54,0
2026-08-19T22:05:00Z,1787177100,1.9676399999999998,1.9678200000000001,1.96761,1.96772,34,54,0
2026-08-19T22:10:00Z,1787177400,1.96772,1.96772,1.96692,1.9669699999999999,80,54,0
2026-08-19T22:15:00Z,1787177700,1.96715,1.96715,1.96681,1.96692,45,54,0
2026-08-19T22:20:00Z,1787178000,1.96692,1.9669699999999999,1.96686,1.96688,40,54,0
2026-08-19T22:25:00Z,1787178300,1.9668700000000001,1.96705,1.9668700000000001,1.96698,30,54,0
2026-08-19T22:30:00Z,1787178600,1.96698,1.96704,1.96672,1.96678,41,54,0
2026-08-19T22:35:00Z,1787178900,1.96678,1.96689,1.96677,1.96685,44,54,0
2026-08-19T22:40:00Z,1787179200,1.96685,1.96685,1.9664199999999998,1.9665300000000001,40,54,0
2026-08-19T22:45:00Z,1787179500,1.9665300000000001,1.9665300000000001,1.9664000000000001,1.9664000000000001,29,54,0
2026-08-19T22:50:00Z,1787179800,1.96641,1.96654,1.9662899999999999,1.96652,57,54,0
2026-08-19T22:55:00Z,1787180100,1.96652,1.96681,1.96652,1.96675,58,54,0
2026-08-19T23:00:00Z,1787180400,1.9668700000000001,1.9669400000000001,1.96646,1.96646,115,22,0
2026-08-19T23:05:00Z,1787180700,1.9665300000000001,1.9668999999999999,1.96645,1.96689,101,22,0
2026-08-19T23:10:00Z,1787181000,1.96689,1.96689,1.96662,1.96668,66,22,0
2026-08-19T23:15:00Z,1787181300,1.96668,1.96696,1.9666000000000001,1.9668,74,22,0
2026-08-19T23:20:00Z,1787181600,1.9668,1.96685,1.96624,1.96632,91,22,0
2026-08-19T23:25:00Z,1787181900,1.96631,1.96631,1.96567,1.96567,80,22,0
2026-08-19T23:30:00Z,1787182200,1.9656500000000001,1.9657900000000001,1.96544,1.96571,90,22,0
2026-08-19T23:35:00Z,1787182500,1.96574,1.96618,1.96574,1.96611,81,22,0
2026-08-19T23:40:00Z,1787182800,1.96611,1.96639,1.96603,1.96635,59,22,0
2026-08-19T23:45:00Z,1787183100,1.96635,1.96669,1.96624,1.9662899999999999,71,22,0
2026-08-19T23:50:00Z,1787183400,1.9662899999999999,1.96652,1.9661300000000002,1.9663300000000001,56,22,0
2026-08-19T23:55:00Z,1787183700,1.96635,1.9669699999999999,1.9662899999999999,1.9668299999999999,121,22,0
2026-08-20T00:00:00Z,1787184000,1.9668299999999999,1.96719,1.96635,1.9665,211,22,0
2026-08-20T00:05:00Z,1787184300,1.96654,1.96713,1.96634,1.96682,165,22,0
2026-08-20T00:10:00Z,1787184600,1.96685,1.9668700000000001,1.96637,1.96639,112,22,0
2026-08-20T00:15:00Z,1787184900,1.96638,1.96644,1.9661300000000002,1.96638,158,22,0
2026-08-20T00:20:00Z,1787185200,1.96639,1.96661,1.96631,1.96631,146,22,0
2026-08-20T00:25:00Z,1787185500,1.96631,1.96648,1.9658600000000002,1.96597,140,22,0
2026-08-20T00:30:00Z,1787185800,1.96597,1.96597,1.96563,1.96563,120,22,0
2026-08-20T00:35:00Z,1787186100,1.96563,1.96616,1.96549,1.96609,124,22,0
2026-08-20T00:40:00Z,1787186400,1.96608,1.9664199999999998,1.96605,1.96635,124,22,0
2026-08-20T00:45:00Z,1787186700,1.96637,1.9664199999999998,1.9659900000000001,1.9662600000000001,141,22,0
2026-08-20T00:50:00Z,1787187000,1.9662600000000001,1.9667,1.96611,1.96664,162,22,0
2026-08-20T00:55:00Z,1787187300,1.96664,1.9670100000000001,1.96654,1.9666700000000001,171,22,0
2026-08-20T01:00:00Z,1787187600,1.9666700000000001,1.96671,1.96632,1.96637,202,22,0
2026-08-20T01:05:00Z,1787187900,1.96638,1.9668999999999999,1.9662899999999999,1.96639,186,22,0
2026-08-20T01:10:00Z,1787188200,1.96643,1.9666700000000001,1.96631,1.96635,139,22,0
2026-08-20T01:15:00Z,1787188500,1.96634,1.96645,1.96523,1.96559,223,22,0
2026-08-20T01:20:00Z,1787188800,1.96555,1.96607,1.9655,1.96566,184,22,0
2026-08-20T01:25:00Z,1787189100,1.9657,1.9662199999999999,1.9651399999999999,1.96526,141,22,0
2026-08-20T01:30:00Z,1787189400,1.9653,1.96833,1.96454,1.9656099999999999,493,22,0
2026-08-20T01:35:00Z,1787189700,1.96557,1.96609,1.9650699999999999,1.96609,328,22,0
2026-08-20T01:40:00Z,1787190000,1.96608,1.96609,1.96526,1.96549,182,22,0
2026-08-20T01:45:00Z,1787190300,1.96546,1.96546,1.96452,1.96455,226,22,0
2026-08-20T01:50:00Z,1787190600,1.96454,1.96497,1.9637799999999999,1.96391,206,22,0
2026-08-20T01:55:00Z,1787190900,1.96394,1.96395,1.9630800000000002,1.96354,194,22,0
2026-08-20T02:00:00Z,1787191200,1.9635799999999999,1.96381,1.96325,1.96353,233,22,0
2026-08-20T02:05:00Z,1787191500,1.96354,1.96372,1.96278,1.9628,201,22,0
2026-08-20T02:10:00Z,1787191800,1.9628,1.96299,1.9624700000000002,1.96279,163,22,0
2026-08-20T02:15:00Z,1787192100,1.96279,1.96356,1.96275,1.9635,181,22,0
2026-08-20T02:20:00Z,1787192400,1.96353,1.96367,1.96319,1.9633,168,22,0
2026-08-20T02:25:00Z,1787192700,1.96333,1.9638200000000001,1.96303,1.9632399999999999,129,22,0
2026-08-20T02:30:00Z,1787193000,1.9632100000000001,1.9633099999999999,1.96295,1.963,156,22,0
2026-08-20T02:35:00Z,1787193300,1.9630100000000001,1.96333,1.96288,1.96291,106,22,0
2026-08-20T02:40:00Z,1787193600,1.96291,1.96299,1.96272,1.96285,112,22,0
2026-08-20T02:45:00Z,1787193900,1.96284,1.96315,1.96259,1.96312,94,22,0
2026-08-20T02:50:00Z,1787194200,1.96312,1.96314,1.9623300000000001,1.9623300000000001,111,22,0
2026-08-20T02:55:00Z,1787194500,1.9623300000000001,1.96258,1.96228,1.9623599999999999,119,22,0
2026-08-20T03:00:00Z,1787194800,1.9623599999999999,1.9627400000000002,1.9622600000000001,1.96232,110,22,0
2026-08-20T03:05:00Z,1787195100,1.96232,1.96237,1.96157,1.96211,126,22,0
2026-08-20T03:10:00Z,1787195400,1.96211,1.96219,1.96149,1.96174,156,22,0
2026-08-20T03:15:00Z,1787195700,1.9617,1.96243,1.96159,1.96243,141,22,0
2026-08-20T03:20:00Z,1787196000,1.9624000000000001,1.9624700000000002,1.96184,1.9619,123,22,0
2026-08-20T03:25:00Z,1787196300,1.9619,1.96205,1.96167,1.9617900000000001,111,22,0
2026-08-20T03:30:00Z,1787196600,1.9617900000000001,1.9622000000000002,1.96174,1.96219,112,22,0
2026-08-20T03:35:00Z,1787196900,1.96219,1.96246,1.96214,1.96237,102,22,0
2026-08-20T03:40:00Z,1787197200,1.96237,1.96241,1.96197,1.9621300000000002,100,22,0
2026-08-20T03:45:00Z,1787197500,1.9621300000000002,1.96223,1.96149,1.96153,99,22,0
2026-08-20T03:50:00Z,1787197800,1.96153,1.9620199999999999,1.96153,1.962,98,22,0
2026-08-20T03:55:00Z,1787198100,1.962,1.96219,1.96192,1.96201,89,22,0
2026-08-20T04:00:00Z,1787198400,1.96201,1.96221,1.9617200000000001,1.96189,102,22,0
2026-08-20T04:05:00Z,1787198700,1.96189,1.96204,1.96074,1.9607999999999999,135,22,0
2026-08-20T04:10:00Z,1787199000,1.96079,1.96112,1.9605000000000001,1.96074,126,22,0
2026-08-20T04:15:00Z,1787199300,1.96071,1.9611100000000001,1.96067,1.96103,129,22,0
2026-08-20T04:20:00Z,1787199600,1.96103,1.9611800000000001,1.9606400000000002,1.96112,104,22,0
2026-08-20T04:25:00Z,1787199900,1.96112,1.96113,1.9604300000000001,1.9604300000000001,102,22,0
2026-08-20T04:30:00Z,1787200200,1.9604,1.9607700000000001,1.96024,1.96075,126,22,0
2026-08-20T04:35:00Z,1787200500,1.96075,1.96106,1.9607299999999999,1.96096,94,22,0
2026-08-20T04:40:00Z,1787200800,1.96096,1.96117,1.96089,1.96113,90,22,0
2026-08-20T04:45:00Z,1787201100,1.96113,1.96146,1.9611,1.96143,104,22,0
2026-08-20T04:50:00Z,1787201400,1.96143,1.96158,1.96136,1.96151,93,22,0
2026-08-20T04:55:00Z,1787201700,1.96149,1.96162,1.96136,1.96142,116,22,0
2026-08-20T05:00:00Z,1787202000,1.9614099999999999,1.96155,1.96094,1.96116,106,22,0
2026-08-20T05:05:00Z,1787202300,1.96115,1.9612500000000002,1.96098,1.9610400000000001,86,22,0
2026-08-20T05:10:00Z,1787202600,1.96102,1.96136,1.96099,1.96136,108,22,0
2026-08-20T05:15:00Z,1787202900,1.96136,1.96143,1.96072,1.96086,108,22,0
2026-08-20T05:20:00Z,1787203200,1.96086,1.96123,1.9607999999999999,1.9607999999999999,97,22,0
2026-08-20T05:25:00Z,1787203500,1.96079,1.96095,1.96069,1.96094,104,22,0
2026-08-20T05:30:00Z,1787203800,1.96094,1.96121,1.9605000000000001,1.96121,133,22,0
2026-08-20T05:35:00Z,1787204100,1.96122,1.96151,1.96101,1.96135,129,22,0
2026-08-20T05:40:00Z,1787204400,1.9613399999999999,1.96146,1.9611800000000001,1.96122,105,22,0
2026-08-20T05:45:00Z,1787204700,1.96122,1.9612500000000002,1.96079,1.96094,89,22,0
2026-08-20T05:50:00Z,1787205000,1.96096,1.9613800000000001,1.96095,1.96131,99,22,0
2026-08-20T05:55:00Z,1787205300,1.96131,1.9615399999999998,1.9610699999999999,1.96151,148,22,0
2026-08-20T06:00:00Z,1787205600,1.96153,1.96163,1.96113,1.96115,169,22,0
2026-08-20T06:05:00Z,1787205900,1.96116,1.96117,1.9607999999999999,1.9609299999999998,125,22,0
2026-08-20T06:10:00Z,1787206200,1.9609299999999998,1.9612,1.96081,1.9610400000000001,165,22,0
2026-08-20T06:15:00Z,1787206500,1.9610699999999999,1.96135,1.96105,1.96126,146,22,0
2026-08-20T06:20:00Z,1787206800,1.96129,1.96167,1.96129,1.96156,153,22,0
2026-08-20T06:25:00Z,1787207100,1.96159,1.96198,1.96159,1.96198,168,22,0
2026-08-20T06:30:00Z,1787207400,1.96197,1.96224,1.9617200000000001,1.9619499999999999,171,22,0
2026-08-20T06:35:00Z,1787207700,1.96197,1.96277,1.96184,1.9627599999999998,124,22,0
2026-08-20T06:40:00Z,1787208000,1.96275,1.96312,1.96275,1.96309,93,22,0
2026-08-20T06:45:00Z,1787208300,1.9630800000000002,1.96311,1.96235,1.96258,203,22,0
2026-08-20T06:50:00Z,1787208600,1.96259,1.96295,1.96257,1.96291,157,22,0
2026-08-20T06:55:00Z,1787208900,1.96291,1.96307,1.9624000000000001,1.9628,175,22,0
2026-08-20T07:00:00Z,1787209200,1.9628,1.9636200000000001,1.9626299999999999,1.9634399999999999,198,22,0
2026-08-20T07:05:00Z,1787209500,1.96347,1.96349,1.96298,1.9630100000000001,192,22,0
2026-08-20T07:10:00Z,1787209800,1.9630100000000001,1.9633699999999998,1.9627400000000002,1.96319,184,22,0
2026-08-20T07:15:00Z,1787210100,1.9632,1.96334,1.96237,1.96237,164,22,0
2026-08-20T07:20:00Z,1787210400,1.96237,1.96289,1.96237,1.9628,151,22,0
2026-08-20T07:25:00Z,1787210700,1.9628299999999999,1.9628999999999999,1.9623300000000001,1.96246,179,22,0
2026-08-20T07:30:00Z,1787211000,1.9625,1.9635799999999999,1.9625,1.96347,208,22,0
2026-08-20T07:35:00Z,1787211300,1.96346,1.96363,1.9632,1.9635,178,22,0
2026-08-20T07:40:00Z,1787211600,1.9635,1.96352,1.9629400000000001,1.9635,221,22,0
2026-08-20T07:45:00Z,1787211900,1.96349,1.9638,1.96332,1.96379,188,22,0
2026-08-20T07:50:00Z,1787212200,1.96379,1.96379,1.96309,1.96353,194,22,0
2026-08-20T07:55:00Z,1787212500,1.96354,1.96361,1.96293,1.9632800000000001,234,22,0
2026-08-20T08:00:00Z,1787212800,1.96325,1.96347,1.96293,1.96323,225,22,0
2026-08-20T08:05:00Z,1787213100,1.9632399999999999,1.9641199999999999,1.96313,1.9639600000000002,189,22,0
2026-08-20T08:10:00Z,1787213400,1.96394,1.9641899999999999,1.9637799999999999,1.96381,160,22,0
2026-08-20T08:15:00Z,1787213700,1.96381,1.9640300000000002,1.96354,1.96388,180,22,0
2026-08-20T08:20:00Z,1787214000,1.9639,1.96404,1.96338,1.96354,146,22,0
2026-08-20T08:25:00Z,1787214300,1.96354,1.96394,1.9632800000000001,1.9638900000000001,163,22,0
2026-08-20T08:30:00Z,1787214600,1.9639,1.96431,1.96386,1.96427,182,22,0
2026-08-20T08:35:00Z,1787214900,1.96429,1.9643199999999998,1.96391,1.96424,147,22,0
2026-08-20T08:40:00Z,1787215200,1.9642300000000001,1.96516,1.9641899999999999,1.9651399999999999,150,22,0
2026-08-20T08:45:00Z,1787215500,1.9651399999999999,1.96523,1.96465,1.96487,138,22,0
2026-08-20T08:50:00Z,1787215800,1.96488,1.96506,1.96465,1.96488,139,22,0
2026-08-20T08:55:00Z,1787216100,1.9649,1.96499,1.96458,1.96469,142,22,0
2026-08-20T09:00:00Z,1787216400,1.96469,1.96502,1.96467,1.96474,127,22,0
2026-08-20T09:05:00Z,1787216700,1.96474,1.96485,1.9645299999999999,1.96469,119,22,0
2026-08-20T09:10:00Z,1787217000,1.9647000000000001,1.9647000000000001,1.96406,1.96406,191,22,0
2026-08-20T09:15:00Z,1787217300,1.96407,1.9640900000000001,1.96349,1.96353,182,22,0
2026-08-20T09:20:00Z,1787217600,1.9635,1.96379,1.9632100000000001,1.96376,191,22,0
2026-08-20T09:25:00Z,1787217900,1.96372,1.9639799999999998,1.9635099999999999,1.9638200000000001,153,22,0
2026-08-20T09:30:00Z,1787218200,1.96384,1.96411,1.96373,1.96388,133,22,0
2026-08-20T09:35:00Z,1787218500,1.9639,1.9645700000000001,1.9639,1.96444,170,22,0
2026-08-20T09:40:00Z,1787218800,1.96444,1.96458,1.96434,1.96458,142,22,0
2026-08-20T09:45:00Z,1787219100,1.9645899999999998,1.96472,1.96431,1.96431,129,22,0
2026-08-20T09:50:00Z,1787219400,1.96431,1.96467,1.9640499999999999,1.96447,154,22,0
2026-08-20T09:55:00Z,1787219700,1.96448,1.9645700000000001,1.96407,1.9643000000000002,160,22,0
2026-08-20T10:00:00Z,1787220000,1.9643000000000002,1.96455,1.9641,1.96425,149,22,0
2026-08-20T10:05:00Z,1787220300,1.96425,1.96425,1.96365,1.9636900000000002,123,22,0
2026-08-20T10:10:00Z,1787220600,1.9637,1.96376,1.96332,1.96366,167,22,0
2026-08-20T10:15:00Z,1787220900,1.96363,1.96386,1.96354,1.96383,135,22,0
2026-08-20T10:20:00Z,1787221200,1.96383,1.96414,1.96364,1.96413,157,22,0
2026-08-20T10:25:00Z,1787221500,1.96411,1.96411,1.9633699999999998,1.96345,159,22,0
2026-08-20T10:30:00Z,1787221800,1.96345,1.96395,1.9633699999999998,1.96343,142,22,0
2026-08-20T10:35:00Z,1787222100,1.96343,1.96352,1.96311,1.96315,156,22,0
2026-08-20T10:40:00Z,1787222400,1.96318,1.96354,1.96316,1.96352,140,22,0
2026-08-20T10:45:00Z,1787222700,1.96349,1.9638,1.9634,1.9638,151,22,0
2026-08-20T10:50:00Z,1787223000,1.96384,1.9640499999999999,1.96347,1.96352,162,22,0
2026-08-20T10:55:00Z,1787223300,1.96352,1.9641899999999999,1.9635099999999999,1.96395,184,22,0
2026-08-20T11:00:00Z,1787223600,1.9639199999999999,1.9639199999999999,1.96338,1.96379,192,22,0
2026-08-20T11:05:00Z,1787223900,1.9638,1.96468,1.9637799999999999,1.9645899999999998,191,22,0
2026-08-20T11:10:00Z,1787224200,1.9645700000000001,1.96482,1.96436,1.96456,168,22,0
2026-08-20T11:15:00Z,1787224500,1.96454,1.96472,1.96428,1.9644,128,22,0
2026-08-20T11:20:00Z,1787224800,1.9643899999999999,1.96442,1.96413,1.96426,149,22,0
2026-08-20T11:25:00Z,1787225100,1.96429,1.96469,1.96414,1.96468,163,22,0
2026-08-20T11:30:00Z,1787225400,1.96468,1.96471,1.96428,1.9644300000000001,152,22,0
2026-08-20T11:35:00Z,1787225700,1.96442,1.9644300000000001,1.9640300000000002,1.9641,154,22,0
2026-08-20T11:40:00Z,1787226000,1.96411,1.96442,1.96395,1.96438,175,22,0
2026-08-20T11:45:00Z,1787226300,1.96437,1.96471,1.96414,1.96471,272,22,0
2026-08-20T11:50:00Z,1787226600,1.96471,1.96499,1.9644,1.96482,221,22,0
2026-08-20T11:55:00Z,1787226900,1.96479,1.96503,1.96424,1.96496,226,22,0
2026-08-20T12:00:00Z,1787227200,1.9649299999999998,1.96509,1.96468,1.96497,231,22,0
2026-08-20T12:05:00Z,1787227500,1.96495,1.96584,1.96495,1.96556,273,22,0
2026-08-20T12:10:00Z,1787227800,1.96553,1.96553,1.96452,1.96465,230,22,0
2026-08-20T12:15:00Z,1787228100,1.9646400000000002,1.96519,1.9644300000000001,1.96509,203,22,0
2026-08-20T12:20:00Z,1787228400,1.96513,1.9652500000000002,1.96447,1.96465,205,22,0
2026-08-20T12:25:00Z,1787228700,1.96469,1.96471,1.9640900000000001,1.96437,148,22,0
2026-08-20T12:30:00Z,1787229000,1.96429,1.96474,1.96404,1.96437,226,22,0
2026-08-20T12:35:00Z,1787229300,1.96438,1.96467,1.964,1.9642,198,22,0
2026-08-20T12:40:00Z,1787229600,1.9641899999999999,1.9642,1.9635799999999999,1.96372,202,22,0
2026-08-20T12:45:00Z,1787229900,1.96373,1.96393,1.96345,1.9635099999999999,177,22,0
2026-08-20T12:50:00Z,1787230200,1.9635099999999999,1.96364,1.96333,1.96357,172,22,0
2026-08-20T12:55:00Z,1787230500,1.96357,1.9638499999999999,1.96323,1.96323,196,22,0
2026-08-20T13:00:00Z,1787230800,1.96319,1.96319,1.96209,1.96216,265,22,0
2026-08-20T13:05:00Z,1787231100,1.9621300000000002,1.96284,1.9619499999999999,1.9628100000000002,206,22,0
2026-08-20T13:10:00Z,1787231400,1.9628299999999999,1.9628299999999999,1.96244,1.96258,196,22,0
2026-08-20T13:15:00Z,1787231700,1.96257,1.9626299999999999,1.96189,1.9619499999999999,190,22,0
2026-08-20T13:20:00Z,1787232000,1.96197,1.96221,1.96169,1.96183,190,22,0
2026-08-20T13:25:00Z,1787232300,1.96184,1.9618799999999998,1.9616099999999999,1.96166,188,22,0
2026-08-20T13:30:00Z,1787232600,1.96162,1.96182,1.96133,1.96166,274,22,0
2026-08-20T13:35:00Z,1787232900,1.96167,1.96211,1.96129,1.96162,264,22,0
2026-08-20T13:40:00Z,1787233200,1.96166,1.96198,1.96131,1.96146,223,22,0
2026-08-20T13:45:00Z,1787233500,1.96149,1.96209,1.9614500000000001,1.96201,243,22,0
2026-08-20T13:50:00Z,1787233800,1.962,1.96232,1.9615399999999998,1.96156,233,22,0
2026-08-20T13:55:00Z,1787234100,1.96157,1.96204,1.96123,1.9615,220,22,0
2026-08-20T14:00:00Z,1787234400,1.96146,1.96239,1.96115,1.96239,268,22,0
2026-08-20T14:05:00Z,1787234700,1.96235,1.9626299999999999,1.96192,1.9619900000000001,233,22,0
2026-08-20T14:10:00Z,1787235000,1.96197,1.9619900000000001,1.9614500000000001,1.96181,216,22,0
2026-08-20T14:15:00Z,1787235300,1.96181,1.96246,1.96177,1.96219,249,22,0
2026-08-20T14:20:00Z,1787235600,1.96219,1.96234,1.96178,1.9623300000000001,238,22,0
2026-08-20T14:25:00Z,1787235900,1.9623300000000001,1.9625,1.96198,1.9621499999999998,224,22,0
2026-08-20T14:30:00Z,1787236200,1.9621300000000002,1.96252,1.962,1.9624000000000001,211,22,0
2026-08-20T14:35:00Z,1787236500,1.96237,1.9626000000000001,1.9617200000000001,1.96204,236,22,0
2026-08-20T14:40:00Z,1787236800,1.96205,1.9621499999999998,1.9614099999999999,1.9619,219,22,0
2026-08-20T14:45:00Z,1787237100,1.96192,1.9622600000000001,1.96169,1.9620199999999999,249,22,0
2026-08-20T14:50:00Z,1787237400,1.96205,1.96275,1.96205,1.96265,204,22,0
2026-08-20T14:55:00Z,1787237700,1.96266,1.96339,1.96241,1.96326,290,22,0
2026-08-20T15:00:00Z,1787238000,1.96326,1.96326,1.96162,1.96192,428,22,0
2026-08-20T15:05:00Z,1787238300,1.96189,1.96302,1.9618600000000002,1.9627599999999998,337,22,0
2026-08-20T15:10:00Z,1787238600,1.9628,1.9633500000000002,1.9627,1.96295,265,22,0
2026-08-20T15:15:00Z,1787238900,1.96293,1.96306,1.9627400000000002,1.96284,238,22,0
2026-08-20T15:20:00Z,1787239200,1.9628299999999999,1.96322,1.9627400000000002,1.96299,281,22,0
2026-08-20T15:25:00Z,1787239500,1.96298,1.96315,1.96242,1.96257,222,22,0
2026-08-20T15:30:00Z,1787239800,1.96255,1.96318,1.96244,1.96304,255,22,0
2026-08-20T15:35:00Z,1787240100,1.96304,1.96347,1.96302,1.96345,233,22,0
2026-08-20T15:40:00Z,1787240400,1.96345,1.9649,1.96341,1.96474,252,22,0
2026-08-20T15:45:00Z,1787240700,1.9647299999999999,1.96485,1.96436,1.96447,252,22,0
2026-08-20T15:50:00Z,1787241000,1.96452,1.96458,1.96393,1.96402,191,22,0
2026-08-20T15:55:00Z,1787241300,1.96404,1.96406,1.96359,1.9636200000000001,178,22,0
2026-08-20T16:00:00Z,1787241600,1.96361,1.96391,1.9634800000000001,1.96391,169,22,0
2026-08-20T16:05:00Z,1787241900,1.96391,1.96417,1.9638499999999999,1.96407,152,22,0
2026-08-20T16:10:00Z,1787242200,1.9640499999999999,1.96436,1.9639600000000002,1.96422,138,22,0
2026-08-20T16:15:00Z,1787242500,1.9642300000000001,1.96431,1.9640900000000001,1.9640900000000001,144,22,0
2026-08-20T16:20:00Z,1787242800,1.9640900000000001,1.96421,1.9638900000000001,1.96401,136,22,0
2026-08-20T16:25:00Z,1787243100,1.96402,1.96469,1.96402,1.9644300000000001,209,22,0
2026-08-20T16:30:00Z,1787243400,1.96441,1.9645899999999998,1.96411,1.96414,168,22,0
2026-08-20T16:35:00Z,1787243700,1.96414,1.9642300000000001,1.96365,1.9638200000000001,151,22,0
2026-08-20T16:40:00Z,1787244000,1.9638200000000001,1.96394,1.96367,1.96381,151,22,0
2026-08-20T16:45:00Z,1787244300,1.96381,1.9644,1.96377,1.96426,152,22,0
2026-08-20T16:50:00Z,1787244600,1.96424,1.9646599999999999,1.9642,1.96455,107,22,0
2026-08-20T16:55:00Z,1787244900,1.96455,1.96474,1.96441,1.96449,151,22,0
2026-08-20T17:00:00Z,1787245200,1.96449,1.96476,1.96429,1.96461,149,22,0
2026-08-20T17:05:00Z,1787245500,1.9646400000000002,1.96495,1.9645899999999998,1.96494,115,22,0
2026-08-20T17:10:00Z,1787245800,1.96495,1.96495,1.9646400000000002,1.96465,85,22,0
2026-08-20T17:15:00Z,1787246100,1.96465,1.96474,1.96455,1.96465,113,22,0
2026-08-20T17:20:00Z,1787246400,1.9646400000000002,1.9646599999999999,1.96438,1.96458,115,22,0
2026-08-20T17:25:00Z,1787246700,1.96458,1.96471,1.96455,1.96468,147,22,0
2026-08-20T17:30:00Z,1787247000,1.96469,1.96475,1.9644599999999999,1.96463,117,22,0
2026-08-20T17:35:00Z,1787247300,1.96461,1.96496,1.96461,1.96495,142,22,0
2026-08-20T17:40:00Z,1787247600,1.96492,1.96492,1.96469,1.96469,116,22,0
2026-08-20T17:45:00Z,1787247900,1.96469,1.96475,1.96441,1.96452,124,22,0
2026-08-20T17:50:00Z,1787248200,1.96454,1.96454,1.9643199999999998,1.96445,104,22,0
2026-08-20T17:55:00Z,1787248500,1.96444,1.9647000000000001,1.9643899999999999,1.9647000000000001,139,22,0
2026-08-20T18:00:00Z,1787248800,1.96469,1.9649299999999998,1.9646400000000002,1.96486,112,22,0
2026-08-20T18:05:00Z,1787249100,1.96487,1.96522,1.96471,1.96521,144,22,0
2026-08-20T18:10:00Z,1787249400,1.96521,1.96558,1.96521,1.96547,166,22,0
2026-08-20T18:15:00Z,1787249700,1.96548,1.96576,1.96539,1.96539,146,22,0
2026-08-20T18:20:00Z,1787250000,1.96544,1.9656,1.9653100000000001,1.9656,140,22,0
2026-08-20T18:25:00Z,1787250300,1.96559,1.96569,1.96551,1.96559,162,22,0
2026-08-20T18:30:00Z,1787250600,1.96559,1.96559,1.9653399999999999,1.96546,124,22,0
2026-08-20T18:35:00Z,1787250900,1.96546,1.96549,1.96515,1.96526,121,22,0
2026-08-20T18:40:00Z,1787251200,1.96528,1.96558,1.96515,1.96557,101,22,0
2026-08-20T18:45:00Z,1787251500,1.96557,1.96563,1.9654500000000001,1.96559,79,22,0
2026-08-20T18:50:00Z,1787251800,1.9656099999999999,1.9656099999999999,1.96521,1.96529,96,22,0
2026-08-20T18:55:00Z,1787252100,1.96529,1.9654,1.9651399999999999,1.96521,172,22,0
2026-08-20T19:00:00Z,1787252400,1.96523,1.9653399999999999,1.96498,1.96501,126,22,0
2026-08-20T19:05:00Z,1787252700,1.9649999999999999,1.9651100000000001,1.9649299999999998,1.96506,98,22,0
2026-08-20T19:10:00Z,1787253000,1.96506,1.96521,1.9650400000000001,1.96508,95,22,0
2026-08-20T19:15:00Z,1787253300,1.96508,1.96517,1.9649299999999998,1.96517,98,22,0
2026-08-20T19:20:00Z,1787253600,1.96517,1.96526,1.96502,1.9650699999999999,124,22,0
2026-08-20T19:25:00Z,1787253900,1.9650699999999999,1.96519,1.96501,1.9651100000000001,128,22,0
2026-08-20T19:30:00Z,1787254200,1.9651,1.96524,1.96501,1.96519,130,22,0
2026-08-20T19:35:00Z,1787254500,1.9651800000000001,1.9653100000000001,1.9649299999999998,1.96496,107,22,0
2026-08-20T19:40:00Z,1787254800,1.96495,1.96505,1.9649,1.9650400000000001,111,22,0
2026-08-20T19:45:00Z,1787255100,1.96502,1.96505,1.96485,1.96486,121,22,0
2026-08-20T19:50:00Z,1787255400,1.96489,1.96496,1.96476,1.96478,111,22,0
2026-08-20T19:55:00Z,1787255700,1.9647999999999999,1.9651999999999998,1.9647999999999999,1.96515,145,22,0
2026-08-20T20:00:00Z,1787256000,1.9651100000000001,1.96521,1.96497,1.9651800000000001,83,22,0
2026-08-20T20:05:00Z,1787256300,1.9651800000000001,1.96521,1.96492,1.96496,117,22,0
2026-08-20T20:10:00Z,1787256600,1.96497,1.9650400000000001,1.96481,1.96499,91,22,0
2026-08-20T20:15:00Z,1787256900,1.96498,1.96509,1.96495,1.96496,86,22,0
2026-08-20T20:20:00Z,1787257200,1.96496,1.96502,1.96489,1.9649999999999999,74,22,0
2026-08-20T20:25:00Z,1787257500,1.9649999999999999,1.9651999999999998,1.96498,1.96512,107,22,0
2026-08-20T20:30:00Z,1787257800,1.96512,1.96516,1.9650699999999999,1.96509,53,22,0
2026-08-20T20:35:00Z,1787258100,1.96509,1.96512,1.96501,1.96502,65,22,0
2026-08-20T20:40:00Z,1787258400,1.96502,1.96502,1.9649,1.96496,38,22,0
2026-08-20T20:45:00Z,1787258700,1.96496,1.9650400000000001,1.96471,1.9647299999999999,67,22,0
2026-08-20T20:50:00Z,1787259000,1.96474,1.9648400000000001,1.96463,1.96475,99,22,0
2026-08-20T20:55:00Z,1787259300,1.96471,1.96487,1.96467,1.9647700000000001,95,22,0
2026-08-20T21:00:00Z,1787259600,1.9647999999999999,1.9647999999999999,1.9647999999999999,1.9647999999999999,1,25,0
2026-08-20T21:05:00Z,1787259900,1.96481,1.96483,1.96383,1.96395,109,20,0
2026-08-20T21:10:00Z,1787260200,1.9639199999999999,1.96413,1.9629400000000001,1.9641199999999999,116,171,0
2026-08-20T21:15:00Z,1787260500,1.96408,1.96411,1.96387,1.9639600000000002,84,174,0
2026-08-20T21:20:00Z,1787260800,1.96393,1.9641600000000001,1.9638499999999999,1.96391,94,185,0
2026-08-20T21:25:00Z,1787261100,1.96388,1.9642300000000001,1.96386,1.9642300000000001,55,157,0
2026-08-20T21:30:00Z,1787261400,1.96424,1.9643899999999999,1.96417,1.96425,102,129,0
2026-08-20T21:35:00Z,1787261700,1.96424,1.96436,1.9642300000000001,1.9643199999999998,84,140,0
2026-08-20T21:40:00Z,1787262000,1.96431,1.96433,1.9642300000000001,1.96427,91,146,0
2026-08-20T21:45:00Z,1787262300,1.96426,1.96428,1.9640499999999999,1.9641,99,168,0
2026-08-20T21:50:00Z,1787262600,1.9640900000000001,1.96413,1.96402,1.9640499999999999,83,221,0
2026-08-20T21:55:00Z,1787262900,1.96407,1.96445,1.96407,1.96445,42,118,0
2026-08-20T22:00:00Z,1787263200,1.96463,1.96483,1.9641600000000001,1.96474,74,51,0
2026-08-20T22:05:00Z,1787263500,1.96474,1.96475,1.96463,1.9647000000000001,25,54,0
2026-08-20T22:10:00Z,1787263800,1.9647000000000001,1.96495,1.96467,1.96487,44,54,0
2026-08-20T22:15:00Z,1787264100,1.96487,1.9649299999999998,1.96479,1.96479,38,54,0
2026-08-20T22:20:00Z,1787264400,1.96478,1.9647999999999999,1.96474,1.96474,18,54,0
2026-08-20T22:25:00Z,1787264700,1.96474,1.96497,1.96471,1.96489,42,54,0
2026-08-20T22:30:00Z,1787265000,1.96489,1.96489,1.96455,1.96462,48,54,0
2026-08-20T22:35:00Z,1787265300,1.96462,1.9647299999999999,1.96461,1.9647299999999999,16,54,0
2026-08-20T22:40:00Z,1787265600,1.9647299999999999,1.96479,1.9647299999999999,1.96476,19,54,0
2026-08-20T22:45:00Z,1787265900,1.96476,1.96478,1.96463,1.96471,32,54,0
2026-08-20T22:50:00Z,1787266200,1.96471,1.96474,1.96451,1.96451,29,54,0
2026-08-20T22:55:00Z,1787266500,1.96451,1.96451,1.96438,1.96438,19,54,0
2026-08-20T23:00:00Z,1787266800,1.9645299999999999,1.9645299999999999,1.9641600000000001,1.96436,77,22,0
2026-08-20T23:05:00Z,1787267100,1.96436,1.96452,1.96433,1.96447,52,22,0
2026-08-20T23:10:00Z,1787267400,1.96447,1.9647000000000001,1.96429,1.9646599999999999,68,22,0
2026-08-20T23:15:00Z,1787267700,1.9646599999999999,1.9647299999999999,1.96463,1.96471,55,22,0
2026-08-20T23:20:00Z,1787268000,1.96472,1.96474,1.96434,1.96436,40,22,0
2026-08-20T23:25:00Z,1787268300,1.96435,1.9644599999999999,1.96408,1.96418,55,22,0
2026-08-20T23:30:00Z,1787268600,1.96418,1.96421,1.96386,1.96391,69,22,0
2026-08-20T23:35:00Z,1787268900,1.96391,1.96407,1.9638900000000001,1.96404,68,22,0
2026-08-20T23:40:00Z,1787269200,1.9640300000000002,1.9641199999999999,1.9638499999999999,1.9639,53,22,0
2026-08-20T23:45:00Z,1787269500,1.9639,1.96391,1.96374,1.9638,60,22,0
2026-08-20T23:50:00Z,1787269800,1.9638,1.9638200000000001,1.96336,1.96357,87,22,0
2026-08-20T23:55:00Z,1787270100,1.9635799999999999,1.96366,1.96285,1.96318,97,22,0
2026-08-21T00:00:00Z,1787270400,1.9632,1.96327,1.9626000000000001,1.96327,167,22,0
2026-08-21T00:05:00Z,1787270700,1.9632800000000001,1.9634,1.96238,1.96238,160,22,0
2026-08-21T00:10:00Z,1787271000,1.96241,1.96252,1.96201,1.9624000000000001,142,22,0
2026-08-21T00:15:00Z,1787271300,1.96243,1.9625599999999999,1.96183,1.96184,147,22,0
2026-08-21T00:20:00Z,1787271600,1.96183,1.9618799999999998,1.96164,1.9618600000000002,94,22,0
2026-08-21T00:25:00Z,1787271900,1.9619,1.96219,1.96167,1.96194,125,22,0
2026-08-21T00:30:00Z,1787272200,1.9619499999999999,1.9622000000000002,1.96147,1.96163,145,22,0
2026-08-21T00:35:00Z,1787272500,1.9616099999999999,1.96163,1.96123,1.96144,131,22,0
2026-08-21T00:40:00Z,1787272800,1.96144,1.96183,1.9613800000000001,1.96167,126,22,0
2026-08-21T00:45:00Z,1787273100,1.96164,1.96169,1.96108,1.96119,124,22,0
2026-08-21T00:50:00Z,1787273400,1.96123,1.96146,1.96097,1.96137,167,22,0
2026-08-21T00:55:00Z,1787273700,1.96137,1.96158,1.9613399999999999,1.9615,146,22,0
2026-08-21T01:00:00Z,1787274000,1.96149,1.9617499999999999,1.96116,1.9616099999999999,202,22,0
2026-08-21T01:05:00Z,1787274300,1.96164,1.96169,1.9614099999999999,1.96164,158,22,0
2026-08-21T01:10:00Z,1787274600,1.9616099999999999,1.9617,1.96082,1.96094,185,22,0
2026-08-21T01:15:00Z,1787274900,1.9609299999999998,1.9612500000000002,1.9606,1.96067,164,22,0
2026-08-21T01:20:00Z,1787275200,1.96067,1.96079,1.9604599999999999,1.96063,156,22,0
2026-08-21T01:25:00Z,1787275500,1.9606400000000002,1.96065,1.95964,1.96007,180,22,0
2026-08-21T01:30:00Z,1787275800,1.96011,1.96033,1.95929,1.95936,204,22,0
2026-08-21T01:35:00Z,1787276100,1.95936,1.9598,1.95932,1.9595799999999999,181,22,0
2026-08-21T01:40:00Z,1787276400,1.9595799999999999,1.95981,1.95934,1.95945,163,22,0
2026-08-21T01:45:00Z,1787276700,1.95946,1.95952,1.95886,1.95909,161,22,0
2026-08-21T01:50:00Z,1787277000,1.95911,1.9595,1.95909,1.95909,127,22,0
2026-08-21T01:55:00Z,1787277300,1.9590999999999998,1.9590999999999998,1.9587599999999998,1.95893,120,22,0
2026-08-21T02:00:00Z,1787277600,1.9589400000000001,1.95895,1.95857,1.95884,136,22,0
2026-08-21T02:05:00Z,1787277900,1.95885,1.95902,1.95821,1.9583300000000001,131,22,0
2026-08-21T02:10:00Z,1787278200,1.9583300000000001,1.95873,1.9583300000000001,1.95865,122,22,0
2026-08-21T02:15:00Z,1787278500,1.95862,1.95885,1.95837,1.95866,104,22,0
2026-08-21T02:20:00Z,1787278800,1.95865,1.95865,1.9579499999999999,1.95821,168,22,0
2026-08-21T02:25:00Z,1787279100,1.95823,1.95823,1.95796,1.95816,113,22,0
2026-08-21T02:30:00Z,1787279400,1.95816,1.95844,1.95782,1.95831,140,22,0
2026-08-21T02:35:00Z,1787279700,1.95831,1.95851,1.95811,1.9583,101,22,0
2026-08-21T02:40:00Z,1787280000,1.9583,1.95885,1.9582600000000001,1.9588,103,22,0
2026-08-21T02:45:00Z,1787280300,1.9588,1.9591699999999999,1.95875,1.95898,103,22,0
2026-08-21T02:50:00Z,1787280600,1.95898,1.95911,1.95864,1.95869,124,22,0
2026-08-21T02:55:00Z,1787280900,1.9586700000000001,1.95927,1.95864,1.95907,112,22,0
2026-08-21T03:00:00Z,1787281200,1.9590800000000002,1.95933,1.95903,1.9593099999999999,115,22,0
2026-08-21T03:05:00Z,1787281500,1.9593,1.95968,1.95927,1.95968,90,22,0
2026-08-21T03:10:00Z,1787281800,1.9596900000000002,1.9600499999999998,1.95956,1.96001,83,22,0
2026-08-21T03:15:00Z,1787282100,1.96001,1.96006,1.95946,1.95948,100,22,0
2026-08-21T03:20:00Z,1787282400,1.95948,1.95998,1.95945,1.95998,105,22,0
2026-08-21T03:25:00Z,1787282700,1.95997,1.96009,1.95981,1.96006,86,22,0
2026-08-21T03:30:00Z,1787283000,1.9600499999999998,1.9600499999999998,1.95973,1.95983,81,22,0
2026-08-21T03:35:00Z,1787283300,1.95983,1.95994,1.95963,1.9597099999999998,84,22,0
2026-08-21T03:40:00Z,1787283600,1.95973,1.9598,1.95895,1.95898,95,22,0
2026-08-21T03:45:00Z,1787283900,1.95898,1.959,1.9588,1.9588999999999999,103,22,0
2026-08-21T03:50:00Z,1787284200,1.95895,1.9590999999999998,1.95882,1.95895,95,22,0
2026-08-21T03:55:00Z,1787284500,1.95895,1.95902,1.95886,1.95891,81,22,0
2026-08-21T04:00:00Z,1787284800,1.95891,1.95904,1.9586700000000001,1.9588700000000001,95,22,0
2026-08-21T04:05:00Z,1787285100,1.9588700000000001,1.95911,1.95885,1.9589400000000001,74,22,0
2026-08-21T04:10:00Z,1787285400,1.95893,1.95912,1.95877,1.9590999999999998,80,22,0
2026-08-21T04:15:00Z,1787285700,1.95909,1.95927,1.9588,1.95882,88,22,0
2026-08-21T04:20:00Z,1787286000,1.9588,1.95906,1.9587599999999998,1.95906,71,22,0
2026-08-21T04:25:00Z,1787286300,1.95905,1.9592,1.9590100000000001,1.95915,54,22,0
2026-08-21T04:30:00Z,1787286600,1.95915,1.95949,1.95915,1.9593500000000001,79,22,0
2026-08-21T04:35:00Z,1787286900,1.95934,1.9594200000000002,1.95934,1.95941,45,22,0
2026-08-21T04:40:00Z,1787287200,1.95941,1.95941,1.9589699999999999,1.95898,62,22,0
2026-08-21T04:45:00Z,1787287500,1.95898,1.95903,1.95886,1.9588700000000001,72,22,0
2026-08-21T04:50:00Z,1787287800,1.95888,1.95964,1.9587400000000001,1.95964,99,22,0
2026-08-21T04:55:00Z,1787288100,1.95964,1.95976,1.95948,1.9595500000000001,73,22,0
2026-08-21T05:00:00Z,1787288400,1.9595500000000001,1.95974,1.95949,1.95967,93,22,0
2026-08-21T05:05:00Z,1787288700,1.95966,1.96014,1.95965,1.96008,63,22,0
2026-08-21T05:10:00Z,1787289000,1.96008,1.96017,1.95987,1.96009,86,22,0
2026-08-21T05:15:00Z,1787289300,1.9601,1.96017,1.95987,1.95998,73,22,0
2026-08-21T05:20:00Z,1787289600,1.95998,1.96013,1.95994,1.96013,73,22,0
2026-08-21T05:25:00Z,1787289900,1.96013,1.96013,1.95987,1.9599,64,22,0
2026-08-21T05:30:00Z,1787290200,1.9599,1.96002,1.9595500000000001,1.95967,108,22,0
2026-08-21T05:35:00Z,1787290500,1.95968,1.95972,1.95947,1.95972,85,22,0
2026-08-21T05:40:00Z,1787290800,1.9597099999999998,1.95993,1.95963,1.95967,107,22,0
2026-08-21T05:45:00Z,1787291100,1.95967,1.95998,1.95967,1.95972,107,22,0
2026-08-21T05:50:00Z,1787291400,1.95973,1.9597799999999999,1.9592100000000001,1.95922,151,22,0
2026-08-21T05:55:00Z,1787291700,1.95919,1.95919,1.95858,1.95892,150,22,0
2026-08-21T06:00:00Z,1787292000,1.95895,1.95912,1.95879,1.95885,167,22,0
2026-08-21T06:05:00Z,1787292300,1.95885,1.9589699999999999,1.95845,1.95854,145,22,0
2026-08-21T06:10:00Z,1787292600,1.95854,1.9586000000000001,1.9582000000000002,1.9582199999999998,112,22,0
2026-08-21T06:15:00Z,1787292900,1.95821,1.95859,1.95811,1.95857,151,22,0
2026-08-21T06:20:00Z,1787293200,1.95857,1.95885,1.9585599999999999,1.95873,136,22,0
2026-08-21T06:25:00Z,1787293500,1.9587599999999998,1.9588100000000002,1.95841,1.95858,144,22,0
2026-08-21T06:30:00Z,1787293800,1.95857,1.95869,1.95791,1.95793,148,22,0
2026-08-21T06:35:00Z,1787294100,1.95793,1.95873,1.95793,1.95873,138,22,0
2026-08-21T06:40:00Z,1787294400,1.9586999999999999,1.95909,1.95861,1.95886,142,22,0
2026-08-21T06:45:00Z,1787294700,1.95884,1.9590100000000001,1.9587400000000001,1.9587400000000001,149,22,0
2026-08-21T06:50:00Z,1787295000,1.95871,1.9593,1.95871,1.9592,139,22,0
2026-08-21T06:55:00Z,1787295300,1.95922,1.9593500000000001,1.95912,1.95933,144,22,0
2026-08-21T07:00:00Z,1787295600,1.9593,1.9594,1.9587400000000001,1.9592800000000001,200,22,0
2026-08-21T07:05:00Z,1787295900,1.95932,1.9600300000000002,1.95912,1.95994,161,22,0
2026-08-21T07:10:00Z,1787296200,1.9599199999999999,1.96001,1.95975,1.95977,153,22,0
2026-08-21T07:15:00Z,1787296500,1.95977,1.95997,1.9594399999999998,1.9595500000000001,201,22,0
2026-08-21T07:20:00Z,1787296800,1.95954,1.9598,1.95886,1.95886,174,22,0
2026-08-21T07:25:00Z,1787297100,1.9588299999999998,1.95905,1.95862,1.95885,145,22,0
2026-08-21T07:30:00Z,1787297400,1.9588,1.959,1.95854,1.9588,192,22,0
2026-08-21T07:35:00Z,1787297700,1.9588,1.9588299999999998,1.95792,1.95792,156,22,0
2026-08-21T07:40:00Z,1787298000,1.95789,1.95896,1.9578600000000002,1.9588,203,22,0
2026-08-21T07:45:00Z,1787298300,1.95884,1.95884,1.95817,1.9583599999999999,181,22,0
2026-08-21T07:50:00Z,1787298600,1.95837,1.95868,1.95819,1.95868,165,22,0
2026-08-21T07:55:00Z,1787298900,1.95868,1.9589400000000001,1.95853,1.9588999999999999,159,22,0
2026-08-21T08:00:00Z,1787299200,1.9589400000000001,1.95957,1.9589400000000001,1.95957,158,22,0
2026-08-21T08:05:00Z,1787299500,1.9595799999999999,1.9602,1.95943,1.95997,179,22,0
2026-08-21T08:10:00Z,1787299800,1.95997,1.96,1.9594399999999998,1.95954,155,22,0
2026-08-21T08:15:00Z,1787300100,1.9595500000000001,1.9595500000000001,1.95818,1.95824,191,22,0
2026-08-21T08:20:00Z,1787300400,1.95824,1.9583599999999999,1.95796,1.95818,155,22,0
2026-08-21T08:25:00Z,1787300700,1.9582000000000002,1.95821,1.95743,1.95746,186,22,0
2026-08-21T08:30:00Z,1787301000,1.9574099999999999,1.95805,1.95735,1.95793,176,22,0
2026-08-21T08:35:00Z,1787301300,1.95794,1.95794,1.95729,1.95729,154,22,0
2026-08-21T08:40:00Z,1787301600,1.9573,1.95751,1.95709,1.95749,187,22,0
2026-08-21T08:45:00Z,1787301900,1.95749,1.9583300000000001,1.9574799999999999,1.9582000000000002,196,22,0
2026-08-21T08:50:00Z,1787302200,1.9582000000000002,1.95841,1.9580199999999999,1.9582000000000002,173,22,0
2026-08-21T08:55:00Z,1787302500,1.95817,1.95818,1.9576500000000001,1.9576500000000001,169,22,0
2026-08-21T09:00:00Z,1787302800,1.9576500000000001,1.95784,1.95758,1.95758,213,22,0
2026-08-21T09:05:00Z,1787303100,1.95758,1.95782,1.95695,1.95699,224,22,0
2026-08-21T09:10:00Z,1787303400,1.95699,1.95732,1.9568400000000001,1.9569299999999998,192,22,0
2026-08-21T09:15:00Z,1787303700,1.9569100000000001,1.95774,1.95686,1.9577200000000001,150,22,0
2026-08-21T09:20:00Z,1787304000,1.95773,1.9579900000000001,1.9574799999999999,1.9579900000000001,156,22,0
2026-08-21T09:25:00Z,1787304300,1.9579499999999999,1.9587400000000001,1.95791,1.9583,206,22,0
2026-08-21T09:30:00Z,1787304600,1.9583,1.9583,1.95776,1.95783,144,22,0
2026-08-21T09:35:00Z,1787304900,1.95784,1.95793,1.95744,1.95758,159,22,0
2026-08-21T09:40:00Z,1787305200,1.95757,1.9578,1.95751,1.95771,123,22,0
2026-08-21T09:45:00Z,1787305500,1.9577,1.95791,1.9573399999999999,1.95737,136,22,0
2026-08-21T09:50:00Z,1787305800,1.95737,1.95766,1.9570699999999999,1.9571,119,22,0
2026-08-21T09:55:00Z,1787306100,1.9571,1.95742,1.9570400000000001,1.95731,120,22,0
2026-08-21T10:00:00Z,1787306400,1.95731,1.95731,1.95676,1.9570400000000001,157,22,0
2026-08-21T10:05:00Z,1787306700,1.9570699999999999,1.95716,1.95683,1.95708,141,22,0
2026-08-21T10:10:00Z,1787307000,1.95708,1.95737,1.95696,1.95717,134,22,0
2026-08-21T10:15:00Z,1787307300,1.95717,1.95733,1.95702,1.9572500000000002,140,22,0
2026-08-21T10:20:00Z,1787307600,1.95724,1.95743,1.95723,1.95742,108,22,0
2026-08-21T10:25:00Z,1787307900,1.95739,1.9574500000000001,1.95682,1.9568699999999999,127,22,0
2026-08-21T10:30:00Z,1787308200,1.9568400000000001,1.9568699999999999,1.9564,1.95668,127,22,0
2026-08-21T10:35:00Z,1787308500,1.95668,1.9573399999999999,1.95667,1.9573399999999999,140,22,0
2026-08-21T10:40:00Z,1787308800,1.95733,1.9573800000000001,1.95705,1.95717,114,22,0
2026-08-21T10:45:00Z,1787309100,1.95717,1.95726,1.95701,1.9572,103,22,0
2026-08-21T10:50:00Z,1787309400,1.95719,1.95778,1.95717,1.95747,137,22,0
2026-08-21T10:55:00Z,1787309700,1.95747,1.95781,1.95744,1.95747,131,22,0
2026-08-21T11:00:00Z,1787310000,1.95747,1.9579,1.95747,1.9577499999999999,134,22,0
2026-08-21T11:05:00Z,1787310300,1.95774,1.95805,1.9576500000000001,1.95781,119,22,0
2026-08-21T11:10:00Z,1787310600,1.95781,1.95785,1.9576,1.95766,111,22,0
2026-08-21T11:15:00Z,1787310900,1.95766,1.95773,1.95751,1.95762,112,22,0
2026-08-21T11:20:00Z,1787311200,1.95762,1.95766,1.95675,1.95685,212,22,0
2026-08-21T11:25:00Z,1787311500,1.95685,1.95699,1.95622,1.95634,231,22,0
2026-08-21T11:30:00Z,1787311800,1.95633,1.95642,1.9558,1.95607,231,22,0
2026-08-21T11:35:00Z,1787312100,1.95607,1.95608,1.95484,1.95537,234,22,0
2026-08-21T11:40:00Z,1787312400,1.95539,1.9557,1.9552399999999999,1.95561,172,22,0
2026-08-21T11:45:00Z,1787312700,1.9556200000000001,1.9559600000000001,1.9556200000000001,1.95575,139,22,0
2026-08-21T11:50:00Z,1787313000,1.95575,1.95604,1.9555,1.956,137,22,0
2026-08-21T11:55:00Z,1787313300,1.95599,1.95601,1.9553500000000001,1.95548,202,22,0
2026-08-21T12:00:00Z,1787313600,1.95545,1.95553,1.9544000000000001,1.95446,268,22,0
2026-08-21T12:05:00Z,1787313900,1.95446,1.9545599999999999,1.95397,1.95397,194,22,0
2026-08-21T12:10:00Z,1787314200,1.95397,1.9544700000000002,1.95394,1.95417,169,22,0
2026-08-21T12:15:00Z,1787314500,1.95416,1.9542899999999999,1.95391,1.95396,178,22,0
2026-08-21T12:20:00Z,1787314800,1.95391,1.95412,1.95366,1.95378,185,22,0
2026-08-21T12:25:00Z,1787315100,1.9537499999999999,1.9537499999999999,1.9531,1.9531,130,22,0
2026-08-21T12:30:00Z,1787315400,1.95309,1.95427,1.95309,1.95408,194,22,0
2026-08-21T12:35:00Z,1787315700,1.9540899999999999,1.95453,1.9540899999999999,1.95445,227,22,0
2026-08-21T12:40:00Z,1787316000,1.95445,1.95459,1.9538600000000002,1.95393,237,22,0
2026-08-21T12:45:00Z,1787316300,1.9539,1.95391,1.9536099999999998,1.95373,169,22,0
2026-08-21T12:50:00Z,1787316600,1.9537499999999999,1.95423,1.95371,1.9542000000000002,167,22,0
2026-08-21T12:55:00Z,1787316900,1.95418,1.95445,1.9539499999999999,1.9539499999999999,135,22,0
2026-08-21T13:00:00Z,1787317200,1.9539499999999999,1.95431,1.95365,1.95403,223,22,0
2026-08-21T13:05:00Z,1787317500,1.95403,1.95439,1.9538600000000002,1.95439,192,22,0
2026-08-21T13:10:00Z,1787317800,1.95439,1.95457,1.95415,1.95416,180,22,0
2026-08-21T13:15:00Z,1787318100,1.95415,1.95473,1.9541300000000001,1.9546999999999999,185,22,0
2026-08-21T13:20:00Z,1787318400,1.9546700000000001,1.95476,1.95421,1.95434,170,22,0
2026-08-21T13:25:00Z,1787318700,1.9543,1.9543,1.95376,1.95418,209,22,0
2026-08-21T13:30:00Z,1787319000,1.95418,1.9544899999999998,1.95381,1.95437,257,22,0
2026-08-21T13:35:00Z,1787319300,1.95434,1.9543599999999999,1.95349,1.9536099999999998,210,22,0
2026-08-21T13:40:00Z,1787319600,1.95364,1.95417,1.95364,1.95367,176,22,0
2026-08-21T13:45:00Z,1787319900,1.95382,1.95393,1.95329,1.9534,218,22,0
2026-08-21T13:50:00Z,1787320200,1.9534,1.9534500000000001,1.95279,1.9529999999999998,183,22,0
2026-08-21T13:55:00Z,1787320500,1.95302,1.95304,1.9521600000000001,1.95279,203,22,0
2026-08-21T14:00:00Z,1787320800,1.95281,1.9535,1.95278,1.9533,223,22,0
2026-08-21T14:05:00Z,1787321100,1.95329,1.9533399999999999,1.95295,1.95316,201,22,0
2026-08-21T14:10:00Z,1787321400,1.95316,1.95326,1.9528400000000001,1.95312,213,22,0
2026-08-21T14:15:00Z,1787321700,1.95312,1.95346,1.9530699999999999,1.9532500000000002,155,22,0
2026-08-21T14:20:00Z,1787322000,1.95323,1.95362,1.95304,1.95333,185,22,0
2026-08-21T14:25:00Z,1787322300,1.95333,1.95333,1.95278,1.95299,172,22,0
2026-08-21T14:30:00Z,1787322600,1.95299,1.95417,1.95299,1.95417,247,22,0
2026-08-21T14:35:00Z,1787322900,1.9541300000000001,1.95489,1.95408,1.95468,242,22,0
2026-08-21T14:40:00Z,1787323200,1.95471,1.95525,1.95464,1.9551699999999999,209,22,0
2026-08-21T14:45:00Z,1787323500,1.9551699999999999,1.9556,1.95503,1.9553099999999999,215,22,0
2026-08-21T14:50:00Z,1787323800,1.95532,1.95533,1.9544899999999998,1.9544899999999998,244,22,0
2026-08-21T14:55:00Z,1787324100,1.95448,1.95484,1.95415,1.95478,241,22,0
2026-08-21T15:00:00Z,1787324400,1.9548100000000002,1.95485,1.9539900000000001,1.95405,257,22,0
2026-08-21T15:05:00Z,1787324700,1.95405,1.95426,1.95383,1.95419,225,22,0
2026-08-21T15:10:00Z,1787325000,1.95419,1.95444,1.95389,1.95442,210,22,0
2026-08-21T15:15:00Z,1787325300,1.95441,1.95442,1.9540600000000001,1.95428,180,22,0
2026-08-21T15:20:00Z,1787325600,1.9542899999999999,1.9544000000000001,1.95403,1.95418,179,22,0
2026-08-21T15:25:00Z,1787325900,1.95417,1.95431,1.95358,1.95389,171,22,0
2026-08-21T15:30:00Z,1787326200,1.9538799999999998,1.9539,1.95316,1.9531800000000001,180,22,0
2026-08-21T15:35:00Z,1787326500,1.95319,1.9534799999999999,1.95306,1.95306,154,22,0
2026-08-21T15:40:00Z,1787326800,1.9530699999999999,1.9532,1.95251,1.95268,161,22,0
2026-08-21T15:45:00Z,1787327100,1.95269,1.9529999999999998,1.95258,1.9529999999999998,110,22,0
2026-08-21T15:50:00Z,1787327400,1.95299,1.95313,1.95279,1.95293,118,22,0
2026-08-21T15:55:00Z,1787327700,1.9529,1.9532,1.9527999999999999,1.95292,134,22,0
2026-08-21T16:00:00Z,1787328000,1.95292,1.95293,1.9527,1.95281,149,22,0
2026-08-21T16:05:00Z,1787328300,1.9527999999999999,1.9534799999999999,1.9527700000000001,1.95309,167,22,0
2026-08-21T16:10:00Z,1787328600,1.95309,1.95323,1.9529999999999998,1.95312,118,22,0
2026-08-21T16:15:00Z,1787328900,1.95313,1.95367,1.95308,1.9536099999999998,119,22,0
2026-08-21T16:20:00Z,1787329200,1.9536099999999998,1.95362,1.95293,1.95357,196,22,0
2026-08-21T16:25:00Z,1787329500,1.95355,1.95364,1.95328,1.95335,120,22,0
2026-08-21T16:30:00Z,1787329800,1.95333,1.95363,1.95309,1.95322,133,22,0
2026-08-21T16:35:00Z,1787330100,1.95322,1.9534099999999999,1.9530699999999999,1.9530699999999999,100,22,0
2026-08-21T16:40:00Z,1787330400,1.95305,1.95323,1.95294,1.95304,97,22,0
2026-08-21T16:45:00Z,1787330700,1.95304,1.9531399999999999,1.9529100000000001,1.95304,92,22,0
2026-08-21T16:50:00Z,1787331000,1.95304,1.95328,1.95292,1.95322,101,22,0
2026-08-21T16:55:00Z,1787331300,1.95322,1.95333,1.9529800000000002,1.9529999999999998,108,22,0
2026-08-21T17:00:00Z,1787331600,1.9529800000000002,1.95312,1.9527700000000001,1.95299,127,22,0
2026-08-21T17:05:00Z,1787331900,1.95299,1.9531,1.95259,1.9526,117,22,0
2026-08-21T17:10:00Z,1787332200,1.9526,1.95271,1.95243,1.95271,112,22,0
2026-08-21T17:15:00Z,1787332500,1.95271,1.9527700000000001,1.95258,1.9527299999999999,88,22,0
2026-08-21T17:20:00Z,1787332800,1.9527299999999999,1.95281,1.9526400000000002,1.95272,90,22,0
2026-08-21T17:25:00Z,1787333100,1.9527299999999999,1.9529,1.95267,1.95281,75,22,0
2026-08-21T17:30:00Z,1787333400,1.95282,1.95301,1.95261,1.95261,98,22,0
2026-08-21T17:35:00Z,1787333700,1.9526,1.9526,1.95228,1.95256,98,22,0
2026-08-21T17:40:00Z,1787334000,1.95255,1.95263,1.95247,1.95263,57,22,0
2026-08-21T17:45:00Z,1787334300,1.9526,1.9527,1.95256,1.9526599999999998,68,22,0
2026-08-21T17:50:00Z,1787334600,1.9526599999999998,1.95267,1.95235,1.9526,95,22,0
2026-08-21T17:55:00Z,1787334900,1.95258,1.9526,1.9523700000000002,1.95238,79,22,0
2026-08-21T18:00:00Z,1787335200,1.95238,1.9524,1.9521,1.95218,94,22,0
2026-08-21T18:05:00Z,1787335500,1.9521899999999999,1.9521899999999999,1.95182,1.95206,87,22,0
2026-08-21T18:10:00Z,1787335800,1.95206,1.95222,1.95206,1.9521600000000001,46,22,0
2026-08-21T18:15:00Z,1787336100,1.95217,1.95225,1.95209,1.9522,55,22,0
2026-08-21T18:20:00Z,1787336400,1.95221,1.9523700000000002,1.95202,1.9520499999999998,73,22,0
2026-08-21T18:25:00Z,1787336700,1.9520499999999998,1.95225,1.95194,1.95225,89,22,0
2026-08-21T18:30:00Z,1787337000,1.95225,1.95233,1.95213,1.9521899999999999,80,22,0
2026-08-21T18:35:00Z,1787337300,1.95218,1.95231,1.95211,1.95231,66,22,0
2026-08-21T18:40:00Z,1787337600,1.95231,1.95241,1.95224,1.95235,65,22,0
2026-08-21T18:45:00Z,1787337900,1.95235,1.9524,1.95217,1.9521899999999999,55,22,0
2026-08-21T18:50:00Z,1787338200,1.9521899999999999,1.9523700000000002,1.9521899999999999,1.95225,59,22,0
2026-08-21T18:55:00Z,1787338500,1.95225,1.95245,1.9522300000000001,1.95234,71,22,0
2026-08-21T19:00:00Z,1787338800,1.95235,1.95244,1.95217,1.95244,94,22,0
2026-08-21T19:05:00Z,1787339100,1.95244,1.95262,1.95241,1.95262,78,22,0
2026-08-21T19:10:00Z,1787339400,1.95262,1.95271,1.95256,1.95259,49,22,0
2026-08-21T19:15:00Z,1787339700,1.95258,1.9528400000000001,1.95255,1.9527,70,22,0
2026-08-21T19:20:00Z,1787340000,1.9527,1.95286,1.95269,1.95281,61,22,0
2026-08-21T19:25:00Z,1787340300,1.95281,1.9529100000000001,1.95269,1.95283,63,22,0
2026-08-21T19:30:00Z,1787340600,1.95283,1.95293,1.95282,1.9528699999999999,68,22,0
2026-08-21T19:35:00Z,1787340900,1.9528699999999999,1.95302,1.9528400000000001,1.9529999999999998,55,22,0
2026-08-21T19:40:00Z,1787341200,1.95299,1.9531,1.9529800000000002,1.95301,49,22,0
2026-08-21T19:45:00Z,1787341500,1.95301,1.95303,1.95285,1.95285,53,22,0
2026-08-21T19:50:00Z,1787341800,1.95289,1.95303,1.9527299999999999,1.9528400000000001,67,22,0
2026-08-21T19:55:00Z,1787342100,1.95285,1.95323,1.95285,1.95313,111,22,0
2026-08-21T20:00:00Z,1787342400,1.95317,1.95317,1.95274,1.95283,84,22,0
2026-08-21T20:05:00Z,1787342700,1.95283,1.95305,1.95275,1.95275,68,22,0
2026-08-21T20:10:00Z,1787343000,1.95275,1.9530699999999999,1.95261,1.95299,64,22,0
2026-08-21T20:15:00Z,1787343300,1.95299,1.95304,1.95281,1.95296,54,22,0
2026-08-21T20:20:00Z,1787343600,1.95296,1.95297,1.95278,1.95281,51,22,0
2026-08-21T20:25:00Z,1787343900,1.9527999999999999,1.9528400000000001,1.9523899999999998,1.95249,61,22,0
2026-08-21T20:30:00Z,1787344200,1.95249,1.95278,1.95249,1.95275,57,22,0
2026-08-21T20:35:00Z,1787344500,1.95275,1.95289,1.9527,1.95286,58,22,0
2026-08-21T20:40:00Z,1787344800,1.95285,1.95305,1.95279,1.95304,62,22,0
2026-08-21T20:45:00Z,1787345100,1.95305,1.95316,1.95299,1.95304,85,22,0
2026-08-21T20:50:00Z,1787345400,1.9531100000000001,1.9532500000000002,1.95305,1.95313,107,22,0
2026-08-21T20:55:00Z,1787345700,1.9531800000000001,1.9533,1.95267,1.9528400000000001,262,22,0
2026-08-23T21:05:00Z,1787519100,1.95336,1.95336,1.95256,1.95312,25,280,0
2026-08-23T21:10:00Z,1787519400,1.95316,1.9536799999999999,1.95316,1.9536799999999999,70,280,0
2026-08-23T21:15:00Z,1787519700,1.9536799999999999,1.9536799999999999,1.9511500000000002,1.9525299999999999,122,280,0
2026-08-23T21:20:00Z,1787520000,1.95255,1.95256,1.95098,1.95179,129,331,0
2026-08-23T21:25:00Z,1787520300,1.95179,1.95279,1.95179,1.9527700000000001,91,280,0
2026-08-23T21:30:00Z,1787520600,1.95278,1.95278,1.9488699999999999,1.9515500000000001,135,280,0
2026-08-23T21:35:00Z,1787520900,1.95152,1.95261,1.9502199999999998,1.95256,97,280,0
2026-08-23T21:40:00Z,1787521200,1.9525700000000001,1.95285,1.95177,1.95262,87,280,0
2026-08-23T21:45:00Z,1787521500,1.95265,1.95309,1.9520499999999998,1.95282,124,280,0
2026-08-23T21:50:00Z,1787521800,1.95282,1.95303,1.95182,1.9529,104,356,0
2026-08-23T21:55:00Z,1787522100,1.95292,1.95466,1.95279,1.95458,88,77,0
2026-08-23T22:00:00Z,1787522400,1.95478,1.95478,1.95248,1.9538799999999998,141,34,0
2026-08-23T22:05:00Z,1787522700,1.95397,1.95398,1.95349,1.95381,68,22,0
2026-08-23T22:10:00Z,1787523000,1.95381,1.95392,1.95367,1.95387,60,22,0
2026-08-23T22:15:00Z,1787523300,1.95393,1.954,1.95381,1.95396,52,22,0
2026-08-23T22:20:00Z,1787523600,1.95396,1.95407,1.95378,1.9540199999999999,53,22,0
2026-08-23T22:25:00Z,1787523900,1.9539499999999999,1.95407,1.9539499999999999,1.9540600000000001,44,22,0
2026-08-23T22:30:00Z,1787524200,1.954,1.9540600000000001,1.95369,1.95389,68,22,0
2026-08-23T22:35:00Z,1787524500,1.9539499999999999,1.9539499999999999,1.95358,1.95391,69,22,0
2026-08-23T22:40:00Z,1787524800,1.95391,1.9539900000000001,1.95374,1.9538600000000002,59,22,0
2026-08-23T22:45:00Z,1787525100,1.95393,1.95428,1.95377,1.95428,60,22,0
2026-08-23T22:50:00Z,1787525400,1.95428,1.95434,1.95425,1.95432,26,22,0
2026-08-23T22:55:00Z,1787525700,1.9543300000000001,1.95464,1.95427,1.95464,39,34,0
2026-08-23T23:00:00Z,1787526000,1.95473,1.95538,1.9546999999999999,1.9553,67,22,0
2026-08-23T23:05:00Z,1787526300,1.9553,1.95561,1.95529,1.95545,55,22,0
2026-08-23T23:10:00Z,1787526600,1.9554399999999998,1.9557,1.9553,1.95543,73,22,0
2026-08-23T23:15:00Z,1787526900,1.95543,1.95601,1.95526,1.95595,79,22,0
2026-08-23T23:20:00Z,1787527200,1.95595,1.95595,1.95529,1.9553500000000001,92,22,0
2026-08-23T23:25:00Z,1787527500,1.9553500000000001,1.9554,1.95522,1.9553500000000001,51,22,0
2026-08-23T23:30:00Z,1787527800,1.9553500000000001,1.9555099999999999,1.95505,1.95509,67,22,0
2026-08-23T23:35:00Z,1787528100,1.95509,1.9552100000000001,1.95487,1.9552100000000001,74,22,0
2026-08-23T23:40:00Z,1787528400,1.9552100000000001,1.9554,1.95512,1.9554,57,22,0
2026-08-23T23:45:00Z,1787528700,1.95546,1.95556,1.95487,1.9549699999999999,83,22,0
2026-08-23T23:50:00Z,1787529000,1.95498,1.9551699999999999,1.95464,1.95476,100,22,0
2026-08-23T23:55:00Z,1787529300,1.95478,1.95484,1.95428,1.95453,111,22,0
2026-08-24T00:00:00Z,1787529600,1.95451,1.9546700000000001,1.9541,1.95417,218,22,0
2026-08-24T00:05:00Z,1787529900,1.95417,1.95421,1.95358,1.95412,182,22,0
2026-08-24T00:10:00Z,1787530200,1.9541300000000001,1.95419,1.95355,1.95356,131,22,0
2026-08-24T00:15:00Z,1787530500,1.95358,1.9539499999999999,1.95354,1.95387,117,22,0
2026-08-24T00:20:00Z,1787530800,1.9538600000000002,1.9540899999999999,1.95356,1.9540199999999999,149,22,0
2026-08-24T00:25:00Z,1787531100,1.95403,1.95477,1.9539900000000001,1.95453,172,22,0
2026-08-24T00:30:00Z,1787531400,1.95452,1.95475,1.95405,1.95405,172,22,0
2026-08-24T00:35:00Z,1787531700,1.9540899999999999,1.95431,1.9538799999999998,1.9539499999999999,118,22,0
2026-08-24T00:40:00Z,1787532000,1.9539499999999999,1.95437,1.95364,1.95364,117,22,0
2026-08-24T00:45:00Z,1787532300,1.95364,1.9536799999999999,1.9530699999999999,1.9530699999999999,139,22,0
2026-08-24T00:50:00Z,1787532600,1.95305,1.9534,1.95296,1.9534,124,22,0
2026-08-24T00:55:00Z,1787532900,1.9534,1.95358,1.95323,1.9532500000000002,159,22,0
2026-08-24T01:00:00Z,1787533200,1.9532500000000002,1.95444,1.95309,1.95414,208,22,0
2026-08-24T01:05:00Z,1787533500,1.95414,1.95488,1.9537200000000001,1.95468,184,22,0
2026-08-24T01:10:00Z,1787533800,1.95468,1.95489,1.9543599999999999,1.95476,140,22,0
2026-08-24T01:15:00Z,1787534100,1.95473,1.95546,1.95473,1.95518,184,22,0
2026-08-24T01:20:00Z,1787534400,1.95516,1.95552,1.95471,1.95473,188,22,0
2026-08-24T01:25:00Z,1787534700,1.95475,1.95507,1.95465,1.95472,169,22,0
2026-08-24T01:30:00Z,1787535000,1.95475,1.9552399999999999,1.95475,1.95495,162,22,0
2026-08-24T01:35:00Z,1787535300,1.95498,1.95507,1.95405,1.9540600000000001,154,22,0
2026-08-24T01:40:00Z,1787535600,1.9540600000000001,1.95442,1.9538799999999998,1.95437,129,22,0
2026-08-24T01:45:00Z,1787535900,1.95438,1.9550800000000002,1.95438,1.95458,145,22,0
2026-08-24T01:50:00Z,1787536200,1.95458,1.95458,1.95428,1.95445,144,22,0
2026-08-24T01:55:00Z,1787536500,1.95445,1.9548100000000002,1.95441,1.95473,129,22,0
2026-08-24T02:00:00Z,1787536800,1.95473,1.95556,1.95472,1.95502,168,22,0
2026-08-24T02:05:00Z,1787537100,1.95502,1.95568,1.9548999999999999,1.9548999999999999,159,22,0
2026-08-24T02:10:00Z,1787537400,1.9548999999999999,1.955,1.95443,1.9545,133,22,0
2026-08-24T02:15:00Z,1787537700,1.95451,1.9545400000000002,1.9542000000000002,1.95443,140,22,0
2026-08-24T02:20:00Z,1787538000,1.95443,1.9544700000000002,1.95415,1.95416,111,22,0
2026-08-24T02:25:00Z,1787538300,1.95416,1.9546999999999999,1.9540199999999999,1.9545,106,22,0
2026-08-24T02:30:00Z,1787538600,1.95453,1.95476,1.9544000000000001,1.95476,99,22,0
2026-08-24T02:35:00Z,1787538900,1.95478,1.95478,1.95439,1.9544899999999998,130,22,0
2026-08-24T02:40:00Z,1787539200,1.9544899999999998,1.95457,1.95431,1.9543599999999999,81,22,0
2026-08-24T02:45:00Z,1787539500,1.9543599999999999,1.9546700000000001,1.95435,1.9546700000000001,131,22,0
2026-08-24T02:50:00Z,1787539800,1.95466,1.95514,1.95458,1.95488,128,22,0
2026-08-24T02:55:00Z,1787540100,1.95487,1.9551699999999999,1.95482,1.95498,117,22,0
2026-08-24T03:00:00Z,1787540400,1.9549699999999999,1.9553099999999999,1.95477,1.9552800000000001,111,22,0
2026-08-24T03:05:00Z,1787540700,1.9552800000000001,1.9559199999999999,1.95526,1.9559199999999999,99,22,0
2026-08-24T03:10:00Z,1787541000,1.95594,1.95629,1.9557600000000002,1.9558200000000001,136,22,0
2026-08-24T03:15:00Z,1787541300,1.95581,1.95588,1.95559,1.95587,92,22,0
2026-08-24T03:20:00Z,1787541600,1.95588,1.95624,1.9556200000000001,1.95564,101,22,0
2026-08-24T03:25:00Z,1787541900,1.9556499999999999,1.9559600000000001,1.95557,1.95595,84,22,0
2026-08-24T03:30:00Z,1787542200,1.95595,1.95599,1.9556499999999999,1.9556499999999999,73,22,0
2026-08-24T03:35:00Z,1787542500,1.9556499999999999,1.95587,1.95548,1.95566,86,22,0
2026-08-24T03:40:00Z,1787542800,1.95566,1.95581,1.95549,1.95564,82,22,0
2026-08-24T03:45:00Z,1787543100,1.95564,1.9557,1.95541,1.95541,90,22,0
2026-08-24T03:50:00Z,1787543400,1.95541,1.95556,1.9552399999999999,1.95527,92,22,0
2026-08-24T03:55:00Z,1787543700,1.95526,1.95538,1.9550100000000001,1.95506,113,22,0
2026-08-24T04:00:00Z,1787544000,1.95506,1.95518,1.9546999999999999,1.95492,96,22,0
2026-08-24T04:05:00Z,1787544300,1.95492,1.95518,1.95476,1.9551699999999999,107,22,0
2026-08-24T04:10:00Z,1787544600,1.9551699999999999,1.95518,1.95464,1.9548299999999998,118,22,0
2026-08-24T04:15:00Z,1787544900,1.95482,1.95512,1.95476,1.95489,102,22,0
2026-08-24T04:20:00Z,1787545200,1.95488,1.95516,1.95472,1.9549699999999999,122,22,0
2026-08-24T04:25:00Z,1787545500,1.9549699999999999,1.95505,1.95445,1.95446,130,22,0
2026-08-24T04:30:00Z,1787545800,1.95446,1.9551500000000002,1.95446,1.95507,108,22,0
2026-08-24T04:35:00Z,1787546100,1.95507,1.95511,1.95464,1.95476,111,22,0
2026-08-24T04:40:00Z,1787546400,1.95476,1.95503,1.9545599999999999,1.95503,93,22,0
2026-08-24T04:45:00Z,1787546700,1.95504,1.95518,1.95498,1.95518,94,22,0
2026-08-24T04:50:00Z,1787547000,1.95518,1.95522,1.955,1.9550100000000001,92,22,0
2026-08-24T04:55:00Z,1787547300,1.95505,1.95516,1.95495,1.9551500000000002,102,22,0
2026-08-24T05:00:00Z,1787547600,1.95514,1.9552399999999999,1.95493,1.95495,86,22,0
2026-08-24T05:05:00Z,1787547900,1.95495,1.95495,1.9546700000000001,1.9548299999999998,80,22,0
2026-08-24T05:10:00Z,1787548200,1.9548299999999998,1.95507,1.95479,1.95488,84,22,0
2026-08-24T05:15:00Z,1787548500,1.95488,1.9552,1.95487,1.9550800000000002,103,22,0
2026-08-24T05:20:00Z,1787548800,1.95507,1.9553099999999999,1.955,1.9552100000000001,88,22,0
2026-08-24T05:25:00Z,1787549100,1.9552100000000001,1.95522,1.95502,1.95513,76,22,0
2026-08-24T05:30:00Z,1787549400,1.95516,1.95568,1.95509,1.95536,122,22,0
2026-08-24T05:35:00Z,1787549700,1.95536,1.95574,1.95516,1.9557099999999998,117,22,0
2026-08-24T05:40:00Z,1787550000,1.9557099999999998,1.9557099999999998,1.9551699999999999,1.95527,101,22,0
2026-08-24T05:45:00Z,1787550300,1.95527,1.9553,1.95496,1.95499,108,22,0
2026-08-24T05:50:00Z,1787550600,1.95499,1.9550800000000002,1.95462,1.95475,105,22,0
2026-08-24T05:55:00Z,1787550900,1.9546999999999999,1.95509,1.9546000000000001,1.95484,118,22,0
2026-08-24T06:00:00Z,1787551200,1.9548299999999998,1.95493,1.95434,1.95438,187,22,0
2026-08-24T06:05:00Z,1787551500,1.95438,1.9544899999999998,1.95394,1.95401,138,22,0
2026-08-24T06:10:00Z,1787551800,1.95401,1.95504,1.9539900000000001,1.95498,159,22,0
2026-08-24T06:15:00Z,1787552100,1.95495,1.95511,1.95473,1.95493,152,22,0
2026-08-24T06:20:00Z,1787552400,1.95493,1.9554,1.95482,1.95509,164,22,0
2026-08-24T06:25:00Z,1787552700,1.95505,1.95505,1.9547400000000001,1.95495,129,22,0
2026-08-24T06:30:00Z,1787553000,1.95495,1.95507,1.95465,1.95471,168,22,0
2026-08-24T06:35:00Z,1787553300,1.9546999999999999,1.9548299999999998,1.95461,1.9546700000000001,115,22,0
2026-08-24T06:40:00Z,1787553600,1.9546700000000001,1.95512,1.95459,1.9550800000000002,102,22,0
2026-08-24T06:45:00Z,1787553900,1.9550800000000002,1.9555099999999999,1.95484,1.95503,134,22,0
2026-08-24T06:50:00Z,1787554200,1.95499,1.95499,1.95407,1.95439,145,22,0
2026-08-24T06:55:00Z,1787554500,1.95439,1.95495,1.95437,1.95476,153,22,0
2026-08-24T07:00:00Z,1787554800,1.95476,1.9549400000000001,1.95418,1.95431,175,22,0
2026-08-24T07:05:00Z,1787555100,1.95428,1.95503,1.95428,1.95498,157,22,0
2026-08-24T07:10:00Z,1787555400,1.95498,1.95498,1.95437,1.95443,138,22,0
2026-08-24T07:15:00Z,1787555700,1.95443,1.95498,1.95434,1.95471,152,22,0
2026-08-24T07:20:00Z,1787556000,1.95468,1.95499,1.95437,1.95498,130,22,0
2026-08-24T07:25:00Z,1787556300,1.955,1.9552100000000001,1.95487,1.95512,157,22,0
2026-08-24T07:30:00Z,1787556600,1.95514,1.95552,1.955,1.95512,140,22,0
2026-08-24T07:35:00Z,1787556900,1.95514,1.95516,1.95453,1.95464,152,22,0
2026-08-24T07:40:00Z,1787557200,1.95466,1.9552,1.9545599999999999,1.9550100000000001,175,22,0
2026-08-24T07:45:00Z,1787557500,1.9550100000000001,1.95519,1.9546700000000001,1.95485,155,22,0
2026-08-24T07:50:00Z,1787557800,1.95485,1.95486,1.95438,1.95442,147,22,0
2026-08-24T07:55:00Z,1787558100,1.95439,1.95476,1.95431,1.95461,159,22,0
2026-08-24T08:00:00Z,1787558400,1.95461,1.95493,1.9545,1.9545,155,22,0
2026-08-24T08:05:00Z,1787558700,1.9545,1.95495,1.9543300000000001,1.9548299999999998,201,22,0
2026-08-24T08:10:00Z,1787559000,1.95482,1.9549400000000001,1.95457,1.9548999999999999,159,22,0
2026-08-24T08:15:00Z,1787559300,1.95491,1.95507,1.95469,1.955,161,22,0
2026-08-24T08:20:00Z,1787559600,1.95499,1.95537,1.95495,1.95527,112,22,0
2026-08-24T08:25:00Z,1787559900,1.95526,1.95568,1.95513,1.95552,139,22,0
2026-08-24T08:30:00Z,1787560200,1.95548,1.95588,1.9554,1.9554,135,22,0
2026-08-24T08:35:00Z,1787560500,1.9554,1.9557799999999999,1.9554,1.95561,110,22,0
2026-08-24T08:40:00Z,1787560800,1.95561,1.95563,1.9551500000000002,1.9551699999999999,141,22,0
2026-08-24T08:45:00Z,1787561100,1.9551699999999999,1.95534,1.95486,1.9549699999999999,118,22,0
2026-08-24T08:50:00Z,1787561400,1.95496,1.95504,1.9544899999999998,1.9544899999999998,150,22,0
2026-08-24T08:55:00Z,1787561700,1.9545,1.95482,1.95441,1.95475,116,22,0
2026-08-24T09:00:00Z,1787562000,1.95478,1.9548100000000002,1.95423,1.95425,136,22,0
2026-08-24T09:05:00Z,1787562300,1.95425,1.95451,1.95392,1.95445,107,22,0
2026-08-24T09:10:00Z,1787562600,1.95445,1.9546000000000001,1.95418,1.95431,116,22,0
2026-08-24T09:15:00Z,1787562900,1.95431,1.95437,1.95404,1.95414,105,22,0
2026-08-24T09:20:00Z,1787563200,1.95415,1.95426,1.95394,1.95423,102,22,0
2026-08-24T09:25:00Z,1787563500,1.95419,1.95439,1.95412,1.95427,104,22,0
2026-08-24T09:30:00Z,1787563800,1.95425,1.95438,1.95389,1.95389,94,22,0
2026-08-24T09:35:00Z,1787564100,1.9538799999999998,1.95441,1.9538600000000002,1.95428,81,22,0
2026-08-24T09:40:00Z,1787564400,1.95427,1.95437,1.95417,1.95417,75,22,0
2026-08-24T09:45:00Z,1787564700,1.95416,1.95425,1.95392,1.95396,107,22,0
2026-08-24T09:50:00Z,1787565000,1.95396,1.95414,1.9538600000000002,1.95396,102,22,0
2026-08-24T09:55:00Z,1787565300,1.95396,1.95407,1.95385,1.9539,115,22,0
2026-08-24T10:00:00Z,1787565600,1.9539,1.9541300000000001,1.9538,1.9539499999999999,121,22,0
2026-08-24T10:05:00Z,1787565900,1.9539499999999999,1.9542000000000002,1.9538799999999998,1.9539499999999999,89,22,0
2026-08-24T10:10:00Z,1787566200,1.9539499999999999,1.95412,1.9538799999999998,1.9538799999999998,96,22,0
2026-08-24T10:15:00Z,1787566500,1.9538600000000002,1.9540899999999999,1.95376,1.95383,113,22,0
2026-08-24T10:20:00Z,1787566800,1.95383,1.95405,1.95367,1.95367,97,22,0
2026-08-24T10:25:00Z,1787567100,1.95367,1.9540600000000001,1.9535900000000002,1.9540199999999999,110,22,0
2026-08-24T10:30:00Z,1787567400,1.9539900000000001,1.95412,1.95392,1.95408,105,22,0
2026-08-24T10:35:00Z,1787567700,1.9540899999999999,1.95421,1.95397,1.95417,87,22,0
2026-08-24T10:40:00Z,1787568000,1.95416,1.95471,1.95416,1.95468,109,22,0
2026-08-24T10:45:00Z,1787568300,1.95468,1.95549,1.95468,1.95541,124,22,0
2026-08-24T10:50:00Z,1787568600,1.9554,1.9558900000000001,1.95526,1.9558,139,22,0
2026-08-24T10:55:00Z,1787568900,1.95581,1.9562300000000001,1.9556499999999999,1.9562300000000001,132,22,0
2026-08-24T11:00:00Z,1787569200,1.95628,1.95678,1.95613,1.9566400000000002,134,22,0
2026-08-24T11:05:00Z,1787569500,1.95668,1.95699,1.95661,1.95686,112,22,0
2026-08-24T11:10:00Z,1787569800,1.95683,1.9571100000000001,1.9567299999999999,1.9569100000000001,104,22,0
2026-08-24T11:15:00Z,1787570100,1.9569100000000001,1.95702,1.95607,1.95607,128,22,0
2026-08-24T11:20:00Z,1787570400,1.95606,1.95675,1.95602,1.9563899999999999,122,22,0
2026-08-24T11:25:00Z,1787570700,1.9564,1.95702,1.9561199999999999,1.9569299999999998,137,22,0
2026-08-24T11:30:00Z,1787571000,1.95692,1.95708,1.95629,1.95655,183,22,0
2026-08-24T11:35:00Z,1787571300,1.9565700000000001,1.9565700000000001,1.95538,1.9557600000000002,452,22,0
2026-08-24T11:40:00Z,1787571600,1.95574,1.95607,1.9554200000000002,1.95604,224,22,0
2026-08-24T11:45:00Z,1787571900,1.95601,1.9565700000000001,1.95584,1.9565700000000001,183,22,0
2026-08-24T11:50:00Z,1787572200,1.95655,1.95655,1.95611,1.95617,153,22,0
2026-08-24T11:55:00Z,1787572500,1.95618,1.9564300000000001,1.95602,1.9563899999999999,128,22,0
2026-08-24T12:00:00Z,1787572800,1.9563700000000002,1.95708,1.9563700000000002,1.95702,170,22,0
2026-08-24T12:05:00Z,1787573100,1.95701,1.95713,1.9566,1.95667,139,22,0
2026-08-24T12:10:00Z,1787573400,1.9566599999999998,1.95686,1.95644,1.95686,124,22,0
2026-08-24T12:15:00Z,1787573700,1.95685,1.9569100000000001,1.95671,1.95671,108,22,0
2026-08-24T12:20:00Z,1787574000,1.9567,1.95676,1.95563,1.95572,187,22,0
2026-08-24T12:25:00Z,1787574300,1.95574,1.9557799999999999,1.95543,1.9557600000000002,100,22,0
2026-08-24T12:30:00Z,1787574600,1.95577,1.95654,1.9556900000000002,1.95593,209,22,0
2026-08-24T12:35:00Z,1787574900,1.9559600000000001,1.9559600000000001,1.95561,1.95568,185,22,0
2026-08-24T12:40:00Z,1787575200,1.95568,1.95594,1.9552100000000001,1.95586,229,22,0
2026-08-24T12:45:00Z,1787575500,1.9558900000000001,1.95607,1.9558,1.9559,150,22,0
2026-08-24T12:50:00Z,1787575800,1.9559,1.95606,1.95574,1.95595,128,22,0
2026-08-24T12:55:00Z,1787576100,1.95595,1.9563199999999998,1.95595,1.9563000000000001,131,22,0
2026-08-24T13:00:00Z,1787576400,1.9563000000000001,1.95631,1.9558900000000001,1.95615,161,22,0
2026-08-24T13:05:00Z,1787576700,1.95615,1.95615,1.95563,1.9558499999999999,153,22,0
2026-08-24T13:10:00Z,1787577000,1.9558499999999999,1.95624,1.9555500000000001,1.95588,148,22,0
2026-08-24T13:15:00Z,1787577300,1.9558900000000001,1.95615,1.95543,1.95549,139,22,0
2026-08-24T13:20:00Z,1787577600,1.95549,1.9559,1.95546,1.95577,155,22,0
2026-08-24T13:25:00Z,1787577900,1.95577,1.9558499999999999,1.95546,1.9557799999999999,155,22,0
2026-08-24T13:30:00Z,1787578200,1.9558,1.95588,1.9550800000000002,1.9552100000000001,204,22,0
2026-08-24T13:35:00Z,1787578500,1.9552,1.95568,1.95506,1.95532,219,22,0
2026-08-24T13:40:00Z,1787578800,1.9553500000000001,1.95587,1.95491,1.95579,204,22,0
2026-08-24T13:45:00Z,1787579100,1.9557600000000002,1.9558,1.95484,1.95511,211,22,0
2026-08-24T13:50:00Z,1787579400,1.95509,1.95557,1.95488,1.9550999999999998,207,22,0
2026-08-24T13:55:00Z,1787579700,1.95509,1.95537,1.95484,1.95485,192,22,0
2026-08-24T14:00:00Z,1787580000,1.95485,1.9552100000000001,1.95472,1.95488,211,22,0
2026-08-24T14:05:00Z,1787580300,1.95487,1.9555500000000001,1.95486,1.95538,199,22,0
2026-08-24T14:10:00Z,1787580600,1.9554,1.9557799999999999,1.95504,1.95554,160,22,0
2026-08-24T14:15:00Z,1787580900,1.95554,1.956,1.9555,1.9558,163,22,0
2026-08-24T14:20:00Z,1787581200,1.95583,1.95584,1.95556,1.95575,142,22,0
2026-08-24T14:25:00Z,1787581500,1.95573,1.9560499999999998,1.95573,1.95599,157,22,0
2026-08-24T14:30:00Z,1787581800,1.95598,1.95648,1.95587,1.9563899999999999,175,22,0
2026-08-24T14:35:00Z,1787582100,1.9563700000000002,1.95663,1.9561600000000001,1.9565000000000001,154,22,0
2026-08-24T14:40:00Z,1787582400,1.95648,1.95679,1.95645,1.95669,141,22,0
2026-08-24T14:45:00Z,1787582700,1.95669,1.9573,1.95669,1.95728,136,22,0
2026-08-24T14:50:00Z,1787583000,1.95728,1.95739,1.95701,1.95736,165,22,0
2026-08-24T14:55:00Z,1787583300,1.95736,1.95776,1.95721,1.95776,197,22,0
2026-08-24T15:00:00Z,1787583600,1.9577499999999999,1.9578799999999998,1.9570400000000001,1.95712,168,22,0
2026-08-24T15:05:00Z,1787583900,1.95709,1.9575399999999998,1.95699,1.9575399999999998,125,22,0
2026-08-24T15:10:00Z,1787584200,1.95756,1.95794,1.95753,1.9578600000000002,120,22,0
2026-08-24T15:15:00Z,1787584500,1.9578600000000002,1.95823,1.9577,1.95814,169,22,0
2026-08-24T15:20:00Z,1787584800,1.9581499999999998,1.95838,1.9580199999999999,1.95804,135,22,0
2026-08-24T15:25:00Z,1787585100,1.95805,1.95808,1.95697,1.9572,221,22,0
2026-08-24T15:30:00Z,1787585400,1.95721,1.95794,1.95715,1.9578,202,22,0
2026-08-24T15:35:00Z,1787585700,1.95777,1.95785,1.9573800000000001,1.9575200000000001,147,22,0
2026-08-24T15:40:00Z,1787586000,1.9575200000000001,1.95771,1.95706,1.95771,153,22,0
2026-08-24T15:45:00Z,1787586300,1.9577499999999999,1.95828,1.95755,1.95824,129,22,0
2026-08-24T15:50:00Z,1787586600,1.95824,1.95834,1.95789,1.958,112,22,0
2026-08-24T15:55:00Z,1787586900,1.9580199999999999,1.95865,1.95798,1.95841,108,22,0
2026-08-24T16:00:00Z,1787587200,1.95842,1.9585,1.95749,1.9578600000000002,256,22,0
2026-08-24T16:05:00Z,1787587500,1.9578799999999998,1.95821,1.95771,1.95821,118,22,0
2026-08-24T16:10:00Z,1787587800,1.95821,1.95827,1.95803,1.95821,91,22,0
2026-08-24T16:15:00Z,1787588100,1.9582000000000002,1.95825,1.9578799999999998,1.95805,119,22,0
2026-08-24T16:20:00Z,1787588400,1.95805,1.95812,1.9578799999999998,1.95794,76,22,0
2026-08-24T16:25:00Z,1787588700,1.95793,1.95793,1.95757,1.95783,96,22,0
2026-08-24T16:30:00Z,1787589000,1.95785,1.9579,1.95773,1.95787,92,22,0
2026-08-24T16:35:00Z,1787589300,1.95787,1.95796,1.95778,1.95793,77,22,0
2026-08-24T16:40:00Z,1787589600,1.95794,1.95797,1.9577200000000001,1.95777,81,22,0
2026-08-24T16:45:00Z,1787589900,1.95777,1.95796,1.95762,1.95785,90,22,0
2026-08-24T16:50:00Z,1787590200,1.9578600000000002,1.95792,1.95758,1.95769,88,22,0
2026-08-24T16:55:00Z,1787590500,1.95769,1.95791,1.95756,1.9578600000000002,131,22,0
2026-08-24T17:00:00Z,1787590800,1.9578600000000002,1.9580899999999999,1.95777,1.9579900000000001,114,22,0
2026-08-24T17:05:00Z,1787591100,1.9579900000000001,1.95812,1.95705,1.95736,193,22,0
2026-08-24T17:10:00Z,1787591400,1.9573800000000001,1.9576099999999999,1.95719,1.95729,160,22,0
2026-08-24T17:15:00Z,1787591700,1.95729,1.9577,1.95729,1.9576500000000001,147,22,0
2026-08-24T17:20:00Z,1787592000,1.95767,1.95837,1.95767,1.9583300000000001,166,22,0
2026-08-24T17:25:00Z,1787592300,1.95834,1.95841,1.9580899999999999,1.95827,137,22,0
2026-08-24T17:30:00Z,1787592600,1.95824,1.95824,1.95798,1.95816,114,22,0
2026-08-24T17:35:00Z,1787592900,1.95816,1.95821,1.95793,1.9579900000000001,89,22,0
2026-08-24T17:40:00Z,1787593200,1.958,1.95811,1.95784,1.95808,89,22,0
2026-08-24T17:45:00Z,1787593500,1.95808,1.95848,1.95807,1.95846,118,22,0
2026-08-24T17:50:00Z,1787593800,1.9584700000000002,1.9584700000000002,1.95819,1.95825,103,22,0
2026-08-24T17:55:00Z,1787594100,1.9582600000000001,1.95846,1.9581,1.9582600000000001,91,22,0
2026-08-24T18:00:00Z,1787594400,1.95824,1.95828,1.95804,1.95804,85,22,0
2026-08-24T18:05:00Z,1787594700,1.95804,1.95816,1.95789,1.95791,95,22,0
2026-08-24T18:10:00Z,1787595000,1.95791,1.95794,1.95764,1.9577499999999999,81,22,0
2026-08-24T18:15:00Z,1787595300,1.95776,1.95777,1.95744,1.9576799999999999,97,22,0
2026-08-24T18:20:00Z,1787595600,1.9576799999999999,1.95774,1.9575,1.95771,71,22,0
2026-08-24T18:25:00Z,1787595900,1.95771,1.95771,1.9574099999999999,1.95751,104,22,0
2026-08-24T18:30:00Z,1787596200,1.9575399999999998,1.95773,1.95744,1.95771,94,22,0
2026-08-24T18:35:00Z,1787596500,1.9577200000000001,1.95808,1.9577200000000001,1.95804,84,22,0
2026-08-24T18:40:00Z,1787596800,1.9580199999999999,1.95807,1.95767,1.9576799999999999,74,22,0
2026-08-24T18:45:00Z,1787597100,1.95767,1.9578799999999998,1.95764,1.95776,77,22,0
2026-08-24T18:50:00Z,1787597400,1.9577499999999999,1.9580199999999999,1.9576500000000001,1.9579900000000001,88,22,0
2026-08-24T18:55:00Z,1787597700,1.95798,1.9580199999999999,1.9577900000000001,1.95801,120,22,0
2026-08-24T19:00:00Z,1787598000,1.95801,1.9581,1.95777,1.95796,81,22,0
2026-08-24T19:05:00Z,1787598300,1.95796,1.95807,1.9578799999999998,1.95805,70,22,0
2026-08-24T19:10:00Z,1787598600,1.95805,1.95805,1.9577200000000001,1.95783,55,22,0
2026-08-24T19:15:00Z,1787598900,1.95783,1.95784,1.95764,1.95766,49,22,0
2026-08-24T19:20:00Z,1787599200,1.95769,1.95773,1.9575200000000001,1.9577200000000001,51,22,0
2026-08-24T19:25:00Z,1787599500,1.9577499999999999,1.95783,1.95771,1.95781,35,22,0
2026-08-24T19:30:00Z,1787599800,1.95781,1.95787,1.95769,1.95769,81,22,0
2026-08-24T19:35:00Z,1787600100,1.95769,1.95783,1.9576799999999999,1.95777,39,22,0
2026-08-24T19:40:00Z,1787600400,1.9578,1.9578,1.9575200000000001,1.9576099999999999,67,22,0
2026-08-24T19:45:00Z,1787600700,1.9576099999999999,1.95766,1.95747,1.95747,69,22,0
2026-08-24T19:50:00Z,1787601000,1.95746,1.95753,1.9574,1.95743,63,22,0
2026-08-24T19:55:00Z,1787601300,1.95743,1.95751,1.95732,1.95735,87,22,0
2026-08-24T20:00:00Z,1787601600,1.9573399999999999,1.95749,1.95716,1.95716,70,22,0
2026-08-24T20:05:00Z,1787601900,1.95716,1.9572500000000002,1.9570699999999999,1.95721,52,22,0
2026-08-24T20:10:00Z,1787602200,1.95721,1.95724,1.9571100000000001,1.95715,40,22,0
2026-08-24T20:15:00Z,1787602500,1.9571800000000001,1.9572699999999998,1.9571399999999999,1.95722,31,22,0
2026-08-24T20:20:00Z,1787602800,1.95723,1.95744,1.95722,1.95744,47,22,0
2026-08-24T20:25:00Z,1787603100,1.95744,1.9575200000000001,1.95735,1.9574799999999999,41,22,0
2026-08-24T20:30:00Z,1787603400,1.9574799999999999,1.95757,1.9574099999999999,1.95757,26,22,0
2026-08-24T20:35:00Z,1787603700,1.95757,1.9576799999999999,1.95747,1.95747,38,22,0
2026-08-24T20:40:00Z,1787604000,1.95747,1.9574799999999999,1.95739,1.95747,18,22,0
2026-08-24T20:45:00Z,1787604300,1.95747,1.9575200000000001,1.9572,1.95723,54,22,0
2026-08-24T20:50:00Z,1787604600,1.95723,1.9572699999999998,1.95713,1.95717,41,22,0
2026-08-24T20:55:00Z,1787604900,1.95717,1.95733,1.9570699999999999,1.95715,82,22,0
2026-08-24T21:05:00Z,1787605500,1.95716,1.9572699999999998,1.95665,1.95674,144,39,0
2026-08-24T21:10:00Z,1787605800,1.9567299999999999,1.95694,1.95663,1.95678,120,134,0
2026-08-24T21:15:00Z,1787606100,1.95679,1.95689,1.9564,1.9565000000000001,133,151,0
2026-08-24T21:20:00Z,1787606400,1.95651,1.95659,1.95642,1.9565700000000001,83,238,0
2026-08-24T21:25:00Z,1787606700,1.95659,1.95671,1.9565000000000001,1.95668,93,210,0
2026-08-24T21:30:00Z,1787607000,1.95669,1.9569299999999998,1.95665,1.95672,71,151,0
2026-08-24T21:35:00Z,1787607300,1.95674,1.95674,1.9565700000000001,1.95665,84,207,0
2026-08-24T21:40:00Z,1787607600,1.9566599999999998,1.95672,1.95662,1.95672,78,221,0
2026-08-24T21:45:00Z,1787607900,1.9567299999999999,1.95697,1.9566400000000002,1.95681,69,148,0
2026-08-24T21:50:00Z,1787608200,1.95679,1.9567999999999999,1.9564300000000001,1.95644,110,176,0
2026-08-24T21:55:00Z,1787608500,1.95648,1.95694,1.95648,1.9567,98,151,0
2026-08-24T22:00:00Z,1787608800,1.9563000000000001,1.95735,1.9563000000000001,1.95735,75,54,0
2026-08-24T22:05:00Z,1787609100,1.95735,1.95736,1.9571399999999999,1.9571399999999999,20,54,0
2026-08-24T22:10:00Z,1787609400,1.9571399999999999,1.95722,1.9570699999999999,1.95709,35,54,0
2026-08-24T22:15:00Z,1787609700,1.95708,1.95708,1.9569,1.9569100000000001,30,54,0
2026-08-24T22:20:00Z,1787610000,1.9569100000000001,1.95696,1.95689,1.9569299999999998,18,54,0
2026-08-24T22:25:00Z,1787610300,1.9569299999999998,1.95695,1.9568699999999999,1.9568699999999999,11,54,0
2026-08-24T22:30:00Z,1787610600,1.9568699999999999,1.95692,1.95679,1.95679,23,54,0
2026-08-24T22:35:00Z,1787610900,1.95679,1.95679,1.95663,1.95663,22,54,0
2026-08-24T22:40:00Z,1787611200,1.95663,1.9567299999999999,1.95662,1.95662,29,54,0
2026-08-24T22:45:00Z,1787611500,1.95662,1.95662,1.95649,1.95649,33,54,0
2026-08-24T22:50:00Z,1787611800,1.95649,1.95663,1.95649,1.95662,21,54,0
2026-08-24T22:55:00Z,1787612100,1.95662,1.95669,1.95661,1.95661,30,54,0
2026-08-24T23:00:00Z,1787612400,1.95676,1.95676,1.95649,1.95658,58,22,0
2026-08-24T23:05:00Z,1787612700,1.95658,1.95667,1.9565299999999999,1.95667,52,22,0
2026-08-24T23:10:00Z,1787613000,1.9566599999999998,1.95669,1.95656,1.95656,51,22,0
2026-08-24T23:15:00Z,1787613300,1.95656,1.9569100000000001,1.95652,1.9569,39,22,0
2026-08-24T23:20:00Z,1787613600,1.9569,1.9569299999999998,1.95682,1.95685,25,22,0
2026-08-24T23:25:00Z,1787613900,1.95685,1.95686,1.95672,1.95685,44,22,0
2026-08-24T23:30:00Z,1787614200,1.95685,1.95685,1.95669,1.95675,54,22,0
2026-08-24T23:35:00Z,1787614500,1.95675,1.9567700000000001,1.95656,1.9565700000000001,38,22,0
2026-08-24T23:40:00Z,1787614800,1.9565700000000001,1.9565700000000001,1.95628,1.9563199999999998,47,22,0
2026-08-24T23:45:00Z,1787615100,1.9563199999999998,1.9563199999999998,1.95583,1.95583,55,22,0
2026-08-24T23:50:00Z,1787615400,1.95583,1.95604,1.95549,1.95584,94,22,0
2026-08-24T23:55:00Z,1787615700,1.95579,1.95611,1.9557600000000002,1.95588,103,22,0
2026-08-25T00:00:00Z,1787616000,1.95586,1.9558900000000001,1.95533,1.95588,151,22,0
2026-08-25T00:05:00Z,1787616300,1.95588,1.95633,1.95575,1.9563000000000001,145,22,0
2026-08-25T00:10:00Z,1787616600,1.95628,1.95631,1.95586,1.95607,119,22,0
2026-08-25T00:15:00Z,1787616900,1.95604,1.95617,1.95595,1.95615,104,22,0
2026-08-25T00:20:00Z,1787617200,1.95613,1.9562599999999999,1.9561,1.95624,93,22,0
2026-08-25T00:25:00Z,1787617500,1.95625,1.9563199999999998,1.956,1.95609,85,22,0
2026-08-25T00:30:00Z,1787617800,1.95608,1.95628,1.9560300000000002,1.95604,123,22,0
2026-08-25T00:35:00Z,1787618100,1.95604,1.95631,1.9558900000000001,1.95625,98,22,0
2026-08-25T00:40:00Z,1787618400,1.95625,1.9564,1.9560300000000002,1.95614,112,22,0
2026-08-25T00:45:00Z,1787618700,1.95614,1.95649,1.95614,1.9564300000000001,129,22,0
2026-08-25T00:50:00Z,1787619000,1.9564300000000001,1.95659,1.95625,1.9565299999999999,134,22,0
2026-08-25T00:55:00Z,1787619300,1.9565000000000001,1.95672,1.9562,1.95631,135,22,0
2026-08-25T01:00:00Z,1787619600,1.95631,1.9571,1.95629,1.95709,170,22,0
2026-08-25T01:05:00Z,1787619900,1.95709,1.95735,1.95674,1.95706,152,22,0
2026-08-25T01:10:00Z,1787620200,1.95706,1.95733,1.95655,1.95667,142,22,0
2026-08-25T01:15:00Z,1787620500,1.95668,1.9570699999999999,1.95665,1.95695,128,22,0
2026-08-25T01:20:00Z,1787620800,1.95695,1.9574,1.95675,1.95733,103,22,0
2026-08-25T01:25:00Z,1787621100,1.9573,1.95743,1.95705,1.95716,107,22,0
2026-08-25T01:30:00Z,1787621400,1.95715,1.95744,1.95688,1.95743,107,22,0
2026-08-25T01:35:00Z,1787621700,1.9574099999999999,1.9575,1.95686,1.9569299999999998,138,22,0
2026-08-25T01:40:00Z,1787622000,1.95694,1.9572500000000002,1.95688,1.95723,115,22,0
2026-08-25T01:45:00Z,1787622300,1.95722,1.95731,1.95695,1.95695,99,22,0
2026-08-25T01:50:00Z,1787622600,1.95696,1.95719,1.95696,1.95701,110,22,0
2026-08-25T01:55:00Z,1787622900,1.9570400000000001,1.95705,1.95685,1.95699,114,22,0
2026-08-25T02:00:00Z,1787623200,1.95699,1.9571399999999999,1.95683,1.9571100000000001,125,22,0
2026-08-25T02:05:00Z,1787623500,1.9571100000000001,1.95733,1.9566,1.9566,122,22,0
2026-08-25T02:10:00Z,1787623800,1.95661,1.95694,1.95644,1.95682,95,22,0
2026-08-25T02:15:00Z,1787624100,1.95683,1.9570699999999999,1.9566599999999998,1.9566599999999998,106,22,0
2026-08-25T02:20:00Z,1787624400,1.9566400000000002,1.9567999999999999,1.95613,1.95618,85,22,0
2026-08-25T02:25:00Z,1787624700,1.95617,1.95627,1.9558499999999999,1.9558499999999999,97,22,0
2026-08-25T02:30:00Z,1787625000,1.9558900000000001,1.95624,1.95581,1.9561199999999999,139,22,0
2026-08-25T02:35:00Z,1787625300,1.9561199999999999,1.9561199999999999,1.95577,1.95579,108,22,0
2026-08-25T02:40:00Z,1787625600,1.9557799999999999,1.9559199999999999,1.9554399999999998,1.9558900000000001,103,22,0
2026-08-25T02:45:00Z,1787625900,1.9559,1.95608,1.95573,1.9560300000000002,99,22,0
2026-08-25T02:50:00Z,1787626200,1.9560300000000002,1.95618,1.9556,1.9556499999999999,145,22,0
2026-08-25T02:55:00Z,1787626500,1.9556499999999999,1.95598,1.95561,1.95579,111,22,0
2026-08-25T03:00:00Z,1787626800,1.95577,1.95651,1.95568,1.9563899999999999,129,22,0
2026-08-25T03:05:00Z,1787627100,1.95638,1.95642,1.95567,1.95567,133,22,0
2026-08-25T03:10:00Z,1787627400,1.9557099999999998,1.9559199999999999,1.9555799999999999,1.9556200000000001,130,22,0
2026-08-25T03:15:00Z,1787627700,1.9556200000000001,1.95568,1.9553099999999999,1.9553500000000001,95,22,0
2026-08-25T03:20:00Z,1787628000,1.9553500000000001,1.95548,1.9553500000000001,1.9554,77,22,0
2026-08-25T03:25:00Z,1787628300,1.95543,1.95543,1.95492,1.9550800000000002,103,22,0
2026-08-25T03:30:00Z,1787628600,1.95512,1.9553099999999999,1.95491,1.95498,77,22,0
2026-08-25T03:35:00Z,1787628900,1.9549699999999999,1.95572,1.9548299999999998,1.95568,110,22,0
2026-08-25T03:40:00Z,1787629200,1.9556499999999999,1.9556499999999999,1.95513,1.9554399999999998,78,22,0
2026-08-25T03:45:00Z,1787629500,1.95546,1.95584,1.95546,1.95567,67,22,0
2026-08-25T03:50:00Z,1787629800,1.95567,1.9563700000000002,1.95566,1.95624,87,22,0
2026-08-25T03:55:00Z,1787630100,1.95624,1.95652,1.9561600000000001,1.95651,75,22,0
2026-08-25T04:00:00Z,1787630400,1.9565299999999999,1.95655,1.95624,1.95627,93,22,0
2026-08-25T04:05:00Z,1787630700,1.95628,1.95644,1.9561600000000001,1.9564,84,22,0
2026-08-25T04:10:00Z,1787631000,1.9563899999999999,1.95647,1.95564,1.95574,104,22,0
2026-08-25T04:15:00Z,1787631300,1.95575,1.95608,1.95575,1.95606,71,22,0
2026-08-25T04:20:00Z,1787631600,1.95606,1.9561899999999999,1.95597,1.95614,62,22,0
2026-08-25T04:25:00Z,1787631900,1.95613,1.95628,1.9560499999999998,1.95621,66,22,0
2026-08-25T04:30:00Z,1787632200,1.95622,1.9565000000000001,1.95611,1.95611,94,22,0
2026-08-25T04:35:00Z,1787632500,1.95614,1.9561600000000001,1.9559,1.95594,74,22,0
2026-08-25T04:40:00Z,1787632800,1.95594,1.95625,1.9559,1.9561899999999999,80,22,0
2026-08-25T04:45:00Z,1787633100,1.9562,1.95669,1.95618,1.95659,86,22,0
2026-08-25T04:50:00Z,1787633400,1.95659,1.9566599999999998,1.9564,1.95649,78,22,0
2026-08-25T04:55:00Z,1787633700,1.95649,1.95667,1.9564300000000001,1.9566599999999998,59,22,0
2026-08-25T05:00:00Z,1787634000,1.9566599999999998,1.95669,1.95634,1.9563899999999999,99,22,0
2026-08-25T05:05:00Z,1787634300,1.95636,1.95649,1.9562,1.9563899999999999,67,22,0
2026-08-25T05:10:00Z,1787634600,1.9564,1.95648,1.95634,1.9564,61,22,0
2026-08-25T05:15:00Z,1787634900,1.9563899999999999,1.9564599999999999,1.95625,1.95635,61,22,0
2026-08-25T05:20:00Z,1787635200,1.9563000000000001,1.95649,1.95628,1.9564599999999999,55,22,0
2026-08-25T05:25:00Z,1787635500,1.9564599999999999,1.95686,1.9564599999999999,1.95668,105,22,0
2026-08-25T05:30:00Z,1787635800,1.9566400000000002,1.9568699999999999,1.95644,1.95685,105,22,0
2026-08-25T05:35:00Z,1787636100,1.95682,1.95692,1.9566,1.95669,85,22,0
2026-08-25T05:40:00Z,1787636400,1.95669,1.95716,1.95669,1.95709,99,22,0
2026-08-25T05:45:00Z,1787636700,1.95709,1.9571,1.95688,1.95708,73,22,0
2026-08-25T05:50:00Z,1787637000,1.95706,1.9573,1.95701,1.9570400000000001,80,22,0
2026-08-25T05:55:00Z,1787637300,1.95701,1.95743,1.9568400000000001,1.9573800000000001,142,22,0
2026-08-25T06:00:00Z,1787637600,1.9574099999999999,1.9574500000000001,1.9569800000000002,1.95724,183,22,0
2026-08-25T06:05:00Z,1787637900,1.95723,1.95744,1.95708,1.95744,136,22,0
2026-08-25T06:10:00Z,1787638200,1.95743,1.9575399999999998,1.95723,1.95723,120,22,0
2026-08-25T06:15:00Z,1787638500,1.95722,1.9574099999999999,1.95709,1.95712,98,22,0
2026-08-25T06:20:00Z,1787638800,1.9571100000000001,1.95732,1.9570400000000001,1.95705,107,22,0
2026-08-25T06:25:00Z,1787639100,1.95705,1.95708,1.95671,1.95686,119,22,0
2026-08-25T06:30:00Z,1787639400,1.95685,1.95737,1.95669,1.95737,115,22,0
2026-08-25T06:35:00Z,1787639700,1.9573800000000001,1.95755,1.95729,1.95737,127,22,0
2026-08-25T06:40:00Z,1787640000,1.9573800000000001,1.9574099999999999,1.9568699999999999,1.95703,119,22,0
2026-08-25T06:45:00Z,1787640300,1.9569999999999999,1.9572,1.95696,1.95719,93,22,0
2026-08-25T06:50:00Z,1787640600,1.9571800000000001,1.95771,1.9571399999999999,1.95769,125,22,0
2026-08-25T06:55:00Z,1787640900,1.9577,1.95778,1.95736,1.9573800000000001,132,22,0
2026-08-25T07:00:00Z,1787641200,1.95736,1.9580199999999999,1.95726,1.95784,158,22,0
2026-08-25T07:05:00Z,1787641500,1.95781,1.9581499999999998,1.95767,1.95801,148,22,0
2026-08-25T07:10:00Z,1787641800,1.95801,1.95825,1.95791,1.9582199999999998,108,22,0
2026-08-25T07:15:00Z,1787642100,1.95824,1.95838,1.95803,1.95828,138,22,0
2026-08-25T07:20:00Z,1787642400,1.9582899999999999,1.95854,1.95827,1.95854,99,22,0
2026-08-25T07:25:00Z,1787642700,1.95854,1.95872,1.95839,1.95842,133,22,0
2026-08-25T07:30:00Z,1787643000,1.95843,1.9590999999999998,1.95843,1.95898,135,22,0
2026-08-25T07:35:00Z,1787643300,1.95898,1.95918,1.9588700000000001,1.9589699999999999,139,22,0
2026-08-25T07:40:00Z,1787643600,1.95896,1.95948,1.95896,1.95922,111,22,0
2026-08-25T07:45:00Z,1787643900,1.9592,1.95927,1.95895,1.95895,121,22,0
2026-08-25T07:50:00Z,1787644200,1.95895,1.95922,1.9588700000000001,1.95919,134,22,0
2026-08-25T07:55:00Z,1787644500,1.95915,1.9592399999999999,1.95896,1.9590999999999998,99,22,0
2026-08-25T08:00:00Z,1787644800,1.95905,1.95948,1.9588700000000001,1.95947,169,22,0
2026-08-25T08:05:00Z,1787645100,1.95949,1.96007,1.95949,1.95998,144,22,0
2026-08-25T08:10:00Z,1787645400,1.95999,1.9604599999999999,1.9598900000000001,1.95991,157,22,0
2026-08-25T08:15:00Z,1787645700,1.95991,1.9599199999999999,1.95864,1.95868,172,22,0
2026-08-25T08:20:00Z,1787646000,1.9586999999999999,1.95896,1.95732,1.95756,298,22,0
2026-08-25T08:25:00Z,1787646300,1.9576,1.95875,1.95747,1.9585599999999999,276,22,0
2026-08-25T08:30:00Z,1787646600,1.95857,1.9593,1.9585599999999999,1.9588,172,22,0
2026-08-25T08:35:00Z,1787646900,1.95879,1.95938,1.95879,1.95934,165,22,0
2026-08-25T08:40:00Z,1787647200,1.95932,1.95945,1.9592,1.95934,111,22,0
2026-08-25T08:45:00Z,1787647500,1.95933,1.9595099999999999,1.95925,1.9593,140,22,0
2026-08-25T08:50:00Z,1787647800,1.9593,1.95946,1.95925,1.9593500000000001,127,22,0
2026-08-25T08:55:00Z,1787648100,1.9593500000000001,1.9594,1.9591699999999999,1.95932,132,22,0
2026-08-25T09:00:00Z,1787648400,1.95932,1.95948,1.9588100000000002,1.9588299999999998,181,22,0
2026-08-25T09:05:00Z,1787648700,1.9588299999999998,1.95899,1.9583300000000001,1.9583599999999999,160,22,0
2026-08-25T09:10:00Z,1787649000,1.9583599999999999,1.9585599999999999,1.95817,1.95844,165,22,0
2026-08-25T09:15:00Z,1787649300,1.95844,1.95872,1.95825,1.95848,161,22,0
2026-08-25T09:20:00Z,1787649600,1.95848,1.95854,1.95821,1.9584899999999998,119,22,0
2026-08-25T09:25:00Z,1787649900,1.95848,1.95878,1.95823,1.95865,141,22,0
2026-08-25T09:30:00Z,1787650200,1.95862,1.9589400000000001,1.9577,1.9577900000000001,204,22,0
2026-08-25T09:35:00Z,1787650500,1.9578,1.95798,1.95751,1.95791,233,22,0
2026-08-25T09:40:00Z,1787650800,1.9578799999999998,1.9580199999999999,1.95769,1.9577900000000001,154,22,0
2026-08-25T09:45:00Z,1787651100,1.95781,1.9579,1.9572699999999998,1.95731,151,22,0
2026-08-25T09:50:00Z,1787651400,1.95731,1.9574,1.95678,1.95696,167,22,0
2026-08-25T09:55:00Z,1787651700,1.9569299999999998,1.9571399999999999,1.95671,1.95712,140,22,0
2026-08-25T10:00:00Z,1787652000,1.9571399999999999,1.95753,1.9571399999999999,1.95747,152,22,0
2026-08-25T10:05:00Z,1787652300,1.9574500000000001,1.95762,1.95717,1.9575,125,22,0
2026-08-25T10:10:00Z,1787652600,1.9575,1.9577499999999999,1.95733,1.95733,133,22,0
2026-08-25T10:15:00Z,1787652900,1.95733,1.9573399999999999,1.9569800000000002,1.95706,115,22,0
2026-08-25T10:20:00Z,1787653200,1.95709,1.95733,1.95706,1.95732,107,22,0
2026-08-25T10:25:00Z,1787653500,1.95729,1.95729,1.9569,1.9570699999999999,112,22,0
2026-08-25T10:30:00Z,1787653800,1.95703,1.95705,1.9566400000000002,1.95686,108,22,0
2026-08-25T10:35:00Z,1787654100,1.95686,1.9569,1.95644,1.9565299999999999,101,22,0
2026-08-25T10:40:00Z,1787654400,1.9565299999999999,1.95654,1.95614,1.9562,124,22,0
2026-08-25T10:45:00Z,1787654700,1.95621,1.9563000000000001,1.956,1.95604,90,22,0
2026-08-25T10:50:00Z,1787655000,1.95604,1.95604,1.95588,1.95601,103,22,0
2026-08-25T10:55:00Z,1787655300,1.9560300000000002,1.95609,1.95575,1.95583,114,22,0
2026-08-25T11:00:00Z,1787655600,1.95584,1.95599,1.95533,1.95536,135,22,0
2026-08-25T11:05:00Z,1787655900,1.95537,1.95586,1.9552800000000001,1.95573,149,22,0
2026-08-25T11:10:00Z,1787656200,1.95573,1.95575,1.95514,1.95514,131,22,0
2026-08-25T11:15:00Z,1787656500,1.9551500000000002,1.9552,1.95488,1.95514,134,22,0
2026-08-25T11:20:00Z,1787656800,1.95514,1.95522,1.95465,1.95477,125,22,0
2026-08-25T11:25:00Z,1787657100,1.95477,1.95514,1.95473,1.9550800000000002,105,22,0
2026-08-25T11:30:00Z,1787657400,1.95507,1.9552100000000001,1.95468,1.95491,146,22,0
2026-08-25T11:35:00Z,1787657700,1.9548999999999999,1.9550800000000002,1.95451,1.95453,90,22,0
2026-08-25T11:40:00Z,1787658000,1.95453,1.9546299999999999,1.95423,1.95431,101,22,0
2026-08-25T11:45:00Z,1787658300,1.95431,1.95431,1.95401,1.95401,121,22,0
2026-08-25T11:50:00Z,1787658600,1.95401,1.95459,1.95362,1.95458,165,22,0
2026-08-25T11:55:00Z,1787658900,1.95458,1.95475,1.95443,1.9545,145,22,0
2026-08-25T12:00:00Z,1787659200,1.95451,1.9552800000000001,1.9545,1.95492,179,22,0
2026-08-25T12:05:00Z,1787659500,1.95491,1.9551500000000002,1.95462,1.95464,164,22,0
2026-08-25T12:10:00Z,1787659800,1.95465,1.95476,1.95428,1.95464,163,22,0
2026-08-25T12:15:00Z,1787660100,1.95465,1.95518,1.95461,1.95511,142,22,0
2026-08-25T12:20:00Z,1787660400,1.9550800000000002,1.95553,1.95503,1.9554,150,22,0
2026-08-25T12:25:00Z,1787660700,1.9554,1.9556900000000002,1.95532,1.9555099999999999,110,22,0
2026-08-25T12:30:00Z,1787661000,1.9555099999999999,1.9561600000000001,1.9554,1.95611,153,22,0
2026-08-25T12:35:00Z,1787661300,1.95614,1.9565000000000001,1.9558900000000001,1.95638,133,22,0
2026-08-25T12:40:00Z,1787661600,1.9564300000000001,1.95648,1.95593,1.95611,134,22,0
2026-08-25T12:45:00Z,1787661900,1.95607,1.95642,1.95607,1.95636,140,22,0
2026-08-25T12:50:00Z,1787662200,1.9563700000000002,1.95642,1.95574,1.9558200000000001,142,22,0
2026-08-25T12:55:00Z,1787662500,1.9558200000000001,1.95583,1.95547,1.9556200000000001,133,22,0
2026-08-25T13:00:00Z,1787662800,1.9556499999999999,1.95635,1.9556499999999999,1.95611,162,22,0
2026-08-25T13:05:00Z,1787663100,1.95609,1.95642,1.956,1.95614,184,22,0
2026-08-25T13:10:00Z,1787663400,1.95611,1.95621,1.9555500000000001,1.9557799999999999,243,22,0
2026-08-25T13:15:00Z,1787663700,1.9558,1.9559,1.9555799999999999,1.95577,158,22,0
2026-08-25T13:20:00Z,1787664000,1.95577,1.9563000000000001,1.95577,1.9563000000000001,165,22,0
2026-08-25T13:25:00Z,1787664300,1.95627,1.95652,1.9561600000000001,1.95642,158,22,0
2026-08-25T13:30:00Z,1787664600,1.95638,1.95652,1.9555500000000001,1.95559,202,22,0
2026-08-25T13:35:00Z,1787664900,1.95559,1.95662,1.95559,1.95659,181,22,0
2026-08-25T13:40:00Z,1787665200,1.9566,1.95685,1.95625,1.95635,190,22,0
2026-08-25T13:45:00Z,1787665500,1.95635,1.9564599999999999,1.9561,1.9564599999999999,175,22,0
2026-08-25T13:50:00Z,1787665800,1.9564599999999999,1.95655,1.95621,1.95654,155,22,0
2026-08-25T13:55:00Z,1787666100,1.95658,1.9569299999999998,1.95624,1.95633,190,22,0
2026-08-25T14:00:00Z,1787666400,1.95628,1.9565299999999999,1.9559600000000001,1.95634,209,22,0
2026-08-25T14:05:00Z,1787666700,1.95636,1.95672,1.95622,1.95656,180,22,0
2026-08-25T14:10:00Z,1787667000,1.9565299999999999,1.95668,1.9558,1.95586,168,22,0
2026-08-25T14:15:00Z,1787667300,1.9558499999999999,1.9558499999999999,1.9554,1.95567,182,22,0
2026-08-25T14:20:00Z,1787667600,1.95566,1.95572,1.95534,1.95564,147,22,0
2026-08-25T14:25:00Z,1787667900,1.95563,1.9556499999999999,1.9550800000000002,1.95518,138,22,0
2026-08-25T14:30:00Z,1787668200,1.95519,1.9559199999999999,1.9547400000000001,1.9551699999999999,259,22,0
2026-08-25T14:35:00Z,1787668500,1.95514,1.9552100000000001,1.95468,1.95489,172,22,0
2026-08-25T14:40:00Z,1787668800,1.9548999999999999,1.9552399999999999,1.95458,1.95458,165,22,0
2026-08-25T14:45:00Z,1787669100,1.95459,1.95462,1.95425,1.95446,175,22,0
2026-08-25T14:50:00Z,1787669400,1.9544899999999998,1.95504,1.95435,1.95485,193,22,0
2026-08-25T14:55:00Z,1787669700,1.95485,1.95512,1.95462,1.95493,189,22,0
2026-08-25T15:00:00Z,1787670000,1.9549400000000001,1.95534,1.95492,1.9553099999999999,170,22,0
2026-08-25T15:05:00Z,1787670300,1.9553099999999999,1.95538,1.95499,1.9550999999999998,144,22,0
2026-08-25T15:10:00Z,1787670600,1.95507,1.9555,1.95488,1.9555,114,22,0
2026-08-25T15:15:00Z,1787670900,1.9555,1.95568,1.95516,1.95519,126,22,0
2026-08-25T15:20:00Z,1787671200,1.95519,1.9554399999999998,1.9550100000000001,1.9554399999999998,146,22,0
2026-08-25T15:25:00Z,1787671500,1.95545,1.9556,1.9552800000000001,1.95538,132,22,0
2026-08-25T15:30:00Z,1787671800,1.95537,1.95538,1.95426,1.95439,206,22,0
2026-08-25T15:35:00Z,1787672100,1.95437,1.95441,1.95408,1.95419,219,22,0
2026-08-25T15:40:00Z,1787672400,1.9542000000000002,1.95462,1.9542000000000002,1.95452,162,22,0
2026-08-25T15:45:00Z,1787672700,1.95453,1.95503,1.9545,1.95499,122,22,0
2026-08-25T15:50:00Z,1787673000,1.955,1.95546,1.95484,1.95541,146,22,0
2026-08-25T15:55:00Z,1787673300,1.95541,1.95541,1.9548100000000002,1.95484,149,22,0
2026-08-25T16:00:00Z,1787673600,1.95486,1.95513,1.95478,1.95513,124,22,0
2026-08-25T16:05:00Z,1787673900,1.95513,1.95538,1.95502,1.95532,112,22,0
2026-08-25T16:10:00Z,1787674200,1.9553099999999999,1.9554200000000002,1.95509,1.9550999999999998,109,22,0
2026-08-25T16:15:00Z,1787674500,1.95512,1.9552399999999999,1.95482,1.95484,107,22,0
2026-08-25T16:20:00Z,1787674800,1.9548299999999998,1.9550100000000001,1.95471,1.95471,85,22,0
2026-08-25T16:25:00Z,1787675100,1.9546999999999999,1.95498,1.9546700000000001,1.9549400000000001,109,22,0
2026-08-25T16:30:00Z,1787675400,1.95493,1.9550999999999998,1.95482,1.9549400000000001,98,22,0
2026-08-25T16:35:00Z,1787675700,1.9549400000000001,1.9552100000000001,1.95492,1.95513,95,22,0
2026-08-25T16:40:00Z,1787676000,1.95512,1.9552100000000001,1.95496,1.95504,84,22,0
2026-08-25T16:45:00Z,1787676300,1.95504,1.9552100000000001,1.955,1.95513,82,22,0
2026-08-25T16:50:00Z,1787676600,1.95514,1.95529,1.9550800000000002,1.95525,62,22,0
2026-08-25T16:55:00Z,1787676900,1.9552,1.9552800000000001,1.9550800000000002,1.95513,98,22,0
2026-08-25T17:00:00Z,1787677200,1.95509,1.9554,1.95509,1.95534,107,22,0
2026-08-25T17:05:00Z,1787677500,1.95533,1.9557099999999998,1.95532,1.95563,112,22,0
2026-08-25T17:10:00Z,1787677800,1.9556200000000001,1.95564,1.95532,1.95545,106,22,0
2026-08-25T17:15:00Z,1787678100,1.95545,1.95547,1.95496,1.9549699999999999,99,22,0
2026-08-25T17:20:00Z,1787678400,1.9549699999999999,1.95513,1.9548299999999998,1.95512,73,22,0
2026-08-25T17:25:00Z,1787678700,1.95512,1.9551500000000002,1.95495,1.95498,82,22,0
2026-08-25T17:30:00Z,1787679000,1.95498,1.95504,1.9547400000000001,1.9548100000000002,83,22,0
2026-08-25T17:35:00Z,1787679300,1.95482,1.9548299999999998,1.95461,1.95472,71,22,0
2026-08-25T17:40:00Z,1787679600,1.95472,1.95482,1.95459,1.9546999999999999,83,22,0
2026-08-25T17:45:00Z,1787679900,1.95471,1.95479,1.95442,1.95452,69,22,0
2026-08-25T17:50:00Z,1787680200,1.95453,1.9546000000000001,1.9544700000000002,1.95452,62,22,0
2026-08-25T17:55:00Z,1787680500,1.9545400000000002,1.9545599999999999,1.9543599999999999,1.95442,97,22,0
2026-08-25T18:00:00Z,1787680800,1.95443,1.95452,1.95435,1.95435,75,22,0
2026-08-25T18:05:00Z,1787681100,1.95434,1.95442,1.9542000000000002,1.95431,81,22,0
2026-08-25T18:10:00Z,1787681400,1.95431,1.95444,1.95412,1.95444,89,22,0
2026-08-25T18:15:00Z,1787681700,1.95444,1.9547400000000001,1.95437,1.95464,84,22,0
2026-08-25T18:20:00Z,1787682000,1.95464,1.95479,1.9546299999999999,1.95466,94,22,0
2026-08-25T18:25:00Z,1787682300,1.9546700000000001,1.9546700000000001,1.95442,1.95442,84,22,0
2026-08-25T18:30:00Z,1787682600,1.95442,1.95458,1.95442,1.95457,63,22,0
2026-08-25T18:35:00Z,1787682900,1.95458,1.95466,1.95452,1.95465,61,22,0
2026-08-25T18:40:00Z,1787683200,1.95465,1.95466,1.95446,1.95451,59,22,0
2026-08-25T18:45:00Z,1787683500,1.95452,1.9545599999999999,1.9543599999999999,1.9543599999999999,65,22,0
2026-08-25T18:50:00Z,1787683800,1.9543599999999999,1.95446,1.9543,1.95438,65,22,0
2026-08-25T18:55:00Z,1787684100,1.95438,1.95445,1.9542199999999998,1.95428,65,22,0
2026-08-25T19:00:00Z,1787684400,1.95431,1.95451,1.95431,1.9544000000000001,77,22,0
2026-08-25T19:05:00Z,1787684700,1.9544000000000001,1.95442,1.9539900000000001,1.9540199999999999,55,22,0
2026-08-25T19:10:00Z,1787685000,1.95403,1.9541300000000001,1.95396,1.9540600000000001,54,22,0
2026-08-25T19:15:00Z,1787685300,1.9540600000000001,1.95408,1.9537499999999999,1.95389,74,22,0
2026-08-25T19:20:00Z,1787685600,1.95391,1.95407,1.9537200000000001,1.9537200000000001,97,22,0
2026-08-25T19:25:00Z,1787685900,1.9537200000000001,1.95387,1.95367,1.95378,47,22,0
2026-08-25T19:30:00Z,1787686200,1.95376,1.95377,1.95324,1.9533,93,22,0
2026-08-25T19:35:00Z,1787686500,1.95329,1.95329,1.9527299999999999,1.9527299999999999,91,22,0
2026-08-25T19:40:00Z,1787686800,1.9527299999999999,1.95278,1.95262,1.95276,78,22,0
2026-08-25T19:45:00Z,1787687100,1.95275,1.9530699999999999,1.95272,1.95297,75,22,0
2026-08-25T19:50:00Z,1787687400,1.95299,1.95303,1.95241,1.95267,129,22,0
2026-08-25T19:55:00Z,1787687700,1.9526599999999998,1.9527999999999999,1.95221,1.9525000000000001,161,22,0
2026-08-25T20:00:00Z,1787688000,1.9525000000000001,1.95268,1.95248,1.95258,93,22,0
2026-08-25T20:05:00Z,1787688300,1.95254,1.9526400000000002,1.95231,1.95231,78,22,0
2026-08-25T20:10:00Z,1787688600,1.95231,1.9525700000000001,1.95221,1.95251,72,22,0
2026-08-25T20:15:00Z,1787688900,1.95251,1.95276,1.95247,1.95263,101,22,0
2026-08-25T20:20:00Z,1787689200,1.95263,1.95283,1.95263,1.95279,55,22,0
2026-08-25T20:25:00Z,1787689500,1.95279,1.95282,1.95262,1.95271,60,22,0
2026-08-25T20:30:00Z,1787689800,1.9527,1.95275,1.9525299999999999,1.95275,70,22,0
2026-08-25T20:35:00Z,1787690100,1.95276,1.95323,1.95276,1.95322,55,22,0
2026-08-25T20:40:00Z,1787690400,1.95319,1.95331,1.95316,1.95328,56,22,0
2026-08-25T20:45:00Z,1787690700,1.95328,1.95343,1.9531800000000001,1.9532,68,22,0
2026-08-25T20:50:00Z,1787691000,1.9532,1.95321,1.95296,1.9529800000000002,53,22,0
2026-08-25T20:55:00Z,1787691300,1.95294,1.9532,1.95285,1.95293,103,12,0
2026-08-25T21:00:00Z,1787691600,1.95294,1.95294,1.95294,1.95294,1,59,0
2026-08-25T21:05:00Z,1787691900,1.95295,1.95295,1.95295,1.95295,1,59,0
2026-08-25T21:10:00Z,1787692200,1.95296,1.95296,1.95028,1.9505400000000002,200,59,0
2026-08-25T21:15:00Z,1787692500,1.9505400000000002,1.95127,1.95037,1.95082,158,591,0
2026-08-25T21:20:00Z,1787692800,1.9508100000000002,1.95088,1.95,1.95001,115,599,0
2026-08-25T21:25:00Z,1787693100,1.9500199999999999,1.9503300000000001,1.9500199999999999,1.95019,107,678,0
2026-08-25T21:30:00Z,1787693400,1.95018,1.95045,1.9496099999999998,1.94989,111,661,0
2026-08-25T21:35:00Z,1787693700,1.9498799999999998,1.9505599999999998,1.9498,1.95014,146,655,0
2026-08-25T21:40:00Z,1787694000,1.95016,1.95052,1.9500199999999999,1.95051,74,661,0
2026-08-25T21:45:00Z,1787694300,1.95051,1.95068,1.95048,1.95065,110,636,0
2026-08-25T21:50:00Z,1787694600,1.95066,1.95132,1.9506299999999999,1.9513,93,532,0
2026-08-25T21:55:00Z,1787694900,1.95134,1.95198,1.95014,1.95016,139,431,0
2026-08-25T22:00:00Z,1787695200,1.9501300000000001,1.95326,1.9501300000000001,1.95326,119,54,0
2026-08-25T22:05:00Z,1787695500,1.9532699999999998,1.95344,1.95315,1.9534099999999999,29,54,0
2026-08-25T22:10:00Z,1787695800,1.9534099999999999,1.95358,1.9532699999999998,1.95358,56,54,0
2026-08-25T22:15:00Z,1787696100,1.95355,1.95362,1.9533800000000001,1.9533800000000001,43,54,0
2026-08-25T22:20:00Z,1787696400,1.9534,1.95353,1.95337,1.9535200000000001,37,54,0
2026-08-25T22:25:00Z,1787696700,1.9535200000000001,1.9537499999999999,1.9534799999999999,1.95349,45,54,0
2026-08-25T22:30:00Z,1787697000,1.9535,1.9535,1.95339,1.95339,30,54,0
2026-08-25T22:35:00Z,1787697300,1.9533800000000001,1.9534,1.95328,1.95328,28,54,0
2026-08-25T22:40:00Z,1787697600,1.95328,1.95328,1.95315,1.9532500000000002,40,54,0
2026-08-25T22:45:00Z,1787697900,1.9532500000000002,1.9532500000000002,1.95304,1.95306,32,54,0
2026-08-25T22:50:00Z,1787698200,1.95306,1.95306,1.95302,1.95304,23,54,0
2026-08-25T22:55:00Z,1787698500,1.95304,1.95305,1.95292,1.95294,23,54,0
2026-08-25T23:00:00Z,1787698800,1.95309,1.9531399999999999,1.95302,1.95309,40,22,0
2026-08-25T23:05:00Z,1787699100,1.95309,1.95316,1.95303,1.95315,41,22,0
2026-08-25T23:10:00Z,1787699400,1.95315,1.95323,1.9530699999999999,1.95322,45,22,0
2026-08-25T23:15:00Z,1787699700,1.95322,1.95323,1.9530699999999999,1.95317,34,22,0
2026-08-25T23:20:00Z,1787700000,1.9531800000000001,1.95319,1.95297,1.95303,38,22,0
2026-08-25T23:25:00Z,1787700300,1.95305,1.9533,1.9529999999999998,1.9532,62,22,0
2026-08-25T23:30:00Z,1787700600,1.9532,1.9533,1.9532,1.9533,25,22,0
2026-08-25T23:35:00Z,1787700900,1.9533,1.9533800000000001,1.95329,1.95337,23,22,0
2026-08-25T23:40:00Z,1787701200,1.95337,1.9537499999999999,1.95329,1.95354,64,22,0
2026-08-25T23:45:00Z,1787701500,1.95354,1.95358,1.95336,1.9534,47,22,0
2026-08-25T23:50:00Z,1787701800,1.9533,1.95357,1.9531399999999999,1.9535200000000001,93,22,0
2026-08-25T23:55:00Z,1787702100,1.9535200000000001,1.9537499999999999,1.9534799999999999,1.95373,98,22,0
2026-08-26T00:00:00Z,1787702400,1.95374,1.95392,1.9536,1.95369,137,22,0
2026-08-26T00:05:00Z,1787702700,1.95367,1.95414,1.95366,1.95383,130,22,0
2026-08-26T00:10:00Z,1787703000,1.95382,1.95384,1.95301,1.9530699999999999,124,22,0
2026-08-26T00:15:00Z,1787703300,1.9530699999999999,1.95331,1.95297,1.9532,106,22,0
2026-08-26T00:20:00Z,1787703600,1.9532,1.95342,1.9532,1.95331,97,22,0
2026-08-26T00:25:00Z,1787703900,1.95331,1.95351,1.95315,1.95342,90,22,0
2026-08-26T00:30:00Z,1787704200,1.95342,1.9534500000000001,1.95317,1.9533800000000001,76,22,0
2026-08-26T00:35:00Z,1787704500,1.9533800000000001,1.9537200000000001,1.95333,1.95351,119,22,0
2026-08-26T00:40:00Z,1787704800,1.95351,1.95358,1.95296,1.95304,99,22,0
2026-08-26T00:45:00Z,1787705100,1.95305,1.9536099999999998,1.9529100000000001,1.95357,124,22,0
2026-08-26T00:50:00Z,1787705400,1.95357,1.9538600000000002,1.9534500000000001,1.9538600000000002,122,22,0
2026-08-26T00:55:00Z,1787705700,1.95382,1.95382,1.95335,1.9534099999999999,112,22,0
2026-08-26T01:00:00Z,1787706000,1.95343,1.95347,1.95309,1.9533,140,22,0
2026-08-26T01:05:00Z,1787706300,1.9533,1.95354,1.95315,1.95326,115,22,0
2026-08-26T01:10:00Z,1787706600,1.9532699999999998,1.9538600000000002,1.9532699999999998,1.9537200000000001,110,22,0
2026-08-26T01:15:00Z,1787706900,1.95373,1.9539,1.95355,1.9538600000000002,108,22,0
2026-08-26T01:20:00Z,1787707200,1.9538600000000002,1.9538600000000002,1.9532500000000002,1.9532699999999998,100,22,0
2026-08-26T01:25:00Z,1787707500,1.95328,1.95387,1.95321,1.95385,128,22,0
2026-08-26T01:30:00Z,1787707800,1.9537900000000001,1.95719,1.95308,1.95579,444,22,0
2026-08-26T01:35:00Z,1787708100,1.95579,1.95618,1.95486,1.95502,197,22,0
2026-08-26T01:40:00Z,1787708400,1.95506,1.95683,1.95487,1.95611,239,22,0
2026-08-26T01:45:00Z,1787708700,1.95611,1.9579900000000001,1.95609,1.95783,295,22,0
2026-08-26T01:50:00Z,1787709000,1.9577900000000001,1.95866,1.9564599999999999,1.95651,393,22,0
2026-08-26T01:55:00Z,1787709300,1.95652,1.95746,1.95638,1.95694,252,22,0
2026-08-26T02:00:00Z,1787709600,1.95694,1.95767,1.9562,1.95757,225,22,0
2026-08-26T02:05:00Z,1787709900,1.95758,1.95763,1.9570699999999999,1.95724,160,22,0
2026-08-26T02:10:00Z,1787710200,1.95723,1.95743,1.95678,1.95678,202,22,0
2026-08-26T02:15:00Z,1787710500,1.95678,1.9573800000000001,1.95652,1.95715,160,22,0
2026-08-26T02:20:00Z,1787710800,1.95715,1.9572699999999998,1.95676,1.95724,133,22,0
2026-08-26T02:25:00Z,1787711100,1.95723,1.95746,1.95614,1.95614,193,22,0
2026-08-26T02:30:00Z,1787711400,1.95615,1.95713,1.95561,1.95671,168,22,0
2026-08-26T02:35:00Z,1787711700,1.95668,1.95669,1.95593,1.9560499999999998,113,22,0
2026-08-26T02:40:00Z,1787712000,1.9560300000000002,1.95641,1.95583,1.95609,142,22,0
2026-08-26T02:45:00Z,1787712300,1.9561,1.9566,1.95604,1.95655,109,22,0
2026-08-26T02:50:00Z,1787712600,1.95654,1.9570699999999999,1.9564300000000001,1.95706,105,22,0
2026-08-26T02:55:00Z,1787712900,1.9570699999999999,1.95753,1.95697,1.95732,138,22,0
2026-08-26T03:00:00Z,1787713200,1.95732,1.95783,1.9570400000000001,1.95771,161,22,0
2026-08-26T03:05:00Z,1787713500,1.9577,1.95832,1.95763,1.95803,133,22,0
2026-08-26T03:10:00Z,1787713800,1.9580199999999999,1.9583,1.95776,1.9580199999999999,108,22,0
2026-08-26T03:15:00Z,1787714100,1.9580199999999999,1.9582199999999998,1.95742,1.9575,119,22,0
2026-08-26T03:20:00Z,1787714400,1.95751,1.95832,1.95751,1.9580600000000001,117,22,0
2026-08-26T03:25:00Z,1787714700,1.9580600000000001,1.95811,1.95764,1.95764,87,22,0
2026-08-26T03:30:00Z,1787715000,1.95764,1.95769,1.9572500000000002,1.95731,118,22,0
2026-08-26T03:35:00Z,1787715300,1.95731,1.9577200000000001,1.95717,1.9575900000000002,115,22,0
2026-08-26T03:40:00Z,1787715600,1.9576,1.9578,1.95735,1.95777,91,22,0
2026-08-26T03:45:00Z,1787715900,1.95777,1.9584700000000002,1.95743,1.95841,120,22,0
2026-08-26T03:50:00Z,1787716200,1.95841,1.95857,1.9576099999999999,1.95792,146,22,0
2026-08-26T03:55:00Z,1787716500,1.95792,1.95823,1.95789,1.95803,90,22,0
2026-08-26T04:00:00Z,1787716800,1.9580199999999999,1.9580199999999999,1.95769,1.95776,91,22,0
2026-08-26T04:05:00Z,1787717100,1.95776,1.9582899999999999,1.9577499999999999,1.9579499999999999,92,22,0
2026-08-26T04:10:00Z,1787717400,1.9579499999999999,1.9582000000000002,1.9579499999999999,1.9582000000000002,68,22,0
2026-08-26T04:15:00Z,1787717700,1.95819,1.95842,1.958,1.95811,112,22,0
2026-08-26T04:20:00Z,1787718000,1.95811,1.95832,1.95796,1.95803,90,22,0
2026-08-26T04:25:00Z,1787718300,1.95803,1.95837,1.958,1.95824,103,22,0
2026-08-26T04:30:00Z,1787718600,1.95825,1.9583599999999999,1.95796,1.95798,82,22,0
2026-08-26T04:35:00Z,1787718900,1.95796,1.95853,1.95794,1.95816,108,22,0
2026-08-26T04:40:00Z,1787719200,1.95816,1.95827,1.9579499999999999,1.9582600000000001,80,22,0
2026-08-26T04:45:00Z,1787719500,1.9582600000000001,1.9586999999999999,1.95814,1.95846,93,22,0
2026-08-26T04:50:00Z,1787719800,1.9584700000000002,1.95892,1.95846,1.95869,76,22,0
2026-08-26T04:55:00Z,1787720100,1.9586700000000001,1.95903,1.9586700000000001,1.95873,107,22,0
2026-08-26T05:00:00Z,1787720400,1.9587400000000001,1.9587400000000001,1.9581499999999998,1.95821,106,22,0
2026-08-26T05:05:00Z,1787720700,1.95819,1.95866,1.95814,1.95853,109,22,0
2026-08-26T05:10:00Z,1787721000,1.95853,1.95872,1.95848,1.9585599999999999,79,22,0
2026-08-26T05:15:00Z,1787721300,1.9585599999999999,1.9589699999999999,1.95839,1.9587400000000001,120,22,0
2026-08-26T05:20:00Z,1787721600,1.95875,1.95918,1.9587400000000001,1.95902,81,22,0
2026-08-26T05:25:00Z,1787721900,1.9590100000000001,1.95907,1.95848,1.95877,82,22,0
2026-08-26T05:30:00Z,1787722200,1.9587599999999998,1.95879,1.95848,1.9584899999999998,105,22,0
2026-08-26T05:35:00Z,1787722500,1.9584899999999998,1.95862,1.9584000000000001,1.95854,100,22,0
2026-08-26T05:40:00Z,1787722800,1.95855,1.95871,1.9581300000000001,1.95868,105,22,0
2026-08-26T05:45:00Z,1787723100,1.95868,1.95877,1.95834,1.95872,127,22,0
2026-08-26T05:50:00Z,1787723400,1.95872,1.95892,1.9584899999999998,1.95868,106,22,0
2026-08-26T05:55:00Z,1787723700,1.95869,1.95875,1.9582600000000001,1.9587400000000001,114,22,0
2026-08-26T06:00:00Z,1787724000,1.9587400000000001,1.9592100000000001,1.9587400000000001,1.95889,180,22,0
2026-08-26T06:05:00Z,1787724300,1.95885,1.95957,1.95872,1.95956,153,22,0
2026-08-26T06:10:00Z,1787724600,1.95956,1.96015,1.95952,1.9601,155,22,0
2026-08-26T06:15:00Z,1787724900,1.96011,1.96029,1.95947,1.95999,189,22,0
2026-08-26T06:20:00Z,1787725200,1.95997,1.96045,1.9594399999999998,1.95961,192,22,0
2026-08-26T06:25:00Z,1787725500,1.9595799999999999,1.96071,1.9593699999999998,1.96071,199,22,0
2026-08-26T06:30:00Z,1787725800,1.96067,1.96144,1.9606599999999998,1.9612699999999998,165,22,0
2026-08-26T06:35:00Z,1787726100,1.9612500000000002,1.96143,1.96096,1.96119,129,22,0
2026-08-26T06:40:00Z,1787726400,1.96119,1.96119,1.96069,1.96098,131,22,0
2026-08-26T06:45:00Z,1787726700,1.96098,1.96163,1.96098,1.96155,110,22,0
2026-08-26T06:50:00Z,1787727000,1.96156,1.96211,1.9615200000000002,1.96204,119,22,0
2026-08-26T06:55:00Z,1787727300,1.96204,1.9621,1.96137,1.9616,152,22,0
2026-08-26T07:00:00Z,1787727600,1.96156,1.96203,1.9614099999999999,1.96144,183,22,0
2026-08-26T07:05:00Z,1787727900,1.96144,1.96146,1.96095,1.96099,165,22,0
2026-08-26T07:10:00Z,1787728200,1.96102,1.9611100000000001,1.96037,1.96047,164,22,0
2026-08-26T07:15:00Z,1787728500,1.96047,1.96122,1.9604599999999999,1.9609999999999999,128,22,0
2026-08-26T07:20:00Z,1787728800,1.96101,1.9613800000000001,1.9609999999999999,1.9611100000000001,133,22,0
2026-08-26T07:25:00Z,1787729100,1.9611,1.96129,1.96085,1.96129,107,22,0
2026-08-26T07:30:00Z,1787729400,1.96128,1.96157,1.9609100000000002,1.9609100000000002,136,22,0
2026-08-26T07:35:00Z,1787729700,1.9609100000000002,1.9609299999999998,1.96054,1.96078,125,22,0
2026-08-26T07:40:00Z,1787730000,1.96079,1.96108,1.96072,1.9607999999999999,102,22,0
2026-08-26T07:45:00Z,1787730300,1.9607999999999999,1.96083,1.95981,1.95988,115,22,0
2026-08-26T07:50:00Z,1787730600,1.95988,1.96025,1.9597,1.95988,145,22,0
2026-08-26T07:55:00Z,1787730900,1.95987,1.95997,1.95964,1.95964,155,22,0
2026-08-26T08:00:00Z,1787731200,1.9596,1.95984,1.95938,1.95945,163,22,0
2026-08-26T08:05:00Z,1787731500,1.95945,1.95946,1.95915,1.95933,135,22,0
2026-08-26T08:10:00Z,1787731800,1.95933,1.95933,1.95877,1.95877,141,22,0
2026-08-26T08:15:00Z,1787732100,1.95877,1.9594399999999998,1.95862,1.9593500000000001,153,22,0
2026-08-26T08:20:00Z,1787732400,1.95934,1.9597799999999999,1.95925,1.9596900000000002,136,22,0
2026-08-26T08:25:00Z,1787732700,1.9597,1.9597,1.9594200000000002,1.95943,144,22,0
2026-08-26T08:30:00Z,1787733000,1.95941,1.95988,1.95915,1.95932,139,22,0
2026-08-26T08:35:00Z,1787733300,1.95932,1.9593699999999998,1.95891,1.95934,109,22,0
2026-08-26T08:40:00Z,1787733600,1.95934,1.9596900000000002,1.95925,1.95968,114,22,0
2026-08-26T08:45:00Z,1787733900,1.95966,1.9596900000000002,1.95918,1.9592800000000001,119,22,0
2026-08-26T08:50:00Z,1787734200,1.9592800000000001,1.95936,1.9590800000000002,1.95926,92,22,0
2026-08-26T08:55:00Z,1787734500,1.95926,1.95946,1.95919,1.9594,130,22,0
2026-08-26T09:00:00Z,1787734800,1.95941,1.9595500000000001,1.95914,1.9592800000000001,135,22,0
2026-08-26T09:05:00Z,1787735100,1.95927,1.95927,1.95899,1.95923,128,22,0
2026-08-26T09:10:00Z,1787735400,1.95923,1.95932,1.95886,1.9589699999999999,98,22,0
2026-08-26T09:15:00Z,1787735700,1.95896,1.9592399999999999,1.9588100000000002,1.95923,97,22,0
2026-08-26T09:20:00Z,1787736000,1.9592399999999999,1.9595799999999999,1.95912,1.9594200000000002,139,22,0
2026-08-26T09:25:00Z,1787736300,1.95945,1.9595,1.95899,1.95922,123,22,0
2026-08-26T09:30:00Z,1787736600,1.95923,1.95943,1.95906,1.95943,99,22,0
2026-08-26T09:35:00Z,1787736900,1.95943,1.95963,1.95929,1.95929,103,22,0
2026-08-26T09:40:00Z,1787737200,1.95927,1.9595,1.9590800000000002,1.9590800000000002,97,22,0
2026-08-26T09:45:00Z,1787737500,1.9590800000000002,1.95912,1.95872,1.9590100000000001,103,22,0
2026-08-26T09:50:00Z,1787737800,1.9590100000000001,1.9592100000000001,1.95891,1.9592100000000001,98,22,0
2026-08-26T09:55:00Z,1787738100,1.9592100000000001,1.95933,1.9588999999999999,1.95892,104,22,0
2026-08-26T10:00:00Z,1787738400,1.95893,1.9589699999999999,1.95872,1.9588700000000001,127,22,0
2026-08-26T10:05:00Z,1787738700,1.95886,1.95891,1.95877,1.95878,83,22,0
2026-08-26T10:10:00Z,1787739000,1.9587599999999998,1.9588299999999998,1.95861,1.9587599999999998,79,22,0
2026-08-26T10:15:00Z,1787739300,1.9587599999999998,1.9590999999999998,1.95864,1.95906,84,22,0
2026-08-26T10:20:00Z,1787739600,1.95906,1.95923,1.95889,1.95898,83,22,0
2026-08-26T10:25:00Z,1787739900,1.95895,1.95898,1.95866,1.9588999999999999,122,22,0
2026-08-26T10:30:00Z,1787740200,1.95886,1.95902,1.9584899999999998,1.95875,105,22,0
2026-08-26T10:35:00Z,1787740500,1.95875,1.95889,1.95852,1.95864,99,22,0
2026-08-26T10:40:00Z,1787740800,1.95864,1.95914,1.9586299999999999,1.95906,98,22,0
2026-08-26T10:45:00Z,1787741100,1.95905,1.95905,1.95879,1.9588,81,22,0
2026-08-26T10:50:00Z,1787741400,1.9588,1.95893,1.95877,1.9588100000000002,82,22,0
2026-08-26T10:55:00Z,1787741700,1.9588100000000002,1.9589400000000001,1.95877,1.95882,99,22,0
2026-08-26T11:00:00Z,1787742000,1.95882,1.9595,1.9586700000000001,1.9595,127,22,0
2026-08-26T11:05:00Z,1787742300,1.95949,1.9599,1.95946,1.95983,121,22,0
2026-08-26T11:10:00Z,1787742600,1.9598200000000001,1.95987,1.95943,1.95946,109,22,0
2026-08-26T11:15:00Z,1787742900,1.95948,1.9596,1.95936,1.9595500000000001,84,22,0
2026-08-26T11:20:00Z,1787743200,1.95953,1.95954,1.959,1.95914,116,22,0
2026-08-26T11:25:00Z,1787743500,1.95911,1.95926,1.9587400000000001,1.9592399999999999,153,22,0
2026-08-26T11:30:00Z,1787743800,1.95922,1.9593500000000001,1.9589699999999999,1.95903,133,22,0
2026-08-26T11:35:00Z,1787744100,1.95903,1.95936,1.9588,1.95929,119,22,0
2026-08-26T11:40:00Z,1787744400,1.9592800000000001,1.9593,1.9588299999999998,1.95893,102,22,0
2026-08-26T11:45:00Z,1787744700,1.95893,1.95898,1.95873,1.9589699999999999,117,22,0
2026-08-26T11:50:00Z,1787745000,1.959,1.959,1.95868,1.95868,96,22,0
2026-08-26T11:55:00Z,1787745300,1.95865,1.95913,1.9586299999999999,1.9587400000000001,123,22,0
2026-08-26T12:00:00Z,1787745600,1.95871,1.95871,1.9582899999999999,1.95832,150,22,0
2026-08-26T12:05:00Z,1787745900,1.9583,1.95834,1.95793,1.95814,140,22,0
2026-08-26T12:10:00Z,1787746200,1.9581300000000001,1.95859,1.9581300000000001,1.95848,129,22,0
2026-08-26T12:15:00Z,1787746500,1.95848,1.95852,1.9580199999999999,1.9580199999999999,124,22,0
2026-08-26T12:20:00Z,1787746800,1.95803,1.9583599999999999,1.9578799999999998,1.95831,162,22,0
2026-08-26T12:25:00Z,1787747100,1.95831,1.95834,1.9578799999999998,1.9580899999999999,136,22,0
2026-08-26T12:30:00Z,1787747400,1.9580600000000001,1.95956,1.95794,1.95913,394,22,0
2026-08-26T12:35:00Z,1787747700,1.95912,1.95983,1.9589699999999999,1.95973,226,22,0
2026-08-26T12:40:00Z,1787748000,1.95974,1.96024,1.95947,1.9598,253,22,0
2026-08-26T12:45:00Z,1787748300,1.9597799999999999,1.9603000000000002,1.9595500000000001,1.95976,181,22,0
2026-08-26T12:50:00Z,1787748600,1.9597799999999999,1.96031,1.9596,1.9602300000000001,205,22,0
2026-08-26T12:55:00Z,1787748900,1.96024,1.96049,1.95993,1.96021,258,22,0
2026-08-26T13:00:00Z,1787749200,1.96025,1.96042,1.9599,1.96041,232,22,0
2026-08-26T13:05:00Z,1787749500,1.96041,1.9606400000000002,1.96021,1.9604599999999999,229,22,0
2026-08-26T13:10:00Z,1787749800,1.96047,1.96061,1.9601,1.96056,192,22,0
2026-08-26T13:15:00Z,1787750100,1.96055,1.96099,1.96018,1.9602300000000001,204,22,0
2026-08-26T13:20:00Z,1787750400,1.96024,1.96047,1.96011,1.96018,149,22,0
2026-08-26T13:25:00Z,1787750700,1.96017,1.9601899999999999,1.95983,1.95986,161,22,0
2026-08-26T13:30:00Z,1787751000,1.9598499999999999,1.96,1.95959,1.9597799999999999,194,22,0
2026-08-26T13:35:00Z,1787751300,1.9598,1.96108,1.95976,1.9610400000000001,256,22,0
2026-08-26T13:40:00Z,1787751600,1.96106,1.9611100000000001,1.9598900000000001,1.9600499999999998,211,22,0
2026-08-26T13:45:00Z,1787751900,1.9600499999999998,1.96015,1.9596200000000001,1.9598499999999999,194,22,0
2026-08-26T13:50:00Z,1787752200,1.9598499999999999,1.96006,1.9596200000000001,1.9596200000000001,177,22,0
2026-08-26T13:55:00Z,1787752500,1.95959,1.95987,1.9593500000000001,1.9598499999999999,197,22,0
2026-08-26T14:00:00Z,1787752800,1.9598200000000001,1.96042,1.95954,1.95975,259,22,0
2026-08-26T14:05:00Z,1787753100,1.95974,1.9602,1.95973,1.9599,184,22,0
2026-08-26T14:10:00Z,1787753400,1.9598900000000001,1.96017,1.9596900000000002,1.9600499999999998,169,22,0
2026-08-26T14:15:00Z,1787753700,1.96004,1.9605700000000001,1.9600300000000002,1.9605299999999999,179,22,0
2026-08-26T14:20:00Z,1787754000,1.96052,1.96117,1.96037,1.96108,218,22,0
2026-08-26T14:25:00Z,1787754300,1.96112,1.96131,1.96096,1.96109,230,22,0
2026-08-26T14:30:00Z,1787754600,1.9611,1.96136,1.96081,1.96101,186,22,0
2026-08-26T14:35:00Z,1787754900,1.9609999999999999,1.96137,1.9608400000000001,1.96098,170,22,0
2026-08-26T14:40:00Z,1787755200,1.9609999999999999,1.96143,1.96099,1.96131,135,22,0
2026-08-26T14:45:00Z,1787755500,1.96132,1.96212,1.96129,1.96192,171,22,0
2026-08-26T14:50:00Z,1787755800,1.96194,1.96207,1.9615200000000002,1.96176,166,22,0
2026-08-26T14:55:00Z,1787756100,1.96176,1.96261,1.96176,1.96261,226,22,0
2026-08-26T15:00:00Z,1787756400,1.9626299999999999,1.96275,1.96201,1.96212,215,22,0
2026-08-26T15:05:00Z,1787756700,1.96211,1.96228,1.96174,1.96176,201,22,0
2026-08-26T15:10:00Z,1787757000,1.9617900000000001,1.96272,1.9617900000000001,1.96259,144,22,0
2026-08-26T15:15:00Z,1787757300,1.96259,1.9629400000000001,1.96257,1.9626700000000001,172,22,0
2026-08-26T15:20:00Z,1787757600,1.9626700000000001,1.96277,1.9623,1.96244,134,22,0
2026-08-26T15:25:00Z,1787757900,1.96243,1.96262,1.96225,1.96243,147,22,0
2026-08-26T15:30:00Z,1787758200,1.96243,1.96243,1.9619900000000001,1.96224,173,22,0
2026-08-26T15:35:00Z,1787758500,1.96223,1.9623599999999999,1.96205,1.96209,127,22,0
2026-08-26T15:40:00Z,1787758800,1.96208,1.9621300000000002,1.96162,1.9617900000000001,137,22,0
2026-08-26T15:45:00Z,1787759100,1.96178,1.96191,1.96164,1.96173,121,22,0
2026-08-26T15:50:00Z,1787759400,1.96173,1.96262,1.96173,1.96241,238,22,0
2026-08-26T15:55:00Z,1787759700,1.9624000000000001,1.96262,1.96176,1.96218,192,22,0
2026-08-26T16:00:00Z,1787760000,1.9621300000000002,1.96234,1.96193,1.9619499999999999,140,22,0
2026-08-26T16:05:00Z,1787760300,1.96194,1.9619499999999999,1.9615200000000002,1.9616500000000001,131,22,0
2026-08-26T16:10:00Z,1787760600,1.9616500000000001,1.9621300000000002,1.9616500000000001,1.96178,110,22,0
2026-08-26T16:15:00Z,1787760900,1.96176,1.9619,1.96158,1.96158,113,22,0
2026-08-26T16:20:00Z,1787761200,1.96157,1.96182,1.96126,1.9614500000000001,115,22,0
2026-08-26T16:25:00Z,1787761500,1.96144,1.96155,1.9614,1.96148,105,22,0
2026-08-26T16:30:00Z,1787761800,1.96147,1.96164,1.96136,1.96142,105,22,0
2026-08-26T16:35:00Z,1787762100,1.9614500000000001,1.96162,1.96133,1.96153,105,22,0
2026-08-26T16:40:00Z,1787762400,1.96153,1.9618,1.9614,1.9617900000000001,93,22,0
2026-08-26T16:45:00Z,1787762700,1.96178,1.9617900000000001,1.96137,1.9613800000000001,105,22,0
2026-08-26T16:50:00Z,1787763000,1.9613800000000001,1.96162,1.96126,1.9616099999999999,92,22,0
2026-08-26T16:55:00Z,1787763300,1.96162,1.9617499999999999,1.96143,1.96143,120,22,0
2026-08-26T17:00:00Z,1787763600,1.9614,1.96142,1.96103,1.9611800000000001,117,22,0
2026-08-26T17:05:00Z,1787763900,1.96115,1.9613,1.9611399999999999,1.96122,85,22,0
2026-08-26T17:10:00Z,1787764200,1.9612,1.96128,1.9609999999999999,1.96101,84,22,0
2026-08-26T17:15:00Z,1787764500,1.96101,1.96101,1.96058,1.9606,114,22,0
2026-08-26T17:20:00Z,1787764800,1.9606,1.96078,1.9606,1.96072,88,22,0
2026-08-26T17:25:00Z,1787765100,1.96072,1.96089,1.9606599999999998,1.96081,97,22,0
2026-08-26T17:30:00Z,1787765400,1.96081,1.96089,1.9606599999999998,1.96067,84,22,0
2026-08-26T17:35:00Z,1787765700,1.96067,1.96083,1.96065,1.96082,70,22,0
2026-08-26T17:40:00Z,1787766000,1.96082,1.96092,1.96075,1.96083,55,22,0
2026-08-26T17:45:00Z,1787766300,1.9608400000000001,1.9609,1.96056,1.9605700000000001,61,22,0
2026-08-26T17:50:00Z,1787766600,1.9605700000000001,1.96061,1.96041,1.9604300000000001,81,22,0
2026-08-26T17:55:00Z,1787766900,1.96044,1.96074,1.9604300000000001,1.96056,85,22,0
2026-08-26T18:00:00Z,1787767200,1.9605700000000001,1.96063,1.96027,1.96031,97,22,0
2026-08-26T18:05:00Z,1787767500,1.96028,1.9603199999999998,1.96017,1.96028,81,22,0
2026-08-26T18:10:00Z,1787767800,1.96028,1.96056,1.9601899999999999,1.96049,62,22,0
2026-08-26T18:15:00Z,1787768100,1.96051,1.96068,1.96049,1.96049,60,22,0
2026-08-26T18:20:00Z,1787768400,1.96049,1.96072,1.9604599999999999,1.9607,64,22,0
2026-08-26T18:25:00Z,1787768700,1.96071,1.96083,1.9606,1.96079,72,22,0
2026-08-26T18:30:00Z,1787769000,1.96079,1.9607999999999999,1.9606,1.9606400000000002,81,22,0
2026-08-26T18:35:00Z,1787769300,1.9606400000000002,1.96088,1.96062,1.96086,75,22,0
2026-08-26T18:40:00Z,1787769600,1.96085,1.96089,1.96056,1.96056,61,22,0
2026-08-26T18:45:00Z,1787769900,1.96056,1.96082,1.96056,1.96082,43,22,0
2026-08-26T18:50:00Z,1787770200,1.96082,1.96082,1.9606,1.96068,41,22,0
2026-08-26T18:55:00Z,1787770500,1.96068,1.96089,1.96063,1.96089,82,62,0
2026-08-26T19:00:00Z,1787770800,1.96092,1.9610699999999999,1.9604300000000001,1.96052,121,22,0
2026-08-26T19:05:00Z,1787771100,1.9605299999999999,1.96054,1.9603899999999999,1.96049,61,22,0
2026-08-26T19:10:00Z,1787771400,1.96049,1.96055,1.96034,1.96054,69,22,0
2026-08-26T19:15:00Z,1787771700,1.96054,1.96055,1.9604,1.96045,61,22,0
2026-08-26T19:20:00Z,1787772000,1.96045,1.9606400000000002,1.96045,1.96056,61,22,0
2026-08-26T19:25:00Z,1787772300,1.96056,1.96062,1.96042,1.9605700000000001,97,22,0
2026-08-26T19:30:00Z,1787772600,1.96055,1.9607700000000001,1.96055,1.96071,82,22,0
2026-08-26T19:35:00Z,1787772900,1.96071,1.9607299999999999,1.96058,1.96069,36,22,0
2026-08-26T19:40:00Z,1787773200,1.96069,1.9607299999999999,1.96052,1.96052,45,22,0
2026-08-26T19:45:00Z,1787773500,1.96052,1.96054,1.96044,1.96051,45,22,0
2026-08-26T19:50:00Z,1787773800,1.96051,1.9609,1.96047,1.9609,64,22,0
2026-08-26T19:55:00Z,1787774100,1.96089,1.96097,1.96078,1.96079,120,22,0
2026-08-26T20:00:00Z,1787774400,1.96079,1.96085,1.96044,1.9605000000000001,109,22,0
2026-08-26T20:05:00Z,1787774700,1.9605000000000001,1.96055,1.96037,1.96044,93,22,0
2026-08-26T20:10:00Z,1787775000,1.96044,1.96058,1.9604,1.96058,66,22,0
2026-08-26T20:15:00Z,1787775300,1.9606,1.9607299999999999,1.9605700000000001,1.96069,67,22,0
2026-08-26T20:20:00Z,1787775600,1.9607299999999999,1.9609299999999998,1.96067,1.96088,89,22,0
2026-08-26T20:25:00Z,1787775900,1.96088,1.96092,1.96079,1.96087,80,22,0
2026-08-26T20:30:00Z,1787776200,1.96087,1.9609,1.96042,1.9605700000000001,74,22,0
2026-08-26T20:35:00Z,1787776500,1.96058,1.9606,1.96042,1.96058,110,22,0
2026-08-26T20:40:00Z,1787776800,1.96058,1.96089,1.96058,1.96086,103,22,0
2026-08-26T20:45:00Z,1787777100,1.9609,1.96126,1.9609,1.9611800000000001,56,22,0
2026-08-26T20:50:00Z,1787777400,1.9611800000000001,1.96119,1.9607999999999999,1.9607999999999999,81,22,0
2026-08-26T20:55:00Z,1787777700,1.9607700000000001,1.9607700000000001,1.96041,1.9604300000000001,242,12,0
2026-08-26T21:00:00Z,1787778000,1.96041,1.96041,1.96041,1.96041,1,45,0
2026-08-26T21:05:00Z,1787778300,1.9604300000000001,1.9604300000000001,1.9604300000000001,1.9604300000000001,1,39,0
2026-08-26T21:10:00Z,1787778600,1.96044,1.96052,1.9597799999999999,1.9597799999999999,61,28,0
2026-08-26T21:15:00Z,1787778900,1.95973,1.9598900000000001,1.95943,1.9597799999999999,73,120,0
2026-08-26T21:20:00Z,1787779200,1.95981,1.95986,1.95953,1.95954,81,129,0
2026-08-26T21:25:00Z,1787779500,1.9595500000000001,1.9595799999999999,1.95946,1.9595500000000001,76,174,0
2026-08-26T21:30:00Z,1787779800,1.9595500000000001,1.95972,1.9592399999999999,1.95972,115,162,0
2026-08-26T21:35:00Z,1787780100,1.9597099999999998,1.9598200000000001,1.95966,1.9597799999999999,44,146,0
2026-08-26T21:40:00Z,1787780400,1.9597799999999999,1.95979,1.95968,1.95975,73,148,0
2026-08-26T21:45:00Z,1787780700,1.9597799999999999,1.9600499999999998,1.9597099999999998,1.9600300000000002,83,112,0
2026-08-26T21:50:00Z,1787781000,1.9600300000000002,1.96013,1.95988,1.95993,102,92,0
2026-08-26T21:55:00Z,1787781300,1.95994,1.96014,1.95994,1.96,18,98,0
2026-08-26T22:00:00Z,1787781600,1.95994,1.96025,1.959,1.9598499999999999,113,54,0
2026-08-26T22:05:00Z,1787781900,1.95983,1.96028,1.95975,1.96027,54,54,0
2026-08-26T22:10:00Z,1787782200,1.96027,1.96033,1.96007,1.96008,52,54,0
2026-08-26T22:15:00Z,1787782500,1.96007,1.96008,1.9597,1.95987,50,54,0
2026-08-26T22:20:00Z,1787782800,1.95988,1.96002,1.95981,1.96001,50,54,0
2026-08-26T22:25:00Z,1787783100,1.96,1.9600499999999998,1.95993,1.96,45,54,0
2026-08-26T22:30:00Z,1787783400,1.96,1.96001,1.9596,1.95979,54,54,0
2026-08-26T22:35:00Z,1787783700,1.95979,1.95999,1.9597799999999999,1.95988,45,54,0
2026-08-26T22:40:00Z,1787784000,1.95988,1.95988,1.9595,1.9595,35,54,0
2026-08-26T22:45:00Z,1787784300,1.95949,1.95949,1.95945,1.95949,31,54,0
2026-08-26T22:50:00Z,1787784600,1.9595,1.95961,1.95947,1.9596,48,54,0
2026-08-26T22:55:00Z,1787784900,1.9596,1.95986,1.9595500000000001,1.95986,63,54,0
2026-08-26T23:00:00Z,1787785200,1.95997,1.96004,1.9596,1.95977,96,22,0
2026-08-26T23:05:00Z,1787785500,1.95977,1.95981,1.95968,1.95976,41,22,0
2026-08-26T23:10:00Z,1787785800,1.95976,1.95981,1.9592800000000001,1.95934,45,22,0
2026-08-26T23:15:00Z,1787786100,1.9593500000000001,1.9594,1.95862,1.95892,86,22,0
2026-08-26T23:20:00Z,1787786400,1.95893,1.9593699999999998,1.95869,1.9593,140,22,0
2026-08-26T23:25:00Z,1787786700,1.95927,1.9593500000000001,1.9590100000000001,1.95925,56,22,0
2026-08-26T23:30:00Z,1787787000,1.95925,1.95925,1.95888,1.95891,58,22,0
2026-08-26T23:35:00Z,1787787300,1.95889,1.95889,1.9587400000000001,1.9588,45,22,0
2026-08-26T23:40:00Z,1787787600,1.9588,1.9589400000000001,1.95859,1.9589400000000001,51,22,0
2026-08-26T23:45:00Z,1787787900,1.95895,1.9592800000000001,1.9588299999999998,1.95918,117,22,0
2026-08-26T23:50:00Z,1787788200,1.9592100000000001,1.95957,1.95915,1.95953,107,22,0
2026-08-26T23:55:00Z,1787788500,1.95953,1.95973,1.9593500000000001,1.95973,120,22,0
2026-08-27T00:00:00Z,1787788800,1.95974,1.96018,1.9595799999999999,1.95987,171,22,0
2026-08-27T00:05:00Z,1787789100,1.95987,1.96017,1.95947,1.95987,162,22,0
2026-08-27T00:10:00Z,1787789400,1.95991,1.9611100000000001,1.95986,1.96085,153,22,0
2026-08-27T00:15:00Z,1787789700,1.96086,1.9611399999999999,1.9605000000000001,1.96072,156,22,0
2026-08-27T00:20:00Z,1787790000,1.9607,1.9607,1.96017,1.96051,120,22,0
2026-08-27T00:25:00Z,1787790300,1.96051,1.96068,1.9601600000000001,1.9602300000000001,97,22,0
2026-08-27T00:30:00Z,1787790600,1.9602300000000001,1.96024,1.9596200000000001,1.9597,136,22,0
2026-08-27T00:35:00Z,1787790900,1.9597,1.96021,1.95966,1.9602,136,22,0
2026-08-27T00:40:00Z,1787791200,1.9602,1.9602,1.95981,1.95999,132,22,0
2026-08-27T00:45:00Z,1787791500,1.96,1.9601,1.95981,1.95998,98,22,0
2026-08-27T00:50:00Z,1787791800,1.95997,1.9606,1.95979,1.96021,170,22,0
2026-08-27T00:55:00Z,1787792100,1.96022,1.96036,1.95946,1.9596,184,22,0
2026-08-27T01:00:00Z,1787792400,1.95959,1.95961,1.95899,1.95926,256,22,0
2026-08-27T01:05:00Z,1787792700,1.95926,1.9593099999999999,1.95875,1.95907,150,22,0
2026-08-27T01:10:00Z,1787793000,1.95907,1.95956,1.95905,1.95948,129,22,0
2026-08-27T01:15:00Z,1787793300,1.95948,1.95994,1.95934,1.95968,131,22,0
2026-08-27T01:20:00Z,1787793600,1.95966,1.9597799999999999,1.9585599999999999,1.9586000000000001,141,22,0
2026-08-27T01:25:00Z,1787793900,1.9586000000000001,1.9597099999999998,1.9586000000000001,1.9596200000000001,148,22,0
2026-08-27T01:30:00Z,1787794200,1.9596,1.9599199999999999,1.95914,1.9593,139,22,0
2026-08-27T01:35:00Z,1787794500,1.9593,1.95998,1.95913,1.9599600000000001,154,22,0
2026-08-27T01:40:00Z,1787794800,1.9599600000000001,1.96056,1.95995,1.96048,149,22,0
2026-08-27T01:45:00Z,1787795100,1.96048,1.96062,1.96011,1.9601899999999999,115,22,0
2026-08-27T01:50:00Z,1787795400,1.9602,1.96025,1.9595500000000001,1.9595500000000001,118,22,0
2026-08-27T01:55:00Z,1787795700,1.95956,1.95956,1.9590800000000002,1.95915,108,22,0
2026-08-27T02:00:00Z,1787796000,1.95915,1.95948,1.95915,1.95926,131,22,0
2026-08-27T02:05:00Z,1787796300,1.95926,1.95926,1.95854,1.95854,114,22,0
2026-08-27T02:10:00Z,1787796600,1.95854,1.9590800000000002,1.95854,1.95873,100,22,0
2026-08-27T02:15:00Z,1787796900,1.9587400000000001,1.95879,1.95831,1.95835,86,22,0
2026-08-27T02:20:00Z,1787797200,1.95835,1.95889,1.95835,1.95889,102,22,0
2026-08-27T02:25:00Z,1787797500,1.9588999999999999,1.95892,1.95852,1.95871,81,22,0
2026-08-27T02:30:00Z,1787797800,1.9587400000000001,1.95875,1.9582000000000002,1.9582000000000002,85,22,0
2026-08-27T02:35:00Z,1787798100,1.95821,1.95888,1.9580600000000001,1.95888,121,22,0
2026-08-27T02:40:00Z,1787798400,1.9588700000000001,1.95905,1.95853,1.95858,93,22,0
2026-08-27T02:45:00Z,1787798700,1.95858,1.95861,1.95796,1.95824,123,22,0
2026-08-27T02:50:00Z,1787799000,1.95824,1.9583300000000001,1.95785,1.9578600000000002,103,22,0
2026-08-27T02:55:00Z,1787799300,1.95783,1.9580899999999999,1.9575,1.95789,113,22,0
2026-08-27T03:00:00Z,1787799600,1.95787,1.95812,1.95767,1.95785,141,22,0
2026-08-27T03:05:00Z,1787799900,1.9578600000000002,1.9582199999999998,1.9577900000000001,1.95801,123,22,0
2026-08-27T03:10:00Z,1787800200,1.95801,1.9580199999999999,1.95723,1.95726,102,22,0
2026-08-27T03:15:00Z,1787800500,1.9572500000000002,1.95736,1.9571800000000001,1.95736,61,22,0
2026-08-27T03:20:00Z,1787800800,1.95736,1.9574099999999999,1.9571800000000001,1.95728,80,22,0
2026-08-27T03:25:00Z,1787801100,1.95728,1.95751,1.95709,1.95731,94,22,0
2026-08-27T03:30:00Z,1787801400,1.95732,1.9577499999999999,1.95723,1.9575399999999998,94,22,0
2026-08-27T03:35:00Z,1787801700,1.9575399999999998,1.95789,1.9575,1.9577900000000001,74,22,0
2026-08-27T03:40:00Z,1787802000,1.9577900000000001,1.95803,1.9577900000000001,1.95798,59,22,0
2026-08-27T03:45:00Z,1787802300,1.9579499999999999,1.95805,1.9575900000000002,1.95803,66,22,0
2026-08-27T03:50:00Z,1787802600,1.95803,1.9582000000000002,1.95791,1.95812,85,22,0
2026-08-27T03:55:00Z,1787802900,1.95812,1.95812,1.95782,1.95785,67,22,0
2026-08-27T04:00:00Z,1787803200,1.95785,1.95789,1.95749,1.9576799999999999,102,22,0
2026-08-27T04:05:00Z,1787803500,1.9576799999999999,1.9577900000000001,1.95746,1.95751,71,22,0
2026-08-27T04:10:00Z,1787803800,1.9574799999999999,1.95777,1.9572500000000002,1.9577499999999999,80,22,0
2026-08-27T04:15:00Z,1787804100,1.95776,1.9577900000000001,1.9576099999999999,1.95774,73,22,0
2026-08-27T04:20:00Z,1787804400,1.95773,1.95807,1.95769,1.95807,49,22,0
2026-08-27T04:25:00Z,1787804700,1.95807,1.9582000000000002,1.9578799999999998,1.95804,68,22,0
2026-08-27T04:30:00Z,1787805000,1.95804,1.95846,1.95804,1.95845,54,22,0
2026-08-27T04:35:00Z,1787805300,1.95846,1.95852,1.9581499999999998,1.95817,61,22,0
2026-08-27T04:40:00Z,1787805600,1.95817,1.95861,1.95817,1.9586000000000001,76,22,0
2026-08-27T04:45:00Z,1787805900,1.95859,1.95859,1.95803,1.95803,69,22,0
2026-08-27T04:50:00Z,1787806200,1.95803,1.9584700000000002,1.9580199999999999,1.95838,75,22,0
2026-08-27T04:55:00Z,1787806500,1.95838,1.95841,1.95817,1.9582600000000001,69,22,0
2026-08-27T05:00:00Z,1787806800,1.9582600000000001,1.95865,1.95819,1.95855,81,22,0
2026-08-27T05:05:00Z,1787807100,1.95855,1.9588100000000002,1.9584899999999998,1.9586700000000001,75,22,0
2026-08-27T05:10:00Z,1787807400,1.9586700000000001,1.95906,1.95855,1.95902,75,22,0
2026-08-27T05:15:00Z,1787807700,1.95902,1.95938,1.95902,1.95934,96,22,0
2026-08-27T05:20:00Z,1787808000,1.95934,1.95934,1.95873,1.95877,101,22,0
2026-08-27T05:25:00Z,1787808300,1.95878,1.95889,1.95861,1.9587599999999998,88,22,0
2026-08-27T05:30:00Z,1787808600,1.9587599999999998,1.95923,1.95871,1.95916,119,22,0
2026-08-27T05:35:00Z,1787808900,1.95918,1.9592100000000001,1.9589400000000001,1.95895,66,22,0
2026-08-27T05:40:00Z,1787809200,1.95895,1.95898,1.95869,1.9588999999999999,102,22,0
2026-08-27T05:45:00Z,1787809500,1.9588999999999999,1.95893,1.95875,1.95892,78,22,0
2026-08-27T05:50:00Z,1787809800,1.95892,1.95905,1.95864,1.95871,115,22,0
2026-08-27T05:55:00Z,1787810100,1.95872,1.95936,1.9586700000000001,1.95918,114,22,0
2026-08-27T06:00:00Z,1787810400,1.95919,1.9595,1.95896,1.95923,143,22,0
2026-08-27T06:05:00Z,1787810700,1.9592399999999999,1.95946,1.95895,1.9589699999999999,97,22,0
2026-08-27T06:10:00Z,1787811000,1.9589699999999999,1.95907,1.95877,1.95896,116,22,0
2026-08-27T06:15:00Z,1787811300,1.9589699999999999,1.9590999999999998,1.9588,1.95892,94,22,0
2026-08-27T06:20:00Z,1787811600,1.95892,1.9592100000000001,1.95873,1.9592100000000001,132,22,0
2026-08-27T06:25:00Z,1787811900,1.9591699999999999,1.95919,1.95891,1.95896,133,22,0
2026-08-27T06:30:00Z,1787812200,1.95896,1.95945,1.95893,1.95926,136,22,0
2026-08-27T06:35:00Z,1787812500,1.95926,1.9593,1.959,1.95923,91,22,0
2026-08-27T06:40:00Z,1787812800,1.95923,1.95943,1.95899,1.95904,120,22,0
2026-08-27T06:45:00Z,1787813100,1.95905,1.9593099999999999,1.95861,1.9593,154,22,0
2026-08-27T06:50:00Z,1787813400,1.9592800000000001,1.95957,1.95916,1.95918,120,22,0
2026-08-27T06:55:00Z,1787813700,1.95916,1.95919,1.95878,1.9588,131,22,0
2026-08-27T07:00:00Z,1787814000,1.95884,1.95919,1.95877,1.95888,176,22,0
2026-08-27T07:05:00Z,1787814300,1.95889,1.95945,1.95886,1.95926,144,22,0
2026-08-27T07:10:00Z,1787814600,1.95926,1.9595,1.9590800000000002,1.9592800000000001,134,22,0
2026-08-27T07:15:00Z,1787814900,1.9592800000000001,1.96009,1.9592800000000001,1.9598,159,22,0
2026-08-27T07:20:00Z,1787815200,1.95984,1.9607299999999999,1.95984,1.9607299999999999,146,22,0
2026-08-27T07:25:00Z,1787815500,1.9607299999999999,1.9611100000000001,1.9606400000000002,1.96087,146,22,0
2026-08-27T07:30:00Z,1787815800,1.9609100000000002,1.96106,1.96061,1.96061,139,22,0
2026-08-27T07:35:00Z,1787816100,1.9605700000000001,1.96076,1.96041,1.96075,148,22,0
2026-08-27T07:40:00Z,1787816400,1.96075,1.9609999999999999,1.9607,1.9609100000000002,126,22,0
2026-08-27T07:45:00Z,1787816700,1.9609,1.96112,1.96076,1.96105,123,22,0
2026-08-27T07:50:00Z,1787817000,1.96101,1.9615,1.96101,1.9612,144,22,0
2026-08-27T07:55:00Z,1787817300,1.96121,1.96185,1.96121,1.96184,136,22,0
2026-08-27T08:00:00Z,1787817600,1.96184,1.96184,1.9609,1.9609,184,22,0
2026-08-27T08:05:00Z,1787817900,1.9609,1.96099,1.9603000000000002,1.96034,173,22,0
2026-08-27T08:10:00Z,1787818200,1.96034,1.96056,1.96007,1.96054,121,22,0
2026-08-27T08:15:00Z,1787818500,1.9605299999999999,1.96061,1.96014,1.96052,130,22,0
2026-08-27T08:20:00Z,1787818800,1.9605299999999999,1.9606599999999998,1.96018,1.96021,149,22,0
2026-08-27T08:25:00Z,1787819100,1.96021,1.96022,1.95952,1.95967,142,22,0
2026-08-27T08:30:00Z,1787819400,1.95967,1.95994,1.95947,1.9597799999999999,124,22,0
2026-08-27T08:35:00Z,1787819700,1.9597799999999999,1.9599600000000001,1.95959,1.95976,163,22,0
2026-08-27T08:40:00Z,1787820000,1.95976,1.96,1.95954,1.9599600000000001,125,22,0
2026-08-27T08:45:00Z,1787820300,1.95993,1.9599600000000001,1.95964,1.95966,124,22,0
2026-08-27T08:50:00Z,1787820600,1.95965,1.9602,1.95965,1.96009,121,22,0
2026-08-27T08:55:00Z,1787820900,1.96009,1.9602,1.95983,1.96009,135,22,0
2026-08-27T09:00:00Z,1787821200,1.96009,1.96041,1.95986,1.9601199999999999,190,22,0
2026-08-27T09:05:00Z,1787821500,1.9601199999999999,1.96045,1.96,1.96021,167,22,0
2026-08-27T09:10:00Z,1787821800,1.96018,1.96038,1.9600300000000002,1.96018,150,22,0
2026-08-27T09:15:00Z,1787822100,1.96018,1.96052,1.9600499999999998,1.96047,136,22,0
2026-08-27T09:20:00Z,1787822400,1.9604599999999999,1.96048,1.95997,1.96014,117,22,0
2026-08-27T09:25:00Z,1787822700,1.96013,1.96024,1.95987,1.96002,144,22,0
2026-08-27T09:30:00Z,1787823000,1.96006,1.9604300000000001,1.96006,1.96021,144,22,0
2026-08-27T09:35:00Z,1787823300,1.96021,1.96055,1.96014,1.9603899999999999,159,22,0
2026-08-27T09:40:00Z,1787823600,1.9604300000000001,1.96076,1.9604300000000001,1.96056,120,22,0
2026-08-27T09:45:00Z,1787823900,1.9605700000000001,1.96072,1.96024,1.96062,114,22,0
2026-08-27T09:50:00Z,1787824200,1.96062,1.9606599999999998,1.9602,1.96024,114,22,0
2026-08-27T09:55:00Z,1787824500,1.96026,1.96036,1.9601199999999999,1.96026,142,22,0
2026-08-27T10:00:00Z,1787824800,1.96025,1.9603199999999998,1.95986,1.9599,150,22,0
2026-08-27T10:05:00Z,1787825100,1.9599,1.9599600000000001,1.95963,1.95966,106,22,0
2026-08-27T10:10:00Z,1787825400,1.95966,1.9597099999999998,1.95913,1.95915,102,22,0
2026-08-27T10:15:00Z,1787825700,1.95916,1.95925,1.95904,1.95915,101,22,0
2026-08-27T10:20:00Z,1787826000,1.95913,1.9597,1.95905,1.9596200000000001,122,22,0
2026-08-27T10:25:00Z,1787826300,1.95963,1.9596900000000002,1.95938,1.9595099999999999,128,22,0
2026-08-27T10:30:00Z,1787826600,1.95952,1.95959,1.9594,1.95945,89,22,0
2026-08-27T10:35:00Z,1787826900,1.95945,1.95945,1.95896,1.95911,126,22,0
2026-08-27T10:40:00Z,1787827200,1.95912,1.95929,1.959,1.959,103,22,0
2026-08-27T10:45:00Z,1787827500,1.959,1.95903,1.95869,1.959,104,22,0
2026-08-27T10:50:00Z,1787827800,1.9590100000000001,1.95912,1.9586000000000001,1.95862,85,22,0
2026-08-27T10:55:00Z,1787828100,1.95862,1.95862,1.95837,1.95842,101,22,0
2026-08-27T11:00:00Z,1787828400,1.95844,1.95888,1.95844,1.95888,127,22,0
2026-08-27T11:05:00Z,1787828700,1.95889,1.95895,1.95862,1.95865,94,22,0
2026-08-27T11:10:00Z,1787829000,1.95865,1.95892,1.95865,1.9587599999999998,115,22,0
2026-08-27T11:15:00Z,1787829300,1.9587599999999998,1.9587599999999998,1.95819,1.95819,116,22,0
2026-08-27T11:20:00Z,1787829600,1.95819,1.9584899999999998,1.9580600000000001,1.9583599999999999,117,22,0
2026-08-27T11:25:00Z,1787829900,1.9583300000000001,1.95842,1.95807,1.9583599999999999,118,22,0
2026-08-27T11:30:00Z,1787830200,1.95832,1.95839,1.95776,1.9578,166,22,0
2026-08-27T11:35:00Z,1787830500,1.9577900000000001,1.95805,1.9576500000000001,1.95774,133,22,0
2026-08-27T11:40:00Z,1787830800,1.95777,1.9578,1.95744,1.95757,132,22,0
2026-08-27T11:45:00Z,1787831100,1.95757,1.9576500000000001,1.9573800000000001,1.9575200000000001,124,22,0
2026-08-27T11:50:00Z,1787831400,1.95753,1.95755,1.95697,1.9571800000000001,154,22,0
2026-08-27T11:55:00Z,1787831700,1.95719,1.95719,1.9565700000000001,1.95671,167,22,0
2026-08-27T12:00:00Z,1787832000,1.95671,1.9571399999999999,1.95618,1.95694,283,22,0
2026-08-27T12:05:00Z,1787832300,1.9569299999999998,1.9571,1.95648,1.95649,179,22,0
2026-08-27T12:10:00Z,1787832600,1.95649,1.95662,1.95633,1.95655,153,22,0
2026-08-27T12:15:00Z,1787832900,1.95656,1.95678,1.95634,1.95676,140,22,0
2026-08-27T12:20:00Z,1787833200,1.95675,1.95731,1.9563199999999998,1.95731,207,22,0
2026-08-27T12:25:00Z,1787833500,1.95733,1.95763,1.95721,1.95723,139,22,0
2026-08-27T12:30:00Z,1787833800,1.9572699999999998,1.95744,1.95675,1.95685,136,22,0
2026-08-27T12:35:00Z,1787834100,1.95685,1.9579900000000001,1.95675,1.95798,189,22,0
2026-08-27T12:40:00Z,1787834400,1.95798,1.9582600000000001,1.9573399999999999,1.95758,196,22,0
2026-08-27T12:45:00Z,1787834700,1.95758,1.9577499999999999,1.9575,1.95771,162,22,0
2026-08-27T12:50:00Z,1787835000,1.95774,1.95807,1.95742,1.95746,147,22,0
2026-08-27T12:55:00Z,1787835300,1.9574500000000001,1.95751,1.95702,1.95733,163,22,0
2026-08-27T13:00:00Z,1787835600,1.9573,1.95758,1.95674,1.95696,227,22,0
2026-08-27T13:05:00Z,1787835900,1.95696,1.9574500000000001,1.95694,1.9572,189,22,0
2026-08-27T13:10:00Z,1787836200,1.95723,1.9572699999999998,1.9569100000000001,1.9571399999999999,154,22,0
2026-08-27T13:15:00Z,1787836500,1.9571399999999999,1.9575,1.95699,1.9574799999999999,162,22,0
2026-08-27T13:20:00Z,1787836800,1.9575,1.9575399999999998,1.95675,1.9569299999999998,220,22,0
2026-08-27T13:25:00Z,1787837100,1.9569299999999998,1.9576099999999999,1.9567299999999999,1.9576099999999999,198,22,0
2026-08-27T13:30:00Z,1787837400,1.9576099999999999,1.9580600000000001,1.95757,1.95781,233,22,0
2026-08-27T13:35:00Z,1787837700,1.9578,1.9579900000000001,1.95751,1.95764,202,22,0
2026-08-27T13:40:00Z,1787838000,1.9576099999999999,1.95777,1.95729,1.9577200000000001,190,22,0
2026-08-27T13:45:00Z,1787838300,1.95771,1.95839,1.9576799999999999,1.9581,238,22,0
2026-08-27T13:50:00Z,1787838600,1.9580899999999999,1.9580899999999999,1.95747,1.9575900000000002,187,22,0
2026-08-27T13:55:00Z,1787838900,1.95758,1.95764,1.95712,1.95763,213,22,0
2026-08-27T14:00:00Z,1787839200,1.95763,1.95797,1.95747,1.9575399999999998,210,22,0
2026-08-27T14:05:00Z,1787839500,1.9575399999999998,1.9583,1.9574799999999999,1.95821,246,22,0
2026-08-27T14:10:00Z,1787839800,1.9582199999999998,1.9582199999999998,1.95756,1.95778,205,22,0
2026-08-27T14:15:00Z,1787840100,1.9578,1.95781,1.95722,1.95742,190,22,0
2026-08-27T14:20:00Z,1787840400,1.95742,1.9581300000000001,1.95733,1.95807,176,22,0
2026-08-27T14:25:00Z,1787840700,1.95807,1.95824,1.95769,1.95789,150,22,0
2026-08-27T14:30:00Z,1787841000,1.9579,1.9583599999999999,1.95784,1.95828,189,22,0
2026-08-27T14:35:00Z,1787841300,1.95828,1.95851,1.95783,1.95816,200,22,0
2026-08-27T14:40:00Z,1787841600,1.95819,1.95839,1.95785,1.95787,217,22,0
2026-08-27T14:45:00Z,1787841900,1.95785,1.95793,1.9576,1.9576,185,22,0
2026-08-27T14:50:00Z,1787842200,1.9576,1.95811,1.9575,1.95811,206,22,0
2026-08-27T14:55:00Z,1787842500,1.95814,1.95861,1.9577200000000001,1.95784,310,22,0
2026-08-27T15:00:00Z,1787842800,1.95781,1.95834,1.95781,1.9583,198,22,0
2026-08-27T15:05:00Z,1787843100,1.9583,1.9590100000000001,1.95823,1.95899,207,22,0
2026-08-27T15:10:00Z,1787843400,1.95899,1.95899,1.9582199999999998,1.95825,155,22,0
2026-08-27T15:15:00Z,1787843700,1.95824,1.95832,1.95808,1.9582899999999999,131,22,0
2026-08-27T15:20:00Z,1787844000,1.9583300000000001,1.9585,1.95805,1.9582199999999998,123,22,0
2026-08-27T15:25:00Z,1787844300,1.9582199999999998,1.9584700000000002,1.95817,1.9582000000000002,136,22,0
2026-08-27T15:30:00Z,1787844600,1.95817,1.95832,1.95783,1.95785,147,22,0
2026-08-27T15:35:00Z,1787844900,1.95785,1.95811,1.95784,1.95803,106,22,0
2026-08-27T15:40:00Z,1787845200,1.958,1.95823,1.95777,1.95821,105,22,0
2026-08-27T15:45:00Z,1787845500,1.95821,1.95827,1.9580899999999999,1.95812,122,22,0
2026-08-27T15:50:00Z,1787845800,1.95814,1.95817,1.95758,1.95773,112,22,0
2026-08-27T15:55:00Z,1787846100,1.95777,1.9578799999999998,1.9575399999999998,1.95773,147,22,0
2026-08-27T16:00:00Z,1787846400,1.9577200000000001,1.9577200000000001,1.95758,1.9576500000000001,121,22,0
2026-08-27T16:05:00Z,1787846700,1.95766,1.9581,1.95766,1.95804,132,22,0
2026-08-27T16:10:00Z,1787847000,1.95801,1.95807,1.9577,1.9577,106,22,0
2026-08-27T16:15:00Z,1787847300,1.95769,1.95784,1.9576099999999999,1.9577499999999999,125,22,0
2026-08-27T16:20:00Z,1787847600,1.95776,1.95798,1.95766,1.95777,123,22,0
2026-08-27T16:25:00Z,1787847900,1.9577499999999999,1.95787,1.95756,1.95787,114,22,0
2026-08-27T16:30:00Z,1787848200,1.95787,1.95811,1.95784,1.95804,105,22,0
2026-08-27T16:35:00Z,1787848500,1.95805,1.95819,1.958,1.958,100,22,0
2026-08-27T16:40:00Z,1787848800,1.95801,1.95807,1.95789,1.9580199999999999,78,22,0
2026-08-27T16:45:00Z,1787849100,1.958,1.95807,1.95777,1.95797,112,22,0
2026-08-27T16:50:00Z,1787849400,1.95797,1.95805,1.95766,1.95774,100,22,0
2026-08-27T16:55:00Z,1787849700,1.95774,1.9577900000000001,1.9575900000000002,1.95767,124,22,0
2026-08-27T17:00:00Z,1787850000,1.9576799999999999,1.95778,1.9575,1.95763,123,22,0
2026-08-27T17:05:00Z,1787850300,1.95763,1.95778,1.95758,1.9576,93,22,0
2026-08-27T17:10:00Z,1787850600,1.9576,1.9576099999999999,1.95751,1.95755,66,22,0
2026-08-27T17:15:00Z,1787850900,1.9575200000000001,1.9576,1.9574099999999999,1.9574500000000001,100,22,0
2026-08-27T17:20:00Z,1787851200,1.95746,1.9577,1.95737,1.95753,89,22,0
2026-08-27T17:25:00Z,1787851500,1.9575200000000001,1.95774,1.9575,1.95758,104,22,0
2026-08-27T17:30:00Z,1787851800,1.95758,1.9576799999999999,1.9574099999999999,1.9574500000000001,97,22,0
2026-08-27T17:35:00Z,1787852100,1.9574500000000001,1.9574799999999999,1.95724,1.9574,87,22,0
2026-08-27T17:40:00Z,1787852400,1.9574,1.95742,1.95721,1.9574,105,22,0
2026-08-27T17:45:00Z,1787852700,1.9574,1.9576500000000001,1.9573399999999999,1.95742,128,22,0
2026-08-27T17:50:00Z,1787853000,1.95742,1.9575900000000002,1.9573800000000001,1.9575200000000001,94,22,0
2026-08-27T17:55:00Z,1787853300,1.9575200000000001,1.95771,1.9574099999999999,1.9576799999999999,130,22,0
2026-08-27T18:00:00Z,1787853600,1.95769,1.95797,1.9576500000000001,1.9579,146,22,0
2026-08-27T18:05:00Z,1787853900,1.95789,1.95792,1.95763,1.95769,110,22,0
2026-08-27T18:10:00Z,1787854200,1.9576799999999999,1.95804,1.9576799999999999,1.95793,97,22,0
2026-08-27T18:15:00Z,1787854500,1.95792,1.958,1.95783,1.95793,100,22,0
2026-08-27T18:20:00Z,1787854800,1.95793,1.95824,1.95792,1.9582199999999998,100,22,0
2026-08-27T18:25:00Z,1787855100,1.9582199999999998,1.9584700000000002,1.9582000000000002,1.9584000000000001,124,22,0
2026-08-27T18:30:00Z,1787855400,1.95841,1.95857,1.95835,1.95851,92,22,0
2026-08-27T18:35:00Z,1787855700,1.9584899999999998,1.95851,1.95831,1.95834,80,22,0
2026-08-27T18:40:00Z,1787856000,1.95834,1.9584000000000001,1.95796,1.9582000000000002,73,22,0
2026-08-27T18:45:00Z,1787856300,1.95819,1.95831,1.95811,1.9581499999999998,67,22,0
2026-08-27T18:50:00Z,1787856600,1.95816,1.9582199999999998,1.95782,1.95793,63,22,0
2026-08-27T18:55:00Z,1787856900,1.95793,1.95804,1.95784,1.95798,101,22,0
2026-08-27T19:00:00Z,1787857200,1.95801,1.95819,1.95801,1.95805,86,22,0
2026-08-27T19:05:00Z,1787857500,1.9580600000000001,1.9581,1.95778,1.9580600000000001,83,22,0
2026-08-27T19:10:00Z,1787857800,1.95805,1.95819,1.95805,1.95811,57,22,0
2026-08-27T19:15:00Z,1787858100,1.95811,1.95818,1.95801,1.95801,74,22,0
2026-08-27T19:20:00Z,1787858400,1.9580199999999999,1.9581300000000001,1.95801,1.95807,78,22,0
2026-08-27T19:25:00Z,1787858700,1.95807,1.95818,1.9579900000000001,1.9581300000000001,102,22,0
2026-08-27T19:30:00Z,1787859000,1.9581300000000001,1.95821,1.9581,1.95814,71,22,0
2026-08-27T19:35:00Z,1787859300,1.95814,1.95817,1.95808,1.9581,64,22,0
2026-08-27T19:40:00Z,1787859600,1.95812,1.9581499999999998,1.9579499999999999,1.95797,54,22,0
2026-08-27T19:45:00Z,1787859900,1.95798,1.9579900000000001,1.95769,1.9577900000000001,81,22,0
2026-08-27T19:50:00Z,1787860200,1.95781,1.9581,1.9578,1.95797,90,22,0
2026-08-27T19:55:00Z,1787860500,1.95797,1.95812,1.9578799999999998,1.95793,125,22,0
2026-08-27T20:00:00Z,1787860800,1.95794,1.9580899999999999,1.95782,1.95807,65,22,0
2026-08-27T20:05:00Z,1787861100,1.95808,1.95827,1.95808,1.95827,47,22,0
2026-08-27T20:10:00Z,1787861400,1.95827,1.95827,1.9581499999999998,1.95819,47,22,0
2026-08-27T20:15:00Z,1787861700,1.95819,1.9582600000000001,1.9579900000000001,1.95805,47,22,0
2026-08-27T20:20:00Z,1787862000,1.95807,1.9582000000000002,1.95803,1.95818,41,22,0
2026-08-27T20:25:00Z,1787862300,1.95818,1.9582600000000001,1.9581499999999998,1.95823,71,22,0
2026-08-27T20:30:00Z,1787862600,1.9582199999999998,1.95824,1.95817,1.95821,37,22,0
2026-08-27T20:35:00Z,1787862900,1.9582000000000002,1.95825,1.95818,1.95821,36,22,0
2026-08-27T20:40:00Z,1787863200,1.9582199999999998,1.95831,1.9582000000000002,1.9583,39,22,0
2026-08-27T20:45:00Z,1787863500,1.9583,1.95834,1.95805,1.95805,39,22,0
2026-08-27T20:50:00Z,1787863800,1.95805,1.9580899999999999,1.95798,1.95804,37,22,0
2026-08-27T20:55:00Z,1787864100,1.95805,1.95812,1.95769,1.95777,58,20,0
2026-08-27T21:05:00Z,1787864700,1.95774,1.95777,1.9573399999999999,1.95737,130,53,0
2026-08-27T21:10:00Z,1787865000,1.9573399999999999,1.95776,1.95733,1.95751,130,62,0
2026-08-27T21:15:00Z,1787865300,1.95751,1.9576500000000001,1.9574099999999999,1.9574099999999999,89,101,0
2026-08-27T21:20:00Z,1787865600,1.95743,1.9575200000000001,1.95733,1.9574,106,126,0
2026-08-27T21:25:00Z,1787865900,1.95739,1.9577,1.95739,1.95746,110,78,0
2026-08-27T21:30:00Z,1787866200,1.9574799999999999,1.95769,1.95736,1.9574,85,87,0
2026-08-27T21:35:00Z,1787866500,1.95742,1.9574500000000001,1.95699,1.9570699999999999,103,120,0
2026-08-27T21:40:00Z,1787866800,1.9571,1.9571800000000001,1.95683,1.95705,98,160,0
2026-08-27T21:45:00Z,1787867100,1.9570400000000001,1.95742,1.95681,1.9574099999999999,86,137,0
2026-08-27T21:50:00Z,1787867400,1.95743,1.95751,1.9574099999999999,1.9574099999999999,83,120,0
2026-08-27T21:55:00Z,1787867700,1.9574099999999999,1.95757,1.9574,1.9574,64,106,0
2026-08-27T22:00:00Z,1787868000,1.9573399999999999,1.95816,1.9572699999999998,1.9581300000000001,78,54,0
2026-08-27T22:05:00Z,1787868300,1.9581300000000001,1.95817,1.95798,1.95803,31,54,0
2026-08-27T22:10:00Z,1787868600,1.95803,1.9581499999999998,1.95803,1.9581,36,54,0
2026-08-27T22:15:00Z,1787868900,1.9580899999999999,1.95811,1.95789,1.95789,27,54,0
2026-08-27T22:20:00Z,1787869200,1.95787,1.9579,1.95785,1.9578600000000002,30,54,0
2026-08-27T22:25:00Z,1787869500,1.9578600000000002,1.95789,1.95781,1.95782,27,54,0
2026-08-27T22:30:00Z,1787869800,1.95782,1.95782,1.95739,1.95744,36,54,0
2026-08-27T22:35:00Z,1787870100,1.95744,1.9574500000000001,1.95728,1.95728,30,54,0
2026-08-27T22:40:00Z,1787870400,1.95728,1.95728,1.95724,1.9572500000000002,26,54,0
2026-08-27T22:45:00Z,1787870700,1.95724,1.95735,1.95724,1.9573399999999999,23,54,0
2026-08-27T22:50:00Z,1787871000,1.9573399999999999,1.95735,1.9570699999999999,1.95708,27,54,0
2026-08-27T22:55:00Z,1787871300,1.95708,1.95712,1.95694,1.9569800000000002,40,54,0
2026-08-27T23:00:00Z,1787871600,1.95712,1.9571800000000001,1.9567999999999999,1.9568400000000001,40,22,0
2026-08-27T23:05:00Z,1787871900,1.9568400000000001,1.95703,1.95682,1.95703,24,22,0
2026-08-27T23:10:00Z,1787872200,1.95697,1.95701,1.95651,1.95679,49,22,0
2026-08-27T23:15:00Z,1787872500,1.95679,1.95688,1.95667,1.95685,33,22,0
2026-08-27T23:20:00Z,1787872800,1.95685,1.9571100000000001,1.9567700000000001,1.9568400000000001,56,22,0
2026-08-27T23:25:00Z,1787873100,1.9568400000000001,1.9569800000000002,1.95678,1.9569800000000002,50,22,0
2026-08-27T23:30:00Z,1787873400,1.95699,1.95702,1.95681,1.9569100000000001,27,22,0
2026-08-27T23:35:00Z,1787873700,1.9569100000000001,1.95723,1.9567,1.9567,73,22,0
2026-08-27T23:40:00Z,1787874000,1.9567,1.95697,1.95667,1.95685,53,22,0
2026-08-27T23:45:00Z,1787874300,1.95685,1.9568699999999999,1.95661,1.9566599999999998,49,22,0
2026-08-27T23:50:00Z,1787874600,1.9566599999999998,1.95689,1.9565000000000001,1.95686,53,22,0
2026-08-27T23:55:00Z,1787874900,1.9568699999999999,1.95713,1.9568699999999999,1.95701,80,22,0
2026-08-28T00:00:00Z,1787875200,1.9569999999999999,1.95713,1.9565700000000001,1.95674,106,22,0
2026-08-28T00:05:00Z,1787875500,1.9567299999999999,1.9568400000000001,1.9561600000000001,1.95618,125,22,0
2026-08-28T00:10:00Z,1787875800,1.95622,1.9564300000000001,1.95622,1.9562599999999999,67,22,0
2026-08-28T00:15:00Z,1787876100,1.9562599999999999,1.95668,1.95625,1.9566,90,22,0
2026-08-28T00:20:00Z,1787876400,1.9566,1.9566,1.95642,1.95648,65,22,0
2026-08-28T00:25:00Z,1787876700,1.95648,1.9567,1.95635,1.95635,92,22,0
2026-08-28T00:30:00Z,1787877000,1.9563199999999998,1.9563700000000002,1.95617,1.95627,72,22,0
2026-08-28T00:35:00Z,1787877300,1.95627,1.95635,1.95608,1.95627,77,22,0
2026-08-28T00:40:00Z,1787877600,1.95627,1.95636,1.95613,1.95613,46,22,0
2026-08-28T00:45:00Z,1787877900,1.95613,1.95635,1.9560300000000002,1.95629,75,22,0
2026-08-28T00:50:00Z,1787878200,1.95629,1.95669,1.95622,1.95662,103,22,0
2026-08-28T00:55:00Z,1787878500,1.95662,1.95674,1.9565000000000001,1.95656,92,22,0
2026-08-28T01:00:00Z,1787878800,1.95658,1.9567999999999999,1.95581,1.95583,142,22,0
2026-08-28T01:05:00Z,1787879100,1.95584,1.9560300000000002,1.9557,1.95572,99,22,0
2026-08-28T01:10:00Z,1787879400,1.95572,1.95601,1.9557,1.95598,86,22,0
2026-08-28T01:15:00Z,1787879700,1.95598,1.95598,1.9554399999999998,1.9555,108,22,0
2026-08-28T01:20:00Z,1787880000,1.9555099999999999,1.95574,1.95534,1.95574,77,22,0
2026-08-28T01:25:00Z,1787880300,1.95574,1.95574,1.95549,1.9556200000000001,106,22,0
2026-08-28T01:30:00Z,1787880600,1.9556,1.9556,1.95498,1.95511,123,22,0
2026-08-28T01:35:00Z,1787880900,1.95512,1.95526,1.9546000000000001,1.95471,117,22,0
2026-08-28T01:40:00Z,1787881200,1.9546999999999999,1.95533,1.95432,1.9553099999999999,148,22,0
2026-08-28T01:45:00Z,1787881500,1.9553099999999999,1.9556200000000001,1.95525,1.95543,130,22,0
2026-08-28T01:50:00Z,1787881800,1.95543,1.95545,1.95487,1.9552100000000001,99,22,0
2026-08-28T01:55:00Z,1787882100,1.9552100000000001,1.95526,1.95489,1.95502,120,22,0
2026-08-28T02:00:00Z,1787882400,1.95502,1.9552800000000001,1.95487,1.95525,95,22,0
2026-08-28T02:05:00Z,1787882700,1.95522,1.9552399999999999,1.95499,1.9550999999999998,85,22,0
2026-08-28T02:10:00Z,1787883000,1.95509,1.9550999999999998,1.95461,1.95465,119,22,0
2026-08-28T02:15:00Z,1787883300,1.95464,1.95472,1.9543599999999999,1.95441,82,22,0
2026-08-28T02:20:00Z,1787883600,1.95441,1.95441,1.95376,1.95376,91,22,0
2026-08-28T02:25:00Z,1787883900,1.95376,1.95425,1.9535,1.95405,130,22,0
2026-08-28T02:30:00Z,1787884200,1.95405,1.95405,1.95364,1.95364,119,22,0
2026-08-28T02:35:00Z,1787884500,1.95364,1.954,1.95364,1.9539900000000001,75,22,0
2026-08-28T02:40:00Z,1787884800,1.9539900000000001,1.95417,1.9539,1.95415,72,22,0
2026-08-28T02:45:00Z,1787885100,1.95415,1.95415,1.9532699999999998,1.9532699999999998,90,22,0
2026-08-28T02:50:00Z,1787885400,1.9532500000000002,1.95343,1.95309,1.95343,105,22,0
2026-08-28T02:55:00Z,1787885700,1.9534,1.95344,1.9532,1.95337,65,22,0
2026-08-28T03:00:00Z,1787886000,1.9534,1.95353,1.9529,1.95296,81,22,0
2026-08-28T03:05:00Z,1787886300,1.95295,1.95332,1.9529100000000001,1.95324,84,22,0
2026-08-28T03:10:00Z,1787886600,1.95324,1.95333,1.95299,1.95317,63,22,0
2026-08-28T03:15:00Z,1787886900,1.95316,1.9532699999999998,1.95296,1.95296,89,22,0
2026-08-28T03:20:00Z,1787887200,1.95296,1.95305,1.95292,1.95294,47,22,0
2026-08-28T03:25:00Z,1787887500,1.95295,1.9532699999999998,1.95289,1.95308,60,22,0
2026-08-28T03:30:00Z,1787887800,1.95308,1.9532,1.9527999999999999,1.95301,75,22,0
2026-08-28T03:35:00Z,1787888100,1.95302,1.95347,1.95301,1.9534099999999999,55,22,0
2026-08-28T03:40:00Z,1787888400,1.9534099999999999,1.9536799999999999,1.9534,1.95358,63,22,0
2026-08-28T03:45:00Z,1787888700,1.9535900000000002,1.9538799999999998,1.9535900000000002,1.9537200000000001,69,22,0
2026-08-28T03:50:00Z,1787889000,1.9537200000000001,1.9539,1.95369,1.9538799999999998,70,22,0
2026-08-28T03:55:00Z,1787889300,1.95387,1.9538799999999998,1.95316,1.9531800000000001,78,22,0
2026-08-28T04:00:00Z,1787889600,1.9531800000000001,1.95332,1.9531399999999999,1.95324,77,22,0
2026-08-28T04:05:00Z,1787889900,1.9532500000000002,1.95326,1.95297,1.95306,59,22,0
2026-08-28T04:10:00Z,1787890200,1.95306,1.95329,1.95285,1.95288,66,22,0
2026-08-28T04:15:00Z,1787890500,1.95289,1.95289,1.95252,1.95263,73,22,0
2026-08-28T04:20:00Z,1787890800,1.95263,1.95279,1.95261,1.95276,39,22,0
2026-08-28T04:25:00Z,1787891100,1.95276,1.95295,1.95275,1.95282,49,22,0
2026-08-28T04:30:00Z,1787891400,1.95281,1.95292,1.95271,1.95279,51,22,0
2026-08-28T04:35:00Z,1787891700,1.95279,1.9529800000000002,1.95268,1.95296,35,22,0
2026-08-28T04:40:00Z,1787892000,1.9529800000000002,1.95305,1.95285,1.9529999999999998,58,22,0
2026-08-28T04:45:00Z,1787892300,1.9529999999999998,1.95304,1.95279,1.95303,60,22,0
2026-08-28T04:50:00Z,1787892600,1.95303,1.9532,1.95303,1.9532,44,22,0
2026-08-28T04:55:00Z,1787892900,1.9532,1.95455,1.9532,1.95453,126,22,0
2026-08-28T05:00:00Z,1787893200,1.9545400000000002,1.9548100000000002,1.9537900000000001,1.95414,152,22,0
2026-08-28T05:05:00Z,1787893500,1.9541300000000001,1.95455,1.95405,1.9544000000000001,126,22,0
2026-08-28T05:10:00Z,1787893800,1.9544000000000001,1.95462,1.9542899999999999,1.9544899999999998,121,22,0
2026-08-28T05:15:00Z,1787894100,1.95448,1.95458,1.95411,1.95414,83,22,0
2026-08-28T05:20:00Z,1787894400,1.95414,1.95428,1.9540199999999999,1.95427,79,22,0
2026-08-28T05:25:00Z,1787894700,1.95428,1.95445,1.9541300000000001,1.95414,82,22,0
2026-08-28T05:30:00Z,1787895000,1.95415,1.9543,1.95383,1.9539,105,22,0
2026-08-28T05:35:00Z,1787895300,1.9538799999999998,1.95453,1.95384,1.9545,107,22,0
2026-08-28T05:40:00Z,1787895600,1.95453,1.95512,1.95453,1.95493,127,22,0
2026-08-28T05:45:00Z,1787895900,1.95491,1.95519,1.95475,1.9549400000000001,117,22,0
2026-08-28T05:50:00Z,1787896200,1.9549400000000001,1.95513,1.95485,1.9549400000000001,93,22,0
2026-08-28T05:55:00Z,1787896500,1.9549400000000001,1.95525,1.95469,1.95525,104,22,0
2026-08-28T06:00:00Z,1787896800,1.95523,1.95541,1.9547400000000001,1.9547400000000001,166,22,0
2026-08-28T06:05:00Z,1787897100,1.9547400000000001,1.9547400000000001,1.95438,1.95438,147,22,0
2026-08-28T06:10:00Z,1787897400,1.95438,1.95478,1.95418,1.9542199999999998,168,22,0
2026-08-28T06:15:00Z,1787897700,1.9542199999999998,1.9542199999999998,1.95378,1.95393,138,22,0
2026-08-28T06:20:00Z,1787898000,1.95393,1.9541,1.95354,1.95397,147,22,0
2026-08-28T06:25:00Z,1787898300,1.9539900000000001,1.95408,1.9536799999999999,1.9538600000000002,136,22,0
2026-08-28T06:30:00Z,1787898600,1.9538600000000002,1.95469,1.95385,1.95445,185,22,0
2026-08-28T06:35:00Z,1787898900,1.95444,1.9547400000000001,1.95438,1.9546299999999999,189,22,0
2026-08-28T06:40:00Z,1787899200,1.95459,1.95464,1.9541300000000001,1.95427,155,22,0
2026-08-28T06:45:00Z,1787899500,1.95424,1.9543599999999999,1.95376,1.95383,164,22,0
2026-08-28T06:50:00Z,1787899800,1.9537900000000001,1.9540899999999999,1.95373,1.954,128,22,0
2026-08-28T06:55:00Z,1787900100,1.9539900000000001,1.95414,1.9537499999999999,1.95401,135,22,0
2026-08-28T07:00:00Z,1787900400,1.9540199999999999,1.95417,1.95389,1.95389,133,22,0
2026-08-28T07:05:00Z,1787900700,1.95389,1.95425,1.95356,1.95424,169,22,0
2026-08-28T07:10:00Z,1787901000,1.95425,1.95453,1.95397,1.95412,139,22,0
2026-08-28T07:15:00Z,1787901300,1.95415,1.95499,1.9541,1.9548,158,22,0
2026-08-28T07:20:00Z,1787901600,1.95476,1.95492,1.95443,1.95464,144,22,0
2026-08-28T07:25:00Z,1787901900,1.95461,1.9548100000000002,1.9543,1.95445,144,22,0
2026-08-28T07:30:00Z,1787902200,1.9544000000000001,1.9544000000000001,1.9535900000000002,1.95364,180,22,0
2026-08-28T07:35:00Z,1787902500,1.95364,1.95425,1.95349,1.95424,176,22,0
2026-08-28T07:40:00Z,1787902800,1.95424,1.95442,1.9541300000000001,1.95438,126,22,0
2026-08-28T07:45:00Z,1787903100,1.95438,1.95451,1.95417,1.9542199999999998,110,22,0
2026-08-28T07:50:00Z,1787903400,1.95419,1.95419,1.95391,1.95403,93,22,0
2026-08-28T07:55:00Z,1787903700,1.95403,1.95437,1.95394,1.95434,117,22,0
2026-08-28T08:00:00Z,1787904000,1.95437,1.9547400000000001,1.95414,1.95469,138,22,0
2026-08-28T08:05:00Z,1787904300,1.95469,1.95488,1.95457,1.95478,131,22,0
2026-08-28T08:10:00Z,1787904600,1.95478,1.95523,1.95477,1.95502,113,22,0
2026-08-28T08:15:00Z,1787904900,1.95503,1.95507,1.95465,1.95471,122,22,0
2026-08-28T08:20:00Z,1787905200,1.95471,1.9549699999999999,1.9546299999999999,1.95491,130,22,0
2026-08-28T08:25:00Z,1787905500,1.9548999999999999,1.95519,1.9548999999999999,1.95514,102,22,0
2026-08-28T08:30:00Z,1787905800,1.95514,1.9555799999999999,1.95512,1.95553,151,22,0
2026-08-28T08:35:00Z,1787906100,1.95552,1.95564,1.9552100000000001,1.9555,126,22,0
2026-08-28T08:40:00Z,1787906400,1.95552,1.9557600000000002,1.95546,1.9556499999999999,115,22,0
2026-08-28T08:45:00Z,1787906700,1.95566,1.95622,1.95564,1.95621,145,22,0
2026-08-28T08:50:00Z,1787907000,1.95621,1.9566,1.95611,1.95659,121,22,0
2026-08-28T08:55:00Z,1787907300,1.95659,1.95682,1.9565299999999999,1.95679,94,22,0
2026-08-28T09:00:00Z,1787907600,1.9567999999999999,1.95739,1.9565299999999999,1.95708,128,22,0
2026-08-28T09:05:00Z,1787907900,1.95708,1.95708,1.95655,1.9570699999999999,159,22,0
2026-08-28T09:10:00Z,1787908200,1.95706,1.95724,1.95683,1.9569999999999999,103,22,0
2026-08-28T09:15:00Z,1787908500,1.9569999999999999,1.9571100000000001,1.95668,1.9567999999999999,112,22,0
2026-08-28T09:20:00Z,1787908800,1.9567700000000001,1.9569299999999998,1.95667,1.9567700000000001,113,22,0
2026-08-28T09:25:00Z,1787909100,1.95676,1.95695,1.9567,1.95692,106,22,0
2026-08-28T09:30:00Z,1787909400,1.95692,1.95712,1.9568699999999999,1.95688,98,22,0
2026-08-28T09:35:00Z,1787909700,1.95688,1.95708,1.95665,1.9567299999999999,125,22,0
2026-08-28T09:40:00Z,1787910000,1.9567299999999999,1.9568699999999999,1.95634,1.95634,108,22,0
2026-08-28T09:45:00Z,1787910300,1.95634,1.95658,1.95625,1.95648,120,22,0
2026-08-28T09:50:00Z,1787910600,1.95644,1.95659,1.95633,1.95641,100,22,0
2026-08-28T09:55:00Z,1787910900,1.9564,1.95656,1.9561600000000001,1.95656,133,22,0
2026-08-28T10:00:00Z,1787911200,1.95655,1.95661,1.95613,1.95613,110,22,0
2026-08-28T10:05:00Z,1787911500,1.95615,1.9562,1.95599,1.95617,75,22,0
2026-08-28T10:10:00Z,1787911800,1.95617,1.9562599999999999,1.956,1.9560300000000002,89,22,0
2026-08-28T10:15:00Z,1787912100,1.9560300000000002,1.9562599999999999,1.9559600000000001,1.9562300000000001,108,22,0
2026-08-28T10:20:00Z,1787912400,1.9562300000000001,1.95636,1.95591,1.95609,127,22,0
2026-08-28T10:25:00Z,1787912700,1.95609,1.9563199999999998,1.9559600000000001,1.9563199999999998,133,22,0
2026-08-28T10:30:00Z,1787913000,1.9563199999999998,1.95645,1.95617,1.95618,94,22,0
2026-08-28T10:35:00Z,1787913300,1.95618,1.95654,1.95618,1.9562,87,22,0
2026-08-28T10:40:00Z,1787913600,1.9562,1.9564599999999999,1.9561,1.95638,100,22,0
2026-08-28T10:45:00Z,1787913900,1.95638,1.95675,1.9563199999999998,1.95674,99,22,0
2026-08-28T10:50:00Z,1787914200,1.95674,1.95688,1.95648,1.95663,99,22,0
2026-08-28T10:55:00Z,1787914500,1.95662,1.95675,1.9565700000000001,1.95661,103,22,0
2026-08-28T11:00:00Z,1787914800,1.95662,1.9569100000000001,1.95658,1.95683,106,22,0
2026-08-28T11:05:00Z,1787915100,1.95683,1.95713,1.95681,1.95699,100,22,0
2026-08-28T11:10:00Z,1787915400,1.95699,1.9572500000000002,1.95699,1.9571,118,22,0
2026-08-28T11:15:00Z,1787915700,1.9571,1.9573,1.95703,1.95729,89,22,0
2026-08-28T11:20:00Z,1787916000,1.95729,1.9576099999999999,1.95726,1.95758,107,22,0
2026-08-28T11:25:00Z,1787916300,1.95757,1.9577900000000001,1.95739,1.9574099999999999,121,22,0
2026-08-28T11:30:00Z,1787916600,1.95737,1.95753,1.95726,1.95739,126,22,0
2026-08-28T11:35:00Z,1787916900,1.95739,1.95818,1.95739,1.95805,96,22,0
2026-08-28T11:40:00Z,1787917200,1.95805,1.9584899999999998,1.95798,1.9584899999999998,105,22,0
2026-08-28T11:45:00Z,1787917500,1.9584899999999998,1.9590800000000002,1.9583300000000001,1.95902,141,22,0
2026-08-28T11:50:00Z,1787917800,1.95902,1.95912,1.9583599999999999,1.9583599999999999,132,22,0
2026-08-28T11:55:00Z,1787918100,1.9583300000000001,1.95886,1.9583300000000001,1.95885,136,22,0
2026-08-28T12:00:00Z,1787918400,1.95884,1.95902,1.95868,1.9587599999999998,152,22,0
2026-08-28T12:05:00Z,1787918700,1.9587599999999998,1.9587599999999998,1.95842,1.95845,116,22,0
2026-08-28T12:10:00Z,1787919000,1.95844,1.95861,1.95807,1.9581499999999998,118,22,0
2026-08-28T12:15:00Z,1787919300,1.9581499999999998,1.95834,1.95803,1.95816,123,22,0
2026-08-28T12:20:00Z,1787919600,1.9581300000000001,1.9581300000000001,1.95769,1.95774,115,22,0
2026-08-28T12:25:00Z,1787919900,1.9577499999999999,1.9582600000000001,1.9576799999999999,1.95824,119,22,0
2026-08-28T12:30:00Z,1787920200,1.95827,1.95853,1.95816,1.95848,147,22,0
2026-08-28T12:35:00Z,1787920500,1.95843,1.95853,1.95821,1.95839,139,22,0
2026-08-28T12:40:00Z,1787920800,1.95839,1.9585,1.9579900000000001,1.95801,130,22,0
2026-08-28T12:45:00Z,1787921100,1.95801,1.95821,1.95789,1.95789,134,22,0
2026-08-28T12:50:00Z,1787921400,1.9579,1.9580899999999999,1.95781,1.958,129,22,0
2026-08-28T12:55:00Z,1787921700,1.9579900000000001,1.9582000000000002,1.95769,1.9578799999999998,215,22,0
2026-08-28T13:00:00Z,1787922000,1.95787,1.958,1.9571100000000001,1.95724,195,22,0
2026-08-28T13:05:00Z,1787922300,1.9572500000000002,1.95742,1.95694,1.9570699999999999,137,22,0
2026-08-28T13:10:00Z,1787922600,1.95708,1.95743,1.95701,1.95739,127,22,0
2026-08-28T13:15:00Z,1787922900,1.9574,1.95766,1.95731,1.9573800000000001,152,22,0
2026-08-28T13:20:00Z,1787923200,1.9574,1.9574,1.95674,1.95699,142,22,0
2026-08-28T13:25:00Z,1787923500,1.95696,1.9575200000000001,1.95672,1.95735,179,22,0
2026-08-28T13:30:00Z,1787923800,1.95736,1.95739,1.95671,1.95675,181,22,0
2026-08-28T13:35:00Z,1787924100,1.9567700000000001,1.9571800000000001,1.95669,1.95688,143,22,0
2026-08-28T13:40:00Z,1787924400,1.95688,1.9569800000000002,1.95644,1.95665,144,22,0
2026-08-28T13:45:00Z,1787924700,1.9566599999999998,1.95716,1.95665,1.95716,145,22,0
2026-08-28T13:50:00Z,1787925000,1.9572,1.9573800000000001,1.95696,1.9571100000000001,165,22,0
2026-08-28T13:55:00Z,1787925300,1.9571100000000001,1.95731,1.95604,1.95703,215,22,0
2026-08-28T14:00:00Z,1787925600,1.95702,1.9580199999999999,1.9553500000000001,1.9571399999999999,1103,22,0
2026-08-28T14:05:00Z,1787925900,1.95716,1.95936,1.9569999999999999,1.95843,678,22,0
2026-08-28T14:10:00Z,1787926200,1.95846,1.95995,1.9583300000000001,1.95946,471,22,0
2026-08-28T14:15:00Z,1787926500,1.95947,1.95977,1.958,1.95838,454,22,0
2026-08-28T14:20:00Z,1787926800,1.95841,1.9594,1.95821,1.95919,385,22,0
2026-08-28T14:25:00Z,1787927100,1.95922,1.95977,1.9585,1.9586299999999999,439,22,0
2026-08-28T14:30:00Z,1787927400,1.9586000000000001,1.9587599999999998,1.95814,1.9583,453,22,0
2026-08-28T14:35:00Z,1787927700,1.9582899999999999,1.95845,1.95763,1.95842,367,22,0
2026-08-28T14:40:00Z,1787928000,1.95838,1.95853,1.9574099999999999,1.9578,362,22,0
2026-08-28T14:45:00Z,1787928300,1.9577900000000001,1.9586000000000001,1.95767,1.9586000000000001,294,22,0
2026-08-28T14:50:00Z,1787928600,1.95859,1.9586700000000001,1.95782,1.95785,280,22,0
2026-08-28T14:55:00Z,1787928900,1.9578600000000002,1.95872,1.95774,1.95839,318,22,0
2026-08-28T15:00:00Z,1787929200,1.95842,1.95877,1.9580199999999999,1.95857,323,22,0
2026-08-28T15:05:00Z,1787929500,1.9586000000000001,1.95906,1.9582199999999998,1.95902,249,22,0
2026-08-28T15:10:00Z,1787929800,1.95902,1.95974,1.95892,1.95965,245,22,0
2026-08-28T15:15:00Z,1787930100,1.95966,1.95991,1.95943,1.95976,232,22,0
2026-08-28T15:20:00Z,1787930400,1.95974,1.9598499999999999,1.9593099999999999,1.9594399999999998,243,22,0
2026-08-28T15:25:00Z,1787930700,1.9594399999999998,1.95966,1.9589400000000001,1.95948,223,22,0
2026-08-28T15:30:00Z,1787931000,1.9594399999999998,1.9602300000000001,1.9593699999999998,1.96018,273,22,0
2026-08-28T15:35:00Z,1787931300,1.9601600000000001,1.96055,1.9599,1.96041,230,22,0
2026-08-28T15:40:00Z,1787931600,1.96044,1.96103,1.96044,1.96085,253,22,0
2026-08-28T15:45:00Z,1787931900,1.96086,1.9612,1.96036,1.96117,266,22,0
2026-08-28T15:50:00Z,1787932200,1.96117,1.96135,1.96094,1.9612,254,22,0
2026-08-28T15:55:00Z,1787932500,1.96117,1.96162,1.96105,1.96115,252,22,0
2026-08-28T16:00:00Z,1787932800,1.96117,1.96153,1.96095,1.96116,251,22,0
2026-08-28T16:05:00Z,1787933100,1.96117,1.9614,1.96082,1.96087,202,22,0
2026-08-28T16:10:00Z,1787933400,1.96087,1.96144,1.96087,1.96136,226,22,0
2026-08-28T16:15:00Z,1787933700,1.96136,1.96169,1.96108,1.96158,216,22,0
2026-08-28T16:20:00Z,1787934000,1.9616099999999999,1.96183,1.96133,1.96156,247,22,0
2026-08-28T16:25:00Z,1787934300,1.96155,1.96163,1.96065,1.96079,207,22,0
2026-08-28T16:30:00Z,1787934600,1.96083,1.9609999999999999,1.9604,1.96098,205,22,0
2026-08-28T16:35:00Z,1787934900,1.96098,1.96099,1.9606599999999998,1.96078,187,22,0
2026-08-28T16:40:00Z,1787935200,1.96079,1.9614099999999999,1.9607,1.96119,184,22,0
2026-08-28T16:45:00Z,1787935500,1.96117,1.96117,1.96048,1.96051,174,22,0
2026-08-28T16:50:00Z,1787935800,1.9605000000000001,1.9607999999999999,1.9605000000000001,1.9607,168,22,0
2026-08-28T16:55:00Z,1787936100,1.96067,1.96088,1.9605299999999999,1.9607700000000001,154,22,0
2026-08-28T17:00:00Z,1787936400,1.9607700000000001,1.96095,1.96056,1.96078,192,22,0
2026-08-28T17:05:00Z,1787936700,1.96078,1.96081,1.9603899999999999,1.96052,149,22,0
2026-08-28T17:10:00Z,1787937000,1.96051,1.96074,1.96004,1.96009,171,22,0
2026-08-28T17:15:00Z,1787937300,1.96008,1.96017,1.9598900000000001,1.95999,140,22,0
2026-08-28T17:20:00Z,1787937600,1.96,1.96022,1.9598900000000001,1.96007,112,22,0
2026-08-28T17:25:00Z,1787937900,1.96006,1.96027,1.9599199999999999,1.96015,148,22,0
2026-08-28T17:30:00Z,1787938200,1.96015,1.96037,1.96009,1.9601899999999999,135,22,0
2026-08-28T17:35:00Z,1787938500,1.9602,1.9605000000000001,1.96,1.9605000000000001,127,22,0
2026-08-28T17:40:00Z,1787938800,1.9605000000000001,1.9605700000000001,1.9599,1.9599600000000001,132,22,0
2026-08-28T17:45:00Z,1787939100,1.95995,1.9599600000000001,1.95963,1.95964,117,22,0
2026-08-28T17:50:00Z,1787939400,1.95965,1.9598,1.9596,1.95961,122,22,0
2026-08-28T17:55:00Z,1787939700,1.95961,1.95991,1.95961,1.95986,128,22,0
2026-08-28T18:00:00Z,1787940000,1.9598499999999999,1.9600499999999998,1.95984,1.96002,123,22,0
2026-08-28T18:05:00Z,1787940300,1.96001,1.96013,1.9596,1.95999,117,22,0
2026-08-28T18:10:00Z,1787940600,1.95999,1.96008,1.95987,1.96008,91,22,0
2026-08-28T18:15:00Z,1787940900,1.96008,1.96022,1.95981,1.96018,99,22,0
2026-08-28T18:20:00Z,1787941200,1.9602,1.96042,1.96017,1.9604,85,22,0
2026-08-28T18:25:00Z,1787941500,1.96042,1.96047,1.95994,1.96007,142,22,0
2026-08-28T18:30:00Z,1787941800,1.96006,1.96029,1.95997,1.96,93,22,0
2026-08-28T18:35:00Z,1787942100,1.96,1.9601,1.9599,1.96004,84,22,0
2026-08-28T18:40:00Z,1787942400,1.96004,1.96011,1.9597799999999999,1.95983,100,22,0
2026-08-28T18:45:00Z,1787942700,1.95983,1.9600499999999998,1.9597799999999999,1.96002,81,22,0
2026-08-28T18:50:00Z,1787943000,1.96002,1.96011,1.95995,1.96004,87,22,0
2026-08-28T18:55:00Z,1787943300,1.96004,1.9601899999999999,1.95987,1.95987,121,22,0
2026-08-28T19:00:00Z,1787943600,1.95987,1.95994,1.95959,1.95966,142,22,0
2026-08-28T19:05:00Z,1787943900,1.95966,1.95968,1.95936,1.95947,109,22,0
2026-08-28T19:10:00Z,1787944200,1.95947,1.9596200000000001,1.95941,1.95954,84,22,0
2026-08-28T19:15:00Z,1787944500,1.95954,1.95956,1.95933,1.9593500000000001,87,22,0
2026-08-28T19:20:00Z,1787944800,1.95936,1.9594,1.9591699999999999,1.9593500000000001,111,22,0
2026-08-28T19:25:00Z,1787945100,1.95932,1.9593500000000001,1.9590800000000002,1.95914,142,22,0
2026-08-28T19:30:00Z,1787945400,1.9591699999999999,1.95925,1.95904,1.95907,130,22,0
2026-08-28T19:35:00Z,1787945700,1.95907,1.9593,1.95904,1.95905,100,22,0
2026-08-28T19:40:00Z,1787946000,1.95904,1.95904,1.9588700000000001,1.95899,86,22,0
2026-08-28T19:45:00Z,1787946300,1.959,1.95932,1.959,1.95926,85,22,0
2026-08-28T19:50:00Z,1787946600,1.9592399999999999,1.9594200000000002,1.95919,1.95934,98,22,0
2026-08-28T19:55:00Z,1787946900,1.95934,1.95938,1.95913,1.9592100000000001,132,22,0
2026-08-28T20:00:00Z,1787947200,1.9592100000000001,1.95936,1.95912,1.95919,92,22,0
2026-08-28T20:05:00Z,1787947500,1.95919,1.9593,1.95909,1.9590999999999998,76,22,0
2026-08-28T20:10:00Z,1787947800,1.95909,1.95933,1.95907,1.95933,92,22,0
2026-08-28T20:15:00Z,1787948100,1.95927,1.9595,1.95913,1.95948,83,22,0
2026-08-28T20:20:00Z,1787948400,1.95949,1.95984,1.95949,1.95956,108,22,0
2026-08-28T20:25:00Z,1787948700,1.95954,1.95973,1.95953,1.95973,69,22,0
2026-08-28T20:30:00Z,1787949000,1.95972,1.95972,1.9594200000000002,1.95949,68,22,0
2026-08-28T20:35:00Z,1787949300,1.95948,1.95948,1.9593,1.9593699999999998,61,22,0
2026-08-28T20:40:00Z,1787949600,1.95938,1.95941,1.95896,1.95913,74,22,0
2026-08-28T20:45:00Z,1787949900,1.95913,1.95913,1.95886,1.959,60,22,0
2026-08-28T20:50:00Z,1787950200,1.95895,1.95902,1.95882,1.95882,64,22,0
2026-08-28T20:55:00Z,1787950500,1.9588299999999998,1.9589400000000001,1.9586299999999999,1.95873,89,22,0
