time_utc,Day_IST,Time_IST,time,open,high,low,close,tick_volume,spread,real_volume
2021-03-11T20:00:00+00:00,2021-03-12,01:30:00,1615492800,0.9245,0.92475,0.92391,0.92475,754,50,0
2021-03-12T00:00:00+00:00,2021-03-12,05:30:00,1615507200,0.92485,0.92676,0.92465,0.92654,1858,50,0
2021-03-12T04:00:00+00:00,2021-03-12,09:30:00,1615521600,0.92655,0.92864,0.92633,0.92831,2856,50,0
2021-03-12T08:00:00+00:00,2021-03-12,13:30:00,1615536000,0.9283,0.93212,0.92795,0.93113,4403,50,0
2021-03-12T12:00:00+00:00,2021-03-12,17:30:00,1615550400,0.93111,0.9325,0.92877,0.92918,6319,50,0
2021-03-12T16:00:00+00:00,2021-03-12,21:30:00,1615564800,0.92921,0.92972,0.92783,0.92965,3503,50,0
2021-03-12T20:00:00+00:00,2021-03-13,01:30:00,1615579200,0.92966,0.92985,0.92867,0.92931,1017,50,0
2021-03-14T20:00:00+00:00,2021-03-15,01:30:00,1615752000,0.9288,0.92971,0.92846,0.92944,2000,50,0
2021-03-15T00:00:00+00:00,2021-03-15,05:30:00,1615766400,0.92945,0.92983,0.92763,0.92909,2601,50,0
2021-03-15T04:00:00+00:00,2021-03-15,09:30:00,1615780800,0.9291,0.93125,0.92909,0.9309,2799,50,0
2021-03-15T08:00:00+00:00,2021-03-15,13:30:00,1615795200,0.93089,0.93089,0.92777,0.92927,4209,50,0
2021-03-15T12:00:00+00:00,2021-03-15,17:30:00,1615809600,0.92929,0.93002,0.92793,0.92839,5335,50,0
2021-03-15T16:00:00+00:00,2021-03-15,21:30:00,1615824000,0.92841,0.92848,0.92668,0.92739,2942,50,0
2021-03-15T20:00:00+00:00,2021-03-16,01:30:00,1615838400,0.92737,0.92783,0.92698,0.92771,1277,50,0
2021-03-16T00:00:00+00:00,2021-03-16,05:30:00,1615852800,0.9277,0.92792,0.92647,0.92661,2018,50,0
2021-03-16T04:00:00+00:00,2021-03-16,09:30:00,1615867200,0.92662,0.92851,0.92627,0.92846,2254,50,0
2021-03-16T08:00:00+00:00,2021-03-16,13:30:00,1615881600,0.92847,0.92871,0.92433,0.92529,4082,50,0
2021-03-16T12:00:00+00:00,2021-03-16,17:30:00,1615896000,0.9253,0.92714,0.92459,0.92606,6603,50,0
2021-03-16T16:00:00+00:00,2021-03-16,21:30:00,1615910400,0.92608,0.92648,0.92425,0.92478,3744,50,0
2021-03-16T20:00:00+00:00,2021-03-17,01:30:00,1615924800,0.92479,0.92515,0.92447,0.92501,1399,50,0
2021-03-17T00:00:00+00:00,2021-03-17,05:30:00,1615939200,0.92498,0.92633,0.92485,0.92575,1776,50,0
2021-03-17T04:00:00+00:00,2021-03-17,09:30:00,1615953600,0.92576,0.92686,0.92538,0.92684,1780,50,0
2021-03-17T08:00:00+00:00,2021-03-17,13:30:00,1615968000,0.92682,0.92844,0.92542,0.92829,3485,50,0
2021-03-17T12:00:00+00:00,2021-03-17,17:30:00,1615982400,0.92832,0.9296,0.92668,0.92769,4703,50,0
2021-03-17T16:00:00+00:00,2021-03-17,21:30:00,1615996800,0.92768,0.92838,0.92137,0.92264,9010,50,0
2021-03-17T20:00:00+00:00,2021-03-18,01:30:00,1616011200,0.92263,0.92276,0.92198,0.92223,2003,50,0
2021-03-18T00:00:00+00:00,2021-03-18,05:30:00,1616025600,0.92226,0.92428,0.9219,0.92368,3173,50,0
2021-03-18T04:00:00+00:00,2021-03-18,09:30:00,1616040000,0.92366,0.92706,0.92193,0.92605,4124,50,0
2021-03-18T08:00:00+00:00,2021-03-18,13:30:00,1616054400,0.92604,0.92785,0.92322,0.9275,6177,50,0
2021-03-18T12:00:00+00:00,2021-03-18,17:30:00,1616068800,0.92749,0.93053,0.92684,0.92817,7612,50,0
2021-03-18T16:00:00+00:00,2021-03-18,21:30:00,1616083200,0.92818,0.92928,0.92681,0.92848,5105,50,0
2021-03-18T20:00:00+00:00,2021-03-19,01:30:00,1616097600,0.92845,0.92845,0.92695,0.92739,1091,50,0
2021-03-19T00:00:00+00:00,2021-03-19,05:30:00,1616112000,0.92738,0.92849,0.92719,0.92721,2206,50,0
2021-03-19T04:00:00+00:00,2021-03-19,09:30:00,1616126400,0.92723,0.92771,0.92514,0.92572,2696,50,0
2021-03-19T08:00:00+00:00,2021-03-19,13:30:00,1616140800,0.9257,0.92986,0.92534,0.92811,4113,50,0
2021-03-19T12:00:00+00:00,2021-03-19,17:30:00,1616155200,0.92809,0.93201,0.92791,0.93009,7953,50,0
2021-03-19T16:00:00+00:00,2021-03-19,21:30:00,1616169600,0.93011,0.93086,0.92884,0.92934,2872,50,0
2021-03-19T20:00:00+00:00,2021-03-20,01:30:00,1616184000,0.92936,0.92964,0.92911,0.92918,396,50,0
2021-03-21T20:00:00+00:00,2021-03-22,01:30:00,1616356800,0.9298,0.93039,0.92902,0.93004,1323,50,0
2021-03-22T00:00:00+00:00,2021-03-22,05:30:00,1616371200,0.93005,0.93082,0.92883,0.9292,1794,50,0
2021-03-22T04:00:00+00:00,2021-03-22,09:30:00,1616385600,0.92921,0.93095,0.92865,0.93014,2640,50,0
2021-03-22T08:00:00+00:00,2021-03-22,13:30:00,1616400000,0.93012,0.9309,0.9245,0.92491,4857,50,0
2021-03-22T12:00:00+00:00,2021-03-22,17:30:00,1616414400,0.9249,0.92614,0.92226,0.92315,6030,50,0
2021-03-22T16:00:00+00:00,2021-03-22,21:30:00,1616428800,0.92317,0.92399,0.9225,0.92372,2518,50,0
2021-03-22T20:00:00+00:00,2021-03-23,01:30:00,1616443200,0.92371,0.92398,0.92274,0.92342,1142,50,0
2021-03-23T00:00:00+00:00,2021-03-23,05:30:00,1616457600,0.92341,0.92458,0.92332,0.92393,1956,50,0
2021-03-23T04:00:00+00:00,2021-03-23,09:30:00,1616472000,0.92394,0.92849,0.92386,0.9281,2563,50,0
2021-03-23T08:00:00+00:00,2021-03-23,13:30:00,1616486400,0.92811,0.93006,0.92752,0.92969,4423,50,0
2021-03-23T12:00:00+00:00,2021-03-23,17:30:00,1616500800,0.9297,0.9336,0.92968,0.93276,5018,50,0
2021-03-23T16:00:00+00:00,2021-03-23,21:30:00,1616515200,0.93279,0.93445,0.93278,0.93412,3900,50,0
2021-03-23T20:00:00+00:00,2021-03-24,01:30:00,1616529600,0.93414,0.93473,0.93362,0.93448,1177,50,0
2021-03-24T00:00:00+00:00,2021-03-24,05:30:00,1616544000,0.93447,0.93462,0.93376,0.93396,2032,50,0
2021-03-24T04:00:00+00:00,2021-03-24,09:30:00,1616558400,0.93398,0.93642,0.93395,0.93614,2645,50,0
2021-03-24T08:00:00+00:00,2021-03-24,13:30:00,1616572800,0.93612,0.93696,0.93454,0.93524,4422,50,0
2021-03-24T12:00:00+00:00,2021-03-24,17:30:00,1616587200,0.93527,0.93686,0.93444,0.93548,4870,50,0
2021-03-24T16:00:00+00:00,2021-03-24,21:30:00,1616601600,0.93545,0.93634,0.93471,0.93552,3632,50,0
2021-03-24T20:00:00+00:00,2021-03-25,01:30:00,1616616000,0.93554,0.9361,0.93525,0.93599,1033,50,0
2021-03-25T00:00:00+00:00,2021-03-25,05:30:00,1616630400,0.93601,0.93657,0.93514,0.93547,2151,50,0
2021-03-25T04:00:00+00:00,2021-03-25,09:30:00,1616644800,0.93545,0.93696,0.93532,0.93689,2289,50,0
2021-03-25T08:00:00+00:00,2021-03-25,13:30:00,1616659200,0.93691,0.93759,0.93505,0.93555,3742,50,0
2021-03-25T12:00:00+00:00,2021-03-25,17:30:00,1616673600,0.93556,0.9396,0.93497,0.93933,6920,50,0
2021-03-25T16:00:00+00:00,2021-03-25,21:30:00,1616688000,0.93934,0.93992,0.93856,0.93972,4689,50,0
2021-03-25T20:00:00+00:00,2021-03-26,01:30:00,1616702400,0.9397,0.94018,0.93886,0.9396,1691,50,0
2021-03-26T00:00:00+00:00,2021-03-26,05:30:00,1616716800,0.93959,0.94007,0.93924,0.93987,1623,50,0
2021-03-26T04:00:00+00:00,2021-03-26,09:30:00,1616731200,0.93987,0.94104,0.93959,0.94076,1786,50,0
2021-03-26T08:00:00+00:00,2021-03-26,13:30:00,1616745600,0.94078,0.94173,0.93914,0.94112,3937,50,0
2021-03-26T12:00:00+00:00,2021-03-26,17:30:00,1616760000,0.9411,0.9418,0.9389,0.93991,5063,50,0
2021-03-26T16:00:00+00:00,2021-03-26,21:30:00,1616774400,0.93988,0.94002,0.93835,0.93843,3444,50,0
2021-03-26T20:00:00+00:00,2021-03-27,01:30:00,1616788800,0.93844,0.93928,0.93827,0.9391,454,50,0
2021-03-28T20:00:00+00:00,2021-03-29,01:30:00,1616961600,0.93888,0.93974,0.93855,0.93961,729,50,0
2021-03-29T00:00:00+00:00,2021-03-29,05:30:00,1616976000,0.93958,0.94028,0.9393,0.93946,1719,50,0
2021-03-29T04:00:00+00:00,2021-03-29,09:30:00,1616990400,0.93947,0.94002,0.9372,0.93784,2773,50,0
2021-03-29T08:00:00+00:00,2021-03-29,13:30:00,1617004800,0.93787,0.94046,0.93704,0.93997,4151,50,0
2021-03-29T12:00:00+00:00,2021-03-29,17:30:00,1617019200,0.94,0.9404,0.93749,0.93813,6078,50,0
2021-03-29T16:00:00+00:00,2021-03-29,21:30:00,1617033600,0.93815,0.93936,0.9377,0.93912,2457,50,0
2021-03-29T20:00:00+00:00,2021-03-30,01:30:00,1617048000,0.9391,0.93972,0.9385,0.93903,1242,50,0
2021-03-30T00:00:00+00:00,2021-03-30,05:30:00,1617062400,0.93902,0.93965,0.93888,0.93949,1629,50,0
2021-03-30T04:00:00+00:00,2021-03-30,09:30:00,1617076800,0.93948,0.94233,0.9393,0.94212,2933,50,0
2021-03-30T08:00:00+00:00,2021-03-30,13:30:00,1617091200,0.94214,0.94261,0.94149,0.94195,3761,50,0
2021-03-30T12:00:00+00:00,2021-03-30,17:30:00,1617105600,0.94196,0.94389,0.94116,0.9428,6905,50,0
2021-03-30T16:00:00+00:00,2021-03-30,21:30:00,1617120000,0.94281,0.94299,0.94177,0.94219,2614,50,0
2021-03-30T20:00:00+00:00,2021-03-31,01:30:00,1617134400,0.94218,0.94238,0.94159,0.94186,1109,50,0
2021-03-31T00:00:00+00:00,2021-03-31,05:30:00,1617148800,0.94185,0.9442,0.9417,0.94401,2703,50,0
2021-03-31T04:00:00+00:00,2021-03-31,09:30:00,1617163200,0.94401,0.94471,0.94162,0.9423,3645,50,0
2021-03-31T08:00:00+00:00,2021-03-31,13:30:00,1617177600,0.94228,0.94416,0.94145,0.94387,4042,50,0
2021-03-31T12:00:00+00:00,2021-03-31,17:30:00,1617192000,0.94389,0.94425,0.94038,0.94193,7085,50,0
2021-03-31T16:00:00+00:00,2021-03-31,21:30:00,1617206400,0.9419,0.94587,0.94098,0.94504,4015,50,0
2021-03-31T20:00:00+00:00,2021-04-01,01:30:00,1617220800,0.94503,0.94565,0.94324,0.94393,1324,50,0
2021-04-01T00:00:00+00:00,2021-04-01,05:30:00,1617235200,0.94392,0.94528,0.94383,0.94528,2824,50,0
2021-04-01T04:00:00+00:00,2021-04-01,09:30:00,1617249600,0.94529,0.94664,0.94421,0.9455,4501,50,0
2021-04-01T08:00:00+00:00,2021-04-01,13:30:00,1617264000,0.94552,0.94727,0.94493,0.94574,5389,50,0
2021-04-01T12:00:00+00:00,2021-04-01,17:30:00,1617278400,0.94571,0.94578,0.94077,0.94095,10140,50,0
2021-04-01T16:00:00+00:00,2021-04-01,21:30:00,1617292800,0.94097,0.94213,0.94049,0.94172,3669,50,0
2021-04-01T20:00:00+00:00,2021-04-02,01:30:00,1617307200,0.9417,0.94212,0.94147,0.94205,980,50,0
2021-04-02T00:00:00+00:00,2021-04-02,05:30:00,1617321600,0.94204,0.94218,0.94129,0.9416,1721,50,0
2021-04-02T04:00:00+00:00,2021-04-02,09:30:00,1617336000,0.94161,0.94233,0.94125,0.94136,1147,50,0
2021-04-02T08:00:00+00:00,2021-04-02,13:30:00,1617350400,0.94136,0.94163,0.94049,0.94132,1100,50,0
2021-04-02T12:00:00+00:00,2021-04-02,17:30:00,1617364800,0.94131,0.94341,0.94083,0.94183,3050,50,0
2021-04-02T16:00:00+00:00,2021-04-02,21:30:00,1617379200,0.94182,0.94295,0.94137,0.94211,2654,50,0
2021-04-02T20:00:00+00:00,2021-04-03,01:30:00,1617393600,0.94211,0.94269,0.94164,0.94185,339,50,0
2021-04-04T20:00:00+00:00,2021-04-05,01:30:00,1617566400,0.94267,0.94315,0.94207,0.94209,1355,50,0
2021-04-05T00:00:00+00:00,2021-04-05,05:30:00,1617580800,0.94209,0.94265,0.94165,0.94229,2010,50,0
2021-04-05T04:00:00+00:00,2021-04-05,09:30:00,1617595200,0.94228,0.94387,0.94228,0.94314,2081,50,0
2021-04-05T08:00:00+00:00,2021-04-05,13:30:00,1617609600,0.94312,0.94368,0.9422,0.94242,2123,50,0
2021-04-05T12:00:00+00:00,2021-04-05,17:30:00,1617624000,0.9424,0.94272,0.93541,0.93597,6374,50,0
2021-04-05T16:00:00+00:00,2021-04-05,21:30:00,1617638400,0.93598,0.93661,0.93592,0.93634,2019,50,0
2021-04-05T20:00:00+00:00,2021-04-06,01:30:00,1617652800,0.93636,0.93656,0.93552,0.9361,909,50,0
2021-04-06T00:00:00+00:00,2021-04-06,05:30:00,1617667200,0.93609,0.93832,0.93585,0.93817,1823,50,0
2021-04-06T04:00:00+00:00,2021-04-06,09:30:00,1617681600,0.93818,0.93883,0.93696,0.93702,3317,50,0
2021-04-06T08:00:00+00:00,2021-04-06,13:30:00,1617696000,0.93703,0.93963,0.93702,0.93798,5066,50,0
2021-04-06T12:00:00+00:00,2021-04-06,17:30:00,1617710400,0.93798,0.93817,0.93233,0.93252,6962,50,0
2021-04-06T16:00:00+00:00,2021-04-06,21:30:00,1617724800,0.9325,0.93324,0.93085,0.93086,2927,50,0
2021-04-06T20:00:00+00:00,2021-04-07,01:30:00,1617739200,0.93088,0.93152,0.93028,0.93087,1413,50,0
2021-04-07T00:00:00+00:00,2021-04-07,05:30:00,1617753600,0.93085,0.9315,0.93047,0.93127,1378,50,0
2021-04-07T04:00:00+00:00,2021-04-07,09:30:00,1617768000,0.93127,0.93127,0.92892,0.92996,3890,50,0
2021-04-07T08:00:00+00:00,2021-04-07,13:30:00,1617782400,0.92998,0.93122,0.92835,0.92889,4551,50,0
2021-04-07T12:00:00+00:00,2021-04-07,17:30:00,1617796800,0.9289,0.92963,0.92682,0.92752,7921,50,0
2021-04-07T16:00:00+00:00,2021-04-07,21:30:00,1617811200,0.9275,0.93028,0.92717,0.92967,3603,50,0
2021-04-07T20:00:00+00:00,2021-04-08,01:30:00,1617825600,0.92965,0.92987,0.92907,0.92944,1225,50,0
2021-04-08T00:00:00+00:00,2021-04-08,05:30:00,1617840000,0.92947,0.93024,0.92923,0.9293,1192,50,0
2021-04-08T04:00:00+00:00,2021-04-08,09:30:00,1617854400,0.92931,0.92954,0.92825,0.92826,2820,50,0
2021-04-08T08:00:00+00:00,2021-04-08,13:30:00,1617868800,0.92826,0.92892,0.92714,0.92737,3992,50,0
2021-04-08T12:00:00+00:00,2021-04-08,17:30:00,1617883200,0.92738,0.92828,0.92421,0.92497,7438,50,0
2021-04-08T16:00:00+00:00,2021-04-08,21:30:00,1617897600,0.92498,0.925,0.92324,0.92441,2749,50,0
2021-04-08T20:00:00+00:00,2021-04-09,01:30:00,1617912000,0.92439,0.92452,0.92383,0.92421,1122,50,0
2021-04-09T00:00:00+00:00,2021-04-09,05:30:00,1617926400,0.92422,0.92489,0.92368,0.92454,1804,50,0
2021-04-09T04:00:00+00:00,2021-04-09,09:30:00,1617940800,0.92455,0.92597,0.92397,0.92496,4564,50,0
2021-04-09T08:00:00+00:00,2021-04-09,13:30:00,1617955200,0.92495,0.92674,0.92495,0.92612,5460,50,0
2021-04-09T12:00:00+00:00,2021-04-09,17:30:00,1617969600,0.92613,0.92815,0.92458,0.92495,7162,50,0
2021-04-09T16:00:00+00:00,2021-04-09,21:30:00,1617984000,0.92494,0.9254,0.92435,0.92469,2704,50,0
2021-04-09T20:00:00+00:00,2021-04-10,01:30:00,1617998400,0.9247,0.92479,0.92429,0.92451,294,50,0
2021-04-11T20:00:00+00:00,2021-04-12,01:30:00,1618171200,0.92496,0.92582,0.92443,0.92571,745,50,0
2021-04-12T00:00:00+00:00,2021-04-12,05:30:00,1618185600,0.9257,0.9261,0.92499,0.92593,2285,50,0
2021-04-12T04:00:00+00:00,2021-04-12,09:30:00,1618200000,0.92591,0.92686,0.92521,0.9256,4135,50,0
2021-04-12T08:00:00+00:00,2021-04-12,13:30:00,1618214400,0.92561,0.92561,0.92281,0.92369,5133,50,0
2021-04-12T12:00:00+00:00,2021-04-12,17:30:00,1618228800,0.92368,0.92411,0.92129,0.9229,6970,50,0
2021-04-12T16:00:00+00:00,2021-04-12,21:30:00,1618243200,0.92289,0.9233,0.92194,0.92269,2948,50,0
2021-04-12T20:00:00+00:00,2021-04-13,01:30:00,1618257600,0.9227,0.92272,0.92184,0.92241,1339,50,0
2021-04-13T00:00:00+00:00,2021-04-13,05:30:00,1618272000,0.92244,0.92449,0.92236,0.92447,2476,50,0
2021-04-13T04:00:00+00:00,2021-04-13,09:30:00,1618286400,0.92447,0.92535,0.92317,0.92453,4627,50,0
2021-04-13T08:00:00+00:00,2021-04-13,13:30:00,1618300800,0.92454,0.92597,0.92423,0.92466,6377,50,0
2021-04-13T12:00:00+00:00,2021-04-13,17:30:00,1618315200,0.92466,0.92554,0.92085,0.92135,10805,50,0
2021-04-13T16:00:00+00:00,2021-04-13,21:30:00,1618329600,0.92136,0.92142,0.9198,0.9199,3534,50,0
2021-04-13T20:00:00+00:00,2021-04-14,01:30:00,1618344000,0.91992,0.92092,0.91992,0.92033,1118,50,0
2021-04-14T00:00:00+00:00,2021-04-14,05:30:00,1618358400,0.92031,0.92057,0.91961,0.9199,2704,50,0
2021-04-14T04:00:00+00:00,2021-04-14,09:30:00,1618372800,0.91991,0.92078,0.9193,0.9205,4214,50,0
2021-04-14T08:00:00+00:00,2021-04-14,13:30:00,1618387200,0.92052,0.92322,0.9187,0.9225,6603,50,0
2021-04-14T12:00:00+00:00,2021-04-14,17:30:00,1618401600,0.92251,0.92342,0.92158,0.92283,8497,50,0
2021-04-14T16:00:00+00:00,2021-04-14,21:30:00,1618416000,0.92286,0.92318,0.92206,0.92265,3496,50,0
2021-04-14T20:00:00+00:00,2021-04-15,01:30:00,1618430400,0.92266,0.9232,0.92217,0.92279,1353,50,0
2021-04-15T00:00:00+00:00,2021-04-15,05:30:00,1618444800,0.92281,0.92402,0.9224,0.92361,2617,50,0
2021-04-15T04:00:00+00:00,2021-04-15,09:30:00,1618459200,0.92364,0.92383,0.92175,0.92285,4199,50,0
2021-04-15T08:00:00+00:00,2021-04-15,13:30:00,1618473600,0.92287,0.92383,0.92141,0.92308,5455,50,0
2021-04-15T12:00:00+00:00,2021-04-15,17:30:00,1618488000,0.92307,0.92457,0.92066,0.92276,10998,50,0
2021-04-15T16:00:00+00:00,2021-04-15,21:30:00,1618502400,0.92276,0.92307,0.92139,0.92139,3508,50,0
2021-04-15T20:00:00+00:00,2021-04-16,01:30:00,1618516800,0.92139,0.92259,0.92139,0.92201,1437,50,0
2021-04-16T00:00:00+00:00,2021-04-16,05:30:00,1618531200,0.922,0.92353,0.92174,0.9226,2518,50,0
2021-04-16T04:00:00+00:00,2021-04-16,09:30:00,1618545600,0.9226,0.92266,0.91787,0.91829,5058,50,0
2021-04-16T08:00:00+00:00,2021-04-16,13:30:00,1618560000,0.91829,0.9204,0.91825,0.919,6915,50,0
2021-04-16T12:00:00+00:00,2021-04-16,17:30:00,1618574400,0.91902,0.92014,0.9182,0.91971,7614,50,0
2021-04-16T16:00:00+00:00,2021-04-16,21:30:00,1618588800,0.91973,0.92063,0.91947,0.91978,2456,50,0
2021-04-16T20:00:00+00:00,2021-04-17,01:30:00,1618603200,0.91979,0.92006,0.91975,0.91991,300,50,0
2021-04-18T20:00:00+00:00,2021-04-19,01:30:00,1618776000,0.91952,0.92088,0.91923,0.92061,801,50,0
2021-04-19T00:00:00+00:00,2021-04-19,05:30:00,1618790400,0.9206,0.92152,0.91994,0.92085,2719,50,0
2021-04-19T04:00:00+00:00,2021-04-19,09:30:00,1618804800,0.92084,0.92097,0.91652,0.91653,4587,50,0
2021-04-19T08:00:00+00:00,2021-04-19,13:30:00,1618819200,0.91655,0.91709,0.91289,0.91382,7485,50,0
2021-04-19T12:00:00+00:00,2021-04-19,17:30:00,1618833600,0.9138,0.91613,0.91318,0.91559,7964,50,0
2021-04-19T16:00:00+00:00,2021-04-19,21:30:00,1618848000,0.9156,0.91569,0.91451,0.91528,3426,50,0
2021-04-19T20:00:00+00:00,2021-04-20,01:30:00,1618862400,0.91529,0.9156,0.91448,0.91496,1523,50,0
2021-04-20T00:00:00+00:00,2021-04-20,05:30:00,1618876800,0.91495,0.91566,0.91353,0.91401,2877,50,0
2021-04-20T04:00:00+00:00,2021-04-20,09:30:00,1618891200,0.91403,0.91563,0.91353,0.91451,5427,50,0
2021-04-20T08:00:00+00:00,2021-04-20,13:30:00,1618905600,0.91451,0.91656,0.91411,0.91489,5801,50,0
2021-04-20T12:00:00+00:00,2021-04-20,17:30:00,1618920000,0.91487,0.91696,0.9138,0.91458,8259,50,0
2021-04-20T16:00:00+00:00,2021-04-20,21:30:00,1618934400,0.91458,0.91681,0.91456,0.91598,3168,50,0
2021-04-20T20:00:00+00:00,2021-04-21,01:30:00,1618948800,0.91596,0.91634,0.9152,0.91609,1050,50,0
2021-04-21T00:00:00+00:00,2021-04-21,05:30:00,1618963200,0.91609,0.91621,0.91534,0.91603,2828,50,0
2021-04-21T04:00:00+00:00,2021-04-21,09:30:00,1618977600,0.91603,0.91818,0.91541,0.9177,4701,50,0
2021-04-21T08:00:00+00:00,2021-04-21,13:30:00,1618992000,0.9177,0.91861,0.91669,0.91831,5952,50,0
2021-04-21T12:00:00+00:00,2021-04-21,17:30:00,1619006400,0.91834,0.91958,0.91636,0.91669,7147,50,0
2021-04-21T16:00:00+00:00,2021-04-21,21:30:00,1619020800,0.9167,0.91754,0.91663,0.91687,2889,50,0
2021-04-21T20:00:00+00:00,2021-04-22,01:30:00,1619035200,0.91688,0.91718,0.9164,0.91676,861,50,0
2021-04-22T00:00:00+00:00,2021-04-22,05:30:00,1619049600,0.91677,0.91705,0.91577,0.91638,2362,50,0
2021-04-22T04:00:00+00:00,2021-04-22,09:30:00,1619064000,0.91636,0.91668,0.91452,0.91493,3690,50,0
2021-04-22T08:00:00+00:00,2021-04-22,13:30:00,1619078400,0.91492,0.91689,0.91438,0.91601,5094,50,0
2021-04-22T12:00:00+00:00,2021-04-22,17:30:00,1619092800,0.91602,0.91885,0.91513,0.91827,9975,50,0
2021-04-22T16:00:00+00:00,2021-04-22,21:30:00,1619107200,0.91829,0.91913,0.91727,0.91737,5009,50,0
2021-04-22T20:00:00+00:00,2021-04-23,01:30:00,1619121600,0.91736,0.91747,0.91677,0.91718,1224,50,0
2021-04-23T00:00:00+00:00,2021-04-23,05:30:00,1619136000,0.91719,0.91724,0.91647,0.9171,2507,50,0
2021-04-23T04:00:00+00:00,2021-04-23,09:30:00,1619150400,0.91711,0.91736,0.91569,0.91611,3949,50,0
2021-04-23T08:00:00+00:00,2021-04-23,13:30:00,1619164800,0.91614,0.91676,0.91423,0.91505,4793,50,0
2021-04-23T12:00:00+00:00,2021-04-23,17:30:00,1619179200,0.91503,0.91724,0.91443,0.91525,9017,50,0
2021-04-23T16:00:00+00:00,2021-04-23,21:30:00,1619193600,0.91525,0.91525,0.9128,0.91325,2779,50,0
2021-04-23T20:00:00+00:00,2021-04-24,01:30:00,1619208000,0.91325,0.91383,0.91314,0.91361,438,50,0
2021-04-25T20:00:00+00:00,2021-04-26,01:30:00,1619380800,0.91355,0.91401,0.91321,0.91401,795,50,0
2021-04-26T00:00:00+00:00,2021-04-26,05:30:00,1619395200,0.91401,0.91402,0.91219,0.91257,3330,50,0
2021-04-26T04:00:00+00:00,2021-04-26,09:30:00,1619409600,0.91257,0.91466,0.91219,0.91399,4608,50,0
2021-04-26T08:00:00+00:00,2021-04-26,13:30:00,1619424000,0.91399,0.91604,0.91301,0.91571,5644,50,0
2021-04-26T12:00:00+00:00,2021-04-26,17:30:00,1619438400,0.91572,0.91661,0.91364,0.91459,7088,50,0
2021-04-26T16:00:00+00:00,2021-04-26,21:30:00,1619452800,0.91461,0.91492,0.91396,0.91416,2614,50,0
2021-04-26T20:00:00+00:00,2021-04-27,01:30:00,1619467200,0.91417,0.91484,0.91369,0.91468,1107,50,0
2021-04-27T00:00:00+00:00,2021-04-27,05:30:00,1619481600,0.91469,0.91615,0.91429,0.91587,2543,50,0
2021-04-27T04:00:00+00:00,2021-04-27,09:30:00,1619496000,0.91588,0.91681,0.91514,0.91606,3919,50,0
2021-04-27T08:00:00+00:00,2021-04-27,13:30:00,1619510400,0.91604,0.91719,0.91265,0.91266,6274,50,0
2021-04-27T12:00:00+00:00,2021-04-27,17:30:00,1619524800,0.91264,0.91489,0.91235,0.91353,7385,50,0
2021-04-27T16:00:00+00:00,2021-04-27,21:30:00,1619539200,0.91352,0.91447,0.91317,0.91392,3378,50,0
2021-04-27T20:00:00+00:00,2021-04-28,01:30:00,1619553600,0.91393,0.91426,0.91317,0.91408,965,50,0
2021-04-28T00:00:00+00:00,2021-04-28,05:30:00,1619568000,0.91408,0.91529,0.91408,0.915,2630,50,0
2021-04-28T04:00:00+00:00,2021-04-28,09:30:00,1619582400,0.915,0.91816,0.91499,0.91615,4131,50,0
2021-04-28T08:00:00+00:00,2021-04-28,13:30:00,1619596800,0.91613,0.91659,0.91434,0.91506,6171,50,0
2021-04-28T12:00:00+00:00,2021-04-28,17:30:00,1619611200,0.91504,0.91592,0.91199,0.91249,7986,50,0
2021-04-28T16:00:00+00:00,2021-04-28,21:30:00,1619625600,0.9125,0.91429,0.90893,0.90893,10622,50,0
2021-04-28T20:00:00+00:00,2021-04-29,01:30:00,1619640000,0.90893,0.90952,0.90883,0.90896,1533,50,0
2021-04-29T00:00:00+00:00,2021-04-29,05:30:00,1619654400,0.90897,0.90993,0.90817,0.90977,2578,50,0
2021-04-29T04:00:00+00:00,2021-04-29,09:30:00,1619668800,0.90977,0.91128,0.90943,0.91071,3865,50,0
2021-04-29T08:00:00+00:00,2021-04-29,13:30:00,1619683200,0.91071,0.9111,0.90838,0.90903,6915,50,0
2021-04-29T12:00:00+00:00,2021-04-29,17:30:00,1619697600,0.90902,0.91195,0.90801,0.90994,11267,50,0
2021-04-29T16:00:00+00:00,2021-04-29,21:30:00,1619712000,0.90993,0.9101,0.90825,0.90826,3975,50,0
2021-04-29T20:00:00+00:00,2021-04-30,01:30:00,1619726400,0.90827,0.90906,0.9082,0.90897,1332,50,0
2021-04-30T00:00:00+00:00,2021-04-30,05:30:00,1619740800,0.90898,0.90924,0.90819,0.90897,2444,50,0
2021-04-30T04:00:00+00:00,2021-04-30,09:30:00,1619755200,0.90897,0.90939,0.90804,0.90915,4026,50,0
2021-04-30T08:00:00+00:00,2021-04-30,13:30:00,1619769600,0.90915,0.91086,0.90824,0.91022,6234,50,0
2021-04-30T12:00:00+00:00,2021-04-30,17:30:00,1619784000,0.91023,0.91344,0.90964,0.91281,12942,50,0
2021-04-30T16:00:00+00:00,2021-04-30,21:30:00,1619798400,0.9128,0.91404,0.91236,0.91325,4275,50,0
2021-04-30T20:00:00+00:00,2021-05-01,01:30:00,1619812800,0.91326,0.91352,0.91295,0.91321,410,50,0
2021-05-02T20:00:00+00:00,2021-05-03,01:30:00,1619985600,0.91201,0.91303,0.91193,0.91292,700,50,0
2021-05-03T00:00:00+00:00,2021-05-03,05:30:00,1620000000,0.91293,0.91396,0.91284,0.91378,1992,50,0
2021-05-03T04:00:00+00:00,2021-05-03,09:30:00,1620014400,0.91376,0.91419,0.91209,0.91305,4299,50,0
2021-05-03T08:00:00+00:00,2021-05-03,13:30:00,1620028800,0.91302,0.9145,0.91191,0.91445,5473,50,0
2021-05-03T12:00:00+00:00,2021-05-03,17:30:00,1620043200,0.91448,0.91478,0.90932,0.9117,9324,50,0
2021-05-03T16:00:00+00:00,2021-05-03,21:30:00,1620057600,0.91169,0.91214,0.911,0.91128,3166,50,0
2021-05-03T20:00:00+00:00,2021-05-04,01:30:00,1620072000,0.91128,0.91167,0.91045,0.91158,1257,50,0
2021-05-04T00:00:00+00:00,2021-05-04,05:30:00,1620086400,0.91159,0.91426,0.91147,0.91426,1565,50,0
2021-05-04T04:00:00+00:00,2021-05-04,09:30:00,1620100800,0.91424,0.9156,0.9138,0.91457,4391,50,0
2021-05-04T08:00:00+00:00,2021-05-04,13:30:00,1620115200,0.91457,0.91607,0.91341,0.91376,6264,50,0
2021-05-04T12:00:00+00:00,2021-05-04,17:30:00,1620129600,0.91376,0.91407,0.91149,0.91366,11819,50,0
2021-05-04T16:00:00+00:00,2021-05-04,21:30:00,1620144000,0.91365,0.91415,0.9128,0.91347,6010,50,0
2021-05-04T20:00:00+00:00,2021-05-05,01:30:00,1620158400,0.91348,0.91369,0.91304,0.91366,793,50,0
2021-05-05T00:00:00+00:00,2021-05-05,05:30:00,1620172800,0.91366,0.91377,0.9128,0.91289,1835,50,0
2021-05-05T04:00:00+00:00,2021-05-05,09:30:00,1620187200,0.91288,0.91628,0.91279,0.91605,4205,50,0
2021-05-05T08:00:00+00:00,2021-05-05,13:30:00,1620201600,0.91606,0.91646,0.91271,0.91314,4950,50,0
2021-05-05T12:00:00+00:00,2021-05-05,17:30:00,1620216000,0.91313,0.91418,0.91216,0.91301,9280,50,0
2021-05-05T16:00:00+00:00,2021-05-05,21:30:00,1620230400,0.91299,0.91387,0.91288,0.91312,3256,50,0
2021-05-05T20:00:00+00:00,2021-05-06,01:30:00,1620244800,0.91313,0.9135,0.91258,0.91316,1045,50,0
2021-05-06T00:00:00+00:00,2021-05-06,05:30:00,1620259200,0.91316,0.9145,0.91307,0.91405,3184,50,0
2021-05-06T04:00:00+00:00,2021-05-06,09:30:00,1620273600,0.91408,0.91438,0.91068,0.91117,4435,50,0
2021-05-06T08:00:00+00:00,2021-05-06,13:30:00,1620288000,0.91115,0.91143,0.90826,0.90849,5635,50,0
2021-05-06T12:00:00+00:00,2021-05-06,17:30:00,1620302400,0.90848,0.9097,0.90705,0.90965,8903,50,0
2021-05-06T16:00:00+00:00,2021-05-06,21:30:00,1620316800,0.90963,0.91009,0.90801,0.90818,2900,50,0
2021-05-06T20:00:00+00:00,2021-05-07,01:30:00,1620331200,0.90818,0.90856,0.90721,0.90764,1482,50,0
2021-05-07T00:00:00+00:00,2021-05-07,05:30:00,1620345600,0.90764,0.90813,0.90707,0.90731,2649,50,0
2021-05-07T04:00:00+00:00,2021-05-07,09:30:00,1620360000,0.90732,0.90881,0.90575,0.90837,4107,50,0
2021-05-07T08:00:00+00:00,2021-05-07,13:30:00,1620374400,0.90837,0.90935,0.90688,0.90854,4595,50,0
2021-05-07T12:00:00+00:00,2021-05-07,17:30:00,1620388800,0.90853,0.90937,0.90082,0.90095,17116,50,0
2021-05-07T16:00:00+00:00,2021-05-07,21:30:00,1620403200,0.90095,0.90245,0.90059,0.90078,4616,50,0
2021-05-07T20:00:00+00:00,2021-05-08,01:30:00,1620417600,0.90079,0.90104,0.90045,0.90057,483,50,0
2021-05-09T20:00:00+00:00,2021-05-10,01:30:00,1620590400,0.90092,0.90093,0.89996,0.90051,1259,50,0
2021-05-10T00:00:00+00:00,2021-05-10,05:30:00,1620604800,0.90052,0.90179,0.90052,0.90124,3522,50,0
2021-05-10T04:00:00+00:00,2021-05-10,09:30:00,1620619200,0.90125,0.90193,0.89983,0.90107,4656,50,0
2021-05-10T08:00:00+00:00,2021-05-10,13:30:00,1620633600,0.90105,0.90167,0.89879,0.8993,6084,50,0
2021-05-10T12:00:00+00:00,2021-05-10,17:30:00,1620648000,0.89928,0.90062,0.89857,0.8987,9189,50,0
2021-05-10T16:00:00+00:00,2021-05-10,21:30:00,1620662400,0.89871,0.90095,0.89867,0.90085,4363,50,0
2021-05-10T20:00:00+00:00,2021-05-11,01:30:00,1620676800,0.90086,0.90141,0.90046,0.90055,1472,50,0
2021-05-11T00:00:00+00:00,2021-05-11,05:30:00,1620691200,0.90056,0.90139,0.90014,0.90065,3584,50,0
2021-05-11T04:00:00+00:00,2021-05-11,09:30:00,1620705600,0.90064,0.90304,0.90033,0.90292,4862,50,0
2021-05-11T08:00:00+00:00,2021-05-11,13:30:00,1620720000,0.90293,0.90331,0.90115,0.9018,6511,50,0
2021-05-11T12:00:00+00:00,2021-05-11,17:30:00,1620734400,0.90181,0.90291,0.90038,0.90203,10179,50,0
2021-05-11T16:00:00+00:00,2021-05-11,21:30:00,1620748800,0.90204,0.90394,0.90204,0.90368,4224,50,0
2021-05-11T20:00:00+00:00,2021-05-12,01:30:00,1620763200,0.90369,0.9041,0.90297,0.9039,1216,50,0
2021-05-12T00:00:00+00:00,2021-05-12,05:30:00,1620777600,0.90389,0.90583,0.9036,0.90578,2837,50,0
2021-05-12T04:00:00+00:00,2021-05-12,09:30:00,1620792000,0.90578,0.90585,0.90343,0.90438,4659,50,0
2021-05-12T08:00:00+00:00,2021-05-12,13:30:00,1620806400,0.90439,0.9051,0.90337,0.90496,5679,50,0
2021-05-12T12:00:00+00:00,2021-05-12,17:30:00,1620820800,0.90494,0.90913,0.90301,0.90885,18240,50,0
2021-05-12T16:00:00+00:00,2021-05-12,21:30:00,1620835200,0.90884,0.90941,0.90782,0.90848,7452,50,0
2021-05-12T20:00:00+00:00,2021-05-13,01:30:00,1620849600,0.9085,0.90927,0.90835,0.90888,1768,50,0
2021-05-13T00:00:00+00:00,2021-05-13,05:30:00,1620864000,0.90889,0.90933,0.90788,0.90872,4245,50,0
2021-05-13T04:00:00+00:00,2021-05-13,09:30:00,1620878400,0.90872,0.90914,0.90657,0.9081,8291,50,0
2021-05-13T08:00:00+00:00,2021-05-13,13:30:00,1620892800,0.90812,0.90924,0.90685,0.90722,10622,40,0
2021-05-13T12:00:00+00:00,2021-05-13,17:30:00,1620907200,0.90722,0.90797,0.90511,0.90686,12758,50,0
2021-05-13T16:00:00+00:00,2021-05-13,21:30:00,1620921600,0.90685,0.90706,0.90512,0.9055,5444,50,0
2021-05-13T20:00:00+00:00,2021-05-14,01:30:00,1620936000,0.90551,0.90604,0.90527,0.90601,1060,50,0
2021-05-14T00:00:00+00:00,2021-05-14,05:30:00,1620950400,0.90603,0.90637,0.90541,0.90546,3022,50,0
2021-05-14T04:00:00+00:00,2021-05-14,09:30:00,1620964800,0.90545,0.90548,0.9027,0.9029,4827,50,0
2021-05-14T08:00:00+00:00,2021-05-14,13:30:00,1620979200,0.90291,0.90515,0.90207,0.90402,5947,50,0
2021-05-14T12:00:00+00:00,2021-05-14,17:30:00,1620993600,0.90403,0.90403,0.90125,0.90216,10085,50,0
2021-05-14T16:00:00+00:00,2021-05-14,21:30:00,1621008000,0.90215,0.9029,0.90192,0.90227,2872,50,0
2021-05-14T20:00:00+00:00,2021-05-15,01:30:00,1621022400,0.90227,0.90244,0.90128,0.9013,533,50,0
2021-05-16T20:00:00+00:00,2021-05-17,01:30:00,1621195200,0.90137,0.90175,0.90103,0.90147,640,50,0
2021-05-17T00:00:00+00:00,2021-05-17,05:30:00,1621209600,0.90149,0.90287,0.90149,0.90217,3147,50,0
2021-05-17T04:00:00+00:00,2021-05-17,09:30:00,1621224000,0.90216,0.90271,0.90115,0.90237,4037,50,0
2021-05-17T08:00:00+00:00,2021-05-17,13:30:00,1621238400,0.90236,0.90289,0.90023,0.90167,5804,50,0
2021-05-17T12:00:00+00:00,2021-05-17,17:30:00,1621252800,0.90165,0.90238,0.90071,0.90172,8436,50,0
2021-05-17T16:00:00+00:00,2021-05-17,21:30:00,1621267200,0.90173,0.90274,0.90164,0.90259,3111,50,0
2021-05-17T20:00:00+00:00,2021-05-18,01:30:00,1621281600,0.90258,0.90343,0.90246,0.90339,1230,50,0
2021-05-18T00:00:00+00:00,2021-05-18,05:30:00,1621296000,0.90339,0.90349,0.90158,0.90197,2835,50,0
2021-05-18T04:00:00+00:00,2021-05-18,09:30:00,1621310400,0.90198,0.9023,0.89763,0.89802,4514,50,0
2021-05-18T08:00:00+00:00,2021-05-18,13:30:00,1621324800,0.89803,0.89855,0.89654,0.89733,5861,50,0
2021-05-18T12:00:00+00:00,2021-05-18,17:30:00,1621339200,0.89734,0.89872,0.89605,0.89865,8309,50,0
2021-05-18T16:00:00+00:00,2021-05-18,21:30:00,1621353600,0.89863,0.89867,0.89633,0.89746,3531,50,0
2021-05-18T20:00:00+00:00,2021-05-19,01:30:00,1621368000,0.89744,0.89779,0.89705,0.89757,1020,50,0
2021-05-19T00:00:00+00:00,2021-05-19,05:30:00,1621382400,0.89758,0.89851,0.89714,0.89751,2871,50,0
2021-05-19T04:00:00+00:00,2021-05-19,09:30:00,1621396800,0.89751,0.89981,0.89684,0.89973,4604,50,0
2021-05-19T08:00:00+00:00,2021-05-19,13:30:00,1621411200,0.89972,0.9026,0.89968,0.9012,6861,50,0
2021-05-19T12:00:00+00:00,2021-05-19,17:30:00,1621425600,0.9012,0.90312,0.89953,0.90042,11604,50,0
2021-05-19T16:00:00+00:00,2021-05-19,21:30:00,1621440000,0.90041,0.90477,0.90004,0.90383,9735,50,0
2021-05-19T20:00:00+00:00,2021-05-20,01:30:00,1621454400,0.90384,0.9042,0.9027,0.90407,1389,50,0
2021-05-20T00:00:00+00:00,2021-05-20,05:30:00,1621468800,0.90408,0.90474,0.90365,0.90382,3878,50,0
2021-05-20T04:00:00+00:00,2021-05-20,09:30:00,1621483200,0.90381,0.90428,0.89977,0.89999,4528,50,0
2021-05-20T08:00:00+00:00,2021-05-20,13:30:00,1621497600,0.89999,0.90231,0.89999,0.90055,5677,50,0
2021-05-20T12:00:00+00:00,2021-05-20,17:30:00,1621512000,0.90055,0.90106,0.89842,0.89862,8475,50,0
2021-05-20T16:00:00+00:00,2021-05-20,21:30:00,1621526400,0.8986,0.89907,0.89772,0.89774,4019,50,0
2021-05-20T20:00:00+00:00,2021-05-21,01:30:00,1621540800,0.89774,0.89791,0.89666,0.89758,1315,50,0
2021-05-21T00:00:00+00:00,2021-05-21,05:30:00,1621555200,0.89758,0.89769,0.89667,0.89706,3019,50,0
2021-05-21T04:00:00+00:00,2021-05-21,09:30:00,1621569600,0.89706,0.89784,0.89531,0.89699,4827,50,0
2021-05-21T08:00:00+00:00,2021-05-21,13:30:00,1621584000,0.89698,0.89866,0.89561,0.89859,5680,50,0
2021-05-21T12:00:00+00:00,2021-05-21,17:30:00,1621598400,0.8986,0.90007,0.89752,0.89881,9949,50,0
2021-05-21T16:00:00+00:00,2021-05-21,21:30:00,1621612800,0.89881,0.89946,0.89708,0.89754,3827,50,0
2021-05-21T20:00:00+00:00,2021-05-22,01:30:00,1621627200,0.89755,0.89799,0.89715,0.89782,414,50,0
2021-05-23T20:00:00+00:00,2021-05-24,01:30:00,1621800000,0.89799,0.89816,0.89728,0.89752,617,50,0
2021-05-24T00:00:00+00:00,2021-05-24,05:30:00,1621814400,0.89751,0.89814,0.89728,0.89778,2921,50,0
2021-05-24T04:00:00+00:00,2021-05-24,09:30:00,1621828800,0.89777,0.89817,0.89698,0.89769,3632,50,0
2021-05-24T08:00:00+00:00,2021-05-24,13:30:00,1621843200,0.8977,0.90027,0.89699,0.89784,6415,50,0
2021-05-24T12:00:00+00:00,2021-05-24,17:30:00,1621857600,0.89782,0.898,0.8957,0.89736,7500,50,0
2021-05-24T16:00:00+00:00,2021-05-24,21:30:00,1621872000,0.89736,0.89749,0.89655,0.89662,2584,50,0
2021-05-24T20:00:00+00:00,2021-05-25,01:30:00,1621886400,0.89665,0.89707,0.89652,0.89705,1095,50,0
2021-05-25T00:00:00+00:00,2021-05-25,05:30:00,1621900800,0.89706,0.89715,0.89591,0.89633,3818,50,0
2021-05-25T04:00:00+00:00,2021-05-25,09:30:00,1621915200,0.89634,0.8968,0.89341,0.89401,5145,50,0
2021-05-25T08:00:00+00:00,2021-05-25,13:30:00,1621929600,0.89401,0.89545,0.89306,0.89518,6386,50,0
2021-05-25T12:00:00+00:00,2021-05-25,17:30:00,1621944000,0.89519,0.89716,0.89488,0.89709,8578,50,0
2021-05-25T16:00:00+00:00,2021-05-25,21:30:00,1621958400,0.8971,0.89746,0.89505,0.89536,3973,50,0
2021-05-25T20:00:00+00:00,2021-05-26,01:30:00,1621972800,0.89537,0.89573,0.89486,0.89566,1327,50,0
2021-05-26T00:00:00+00:00,2021-05-26,05:30:00,1621987200,0.89567,0.89576,0.89445,0.89454,3649,50,0
2021-05-26T04:00:00+00:00,2021-05-26,09:30:00,1622001600,0.89455,0.89572,0.89435,0.89492,4441,50,0
2021-05-26T08:00:00+00:00,2021-05-26,13:30:00,1622016000,0.8949,0.8962,0.89418,0.89597,5028,50,0
2021-05-26T12:00:00+00:00,2021-05-26,17:30:00,1622030400,0.89597,0.89824,0.89479,0.89737,8066,50,0
2021-05-26T16:00:00+00:00,2021-05-26,21:30:00,1622044800,0.89737,0.89874,0.89714,0.89736,3804,50,0
2021-05-26T20:00:00+00:00,2021-05-27,01:30:00,1622059200,0.89737,0.898,0.8971,0.89779,1500,50,0
2021-05-27T00:00:00+00:00,2021-05-27,05:30:00,1622073600,0.89779,0.89868,0.89707,0.89721,3295,50,0
2021-05-27T04:00:00+00:00,2021-05-27,09:30:00,1622088000,0.8972,0.89776,0.89647,0.89748,4312,50,0
2021-05-27T08:00:00+00:00,2021-05-27,13:30:00,1622102400,0.89746,0.89939,0.89608,0.89878,5905,50,0
2021-05-27T12:00:00+00:00,2021-05-27,17:30:00,1622116800,0.89877,0.90087,0.89744,0.8978,11352,50,0
2021-05-27T16:00:00+00:00,2021-05-27,21:30:00,1622131200,0.89778,0.89788,0.89651,0.89673,4158,50,0
2021-05-27T20:00:00+00:00,2021-05-28,01:30:00,1622145600,0.89676,0.89733,0.89661,0.89709,1182,50,0
2021-05-28T00:00:00+00:00,2021-05-28,05:30:00,1622160000,0.8971,0.89797,0.89709,0.89756,3016,50,0
2021-05-28T04:00:00+00:00,2021-05-28,09:30:00,1622174400,0.89757,0.89925,0.89745,0.89836,4175,50,0
2021-05-28T08:00:00+00:00,2021-05-28,13:30:00,1622188800,0.89834,0.90203,0.89723,0.90167,6125,50,0
2021-05-28T12:00:00+00:00,2021-05-28,17:30:00,1622203200,0.90168,0.90298,0.89925,0.89955,9795,50,0
2021-05-28T16:00:00+00:00,2021-05-28,21:30:00,1622217600,0.89957,0.89982,0.89898,0.89976,3506,50,0
2021-05-28T20:00:00+00:00,2021-05-29,01:30:00,1622232000,0.89974,0.90021,0.89941,0.89992,472,50,0
2021-05-30T20:00:00+00:00,2021-05-31,01:30:00,1622404800,0.89943,0.90019,0.89927,0.90016,810,50,0
2021-05-31T00:00:00+00:00,2021-05-31,05:30:00,1622419200,0.90016,0.90046,0.89849,0.89907,2939,50,0
2021-05-31T04:00:00+00:00,2021-05-31,09:30:00,1622433600,0.89906,0.90128,0.89886,0.90046,2974,50,0
2021-05-31T08:00:00+00:00,2021-05-31,13:30:00,1622448000,0.90045,0.90102,0.89956,0.90007,4188,50,0
2021-05-31T12:00:00+00:00,2021-05-31,17:30:00,1622462400,0.90005,0.90104,0.89844,0.89845,4297,50,0
2021-05-31T16:00:00+00:00,2021-05-31,21:30:00,1622476800,0.89844,0.89916,0.89843,0.89875,2722,50,0
2021-05-31T20:00:00+00:00,2021-06-01,01:30:00,1622491200,0.89876,0.89896,0.89812,0.89843,1061,50,0
2021-06-01T00:00:00+00:00,2021-06-01,05:30:00,1622505600,0.89844,0.89877,0.89809,0.89864,2951,50,0
2021-06-01T04:00:00+00:00,2021-06-01,09:30:00,1622520000,0.89865,0.89955,0.89781,0.89819,3529,50,0
2021-06-01T08:00:00+00:00,2021-06-01,13:30:00,1622534400,0.89819,0.89988,0.89819,0.89865,4501,50,0
2021-06-01T12:00:00+00:00,2021-06-01,17:30:00,1622548800,0.89865,0.89939,0.8947,0.89544,7701,50,0
2021-06-01T16:00:00+00:00,2021-06-01,21:30:00,1622563200,0.89547,0.89712,0.8952,0.8968,2894,50,0
2021-06-01T20:00:00+00:00,2021-06-02,01:30:00,1622577600,0.89681,0.89755,0.89676,0.89711,1035,50,0
2021-06-02T00:00:00+00:00,2021-06-02,05:30:00,1622592000,0.89712,0.8974,0.8967,0.89707,3804,50,0
2021-06-02T04:00:00+00:00,2021-06-02,09:30:00,1622606400,0.89708,0.8987,0.8969,0.89855,4252,50,0
2021-06-02T08:00:00+00:00,2021-06-02,13:30:00,1622620800,0.89852,0.90245,0.89837,0.90144,6199,50,0
2021-06-02T12:00:00+00:00,2021-06-02,17:30:00,1622635200,0.90143,0.90143,0.8979,0.89807,5943,50,0
2021-06-02T16:00:00+00:00,2021-06-02,21:30:00,1622649600,0.89806,0.89859,0.89763,0.89788,2491,50,0
2021-06-02T20:00:00+00:00,2021-06-03,01:30:00,1622664000,0.89789,0.89829,0.89758,0.89824,815,50,0
2021-06-03T00:00:00+00:00,2021-06-03,05:30:00,1622678400,0.89824,0.89847,0.89792,0.89833,1622,50,0
2021-06-03T04:00:00+00:00,2021-06-03,09:30:00,1622692800,0.89833,0.90103,0.89825,0.9005,2569,50,0
2021-06-03T08:00:00+00:00,2021-06-03,13:30:00,1622707200,0.90049,0.90058,0.8986,0.89929,4536,50,0
2021-06-03T12:00:00+00:00,2021-06-03,17:30:00,1622721600,0.8993,0.9052,0.89913,0.9051,10661,50,0
2021-06-03T16:00:00+00:00,2021-06-03,21:30:00,1622736000,0.90511,0.9052,0.90332,0.9034,3167,50,0
2021-06-03T20:00:00+00:00,2021-06-04,01:30:00,1622750400,0.90338,0.90373,0.90328,0.90352,819,50,0
2021-06-04T00:00:00+00:00,2021-06-04,05:30:00,1622764800,0.90352,0.90446,0.90347,0.90446,3713,50,0
2021-06-04T04:00:00+00:00,2021-06-04,09:30:00,1622779200,0.90444,0.90517,0.90421,0.90507,3551,50,0
2021-06-04T08:00:00+00:00,2021-06-04,13:30:00,1622793600,0.90507,0.90538,0.90403,0.90419,3900,50,0
2021-06-04T12:00:00+00:00,2021-06-04,17:30:00,1622808000,0.9042,0.90422,0.89822,0.89909,12740,50,0
2021-06-04T16:00:00+00:00,2021-06-04,21:30:00,1622822400,0.8991,0.89971,0.89866,0.8987,2475,50,0
2021-06-04T20:00:00+00:00,2021-06-05,01:30:00,1622836800,0.89871,0.89924,0.8985,0.89912,277,50,0
2021-06-06T20:00:00+00:00,2021-06-07,01:30:00,1623009600,0.89926,0.89934,0.89866,0.89932,987,50,0
2021-06-07T00:00:00+00:00,2021-06-07,05:30:00,1623024000,0.89932,0.89966,0.89878,0.89908,3410,50,0
2021-06-07T04:00:00+00:00,2021-06-07,09:30:00,1623038400,0.89909,0.90102,0.89885,0.89916,3174,50,0
2021-06-07T08:00:00+00:00,2021-06-07,13:30:00,1623052800,0.89918,0.90031,0.89809,0.89882,3694,50,0
2021-06-07T12:00:00+00:00,2021-06-07,17:30:00,1623067200,0.89884,0.89967,0.89682,0.89701,5967,50,0
2021-06-07T16:00:00+00:00,2021-06-07,21:30:00,1623081600,0.89702,0.89782,0.89673,0.89725,1755,50,0
2021-06-07T20:00:00+00:00,2021-06-08,01:30:00,1623096000,0.89723,0.89778,0.89698,0.89772,1500,50,0
2021-06-08T00:00:00+00:00,2021-06-08,05:30:00,1623110400,0.89773,0.89811,0.89728,0.89788,3786,50,0
2021-06-08T04:00:00+00:00,2021-06-08,09:30:00,1623124800,0.89789,0.89893,0.89752,0.89818,2755,50,0
2021-06-08T08:00:00+00:00,2021-06-08,13:30:00,1623139200,0.89819,0.89849,0.89602,0.89616,4687,50,0
2021-06-08T12:00:00+00:00,2021-06-08,17:30:00,1623153600,0.89618,0.89723,0.8952,0.89643,8046,50,0
2021-06-08T16:00:00+00:00,2021-06-08,21:30:00,1623168000,0.89644,0.89699,0.89629,0.89679,2454,50,0
2021-06-08T20:00:00+00:00,2021-06-09,01:30:00,1623182400,0.8968,0.89702,0.89647,0.89694,747,50,0
2021-06-09T00:00:00+00:00,2021-06-09,05:30:00,1623196800,0.89695,0.89703,0.89608,0.89631,1664,50,0
2021-06-09T04:00:00+00:00,2021-06-09,09:30:00,1623211200,0.89633,0.89717,0.89578,0.89649,2266,50,0
2021-06-09T08:00:00+00:00,2021-06-09,13:30:00,1623225600,0.89648,0.89674,0.89522,0.89529,3786,50,0
2021-06-09T12:00:00+00:00,2021-06-09,17:30:00,1623240000,0.89527,0.89633,0.89261,0.89585,7021,50,0
2021-06-09T16:00:00+00:00,2021-06-09,21:30:00,1623254400,0.89586,0.8966,0.89555,0.89587,2043,50,0
2021-06-09T20:00:00+00:00,2021-06-10,01:30:00,1623268800,0.89588,0.89611,0.89531,0.89588,806,50,0
2021-06-10T00:00:00+00:00,2021-06-10,05:30:00,1623283200,0.89589,0.89638,0.89575,0.89581,2516,50,0
2021-06-10T04:00:00+00:00,2021-06-10,09:30:00,1623297600,0.89582,0.89712,0.89542,0.89686,3105,50,0
2021-06-10T08:00:00+00:00,2021-06-10,13:30:00,1623312000,0.89684,0.89684,0.8951,0.89598,4415,50,0
2021-06-10T12:00:00+00:00,2021-06-10,17:30:00,1623326400,0.89598,0.89929,0.89405,0.89518,16365,50,0
2021-06-10T16:00:00+00:00,2021-06-10,21:30:00,1623340800,0.89519,0.89561,0.89453,0.89501,3117,50,0
2021-06-10T20:00:00+00:00,2021-06-11,01:30:00,1623355200,0.89501,0.89503,0.89424,0.89462,840,50,0
2021-06-11T00:00:00+00:00,2021-06-11,05:30:00,1623369600,0.89461,0.89469,0.89342,0.89376,2223,50,0
2021-06-11T04:00:00+00:00,2021-06-11,09:30:00,1623384000,0.89375,0.8944,0.8933,0.89411,2972,50,0
2021-06-11T08:00:00+00:00,2021-06-11,13:30:00,1623398400,0.89413,0.89732,0.89413,0.8971,4821,50,0
2021-06-11T12:00:00+00:00,2021-06-11,17:30:00,1623412800,0.89711,0.9,0.89652,0.89942,7261,50,0
2021-06-11T16:00:00+00:00,2021-06-11,21:30:00,1623427200,0.89942,0.89959,0.89846,0.89848,2063,50,0
2021-06-11T20:00:00+00:00,2021-06-12,01:30:00,1623441600,0.89849,0.8986,0.89779,0.89782,375,50,0
2021-06-13T20:00:00+00:00,2021-06-14,01:30:00,1623614400,0.8983,0.89866,0.89759,0.89788,950,50,0
2021-06-14T00:00:00+00:00,2021-06-14,05:30:00,1623628800,0.89789,0.89908,0.89789,0.89881,2392,50,0
2021-06-14T04:00:00+00:00,2021-06-14,09:30:00,1623643200,0.89882,0.90005,0.89853,0.89902,4125,50,0
2021-06-14T08:00:00+00:00,2021-06-14,13:30:00,1623657600,0.89903,0.89976,0.89777,0.89818,6143,40,0
2021-06-14T12:00:00+00:00,2021-06-14,17:30:00,1623672000,0.89818,0.8996,0.89779,0.89905,10646,40,0
2021-06-14T16:00:00+00:00,2021-06-14,21:30:00,1623686400,0.89904,0.9,0.89868,0.89926,3489,40,0
2021-06-14T20:00:00+00:00,2021-06-15,01:30:00,1623700800,0.89926,0.89992,0.89909,0.89921,2020,40,0
2021-06-15T00:00:00+00:00,2021-06-15,05:30:00,1623715200,0.89922,0.90003,0.89911,0.89938,4360,40,0
2021-06-15T04:00:00+00:00,2021-06-15,09:30:00,1623729600,0.89938,0.89944,0.89638,0.89681,5847,40,0
2021-06-15T08:00:00+00:00,2021-06-15,13:30:00,1623744000,0.89681,0.90029,0.89636,0.89994,7791,40,0
2021-06-15T12:00:00+00:00,2021-06-15,17:30:00,1623758400,0.89996,0.90062,0.89769,0.89843,11420,40,0
2021-06-15T16:00:00+00:00,2021-06-15,21:30:00,1623772800,0.89842,0.89875,0.89768,0.89805,3386,40,0
2021-06-15T20:00:00+00:00,2021-06-16,01:30:00,1623787200,0.89805,0.89853,0.89765,0.89842,1484,40,0
2021-06-16T00:00:00+00:00,2021-06-16,05:30:00,1623801600,0.89842,0.89891,0.89807,0.89872,2797,40,0
2021-06-16T04:00:00+00:00,2021-06-16,09:30:00,1623816000,0.89873,0.89887,0.89759,0.89769,5279,40,0
2021-06-16T08:00:00+00:00,2021-06-16,13:30:00,1623830400,0.89768,0.89953,0.89759,0.89933,6114,40,0
2021-06-16T12:00:00+00:00,2021-06-16,17:30:00,1623844800,0.89933,0.89992,0.89797,0.89852,8821,40,0
2021-06-16T16:00:00+00:00,2021-06-16,21:30:00,1623859200,0.89854,0.90801,0.8984,0.90796,19277,40,0
2021-06-16T20:00:00+00:00,2021-06-17,01:30:00,1623873600,0.90795,0.90893,0.90744,0.90854,3959,40,0
2021-06-17T00:00:00+00:00,2021-06-17,05:30:00,1623888000,0.90854,0.90897,0.90741,0.90854,7580,40,0
2021-06-17T04:00:00+00:00,2021-06-17,09:30:00,1623902400,0.90853,0.91313,0.90764,0.91189,10179,40,0
2021-06-17T08:00:00+00:00,2021-06-17,13:30:00,1623916800,0.91195,0.91555,0.91162,0.91517,12929,40,0
2021-06-17T12:00:00+00:00,2021-06-17,17:30:00,1623931200,0.91517,0.91759,0.91313,0.91725,17150,40,0
2021-06-17T16:00:00+00:00,2021-06-17,21:30:00,1623945600,0.91726,0.91863,0.91638,0.9177,8984,40,0
2021-06-17T20:00:00+00:00,2021-06-18,01:30:00,1623960000,0.91771,0.91788,0.91634,0.91753,3325,40,0
2021-06-18T00:00:00+00:00,2021-06-18,05:30:00,1623974400,0.91753,0.91823,0.91667,0.91678,6201,40,0
2021-06-18T04:00:00+00:00,2021-06-18,09:30:00,1623988800,0.91677,0.91919,0.91676,0.91752,10329,40,0
2021-06-18T08:00:00+00:00,2021-06-18,13:30:00,1624003200,0.91752,0.91939,0.91711,0.91863,10915,40,0
2021-06-18T12:00:00+00:00,2021-06-18,17:30:00,1624017600,0.91864,0.92302,0.91837,0.92236,21526,40,0
2021-06-18T16:00:00+00:00,2021-06-18,21:30:00,1624032000,0.92154,0.92238,0.92078,0.9223,4898,50,0
2021-06-18T20:00:00+00:00,2021-06-19,01:30:00,1624046400,0.92233,0.9239,0.92215,0.92309,707,50,0
2021-06-20T20:00:00+00:00,2021-06-21,01:30:00,1624219200,0.92248,0.92269,0.92195,0.92253,1279,50,0
2021-06-21T00:00:00+00:00,2021-06-21,05:30:00,1624233600,0.92239,0.9229,0.92149,0.9226,7535,40,0
2021-06-21T04:00:00+00:00,2021-06-21,09:30:00,1624248000,0.9226,0.92355,0.92072,0.92145,10519,40,0
2021-06-21T08:00:00+00:00,2021-06-21,13:30:00,1624262400,0.92145,0.92172,0.92053,0.92067,11308,40,0
2021-06-21T12:00:00+00:00,2021-06-21,17:30:00,1624276800,0.92066,0.92151,0.91736,0.91836,14461,40,0
2021-06-21T16:00:00+00:00,2021-06-21,21:30:00,1624291200,0.91836,0.9187,0.9174,0.91746,6207,40,0
2021-06-21T20:00:00+00:00,2021-06-22,01:30:00,1624305600,0.91747,0.91853,0.91744,0.91849,2602,40,0
2021-06-22T00:00:00+00:00,2021-06-22,05:30:00,1624320000,0.91849,0.91948,0.91826,0.91893,5624,40,0
2021-06-22T04:00:00+00:00,2021-06-22,09:30:00,1624334400,0.91893,0.92077,0.9186,0.91915,6590,40,0
2021-06-22T08:00:00+00:00,2021-06-22,13:30:00,1624348800,0.91915,0.92112,0.91912,0.91999,10106,40,0
2021-06-22T12:00:00+00:00,2021-06-22,17:30:00,1624363200,0.91999,0.92067,0.91886,0.91982,14710,40,0
2021-06-22T16:00:00+00:00,2021-06-22,21:30:00,1624377600,0.91983,0.92033,0.91713,0.91801,7938,40,0
2021-06-22T20:00:00+00:00,2021-06-23,01:30:00,1624392000,0.918,0.91851,0.91752,0.9185,2587,40,0
2021-06-23T00:00:00+00:00,2021-06-23,05:30:00,1624406400,0.9185,0.91982,0.91834,0.91928,4592,40,0
2021-06-23T04:00:00+00:00,2021-06-23,09:30:00,1624420800,0.91928,0.9198,0.91779,0.91785,8559,40,0
2021-06-23T08:00:00+00:00,2021-06-23,13:30:00,1624435200,0.91783,0.91869,0.917,0.91776,10379,40,0
2021-06-23T12:00:00+00:00,2021-06-23,17:30:00,1624449600,0.91776,0.91795,0.9152,0.9168,13005,40,0
2021-06-23T16:00:00+00:00,2021-06-23,21:30:00,1624464000,0.9168,0.91898,0.9168,0.91865,5821,40,0
2021-06-23T20:00:00+00:00,2021-06-24,01:30:00,1624478400,0.91865,0.91968,0.91765,0.91807,2269,40,0
2021-06-24T00:00:00+00:00,2021-06-24,05:30:00,1624492800,0.91807,0.91937,0.91791,0.91927,5123,40,0
2021-06-24T04:00:00+00:00,2021-06-24,09:30:00,1624507200,0.91927,0.91984,0.91776,0.91945,6738,40,0
2021-06-24T08:00:00+00:00,2021-06-24,13:30:00,1624521600,0.91945,0.91977,0.91781,0.91877,9823,40,0
2021-06-24T12:00:00+00:00,2021-06-24,17:30:00,1624536000,0.91877,0.91936,0.9172,0.91876,12179,40,0
2021-06-24T16:00:00+00:00,2021-06-24,21:30:00,1624550400,0.91875,0.9188,0.91783,0.91797,5581,40,0
2021-06-24T20:00:00+00:00,2021-06-25,01:30:00,1624564800,0.91798,0.91809,0.91732,0.918,1980,40,0
2021-06-25T00:00:00+00:00,2021-06-25,05:30:00,1624579200,0.91801,0.91808,0.91686,0.91738,4234,40,0
2021-06-25T04:00:00+00:00,2021-06-25,09:30:00,1624593600,0.91738,0.91797,0.91672,0.91708,5467,40,0
2021-06-25T08:00:00+00:00,2021-06-25,13:30:00,1624608000,0.91708,0.91758,0.91622,0.91728,8332,40,0
2021-06-25T12:00:00+00:00,2021-06-25,17:30:00,1624622400,0.91728,0.91766,0.91408,0.9174,13038,40,0
2021-06-25T16:00:00+00:00,2021-06-25,21:30:00,1624636800,0.91741,0.91808,0.91644,0.9165,3643,40,0
2021-06-25T20:00:00+00:00,2021-06-26,01:30:00,1624651200,0.91651,0.91684,0.9164,0.91667,501,40,0
2021-06-27T20:00:00+00:00,2021-06-28,01:30:00,1624824000,0.91792,0.91804,0.91663,0.91668,901,50,0
2021-06-28T00:00:00+00:00,2021-06-28,05:30:00,1624838400,0.91654,0.91882,0.91653,0.91822,3578,40,0
2021-06-28T04:00:00+00:00,2021-06-28,09:30:00,1624852800,0.91822,0.91856,0.91704,0.91726,5853,40,0
2021-06-28T08:00:00+00:00,2021-06-28,13:30:00,1624867200,0.91727,0.92119,0.91727,0.92091,8989,40,0
2021-06-28T12:00:00+00:00,2021-06-28,17:30:00,1624881600,0.92093,0.92128,0.91809,0.91833,12576,40,0
2021-06-28T16:00:00+00:00,2021-06-28,21:30:00,1624896000,0.91833,0.9196,0.9183,0.91943,4119,40,0
2021-06-28T20:00:00+00:00,2021-06-29,01:30:00,1624910400,0.91943,0.9199,0.91912,0.91944,1811,40,0
2021-06-29T00:00:00+00:00,2021-06-29,05:30:00,1624924800,0.91944,0.92053,0.91926,0.92029,2992,40,0
2021-06-29T04:00:00+00:00,2021-06-29,09:30:00,1624939200,0.92029,0.92041,0.91879,0.92009,5887,40,0
2021-06-29T08:00:00+00:00,2021-06-29,13:30:00,1624953600,0.9201,0.92196,0.91965,0.9219,10027,40,0
2021-06-29T12:00:00+00:00,2021-06-29,17:30:00,1624968000,0.9219,0.92315,0.91962,0.91983,12728,40,0
2021-06-29T16:00:00+00:00,2021-06-29,21:30:00,1624982400,0.91989,0.9213,0.91988,0.9206,3589,40,0
2021-06-29T20:00:00+00:00,2021-06-30,01:30:00,1624996800,0.9206,0.9211,0.92035,0.92077,2104,40,0
2021-06-30T00:00:00+00:00,2021-06-30,05:30:00,1625011200,0.92077,0.9213,0.92044,0.92106,3845,40,0
2021-06-30T04:00:00+00:00,2021-06-30,09:30:00,1625025600,0.92106,0.92216,0.92065,0.92176,6681,40,0
2021-06-30T08:00:00+00:00,2021-06-30,13:30:00,1625040000,0.92177,0.92337,0.92167,0.92267,10603,40,0
2021-06-30T12:00:00+00:00,2021-06-30,17:30:00,1625054400,0.92267,0.92563,0.92263,0.92516,16932,40,0
2021-06-30T16:00:00+00:00,2021-06-30,21:30:00,1625068800,0.92516,0.92603,0.92465,0.92506,6538,40,0
2021-06-30T20:00:00+00:00,2021-07-01,01:30:00,1625083200,0.92507,0.92568,0.92443,0.92494,3307,40,0
2021-07-01T00:00:00+00:00,2021-07-01,05:30:00,1625097600,0.92493,0.92579,0.92492,0.92543,3423,40,0
2021-07-01T04:00:00+00:00,2021-07-01,09:30:00,1625112000,0.92543,0.92621,0.9245,0.92614,9199,40,0
2021-07-01T08:00:00+00:00,2021-07-01,13:30:00,1625126400,0.92614,0.92699,0.92452,0.92475,13191,40,0
2021-07-01T12:00:00+00:00,2021-07-01,17:30:00,1625140800,0.92477,0.92568,0.92341,0.92514,18644,40,0
2021-07-01T16:00:00+00:00,2021-07-01,21:30:00,1625155200,0.92514,0.92628,0.9249,0.92561,5981,40,0
2021-07-01T20:00:00+00:00,2021-07-02,01:30:00,1625169600,0.92563,0.92602,0.92476,0.92576,2648,40,0
2021-07-02T00:00:00+00:00,2021-07-02,05:30:00,1625184000,0.92576,0.92633,0.92553,0.92601,4331,40,0
2021-07-02T04:00:00+00:00,2021-07-02,09:30:00,1625198400,0.92602,0.9273,0.92564,0.92714,7027,40,0
2021-07-02T08:00:00+00:00,2021-07-02,13:30:00,1625212800,0.92712,0.92712,0.9244,0.9255,9649,1,0
2021-07-02T12:00:00+00:00,2021-07-02,17:30:00,1625227200,0.92548,0.92686,0.92229,0.92258,17553,0,0
2021-07-02T16:00:00+00:00,2021-07-02,21:30:00,1625241600,0.92258,0.92305,0.92004,0.92077,3763,0,0
2021-07-02T20:00:00+00:00,2021-07-03,01:30:00,1625256000,0.92075,0.92088,0.92049,0.92077,349,0,0
2021-07-04T20:00:00+00:00,2021-07-05,01:30:00,1625428800,0.92123,0.92184,0.92055,0.9218,1112,1,0
2021-07-05T00:00:00+00:00,2021-07-05,05:30:00,1625443200,0.9218,0.9225,0.92155,0.92245,1773,0,0
2021-07-05T04:00:00+00:00,2021-07-05,09:30:00,1625457600,0.92245,0.92326,0.92147,0.9216,3006,0,0
2021-07-05T08:00:00+00:00,2021-07-05,13:30:00,1625472000,0.9216,0.92218,0.92041,0.9213,3923,0,0
2021-07-05T12:00:00+00:00,2021-07-05,17:30:00,1625486400,0.9213,0.92289,0.92118,0.92193,3669,0,0
2021-07-05T16:00:00+00:00,2021-07-05,21:30:00,1625500800,0.92192,0.92238,0.92154,0.92228,2534,0,0
2021-07-05T20:00:00+00:00,2021-07-06,01:30:00,1625515200,0.92233,0.92254,0.92147,0.92228,1574,1,0
2021-07-06T00:00:00+00:00,2021-07-06,05:30:00,1625529600,0.92228,0.92236,0.92059,0.9208,2111,0,0
2021-07-06T04:00:00+00:00,2021-07-06,09:30:00,1625544000,0.9208,0.9215,0.91937,0.92132,3880,0,0
2021-07-06T08:00:00+00:00,2021-07-06,13:30:00,1625558400,0.92133,0.92456,0.92112,0.92301,6853,0,0
2021-07-06T12:00:00+00:00,2021-07-06,17:30:00,1625572800,0.92302,0.92487,0.92237,0.92436,11174,0,0
2021-07-06T16:00:00+00:00,2021-07-06,21:30:00,1625587200,0.92437,0.92514,0.924,0.92461,4014,0,0
2021-07-06T20:00:00+00:00,2021-07-07,01:30:00,1625601600,0.92461,0.92486,0.92403,0.92474,1584,0,0
2021-07-07T00:00:00+00:00,2021-07-07,05:30:00,1625616000,0.92475,0.925,0.92383,0.92385,2511,0,0
2021-07-07T04:00:00+00:00,2021-07-07,09:30:00,1625630400,0.92385,0.92461,0.92298,0.9231,4578,0,0
2021-07-07T08:00:00+00:00,2021-07-07,13:30:00,1625644800,0.9231,0.92395,0.92255,0.92355,5705,0,0
2021-07-07T12:00:00+00:00,2021-07-07,17:30:00,1625659200,0.92356,0.92677,0.92228,0.92526,9577,0,0
2021-07-07T16:00:00+00:00,2021-07-07,21:30:00,1625673600,0.92525,0.9258,0.92403,0.92548,8540,0,0
2021-07-07T20:00:00+00:00,2021-07-08,01:30:00,1625688000,0.92547,0.92588,0.92484,0.92572,1362,0,0
2021-07-08T00:00:00+00:00,2021-07-08,05:30:00,1625702400,0.92572,0.92613,0.92535,0.92551,2292,0,0
2021-07-08T04:00:00+00:00,2021-07-08,09:30:00,1625716800,0.92551,0.9256,0.92008,0.92016,6070,0,0
2021-07-08T08:00:00+00:00,2021-07-08,13:30:00,1625731200,0.92016,0.92086,0.91656,0.91715,8795,0,0
2021-07-08T12:00:00+00:00,2021-07-08,17:30:00,1625745600,0.91714,0.91717,0.91336,0.91539,10869,0,0
2021-07-08T16:00:00+00:00,2021-07-08,21:30:00,1625760000,0.9154,0.91648,0.91486,0.91488,3715,0,0
2021-07-08T20:00:00+00:00,2021-07-09,01:30:00,1625774400,0.91488,0.91517,0.91443,0.91481,1334,0,0
2021-07-09T00:00:00+00:00,2021-07-09,05:30:00,1625788800,0.91481,0.91582,0.91476,0.9152,2346,0,0
2021-07-09T04:00:00+00:00,2021-07-09,09:30:00,1625803200,0.9152,0.91751,0.91479,0.91503,4688,0,0
2021-07-09T08:00:00+00:00,2021-07-09,13:30:00,1625817600,0.91503,0.91594,0.91431,0.91546,5839,0,0
2021-07-09T12:00:00+00:00,2021-07-09,17:30:00,1625832000,0.91545,0.91625,0.91443,0.91518,6380,0,0
2021-07-09T16:00:00+00:00,2021-07-09,21:30:00,1625846400,0.91519,0.91521,0.9136,0.9136,1966,0,0
2021-07-09T20:00:00+00:00,2021-07-10,01:30:00,1625860800,0.91361,0.91392,0.91361,0.9139,316,0,0
2021-07-11T20:00:00+00:00,2021-07-12,01:30:00,1626033600,0.91437,0.91465,0.91367,0.9141,1310,1,0
2021-07-12T00:00:00+00:00,2021-07-12,05:30:00,1626048000,0.9141,0.91475,0.9135,0.91473,2172,0,0
2021-07-12T04:00:00+00:00,2021-07-12,09:30:00,1626062400,0.91473,0.91562,0.91321,0.91376,3125,0,0
2021-07-12T08:00:00+00:00,2021-07-12,13:30:00,1626076800,0.91377,0.9171,0.91326,0.91673,5014,0,0
2021-07-12T12:00:00+00:00,2021-07-12,17:30:00,1626091200,0.91676,0.91676,0.91423,0.91547,6365,0,0
2021-07-12T16:00:00+00:00,2021-07-12,21:30:00,1626105600,0.91547,0.91588,0.91508,0.9151,2687,0,0
2021-07-12T20:00:00+00:00,2021-07-13,01:30:00,1626120000,0.91509,0.91528,0.91465,0.91507,777,0,0
2021-07-13T00:00:00+00:00,2021-07-13,05:30:00,1626134400,0.91507,0.91507,0.91432,0.9145,1704,0,0
2021-07-13T04:00:00+00:00,2021-07-13,09:30:00,1626148800,0.91449,0.9159,0.91448,0.91578,3151,0,0
2021-07-13T08:00:00+00:00,2021-07-13,13:30:00,1626163200,0.91579,0.91724,0.91554,0.9168,4626,0,0
2021-07-13T12:00:00+00:00,2021-07-13,17:30:00,1626177600,0.9168,0.92006,0.91571,0.91653,16855,0,0
2021-07-13T16:00:00+00:00,2021-07-13,21:30:00,1626192000,0.91654,0.91905,0.91625,0.91888,4538,0,0
2021-07-13T20:00:00+00:00,2021-07-14,01:30:00,1626206400,0.91889,0.91913,0.91796,0.91895,1400,0,0
2021-07-14T00:00:00+00:00,2021-07-14,05:30:00,1626220800,0.91895,0.91923,0.91805,0.91818,2858,0,0
2021-07-14T04:00:00+00:00,2021-07-14,09:30:00,1626235200,0.91818,0.91865,0.91737,0.91865,3747,0,0
2021-07-14T08:00:00+00:00,2021-07-14,13:30:00,1626249600,0.91865,0.91987,0.91729,0.91855,4998,0,0
2021-07-14T12:00:00+00:00,2021-07-14,17:30:00,1626264000,0.91856,0.91857,0.91528,0.91549,10784,0,0
2021-07-14T16:00:00+00:00,2021-07-14,21:30:00,1626278400,0.91549,0.91549,0.91422,0.91448,3456,0,0
2021-07-14T20:00:00+00:00,2021-07-15,01:30:00,1626292800,0.91448,0.91508,0.91408,0.91477,1486,0,0
2021-07-15T00:00:00+00:00,2021-07-15,05:30:00,1626307200,0.91477,0.91548,0.91435,0.91456,2404,0,0
2021-07-15T04:00:00+00:00,2021-07-15,09:30:00,1626321600,0.91456,0.9148,0.91346,0.91446,3692,0,0
2021-07-15T08:00:00+00:00,2021-07-15,13:30:00,1626336000,0.91445,0.91693,0.91176,0.91689,6932,0,0
2021-07-15T12:00:00+00:00,2021-07-15,17:30:00,1626350400,0.91688,0.91877,0.91651,0.91876,8500,0,0
2021-07-15T16:00:00+00:00,2021-07-15,21:30:00,1626364800,0.91876,0.91932,0.91764,0.91764,3888,0,0
2021-07-15T20:00:00+00:00,2021-07-16,01:30:00,1626379200,0.91764,0.91798,0.91713,0.9179,1194,0,0
2021-07-16T00:00:00+00:00,2021-07-16,05:30:00,1626393600,0.9179,0.91895,0.91742,0.91848,2153,0,0
2021-07-16T04:00:00+00:00,2021-07-16,09:30:00,1626408000,0.91848,0.91999,0.91804,0.9199,3561,0,0
2021-07-16T08:00:00+00:00,2021-07-16,13:30:00,1626422400,0.9199,0.92035,0.91839,0.92001,6144,0,0
2021-07-16T12:00:00+00:00,2021-07-16,17:30:00,1626436800,0.92,0.92037,0.91851,0.91932,8818,0,0
2021-07-16T16:00:00+00:00,2021-07-16,21:30:00,1626451200,0.91932,0.91996,0.91882,0.91965,3225,0,0
2021-07-16T20:00:00+00:00,2021-07-17,01:30:00,1626465600,0.91965,0.91976,0.91939,0.91951,334,0,0
2021-07-18T20:00:00+00:00,2021-07-19,01:30:00,1626638400,0.91919,0.91982,0.9185,0.9186,746,1,0
2021-07-19T00:00:00+00:00,2021-07-19,05:30:00,1626652800,0.9186,0.91972,0.91842,0.9192,1922,0,0
2021-07-19T04:00:00+00:00,2021-07-19,09:30:00,1626667200,0.9192,0.92161,0.91902,0.92057,3511,0,0
2021-07-19T08:00:00+00:00,2021-07-19,13:30:00,1626681600,0.92057,0.92217,0.92023,0.92098,6892,0,0
2021-07-19T12:00:00+00:00,2021-07-19,17:30:00,1626696000,0.92098,0.92144,0.91632,0.91784,11617,0,0
2021-07-19T16:00:00+00:00,2021-07-19,21:30:00,1626710400,0.91783,0.91838,0.91723,0.91801,4551,0,0
2021-07-19T20:00:00+00:00,2021-07-20,01:30:00,1626724800,0.91802,0.91876,0.91702,0.91874,1248,0,0
2021-07-20T00:00:00+00:00,2021-07-20,05:30:00,1626739200,0.91875,0.91883,0.91789,0.91791,2290,0,0
2021-07-20T04:00:00+00:00,2021-07-20,09:30:00,1626753600,0.91791,0.91953,0.91791,0.91859,4679,0,0
2021-07-20T08:00:00+00:00,2021-07-20,13:30:00,1626768000,0.91859,0.92063,0.9173,0.91958,7253,0,0
2021-07-20T12:00:00+00:00,2021-07-20,17:30:00,1626782400,0.91958,0.92327,0.91953,0.9219,10697,0,0
2021-07-20T16:00:00+00:00,2021-07-20,21:30:00,1626796800,0.9219,0.92222,0.921,0.92124,3584,0,0
2021-07-20T20:00:00+00:00,2021-07-21,01:30:00,1626811200,0.92127,0.92154,0.92097,0.92126,1038,0,0
2021-07-21T00:00:00+00:00,2021-07-21,05:30:00,1626825600,0.92126,0.92193,0.92106,0.92123,1701,0,0
2021-07-21T04:00:00+00:00,2021-07-21,09:30:00,1626840000,0.92122,0.92311,0.92102,0.92211,3831,0,0
2021-07-21T08:00:00+00:00,2021-07-21,13:30:00,1626854400,0.9221,0.9229,0.92071,0.92167,5661,0,0
2021-07-21T12:00:00+00:00,2021-07-21,17:30:00,1626868800,0.92168,0.92221,0.91765,0.9179,8277,0,0
2021-07-21T16:00:00+00:00,2021-07-21,21:30:00,1626883200,0.9179,0.91878,0.91697,0.91733,3088,0,0
2021-07-21T20:00:00+00:00,2021-07-22,01:30:00,1626897600,0.91733,0.91784,0.91713,0.91773,1187,0,0
2021-07-22T00:00:00+00:00,2021-07-22,05:30:00,1626912000,0.91774,0.91801,0.91723,0.91734,1565,0,0
2021-07-22T04:00:00+00:00,2021-07-22,09:30:00,1626926400,0.91734,0.91775,0.91647,0.91762,3472,0,0
2021-07-22T08:00:00+00:00,2021-07-22,13:30:00,1626940800,0.91761,0.91913,0.91712,0.91835,6762,0,0
2021-07-22T12:00:00+00:00,2021-07-22,17:30:00,1626955200,0.91836,0.92,0.9155,0.91976,12625,0,0
2021-07-22T16:00:00+00:00,2021-07-22,21:30:00,1626969600,0.91976,0.92016,0.91863,0.91918,3239,0,0
2021-07-22T20:00:00+00:00,2021-07-23,01:30:00,1626984000,0.9192,0.91949,0.91868,0.91914,1715,0,0
2021-07-23T00:00:00+00:00,2021-07-23,05:30:00,1626998400,0.91914,0.92008,0.91865,0.91998,1126,0,0
2021-07-23T04:00:00+00:00,2021-07-23,09:30:00,1627012800,0.91999,0.92082,0.91901,0.91929,3175,0,0
2021-07-23T08:00:00+00:00,2021-07-23,13:30:00,1627027200,0.91929,0.9222,0.91898,0.92139,5782,0,0
2021-07-23T12:00:00+00:00,2021-07-23,17:30:00,1627041600,0.92139,0.92157,0.91967,0.92121,7398,0,0
2021-07-23T16:00:00+00:00,2021-07-23,21:30:00,1627056000,0.92121,0.92121,0.91958,0.91971,2654,0,0
2021-07-23T20:00:00+00:00,2021-07-24,01:30:00,1627070400,0.91971,0.91987,0.91938,0.9196,322,0,0
2021-07-25T20:00:00+00:00,2021-07-26,01:30:00,1627243200,0.91951,0.9198,0.91913,0.91961,351,1,0
2021-07-26T00:00:00+00:00,2021-07-26,05:30:00,1627257600,0.9196,0.92024,0.91876,0.91884,1029,0,0
2021-07-26T04:00:00+00:00,2021-07-26,09:30:00,1627272000,0.91883,0.91912,0.9166,0.91804,3174,0,0
2021-07-26T08:00:00+00:00,2021-07-26,13:30:00,1627286400,0.91802,0.91937,0.9174,0.91805,4524,0,0
2021-07-26T12:00:00+00:00,2021-07-26,17:30:00,1627300800,0.91805,0.91952,0.91538,0.91576,5982,0,0
2021-07-26T16:00:00+00:00,2021-07-26,21:30:00,1627315200,0.91578,0.91608,0.91486,0.9157,1722,0,0
2021-07-26T20:00:00+00:00,2021-07-27,01:30:00,1627329600,0.91572,0.91598,0.91538,0.91558,703,0,0
2021-07-27T00:00:00+00:00,2021-07-27,05:30:00,1627344000,0.91559,0.91602,0.91483,0.91575,1161,0,0
2021-07-27T04:00:00+00:00,2021-07-27,09:30:00,1627358400,0.91575,0.91752,0.91566,0.91708,3117,0,0
2021-07-27T08:00:00+00:00,2021-07-27,13:30:00,1627372800,0.91708,0.91866,0.91598,0.91609,4635,0,0
2021-07-27T12:00:00+00:00,2021-07-27,17:30:00,1627387200,0.91608,0.91608,0.91322,0.91367,6793,0,0
2021-07-27T16:00:00+00:00,2021-07-27,21:30:00,1627401600,0.91365,0.91451,0.91294,0.91417,1990,0,0
2021-07-27T20:00:00+00:00,2021-07-28,01:30:00,1627416000,0.91418,0.91467,0.91391,0.91446,579,0,0
2021-07-28T00:00:00+00:00,2021-07-28,05:30:00,1627430400,0.91446,0.91524,0.91415,0.91465,908,0,0
2021-07-28T04:00:00+00:00,2021-07-28,09:30:00,1627444800,0.91464,0.91594,0.9146,0.91511,1748,0,0
2021-07-28T08:00:00+00:00,2021-07-28,13:30:00,1627459200,0.9151,0.9154,0.9132,0.91448,3354,0,0
2021-07-28T12:00:00+00:00,2021-07-28,17:30:00,1627473600,0.91447,0.91674,0.91336,0.91338,5475,0,0
2021-07-28T16:00:00+00:00,2021-07-28,21:30:00,1627488000,0.91338,0.91582,0.91009,0.91016,11485,0,0
2021-07-28T20:00:00+00:00,2021-07-29,01:30:00,1627502400,0.91017,0.9104,0.90974,0.90977,618,0,0
2021-07-29T00:00:00+00:00,2021-07-29,05:30:00,1627516800,0.90978,0.91008,0.9089,0.90919,1297,0,0
2021-07-29T04:00:00+00:00,2021-07-29,09:30:00,1627531200,0.9092,0.90947,0.90804,0.90841,2707,0,0
2021-07-29T08:00:00+00:00,2021-07-29,13:30:00,1627545600,0.9084,0.90923,0.90758,0.90868,3521,0,0
2021-07-29T12:00:00+00:00,2021-07-29,17:30:00,1627560000,0.90865,0.90873,0.9055,0.90625,5202,0,0
2021-07-29T16:00:00+00:00,2021-07-29,21:30:00,1627574400,0.90624,0.90687,0.90546,0.90597,1578,0,0
2021-07-29T20:00:00+00:00,2021-07-30,01:30:00,1627588800,0.90598,0.90623,0.90538,0.90579,567,0,0
2021-07-30T00:00:00+00:00,2021-07-30,05:30:00,1627603200,0.90579,0.90703,0.90562,0.90702,1167,0,0
2021-07-30T04:00:00+00:00,2021-07-30,09:30:00,1627617600,0.90701,0.90755,0.90518,0.90582,2257,0,0
2021-07-30T08:00:00+00:00,2021-07-30,13:30:00,1627632000,0.90581,0.90634,0.90394,0.9062,3618,0,0
2021-07-30T12:00:00+00:00,2021-07-30,17:30:00,1627646400,0.90618,0.90745,0.9052,0.90608,6639,0,0
2021-07-30T16:00:00+00:00,2021-07-30,21:30:00,1627660800,0.90608,0.90659,0.90569,0.90583,2077,0,0
2021-07-30T20:00:00+00:00,2021-07-31,01:30:00,1627675200,0.90584,0.90593,0.90494,0.90532,484,0,0
2021-08-01T20:00:00+00:00,2021-08-02,01:30:00,1627848000,0.90545,0.90606,0.9054,0.90597,554,1,0
2021-08-02T00:00:00+00:00,2021-08-02,05:30:00,1627862400,0.90597,0.90656,0.90547,0.90562,1145,0,0
2021-08-02T04:00:00+00:00,2021-08-02,09:30:00,1627876800,0.90563,0.90647,0.90478,0.90567,2142,0,0
2021-08-02T08:00:00+00:00,2021-08-02,13:30:00,1627891200,0.90566,0.90621,0.90465,0.90515,2714,0,0
2021-08-02T12:00:00+00:00,2021-08-02,17:30:00,1627905600,0.90516,0.90674,0.90376,0.90513,5500,0,0
2021-08-02T16:00:00+00:00,2021-08-02,21:30:00,1627920000,0.90514,0.90569,0.90492,0.9051,1802,0,0
2021-08-02T20:00:00+00:00,2021-08-03,01:30:00,1627934400,0.90511,0.9054,0.90484,0.90531,485,0,0
2021-08-03T00:00:00+00:00,2021-08-03,05:30:00,1627948800,0.90532,0.90576,0.90493,0.90532,1707,0,0
2021-08-03T04:00:00+00:00,2021-08-03,09:30:00,1627963200,0.90532,0.90573,0.90445,0.90477,2614,0,0
2021-08-03T08:00:00+00:00,2021-08-03,13:30:00,1627977600,0.90476,0.90509,0.90229,0.90276,2838,0,0
2021-08-03T12:00:00+00:00,2021-08-03,17:30:00,1627992000,0.90278,0.90483,0.90261,0.90478,5064,0,0
2021-08-03T16:00:00+00:00,2021-08-03,21:30:00,1628006400,0.90479,0.90481,0.90391,0.90401,1391,0,0
2021-08-03T20:00:00+00:00,2021-08-04,01:30:00,1628020800,0.90404,0.90431,0.90357,0.90382,368,0,0
2021-08-04T00:00:00+00:00,2021-08-04,05:30:00,1628035200,0.90386,0.90429,0.90338,0.90354,919,0,0
2021-08-04T04:00:00+00:00,2021-08-04,09:30:00,1628049600,0.90353,0.90449,0.90333,0.90396,1490,0,0
2021-08-04T08:00:00+00:00,2021-08-04,13:30:00,1628064000,0.90395,0.90607,0.90387,0.90451,2719,0,0
2021-08-04T12:00:00+00:00,2021-08-04,17:30:00,1628078400,0.90453,0.9076,0.90186,0.90592,7819,0,0
2021-08-04T16:00:00+00:00,2021-08-04,21:30:00,1628092800,0.9059,0.90672,0.9059,0.90626,1875,0,0
2021-08-04T20:00:00+00:00,2021-08-05,01:30:00,1628107200,0.90626,0.90666,0.90606,0.90663,298,0,0
2021-08-05T00:00:00+00:00,2021-08-05,05:30:00,1628121600,0.90664,0.90766,0.90658,0.90748,899,0,0
2021-08-05T04:00:00+00:00,2021-08-05,09:30:00,1628136000,0.90747,0.90779,0.90538,0.90546,1992,0,0
2021-08-05T08:00:00+00:00,2021-08-05,13:30:00,1628150400,0.90544,0.90718,0.90518,0.90527,3732,0,0
2021-08-05T12:00:00+00:00,2021-08-05,17:30:00,1628164800,0.90527,0.90734,0.90515,0.90704,5840,0,0
2021-08-05T16:00:00+00:00,2021-08-05,21:30:00,1628179200,0.90703,0.90709,0.90618,0.90642,1467,0,0
2021-08-05T20:00:00+00:00,2021-08-06,01:30:00,1628193600,0.90643,0.90692,0.90636,0.90669,375,0,0
2021-08-06T00:00:00+00:00,2021-08-06,05:30:00,1628208000,0.9067,0.90806,0.90667,0.90781,628,0,0
2021-08-06T04:00:00+00:00,2021-08-06,09:30:00,1628222400,0.90781,0.90828,0.90686,0.90724,1883,0,0
2021-08-06T08:00:00+00:00,2021-08-06,13:30:00,1628236800,0.90725,0.9087,0.90696,0.90844,2686,0,0
2021-08-06T12:00:00+00:00,2021-08-06,17:30:00,1628251200,0.90841,0.91501,0.9082,0.91427,12721,0,0
2021-08-06T16:00:00+00:00,2021-08-06,21:30:00,1628265600,0.91426,0.91564,0.91422,0.91497,1430,0,0
2021-08-06T20:00:00+00:00,2021-08-07,01:30:00,1628280000,0.91494,0.91534,0.91493,0.91503,234,0,0
2021-08-08T20:00:00+00:00,2021-08-09,01:30:00,1628452800,0.9144,0.91633,0.91431,0.91573,1224,1,0
2021-08-09T00:00:00+00:00,2021-08-09,05:30:00,1628467200,0.91572,0.91617,0.91483,0.91513,1251,0,0
2021-08-09T04:00:00+00:00,2021-08-09,09:30:00,1628481600,0.91514,0.91611,0.91457,0.91597,2225,0,0
2021-08-09T08:00:00+00:00,2021-08-09,13:30:00,1628496000,0.91595,0.9174,0.91549,0.91676,3288,0,0
2021-08-09T12:00:00+00:00,2021-08-09,17:30:00,1628510400,0.91677,0.91966,0.91612,0.91911,4634,0,0
2021-08-09T16:00:00+00:00,2021-08-09,21:30:00,1628524800,0.91912,0.92047,0.91912,0.92044,1457,0,0
2021-08-09T20:00:00+00:00,2021-08-10,01:30:00,1628539200,0.92042,0.92099,0.91967,0.92093,508,0,0
2021-08-10T00:00:00+00:00,2021-08-10,05:30:00,1628553600,0.92094,0.921,0.91951,0.91975,979,0,0
2021-08-10T04:00:00+00:00,2021-08-10,09:30:00,1628568000,0.91975,0.92181,0.91972,0.92123,2192,0,0
2021-08-10T08:00:00+00:00,2021-08-10,13:30:00,1628582400,0.92121,0.92289,0.9203,0.92254,2865,0,0
2021-08-10T12:00:00+00:00,2021-08-10,17:30:00,1628596800,0.92252,0.92339,0.92207,0.92273,4365,0,0
2021-08-10T16:00:00+00:00,2021-08-10,21:30:00,1628611200,0.92271,0.92342,0.92268,0.92298,1237,0,0
2021-08-10T20:00:00+00:00,2021-08-11,01:30:00,1628625600,0.92298,0.92316,0.92223,0.92301,680,0,0
2021-08-11T00:00:00+00:00,2021-08-11,05:30:00,1628640000,0.92298,0.9233,0.92202,0.92268,664,0,0
2021-08-11T04:00:00+00:00,2021-08-11,09:30:00,1628654400,0.92266,0.92422,0.92247,0.92351,1739,0,0
2021-08-11T08:00:00+00:00,2021-08-11,13:30:00,1628668800,0.92352,0.92411,0.92318,0.92332,2195,0,0
2021-08-11T12:00:00+00:00,2021-08-11,17:30:00,1628683200,0.92331,0.92348,0.92029,0.92155,8316,0,0
2021-08-11T16:00:00+00:00,2021-08-11,21:30:00,1628697600,0.92158,0.92211,0.92051,0.92175,2337,0,0
2021-08-11T20:00:00+00:00,2021-08-12,01:30:00,1628712000,0.92177,0.92208,0.92115,0.92164,561,0,0
2021-08-12T00:00:00+00:00,2021-08-12,05:30:00,1628726400,0.92164,0.92213,0.92129,0.92129,697,0,0
2021-08-12T04:00:00+00:00,2021-08-12,09:30:00,1628740800,0.92131,0.92239,0.92119,0.92151,1647,0,0
2021-08-12T08:00:00+00:00,2021-08-12,13:30:00,1628755200,0.92151,0.92266,0.92134,0.92216,2127,0,0
2021-08-12T12:00:00+00:00,2021-08-12,17:30:00,1628769600,0.92219,0.92371,0.92174,0.92304,4101,0,0
2021-08-12T16:00:00+00:00,2021-08-12,21:30:00,1628784000,0.92305,0.92398,0.92279,0.92352,1526,0,0
2021-08-12T20:00:00+00:00,2021-08-13,01:30:00,1628798400,0.92353,0.92355,0.92304,0.92312,461,0,0
2021-08-13T00:00:00+00:00,2021-08-13,05:30:00,1628812800,0.92313,0.92347,0.92289,0.92323,702,0,0
2021-08-13T04:00:00+00:00,2021-08-13,09:30:00,1628827200,0.92321,0.9239,0.92285,0.92313,1288,0,0
2021-08-13T08:00:00+00:00,2021-08-13,13:30:00,1628841600,0.92312,0.92317,0.92062,0.92091,1897,0,0
2021-08-13T12:00:00+00:00,2021-08-13,17:30:00,1628856000,0.92089,0.92091,0.91585,0.9162,4530,0,0
2021-08-13T16:00:00+00:00,2021-08-13,21:30:00,1628870400,0.91619,0.9162,0.91512,0.91523,1520,0,0
2021-08-13T20:00:00+00:00,2021-08-14,01:30:00,1628884800,0.91524,0.91535,0.91515,0.91524,194,0,0
2021-08-15T20:00:00+00:00,2021-08-16,01:30:00,1629057600,0.91587,0.91605,0.91502,0.91543,474,1,0
2021-08-16T00:00:00+00:00,2021-08-16,05:30:00,1629072000,0.91544,0.91629,0.91487,0.91609,1137,0,0
2021-08-16T04:00:00+00:00,2021-08-16,09:30:00,1629086400,0.9161,0.91636,0.91513,0.91533,1793,0,0
2021-08-16T08:00:00+00:00,2021-08-16,13:30:00,1629100800,0.9153,0.91536,0.91278,0.91435,2976,0,0
2021-08-16T12:00:00+00:00,2021-08-16,17:30:00,1629115200,0.91432,0.91432,0.91096,0.91241,4942,0,0
2021-08-16T16:00:00+00:00,2021-08-16,21:30:00,1629129600,0.91241,0.91251,0.91199,0.91226,1005,0,0
2021-08-16T20:00:00+00:00,2021-08-17,01:30:00,1629144000,0.91225,0.9126,0.91194,0.9126,679,0,0
2021-08-17T00:00:00+00:00,2021-08-17,05:30:00,1629158400,0.9126,0.91348,0.91259,0.91343,963,0,0
2021-08-17T04:00:00+00:00,2021-08-17,09:30:00,1629172800,0.91341,0.91361,0.91065,0.91072,2459,0,0
2021-08-17T08:00:00+00:00,2021-08-17,13:30:00,1629187200,0.9107,0.91182,0.91012,0.91078,3237,0,0
2021-08-17T12:00:00+00:00,2021-08-17,17:30:00,1629201600,0.91076,0.91491,0.91,0.91453,6355,0,0
2021-08-17T16:00:00+00:00,2021-08-17,21:30:00,1629216000,0.91452,0.91516,0.91391,0.91465,1864,0,0
2021-08-17T20:00:00+00:00,2021-08-18,01:30:00,1629230400,0.91466,0.9153,0.91417,0.91496,531,0,0
2021-08-18T00:00:00+00:00,2021-08-18,05:30:00,1629244800,0.91496,0.91506,0.91361,0.91413,1184,0,0
2021-08-18T04:00:00+00:00,2021-08-18,09:30:00,1629259200,0.91414,0.91455,0.91272,0.91344,1730,0,0
2021-08-18T08:00:00+00:00,2021-08-18,13:30:00,1629273600,0.91341,0.91638,0.91297,0.91493,3009,0,0
2021-08-18T12:00:00+00:00,2021-08-18,17:30:00,1629288000,0.91495,0.91967,0.91458,0.91799,4838,0,0
2021-08-18T16:00:00+00:00,2021-08-18,21:30:00,1629302400,0.91798,0.91861,0.91493,0.9163,5992,0,0
2021-08-18T20:00:00+00:00,2021-08-19,01:30:00,1629316800,0.91632,0.9176,0.91604,0.9176,1511,0,0
2021-08-19T00:00:00+00:00,2021-08-19,05:30:00,1629331200,0.9176,0.92069,0.91756,0.91987,1540,0,0
2021-08-19T04:00:00+00:00,2021-08-19,09:30:00,1629345600,0.91986,0.92013,0.91642,0.91658,3688,0,0
2021-08-19T08:00:00+00:00,2021-08-19,13:30:00,1629360000,0.91656,0.91768,0.91456,0.91677,4409,0,0
2021-08-19T12:00:00+00:00,2021-08-19,17:30:00,1629374400,0.91678,0.91868,0.91627,0.91737,5661,0,0
2021-08-19T16:00:00+00:00,2021-08-19,21:30:00,1629388800,0.91739,0.91907,0.9173,0.919,2108,0,0
2021-08-19T20:00:00+00:00,2021-08-20,01:30:00,1629403200,0.91899,0.91903,0.91832,0.91897,687,0,0
2021-08-20T00:00:00+00:00,2021-08-20,05:30:00,1629417600,0.91897,0.91897,0.91611,0.91653,1197,0,0
2021-08-20T04:00:00+00:00,2021-08-20,09:30:00,1629432000,0.91652,0.91697,0.9159,0.91643,2193,0,0
2021-08-20T08:00:00+00:00,2021-08-20,13:30:00,1629446400,0.91641,0.9186,0.91601,0.91801,2446,0,0
2021-08-20T12:00:00+00:00,2021-08-20,17:30:00,1629460800,0.91801,0.91865,0.91639,0.91768,4519,0,0
2021-08-20T16:00:00+00:00,2021-08-20,21:30:00,1629475200,0.91771,0.91798,0.91668,0.91677,1461,0,0
2021-08-20T20:00:00+00:00,2021-08-21,01:30:00,1629489600,0.91676,0.91713,0.91656,0.91692,227,0,0
2021-08-22T20:00:00+00:00,2021-08-23,01:30:00,1629662400,0.91675,0.91776,0.91659,0.91726,585,1,0
2021-08-23T00:00:00+00:00,2021-08-23,05:30:00,1629676800,0.91727,0.91742,0.91575,0.91617,1028,0,0
2021-08-23T04:00:00+00:00,2021-08-23,09:30:00,1629691200,0.91618,0.91695,0.91403,0.9145,2027,0,0
2021-08-23T08:00:00+00:00,2021-08-23,13:30:00,1629705600,0.91452,0.9178,0.91403,0.91704,2860,0,0
2021-08-23T12:00:00+00:00,2021-08-23,17:30:00,1629720000,0.91702,0.91761,0.91271,0.91379,5221,0,0
2021-08-23T16:00:00+00:00,2021-08-23,21:30:00,1629734400,0.91382,0.91383,0.91227,0.91242,1315,0,0
2021-08-23T20:00:00+00:00,2021-08-24,01:30:00,1629748800,0.91243,0.91279,0.91211,0.91236,1075,0,0
2021-08-24T00:00:00+00:00,2021-08-24,05:30:00,1629763200,0.91239,0.91342,0.9122,0.91316,636,0,0
2021-08-24T04:00:00+00:00,2021-08-24,09:30:00,1629777600,0.91316,0.91367,0.91246,0.91257,1747,0,0
2021-08-24T08:00:00+00:00,2021-08-24,13:30:00,1629792000,0.91258,0.91358,0.91176,0.91261,2585,0,0
2021-08-24T12:00:00+00:00,2021-08-24,17:30:00,1629806400,0.91261,0.91332,0.91108,0.91304,5080,0,0
2021-08-24T16:00:00+00:00,2021-08-24,21:30:00,1629820800,0.91305,0.91392,0.91264,0.91282,1292,0,0
2021-08-24T20:00:00+00:00,2021-08-25,01:30:00,1629835200,0.91281,0.91329,0.9122,0.91322,361,0,0
2021-08-25T00:00:00+00:00,2021-08-25,05:30:00,1629849600,0.91322,0.91532,0.91305,0.91462,1084,0,0
2021-08-25T04:00:00+00:00,2021-08-25,09:30:00,1629864000,0.91462,0.91513,0.91345,0.91409,1566,0,0
2021-08-25T08:00:00+00:00,2021-08-25,13:30:00,1629878400,0.9141,0.91492,0.91252,0.91447,2879,0,0
2021-08-25T12:00:00+00:00,2021-08-25,17:30:00,1629892800,0.91447,0.9158,0.91312,0.91372,5738,0,0
2021-08-25T16:00:00+00:00,2021-08-25,21:30:00,1629907200,0.91374,0.91455,0.913,0.91363,2066,0,0
2021-08-25T20:00:00+00:00,2021-08-26,01:30:00,1629921600,0.91363,0.91391,0.91269,0.9137,526,0,0
2021-08-26T00:00:00+00:00,2021-08-26,05:30:00,1629936000,0.91371,0.91472,0.91353,0.91456,886,0,0
2021-08-26T04:00:00+00:00,2021-08-26,09:30:00,1629950400,0.91456,0.91683,0.91414,0.91583,2464,0,0
2021-08-26T08:00:00+00:00,2021-08-26,13:30:00,1629964800,0.91583,0.91766,0.91534,0.9168,3117,0,0
2021-08-26T12:00:00+00:00,2021-08-26,17:30:00,1629979200,0.91678,0.91921,0.91594,0.91734,7623,0,0
2021-08-26T16:00:00+00:00,2021-08-26,21:30:00,1629993600,0.91735,0.91904,0.91735,0.91801,2149,0,0
2021-08-26T20:00:00+00:00,2021-08-27,01:30:00,1630008000,0.91802,0.91815,0.91734,0.918,556,0,0
2021-08-27T00:00:00+00:00,2021-08-27,05:30:00,1630022400,0.91801,0.91834,0.91694,0.91694,1061,0,0
2021-08-27T04:00:00+00:00,2021-08-27,09:30:00,1630036800,0.91695,0.91711,0.91568,0.91686,1560,0,0
2021-08-27T08:00:00+00:00,2021-08-27,13:30:00,1630051200,0.91684,0.91841,0.91678,0.91762,2193,0,0
2021-08-27T12:00:00+00:00,2021-08-27,17:30:00,1630065600,0.91763,0.91997,0.91182,0.91212,10509,0,0
2021-08-27T16:00:00+00:00,2021-08-27,21:30:00,1630080000,0.91211,0.91222,0.91064,0.91122,2056,0,0
2021-08-27T20:00:00+00:00,2021-08-28,01:30:00,1630094400,0.91123,0.91128,0.91079,0.9111,277,0,0
2021-08-29T20:00:00+00:00,2021-08-30,01:30:00,1630267200,0.9114,0.91163,0.91085,0.91143,336,1,0
2021-08-30T00:00:00+00:00,2021-08-30,05:30:00,1630281600,0.91143,0.91163,0.91015,0.91094,882,0,0
2021-08-30T04:00:00+00:00,2021-08-30,09:30:00,1630296000,0.91096,0.91374,0.91076,0.9135,1629,0,0
2021-08-30T08:00:00+00:00,2021-08-30,13:30:00,1630310400,0.91351,0.91585,0.91351,0.91491,2509,0,0
2021-08-30T12:00:00+00:00,2021-08-30,17:30:00,1630324800,0.91492,0.91852,0.9148,0.91715,4055,0,0
2021-08-30T16:00:00+00:00,2021-08-30,21:30:00,1630339200,0.91716,0.9173,0.91634,0.91686,1199,0,0
2021-08-30T20:00:00+00:00,2021-08-31,01:30:00,1630353600,0.91686,0.91749,0.91644,0.91723,621,0,0
2021-08-31T00:00:00+00:00,2021-08-31,05:30:00,1630368000,0.91724,0.91732,0.91537,0.91549,1074,0,0
2021-08-31T04:00:00+00:00,2021-08-31,09:30:00,1630382400,0.91547,0.91592,0.91438,0.91534,1980,0,0
2021-08-31T08:00:00+00:00,2021-08-31,13:30:00,1630396800,0.91533,0.91543,0.91264,0.91289,3444,0,0
2021-08-31T12:00:00+00:00,2021-08-31,17:30:00,1630411200,0.9129,0.91732,0.91144,0.91617,7556,0,0
2021-08-31T16:00:00+00:00,2021-08-31,21:30:00,1630425600,0.9162,0.91631,0.91483,0.91565,2140,0,0
2021-08-31T20:00:00+00:00,2021-09-01,01:30:00,1630440000,0.91567,0.91589,0.91481,0.91538,468,0,0
2021-09-01T00:00:00+00:00,2021-09-01,05:30:00,1630454400,0.91538,0.91799,0.91537,0.91799,1306,0,0
2021-09-01T04:00:00+00:00,2021-09-01,09:30:00,1630468800,0.918,0.91894,0.91724,0.91772,2640,0,0
2021-09-01T08:00:00+00:00,2021-09-01,13:30:00,1630483200,0.91774,0.91814,0.91627,0.91735,2620,0,0
2021-09-01T12:00:00+00:00,2021-09-01,17:30:00,1630497600,0.91734,0.91779,0.91395,0.91455,6024,0,0
2021-09-01T16:00:00+00:00,2021-09-01,21:30:00,1630512000,0.91456,0.91564,0.91392,0.91564,1803,0,0
2021-09-01T20:00:00+00:00,2021-09-02,01:30:00,1630526400,0.91562,0.91589,0.91508,0.91562,458,0,0
2021-09-02T00:00:00+00:00,2021-09-02,05:30:00,1630540800,0.91562,0.91563,0.91501,0.91556,846,0,0
2021-09-02T04:00:00+00:00,2021-09-02,09:30:00,1630555200,0.91556,0.91605,0.91457,0.9152,1650,0,0
2021-09-02T08:00:00+00:00,2021-09-02,13:30:00,1630569600,0.91521,0.91646,0.91453,0.91502,2943,0,0
2021-09-02T12:00:00+00:00,2021-09-02,17:30:00,1630584000,0.91503,0.9168,0.91402,0.91607,4488,0,0
2021-09-02T16:00:00+00:00,2021-09-02,21:30:00,1630598400,0.91605,0.91606,0.9141,0.91428,1885,0,0
2021-09-02T20:00:00+00:00,2021-09-03,01:30:00,1630612800,0.91429,0.91469,0.91412,0.91454,656,0,0
2021-09-03T00:00:00+00:00,2021-09-03,05:30:00,1630627200,0.91454,0.91458,0.91349,0.91421,1159,0,0
2021-09-03T04:00:00+00:00,2021-09-03,09:30:00,1630641600,0.91422,0.91456,0.91354,0.91422,1853,0,0
2021-09-03T08:00:00+00:00,2021-09-03,13:30:00,1630656000,0.91422,0.91522,0.91349,0.9149,2470,0,0
2021-09-03T12:00:00+00:00,2021-09-03,17:30:00,1630670400,0.9149,0.91596,0.91155,0.91373,12076,0,0
2021-09-03T16:00:00+00:00,2021-09-03,21:30:00,1630684800,0.91373,0.914,0.91257,0.91397,1431,0,0
2021-09-03T20:00:00+00:00,2021-09-04,01:30:00,1630699200,0.91397,0.91439,0.91386,0.91392,251,0,0
2021-09-05T20:00:00+00:00,2021-09-06,01:30:00,1630872000,0.91309,0.91418,0.91309,0.91389,422,1,0
2021-09-06T00:00:00+00:00,2021-09-06,05:30:00,1630886400,0.91389,0.91501,0.91386,0.91488,941,0,0
2021-09-06T04:00:00+00:00,2021-09-06,09:30:00,1630900800,0.91489,0.91611,0.91455,0.91587,1467,0,0
2021-09-06T08:00:00+00:00,2021-09-06,13:30:00,1630915200,0.91585,0.91645,0.91501,0.916,2386,0,0
2021-09-06T12:00:00+00:00,2021-09-06,17:30:00,1630929600,0.91599,0.91685,0.91554,0.91573,2179,0,0
2021-09-06T16:00:00+00:00,2021-09-06,21:30:00,1630944000,0.91572,0.91572,0.91492,0.91533,475,0,0
2021-09-06T20:00:00+00:00,2021-09-07,01:30:00,1630958400,0.91527,0.9155,0.91472,0.91493,799,1,0
2021-09-07T00:00:00+00:00,2021-09-07,05:30:00,1630972800,0.91493,0.91501,0.91363,0.91401,1040,0,0
2021-09-07T04:00:00+00:00,2021-09-07,09:30:00,1630987200,0.91402,0.91557,0.91328,0.91369,2978,0,0
2021-09-07T08:00:00+00:00,2021-09-07,13:30:00,1631001600,0.91367,0.91558,0.91367,0.91505,4324,0,0
2021-09-07T12:00:00+00:00,2021-09-07,17:30:00,1631016000,0.91505,0.91888,0.91479,0.91795,5344,0,0
2021-09-07T16:00:00+00:00,2021-09-07,21:30:00,1631030400,0.91795,0.9199,0.91791,0.91975,2097,0,0
2021-09-07T20:00:00+00:00,2021-09-08,01:30:00,1631044800,0.91977,0.91981,0.91894,0.91948,563,0,0
2021-09-08T00:00:00+00:00,2021-09-08,05:30:00,1631059200,0.91949,0.91975,0.91899,0.91942,980,0,0
2021-09-08T04:00:00+00:00,2021-09-08,09:30:00,1631073600,0.91943,0.92059,0.91837,0.91919,2902,0,0
2021-09-08T08:00:00+00:00,2021-09-08,13:30:00,1631088000,0.91917,0.92123,0.91855,0.92122,4791,0,0
2021-09-08T12:00:00+00:00,2021-09-08,17:30:00,1631102400,0.92124,0.92347,0.92044,0.92193,6439,0,0
2021-09-08T16:00:00+00:00,2021-09-08,21:30:00,1631116800,0.92192,0.92236,0.92071,0.92206,2429,0,0
2021-09-08T20:00:00+00:00,2021-09-09,01:30:00,1631131200,0.92207,0.92213,0.9213,0.92188,616,0,0
2021-09-09T00:00:00+00:00,2021-09-09,05:30:00,1631145600,0.92189,0.92232,0.92013,0.9207,1067,0,0
2021-09-09T04:00:00+00:00,2021-09-09,09:30:00,1631160000,0.92069,0.92097,0.91938,0.91996,2431,0,0
2021-09-09T08:00:00+00:00,2021-09-09,13:30:00,1631174400,0.91995,0.92004,0.91714,0.91734,3988,0,0
2021-09-09T12:00:00+00:00,2021-09-09,17:30:00,1631188800,0.91733,0.91962,0.91668,0.9174,8178,0,0
2021-09-09T16:00:00+00:00,2021-09-09,21:30:00,1631203200,0.91741,0.91755,0.91611,0.91649,2119,0,0
2021-09-09T20:00:00+00:00,2021-09-10,01:30:00,1631217600,0.91649,0.91688,0.91634,0.91658,742,0,0
2021-09-10T00:00:00+00:00,2021-09-10,05:30:00,1631232000,0.91658,0.91699,0.91623,0.91666,1126,0,0
2021-09-10T04:00:00+00:00,2021-09-10,09:30:00,1631246400,0.91664,0.91711,0.91582,0.91601,1714,0,0
2021-09-10T08:00:00+00:00,2021-09-10,13:30:00,1631260800,0.916,0.91837,0.91502,0.91721,3320,0,0
2021-09-10T12:00:00+00:00,2021-09-10,17:30:00,1631275200,0.9172,0.91844,0.91645,0.91806,5045,0,0
2021-09-10T16:00:00+00:00,2021-09-10,21:30:00,1631289600,0.91807,0.91846,0.91742,0.9182,1932,0,0
2021-09-10T20:00:00+00:00,2021-09-11,01:30:00,1631304000,0.91819,0.91848,0.91802,0.91808,327,0,0
2021-09-12T20:00:00+00:00,2021-09-13,01:30:00,1631476800,0.91829,0.9186,0.91776,0.91824,2558,1,0
2021-09-13T00:00:00+00:00,2021-09-13,05:30:00,1631491200,0.91825,0.91906,0.91819,0.91857,675,0,0
2021-09-13T04:00:00+00:00,2021-09-13,09:30:00,1631505600,0.91855,0.92165,0.91849,0.92017,2002,0,0
2021-09-13T08:00:00+00:00,2021-09-13,13:30:00,1631520000,0.92016,0.9241,0.92016,0.92371,2902,0,0
2021-09-13T12:00:00+00:00,2021-09-13,17:30:00,1631534400,0.92371,0.92379,0.92046,0.92135,4186,0,0
2021-09-13T16:00:00+00:00,2021-09-13,21:30:00,1631548800,0.92134,0.92304,0.92123,0.92256,1380,0,0
2021-09-13T20:00:00+00:00,2021-09-14,01:30:00,1631563200,0.92257,0.92258,0.92143,0.92231,879,0,0
2021-09-14T00:00:00+00:00,2021-09-14,05:30:00,1631577600,0.92231,0.92281,0.9216,0.92186,998,0,0
2021-09-14T04:00:00+00:00,2021-09-14,09:30:00,1631592000,0.92186,0.92232,0.92063,0.9212,1854,0,0
2021-09-14T08:00:00+00:00,2021-09-14,13:30:00,1631606400,0.92119,0.92249,0.92119,0.92172,2311,0,0
2021-09-14T12:00:00+00:00,2021-09-14,17:30:00,1631620800,0.92171,0.92196,0.91826,0.91938,6739,0,0
2021-09-14T16:00:00+00:00,2021-09-14,21:30:00,1631635200,0.91936,0.92007,0.91813,0.91982,2046,0,0
2021-09-14T20:00:00+00:00,2021-09-15,01:30:00,1631649600,0.9198,0.92032,0.9193,0.92014,467,0,0
2021-09-15T00:00:00+00:00,2021-09-15,05:30:00,1631664000,0.92013,0.9204,0.91935,0.91949,952,0,0
2021-09-15T04:00:00+00:00,2021-09-15,09:30:00,1631678400,0.91949,0.92049,0.919,0.91914,1909,0,0
2021-09-15T08:00:00+00:00,2021-09-15,13:30:00,1631692800,0.91915,0.91937,0.91638,0.91738,3293,0,0
2021-09-15T12:00:00+00:00,2021-09-15,17:30:00,1631707200,0.91737,0.91995,0.91651,0.91962,5665,0,0
2021-09-15T16:00:00+00:00,2021-09-15,21:30:00,1631721600,0.91959,0.92054,0.91929,0.91964,1414,0,0
2021-09-15T20:00:00+00:00,2021-09-16,01:30:00,1631736000,0.91962,0.91989,0.91914,0.91975,648,0,0
2021-09-16T00:00:00+00:00,2021-09-16,05:30:00,1631750400,0.91975,0.92022,0.91942,0.91996,836,0,0
2021-09-16T04:00:00+00:00,2021-09-16,09:30:00,1631764800,0.91997,0.92247,0.91985,0.92214,2966,0,0
2021-09-16T08:00:00+00:00,2021-09-16,13:30:00,1631779200,0.92213,0.92518,0.92181,0.92487,3632,0,0
2021-09-16T12:00:00+00:00,2021-09-16,17:30:00,1631793600,0.92488,0.92717,0.92451,0.92509,6264,0,0
2021-09-16T16:00:00+00:00,2021-09-16,21:30:00,1631808000,0.92507,0.92701,0.92505,0.92685,1998,0,0
2021-09-16T20:00:00+00:00,2021-09-17,01:30:00,1631822400,0.92685,0.92782,0.92666,0.92739,560,0,0
2021-09-17T00:00:00+00:00,2021-09-17,05:30:00,1631836800,0.92741,0.92809,0.92672,0.92686,1124,0,0
2021-09-17T04:00:00+00:00,2021-09-17,09:30:00,1631851200,0.92688,0.92729,0.92597,0.9265,2081,0,0
2021-09-17T08:00:00+00:00,2021-09-17,13:30:00,1631865600,0.92647,0.92842,0.92619,0.92737,4107,0,0
2021-09-17T12:00:00+00:00,2021-09-17,17:30:00,1631880000,0.92735,0.93187,0.92732,0.93085,6192,0,0
2021-09-17T16:00:00+00:00,2021-09-17,21:30:00,1631894400,0.93085,0.93248,0.93074,0.93221,2027,0,0
2021-09-17T20:00:00+00:00,2021-09-18,01:30:00,1631908800,0.9322,0.93247,0.93201,0.9323,254,0,0
2021-09-19T20:00:00+00:00,2021-09-20,01:30:00,1632081600,0.93177,0.93257,0.93122,0.93209,391,0,0
2021-09-20T00:00:00+00:00,2021-09-20,05:30:00,1632096000,0.93208,0.9333,0.93208,0.93251,823,0,0
2021-09-20T04:00:00+00:00,2021-09-20,09:30:00,1632110400,0.93251,0.93327,0.93167,0.93199,2365,0,0
2021-09-20T08:00:00+00:00,2021-09-20,13:30:00,1632124800,0.932,0.933,0.93001,0.93001,4162,0,0
2021-09-20T12:00:00+00:00,2021-09-20,17:30:00,1632139200,0.93,0.93,0.9273,0.92779,5722,0,0
2021-09-20T16:00:00+00:00,2021-09-20,21:30:00,1632153600,0.92779,0.92808,0.92708,0.92767,2220,0,0
2021-09-20T20:00:00+00:00,2021-09-21,01:30:00,1632168000,0.92768,0.92818,0.92713,0.92774,924,0,0
2021-09-21T00:00:00+00:00,2021-09-21,05:30:00,1632182400,0.92774,0.92808,0.92653,0.92776,1169,0,0
2021-09-21T04:00:00+00:00,2021-09-21,09:30:00,1632196800,0.92774,0.92836,0.92647,0.92651,2638,0,0
2021-09-21T08:00:00+00:00,2021-09-21,13:30:00,1632211200,0.92651,0.9271,0.92376,0.92389,3824,0,0
2021-09-21T12:00:00+00:00,2021-09-21,17:30:00,1632225600,0.92388,0.9249,0.92254,0.92358,6661,0,0
2021-09-21T16:00:00+00:00,2021-09-21,21:30:00,1632240000,0.92358,0.92441,0.92308,0.92338,2110,0,0
2021-09-21T20:00:00+00:00,2021-09-22,01:30:00,1632254400,0.92339,0.92385,0.9228,0.92355,589,0,0
2021-09-22T00:00:00+00:00,2021-09-22,05:30:00,1632268800,0.92353,0.92482,0.92336,0.92472,1383,0,0
2021-09-22T04:00:00+00:00,2021-09-22,09:30:00,1632283200,0.92473,0.92503,0.92256,0.92289,2479,0,0
2021-09-22T08:00:00+00:00,2021-09-22,13:30:00,1632297600,0.92289,0.92374,0.92168,0.92232,2898,0,0
2021-09-22T12:00:00+00:00,2021-09-22,17:30:00,1632312000,0.9223,0.92331,0.92161,0.92237,4572,0,0
2021-09-22T16:00:00+00:00,2021-09-22,21:30:00,1632326400,0.92236,0.92729,0.92156,0.92592,15612,0,0
2021-09-22T20:00:00+00:00,2021-09-23,01:30:00,1632340800,0.92594,0.9265,0.92541,0.92643,908,0,0
2021-09-23T00:00:00+00:00,2021-09-23,05:30:00,1632355200,0.92641,0.92736,0.92603,0.92628,987,0,0
2021-09-23T04:00:00+00:00,2021-09-23,09:30:00,1632369600,0.92626,0.92652,0.92347,0.9256,3478,0,0
2021-09-23T08:00:00+00:00,2021-09-23,13:30:00,1632384000,0.92558,0.92571,0.9229,0.92506,5719,0,0
2021-09-23T12:00:00+00:00,2021-09-23,17:30:00,1632398400,0.92506,0.92509,0.92173,0.92426,6138,0,0
2021-09-23T16:00:00+00:00,2021-09-23,21:30:00,1632412800,0.92426,0.92486,0.92274,0.92426,1970,0,0
2021-09-23T20:00:00+00:00,2021-09-24,01:30:00,1632427200,0.92426,0.92526,0.92401,0.92473,755,0,0
2021-09-24T00:00:00+00:00,2021-09-24,05:30:00,1632441600,0.92474,0.92485,0.92404,0.92483,973,0,0
2021-09-24T04:00:00+00:00,2021-09-24,09:30:00,1632456000,0.92482,0.92608,0.92383,0.92425,2525,0,0
2021-09-24T08:00:00+00:00,2021-09-24,13:30:00,1632470400,0.92427,0.92463,0.92222,0.92451,3301,0,0
2021-09-24T12:00:00+00:00,2021-09-24,17:30:00,1632484800,0.92452,0.92577,0.92414,0.92468,4973,0,0
2021-09-24T16:00:00+00:00,2021-09-24,21:30:00,1632499200,0.92466,0.92531,0.92404,0.92515,2093,0,0
2021-09-24T20:00:00+00:00,2021-09-25,01:30:00,1632513600,0.92514,0.92533,0.92419,0.92439,315,0,0
2021-09-26T20:00:00+00:00,2021-09-27,01:30:00,1632686400,0.92439,0.92515,0.92424,0.92462,489,1,0
2021-09-27T00:00:00+00:00,2021-09-27,05:30:00,1632700800,0.92462,0.92559,0.92446,0.92548,1148,0,0
2021-09-27T04:00:00+00:00,2021-09-27,09:30:00,1632715200,0.92548,0.92862,0.92535,0.92862,3030,0,0
2021-09-27T08:00:00+00:00,2021-09-27,13:30:00,1632729600,0.92863,0.92911,0.92597,0.92822,5179,0,0
2021-09-27T12:00:00+00:00,2021-09-27,17:30:00,1632744000,0.9282,0.92861,0.92488,0.92569,7911,0,0
2021-09-27T16:00:00+00:00,2021-09-27,21:30:00,1632758400,0.92571,0.92616,0.92495,0.92563,2134,0,0
2021-09-27T20:00:00+00:00,2021-09-28,01:30:00,1632772800,0.92566,0.92603,0.92538,0.92572,401,0,0
2021-09-28T00:00:00+00:00,2021-09-28,05:30:00,1632787200,0.92573,0.92699,0.9257,0.92692,854,0,0
2021-09-28T04:00:00+00:00,2021-09-28,09:30:00,1632801600,0.92694,0.92947,0.92602,0.92823,3633,0,0
2021-09-28T08:00:00+00:00,2021-09-28,13:30:00,1632816000,0.92825,0.92889,0.9268,0.92735,5637,0,0
2021-09-28T12:00:00+00:00,2021-09-28,17:30:00,1632830400,0.92733,0.93018,0.92659,0.92828,8894,0,0
2021-09-28T16:00:00+00:00,2021-09-28,21:30:00,1632844800,0.92831,0.93008,0.92771,0.92915,2848,0,0
2021-09-28T20:00:00+00:00,2021-09-29,01:30:00,1632859200,0.92916,0.92958,0.92854,0.92921,547,0,0
2021-09-29T00:00:00+00:00,2021-09-29,05:30:00,1632873600,0.92921,0.92989,0.92806,0.92941,1295,0,0
2021-09-29T04:00:00+00:00,2021-09-29,09:30:00,1632888000,0.92942,0.93071,0.92854,0.92971,4391,0,0
2021-09-29T08:00:00+00:00,2021-09-29,13:30:00,1632902400,0.92973,0.92994,0.92802,0.92938,5469,0,0
2021-09-29T12:00:00+00:00,2021-09-29,17:30:00,1632916800,0.92938,0.93385,0.92882,0.93355,6897,0,0
2021-09-29T16:00:00+00:00,2021-09-29,21:30:00,1632931200,0.93359,0.93552,0.9333,0.93491,2787,0,0
2021-09-29T20:00:00+00:00,2021-09-30,01:30:00,1632945600,0.93492,0.93534,0.93403,0.93433,636,0,0
2021-09-30T00:00:00+00:00,2021-09-30,05:30:00,1632960000,0.9343,0.9345,0.93307,0.93347,1296,0,0
2021-09-30T04:00:00+00:00,2021-09-30,09:30:00,1632974400,0.93346,0.93504,0.93288,0.93371,3273,0,0
2021-09-30T08:00:00+00:00,2021-09-30,13:30:00,1632988800,0.93372,0.93684,0.93303,0.93547,4689,0,0
2021-09-30T12:00:00+00:00,2021-09-30,17:30:00,1633003200,0.93546,0.93563,0.93213,0.93389,9231,0,0
2021-09-30T16:00:00+00:00,2021-09-30,21:30:00,1633017600,0.9339,0.93467,0.93181,0.93183,3959,0,0
2021-09-30T20:00:00+00:00,2021-10-01,01:30:00,1633032000,0.93182,0.93265,0.93131,0.93261,795,0,0
2021-10-01T00:00:00+00:00,2021-10-01,05:30:00,1633046400,0.93259,0.93331,0.93145,0.93178,1200,0,0
2021-10-01T04:00:00+00:00,2021-10-01,09:30:00,1633060800,0.93177,0.93231,0.92997,0.93184,3978,0,0
2021-10-01T08:00:00+00:00,2021-10-01,13:30:00,1633075200,0.93183,0.93376,0.93039,0.93043,5020,0,0
2021-10-01T12:00:00+00:00,2021-10-01,17:30:00,1633089600,0.93044,0.93089,0.92815,0.92991,9314,0,0
2021-10-01T16:00:00+00:00,2021-10-01,21:30:00,1633104000,0.92989,0.93101,0.92943,0.93022,2257,0,0
2021-10-01T20:00:00+00:00,2021-10-02,01:30:00,1633118400,0.93022,0.93067,0.93001,0.93054,243,0,0
2021-10-03T20:00:00+00:00,2021-10-04,01:30:00,1633291200,0.92984,0.93027,0.92935,0.92963,555,0,0
2021-10-04T00:00:00+00:00,2021-10-04,05:30:00,1633305600,0.92964,0.9311,0.92908,0.93077,1020,0,0
2021-10-04T04:00:00+00:00,2021-10-04,09:30:00,1633320000,0.93079,0.93105,0.92961,0.93012,2692,0,0
2021-10-04T08:00:00+00:00,2021-10-04,13:30:00,1633334400,0.9301,0.93023,0.92598,0.92603,3719,0,0
2021-10-04T12:00:00+00:00,2021-10-04,17:30:00,1633348800,0.92603,0.92615,0.92305,0.92483,5731,0,0
2021-10-04T16:00:00+00:00,2021-10-04,21:30:00,1633363200,0.92484,0.92533,0.92421,0.92426,2000,0,0
2021-10-04T20:00:00+00:00,2021-10-05,01:30:00,1633377600,0.92428,0.92507,0.92396,0.92503,608,0,0
2021-10-05T00:00:00+00:00,2021-10-05,05:30:00,1633392000,0.92503,0.92645,0.92462,0.92634,1244,0,0
2021-10-05T04:00:00+00:00,2021-10-05,09:30:00,1633406400,0.92634,0.92706,0.92608,0.92646,2814,0,0
2021-10-05T08:00:00+00:00,2021-10-05,13:30:00,1633420800,0.92644,0.9275,0.9259,0.92676,3523,0,0
2021-10-05T12:00:00+00:00,2021-10-05,17:30:00,1633435200,0.92674,0.92882,0.92613,0.92713,5847,0,0
2021-10-05T16:00:00+00:00,2021-10-05,21:30:00,1633449600,0.92712,0.92832,0.92703,0.92823,1732,0,0
2021-10-05T20:00:00+00:00,2021-10-06,01:30:00,1633464000,0.92826,0.92847,0.92775,0.92844,420,0,0
2021-10-06T00:00:00+00:00,2021-10-06,05:30:00,1633478400,0.92845,0.92913,0.92839,0.9288,1046,0,0
2021-10-06T04:00:00+00:00,2021-10-06,09:30:00,1633492800,0.9288,0.93065,0.92879,0.93052,3587,0,0
2021-10-06T08:00:00+00:00,2021-10-06,13:30:00,1633507200,0.93051,0.93076,0.92876,0.92937,5406,0,0
2021-10-06T12:00:00+00:00,2021-10-06,17:30:00,1633521600,0.92934,0.92948,0.92719,0.92807,7658,0,0
2021-10-06T16:00:00+00:00,2021-10-06,21:30:00,1633536000,0.92809,0.92844,0.92715,0.92723,2537,0,0
2021-10-06T20:00:00+00:00,2021-10-07,01:30:00,1633550400,0.92723,0.92784,0.92713,0.92781,697,0,0
2021-10-07T00:00:00+00:00,2021-10-07,05:30:00,1633564800,0.92783,0.92842,0.92742,0.92758,1041,0,0
2021-10-07T04:00:00+00:00,2021-10-07,09:30:00,1633579200,0.92758,0.92835,0.92632,0.92689,2486,0,0
2021-10-07T08:00:00+00:00,2021-10-07,13:30:00,1633593600,0.92689,0.92756,0.9253,0.9261,3598,0,0
2021-10-07T12:00:00+00:00,2021-10-07,17:30:00,1633608000,0.92608,0.92801,0.92595,0.92801,5837,0,0
2021-10-07T16:00:00+00:00,2021-10-07,21:30:00,1633622400,0.928,0.92923,0.9276,0.92885,2202,0,0
2021-10-07T20:00:00+00:00,2021-10-08,01:30:00,1633636800,0.92886,0.92913,0.92814,0.9286,560,0,0
2021-10-08T00:00:00+00:00,2021-10-08,05:30:00,1633651200,0.9286,0.92945,0.9285,0.92943,1054,0,0
2021-10-08T04:00:00+00:00,2021-10-08,09:30:00,1633665600,0.92941,0.93048,0.92937,0.92984,2518,0,0
2021-10-08T08:00:00+00:00,2021-10-08,13:30:00,1633680000,0.92982,0.93057,0.92853,0.92886,2984,0,0
2021-10-08T12:00:00+00:00,2021-10-08,17:30:00,1633694400,0.92885,0.9291,0.92592,0.92716,10414,0,0
2021-10-08T16:00:00+00:00,2021-10-08,21:30:00,1633708800,0.92719,0.92796,0.9263,0.92704,2147,0,0
2021-10-08T20:00:00+00:00,2021-10-09,01:30:00,1633723200,0.92706,0.92744,0.92685,0.9272,332,0,0
2021-10-10T20:00:00+00:00,2021-10-11,01:30:00,1633896000,0.92698,0.92793,0.9268,0.92789,413,1,0
2021-10-11T00:00:00+00:00,2021-10-11,05:30:00,1633910400,0.92787,0.92878,0.92673,0.92845,1174,0,0
2021-10-11T04:00:00+00:00,2021-10-11,09:30:00,1633924800,0.92847,0.92859,0.92612,0.92656,2966,0,0
2021-10-11T08:00:00+00:00,2021-10-11,13:30:00,1633939200,0.92656,0.92822,0.92595,0.92653,3549,0,0
2021-10-11T12:00:00+00:00,2021-10-11,17:30:00,1633953600,0.92652,0.92737,0.92501,0.92679,4304,0,0
2021-10-11T16:00:00+00:00,2021-10-11,21:30:00,1633968000,0.92677,0.928,0.92677,0.92796,1400,0,0
2021-10-11T20:00:00+00:00,2021-10-12,01:30:00,1633982400,0.92796,0.928,0.92722,0.92762,418,0,0
2021-10-12T00:00:00+00:00,2021-10-12,05:30:00,1633996800,0.92759,0.92798,0.92736,0.92766,1068,0,0
2021-10-12T04:00:00+00:00,2021-10-12,09:30:00,1634011200,0.92768,0.92792,0.92569,0.92764,2568,0,0
2021-10-12T08:00:00+00:00,2021-10-12,13:30:00,1634025600,0.92766,0.92851,0.92692,0.92814,2978,0,0
2021-10-12T12:00:00+00:00,2021-10-12,17:30:00,1634040000,0.92815,0.93091,0.92795,0.93029,6065,0,0
2021-10-12T16:00:00+00:00,2021-10-12,21:30:00,1634054400,0.93029,0.93133,0.93002,0.93062,1961,0,0
2021-10-12T20:00:00+00:00,2021-10-13,01:30:00,1634068800,0.93063,0.93096,0.93016,0.93063,544,0,0
2021-10-13T00:00:00+00:00,2021-10-13,05:30:00,1634083200,0.93066,0.93078,0.9288,0.92942,1094,0,0
2021-10-13T04:00:00+00:00,2021-10-13,09:30:00,1634097600,0.92941,0.92985,0.92858,0.9293,2270,0,0
2021-10-13T08:00:00+00:00,2021-10-13,13:30:00,1634112000,0.9293,0.92934,0.92707,0.92731,3647,0,0
2021-10-13T12:00:00+00:00,2021-10-13,17:30:00,1634126400,0.92732,0.92986,0.9255,0.92602,8903,0,0
2021-10-13T16:00:00+00:00,2021-10-13,21:30:00,1634140800,0.92602,0.92624,0.92354,0.92372,3318,0,0
2021-10-13T20:00:00+00:00,2021-10-14,01:30:00,1634155200,0.92373,0.92419,0.92346,0.92414,527,0,0
2021-10-14T00:00:00+00:00,2021-10-14,05:30:00,1634169600,0.92414,0.92441,0.92328,0.92335,1194,0,0
2021-10-14T04:00:00+00:00,2021-10-14,09:30:00,1634184000,0.92335,0.9236,0.92045,0.92069,3195,0,0
2021-10-14T08:00:00+00:00,2021-10-14,13:30:00,1634198400,0.9207,0.92105,0.91945,0.92066,3332,0,0
2021-10-14T12:00:00+00:00,2021-10-14,17:30:00,1634212800,0.92066,0.92391,0.92035,0.92317,5359,0,0
2021-10-14T16:00:00+00:00,2021-10-14,21:30:00,1634227200,0.92319,0.9241,0.92278,0.9236,1856,0,0
2021-10-14T20:00:00+00:00,2021-10-15,01:30:00,1634241600,0.92361,0.92443,0.92283,0.9244,767,0,0
2021-10-15T00:00:00+00:00,2021-10-15,05:30:00,1634256000,0.92441,0.9246,0.9229,0.92299,905,0,0
2021-10-15T04:00:00+00:00,2021-10-15,09:30:00,1634270400,0.92298,0.92387,0.92257,0.9232,2877,0,0
2021-10-15T08:00:00+00:00,2021-10-15,13:30:00,1634284800,0.92321,0.92499,0.92251,0.92438,3845,0,0
2021-10-15T12:00:00+00:00,2021-10-15,17:30:00,1634299200,0.92439,0.92641,0.92248,0.92413,7254,0,0
2021-10-15T16:00:00+00:00,2021-10-15,21:30:00,1634313600,0.92415,0.92435,0.92219,0.92252,2085,0,0
2021-10-15T20:00:00+00:00,2021-10-16,01:30:00,1634328000,0.92251,0.9234,0.92247,0.92316,260,0,0
2021-10-17T20:00:00+00:00,2021-10-18,01:30:00,1634500800,0.92402,0.92419,0.92287,0.92358,754,1,0
2021-10-18T00:00:00+00:00,2021-10-18,05:30:00,1634515200,0.9236,0.92488,0.92342,0.92483,1393,0,0
2021-10-18T04:00:00+00:00,2021-10-18,09:30:00,1634529600,0.92482,0.9262,0.9247,0.92547,2678,0,0
2021-10-18T08:00:00+00:00,2021-10-18,13:30:00,1634544000,0.92546,0.92733,0.92424,0.92437,4217,0,0
2021-10-18T12:00:00+00:00,2021-10-18,17:30:00,1634558400,0.92436,0.92473,0.92269,0.92321,7209,0,0
2021-10-18T16:00:00+00:00,2021-10-18,21:30:00,1634572800,0.92318,0.92342,0.92234,0.92309,1717,0,0
2021-10-18T20:00:00+00:00,2021-10-19,01:30:00,1634587200,0.92311,0.92396,0.92311,0.92356,436,0,0
2021-10-19T00:00:00+00:00,2021-10-19,05:30:00,1634601600,0.92357,0.92359,0.92141,0.92156,1452,0,0
2021-10-19T04:00:00+00:00,2021-10-19,09:30:00,1634616000,0.92158,0.92161,0.91972,0.92049,3515,0,0
2021-10-19T08:00:00+00:00,2021-10-19,13:30:00,1634630400,0.92047,0.92085,0.91851,0.91923,4146,0,0
2021-10-19T12:00:00+00:00,2021-10-19,17:30:00,1634644800,0.91921,0.92296,0.9191,0.92286,5557,0,0
2021-10-19T16:00:00+00:00,2021-10-19,21:30:00,1634659200,0.92285,0.92326,0.92219,0.92285,1775,0,0
2021-10-19T20:00:00+00:00,2021-10-20,01:30:00,1634673600,0.92286,0.92319,0.92256,0.92312,492,0,0
2021-10-20T00:00:00+00:00,2021-10-20,05:30:00,1634688000,0.92308,0.92439,0.92295,0.92405,1617,0,0
2021-10-20T04:00:00+00:00,2021-10-20,09:30:00,1634702400,0.92404,0.92523,0.92347,0.9248,3234,0,0
2021-10-20T08:00:00+00:00,2021-10-20,13:30:00,1634716800,0.92482,0.92515,0.92263,0.92422,3294,0,0
2021-10-20T12:00:00+00:00,2021-10-20,17:30:00,1634731200,0.92421,0.92425,0.9193,0.91981,6407,0,0
2021-10-20T16:00:00+00:00,2021-10-20,21:30:00,1634745600,0.91981,0.92013,0.91864,0.91899,2663,0,0
2021-10-20T20:00:00+00:00,2021-10-21,01:30:00,1634760000,0.91898,0.91942,0.9186,0.91898,571,0,0
2021-10-21T00:00:00+00:00,2021-10-21,05:30:00,1634774400,0.91898,0.91949,0.91855,0.91858,1233,0,0
2021-10-21T04:00:00+00:00,2021-10-21,09:30:00,1634788800,0.91856,0.92048,0.91851,0.92037,3031,0,0
2021-10-21T08:00:00+00:00,2021-10-21,13:30:00,1634803200,0.92036,0.92062,0.91798,0.91815,3464,0,0
2021-10-21T12:00:00+00:00,2021-10-21,17:30:00,1634817600,0.91817,0.9189,0.91704,0.91742,6937,0,0
2021-10-21T16:00:00+00:00,2021-10-21,21:30:00,1634832000,0.9174,0.91897,0.91725,0.91837,2157,0,0
2021-10-21T20:00:00+00:00,2021-10-22,01:30:00,1634846400,0.91839,0.91861,0.91794,0.91815,529,0,0
2021-10-22T00:00:00+00:00,2021-10-22,05:30:00,1634860800,0.91816,0.91857,0.91758,0.91785,1323,0,0
2021-10-22T04:00:00+00:00,2021-10-22,09:30:00,1634875200,0.91786,0.91824,0.91695,0.91702,2620,0,0
2021-10-22T08:00:00+00:00,2021-10-22,13:30:00,1634889600,0.91703,0.91757,0.91626,0.91738,3190,0,0
2021-10-22T12:00:00+00:00,2021-10-22,17:30:00,1634904000,0.91741,0.91777,0.91511,0.91658,7667,0,0
2021-10-22T16:00:00+00:00,2021-10-22,21:30:00,1634918400,0.91656,0.91749,0.91593,0.91593,3090,0,0
2021-10-22T20:00:00+00:00,2021-10-23,01:30:00,1634932800,0.91593,0.91636,0.9159,0.9161,203,0,0
2021-10-24T20:00:00+00:00,2021-10-25,01:30:00,1635105600,0.91642,0.91693,0.9159,0.91668,481,1,0
2021-10-25T00:00:00+00:00,2021-10-25,05:30:00,1635120000,0.91668,0.91717,0.91505,0.9151,1746,0,0
2021-10-25T04:00:00+00:00,2021-10-25,09:30:00,1635134400,0.91512,0.91793,0.91501,0.9166,2953,0,0
2021-10-25T08:00:00+00:00,2021-10-25,13:30:00,1635148800,0.91658,0.91979,0.91632,0.91905,4671,0,0
2021-10-25T12:00:00+00:00,2021-10-25,17:30:00,1635163200,0.91907,0.92025,0.91773,0.91926,5960,0,0
2021-10-25T16:00:00+00:00,2021-10-25,21:30:00,1635177600,0.91927,0.91995,0.91902,0.91971,1622,0,0
2021-10-25T20:00:00+00:00,2021-10-26,01:30:00,1635192000,0.91971,0.92006,0.91884,0.91994,406,0,0
2021-10-26T00:00:00+00:00,2021-10-26,05:30:00,1635206400,0.91995,0.92092,0.91984,0.92066,1056,0,0
2021-10-26T04:00:00+00:00,2021-10-26,09:30:00,1635220800,0.92066,0.92263,0.9201,0.92239,2443,0,0
2021-10-26T08:00:00+00:00,2021-10-26,13:30:00,1635235200,0.92236,0.92255,0.91871,0.91941,4177,0,0
2021-10-26T12:00:00+00:00,2021-10-26,17:30:00,1635249600,0.9194,0.92096,0.91899,0.92039,6223,0,0
2021-10-26T16:00:00+00:00,2021-10-26,21:30:00,1635264000,0.92039,0.92069,0.9195,0.91968,1725,0,0
2021-10-26T20:00:00+00:00,2021-10-27,01:30:00,1635278400,0.91968,0.92014,0.91946,0.91977,414,0,0
2021-10-27T00:00:00+00:00,2021-10-27,05:30:00,1635292800,0.91978,0.91995,0.91916,0.91941,1120,0,0
2021-10-27T04:00:00+00:00,2021-10-27,09:30:00,1635307200,0.91942,0.91996,0.9172,0.91799,2753,0,0
2021-10-27T08:00:00+00:00,2021-10-27,13:30:00,1635321600,0.918,0.92038,0.91741,0.91911,5103,0,0
2021-10-27T12:00:00+00:00,2021-10-27,17:30:00,1635336000,0.91914,0.91925,0.91645,0.91827,8253,0,0
2021-10-27T16:00:00+00:00,2021-10-27,21:30:00,1635350400,0.91827,0.91839,0.91676,0.91815,2940,0,0
2021-10-27T20:00:00+00:00,2021-10-28,01:30:00,1635364800,0.91816,0.9183,0.91698,0.91819,608,0,0
2021-10-28T00:00:00+00:00,2021-10-28,05:30:00,1635379200,0.91818,0.91899,0.91737,0.91844,1711,0,0
2021-10-28T04:00:00+00:00,2021-10-28,09:30:00,1635393600,0.91845,0.91898,0.91666,0.91724,3467,0,0
2021-10-28T08:00:00+00:00,2021-10-28,13:30:00,1635408000,0.91723,0.91941,0.91675,0.91873,5913,0,0
2021-10-28T12:00:00+00:00,2021-10-28,17:30:00,1635422400,0.91875,0.91948,0.91179,0.91235,12394,0,0
2021-10-28T16:00:00+00:00,2021-10-28,21:30:00,1635436800,0.91237,0.91287,0.91153,0.91207,3259,0,0
2021-10-28T20:00:00+00:00,2021-10-29,01:30:00,1635451200,0.91209,0.91228,0.91132,0.91175,774,0,0
2021-10-29T00:00:00+00:00,2021-10-29,05:30:00,1635465600,0.91174,0.91194,0.91082,0.91168,1710,0,0
2021-10-29T04:00:00+00:00,2021-10-29,09:30:00,1635480000,0.91169,0.91237,0.91025,0.91082,2741,0,0
2021-10-29T08:00:00+00:00,2021-10-29,13:30:00,1635494400,0.91081,0.91248,0.9106,0.91115,4160,0,0
2021-10-29T12:00:00+00:00,2021-10-29,17:30:00,1635508800,0.91117,0.91762,0.91092,0.91683,10494,0,0
2021-10-29T16:00:00+00:00,2021-10-29,21:30:00,1635523200,0.91684,0.91758,0.91505,0.91572,3381,0,0
2021-10-29T20:00:00+00:00,2021-10-30,01:30:00,1635537600,0.91573,0.9158,0.91503,0.91539,376,0,0
2021-10-31T20:00:00+00:00,2021-11-01,01:30:00,1635710400,0.91566,0.91635,0.91553,0.91619,452,1,0
2021-11-01T00:00:00+00:00,2021-11-01,05:30:00,1635724800,0.91619,0.91678,0.91576,0.91674,1481,0,0
2021-11-01T04:00:00+00:00,2021-11-01,09:30:00,1635739200,0.91675,0.91715,0.91595,0.91645,2600,0,0
2021-11-01T08:00:00+00:00,2021-11-01,13:30:00,1635753600,0.91644,0.91672,0.91282,0.91318,4397,0,0
2021-11-01T12:00:00+00:00,2021-11-01,17:30:00,1635768000,0.9132,0.91337,0.91046,0.91057,5326,0,0
2021-11-01T16:00:00+00:00,2021-11-01,21:30:00,1635782400,0.91058,0.91182,0.90908,0.90911,2746,0,0
2021-11-01T20:00:00+00:00,2021-11-02,01:30:00,1635796800,0.90913,0.90949,0.90866,0.9094,930,0,0
2021-11-02T00:00:00+00:00,2021-11-02,05:30:00,1635811200,0.9094,0.91089,0.90926,0.90996,1313,0,0
2021-11-02T04:00:00+00:00,2021-11-02,09:30:00,1635825600,0.90997,0.91027,0.90904,0.91005,2185,0,0
2021-11-02T08:00:00+00:00,2021-11-02,13:30:00,1635840000,0.91004,0.9131,0.9098,0.91256,4300,0,0
2021-11-02T12:00:00+00:00,2021-11-02,17:30:00,1635854400,0.91258,0.91505,0.91247,0.91464,5628,0,0
2021-11-02T16:00:00+00:00,2021-11-02,21:30:00,1635868800,0.91462,0.91501,0.91385,0.91419,2492,0,0
2021-11-02T20:00:00+00:00,2021-11-03,01:30:00,1635883200,0.91417,0.91491,0.91417,0.91485,463,0,0
2021-11-03T00:00:00+00:00,2021-11-03,05:30:00,1635897600,0.91484,0.9151,0.91358,0.91374,890,0,0
2021-11-03T04:00:00+00:00,2021-11-03,09:30:00,1635912000,0.91374,0.91454,0.91353,0.91406,1132,0,0
2021-11-03T08:00:00+00:00,2021-11-03,13:30:00,1635926400,0.91403,0.91422,0.91056,0.9114,3636,0,0
2021-11-03T12:00:00+00:00,2021-11-03,17:30:00,1635940800,0.91138,0.91383,0.91096,0.91208,6609,0,0
2021-11-03T16:00:00+00:00,2021-11-03,21:30:00,1635955200,0.91209,0.91411,0.91047,0.91151,13374,0,0
2021-11-03T20:00:00+00:00,2021-11-04,01:30:00,1635969600,0.91153,0.91194,0.91126,0.91135,1143,0,0
2021-11-04T00:00:00+00:00,2021-11-04,05:30:00,1635984000,0.91135,0.91251,0.91116,0.91243,1202,0,0
2021-11-04T04:00:00+00:00,2021-11-04,09:30:00,1635998400,0.91244,0.91404,0.91196,0.91388,1957,0,0
2021-11-04T08:00:00+00:00,2021-11-04,13:30:00,1636012800,0.91385,0.91436,0.91229,0.91347,5142,0,0
2021-11-04T12:00:00+00:00,2021-11-04,17:30:00,1636027200,0.91348,0.9145,0.91193,0.91286,8561,0,0
2021-11-04T16:00:00+00:00,2021-11-04,21:30:00,1636041600,0.91286,0.91349,0.91216,0.91226,3271,0,0
2021-11-04T20:00:00+00:00,2021-11-05,01:30:00,1636056000,0.91226,0.91289,0.9121,0.91266,520,0,0
2021-11-05T00:00:00+00:00,2021-11-05,05:30:00,1636070400,0.91266,0.91353,0.91206,0.91308,1610,0,0
2021-11-05T04:00:00+00:00,2021-11-05,09:30:00,1636084800,0.91306,0.91351,0.91221,0.91349,1392,0,0
2021-11-05T08:00:00+00:00,2021-11-05,13:30:00,1636099200,0.91347,0.91723,0.91272,0.91662,4292,0,0
2021-11-05T12:00:00+00:00,2021-11-05,17:30:00,1636113600,0.91662,0.91755,0.91304,0.91339,10926,0,0
2021-11-05T16:00:00+00:00,2021-11-05,21:30:00,1636128000,0.91341,0.91364,0.91125,0.91194,3142,0,0
2021-11-05T20:00:00+00:00,2021-11-06,01:30:00,1636142400,0.91194,0.91227,0.91192,0.9122,299,0,0
2021-11-07T20:00:00+00:00,2021-11-08,01:30:00,1636315200,0.91258,0.91258,0.91196,0.91201,424,1,0
2021-11-08T00:00:00+00:00,2021-11-08,05:30:00,1636329600,0.91199,0.91386,0.91199,0.91344,1101,0,0
2021-11-08T04:00:00+00:00,2021-11-08,09:30:00,1636344000,0.91343,0.91455,0.91289,0.9142,1678,0,0
2021-11-08T08:00:00+00:00,2021-11-08,13:30:00,1636358400,0.91418,0.91569,0.91345,0.91513,4164,0,0
2021-11-08T12:00:00+00:00,2021-11-08,17:30:00,1636372800,0.91514,0.91581,0.91317,0.91343,5580,0,0
2021-11-08T16:00:00+00:00,2021-11-08,21:30:00,1636387200,0.91341,0.91397,0.91291,0.91328,2332,0,0
2021-11-08T20:00:00+00:00,2021-11-09,01:30:00,1636401600,0.91328,0.91383,0.91299,0.91344,1008,0,0
2021-11-09T00:00:00+00:00,2021-11-09,05:30:00,1636416000,0.91345,0.91399,0.91222,0.9124,1612,0,0
2021-11-09T04:00:00+00:00,2021-11-09,09:30:00,1636430400,0.91238,0.91338,0.91171,0.91273,1986,0,0
2021-11-09T08:00:00+00:00,2021-11-09,13:30:00,1636444800,0.91271,0.915,0.91213,0.91488,4572,0,0
2021-11-09T12:00:00+00:00,2021-11-09,17:30:00,1636459200,0.91486,0.91541,0.91199,0.91309,7556,0,0
2021-11-09T16:00:00+00:00,2021-11-09,21:30:00,1636473600,0.9131,0.91408,0.91034,0.91048,3879,0,0
2021-11-09T20:00:00+00:00,2021-11-10,01:30:00,1636488000,0.91045,0.91137,0.91018,0.91105,949,0,0
2021-11-10T00:00:00+00:00,2021-11-10,05:30:00,1636502400,0.91103,0.91189,0.91088,0.91181,1210,0,0
2021-11-10T04:00:00+00:00,2021-11-10,09:30:00,1636516800,0.91179,0.9138,0.91178,0.91293,1818,0,0
2021-11-10T08:00:00+00:00,2021-11-10,13:30:00,1636531200,0.91295,0.91452,0.91163,0.91407,5243,0,0
2021-11-10T12:00:00+00:00,2021-11-10,17:30:00,1636545600,0.91407,0.91688,0.91189,0.91631,11479,0,0
2021-11-10T16:00:00+00:00,2021-11-10,21:30:00,1636560000,0.91632,0.91862,0.91491,0.91784,7113,0,0
2021-11-10T20:00:00+00:00,2021-11-11,01:30:00,1636574400,0.91785,0.91862,0.9175,0.91797,1527,0,0
2021-11-11T00:00:00+00:00,2021-11-11,05:30:00,1636588800,0.918,0.919,0.91798,0.91841,1399,0,0
2021-11-11T04:00:00+00:00,2021-11-11,09:30:00,1636603200,0.91842,0.91975,0.91791,0.91975,1743,0,0
2021-11-11T08:00:00+00:00,2021-11-11,13:30:00,1636617600,0.91976,0.92122,0.91822,0.92058,6034,0,0
2021-11-11T12:00:00+00:00,2021-11-11,17:30:00,1636632000,0.92058,0.92247,0.92005,0.9205,5962,0,0
2021-11-11T16:00:00+00:00,2021-11-11,21:30:00,1636646400,0.92052,0.92201,0.92003,0.92199,2631,0,0
2021-11-11T20:00:00+00:00,2021-11-12,01:30:00,1636660800,0.92198,0.92198,0.92048,0.92129,1118,0,0
2021-11-12T00:00:00+00:00,2021-11-12,05:30:00,1636675200,0.92127,0.92295,0.92127,0.9226,951,0,0
2021-11-12T04:00:00+00:00,2021-11-12,09:30:00,1636689600,0.92259,0.9226,0.92121,0.92133,1604,0,0
2021-11-12T08:00:00+00:00,2021-11-12,13:30:00,1636704000,0.92135,0.9235,0.92092,0.92292,4332,0,0
2021-11-12T12:00:00+00:00,2021-11-12,17:30:00,1636718400,0.92293,0.92378,0.92064,0.92162,6907,0,0
2021-11-12T16:00:00+00:00,2021-11-12,21:30:00,1636732800,0.92164,0.92174,0.92024,0.92083,3597,0,0
2021-11-12T20:00:00+00:00,2021-11-13,01:30:00,1636747200,0.92085,0.92135,0.92061,0.92117,592,0,0
2021-11-14T20:00:00+00:00,2021-11-15,01:30:00,1636920000,0.92091,0.92133,0.92069,0.92118,229,1,0
2021-11-15T00:00:00+00:00,2021-11-15,05:30:00,1636934400,0.92116,0.92136,0.91873,0.91932,1126,0,0
2021-11-15T04:00:00+00:00,2021-11-15,09:30:00,1636948800,0.91932,0.92031,0.9192,0.92007,1500,0,0
2021-11-15T08:00:00+00:00,2021-11-15,13:30:00,1636963200,0.92005,0.92135,0.91938,0.91993,4766,0,0
2021-11-15T12:00:00+00:00,2021-11-15,17:30:00,1636977600,0.91994,0.92246,0.91979,0.92213,6126,0,0
2021-11-15T16:00:00+00:00,2021-11-15,21:30:00,1636992000,0.92214,0.92471,0.92102,0.92469,4485,0,0
2021-11-15T20:00:00+00:00,2021-11-16,01:30:00,1637006400,0.92468,0.92581,0.92429,0.92533,1564,0,0
2021-11-16T00:00:00+00:00,2021-11-16,05:30:00,1637020800,0.92531,0.92536,0.92373,0.92393,1414,0,0
2021-11-16T04:00:00+00:00,2021-11-16,09:30:00,1637035200,0.9239,0.92597,0.92376,0.92554,1678,0,0
2021-11-16T08:00:00+00:00,2021-11-16,13:30:00,1637049600,0.92553,0.92874,0.92506,0.9276,4964,0,0
2021-11-16T12:00:00+00:00,2021-11-16,17:30:00,1637064000,0.92761,0.92948,0.92583,0.92854,8737,0,0
2021-11-16T16:00:00+00:00,2021-11-16,21:30:00,1637078400,0.92855,0.93104,0.92788,0.93102,3994,0,0
2021-11-16T20:00:00+00:00,2021-11-17,01:30:00,1637092800,0.93101,0.93118,0.9297,0.9304,1750,0,0
2021-11-17T00:00:00+00:00,2021-11-17,05:30:00,1637107200,0.93039,0.93296,0.93,0.93198,1684,0,0
2021-11-17T04:00:00+00:00,2021-11-17,09:30:00,1637121600,0.93195,0.93242,0.93068,0.9313,2812,0,0
2021-11-17T08:00:00+00:00,2021-11-17,13:30:00,1637136000,0.93131,0.93219,0.93032,0.93039,5064,0,0
2021-11-17T12:00:00+00:00,2021-11-17,17:30:00,1637150400,0.93038,0.93201,0.92948,0.9296,6337,0,0
2021-11-17T16:00:00+00:00,2021-11-17,21:30:00,1637164800,0.92962,0.93027,0.92761,0.92853,4495,0,0
2021-11-17T20:00:00+00:00,2021-11-18,01:30:00,1637179200,0.92854,0.92894,0.9278,0.92859,1370,0,0
2021-11-18T00:00:00+00:00,2021-11-18,05:30:00,1637193600,0.92861,0.92869,0.92699,0.92776,1556,0,0
2021-11-18T04:00:00+00:00,2021-11-18,09:30:00,1637208000,0.92775,0.9292,0.92681,0.9275,2419,0,0
2021-11-18T08:00:00+00:00,2021-11-18,13:30:00,1637222400,0.9275,0.92881,0.92643,0.92663,6671,0,0
2021-11-18T12:00:00+00:00,2021-11-18,17:30:00,1637236800,0.92662,0.92799,0.92543,0.92618,7979,0,0
2021-11-18T16:00:00+00:00,2021-11-18,21:30:00,1637251200,0.92618,0.92681,0.92511,0.92562,3362,0,0
2021-11-18T20:00:00+00:00,2021-11-19,01:30:00,1637265600,0.92561,0.92594,0.92529,0.92582,1051,0,0
2021-11-19T00:00:00+00:00,2021-11-19,05:30:00,1637280000,0.92583,0.92705,0.9257,0.92662,1162,0,0
2021-11-19T04:00:00+00:00,2021-11-19,09:30:00,1637294400,0.92663,0.92726,0.92562,0.92692,1641,0,0
2021-11-19T08:00:00+00:00,2021-11-19,13:30:00,1637308800,0.9269,0.9286,0.92502,0.92672,10767,0,0
2021-11-19T12:00:00+00:00,2021-11-19,17:30:00,1637323200,0.92671,0.92903,0.92554,0.92665,10827,0,0
2021-11-19T16:00:00+00:00,2021-11-19,21:30:00,1637337600,0.92667,0.92896,0.92594,0.92852,4843,0,0
2021-11-19T20:00:00+00:00,2021-11-20,01:30:00,1637352000,0.92854,0.92902,0.9283,0.92871,844,0,0
2021-11-21T20:00:00+00:00,2021-11-22,01:30:00,1637524800,0.92823,0.92957,0.92817,0.92936,1119,1,0
2021-11-22T00:00:00+00:00,2021-11-22,05:30:00,1637539200,0.92933,0.93016,0.92842,0.9291,1966,0,0
2021-11-22T04:00:00+00:00,2021-11-22,09:30:00,1637553600,0.92911,0.9304,0.92872,0.92956,2317,0,0
2021-11-22T08:00:00+00:00,2021-11-22,13:30:00,1637568000,0.92957,0.92982,0.92746,0.92746,5911,0,0
2021-11-22T12:00:00+00:00,2021-11-22,17:30:00,1637582400,0.92747,0.93174,0.9267,0.93166,9342,0,0
2021-11-22T16:00:00+00:00,2021-11-22,21:30:00,1637596800,0.93166,0.93333,0.92988,0.93332,3670,0,0
2021-11-22T20:00:00+00:00,2021-11-23,01:30:00,1637611200,0.93332,0.93347,0.93199,0.93266,1426,0,0
2021-11-23T00:00:00+00:00,2021-11-23,05:30:00,1637625600,0.93264,0.93352,0.93201,0.93266,1040,0,0
2021-11-23T04:00:00+00:00,2021-11-23,09:30:00,1637640000,0.93265,0.93314,0.93013,0.93085,3779,0,0
2021-11-23T08:00:00+00:00,2021-11-23,13:30:00,1637654400,0.93087,0.93316,0.9303,0.93294,9387,0,0
2021-11-23T12:00:00+00:00,2021-11-23,17:30:00,1637668800,0.93296,0.93444,0.93176,0.93237,8560,0,0
2021-11-23T16:00:00+00:00,2021-11-23,21:30:00,1637683200,0.93234,0.93375,0.93211,0.93337,3864,0,0
2021-11-23T20:00:00+00:00,2021-11-24,01:30:00,1637697600,0.93335,0.93373,0.93256,0.93347,1209,0,0
2021-11-24T00:00:00+00:00,2021-11-24,05:30:00,1637712000,0.93346,0.93451,0.93337,0.93418,1182,0,0
2021-11-24T04:00:00+00:00,2021-11-24,09:30:00,1637726400,0.93418,0.93423,0.93284,0.93328,2215,0,0
2021-11-24T08:00:00+00:00,2021-11-24,13:30:00,1637740800,0.9333,0.93669,0.9329,0.93603,6556,0,0
2021-11-24T12:00:00+00:00,2021-11-24,17:30:00,1637755200,0.93604,0.93736,0.93481,0.93618,11444,0,0
2021-11-24T16:00:00+00:00,2021-11-24,21:30:00,1637769600,0.93618,0.93662,0.93403,0.93419,3964,0,0
2021-11-24T20:00:00+00:00,2021-11-25,01:30:00,1637784000,0.9342,0.93448,0.93338,0.9341,937,0,0
2021-11-25T00:00:00+00:00,2021-11-25,05:30:00,1637798400,0.93409,0.93417,0.93366,0.93375,772,0,0
2021-11-25T04:00:00+00:00,2021-11-25,09:30:00,1637812800,0.93376,0.93391,0.93244,0.93316,1133,0,0
2021-11-25T08:00:00+00:00,2021-11-25,13:30:00,1637827200,0.93317,0.93445,0.93271,0.93437,4432,0,0
2021-11-25T12:00:00+00:00,2021-11-25,17:30:00,1637841600,0.93437,0.936,0.9335,0.93579,3629,0,0
2021-11-25T16:00:00+00:00,2021-11-25,21:30:00,1637856000,0.93578,0.93616,0.9354,0.93567,2116,0,0
2021-11-25T20:00:00+00:00,2021-11-26,01:30:00,1637870400,0.93569,0.93591,0.93498,0.93534,1923,0,0
2021-11-26T00:00:00+00:00,2021-11-26,05:30:00,1637884800,0.93535,0.93551,0.93301,0.93331,2194,0,0
2021-11-26T04:00:00+00:00,2021-11-26,09:30:00,1637899200,0.93329,0.93334,0.92911,0.9296,4837,0,0
2021-11-26T08:00:00+00:00,2021-11-26,13:30:00,1637913600,0.9296,0.92964,0.92471,0.92579,15263,0,0
2021-11-26T12:00:00+00:00,2021-11-26,17:30:00,1637928000,0.9258,0.92668,0.9219,0.92254,11311,0,0
2021-11-26T16:00:00+00:00,2021-11-26,21:30:00,1637942400,0.92255,0.9242,0.92151,0.92158,7484,0,0
2021-11-26T20:00:00+00:00,2021-11-27,01:30:00,1637956800,0.92161,0.92392,0.92137,0.92329,1594,35,0
2021-11-28T20:00:00+00:00,2021-11-29,01:30:00,1638129600,0.92356,0.92538,0.92274,0.9244,1080,1,0
2021-11-29T00:00:00+00:00,2021-11-29,05:30:00,1638144000,0.92442,0.92635,0.92428,0.92554,2853,0,0
2021-11-29T04:00:00+00:00,2021-11-29,09:30:00,1638158400,0.92553,0.9273,0.92465,0.92708,4068,0,0
2021-11-29T08:00:00+00:00,2021-11-29,13:30:00,1638172800,0.92706,0.92711,0.92341,0.92379,7648,0,0
2021-11-29T12:00:00+00:00,2021-11-29,17:30:00,1638187200,0.92379,0.92641,0.92377,0.92517,7691,0,0
2021-11-29T16:00:00+00:00,2021-11-29,21:30:00,1638201600,0.92518,0.92537,0.92406,0.92479,3364,0,0
2021-11-29T20:00:00+00:00,2021-11-30,01:30:00,1638216000,0.92477,0.92479,0.92251,0.92294,1313,0,0
2021-11-30T00:00:00+00:00,2021-11-30,05:30:00,1638230400,0.92293,0.92354,0.92204,0.92251,1416,0,0
2021-11-30T04:00:00+00:00,2021-11-30,09:30:00,1638244800,0.92252,0.92275,0.92034,0.92069,6111,0,0
2021-11-30T08:00:00+00:00,2021-11-30,13:30:00,1638259200,0.92069,0.92112,0.91718,0.91878,8043,0,0
2021-11-30T12:00:00+00:00,2021-11-30,17:30:00,1638273600,0.91878,0.92595,0.91576,0.92486,12077,0,0
2021-11-30T16:00:00+00:00,2021-11-30,21:30:00,1638288000,0.92485,0.92667,0.91852,0.91854,10166,0,0
2021-11-30T20:00:00+00:00,2021-12-01,01:30:00,1638302400,0.91853,0.91956,0.91797,0.91956,2161,0,0
2021-12-01T00:00:00+00:00,2021-12-01,05:30:00,1638316800,0.91953,0.92179,0.91902,0.92063,2561,0,0
2021-12-01T04:00:00+00:00,2021-12-01,09:30:00,1638331200,0.92064,0.92093,0.91896,0.9192,3422,0,0
2021-12-01T08:00:00+00:00,2021-12-01,13:30:00,1638345600,0.91919,0.92127,0.9173,0.9204,7973,0,0
2021-12-01T12:00:00+00:00,2021-12-01,17:30:00,1638360000,0.9204,0.92179,0.91694,0.91968,7846,0,0
2021-12-01T16:00:00+00:00,2021-12-01,21:30:00,1638374400,0.91968,0.92066,0.91867,0.92033,5318,0,0
2021-12-01T20:00:00+00:00,2021-12-02,01:30:00,1638388800,0.92032,0.92097,0.91942,0.92064,1852,0,0
2021-12-02T00:00:00+00:00,2021-12-02,05:30:00,1638403200,0.92065,0.92085,0.91883,0.91961,1415,0,0
2021-12-02T04:00:00+00:00,2021-12-02,09:30:00,1638417600,0.9196,0.92199,0.91941,0.92191,2183,0,0
2021-12-02T08:00:00+00:00,2021-12-02,13:30:00,1638432000,0.9219,0.92218,0.9187,0.91921,5751,0,0
2021-12-02T12:00:00+00:00,2021-12-02,17:30:00,1638446400,0.91919,0.91976,0.91783,0.91934,7940,0,0
2021-12-02T16:00:00+00:00,2021-12-02,21:30:00,1638460800,0.91933,0.92123,0.91912,0.92088,4306,0,0
2021-12-02T20:00:00+00:00,2021-12-03,01:30:00,1638475200,0.92089,0.92091,0.91929,0.91985,1344,0,0
2021-12-03T00:00:00+00:00,2021-12-03,05:30:00,1638489600,0.91983,0.92066,0.91973,0.92065,1228,0,0
2021-12-03T04:00:00+00:00,2021-12-03,09:30:00,1638504000,0.92066,0.92177,0.92026,0.92129,1800,0,0
2021-12-03T08:00:00+00:00,2021-12-03,13:30:00,1638518400,0.92128,0.92176,0.91889,0.91956,4325,0,0
2021-12-03T12:00:00+00:00,2021-12-03,17:30:00,1638532800,0.91956,0.92114,0.91696,0.92015,13395,0,0
2021-12-03T16:00:00+00:00,2021-12-03,21:30:00,1638547200,0.92018,0.92032,0.91658,0.91761,5973,0,0
2021-12-03T20:00:00+00:00,2021-12-04,01:30:00,1638561600,0.91763,0.91858,0.91734,0.91783,1248,0,0
2021-12-05T20:00:00+00:00,2021-12-06,01:30:00,1638734400,0.9176,0.91875,0.91756,0.91854,484,1,0
2021-12-06T00:00:00+00:00,2021-12-06,05:30:00,1638748800,0.91856,0.9206,0.9185,0.92033,1583,0,0
2021-12-06T04:00:00+00:00,2021-12-06,09:30:00,1638763200,0.92031,0.92212,0.92024,0.92171,1714,0,0
2021-12-06T08:00:00+00:00,2021-12-06,13:30:00,1638777600,0.9217,0.92275,0.92074,0.92245,5127,0,0
2021-12-06T12:00:00+00:00,2021-12-06,17:30:00,1638792000,0.92243,0.9262,0.92136,0.92583,7303,0,0
2021-12-06T16:00:00+00:00,2021-12-06,21:30:00,1638806400,0.92583,0.9269,0.92489,0.92604,3604,0,0
2021-12-06T20:00:00+00:00,2021-12-07,01:30:00,1638820800,0.92605,0.92613,0.92511,0.92558,1037,0,0
2021-12-07T00:00:00+00:00,2021-12-07,05:30:00,1638835200,0.92561,0.92575,0.92402,0.92421,1014,0,0
2021-12-07T04:00:00+00:00,2021-12-07,09:30:00,1638849600,0.9242,0.92524,0.92363,0.9243,2169,0,0
2021-12-07T08:00:00+00:00,2021-12-07,13:30:00,1638864000,0.92428,0.92539,0.9231,0.92497,6243,0,0
2021-12-07T12:00:00+00:00,2021-12-07,17:30:00,1638878400,0.92497,0.92752,0.92482,0.92628,7236,0,0
2021-12-07T16:00:00+00:00,2021-12-07,21:30:00,1638892800,0.92629,0.927,0.92462,0.92482,3063,0,0
2021-12-07T20:00:00+00:00,2021-12-08,01:30:00,1638907200,0.92483,0.92512,0.92415,0.92454,1035,0,0
2021-12-08T00:00:00+00:00,2021-12-08,05:30:00,1638921600,0.92452,0.92457,0.92346,0.92352,1103,0,0
2021-12-08T04:00:00+00:00,2021-12-08,09:30:00,1638936000,0.92354,0.92425,0.92299,0.9242,1452,0,0
2021-12-08T08:00:00+00:00,2021-12-08,13:30:00,1638950400,0.92421,0.92525,0.92279,0.92436,7379,0,0
2021-12-08T12:00:00+00:00,2021-12-08,17:30:00,1638964800,0.92438,0.92517,0.92208,0.92248,9257,0,0
2021-12-08T16:00:00+00:00,2021-12-08,21:30:00,1638979200,0.92245,0.92257,0.91987,0.91988,2928,0,0
2021-12-08T20:00:00+00:00,2021-12-09,01:30:00,1638993600,0.91989,0.92065,0.91954,0.92021,1074,0,0
2021-12-09T00:00:00+00:00,2021-12-09,05:30:00,1639008000,0.92022,0.92147,0.92005,0.92075,953,0,0
2021-12-09T04:00:00+00:00,2021-12-09,09:30:00,1639022400,0.92075,0.92136,0.92033,0.92092,2129,0,0
2021-12-09T08:00:00+00:00,2021-12-09,13:30:00,1639036800,0.9209,0.92299,0.92015,0.92242,4180,0,0
2021-12-09T12:00:00+00:00,2021-12-09,17:30:00,1639051200,0.92243,0.92621,0.92227,0.92551,6600,0,0
2021-12-09T16:00:00+00:00,2021-12-09,21:30:00,1639065600,0.92552,0.9265,0.92422,0.92457,3820,0,0
2021-12-09T20:00:00+00:00,2021-12-10,01:30:00,1639080000,0.92455,0.92455,0.92331,0.92377,1090,0,0
2021-12-10T00:00:00+00:00,2021-12-10,05:30:00,1639094400,0.9238,0.92408,0.92333,0.92387,804,0,0
2021-12-10T04:00:00+00:00,2021-12-10,09:30:00,1639108800,0.92388,0.92525,0.92387,0.92439,1715,0,0
2021-12-10T08:00:00+00:00,2021-12-10,13:30:00,1639123200,0.9244,0.92525,0.92299,0.92487,3944,0,0
2021-12-10T12:00:00+00:00,2021-12-10,17:30:00,1639137600,0.92488,0.92536,0.92136,0.9219,7499,0,0
2021-12-10T16:00:00+00:00,2021-12-10,21:30:00,1639152000,0.92191,0.92198,0.91992,0.92098,2603,0,0
2021-12-10T20:00:00+00:00,2021-12-11,01:30:00,1639166400,0.92099,0.92109,0.92062,0.92077,374,0,0
2021-12-12T20:00:00+00:00,2021-12-13,01:30:00,1639339200,0.92089,0.92133,0.9204,0.92131,494,1,0
2021-12-13T00:00:00+00:00,2021-12-13,05:30:00,1639353600,0.92129,0.92202,0.92123,0.92178,823,0,0
2021-12-13T04:00:00+00:00,2021-12-13,09:30:00,1639368000,0.9218,0.92282,0.92165,0.92265,1221,0,0
2021-12-13T08:00:00+00:00,2021-12-13,13:30:00,1639382400,0.92265,0.92566,0.92263,0.92438,3407,0,0
2021-12-13T12:00:00+00:00,2021-12-13,17:30:00,1639396800,0.92439,0.92441,0.92159,0.92321,5982,0,0
2021-12-13T16:00:00+00:00,2021-12-13,21:30:00,1639411200,0.92322,0.9233,0.9206,0.92211,2415,0,0
2021-12-13T20:00:00+00:00,2021-12-14,01:30:00,1639425600,0.92211,0.9228,0.92198,0.92242,915,0,0
2021-12-14T00:00:00+00:00,2021-12-14,05:30:00,1639440000,0.92245,0.92361,0.92241,0.92344,1100,0,0
2021-12-14T04:00:00+00:00,2021-12-14,09:30:00,1639454400,0.92345,0.92372,0.92276,0.92339,1007,0,0
2021-12-14T08:00:00+00:00,2021-12-14,13:30:00,1639468800,0.92339,0.92373,0.91885,0.91946,4044,0,0
2021-12-14T12:00:00+00:00,2021-12-14,17:30:00,1639483200,0.91947,0.92405,0.91919,0.92399,5311,0,0
2021-12-14T16:00:00+00:00,2021-12-14,21:30:00,1639497600,0.92398,0.9244,0.92253,0.92426,2240,0,0
2021-12-14T20:00:00+00:00,2021-12-15,01:30:00,1639512000,0.92426,0.92451,0.92329,0.92419,848,0,0
2021-12-15T00:00:00+00:00,2021-12-15,05:30:00,1639526400,0.9242,0.92434,0.92339,0.9243,774,0,0
2021-12-15T04:00:00+00:00,2021-12-15,09:30:00,1639540800,0.92429,0.92487,0.9234,0.92482,1282,0,0
2021-12-15T08:00:00+00:00,2021-12-15,13:30:00,1639555200,0.9248,0.92497,0.92354,0.92425,3102,0,0
2021-12-15T12:00:00+00:00,2021-12-15,17:30:00,1639569600,0.92426,0.92701,0.92422,0.92629,6405,0,0
2021-12-15T16:00:00+00:00,2021-12-15,21:30:00,1639584000,0.9263,0.92944,0.9253,0.9258,10752,0,0
2021-12-15T20:00:00+00:00,2021-12-16,01:30:00,1639598400,0.92582,0.92636,0.92357,0.92451,3900,0,0
2021-12-16T00:00:00+00:00,2021-12-16,05:30:00,1639612800,0.92449,0.92541,0.92384,0.92439,1337,0,0
2021-12-16T04:00:00+00:00,2021-12-16,09:30:00,1639627200,0.92439,0.92566,0.92285,0.9232,1639,0,0
2021-12-16T08:00:00+00:00,2021-12-16,13:30:00,1639641600,0.92319,0.92553,0.92209,0.92519,5296,0,0
2021-12-16T12:00:00+00:00,2021-12-16,17:30:00,1639656000,0.9252,0.92554,0.9199,0.9218,10545,0,0
2021-12-16T16:00:00+00:00,2021-12-16,21:30:00,1639670400,0.92181,0.92212,0.91926,0.91934,2661,0,0
2021-12-16T20:00:00+00:00,2021-12-17,01:30:00,1639684800,0.91932,0.91969,0.91867,0.91902,1546,0,0
2021-12-17T00:00:00+00:00,2021-12-17,05:30:00,1639699200,0.91901,0.91974,0.91897,0.91912,1300,0,0
2021-12-17T04:00:00+00:00,2021-12-17,09:30:00,1639713600,0.91912,0.91967,0.91801,0.91967,1812,0,0
2021-12-17T08:00:00+00:00,2021-12-17,13:30:00,1639728000,0.91965,0.91983,0.91748,0.91966,4933,0,0
2021-12-17T12:00:00+00:00,2021-12-17,17:30:00,1639742400,0.91966,0.92238,0.9182,0.92226,5761,0,0
2021-12-17T16:00:00+00:00,2021-12-17,21:30:00,1639756800,0.92226,0.92449,0.92193,0.92377,2976,0,0
2021-12-17T20:00:00+00:00,2021-12-18,01:30:00,1639771200,0.92379,0.92462,0.92339,0.92427,1064,0,0
2021-12-19T20:00:00+00:00,2021-12-20,01:30:00,1639944000,0.9242,0.92449,0.92329,0.92336,321,1,0
2021-12-20T00:00:00+00:00,2021-12-20,05:30:00,1639958400,0.92339,0.92438,0.92335,0.92375,1493,0,0
2021-12-20T04:00:00+00:00,2021-12-20,09:30:00,1639972800,0.92373,0.92437,0.92316,0.9239,2192,0,0
2021-12-20T08:00:00+00:00,2021-12-20,13:30:00,1639987200,0.92392,0.92508,0.92245,0.92372,5444,0,0
2021-12-20T12:00:00+00:00,2021-12-20,17:30:00,1640001600,0.92371,0.92402,0.91926,0.92101,5751,0,0
2021-12-20T16:00:00+00:00,2021-12-20,21:30:00,1640016000,0.921,0.92248,0.91977,0.92248,2757,0,0
2021-12-20T20:00:00+00:00,2021-12-21,01:30:00,1640030400,0.92246,0.92247,0.92057,0.92177,1287,0,0
2021-12-21T00:00:00+00:00,2021-12-21,05:30:00,1640044800,0.92178,0.92193,0.9212,0.92161,988,0,0
2021-12-21T04:00:00+00:00,2021-12-21,09:30:00,1640059200,0.92162,0.92214,0.92048,0.92104,1600,0,0
2021-12-21T08:00:00+00:00,2021-12-21,13:30:00,1640073600,0.92104,0.92256,0.91951,0.92229,6005,0,0
2021-12-21T12:00:00+00:00,2021-12-21,17:30:00,1640088000,0.92231,0.92521,0.92137,0.92509,5560,0,0
2021-12-21T16:00:00+00:00,2021-12-21,21:30:00,1640102400,0.92509,0.92542,0.92379,0.92382,3077,0,0
2021-12-21T20:00:00+00:00,2021-12-22,01:30:00,1640116800,0.92384,0.92394,0.92306,0.92307,870,0,0
2021-12-22T00:00:00+00:00,2021-12-22,05:30:00,1640131200,0.92309,0.92409,0.92305,0.92405,777,0,0
2021-12-22T04:00:00+00:00,2021-12-22,09:30:00,1640145600,0.92407,0.92515,0.92402,0.92495,1394,0,0
2021-12-22T08:00:00+00:00,2021-12-22,13:30:00,1640160000,0.92493,0.92525,0.92222,0.92293,4525,0,0
2021-12-22T12:00:00+00:00,2021-12-22,17:30:00,1640174400,0.92295,0.92321,0.92088,0.921,5098,0,0
2021-12-22T16:00:00+00:00,2021-12-22,21:30:00,1640188800,0.92099,0.92099,0.91958,0.9197,2639,0,0
2021-12-22T20:00:00+00:00,2021-12-23,01:30:00,1640203200,0.91972,0.92005,0.91903,0.91948,864,0,0
2021-12-23T00:00:00+00:00,2021-12-23,05:30:00,1640217600,0.91951,0.91958,0.91896,0.91939,685,0,0
2021-12-23T04:00:00+00:00,2021-12-23,09:30:00,1640232000,0.91938,0.92,0.91882,0.91968,830,0,0
2021-12-23T08:00:00+00:00,2021-12-23,13:30:00,1640246400,0.91969,0.92193,0.91917,0.92024,4035,0,0
2021-12-23T12:00:00+00:00,2021-12-23,17:30:00,1640260800,0.92026,0.92135,0.91807,0.92014,6689,0,0
2021-12-23T16:00:00+00:00,2021-12-23,21:30:00,1640275200,0.92013,0.92022,0.91754,0.91805,2259,0,0
2021-12-23T20:00:00+00:00,2021-12-24,01:30:00,1640289600,0.91806,0.91904,0.91749,0.91902,2180,0,0
2021-12-24T00:00:00+00:00,2021-12-24,05:30:00,1640304000,0.91895,0.91897,0.91729,0.91771,2376,8,0
2021-12-24T04:00:00+00:00,2021-12-24,09:30:00,1640318400,0.91769,0.91798,0.91676,0.91706,1363,12,0
2021-12-24T08:00:00+00:00,2021-12-24,13:30:00,1640332800,0.91702,0.91837,0.91695,0.91745,1334,12,0
2021-12-24T12:00:00+00:00,2021-12-24,17:30:00,1640347200,0.91744,0.91963,0.91728,0.91907,3302,12,0
2021-12-24T16:00:00+00:00,2021-12-24,21:30:00,1640361600,0.9191,0.9202,0.9175,0.91897,4378,34,0
2021-12-26T20:00:00+00:00,2021-12-27,01:30:00,1640548800,0.9187,0.91899,0.91761,0.91892,487,1,0
2021-12-27T00:00:00+00:00,2021-12-27,05:30:00,1640563200,0.9189,0.91961,0.91882,0.91933,717,0,0
2021-12-27T04:00:00+00:00,2021-12-27,09:30:00,1640577600,0.9193,0.91988,0.91868,0.91875,978,0,0
2021-12-27T08:00:00+00:00,2021-12-27,13:30:00,1640592000,0.91876,0.92002,0.91805,0.91909,3565,0,0
2021-12-27T12:00:00+00:00,2021-12-27,17:30:00,1640606400,0.9191,0.9199,0.91724,0.91786,3466,0,0
2021-12-27T16:00:00+00:00,2021-12-27,21:30:00,1640620800,0.91786,0.91807,0.91731,0.91769,1475,0,0
2021-12-27T20:00:00+00:00,2021-12-28,01:30:00,1640635200,0.91767,0.91781,0.9171,0.91721,742,0,0
2021-12-28T00:00:00+00:00,2021-12-28,05:30:00,1640649600,0.9172,0.91783,0.91685,0.91739,649,0,0
2021-12-28T04:00:00+00:00,2021-12-28,09:30:00,1640664000,0.91736,0.91812,0.91726,0.91805,874,0,0
2021-12-28T08:00:00+00:00,2021-12-28,13:30:00,1640678400,0.91805,0.91815,0.91595,0.91618,2802,0,0
2021-12-28T12:00:00+00:00,2021-12-28,17:30:00,1640692800,0.91617,0.91906,0.91597,0.91842,4041,0,0
2021-12-28T16:00:00+00:00,2021-12-28,21:30:00,1640707200,0.9184,0.91853,0.91624,0.91759,2056,0,0
2021-12-28T20:00:00+00:00,2021-12-29,01:30:00,1640721600,0.91758,0.91765,0.9169,0.91718,735,0,0
2021-12-29T00:00:00+00:00,2021-12-29,05:30:00,1640736000,0.91719,0.91767,0.91692,0.9172,758,0,0
2021-12-29T04:00:00+00:00,2021-12-29,09:30:00,1640750400,0.91718,0.91793,0.91717,0.91733,734,0,0
2021-12-29T08:00:00+00:00,2021-12-29,13:30:00,1640764800,0.91733,0.92017,0.91723,0.91809,3295,0,0
2021-12-29T12:00:00+00:00,2021-12-29,17:30:00,1640779200,0.91812,0.9191,0.91269,0.91349,5887,0,0
2021-12-29T16:00:00+00:00,2021-12-29,21:30:00,1640793600,0.91348,0.91573,0.9131,0.91449,2398,0,0
2021-12-29T20:00:00+00:00,2021-12-30,01:30:00,1640808000,0.91452,0.91482,0.91393,0.91393,744,0,0
2021-12-30T00:00:00+00:00,2021-12-30,05:30:00,1640822400,0.91396,0.91548,0.91393,0.91541,891,0,0
2021-12-30T04:00:00+00:00,2021-12-30,09:30:00,1640836800,0.91542,0.9173,0.91542,0.91702,1401,0,0
2021-12-30T08:00:00+00:00,2021-12-30,13:30:00,1640851200,0.91701,0.91815,0.91496,0.91496,4252,0,0
2021-12-30T12:00:00+00:00,2021-12-30,17:30:00,1640865600,0.91498,0.91693,0.91323,0.91382,6277,0,0
2021-12-30T16:00:00+00:00,2021-12-30,21:30:00,1640880000,0.91383,0.91535,0.91355,0.91389,1934,0,0
2021-12-30T20:00:00+00:00,2021-12-31,01:30:00,1640894400,0.9139,0.91433,0.91316,0.91392,649,0,0
2021-12-31T00:00:00+00:00,2021-12-31,05:30:00,1640908800,0.91395,0.91436,0.91343,0.9143,402,0,0
2021-12-31T04:00:00+00:00,2021-12-31,09:30:00,1640923200,0.91428,0.91473,0.91358,0.91453,1111,0,0
2021-12-31T08:00:00+00:00,2021-12-31,13:30:00,1640937600,0.91454,0.9148,0.91201,0.91281,3634,0,0
2021-12-31T12:00:00+00:00,2021-12-31,17:30:00,1640952000,0.91283,0.91432,0.91022,0.91096,6971,0,0
2021-12-31T16:00:00+00:00,2021-12-31,21:30:00,1640966400,0.91098,0.91209,0.91058,0.91177,2789,0,0
2022-01-02T20:00:00+00:00,2022-01-03,01:30:00,1641153600,0.91146,0.91248,0.9112,0.91208,326,1,0
2022-01-03T00:00:00+00:00,2022-01-03,05:30:00,1641168000,0.91211,0.91492,0.91185,0.91417,1296,0,0
2022-01-03T04:00:00+00:00,2022-01-03,09:30:00,1641182400,0.91419,0.91483,0.91351,0.91384,1735,0,0
2022-01-03T08:00:00+00:00,2022-01-03,13:30:00,1641196800,0.91386,0.91454,0.91161,0.91211,5232,0,0
2022-01-03T12:00:00+00:00,2022-01-03,17:30:00,1641211200,0.91209,0.92003,0.91206,0.9188,7306,0,0
2022-01-03T16:00:00+00:00,2022-01-03,21:30:00,1641225600,0.91878,0.91963,0.9179,0.91839,2851,0,0
2022-01-03T20:00:00+00:00,2022-01-04,01:30:00,1641240000,0.91842,0.91906,0.91806,0.91841,882,0,0
2022-01-04T00:00:00+00:00,2022-01-04,05:30:00,1641254400,0.91843,0.91904,0.91734,0.91869,1404,0,0
2022-01-04T04:00:00+00:00,2022-01-04,09:30:00,1641268800,0.91867,0.91928,0.91767,0.91909,1769,0,0
2022-01-04T08:00:00+00:00,2022-01-04,13:30:00,1641283200,0.91907,0.91932,0.91719,0.91885,5043,0,0
2022-01-04T12:00:00+00:00,2022-01-04,17:30:00,1641297600,0.91884,0.91894,0.91369,0.91412,6362,0,0
2022-01-04T16:00:00+00:00,2022-01-04,21:30:00,1641312000,0.91415,0.91702,0.91367,0.91636,3261,0,0
2022-01-04T20:00:00+00:00,2022-01-05,01:30:00,1641326400,0.91635,0.91681,0.91575,0.91625,1026,0,0
2022-01-05T00:00:00+00:00,2022-01-05,05:30:00,1641340800,0.91627,0.91682,0.91579,0.91615,1081,0,0
2022-01-05T04:00:00+00:00,2022-01-05,09:30:00,1641355200,0.91612,0.91665,0.91497,0.91523,1267,0,0
2022-01-05T08:00:00+00:00,2022-01-05,13:30:00,1641369600,0.91522,0.91618,0.91413,0.91501,4892,0,0
2022-01-05T12:00:00+00:00,2022-01-05,17:30:00,1641384000,0.91504,0.91696,0.91458,0.91491,6239,0,0
2022-01-05T16:00:00+00:00,2022-01-05,21:30:00,1641398400,0.91493,0.91835,0.91489,0.91743,5042,0,0
2022-01-05T20:00:00+00:00,2022-01-06,01:30:00,1641412800,0.9174,0.9182,0.91661,0.91742,1669,0,0
2022-01-06T00:00:00+00:00,2022-01-06,05:30:00,1641427200,0.91744,0.91838,0.91694,0.91746,1286,0,0
2022-01-06T04:00:00+00:00,2022-01-06,09:30:00,1641441600,0.91747,0.91991,0.91736,0.91963,2230,0,0
2022-01-06T08:00:00+00:00,2022-01-06,13:30:00,1641456000,0.91964,0.91996,0.91726,0.91786,5426,0,0
2022-01-06T12:00:00+00:00,2022-01-06,17:30:00,1641470400,0.91785,0.92005,0.91681,0.91949,8016,0,0
2022-01-06T16:00:00+00:00,2022-01-06,21:30:00,1641484800,0.91949,0.92238,0.91883,0.92236,3599,0,0
2022-01-06T20:00:00+00:00,2022-01-07,01:30:00,1641499200,0.92239,0.92241,0.92093,0.92149,1161,0,0
2022-01-07T00:00:00+00:00,2022-01-07,05:30:00,1641513600,0.92147,0.92183,0.92093,0.92131,896,0,0
2022-01-07T04:00:00+00:00,2022-01-07,09:30:00,1641528000,0.92131,0.92174,0.92078,0.92086,1079,0,0
2022-01-07T08:00:00+00:00,2022-01-07,13:30:00,1641542400,0.92087,0.92225,0.92019,0.92208,3787,0,0
2022-01-07T12:00:00+00:00,2022-01-07,17:30:00,1641556800,0.92206,0.92325,0.91982,0.92001,9674,0,0
2022-01-07T16:00:00+00:00,2022-01-07,21:30:00,1641571200,0.91999,0.92066,0.91836,0.91844,2739,0,0
2022-01-07T20:00:00+00:00,2022-01-08,01:30:00,1641585600,0.91846,0.91879,0.91823,0.91847,584,0,0
2022-01-09T20:00:00+00:00,2022-01-10,01:30:00,1641758400,0.91881,0.91928,0.91864,0.91891,378,1,0
2022-01-10T00:00:00+00:00,2022-01-10,05:30:00,1641772800,0.91892,0.92042,0.91861,0.92021,959,0,0
2022-01-10T04:00:00+00:00,2022-01-10,09:30:00,1641787200,0.92023,0.92103,0.92002,0.92073,1604,0,0
2022-01-10T08:00:00+00:00,2022-01-10,13:30:00,1641801600,0.92072,0.92219,0.91949,0.92206,6534,0,0
2022-01-10T12:00:00+00:00,2022-01-10,17:30:00,1641816000,0.92207,0.92674,0.92159,0.92566,8250,0,0
2022-01-10T16:00:00+00:00,2022-01-10,21:30:00,1641830400,0.92568,0.92752,0.92471,0.92727,3767,0,0
2022-01-10T20:00:00+00:00,2022-01-11,01:30:00,1641844800,0.92726,0.92751,0.92661,0.92725,1302,0,0
2022-01-11T00:00:00+00:00,2022-01-11,05:30:00,1641859200,0.92723,0.92723,0.92619,0.92654,924,0,0
2022-01-11T04:00:00+00:00,2022-01-11,09:30:00,1641873600,0.92653,0.92667,0.92523,0.92534,1735,0,0
2022-01-11T08:00:00+00:00,2022-01-11,13:30:00,1641888000,0.92535,0.92692,0.92423,0.92652,5690,0,0
2022-01-11T12:00:00+00:00,2022-01-11,17:30:00,1641902400,0.92651,0.92781,0.9251,0.9253,6987,0,0
2022-01-11T16:00:00+00:00,2022-01-11,21:30:00,1641916800,0.92529,0.9253,0.92328,0.92363,3554,0,0
2022-01-11T20:00:00+00:00,2022-01-12,01:30:00,1641931200,0.92366,0.92395,0.92311,0.92355,1030,0,0
2022-01-12T00:00:00+00:00,2022-01-12,05:30:00,1641945600,0.92354,0.92365,0.92317,0.92328,770,0,0
2022-01-12T04:00:00+00:00,2022-01-12,09:30:00,1641960000,0.92327,0.92443,0.92316,0.92406,1306,0,0
2022-01-12T08:00:00+00:00,2022-01-12,13:30:00,1641974400,0.92407,0.92441,0.92234,0.92346,4740,0,0
2022-01-12T12:00:00+00:00,2022-01-12,17:30:00,1641988800,0.92344,0.92346,0.91485,0.91531,9949,0,0
2022-01-12T16:00:00+00:00,2022-01-12,21:30:00,1642003200,0.91529,0.9159,0.91301,0.91336,4428,0,0
2022-01-12T20:00:00+00:00,2022-01-13,01:30:00,1642017600,0.91332,0.91438,0.9133,0.91419,1276,0,0
2022-01-13T00:00:00+00:00,2022-01-13,05:30:00,1642032000,0.91422,0.91481,0.91371,0.91455,1267,0,0
2022-01-13T04:00:00+00:00,2022-01-13,09:30:00,1642046400,0.91454,0.91483,0.91228,0.91267,1960,0,0
2022-01-13T08:00:00+00:00,2022-01-13,13:30:00,1642060800,0.91265,0.91472,0.91169,0.91204,6335,0,0
2022-01-13T12:00:00+00:00,2022-01-13,17:30:00,1642075200,0.91205,0.91246,0.90917,0.91024,7885,0,0
2022-01-13T16:00:00+00:00,2022-01-13,21:30:00,1642089600,0.91023,0.91118,0.90964,0.91055,4141,0,0
2022-01-13T20:00:00+00:00,2022-01-14,01:30:00,1642104000,0.91055,0.91148,0.91055,0.91112,1114,0,0
2022-01-14T00:00:00+00:00,2022-01-14,05:30:00,1642118400,0.91115,0.91167,0.91003,0.91029,1680,0,0
2022-01-14T04:00:00+00:00,2022-01-14,09:30:00,1642132800,0.91031,0.91097,0.90947,0.91048,1887,0,0
2022-01-14T08:00:00+00:00,2022-01-14,13:30:00,1642147200,0.91048,0.91176,0.90956,0.9116,5056,0,0
2022-01-14T12:00:00+00:00,2022-01-14,17:30:00,1642161600,0.91161,0.91251,0.91016,0.91191,9062,0,0
2022-01-14T16:00:00+00:00,2022-01-14,21:30:00,1642176000,0.91193,0.9142,0.91173,0.9138,3834,0,0
2022-01-14T20:00:00+00:00,2022-01-15,01:30:00,1642190400,0.91378,0.91399,0.91351,0.91397,789,0,0
2022-01-16T20:00:00+00:00,2022-01-17,01:30:00,1642363200,0.91265,0.91485,0.91265,0.9145,381,1,0
2022-01-17T00:00:00+00:00,2022-01-17,05:30:00,1642377600,0.91449,0.91589,0.91431,0.91448,1373,0,0
2022-01-17T04:00:00+00:00,2022-01-17,09:30:00,1642392000,0.91447,0.91494,0.91358,0.91363,1288,0,0
2022-01-17T08:00:00+00:00,2022-01-17,13:30:00,1642406400,0.91363,0.9148,0.91221,0.91426,4981,0,0
2022-01-17T12:00:00+00:00,2022-01-17,17:30:00,1642420800,0.91425,0.91564,0.9136,0.91396,5243,0,0
2022-01-17T16:00:00+00:00,2022-01-17,21:30:00,1642435200,0.91397,0.91438,0.91316,0.91428,1173,0,0
2022-01-17T20:00:00+00:00,2022-01-18,01:30:00,1642449600,0.91426,0.91438,0.91349,0.91401,447,0,0
2022-01-18T00:00:00+00:00,2022-01-18,05:30:00,1642464000,0.91399,0.91666,0.91321,0.91594,1970,0,0
2022-01-18T04:00:00+00:00,2022-01-18,09:30:00,1642478400,0.91594,0.91603,0.9143,0.91454,3298,0,0
2022-01-18T08:00:00+00:00,2022-01-18,13:30:00,1642492800,0.91453,0.9154,0.91388,0.91504,6845,0,0
2022-01-18T12:00:00+00:00,2022-01-18,17:30:00,1642507200,0.91504,0.91681,0.91421,0.91669,7579,0,0
2022-01-18T16:00:00+00:00,2022-01-18,21:30:00,1642521600,0.91667,0.91792,0.91649,0.91702,3801,0,0
2022-01-18T20:00:00+00:00,2022-01-19,01:30:00,1642536000,0.91702,0.91768,0.91676,0.91717,1648,0,0
2022-01-19T00:00:00+00:00,2022-01-19,05:30:00,1642550400,0.91714,0.91776,0.91649,0.91677,1598,0,0
2022-01-19T04:00:00+00:00,2022-01-19,09:30:00,1642564800,0.91678,0.91685,0.91563,0.91597,2125,0,0
2022-01-19T08:00:00+00:00,2022-01-19,13:30:00,1642579200,0.91598,0.91619,0.91501,0.91611,4757,0,0
2022-01-19T12:00:00+00:00,2022-01-19,17:30:00,1642593600,0.91612,0.917,0.9145,0.9164,6614,0,0
2022-01-19T16:00:00+00:00,2022-01-19,21:30:00,1642608000,0.91638,0.91638,0.91489,0.91516,3958,0,0
2022-01-19T20:00:00+00:00,2022-01-20,01:30:00,1642622400,0.91519,0.9161,0.91493,0.91566,1387,0,0
2022-01-20T00:00:00+00:00,2022-01-20,05:30:00,1642636800,0.91563,0.91575,0.91424,0.91534,1713,0,0
2022-01-20T04:00:00+00:00,2022-01-20,09:30:00,1642651200,0.91532,0.91585,0.91415,0.91482,1601,0,0
2022-01-20T08:00:00+00:00,2022-01-20,13:30:00,1642665600,0.91482,0.91598,0.91395,0.91541,4713,0,0
2022-01-20T12:00:00+00:00,2022-01-20,17:30:00,1642680000,0.91541,0.91619,0.91421,0.91458,7202,0,0
2022-01-20T16:00:00+00:00,2022-01-20,21:30:00,1642694400,0.91456,0.9175,0.91416,0.91725,4059,0,0
2022-01-20T20:00:00+00:00,2022-01-21,01:30:00,1642708800,0.91724,0.91815,0.91673,0.91697,1712,0,0
2022-01-21T00:00:00+00:00,2022-01-21,05:30:00,1642723200,0.91696,0.91724,0.91486,0.91549,2000,0,0
2022-01-21T04:00:00+00:00,2022-01-21,09:30:00,1642737600,0.9155,0.91579,0.91441,0.91496,2076,0,0
2022-01-21T08:00:00+00:00,2022-01-21,13:30:00,1642752000,0.91499,0.91499,0.91171,0.91316,4718,0,0
2022-01-21T12:00:00+00:00,2022-01-21,17:30:00,1642766400,0.91317,0.91335,0.91079,0.91133,6549,0,0
2022-01-21T16:00:00+00:00,2022-01-21,21:30:00,1642780800,0.91134,0.91258,0.91092,0.91162,3342,0,0
2022-01-21T20:00:00+00:00,2022-01-22,01:30:00,1642795200,0.91163,0.91236,0.91162,0.91199,979,0,0
2022-01-23T20:00:00+00:00,2022-01-24,01:30:00,1642968000,0.91145,0.91265,0.9114,0.91265,438,1,0
2022-01-24T00:00:00+00:00,2022-01-24,05:30:00,1642982400,0.91262,0.91417,0.91249,0.91385,1160,0,0
2022-01-24T04:00:00+00:00,2022-01-24,09:30:00,1642996800,0.91386,0.91433,0.91283,0.91302,1618,0,0
2022-01-24T08:00:00+00:00,2022-01-24,13:30:00,1643011200,0.91305,0.91353,0.91093,0.91244,6314,0,0
2022-01-24T12:00:00+00:00,2022-01-24,17:30:00,1643025600,0.91242,0.91552,0.91147,0.91552,7992,0,0
2022-01-24T16:00:00+00:00,2022-01-24,21:30:00,1643040000,0.91552,0.91588,0.91252,0.91425,4706,0,0
2022-01-24T20:00:00+00:00,2022-01-25,01:30:00,1643054400,0.91427,0.91453,0.91352,0.91415,1464,0,0
2022-01-25T00:00:00+00:00,2022-01-25,05:30:00,1643068800,0.91416,0.91573,0.91411,0.91532,1264,0,0
2022-01-25T04:00:00+00:00,2022-01-25,09:30:00,1643083200,0.91531,0.91698,0.915,0.91639,1653,0,0
2022-01-25T08:00:00+00:00,2022-01-25,13:30:00,1643097600,0.91641,0.92036,0.91616,0.9201,5275,0,0
2022-01-25T12:00:00+00:00,2022-01-25,17:30:00,1643112000,0.92007,0.92014,0.91764,0.91942,5888,0,0
2022-01-25T16:00:00+00:00,2022-01-25,21:30:00,1643126400,0.91944,0.91984,0.91832,0.91835,2930,0,0
2022-01-25T20:00:00+00:00,2022-01-26,01:30:00,1643140800,0.91836,0.919,0.9172,0.91794,1308,0,0
2022-01-26T00:00:00+00:00,2022-01-26,05:30:00,1643155200,0.91792,0.91814,0.91717,0.91748,693,0,0
2022-01-26T04:00:00+00:00,2022-01-26,09:30:00,1643169600,0.9175,0.91998,0.91738,0.91996,1277,0,0
2022-01-26T08:00:00+00:00,2022-01-26,13:30:00,1643184000,0.91995,0.92072,0.91934,0.92036,4273,0,0
2022-01-26T12:00:00+00:00,2022-01-26,17:30:00,1643198400,0.92034,0.92118,0.91888,0.92115,5492,0,0
2022-01-26T16:00:00+00:00,2022-01-26,21:30:00,1643212800,0.92115,0.92426,0.92008,0.92333,8612,0,0
2022-01-26T20:00:00+00:00,2022-01-27,01:30:00,1643227200,0.92336,0.92463,0.92327,0.92402,3788,0,0
2022-01-27T00:00:00+00:00,2022-01-27,05:30:00,1643241600,0.92404,0.92468,0.92377,0.92451,1544,0,0
2022-01-27T04:00:00+00:00,2022-01-27,09:30:00,1643256000,0.92451,0.92638,0.9243,0.92614,2336,0,0
2022-01-27T08:00:00+00:00,2022-01-27,13:30:00,1643270400,0.92614,0.93087,0.92608,0.93046,5671,0,0
2022-01-27T12:00:00+00:00,2022-01-27,17:30:00,1643284800,0.93045,0.93379,0.92994,0.93137,8139,0,0
2022-01-27T16:00:00+00:00,2022-01-27,21:30:00,1643299200,0.93138,0.93199,0.93054,0.93169,4257,0,0
2022-01-27T20:00:00+00:00,2022-01-28,01:30:00,1643313600,0.93167,0.93167,0.93052,0.93106,1257,0,0
2022-01-28T00:00:00+00:00,2022-01-28,05:30:00,1643328000,0.93108,0.93166,0.9299,0.93025,1031,0,0
2022-01-28T04:00:00+00:00,2022-01-28,09:30:00,1643342400,0.93026,0.93221,0.92967,0.93184,1887,0,0
2022-01-28T08:00:00+00:00,2022-01-28,13:30:00,1643356800,0.93185,0.93235,0.93029,0.93197,5113,0,0
2022-01-28T12:00:00+00:00,2022-01-28,17:30:00,1643371200,0.93198,0.93293,0.92902,0.9302,8673,0,0
2022-01-28T16:00:00+00:00,2022-01-28,21:30:00,1643385600,0.9302,0.93154,0.92963,0.93103,3687,0,0
2022-01-28T20:00:00+00:00,2022-01-29,01:30:00,1643400000,0.93103,0.93142,0.9309,0.93104,679,0,0
2022-01-30T20:00:00+00:00,2022-01-31,01:30:00,1643572800,0.93108,0.93183,0.93093,0.9312,387,0,0
2022-01-31T00:00:00+00:00,2022-01-31,05:30:00,1643587200,0.93123,0.93188,0.93082,0.93122,1189,0,0
2022-01-31T04:00:00+00:00,2022-01-31,09:30:00,1643601600,0.93119,0.93264,0.93082,0.93169,1447,0,0
2022-01-31T08:00:00+00:00,2022-01-31,13:30:00,1643616000,0.93168,0.93431,0.93061,0.93398,5209,0,0
2022-01-31T12:00:00+00:00,2022-01-31,17:30:00,1643630400,0.93399,0.9341,0.9295,0.93102,8056,0,0
2022-01-31T16:00:00+00:00,2022-01-31,21:30:00,1643644800,0.93101,0.9318,0.92517,0.92528,5686,0,0
2022-01-31T20:00:00+00:00,2022-02-01,01:30:00,1643659200,0.9253,0.92712,0.9253,0.9271,1601,0,0
2022-02-01T00:00:00+00:00,2022-02-01,05:30:00,1643673600,0.92712,0.92773,0.92634,0.92634,907,0,0
2022-02-01T04:00:00+00:00,2022-02-01,09:30:00,1643688000,0.92635,0.92636,0.92264,0.92313,2417,0,0
2022-02-01T08:00:00+00:00,2022-02-01,13:30:00,1643702400,0.92315,0.92429,0.92043,0.9209,5714,0,0
2022-02-01T12:00:00+00:00,2022-02-01,17:30:00,1643716800,0.9209,0.9235,0.92051,0.92296,7659,0,0
2022-02-01T16:00:00+00:00,2022-02-01,21:30:00,1643731200,0.92297,0.92366,0.92122,0.92183,4635,0,0
2022-02-01T20:00:00+00:00,2022-02-02,01:30:00,1643745600,0.92181,0.92211,0.92076,0.92109,1458,0,0
2022-02-02T00:00:00+00:00,2022-02-02,05:30:00,1643760000,0.9211,0.92146,0.92096,0.92142,721,0,0
2022-02-02T04:00:00+00:00,2022-02-02,09:30:00,1643774400,0.92144,0.92181,0.91998,0.92011,1625,0,0
2022-02-02T08:00:00+00:00,2022-02-02,13:30:00,1643788800,0.92011,0.92223,0.91884,0.91951,6217,0,0
2022-02-02T12:00:00+00:00,2022-02-02,17:30:00,1643803200,0.9195,0.92023,0.91788,0.91933,7476,0,0
2022-02-02T16:00:00+00:00,2022-02-02,21:30:00,1643817600,0.91933,0.91965,0.91792,0.91864,3232,0,0
2022-02-02T20:00:00+00:00,2022-02-03,01:30:00,1643832000,0.91864,0.91925,0.91829,0.91908,1188,0,0
2022-02-03T00:00:00+00:00,2022-02-03,05:30:00,1643846400,0.91909,0.91983,0.91885,0.91916,1087,0,0
2022-02-03T04:00:00+00:00,2022-02-03,09:30:00,1643860800,0.91917,0.92084,0.91913,0.92047,2103,0,0
2022-02-03T08:00:00+00:00,2022-02-03,13:30:00,1643875200,0.92046,0.9229,0.92042,0.92257,4918,0,0
2022-02-03T12:00:00+00:00,2022-02-03,17:30:00,1643889600,0.92256,0.92358,0.91791,0.91885,17810,0,0
2022-02-03T16:00:00+00:00,2022-02-03,21:30:00,1643904000,0.91886,0.92181,0.91772,0.92049,7080,0,0
2022-02-03T20:00:00+00:00,2022-02-04,01:30:00,1643918400,0.92051,0.92156,0.91958,0.92041,1275,0,0
2022-02-04T00:00:00+00:00,2022-02-04,05:30:00,1643932800,0.92043,0.92075,0.9193,0.91989,1615,0,0
2022-02-04T04:00:00+00:00,2022-02-04,09:30:00,1643947200,0.9199,0.92139,0.91953,0.92043,3328,0,0
2022-02-04T08:00:00+00:00,2022-02-04,13:30:00,1643961600,0.92045,0.92318,0.92024,0.92291,7644,0,0
2022-02-04T12:00:00+00:00,2022-02-04,17:30:00,1643976000,0.92292,0.92589,0.92151,0.92523,13633,0,0
2022-02-04T16:00:00+00:00,2022-02-04,21:30:00,1643990400,0.92523,0.92575,0.92398,0.92552,4374,0,0
2022-02-04T20:00:00+00:00,2022-02-05,01:30:00,1644004800,0.92552,0.92571,0.92479,0.92559,936,0,0
2022-02-06T20:00:00+00:00,2022-02-07,01:30:00,1644177600,0.92515,0.92572,0.9249,0.92518,436,0,0
2022-02-07T00:00:00+00:00,2022-02-07,05:30:00,1644192000,0.92517,0.92619,0.92464,0.92543,1551,0,0
2022-02-07T04:00:00+00:00,2022-02-07,09:30:00,1644206400,0.92544,0.92574,0.92417,0.92437,2147,0,0
2022-02-07T08:00:00+00:00,2022-02-07,13:30:00,1644220800,0.92436,0.92571,0.92334,0.92343,6091,0,0
2022-02-07T12:00:00+00:00,2022-02-07,17:30:00,1644235200,0.92344,0.92493,0.92217,0.9231,7605,0,0
2022-02-07T16:00:00+00:00,2022-02-07,21:30:00,1644249600,0.92309,0.92498,0.92266,0.92336,3721,0,0
2022-02-07T20:00:00+00:00,2022-02-08,01:30:00,1644264000,0.92337,0.92375,0.92291,0.92308,1110,0,0
2022-02-08T00:00:00+00:00,2022-02-08,05:30:00,1644278400,0.9231,0.92455,0.92308,0.92416,1451,0,0
2022-02-08T04:00:00+00:00,2022-02-08,09:30:00,1644292800,0.92417,0.92629,0.92415,0.92556,2659,0,0
2022-02-08T08:00:00+00:00,2022-02-08,13:30:00,1644307200,0.92556,0.92557,0.92259,0.92303,5977,0,0
2022-02-08T12:00:00+00:00,2022-02-08,17:30:00,1644321600,0.92301,0.92518,0.92275,0.92476,6216,0,0
2022-02-08T16:00:00+00:00,2022-02-08,21:30:00,1644336000,0.92474,0.92565,0.92409,0.92546,2613,0,0
2022-02-08T20:00:00+00:00,2022-02-09,01:30:00,1644350400,0.92547,0.92552,0.92456,0.92523,974,0,0
2022-02-09T00:00:00+00:00,2022-02-09,05:30:00,1644364800,0.92502,0.92546,0.924,0.92429,864,0,0
2022-02-09T04:00:00+00:00,2022-02-09,09:30:00,1644379200,0.92429,0.9252,0.92424,0.92424,1701,0,0
2022-02-09T08:00:00+00:00,2022-02-09,13:30:00,1644393600,0.92424,0.9245,0.9228,0.92357,5024,0,0
2022-02-09T12:00:00+00:00,2022-02-09,17:30:00,1644408000,0.92355,0.92392,0.9222,0.92391,5448,0,0
2022-02-09T16:00:00+00:00,2022-02-09,21:30:00,1644422400,0.9239,0.92411,0.92265,0.92371,3335,0,0
2022-02-09T20:00:00+00:00,2022-02-10,01:30:00,1644436800,0.92373,0.9247,0.92373,0.92429,945,0,0
2022-02-10T00:00:00+00:00,2022-02-10,05:30:00,1644451200,0.92432,0.92477,0.92367,0.9238,1039,0,0
2022-02-10T04:00:00+00:00,2022-02-10,09:30:00,1644465600,0.92381,0.92453,0.92355,0.92358,1532,0,0
2022-02-10T08:00:00+00:00,2022-02-10,13:30:00,1644480000,0.92358,0.92529,0.92305,0.92486,5092,0,0
2022-02-10T12:00:00+00:00,2022-02-10,17:30:00,1644494400,0.92488,0.92969,0.9233,0.92421,13389,0,0
2022-02-10T16:00:00+00:00,2022-02-10,21:30:00,1644508800,0.92422,0.92579,0.9227,0.92571,9820,0,0
2022-02-10T20:00:00+00:00,2022-02-11,01:30:00,1644523200,0.92568,0.92733,0.92498,0.92586,2300,0,0
2022-02-11T00:00:00+00:00,2022-02-11,05:30:00,1644537600,0.92587,0.92717,0.92585,0.92715,1369,0,0
2022-02-11T04:00:00+00:00,2022-02-11,09:30:00,1644552000,0.92713,0.92872,0.92699,0.92753,2805,0,0
2022-02-11T08:00:00+00:00,2022-02-11,13:30:00,1644566400,0.92754,0.92852,0.92659,0.92726,6262,0,0
2022-02-11T12:00:00+00:00,2022-02-11,17:30:00,1644580800,0.92727,0.92747,0.92465,0.9257,9182,0,0
2022-02-11T16:00:00+00:00,2022-02-11,21:30:00,1644595200,0.92572,0.92765,0.92419,0.92538,16527,0,0
2022-02-11T20:00:00+00:00,2022-02-12,01:30:00,1644609600,0.92535,0.92547,0.92369,0.92506,3859,0,0
2022-02-13T20:00:00+00:00,2022-02-14,01:30:00,1644782400,0.92465,0.92527,0.92444,0.92479,386,0,0
2022-02-14T00:00:00+00:00,2022-02-14,05:30:00,1644796800,0.9248,0.92573,0.92459,0.92513,2200,0,0
2022-02-14T04:00:00+00:00,2022-02-14,09:30:00,1644811200,0.92515,0.92636,0.92486,0.92504,2468,0,0
2022-02-14T08:00:00+00:00,2022-02-14,13:30:00,1644825600,0.92504,0.92605,0.92376,0.92466,6940,0,0
2022-02-14T12:00:00+00:00,2022-02-14,17:30:00,1644840000,0.92467,0.92723,0.92386,0.92619,10790,0,0
2022-02-14T16:00:00+00:00,2022-02-14,21:30:00,1644854400,0.92616,0.92683,0.92485,0.92573,5782,0,0
2022-02-14T20:00:00+00:00,2022-02-15,01:30:00,1644868800,0.9257,0.92601,0.9241,0.92456,1510,0,0
2022-02-15T00:00:00+00:00,2022-02-15,05:30:00,1644883200,0.92458,0.92458,0.92353,0.92427,1411,0,0
2022-02-15T04:00:00+00:00,2022-02-15,09:30:00,1644897600,0.92427,0.92475,0.92353,0.92471,2006,0,0
2022-02-15T08:00:00+00:00,2022-02-15,13:30:00,1644912000,0.9247,0.92694,0.9234,0.92437,8662,0,0
2022-02-15T12:00:00+00:00,2022-02-15,17:30:00,1644926400,0.92436,0.92742,0.92267,0.92662,9228,0,0
2022-02-15T16:00:00+00:00,2022-02-15,21:30:00,1644940800,0.92663,0.92676,0.92526,0.92557,3257,0,0
2022-02-15T20:00:00+00:00,2022-02-16,01:30:00,1644955200,0.92556,0.9258,0.925,0.92553,1213,0,0
2022-02-16T00:00:00+00:00,2022-02-16,05:30:00,1644969600,0.92555,0.92598,0.92519,0.92545,983,0,0
2022-02-16T04:00:00+00:00,2022-02-16,09:30:00,1644984000,0.92546,0.92553,0.92473,0.92487,1725,0,0
2022-02-16T08:00:00+00:00,2022-02-16,13:30:00,1644998400,0.92487,0.92608,0.92421,0.92468,5616,0,0
2022-02-16T12:00:00+00:00,2022-02-16,17:30:00,1645012800,0.92469,0.92583,0.92274,0.92274,7384,0,0
2022-02-16T16:00:00+00:00,2022-02-16,21:30:00,1645027200,0.92275,0.9234,0.92066,0.92095,5225,0,0
2022-02-16T20:00:00+00:00,2022-02-17,01:30:00,1645041600,0.92094,0.92222,0.9208,0.92193,1335,0,0
2022-02-17T00:00:00+00:00,2022-02-17,05:30:00,1645056000,0.92192,0.92285,0.92113,0.92252,2331,0,0
2022-02-17T04:00:00+00:00,2022-02-17,09:30:00,1645070400,0.92251,0.9229,0.92122,0.92207,6368,0,0
2022-02-17T08:00:00+00:00,2022-02-17,13:30:00,1645084800,0.92208,0.92263,0.92042,0.92081,8249,0,0
2022-02-17T12:00:00+00:00,2022-02-17,17:30:00,1645099200,0.92083,0.92125,0.91884,0.92009,10724,0,0
2022-02-17T16:00:00+00:00,2022-02-17,21:30:00,1645113600,0.92009,0.92055,0.91941,0.92004,4072,0,0
2022-02-17T20:00:00+00:00,2022-02-18,01:30:00,1645128000,0.92001,0.92059,0.91941,0.91982,1393,0,0
2022-02-18T00:00:00+00:00,2022-02-18,05:30:00,1645142400,0.91984,0.92148,0.91967,0.92106,2451,0,0
2022-02-18T04:00:00+00:00,2022-02-18,09:30:00,1645156800,0.92104,0.92163,0.92038,0.92088,2050,0,0
2022-02-18T08:00:00+00:00,2022-02-18,13:30:00,1645171200,0.92086,0.92182,0.92037,0.92069,5231,0,0
2022-02-18T12:00:00+00:00,2022-02-18,17:30:00,1645185600,0.9207,0.92143,0.91918,0.92056,7246,0,0
2022-02-18T16:00:00+00:00,2022-02-18,21:30:00,1645200000,0.92055,0.92176,0.92055,0.92111,4519,0,0
2022-02-18T20:00:00+00:00,2022-02-19,01:30:00,1645214400,0.92109,0.9216,0.92106,0.92153,1108,0,0
2022-02-20T20:00:00+00:00,2022-02-21,01:30:00,1645387200,0.92078,0.92156,0.9207,0.92094,561,0,0
2022-02-21T00:00:00+00:00,2022-02-21,05:30:00,1645401600,0.92092,0.92163,0.91977,0.91997,1691,0,0
2022-02-21T04:00:00+00:00,2022-02-21,09:30:00,1645416000,0.91996,0.92048,0.91908,0.91915,1309,0,0
2022-02-21T08:00:00+00:00,2022-02-21,13:30:00,1645430400,0.91917,0.91972,0.91626,0.91671,5001,0,0
2022-02-21T12:00:00+00:00,2022-02-21,17:30:00,1645444800,0.91672,0.9176,0.91525,0.91537,5734,0,0
2022-02-21T16:00:00+00:00,2022-02-21,21:30:00,1645459200,0.91538,0.91627,0.91505,0.9159,1817,0,0
2022-02-21T20:00:00+00:00,2022-02-22,01:30:00,1645473600,0.91597,0.91645,0.91526,0.91591,1204,0,0
2022-02-22T00:00:00+00:00,2022-02-22,05:30:00,1645488000,0.91589,0.91684,0.91551,0.91605,1027,1,0
2022-02-22T04:00:00+00:00,2022-02-22,09:30:00,1645502400,0.91604,0.91726,0.91517,0.91726,2820,0,0
2022-02-22T08:00:00+00:00,2022-02-22,13:30:00,1645516800,0.91728,0.91967,0.91711,0.91905,8131,0,0
2022-02-22T12:00:00+00:00,2022-02-22,17:30:00,1645531200,0.91906,0.92279,0.91827,0.92126,7451,0,0
2022-02-22T16:00:00+00:00,2022-02-22,21:30:00,1645545600,0.92125,0.92172,0.92011,0.92126,4380,0,0
2022-02-22T20:00:00+00:00,2022-02-23,01:30:00,1645560000,0.92124,0.92187,0.92085,0.92158,1193,0,0
2022-02-23T00:00:00+00:00,2022-02-23,05:30:00,1645574400,0.92156,0.92157,0.92062,0.92065,379,0,0
2022-02-23T04:00:00+00:00,2022-02-23,09:30:00,1645588800,0.92066,0.9218,0.92044,0.92112,1758,0,0
2022-02-23T08:00:00+00:00,2022-02-23,13:30:00,1645603200,0.92111,0.92188,0.91832,0.91967,6160,0,0
2022-02-23T12:00:00+00:00,2022-02-23,17:30:00,1645617600,0.91967,0.92017,0.91683,0.91719,5892,0,0
2022-02-23T16:00:00+00:00,2022-02-23,21:30:00,1645632000,0.9172,0.91857,0.9171,0.91818,3117,0,0
2022-02-23T20:00:00+00:00,2022-02-24,01:30:00,1645646400,0.91818,0.91857,0.91733,0.91754,1069,0,0
2022-02-24T00:00:00+00:00,2022-02-24,05:30:00,1645660800,0.91756,0.91873,0.91727,0.91784,1563,0,0
2022-02-24T04:00:00+00:00,2022-02-24,09:30:00,1645675200,0.91783,0.92023,0.91743,0.91958,8596,0,0
2022-02-24T08:00:00+00:00,2022-02-24,13:30:00,1645689600,0.91956,0.92475,0.91943,0.92332,15425,0,0
2022-02-24T12:00:00+00:00,2022-02-24,17:30:00,1645704000,0.92331,0.9285,0.92148,0.92842,14853,0,0
2022-02-24T16:00:00+00:00,2022-02-24,21:30:00,1645718400,0.9284,0.92891,0.92431,0.92603,11347,0,0
2022-02-24T20:00:00+00:00,2022-02-25,01:30:00,1645732800,0.92599,0.92613,0.92443,0.92581,2867,0,0
2022-02-25T00:00:00+00:00,2022-02-25,05:30:00,1645747200,0.92579,0.92594,0.92355,0.92368,2419,0,0
2022-02-25T04:00:00+00:00,2022-02-25,09:30:00,1645761600,0.9237,0.92403,0.92289,0.92389,4040,0,0
2022-02-25T08:00:00+00:00,2022-02-25,13:30:00,1645776000,0.92387,0.92662,0.92352,0.92648,8454,0,0
2022-02-25T12:00:00+00:00,2022-02-25,17:30:00,1645790400,0.92647,0.92822,0.92558,0.92793,10609,0,0
2022-02-25T16:00:00+00:00,2022-02-25,21:30:00,1645804800,0.92793,0.92843,0.92628,0.92643,4234,0,0
2022-02-25T20:00:00+00:00,2022-02-26,01:30:00,1645819200,0.92641,0.92669,0.92536,0.92552,1261,0,0
2022-02-27T20:00:00+00:00,2022-02-28,01:30:00,1645992000,0.92649,0.92766,0.92522,0.92686,2933,0,0
2022-02-28T00:00:00+00:00,2022-02-28,05:30:00,1646006400,0.92684,0.92782,0.9254,0.92703,5466,0,0
2022-02-28T04:00:00+00:00,2022-02-28,09:30:00,1646020800,0.92702,0.92706,0.92544,0.92576,4869,0,0
2022-02-28T08:00:00+00:00,2022-02-28,13:30:00,1646035200,0.92577,0.92663,0.92058,0.92181,10429,0,0
2022-02-28T12:00:00+00:00,2022-02-28,17:30:00,1646049600,0.92179,0.92354,0.91726,0.91743,10217,0,0
2022-02-28T16:00:00+00:00,2022-02-28,21:30:00,1646064000,0.91745,0.91896,0.91667,0.91667,6394,0,0
2022-02-28T20:00:00+00:00,2022-03-01,01:30:00,1646078400,0.91665,0.91761,0.91646,0.91758,1827,0,0
2022-03-01T00:00:00+00:00,2022-03-01,05:30:00,1646092800,0.91759,0.91947,0.91752,0.91857,1752,0,0
2022-03-01T04:00:00+00:00,2022-03-01,09:30:00,1646107200,0.91856,0.9186,0.91551,0.91609,2760,0,0
2022-03-01T08:00:00+00:00,2022-03-01,13:30:00,1646121600,0.9161,0.92055,0.91503,0.91743,10788,0,0
2022-03-01T12:00:00+00:00,2022-03-01,17:30:00,1646136000,0.91743,0.91995,0.91701,0.91943,8839,0,0
2022-03-01T16:00:00+00:00,2022-03-01,21:30:00,1646150400,0.91942,0.92032,0.91829,0.91901,7255,0,0
2022-03-01T20:00:00+00:00,2022-03-02,01:30:00,1646164800,0.919,0.91951,0.91783,0.91862,2096,0,0
2022-03-02T00:00:00+00:00,2022-03-02,05:30:00,1646179200,0.91864,0.92043,0.91856,0.91967,1226,0,0
2022-03-02T04:00:00+00:00,2022-03-02,09:30:00,1646193600,0.91967,0.92025,0.91881,0.91921,3348,0,0
2022-03-02T08:00:00+00:00,2022-03-02,13:30:00,1646208000,0.91921,0.92058,0.91665,0.91944,8465,0,0
2022-03-02T12:00:00+00:00,2022-03-02,17:30:00,1646222400,0.91945,0.92396,0.91898,0.92306,9444,0,0
2022-03-02T16:00:00+00:00,2022-03-02,21:30:00,1646236800,0.92307,0.92358,0.92012,0.92071,7620,0,0
2022-03-02T20:00:00+00:00,2022-03-03,01:30:00,1646251200,0.9207,0.92114,0.91997,0.92058,1735,0,0
2022-03-03T00:00:00+00:00,2022-03-03,05:30:00,1646265600,0.9206,0.92167,0.92034,0.92138,1867,0,0
2022-03-03T04:00:00+00:00,2022-03-03,09:30:00,1646280000,0.92138,0.92142,0.9192,0.91967,1797,0,0
2022-03-03T08:00:00+00:00,2022-03-03,13:30:00,1646294400,0.91968,0.92089,0.91897,0.92048,5406,0,0
2022-03-03T12:00:00+00:00,2022-03-03,17:30:00,1646308800,0.92049,0.92062,0.91794,0.92036,9361,0,0
2022-03-03T16:00:00+00:00,2022-03-03,21:30:00,1646323200,0.92033,0.92097,0.91881,0.91898,5386,0,0
2022-03-03T20:00:00+00:00,2022-03-04,01:30:00,1646337600,0.919,0.91916,0.91701,0.91788,1395,0,0
2022-03-04T00:00:00+00:00,2022-03-04,05:30:00,1646352000,0.9179,0.91956,0.9178,0.91878,6837,0,0
2022-03-04T04:00:00+00:00,2022-03-04,09:30:00,1646366400,0.91878,0.91928,0.91811,0.91881,3612,0,0
2022-03-04T08:00:00+00:00,2022-03-04,13:30:00,1646380800,0.9188,0.91969,0.91663,0.91784,7246,0,0
2022-03-04T12:00:00+00:00,2022-03-04,17:30:00,1646395200,0.91783,0.92103,0.91742,0.91868,11736,0,0
2022-03-04T16:00:00+00:00,2022-03-04,21:30:00,1646409600,0.91867,0.91951,0.91732,0.91829,5688,0,0
2022-03-04T20:00:00+00:00,2022-03-05,01:30:00,1646424000,0.91827,0.91833,0.91635,0.91693,1929,0,0
2022-03-06T20:00:00+00:00,2022-03-07,01:30:00,1646596800,0.91683,0.92044,0.91671,0.92026,1471,0,0
2022-03-07T00:00:00+00:00,2022-03-07,05:30:00,1646611200,0.92027,0.9216,0.91942,0.92005,5248,0,0
2022-03-07T04:00:00+00:00,2022-03-07,09:30:00,1646625600,0.92003,0.92142,0.91991,0.92077,5312,0,0
2022-03-07T08:00:00+00:00,2022-03-07,13:30:00,1646640000,0.92076,0.92589,0.91995,0.92522,8977,0,0
2022-03-07T12:00:00+00:00,2022-03-07,17:30:00,1646654400,0.92522,0.92724,0.92299,0.92576,13963,0,0
2022-03-07T16:00:00+00:00,2022-03-07,21:30:00,1646668800,0.92574,0.92719,0.92506,0.92587,8787,0,0
2022-03-07T20:00:00+00:00,2022-03-08,01:30:00,1646683200,0.92585,0.92638,0.92521,0.92542,2390,0,0
2022-03-08T00:00:00+00:00,2022-03-08,05:30:00,1646697600,0.92539,0.92619,0.92495,0.9256,3092,0,0
2022-03-08T04:00:00+00:00,2022-03-08,09:30:00,1646712000,0.92559,0.92688,0.92535,0.92685,4181,0,0
2022-03-08T08:00:00+00:00,2022-03-08,13:30:00,1646726400,0.92685,0.92936,0.92491,0.92587,10741,0,0
2022-03-08T12:00:00+00:00,2022-03-08,17:30:00,1646740800,0.92586,0.92923,0.92525,0.92893,11971,0,0
2022-03-08T16:00:00+00:00,2022-03-08,21:30:00,1646755200,0.92892,0.93067,0.9279,0.92925,12022,0,0
2022-03-08T20:00:00+00:00,2022-03-09,01:30:00,1646769600,0.92926,0.9303,0.92853,0.92964,1905,0,0
2022-03-09T00:00:00+00:00,2022-03-09,05:30:00,1646784000,0.92961,0.92993,0.92903,0.92907,1781,0,0
2022-03-09T04:00:00+00:00,2022-03-09,09:30:00,1646798400,0.92906,0.92924,0.92762,0.9288,2601,0,0
2022-03-09T08:00:00+00:00,2022-03-09,13:30:00,1646812800,0.92881,0.92925,0.92733,0.92802,8091,0,0
2022-03-09T12:00:00+00:00,2022-03-09,17:30:00,1646827200,0.92802,0.9289,0.92627,0.92669,9886,0,0
2022-03-09T16:00:00+00:00,2022-03-09,21:30:00,1646841600,0.92672,0.92715,0.92504,0.92647,7420,0,0
2022-03-09T20:00:00+00:00,2022-03-10,01:30:00,1646856000,0.92645,0.92697,0.92582,0.92656,2112,0,0
2022-03-10T00:00:00+00:00,2022-03-10,05:30:00,1646870400,0.92658,0.92839,0.92657,0.92808,1930,0,0
2022-03-10T04:00:00+00:00,2022-03-10,09:30:00,1646884800,0.92807,0.92819,0.92644,0.92729,2668,0,0
2022-03-10T08:00:00+00:00,2022-03-10,13:30:00,1646899200,0.92729,0.92777,0.92557,0.92686,9565,0,0
2022-03-10T12:00:00+00:00,2022-03-10,17:30:00,1646913600,0.92685,0.93094,0.92551,0.92736,17378,0,0
2022-03-10T16:00:00+00:00,2022-03-10,21:30:00,1646928000,0.92735,0.93054,0.92697,0.93024,4969,0,0
2022-03-10T20:00:00+00:00,2022-03-11,01:30:00,1646942400,0.93022,0.93079,0.92935,0.92945,1211,0,0
2022-03-11T00:00:00+00:00,2022-03-11,05:30:00,1646956800,0.92947,0.93079,0.92909,0.93006,1675,0,0
2022-03-11T04:00:00+00:00,2022-03-11,09:30:00,1646971200,0.93007,0.93106,0.92951,0.93042,3055,0,0
2022-03-11T08:00:00+00:00,2022-03-11,13:30:00,1646985600,0.93041,0.93207,0.92956,0.93164,8389,0,0
2022-03-11T12:00:00+00:00,2022-03-11,17:30:00,1647000000,0.93162,0.93305,0.93061,0.93296,7832,0,0
2022-03-11T16:00:00+00:00,2022-03-11,21:30:00,1647014400,0.93298,0.93498,0.93258,0.93491,5293,0,0
2022-03-11T20:00:00+00:00,2022-03-12,01:30:00,1647028800,0.93491,0.93498,0.93437,0.9349,945,0,0
2022-03-13T20:00:00+00:00,2022-03-14,01:30:00,1647201600,0.93391,0.93505,0.93379,0.93479,811,0,0
2022-03-14T00:00:00+00:00,2022-03-14,05:30:00,1647216000,0.9348,0.93634,0.93475,0.93614,2308,0,0
2022-03-14T04:00:00+00:00,2022-03-14,09:30:00,1647230400,0.93616,0.93637,0.9351,0.93597,3007,0,0
2022-03-14T08:00:00+00:00,2022-03-14,13:30:00,1647244800,0.93595,0.93619,0.93201,0.93575,8049,0,0
2022-03-14T12:00:00+00:00,2022-03-14,17:30:00,1647259200,0.93573,0.93622,0.93403,0.93584,6722,0,0
2022-03-14T16:00:00+00:00,2022-03-14,21:30:00,1647273600,0.93586,0.93843,0.93551,0.93818,4590,0,0
2022-03-14T20:00:00+00:00,2022-03-15,01:30:00,1647288000,0.93818,0.93868,0.93765,0.93855,872,0,0
2022-03-15T00:00:00+00:00,2022-03-15,05:30:00,1647302400,0.93853,0.93974,0.93816,0.93839,2100,0,0
2022-03-15T04:00:00+00:00,2022-03-15,09:30:00,1647316800,0.9384,0.94104,0.93747,0.93823,4667,0,0
2022-03-15T08:00:00+00:00,2022-03-15,13:30:00,1647331200,0.93824,0.93957,0.93723,0.93912,6695,0,0
2022-03-15T12:00:00+00:00,2022-03-15,17:30:00,1647345600,0.93911,0.9418,0.93814,0.94155,8342,0,0
2022-03-15T16:00:00+00:00,2022-03-15,21:30:00,1647360000,0.94155,0.94317,0.9404,0.94126,5610,0,0
2022-03-15T20:00:00+00:00,2022-03-16,01:30:00,1647374400,0.94127,0.94168,0.94064,0.94096,917,0,0
2022-03-16T00:00:00+00:00,2022-03-16,05:30:00,1647388800,0.94094,0.94107,0.93927,0.93982,1714,0,0
2022-03-16T04:00:00+00:00,2022-03-16,09:30:00,1647403200,0.9398,0.94114,0.93944,0.94099,2337,0,0
2022-03-16T08:00:00+00:00,2022-03-16,13:30:00,1647417600,0.941,0.94117,0.93903,0.93985,7162,0,0
2022-03-16T12:00:00+00:00,2022-03-16,17:30:00,1647432000,0.93982,0.94256,0.93914,0.9416,8298,0,0
2022-03-16T16:00:00+00:00,2022-03-16,21:30:00,1647446400,0.9416,0.94603,0.93982,0.93996,13677,0,0
2022-03-16T20:00:00+00:00,2022-03-17,01:30:00,1647460800,0.93994,0.94306,0.93982,0.94159,1566,0,0
2022-03-17T00:00:00+00:00,2022-03-17,05:30:00,1647475200,0.9416,0.94176,0.9395,0.9401,2846,0,0
2022-03-17T04:00:00+00:00,2022-03-17,09:30:00,1647489600,0.94007,0.94178,0.9397,0.94101,2894,0,0
2022-03-17T08:00:00+00:00,2022-03-17,13:30:00,1647504000,0.94103,0.94148,0.93922,0.93994,5862,0,0
2022-03-17T12:00:00+00:00,2022-03-17,17:30:00,1647518400,0.93993,0.94072,0.93498,0.93501,6730,0,0
2022-03-17T16:00:00+00:00,2022-03-17,21:30:00,1647532800,0.93502,0.93734,0.93362,0.93721,3428,0,0
2022-03-17T20:00:00+00:00,2022-03-18,01:30:00,1647547200,0.93722,0.93765,0.93613,0.93613,774,0,0
2022-03-18T00:00:00+00:00,2022-03-18,05:30:00,1647561600,0.93614,0.93715,0.93533,0.93647,2231,0,0
2022-03-18T04:00:00+00:00,2022-03-18,09:30:00,1647576000,0.93646,0.93826,0.93558,0.93645,2897,0,0
2022-03-18T08:00:00+00:00,2022-03-18,13:30:00,1647590400,0.93643,0.93654,0.93329,0.93558,5790,0,0
2022-03-18T12:00:00+00:00,2022-03-18,17:30:00,1647604800,0.93559,0.93733,0.93351,0.93352,7309,0,0
2022-03-18T16:00:00+00:00,2022-03-18,21:30:00,1647619200,0.93354,0.93382,0.93141,0.93213,3967,0,0
2022-03-18T20:00:00+00:00,2022-03-19,01:30:00,1647633600,0.93211,0.93238,0.93156,0.9318,316,0,0
2022-03-20T20:00:00+00:00,2022-03-21,01:30:00,1647806400,0.93171,0.93313,0.9316,0.93299,562,0,0
2022-03-21T00:00:00+00:00,2022-03-21,05:30:00,1647820800,0.93301,0.93342,0.93178,0.93342,1047,0,0
2022-03-21T04:00:00+00:00,2022-03-21,09:30:00,1647835200,0.93343,0.93524,0.93311,0.9335,2341,0,0
2022-03-21T08:00:00+00:00,2022-03-21,13:30:00,1647849600,0.93349,0.93349,0.92957,0.93069,5838,0,0
2022-03-21T12:00:00+00:00,2022-03-21,17:30:00,1647864000,0.93071,0.93158,0.92942,0.93041,5479,0,0
2022-03-21T16:00:00+00:00,2022-03-21,21:30:00,1647878400,0.93044,0.93376,0.93,0.93343,5652,0,0
2022-03-21T20:00:00+00:00,2022-03-22,01:30:00,1647892800,0.93345,0.93404,0.9333,0.93399,598,0,0
2022-03-22T00:00:00+00:00,2022-03-22,05:30:00,1647907200,0.93401,0.9363,0.93401,0.93517,2117,0,0
2022-03-22T04:00:00+00:00,2022-03-22,09:30:00,1647921600,0.93519,0.93758,0.93519,0.93615,3186,0,0
2022-03-22T08:00:00+00:00,2022-03-22,13:30:00,1647936000,0.93614,0.93679,0.93344,0.93357,6723,0,0
2022-03-22T12:00:00+00:00,2022-03-22,17:30:00,1647950400,0.93358,0.93358,0.9314,0.93247,7724,0,0
2022-03-22T16:00:00+00:00,2022-03-22,21:30:00,1647964800,0.93247,0.93352,0.93194,0.93304,3209,0,0
2022-03-22T20:00:00+00:00,2022-03-23,01:30:00,1647979200,0.93305,0.93369,0.93231,0.93349,981,0,0
2022-03-23T00:00:00+00:00,2022-03-23,05:30:00,1647993600,0.9335,0.93444,0.93277,0.93394,2442,0,0
2022-03-23T04:00:00+00:00,2022-03-23,09:30:00,1648008000,0.93396,0.93504,0.93379,0.93396,2269,0,0
2022-03-23T08:00:00+00:00,2022-03-23,13:30:00,1648022400,0.93395,0.93577,0.93368,0.93488,5800,0,0
2022-03-23T12:00:00+00:00,2022-03-23,17:30:00,1648036800,0.93488,0.93527,0.93133,0.93205,7323,0,0
2022-03-23T16:00:00+00:00,2022-03-23,21:30:00,1648051200,0.93205,0.9323,0.93011,0.931,3285,0,0
2022-03-23T20:00:00+00:00,2022-03-24,01:30:00,1648065600,0.93099,0.93104,0.92985,0.9308,710,0,0
2022-03-24T00:00:00+00:00,2022-03-24,05:30:00,1648080000,0.93081,0.93194,0.93071,0.93185,1748,0,0
2022-03-24T04:00:00+00:00,2022-03-24,09:30:00,1648094400,0.93184,0.93392,0.93177,0.93355,2716,0,0
2022-03-24T08:00:00+00:00,2022-03-24,13:30:00,1648108800,0.93357,0.9345,0.93042,0.93092,7765,0,0
2022-03-24T12:00:00+00:00,2022-03-24,17:30:00,1648123200,0.9309,0.93234,0.93022,0.93087,7688,0,0
2022-03-24T16:00:00+00:00,2022-03-24,21:30:00,1648137600,0.93087,0.93199,0.93028,0.93062,3360,0,0
2022-03-24T20:00:00+00:00,2022-03-25,01:30:00,1648152000,0.93062,0.93077,0.92929,0.92955,603,0,0
2022-03-25T00:00:00+00:00,2022-03-25,05:30:00,1648166400,0.92955,0.92955,0.92636,0.9274,3467,0,0
2022-03-25T04:00:00+00:00,2022-03-25,09:30:00,1648180800,0.92741,0.92783,0.92606,0.92705,3167,0,0
2022-03-25T08:00:00+00:00,2022-03-25,13:30:00,1648195200,0.92706,0.92781,0.92607,0.92626,4789,0,0
2022-03-25T12:00:00+00:00,2022-03-25,17:30:00,1648209600,0.92627,0.93087,0.92618,0.93087,8682,0,0
2022-03-25T16:00:00+00:00,2022-03-25,21:30:00,1648224000,0.93085,0.93137,0.9301,0.9306,4073,0,0
2022-03-25T20:00:00+00:00,2022-03-26,01:30:00,1648238400,0.93061,0.93098,0.93026,0.93057,234,0,0
2022-03-27T20:00:00+00:00,2022-03-28,01:30:00,1648411200,0.93048,0.93147,0.93005,0.93131,656,0,0
2022-03-28T00:00:00+00:00,2022-03-28,05:30:00,1648425600,0.9313,0.93407,0.93079,0.93369,3248,0,0
2022-03-28T04:00:00+00:00,2022-03-28,09:30:00,1648440000,0.93368,0.93556,0.93342,0.93548,4762,0,0
2022-03-28T08:00:00+00:00,2022-03-28,13:30:00,1648454400,0.93548,0.93815,0.93424,0.93604,9826,0,0
2022-03-28T12:00:00+00:00,2022-03-28,17:30:00,1648468800,0.93602,0.93669,0.93432,0.93445,10225,0,0
2022-03-28T16:00:00+00:00,2022-03-28,21:30:00,1648483200,0.93445,0.93605,0.93334,0.93503,4155,0,0
2022-03-28T20:00:00+00:00,2022-03-29,01:30:00,1648497600,0.93501,0.93526,0.93352,0.93353,767,0,0
2022-03-29T00:00:00+00:00,2022-03-29,05:30:00,1648512000,0.93351,0.93565,0.93263,0.93277,4592,0,0
2022-03-29T04:00:00+00:00,2022-03-29,09:30:00,1648526400,0.93279,0.93569,0.93278,0.93548,5111,0,0
2022-03-29T08:00:00+00:00,2022-03-29,13:30:00,1648540800,0.93548,0.9374,0.9343,0.93467,8915,0,0
2022-03-29T12:00:00+00:00,2022-03-29,17:30:00,1648555200,0.93465,0.93552,0.92979,0.93017,14685,0,0
2022-03-29T16:00:00+00:00,2022-03-29,21:30:00,1648569600,0.93019,0.93282,0.93019,0.93064,3663,0,0
2022-03-29T20:00:00+00:00,2022-03-30,01:30:00,1648584000,0.93066,0.93129,0.93032,0.9312,637,0,0
2022-03-30T00:00:00+00:00,2022-03-30,05:30:00,1648598400,0.93119,0.93134,0.92768,0.92855,5706,0,0
2022-03-30T04:00:00+00:00,2022-03-30,09:30:00,1648612800,0.92853,0.92904,0.92667,0.92818,6157,0,0
2022-03-30T08:00:00+00:00,2022-03-30,13:30:00,1648627200,0.92817,0.92832,0.92426,0.92653,8088,0,0
2022-03-30T12:00:00+00:00,2022-03-30,17:30:00,1648641600,0.92652,0.92724,0.92203,0.92333,9443,0,0
2022-03-30T16:00:00+00:00,2022-03-30,21:30:00,1648656000,0.92334,0.92361,0.92234,0.92332,2856,0,0
2022-03-30T20:00:00+00:00,2022-03-31,01:30:00,1648670400,0.92332,0.92337,0.92259,0.92318,683,0,0
2022-03-31T00:00:00+00:00,2022-03-31,05:30:00,1648684800,0.92318,0.92481,0.92233,0.92455,4976,0,0
2022-03-31T04:00:00+00:00,2022-03-31,09:30:00,1648699200,0.92456,0.92513,0.92293,0.92483,5326,0,0
2022-03-31T08:00:00+00:00,2022-03-31,13:30:00,1648713600,0.92482,0.9259,0.92337,0.92502,7722,0,0
2022-03-31T12:00:00+00:00,2022-03-31,17:30:00,1648728000,0.925,0.92535,0.91951,0.92125,11790,0,0
2022-03-31T16:00:00+00:00,2022-03-31,21:30:00,1648742400,0.92125,0.92424,0.92112,0.92406,4069,0,0
2022-03-31T20:00:00+00:00,2022-04-01,01:30:00,1648756800,0.92403,0.92403,0.9222,0.92322,880,0,0
2022-04-01T00:00:00+00:00,2022-04-01,05:30:00,1648771200,0.92323,0.92497,0.92312,0.92479,2823,0,0
2022-04-01T04:00:00+00:00,2022-04-01,09:30:00,1648785600,0.9248,0.92497,0.92208,0.92395,4853,0,0
2022-04-01T08:00:00+00:00,2022-04-01,13:30:00,1648800000,0.92395,0.92488,0.9235,0.92446,4860,0,0
2022-04-01T12:00:00+00:00,2022-04-01,17:30:00,1648814400,0.92447,0.92799,0.92378,0.92564,7698,0,0
2022-04-01T16:00:00+00:00,2022-04-01,21:30:00,1648828800,0.92563,0.92601,0.92518,0.92547,2134,0,0
2022-04-01T20:00:00+00:00,2022-04-02,01:30:00,1648843200,0.92549,0.92587,0.92472,0.92558,391,0,0
2022-04-03T20:00:00+00:00,2022-04-04,01:30:00,1649016000,0.92562,0.92651,0.92505,0.92595,542,0,0
2022-04-04T00:00:00+00:00,2022-04-04,05:30:00,1649030400,0.92594,0.92673,0.9248,0.92643,1704,0,0
2022-04-04T04:00:00+00:00,2022-04-04,09:30:00,1649044800,0.92644,0.92666,0.92472,0.92529,3213,0,0
2022-04-04T08:00:00+00:00,2022-04-04,13:30:00,1649059200,0.9253,0.92809,0.92519,0.92787,4468,0,0
2022-04-04T12:00:00+00:00,2022-04-04,17:30:00,1649073600,0.92785,0.92785,0.92451,0.92573,5824,0,0
2022-04-04T16:00:00+00:00,2022-04-04,21:30:00,1649088000,0.92574,0.9269,0.92571,0.92654,2234,0,0
2022-04-04T20:00:00+00:00,2022-04-05,01:30:00,1649102400,0.92656,0.92667,0.92609,0.92636,457,0,0
2022-04-05T00:00:00+00:00,2022-04-05,05:30:00,1649116800,0.92637,0.92672,0.92543,0.92593,2177,0,0
2022-04-05T04:00:00+00:00,2022-04-05,09:30:00,1649131200,0.92593,0.92678,0.92508,0.92566,3409,0,0
2022-04-05T08:00:00+00:00,2022-04-05,13:30:00,1649145600,0.92568,0.92645,0.92493,0.92518,4671,0,0
2022-04-05T12:00:00+00:00,2022-04-05,17:30:00,1649160000,0.92519,0.92942,0.92376,0.92926,7913,0,0
2022-04-05T16:00:00+00:00,2022-04-05,21:30:00,1649174400,0.92925,0.92982,0.92888,0.92937,2817,0,0
2022-04-05T20:00:00+00:00,2022-04-06,01:30:00,1649188800,0.92938,0.9297,0.92911,0.92966,529,0,0
2022-04-06T00:00:00+00:00,2022-04-06,05:30:00,1649203200,0.92967,0.93134,0.92955,0.93066,2316,0,0
2022-04-06T04:00:00+00:00,2022-04-06,09:30:00,1649217600,0.93065,0.93499,0.93063,0.93394,4428,0,0
2022-04-06T08:00:00+00:00,2022-04-06,13:30:00,1649232000,0.93395,0.93401,0.9323,0.93319,5239,0,0
2022-04-06T12:00:00+00:00,2022-04-06,17:30:00,1649246400,0.93317,0.93395,0.93194,0.93269,6396,0,0
2022-04-06T16:00:00+00:00,2022-04-06,21:30:00,1649260800,0.93268,0.93443,0.93046,0.93282,8206,0,0
2022-04-06T20:00:00+00:00,2022-04-07,01:30:00,1649275200,0.93284,0.93344,0.93231,0.93309,741,0,0
2022-04-07T00:00:00+00:00,2022-04-07,05:30:00,1649289600,0.93307,0.93308,0.93178,0.93262,1996,0,0
2022-04-07T04:00:00+00:00,2022-04-07,09:30:00,1649304000,0.9326,0.93306,0.93177,0.9323,3327,0,0
2022-04-07T08:00:00+00:00,2022-04-07,13:30:00,1649318400,0.9323,0.93477,0.93193,0.93283,5618,0,0
2022-04-07T12:00:00+00:00,2022-04-07,17:30:00,1649332800,0.93282,0.93381,0.93205,0.9333,6834,0,0
2022-04-07T16:00:00+00:00,2022-04-07,21:30:00,1649347200,0.9333,0.93455,0.93298,0.93406,3092,0,0
2022-04-07T20:00:00+00:00,2022-04-08,01:30:00,1649361600,0.93407,0.9348,0.93326,0.93453,728,0,0
2022-04-08T00:00:00+00:00,2022-04-08,05:30:00,1649376000,0.93454,0.93524,0.93368,0.9348,1852,0,0
2022-04-08T04:00:00+00:00,2022-04-08,09:30:00,1649390400,0.93479,0.93533,0.93397,0.93448,2974,0,0
2022-04-08T08:00:00+00:00,2022-04-08,13:30:00,1649404800,0.93447,0.93563,0.93442,0.93487,3825,0,0
2022-04-08T12:00:00+00:00,2022-04-08,17:30:00,1649419200,0.93485,0.93738,0.93329,0.93329,5916,0,0
2022-04-08T16:00:00+00:00,2022-04-08,21:30:00,1649433600,0.93331,0.93432,0.93273,0.93392,2312,0,0
2022-04-08T20:00:00+00:00,2022-04-09,01:30:00,1649448000,0.9339,0.93421,0.93381,0.9342,207,0,0
2022-04-10T20:00:00+00:00,2022-04-11,01:30:00,1649620800,0.93235,0.93434,0.93233,0.93431,912,0,0
2022-04-11T00:00:00+00:00,2022-04-11,05:30:00,1649635200,0.93429,0.93646,0.93417,0.936,2373,0,0
2022-04-11T04:00:00+00:00,2022-04-11,09:30:00,1649649600,0.93602,0.93719,0.93437,0.9348,4225,0,0
2022-04-11T08:00:00+00:00,2022-04-11,13:30:00,1649664000,0.9348,0.93513,0.93335,0.93389,4277,0,0
2022-04-11T12:00:00+00:00,2022-04-11,17:30:00,1649678400,0.93386,0.93435,0.93046,0.93089,6634,0,0
2022-04-11T16:00:00+00:00,2022-04-11,21:30:00,1649692800,0.93089,0.9317,0.93039,0.93136,2467,0,0
2022-04-11T20:00:00+00:00,2022-04-12,01:30:00,1649707200,0.93139,0.93166,0.93053,0.93151,676,0,0
2022-04-12T00:00:00+00:00,2022-04-12,05:30:00,1649721600,0.93149,0.93226,0.93055,0.93129,1918,0,0
2022-04-12T04:00:00+00:00,2022-04-12,09:30:00,1649736000,0.93127,0.93434,0.93051,0.93381,3939,0,0
2022-04-12T08:00:00+00:00,2022-04-12,13:30:00,1649750400,0.93382,0.93448,0.93206,0.93215,4145,0,0
2022-04-12T12:00:00+00:00,2022-04-12,17:30:00,1649764800,0.93215,0.93301,0.92867,0.93015,11332,0,0
2022-04-12T16:00:00+00:00,2022-04-12,21:30:00,1649779200,0.93017,0.93261,0.92893,0.93241,4394,0,0
2022-04-12T20:00:00+00:00,2022-04-13,01:30:00,1649793600,0.93241,0.93327,0.93229,0.93269,604,0,0
2022-04-13T00:00:00+00:00,2022-04-13,05:30:00,1649808000,0.93267,0.93381,0.93215,0.93226,1628,0,0
2022-04-13T04:00:00+00:00,2022-04-13,09:30:00,1649822400,0.93224,0.93432,0.93196,0.9322,4123,0,0
2022-04-13T08:00:00+00:00,2022-04-13,13:30:00,1649836800,0.93221,0.93427,0.93142,0.93424,4436,0,0
2022-04-13T12:00:00+00:00,2022-04-13,17:30:00,1649851200,0.93422,0.93564,0.93323,0.9337,8052,0,0
2022-04-13T16:00:00+00:00,2022-04-13,21:30:00,1649865600,0.9337,0.93506,0.93247,0.93504,4519,0,0
2022-04-13T20:00:00+00:00,2022-04-14,01:30:00,1649880000,0.93503,0.93518,0.93353,0.93397,677,0,0
2022-04-14T00:00:00+00:00,2022-04-14,05:30:00,1649894400,0.93396,0.93532,0.93244,0.93279,1967,0,0
2022-04-14T04:00:00+00:00,2022-04-14,09:30:00,1649908800,0.93277,0.93436,0.93251,0.93418,3408,0,0
2022-04-14T08:00:00+00:00,2022-04-14,13:30:00,1649923200,0.93419,0.93772,0.93419,0.93765,4396,0,0
2022-04-14T12:00:00+00:00,2022-04-14,17:30:00,1649937600,0.93763,0.94336,0.9362,0.9426,13110,0,0
2022-04-14T16:00:00+00:00,2022-04-14,21:30:00,1649952000,0.9426,0.94327,0.9411,0.94279,3430,0,0
2022-04-14T20:00:00+00:00,2022-04-15,01:30:00,1649966400,0.94278,0.94314,0.94128,0.94299,1962,0,0
2022-04-15T00:00:00+00:00,2022-04-15,05:30:00,1649980800,0.943,0.94404,0.94193,0.94343,3358,17,0
2022-04-15T04:00:00+00:00,2022-04-15,09:30:00,1649995200,0.94341,0.94395,0.94125,0.94174,15009,6,0
2022-04-15T08:00:00+00:00,2022-04-15,13:30:00,1650009600,0.94181,0.94303,0.94177,0.94208,2423,12,0
2022-04-15T12:00:00+00:00,2022-04-15,17:30:00,1650024000,0.94205,0.94289,0.9416,0.94276,3596,40,0
2022-04-15T16:00:00+00:00,2022-04-15,21:30:00,1650038400,0.9427,0.94341,0.94229,0.94249,910,59,0
2022-04-15T20:00:00+00:00,2022-04-16,01:30:00,1650052800,0.94251,0.94305,0.94209,0.94252,384,65,0
2022-04-17T20:00:00+00:00,2022-04-18,01:30:00,1650225600,0.94228,0.94374,0.94227,0.94247,878,0,0
2022-04-18T00:00:00+00:00,2022-04-18,05:30:00,1650240000,0.94248,0.9439,0.94225,0.94385,2354,0,0
2022-04-18T04:00:00+00:00,2022-04-18,09:30:00,1650254400,0.94384,0.94489,0.9432,0.94449,2183,0,0
2022-04-18T08:00:00+00:00,2022-04-18,13:30:00,1650268800,0.94448,0.94488,0.94212,0.94253,2139,0,0
2022-04-18T12:00:00+00:00,2022-04-18,17:30:00,1650283200,0.94254,0.9444,0.9423,0.94429,5822,0,0
2022-04-18T16:00:00+00:00,2022-04-18,21:30:00,1650297600,0.94427,0.94534,0.94409,0.94454,2682,0,0
2022-04-18T20:00:00+00:00,2022-04-19,01:30:00,1650312000,0.94453,0.94515,0.94393,0.94488,657,0,0
2022-04-19T00:00:00+00:00,2022-04-19,05:30:00,1650326400,0.94489,0.94663,0.94432,0.94558,2913,0,0
2022-04-19T04:00:00+00:00,2022-04-19,09:30:00,1650340800,0.94559,0.9463,0.94428,0.94438,4459,0,0
2022-04-19T08:00:00+00:00,2022-04-19,13:30:00,1650355200,0.94437,0.94922,0.94416,0.94664,5525,0,0
2022-04-19T12:00:00+00:00,2022-04-19,17:30:00,1650369600,0.94663,0.94973,0.94336,0.94819,12425,0,0
2022-04-19T16:00:00+00:00,2022-04-19,21:30:00,1650384000,0.94819,0.95223,0.94819,0.95161,3653,0,0
2022-04-19T20:00:00+00:00,2022-04-20,01:30:00,1650398400,0.95159,0.95244,0.95148,0.95218,1170,0,0
2022-04-20T00:00:00+00:00,2022-04-20,05:30:00,1650412800,0.95215,0.95363,0.95067,0.95091,4381,0,0
2022-04-20T04:00:00+00:00,2022-04-20,09:30:00,1650427200,0.9509,0.9515,0.94903,0.95014,3993,0,0
2022-04-20T08:00:00+00:00,2022-04-20,13:30:00,1650441600,0.95012,0.95019,0.94545,0.94675,6390,0,0
2022-04-20T12:00:00+00:00,2022-04-20,17:30:00,1650456000,0.94673,0.94925,0.94601,0.94708,8835,0,0
2022-04-20T16:00:00+00:00,2022-04-20,21:30:00,1650470400,0.94708,0.94916,0.94689,0.94827,4079,0,0
2022-04-20T20:00:00+00:00,2022-04-21,01:30:00,1650484800,0.94828,0.94945,0.94821,0.94913,1029,0,0
2022-04-21T00:00:00+00:00,2022-04-21,05:30:00,1650499200,0.94916,0.95145,0.94905,0.95073,2579,0,0
2022-04-21T04:00:00+00:00,2022-04-21,09:30:00,1650513600,0.9507,0.95093,0.94581,0.94581,6557,0,0
2022-04-21T08:00:00+00:00,2022-04-21,13:30:00,1650528000,0.94582,0.94972,0.94572,0.94957,6654,0,0
2022-04-21T12:00:00+00:00,2022-04-21,17:30:00,1650542400,0.94955,0.9539,0.94879,0.95314,9254,0,0
2022-04-21T16:00:00+00:00,2022-04-21,21:30:00,1650556800,0.95314,0.95533,0.95227,0.95253,6911,0,0
2022-04-21T20:00:00+00:00,2022-04-22,01:30:00,1650571200,0.95255,0.95402,0.95255,0.95376,946,0,0
2022-04-22T00:00:00+00:00,2022-04-22,05:30:00,1650585600,0.95378,0.95472,0.95353,0.95393,2511,0,0
2022-04-22T04:00:00+00:00,2022-04-22,09:30:00,1650600000,0.95391,0.95505,0.95289,0.95474,5370,0,0
2022-04-22T08:00:00+00:00,2022-04-22,13:30:00,1650614400,0.95475,0.95608,0.95439,0.95453,5244,0,0
2022-04-22T12:00:00+00:00,2022-04-22,17:30:00,1650628800,0.95452,0.95905,0.95433,0.95872,9708,0,0
2022-04-22T16:00:00+00:00,2022-04-22,21:30:00,1650643200,0.95869,0.95928,0.95624,0.95706,3627,0,0
2022-04-22T20:00:00+00:00,2022-04-23,01:30:00,1650657600,0.95708,0.95717,0.95644,0.95689,391,0,0
2022-04-24T20:00:00+00:00,2022-04-25,01:30:00,1650830400,0.95706,0.95752,0.95554,0.95576,993,0,0
2022-04-25T00:00:00+00:00,2022-04-25,05:30:00,1650844800,0.95574,0.95773,0.95554,0.957,3059,0,0
2022-04-25T04:00:00+00:00,2022-04-25,09:30:00,1650859200,0.95699,0.95974,0.95682,0.9579,7515,0,0
2022-04-25T08:00:00+00:00,2022-04-25,13:30:00,1650873600,0.95792,0.95918,0.95611,0.95617,7066,0,0
2022-04-25T12:00:00+00:00,2022-04-25,17:30:00,1650888000,0.95617,0.95871,0.95471,0.95854,11043,0,0
2022-04-25T16:00:00+00:00,2022-04-25,21:30:00,1650902400,0.95854,0.95965,0.95811,0.95871,4298,0,0
2022-04-25T20:00:00+00:00,2022-04-26,01:30:00,1650916800,0.9587,0.95962,0.95835,0.95854,1062,0,0
2022-04-26T00:00:00+00:00,2022-04-26,05:30:00,1650931200,0.95855,0.95875,0.95702,0.95863,3981,0,0
2022-04-26T04:00:00+00:00,2022-04-26,09:30:00,1650945600,0.95864,0.96032,0.95813,0.95948,5217,0,0
2022-04-26T08:00:00+00:00,2022-04-26,13:30:00,1650960000,0.95947,0.96,0.95742,0.95845,4827,0,0
2022-04-26T12:00:00+00:00,2022-04-26,17:30:00,1650974400,0.95846,0.96121,0.95645,0.96114,8546,0,0
2022-04-26T16:00:00+00:00,2022-04-26,21:30:00,1650988800,0.96115,0.96251,0.96062,0.96212,2685,0,0
2022-04-26T20:00:00+00:00,2022-04-27,01:30:00,1651003200,0.96213,0.96267,0.96149,0.96239,961,0,0
2022-04-27T00:00:00+00:00,2022-04-27,05:30:00,1651017600,0.9624,0.96336,0.96169,0.96324,2642,0,0
2022-04-27T04:00:00+00:00,2022-04-27,09:30:00,1651032000,0.96326,0.96547,0.96245,0.96495,4908,0,0
2022-04-27T08:00:00+00:00,2022-04-27,13:30:00,1651046400,0.96495,0.96593,0.96326,0.96592,7713,0,0
2022-04-27T12:00:00+00:00,2022-04-27,17:30:00,1651060800,0.96591,0.97012,0.96585,0.96946,9815,0,0
2022-04-27T16:00:00+00:00,2022-04-27,21:30:00,1651075200,0.96947,0.96951,0.96748,0.96867,3913,0,0
2022-04-27T20:00:00+00:00,2022-04-28,01:30:00,1651089600,0.96869,0.96926,0.96755,0.96885,763,0,0
2022-04-28T00:00:00+00:00,2022-04-28,05:30:00,1651104000,0.96882,0.97134,0.9687,0.97134,4095,0,0
2022-04-28T04:00:00+00:00,2022-04-28,09:30:00,1651118400,0.97132,0.97207,0.96837,0.96846,9530,0,0
2022-04-28T08:00:00+00:00,2022-04-28,13:30:00,1651132800,0.96845,0.97393,0.96807,0.97372,8894,0,0
2022-04-28T12:00:00+00:00,2022-04-28,17:30:00,1651147200,0.9737,0.97591,0.97048,0.97248,14482,0,0
2022-04-28T16:00:00+00:00,2022-04-28,21:30:00,1651161600,0.97246,0.9725,0.97049,0.97159,4469,0,0
2022-04-28T20:00:00+00:00,2022-04-29,01:30:00,1651176000,0.97157,0.97227,0.97154,0.97177,725,0,0
2022-04-29T00:00:00+00:00,2022-04-29,05:30:00,1651190400,0.97175,0.97218,0.97001,0.97136,2518,0,0
2022-04-29T04:00:00+00:00,2022-04-29,09:30:00,1651204800,0.97138,0.97168,0.96844,0.96878,5289,0,0
2022-04-29T08:00:00+00:00,2022-04-29,13:30:00,1651219200,0.96876,0.97191,0.96799,0.97108,7344,0,0
2022-04-29T12:00:00+00:00,2022-04-29,17:30:00,1651233600,0.97106,0.97365,0.96711,0.97216,12921,0,0
2022-04-29T16:00:00+00:00,2022-04-29,21:30:00,1651248000,0.97219,0.97341,0.96994,0.97265,5571,0,0
2022-04-29T20:00:00+00:00,2022-04-30,01:30:00,1651262400,0.97266,0.97355,0.97266,0.97343,496,0,0
2022-05-01T20:00:00+00:00,2022-05-02,01:30:00,1651435200,0.97126,0.9743,0.97107,0.97425,983,0,0
2022-05-02T00:00:00+00:00,2022-05-02,05:30:00,1651449600,0.97423,0.97498,0.97262,0.97436,2009,0,0
2022-05-02T04:00:00+00:00,2022-05-02,09:30:00,1651464000,0.97435,0.975,0.97164,0.97345,3119,0,0
2022-05-02T08:00:00+00:00,2022-05-02,13:30:00,1651478400,0.97344,0.9745,0.97145,0.97429,2752,0,0
2022-05-02T12:00:00+00:00,2022-05-02,17:30:00,1651492800,0.97428,0.97849,0.97345,0.9771,3757,0,0
2022-05-02T16:00:00+00:00,2022-05-02,21:30:00,1651507200,0.97709,0.97896,0.97678,0.97804,1780,0,0
2022-05-02T20:00:00+00:00,2022-05-03,01:30:00,1651521600,0.97803,0.97836,0.9771,0.97767,820,0,0
2022-05-03T00:00:00+00:00,2022-05-03,05:30:00,1651536000,0.97764,0.9779,0.97661,0.97722,1150,0,0
2022-05-03T04:00:00+00:00,2022-05-03,09:30:00,1651550400,0.97723,0.97919,0.97718,0.97799,3138,0,0
2022-05-03T08:00:00+00:00,2022-05-03,13:30:00,1651564800,0.97798,0.97941,0.97406,0.9744,3638,0,0
2022-05-03T12:00:00+00:00,2022-05-03,17:30:00,1651579200,0.97443,0.97911,0.97206,0.97839,5140,0,0
2022-05-03T16:00:00+00:00,2022-05-03,21:30:00,1651593600,0.9784,0.97998,0.97792,0.97827,2387,0,0
2022-05-03T20:00:00+00:00,2022-05-04,01:30:00,1651608000,0.97826,0.97927,0.97782,0.97884,709,0,0
2022-05-04T00:00:00+00:00,2022-05-04,05:30:00,1651622400,0.97886,0.97981,0.97827,0.97962,1178,0,0
2022-05-04T04:00:00+00:00,2022-05-04,09:30:00,1651636800,0.97964,0.97995,0.97815,0.97971,2459,0,0
2022-05-04T08:00:00+00:00,2022-05-04,13:30:00,1651651200,0.97971,0.98189,0.97964,0.98003,3260,0,0
2022-05-04T12:00:00+00:00,2022-05-04,17:30:00,1651665600,0.98004,0.9839,0.97912,0.98297,5807,0,0
2022-05-04T16:00:00+00:00,2022-05-04,21:30:00,1651680000,0.98296,0.98527,0.97244,0.97299,18164,0,0
2022-05-04T20:00:00+00:00,2022-05-05,01:30:00,1651694400,0.973,0.97484,0.97193,0.97334,2071,0,0
2022-05-05T00:00:00+00:00,2022-05-05,05:30:00,1651708800,0.97332,0.97422,0.97099,0.97276,3335,0,0
2022-05-05T04:00:00+00:00,2022-05-05,09:30:00,1651723200,0.97275,0.97781,0.97264,0.97666,5783,0,0
2022-05-05T08:00:00+00:00,2022-05-05,13:30:00,1651737600,0.97665,0.98135,0.97537,0.9813,7353,0,0
2022-05-05T12:00:00+00:00,2022-05-05,17:30:00,1651752000,0.98128,0.98783,0.97948,0.98752,10525,0,0
2022-05-05T16:00:00+00:00,2022-05-05,21:30:00,1651766400,0.9875,0.989,0.98458,0.98462,5464,0,0
2022-05-05T20:00:00+00:00,2022-05-06,01:30:00,1651780800,0.98463,0.98558,0.98415,0.9853,1959,0,0
2022-05-06T00:00:00+00:00,2022-05-06,05:30:00,1651795200,0.98532,0.98841,0.98461,0.98617,4146,0,0
2022-05-06T04:00:00+00:00,2022-05-06,09:30:00,1651809600,0.98618,0.98808,0.98347,0.98608,6788,0,0
2022-05-06T08:00:00+00:00,2022-05-06,13:30:00,1651824000,0.98611,0.98673,0.98287,0.9859,7883,0,0
2022-05-06T12:00:00+00:00,2022-05-06,17:30:00,1651838400,0.98589,0.98881,0.98274,0.98585,12322,0,0
2022-05-06T16:00:00+00:00,2022-05-06,21:30:00,1651852800,0.98585,0.98924,0.98513,0.98836,3052,0,0
2022-05-06T20:00:00+00:00,2022-05-07,01:30:00,1651867200,0.98839,0.98873,0.98808,0.98856,382,0,0
2022-05-08T20:00:00+00:00,2022-05-09,01:30:00,1652040000,0.98719,0.98946,0.98717,0.98914,1072,0,0
2022-05-09T00:00:00+00:00,2022-05-09,05:30:00,1652054400,0.98912,0.99186,0.98901,0.99136,3413,0,0
2022-05-09T04:00:00+00:00,2022-05-09,09:30:00,1652068800,0.99137,0.99461,0.99091,0.99316,6717,0,0
2022-05-09T08:00:00+00:00,2022-05-09,13:30:00,1652083200,0.99317,0.99405,0.99096,0.99263,7606,0,0
2022-05-09T12:00:00+00:00,2022-05-09,17:30:00,1652097600,0.99264,0.99657,0.98932,0.99299,9777,0,0
2022-05-09T16:00:00+00:00,2022-05-09,21:30:00,1652112000,0.99298,0.99405,0.9905,0.99289,5203,0,0
2022-05-09T20:00:00+00:00,2022-05-10,01:30:00,1652126400,0.9929,0.99396,0.99277,0.99307,1123,0,0
2022-05-10T00:00:00+00:00,2022-05-10,05:30:00,1652140800,0.99305,0.99364,0.99142,0.99148,3861,0,0
2022-05-10T04:00:00+00:00,2022-05-10,09:30:00,1652155200,0.99147,0.99345,0.991,0.99337,5924,0,0
2022-05-10T08:00:00+00:00,2022-05-10,13:30:00,1652169600,0.99335,0.99751,0.99263,0.99345,6919,0,0
2022-05-10T12:00:00+00:00,2022-05-10,17:30:00,1652184000,0.99343,0.99538,0.9906,0.99502,9918,0,0
2022-05-10T16:00:00+00:00,2022-05-10,21:30:00,1652198400,0.99501,0.99646,0.99401,0.9952,4071,0,0
2022-05-10T20:00:00+00:00,2022-05-11,01:30:00,1652212800,0.99518,0.99616,0.99503,0.99597,869,0,0
2022-05-11T00:00:00+00:00,2022-05-11,05:30:00,1652227200,0.99598,0.99641,0.99506,0.99557,2014,0,0
2022-05-11T04:00:00+00:00,2022-05-11,09:30:00,1652241600,0.99558,0.99559,0.99154,0.99204,6360,0,0
2022-05-11T08:00:00+00:00,2022-05-11,13:30:00,1652256000,0.99206,0.99232,0.98722,0.99013,8102,0,0
2022-05-11T12:00:00+00:00,2022-05-11,17:30:00,1652270400,0.99011,0.9962,0.98739,0.99075,19972,0,0
2022-05-11T16:00:00+00:00,2022-05-11,21:30:00,1652284800,0.99077,0.99441,0.9905,0.9942,6846,0,0
2022-05-11T20:00:00+00:00,2022-05-12,01:30:00,1652299200,0.99419,0.99481,0.9933,0.99458,1072,0,0
2022-05-12T00:00:00+00:00,2022-05-12,05:30:00,1652313600,0.99459,0.9954,0.99331,0.99528,2620,0,0
2022-05-12T04:00:00+00:00,2022-05-12,09:30:00,1652328000,0.9953,0.99685,0.99324,0.9956,6773,0,0
2022-05-12T08:00:00+00:00,2022-05-12,13:30:00,1652342400,0.99558,0.99745,0.99484,0.99719,6769,0,0
2022-05-12T12:00:00+00:00,2022-05-12,17:30:00,1652356800,0.99718,1.00051,0.9947,1.00048,11354,0,0
2022-05-12T16:00:00+00:00,2022-05-12,21:30:00,1652371200,1.00047,1.00493,0.99984,1.00421,7043,0,0
2022-05-12T20:00:00+00:00,2022-05-13,01:30:00,1652385600,1.00421,1.00434,1.00282,1.00333,1341,0,0
2022-05-13T00:00:00+00:00,2022-05-13,05:30:00,1652400000,1.00331,1.00417,1.00173,1.00259,3095,0,0
2022-05-13T04:00:00+00:00,2022-05-13,09:30:00,1652414400,1.00257,1.00302,0.99998,1.00043,5965,0,0
2022-05-13T08:00:00+00:00,2022-05-13,13:30:00,1652428800,1.00045,1.00175,0.99924,0.99995,6465,0,0
2022-05-13T12:00:00+00:00,2022-05-13,17:30:00,1652443200,0.99994,1.00472,0.99924,1.00136,10899,0,0
2022-05-13T16:00:00+00:00,2022-05-13,21:30:00,1652457600,1.00138,1.00352,1.00122,1.0027,3974,0,0
2022-05-13T20:00:00+00:00,2022-05-14,01:30:00,1652472000,1.0027,1.00303,1.00166,1.00191,574,0,0
2022-05-15T20:00:00+00:00,2022-05-16,01:30:00,1652644800,1.00131,1.00309,1.0012,1.00235,1257,0,0
2022-05-16T00:00:00+00:00,2022-05-16,05:30:00,1652659200,1.00237,1.00332,1.00173,1.00305,3694,0,0
2022-05-16T04:00:00+00:00,2022-05-16,09:30:00,1652673600,1.00306,1.00585,1.00226,1.00581,4888,0,0
2022-05-16T08:00:00+00:00,2022-05-16,13:30:00,1652688000,1.00579,1.00579,1.00329,1.00454,6255,0,0
2022-05-16T12:00:00+00:00,2022-05-16,17:30:00,1652702400,1.00456,1.00646,1.00245,1.00278,7591,0,0
2022-05-16T16:00:00+00:00,2022-05-16,21:30:00,1652716800,1.00278,1.00362,1.00078,1.00238,3057,0,0
2022-05-16T20:00:00+00:00,2022-05-17,01:30:00,1652731200,1.00236,1.00278,1.00146,1.00206,876,0,0
2022-05-17T00:00:00+00:00,2022-05-17,05:30:00,1652745600,1.00205,1.00237,1.00109,1.00212,2308,0,0
2022-05-17T04:00:00+00:00,2022-05-17,09:30:00,1652760000,1.00211,1.00229,0.99838,0.9984,4763,0,0
2022-05-17T08:00:00+00:00,2022-05-17,13:30:00,1652774400,0.99841,0.99855,0.99185,0.99246,7948,0,0
2022-05-17T12:00:00+00:00,2022-05-17,17:30:00,1652788800,0.99245,0.99413,0.99187,0.99322,7436,0,0
2022-05-17T16:00:00+00:00,2022-05-17,21:30:00,1652803200,0.99324,0.9959,0.99221,0.99383,7128,0,0
2022-05-17T20:00:00+00:00,2022-05-18,01:30:00,1652817600,0.99381,0.99443,0.99303,0.9937,757,0,0
2022-05-18T00:00:00+00:00,2022-05-18,05:30:00,1652832000,0.99371,0.99476,0.99238,0.99445,2397,0,0
2022-05-18T04:00:00+00:00,2022-05-18,09:30:00,1652846400,0.99442,0.99792,0.99373,0.99756,4249,0,0
2022-05-18T08:00:00+00:00,2022-05-18,13:30:00,1652860800,0.99755,0.99847,0.99549,0.99741,5607,0,0
2022-05-18T12:00:00+00:00,2022-05-18,17:30:00,1652875200,0.9974,0.99758,0.98745,0.99034,9152,0,0
2022-05-18T16:00:00+00:00,2022-05-18,21:30:00,1652889600,0.99035,0.99104,0.98603,0.9883,5375,0,0
2022-05-18T20:00:00+00:00,2022-05-19,01:30:00,1652904000,0.98829,0.98902,0.98711,0.98724,1432,0,0
2022-05-19T00:00:00+00:00,2022-05-19,05:30:00,1652918400,0.98726,0.98758,0.98564,0.9857,3519,0,0
2022-05-19T04:00:00+00:00,2022-05-19,09:30:00,1652932800,0.98572,0.98661,0.98028,0.98258,6552,0,0
2022-05-19T08:00:00+00:00,2022-05-19,13:30:00,1652947200,0.98257,0.98286,0.97494,0.97638,8324,0,0
2022-05-19T12:00:00+00:00,2022-05-19,17:30:00,1652961600,0.9764,0.9768,0.97092,0.97301,12077,0,0
2022-05-19T16:00:00+00:00,2022-05-19,21:30:00,1652976000,0.97299,0.97313,0.96971,0.97151,4351,0,0
2022-05-19T20:00:00+00:00,2022-05-20,01:30:00,1652990400,0.97153,0.97292,0.97153,0.9723,1040,0,0
2022-05-20T00:00:00+00:00,2022-05-20,05:30:00,1653004800,0.97229,0.97357,0.97073,0.97077,2987,0,0
2022-05-20T04:00:00+00:00,2022-05-20,09:30:00,1653019200,0.97079,0.97438,0.96942,0.9724,7816,0,0
2022-05-20T08:00:00+00:00,2022-05-20,13:30:00,1653033600,0.97242,0.97459,0.97003,0.97215,6563,0,0
2022-05-20T12:00:00+00:00,2022-05-20,17:30:00,1653048000,0.97213,0.97587,0.97168,0.97498,9713,0,0
2022-05-20T16:00:00+00:00,2022-05-20,21:30:00,1653062400,0.97497,0.97642,0.97397,0.97498,5190,0,0
2022-05-20T20:00:00+00:00,2022-05-21,01:30:00,1653076800,0.97499,0.97509,0.97415,0.97471,519,0,0
2022-05-22T20:00:00+00:00,2022-05-23,01:30:00,1653249600,0.97472,0.97515,0.97416,0.9751,771,0,0
2022-05-23T00:00:00+00:00,2022-05-23,05:30:00,1653264000,0.97509,0.97509,0.97128,0.97181,2850,0,0
2022-05-23T04:00:00+00:00,2022-05-23,09:30:00,1653278400,0.97182,0.97285,0.971,0.97103,4738,0,0
2022-05-23T08:00:00+00:00,2022-05-23,13:30:00,1653292800,0.97103,0.97169,0.96592,0.96769,7818,0,0
2022-05-23T12:00:00+00:00,2022-05-23,17:30:00,1653307200,0.96766,0.96818,0.96276,0.96645,11611,0,0
2022-05-23T16:00:00+00:00,2022-05-23,21:30:00,1653321600,0.96646,0.96694,0.96533,0.96616,2551,0,0
2022-05-23T20:00:00+00:00,2022-05-24,01:30:00,1653336000,0.96615,0.96646,0.96522,0.96582,1334,0,0
2022-05-24T00:00:00+00:00,2022-05-24,05:30:00,1653350400,0.96579,0.967,0.96562,0.96643,2059,0,0
2022-05-24T04:00:00+00:00,2022-05-24,09:30:00,1653364800,0.96641,0.96676,0.96181,0.96218,7344,0,0
2022-05-24T08:00:00+00:00,2022-05-24,13:30:00,1653379200,0.96216,0.96657,0.96106,0.96469,8138,0,0
2022-05-24T12:00:00+00:00,2022-05-24,17:30:00,1653393600,0.96468,0.9652,0.95741,0.95987,12373,0,0
2022-05-24T16:00:00+00:00,2022-05-24,21:30:00,1653408000,0.95988,0.96105,0.95957,0.96105,3677,0,0
2022-05-24T20:00:00+00:00,2022-05-25,01:30:00,1653422400,0.96106,0.96111,0.95982,0.96041,907,0,0
2022-05-25T00:00:00+00:00,2022-05-25,05:30:00,1653436800,0.9604,0.96292,0.96016,0.9623,3097,0,0
2022-05-25T04:00:00+00:00,2022-05-25,09:30:00,1653451200,0.96233,0.963,0.96132,0.96151,5814,0,0
2022-05-25T08:00:00+00:00,2022-05-25,13:30:00,1653465600,0.9615,0.96424,0.9614,0.9633,8113,0,0
2022-05-25T12:00:00+00:00,2022-05-25,17:30:00,1653480000,0.96329,0.96405,0.96075,0.9637,8720,0,0
2022-05-25T16:00:00+00:00,2022-05-25,21:30:00,1653494400,0.96372,0.96386,0.96087,0.96208,5275,0,0
2022-05-25T20:00:00+00:00,2022-05-26,01:30:00,1653508800,0.96206,0.96249,0.96121,0.9616,863,0,0
2022-05-26T00:00:00+00:00,2022-05-26,05:30:00,1653523200,0.96161,0.96214,0.96082,0.9614,2335,0,0
2022-05-26T04:00:00+00:00,2022-05-26,09:30:00,1653537600,0.96142,0.96328,0.95907,0.95942,5252,0,0
2022-05-26T08:00:00+00:00,2022-05-26,13:30:00,1653552000,0.95942,0.96104,0.95829,0.96059,7588,0,0
2022-05-26T12:00:00+00:00,2022-05-26,17:30:00,1653566400,0.9606,0.96161,0.95914,0.9595,8757,0,0
2022-05-26T16:00:00+00:00,2022-05-26,21:30:00,1653580800,0.95948,0.96081,0.95884,0.95933,4062,0,0
2022-05-26T20:00:00+00:00,2022-05-27,01:30:00,1653595200,0.95931,0.95946,0.95843,0.95864,859,0,0
2022-05-27T00:00:00+00:00,2022-05-27,05:30:00,1653609600,0.95863,0.95896,0.95655,0.95778,3099,0,0
2022-05-27T04:00:00+00:00,2022-05-27,09:30:00,1653624000,0.9578,0.96027,0.95746,0.95968,5135,0,0
2022-05-27T08:00:00+00:00,2022-05-27,13:30:00,1653638400,0.95967,0.95986,0.95733,0.95851,5909,0,0
2022-05-27T12:00:00+00:00,2022-05-27,17:30:00,1653652800,0.95851,0.95852,0.95449,0.95759,10413,0,0
2022-05-27T16:00:00+00:00,2022-05-27,21:30:00,1653667200,0.95758,0.95854,0.95736,0.95753,2998,0,0
2022-05-27T20:00:00+00:00,2022-05-28,01:30:00,1653681600,0.95751,0.9576,0.95711,0.95737,308,0,0
2022-05-29T20:00:00+00:00,2022-05-30,01:30:00,1653854400,0.95696,0.95831,0.95671,0.95797,613,0,0
2022-05-30T00:00:00+00:00,2022-05-30,05:30:00,1653868800,0.95795,0.95812,0.95563,0.95663,2194,0,0
2022-05-30T04:00:00+00:00,2022-05-30,09:30:00,1653883200,0.95666,0.95897,0.95541,0.95872,3976,0,0
2022-05-30T08:00:00+00:00,2022-05-30,13:30:00,1653897600,0.95871,0.95978,0.95655,0.95926,5981,0,0
2022-05-30T12:00:00+00:00,2022-05-30,17:30:00,1653912000,0.95927,0.96063,0.95685,0.95733,5700,0,0
2022-05-30T16:00:00+00:00,2022-05-30,21:30:00,1653926400,0.95731,0.95796,0.95693,0.95743,669,0,0
2022-05-30T20:00:00+00:00,2022-05-31,01:30:00,1653940800,0.95742,0.95837,0.95665,0.9583,698,0,0
2022-05-31T00:00:00+00:00,2022-05-31,05:30:00,1653955200,0.95832,0.96139,0.95824,0.95943,3545,0,0
2022-05-31T04:00:00+00:00,2022-05-31,09:30:00,1653969600,0.95941,0.96134,0.95893,0.96113,3700,0,0
2022-05-31T08:00:00+00:00,2022-05-31,13:30:00,1653984000,0.96115,0.96165,0.95794,0.95952,6288,0,0
2022-05-31T12:00:00+00:00,2022-05-31,17:30:00,1653998400,0.95953,0.96204,0.95679,0.95703,13508,0,0
2022-05-31T16:00:00+00:00,2022-05-31,21:30:00,1654012800,0.95704,0.95964,0.95691,0.9594,4135,0,0
2022-05-31T20:00:00+00:00,2022-06-01,01:30:00,1654027200,0.95939,0.95992,0.95843,0.95963,1253,0,0
2022-06-01T00:00:00+00:00,2022-06-01,05:30:00,1654041600,0.95966,0.96159,0.95951,0.96065,2475,0,0
2022-06-01T04:00:00+00:00,2022-06-01,09:30:00,1654056000,0.96064,0.96187,0.95893,0.96042,4229,0,0
2022-06-01T08:00:00+00:00,2022-06-01,13:30:00,1654070400,0.96044,0.96261,0.95919,0.96236,5211,0,0
2022-06-01T12:00:00+00:00,2022-06-01,17:30:00,1654084800,0.96236,0.96591,0.95958,0.96451,11063,0,0
2022-06-01T16:00:00+00:00,2022-06-01,21:30:00,1654099200,0.96452,0.96471,0.96229,0.96342,4524,0,0
2022-06-01T20:00:00+00:00,2022-06-02,01:30:00,1654113600,0.96342,0.96355,0.96213,0.96309,976,0,0
2022-06-02T00:00:00+00:00,2022-06-02,05:30:00,1654128000,0.96312,0.96365,0.962,0.96346,2223,0,0
2022-06-02T04:00:00+00:00,2022-06-02,09:30:00,1654142400,0.96344,0.96357,0.95757,0.95966,8225,0,0
2022-06-02T08:00:00+00:00,2022-06-02,13:30:00,1654156800,0.95965,0.96126,0.95897,0.96,5392,0,0
2022-06-02T12:00:00+00:00,2022-06-02,17:30:00,1654171200,0.96001,0.96148,0.95808,0.95936,11011,0,0
2022-06-02T16:00:00+00:00,2022-06-02,21:30:00,1654185600,0.95937,0.95937,0.95774,0.95774,2913,0,0
2022-06-02T20:00:00+00:00,2022-06-03,01:30:00,1654200000,0.95776,0.95809,0.95732,0.95763,1133,0,0
2022-06-03T00:00:00+00:00,2022-06-03,05:30:00,1654214400,0.95765,0.95807,0.95683,0.95767,1566,0,0
2022-06-03T04:00:00+00:00,2022-06-03,09:30:00,1654228800,0.95768,0.95821,0.95568,0.95627,2545,0,0
2022-06-03T08:00:00+00:00,2022-06-03,13:30:00,1654243200,0.95628,0.96062,0.95621,0.96023,5361,0,0
2022-06-03T12:00:00+00:00,2022-06-03,17:30:00,1654257600,0.96022,0.96429,0.95933,0.9637,12279,0,0
2022-06-03T16:00:00+00:00,2022-06-03,21:30:00,1654272000,0.96367,0.96377,0.96207,0.96253,2859,0,0
2022-06-03T20:00:00+00:00,2022-06-04,01:30:00,1654286400,0.96252,0.96301,0.96226,0.96262,495,0,0
2022-06-05T20:00:00+00:00,2022-06-06,01:30:00,1654459200,0.96241,0.96338,0.96208,0.96238,802,0,0
2022-06-06T00:00:00+00:00,2022-06-06,05:30:00,1654473600,0.96239,0.96291,0.96131,0.96142,1335,0,0
2022-06-06T04:00:00+00:00,2022-06-06,09:30:00,1654488000,0.9614,0.96238,0.96114,0.96118,3298,0,0
2022-06-06T08:00:00+00:00,2022-06-06,13:30:00,1654502400,0.96118,0.96211,0.96055,0.96195,3069,0,0
2022-06-06T12:00:00+00:00,2022-06-06,17:30:00,1654516800,0.96193,0.96936,0.96191,0.96906,7875,0,0
2022-06-06T16:00:00+00:00,2022-06-06,21:30:00,1654531200,0.96908,0.97144,0.96888,0.97054,3726,0,0
2022-06-06T20:00:00+00:00,2022-06-07,01:30:00,1654545600,0.97056,0.97189,0.97033,0.97142,828,0,0
2022-06-07T00:00:00+00:00,2022-06-07,05:30:00,1654560000,0.9714,0.97248,0.97102,0.97146,2592,0,0
2022-06-07T04:00:00+00:00,2022-06-07,09:30:00,1654574400,0.97145,0.97537,0.97058,0.97506,5384,0,0
2022-06-07T08:00:00+00:00,2022-06-07,13:30:00,1654588800,0.97507,0.97791,0.97324,0.97745,5613,0,0
2022-06-07T12:00:00+00:00,2022-06-07,17:30:00,1654603200,0.97743,0.97778,0.97203,0.97336,9452,0,0
2022-06-07T16:00:00+00:00,2022-06-07,21:30:00,1654617600,0.97335,0.97414,0.9716,0.97276,3551,0,0
2022-06-07T20:00:00+00:00,2022-06-08,01:30:00,1654632000,0.97277,0.97362,0.972,0.97361,729,0,0
2022-06-08T00:00:00+00:00,2022-06-08,05:30:00,1654646400,0.97359,0.97499,0.9733,0.97468,2788,0,0
2022-06-08T04:00:00+00:00,2022-06-08,09:30:00,1654660800,0.97466,0.97623,0.9737,0.97609,4230,0,0
2022-06-08T08:00:00+00:00,2022-06-08,13:30:00,1654675200,0.9761,0.97891,0.97535,0.97628,7389,0,0
2022-06-08T12:00:00+00:00,2022-06-08,17:30:00,1654689600,0.97629,0.97846,0.97305,0.97499,9162,0,0
2022-06-08T16:00:00+00:00,2022-06-08,21:30:00,1654704000,0.97496,0.97878,0.97487,0.97866,3278,0,0
2022-06-08T20:00:00+00:00,2022-06-09,01:30:00,1654718400,0.97865,0.97901,0.97737,0.9789,675,0,0
2022-06-09T00:00:00+00:00,2022-06-09,05:30:00,1654732800,0.97888,0.97933,0.9769,0.97714,1940,0,0
2022-06-09T04:00:00+00:00,2022-06-09,09:30:00,1654747200,0.97717,0.97987,0.97698,0.97937,4149,0,0
2022-06-09T08:00:00+00:00,2022-06-09,13:30:00,1654761600,0.97936,0.98012,0.97686,0.97749,8616,0,0
2022-06-09T12:00:00+00:00,2022-06-09,17:30:00,1654776000,0.97747,0.97968,0.97241,0.97781,19395,0,0
2022-06-09T16:00:00+00:00,2022-06-09,21:30:00,1654790400,0.97783,0.98095,0.97748,0.98081,3281,0,0
2022-06-09T20:00:00+00:00,2022-06-10,01:30:00,1654804800,0.98084,0.98176,0.97989,0.98041,1124,0,0
2022-06-10T00:00:00+00:00,2022-06-10,05:30:00,1654819200,0.98039,0.98072,0.97897,0.9791,1888,0,0
2022-06-10T04:00:00+00:00,2022-06-10,09:30:00,1654833600,0.97909,0.97958,0.97663,0.97843,4980,0,0
2022-06-10T08:00:00+00:00,2022-06-10,13:30:00,1654848000,0.97842,0.9843,0.97793,0.98393,6454,0,0
2022-06-10T12:00:00+00:00,2022-06-10,17:30:00,1654862400,0.98391,0.98982,0.98238,0.9887,17286,0,0
2022-06-10T16:00:00+00:00,2022-06-10,21:30:00,1654876800,0.98868,0.98913,0.98746,0.98826,3746,0,0
2022-06-10T20:00:00+00:00,2022-06-11,01:30:00,1654891200,0.98827,0.98837,0.98728,0.9876,1089,0,0
2022-06-12T20:00:00+00:00,2022-06-13,01:30:00,1655064000,0.98806,0.9897,0.98732,0.98934,1622,0,0
2022-06-13T00:00:00+00:00,2022-06-13,05:30:00,1655078400,0.98932,0.98999,0.9884,0.98918,4346,0,0
2022-06-13T04:00:00+00:00,2022-06-13,09:30:00,1655092800,0.98916,0.99181,0.98818,0.99147,5812,0,0
2022-06-13T08:00:00+00:00,2022-06-13,13:30:00,1655107200,0.99149,0.99456,0.98957,0.99434,9079,0,0
2022-06-13T12:00:00+00:00,2022-06-13,17:30:00,1655121600,0.99432,0.99787,0.99026,0.99668,13514,0,0
2022-06-13T16:00:00+00:00,2022-06-13,21:30:00,1655136000,0.99668,0.99946,0.99424,0.99836,10824,0,0
2022-06-13T20:00:00+00:00,2022-06-14,01:30:00,1655150400,0.99835,0.99909,0.99673,0.99676,1950,0,0
2022-06-14T00:00:00+00:00,2022-06-14,05:30:00,1655164800,0.99675,0.99775,0.9954,0.9959,5051,0,0
2022-06-14T04:00:00+00:00,2022-06-14,09:30:00,1655179200,0.99588,0.99688,0.99013,0.99045,7921,0,0
2022-06-14T08:00:00+00:00,2022-06-14,13:30:00,1655193600,0.99048,0.99446,0.98736,0.99409,12656,0,0
2022-06-14T12:00:00+00:00,2022-06-14,17:30:00,1655208000,0.99408,1.0028,0.99336,1.00177,16974,0,0
2022-06-14T16:00:00+00:00,2022-06-14,21:30:00,1655222400,1.00178,1.0037,1.00014,1.00187,8101,0,0
2022-06-14T20:00:00+00:00,2022-06-15,01:30:00,1655236800,1.00186,1.00215,0.99934,0.99952,2100,0,0
2022-06-15T00:00:00+00:00,2022-06-15,05:30:00,1655251200,0.9995,1.00065,0.99867,0.9994,4513,0,0
2022-06-15T04:00:00+00:00,2022-06-15,09:30:00,1655265600,0.99938,1.00197,0.99721,0.99902,10804,0,0
2022-06-15T08:00:00+00:00,2022-06-15,13:30:00,1655280000,0.99903,0.99946,0.99616,0.99931,12990,0,0
2022-06-15T12:00:00+00:00,2022-06-15,17:30:00,1655294400,0.9993,1.00237,0.99822,1.00229,14310,0,0
2022-06-15T16:00:00+00:00,2022-06-15,21:30:00,1655308800,1.0023,1.005,0.99341,0.99451,30274,0,0
2022-06-15T20:00:00+00:00,2022-06-16,01:30:00,1655323200,0.99452,0.99622,0.99318,0.99452,2649,0,0
2022-06-16T00:00:00+00:00,2022-06-16,05:30:00,1655337600,0.99449,0.99817,0.99326,0.99503,4832,0,0
2022-06-16T04:00:00+00:00,2022-06-16,09:30:00,1655352000,0.99502,0.99893,0.97849,0.97942,18861,0,0
2022-06-16T08:00:00+00:00,2022-06-16,13:30:00,1655366400,0.97942,0.98433,0.97709,0.98054,23127,0,0
2022-06-16T12:00:00+00:00,2022-06-16,17:30:00,1655380800,0.98052,0.98052,0.96609,0.96633,19590,0,0
2022-06-16T16:00:00+00:00,2022-06-16,21:30:00,1655395200,0.96633,0.96791,0.96296,0.96564,11440,0,0
2022-06-16T20:00:00+00:00,2022-06-17,01:30:00,1655409600,0.96563,0.96733,0.96546,0.9669,2353,0,0
2022-06-17T00:00:00+00:00,2022-06-17,05:30:00,1655424000,0.96688,0.97117,0.96619,0.97076,8324,0,0
2022-06-17T04:00:00+00:00,2022-06-17,09:30:00,1655438400,0.97078,0.97078,0.9635,0.96357,11048,0,0
2022-06-17T08:00:00+00:00,2022-06-17,13:30:00,1655452800,0.96356,0.96743,0.96197,0.96344,12831,0,0
2022-06-17T12:00:00+00:00,2022-06-17,17:30:00,1655467200,0.96344,0.97328,0.96277,0.9717,18665,0,0
2022-06-17T16:00:00+00:00,2022-06-17,21:30:00,1655481600,0.9717,0.97237,0.96925,0.97057,6681,0,0
2022-06-17T20:00:00+00:00,2022-06-18,01:30:00,1655496000,0.97059,0.97114,0.96939,0.96988,1142,0,0
2022-06-19T20:00:00+00:00,2022-06-20,01:30:00,1655668800,0.97029,0.97144,0.96878,0.96984,1439,0,0
2022-06-20T00:00:00+00:00,2022-06-20,05:30:00,1655683200,0.96982,0.97043,0.96609,0.96612,4221,0,0
2022-06-20T04:00:00+00:00,2022-06-20,09:30:00,1655697600,0.96614,0.96731,0.96434,0.96523,6559,0,0
2022-06-20T08:00:00+00:00,2022-06-20,13:30:00,1655712000,0.96521,0.96623,0.96222,0.96616,8160,0,0
2022-06-20T12:00:00+00:00,2022-06-20,17:30:00,1655726400,0.96618,0.96826,0.96521,0.96578,8042,0,0
2022-06-20T16:00:00+00:00,2022-06-20,21:30:00,1655740800,0.96578,0.96898,0.96569,0.96783,1703,0,0
2022-06-20T20:00:00+00:00,2022-06-21,01:30:00,1655755200,0.96786,0.96801,0.96695,0.96748,1307,0,0
2022-06-21T00:00:00+00:00,2022-06-21,05:30:00,1655769600,0.96746,0.96774,0.96575,0.96667,2792,0,0
2022-06-21T04:00:00+00:00,2022-06-21,09:30:00,1655784000,0.96669,0.96759,0.9639,0.96424,5920,0,0
2022-06-21T08:00:00+00:00,2022-06-21,13:30:00,1655798400,0.96425,0.96839,0.96425,0.96761,8981,0,0
2022-06-21T12:00:00+00:00,2022-06-21,17:30:00,1655812800,0.96759,0.96836,0.96323,0.96607,14052,0,0
2022-06-21T16:00:00+00:00,2022-06-21,21:30:00,1655827200,0.96608,0.96722,0.96512,0.96674,5001,0,0
2022-06-21T20:00:00+00:00,2022-06-22,01:30:00,1655841600,0.96673,0.96702,0.96556,0.96623,1189,0,0
2022-06-22T00:00:00+00:00,2022-06-22,05:30:00,1655856000,0.96621,0.96804,0.9658,0.96677,3383,0,0
2022-06-22T04:00:00+00:00,2022-06-22,09:30:00,1655870400,0.96674,0.96897,0.96633,0.96745,7444,0,0
2022-06-22T08:00:00+00:00,2022-06-22,13:30:00,1655884800,0.96744,0.96825,0.96418,0.96585,9748,0,0
2022-06-22T12:00:00+00:00,2022-06-22,17:30:00,1655899200,0.96583,0.96608,0.95806,0.96176,18024,0,0
2022-06-22T16:00:00+00:00,2022-06-22,21:30:00,1655913600,0.96178,0.96248,0.96029,0.96179,5920,0,0
2022-06-22T20:00:00+00:00,2022-06-23,01:30:00,1655928000,0.96181,0.96222,0.96093,0.96171,1240,0,0
2022-06-23T00:00:00+00:00,2022-06-23,05:30:00,1655942400,0.96173,0.96245,0.95987,0.96133,4570,0,0
2022-06-23T04:00:00+00:00,2022-06-23,09:30:00,1655956800,0.96135,0.96673,0.96038,0.96642,8987,0,0
2022-06-23T08:00:00+00:00,2022-06-23,13:30:00,1655971200,0.9664,0.96787,0.96456,0.96487,11055,0,0
2022-06-23T12:00:00+00:00,2022-06-23,17:30:00,1655985600,0.96489,0.96565,0.95669,0.96085,21780,0,0
2022-06-23T16:00:00+00:00,2022-06-23,21:30:00,1656000000,0.96084,0.96193,0.95965,0.96046,6977,0,0
2022-06-23T20:00:00+00:00,2022-06-24,01:30:00,1656014400,0.96047,0.96166,0.96024,0.96136,1064,0,0
2022-06-24T00:00:00+00:00,2022-06-24,05:30:00,1656028800,0.96134,0.96273,0.96062,0.96112,3959,0,0
2022-06-24T04:00:00+00:00,2022-06-24,09:30:00,1656043200,0.96115,0.96145,0.95919,0.96135,5932,0,0
2022-06-24T08:00:00+00:00,2022-06-24,13:30:00,1656057600,0.96133,0.96326,0.95622,0.95662,9993,0,0
2022-06-24T12:00:00+00:00,2022-06-24,17:30:00,1656072000,0.95663,0.95738,0.95221,0.95693,21093,0,0
2022-06-24T16:00:00+00:00,2022-06-24,21:30:00,1656086400,0.95694,0.96018,0.95653,0.95812,6753,0,0
2022-06-24T20:00:00+00:00,2022-06-25,01:30:00,1656100800,0.95811,0.95912,0.95808,0.95849,609,0,0
2022-06-26T20:00:00+00:00,2022-06-27,01:30:00,1656273600,0.95743,0.95841,0.95631,0.95734,1318,0,0
2022-06-27T00:00:00+00:00,2022-06-27,05:30:00,1656288000,0.95732,0.95818,0.95644,0.95744,3985,0,0
2022-06-27T04:00:00+00:00,2022-06-27,09:30:00,1656302400,0.95746,0.95843,0.95601,0.95669,5407,0,0
2022-06-27T08:00:00+00:00,2022-06-27,13:30:00,1656316800,0.95667,0.96005,0.95589,0.95967,7521,0,0
2022-06-27T12:00:00+00:00,2022-06-27,17:30:00,1656331200,0.95965,0.96204,0.95433,0.95528,14524,0,0
2022-06-27T16:00:00+00:00,2022-06-27,21:30:00,1656345600,0.95526,0.95661,0.95463,0.95633,4901,0,0
2022-06-27T20:00:00+00:00,2022-06-28,01:30:00,1656360000,0.95633,0.9568,0.95586,0.95639,943,0,0
2022-06-28T00:00:00+00:00,2022-06-28,05:30:00,1656374400,0.95637,0.95644,0.95512,0.95586,2953,0,0
2022-06-28T04:00:00+00:00,2022-06-28,09:30:00,1656388800,0.95584,0.95681,0.95413,0.95506,7303,0,0
2022-06-28T08:00:00+00:00,2022-06-28,13:30:00,1656403200,0.95507,0.95685,0.95339,0.9563,10907,0,0
2022-06-28T12:00:00+00:00,2022-06-28,17:30:00,1656417600,0.95633,0.9587,0.95574,0.95642,14554,0,0
2022-06-28T16:00:00+00:00,2022-06-28,21:30:00,1656432000,0.9564,0.9579,0.95563,0.95725,5910,0,0
2022-06-28T20:00:00+00:00,2022-06-29,01:30:00,1656446400,0.95726,0.95798,0.95658,0.95681,1826,0,0
2022-06-29T00:00:00+00:00,2022-06-29,05:30:00,1656460800,0.95683,0.95714,0.95507,0.95639,2889,0,0
2022-06-29T04:00:00+00:00,2022-06-29,09:30:00,1656475200,0.95637,0.95783,0.95514,0.95624,9592,0,0
2022-06-29T08:00:00+00:00,2022-06-29,13:30:00,1656489600,0.95625,0.95676,0.94952,0.95089,13328,0,0
2022-06-29T12:00:00+00:00,2022-06-29,17:30:00,1656504000,0.95091,0.95497,0.95048,0.95407,16113,0,0
2022-06-29T16:00:00+00:00,2022-06-29,21:30:00,1656518400,0.95409,0.95542,0.95354,0.9552,4681,0,0
2022-06-29T20:00:00+00:00,2022-06-30,01:30:00,1656532800,0.95521,0.95527,0.95406,0.95417,1570,0,0
2022-06-30T00:00:00+00:00,2022-06-30,05:30:00,1656547200,0.95418,0.95552,0.95369,0.95413,3513,0,0
2022-06-30T04:00:00+00:00,2022-06-30,09:30:00,1656561600,0.95414,0.95749,0.95299,0.95519,7588,0,0
2022-06-30T08:00:00+00:00,2022-06-30,13:30:00,1656576000,0.95518,0.96056,0.95398,0.9573,11700,0,0
2022-06-30T12:00:00+00:00,2022-06-30,17:30:00,1656590400,0.9573,0.95944,0.95437,0.95515,20210,0,0
2022-06-30T16:00:00+00:00,2022-06-30,21:30:00,1656604800,0.95513,0.95528,0.9535,0.95464,5471,0,0
2022-06-30T20:00:00+00:00,2022-07-01,01:30:00,1656619200,0.95462,0.95563,0.95412,0.95515,2141,0,0
2022-07-01T00:00:00+00:00,2022-07-01,05:30:00,1656633600,0.95512,0.95685,0.9549,0.95634,3266,0,0
2022-07-01T04:00:00+00:00,2022-07-01,09:30:00,1656648000,0.95636,0.95862,0.95472,0.95834,9191,0,0
2022-07-01T08:00:00+00:00,2022-07-01,13:30:00,1656662400,0.95834,0.96126,0.95694,0.96057,10268,0,0
2022-07-01T12:00:00+00:00,2022-07-01,17:30:00,1656676800,0.96056,0.96419,0.96026,0.96235,18412,0,0
2022-07-01T16:00:00+00:00,2022-07-01,21:30:00,1656691200,0.96233,0.96318,0.95936,0.95989,6289,0,0
2022-07-01T20:00:00+00:00,2022-07-02,01:30:00,1656705600,0.95987,0.96017,0.95924,0.95935,405,0,0
2022-07-03T20:00:00+00:00,2022-07-04,01:30:00,1656878400,0.96067,0.96094,0.95849,0.95865,1198,0,0
2022-07-04T00:00:00+00:00,2022-07-04,05:30:00,1656892800,0.95867,0.95948,0.95804,0.95924,3044,0,0
2022-07-04T04:00:00+00:00,2022-07-04,09:30:00,1656907200,0.95923,0.95958,0.95608,0.95928,6212,0,0
2022-07-04T08:00:00+00:00,2022-07-04,13:30:00,1656921600,0.95926,0.96062,0.95889,0.96037,7111,0,0
2022-07-04T12:00:00+00:00,2022-07-04,17:30:00,1656936000,0.96036,0.96175,0.95984,0.96075,6412,0,0
2022-07-04T16:00:00+00:00,2022-07-04,21:30:00,1656950400,0.96075,0.96153,0.96043,0.96135,1030,0,0
2022-07-04T20:00:00+00:00,2022-07-05,01:30:00,1656964800,0.96136,0.9614,0.96049,0.96099,940,0,0
2022-07-05T00:00:00+00:00,2022-07-05,05:30:00,1656979200,0.96101,0.96145,0.96032,0.96064,2473,0,0
2022-07-05T04:00:00+00:00,2022-07-05,09:30:00,1656993600,0.96065,0.96261,0.95931,0.96109,6558,0,0
2022-07-05T08:00:00+00:00,2022-07-05,13:30:00,1657008000,0.9611,0.9661,0.96055,0.96517,12781,0,0
2022-07-05T12:00:00+00:00,2022-07-05,17:30:00,1657022400,0.96516,0.97048,0.96471,0.96895,13684,0,0
2022-07-05T16:00:00+00:00,2022-07-05,21:30:00,1657036800,0.96894,0.97025,0.96797,0.96826,4867,0,0
2022-07-05T20:00:00+00:00,2022-07-06,01:30:00,1657051200,0.96828,0.96881,0.96798,0.96849,1341,0,0
2022-07-06T00:00:00+00:00,2022-07-06,05:30:00,1657065600,0.9685,0.96892,0.9672,0.96831,3030,0,0
2022-07-06T04:00:00+00:00,2022-07-06,09:30:00,1657080000,0.96829,0.96923,0.96721,0.96848,8065,0,0
2022-07-06T08:00:00+00:00,2022-07-06,13:30:00,1657094400,0.96849,0.97253,0.96716,0.9714,11445,0,0
2022-07-06T12:00:00+00:00,2022-07-06,17:30:00,1657108800,0.97138,0.97438,0.96881,0.97169,19036,0,0
2022-07-06T16:00:00+00:00,2022-07-06,21:30:00,1657123200,0.97168,0.97281,0.96979,0.9706,10022,0,0
2022-07-06T20:00:00+00:00,2022-07-07,01:30:00,1657137600,0.97061,0.97117,0.96981,0.97028,1410,0,0
2022-07-07T00:00:00+00:00,2022-07-07,05:30:00,1657152000,0.97031,0.97084,0.9685,0.969,4148,0,0
2022-07-07T04:00:00+00:00,2022-07-07,09:30:00,1657166400,0.96901,0.9717,0.9682,0.97105,6277,0,0
2022-07-07T08:00:00+00:00,2022-07-07,13:30:00,1657180800,0.97106,0.97319,0.96984,0.97265,10599,0,0
2022-07-07T12:00:00+00:00,2022-07-07,17:30:00,1657195200,0.97263,0.97417,0.97145,0.97352,12010,0,0
2022-07-07T16:00:00+00:00,2022-07-07,21:30:00,1657209600,0.9735,0.97486,0.97312,0.97407,4365,0,0
2022-07-07T20:00:00+00:00,2022-07-08,01:30:00,1657224000,0.97408,0.97442,0.97318,0.97385,1077,0,0
2022-07-08T00:00:00+00:00,2022-07-08,05:30:00,1657238400,0.97383,0.97434,0.97232,0.97351,3449,0,0
2022-07-08T04:00:00+00:00,2022-07-08,09:30:00,1657252800,0.97352,0.97978,0.97331,0.97762,7623,0,0
2022-07-08T08:00:00+00:00,2022-07-08,13:30:00,1657267200,0.97764,0.9785,0.97599,0.97617,10107,0,0
2022-07-08T12:00:00+00:00,2022-07-08,17:30:00,1657281600,0.97616,0.97932,0.97473,0.97766,22176,0,0
2022-07-08T16:00:00+00:00,2022-07-08,21:30:00,1657296000,0.97767,0.97895,0.9761,0.97665,4349,0,0
2022-07-08T20:00:00+00:00,2022-07-09,01:30:00,1657310400,0.97666,0.97706,0.97628,0.97676,775,0,0
2022-07-10T20:00:00+00:00,2022-07-11,01:30:00,1657483200,0.9767,0.97788,0.97656,0.97776,1117,0,0
2022-07-11T00:00:00+00:00,2022-07-11,05:30:00,1657497600,0.97777,0.97974,0.97765,0.97848,3122,0,0
2022-07-11T04:00:00+00:00,2022-07-11,09:30:00,1657512000,0.97847,0.98016,0.97798,0.97938,6124,0,0
2022-07-11T08:00:00+00:00,2022-07-11,13:30:00,1657526400,0.97937,0.98178,0.97819,0.98106,7184,0,0
2022-07-11T12:00:00+00:00,2022-07-11,17:30:00,1657540800,0.98107,0.98433,0.97906,0.97949,13745,0,0
2022-07-11T16:00:00+00:00,2022-07-11,21:30:00,1657555200,0.97947,0.98285,0.97871,0.98185,5366,0,0
2022-07-11T20:00:00+00:00,2022-07-12,01:30:00,1657569600,0.98184,0.9834,0.98159,0.98296,1628,0,0
2022-07-12T00:00:00+00:00,2022-07-12,05:30:00,1657584000,0.98299,0.98443,0.98169,0.98292,5083,0,0
2022-07-12T04:00:00+00:00,2022-07-12,09:30:00,1657598400,0.98295,0.9853,0.98295,0.98415,8721,0,0
2022-07-12T08:00:00+00:00,2022-07-12,13:30:00,1657612800,0.98414,0.98587,0.98303,0.98411,11521,0,0
2022-07-12T12:00:00+00:00,2022-07-12,17:30:00,1657627200,0.98412,0.98481,0.9804,0.98136,12697,0,0
2022-07-12T16:00:00+00:00,2022-07-12,21:30:00,1657641600,0.98135,0.98229,0.98096,0.98217,4571,0,0
2022-07-12T20:00:00+00:00,2022-07-13,01:30:00,1657656000,0.98218,0.98269,0.98149,0.98197,1307,0,0
2022-07-13T00:00:00+00:00,2022-07-13,05:30:00,1657670400,0.98199,0.983,0.98118,0.98191,3283,0,0
2022-07-13T04:00:00+00:00,2022-07-13,09:30:00,1657684800,0.98188,0.98252,0.97846,0.97897,8064,0,0
2022-07-13T08:00:00+00:00,2022-07-13,13:30:00,1657699200,0.97898,0.97981,0.97577,0.97577,8866,0,0
2022-07-13T12:00:00+00:00,2022-07-13,17:30:00,1657713600,0.97576,0.98273,0.97566,0.97865,30147,0,0
2022-07-13T16:00:00+00:00,2022-07-13,21:30:00,1657728000,0.97864,0.97952,0.97665,0.97894,8385,0,0
2022-07-13T20:00:00+00:00,2022-07-14,01:30:00,1657742400,0.97896,0.98107,0.97805,0.98087,1625,0,0
2022-07-14T00:00:00+00:00,2022-07-14,05:30:00,1657756800,0.98084,0.98263,0.9807,0.98152,4355,0,0
2022-07-14T04:00:00+00:00,2022-07-14,09:30:00,1657771200,0.9815,0.9845,0.9814,0.98437,7174,0,0
2022-07-14T08:00:00+00:00,2022-07-14,13:30:00,1657785600,0.98435,0.98629,0.98263,0.98329,9681,0,0
2022-07-14T12:00:00+00:00,2022-07-14,17:30:00,1657800000,0.98331,0.9886,0.98222,0.98292,18266,0,0
2022-07-14T16:00:00+00:00,2022-07-14,21:30:00,1657814400,0.98294,0.98578,0.98246,0.98377,10120,0,0
2022-07-14T20:00:00+00:00,2022-07-15,01:30:00,1657828800,0.98376,0.98395,0.98255,0.98297,1290,0,0
2022-07-15T00:00:00+00:00,2022-07-15,05:30:00,1657843200,0.98296,0.98337,0.98106,0.98294,3269,0,0
2022-07-15T04:00:00+00:00,2022-07-15,09:30:00,1657857600,0.98295,0.98413,0.98028,0.98065,6631,0,0
2022-07-15T08:00:00+00:00,2022-07-15,13:30:00,1657872000,0.98066,0.9822,0.97898,0.97922,7525,0,0
2022-07-15T12:00:00+00:00,2022-07-15,17:30:00,1657886400,0.97922,0.98201,0.97706,0.97768,18560,0,0
2022-07-15T16:00:00+00:00,2022-07-15,21:30:00,1657900800,0.97769,0.97899,0.97667,0.97703,4472,0,0
2022-07-15T20:00:00+00:00,2022-07-16,01:30:00,1657915200,0.97705,0.9771,0.97607,0.97612,515,0,0
2022-07-17T20:00:00+00:00,2022-07-18,01:30:00,1658088000,0.97675,0.97697,0.9755,0.97551,1040,0,0
2022-07-18T00:00:00+00:00,2022-07-18,05:30:00,1658102400,0.9755,0.97577,0.97371,0.97554,2724,0,0
2022-07-18T04:00:00+00:00,2022-07-18,09:30:00,1658116800,0.97553,0.97698,0.97443,0.97493,7696,0,0
2022-07-18T08:00:00+00:00,2022-07-18,13:30:00,1658131200,0.97493,0.97719,0.97323,0.97685,9970,0,0
2022-07-18T12:00:00+00:00,2022-07-18,17:30:00,1658145600,0.97686,0.97902,0.9731,0.97637,12638,0,0
2022-07-18T16:00:00+00:00,2022-07-18,21:30:00,1658160000,0.97636,0.97758,0.97521,0.97743,5069,0,0
2022-07-18T20:00:00+00:00,2022-07-19,01:30:00,1658174400,0.97741,0.97804,0.97681,0.97759,1192,0,0
2022-07-19T00:00:00+00:00,2022-07-19,05:30:00,1658188800,0.97757,0.97867,0.97723,0.97784,2307,0,0
2022-07-19T04:00:00+00:00,2022-07-19,09:30:00,1658203200,0.97781,0.97781,0.97001,0.97028,9166,0,0
2022-07-19T08:00:00+00:00,2022-07-19,13:30:00,1658217600,0.97035,0.97108,0.96724,0.96794,12449,0,0
2022-07-19T12:00:00+00:00,2022-07-19,17:30:00,1658232000,0.96793,0.96936,0.96541,0.96835,13925,0,0
2022-07-19T16:00:00+00:00,2022-07-19,21:30:00,1658246400,0.96833,0.96947,0.9678,0.96916,4962,0,0
2022-07-19T20:00:00+00:00,2022-07-20,01:30:00,1658260800,0.96917,0.96919,0.96756,0.96896,2219,0,0
2022-07-20T00:00:00+00:00,2022-07-20,05:30:00,1658275200,0.96898,0.96919,0.9678,0.96835,2481,0,0
2022-07-20T04:00:00+00:00,2022-07-20,09:30:00,1658289600,0.96837,0.97007,0.96764,0.96986,6673,0,0
2022-07-20T08:00:00+00:00,2022-07-20,13:30:00,1658304000,0.96988,0.97168,0.96811,0.96993,10674,0,0
2022-07-20T12:00:00+00:00,2022-07-20,17:30:00,1658318400,0.96994,0.97296,0.96854,0.97205,11543,0,0
2022-07-20T16:00:00+00:00,2022-07-20,21:30:00,1658332800,0.97203,0.9736,0.97176,0.97222,6422,0,0
2022-07-20T20:00:00+00:00,2022-07-21,01:30:00,1658347200,0.9722,0.97227,0.97051,0.97159,1739,0,0
2022-07-21T00:00:00+00:00,2022-07-21,05:30:00,1658361600,0.97162,0.97201,0.96997,0.97054,2756,0,0
2022-07-21T04:00:00+00:00,2022-07-21,09:30:00,1658376000,0.97052,0.97373,0.96951,0.97342,6879,0,0
2022-07-21T08:00:00+00:00,2022-07-21,13:30:00,1658390400,0.97343,0.97393,0.97153,0.973,9968,0,0
2022-07-21T12:00:00+00:00,2022-07-21,17:30:00,1658404800,0.97298,0.97319,0.96679,0.96934,24430,0,0
2022-07-21T16:00:00+00:00,2022-07-21,21:30:00,1658419200,0.96935,0.97005,0.96737,0.96739,5293,0,0
2022-07-21T20:00:00+00:00,2022-07-22,01:30:00,1658433600,0.9674,0.96776,0.96586,0.96642,1452,0,0
2022-07-22T00:00:00+00:00,2022-07-22,05:30:00,1658448000,0.96639,0.96862,0.96594,0.96823,2692,0,0
2022-07-22T04:00:00+00:00,2022-07-22,09:30:00,1658462400,0.96826,0.97042,0.96689,0.96884,6984,0,0
2022-07-22T08:00:00+00:00,2022-07-22,13:30:00,1658476800,0.96886,0.9691,0.96446,0.96485,11835,0,0
2022-07-22T12:00:00+00:00,2022-07-22,17:30:00,1658491200,0.96487,0.96647,0.96,0.96125,17091,0,0
2022-07-22T16:00:00+00:00,2022-07-22,21:30:00,1658505600,0.96125,0.96407,0.96037,0.96203,5635,0,0
2022-07-22T20:00:00+00:00,2022-07-23,01:30:00,1658520000,0.96202,0.96241,0.96104,0.96143,952,0,0
2022-07-24T20:00:00+00:00,2022-07-25,01:30:00,1658692800,0.96254,0.96343,0.96099,0.96329,2585,0,0
2022-07-25T00:00:00+00:00,2022-07-25,05:30:00,1658707200,0.96332,0.96456,0.9621,0.96339,3506,0,0
2022-07-25T04:00:00+00:00,2022-07-25,09:30:00,1658721600,0.96337,0.96549,0.96242,0.96538,6706,0,0
2022-07-25T08:00:00+00:00,2022-07-25,13:30:00,1658736000,0.9654,0.96603,0.96181,0.964,9745,0,0
2022-07-25T12:00:00+00:00,2022-07-25,17:30:00,1658750400,0.96399,0.9658,0.96347,0.96529,8768,0,0
2022-07-25T16:00:00+00:00,2022-07-25,21:30:00,1658764800,0.96527,0.96567,0.96415,0.96418,3212,0,0
2022-07-25T20:00:00+00:00,2022-07-26,01:30:00,1658779200,0.9642,0.96479,0.9638,0.96434,932,0,0
2022-07-26T00:00:00+00:00,2022-07-26,05:30:00,1658793600,0.96432,0.96436,0.9623,0.96402,2135,0,0
2022-07-26T04:00:00+00:00,2022-07-26,09:30:00,1658808000,0.96403,0.96556,0.96379,0.96472,4287,0,0
2022-07-26T08:00:00+00:00,2022-07-26,13:30:00,1658822400,0.96473,0.96676,0.96312,0.96452,9948,0,0
2022-07-26T12:00:00+00:00,2022-07-26,17:30:00,1658836800,0.96454,0.96592,0.96158,0.96344,9958,0,0
2022-07-26T16:00:00+00:00,2022-07-26,21:30:00,1658851200,0.96344,0.96364,0.96208,0.96293,3703,0,0
2022-07-26T20:00:00+00:00,2022-07-27,01:30:00,1658865600,0.96291,0.9632,0.96193,0.96235,1101,0,0
2022-07-27T00:00:00+00:00,2022-07-27,05:30:00,1658880000,0.96238,0.96262,0.96168,0.96206,2312,0,0
2022-07-27T04:00:00+00:00,2022-07-27,09:30:00,1658894400,0.96205,0.96383,0.96107,0.96233,4629,0,0
2022-07-27T08:00:00+00:00,2022-07-27,13:30:00,1658908800,0.96232,0.96253,0.96047,0.96244,6654,0,0
2022-07-27T12:00:00+00:00,2022-07-27,17:30:00,1658923200,0.96242,0.96562,0.96036,0.9653,8685,0,0
2022-07-27T16:00:00+00:00,2022-07-27,21:30:00,1658937600,0.96532,0.96593,0.95839,0.95898,19746,0,0
2022-07-27T20:00:00+00:00,2022-07-28,01:30:00,1658952000,0.95899,0.9599,0.95826,0.95839,2458,0,0
2022-07-28T00:00:00+00:00,2022-07-28,05:30:00,1658966400,0.95837,0.95988,0.95722,0.95857,5018,0,0
2022-07-28T04:00:00+00:00,2022-07-28,09:30:00,1658980800,0.95859,0.96047,0.95795,0.95899,7654,0,0
2022-07-28T08:00:00+00:00,2022-07-28,13:30:00,1658995200,0.95896,0.96321,0.95687,0.96239,10511,0,0
2022-07-28T12:00:00+00:00,2022-07-28,17:30:00,1659009600,0.96235,0.96312,0.95573,0.95685,19863,0,0
2022-07-28T16:00:00+00:00,2022-07-28,21:30:00,1659024000,0.95686,0.95804,0.95448,0.95508,4892,0,0
2022-07-28T20:00:00+00:00,2022-07-29,01:30:00,1659038400,0.95509,0.95558,0.95433,0.95442,1167,0,0
2022-07-29T00:00:00+00:00,2022-07-29,05:30:00,1659052800,0.9544,0.95496,0.95145,0.952,3431,0,0
2022-07-29T04:00:00+00:00,2022-07-29,09:30:00,1659067200,0.95202,0.95306,0.95019,0.95196,8113,0,0
2022-07-29T08:00:00+00:00,2022-07-29,13:30:00,1659081600,0.95197,0.95445,0.95148,0.95436,9676,0,0
2022-07-29T12:00:00+00:00,2022-07-29,17:30:00,1659096000,0.95435,0.95942,0.95102,0.95134,18304,0,0
2022-07-29T16:00:00+00:00,2022-07-29,21:30:00,1659110400,0.95133,0.95335,0.95078,0.95191,4917,0,0
2022-07-29T20:00:00+00:00,2022-07-30,01:30:00,1659124800,0.95193,0.9521,0.95094,0.95134,644,0,0
2022-07-31T20:00:00+00:00,2022-08-01,01:30:00,1659297600,0.95146,0.9536,0.95124,0.95291,1144,0,0
2022-08-01T00:00:00+00:00,2022-08-01,05:30:00,1659312000,0.95289,0.95297,0.95012,0.95113,3607,0,0
2022-08-01T04:00:00+00:00,2022-08-01,09:30:00,1659326400,0.95111,0.95159,0.94973,0.95098,5100,0,0
2022-08-01T08:00:00+00:00,2022-08-01,13:30:00,1659340800,0.951,0.95189,0.94828,0.94989,7784,0,0
2022-08-01T12:00:00+00:00,2022-08-01,17:30:00,1659355200,0.94987,0.95153,0.94824,0.94882,12315,0,0
2022-08-01T16:00:00+00:00,2022-08-01,21:30:00,1659369600,0.94883,0.95163,0.94859,0.95014,3999,0,0
2022-08-01T20:00:00+00:00,2022-08-02,01:30:00,1659384000,0.95016,0.95071,0.94906,0.95016,1257,0,0
2022-08-02T00:00:00+00:00,2022-08-02,05:30:00,1659398400,0.95014,0.95045,0.94707,0.95008,5394,0,0
2022-08-02T04:00:00+00:00,2022-08-02,09:30:00,1659412800,0.95006,0.95336,0.94948,0.95222,6857,0,0
2022-08-02T08:00:00+00:00,2022-08-02,13:30:00,1659427200,0.95219,0.95305,0.95052,0.95247,8070,0,0
2022-08-02T12:00:00+00:00,2022-08-02,17:30:00,1659441600,0.95245,0.95597,0.95197,0.95406,15944,0,0
2022-08-02T16:00:00+00:00,2022-08-02,21:30:00,1659456000,0.95408,0.95737,0.95348,0.9572,6864,0,0
2022-08-02T20:00:00+00:00,2022-08-03,01:30:00,1659470400,0.95718,0.9587,0.95661,0.95842,1639,0,0
2022-08-03T00:00:00+00:00,2022-08-03,05:30:00,1659484800,0.9584,0.95905,0.95461,0.95468,3841,0,0
2022-08-03T04:00:00+00:00,2022-08-03,09:30:00,1659499200,0.95467,0.95894,0.95426,0.9583,7303,0,0
2022-08-03T08:00:00+00:00,2022-08-03,13:30:00,1659513600,0.95829,0.96031,0.95703,0.95885,8704,0,0
2022-08-03T12:00:00+00:00,2022-08-03,17:30:00,1659528000,0.95885,0.96516,0.95858,0.96329,14133,0,0
2022-08-03T16:00:00+00:00,2022-08-03,21:30:00,1659542400,0.9633,0.96347,0.96053,0.96078,5291,0,0
2022-08-03T20:00:00+00:00,2022-08-04,01:30:00,1659556800,0.96077,0.9615,0.96004,0.96126,1116,0,0
2022-08-04T00:00:00+00:00,2022-08-04,05:30:00,1659571200,0.96124,0.96173,0.9602,0.96121,2605,0,0
2022-08-04T04:00:00+00:00,2022-08-04,09:30:00,1659585600,0.96123,0.9623,0.96066,0.96137,4977,0,0
2022-08-04T08:00:00+00:00,2022-08-04,13:30:00,1659600000,0.96136,0.96185,0.9587,0.96001,7334,0,0
2022-08-04T12:00:00+00:00,2022-08-04,17:30:00,1659614400,0.96002,0.96065,0.95641,0.95641,12306,0,0
2022-08-04T16:00:00+00:00,2022-08-04,21:30:00,1659628800,0.95644,0.95678,0.9544,0.95496,4981,0,0
2022-08-04T20:00:00+00:00,2022-08-05,01:30:00,1659643200,0.95498,0.95538,0.9539,0.95406,1622,0,0
2022-08-05T00:00:00+00:00,2022-08-05,05:30:00,1659657600,0.95404,0.95668,0.9539,0.95623,2712,0,0
2022-08-05T04:00:00+00:00,2022-08-05,09:30:00,1659672000,0.95625,0.95743,0.95596,0.95616,3991,0,0
2022-08-05T08:00:00+00:00,2022-08-05,13:30:00,1659686400,0.95614,0.95738,0.95379,0.95541,5483,0,0
2022-08-05T12:00:00+00:00,2022-08-05,17:30:00,1659700800,0.95541,0.96498,0.95525,0.96352,17999,0,0
2022-08-05T16:00:00+00:00,2022-08-05,21:30:00,1659715200,0.96351,0.96382,0.96117,0.96213,6508,0,0
2022-08-05T20:00:00+00:00,2022-08-06,01:30:00,1659729600,0.96213,0.96226,0.96162,0.96181,550,0,0
2022-08-07T20:00:00+00:00,2022-08-08,01:30:00,1659902400,0.96199,0.96265,0.96189,0.96219,732,0,0
2022-08-08T00:00:00+00:00,2022-08-08,05:30:00,1659916800,0.96231,0.96351,0.96134,0.96137,2440,0,0
2022-08-08T04:00:00+00:00,2022-08-08,09:30:00,1659931200,0.96136,0.96173,0.95695,0.95724,3428,0,0
2022-08-08T08:00:00+00:00,2022-08-08,13:30:00,1659945600,0.95726,0.95929,0.95663,0.95672,4819,0,0
2022-08-08T12:00:00+00:00,2022-08-08,17:30:00,1659960000,0.9567,0.95827,0.95222,0.95463,8456,0,0
2022-08-08T16:00:00+00:00,2022-08-08,21:30:00,1659974400,0.95462,0.95655,0.95408,0.95598,3504,0,0
2022-08-08T20:00:00+00:00,2022-08-09,01:30:00,1659988800,0.95597,0.95597,0.95491,0.95504,963,0,0
2022-08-09T00:00:00+00:00,2022-08-09,05:30:00,1660003200,0.95506,0.95562,0.95502,0.9552,1604,0,0
2022-08-09T04:00:00+00:00,2022-08-09,09:30:00,1660017600,0.95521,0.95551,0.95331,0.95353,3400,0,0
2022-08-09T08:00:00+00:00,2022-08-09,13:30:00,1660032000,0.95354,0.95465,0.95165,0.95459,5861,0,0
2022-08-09T12:00:00+00:00,2022-08-09,17:30:00,1660046400,0.9546,0.95498,0.95115,0.95254,7478,0,0
2022-08-09T16:00:00+00:00,2022-08-09,21:30:00,1660060800,0.95255,0.95465,0.95243,0.9539,2508,0,0
2022-08-09T20:00:00+00:00,2022-08-10,01:30:00,1660075200,0.9539,0.95427,0.95315,0.95424,1039,0,0
2022-08-10T00:00:00+00:00,2022-08-10,05:30:00,1660089600,0.95427,0.9545,0.95328,0.95364,1329,0,0
2022-08-10T04:00:00+00:00,2022-08-10,09:30:00,1660104000,0.95363,0.95409,0.95095,0.95122,3225,0,0
2022-08-10T08:00:00+00:00,2022-08-10,13:30:00,1660118400,0.95121,0.95252,0.94793,0.94799,6083,0,0
2022-08-10T12:00:00+00:00,2022-08-10,17:30:00,1660132800,0.948,0.94915,0.93938,0.94119,20169,0,0
2022-08-10T16:00:00+00:00,2022-08-10,21:30:00,1660147200,0.94118,0.94308,0.94004,0.94281,6252,0,0
2022-08-10T20:00:00+00:00,2022-08-11,01:30:00,1660161600,0.94282,0.94311,0.94209,0.94246,1136,0,0
2022-08-11T00:00:00+00:00,2022-08-11,05:30:00,1660176000,0.94244,0.94452,0.94214,0.94394,2087,0,0
2022-08-11T04:00:00+00:00,2022-08-11,09:30:00,1660190400,0.94393,0.94461,0.94002,0.94031,5484,0,0
2022-08-11T08:00:00+00:00,2022-08-11,13:30:00,1660204800,0.94032,0.94179,0.93913,0.94028,7245,0,0
2022-08-11T12:00:00+00:00,2022-08-11,17:30:00,1660219200,0.94027,0.94081,0.93709,0.93927,13024,0,0
2022-08-11T16:00:00+00:00,2022-08-11,21:30:00,1660233600,0.93925,0.94236,0.93897,0.94196,5180,0,0
2022-08-11T20:00:00+00:00,2022-08-12,01:30:00,1660248000,0.94197,0.94229,0.94051,0.94157,1291,0,0
2022-08-12T00:00:00+00:00,2022-08-12,05:30:00,1660262400,0.94154,0.94257,0.94091,0.94163,2492,0,0
2022-08-12T04:00:00+00:00,2022-08-12,09:30:00,1660276800,0.94162,0.94269,0.94102,0.94206,4224,0,0
2022-08-12T08:00:00+00:00,2022-08-12,13:30:00,1660291200,0.94207,0.94337,0.9408,0.94253,6163,0,0
2022-08-12T12:00:00+00:00,2022-08-12,17:30:00,1660305600,0.94252,0.94505,0.94089,0.94311,11336,0,0
2022-08-12T16:00:00+00:00,2022-08-12,21:30:00,1660320000,0.94312,0.94312,0.94134,0.94184,3058,0,0
2022-08-12T20:00:00+00:00,2022-08-13,01:30:00,1660334400,0.94182,0.9421,0.94114,0.94136,725,0,0
2022-08-14T20:00:00+00:00,2022-08-15,01:30:00,1660507200,0.94092,0.94202,0.94092,0.94191,664,0,0
2022-08-15T00:00:00+00:00,2022-08-15,05:30:00,1660521600,0.94189,0.94263,0.94094,0.94209,2211,0,0
2022-08-15T04:00:00+00:00,2022-08-15,09:30:00,1660536000,0.94207,0.94403,0.94178,0.94385,3734,0,0
2022-08-15T08:00:00+00:00,2022-08-15,13:30:00,1660550400,0.94386,0.94673,0.94348,0.94451,6980,0,0
2022-08-15T12:00:00+00:00,2022-08-15,17:30:00,1660564800,0.94453,0.94518,0.94191,0.94496,9730,0,0
2022-08-15T16:00:00+00:00,2022-08-15,21:30:00,1660579200,0.94493,0.94712,0.94485,0.9465,2835,0,0
2022-08-15T20:00:00+00:00,2022-08-16,01:30:00,1660593600,0.94648,0.94684,0.94546,0.94603,1503,0,0
2022-08-16T00:00:00+00:00,2022-08-16,05:30:00,1660608000,0.94602,0.94694,0.94545,0.94617,2116,0,0
2022-08-16T04:00:00+00:00,2022-08-16,09:30:00,1660622400,0.94619,0.94847,0.94554,0.94651,5027,0,0
2022-08-16T08:00:00+00:00,2022-08-16,13:30:00,1660636800,0.94653,0.95101,0.9465,0.95018,9010,0,0
2022-08-16T12:00:00+00:00,2022-08-16,17:30:00,1660651200,0.95017,0.95142,0.94827,0.95074,9459,0,0
2022-08-16T16:00:00+00:00,2022-08-16,21:30:00,1660665600,0.95073,0.95122,0.94926,0.94926,3356,0,0
2022-08-16T20:00:00+00:00,2022-08-17,01:30:00,1660680000,0.94927,0.94988,0.94912,0.94973,1741,0,0
2022-08-17T00:00:00+00:00,2022-08-17,05:30:00,1660694400,0.94974,0.95013,0.94832,0.94954,2289,0,0
2022-08-17T04:00:00+00:00,2022-08-17,09:30:00,1660708800,0.94956,0.95188,0.94887,0.95137,5484,0,0
2022-08-17T08:00:00+00:00,2022-08-17,13:30:00,1660723200,0.95138,0.95345,0.94945,0.95196,8792,0,0
2022-08-17T12:00:00+00:00,2022-08-17,17:30:00,1660737600,0.95197,0.95436,0.95119,0.95394,11333,0,0
2022-08-17T16:00:00+00:00,2022-08-17,21:30:00,1660752000,0.95393,0.95409,0.94981,0.95153,8754,0,0
2022-08-17T20:00:00+00:00,2022-08-18,01:30:00,1660766400,0.95151,0.95207,0.95124,0.95137,1075,0,0
2022-08-18T00:00:00+00:00,2022-08-18,05:30:00,1660780800,0.95138,0.95205,0.94981,0.95191,2293,0,0
2022-08-18T04:00:00+00:00,2022-08-18,09:30:00,1660795200,0.95193,0.95414,0.95129,0.95357,6101,0,0
2022-08-18T08:00:00+00:00,2022-08-18,13:30:00,1660809600,0.9536,0.95444,0.95157,0.95204,8286,0,0
2022-08-18T12:00:00+00:00,2022-08-18,17:30:00,1660824000,0.95203,0.95489,0.95015,0.9547,11996,0,0
2022-08-18T16:00:00+00:00,2022-08-18,21:30:00,1660838400,0.95471,0.95715,0.95435,0.95611,4541,0,0
2022-08-18T20:00:00+00:00,2022-08-19,01:30:00,1660852800,0.9561,0.95703,0.95571,0.95675,961,0,0
2022-08-19T00:00:00+00:00,2022-08-19,05:30:00,1660867200,0.95674,0.95894,0.95672,0.95884,2674,0,0
2022-08-19T04:00:00+00:00,2022-08-19,09:30:00,1660881600,0.95881,0.95928,0.95669,0.95671,5674,0,0
2022-08-19T08:00:00+00:00,2022-08-19,13:30:00,1660896000,0.95671,0.95835,0.95533,0.9568,7132,0,0
2022-08-19T12:00:00+00:00,2022-08-19,17:30:00,1660910400,0.9568,0.95975,0.9559,0.95912,8851,0,0
2022-08-19T16:00:00+00:00,2022-08-19,21:30:00,1660924800,0.95911,0.95983,0.95825,0.95857,3319,0,0
2022-08-19T20:00:00+00:00,2022-08-20,01:30:00,1660939200,0.95858,0.95934,0.95847,0.95897,762,0,0
2022-08-21T20:00:00+00:00,2022-08-22,01:30:00,1661112000,0.95823,0.95906,0.95775,0.95884,753,0,0
2022-08-22T00:00:00+00:00,2022-08-22,05:30:00,1661126400,0.95885,0.95986,0.95845,0.95883,2595,0,0
2022-08-22T04:00:00+00:00,2022-08-22,09:30:00,1661140800,0.95885,0.9604,0.95853,0.95972,5218,0,0
2022-08-22T08:00:00+00:00,2022-08-22,13:30:00,1661155200,0.95971,0.96053,0.95741,0.95759,7863,0,0
2022-08-22T12:00:00+00:00,2022-08-22,17:30:00,1661169600,0.95762,0.96589,0.95753,0.9654,9793,0,0
2022-08-22T16:00:00+00:00,2022-08-22,21:30:00,1661184000,0.9654,0.96554,0.96347,0.9641,3847,0,0
2022-08-22T20:00:00+00:00,2022-08-23,01:30:00,1661198400,0.96413,0.96472,0.96319,0.96451,1029,0,0
2022-08-23T00:00:00+00:00,2022-08-23,05:30:00,1661212800,0.96449,0.96545,0.96355,0.9639,2724,0,0
2022-08-23T04:00:00+00:00,2022-08-23,09:30:00,1661227200,0.96391,0.96566,0.9637,0.96517,6813,0,0
2022-08-23T08:00:00+00:00,2022-08-23,13:30:00,1661241600,0.96519,0.96771,0.96489,0.96691,7889,0,0
2022-08-23T12:00:00+00:00,2022-08-23,17:30:00,1661256000,0.96692,0.96924,0.96034,0.96338,16290,0,0
2022-08-23T16:00:00+00:00,2022-08-23,21:30:00,1661270400,0.96338,0.96496,0.96296,0.96401,4814,0,0
2022-08-23T20:00:00+00:00,2022-08-24,01:30:00,1661284800,0.96403,0.9648,0.96344,0.96449,1075,0,0
2022-08-24T00:00:00+00:00,2022-08-24,05:30:00,1661299200,0.96451,0.96599,0.9641,0.96556,2730,0,0
2022-08-24T04:00:00+00:00,2022-08-24,09:30:00,1661313600,0.96559,0.96632,0.96278,0.96287,5168,0,0
2022-08-24T08:00:00+00:00,2022-08-24,13:30:00,1661328000,0.96285,0.96461,0.96078,0.96412,8332,0,0
2022-08-24T12:00:00+00:00,2022-08-24,17:30:00,1661342400,0.9641,0.96879,0.96325,0.96644,14171,0,0
2022-08-24T16:00:00+00:00,2022-08-24,21:30:00,1661356800,0.96643,0.96781,0.9658,0.96643,4179,0,0
2022-08-24T20:00:00+00:00,2022-08-25,01:30:00,1661371200,0.96642,0.96697,0.96578,0.96658,1144,0,0
2022-08-25T00:00:00+00:00,2022-08-25,05:30:00,1661385600,0.96659,0.96711,0.96401,0.96424,2818,0,0
2022-08-25T04:00:00+00:00,2022-08-25,09:30:00,1661400000,0.96426,0.96458,0.96172,0.9624,6767,0,0
2022-08-25T08:00:00+00:00,2022-08-25,13:30:00,1661414400,0.96238,0.96415,0.96133,0.96398,7325,0,0
2022-08-25T12:00:00+00:00,2022-08-25,17:30:00,1661428800,0.96396,0.96552,0.96268,0.96478,10277,0,0
2022-08-25T16:00:00+00:00,2022-08-25,21:30:00,1661443200,0.96479,0.96543,0.96295,0.96355,4468,0,0
2022-08-25T20:00:00+00:00,2022-08-26,01:30:00,1661457600,0.96358,0.96396,0.96262,0.96372,909,0,0
2022-08-26T00:00:00+00:00,2022-08-26,05:30:00,1661472000,0.96371,0.96474,0.96351,0.96379,1891,0,0
2022-08-26T04:00:00+00:00,2022-08-26,09:30:00,1661486400,0.96378,0.96576,0.96372,0.96457,3998,0,0
2022-08-26T08:00:00+00:00,2022-08-26,13:30:00,1661500800,0.96459,0.96601,0.9626,0.96439,5556,0,0
2022-08-26T12:00:00+00:00,2022-08-26,17:30:00,1661515200,0.96438,0.96501,0.95783,0.96371,22825,0,0
2022-08-26T16:00:00+00:00,2022-08-26,21:30:00,1661529600,0.96368,0.96694,0.96345,0.96657,5530,0,0
2022-08-26T20:00:00+00:00,2022-08-27,01:30:00,1661544000,0.96656,0.96665,0.96549,0.96602,881,0,0
2022-08-28T20:00:00+00:00,2022-08-29,01:30:00,1661716800,0.9657,0.96881,0.9653,0.96875,1124,0,0
2022-08-29T00:00:00+00:00,2022-08-29,05:30:00,1661731200,0.96876,0.96986,0.96813,0.96904,3695,0,0
2022-08-29T04:00:00+00:00,2022-08-29,09:30:00,1661745600,0.96907,0.97047,0.96868,0.96941,5791,0,0
2022-08-29T08:00:00+00:00,2022-08-29,13:30:00,1661760000,0.96941,0.97079,0.96604,0.96766,8612,0,0
2022-08-29T12:00:00+00:00,2022-08-29,17:30:00,1661774400,0.96766,0.97005,0.96598,0.96912,10868,0,0
2022-08-29T16:00:00+00:00,2022-08-29,21:30:00,1661788800,0.96909,0.96949,0.9676,0.96812,4553,0,0
2022-08-29T20:00:00+00:00,2022-08-30,01:30:00,1661803200,0.96814,0.96859,0.96726,0.96733,1173,0,0
2022-08-30T00:00:00+00:00,2022-08-30,05:30:00,1661817600,0.96731,0.9685,0.96659,0.96795,3040,0,0
2022-08-30T04:00:00+00:00,2022-08-30,09:30:00,1661832000,0.96797,0.97234,0.96689,0.97033,7351,0,0
2022-08-30T08:00:00+00:00,2022-08-30,13:30:00,1661846400,0.9703,0.97151,0.96873,0.97059,9443,0,0
2022-08-30T12:00:00+00:00,2022-08-30,17:30:00,1661860800,0.97057,0.97622,0.97025,0.97455,13590,0,0
2022-08-30T16:00:00+00:00,2022-08-30,21:30:00,1661875200,0.97453,0.97476,0.97292,0.97369,5754,0,0
2022-08-30T20:00:00+00:00,2022-08-31,01:30:00,1661889600,0.97369,0.97442,0.97349,0.97408,961,0,0
2022-08-31T00:00:00+00:00,2022-08-31,05:30:00,1661904000,0.9741,0.97443,0.97299,0.97303,2365,0,0
2022-08-31T04:00:00+00:00,2022-08-31,09:30:00,1661918400,0.97301,0.97642,0.97267,0.97642,4435,0,0
2022-08-31T08:00:00+00:00,2022-08-31,13:30:00,1661932800,0.97642,0.98075,0.97523,0.97988,8790,0,0
2022-08-31T12:00:00+00:00,2022-08-31,17:30:00,1661947200,0.97988,0.98021,0.97344,0.975,15108,0,0
2022-08-31T16:00:00+00:00,2022-08-31,21:30:00,1661961600,0.97498,0.97848,0.97472,0.97779,5328,0,0
2022-08-31T20:00:00+00:00,2022-09-01,01:30:00,1661976000,0.97778,0.97949,0.97654,0.97927,1745,0,0
2022-09-01T00:00:00+00:00,2022-09-01,05:30:00,1661990400,0.97929,0.98093,0.97929,0.97985,3679,0,0
2022-09-01T04:00:00+00:00,2022-09-01,09:30:00,1662004800,0.97986,0.98074,0.97511,0.97615,7074,0,0
2022-09-01T08:00:00+00:00,2022-09-01,13:30:00,1662019200,0.97617,0.98,0.97443,0.97886,9153,0,0
2022-09-01T12:00:00+00:00,2022-09-01,17:30:00,1662033600,0.97883,0.98613,0.97871,0.98383,15364,0,0
2022-09-01T16:00:00+00:00,2022-09-01,21:30:00,1662048000,0.98385,0.98396,0.9809,0.98178,5714,0,0
2022-09-01T20:00:00+00:00,2022-09-02,01:30:00,1662062400,0.98177,0.982,0.98098,0.98123,973,0,0
2022-09-02T00:00:00+00:00,2022-09-02,05:30:00,1662076800,0.98125,0.98139,0.98062,0.98082,1890,0,0
2022-09-02T04:00:00+00:00,2022-09-02,09:30:00,1662091200,0.9808,0.98136,0.97873,0.9792,4152,0,0
2022-09-02T08:00:00+00:00,2022-09-02,13:30:00,1662105600,0.97921,0.98351,0.97914,0.98296,6295,0,0
2022-09-02T12:00:00+00:00,2022-09-02,17:30:00,1662120000,0.98297,0.98593,0.97839,0.98017,18793,0,0
2022-09-02T16:00:00+00:00,2022-09-02,21:30:00,1662134400,0.98019,0.98222,0.98002,0.98115,7202,0,0
2022-09-02T20:00:00+00:00,2022-09-03,01:30:00,1662148800,0.98114,0.98148,0.9806,0.981,756,0,0
2022-09-04T20:00:00+00:00,2022-09-05,01:30:00,1662321600,0.98133,0.98345,0.98093,0.98336,1396,0,0
2022-09-05T00:00:00+00:00,2022-09-05,05:30:00,1662336000,0.98337,0.98338,0.98154,0.98262,2960,0,0
2022-09-05T04:00:00+00:00,2022-09-05,09:30:00,1662350400,0.9826,0.98364,0.98152,0.98277,6139,0,0
2022-09-05T08:00:00+00:00,2022-09-05,13:30:00,1662364800,0.98279,0.98376,0.97955,0.98191,7370,0,0
2022-09-05T12:00:00+00:00,2022-09-05,17:30:00,1662379200,0.9819,0.9829,0.97971,0.97995,6357,0,0
2022-09-05T16:00:00+00:00,2022-09-05,21:30:00,1662393600,0.97995,0.98067,0.9798,0.98001,780,0,0
2022-09-05T20:00:00+00:00,2022-09-06,01:30:00,1662408000,0.97997,0.98034,0.97854,0.97863,1667,0,0
2022-09-06T00:00:00+00:00,2022-09-06,05:30:00,1662422400,0.97861,0.97869,0.97657,0.9786,3388,0,0
2022-09-06T04:00:00+00:00,2022-09-06,09:30:00,1662436800,0.97857,0.98176,0.97816,0.97921,7363,0,0
2022-09-06T08:00:00+00:00,2022-09-06,13:30:00,1662451200,0.97922,0.98291,0.97856,0.98178,9259,0,0
2022-09-06T12:00:00+00:00,2022-09-06,17:30:00,1662465600,0.98179,0.98618,0.98127,0.98398,16749,0,0
2022-09-06T16:00:00+00:00,2022-09-06,21:30:00,1662480000,0.98397,0.98539,0.98354,0.98465,5757,0,0
2022-09-06T20:00:00+00:00,2022-09-07,01:30:00,1662494400,0.98466,0.9854,0.98231,0.98469,1485,0,0
2022-09-07T00:00:00+00:00,2022-09-07,05:30:00,1662508800,0.9847,0.98696,0.98429,0.98622,5316,0,0
2022-09-07T04:00:00+00:00,2022-09-07,09:30:00,1662523200,0.98625,0.98697,0.98207,0.98216,7625,0,0
2022-09-07T08:00:00+00:00,2022-09-07,13:30:00,1662537600,0.98218,0.98612,0.98173,0.98605,9322,0,0
2022-09-07T12:00:00+00:00,2022-09-07,17:30:00,1662552000,0.98604,0.98653,0.98015,0.98085,12201,0,0
2022-09-07T16:00:00+00:00,2022-09-07,21:30:00,1662566400,0.98087,0.98106,0.97613,0.97628,5770,0,0
2022-09-07T20:00:00+00:00,2022-09-08,01:30:00,1662580800,0.97628,0.97739,0.97605,0.97674,1299,0,0
2022-09-08T00:00:00+00:00,2022-09-08,05:30:00,1662595200,0.97673,0.97823,0.97665,0.97715,3447,0,0
2022-09-08T04:00:00+00:00,2022-09-08,09:30:00,1662609600,0.97712,0.97785,0.97415,0.97663,6907,0,0
2022-09-08T08:00:00+00:00,2022-09-08,13:30:00,1662624000,0.97662,0.9771,0.97105,0.97251,9786,0,0
2022-09-08T12:00:00+00:00,2022-09-08,17:30:00,1662638400,0.97249,0.97586,0.97085,0.97288,27197,0,0
2022-09-08T16:00:00+00:00,2022-09-08,21:30:00,1662652800,0.97286,0.97345,0.97067,0.97087,7812,0,0
2022-09-08T20:00:00+00:00,2022-09-09,01:30:00,1662667200,0.97085,0.97099,0.96871,0.96872,1332,0,0
2022-09-09T00:00:00+00:00,2022-09-09,05:30:00,1662681600,0.96871,0.96882,0.96448,0.96513,3717,0,0
2022-09-09T04:00:00+00:00,2022-09-09,09:30:00,1662696000,0.96514,0.9655,0.95916,0.95951,8441,0,0
2022-09-09T08:00:00+00:00,2022-09-09,13:30:00,1662710400,0.95952,0.96219,0.95475,0.96215,12862,0,0
2022-09-09T12:00:00+00:00,2022-09-09,17:30:00,1662724800,0.96217,0.96272,0.95875,0.96063,13653,0,0
2022-09-09T16:00:00+00:00,2022-09-09,21:30:00,1662739200,0.96062,0.96158,0.9599,0.96074,4345,0,0
2022-09-09T20:00:00+00:00,2022-09-10,01:30:00,1662753600,0.96075,0.96114,0.96,0.96015,1070,0,0
2022-09-11T20:00:00+00:00,2022-09-12,01:30:00,1662926400,0.95891,0.96086,0.95836,0.95975,1278,0,0
2022-09-12T00:00:00+00:00,2022-09-12,05:30:00,1662940800,0.95977,0.96044,0.95782,0.95968,3267,0,0
2022-09-12T04:00:00+00:00,2022-09-12,09:30:00,1662955200,0.95967,0.96082,0.95455,0.955,9765,0,0
2022-09-12T08:00:00+00:00,2022-09-12,13:30:00,1662969600,0.95499,0.957,0.95329,0.95358,11219,0,0
2022-09-12T12:00:00+00:00,2022-09-12,17:30:00,1662984000,0.9536,0.95502,0.95104,0.95203,11936,0,0
2022-09-12T16:00:00+00:00,2022-09-12,21:30:00,1662998400,0.95203,0.9546,0.95094,0.9541,4826,0,0
2022-09-12T20:00:00+00:00,2022-09-13,01:30:00,1663012800,0.95411,0.95431,0.95297,0.95301,1054,0,0
2022-09-13T00:00:00+00:00,2022-09-13,05:30:00,1663027200,0.95302,0.95348,0.95173,0.95204,2674,0,0
2022-09-13T04:00:00+00:00,2022-09-13,09:30:00,1663041600,0.95205,0.95243,0.94975,0.95029,5803,0,0
2022-09-13T08:00:00+00:00,2022-09-13,13:30:00,1663056000,0.95028,0.95271,0.94799,0.95029,7881,0,0
2022-09-13T12:00:00+00:00,2022-09-13,17:30:00,1663070400,0.95028,0.96333,0.94977,0.96093,26360,0,0
2022-09-13T16:00:00+00:00,2022-09-13,21:30:00,1663084800,0.96095,0.96171,0.95819,0.96157,6182,0,0
2022-09-13T20:00:00+00:00,2022-09-14,01:30:00,1663099200,0.96159,0.96249,0.96043,0.96066,2111,0,0
2022-09-14T00:00:00+00:00,2022-09-14,05:30:00,1663113600,0.96064,0.96196,0.96026,0.96164,4651,0,0
2022-09-14T04:00:00+00:00,2022-09-14,09:30:00,1663128000,0.96162,0.96278,0.95999,0.96031,11389,0,0
2022-09-14T08:00:00+00:00,2022-09-14,13:30:00,1663142400,0.96031,0.96282,0.95894,0.96155,13092,0,0
2022-09-14T12:00:00+00:00,2022-09-14,17:30:00,1663156800,0.96158,0.96317,0.95943,0.96127,16667,0,0
2022-09-14T16:00:00+00:00,2022-09-14,21:30:00,1663171200,0.96126,0.96366,0.96056,0.96281,4326,0,0
2022-09-14T20:00:00+00:00,2022-09-15,01:30:00,1663185600,0.96283,0.96289,0.96143,0.96213,1127,0,0
2022-09-15T00:00:00+00:00,2022-09-15,05:30:00,1663200000,0.96215,0.96354,0.96191,0.96289,2403,0,0
2022-09-15T04:00:00+00:00,2022-09-15,09:30:00,1663214400,0.96287,0.96421,0.9622,0.96253,4506,0,0
2022-09-15T08:00:00+00:00,2022-09-15,13:30:00,1663228800,0.96254,0.9632,0.95565,0.95766,9020,0,0
2022-09-15T12:00:00+00:00,2022-09-15,17:30:00,1663243200,0.95767,0.96127,0.95583,0.96082,13738,0,0
2022-09-15T16:00:00+00:00,2022-09-15,21:30:00,1663257600,0.9608,0.96166,0.95912,0.96123,3684,0,0
2022-09-15T20:00:00+00:00,2022-09-16,01:30:00,1663272000,0.96122,0.96213,0.96057,0.96189,1190,0,0
2022-09-16T00:00:00+00:00,2022-09-16,05:30:00,1663286400,0.9619,0.96253,0.96006,0.96177,3118,0,0
2022-09-16T04:00:00+00:00,2022-09-16,09:30:00,1663300800,0.96174,0.96528,0.96144,0.96396,6503,0,0
2022-09-16T08:00:00+00:00,2022-09-16,13:30:00,1663315200,0.96396,0.96466,0.96043,0.96196,8254,0,0
2022-09-16T12:00:00+00:00,2022-09-16,17:30:00,1663329600,0.96194,0.96547,0.96093,0.96474,15437,0,0
2022-09-16T16:00:00+00:00,2022-09-16,21:30:00,1663344000,0.96476,0.96613,0.96411,0.96465,4607,0,0
2022-09-16T20:00:00+00:00,2022-09-17,01:30:00,1663358400,0.96467,0.96498,0.96373,0.96448,1000,0,0
2022-09-18T20:00:00+00:00,2022-09-19,01:30:00,1663531200,0.96329,0.96479,0.96281,0.96319,1142,0,0
2022-09-19T00:00:00+00:00,2022-09-19,05:30:00,1663545600,0.96316,0.96617,0.96261,0.96584,2671,0,0
2022-09-19T04:00:00+00:00,2022-09-19,09:30:00,1663560000,0.96582,0.96955,0.96565,0.96869,4848,0,0
2022-09-19T08:00:00+00:00,2022-09-19,13:30:00,1663574400,0.96869,0.96894,0.96472,0.96726,7736,0,0
2022-09-19T12:00:00+00:00,2022-09-19,17:30:00,1663588800,0.96724,0.96787,0.96449,0.96632,9691,0,0
2022-09-19T16:00:00+00:00,2022-09-19,21:30:00,1663603200,0.96634,0.96636,0.96427,0.96429,2631,0,0
2022-09-19T20:00:00+00:00,2022-09-20,01:30:00,1663617600,0.96428,0.96482,0.96371,0.96404,1231,0,0
2022-09-20T00:00:00+00:00,2022-09-20,05:30:00,1663632000,0.96402,0.96533,0.96265,0.96451,2944,0,0
2022-09-20T04:00:00+00:00,2022-09-20,09:30:00,1663646400,0.9645,0.9663,0.96233,0.96259,7364,0,0
2022-09-20T08:00:00+00:00,2022-09-20,13:30:00,1663660800,0.96261,0.96683,0.96257,0.96553,10776,0,0
2022-09-20T12:00:00+00:00,2022-09-20,17:30:00,1663675200,0.9655,0.96825,0.9628,0.96291,13525,0,0
2022-09-20T16:00:00+00:00,2022-09-20,21:30:00,1663689600,0.96293,0.9645,0.96262,0.9641,5409,0,0
2022-09-20T20:00:00+00:00,2022-09-21,01:30:00,1663704000,0.96412,0.96479,0.96325,0.96384,1365,0,0
2022-09-21T00:00:00+00:00,2022-09-21,05:30:00,1663718400,0.96386,0.9649,0.96318,0.9645,3038,0,0
2022-09-21T04:00:00+00:00,2022-09-21,09:30:00,1663732800,0.96448,0.96791,0.96308,0.96773,10987,0,0
2022-09-21T08:00:00+00:00,2022-09-21,13:30:00,1663747200,0.96771,0.96835,0.96249,0.96372,9391,0,0
2022-09-21T12:00:00+00:00,2022-09-21,17:30:00,1663761600,0.96371,0.96607,0.96268,0.96528,12959,0,0
2022-09-21T16:00:00+00:00,2022-09-21,21:30:00,1663776000,0.96528,0.97006,0.96204,0.96614,27962,0,0
2022-09-21T20:00:00+00:00,2022-09-22,01:30:00,1663790400,0.96615,0.96805,0.96554,0.96783,3050,0,0
2022-09-22T00:00:00+00:00,2022-09-22,05:30:00,1663804800,0.96781,0.96933,0.96411,0.9663,7770,0,0
2022-09-22T04:00:00+00:00,2022-09-22,09:30:00,1663819200,0.96629,0.97813,0.96215,0.97806,19029,0,0
2022-09-22T08:00:00+00:00,2022-09-22,13:30:00,1663833600,0.97808,0.98503,0.97184,0.98136,32676,0,0
2022-09-22T12:00:00+00:00,2022-09-22,17:30:00,1663848000,0.98138,0.98296,0.97561,0.98068,22698,0,0
2022-09-22T16:00:00+00:00,2022-09-22,21:30:00,1663862400,0.98069,0.98073,0.97634,0.97674,7944,0,0
2022-09-22T20:00:00+00:00,2022-09-23,01:30:00,1663876800,0.97675,0.9775,0.97571,0.97589,1788,0,0
2022-09-23T00:00:00+00:00,2022-09-23,05:30:00,1663891200,0.9759,0.97906,0.97559,0.97875,3777,0,0
2022-09-23T04:00:00+00:00,2022-09-23,09:30:00,1663905600,0.97871,0.98003,0.97725,0.97992,8120,0,0
2022-09-23T08:00:00+00:00,2022-09-23,13:30:00,1663920000,0.97994,0.98322,0.97952,0.98044,17948,0,0
2022-09-23T12:00:00+00:00,2022-09-23,17:30:00,1663934400,0.98046,0.98214,0.97563,0.98164,21319,0,0
2022-09-23T16:00:00+00:00,2022-09-23,21:30:00,1663948800,0.98166,0.98401,0.97923,0.98188,9834,0,0
2022-09-23T20:00:00+00:00,2022-09-24,01:30:00,1663963200,0.98186,0.98243,0.98074,0.98145,1337,0,0
2022-09-25T20:00:00+00:00,2022-09-26,01:30:00,1664136000,0.98202,0.98303,0.979,0.9825,2712,0,0
2022-09-26T00:00:00+00:00,2022-09-26,05:30:00,1664150400,0.98248,0.98502,0.98135,0.98499,11423,0,0
2022-09-26T04:00:00+00:00,2022-09-26,09:30:00,1664164800,0.98498,0.98737,0.98039,0.9827,16589,0,0
2022-09-26T08:00:00+00:00,2022-09-26,13:30:00,1664179200,0.98268,0.99247,0.98258,0.99008,18376,0,0
2022-09-26T12:00:00+00:00,2022-09-26,17:30:00,1664193600,0.99008,0.99339,0.98537,0.99257,27805,0,0
2022-09-26T16:00:00+00:00,2022-09-26,21:30:00,1664208000,0.99256,0.99655,0.99218,0.99311,16697,0,0
2022-09-26T20:00:00+00:00,2022-09-27,01:30:00,1664222400,0.99309,0.99413,0.99213,0.99231,3113,0,0
2022-09-27T00:00:00+00:00,2022-09-27,05:30:00,1664236800,0.99229,0.9929,0.99076,0.99123,5258,0,0
2022-09-27T04:00:00+00:00,2022-09-27,09:30:00,1664251200,0.99124,0.99189,0.98689,0.98919,13567,0,0
2022-09-27T08:00:00+00:00,2022-09-27,13:30:00,1664265600,0.98921,0.99083,0.98492,0.98658,16529,0,0
2022-09-27T12:00:00+00:00,2022-09-27,17:30:00,1664280000,0.98661,0.99088,0.98503,0.98972,25213,0,0
2022-09-27T16:00:00+00:00,2022-09-27,21:30:00,1664294400,0.9897,0.99242,0.98935,0.99214,8836,0,0
2022-09-27T20:00:00+00:00,2022-09-28,01:30:00,1664308800,0.99213,0.99238,0.99034,0.99176,1789,0,0
2022-09-28T00:00:00+00:00,2022-09-28,05:30:00,1664323200,0.99178,0.99516,0.99123,0.99473,6316,0,0
2022-09-28T04:00:00+00:00,2022-09-28,09:30:00,1664337600,0.99471,0.99659,0.99057,0.9911,14181,0,0
2022-09-28T08:00:00+00:00,2022-09-28,13:30:00,1664352000,0.99108,0.9941,0.98767,0.9878,29889,0,0
2022-09-28T12:00:00+00:00,2022-09-28,17:30:00,1664366400,0.98779,0.98781,0.97528,0.97579,34857,0,0
2022-09-28T16:00:00+00:00,2022-09-28,21:30:00,1664380800,0.97578,0.97898,0.97461,0.97615,13890,0,0
2022-09-28T20:00:00+00:00,2022-09-29,01:30:00,1664395200,0.97613,0.97786,0.97493,0.97786,2786,0,0
2022-09-29T00:00:00+00:00,2022-09-29,05:30:00,1664409600,0.97784,0.97974,0.97707,0.9794,5128,0,0
2022-09-29T04:00:00+00:00,2022-09-29,09:30:00,1664424000,0.97941,0.98562,0.97894,0.98453,13196,0,0
2022-09-29T08:00:00+00:00,2022-09-29,13:30:00,1664438400,0.98452,0.98489,0.97821,0.98047,19137,0,0
2022-09-29T12:00:00+00:00,2022-09-29,17:30:00,1664452800,0.98045,0.98553,0.97839,0.97981,28603,0,0
2022-09-29T16:00:00+00:00,2022-09-29,21:30:00,1664467200,0.97982,0.98111,0.97672,0.97704,9221,0,0
2022-09-29T20:00:00+00:00,2022-09-30,01:30:00,1664481600,0.97706,0.97737,0.9738,0.97498,3363,0,0
2022-09-30T00:00:00+00:00,2022-09-30,05:30:00,1664496000,0.97495,0.97646,0.97404,0.97637,5471,0,0
2022-09-30T04:00:00+00:00,2022-09-30,09:30:00,1664510400,0.97639,0.97903,0.97435,0.97648,13103,0,0
2022-09-30T08:00:00+00:00,2022-09-30,13:30:00,1664524800,0.97647,0.98173,0.97537,0.98082,18942,0,0
2022-09-30T12:00:00+00:00,2022-09-30,17:30:00,1664539200,0.98083,0.98534,0.97779,0.98459,37733,0,0
2022-09-30T16:00:00+00:00,2022-09-30,21:30:00,1664553600,0.98458,0.98772,0.98369,0.98661,11309,0,0
2022-09-30T20:00:00+00:00,2022-10-01,01:30:00,1664568000,0.98664,0.98749,0.98571,0.98725,1004,0,0
2022-10-02T20:00:00+00:00,2022-10-03,01:30:00,1664740800,0.98514,0.98673,0.98473,0.98559,1944,0,0
2022-10-03T00:00:00+00:00,2022-10-03,05:30:00,1664755200,0.9856,0.98686,0.98351,0.98531,4051,0,0
2022-10-03T04:00:00+00:00,2022-10-03,09:30:00,1664769600,0.98529,0.98894,0.98323,0.98794,15585,0,0
2022-10-03T08:00:00+00:00,2022-10-03,13:30:00,1664784000,0.98796,0.99181,0.98651,0.98788,13992,0,0
2022-10-03T12:00:00+00:00,2022-10-03,17:30:00,1664798400,0.98789,0.99414,0.98725,0.993,24741,0,0
2022-10-03T16:00:00+00:00,2022-10-03,21:30:00,1664812800,0.99299,0.99501,0.99176,0.99328,10413,0,0
2022-10-03T20:00:00+00:00,2022-10-04,01:30:00,1664827200,0.99327,0.99334,0.99159,0.99284,2415,0,0
2022-10-04T00:00:00+00:00,2022-10-04,05:30:00,1664841600,0.99281,0.99416,0.98983,0.99009,4867,0,0
2022-10-04T04:00:00+00:00,2022-10-04,09:30:00,1664856000,0.99012,0.99262,0.98722,0.98978,15138,0,0
2022-10-04T08:00:00+00:00,2022-10-04,13:30:00,1664870400,0.98977,0.99033,0.98674,0.98788,17025,0,0
2022-10-04T12:00:00+00:00,2022-10-04,17:30:00,1664884800,0.98787,0.98855,0.97932,0.98067,21669,0,0
2022-10-04T16:00:00+00:00,2022-10-04,21:30:00,1664899200,0.98066,0.98104,0.97847,0.97899,9898,0,0
2022-10-04T20:00:00+00:00,2022-10-05,01:30:00,1664913600,0.97901,0.98036,0.97871,0.97879,2131,0,0
2022-10-05T00:00:00+00:00,2022-10-05,05:30:00,1664928000,0.97877,0.98082,0.97852,0.97999,5508,0,0
2022-10-05T04:00:00+00:00,2022-10-05,09:30:00,1664942400,0.98001,0.98383,0.97927,0.98268,9469,0,0
2022-10-05T08:00:00+00:00,2022-10-05,13:30:00,1664956800,0.98268,0.98545,0.98056,0.9851,11283,0,0
2022-10-05T12:00:00+00:00,2022-10-05,17:30:00,1664971200,0.98511,0.98891,0.98103,0.98394,22506,0,0
2022-10-05T16:00:00+00:00,2022-10-05,21:30:00,1664985600,0.98393,0.98489,0.9814,0.98331,8161,0,0
2022-10-05T20:00:00+00:00,2022-10-06,01:30:00,1665000000,0.98331,0.98359,0.9813,0.98133,2134,0,0
2022-10-06T00:00:00+00:00,2022-10-06,05:30:00,1665014400,0.98131,0.98222,0.97991,0.98084,4282,0,0
2022-10-06T04:00:00+00:00,2022-10-06,09:30:00,1665028800,0.98086,0.98154,0.97807,0.97975,8648,0,0
2022-10-06T08:00:00+00:00,2022-10-06,13:30:00,1665043200,0.97976,0.98507,0.97952,0.98395,11597,0,0
2022-10-06T12:00:00+00:00,2022-10-06,17:30:00,1665057600,0.98396,0.99081,0.98339,0.99002,19208,0,0
2022-10-06T16:00:00+00:00,2022-10-06,21:30:00,1665072000,0.99,0.99138,0.9888,0.99052,9069,0,0
2022-10-06T20:00:00+00:00,2022-10-07,01:30:00,1665086400,0.99053,0.99073,0.98882,0.99007,1722,0,0
2022-10-07T00:00:00+00:00,2022-10-07,05:30:00,1665100800,0.99005,0.99092,0.98934,0.98959,3858,0,0
2022-10-07T04:00:00+00:00,2022-10-07,09:30:00,1665115200,0.98961,0.99135,0.98867,0.98995,7364,0,0
2022-10-07T08:00:00+00:00,2022-10-07,13:30:00,1665129600,0.98996,0.99145,0.98785,0.99078,10865,0,0
2022-10-07T12:00:00+00:00,2022-10-07,17:30:00,1665144000,0.99081,0.99536,0.98992,0.99149,22844,0,0
2022-10-07T16:00:00+00:00,2022-10-07,21:30:00,1665158400,0.99151,0.99503,0.99112,0.99469,5891,0,0
2022-10-07T20:00:00+00:00,2022-10-08,01:30:00,1665172800,0.99471,0.99501,0.99429,0.99473,1206,0,0
2022-10-09T20:00:00+00:00,2022-10-10,01:30:00,1665345600,0.99347,0.99511,0.99345,0.99455,1300,0,0
2022-10-10T00:00:00+00:00,2022-10-10,05:30:00,1665360000,0.99457,0.99503,0.99324,0.99393,3618,0,0
2022-10-10T04:00:00+00:00,2022-10-10,09:30:00,1665374400,0.99394,0.99785,0.99378,0.99744,7950,0,0
2022-10-10T08:00:00+00:00,2022-10-10,13:30:00,1665388800,0.99746,0.99944,0.99671,0.99886,10027,0,0
2022-10-10T12:00:00+00:00,2022-10-10,17:30:00,1665403200,0.99887,1.00035,0.99733,1.00005,13814,0,0
2022-10-10T16:00:00+00:00,2022-10-10,21:30:00,1665417600,1.00002,1.00109,0.99887,1.0,6156,0,0
2022-10-10T20:00:00+00:00,2022-10-11,01:30:00,1665432000,1.00001,1.00014,0.99894,0.99953,1547,0,0
2022-10-11T00:00:00+00:00,2022-10-11,05:30:00,1665446400,0.99955,1.00183,0.99858,1.0017,4466,0,0
2022-10-11T04:00:00+00:00,2022-10-11,09:30:00,1665460800,1.00169,1.0021,0.99842,1.00076,9871,0,0
2022-10-11T08:00:00+00:00,2022-10-11,13:30:00,1665475200,1.00074,1.00099,0.99528,0.99564,12712,0,0
2022-10-11T12:00:00+00:00,2022-10-11,17:30:00,1665489600,0.99566,0.99912,0.99398,0.99402,16908,0,0
2022-10-11T16:00:00+00:00,2022-10-11,21:30:00,1665504000,0.99403,0.99794,0.99162,0.99656,11339,0,0
2022-10-11T20:00:00+00:00,2022-10-12,01:30:00,1665518400,0.99657,0.99779,0.99588,0.99772,2576,0,0
2022-10-12T00:00:00+00:00,2022-10-12,05:30:00,1665532800,0.99773,0.99888,0.99668,0.9976,4881,0,0
2022-10-12T04:00:00+00:00,2022-10-12,09:30:00,1665547200,0.99759,0.99786,0.99398,0.994,12992,0,0
2022-10-12T08:00:00+00:00,2022-10-12,13:30:00,1665561600,0.99402,0.9963,0.99313,0.99508,12315,0,0
2022-10-12T12:00:00+00:00,2022-10-12,17:30:00,1665576000,0.99508,1.00045,0.9947,0.99808,16503,0,0
2022-10-12T16:00:00+00:00,2022-10-12,21:30:00,1665590400,0.99807,0.99927,0.99572,0.99775,9039,0,0
2022-10-12T20:00:00+00:00,2022-10-13,01:30:00,1665604800,0.99776,0.998,0.99627,0.99765,1433,0,0
2022-10-13T00:00:00+00:00,2022-10-13,05:30:00,1665619200,0.99767,0.99826,0.99645,0.99802,3072,0,0
2022-10-13T04:00:00+00:00,2022-10-13,09:30:00,1665633600,0.99804,1.00025,0.99734,0.99925,4396,0,0
2022-10-13T08:00:00+00:00,2022-10-13,13:30:00,1665648000,0.99925,1.00043,0.996,0.99769,9954,0,0
2022-10-13T12:00:00+00:00,2022-10-13,17:30:00,1665662400,0.99768,1.00739,0.99701,0.99876,36051,0,0
2022-10-13T16:00:00+00:00,2022-10-13,21:30:00,1665676800,0.99874,1.00024,0.99717,0.99976,11061,0,0
2022-10-13T20:00:00+00:00,2022-10-14,01:30:00,1665691200,0.99977,1.00184,0.99881,1.00178,1965,0,0
2022-10-14T00:00:00+00:00,2022-10-14,05:30:00,1665705600,1.0018,1.00195,0.99814,0.99882,4924,0,0
2022-10-14T04:00:00+00:00,2022-10-14,09:30:00,1665720000,0.9988,0.99973,0.9965,0.99809,8339,0,0
2022-10-14T08:00:00+00:00,2022-10-14,13:30:00,1665734400,0.9981,1.00474,0.9981,1.00406,11341,0,0
2022-10-14T12:00:00+00:00,2022-10-14,17:30:00,1665748800,1.00405,1.00592,0.99839,1.00485,24369,0,0
2022-10-14T16:00:00+00:00,2022-10-14,21:30:00,1665763200,1.00486,1.00664,1.00365,1.00486,9325,0,0
2022-10-14T20:00:00+00:00,2022-10-15,01:30:00,1665777600,1.00484,1.0058,1.00456,1.00562,1184,0,0
2022-10-16T20:00:00+00:00,2022-10-17,01:30:00,1665950400,1.0047,1.00538,1.0034,1.00366,10186,0,0
2022-10-17T00:00:00+00:00,2022-10-17,05:30:00,1665964800,1.00364,1.00454,1.00275,1.00363,3960,0,0
2022-10-17T04:00:00+00:00,2022-10-17,09:30:00,1665979200,1.0036,1.00408,1.00004,1.00054,9007,0,0
2022-10-17T08:00:00+00:00,2022-10-17,13:30:00,1665993600,1.00052,1.00284,0.99924,1.00185,10316,0,0
2022-10-17T12:00:00+00:00,2022-10-17,17:30:00,1666008000,1.00188,1.00247,0.99438,0.99531,13004,0,0
2022-10-17T16:00:00+00:00,2022-10-17,21:30:00,1666022400,0.99531,0.99679,0.99501,0.99636,6134,0,0
2022-10-17T20:00:00+00:00,2022-10-18,01:30:00,1666036800,0.99635,0.99646,0.99506,0.99576,1598,0,0
2022-10-18T00:00:00+00:00,2022-10-18,05:30:00,1666051200,0.99577,0.99606,0.99411,0.99425,3444,0,0
2022-10-18T04:00:00+00:00,2022-10-18,09:30:00,1666065600,0.99427,0.99478,0.99195,0.99333,8996,0,0
2022-10-18T08:00:00+00:00,2022-10-18,13:30:00,1666080000,0.99332,0.99748,0.9929,0.99597,11396,0,0
2022-10-18T12:00:00+00:00,2022-10-18,17:30:00,1666094400,0.99595,0.99789,0.99301,0.99626,14532,0,0
2022-10-18T16:00:00+00:00,2022-10-18,21:30:00,1666108800,0.99627,0.99703,0.99427,0.9943,7358,0,0
2022-10-18T20:00:00+00:00,2022-10-19,01:30:00,1666123200,0.99431,0.99468,0.99287,0.9938,2182,0,0
2022-10-19T00:00:00+00:00,2022-10-19,05:30:00,1666137600,0.99383,0.99511,0.99346,0.99505,3757,0,0
2022-10-19T04:00:00+00:00,2022-10-19,09:30:00,1666152000,0.99504,0.99931,0.99481,0.99804,8358,0,0
2022-10-19T08:00:00+00:00,2022-10-19,13:30:00,1666166400,0.99804,1.00438,0.99802,1.00243,11165,0,0
2022-10-19T12:00:00+00:00,2022-10-19,17:30:00,1666180800,1.00244,1.00486,1.00214,1.00403,14376,0,0
2022-10-19T16:00:00+00:00,2022-10-19,21:30:00,1666195200,1.00404,1.00631,1.00393,1.00455,6683,0,0
2022-10-19T20:00:00+00:00,2022-10-20,01:30:00,1666209600,1.00453,1.00538,1.00402,1.00504,1433,0,0
2022-10-20T00:00:00+00:00,2022-10-20,05:30:00,1666224000,1.00502,1.00642,1.00471,1.00604,3362,0,0
2022-10-20T04:00:00+00:00,2022-10-20,09:30:00,1666238400,1.00607,1.00686,1.0038,1.00435,9880,0,0
2022-10-20T08:00:00+00:00,2022-10-20,13:30:00,1666252800,1.00433,1.00628,1.0014,1.00215,10396,0,0
2022-10-20T12:00:00+00:00,2022-10-20,17:30:00,1666267200,1.00216,1.00478,0.99949,1.00042,17638,0,0
2022-10-20T16:00:00+00:00,2022-10-20,21:30:00,1666281600,1.00041,1.00504,1.00041,1.00405,7259,0,0
2022-10-20T20:00:00+00:00,2022-10-21,01:30:00,1666296000,1.00405,1.00446,1.00274,1.00404,1786,0,0
2022-10-21T00:00:00+00:00,2022-10-21,05:30:00,1666310400,1.00401,1.00609,1.00373,1.00583,3468,0,0
2022-10-21T04:00:00+00:00,2022-10-21,09:30:00,1666324800,1.00581,1.00742,1.00363,1.00521,7442,0,0
2022-10-21T08:00:00+00:00,2022-10-21,13:30:00,1666339200,1.00522,1.01248,1.00516,1.01224,13079,0,0
2022-10-21T12:00:00+00:00,2022-10-21,17:30:00,1666353600,1.01225,1.01479,0.99825,0.99836,43936,0,0
2022-10-21T16:00:00+00:00,2022-10-21,21:30:00,1666368000,0.99834,1.00117,0.99622,0.99787,21979,0,0
2022-10-21T20:00:00+00:00,2022-10-22,01:30:00,1666382400,0.99786,0.99809,0.99733,0.99791,1106,0,0
2022-10-23T20:00:00+00:00,2022-10-24,01:30:00,1666555200,0.99604,1.00162,0.99443,0.99771,6198,0,0
2022-10-24T00:00:00+00:00,2022-10-24,05:30:00,1666569600,0.99773,1.0,0.99705,0.99912,9323,0,0
2022-10-24T04:00:00+00:00,2022-10-24,09:30:00,1666584000,0.99911,1.00064,0.99653,0.99989,11655,0,0
2022-10-24T08:00:00+00:00,2022-10-24,13:30:00,1666598400,0.9999,1.00317,0.99951,1.00157,14997,0,0
2022-10-24T12:00:00+00:00,2022-10-24,17:30:00,1666612800,1.00158,1.00295,0.99695,1.00074,23912,0,0
2022-10-24T16:00:00+00:00,2022-10-24,21:30:00,1666627200,1.00077,1.00235,1.00045,1.00117,5909,0,0
2022-10-24T20:00:00+00:00,2022-10-25,01:30:00,1666641600,1.00119,1.00146,0.99906,0.99967,1913,0,0
2022-10-25T00:00:00+00:00,2022-10-25,05:30:00,1666656000,0.99964,1.00038,0.99812,0.99984,5317,0,0
2022-10-25T04:00:00+00:00,2022-10-25,09:30:00,1666670400,0.99986,1.00295,0.99971,1.00252,7449,0,0
2022-10-25T08:00:00+00:00,2022-10-25,13:30:00,1666684800,1.00251,1.00307,1.0011,1.0021,8774,0,0
2022-10-25T12:00:00+00:00,2022-10-25,17:30:00,1666699200,1.00209,1.00316,0.99399,0.9962,20133,0,0
2022-10-25T16:00:00+00:00,2022-10-25,21:30:00,1666713600,0.99621,0.99748,0.9946,0.99461,8040,0,0
2022-10-25T20:00:00+00:00,2022-10-26,01:30:00,1666728000,0.99463,0.99533,0.99412,0.99486,1849,0,0
2022-10-26T00:00:00+00:00,2022-10-26,05:30:00,1666742400,0.99484,0.99625,0.99426,0.99464,4522,0,0
2022-10-26T04:00:00+00:00,2022-10-26,09:30:00,1666756800,0.99466,0.99509,0.98787,0.98787,9770,0,0
2022-10-26T08:00:00+00:00,2022-10-26,13:30:00,1666771200,0.98785,0.9912,0.98547,0.9897,13656,0,0
2022-10-26T12:00:00+00:00,2022-10-26,17:30:00,1666785600,0.98971,0.99287,0.98526,0.98646,20004,0,0
2022-10-26T16:00:00+00:00,2022-10-26,21:30:00,1666800000,0.98645,0.9878,0.98548,0.98643,8123,0,0
2022-10-26T20:00:00+00:00,2022-10-27,01:30:00,1666814400,0.98642,0.98668,0.98477,0.98477,1959,0,0
2022-10-27T00:00:00+00:00,2022-10-27,05:30:00,1666828800,0.98479,0.98699,0.98417,0.9864,4330,0,0
2022-10-27T04:00:00+00:00,2022-10-27,09:30:00,1666843200,0.98643,0.98863,0.98512,0.98704,8694,0,0
2022-10-27T08:00:00+00:00,2022-10-27,13:30:00,1666857600,0.98705,0.99107,0.98588,0.99037,11466,0,0
2022-10-27T12:00:00+00:00,2022-10-27,17:30:00,1666872000,0.99039,0.99281,0.98695,0.98995,29340,0,0
2022-10-27T16:00:00+00:00,2022-10-27,21:30:00,1666886400,0.98994,0.99236,0.98901,0.99168,6921,0,0
2022-10-27T20:00:00+00:00,2022-10-28,01:30:00,1666900800,0.99167,0.99197,0.98992,0.99039,2835,0,0
2022-10-28T00:00:00+00:00,2022-10-28,05:30:00,1666915200,0.99043,0.99135,0.98837,0.98857,5854,0,0
2022-10-28T04:00:00+00:00,2022-10-28,09:30:00,1666929600,0.98859,0.99533,0.98831,0.99462,10650,0,0
2022-10-28T08:00:00+00:00,2022-10-28,13:30:00,1666944000,0.99464,0.99687,0.99353,0.99679,11122,0,0
2022-10-28T12:00:00+00:00,2022-10-28,17:30:00,1666958400,0.99681,0.99799,0.99418,0.99693,21707,0,0
2022-10-28T16:00:00+00:00,2022-10-28,21:30:00,1666972800,0.99691,0.99758,0.99547,0.99547,4917,0,0
2022-10-28T20:00:00+00:00,2022-10-29,01:30:00,1666987200,0.9955,0.99646,0.99546,0.99616,1120,0,0
2022-10-30T20:00:00+00:00,2022-10-31,01:30:00,1667160000,0.99605,0.99834,0.99571,0.99648,2331,0,0
2022-10-31T00:00:00+00:00,2022-10-31,05:30:00,1667174400,0.99645,0.99755,0.99599,0.99634,3416,0,0
2022-10-31T04:00:00+00:00,2022-10-31,09:30:00,1667188800,0.99637,0.99948,0.99623,0.99943,4988,0,0
2022-10-31T08:00:00+00:00,2022-10-31,13:30:00,1667203200,0.99943,1.00127,0.99832,0.99946,8834,0,0
2022-10-31T12:00:00+00:00,2022-10-31,17:30:00,1667217600,0.99947,1.00324,0.99943,1.0007,12990,0,0
2022-10-31T16:00:00+00:00,2022-10-31,21:30:00,1667232000,1.00068,1.00198,1.00048,1.00139,7092,0,0
2022-10-31T20:00:00+00:00,2022-11-01,01:30:00,1667246400,1.00137,1.00221,1.00038,1.0016,1789,0,0
2022-11-01T00:00:00+00:00,2022-11-01,05:30:00,1667260800,1.00158,1.00177,0.99955,1.00072,3567,0,0
2022-11-01T04:00:00+00:00,2022-11-01,09:30:00,1667275200,1.00069,1.00096,0.99713,0.99778,6633,0,0
2022-11-01T08:00:00+00:00,2022-11-01,13:30:00,1667289600,0.99776,0.9978,0.99152,0.99363,10568,0,0
2022-11-01T12:00:00+00:00,2022-11-01,17:30:00,1667304000,0.99362,1.00115,0.99163,0.9996,18424,0,0
2022-11-01T16:00:00+00:00,2022-11-01,21:30:00,1667318400,0.99961,1.00128,0.99682,1.00012,8305,0,0
2022-11-01T20:00:00+00:00,2022-11-02,01:30:00,1667332800,1.00013,1.00098,0.99863,0.99998,1986,0,0
2022-11-02T00:00:00+00:00,2022-11-02,05:30:00,1667347200,0.99996,1.00024,0.99752,0.99821,4054,0,0
2022-11-02T04:00:00+00:00,2022-11-02,09:30:00,1667361600,0.99818,0.99967,0.99775,0.99876,4883,0,0
2022-11-02T08:00:00+00:00,2022-11-02,13:30:00,1667376000,0.99875,0.99938,0.99603,0.99617,8536,0,0
2022-11-02T12:00:00+00:00,2022-11-02,17:30:00,1667390400,0.99617,0.99941,0.99432,0.99881,12555,0,0
2022-11-02T16:00:00+00:00,2022-11-02,21:30:00,1667404800,0.99882,1.00409,0.99111,1.00245,28841,0,0
2022-11-02T20:00:00+00:00,2022-11-03,01:30:00,1667419200,1.00246,1.00406,1.00029,1.00334,3249,0,0
2022-11-03T00:00:00+00:00,2022-11-03,05:30:00,1667433600,1.00336,1.00374,1.00075,1.0017,3852,0,0
2022-11-03T04:00:00+00:00,2022-11-03,09:30:00,1667448000,1.00169,1.00878,1.00148,1.00687,7313,0,0
2022-11-03T08:00:00+00:00,2022-11-03,13:30:00,1667462400,1.00689,1.01448,1.00689,1.01373,11704,0,0
2022-11-03T12:00:00+00:00,2022-11-03,17:30:00,1667476800,1.0137,1.01473,1.00905,1.01315,20468,0,0
2022-11-03T16:00:00+00:00,2022-11-03,21:30:00,1667491200,1.01317,1.01413,1.01192,1.01312,6492,0,0
2022-11-03T20:00:00+00:00,2022-11-04,01:30:00,1667505600,1.0131000000000001,1.0143,1.01238,1.01349,1458,0,0
2022-11-04T00:00:00+00:00,2022-11-04,05:30:00,1667520000,1.01348,1.01355,1.01067,1.01068,3128,0,0
2022-11-04T04:00:00+00:00,2022-11-04,09:30:00,1667534400,1.0107,1.01164,1.00836,1.01146,7085,0,0
2022-11-04T08:00:00+00:00,2022-11-04,13:30:00,1667548800,1.01148,1.01148,1.00562,1.00617,9550,0,0
2022-11-04T12:00:00+00:00,2022-11-04,17:30:00,1667563200,1.00617,1.01015,0.99413,0.99815,30360,0,0
2022-11-04T16:00:00+00:00,2022-11-04,21:30:00,1667577600,0.99815,0.99955,0.99319,0.99354,9878,0,0
2022-11-04T20:00:00+00:00,2022-11-05,01:30:00,1667592000,0.99357,0.99445,0.99332,0.99417,1120,0,0
2022-11-06T20:00:00+00:00,2022-11-07,01:30:00,1667764800,0.99778,0.99809,0.99486,0.9968,1551,8,0
2022-11-07T00:00:00+00:00,2022-11-07,05:30:00,1667779200,0.99684,0.9978,0.99531,0.99604,4561,0,0
2022-11-07T04:00:00+00:00,2022-11-07,09:30:00,1667793600,0.99605,0.99699,0.99449,0.99639,5815,0,0
2022-11-07T08:00:00+00:00,2022-11-07,13:30:00,1667808000,0.9964,0.99647,0.98923,0.98976,11288,0,0
2022-11-07T12:00:00+00:00,2022-11-07,17:30:00,1667822400,0.98978,0.9913,0.9876,0.98933,16860,0,0
2022-11-07T16:00:00+00:00,2022-11-07,21:30:00,1667836800,0.98934,0.99139,0.98755,0.98787,6909,0,0
2022-11-07T20:00:00+00:00,2022-11-08,01:30:00,1667851200,0.98787,0.98903,0.98758,0.98893,2267,0,0
2022-11-08T00:00:00+00:00,2022-11-08,05:30:00,1667865600,0.98894,0.99085,0.98776,0.99024,2927,0,0
2022-11-08T04:00:00+00:00,2022-11-08,09:30:00,1667880000,0.99026,0.99234,0.9901,0.99151,4238,0,0
2022-11-08T08:00:00+00:00,2022-11-08,13:30:00,1667894400,0.99148,0.9917,0.98849,0.99029,8531,0,0
2022-11-08T12:00:00+00:00,2022-11-08,17:30:00,1667908800,0.99029,0.99272,0.98425,0.98486,12959,0,0
2022-11-08T16:00:00+00:00,2022-11-08,21:30:00,1667923200,0.98485,0.98774,0.98371,0.986,9507,0,0
2022-11-08T20:00:00+00:00,2022-11-09,01:30:00,1667937600,0.98599,0.98612,0.9844,0.98467,3168,0,0
2022-11-09T00:00:00+00:00,2022-11-09,05:30:00,1667952000,0.98469,0.98676,0.98442,0.98604,4020,0,0
2022-11-09T04:00:00+00:00,2022-11-09,09:30:00,1667966400,0.98602,0.98742,0.98509,0.9855,5233,0,0
2022-11-09T08:00:00+00:00,2022-11-09,13:30:00,1667980800,0.98549,0.98674,0.98213,0.98245,11936,0,0
2022-11-09T12:00:00+00:00,2022-11-09,17:30:00,1667995200,0.98243,0.98587,0.98005,0.984,18511,0,0
2022-11-09T16:00:00+00:00,2022-11-09,21:30:00,1668009600,0.98399,0.98663,0.98161,0.98575,9208,0,0
2022-11-09T20:00:00+00:00,2022-11-10,01:30:00,1668024000,0.98576,0.98582,0.98338,0.98362,3506,0,0
2022-11-10T00:00:00+00:00,2022-11-10,05:30:00,1668038400,0.9836,0.98483,0.98281,0.98373,3852,0,0
2022-11-10T04:00:00+00:00,2022-11-10,09:30:00,1668052800,0.98369,0.98605,0.98252,0.98605,5536,0,0
2022-11-10T08:00:00+00:00,2022-11-10,13:30:00,1668067200,0.98604,0.98993,0.98422,0.98971,12647,0,0
2022-11-10T12:00:00+00:00,2022-11-10,17:30:00,1668081600,0.98968,0.98981,0.96598,0.96714,36725,0,0
2022-11-10T16:00:00+00:00,2022-11-10,21:30:00,1668096000,0.96716,0.97002,0.96635,0.96635,12834,0,0
2022-11-10T20:00:00+00:00,2022-11-11,01:30:00,1668110400,0.96633,0.96671,0.96308,0.96494,4819,0,0
2022-11-11T00:00:00+00:00,2022-11-11,05:30:00,1668124800,0.96511,0.96819,0.96433,0.96672,5693,0,0
2022-11-11T04:00:00+00:00,2022-11-11,09:30:00,1668139200,0.96675,0.96725,0.96196,0.96293,10034,0,0
2022-11-11T08:00:00+00:00,2022-11-11,13:30:00,1668153600,0.96294,0.96467,0.95716,0.95749,16801,0,0
2022-11-11T12:00:00+00:00,2022-11-11,17:30:00,1668168000,0.9575,0.95781,0.9451,0.94577,26929,0,0
2022-11-11T16:00:00+00:00,2022-11-11,21:30:00,1668182400,0.94579,0.94705,0.93976,0.9405,8808,0,0
2022-11-11T20:00:00+00:00,2022-11-12,01:30:00,1668196800,0.94052,0.94153,0.94007,0.94123,2575,0,0
2022-11-13T20:00:00+00:00,2022-11-14,01:30:00,1668369600,0.94168,0.94411,0.94142,0.94411,1133,8,0
2022-11-14T00:00:00+00:00,2022-11-14,05:30:00,1668384000,0.9441,0.94568,0.94258,0.94543,6347,0,0
2022-11-14T04:00:00+00:00,2022-11-14,09:30:00,1668398400,0.94546,0.9485,0.94534,0.94543,6599,0,0
2022-11-14T08:00:00+00:00,2022-11-14,13:30:00,1668412800,0.94544,0.94891,0.94253,0.94713,14260,0,0
2022-11-14T12:00:00+00:00,2022-11-14,17:30:00,1668427200,0.94713,0.94785,0.94396,0.94563,16003,0,0
2022-11-14T16:00:00+00:00,2022-11-14,21:30:00,1668441600,0.94564,0.94623,0.94054,0.94161,8328,0,0
2022-11-14T20:00:00+00:00,2022-11-15,01:30:00,1668456000,0.94161,0.94391,0.94117,0.94338,2638,0,0
2022-11-15T00:00:00+00:00,2022-11-15,05:30:00,1668470400,0.94339,0.94538,0.94305,0.94523,4304,0,0
2022-11-15T04:00:00+00:00,2022-11-15,09:30:00,1668484800,0.9452,0.94533,0.93798,0.93976,7606,0,0
2022-11-15T08:00:00+00:00,2022-11-15,13:30:00,1668499200,0.93975,0.94175,0.93807,0.94047,15178,0,0
2022-11-15T12:00:00+00:00,2022-11-15,17:30:00,1668513600,0.94045,0.94661,0.93569,0.94506,30030,0,0
2022-11-15T16:00:00+00:00,2022-11-15,21:30:00,1668528000,0.94504,0.94755,0.94241,0.94243,23698,0,0
2022-11-15T20:00:00+00:00,2022-11-16,01:30:00,1668542400,0.94244,0.94497,0.94175,0.94302,5297,0,0
2022-11-16T00:00:00+00:00,2022-11-16,05:30:00,1668556800,0.943,0.94592,0.94294,0.94586,6438,0,0
2022-11-16T04:00:00+00:00,2022-11-16,09:30:00,1668571200,0.94588,0.94696,0.94228,0.94253,8855,0,0
2022-11-16T08:00:00+00:00,2022-11-16,13:30:00,1668585600,0.94255,0.94324,0.93862,0.93999,14437,0,0
2022-11-16T12:00:00+00:00,2022-11-16,17:30:00,1668600000,0.93997,0.94378,0.93894,0.94279,18525,0,0
2022-11-16T16:00:00+00:00,2022-11-16,21:30:00,1668614400,0.9428,0.94569,0.94193,0.94416,7181,0,0
2022-11-16T20:00:00+00:00,2022-11-17,01:30:00,1668628800,0.94415,0.94522,0.94367,0.94445,2806,0,0
2022-11-17T00:00:00+00:00,2022-11-17,05:30:00,1668643200,0.94443,0.94683,0.94402,0.94613,2907,0,0
2022-11-17T04:00:00+00:00,2022-11-17,09:30:00,1668657600,0.94614,0.94677,0.94429,0.94466,4207,0,0
2022-11-17T08:00:00+00:00,2022-11-17,13:30:00,1668672000,0.94465,0.95097,0.94333,0.94851,10357,0,0
2022-11-17T12:00:00+00:00,2022-11-17,17:30:00,1668686400,0.9485,0.95537,0.94721,0.95484,16520,0,0
2022-11-17T16:00:00+00:00,2022-11-17,21:30:00,1668700800,0.95482,0.95572,0.9511,0.95198,7342,0,0
2022-11-17T20:00:00+00:00,2022-11-18,01:30:00,1668715200,0.95199,0.95293,0.95151,0.95293,2356,0,0
2022-11-18T00:00:00+00:00,2022-11-18,05:30:00,1668729600,0.95291,0.95307,0.95067,0.9511,3299,0,0
2022-11-18T04:00:00+00:00,2022-11-18,09:30:00,1668744000,0.95112,0.953,0.95091,0.95104,4071,0,0
2022-11-18T08:00:00+00:00,2022-11-18,13:30:00,1668758400,0.95105,0.95314,0.94985,0.95268,9243,0,0
2022-11-18T12:00:00+00:00,2022-11-18,17:30:00,1668772800,0.95269,0.95477,0.95053,0.95069,10938,0,0
2022-11-18T16:00:00+00:00,2022-11-18,21:30:00,1668787200,0.9507,0.95428,0.95028,0.95358,5149,0,0
2022-11-18T20:00:00+00:00,2022-11-19,01:30:00,1668801600,0.95357,0.95495,0.95316,0.95464,1679,0,0
2022-11-20T20:00:00+00:00,2022-11-21,01:30:00,1668974400,0.95366,0.95393,0.95296,0.95338,776,0,0
2022-11-21T00:00:00+00:00,2022-11-21,05:30:00,1668988800,0.95339,0.95561,0.95337,0.95441,3668,0,0
2022-11-21T04:00:00+00:00,2022-11-21,09:30:00,1669003200,0.95443,0.95749,0.95427,0.95695,4959,0,0
2022-11-21T08:00:00+00:00,2022-11-21,13:30:00,1669017600,0.95696,0.95979,0.95556,0.95798,9552,0,0
2022-11-21T12:00:00+00:00,2022-11-21,17:30:00,1669032000,0.95797,0.9591,0.95617,0.95907,10020,0,0
2022-11-21T16:00:00+00:00,2022-11-21,21:30:00,1669046400,0.95908,0.95966,0.95778,0.95946,5531,0,0
2022-11-21T20:00:00+00:00,2022-11-22,01:30:00,1669060800,0.95949,0.95986,0.95814,0.95852,2564,0,0
2022-11-22T00:00:00+00:00,2022-11-22,05:30:00,1669075200,0.95851,0.95878,0.95624,0.95678,2824,0,0
2022-11-22T04:00:00+00:00,2022-11-22,09:30:00,1669089600,0.9568,0.95785,0.95623,0.95689,3428,0,0
2022-11-22T08:00:00+00:00,2022-11-22,13:30:00,1669104000,0.95688,0.95824,0.95351,0.95479,8808,0,0
2022-11-22T12:00:00+00:00,2022-11-22,17:30:00,1669118400,0.9548,0.95543,0.95096,0.95261,9254,0,0
2022-11-22T16:00:00+00:00,2022-11-22,21:30:00,1669132800,0.95261,0.95411,0.95132,0.95224,4382,0,0
2022-11-22T20:00:00+00:00,2022-11-23,01:30:00,1669147200,0.95226,0.95254,0.95096,0.951,1976,0,0
2022-11-23T00:00:00+00:00,2022-11-23,05:30:00,1669161600,0.95117,0.95216,0.95041,0.95174,2512,0,0
2022-11-23T04:00:00+00:00,2022-11-23,09:30:00,1669176000,0.95176,0.95209,0.94892,0.94982,3426,0,0
2022-11-23T08:00:00+00:00,2022-11-23,13:30:00,1669190400,0.94983,0.95333,0.94983,0.95122,6123,0,0
2022-11-23T12:00:00+00:00,2022-11-23,17:30:00,1669204800,0.95123,0.9517,0.94214,0.94247,13749,0,0
2022-11-23T16:00:00+00:00,2022-11-23,21:30:00,1669219200,0.94246,0.94475,0.94125,0.94192,9653,0,0
2022-11-23T20:00:00+00:00,2022-11-24,01:30:00,1669233600,0.94193,0.94265,0.94079,0.94105,2954,0,0
2022-11-24T00:00:00+00:00,2022-11-24,05:30:00,1669248000,0.94103,0.94185,0.93875,0.9389,3104,0,0
2022-11-24T04:00:00+00:00,2022-11-24,09:30:00,1669262400,0.93889,0.9416,0.93883,0.94137,4198,0,0
2022-11-24T08:00:00+00:00,2022-11-24,13:30:00,1669276800,0.94139,0.94457,0.94133,0.94244,9746,0,0
2022-11-24T12:00:00+00:00,2022-11-24,17:30:00,1669291200,0.94246,0.9445,0.9414,0.94373,9903,0,0
2022-11-24T16:00:00+00:00,2022-11-24,21:30:00,1669305600,0.94376,0.94392,0.94307,0.94327,2145,0,0
2022-11-24T20:00:00+00:00,2022-11-25,01:30:00,1669320000,0.94323,0.94405,0.94233,0.94356,1815,1,0
2022-11-25T00:00:00+00:00,2022-11-25,05:30:00,1669334400,0.94358,0.94467,0.94325,0.94331,2529,0,0
2022-11-25T04:00:00+00:00,2022-11-25,09:30:00,1669348800,0.94329,0.94564,0.94229,0.94557,4000,0,0
2022-11-25T08:00:00+00:00,2022-11-25,13:30:00,1669363200,0.94558,0.94714,0.94264,0.94711,9325,0,0
2022-11-25T12:00:00+00:00,2022-11-25,17:30:00,1669377600,0.94712,0.95001,0.94578,0.94661,11123,0,0
2022-11-25T16:00:00+00:00,2022-11-25,21:30:00,1669392000,0.94658,0.94687,0.94478,0.94495,10294,0,0
2022-11-25T20:00:00+00:00,2022-11-26,01:30:00,1669406400,0.9449,0.94694,0.94443,0.94563,2806,14,0
2022-11-27T20:00:00+00:00,2022-11-28,01:30:00,1669579200,0.94688,0.94793,0.94614,0.94747,1085,1,0
2022-11-28T00:00:00+00:00,2022-11-28,05:30:00,1669593600,0.94745,0.94766,0.94556,0.94728,4024,0,0
2022-11-28T04:00:00+00:00,2022-11-28,09:30:00,1669608000,0.94727,0.94747,0.94477,0.9463,4451,0,0
2022-11-28T08:00:00+00:00,2022-11-28,13:30:00,1669622400,0.94628,0.94725,0.94055,0.94269,13330,0,0
2022-11-28T12:00:00+00:00,2022-11-28,17:30:00,1669636800,0.94268,0.94591,0.94256,0.94502,13922,0,0
2022-11-28T16:00:00+00:00,2022-11-28,21:30:00,1669651200,0.94504,0.94956,0.94462,0.94934,8321,0,0
2022-11-28T20:00:00+00:00,2022-11-29,01:30:00,1669665600,0.94934,0.9498,0.9485,0.94902,2317,0,0
2022-11-29T00:00:00+00:00,2022-11-29,05:30:00,1669680000,0.949,0.95013,0.94667,0.94721,3542,0,0
2022-11-29T04:00:00+00:00,2022-11-29,09:30:00,1669694400,0.94723,0.94892,0.94606,0.94771,6483,0,0
2022-11-29T08:00:00+00:00,2022-11-29,13:30:00,1669708800,0.94772,0.95244,0.94723,0.94949,11552,0,0
2022-11-29T12:00:00+00:00,2022-11-29,17:30:00,1669723200,0.94949,0.95458,0.94912,0.95144,13842,0,0
2022-11-29T16:00:00+00:00,2022-11-29,21:30:00,1669737600,0.95142,0.95409,0.95055,0.95375,7071,0,0
2022-11-29T20:00:00+00:00,2022-11-30,01:30:00,1669752000,0.95376,0.95456,0.95248,0.95456,2297,0,0
2022-11-30T00:00:00+00:00,2022-11-30,05:30:00,1669766400,0.95457,0.95471,0.95244,0.95274,2627,0,0
2022-11-30T04:00:00+00:00,2022-11-30,09:30:00,1669780800,0.95276,0.95476,0.9512,0.95248,4110,0,0
2022-11-30T08:00:00+00:00,2022-11-30,13:30:00,1669795200,0.9525,0.95293,0.94849,0.9498,8124,0,0
2022-11-30T12:00:00+00:00,2022-11-30,17:30:00,1669809600,0.94979,0.95453,0.94755,0.95287,17183,0,0
2022-11-30T16:00:00+00:00,2022-11-30,21:30:00,1669824000,0.95285,0.95306,0.94495,0.945,20105,0,0
2022-11-30T20:00:00+00:00,2022-12-01,01:30:00,1669838400,0.94498,0.94706,0.94313,0.94388,6471,0,0
2022-12-01T00:00:00+00:00,2022-12-01,05:30:00,1669852800,0.9439,0.94446,0.94159,0.94283,4830,0,0
2022-12-01T04:00:00+00:00,2022-12-01,09:30:00,1669867200,0.94281,0.94499,0.94131,0.94446,6303,0,0
2022-12-01T08:00:00+00:00,2022-12-01,13:30:00,1669881600,0.94446,0.94606,0.94235,0.94579,10691,0,0
2022-12-01T12:00:00+00:00,2022-12-01,17:30:00,1669896000,0.9458,0.94596,0.9369,0.93921,21455,0,0
2022-12-01T16:00:00+00:00,2022-12-01,21:30:00,1669910400,0.93923,0.94006,0.93656,0.93663,11105,0,0
2022-12-01T20:00:00+00:00,2022-12-02,01:30:00,1669924800,0.93665,0.93776,0.93584,0.93647,2875,0,0
2022-12-02T00:00:00+00:00,2022-12-02,05:30:00,1669939200,0.93646,0.93859,0.93641,0.93754,3314,0,0
2022-12-02T04:00:00+00:00,2022-12-02,09:30:00,1669953600,0.93752,0.9381,0.93476,0.93528,4764,0,0
2022-12-02T08:00:00+00:00,2022-12-02,13:30:00,1669968000,0.9353,0.9371,0.93331,0.93333,10523,0,0
2022-12-02T12:00:00+00:00,2022-12-02,17:30:00,1669982400,0.93335,0.94397,0.93265,0.9411,29841,0,0
2022-12-02T16:00:00+00:00,2022-12-02,21:30:00,1669996800,0.94111,0.94147,0.93643,0.93743,9965,0,0
2022-12-02T20:00:00+00:00,2022-12-03,01:30:00,1670011200,0.93743,0.93802,0.93668,0.93691,3384,0,0
2022-12-04T20:00:00+00:00,2022-12-05,01:30:00,1670184000,0.93763,0.93801,0.93633,0.9365,809,1,0
2022-12-05T00:00:00+00:00,2022-12-05,05:30:00,1670198400,0.93653,0.93781,0.93444,0.93458,3459,0,0
2022-12-05T04:00:00+00:00,2022-12-05,09:30:00,1670212800,0.93457,0.93697,0.93434,0.93641,4064,0,0
2022-12-05T08:00:00+00:00,2022-12-05,13:30:00,1670227200,0.9364,0.93682,0.93308,0.93456,9606,0,0
2022-12-05T12:00:00+00:00,2022-12-05,17:30:00,1670241600,0.93456,0.94095,0.93389,0.93832,15006,0,0
2022-12-05T16:00:00+00:00,2022-12-05,21:30:00,1670256000,0.9383,0.94335,0.93798,0.94266,8621,0,0
2022-12-05T20:00:00+00:00,2022-12-06,01:30:00,1670270400,0.94267,0.94355,0.94098,0.9424,2587,0,0
2022-12-06T00:00:00+00:00,2022-12-06,05:30:00,1670284800,0.94232,0.94336,0.94096,0.94251,3353,0,0
2022-12-06T04:00:00+00:00,2022-12-06,09:30:00,1670299200,0.94253,0.9456,0.94209,0.94349,4740,0,0
2022-12-06T08:00:00+00:00,2022-12-06,13:30:00,1670313600,0.9435,0.94426,0.93964,0.9403,9823,0,0
2022-12-06T12:00:00+00:00,2022-12-06,17:30:00,1670328000,0.94031,0.94242,0.9381,0.94003,12517,0,0
2022-12-06T16:00:00+00:00,2022-12-06,21:30:00,1670342400,0.94002,0.94272,0.93813,0.94207,6438,0,0
2022-12-06T20:00:00+00:00,2022-12-07,01:30:00,1670356800,0.94208,0.94223,0.94115,0.94207,1853,0,0
2022-12-07T00:00:00+00:00,2022-12-07,05:30:00,1670371200,0.94204,0.94328,0.9416,0.94225,2823,0,0
2022-12-07T04:00:00+00:00,2022-12-07,09:30:00,1670385600,0.94227,0.94378,0.94063,0.94073,4841,0,0
2022-12-07T08:00:00+00:00,2022-12-07,13:30:00,1670400000,0.94073,0.94328,0.94054,0.94275,10099,0,0
2022-12-07T12:00:00+00:00,2022-12-07,17:30:00,1670414400,0.94276,0.94291,0.93636,0.93893,19333,0,0
2022-12-07T16:00:00+00:00,2022-12-07,21:30:00,1670428800,0.93894,0.94103,0.93893,0.93959,6949,0,0
2022-12-07T20:00:00+00:00,2022-12-08,01:30:00,1670443200,0.93958,0.941,0.93931,0.94026,2444,0,0
2022-12-08T00:00:00+00:00,2022-12-08,05:30:00,1670457600,0.94043,0.94241,0.94036,0.9418,2995,0,0
2022-12-08T04:00:00+00:00,2022-12-08,09:30:00,1670472000,0.94181,0.9425,0.93938,0.93984,4191,0,0
2022-12-08T08:00:00+00:00,2022-12-08,13:30:00,1670486400,0.93986,0.94269,0.93958,0.94164,7158,0,0
2022-12-08T12:00:00+00:00,2022-12-08,17:30:00,1670500800,0.94165,0.94176,0.93515,0.93622,12224,0,0
2022-12-08T16:00:00+00:00,2022-12-08,21:30:00,1670515200,0.93623,0.93795,0.93438,0.93617,6601,0,0
2022-12-08T20:00:00+00:00,2022-12-09,01:30:00,1670529600,0.9362,0.93673,0.93546,0.93606,1987,0,0
2022-12-09T00:00:00+00:00,2022-12-09,05:30:00,1670544000,0.93607,0.93675,0.93349,0.93386,3723,0,0
2022-12-09T04:00:00+00:00,2022-12-09,09:30:00,1670558400,0.93385,0.93421,0.93251,0.93328,4170,0,0
2022-12-09T08:00:00+00:00,2022-12-09,13:30:00,1670572800,0.9333,0.93498,0.93227,0.9328,7695,0,0
2022-12-09T12:00:00+00:00,2022-12-09,17:30:00,1670587200,0.93277,0.93801,0.93235,0.93298,17784,0,0
2022-12-09T16:00:00+00:00,2022-12-09,21:30:00,1670601600,0.93299,0.934,0.93124,0.93346,6247,0,0
2022-12-09T20:00:00+00:00,2022-12-10,01:30:00,1670616000,0.93346,0.93502,0.9334,0.93475,1839,0,0
2022-12-11T20:00:00+00:00,2022-12-12,01:30:00,1670788800,0.93316,0.93505,0.93299,0.935,536,33,0
2022-12-12T00:00:00+00:00,2022-12-12,05:30:00,1670803200,0.93517,0.93671,0.9351,0.93622,2455,0,0
2022-12-12T04:00:00+00:00,2022-12-12,09:30:00,1670817600,0.93619,0.9369,0.93503,0.93524,3473,0,0
2022-12-12T08:00:00+00:00,2022-12-12,13:30:00,1670832000,0.93522,0.93631,0.93133,0.93184,7410,0,0
2022-12-12T12:00:00+00:00,2022-12-12,17:30:00,1670846400,0.93184,0.93633,0.93145,0.93604,8181,0,0
2022-12-12T16:00:00+00:00,2022-12-12,21:30:00,1670860800,0.93604,0.938,0.93502,0.937,6988,0,0
2022-12-12T20:00:00+00:00,2022-12-13,01:30:00,1670875200,0.93701,0.93743,0.93533,0.93579,1608,0,0
2022-12-13T00:00:00+00:00,2022-12-13,05:30:00,1670889600,0.9358,0.93657,0.93513,0.93655,2009,0,0
2022-12-13T04:00:00+00:00,2022-12-13,09:30:00,1670904000,0.93657,0.93685,0.93395,0.93471,3092,0,0
2022-12-13T08:00:00+00:00,2022-12-13,13:30:00,1670918400,0.93469,0.93752,0.93396,0.93706,7420,0,0
2022-12-13T12:00:00+00:00,2022-12-13,17:30:00,1670932800,0.93707,0.93715,0.92316,0.92653,27271,0,0
2022-12-13T16:00:00+00:00,2022-12-13,21:30:00,1670947200,0.92651,0.92992,0.92454,0.92864,10007,0,0
2022-12-13T20:00:00+00:00,2022-12-14,01:30:00,1670961600,0.92865,0.92943,0.92777,0.92908,2816,0,0
2022-12-14T00:00:00+00:00,2022-12-14,05:30:00,1670976000,0.9291,0.92955,0.92845,0.92912,3209,0,0
2022-12-14T04:00:00+00:00,2022-12-14,09:30:00,1670990400,0.92912,0.92972,0.92793,0.92923,3528,0,0
2022-12-14T08:00:00+00:00,2022-12-14,13:30:00,1671004800,0.9292,0.9296,0.92614,0.92788,10221,0,0
2022-12-14T12:00:00+00:00,2022-12-14,17:30:00,1671019200,0.92784,0.92848,0.9231,0.9237,11998,0,0
2022-12-14T16:00:00+00:00,2022-12-14,21:30:00,1671033600,0.92372,0.92742,0.92159,0.92466,23618,0,0
2022-12-14T20:00:00+00:00,2022-12-15,01:30:00,1671048000,0.92463,0.92519,0.92162,0.9244,10966,0,0
2022-12-15T00:00:00+00:00,2022-12-15,05:30:00,1671062400,0.92443,0.92593,0.92365,0.92566,3133,0,0
2022-12-15T04:00:00+00:00,2022-12-15,09:30:00,1671076800,0.92564,0.92705,0.92516,0.92647,4027,0,0
2022-12-15T08:00:00+00:00,2022-12-15,13:30:00,1671091200,0.92644,0.93043,0.92458,0.92803,14448,0,0
2022-12-15T12:00:00+00:00,2022-12-15,17:30:00,1671105600,0.92803,0.9297,0.92324,0.92846,21522,0,0
2022-12-15T16:00:00+00:00,2022-12-15,21:30:00,1671120000,0.92847,0.93173,0.92813,0.92828,10513,0,0
2022-12-15T20:00:00+00:00,2022-12-16,01:30:00,1671134400,0.92826,0.92897,0.92756,0.92772,2699,0,0
2022-12-16T00:00:00+00:00,2022-12-16,05:30:00,1671148800,0.9277,0.9277,0.9254,0.92679,2888,0,0
2022-12-16T04:00:00+00:00,2022-12-16,09:30:00,1671163200,0.92676,0.9285,0.92605,0.92836,3473,0,0
2022-12-16T08:00:00+00:00,2022-12-16,13:30:00,1671177600,0.92835,0.93068,0.92684,0.92951,9745,0,0
2022-12-16T12:00:00+00:00,2022-12-16,17:30:00,1671192000,0.92952,0.93258,0.92918,0.93229,13898,0,0
2022-12-16T16:00:00+00:00,2022-12-16,21:30:00,1671206400,0.93227,0.93367,0.93157,0.93304,6846,0,0
2022-12-16T20:00:00+00:00,2022-12-17,01:30:00,1671220800,0.93306,0.93427,0.93258,0.93426,2207,0,0
2022-12-18T20:00:00+00:00,2022-12-19,01:30:00,1671393600,0.9333,0.93467,0.93267,0.93467,838,1,0
2022-12-19T00:00:00+00:00,2022-12-19,05:30:00,1671408000,0.93466,0.93466,0.93163,0.93257,2847,0,0
2022-12-19T04:00:00+00:00,2022-12-19,09:30:00,1671422400,0.93255,0.93308,0.92994,0.93045,2696,0,0
2022-12-19T08:00:00+00:00,2022-12-19,13:30:00,1671436800,0.93044,0.93199,0.92843,0.93194,8006,0,0
2022-12-19T12:00:00+00:00,2022-12-19,17:30:00,1671451200,0.93194,0.93409,0.93115,0.93334,8799,0,0
2022-12-19T16:00:00+00:00,2022-12-19,21:30:00,1671465600,0.93335,0.93368,0.92915,0.93009,6849,0,0
2022-12-19T20:00:00+00:00,2022-12-20,01:30:00,1671480000,0.93007,0.93051,0.92831,0.92871,2070,0,0
2022-12-20T00:00:00+00:00,2022-12-20,05:30:00,1671494400,0.9287,0.93076,0.92559,0.92848,8011,0,0
2022-12-20T04:00:00+00:00,2022-12-20,09:30:00,1671508800,0.9285,0.92985,0.92744,0.92773,10279,0,0
2022-12-20T08:00:00+00:00,2022-12-20,13:30:00,1671523200,0.92772,0.92836,0.92492,0.926,11940,0,0
2022-12-20T12:00:00+00:00,2022-12-20,17:30:00,1671537600,0.92599,0.93004,0.92419,0.92589,13636,0,0
2022-12-20T16:00:00+00:00,2022-12-20,21:30:00,1671552000,0.9259,0.92789,0.92521,0.92626,7909,0,0
2022-12-20T20:00:00+00:00,2022-12-21,01:30:00,1671566400,0.92627,0.92707,0.92564,0.92638,2033,0,0
2022-12-21T00:00:00+00:00,2022-12-21,05:30:00,1671580800,0.92637,0.92813,0.92617,0.92776,3024,0,0
2022-12-21T04:00:00+00:00,2022-12-21,09:30:00,1671595200,0.92775,0.92894,0.92648,0.9265,3380,0,0
2022-12-21T08:00:00+00:00,2022-12-21,13:30:00,1671609600,0.92649,0.92718,0.92517,0.92639,8850,0,0
2022-12-21T12:00:00+00:00,2022-12-21,17:30:00,1671624000,0.92638,0.92775,0.92388,0.92633,12254,0,0
2022-12-21T16:00:00+00:00,2022-12-21,21:30:00,1671638400,0.9263,0.92816,0.92546,0.92605,6960,0,0
2022-12-21T20:00:00+00:00,2022-12-22,01:30:00,1671652800,0.92606,0.92708,0.92568,0.92646,2015,0,0
2022-12-22T00:00:00+00:00,2022-12-22,05:30:00,1671667200,0.92663,0.92683,0.92394,0.92397,2826,0,0
2022-12-22T04:00:00+00:00,2022-12-22,09:30:00,1671681600,0.92396,0.92478,0.92302,0.92436,3160,0,0
2022-12-22T08:00:00+00:00,2022-12-22,13:30:00,1671696000,0.92438,0.92718,0.92266,0.92704,7383,0,0
2022-12-22T12:00:00+00:00,2022-12-22,17:30:00,1671710400,0.92706,0.93073,0.9258,0.93038,12738,0,0
2022-12-22T16:00:00+00:00,2022-12-22,21:30:00,1671724800,0.93038,0.93215,0.92938,0.93122,5720,0,0
2022-12-22T20:00:00+00:00,2022-12-23,01:30:00,1671739200,0.93123,0.93158,0.93045,0.93124,2838,0,0
2022-12-23T00:00:00+00:00,2022-12-23,05:30:00,1671753600,0.93122,0.93219,0.93101,0.93176,2381,0,0
2022-12-23T04:00:00+00:00,2022-12-23,09:30:00,1671768000,0.93175,0.93197,0.93065,0.93072,2364,0,0
2022-12-23T08:00:00+00:00,2022-12-23,13:30:00,1671782400,0.93074,0.9327,0.92963,0.93029,6271,0,0
2022-12-23T12:00:00+00:00,2022-12-23,17:30:00,1671796800,0.9303,0.93419,0.92852,0.9335,16783,0,0
2022-12-23T16:00:00+00:00,2022-12-23,21:30:00,1671811200,0.93348,0.93446,0.93198,0.93389,5923,0,0
2022-12-23T20:00:00+00:00,2022-12-24,01:30:00,1671825600,0.93389,0.93436,0.9329,0.93327,2252,0,0
2022-12-25T20:00:00+00:00,2022-12-26,01:30:00,1671998400,0.93329,0.93371,0.93293,0.93329,869,36,0
2022-12-26T00:00:00+00:00,2022-12-26,05:30:00,1672012800,0.93333,0.93427,0.93304,0.93328,1991,17,0
2022-12-26T04:00:00+00:00,2022-12-26,09:30:00,1672027200,0.93326,0.93351,0.93199,0.93254,3451,6,0
2022-12-26T08:00:00+00:00,2022-12-26,13:30:00,1672041600,0.93242,0.93319,0.9314,0.9316,9476,9,0
2022-12-26T12:00:00+00:00,2022-12-26,17:30:00,1672056000,0.93157,0.9327,0.93039,0.93133,1307,11,0
2022-12-26T16:00:00+00:00,2022-12-26,21:30:00,1672070400,0.93149,0.93263,0.93098,0.93178,1507,150,0
2022-12-26T20:00:00+00:00,2022-12-27,01:30:00,1672084800,0.93191,0.93262,0.93057,0.9313,1464,150,0
2022-12-27T00:00:00+00:00,2022-12-27,05:30:00,1672099200,0.9313,0.93234,0.93004,0.93139,2051,0,0
2022-12-27T04:00:00+00:00,2022-12-27,09:30:00,1672113600,0.93141,0.93147,0.92945,0.93078,2547,0,0
2022-12-27T08:00:00+00:00,2022-12-27,13:30:00,1672128000,0.93079,0.93213,0.92698,0.92874,6944,0,0
2022-12-27T12:00:00+00:00,2022-12-27,17:30:00,1672142400,0.92876,0.93163,0.92715,0.92848,9136,0,0
2022-12-27T16:00:00+00:00,2022-12-27,21:30:00,1672156800,0.92849,0.93024,0.92825,0.9293,5852,0,0
2022-12-27T20:00:00+00:00,2022-12-28,01:30:00,1672171200,0.92928,0.92953,0.92838,0.92941,1714,0,0
2022-12-28T00:00:00+00:00,2022-12-28,05:30:00,1672185600,0.92943,0.93067,0.92904,0.93041,2718,0,0
2022-12-28T04:00:00+00:00,2022-12-28,09:30:00,1672200000,0.93041,0.93042,0.92913,0.92926,2946,0,0
2022-12-28T08:00:00+00:00,2022-12-28,13:30:00,1672214400,0.92927,0.93073,0.92741,0.92769,6942,0,0
2022-12-28T12:00:00+00:00,2022-12-28,17:30:00,1672228800,0.9277,0.92876,0.92453,0.92836,9743,0,0
2022-12-28T16:00:00+00:00,2022-12-28,21:30:00,1672243200,0.92836,0.92889,0.92579,0.92854,6399,0,0
2022-12-28T20:00:00+00:00,2022-12-29,01:30:00,1672257600,0.92854,0.92948,0.92773,0.92791,1846,0,0
2022-12-29T00:00:00+00:00,2022-12-29,05:30:00,1672272000,0.92789,0.92789,0.92675,0.92724,2107,0,0
2022-12-29T04:00:00+00:00,2022-12-29,09:30:00,1672286400,0.92725,0.92879,0.92684,0.92701,2755,0,0
2022-12-29T08:00:00+00:00,2022-12-29,13:30:00,1672300800,0.927,0.92723,0.92287,0.92553,6753,0,0
2022-12-29T12:00:00+00:00,2022-12-29,17:30:00,1672315200,0.92552,0.92563,0.92106,0.9233,10676,0,0
2022-12-29T16:00:00+00:00,2022-12-29,21:30:00,1672329600,0.92328,0.92445,0.92161,0.92164,5610,0,0
2022-12-29T20:00:00+00:00,2022-12-30,01:30:00,1672344000,0.92165,0.92338,0.92165,0.92304,1575,0,0
2022-12-30T00:00:00+00:00,2022-12-30,05:30:00,1672358400,0.92303,0.92342,0.92226,0.92315,2505,0,0
2022-12-30T04:00:00+00:00,2022-12-30,09:30:00,1672372800,0.92316,0.92507,0.92283,0.92495,3418,0,0
2022-12-30T08:00:00+00:00,2022-12-30,13:30:00,1672387200,0.92494,0.92501,0.92116,0.92264,7540,0,0
2022-12-30T12:00:00+00:00,2022-12-30,17:30:00,1672401600,0.92265,0.92685,0.92004,0.92502,14109,0,0
2022-12-30T16:00:00+00:00,2022-12-30,21:30:00,1672416000,0.92502,0.92561,0.92167,0.92435,10324,0,0
2022-12-30T20:00:00+00:00,2022-12-31,01:30:00,1672430400,0.92436,0.9254,0.92353,0.92452,2888,0,0
2023-01-01T20:00:00+00:00,2023-01-02,01:30:00,1672603200,0.92297,0.92388,0.92108,0.92313,456,196,0
2023-01-02T00:00:00+00:00,2023-01-02,05:30:00,1672617600,0.92358,0.92447,0.92329,0.92406,513,90,0
2023-01-02T04:00:00+00:00,2023-01-02,09:30:00,1672632000,0.92409,0.9259,0.92188,0.92255,2164,33,0
2023-01-02T08:00:00+00:00,2023-01-02,13:30:00,1672646400,0.92251,0.925,0.92248,0.92373,8618,34,0
2023-01-02T12:00:00+00:00,2023-01-02,17:30:00,1672660800,0.92371,0.92544,0.9234,0.92542,2473,67,0
2023-01-02T16:00:00+00:00,2023-01-02,21:30:00,1672675200,0.92541,0.92548,0.92427,0.92429,2193,69,0
2023-01-02T20:00:00+00:00,2023-01-03,01:30:00,1672689600,0.92433,0.92665,0.92174,0.92288,3585,68,0
2023-01-03T00:00:00+00:00,2023-01-03,05:30:00,1672704000,0.92317,0.92517,0.92279,0.92375,5826,0,0
2023-01-03T04:00:00+00:00,2023-01-03,09:30:00,1672718400,0.92374,0.92719,0.92343,0.92683,4461,0,0
2023-01-03T08:00:00+00:00,2023-01-03,13:30:00,1672732800,0.92681,0.93987,0.9266,0.9397,13576,0,0
2023-01-03T12:00:00+00:00,2023-01-03,17:30:00,1672747200,0.93967,0.93976,0.93179,0.93822,13402,0,0
2023-01-03T16:00:00+00:00,2023-01-03,21:30:00,1672761600,0.93823,0.9392,0.93496,0.93496,7328,0,0
2023-01-03T20:00:00+00:00,2023-01-04,01:30:00,1672776000,0.93497,0.93651,0.93486,0.93623,2837,0,0
2023-01-04T00:00:00+00:00,2023-01-04,05:30:00,1672790400,0.93624,0.93625,0.93311,0.93344,3209,0,0
2023-01-04T04:00:00+00:00,2023-01-04,09:30:00,1672804800,0.93342,0.93413,0.92843,0.92945,5612,0,0
2023-01-04T08:00:00+00:00,2023-01-04,13:30:00,1672819200,0.92944,0.92944,0.92534,0.92777,10696,0,0
2023-01-04T12:00:00+00:00,2023-01-04,17:30:00,1672833600,0.92775,0.93147,0.92661,0.92928,16323,0,0
2023-01-04T16:00:00+00:00,2023-01-04,21:30:00,1672848000,0.92928,0.93099,0.92689,0.92943,10728,0,0
2023-01-04T20:00:00+00:00,2023-01-05,01:30:00,1672862400,0.92944,0.93025,0.92903,0.92973,3004,0,0
2023-01-05T00:00:00+00:00,2023-01-05,05:30:00,1672876800,0.92976,0.92989,0.928,0.92968,4119,0,0
2023-01-05T04:00:00+00:00,2023-01-05,09:30:00,1672891200,0.92965,0.93081,0.92857,0.92874,4878,0,0
2023-01-05T08:00:00+00:00,2023-01-05,13:30:00,1672905600,0.92873,0.92897,0.92608,0.92696,8934,0,0
2023-01-05T12:00:00+00:00,2023-01-05,17:30:00,1672920000,0.92696,0.93782,0.92657,0.93752,19338,0,0
2023-01-05T16:00:00+00:00,2023-01-05,21:30:00,1672934400,0.93752,0.93767,0.93478,0.93594,8520,0,0
2023-01-05T20:00:00+00:00,2023-01-06,01:30:00,1672948800,0.93595,0.93688,0.93564,0.93623,2200,0,0
2023-01-06T00:00:00+00:00,2023-01-06,05:30:00,1672963200,0.93621,0.93643,0.93513,0.93605,2717,0,0
2023-01-06T04:00:00+00:00,2023-01-06,09:30:00,1672977600,0.93606,0.93838,0.93585,0.93809,5190,0,0
2023-01-06T08:00:00+00:00,2023-01-06,13:30:00,1672992000,0.9381,0.94052,0.93726,0.93981,8661,0,0
2023-01-06T12:00:00+00:00,2023-01-06,17:30:00,1673006400,0.93979,0.94092,0.93014,0.93113,25657,0,0
2023-01-06T16:00:00+00:00,2023-01-06,21:30:00,1673020800,0.93114,0.93167,0.92717,0.9275,8824,0,0
2023-01-06T20:00:00+00:00,2023-01-07,01:30:00,1673035200,0.92752,0.92835,0.92704,0.92788,1880,0,0
2023-01-08T20:00:00+00:00,2023-01-09,01:30:00,1673208000,0.92754,0.92799,0.9263,0.92649,935,0,0
2023-01-09T00:00:00+00:00,2023-01-09,05:30:00,1673222400,0.92651,0.92801,0.92524,0.92621,4809,0,0
2023-01-09T04:00:00+00:00,2023-01-09,09:30:00,1673236800,0.92621,0.92624,0.92381,0.92486,5348,0,0
2023-01-09T08:00:00+00:00,2023-01-09,13:30:00,1673251200,0.92485,0.92518,0.92168,0.92397,10073,0,0
2023-01-09T12:00:00+00:00,2023-01-09,17:30:00,1673265600,0.92397,0.92418,0.91671,0.91838,12740,0,0
2023-01-09T16:00:00+00:00,2023-01-09,21:30:00,1673280000,0.91836,0.92098,0.9176,0.9198,7187,0,0
2023-01-09T20:00:00+00:00,2023-01-10,01:30:00,1673294400,0.91979,0.92161,0.91962,0.92108,3028,0,0
2023-01-10T00:00:00+00:00,2023-01-10,05:30:00,1673308800,0.92107,0.92229,0.92057,0.92184,4739,0,0
2023-01-10T04:00:00+00:00,2023-01-10,09:30:00,1673323200,0.92184,0.92238,0.9208,0.92121,5204,0,0
2023-01-10T08:00:00+00:00,2023-01-10,13:30:00,1673337600,0.92119,0.92209,0.91955,0.92199,8075,0,0
2023-01-10T12:00:00+00:00,2023-01-10,17:30:00,1673352000,0.92201,0.92522,0.92055,0.92297,14780,0,0
2023-01-10T16:00:00+00:00,2023-01-10,21:30:00,1673366400,0.92296,0.92359,0.92146,0.92293,6470,0,0
2023-01-10T20:00:00+00:00,2023-01-11,01:30:00,1673380800,0.92293,0.92318,0.92197,0.92241,1832,0,0
2023-01-11T00:00:00+00:00,2023-01-11,05:30:00,1673395200,0.92239,0.92356,0.92185,0.92295,3393,0,0
2023-01-11T04:00:00+00:00,2023-01-11,09:30:00,1673409600,0.92296,0.92319,0.92049,0.92166,4418,0,0
2023-01-11T08:00:00+00:00,2023-01-11,13:30:00,1673424000,0.92168,0.92576,0.92141,0.9255,9280,0,0
2023-01-11T12:00:00+00:00,2023-01-11,17:30:00,1673438400,0.92549,0.93157,0.92543,0.93101,11948,0,0
2023-01-11T16:00:00+00:00,2023-01-11,21:30:00,1673452800,0.931,0.9332,0.92895,0.93113,7171,0,0
2023-01-11T20:00:00+00:00,2023-01-12,01:30:00,1673467200,0.93114,0.93196,0.93025,0.93101,2614,0,0
2023-01-12T00:00:00+00:00,2023-01-12,05:30:00,1673481600,0.93103,0.93179,0.93022,0.9313,3375,0,0
2023-01-12T04:00:00+00:00,2023-01-12,09:30:00,1673496000,0.93131,0.93393,0.93067,0.932,3788,0,0
2023-01-12T08:00:00+00:00,2023-01-12,13:30:00,1673510400,0.93201,0.93482,0.9305,0.93235,8654,0,0
2023-01-12T12:00:00+00:00,2023-01-12,17:30:00,1673524800,0.93234,0.93655,0.92665,0.92879,35076,0,0
2023-01-12T16:00:00+00:00,2023-01-12,21:30:00,1673539200,0.92877,0.93018,0.92683,0.92869,11964,0,0
2023-01-12T20:00:00+00:00,2023-01-13,01:30:00,1673553600,0.92872,0.92936,0.92672,0.9272,2811,0,0
2023-01-13T00:00:00+00:00,2023-01-13,05:30:00,1673568000,0.92737,0.92976,0.92578,0.92893,4380,0,0
2023-01-13T04:00:00+00:00,2023-01-13,09:30:00,1673582400,0.92892,0.93161,0.92712,0.92753,5597,0,0
2023-01-13T08:00:00+00:00,2023-01-13,13:30:00,1673596800,0.92751,0.93047,0.92681,0.93007,10368,0,0
2023-01-13T12:00:00+00:00,2023-01-13,17:30:00,1673611200,0.93008,0.93169,0.92559,0.9262,14233,0,0
2023-01-13T16:00:00+00:00,2023-01-13,21:30:00,1673625600,0.92622,0.92879,0.92579,0.92691,7688,0,0
2023-01-13T20:00:00+00:00,2023-01-14,01:30:00,1673640000,0.9269,0.92707,0.92568,0.92648,1322,0,0
2023-01-15T20:00:00+00:00,2023-01-16,01:30:00,1673812800,0.92666,0.92724,0.92586,0.92691,879,0,0
2023-01-16T00:00:00+00:00,2023-01-16,05:30:00,1673827200,0.92688,0.92704,0.92189,0.92325,4781,0,0
2023-01-16T04:00:00+00:00,2023-01-16,09:30:00,1673841600,0.92326,0.92653,0.92301,0.92557,3807,0,0
2023-01-16T08:00:00+00:00,2023-01-16,13:30:00,1673856000,0.9256,0.92885,0.92405,0.92649,10863,0,0
2023-01-16T12:00:00+00:00,2023-01-16,17:30:00,1673870400,0.92651,0.9278,0.92503,0.92622,8708,0,0
2023-01-16T16:00:00+00:00,2023-01-16,21:30:00,1673884800,0.92623,0.92699,0.92541,0.92651,2457,0,0
2023-01-16T20:00:00+00:00,2023-01-17,01:30:00,1673899200,0.92653,0.92662,0.92286,0.92553,1481,11,0
2023-01-17T00:00:00+00:00,2023-01-17,05:30:00,1673913600,0.92552,0.92763,0.92505,0.92601,4243,0,0
2023-01-17T04:00:00+00:00,2023-01-17,09:30:00,1673928000,0.926,0.92618,0.92366,0.92379,5181,0,0
2023-01-17T08:00:00+00:00,2023-01-17,13:30:00,1673942400,0.92377,0.92446,0.92044,0.92112,9532,0,0
2023-01-17T12:00:00+00:00,2023-01-17,17:30:00,1673956800,0.92113,0.92325,0.91875,0.9206,18394,0,0
2023-01-17T16:00:00+00:00,2023-01-17,21:30:00,1673971200,0.92058,0.92293,0.91984,0.92199,7357,0,0
2023-01-17T20:00:00+00:00,2023-01-18,01:30:00,1673985600,0.92199,0.92249,0.92146,0.92198,2353,0,0
2023-01-18T00:00:00+00:00,2023-01-18,05:30:00,1674000000,0.92196,0.92455,0.92173,0.92357,7638,0,0
2023-01-18T04:00:00+00:00,2023-01-18,09:30:00,1674014400,0.92357,0.92385,0.91809,0.91874,8896,0,0
2023-01-18T08:00:00+00:00,2023-01-18,13:30:00,1674028800,0.91872,0.91872,0.91239,0.91343,13617,0,0
2023-01-18T12:00:00+00:00,2023-01-18,17:30:00,1674043200,0.91342,0.91496,0.90855,0.91303,23220,0,0
2023-01-18T16:00:00+00:00,2023-01-18,21:30:00,1674057600,0.91304,0.91725,0.91254,0.91598,9551,0,0
2023-01-18T20:00:00+00:00,2023-01-19,01:30:00,1674072000,0.91598,0.91698,0.91549,0.91598,2831,0,0
2023-01-19T00:00:00+00:00,2023-01-19,05:30:00,1674086400,0.91597,0.91762,0.91536,0.91565,4071,0,0
2023-01-19T04:00:00+00:00,2023-01-19,09:30:00,1674100800,0.91566,0.91712,0.91534,0.91608,5515,0,0
2023-01-19T08:00:00+00:00,2023-01-19,13:30:00,1674115200,0.91608,0.91749,0.9149,0.91648,9971,0,0
2023-01-19T12:00:00+00:00,2023-01-19,17:30:00,1674129600,0.91649,0.91896,0.91523,0.91701,15973,0,0
2023-01-19T16:00:00+00:00,2023-01-19,21:30:00,1674144000,0.91699,0.9172,0.91475,0.91541,7388,0,0
2023-01-19T20:00:00+00:00,2023-01-20,01:30:00,1674158400,0.9154,0.91623,0.91476,0.91567,2091,0,0
2023-01-20T00:00:00+00:00,2023-01-20,05:30:00,1674172800,0.91583,0.91656,0.91507,0.9164,3269,0,0
2023-01-20T04:00:00+00:00,2023-01-20,09:30:00,1674187200,0.91639,0.91754,0.91574,0.91604,4589,0,0
2023-01-20T08:00:00+00:00,2023-01-20,13:30:00,1674201600,0.91606,0.92153,0.91415,0.92047,11403,0,0
2023-01-20T12:00:00+00:00,2023-01-20,17:30:00,1674216000,0.92046,0.92348,0.91952,0.92072,10441,0,0
2023-01-20T16:00:00+00:00,2023-01-20,21:30:00,1674230400,0.92071,0.92254,0.92003,0.92047,6419,0,0
2023-01-20T20:00:00+00:00,2023-01-21,01:30:00,1674244800,0.92048,0.92055,0.91978,0.92024,1547,0,0
2023-01-22T20:00:00+00:00,2023-01-23,01:30:00,1674417600,0.91889,0.91999,0.91877,0.91999,811,1,0
2023-01-23T00:00:00+00:00,2023-01-23,05:30:00,1674432000,0.91996,0.91997,0.91706,0.9176,3374,0,0
2023-01-23T04:00:00+00:00,2023-01-23,09:30:00,1674446400,0.91759,0.91925,0.91674,0.91767,5574,0,0
2023-01-23T08:00:00+00:00,2023-01-23,13:30:00,1674460800,0.91766,0.9218,0.91601,0.92133,9632,0,0
2023-01-23T12:00:00+00:00,2023-01-23,17:30:00,1674475200,0.92132,0.92405,0.92046,0.92269,11530,0,0
2023-01-23T16:00:00+00:00,2023-01-23,21:30:00,1674489600,0.92268,0.9241,0.92146,0.92254,5754,0,0
2023-01-23T20:00:00+00:00,2023-01-24,01:30:00,1674504000,0.92253,0.92285,0.92105,0.92173,2246,0,0
2023-01-24T00:00:00+00:00,2023-01-24,05:30:00,1674518400,0.92171,0.92207,0.92102,0.92159,2274,0,0
2023-01-24T04:00:00+00:00,2023-01-24,09:30:00,1674532800,0.9216,0.92206,0.91954,0.91985,3628,0,0
2023-01-24T08:00:00+00:00,2023-01-24,13:30:00,1674547200,0.91983,0.92385,0.91923,0.92278,8860,0,0
2023-01-24T12:00:00+00:00,2023-01-24,17:30:00,1674561600,0.92277,0.92795,0.92268,0.92314,13639,0,0
2023-01-24T16:00:00+00:00,2023-01-24,21:30:00,1674576000,0.92312,0.9245,0.92211,0.92308,5532,0,0
2023-01-24T20:00:00+00:00,2023-01-25,01:30:00,1674590400,0.92307,0.92352,0.92194,0.92231,1623,0,0
2023-01-25T00:00:00+00:00,2023-01-25,05:30:00,1674604800,0.92229,0.92303,0.92176,0.92254,2897,0,0
2023-01-25T04:00:00+00:00,2023-01-25,09:30:00,1674619200,0.92252,0.92444,0.92208,0.92415,4388,0,0
2023-01-25T08:00:00+00:00,2023-01-25,13:30:00,1674633600,0.92414,0.92452,0.92166,0.92215,8401,0,0
2023-01-25T12:00:00+00:00,2023-01-25,17:30:00,1674648000,0.92216,0.92303,0.91725,0.92023,11454,0,0
2023-01-25T16:00:00+00:00,2023-01-25,21:30:00,1674662400,0.92024,0.92162,0.91765,0.91773,5735,0,0
2023-01-25T20:00:00+00:00,2023-01-26,01:30:00,1674676800,0.91774,0.91842,0.91684,0.91719,1769,0,0
2023-01-26T00:00:00+00:00,2023-01-26,05:30:00,1674691200,0.91716,0.91793,0.91691,0.91775,2509,0,0
2023-01-26T04:00:00+00:00,2023-01-26,09:30:00,1674705600,0.91774,0.91847,0.91616,0.91712,4059,0,0
2023-01-26T08:00:00+00:00,2023-01-26,13:30:00,1674720000,0.91715,0.91977,0.91667,0.91755,8038,0,0
2023-01-26T12:00:00+00:00,2023-01-26,17:30:00,1674734400,0.91755,0.92254,0.91585,0.92194,15103,0,0
2023-01-26T16:00:00+00:00,2023-01-26,21:30:00,1674748800,0.92193,0.92254,0.91979,0.91988,5747,0,0
2023-01-26T20:00:00+00:00,2023-01-27,01:30:00,1674763200,0.9199,0.92059,0.91916,0.92007,1890,0,0
2023-01-27T00:00:00+00:00,2023-01-27,05:30:00,1674777600,0.92023,0.92203,0.91924,0.92188,3000,0,0
2023-01-27T04:00:00+00:00,2023-01-27,09:30:00,1674792000,0.92189,0.92274,0.92168,0.92252,2935,0,0
2023-01-27T08:00:00+00:00,2023-01-27,13:30:00,1674806400,0.9225,0.92286,0.92015,0.92223,6461,0,0
2023-01-27T12:00:00+00:00,2023-01-27,17:30:00,1674820800,0.92221,0.924,0.92071,0.92313,11781,0,0
2023-01-27T16:00:00+00:00,2023-01-27,21:30:00,1674835200,0.92312,0.92326,0.92058,0.92121,4766,0,0
2023-01-27T20:00:00+00:00,2023-01-28,01:30:00,1674849600,0.92121,0.92129,0.92078,0.92109,1113,0,0
2023-01-29T20:00:00+00:00,2023-01-30,01:30:00,1675022400,0.92116,0.92128,0.92032,0.92072,495,0,0
2023-01-30T00:00:00+00:00,2023-01-30,05:30:00,1675036800,0.92073,0.922,0.92061,0.92129,3163,0,0
2023-01-30T04:00:00+00:00,2023-01-30,09:30:00,1675051200,0.92129,0.92312,0.92014,0.92282,4570,0,0
2023-01-30T08:00:00+00:00,2023-01-30,13:30:00,1675065600,0.92279,0.92286,0.91822,0.92065,8472,0,0
2023-01-30T12:00:00+00:00,2023-01-30,17:30:00,1675080000,0.92066,0.92392,0.91993,0.92287,9358,0,0
2023-01-30T16:00:00+00:00,2023-01-30,21:30:00,1675094400,0.92287,0.92566,0.92251,0.92545,4386,0,0
2023-01-30T20:00:00+00:00,2023-01-31,01:30:00,1675108800,0.92546,0.92553,0.92412,0.92524,1564,0,0
2023-01-31T00:00:00+00:00,2023-01-31,05:30:00,1675123200,0.9254,0.92546,0.92393,0.92497,2729,0,0
2023-01-31T04:00:00+00:00,2023-01-31,09:30:00,1675137600,0.92495,0.92589,0.9247,0.92545,3501,0,0
2023-01-31T08:00:00+00:00,2023-01-31,13:30:00,1675152000,0.92546,0.92882,0.92545,0.92668,7779,0,0
2023-01-31T12:00:00+00:00,2023-01-31,17:30:00,1675166400,0.92666,0.92755,0.91831,0.91846,15207,0,0
2023-01-31T16:00:00+00:00,2023-01-31,21:30:00,1675180800,0.91848,0.91977,0.91506,0.9157,6856,0,0
2023-01-31T20:00:00+00:00,2023-02-01,01:30:00,1675195200,0.91568,0.91642,0.91536,0.91642,2403,0,0
2023-02-01T00:00:00+00:00,2023-02-01,05:30:00,1675209600,0.9164,0.91726,0.91605,0.91642,2205,0,0
2023-02-01T04:00:00+00:00,2023-02-01,09:30:00,1675224000,0.91643,0.91679,0.91524,0.91533,3636,0,0
2023-02-01T08:00:00+00:00,2023-02-01,13:30:00,1675238400,0.91531,0.91706,0.91524,0.9158,7322,0,0
2023-02-01T12:00:00+00:00,2023-02-01,17:30:00,1675252800,0.91581,0.91739,0.91368,0.91413,10587,0,0
2023-02-01T16:00:00+00:00,2023-02-01,21:30:00,1675267200,0.91414,0.9184,0.90848,0.90933,16143,0,0
2023-02-01T20:00:00+00:00,2023-02-02,01:30:00,1675281600,0.9093,0.91036,0.90592,0.90727,7880,0,0
2023-02-02T00:00:00+00:00,2023-02-02,05:30:00,1675296000,0.90723,0.90789,0.90605,0.90732,4079,0,0
2023-02-02T04:00:00+00:00,2023-02-02,09:30:00,1675310400,0.90733,0.90803,0.90661,0.90788,3971,0,0
2023-02-02T08:00:00+00:00,2023-02-02,13:30:00,1675324800,0.90789,0.9107,0.90671,0.90927,8443,0,0
2023-02-02T12:00:00+00:00,2023-02-02,17:30:00,1675339200,0.90928,0.91349,0.90805,0.90975,21870,0,0
2023-02-02T16:00:00+00:00,2023-02-02,21:30:00,1675353600,0.90974,0.91388,0.90905,0.91367,8149,0,0
2023-02-02T20:00:00+00:00,2023-02-03,01:30:00,1675368000,0.91367,0.91395,0.91227,0.91328,2770,0,0
2023-02-03T00:00:00+00:00,2023-02-03,05:30:00,1675382400,0.91331,0.91471,0.91331,0.9142,2885,0,0
2023-02-03T04:00:00+00:00,2023-02-03,09:30:00,1675396800,0.91417,0.91575,0.91366,0.91441,3442,0,0
2023-02-03T08:00:00+00:00,2023-02-03,13:30:00,1675411200,0.91441,0.9168,0.91263,0.91333,6137,0,0
2023-02-03T12:00:00+00:00,2023-02-03,17:30:00,1675425600,0.91332,0.92695,0.91272,0.92274,23340,0,0
2023-02-03T16:00:00+00:00,2023-02-03,21:30:00,1675440000,0.92273,0.92596,0.92225,0.92556,8245,0,0
2023-02-03T20:00:00+00:00,2023-02-04,01:30:00,1675454400,0.92557,0.92644,0.92547,0.92603,1351,0,0
2023-02-05T20:00:00+00:00,2023-02-06,01:30:00,1675627200,0.92754,0.92756,0.92511,0.92653,1188,1,0
2023-02-06T00:00:00+00:00,2023-02-06,05:30:00,1675641600,0.92655,0.92754,0.92521,0.92602,3745,0,0
2023-02-06T04:00:00+00:00,2023-02-06,09:30:00,1675656000,0.92603,0.92621,0.92475,0.92621,4038,0,0
2023-02-06T08:00:00+00:00,2023-02-06,13:30:00,1675670400,0.9262,0.92724,0.92276,0.92646,8005,0,0
2023-02-06T12:00:00+00:00,2023-02-06,17:30:00,1675684800,0.92644,0.9291,0.92435,0.92822,9839,0,0
2023-02-06T16:00:00+00:00,2023-02-06,21:30:00,1675699200,0.92824,0.92873,0.92692,0.92813,5957,0,0
2023-02-06T20:00:00+00:00,2023-02-07,01:30:00,1675713600,0.92815,0.92891,0.92722,0.92791,1907,0,0
2023-02-07T00:00:00+00:00,2023-02-07,05:30:00,1675728000,0.92807,0.92807,0.92629,0.92686,2957,0,0
2023-02-07T04:00:00+00:00,2023-02-07,09:30:00,1675742400,0.92685,0.92735,0.92588,0.92642,3763,0,0
2023-02-07T08:00:00+00:00,2023-02-07,13:30:00,1675756800,0.92643,0.92897,0.92426,0.92726,8971,0,0
2023-02-07T12:00:00+00:00,2023-02-07,17:30:00,1675771200,0.92725,0.92728,0.92335,0.9234,11180,0,0
2023-02-07T16:00:00+00:00,2023-02-07,21:30:00,1675785600,0.92337,0.92495,0.91921,0.92262,22716,0,0
2023-02-07T20:00:00+00:00,2023-02-08,01:30:00,1675800000,0.9226,0.92354,0.92132,0.9217,2322,0,0
2023-02-08T00:00:00+00:00,2023-02-08,05:30:00,1675814400,0.92173,0.92236,0.9212,0.92177,2951,0,0
2023-02-08T04:00:00+00:00,2023-02-08,09:30:00,1675828800,0.92178,0.92227,0.9188,0.91894,3851,0,0
2023-02-08T08:00:00+00:00,2023-02-08,13:30:00,1675843200,0.91894,0.92004,0.91783,0.9195,7693,0,0
2023-02-08T12:00:00+00:00,2023-02-08,17:30:00,1675857600,0.91949,0.92173,0.91853,0.92072,10767,0,0
2023-02-08T16:00:00+00:00,2023-02-08,21:30:00,1675872000,0.92075,0.92117,0.91902,0.92019,6113,0,0
2023-02-08T20:00:00+00:00,2023-02-09,01:30:00,1675886400,0.92019,0.92119,0.92009,0.92096,2181,0,0
2023-02-09T00:00:00+00:00,2023-02-09,05:30:00,1675900800,0.92098,0.92187,0.91995,0.92022,2491,0,0
2023-02-09T04:00:00+00:00,2023-02-09,09:30:00,1675915200,0.92024,0.92029,0.9186,0.91928,4642,0,0
2023-02-09T08:00:00+00:00,2023-02-09,13:30:00,1675929600,0.91929,0.92016,0.9172,0.91948,6740,0,0
2023-02-09T12:00:00+00:00,2023-02-09,17:30:00,1675944000,0.91948,0.91961,0.91607,0.91907,9523,0,0
2023-02-09T16:00:00+00:00,2023-02-09,21:30:00,1675958400,0.91908,0.92251,0.91907,0.92237,7318,0,0
2023-02-09T20:00:00+00:00,2023-02-10,01:30:00,1675972800,0.92236,0.92286,0.92134,0.92212,2043,0,0
2023-02-10T00:00:00+00:00,2023-02-10,05:30:00,1675987200,0.92214,0.92376,0.92214,0.92357,2824,0,0
2023-02-10T04:00:00+00:00,2023-02-10,09:30:00,1676001600,0.92358,0.92372,0.92089,0.92155,5529,0,0
2023-02-10T08:00:00+00:00,2023-02-10,13:30:00,1676016000,0.92154,0.92439,0.91984,0.92281,10903,0,0
2023-02-10T12:00:00+00:00,2023-02-10,17:30:00,1676030400,0.92281,0.92462,0.92226,0.92402,11278,0,0
2023-02-10T16:00:00+00:00,2023-02-10,21:30:00,1676044800,0.92403,0.92531,0.92326,0.92437,4762,0,0
2023-02-10T20:00:00+00:00,2023-02-11,01:30:00,1676059200,0.92438,0.92445,0.92355,0.92369,1015,0,0
2023-02-12T20:00:00+00:00,2023-02-13,01:30:00,1676232000,0.92344,0.92411,0.92331,0.92387,850,1,0
2023-02-13T00:00:00+00:00,2023-02-13,05:30:00,1676246400,0.92389,0.92599,0.92368,0.92566,3569,0,0
2023-02-13T04:00:00+00:00,2023-02-13,09:30:00,1676260800,0.92568,0.92587,0.92199,0.92234,4410,0,0
2023-02-13T08:00:00+00:00,2023-02-13,13:30:00,1676275200,0.92235,0.92512,0.92222,0.92278,6747,0,0
2023-02-13T12:00:00+00:00,2023-02-13,17:30:00,1676289600,0.92276,0.92342,0.91993,0.9211,10000,0,0
2023-02-13T16:00:00+00:00,2023-02-13,21:30:00,1676304000,0.92109,0.92198,0.91914,0.92003,4390,0,0
2023-02-13T20:00:00+00:00,2023-02-14,01:30:00,1676318400,0.92004,0.9203,0.91856,0.91877,1888,0,0
2023-02-14T00:00:00+00:00,2023-02-14,05:30:00,1676332800,0.91879,0.91888,0.91793,0.91824,3927,0,0
2023-02-14T04:00:00+00:00,2023-02-14,09:30:00,1676347200,0.91823,0.91864,0.91723,0.91829,4382,0,0
2023-02-14T08:00:00+00:00,2023-02-14,13:30:00,1676361600,0.91828,0.9195,0.9158,0.91852,7642,0,0
2023-02-14T12:00:00+00:00,2023-02-14,17:30:00,1676376000,0.91853,0.92344,0.91372,0.92232,33898,0,0
2023-02-14T16:00:00+00:00,2023-02-14,21:30:00,1676390400,0.92231,0.92317,0.92026,0.92139,12206,0,0
2023-02-14T20:00:00+00:00,2023-02-15,01:30:00,1676404800,0.92139,0.92181,0.92072,0.92142,2158,0,0
2023-02-15T00:00:00+00:00,2023-02-15,05:30:00,1676419200,0.92158,0.92341,0.92132,0.92331,3238,0,0
2023-02-15T04:00:00+00:00,2023-02-15,09:30:00,1676433600,0.9233,0.92484,0.92279,0.92411,5398,0,0
2023-02-15T08:00:00+00:00,2023-02-15,13:30:00,1676448000,0.92409,0.92462,0.9216,0.92269,9009,0,0
2023-02-15T12:00:00+00:00,2023-02-15,17:30:00,1676462400,0.9227,0.92628,0.92159,0.92546,17149,0,0
2023-02-15T16:00:00+00:00,2023-02-15,21:30:00,1676476800,0.92546,0.92592,0.9235,0.92426,6410,0,0
2023-02-15T20:00:00+00:00,2023-02-16,01:30:00,1676491200,0.92428,0.92458,0.92322,0.92341,1838,0,0
2023-02-16T00:00:00+00:00,2023-02-16,05:30:00,1676505600,0.9234,0.92407,0.92176,0.92202,4297,0,0
2023-02-16T04:00:00+00:00,2023-02-16,09:30:00,1676520000,0.92202,0.92312,0.92195,0.92249,3963,0,0
2023-02-16T08:00:00+00:00,2023-02-16,13:30:00,1676534400,0.92252,0.92341,0.92143,0.92196,6671,0,0
2023-02-16T12:00:00+00:00,2023-02-16,17:30:00,1676548800,0.92197,0.9272,0.92178,0.92592,16136,0,0
2023-02-16T16:00:00+00:00,2023-02-16,21:30:00,1676563200,0.92591,0.92602,0.92369,0.92422,7285,0,0
2023-02-16T20:00:00+00:00,2023-02-17,01:30:00,1676577600,0.9242,0.92668,0.92408,0.92665,4766,0,0
2023-02-17T00:00:00+00:00,2023-02-17,05:30:00,1676592000,0.92666,0.92859,0.92666,0.92823,2702,0,0
2023-02-17T04:00:00+00:00,2023-02-17,09:30:00,1676606400,0.92823,0.93041,0.92813,0.92903,3395,0,0
2023-02-17T08:00:00+00:00,2023-02-17,13:30:00,1676620800,0.92904,0.93322,0.92899,0.93294,8189,0,0
2023-02-17T12:00:00+00:00,2023-02-17,17:30:00,1676635200,0.93293,0.93315,0.92539,0.92777,13257,0,0
2023-02-17T16:00:00+00:00,2023-02-17,21:30:00,1676649600,0.92778,0.92831,0.92453,0.92475,7513,0,0
2023-02-17T20:00:00+00:00,2023-02-18,01:30:00,1676664000,0.92474,0.92482,0.92405,0.92421,1632,0,0
2023-02-19T20:00:00+00:00,2023-02-20,01:30:00,1676836800,0.92537,0.9254,0.92423,0.9254,685,0,0
2023-02-20T00:00:00+00:00,2023-02-20,05:30:00,1676851200,0.92539,0.92601,0.92486,0.92502,2772,0,0
2023-02-20T04:00:00+00:00,2023-02-20,09:30:00,1676865600,0.92503,0.92504,0.923,0.92304,2955,0,0
2023-02-20T08:00:00+00:00,2023-02-20,13:30:00,1676880000,0.92305,0.92464,0.92206,0.92244,5914,0,0
2023-02-20T12:00:00+00:00,2023-02-20,17:30:00,1676894400,0.92242,0.92449,0.9224,0.92324,5972,0,0
2023-02-20T16:00:00+00:00,2023-02-20,21:30:00,1676908800,0.92323,0.92359,0.9225,0.92293,1213,0,0
2023-02-20T20:00:00+00:00,2023-02-21,01:30:00,1676923200,0.9229,0.92339,0.92112,0.92327,1191,0,0
2023-02-21T00:00:00+00:00,2023-02-21,05:30:00,1676937600,0.92329,0.92444,0.923,0.92404,3051,0,0
2023-02-21T04:00:00+00:00,2023-02-21,09:30:00,1676952000,0.92405,0.92587,0.92354,0.92502,3125,0,0
2023-02-21T08:00:00+00:00,2023-02-21,13:30:00,1676966400,0.92504,0.92719,0.92324,0.92464,10044,0,0
2023-02-21T12:00:00+00:00,2023-02-21,17:30:00,1676980800,0.92463,0.92822,0.92391,0.92568,14416,0,0
2023-02-21T16:00:00+00:00,2023-02-21,21:30:00,1676995200,0.92568,0.92827,0.92552,0.9275,7071,0,0
2023-02-21T20:00:00+00:00,2023-02-22,01:30:00,1677009600,0.92749,0.92796,0.92686,0.92757,2169,0,0
2023-02-22T00:00:00+00:00,2023-02-22,05:30:00,1677024000,0.92756,0.92766,0.92622,0.92631,3169,0,0
2023-02-22T04:00:00+00:00,2023-02-22,09:30:00,1677038400,0.9263,0.9271,0.92532,0.92588,3385,0,0
2023-02-22T08:00:00+00:00,2023-02-22,13:30:00,1677052800,0.92587,0.92871,0.92565,0.92832,8287,0,0
2023-02-22T12:00:00+00:00,2023-02-22,17:30:00,1677067200,0.9283,0.93045,0.92602,0.92977,11659,0,0
2023-02-22T16:00:00+00:00,2023-02-22,21:30:00,1677081600,0.92977,0.93169,0.92884,0.93158,10695,0,0
2023-02-22T20:00:00+00:00,2023-02-23,01:30:00,1677096000,0.93159,0.93187,0.9303,0.93131,2287,0,0
2023-02-23T00:00:00+00:00,2023-02-23,05:30:00,1677110400,0.9313,0.93143,0.92911,0.92929,1721,0,0
2023-02-23T04:00:00+00:00,2023-02-23,09:30:00,1677124800,0.92928,0.93146,0.92904,0.93095,3243,0,0
2023-02-23T08:00:00+00:00,2023-02-23,13:30:00,1677139200,0.93093,0.93346,0.93087,0.93208,7613,0,0
2023-02-23T12:00:00+00:00,2023-02-23,17:30:00,1677153600,0.93206,0.93437,0.93148,0.93334,14734,0,0
2023-02-23T16:00:00+00:00,2023-02-23,21:30:00,1677168000,0.93336,0.93489,0.93292,0.93378,6425,0,0
2023-02-23T20:00:00+00:00,2023-02-24,01:30:00,1677182400,0.93377,0.93407,0.93297,0.93373,1541,0,0
2023-02-24T00:00:00+00:00,2023-02-24,05:30:00,1677196800,0.93375,0.93424,0.93262,0.93378,3998,0,0
2023-02-24T04:00:00+00:00,2023-02-24,09:30:00,1677211200,0.93378,0.93556,0.93374,0.93551,3031,0,0
2023-02-24T08:00:00+00:00,2023-02-24,13:30:00,1677225600,0.9355,0.9365,0.93413,0.93535,7303,0,0
2023-02-24T12:00:00+00:00,2023-02-24,17:30:00,1677240000,0.93537,0.93982,0.93534,0.9398,17700,0,0
2023-02-24T16:00:00+00:00,2023-02-24,21:30:00,1677254400,0.93978,0.94071,0.93899,0.9406,6571,0,0
2023-02-24T20:00:00+00:00,2023-02-25,01:30:00,1677268800,0.94061,0.94124,0.94001,0.94099,1410,0,0
2023-02-26T20:00:00+00:00,2023-02-27,01:30:00,1677441600,0.94003,0.94058,0.93996,0.94036,436,0,0
2023-02-27T00:00:00+00:00,2023-02-27,05:30:00,1677456000,0.94035,0.94185,0.94005,0.9416,2410,0,0
2023-02-27T04:00:00+00:00,2023-02-27,09:30:00,1677470400,0.94162,0.94207,0.94069,0.94167,3380,0,0
2023-02-27T08:00:00+00:00,2023-02-27,13:30:00,1677484800,0.94167,0.94291,0.94003,0.94026,7677,0,0
2023-02-27T12:00:00+00:00,2023-02-27,17:30:00,1677499200,0.94024,0.94118,0.93443,0.93715,10499,0,0
2023-02-27T16:00:00+00:00,2023-02-27,21:30:00,1677513600,0.93714,0.9385,0.93529,0.93598,4918,0,0
2023-02-27T20:00:00+00:00,2023-02-28,01:30:00,1677528000,0.93596,0.9363,0.93511,0.93559,1791,0,0
2023-02-28T00:00:00+00:00,2023-02-28,05:30:00,1677542400,0.93576,0.93672,0.93535,0.9363,2006,0,0
2023-02-28T04:00:00+00:00,2023-02-28,09:30:00,1677556800,0.93628,0.93887,0.93625,0.9387,3753,0,0
2023-02-28T08:00:00+00:00,2023-02-28,13:30:00,1677571200,0.93869,0.93893,0.9361,0.93787,7579,0,0
2023-02-28T12:00:00+00:00,2023-02-28,17:30:00,1677585600,0.93788,0.93842,0.93416,0.93733,11364,0,0
2023-02-28T16:00:00+00:00,2023-02-28,21:30:00,1677600000,0.93732,0.94051,0.93557,0.94048,6919,0,0
2023-02-28T20:00:00+00:00,2023-03-01,01:30:00,1677614400,0.94046,0.94231,0.94038,0.94205,2294,0,0
2023-03-01T00:00:00+00:00,2023-03-01,05:30:00,1677628800,0.94207,0.94286,0.94014,0.94037,2186,0,0
2023-03-01T04:00:00+00:00,2023-03-01,09:30:00,1677643200,0.94036,0.94081,0.93896,0.93913,3577,0,0
2023-03-01T08:00:00+00:00,2023-03-01,13:30:00,1677657600,0.93914,0.94023,0.93574,0.93596,9274,0,0
2023-03-01T12:00:00+00:00,2023-03-01,17:30:00,1677672000,0.93596,0.94117,0.93505,0.9391,13287,0,0
2023-03-01T16:00:00+00:00,2023-03-01,21:30:00,1677686400,0.9391,0.94139,0.93808,0.94031,7207,0,0
2023-03-01T20:00:00+00:00,2023-03-02,01:30:00,1677700800,0.9403,0.94036,0.939,0.93955,1700,0,0
2023-03-02T00:00:00+00:00,2023-03-02,05:30:00,1677715200,0.93953,0.94229,0.93925,0.94216,3068,0,0
2023-03-02T04:00:00+00:00,2023-03-02,09:30:00,1677729600,0.94214,0.94398,0.94196,0.94271,3392,0,0
2023-03-02T08:00:00+00:00,2023-03-02,13:30:00,1677744000,0.94272,0.9431,0.9407,0.94079,8253,0,0
2023-03-02T12:00:00+00:00,2023-03-02,17:30:00,1677758400,0.94078,0.9438,0.9396,0.94152,12959,0,0
2023-03-02T16:00:00+00:00,2023-03-02,21:30:00,1677772800,0.94151,0.94403,0.94084,0.94197,6380,0,0
2023-03-02T20:00:00+00:00,2023-03-03,01:30:00,1677787200,0.94196,0.9424,0.94106,0.94202,2070,0,0
2023-03-03T00:00:00+00:00,2023-03-03,05:30:00,1677801600,0.94203,0.94213,0.94051,0.94122,2305,0,0
2023-03-03T04:00:00+00:00,2023-03-03,09:30:00,1677816000,0.94123,0.94123,0.93873,0.93987,2730,0,0
2023-03-03T08:00:00+00:00,2023-03-03,13:30:00,1677830400,0.93986,0.93986,0.93686,0.93886,8058,0,0
2023-03-03T12:00:00+00:00,2023-03-03,17:30:00,1677844800,0.93887,0.94079,0.93701,0.93956,11427,0,0
2023-03-03T16:00:00+00:00,2023-03-03,21:30:00,1677859200,0.93955,0.94009,0.936,0.93615,6517,0,0
2023-03-03T20:00:00+00:00,2023-03-04,01:30:00,1677873600,0.93615,0.93673,0.93592,0.93606,1525,0,0
2023-03-05T20:00:00+00:00,2023-03-06,01:30:00,1678046400,0.93605,0.93704,0.936,0.93704,315,1,0
2023-03-06T00:00:00+00:00,2023-03-06,05:30:00,1678060800,0.93706,0.9373,0.93537,0.93561,2552,0,0
2023-03-06T04:00:00+00:00,2023-03-06,09:30:00,1678075200,0.93562,0.93659,0.93133,0.93211,3651,0,0
2023-03-06T08:00:00+00:00,2023-03-06,13:30:00,1678089600,0.93212,0.93599,0.93174,0.93517,8566,0,0
2023-03-06T12:00:00+00:00,2023-03-06,17:30:00,1678104000,0.93518,0.93541,0.93082,0.93225,10624,0,0
2023-03-06T16:00:00+00:00,2023-03-06,21:30:00,1678118400,0.93223,0.93271,0.93054,0.93226,4889,0,0
2023-03-06T20:00:00+00:00,2023-03-07,01:30:00,1678132800,0.93227,0.93256,0.93029,0.93075,1924,0,0
2023-03-07T00:00:00+00:00,2023-03-07,05:30:00,1678147200,0.93076,0.9315,0.92987,0.92987,2244,0,0
2023-03-07T04:00:00+00:00,2023-03-07,09:30:00,1678161600,0.92988,0.93035,0.9286,0.92925,3371,0,0
2023-03-07T08:00:00+00:00,2023-03-07,13:30:00,1678176000,0.92926,0.93389,0.92899,0.93389,7375,0,0
2023-03-07T12:00:00+00:00,2023-03-07,17:30:00,1678190400,0.93389,0.94098,0.93289,0.9403,16948,0,0
2023-03-07T16:00:00+00:00,2023-03-07,21:30:00,1678204800,0.94029,0.94246,0.93909,0.94176,11971,0,0
2023-03-07T20:00:00+00:00,2023-03-08,01:30:00,1678219200,0.94175,0.94237,0.94114,0.94233,2108,0,0
2023-03-08T00:00:00+00:00,2023-03-08,05:30:00,1678233600,0.94232,0.9437,0.94185,0.94364,2482,0,0
2023-03-08T04:00:00+00:00,2023-03-08,09:30:00,1678248000,0.94363,0.94386,0.94189,0.94219,3208,0,0
2023-03-08T08:00:00+00:00,2023-03-08,13:30:00,1678262400,0.9422,0.94333,0.94159,0.94324,6302,0,0
2023-03-08T12:00:00+00:00,2023-03-08,17:30:00,1678276800,0.94323,0.94363,0.93889,0.9404,15237,0,0
2023-03-08T16:00:00+00:00,2023-03-08,21:30:00,1678291200,0.94038,0.94215,0.93894,0.94116,7639,0,0
2023-03-08T20:00:00+00:00,2023-03-09,01:30:00,1678305600,0.94117,0.94173,0.94016,0.94075,1496,0,0
2023-03-09T00:00:00+00:00,2023-03-09,05:30:00,1678320000,0.94092,0.94162,0.94027,0.9405,1543,0,0
2023-03-09T04:00:00+00:00,2023-03-09,09:30:00,1678334400,0.94051,0.94077,0.93852,0.93886,2524,0,0
2023-03-09T08:00:00+00:00,2023-03-09,13:30:00,1678348800,0.93884,0.93981,0.93671,0.93767,6422,0,0
2023-03-09T12:00:00+00:00,2023-03-09,17:30:00,1678363200,0.93766,0.93936,0.93545,0.93682,10956,0,0
2023-03-09T16:00:00+00:00,2023-03-09,21:30:00,1678377600,0.93682,0.9374,0.93456,0.93661,6441,0,0
2023-03-09T20:00:00+00:00,2023-03-10,01:30:00,1678392000,0.93663,0.93663,0.93217,0.93292,4102,0,0
2023-03-10T00:00:00+00:00,2023-03-10,05:30:00,1678406400,0.9329,0.93291,0.92852,0.92855,3907,0,0
2023-03-10T04:00:00+00:00,2023-03-10,09:30:00,1678420800,0.92856,0.93128,0.92817,0.93005,4773,0,0
2023-03-10T08:00:00+00:00,2023-03-10,13:30:00,1678435200,0.93004,0.93165,0.92685,0.92763,8006,0,0
2023-03-10T12:00:00+00:00,2023-03-10,17:30:00,1678449600,0.92764,0.92967,0.91748,0.91916,26516,0,0
2023-03-10T16:00:00+00:00,2023-03-10,21:30:00,1678464000,0.91917,0.92197,0.91797,0.9212,12475,0,0
2023-03-10T20:00:00+00:00,2023-03-11,01:30:00,1678478400,0.92122,0.92202,0.9209,0.92129,2802,0,0
2023-03-12T20:00:00+00:00,2023-03-13,01:30:00,1678651200,0.91896,0.92007,0.91484,0.91925,4903,0,0
2023-03-13T00:00:00+00:00,2023-03-13,05:30:00,1678665600,0.91923,0.92028,0.91521,0.91665,8146,0,0
2023-03-13T04:00:00+00:00,2023-03-13,09:30:00,1678680000,0.91664,0.91768,0.91532,0.91598,7194,0,0
2023-03-13T08:00:00+00:00,2023-03-13,13:30:00,1678694400,0.91596,0.91638,0.90983,0.91435,25181,0,0
2023-03-13T12:00:00+00:00,2023-03-13,17:30:00,1678708800,0.91433,0.91581,0.90715,0.91189,31552,0,0
2023-03-13T16:00:00+00:00,2023-03-13,21:30:00,1678723200,0.91188,0.91221,0.90944,0.91157,14549,0,0
2023-03-13T20:00:00+00:00,2023-03-14,01:30:00,1678737600,0.91158,0.91261,0.91094,0.91257,2488,0,0
2023-03-14T00:00:00+00:00,2023-03-14,05:30:00,1678752000,0.91258,0.91394,0.91196,0.91387,4579,0,0
2023-03-14T04:00:00+00:00,2023-03-14,09:30:00,1678766400,0.91386,0.91453,0.91058,0.91262,10688,0,0
2023-03-14T08:00:00+00:00,2023-03-14,13:30:00,1678780800,0.91264,0.91445,0.91004,0.91168,9903,0,0
2023-03-14T12:00:00+00:00,2023-03-14,17:30:00,1678795200,0.91167,0.91647,0.90965,0.91379,30688,0,0
2023-03-14T16:00:00+00:00,2023-03-14,21:30:00,1678809600,0.91378,0.91614,0.91221,0.9129,12359,0,0
2023-03-14T20:00:00+00:00,2023-03-15,01:30:00,1678824000,0.91288,0.91468,0.91278,0.91457,2186,0,0
2023-03-15T00:00:00+00:00,2023-03-15,05:30:00,1678838400,0.91457,0.91489,0.91234,0.91334,4569,0,0
2023-03-15T04:00:00+00:00,2023-03-15,09:30:00,1678852800,0.91333,0.91596,0.91314,0.9146,5306,0,0
2023-03-15T08:00:00+00:00,2023-03-15,13:30:00,1678867200,0.9146,0.92572,0.91422,0.92262,19444,0,0
2023-03-15T12:00:00+00:00,2023-03-15,17:30:00,1678881600,0.92264,0.92491,0.91997,0.9243,27578,0,0
2023-03-15T16:00:00+00:00,2023-03-15,21:30:00,1678896000,0.92431,0.93243,0.92364,0.93169,20335,0,0
2023-03-15T20:00:00+00:00,2023-03-16,01:30:00,1678910400,0.93169,0.9341,0.93106,0.93156,3608,0,0
2023-03-16T00:00:00+00:00,2023-03-16,05:30:00,1678924800,0.93158,0.9321,0.92984,0.93054,6660,0,0
2023-03-16T04:00:00+00:00,2023-03-16,09:30:00,1678939200,0.93056,0.93079,0.92451,0.92478,6278,0,0
2023-03-16T08:00:00+00:00,2023-03-16,13:30:00,1678953600,0.92479,0.93035,0.92299,0.92687,11363,0,0
2023-03-16T12:00:00+00:00,2023-03-16,17:30:00,1678968000,0.92687,0.93224,0.92569,0.92999,31222,0,0
2023-03-16T16:00:00+00:00,2023-03-16,21:30:00,1678982400,0.92998,0.932,0.9285,0.92987,11931,0,0
2023-03-16T20:00:00+00:00,2023-03-17,01:30:00,1678996800,0.92985,0.93017,0.92894,0.92926,1794,0,0
2023-03-17T00:00:00+00:00,2023-03-17,05:30:00,1679011200,0.92928,0.92957,0.9266,0.92714,3507,0,0
2023-03-17T04:00:00+00:00,2023-03-17,09:30:00,1679025600,0.92715,0.92725,0.92407,0.92492,6461,0,0
2023-03-17T08:00:00+00:00,2023-03-17,13:30:00,1679040000,0.9249,0.92794,0.924,0.92777,10815,0,0
2023-03-17T12:00:00+00:00,2023-03-17,17:30:00,1679054400,0.92776,0.92877,0.92641,0.92846,14294,0,0
2023-03-17T16:00:00+00:00,2023-03-17,21:30:00,1679068800,0.92846,0.92933,0.92497,0.92647,8801,0,0
2023-03-17T20:00:00+00:00,2023-03-18,01:30:00,1679083200,0.92645,0.92723,0.9259,0.92641,1612,0,0
2023-03-19T20:00:00+00:00,2023-03-20,01:30:00,1679256000,0.92581,0.92774,0.92534,0.92704,2215,0,0
2023-03-20T00:00:00+00:00,2023-03-20,05:30:00,1679270400,0.92705,0.9272,0.92541,0.92631,4337,0,0
2023-03-20T04:00:00+00:00,2023-03-20,09:30:00,1679284800,0.92632,0.9282,0.92456,0.92775,7936,0,0
2023-03-20T08:00:00+00:00,2023-03-20,13:30:00,1679299200,0.92776,0.93125,0.92678,0.92678,12605,0,0
2023-03-20T12:00:00+00:00,2023-03-20,17:30:00,1679313600,0.92678,0.92758,0.92403,0.92675,9597,0,0
2023-03-20T16:00:00+00:00,2023-03-20,21:30:00,1679328000,0.92674,0.92931,0.92554,0.92867,5077,0,0
2023-03-20T20:00:00+00:00,2023-03-21,01:30:00,1679342400,0.92865,0.92944,0.9277,0.9293,2192,0,0
2023-03-21T00:00:00+00:00,2023-03-21,05:30:00,1679356800,0.92931,0.92934,0.92827,0.929,3811,0,0
2023-03-21T04:00:00+00:00,2023-03-21,09:30:00,1679371200,0.92902,0.93172,0.92899,0.92978,4841,0,0
2023-03-21T08:00:00+00:00,2023-03-21,13:30:00,1679385600,0.9298,0.93029,0.92333,0.92393,9308,0,0
2023-03-21T12:00:00+00:00,2023-03-21,17:30:00,1679400000,0.92394,0.92553,0.9225,0.92383,9512,0,0
2023-03-21T16:00:00+00:00,2023-03-21,21:30:00,1679414400,0.92382,0.92388,0.92097,0.92273,5257,0,0
2023-03-21T20:00:00+00:00,2023-03-22,01:30:00,1679428800,0.92273,0.92273,0.92153,0.92177,1330,0,0
2023-03-22T00:00:00+00:00,2023-03-22,05:30:00,1679443200,0.92175,0.92292,0.92125,0.92263,3327,0,0
2023-03-22T04:00:00+00:00,2023-03-22,09:30:00,1679457600,0.92262,0.92456,0.92194,0.92302,4277,0,0
2023-03-22T08:00:00+00:00,2023-03-22,13:30:00,1679472000,0.92302,0.92318,0.92067,0.92241,8205,0,0
2023-03-22T12:00:00+00:00,2023-03-22,17:30:00,1679486400,0.9224,0.92459,0.92186,0.92373,6777,0,0
2023-03-22T16:00:00+00:00,2023-03-22,21:30:00,1679500800,0.92371,0.92432,0.91476,0.91796,19818,0,0
2023-03-22T20:00:00+00:00,2023-03-23,01:30:00,1679515200,0.91795,0.91802,0.9166,0.91671,2171,0,0
2023-03-23T00:00:00+00:00,2023-03-23,05:30:00,1679529600,0.91672,0.91733,0.91457,0.91571,5682,0,0
2023-03-23T04:00:00+00:00,2023-03-23,09:30:00,1679544000,0.91571,0.91665,0.91382,0.91613,9311,0,0
2023-03-23T08:00:00+00:00,2023-03-23,13:30:00,1679558400,0.91612,0.91809,0.91202,0.91664,11306,0,0
2023-03-23T12:00:00+00:00,2023-03-23,17:30:00,1679572800,0.91662,0.91697,0.91311,0.91449,9632,0,0
2023-03-23T16:00:00+00:00,2023-03-23,21:30:00,1679587200,0.91451,0.91658,0.91272,0.91564,9587,0,0
2023-03-23T20:00:00+00:00,2023-03-24,01:30:00,1679601600,0.91564,0.917,0.91561,0.91676,1873,0,0
2023-03-24T00:00:00+00:00,2023-03-24,05:30:00,1679616000,0.91678,0.91795,0.91626,0.91637,5571,0,0
2023-03-24T04:00:00+00:00,2023-03-24,09:30:00,1679630400,0.91638,0.91813,0.91553,0.9177,5603,0,0
2023-03-24T08:00:00+00:00,2023-03-24,13:30:00,1679644800,0.91769,0.92172,0.91702,0.91988,15259,0,0
2023-03-24T12:00:00+00:00,2023-03-24,17:30:00,1679659200,0.91986,0.92016,0.91737,0.91814,14204,0,0
2023-03-24T16:00:00+00:00,2023-03-24,21:30:00,1679673600,0.91815,0.92032,0.91752,0.91963,6204,0,0
2023-03-24T20:00:00+00:00,2023-03-25,01:30:00,1679688000,0.91964,0.91996,0.91919,0.91992,550,0,0
2023-03-26T20:00:00+00:00,2023-03-27,01:30:00,1679860800,0.91745,0.91945,0.91742,0.91899,1831,0,0
2023-03-27T00:00:00+00:00,2023-03-27,05:30:00,1679875200,0.919,0.91998,0.91804,0.91836,4942,0,0
2023-03-27T04:00:00+00:00,2023-03-27,09:30:00,1679889600,0.91835,0.91976,0.91711,0.91783,7565,0,0
2023-03-27T08:00:00+00:00,2023-03-27,13:30:00,1679904000,0.91784,0.91793,0.91566,0.9164,8717,0,0
2023-03-27T12:00:00+00:00,2023-03-27,17:30:00,1679918400,0.91639,0.91779,0.91557,0.91642,9493,0,0
2023-03-27T16:00:00+00:00,2023-03-27,21:30:00,1679932800,0.91642,0.91693,0.91578,0.91582,4223,0,0
2023-03-27T20:00:00+00:00,2023-03-28,01:30:00,1679947200,0.91582,0.91608,0.91504,0.91517,1352,0,0
2023-03-28T00:00:00+00:00,2023-03-28,05:30:00,1679961600,0.91517,0.9153,0.9137,0.91398,4513,0,0
2023-03-28T04:00:00+00:00,2023-03-28,09:30:00,1679976000,0.91398,0.91808,0.91383,0.91657,6587,0,0
2023-03-28T08:00:00+00:00,2023-03-28,13:30:00,1679990400,0.91659,0.91856,0.91626,0.91811,5404,0,0
2023-03-28T12:00:00+00:00,2023-03-28,17:30:00,1680004800,0.91811,0.92227,0.91698,0.91985,9735,0,0
2023-03-28T16:00:00+00:00,2023-03-28,21:30:00,1680019200,0.91984,0.92038,0.91866,0.91903,3680,0,0
2023-03-28T20:00:00+00:00,2023-03-29,01:30:00,1680033600,0.91904,0.92092,0.91893,0.92045,1032,0,0
2023-03-29T00:00:00+00:00,2023-03-29,05:30:00,1680048000,0.92043,0.92093,0.91964,0.92069,3308,0,0
2023-03-29T04:00:00+00:00,2023-03-29,09:30:00,1680062400,0.92068,0.92233,0.9196,0.91999,5890,0,0
2023-03-29T08:00:00+00:00,2023-03-29,13:30:00,1680076800,0.91999,0.92066,0.91649,0.91888,7855,0,0
2023-03-29T12:00:00+00:00,2023-03-29,17:30:00,1680091200,0.91887,0.92128,0.91842,0.91958,10253,0,0
2023-03-29T16:00:00+00:00,2023-03-29,21:30:00,1680105600,0.91958,0.92083,0.91865,0.91894,4536,0,0
2023-03-29T20:00:00+00:00,2023-03-30,01:30:00,1680120000,0.91892,0.91915,0.91807,0.91826,1133,0,0
2023-03-30T00:00:00+00:00,2023-03-30,05:30:00,1680134400,0.91827,0.92004,0.91821,0.91957,4114,0,0
2023-03-30T04:00:00+00:00,2023-03-30,09:30:00,1680148800,0.91956,0.91965,0.91642,0.91702,7340,0,0
2023-03-30T08:00:00+00:00,2023-03-30,13:30:00,1680163200,0.91703,0.9173,0.91456,0.91492,7305,0,0
2023-03-30T12:00:00+00:00,2023-03-30,17:30:00,1680177600,0.91492,0.91548,0.91262,0.91413,10255,0,0
2023-03-30T16:00:00+00:00,2023-03-30,21:30:00,1680192000,0.91412,0.91456,0.91349,0.91402,3855,0,0
2023-03-30T20:00:00+00:00,2023-03-31,01:30:00,1680206400,0.91402,0.91424,0.91279,0.91345,1523,0,0
2023-03-31T00:00:00+00:00,2023-03-31,05:30:00,1680220800,0.91345,0.9142,0.91246,0.91357,4385,0,0
2023-03-31T04:00:00+00:00,2023-03-31,09:30:00,1680235200,0.91358,0.91526,0.91341,0.91477,6457,0,0
2023-03-31T08:00:00+00:00,2023-03-31,13:30:00,1680249600,0.91476,0.91778,0.91424,0.91689,8166,0,0
2023-03-31T12:00:00+00:00,2023-03-31,17:30:00,1680264000,0.91687,0.91712,0.9116,0.91293,12417,0,0
2023-03-31T16:00:00+00:00,2023-03-31,21:30:00,1680278400,0.91293,0.91525,0.91289,0.91477,4758,0,0
2023-03-31T20:00:00+00:00,2023-04-01,01:30:00,1680292800,0.91477,0.91545,0.91476,0.91518,813,0,0
2023-04-02T20:00:00+00:00,2023-04-03,01:30:00,1680465600,0.91449,0.91784,0.91428,0.91775,1894,0,0
2023-04-03T00:00:00+00:00,2023-04-03,05:30:00,1680480000,0.91775,0.91826,0.91635,0.91797,5052,0,0
2023-04-03T04:00:00+00:00,2023-04-03,09:30:00,1680494400,0.91798,0.91965,0.91708,0.9176,6478,0,0
2023-04-03T08:00:00+00:00,2023-04-03,13:30:00,1680508800,0.91762,0.91872,0.91438,0.91442,7359,0,0
2023-04-03T12:00:00+00:00,2023-04-03,17:30:00,1680523200,0.91442,0.91606,0.91155,0.91305,12414,0,0
2023-04-03T16:00:00+00:00,2023-04-03,21:30:00,1680537600,0.91306,0.91403,0.91233,0.91257,4123,0,0
2023-04-03T20:00:00+00:00,2023-04-04,01:30:00,1680552000,0.91259,0.91306,0.91225,0.91285,1459,0,0
2023-04-04T00:00:00+00:00,2023-04-04,05:30:00,1680566400,0.91285,0.91383,0.91245,0.91375,3581,0,0
2023-04-04T04:00:00+00:00,2023-04-04,09:30:00,1680580800,0.91374,0.91428,0.91006,0.9111,7744,0,0
2023-04-04T08:00:00+00:00,2023-04-04,13:30:00,1680595200,0.9111,0.91388,0.91077,0.9136,8362,0,0
2023-04-04T12:00:00+00:00,2023-04-04,17:30:00,1680609600,0.9136,0.91407,0.90663,0.90711,13868,0,0
2023-04-04T16:00:00+00:00,2023-04-04,21:30:00,1680624000,0.90711,0.90724,0.90552,0.90605,3828,0,0
2023-04-04T20:00:00+00:00,2023-04-05,01:30:00,1680638400,0.90604,0.90619,0.90533,0.90573,954,0,0
2023-04-05T00:00:00+00:00,2023-04-05,05:30:00,1680652800,0.90575,0.90593,0.90537,0.90558,3477,0,0
2023-04-05T04:00:00+00:00,2023-04-05,09:30:00,1680667200,0.90556,0.90602,0.90412,0.90515,4111,0,0
2023-04-05T08:00:00+00:00,2023-04-05,13:30:00,1680681600,0.90514,0.90585,0.90432,0.90542,5745,0,0
2023-04-05T12:00:00+00:00,2023-04-05,17:30:00,1680696000,0.90542,0.90578,0.90072,0.90509,12666,0,0
2023-04-05T16:00:00+00:00,2023-04-05,21:30:00,1680710400,0.90508,0.9076,0.905,0.90643,3743,0,0
2023-04-05T20:00:00+00:00,2023-04-06,01:30:00,1680724800,0.90641,0.90689,0.90589,0.90642,852,0,0
2023-04-06T00:00:00+00:00,2023-04-06,05:30:00,1680739200,0.90643,0.90748,0.90618,0.90708,2625,0,0
2023-04-06T04:00:00+00:00,2023-04-06,09:30:00,1680753600,0.90708,0.9075,0.90366,0.90466,4867,0,0
2023-04-06T08:00:00+00:00,2023-04-06,13:30:00,1680768000,0.90467,0.9057,0.90384,0.90503,6080,0,0
2023-04-06T12:00:00+00:00,2023-04-06,17:30:00,1680782400,0.90502,0.90671,0.90388,0.90413,9307,0,0
2023-04-06T16:00:00+00:00,2023-04-06,21:30:00,1680796800,0.90413,0.90495,0.9036,0.90467,2789,0,0
2023-04-06T20:00:00+00:00,2023-04-07,01:30:00,1680811200,0.90468,0.90484,0.90226,0.90416,1135,0,0
2023-04-07T00:00:00+00:00,2023-04-07,05:30:00,1680825600,0.9043,0.90459,0.90379,0.90428,2335,51,0
2023-04-07T04:00:00+00:00,2023-04-07,09:30:00,1680840000,0.90414,0.90465,0.90306,0.90417,2377,22,0
2023-04-07T08:00:00+00:00,2023-04-07,13:30:00,1680854400,0.90424,0.90453,0.90356,0.90398,2421,5,0
2023-04-07T12:00:00+00:00,2023-04-07,17:30:00,1680868800,0.90402,0.90811,0.90339,0.90523,7357,5,0
2023-04-07T16:00:00+00:00,2023-04-07,21:30:00,1680883200,0.90525,0.90547,0.90377,0.90437,11700,5,0
2023-04-07T20:00:00+00:00,2023-04-08,01:30:00,1680897600,0.90435,0.90508,0.90295,0.90415,411,65,0
2023-04-09T20:00:00+00:00,2023-04-10,01:30:00,1681070400,0.90428,0.90489,0.90335,0.90452,835,0,0
2023-04-10T00:00:00+00:00,2023-04-10,05:30:00,1681084800,0.90453,0.90635,0.90441,0.90603,2881,0,0
2023-04-10T04:00:00+00:00,2023-04-10,09:30:00,1681099200,0.90602,0.90674,0.90538,0.90548,3015,0,0
2023-04-10T08:00:00+00:00,2023-04-10,13:30:00,1681113600,0.90549,0.90705,0.90509,0.90695,3941,0,0
2023-04-10T12:00:00+00:00,2023-04-10,17:30:00,1681128000,0.90697,0.91204,0.9068,0.91128,8423,0,0
2023-04-10T16:00:00+00:00,2023-04-10,21:30:00,1681142400,0.91126,0.91126,0.90931,0.90937,2857,0,0
2023-04-10T20:00:00+00:00,2023-04-11,01:30:00,1681156800,0.90939,0.90976,0.90885,0.90888,919,0,0
2023-04-11T00:00:00+00:00,2023-04-11,05:30:00,1681171200,0.90888,0.90902,0.90778,0.90816,2984,0,0
2023-04-11T04:00:00+00:00,2023-04-11,09:30:00,1681185600,0.90817,0.90819,0.90377,0.90489,5196,0,0
2023-04-11T08:00:00+00:00,2023-04-11,13:30:00,1681200000,0.9049,0.90519,0.90374,0.90488,5550,0,0
2023-04-11T12:00:00+00:00,2023-04-11,17:30:00,1681214400,0.90488,0.90594,0.90319,0.90414,6680,0,0
2023-04-11T16:00:00+00:00,2023-04-11,21:30:00,1681228800,0.90413,0.905,0.9028,0.90308,2634,0,0
2023-04-11T20:00:00+00:00,2023-04-12,01:30:00,1681243200,0.90308,0.90335,0.90267,0.90309,763,0,0
2023-04-12T00:00:00+00:00,2023-04-12,05:30:00,1681257600,0.90309,0.90335,0.90188,0.90259,2458,0,0
2023-04-12T04:00:00+00:00,2023-04-12,09:30:00,1681272000,0.90261,0.90348,0.90172,0.90268,4013,0,0
2023-04-12T08:00:00+00:00,2023-04-12,13:30:00,1681286400,0.90268,0.90314,0.90128,0.9019,4818,0,0
2023-04-12T12:00:00+00:00,2023-04-12,17:30:00,1681300800,0.90189,0.9023,0.8944,0.89689,14206,0,0
2023-04-12T16:00:00+00:00,2023-04-12,21:30:00,1681315200,0.8969,0.89703,0.89496,0.89643,4435,0,0
2023-04-12T20:00:00+00:00,2023-04-13,01:30:00,1681329600,0.89642,0.89658,0.89555,0.89586,1014,0,0
2023-04-13T00:00:00+00:00,2023-04-13,05:30:00,1681344000,0.89587,0.8969,0.89537,0.89682,2498,0,0
2023-04-13T04:00:00+00:00,2023-04-13,09:30:00,1681358400,0.89683,0.89748,0.89344,0.89361,4235,0,0
2023-04-13T08:00:00+00:00,2023-04-13,13:30:00,1681372800,0.89362,0.89362,0.88973,0.8906,7088,0,0
2023-04-13T12:00:00+00:00,2023-04-13,17:30:00,1681387200,0.89059,0.89064,0.886,0.88745,11963,0,0
2023-04-13T16:00:00+00:00,2023-04-13,21:30:00,1681401600,0.88747,0.88896,0.88712,0.88896,2746,0,0
2023-04-13T20:00:00+00:00,2023-04-14,01:30:00,1681416000,0.88895,0.8896,0.88867,0.88909,791,0,0
2023-04-14T00:00:00+00:00,2023-04-14,05:30:00,1681430400,0.88908,0.88936,0.88738,0.88772,3031,0,0
2023-04-14T04:00:00+00:00,2023-04-14,09:30:00,1681444800,0.8877,0.88886,0.8871,0.88744,4264,0,0
2023-04-14T08:00:00+00:00,2023-04-14,13:30:00,1681459200,0.88743,0.88974,0.88671,0.88905,5755,0,0
2023-04-14T12:00:00+00:00,2023-04-14,17:30:00,1681473600,0.88903,0.89589,0.88761,0.89564,15135,0,0
2023-04-14T16:00:00+00:00,2023-04-14,21:30:00,1681488000,0.89563,0.89573,0.89381,0.89398,3660,0,0
2023-04-14T20:00:00+00:00,2023-04-15,01:30:00,1681502400,0.89398,0.89424,0.89376,0.89399,608,0,0
2023-04-16T20:00:00+00:00,2023-04-17,01:30:00,1681675200,0.89426,0.89496,0.89395,0.8949,686,0,0
2023-04-17T00:00:00+00:00,2023-04-17,05:30:00,1681689600,0.8949,0.89597,0.89419,0.89445,2780,0,0
2023-04-17T04:00:00+00:00,2023-04-17,09:30:00,1681704000,0.89446,0.89449,0.89221,0.89272,3943,0,0
2023-04-17T08:00:00+00:00,2023-04-17,13:30:00,1681718400,0.89272,0.89513,0.89261,0.89425,5474,0,0
2023-04-17T12:00:00+00:00,2023-04-17,17:30:00,1681732800,0.89424,0.89953,0.89315,0.89952,9855,0,0
2023-04-17T16:00:00+00:00,2023-04-17,21:30:00,1681747200,0.89951,0.89964,0.89834,0.89856,2736,0,0
2023-04-17T20:00:00+00:00,2023-04-18,01:30:00,1681761600,0.89855,0.89895,0.89801,0.89859,742,0,0
2023-04-18T00:00:00+00:00,2023-04-18,05:30:00,1681776000,0.8986,0.8986,0.8971,0.89751,2878,0,0
2023-04-18T04:00:00+00:00,2023-04-18,09:30:00,1681790400,0.89753,0.89851,0.89618,0.89622,4420,0,0
2023-04-18T08:00:00+00:00,2023-04-18,13:30:00,1681804800,0.89623,0.89695,0.89558,0.89561,5375,0,0
2023-04-18T12:00:00+00:00,2023-04-18,17:30:00,1681819200,0.8956,0.89869,0.89547,0.89808,8096,0,0
2023-04-18T16:00:00+00:00,2023-04-18,21:30:00,1681833600,0.89806,0.89816,0.89657,0.89671,2638,0,0
2023-04-18T20:00:00+00:00,2023-04-19,01:30:00,1681848000,0.89671,0.89678,0.89582,0.89607,1322,0,0
2023-04-19T00:00:00+00:00,2023-04-19,05:30:00,1681862400,0.89607,0.89742,0.89582,0.89664,1831,0,0
2023-04-19T04:00:00+00:00,2023-04-19,09:30:00,1681876800,0.89663,0.89906,0.89601,0.89757,6182,0,0
2023-04-19T08:00:00+00:00,2023-04-19,13:30:00,1681891200,0.89757,0.90029,0.89725,0.89919,7339,0,0
2023-04-19T12:00:00+00:00,2023-04-19,17:30:00,1681905600,0.8992,0.89949,0.89588,0.89852,7877,0,0
2023-04-19T16:00:00+00:00,2023-04-19,21:30:00,1681920000,0.89852,0.89865,0.89715,0.89781,3501,0,0
2023-04-19T20:00:00+00:00,2023-04-20,01:30:00,1681934400,0.89781,0.89801,0.89697,0.89774,1201,0,0
2023-04-20T00:00:00+00:00,2023-04-20,05:30:00,1681948800,0.89775,0.89833,0.89664,0.89687,2378,0,0
2023-04-20T04:00:00+00:00,2023-04-20,09:30:00,1681963200,0.89686,0.89716,0.8949,0.89627,4600,0,0
2023-04-20T08:00:00+00:00,2023-04-20,13:30:00,1681977600,0.89626,0.89665,0.89371,0.89539,6124,0,0
2023-04-20T12:00:00+00:00,2023-04-20,17:30:00,1681992000,0.89539,0.89681,0.89203,0.89444,11455,0,0
2023-04-20T16:00:00+00:00,2023-04-20,21:30:00,1682006400,0.89442,0.89447,0.89326,0.89362,3951,0,0
2023-04-20T20:00:00+00:00,2023-04-21,01:30:00,1682020800,0.89362,0.89364,0.89198,0.89241,1089,0,0
2023-04-21T00:00:00+00:00,2023-04-21,05:30:00,1682035200,0.89242,0.89335,0.89242,0.89319,2259,0,0
2023-04-21T04:00:00+00:00,2023-04-21,09:30:00,1682049600,0.89319,0.89536,0.89313,0.89432,4633,0,0
2023-04-21T08:00:00+00:00,2023-04-21,13:30:00,1682064000,0.89433,0.8945,0.89173,0.89195,6175,0,0
2023-04-21T12:00:00+00:00,2023-04-21,17:30:00,1682078400,0.89194,0.89542,0.89078,0.89266,11368,0,0
2023-04-21T16:00:00+00:00,2023-04-21,21:30:00,1682092800,0.89265,0.89334,0.8921,0.89216,3668,0,0
2023-04-21T20:00:00+00:00,2023-04-22,01:30:00,1682107200,0.89214,0.89264,0.89199,0.89231,487,0,0
2023-04-23T20:00:00+00:00,2023-04-24,01:30:00,1682280000,0.89209,0.89236,0.89168,0.89195,710,0,0
2023-04-24T00:00:00+00:00,2023-04-24,05:30:00,1682294400,0.89195,0.89281,0.89163,0.89243,2990,0,0
2023-04-24T04:00:00+00:00,2023-04-24,09:30:00,1682308800,0.89243,0.89263,0.89032,0.89065,4209,0,0
2023-04-24T08:00:00+00:00,2023-04-24,13:30:00,1682323200,0.89064,0.89116,0.8883,0.89026,6239,0,0
2023-04-24T12:00:00+00:00,2023-04-24,17:30:00,1682337600,0.89027,0.89079,0.88797,0.88878,7941,0,0
2023-04-24T16:00:00+00:00,2023-04-24,21:30:00,1682352000,0.88878,0.88883,0.88763,0.88813,2626,0,0
2023-04-24T20:00:00+00:00,2023-04-25,01:30:00,1682366400,0.88813,0.88819,0.8871,0.88713,882,0,0
2023-04-25T00:00:00+00:00,2023-04-25,05:30:00,1682380800,0.88713,0.88743,0.88635,0.88717,2393,0,0
2023-04-25T04:00:00+00:00,2023-04-25,09:30:00,1682395200,0.88715,0.88926,0.88689,0.88757,4976,0,0
2023-04-25T08:00:00+00:00,2023-04-25,13:30:00,1682409600,0.88756,0.88883,0.88608,0.88837,6088,0,0
2023-04-25T12:00:00+00:00,2023-04-25,17:30:00,1682424000,0.88839,0.8927,0.88726,0.89254,8774,0,0
2023-04-25T16:00:00+00:00,2023-04-25,21:30:00,1682438400,0.89256,0.89276,0.89147,0.89206,4354,0,0
2023-04-25T20:00:00+00:00,2023-04-26,01:30:00,1682452800,0.89205,0.89221,0.8909,0.89187,1158,0,0
2023-04-26T00:00:00+00:00,2023-04-26,05:30:00,1682467200,0.89188,0.89258,0.89121,0.89125,3049,0,0
2023-04-26T04:00:00+00:00,2023-04-26,09:30:00,1682481600,0.89125,0.89142,0.88952,0.89099,4565,0,0
2023-04-26T08:00:00+00:00,2023-04-26,13:30:00,1682496000,0.89098,0.89188,0.88784,0.88973,7332,0,0
2023-04-26T12:00:00+00:00,2023-04-26,17:30:00,1682510400,0.88972,0.89114,0.88521,0.89013,12401,0,0
2023-04-26T16:00:00+00:00,2023-04-26,21:30:00,1682524800,0.89013,0.89205,0.89,0.89116,4516,0,0
2023-04-26T20:00:00+00:00,2023-04-27,01:30:00,1682539200,0.89115,0.89145,0.89038,0.89092,1072,0,0
2023-04-27T00:00:00+00:00,2023-04-27,05:30:00,1682553600,0.89092,0.89118,0.89055,0.8909,2704,0,0
2023-04-27T04:00:00+00:00,2023-04-27,09:30:00,1682568000,0.89092,0.89215,0.89032,0.89203,5097,0,0
2023-04-27T08:00:00+00:00,2023-04-27,13:30:00,1682582400,0.89204,0.894,0.89165,0.8939,5616,0,0
2023-04-27T12:00:00+00:00,2023-04-27,17:30:00,1682596800,0.8939,0.89763,0.89204,0.89574,13800,0,0
2023-04-27T16:00:00+00:00,2023-04-27,21:30:00,1682611200,0.89573,0.89609,0.89365,0.89416,3615,0,0
2023-04-27T20:00:00+00:00,2023-04-28,01:30:00,1682625600,0.89417,0.89444,0.89314,0.89396,936,0,0
2023-04-28T00:00:00+00:00,2023-04-28,05:30:00,1682640000,0.89396,0.89475,0.89314,0.89408,3939,0,0
2023-04-28T04:00:00+00:00,2023-04-28,09:30:00,1682654400,0.89409,0.89621,0.89335,0.8947,7617,0,0
2023-04-28T08:00:00+00:00,2023-04-28,13:30:00,1682668800,0.89472,0.89754,0.89457,0.8961,6492,0,0
2023-04-28T12:00:00+00:00,2023-04-28,17:30:00,1682683200,0.89609,0.8972,0.88961,0.89112,16138,0,0
2023-04-28T16:00:00+00:00,2023-04-28,21:30:00,1682697600,0.89115,0.89409,0.89107,0.89376,4201,0,0
2023-04-28T20:00:00+00:00,2023-04-29,01:30:00,1682712000,0.89376,0.89485,0.89376,0.89447,1017,0,0
2023-04-30T20:00:00+00:00,2023-05-01,01:30:00,1682884800,0.89249,0.8949,0.89249,0.89474,750,0,0
2023-05-01T00:00:00+00:00,2023-05-01,05:30:00,1682899200,0.89475,0.8954,0.89392,0.89405,2759,0,0
2023-05-01T04:00:00+00:00,2023-05-01,09:30:00,1682913600,0.89403,0.89493,0.89276,0.89336,4025,0,0
2023-05-01T08:00:00+00:00,2023-05-01,13:30:00,1682928000,0.89336,0.89468,0.89235,0.89284,4381,0,0
2023-05-01T12:00:00+00:00,2023-05-01,17:30:00,1682942400,0.89285,0.89665,0.89155,0.89616,9990,0,0
2023-05-01T16:00:00+00:00,2023-05-01,21:30:00,1682956800,0.89615,0.89668,0.89538,0.89621,3354,0,0
2023-05-01T20:00:00+00:00,2023-05-02,01:30:00,1682971200,0.89621,0.89624,0.8948,0.89595,1295,0,0
2023-05-02T00:00:00+00:00,2023-05-02,05:30:00,1682985600,0.89596,0.89606,0.89422,0.89529,2573,0,0
2023-05-02T04:00:00+00:00,2023-05-02,09:30:00,1683000000,0.8953,0.89774,0.89494,0.89747,5699,0,0
2023-05-02T08:00:00+00:00,2023-05-02,13:30:00,1683014400,0.89747,0.89952,0.89673,0.89718,7855,0,0
2023-05-02T12:00:00+00:00,2023-05-02,17:30:00,1683028800,0.89715,0.89915,0.89307,0.89311,12710,0,0
2023-05-02T16:00:00+00:00,2023-05-02,21:30:00,1683043200,0.89312,0.89363,0.8924,0.89276,3735,0,0
2023-05-02T20:00:00+00:00,2023-05-03,01:30:00,1683057600,0.89276,0.89333,0.89233,0.8924,986,0,0
2023-05-03T00:00:00+00:00,2023-05-03,05:30:00,1683072000,0.8924,0.89275,0.89075,0.89079,2422,0,0
2023-05-03T04:00:00+00:00,2023-05-03,09:30:00,1683086400,0.89079,0.89161,0.88891,0.88946,4097,0,0
2023-05-03T08:00:00+00:00,2023-05-03,13:30:00,1683100800,0.88946,0.88952,0.88712,0.88877,5647,0,0
2023-05-03T12:00:00+00:00,2023-05-03,17:30:00,1683115200,0.88875,0.89078,0.88633,0.88717,10247,0,0
2023-05-03T16:00:00+00:00,2023-05-03,21:30:00,1683129600,0.88716,0.88774,0.88327,0.88546,14921,0,0
2023-05-03T20:00:00+00:00,2023-05-04,01:30:00,1683144000,0.88546,0.88607,0.88255,0.88345,2471,0,0
2023-05-04T00:00:00+00:00,2023-05-04,05:30:00,1683158400,0.88345,0.88351,0.88202,0.88304,3938,0,0
2023-05-04T04:00:00+00:00,2023-05-04,09:30:00,1683172800,0.88304,0.88658,0.88243,0.88615,6035,0,0
2023-05-04T08:00:00+00:00,2023-05-04,13:30:00,1683187200,0.88616,0.88825,0.88423,0.88489,7588,0,0
2023-05-04T12:00:00+00:00,2023-05-04,17:30:00,1683201600,0.88488,0.88913,0.88386,0.88613,22247,0,0
2023-05-04T16:00:00+00:00,2023-05-04,21:30:00,1683216000,0.88614,0.8862,0.88433,0.88583,5614,0,0
2023-05-04T20:00:00+00:00,2023-05-05,01:30:00,1683230400,0.88583,0.88594,0.88519,0.88547,1337,0,0
2023-05-05T00:00:00+00:00,2023-05-05,05:30:00,1683244800,0.88547,0.88569,0.88398,0.8841,2639,0,0
2023-05-05T04:00:00+00:00,2023-05-05,09:30:00,1683259200,0.8841,0.88938,0.88347,0.88938,5993,0,0
2023-05-05T08:00:00+00:00,2023-05-05,13:30:00,1683273600,0.88937,0.89315,0.88906,0.89234,6859,0,0
2023-05-05T12:00:00+00:00,2023-05-05,17:30:00,1683288000,0.89233,0.89737,0.89113,0.89136,15026,0,0
2023-05-05T16:00:00+00:00,2023-05-05,21:30:00,1683302400,0.89135,0.89169,0.89012,0.89058,3234,0,0
2023-05-05T20:00:00+00:00,2023-05-06,01:30:00,1683316800,0.89057,0.89087,0.89015,0.89064,851,0,0
2023-05-07T20:00:00+00:00,2023-05-08,01:30:00,1683489600,0.8903,0.89123,0.89003,0.89123,916,0,0
2023-05-08T00:00:00+00:00,2023-05-08,05:30:00,1683504000,0.89124,0.89126,0.88868,0.88883,2629,0,0
2023-05-08T04:00:00+00:00,2023-05-08,09:30:00,1683518400,0.88882,0.88961,0.88696,0.88729,3616,0,0
2023-05-08T08:00:00+00:00,2023-05-08,13:30:00,1683532800,0.88729,0.88986,0.88679,0.88928,5353,0,0
2023-05-08T12:00:00+00:00,2023-05-08,17:30:00,1683547200,0.88929,0.8902,0.88826,0.88945,6678,0,0
2023-05-08T16:00:00+00:00,2023-05-08,21:30:00,1683561600,0.88943,0.89006,0.88786,0.89,2592,0,0
2023-05-08T20:00:00+00:00,2023-05-09,01:30:00,1683576000,0.88998,0.89016,0.88905,0.88997,1075,0,0
2023-05-09T00:00:00+00:00,2023-05-09,05:30:00,1683590400,0.88998,0.89078,0.88958,0.88958,2701,0,0
2023-05-09T04:00:00+00:00,2023-05-09,09:30:00,1683604800,0.88956,0.89275,0.88885,0.89231,4711,0,0
2023-05-09T08:00:00+00:00,2023-05-09,13:30:00,1683619200,0.89231,0.89349,0.89118,0.89307,4952,0,0
2023-05-09T12:00:00+00:00,2023-05-09,17:30:00,1683633600,0.89308,0.89429,0.89108,0.89169,7202,0,0
2023-05-09T16:00:00+00:00,2023-05-09,21:30:00,1683648000,0.8917,0.89181,0.88965,0.89042,3666,0,0
2023-05-09T20:00:00+00:00,2023-05-10,01:30:00,1683662400,0.89043,0.89073,0.88983,0.89021,797,0,0
2023-05-10T00:00:00+00:00,2023-05-10,05:30:00,1683676800,0.89021,0.89021,0.88962,0.88968,1951,0,0
2023-05-10T04:00:00+00:00,2023-05-10,09:30:00,1683691200,0.88968,0.89069,0.88863,0.8897,4226,0,0
2023-05-10T08:00:00+00:00,2023-05-10,13:30:00,1683705600,0.8897,0.89207,0.88924,0.89195,5629,0,0
2023-05-10T12:00:00+00:00,2023-05-10,17:30:00,1683720000,0.89193,0.89274,0.88684,0.89111,15035,0,0
2023-05-10T16:00:00+00:00,2023-05-10,21:30:00,1683734400,0.89109,0.89125,0.88887,0.88927,3986,0,0
2023-05-10T20:00:00+00:00,2023-05-11,01:30:00,1683748800,0.88928,0.88976,0.88847,0.88938,691,0,0
2023-05-11T00:00:00+00:00,2023-05-11,05:30:00,1683763200,0.88939,0.89076,0.88867,0.89075,2507,0,0
2023-05-11T04:00:00+00:00,2023-05-11,09:30:00,1683777600,0.89075,0.89414,0.89017,0.89359,5495,0,0
2023-05-11T08:00:00+00:00,2023-05-11,13:30:00,1683792000,0.89359,0.89502,0.8923,0.89305,7734,0,0
2023-05-11T12:00:00+00:00,2023-05-11,17:30:00,1683806400,0.89304,0.8958,0.8914,0.89535,11634,0,0
2023-05-11T16:00:00+00:00,2023-05-11,21:30:00,1683820800,0.89535,0.89535,0.89379,0.89418,2825,0,0
2023-05-11T20:00:00+00:00,2023-05-12,01:30:00,1683835200,0.8942,0.89434,0.89378,0.89424,808,0,0
2023-05-12T00:00:00+00:00,2023-05-12,05:30:00,1683849600,0.89425,0.89425,0.89253,0.89277,2266,0,0
2023-05-12T04:00:00+00:00,2023-05-12,09:30:00,1683864000,0.89278,0.89296,0.88973,0.89238,4723,0,0
2023-05-12T08:00:00+00:00,2023-05-12,13:30:00,1683878400,0.89239,0.89502,0.89134,0.89457,5765,0,0
2023-05-12T12:00:00+00:00,2023-05-12,17:30:00,1683892800,0.89456,0.89753,0.89284,0.89716,9410,0,0
2023-05-12T16:00:00+00:00,2023-05-12,21:30:00,1683907200,0.89716,0.89858,0.89716,0.89842,3224,0,0
2023-05-12T20:00:00+00:00,2023-05-13,01:30:00,1683921600,0.89841,0.89878,0.89819,0.89843,559,0,0
2023-05-14T20:00:00+00:00,2023-05-15,01:30:00,1684094400,0.89707,0.89868,0.89686,0.89842,566,0,0
2023-05-15T00:00:00+00:00,2023-05-15,05:30:00,1684108800,0.89842,0.89878,0.89732,0.89774,2723,0,0
2023-05-15T04:00:00+00:00,2023-05-15,09:30:00,1684123200,0.89773,0.89813,0.89612,0.89669,3845,0,0
2023-05-15T08:00:00+00:00,2023-05-15,13:30:00,1684137600,0.8967,0.89765,0.89555,0.89604,4559,0,0
2023-05-15T12:00:00+00:00,2023-05-15,17:30:00,1684152000,0.89605,0.89651,0.89461,0.89494,7458,0,0
2023-05-15T16:00:00+00:00,2023-05-15,21:30:00,1684166400,0.89494,0.89511,0.89427,0.89511,2507,0,0
2023-05-15T20:00:00+00:00,2023-05-16,01:30:00,1684180800,0.89511,0.89563,0.89458,0.89551,934,0,0
2023-05-16T00:00:00+00:00,2023-05-16,05:30:00,1684195200,0.89551,0.89572,0.89484,0.89494,2032,0,0
2023-05-16T04:00:00+00:00,2023-05-16,09:30:00,1684209600,0.89496,0.89625,0.89294,0.89294,4110,0,0
2023-05-16T08:00:00+00:00,2023-05-16,13:30:00,1684224000,0.89293,0.894,0.89201,0.89389,4279,0,0
2023-05-16T12:00:00+00:00,2023-05-16,17:30:00,1684238400,0.89387,0.89706,0.89347,0.89649,10404,0,0
2023-05-16T16:00:00+00:00,2023-05-16,21:30:00,1684252800,0.89649,0.89659,0.89559,0.89635,3119,0,0
2023-05-16T20:00:00+00:00,2023-05-17,01:30:00,1684267200,0.89637,0.89664,0.89559,0.89637,1087,0,0
2023-05-17T00:00:00+00:00,2023-05-17,05:30:00,1684281600,0.89638,0.89649,0.89493,0.89572,2447,0,0
2023-05-17T04:00:00+00:00,2023-05-17,09:30:00,1684296000,0.89571,0.89886,0.89566,0.89835,4249,0,0
2023-05-17T08:00:00+00:00,2023-05-17,13:30:00,1684310400,0.89832,0.90077,0.89785,0.89999,6333,0,0
2023-05-17T12:00:00+00:00,2023-05-17,17:30:00,1684324800,0.89998,0.90255,0.89834,0.89926,9937,0,0
2023-05-17T16:00:00+00:00,2023-05-17,21:30:00,1684339200,0.89928,0.89929,0.89783,0.89826,3224,0,0
2023-05-17T20:00:00+00:00,2023-05-18,01:30:00,1684353600,0.89827,0.89877,0.89792,0.89863,818,0,0
2023-05-18T00:00:00+00:00,2023-05-18,05:30:00,1684368000,0.89864,0.89893,0.89805,0.89843,2340,0,0
2023-05-18T04:00:00+00:00,2023-05-18,09:30:00,1684382400,0.89842,0.90108,0.89837,0.90042,3602,0,0
2023-05-18T08:00:00+00:00,2023-05-18,13:30:00,1684396800,0.90043,0.90107,0.89987,0.90017,5024,0,0
2023-05-18T12:00:00+00:00,2023-05-18,17:30:00,1684411200,0.90016,0.90626,0.89997,0.90463,8596,0,0
2023-05-18T16:00:00+00:00,2023-05-18,21:30:00,1684425600,0.90462,0.90573,0.90416,0.90493,2826,0,0
2023-05-18T20:00:00+00:00,2023-05-19,01:30:00,1684440000,0.90494,0.9052,0.9045,0.90491,1303,0,0
2023-05-19T00:00:00+00:00,2023-05-19,05:30:00,1684454400,0.90491,0.90588,0.90423,0.90485,3107,0,0
2023-05-19T04:00:00+00:00,2023-05-19,09:30:00,1684468800,0.90485,0.90523,0.90198,0.90293,4261,0,0
2023-05-19T08:00:00+00:00,2023-05-19,13:30:00,1684483200,0.90294,0.90364,0.90115,0.90116,5290,0,0
2023-05-19T12:00:00+00:00,2023-05-19,17:30:00,1684497600,0.90115,0.90314,0.8975,0.89889,11275,0,0
2023-05-19T16:00:00+00:00,2023-05-19,21:30:00,1684512000,0.89889,0.9005,0.89807,0.89976,4177,0,0
2023-05-19T20:00:00+00:00,2023-05-20,01:30:00,1684526400,0.89978,0.90014,0.8993,0.89946,660,0,0
2023-05-21T20:00:00+00:00,2023-05-22,01:30:00,1684699200,0.89867,0.89896,0.89808,0.89828,641,0,0
2023-05-22T00:00:00+00:00,2023-05-22,05:30:00,1684713600,0.89829,0.89864,0.89702,0.89791,3579,0,0
2023-05-22T04:00:00+00:00,2023-05-22,09:30:00,1684728000,0.8979,0.8997,0.89728,0.89746,4453,0,0
2023-05-22T08:00:00+00:00,2023-05-22,13:30:00,1684742400,0.89745,0.89787,0.8941,0.89616,6386,0,0
2023-05-22T12:00:00+00:00,2023-05-22,17:30:00,1684756800,0.89615,0.8994,0.89558,0.89916,9836,0,0
2023-05-22T16:00:00+00:00,2023-05-22,21:30:00,1684771200,0.89916,0.89925,0.89693,0.89804,4233,0,0
2023-05-22T20:00:00+00:00,2023-05-23,01:30:00,1684785600,0.89805,0.89859,0.89735,0.89834,1044,0,0
2023-05-23T00:00:00+00:00,2023-05-23,05:30:00,1684800000,0.89834,0.89913,0.89755,0.89842,2984,0,0
2023-05-23T04:00:00+00:00,2023-05-23,09:30:00,1684814400,0.89842,0.90022,0.89792,0.89946,5413,0,0
2023-05-23T08:00:00+00:00,2023-05-23,13:30:00,1684828800,0.89948,0.90191,0.89904,0.90148,6497,0,0
2023-05-23T12:00:00+00:00,2023-05-23,17:30:00,1684843200,0.90147,0.90293,0.89857,0.90141,10949,0,0
2023-05-23T16:00:00+00:00,2023-05-23,21:30:00,1684857600,0.90142,0.90224,0.90113,0.902,3439,0,0
2023-05-23T20:00:00+00:00,2023-05-24,01:30:00,1684872000,0.902,0.90201,0.90083,0.90149,791,0,0
2023-05-24T00:00:00+00:00,2023-05-24,05:30:00,1684886400,0.90149,0.90155,0.90067,0.90089,2570,0,0
2023-05-24T04:00:00+00:00,2023-05-24,09:30:00,1684900800,0.9009,0.90233,0.90053,0.90124,5049,0,0
2023-05-24T08:00:00+00:00,2023-05-24,13:30:00,1684915200,0.90124,0.90373,0.90062,0.90234,6805,0,0
2023-05-24T12:00:00+00:00,2023-05-24,17:30:00,1684929600,0.90234,0.90606,0.90168,0.90592,9757,0,0
2023-05-24T16:00:00+00:00,2023-05-24,21:30:00,1684944000,0.9059,0.9067,0.9038,0.90502,5644,0,0
2023-05-24T20:00:00+00:00,2023-05-25,01:30:00,1684958400,0.905,0.90519,0.90412,0.90436,1196,0,0
2023-05-25T00:00:00+00:00,2023-05-25,05:30:00,1684972800,0.90436,0.90646,0.90395,0.90633,3083,0,0
2023-05-25T04:00:00+00:00,2023-05-25,09:30:00,1684987200,0.90633,0.90684,0.90506,0.90517,4327,0,0
2023-05-25T08:00:00+00:00,2023-05-25,13:30:00,1685001600,0.90515,0.9064,0.90457,0.90496,4636,0,0
2023-05-25T12:00:00+00:00,2023-05-25,17:30:00,1685016000,0.90495,0.90697,0.90377,0.90599,11904,0,0
2023-05-25T16:00:00+00:00,2023-05-25,21:30:00,1685030400,0.906,0.90734,0.90585,0.90609,3532,0,0
2023-05-25T20:00:00+00:00,2023-05-26,01:30:00,1685044800,0.90611,0.90632,0.905,0.90512,1100,0,0
2023-05-26T00:00:00+00:00,2023-05-26,05:30:00,1685059200,0.90512,0.90571,0.90435,0.90469,2671,0,0
2023-05-26T04:00:00+00:00,2023-05-26,09:30:00,1685073600,0.90469,0.90546,0.90187,0.90287,4841,0,0
2023-05-26T08:00:00+00:00,2023-05-26,13:30:00,1685088000,0.90289,0.90447,0.90206,0.90255,5821,0,0
2023-05-26T12:00:00+00:00,2023-05-26,17:30:00,1685102400,0.90254,0.90745,0.90217,0.906,11915,0,0
2023-05-26T16:00:00+00:00,2023-05-26,21:30:00,1685116800,0.90601,0.90601,0.90461,0.90494,2914,0,0
2023-05-26T20:00:00+00:00,2023-05-27,01:30:00,1685131200,0.90495,0.90529,0.90479,0.90501,437,0,0
2023-05-28T20:00:00+00:00,2023-05-29,01:30:00,1685304000,0.90511,0.9059,0.90463,0.9059,849,0,0
2023-05-29T00:00:00+00:00,2023-05-29,05:30:00,1685318400,0.90589,0.90621,0.90505,0.90525,1958,0,0
2023-05-29T04:00:00+00:00,2023-05-29,09:30:00,1685332800,0.90525,0.90529,0.90405,0.90437,2857,0,0
2023-05-29T08:00:00+00:00,2023-05-29,13:30:00,1685347200,0.90436,0.90525,0.90276,0.9036,3802,0,0
2023-05-29T12:00:00+00:00,2023-05-29,17:30:00,1685361600,0.9036,0.9043,0.90323,0.9036,2611,0,0
2023-05-29T16:00:00+00:00,2023-05-29,21:30:00,1685376000,0.9036,0.90454,0.90352,0.9043,1433,0,0
2023-05-29T20:00:00+00:00,2023-05-30,01:30:00,1685390400,0.90429,0.90468,0.9034,0.90455,837,0,0
2023-05-30T00:00:00+00:00,2023-05-30,05:30:00,1685404800,0.90457,0.90476,0.90314,0.90416,3391,0,0
2023-05-30T04:00:00+00:00,2023-05-30,09:30:00,1685419200,0.90416,0.90844,0.90402,0.90643,6267,0,0
2023-05-30T08:00:00+00:00,2023-05-30,13:30:00,1685433600,0.90644,0.90664,0.90143,0.90221,8437,0,0
2023-05-30T12:00:00+00:00,2023-05-30,17:30:00,1685448000,0.90221,0.90508,0.90176,0.90492,8853,0,0
2023-05-30T16:00:00+00:00,2023-05-30,21:30:00,1685462400,0.90491,0.90695,0.90462,0.90576,3064,0,0
2023-05-30T20:00:00+00:00,2023-05-31,01:30:00,1685476800,0.90576,0.90634,0.9054,0.90611,1207,0,0
2023-05-31T00:00:00+00:00,2023-05-31,05:30:00,1685491200,0.90611,0.90823,0.90558,0.90814,3235,0,0
2023-05-31T04:00:00+00:00,2023-05-31,09:30:00,1685505600,0.90813,0.91177,0.9077,0.91161,5420,0,0
2023-05-31T08:00:00+00:00,2023-05-31,13:30:00,1685520000,0.91161,0.91191,0.90988,0.91012,5665,0,0
2023-05-31T12:00:00+00:00,2023-05-31,17:30:00,1685534400,0.91011,0.91452,0.90964,0.91297,11312,0,0
2023-05-31T16:00:00+00:00,2023-05-31,21:30:00,1685548800,0.91298,0.91476,0.91039,0.91087,5448,0,0
2023-05-31T20:00:00+00:00,2023-06-01,01:30:00,1685563200,0.91086,0.91092,0.90994,0.91001,1255,0,0
2023-06-01T00:00:00+00:00,2023-06-01,05:30:00,1685577600,0.91001,0.9112,0.90997,0.91093,2925,0,0
2023-06-01T04:00:00+00:00,2023-06-01,09:30:00,1685592000,0.91093,0.9114,0.91019,0.9109,4668,0,0
2023-06-01T08:00:00+00:00,2023-06-01,13:30:00,1685606400,0.91091,0.91111,0.90751,0.90805,5377,0,0
2023-06-01T12:00:00+00:00,2023-06-01,17:30:00,1685620800,0.90806,0.91122,0.90713,0.90777,12499,0,0
2023-06-01T16:00:00+00:00,2023-06-01,21:30:00,1685635200,0.90776,0.90776,0.90541,0.90612,3341,0,0
2023-06-01T20:00:00+00:00,2023-06-02,01:30:00,1685649600,0.90611,0.90654,0.90521,0.90563,1271,0,0
2023-06-02T00:00:00+00:00,2023-06-02,05:30:00,1685664000,0.90564,0.90581,0.90424,0.90439,2541,0,0
2023-06-02T04:00:00+00:00,2023-06-02,09:30:00,1685678400,0.90439,0.90521,0.90349,0.90516,4515,0,0
2023-06-02T08:00:00+00:00,2023-06-02,13:30:00,1685692800,0.90515,0.90697,0.90388,0.90686,5141,0,0
2023-06-02T12:00:00+00:00,2023-06-02,17:30:00,1685707200,0.90685,0.90887,0.90475,0.90757,13067,0,0
2023-06-02T16:00:00+00:00,2023-06-02,21:30:00,1685721600,0.90756,0.9092,0.90755,0.909,3455,0,0
2023-06-02T20:00:00+00:00,2023-06-03,01:30:00,1685736000,0.909,0.90916,0.90879,0.90884,541,0,0
2023-06-04T20:00:00+00:00,2023-06-05,01:30:00,1685908800,0.90801,0.90998,0.90787,0.90983,711,0,0
2023-06-05T00:00:00+00:00,2023-06-05,05:30:00,1685923200,0.90984,0.91057,0.90953,0.90959,2953,0,0
2023-06-05T04:00:00+00:00,2023-06-05,09:30:00,1685937600,0.90959,0.91196,0.90951,0.91089,5521,0,0
2023-06-05T08:00:00+00:00,2023-06-05,13:30:00,1685952000,0.91087,0.91181,0.90973,0.91067,5628,0,0
2023-06-05T12:00:00+00:00,2023-06-05,17:30:00,1685966400,0.91065,0.91196,0.90525,0.90582,9554,0,0
2023-06-05T16:00:00+00:00,2023-06-05,21:30:00,1685980800,0.90581,0.90623,0.90525,0.90595,2988,0,0
2023-06-05T20:00:00+00:00,2023-06-06,01:30:00,1685995200,0.90593,0.90646,0.9053,0.90606,1136,0,0
2023-06-06T00:00:00+00:00,2023-06-06,05:30:00,1686009600,0.90606,0.90622,0.90505,0.90569,1824,0,0
2023-06-06T04:00:00+00:00,2023-06-06,09:30:00,1686024000,0.90569,0.9066,0.90333,0.90595,6796,0,0
2023-06-06T08:00:00+00:00,2023-06-06,13:30:00,1686038400,0.90593,0.90848,0.90565,0.90825,6608,0,0
2023-06-06T12:00:00+00:00,2023-06-06,17:30:00,1686052800,0.90827,0.90982,0.90749,0.90768,7424,0,0
2023-06-06T16:00:00+00:00,2023-06-06,21:30:00,1686067200,0.90767,0.90797,0.90723,0.90787,2342,0,0
2023-06-06T20:00:00+00:00,2023-06-07,01:30:00,1686081600,0.90787,0.90787,0.90709,0.90712,682,0,0
2023-06-07T00:00:00+00:00,2023-06-07,05:30:00,1686096000,0.90712,0.90769,0.90631,0.90682,2588,0,0
2023-06-07T04:00:00+00:00,2023-06-07,09:30:00,1686110400,0.90684,0.90875,0.9067,0.90772,3953,0,0
2023-06-07T08:00:00+00:00,2023-06-07,13:30:00,1686124800,0.90772,0.90826,0.90517,0.90556,5494,0,0
2023-06-07T12:00:00+00:00,2023-06-07,17:30:00,1686139200,0.90558,0.90948,0.90435,0.90895,9242,0,0
2023-06-07T16:00:00+00:00,2023-06-07,21:30:00,1686153600,0.90896,0.91071,0.9086,0.9107,3165,0,0
2023-06-07T20:00:00+00:00,2023-06-08,01:30:00,1686168000,0.9107,0.91071,0.90909,0.9096,1093,0,0
2023-06-08T00:00:00+00:00,2023-06-08,05:30:00,1686182400,0.90961,0.90963,0.90898,0.90951,1984,0,0
2023-06-08T04:00:00+00:00,2023-06-08,09:30:00,1686196800,0.90951,0.91077,0.90861,0.90929,3895,0,0
2023-06-08T08:00:00+00:00,2023-06-08,13:30:00,1686211200,0.90928,0.91005,0.90812,0.909,5007,0,0
2023-06-08T12:00:00+00:00,2023-06-08,17:30:00,1686225600,0.90898,0.90899,0.89973,0.9004,14355,0,0
2023-06-08T16:00:00+00:00,2023-06-08,21:30:00,1686240000,0.90039,0.90071,0.89898,0.89939,3742,0,0
2023-06-08T20:00:00+00:00,2023-06-09,01:30:00,1686254400,0.8994,0.89947,0.89839,0.89897,833,0,0
2023-06-09T00:00:00+00:00,2023-06-09,05:30:00,1686268800,0.89898,0.89953,0.89879,0.89941,2176,0,0
2023-06-09T04:00:00+00:00,2023-06-09,09:30:00,1686283200,0.89941,0.90041,0.89847,0.89961,4299,0,0
2023-06-09T08:00:00+00:00,2023-06-09,13:30:00,1686297600,0.89963,0.90247,0.8996,0.90153,5790,0,0
2023-06-09T12:00:00+00:00,2023-06-09,17:30:00,1686312000,0.90152,0.90282,0.89988,0.90267,8792,0,0
2023-06-09T16:00:00+00:00,2023-06-09,21:30:00,1686326400,0.90268,0.90394,0.90244,0.90377,2396,0,0
2023-06-09T20:00:00+00:00,2023-06-10,01:30:00,1686340800,0.90376,0.90379,0.90295,0.90323,644,0,0
2023-06-11T20:00:00+00:00,2023-06-12,01:30:00,1686513600,0.90335,0.90394,0.90249,0.90335,1101,0,0
2023-06-12T00:00:00+00:00,2023-06-12,05:30:00,1686528000,0.90335,0.90457,0.90322,0.90394,3297,0,0
2023-06-12T04:00:00+00:00,2023-06-12,09:30:00,1686542400,0.90395,0.90449,0.90179,0.90242,4904,0,0
2023-06-12T08:00:00+00:00,2023-06-12,13:30:00,1686556800,0.90242,0.90594,0.90157,0.90577,7631,0,0
2023-06-12T12:00:00+00:00,2023-06-12,17:30:00,1686571200,0.90577,0.91018,0.90498,0.90992,9716,0,0
2023-06-12T16:00:00+00:00,2023-06-12,21:30:00,1686585600,0.90991,0.91093,0.90852,0.90861,4737,0,0
2023-06-12T20:00:00+00:00,2023-06-13,01:30:00,1686600000,0.90861,0.90889,0.90822,0.9086,1346,0,0
2023-06-13T00:00:00+00:00,2023-06-13,05:30:00,1686614400,0.9086,0.90896,0.90715,0.90719,2997,0,0
2023-06-13T04:00:00+00:00,2023-06-13,09:30:00,1686628800,0.90719,0.90753,0.90357,0.90442,6458,0,0
2023-06-13T08:00:00+00:00,2023-06-13,13:30:00,1686643200,0.90443,0.90672,0.90443,0.90626,6612,0,0
2023-06-13T12:00:00+00:00,2023-06-13,17:30:00,1686657600,0.90626,0.90735,0.9032,0.90537,15749,0,0
2023-06-13T16:00:00+00:00,2023-06-13,21:30:00,1686672000,0.90537,0.90626,0.90322,0.90536,5493,0,0
2023-06-13T20:00:00+00:00,2023-06-14,01:30:00,1686686400,0.90536,0.90557,0.90466,0.90527,1555,0,0
2023-06-14T00:00:00+00:00,2023-06-14,05:30:00,1686700800,0.90527,0.90569,0.90436,0.90479,2595,0,0
2023-06-14T04:00:00+00:00,2023-06-14,09:30:00,1686715200,0.90479,0.90604,0.90377,0.90439,4356,0,0
2023-06-14T08:00:00+00:00,2023-06-14,13:30:00,1686729600,0.90439,0.90501,0.90223,0.90259,4934,0,0
2023-06-14T12:00:00+00:00,2023-06-14,17:30:00,1686744000,0.90258,0.90263,0.89697,0.8973,8369,0,0
2023-06-14T16:00:00+00:00,2023-06-14,21:30:00,1686758400,0.8973,0.90297,0.89656,0.90157,13455,0,0
2023-06-14T20:00:00+00:00,2023-06-15,01:30:00,1686772800,0.90158,0.90178,0.90024,0.90024,1798,0,0
2023-06-15T00:00:00+00:00,2023-06-15,05:30:00,1686787200,0.90024,0.90356,0.90005,0.90339,3419,0,0
2023-06-15T04:00:00+00:00,2023-06-15,09:30:00,1686801600,0.90338,0.90562,0.90293,0.90371,5327,0,0
2023-06-15T08:00:00+00:00,2023-06-15,13:30:00,1686816000,0.90372,0.90403,0.90013,0.90225,6178,0,0
2023-06-15T12:00:00+00:00,2023-06-15,17:30:00,1686830400,0.90225,0.90231,0.89277,0.89277,13807,0,0
2023-06-15T16:00:00+00:00,2023-06-15,21:30:00,1686844800,0.89278,0.89278,0.89075,0.89122,4118,0,0
2023-06-15T20:00:00+00:00,2023-06-16,01:30:00,1686859200,0.89122,0.89184,0.89109,0.89183,1727,0,0
2023-06-16T00:00:00+00:00,2023-06-16,05:30:00,1686873600,0.89183,0.89243,0.89134,0.89225,4187,0,0
2023-06-16T04:00:00+00:00,2023-06-16,09:30:00,1686888000,0.89225,0.89236,0.89044,0.89075,6169,0,0
2023-06-16T08:00:00+00:00,2023-06-16,13:30:00,1686902400,0.89076,0.8926,0.89018,0.89136,7385,0,0
2023-06-16T12:00:00+00:00,2023-06-16,17:30:00,1686916800,0.89136,0.89494,0.89057,0.89437,11347,0,0
2023-06-16T16:00:00+00:00,2023-06-16,21:30:00,1686931200,0.89437,0.89475,0.89294,0.89466,4627,0,0
2023-06-16T20:00:00+00:00,2023-06-17,01:30:00,1686945600,0.89467,0.89467,0.89376,0.89394,1005,0,0
2023-06-18T20:00:00+00:00,2023-06-19,01:30:00,1687118400,0.89396,0.8947,0.89338,0.89455,1985,0,0
2023-06-19T00:00:00+00:00,2023-06-19,05:30:00,1687132800,0.89456,0.89462,0.89384,0.89441,3434,0,0
2023-06-19T04:00:00+00:00,2023-06-19,09:30:00,1687147200,0.89441,0.89501,0.8935,0.89388,5691,0,0
2023-06-19T08:00:00+00:00,2023-06-19,13:30:00,1687161600,0.89389,0.89702,0.89335,0.89434,7118,0,0
2023-06-19T12:00:00+00:00,2023-06-19,17:30:00,1687176000,0.89434,0.89751,0.89421,0.8961,7195,0,0
2023-06-19T16:00:00+00:00,2023-06-19,21:30:00,1687190400,0.8961,0.89639,0.89578,0.89628,2213,0,0
2023-06-19T20:00:00+00:00,2023-06-20,01:30:00,1687204800,0.89629,0.89629,0.89506,0.89592,1621,0,0
2023-06-20T00:00:00+00:00,2023-06-20,05:30:00,1687219200,0.89592,0.89677,0.89564,0.8966,4345,0,0
2023-06-20T04:00:00+00:00,2023-06-20,09:30:00,1687233600,0.8966,0.89865,0.8954,0.89565,7004,0,0
2023-06-20T08:00:00+00:00,2023-06-20,13:30:00,1687248000,0.89566,0.89794,0.8956,0.8973,7570,0,0
2023-06-20T12:00:00+00:00,2023-06-20,17:30:00,1687262400,0.8973,0.90012,0.89657,0.89937,11504,0,0
2023-06-20T16:00:00+00:00,2023-06-20,21:30:00,1687276800,0.89938,0.89965,0.89781,0.89816,5082,0,0
2023-06-20T20:00:00+00:00,2023-06-21,01:30:00,1687291200,0.89814,0.89824,0.89734,0.89774,1639,0,0
2023-06-21T00:00:00+00:00,2023-06-21,05:30:00,1687305600,0.89774,0.89894,0.89772,0.89869,3987,0,0
2023-06-21T04:00:00+00:00,2023-06-21,09:30:00,1687320000,0.89869,0.89947,0.89813,0.89905,7314,0,0
2023-06-21T08:00:00+00:00,2023-06-21,13:30:00,1687334400,0.89907,0.89935,0.89667,0.89732,8148,0,0
2023-06-21T12:00:00+00:00,2023-06-21,17:30:00,1687348800,0.89735,0.89979,0.89405,0.89509,12661,0,0
2023-06-21T16:00:00+00:00,2023-06-21,21:30:00,1687363200,0.89511,0.8955,0.89199,0.8929,6264,0,0
2023-06-21T20:00:00+00:00,2023-06-22,01:30:00,1687377600,0.89293,0.8932,0.89214,0.89255,1579,0,0
2023-06-22T00:00:00+00:00,2023-06-22,05:30:00,1687392000,0.89255,0.89266,0.89197,0.89217,3337,0,0
2023-06-22T04:00:00+00:00,2023-06-22,09:30:00,1687406400,0.89216,0.89544,0.8907,0.89306,8509,0,0
2023-06-22T08:00:00+00:00,2023-06-22,13:30:00,1687420800,0.89305,0.89506,0.89218,0.89416,10013,0,0
2023-06-22T12:00:00+00:00,2023-06-22,17:30:00,1687435200,0.89418,0.89704,0.8928,0.8967,12832,0,0
2023-06-22T16:00:00+00:00,2023-06-22,21:30:00,1687449600,0.89672,0.89729,0.89484,0.89488,5658,0,0
2023-06-22T20:00:00+00:00,2023-06-23,01:30:00,1687464000,0.89487,0.89542,0.8943,0.895,2725,0,0
2023-06-23T00:00:00+00:00,2023-06-23,05:30:00,1687478400,0.895,0.89716,0.89494,0.89705,4646,0,0
2023-06-23T04:00:00+00:00,2023-06-23,09:30:00,1687492800,0.89705,0.90133,0.89692,0.89998,8703,0,0
2023-06-23T08:00:00+00:00,2023-06-23,13:30:00,1687507200,0.89998,0.90104,0.89813,0.89851,9095,0,0
2023-06-23T12:00:00+00:00,2023-06-23,17:30:00,1687521600,0.89851,0.89859,0.89457,0.89799,13085,0,0
2023-06-23T16:00:00+00:00,2023-06-23,21:30:00,1687536000,0.89801,0.89829,0.89674,0.89692,5015,0,0
2023-06-23T20:00:00+00:00,2023-06-24,01:30:00,1687550400,0.89692,0.8973,0.89662,0.89702,981,0,0
2023-06-25T20:00:00+00:00,2023-06-26,01:30:00,1687723200,0.89615,0.89646,0.89552,0.89583,1652,0,0
2023-06-26T00:00:00+00:00,2023-06-26,05:30:00,1687737600,0.89583,0.89661,0.89514,0.89581,4527,0,0
2023-06-26T04:00:00+00:00,2023-06-26,09:30:00,1687752000,0.89581,0.89684,0.89472,0.89522,5886,0,0
2023-06-26T08:00:00+00:00,2023-06-26,13:30:00,1687766400,0.89522,0.89571,0.8912,0.8917,7127,0,0
2023-06-26T12:00:00+00:00,2023-06-26,17:30:00,1687780800,0.89171,0.89544,0.89163,0.89471,8421,0,0
2023-06-26T16:00:00+00:00,2023-06-26,21:30:00,1687795200,0.89471,0.89571,0.89461,0.89547,3815,0,0
2023-06-26T20:00:00+00:00,2023-06-27,01:30:00,1687809600,0.89548,0.89593,0.89427,0.89575,13050,0,0
2023-06-27T00:00:00+00:00,2023-06-27,05:30:00,1687824000,0.8958,0.89657,0.89398,0.89479,33941,0,0
2023-06-27T04:00:00+00:00,2023-06-27,09:30:00,1687838400,0.89483,0.89604,0.89377,0.89435,36783,0,0
2023-06-27T08:00:00+00:00,2023-06-27,13:30:00,1687852800,0.8944,0.89562,0.89375,0.89465,39536,0,0
2023-06-27T12:00:00+00:00,2023-06-27,17:30:00,1687867200,0.89468,0.89705,0.89238,0.89417,53805,0,0
2023-06-27T16:00:00+00:00,2023-06-27,21:30:00,1687881600,0.89419,0.89436,0.89293,0.89324,32009,0,0
2023-06-27T20:00:00+00:00,2023-06-28,01:30:00,1687896000,0.89327,0.89383,0.89298,0.89375,22492,0,0
2023-06-28T00:00:00+00:00,2023-06-28,05:30:00,1687910400,0.8938,0.89486,0.89319,0.89414,34918,0,0
2023-06-28T04:00:00+00:00,2023-06-28,09:30:00,1687924800,0.89418,0.89532,0.89374,0.89508,35101,0,0
2023-06-28T08:00:00+00:00,2023-06-28,13:30:00,1687939200,0.89512,0.8973,0.89433,0.89721,39332,0,0
2023-06-28T12:00:00+00:00,2023-06-28,17:30:00,1687953600,0.89724,0.89871,0.89591,0.89749,53008,0,0
2023-06-28T16:00:00+00:00,2023-06-28,21:30:00,1687968000,0.89753,0.89761,0.8957,0.89674,34815,0,0
2023-06-28T20:00:00+00:00,2023-06-29,01:30:00,1687982400,0.89677,0.8971,0.89589,0.89673,21109,0,0
2023-06-29T00:00:00+00:00,2023-06-29,05:30:00,1687996800,0.89677,0.89848,0.89653,0.8981,33218,0,0
2023-06-29T04:00:00+00:00,2023-06-29,09:30:00,1688011200,0.89815,0.899,0.89711,0.89742,36942,0,0
2023-06-29T08:00:00+00:00,2023-06-29,13:30:00,1688025600,0.89746,0.8977,0.8943,0.89445,38291,0,0
2023-06-29T12:00:00+00:00,2023-06-29,17:30:00,1688040000,0.89448,0.90019,0.89438,0.89844,57303,0,0
2023-06-29T16:00:00+00:00,2023-06-29,21:30:00,1688054400,0.89851,0.89998,0.89829,0.8997,34012,0,0
2023-06-29T20:00:00+00:00,2023-06-30,01:30:00,1688068800,0.89973,0.89977,0.89876,0.89917,21842,0,0
2023-06-30T00:00:00+00:00,2023-06-30,05:30:00,1688083200,0.89921,0.89959,0.89828,0.89845,33505,0,0
2023-06-30T04:00:00+00:00,2023-06-30,09:30:00,1688097600,0.89848,0.9,0.89805,0.89961,36285,0,0
2023-06-30T08:00:00+00:00,2023-06-30,13:30:00,1688112000,0.89964,0.90168,0.89959,0.90122,39137,0,0
2023-06-30T12:00:00+00:00,2023-06-30,17:30:00,1688126400,0.90123,0.90132,0.89352,0.89468,55952,0,0
2023-06-30T16:00:00+00:00,2023-06-30,21:30:00,1688140800,0.89471,0.89573,0.89412,0.89495,36453,0,0
2023-06-30T20:00:00+00:00,2023-07-01,01:30:00,1688155200,0.895,0.89528,0.89491,0.89517,6427,0,0
2023-07-02T20:00:00+00:00,2023-07-03,01:30:00,1688328000,0.89435,0.89533,0.89417,0.89526,1071,0,0
2023-07-03T00:00:00+00:00,2023-07-03,05:30:00,1688342400,0.89526,0.89574,0.89493,0.89501,3090,0,0
2023-07-03T04:00:00+00:00,2023-07-03,09:30:00,1688356800,0.89501,0.89912,0.89411,0.89898,6215,0,0
2023-07-03T08:00:00+00:00,2023-07-03,13:30:00,1688371200,0.89898,0.90043,0.89822,0.89906,6732,0,0
2023-07-03T12:00:00+00:00,2023-07-03,17:30:00,1688385600,0.89906,0.89973,0.89527,0.8957,10893,0,0
2023-07-03T16:00:00+00:00,2023-07-03,21:30:00,1688400000,0.8957,0.8967,0.89542,0.89658,2755,0,0
2023-07-03T20:00:00+00:00,2023-07-04,01:30:00,1688414400,0.89659,0.89659,0.89582,0.89594,1915,0,0
2023-07-04T00:00:00+00:00,2023-07-04,05:30:00,1688428800,0.89595,0.8967,0.89572,0.8965,2929,0,0
2023-07-04T04:00:00+00:00,2023-07-04,09:30:00,1688443200,0.89651,0.89732,0.8952,0.89643,4621,0,0
2023-07-04T08:00:00+00:00,2023-07-04,13:30:00,1688457600,0.89643,0.89697,0.89459,0.89594,5376,0,0
2023-07-04T12:00:00+00:00,2023-07-04,17:30:00,1688472000,0.89594,0.89623,0.89501,0.89572,4681,0,0
2023-07-04T16:00:00+00:00,2023-07-04,21:30:00,1688486400,0.89572,0.89741,0.89568,0.89728,2854,0,0
2023-07-04T20:00:00+00:00,2023-07-05,01:30:00,1688500800,0.89727,0.89751,0.89621,0.89681,1310,0,0
2023-07-05T00:00:00+00:00,2023-07-05,05:30:00,1688515200,0.89681,0.89759,0.89626,0.89741,2896,0,0
2023-07-05T04:00:00+00:00,2023-07-05,09:30:00,1688529600,0.89742,0.8985,0.89623,0.89721,5655,0,0
2023-07-05T08:00:00+00:00,2023-07-05,13:30:00,1688544000,0.89721,0.89913,0.8972,0.89907,7479,0,0
2023-07-05T12:00:00+00:00,2023-07-05,17:30:00,1688558400,0.89907,0.89948,0.89624,0.89807,9304,0,0
2023-07-05T16:00:00+00:00,2023-07-05,21:30:00,1688572800,0.89807,0.89906,0.89778,0.89879,4861,0,0
2023-07-05T20:00:00+00:00,2023-07-06,01:30:00,1688587200,0.89878,0.89888,0.89803,0.89858,1773,0,0
2023-07-06T00:00:00+00:00,2023-07-06,05:30:00,1688601600,0.89858,0.89909,0.89796,0.89848,3676,0,0
2023-07-06T04:00:00+00:00,2023-07-06,09:30:00,1688616000,0.89848,0.89912,0.89659,0.89791,7070,0,0
2023-07-06T08:00:00+00:00,2023-07-06,13:30:00,1688630400,0.89791,0.8993,0.89512,0.89543,7398,0,0
2023-07-06T12:00:00+00:00,2023-07-06,17:30:00,1688644800,0.89543,0.89979,0.89511,0.8966,16958,0,0
2023-07-06T16:00:00+00:00,2023-07-06,21:30:00,1688659200,0.89661,0.89661,0.89555,0.89555,5567,0,0
2023-07-06T20:00:00+00:00,2023-07-07,01:30:00,1688673600,0.89555,0.89578,0.89492,0.89536,1978,0,0
2023-07-07T00:00:00+00:00,2023-07-07,05:30:00,1688688000,0.89537,0.89677,0.89525,0.8961,3162,0,0
2023-07-07T04:00:00+00:00,2023-07-07,09:30:00,1688702400,0.8961,0.89621,0.89489,0.89581,5544,0,0
2023-07-07T08:00:00+00:00,2023-07-07,13:30:00,1688716800,0.89581,0.89651,0.89491,0.8956,7143,0,0
2023-07-07T12:00:00+00:00,2023-07-07,17:30:00,1688731200,0.8956,0.89703,0.88878,0.88881,16239,0,0
2023-07-07T16:00:00+00:00,2023-07-07,21:30:00,1688745600,0.88881,0.88916,0.88758,0.88894,4258,0,0
2023-07-07T20:00:00+00:00,2023-07-08,01:30:00,1688760000,0.88896,0.88934,0.88878,0.88918,558,0,0
2023-07-09T20:00:00+00:00,2023-07-10,01:30:00,1688932800,0.88812,0.88964,0.88803,0.88902,1427,0,0
2023-07-10T00:00:00+00:00,2023-07-10,05:30:00,1688947200,0.88903,0.89074,0.8888,0.89057,4510,0,0
2023-07-10T04:00:00+00:00,2023-07-10,09:30:00,1688961600,0.89057,0.89159,0.88924,0.89054,5576,0,0
2023-07-10T08:00:00+00:00,2023-07-10,13:30:00,1688976000,0.89054,0.89058,0.88872,0.89035,5777,0,0
2023-07-10T12:00:00+00:00,2023-07-10,17:30:00,1688990400,0.89035,0.8918,0.88669,0.8869,9405,0,0
2023-07-10T16:00:00+00:00,2023-07-10,21:30:00,1689004800,0.88691,0.88744,0.88537,0.88566,3568,0,0
2023-07-10T20:00:00+00:00,2023-07-11,01:30:00,1689019200,0.88565,0.8862,0.88461,0.88521,1382,0,0
2023-07-11T00:00:00+00:00,2023-07-11,05:30:00,1689033600,0.88521,0.88531,0.88396,0.88431,3765,0,0
2023-07-11T04:00:00+00:00,2023-07-11,09:30:00,1689048000,0.88431,0.88486,0.88181,0.88241,6774,0,0
2023-07-11T08:00:00+00:00,2023-07-11,13:30:00,1689062400,0.88241,0.88274,0.88109,0.88197,6147,0,0
2023-07-11T12:00:00+00:00,2023-07-11,17:30:00,1689076800,0.88197,0.88373,0.88053,0.88059,7998,0,0
2023-07-11T16:00:00+00:00,2023-07-11,21:30:00,1689091200,0.88058,0.88067,0.87962,0.87974,3512,0,0
2023-07-11T20:00:00+00:00,2023-07-12,01:30:00,1689105600,0.87975,0.8798,0.87864,0.87881,1658,0,0
2023-07-12T00:00:00+00:00,2023-07-12,05:30:00,1689120000,0.8788,0.879,0.87749,0.87835,4835,0,0
2023-07-12T04:00:00+00:00,2023-07-12,09:30:00,1689134400,0.87835,0.87872,0.87643,0.87872,5610,0,0
2023-07-12T08:00:00+00:00,2023-07-12,13:30:00,1689148800,0.87873,0.87926,0.87786,0.8787,7307,0,0
2023-07-12T12:00:00+00:00,2023-07-12,17:30:00,1689163200,0.8787,0.8787,0.86594,0.86772,16841,0,0
2023-07-12T16:00:00+00:00,2023-07-12,21:30:00,1689177600,0.86772,0.86852,0.86678,0.86741,5399,0,0
2023-07-12T20:00:00+00:00,2023-07-13,01:30:00,1689192000,0.8674,0.86762,0.86652,0.86672,1468,0,0
2023-07-13T00:00:00+00:00,2023-07-13,05:30:00,1689206400,0.86673,0.86711,0.8655,0.86562,4065,0,0
2023-07-13T04:00:00+00:00,2023-07-13,09:30:00,1689220800,0.86561,0.86696,0.86279,0.86342,7310,0,0
2023-07-13T08:00:00+00:00,2023-07-13,13:30:00,1689235200,0.86342,0.86411,0.86158,0.86283,7657,0,0
2023-07-13T12:00:00+00:00,2023-07-13,17:30:00,1689249600,0.86283,0.86399,0.85874,0.85963,12621,0,0
2023-07-13T16:00:00+00:00,2023-07-13,21:30:00,1689264000,0.85963,0.85974,0.85827,0.85904,4933,0,0
2023-07-13T20:00:00+00:00,2023-07-14,01:30:00,1689278400,0.85904,0.85926,0.85807,0.85915,2102,0,0
2023-07-14T00:00:00+00:00,2023-07-14,05:30:00,1689292800,0.85915,0.85941,0.85701,0.85724,4721,0,0
2023-07-14T04:00:00+00:00,2023-07-14,09:30:00,1689307200,0.85724,0.85983,0.85724,0.85813,6463,0,0
2023-07-14T08:00:00+00:00,2023-07-14,13:30:00,1689321600,0.85813,0.85973,0.85661,0.8595,7688,0,0
2023-07-14T12:00:00+00:00,2023-07-14,17:30:00,1689336000,0.85951,0.86313,0.85912,0.8617,12239,0,0
2023-07-14T16:00:00+00:00,2023-07-14,21:30:00,1689350400,0.8617,0.86252,0.86117,0.86226,3687,0,0
2023-07-14T20:00:00+00:00,2023-07-15,01:30:00,1689364800,0.86227,0.86245,0.86181,0.86208,746,0,0
2023-07-16T20:00:00+00:00,2023-07-17,01:30:00,1689537600,0.86084,0.86257,0.86061,0.86204,1378,1,0
2023-07-17T00:00:00+00:00,2023-07-17,05:30:00,1689552000,0.86204,0.86235,0.86096,0.86134,3569,0,0
2023-07-17T04:00:00+00:00,2023-07-17,09:30:00,1689566400,0.86134,0.8615,0.85932,0.85933,5667,0,0
2023-07-17T08:00:00+00:00,2023-07-17,13:30:00,1689580800,0.85933,0.85962,0.85786,0.85934,6084,0,0
2023-07-17T12:00:00+00:00,2023-07-17,17:30:00,1689595200,0.85934,0.86305,0.85905,0.86028,9189,0,0
2023-07-17T16:00:00+00:00,2023-07-17,21:30:00,1689609600,0.86027,0.86081,0.85972,0.85994,3028,0,0
2023-07-17T20:00:00+00:00,2023-07-18,01:30:00,1689624000,0.85994,0.86069,0.8597,0.86037,1680,0,0
2023-07-18T00:00:00+00:00,2023-07-18,05:30:00,1689638400,0.86038,0.86073,0.85863,0.85872,4121,0,0
2023-07-18T04:00:00+00:00,2023-07-18,09:30:00,1689652800,0.85872,0.86047,0.85682,0.85754,6968,0,0
2023-07-18T08:00:00+00:00,2023-07-18,13:30:00,1689667200,0.85754,0.85971,0.85744,0.85766,7820,0,0
2023-07-18T12:00:00+00:00,2023-07-18,17:30:00,1689681600,0.85766,0.85982,0.85552,0.85822,17563,0,0
2023-07-18T16:00:00+00:00,2023-07-18,21:30:00,1689696000,0.85823,0.85966,0.85713,0.85777,4175,0,0
2023-07-18T20:00:00+00:00,2023-07-19,01:30:00,1689710400,0.85778,0.85794,0.85662,0.85777,1650,0,0
2023-07-19T00:00:00+00:00,2023-07-19,05:30:00,1689724800,0.85777,0.85842,0.85731,0.85803,4169,0,0
2023-07-19T04:00:00+00:00,2023-07-19,09:30:00,1689739200,0.85803,0.85995,0.85672,0.85859,8335,0,0
2023-07-19T08:00:00+00:00,2023-07-19,13:30:00,1689753600,0.85861,0.85943,0.85715,0.85843,7989,0,0
2023-07-19T12:00:00+00:00,2023-07-19,17:30:00,1689768000,0.85843,0.86135,0.85712,0.85983,11509,0,0
2023-07-19T16:00:00+00:00,2023-07-19,21:30:00,1689782400,0.85982,0.8602,0.85845,0.85872,4676,0,0
2023-07-19T20:00:00+00:00,2023-07-20,01:30:00,1689796800,0.85871,0.85872,0.85736,0.85797,1570,0,0
2023-07-20T00:00:00+00:00,2023-07-20,05:30:00,1689811200,0.85799,0.85822,0.8561,0.85618,5169,3,0
2023-07-20T04:00:00+00:00,2023-07-20,09:30:00,1689825600,0.8562,0.8588,0.85609,0.85849,7394,0,0
2023-07-20T08:00:00+00:00,2023-07-20,13:30:00,1689840000,0.85848,0.85913,0.85767,0.85904,8433,0,0
2023-07-20T12:00:00+00:00,2023-07-20,17:30:00,1689854400,0.85903,0.86735,0.85903,0.86719,12988,0,0
2023-07-20T16:00:00+00:00,2023-07-20,21:30:00,1689868800,0.8672,0.86842,0.86652,0.86656,4462,0,0
2023-07-20T20:00:00+00:00,2023-07-21,01:30:00,1689883200,0.86657,0.86695,0.86588,0.86628,1435,0,0
2023-07-21T00:00:00+00:00,2023-07-21,05:30:00,1689897600,0.86628,0.86667,0.86565,0.86628,4115,0,0
2023-07-21T04:00:00+00:00,2023-07-21,09:30:00,1689912000,0.86628,0.86726,0.86542,0.8665,6717,0,0
2023-07-21T08:00:00+00:00,2023-07-21,13:30:00,1689926400,0.86651,0.86694,0.86493,0.8663,9212,0,0
2023-07-21T12:00:00+00:00,2023-07-21,17:30:00,1689940800,0.8663,0.8664,0.8641,0.86585,10051,0,0
2023-07-21T16:00:00+00:00,2023-07-21,21:30:00,1689955200,0.86585,0.86624,0.86543,0.86613,2989,0,0
2023-07-21T20:00:00+00:00,2023-07-22,01:30:00,1689969600,0.86612,0.86612,0.86578,0.86584,699,0,0
2023-07-23T20:00:00+00:00,2023-07-24,01:30:00,1690142400,0.86552,0.86639,0.86514,0.86632,1181,1,0
2023-07-24T00:00:00+00:00,2023-07-24,05:30:00,1690156800,0.86633,0.86683,0.86564,0.86619,4052,0,0
2023-07-24T04:00:00+00:00,2023-07-24,09:30:00,1690171200,0.86621,0.86838,0.86486,0.8677,7684,0,0
2023-07-24T08:00:00+00:00,2023-07-24,13:30:00,1690185600,0.86771,0.86827,0.86376,0.86435,10016,0,0
2023-07-24T12:00:00+00:00,2023-07-24,17:30:00,1690200000,0.86435,0.86712,0.86393,0.86649,12072,0,0
2023-07-24T16:00:00+00:00,2023-07-24,21:30:00,1690214400,0.86649,0.86893,0.86636,0.86879,4801,0,0
2023-07-24T20:00:00+00:00,2023-07-25,01:30:00,1690228800,0.86879,0.87006,0.86878,0.86996,1843,0,0
2023-07-25T00:00:00+00:00,2023-07-25,05:30:00,1690243200,0.86997,0.86999,0.86852,0.86876,4271,0,0
2023-07-25T04:00:00+00:00,2023-07-25,09:30:00,1690257600,0.86876,0.86963,0.8676,0.86822,6139,0,0
2023-07-25T08:00:00+00:00,2023-07-25,13:30:00,1690272000,0.86822,0.86977,0.86767,0.86841,7716,0,0
2023-07-25T12:00:00+00:00,2023-07-25,17:30:00,1690286400,0.86841,0.86928,0.864,0.86442,7820,0,0
2023-07-25T16:00:00+00:00,2023-07-25,21:30:00,1690300800,0.86441,0.86567,0.86372,0.86453,3607,0,0
2023-07-25T20:00:00+00:00,2023-07-26,01:30:00,1690315200,0.86453,0.86467,0.86298,0.8646,1627,0,0
2023-07-26T00:00:00+00:00,2023-07-26,05:30:00,1690329600,0.8646,0.86564,0.86433,0.86459,3924,0,0
2023-07-26T04:00:00+00:00,2023-07-26,09:30:00,1690344000,0.86459,0.86518,0.86155,0.86171,6255,0,0
2023-07-26T08:00:00+00:00,2023-07-26,13:30:00,1690358400,0.86172,0.86329,0.86108,0.86279,7289,0,0
2023-07-26T12:00:00+00:00,2023-07-26,17:30:00,1690372800,0.86279,0.86399,0.86204,0.86253,9389,0,0
2023-07-26T16:00:00+00:00,2023-07-26,21:30:00,1690387200,0.86254,0.86405,0.85976,0.86003,13918,0,0
2023-07-26T20:00:00+00:00,2023-07-27,01:30:00,1690401600,0.86003,0.86178,0.86002,0.8616,1937,0,0
2023-07-27T00:00:00+00:00,2023-07-27,05:30:00,1690416000,0.8616,0.8616,0.85808,0.85943,4533,0,0
2023-07-27T04:00:00+00:00,2023-07-27,09:30:00,1690430400,0.85943,0.86126,0.85646,0.85684,7506,0,0
2023-07-27T08:00:00+00:00,2023-07-27,13:30:00,1690444800,0.85684,0.85722,0.85526,0.85707,8307,0,0
2023-07-27T12:00:00+00:00,2023-07-27,17:30:00,1690459200,0.85707,0.86948,0.85701,0.86868,21824,0,0
2023-07-27T16:00:00+00:00,2023-07-27,21:30:00,1690473600,0.86867,0.86987,0.86613,0.86979,10220,0,0
2023-07-27T20:00:00+00:00,2023-07-28,01:30:00,1690488000,0.86979,0.86984,0.8682,0.86889,2168,0,0
2023-07-28T00:00:00+00:00,2023-07-28,05:30:00,1690502400,0.8689,0.87005,0.86862,0.86951,9430,0,0
2023-07-28T04:00:00+00:00,2023-07-28,09:30:00,1690516800,0.86952,0.87367,0.86828,0.8729,16053,0,0
2023-07-28T08:00:00+00:00,2023-07-28,13:30:00,1690531200,0.87289,0.87349,0.86703,0.86793,10649,0,0
2023-07-28T12:00:00+00:00,2023-07-28,17:30:00,1690545600,0.86795,0.86974,0.8661,0.86873,16972,0,0
2023-07-28T16:00:00+00:00,2023-07-28,21:30:00,1690560000,0.86874,0.87012,0.86795,0.86935,6119,0,0
2023-07-28T20:00:00+00:00,2023-07-29,01:30:00,1690574400,0.86937,0.87076,0.86936,0.87048,876,0,0
2023-07-30T20:00:00+00:00,2023-07-31,01:30:00,1690747200,0.86939,0.87002,0.86882,0.86985,1405,1,0
2023-07-31T00:00:00+00:00,2023-07-31,05:30:00,1690761600,0.86985,0.8717,0.86971,0.87143,4865,0,0
2023-07-31T04:00:00+00:00,2023-07-31,09:30:00,1690776000,0.87143,0.87198,0.86918,0.87014,6890,0,0
2023-07-31T08:00:00+00:00,2023-07-31,13:30:00,1690790400,0.87014,0.8717,0.86947,0.87131,6841,0,0
2023-07-31T12:00:00+00:00,2023-07-31,17:30:00,1690804800,0.87131,0.87298,0.86656,0.8689,11321,0,0
2023-07-31T16:00:00+00:00,2023-07-31,21:30:00,1690819200,0.86889,0.87238,0.86869,0.8721,4413,0,0
2023-07-31T20:00:00+00:00,2023-08-01,01:30:00,1690833600,0.87211,0.87217,0.87077,0.87177,1918,0,0
2023-08-01T00:00:00+00:00,2023-08-01,05:30:00,1690848000,0.87177,0.87321,0.87125,0.87203,3487,0,0
2023-08-01T04:00:00+00:00,2023-08-01,09:30:00,1690862400,0.87203,0.87429,0.87129,0.87379,6068,0,0
2023-08-01T08:00:00+00:00,2023-08-01,13:30:00,1690876800,0.8738,0.87625,0.87379,0.87543,7036,0,0
2023-08-01T12:00:00+00:00,2023-08-01,17:30:00,1690891200,0.87542,0.87779,0.87427,0.87636,12429,0,0
2023-08-01T16:00:00+00:00,2023-08-01,21:30:00,1690905600,0.87633,0.87673,0.87487,0.87524,4087,0,0
2023-08-01T20:00:00+00:00,2023-08-02,01:30:00,1690920000,0.87526,0.87543,0.87196,0.87262,3073,0,0
2023-08-02T00:00:00+00:00,2023-08-02,05:30:00,1690934400,0.87263,0.87519,0.87263,0.87494,5697,0,0
2023-08-02T04:00:00+00:00,2023-08-02,09:30:00,1690948800,0.87494,0.87723,0.8739,0.87686,8870,0,0
2023-08-02T08:00:00+00:00,2023-08-02,13:30:00,1690963200,0.87689,0.87874,0.87629,0.8784,9984,0,0
2023-08-02T12:00:00+00:00,2023-08-02,17:30:00,1690977600,0.8784,0.88059,0.87723,0.878,13512,0,0
2023-08-02T16:00:00+00:00,2023-08-02,21:30:00,1690992000,0.87801,0.87834,0.87579,0.87784,4498,0,0
2023-08-02T20:00:00+00:00,2023-08-03,01:30:00,1691006400,0.87784,0.87804,0.87688,0.87744,1605,0,0
2023-08-03T00:00:00+00:00,2023-08-03,05:30:00,1691020800,0.87744,0.87814,0.87671,0.87773,4756,0,0
2023-08-03T04:00:00+00:00,2023-08-03,09:30:00,1691035200,0.87773,0.87987,0.87747,0.87846,10003,0,0
2023-08-03T08:00:00+00:00,2023-08-03,13:30:00,1691049600,0.87846,0.87849,0.8742,0.87619,11311,0,0
2023-08-03T12:00:00+00:00,2023-08-03,17:30:00,1691064000,0.8762,0.87737,0.87342,0.87428,16919,0,0
2023-08-03T16:00:00+00:00,2023-08-03,21:30:00,1691078400,0.87428,0.87558,0.87331,0.87503,5414,0,0
2023-08-03T20:00:00+00:00,2023-08-04,01:30:00,1691092800,0.87503,0.87504,0.87373,0.87434,2289,0,0
2023-08-04T00:00:00+00:00,2023-08-04,05:30:00,1691107200,0.87434,0.87466,0.87307,0.87433,4840,0,0
2023-08-04T04:00:00+00:00,2023-08-04,09:30:00,1691121600,0.87432,0.87714,0.87375,0.87684,6553,0,0
2023-08-04T08:00:00+00:00,2023-08-04,13:30:00,1691136000,0.87684,0.87826,0.87625,0.87752,6683,0,0
2023-08-04T12:00:00+00:00,2023-08-04,17:30:00,1691150400,0.87753,0.87772,0.86995,0.87131,17164,0,0
2023-08-04T16:00:00+00:00,2023-08-04,21:30:00,1691164800,0.87131,0.87345,0.87075,0.87314,4231,0,0
2023-08-04T20:00:00+00:00,2023-08-05,01:30:00,1691179200,0.87315,0.87328,0.87257,0.87283,870,0,0
2023-08-06T20:00:00+00:00,2023-08-07,01:30:00,1691352000,0.87197,0.87441,0.8719,0.87422,1512,0,0
2023-08-07T00:00:00+00:00,2023-08-07,05:30:00,1691366400,0.87422,0.87534,0.8735,0.87491,4280,0,0
2023-08-07T04:00:00+00:00,2023-08-07,09:30:00,1691380800,0.87491,0.87687,0.87386,0.87389,5819,0,0
2023-08-07T08:00:00+00:00,2023-08-07,13:30:00,1691395200,0.87389,0.87737,0.87381,0.87606,6307,0,0
2023-08-07T12:00:00+00:00,2023-08-07,17:30:00,1691409600,0.87606,0.87654,0.87338,0.87427,7988,0,0
2023-08-07T16:00:00+00:00,2023-08-07,21:30:00,1691424000,0.87426,0.87454,0.87282,0.87299,3213,0,0
2023-08-07T20:00:00+00:00,2023-08-08,01:30:00,1691438400,0.87298,0.87341,0.87231,0.87296,1339,0,0
2023-08-08T00:00:00+00:00,2023-08-08,05:30:00,1691452800,0.87298,0.87474,0.8728,0.87426,4663,0,0
2023-08-08T04:00:00+00:00,2023-08-08,09:30:00,1691467200,0.87426,0.87555,0.87202,0.87485,7036,0,0
2023-08-08T08:00:00+00:00,2023-08-08,13:30:00,1691481600,0.87484,0.87786,0.8734,0.87735,7974,0,0
2023-08-08T12:00:00+00:00,2023-08-08,17:30:00,1691496000,0.87735,0.8783,0.87545,0.87577,10554,0,0
2023-08-08T16:00:00+00:00,2023-08-08,21:30:00,1691510400,0.87577,0.87628,0.87504,0.87557,3446,0,0
2023-08-08T20:00:00+00:00,2023-08-09,01:30:00,1691524800,0.87557,0.87617,0.87492,0.87564,1683,0,0
2023-08-09T00:00:00+00:00,2023-08-09,05:30:00,1691539200,0.87565,0.87565,0.87433,0.87474,3863,0,0
2023-08-09T04:00:00+00:00,2023-08-09,09:30:00,1691553600,0.87474,0.875,0.87325,0.87355,5802,0,0
2023-08-09T08:00:00+00:00,2023-08-09,13:30:00,1691568000,0.87357,0.87742,0.87319,0.87737,6507,0,0
2023-08-09T12:00:00+00:00,2023-08-09,17:30:00,1691582400,0.87736,0.87828,0.87504,0.87705,9304,0,0
2023-08-09T16:00:00+00:00,2023-08-09,21:30:00,1691596800,0.87705,0.87754,0.87581,0.87739,4410,0,0
2023-08-09T20:00:00+00:00,2023-08-10,01:30:00,1691611200,0.87739,0.87741,0.87623,0.877,1274,0,0
2023-08-10T00:00:00+00:00,2023-08-10,05:30:00,1691625600,0.877,0.87768,0.8765,0.87691,2956,0,0
2023-08-10T04:00:00+00:00,2023-08-10,09:30:00,1691640000,0.87691,0.87715,0.87387,0.87399,6077,0,0
2023-08-10T08:00:00+00:00,2023-08-10,13:30:00,1691654400,0.87397,0.87406,0.87232,0.87304,6339,0,0
2023-08-10T12:00:00+00:00,2023-08-10,17:30:00,1691668800,0.87303,0.87527,0.86904,0.87365,20082,0,0
2023-08-10T16:00:00+00:00,2023-08-10,21:30:00,1691683200,0.87365,0.87726,0.87329,0.87682,7501,0,0
2023-08-10T20:00:00+00:00,2023-08-11,01:30:00,1691697600,0.87682,0.8769,0.87582,0.87688,1719,0,0
2023-08-11T00:00:00+00:00,2023-08-11,05:30:00,1691712000,0.87688,0.87714,0.87576,0.87603,3702,0,0
2023-08-11T04:00:00+00:00,2023-08-11,09:30:00,1691726400,0.87603,0.87746,0.87592,0.87675,6052,0,0
2023-08-11T08:00:00+00:00,2023-08-11,13:30:00,1691740800,0.87675,0.87765,0.87441,0.87467,6554,0,0
2023-08-11T12:00:00+00:00,2023-08-11,17:30:00,1691755200,0.87467,0.87807,0.87353,0.87654,14532,0,0
2023-08-11T16:00:00+00:00,2023-08-11,21:30:00,1691769600,0.87653,0.87744,0.87595,0.87653,4591,0,0
2023-08-11T20:00:00+00:00,2023-08-12,01:30:00,1691784000,0.87651,0.8769,0.87609,0.87645,762,0,0
2023-08-13T20:00:00+00:00,2023-08-14,01:30:00,1691956800,0.87603,0.87705,0.8755,0.87676,1191,0,0
2023-08-14T00:00:00+00:00,2023-08-14,05:30:00,1691971200,0.87677,0.87794,0.87653,0.87749,5215,0,0
2023-08-14T04:00:00+00:00,2023-08-14,09:30:00,1691985600,0.87749,0.87772,0.87555,0.87596,6397,0,0
2023-08-14T08:00:00+00:00,2023-08-14,13:30:00,1692000000,0.87598,0.87809,0.87561,0.87807,7545,0,0
2023-08-14T12:00:00+00:00,2023-08-14,17:30:00,1692014400,0.87808,0.88279,0.87715,0.87755,12270,0,0
2023-08-14T16:00:00+00:00,2023-08-14,21:30:00,1692028800,0.87754,0.87911,0.87627,0.87848,4997,0,0
2023-08-14T20:00:00+00:00,2023-08-15,01:30:00,1692043200,0.87848,0.87859,0.8776,0.87807,1756,0,0
2023-08-15T00:00:00+00:00,2023-08-15,05:30:00,1692057600,0.87808,0.87868,0.87673,0.87689,4356,0,0
2023-08-15T04:00:00+00:00,2023-08-15,09:30:00,1692072000,0.87689,0.87835,0.87645,0.87728,6630,0,0
2023-08-15T08:00:00+00:00,2023-08-15,13:30:00,1692086400,0.87728,0.87752,0.87444,0.87716,9092,0,0
2023-08-15T12:00:00+00:00,2023-08-15,17:30:00,1692100800,0.87716,0.87969,0.87548,0.87698,16102,0,0
2023-08-15T16:00:00+00:00,2023-08-15,21:30:00,1692115200,0.87698,0.87891,0.87691,0.87861,4757,0,0
2023-08-15T20:00:00+00:00,2023-08-16,01:30:00,1692129600,0.8786,0.87891,0.87767,0.87869,1785,0,0
2023-08-16T00:00:00+00:00,2023-08-16,05:30:00,1692144000,0.87869,0.87917,0.8779,0.87849,4230,0,0
2023-08-16T04:00:00+00:00,2023-08-16,09:30:00,1692158400,0.87849,0.87904,0.87745,0.87844,6440,0,0
2023-08-16T08:00:00+00:00,2023-08-16,13:30:00,1692172800,0.87843,0.88044,0.87778,0.88013,6261,0,0
2023-08-16T12:00:00+00:00,2023-08-16,17:30:00,1692187200,0.88015,0.88143,0.87811,0.87868,11426,0,0
2023-08-16T16:00:00+00:00,2023-08-16,21:30:00,1692201600,0.87871,0.8807,0.87805,0.88034,7027,0,0
2023-08-16T20:00:00+00:00,2023-08-17,01:30:00,1692216000,0.88032,0.88034,0.87939,0.88017,2254,0,0
2023-08-17T00:00:00+00:00,2023-08-17,05:30:00,1692230400,0.88017,0.88095,0.88004,0.88061,5193,0,0
2023-08-17T04:00:00+00:00,2023-08-17,09:30:00,1692244800,0.88061,0.88098,0.87939,0.8797,6028,0,0
2023-08-17T08:00:00+00:00,2023-08-17,13:30:00,1692259200,0.87971,0.87993,0.87715,0.87722,7784,0,0
2023-08-17T12:00:00+00:00,2023-08-17,17:30:00,1692273600,0.87723,0.87965,0.87603,0.87924,13201,0,0
2023-08-17T16:00:00+00:00,2023-08-17,21:30:00,1692288000,0.87923,0.88036,0.87823,0.87827,6008,0,0
2023-08-17T20:00:00+00:00,2023-08-18,01:30:00,1692302400,0.87826,0.8786,0.87751,0.87833,1973,0,0
2023-08-18T00:00:00+00:00,2023-08-18,05:30:00,1692316800,0.87834,0.87891,0.8774,0.87802,4194,0,0
2023-08-18T04:00:00+00:00,2023-08-18,09:30:00,1692331200,0.87802,0.88047,0.87772,0.87978,6406,0,0
2023-08-18T08:00:00+00:00,2023-08-18,13:30:00,1692345600,0.87979,0.88119,0.87925,0.88072,6710,0,0
2023-08-18T12:00:00+00:00,2023-08-18,17:30:00,1692360000,0.88072,0.88251,0.87927,0.88172,10833,0,0
2023-08-18T16:00:00+00:00,2023-08-18,21:30:00,1692374400,0.88172,0.88241,0.881,0.88227,4541,0,0
2023-08-18T20:00:00+00:00,2023-08-19,01:30:00,1692388800,0.88227,0.88279,0.88197,0.88241,655,0,0
2023-08-20T20:00:00+00:00,2023-08-21,01:30:00,1692561600,0.88141,0.88258,0.88139,0.8824,1120,0,0
2023-08-21T00:00:00+00:00,2023-08-21,05:30:00,1692576000,0.8824,0.8828,0.88133,0.88214,3731,0,0
2023-08-21T04:00:00+00:00,2023-08-21,09:30:00,1692590400,0.88214,0.8825,0.87922,0.87922,5659,0,0
2023-08-21T08:00:00+00:00,2023-08-21,13:30:00,1692604800,0.87922,0.88058,0.87892,0.87921,7681,0,0
2023-08-21T12:00:00+00:00,2023-08-21,17:30:00,1692619200,0.87922,0.88144,0.87877,0.87999,9903,0,0
2023-08-21T16:00:00+00:00,2023-08-21,21:30:00,1692633600,0.87998,0.88002,0.87803,0.87832,3789,0,0
2023-08-21T20:00:00+00:00,2023-08-22,01:30:00,1692648000,0.87831,0.87877,0.87791,0.87856,1461,0,0
2023-08-22T00:00:00+00:00,2023-08-22,05:30:00,1692662400,0.87856,0.87911,0.87723,0.87745,3913,0,0
2023-08-22T04:00:00+00:00,2023-08-22,09:30:00,1692676800,0.87744,0.87827,0.87699,0.87764,5507,0,0
2023-08-22T08:00:00+00:00,2023-08-22,13:30:00,1692691200,0.87764,0.87846,0.87652,0.87805,7184,0,0
2023-08-22T12:00:00+00:00,2023-08-22,17:30:00,1692705600,0.87805,0.88095,0.87788,0.88004,12142,0,0
2023-08-22T16:00:00+00:00,2023-08-22,21:30:00,1692720000,0.88005,0.88069,0.87951,0.88055,3926,0,0
2023-08-22T20:00:00+00:00,2023-08-23,01:30:00,1692734400,0.88055,0.88058,0.87961,0.88018,1434,0,0
2023-08-23T00:00:00+00:00,2023-08-23,05:30:00,1692748800,0.88018,0.88078,0.87963,0.87981,3701,0,0
2023-08-23T04:00:00+00:00,2023-08-23,09:30:00,1692763200,0.87981,0.88153,0.87791,0.88041,7322,0,0
2023-08-23T08:00:00+00:00,2023-08-23,13:30:00,1692777600,0.88042,0.88174,0.87909,0.88112,9290,0,0
2023-08-23T12:00:00+00:00,2023-08-23,17:30:00,1692792000,0.88112,0.88144,0.87753,0.87855,13552,0,0
2023-08-23T16:00:00+00:00,2023-08-23,21:30:00,1692806400,0.87855,0.87907,0.87741,0.87778,4863,0,0
2023-08-23T20:00:00+00:00,2023-08-24,01:30:00,1692820800,0.87778,0.87828,0.87708,0.87747,2203,0,0
2023-08-24T00:00:00+00:00,2023-08-24,05:30:00,1692835200,0.87747,0.87807,0.87652,0.87722,4103,0,0
2023-08-24T04:00:00+00:00,2023-08-24,09:30:00,1692849600,0.87721,0.87966,0.87602,0.87945,6187,0,0
2023-08-24T08:00:00+00:00,2023-08-24,13:30:00,1692864000,0.87946,0.88182,0.87882,0.88179,7381,0,0
2023-08-24T12:00:00+00:00,2023-08-24,17:30:00,1692878400,0.88179,0.88391,0.88071,0.8826,11323,0,0
2023-08-24T16:00:00+00:00,2023-08-24,21:30:00,1692892800,0.8826,0.88515,0.88252,0.88496,4322,0,0
2023-08-24T20:00:00+00:00,2023-08-25,01:30:00,1692907200,0.88497,0.88552,0.88351,0.88527,1893,0,0
2023-08-25T00:00:00+00:00,2023-08-25,05:30:00,1692921600,0.88527,0.88641,0.88482,0.88633,3427,0,0
2023-08-25T04:00:00+00:00,2023-08-25,09:30:00,1692936000,0.88633,0.88689,0.8851,0.88664,5317,0,0
2023-08-25T08:00:00+00:00,2023-08-25,13:30:00,1692950400,0.88664,0.88688,0.88491,0.88515,6346,0,0
2023-08-25T12:00:00+00:00,2023-08-25,17:30:00,1692964800,0.88515,0.88763,0.8822,0.88603,15119,0,0
2023-08-25T16:00:00+00:00,2023-08-25,21:30:00,1692979200,0.88603,0.88604,0.88347,0.88409,5757,0,0
2023-08-25T20:00:00+00:00,2023-08-26,01:30:00,1692993600,0.88409,0.88478,0.88405,0.88452,720,0,0
2023-08-27T20:00:00+00:00,2023-08-28,01:30:00,1693166400,0.88439,0.88515,0.88368,0.88484,1485,0,0
2023-08-28T00:00:00+00:00,2023-08-28,05:30:00,1693180800,0.88484,0.88493,0.88322,0.88342,3813,0,0
2023-08-28T04:00:00+00:00,2023-08-28,09:30:00,1693195200,0.88342,0.88358,0.88184,0.88342,4962,0,0
2023-08-28T08:00:00+00:00,2023-08-28,13:30:00,1693209600,0.88342,0.88475,0.88286,0.88467,6115,0,0
2023-08-28T12:00:00+00:00,2023-08-28,17:30:00,1693224000,0.88468,0.88537,0.88315,0.8832,8381,0,0
2023-08-28T16:00:00+00:00,2023-08-28,21:30:00,1693238400,0.8832,0.88441,0.8831,0.88365,3583,0,0
2023-08-28T20:00:00+00:00,2023-08-29,01:30:00,1693252800,0.88364,0.88395,0.88286,0.88352,1836,0,0
2023-08-29T00:00:00+00:00,2023-08-29,05:30:00,1693267200,0.88352,0.88352,0.88262,0.88282,3153,0,0
2023-08-29T04:00:00+00:00,2023-08-29,09:30:00,1693281600,0.88282,0.88508,0.88282,0.88389,4888,0,0
2023-08-29T08:00:00+00:00,2023-08-29,13:30:00,1693296000,0.88389,0.88565,0.88369,0.88516,6093,0,0
2023-08-29T12:00:00+00:00,2023-08-29,17:30:00,1693310400,0.88514,0.88589,0.87909,0.87985,13286,0,0
2023-08-29T16:00:00+00:00,2023-08-29,21:30:00,1693324800,0.87987,0.88029,0.87751,0.87781,5778,0,0
2023-08-29T20:00:00+00:00,2023-08-30,01:30:00,1693339200,0.87783,0.87901,0.87767,0.87899,2210,0,0
2023-08-30T00:00:00+00:00,2023-08-30,05:30:00,1693353600,0.87899,0.87923,0.87849,0.87873,4067,0,0
2023-08-30T04:00:00+00:00,2023-08-30,09:30:00,1693368000,0.87873,0.87998,0.87846,0.87958,5872,0,0
2023-08-30T08:00:00+00:00,2023-08-30,13:30:00,1693382400,0.87958,0.88035,0.87881,0.87931,8322,0,0
2023-08-30T12:00:00+00:00,2023-08-30,17:30:00,1693396800,0.87931,0.87956,0.8745,0.87719,14136,0,0
2023-08-30T16:00:00+00:00,2023-08-30,21:30:00,1693411200,0.87719,0.87883,0.87719,0.87865,4307,0,0
2023-08-30T20:00:00+00:00,2023-08-31,01:30:00,1693425600,0.87865,0.87868,0.87797,0.87812,1760,0,0
2023-08-31T00:00:00+00:00,2023-08-31,05:30:00,1693440000,0.87812,0.87846,0.87715,0.87839,3705,0,0
2023-08-31T04:00:00+00:00,2023-08-31,09:30:00,1693454400,0.8784,0.88038,0.87831,0.88013,5947,0,0
2023-08-31T08:00:00+00:00,2023-08-31,13:30:00,1693468800,0.88013,0.88249,0.87993,0.88148,8296,0,0
2023-08-31T12:00:00+00:00,2023-08-31,17:30:00,1693483200,0.88147,0.88462,0.88084,0.88377,15320,0,0
2023-08-31T16:00:00+00:00,2023-08-31,21:30:00,1693497600,0.88378,0.88388,0.8824,0.88335,4564,0,0
2023-08-31T20:00:00+00:00,2023-09-01,01:30:00,1693512000,0.88335,0.88367,0.88265,0.88334,1871,0,0
2023-09-01T00:00:00+00:00,2023-09-01,05:30:00,1693526400,0.88334,0.88396,0.88233,0.88358,4042,0,0
2023-09-01T04:00:00+00:00,2023-09-01,09:30:00,1693540800,0.88358,0.8844,0.88128,0.88183,5456,0,0
2023-09-01T08:00:00+00:00,2023-09-01,13:30:00,1693555200,0.88181,0.88346,0.88157,0.88338,6140,0,0
2023-09-01T12:00:00+00:00,2023-09-01,17:30:00,1693569600,0.88338,0.88585,0.87955,0.88581,19316,0,0
2023-09-01T16:00:00+00:00,2023-09-01,21:30:00,1693584000,0.88581,0.88639,0.8851,0.88595,3678,0,0
2023-09-01T20:00:00+00:00,2023-09-02,01:30:00,1693598400,0.88594,0.88596,0.88556,0.88578,467,0,0
2023-09-03T20:00:00+00:00,2023-09-04,01:30:00,1693771200,0.8852,0.88574,0.885,0.88524,912,0,0
2023-09-04T00:00:00+00:00,2023-09-04,05:30:00,1693785600,0.88524,0.88558,0.88406,0.88465,2800,0,0
2023-09-04T04:00:00+00:00,2023-09-04,09:30:00,1693800000,0.88465,0.88519,0.88326,0.88413,4774,0,0
2023-09-04T08:00:00+00:00,2023-09-04,13:30:00,1693814400,0.88412,0.88477,0.88342,0.88378,5639,0,0
2023-09-04T12:00:00+00:00,2023-09-04,17:30:00,1693828800,0.88379,0.88545,0.88363,0.88421,4080,0,0
2023-09-04T16:00:00+00:00,2023-09-04,21:30:00,1693843200,0.88421,0.88495,0.88369,0.88459,1581,0,0
2023-09-04T20:00:00+00:00,2023-09-05,01:30:00,1693857600,0.88459,0.88484,0.88403,0.88483,1292,0,0
2023-09-05T00:00:00+00:00,2023-09-05,05:30:00,1693872000,0.88484,0.88571,0.88444,0.88516,3171,0,0
2023-09-05T04:00:00+00:00,2023-09-05,09:30:00,1693886400,0.88516,0.88779,0.88492,0.88752,5963,0,0
2023-09-05T08:00:00+00:00,2023-09-05,13:30:00,1693900800,0.88752,0.88961,0.88733,0.88901,6553,0,0
2023-09-05T12:00:00+00:00,2023-09-05,17:30:00,1693915200,0.889,0.89032,0.88765,0.88878,11683,0,0
2023-09-05T16:00:00+00:00,2023-09-05,21:30:00,1693929600,0.88879,0.88991,0.88859,0.88987,3608,0,0
2023-09-05T20:00:00+00:00,2023-09-06,01:30:00,1693944000,0.88986,0.88999,0.88892,0.88946,1544,0,0
2023-09-06T00:00:00+00:00,2023-09-06,05:30:00,1693958400,0.88946,0.89032,0.88873,0.88876,3492,0,0
2023-09-06T04:00:00+00:00,2023-09-06,09:30:00,1693972800,0.88876,0.88996,0.88814,0.88984,5865,0,0
2023-09-06T08:00:00+00:00,2023-09-06,13:30:00,1693987200,0.88984,0.89053,0.88926,0.89031,6878,0,0
2023-09-06T12:00:00+00:00,2023-09-06,17:30:00,1694001600,0.89033,0.89448,0.88982,0.89246,12131,0,0
2023-09-06T16:00:00+00:00,2023-09-06,21:30:00,1694016000,0.89247,0.89269,0.89104,0.89146,3588,0,0
2023-09-06T20:00:00+00:00,2023-09-07,01:30:00,1694030400,0.89145,0.89157,0.89066,0.89138,1717,0,0
2023-09-07T00:00:00+00:00,2023-09-07,05:30:00,1694044800,0.89138,0.89182,0.89086,0.89116,3102,0,0
2023-09-07T04:00:00+00:00,2023-09-07,09:30:00,1694059200,0.89116,0.89235,0.89108,0.89151,5089,0,0
2023-09-07T08:00:00+00:00,2023-09-07,13:30:00,1694073600,0.89153,0.89279,0.89144,0.89257,5425,0,0
2023-09-07T12:00:00+00:00,2023-09-07,17:30:00,1694088000,0.89257,0.89405,0.89233,0.89278,9898,0,0
2023-09-07T16:00:00+00:00,2023-09-07,21:30:00,1694102400,0.89278,0.89318,0.89209,0.89276,3452,0,0
2023-09-07T20:00:00+00:00,2023-09-08,01:30:00,1694116800,0.89276,0.8929,0.89222,0.89271,1778,0,0
2023-09-08T00:00:00+00:00,2023-09-08,05:30:00,1694131200,0.89272,0.89272,0.89058,0.89107,4118,0,0
2023-09-08T04:00:00+00:00,2023-09-08,09:30:00,1694145600,0.89106,0.89134,0.8895,0.89095,4959,0,0
2023-09-08T08:00:00+00:00,2023-09-08,13:30:00,1694160000,0.89094,0.89217,0.89063,0.89163,6896,0,0
2023-09-08T12:00:00+00:00,2023-09-08,17:30:00,1694174400,0.89163,0.89315,0.88991,0.89285,8863,0,0
2023-09-08T16:00:00+00:00,2023-09-08,21:30:00,1694188800,0.89284,0.89366,0.89242,0.89313,3487,0,0
2023-09-08T20:00:00+00:00,2023-09-09,01:30:00,1694203200,0.89315,0.89328,0.89278,0.89301,628,0,0
2023-09-10T20:00:00+00:00,2023-09-11,01:30:00,1694376000,0.89156,0.89264,0.89093,0.89208,2158,0,0
2023-09-11T00:00:00+00:00,2023-09-11,05:30:00,1694390400,0.89208,0.89226,0.89112,0.8913,4025,0,0
2023-09-11T04:00:00+00:00,2023-09-11,09:30:00,1694404800,0.8913,0.89147,0.8897,0.89083,5901,0,0
2023-09-11T08:00:00+00:00,2023-09-11,13:30:00,1694419200,0.89082,0.89216,0.89072,0.8919,5422,0,0
2023-09-11T12:00:00+00:00,2023-09-11,17:30:00,1694433600,0.89189,0.89228,0.89046,0.89107,7572,0,0
2023-09-11T16:00:00+00:00,2023-09-11,21:30:00,1694448000,0.89108,0.89145,0.89021,0.89075,3506,0,0
2023-09-11T20:00:00+00:00,2023-09-12,01:30:00,1694462400,0.89074,0.89129,0.89037,0.89127,1496,0,0
2023-09-12T00:00:00+00:00,2023-09-12,05:30:00,1694476800,0.89127,0.89202,0.89049,0.89107,3196,0,0
2023-09-12T04:00:00+00:00,2023-09-12,09:30:00,1694491200,0.89107,0.8919,0.89018,0.89095,4279,0,0
2023-09-12T08:00:00+00:00,2023-09-12,13:30:00,1694505600,0.89095,0.89239,0.89065,0.89184,5198,0,0
2023-09-12T12:00:00+00:00,2023-09-12,17:30:00,1694520000,0.89185,0.89341,0.89132,0.89134,6856,0,0
2023-09-12T16:00:00+00:00,2023-09-12,21:30:00,1694534400,0.89134,0.89213,0.89076,0.8915,3386,0,0
2023-09-12T20:00:00+00:00,2023-09-13,01:30:00,1694548800,0.8915,0.89172,0.89067,0.89153,2244,0,0
2023-09-13T00:00:00+00:00,2023-09-13,05:30:00,1694563200,0.89153,0.89245,0.89078,0.8919,3154,0,0
2023-09-13T04:00:00+00:00,2023-09-13,09:30:00,1694577600,0.8919,0.8924,0.89091,0.89198,4694,0,0
2023-09-13T08:00:00+00:00,2023-09-13,13:30:00,1694592000,0.89198,0.89328,0.89187,0.89283,5721,0,0
2023-09-13T12:00:00+00:00,2023-09-13,17:30:00,1694606400,0.89282,0.89526,0.89119,0.89257,15490,0,0
2023-09-13T16:00:00+00:00,2023-09-13,21:30:00,1694620800,0.89256,0.89357,0.89175,0.89331,4228,0,0
2023-09-13T20:00:00+00:00,2023-09-14,01:30:00,1694635200,0.89331,0.89377,0.89289,0.8935,2020,0,0
2023-09-14T00:00:00+00:00,2023-09-14,05:30:00,1694649600,0.89351,0.89355,0.89209,0.89234,2927,0,0
2023-09-14T04:00:00+00:00,2023-09-14,09:30:00,1694664000,0.89234,0.8939,0.89148,0.89361,3574,0,0
2023-09-14T08:00:00+00:00,2023-09-14,13:30:00,1694678400,0.89361,0.8939,0.89273,0.89357,5084,0,0
2023-09-14T12:00:00+00:00,2023-09-14,17:30:00,1694692800,0.89356,0.89708,0.89281,0.89501,17636,0,0
2023-09-14T16:00:00+00:00,2023-09-14,21:30:00,1694707200,0.895,0.89705,0.89445,0.89585,4374,0,0
2023-09-14T20:00:00+00:00,2023-09-15,01:30:00,1694721600,0.89585,0.89633,0.89541,0.89623,1589,0,0
2023-09-15T00:00:00+00:00,2023-09-15,05:30:00,1694736000,0.89624,0.89637,0.89504,0.8956,3570,0,0
2023-09-15T04:00:00+00:00,2023-09-15,09:30:00,1694750400,0.8956,0.89638,0.89467,0.89474,4760,0,0
2023-09-15T08:00:00+00:00,2023-09-15,13:30:00,1694764800,0.89473,0.89668,0.89459,0.89657,4361,0,0
2023-09-15T12:00:00+00:00,2023-09-15,17:30:00,1694779200,0.89657,0.89775,0.89526,0.89605,10358,0,0
2023-09-15T16:00:00+00:00,2023-09-15,21:30:00,1694793600,0.89605,0.89746,0.89564,0.89745,3541,0,0
2023-09-15T20:00:00+00:00,2023-09-16,01:30:00,1694808000,0.89745,0.89778,0.89723,0.89773,865,0,0
2023-09-17T20:00:00+00:00,2023-09-18,01:30:00,1694980800,0.8959,0.89759,0.89571,0.89695,846,0,0
2023-09-18T00:00:00+00:00,2023-09-18,05:30:00,1694995200,0.89696,0.89772,0.89632,0.89732,2606,0,0
2023-09-18T04:00:00+00:00,2023-09-18,09:30:00,1695009600,0.89732,0.89743,0.89582,0.89608,3696,0,0
2023-09-18T08:00:00+00:00,2023-09-18,13:30:00,1695024000,0.89608,0.89712,0.8954,0.89679,4074,0,0
2023-09-18T12:00:00+00:00,2023-09-18,17:30:00,1695038400,0.89679,0.89824,0.89617,0.89649,6874,0,0
2023-09-18T16:00:00+00:00,2023-09-18,21:30:00,1695052800,0.89648,0.89803,0.8963,0.89754,2848,0,0
2023-09-18T20:00:00+00:00,2023-09-19,01:30:00,1695067200,0.89754,0.89757,0.89686,0.89734,1778,0,0
2023-09-19T00:00:00+00:00,2023-09-19,05:30:00,1695081600,0.89734,0.89787,0.89679,0.89761,2611,0,0
2023-09-19T04:00:00+00:00,2023-09-19,09:30:00,1695096000,0.89762,0.89832,0.89481,0.89483,3948,0,0
2023-09-19T08:00:00+00:00,2023-09-19,13:30:00,1695110400,0.89485,0.89711,0.89485,0.89591,4975,0,0
2023-09-19T12:00:00+00:00,2023-09-19,17:30:00,1695124800,0.8959,0.89832,0.89508,0.89792,7662,0,0
2023-09-19T16:00:00+00:00,2023-09-19,21:30:00,1695139200,0.89792,0.8984,0.89746,0.89776,2762,0,0
2023-09-19T20:00:00+00:00,2023-09-20,01:30:00,1695153600,0.89777,0.89788,0.8971,0.89737,1398,0,0
2023-09-20T00:00:00+00:00,2023-09-20,05:30:00,1695168000,0.89737,0.89816,0.89737,0.89806,2363,0,0
2023-09-20T04:00:00+00:00,2023-09-20,09:30:00,1695182400,0.89806,0.89841,0.89647,0.89754,4450,0,0
2023-09-20T08:00:00+00:00,2023-09-20,13:30:00,1695196800,0.89755,0.89776,0.89611,0.89727,4230,0,0
2023-09-20T12:00:00+00:00,2023-09-20,17:30:00,1695211200,0.89727,0.89729,0.89393,0.89533,7023,0,0
2023-09-20T16:00:00+00:00,2023-09-20,21:30:00,1695225600,0.89532,0.89916,0.89321,0.89911,13206,0,0
2023-09-20T20:00:00+00:00,2023-09-21,01:30:00,1695240000,0.89912,0.89958,0.89841,0.89946,2909,0,0
2023-09-21T00:00:00+00:00,2023-09-21,05:30:00,1695254400,0.89945,0.90087,0.89933,0.89997,4004,0,0
2023-09-21T04:00:00+00:00,2023-09-21,09:30:00,1695268800,0.89997,0.9069,0.89856,0.90527,8237,0,0
2023-09-21T08:00:00+00:00,2023-09-21,13:30:00,1695283200,0.90528,0.90784,0.90422,0.90517,10415,0,0
2023-09-21T12:00:00+00:00,2023-09-21,17:30:00,1695297600,0.90517,0.90653,0.90206,0.90334,13422,0,0
2023-09-21T16:00:00+00:00,2023-09-21,21:30:00,1695312000,0.90334,0.90434,0.90302,0.9043,4900,0,0
2023-09-21T20:00:00+00:00,2023-09-22,01:30:00,1695326400,0.90429,0.90495,0.90412,0.90475,1535,0,0
2023-09-22T00:00:00+00:00,2023-09-22,05:30:00,1695340800,0.90477,0.9053,0.90433,0.90492,3621,0,0
2023-09-22T04:00:00+00:00,2023-09-22,09:30:00,1695355200,0.90492,0.90691,0.90431,0.90566,7217,0,0
2023-09-22T08:00:00+00:00,2023-09-22,13:30:00,1695369600,0.90564,0.90702,0.90523,0.90652,5776,0,0
2023-09-22T12:00:00+00:00,2023-09-22,17:30:00,1695384000,0.90652,0.90657,0.90448,0.90646,8303,0,0
2023-09-22T16:00:00+00:00,2023-09-22,21:30:00,1695398400,0.90645,0.90752,0.90581,0.9072,3567,0,0
2023-09-22T20:00:00+00:00,2023-09-23,01:30:00,1695412800,0.90719,0.90753,0.90686,0.90698,840,0,0
2023-09-24T20:00:00+00:00,2023-09-25,01:30:00,1695585600,0.90592,0.90724,0.90575,0.9072,1326,0,0
2023-09-25T00:00:00+00:00,2023-09-25,05:30:00,1695600000,0.9072,0.90794,0.90703,0.90764,2879,0,0
2023-09-25T04:00:00+00:00,2023-09-25,09:30:00,1695614400,0.90765,0.9102,0.90739,0.90997,4665,0,0
2023-09-25T08:00:00+00:00,2023-09-25,13:30:00,1695628800,0.90997,0.91053,0.90863,0.91013,6371,0,0
2023-09-25T12:00:00+00:00,2023-09-25,17:30:00,1695643200,0.91013,0.91354,0.90992,0.91206,8734,0,0
2023-09-25T16:00:00+00:00,2023-09-25,21:30:00,1695657600,0.91207,0.91254,0.91121,0.912,3413,0,0
2023-09-25T20:00:00+00:00,2023-09-26,01:30:00,1695672000,0.912,0.91217,0.91172,0.91216,1795,0,0
2023-09-26T00:00:00+00:00,2023-09-26,05:30:00,1695686400,0.91217,0.91361,0.91191,0.91292,3515,0,0
2023-09-26T04:00:00+00:00,2023-09-26,09:30:00,1695700800,0.91292,0.91507,0.91208,0.91326,5775,0,0
2023-09-26T08:00:00+00:00,2023-09-26,13:30:00,1695715200,0.91327,0.91342,0.91189,0.91275,6114,0,0
2023-09-26T12:00:00+00:00,2023-09-26,17:30:00,1695729600,0.91275,0.91474,0.91194,0.91439,8886,0,0
2023-09-26T16:00:00+00:00,2023-09-26,21:30:00,1695744000,0.91438,0.91551,0.91403,0.91551,3934,0,0
2023-09-26T20:00:00+00:00,2023-09-27,01:30:00,1695758400,0.91552,0.91591,0.91479,0.91583,2012,0,0
2023-09-27T00:00:00+00:00,2023-09-27,05:30:00,1695772800,0.91583,0.917,0.91565,0.9169,3188,0,0
2023-09-27T04:00:00+00:00,2023-09-27,09:30:00,1695787200,0.9169,0.91768,0.91543,0.9163,4857,0,0
2023-09-27T08:00:00+00:00,2023-09-27,13:30:00,1695801600,0.91631,0.91936,0.91603,0.91874,5765,0,0
2023-09-27T12:00:00+00:00,2023-09-27,17:30:00,1695816000,0.91874,0.91999,0.91703,0.91996,10580,0,0
2023-09-27T16:00:00+00:00,2023-09-27,21:30:00,1695830400,0.91994,0.92253,0.91977,0.92093,7182,0,0
2023-09-27T20:00:00+00:00,2023-09-28,01:30:00,1695844800,0.9209,0.92148,0.92035,0.92085,2177,0,0
2023-09-28T00:00:00+00:00,2023-09-28,05:30:00,1695859200,0.92086,0.92168,0.92042,0.92098,3122,0,0
2023-09-28T04:00:00+00:00,2023-09-28,09:30:00,1695873600,0.92098,0.92163,0.91933,0.92043,5807,0,0
2023-09-28T08:00:00+00:00,2023-09-28,13:30:00,1695888000,0.92041,0.92087,0.91687,0.91842,7126,0,0
2023-09-28T12:00:00+00:00,2023-09-28,17:30:00,1695902400,0.91842,0.91982,0.91474,0.91509,13451,0,0
2023-09-28T16:00:00+00:00,2023-09-28,21:30:00,1695916800,0.91508,0.91716,0.91494,0.91522,6009,0,0
2023-09-28T20:00:00+00:00,2023-09-29,01:30:00,1695931200,0.91519,0.91551,0.91462,0.91485,1820,0,0
2023-09-29T00:00:00+00:00,2023-09-29,05:30:00,1695945600,0.91485,0.91557,0.9136,0.91388,3524,0,0
2023-09-29T04:00:00+00:00,2023-09-29,09:30:00,1695960000,0.91388,0.91394,0.90912,0.90964,6414,0,0
2023-09-29T08:00:00+00:00,2023-09-29,13:30:00,1695974400,0.90963,0.9132,0.90943,0.91279,8540,0,0
2023-09-29T12:00:00+00:00,2023-09-29,17:30:00,1695988800,0.91279,0.91636,0.91056,0.91411,15606,0,0
2023-09-29T16:00:00+00:00,2023-09-29,21:30:00,1696003200,0.91411,0.91613,0.91369,0.91538,7267,0,0
2023-09-29T20:00:00+00:00,2023-09-30,01:30:00,1696017600,0.91538,0.91552,0.91466,0.91505,832,0,0
2023-10-01T20:00:00+00:00,2023-10-02,01:30:00,1696190400,0.91468,0.91606,0.91457,0.91556,2000,0,0
2023-10-02T00:00:00+00:00,2023-10-02,05:30:00,1696204800,0.91552,0.91637,0.91517,0.91561,2997,0,0
2023-10-02T04:00:00+00:00,2023-10-02,09:30:00,1696219200,0.91561,0.91667,0.91115,0.91183,5365,0,0
2023-10-02T08:00:00+00:00,2023-10-02,13:30:00,1696233600,0.91183,0.91467,0.91104,0.91466,6978,0,0
2023-10-02T12:00:00+00:00,2023-10-02,17:30:00,1696248000,0.91466,0.91947,0.91442,0.91771,11868,0,0
2023-10-02T16:00:00+00:00,2023-10-02,21:30:00,1696262400,0.91771,0.91869,0.91661,0.91754,5450,0,0
2023-10-02T20:00:00+00:00,2023-10-03,01:30:00,1696276800,0.91754,0.91848,0.91737,0.91799,2247,0,0
2023-10-03T00:00:00+00:00,2023-10-03,05:30:00,1696291200,0.91799,0.91927,0.91799,0.91869,5056,0,0
2023-10-03T04:00:00+00:00,2023-10-03,09:30:00,1696305600,0.91868,0.9219,0.91855,0.92132,7664,0,0
2023-10-03T08:00:00+00:00,2023-10-03,13:30:00,1696320000,0.92132,0.92379,0.91937,0.92237,8770,0,0
2023-10-03T12:00:00+00:00,2023-10-03,17:30:00,1696334400,0.92237,0.92447,0.92009,0.92268,19581,0,0
2023-10-03T16:00:00+00:00,2023-10-03,21:30:00,1696348800,0.92268,0.92269,0.92028,0.92087,7843,0,0
2023-10-03T20:00:00+00:00,2023-10-04,01:30:00,1696363200,0.92087,0.92137,0.92043,0.9211,2639,0,0
2023-10-04T00:00:00+00:00,2023-10-04,05:30:00,1696377600,0.9211,0.92258,0.92093,0.92239,4964,0,0
2023-10-04T04:00:00+00:00,2023-10-04,09:30:00,1696392000,0.92239,0.92323,0.91929,0.91971,7236,0,0
2023-10-04T08:00:00+00:00,2023-10-04,13:30:00,1696406400,0.91971,0.92063,0.91706,0.9178,9189,0,0
2023-10-04T12:00:00+00:00,2023-10-04,17:30:00,1696420800,0.9178,0.91952,0.9144,0.91615,16245,0,0
2023-10-04T16:00:00+00:00,2023-10-04,21:30:00,1696435200,0.91614,0.91748,0.91542,0.91596,7396,0,0
2023-10-04T20:00:00+00:00,2023-10-05,01:30:00,1696449600,0.91596,0.91737,0.91587,0.91677,2272,0,0
2023-10-05T00:00:00+00:00,2023-10-05,05:30:00,1696464000,0.91678,0.91712,0.91348,0.91385,5255,0,0
2023-10-05T04:00:00+00:00,2023-10-05,09:30:00,1696478400,0.91385,0.91771,0.91361,0.91747,6080,0,0
2023-10-05T08:00:00+00:00,2023-10-05,13:30:00,1696492800,0.91747,0.91823,0.91431,0.91443,8418,0,0
2023-10-05T12:00:00+00:00,2023-10-05,17:30:00,1696507200,0.91442,0.917,0.91315,0.91423,12989,0,0
2023-10-05T16:00:00+00:00,2023-10-05,21:30:00,1696521600,0.91422,0.91442,0.91225,0.91227,6802,0,0
2023-10-05T20:00:00+00:00,2023-10-06,01:30:00,1696536000,0.91228,0.91276,0.91214,0.91275,2016,0,0
2023-10-06T00:00:00+00:00,2023-10-06,05:30:00,1696550400,0.91276,0.91358,0.91251,0.91327,3801,0,0
2023-10-06T04:00:00+00:00,2023-10-06,09:30:00,1696564800,0.91327,0.91458,0.91211,0.91229,5648,0,0
2023-10-06T08:00:00+00:00,2023-10-06,13:30:00,1696579200,0.91228,0.91334,0.91096,0.91124,7057,0,0
2023-10-06T12:00:00+00:00,2023-10-06,17:30:00,1696593600,0.91124,0.91759,0.90732,0.90831,21349,0,0
2023-10-06T16:00:00+00:00,2023-10-06,21:30:00,1696608000,0.90829,0.91044,0.90814,0.90953,6966,0,0
2023-10-06T20:00:00+00:00,2023-10-07,01:30:00,1696622400,0.90952,0.91012,0.90951,0.90989,685,0,0
2023-10-08T20:00:00+00:00,2023-10-09,01:30:00,1696795200,0.90874,0.91028,0.90856,0.90899,3212,0,0
2023-10-09T00:00:00+00:00,2023-10-09,05:30:00,1696809600,0.90899,0.91037,0.90796,0.9101,5118,0,0
2023-10-09T04:00:00+00:00,2023-10-09,09:30:00,1696824000,0.9101,0.91236,0.90907,0.91183,7508,0,0
2023-10-09T08:00:00+00:00,2023-10-09,13:30:00,1696838400,0.91183,0.91207,0.90828,0.90975,7430,0,0
2023-10-09T12:00:00+00:00,2023-10-09,17:30:00,1696852800,0.90976,0.91041,0.90632,0.90804,10954,0,0
2023-10-09T16:00:00+00:00,2023-10-09,21:30:00,1696867200,0.90805,0.90848,0.90496,0.90601,4994,0,0
2023-10-09T20:00:00+00:00,2023-10-10,01:30:00,1696881600,0.90602,0.90678,0.9047,0.90505,2869,0,0
2023-10-10T00:00:00+00:00,2023-10-10,05:30:00,1696896000,0.90506,0.90581,0.90437,0.90492,5581,0,0
2023-10-10T04:00:00+00:00,2023-10-10,09:30:00,1696910400,0.90492,0.90732,0.90492,0.90572,8440,0,0
2023-10-10T08:00:00+00:00,2023-10-10,13:30:00,1696924800,0.90572,0.9075,0.90343,0.90697,10584,0,0
2023-10-10T12:00:00+00:00,2023-10-10,17:30:00,1696939200,0.90698,0.90829,0.90375,0.90397,12844,0,0
2023-10-10T16:00:00+00:00,2023-10-10,21:30:00,1696953600,0.90398,0.90553,0.90376,0.90471,6759,0,0
2023-10-10T20:00:00+00:00,2023-10-11,01:30:00,1696968000,0.90472,0.90497,0.90426,0.9046,1893,0,0
2023-10-11T00:00:00+00:00,2023-10-11,05:30:00,1696982400,0.90461,0.90485,0.90372,0.90431,3833,0,0
2023-10-11T04:00:00+00:00,2023-10-11,09:30:00,1696996800,0.90431,0.90547,0.90289,0.90422,6593,0,0
2023-10-11T08:00:00+00:00,2023-10-11,13:30:00,1697011200,0.90423,0.90471,0.90221,0.90341,9380,0,0
2023-10-11T12:00:00+00:00,2023-10-11,17:30:00,1697025600,0.90341,0.90485,0.9002,0.90262,14647,0,0
2023-10-11T16:00:00+00:00,2023-10-11,21:30:00,1697040000,0.90263,0.9047,0.90202,0.90235,6682,0,0
2023-10-11T20:00:00+00:00,2023-10-12,01:30:00,1697054400,0.90235,0.9024,0.901,0.90108,1857,0,0
2023-10-12T00:00:00+00:00,2023-10-12,05:30:00,1697068800,0.90108,0.90135,0.90023,0.90048,5072,0,0
2023-10-12T04:00:00+00:00,2023-10-12,09:30:00,1697083200,0.90047,0.90163,0.8987,0.90148,6427,0,0
2023-10-12T08:00:00+00:00,2023-10-12,13:30:00,1697097600,0.90148,0.90148,0.89939,0.90016,6562,0,0
2023-10-12T12:00:00+00:00,2023-10-12,17:30:00,1697112000,0.90016,0.90707,0.90003,0.90651,16861,0,0
2023-10-12T16:00:00+00:00,2023-10-12,21:30:00,1697126400,0.9065,0.9088,0.90551,0.90823,7564,0,0
2023-10-12T20:00:00+00:00,2023-10-13,01:30:00,1697140800,0.90823,0.90858,0.90771,0.90789,2061,0,0
2023-10-13T00:00:00+00:00,2023-10-13,05:30:00,1697155200,0.90792,0.90795,0.90679,0.90703,3705,0,0
2023-10-13T04:00:00+00:00,2023-10-13,09:30:00,1697169600,0.90703,0.90814,0.90567,0.9065,6316,0,0
2023-10-13T08:00:00+00:00,2023-10-13,13:30:00,1697184000,0.9065,0.9085,0.90573,0.90729,8214,0,0
2023-10-13T12:00:00+00:00,2023-10-13,17:30:00,1697198400,0.90731,0.90731,0.90182,0.90183,13709,0,0
2023-10-13T16:00:00+00:00,2023-10-13,21:30:00,1697212800,0.90182,0.90222,0.90024,0.90177,6486,0,0
2023-10-13T20:00:00+00:00,2023-10-14,01:30:00,1697227200,0.90177,0.90265,0.90173,0.90241,603,0,0
2023-10-15T20:00:00+00:00,2023-10-16,01:30:00,1697400000,0.90099,0.90292,0.90052,0.90245,2120,0,0
2023-10-16T00:00:00+00:00,2023-10-16,05:30:00,1697414400,0.90245,0.90258,0.90145,0.90176,3986,0,0
2023-10-16T04:00:00+00:00,2023-10-16,09:30:00,1697428800,0.90176,0.90424,0.90115,0.90334,6535,0,0
2023-10-16T08:00:00+00:00,2023-10-16,13:30:00,1697443200,0.90335,0.90418,0.90183,0.90208,6708,0,0
2023-10-16T12:00:00+00:00,2023-10-16,17:30:00,1697457600,0.90207,0.90339,0.90071,0.90074,10473,0,0
2023-10-16T16:00:00+00:00,2023-10-16,21:30:00,1697472000,0.90073,0.90104,0.89962,0.89972,4105,0,0
2023-10-16T20:00:00+00:00,2023-10-17,01:30:00,1697486400,0.89971,0.90053,0.89958,0.90052,1838,0,0
2023-10-17T00:00:00+00:00,2023-10-17,05:30:00,1697500800,0.9005,0.90115,0.90003,0.90077,3449,0,0
2023-10-17T04:00:00+00:00,2023-10-17,09:30:00,1697515200,0.90077,0.90221,0.90073,0.90191,4916,0,0
2023-10-17T08:00:00+00:00,2023-10-17,13:30:00,1697529600,0.90191,0.90306,0.89947,0.89986,7412,0,0
2023-10-17T12:00:00+00:00,2023-10-17,17:30:00,1697544000,0.89985,0.90321,0.899,0.89959,14207,0,0
2023-10-17T16:00:00+00:00,2023-10-17,21:30:00,1697558400,0.89958,0.90136,0.89946,0.90016,5626,0,0
2023-10-17T20:00:00+00:00,2023-10-18,01:30:00,1697572800,0.90017,0.90058,0.89996,0.90016,1660,0,0
2023-10-18T00:00:00+00:00,2023-10-18,05:30:00,1697587200,0.90016,0.90086,0.89891,0.89916,3814,0,0
2023-10-18T04:00:00+00:00,2023-10-18,09:30:00,1697601600,0.89916,0.8997,0.89739,0.89922,6409,0,0
2023-10-18T08:00:00+00:00,2023-10-18,13:30:00,1697616000,0.89924,0.90007,0.89802,0.89892,8212,0,0
2023-10-18T12:00:00+00:00,2023-10-18,17:30:00,1697630400,0.89893,0.89972,0.89545,0.89859,12606,0,0
2023-10-18T16:00:00+00:00,2023-10-18,21:30:00,1697644800,0.89857,0.89923,0.89726,0.89913,7165,0,0
2023-10-18T20:00:00+00:00,2023-10-19,01:30:00,1697659200,0.89912,0.89926,0.89859,0.89883,1744,0,0
2023-10-19T00:00:00+00:00,2023-10-19,05:30:00,1697673600,0.89884,0.89949,0.89837,0.89915,3819,0,0
2023-10-19T04:00:00+00:00,2023-10-19,09:30:00,1697688000,0.89914,0.89973,0.89745,0.89971,6017,0,0
2023-10-19T08:00:00+00:00,2023-10-19,13:30:00,1697702400,0.89971,0.90019,0.89663,0.8973,7041,0,0
2023-10-19T12:00:00+00:00,2023-10-19,17:30:00,1697716800,0.89732,0.89746,0.89507,0.89559,10404,0,0
2023-10-19T16:00:00+00:00,2023-10-19,21:30:00,1697731200,0.89558,0.89762,0.89127,0.89235,16305,0,0
2023-10-19T20:00:00+00:00,2023-10-20,01:30:00,1697745600,0.89238,0.89268,0.8909,0.89182,2763,0,0
2023-10-20T00:00:00+00:00,2023-10-20,05:30:00,1697760000,0.89183,0.89291,0.89147,0.89241,4314,0,0
2023-10-20T04:00:00+00:00,2023-10-20,09:30:00,1697774400,0.89241,0.89353,0.89089,0.8909,6084,0,0
2023-10-20T08:00:00+00:00,2023-10-20,13:30:00,1697788800,0.8909,0.89286,0.89028,0.89124,7445,0,0
2023-10-20T12:00:00+00:00,2023-10-20,17:30:00,1697803200,0.89124,0.89345,0.89068,0.89189,11527,0,0
2023-10-20T16:00:00+00:00,2023-10-20,21:30:00,1697817600,0.89189,0.89294,0.891,0.89207,6650,0,0
2023-10-20T20:00:00+00:00,2023-10-21,01:30:00,1697832000,0.89208,0.89272,0.89191,0.89232,758,0,0
2023-10-22T20:00:00+00:00,2023-10-23,01:30:00,1698004800,0.89123,0.89342,0.89081,0.89329,2256,0,0
2023-10-23T00:00:00+00:00,2023-10-23,05:30:00,1698019200,0.89329,0.89478,0.893,0.89474,3259,0,0
2023-10-23T04:00:00+00:00,2023-10-23,09:30:00,1698033600,0.89475,0.89571,0.89273,0.89313,5759,0,0
2023-10-23T08:00:00+00:00,2023-10-23,13:30:00,1698048000,0.89312,0.89325,0.8913,0.89258,7363,0,0
2023-10-23T12:00:00+00:00,2023-10-23,17:30:00,1698062400,0.89258,0.89482,0.89131,0.89195,9848,0,0
2023-10-23T16:00:00+00:00,2023-10-23,21:30:00,1698076800,0.89196,0.89236,0.89058,0.89146,5188,0,0
2023-10-23T20:00:00+00:00,2023-10-24,01:30:00,1698091200,0.89148,0.89148,0.89082,0.89087,1861,0,0
2023-10-24T00:00:00+00:00,2023-10-24,05:30:00,1698105600,0.89087,0.89125,0.89,0.89073,3555,0,0
2023-10-24T04:00:00+00:00,2023-10-24,09:30:00,1698120000,0.89073,0.89195,0.88883,0.89114,5946,0,0
2023-10-24T08:00:00+00:00,2023-10-24,13:30:00,1698134400,0.89114,0.89393,0.89114,0.89312,7179,0,0
2023-10-24T12:00:00+00:00,2023-10-24,17:30:00,1698148800,0.89312,0.89526,0.89278,0.89356,10750,0,0
2023-10-24T16:00:00+00:00,2023-10-24,21:30:00,1698163200,0.89355,0.89405,0.89279,0.89317,4865,0,0
2023-10-24T20:00:00+00:00,2023-10-25,01:30:00,1698177600,0.89317,0.89331,0.89285,0.89311,2232,0,0
2023-10-25T00:00:00+00:00,2023-10-25,05:30:00,1698192000,0.89311,0.89354,0.89265,0.89296,3502,0,0
2023-10-25T04:00:00+00:00,2023-10-25,09:30:00,1698206400,0.89296,0.89526,0.89208,0.89472,4294,0,0
2023-10-25T08:00:00+00:00,2023-10-25,13:30:00,1698220800,0.89472,0.89647,0.89391,0.89591,5716,0,0
2023-10-25T12:00:00+00:00,2023-10-25,17:30:00,1698235200,0.89591,0.8965,0.89423,0.89517,10097,0,0
2023-10-25T16:00:00+00:00,2023-10-25,21:30:00,1698249600,0.89516,0.89687,0.89499,0.89656,5710,0,0
2023-10-25T20:00:00+00:00,2023-10-26,01:30:00,1698264000,0.89656,0.89741,0.89596,0.89672,2261,0,0
2023-10-26T00:00:00+00:00,2023-10-26,05:30:00,1698278400,0.89674,0.8983,0.89648,0.89799,4212,0,0
2023-10-26T04:00:00+00:00,2023-10-26,09:30:00,1698292800,0.89798,0.89914,0.89784,0.89812,6045,0,0
2023-10-26T08:00:00+00:00,2023-10-26,13:30:00,1698307200,0.89812,0.89995,0.89788,0.89835,6538,0,0
2023-10-26T12:00:00+00:00,2023-10-26,17:30:00,1698321600,0.89834,0.89991,0.89636,0.89955,13825,0,0
2023-10-26T16:00:00+00:00,2023-10-26,21:30:00,1698336000,0.89956,0.90046,0.89877,0.89942,6039,0,0
2023-10-26T20:00:00+00:00,2023-10-27,01:30:00,1698350400,0.89942,0.89974,0.89784,0.89887,2719,0,0
2023-10-27T00:00:00+00:00,2023-10-27,05:30:00,1698364800,0.89888,0.89954,0.89806,0.89836,3641,0,0
2023-10-27T04:00:00+00:00,2023-10-27,09:30:00,1698379200,0.89835,0.90006,0.8983,0.89992,5296,0,0
2023-10-27T08:00:00+00:00,2023-10-27,13:30:00,1698393600,0.89992,0.90249,0.89928,0.90182,6523,0,0
2023-10-27T12:00:00+00:00,2023-10-27,17:30:00,1698408000,0.90182,0.90347,0.90003,0.90213,12847,0,0
2023-10-27T16:00:00+00:00,2023-10-27,21:30:00,1698422400,0.90212,0.90347,0.90104,0.90163,6870,0,0
2023-10-27T20:00:00+00:00,2023-10-28,01:30:00,1698436800,0.90163,0.90257,0.90142,0.90251,714,0,0
2023-10-29T20:00:00+00:00,2023-10-30,01:30:00,1698609600,0.90105,0.90267,0.90066,0.90245,1470,0,0
2023-10-30T00:00:00+00:00,2023-10-30,05:30:00,1698624000,0.90246,0.90348,0.90245,0.90338,2932,0,0
2023-10-30T04:00:00+00:00,2023-10-30,09:30:00,1698638400,0.90338,0.9035,0.90214,0.90345,3547,0,0
2023-10-30T08:00:00+00:00,2023-10-30,13:30:00,1698652800,0.90345,0.90488,0.90236,0.9043,6966,0,0
2023-10-30T12:00:00+00:00,2023-10-30,17:30:00,1698667200,0.9043,0.9045,0.90079,0.90173,10142,0,0
2023-10-30T16:00:00+00:00,2023-10-30,21:30:00,1698681600,0.90172,0.90311,0.90142,0.90158,4773,0,0
2023-10-30T20:00:00+00:00,2023-10-31,01:30:00,1698696000,0.90158,0.90237,0.90158,0.90209,1434,0,0
2023-10-31T00:00:00+00:00,2023-10-31,05:30:00,1698710400,0.9021,0.90318,0.9017,0.90278,4005,0,0
2023-10-31T04:00:00+00:00,2023-10-31,09:30:00,1698724800,0.90279,0.903,0.90146,0.90199,4726,0,0
2023-10-31T08:00:00+00:00,2023-10-31,13:30:00,1698739200,0.90198,0.90282,0.90097,0.90262,7822,0,0
2023-10-31T12:00:00+00:00,2023-10-31,17:30:00,1698753600,0.90263,0.91005,0.90246,0.91003,12270,0,0
2023-10-31T16:00:00+00:00,2023-10-31,21:30:00,1698768000,0.91003,0.91047,0.90802,0.90962,6769,0,0
2023-10-31T20:00:00+00:00,2023-11-01,01:30:00,1698782400,0.9096,0.91062,0.90957,0.91005,2725,0,0
2023-11-01T00:00:00+00:00,2023-11-01,05:30:00,1698796800,0.91006,0.91071,0.90944,0.90974,3559,0,0
2023-11-01T04:00:00+00:00,2023-11-01,09:30:00,1698811200,0.90974,0.91013,0.90844,0.90923,3907,0,0
2023-11-01T08:00:00+00:00,2023-11-01,13:30:00,1698825600,0.90923,0.91013,0.9086,0.90922,6189,0,0
2023-11-01T12:00:00+00:00,2023-11-01,17:30:00,1698840000,0.90922,0.9104,0.90706,0.91029,12279,0,0
2023-11-01T16:00:00+00:00,2023-11-01,21:30:00,1698854400,0.9103,0.91122,0.90765,0.90781,13036,0,0
2023-11-01T20:00:00+00:00,2023-11-02,01:30:00,1698868800,0.90781,0.90804,0.90561,0.90561,2868,1,0
2023-11-02T00:00:00+00:00,2023-11-02,05:30:00,1698883200,0.90558,0.90594,0.90246,0.90265,4661,1,0
2023-11-02T04:00:00+00:00,2023-11-02,09:30:00,1698897600,0.90263,0.90493,0.90261,0.90437,4789,1,0
2023-11-02T08:00:00+00:00,2023-11-02,13:30:00,1698912000,0.90439,0.90566,0.90284,0.9046,7589,1,0
2023-11-02T12:00:00+00:00,2023-11-02,17:30:00,1698926400,0.90459,0.90643,0.90179,0.90606,12182,1,0
2023-11-02T16:00:00+00:00,2023-11-02,21:30:00,1698940800,0.90607,0.90679,0.90471,0.90578,6474,1,0
2023-11-02T20:00:00+00:00,2023-11-03,01:30:00,1698955200,0.90579,0.90619,0.90557,0.90617,1971,0,0
2023-11-03T00:00:00+00:00,2023-11-03,05:30:00,1698969600,0.90618,0.90618,0.9053,0.90568,2954,1,0
2023-11-03T04:00:00+00:00,2023-11-03,09:30:00,1698984000,0.90567,0.90608,0.90496,0.90594,3638,1,0
2023-11-03T08:00:00+00:00,2023-11-03,13:30:00,1698998400,0.90592,0.90739,0.90398,0.90472,6710,1,0
2023-11-03T12:00:00+00:00,2023-11-03,17:30:00,1699012800,0.90472,0.90486,0.89797,0.89844,14881,1,0
2023-11-03T16:00:00+00:00,2023-11-03,21:30:00,1699027200,0.89843,0.89903,0.89657,0.899,6201,1,0
2023-11-03T20:00:00+00:00,2023-11-04,01:30:00,1699041600,0.899,0.89951,0.89877,0.89916,589,1,0
2023-11-05T20:00:00+00:00,2023-11-06,01:30:00,1699214400,0.89678,0.89923,0.89678,0.89878,1126,57,0
2023-11-06T00:00:00+00:00,2023-11-06,05:30:00,1699228800,0.89918,0.89957,0.89733,0.8974,3467,1,0
2023-11-06T04:00:00+00:00,2023-11-06,09:30:00,1699243200,0.8974,0.89793,0.89631,0.89788,4404,1,0
2023-11-06T08:00:00+00:00,2023-11-06,13:30:00,1699257600,0.89788,0.89809,0.8954,0.89719,6375,1,0
2023-11-06T12:00:00+00:00,2023-11-06,17:30:00,1699272000,0.89719,0.89873,0.89706,0.89721,7508,1,0
2023-11-06T16:00:00+00:00,2023-11-06,21:30:00,1699286400,0.89721,0.89888,0.89676,0.89851,5255,1,0
2023-11-06T20:00:00+00:00,2023-11-07,01:30:00,1699300800,0.89851,0.89944,0.89819,0.89921,3391,1,0
2023-11-07T00:00:00+00:00,2023-11-07,05:30:00,1699315200,0.89921,0.89967,0.89867,0.89956,4069,1,0
2023-11-07T04:00:00+00:00,2023-11-07,09:30:00,1699329600,0.89956,0.9012,0.89938,0.90032,4934,1,0
2023-11-07T08:00:00+00:00,2023-11-07,13:30:00,1699344000,0.90032,0.90153,0.89897,0.90092,7801,1,0
2023-11-07T12:00:00+00:00,2023-11-07,17:30:00,1699358400,0.90092,0.90168,0.89926,0.90035,9166,1,0
2023-11-07T16:00:00+00:00,2023-11-07,21:30:00,1699372800,0.90031,0.90184,0.89972,0.90036,6822,1,0
2023-11-07T20:00:00+00:00,2023-11-08,01:30:00,1699387200,0.90034,0.90062,0.89872,0.90002,3502,1,0
2023-11-08T00:00:00+00:00,2023-11-08,05:30:00,1699401600,0.90002,0.9011,0.89992,0.90063,3950,1,0
2023-11-08T04:00:00+00:00,2023-11-08,09:30:00,1699416000,0.90062,0.90242,0.90044,0.9016,4589,1,0
2023-11-08T08:00:00+00:00,2023-11-08,13:30:00,1699430400,0.9016,0.9024,0.90022,0.90044,7527,1,0
2023-11-08T12:00:00+00:00,2023-11-08,17:30:00,1699444800,0.90043,0.90106,0.89826,0.89862,8403,1,0
2023-11-08T16:00:00+00:00,2023-11-08,21:30:00,1699459200,0.89862,0.89992,0.89767,0.89973,6460,1,0
2023-11-08T20:00:00+00:00,2023-11-09,01:30:00,1699473600,0.89978,0.89996,0.89899,0.89907,3251,0,0
2023-11-09T00:00:00+00:00,2023-11-09,05:30:00,1699488000,0.89907,0.89969,0.89873,0.89931,3387,1,0
2023-11-09T04:00:00+00:00,2023-11-09,09:30:00,1699502400,0.89931,0.90004,0.89901,0.89986,4292,1,0
2023-11-09T08:00:00+00:00,2023-11-09,13:30:00,1699516800,0.89986,0.90122,0.8992,0.90037,7204,1,0
2023-11-09T12:00:00+00:00,2023-11-09,17:30:00,1699531200,0.90036,0.90156,0.89929,0.89935,9190,1,0
2023-11-09T16:00:00+00:00,2023-11-09,21:30:00,1699545600,0.89933,0.90407,0.89912,0.9035,9320,1,0
2023-11-09T20:00:00+00:00,2023-11-10,01:30:00,1699560000,0.90347,0.90384,0.90245,0.90319,3472,0,0
2023-11-10T00:00:00+00:00,2023-11-10,05:30:00,1699574400,0.90319,0.90372,0.90299,0.90357,3008,1,0
2023-11-10T04:00:00+00:00,2023-11-10,09:30:00,1699588800,0.90357,0.90457,0.90325,0.90409,3966,1,0
2023-11-10T08:00:00+00:00,2023-11-10,13:30:00,1699603200,0.90409,0.90412,0.90024,0.90179,5949,1,0
2023-11-10T12:00:00+00:00,2023-11-10,17:30:00,1699617600,0.9018,0.90375,0.90124,0.90293,9294,1,0
2023-11-10T16:00:00+00:00,2023-11-10,21:30:00,1699632000,0.90297,0.90375,0.90194,0.90259,5256,1,0
2023-11-10T20:00:00+00:00,2023-11-11,01:30:00,1699646400,0.90261,0.9028,0.90199,0.902,1680,1,0
2023-11-12T20:00:00+00:00,2023-11-13,01:30:00,1699819200,0.90146,0.90254,0.9002,0.9017,1204,57,0
2023-11-13T00:00:00+00:00,2023-11-13,05:30:00,1699833600,0.90195,0.90261,0.90159,0.9024,2899,1,0
2023-11-13T04:00:00+00:00,2023-11-13,09:30:00,1699848000,0.9024,0.90268,0.90126,0.90164,3764,1,0
2023-11-13T08:00:00+00:00,2023-11-13,13:30:00,1699862400,0.90167,0.90347,0.90107,0.90325,6010,1,0
2023-11-13T12:00:00+00:00,2023-11-13,17:30:00,1699876800,0.90325,0.90521,0.90191,0.9025,7737,1,0
2023-11-13T16:00:00+00:00,2023-11-13,21:30:00,1699891200,0.90247,0.90277,0.9007,0.9017,4854,1,0
2023-11-13T20:00:00+00:00,2023-11-14,01:30:00,1699905600,0.90171,0.90197,0.90105,0.90134,2054,1,0
2023-11-14T00:00:00+00:00,2023-11-14,05:30:00,1699920000,0.90134,0.90241,0.90127,0.90235,2637,1,0
2023-11-14T04:00:00+00:00,2023-11-14,09:30:00,1699934400,0.90231,0.9026,0.90122,0.90157,3658,1,0
2023-11-14T08:00:00+00:00,2023-11-14,13:30:00,1699948800,0.90156,0.90271,0.90076,0.90243,6946,1,0
2023-11-14T12:00:00+00:00,2023-11-14,17:30:00,1699963200,0.90241,0.90261,0.89151,0.89203,14197,1,0
2023-11-14T16:00:00+00:00,2023-11-14,21:30:00,1699977600,0.89202,0.89233,0.88862,0.88868,5585,1,0
2023-11-14T20:00:00+00:00,2023-11-15,01:30:00,1699992000,0.88866,0.8892,0.88798,0.88911,2871,0,0
2023-11-15T00:00:00+00:00,2023-11-15,05:30:00,1700006400,0.88912,0.89022,0.88832,0.88849,3636,1,0
2023-11-15T04:00:00+00:00,2023-11-15,09:30:00,1700020800,0.88849,0.88914,0.88774,0.8878,4848,1,0
2023-11-15T08:00:00+00:00,2023-11-15,13:30:00,1700035200,0.8878,0.88933,0.88682,0.8878,7058,0,0
2023-11-15T12:00:00+00:00,2023-11-15,17:30:00,1700049600,0.8878,0.88923,0.88554,0.88617,11379,0,0
2023-11-15T16:00:00+00:00,2023-11-15,21:30:00,1700064000,0.88616,0.88881,0.88605,0.88823,5851,0,0
2023-11-15T20:00:00+00:00,2023-11-16,01:30:00,1700078400,0.88823,0.88849,0.88713,0.88717,2836,0,0
2023-11-16T00:00:00+00:00,2023-11-16,05:30:00,1700092800,0.88717,0.88884,0.88698,0.8887,3930,0,0
2023-11-16T04:00:00+00:00,2023-11-16,09:30:00,1700107200,0.88871,0.8888,0.88811,0.88855,3554,0,0
2023-11-16T08:00:00+00:00,2023-11-16,13:30:00,1700121600,0.88857,0.88966,0.88792,0.88859,6226,0,0
2023-11-16T12:00:00+00:00,2023-11-16,17:30:00,1700136000,0.88859,0.89001,0.88544,0.88736,11535,0,0
2023-11-16T16:00:00+00:00,2023-11-16,21:30:00,1700150400,0.88737,0.88876,0.88669,0.8886,5830,0,0
2023-11-16T20:00:00+00:00,2023-11-17,01:30:00,1700164800,0.88861,0.88914,0.88818,0.88856,2116,0,0
2023-11-17T00:00:00+00:00,2023-11-17,05:30:00,1700179200,0.88855,0.88918,0.88812,0.88825,3169,0,0
2023-11-17T04:00:00+00:00,2023-11-17,09:30:00,1700193600,0.88825,0.88919,0.88813,0.88891,5216,0,0
2023-11-17T08:00:00+00:00,2023-11-17,13:30:00,1700208000,0.8889,0.88937,0.88665,0.88757,8412,0,0
2023-11-17T12:00:00+00:00,2023-11-17,17:30:00,1700222400,0.88758,0.88839,0.88615,0.88635,10693,0,0
2023-11-17T16:00:00+00:00,2023-11-17,21:30:00,1700236800,0.88635,0.88731,0.88525,0.88558,6211,0,0
2023-11-17T20:00:00+00:00,2023-11-18,01:30:00,1700251200,0.88556,0.88622,0.88554,0.88567,1727,0,0
2023-11-19T20:00:00+00:00,2023-11-20,01:30:00,1700424000,0.88463,0.88604,0.88424,0.88602,836,33,0
2023-11-20T00:00:00+00:00,2023-11-20,05:30:00,1700438400,0.88602,0.88654,0.88393,0.8842,4620,0,0
2023-11-20T04:00:00+00:00,2023-11-20,09:30:00,1700452800,0.8842,0.8849,0.88309,0.88448,5382,0,0
2023-11-20T08:00:00+00:00,2023-11-20,13:30:00,1700467200,0.88447,0.88478,0.8826,0.88378,7113,0,0
2023-11-20T12:00:00+00:00,2023-11-20,17:30:00,1700481600,0.88378,0.8855,0.88323,0.88424,7701,0,0
2023-11-20T16:00:00+00:00,2023-11-20,21:30:00,1700496000,0.88425,0.88508,0.88373,0.88436,5573,0,0
2023-11-20T20:00:00+00:00,2023-11-21,01:30:00,1700510400,0.88437,0.88515,0.88423,0.88447,2362,0,0
2023-11-21T00:00:00+00:00,2023-11-21,05:30:00,1700524800,0.88447,0.88449,0.88289,0.88301,4812,0,0
2023-11-21T04:00:00+00:00,2023-11-21,09:30:00,1700539200,0.88302,0.88393,0.88273,0.88365,4624,0,0
2023-11-21T08:00:00+00:00,2023-11-21,13:30:00,1700553600,0.88362,0.88456,0.88275,0.8844,6914,0,0
2023-11-21T12:00:00+00:00,2023-11-21,17:30:00,1700568000,0.8844,0.88442,0.88196,0.88253,9123,0,0
2023-11-21T16:00:00+00:00,2023-11-21,21:30:00,1700582400,0.88253,0.88484,0.88205,0.8838,6888,0,0
2023-11-21T20:00:00+00:00,2023-11-22,01:30:00,1700596800,0.88379,0.88394,0.8833,0.88344,1794,0,0
2023-11-22T00:00:00+00:00,2023-11-22,05:30:00,1700611200,0.88344,0.88377,0.88286,0.88337,3698,0,0
2023-11-22T04:00:00+00:00,2023-11-22,09:30:00,1700625600,0.88337,0.88454,0.88314,0.88369,4218,0,0
2023-11-22T08:00:00+00:00,2023-11-22,13:30:00,1700640000,0.8837,0.88622,0.88319,0.88401,7237,0,0
2023-11-22T12:00:00+00:00,2023-11-22,17:30:00,1700654400,0.88401,0.88745,0.88204,0.88577,11150,0,0
2023-11-22T16:00:00+00:00,2023-11-22,21:30:00,1700668800,0.88577,0.88635,0.88401,0.88405,5062,0,0
2023-11-22T20:00:00+00:00,2023-11-23,01:30:00,1700683200,0.88406,0.88431,0.88335,0.88413,2339,0,0
2023-11-23T00:00:00+00:00,2023-11-23,05:30:00,1700697600,0.88414,0.88414,0.88255,0.88258,2882,0,0
2023-11-23T04:00:00+00:00,2023-11-23,09:30:00,1700712000,0.88258,0.8832,0.88233,0.88259,3564,0,0
2023-11-23T08:00:00+00:00,2023-11-23,13:30:00,1700726400,0.88259,0.8839,0.88178,0.88374,7482,0,0
2023-11-23T12:00:00+00:00,2023-11-23,17:30:00,1700740800,0.88375,0.88497,0.88289,0.88333,6227,0,0
2023-11-23T16:00:00+00:00,2023-11-23,21:30:00,1700755200,0.88333,0.88406,0.88325,0.88402,2018,0,0
2023-11-23T20:00:00+00:00,2023-11-24,01:30:00,1700769600,0.88402,0.88452,0.88205,0.88448,2662,0,0
2023-11-24T00:00:00+00:00,2023-11-24,05:30:00,1700784000,0.88446,0.88484,0.88353,0.88416,3359,0,0
2023-11-24T04:00:00+00:00,2023-11-24,09:30:00,1700798400,0.88416,0.88454,0.88297,0.88414,4420,0,0
2023-11-24T08:00:00+00:00,2023-11-24,13:30:00,1700812800,0.88415,0.88442,0.88313,0.88341,6457,0,0
2023-11-24T12:00:00+00:00,2023-11-24,17:30:00,1700827200,0.8834,0.88377,0.8811,0.88184,7872,0,0
2023-11-24T16:00:00+00:00,2023-11-24,21:30:00,1700841600,0.88184,0.8827,0.88078,0.88129,5337,0,0
2023-11-24T20:00:00+00:00,2023-11-25,01:30:00,1700856000,0.88135,0.88215,0.88086,0.88165,1243,52,0
2023-11-26T20:00:00+00:00,2023-11-27,01:30:00,1701028800,0.88031,0.88239,0.88031,0.88197,964,33,0
2023-11-27T00:00:00+00:00,2023-11-27,05:30:00,1701043200,0.8822,0.88278,0.88141,0.88208,4661,0,0
2023-11-27T04:00:00+00:00,2023-11-27,09:30:00,1701057600,0.88208,0.88274,0.88017,0.88101,5341,0,0
2023-11-27T08:00:00+00:00,2023-11-27,13:30:00,1701072000,0.881,0.88168,0.87958,0.8797,6503,0,0
2023-11-27T12:00:00+00:00,2023-11-27,17:30:00,1701086400,0.87968,0.88161,0.87937,0.88095,10212,0,0
2023-11-27T16:00:00+00:00,2023-11-27,21:30:00,1701100800,0.88096,0.88172,0.88026,0.88028,5752,0,0
2023-11-27T20:00:00+00:00,2023-11-28,01:30:00,1701115200,0.88029,0.88063,0.87994,0.88004,2573,0,0
2023-11-28T00:00:00+00:00,2023-11-28,05:30:00,1701129600,0.88003,0.88035,0.87953,0.88032,3421,0,0
2023-11-28T04:00:00+00:00,2023-11-28,09:30:00,1701144000,0.88031,0.88094,0.8801,0.88078,3843,0,0
2023-11-28T08:00:00+00:00,2023-11-28,13:30:00,1701158400,0.88078,0.88166,0.87981,0.8816,6596,0,0
2023-11-28T12:00:00+00:00,2023-11-28,17:30:00,1701172800,0.8816,0.88188,0.87708,0.87831,11822,0,0
2023-11-28T16:00:00+00:00,2023-11-28,21:30:00,1701187200,0.8783,0.87861,0.87612,0.87771,8148,0,0
2023-11-28T20:00:00+00:00,2023-11-29,01:30:00,1701201600,0.87771,0.87889,0.87708,0.87714,3130,0,0
2023-11-29T00:00:00+00:00,2023-11-29,05:30:00,1701216000,0.87714,0.8775,0.87574,0.87695,5203,0,0
2023-11-29T04:00:00+00:00,2023-11-29,09:30:00,1701230400,0.87695,0.87836,0.87627,0.87791,5520,0,0
2023-11-29T08:00:00+00:00,2023-11-29,13:30:00,1701244800,0.87795,0.87811,0.87596,0.87644,8401,0,0
2023-11-29T12:00:00+00:00,2023-11-29,17:30:00,1701259200,0.87644,0.8772,0.87321,0.87497,14161,0,0
2023-11-29T16:00:00+00:00,2023-11-29,21:30:00,1701273600,0.87498,0.87587,0.87206,0.87292,6619,0,0
2023-11-29T20:00:00+00:00,2023-11-30,01:30:00,1701288000,0.87293,0.87416,0.87292,0.87339,3149,0,0
2023-11-30T00:00:00+00:00,2023-11-30,05:30:00,1701302400,0.87339,0.87363,0.87176,0.87252,4155,0,0
2023-11-30T04:00:00+00:00,2023-11-30,09:30:00,1701316800,0.87252,0.87399,0.87193,0.87301,5808,0,0
2023-11-30T08:00:00+00:00,2023-11-30,13:30:00,1701331200,0.87299,0.87609,0.87219,0.87528,10023,0,0
2023-11-30T12:00:00+00:00,2023-11-30,17:30:00,1701345600,0.87528,0.87705,0.86848,0.87015,16930,0,0
2023-11-30T16:00:00+00:00,2023-11-30,21:30:00,1701360000,0.87014,0.87635,0.86917,0.87524,11236,0,0
2023-11-30T20:00:00+00:00,2023-12-01,01:30:00,1701374400,0.87524,0.87652,0.87427,0.87477,3481,0,0
2023-12-01T00:00:00+00:00,2023-12-01,05:30:00,1701388800,0.87476,0.87501,0.87359,0.87496,3753,0,0
2023-12-01T04:00:00+00:00,2023-12-01,09:30:00,1701403200,0.87498,0.87507,0.87401,0.87478,4245,0,0
2023-12-01T08:00:00+00:00,2023-12-01,13:30:00,1701417600,0.87478,0.875,0.87313,0.87447,8469,0,0
2023-12-01T12:00:00+00:00,2023-12-01,17:30:00,1701432000,0.87447,0.87681,0.87221,0.87225,13494,0,0
2023-12-01T16:00:00+00:00,2023-12-01,21:30:00,1701446400,0.87225,0.87318,0.86796,0.86927,13373,0,0
2023-12-01T20:00:00+00:00,2023-12-02,01:30:00,1701460800,0.86927,0.86966,0.86889,0.86908,1457,0,0
2023-12-03T20:00:00+00:00,2023-12-04,01:30:00,1701633600,0.86837,0.86929,0.86657,0.86764,2339,33,0
2023-12-04T00:00:00+00:00,2023-12-04,05:30:00,1701648000,0.86764,0.87091,0.86761,0.87009,6478,0,0
2023-12-04T04:00:00+00:00,2023-12-04,09:30:00,1701662400,0.87009,0.87551,0.86997,0.87505,7439,0,0
2023-12-04T08:00:00+00:00,2023-12-04,13:30:00,1701676800,0.87503,0.87508,0.87163,0.87256,9149,0,0
2023-12-04T12:00:00+00:00,2023-12-04,17:30:00,1701691200,0.87257,0.8753,0.87126,0.87397,14047,0,0
2023-12-04T16:00:00+00:00,2023-12-04,21:30:00,1701705600,0.87398,0.87433,0.87236,0.87318,6809,0,0
2023-12-04T20:00:00+00:00,2023-12-05,01:30:00,1701720000,0.87318,0.87346,0.87247,0.87262,2682,0,0
2023-12-05T00:00:00+00:00,2023-12-05,05:30:00,1701734400,0.87262,0.87294,0.87147,0.87263,4192,0,0
2023-12-05T04:00:00+00:00,2023-12-05,09:30:00,1701748800,0.87264,0.87433,0.87182,0.87426,5630,0,0
2023-12-05T08:00:00+00:00,2023-12-05,13:30:00,1701763200,0.87428,0.87482,0.87261,0.87406,8739,0,0
2023-12-05T12:00:00+00:00,2023-12-05,17:30:00,1701777600,0.87405,0.87603,0.8729,0.87413,13803,0,0
2023-12-05T16:00:00+00:00,2023-12-05,21:30:00,1701792000,0.87413,0.87662,0.87385,0.8754,8364,0,0
2023-12-05T20:00:00+00:00,2023-12-06,01:30:00,1701806400,0.87539,0.87552,0.87422,0.87508,2554,0,0
2023-12-06T00:00:00+00:00,2023-12-06,05:30:00,1701820800,0.87508,0.8754,0.87459,0.87479,3684,0,0
2023-12-06T04:00:00+00:00,2023-12-06,09:30:00,1701835200,0.87479,0.87568,0.87385,0.87413,4106,0,0
2023-12-06T08:00:00+00:00,2023-12-06,13:30:00,1701849600,0.87412,0.87598,0.87389,0.8747,8765,0,0
2023-12-06T12:00:00+00:00,2023-12-06,17:30:00,1701864000,0.87469,0.87544,0.87292,0.87356,13269,0,0
2023-12-06T16:00:00+00:00,2023-12-06,21:30:00,1701878400,0.87355,0.87527,0.87309,0.87483,6603,0,0
2023-12-06T20:00:00+00:00,2023-12-07,01:30:00,1701892800,0.87484,0.87569,0.87448,0.87467,3313,0,0
2023-12-07T00:00:00+00:00,2023-12-07,05:30:00,1701907200,0.87467,0.87546,0.8744,0.87543,4012,0,0
2023-12-07T04:00:00+00:00,2023-12-07,09:30:00,1701921600,0.87544,0.87621,0.87381,0.87393,5587,0,0
2023-12-07T08:00:00+00:00,2023-12-07,13:30:00,1701936000,0.87391,0.87542,0.87294,0.87498,8948,0,0
2023-12-07T12:00:00+00:00,2023-12-07,17:30:00,1701950400,0.87498,0.8782,0.87443,0.87649,16457,0,0
2023-12-07T16:00:00+00:00,2023-12-07,21:30:00,1701964800,0.8765,0.87689,0.87285,0.87435,9614,0,0
2023-12-07T20:00:00+00:00,2023-12-08,01:30:00,1701979200,0.87434,0.87586,0.87431,0.87552,2805,0,0
2023-12-08T00:00:00+00:00,2023-12-08,05:30:00,1701993600,0.87552,0.87552,0.87445,0.87508,5695,0,0
2023-12-08T04:00:00+00:00,2023-12-08,09:30:00,1702008000,0.87508,0.8764,0.87485,0.87609,5426,0,0
2023-12-08T08:00:00+00:00,2023-12-08,13:30:00,1702022400,0.87609,0.8762,0.87416,0.87483,8048,0,0
2023-12-08T12:00:00+00:00,2023-12-08,17:30:00,1702036800,0.87483,0.88125,0.87442,0.87969,20030,0,0
2023-12-08T16:00:00+00:00,2023-12-08,21:30:00,1702051200,0.87969,0.88207,0.87917,0.88036,8978,0,0
2023-12-08T20:00:00+00:00,2023-12-09,01:30:00,1702065600,0.88037,0.88056,0.87968,0.88005,1741,0,0
2023-12-10T20:00:00+00:00,2023-12-11,01:30:00,1702238400,0.8796,0.88025,0.879,0.87953,1162,33,0
2023-12-11T00:00:00+00:00,2023-12-11,05:30:00,1702252800,0.87966,0.87984,0.87881,0.87976,4927,0,0
2023-12-11T04:00:00+00:00,2023-12-11,09:30:00,1702267200,0.87976,0.88049,0.87917,0.88038,5693,0,0
2023-12-11T08:00:00+00:00,2023-12-11,13:30:00,1702281600,0.88036,0.88071,0.8785,0.88006,8285,0,0
2023-12-11T12:00:00+00:00,2023-12-11,17:30:00,1702296000,0.88005,0.88159,0.87914,0.87929,9282,0,0
2023-12-11T16:00:00+00:00,2023-12-11,21:30:00,1702310400,0.8793,0.88012,0.87792,0.87836,6710,0,0
2023-12-11T20:00:00+00:00,2023-12-12,01:30:00,1702324800,0.87837,0.87877,0.87815,0.87836,2486,0,0
2023-12-12T00:00:00+00:00,2023-12-12,05:30:00,1702339200,0.87835,0.87846,0.87672,0.87709,3449,0,0
2023-12-12T04:00:00+00:00,2023-12-12,09:30:00,1702353600,0.87709,0.87733,0.87549,0.87609,4516,0,0
2023-12-12T08:00:00+00:00,2023-12-12,13:30:00,1702368000,0.8761,0.87815,0.8749,0.87522,8468,0,0
2023-12-12T12:00:00+00:00,2023-12-12,17:30:00,1702382400,0.87522,0.87805,0.87233,0.87623,17364,0,0
2023-12-12T16:00:00+00:00,2023-12-12,21:30:00,1702396800,0.87621,0.87648,0.87544,0.8757,7329,0,0
2023-12-12T20:00:00+00:00,2023-12-13,01:30:00,1702411200,0.8757,0.87577,0.87491,0.87519,3239,0,0
2023-12-13T00:00:00+00:00,2023-12-13,05:30:00,1702425600,0.87519,0.87585,0.87503,0.87579,4590,0,0
2023-12-13T04:00:00+00:00,2023-12-13,09:30:00,1702440000,0.87579,0.87662,0.87531,0.87545,5522,0,0
2023-12-13T08:00:00+00:00,2023-12-13,13:30:00,1702454400,0.87548,0.87704,0.87548,0.87575,7206,0,0
2023-12-13T12:00:00+00:00,2023-12-13,17:30:00,1702468800,0.87574,0.87778,0.87496,0.87616,10646,0,0
2023-12-13T16:00:00+00:00,2023-12-13,21:30:00,1702483200,0.87616,0.87801,0.86954,0.86964,15483,0,0
2023-12-13T20:00:00+00:00,2023-12-14,01:30:00,1702497600,0.86966,0.87232,0.86906,0.87106,8800,0,0
2023-12-14T00:00:00+00:00,2023-12-14,05:30:00,1702512000,0.87106,0.87106,0.86658,0.86735,7162,0,0
2023-12-14T04:00:00+00:00,2023-12-14,09:30:00,1702526400,0.86734,0.87192,0.86717,0.87155,9466,0,0
2023-12-14T08:00:00+00:00,2023-12-14,13:30:00,1702540800,0.87156,0.87317,0.86779,0.86842,17782,0,0
2023-12-14T12:00:00+00:00,2023-12-14,17:30:00,1702555200,0.86839,0.87118,0.86542,0.8661,21970,0,0
2023-12-14T16:00:00+00:00,2023-12-14,21:30:00,1702569600,0.86612,0.86718,0.86305,0.86605,11000,0,0
2023-12-14T20:00:00+00:00,2023-12-15,01:30:00,1702584000,0.86605,0.86769,0.86589,0.86709,3911,0,0
2023-12-15T00:00:00+00:00,2023-12-15,05:30:00,1702598400,0.8671,0.86816,0.86557,0.8657,4878,0,0
2023-12-15T04:00:00+00:00,2023-12-15,09:30:00,1702612800,0.8657,0.86791,0.86524,0.86704,6477,0,0
2023-12-15T08:00:00+00:00,2023-12-15,13:30:00,1702627200,0.86703,0.86849,0.866,0.8661,10072,0,0
2023-12-15T12:00:00+00:00,2023-12-15,17:30:00,1702641600,0.8661,0.86986,0.86576,0.86687,16238,0,0
2023-12-15T16:00:00+00:00,2023-12-15,21:30:00,1702656000,0.86687,0.87076,0.86649,0.87012,9202,0,0
2023-12-15T20:00:00+00:00,2023-12-16,01:30:00,1702670400,0.87011,0.87115,0.86947,0.87021,2583,0,0
2023-12-17T20:00:00+00:00,2023-12-18,01:30:00,1702843200,0.86946,0.8707,0.86902,0.87046,1978,33,0
2023-12-18T00:00:00+00:00,2023-12-18,05:30:00,1702857600,0.87067,0.87115,0.86937,0.86966,4521,0,0
2023-12-18T04:00:00+00:00,2023-12-18,09:30:00,1702872000,0.86966,0.86981,0.86828,0.86839,4551,0,0
2023-12-18T08:00:00+00:00,2023-12-18,13:30:00,1702886400,0.86838,0.8693,0.86696,0.86711,7854,0,0
2023-12-18T12:00:00+00:00,2023-12-18,17:30:00,1702900800,0.86711,0.86915,0.86668,0.86807,10728,0,0
2023-12-18T16:00:00+00:00,2023-12-18,21:30:00,1702915200,0.86806,0.8685,0.86719,0.86836,6750,0,0
2023-12-18T20:00:00+00:00,2023-12-19,01:30:00,1702929600,0.86836,0.86868,0.86652,0.86717,3524,0,0
2023-12-19T00:00:00+00:00,2023-12-19,05:30:00,1702944000,0.86717,0.86771,0.86662,0.86668,4933,0,0
2023-12-19T04:00:00+00:00,2023-12-19,09:30:00,1702958400,0.86668,0.86708,0.86515,0.86601,6303,0,0
2023-12-19T08:00:00+00:00,2023-12-19,13:30:00,1702972800,0.866,0.86743,0.86562,0.86607,9423,0,0
2023-12-19T12:00:00+00:00,2023-12-19,17:30:00,1702987200,0.86606,0.86607,0.85932,0.8597,13970,0,0
2023-12-19T16:00:00+00:00,2023-12-19,21:30:00,1703001600,0.8597,0.86203,0.8597,0.86082,7451,0,0
2023-12-19T20:00:00+00:00,2023-12-20,01:30:00,1703016000,0.86082,0.86118,0.86,0.86074,2903,0,0
2023-12-20T00:00:00+00:00,2023-12-20,05:30:00,1703030400,0.86074,0.86141,0.86044,0.86127,3733,0,0
2023-12-20T04:00:00+00:00,2023-12-20,09:30:00,1703044800,0.86127,0.86166,0.86017,0.86096,5678,0,0
2023-12-20T08:00:00+00:00,2023-12-20,13:30:00,1703059200,0.86096,0.86381,0.86072,0.86373,9589,0,0
2023-12-20T12:00:00+00:00,2023-12-20,17:30:00,1703073600,0.86374,0.86507,0.86048,0.86106,11177,0,0
2023-12-20T16:00:00+00:00,2023-12-20,21:30:00,1703088000,0.86106,0.86296,0.86051,0.86268,6756,0,0
2023-12-20T20:00:00+00:00,2023-12-21,01:30:00,1703102400,0.86268,0.86401,0.86217,0.8627,4811,0,0
2023-12-21T00:00:00+00:00,2023-12-21,05:30:00,1703116800,0.8627,0.8628,0.86121,0.8622,4995,0,0
2023-12-21T04:00:00+00:00,2023-12-21,09:30:00,1703131200,0.86219,0.86272,0.8614,0.86223,5171,0,0
2023-12-21T08:00:00+00:00,2023-12-21,13:30:00,1703145600,0.86226,0.86323,0.85906,0.85912,7816,0,0
2023-12-21T12:00:00+00:00,2023-12-21,17:30:00,1703160000,0.85913,0.85961,0.85625,0.85688,14859,0,0
2023-12-21T16:00:00+00:00,2023-12-21,21:30:00,1703174400,0.85687,0.8589,0.85642,0.857,9896,0,0
2023-12-21T20:00:00+00:00,2023-12-22,01:30:00,1703188800,0.857,0.85729,0.85596,0.85637,3623,0,0
2023-12-22T00:00:00+00:00,2023-12-22,05:30:00,1703203200,0.85636,0.85688,0.85577,0.85675,4333,0,0
2023-12-22T04:00:00+00:00,2023-12-22,09:30:00,1703217600,0.85675,0.85731,0.85616,0.85654,5145,0,0
2023-12-22T08:00:00+00:00,2023-12-22,13:30:00,1703232000,0.85652,0.85666,0.85301,0.85336,8438,0,0
2023-12-22T12:00:00+00:00,2023-12-22,17:30:00,1703246400,0.85337,0.8565,0.85141,0.85555,14761,0,0
2023-12-22T16:00:00+00:00,2023-12-22,21:30:00,1703260800,0.85554,0.85733,0.85478,0.85592,8887,0,0
2023-12-22T20:00:00+00:00,2023-12-23,01:30:00,1703275200,0.85591,0.8561,0.85528,0.8559,2008,0,0
2023-12-25T20:00:00+00:00,2023-12-26,01:30:00,1703534400,0.85128,0.87462,0.83051,0.85534,2261,79,0
2023-12-26T00:00:00+00:00,2023-12-26,05:30:00,1703548800,0.85542,0.85633,0.8543,0.85471,2739,79,0
2023-12-26T04:00:00+00:00,2023-12-26,09:30:00,1703563200,0.85472,0.8558,0.85403,0.85545,3207,79,0
2023-12-26T08:00:00+00:00,2023-12-26,13:30:00,1703577600,0.85544,0.85758,0.85512,0.85743,3256,51,0
2023-12-26T12:00:00+00:00,2023-12-26,17:30:00,1703592000,0.85743,0.85786,0.85384,0.85538,5772,1,0
2023-12-26T16:00:00+00:00,2023-12-26,21:30:00,1703606400,0.85538,0.85581,0.85336,0.85351,4015,1,0
2023-12-26T20:00:00+00:00,2023-12-27,01:30:00,1703620800,0.85351,0.8539,0.85313,0.85381,2369,0,0
2023-12-27T00:00:00+00:00,2023-12-27,05:30:00,1703635200,0.85381,0.8545,0.85365,0.85375,2440,1,0
2023-12-27T04:00:00+00:00,2023-12-27,09:30:00,1703649600,0.85375,0.85487,0.85289,0.85429,3131,1,0
2023-12-27T08:00:00+00:00,2023-12-27,13:30:00,1703664000,0.85429,0.85458,0.85162,0.85286,5139,1,0
2023-12-27T12:00:00+00:00,2023-12-27,17:30:00,1703678400,0.85286,0.85366,0.84599,0.84611,7352,1,0
2023-12-27T16:00:00+00:00,2023-12-27,21:30:00,1703692800,0.84612,0.84612,0.84087,0.84328,8896,1,0
2023-12-27T20:00:00+00:00,2023-12-28,01:30:00,1703707200,0.84329,0.84347,0.84246,0.84252,2951,0,0
2023-12-28T00:00:00+00:00,2023-12-28,05:30:00,1703721600,0.84252,0.84252,0.83963,0.83982,3303,1,0
2023-12-28T04:00:00+00:00,2023-12-28,09:30:00,1703736000,0.83982,0.84087,0.83872,0.8394,4481,1,0
2023-12-28T08:00:00+00:00,2023-12-28,13:30:00,1703750400,0.8394,0.83967,0.83381,0.83646,9256,1,0
2023-12-28T12:00:00+00:00,2023-12-28,17:30:00,1703764800,0.83645,0.83968,0.83327,0.83612,10621,1,0
2023-12-28T16:00:00+00:00,2023-12-28,21:30:00,1703779200,0.83612,0.8446,0.83611,0.84345,8186,1,0
2023-12-28T20:00:00+00:00,2023-12-29,01:30:00,1703793600,0.84344,0.84509,0.84324,0.84348,3794,0,0
2023-12-29T00:00:00+00:00,2023-12-29,05:30:00,1703808000,0.84349,0.8436,0.84218,0.84324,3468,1,0
2023-12-29T04:00:00+00:00,2023-12-29,09:30:00,1703822400,0.84325,0.84356,0.84082,0.84138,3750,1,0
2023-12-29T08:00:00+00:00,2023-12-29,13:30:00,1703836800,0.84138,0.84174,0.83628,0.83636,9642,1,0
2023-12-29T12:00:00+00:00,2023-12-29,17:30:00,1703851200,0.83636,0.84182,0.83567,0.84151,12762,1,0
2023-12-29T16:00:00+00:00,2023-12-29,21:30:00,1703865600,0.84151,0.84326,0.83896,0.84131,10206,1,0
2023-12-29T20:00:00+00:00,2023-12-30,01:30:00,1703880000,0.84131,0.8419,0.84064,0.84155,2286,1,0
2024-01-01T20:00:00+00:00,2024-01-02,01:30:00,1704139200,0.8381,0.84199,0.83751,0.84141,1097,79,0
2024-01-02T00:00:00+00:00,2024-01-02,05:30:00,1704153600,0.84162,0.84438,0.84136,0.84393,3156,51,0
2024-01-02T04:00:00+00:00,2024-01-02,09:30:00,1704168000,0.84393,0.84576,0.84293,0.84573,4173,79,0
2024-01-02T08:00:00+00:00,2024-01-02,13:30:00,1704182400,0.84565,0.85037,0.84354,0.85012,9045,1,0
2024-01-02T12:00:00+00:00,2024-01-02,17:30:00,1704196800,0.85012,0.85014,0.84642,0.84873,12651,1,0
2024-01-02T16:00:00+00:00,2024-01-02,21:30:00,1704211200,0.84872,0.85069,0.84744,0.84954,6139,1,0
2024-01-02T20:00:00+00:00,2024-01-03,01:30:00,1704225600,0.84953,0.85056,0.84905,0.85011,3065,0,0
2024-01-03T00:00:00+00:00,2024-01-03,05:30:00,1704240000,0.85011,0.85026,0.84893,0.84917,3143,1,0
2024-01-03T04:00:00+00:00,2024-01-03,09:30:00,1704254400,0.84917,0.85186,0.84894,0.84988,4650,1,0
2024-01-03T08:00:00+00:00,2024-01-03,13:30:00,1704268800,0.84987,0.85545,0.84923,0.85471,9635,1,0
2024-01-03T12:00:00+00:00,2024-01-03,17:30:00,1704283200,0.85474,0.85486,0.8507,0.8525,15581,0,0
2024-01-03T16:00:00+00:00,2024-01-03,21:30:00,1704297600,0.8525,0.85314,0.85016,0.85064,11073,1,0
2024-01-03T20:00:00+00:00,2024-01-04,01:30:00,1704312000,0.85063,0.851,0.8488,0.84925,4515,0,0
2024-01-04T00:00:00+00:00,2024-01-04,05:30:00,1704326400,0.84924,0.8506,0.84827,0.84866,3909,1,0
2024-01-04T04:00:00+00:00,2024-01-04,09:30:00,1704340800,0.84866,0.85012,0.84775,0.84832,5568,1,0
2024-01-04T08:00:00+00:00,2024-01-04,13:30:00,1704355200,0.84834,0.85122,0.84779,0.85063,9039,1,0
2024-01-04T12:00:00+00:00,2024-01-04,17:30:00,1704369600,0.85064,0.85288,0.84867,0.8497,11410,1,0
2024-01-04T16:00:00+00:00,2024-01-04,21:30:00,1704384000,0.84967,0.85206,0.84927,0.851,5883,1,0
2024-01-04T20:00:00+00:00,2024-01-05,01:30:00,1704398400,0.851,0.85152,0.84977,0.85027,3176,0,0
2024-01-05T00:00:00+00:00,2024-01-05,05:30:00,1704412800,0.85027,0.85063,0.84874,0.85056,3201,1,0
2024-01-05T04:00:00+00:00,2024-01-05,09:30:00,1704427200,0.85055,0.8523,0.85041,0.85167,3759,1,0
2024-01-05T08:00:00+00:00,2024-01-05,13:30:00,1704441600,0.85167,0.85385,0.85118,0.85323,7535,1,0
2024-01-05T12:00:00+00:00,2024-01-05,17:30:00,1704456000,0.85324,0.85771,0.84553,0.84722,18970,1,0
2024-01-05T16:00:00+00:00,2024-01-05,21:30:00,1704470400,0.84721,0.85055,0.84668,0.84958,8991,1,0
2024-01-05T20:00:00+00:00,2024-01-06,01:30:00,1704484800,0.84956,0.85071,0.84956,0.85029,1925,1,0
2024-01-07T20:00:00+00:00,2024-01-08,01:30:00,1704657600,0.84917,0.8512,0.84896,0.85062,1242,34,0
2024-01-08T00:00:00+00:00,2024-01-08,05:30:00,1704672000,0.85079,0.85196,0.84982,0.85187,3019,1,0
2024-01-08T04:00:00+00:00,2024-01-08,09:30:00,1704686400,0.85188,0.85212,0.84873,0.85011,4636,1,0
2024-01-08T08:00:00+00:00,2024-01-08,13:30:00,1704700800,0.85011,0.85208,0.84985,0.85142,8009,1,0
2024-01-08T12:00:00+00:00,2024-01-08,17:30:00,1704715200,0.85141,0.85174,0.84619,0.8464,9760,1,0
2024-01-08T16:00:00+00:00,2024-01-08,21:30:00,1704729600,0.84637,0.84808,0.84604,0.84705,5288,1,0
2024-01-08T20:00:00+00:00,2024-01-09,01:30:00,1704744000,0.84706,0.84831,0.84706,0.84806,3673,0,0
2024-01-09T00:00:00+00:00,2024-01-09,05:30:00,1704758400,0.84806,0.84813,0.84645,0.84698,3614,1,0
2024-01-09T04:00:00+00:00,2024-01-09,09:30:00,1704772800,0.84698,0.84869,0.84684,0.84757,3542,1,0
2024-01-09T08:00:00+00:00,2024-01-09,13:30:00,1704787200,0.84759,0.85143,0.84755,0.8514,8334,1,0
2024-01-09T12:00:00+00:00,2024-01-09,17:30:00,1704801600,0.85141,0.85243,0.84963,0.85226,10475,1,0
2024-01-09T16:00:00+00:00,2024-01-09,21:30:00,1704816000,0.85225,0.85319,0.85107,0.85236,5888,1,0
2024-01-09T20:00:00+00:00,2024-01-10,01:30:00,1704830400,0.85235,0.85276,0.85171,0.85243,2824,0,0
2024-01-10T00:00:00+00:00,2024-01-10,05:30:00,1704844800,0.85243,0.85269,0.85192,0.85246,3299,1,0
2024-01-10T04:00:00+00:00,2024-01-10,09:30:00,1704859200,0.85247,0.85353,0.85148,0.85226,4280,1,0
2024-01-10T08:00:00+00:00,2024-01-10,13:30:00,1704873600,0.85227,0.85314,0.85128,0.85274,6786,1,0
2024-01-10T12:00:00+00:00,2024-01-10,17:30:00,1704888000,0.85274,0.85325,0.85076,0.85133,8156,1,0
2024-01-10T16:00:00+00:00,2024-01-10,21:30:00,1704902400,0.85132,0.8521,0.85099,0.85148,5393,1,0
2024-01-10T20:00:00+00:00,2024-01-11,01:30:00,1704916800,0.85148,0.85223,0.85051,0.85056,3432,0,0
2024-01-11T00:00:00+00:00,2024-01-11,05:30:00,1704931200,0.85056,0.8506,0.84912,0.84954,2863,1,0
2024-01-11T04:00:00+00:00,2024-01-11,09:30:00,1704945600,0.84954,0.85069,0.84909,0.85033,3457,1,0
2024-01-11T08:00:00+00:00,2024-01-11,13:30:00,1704960000,0.85036,0.85196,0.85002,0.85034,6024,1,0
2024-01-11T12:00:00+00:00,2024-01-11,17:30:00,1704974400,0.85033,0.85647,0.84887,0.85465,18443,1,0
2024-01-11T16:00:00+00:00,2024-01-11,21:30:00,1704988800,0.85466,0.85663,0.85207,0.85233,9474,1,0
2024-01-11T20:00:00+00:00,2024-01-12,01:30:00,1705003200,0.85231,0.8541,0.85091,0.85108,4273,0,0
2024-01-12T00:00:00+00:00,2024-01-12,05:30:00,1705017600,0.85109,0.85246,0.85108,0.85188,3278,1,0
2024-01-12T04:00:00+00:00,2024-01-12,09:30:00,1705032000,0.85188,0.8536,0.85166,0.85306,3833,1,0
2024-01-12T08:00:00+00:00,2024-01-12,13:30:00,1705046400,0.85306,0.85411,0.8515,0.85361,6829,1,0
2024-01-12T12:00:00+00:00,2024-01-12,17:30:00,1705060800,0.85361,0.85508,0.84887,0.85096,13046,1,0
2024-01-12T16:00:00+00:00,2024-01-12,21:30:00,1705075200,0.85097,0.85363,0.85065,0.85258,5516,1,0
2024-01-12T20:00:00+00:00,2024-01-13,01:30:00,1705089600,0.85256,0.85287,0.85201,0.85255,1541,1,0
2024-01-14T20:00:00+00:00,2024-01-15,01:30:00,1705262400,0.8516,0.85334,0.85154,0.85327,924,34,0
2024-01-15T00:00:00+00:00,2024-01-15,05:30:00,1705276800,0.85343,0.85408,0.85226,0.85237,3078,1,0
2024-01-15T04:00:00+00:00,2024-01-15,09:30:00,1705291200,0.85237,0.85428,0.85235,0.85413,2528,1,0
2024-01-15T08:00:00+00:00,2024-01-15,13:30:00,1705305600,0.85413,0.85478,0.85222,0.8539,5619,1,0
2024-01-15T12:00:00+00:00,2024-01-15,17:30:00,1705320000,0.8539,0.85576,0.85354,0.8551,6066,1,0
2024-01-15T16:00:00+00:00,2024-01-15,21:30:00,1705334400,0.8551,0.85614,0.85457,0.85608,2337,1,0
2024-01-15T20:00:00+00:00,2024-01-16,01:30:00,1705348800,0.85608,0.85621,0.85552,0.85602,2987,0,0
2024-01-16T00:00:00+00:00,2024-01-16,05:30:00,1705363200,0.85604,0.85806,0.85592,0.85789,4233,1,0
2024-01-16T04:00:00+00:00,2024-01-16,09:30:00,1705377600,0.85788,0.86045,0.85762,0.85923,4673,1,0
2024-01-16T08:00:00+00:00,2024-01-16,13:30:00,1705392000,0.85924,0.86162,0.85836,0.86018,8941,1,0
2024-01-16T12:00:00+00:00,2024-01-16,17:30:00,1705406400,0.86018,0.86144,0.85916,0.85926,11538,1,0
2024-01-16T16:00:00+00:00,2024-01-16,21:30:00,1705420800,0.85926,0.86197,0.8592,0.86108,9783,1,0
2024-01-16T20:00:00+00:00,2024-01-17,01:30:00,1705435200,0.86108,0.8617,0.86097,0.86151,3387,0,0
2024-01-17T00:00:00+00:00,2024-01-17,05:30:00,1705449600,0.86152,0.86241,0.8608,0.86232,3330,1,0
2024-01-17T04:00:00+00:00,2024-01-17,09:30:00,1705464000,0.86232,0.86322,0.86177,0.86242,5350,1,0
2024-01-17T08:00:00+00:00,2024-01-17,13:30:00,1705478400,0.86244,0.86438,0.86077,0.86394,8761,1,0
2024-01-17T12:00:00+00:00,2024-01-17,17:30:00,1705492800,0.86396,0.86852,0.86377,0.86816,11454,1,0
2024-01-17T16:00:00+00:00,2024-01-17,21:30:00,1705507200,0.86814,0.86819,0.86511,0.86557,7322,1,0
2024-01-17T20:00:00+00:00,2024-01-18,01:30:00,1705521600,0.86556,0.86576,0.86426,0.86438,2984,0,0
2024-01-18T00:00:00+00:00,2024-01-18,05:30:00,1705536000,0.86436,0.86483,0.86332,0.86433,3842,1,0
2024-01-18T04:00:00+00:00,2024-01-18,09:30:00,1705550400,0.86433,0.86509,0.86379,0.86461,4170,1,0
2024-01-18T08:00:00+00:00,2024-01-18,13:30:00,1705564800,0.86463,0.86643,0.86399,0.86482,7539,1,0
2024-01-18T12:00:00+00:00,2024-01-18,17:30:00,1705579200,0.86482,0.869,0.86454,0.86887,12663,1,0
2024-01-18T16:00:00+00:00,2024-01-18,21:30:00,1705593600,0.86888,0.86941,0.86759,0.8694,6712,1,0
2024-01-18T20:00:00+00:00,2024-01-19,01:30:00,1705608000,0.86938,0.8694,0.86781,0.86805,3111,0,0
2024-01-19T00:00:00+00:00,2024-01-19,05:30:00,1705622400,0.86805,0.86864,0.8678,0.86806,3341,1,0
2024-01-19T04:00:00+00:00,2024-01-19,09:30:00,1705636800,0.86807,0.86928,0.86768,0.86822,3803,1,0
2024-01-19T08:00:00+00:00,2024-01-19,13:30:00,1705651200,0.86822,0.86937,0.86782,0.86895,6613,1,0
2024-01-19T12:00:00+00:00,2024-01-19,17:30:00,1705665600,0.86896,0.87045,0.86798,0.86891,8824,1,0
2024-01-19T16:00:00+00:00,2024-01-19,21:30:00,1705680000,0.86894,0.87013,0.86855,0.86903,5590,1,0
2024-01-19T20:00:00+00:00,2024-01-20,01:30:00,1705694400,0.86903,0.86918,0.86788,0.86809,1595,1,0
2024-01-21T20:00:00+00:00,2024-01-22,01:30:00,1705867200,0.86777,0.86866,0.86721,0.86832,1929,33,0
2024-01-22T00:00:00+00:00,2024-01-22,05:30:00,1705881600,0.86853,0.86892,0.86767,0.86825,3691,1,0
2024-01-22T04:00:00+00:00,2024-01-22,09:30:00,1705896000,0.86826,0.86907,0.86774,0.86879,4652,1,0
2024-01-22T08:00:00+00:00,2024-01-22,13:30:00,1705910400,0.86879,0.86916,0.86665,0.86824,7785,1,0
2024-01-22T12:00:00+00:00,2024-01-22,17:30:00,1705924800,0.86824,0.86954,0.86712,0.86918,8259,1,0
2024-01-22T16:00:00+00:00,2024-01-22,21:30:00,1705939200,0.86919,0.87004,0.86818,0.86887,4704,1,0
2024-01-22T20:00:00+00:00,2024-01-23,01:30:00,1705953600,0.86886,0.8693,0.86872,0.86921,2750,0,0
2024-01-23T00:00:00+00:00,2024-01-23,05:30:00,1705968000,0.86921,0.86935,0.86679,0.8669,3838,1,0
2024-01-23T04:00:00+00:00,2024-01-23,09:30:00,1705982400,0.8669,0.86712,0.86503,0.86673,5301,1,0
2024-01-23T08:00:00+00:00,2024-01-23,13:30:00,1705996800,0.86671,0.8696,0.86653,0.86937,7193,1,0
2024-01-23T12:00:00+00:00,2024-01-23,17:30:00,1706011200,0.86937,0.87283,0.86835,0.87153,8400,0,0
2024-01-23T16:00:00+00:00,2024-01-23,21:30:00,1706025600,0.87152,0.87209,0.87053,0.87094,5340,0,0
2024-01-23T20:00:00+00:00,2024-01-24,01:30:00,1706040000,0.87094,0.87116,0.8694,0.86968,2764,0,0
2024-01-24T00:00:00+00:00,2024-01-24,05:30:00,1706054400,0.8697,0.86998,0.86931,0.86972,3369,1,0
2024-01-24T04:00:00+00:00,2024-01-24,09:30:00,1706068800,0.86971,0.86974,0.86757,0.86796,4186,1,0
2024-01-24T08:00:00+00:00,2024-01-24,13:30:00,1706083200,0.86796,0.86809,0.86418,0.86523,8054,1,0
2024-01-24T12:00:00+00:00,2024-01-24,17:30:00,1706097600,0.86523,0.86527,0.86068,0.86319,11493,1,0
2024-01-24T16:00:00+00:00,2024-01-24,21:30:00,1706112000,0.86319,0.86444,0.86209,0.86326,7069,1,0
2024-01-24T20:00:00+00:00,2024-01-25,01:30:00,1706126400,0.86326,0.8636,0.86264,0.86305,3104,0,0
2024-01-25T00:00:00+00:00,2024-01-25,05:30:00,1706140800,0.8631,0.86492,0.8631,0.86452,3684,1,0
2024-01-25T04:00:00+00:00,2024-01-25,09:30:00,1706155200,0.86452,0.8648,0.86266,0.86307,4097,1,0
2024-01-25T08:00:00+00:00,2024-01-25,13:30:00,1706169600,0.86306,0.865,0.86282,0.86456,6901,1,0
2024-01-25T12:00:00+00:00,2024-01-25,17:30:00,1706184000,0.86455,0.86796,0.86424,0.86781,15224,1,0
2024-01-25T16:00:00+00:00,2024-01-25,21:30:00,1706198400,0.86782,0.86849,0.86667,0.86751,7244,1,0
2024-01-25T20:00:00+00:00,2024-01-26,01:30:00,1706212800,0.86751,0.86784,0.86688,0.86706,2803,0,0
2024-01-26T00:00:00+00:00,2024-01-26,05:30:00,1706227200,0.86718,0.86766,0.86641,0.86665,3359,1,0
2024-01-26T04:00:00+00:00,2024-01-26,09:30:00,1706241600,0.86665,0.8685,0.8665,0.86793,4024,1,0
2024-01-26T08:00:00+00:00,2024-01-26,13:30:00,1706256000,0.86792,0.86796,0.8619,0.86304,7825,1,0
2024-01-26T12:00:00+00:00,2024-01-26,17:30:00,1706270400,0.86303,0.86498,0.86166,0.86309,11582,1,0
2024-01-26T16:00:00+00:00,2024-01-26,21:30:00,1706284800,0.86309,0.86488,0.86305,0.86421,5550,1,0
2024-01-26T20:00:00+00:00,2024-01-27,01:30:00,1706299200,0.8642,0.86432,0.86351,0.86396,1703,1,0
2024-01-28T20:00:00+00:00,2024-01-29,01:30:00,1706472000,0.86385,0.86426,0.86329,0.86417,1217,33,0
2024-01-29T00:00:00+00:00,2024-01-29,05:30:00,1706486400,0.86435,0.86446,0.86319,0.86347,3102,1,0
2024-01-29T04:00:00+00:00,2024-01-29,09:30:00,1706500800,0.86348,0.86391,0.86173,0.86244,4081,1,0
2024-01-29T08:00:00+00:00,2024-01-29,13:30:00,1706515200,0.86244,0.8633,0.86075,0.86296,7153,1,0
2024-01-29T12:00:00+00:00,2024-01-29,17:30:00,1706529600,0.86296,0.86491,0.86232,0.86387,7202,1,0
2024-01-29T16:00:00+00:00,2024-01-29,21:30:00,1706544000,0.86386,0.86454,0.86253,0.86272,4814,1,0
2024-01-29T20:00:00+00:00,2024-01-30,01:30:00,1706558400,0.86269,0.86269,0.8607,0.86142,4155,0,0
2024-01-30T00:00:00+00:00,2024-01-30,05:30:00,1706572800,0.86142,0.86189,0.86107,0.86184,3229,1,0
2024-01-30T04:00:00+00:00,2024-01-30,09:30:00,1706587200,0.86184,0.8623,0.86109,0.86135,3951,1,0
2024-01-30T08:00:00+00:00,2024-01-30,13:30:00,1706601600,0.86133,0.8639,0.86079,0.86279,7112,1,0
2024-01-30T12:00:00+00:00,2024-01-30,17:30:00,1706616000,0.8628,0.86429,0.86081,0.86349,9777,1,0
2024-01-30T16:00:00+00:00,2024-01-30,21:30:00,1706630400,0.86348,0.86378,0.86158,0.86165,4933,1,0
2024-01-30T20:00:00+00:00,2024-01-31,01:30:00,1706644800,0.86164,0.86205,0.86151,0.8619,2880,0,0
2024-01-31T00:00:00+00:00,2024-01-31,05:30:00,1706659200,0.86188,0.86361,0.86156,0.86318,3429,1,0
2024-01-31T04:00:00+00:00,2024-01-31,09:30:00,1706673600,0.86318,0.86399,0.86267,0.86371,3793,1,0
2024-01-31T08:00:00+00:00,2024-01-31,13:30:00,1706688000,0.8637,0.86431,0.8619,0.86303,7296,1,0
2024-01-31T12:00:00+00:00,2024-01-31,17:30:00,1706702400,0.86303,0.86374,0.8551,0.85799,13703,1,0
2024-01-31T16:00:00+00:00,2024-01-31,21:30:00,1706716800,0.858,0.86238,0.85751,0.86004,14931,1,0
2024-01-31T20:00:00+00:00,2024-02-01,01:30:00,1706731200,0.86006,0.86438,0.85996,0.86238,8583,0,0
2024-02-01T00:00:00+00:00,2024-02-01,05:30:00,1706745600,0.86238,0.86344,0.8619,0.86283,4162,1,0
2024-02-01T04:00:00+00:00,2024-02-01,09:30:00,1706760000,0.86283,0.86495,0.86271,0.86403,4595,1,0
2024-02-01T08:00:00+00:00,2024-02-01,13:30:00,1706774400,0.86404,0.86467,0.86241,0.86254,7814,1,0
2024-02-01T12:00:00+00:00,2024-02-01,17:30:00,1706788800,0.86255,0.86406,0.86109,0.86154,12239,1,0
2024-02-01T16:00:00+00:00,2024-02-01,21:30:00,1706803200,0.86155,0.86155,0.85711,0.85763,9442,1,0
2024-02-01T20:00:00+00:00,2024-02-02,01:30:00,1706817600,0.85763,0.85803,0.85733,0.85766,3086,0,0
2024-02-02T00:00:00+00:00,2024-02-02,05:30:00,1706832000,0.85767,0.85781,0.85653,0.85697,3887,1,0
2024-02-02T04:00:00+00:00,2024-02-02,09:30:00,1706846400,0.85697,0.85765,0.85666,0.8575,4604,1,0
2024-02-02T08:00:00+00:00,2024-02-02,13:30:00,1706860800,0.85752,0.85767,0.85535,0.85582,5313,1,0
2024-02-02T12:00:00+00:00,2024-02-02,17:30:00,1706875200,0.8558,0.86644,0.85546,0.86554,14496,1,0
2024-02-02T16:00:00+00:00,2024-02-02,21:30:00,1706889600,0.86553,0.86805,0.86505,0.8666,6684,1,0
2024-02-02T20:00:00+00:00,2024-02-03,01:30:00,1706904000,0.8666,0.86709,0.86612,0.86699,1823,1,0
2024-02-04T20:00:00+00:00,2024-02-05,01:30:00,1707076800,0.86605,0.86776,0.86584,0.86677,1316,33,0
2024-02-05T00:00:00+00:00,2024-02-05,05:30:00,1707091200,0.86703,0.86872,0.86682,0.86755,5478,1,0
2024-02-05T04:00:00+00:00,2024-02-05,09:30:00,1707105600,0.86755,0.86861,0.86729,0.86782,4662,1,0
2024-02-05T08:00:00+00:00,2024-02-05,13:30:00,1707120000,0.86782,0.87053,0.86711,0.86945,7213,1,0
2024-02-05T12:00:00+00:00,2024-02-05,17:30:00,1707134400,0.86946,0.87168,0.86901,0.87147,9381,1,0
2024-02-05T16:00:00+00:00,2024-02-05,21:30:00,1707148800,0.87147,0.87184,0.86956,0.8705,4816,0,0
2024-02-05T20:00:00+00:00,2024-02-06,01:30:00,1707163200,0.8705,0.8711,0.87027,0.87075,2512,0,0
2024-02-06T00:00:00+00:00,2024-02-06,05:30:00,1707177600,0.87075,0.87084,0.8702,0.8704,3816,1,0
2024-02-06T04:00:00+00:00,2024-02-06,09:30:00,1707192000,0.8704,0.87045,0.86905,0.86983,4520,1,0
2024-02-06T08:00:00+00:00,2024-02-06,13:30:00,1707206400,0.86983,0.87295,0.86973,0.87222,6104,0,0
2024-02-06T12:00:00+00:00,2024-02-06,17:30:00,1707220800,0.87223,0.87412,0.87035,0.8705,9507,0,0
2024-02-06T16:00:00+00:00,2024-02-06,21:30:00,1707235200,0.87051,0.87127,0.86967,0.87032,6470,1,0
2024-02-06T20:00:00+00:00,2024-02-07,01:30:00,1707249600,0.8703,0.87032,0.86942,0.86961,2942,0,0
2024-02-07T00:00:00+00:00,2024-02-07,05:30:00,1707264000,0.86962,0.86986,0.86918,0.86971,3391,1,0
2024-02-07T04:00:00+00:00,2024-02-07,09:30:00,1707278400,0.8697,0.8701,0.86883,0.86958,4230,1,0
2024-02-07T08:00:00+00:00,2024-02-07,13:30:00,1707292800,0.86959,0.87297,0.86952,0.87237,7032,0,0
2024-02-07T12:00:00+00:00,2024-02-07,17:30:00,1707307200,0.87237,0.8726,0.87047,0.87176,9540,0,0
2024-02-07T16:00:00+00:00,2024-02-07,21:30:00,1707321600,0.87176,0.87533,0.8716,0.8745,6593,0,0
2024-02-07T20:00:00+00:00,2024-02-08,01:30:00,1707336000,0.87448,0.87472,0.87391,0.87416,2693,0,0
2024-02-08T00:00:00+00:00,2024-02-08,05:30:00,1707350400,0.87416,0.87422,0.87249,0.87294,3101,0,0
2024-02-08T04:00:00+00:00,2024-02-08,09:30:00,1707364800,0.87294,0.87372,0.87261,0.87328,4233,0,0
2024-02-08T08:00:00+00:00,2024-02-08,13:30:00,1707379200,0.87328,0.8746,0.87244,0.87433,6378,0,0
2024-02-08T12:00:00+00:00,2024-02-08,17:30:00,1707393600,0.87433,0.87607,0.87387,0.87467,9080,0,0
2024-02-08T16:00:00+00:00,2024-02-08,21:30:00,1707408000,0.87465,0.87489,0.87347,0.87442,5320,0,0
2024-02-08T20:00:00+00:00,2024-02-09,01:30:00,1707422400,0.87443,0.87443,0.87341,0.87354,2354,0,0
2024-02-09T00:00:00+00:00,2024-02-09,05:30:00,1707436800,0.87351,0.87427,0.87333,0.87415,2626,0,0
2024-02-09T04:00:00+00:00,2024-02-09,09:30:00,1707451200,0.87414,0.87489,0.87401,0.87458,2623,0,0
2024-02-09T08:00:00+00:00,2024-02-09,13:30:00,1707465600,0.87458,0.8762,0.87439,0.8756,5568,0,0
2024-02-09T12:00:00+00:00,2024-02-09,17:30:00,1707480000,0.87562,0.87617,0.87316,0.875,10769,0,0
2024-02-09T16:00:00+00:00,2024-02-09,21:30:00,1707494400,0.875,0.8754,0.87448,0.87536,3938,0,0
2024-02-09T20:00:00+00:00,2024-02-10,01:30:00,1707508800,0.87535,0.87555,0.87454,0.87482,1616,0,0
2024-02-11T20:00:00+00:00,2024-02-12,01:30:00,1707681600,0.87434,0.8746,0.87403,0.87417,1018,33,0
2024-02-12T00:00:00+00:00,2024-02-12,05:30:00,1707696000,0.87426,0.87468,0.87417,0.8746,2366,0,0
2024-02-12T04:00:00+00:00,2024-02-12,09:30:00,1707710400,0.8746,0.87478,0.8727,0.87294,3154,0,0
2024-02-12T08:00:00+00:00,2024-02-12,13:30:00,1707724800,0.87297,0.87592,0.87297,0.8752,5991,0,0
2024-02-12T12:00:00+00:00,2024-02-12,17:30:00,1707739200,0.87518,0.87726,0.87499,0.87622,6160,0,0
2024-02-12T16:00:00+00:00,2024-02-12,21:30:00,1707753600,0.87623,0.87642,0.87509,0.87597,4310,0,0
2024-02-12T20:00:00+00:00,2024-02-13,01:30:00,1707768000,0.87597,0.87598,0.87548,0.87585,2539,0,0
2024-02-13T00:00:00+00:00,2024-02-13,05:30:00,1707782400,0.87586,0.87672,0.87574,0.87654,2311,0,0
2024-02-13T04:00:00+00:00,2024-02-13,09:30:00,1707796800,0.87654,0.88062,0.87557,0.87976,4857,0,0
2024-02-13T08:00:00+00:00,2024-02-13,13:30:00,1707811200,0.87977,0.88174,0.87877,0.88034,8319,0,0
2024-02-13T12:00:00+00:00,2024-02-13,17:30:00,1707825600,0.88032,0.88749,0.87756,0.88642,14707,0,0
2024-02-13T16:00:00+00:00,2024-02-13,21:30:00,1707840000,0.88642,0.88803,0.886,0.88802,6043,0,0
2024-02-13T20:00:00+00:00,2024-02-14,01:30:00,1707854400,0.88802,0.88807,0.88682,0.88751,2817,0,0
2024-02-14T00:00:00+00:00,2024-02-14,05:30:00,1707868800,0.88747,0.88753,0.88623,0.88656,3873,0,0
2024-02-14T04:00:00+00:00,2024-02-14,09:30:00,1707883200,0.88656,0.88698,0.88575,0.88672,4358,0,0
2024-02-14T08:00:00+00:00,2024-02-14,13:30:00,1707897600,0.88671,0.88856,0.88666,0.88702,6312,0,0
2024-02-14T12:00:00+00:00,2024-02-14,17:30:00,1707912000,0.88702,0.88752,0.88573,0.88641,8065,0,0
2024-02-14T16:00:00+00:00,2024-02-14,21:30:00,1707926400,0.88643,0.88643,0.88477,0.88568,4595,0,0
2024-02-14T20:00:00+00:00,2024-02-15,01:30:00,1707940800,0.88568,0.88595,0.88516,0.88526,2202,0,0
2024-02-15T00:00:00+00:00,2024-02-15,05:30:00,1707955200,0.88526,0.88579,0.88512,0.88551,3194,0,0
2024-02-15T04:00:00+00:00,2024-02-15,09:30:00,1707969600,0.88551,0.88556,0.88329,0.88394,4054,0,0
2024-02-15T08:00:00+00:00,2024-02-15,13:30:00,1707984000,0.88394,0.88442,0.88253,0.88301,5436,0,0
2024-02-15T12:00:00+00:00,2024-02-15,17:30:00,1707998400,0.88302,0.88315,0.87833,0.88026,10371,0,0
2024-02-15T16:00:00+00:00,2024-02-15,21:30:00,1708012800,0.88027,0.88139,0.879,0.87988,5471,0,0
2024-02-15T20:00:00+00:00,2024-02-16,01:30:00,1708027200,0.87989,0.88007,0.87942,0.87986,2469,0,0
2024-02-16T00:00:00+00:00,2024-02-16,05:30:00,1708041600,0.87992,0.88143,0.87985,0.88125,3598,0,0
2024-02-16T04:00:00+00:00,2024-02-16,09:30:00,1708056000,0.88125,0.88157,0.88058,0.88153,3418,0,0
2024-02-16T08:00:00+00:00,2024-02-16,13:30:00,1708070400,0.88155,0.88176,0.88027,0.88065,4525,0,0
2024-02-16T12:00:00+00:00,2024-02-16,17:30:00,1708084800,0.88066,0.8839,0.88021,0.88093,9345,0,0
2024-02-16T16:00:00+00:00,2024-02-16,21:30:00,1708099200,0.88093,0.8823,0.87982,0.88098,4859,0,0
2024-02-16T20:00:00+00:00,2024-02-17,01:30:00,1708113600,0.88098,0.88134,0.88081,0.88109,2113,0,0
2024-02-18T20:00:00+00:00,2024-02-19,01:30:00,1708286400,0.88023,0.88101,0.87967,0.88068,1107,33,0
2024-02-19T00:00:00+00:00,2024-02-19,05:30:00,1708300800,0.88077,0.88157,0.87971,0.88157,3565,0,0
2024-02-19T04:00:00+00:00,2024-02-19,09:30:00,1708315200,0.88157,0.88163,0.88059,0.88135,3593,0,0
2024-02-19T08:00:00+00:00,2024-02-19,13:30:00,1708329600,0.88138,0.88167,0.88014,0.88036,4811,0,0
2024-02-19T12:00:00+00:00,2024-02-19,17:30:00,1708344000,0.88037,0.88207,0.87999,0.88199,3953,0,0
2024-02-19T16:00:00+00:00,2024-02-19,21:30:00,1708358400,0.88199,0.88281,0.88167,0.88256,1990,0,0
2024-02-19T20:00:00+00:00,2024-02-20,01:30:00,1708372800,0.88255,0.88296,0.88202,0.88276,1932,0,0
2024-02-20T00:00:00+00:00,2024-02-20,05:30:00,1708387200,0.88278,0.88337,0.88264,0.88294,2980,0,0
2024-02-20T04:00:00+00:00,2024-02-20,09:30:00,1708401600,0.88294,0.88344,0.88255,0.88342,3343,0,0
2024-02-20T08:00:00+00:00,2024-02-20,13:30:00,1708416000,0.88341,0.88381,0.88057,0.88154,5232,0,0
2024-02-20T12:00:00+00:00,2024-02-20,17:30:00,1708430400,0.88152,0.88259,0.87857,0.88001,7892,0,0
2024-02-20T16:00:00+00:00,2024-02-20,21:30:00,1708444800,0.88002,0.88183,0.87995,0.88172,4405,0,0
2024-02-20T20:00:00+00:00,2024-02-21,01:30:00,1708459200,0.88172,0.8821,0.8812,0.88186,2399,0,0
2024-02-21T00:00:00+00:00,2024-02-21,05:30:00,1708473600,0.88194,0.88203,0.88052,0.88063,3064,0,0
2024-02-21T04:00:00+00:00,2024-02-21,09:30:00,1708488000,0.88062,0.88157,0.88059,0.88109,3100,0,0
2024-02-21T08:00:00+00:00,2024-02-21,13:30:00,1708502400,0.88111,0.88186,0.87968,0.88028,4961,0,0
2024-02-21T12:00:00+00:00,2024-02-21,17:30:00,1708516800,0.88026,0.88086,0.87931,0.88086,5518,0,0
2024-02-21T16:00:00+00:00,2024-02-21,21:30:00,1708531200,0.88085,0.8812,0.87889,0.87975,5703,0,0
2024-02-21T20:00:00+00:00,2024-02-22,01:30:00,1708545600,0.87974,0.87988,0.87918,0.87922,3146,0,0
2024-02-22T00:00:00+00:00,2024-02-22,05:30:00,1708560000,0.87923,0.87947,0.87828,0.87895,3254,0,0
2024-02-22T04:00:00+00:00,2024-02-22,09:30:00,1708574400,0.87895,0.87903,0.87507,0.87607,4122,0,0
2024-02-22T08:00:00+00:00,2024-02-22,13:30:00,1708588800,0.87605,0.87871,0.87429,0.87788,7454,0,0
2024-02-22T12:00:00+00:00,2024-02-22,17:30:00,1708603200,0.87788,0.88197,0.87765,0.88189,9887,0,0
2024-02-22T16:00:00+00:00,2024-02-22,21:30:00,1708617600,0.88189,0.88212,0.88079,0.88106,5041,0,0
2024-02-22T20:00:00+00:00,2024-02-23,01:30:00,1708632000,0.88105,0.88128,0.88004,0.88013,2671,0,0
2024-02-23T00:00:00+00:00,2024-02-23,05:30:00,1708646400,0.88011,0.88087,0.87988,0.88051,2852,0,0
2024-02-23T04:00:00+00:00,2024-02-23,09:30:00,1708660800,0.88052,0.881,0.88019,0.88051,2787,0,0
2024-02-23T08:00:00+00:00,2024-02-23,13:30:00,1708675200,0.8805,0.88193,0.87996,0.88021,5041,0,0
2024-02-23T12:00:00+00:00,2024-02-23,17:30:00,1708689600,0.88019,0.88166,0.87815,0.88094,7081,0,0
2024-02-23T16:00:00+00:00,2024-02-23,21:30:00,1708704000,0.88095,0.88178,0.8803,0.8812,4298,0,0
2024-02-23T20:00:00+00:00,2024-02-24,01:30:00,1708718400,0.8812,0.88144,0.88105,0.88121,1270,0,0
2024-02-25T20:00:00+00:00,2024-02-26,01:30:00,1708891200,0.87991,0.88125,0.87978,0.8812,1264,33,0
2024-02-26T00:00:00+00:00,2024-02-26,05:30:00,1708905600,0.88132,0.88221,0.88117,0.8814,3074,0,0
2024-02-26T04:00:00+00:00,2024-02-26,09:30:00,1708920000,0.8814,0.88147,0.88038,0.88067,3237,0,0
2024-02-26T08:00:00+00:00,2024-02-26,13:30:00,1708934400,0.88067,0.88133,0.87883,0.8797,4789,0,0
2024-02-26T12:00:00+00:00,2024-02-26,17:30:00,1708948800,0.8797,0.88138,0.87908,0.88057,6028,0,0
2024-02-26T16:00:00+00:00,2024-02-26,21:30:00,1708963200,0.88057,0.88126,0.88007,0.88088,3824,0,0
2024-02-26T20:00:00+00:00,2024-02-27,01:30:00,1708977600,0.88087,0.8809,0.87984,0.88008,2086,0,0
2024-02-27T00:00:00+00:00,2024-02-27,05:30:00,1708992000,0.88009,0.88071,0.87958,0.87959,2630,0,0
2024-02-27T04:00:00+00:00,2024-02-27,09:30:00,1709006400,0.87959,0.88017,0.8785,0.87902,3417,0,0
2024-02-27T08:00:00+00:00,2024-02-27,13:30:00,1709020800,0.87902,0.88078,0.87864,0.87987,5188,0,0
2024-02-27T12:00:00+00:00,2024-02-27,17:30:00,1709035200,0.87987,0.88104,0.87853,0.87931,6709,0,0
2024-02-27T16:00:00+00:00,2024-02-27,21:30:00,1709049600,0.8793,0.88022,0.8787,0.87975,4844,0,0
2024-02-27T20:00:00+00:00,2024-02-28,01:30:00,1709064000,0.87976,0.87986,0.87837,0.879,2809,0,0
2024-02-28T00:00:00+00:00,2024-02-28,05:30:00,1709078400,0.87905,0.87997,0.87897,0.87957,3737,0,0
2024-02-28T04:00:00+00:00,2024-02-28,09:30:00,1709092800,0.87957,0.88134,0.87947,0.88079,3703,0,0
2024-02-28T08:00:00+00:00,2024-02-28,13:30:00,1709107200,0.88078,0.88156,0.8796,0.88009,5666,0,0
2024-02-28T12:00:00+00:00,2024-02-28,17:30:00,1709121600,0.88008,0.88107,0.87925,0.8801,7837,0,0
2024-02-28T16:00:00+00:00,2024-02-28,21:30:00,1709136000,0.88009,0.88017,0.87843,0.87919,4304,0,0
2024-02-28T20:00:00+00:00,2024-02-29,01:30:00,1709150400,0.87919,0.87924,0.87856,0.87878,2594,0,0
2024-02-29T00:00:00+00:00,2024-02-29,05:30:00,1709164800,0.87878,0.87884,0.8781,0.87838,3305,0,0
2024-02-29T04:00:00+00:00,2024-02-29,09:30:00,1709179200,0.87838,0.87933,0.87806,0.87906,3958,0,0
2024-02-29T08:00:00+00:00,2024-02-29,13:30:00,1709193600,0.87908,0.8807,0.87797,0.88007,6258,0,0
2024-02-29T12:00:00+00:00,2024-02-29,17:30:00,1709208000,0.88007,0.881,0.87795,0.88065,10321,0,0
2024-02-29T16:00:00+00:00,2024-02-29,21:30:00,1709222400,0.88066,0.88454,0.88023,0.88454,6137,0,0
2024-02-29T20:00:00+00:00,2024-03-01,01:30:00,1709236800,0.88453,0.88478,0.88415,0.88455,2787,0,0
2024-03-01T00:00:00+00:00,2024-03-01,05:30:00,1709251200,0.88443,0.88457,0.88397,0.88411,2961,0,0
2024-03-01T04:00:00+00:00,2024-03-01,09:30:00,1709265600,0.88411,0.88622,0.8841,0.88614,3341,0,0
2024-03-01T08:00:00+00:00,2024-03-01,13:30:00,1709280000,0.88614,0.88702,0.88484,0.885,6926,0,0
2024-03-01T12:00:00+00:00,2024-03-01,17:30:00,1709294400,0.88499,0.88926,0.8845,0.88504,9926,0,0
2024-03-01T16:00:00+00:00,2024-03-01,21:30:00,1709308800,0.88504,0.88542,0.88305,0.88324,5604,0,0
2024-03-01T20:00:00+00:00,2024-03-02,01:30:00,1709323200,0.88323,0.88374,0.88303,0.88329,1305,0,0
2024-03-03T20:00:00+00:00,2024-03-04,01:30:00,1709496000,0.88299,0.88344,0.88239,0.88329,1207,33,0
2024-03-04T00:00:00+00:00,2024-03-04,05:30:00,1709510400,0.88345,0.88382,0.88253,0.88277,3141,0,0
2024-03-04T04:00:00+00:00,2024-03-04,09:30:00,1709524800,0.88277,0.88349,0.8806,0.88098,4051,0,0
2024-03-04T08:00:00+00:00,2024-03-04,13:30:00,1709539200,0.88098,0.8841,0.88093,0.88365,5870,0,0
2024-03-04T12:00:00+00:00,2024-03-04,17:30:00,1709553600,0.88365,0.8864,0.88359,0.88475,6802,0,0
2024-03-04T16:00:00+00:00,2024-03-04,21:30:00,1709568000,0.88474,0.88505,0.88392,0.88503,4014,0,0
2024-03-04T20:00:00+00:00,2024-03-05,01:30:00,1709582400,0.88502,0.88529,0.88465,0.88525,2519,0,0
2024-03-05T00:00:00+00:00,2024-03-05,05:30:00,1709596800,0.88526,0.88574,0.88493,0.88512,2851,0,0
2024-03-05T04:00:00+00:00,2024-03-05,09:30:00,1709611200,0.88512,0.88655,0.8851,0.88582,3165,0,0
2024-03-05T08:00:00+00:00,2024-03-05,13:30:00,1709625600,0.88581,0.88639,0.88509,0.88613,4972,0,0
2024-03-05T12:00:00+00:00,2024-03-05,17:30:00,1709640000,0.88613,0.88664,0.8826,0.8827,8012,0,0
2024-03-05T16:00:00+00:00,2024-03-05,21:30:00,1709654400,0.8827,0.88408,0.8826,0.88358,5033,0,0
2024-03-05T20:00:00+00:00,2024-03-06,01:30:00,1709668800,0.88358,0.88387,0.88303,0.88362,2569,0,0
2024-03-06T00:00:00+00:00,2024-03-06,05:30:00,1709683200,0.88363,0.88525,0.88361,0.88464,3183,0,0
2024-03-06T04:00:00+00:00,2024-03-06,09:30:00,1709697600,0.88464,0.88471,0.88376,0.88422,3277,0,0
2024-03-06T08:00:00+00:00,2024-03-06,13:30:00,1709712000,0.88422,0.88556,0.88405,0.88491,4779,0,0
2024-03-06T12:00:00+00:00,2024-03-06,17:30:00,1709726400,0.88491,0.88515,0.88145,0.88186,9334,0,0
2024-03-06T16:00:00+00:00,2024-03-06,21:30:00,1709740800,0.88186,0.88258,0.88046,0.88226,6432,0,0
2024-03-06T20:00:00+00:00,2024-03-07,01:30:00,1709755200,0.88227,0.88262,0.88193,0.88214,2624,0,0
2024-03-07T00:00:00+00:00,2024-03-07,05:30:00,1709769600,0.88209,0.88234,0.88124,0.88169,3953,0,0
2024-03-07T04:00:00+00:00,2024-03-07,09:30:00,1709784000,0.88169,0.88192,0.88083,0.88164,4669,0,0
2024-03-07T08:00:00+00:00,2024-03-07,13:30:00,1709798400,0.88164,0.88199,0.8792,0.87968,5072,0,0
2024-03-07T12:00:00+00:00,2024-03-07,17:30:00,1709812800,0.87969,0.88039,0.87841,0.87898,10207,0,0
2024-03-07T16:00:00+00:00,2024-03-07,21:30:00,1709827200,0.87898,0.87912,0.87726,0.87737,5503,0,0
2024-03-07T20:00:00+00:00,2024-03-08,01:30:00,1709841600,0.87737,0.87797,0.87731,0.87737,2542,0,0
2024-03-08T00:00:00+00:00,2024-03-08,05:30:00,1709856000,0.87731,0.87776,0.87673,0.87752,3762,0,0
2024-03-08T04:00:00+00:00,2024-03-08,09:30:00,1709870400,0.87752,0.87767,0.87683,0.87733,3746,0,0
2024-03-08T08:00:00+00:00,2024-03-08,13:30:00,1709884800,0.87733,0.8775,0.87578,0.87644,5533,0,0
2024-03-08T12:00:00+00:00,2024-03-08,17:30:00,1709899200,0.87644,0.87833,0.87301,0.8753,12274,0,0
2024-03-08T16:00:00+00:00,2024-03-08,21:30:00,1709913600,0.8753,0.87789,0.87524,0.87738,6593,0,0
2024-03-08T20:00:00+00:00,2024-03-09,01:30:00,1709928000,0.87738,0.87778,0.87719,0.87767,1342,0,0
2024-03-10T20:00:00+00:00,2024-03-11,01:30:00,1710100800,0.87556,0.87788,0.87556,0.87756,2092,0,0
2024-03-11T00:00:00+00:00,2024-03-11,05:30:00,1710115200,0.87758,0.87779,0.87682,0.87757,4088,0,0
2024-03-11T04:00:00+00:00,2024-03-11,09:30:00,1710129600,0.87757,0.87796,0.87587,0.87595,4044,0,0
2024-03-11T08:00:00+00:00,2024-03-11,13:30:00,1710144000,0.87594,0.87727,0.87552,0.87635,5395,0,0
2024-03-11T12:00:00+00:00,2024-03-11,17:30:00,1710158400,0.87635,0.87947,0.87628,0.87831,6667,0,0
2024-03-11T16:00:00+00:00,2024-03-11,21:30:00,1710172800,0.87832,0.87883,0.87749,0.87749,4116,0,0
2024-03-11T20:00:00+00:00,2024-03-12,01:30:00,1710187200,0.87749,0.87771,0.87711,0.87731,2467,0,0
2024-03-12T00:00:00+00:00,2024-03-12,05:30:00,1710201600,0.87734,0.87761,0.87696,0.87743,3538,0,0
2024-03-12T04:00:00+00:00,2024-03-12,09:30:00,1710216000,0.87744,0.87752,0.8765,0.87679,3549,0,0
2024-03-12T08:00:00+00:00,2024-03-12,13:30:00,1710230400,0.87679,0.87698,0.87581,0.87637,4369,0,0
2024-03-12T12:00:00+00:00,2024-03-12,17:30:00,1710244800,0.87637,0.87947,0.87475,0.87827,13060,0,0
2024-03-12T16:00:00+00:00,2024-03-12,21:30:00,1710259200,0.87826,0.87867,0.87746,0.8775,4191,0,0
2024-03-12T20:00:00+00:00,2024-03-13,01:30:00,1710273600,0.87749,0.87759,0.87712,0.87746,1996,0,0
2024-03-13T00:00:00+00:00,2024-03-13,05:30:00,1710288000,0.87745,0.87777,0.87728,0.8776,2617,0,0
2024-03-13T04:00:00+00:00,2024-03-13,09:30:00,1710302400,0.8776,0.87828,0.87749,0.87788,2859,0,0
2024-03-13T08:00:00+00:00,2024-03-13,13:30:00,1710316800,0.87788,0.87887,0.87727,0.87763,4527,0,0
2024-03-13T12:00:00+00:00,2024-03-13,17:30:00,1710331200,0.87763,0.87801,0.87664,0.87799,6062,0,0
2024-03-13T16:00:00+00:00,2024-03-13,21:30:00,1710345600,0.87799,0.87898,0.8769,0.87876,4668,0,0
2024-03-13T20:00:00+00:00,2024-03-14,01:30:00,1710360000,0.87876,0.8789,0.87834,0.8784,2111,0,0
2024-03-14T00:00:00+00:00,2024-03-14,05:30:00,1710374400,0.87837,0.87931,0.87819,0.87927,2993,0,0
2024-03-14T04:00:00+00:00,2024-03-14,09:30:00,1710388800,0.87927,0.8801,0.87926,0.88,3054,0,0
2024-03-14T08:00:00+00:00,2024-03-14,13:30:00,1710403200,0.88,0.88025,0.87862,0.87863,4214,0,0
2024-03-14T12:00:00+00:00,2024-03-14,17:30:00,1710417600,0.87861,0.88384,0.87825,0.8834,10346,0,0
2024-03-14T16:00:00+00:00,2024-03-14,21:30:00,1710432000,0.88341,0.8841,0.88257,0.88356,4445,0,0
2024-03-14T20:00:00+00:00,2024-03-15,01:30:00,1710446400,0.88356,0.88436,0.88329,0.88431,2169,0,0
2024-03-15T00:00:00+00:00,2024-03-15,05:30:00,1710460800,0.88432,0.88505,0.88411,0.8848,3045,0,0
2024-03-15T04:00:00+00:00,2024-03-15,09:30:00,1710475200,0.88481,0.88503,0.88419,0.8849,3157,0,0
2024-03-15T08:00:00+00:00,2024-03-15,13:30:00,1710489600,0.88491,0.88527,0.882,0.88204,4629,0,0
2024-03-15T12:00:00+00:00,2024-03-15,17:30:00,1710504000,0.88204,0.88414,0.88194,0.88364,6999,0,0
2024-03-15T16:00:00+00:00,2024-03-15,21:30:00,1710518400,0.88366,0.88451,0.88332,0.8836,3550,0,0
2024-03-15T20:00:00+00:00,2024-03-16,01:30:00,1710532800,0.88361,0.88373,0.88345,0.88358,444,0,0
2024-03-17T20:00:00+00:00,2024-03-18,01:30:00,1710705600,0.88302,0.88364,0.88254,0.88358,1812,0,0
2024-03-18T00:00:00+00:00,2024-03-18,05:30:00,1710720000,0.8836,0.88393,0.88282,0.88332,2866,0,0
2024-03-18T04:00:00+00:00,2024-03-18,09:30:00,1710734400,0.88332,0.88413,0.88321,0.88402,2934,0,0
2024-03-18T08:00:00+00:00,2024-03-18,13:30:00,1710748800,0.88404,0.8845,0.88218,0.88265,4733,0,0
2024-03-18T12:00:00+00:00,2024-03-18,17:30:00,1710763200,0.88266,0.88637,0.8824,0.88621,5652,0,0
2024-03-18T16:00:00+00:00,2024-03-18,21:30:00,1710777600,0.88621,0.88842,0.88621,0.88838,4149,0,0
2024-03-18T20:00:00+00:00,2024-03-19,01:30:00,1710792000,0.8884,0.88845,0.8872,0.88754,2225,0,0
2024-03-19T00:00:00+00:00,2024-03-19,05:30:00,1710806400,0.88757,0.88874,0.8875,0.8881,4289,0,0
2024-03-19T04:00:00+00:00,2024-03-19,09:30:00,1710820800,0.8881,0.88953,0.8878,0.88947,5845,0,0
2024-03-19T08:00:00+00:00,2024-03-19,13:30:00,1710835200,0.88945,0.88985,0.88706,0.8876,7364,0,0
2024-03-19T12:00:00+00:00,2024-03-19,17:30:00,1710849600,0.8876,0.88875,0.88674,0.88817,6197,0,0
2024-03-19T16:00:00+00:00,2024-03-19,21:30:00,1710864000,0.88817,0.88858,0.88753,0.88816,3573,0,0
2024-03-19T20:00:00+00:00,2024-03-20,01:30:00,1710878400,0.88816,0.88862,0.88776,0.88862,2185,0,0
2024-03-20T00:00:00+00:00,2024-03-20,05:30:00,1710892800,0.88859,0.88926,0.88849,0.88854,3040,0,0
2024-03-20T04:00:00+00:00,2024-03-20,09:30:00,1710907200,0.88854,0.88985,0.88854,0.88985,4039,0,0
2024-03-20T08:00:00+00:00,2024-03-20,13:30:00,1710921600,0.88986,0.89185,0.88962,0.89064,5122,0,0
2024-03-20T12:00:00+00:00,2024-03-20,17:30:00,1710936000,0.89064,0.89164,0.89026,0.89118,5027,0,0
2024-03-20T16:00:00+00:00,2024-03-20,21:30:00,1710950400,0.89117,0.89164,0.88595,0.88669,13421,0,0
2024-03-20T20:00:00+00:00,2024-03-21,01:30:00,1710964800,0.8867,0.88715,0.88544,0.88565,3490,0,0
2024-03-21T00:00:00+00:00,2024-03-21,05:30:00,1710979200,0.88568,0.88577,0.88396,0.88498,4640,0,0
2024-03-21T04:00:00+00:00,2024-03-21,09:30:00,1710993600,0.88498,0.88592,0.88452,0.88536,4410,0,0
2024-03-21T08:00:00+00:00,2024-03-21,13:30:00,1711008000,0.88536,0.89745,0.88536,0.89318,14186,0,0
2024-03-21T12:00:00+00:00,2024-03-21,17:30:00,1711022400,0.89317,0.8993,0.8927,0.89924,12111,0,0
2024-03-21T16:00:00+00:00,2024-03-21,21:30:00,1711036800,0.89925,0.89941,0.89788,0.89804,4814,0,0
2024-03-21T20:00:00+00:00,2024-03-22,01:30:00,1711051200,0.89805,0.89821,0.89749,0.89782,2193,0,0
2024-03-22T00:00:00+00:00,2024-03-22,05:30:00,1711065600,0.89778,0.89951,0.89703,0.89915,4344,0,0
2024-03-22T04:00:00+00:00,2024-03-22,09:30:00,1711080000,0.89915,0.89961,0.89819,0.89923,4320,0,0
2024-03-22T08:00:00+00:00,2024-03-22,13:30:00,1711094400,0.89925,0.90201,0.89903,0.90064,6581,0,0
2024-03-22T12:00:00+00:00,2024-03-22,17:30:00,1711108800,0.90064,0.90076,0.89695,0.89832,7899,0,0
2024-03-22T16:00:00+00:00,2024-03-22,21:30:00,1711123200,0.89832,0.899,0.89777,0.89803,3805,0,0
2024-03-22T20:00:00+00:00,2024-03-23,01:30:00,1711137600,0.89804,0.89804,0.89658,0.89725,785,0,0
2024-03-24T20:00:00+00:00,2024-03-25,01:30:00,1711310400,0.89659,0.8977,0.89633,0.89769,1700,0,0
2024-03-25T00:00:00+00:00,2024-03-25,05:30:00,1711324800,0.89766,0.89844,0.89697,0.89773,4527,0,0
2024-03-25T04:00:00+00:00,2024-03-25,09:30:00,1711339200,0.89772,0.89812,0.89702,0.89812,3607,0,0
2024-03-25T08:00:00+00:00,2024-03-25,13:30:00,1711353600,0.89811,0.89867,0.89744,0.89792,4546,0,0
2024-03-25T12:00:00+00:00,2024-03-25,17:30:00,1711368000,0.89793,0.89841,0.89692,0.89832,4686,0,0
2024-03-25T16:00:00+00:00,2024-03-25,21:30:00,1711382400,0.89832,0.89924,0.89814,0.8991,2966,0,0
2024-03-25T20:00:00+00:00,2024-03-26,01:30:00,1711396800,0.8991,0.89984,0.8991,0.89958,2468,0,0
2024-03-26T00:00:00+00:00,2024-03-26,05:30:00,1711411200,0.89958,0.90056,0.89907,0.90045,2954,0,0
2024-03-26T04:00:00+00:00,2024-03-26,09:30:00,1711425600,0.90044,0.9009,0.8996,0.90083,2992,0,0
2024-03-26T08:00:00+00:00,2024-03-26,13:30:00,1711440000,0.90082,0.90232,0.90019,0.90212,5840,0,0
2024-03-26T12:00:00+00:00,2024-03-26,17:30:00,1711454400,0.9021,0.90432,0.90152,0.90275,7230,0,0
2024-03-26T16:00:00+00:00,2024-03-26,21:30:00,1711468800,0.90275,0.90413,0.90265,0.90412,3512,0,0
2024-03-26T20:00:00+00:00,2024-03-27,01:30:00,1711483200,0.90411,0.90411,0.90358,0.90366,2169,0,0
2024-03-27T00:00:00+00:00,2024-03-27,05:30:00,1711497600,0.90368,0.90424,0.90331,0.90395,3144,0,0
2024-03-27T04:00:00+00:00,2024-03-27,09:30:00,1711512000,0.90395,0.9056,0.90356,0.90537,3191,0,0
2024-03-27T08:00:00+00:00,2024-03-27,13:30:00,1711526400,0.90537,0.90691,0.90384,0.90678,6270,0,0
2024-03-27T12:00:00+00:00,2024-03-27,17:30:00,1711540800,0.90678,0.90715,0.90507,0.90561,5879,0,0
2024-03-27T16:00:00+00:00,2024-03-27,21:30:00,1711555200,0.90563,0.90598,0.90469,0.90473,3402,0,0
2024-03-27T20:00:00+00:00,2024-03-28,01:30:00,1711569600,0.90473,0.9057,0.90373,0.90565,2514,0,0
2024-03-28T00:00:00+00:00,2024-03-28,05:30:00,1711584000,0.90564,0.90644,0.90438,0.90492,3604,0,0
2024-03-28T04:00:00+00:00,2024-03-28,09:30:00,1711598400,0.90492,0.90646,0.90459,0.90558,3292,0,0
2024-03-28T08:00:00+00:00,2024-03-28,13:30:00,1711612800,0.90558,0.90643,0.90504,0.90565,5573,0,0
2024-03-28T12:00:00+00:00,2024-03-28,17:30:00,1711627200,0.90566,0.90584,0.90054,0.9007,9387,0,0
2024-03-28T16:00:00+00:00,2024-03-28,21:30:00,1711641600,0.90069,0.90226,0.9,0.90186,4760,0,0
2024-03-28T20:00:00+00:00,2024-03-29,01:30:00,1711656000,0.90184,0.90217,0.90073,0.90129,6521,0,0
2024-03-29T00:00:00+00:00,2024-03-29,05:30:00,1711670400,0.90124,0.90234,0.90118,0.90225,5767,1,0
2024-03-29T04:00:00+00:00,2024-03-29,09:30:00,1711684800,0.90225,0.90276,0.90067,0.90169,5204,0,0
2024-03-29T08:00:00+00:00,2024-03-29,13:30:00,1711699200,0.9017,0.90197,0.9006,0.90131,5385,14,0
2024-03-29T12:00:00+00:00,2024-03-29,17:30:00,1711713600,0.90131,0.90154,0.90027,0.90121,4901,64,0
2024-03-29T16:00:00+00:00,2024-03-29,21:30:00,1711728000,0.90121,0.90216,0.90109,0.90145,2468,100,0
2024-03-29T20:00:00+00:00,2024-03-30,01:30:00,1711742400,0.90146,0.90172,0.90064,0.90099,624,100,0
2024-03-31T20:00:00+00:00,2024-04-01,01:30:00,1711915200,0.90085,0.90232,0.90072,0.90212,2144,0,0
2024-04-01T00:00:00+00:00,2024-04-01,05:30:00,1711929600,0.90204,0.90236,0.90133,0.90162,3778,0,0
2024-04-01T04:00:00+00:00,2024-04-01,09:30:00,1711944000,0.90162,0.90209,0.90108,0.90117,2882,0,0
2024-04-01T08:00:00+00:00,2024-04-01,13:30:00,1711958400,0.90117,0.90213,0.90058,0.90167,2942,0,0
2024-04-01T12:00:00+00:00,2024-04-01,17:30:00,1711972800,0.90167,0.90561,0.90138,0.90553,6750,0,0
2024-04-01T16:00:00+00:00,2024-04-01,21:30:00,1711987200,0.90553,0.90568,0.9042,0.90451,3094,0,0
2024-04-01T20:00:00+00:00,2024-04-02,01:30:00,1712001600,0.90451,0.90528,0.90424,0.90511,2249,0,0
2024-04-02T00:00:00+00:00,2024-04-02,05:30:00,1712016000,0.90508,0.90639,0.90502,0.90634,3231,0,0
2024-04-02T04:00:00+00:00,2024-04-02,09:30:00,1712030400,0.90635,0.90831,0.90602,0.90771,4129,0,0
2024-04-02T08:00:00+00:00,2024-04-02,13:30:00,1712044800,0.90774,0.90907,0.90774,0.90788,5261,0,0
2024-04-02T12:00:00+00:00,2024-04-02,17:30:00,1712059200,0.90787,0.90861,0.90539,0.90714,8316,0,0
2024-04-02T16:00:00+00:00,2024-04-02,21:30:00,1712073600,0.90714,0.9087,0.90672,0.9077,3103,0,0
2024-04-02T20:00:00+00:00,2024-04-03,01:30:00,1712088000,0.90771,0.90815,0.90762,0.90786,2025,0,0
2024-04-03T00:00:00+00:00,2024-04-03,05:30:00,1712102400,0.90781,0.90854,0.90769,0.90815,2912,0,0
2024-04-03T04:00:00+00:00,2024-04-03,09:30:00,1712116800,0.90814,0.90954,0.90791,0.90855,3438,0,0
2024-04-03T08:00:00+00:00,2024-04-03,13:30:00,1712131200,0.90854,0.90922,0.90794,0.90809,4024,0,0
2024-04-03T12:00:00+00:00,2024-04-03,17:30:00,1712145600,0.90809,0.90924,0.90339,0.90391,8879,0,0
2024-04-03T16:00:00+00:00,2024-04-03,21:30:00,1712160000,0.9039,0.90483,0.90299,0.9033,4448,0,0
2024-04-03T20:00:00+00:00,2024-04-04,01:30:00,1712174400,0.9033,0.90331,0.90267,0.903,1723,0,0
2024-04-04T00:00:00+00:00,2024-04-04,05:30:00,1712188800,0.903,0.90348,0.90273,0.90334,2649,0,0
2024-04-04T04:00:00+00:00,2024-04-04,09:30:00,1712203200,0.90334,0.90746,0.9027,0.90668,4998,0,0
2024-04-04T08:00:00+00:00,2024-04-04,13:30:00,1712217600,0.90669,0.90727,0.90567,0.9072,4648,0,0
2024-04-04T12:00:00+00:00,2024-04-04,17:30:00,1712232000,0.90721,0.9075,0.90387,0.90494,6325,0,0
2024-04-04T16:00:00+00:00,2024-04-04,21:30:00,1712246400,0.90494,0.90503,0.90108,0.90131,5952,0,0
2024-04-04T20:00:00+00:00,2024-04-05,01:30:00,1712260800,0.90129,0.90179,0.90094,0.9016,3177,0,0
2024-04-05T00:00:00+00:00,2024-04-05,05:30:00,1712275200,0.90157,0.9026,0.90127,0.90235,3787,0,0
2024-04-05T04:00:00+00:00,2024-04-05,09:30:00,1712289600,0.90235,0.90439,0.90159,0.90413,4160,0,0
2024-04-05T08:00:00+00:00,2024-04-05,13:30:00,1712304000,0.90414,0.9045,0.90272,0.90349,4379,0,0
2024-04-05T12:00:00+00:00,2024-04-05,17:30:00,1712318400,0.9035,0.90709,0.89982,0.90055,12604,0,0
2024-04-05T16:00:00+00:00,2024-04-05,21:30:00,1712332800,0.90055,0.90263,0.90034,0.90223,4350,0,0
2024-04-05T20:00:00+00:00,2024-04-06,01:30:00,1712347200,0.90222,0.9024,0.90199,0.90203,688,0,0
2024-04-07T20:00:00+00:00,2024-04-08,01:30:00,1712520000,0.90109,0.90375,0.90026,0.90327,3096,0,0
2024-04-08T00:00:00+00:00,2024-04-08,05:30:00,1712534400,0.90324,0.90415,0.90241,0.90366,4997,0,0
2024-04-08T04:00:00+00:00,2024-04-08,09:30:00,1712548800,0.90366,0.90485,0.90303,0.90471,4759,0,0
2024-04-08T08:00:00+00:00,2024-04-08,13:30:00,1712563200,0.90471,0.90646,0.90434,0.90641,5184,0,0
2024-04-08T12:00:00+00:00,2024-04-08,17:30:00,1712577600,0.90641,0.90657,0.90403,0.90516,7771,0,0
2024-04-08T16:00:00+00:00,2024-04-08,21:30:00,1712592000,0.90516,0.90593,0.90433,0.90521,3147,0,0
2024-04-08T20:00:00+00:00,2024-04-09,01:30:00,1712606400,0.90524,0.90565,0.90501,0.90518,1953,0,0
2024-04-09T00:00:00+00:00,2024-04-09,05:30:00,1712620800,0.90508,0.90565,0.90478,0.90494,2762,0,0
2024-04-09T04:00:00+00:00,2024-04-09,09:30:00,1712635200,0.90494,0.90524,0.90409,0.90501,3141,0,0
2024-04-09T08:00:00+00:00,2024-04-09,13:30:00,1712649600,0.905,0.90523,0.90236,0.90377,4518,0,0
2024-04-09T12:00:00+00:00,2024-04-09,17:30:00,1712664000,0.90375,0.90403,0.90131,0.90329,8072,0,0
2024-04-09T16:00:00+00:00,2024-04-09,21:30:00,1712678400,0.90329,0.90414,0.90294,0.9034,3524,0,0
2024-04-09T20:00:00+00:00,2024-04-10,01:30:00,1712692800,0.9034,0.90362,0.90299,0.90314,2213,0,0
2024-04-10T00:00:00+00:00,2024-04-10,05:30:00,1712707200,0.90311,0.90404,0.90305,0.90374,3131,0,0
2024-04-10T04:00:00+00:00,2024-04-10,09:30:00,1712721600,0.90373,0.90432,0.90295,0.90385,3160,0,0
2024-04-10T08:00:00+00:00,2024-04-10,13:30:00,1712736000,0.90387,0.90417,0.90318,0.90361,3719,0,0
2024-04-10T12:00:00+00:00,2024-04-10,17:30:00,1712750400,0.90361,0.91313,0.90252,0.91276,15708,0,0
2024-04-10T16:00:00+00:00,2024-04-10,21:30:00,1712764800,0.91275,0.91472,0.91151,0.91325,8363,0,0
2024-04-10T20:00:00+00:00,2024-04-11,01:30:00,1712779200,0.91324,0.91341,0.9125,0.91309,2721,0,0
2024-04-11T00:00:00+00:00,2024-04-11,05:30:00,1712793600,0.91322,0.91359,0.91235,0.91278,3730,0,0
2024-04-11T04:00:00+00:00,2024-04-11,09:30:00,1712808000,0.91278,0.91466,0.91233,0.91378,4719,0,0
2024-04-11T08:00:00+00:00,2024-04-11,13:30:00,1712822400,0.91377,0.91407,0.91204,0.91285,5777,0,0
2024-04-11T12:00:00+00:00,2024-04-11,17:30:00,1712836800,0.91285,0.91294,0.90748,0.9108,14164,0,0
2024-04-11T16:00:00+00:00,2024-04-11,21:30:00,1712851200,0.91077,0.91116,0.90868,0.90971,5239,0,0
2024-04-11T20:00:00+00:00,2024-04-12,01:30:00,1712865600,0.90971,0.91014,0.90942,0.90991,2151,0,0
2024-04-12T00:00:00+00:00,2024-04-12,05:30:00,1712880000,0.90986,0.91088,0.90939,0.91086,3616,0,0
2024-04-12T04:00:00+00:00,2024-04-12,09:30:00,1712894400,0.91086,0.91282,0.9107,0.91235,4661,0,0
2024-04-12T08:00:00+00:00,2024-04-12,13:30:00,1712908800,0.91234,0.9137,0.91219,0.91246,5955,0,0
2024-04-12T12:00:00+00:00,2024-04-12,17:30:00,1712923200,0.91245,0.91276,0.91037,0.91206,12035,0,0
2024-04-12T16:00:00+00:00,2024-04-12,21:30:00,1712937600,0.91205,0.91415,0.91168,0.9141,5670,0,0
2024-04-12T20:00:00+00:00,2024-04-13,01:30:00,1712952000,0.9141,0.91456,0.91395,0.91445,617,0,0
2024-04-14T20:00:00+00:00,2024-04-15,01:30:00,1713124800,0.91132,0.91405,0.91132,0.9138,2346,0,0
2024-04-15T00:00:00+00:00,2024-04-15,05:30:00,1713139200,0.91379,0.91479,0.91325,0.91404,4303,0,0
2024-04-15T04:00:00+00:00,2024-04-15,09:30:00,1713153600,0.91404,0.91448,0.91256,0.91285,5280,0,0
2024-04-15T08:00:00+00:00,2024-04-15,13:30:00,1713168000,0.91285,0.91388,0.91218,0.91278,5539,0,0
2024-04-15T12:00:00+00:00,2024-04-15,17:30:00,1713182400,0.91279,0.91521,0.91247,0.91375,11127,0,0
2024-04-15T16:00:00+00:00,2024-04-15,21:30:00,1713196800,0.91375,0.9139,0.9121,0.91228,5519,0,0
2024-04-15T20:00:00+00:00,2024-04-16,01:30:00,1713211200,0.91228,0.9125,0.91144,0.9119,2361,0,0
2024-04-16T00:00:00+00:00,2024-04-16,05:30:00,1713225600,0.91193,0.9137,0.91191,0.91315,4076,0,0
2024-04-16T04:00:00+00:00,2024-04-16,09:30:00,1713240000,0.91317,0.91419,0.91177,0.91194,5672,0,0
2024-04-16T08:00:00+00:00,2024-04-16,13:30:00,1713254400,0.91194,0.91365,0.9118,0.91218,6526,0,0
2024-04-16T12:00:00+00:00,2024-04-16,17:30:00,1713268800,0.91218,0.91374,0.91118,0.91284,10262,0,0
2024-04-16T16:00:00+00:00,2024-04-16,21:30:00,1713283200,0.91286,0.91399,0.91194,0.91271,7989,0,0
2024-04-16T20:00:00+00:00,2024-04-17,01:30:00,1713297600,0.91271,0.91321,0.91222,0.91263,2770,0,0
2024-04-17T00:00:00+00:00,2024-04-17,05:30:00,1713312000,0.91269,0.9128,0.91185,0.91238,3995,0,0
2024-04-17T04:00:00+00:00,2024-04-17,09:30:00,1713326400,0.91238,0.91324,0.90997,0.91071,5342,0,0
2024-04-17T08:00:00+00:00,2024-04-17,13:30:00,1713340800,0.91071,0.91183,0.9094,0.91091,5940,0,0
2024-04-17T12:00:00+00:00,2024-04-17,17:30:00,1713355200,0.91089,0.91313,0.91058,0.91215,7849,0,0
2024-04-17T16:00:00+00:00,2024-04-17,21:30:00,1713369600,0.91217,0.91229,0.90961,0.91024,6523,0,0
2024-04-17T20:00:00+00:00,2024-04-18,01:30:00,1713384000,0.91023,0.91083,0.91017,0.9107,1903,0,0
2024-04-18T00:00:00+00:00,2024-04-18,05:30:00,1713398400,0.91066,0.91097,0.90962,0.9097,3294,0,0
2024-04-18T04:00:00+00:00,2024-04-18,09:30:00,1713412800,0.9097,0.91021,0.90876,0.90913,4221,0,0
2024-04-18T08:00:00+00:00,2024-04-18,13:30:00,1713427200,0.90915,0.90928,0.90814,0.90861,5077,0,0
2024-04-18T12:00:00+00:00,2024-04-18,17:30:00,1713441600,0.90863,0.91222,0.90851,0.91147,8974,0,0
2024-04-18T16:00:00+00:00,2024-04-18,21:30:00,1713456000,0.91147,0.9125,0.91131,0.9125,4577,0,0
2024-04-18T20:00:00+00:00,2024-04-19,01:30:00,1713470400,0.91251,0.9131,0.91213,0.9125,2162,0,0
2024-04-19T00:00:00+00:00,2024-04-19,05:30:00,1713484800,0.91252,0.91273,0.90114,0.9075,15384,0,0
2024-04-19T04:00:00+00:00,2024-04-19,09:30:00,1713499200,0.9075,0.90949,0.90742,0.90827,9234,0,0
2024-04-19T08:00:00+00:00,2024-04-19,13:30:00,1713513600,0.90829,0.90947,0.90704,0.90909,7316,0,0
2024-04-19T12:00:00+00:00,2024-04-19,17:30:00,1713528000,0.90908,0.90963,0.9072,0.90921,8254,0,0
2024-04-19T16:00:00+00:00,2024-04-19,21:30:00,1713542400,0.90921,0.91058,0.90911,0.91025,4895,0,0
2024-04-19T20:00:00+00:00,2024-04-20,01:30:00,1713556800,0.91026,0.91063,0.91005,0.91032,576,0,0
2024-04-21T20:00:00+00:00,2024-04-22,01:30:00,1713729600,0.90918,0.9113,0.90848,0.91123,2202,0,0
2024-04-22T00:00:00+00:00,2024-04-22,05:30:00,1713744000,0.91122,0.91229,0.91021,0.91168,4270,0,0
2024-04-22T04:00:00+00:00,2024-04-22,09:30:00,1713758400,0.91168,0.91224,0.91035,0.91041,4456,0,0
2024-04-22T08:00:00+00:00,2024-04-22,13:30:00,1713772800,0.91041,0.91197,0.90988,0.91171,5010,0,0
2024-04-22T12:00:00+00:00,2024-04-22,17:30:00,1713787200,0.91171,0.91238,0.91061,0.91189,5534,0,0
2024-04-22T16:00:00+00:00,2024-04-22,21:30:00,1713801600,0.91189,0.91224,0.91074,0.91165,3147,0,0
2024-04-22T20:00:00+00:00,2024-04-23,01:30:00,1713816000,0.91165,0.91217,0.91164,0.91188,2148,0,0
2024-04-23T00:00:00+00:00,2024-04-23,05:30:00,1713830400,0.91188,0.91215,0.91131,0.91206,2506,0,0
2024-04-23T04:00:00+00:00,2024-04-23,09:30:00,1713844800,0.91206,0.913,0.9101,0.91092,4326,0,0
2024-04-23T08:00:00+00:00,2024-04-23,13:30:00,1713859200,0.91093,0.91247,0.91052,0.91124,4922,0,0
2024-04-23T12:00:00+00:00,2024-04-23,17:30:00,1713873600,0.91124,0.91242,0.90873,0.91169,9076,0,0
2024-04-23T16:00:00+00:00,2024-04-23,21:30:00,1713888000,0.91168,0.91221,0.91064,0.91169,3753,0,0
2024-04-23T20:00:00+00:00,2024-04-24,01:30:00,1713902400,0.91168,0.91201,0.91155,0.91178,2027,0,0
2024-04-24T00:00:00+00:00,2024-04-24,05:30:00,1713916800,0.91178,0.91202,0.91134,0.9118,2851,0,0
2024-04-24T04:00:00+00:00,2024-04-24,09:30:00,1713931200,0.91181,0.91474,0.91163,0.91412,4148,0,0
2024-04-24T08:00:00+00:00,2024-04-24,13:30:00,1713945600,0.91411,0.91516,0.91372,0.91437,3770,0,0
2024-04-24T12:00:00+00:00,2024-04-24,17:30:00,1713960000,0.91437,0.9153,0.91206,0.91413,8073,0,0
2024-04-24T16:00:00+00:00,2024-04-24,21:30:00,1713974400,0.91413,0.91497,0.91313,0.91473,4269,0,0
2024-04-24T20:00:00+00:00,2024-04-25,01:30:00,1713988800,0.91472,0.91527,0.91436,0.91447,2240,0,0
2024-04-25T00:00:00+00:00,2024-04-25,05:30:00,1714003200,0.91447,0.91486,0.91403,0.91471,2682,0,0
2024-04-25T04:00:00+00:00,2024-04-25,09:30:00,1714017600,0.91471,0.91482,0.91277,0.91324,3756,0,0
2024-04-25T08:00:00+00:00,2024-04-25,13:30:00,1714032000,0.91324,0.91358,0.91224,0.91341,4497,0,0
2024-04-25T12:00:00+00:00,2024-04-25,17:30:00,1714046400,0.91342,0.91569,0.91201,0.91345,11605,0,0
2024-04-25T16:00:00+00:00,2024-04-25,21:30:00,1714060800,0.91346,0.91411,0.91174,0.91229,4792,0,0
2024-04-25T20:00:00+00:00,2024-04-26,01:30:00,1714075200,0.9123,0.91273,0.91205,0.91271,1967,0,0
2024-04-26T00:00:00+00:00,2024-04-26,05:30:00,1714089600,0.9127,0.91345,0.91259,0.91317,3388,0,0
2024-04-26T04:00:00+00:00,2024-04-26,09:30:00,1714104000,0.91316,0.91336,0.91152,0.91199,4718,0,0
2024-04-26T08:00:00+00:00,2024-04-26,13:30:00,1714118400,0.91199,0.91248,0.90963,0.91216,7334,0,0
2024-04-26T12:00:00+00:00,2024-04-26,17:30:00,1714132800,0.91215,0.91501,0.91068,0.91428,10996,0,0
2024-04-26T16:00:00+00:00,2024-04-26,21:30:00,1714147200,0.91426,0.9147,0.9131,0.91382,3311,0,0
2024-04-26T20:00:00+00:00,2024-04-27,01:30:00,1714161600,0.91382,0.91479,0.91372,0.91453,817,0,0
2024-04-28T20:00:00+00:00,2024-04-29,01:30:00,1714334400,0.91261,0.91429,0.91261,0.91373,1428,0,0
2024-04-29T00:00:00+00:00,2024-04-29,05:30:00,1714348800,0.91373,0.91536,0.91256,0.91299,4702,0,0
2024-04-29T04:00:00+00:00,2024-04-29,09:30:00,1714363200,0.91299,0.91308,0.90971,0.91153,11695,0,0
2024-04-29T08:00:00+00:00,2024-04-29,13:30:00,1714377600,0.91153,0.91233,0.91113,0.91214,5609,0,0
2024-04-29T12:00:00+00:00,2024-04-29,17:30:00,1714392000,0.91214,0.91327,0.91016,0.91085,7030,0,0
2024-04-29T16:00:00+00:00,2024-04-29,21:30:00,1714406400,0.91086,0.91096,0.90885,0.91044,5396,0,0
2024-04-29T20:00:00+00:00,2024-04-30,01:30:00,1714420800,0.91044,0.91097,0.9102,0.91083,2334,0,0
2024-04-30T00:00:00+00:00,2024-04-30,05:30:00,1714435200,0.91083,0.91188,0.91062,0.91174,3308,0,0
2024-04-30T04:00:00+00:00,2024-04-30,09:30:00,1714449600,0.91172,0.91334,0.91127,0.91301,4767,0,0
2024-04-30T08:00:00+00:00,2024-04-30,13:30:00,1714464000,0.91301,0.91372,0.91049,0.91252,5749,0,0
2024-04-30T12:00:00+00:00,2024-04-30,17:30:00,1714478400,0.91252,0.91792,0.91244,0.91751,14651,0,0
2024-04-30T16:00:00+00:00,2024-04-30,21:30:00,1714492800,0.9175,0.9194,0.91724,0.9192,4688,0,0
2024-04-30T20:00:00+00:00,2024-05-01,01:30:00,1714507200,0.91923,0.91971,0.9189,0.91966,2816,0,0
2024-05-01T00:00:00+00:00,2024-05-01,05:30:00,1714521600,0.91967,0.92048,0.91946,0.92041,2467,0,0
2024-05-01T04:00:00+00:00,2024-05-01,09:30:00,1714536000,0.92041,0.92243,0.92037,0.92156,4012,0,0
2024-05-01T08:00:00+00:00,2024-05-01,13:30:00,1714550400,0.92156,0.922,0.92002,0.92008,4268,0,0
2024-05-01T12:00:00+00:00,2024-05-01,17:30:00,1714564800,0.92008,0.92043,0.91873,0.91954,7920,0,0
2024-05-01T16:00:00+00:00,2024-05-01,21:30:00,1714579200,0.91956,0.92093,0.91589,0.91909,13333,0,0
2024-05-01T20:00:00+00:00,2024-05-02,01:30:00,1714593600,0.9191,0.91928,0.91459,0.91645,6508,0,0
2024-05-02T00:00:00+00:00,2024-05-02,05:30:00,1714608000,0.91644,0.91734,0.91609,0.91671,3720,0,0
2024-05-02T04:00:00+00:00,2024-05-02,09:30:00,1714622400,0.91671,0.91684,0.90991,0.91178,7992,0,0
2024-05-02T08:00:00+00:00,2024-05-02,13:30:00,1714636800,0.91177,0.91327,0.91143,0.91203,6684,0,0
2024-05-02T12:00:00+00:00,2024-05-02,17:30:00,1714651200,0.91203,0.9138,0.91091,0.91195,11065,0,0
2024-05-02T16:00:00+00:00,2024-05-02,21:30:00,1714665600,0.91194,0.91246,0.90984,0.91028,5241,0,0
2024-05-02T20:00:00+00:00,2024-05-03,01:30:00,1714680000,0.91028,0.91087,0.90976,0.90982,2564,0,0
2024-05-03T00:00:00+00:00,2024-05-03,05:30:00,1714694400,0.9098,0.91052,0.90888,0.90948,3656,0,0
2024-05-03T04:00:00+00:00,2024-05-03,09:30:00,1714708800,0.90948,0.90974,0.90708,0.90765,4925,0,0
2024-05-03T08:00:00+00:00,2024-05-03,13:30:00,1714723200,0.90766,0.90823,0.90668,0.90682,5731,0,0
2024-05-03T12:00:00+00:00,2024-05-03,17:30:00,1714737600,0.90681,0.90711,0.90061,0.9048,19448,0,0
2024-05-03T16:00:00+00:00,2024-05-03,21:30:00,1714752000,0.9048,0.90594,0.90448,0.90516,4146,0,0
2024-05-03T20:00:00+00:00,2024-05-04,01:30:00,1714766400,0.90516,0.90539,0.90471,0.90505,575,0,0
2024-05-05T20:00:00+00:00,2024-05-06,01:30:00,1714939200,0.90424,0.90602,0.90389,0.9059,1712,0,0
2024-05-06T00:00:00+00:00,2024-05-06,05:30:00,1714953600,0.9059,0.90618,0.90511,0.90591,3427,0,0
2024-05-06T04:00:00+00:00,2024-05-06,09:30:00,1714968000,0.90591,0.90634,0.90512,0.90536,3471,0,0
2024-05-06T08:00:00+00:00,2024-05-06,13:30:00,1714982400,0.90535,0.906,0.90422,0.90518,4126,0,0
2024-05-06T12:00:00+00:00,2024-05-06,17:30:00,1714996800,0.90519,0.90589,0.9036,0.9052,5504,0,0
2024-05-06T16:00:00+00:00,2024-05-06,21:30:00,1715011200,0.9052,0.90663,0.90509,0.90645,3038,0,0
2024-05-06T20:00:00+00:00,2024-05-07,01:30:00,1715025600,0.90644,0.9068,0.90577,0.90678,1888,0,0
2024-05-07T00:00:00+00:00,2024-05-07,05:30:00,1715040000,0.90679,0.90767,0.90587,0.90714,3354,0,0
2024-05-07T04:00:00+00:00,2024-05-07,09:30:00,1715054400,0.90714,0.90775,0.90607,0.90637,4198,0,0
2024-05-07T08:00:00+00:00,2024-05-07,13:30:00,1715068800,0.90637,0.90862,0.90637,0.90727,4472,0,0
2024-05-07T12:00:00+00:00,2024-05-07,17:30:00,1715083200,0.90727,0.90761,0.90581,0.90723,5375,0,0
2024-05-07T16:00:00+00:00,2024-05-07,21:30:00,1715097600,0.90724,0.90937,0.90709,0.90857,3654,0,0
2024-05-07T20:00:00+00:00,2024-05-08,01:30:00,1715112000,0.90856,0.90882,0.90816,0.90851,1760,0,0
2024-05-08T00:00:00+00:00,2024-05-08,05:30:00,1715126400,0.90852,0.90934,0.90802,0.90911,2544,0,0
2024-05-08T04:00:00+00:00,2024-05-08,09:30:00,1715140800,0.90911,0.90928,0.90836,0.90903,3015,0,0
2024-05-08T08:00:00+00:00,2024-05-08,13:30:00,1715155200,0.90903,0.90958,0.90787,0.90902,4072,0,0
2024-05-08T12:00:00+00:00,2024-05-08,17:30:00,1715169600,0.90902,0.90925,0.90736,0.90765,5266,0,0
2024-05-08T16:00:00+00:00,2024-05-08,21:30:00,1715184000,0.90765,0.90834,0.90751,0.90805,2535,0,0
2024-05-08T20:00:00+00:00,2024-05-09,01:30:00,1715198400,0.90804,0.90818,0.90778,0.90791,1630,0,0
2024-05-09T00:00:00+00:00,2024-05-09,05:30:00,1715212800,0.90792,0.90856,0.90778,0.90836,2370,0,0
2024-05-09T04:00:00+00:00,2024-05-09,09:30:00,1715227200,0.90836,0.90907,0.9081,0.90883,2751,0,0
2024-05-09T08:00:00+00:00,2024-05-09,13:30:00,1715241600,0.90883,0.90987,0.90883,0.90959,3912,0,0
2024-05-09T12:00:00+00:00,2024-05-09,17:30:00,1715256000,0.9096,0.9096,0.90604,0.90717,7150,0,0
2024-05-09T16:00:00+00:00,2024-05-09,21:30:00,1715270400,0.90716,0.90726,0.90567,0.90569,2803,0,0
2024-05-09T20:00:00+00:00,2024-05-10,01:30:00,1715284800,0.90569,0.90603,0.90549,0.90596,1740,0,0
2024-05-10T00:00:00+00:00,2024-05-10,05:30:00,1715299200,0.90596,0.907,0.90591,0.90661,2470,0,0
2024-05-10T04:00:00+00:00,2024-05-10,09:30:00,1715313600,0.9066,0.90707,0.90602,0.90653,3231,0,0
2024-05-10T08:00:00+00:00,2024-05-10,13:30:00,1715328000,0.90653,0.90722,0.90563,0.90713,3730,0,0
2024-05-10T12:00:00+00:00,2024-05-10,17:30:00,1715342400,0.90713,0.90852,0.90604,0.9064,6468,0,0
2024-05-10T16:00:00+00:00,2024-05-10,21:30:00,1715356800,0.9064,0.90673,0.90561,0.90626,2747,0,0
2024-05-10T20:00:00+00:00,2024-05-11,01:30:00,1715371200,0.90624,0.90659,0.90618,0.90649,289,0,0
2024-05-12T20:00:00+00:00,2024-05-13,01:30:00,1715544000,0.90577,0.90651,0.90532,0.9065,1256,0,0
2024-05-13T00:00:00+00:00,2024-05-13,05:30:00,1715558400,0.9065,0.90699,0.90634,0.90662,2843,0,0
2024-05-13T04:00:00+00:00,2024-05-13,09:30:00,1715572800,0.90662,0.90696,0.90624,0.90676,2869,0,0
2024-05-13T08:00:00+00:00,2024-05-13,13:30:00,1715587200,0.90677,0.90755,0.90579,0.90613,3802,0,0
2024-05-13T12:00:00+00:00,2024-05-13,17:30:00,1715601600,0.90614,0.90772,0.90458,0.90752,5732,0,0
2024-05-13T16:00:00+00:00,2024-05-13,21:30:00,1715616000,0.90752,0.90873,0.90704,0.90817,2777,0,0
2024-05-13T20:00:00+00:00,2024-05-14,01:30:00,1715630400,0.90816,0.9084,0.90787,0.908,1664,0,0
2024-05-14T00:00:00+00:00,2024-05-14,05:30:00,1715644800,0.908,0.90884,0.90797,0.90866,2378,0,0
2024-05-14T04:00:00+00:00,2024-05-14,09:30:00,1715659200,0.90866,0.9088,0.90749,0.90812,2572,0,0
2024-05-14T08:00:00+00:00,2024-05-14,13:30:00,1715673600,0.90812,0.90853,0.90721,0.90783,3799,0,0
2024-05-14T12:00:00+00:00,2024-05-14,17:30:00,1715688000,0.90783,0.91024,0.90554,0.90675,9207,0,0
2024-05-14T16:00:00+00:00,2024-05-14,21:30:00,1715702400,0.90677,0.90717,0.90644,0.90649,2808,0,0
2024-05-14T20:00:00+00:00,2024-05-15,01:30:00,1715716800,0.90649,0.90696,0.90635,0.90693,1687,0,0
2024-05-15T00:00:00+00:00,2024-05-15,05:30:00,1715731200,0.90694,0.90707,0.90583,0.90589,2208,0,0
2024-05-15T04:00:00+00:00,2024-05-15,09:30:00,1715745600,0.90589,0.90629,0.9047,0.90534,3256,0,0
2024-05-15T08:00:00+00:00,2024-05-15,13:30:00,1715760000,0.90534,0.90577,0.90445,0.90506,3855,0,0
2024-05-15T12:00:00+00:00,2024-05-15,17:30:00,1715774400,0.90505,0.90632,0.9015,0.90412,11752,0,0
2024-05-15T16:00:00+00:00,2024-05-15,21:30:00,1715788800,0.90413,0.90448,0.90217,0.90274,4255,0,0
2024-05-15T20:00:00+00:00,2024-05-16,01:30:00,1715803200,0.90273,0.90273,0.90054,0.90069,3156,0,0
2024-05-16T00:00:00+00:00,2024-05-16,05:30:00,1715817600,0.90069,0.90108,0.89885,0.90038,4529,0,0
2024-05-16T04:00:00+00:00,2024-05-16,09:30:00,1715832000,0.90038,0.90149,0.89992,0.90002,4031,0,0
2024-05-16T08:00:00+00:00,2024-05-16,13:30:00,1715846400,0.90003,0.90371,0.89983,0.90342,4001,0,0
2024-05-16T12:00:00+00:00,2024-05-16,17:30:00,1715860800,0.90342,0.90571,0.90237,0.90444,7119,0,0
2024-05-16T16:00:00+00:00,2024-05-16,21:30:00,1715875200,0.90444,0.90565,0.90436,0.90564,2779,0,0
2024-05-16T20:00:00+00:00,2024-05-17,01:30:00,1715889600,0.90563,0.90631,0.9056,0.90608,2114,0,0
2024-05-17T00:00:00+00:00,2024-05-17,05:30:00,1715904000,0.90607,0.90736,0.90597,0.90707,2844,0,0
2024-05-17T04:00:00+00:00,2024-05-17,09:30:00,1715918400,0.90707,0.9083,0.90644,0.90786,3307,0,0
2024-05-17T08:00:00+00:00,2024-05-17,13:30:00,1715932800,0.90788,0.90982,0.90788,0.90876,3577,0,0
2024-05-17T12:00:00+00:00,2024-05-17,17:30:00,1715947200,0.90876,0.90941,0.90677,0.90804,5298,0,0
2024-05-17T16:00:00+00:00,2024-05-17,21:30:00,1715961600,0.90803,0.90836,0.90751,0.90821,2727,0,0
2024-05-17T20:00:00+00:00,2024-05-18,01:30:00,1715976000,0.90821,0.90915,0.90818,0.90909,464,0,0
2024-05-19T20:00:00+00:00,2024-05-20,01:30:00,1716148800,0.90805,0.9092,0.90805,0.909,1302,0,0
2024-05-20T00:00:00+00:00,2024-05-20,05:30:00,1716163200,0.909,0.90971,0.90886,0.90932,2915,0,0
2024-05-20T04:00:00+00:00,2024-05-20,09:30:00,1716177600,0.90932,0.90993,0.9087,0.90975,3016,0,0
2024-05-20T08:00:00+00:00,2024-05-20,13:30:00,1716192000,0.90975,0.91,0.90855,0.90952,3683,0,0
2024-05-20T12:00:00+00:00,2024-05-20,17:30:00,1716206400,0.90952,0.91087,0.90792,0.90972,6140,0,0
2024-05-20T16:00:00+00:00,2024-05-20,21:30:00,1716220800,0.90972,0.91051,0.90915,0.91051,2792,0,0
2024-05-20T20:00:00+00:00,2024-05-21,01:30:00,1716235200,0.9105,0.91088,0.91009,0.91018,1985,0,0
2024-05-21T00:00:00+00:00,2024-05-21,05:30:00,1716249600,0.91018,0.91164,0.91015,0.911,2937,0,0
2024-05-21T04:00:00+00:00,2024-05-21,09:30:00,1716264000,0.911,0.91114,0.9096,0.91038,3457,0,0
2024-05-21T08:00:00+00:00,2024-05-21,13:30:00,1716278400,0.91037,0.91057,0.90874,0.90935,3617,0,0
2024-05-21T12:00:00+00:00,2024-05-21,17:30:00,1716292800,0.90934,0.91133,0.90902,0.9108,8352,0,0
2024-05-21T16:00:00+00:00,2024-05-21,21:30:00,1716307200,0.9108,0.91141,0.91045,0.91077,3133,0,0
2024-05-21T20:00:00+00:00,2024-05-22,01:30:00,1716321600,0.91078,0.91132,0.91073,0.91129,1896,0,0
2024-05-22T00:00:00+00:00,2024-05-22,05:30:00,1716336000,0.91129,0.91152,0.91072,0.91134,2979,0,0
2024-05-22T04:00:00+00:00,2024-05-22,09:30:00,1716350400,0.91134,0.91305,0.91096,0.91283,3808,0,0
2024-05-22T08:00:00+00:00,2024-05-22,13:30:00,1716364800,0.91283,0.91581,0.91246,0.9151,4454,0,0
2024-05-22T12:00:00+00:00,2024-05-22,17:30:00,1716379200,0.91511,0.91524,0.9133,0.91395,6054,0,0
2024-05-22T16:00:00+00:00,2024-05-22,21:30:00,1716393600,0.91395,0.91561,0.91367,0.91541,4540,0,0
2024-05-22T20:00:00+00:00,2024-05-23,01:30:00,1716408000,0.91541,0.91581,0.91513,0.91526,2441,0,0
2024-05-23T00:00:00+00:00,2024-05-23,05:30:00,1716422400,0.91526,0.91538,0.91434,0.91447,2883,0,0
2024-05-23T04:00:00+00:00,2024-05-23,09:30:00,1716436800,0.91447,0.91551,0.91419,0.91455,4165,0,0
2024-05-23T08:00:00+00:00,2024-05-23,13:30:00,1716451200,0.91455,0.91494,0.91281,0.91292,4403,0,0
2024-05-23T12:00:00+00:00,2024-05-23,17:30:00,1716465600,0.91293,0.91522,0.91265,0.91441,10160,0,0
2024-05-23T16:00:00+00:00,2024-05-23,21:30:00,1716480000,0.91441,0.91522,0.91399,0.9147,4573,0,0
2024-05-23T20:00:00+00:00,2024-05-24,01:30:00,1716494400,0.9147,0.91476,0.91414,0.91447,3444,0,0
2024-05-24T00:00:00+00:00,2024-05-24,05:30:00,1716508800,0.91449,0.91541,0.91447,0.91539,2896,0,0
2024-05-24T04:00:00+00:00,2024-05-24,09:30:00,1716523200,0.91539,0.91547,0.91432,0.9146,3121,0,0
2024-05-24T08:00:00+00:00,2024-05-24,13:30:00,1716537600,0.91461,0.91557,0.91443,0.91516,3840,0,0
2024-05-24T12:00:00+00:00,2024-05-24,17:30:00,1716552000,0.91516,0.91583,0.91353,0.91438,6765,0,0
2024-05-24T16:00:00+00:00,2024-05-24,21:30:00,1716566400,0.91438,0.91482,0.91339,0.91467,3232,0,0
2024-05-24T20:00:00+00:00,2024-05-25,01:30:00,1716580800,0.91467,0.91476,0.91457,0.91471,293,0,0
2024-05-26T20:00:00+00:00,2024-05-27,01:30:00,1716753600,0.91383,0.91455,0.91357,0.9145,1346,0,0
2024-05-27T00:00:00+00:00,2024-05-27,05:30:00,1716768000,0.9145,0.91467,0.91405,0.91423,1870,0,0
2024-05-27T04:00:00+00:00,2024-05-27,09:30:00,1716782400,0.91423,0.91538,0.91417,0.91505,2166,0,0
2024-05-27T08:00:00+00:00,2024-05-27,13:30:00,1716796800,0.91504,0.91533,0.91337,0.91432,2879,0,0
2024-05-27T12:00:00+00:00,2024-05-27,17:30:00,1716811200,0.91433,0.91531,0.91336,0.91338,4252,0,0
2024-05-27T16:00:00+00:00,2024-05-27,21:30:00,1716825600,0.91336,0.91374,0.91324,0.91346,931,0,0
2024-05-27T20:00:00+00:00,2024-05-28,01:30:00,1716840000,0.91346,0.91376,0.91324,0.91327,1922,0,0
2024-05-28T00:00:00+00:00,2024-05-28,05:30:00,1716854400,0.91327,0.91337,0.91173,0.91197,3054,0,0
2024-05-28T04:00:00+00:00,2024-05-28,09:30:00,1716868800,0.91197,0.91252,0.91124,0.91143,3385,0,0
2024-05-28T08:00:00+00:00,2024-05-28,13:30:00,1716883200,0.91144,0.91216,0.90991,0.91044,4538,0,0
2024-05-28T12:00:00+00:00,2024-05-28,17:30:00,1716897600,0.91044,0.9117,0.90856,0.91061,7559,0,0
2024-05-28T16:00:00+00:00,2024-05-28,21:30:00,1716912000,0.91061,0.91246,0.91057,0.912,4181,0,0
2024-05-28T20:00:00+00:00,2024-05-29,01:30:00,1716926400,0.91202,0.91251,0.912,0.91235,2858,0,0
2024-05-29T00:00:00+00:00,2024-05-29,05:30:00,1716940800,0.91235,0.91273,0.91185,0.91255,2764,0,0
2024-05-29T04:00:00+00:00,2024-05-29,09:30:00,1716955200,0.91256,0.91274,0.91176,0.91192,3595,0,0
2024-05-29T08:00:00+00:00,2024-05-29,13:30:00,1716969600,0.91191,0.91434,0.91189,0.91254,5183,0,0
2024-05-29T12:00:00+00:00,2024-05-29,17:30:00,1716984000,0.91253,0.91357,0.9113,0.91353,7388,0,0
2024-05-29T16:00:00+00:00,2024-05-29,21:30:00,1716998400,0.91352,0.91404,0.91326,0.91352,3924,0,0
2024-05-29T20:00:00+00:00,2024-05-30,01:30:00,1717012800,0.91351,0.91353,0.91294,0.91323,2053,0,0
2024-05-30T00:00:00+00:00,2024-05-30,05:30:00,1717027200,0.91323,0.9141,0.91315,0.91338,3255,0,0
2024-05-30T04:00:00+00:00,2024-05-30,09:30:00,1717041600,0.91338,0.91347,0.90991,0.90996,5619,0,0
2024-05-30T08:00:00+00:00,2024-05-30,13:30:00,1717056000,0.90996,0.91056,0.906,0.90721,7279,0,0
2024-05-30T12:00:00+00:00,2024-05-30,17:30:00,1717070400,0.90721,0.9073,0.90315,0.90366,8427,0,0
2024-05-30T16:00:00+00:00,2024-05-30,21:30:00,1717084800,0.90366,0.90409,0.90314,0.90346,3249,0,0
2024-05-30T20:00:00+00:00,2024-05-31,01:30:00,1717099200,0.90346,0.90355,0.90311,0.90342,1767,0,0
2024-05-31T00:00:00+00:00,2024-05-31,05:30:00,1717113600,0.9034,0.90412,0.90243,0.90385,3725,0,0
2024-05-31T04:00:00+00:00,2024-05-31,09:30:00,1717128000,0.90386,0.90571,0.90384,0.90477,4743,0,0
2024-05-31T08:00:00+00:00,2024-05-31,13:30:00,1717142400,0.90478,0.9069,0.90462,0.9051,5249,0,0
2024-05-31T12:00:00+00:00,2024-05-31,17:30:00,1717156800,0.9051,0.90546,0.90028,0.90339,10213,0,0
2024-05-31T16:00:00+00:00,2024-05-31,21:30:00,1717171200,0.90339,0.90404,0.9022,0.90222,3990,0,0
2024-05-31T20:00:00+00:00,2024-06-01,01:30:00,1717185600,0.90223,0.90263,0.90217,0.90235,663,0,0
2024-06-02T20:00:00+00:00,2024-06-03,01:30:00,1717358400,0.9023,0.90277,0.90138,0.90138,1885,0,0
2024-06-03T00:00:00+00:00,2024-06-03,05:30:00,1717372800,0.90139,0.9018,0.90054,0.90163,2885,0,0
2024-06-03T04:00:00+00:00,2024-06-03,09:30:00,1717387200,0.90163,0.9031,0.90098,0.90262,4152,0,0
2024-06-03T08:00:00+00:00,2024-06-03,13:30:00,1717401600,0.90262,0.90356,0.90067,0.9019,5436,0,0
2024-06-03T12:00:00+00:00,2024-06-03,17:30:00,1717416000,0.90189,0.90198,0.89504,0.89544,8796,0,0
2024-06-03T16:00:00+00:00,2024-06-03,21:30:00,1717430400,0.89544,0.89639,0.89508,0.89607,3825,0,0
2024-06-03T20:00:00+00:00,2024-06-04,01:30:00,1717444800,0.89604,0.8961,0.89503,0.89511,2030,0,0
2024-06-04T00:00:00+00:00,2024-06-04,05:30:00,1717459200,0.89511,0.89608,0.89465,0.89584,2909,0,0
2024-06-04T04:00:00+00:00,2024-06-04,09:30:00,1717473600,0.89583,0.89717,0.89377,0.89377,5763,0,0
2024-06-04T08:00:00+00:00,2024-06-04,13:30:00,1717488000,0.89377,0.89597,0.8926,0.89346,7319,0,0
2024-06-04T12:00:00+00:00,2024-06-04,17:30:00,1717502400,0.89345,0.89375,0.88948,0.89036,9107,0,0
2024-06-04T16:00:00+00:00,2024-06-04,21:30:00,1717516800,0.89035,0.89038,0.88845,0.88985,3992,0,0
2024-06-04T20:00:00+00:00,2024-06-05,01:30:00,1717531200,0.88985,0.89024,0.88972,0.89007,1789,0,0
2024-06-05T00:00:00+00:00,2024-06-05,05:30:00,1717545600,0.89007,0.891,0.89007,0.89095,2817,0,0
2024-06-05T04:00:00+00:00,2024-06-05,09:30:00,1717560000,0.89096,0.89312,0.89079,0.89285,4047,0,0
2024-06-05T08:00:00+00:00,2024-06-05,13:30:00,1717574400,0.89288,0.89295,0.89209,0.89243,3811,0,0
2024-06-05T12:00:00+00:00,2024-06-05,17:30:00,1717588800,0.89243,0.89487,0.89134,0.89405,9032,0,0
2024-06-05T16:00:00+00:00,2024-06-05,21:30:00,1717603200,0.89404,0.89456,0.89303,0.89328,3059,0,0
2024-06-05T20:00:00+00:00,2024-06-06,01:30:00,1717617600,0.89328,0.89361,0.89257,0.89269,1858,0,0
2024-06-06T00:00:00+00:00,2024-06-06,05:30:00,1717632000,0.89269,0.89269,0.89036,0.89066,2954,0,0
2024-06-06T04:00:00+00:00,2024-06-06,09:30:00,1717646400,0.89065,0.89245,0.89051,0.89216,3402,0,0
2024-06-06T08:00:00+00:00,2024-06-06,13:30:00,1717660800,0.89216,0.89306,0.89088,0.89146,3400,0,0
2024-06-06T12:00:00+00:00,2024-06-06,17:30:00,1717675200,0.89146,0.89293,0.89027,0.89176,8083,0,0
2024-06-06T16:00:00+00:00,2024-06-06,21:30:00,1717689600,0.89176,0.89199,0.88964,0.88995,3089,0,0
2024-06-06T20:00:00+00:00,2024-06-07,01:30:00,1717704000,0.88997,0.88997,0.88905,0.88974,2045,0,0
2024-06-07T00:00:00+00:00,2024-06-07,05:30:00,1717718400,0.88974,0.89065,0.88973,0.89031,3023,0,0
2024-06-07T04:00:00+00:00,2024-06-07,09:30:00,1717732800,0.89032,0.89034,0.88812,0.88958,3896,0,0
2024-06-07T08:00:00+00:00,2024-06-07,13:30:00,1717747200,0.88958,0.89006,0.88889,0.8896,4374,0,0
2024-06-07T12:00:00+00:00,2024-06-07,17:30:00,1717761600,0.8896,0.89727,0.88953,0.89604,11728,0,0
2024-06-07T16:00:00+00:00,2024-06-07,21:30:00,1717776000,0.89601,0.89672,0.89546,0.89669,3605,0,0
2024-06-07T20:00:00+00:00,2024-06-08,01:30:00,1717790400,0.89668,0.89678,0.89636,0.89657,445,0,0
2024-06-09T20:00:00+00:00,2024-06-10,01:30:00,1717963200,0.8961,0.89757,0.89569,0.89611,2419,0,0
2024-06-10T00:00:00+00:00,2024-06-10,05:30:00,1717977600,0.8961,0.89793,0.89581,0.89758,2683,0,0
2024-06-10T04:00:00+00:00,2024-06-10,09:30:00,1717992000,0.89758,0.89828,0.89686,0.89728,4692,0,0
2024-06-10T08:00:00+00:00,2024-06-10,13:30:00,1718006400,0.89728,0.89728,0.89589,0.89604,4556,0,0
2024-06-10T12:00:00+00:00,2024-06-10,17:30:00,1718020800,0.89602,0.89751,0.89544,0.89676,5462,0,0
2024-06-10T16:00:00+00:00,2024-06-10,21:30:00,1718035200,0.89677,0.89703,0.89617,0.89668,3099,0,0
2024-06-10T20:00:00+00:00,2024-06-11,01:30:00,1718049600,0.89668,0.89674,0.89581,0.89659,2009,0,0
2024-06-11T00:00:00+00:00,2024-06-11,05:30:00,1718064000,0.89659,0.89711,0.89655,0.89664,2535,0,0
2024-06-11T04:00:00+00:00,2024-06-11,09:30:00,1718078400,0.89664,0.89733,0.89594,0.89709,2904,0,0
2024-06-11T08:00:00+00:00,2024-06-11,13:30:00,1718092800,0.89708,0.89747,0.89608,0.89683,4592,0,0
2024-06-11T12:00:00+00:00,2024-06-11,17:30:00,1718107200,0.89683,0.89931,0.89656,0.89879,5777,0,0
2024-06-11T16:00:00+00:00,2024-06-11,21:30:00,1718121600,0.89878,0.89882,0.89684,0.89759,2962,0,0
2024-06-11T20:00:00+00:00,2024-06-12,01:30:00,1718136000,0.8976,0.89798,0.8974,0.89784,1675,0,0
2024-06-12T00:00:00+00:00,2024-06-12,05:30:00,1718150400,0.89784,0.89832,0.89747,0.89775,2740,0,0
2024-06-12T04:00:00+00:00,2024-06-12,09:30:00,1718164800,0.89775,0.89795,0.89692,0.89694,2565,0,0
2024-06-12T08:00:00+00:00,2024-06-12,13:30:00,1718179200,0.89694,0.8971,0.89539,0.8956,3479,0,0
2024-06-12T12:00:00+00:00,2024-06-12,17:30:00,1718193600,0.89561,0.89575,0.88934,0.89177,11259,0,0
2024-06-12T16:00:00+00:00,2024-06-12,21:30:00,1718208000,0.89178,0.89494,0.89079,0.89438,10845,0,0
2024-06-12T20:00:00+00:00,2024-06-13,01:30:00,1718222400,0.89439,0.89467,0.89374,0.89421,2433,0,0
2024-06-13T00:00:00+00:00,2024-06-13,05:30:00,1718236800,0.89421,0.89515,0.89366,0.895,3178,0,0
2024-06-13T04:00:00+00:00,2024-06-13,09:30:00,1718251200,0.895,0.89606,0.8949,0.89509,3188,0,0
2024-06-13T08:00:00+00:00,2024-06-13,13:30:00,1718265600,0.8951,0.89673,0.89484,0.8963,3544,0,0
2024-06-13T12:00:00+00:00,2024-06-13,17:30:00,1718280000,0.89631,0.89655,0.89327,0.89351,9225,0,0
2024-06-13T16:00:00+00:00,2024-06-13,21:30:00,1718294400,0.89351,0.8948,0.89318,0.89375,4419,0,0
2024-06-13T20:00:00+00:00,2024-06-14,01:30:00,1718308800,0.89375,0.89411,0.89343,0.89402,2032,0,0
2024-06-14T00:00:00+00:00,2024-06-14,05:30:00,1718323200,0.89401,0.89437,0.89323,0.89422,3530,0,0
2024-06-14T04:00:00+00:00,2024-06-14,09:30:00,1718337600,0.89422,0.89478,0.89357,0.89377,5317,0,0
2024-06-14T08:00:00+00:00,2024-06-14,13:30:00,1718352000,0.89378,0.89442,0.89121,0.89205,7876,0,0
2024-06-14T12:00:00+00:00,2024-06-14,17:30:00,1718366400,0.89205,0.89298,0.88975,0.89068,9612,0,0
2024-06-14T16:00:00+00:00,2024-06-14,21:30:00,1718380800,0.89068,0.89134,0.88951,0.89015,3858,0,0
2024-06-14T20:00:00+00:00,2024-06-15,01:30:00,1718395200,0.89014,0.89033,0.88999,0.89009,392,0,0
2024-06-16T20:00:00+00:00,2024-06-17,01:30:00,1718568000,0.88984,0.89096,0.88881,0.89082,1743,0,0
2024-06-17T00:00:00+00:00,2024-06-17,05:30:00,1718582400,0.89082,0.89095,0.89033,0.89048,3613,0,0
2024-06-17T04:00:00+00:00,2024-06-17,09:30:00,1718596800,0.89048,0.89184,0.89027,0.89169,4945,0,0
2024-06-17T08:00:00+00:00,2024-06-17,13:30:00,1718611200,0.89169,0.89252,0.89112,0.89242,4979,0,0
2024-06-17T12:00:00+00:00,2024-06-17,17:30:00,1718625600,0.8924,0.89319,0.89128,0.89144,5509,0,0
2024-06-17T16:00:00+00:00,2024-06-17,21:30:00,1718640000,0.89144,0.89153,0.88977,0.88983,3264,0,0
2024-06-17T20:00:00+00:00,2024-06-18,01:30:00,1718654400,0.88983,0.88986,0.88835,0.88846,1659,0,0
2024-06-18T00:00:00+00:00,2024-06-18,05:30:00,1718668800,0.88846,0.88962,0.88803,0.88954,3433,0,0
2024-06-18T04:00:00+00:00,2024-06-18,09:30:00,1718683200,0.88953,0.88999,0.8887,0.88894,4179,0,0
2024-06-18T08:00:00+00:00,2024-06-18,13:30:00,1718697600,0.88896,0.88929,0.8871,0.8879,4952,0,0
2024-06-18T12:00:00+00:00,2024-06-18,17:30:00,1718712000,0.8879,0.88791,0.8827,0.88421,9435,0,0
2024-06-18T16:00:00+00:00,2024-06-18,21:30:00,1718726400,0.88421,0.88471,0.88352,0.88403,3988,0,0
2024-06-18T20:00:00+00:00,2024-06-19,01:30:00,1718740800,0.88404,0.88433,0.88372,0.88423,2277,0,0
2024-06-19T00:00:00+00:00,2024-06-19,05:30:00,1718755200,0.88423,0.88438,0.88384,0.88432,2345,0,0
2024-06-19T04:00:00+00:00,2024-06-19,09:30:00,1718769600,0.88431,0.88482,0.88341,0.88389,3474,0,0
2024-06-19T08:00:00+00:00,2024-06-19,13:30:00,1718784000,0.88389,0.88543,0.88339,0.88412,4960,0,0
2024-06-19T12:00:00+00:00,2024-06-19,17:30:00,1718798400,0.88411,0.88443,0.88363,0.88381,3643,0,0
2024-06-19T16:00:00+00:00,2024-06-19,21:30:00,1718812800,0.88381,0.88478,0.88381,0.88432,921,0,0
2024-06-19T20:00:00+00:00,2024-06-20,01:30:00,1718827200,0.8843,0.88458,0.88403,0.88436,1650,0,0
2024-06-20T00:00:00+00:00,2024-06-20,05:30:00,1718841600,0.88436,0.88442,0.88349,0.88388,2815,0,0
2024-06-20T04:00:00+00:00,2024-06-20,09:30:00,1718856000,0.88388,0.88973,0.88323,0.88957,6227,0,0
2024-06-20T08:00:00+00:00,2024-06-20,13:30:00,1718870400,0.88959,0.89114,0.88904,0.89083,7641,0,0
2024-06-20T12:00:00+00:00,2024-06-20,17:30:00,1718884800,0.89085,0.89259,0.89018,0.89134,7993,0,0
2024-06-20T16:00:00+00:00,2024-06-20,21:30:00,1718899200,0.89134,0.89147,0.89034,0.89119,3672,0,0
2024-06-20T20:00:00+00:00,2024-06-21,01:30:00,1718913600,0.89121,0.89185,0.89093,0.89151,2140,0,0
2024-06-21T00:00:00+00:00,2024-06-21,05:30:00,1718928000,0.89151,0.89203,0.89127,0.89132,2924,0,0
2024-06-21T04:00:00+00:00,2024-06-21,09:30:00,1718942400,0.89132,0.89256,0.89053,0.89073,4963,0,0
2024-06-21T08:00:00+00:00,2024-06-21,13:30:00,1718956800,0.89074,0.89281,0.89063,0.89216,5075,0,0
2024-06-21T12:00:00+00:00,2024-06-21,17:30:00,1718971200,0.89216,0.89494,0.89173,0.89387,7351,0,0
2024-06-21T16:00:00+00:00,2024-06-21,21:30:00,1718985600,0.89387,0.89444,0.89363,0.89427,2809,0,0
2024-06-21T20:00:00+00:00,2024-06-22,01:30:00,1719000000,0.89428,0.89437,0.89408,0.8943,410,0,0
2024-06-23T20:00:00+00:00,2024-06-24,01:30:00,1719172800,0.89328,0.89444,0.89275,0.89442,1698,0,0
2024-06-24T00:00:00+00:00,2024-06-24,05:30:00,1719187200,0.89442,0.8945,0.89323,0.89345,2575,0,0
2024-06-24T04:00:00+00:00,2024-06-24,09:30:00,1719201600,0.89345,0.8942,0.89313,0.89372,3149,0,0
2024-06-24T08:00:00+00:00,2024-06-24,13:30:00,1719216000,0.89371,0.89415,0.8922,0.89289,5205,0,0
2024-06-24T12:00:00+00:00,2024-06-24,17:30:00,1719230400,0.89289,0.89411,0.89223,0.89393,5845,0,0
2024-06-24T16:00:00+00:00,2024-06-24,21:30:00,1719244800,0.89394,0.89419,0.89276,0.89307,2487,0,0
2024-06-24T20:00:00+00:00,2024-06-25,01:30:00,1719259200,0.89307,0.89331,0.89271,0.89323,1750,0,0
2024-06-25T00:00:00+00:00,2024-06-25,05:30:00,1719273600,0.89323,0.89323,0.8917,0.89196,2973,0,0
2024-06-25T04:00:00+00:00,2024-06-25,09:30:00,1719288000,0.89196,0.89364,0.89134,0.89336,3456,0,0
2024-06-25T08:00:00+00:00,2024-06-25,13:30:00,1719302400,0.89336,0.89399,0.89277,0.89364,3738,0,0
2024-06-25T12:00:00+00:00,2024-06-25,17:30:00,1719316800,0.89363,0.8948,0.8932,0.89444,5158,0,0
2024-06-25T16:00:00+00:00,2024-06-25,21:30:00,1719331200,0.89443,0.89525,0.89426,0.89448,2411,0,0
2024-06-25T20:00:00+00:00,2024-06-26,01:30:00,1719345600,0.89449,0.89533,0.89448,0.89532,1707,0,0
2024-06-26T00:00:00+00:00,2024-06-26,05:30:00,1719360000,0.89532,0.89568,0.89467,0.89503,2670,0,0
2024-06-26T04:00:00+00:00,2024-06-26,09:30:00,1719374400,0.89503,0.89648,0.89489,0.8961,2842,0,0
2024-06-26T08:00:00+00:00,2024-06-26,13:30:00,1719388800,0.89611,0.89829,0.89589,0.8969,3760,0,0
2024-06-26T12:00:00+00:00,2024-06-26,17:30:00,1719403200,0.8969,0.8977,0.89534,0.89743,7402,0,0
2024-06-26T16:00:00+00:00,2024-06-26,21:30:00,1719417600,0.89742,0.89776,0.89687,0.8973,2852,0,0
2024-06-26T20:00:00+00:00,2024-06-27,01:30:00,1719432000,0.89729,0.89748,0.89688,0.89705,1766,0,0
2024-06-27T00:00:00+00:00,2024-06-27,05:30:00,1719446400,0.89706,0.89752,0.89666,0.89697,2766,0,0
2024-06-27T04:00:00+00:00,2024-06-27,09:30:00,1719460800,0.89697,0.89778,0.89649,0.8974,2842,0,0
2024-06-27T08:00:00+00:00,2024-06-27,13:30:00,1719475200,0.8974,0.898,0.89676,0.89788,3394,0,0
2024-06-27T12:00:00+00:00,2024-06-27,17:30:00,1719489600,0.89788,0.89818,0.89577,0.89804,6957,0,0
2024-06-27T16:00:00+00:00,2024-06-27,21:30:00,1719504000,0.89804,0.89879,0.89785,0.89878,2753,0,0
2024-06-27T20:00:00+00:00,2024-06-28,01:30:00,1719518400,0.89879,0.89889,0.89835,0.89856,1911,0,0
2024-06-28T00:00:00+00:00,2024-06-28,05:30:00,1719532800,0.89856,0.89999,0.89854,0.89929,3301,0,0
2024-06-28T04:00:00+00:00,2024-06-28,09:30:00,1719547200,0.89929,0.90008,0.89861,0.89957,3245,0,0
2024-06-28T08:00:00+00:00,2024-06-28,13:30:00,1719561600,0.89958,0.9002,0.89854,0.90006,4111,0,0
2024-06-28T12:00:00+00:00,2024-06-28,17:30:00,1719576000,0.90005,0.90098,0.89799,0.89918,9975,0,0
2024-06-28T16:00:00+00:00,2024-06-28,21:30:00,1719590400,0.89918,0.89928,0.89797,0.89834,3270,0,0
2024-06-28T20:00:00+00:00,2024-06-29,01:30:00,1719604800,0.89835,0.89886,0.89835,0.89861,686,0,0
2024-06-30T20:00:00+00:00,2024-07-01,01:30:00,1719777600,0.89705,0.90041,0.89683,0.90037,2351,0,0
2024-07-01T00:00:00+00:00,2024-07-01,05:30:00,1719792000,0.90037,0.90049,0.89893,0.8997,3260,0,0
2024-07-01T04:00:00+00:00,2024-07-01,09:30:00,1719806400,0.8997,0.90036,0.89846,0.90026,3939,0,0
2024-07-01T08:00:00+00:00,2024-07-01,13:30:00,1719820800,0.90028,0.90168,0.89946,0.9012,4586,0,0
2024-07-01T12:00:00+00:00,2024-07-01,17:30:00,1719835200,0.9012,0.90444,0.89995,0.9039,7342,0,0
2024-07-01T16:00:00+00:00,2024-07-01,21:30:00,1719849600,0.9039,0.90403,0.90305,0.90306,2890,0,0
2024-07-01T20:00:00+00:00,2024-07-02,01:30:00,1719864000,0.90306,0.90329,0.90262,0.90327,1513,0,0
2024-07-02T00:00:00+00:00,2024-07-02,05:30:00,1719878400,0.90327,0.90396,0.90305,0.90387,2319,0,0
2024-07-02T04:00:00+00:00,2024-07-02,09:30:00,1719892800,0.90386,0.90468,0.90358,0.90359,3242,0,0
2024-07-02T08:00:00+00:00,2024-07-02,13:30:00,1719907200,0.90359,0.90451,0.90352,0.90378,3251,0,0
2024-07-02T12:00:00+00:00,2024-07-02,17:30:00,1719921600,0.90377,0.905,0.90321,0.90464,7474,0,0
2024-07-02T16:00:00+00:00,2024-07-02,21:30:00,1719936000,0.90464,0.90485,0.90368,0.9039,2419,0,0
2024-07-02T20:00:00+00:00,2024-07-03,01:30:00,1719950400,0.90391,0.90402,0.90356,0.90377,1597,0,0
2024-07-03T00:00:00+00:00,2024-07-03,05:30:00,1719964800,0.90377,0.90438,0.90358,0.90416,1801,0,0
2024-07-03T04:00:00+00:00,2024-07-03,09:30:00,1719979200,0.90416,0.90505,0.9037,0.90384,2568,0,0
2024-07-03T08:00:00+00:00,2024-07-03,13:30:00,1719993600,0.90385,0.90409,0.90262,0.90326,3378,0,0
2024-07-03T12:00:00+00:00,2024-07-03,17:30:00,1720008000,0.90326,0.90339,0.89858,0.90076,8106,0,0
2024-07-03T16:00:00+00:00,2024-07-03,21:30:00,1720022400,0.90076,0.90187,0.90043,0.90141,2440,0,0
2024-07-03T20:00:00+00:00,2024-07-04,01:30:00,1720036800,0.90143,0.90173,0.90083,0.90087,1897,0,0
2024-07-04T00:00:00+00:00,2024-07-04,05:30:00,1720051200,0.90087,0.90124,0.90033,0.90104,2091,0,0
2024-07-04T04:00:00+00:00,2024-07-04,09:30:00,1720065600,0.90104,0.90392,0.90001,0.90151,4946,0,0
2024-07-04T08:00:00+00:00,2024-07-04,13:30:00,1720080000,0.9015,0.90174,0.89959,0.89968,3690,0,0
2024-07-04T12:00:00+00:00,2024-07-04,17:30:00,1720094400,0.89967,0.90055,0.89915,0.89995,3831,0,0
2024-07-04T16:00:00+00:00,2024-07-04,21:30:00,1720108800,0.89997,0.9002,0.89969,0.89998,903,0,0
2024-07-04T20:00:00+00:00,2024-07-05,01:30:00,1720123200,0.89998,0.90032,0.89974,0.9003,1227,0,0
2024-07-05T00:00:00+00:00,2024-07-05,05:30:00,1720137600,0.90026,0.90036,0.89829,0.89852,2881,0,0
2024-07-05T04:00:00+00:00,2024-07-05,09:30:00,1720152000,0.89852,0.89903,0.89803,0.89807,2803,0,0
2024-07-05T08:00:00+00:00,2024-07-05,13:30:00,1720166400,0.89807,0.8992,0.89792,0.89912,3066,0,0
2024-07-05T12:00:00+00:00,2024-07-05,17:30:00,1720180800,0.89913,0.90068,0.89702,0.89759,10668,0,0
2024-07-05T16:00:00+00:00,2024-07-05,21:30:00,1720195200,0.89758,0.89784,0.89543,0.89575,2966,0,0
2024-07-05T20:00:00+00:00,2024-07-06,01:30:00,1720209600,0.89575,0.89593,0.89564,0.89579,337,0,0
2024-07-07T20:00:00+00:00,2024-07-08,01:30:00,1720382400,0.89518,0.89557,0.89413,0.8953,2107,0,0
2024-07-08T00:00:00+00:00,2024-07-08,05:30:00,1720396800,0.8953,0.89572,0.89491,0.89534,2959,0,0
2024-07-08T04:00:00+00:00,2024-07-08,09:30:00,1720411200,0.89533,0.89564,0.89452,0.89479,3747,0,0
2024-07-08T08:00:00+00:00,2024-07-08,13:30:00,1720425600,0.89479,0.89671,0.89478,0.89617,3742,0,0
2024-07-08T12:00:00+00:00,2024-07-08,17:30:00,1720440000,0.89617,0.8973,0.89563,0.89709,4968,0,0
2024-07-08T16:00:00+00:00,2024-07-08,21:30:00,1720454400,0.8971,0.89743,0.89676,0.89739,2085,0,0
2024-07-08T20:00:00+00:00,2024-07-09,01:30:00,1720468800,0.8974,0.89784,0.89736,0.89781,1576,0,0
2024-07-09T00:00:00+00:00,2024-07-09,05:30:00,1720483200,0.8978,0.89903,0.89758,0.8984,2577,0,0
2024-07-09T04:00:00+00:00,2024-07-09,09:30:00,1720497600,0.8984,0.89874,0.89789,0.89854,3019,0,0
2024-07-09T08:00:00+00:00,2024-07-09,13:30:00,1720512000,0.89854,0.89879,0.8974,0.89812,3242,0,0
2024-07-09T12:00:00+00:00,2024-07-09,17:30:00,1720526400,0.89812,0.89861,0.89688,0.89784,6626,0,0
2024-07-09T16:00:00+00:00,2024-07-09,21:30:00,1720540800,0.89784,0.89802,0.89727,0.89779,2799,0,0
2024-07-09T20:00:00+00:00,2024-07-10,01:30:00,1720555200,0.89779,0.89787,0.8975,0.89758,1449,0,0
2024-07-10T00:00:00+00:00,2024-07-10,05:30:00,1720569600,0.89758,0.89821,0.89726,0.89737,2360,0,0
2024-07-10T04:00:00+00:00,2024-07-10,09:30:00,1720584000,0.89737,0.89756,0.89641,0.89723,2519,0,0
2024-07-10T08:00:00+00:00,2024-07-10,13:30:00,1720598400,0.89723,0.89827,0.89691,0.89807,2922,0,0
2024-07-10T12:00:00+00:00,2024-07-10,17:30:00,1720612800,0.89807,0.89975,0.89788,0.89926,4938,0,0
2024-07-10T16:00:00+00:00,2024-07-10,21:30:00,1720627200,0.89926,0.90008,0.89901,0.89961,2418,0,0
2024-07-10T20:00:00+00:00,2024-07-11,01:30:00,1720641600,0.89961,0.89968,0.89912,0.89923,1413,0,0
2024-07-11T00:00:00+00:00,2024-07-11,05:30:00,1720656000,0.89922,0.89926,0.8986,0.89912,1901,0,0
2024-07-11T04:00:00+00:00,2024-07-11,09:30:00,1720670400,0.89914,0.89982,0.89872,0.89904,2553,0,0
2024-07-11T08:00:00+00:00,2024-07-11,13:30:00,1720684800,0.89904,0.89909,0.89785,0.89797,2970,0,0
2024-07-11T12:00:00+00:00,2024-07-11,17:30:00,1720699200,0.89797,0.89872,0.89155,0.89389,14894,0,0
2024-07-11T16:00:00+00:00,2024-07-11,21:30:00,1720713600,0.89389,0.89645,0.89386,0.8963,3908,0,0
2024-07-11T20:00:00+00:00,2024-07-12,01:30:00,1720728000,0.89631,0.89703,0.89541,0.89613,4038,0,0
2024-07-12T00:00:00+00:00,2024-07-12,05:30:00,1720742400,0.89614,0.897,0.89555,0.89664,3988,0,0
2024-07-12T04:00:00+00:00,2024-07-12,09:30:00,1720756800,0.89665,0.89665,0.89556,0.89573,3291,0,0
2024-07-12T08:00:00+00:00,2024-07-12,13:30:00,1720771200,0.89573,0.89642,0.89545,0.89549,3118,0,0
2024-07-12T12:00:00+00:00,2024-07-12,17:30:00,1720785600,0.89548,0.89642,0.89326,0.89425,10545,0,0
2024-07-12T16:00:00+00:00,2024-07-12,21:30:00,1720800000,0.89425,0.89499,0.89409,0.8942,2441,0,0
2024-07-12T20:00:00+00:00,2024-07-13,01:30:00,1720814400,0.89419,0.89458,0.8941,0.89447,373,0,0
2024-07-14T20:00:00+00:00,2024-07-15,01:30:00,1720987200,0.89402,0.8971,0.89387,0.89695,2095,0,0
2024-07-15T00:00:00+00:00,2024-07-15,05:30:00,1721001600,0.89696,0.89723,0.89565,0.89577,2973,0,0
2024-07-15T04:00:00+00:00,2024-07-15,09:30:00,1721016000,0.89577,0.89605,0.89457,0.89489,3476,0,0
2024-07-15T08:00:00+00:00,2024-07-15,13:30:00,1721030400,0.89488,0.89496,0.89345,0.89448,4243,0,0
2024-07-15T12:00:00+00:00,2024-07-15,17:30:00,1721044800,0.89447,0.89547,0.89355,0.89492,5743,0,0
2024-07-15T16:00:00+00:00,2024-07-15,21:30:00,1721059200,0.89492,0.896,0.89359,0.89576,4813,0,0
2024-07-15T20:00:00+00:00,2024-07-16,01:30:00,1721073600,0.89576,0.89588,0.89545,0.89554,1726,0,0
2024-07-16T00:00:00+00:00,2024-07-16,05:30:00,1721088000,0.89554,0.89603,0.89549,0.89575,2336,0,0
2024-07-16T04:00:00+00:00,2024-07-16,09:30:00,1721102400,0.89575,0.8958,0.89456,0.89509,3269,0,0
2024-07-16T08:00:00+00:00,2024-07-16,13:30:00,1721116800,0.89509,0.89611,0.89487,0.89516,3588,0,0
2024-07-16T12:00:00+00:00,2024-07-16,17:30:00,1721131200,0.89516,0.89788,0.89504,0.89536,6659,0,0
2024-07-16T16:00:00+00:00,2024-07-16,21:30:00,1721145600,0.89537,0.89564,0.89354,0.89361,2903,0,0
2024-07-16T20:00:00+00:00,2024-07-17,01:30:00,1721160000,0.89362,0.89404,0.89335,0.89352,1816,0,0
2024-07-17T00:00:00+00:00,2024-07-17,05:30:00,1721174400,0.89352,0.8945,0.8934,0.89389,2274,0,0
2024-07-17T04:00:00+00:00,2024-07-17,09:30:00,1721188800,0.89389,0.89413,0.8916,0.89173,4292,0,0
2024-07-17T08:00:00+00:00,2024-07-17,13:30:00,1721203200,0.89171,0.89172,0.88609,0.88662,7997,0,0
2024-07-17T12:00:00+00:00,2024-07-17,17:30:00,1721217600,0.88664,0.88688,0.88364,0.88462,8839,0,0
2024-07-17T16:00:00+00:00,2024-07-17,21:30:00,1721232000,0.88462,0.88505,0.88272,0.88347,4067,0,0
2024-07-17T20:00:00+00:00,2024-07-18,01:30:00,1721246400,0.88347,0.88365,0.88203,0.88231,2867,0,0
2024-07-18T00:00:00+00:00,2024-07-18,05:30:00,1721260800,0.88232,0.88472,0.88229,0.88466,4404,0,0
2024-07-18T04:00:00+00:00,2024-07-18,09:30:00,1721275200,0.88464,0.8848,0.8827,0.88381,5346,0,0
2024-07-18T08:00:00+00:00,2024-07-18,13:30:00,1721289600,0.88381,0.88454,0.88324,0.88419,4142,0,0
2024-07-18T12:00:00+00:00,2024-07-18,17:30:00,1721304000,0.88419,0.88581,0.88319,0.88574,7640,0,0
2024-07-18T16:00:00+00:00,2024-07-18,21:30:00,1721318400,0.88575,0.88758,0.88562,0.88724,3722,0,0
2024-07-18T20:00:00+00:00,2024-07-19,01:30:00,1721332800,0.88724,0.88787,0.88703,0.88751,2482,0,0
2024-07-19T00:00:00+00:00,2024-07-19,05:30:00,1721347200,0.88752,0.88896,0.88747,0.88889,3413,0,0
2024-07-19T04:00:00+00:00,2024-07-19,09:30:00,1721361600,0.8889,0.88961,0.88748,0.88855,4210,0,0
2024-07-19T08:00:00+00:00,2024-07-19,13:30:00,1721376000,0.88855,0.88983,0.88765,0.88916,4095,0,0
2024-07-19T12:00:00+00:00,2024-07-19,17:30:00,1721390400,0.88915,0.88999,0.88818,0.88838,5623,0,0
2024-07-19T16:00:00+00:00,2024-07-19,21:30:00,1721404800,0.88839,0.88946,0.88815,0.88903,2426,0,0
2024-07-19T20:00:00+00:00,2024-07-20,01:30:00,1721419200,0.88902,0.88907,0.88865,0.88899,339,0,0
2024-07-21T20:00:00+00:00,2024-07-22,01:30:00,1721592000,0.88791,0.88899,0.88741,0.88807,1811,0,0
2024-07-22T00:00:00+00:00,2024-07-22,05:30:00,1721606400,0.88807,0.88897,0.88802,0.88837,2515,0,0
2024-07-22T04:00:00+00:00,2024-07-22,09:30:00,1721620800,0.88837,0.88902,0.88712,0.88792,4368,0,0
2024-07-22T08:00:00+00:00,2024-07-22,13:30:00,1721635200,0.88792,0.8883,0.88733,0.8882,3911,0,0
2024-07-22T12:00:00+00:00,2024-07-22,17:30:00,1721649600,0.8882,0.89022,0.88811,0.89003,5378,0,0
2024-07-22T16:00:00+00:00,2024-07-22,21:30:00,1721664000,0.89004,0.89021,0.88927,0.8895,2334,0,0
2024-07-22T20:00:00+00:00,2024-07-23,01:30:00,1721678400,0.88952,0.88985,0.88943,0.88965,1972,0,0
2024-07-23T00:00:00+00:00,2024-07-23,05:30:00,1721692800,0.88965,0.88976,0.88891,0.88904,2918,0,0
2024-07-23T04:00:00+00:00,2024-07-23,09:30:00,1721707200,0.88904,0.89049,0.88885,0.88965,3347,0,0
2024-07-23T08:00:00+00:00,2024-07-23,13:30:00,1721721600,0.88965,0.89158,0.88951,0.89158,4598,0,0
2024-07-23T12:00:00+00:00,2024-07-23,17:30:00,1721736000,0.89159,0.89237,0.89079,0.89156,5235,0,0
2024-07-23T16:00:00+00:00,2024-07-23,21:30:00,1721750400,0.89157,0.89217,0.89106,0.89154,2909,0,0
2024-07-23T20:00:00+00:00,2024-07-24,01:30:00,1721764800,0.89154,0.89164,0.89105,0.89151,1665,0,0
2024-07-24T00:00:00+00:00,2024-07-24,05:30:00,1721779200,0.89152,0.89215,0.89135,0.89173,3033,0,0
2024-07-24T04:00:00+00:00,2024-07-24,09:30:00,1721793600,0.89173,0.89177,0.88978,0.89034,4831,0,0
2024-07-24T08:00:00+00:00,2024-07-24,13:30:00,1721808000,0.89034,0.89061,0.88607,0.88648,5440,0,0
2024-07-24T12:00:00+00:00,2024-07-24,17:30:00,1721822400,0.88647,0.88658,0.8829,0.88383,9349,0,0
2024-07-24T16:00:00+00:00,2024-07-24,21:30:00,1721836800,0.88383,0.88606,0.88372,0.88557,3821,0,0
2024-07-24T20:00:00+00:00,2024-07-25,01:30:00,1721851200,0.88557,0.88565,0.88475,0.88517,2412,0,0
2024-07-25T00:00:00+00:00,2024-07-25,05:30:00,1721865600,0.88516,0.88539,0.88279,0.88283,5161,0,0
2024-07-25T04:00:00+00:00,2024-07-25,09:30:00,1721880000,0.88283,0.8834,0.87961,0.88044,6705,0,0
2024-07-25T08:00:00+00:00,2024-07-25,13:30:00,1721894400,0.88044,0.88133,0.87771,0.87809,8089,0,0
2024-07-25T12:00:00+00:00,2024-07-25,17:30:00,1721908800,0.87809,0.88206,0.87798,0.8802,11391,0,0
2024-07-25T16:00:00+00:00,2024-07-25,21:30:00,1721923200,0.8802,0.88113,0.87963,0.88095,4418,0,0
2024-07-25T20:00:00+00:00,2024-07-26,01:30:00,1721937600,0.88095,0.88165,0.88055,0.88071,2814,0,0
2024-07-26T00:00:00+00:00,2024-07-26,05:30:00,1721952000,0.88071,0.88139,0.88025,0.88081,3493,0,0
2024-07-26T04:00:00+00:00,2024-07-26,09:30:00,1721966400,0.8808,0.88262,0.88069,0.88253,3835,0,0
2024-07-26T08:00:00+00:00,2024-07-26,13:30:00,1721980800,0.88254,0.88419,0.8825,0.88336,4363,0,0
2024-07-26T12:00:00+00:00,2024-07-26,17:30:00,1721995200,0.88336,0.88448,0.88196,0.88257,8020,0,0
2024-07-26T16:00:00+00:00,2024-07-26,21:30:00,1722009600,0.88257,0.88376,0.88243,0.88339,2801,0,0
2024-07-26T20:00:00+00:00,2024-07-27,01:30:00,1722024000,0.88339,0.88388,0.88319,0.8837,357,0,0
2024-07-28T20:00:00+00:00,2024-07-29,01:30:00,1722196800,0.88319,0.88451,0.88223,0.88449,2005,0,0
2024-07-29T00:00:00+00:00,2024-07-29,05:30:00,1722211200,0.8845,0.88462,0.88206,0.88271,4289,0,0
2024-07-29T04:00:00+00:00,2024-07-29,09:30:00,1722225600,0.88271,0.88489,0.88259,0.88448,4507,0,0
2024-07-29T08:00:00+00:00,2024-07-29,13:30:00,1722240000,0.88448,0.88556,0.88414,0.88505,4578,0,0
2024-07-29T12:00:00+00:00,2024-07-29,17:30:00,1722254400,0.88505,0.88714,0.88475,0.88605,5199,0,0
2024-07-29T16:00:00+00:00,2024-07-29,21:30:00,1722268800,0.88604,0.88664,0.88572,0.88618,2400,0,0
2024-07-29T20:00:00+00:00,2024-07-30,01:30:00,1722283200,0.88618,0.88629,0.88565,0.88613,1639,0,0
2024-07-30T00:00:00+00:00,2024-07-30,05:30:00,1722297600,0.88615,0.8869,0.88614,0.8863,2671,0,0
2024-07-30T04:00:00+00:00,2024-07-30,09:30:00,1722312000,0.88631,0.88755,0.88568,0.88644,3874,0,0
2024-07-30T08:00:00+00:00,2024-07-30,13:30:00,1722326400,0.8864,0.88668,0.88537,0.88625,4123,0,0
2024-07-30T12:00:00+00:00,2024-07-30,17:30:00,1722340800,0.88625,0.8867,0.88478,0.88525,7754,0,0
2024-07-30T16:00:00+00:00,2024-07-30,21:30:00,1722355200,0.88524,0.88545,0.8826,0.88392,4983,0,0
2024-07-30T20:00:00+00:00,2024-07-31,01:30:00,1722369600,0.88393,0.88393,0.88184,0.88197,3212,0,0
2024-07-31T00:00:00+00:00,2024-07-31,05:30:00,1722384000,0.88197,0.88291,0.88071,0.88233,5766,0,0
2024-07-31T04:00:00+00:00,2024-07-31,09:30:00,1722398400,0.88231,0.88306,0.88044,0.88113,7691,0,0
2024-07-31T08:00:00+00:00,2024-07-31,13:30:00,1722412800,0.88114,0.88216,0.87975,0.88036,6872,0,0
2024-07-31T12:00:00+00:00,2024-07-31,17:30:00,1722427200,0.88036,0.8808,0.87708,0.87972,10388,0,0
2024-07-31T16:00:00+00:00,2024-07-31,21:30:00,1722441600,0.87973,0.88185,0.87725,0.87772,8644,0,0
2024-07-31T20:00:00+00:00,2024-08-01,01:30:00,1722456000,0.87772,0.87842,0.87736,0.87825,2900,0,0
2024-08-01T00:00:00+00:00,2024-08-01,05:30:00,1722470400,0.87826,0.87828,0.87597,0.87711,6106,0,0
2024-08-01T04:00:00+00:00,2024-08-01,09:30:00,1722484800,0.87711,0.87752,0.87581,0.87681,6178,0,0
2024-08-01T08:00:00+00:00,2024-08-01,13:30:00,1722499200,0.87679,0.87771,0.87543,0.87717,6724,0,0
2024-08-01T12:00:00+00:00,2024-08-01,17:30:00,1722513600,0.87717,0.87758,0.87294,0.87449,11349,0,0
2024-08-01T16:00:00+00:00,2024-08-01,21:30:00,1722528000,0.87449,0.87466,0.87259,0.87361,5212,0,0
2024-08-01T20:00:00+00:00,2024-08-02,01:30:00,1722542400,0.87361,0.87365,0.87254,0.87298,3040,0,0
2024-08-02T00:00:00+00:00,2024-08-02,05:30:00,1722556800,0.87298,0.87339,0.8719,0.87242,5053,0,0
2024-08-02T04:00:00+00:00,2024-08-02,09:30:00,1722571200,0.87242,0.87279,0.8707,0.87186,7275,0,0
2024-08-02T08:00:00+00:00,2024-08-02,13:30:00,1722585600,0.87186,0.87255,0.86969,0.87062,6890,0,0
2024-08-02T12:00:00+00:00,2024-08-02,17:30:00,1722600000,0.87063,0.87122,0.85775,0.86051,19942,1,0
2024-08-02T16:00:00+00:00,2024-08-02,21:30:00,1722614400,0.86052,0.86188,0.85865,0.85909,8383,1,0
2024-08-02T20:00:00+00:00,2024-08-03,01:30:00,1722628800,0.85908,0.85929,0.8574,0.85796,768,1,0
2024-08-04T20:00:00+00:00,2024-08-05,01:30:00,1722801600,0.85768,0.85944,0.85573,0.85644,4913,1,0
2024-08-05T00:00:00+00:00,2024-08-05,05:30:00,1722816000,0.85644,0.8573,0.85173,0.85213,14867,1,0
2024-08-05T04:00:00+00:00,2024-08-05,09:30:00,1722830400,0.85212,0.85341,0.8447,0.85238,26014,1,0
2024-08-05T08:00:00+00:00,2024-08-05,13:30:00,1722844800,0.85237,0.8526,0.84808,0.84808,12481,1,0
2024-08-05T12:00:00+00:00,2024-08-05,17:30:00,1722859200,0.84806,0.85295,0.84323,0.85282,22262,1,0
2024-08-05T16:00:00+00:00,2024-08-05,21:30:00,1722873600,0.85282,0.8553,0.84982,0.8503,11986,1,0
2024-08-05T20:00:00+00:00,2024-08-06,01:30:00,1722888000,0.8503,0.85509,0.85018,0.85484,6135,0,0
2024-08-06T00:00:00+00:00,2024-08-06,05:30:00,1722902400,0.85484,0.85647,0.85373,0.85576,10942,1,0
2024-08-06T04:00:00+00:00,2024-08-06,09:30:00,1722916800,0.85575,0.85717,0.85332,0.85596,11427,1,0
2024-08-06T08:00:00+00:00,2024-08-06,13:30:00,1722931200,0.85595,0.85645,0.85353,0.85388,10986,1,0
2024-08-06T12:00:00+00:00,2024-08-06,17:30:00,1722945600,0.85391,0.85463,0.85013,0.85331,14603,1,0
2024-08-06T16:00:00+00:00,2024-08-06,21:30:00,1722960000,0.85331,0.85422,0.85215,0.85224,7164,1,0
2024-08-06T20:00:00+00:00,2024-08-07,01:30:00,1722974400,0.85224,0.85282,0.85098,0.85275,3969,0,0
2024-08-07T00:00:00+00:00,2024-08-07,05:30:00,1722988800,0.85274,0.85809,0.85249,0.85788,11261,1,0
2024-08-07T04:00:00+00:00,2024-08-07,09:30:00,1723003200,0.85789,0.85936,0.8547,0.8558,10557,1,0
2024-08-07T08:00:00+00:00,2024-08-07,13:30:00,1723017600,0.85581,0.86406,0.85581,0.86202,8832,1,0
2024-08-07T12:00:00+00:00,2024-08-07,17:30:00,1723032000,0.86204,0.8662,0.86045,0.86527,12685,1,0
2024-08-07T16:00:00+00:00,2024-08-07,21:30:00,1723046400,0.86527,0.86546,0.86084,0.86163,9492,1,0
2024-08-07T20:00:00+00:00,2024-08-08,01:30:00,1723060800,0.86163,0.86217,0.85812,0.86005,4635,0,0
2024-08-08T00:00:00+00:00,2024-08-08,05:30:00,1723075200,0.86003,0.86098,0.85731,0.85989,10239,1,0
2024-08-08T04:00:00+00:00,2024-08-08,09:30:00,1723089600,0.85991,0.86038,0.85799,0.85889,9467,1,0
2024-08-08T08:00:00+00:00,2024-08-08,13:30:00,1723104000,0.8589,0.85922,0.85649,0.85738,8093,1,0
2024-08-08T12:00:00+00:00,2024-08-08,17:30:00,1723118400,0.85737,0.8674,0.85599,0.86568,16470,1,0
2024-08-08T16:00:00+00:00,2024-08-08,21:30:00,1723132800,0.86566,0.86707,0.86533,0.8656,6592,1,0
2024-08-08T20:00:00+00:00,2024-08-09,01:30:00,1723147200,0.86561,0.86703,0.86552,0.867,4231,0,0
2024-08-09T00:00:00+00:00,2024-08-09,05:30:00,1723161600,0.86699,0.86699,0.86545,0.86626,5650,1,0
2024-08-09T04:00:00+00:00,2024-08-09,09:30:00,1723176000,0.86626,0.86719,0.86481,0.86586,5878,1,0
2024-08-09T08:00:00+00:00,2024-08-09,13:30:00,1723190400,0.86586,0.86599,0.86382,0.86447,6014,1,0
2024-08-09T12:00:00+00:00,2024-08-09,17:30:00,1723204800,0.86447,0.86509,0.86324,0.86391,8265,1,0
2024-08-09T16:00:00+00:00,2024-08-09,21:30:00,1723219200,0.86391,0.86526,0.86377,0.86458,3598,1,0
2024-08-09T20:00:00+00:00,2024-08-10,01:30:00,1723233600,0.86458,0.86542,0.86449,0.8652,463,1,0
2024-08-11T20:00:00+00:00,2024-08-12,01:30:00,1723406400,0.86411,0.86624,0.86371,0.86504,2697,1,0
2024-08-12T00:00:00+00:00,2024-08-12,05:30:00,1723420800,0.86504,0.86634,0.86461,0.86634,3150,1,0
2024-08-12T04:00:00+00:00,2024-08-12,09:30:00,1723435200,0.86634,0.86865,0.86607,0.868,5520,1,0
2024-08-12T08:00:00+00:00,2024-08-12,13:30:00,1723449600,0.86797,0.86962,0.8678,0.86879,5749,1,0
2024-08-12T12:00:00+00:00,2024-08-12,17:30:00,1723464000,0.86881,0.87117,0.86604,0.86734,10352,1,0
2024-08-12T16:00:00+00:00,2024-08-12,21:30:00,1723478400,0.86734,0.86748,0.86449,0.86488,6485,1,0
2024-08-12T20:00:00+00:00,2024-08-13,01:30:00,1723492800,0.86488,0.86564,0.86466,0.86486,2902,0,0
2024-08-13T00:00:00+00:00,2024-08-13,05:30:00,1723507200,0.86487,0.86677,0.86487,0.86588,3311,1,0
2024-08-13T04:00:00+00:00,2024-08-13,09:30:00,1723521600,0.86588,0.86792,0.86587,0.86705,5756,1,0
2024-08-13T08:00:00+00:00,2024-08-13,13:30:00,1723536000,0.86704,0.86788,0.86625,0.8666,5793,1,0
2024-08-13T12:00:00+00:00,2024-08-13,17:30:00,1723550400,0.8666,0.86801,0.86423,0.8654,11300,1,0
2024-08-13T16:00:00+00:00,2024-08-13,21:30:00,1723564800,0.8654,0.86561,0.86372,0.86449,4418,1,0
2024-08-13T20:00:00+00:00,2024-08-14,01:30:00,1723579200,0.86448,0.86536,0.86445,0.86516,2566,0,0
2024-08-14T00:00:00+00:00,2024-08-14,05:30:00,1723593600,0.86512,0.86589,0.86378,0.86502,4296,1,0
2024-08-14T04:00:00+00:00,2024-08-14,09:30:00,1723608000,0.86502,0.8655,0.86316,0.86354,4207,1,0
2024-08-14T08:00:00+00:00,2024-08-14,13:30:00,1723622400,0.86355,0.86405,0.86208,0.86303,4918,1,0
2024-08-14T12:00:00+00:00,2024-08-14,17:30:00,1723636800,0.86301,0.86612,0.8617,0.86389,16729,1,0
2024-08-14T16:00:00+00:00,2024-08-14,21:30:00,1723651200,0.86387,0.86556,0.86361,0.86538,2038,1,0
2024-08-14T20:00:00+00:00,2024-08-15,01:30:00,1723665600,0.86535,0.86551,0.86485,0.86504,1313,0,0
2024-08-15T00:00:00+00:00,2024-08-15,05:30:00,1723680000,0.86505,0.86636,0.86487,0.86592,2243,1,0
2024-08-15T04:00:00+00:00,2024-08-15,09:30:00,1723694400,0.86593,0.86593,0.86473,0.86565,2965,1,0
2024-08-15T08:00:00+00:00,2024-08-15,13:30:00,1723708800,0.86566,0.86699,0.86566,0.86629,3147,1,0
2024-08-15T12:00:00+00:00,2024-08-15,17:30:00,1723723200,0.8663,0.87483,0.86618,0.87131,18959,0,0
2024-08-15T16:00:00+00:00,2024-08-15,21:30:00,1723737600,0.87129,0.87297,0.87094,0.87228,2369,0,0
2024-08-15T20:00:00+00:00,2024-08-16,01:30:00,1723752000,0.87226,0.87284,0.8721,0.87261,1414,0,0
2024-08-16T00:00:00+00:00,2024-08-16,05:30:00,1723766400,0.87263,0.87266,0.87102,0.87151,1992,0,0
2024-08-16T04:00:00+00:00,2024-08-16,09:30:00,1723780800,0.87152,0.87155,0.86947,0.86973,2399,1,0
2024-08-16T08:00:00+00:00,2024-08-16,13:30:00,1723795200,0.86975,0.86982,0.86704,0.8674,4407,1,0
2024-08-16T12:00:00+00:00,2024-08-16,17:30:00,1723809600,0.86738,0.86966,0.86647,0.86849,7287,1,0
2024-08-16T16:00:00+00:00,2024-08-16,21:30:00,1723824000,0.86848,0.86876,0.86665,0.86676,2132,1,0
2024-08-16T20:00:00+00:00,2024-08-17,01:30:00,1723838400,0.86678,0.86686,0.86595,0.8661,318,1,0
2024-08-18T20:00:00+00:00,2024-08-19,01:30:00,1724011200,0.86599,0.86768,0.86532,0.86765,1589,1,0
2024-08-19T00:00:00+00:00,2024-08-19,05:30:00,1724025600,0.86764,0.86775,0.86437,0.86449,3595,1,0
2024-08-19T04:00:00+00:00,2024-08-19,09:30:00,1724040000,0.86447,0.8648,0.8616,0.86381,6214,1,0
2024-08-19T08:00:00+00:00,2024-08-19,13:30:00,1724054400,0.86382,0.86562,0.86296,0.86402,4171,1,0
2024-08-19T12:00:00+00:00,2024-08-19,17:30:00,1724068800,0.86401,0.86636,0.86268,0.86297,6305,1,0
2024-08-19T16:00:00+00:00,2024-08-19,21:30:00,1724083200,0.86299,0.86345,0.8623,0.86266,2128,1,0
2024-08-19T20:00:00+00:00,2024-08-20,01:30:00,1724097600,0.86265,0.8631,0.86239,0.86261,1389,0,0
2024-08-20T00:00:00+00:00,2024-08-20,05:30:00,1724112000,0.86263,0.86263,0.86048,0.86216,4323,1,0
2024-08-20T04:00:00+00:00,2024-08-20,09:30:00,1724126400,0.86215,0.86255,0.8592,0.85926,3891,1,0
2024-08-20T08:00:00+00:00,2024-08-20,13:30:00,1724140800,0.85925,0.86034,0.85889,0.85954,4131,1,0
2024-08-20T12:00:00+00:00,2024-08-20,17:30:00,1724155200,0.85953,0.86048,0.85659,0.8577,7048,1,0
2024-08-20T16:00:00+00:00,2024-08-20,21:30:00,1724169600,0.85769,0.85776,0.8546,0.85492,2477,1,0
2024-08-20T20:00:00+00:00,2024-08-21,01:30:00,1724184000,0.8549,0.85495,0.85213,0.85366,2544,0,0
2024-08-21T00:00:00+00:00,2024-08-21,05:30:00,1724198400,0.85364,0.8544,0.85212,0.85423,4043,1,0
2024-08-21T04:00:00+00:00,2024-08-21,09:30:00,1724212800,0.85425,0.85614,0.85342,0.85577,3637,1,0
2024-08-21T08:00:00+00:00,2024-08-21,13:30:00,1724227200,0.85576,0.85593,0.85465,0.85514,3018,1,0
2024-08-21T12:00:00+00:00,2024-08-21,17:30:00,1724241600,0.85513,0.85571,0.8511,0.85159,13100,1,0
2024-08-21T16:00:00+00:00,2024-08-21,21:30:00,1724256000,0.8516,0.85178,0.84952,0.85146,4159,1,0
2024-08-21T20:00:00+00:00,2024-08-22,01:30:00,1724270400,0.85147,0.85231,0.85053,0.85119,1880,0,0
2024-08-22T00:00:00+00:00,2024-08-22,05:30:00,1724284800,0.85118,0.85254,0.8505,0.85132,2798,1,0
2024-08-22T04:00:00+00:00,2024-08-22,09:30:00,1724299200,0.85131,0.85179,0.84941,0.85018,3796,1,0
2024-08-22T08:00:00+00:00,2024-08-22,13:30:00,1724313600,0.85019,0.85262,0.84895,0.85195,4794,1,0
2024-08-22T12:00:00+00:00,2024-08-22,17:30:00,1724328000,0.85194,0.85339,0.85062,0.85182,8915,1,0
2024-08-22T16:00:00+00:00,2024-08-22,21:30:00,1724342400,0.85181,0.85271,0.85148,0.85238,3394,1,0
2024-08-22T20:00:00+00:00,2024-08-23,01:30:00,1724356800,0.8524,0.85258,0.85147,0.85183,1901,0,0
2024-08-23T00:00:00+00:00,2024-08-23,05:30:00,1724371200,0.85185,0.85209,0.85042,0.85156,3269,1,0
2024-08-23T04:00:00+00:00,2024-08-23,09:30:00,1724385600,0.85158,0.85235,0.85046,0.85103,3303,1,0
2024-08-23T08:00:00+00:00,2024-08-23,13:30:00,1724400000,0.85101,0.85272,0.85081,0.85198,3488,1,0
2024-08-23T12:00:00+00:00,2024-08-23,17:30:00,1724414400,0.852,0.85416,0.84707,0.84917,11277,1,0
2024-08-23T16:00:00+00:00,2024-08-23,21:30:00,1724428800,0.84915,0.85015,0.84712,0.84772,4380,1,0
2024-08-23T20:00:00+00:00,2024-08-24,01:30:00,1724443200,0.84774,0.848,0.84746,0.84781,329,1,0
2024-08-25T20:00:00+00:00,2024-08-26,01:30:00,1724616000,0.8474,0.84827,0.84675,0.84721,2166,0,0
2024-08-26T00:00:00+00:00,2024-08-26,05:30:00,1724630400,0.84723,0.84761,0.8456,0.84729,4611,0,0
2024-08-26T04:00:00+00:00,2024-08-26,09:30:00,1724644800,0.8473,0.8479,0.84627,0.84673,3686,0,0
2024-08-26T08:00:00+00:00,2024-08-26,13:30:00,1724659200,0.84674,0.84753,0.84562,0.84736,3161,0,0
2024-08-26T12:00:00+00:00,2024-08-26,17:30:00,1724673600,0.84738,0.84859,0.84632,0.8479,6691,0,0
2024-08-26T16:00:00+00:00,2024-08-26,21:30:00,1724688000,0.84791,0.84805,0.84674,0.8476,2297,0,0
2024-08-26T20:00:00+00:00,2024-08-27,01:30:00,1724702400,0.84758,0.8477,0.84638,0.84715,1358,0,0
2024-08-27T00:00:00+00:00,2024-08-27,05:30:00,1724716800,0.84713,0.84791,0.84675,0.84741,2314,0,0
2024-08-27T04:00:00+00:00,2024-08-27,09:30:00,1724731200,0.8474,0.84842,0.84675,0.84756,3361,0,0
2024-08-27T08:00:00+00:00,2024-08-27,13:30:00,1724745600,0.84755,0.84783,0.84555,0.84603,4128,0,0
2024-08-27T12:00:00+00:00,2024-08-27,17:30:00,1724760000,0.84605,0.84622,0.84216,0.84393,8011,0,0
2024-08-27T16:00:00+00:00,2024-08-27,21:30:00,1724774400,0.84392,0.84392,0.84093,0.84159,3077,0,0
2024-08-27T20:00:00+00:00,2024-08-28,01:30:00,1724788800,0.8416,0.84191,0.84098,0.8417,2055,0,0
2024-08-28T00:00:00+00:00,2024-08-28,05:30:00,1724803200,0.84172,0.84355,0.84156,0.84327,3261,0,0
2024-08-28T04:00:00+00:00,2024-08-28,09:30:00,1724817600,0.84329,0.84429,0.84278,0.84326,2610,0,0
2024-08-28T08:00:00+00:00,2024-08-28,13:30:00,1724832000,0.84327,0.844,0.84215,0.84387,3845,0,0
2024-08-28T12:00:00+00:00,2024-08-28,17:30:00,1724846400,0.84388,0.8452,0.84116,0.84203,7030,0,0
2024-08-28T16:00:00+00:00,2024-08-28,21:30:00,1724860800,0.84202,0.84325,0.84193,0.84237,2963,0,0
2024-08-28T20:00:00+00:00,2024-08-29,01:30:00,1724875200,0.84234,0.8426,0.84108,0.84184,2577,0,0
2024-08-29T00:00:00+00:00,2024-08-29,05:30:00,1724889600,0.84185,0.8423,0.84055,0.84057,2922,0,0
2024-08-29T04:00:00+00:00,2024-08-29,09:30:00,1724904000,0.84056,0.84236,0.84002,0.84193,3879,0,0
2024-08-29T08:00:00+00:00,2024-08-29,13:30:00,1724918400,0.84195,0.84604,0.84194,0.84396,5913,0,0
2024-08-29T12:00:00+00:00,2024-08-29,17:30:00,1724932800,0.84398,0.84932,0.84398,0.84671,9427,0,0
2024-08-29T16:00:00+00:00,2024-08-29,21:30:00,1724947200,0.84669,0.84709,0.84599,0.84703,3776,0,0
2024-08-29T20:00:00+00:00,2024-08-30,01:30:00,1724961600,0.84704,0.8475,0.84677,0.847,2501,0,0
2024-08-30T00:00:00+00:00,2024-08-30,05:30:00,1724976000,0.847,0.84781,0.84669,0.84772,4168,0,0
2024-08-30T04:00:00+00:00,2024-08-30,09:30:00,1724990400,0.84772,0.84862,0.84726,0.84753,4707,0,0
2024-08-30T08:00:00+00:00,2024-08-30,13:30:00,1725004800,0.84753,0.84965,0.84709,0.84964,5080,0,0
2024-08-30T12:00:00+00:00,2024-08-30,17:30:00,1725019200,0.84964,0.85104,0.84751,0.84939,12024,0,0
2024-08-30T16:00:00+00:00,2024-08-30,21:30:00,1725033600,0.84939,0.85106,0.84928,0.85018,4111,0,0
2024-08-30T20:00:00+00:00,2024-08-31,01:30:00,1725048000,0.8502,0.85026,0.84964,0.85004,650,0,0
2024-09-01T20:00:00+00:00,2024-09-02,01:30:00,1725220800,0.84936,0.85105,0.84881,0.85075,2049,0,0
2024-09-02T00:00:00+00:00,2024-09-02,05:30:00,1725235200,0.85074,0.85101,0.84926,0.84978,4432,0,0
2024-09-02T04:00:00+00:00,2024-09-02,09:30:00,1725249600,0.84979,0.85051,0.8485,0.84927,4273,0,0
2024-09-02T08:00:00+00:00,2024-09-02,13:30:00,1725264000,0.84927,0.85158,0.84885,0.85123,4354,0,0
2024-09-02T12:00:00+00:00,2024-09-02,17:30:00,1725278400,0.85123,0.85376,0.85068,0.85157,5270,0,0
2024-09-02T16:00:00+00:00,2024-09-02,21:30:00,1725292800,0.85157,0.85187,0.85127,0.8515,1003,0,0
2024-09-02T20:00:00+00:00,2024-09-03,01:30:00,1725307200,0.85152,0.85189,0.85138,0.85142,1801,0,0
2024-09-03T00:00:00+00:00,2024-09-03,05:30:00,1725321600,0.85143,0.85295,0.85143,0.85247,5417,0,0
2024-09-03T04:00:00+00:00,2024-09-03,09:30:00,1725336000,0.85247,0.85377,0.85111,0.85328,6815,0,0
2024-09-03T08:00:00+00:00,2024-09-03,13:30:00,1725350400,0.8533,0.85341,0.85149,0.85222,5733,0,0
2024-09-03T12:00:00+00:00,2024-09-03,17:30:00,1725364800,0.85222,0.85277,0.84781,0.8503,12381,0,0
2024-09-03T16:00:00+00:00,2024-09-03,21:30:00,1725379200,0.8503,0.85115,0.84989,0.85039,4274,0,0
2024-09-03T20:00:00+00:00,2024-09-04,01:30:00,1725393600,0.8504,0.85093,0.84956,0.84994,2918,0,0
2024-09-04T00:00:00+00:00,2024-09-04,05:30:00,1725408000,0.84995,0.85009,0.8483,0.84871,7464,0,0
2024-09-04T04:00:00+00:00,2024-09-04,09:30:00,1725422400,0.84871,0.84926,0.84719,0.84775,6957,0,0
2024-09-04T08:00:00+00:00,2024-09-04,13:30:00,1725436800,0.84775,0.85045,0.84767,0.84993,5514,0,0
2024-09-04T12:00:00+00:00,2024-09-04,17:30:00,1725451200,0.84993,0.85186,0.84718,0.84825,11677,0,0
2024-09-04T16:00:00+00:00,2024-09-04,21:30:00,1725465600,0.84825,0.84855,0.84649,0.84682,4910,0,0
2024-09-04T20:00:00+00:00,2024-09-05,01:30:00,1725480000,0.84682,0.84692,0.84558,0.84612,2905,0,0
2024-09-05T00:00:00+00:00,2024-09-05,05:30:00,1725494400,0.84612,0.84721,0.84592,0.8468,5449,0,0
2024-09-05T04:00:00+00:00,2024-09-05,09:30:00,1725508800,0.8468,0.84737,0.84552,0.84655,5881,0,0
2024-09-05T08:00:00+00:00,2024-09-05,13:30:00,1725523200,0.84654,0.84692,0.84575,0.84629,5033,0,0
2024-09-05T12:00:00+00:00,2024-09-05,17:30:00,1725537600,0.84628,0.8491,0.8434,0.84535,14196,0,0
2024-09-05T16:00:00+00:00,2024-09-05,21:30:00,1725552000,0.84533,0.84573,0.84408,0.84468,5194,0,0
2024-09-05T20:00:00+00:00,2024-09-06,01:30:00,1725566400,0.84467,0.84473,0.84364,0.84387,2521,0,0
2024-09-06T00:00:00+00:00,2024-09-06,05:30:00,1725580800,0.84387,0.84395,0.84293,0.84297,4720,0,0
2024-09-06T04:00:00+00:00,2024-09-06,09:30:00,1725595200,0.84297,0.84297,0.84046,0.84209,6648,0,0
2024-09-06T08:00:00+00:00,2024-09-06,13:30:00,1725609600,0.84208,0.84333,0.84058,0.84303,5646,0,0
2024-09-06T12:00:00+00:00,2024-09-06,17:30:00,1725624000,0.84302,0.84757,0.83748,0.84283,27548,0,0
2024-09-06T16:00:00+00:00,2024-09-06,21:30:00,1725638400,0.84285,0.84449,0.84251,0.84308,8037,0,0
2024-09-06T20:00:00+00:00,2024-09-07,01:30:00,1725652800,0.8431,0.84354,0.84297,0.84318,824,0,0
2024-09-08T20:00:00+00:00,2024-09-09,01:30:00,1725825600,0.84389,0.84421,0.84227,0.84408,2929,0,0
2024-09-09T00:00:00+00:00,2024-09-09,05:30:00,1725840000,0.84406,0.84577,0.84359,0.84538,6164,0,0
2024-09-09T04:00:00+00:00,2024-09-09,09:30:00,1725854400,0.84538,0.84753,0.84536,0.84638,6538,0,0
2024-09-09T08:00:00+00:00,2024-09-09,13:30:00,1725868800,0.84638,0.84936,0.84605,0.84916,5202,0,0
2024-09-09T12:00:00+00:00,2024-09-09,17:30:00,1725883200,0.84916,0.84945,0.84697,0.84804,7940,0,0
2024-09-09T16:00:00+00:00,2024-09-09,21:30:00,1725897600,0.84804,0.84907,0.84771,0.84907,4346,0,0
2024-09-09T20:00:00+00:00,2024-09-10,01:30:00,1725912000,0.84908,0.84959,0.84884,0.84949,2193,0,0
2024-09-10T00:00:00+00:00,2024-09-10,05:30:00,1725926400,0.84949,0.84988,0.84878,0.849,4694,0,0
2024-09-10T04:00:00+00:00,2024-09-10,09:30:00,1725940800,0.84899,0.8491,0.84789,0.84872,4573,0,0
2024-09-10T08:00:00+00:00,2024-09-10,13:30:00,1725955200,0.84874,0.84894,0.84718,0.84768,5193,0,0
2024-09-10T12:00:00+00:00,2024-09-10,17:30:00,1725969600,0.84768,0.84826,0.84585,0.84599,9384,0,0
2024-09-10T16:00:00+00:00,2024-09-10,21:30:00,1725984000,0.84598,0.84718,0.84565,0.84664,5605,0,0
2024-09-10T20:00:00+00:00,2024-09-11,01:30:00,1725998400,0.84665,0.8471,0.84654,0.84666,2678,0,0
2024-09-11T00:00:00+00:00,2024-09-11,05:30:00,1726012800,0.84668,0.84701,0.84412,0.84439,7274,0,0
2024-09-11T04:00:00+00:00,2024-09-11,09:30:00,1726027200,0.84439,0.84581,0.84221,0.84566,7331,0,0
2024-09-11T08:00:00+00:00,2024-09-11,13:30:00,1726041600,0.84566,0.84663,0.8449,0.84639,5294,0,0
2024-09-11T12:00:00+00:00,2024-09-11,17:30:00,1726056000,0.84638,0.85156,0.84631,0.85053,17352,0,0
2024-09-11T16:00:00+00:00,2024-09-11,21:30:00,1726070400,0.85055,0.85258,0.85003,0.85232,6554,0,0
2024-09-11T20:00:00+00:00,2024-09-12,01:30:00,1726084800,0.85229,0.85297,0.85195,0.85269,2935,0,0
2024-09-12T00:00:00+00:00,2024-09-12,05:30:00,1726099200,0.85269,0.85333,0.85182,0.85296,4935,0,0
2024-09-12T04:00:00+00:00,2024-09-12,09:30:00,1726113600,0.85296,0.85451,0.85193,0.85448,5041,0,0
2024-09-12T08:00:00+00:00,2024-09-12,13:30:00,1726128000,0.85449,0.85498,0.85295,0.85408,5013,0,0
2024-09-12T12:00:00+00:00,2024-09-12,17:30:00,1726142400,0.8541,0.85486,0.85188,0.85275,13057,0,0
2024-09-12T16:00:00+00:00,2024-09-12,21:30:00,1726156800,0.85276,0.8539,0.85073,0.85124,7499,0,0
2024-09-12T20:00:00+00:00,2024-09-13,01:30:00,1726171200,0.85124,0.85143,0.84977,0.84987,3094,0,0
2024-09-13T00:00:00+00:00,2024-09-13,05:30:00,1726185600,0.84988,0.85003,0.84861,0.84925,5726,0,0
2024-09-13T04:00:00+00:00,2024-09-13,09:30:00,1726200000,0.84925,0.85012,0.84781,0.84828,5673,0,0
2024-09-13T08:00:00+00:00,2024-09-13,13:30:00,1726214400,0.84828,0.84898,0.84656,0.84721,6670,0,0
2024-09-13T12:00:00+00:00,2024-09-13,17:30:00,1726228800,0.8472,0.8482,0.84441,0.84795,10260,0,0
2024-09-13T16:00:00+00:00,2024-09-13,21:30:00,1726243200,0.84793,0.84851,0.84756,0.84837,4828,0,0
2024-09-13T20:00:00+00:00,2024-09-14,01:30:00,1726257600,0.84837,0.84942,0.84836,0.84915,753,0,0
2024-09-15T20:00:00+00:00,2024-09-16,01:30:00,1726430400,0.84715,0.84866,0.84715,0.84815,1796,0,0
2024-09-16T00:00:00+00:00,2024-09-16,05:30:00,1726444800,0.84815,0.84815,0.84577,0.8458,4147,0,0
2024-09-16T04:00:00+00:00,2024-09-16,09:30:00,1726459200,0.8458,0.84659,0.84423,0.84502,5710,0,0
2024-09-16T08:00:00+00:00,2024-09-16,13:30:00,1726473600,0.84502,0.84547,0.84362,0.84443,5830,0,0
2024-09-16T12:00:00+00:00,2024-09-16,17:30:00,1726488000,0.84443,0.84586,0.84345,0.84534,9681,0,0
2024-09-16T16:00:00+00:00,2024-09-16,21:30:00,1726502400,0.84533,0.84596,0.84455,0.84511,4383,0,0
2024-09-16T20:00:00+00:00,2024-09-17,01:30:00,1726516800,0.84511,0.84547,0.8445,0.84465,2496,0,0
2024-09-17T00:00:00+00:00,2024-09-17,05:30:00,1726531200,0.84464,0.84491,0.84374,0.8444,4506,0,0
2024-09-17T04:00:00+00:00,2024-09-17,09:30:00,1726545600,0.8444,0.8447,0.84297,0.84321,4715,0,0
2024-09-17T08:00:00+00:00,2024-09-17,13:30:00,1726560000,0.84322,0.84504,0.84312,0.84438,4858,0,0
2024-09-17T12:00:00+00:00,2024-09-17,17:30:00,1726574400,0.84437,0.84771,0.84403,0.84696,12659,0,0
2024-09-17T16:00:00+00:00,2024-09-17,21:30:00,1726588800,0.84696,0.84755,0.84574,0.84679,5842,0,0
2024-09-17T20:00:00+00:00,2024-09-18,01:30:00,1726603200,0.84679,0.84742,0.84609,0.8464,2366,0,0
2024-09-18T00:00:00+00:00,2024-09-18,05:30:00,1726617600,0.84639,0.84639,0.84502,0.84534,4043,0,0
2024-09-18T04:00:00+00:00,2024-09-18,09:30:00,1726632000,0.84534,0.84577,0.84403,0.84445,5329,0,0
2024-09-18T08:00:00+00:00,2024-09-18,13:30:00,1726646400,0.84444,0.84477,0.84238,0.84371,5276,0,0
2024-09-18T12:00:00+00:00,2024-09-18,17:30:00,1726660800,0.84371,0.84633,0.84343,0.84593,7645,0,0
2024-09-18T16:00:00+00:00,2024-09-18,21:30:00,1726675200,0.84593,0.84799,0.83913,0.84683,19546,0,0
2024-09-18T20:00:00+00:00,2024-09-19,01:30:00,1726689600,0.84681,0.84751,0.84558,0.84734,4467,0,0
2024-09-19T00:00:00+00:00,2024-09-19,05:30:00,1726704000,0.84735,0.85147,0.84724,0.84857,9793,0,0
2024-09-19T04:00:00+00:00,2024-09-19,09:30:00,1726718400,0.84858,0.84915,0.84494,0.84605,9116,0,0
2024-09-19T08:00:00+00:00,2024-09-19,13:30:00,1726732800,0.84605,0.84804,0.84515,0.84744,9184,0,0
2024-09-19T12:00:00+00:00,2024-09-19,17:30:00,1726747200,0.84745,0.85064,0.84736,0.8479,14671,0,0
2024-09-19T16:00:00+00:00,2024-09-19,21:30:00,1726761600,0.84788,0.84844,0.84628,0.84745,5880,0,0
2024-09-19T20:00:00+00:00,2024-09-20,01:30:00,1726776000,0.84745,0.84804,0.8469,0.84787,2752,0,0
2024-09-20T00:00:00+00:00,2024-09-20,05:30:00,1726790400,0.84786,0.84796,0.8461,0.8462,6489,0,0
2024-09-20T04:00:00+00:00,2024-09-20,09:30:00,1726804800,0.8462,0.84807,0.84518,0.84793,9015,0,0
2024-09-20T08:00:00+00:00,2024-09-20,13:30:00,1726819200,0.84795,0.85,0.84712,0.84985,7605,0,0
2024-09-20T12:00:00+00:00,2024-09-20,17:30:00,1726833600,0.84986,0.85168,0.84734,0.84966,12154,0,0
2024-09-20T16:00:00+00:00,2024-09-20,21:30:00,1726848000,0.84965,0.85142,0.84839,0.85055,7106,0,0
2024-09-20T20:00:00+00:00,2024-09-21,01:30:00,1726862400,0.85053,0.85083,0.85016,0.85029,870,0,0
2024-09-22T20:00:00+00:00,2024-09-23,01:30:00,1727035200,0.8494,0.85108,0.84935,0.85108,2179,0,0
2024-09-23T00:00:00+00:00,2024-09-23,05:30:00,1727049600,0.8511,0.85153,0.85077,0.8509,4204,0,0
2024-09-23T04:00:00+00:00,2024-09-23,09:30:00,1727064000,0.8509,0.85168,0.84994,0.85152,6631,0,0
2024-09-23T08:00:00+00:00,2024-09-23,13:30:00,1727078400,0.85154,0.85181,0.84857,0.84975,7266,0,0
2024-09-23T12:00:00+00:00,2024-09-23,17:30:00,1727092800,0.84975,0.85083,0.84735,0.84749,11589,0,0
2024-09-23T16:00:00+00:00,2024-09-23,21:30:00,1727107200,0.8475,0.8479,0.84567,0.84689,5661,0,0
2024-09-23T20:00:00+00:00,2024-09-24,01:30:00,1727121600,0.84689,0.84792,0.84686,0.84733,2334,0,0
2024-09-24T00:00:00+00:00,2024-09-24,05:30:00,1727136000,0.84733,0.84753,0.84646,0.8471,5404,0,0
2024-09-24T04:00:00+00:00,2024-09-24,09:30:00,1727150400,0.8471,0.84899,0.84689,0.84796,7044,0,0
2024-09-24T08:00:00+00:00,2024-09-24,13:30:00,1727164800,0.84796,0.84873,0.8474,0.84813,7097,0,0
2024-09-24T12:00:00+00:00,2024-09-24,17:30:00,1727179200,0.84812,0.84856,0.84502,0.84594,11532,0,0
2024-09-24T16:00:00+00:00,2024-09-24,21:30:00,1727193600,0.84594,0.84608,0.84312,0.84322,5147,0,0
2024-09-24T20:00:00+00:00,2024-09-25,01:30:00,1727208000,0.84322,0.84351,0.84158,0.8416,2686,0,0
2024-09-25T00:00:00+00:00,2024-09-25,05:30:00,1727222400,0.8416,0.84274,0.84153,0.84199,5459,0,0
2024-09-25T04:00:00+00:00,2024-09-25,09:30:00,1727236800,0.84198,0.8447,0.84152,0.84452,6587,0,0
2024-09-25T08:00:00+00:00,2024-09-25,13:30:00,1727251200,0.84453,0.84973,0.84452,0.84848,7576,0,0
2024-09-25T12:00:00+00:00,2024-09-25,17:30:00,1727265600,0.84849,0.84968,0.84664,0.84949,10820,0,0
2024-09-25T16:00:00+00:00,2024-09-25,21:30:00,1727280000,0.8495,0.85041,0.84908,0.85035,5203,0,0
2024-09-25T20:00:00+00:00,2024-09-26,01:30:00,1727294400,0.85033,0.85079,0.85011,0.85075,2432,0,0
2024-09-26T00:00:00+00:00,2024-09-26,05:30:00,1727308800,0.85075,0.85096,0.8497,0.85011,4484,0,0
2024-09-26T04:00:00+00:00,2024-09-26,09:30:00,1727323200,0.8501,0.85162,0.84605,0.84841,9931,0,0
2024-09-26T08:00:00+00:00,2024-09-26,13:30:00,1727337600,0.8484,0.85038,0.84689,0.84729,10642,0,0
2024-09-26T12:00:00+00:00,2024-09-26,17:30:00,1727352000,0.84728,0.8506,0.84602,0.84639,16014,0,0
2024-09-26T16:00:00+00:00,2024-09-26,21:30:00,1727366400,0.84639,0.84746,0.84531,0.84565,6438,0,0
2024-09-26T20:00:00+00:00,2024-09-27,01:30:00,1727380800,0.84566,0.84676,0.84562,0.84637,3221,0,0
2024-09-27T00:00:00+00:00,2024-09-27,05:30:00,1727395200,0.84637,0.84799,0.84616,0.84713,6120,0,0
2024-09-27T04:00:00+00:00,2024-09-27,09:30:00,1727409600,0.84713,0.84931,0.84434,0.84594,15285,0,0
2024-09-27T08:00:00+00:00,2024-09-27,13:30:00,1727424000,0.84592,0.84644,0.84345,0.84431,8998,0,0
2024-09-27T12:00:00+00:00,2024-09-27,17:30:00,1727438400,0.84431,0.84479,0.8407,0.84239,15240,0,0
2024-09-27T16:00:00+00:00,2024-09-27,21:30:00,1727452800,0.84239,0.84303,0.84031,0.84064,7062,0,0
2024-09-27T20:00:00+00:00,2024-09-28,01:30:00,1727467200,0.84066,0.84086,0.84017,0.84046,1187,0,0
2024-09-29T20:00:00+00:00,2024-09-30,01:30:00,1727640000,0.84019,0.8415,0.84019,0.84143,2362,0,0
2024-09-30T00:00:00+00:00,2024-09-30,05:30:00,1727654400,0.84143,0.84225,0.84071,0.84199,6463,0,0
2024-09-30T04:00:00+00:00,2024-09-30,09:30:00,1727668800,0.84198,0.84328,0.84065,0.84275,7372,0,0
2024-09-30T08:00:00+00:00,2024-09-30,13:30:00,1727683200,0.84275,0.84478,0.84221,0.84267,9451,0,0
2024-09-30T12:00:00+00:00,2024-09-30,17:30:00,1727697600,0.84266,0.84568,0.84261,0.8445,13323,0,0
2024-09-30T16:00:00+00:00,2024-09-30,21:30:00,1727712000,0.84448,0.84737,0.84374,0.84634,9555,0,0
2024-09-30T20:00:00+00:00,2024-10-01,01:30:00,1727726400,0.84632,0.84638,0.84401,0.84537,3587,0,0
2024-10-01T00:00:00+00:00,2024-10-01,05:30:00,1727740800,0.84536,0.84663,0.8447,0.84639,5751,0,0
2024-10-01T04:00:00+00:00,2024-10-01,09:30:00,1727755200,0.84639,0.84801,0.84544,0.84776,8784,0,0
2024-10-01T08:00:00+00:00,2024-10-01,13:30:00,1727769600,0.84776,0.84804,0.84545,0.84695,8830,0,0
2024-10-01T12:00:00+00:00,2024-10-01,17:30:00,1727784000,0.84697,0.84824,0.84313,0.84591,19041,0,0
2024-10-01T16:00:00+00:00,2024-10-01,21:30:00,1727798400,0.84591,0.84817,0.84548,0.84624,9295,0,0
2024-10-01T20:00:00+00:00,2024-10-02,01:30:00,1727812800,0.84623,0.84661,0.84599,0.84625,3219,0,0
2024-10-02T00:00:00+00:00,2024-10-02,05:30:00,1727827200,0.84624,0.84693,0.84549,0.84667,4645,0,0
2024-10-02T04:00:00+00:00,2024-10-02,09:30:00,1727841600,0.84667,0.84669,0.84491,0.8457,8107,0,0
2024-10-02T08:00:00+00:00,2024-10-02,13:30:00,1727856000,0.8457,0.84882,0.845,0.84786,7785,0,0
2024-10-02T12:00:00+00:00,2024-10-02,17:30:00,1727870400,0.84784,0.85076,0.84769,0.84959,11082,0,0
2024-10-02T16:00:00+00:00,2024-10-02,21:30:00,1727884800,0.84958,0.84999,0.84908,0.84918,4775,0,0
2024-10-02T20:00:00+00:00,2024-10-03,01:30:00,1727899200,0.84918,0.85008,0.8491,0.84998,3319,0,0
2024-10-03T00:00:00+00:00,2024-10-03,05:30:00,1727913600,0.84998,0.85113,0.84982,0.84996,5296,0,0
2024-10-03T04:00:00+00:00,2024-10-03,09:30:00,1727928000,0.84996,0.85377,0.84945,0.85203,10542,0,0
2024-10-03T08:00:00+00:00,2024-10-03,13:30:00,1727942400,0.85204,0.85229,0.84926,0.84992,9469,0,0
2024-10-03T12:00:00+00:00,2024-10-03,17:30:00,1727956800,0.84992,0.85428,0.84895,0.854,15800,0,0
2024-10-03T16:00:00+00:00,2024-10-03,21:30:00,1727971200,0.85399,0.85429,0.85197,0.85276,5585,0,0
2024-10-03T20:00:00+00:00,2024-10-04,01:30:00,1727985600,0.85277,0.85299,0.85173,0.85186,2462,0,0
2024-10-04T00:00:00+00:00,2024-10-04,05:30:00,1728000000,0.85186,0.85227,0.8515,0.85158,3967,0,0
2024-10-04T04:00:00+00:00,2024-10-04,09:30:00,1728014400,0.85158,0.85232,0.85003,0.85201,6530,0,0
2024-10-04T08:00:00+00:00,2024-10-04,13:30:00,1728028800,0.85201,0.85279,0.85111,0.85153,6099,0,0
2024-10-04T12:00:00+00:00,2024-10-04,17:30:00,1728043200,0.85155,0.86075,0.85142,0.85893,19037,0,0
2024-10-04T16:00:00+00:00,2024-10-04,21:30:00,1728057600,0.85894,0.85985,0.85838,0.85847,5691,0,0
2024-10-04T20:00:00+00:00,2024-10-05,01:30:00,1728072000,0.85846,0.85859,0.85792,0.85809,1040,0,0
2024-10-06T20:00:00+00:00,2024-10-07,01:30:00,1728244800,0.85807,0.85963,0.85782,0.8588,2276,0,0
2024-10-07T00:00:00+00:00,2024-10-07,05:30:00,1728259200,0.8588,0.85889,0.85733,0.85768,5204,0,0
2024-10-07T04:00:00+00:00,2024-10-07,09:30:00,1728273600,0.85768,0.85905,0.85744,0.85761,6278,0,0
2024-10-07T08:00:00+00:00,2024-10-07,13:30:00,1728288000,0.85761,0.85862,0.855,0.85522,8262,0,0
2024-10-07T12:00:00+00:00,2024-10-07,17:30:00,1728302400,0.85523,0.85653,0.85343,0.85552,11630,0,0
2024-10-07T16:00:00+00:00,2024-10-07,21:30:00,1728316800,0.85552,0.85552,0.85368,0.85413,5397,0,0
2024-10-07T20:00:00+00:00,2024-10-08,01:30:00,1728331200,0.85415,0.85466,0.85311,0.85459,3214,0,0
2024-10-08T00:00:00+00:00,2024-10-08,05:30:00,1728345600,0.85459,0.85488,0.85305,0.85389,6380,0,0
2024-10-08T04:00:00+00:00,2024-10-08,09:30:00,1728360000,0.85388,0.85428,0.85303,0.85377,6597,0,0
2024-10-08T08:00:00+00:00,2024-10-08,13:30:00,1728374400,0.85377,0.85686,0.85351,0.85662,7427,0,0
2024-10-08T12:00:00+00:00,2024-10-08,17:30:00,1728388800,0.85662,0.85843,0.85608,0.85763,9101,0,0
2024-10-08T16:00:00+00:00,2024-10-08,21:30:00,1728403200,0.85763,0.85824,0.85691,0.85778,4439,0,0
2024-10-08T20:00:00+00:00,2024-10-09,01:30:00,1728417600,0.85778,0.85788,0.85703,0.85738,2401,0,0
2024-10-09T00:00:00+00:00,2024-10-09,05:30:00,1728432000,0.8574,0.85809,0.85701,0.85784,4461,0,0
2024-10-09T04:00:00+00:00,2024-10-09,09:30:00,1728446400,0.85783,0.85827,0.85676,0.85715,6079,0,0
2024-10-09T08:00:00+00:00,2024-10-09,13:30:00,1728460800,0.85715,0.85809,0.85654,0.85802,5089,0,0
2024-10-09T12:00:00+00:00,2024-10-09,17:30:00,1728475200,0.85803,0.85987,0.85747,0.85953,7678,0,0
2024-10-09T16:00:00+00:00,2024-10-09,21:30:00,1728489600,0.85954,0.86098,0.85954,0.86063,4763,0,0
2024-10-09T20:00:00+00:00,2024-10-10,01:30:00,1728504000,0.86065,0.86102,0.86021,0.86049,2480,0,0
2024-10-10T00:00:00+00:00,2024-10-10,05:30:00,1728518400,0.86049,0.86069,0.8601,0.86048,3278,0,0
2024-10-10T04:00:00+00:00,2024-10-10,09:30:00,1728532800,0.86049,0.86105,0.85908,0.86002,4908,0,0
2024-10-10T08:00:00+00:00,2024-10-10,13:30:00,1728547200,0.86003,0.8613,0.85843,0.85938,5553,0,0
2024-10-10T12:00:00+00:00,2024-10-10,17:30:00,1728561600,0.85938,0.86151,0.85589,0.85737,19762,0,0
2024-10-10T16:00:00+00:00,2024-10-10,21:30:00,1728576000,0.85737,0.8586,0.85631,0.85652,7198,0,0
2024-10-10T20:00:00+00:00,2024-10-11,01:30:00,1728590400,0.85652,0.85684,0.85608,0.85664,2211,0,0
2024-10-11T00:00:00+00:00,2024-10-11,05:30:00,1728604800,0.85664,0.8575,0.85635,0.85686,3516,0,0
2024-10-11T04:00:00+00:00,2024-10-11,09:30:00,1728619200,0.85686,0.85787,0.85645,0.85659,4300,0,0
2024-10-11T08:00:00+00:00,2024-10-11,13:30:00,1728633600,0.85659,0.85823,0.85589,0.85744,4979,0,0
2024-10-11T12:00:00+00:00,2024-10-11,17:30:00,1728648000,0.85745,0.85848,0.85637,0.85745,9789,0,0
2024-10-11T16:00:00+00:00,2024-10-11,21:30:00,1728662400,0.85745,0.85745,0.85627,0.8572,3252,0,0
2024-10-11T20:00:00+00:00,2024-10-12,01:30:00,1728676800,0.85723,0.85752,0.85714,0.85725,641,0,0
2024-10-13T20:00:00+00:00,2024-10-14,01:30:00,1728849600,0.85657,0.85837,0.85651,0.85827,1621,0,0
2024-10-14T00:00:00+00:00,2024-10-14,05:30:00,1728864000,0.85827,0.85861,0.85798,0.85838,3255,0,0
2024-10-14T04:00:00+00:00,2024-10-14,09:30:00,1728878400,0.85838,0.86025,0.85807,0.85937,3599,0,0
2024-10-14T08:00:00+00:00,2024-10-14,13:30:00,1728892800,0.85937,0.86295,0.85925,0.86183,4794,0,0
2024-10-14T12:00:00+00:00,2024-10-14,17:30:00,1728907200,0.86185,0.86417,0.8618,0.86367,7510,0,0
2024-10-14T16:00:00+00:00,2024-10-14,21:30:00,1728921600,0.86366,0.86401,0.86257,0.8626,3585,0,0
2024-10-14T20:00:00+00:00,2024-10-15,01:30:00,1728936000,0.86261,0.86294,0.86215,0.8624,2158,0,0
2024-10-15T00:00:00+00:00,2024-10-15,05:30:00,1728950400,0.8624,0.86332,0.86156,0.86332,3452,0,0
2024-10-15T04:00:00+00:00,2024-10-15,09:30:00,1728964800,0.86331,0.8637,0.86179,0.86236,5138,0,0
2024-10-15T08:00:00+00:00,2024-10-15,13:30:00,1728979200,0.86235,0.86243,0.8607,0.86238,5917,0,0
2024-10-15T12:00:00+00:00,2024-10-15,17:30:00,1728993600,0.86236,0.86248,0.8607,0.86217,8694,0,0
2024-10-15T16:00:00+00:00,2024-10-15,21:30:00,1729008000,0.86217,0.8637,0.86191,0.86247,4420,0,0
2024-10-15T20:00:00+00:00,2024-10-16,01:30:00,1729022400,0.86248,0.86276,0.86188,0.86263,2431,0,0
2024-10-16T00:00:00+00:00,2024-10-16,05:30:00,1729036800,0.86263,0.86276,0.86166,0.86201,3563,0,0
2024-10-16T04:00:00+00:00,2024-10-16,09:30:00,1729051200,0.86201,0.86297,0.86174,0.86259,4674,0,0
2024-10-16T08:00:00+00:00,2024-10-16,13:30:00,1729065600,0.86259,0.86286,0.86142,0.86222,4927,0,0
2024-10-16T12:00:00+00:00,2024-10-16,17:30:00,1729080000,0.86221,0.86567,0.86206,0.86421,7522,0,0
2024-10-16T16:00:00+00:00,2024-10-16,21:30:00,1729094400,0.8642,0.86578,0.864,0.86545,3637,0,0
2024-10-16T20:00:00+00:00,2024-10-17,01:30:00,1729108800,0.86545,0.86581,0.86486,0.86544,2507,0,0
2024-10-17T00:00:00+00:00,2024-10-17,05:30:00,1729123200,0.86544,0.86627,0.86537,0.86605,3792,0,0
2024-10-17T04:00:00+00:00,2024-10-17,09:30:00,1729137600,0.86607,0.86695,0.86509,0.86531,4553,0,0
2024-10-17T08:00:00+00:00,2024-10-17,13:30:00,1729152000,0.86529,0.86545,0.86317,0.86326,4587,0,0
2024-10-17T12:00:00+00:00,2024-10-17,17:30:00,1729166400,0.86328,0.86622,0.863,0.86541,13194,0,0
2024-10-17T16:00:00+00:00,2024-10-17,21:30:00,1729180800,0.8654,0.86684,0.8654,0.86634,4048,0,0
2024-10-17T20:00:00+00:00,2024-10-18,01:30:00,1729195200,0.86633,0.86636,0.86588,0.8661,1817,0,0
2024-10-18T00:00:00+00:00,2024-10-18,05:30:00,1729209600,0.86608,0.86638,0.86568,0.86571,3829,0,0
2024-10-18T04:00:00+00:00,2024-10-18,09:30:00,1729224000,0.86572,0.86695,0.86535,0.86665,4571,0,0
2024-10-18T08:00:00+00:00,2024-10-18,13:30:00,1729238400,0.86665,0.86673,0.86586,0.86643,4450,0,0
2024-10-18T12:00:00+00:00,2024-10-18,17:30:00,1729252800,0.86643,0.86693,0.86492,0.86592,6660,0,0
2024-10-18T16:00:00+00:00,2024-10-18,21:30:00,1729267200,0.86592,0.86606,0.86501,0.86521,3790,0,0
2024-10-18T20:00:00+00:00,2024-10-19,01:30:00,1729281600,0.86521,0.86529,0.86459,0.86473,932,0,0
2024-10-20T20:00:00+00:00,2024-10-21,01:30:00,1729454400,0.86445,0.86512,0.86412,0.86498,1504,0,0
2024-10-21T00:00:00+00:00,2024-10-21,05:30:00,1729468800,0.865,0.86541,0.8645,0.86466,4177,0,0
2024-10-21T04:00:00+00:00,2024-10-21,09:30:00,1729483200,0.86466,0.86587,0.86465,0.86501,4046,0,0
2024-10-21T08:00:00+00:00,2024-10-21,13:30:00,1729497600,0.86501,0.86558,0.86376,0.86388,4307,0,0
2024-10-21T12:00:00+00:00,2024-10-21,17:30:00,1729512000,0.86388,0.86601,0.86334,0.86588,6929,0,0
2024-10-21T16:00:00+00:00,2024-10-21,21:30:00,1729526400,0.86588,0.86629,0.86529,0.86605,3991,0,0
2024-10-21T20:00:00+00:00,2024-10-22,01:30:00,1729540800,0.86606,0.8664,0.86542,0.86559,2362,0,0
2024-10-22T00:00:00+00:00,2024-10-22,05:30:00,1729555200,0.8656,0.8657,0.86468,0.86508,4011,0,0
2024-10-22T04:00:00+00:00,2024-10-22,09:30:00,1729569600,0.86508,0.86573,0.86455,0.86511,4756,0,0
2024-10-22T08:00:00+00:00,2024-10-22,13:30:00,1729584000,0.86511,0.86626,0.86487,0.86578,5031,0,0
2024-10-22T12:00:00+00:00,2024-10-22,17:30:00,1729598400,0.86578,0.8663,0.86481,0.86541,7463,0,0
2024-10-22T16:00:00+00:00,2024-10-22,21:30:00,1729612800,0.86542,0.8661,0.86501,0.86566,4257,0,0
2024-10-22T20:00:00+00:00,2024-10-23,01:30:00,1729627200,0.86567,0.86583,0.86509,0.86559,2194,0,0
2024-10-23T00:00:00+00:00,2024-10-23,05:30:00,1729641600,0.86559,0.86707,0.86558,0.86668,3886,0,0
2024-10-23T04:00:00+00:00,2024-10-23,09:30:00,1729656000,0.86668,0.8686,0.86654,0.86797,5017,0,0
2024-10-23T08:00:00+00:00,2024-10-23,13:30:00,1729670400,0.86797,0.86797,0.86648,0.86783,4925,0,0
2024-10-23T12:00:00+00:00,2024-10-23,17:30:00,1729684800,0.86783,0.86823,0.86624,0.86655,6955,0,0
2024-10-23T16:00:00+00:00,2024-10-23,21:30:00,1729699200,0.86655,0.86769,0.86613,0.86625,4448,0,0
2024-10-23T20:00:00+00:00,2024-10-24,01:30:00,1729713600,0.86623,0.86684,0.8662,0.86681,1956,0,0
2024-10-24T00:00:00+00:00,2024-10-24,05:30:00,1729728000,0.86681,0.86702,0.86604,0.86624,4245,0,0
2024-10-24T04:00:00+00:00,2024-10-24,09:30:00,1729742400,0.86624,0.86719,0.86558,0.86619,5655,0,0
2024-10-24T08:00:00+00:00,2024-10-24,13:30:00,1729756800,0.86617,0.86645,0.86507,0.86574,5231,0,0
2024-10-24T12:00:00+00:00,2024-10-24,17:30:00,1729771200,0.86574,0.86698,0.86529,0.8668,9565,0,0
2024-10-24T16:00:00+00:00,2024-10-24,21:30:00,1729785600,0.8668,0.8669,0.86515,0.86576,3902,0,0
2024-10-24T20:00:00+00:00,2024-10-25,01:30:00,1729800000,0.86575,0.86603,0.8656,0.86597,1840,0,0
2024-10-25T00:00:00+00:00,2024-10-25,05:30:00,1729814400,0.86595,0.86645,0.86573,0.86585,3576,0,0
2024-10-25T04:00:00+00:00,2024-10-25,09:30:00,1729828800,0.86585,0.86634,0.86505,0.86623,4520,0,0
2024-10-25T08:00:00+00:00,2024-10-25,13:30:00,1729843200,0.86623,0.86744,0.86605,0.86662,4284,0,0
2024-10-25T12:00:00+00:00,2024-10-25,17:30:00,1729857600,0.86662,0.867,0.86537,0.86644,7414,0,0
2024-10-25T16:00:00+00:00,2024-10-25,21:30:00,1729872000,0.86644,0.86674,0.86567,0.86648,3828,0,0
2024-10-25T20:00:00+00:00,2024-10-26,01:30:00,1729886400,0.86646,0.86684,0.86629,0.8668,567,0,0
2024-10-27T20:00:00+00:00,2024-10-28,01:30:00,1730059200,0.86677,0.8687,0.86677,0.86849,2504,0,0
2024-10-28T00:00:00+00:00,2024-10-28,05:30:00,1730073600,0.86851,0.86991,0.86822,0.86979,5389,0,0
2024-10-28T04:00:00+00:00,2024-10-28,09:30:00,1730088000,0.86979,0.87,0.86762,0.86795,4422,0,0
2024-10-28T08:00:00+00:00,2024-10-28,13:30:00,1730102400,0.86794,0.86797,0.86596,0.86625,5549,0,0
2024-10-28T12:00:00+00:00,2024-10-28,17:30:00,1730116800,0.86626,0.86651,0.86472,0.86585,6662,0,0
2024-10-28T16:00:00+00:00,2024-10-28,21:30:00,1730131200,0.86586,0.86596,0.86468,0.86488,4315,0,0
2024-10-28T20:00:00+00:00,2024-10-29,01:30:00,1730145600,0.86488,0.86547,0.86471,0.86471,1652,0,0
2024-10-29T00:00:00+00:00,2024-10-29,05:30:00,1730160000,0.86471,0.86545,0.86435,0.86512,3691,0,0
2024-10-29T04:00:00+00:00,2024-10-29,09:30:00,1730174400,0.86512,0.8662,0.86471,0.8662,3368,0,0
2024-10-29T08:00:00+00:00,2024-10-29,13:30:00,1730188800,0.86621,0.86814,0.86537,0.86799,5632,0,0
2024-10-29T12:00:00+00:00,2024-10-29,17:30:00,1730203200,0.868,0.86982,0.86685,0.86851,10172,0,0
2024-10-29T16:00:00+00:00,2024-10-29,21:30:00,1730217600,0.86849,0.86971,0.86732,0.86757,5191,0,0
2024-10-29T20:00:00+00:00,2024-10-30,01:30:00,1730232000,0.86759,0.86761,0.86695,0.86727,2123,0,0
2024-10-30T00:00:00+00:00,2024-10-30,05:30:00,1730246400,0.86728,0.86783,0.86687,0.86777,3680,0,0
2024-10-30T04:00:00+00:00,2024-10-30,09:30:00,1730260800,0.86777,0.86782,0.86613,0.86751,3673,0,0
2024-10-30T08:00:00+00:00,2024-10-30,13:30:00,1730275200,0.8675,0.86791,0.8659,0.86771,6631,0,0
2024-10-30T12:00:00+00:00,2024-10-30,17:30:00,1730289600,0.86771,0.86938,0.86594,0.86644,10737,0,0
2024-10-30T16:00:00+00:00,2024-10-30,21:30:00,1730304000,0.86644,0.86693,0.86539,0.86623,4996,0,0
2024-10-30T20:00:00+00:00,2024-10-31,01:30:00,1730318400,0.86621,0.86663,0.86616,0.86647,2384,0,0
2024-10-31T00:00:00+00:00,2024-10-31,05:30:00,1730332800,0.86647,0.86653,0.86544,0.86553,3544,0,0
2024-10-31T04:00:00+00:00,2024-10-31,09:30:00,1730347200,0.86553,0.86621,0.86451,0.86556,5223,0,0
2024-10-31T08:00:00+00:00,2024-10-31,13:30:00,1730361600,0.86554,0.86639,0.86469,0.8656,6367,0,0
2024-10-31T12:00:00+00:00,2024-10-31,17:30:00,1730376000,0.86558,0.86633,0.86373,0.86477,13366,0,0
2024-10-31T16:00:00+00:00,2024-10-31,21:30:00,1730390400,0.86479,0.86598,0.86339,0.86348,6901,0,0
2024-10-31T20:00:00+00:00,2024-11-01,01:30:00,1730404800,0.86348,0.86387,0.86326,0.86359,2600,0,0
2024-11-01T00:00:00+00:00,2024-11-01,05:30:00,1730419200,0.86359,0.86423,0.86322,0.86406,4020,0,0
2024-11-01T04:00:00+00:00,2024-11-01,09:30:00,1730433600,0.86408,0.86852,0.86392,0.86849,4886,0,0
2024-11-01T08:00:00+00:00,2024-11-01,13:30:00,1730448000,0.86851,0.8694,0.86737,0.86763,5870,0,0
2024-11-01T12:00:00+00:00,2024-11-01,17:30:00,1730462400,0.86763,0.87051,0.86395,0.87039,14308,0,0
2024-11-01T16:00:00+00:00,2024-11-01,21:30:00,1730476800,0.87039,0.8709,0.86911,0.87058,5035,0,0
2024-11-01T20:00:00+00:00,2024-11-02,01:30:00,1730491200,0.87056,0.87112,0.86977,0.86982,846,0,0
2024-11-03T20:00:00+00:00,2024-11-04,01:30:00,1730664000,0.86714,0.86812,0.867,0.86766,1477,0,0
2024-11-04T00:00:00+00:00,2024-11-04,05:30:00,1730678400,0.86766,0.86768,0.86427,0.86456,5122,0,0
2024-11-04T04:00:00+00:00,2024-11-04,09:30:00,1730692800,0.86457,0.86597,0.8645,0.86556,4236,0,0
2024-11-04T08:00:00+00:00,2024-11-04,13:30:00,1730707200,0.86558,0.86564,0.862,0.86206,6027,0,0
2024-11-04T12:00:00+00:00,2024-11-04,17:30:00,1730721600,0.86207,0.86408,0.86153,0.86278,8321,0,0
2024-11-04T16:00:00+00:00,2024-11-04,21:30:00,1730736000,0.86278,0.86393,0.86274,0.86367,5086,0,0
2024-11-04T20:00:00+00:00,2024-11-05,01:30:00,1730750400,0.86368,0.86431,0.86364,0.86422,2565,0,0
2024-11-05T00:00:00+00:00,2024-11-05,05:30:00,1730764800,0.8642,0.86433,0.86382,0.86424,3086,0,0
2024-11-05T04:00:00+00:00,2024-11-05,09:30:00,1730779200,0.86424,0.86454,0.86359,0.86375,3079,0,0
2024-11-05T08:00:00+00:00,2024-11-05,13:30:00,1730793600,0.86375,0.86419,0.86163,0.86172,4836,0,0
2024-11-05T12:00:00+00:00,2024-11-05,17:30:00,1730808000,0.86172,0.86478,0.86164,0.86432,7418,0,0
2024-11-05T16:00:00+00:00,2024-11-05,21:30:00,1730822400,0.86434,0.86465,0.86215,0.86309,5478,0,0
2024-11-05T20:00:00+00:00,2024-11-06,01:30:00,1730836800,0.86309,0.86413,0.86219,0.8625,3895,0,0
2024-11-06T00:00:00+00:00,2024-11-06,05:30:00,1730851200,0.8625,0.87537,0.86201,0.87339,27000,0,0
2024-11-06T04:00:00+00:00,2024-11-06,09:30:00,1730865600,0.8734,0.8747,0.86839,0.87453,23528,0,0
2024-11-06T08:00:00+00:00,2024-11-06,13:30:00,1730880000,0.87455,0.877,0.87294,0.87631,14388,0,0
2024-11-06T12:00:00+00:00,2024-11-06,17:30:00,1730894400,0.87631,0.87736,0.8741,0.87525,15761,0,0
2024-11-06T16:00:00+00:00,2024-11-06,21:30:00,1730908800,0.87525,0.8767,0.87459,0.8761,9201,0,0
2024-11-06T20:00:00+00:00,2024-11-07,01:30:00,1730923200,0.8761,0.87673,0.87553,0.87573,3517,0,0
2024-11-07T00:00:00+00:00,2024-11-07,05:30:00,1730937600,0.87573,0.87746,0.87534,0.87595,5866,0,0
2024-11-07T04:00:00+00:00,2024-11-07,09:30:00,1730952000,0.87596,0.8764,0.87365,0.87522,5158,0,0
2024-11-07T08:00:00+00:00,2024-11-07,13:30:00,1730966400,0.87523,0.87726,0.87459,0.87681,7125,0,0
2024-11-07T12:00:00+00:00,2024-11-07,17:30:00,1730980800,0.87681,0.87699,0.87097,0.8717,11416,0,0
2024-11-07T16:00:00+00:00,2024-11-07,21:30:00,1730995200,0.87171,0.87517,0.87146,0.87347,11219,0,0
2024-11-07T20:00:00+00:00,2024-11-08,01:30:00,1731009600,0.87349,0.87366,0.87165,0.87276,5341,0,0
2024-11-08T00:00:00+00:00,2024-11-08,05:30:00,1731024000,0.87275,0.87371,0.87242,0.87297,4779,0,0
2024-11-08T04:00:00+00:00,2024-11-08,09:30:00,1731038400,0.87296,0.87345,0.87252,0.87296,4741,0,0
2024-11-08T08:00:00+00:00,2024-11-08,13:30:00,1731052800,0.87296,0.87381,0.87013,0.87095,7813,0,0
2024-11-08T12:00:00+00:00,2024-11-08,17:30:00,1731067200,0.87093,0.87448,0.87088,0.87357,9567,0,0
2024-11-08T16:00:00+00:00,2024-11-08,21:30:00,1731081600,0.87357,0.8769,0.87334,0.87604,7068,0,0
2024-11-08T20:00:00+00:00,2024-11-09,01:30:00,1731096000,0.87604,0.87634,0.87541,0.87566,1689,0,0
2024-11-10T20:00:00+00:00,2024-11-11,01:30:00,1731268800,0.87541,0.87653,0.87471,0.87615,1889,0,0
2024-11-11T00:00:00+00:00,2024-11-11,05:30:00,1731283200,0.87616,0.87695,0.87582,0.87681,4299,0,0
2024-11-11T04:00:00+00:00,2024-11-11,09:30:00,1731297600,0.87681,0.87833,0.87653,0.87813,4639,0,0
2024-11-11T08:00:00+00:00,2024-11-11,13:30:00,1731312000,0.87813,0.87961,0.87772,0.87939,6349,0,0
2024-11-11T12:00:00+00:00,2024-11-11,17:30:00,1731326400,0.8794,0.88077,0.87917,0.8799,7142,0,0
2024-11-11T16:00:00+00:00,2024-11-11,21:30:00,1731340800,0.8799,0.88093,0.8797,0.88091,4391,0,0
2024-11-11T20:00:00+00:00,2024-11-12,01:30:00,1731355200,0.88092,0.88099,0.88029,0.88033,2494,0,0
2024-11-12T00:00:00+00:00,2024-11-12,05:30:00,1731369600,0.88033,0.88175,0.88029,0.88137,4458,0,0
2024-11-12T04:00:00+00:00,2024-11-12,09:30:00,1731384000,0.88138,0.8824,0.88087,0.88163,5223,0,0
2024-11-12T08:00:00+00:00,2024-11-12,13:30:00,1731398400,0.88164,0.8831,0.88047,0.88051,7136,0,0
2024-11-12T12:00:00+00:00,2024-11-12,17:30:00,1731412800,0.88051,0.88284,0.8803,0.88221,8794,0,0
2024-11-12T16:00:00+00:00,2024-11-12,21:30:00,1731427200,0.88221,0.88363,0.88182,0.88243,6562,0,0
2024-11-12T20:00:00+00:00,2024-11-13,01:30:00,1731441600,0.88244,0.88267,0.8814,0.88217,3057,0,0
2024-11-13T00:00:00+00:00,2024-11-13,05:30:00,1731456000,0.88217,0.88286,0.8817,0.88234,4520,0,0
2024-11-13T04:00:00+00:00,2024-11-13,09:30:00,1731470400,0.88234,0.88375,0.88214,0.88368,4116,0,0
2024-11-13T08:00:00+00:00,2024-11-13,13:30:00,1731484800,0.88368,0.88417,0.88212,0.88217,5754,0,0
2024-11-13T12:00:00+00:00,2024-11-13,17:30:00,1731499200,0.88217,0.88492,0.87978,0.88342,15825,0,0
2024-11-13T16:00:00+00:00,2024-11-13,21:30:00,1731513600,0.88342,0.88622,0.88315,0.88585,7654,0,0
2024-11-13T20:00:00+00:00,2024-11-14,01:30:00,1731528000,0.88584,0.88637,0.8856,0.88575,3465,0,0
2024-11-14T00:00:00+00:00,2024-11-14,05:30:00,1731542400,0.88575,0.88739,0.88551,0.88735,4420,0,0
2024-11-14T04:00:00+00:00,2024-11-14,09:30:00,1731556800,0.88734,0.88788,0.88658,0.88734,4813,0,0
2024-11-14T08:00:00+00:00,2024-11-14,13:30:00,1731571200,0.88731,0.89098,0.88667,0.8895,7532,0,0
2024-11-14T12:00:00+00:00,2024-11-14,17:30:00,1731585600,0.8895,0.89067,0.88691,0.88752,12916,0,0
2024-11-14T16:00:00+00:00,2024-11-14,21:30:00,1731600000,0.88752,0.88916,0.88657,0.88869,6436,0,0
2024-11-14T20:00:00+00:00,2024-11-15,01:30:00,1731614400,0.88868,0.89177,0.88865,0.8905,6953,0,0
2024-11-15T00:00:00+00:00,2024-11-15,05:30:00,1731628800,0.89049,0.89079,0.88908,0.88954,4857,0,0
2024-11-15T04:00:00+00:00,2024-11-15,09:30:00,1731643200,0.88954,0.88965,0.8873,0.88779,5045,0,0
2024-11-15T08:00:00+00:00,2024-11-15,13:30:00,1731657600,0.88781,0.88857,0.88684,0.8877,7630,0,0
2024-11-15T12:00:00+00:00,2024-11-15,17:30:00,1731672000,0.8877,0.88998,0.88661,0.88795,14514,0,0
2024-11-15T16:00:00+00:00,2024-11-15,21:30:00,1731686400,0.88795,0.88835,0.88594,0.88755,8335,0,0
2024-11-15T20:00:00+00:00,2024-11-16,01:30:00,1731700800,0.88756,0.88874,0.8875,0.88817,2483,0,0
2024-11-17T20:00:00+00:00,2024-11-18,01:30:00,1731873600,0.88714,0.8887,0.88711,0.88848,1510,0,0
2024-11-18T00:00:00+00:00,2024-11-18,05:30:00,1731888000,0.88848,0.88861,0.88714,0.88799,6329,0,0
2024-11-18T04:00:00+00:00,2024-11-18,09:30:00,1731902400,0.88797,0.88807,0.88679,0.88714,4503,0,0
2024-11-18T08:00:00+00:00,2024-11-18,13:30:00,1731916800,0.88715,0.88781,0.88546,0.88764,6532,0,0
2024-11-18T12:00:00+00:00,2024-11-18,17:30:00,1731931200,0.88764,0.88818,0.88513,0.8857,8374,0,0
2024-11-18T16:00:00+00:00,2024-11-18,21:30:00,1731945600,0.8857,0.88621,0.88318,0.88356,5827,0,0
2024-11-18T20:00:00+00:00,2024-11-19,01:30:00,1731960000,0.88356,0.88356,0.88294,0.88328,2837,0,0
2024-11-19T00:00:00+00:00,2024-11-19,05:30:00,1731974400,0.88328,0.88364,0.88278,0.8832,4586,0,0
2024-11-19T04:00:00+00:00,2024-11-19,09:30:00,1731988800,0.88321,0.88425,0.88289,0.88399,4591,0,0
2024-11-19T08:00:00+00:00,2024-11-19,13:30:00,1732003200,0.88398,0.88437,0.8823,0.88348,11735,0,0
2024-11-19T12:00:00+00:00,2024-11-19,17:30:00,1732017600,0.88346,0.88367,0.88016,0.88195,12168,0,0
2024-11-19T16:00:00+00:00,2024-11-19,21:30:00,1732032000,0.88193,0.88449,0.88144,0.88284,6404,0,0
2024-11-19T20:00:00+00:00,2024-11-20,01:30:00,1732046400,0.88285,0.88291,0.88204,0.88211,2807,0,0
2024-11-20T00:00:00+00:00,2024-11-20,05:30:00,1732060800,0.88212,0.88347,0.88178,0.88334,3704,0,0
2024-11-20T04:00:00+00:00,2024-11-20,09:30:00,1732075200,0.88333,0.88468,0.8832,0.88461,4409,0,0
2024-11-20T08:00:00+00:00,2024-11-20,13:30:00,1732089600,0.8846,0.88621,0.88371,0.88562,6251,0,0
2024-11-20T12:00:00+00:00,2024-11-20,17:30:00,1732104000,0.88562,0.88574,0.88366,0.88551,8053,0,0
2024-11-20T16:00:00+00:00,2024-11-20,21:30:00,1732118400,0.88551,0.88595,0.8839,0.88444,5997,0,0
2024-11-20T20:00:00+00:00,2024-11-21,01:30:00,1732132800,0.88446,0.8848,0.88366,0.8837,2792,0,0
2024-11-21T00:00:00+00:00,2024-11-21,05:30:00,1732147200,0.8837,0.88374,0.88276,0.8828,3609,0,0
2024-11-21T04:00:00+00:00,2024-11-21,09:30:00,1732161600,0.88279,0.88405,0.88212,0.88394,5173,0,0
2024-11-21T08:00:00+00:00,2024-11-21,13:30:00,1732176000,0.88395,0.88433,0.88231,0.88364,7576,0,0
2024-11-21T12:00:00+00:00,2024-11-21,17:30:00,1732190400,0.88363,0.88498,0.88251,0.88489,10130,0,0
2024-11-21T16:00:00+00:00,2024-11-21,21:30:00,1732204800,0.8849,0.88701,0.88479,0.88635,8336,0,0
2024-11-21T20:00:00+00:00,2024-11-22,01:30:00,1732219200,0.88634,0.88704,0.88612,0.88687,2936,0,0
2024-11-22T00:00:00+00:00,2024-11-22,05:30:00,1732233600,0.88687,0.88699,0.88595,0.88609,4218,0,0
2024-11-22T04:00:00+00:00,2024-11-22,09:30:00,1732248000,0.8861,0.88731,0.8856,0.88586,4386,0,0
2024-11-22T08:00:00+00:00,2024-11-22,13:30:00,1732262400,0.88586,0.89106,0.88518,0.88873,14264,0,0
2024-11-22T12:00:00+00:00,2024-11-22,17:30:00,1732276800,0.88872,0.89574,0.88856,0.89368,15009,0,0
2024-11-22T16:00:00+00:00,2024-11-22,21:30:00,1732291200,0.89367,0.89504,0.89341,0.89448,6358,0,0
2024-11-22T20:00:00+00:00,2024-11-23,01:30:00,1732305600,0.89448,0.89479,0.89413,0.89423,1934,0,0
2024-11-24T20:00:00+00:00,2024-11-25,01:30:00,1732478400,0.88993,0.89181,0.88974,0.89055,2711,0,0
2024-11-25T00:00:00+00:00,2024-11-25,05:30:00,1732492800,0.89055,0.89112,0.88919,0.89021,5913,0,0
2024-11-25T04:00:00+00:00,2024-11-25,09:30:00,1732507200,0.89021,0.89143,0.89012,0.89127,5254,0,0
2024-11-25T08:00:00+00:00,2024-11-25,13:30:00,1732521600,0.89125,0.89171,0.88868,0.8904,7941,0,0
2024-11-25T12:00:00+00:00,2024-11-25,17:30:00,1732536000,0.8904,0.89057,0.88487,0.88751,11884,0,0
2024-11-25T16:00:00+00:00,2024-11-25,21:30:00,1732550400,0.88752,0.88803,0.88516,0.88572,7815,0,0
2024-11-25T20:00:00+00:00,2024-11-26,01:30:00,1732564800,0.88572,0.88889,0.88552,0.88886,4527,0,0
2024-11-26T00:00:00+00:00,2024-11-26,05:30:00,1732579200,0.88885,0.88944,0.88679,0.88684,9478,0,0
2024-11-26T04:00:00+00:00,2024-11-26,09:30:00,1732593600,0.88685,0.88773,0.88627,0.88724,5387,0,0
2024-11-26T08:00:00+00:00,2024-11-26,13:30:00,1732608000,0.88723,0.88723,0.88515,0.88621,7086,0,0
2024-11-26T12:00:00+00:00,2024-11-26,17:30:00,1732622400,0.88621,0.88838,0.88423,0.88754,12424,0,0
2024-11-26T16:00:00+00:00,2024-11-26,21:30:00,1732636800,0.88752,0.88871,0.88716,0.88731,8203,0,0
2024-11-26T20:00:00+00:00,2024-11-27,01:30:00,1732651200,0.8873,0.88756,0.88617,0.88618,4558,0,0
2024-11-27T00:00:00+00:00,2024-11-27,05:30:00,1732665600,0.88618,0.88622,0.88543,0.88584,5431,0,0
2024-11-27T04:00:00+00:00,2024-11-27,09:30:00,1732680000,0.88584,0.88602,0.8841,0.88455,4618,0,0
2024-11-27T08:00:00+00:00,2024-11-27,13:30:00,1732694400,0.88454,0.88458,0.88169,0.88265,9643,0,0
2024-11-27T12:00:00+00:00,2024-11-27,17:30:00,1732708800,0.88265,0.88415,0.88038,0.88111,12910,0,0
2024-11-27T16:00:00+00:00,2024-11-27,21:30:00,1732723200,0.88111,0.88226,0.87978,0.88191,8026,0,0
2024-11-27T20:00:00+00:00,2024-11-28,01:30:00,1732737600,0.88191,0.8824,0.88149,0.88235,3719,0,0
2024-11-28T00:00:00+00:00,2024-11-28,05:30:00,1732752000,0.88235,0.88371,0.88228,0.88355,4671,0,0
2024-11-28T04:00:00+00:00,2024-11-28,09:30:00,1732766400,0.88354,0.88428,0.88293,0.88395,4197,0,0
2024-11-28T08:00:00+00:00,2024-11-28,13:30:00,1732780800,0.88395,0.88482,0.88343,0.88418,6755,0,0
2024-11-28T12:00:00+00:00,2024-11-28,17:30:00,1732795200,0.88417,0.88443,0.88251,0.88315,5812,0,0
2024-11-28T16:00:00+00:00,2024-11-28,21:30:00,1732809600,0.88315,0.88372,0.88271,0.88296,2112,0,0
2024-11-28T20:00:00+00:00,2024-11-29,01:30:00,1732824000,0.88296,0.88308,0.88231,0.88244,2188,0,0
2024-11-29T00:00:00+00:00,2024-11-29,05:30:00,1732838400,0.88244,0.88244,0.8802,0.88126,6713,0,0
2024-11-29T04:00:00+00:00,2024-11-29,09:30:00,1732852800,0.88126,0.88177,0.87956,0.8812,5652,0,0
2024-11-29T08:00:00+00:00,2024-11-29,13:30:00,1732867200,0.88123,0.88196,0.87978,0.88131,7166,0,0
2024-11-29T12:00:00+00:00,2024-11-29,17:30:00,1732881600,0.88131,0.88277,0.88029,0.88102,8300,0,0
2024-11-29T16:00:00+00:00,2024-11-29,21:30:00,1732896000,0.881,0.88259,0.87999,0.88019,7001,0,0
2024-11-29T20:00:00+00:00,2024-11-30,01:30:00,1732910400,0.8802,0.88126,0.87998,0.88106,2163,12,0
2024-12-01T20:00:00+00:00,2024-12-02,01:30:00,1733083200,0.88028,0.88273,0.88005,0.88214,2698,0,0
2024-12-02T00:00:00+00:00,2024-12-02,05:30:00,1733097600,0.88216,0.88493,0.88205,0.88457,5643,0,0
2024-12-02T04:00:00+00:00,2024-12-02,09:30:00,1733112000,0.88457,0.8854,0.88355,0.88486,6293,0,0
2024-12-02T08:00:00+00:00,2024-12-02,13:30:00,1733126400,0.88487,0.8863,0.88417,0.88546,8104,0,0
2024-12-02T12:00:00+00:00,2024-12-02,17:30:00,1733140800,0.88545,0.88895,0.88478,0.88776,11272,0,0
2024-12-02T16:00:00+00:00,2024-12-02,21:30:00,1733155200,0.88774,0.88855,0.88605,0.88677,7802,0,0
2024-12-02T20:00:00+00:00,2024-12-03,01:30:00,1733169600,0.88678,0.88699,0.8852,0.88633,4777,0,0
2024-12-03T00:00:00+00:00,2024-12-03,05:30:00,1733184000,0.88635,0.88838,0.88628,0.88819,4928,0,0
2024-12-03T04:00:00+00:00,2024-12-03,09:30:00,1733198400,0.8882,0.88889,0.88621,0.8868,4734,0,0
2024-12-03T08:00:00+00:00,2024-12-03,13:30:00,1733212800,0.8868,0.88719,0.88417,0.88457,6848,0,0
2024-12-03T12:00:00+00:00,2024-12-03,17:30:00,1733227200,0.88459,0.88616,0.88299,0.88521,10882,0,0
2024-12-03T16:00:00+00:00,2024-12-03,21:30:00,1733241600,0.8852,0.8864,0.88439,0.8863,7288,0,0
2024-12-03T20:00:00+00:00,2024-12-04,01:30:00,1733256000,0.88631,0.88664,0.88586,0.88639,2789,0,0
2024-12-04T00:00:00+00:00,2024-12-04,05:30:00,1733270400,0.88639,0.8876,0.88621,0.88727,5089,0,0
2024-12-04T04:00:00+00:00,2024-12-04,09:30:00,1733284800,0.88728,0.8875,0.88533,0.88661,5355,0,0
2024-12-04T08:00:00+00:00,2024-12-04,13:30:00,1733299200,0.88663,0.88796,0.88573,0.886,7022,0,0
2024-12-04T12:00:00+00:00,2024-12-04,17:30:00,1733313600,0.88601,0.8876,0.88345,0.88374,11680,0,0
2024-12-04T16:00:00+00:00,2024-12-04,21:30:00,1733328000,0.88375,0.88478,0.88268,0.88412,8134,0,0
2024-12-04T20:00:00+00:00,2024-12-05,01:30:00,1733342400,0.88411,0.88467,0.88353,0.88378,3151,0,0
2024-12-05T00:00:00+00:00,2024-12-05,05:30:00,1733356800,0.88377,0.88465,0.88368,0.88389,4279,0,0
2024-12-05T04:00:00+00:00,2024-12-05,09:30:00,1733371200,0.88389,0.88433,0.88318,0.88356,4399,0,0
2024-12-05T08:00:00+00:00,2024-12-05,13:30:00,1733385600,0.88356,0.88532,0.88311,0.88337,5716,0,0
2024-12-05T12:00:00+00:00,2024-12-05,17:30:00,1733400000,0.88337,0.88413,0.87951,0.87988,10800,0,0
2024-12-05T16:00:00+00:00,2024-12-05,21:30:00,1733414400,0.87988,0.88048,0.87794,0.8781,6724,0,0
2024-12-05T20:00:00+00:00,2024-12-06,01:30:00,1733428800,0.8781,0.87876,0.87791,0.87833,3487,0,0
2024-12-06T00:00:00+00:00,2024-12-06,05:30:00,1733443200,0.87833,0.87947,0.87829,0.87859,4358,0,0
2024-12-06T04:00:00+00:00,2024-12-06,09:30:00,1733457600,0.87859,0.8797,0.87848,0.87854,3854,0,0
2024-12-06T08:00:00+00:00,2024-12-06,13:30:00,1733472000,0.87854,0.87948,0.87712,0.87718,5209,0,0
2024-12-06T12:00:00+00:00,2024-12-06,17:30:00,1733486400,0.87718,0.87831,0.8736,0.87717,14906,0,0
2024-12-06T16:00:00+00:00,2024-12-06,21:30:00,1733500800,0.87717,0.87971,0.87682,0.87891,6505,0,0
2024-12-06T20:00:00+00:00,2024-12-07,01:30:00,1733515200,0.87889,0.87895,0.87851,0.87864,1903,0,0
2024-12-08T20:00:00+00:00,2024-12-09,01:30:00,1733688000,0.87832,0.87901,0.87809,0.87864,1636,0,0
2024-12-09T00:00:00+00:00,2024-12-09,05:30:00,1733702400,0.87864,0.88016,0.8785,0.88011,3988,0,0
2024-12-09T04:00:00+00:00,2024-12-09,09:30:00,1733716800,0.88012,0.88041,0.87892,0.879,4302,0,0
2024-12-09T08:00:00+00:00,2024-12-09,13:30:00,1733731200,0.87901,0.88018,0.87818,0.87914,5373,0,0
2024-12-09T12:00:00+00:00,2024-12-09,17:30:00,1733745600,0.87914,0.87987,0.87611,0.87632,7598,0,0
2024-12-09T16:00:00+00:00,2024-12-09,21:30:00,1733760000,0.87634,0.87906,0.87591,0.87873,4774,0,0
2024-12-09T20:00:00+00:00,2024-12-10,01:30:00,1733774400,0.87873,0.87932,0.87852,0.87864,2678,0,0
2024-12-10T00:00:00+00:00,2024-12-10,05:30:00,1733788800,0.87864,0.87925,0.8779,0.87801,4500,0,0
2024-12-10T04:00:00+00:00,2024-12-10,09:30:00,1733803200,0.87801,0.87903,0.87712,0.879,4390,0,0
2024-12-10T08:00:00+00:00,2024-12-10,13:30:00,1733817600,0.87898,0.8808,0.8788,0.87983,6008,0,0
2024-12-10T12:00:00+00:00,2024-12-10,17:30:00,1733832000,0.87982,0.88281,0.87946,0.88239,8010,0,0
2024-12-10T16:00:00+00:00,2024-12-10,21:30:00,1733846400,0.88238,0.88319,0.88184,0.88289,5567,0,0
2024-12-10T20:00:00+00:00,2024-12-11,01:30:00,1733860800,0.88289,0.88329,0.88239,0.88277,2869,0,0
2024-12-11T00:00:00+00:00,2024-12-11,05:30:00,1733875200,0.88276,0.88343,0.88257,0.88339,3786,0,0
2024-12-11T04:00:00+00:00,2024-12-11,09:30:00,1733889600,0.8834,0.88542,0.88324,0.8853,4613,0,0
2024-12-11T08:00:00+00:00,2024-12-11,13:30:00,1733904000,0.88513,0.88513,0.88325,0.88355,7117,0,0
2024-12-11T12:00:00+00:00,2024-12-11,17:30:00,1733918400,0.88355,0.88489,0.88114,0.8842,12976,0,0
2024-12-11T16:00:00+00:00,2024-12-11,21:30:00,1733932800,0.88418,0.88537,0.88263,0.88485,6750,0,0
2024-12-11T20:00:00+00:00,2024-12-12,01:30:00,1733947200,0.88482,0.88484,0.88326,0.8833,2721,0,0
2024-12-12T00:00:00+00:00,2024-12-12,05:30:00,1733961600,0.8833,0.88423,0.88291,0.8841,4208,0,0
2024-12-12T04:00:00+00:00,2024-12-12,09:30:00,1733976000,0.88409,0.88428,0.88169,0.88222,4531,0,0
2024-12-12T08:00:00+00:00,2024-12-12,13:30:00,1733990400,0.88223,0.88945,0.88198,0.88689,10717,0,0
2024-12-12T12:00:00+00:00,2024-12-12,17:30:00,1734004800,0.88689,0.8902,0.88678,0.88879,14249,0,0
2024-12-12T16:00:00+00:00,2024-12-12,21:30:00,1734019200,0.88879,0.89145,0.88779,0.89136,6907,0,0
2024-12-12T20:00:00+00:00,2024-12-13,01:30:00,1734033600,0.89135,0.89279,0.89122,0.89202,4080,0,0
2024-12-13T00:00:00+00:00,2024-12-13,05:30:00,1734048000,0.89204,0.8929,0.8916,0.89283,4135,0,0
2024-12-13T04:00:00+00:00,2024-12-13,09:30:00,1734062400,0.89283,0.89369,0.89223,0.89332,3718,0,0
2024-12-13T08:00:00+00:00,2024-12-13,13:30:00,1734076800,0.89334,0.89458,0.89295,0.89396,5590,0,0
2024-12-13T12:00:00+00:00,2024-12-13,17:30:00,1734091200,0.89397,0.89424,0.89148,0.89358,7874,0,0
2024-12-13T16:00:00+00:00,2024-12-13,21:30:00,1734105600,0.89357,0.8939,0.89203,0.89274,5161,0,0
2024-12-13T20:00:00+00:00,2024-12-14,01:30:00,1734120000,0.89272,0.89288,0.89243,0.89281,1426,0,0
2024-12-15T20:00:00+00:00,2024-12-16,01:30:00,1734292800,0.89256,0.89284,0.89175,0.89178,1627,0,0
2024-12-16T00:00:00+00:00,2024-12-16,05:30:00,1734307200,0.89179,0.89188,0.89098,0.89129,3966,0,0
2024-12-16T04:00:00+00:00,2024-12-16,09:30:00,1734321600,0.89129,0.89178,0.89029,0.89168,3653,0,0
2024-12-16T08:00:00+00:00,2024-12-16,13:30:00,1734336000,0.89168,0.8927,0.88989,0.89261,6282,0,0
2024-12-16T12:00:00+00:00,2024-12-16,17:30:00,1734350400,0.8926,0.89488,0.89238,0.89245,7295,0,0
2024-12-16T16:00:00+00:00,2024-12-16,21:30:00,1734364800,0.89245,0.89474,0.89222,0.89472,5605,0,0
2024-12-16T20:00:00+00:00,2024-12-17,01:30:00,1734379200,0.89472,0.89479,0.89395,0.89404,2967,0,0
2024-12-17T00:00:00+00:00,2024-12-17,05:30:00,1734393600,0.89404,0.89481,0.89303,0.89454,3726,0,0
2024-12-17T04:00:00+00:00,2024-12-17,09:30:00,1734408000,0.89454,0.89656,0.8945,0.89646,4314,0,0
2024-12-17T08:00:00+00:00,2024-12-17,13:30:00,1734422400,0.89648,0.89753,0.89612,0.89685,5743,0,0
2024-12-17T12:00:00+00:00,2024-12-17,17:30:00,1734436800,0.89685,0.89721,0.89411,0.89443,8240,0,0
2024-12-17T16:00:00+00:00,2024-12-17,21:30:00,1734451200,0.89443,0.89478,0.8915,0.89236,5691,0,0
2024-12-17T20:00:00+00:00,2024-12-18,01:30:00,1734465600,0.89236,0.89302,0.89228,0.8925,2631,0,0
2024-12-18T00:00:00+00:00,2024-12-18,05:30:00,1734480000,0.8925,0.89299,0.89197,0.8927,3456,0,0
2024-12-18T04:00:00+00:00,2024-12-18,09:30:00,1734494400,0.89271,0.89375,0.89176,0.89344,3791,0,0
2024-12-18T08:00:00+00:00,2024-12-18,13:30:00,1734508800,0.89345,0.89422,0.89318,0.89385,5122,0,0
2024-12-18T12:00:00+00:00,2024-12-18,17:30:00,1734523200,0.89384,0.89457,0.89216,0.89293,7286,0,0
2024-12-18T16:00:00+00:00,2024-12-18,21:30:00,1734537600,0.89293,0.90025,0.89177,0.90022,9854,0,0
2024-12-18T20:00:00+00:00,2024-12-19,01:30:00,1734552000,0.90022,0.90218,0.89995,0.90172,7654,0,0
2024-12-19T00:00:00+00:00,2024-12-19,05:30:00,1734566400,0.9017,0.9017,0.89959,0.90017,6099,0,0
2024-12-19T04:00:00+00:00,2024-12-19,09:30:00,1734580800,0.90016,0.90073,0.8977,0.89834,6936,0,0
2024-12-19T08:00:00+00:00,2024-12-19,13:30:00,1734595200,0.89835,0.89895,0.89548,0.89617,8517,0,0
2024-12-19T12:00:00+00:00,2024-12-19,17:30:00,1734609600,0.89618,0.89848,0.89519,0.89789,12125,0,0
2024-12-19T16:00:00+00:00,2024-12-19,21:30:00,1734624000,0.89789,0.89977,0.89685,0.89835,8006,0,0
2024-12-19T20:00:00+00:00,2024-12-20,01:30:00,1734638400,0.89837,0.89917,0.89784,0.89903,3653,0,0
2024-12-20T00:00:00+00:00,2024-12-20,05:30:00,1734652800,0.89903,0.89903,0.89754,0.8983,5165,0,0
2024-12-20T04:00:00+00:00,2024-12-20,09:30:00,1734667200,0.8983,0.89872,0.89716,0.89733,5548,0,0
2024-12-20T08:00:00+00:00,2024-12-20,13:30:00,1734681600,0.89732,0.89762,0.8936,0.89423,7160,0,0
2024-12-20T12:00:00+00:00,2024-12-20,17:30:00,1734696000,0.89422,0.89529,0.89299,0.89457,11043,0,0
2024-12-20T16:00:00+00:00,2024-12-20,21:30:00,1734710400,0.89457,0.89498,0.89135,0.89176,7413,0,0
2024-12-20T20:00:00+00:00,2024-12-21,01:30:00,1734724800,0.89175,0.89338,0.89163,0.89305,2258,0,0
2024-12-22T20:00:00+00:00,2024-12-23,01:30:00,1734897600,0.8918,0.89328,0.89161,0.89308,1949,0,0
2024-12-23T00:00:00+00:00,2024-12-23,05:30:00,1734912000,0.8931,0.89364,0.89277,0.89317,3375,0,0
2024-12-23T04:00:00+00:00,2024-12-23,09:30:00,1734926400,0.89317,0.89494,0.89307,0.89489,3195,0,0
2024-12-23T08:00:00+00:00,2024-12-23,13:30:00,1734940800,0.89489,0.89759,0.89445,0.89671,5005,0,0
2024-12-23T12:00:00+00:00,2024-12-23,17:30:00,1734955200,0.89671,0.90018,0.89664,0.90002,7326,0,0
2024-12-23T16:00:00+00:00,2024-12-23,21:30:00,1734969600,0.90002,0.90017,0.89838,0.89848,5301,0,0
2024-12-23T20:00:00+00:00,2024-12-24,01:30:00,1734984000,0.89847,0.89876,0.89824,0.89859,2373,0,0
2024-12-24T00:00:00+00:00,2024-12-24,05:30:00,1734998400,0.89861,0.89966,0.89831,0.89954,2725,0,0
2024-12-24T04:00:00+00:00,2024-12-24,09:30:00,1735012800,0.89953,0.9002,0.89852,0.90017,2881,0,0
2024-12-24T08:00:00+00:00,2024-12-24,13:30:00,1735027200,0.90017,0.90084,0.89904,0.90027,4178,0,0
2024-12-24T12:00:00+00:00,2024-12-24,17:30:00,1735041600,0.90026,0.9011,0.89954,0.90082,5363,0,0
2024-12-24T16:00:00+00:00,2024-12-24,21:30:00,1735056000,0.90082,0.90115,0.8998,0.90071,4173,0,0
2024-12-24T20:00:00+00:00,2024-12-25,01:30:00,1735070400,0.90071,0.90079,0.8996,0.90024,1322,31,0
2024-12-25T20:00:00+00:00,2024-12-26,01:30:00,1735156800,0.89918,0.90015,0.89891,0.89945,1586,0,0
2024-12-26T00:00:00+00:00,2024-12-26,05:30:00,1735171200,0.89946,0.90009,0.89926,0.8996,2961,0,0
2024-12-26T04:00:00+00:00,2024-12-26,09:30:00,1735185600,0.89958,0.90046,0.89958,0.89984,2332,0,0
2024-12-26T08:00:00+00:00,2024-12-26,13:30:00,1735200000,0.89983,0.90036,0.89937,0.89997,2452,0,0
2024-12-26T12:00:00+00:00,2024-12-26,17:30:00,1735214400,0.89997,0.90104,0.89997,0.90052,4578,0,0
2024-12-26T16:00:00+00:00,2024-12-26,21:30:00,1735228800,0.90053,0.90059,0.8985,0.89908,4411,0,0
2024-12-26T20:00:00+00:00,2024-12-27,01:30:00,1735243200,0.89908,0.89917,0.89853,0.89902,2900,0,0
2024-12-27T00:00:00+00:00,2024-12-27,05:30:00,1735257600,0.89902,0.8996,0.8989,0.8993,2786,0,0
2024-12-27T04:00:00+00:00,2024-12-27,09:30:00,1735272000,0.8993,0.90123,0.89928,0.90049,2653,0,0
2024-12-27T08:00:00+00:00,2024-12-27,13:30:00,1735286400,0.90051,0.90104,0.89955,0.90019,4337,0,0
2024-12-27T12:00:00+00:00,2024-12-27,17:30:00,1735300800,0.90018,0.90164,0.89984,0.90142,6381,0,0
2024-12-27T16:00:00+00:00,2024-12-27,21:30:00,1735315200,0.90141,0.90276,0.90095,0.90186,4363,0,0
2024-12-27T20:00:00+00:00,2024-12-28,01:30:00,1735329600,0.90186,0.90259,0.90186,0.90212,1216,0,0
2024-12-29T20:00:00+00:00,2024-12-30,01:30:00,1735502400,0.90087,0.90211,0.9007,0.90185,1283,0,0
2024-12-30T00:00:00+00:00,2024-12-30,05:30:00,1735516800,0.90186,0.90199,0.90141,0.90177,2267,0,0
2024-12-30T04:00:00+00:00,2024-12-30,09:30:00,1735531200,0.90177,0.90243,0.90145,0.90183,2595,0,0
2024-12-30T08:00:00+00:00,2024-12-30,13:30:00,1735545600,0.90183,0.90399,0.90103,0.9024,4995,0,0
2024-12-30T12:00:00+00:00,2024-12-30,17:30:00,1735560000,0.9024,0.90741,0.90221,0.90663,9292,0,0
2024-12-30T16:00:00+00:00,2024-12-30,21:30:00,1735574400,0.90662,0.90737,0.9038,0.90405,5331,0,0
2024-12-30T20:00:00+00:00,2024-12-31,01:30:00,1735588800,0.90405,0.90422,0.90331,0.90334,2438,0,0
2024-12-31T00:00:00+00:00,2024-12-31,05:30:00,1735603200,0.90334,0.90365,0.90254,0.90286,2580,0,0
2024-12-31T04:00:00+00:00,2024-12-31,09:30:00,1735617600,0.90286,0.90399,0.90283,0.90351,2415,0,0
2024-12-31T08:00:00+00:00,2024-12-31,13:30:00,1735632000,0.90352,0.90521,0.90233,0.90494,5277,0,0
2024-12-31T12:00:00+00:00,2024-12-31,17:30:00,1735646400,0.90493,0.90628,0.90412,0.90626,8215,0,0
2024-12-31T16:00:00+00:00,2024-12-31,21:30:00,1735660800,0.90626,0.90805,0.90584,0.90786,5194,0,0
2024-12-31T20:00:00+00:00,2025-01-01,01:30:00,1735675200,0.90785,0.90786,0.90706,0.90756,932,0,0
2025-01-01T20:00:00+00:00,2025-01-02,01:30:00,1735761600,0.90585,0.90783,0.90547,0.90773,1500,0,0
2025-01-02T00:00:00+00:00,2025-01-02,05:30:00,1735776000,0.90774,0.90783,0.90469,0.90474,3280,0,0
2025-01-02T04:00:00+00:00,2025-01-02,09:30:00,1735790400,0.90473,0.90524,0.90397,0.90475,2926,0,0
2025-01-02T08:00:00+00:00,2025-01-02,13:30:00,1735804800,0.90475,0.90802,0.90391,0.9078,6901,0,0
2025-01-02T12:00:00+00:00,2025-01-02,17:30:00,1735819200,0.90779,0.91089,0.90723,0.91075,9383,0,0
2025-01-02T16:00:00+00:00,2025-01-02,21:30:00,1735833600,0.91075,0.91372,0.91075,0.91343,8663,0,0
2025-01-02T20:00:00+00:00,2025-01-03,01:30:00,1735848000,0.91342,0.91342,0.91205,0.9121,2460,0,0
2025-01-03T00:00:00+00:00,2025-01-03,05:30:00,1735862400,0.9121,0.91227,0.91095,0.91201,2665,0,0
2025-01-03T04:00:00+00:00,2025-01-03,09:30:00,1735876800,0.91201,0.91248,0.90994,0.91026,3614,0,0
2025-01-03T08:00:00+00:00,2025-01-03,13:30:00,1735891200,0.91025,0.911,0.90864,0.90891,5102,0,0
2025-01-03T12:00:00+00:00,2025-01-03,17:30:00,1735905600,0.90926,0.91079,0.90806,0.91066,6091,0,0
2025-01-03T16:00:00+00:00,2025-01-03,21:30:00,1735920000,0.91067,0.91067,0.90859,0.90911,4648,0,0
2025-01-03T20:00:00+00:00,2025-01-04,01:30:00,1735934400,0.90913,0.90928,0.90844,0.90848,1239,0,0
2025-01-05T20:00:00+00:00,2025-01-06,01:30:00,1736107200,0.90844,0.90944,0.90815,0.90939,1092,0,0
2025-01-06T00:00:00+00:00,2025-01-06,05:30:00,1736121600,0.90941,0.91051,0.90928,0.9094,3629,0,0
2025-01-06T04:00:00+00:00,2025-01-06,09:30:00,1736136000,0.90939,0.90999,0.908,0.90812,2907,0,0
2025-01-06T08:00:00+00:00,2025-01-06,13:30:00,1736150400,0.90813,0.90823,0.90123,0.90183,10037,0,0
2025-01-06T12:00:00+00:00,2025-01-06,17:30:00,1736164800,0.90185,0.9067,0.90088,0.90499,16585,0,0
2025-01-06T16:00:00+00:00,2025-01-06,21:30:00,1736179200,0.90497,0.90511,0.90387,0.90447,5606,0,0
2025-01-06T20:00:00+00:00,2025-01-07,01:30:00,1736193600,0.90446,0.90525,0.90426,0.90498,3037,0,0
2025-01-07T00:00:00+00:00,2025-01-07,05:30:00,1736208000,0.90498,0.906,0.90468,0.90478,3827,0,0
2025-01-07T04:00:00+00:00,2025-01-07,09:30:00,1736222400,0.90479,0.90528,0.90231,0.90471,4959,0,0
2025-01-07T08:00:00+00:00,2025-01-07,13:30:00,1736236800,0.9047,0.9067,0.90265,0.90593,6839,0,0
2025-01-07T12:00:00+00:00,2025-01-07,17:30:00,1736251200,0.90593,0.90962,0.90583,0.90787,10269,0,0
2025-01-07T16:00:00+00:00,2025-01-07,21:30:00,1736265600,0.90785,0.90917,0.9071,0.90856,8353,0,0
2025-01-07T20:00:00+00:00,2025-01-08,01:30:00,1736280000,0.90858,0.9098,0.90826,0.90957,2926,0,0
2025-01-08T00:00:00+00:00,2025-01-08,05:30:00,1736294400,0.90958,0.90959,0.90878,0.90934,3010,0,0
2025-01-08T04:00:00+00:00,2025-01-08,09:30:00,1736308800,0.90934,0.91076,0.90878,0.91064,3830,0,0
2025-01-08T08:00:00+00:00,2025-01-08,13:30:00,1736323200,0.91065,0.91261,0.91051,0.91183,7632,0,0
2025-01-08T12:00:00+00:00,2025-01-08,17:30:00,1736337600,0.91182,0.91284,0.90987,0.9112,10785,0,0
2025-01-08T16:00:00+00:00,2025-01-08,21:30:00,1736352000,0.9112,0.91197,0.91072,0.91175,6016,0,0
2025-01-08T20:00:00+00:00,2025-01-09,01:30:00,1736366400,0.91174,0.91174,0.91091,0.91105,2549,0,0
2025-01-09T00:00:00+00:00,2025-01-09,05:30:00,1736380800,0.91105,0.91146,0.90984,0.91071,3466,0,0
2025-01-09T04:00:00+00:00,2025-01-09,09:30:00,1736395200,0.91071,0.91267,0.91025,0.91256,4877,0,0
2025-01-09T08:00:00+00:00,2025-01-09,13:30:00,1736409600,0.91254,0.91313,0.91088,0.91218,6126,0,0
2025-01-09T12:00:00+00:00,2025-01-09,17:30:00,1736424000,0.91217,0.91244,0.91069,0.91215,6144,0,0
2025-01-09T16:00:00+00:00,2025-01-09,21:30:00,1736438400,0.91217,0.91304,0.91194,0.91268,3451,0,0
2025-01-09T20:00:00+00:00,2025-01-10,01:30:00,1736452800,0.91268,0.91268,0.91193,0.91211,2262,0,0
2025-01-10T00:00:00+00:00,2025-01-10,05:30:00,1736467200,0.91211,0.91243,0.91149,0.91207,3084,0,0
2025-01-10T04:00:00+00:00,2025-01-10,09:30:00,1736481600,0.91207,0.91312,0.91202,0.91246,3014,0,0
2025-01-10T08:00:00+00:00,2025-01-10,13:30:00,1736496000,0.91246,0.91426,0.91221,0.91383,5357,0,0
2025-01-10T12:00:00+00:00,2025-01-10,17:30:00,1736510400,0.91382,0.91887,0.91308,0.91631,16050,0,0
2025-01-10T16:00:00+00:00,2025-01-10,21:30:00,1736524800,0.91631,0.91795,0.916,0.91713,6965,0,0
2025-01-10T20:00:00+00:00,2025-01-11,01:30:00,1736539200,0.91713,0.91727,0.91636,0.91646,1723,0,0
2025-01-12T20:00:00+00:00,2025-01-13,01:30:00,1736712000,0.91587,0.91698,0.91544,0.91695,1506,0,0
2025-01-13T00:00:00+00:00,2025-01-13,05:30:00,1736726400,0.91695,0.91763,0.9163,0.91742,3557,0,0
2025-01-13T04:00:00+00:00,2025-01-13,09:30:00,1736740800,0.91742,0.91795,0.91621,0.91681,4145,0,0
2025-01-13T08:00:00+00:00,2025-01-13,13:30:00,1736755200,0.91681,0.91801,0.91545,0.91683,8513,0,0
2025-01-13T12:00:00+00:00,2025-01-13,17:30:00,1736769600,0.91683,0.91951,0.91559,0.91949,8432,0,0
2025-01-13T16:00:00+00:00,2025-01-13,21:30:00,1736784000,0.9195,0.92011,0.918,0.91906,5550,0,0
2025-01-13T20:00:00+00:00,2025-01-14,01:30:00,1736798400,0.91906,0.91907,0.9152,0.9159,4261,0,0
2025-01-14T00:00:00+00:00,2025-01-14,05:30:00,1736812800,0.91591,0.917,0.91583,0.91604,4935,0,0
2025-01-14T04:00:00+00:00,2025-01-14,09:30:00,1736827200,0.91603,0.91638,0.91474,0.9152,4652,0,0
2025-01-14T08:00:00+00:00,2025-01-14,13:30:00,1736841600,0.91519,0.91662,0.91294,0.91656,6679,0,0
2025-01-14T12:00:00+00:00,2025-01-14,17:30:00,1736856000,0.91656,0.91738,0.91437,0.91445,11796,0,0
2025-01-14T16:00:00+00:00,2025-01-14,21:30:00,1736870400,0.91446,0.91508,0.91247,0.91273,6233,0,0
2025-01-14T20:00:00+00:00,2025-01-15,01:30:00,1736884800,0.91273,0.91285,0.91212,0.91253,2730,0,0
2025-01-15T00:00:00+00:00,2025-01-15,05:30:00,1736899200,0.91254,0.91293,0.91224,0.91231,3198,0,0
2025-01-15T04:00:00+00:00,2025-01-15,09:30:00,1736913600,0.91232,0.91268,0.91129,0.91151,4157,0,0
2025-01-15T08:00:00+00:00,2025-01-15,13:30:00,1736928000,0.91153,0.91245,0.91096,0.91201,5912,0,0
2025-01-15T12:00:00+00:00,2025-01-15,17:30:00,1736942400,0.91201,0.91244,0.9081,0.91174,12990,0,0
2025-01-15T16:00:00+00:00,2025-01-15,21:30:00,1736956800,0.91175,0.91464,0.91173,0.91276,7017,0,0
2025-01-15T20:00:00+00:00,2025-01-16,01:30:00,1736971200,0.91276,0.91302,0.91213,0.91216,3012,0,0
2025-01-16T00:00:00+00:00,2025-01-16,05:30:00,1736985600,0.91216,0.91286,0.91128,0.91235,5195,0,0
2025-01-16T04:00:00+00:00,2025-01-16,09:30:00,1737000000,0.91235,0.9129,0.91158,0.91191,3846,0,0
2025-01-16T08:00:00+00:00,2025-01-16,13:30:00,1737014400,0.9119,0.91214,0.91056,0.91153,5588,0,0
2025-01-16T12:00:00+00:00,2025-01-16,17:30:00,1737028800,0.91154,0.91366,0.91124,0.91183,11886,0,0
2025-01-16T16:00:00+00:00,2025-01-16,21:30:00,1737043200,0.91182,0.91214,0.91001,0.91091,7926,0,0
2025-01-16T20:00:00+00:00,2025-01-17,01:30:00,1737057600,0.91091,0.91136,0.91057,0.91121,2829,0,0
2025-01-17T00:00:00+00:00,2025-01-17,05:30:00,1737072000,0.91121,0.91141,0.91005,0.91091,3736,0,0
2025-01-17T04:00:00+00:00,2025-01-17,09:30:00,1737086400,0.91091,0.91299,0.91088,0.91188,3549,0,0
2025-01-17T08:00:00+00:00,2025-01-17,13:30:00,1737100800,0.91185,0.91215,0.90965,0.91179,5719,0,0
2025-01-17T12:00:00+00:00,2025-01-17,17:30:00,1737115200,0.91179,0.91462,0.91094,0.91366,11360,0,0
2025-01-17T16:00:00+00:00,2025-01-17,21:30:00,1737129600,0.91367,0.91539,0.91363,0.91493,5583,0,0
2025-01-17T20:00:00+00:00,2025-01-18,01:30:00,1737144000,0.91494,0.91526,0.91472,0.91498,1858,0,0
2025-01-19T20:00:00+00:00,2025-01-20,01:30:00,1737316800,0.91344,0.91524,0.91342,0.9145,1459,0,0
2025-01-20T00:00:00+00:00,2025-01-20,05:30:00,1737331200,0.91451,0.91472,0.91272,0.91274,3820,0,0
2025-01-20T04:00:00+00:00,2025-01-20,09:30:00,1737345600,0.91274,0.91327,0.91209,0.91234,3449,0,0
2025-01-20T08:00:00+00:00,2025-01-20,13:30:00,1737360000,0.91232,0.91388,0.91218,0.91328,5036,0,0
2025-01-20T12:00:00+00:00,2025-01-20,17:30:00,1737374400,0.91327,0.91461,0.90684,0.90826,18625,0,0
2025-01-20T16:00:00+00:00,2025-01-20,21:30:00,1737388800,0.90825,0.91055,0.90624,0.90645,7955,0,0
2025-01-20T20:00:00+00:00,2025-01-21,01:30:00,1737403200,0.90646,0.90722,0.9056,0.90614,4839,0,0
2025-01-21T00:00:00+00:00,2025-01-21,05:30:00,1737417600,0.90615,0.9098,0.90517,0.90719,12874,0,0
2025-01-21T04:00:00+00:00,2025-01-21,09:30:00,1737432000,0.90719,0.90901,0.90654,0.90852,4731,0,0
2025-01-21T08:00:00+00:00,2025-01-21,13:30:00,1737446400,0.90852,0.91146,0.90852,0.9109,7294,0,0
2025-01-21T12:00:00+00:00,2025-01-21,17:30:00,1737460800,0.9109,0.91133,0.907,0.90765,10508,0,0
2025-01-21T16:00:00+00:00,2025-01-21,21:30:00,1737475200,0.90765,0.90784,0.90626,0.90664,6157,0,0
2025-01-21T20:00:00+00:00,2025-01-22,01:30:00,1737489600,0.90665,0.90734,0.90554,0.90671,4250,0,0
2025-01-22T00:00:00+00:00,2025-01-22,05:30:00,1737504000,0.90673,0.90708,0.90536,0.90685,4688,0,0
2025-01-22T04:00:00+00:00,2025-01-22,09:30:00,1737518400,0.90686,0.90728,0.90613,0.9066,4254,0,0
2025-01-22T08:00:00+00:00,2025-01-22,13:30:00,1737532800,0.90658,0.90674,0.9033,0.90467,7547,0,0
2025-01-22T12:00:00+00:00,2025-01-22,17:30:00,1737547200,0.90468,0.90751,0.90457,0.90679,8727,0,0
2025-01-22T16:00:00+00:00,2025-01-22,21:30:00,1737561600,0.90677,0.90754,0.90589,0.90609,5087,0,0
2025-01-22T20:00:00+00:00,2025-01-23,01:30:00,1737576000,0.90611,0.90684,0.90591,0.90641,2873,0,0
2025-01-23T00:00:00+00:00,2025-01-23,05:30:00,1737590400,0.90643,0.90676,0.9057,0.9063,3697,0,0
2025-01-23T04:00:00+00:00,2025-01-23,09:30:00,1737604800,0.90628,0.9073,0.90604,0.90699,4257,0,0
2025-01-23T08:00:00+00:00,2025-01-23,13:30:00,1737619200,0.90698,0.90799,0.90633,0.90791,5712,0,0
2025-01-23T12:00:00+00:00,2025-01-23,17:30:00,1737633600,0.90791,0.90973,0.90707,0.90916,8193,0,0
2025-01-23T16:00:00+00:00,2025-01-23,21:30:00,1737648000,0.90916,0.91085,0.90611,0.90685,10122,0,0
2025-01-23T20:00:00+00:00,2025-01-24,01:30:00,1737662400,0.90684,0.9077,0.90645,0.9075,3407,0,0
2025-01-24T00:00:00+00:00,2025-01-24,05:30:00,1737676800,0.90749,0.90764,0.90497,0.90524,6214,0,0
2025-01-24T04:00:00+00:00,2025-01-24,09:30:00,1737691200,0.90524,0.90599,0.90406,0.9051,7502,0,0
2025-01-24T08:00:00+00:00,2025-01-24,13:30:00,1737705600,0.90512,0.90598,0.90277,0.90544,9546,0,0
2025-01-24T12:00:00+00:00,2025-01-24,17:30:00,1737720000,0.90545,0.90713,0.90443,0.90462,10081,0,0
2025-01-24T16:00:00+00:00,2025-01-24,21:30:00,1737734400,0.90461,0.90614,0.90402,0.906,5482,0,0
2025-01-24T20:00:00+00:00,2025-01-25,01:30:00,1737748800,0.90601,0.90643,0.90576,0.90612,1822,0,0
2025-01-26T20:00:00+00:00,2025-01-27,01:30:00,1737921600,0.90568,0.90699,0.90545,0.90687,1802,0,0
2025-01-27T00:00:00+00:00,2025-01-27,05:30:00,1737936000,0.90687,0.90722,0.90573,0.90666,5055,0,0
2025-01-27T04:00:00+00:00,2025-01-27,09:30:00,1737950400,0.90666,0.90732,0.90596,0.90655,4617,0,0
2025-01-27T08:00:00+00:00,2025-01-27,13:30:00,1737964800,0.90657,0.9066,0.89654,0.89744,11813,0,0
2025-01-27T12:00:00+00:00,2025-01-27,17:30:00,1737979200,0.89741,0.9013,0.89714,0.90063,11540,0,0
2025-01-27T16:00:00+00:00,2025-01-27,21:30:00,1737993600,0.90063,0.90227,0.89956,0.90133,7688,0,0
2025-01-27T20:00:00+00:00,2025-01-28,01:30:00,1738008000,0.90135,0.90515,0.90134,0.90449,5164,0,0
2025-01-28T00:00:00+00:00,2025-01-28,05:30:00,1738022400,0.90448,0.90558,0.90368,0.90543,7143,0,0
2025-01-28T04:00:00+00:00,2025-01-28,09:30:00,1738036800,0.90543,0.90668,0.90467,0.90639,4495,0,0
2025-01-28T08:00:00+00:00,2025-01-28,13:30:00,1738051200,0.9064,0.90707,0.90535,0.90645,7107,0,0
2025-01-28T12:00:00+00:00,2025-01-28,17:30:00,1738065600,0.90644,0.90679,0.90404,0.90581,8501,0,0
2025-01-28T16:00:00+00:00,2025-01-28,21:30:00,1738080000,0.90581,0.90583,0.90385,0.90399,5512,0,0
2025-01-28T20:00:00+00:00,2025-01-29,01:30:00,1738094400,0.90397,0.90443,0.90384,0.90427,2910,0,0
2025-01-29T00:00:00+00:00,2025-01-29,05:30:00,1738108800,0.90427,0.90434,0.90335,0.90347,3352,0,0
2025-01-29T04:00:00+00:00,2025-01-29,09:30:00,1738123200,0.90347,0.90562,0.90318,0.90553,3971,0,0
2025-01-29T08:00:00+00:00,2025-01-29,13:30:00,1738137600,0.90552,0.90696,0.90459,0.90662,6376,0,0
2025-01-29T12:00:00+00:00,2025-01-29,17:30:00,1738152000,0.90661,0.90825,0.90567,0.90647,8409,0,0
2025-01-29T16:00:00+00:00,2025-01-29,21:30:00,1738166400,0.90646,0.90951,0.90622,0.90722,10946,0,0
2025-01-29T20:00:00+00:00,2025-01-30,01:30:00,1738180800,0.90723,0.90795,0.90606,0.90638,5659,0,0
2025-01-30T00:00:00+00:00,2025-01-30,05:30:00,1738195200,0.90639,0.90683,0.90603,0.90654,4154,0,0
2025-01-30T04:00:00+00:00,2025-01-30,09:30:00,1738209600,0.90653,0.9071,0.90619,0.90633,3729,0,0
2025-01-30T08:00:00+00:00,2025-01-30,13:30:00,1738224000,0.90632,0.90894,0.90621,0.90862,6683,0,0
2025-01-30T12:00:00+00:00,2025-01-30,17:30:00,1738238400,0.90862,0.90871,0.90591,0.90729,11522,0,0
2025-01-30T16:00:00+00:00,2025-01-30,21:30:00,1738252800,0.90729,0.90921,0.90689,0.90862,5342,0,0
2025-01-30T20:00:00+00:00,2025-01-31,01:30:00,1738267200,0.90862,0.91038,0.90821,0.90961,6866,0,0
2025-01-31T00:00:00+00:00,2025-01-31,05:30:00,1738281600,0.90963,0.91047,0.9093,0.91024,4752,0,0
2025-01-31T04:00:00+00:00,2025-01-31,09:30:00,1738296000,0.91024,0.9106,0.90876,0.90955,4216,0,0
2025-01-31T08:00:00+00:00,2025-01-31,13:30:00,1738310400,0.90956,0.91159,0.90947,0.91081,6925,0,0
2025-01-31T12:00:00+00:00,2025-01-31,17:30:00,1738324800,0.91081,0.91096,0.90746,0.90812,9311,0,0
2025-01-31T16:00:00+00:00,2025-01-31,21:30:00,1738339200,0.90814,0.91106,0.90718,0.91055,12700,0,0
2025-01-31T20:00:00+00:00,2025-02-01,01:30:00,1738353600,0.91055,0.91146,0.91001,0.91125,4656,0,0
2025-02-02T20:00:00+00:00,2025-02-03,01:30:00,1738526400,0.91374,0.91597,0.91326,0.91516,3718,0,0
2025-02-03T00:00:00+00:00,2025-02-03,05:30:00,1738540800,0.91517,0.91764,0.91438,0.91696,10949,0,0
2025-02-03T04:00:00+00:00,2025-02-03,09:30:00,1738555200,0.91697,0.91873,0.91536,0.91866,8102,0,0
2025-02-03T08:00:00+00:00,2025-02-03,13:30:00,1738569600,0.91866,0.91967,0.91599,0.91614,9408,0,0
2025-02-03T12:00:00+00:00,2025-02-03,17:30:00,1738584000,0.91615,0.91621,0.91033,0.91163,17247,0,0
2025-02-03T16:00:00+00:00,2025-02-03,21:30:00,1738598400,0.91164,0.91436,0.9108,0.91288,12354,0,0
2025-02-03T20:00:00+00:00,2025-02-04,01:30:00,1738612800,0.91288,0.91299,0.90931,0.91158,6554,0,0
2025-02-04T00:00:00+00:00,2025-02-04,05:30:00,1738627200,0.91158,0.91255,0.91122,0.91168,4721,0,0
2025-02-04T04:00:00+00:00,2025-02-04,09:30:00,1738641600,0.91168,0.91312,0.91122,0.91187,5904,0,0
2025-02-04T08:00:00+00:00,2025-02-04,13:30:00,1738656000,0.91187,0.9119,0.90826,0.90976,7070,0,0
2025-02-04T12:00:00+00:00,2025-02-04,17:30:00,1738670400,0.90977,0.91003,0.90533,0.90585,9996,0,0
2025-02-04T16:00:00+00:00,2025-02-04,21:30:00,1738684800,0.90583,0.90629,0.90456,0.90498,6499,0,0
2025-02-04T20:00:00+00:00,2025-02-05,01:30:00,1738699200,0.90496,0.9055,0.90467,0.90549,3028,0,0
2025-02-05T00:00:00+00:00,2025-02-05,05:30:00,1738713600,0.90547,0.90593,0.90445,0.9049,4788,0,0
2025-02-05T04:00:00+00:00,2025-02-05,09:30:00,1738728000,0.9049,0.9059,0.90291,0.90378,4808,0,0
2025-02-05T08:00:00+00:00,2025-02-05,13:30:00,1738742400,0.9038,0.90477,0.90083,0.90228,7158,0,0
2025-02-05T12:00:00+00:00,2025-02-05,17:30:00,1738756800,0.90229,0.90336,0.90019,0.90054,10271,0,0
2025-02-05T16:00:00+00:00,2025-02-05,21:30:00,1738771200,0.90055,0.90131,0.90018,0.90103,5508,0,0
2025-02-05T20:00:00+00:00,2025-02-06,01:30:00,1738785600,0.90103,0.90187,0.90103,0.90149,2949,0,0
2025-02-06T00:00:00+00:00,2025-02-06,05:30:00,1738800000,0.90148,0.90257,0.90079,0.90241,3988,0,0
2025-02-06T04:00:00+00:00,2025-02-06,09:30:00,1738814400,0.90241,0.90353,0.90221,0.90348,3685,0,0
2025-02-06T08:00:00+00:00,2025-02-06,13:30:00,1738828800,0.90348,0.90558,0.90321,0.90497,5733,0,0
2025-02-06T12:00:00+00:00,2025-02-06,17:30:00,1738843200,0.90498,0.90622,0.90458,0.90515,9276,0,0
2025-02-06T16:00:00+00:00,2025-02-06,21:30:00,1738857600,0.90515,0.90565,0.90403,0.90515,5323,0,0
2025-02-06T20:00:00+00:00,2025-02-07,01:30:00,1738872000,0.90517,0.90533,0.90462,0.90518,2750,0,0
2025-02-07T00:00:00+00:00,2025-02-07,05:30:00,1738886400,0.90518,0.90652,0.90471,0.90626,3569,0,0
2025-02-07T04:00:00+00:00,2025-02-07,09:30:00,1738900800,0.90626,0.90678,0.90595,0.90626,2897,0,0
2025-02-07T08:00:00+00:00,2025-02-07,13:30:00,1738915200,0.90626,0.90716,0.90556,0.90681,4475,0,0
2025-02-07T12:00:00+00:00,2025-02-07,17:30:00,1738929600,0.90683,0.91018,0.90469,0.9092,14290,0,0
2025-02-07T16:00:00+00:00,2025-02-07,21:30:00,1738944000,0.9092,0.91064,0.90874,0.90917,11166,0,0
2025-02-07T20:00:00+00:00,2025-02-08,01:30:00,1738958400,0.90917,0.91015,0.90894,0.90996,2367,0,0
2025-02-09T20:00:00+00:00,2025-02-10,01:30:00,1739131200,0.90987,0.91119,0.90987,0.91095,1862,0,0
2025-02-10T00:00:00+00:00,2025-02-10,05:30:00,1739145600,0.91097,0.91223,0.91029,0.91135,4071,0,0
2025-02-10T04:00:00+00:00,2025-02-10,09:30:00,1739160000,0.91135,0.91139,0.91045,0.91087,3652,0,0
2025-02-10T08:00:00+00:00,2025-02-10,13:30:00,1739174400,0.91087,0.91109,0.90939,0.91028,5219,0,0
2025-02-10T12:00:00+00:00,2025-02-10,17:30:00,1739188800,0.91027,0.91115,0.90977,0.91033,6394,0,0
2025-02-10T16:00:00+00:00,2025-02-10,21:30:00,1739203200,0.91033,0.91167,0.91016,0.91146,4116,0,0
2025-02-10T20:00:00+00:00,2025-02-11,01:30:00,1739217600,0.91145,0.91161,0.9109,0.91142,3009,0,0
2025-02-11T00:00:00+00:00,2025-02-11,05:30:00,1739232000,0.91141,0.91182,0.91105,0.9116,3101,0,0
2025-02-11T04:00:00+00:00,2025-02-11,09:30:00,1739246400,0.91159,0.91191,0.91124,0.91184,2827,0,0
2025-02-11T08:00:00+00:00,2025-02-11,13:30:00,1739260800,0.91185,0.91308,0.9111,0.91296,4783,0,0
2025-02-11T12:00:00+00:00,2025-02-11,17:30:00,1739275200,0.91297,0.91401,0.91272,0.91327,6264,0,0
2025-02-11T16:00:00+00:00,2025-02-11,21:30:00,1739289600,0.91328,0.91408,0.91226,0.91321,5335,0,0
2025-02-11T20:00:00+00:00,2025-02-12,01:30:00,1739304000,0.91321,0.91357,0.91274,0.91307,3336,0,0
2025-02-12T00:00:00+00:00,2025-02-12,05:30:00,1739318400,0.91308,0.91359,0.91257,0.91335,3347,0,0
2025-02-12T04:00:00+00:00,2025-02-12,09:30:00,1739332800,0.91335,0.91364,0.91199,0.91225,3419,0,0
2025-02-12T08:00:00+00:00,2025-02-12,13:30:00,1739347200,0.91226,0.91235,0.9103,0.91095,5055,0,0
2025-02-12T12:00:00+00:00,2025-02-12,17:30:00,1739361600,0.91096,0.91557,0.91081,0.91339,12006,0,0
2025-02-12T16:00:00+00:00,2025-02-12,21:30:00,1739376000,0.9134,0.9145,0.91135,0.9133,8205,0,0
2025-02-12T20:00:00+00:00,2025-02-13,01:30:00,1739390400,0.91329,0.91388,0.91287,0.91348,3250,0,0
2025-02-13T00:00:00+00:00,2025-02-13,05:30:00,1739404800,0.91347,0.91405,0.91171,0.91205,4018,0,0
2025-02-13T04:00:00+00:00,2025-02-13,09:30:00,1739419200,0.91205,0.91207,0.90887,0.90927,5510,0,0
2025-02-13T08:00:00+00:00,2025-02-13,13:30:00,1739433600,0.90926,0.90968,0.90659,0.90761,6698,0,0
2025-02-13T12:00:00+00:00,2025-02-13,17:30:00,1739448000,0.90762,0.90852,0.90471,0.90518,10891,0,0
2025-02-13T16:00:00+00:00,2025-02-13,21:30:00,1739462400,0.90518,0.9063,0.90351,0.90385,8429,0,0
2025-02-13T20:00:00+00:00,2025-02-14,01:30:00,1739476800,0.90385,0.90403,0.90284,0.9033,3881,0,0
2025-02-14T00:00:00+00:00,2025-02-14,05:30:00,1739491200,0.90332,0.90419,0.90245,0.90402,3871,0,0
2025-02-14T04:00:00+00:00,2025-02-14,09:30:00,1739505600,0.90402,0.9049,0.9034,0.9047,4086,0,0
2025-02-14T08:00:00+00:00,2025-02-14,13:30:00,1739520000,0.90471,0.90491,0.9012,0.90147,6518,0,0
2025-02-14T12:00:00+00:00,2025-02-14,17:30:00,1739534400,0.90149,0.90166,0.89722,0.89794,9357,0,0
2025-02-14T16:00:00+00:00,2025-02-14,21:30:00,1739548800,0.89794,0.89904,0.89774,0.89861,4702,0,0
2025-02-14T20:00:00+00:00,2025-02-15,01:30:00,1739563200,0.89862,0.89977,0.89862,0.89966,1739,0,0
2025-02-16T20:00:00+00:00,2025-02-17,01:30:00,1739736000,0.89793,0.90017,0.89793,0.89991,2230,0,0
2025-02-17T00:00:00+00:00,2025-02-17,05:30:00,1739750400,0.89991,0.90048,0.89918,0.90035,3948,0,0
2025-02-17T04:00:00+00:00,2025-02-17,09:30:00,1739764800,0.90035,0.90086,0.8992,0.89994,4754,0,0
2025-02-17T08:00:00+00:00,2025-02-17,13:30:00,1739779200,0.89997,0.90125,0.89972,0.90103,4780,0,0
2025-02-17T12:00:00+00:00,2025-02-17,17:30:00,1739793600,0.90103,0.9018,0.90042,0.90101,4180,0,0
2025-02-17T16:00:00+00:00,2025-02-17,21:30:00,1739808000,0.90102,0.9012,0.90025,0.90094,2006,0,0
2025-02-17T20:00:00+00:00,2025-02-18,01:30:00,1739822400,0.90093,0.90118,0.90059,0.90078,2082,0,0
2025-02-18T00:00:00+00:00,2025-02-18,05:30:00,1739836800,0.90078,0.90231,0.90069,0.90226,3507,0,0
2025-02-18T04:00:00+00:00,2025-02-18,09:30:00,1739851200,0.90227,0.90342,0.90106,0.90148,3636,0,0
2025-02-18T08:00:00+00:00,2025-02-18,13:30:00,1739865600,0.90148,0.90181,0.8996,0.90167,5044,0,0
2025-02-18T12:00:00+00:00,2025-02-18,17:30:00,1739880000,0.90166,0.90228,0.90116,0.90161,5979,0,0
2025-02-18T16:00:00+00:00,2025-02-18,21:30:00,1739894400,0.90161,0.90412,0.90134,0.90359,3792,0,0
2025-02-18T20:00:00+00:00,2025-02-19,01:30:00,1739908800,0.9036,0.90404,0.90264,0.90365,3119,0,0
2025-02-19T00:00:00+00:00,2025-02-19,05:30:00,1739923200,0.90366,0.90438,0.90315,0.90334,3274,0,0
2025-02-19T04:00:00+00:00,2025-02-19,09:30:00,1739937600,0.90334,0.90395,0.90249,0.9038,3177,0,0
2025-02-19T08:00:00+00:00,2025-02-19,13:30:00,1739952000,0.90379,0.90517,0.90326,0.90402,5278,0,0
2025-02-19T12:00:00+00:00,2025-02-19,17:30:00,1739966400,0.90402,0.90497,0.90238,0.90371,6923,0,0
2025-02-19T16:00:00+00:00,2025-02-19,21:30:00,1739980800,0.90372,0.90545,0.90318,0.90384,4810,0,0
2025-02-19T20:00:00+00:00,2025-02-20,01:30:00,1739995200,0.90385,0.90466,0.90373,0.90462,2618,0,0
2025-02-20T00:00:00+00:00,2025-02-20,05:30:00,1740009600,0.90462,0.90462,0.90271,0.90298,4598,0,0
2025-02-20T04:00:00+00:00,2025-02-20,09:30:00,1740024000,0.90298,0.90323,0.90208,0.90263,3833,0,0
2025-02-20T08:00:00+00:00,2025-02-20,13:30:00,1740038400,0.90263,0.90309,0.9017,0.90236,4874,0,0
2025-02-20T12:00:00+00:00,2025-02-20,17:30:00,1740052800,0.90237,0.90287,0.89961,0.89972,8180,0,0
2025-02-20T16:00:00+00:00,2025-02-20,21:30:00,1740067200,0.89973,0.90036,0.89761,0.89765,4914,0,0
2025-02-20T20:00:00+00:00,2025-02-21,01:30:00,1740081600,0.89768,0.89827,0.89763,0.89825,2797,0,0
2025-02-21T00:00:00+00:00,2025-02-21,05:30:00,1740096000,0.89824,0.89956,0.89804,0.89817,4455,0,0
2025-02-21T04:00:00+00:00,2025-02-21,09:30:00,1740110400,0.89817,0.89941,0.8978,0.89811,3783,0,0
2025-02-21T08:00:00+00:00,2025-02-21,13:30:00,1740124800,0.89811,0.89947,0.8971,0.89871,6110,0,0
2025-02-21T12:00:00+00:00,2025-02-21,17:30:00,1740139200,0.89871,0.9005,0.89792,0.89964,7774,0,0
2025-02-21T16:00:00+00:00,2025-02-21,21:30:00,1740153600,0.89964,0.89981,0.8968,0.89726,6002,0,0
2025-02-21T20:00:00+00:00,2025-02-22,01:30:00,1740168000,0.89728,0.8982,0.89705,0.89768,2107,0,0
2025-02-23T20:00:00+00:00,2025-02-24,01:30:00,1740340800,0.89694,0.89853,0.8965,0.89851,2200,0,0
2025-02-24T00:00:00+00:00,2025-02-24,05:30:00,1740355200,0.8985,0.89853,0.89539,0.89561,5626,0,0
2025-02-24T04:00:00+00:00,2025-02-24,09:30:00,1740369600,0.89561,0.89717,0.89549,0.8971,4543,0,0
2025-02-24T08:00:00+00:00,2025-02-24,13:30:00,1740384000,0.89707,0.89983,0.89666,0.8996,6227,0,0
2025-02-24T12:00:00+00:00,2025-02-24,17:30:00,1740398400,0.89961,0.8998,0.89622,0.89692,7109,0,0
2025-02-24T16:00:00+00:00,2025-02-24,21:30:00,1740412800,0.89694,0.89757,0.89598,0.89663,4958,0,0
2025-02-24T20:00:00+00:00,2025-02-25,01:30:00,1740427200,0.89663,0.8977,0.89646,0.89742,3099,0,0
2025-02-25T00:00:00+00:00,2025-02-25,05:30:00,1740441600,0.8974,0.89783,0.89693,0.89717,3355,0,0
2025-02-25T04:00:00+00:00,2025-02-25,09:30:00,1740456000,0.89717,0.89744,0.89633,0.89673,3793,0,0
2025-02-25T08:00:00+00:00,2025-02-25,13:30:00,1740470400,0.89673,0.89716,0.89495,0.89515,5817,0,0
2025-02-25T12:00:00+00:00,2025-02-25,17:30:00,1740484800,0.89515,0.89515,0.89123,0.89345,8962,0,0
2025-02-25T16:00:00+00:00,2025-02-25,21:30:00,1740499200,0.89346,0.89369,0.89194,0.89263,6408,0,0
2025-02-25T20:00:00+00:00,2025-02-26,01:30:00,1740513600,0.89261,0.89304,0.89212,0.89248,2734,0,0
2025-02-26T00:00:00+00:00,2025-02-26,05:30:00,1740528000,0.89246,0.89361,0.89166,0.89356,4049,0,0
2025-02-26T04:00:00+00:00,2025-02-26,09:30:00,1740542400,0.89356,0.89512,0.8935,0.89439,3729,0,0
2025-02-26T08:00:00+00:00,2025-02-26,13:30:00,1740556800,0.89441,0.89608,0.89361,0.89578,5847,0,0
2025-02-26T12:00:00+00:00,2025-02-26,17:30:00,1740571200,0.89579,0.89646,0.89352,0.89368,8163,0,0
2025-02-26T16:00:00+00:00,2025-02-26,21:30:00,1740585600,0.89368,0.89451,0.89252,0.89381,8007,0,0
2025-02-26T20:00:00+00:00,2025-02-27,01:30:00,1740600000,0.89381,0.89491,0.89378,0.89448,3309,0,0
2025-02-27T00:00:00+00:00,2025-02-27,05:30:00,1740614400,0.89448,0.89666,0.89448,0.89657,3563,0,0
2025-02-27T04:00:00+00:00,2025-02-27,09:30:00,1740628800,0.89656,0.89738,0.89588,0.89637,3999,0,0
2025-02-27T08:00:00+00:00,2025-02-27,13:30:00,1740643200,0.8964,0.89871,0.89632,0.8987,5760,0,0
2025-02-27T12:00:00+00:00,2025-02-27,17:30:00,1740657600,0.89871,0.90057,0.89653,0.89917,12436,0,0
2025-02-27T16:00:00+00:00,2025-02-27,21:30:00,1740672000,0.89917,0.89974,0.89809,0.89961,6210,0,0
2025-02-27T20:00:00+00:00,2025-02-28,01:30:00,1740686400,0.89962,0.90012,0.89908,0.90009,3133,0,0
2025-02-28T00:00:00+00:00,2025-02-28,05:30:00,1740700800,0.90007,0.90013,0.89828,0.89899,4635,0,0
2025-02-28T04:00:00+00:00,2025-02-28,09:30:00,1740715200,0.89899,0.90227,0.89883,0.90167,4436,0,0
2025-02-28T08:00:00+00:00,2025-02-28,13:30:00,1740729600,0.90167,0.90314,0.90051,0.90271,6244,0,0
2025-02-28T12:00:00+00:00,2025-02-28,17:30:00,1740744000,0.90271,0.90305,0.90125,0.90224,9276,0,0
2025-02-28T16:00:00+00:00,2025-02-28,21:30:00,1740758400,0.90224,0.90357,0.90098,0.90351,8634,0,0
2025-02-28T20:00:00+00:00,2025-03-01,01:30:00,1740772800,0.9035,0.90362,0.90275,0.90312,2521,0,0
2025-03-02T20:00:00+00:00,2025-03-03,01:30:00,1740945600,0.90238,0.90305,0.90201,0.90268,1741,0,0
2025-03-03T00:00:00+00:00,2025-03-03,05:30:00,1740960000,0.90268,0.90304,0.90155,0.90175,4923,0,0
2025-03-03T04:00:00+00:00,2025-03-03,09:30:00,1740974400,0.90176,0.90311,0.90152,0.90166,3861,0,0
2025-03-03T08:00:00+00:00,2025-03-03,13:30:00,1740988800,0.90166,0.90189,0.90023,0.9016,6585,0,0
2025-03-03T12:00:00+00:00,2025-03-03,17:30:00,1741003200,0.90159,0.90179,0.89708,0.89836,9229,0,0
2025-03-03T16:00:00+00:00,2025-03-03,21:30:00,1741017600,0.89836,0.89851,0.89611,0.89753,7567,0,0
2025-03-03T20:00:00+00:00,2025-03-04,01:30:00,1741032000,0.89752,0.89777,0.89604,0.89687,5045,0,0
2025-03-04T00:00:00+00:00,2025-03-04,05:30:00,1741046400,0.89687,0.89717,0.89464,0.89666,5427,0,0
2025-03-04T04:00:00+00:00,2025-03-04,09:30:00,1741060800,0.89666,0.89678,0.89426,0.89515,5359,0,0
2025-03-04T08:00:00+00:00,2025-03-04,13:30:00,1741075200,0.89517,0.89517,0.88967,0.8897,9481,0,0
2025-03-04T12:00:00+00:00,2025-03-04,17:30:00,1741089600,0.8897,0.89128,0.8872,0.89039,13746,0,0
2025-03-04T16:00:00+00:00,2025-03-04,21:30:00,1741104000,0.8904,0.89057,0.88814,0.88907,9707,0,0
2025-03-04T20:00:00+00:00,2025-03-05,01:30:00,1741118400,0.88907,0.89032,0.88817,0.88997,5623,0,0
2025-03-05T00:00:00+00:00,2025-03-05,05:30:00,1741132800,0.88997,0.89133,0.88977,0.89086,6136,0,0
2025-03-05T04:00:00+00:00,2025-03-05,09:30:00,1741147200,0.89085,0.89088,0.88713,0.88771,5644,0,0
2025-03-05T08:00:00+00:00,2025-03-05,13:30:00,1741161600,0.8877,0.88937,0.88559,0.88913,8781,0,0
2025-03-05T12:00:00+00:00,2025-03-05,17:30:00,1741176000,0.88914,0.89038,0.88687,0.88853,14357,0,0
2025-03-05T16:00:00+00:00,2025-03-05,21:30:00,1741190400,0.88852,0.89142,0.88753,0.89042,11252,0,0
2025-03-05T20:00:00+00:00,2025-03-06,01:30:00,1741204800,0.8904,0.89146,0.89031,0.89078,3751,0,0
2025-03-06T00:00:00+00:00,2025-03-06,05:30:00,1741219200,0.89078,0.89245,0.88951,0.89242,5519,0,0
2025-03-06T04:00:00+00:00,2025-03-06,09:30:00,1741233600,0.89241,0.89258,0.88768,0.8891,7001,0,0
2025-03-06T08:00:00+00:00,2025-03-06,13:30:00,1741248000,0.88909,0.88984,0.88521,0.8853,10378,0,0
2025-03-06T12:00:00+00:00,2025-03-06,17:30:00,1741262400,0.88531,0.88724,0.88279,0.88603,14269,0,0
2025-03-06T16:00:00+00:00,2025-03-06,21:30:00,1741276800,0.88603,0.88619,0.88255,0.88269,9291,0,0
2025-03-06T20:00:00+00:00,2025-03-07,01:30:00,1741291200,0.88268,0.8842,0.88257,0.88342,3781,0,0
2025-03-07T00:00:00+00:00,2025-03-07,05:30:00,1741305600,0.88343,0.88346,0.88148,0.88223,4415,0,0
2025-03-07T04:00:00+00:00,2025-03-07,09:30:00,1741320000,0.88224,0.88257,0.87948,0.88046,4514,0,0
2025-03-07T08:00:00+00:00,2025-03-07,13:30:00,1741334400,0.88047,0.88088,0.87674,0.87951,7577,0,0
2025-03-07T12:00:00+00:00,2025-03-07,17:30:00,1741348800,0.87951,0.88194,0.87702,0.87889,16592,0,0
2025-03-07T16:00:00+00:00,2025-03-07,21:30:00,1741363200,0.87889,0.88108,0.87681,0.88003,10349,0,0
2025-03-07T20:00:00+00:00,2025-03-08,01:30:00,1741377600,0.88003,0.88027,0.8794,0.87984,2174,0,0
2025-03-09T20:00:00+00:00,2025-03-10,01:30:00,1741550400,0.87934,0.8804,0.87673,0.87735,3410,0,0
2025-03-10T00:00:00+00:00,2025-03-10,05:30:00,1741564800,0.87734,0.87897,0.87653,0.87875,4728,0,0
2025-03-10T04:00:00+00:00,2025-03-10,09:30:00,1741579200,0.87875,0.87999,0.87796,0.87978,4233,0,0
2025-03-10T08:00:00+00:00,2025-03-10,13:30:00,1741593600,0.87978,0.88033,0.87611,0.87674,9387,0,0
2025-03-10T12:00:00+00:00,2025-03-10,17:30:00,1741608000,0.87674,0.88161,0.87582,0.88125,10820,0,0
2025-03-10T16:00:00+00:00,2025-03-10,21:30:00,1741622400,0.88125,0.88217,0.88044,0.88141,7144,0,0
2025-03-10T20:00:00+00:00,2025-03-11,01:30:00,1741636800,0.88143,0.88163,0.87978,0.88004,3250,0,0
2025-03-11T00:00:00+00:00,2025-03-11,05:30:00,1741651200,0.88004,0.88023,0.87729,0.87922,6357,0,0
2025-03-11T04:00:00+00:00,2025-03-11,09:30:00,1741665600,0.87922,0.88056,0.87798,0.87888,5967,0,0
2025-03-11T08:00:00+00:00,2025-03-11,13:30:00,1741680000,0.87888,0.88256,0.87868,0.88191,8399,0,0
2025-03-11T12:00:00+00:00,2025-03-11,17:30:00,1741694400,0.8819,0.88202,0.87868,0.88001,15414,0,0
2025-03-11T16:00:00+00:00,2025-03-11,21:30:00,1741708800,0.88,0.88251,0.87976,0.88212,9259,0,0
2025-03-11T20:00:00+00:00,2025-03-12,01:30:00,1741723200,0.88212,0.88357,0.88209,0.88339,2797,0,0
2025-03-12T00:00:00+00:00,2025-03-12,05:30:00,1741737600,0.8834,0.88385,0.88282,0.88376,2988,0,0
2025-03-12T04:00:00+00:00,2025-03-12,09:30:00,1741752000,0.88375,0.88404,0.8821,0.88281,3755,0,0
2025-03-12T08:00:00+00:00,2025-03-12,13:30:00,1741766400,0.8828,0.88388,0.88152,0.88258,6125,0,0
2025-03-12T12:00:00+00:00,2025-03-12,17:30:00,1741780800,0.88258,0.88522,0.88006,0.88275,13702,0,0
2025-03-12T16:00:00+00:00,2025-03-12,21:30:00,1741795200,0.88275,0.88329,0.88166,0.88202,5414,0,0
2025-03-12T20:00:00+00:00,2025-03-13,01:30:00,1741809600,0.88202,0.88213,0.88145,0.88185,1893,0,0
2025-03-13T00:00:00+00:00,2025-03-13,05:30:00,1741824000,0.88185,0.882,0.88095,0.88159,2888,0,0
2025-03-13T04:00:00+00:00,2025-03-13,09:30:00,1741838400,0.88161,0.88308,0.88037,0.88156,4753,0,0
2025-03-13T08:00:00+00:00,2025-03-13,13:30:00,1741852800,0.88156,0.88309,0.88093,0.88272,6582,0,0
2025-03-13T12:00:00+00:00,2025-03-13,17:30:00,1741867200,0.88274,0.88549,0.88113,0.88492,11029,0,0
2025-03-13T16:00:00+00:00,2025-03-13,21:30:00,1741881600,0.88492,0.88527,0.88289,0.88335,6535,0,0
2025-03-13T20:00:00+00:00,2025-03-14,01:30:00,1741896000,0.88336,0.88345,0.88166,0.88269,2377,0,0
2025-03-14T00:00:00+00:00,2025-03-14,05:30:00,1741910400,0.88269,0.88456,0.8822,0.88405,3528,0,0
2025-03-14T04:00:00+00:00,2025-03-14,09:30:00,1741924800,0.88404,0.8846,0.88338,0.88414,4150,0,0
2025-03-14T08:00:00+00:00,2025-03-14,13:30:00,1741939200,0.88413,0.88529,0.88298,0.88503,7531,0,0
2025-03-14T12:00:00+00:00,2025-03-14,17:30:00,1741953600,0.88502,0.88641,0.88456,0.8855,9435,0,0
2025-03-14T16:00:00+00:00,2025-03-14,21:30:00,1741968000,0.88549,0.8856,0.88425,0.88502,3928,0,0
2025-03-14T20:00:00+00:00,2025-03-15,01:30:00,1741982400,0.88503,0.8852,0.88484,0.88502,1102,0,0
2025-03-16T20:00:00+00:00,2025-03-17,01:30:00,1742155200,0.88448,0.88533,0.8838,0.88417,1976,0,0
2025-03-17T00:00:00+00:00,2025-03-17,05:30:00,1742169600,0.88417,0.88479,0.88381,0.88423,3003,0,0
2025-03-17T04:00:00+00:00,2025-03-17,09:30:00,1742184000,0.88423,0.88473,0.88363,0.88391,3521,0,0
2025-03-17T08:00:00+00:00,2025-03-17,13:30:00,1742198400,0.88393,0.88412,0.88222,0.88261,5336,0,0
2025-03-17T12:00:00+00:00,2025-03-17,17:30:00,1742212800,0.88261,0.88346,0.87979,0.88121,9366,0,0
2025-03-17T16:00:00+00:00,2025-03-17,21:30:00,1742227200,0.88119,0.88133,0.88016,0.88042,3935,0,0
2025-03-17T20:00:00+00:00,2025-03-18,01:30:00,1742241600,0.88042,0.88138,0.88031,0.88137,2141,0,0
2025-03-18T00:00:00+00:00,2025-03-18,05:30:00,1742256000,0.88137,0.88166,0.88082,0.88115,2436,0,0
2025-03-18T04:00:00+00:00,2025-03-18,09:30:00,1742270400,0.88115,0.88187,0.88065,0.88097,2956,0,0
2025-03-18T08:00:00+00:00,2025-03-18,13:30:00,1742284800,0.88098,0.88111,0.87886,0.87983,5670,0,0
2025-03-18T12:00:00+00:00,2025-03-18,17:30:00,1742299200,0.87982,0.8807,0.87703,0.87732,8270,0,0
2025-03-18T16:00:00+00:00,2025-03-18,21:30:00,1742313600,0.87732,0.87766,0.87594,0.87651,4872,0,0
2025-03-18T20:00:00+00:00,2025-03-19,01:30:00,1742328000,0.87652,0.87699,0.87633,0.87683,2675,0,0
2025-03-19T00:00:00+00:00,2025-03-19,05:30:00,1742342400,0.87684,0.87765,0.87677,0.87695,2583,0,0
2025-03-19T04:00:00+00:00,2025-03-19,09:30:00,1742356800,0.87696,0.87781,0.87667,0.87731,4570,0,0
2025-03-19T08:00:00+00:00,2025-03-19,13:30:00,1742371200,0.87731,0.88004,0.87696,0.87888,5744,0,0
2025-03-19T12:00:00+00:00,2025-03-19,17:30:00,1742385600,0.87886,0.88091,0.87799,0.88004,5860,0,0
2025-03-19T16:00:00+00:00,2025-03-19,21:30:00,1742400000,0.88004,0.88092,0.87696,0.87799,7941,0,0
2025-03-19T20:00:00+00:00,2025-03-20,01:30:00,1742414400,0.87801,0.87812,0.87651,0.87655,2715,0,0
2025-03-20T00:00:00+00:00,2025-03-20,05:30:00,1742428800,0.87655,0.87706,0.87558,0.87606,4924,0,0
2025-03-20T04:00:00+00:00,2025-03-20,09:30:00,1742443200,0.87606,0.8775,0.87591,0.87734,4616,0,0
2025-03-20T08:00:00+00:00,2025-03-20,13:30:00,1742457600,0.87734,0.88276,0.87637,0.88211,10756,0,0
2025-03-20T12:00:00+00:00,2025-03-20,17:30:00,1742472000,0.88212,0.88428,0.88193,0.88269,8101,0,0
2025-03-20T16:00:00+00:00,2025-03-20,21:30:00,1742486400,0.88269,0.88314,0.88136,0.88205,4110,0,0
2025-03-20T20:00:00+00:00,2025-03-21,01:30:00,1742500800,0.88206,0.88223,0.88136,0.88176,2534,0,0
2025-03-21T00:00:00+00:00,2025-03-21,05:30:00,1742515200,0.88175,0.88357,0.8815,0.88346,3048,0,0
2025-03-21T04:00:00+00:00,2025-03-21,09:30:00,1742529600,0.88346,0.884,0.88278,0.88339,3443,0,0
2025-03-21T08:00:00+00:00,2025-03-21,13:30:00,1742544000,0.88339,0.884,0.88026,0.88033,5724,0,0
2025-03-21T12:00:00+00:00,2025-03-21,17:30:00,1742558400,0.88033,0.88365,0.87968,0.88337,7930,0,0
2025-03-21T16:00:00+00:00,2025-03-21,21:30:00,1742572800,0.88337,0.88358,0.88258,0.88324,4383,0,0
2025-03-21T20:00:00+00:00,2025-03-22,01:30:00,1742587200,0.88321,0.88346,0.88283,0.88318,934,0,0
2025-03-23T20:00:00+00:00,2025-03-24,01:30:00,1742760000,0.88265,0.88347,0.88216,0.88293,1649,0,0
2025-03-24T00:00:00+00:00,2025-03-24,05:30:00,1742774400,0.88293,0.88393,0.88277,0.88384,2903,0,0
2025-03-24T04:00:00+00:00,2025-03-24,09:30:00,1742788800,0.88384,0.88396,0.88235,0.88236,3305,0,0
2025-03-24T08:00:00+00:00,2025-03-24,13:30:00,1742803200,0.88236,0.88298,0.87999,0.88137,5774,0,0
2025-03-24T12:00:00+00:00,2025-03-24,17:30:00,1742817600,0.88137,0.88457,0.88122,0.88421,7397,0,0
2025-03-24T16:00:00+00:00,2025-03-24,21:30:00,1742832000,0.88421,0.88421,0.88288,0.88309,4426,0,0
2025-03-24T20:00:00+00:00,2025-03-25,01:30:00,1742846400,0.8831,0.88322,0.88263,0.8828,2156,0,0
2025-03-25T00:00:00+00:00,2025-03-25,05:30:00,1742860800,0.8828,0.8835,0.8827,0.88301,2566,0,0
2025-03-25T04:00:00+00:00,2025-03-25,09:30:00,1742875200,0.883,0.88488,0.88263,0.88467,2915,0,0
2025-03-25T08:00:00+00:00,2025-03-25,13:30:00,1742889600,0.88469,0.88474,0.88146,0.88212,5617,0,0
2025-03-25T12:00:00+00:00,2025-03-25,17:30:00,1742904000,0.88213,0.88213,0.88008,0.88194,7174,0,0
2025-03-25T16:00:00+00:00,2025-03-25,21:30:00,1742918400,0.88193,0.88276,0.88112,0.88237,3467,0,0
2025-03-25T20:00:00+00:00,2025-03-26,01:30:00,1742932800,0.88236,0.88279,0.8823,0.88262,1792,0,0
2025-03-26T00:00:00+00:00,2025-03-26,05:30:00,1742947200,0.88261,0.8837,0.88255,0.88348,2748,0,0
2025-03-26T04:00:00+00:00,2025-03-26,09:30:00,1742961600,0.88347,0.88419,0.88339,0.88363,3282,0,0
2025-03-26T08:00:00+00:00,2025-03-26,13:30:00,1742976000,0.88363,0.88403,0.88292,0.884,4919,0,0
2025-03-26T12:00:00+00:00,2025-03-26,17:30:00,1742990400,0.884,0.88474,0.8832,0.88389,7344,0,0
2025-03-26T16:00:00+00:00,2025-03-26,21:30:00,1743004800,0.88388,0.88508,0.88312,0.88452,4502,0,0
2025-03-26T20:00:00+00:00,2025-03-27,01:30:00,1743019200,0.88451,0.88488,0.88374,0.88426,3172,0,0
2025-03-27T00:00:00+00:00,2025-03-27,05:30:00,1743033600,0.88425,0.88425,0.88236,0.88254,3156,0,0
2025-03-27T04:00:00+00:00,2025-03-27,09:30:00,1743048000,0.88254,0.88477,0.88201,0.88406,3910,0,0
2025-03-27T08:00:00+00:00,2025-03-27,13:30:00,1743062400,0.88407,0.88466,0.88346,0.88371,5812,0,0
2025-03-27T12:00:00+00:00,2025-03-27,17:30:00,1743076800,0.88369,0.88401,0.88039,0.88176,8793,0,0
2025-03-27T16:00:00+00:00,2025-03-27,21:30:00,1743091200,0.88176,0.88248,0.88141,0.88183,4345,0,0
2025-03-27T20:00:00+00:00,2025-03-28,01:30:00,1743105600,0.88183,0.88197,0.88136,0.88166,2895,0,0
2025-03-28T00:00:00+00:00,2025-03-28,05:30:00,1743120000,0.88166,0.88259,0.88166,0.88252,2353,0,0
2025-03-28T04:00:00+00:00,2025-03-28,09:30:00,1743134400,0.88252,0.8828,0.88124,0.88173,2883,0,0
2025-03-28T08:00:00+00:00,2025-03-28,13:30:00,1743148800,0.88172,0.88343,0.88113,0.88306,4509,0,0
2025-03-28T12:00:00+00:00,2025-03-28,17:30:00,1743163200,0.88307,0.88345,0.87996,0.88092,8893,0,0
2025-03-28T16:00:00+00:00,2025-03-28,21:30:00,1743177600,0.8809,0.8823,0.88063,0.88158,4523,0,0
2025-03-28T20:00:00+00:00,2025-03-29,01:30:00,1743192000,0.88159,0.88162,0.88066,0.8808,914,0,0
2025-03-30T20:00:00+00:00,2025-03-31,01:30:00,1743364800,0.87908,0.88152,0.8787,0.8809,2685,0,0
2025-03-31T00:00:00+00:00,2025-03-31,05:30:00,1743379200,0.88091,0.88094,0.87841,0.87893,3970,0,0
2025-03-31T04:00:00+00:00,2025-03-31,09:30:00,1743393600,0.87893,0.88088,0.87814,0.88083,5067,0,0
2025-03-31T08:00:00+00:00,2025-03-31,13:30:00,1743408000,0.88083,0.88189,0.88054,0.88114,5660,0,0
2025-03-31T12:00:00+00:00,2025-03-31,17:30:00,1743422400,0.88114,0.88532,0.88102,0.88439,8482,0,0
2025-03-31T16:00:00+00:00,2025-03-31,21:30:00,1743436800,0.88437,0.88553,0.8841,0.88455,4179,0,0
2025-03-31T20:00:00+00:00,2025-04-01,01:30:00,1743451200,0.88454,0.88479,0.88383,0.88395,2343,0,0
2025-04-01T00:00:00+00:00,2025-04-01,05:30:00,1743465600,0.88395,0.88395,0.88299,0.88299,2763,0,0
2025-04-01T04:00:00+00:00,2025-04-01,09:30:00,1743480000,0.88299,0.88438,0.88264,0.88305,4087,0,0
2025-04-01T08:00:00+00:00,2025-04-01,13:30:00,1743494400,0.88305,0.8831,0.88181,0.88268,5240,0,0
2025-04-01T12:00:00+00:00,2025-04-01,17:30:00,1743508800,0.88268,0.88383,0.8817,0.8827,7979,0,0
2025-04-01T16:00:00+00:00,2025-04-01,21:30:00,1743523200,0.8827,0.88422,0.88259,0.88389,3986,0,0
2025-04-01T20:00:00+00:00,2025-04-02,01:30:00,1743537600,0.8839,0.88402,0.88328,0.88374,2568,0,0
2025-04-02T00:00:00+00:00,2025-04-02,05:30:00,1743552000,0.88374,0.88427,0.88319,0.88344,2691,0,0
2025-04-02T04:00:00+00:00,2025-04-02,09:30:00,1743566400,0.88344,0.88482,0.88336,0.88459,3393,0,0
2025-04-02T08:00:00+00:00,2025-04-02,13:30:00,1743580800,0.88459,0.88487,0.88306,0.88333,4689,0,0
2025-04-02T12:00:00+00:00,2025-04-02,17:30:00,1743595200,0.88332,0.88399,0.88153,0.88191,8224,0,0
2025-04-02T16:00:00+00:00,2025-04-02,21:30:00,1743609600,0.88191,0.88383,0.88187,0.88274,4586,0,0
2025-04-02T20:00:00+00:00,2025-04-03,01:30:00,1743624000,0.88274,0.88403,0.87642,0.87693,15330,0,0
2025-04-03T00:00:00+00:00,2025-04-03,05:30:00,1743638400,0.87696,0.87907,0.87499,0.87573,10462,0,0
2025-04-03T04:00:00+00:00,2025-04-03,09:30:00,1743652800,0.87573,0.87616,0.86821,0.8684,12964,0,0
2025-04-03T08:00:00+00:00,2025-04-03,13:30:00,1743667200,0.86839,0.86915,0.85887,0.86037,16558,0,0
2025-04-03T12:00:00+00:00,2025-04-03,17:30:00,1743681600,0.86034,0.86087,0.85474,0.85904,21609,0,0
2025-04-03T16:00:00+00:00,2025-04-03,21:30:00,1743696000,0.85902,0.86186,0.85886,0.85942,10170,0,0
2025-04-03T20:00:00+00:00,2025-04-04,01:30:00,1743710400,0.85941,0.86009,0.85765,0.85924,4625,0,0
2025-04-04T00:00:00+00:00,2025-04-04,05:30:00,1743724800,0.85923,0.85966,0.85298,0.85321,7922,0,0
2025-04-04T04:00:00+00:00,2025-04-04,09:30:00,1743739200,0.8532,0.85614,0.85241,0.85523,11066,0,0
2025-04-04T08:00:00+00:00,2025-04-04,13:30:00,1743753600,0.85522,0.85706,0.84768,0.85069,21937,0,0
2025-04-04T12:00:00+00:00,2025-04-04,17:30:00,1743768000,0.85067,0.85767,0.84894,0.85474,32204,0,0
2025-04-04T16:00:00+00:00,2025-04-04,21:30:00,1743782400,0.85472,0.86257,0.85436,0.86185,17054,0,0
2025-04-04T20:00:00+00:00,2025-04-05,01:30:00,1743796800,0.86187,0.86233,0.86028,0.86076,2057,0,0
2025-04-06T20:00:00+00:00,2025-04-07,01:30:00,1743969600,0.85428,0.85597,0.84965,0.85169,10366,0,0
2025-04-07T00:00:00+00:00,2025-04-07,05:30:00,1743984000,0.85167,0.85841,0.85147,0.85591,14593,0,0
2025-04-07T04:00:00+00:00,2025-04-07,09:30:00,1743998400,0.85591,0.85638,0.84512,0.8481,19321,0,0
2025-04-07T08:00:00+00:00,2025-04-07,13:30:00,1744012800,0.8481,0.85558,0.84726,0.85541,22701,0,0
2025-04-07T12:00:00+00:00,2025-04-07,17:30:00,1744027200,0.85542,0.86741,0.85393,0.85991,43112,0,0
2025-04-07T16:00:00+00:00,2025-04-07,21:30:00,1744041600,0.85989,0.8607,0.85555,0.85794,18033,0,0
2025-04-07T20:00:00+00:00,2025-04-08,01:30:00,1744056000,0.85794,0.86057,0.85794,0.85977,6151,0,0
2025-04-08T00:00:00+00:00,2025-04-08,05:30:00,1744070400,0.85975,0.8601,0.85625,0.85686,9799,0,0
2025-04-08T04:00:00+00:00,2025-04-08,09:30:00,1744084800,0.85687,0.86016,0.85438,0.86001,10931,0,0
2025-04-08T08:00:00+00:00,2025-04-08,13:30:00,1744099200,0.86003,0.86014,0.85443,0.85454,11938,0,0
2025-04-08T12:00:00+00:00,2025-04-08,17:30:00,1744113600,0.85453,0.85857,0.85212,0.85616,18180,0,0
2025-04-08T16:00:00+00:00,2025-04-08,21:30:00,1744128000,0.85616,0.85739,0.8456,0.84806,18624,0,0
2025-04-08T20:00:00+00:00,2025-04-09,01:30:00,1744142400,0.84805,0.84934,0.84492,0.84607,8922,0,0
2025-04-09T00:00:00+00:00,2025-04-09,05:30:00,1744156800,0.84608,0.84633,0.8422,0.84391,14977,0,0
2025-04-09T04:00:00+00:00,2025-04-09,09:30:00,1744171200,0.84391,0.84597,0.83814,0.84559,23475,0,0
2025-04-09T08:00:00+00:00,2025-04-09,13:30:00,1744185600,0.84557,0.84666,0.83848,0.84056,20868,0,0
2025-04-09T12:00:00+00:00,2025-04-09,17:30:00,1744200000,0.84056,0.8424,0.83596,0.84141,22480,0,0
2025-04-09T16:00:00+00:00,2025-04-09,21:30:00,1744214400,0.84139,0.85832,0.84021,0.85709,36470,0,0
2025-04-09T20:00:00+00:00,2025-04-10,01:30:00,1744228800,0.85709,0.85794,0.85437,0.85558,8427,0,0
2025-04-10T00:00:00+00:00,2025-04-10,05:30:00,1744243200,0.85556,0.85581,0.85149,0.85208,11448,0,0
2025-04-10T04:00:00+00:00,2025-04-10,09:30:00,1744257600,0.85208,0.85749,0.84953,0.84997,13116,0,0
2025-04-10T08:00:00+00:00,2025-04-10,13:30:00,1744272000,0.84995,0.85037,0.83901,0.83982,16062,0,0
2025-04-10T12:00:00+00:00,2025-04-10,17:30:00,1744286400,0.83984,0.84004,0.82497,0.8283,24693,0,0
2025-04-10T16:00:00+00:00,2025-04-10,21:30:00,1744300800,0.82829,0.8294,0.82313,0.82457,24116,0,0
2025-04-10T20:00:00+00:00,2025-04-11,01:30:00,1744315200,0.82459,0.82568,0.8205,0.82091,9239,0,0
2025-04-11T00:00:00+00:00,2025-04-11,05:30:00,1744329600,0.82093,0.82151,0.81411,0.81724,26587,0,0
2025-04-11T04:00:00+00:00,2025-04-11,09:30:00,1744344000,0.81724,0.82573,0.81573,0.81605,22959,0,0
2025-04-11T08:00:00+00:00,2025-04-11,13:30:00,1744358400,0.81607,0.82127,0.81107,0.81571,33303,0,0
2025-04-11T12:00:00+00:00,2025-04-11,17:30:00,1744372800,0.81574,0.81731,0.80997,0.81539,35080,0,0
2025-04-11T16:00:00+00:00,2025-04-11,21:30:00,1744387200,0.81542,0.81937,0.81464,0.81568,14860,0,0
2025-04-11T20:00:00+00:00,2025-04-12,01:30:00,1744401600,0.81569,0.81615,0.81465,0.81517,2255,0,0
2025-04-13T20:00:00+00:00,2025-04-14,01:30:00,1744574400,0.81777,0.81942,0.81691,0.81818,4732,0,0
2025-04-14T00:00:00+00:00,2025-04-14,05:30:00,1744588800,0.81819,0.81863,0.81351,0.81716,14191,0,0
2025-04-14T04:00:00+00:00,2025-04-14,09:30:00,1744603200,0.81716,0.81906,0.81212,0.81803,15748,0,0
2025-04-14T08:00:00+00:00,2025-04-14,13:30:00,1744617600,0.81802,0.82074,0.81541,0.81957,13659,0,0
2025-04-14T12:00:00+00:00,2025-04-14,17:30:00,1744632000,0.81957,0.82685,0.8119,0.81401,21552,0,0
2025-04-14T16:00:00+00:00,2025-04-14,21:30:00,1744646400,0.814,0.81658,0.81215,0.8136,11417,0,0
2025-04-14T20:00:00+00:00,2025-04-15,01:30:00,1744660800,0.8136,0.8165,0.81357,0.81629,5600,0,0
2025-04-15T00:00:00+00:00,2025-04-15,05:30:00,1744675200,0.81631,0.81809,0.81612,0.81697,6053,0,0
2025-04-15T04:00:00+00:00,2025-04-15,09:30:00,1744689600,0.81697,0.81885,0.81498,0.81579,8621,0,0
2025-04-15T08:00:00+00:00,2025-04-15,13:30:00,1744704000,0.81579,0.81705,0.81323,0.81539,11896,0,0
2025-04-15T12:00:00+00:00,2025-04-15,17:30:00,1744718400,0.8154,0.8212,0.81496,0.82093,16726,0,0
2025-04-15T16:00:00+00:00,2025-04-15,21:30:00,1744732800,0.82094,0.82308,0.8203,0.82297,7040,0,0
2025-04-15T20:00:00+00:00,2025-04-16,01:30:00,1744747200,0.82294,0.82392,0.82017,0.82061,5709,0,0
2025-04-16T00:00:00+00:00,2025-04-16,05:30:00,1744761600,0.82059,0.82079,0.81539,0.81546,9452,0,0
2025-04-16T04:00:00+00:00,2025-04-16,09:30:00,1744776000,0.81547,0.81741,0.81288,0.81371,12177,0,0
2025-04-16T08:00:00+00:00,2025-04-16,13:30:00,1744790400,0.8137,0.82008,0.81341,0.81574,16742,0,0
2025-04-16T12:00:00+00:00,2025-04-16,17:30:00,1744804800,0.81574,0.81711,0.81309,0.81425,15813,0,0
2025-04-16T16:00:00+00:00,2025-04-16,21:30:00,1744819200,0.81425,0.81667,0.81211,0.81369,10920,0,0
2025-04-16T20:00:00+00:00,2025-04-17,01:30:00,1744833600,0.81369,0.81402,0.8127,0.81392,5673,0,0
2025-04-17T00:00:00+00:00,2025-04-17,05:30:00,1744848000,0.81393,0.81828,0.81373,0.81707,8962,0,0
2025-04-17T04:00:00+00:00,2025-04-17,09:30:00,1744862400,0.81707,0.81998,0.81629,0.81783,9139,0,0
2025-04-17T08:00:00+00:00,2025-04-17,13:30:00,1744876800,0.81783,0.81874,0.81603,0.81712,9945,0,0
2025-04-17T12:00:00+00:00,2025-04-17,17:30:00,1744891200,0.81712,0.82117,0.81597,0.82037,17046,0,0
2025-04-17T16:00:00+00:00,2025-04-17,21:30:00,1744905600,0.82036,0.82313,0.81834,0.81916,9428,0,0
2025-04-17T20:00:00+00:00,2025-04-18,01:30:00,1744920000,0.81914,0.81962,0.81797,0.81906,2847,0,0
2025-04-18T00:00:00+00:00,2025-04-18,05:30:00,1744934400,0.81906,0.8192,0.8174,0.81797,12540,32,0
2025-04-18T04:00:00+00:00,2025-04-18,09:30:00,1744948800,0.818,0.81967,0.81775,0.81809,12337,32,0
2025-04-18T08:00:00+00:00,2025-04-18,13:30:00,1744963200,0.81808,0.81906,0.81779,0.81792,13735,32,0
2025-04-18T12:00:00+00:00,2025-04-18,17:30:00,1744977600,0.81794,0.81839,0.81678,0.81718,9978,32,0
2025-04-18T16:00:00+00:00,2025-04-18,21:30:00,1744992000,0.81723,0.81744,0.81604,0.81657,7262,57,0
2025-04-18T20:00:00+00:00,2025-04-19,01:30:00,1745006400,0.81657,0.81669,0.81561,0.81617,3891,57,0
2025-04-20T20:00:00+00:00,2025-04-21,01:30:00,1745179200,0.81641,0.81694,0.81206,0.81252,5348,0,0
2025-04-21T00:00:00+00:00,2025-04-21,05:30:00,1745193600,0.81252,0.81257,0.80692,0.80873,9959,0,0
2025-04-21T04:00:00+00:00,2025-04-21,09:30:00,1745208000,0.80874,0.80995,0.80419,0.8045,8352,0,0
2025-04-21T08:00:00+00:00,2025-04-21,13:30:00,1745222400,0.8045,0.80804,0.80394,0.80557,10803,0,0
2025-04-21T12:00:00+00:00,2025-04-21,17:30:00,1745236800,0.80559,0.80843,0.80463,0.80692,13721,0,0
2025-04-21T16:00:00+00:00,2025-04-21,21:30:00,1745251200,0.80692,0.80849,0.80653,0.80848,6800,0,0
2025-04-21T20:00:00+00:00,2025-04-22,01:30:00,1745265600,0.80847,0.80935,0.8079,0.80913,4421,0,0
2025-04-22T00:00:00+00:00,2025-04-22,05:30:00,1745280000,0.80913,0.81249,0.80724,0.80762,8691,0,0
2025-04-22T04:00:00+00:00,2025-04-22,09:30:00,1745294400,0.80762,0.81172,0.80671,0.81059,13057,0,0
2025-04-22T08:00:00+00:00,2025-04-22,13:30:00,1745308800,0.81057,0.81288,0.80881,0.8111,12300,0,0
2025-04-22T12:00:00+00:00,2025-04-22,17:30:00,1745323200,0.81108,0.81512,0.81101,0.81506,14311,0,0
2025-04-22T16:00:00+00:00,2025-04-22,21:30:00,1745337600,0.81505,0.81914,0.81415,0.81857,11981,0,0
2025-04-22T20:00:00+00:00,2025-04-23,01:30:00,1745352000,0.81855,0.82873,0.81828,0.82618,11874,0,0
2025-04-23T00:00:00+00:00,2025-04-23,05:30:00,1745366400,0.8262,0.82634,0.82067,0.82397,11872,0,0
2025-04-23T04:00:00+00:00,2025-04-23,09:30:00,1745380800,0.82397,0.82446,0.82057,0.82252,12799,0,0
2025-04-23T08:00:00+00:00,2025-04-23,13:30:00,1745395200,0.82251,0.82488,0.81974,0.8224,12314,0,0
2025-04-23T12:00:00+00:00,2025-04-23,17:30:00,1745409600,0.8224,0.82848,0.82081,0.82714,25815,0,0
2025-04-23T16:00:00+00:00,2025-04-23,21:30:00,1745424000,0.82712,0.83024,0.82657,0.83004,10638,0,0
2025-04-23T20:00:00+00:00,2025-04-24,01:30:00,1745438400,0.83002,0.83113,0.82825,0.82969,5194,0,0
2025-04-24T00:00:00+00:00,2025-04-24,05:30:00,1745452800,0.82969,0.83021,0.82762,0.82888,7679,0,0
2025-04-24T04:00:00+00:00,2025-04-24,09:30:00,1745467200,0.82887,0.82922,0.82591,0.82681,8284,0,0
2025-04-24T08:00:00+00:00,2025-04-24,13:30:00,1745481600,0.82682,0.8276,0.82399,0.82584,11111,0,0
2025-04-24T12:00:00+00:00,2025-04-24,17:30:00,1745496000,0.82586,0.82848,0.82513,0.82728,13239,0,0
2025-04-24T16:00:00+00:00,2025-04-24,21:30:00,1745510400,0.82728,0.82881,0.82654,0.82738,6787,0,0
2025-04-24T20:00:00+00:00,2025-04-25,01:30:00,1745524800,0.8274,0.82883,0.82629,0.82855,4174,0,0
2025-04-25T00:00:00+00:00,2025-04-25,05:30:00,1745539200,0.82854,0.83229,0.82851,0.83216,8033,0,0
2025-04-25T04:00:00+00:00,2025-04-25,09:30:00,1745553600,0.83217,0.83348,0.82963,0.83076,12009,0,0
2025-04-25T08:00:00+00:00,2025-04-25,13:30:00,1745568000,0.83077,0.83147,0.82824,0.82971,10798,0,0
2025-04-25T12:00:00+00:00,2025-04-25,17:30:00,1745582400,0.82973,0.83143,0.82842,0.82856,10922,0,0
2025-04-25T16:00:00+00:00,2025-04-25,21:30:00,1745596800,0.82856,0.82943,0.82667,0.82799,5432,0,0
2025-04-25T20:00:00+00:00,2025-04-26,01:30:00,1745611200,0.82797,0.82857,0.82765,0.82775,1298,0,0
2025-04-27T20:00:00+00:00,2025-04-28,01:30:00,1745784000,0.82819,0.82923,0.82719,0.82853,2890,0,0
2025-04-28T00:00:00+00:00,2025-04-28,05:30:00,1745798400,0.82854,0.82932,0.82725,0.82831,5649,0,0
2025-04-28T04:00:00+00:00,2025-04-28,09:30:00,1745812800,0.82832,0.83163,0.8268,0.83137,7406,0,0
2025-04-28T08:00:00+00:00,2025-04-28,13:30:00,1745827200,0.83136,0.83191,0.82861,0.82976,8617,0,0
2025-04-28T12:00:00+00:00,2025-04-28,17:30:00,1745841600,0.82976,0.83068,0.82433,0.82551,11505,0,0
2025-04-28T16:00:00+00:00,2025-04-28,21:30:00,1745856000,0.82551,0.82551,0.82001,0.82063,8375,0,0
2025-04-28T20:00:00+00:00,2025-04-29,01:30:00,1745870400,0.82061,0.82173,0.81982,0.82131,3371,0,0
2025-04-29T00:00:00+00:00,2025-04-29,05:30:00,1745884800,0.82131,0.82393,0.82082,0.82383,6526,0,0
2025-04-29T04:00:00+00:00,2025-04-29,09:30:00,1745899200,0.82383,0.82478,0.82214,0.8234,8336,0,0
2025-04-29T08:00:00+00:00,2025-04-29,13:30:00,1745913600,0.82338,0.82642,0.82298,0.82571,8275,0,0
2025-04-29T12:00:00+00:00,2025-04-29,17:30:00,1745928000,0.82571,0.82592,0.82173,0.82411,13261,0,0
2025-04-29T16:00:00+00:00,2025-04-29,21:30:00,1745942400,0.82411,0.82488,0.82213,0.82413,7346,0,0
2025-04-29T20:00:00+00:00,2025-04-30,01:30:00,1745956800,0.82413,0.82417,0.82322,0.82331,3833,0,0
2025-04-30T00:00:00+00:00,2025-04-30,05:30:00,1745971200,0.82329,0.82462,0.82269,0.82393,5028,0,0
2025-04-30T04:00:00+00:00,2025-04-30,09:30:00,1745985600,0.82393,0.82546,0.82309,0.82494,6151,0,0
2025-04-30T08:00:00+00:00,2025-04-30,13:30:00,1746000000,0.82493,0.82631,0.8244,0.82537,7427,0,0
2025-04-30T12:00:00+00:00,2025-04-30,17:30:00,1746014400,0.82538,0.82572,0.82141,0.82278,16741,0,0
2025-04-30T16:00:00+00:00,2025-04-30,21:30:00,1746028800,0.82277,0.82533,0.82189,0.82524,8070,0,0
2025-04-30T20:00:00+00:00,2025-05-01,01:30:00,1746043200,0.82526,0.82731,0.82507,0.82615,3976,0,0
2025-05-01T00:00:00+00:00,2025-05-01,05:30:00,1746057600,0.82615,0.82789,0.82543,0.82685,5008,0,0
2025-05-01T04:00:00+00:00,2025-05-01,09:30:00,1746072000,0.82685,0.82892,0.82656,0.82725,7639,0,0
2025-05-01T08:00:00+00:00,2025-05-01,13:30:00,1746086400,0.82725,0.82826,0.82564,0.82798,7489,0,0
2025-05-01T12:00:00+00:00,2025-05-01,17:30:00,1746100800,0.82797,0.83333,0.82661,0.83204,14298,0,0
2025-05-01T16:00:00+00:00,2025-05-01,21:30:00,1746115200,0.83205,0.83245,0.82921,0.82966,6329,0,0
2025-05-01T20:00:00+00:00,2025-05-02,01:30:00,1746129600,0.82967,0.82991,0.82873,0.82901,3595,0,0
2025-05-02T00:00:00+00:00,2025-05-02,05:30:00,1746144000,0.82901,0.83183,0.82833,0.82842,5669,0,0
2025-05-02T04:00:00+00:00,2025-05-02,09:30:00,1746158400,0.82841,0.82959,0.82617,0.82732,7828,0,0
2025-05-02T08:00:00+00:00,2025-05-02,13:30:00,1746172800,0.82732,0.82782,0.82058,0.82348,10231,0,0
2025-05-02T12:00:00+00:00,2025-05-02,17:30:00,1746187200,0.82347,0.82763,0.82273,0.82625,17604,0,0
2025-05-02T16:00:00+00:00,2025-05-02,21:30:00,1746201600,0.82625,0.82807,0.82614,0.82646,9072,0,0
2025-05-02T20:00:00+00:00,2025-05-03,01:30:00,1746216000,0.82646,0.82697,0.82628,0.82677,1374,0,0
2025-05-04T20:00:00+00:00,2025-05-05,01:30:00,1746388800,0.82571,0.82618,0.82385,0.82428,2765,0,0
2025-05-05T00:00:00+00:00,2025-05-05,05:30:00,1746403200,0.82428,0.8248,0.82199,0.82355,5419,0,0
2025-05-05T04:00:00+00:00,2025-05-05,09:30:00,1746417600,0.82355,0.8275,0.8227,0.82653,8838,0,0
2025-05-05T08:00:00+00:00,2025-05-05,13:30:00,1746432000,0.82654,0.82688,0.82238,0.8233,8914,0,0
2025-05-05T12:00:00+00:00,2025-05-05,17:30:00,1746446400,0.82331,0.82401,0.82143,0.82393,10882,0,0
2025-05-05T16:00:00+00:00,2025-05-05,21:30:00,1746460800,0.82393,0.82481,0.82229,0.82238,5206,0,0
2025-05-05T20:00:00+00:00,2025-05-06,01:30:00,1746475200,0.82239,0.82249,0.82161,0.82223,3450,0,0
2025-05-06T00:00:00+00:00,2025-05-06,05:30:00,1746489600,0.82222,0.82539,0.82222,0.82314,7073,0,0
2025-05-06T04:00:00+00:00,2025-05-06,09:30:00,1746504000,0.82317,0.82501,0.82223,0.82396,7736,0,0
2025-05-06T08:00:00+00:00,2025-05-06,13:30:00,1746518400,0.82398,0.82655,0.82244,0.82466,10282,0,0
2025-05-06T12:00:00+00:00,2025-05-06,17:30:00,1746532800,0.82465,0.82583,0.82262,0.82428,10739,0,0
2025-05-06T16:00:00+00:00,2025-05-06,21:30:00,1746547200,0.82425,0.8254,0.82132,0.82154,6055,0,0
2025-05-06T20:00:00+00:00,2025-05-07,01:30:00,1746561600,0.82155,0.82662,0.82141,0.82593,6206,0,0
2025-05-07T00:00:00+00:00,2025-05-07,05:30:00,1746576000,0.82593,0.82722,0.82477,0.82545,8878,0,0
2025-05-07T04:00:00+00:00,2025-05-07,09:30:00,1746590400,0.82545,0.82572,0.82312,0.82549,7446,0,0
2025-05-07T08:00:00+00:00,2025-05-07,13:30:00,1746604800,0.82549,0.82625,0.82259,0.82494,7527,0,0
2025-05-07T12:00:00+00:00,2025-05-07,17:30:00,1746619200,0.82493,0.82494,0.81943,0.82148,9842,0,0
2025-05-07T16:00:00+00:00,2025-05-07,21:30:00,1746633600,0.82149,0.8241,0.81858,0.82333,12565,0,0
2025-05-07T20:00:00+00:00,2025-05-08,01:30:00,1746648000,0.82333,0.82441,0.82313,0.82414,3752,0,0
2025-05-08T00:00:00+00:00,2025-05-08,05:30:00,1746662400,0.82415,0.82429,0.8224,0.82323,6829,0,0
2025-05-08T04:00:00+00:00,2025-05-08,09:30:00,1746676800,0.82323,0.82918,0.82305,0.82735,8590,0,0
2025-05-08T08:00:00+00:00,2025-05-08,13:30:00,1746691200,0.82732,0.82801,0.8249,0.82511,9148,0,0
2025-05-08T12:00:00+00:00,2025-05-08,17:30:00,1746705600,0.82511,0.82988,0.82319,0.82921,15621,0,0
2025-05-08T16:00:00+00:00,2025-05-08,21:30:00,1746720000,0.82919,0.83322,0.82888,0.83121,8930,0,0
2025-05-08T20:00:00+00:00,2025-05-09,01:30:00,1746734400,0.83123,0.83205,0.83076,0.83168,3615,0,0
2025-05-09T00:00:00+00:00,2025-05-09,05:30:00,1746748800,0.8317,0.83412,0.83078,0.83165,6822,0,0
2025-05-09T04:00:00+00:00,2025-05-09,09:30:00,1746763200,0.83165,0.83212,0.82993,0.83061,6777,0,0
2025-05-09T08:00:00+00:00,2025-05-09,13:30:00,1746777600,0.83059,0.83252,0.82991,0.83064,7427,0,0
2025-05-09T12:00:00+00:00,2025-05-09,17:30:00,1746792000,0.83062,0.83172,0.82697,0.82981,9824,0,0
2025-05-09T16:00:00+00:00,2025-05-09,21:30:00,1746806400,0.82981,0.83161,0.82937,0.83094,4565,0,0
2025-05-09T20:00:00+00:00,2025-05-10,01:30:00,1746820800,0.83093,0.83173,0.83086,0.83141,1066,0,0
2025-05-11T20:00:00+00:00,2025-05-12,01:30:00,1746993600,0.83348,0.83465,0.83333,0.83402,3293,0,0
2025-05-12T00:00:00+00:00,2025-05-12,05:30:00,1747008000,0.83403,0.83502,0.83312,0.83342,6604,0,0
2025-05-12T04:00:00+00:00,2025-05-12,09:30:00,1747022400,0.83342,0.84579,0.83325,0.84538,14690,0,0
2025-05-12T08:00:00+00:00,2025-05-12,13:30:00,1747036800,0.8454,0.84754,0.84131,0.84218,18099,0,0
2025-05-12T12:00:00+00:00,2025-05-12,17:30:00,1747051200,0.84218,0.84428,0.84102,0.84276,14583,0,0
2025-05-12T16:00:00+00:00,2025-05-12,21:30:00,1747065600,0.84275,0.8476,0.84224,0.84528,7164,0,0
2025-05-12T20:00:00+00:00,2025-05-13,01:30:00,1747080000,0.84529,0.84579,0.84451,0.84489,3705,0,0
2025-05-13T00:00:00+00:00,2025-05-13,05:30:00,1747094400,0.84489,0.84499,0.84278,0.84283,6009,0,0
2025-05-13T04:00:00+00:00,2025-05-13,09:30:00,1747108800,0.84282,0.84414,0.84066,0.84066,7186,0,0
2025-05-13T08:00:00+00:00,2025-05-13,13:30:00,1747123200,0.84067,0.84243,0.83956,0.84196,7577,0,0
2025-05-13T12:00:00+00:00,2025-05-13,17:30:00,1747137600,0.84195,0.84345,0.8405,0.84124,13227,0,0
2025-05-13T16:00:00+00:00,2025-05-13,21:30:00,1747152000,0.84123,0.84255,0.83942,0.83955,5841,0,0
2025-05-13T20:00:00+00:00,2025-05-14,01:30:00,1747166400,0.83954,0.83982,0.83868,0.83951,4148,0,0
2025-05-14T00:00:00+00:00,2025-05-14,05:30:00,1747180800,0.83951,0.84019,0.8381,0.83853,6188,0,0
2025-05-14T04:00:00+00:00,2025-05-14,09:30:00,1747195200,0.83853,0.83998,0.83787,0.83827,7138,0,0
2025-05-14T08:00:00+00:00,2025-05-14,13:30:00,1747209600,0.83825,0.83828,0.83247,0.83692,14907,0,0
2025-05-14T12:00:00+00:00,2025-05-14,17:30:00,1747224000,0.83693,0.8406,0.83606,0.83976,13719,0,0
2025-05-14T16:00:00+00:00,2025-05-14,21:30:00,1747238400,0.83976,0.84357,0.83937,0.84311,8635,0,0
2025-05-14T20:00:00+00:00,2025-05-15,01:30:00,1747252800,0.84313,0.84334,0.84085,0.84137,3382,0,0
2025-05-15T00:00:00+00:00,2025-05-15,05:30:00,1747267200,0.84136,0.84183,0.839,0.83942,6204,0,0
2025-05-15T04:00:00+00:00,2025-05-15,09:30:00,1747281600,0.83942,0.84065,0.83703,0.83799,8245,0,0
2025-05-15T08:00:00+00:00,2025-05-15,13:30:00,1747296000,0.83799,0.83927,0.83596,0.83891,8647,0,0
2025-05-15T12:00:00+00:00,2025-05-15,17:30:00,1747310400,0.83889,0.83896,0.83463,0.83599,14477,0,0
2025-05-15T16:00:00+00:00,2025-05-15,21:30:00,1747324800,0.836,0.83736,0.83508,0.83551,5799,0,0
2025-05-15T20:00:00+00:00,2025-05-16,01:30:00,1747339200,0.83551,0.83606,0.83483,0.83491,3280,0,0
2025-05-16T00:00:00+00:00,2025-05-16,05:30:00,1747353600,0.83491,0.83497,0.83284,0.83416,5968,0,0
2025-05-16T04:00:00+00:00,2025-05-16,09:30:00,1747368000,0.83416,0.83483,0.8327,0.83316,6951,0,0
2025-05-16T08:00:00+00:00,2025-05-16,13:30:00,1747382400,0.8332,0.838,0.8332,0.83782,7727,0,0
2025-05-16T12:00:00+00:00,2025-05-16,17:30:00,1747396800,0.83782,0.83989,0.83652,0.83965,10076,0,0
2025-05-16T16:00:00+00:00,2025-05-16,21:30:00,1747411200,0.83965,0.8401,0.83863,0.83915,5153,0,0
2025-05-16T20:00:00+00:00,2025-05-17,01:30:00,1747425600,0.83916,0.83916,0.83706,0.83759,1409,0,0
2025-05-18T20:00:00+00:00,2025-05-19,01:30:00,1747598400,0.83656,0.83732,0.83432,0.83532,3447,0,0
2025-05-19T00:00:00+00:00,2025-05-19,05:30:00,1747612800,0.83534,0.83654,0.83452,0.83602,8243,0,0
2025-05-19T04:00:00+00:00,2025-05-19,09:30:00,1747627200,0.83603,0.83657,0.83281,0.83361,8739,0,0
2025-05-19T08:00:00+00:00,2025-05-19,13:30:00,1747641600,0.8336,0.83432,0.83187,0.83347,9758,0,0
2025-05-19T12:00:00+00:00,2025-05-19,17:30:00,1747656000,0.83348,0.83468,0.83194,0.8342,11723,0,0
2025-05-19T16:00:00+00:00,2025-05-19,21:30:00,1747670400,0.83419,0.83547,0.83415,0.83433,5556,0,0
2025-05-19T20:00:00+00:00,2025-05-20,01:30:00,1747684800,0.83433,0.83532,0.83411,0.83511,2940,0,0
2025-05-20T00:00:00+00:00,2025-05-20,05:30:00,1747699200,0.83511,0.83626,0.83348,0.83424,6394,0,0
2025-05-20T04:00:00+00:00,2025-05-20,09:30:00,1747713600,0.83424,0.83463,0.83096,0.8316,8155,0,0
2025-05-20T08:00:00+00:00,2025-05-20,13:30:00,1747728000,0.8316,0.83402,0.8315,0.83294,7508,0,0
2025-05-20T12:00:00+00:00,2025-05-20,17:30:00,1747742400,0.83295,0.83478,0.83076,0.83212,10418,0,0
2025-05-20T16:00:00+00:00,2025-05-20,21:30:00,1747756800,0.83212,0.83289,0.8293,0.82962,5487,0,0
2025-05-20T20:00:00+00:00,2025-05-21,01:30:00,1747771200,0.8296,0.82978,0.8259,0.82676,3675,0,0
2025-05-21T00:00:00+00:00,2025-05-21,05:30:00,1747785600,0.82677,0.82688,0.82207,0.82265,8072,0,0
2025-05-21T04:00:00+00:00,2025-05-21,09:30:00,1747800000,0.82267,0.82489,0.82097,0.82417,9801,0,0
2025-05-21T08:00:00+00:00,2025-05-21,13:30:00,1747814400,0.82416,0.82631,0.82257,0.82559,10256,0,0
2025-05-21T12:00:00+00:00,2025-05-21,17:30:00,1747828800,0.8256,0.82659,0.82384,0.82506,12689,0,0
2025-05-21T16:00:00+00:00,2025-05-21,21:30:00,1747843200,0.82507,0.82589,0.82273,0.82585,8432,0,0
2025-05-21T20:00:00+00:00,2025-05-22,01:30:00,1747857600,0.82586,0.82649,0.8247,0.82492,4065,0,0
2025-05-22T00:00:00+00:00,2025-05-22,05:30:00,1747872000,0.82492,0.82565,0.82344,0.82455,7723,0,0
2025-05-22T04:00:00+00:00,2025-05-22,09:30:00,1747886400,0.82456,0.82611,0.82439,0.82462,8046,0,0
2025-05-22T08:00:00+00:00,2025-05-22,13:30:00,1747900800,0.82462,0.82717,0.82423,0.82594,8833,0,0
2025-05-22T12:00:00+00:00,2025-05-22,17:30:00,1747915200,0.82594,0.82999,0.82533,0.82918,12436,0,0
2025-05-22T16:00:00+00:00,2025-05-22,21:30:00,1747929600,0.8292,0.83065,0.82823,0.82872,5709,0,0
2025-05-22T20:00:00+00:00,2025-05-23,01:30:00,1747944000,0.82872,0.82901,0.82793,0.8284,3253,0,0
2025-05-23T00:00:00+00:00,2025-05-23,05:30:00,1747958400,0.82838,0.82887,0.82626,0.82664,5836,0,0
2025-05-23T04:00:00+00:00,2025-05-23,09:30:00,1747972800,0.82664,0.82722,0.82548,0.82584,6083,0,0
2025-05-23T08:00:00+00:00,2025-05-23,13:30:00,1747987200,0.82584,0.82704,0.82112,0.82283,13084,0,0
2025-05-23T12:00:00+00:00,2025-05-23,17:30:00,1748001600,0.82285,0.82443,0.82104,0.8215,16676,0,0
2025-05-23T16:00:00+00:00,2025-05-23,21:30:00,1748016000,0.82149,0.82231,0.82047,0.82085,5307,0,0
2025-05-23T20:00:00+00:00,2025-05-24,01:30:00,1748030400,0.82085,0.82133,0.82051,0.82127,1211,0,0
2025-05-25T20:00:00+00:00,2025-05-26,01:30:00,1748203200,0.82029,0.82282,0.82023,0.82245,3407,0,0
2025-05-26T00:00:00+00:00,2025-05-26,05:30:00,1748217600,0.82243,0.82274,0.81928,0.82026,7127,0,0
2025-05-26T04:00:00+00:00,2025-05-26,09:30:00,1748232000,0.82027,0.82146,0.81975,0.82142,7062,0,0
2025-05-26T08:00:00+00:00,2025-05-26,13:30:00,1748246400,0.8214,0.8226,0.8207,0.82243,5831,0,0
2025-05-26T12:00:00+00:00,2025-05-26,17:30:00,1748260800,0.82243,0.82329,0.81991,0.82056,5530,0,0
2025-05-26T16:00:00+00:00,2025-05-26,21:30:00,1748275200,0.82056,0.82091,0.82017,0.82072,1775,0,0
2025-05-26T20:00:00+00:00,2025-05-27,01:30:00,1748289600,0.82072,0.82107,0.81999,0.82042,3306,0,0
2025-05-27T00:00:00+00:00,2025-05-27,05:30:00,1748304000,0.82041,0.82041,0.8188,0.82041,5255,0,0
2025-05-27T04:00:00+00:00,2025-05-27,09:30:00,1748318400,0.82041,0.82532,0.82004,0.82502,9184,0,0
2025-05-27T08:00:00+00:00,2025-05-27,13:30:00,1748332800,0.82503,0.82736,0.82426,0.8265,8104,0,0
2025-05-27T12:00:00+00:00,2025-05-27,17:30:00,1748347200,0.82648,0.82799,0.82459,0.82785,9254,0,0
2025-05-27T16:00:00+00:00,2025-05-27,21:30:00,1748361600,0.82785,0.82801,0.82664,0.82745,4344,0,0
2025-05-27T20:00:00+00:00,2025-05-28,01:30:00,1748376000,0.82747,0.82758,0.82665,0.8272,2802,0,0
2025-05-28T00:00:00+00:00,2025-05-28,05:30:00,1748390400,0.82719,0.82897,0.82644,0.82795,6692,0,0
2025-05-28T04:00:00+00:00,2025-05-28,09:30:00,1748404800,0.82795,0.82912,0.82541,0.82593,6794,0,0
2025-05-28T08:00:00+00:00,2025-05-28,13:30:00,1748419200,0.82592,0.82804,0.82575,0.82721,7453,0,0
2025-05-28T12:00:00+00:00,2025-05-28,17:30:00,1748433600,0.82721,0.82861,0.82451,0.82769,10904,0,0
2025-05-28T16:00:00+00:00,2025-05-28,21:30:00,1748448000,0.82766,0.82773,0.82654,0.82715,5070,0,0
2025-05-28T20:00:00+00:00,2025-05-29,01:30:00,1748462400,0.82715,0.83476,0.82674,0.8327,7305,0,0
2025-05-29T00:00:00+00:00,2025-05-29,05:30:00,1748476800,0.83269,0.83475,0.83158,0.83228,13763,0,0
2025-05-29T04:00:00+00:00,2025-05-29,09:30:00,1748491200,0.83228,0.83382,0.8292,0.82981,9421,0,0
2025-05-29T08:00:00+00:00,2025-05-29,13:30:00,1748505600,0.82983,0.83046,0.82725,0.82852,8231,0,0
2025-05-29T12:00:00+00:00,2025-05-29,17:30:00,1748520000,0.8285,0.8285,0.82272,0.82281,12683,0,0
2025-05-29T16:00:00+00:00,2025-05-29,21:30:00,1748534400,0.82282,0.82399,0.82182,0.82307,5590,0,0
2025-05-29T20:00:00+00:00,2025-05-30,01:30:00,1748548800,0.82306,0.82339,0.82194,0.82207,3620,0,0
2025-05-30T00:00:00+00:00,2025-05-30,05:30:00,1748563200,0.82208,0.82343,0.81995,0.8231,7996,0,0
2025-05-30T04:00:00+00:00,2025-05-30,09:30:00,1748577600,0.82308,0.82481,0.82232,0.824,7720,0,0
2025-05-30T08:00:00+00:00,2025-05-30,13:30:00,1748592000,0.824,0.82491,0.82322,0.82405,7553,0,0
2025-05-30T12:00:00+00:00,2025-05-30,17:30:00,1748606400,0.82404,0.82454,0.82119,0.82299,15424,0,0
2025-05-30T16:00:00+00:00,2025-05-30,21:30:00,1748620800,0.82299,0.82309,0.82127,0.82269,6498,0,0
2025-05-30T20:00:00+00:00,2025-05-31,01:30:00,1748635200,0.82269,0.82331,0.82269,0.82274,1349,0,0
2025-06-01T20:00:00+00:00,2025-06-02,01:30:00,1748808000,0.82241,0.82299,0.8217,0.8223,3165,0,0
2025-06-02T00:00:00+00:00,2025-06-02,05:30:00,1748822400,0.8223,0.82305,0.82096,0.82238,5973,0,0
2025-06-02T04:00:00+00:00,2025-06-02,09:30:00,1748836800,0.82237,0.82275,0.81719,0.818,6982,0,0
2025-06-02T08:00:00+00:00,2025-06-02,13:30:00,1748851200,0.81797,0.81903,0.81569,0.81791,8065,0,0
2025-06-02T12:00:00+00:00,2025-06-02,17:30:00,1748865600,0.81793,0.81914,0.81572,0.81743,11368,0,0
2025-06-02T16:00:00+00:00,2025-06-02,21:30:00,1748880000,0.81741,0.81848,0.81666,0.81669,5300,0,0
2025-06-02T20:00:00+00:00,2025-06-03,01:30:00,1748894400,0.8167,0.81736,0.81594,0.81597,2984,0,0
2025-06-03T00:00:00+00:00,2025-06-03,05:30:00,1748908800,0.81597,0.81887,0.81587,0.81857,5501,0,0
2025-06-03T04:00:00+00:00,2025-06-03,09:30:00,1748923200,0.81858,0.81871,0.81692,0.81786,6227,0,0
2025-06-03T08:00:00+00:00,2025-06-03,13:30:00,1748937600,0.81786,0.82168,0.81767,0.82116,7327,0,0
2025-06-03T12:00:00+00:00,2025-06-03,17:30:00,1748952000,0.82115,0.82476,0.8209,0.82429,11188,0,0
2025-06-03T16:00:00+00:00,2025-06-03,21:30:00,1748966400,0.82428,0.82442,0.8233,0.8242,4303,0,0
2025-06-03T20:00:00+00:00,2025-06-04,01:30:00,1748980800,0.8242,0.8242,0.82286,0.82302,2820,0,0
2025-06-04T00:00:00+00:00,2025-06-04,05:30:00,1748995200,0.82301,0.82439,0.82247,0.8243,5633,0,0
2025-06-04T04:00:00+00:00,2025-06-04,09:30:00,1749009600,0.82429,0.82504,0.82246,0.82325,6469,0,0
2025-06-04T08:00:00+00:00,2025-06-04,13:30:00,1749024000,0.82325,0.82424,0.82192,0.82366,6288,0,0
2025-06-04T12:00:00+00:00,2025-06-04,17:30:00,1749038400,0.82367,0.82372,0.81771,0.81839,12242,0,0
2025-06-04T16:00:00+00:00,2025-06-04,21:30:00,1749052800,0.81838,0.81913,0.81703,0.81877,5098,0,0
2025-06-04T20:00:00+00:00,2025-06-05,01:30:00,1749067200,0.81877,0.81896,0.8174,0.8182,3163,0,0
2025-06-05T00:00:00+00:00,2025-06-05,05:30:00,1749081600,0.8182,0.81943,0.81724,0.81927,6260,0,0
2025-06-05T04:00:00+00:00,2025-06-05,09:30:00,1749096000,0.81927,0.82055,0.81867,0.82021,5875,0,0
2025-06-05T08:00:00+00:00,2025-06-05,13:30:00,1749110400,0.82019,0.82084,0.81883,0.8195,6156,0,0
2025-06-05T12:00:00+00:00,2025-06-05,17:30:00,1749124800,0.81951,0.82148,0.81725,0.82104,18571,0,0
2025-06-05T16:00:00+00:00,2025-06-05,21:30:00,1749139200,0.82104,0.82146,0.81907,0.82021,7623,0,0
2025-06-05T20:00:00+00:00,2025-06-06,01:30:00,1749153600,0.82019,0.8204,0.81908,0.81935,3297,0,0
2025-06-06T00:00:00+00:00,2025-06-06,05:30:00,1749168000,0.81936,0.82079,0.81923,0.82019,4578,0,0
2025-06-06T04:00:00+00:00,2025-06-06,09:30:00,1749182400,0.82019,0.82201,0.82005,0.82076,5210,0,0
2025-06-06T08:00:00+00:00,2025-06-06,13:30:00,1749196800,0.82076,0.82239,0.82073,0.82212,5334,0,0
2025-06-06T12:00:00+00:00,2025-06-06,17:30:00,1749211200,0.8221,0.82482,0.8211,0.82208,15663,0,0
2025-06-06T16:00:00+00:00,2025-06-06,21:30:00,1749225600,0.82208,0.82326,0.82165,0.82184,5802,0,0
2025-06-06T20:00:00+00:00,2025-06-07,01:30:00,1749240000,0.82182,0.82248,0.82179,0.82213,852,0,0
2025-06-08T20:00:00+00:00,2025-06-09,01:30:00,1749412800,0.82153,0.82198,0.82091,0.82138,1773,0,0
2025-06-09T00:00:00+00:00,2025-06-09,05:30:00,1749427200,0.82138,0.82255,0.82045,0.82126,4664,0,0
2025-06-09T04:00:00+00:00,2025-06-09,09:30:00,1749441600,0.82126,0.82128,0.8196,0.81993,4512,0,0
2025-06-09T08:00:00+00:00,2025-06-09,13:30:00,1749456000,0.81993,0.8215,0.81926,0.82093,5349,0,0
2025-06-09T12:00:00+00:00,2025-06-09,17:30:00,1749470400,0.82094,0.82258,0.82042,0.82053,7402,0,0
2025-06-09T16:00:00+00:00,2025-06-09,21:30:00,1749484800,0.82053,0.82162,0.8205,0.8215,3056,0,0
2025-06-09T20:00:00+00:00,2025-06-10,01:30:00,1749499200,0.8215,0.82187,0.82123,0.82135,2435,0,0
2025-06-10T00:00:00+00:00,2025-06-10,05:30:00,1749513600,0.82135,0.82419,0.82097,0.82238,5972,0,0
2025-06-10T04:00:00+00:00,2025-06-10,09:30:00,1749528000,0.82237,0.82362,0.82106,0.82208,7915,0,0
2025-06-10T08:00:00+00:00,2025-06-10,13:30:00,1749542400,0.82208,0.82221,0.82077,0.82132,6435,0,0
2025-06-10T12:00:00+00:00,2025-06-10,17:30:00,1749556800,0.82132,0.82297,0.82037,0.82201,7729,0,0
2025-06-10T16:00:00+00:00,2025-06-10,21:30:00,1749571200,0.822,0.82331,0.82182,0.8228,4419,0,0
2025-06-10T20:00:00+00:00,2025-06-11,01:30:00,1749585600,0.82279,0.82301,0.82196,0.8221,3225,0,0
2025-06-11T00:00:00+00:00,2025-06-11,05:30:00,1749600000,0.8221,0.82323,0.82128,0.82266,5262,0,0
2025-06-11T04:00:00+00:00,2025-06-11,09:30:00,1749614400,0.82266,0.82347,0.82225,0.82261,4689,0,0
2025-06-11T08:00:00+00:00,2025-06-11,13:30:00,1749628800,0.82261,0.82288,0.82138,0.82251,5417,0,0
2025-06-11T12:00:00+00:00,2025-06-11,17:30:00,1749643200,0.82249,0.82295,0.8185,0.81954,11649,0,0
2025-06-11T16:00:00+00:00,2025-06-11,21:30:00,1749657600,0.81953,0.82078,0.81931,0.82051,5250,0,0
2025-06-11T20:00:00+00:00,2025-06-12,01:30:00,1749672000,0.82049,0.82078,0.81835,0.81852,3785,0,0
2025-06-12T00:00:00+00:00,2025-06-12,05:30:00,1749686400,0.81852,0.81888,0.81598,0.81658,6957,0,0
2025-06-12T04:00:00+00:00,2025-06-12,09:30:00,1749700800,0.81659,0.81758,0.81493,0.81507,7019,0,0
2025-06-12T08:00:00+00:00,2025-06-12,13:30:00,1749715200,0.81505,0.81535,0.81151,0.81265,10431,0,0
2025-06-12T12:00:00+00:00,2025-06-12,17:30:00,1749729600,0.81266,0.81421,0.81026,0.81258,11708,0,0
2025-06-12T16:00:00+00:00,2025-06-12,21:30:00,1749744000,0.81258,0.81295,0.81108,0.81121,5398,0,0
2025-06-12T20:00:00+00:00,2025-06-13,01:30:00,1749758400,0.81121,0.81143,0.80767,0.80768,3003,0,0
2025-06-13T00:00:00+00:00,2025-06-13,05:30:00,1749772800,0.80768,0.8093,0.80562,0.80912,16989,0,0
2025-06-13T04:00:00+00:00,2025-06-13,09:30:00,1749787200,0.80911,0.812,0.80877,0.81191,10486,0,0
2025-06-13T08:00:00+00:00,2025-06-13,13:30:00,1749801600,0.81191,0.81483,0.81139,0.81292,10091,0,0
2025-06-13T12:00:00+00:00,2025-06-13,17:30:00,1749816000,0.81292,0.81402,0.81116,0.81163,9906,0,0
2025-06-13T16:00:00+00:00,2025-06-13,21:30:00,1749830400,0.81162,0.81218,0.81076,0.81095,6478,0,0
2025-06-13T20:00:00+00:00,2025-06-14,01:30:00,1749844800,0.81094,0.81161,0.8109,0.81116,1903,0,0
2025-06-15T20:00:00+00:00,2025-06-16,01:30:00,1750017600,0.81091,0.81241,0.81053,0.81192,5664,0,0
2025-06-16T00:00:00+00:00,2025-06-16,05:30:00,1750032000,0.81192,0.81317,0.81088,0.81306,5758,0,0
2025-06-16T04:00:00+00:00,2025-06-16,09:30:00,1750046400,0.81306,0.81344,0.81074,0.81187,7024,0,0
2025-06-16T08:00:00+00:00,2025-06-16,13:30:00,1750060800,0.81188,0.81279,0.8101,0.81115,5982,0,0
2025-06-16T12:00:00+00:00,2025-06-16,17:30:00,1750075200,0.81115,0.81195,0.80891,0.81156,9528,0,0
2025-06-16T16:00:00+00:00,2025-06-16,21:30:00,1750089600,0.81156,0.81466,0.81115,0.81462,4719,0,0
2025-06-16T20:00:00+00:00,2025-06-17,01:30:00,1750104000,0.81464,0.81469,0.81345,0.81358,3901,0,0
2025-06-17T00:00:00+00:00,2025-06-17,05:30:00,1750118400,0.81357,0.81463,0.81352,0.81375,5913,0,0
2025-06-17T04:00:00+00:00,2025-06-17,09:30:00,1750132800,0.81375,0.81381,0.81205,0.81262,6121,0,0
2025-06-17T08:00:00+00:00,2025-06-17,13:30:00,1750147200,0.81262,0.81345,0.81209,0.8131,5951,0,0
2025-06-17T12:00:00+00:00,2025-06-17,17:30:00,1750161600,0.81311,0.81647,0.81222,0.81417,9819,0,0
2025-06-17T16:00:00+00:00,2025-06-17,21:30:00,1750176000,0.81417,0.81718,0.81326,0.81643,7099,0,0
2025-06-17T20:00:00+00:00,2025-06-18,01:30:00,1750190400,0.81643,0.81731,0.81559,0.81691,3475,0,0
2025-06-18T00:00:00+00:00,2025-06-18,05:30:00,1750204800,0.81693,0.81721,0.81606,0.81644,5332,0,0
2025-06-18T04:00:00+00:00,2025-06-18,09:30:00,1750219200,0.81644,0.81721,0.81539,0.81656,5147,0,0
2025-06-18T08:00:00+00:00,2025-06-18,13:30:00,1750233600,0.81656,0.81819,0.81648,0.81733,5611,0,0
2025-06-18T12:00:00+00:00,2025-06-18,17:30:00,1750248000,0.81733,0.81833,0.81625,0.81742,8755,0,0
2025-06-18T16:00:00+00:00,2025-06-18,21:30:00,1750262400,0.81742,0.81992,0.81566,0.81924,10784,0,0
2025-06-18T20:00:00+00:00,2025-06-19,01:30:00,1750276800,0.81926,0.81942,0.81813,0.81919,3836,0,0
2025-06-19T00:00:00+00:00,2025-06-19,05:30:00,1750291200,0.81919,0.82056,0.81879,0.81976,5808,0,0
2025-06-19T04:00:00+00:00,2025-06-19,09:30:00,1750305600,0.81976,0.82152,0.81799,0.81872,7157,0,0
2025-06-19T08:00:00+00:00,2025-06-19,13:30:00,1750320000,0.81871,0.81947,0.81562,0.81748,7881,0,0
2025-06-19T12:00:00+00:00,2025-06-19,17:30:00,1750334400,0.81748,0.81947,0.81708,0.819,6707,0,0
2025-06-19T16:00:00+00:00,2025-06-19,21:30:00,1750348800,0.81901,0.81923,0.81577,0.81614,3358,0,0
2025-06-19T20:00:00+00:00,2025-06-20,01:30:00,1750363200,0.81615,0.81716,0.81615,0.81642,3276,0,0
2025-06-20T00:00:00+00:00,2025-06-20,05:30:00,1750377600,0.81644,0.8171,0.81584,0.81614,6595,0,0
2025-06-20T04:00:00+00:00,2025-06-20,09:30:00,1750392000,0.81615,0.81708,0.81522,0.81614,6069,0,0
2025-06-20T08:00:00+00:00,2025-06-20,13:30:00,1750406400,0.81613,0.81794,0.81574,0.81707,4905,0,0
2025-06-20T12:00:00+00:00,2025-06-20,17:30:00,1750420800,0.81707,0.81835,0.81638,0.81752,8199,0,0
2025-06-20T16:00:00+00:00,2025-06-20,21:30:00,1750435200,0.81753,0.81821,0.81627,0.81812,4228,0,0
2025-06-20T20:00:00+00:00,2025-06-21,01:30:00,1750449600,0.81812,0.81842,0.81778,0.8181,1143,0,0
2025-06-22T20:00:00+00:00,2025-06-23,01:30:00,1750622400,0.81662,0.81865,0.81648,0.81784,4486,0,0
2025-06-23T00:00:00+00:00,2025-06-23,05:30:00,1750636800,0.81783,0.81951,0.81721,0.81775,7414,0,0
2025-06-23T04:00:00+00:00,2025-06-23,09:30:00,1750651200,0.81775,0.8184,0.8159,0.8169,7586,0,0
2025-06-23T08:00:00+00:00,2025-06-23,13:30:00,1750665600,0.8169,0.81912,0.81658,0.81762,7942,0,0
2025-06-23T12:00:00+00:00,2025-06-23,17:30:00,1750680000,0.81762,0.8194,0.81226,0.81339,11799,0,0
2025-06-23T16:00:00+00:00,2025-06-23,21:30:00,1750694400,0.81339,0.81439,0.81159,0.81186,8275,0,0
2025-06-23T20:00:00+00:00,2025-06-24,01:30:00,1750708800,0.81186,0.81284,0.81151,0.81273,4737,0,0
2025-06-24T00:00:00+00:00,2025-06-24,05:30:00,1750723200,0.81273,0.81312,0.81127,0.81165,6846,0,0
2025-06-24T04:00:00+00:00,2025-06-24,09:30:00,1750737600,0.81165,0.81258,0.81049,0.81185,8051,0,0
2025-06-24T08:00:00+00:00,2025-06-24,13:30:00,1750752000,0.81185,0.81211,0.80856,0.80858,6470,0,0
2025-06-24T12:00:00+00:00,2025-06-24,17:30:00,1750766400,0.8086,0.80948,0.80397,0.805,11539,0,0
2025-06-24T16:00:00+00:00,2025-06-24,21:30:00,1750780800,0.80499,0.8057,0.80346,0.80515,5243,0,0
2025-06-24T20:00:00+00:00,2025-06-25,01:30:00,1750795200,0.80517,0.80569,0.80471,0.80522,2719,0,0
2025-06-25T00:00:00+00:00,2025-06-25,05:30:00,1750809600,0.80522,0.80564,0.80429,0.80557,4685,0,0
2025-06-25T04:00:00+00:00,2025-06-25,09:30:00,1750824000,0.80558,0.80584,0.80403,0.80535,4736,0,0
2025-06-25T08:00:00+00:00,2025-06-25,13:30:00,1750838400,0.80535,0.80802,0.80507,0.8066,5825,0,0
2025-06-25T12:00:00+00:00,2025-06-25,17:30:00,1750852800,0.80664,0.80749,0.80535,0.80576,7019,0,0
2025-06-25T16:00:00+00:00,2025-06-25,21:30:00,1750867200,0.80576,0.80577,0.80397,0.80472,4195,0,0
2025-06-25T20:00:00+00:00,2025-06-26,01:30:00,1750881600,0.8047,0.8052,0.80369,0.80384,3159,0,0
2025-06-26T00:00:00+00:00,2025-06-26,05:30:00,1750896000,0.80384,0.80437,0.80239,0.8033,4921,0,0
2025-06-26T04:00:00+00:00,2025-06-26,09:30:00,1750910400,0.8033,0.80416,0.80104,0.80138,6002,0,0
2025-06-26T08:00:00+00:00,2025-06-26,13:30:00,1750924800,0.80138,0.80213,0.79806,0.80184,8235,0,0
2025-06-26T12:00:00+00:00,2025-06-26,17:30:00,1750939200,0.80183,0.80204,0.79852,0.79902,11774,0,0
2025-06-26T16:00:00+00:00,2025-06-26,21:30:00,1750953600,0.79902,0.80009,0.79783,0.79991,5368,0,0
2025-06-26T20:00:00+00:00,2025-06-27,01:30:00,1750968000,0.79991,0.80147,0.79963,0.80088,3573,0,0
2025-06-27T00:00:00+00:00,2025-06-27,05:30:00,1750982400,0.80087,0.80158,0.80006,0.80071,5085,0,0
2025-06-27T04:00:00+00:00,2025-06-27,09:30:00,1750996800,0.8007,0.80182,0.79907,0.79944,5641,0,0
2025-06-27T08:00:00+00:00,2025-06-27,13:30:00,1751011200,0.79943,0.79957,0.79782,0.79881,6075,0,0
2025-06-27T12:00:00+00:00,2025-06-27,17:30:00,1751025600,0.79881,0.80077,0.79578,0.79896,11755,0,0
2025-06-27T16:00:00+00:00,2025-06-27,21:30:00,1751040000,0.79896,0.80071,0.79858,0.79977,6380,0,0
2025-06-27T20:00:00+00:00,2025-06-28,01:30:00,1751054400,0.79977,0.79978,0.79856,0.79888,1078,0,0
2025-06-29T20:00:00+00:00,2025-06-30,01:30:00,1751227200,0.79823,0.79922,0.79787,0.79836,2313,0,0
2025-06-30T00:00:00+00:00,2025-06-30,05:30:00,1751241600,0.79835,0.79946,0.79815,0.79929,4816,0,0
2025-06-30T04:00:00+00:00,2025-06-30,09:30:00,1751256000,0.79928,0.7993,0.79728,0.79906,5858,0,0
2025-06-30T08:00:00+00:00,2025-06-30,13:30:00,1751270400,0.79908,0.79939,0.79627,0.79734,6507,0,0
2025-06-30T12:00:00+00:00,2025-06-30,17:30:00,1751284800,0.79734,0.7983,0.79386,0.79392,9436,0,0
2025-06-30T16:00:00+00:00,2025-06-30,21:30:00,1751299200,0.79392,0.79537,0.79305,0.79341,5741,0,0
2025-06-30T20:00:00+00:00,2025-07-01,01:30:00,1751313600,0.79342,0.79352,0.79276,0.79287,2824,0,0
2025-07-01T00:00:00+00:00,2025-07-01,05:30:00,1751328000,0.79288,0.79309,0.7915,0.79235,4347,0,0
2025-07-01T04:00:00+00:00,2025-07-01,09:30:00,1751342400,0.79235,0.79282,0.79035,0.79042,5158,0,0
2025-07-01T08:00:00+00:00,2025-07-01,13:30:00,1751356800,0.79042,0.79097,0.78721,0.78845,8209,0,0
2025-07-01T12:00:00+00:00,2025-07-01,17:30:00,1751371200,0.78845,0.79359,0.78842,0.79296,12003,0,0
2025-07-01T16:00:00+00:00,2025-07-01,21:30:00,1751385600,0.79295,0.79434,0.79206,0.79234,5378,0,0
2025-07-01T20:00:00+00:00,2025-07-02,01:30:00,1751400000,0.79234,0.79234,0.79061,0.79075,2795,0,0
2025-07-02T00:00:00+00:00,2025-07-02,05:30:00,1751414400,0.79075,0.79164,0.79034,0.79092,3664,0,0
2025-07-02T04:00:00+00:00,2025-07-02,09:30:00,1751428800,0.79093,0.79346,0.79084,0.79279,4919,0,0
2025-07-02T08:00:00+00:00,2025-07-02,13:30:00,1751443200,0.7928,0.79353,0.79193,0.79335,5636,0,0
2025-07-02T12:00:00+00:00,2025-07-02,17:30:00,1751457600,0.79335,0.79416,0.79118,0.7922,10643,0,0
2025-07-02T16:00:00+00:00,2025-07-02,21:30:00,1751472000,0.79221,0.79244,0.7912,0.7913,3985,0,0
2025-07-02T20:00:00+00:00,2025-07-03,01:30:00,1751486400,0.7913,0.79215,0.79128,0.79176,2336,0,0
2025-07-03T00:00:00+00:00,2025-07-03,05:30:00,1751500800,0.79176,0.79187,0.79098,0.79174,3150,0,0
2025-07-03T04:00:00+00:00,2025-07-03,09:30:00,1751515200,0.79174,0.79213,0.79008,0.79139,4279,0,0
2025-07-03T08:00:00+00:00,2025-07-03,13:30:00,1751529600,0.79139,0.79366,0.7909,0.79338,4894,0,0
2025-07-03T12:00:00+00:00,2025-07-03,17:30:00,1751544000,0.79336,0.79867,0.79311,0.79519,13333,0,0
2025-07-03T16:00:00+00:00,2025-07-03,21:30:00,1751558400,0.79519,0.79632,0.79501,0.79573,3439,0,0
2025-07-03T20:00:00+00:00,2025-07-04,01:30:00,1751572800,0.79573,0.79582,0.79416,0.79432,3128,0,0
2025-07-04T00:00:00+00:00,2025-07-04,05:30:00,1751587200,0.79432,0.795,0.7935,0.79377,3927,0,0
2025-07-04T04:00:00+00:00,2025-07-04,09:30:00,1751601600,0.79378,0.79407,0.7922,0.79392,4743,0,0
2025-07-04T08:00:00+00:00,2025-07-04,13:30:00,1751616000,0.79392,0.79425,0.79299,0.79398,4338,0,0
2025-07-04T12:00:00+00:00,2025-07-04,17:30:00,1751630400,0.79399,0.79442,0.79264,0.79328,4501,0,0
2025-07-04T16:00:00+00:00,2025-07-04,21:30:00,1751644800,0.79327,0.79511,0.7932,0.7951,10233,0,0
2025-07-04T20:00:00+00:00,2025-07-05,01:30:00,1751659200,0.7951,0.79525,0.79383,0.79422,6016,0,0
2025-07-06T20:00:00+00:00,2025-07-07,01:30:00,1751832000,0.79384,0.79482,0.79353,0.7942,2285,0,0
2025-07-07T00:00:00+00:00,2025-07-07,05:30:00,1751846400,0.7942,0.79492,0.79356,0.7948,4287,0,0
2025-07-07T04:00:00+00:00,2025-07-07,09:30:00,1751860800,0.7948,0.79637,0.79442,0.79637,4690,0,0
2025-07-07T08:00:00+00:00,2025-07-07,13:30:00,1751875200,0.79638,0.79761,0.79621,0.79744,5388,0,0
2025-07-07T12:00:00+00:00,2025-07-07,17:30:00,1751889600,0.79743,0.79837,0.79594,0.79698,5871,0,0
2025-07-07T16:00:00+00:00,2025-07-07,21:30:00,1751904000,0.79697,0.79909,0.79643,0.79808,6535,0,0
2025-07-07T20:00:00+00:00,2025-07-08,01:30:00,1751918400,0.79808,0.7986,0.79698,0.79718,2822,0,0
2025-07-08T00:00:00+00:00,2025-07-08,05:30:00,1751932800,0.79718,0.7977,0.79621,0.79635,4640,0,0
2025-07-08T04:00:00+00:00,2025-07-08,09:30:00,1751947200,0.79636,0.79743,0.79564,0.79601,4919,0,0
2025-07-08T08:00:00+00:00,2025-07-08,13:30:00,1751961600,0.796,0.79776,0.796,0.79769,4820,0,0
2025-07-08T12:00:00+00:00,2025-07-08,17:30:00,1751976000,0.79769,0.79946,0.79695,0.79716,7083,0,0
2025-07-08T16:00:00+00:00,2025-07-08,21:30:00,1751990400,0.79715,0.79756,0.79534,0.79618,5068,0,0
2025-07-08T20:00:00+00:00,2025-07-09,01:30:00,1752004800,0.79618,0.79618,0.79561,0.796,2692,0,0
2025-07-09T00:00:00+00:00,2025-07-09,05:30:00,1752019200,0.79599,0.79771,0.79586,0.7977,4449,0,0
2025-07-09T04:00:00+00:00,2025-07-09,09:30:00,1752033600,0.79771,0.79788,0.79598,0.79719,4803,0,0
2025-07-09T08:00:00+00:00,2025-07-09,13:30:00,1752048000,0.7972,0.79751,0.7954,0.79737,4959,0,0
2025-07-09T12:00:00+00:00,2025-07-09,17:30:00,1752062400,0.79737,0.79746,0.79395,0.79569,7201,0,0
2025-07-09T16:00:00+00:00,2025-07-09,21:30:00,1752076800,0.79569,0.79581,0.79433,0.79457,3686,0,0
2025-07-09T20:00:00+00:00,2025-07-10,01:30:00,1752091200,0.79458,0.79517,0.79255,0.79269,3260,0,0
2025-07-10T00:00:00+00:00,2025-07-10,05:30:00,1752105600,0.79269,0.79419,0.79197,0.79403,3765,0,0
2025-07-10T04:00:00+00:00,2025-07-10,09:30:00,1752120000,0.79403,0.79503,0.79368,0.79415,4050,0,0
2025-07-10T08:00:00+00:00,2025-07-10,13:30:00,1752134400,0.79414,0.79576,0.79377,0.79557,4247,0,0
2025-07-10T12:00:00+00:00,2025-07-10,17:30:00,1752148800,0.79557,0.79876,0.79538,0.79712,7878,0,0
2025-07-10T16:00:00+00:00,2025-07-10,21:30:00,1752163200,0.79711,0.79791,0.79617,0.79665,4165,0,0
2025-07-10T20:00:00+00:00,2025-07-11,01:30:00,1752177600,0.79665,0.79705,0.79611,0.79676,2658,0,0
2025-07-11T00:00:00+00:00,2025-07-11,05:30:00,1752192000,0.79676,0.79821,0.79663,0.7974,4878,0,0
2025-07-11T04:00:00+00:00,2025-07-11,09:30:00,1752206400,0.7974,0.79798,0.79648,0.79665,4370,0,0
2025-07-11T08:00:00+00:00,2025-07-11,13:30:00,1752220800,0.79665,0.7975,0.7954,0.79633,5038,0,0
2025-07-11T12:00:00+00:00,2025-07-11,17:30:00,1752235200,0.79634,0.79745,0.79545,0.7962,7416,0,0
2025-07-11T16:00:00+00:00,2025-07-11,21:30:00,1752249600,0.7962,0.79723,0.79602,0.79692,3942,0,0
2025-07-11T20:00:00+00:00,2025-07-12,01:30:00,1752264000,0.7969,0.79727,0.79648,0.79655,1436,0,0
2025-07-13T20:00:00+00:00,2025-07-14,01:30:00,1752436800,0.79612,0.79759,0.79612,0.79678,2982,0,0
2025-07-14T00:00:00+00:00,2025-07-14,05:30:00,1752451200,0.79678,0.79741,0.79568,0.79688,4023,0,0
2025-07-14T04:00:00+00:00,2025-07-14,09:30:00,1752465600,0.79689,0.79848,0.79685,0.79757,4595,0,0
2025-07-14T08:00:00+00:00,2025-07-14,13:30:00,1752480000,0.79758,0.79764,0.7961,0.79611,4468,0,0
2025-07-14T12:00:00+00:00,2025-07-14,17:30:00,1752494400,0.79613,0.79782,0.7955,0.79768,6520,0,0
2025-07-14T16:00:00+00:00,2025-07-14,21:30:00,1752508800,0.79769,0.79824,0.79747,0.79809,3387,0,0
2025-07-14T20:00:00+00:00,2025-07-15,01:30:00,1752523200,0.79809,0.79831,0.79738,0.79812,2883,0,0
2025-07-15T00:00:00+00:00,2025-07-15,05:30:00,1752537600,0.79812,0.79812,0.79665,0.79698,3395,0,0
2025-07-15T04:00:00+00:00,2025-07-15,09:30:00,1752552000,0.79698,0.79705,0.79538,0.79583,3623,0,0
2025-07-15T08:00:00+00:00,2025-07-15,13:30:00,1752566400,0.79583,0.79705,0.79551,0.7967,4197,0,0
2025-07-15T12:00:00+00:00,2025-07-15,17:30:00,1752580800,0.7967,0.80178,0.79575,0.80043,10643,0,0
2025-07-15T16:00:00+00:00,2025-07-15,21:30:00,1752595200,0.80043,0.80247,0.80034,0.80194,4511,0,0
2025-07-15T20:00:00+00:00,2025-07-16,01:30:00,1752609600,0.80194,0.80199,0.80138,0.80146,2757,0,0
2025-07-16T00:00:00+00:00,2025-07-16,05:30:00,1752624000,0.80146,0.80216,0.80131,0.80192,3186,0,0
2025-07-16T04:00:00+00:00,2025-07-16,09:30:00,1752638400,0.80191,0.80206,0.80041,0.80136,4078,0,0
2025-07-16T08:00:00+00:00,2025-07-16,13:30:00,1752652800,0.80136,0.80459,0.8011,0.80399,4583,0,0
2025-07-16T12:00:00+00:00,2025-07-16,17:30:00,1752667200,0.80397,0.80615,0.79472,0.80157,26310,0,0
2025-07-16T16:00:00+00:00,2025-07-16,21:30:00,1752681600,0.80159,0.80223,0.79915,0.80096,10526,0,0
2025-07-16T20:00:00+00:00,2025-07-17,01:30:00,1752696000,0.80097,0.8012,0.80056,0.80098,3845,0,0
2025-07-17T00:00:00+00:00,2025-07-17,05:30:00,1752710400,0.80099,0.8029,0.80088,0.80282,4429,0,0
2025-07-17T04:00:00+00:00,2025-07-17,09:30:00,1752724800,0.80283,0.80564,0.80209,0.80406,5553,0,0
2025-07-17T08:00:00+00:00,2025-07-17,13:30:00,1752739200,0.80408,0.80564,0.80296,0.80509,5147,0,0
2025-07-17T12:00:00+00:00,2025-07-17,17:30:00,1752753600,0.80509,0.80645,0.80379,0.8044,9191,0,0
2025-07-17T16:00:00+00:00,2025-07-17,21:30:00,1752768000,0.80438,0.80605,0.80379,0.80399,4288,0,0
2025-07-17T20:00:00+00:00,2025-07-18,01:30:00,1752782400,0.804,0.80454,0.80254,0.80296,3049,0,0
2025-07-18T00:00:00+00:00,2025-07-18,05:30:00,1752796800,0.80295,0.8032,0.80216,0.80263,3623,0,0
2025-07-18T04:00:00+00:00,2025-07-18,09:30:00,1752811200,0.80263,0.80368,0.80237,0.80238,3636,0,0
2025-07-18T08:00:00+00:00,2025-07-18,13:30:00,1752825600,0.80238,0.80267,0.80071,0.80075,4431,0,0
2025-07-18T12:00:00+00:00,2025-07-18,17:30:00,1752840000,0.80074,0.80088,0.79854,0.80014,7589,0,0
2025-07-18T16:00:00+00:00,2025-07-18,21:30:00,1752854400,0.80015,0.80196,0.79983,0.80157,4083,0,0
2025-07-18T20:00:00+00:00,2025-07-19,01:30:00,1752868800,0.8016,0.8018,0.8012,0.80162,2100,0,0
2025-07-20T20:00:00+00:00,2025-07-21,01:30:00,1753041600,0.79993,0.80175,0.79971,0.80125,2545,0,0
2025-07-21T00:00:00+00:00,2025-07-21,05:30:00,1753056000,0.80125,0.80223,0.80081,0.80173,3456,0,0
2025-07-21T04:00:00+00:00,2025-07-21,09:30:00,1753070400,0.80173,0.80192,0.8002,0.80069,4005,0,0
2025-07-21T08:00:00+00:00,2025-07-21,13:30:00,1753084800,0.80069,0.80139,0.79899,0.79906,4784,0,0
2025-07-21T12:00:00+00:00,2025-07-21,17:30:00,1753099200,0.79905,0.79964,0.79659,0.79735,6864,0,0
2025-07-21T16:00:00+00:00,2025-07-21,21:30:00,1753113600,0.79735,0.79841,0.79702,0.7984,3744,0,0
2025-07-21T20:00:00+00:00,2025-07-22,01:30:00,1753128000,0.79838,0.79851,0.79772,0.79813,2897,0,0
2025-07-22T00:00:00+00:00,2025-07-22,05:30:00,1753142400,0.79813,0.79918,0.79765,0.79834,3572,0,0
2025-07-22T04:00:00+00:00,2025-07-22,09:30:00,1753156800,0.79834,0.79881,0.79701,0.7974,4255,0,0
2025-07-22T08:00:00+00:00,2025-07-22,13:30:00,1753171200,0.79741,0.79782,0.79653,0.7968,4411,0,0
2025-07-22T12:00:00+00:00,2025-07-22,17:30:00,1753185600,0.7968,0.79834,0.79264,0.79268,8907,0,0
2025-07-22T16:00:00+00:00,2025-07-22,21:30:00,1753200000,0.79267,0.79316,0.79203,0.7925,4382,0,0
2025-07-22T20:00:00+00:00,2025-07-23,01:30:00,1753214400,0.79251,0.79384,0.79196,0.79375,3869,0,0
2025-07-23T00:00:00+00:00,2025-07-23,05:30:00,1753228800,0.79375,0.79405,0.79276,0.79326,5548,0,0
2025-07-23T04:00:00+00:00,2025-07-23,09:30:00,1753243200,0.79326,0.7945,0.79156,0.79182,5304,0,0
2025-07-23T08:00:00+00:00,2025-07-23,13:30:00,1753257600,0.7918,0.79372,0.79109,0.79336,5571,0,0
2025-07-23T12:00:00+00:00,2025-07-23,17:30:00,1753272000,0.79336,0.79493,0.793,0.79369,8129,0,0
2025-07-23T16:00:00+00:00,2025-07-23,21:30:00,1753286400,0.7937,0.79475,0.79197,0.79216,6506,0,0
2025-07-23T20:00:00+00:00,2025-07-24,01:30:00,1753300800,0.79217,0.79277,0.79168,0.79222,3552,0,0
2025-07-24T00:00:00+00:00,2025-07-24,05:30:00,1753315200,0.79222,0.79289,0.79158,0.79213,4244,0,0
2025-07-24T04:00:00+00:00,2025-07-24,09:30:00,1753329600,0.79215,0.7937,0.79199,0.7934,4612,0,0
2025-07-24T08:00:00+00:00,2025-07-24,13:30:00,1753344000,0.79339,0.79515,0.79313,0.79402,4936,0,0
2025-07-24T12:00:00+00:00,2025-07-24,17:30:00,1753358400,0.79403,0.79607,0.7931,0.79576,10523,0,0
2025-07-24T16:00:00+00:00,2025-07-24,21:30:00,1753372800,0.79576,0.79587,0.79355,0.79482,4167,0,0
2025-07-24T20:00:00+00:00,2025-07-25,01:30:00,1753387200,0.79482,0.79568,0.79459,0.79492,3634,0,0
2025-07-25T00:00:00+00:00,2025-07-25,05:30:00,1753401600,0.79491,0.79675,0.79477,0.79615,3759,0,0
2025-07-25T04:00:00+00:00,2025-07-25,09:30:00,1753416000,0.79615,0.79655,0.79474,0.79561,4724,0,0
2025-07-25T08:00:00+00:00,2025-07-25,13:30:00,1753430400,0.79562,0.79762,0.79527,0.79679,5612,0,0
2025-07-25T12:00:00+00:00,2025-07-25,17:30:00,1753444800,0.7968,0.79795,0.7961,0.79659,8853,0,0
2025-07-25T16:00:00+00:00,2025-07-25,21:30:00,1753459200,0.79658,0.79689,0.79473,0.79499,3519,0,0
2025-07-25T20:00:00+00:00,2025-07-26,01:30:00,1753473600,0.79499,0.79542,0.79497,0.79502,1289,0,0
2025-07-27T20:00:00+00:00,2025-07-28,01:30:00,1753646400,0.79525,0.79574,0.79467,0.79548,2150,0,0
2025-07-28T00:00:00+00:00,2025-07-28,05:30:00,1753660800,0.79547,0.79599,0.79446,0.795,4112,0,0
2025-07-28T04:00:00+00:00,2025-07-28,09:30:00,1753675200,0.795,0.79902,0.79487,0.7989,6514,0,0
2025-07-28T08:00:00+00:00,2025-07-28,13:30:00,1753689600,0.79888,0.80168,0.79791,0.80111,7636,0,0
2025-07-28T12:00:00+00:00,2025-07-28,17:30:00,1753704000,0.80109,0.80286,0.80011,0.80255,9013,0,0
2025-07-28T16:00:00+00:00,2025-07-28,21:30:00,1753718400,0.80255,0.80355,0.80241,0.80321,4023,0,0
2025-07-28T20:00:00+00:00,2025-07-29,01:30:00,1753732800,0.8032,0.80382,0.80306,0.80326,2685,0,0
2025-07-29T00:00:00+00:00,2025-07-29,05:30:00,1753747200,0.80325,0.8039,0.80253,0.80366,3732,0,0
2025-07-29T04:00:00+00:00,2025-07-29,09:30:00,1753761600,0.80367,0.80716,0.80355,0.80576,6715,0,0
2025-07-29T08:00:00+00:00,2025-07-29,13:30:00,1753776000,0.80578,0.8068,0.80375,0.80673,6774,0,0
2025-07-29T12:00:00+00:00,2025-07-29,17:30:00,1753790400,0.80672,0.80792,0.8052,0.80711,9804,0,0
2025-07-29T16:00:00+00:00,2025-07-29,21:30:00,1753804800,0.8071,0.80711,0.80502,0.80568,4780,0,0
2025-07-29T20:00:00+00:00,2025-07-30,01:30:00,1753819200,0.80569,0.80628,0.80544,0.80547,2714,0,0
2025-07-30T00:00:00+00:00,2025-07-30,05:30:00,1753833600,0.80545,0.80548,0.80384,0.80478,4040,0,0
2025-07-30T04:00:00+00:00,2025-07-30,09:30:00,1753848000,0.80478,0.80595,0.80424,0.80483,4908,0,0
2025-07-30T08:00:00+00:00,2025-07-30,13:30:00,1753862400,0.80483,0.80709,0.80401,0.80643,5407,0,0
2025-07-30T12:00:00+00:00,2025-07-30,17:30:00,1753876800,0.80644,0.81242,0.80627,0.81119,10433,0,0
2025-07-30T16:00:00+00:00,2025-07-30,21:30:00,1753891200,0.81118,0.81439,0.80872,0.81371,11587,0,0
2025-07-30T20:00:00+00:00,2025-07-31,01:30:00,1753905600,0.81371,0.8151,0.81321,0.81331,4967,0,0
2025-07-31T00:00:00+00:00,2025-07-31,05:30:00,1753920000,0.81331,0.81437,0.81257,0.8134,5041,0,0
2025-07-31T04:00:00+00:00,2025-07-31,09:30:00,1753934400,0.81341,0.81365,0.81121,0.81238,5738,0,0
2025-07-31T08:00:00+00:00,2025-07-31,13:30:00,1753948800,0.81238,0.81418,0.81173,0.81189,5894,0,0
2025-07-31T12:00:00+00:00,2025-07-31,17:30:00,1753963200,0.8119,0.81445,0.81132,0.8123,9717,0,0
2025-07-31T16:00:00+00:00,2025-07-31,21:30:00,1753977600,0.81231,0.81293,0.81161,0.81229,4849,0,0
2025-07-31T20:00:00+00:00,2025-08-01,01:30:00,1753992000,0.81226,0.81413,0.81188,0.814,4855,0,0
2025-08-01T00:00:00+00:00,2025-08-01,05:30:00,1754006400,0.814,0.81455,0.81266,0.81371,5379,0,0
2025-08-01T04:00:00+00:00,2025-08-01,09:30:00,1754020800,0.81371,0.81497,0.81295,0.81476,5008,0,0
2025-08-01T08:00:00+00:00,2025-08-01,13:30:00,1754035200,0.81477,0.81711,0.81469,0.81617,6601,0,0
2025-08-01T12:00:00+00:00,2025-08-01,17:30:00,1754049600,0.81614,0.81697,0.80265,0.80679,24996,0,0
2025-08-01T16:00:00+00:00,2025-08-01,21:30:00,1754064000,0.80681,0.80819,0.80439,0.80509,8654,0,0
2025-08-01T20:00:00+00:00,2025-08-02,01:30:00,1754078400,0.80508,0.80508,0.80336,0.80409,3227,0,0
2025-08-03T20:00:00+00:00,2025-08-04,01:30:00,1754251200,0.80339,0.80467,0.803,0.804,3206,0,0
2025-08-04T00:00:00+00:00,2025-08-04,05:30:00,1754265600,0.80401,0.80685,0.80388,0.80502,5894,0,0
2025-08-04T04:00:00+00:00,2025-08-04,09:30:00,1754280000,0.80502,0.80934,0.80478,0.80839,7333,0,0
2025-08-04T08:00:00+00:00,2025-08-04,13:30:00,1754294400,0.80839,0.80966,0.80685,0.80756,7415,0,0
2025-08-04T12:00:00+00:00,2025-08-04,17:30:00,1754308800,0.80756,0.80897,0.80579,0.80829,10086,0,0
2025-08-04T16:00:00+00:00,2025-08-04,21:30:00,1754323200,0.80828,0.8088,0.80755,0.80838,4716,0,0
2025-08-04T20:00:00+00:00,2025-08-05,01:30:00,1754337600,0.80836,0.8089,0.80701,0.80711,3660,0,0
2025-08-05T00:00:00+00:00,2025-08-05,05:30:00,1754352000,0.8071,0.80954,0.80677,0.80947,4436,0,0
2025-08-05T04:00:00+00:00,2025-08-05,09:30:00,1754366400,0.80947,0.81006,0.80848,0.8094,4812,0,0
2025-08-05T08:00:00+00:00,2025-08-05,13:30:00,1754380800,0.8094,0.8118,0.80937,0.81011,6176,0,0
2025-08-05T12:00:00+00:00,2025-08-05,17:30:00,1754395200,0.8101,0.8104,0.80655,0.80722,10759,0,0
2025-08-05T16:00:00+00:00,2025-08-05,21:30:00,1754409600,0.80723,0.80795,0.80657,0.80728,3877,0,0
2025-08-05T20:00:00+00:00,2025-08-06,01:30:00,1754424000,0.80728,0.80766,0.8069,0.80701,3027,0,0
2025-08-06T00:00:00+00:00,2025-08-06,05:30:00,1754438400,0.80701,0.80791,0.80661,0.80671,3409,0,0
2025-08-06T04:00:00+00:00,2025-08-06,09:30:00,1754452800,0.80672,0.80856,0.80649,0.80783,4172,0,0
2025-08-06T08:00:00+00:00,2025-08-06,13:30:00,1754467200,0.80783,0.80938,0.80636,0.80697,5677,0,0
2025-08-06T12:00:00+00:00,2025-08-06,17:30:00,1754481600,0.80698,0.8077,0.80525,0.80525,8478,0,0
2025-08-06T16:00:00+00:00,2025-08-06,21:30:00,1754496000,0.80525,0.80785,0.8049,0.80667,6002,0,0
2025-08-06T20:00:00+00:00,2025-08-07,01:30:00,1754510400,0.80668,0.80715,0.8058,0.80607,3860,0,0
2025-08-07T00:00:00+00:00,2025-08-07,05:30:00,1754524800,0.80607,0.80681,0.80535,0.80556,3844,0,0
2025-08-07T04:00:00+00:00,2025-08-07,09:30:00,1754539200,0.80556,0.80578,0.8044,0.80459,4503,0,0
2025-08-07T08:00:00+00:00,2025-08-07,13:30:00,1754553600,0.80459,0.80893,0.8043,0.80874,7659,0,0
2025-08-07T12:00:00+00:00,2025-08-07,17:30:00,1754568000,0.80874,0.80894,0.80697,0.80745,10854,0,0
2025-08-07T16:00:00+00:00,2025-08-07,21:30:00,1754582400,0.80743,0.80842,0.80625,0.80648,5012,0,0
2025-08-07T20:00:00+00:00,2025-08-08,01:30:00,1754596800,0.80647,0.80666,0.80559,0.80569,4152,0,0
2025-08-08T00:00:00+00:00,2025-08-08,05:30:00,1754611200,0.80567,0.80732,0.80551,0.80674,3817,0,0
2025-08-08T04:00:00+00:00,2025-08-08,09:30:00,1754625600,0.80674,0.8079,0.80646,0.80726,4212,0,0
2025-08-08T08:00:00+00:00,2025-08-08,13:30:00,1754640000,0.80726,0.8089,0.80711,0.80802,5171,0,0
2025-08-08T12:00:00+00:00,2025-08-08,17:30:00,1754654400,0.80802,0.80823,0.80674,0.8073,7163,0,0
2025-08-08T16:00:00+00:00,2025-08-08,21:30:00,1754668800,0.80731,0.80863,0.80703,0.80821,4427,0,0
2025-08-08T20:00:00+00:00,2025-08-09,01:30:00,1754683200,0.80822,0.80855,0.80774,0.80843,1628,0,0
2025-08-10T20:00:00+00:00,2025-08-11,01:30:00,1754856000,0.80717,0.80817,0.80679,0.80757,2036,1,0
2025-08-11T00:00:00+00:00,2025-08-11,05:30:00,1754870400,0.80757,0.80804,0.80631,0.80653,3436,1,0
2025-08-11T04:00:00+00:00,2025-08-11,09:30:00,1754884800,0.80653,0.80801,0.80613,0.80801,3615,1,0
2025-08-11T08:00:00+00:00,2025-08-11,13:30:00,1754899200,0.80801,0.81128,0.80789,0.81092,4431,1,0
2025-08-11T12:00:00+00:00,2025-08-11,17:30:00,1754913600,0.8109,0.81318,0.81071,0.81273,6218,1,0
2025-08-11T16:00:00+00:00,2025-08-11,21:30:00,1754928000,0.81273,0.81304,0.81218,0.81268,3188,1,0
2025-08-11T20:00:00+00:00,2025-08-12,01:30:00,1754942400,0.81268,0.81271,0.8118,0.81208,2854,1,0
2025-08-12T00:00:00+00:00,2025-08-12,05:30:00,1754956800,0.81209,0.81233,0.8108,0.8113,3853,1,0
2025-08-12T04:00:00+00:00,2025-08-12,09:30:00,1754971200,0.8113,0.81173,0.80979,0.80995,5169,1,0
2025-08-12T08:00:00+00:00,2025-08-12,13:30:00,1754985600,0.80995,0.8118,0.80919,0.81135,4984,1,0
2025-08-12T12:00:00+00:00,2025-08-12,17:30:00,1755000000,0.81133,0.81187,0.80667,0.80811,15848,1,0
2025-08-12T16:00:00+00:00,2025-08-12,21:30:00,1755014400,0.80812,0.80854,0.80619,0.80644,5526,1,0
2025-08-12T20:00:00+00:00,2025-08-13,01:30:00,1755028800,0.80645,0.8069,0.80604,0.80621,3057,1,0
2025-08-13T00:00:00+00:00,2025-08-13,05:30:00,1755043200,0.80621,0.80719,0.80613,0.80658,3771,1,0
2025-08-13T04:00:00+00:00,2025-08-13,09:30:00,1755057600,0.80658,0.80691,0.80341,0.80371,4878,1,0
2025-08-13T08:00:00+00:00,2025-08-13,13:30:00,1755072000,0.80373,0.80403,0.80219,0.80316,5706,1,0
2025-08-13T12:00:00+00:00,2025-08-13,17:30:00,1755086400,0.80315,0.80496,0.80283,0.80439,6934,1,0
2025-08-13T16:00:00+00:00,2025-08-13,21:30:00,1755100800,0.80439,0.80583,0.80425,0.80553,3174,1,0
2025-08-13T20:00:00+00:00,2025-08-14,01:30:00,1755115200,0.80554,0.80564,0.80466,0.80479,3273,1,0
2025-08-14T00:00:00+00:00,2025-08-14,05:30:00,1755129600,0.80478,0.80581,0.80445,0.80556,4069,1,0
2025-08-14T04:00:00+00:00,2025-08-14,09:30:00,1755144000,0.80556,0.80673,0.80515,0.80648,5064,1,0
2025-08-14T08:00:00+00:00,2025-08-14,13:30:00,1755158400,0.80649,0.80689,0.80506,0.80544,5093,1,0
2025-08-14T12:00:00+00:00,2025-08-14,17:30:00,1755172800,0.80542,0.80877,0.80516,0.80783,11090,1,0
2025-08-14T16:00:00+00:00,2025-08-14,21:30:00,1755187200,0.80783,0.80923,0.80723,0.80757,4073,1,0
2025-08-14T20:00:00+00:00,2025-08-15,01:30:00,1755201600,0.80755,0.80783,0.80723,0.80762,2713,1,0
2025-08-15T00:00:00+00:00,2025-08-15,05:30:00,1755216000,0.80761,0.80797,0.80652,0.80681,3356,1,0
2025-08-15T04:00:00+00:00,2025-08-15,09:30:00,1755230400,0.80681,0.80701,0.80515,0.80529,3580,1,0
2025-08-15T08:00:00+00:00,2025-08-15,13:30:00,1755244800,0.80529,0.80614,0.80476,0.80581,4144,1,0
2025-08-15T12:00:00+00:00,2025-08-15,17:30:00,1755259200,0.80581,0.80691,0.8046,0.80612,8068,1,0
2025-08-15T16:00:00+00:00,2025-08-15,21:30:00,1755273600,0.80613,0.80671,0.80578,0.80645,3353,1,0
2025-08-15T20:00:00+00:00,2025-08-16,01:30:00,1755288000,0.80649,0.80708,0.80629,0.80684,1902,1,0
2025-08-17T20:00:00+00:00,2025-08-18,01:30:00,1755460800,0.80534,0.80693,0.80512,0.80657,2221,1,0
2025-08-18T00:00:00+00:00,2025-08-18,05:30:00,1755475200,0.80657,0.80709,0.80595,0.80622,3250,1,0
2025-08-18T04:00:00+00:00,2025-08-18,09:30:00,1755489600,0.80622,0.80698,0.80547,0.80687,3962,1,0
2025-08-18T08:00:00+00:00,2025-08-18,13:30:00,1755504000,0.80687,0.80785,0.80662,0.80729,4804,1,0
2025-08-18T12:00:00+00:00,2025-08-18,17:30:00,1755518400,0.80728,0.80809,0.80639,0.80681,5920,1,0
2025-08-18T16:00:00+00:00,2025-08-18,21:30:00,1755532800,0.80682,0.80782,0.80678,0.80707,3211,1,0
2025-08-18T20:00:00+00:00,2025-08-19,01:30:00,1755547200,0.80707,0.80769,0.80679,0.80745,2577,1,0
2025-08-19T00:00:00+00:00,2025-08-19,05:30:00,1755561600,0.80745,0.80855,0.8071,0.8075,3975,1,0
2025-08-19T04:00:00+00:00,2025-08-19,09:30:00,1755576000,0.8075,0.80764,0.80536,0.80585,4491,1,0
2025-08-19T08:00:00+00:00,2025-08-19,13:30:00,1755590400,0.80585,0.80631,0.80474,0.8054,3994,1,0
2025-08-19T12:00:00+00:00,2025-08-19,17:30:00,1755604800,0.80538,0.80707,0.80491,0.80702,5919,1,0
2025-08-19T16:00:00+00:00,2025-08-19,21:30:00,1755619200,0.80701,0.80789,0.80666,0.80774,3307,1,0
2025-08-19T20:00:00+00:00,2025-08-20,01:30:00,1755633600,0.80775,0.80805,0.80722,0.80785,2889,1,0
2025-08-20T00:00:00+00:00,2025-08-20,05:30:00,1755648000,0.80785,0.80931,0.80783,0.80842,4459,1,0
2025-08-20T04:00:00+00:00,2025-08-20,09:30:00,1755662400,0.80842,0.80896,0.80762,0.80806,4251,1,0
2025-08-20T08:00:00+00:00,2025-08-20,13:30:00,1755676800,0.80806,0.80838,0.80673,0.80741,4131,1,0
2025-08-20T12:00:00+00:00,2025-08-20,17:30:00,1755691200,0.80741,0.80741,0.80337,0.80444,8388,1,0
2025-08-20T16:00:00+00:00,2025-08-20,21:30:00,1755705600,0.80444,0.80452,0.8031,0.80409,3755,1,0
2025-08-20T20:00:00+00:00,2025-08-21,01:30:00,1755720000,0.8041,0.80444,0.80361,0.80412,2750,1,0
2025-08-21T00:00:00+00:00,2025-08-21,05:30:00,1755734400,0.80412,0.80528,0.80407,0.80508,3567,1,0
2025-08-21T04:00:00+00:00,2025-08-21,09:30:00,1755748800,0.80508,0.80648,0.80466,0.80498,4291,1,0
2025-08-21T08:00:00+00:00,2025-08-21,13:30:00,1755763200,0.80496,0.80686,0.80488,0.80659,4307,1,0
2025-08-21T12:00:00+00:00,2025-08-21,17:30:00,1755777600,0.80659,0.80897,0.8052,0.80848,9201,1,0
2025-08-21T16:00:00+00:00,2025-08-21,21:30:00,1755792000,0.80849,0.80906,0.80791,0.80895,2889,1,0
2025-08-21T20:00:00+00:00,2025-08-22,01:30:00,1755806400,0.80896,0.80904,0.80825,0.80873,2806,1,0
2025-08-22T00:00:00+00:00,2025-08-22,05:30:00,1755820800,0.80873,0.8102,0.80864,0.80997,3695,1,0
2025-08-22T04:00:00+00:00,2025-08-22,09:30:00,1755835200,0.80996,0.81039,0.80898,0.80953,3753,1,0
2025-08-22T08:00:00+00:00,2025-08-22,13:30:00,1755849600,0.80953,0.80984,0.80821,0.80832,3853,1,0
2025-08-22T12:00:00+00:00,2025-08-22,17:30:00,1755864000,0.80831,0.80885,0.80023,0.80161,13150,1,0
2025-08-22T16:00:00+00:00,2025-08-22,21:30:00,1755878400,0.80162,0.80178,0.80003,0.80128,4743,1,0
2025-08-22T20:00:00+00:00,2025-08-23,01:30:00,1755892800,0.80128,0.8016,0.80109,0.80146,876,1,0
2025-08-24T20:00:00+00:00,2025-08-25,01:30:00,1756065600,0.80042,0.80267,0.80026,0.80247,2491,1,0
2025-08-25T00:00:00+00:00,2025-08-25,05:30:00,1756080000,0.80248,0.80355,0.80248,0.80272,3416,1,0
2025-08-25T04:00:00+00:00,2025-08-25,09:30:00,1756094400,0.80272,0.80348,0.80171,0.80242,3531,1,0
2025-08-25T08:00:00+00:00,2025-08-25,13:30:00,1756108800,0.80242,0.80288,0.80163,0.80204,3572,1,0
2025-08-25T12:00:00+00:00,2025-08-25,17:30:00,1756123200,0.80203,0.80373,0.80198,0.80347,5176,1,0
2025-08-25T16:00:00+00:00,2025-08-25,21:30:00,1756137600,0.80347,0.80711,0.80336,0.80685,4544,1,0
2025-08-25T20:00:00+00:00,2025-08-26,01:30:00,1756152000,0.80683,0.80686,0.80565,0.80627,2910,1,0
2025-08-26T00:00:00+00:00,2025-08-26,05:30:00,1756166400,0.80627,0.80668,0.80277,0.8057,7646,1,0
2025-08-26T04:00:00+00:00,2025-08-26,09:30:00,1756180800,0.8057,0.80726,0.8049,0.80591,5783,1,0
2025-08-26T08:00:00+00:00,2025-08-26,13:30:00,1756195200,0.8059,0.80709,0.80431,0.80471,5537,1,0
2025-08-26T12:00:00+00:00,2025-08-26,17:30:00,1756209600,0.80471,0.80518,0.8031,0.80314,7594,1,0
2025-08-26T16:00:00+00:00,2025-08-26,21:30:00,1756224000,0.80313,0.804,0.80258,0.80342,3821,1,0
2025-08-26T20:00:00+00:00,2025-08-27,01:30:00,1756238400,0.80343,0.8039,0.80317,0.80386,2484,1,0
2025-08-27T00:00:00+00:00,2025-08-27,05:30:00,1756252800,0.80386,0.80491,0.80361,0.80472,3263,1,0
2025-08-27T04:00:00+00:00,2025-08-27,09:30:00,1756267200,0.80472,0.80617,0.80471,0.80566,3700,1,0
2025-08-27T08:00:00+00:00,2025-08-27,13:30:00,1756281600,0.80566,0.80764,0.80566,0.80688,4715,1,0
2025-08-27T12:00:00+00:00,2025-08-27,17:30:00,1756296000,0.80688,0.80689,0.80301,0.80378,6706,1,0
2025-08-27T16:00:00+00:00,2025-08-27,21:30:00,1756310400,0.80379,0.80385,0.80153,0.80239,3994,1,0
2025-08-27T20:00:00+00:00,2025-08-28,01:30:00,1756324800,0.80239,0.80269,0.80151,0.80159,2566,1,0
2025-08-28T00:00:00+00:00,2025-08-28,05:30:00,1756339200,0.80158,0.80189,0.801,0.80136,2820,1,0
2025-08-28T04:00:00+00:00,2025-08-28,09:30:00,1756353600,0.80137,0.80214,0.80112,0.80123,3690,1,0
2025-08-28T08:00:00+00:00,2025-08-28,13:30:00,1756368000,0.80125,0.8019,0.79941,0.80119,5184,1,0
2025-08-28T12:00:00+00:00,2025-08-28,17:30:00,1756382400,0.80118,0.80306,0.80084,0.80172,8936,1,0
2025-08-28T16:00:00+00:00,2025-08-28,21:30:00,1756396800,0.80172,0.80186,0.79977,0.80158,3573,1,0
2025-08-28T20:00:00+00:00,2025-08-29,01:30:00,1756411200,0.80158,0.80203,0.80117,0.80181,2504,1,0
2025-08-29T00:00:00+00:00,2025-08-29,05:30:00,1756425600,0.8018,0.80316,0.80158,0.80255,3587,1,0
2025-08-29T04:00:00+00:00,2025-08-29,09:30:00,1756440000,0.80255,0.8028,0.80038,0.80045,3504,1,0
2025-08-29T08:00:00+00:00,2025-08-29,13:30:00,1756454400,0.80046,0.80293,0.79965,0.80281,4536,1,0
2025-08-29T12:00:00+00:00,2025-08-29,17:30:00,1756468800,0.80281,0.80351,0.79858,0.79968,9095,1,0
2025-08-29T16:00:00+00:00,2025-08-29,21:30:00,1756483200,0.7997,0.80037,0.79914,0.80015,3584,1,0
2025-08-29T20:00:00+00:00,2025-08-30,01:30:00,1756497600,0.80014,0.80085,0.79989,0.80067,1038,1,0
2025-08-31T20:00:00+00:00,2025-09-01,01:30:00,1756670400,0.79898,0.80115,0.79897,0.80067,1866,1,0
2025-09-01T00:00:00+00:00,2025-09-01,05:30:00,1756684800,0.80069,0.80121,0.79938,0.79962,3653,1,0
2025-09-01T04:00:00+00:00,2025-09-01,09:30:00,1756699200,0.79962,0.79992,0.79876,0.79896,3829,1,0
2025-09-01T08:00:00+00:00,2025-09-01,13:30:00,1756713600,0.79895,0.80052,0.79865,0.80051,4359,1,0
2025-09-01T12:00:00+00:00,2025-09-01,17:30:00,1756728000,0.80051,0.80172,0.80002,0.80156,4669,1,0
2025-09-01T16:00:00+00:00,2025-09-01,21:30:00,1756742400,0.80156,0.80169,0.80025,0.80035,1783,1,0
2025-09-01T20:00:00+00:00,2025-09-02,01:30:00,1756756800,0.80036,0.80079,0.79998,0.80027,2503,1,0
2025-09-02T00:00:00+00:00,2025-09-02,05:30:00,1756771200,0.80027,0.80152,0.80019,0.80144,4166,1,0
2025-09-02T04:00:00+00:00,2025-09-02,09:30:00,1756785600,0.80145,0.8037,0.80084,0.80345,5414,1,0
2025-09-02T08:00:00+00:00,2025-09-02,13:30:00,1756800000,0.80345,0.80574,0.80335,0.80411,7796,1,0
2025-09-02T12:00:00+00:00,2025-09-02,17:30:00,1756814400,0.80413,0.80608,0.80197,0.80336,9916,1,0
2025-09-02T16:00:00+00:00,2025-09-02,21:30:00,1756828800,0.80337,0.80541,0.80327,0.8047,3925,1,0
2025-09-02T20:00:00+00:00,2025-09-03,01:30:00,1756843200,0.8047,0.8054,0.80436,0.80532,2332,1,0
2025-09-03T00:00:00+00:00,2025-09-03,05:30:00,1756857600,0.80533,0.80588,0.80511,0.80577,3307,1,0
2025-09-03T04:00:00+00:00,2025-09-03,09:30:00,1756872000,0.80577,0.80679,0.80456,0.80528,4709,1,0
2025-09-03T08:00:00+00:00,2025-09-03,13:30:00,1756886400,0.80529,0.80531,0.80313,0.8045,5673,1,0
2025-09-03T12:00:00+00:00,2025-09-03,17:30:00,1756900800,0.8045,0.80557,0.80274,0.8032,8755,1,0
2025-09-03T16:00:00+00:00,2025-09-03,21:30:00,1756915200,0.80321,0.80439,0.80311,0.80432,3747,1,0
2025-09-03T20:00:00+00:00,2025-09-04,01:30:00,1756929600,0.80433,0.8045,0.80377,0.80387,2901,1,0
2025-09-04T00:00:00+00:00,2025-09-04,05:30:00,1756944000,0.80387,0.80451,0.80351,0.80444,4383,1,0
2025-09-04T04:00:00+00:00,2025-09-04,09:30:00,1756958400,0.80445,0.80553,0.80397,0.80519,4079,1,0
2025-09-04T08:00:00+00:00,2025-09-04,13:30:00,1756972800,0.80521,0.80591,0.80425,0.80548,4985,1,0
2025-09-04T12:00:00+00:00,2025-09-04,17:30:00,1756987200,0.80549,0.80686,0.80453,0.80593,8615,1,0
2025-09-04T16:00:00+00:00,2025-09-04,21:30:00,1757001600,0.80592,0.80721,0.80545,0.80563,3531,1,0
2025-09-04T20:00:00+00:00,2025-09-05,01:30:00,1757016000,0.80562,0.80582,0.80507,0.80518,2403,1,0
2025-09-05T00:00:00+00:00,2025-09-05,05:30:00,1757030400,0.80518,0.80549,0.8043,0.80448,3333,1,0
2025-09-05T04:00:00+00:00,2025-09-05,09:30:00,1757044800,0.80448,0.80489,0.80349,0.80369,3322,1,0
2025-09-05T08:00:00+00:00,2025-09-05,13:30:00,1757059200,0.80371,0.80394,0.80264,0.80346,3785,1,0
2025-09-05T12:00:00+00:00,2025-09-05,17:30:00,1757073600,0.80345,0.80345,0.79579,0.79584,15080,1,0
2025-09-05T16:00:00+00:00,2025-09-05,21:30:00,1757088000,0.79581,0.79858,0.79562,0.79826,4693,1,0
2025-09-05T20:00:00+00:00,2025-09-06,01:30:00,1757102400,0.79824,0.79854,0.79794,0.79808,941,1,0
2025-09-07T20:00:00+00:00,2025-09-08,01:30:00,1757275200,0.79787,0.79956,0.7969,0.79928,2976,1,0
2025-09-08T00:00:00+00:00,2025-09-08,05:30:00,1757289600,0.79927,0.79942,0.79772,0.79816,4366,1,0
2025-09-08T04:00:00+00:00,2025-09-08,09:30:00,1757304000,0.79816,0.79848,0.79568,0.79579,4584,1,0
2025-09-08T08:00:00+00:00,2025-09-08,13:30:00,1757318400,0.79579,0.79666,0.79509,0.79569,4481,1,0
2025-09-08T12:00:00+00:00,2025-09-08,17:30:00,1757332800,0.7957,0.7957,0.79298,0.79352,6168,1,0
2025-09-08T16:00:00+00:00,2025-09-08,21:30:00,1757347200,0.79352,0.79465,0.79276,0.79307,3094,1,0
2025-09-08T20:00:00+00:00,2025-09-09,01:30:00,1757361600,0.79309,0.79348,0.79262,0.79287,2475,1,0
2025-09-09T00:00:00+00:00,2025-09-09,05:30:00,1757376000,0.79287,0.79311,0.79208,0.79302,3498,1,0
2025-09-09T04:00:00+00:00,2025-09-09,09:30:00,1757390400,0.79303,0.79407,0.79157,0.79364,4636,1,0
2025-09-09T08:00:00+00:00,2025-09-09,13:30:00,1757404800,0.79366,0.79443,0.7923,0.79424,6146,1,0
2025-09-09T12:00:00+00:00,2025-09-09,17:30:00,1757419200,0.79422,0.79647,0.79291,0.79611,8996,1,0
2025-09-09T16:00:00+00:00,2025-09-09,21:30:00,1757433600,0.79611,0.79794,0.79569,0.79758,3825,1,0
2025-09-09T20:00:00+00:00,2025-09-10,01:30:00,1757448000,0.79757,0.79782,0.7966,0.7975,3006,1,0
2025-09-10T00:00:00+00:00,2025-09-10,05:30:00,1757462400,0.79749,0.79848,0.79726,0.79745,3842,1,0
2025-09-10T04:00:00+00:00,2025-09-10,09:30:00,1757476800,0.79742,0.79851,0.79615,0.7976,4553,1,0
2025-09-10T08:00:00+00:00,2025-09-10,13:30:00,1757491200,0.7976,0.79846,0.79661,0.79734,4850,1,0
2025-09-10T12:00:00+00:00,2025-09-10,17:30:00,1757505600,0.79733,0.79916,0.79629,0.79791,9033,1,0
2025-09-10T16:00:00+00:00,2025-09-10,21:30:00,1757520000,0.79793,0.79946,0.79784,0.7991,2978,1,0
2025-09-10T20:00:00+00:00,2025-09-11,01:30:00,1757534400,0.79911,0.79932,0.79856,0.79876,2202,1,0
2025-09-11T00:00:00+00:00,2025-09-11,05:30:00,1757548800,0.79876,0.79928,0.79865,0.79901,2627,1,0
2025-09-11T04:00:00+00:00,2025-09-11,09:30:00,1757563200,0.79901,0.79997,0.79868,0.79935,4165,1,0
2025-09-11T08:00:00+00:00,2025-09-11,13:30:00,1757577600,0.79934,0.79984,0.79895,0.79966,4395,1,0
2025-09-11T12:00:00+00:00,2025-09-11,17:30:00,1757592000,0.79967,0.8008,0.79487,0.79608,12402,1,0
2025-09-11T16:00:00+00:00,2025-09-11,21:30:00,1757606400,0.79608,0.79639,0.79544,0.79586,3530,1,0
2025-09-11T20:00:00+00:00,2025-09-12,01:30:00,1757620800,0.79586,0.79605,0.79545,0.79601,2464,1,0
2025-09-12T00:00:00+00:00,2025-09-12,05:30:00,1757635200,0.79601,0.79668,0.7959,0.79658,2554,1,0
2025-09-12T04:00:00+00:00,2025-09-12,09:30:00,1757649600,0.79658,0.797,0.79552,0.7961,3145,1,0
2025-09-12T08:00:00+00:00,2025-09-12,13:30:00,1757664000,0.79611,0.79789,0.79602,0.79719,4426,1,0
2025-09-12T12:00:00+00:00,2025-09-12,17:30:00,1757678400,0.79719,0.79865,0.79645,0.79749,6184,1,0
2025-09-12T16:00:00+00:00,2025-09-12,21:30:00,1757692800,0.79749,0.79757,0.79581,0.79625,2509,1,0
2025-09-12T20:00:00+00:00,2025-09-13,01:30:00,1757707200,0.79625,0.79675,0.79624,0.79662,612,1,0
2025-09-14T20:00:00+00:00,2025-09-15,01:30:00,1757880000,0.79595,0.79681,0.79572,0.79676,1812,1,0
2025-09-15T00:00:00+00:00,2025-09-15,05:30:00,1757894400,0.79677,0.79693,0.79626,0.79638,2103,1,0
2025-09-15T04:00:00+00:00,2025-09-15,09:30:00,1757908800,0.79637,0.79728,0.79602,0.79643,2844,1,0
2025-09-15T08:00:00+00:00,2025-09-15,13:30:00,1757923200,0.79643,0.79649,0.79463,0.7949,3829,1,0
2025-09-15T12:00:00+00:00,2025-09-15,17:30:00,1757937600,0.79489,0.79558,0.79374,0.79384,5304,1,0
2025-09-15T16:00:00+00:00,2025-09-15,21:30:00,1757952000,0.79383,0.7947,0.79365,0.7944,2721,1,0
2025-09-15T20:00:00+00:00,2025-09-16,01:30:00,1757966400,0.79438,0.79488,0.79423,0.79474,2056,1,0
2025-09-16T00:00:00+00:00,2025-09-16,05:30:00,1757980800,0.79474,0.79484,0.79329,0.79367,3213,1,0
2025-09-16T04:00:00+00:00,2025-09-16,09:30:00,1757995200,0.79367,0.79394,0.79169,0.79213,4242,1,0
2025-09-16T08:00:00+00:00,2025-09-16,13:30:00,1758009600,0.79214,0.79267,0.79002,0.7903,5293,1,0
2025-09-16T12:00:00+00:00,2025-09-16,17:30:00,1758024000,0.7903,0.7922,0.78743,0.78773,8774,1,0
2025-09-16T16:00:00+00:00,2025-09-16,21:30:00,1758038400,0.78773,0.78777,0.78559,0.78637,4450,1,0
2025-09-16T20:00:00+00:00,2025-09-17,01:30:00,1758052800,0.78638,0.78648,0.78571,0.78598,2494,1,0
2025-09-17T00:00:00+00:00,2025-09-17,05:30:00,1758067200,0.78598,0.78713,0.78578,0.78701,3093,1,0
2025-09-17T04:00:00+00:00,2025-09-17,09:30:00,1758081600,0.78701,0.78775,0.78668,0.78774,3594,1,0
2025-09-17T08:00:00+00:00,2025-09-17,13:30:00,1758096000,0.78774,0.78787,0.78631,0.78679,4119,1,0
2025-09-17T12:00:00+00:00,2025-09-17,17:30:00,1758110400,0.78678,0.78765,0.7859,0.78715,5297,1,0
2025-09-17T16:00:00+00:00,2025-09-17,21:30:00,1758124800,0.78717,0.78935,0.78294,0.78849,15217,1,0
2025-09-17T20:00:00+00:00,2025-09-18,01:30:00,1758139200,0.78847,0.78921,0.78821,0.78839,3477,1,0
2025-09-18T00:00:00+00:00,2025-09-18,05:30:00,1758153600,0.78839,0.78974,0.78836,0.78972,4094,1,0
2025-09-18T04:00:00+00:00,2025-09-18,09:30:00,1758168000,0.78972,0.79153,0.78836,0.78883,5368,1,0
2025-09-18T08:00:00+00:00,2025-09-18,13:30:00,1758182400,0.78883,0.7895,0.78719,0.78898,6763,1,0
2025-09-18T12:00:00+00:00,2025-09-18,17:30:00,1758196800,0.78898,0.79376,0.78883,0.79276,10193,1,0
2025-09-18T16:00:00+00:00,2025-09-18,21:30:00,1758211200,0.79277,0.79307,0.79192,0.79276,3881,1,0
2025-09-18T20:00:00+00:00,2025-09-19,01:30:00,1758225600,0.79275,0.793,0.79161,0.79257,3620,1,0
2025-09-19T00:00:00+00:00,2025-09-19,05:30:00,1758240000,0.79257,0.79343,0.79226,0.79261,4376,1,0
2025-09-19T04:00:00+00:00,2025-09-19,09:30:00,1758254400,0.79261,0.79478,0.79202,0.79413,6228,1,0
2025-09-19T08:00:00+00:00,2025-09-19,13:30:00,1758268800,0.79413,0.79622,0.79407,0.79609,5375,1,0
2025-09-19T12:00:00+00:00,2025-09-19,17:30:00,1758283200,0.79609,0.7966,0.79413,0.79488,7946,1,0
2025-09-19T16:00:00+00:00,2025-09-19,21:30:00,1758297600,0.79489,0.79561,0.79461,0.79547,3440,1,0
2025-09-19T20:00:00+00:00,2025-09-20,01:30:00,1758312000,0.79548,0.79583,0.79547,0.79551,1196,1,0
2025-09-21T20:00:00+00:00,2025-09-22,01:30:00,1758484800,0.79389,0.79629,0.79356,0.79624,2353,1,0
2025-09-22T00:00:00+00:00,2025-09-22,05:30:00,1758499200,0.79626,0.79707,0.79609,0.79701,3648,1,0
2025-09-22T04:00:00+00:00,2025-09-22,09:30:00,1758513600,0.79701,0.79729,0.79479,0.79569,3806,1,0
2025-09-22T08:00:00+00:00,2025-09-22,13:30:00,1758528000,0.79571,0.79572,0.79311,0.79342,4356,1,0
2025-09-22T12:00:00+00:00,2025-09-22,17:30:00,1758542400,0.79342,0.79448,0.79281,0.79348,6600,1,0
2025-09-22T16:00:00+00:00,2025-09-22,21:30:00,1758556800,0.79349,0.79361,0.79225,0.79233,3074,1,0
2025-09-22T20:00:00+00:00,2025-09-23,01:30:00,1758571200,0.79234,0.79262,0.79202,0.79245,2560,1,0
2025-09-23T00:00:00+00:00,2025-09-23,05:30:00,1758585600,0.79245,0.79271,0.79101,0.79192,3493,1,0
2025-09-23T04:00:00+00:00,2025-09-23,09:30:00,1758600000,0.79192,0.79335,0.79179,0.7927,4625,1,0
2025-09-23T08:00:00+00:00,2025-09-23,13:30:00,1758614400,0.7927,0.79335,0.7915,0.79223,4880,1,0
2025-09-23T12:00:00+00:00,2025-09-23,17:30:00,1758628800,0.79223,0.7932,0.79175,0.7923,7329,1,0
2025-09-23T16:00:00+00:00,2025-09-23,21:30:00,1758643200,0.79229,0.79271,0.79095,0.79131,5210,1,0
2025-09-23T20:00:00+00:00,2025-09-24,01:30:00,1758657600,0.7913,0.79162,0.79114,0.79144,3264,1,0
2025-09-24T00:00:00+00:00,2025-09-24,05:30:00,1758672000,0.79144,0.79251,0.79131,0.79249,3661,1,0
2025-09-24T04:00:00+00:00,2025-09-24,09:30:00,1758686400,0.79249,0.79332,0.79188,0.79306,4153,1,0
2025-09-24T08:00:00+00:00,2025-09-24,13:30:00,1758700800,0.79307,0.79522,0.79307,0.79442,4712,1,0
2025-09-24T12:00:00+00:00,2025-09-24,17:30:00,1758715200,0.79443,0.79533,0.79377,0.79511,7512,1,0
2025-09-24T16:00:00+00:00,2025-09-24,21:30:00,1758729600,0.79511,0.79576,0.79496,0.79539,3178,1,0
2025-09-24T20:00:00+00:00,2025-09-25,01:30:00,1758744000,0.79539,0.79542,0.79464,0.79486,2748,1,0
2025-09-25T00:00:00+00:00,2025-09-25,05:30:00,1758758400,0.79486,0.79514,0.79431,0.79481,2916,1,0
2025-09-25T04:00:00+00:00,2025-09-25,09:30:00,1758772800,0.79482,0.79682,0.79469,0.79667,4077,1,0
2025-09-25T08:00:00+00:00,2025-09-25,13:30:00,1758787200,0.79667,0.79683,0.79512,0.79603,4780,1,0
2025-09-25T12:00:00+00:00,2025-09-25,17:30:00,1758801600,0.79604,0.80077,0.79552,0.80061,10681,1,0
2025-09-25T16:00:00+00:00,2025-09-25,21:30:00,1758816000,0.8006,0.8014,0.79975,0.80004,4717,1,0
2025-09-25T20:00:00+00:00,2025-09-26,01:30:00,1758830400,0.80005,0.80066,0.79942,0.80012,3281,1,0
2025-09-26T00:00:00+00:00,2025-09-26,05:30:00,1758844800,0.80012,0.80072,0.79932,0.79938,3202,1,0
2025-09-26T04:00:00+00:00,2025-09-26,09:30:00,1758859200,0.79938,0.80008,0.79866,0.79989,3748,1,0
2025-09-26T08:00:00+00:00,2025-09-26,13:30:00,1758873600,0.79989,0.80035,0.79882,0.79974,4395,1,0
2025-09-26T12:00:00+00:00,2025-09-26,17:30:00,1758888000,0.79974,0.79984,0.79749,0.79851,8715,1,0
2025-09-26T16:00:00+00:00,2025-09-26,21:30:00,1758902400,0.79851,0.79856,0.79739,0.79753,3575,1,0
2025-09-26T20:00:00+00:00,2025-09-27,01:30:00,1758916800,0.79752,0.79826,0.79735,0.79809,1086,1,0
2025-09-28T20:00:00+00:00,2025-09-29,01:30:00,1759089600,0.79695,0.79814,0.79682,0.79753,1889,1,0
2025-09-29T00:00:00+00:00,2025-09-29,05:30:00,1759104000,0.79753,0.79756,0.79584,0.79622,3152,1,0
2025-09-29T04:00:00+00:00,2025-09-29,09:30:00,1759118400,0.79622,0.79692,0.79535,0.79575,4220,1,0
2025-09-29T08:00:00+00:00,2025-09-29,13:30:00,1759132800,0.79574,0.79874,0.79518,0.7979,4856,1,0
2025-09-29T12:00:00+00:00,2025-09-29,17:30:00,1759147200,0.79791,0.79825,0.7961,0.79702,7804,1,0
2025-09-29T16:00:00+00:00,2025-09-29,21:30:00,1759161600,0.79704,0.79766,0.79681,0.79744,2895,1,0
2025-09-29T20:00:00+00:00,2025-09-30,01:30:00,1759176000,0.79744,0.79788,0.79714,0.79743,2307,1,0
2025-09-30T00:00:00+00:00,2025-09-30,05:30:00,1759190400,0.79745,0.79835,0.79726,0.79731,3223,1,0
2025-09-30T04:00:00+00:00,2025-09-30,09:30:00,1759204800,0.79731,0.79783,0.7955,0.79609,4770,1,0
2025-09-30T08:00:00+00:00,2025-09-30,13:30:00,1759219200,0.79608,0.79822,0.79526,0.79739,5372,1,0
2025-09-30T12:00:00+00:00,2025-09-30,17:30:00,1759233600,0.79739,0.79857,0.79499,0.79662,8486,1,0
2025-09-30T16:00:00+00:00,2025-09-30,21:30:00,1759248000,0.79661,0.79662,0.79393,0.796,4020,1,0
2025-09-30T20:00:00+00:00,2025-10-01,01:30:00,1759262400,0.79599,0.7965,0.79576,0.79646,2797,1,0
2025-10-01T00:00:00+00:00,2025-10-01,05:30:00,1759276800,0.79646,0.79687,0.79598,0.796,2776,1,0
2025-10-01T04:00:00+00:00,2025-10-01,09:30:00,1759291200,0.796,0.79602,0.79286,0.79477,6287,1,0
2025-10-01T08:00:00+00:00,2025-10-01,13:30:00,1759305600,0.79477,0.79849,0.79398,0.79829,6953,1,0
2025-10-01T12:00:00+00:00,2025-10-01,17:30:00,1759320000,0.79828,0.79886,0.79583,0.79834,13958,1,0
2025-10-01T16:00:00+00:00,2025-10-01,21:30:00,1759334400,0.79835,0.79902,0.79665,0.79702,4352,1,0
2025-10-01T20:00:00+00:00,2025-10-02,01:30:00,1759348800,0.79701,0.79741,0.79674,0.79699,2026,1,0
2025-10-02T00:00:00+00:00,2025-10-02,05:30:00,1759363200,0.79699,0.79747,0.79611,0.7966,3003,1,0
2025-10-02T04:00:00+00:00,2025-10-02,09:30:00,1759377600,0.7966,0.79752,0.79597,0.79659,4702,1,0
2025-10-02T08:00:00+00:00,2025-10-02,13:30:00,1759392000,0.79659,0.79683,0.79533,0.79576,5264,1,0
2025-10-02T12:00:00+00:00,2025-10-02,17:30:00,1759406400,0.79576,0.8,0.79515,0.79937,7784,1,0
2025-10-02T16:00:00+00:00,2025-10-02,21:30:00,1759420800,0.79939,0.79951,0.79717,0.79768,3488,1,0
2025-10-02T20:00:00+00:00,2025-10-03,01:30:00,1759435200,0.79767,0.79796,0.79708,0.79709,2334,1,0
2025-10-03T00:00:00+00:00,2025-10-03,05:30:00,1759449600,0.79709,0.798,0.79707,0.79744,3097,1,0
2025-10-03T04:00:00+00:00,2025-10-03,09:30:00,1759464000,0.79744,0.79804,0.79674,0.79701,3645,1,0
2025-10-03T08:00:00+00:00,2025-10-03,13:30:00,1759478400,0.79701,0.79742,0.7958,0.79623,4532,1,0
2025-10-03T12:00:00+00:00,2025-10-03,17:30:00,1759492800,0.79622,0.79667,0.79473,0.79494,8393,1,0
2025-10-03T16:00:00+00:00,2025-10-03,21:30:00,1759507200,0.79492,0.79614,0.79474,0.79541,2922,1,0
2025-10-03T20:00:00+00:00,2025-10-04,01:30:00,1759521600,0.79541,0.79561,0.79511,0.79524,1238,1,0
2025-10-05T20:00:00+00:00,2025-10-06,01:30:00,1759694400,0.79549,0.79775,0.79549,0.79727,3564,1,0
2025-10-06T00:00:00+00:00,2025-10-06,05:30:00,1759708800,0.79726,0.79736,0.79538,0.79573,4413,1,0
2025-10-06T04:00:00+00:00,2025-10-06,09:30:00,1759723200,0.79573,0.79909,0.79548,0.79903,7094,1,0
2025-10-06T08:00:00+00:00,2025-10-06,13:30:00,1759737600,0.79903,0.79939,0.79768,0.79796,5912,1,0
2025-10-06T12:00:00+00:00,2025-10-06,17:30:00,1759752000,0.79796,0.79798,0.79482,0.79544,7547,1,0
2025-10-06T16:00:00+00:00,2025-10-06,21:30:00,1759766400,0.79544,0.79586,0.79479,0.795,2811,1,0
2025-10-06T20:00:00+00:00,2025-10-07,01:30:00,1759780800,0.795,0.79517,0.79467,0.79501,2395,1,0
2025-10-07T00:00:00+00:00,2025-10-07,05:30:00,1759795200,0.795,0.7958,0.79493,0.7955,2780,1,0
2025-10-07T04:00:00+00:00,2025-10-07,09:30:00,1759809600,0.79551,0.79771,0.79531,0.79749,4085,1,0
2025-10-07T08:00:00+00:00,2025-10-07,13:30:00,1759824000,0.7975,0.79895,0.79683,0.79861,4417,1,0
2025-10-07T12:00:00+00:00,2025-10-07,17:30:00,1759838400,0.79862,0.79914,0.79677,0.79705,6975,1,0
2025-10-07T16:00:00+00:00,2025-10-07,21:30:00,1759852800,0.79705,0.79883,0.79665,0.79881,4033,1,0
2025-10-07T20:00:00+00:00,2025-10-08,01:30:00,1759867200,0.79882,0.79894,0.79789,0.79869,2880,1,0
2025-10-08T00:00:00+00:00,2025-10-08,05:30:00,1759881600,0.79869,0.80103,0.7986,0.80062,4239,1,0
2025-10-08T04:00:00+00:00,2025-10-08,09:30:00,1759896000,0.80062,0.80185,0.80051,0.80091,4634,1,0
2025-10-08T08:00:00+00:00,2025-10-08,13:30:00,1759910400,0.8009,0.80134,0.79948,0.80024,5250,1,0
2025-10-08T12:00:00+00:00,2025-10-08,17:30:00,1759924800,0.80023,0.80245,0.79967,0.80203,6734,1,0
2025-10-08T16:00:00+00:00,2025-10-08,21:30:00,1759939200,0.80201,0.80291,0.80162,0.80177,4229,1,0
2025-10-08T20:00:00+00:00,2025-10-09,01:30:00,1759953600,0.80177,0.80213,0.80125,0.80159,3047,1,0
2025-10-09T00:00:00+00:00,2025-10-09,05:30:00,1759968000,0.80159,0.80164,0.80028,0.80054,2884,1,0
2025-10-09T04:00:00+00:00,2025-10-09,09:30:00,1759982400,0.80054,0.80347,0.80045,0.80333,4200,1,0
2025-10-09T08:00:00+00:00,2025-10-09,13:30:00,1759996800,0.80333,0.80354,0.80041,0.80125,5188,1,0
2025-10-09T12:00:00+00:00,2025-10-09,17:30:00,1760011200,0.80124,0.80664,0.80117,0.80599,9995,1,0
2025-10-09T16:00:00+00:00,2025-10-09,21:30:00,1760025600,0.80597,0.80763,0.80557,0.80669,5133,1,0
2025-10-09T20:00:00+00:00,2025-10-10,01:30:00,1760040000,0.80671,0.8068,0.80594,0.80628,2635,1,0
2025-10-10T00:00:00+00:00,2025-10-10,05:30:00,1760054400,0.80628,0.80673,0.80588,0.80597,3284,1,0
2025-10-10T04:00:00+00:00,2025-10-10,09:30:00,1760068800,0.80597,0.80642,0.80515,0.80577,4680,1,0
2025-10-10T08:00:00+00:00,2025-10-10,13:30:00,1760083200,0.80578,0.80637,0.80474,0.80636,4370,1,0
2025-10-10T12:00:00+00:00,2025-10-10,17:30:00,1760097600,0.80636,0.80648,0.80002,0.8015,10816,1,0
2025-10-10T16:00:00+00:00,2025-10-10,21:30:00,1760112000,0.80151,0.80216,0.8008,0.80111,6154,1,0
2025-10-10T20:00:00+00:00,2025-10-11,01:30:00,1760126400,0.8011,0.80148,0.79878,0.79918,2181,1,0
2025-10-12T20:00:00+00:00,2025-10-13,01:30:00,1760299200,0.80021,0.80384,0.79995,0.80235,4400,1,0
2025-10-13T00:00:00+00:00,2025-10-13,05:30:00,1760313600,0.80237,0.80241,0.80093,0.80127,5190,1,0
2025-10-13T04:00:00+00:00,2025-10-13,09:30:00,1760328000,0.80127,0.80276,0.80003,0.80268,5555,1,0
2025-10-13T08:00:00+00:00,2025-10-13,13:30:00,1760342400,0.8027,0.80443,0.80251,0.80426,6488,1,0
2025-10-13T12:00:00+00:00,2025-10-13,17:30:00,1760356800,0.80424,0.80577,0.80367,0.80429,6960,1,0
2025-10-13T16:00:00+00:00,2025-10-13,21:30:00,1760371200,0.80429,0.80436,0.80375,0.80427,2716,1,0
2025-10-13T20:00:00+00:00,2025-10-14,01:30:00,1760385600,0.80427,0.80448,0.80365,0.80435,2038,1,0
2025-10-14T00:00:00+00:00,2025-10-14,05:30:00,1760400000,0.80435,0.80502,0.80352,0.80359,3402,1,0
2025-10-14T04:00:00+00:00,2025-10-14,09:30:00,1760414400,0.80358,0.80463,0.80183,0.80424,7657,1,0
2025-10-14T08:00:00+00:00,2025-10-14,13:30:00,1760428800,0.80426,0.80464,0.80319,0.80462,6142,1,0
2025-10-14T12:00:00+00:00,2025-10-14,17:30:00,1760443200,0.80463,0.80483,0.80108,0.80115,9445,1,0
2025-10-14T16:00:00+00:00,2025-10-14,21:30:00,1760457600,0.80112,0.80146,0.80029,0.80104,5997,1,0
2025-10-14T20:00:00+00:00,2025-10-15,01:30:00,1760472000,0.80104,0.80158,0.80046,0.80148,2265,1,0
2025-10-15T00:00:00+00:00,2025-10-15,05:30:00,1760486400,0.80148,0.80158,0.79997,0.79999,3605,1,0
2025-10-15T04:00:00+00:00,2025-10-15,09:30:00,1760500800,0.79998,0.80029,0.79909,0.79961,4143,1,0
2025-10-15T08:00:00+00:00,2025-10-15,13:30:00,1760515200,0.79962,0.80107,0.79906,0.80047,4495,1,0
2025-10-15T12:00:00+00:00,2025-10-15,17:30:00,1760529600,0.80046,0.80087,0.79569,0.79717,8120,1,0
2025-10-15T16:00:00+00:00,2025-10-15,21:30:00,1760544000,0.79716,0.79783,0.7964,0.79683,5009,1,0
2025-10-15T20:00:00+00:00,2025-10-16,01:30:00,1760558400,0.79685,0.79702,0.79622,0.79661,2334,1,0
2025-10-16T00:00:00+00:00,2025-10-16,05:30:00,1760572800,0.79661,0.79675,0.79334,0.79495,4677,1,0
2025-10-16T04:00:00+00:00,2025-10-16,09:30:00,1760587200,0.79495,0.79759,0.79495,0.79699,5256,1,0
2025-10-16T08:00:00+00:00,2025-10-16,13:30:00,1760601600,0.79699,0.79839,0.79626,0.79829,4814,1,0
2025-10-16T12:00:00+00:00,2025-10-16,17:30:00,1760616000,0.79829,0.79847,0.79501,0.79578,7957,1,0
2025-10-16T16:00:00+00:00,2025-10-16,21:30:00,1760630400,0.79577,0.79588,0.7924,0.79279,8127,1,0
2025-10-16T20:00:00+00:00,2025-10-17,01:30:00,1760644800,0.79279,0.79308,0.79174,0.79198,2634,1,0
2025-10-17T00:00:00+00:00,2025-10-17,05:30:00,1760659200,0.79198,0.79226,0.79004,0.79033,4977,1,0
2025-10-17T04:00:00+00:00,2025-10-17,09:30:00,1760673600,0.79032,0.79068,0.78731,0.78936,8947,1,0
2025-10-17T08:00:00+00:00,2025-10-17,13:30:00,1760688000,0.78936,0.79198,0.78846,0.79149,9927,1,0
2025-10-17T12:00:00+00:00,2025-10-17,17:30:00,1760702400,0.79149,0.79331,0.79059,0.79195,10563,1,0
2025-10-17T16:00:00+00:00,2025-10-17,21:30:00,1760716800,0.79194,0.79316,0.79158,0.79256,4442,1,0
2025-10-17T20:00:00+00:00,2025-10-18,01:30:00,1760731200,0.79255,0.79375,0.79255,0.79361,1173,1,0
2025-10-19T20:00:00+00:00,2025-10-20,01:30:00,1760904000,0.7916,0.79416,0.7916,0.79367,1888,1,0
2025-10-20T00:00:00+00:00,2025-10-20,05:30:00,1760918400,0.79366,0.79383,0.79267,0.79301,3611,1,0
2025-10-20T04:00:00+00:00,2025-10-20,09:30:00,1760932800,0.79299,0.79433,0.79256,0.79317,4208,1,0
2025-10-20T08:00:00+00:00,2025-10-20,13:30:00,1760947200,0.79316,0.79348,0.79229,0.79246,4319,1,0
2025-10-20T12:00:00+00:00,2025-10-20,17:30:00,1760961600,0.79244,0.79291,0.79064,0.79181,6252,1,0
2025-10-20T16:00:00+00:00,2025-10-20,21:30:00,1760976000,0.79181,0.79256,0.7915,0.79221,3020,1,0
2025-10-20T20:00:00+00:00,2025-10-21,01:30:00,1760990400,0.79221,0.79262,0.79206,0.7925,2366,1,0
2025-10-21T00:00:00+00:00,2025-10-21,05:30:00,1761004800,0.7925,0.79323,0.79146,0.79319,3869,1,0
2025-10-21T04:00:00+00:00,2025-10-21,09:30:00,1761019200,0.7932,0.79372,0.79184,0.79288,5654,1,0
2025-10-21T08:00:00+00:00,2025-10-21,13:30:00,1761033600,0.79288,0.79528,0.79263,0.79469,6137,1,0
2025-10-21T12:00:00+00:00,2025-10-21,17:30:00,1761048000,0.79469,0.796,0.79398,0.79503,8532,1,0
2025-10-21T16:00:00+00:00,2025-10-21,21:30:00,1761062400,0.79503,0.79644,0.79468,0.79623,4185,1,0
2025-10-21T20:00:00+00:00,2025-10-22,01:30:00,1761076800,0.79623,0.79691,0.79593,0.79679,3772,1,0
2025-10-22T00:00:00+00:00,2025-10-22,05:30:00,1761091200,0.79679,0.79685,0.79548,0.79587,3454,1,0
2025-10-22T04:00:00+00:00,2025-10-22,09:30:00,1761105600,0.79588,0.79627,0.79514,0.79607,4394,1,0
2025-10-22T08:00:00+00:00,2025-10-22,13:30:00,1761120000,0.79607,0.79722,0.79585,0.79625,5113,1,0
2025-10-22T12:00:00+00:00,2025-10-22,17:30:00,1761134400,0.79625,0.79739,0.79518,0.79578,7029,1,0
2025-10-22T16:00:00+00:00,2025-10-22,21:30:00,1761148800,0.7958,0.79636,0.79487,0.79622,4407,1,0
2025-10-22T20:00:00+00:00,2025-10-23,01:30:00,1761163200,0.79622,0.79629,0.79573,0.79619,2266,1,0
2025-10-23T00:00:00+00:00,2025-10-23,05:30:00,1761177600,0.7962,0.79752,0.79612,0.79748,2363,1,0
2025-10-23T04:00:00+00:00,2025-10-23,09:30:00,1761192000,0.79748,0.79804,0.7968,0.79718,3306,1,0
2025-10-23T08:00:00+00:00,2025-10-23,13:30:00,1761206400,0.79718,0.79869,0.79697,0.79814,3419,1,0
2025-10-23T12:00:00+00:00,2025-10-23,17:30:00,1761220800,0.79814,0.79815,0.79523,0.79566,5546,1,0
2025-10-23T16:00:00+00:00,2025-10-23,21:30:00,1761235200,0.79566,0.79606,0.79501,0.79524,2752,1,0
2025-10-23T20:00:00+00:00,2025-10-24,01:30:00,1761249600,0.79525,0.79551,0.79492,0.79513,2171,1,0
2025-10-24T00:00:00+00:00,2025-10-24,05:30:00,1761264000,0.79513,0.79609,0.79471,0.79582,2782,1,0
2025-10-24T04:00:00+00:00,2025-10-24,09:30:00,1761278400,0.79582,0.79654,0.79465,0.79549,3658,1,0
2025-10-24T08:00:00+00:00,2025-10-24,13:30:00,1761292800,0.79548,0.79685,0.79539,0.79629,3954,1,0
2025-10-24T12:00:00+00:00,2025-10-24,17:30:00,1761307200,0.79629,0.79649,0.79344,0.79578,9199,1,0
2025-10-24T16:00:00+00:00,2025-10-24,21:30:00,1761321600,0.79578,0.79619,0.79527,0.79534,2812,1,0
2025-10-24T20:00:00+00:00,2025-10-25,01:30:00,1761336000,0.79535,0.79572,0.79498,0.79562,1113,1,0
2025-10-26T20:00:00+00:00,2025-10-27,01:30:00,1761508800,0.79614,0.79675,0.79545,0.79612,2342,1,0
2025-10-27T00:00:00+00:00,2025-10-27,05:30:00,1761523200,0.79612,0.79638,0.79452,0.79589,3059,1,0
2025-10-27T04:00:00+00:00,2025-10-27,09:30:00,1761537600,0.7959,0.79707,0.79588,0.79691,3367,1,0
2025-10-27T08:00:00+00:00,2025-10-27,13:30:00,1761552000,0.79691,0.79731,0.79524,0.79531,4534,1,0
2025-10-27T12:00:00+00:00,2025-10-27,17:30:00,1761566400,0.7953,0.7968,0.79468,0.79648,5037,1,0
2025-10-27T16:00:00+00:00,2025-10-27,21:30:00,1761580800,0.79649,0.79652,0.79504,0.79539,2914,1,0
2025-10-27T20:00:00+00:00,2025-10-28,01:30:00,1761595200,0.7954,0.79562,0.79442,0.79467,2154,1,0
2025-10-28T00:00:00+00:00,2025-10-28,05:30:00,1761609600,0.79467,0.79484,0.79364,0.7938,3050,1,0
2025-10-28T04:00:00+00:00,2025-10-28,09:30:00,1761624000,0.7938,0.79481,0.7931,0.79444,3671,1,0
2025-10-28T08:00:00+00:00,2025-10-28,13:30:00,1761638400,0.79444,0.7948,0.79335,0.7945,4222,1,0
2025-10-28T12:00:00+00:00,2025-10-28,17:30:00,1761652800,0.7945,0.79672,0.7925,0.79276,6197,1,0
2025-10-28T16:00:00+00:00,2025-10-28,21:30:00,1761667200,0.79275,0.7936,0.7925,0.79328,3847,1,0
2025-10-28T20:00:00+00:00,2025-10-29,01:30:00,1761681600,0.79328,0.79359,0.79287,0.79288,2035,1,0
2025-10-29T00:00:00+00:00,2025-10-29,05:30:00,1761696000,0.7929,0.79405,0.79257,0.794,3678,1,0
2025-10-29T04:00:00+00:00,2025-10-29,09:30:00,1761710400,0.794,0.79561,0.79398,0.79545,3603,1,0
2025-10-29T08:00:00+00:00,2025-10-29,13:30:00,1761724800,0.79546,0.79743,0.79531,0.79731,4897,1,0
2025-10-29T12:00:00+00:00,2025-10-29,17:30:00,1761739200,0.79729,0.79792,0.79571,0.79586,5727,1,0
2025-10-29T16:00:00+00:00,2025-10-29,21:30:00,1761753600,0.79585,0.80203,0.79566,0.80056,12302,1,0
2025-10-29T20:00:00+00:00,2025-10-30,01:30:00,1761768000,0.80057,0.80092,0.79956,0.80012,3397,1,0
2025-10-30T00:00:00+00:00,2025-10-30,05:30:00,1761782400,0.80013,0.80065,0.79886,0.79924,4237,1,0
2025-10-30T04:00:00+00:00,2025-10-30,09:30:00,1761796800,0.79924,0.79935,0.79759,0.79863,5625,1,0
2025-10-30T08:00:00+00:00,2025-10-30,13:30:00,1761811200,0.79863,0.80079,0.79773,0.80069,5172,1,0
2025-10-30T12:00:00+00:00,2025-10-30,17:30:00,1761825600,0.80068,0.80369,0.80038,0.80204,7976,1,0
2025-10-30T16:00:00+00:00,2025-10-30,21:30:00,1761840000,0.80203,0.8027,0.8014,0.80221,3793,1,0
2025-10-30T20:00:00+00:00,2025-10-31,01:30:00,1761854400,0.8022,0.80232,0.8012,0.80163,2292,1,0
2025-10-31T00:00:00+00:00,2025-10-31,05:30:00,1761868800,0.80165,0.80196,0.80092,0.80187,3044,1,0
2025-10-31T04:00:00+00:00,2025-10-31,09:30:00,1761883200,0.80187,0.80327,0.80159,0.80274,2956,1,0
2025-10-31T08:00:00+00:00,2025-10-31,13:30:00,1761897600,0.80274,0.80352,0.80141,0.80323,3782,1,0
2025-10-31T12:00:00+00:00,2025-10-31,17:30:00,1761912000,0.80324,0.80489,0.80239,0.80269,7278,1,0
2025-10-31T16:00:00+00:00,2025-10-31,21:30:00,1761926400,0.80269,0.80482,0.80258,0.80464,4003,1,0
2025-10-31T20:00:00+00:00,2025-11-01,01:30:00,1761940800,0.80464,0.80519,0.80441,0.80453,1681,1,0
2025-11-02T20:00:00+00:00,2025-11-03,01:30:00,1762113600,0.80429,0.80517,0.80397,0.80497,2184,1,0
2025-11-03T00:00:00+00:00,2025-11-03,05:30:00,1762128000,0.80496,0.8053,0.80461,0.80464,2340,1,0
2025-11-03T04:00:00+00:00,2025-11-03,09:30:00,1762142400,0.80464,0.8059,0.80386,0.80514,2693,1,0
2025-11-03T08:00:00+00:00,2025-11-03,13:30:00,1762156800,0.80513,0.8078,0.80498,0.80713,4273,1,0
2025-11-03T12:00:00+00:00,2025-11-03,17:30:00,1762171200,0.80713,0.80915,0.80664,0.80751,5770,1,0
2025-11-03T16:00:00+00:00,2025-11-03,21:30:00,1762185600,0.80751,0.80793,0.80682,0.80774,3536,1,0
2025-11-03T20:00:00+00:00,2025-11-04,01:30:00,1762200000,0.80774,0.80819,0.80756,0.80819,2115,1,0
2025-11-04T00:00:00+00:00,2025-11-04,05:30:00,1762214400,0.80819,0.80987,0.80818,0.80896,3155,1,0
2025-11-04T04:00:00+00:00,2025-11-04,09:30:00,1762228800,0.80896,0.80953,0.80674,0.80748,3730,1,0
2025-11-04T08:00:00+00:00,2025-11-04,13:30:00,1762243200,0.8075,0.80955,0.80729,0.80953,4605,1,0
2025-11-04T12:00:00+00:00,2025-11-04,17:30:00,1762257600,0.80952,0.81039,0.80822,0.80919,5772,1,0
2025-11-04T16:00:00+00:00,2025-11-04,21:30:00,1762272000,0.80918,0.81051,0.80876,0.81045,3293,1,0
2025-11-04T20:00:00+00:00,2025-11-05,01:30:00,1762286400,0.81046,0.81081,0.80995,0.81035,2333,1,0
2025-11-05T00:00:00+00:00,2025-11-05,05:30:00,1762300800,0.81035,0.81059,0.80796,0.80972,4255,1,0
2025-11-05T04:00:00+00:00,2025-11-05,09:30:00,1762315200,0.80973,0.80979,0.80865,0.80952,3006,1,0
2025-11-05T08:00:00+00:00,2025-11-05,13:30:00,1762329600,0.80951,0.81164,0.80919,0.81007,3903,1,0
2025-11-05T12:00:00+00:00,2025-11-05,17:30:00,1762344000,0.81005,0.81243,0.80953,0.81115,6890,1,0
2025-11-05T16:00:00+00:00,2025-11-05,21:30:00,1762358400,0.81115,0.81196,0.8102,0.81039,3567,1,0
2025-11-05T20:00:00+00:00,2025-11-06,01:30:00,1762372800,0.81038,0.81038,0.80969,0.80988,1998,1,0
2025-11-06T00:00:00+00:00,2025-11-06,05:30:00,1762387200,0.80989,0.81014,0.80873,0.80927,2622,1,0
2025-11-06T04:00:00+00:00,2025-11-06,09:30:00,1762401600,0.80927,0.80974,0.80872,0.80899,2368,1,0
2025-11-06T08:00:00+00:00,2025-11-06,13:30:00,1762416000,0.80899,0.80992,0.80831,0.80869,3851,1,0
2025-11-06T12:00:00+00:00,2025-11-06,17:30:00,1762430400,0.8087,0.80894,0.80683,0.80698,6105,1,0
2025-11-06T16:00:00+00:00,2025-11-06,21:30:00,1762444800,0.80698,0.80782,0.80635,0.80664,4216,1,0
2025-11-06T20:00:00+00:00,2025-11-07,01:30:00,1762459200,0.80664,0.80667,0.80604,0.80618,2347,1,0
2025-11-07T00:00:00+00:00,2025-11-07,05:30:00,1762473600,0.80617,0.80751,0.80614,0.80743,3056,1,0
2025-11-07T04:00:00+00:00,2025-11-07,09:30:00,1762488000,0.80743,0.80796,0.80736,0.8075,2480,1,0
2025-11-07T08:00:00+00:00,2025-11-07,13:30:00,1762502400,0.80749,0.80842,0.80536,0.80583,3689,1,0
2025-11-07T12:00:00+00:00,2025-11-07,17:30:00,1762516800,0.80583,0.80624,0.80323,0.8047,6283,1,0
2025-11-07T16:00:00+00:00,2025-11-07,21:30:00,1762531200,0.80469,0.80575,0.80366,0.80561,3685,1,0
2025-11-07T20:00:00+00:00,2025-11-08,01:30:00,1762545600,0.80562,0.80583,0.80486,0.80505,1975,1,0
2025-11-09T20:00:00+00:00,2025-11-10,01:30:00,1762718400,0.80494,0.80727,0.80471,0.8071,2088,1,0
2025-11-10T00:00:00+00:00,2025-11-10,05:30:00,1762732800,0.8071,0.80713,0.80593,0.80641,3436,1,0
2025-11-10T04:00:00+00:00,2025-11-10,09:30:00,1762747200,0.80641,0.80695,0.80502,0.80565,3277,1,0
2025-11-10T08:00:00+00:00,2025-11-10,13:30:00,1762761600,0.80564,0.80654,0.80479,0.80586,4226,1,0
2025-11-10T12:00:00+00:00,2025-11-10,17:30:00,1762776000,0.80586,0.80675,0.80467,0.80642,4789,1,0
2025-11-10T16:00:00+00:00,2025-11-10,21:30:00,1762790400,0.80642,0.80662,0.80442,0.8048,3899,1,0
2025-11-10T20:00:00+00:00,2025-11-11,01:30:00,1762804800,0.80481,0.80531,0.80463,0.80521,1960,1,0
2025-11-11T00:00:00+00:00,2025-11-11,05:30:00,1762819200,0.80521,0.80615,0.80478,0.80507,2338,1,0
2025-11-11T04:00:00+00:00,2025-11-11,09:30:00,1762833600,0.80507,0.80507,0.80346,0.80347,2858,1,0
2025-11-11T08:00:00+00:00,2025-11-11,13:30:00,1762848000,0.80346,0.80406,0.80138,0.80191,4201,1,0
2025-11-11T12:00:00+00:00,2025-11-11,17:30:00,1762862400,0.80191,0.80201,0.79865,0.79975,6200,1,0
2025-11-11T16:00:00+00:00,2025-11-11,21:30:00,1762876800,0.79975,0.80054,0.79943,0.80042,2825,1,0
2025-11-11T20:00:00+00:00,2025-11-12,01:30:00,1762891200,0.80042,0.80067,0.79965,0.80036,2313,1,0
2025-11-12T00:00:00+00:00,2025-11-12,05:30:00,1762905600,0.80036,0.801,0.80028,0.80064,2082,1,0
2025-11-12T04:00:00+00:00,2025-11-12,09:30:00,1762920000,0.80064,0.80114,0.7996,0.79976,2470,1,0
2025-11-12T08:00:00+00:00,2025-11-12,13:30:00,1762934400,0.79974,0.80012,0.79873,0.79882,4245,1,0
2025-11-12T12:00:00+00:00,2025-11-12,17:30:00,1762948800,0.79882,0.79963,0.79683,0.79714,5520,1,0
2025-11-12T16:00:00+00:00,2025-11-12,21:30:00,1762963200,0.79715,0.79787,0.79678,0.79778,3348,1,0
2025-11-12T20:00:00+00:00,2025-11-13,01:30:00,1762977600,0.7978,0.79828,0.79756,0.79787,1903,1,0
2025-11-13T00:00:00+00:00,2025-11-13,05:30:00,1762992000,0.79787,0.79886,0.79784,0.79853,2576,1,0
2025-11-13T04:00:00+00:00,2025-11-13,09:30:00,1763006400,0.79852,0.7994,0.79637,0.79642,2670,1,0
2025-11-13T08:00:00+00:00,2025-11-13,13:30:00,1763020800,0.79642,0.79642,0.79432,0.79592,5406,1,0
2025-11-13T12:00:00+00:00,2025-11-13,17:30:00,1763035200,0.79593,0.79617,0.79247,0.79275,6465,1,0
2025-11-13T16:00:00+00:00,2025-11-13,21:30:00,1763049600,0.79276,0.79296,0.79086,0.79269,5242,1,0
2025-11-13T20:00:00+00:00,2025-11-14,01:30:00,1763064000,0.79269,0.79359,0.7924,0.79326,3040,1,0
2025-11-14T00:00:00+00:00,2025-11-14,05:30:00,1763078400,0.79327,0.79357,0.79199,0.7924,3245,1,0
2025-11-14T04:00:00+00:00,2025-11-14,09:30:00,1763092800,0.7924,0.79244,0.79101,0.79157,3399,1,0
2025-11-14T08:00:00+00:00,2025-11-14,13:30:00,1763107200,0.79157,0.79262,0.79015,0.79142,5584,1,0
2025-11-14T12:00:00+00:00,2025-11-14,17:30:00,1763121600,0.79142,0.79395,0.78783,0.7933,10710,1,0
2025-11-14T16:00:00+00:00,2025-11-14,21:30:00,1763136000,0.79331,0.79479,0.79255,0.79399,4387,1,0
2025-11-14T20:00:00+00:00,2025-11-15,01:30:00,1763150400,0.794,0.79439,0.79376,0.794,1450,1,0
2025-11-16T20:00:00+00:00,2025-11-17,01:30:00,1763323200,0.79366,0.79453,0.79313,0.79433,1079,1,0
2025-11-17T00:00:00+00:00,2025-11-17,05:30:00,1763337600,0.79433,0.79555,0.79412,0.79534,2780,1,0
2025-11-17T04:00:00+00:00,2025-11-17,09:30:00,1763352000,0.79535,0.79551,0.79331,0.79337,2343,1,0
2025-11-17T08:00:00+00:00,2025-11-17,13:30:00,1763366400,0.79334,0.79588,0.79319,0.79535,4525,1,0
2025-11-17T12:00:00+00:00,2025-11-17,17:30:00,1763380800,0.79535,0.7962,0.795,0.79545,5241,1,0
2025-11-17T16:00:00+00:00,2025-11-17,21:30:00,1763395200,0.79546,0.79656,0.79516,0.79649,3170,1,0
2025-11-17T20:00:00+00:00,2025-11-18,01:30:00,1763409600,0.7965,0.79658,0.79567,0.7963,2163,1,0
2025-11-18T00:00:00+00:00,2025-11-18,05:30:00,1763424000,0.7963,0.79663,0.7954,0.79544,2158,1,0
2025-11-18T04:00:00+00:00,2025-11-18,09:30:00,1763438400,0.79544,0.79561,0.79378,0.79509,3999,1,0
2025-11-18T08:00:00+00:00,2025-11-18,13:30:00,1763452800,0.79509,0.79752,0.7942,0.79694,4308,1,0
2025-11-18T12:00:00+00:00,2025-11-18,17:30:00,1763467200,0.79693,0.79852,0.7955,0.7985,6801,1,0
2025-11-18T16:00:00+00:00,2025-11-18,21:30:00,1763481600,0.79851,0.80006,0.79846,0.79914,4684,1,0
2025-11-18T20:00:00+00:00,2025-11-19,01:30:00,1763496000,0.79915,0.80035,0.79909,0.80022,1988,1,0
2025-11-19T00:00:00+00:00,2025-11-19,05:30:00,1763510400,0.80022,0.80096,0.79948,0.79996,2916,1,0
2025-11-19T04:00:00+00:00,2025-11-19,09:30:00,1763524800,0.79996,0.80058,0.79858,0.7994,3293,1,0
2025-11-19T08:00:00+00:00,2025-11-19,13:30:00,1763539200,0.79938,0.80303,0.79898,0.8017,5827,1,0
2025-11-19T12:00:00+00:00,2025-11-19,17:30:00,1763553600,0.8017,0.80505,0.80088,0.8045,6761,1,0
2025-11-19T16:00:00+00:00,2025-11-19,21:30:00,1763568000,0.8045,0.80669,0.80436,0.8064,5295,1,0
2025-11-19T20:00:00+00:00,2025-11-20,01:30:00,1763582400,0.8064,0.80663,0.80508,0.80544,3080,1,0
2025-11-20T00:00:00+00:00,2025-11-20,05:30:00,1763596800,0.80544,0.80725,0.80523,0.80702,3335,1,0
2025-11-20T04:00:00+00:00,2025-11-20,09:30:00,1763611200,0.80702,0.80709,0.80601,0.80615,3345,1,0
2025-11-20T08:00:00+00:00,2025-11-20,13:30:00,1763625600,0.80615,0.80725,0.8055,0.80723,4308,1,0
2025-11-20T12:00:00+00:00,2025-11-20,17:30:00,1763640000,0.80724,0.80778,0.80522,0.80653,9994,1,0
2025-11-20T16:00:00+00:00,2025-11-20,21:30:00,1763654400,0.80653,0.80655,0.80489,0.80538,7124,1,0
2025-11-20T20:00:00+00:00,2025-11-21,01:30:00,1763668800,0.80538,0.80641,0.80526,0.80556,2570,1,0
2025-11-21T00:00:00+00:00,2025-11-21,05:30:00,1763683200,0.80556,0.80617,0.80461,0.80477,3305,1,0
2025-11-21T04:00:00+00:00,2025-11-21,09:30:00,1763697600,0.80477,0.80484,0.80359,0.80422,3714,1,0
2025-11-21T08:00:00+00:00,2025-11-21,13:30:00,1763712000,0.80422,0.80721,0.80367,0.80721,6882,1,0
2025-11-21T12:00:00+00:00,2025-11-21,17:30:00,1763726400,0.80722,0.80867,0.80566,0.80853,8949,1,0
2025-11-21T16:00:00+00:00,2025-11-21,21:30:00,1763740800,0.80853,0.80984,0.80756,0.80784,5410,1,0
2025-11-21T20:00:00+00:00,2025-11-22,01:30:00,1763755200,0.80783,0.80856,0.80755,0.80852,1599,1,0
2025-11-23T20:00:00+00:00,2025-11-24,01:30:00,1763928000,0.80723,0.80897,0.80709,0.80871,1093,1,0
2025-11-24T00:00:00+00:00,2025-11-24,05:30:00,1763942400,0.80871,0.8092,0.80827,0.80851,2357,1,0
2025-11-24T04:00:00+00:00,2025-11-24,09:30:00,1763956800,0.80854,0.81003,0.80793,0.80996,2589,1,0
2025-11-24T08:00:00+00:00,2025-11-24,13:30:00,1763971200,0.80995,0.81017,0.80605,0.80704,5720,1,0
2025-11-24T12:00:00+00:00,2025-11-24,17:30:00,1763985600,0.80703,0.80873,0.80688,0.80769,5654,1,0
2025-11-24T16:00:00+00:00,2025-11-24,21:30:00,1764000000,0.80769,0.8092,0.80748,0.80767,3395,1,0
2025-11-24T20:00:00+00:00,2025-11-25,01:30:00,1764014400,0.80766,0.80864,0.80761,0.80853,2236,1,0
2025-11-25T00:00:00+00:00,2025-11-25,05:30:00,1764028800,0.80853,0.80892,0.80797,0.80885,2550,1,0
2025-11-25T04:00:00+00:00,2025-11-25,09:30:00,1764043200,0.80885,0.80947,0.80862,0.80903,2517,1,0
2025-11-25T08:00:00+00:00,2025-11-25,13:30:00,1764057600,0.80903,0.81021,0.80859,0.81017,3800,1,0
2025-11-25T12:00:00+00:00,2025-11-25,17:30:00,1764072000,0.81018,0.81018,0.80578,0.8078,7713,1,0
2025-11-25T16:00:00+00:00,2025-11-25,21:30:00,1764086400,0.8078,0.80919,0.80628,0.80644,5991,1,0
2025-11-25T20:00:00+00:00,2025-11-26,01:30:00,1764100800,0.80642,0.80812,0.80638,0.80794,2535,1,0
2025-11-26T00:00:00+00:00,2025-11-26,05:30:00,1764115200,0.80793,0.80816,0.80539,0.80565,4340,1,0
2025-11-26T04:00:00+00:00,2025-11-26,09:30:00,1764129600,0.80565,0.80623,0.80421,0.80583,4059,1,0
2025-11-26T08:00:00+00:00,2025-11-26,13:30:00,1764144000,0.80584,0.80701,0.80562,0.80681,5187,1,0
2025-11-26T12:00:00+00:00,2025-11-26,17:30:00,1764158400,0.8068,0.80835,0.8056,0.80563,8518,1,0
2025-11-26T16:00:00+00:00,2025-11-26,21:30:00,1764172800,0.80562,0.80566,0.80407,0.80428,3676,1,0
2025-11-26T20:00:00+00:00,2025-11-27,01:30:00,1764187200,0.80429,0.80452,0.80343,0.80347,2097,1,0
2025-11-27T00:00:00+00:00,2025-11-27,05:30:00,1764201600,0.80347,0.80365,0.80266,0.80363,2949,1,0
2025-11-27T04:00:00+00:00,2025-11-27,09:30:00,1764216000,0.80363,0.80492,0.80329,0.8047,2844,1,0
2025-11-27T08:00:00+00:00,2025-11-27,13:30:00,1764230400,0.80468,0.80625,0.80463,0.80589,3482,1,0
2025-11-27T12:00:00+00:00,2025-11-27,17:30:00,1764244800,0.80589,0.80601,0.80491,0.80522,3154,1,0
2025-11-27T16:00:00+00:00,2025-11-27,21:30:00,1764259200,0.80522,0.8057,0.80466,0.80497,1311,1,0
2025-11-27T20:00:00+00:00,2025-11-28,01:30:00,1764273600,0.80497,0.80504,0.80436,0.80461,1278,1,0
2025-11-28T00:00:00+00:00,2025-11-28,05:30:00,1764288000,0.80462,0.80592,0.80456,0.805,11158,1,0
2025-11-28T04:00:00+00:00,2025-11-28,09:30:00,1764302400,0.80497,0.80617,0.8044,0.80585,10263,1,0
2025-11-28T08:00:00+00:00,2025-11-28,13:30:00,1764316800,0.80582,0.80715,0.80532,0.80593,14609,1,0
2025-11-28T12:00:00+00:00,2025-11-28,17:30:00,1764331200,0.80591,0.80639,0.8028,0.80281,8842,1,0
2025-11-28T16:00:00+00:00,2025-11-28,21:30:00,1764345600,0.80279,0.80389,0.80256,0.80342,3345,13,0
2025-11-28T20:00:00+00:00,2025-11-29,01:30:00,1764360000,0.80341,0.80363,0.80303,0.80353,2947,20,0
2025-11-30T20:00:00+00:00,2025-12-01,01:30:00,1764532800,0.80325,0.80386,0.8031,0.80339,1559,1,0
2025-12-01T00:00:00+00:00,2025-12-01,05:30:00,1764547200,0.80338,0.80443,0.80241,0.80416,3837,1,0
2025-12-01T04:00:00+00:00,2025-12-01,09:30:00,1764561600,0.80417,0.80473,0.80307,0.80345,3598,1,0
2025-12-01T08:00:00+00:00,2025-12-01,13:30:00,1764576000,0.80346,0.80375,0.80213,0.80241,5749,1,0
2025-12-01T12:00:00+00:00,2025-12-01,17:30:00,1764590400,0.80241,0.80331,0.79965,0.80234,7746,1,0
2025-12-01T16:00:00+00:00,2025-12-01,21:30:00,1764604800,0.80234,0.80468,0.802,0.80435,4022,1,0
2025-12-01T20:00:00+00:00,2025-12-02,01:30:00,1764619200,0.80436,0.8049,0.80422,0.8048,2049,1,0
2025-12-02T00:00:00+00:00,2025-12-02,05:30:00,1764633600,0.8048,0.80503,0.80407,0.80416,1908,1,0
2025-12-02T04:00:00+00:00,2025-12-02,09:30:00,1764648000,0.80416,0.80495,0.80394,0.80438,1993,1,0
2025-12-02T08:00:00+00:00,2025-12-02,13:30:00,1764662400,0.8044,0.8053,0.80398,0.80447,3830,1,0
2025-12-02T12:00:00+00:00,2025-12-02,17:30:00,1764676800,0.80447,0.80507,0.80304,0.80448,5533,1,0
2025-12-02T16:00:00+00:00,2025-12-02,21:30:00,1764691200,0.8045,0.80488,0.80299,0.80325,3929,1,0
2025-12-02T20:00:00+00:00,2025-12-03,01:30:00,1764705600,0.80324,0.80335,0.80267,0.80283,2127,1,0
2025-12-03T00:00:00+00:00,2025-12-03,05:30:00,1764720000,0.80283,0.80287,0.80189,0.80198,2119,1,0
2025-12-03T04:00:00+00:00,2025-12-03,09:30:00,1764734400,0.80198,0.80269,0.80079,0.80222,2627,1,0
2025-12-03T08:00:00+00:00,2025-12-03,13:30:00,1764748800,0.80221,0.80248,0.80013,0.80016,4503,1,0
2025-12-03T12:00:00+00:00,2025-12-03,17:30:00,1764763200,0.80016,0.8012,0.79945,0.80059,6762,1,0
2025-12-03T16:00:00+00:00,2025-12-03,21:30:00,1764777600,0.8006,0.80075,0.79919,0.7994,3558,1,0
2025-12-03T20:00:00+00:00,2025-12-04,01:30:00,1764792000,0.79941,0.80003,0.79926,0.79981,2042,1,0
2025-12-04T00:00:00+00:00,2025-12-04,05:30:00,1764806400,0.7998,0.80084,0.79974,0.80082,2514,1,0
2025-12-04T04:00:00+00:00,2025-12-04,09:30:00,1764820800,0.80082,0.80147,0.80052,0.80067,2766,1,0
2025-12-04T08:00:00+00:00,2025-12-04,13:30:00,1764835200,0.80067,0.80119,0.79954,0.79964,4805,1,0
2025-12-04T12:00:00+00:00,2025-12-04,17:30:00,1764849600,0.79964,0.80184,0.79961,0.80091,6231,1,0
2025-12-04T16:00:00+00:00,2025-12-04,21:30:00,1764864000,0.80091,0.80324,0.8009,0.80317,3463,1,0
2025-12-04T20:00:00+00:00,2025-12-05,01:30:00,1764878400,0.80317,0.80396,0.80317,0.80375,2332,1,0
2025-12-05T00:00:00+00:00,2025-12-05,05:30:00,1764892800,0.80374,0.80384,0.80309,0.80349,2151,1,0
2025-12-05T04:00:00+00:00,2025-12-05,09:30:00,1764907200,0.80349,0.80349,0.80191,0.80267,3153,1,0
2025-12-05T08:00:00+00:00,2025-12-05,13:30:00,1764921600,0.80266,0.80372,0.80249,0.80333,4022,1,0
2025-12-05T12:00:00+00:00,2025-12-05,17:30:00,1764936000,0.80333,0.80457,0.80272,0.80416,6399,1,0
2025-12-05T16:00:00+00:00,2025-12-05,21:30:00,1764950400,0.80415,0.80552,0.80411,0.80436,4096,1,0
2025-12-05T20:00:00+00:00,2025-12-06,01:30:00,1764964800,0.80437,0.80484,0.80411,0.80464,1676,1,0
2025-12-07T20:00:00+00:00,2025-12-08,01:30:00,1765137600,0.80397,0.80501,0.80321,0.80485,2802,1,0
2025-12-08T00:00:00+00:00,2025-12-08,05:30:00,1765152000,0.80485,0.80485,0.80333,0.80365,2584,1,0
2025-12-08T04:00:00+00:00,2025-12-08,09:30:00,1765166400,0.80366,0.80375,0.80281,0.80343,2642,1,0
2025-12-08T08:00:00+00:00,2025-12-08,13:30:00,1765180800,0.80344,0.80596,0.80324,0.80566,4073,1,0
2025-12-08T12:00:00+00:00,2025-12-08,17:30:00,1765195200,0.80567,0.80856,0.80528,0.80783,5524,1,0
2025-12-08T16:00:00+00:00,2025-12-08,21:30:00,1765209600,0.80784,0.80824,0.80633,0.80672,4012,1,0
2025-12-08T20:00:00+00:00,2025-12-09,01:30:00,1765224000,0.80672,0.80722,0.80658,0.80668,1766,1,0
2025-12-09T00:00:00+00:00,2025-12-09,05:30:00,1765238400,0.80668,0.80691,0.80597,0.80616,2242,1,0
2025-12-09T04:00:00+00:00,2025-12-09,09:30:00,1765252800,0.80617,0.80665,0.80522,0.80636,3107,1,0
2025-12-09T08:00:00+00:00,2025-12-09,13:30:00,1765267200,0.80637,0.80689,0.80499,0.80636,4510,1,0
2025-12-09T12:00:00+00:00,2025-12-09,17:30:00,1765281600,0.80636,0.80822,0.80573,0.80701,6776,1,0
2025-12-09T16:00:00+00:00,2025-12-09,21:30:00,1765296000,0.80701,0.80704,0.80586,0.80588,3744,1,0
2025-12-09T20:00:00+00:00,2025-12-10,01:30:00,1765310400,0.80587,0.80634,0.80562,0.80604,1651,1,0
2025-12-10T00:00:00+00:00,2025-12-10,05:30:00,1765324800,0.80604,0.8065,0.80591,0.8061,1922,1,0
2025-12-10T04:00:00+00:00,2025-12-10,09:30:00,1765339200,0.80611,0.80628,0.80501,0.8051,1901,1,0
2025-12-10T08:00:00+00:00,2025-12-10,13:30:00,1765353600,0.80507,0.80568,0.80402,0.80531,3861,1,0
2025-12-10T12:00:00+00:00,2025-12-10,17:30:00,1765368000,0.80531,0.80536,0.80253,0.80265,5289,1,0
2025-12-10T16:00:00+00:00,2025-12-10,21:30:00,1765382400,0.80265,0.80317,0.8007,0.80111,8715,1,0
2025-12-10T20:00:00+00:00,2025-12-11,01:30:00,1765396800,0.80112,0.80134,0.79918,0.79933,4101,1,0
2025-12-11T00:00:00+00:00,2025-12-11,05:30:00,1765411200,0.79932,0.79957,0.79871,0.79901,2950,1,0
2025-12-11T04:00:00+00:00,2025-12-11,09:30:00,1765425600,0.79901,0.80011,0.7989,0.79975,2549,1,0
2025-12-11T08:00:00+00:00,2025-12-11,13:30:00,1765440000,0.79975,0.79989,0.79633,0.79644,5738,1,0
2025-12-11T12:00:00+00:00,2025-12-11,17:30:00,1765454400,0.79644,0.79677,0.79296,0.79342,7120,1,0
2025-12-11T16:00:00+00:00,2025-12-11,21:30:00,1765468800,0.79343,0.79511,0.79245,0.79506,4719,1,0
2025-12-11T20:00:00+00:00,2025-12-12,01:30:00,1765483200,0.79504,0.79542,0.79415,0.79463,2862,1,0
2025-12-12T00:00:00+00:00,2025-12-12,05:30:00,1765497600,0.79463,0.7949,0.79421,0.79488,2528,1,0
2025-12-12T04:00:00+00:00,2025-12-12,09:30:00,1765512000,0.79488,0.79522,0.79449,0.79501,2260,1,0
2025-12-12T08:00:00+00:00,2025-12-12,13:30:00,1765526400,0.79501,0.79559,0.7945,0.7953,3931,1,0
2025-12-12T12:00:00+00:00,2025-12-12,17:30:00,1765540800,0.7953,0.79632,0.79453,0.79569,5893,1,0
2025-12-12T16:00:00+00:00,2025-12-12,21:30:00,1765555200,0.79569,0.79648,0.79515,0.79587,4193,1,0
2025-12-12T20:00:00+00:00,2025-12-13,01:30:00,1765569600,0.79588,0.79622,0.79557,0.79601,1381,1,0
2025-12-14T20:00:00+00:00,2025-12-15,01:30:00,1765742400,0.79496,0.7962,0.79485,0.7962,1278,1,0
2025-12-15T00:00:00+00:00,2025-12-15,05:30:00,1765756800,0.79619,0.79679,0.79539,0.79618,3243,1,0
2025-12-15T04:00:00+00:00,2025-12-15,09:30:00,1765771200,0.79618,0.79671,0.7959,0.79661,2980,1,0
2025-12-15T08:00:00+00:00,2025-12-15,13:30:00,1765785600,0.79663,0.79736,0.79563,0.79591,4239,1,0
2025-12-15T12:00:00+00:00,2025-12-15,17:30:00,1765800000,0.79591,0.79647,0.79385,0.7951,6009,1,0
2025-12-15T16:00:00+00:00,2025-12-15,21:30:00,1765814400,0.7951,0.79736,0.79503,0.79662,3462,1,0
2025-12-15T20:00:00+00:00,2025-12-16,01:30:00,1765828800,0.79662,0.7967,0.79574,0.79621,1923,1,0
2025-12-16T00:00:00+00:00,2025-12-16,05:30:00,1765843200,0.79622,0.79637,0.79525,0.79581,3269,1,0
2025-12-16T04:00:00+00:00,2025-12-16,09:30:00,1765857600,0.7958,0.79697,0.79573,0.79661,2641,1,0
2025-12-16T08:00:00+00:00,2025-12-16,13:30:00,1765872000,0.79659,0.79709,0.79554,0.79554,4222,1,0
2025-12-16T12:00:00+00:00,2025-12-16,17:30:00,1765886400,0.79554,0.79572,0.79265,0.79519,9471,1,0
2025-12-16T16:00:00+00:00,2025-12-16,21:30:00,1765900800,0.79519,0.79616,0.79367,0.79462,5313,1,0
2025-12-16T20:00:00+00:00,2025-12-17,01:30:00,1765915200,0.79464,0.79544,0.7942,0.79531,2181,1,0
2025-12-17T00:00:00+00:00,2025-12-17,05:30:00,1765929600,0.7953,0.79591,0.7949,0.79569,2517,1,0
2025-12-17T04:00:00+00:00,2025-12-17,09:30:00,1765944000,0.79569,0.7987,0.79568,0.79815,3898,1,0
2025-12-17T08:00:00+00:00,2025-12-17,13:30:00,1765958400,0.79817,0.79874,0.79649,0.79721,4744,1,0
2025-12-17T12:00:00+00:00,2025-12-17,17:30:00,1765972800,0.7972,0.79731,0.79355,0.79451,6666,1,0
2025-12-17T16:00:00+00:00,2025-12-17,21:30:00,1765987200,0.79452,0.79547,0.79427,0.79525,3693,1,0
2025-12-17T20:00:00+00:00,2025-12-18,01:30:00,1766001600,0.79526,0.79591,0.79515,0.79525,2218,1,0
2025-12-18T00:00:00+00:00,2025-12-18,05:30:00,1766016000,0.79525,0.79562,0.79483,0.79535,2479,1,0
2025-12-18T04:00:00+00:00,2025-12-18,09:30:00,1766030400,0.79535,0.79559,0.7947,0.79553,2403,1,0
2025-12-18T08:00:00+00:00,2025-12-18,13:30:00,1766044800,0.79553,0.7966,0.79485,0.79531,3890,1,0
2025-12-18T12:00:00+00:00,2025-12-18,17:30:00,1766059200,0.79531,0.79575,0.79236,0.79385,9368,1,0
2025-12-18T16:00:00+00:00,2025-12-18,21:30:00,1766073600,0.79386,0.79513,0.79305,0.79403,4477,1,0
2025-12-18T20:00:00+00:00,2025-12-19,01:30:00,1766088000,0.79403,0.7944,0.79372,0.79413,1774,1,0
2025-12-19T00:00:00+00:00,2025-12-19,05:30:00,1766102400,0.79411,0.79519,0.79407,0.79503,2778,1,0
2025-12-19T04:00:00+00:00,2025-12-19,09:30:00,1766116800,0.79503,0.79608,0.79458,0.79557,3522,1,0
2025-12-19T08:00:00+00:00,2025-12-19,13:30:00,1766131200,0.79554,0.79596,0.79463,0.79573,4630,1,0
2025-12-19T12:00:00+00:00,2025-12-19,17:30:00,1766145600,0.79574,0.79624,0.7941,0.79587,5895,1,0
2025-12-19T16:00:00+00:00,2025-12-19,21:30:00,1766160000,0.79587,0.79592,0.79453,0.79472,3576,1,0
2025-12-19T20:00:00+00:00,2025-12-20,01:30:00,1766174400,0.79472,0.79582,0.7945,0.79567,1315,1,0
2025-12-21T20:00:00+00:00,2025-12-22,01:30:00,1766347200,0.79456,0.79592,0.79426,0.79547,1791,1,0
2025-12-22T00:00:00+00:00,2025-12-22,05:30:00,1766361600,0.79546,0.79553,0.79442,0.79456,3786,1,0
2025-12-22T04:00:00+00:00,2025-12-22,09:30:00,1766376000,0.79456,0.79533,0.79429,0.79449,2340,1,0
2025-12-22T08:00:00+00:00,2025-12-22,13:30:00,1766390400,0.79449,0.79505,0.79313,0.79342,3613,1,0
2025-12-22T12:00:00+00:00,2025-12-22,17:30:00,1766404800,0.79341,0.79381,0.792,0.79231,5368,1,0
2025-12-22T16:00:00+00:00,2025-12-22,21:30:00,1766419200,0.79231,0.79277,0.79161,0.79181,3252,1,0
2025-12-22T20:00:00+00:00,2025-12-23,01:30:00,1766433600,0.79181,0.79214,0.79145,0.79155,2026,1,0
2025-12-23T00:00:00+00:00,2025-12-23,05:30:00,1766448000,0.79155,0.79156,0.78942,0.78952,2980,1,0
2025-12-23T04:00:00+00:00,2025-12-23,09:30:00,1766462400,0.78949,0.79082,0.7893,0.79044,3163,1,0
2025-12-23T08:00:00+00:00,2025-12-23,13:30:00,1766476800,0.79044,0.79054,0.78723,0.78767,5035,1,0
2025-12-23T12:00:00+00:00,2025-12-23,17:30:00,1766491200,0.78769,0.79084,0.78667,0.78982,7010,1,0
2025-12-23T16:00:00+00:00,2025-12-23,21:30:00,1766505600,0.78983,0.78987,0.78756,0.78771,3535,1,0
2025-12-23T20:00:00+00:00,2025-12-24,01:30:00,1766520000,0.78771,0.78808,0.78709,0.78757,2326,1,0
2025-12-24T00:00:00+00:00,2025-12-24,05:30:00,1766534400,0.78757,0.7877,0.7862,0.78747,3074,1,0
2025-12-24T04:00:00+00:00,2025-12-24,09:30:00,1766548800,0.78747,0.78772,0.78658,0.78752,2692,1,0
2025-12-24T08:00:00+00:00,2025-12-24,13:30:00,1766563200,0.78754,0.7882,0.78614,0.78653,3972,1,0
2025-12-24T12:00:00+00:00,2025-12-24,17:30:00,1766577600,0.78653,0.78897,0.78649,0.78885,4550,1,0
2025-12-24T16:00:00+00:00,2025-12-24,21:30:00,1766592000,0.78886,0.78967,0.7879,0.78799,2635,1,0
2025-12-24T20:00:00+00:00,2025-12-25,01:30:00,1766606400,0.78799,0.7882,0.78773,0.78811,2890,32,0
2025-12-25T20:00:00+00:00,2025-12-26,01:30:00,1766692800,0.7869,0.78836,0.78635,0.78816,3245,1,0
2025-12-26T00:00:00+00:00,2025-12-26,05:30:00,1766707200,0.78815,0.78877,0.78763,0.78839,3198,1,0
2025-12-26T04:00:00+00:00,2025-12-26,09:30:00,1766721600,0.78839,0.78977,0.78799,0.7894,2750,1,0
2025-12-26T08:00:00+00:00,2025-12-26,13:30:00,1766736000,0.7894,0.7903,0.78907,0.78951,3449,1,0
2025-12-26T12:00:00+00:00,2025-12-26,17:30:00,1766750400,0.78951,0.78975,0.78789,0.78887,4927,1,0
2025-12-26T16:00:00+00:00,2025-12-26,21:30:00,1766764800,0.78887,0.79025,0.7888,0.7891,4945,1,0
2025-12-26T20:00:00+00:00,2025-12-27,01:30:00,1766779200,0.7891,0.78972,0.78878,0.78936,1462,1,0
2025-12-28T20:00:00+00:00,2025-12-29,01:30:00,1766952000,0.78818,0.78964,0.78756,0.78923,2783,1,0
2025-12-29T00:00:00+00:00,2025-12-29,05:30:00,1766966400,0.78923,0.78976,0.78824,0.78944,3038,1,0
2025-12-29T04:00:00+00:00,2025-12-29,09:30:00,1766980800,0.78944,0.79012,0.78844,0.78872,3244,1,0
2025-12-29T08:00:00+00:00,2025-12-29,13:30:00,1766995200,0.78874,0.79158,0.78735,0.79033,5283,1,0
2025-12-29T12:00:00+00:00,2025-12-29,17:30:00,1767009600,0.79035,0.79094,0.78821,0.78928,6910,1,0
2025-12-29T16:00:00+00:00,2025-12-29,21:30:00,1767024000,0.78929,0.79097,0.78912,0.78963,4367,1,0
2025-12-29T20:00:00+00:00,2025-12-30,01:30:00,1767038400,0.78963,0.7899,0.78872,0.78886,2044,1,0
2025-12-30T00:00:00+00:00,2025-12-30,05:30:00,1767052800,0.78886,0.78924,0.78841,0.78868,2479,1,0
2025-12-30T04:00:00+00:00,2025-12-30,09:30:00,1767067200,0.78868,0.78935,0.78819,0.7889,2345,1,0
2025-12-30T08:00:00+00:00,2025-12-30,13:30:00,1767081600,0.78889,0.78968,0.78764,0.78894,3961,1,0
2025-12-30T12:00:00+00:00,2025-12-30,17:30:00,1767096000,0.78893,0.79168,0.78893,0.7908,5294,1,0
2025-12-30T16:00:00+00:00,2025-12-30,21:30:00,1767110400,0.79079,0.79184,0.79042,0.79174,3367,1,0
2025-12-30T20:00:00+00:00,2025-12-31,01:30:00,1767124800,0.79174,0.79239,0.79162,0.7919,1645,1,0
2025-12-31T00:00:00+00:00,2025-12-31,05:30:00,1767139200,0.7919,0.79247,0.79161,0.79216,2153,1,0
2025-12-31T04:00:00+00:00,2025-12-31,09:30:00,1767153600,0.79216,0.79333,0.79215,0.79303,2303,1,0
2025-12-31T08:00:00+00:00,2025-12-31,13:30:00,1767168000,0.79303,0.79421,0.7924,0.79241,3929,1,0
2025-12-31T12:00:00+00:00,2025-12-31,17:30:00,1767182400,0.7924,0.79411,0.79175,0.7923,6391,1,0
2025-12-31T16:00:00+00:00,2025-12-31,21:30:00,1767196800,0.79231,0.79399,0.79198,0.79292,4339,1,0
2025-12-31T20:00:00+00:00,2026-01-01,01:30:00,1767211200,0.7929,0.79292,0.79183,0.79253,1235,1,0
2026-01-01T20:00:00+00:00,2026-01-02,01:30:00,1767297600,0.79238,0.7926,0.7918,0.79204,949,1,0
2026-01-02T00:00:00+00:00,2026-01-02,05:30:00,1767312000,0.79203,0.79221,0.79087,0.79126,2043,1,0
2026-01-02T04:00:00+00:00,2026-01-02,09:30:00,1767326400,0.79126,0.79404,0.79124,0.79344,2457,1,0
2026-01-02T08:00:00+00:00,2026-01-02,13:30:00,1767340800,0.79344,0.79412,0.79228,0.79308,4862,1,0
2026-01-02T12:00:00+00:00,2026-01-02,17:30:00,1767355200,0.79308,0.79335,0.79033,0.79044,4982,1,0
2026-01-02T16:00:00+00:00,2026-01-02,21:30:00,1767369600,0.79043,0.79271,0.79015,0.792,3488,1,0
2026-01-02T20:00:00+00:00,2026-01-03,01:30:00,1767384000,0.79202,0.7928,0.79188,0.79227,1215,1,0
2026-01-04T20:00:00+00:00,2026-01-05,01:30:00,1767556800,0.79145,0.79348,0.79145,0.79329,1084,1,0
2026-01-05T00:00:00+00:00,2026-01-05,05:30:00,1767571200,0.79327,0.79496,0.7922,0.79491,4610,1,0
2026-01-05T04:00:00+00:00,2026-01-05,09:30:00,1767585600,0.79492,0.79506,0.7937,0.79415,3456,1,0
2026-01-05T08:00:00+00:00,2026-01-05,13:30:00,1767600000,0.79414,0.79667,0.79372,0.79469,5703,1,0
2026-01-05T12:00:00+00:00,2026-01-05,17:30:00,1767614400,0.79469,0.79676,0.79333,0.79351,7448,1,0
2026-01-05T16:00:00+00:00,2026-01-05,21:30:00,1767628800,0.79353,0.79353,0.79136,0.79157,4594,1,0
2026-01-05T20:00:00+00:00,2026-01-06,01:30:00,1767643200,0.79157,0.7923,0.79126,0.79224,1735,1,0
2026-01-06T00:00:00+00:00,2026-01-06,05:30:00,1767657600,0.79224,0.79266,0.79071,0.79105,2883,1,0
2026-01-06T04:00:00+00:00,2026-01-06,09:30:00,1767672000,0.79106,0.79154,0.79063,0.79121,2560,1,0
2026-01-06T08:00:00+00:00,2026-01-06,13:30:00,1767686400,0.79123,0.79339,0.79076,0.79323,4788,1,0
2026-01-06T12:00:00+00:00,2026-01-06,17:30:00,1767700800,0.79322,0.79552,0.79241,0.79485,6289,1,0
2026-01-06T16:00:00+00:00,2026-01-06,21:30:00,1767715200,0.79485,0.79595,0.79474,0.79536,4045,1,0
2026-01-06T20:00:00+00:00,2026-01-07,01:30:00,1767729600,0.79536,0.79588,0.79512,0.79575,1899,1,0
2026-01-07T00:00:00+00:00,2026-01-07,05:30:00,1767744000,0.79575,0.79589,0.79444,0.79484,2905,1,0
2026-01-07T04:00:00+00:00,2026-01-07,09:30:00,1767758400,0.79484,0.79666,0.79451,0.7964,3112,1,0
2026-01-07T08:00:00+00:00,2026-01-07,13:30:00,1767772800,0.79641,0.79685,0.79539,0.79627,4310,1,0
2026-01-07T12:00:00+00:00,2026-01-07,17:30:00,1767787200,0.79627,0.79726,0.79514,0.79651,7055,1,0
2026-01-07T16:00:00+00:00,2026-01-07,21:30:00,1767801600,0.79652,0.79775,0.79629,0.79746,3700,1,0
2026-01-07T20:00:00+00:00,2026-01-08,01:30:00,1767816000,0.79746,0.79792,0.79719,0.79773,1657,1,0
2026-01-08T00:00:00+00:00,2026-01-08,05:30:00,1767830400,0.79772,0.79802,0.79704,0.79727,2229,1,0
2026-01-08T04:00:00+00:00,2026-01-08,09:30:00,1767844800,0.79726,0.79767,0.79695,0.79738,2875,1,0
2026-01-08T08:00:00+00:00,2026-01-08,13:30:00,1767859200,0.79738,0.79848,0.79683,0.79714,3916,1,0
2026-01-08T12:00:00+00:00,2026-01-08,17:30:00,1767873600,0.79715,0.79894,0.79714,0.79863,5076,1,0
2026-01-08T16:00:00+00:00,2026-01-08,21:30:00,1767888000,0.79864,0.79996,0.79849,0.79949,3390,1,0
2026-01-08T20:00:00+00:00,2026-01-09,01:30:00,1767902400,0.7995,0.79958,0.79863,0.79905,1841,1,0
2026-01-09T00:00:00+00:00,2026-01-09,05:30:00,1767916800,0.79904,0.80014,0.799,0.79955,2578,1,0
2026-01-09T04:00:00+00:00,2026-01-09,09:30:00,1767931200,0.79955,0.80035,0.79944,0.79969,2524,1,0
2026-01-09T08:00:00+00:00,2026-01-09,13:30:00,1767945600,0.79968,0.80035,0.79936,0.79981,3761,1,0
2026-01-09T12:00:00+00:00,2026-01-09,17:30:00,1767960000,0.79981,0.80175,0.79863,0.80108,9790,1,0
2026-01-09T16:00:00+00:00,2026-01-09,21:30:00,1767974400,0.80107,0.8017,0.80064,0.80099,4028,1,0
2026-01-09T20:00:00+00:00,2026-01-10,01:30:00,1767988800,0.80099,0.80132,0.80068,0.80124,1043,1,0
2026-01-11T20:00:00+00:00,2026-01-12,01:30:00,1768161600,0.80053,0.80177,0.80014,0.80168,740,1,0
2026-01-12T00:00:00+00:00,2026-01-12,05:30:00,1768176000,0.80168,0.80174,0.79727,0.79909,5301,1,0
2026-01-12T04:00:00+00:00,2026-01-12,09:30:00,1768190400,0.79911,0.79931,0.79625,0.79646,3720,1,0
2026-01-12T08:00:00+00:00,2026-01-12,13:30:00,1768204800,0.79646,0.79788,0.79561,0.79763,5267,1,0
2026-01-12T12:00:00+00:00,2026-01-12,17:30:00,1768219200,0.79763,0.79795,0.79569,0.79625,6361,1,0
2026-01-12T16:00:00+00:00,2026-01-12,21:30:00,1768233600,0.79625,0.79763,0.79614,0.79702,3956,1,0
2026-01-12T20:00:00+00:00,2026-01-13,01:30:00,1768248000,0.79702,0.79784,0.79684,0.7973,2043,1,0
2026-01-13T00:00:00+00:00,2026-01-13,05:30:00,1768262400,0.7973,0.79805,0.79729,0.79783,2438,1,0
2026-01-13T04:00:00+00:00,2026-01-13,09:30:00,1768276800,0.79783,0.79799,0.79681,0.79745,3219,1,0
2026-01-13T08:00:00+00:00,2026-01-13,13:30:00,1768291200,0.79747,0.79851,0.79674,0.79824,3878,1,0
2026-01-13T12:00:00+00:00,2026-01-13,17:30:00,1768305600,0.79824,0.80041,0.79739,0.79991,7863,1,0
2026-01-13T16:00:00+00:00,2026-01-13,21:30:00,1768320000,0.79989,0.80158,0.79971,0.80066,4498,1,0
2026-01-13T20:00:00+00:00,2026-01-14,01:30:00,1768334400,0.80064,0.80115,0.80055,0.80114,2198,1,0
2026-01-14T00:00:00+00:00,2026-01-14,05:30:00,1768348800,0.80114,0.80177,0.80065,0.80086,2419,1,0
2026-01-14T04:00:00+00:00,2026-01-14,09:30:00,1768363200,0.80088,0.80152,0.80053,0.80113,2354,1,0
2026-01-14T08:00:00+00:00,2026-01-14,13:30:00,1768377600,0.80113,0.80274,0.80051,0.80097,5124,1,0
2026-01-14T12:00:00+00:00,2026-01-14,17:30:00,1768392000,0.80097,0.80143,0.79874,0.79875,7144,1,0
2026-01-14T16:00:00+00:00,2026-01-14,21:30:00,1768406400,0.79876,0.80048,0.79838,0.80043,3871,1,0
2026-01-14T20:00:00+00:00,2026-01-15,01:30:00,1768420800,0.80041,0.80045,0.79945,0.79981,2734,1,0
2026-01-15T00:00:00+00:00,2026-01-15,05:30:00,1768435200,0.79981,0.80056,0.79953,0.80046,2765,1,0
2026-01-15T04:00:00+00:00,2026-01-15,09:30:00,1768449600,0.80046,0.80165,0.80045,0.80122,2691,1,0
2026-01-15T08:00:00+00:00,2026-01-15,13:30:00,1768464000,0.80123,0.80173,0.80015,0.8012,4257,1,0
2026-01-15T12:00:00+00:00,2026-01-15,17:30:00,1768478400,0.8012,0.80407,0.8007,0.80344,6555,1,0
2026-01-15T16:00:00+00:00,2026-01-15,21:30:00,1768492800,0.80344,0.80368,0.80247,0.80312,3885,1,0
2026-01-15T20:00:00+00:00,2026-01-16,01:30:00,1768507200,0.8031,0.80369,0.80298,0.80339,1759,1,0
2026-01-16T00:00:00+00:00,2026-01-16,05:30:00,1768521600,0.8034,0.80395,0.80248,0.8025,2728,1,0
2026-01-16T04:00:00+00:00,2026-01-16,09:30:00,1768536000,0.8025,0.80286,0.80186,0.80238,2452,1,0
2026-01-16T08:00:00+00:00,2026-01-16,13:30:00,1768550400,0.8024,0.80275,0.80111,0.80152,3399,1,0
2026-01-16T12:00:00+00:00,2026-01-16,17:30:00,1768564800,0.80152,0.80351,0.80061,0.80292,6168,1,0
2026-01-16T16:00:00+00:00,2026-01-16,21:30:00,1768579200,0.80291,0.80358,0.80191,0.80336,4075,1,0
2026-01-16T20:00:00+00:00,2026-01-17,01:30:00,1768593600,0.80337,0.80337,0.80289,0.80298,1043,1,0
2026-01-18T20:00:00+00:00,2026-01-19,01:30:00,1768766400,0.80101,0.80261,0.79801,0.79876,3383,1,0
2026-01-19T00:00:00+00:00,2026-01-19,05:30:00,1768780800,0.79876,0.80041,0.79799,0.79903,5905,1,0
2026-01-19T04:00:00+00:00,2026-01-19,09:30:00,1768795200,0.79903,0.79972,0.79787,0.79938,4015,1,0
2026-01-19T08:00:00+00:00,2026-01-19,13:30:00,1768809600,0.79938,0.80007,0.79834,0.79866,4752,1,0
2026-01-19T12:00:00+00:00,2026-01-19,17:30:00,1768824000,0.79866,0.79883,0.79626,0.79709,4921,1,0
2026-01-19T16:00:00+00:00,2026-01-19,21:30:00,1768838400,0.79709,0.7977,0.79678,0.79736,2279,1,0
2026-01-19T20:00:00+00:00,2026-01-20,01:30:00,1768852800,0.79736,0.79806,0.79729,0.79793,1239,1,0
2026-01-20T00:00:00+00:00,2026-01-20,05:30:00,1768867200,0.79791,0.79842,0.79633,0.79672,2829,1,0
2026-01-20T04:00:00+00:00,2026-01-20,09:30:00,1768881600,0.79672,0.79676,0.79333,0.79361,4459,1,0
2026-01-20T08:00:00+00:00,2026-01-20,13:30:00,1768896000,0.7936,0.79381,0.78885,0.78989,9511,1,0
2026-01-20T12:00:00+00:00,2026-01-20,17:30:00,1768910400,0.78989,0.79203,0.78785,0.79021,11603,1,0
2026-01-20T16:00:00+00:00,2026-01-20,21:30:00,1768924800,0.79021,0.7904,0.78864,0.79035,5609,1,0
2026-01-20T20:00:00+00:00,2026-01-21,01:30:00,1768939200,0.79036,0.79051,0.78946,0.78967,2562,1,0
2026-01-21T00:00:00+00:00,2026-01-21,05:30:00,1768953600,0.78968,0.79171,0.789,0.79072,3822,1,0
2026-01-21T04:00:00+00:00,2026-01-21,09:30:00,1768968000,0.79072,0.79192,0.79045,0.79133,4002,1,0
2026-01-21T08:00:00+00:00,2026-01-21,13:30:00,1768982400,0.79133,0.7931,0.79063,0.79106,5197,1,0
2026-01-21T12:00:00+00:00,2026-01-21,17:30:00,1768996800,0.79106,0.79422,0.78905,0.79405,10150,1,0
2026-01-21T16:00:00+00:00,2026-01-21,21:30:00,1769011200,0.79407,0.79687,0.79237,0.79565,8170,1,0
2026-01-21T20:00:00+00:00,2026-01-22,01:30:00,1769025600,0.79564,0.79669,0.79512,0.79637,3178,1,0
2026-01-22T00:00:00+00:00,2026-01-22,05:30:00,1769040000,0.79638,0.79638,0.79495,0.795,3344,1,0
2026-01-22T04:00:00+00:00,2026-01-22,09:30:00,1769054400,0.795,0.79528,0.79357,0.79413,3646,1,0
2026-01-22T08:00:00+00:00,2026-01-22,13:30:00,1769068800,0.79415,0.79464,0.79245,0.79286,5486,1,0
2026-01-22T12:00:00+00:00,2026-01-22,17:30:00,1769083200,0.79286,0.79325,0.79077,0.7908,6786,1,0
2026-01-22T16:00:00+00:00,2026-01-22,21:30:00,1769097600,0.7908,0.79118,0.78944,0.7901,4699,1,0
2026-01-22T20:00:00+00:00,2026-01-23,01:30:00,1769112000,0.7901,0.79017,0.78883,0.78911,2334,1,0
2026-01-23T00:00:00+00:00,2026-01-23,05:30:00,1769126400,0.78911,0.7905,0.78911,0.79048,2989,1,0
2026-01-23T04:00:00+00:00,2026-01-23,09:30:00,1769140800,0.79048,0.7911,0.78945,0.79047,4192,1,0
2026-01-23T08:00:00+00:00,2026-01-23,13:30:00,1769155200,0.79049,0.79145,0.78983,0.79044,5530,1,0
2026-01-23T12:00:00+00:00,2026-01-23,17:30:00,1769169600,0.79042,0.79094,0.78886,0.78911,5079,1,0
2026-01-23T16:00:00+00:00,2026-01-23,21:30:00,1769184000,0.78911,0.79002,0.78155,0.78255,9175,1,0
2026-01-23T20:00:00+00:00,2026-01-24,01:30:00,1769198400,0.78254,0.78295,0.77884,0.78042,4025,1,0
2026-01-25T20:00:00+00:00,2026-01-26,01:30:00,1769371200,0.77505,0.77822,0.77432,0.778,3393,1,0
2026-01-26T00:00:00+00:00,2026-01-26,05:30:00,1769385600,0.77797,0.77936,0.77609,0.77711,8508,1,0
2026-01-26T04:00:00+00:00,2026-01-26,09:30:00,1769400000,0.7771,0.77922,0.77639,0.77921,7063,1,0
2026-01-26T08:00:00+00:00,2026-01-26,13:30:00,1769414400,0.77921,0.7793,0.77532,0.7773,8956,1,0
2026-01-26T12:00:00+00:00,2026-01-26,17:30:00,1769428800,0.77731,0.77937,0.77367,0.77401,8400,1,0
2026-01-26T16:00:00+00:00,2026-01-26,21:30:00,1769443200,0.774,0.77709,0.77308,0.77637,7471,1,0
2026-01-26T20:00:00+00:00,2026-01-27,01:30:00,1769457600,0.77637,0.7774,0.77601,0.77735,2977,1,0
2026-01-27T00:00:00+00:00,2026-01-27,05:30:00,1769472000,0.77735,0.77756,0.7753,0.77705,4048,1,0
2026-01-27T04:00:00+00:00,2026-01-27,09:30:00,1769486400,0.77704,0.77809,0.77665,0.77781,4453,1,0
2026-01-27T08:00:00+00:00,2026-01-27,13:30:00,1769500800,0.7778,0.77841,0.77426,0.77435,7532,1,0
2026-01-27T12:00:00+00:00,2026-01-27,17:30:00,1769515200,0.77434,0.7744,0.76602,0.76789,15964,1,0
2026-01-27T16:00:00+00:00,2026-01-27,21:30:00,1769529600,0.7679,0.768,0.76581,0.76653,8853,1,0
2026-01-27T20:00:00+00:00,2026-01-28,01:30:00,1769544000,0.76655,0.7668,0.7604,0.76289,11569,1,0
2026-01-28T00:00:00+00:00,2026-01-28,05:30:00,1769558400,0.7629,0.76645,0.7629,0.76576,5895,1,0
2026-01-28T04:00:00+00:00,2026-01-28,09:30:00,1769572800,0.76575,0.76662,0.7629,0.76517,6735,1,0
2026-01-28T08:00:00+00:00,2026-01-28,13:30:00,1769587200,0.76514,0.76937,0.76451,0.76822,11166,1,0
2026-01-28T12:00:00+00:00,2026-01-28,17:30:00,1769601600,0.76822,0.77198,0.76626,0.76931,14678,1,0
2026-01-28T16:00:00+00:00,2026-01-28,21:30:00,1769616000,0.76933,0.77272,0.76889,0.77,11960,1,0
2026-01-28T20:00:00+00:00,2026-01-29,01:30:00,1769630400,0.77,0.77047,0.76551,0.76551,5478,1,0
2026-01-29T00:00:00+00:00,2026-01-29,05:30:00,1769644800,0.76549,0.76801,0.76469,0.76539,6280,1,0
2026-01-29T04:00:00+00:00,2026-01-29,09:30:00,1769659200,0.76539,0.7672,0.76486,0.7665,5611,1,0
2026-01-29T08:00:00+00:00,2026-01-29,13:30:00,1769673600,0.76651,0.76864,0.76558,0.76833,8297,1,0
2026-01-29T12:00:00+00:00,2026-01-29,17:30:00,1769688000,0.76834,0.7706,0.76576,0.76809,14815,1,0
2026-01-29T16:00:00+00:00,2026-01-29,21:30:00,1769702400,0.76808,0.76826,0.76591,0.76647,10473,1,0
2026-01-29T20:00:00+00:00,2026-01-30,01:30:00,1769716800,0.76647,0.76679,0.76368,0.76441,4854,1,0
2026-01-30T00:00:00+00:00,2026-01-30,05:30:00,1769731200,0.76441,0.77005,0.76388,0.76863,10169,1,0
2026-01-30T04:00:00+00:00,2026-01-30,09:30:00,1769745600,0.76864,0.76922,0.76707,0.76745,7210,1,0
2026-01-30T08:00:00+00:00,2026-01-30,13:30:00,1769760000,0.76744,0.76999,0.76691,0.76699,9671,1,0
2026-01-30T12:00:00+00:00,2026-01-30,17:30:00,1769774400,0.76699,0.77025,0.76629,0.77015,12736,1,0
2026-01-30T16:00:00+00:00,2026-01-30,21:30:00,1769788800,0.77016,0.77304,0.76993,0.77188,11686,1,0
2026-01-30T20:00:00+00:00,2026-01-31,01:30:00,1769803200,0.77186,0.7732,0.77186,0.77295,2876,1,0
2026-02-01T20:00:00+00:00,2026-02-02,01:30:00,1769976000,0.77193,0.77473,0.7716,0.77373,2768,1,0
2026-02-02T00:00:00+00:00,2026-02-02,05:30:00,1769990400,0.77373,0.77373,0.77175,0.77242,8094,1,0
2026-02-02T04:00:00+00:00,2026-02-02,09:30:00,1770004800,0.77241,0.7737,0.77144,0.77341,8018,1,0
2026-02-02T08:00:00+00:00,2026-02-02,13:30:00,1770019200,0.7734,0.77634,0.77264,0.77521,9217,1,0
2026-02-02T12:00:00+00:00,2026-02-02,17:30:00,1770033600,0.77521,0.78173,0.7748,0.78152,12269,1,0
2026-02-02T16:00:00+00:00,2026-02-02,21:30:00,1770048000,0.78153,0.78173,0.77909,0.77983,8302,1,0
2026-02-02T20:00:00+00:00,2026-02-03,01:30:00,1770062400,0.77984,0.78043,0.77902,0.77905,3202,1,0
2026-02-03T00:00:00+00:00,2026-02-03,05:30:00,1770076800,0.77904,0.77914,0.77789,0.77838,4280,1,0
2026-02-03T04:00:00+00:00,2026-02-03,09:30:00,1770091200,0.77838,0.77852,0.77682,0.77736,4616,1,0
2026-02-03T08:00:00+00:00,2026-02-03,13:30:00,1770105600,0.77736,0.77892,0.7767,0.77844,6631,1,0
2026-02-03T12:00:00+00:00,2026-02-03,17:30:00,1770120000,0.77846,0.77881,0.77503,0.77515,8353,1,0
2026-02-03T16:00:00+00:00,2026-02-03,21:30:00,1770134400,0.77513,0.77594,0.77389,0.77559,7830,1,0
2026-02-03T20:00:00+00:00,2026-02-04,01:30:00,1770148800,0.77556,0.77595,0.77502,0.77581,2697,1,0
2026-02-04T00:00:00+00:00,2026-02-04,05:30:00,1770163200,0.77581,0.7766,0.77521,0.77543,3780,1,0
2026-02-04T04:00:00+00:00,2026-02-04,09:30:00,1770177600,0.77543,0.77621,0.77457,0.77588,3693,1,0
2026-02-04T08:00:00+00:00,2026-02-04,13:30:00,1770192000,0.77588,0.77723,0.77502,0.77648,5969,1,0
2026-02-04T12:00:00+00:00,2026-02-04,17:30:00,1770206400,0.7765,0.77753,0.77494,0.77715,9483,1,0
2026-02-04T16:00:00+00:00,2026-02-04,21:30:00,1770220800,0.77713,0.7776,0.77562,0.77656,7714,1,0
2026-02-04T20:00:00+00:00,2026-02-05,01:30:00,1770235200,0.77656,0.77747,0.77656,0.77737,2589,1,0
2026-02-05T00:00:00+00:00,2026-02-05,05:30:00,1770249600,0.77735,0.77813,0.77663,0.778,4257,1,0
2026-02-05T04:00:00+00:00,2026-02-05,09:30:00,1770264000,0.778,0.77871,0.77746,0.77777,3679,1,0
2026-02-05T08:00:00+00:00,2026-02-05,13:30:00,1770278400,0.77779,0.77863,0.77691,0.77745,5639,1,0
2026-02-05T12:00:00+00:00,2026-02-05,17:30:00,1770292800,0.77745,0.7778,0.77421,0.77722,13204,1,0
2026-02-05T16:00:00+00:00,2026-02-05,21:30:00,1770307200,0.77722,0.77801,0.77673,0.77743,5840,1,0
2026-02-05T20:00:00+00:00,2026-02-06,01:30:00,1770321600,0.77743,0.77846,0.7771,0.77779,3336,1,0
2026-02-06T00:00:00+00:00,2026-02-06,05:30:00,1770336000,0.77779,0.77818,0.77691,0.77734,3829,1,0
2026-02-06T04:00:00+00:00,2026-02-06,09:30:00,1770350400,0.77733,0.77752,0.77613,0.77749,3378,1,0
2026-02-06T08:00:00+00:00,2026-02-06,13:30:00,1770364800,0.77748,0.77859,0.77724,0.77816,5166,1,0
2026-02-06T12:00:00+00:00,2026-02-06,17:30:00,1770379200,0.77816,0.7783,0.77509,0.77523,7073,1,0
2026-02-06T16:00:00+00:00,2026-02-06,21:30:00,1770393600,0.77522,0.77612,0.77508,0.77538,4384,1,0
2026-02-06T20:00:00+00:00,2026-02-07,01:30:00,1770408000,0.77538,0.77599,0.77515,0.77578,1176,1,0
2026-02-08T20:00:00+00:00,2026-02-09,01:30:00,1770580800,0.77516,0.77716,0.77516,0.77589,1625,1,0
2026-02-09T00:00:00+00:00,2026-02-09,05:30:00,1770595200,0.77588,0.77652,0.77481,0.776,4635,1,0
2026-02-09T04:00:00+00:00,2026-02-09,09:30:00,1770609600,0.776,0.77601,0.77247,0.77302,4794,1,0
2026-02-09T08:00:00+00:00,2026-02-09,13:30:00,1770624000,0.77303,0.77338,0.77136,0.77141,6373,1,0
2026-02-09T12:00:00+00:00,2026-02-09,17:30:00,1770638400,0.77141,0.77141,0.76613,0.76644,9780,1,0
2026-02-09T16:00:00+00:00,2026-02-09,21:30:00,1770652800,0.76644,0.76839,0.76576,0.76601,5128,1,0
2026-02-09T20:00:00+00:00,2026-02-10,01:30:00,1770667200,0.766,0.76727,0.7659,0.76704,2511,1,0
2026-02-10T00:00:00+00:00,2026-02-10,05:30:00,1770681600,0.76706,0.76773,0.76569,0.76637,3314,1,0
2026-02-10T04:00:00+00:00,2026-02-10,09:30:00,1770696000,0.76637,0.76762,0.76627,0.76679,3594,1,0
2026-02-10T08:00:00+00:00,2026-02-10,13:30:00,1770710400,0.76677,0.7675,0.76529,0.76651,5159,1,0
2026-02-10T12:00:00+00:00,2026-02-10,17:30:00,1770724800,0.76652,0.76731,0.76291,0.76508,10053,1,0
2026-02-10T16:00:00+00:00,2026-02-10,21:30:00,1770739200,0.76508,0.7688,0.76497,0.76741,5401,1,0
2026-02-10T20:00:00+00:00,2026-02-11,01:30:00,1770753600,0.76741,0.76885,0.76732,0.76867,2185,1,0
2026-02-11T00:00:00+00:00,2026-02-11,05:30:00,1770768000,0.76867,0.76877,0.76613,0.7664,3553,1,0
2026-02-11T04:00:00+00:00,2026-02-11,09:30:00,1770782400,0.76641,0.76654,0.76483,0.76577,3996,1,0
2026-02-11T08:00:00+00:00,2026-02-11,13:30:00,1770796800,0.76576,0.76698,0.76517,0.76624,5393,1,0
2026-02-11T12:00:00+00:00,2026-02-11,17:30:00,1770811200,0.76622,0.77302,0.76616,0.77249,16895,1,0
2026-02-11T16:00:00+00:00,2026-02-11,21:30:00,1770825600,0.77251,0.77289,0.76967,0.77055,7317,1,0
2026-02-11T20:00:00+00:00,2026-02-12,01:30:00,1770840000,0.77056,0.77185,0.77048,0.77124,2887,1,0
2026-02-12T00:00:00+00:00,2026-02-12,05:30:00,1770854400,0.77124,0.77157,0.76999,0.7708,4095,1,0
2026-02-12T04:00:00+00:00,2026-02-12,09:30:00,1770868800,0.7708,0.77249,0.77055,0.77096,5049,1,0
2026-02-12T08:00:00+00:00,2026-02-12,13:30:00,1770883200,0.77097,0.77122,0.76689,0.7669,5684,1,0
2026-02-12T12:00:00+00:00,2026-02-12,17:30:00,1770897600,0.7669,0.77022,0.76672,0.76775,9071,1,0
2026-02-12T16:00:00+00:00,2026-02-12,21:30:00,1770912000,0.76773,0.7702,0.76723,0.76954,9406,1,0
2026-02-12T20:00:00+00:00,2026-02-13,01:30:00,1770926400,0.76955,0.7698,0.76888,0.76952,2644,1,0
2026-02-13T00:00:00+00:00,2026-02-13,05:30:00,1770940800,0.76954,0.76981,0.76888,0.76979,3206,1,0
2026-02-13T04:00:00+00:00,2026-02-13,09:30:00,1770955200,0.76979,0.7718,0.76968,0.77056,4018,1,0
2026-02-13T08:00:00+00:00,2026-02-13,13:30:00,1770969600,0.77057,0.77079,0.76916,0.76975,5176,1,0
2026-02-13T12:00:00+00:00,2026-02-13,17:30:00,1770984000,0.76975,0.77034,0.76705,0.77029,9642,1,0
2026-02-13T16:00:00+00:00,2026-02-13,21:30:00,1770998400,0.77029,0.77035,0.76758,0.76826,4602,1,0
2026-02-13T20:00:00+00:00,2026-02-14,01:30:00,1771012800,0.76827,0.76858,0.76752,0.76762,1392,1,0
2026-02-15T20:00:00+00:00,2026-02-16,01:30:00,1771185600,0.76742,0.7687,0.76686,0.76837,1185,1,0
2026-02-16T00:00:00+00:00,2026-02-16,05:30:00,1771200000,0.76835,0.76889,0.76805,0.76811,2749,1,0
2026-02-16T04:00:00+00:00,2026-02-16,09:30:00,1771214400,0.7681,0.76886,0.76803,0.76848,2113,1,0
2026-02-16T08:00:00+00:00,2026-02-16,13:30:00,1771228800,0.76849,0.77016,0.76788,0.76988,4206,1,0
2026-02-16T12:00:00+00:00,2026-02-16,17:30:00,1771243200,0.76988,0.77046,0.76903,0.76941,3454,1,0
2026-02-16T16:00:00+00:00,2026-02-16,21:30:00,1771257600,0.7694,0.7699,0.76919,0.76923,1637,1,0
2026-02-16T20:00:00+00:00,2026-02-17,01:30:00,1771272000,0.76923,0.76991,0.76917,0.76972,1453,1,0
2026-02-17T00:00:00+00:00,2026-02-17,05:30:00,1771286400,0.76972,0.77014,0.76933,0.76952,2980,1,0
2026-02-17T04:00:00+00:00,2026-02-17,09:30:00,1771300800,0.76952,0.77068,0.76878,0.77047,3158,1,0
2026-02-17T08:00:00+00:00,2026-02-17,13:30:00,1771315200,0.77044,0.7708,0.76883,0.77042,4784,1,0
2026-02-17T12:00:00+00:00,2026-02-17,17:30:00,1771329600,0.77042,0.77398,0.77004,0.77378,8238,1,0
2026-02-17T16:00:00+00:00,2026-02-17,21:30:00,1771344000,0.77379,0.77382,0.77011,0.77029,4726,1,0
2026-02-17T20:00:00+00:00,2026-02-18,01:30:00,1771358400,0.7703,0.77045,0.76996,0.77028,2076,1,0
2026-02-18T00:00:00+00:00,2026-02-18,05:30:00,1771372800,0.77028,0.77108,0.77,0.77107,2303,1,0
2026-02-18T04:00:00+00:00,2026-02-18,09:30:00,1771387200,0.77107,0.77166,0.77055,0.77145,2246,1,0
2026-02-18T08:00:00+00:00,2026-02-18,13:30:00,1771401600,0.77144,0.77216,0.7709,0.77115,3911,1,0
2026-02-18T12:00:00+00:00,2026-02-18,17:30:00,1771416000,0.77115,0.77215,0.76998,0.77132,6174,1,0
2026-02-18T16:00:00+00:00,2026-02-18,21:30:00,1771430400,0.77132,0.7732,0.77091,0.77267,5203,1,0
2026-02-18T20:00:00+00:00,2026-02-19,01:30:00,1771444800,0.77268,0.77316,0.77237,0.77249,2364,1,0
2026-02-19T00:00:00+00:00,2026-02-19,05:30:00,1771459200,0.77248,0.77304,0.7721,0.77292,2262,1,0
2026-02-19T04:00:00+00:00,2026-02-19,09:30:00,1771473600,0.77292,0.77338,0.77206,0.77237,2626,1,0
2026-02-19T08:00:00+00:00,2026-02-19,13:30:00,1771488000,0.77237,0.77428,0.77217,0.77409,4266,1,0
2026-02-19T12:00:00+00:00,2026-02-19,17:30:00,1771502400,0.77411,0.77626,0.77404,0.77554,8249,1,0
2026-02-19T16:00:00+00:00,2026-02-19,21:30:00,1771516800,0.77552,0.77623,0.77476,0.77596,4713,1,0
2026-02-19T20:00:00+00:00,2026-02-20,01:30:00,1771531200,0.77595,0.77597,0.77471,0.77544,2237,1,0
2026-02-20T00:00:00+00:00,2026-02-20,05:30:00,1771545600,0.77544,0.77622,0.7752,0.77581,2797,1,0
2026-02-20T04:00:00+00:00,2026-02-20,09:30:00,1771560000,0.77581,0.77628,0.77515,0.77626,2899,1,0
2026-02-20T08:00:00+00:00,2026-02-20,13:30:00,1771574400,0.77626,0.77687,0.77503,0.77625,5221,1,0
2026-02-20T12:00:00+00:00,2026-02-20,17:30:00,1771588800,0.77626,0.7772,0.77309,0.77441,11687,1,0
2026-02-20T16:00:00+00:00,2026-02-20,21:30:00,1771603200,0.77438,0.77633,0.77366,0.77546,7906,1,0
2026-02-20T20:00:00+00:00,2026-02-21,01:30:00,1771617600,0.77548,0.77613,0.77464,0.77591,1683,1,0
2026-02-22T20:00:00+00:00,2026-02-23,01:30:00,1771790400,0.77405,0.77494,0.77172,0.77182,1809,1,0
2026-02-23T00:00:00+00:00,2026-02-23,05:30:00,1771804800,0.77182,0.77251,0.77105,0.77206,5058,1,0
2026-02-23T04:00:00+00:00,2026-02-23,09:30:00,1771819200,0.77206,0.77296,0.77163,0.77217,3399,1,0
2026-02-23T08:00:00+00:00,2026-02-23,13:30:00,1771833600,0.77218,0.77637,0.77208,0.77622,5425,1,0
2026-02-23T12:00:00+00:00,2026-02-23,17:30:00,1771848000,0.77624,0.77681,0.7732,0.77419,6958,1,0
2026-02-23T16:00:00+00:00,2026-02-23,21:30:00,1771862400,0.77422,0.77463,0.77317,0.77437,4692,1,0
2026-02-23T20:00:00+00:00,2026-02-24,01:30:00,1771876800,0.77436,0.77487,0.77409,0.77431,2225,1,0
2026-02-24T00:00:00+00:00,2026-02-24,05:30:00,1771891200,0.77432,0.77608,0.77418,0.77595,3549,1,0
2026-02-24T04:00:00+00:00,2026-02-24,09:30:00,1771905600,0.77595,0.77659,0.77526,0.77556,4140,1,0
2026-02-24T08:00:00+00:00,2026-02-24,13:30:00,1771920000,0.77557,0.77585,0.77317,0.77376,5439,1,0
2026-02-24T12:00:00+00:00,2026-02-24,17:30:00,1771934400,0.77374,0.7751,0.77366,0.77471,6657,1,0
2026-02-24T16:00:00+00:00,2026-02-24,21:30:00,1771948800,0.77472,0.77478,0.77303,0.77351,3925,1,0
2026-02-24T20:00:00+00:00,2026-02-25,01:30:00,1771963200,0.77351,0.77419,0.77319,0.77387,1968,1,0
2026-02-25T00:00:00+00:00,2026-02-25,05:30:00,1771977600,0.77386,0.77407,0.77265,0.77309,4087,1,0
2026-02-25T04:00:00+00:00,2026-02-25,09:30:00,1771992000,0.7731,0.77332,0.77193,0.77305,3563,1,0
2026-02-25T08:00:00+00:00,2026-02-25,13:30:00,1772006400,0.77305,0.77576,0.77278,0.77545,4733,1,0
2026-02-25T12:00:00+00:00,2026-02-25,17:30:00,1772020800,0.77545,0.77552,0.7724,0.77335,6410,1,0
2026-02-25T16:00:00+00:00,2026-02-25,21:30:00,1772035200,0.77334,0.77334,0.77188,0.77288,4031,1,0
2026-02-25T20:00:00+00:00,2026-02-26,01:30:00,1772049600,0.77288,0.77322,0.77212,0.77216,2633,1,0
2026-02-26T00:00:00+00:00,2026-02-26,05:30:00,1772064000,0.77217,0.77248,0.77106,0.77212,3418,1,0
2026-02-26T04:00:00+00:00,2026-02-26,09:30:00,1772078400,0.77212,0.77256,0.77165,0.7718,3401,1,0
2026-02-26T08:00:00+00:00,2026-02-26,13:30:00,1772092800,0.77181,0.77539,0.7718,0.7752,4570,1,0
2026-02-26T12:00:00+00:00,2026-02-26,17:30:00,1772107200,0.7752,0.77521,0.7732,0.77373,6709,1,0
2026-02-26T16:00:00+00:00,2026-02-26,21:30:00,1772121600,0.77373,0.77517,0.77356,0.77408,4914,1,0
2026-02-26T20:00:00+00:00,2026-02-27,01:30:00,1772136000,0.77407,0.77427,0.77324,0.77324,2135,1,0
2026-02-27T00:00:00+00:00,2026-02-27,05:30:00,1772150400,0.77324,0.7739,0.77282,0.7731,3397,1,0
2026-02-27T04:00:00+00:00,2026-02-27,09:30:00,1772164800,0.77311,0.77373,0.77247,0.77289,3350,1,0
2026-02-27T08:00:00+00:00,2026-02-27,13:30:00,1772179200,0.77286,0.77319,0.77204,0.77226,4667,1,0
2026-02-27T12:00:00+00:00,2026-02-27,17:30:00,1772193600,0.77225,0.77225,0.76715,0.76894,9078,1,0
2026-02-27T16:00:00+00:00,2026-02-27,21:30:00,1772208000,0.76892,0.76918,0.76772,0.7682,4797,1,0
2026-02-27T20:00:00+00:00,2026-02-28,01:30:00,1772222400,0.76819,0.76967,0.76792,0.76898,1619,1,0
2026-03-01T20:00:00+00:00,2026-03-02,01:30:00,1772395200,0.76705,0.76973,0.7669,0.76957,2443,1,0
2026-03-02T00:00:00+00:00,2026-03-02,05:30:00,1772409600,0.76959,0.76996,0.76787,0.76826,5788,1,0
2026-03-02T04:00:00+00:00,2026-03-02,09:30:00,1772424000,0.76826,0.77347,0.76822,0.77273,6741,1,0
2026-03-02T08:00:00+00:00,2026-03-02,13:30:00,1772438400,0.77275,0.77516,0.77111,0.77501,8840,1,0
2026-03-02T12:00:00+00:00,2026-03-02,17:30:00,1772452800,0.77501,0.78088,0.77501,0.78024,12430,1,0
2026-03-02T16:00:00+00:00,2026-03-02,21:30:00,1772467200,0.78026,0.78134,0.77791,0.7781,7330,1,0
2026-03-02T20:00:00+00:00,2026-03-03,01:30:00,1772481600,0.77808,0.78025,0.77799,0.77877,4444,1,0
2026-03-03T00:00:00+00:00,2026-03-03,05:30:00,1772496000,0.77877,0.78048,0.77848,0.78017,5070,1,0
2026-03-03T04:00:00+00:00,2026-03-03,09:30:00,1772510400,0.78016,0.78314,0.78002,0.7829,6621,1,0
2026-03-03T08:00:00+00:00,2026-03-03,13:30:00,1772524800,0.7829,0.78785,0.78269,0.78642,12205,1,0
2026-03-03T12:00:00+00:00,2026-03-03,17:30:00,1772539200,0.78642,0.78696,0.78404,0.7849,14245,1,0
2026-03-03T16:00:00+00:00,2026-03-03,21:30:00,1772553600,0.7849,0.7849,0.78103,0.78167,12249,1,0
2026-03-03T20:00:00+00:00,2026-03-04,01:30:00,1772568000,0.78166,0.78265,0.78089,0.78201,4036,1,0
2026-03-04T00:00:00+00:00,2026-03-04,05:30:00,1772582400,0.78202,0.78332,0.78058,0.78073,6321,1,0
2026-03-04T04:00:00+00:00,2026-03-04,09:30:00,1772596800,0.78072,0.78246,0.77909,0.78037,6177,1,0
2026-03-04T08:00:00+00:00,2026-03-04,13:30:00,1772611200,0.78038,0.78352,0.77977,0.78067,10628,1,0
2026-03-04T12:00:00+00:00,2026-03-04,17:30:00,1772625600,0.78066,0.78195,0.77945,0.77997,11925,1,0
2026-03-04T16:00:00+00:00,2026-03-04,21:30:00,1772640000,0.77995,0.78057,0.77872,0.77882,5993,1,0
2026-03-04T20:00:00+00:00,2026-03-05,01:30:00,1772654400,0.77881,0.77939,0.77879,0.77917,2510,1,0
2026-03-05T00:00:00+00:00,2026-03-05,05:30:00,1772668800,0.77917,0.78037,0.77823,0.78009,4619,1,0
2026-03-05T04:00:00+00:00,2026-03-05,09:30:00,1772683200,0.7801,0.78188,0.77989,0.78044,5880,1,0
2026-03-05T08:00:00+00:00,2026-03-05,13:30:00,1772697600,0.78048,0.78171,0.77852,0.78016,10446,1,0
2026-03-05T12:00:00+00:00,2026-03-05,17:30:00,1772712000,0.78014,0.78254,0.77895,0.78183,10753,1,0
2026-03-05T16:00:00+00:00,2026-03-05,21:30:00,1772726400,0.78184,0.78377,0.78143,0.78355,9758,1,0
2026-03-05T20:00:00+00:00,2026-03-06,01:30:00,1772740800,0.78353,0.78366,0.7806,0.78088,4676,1,0
2026-03-06T00:00:00+00:00,2026-03-06,05:30:00,1772755200,0.78089,0.78102,0.78019,0.7803,3986,1,0
2026-03-06T04:00:00+00:00,2026-03-06,09:30:00,1772769600,0.7803,0.78135,0.77946,0.77948,3846,1,0
2026-03-06T08:00:00+00:00,2026-03-06,13:30:00,1772784000,0.77946,0.78227,0.77946,0.78208,7281,1,0
2026-03-06T12:00:00+00:00,2026-03-06,17:30:00,1772798400,0.78207,0.78274,0.77796,0.77959,15555,1,0
2026-03-06T16:00:00+00:00,2026-03-06,21:30:00,1772812800,0.7796,0.77968,0.77601,0.77714,10597,1,0
2026-03-06T20:00:00+00:00,2026-03-07,01:30:00,1772827200,0.77714,0.77748,0.77585,0.77607,2756,1,0
2026-03-08T20:00:00+00:00,2026-03-09,01:30:00,1773000000,0.77862,0.78138,0.7784,0.78117,4788,1,0
2026-03-09T00:00:00+00:00,2026-03-09,05:30:00,1773014400,0.78119,0.78255,0.78089,0.78126,7290,1,0
2026-03-09T04:00:00+00:00,2026-03-09,09:30:00,1773028800,0.78125,0.78133,0.77778,0.77815,9839,1,0
2026-03-09T08:00:00+00:00,2026-03-09,13:30:00,1773043200,0.77813,0.78088,0.77788,0.77906,12503,1,0
2026-03-09T12:00:00+00:00,2026-03-09,17:30:00,1773057600,0.77904,0.78077,0.77796,0.77874,12785,1,0
2026-03-09T16:00:00+00:00,2026-03-09,21:30:00,1773072000,0.77873,0.78036,0.77696,0.77816,9649,1,0
2026-03-09T20:00:00+00:00,2026-03-10,01:30:00,1773086400,0.77816,0.77834,0.77683,0.77801,3503,1,0
2026-03-10T00:00:00+00:00,2026-03-10,05:30:00,1773100800,0.778,0.77817,0.77658,0.77802,5976,1,0
2026-03-10T04:00:00+00:00,2026-03-10,09:30:00,1773115200,0.77801,0.77831,0.7756,0.7756,4986,1,0
2026-03-10T08:00:00+00:00,2026-03-10,13:30:00,1773129600,0.77561,0.77745,0.77508,0.77596,8575,1,0
2026-03-10T12:00:00+00:00,2026-03-10,17:30:00,1773144000,0.77597,0.77698,0.77481,0.7753,9793,1,0
2026-03-10T16:00:00+00:00,2026-03-10,21:30:00,1773158400,0.7753,0.77929,0.7753,0.77864,9821,1,0
2026-03-10T20:00:00+00:00,2026-03-11,01:30:00,1773172800,0.77863,0.77904,0.77824,0.77861,2248,1,0
2026-03-11T00:00:00+00:00,2026-03-11,05:30:00,1773187200,0.77861,0.77888,0.77718,0.7772,3996,1,0
2026-03-11T04:00:00+00:00,2026-03-11,09:30:00,1773201600,0.77719,0.77815,0.77662,0.7778,4557,1,0
2026-03-11T08:00:00+00:00,2026-03-11,13:30:00,1773216000,0.77781,0.77928,0.77654,0.77896,8078,1,0
2026-03-11T12:00:00+00:00,2026-03-11,17:30:00,1773230400,0.77898,0.78056,0.77782,0.78055,11312,1,0
2026-03-11T16:00:00+00:00,2026-03-11,21:30:00,1773244800,0.78055,0.78084,0.7794,0.77974,5647,1,0
2026-03-11T20:00:00+00:00,2026-03-12,01:30:00,1773259200,0.77974,0.78194,0.77973,0.78176,2610,1,0
2026-03-12T00:00:00+00:00,2026-03-12,05:30:00,1773273600,0.78176,0.78224,0.7807,0.78204,3890,1,0
2026-03-12T04:00:00+00:00,2026-03-12,09:30:00,1773288000,0.78204,0.78235,0.78122,0.78183,4247,1,0
2026-03-12T08:00:00+00:00,2026-03-12,13:30:00,1773302400,0.78183,0.78277,0.78015,0.78108,5844,1,0
2026-03-12T12:00:00+00:00,2026-03-12,17:30:00,1773316800,0.78109,0.78506,0.78103,0.78441,9699,1,0
2026-03-12T16:00:00+00:00,2026-03-12,21:30:00,1773331200,0.78441,0.78593,0.78365,0.78589,6441,1,0
2026-03-12T20:00:00+00:00,2026-03-13,01:30:00,1773345600,0.78589,0.78634,0.78535,0.7854,2049,1,0
2026-03-13T00:00:00+00:00,2026-03-13,05:30:00,1773360000,0.78543,0.78677,0.78471,0.7865,3497,1,0
2026-03-13T04:00:00+00:00,2026-03-13,09:30:00,1773374400,0.7865,0.78886,0.7865,0.78863,4286,1,0
2026-03-13T08:00:00+00:00,2026-03-13,13:30:00,1773388800,0.78862,0.78946,0.78694,0.7871,7509,1,0
2026-03-13T12:00:00+00:00,2026-03-13,17:30:00,1773403200,0.78709,0.78994,0.78616,0.78975,9885,1,0
2026-03-13T16:00:00+00:00,2026-03-13,21:30:00,1773417600,0.78976,0.79124,0.78921,0.79115,5682,1,0
2026-03-13T20:00:00+00:00,2026-03-14,01:30:00,1773432000,0.79115,0.79171,0.79107,0.79139,715,1,0
2026-03-15T20:00:00+00:00,2026-03-16,01:30:00,1773604800,0.7895,0.79116,0.78907,0.78995,2995,1,0
2026-03-16T00:00:00+00:00,2026-03-16,05:30:00,1773619200,0.78994,0.79008,0.78886,0.78924,4064,1,0
2026-03-16T04:00:00+00:00,2026-03-16,09:30:00,1773633600,0.78924,0.79228,0.78912,0.79144,4216,1,0
2026-03-16T08:00:00+00:00,2026-03-16,13:30:00,1773648000,0.79142,0.79146,0.78723,0.78771,6561,1,0
2026-03-16T12:00:00+00:00,2026-03-16,17:30:00,1773662400,0.78769,0.78927,0.78665,0.78871,7170,1,0
2026-03-16T16:00:00+00:00,2026-03-16,21:30:00,1773676800,0.78872,0.78902,0.7865,0.78757,6205,1,0
2026-03-16T20:00:00+00:00,2026-03-17,01:30:00,1773691200,0.78756,0.78829,0.78743,0.78814,1807,1,0
2026-03-17T00:00:00+00:00,2026-03-17,05:30:00,1773705600,0.78814,0.78907,0.78794,0.78862,3065,1,0
2026-03-17T04:00:00+00:00,2026-03-17,09:30:00,1773720000,0.78861,0.79002,0.78744,0.78776,3648,1,0
2026-03-17T08:00:00+00:00,2026-03-17,13:30:00,1773734400,0.78776,0.78809,0.78612,0.78749,5803,1,0
2026-03-17T12:00:00+00:00,2026-03-17,17:30:00,1773748800,0.7875,0.78765,0.78548,0.78569,7463,1,0
2026-03-17T16:00:00+00:00,2026-03-17,21:30:00,1773763200,0.78569,0.78616,0.78438,0.78513,4272,1,0
2026-03-17T20:00:00+00:00,2026-03-18,01:30:00,1773777600,0.78513,0.7852,0.78459,0.78494,1896,1,0
2026-03-18T00:00:00+00:00,2026-03-18,05:30:00,1773792000,0.78493,0.78575,0.78462,0.78534,2706,1,0
2026-03-18T04:00:00+00:00,2026-03-18,09:30:00,1773806400,0.78534,0.78657,0.78503,0.78645,2575,1,0
2026-03-18T08:00:00+00:00,2026-03-18,13:30:00,1773820800,0.78646,0.78748,0.78545,0.78569,5268,1,0
2026-03-18T12:00:00+00:00,2026-03-18,17:30:00,1773835200,0.78568,0.78938,0.78566,0.78921,10633,1,0
2026-03-18T16:00:00+00:00,2026-03-18,21:30:00,1773849600,0.7892,0.79288,0.78839,0.79281,8351,1,0
2026-03-18T20:00:00+00:00,2026-03-19,01:30:00,1773864000,0.79284,0.7936,0.79246,0.79271,2795,1,0
2026-03-19T00:00:00+00:00,2026-03-19,05:30:00,1773878400,0.79274,0.79279,0.79097,0.79204,4193,1,0
2026-03-19T04:00:00+00:00,2026-03-19,09:30:00,1773892800,0.79206,0.79302,0.7913,0.79206,5137,1,0
2026-03-19T08:00:00+00:00,2026-03-19,13:30:00,1773907200,0.79206,0.79582,0.79182,0.79465,12799,1,0
2026-03-19T12:00:00+00:00,2026-03-19,17:30:00,1773921600,0.79465,0.79542,0.79025,0.7924,16846,1,0
2026-03-19T16:00:00+00:00,2026-03-19,21:30:00,1773936000,0.79243,0.79281,0.78579,0.78831,12732,1,0
2026-03-19T20:00:00+00:00,2026-03-20,01:30:00,1773950400,0.78829,0.78909,0.78765,0.78893,2682,1,0
2026-03-20T00:00:00+00:00,2026-03-20,05:30:00,1773964800,0.78892,0.78943,0.78807,0.78931,3581,1,0
2026-03-20T04:00:00+00:00,2026-03-20,09:30:00,1773979200,0.78931,0.79006,0.78868,0.78895,3747,1,0
2026-03-20T08:00:00+00:00,2026-03-20,13:30:00,1773993600,0.78894,0.78928,0.7865,0.78683,8134,1,0
2026-03-20T12:00:00+00:00,2026-03-20,17:30:00,1774008000,0.78684,0.79057,0.78556,0.78904,11979,1,0
2026-03-20T16:00:00+00:00,2026-03-20,21:30:00,1774022400,0.78905,0.78913,0.78739,0.78829,8520,1,0
2026-03-20T20:00:00+00:00,2026-03-21,01:30:00,1774036800,0.78829,0.78841,0.78786,0.788,778,1,0
2026-03-22T20:00:00+00:00,2026-03-23,01:30:00,1774209600,0.78827,0.78881,0.78679,0.78777,2925,1,0
2026-03-23T00:00:00+00:00,2026-03-23,05:30:00,1774224000,0.78777,0.78956,0.78752,0.78921,5730,1,0
2026-03-23T04:00:00+00:00,2026-03-23,09:30:00,1774238400,0.78921,0.79066,0.78879,0.78952,5981,1,0
2026-03-23T08:00:00+00:00,2026-03-23,13:30:00,1774252800,0.78952,0.79399,0.78589,0.78962,23653,1,0
2026-03-23T12:00:00+00:00,2026-03-23,17:30:00,1774267200,0.78965,0.79056,0.78345,0.78777,24019,1,0
2026-03-23T16:00:00+00:00,2026-03-23,21:30:00,1774281600,0.78779,0.78829,0.78443,0.78627,11799,1,0
2026-03-23T20:00:00+00:00,2026-03-24,01:30:00,1774296000,0.78627,0.78681,0.78612,0.78668,2677,1,0
2026-03-24T00:00:00+00:00,2026-03-24,05:30:00,1774310400,0.78666,0.78879,0.78662,0.78845,6569,1,0
2026-03-24T04:00:00+00:00,2026-03-24,09:30:00,1774324800,0.78845,0.78896,0.78615,0.78621,6609,1,0
2026-03-24T08:00:00+00:00,2026-03-24,13:30:00,1774339200,0.78623,0.78819,0.78599,0.7876,8842,1,0
2026-03-24T12:00:00+00:00,2026-03-24,17:30:00,1774353600,0.78758,0.79166,0.78716,0.79146,13211,1,0
2026-03-24T16:00:00+00:00,2026-03-24,21:30:00,1774368000,0.79148,0.79246,0.78999,0.7902,9663,1,0
2026-03-24T20:00:00+00:00,2026-03-25,01:30:00,1774382400,0.79021,0.79029,0.78714,0.78808,5233,1,0
2026-03-25T00:00:00+00:00,2026-03-25,05:30:00,1774396800,0.78807,0.78942,0.78702,0.78929,5214,1,0
2026-03-25T04:00:00+00:00,2026-03-25,09:30:00,1774411200,0.78929,0.79063,0.78904,0.78996,4397,1,0
2026-03-25T08:00:00+00:00,2026-03-25,13:30:00,1774425600,0.78997,0.79095,0.78838,0.7888,7884,1,0
2026-03-25T12:00:00+00:00,2026-03-25,17:30:00,1774440000,0.78878,0.79224,0.78824,0.7918,10649,1,0
2026-03-25T16:00:00+00:00,2026-03-25,21:30:00,1774454400,0.7918,0.79242,0.79066,0.79164,6405,1,0
2026-03-25T20:00:00+00:00,2026-03-26,01:30:00,1774468800,0.79165,0.79209,0.7914,0.79161,1788,1,0
2026-03-26T00:00:00+00:00,2026-03-26,05:30:00,1774483200,0.7916,0.79241,0.79133,0.79176,3194,1,0
2026-03-26T04:00:00+00:00,2026-03-26,09:30:00,1774497600,0.79176,0.79295,0.79141,0.79241,3777,1,0
2026-03-26T08:00:00+00:00,2026-03-26,13:30:00,1774512000,0.7924,0.79368,0.79133,0.79359,5824,1,0
2026-03-26T12:00:00+00:00,2026-03-26,17:30:00,1774526400,0.79359,0.79429,0.79243,0.79355,8894,1,0
2026-03-26T16:00:00+00:00,2026-03-26,21:30:00,1774540800,0.79355,0.79573,0.79341,0.79572,4593,1,0
2026-03-26T20:00:00+00:00,2026-03-27,01:30:00,1774555200,0.79571,0.79592,0.79318,0.79479,5116,1,0
2026-03-27T00:00:00+00:00,2026-03-27,05:30:00,1774569600,0.79479,0.79562,0.79452,0.79547,4046,1,0
2026-03-27T04:00:00+00:00,2026-03-27,09:30:00,1774584000,0.79547,0.79695,0.79486,0.79678,4340,1,0
2026-03-27T08:00:00+00:00,2026-03-27,13:30:00,1774598400,0.7968,0.79774,0.79594,0.7975,6064,1,0
2026-03-27T12:00:00+00:00,2026-03-27,17:30:00,1774612800,0.79751,0.798,0.79528,0.797,8593,1,0
2026-03-27T16:00:00+00:00,2026-03-27,21:30:00,1774627200,0.797,0.79912,0.79639,0.79861,5657,1,0
2026-03-27T20:00:00+00:00,2026-03-28,01:30:00,1774641600,0.7986,0.79935,0.79845,0.79888,968,1,0
2026-03-29T20:00:00+00:00,2026-03-30,01:30:00,1774814400,0.79763,0.8001,0.797,0.79983,2431,1,0
2026-03-30T00:00:00+00:00,2026-03-30,05:30:00,1774828800,0.79981,0.79996,0.79821,0.7987,4481,1,0
2026-03-30T04:00:00+00:00,2026-03-30,09:30:00,1774843200,0.79869,0.80003,0.79793,0.79979,3837,1,0
2026-03-30T08:00:00+00:00,2026-03-30,13:30:00,1774857600,0.79978,0.80041,0.79847,0.79986,5110,1,0
2026-03-30T12:00:00+00:00,2026-03-30,17:30:00,1774872000,0.79986,0.80127,0.79915,0.80009,7500,1,0
2026-03-30T16:00:00+00:00,2026-03-30,21:30:00,1774886400,0.80009,0.80062,0.79948,0.79983,4185,1,0
2026-03-30T20:00:00+00:00,2026-03-31,01:30:00,1774900800,0.79984,0.8001,0.79924,0.79995,2041,1,0
2026-03-31T00:00:00+00:00,2026-03-31,05:30:00,1774915200,0.79995,0.80027,0.79795,0.79878,4488,1,0
2026-03-31T04:00:00+00:00,2026-03-31,09:30:00,1774929600,0.79878,0.80023,0.79852,0.79991,3926,1,0
2026-03-31T08:00:00+00:00,2026-03-31,13:30:00,1774944000,0.7999,0.80114,0.79924,0.79953,5307,1,0
2026-03-31T12:00:00+00:00,2026-03-31,17:30:00,1774958400,0.79953,0.80429,0.79919,0.80268,12027,1,0
2026-03-31T16:00:00+00:00,2026-03-31,21:30:00,1774972800,0.8027,0.80349,0.79942,0.7996,10035,1,0
2026-03-31T20:00:00+00:00,2026-04-01,01:30:00,1774987200,0.79958,0.79958,0.79764,0.7977,2809,1,0
2026-04-01T00:00:00+00:00,2026-04-01,05:30:00,1775001600,0.79772,0.79843,0.79676,0.79819,4409,1,0
2026-04-01T04:00:00+00:00,2026-04-01,09:30:00,1775016000,0.79819,0.7982,0.79282,0.79444,7035,1,0
2026-04-01T08:00:00+00:00,2026-04-01,13:30:00,1775030400,0.79445,0.79458,0.79165,0.79178,7432,1,0
2026-04-01T12:00:00+00:00,2026-04-01,17:30:00,1775044800,0.79178,0.79433,0.79051,0.79325,12604,1,0
2026-04-01T16:00:00+00:00,2026-04-01,21:30:00,1775059200,0.79325,0.79499,0.79178,0.79471,5310,1,0
2026-04-01T20:00:00+00:00,2026-04-02,01:30:00,1775073600,0.79472,0.79477,0.7937,0.79406,1830,1,0
2026-04-02T00:00:00+00:00,2026-04-02,05:30:00,1775088000,0.79406,0.79825,0.79283,0.79813,8365,1,0
2026-04-02T04:00:00+00:00,2026-04-02,09:30:00,1775102400,0.79812,0.8004,0.79788,0.79893,6368,1,0
2026-04-02T08:00:00+00:00,2026-04-02,13:30:00,1775116800,0.79892,0.80088,0.79886,0.7999,5534,1,0
2026-04-02T12:00:00+00:00,2026-04-02,17:30:00,1775131200,0.79989,0.80046,0.79774,0.79846,11271,1,0
2026-04-02T16:00:00+00:00,2026-04-02,21:30:00,1775145600,0.79847,0.79922,0.79798,0.79905,5087,1,0
2026-04-02T20:00:00+00:00,2026-04-03,01:30:00,1775160000,0.79903,0.79915,0.79835,0.79847,1764,1,0
2026-04-03T00:00:00+00:00,2026-04-03,05:30:00,1775174400,0.79847,0.79903,0.79827,0.79861,1300,32,0
2026-04-03T04:00:00+00:00,2026-04-03,09:30:00,1775188800,0.79861,0.79876,0.79751,0.7977,1351,32,0
2026-04-03T08:00:00+00:00,2026-04-03,13:30:00,1775203200,0.79771,0.79837,0.79759,0.79823,1419,32,0
2026-04-03T12:00:00+00:00,2026-04-03,17:30:00,1775217600,0.79823,0.80147,0.79796,0.80016,4496,1,0
2026-04-03T16:00:00+00:00,2026-04-03,21:30:00,1775232000,0.80016,0.80122,0.80012,0.80102,2619,1,0
2026-04-03T20:00:00+00:00,2026-04-04,01:30:00,1775246400,0.80102,0.80108,0.79905,0.79992,2236,7,0
2026-04-05T20:00:00+00:00,2026-04-06,01:30:00,1775419200,0.79983,0.80131,0.79898,0.8012,2575,1,0
2026-04-06T00:00:00+00:00,2026-04-06,05:30:00,1775433600,0.80122,0.80184,0.80053,0.80079,3823,1,0
2026-04-06T04:00:00+00:00,2026-04-06,09:30:00,1775448000,0.8008,0.80086,0.79674,0.79696,3846,1,0
2026-04-06T08:00:00+00:00,2026-04-06,13:30:00,1775462400,0.79695,0.79865,0.79677,0.79798,5063,1,0
2026-04-06T12:00:00+00:00,2026-04-06,17:30:00,1775476800,0.79798,0.79855,0.79615,0.79788,6849,1,0
2026-04-06T16:00:00+00:00,2026-04-06,21:30:00,1775491200,0.79788,0.79879,0.79752,0.79817,4386,1,0
2026-04-06T20:00:00+00:00,2026-04-07,01:30:00,1775505600,0.79817,0.79828,0.79775,0.79816,1674,1,0
2026-04-07T00:00:00+00:00,2026-04-07,05:30:00,1775520000,0.79818,0.80011,0.79816,0.79937,3327,1,0
2026-04-07T04:00:00+00:00,2026-04-07,09:30:00,1775534400,0.79937,0.79993,0.79833,0.79984,4149,1,0
2026-04-07T08:00:00+00:00,2026-04-07,13:30:00,1775548800,0.79985,0.80005,0.79787,0.79938,8052,1,0
2026-04-07T12:00:00+00:00,2026-04-07,17:30:00,1775563200,0.79937,0.80111,0.79881,0.79973,8836,1,0
2026-04-07T16:00:00+00:00,2026-04-07,21:30:00,1775577600,0.79972,0.79983,0.79747,0.7979,7211,1,0
2026-04-07T20:00:00+00:00,2026-04-08,01:30:00,1775592000,0.79791,0.79817,0.79039,0.79048,9112,1,0
2026-04-08T00:00:00+00:00,2026-04-08,05:30:00,1775606400,0.79046,0.79173,0.78973,0.79037,8056,1,0
2026-04-08T04:00:00+00:00,2026-04-08,09:30:00,1775620800,0.79036,0.79036,0.7873,0.78764,7637,1,0
2026-04-08T08:00:00+00:00,2026-04-08,13:30:00,1775635200,0.78764,0.78937,0.7872,0.78842,7424,1,0
2026-04-08T12:00:00+00:00,2026-04-08,17:30:00,1775649600,0.7884,0.78987,0.78694,0.78981,11282,1,0
2026-04-08T16:00:00+00:00,2026-04-08,21:30:00,1775664000,0.78984,0.79262,0.78978,0.79113,6781,1,0
2026-04-08T20:00:00+00:00,2026-04-09,01:30:00,1775678400,0.7911,0.79154,0.7909,0.79147,2366,1,0
2026-04-09T00:00:00+00:00,2026-04-09,05:30:00,1775692800,0.79147,0.79214,0.79089,0.79126,3965,1,0
2026-04-09T04:00:00+00:00,2026-04-09,09:30:00,1775707200,0.79126,0.79221,0.79057,0.79098,4304,1,0
2026-04-09T08:00:00+00:00,2026-04-09,13:30:00,1775721600,0.79098,0.79172,0.79026,0.79043,4569,1,0
2026-04-09T12:00:00+00:00,2026-04-09,17:30:00,1775736000,0.79042,0.79121,0.78881,0.7889,8303,1,0
2026-04-09T16:00:00+00:00,2026-04-09,21:30:00,1775750400,0.78891,0.79059,0.78792,0.79046,5626,1,0
2026-04-09T20:00:00+00:00,2026-04-10,01:30:00,1775764800,0.79048,0.79104,0.78978,0.79091,2405,1,0
2026-04-10T00:00:00+00:00,2026-04-10,05:30:00,1775779200,0.79091,0.79139,0.79022,0.79032,2720,1,0
2026-04-10T04:00:00+00:00,2026-04-10,09:30:00,1775793600,0.79032,0.7907,0.78961,0.79054,3288,1,0
2026-04-10T08:00:00+00:00,2026-04-10,13:30:00,1775808000,0.79056,0.79064,0.78873,0.78883,5212,1,0
2026-04-10T12:00:00+00:00,2026-04-10,17:30:00,1775822400,0.78883,0.79,0.78548,0.78926,10224,1,0
2026-04-10T16:00:00+00:00,2026-04-10,21:30:00,1775836800,0.78926,0.79004,0.78849,0.78909,4212,1,0
2026-04-10T20:00:00+00:00,2026-04-11,01:30:00,1775851200,0.78909,0.78932,0.789,0.78908,623,1,0
2026-04-12T20:00:00+00:00,2026-04-13,01:30:00,1776024000,0.79014,0.79341,0.78977,0.79265,2948,1,0
2026-04-13T00:00:00+00:00,2026-04-13,05:30:00,1776038400,0.79264,0.79299,0.79178,0.7918,3390,1,0
2026-04-13T04:00:00+00:00,2026-04-13,09:30:00,1776052800,0.7918,0.7923,0.78977,0.79005,4007,1,0
2026-04-13T08:00:00+00:00,2026-04-13,13:30:00,1776067200,0.79005,0.79104,0.78925,0.791,4276,1,0
2026-04-13T12:00:00+00:00,2026-04-13,17:30:00,1776081600,0.79101,0.79118,0.78704,0.78764,7540,1,0
2026-04-13T16:00:00+00:00,2026-04-13,21:30:00,1776096000,0.78764,0.78772,0.78303,0.78377,5766,1,0
2026-04-13T20:00:00+00:00,2026-04-14,01:30:00,1776110400,0.78377,0.784,0.78316,0.78322,1962,1,0
2026-04-14T00:00:00+00:00,2026-04-14,05:30:00,1776124800,0.78322,0.78383,0.78295,0.78305,2804,1,0
2026-04-14T04:00:00+00:00,2026-04-14,09:30:00,1776139200,0.78305,0.78368,0.78014,0.78121,4978,1,0
2026-04-14T08:00:00+00:00,2026-04-14,13:30:00,1776153600,0.78123,0.78176,0.7799,0.78039,5802,1,0
2026-04-14T12:00:00+00:00,2026-04-14,17:30:00,1776168000,0.78037,0.78117,0.77903,0.78099,8277,1,0
2026-04-14T16:00:00+00:00,2026-04-14,21:30:00,1776182400,0.781,0.78139,0.78057,0.78134,3519,1,0
2026-04-14T20:00:00+00:00,2026-04-15,01:30:00,1776196800,0.78134,0.7814,0.78059,0.78094,1903,1,0
2026-04-15T00:00:00+00:00,2026-04-15,05:30:00,1776211200,0.78094,0.78198,0.78074,0.78138,3156,1,0
2026-04-15T04:00:00+00:00,2026-04-15,09:30:00,1776225600,0.78138,0.78148,0.78062,0.78107,3882,1,0
2026-04-15T08:00:00+00:00,2026-04-15,13:30:00,1776240000,0.78107,0.78315,0.77985,0.78251,6084,1,0
2026-04-15T12:00:00+00:00,2026-04-15,17:30:00,1776254400,0.78252,0.78296,0.78066,0.78156,6885,1,0
2026-04-15T16:00:00+00:00,2026-04-15,21:30:00,1776268800,0.78157,0.78238,0.78127,0.78168,3934,1,0
2026-04-15T20:00:00+00:00,2026-04-16,01:30:00,1776283200,0.78167,0.78217,0.78123,0.78132,2122,1,0
2026-04-16T00:00:00+00:00,2026-04-16,05:30:00,1776297600,0.78131,0.78164,0.77991,0.7805,3431,1,0
2026-04-16T04:00:00+00:00,2026-04-16,09:30:00,1776312000,0.7805,0.78221,0.78045,0.78201,3974,1,0
2026-04-16T08:00:00+00:00,2026-04-16,13:30:00,1776326400,0.78204,0.78434,0.78191,0.78325,4771,1,0
2026-04-16T12:00:00+00:00,2026-04-16,17:30:00,1776340800,0.78325,0.78417,0.78261,0.78338,6998,1,0
2026-04-16T16:00:00+00:00,2026-04-16,21:30:00,1776355200,0.78338,0.78453,0.78291,0.78337,4499,1,0
2026-04-16T20:00:00+00:00,2026-04-17,01:30:00,1776369600,0.78337,0.78361,0.783,0.78325,1531,1,0
2026-04-17T00:00:00+00:00,2026-04-17,05:30:00,1776384000,0.78325,0.78387,0.78294,0.78333,2294,1,0
2026-04-17T04:00:00+00:00,2026-04-17,09:30:00,1776398400,0.78333,0.78402,0.78305,0.78312,3110,1,0
2026-04-17T08:00:00+00:00,2026-04-17,13:30:00,1776412800,0.78312,0.78343,0.78199,0.78258,3605,1,0
2026-04-17T12:00:00+00:00,2026-04-17,17:30:00,1776427200,0.78257,0.78264,0.77754,0.77952,12647,1,0
2026-04-17T16:00:00+00:00,2026-04-17,21:30:00,1776441600,0.77952,0.78145,0.77888,0.78135,5376,1,0
2026-04-17T20:00:00+00:00,2026-04-18,01:30:00,1776456000,0.78135,0.78189,0.78109,0.78168,770,1,0
2026-04-19T20:00:00+00:00,2026-04-20,01:30:00,1776628800,0.78055,0.78393,0.78055,0.78376,2390,1,0
2026-04-20T00:00:00+00:00,2026-04-20,05:30:00,1776643200,0.78376,0.78387,0.78207,0.78229,3635,1,0
2026-04-20T04:00:00+00:00,2026-04-20,09:30:00,1776657600,0.78229,0.78351,0.78134,0.7823,4826,1,0
2026-04-20T08:00:00+00:00,2026-04-20,13:30:00,1776672000,0.7823,0.78236,0.78076,0.78119,4764,1,0
2026-04-20T12:00:00+00:00,2026-04-20,17:30:00,1776686400,0.78119,0.78194,0.77762,0.77824,8874,1,0
2026-04-20T16:00:00+00:00,2026-04-20,21:30:00,1776700800,0.77824,0.77884,0.77796,0.77843,3867,1,0
2026-04-20T20:00:00+00:00,2026-04-21,01:30:00,1776715200,0.77844,0.77861,0.77799,0.77858,1833,1,0
2026-04-21T00:00:00+00:00,2026-04-21,05:30:00,1776729600,0.77858,0.77946,0.7784,0.77932,2634,1,0
2026-04-21T04:00:00+00:00,2026-04-21,09:30:00,1776744000,0.77932,0.77963,0.77849,0.77957,3474,1,0
2026-04-21T08:00:00+00:00,2026-04-21,13:30:00,1776758400,0.77958,0.78068,0.77924,0.77926,4613,1,0
2026-04-21T12:00:00+00:00,2026-04-21,17:30:00,1776772800,0.77924,0.78073,0.7783,0.78009,7159,1,0
2026-04-21T16:00:00+00:00,2026-04-21,21:30:00,1776787200,0.78009,0.78259,0.77963,0.78208,8225,1,0
2026-04-21T20:00:00+00:00,2026-04-22,01:30:00,1776801600,0.78208,0.78231,0.78021,0.78059,3467,1,0
2026-04-22T00:00:00+00:00,2026-04-22,05:30:00,1776816000,0.78059,0.78099,0.77995,0.78082,3081,1,0
2026-04-22T04:00:00+00:00,2026-04-22,09:30:00,1776830400,0.78083,0.78084,0.77924,0.77985,4003,1,0
2026-04-22T08:00:00+00:00,2026-04-22,13:30:00,1776844800,0.77984,0.78201,0.77941,0.78182,4547,1,0
2026-04-22T12:00:00+00:00,2026-04-22,17:30:00,1776859200,0.78184,0.78356,0.78149,0.78349,7255,1,0
2026-04-22T16:00:00+00:00,2026-04-22,21:30:00,1776873600,0.78348,0.78477,0.7833,0.78473,3493,0,0
2026-04-22T20:00:00+00:00,2026-04-23,01:30:00,1776888000,0.7848,0.78498,0.78439,0.78484,1843,1,0
2026-04-23T00:00:00+00:00,2026-04-23,05:30:00,1776902400,0.78484,0.7859,0.78414,0.78572,4783,1,0
2026-04-23T04:00:00+00:00,2026-04-23,09:30:00,1776916800,0.78572,0.78577,0.78412,0.78468,3537,1,0
2026-04-23T08:00:00+00:00,2026-04-23,13:30:00,1776931200,0.78469,0.7859,0.78404,0.78448,5238,1,0
2026-04-23T12:00:00+00:00,2026-04-23,17:30:00,1776945600,0.78448,0.78636,0.78322,0.78429,7876,1,0
2026-04-23T16:00:00+00:00,2026-04-23,21:30:00,1776960000,0.7843,0.78735,0.78427,0.78627,7898,1,0
2026-04-23T20:00:00+00:00,2026-04-24,01:30:00,1776974400,0.78626,0.78656,0.78595,0.78626,1556,1,0
2026-04-24T00:00:00+00:00,2026-04-24,05:30:00,1776988800,0.78626,0.78731,0.78583,0.78698,3190,1,0
2026-04-24T04:00:00+00:00,2026-04-24,09:30:00,1777003200,0.78697,0.78765,0.78645,0.78664,3393,1,0
2026-04-24T08:00:00+00:00,2026-04-24,13:30:00,1777017600,0.78664,0.78712,0.78527,0.78532,5480,1,0
2026-04-24T12:00:00+00:00,2026-04-24,17:30:00,1777032000,0.78532,0.78743,0.7846,0.78482,8052,1,0
2026-04-24T16:00:00+00:00,2026-04-24,21:30:00,1777046400,0.78481,0.78558,0.78463,0.78498,3788,1,0
2026-04-24T20:00:00+00:00,2026-04-25,01:30:00,1777060800,0.78499,0.78513,0.78464,0.78498,594,1,0
2026-04-26T20:00:00+00:00,2026-04-27,01:30:00,1777233600,0.78596,0.78656,0.78514,0.7865,1188,1,0
2026-04-27T00:00:00+00:00,2026-04-27,05:30:00,1777248000,0.78649,0.78649,0.78439,0.78468,3405,1,0
2026-04-27T04:00:00+00:00,2026-04-27,09:30:00,1777262400,0.78469,0.78567,0.78439,0.78476,3393,1,0
2026-04-27T08:00:00+00:00,2026-04-27,13:30:00,1777276800,0.78476,0.78496,0.78341,0.78477,4168,1,0
2026-04-27T12:00:00+00:00,2026-04-27,17:30:00,1777291200,0.78477,0.78488,0.78308,0.78451,6047,1,0
2026-04-27T16:00:00+00:00,2026-04-27,21:30:00,1777305600,0.78451,0.78599,0.78444,0.78568,3007,1,0
2026-04-27T20:00:00+00:00,2026-04-28,01:30:00,1777320000,0.78568,0.78579,0.785,0.78534,1353,1,0
2026-04-28T00:00:00+00:00,2026-04-28,05:30:00,1777334400,0.78534,0.78686,0.78488,0.78655,3229,1,0
2026-04-28T04:00:00+00:00,2026-04-28,09:30:00,1777348800,0.78655,0.78971,0.78644,0.78965,4568,1,0
2026-04-28T08:00:00+00:00,2026-04-28,13:30:00,1777363200,0.78964,0.79091,0.78824,0.79076,5915,1,0
2026-04-28T12:00:00+00:00,2026-04-28,17:30:00,1777377600,0.79077,0.79111,0.78872,0.78884,8456,1,0
2026-04-28T16:00:00+00:00,2026-04-28,21:30:00,1777392000,0.78883,0.78985,0.78876,0.78953,3526,1,0
2026-04-28T20:00:00+00:00,2026-04-29,01:30:00,1777406400,0.78952,0.78954,0.78869,0.78903,1227,1,0
2026-04-29T00:00:00+00:00,2026-04-29,05:30:00,1777420800,0.78901,0.78975,0.78834,0.789,3336,1,0
2026-04-29T04:00:00+00:00,2026-04-29,09:30:00,1777435200,0.78899,0.78978,0.78873,0.78916,3527,1,0
2026-04-29T08:00:00+00:00,2026-04-29,13:30:00,1777449600,0.78916,0.79034,0.78883,0.78932,4650,1,0
2026-04-29T12:00:00+00:00,2026-04-29,17:30:00,1777464000,0.78933,0.7916,0.78874,0.79023,7596,1,0
2026-04-29T16:00:00+00:00,2026-04-29,21:30:00,1777478400,0.79023,0.79249,0.78983,0.79106,7667,1,0
2026-04-29T20:00:00+00:00,2026-04-30,01:30:00,1777492800,0.79107,0.79173,0.79047,0.79061,2676,1,0
2026-04-30T00:00:00+00:00,2026-04-30,05:30:00,1777507200,0.79061,0.79195,0.79021,0.79142,4204,1,0
2026-04-30T04:00:00+00:00,2026-04-30,09:30:00,1777521600,0.79142,0.79231,0.7901,0.79048,4871,1,0
2026-04-30T08:00:00+00:00,2026-04-30,13:30:00,1777536000,0.79048,0.7905,0.78449,0.78505,11752,1,0
2026-04-30T12:00:00+00:00,2026-04-30,17:30:00,1777550400,0.78505,0.78558,0.78077,0.78245,15763,1,0
2026-04-30T16:00:00+00:00,2026-04-30,21:30:00,1777564800,0.78245,0.78285,0.7806,0.78144,5530,1,0
2026-04-30T20:00:00+00:00,2026-05-01,01:30:00,1777579200,0.78145,0.78171,0.78102,0.78169,1836,1,0
2026-05-01T00:00:00+00:00,2026-05-01,05:30:00,1777593600,0.78169,0.78195,0.78117,0.78157,3148,1,0
2026-05-01T04:00:00+00:00,2026-05-01,09:30:00,1777608000,0.78157,0.78301,0.77963,0.7815,4413,1,0
2026-05-01T08:00:00+00:00,2026-05-01,13:30:00,1777622400,0.78181,0.78207,0.77991,0.78049,5235,1,0
2026-05-01T12:00:00+00:00,2026-05-01,17:30:00,1777636800,0.78048,0.78145,0.77793,0.77957,9591,1,0
2026-05-01T16:00:00+00:00,2026-05-01,21:30:00,1777651200,0.77957,0.78186,0.77924,0.78167,4560,1,0
2026-05-01T20:00:00+00:00,2026-05-02,01:30:00,1777665600,0.78167,0.78208,0.78153,0.7818,537,1,0
2026-05-03T20:00:00+00:00,2026-05-04,01:30:00,1777838400,0.78082,0.78135,0.77976,0.78129,1535,0,0
2026-05-04T00:00:00+00:00,2026-05-04,05:30:00,1777852800,0.78131,0.78183,0.78002,0.78031,4806,0,0
2026-05-04T04:00:00+00:00,2026-05-04,09:30:00,1777867200,0.78031,0.78306,0.78026,0.78279,4743,0,0
2026-05-04T08:00:00+00:00,2026-05-04,13:30:00,1777881600,0.7828,0.78469,0.78211,0.78431,7314,0,0
2026-05-04T12:00:00+00:00,2026-05-04,17:30:00,1777896000,0.7843,0.78433,0.78201,0.78351,8051,0,0
2026-05-04T16:00:00+00:00,2026-05-04,21:30:00,1777910400,0.78351,0.78474,0.78305,0.78367,5887,0,0
2026-05-04T20:00:00+00:00,2026-05-05,01:30:00,1777924800,0.78367,0.7843,0.78367,0.78404,1480,0,0
2026-05-05T00:00:00+00:00,2026-05-05,05:30:00,1777939200,0.78404,0.78461,0.78382,0.7842,2801,0,0
2026-05-05T04:00:00+00:00,2026-05-05,09:30:00,1777953600,0.7842,0.78481,0.78313,0.78352,4177,0,0
2026-05-05T08:00:00+00:00,2026-05-05,13:30:00,1777968000,0.78353,0.78409,0.7825,0.78367,4691,0,0
2026-05-05T12:00:00+00:00,2026-05-05,17:30:00,1777982400,0.78368,0.78425,0.78133,0.78221,7474,0,0
2026-05-05T16:00:00+00:00,2026-05-05,21:30:00,1777996800,0.78221,0.7832,0.782,0.78313,3280,0,0
2026-05-05T20:00:00+00:00,2026-05-06,01:30:00,1778011200,0.78314,0.78332,0.78084,0.78146,2538,0,0
2026-05-06T00:00:00+00:00,2026-05-06,05:30:00,1778025600,0.78145,0.78195,0.78099,0.78162,4250,0,0
2026-05-06T04:00:00+00:00,2026-05-06,09:30:00,1778040000,0.78163,0.78202,0.77888,0.77977,6981,0,0
2026-05-06T08:00:00+00:00,2026-05-06,13:30:00,1778054400,0.7798,0.78083,0.77717,0.77851,9332,0,0
2026-05-06T12:00:00+00:00,2026-05-06,17:30:00,1778068800,0.77853,0.7804,0.77852,0.77937,8636,0,0
2026-05-06T16:00:00+00:00,2026-05-06,21:30:00,1778083200,0.77937,0.77998,0.77828,0.7787,3944,0,0
2026-05-06T20:00:00+00:00,2026-05-07,01:30:00,1778097600,0.7787,0.77899,0.77847,0.7789,1929,0,0
2026-05-07T00:00:00+00:00,2026-05-07,05:30:00,1778112000,0.7789,0.77934,0.77787,0.7792,3816,0,0
2026-05-07T04:00:00+00:00,2026-05-07,09:30:00,1778126400,0.7792,0.7793,0.77751,0.77765,4915,0,0
2026-05-07T08:00:00+00:00,2026-05-07,13:30:00,1778140800,0.77765,0.77833,0.77718,0.77792,5062,0,0
2026-05-07T12:00:00+00:00,2026-05-07,17:30:00,1778155200,0.77789,0.77819,0.7766,0.77777,6900,0,0
2026-05-07T16:00:00+00:00,2026-05-07,21:30:00,1778169600,0.77776,0.7802,0.77762,0.78019,6561,0,0
2026-05-07T20:00:00+00:00,2026-05-08,01:30:00,1778184000,0.7802,0.78087,0.7795,0.78048,3103,0,0
2026-05-08T00:00:00+00:00,2026-05-08,05:30:00,1778198400,0.78048,0.78092,0.77995,0.78055,3778,0,0
2026-05-08T04:00:00+00:00,2026-05-08,09:30:00,1778212800,0.78055,0.78071,0.77884,0.77922,4320,0,0
2026-05-08T08:00:00+00:00,2026-05-08,13:30:00,1778227200,0.77921,0.77933,0.77759,0.77809,4235,0,0
2026-05-08T12:00:00+00:00,2026-05-08,17:30:00,1778241600,0.77809,0.779,0.77654,0.77735,7931,0,0
2026-05-08T16:00:00+00:00,2026-05-08,21:30:00,1778256000,0.77736,0.77745,0.77618,0.7769,3363,0,0
2026-05-08T20:00:00+00:00,2026-05-09,01:30:00,1778270400,0.7769,0.77704,0.77624,0.77643,493,0,0
2026-05-10T20:00:00+00:00,2026-05-11,01:30:00,1778443200,0.77746,0.77812,0.77674,0.77782,1757,0,0
2026-05-11T00:00:00+00:00,2026-05-11,05:30:00,1778457600,0.77782,0.77911,0.7775,0.77903,3364,0,0
2026-05-11T04:00:00+00:00,2026-05-11,09:30:00,1778472000,0.77904,0.77956,0.77764,0.77824,3655,0,0
2026-05-11T08:00:00+00:00,2026-05-11,13:30:00,1778486400,0.77822,0.77902,0.77754,0.77862,4255,0,0
2026-05-11T12:00:00+00:00,2026-05-11,17:30:00,1778500800,0.77862,0.77908,0.77683,0.77728,5839,0,0
2026-05-11T16:00:00+00:00,2026-05-11,21:30:00,1778515200,0.77728,0.77838,0.77721,0.77822,3052,0,0
2026-05-11T20:00:00+00:00,2026-05-12,01:30:00,1778529600,0.77822,0.77847,0.7777,0.77823,1777,0,0
2026-05-12T00:00:00+00:00,2026-05-12,05:30:00,1778544000,0.77823,0.77994,0.77823,0.77989,3159,0,0
2026-05-12T04:00:00+00:00,2026-05-12,09:30:00,1778558400,0.7799,0.78087,0.77884,0.78076,4418,0,0
2026-05-12T08:00:00+00:00,2026-05-12,13:30:00,1778572800,0.78074,0.7815,0.78013,0.78101,4984,0,0
2026-05-12T12:00:00+00:00,2026-05-12,17:30:00,1778587200,0.78103,0.78231,0.78028,0.78173,7340,0,0
2026-05-12T16:00:00+00:00,2026-05-12,21:30:00,1778601600,0.78173,0.78213,0.78027,0.78073,3679,0,0
2026-05-12T20:00:00+00:00,2026-05-13,01:30:00,1778616000,0.78071,0.78087,0.78028,0.7806,1559,0,0
2026-05-13T00:00:00+00:00,2026-05-13,05:30:00,1778630400,0.7806,0.78081,0.78003,0.78052,2973,0,0
2026-05-13T04:00:00+00:00,2026-05-13,09:30:00,1778644800,0.78052,0.78171,0.78021,0.78155,3078,0,0
2026-05-13T08:00:00+00:00,2026-05-13,13:30:00,1778659200,0.78157,0.78285,0.7812,0.78152,3969,0,0
2026-05-13T12:00:00+00:00,2026-05-13,17:30:00,1778673600,0.78151,0.78308,0.78121,0.78248,6106,0,0
2026-05-13T16:00:00+00:00,2026-05-13,21:30:00,1778688000,0.78248,0.78257,0.78169,0.78183,3519,0,0
2026-05-13T20:00:00+00:00,2026-05-14,01:30:00,1778702400,0.78183,0.7819,0.78144,0.78169,1805,0,0
2026-05-14T00:00:00+00:00,2026-05-14,05:30:00,1778716800,0.7817,0.78194,0.78132,0.78188,2647,0,0
2026-05-14T04:00:00+00:00,2026-05-14,09:30:00,1778731200,0.78187,0.78235,0.78081,0.78231,3559,0,0
2026-05-14T08:00:00+00:00,2026-05-14,13:30:00,1778745600,0.78232,0.78252,0.78146,0.78213,3777,0,0
2026-05-14T12:00:00+00:00,2026-05-14,17:30:00,1778760000,0.78214,0.78349,0.78155,0.783,5900,0,0
2026-05-14T16:00:00+00:00,2026-05-14,21:30:00,1778774400,0.783,0.78395,0.78285,0.78369,3612,0,0
2026-05-14T20:00:00+00:00,2026-05-15,01:30:00,1778788800,0.78367,0.78427,0.78351,0.78424,1552,0,0
2026-05-15T00:00:00+00:00,2026-05-15,05:30:00,1778803200,0.78424,0.78563,0.78418,0.78513,3456,0,0
2026-05-15T04:00:00+00:00,2026-05-15,09:30:00,1778817600,0.78513,0.78632,0.78469,0.78523,4929,0,0
2026-05-15T08:00:00+00:00,2026-05-15,13:30:00,1778832000,0.78522,0.7867,0.78387,0.78605,5859,0,0
2026-05-15T12:00:00+00:00,2026-05-15,17:30:00,1778846400,0.78606,0.78733,0.78549,0.78686,7047,0,0
2026-05-15T16:00:00+00:00,2026-05-15,21:30:00,1778860800,0.78684,0.7873,0.78603,0.78664,4065,0,0
2026-05-15T20:00:00+00:00,2026-05-16,01:30:00,1778875200,0.78665,0.78703,0.78655,0.78687,600,0,0
2026-05-17T20:00:00+00:00,2026-05-18,01:30:00,1779048000,0.78622,0.78743,0.78609,0.78734,1348,0,0
2026-05-18T00:00:00+00:00,2026-05-18,05:30:00,1779062400,0.78733,0.78774,0.78657,0.78681,4449,0,0
2026-05-18T04:00:00+00:00,2026-05-18,09:30:00,1779076800,0.78682,0.78715,0.78474,0.78531,4437,0,0
2026-05-18T08:00:00+00:00,2026-05-18,13:30:00,1779091200,0.7853,0.78651,0.7846,0.78542,4883,0,0
2026-05-18T12:00:00+00:00,2026-05-18,17:30:00,1779105600,0.78542,0.78546,0.78449,0.78518,3098,0,0
2026-05-18T16:00:00+00:00,2026-05-18,21:30:00,1779120000,0.7856,0.78611,0.78402,0.78454,5687,0,0
2026-05-18T20:00:00+00:00,2026-05-19,01:30:00,1779134400,0.78455,0.78455,0.78401,0.78452,1747,0,0
2026-05-19T00:00:00+00:00,2026-05-19,05:30:00,1779148800,0.78452,0.7858,0.78444,0.78577,3666,0,0
2026-05-19T04:00:00+00:00,2026-05-19,09:30:00,1779163200,0.78576,0.78611,0.78515,0.78528,4202,0,0
2026-05-19T08:00:00+00:00,2026-05-19,13:30:00,1779177600,0.78527,0.788,0.78511,0.78764,4910,0,0
2026-05-19T12:00:00+00:00,2026-05-19,17:30:00,1779192000,0.78765,0.79063,0.78713,0.78969,8350,0,0
2026-05-19T16:00:00+00:00,2026-05-19,21:30:00,1779206400,0.78969,0.79018,0.78843,0.78891,4546,0,0
2026-05-19T20:00:00+00:00,2026-05-20,01:30:00,1779220800,0.7889,0.78906,0.78843,0.78886,1365,0,0
2026-05-20T00:00:00+00:00,2026-05-20,05:30:00,1779235200,0.78888,0.79016,0.78862,0.78953,4499,0,0
2026-05-20T04:00:00+00:00,2026-05-20,09:30:00,1779249600,0.78953,0.79054,0.78916,0.79042,4400,0,0
2026-05-20T08:00:00+00:00,2026-05-20,13:30:00,1779264000,0.79042,0.79067,0.78946,0.79012,3939,0,0
2026-05-20T12:00:00+00:00,2026-05-20,17:30:00,1779278400,0.79012,0.79067,0.78577,0.78764,9449,0,0
2026-05-20T16:00:00+00:00,2026-05-20,21:30:00,1779292800,0.78765,0.78787,0.78641,0.78698,5863,0,0
2026-05-20T20:00:00+00:00,2026-05-21,01:30:00,1779307200,0.78698,0.78733,0.78682,0.78717,2005,0,0
2026-05-21T00:00:00+00:00,2026-05-21,05:30:00,1779321600,0.78717,0.78759,0.78621,0.78725,3627,0,0
2026-05-21T04:00:00+00:00,2026-05-21,09:30:00,1779336000,0.78726,0.78847,0.78668,0.78755,4061,0,0
2026-05-21T08:00:00+00:00,2026-05-21,13:30:00,1779350400,0.78754,0.78836,0.7859,0.78821,6711,0,0
2026-05-21T12:00:00+00:00,2026-05-21,17:30:00,1779364800,0.78821,0.79041,0.78784,0.78932,8489,0,0
2026-05-21T16:00:00+00:00,2026-05-21,21:30:00,1779379200,0.78931,0.7895,0.78578,0.78621,8053,0,0
2026-05-21T20:00:00+00:00,2026-05-22,01:30:00,1779393600,0.7862,0.78681,0.78607,0.78657,1767,0,0
2026-05-22T00:00:00+00:00,2026-05-22,05:30:00,1779408000,0.78657,0.7871,0.78653,0.78675,2730,0,0
2026-05-22T04:00:00+00:00,2026-05-22,09:30:00,1779422400,0.78675,0.78758,0.78605,0.78616,3613,0,0
2026-05-22T08:00:00+00:00,2026-05-22,13:30:00,1779436800,0.78616,0.78703,0.78555,0.78633,4445,0,0
2026-05-22T12:00:00+00:00,2026-05-22,17:30:00,1779451200,0.78634,0.78708,0.78467,0.78572,7449,0,0
2026-05-22T16:00:00+00:00,2026-05-22,21:30:00,1779465600,0.78572,0.78596,0.78382,0.78484,5015,0,0
2026-05-22T20:00:00+00:00,2026-05-23,01:30:00,1779480000,0.78483,0.78521,0.78478,0.78512,648,0,0
2026-05-24T20:00:00+00:00,2026-05-25,01:30:00,1779652800,0.78411,0.78463,0.78182,0.78234,1784,0,0
2026-05-25T00:00:00+00:00,2026-05-25,05:30:00,1779667200,0.78234,0.7825,0.78161,0.78222,3456,0,0
2026-05-25T04:00:00+00:00,2026-05-25,09:30:00,1779681600,0.78224,0.78237,0.78145,0.78201,3077,0,0
2026-05-25T08:00:00+00:00,2026-05-25,13:30:00,1779696000,0.782,0.78222,0.78089,0.78138,2451,0,0
2026-05-25T12:00:00+00:00,2026-05-25,17:30:00,1779710400,0.78137,0.78349,0.78082,0.78286,3996,0,0
2026-05-25T16:00:00+00:00,2026-05-25,21:30:00,1779724800,0.78288,0.78348,0.78253,0.78262,1271,0,0
2026-05-25T20:00:00+00:00,2026-05-26,01:30:00,1779739200,0.78261,0.78328,0.78254,0.78328,1271,0,0
2026-05-26T00:00:00+00:00,2026-05-26,05:30:00,1779753600,0.78328,0.78384,0.78295,0.783,3133,0,0
2026-05-26T04:00:00+00:00,2026-05-26,09:30:00,1779768000,0.783,0.78521,0.78291,0.78441,3701,0,0
2026-05-26T08:00:00+00:00,2026-05-26,13:30:00,1779782400,0.7844,0.78535,0.78397,0.78534,4035,0,0
2026-05-26T12:00:00+00:00,2026-05-26,17:30:00,1779796800,0.78535,0.78644,0.78455,0.78603,5846,0,0
2026-05-26T16:00:00+00:00,2026-05-26,21:30:00,1779811200,0.78602,0.78608,0.78532,0.78578,3040,0,0
2026-05-26T20:00:00+00:00,2026-05-27,01:30:00,1779825600,0.7858,0.78586,0.78498,0.78521,1371,0,0
2026-05-27T00:00:00+00:00,2026-05-27,05:30:00,1779840000,0.78524,0.78565,0.78494,0.78537,2804,0,0
2026-05-27T04:00:00+00:00,2026-05-27,09:30:00,1779854400,0.78538,0.78582,0.78461,0.78568,3349,0,0
2026-05-27T08:00:00+00:00,2026-05-27,13:30:00,1779868800,0.7857,0.7867,0.78534,0.78648,4076,0,0
2026-05-27T12:00:00+00:00,2026-05-27,17:30:00,1779883200,0.78647,0.7872,0.78431,0.78708,8887,0,0
2026-05-27T16:00:00+00:00,2026-05-27,21:30:00,1779897600,0.78707,0.78753,0.78653,0.78698,3625,0,0
2026-05-27T20:00:00+00:00,2026-05-28,01:30:00,1779912000,0.78698,0.78796,0.78663,0.78788,2041,0,0
2026-05-28T00:00:00+00:00,2026-05-28,05:30:00,1779926400,0.7879,0.7899,0.78769,0.78985,3768,0,0
2026-05-28T04:00:00+00:00,2026-05-28,09:30:00,1779940800,0.78985,0.78989,0.78738,0.78825,3840,0,0
2026-05-28T08:00:00+00:00,2026-05-28,13:30:00,1779955200,0.78824,0.7899,0.7881,0.78892,4405,0,0
2026-05-28T12:00:00+00:00,2026-05-28,17:30:00,1779969600,0.78892,0.78912,0.78405,0.78456,9197,0,0
2026-05-28T16:00:00+00:00,2026-05-28,21:30:00,1779984000,0.78455,0.78481,0.78337,0.7839,4454,0,0
2026-05-28T20:00:00+00:00,2026-05-29,01:30:00,1779998400,0.7839,0.78404,0.78373,0.78385,1474,0,0
2026-05-29T00:00:00+00:00,2026-05-29,05:30:00,1780012800,0.78385,0.78459,0.78309,0.78454,3320,0,0
2026-05-29T04:00:00+00:00,2026-05-29,09:30:00,1780027200,0.78454,0.78455,0.78328,0.78373,3696,0,0
2026-05-29T08:00:00+00:00,2026-05-29,13:30:00,1780041600,0.78374,0.78474,0.78215,0.78216,4686,0,0
2026-05-29T12:00:00+00:00,2026-05-29,17:30:00,1780056000,0.78216,0.78283,0.77953,0.78113,8891,0,0
2026-05-29T16:00:00+00:00,2026-05-29,21:30:00,1780070400,0.78113,0.78254,0.78,0.78044,5090,0,0
2026-05-29T20:00:00+00:00,2026-05-30,01:30:00,1780084800,0.78042,0.78124,0.78042,0.78091,1516,0,0
2026-05-31T20:00:00+00:00,2026-06-01,01:30:00,1780257600,0.7808,0.78201,0.78038,0.78192,1481,0,0
2026-06-01T00:00:00+00:00,2026-06-01,05:30:00,1780272000,0.78192,0.78339,0.78189,0.78317,7123,0,0
2026-06-01T04:00:00+00:00,2026-06-01,09:30:00,1780286400,0.78317,0.78363,0.78203,0.78313,3848,0,0
2026-06-01T08:00:00+00:00,2026-06-01,13:30:00,1780300800,0.78312,0.78444,0.78288,0.784,4327,0,0
2026-06-01T12:00:00+00:00,2026-06-01,17:30:00,1780315200,0.784,0.78845,0.78362,0.78683,9307,0,0
2026-06-01T16:00:00+00:00,2026-06-01,21:30:00,1780329600,0.78682,0.78748,0.78574,0.78656,4380,0,0
2026-06-01T20:00:00+00:00,2026-06-02,01:30:00,1780344000,0.78658,0.78677,0.78627,0.78633,2196,0,0
2026-06-02T00:00:00+00:00,2026-06-02,05:30:00,1780358400,0.78633,0.78721,0.7863,0.78649,3184,0,0
2026-06-02T04:00:00+00:00,2026-06-02,09:30:00,1780372800,0.78649,0.78657,0.78447,0.785,3945,0,0
2026-06-02T08:00:00+00:00,2026-06-02,13:30:00,1780387200,0.78499,0.7862,0.78446,0.78509,4230,0,0
2026-06-02T12:00:00+00:00,2026-06-02,17:30:00,1780401600,0.78509,0.78719,0.78502,0.78631,4391,0,0
2026-06-02T16:00:00+00:00,2026-06-02,21:30:00,1780416000,0.78591,0.78839,0.78588,0.78698,3529,0,0
2026-06-02T20:00:00+00:00,2026-06-03,01:30:00,1780430400,0.78698,0.78846,0.78681,0.78839,2452,0,0
2026-06-03T00:00:00+00:00,2026-06-03,05:30:00,1780444800,0.78841,0.78846,0.78735,0.78816,2798,0,0
2026-06-03T04:00:00+00:00,2026-06-03,09:30:00,1780459200,0.78816,0.78949,0.78809,0.78934,4279,0,0
2026-06-03T08:00:00+00:00,2026-06-03,13:30:00,1780473600,0.78934,0.78953,0.78843,0.7887,4240,0,0
2026-06-03T12:00:00+00:00,2026-06-03,17:30:00,1780488000,0.7887,0.7913,0.78866,0.79081,7508,0,0
2026-06-03T16:00:00+00:00,2026-06-03,21:30:00,1780502400,0.79079,0.7927,0.79079,0.79213,3840,0,0
2026-06-03T20:00:00+00:00,2026-06-04,01:30:00,1780516800,0.79213,0.79228,0.79099,0.79109,3976,0,0
2026-06-04T00:00:00+00:00,2026-06-04,05:30:00,1780531200,0.79111,0.79147,0.79042,0.791,3391,0,0
2026-06-04T04:00:00+00:00,2026-06-04,09:30:00,1780545600,0.791,0.79228,0.79029,0.79182,3934,0,0
2026-06-04T08:00:00+00:00,2026-06-04,13:30:00,1780560000,0.79181,0.79191,0.78683,0.78711,5919,0,0
2026-06-04T12:00:00+00:00,2026-06-04,17:30:00,1780574400,0.78712,0.78906,0.78683,0.78853,6433,0,0
2026-06-04T16:00:00+00:00,2026-06-04,21:30:00,1780588800,0.78852,0.78954,0.78833,0.7893,2866,0,0
2026-06-04T20:00:00+00:00,2026-06-05,01:30:00,1780603200,0.78929,0.78979,0.78911,0.78918,2301,0,0
2026-06-05T00:00:00+00:00,2026-06-05,05:30:00,1780617600,0.78921,0.7896,0.7889,0.78929,2915,0,0
2026-06-05T04:00:00+00:00,2026-06-05,09:30:00,1780632000,0.78929,0.78934,0.78721,0.78787,3287,0,0
2026-06-05T08:00:00+00:00,2026-06-05,13:30:00,1780646400,0.78788,0.78839,0.78724,0.78804,4282,0,0
2026-06-05T12:00:00+00:00,2026-06-05,17:30:00,1780660800,0.78804,0.79563,0.78792,0.79556,11322,0,0
2026-06-05T16:00:00+00:00,2026-06-05,21:30:00,1780675200,0.79555,0.79679,0.79527,0.79605,5410,0,0
2026-06-05T20:00:00+00:00,2026-06-06,01:30:00,1780689600,0.79606,0.79652,0.79591,0.79618,791,0,0
2026-06-07T20:00:00+00:00,2026-06-08,01:30:00,1780862400,0.79518,0.79723,0.79511,0.79654,1862,0,0
2026-06-08T00:00:00+00:00,2026-06-08,05:30:00,1780876800,0.79656,0.79795,0.79559,0.79684,5014,0,0
2026-06-08T04:00:00+00:00,2026-06-08,09:30:00,1780891200,0.79684,0.79801,0.79612,0.79793,5605,0,0
2026-06-08T08:00:00+00:00,2026-06-08,13:30:00,1780905600,0.79792,0.79865,0.79589,0.79653,6933,0,0
2026-06-08T12:00:00+00:00,2026-06-08,17:30:00,1780920000,0.79654,0.79767,0.79475,0.79722,8385,0,0
2026-06-08T16:00:00+00:00,2026-06-08,21:30:00,1780934400,0.79723,0.79822,0.79701,0.79818,4783,0,0
2026-06-08T20:00:00+00:00,2026-06-09,01:30:00,1780948800,0.79818,0.79823,0.79753,0.7982,1579,0,0
2026-06-09T00:00:00+00:00,2026-06-09,05:30:00,1780963200,0.79822,0.79842,0.79723,0.79753,3811,0,0
2026-06-09T04:00:00+00:00,2026-06-09,09:30:00,1780977600,0.79753,0.79762,0.79582,0.79708,4631,0,0
2026-06-09T08:00:00+00:00,2026-06-09,13:30:00,1780992000,0.79708,0.79732,0.79553,0.79562,4172,0,0
2026-06-09T12:00:00+00:00,2026-06-09,17:30:00,1781006400,0.7956,0.7981,0.79487,0.79715,7514,0,0
2026-06-09T16:00:00+00:00,2026-06-09,21:30:00,1781020800,0.79718,0.79919,0.79709,0.79858,7082,0,0
2026-06-09T20:00:00+00:00,2026-06-10,01:30:00,1781035200,0.79858,0.79937,0.7981,0.79927,1819,0,0
2026-06-10T00:00:00+00:00,2026-06-10,05:30:00,1781049600,0.79928,0.79948,0.79864,0.79881,4685,0,0
2026-06-10T04:00:00+00:00,2026-06-10,09:30:00,1781064000,0.79881,0.7994,0.7975,0.79845,4567,0,0
2026-06-10T08:00:00+00:00,2026-06-10,13:30:00,1781078400,0.79844,0.79959,0.79807,0.7993,6031,0,0
2026-06-10T12:00:00+00:00,2026-06-10,17:30:00,1781092800,0.79928,0.79953,0.79654,0.79841,9720,0,0
2026-06-10T16:00:00+00:00,2026-06-10,21:30:00,1781107200,0.79842,0.79992,0.79781,0.79992,5795,0,0
2026-06-10T20:00:00+00:00,2026-06-11,01:30:00,1781121600,0.79994,0.80064,0.79927,0.79998,3430,0,0
2026-06-11T00:00:00+00:00,2026-06-11,05:30:00,1781136000,0.79998,0.79998,0.79802,0.79868,4801,0,0
2026-06-11T04:00:00+00:00,2026-06-11,09:30:00,1781150400,0.79868,0.79925,0.79817,0.79925,4190,0,0
2026-06-11T08:00:00+00:00,2026-06-11,13:30:00,1781164800,0.79927,0.80029,0.79882,0.79895,4624,0,0
2026-06-11T12:00:00+00:00,2026-06-11,17:30:00,1781179200,0.79895,0.8009,0.79876,0.80068,9376,0,0
2026-06-11T16:00:00+00:00,2026-06-11,21:30:00,1781193600,0.80068,0.80127,0.79434,0.79506,9914,0,0
2026-06-11T20:00:00+00:00,2026-06-12,01:30:00,1781208000,0.79506,0.79525,0.79421,0.79512,2743,0,0
2026-06-12T00:00:00+00:00,2026-06-12,05:30:00,1781222400,0.79512,0.7963,0.79506,0.79573,4294,0,0
2026-06-12T04:00:00+00:00,2026-06-12,09:30:00,1781236800,0.79573,0.79749,0.79558,0.79647,4916,0,0
2026-06-12T08:00:00+00:00,2026-06-12,13:30:00,1781251200,0.79648,0.79658,0.79481,0.79626,6434,0,0
2026-06-12T12:00:00+00:00,2026-06-12,17:30:00,1781265600,0.79625,0.79759,0.79584,0.79646,8572,0,0
2026-06-12T16:00:00+00:00,2026-06-12,21:30:00,1781280000,0.79648,0.79698,0.79603,0.79676,4488,0,0
2026-06-12T20:00:00+00:00,2026-06-13,01:30:00,1781294400,0.79677,0.79713,0.7967,0.79711,544,0,0
2026-06-14T20:00:00+00:00,2026-06-15,01:30:00,1781467200,0.79594,0.7961,0.79321,0.79398,2678,0,0
2026-06-15T00:00:00+00:00,2026-06-15,05:30:00,1781481600,0.79397,0.79481,0.79326,0.79387,3347,0,0
2026-06-15T04:00:00+00:00,2026-06-15,09:30:00,1781496000,0.79385,0.79453,0.79284,0.79335,4289,0,0
2026-06-15T08:00:00+00:00,2026-06-15,13:30:00,1781510400,0.79336,0.79365,0.79222,0.79341,4614,0,0
2026-06-15T12:00:00+00:00,2026-06-15,17:30:00,1781524800,0.79341,0.79382,0.79214,0.79371,5867,0,0
2026-06-15T16:00:00+00:00,2026-06-15,21:30:00,1781539200,0.79372,0.79491,0.7934,0.7949,3194,0,0
2026-06-15T20:00:00+00:00,2026-06-16,01:30:00,1781553600,0.79488,0.79494,0.79434,0.79455,1535,0,0
2026-06-16T00:00:00+00:00,2026-06-16,05:30:00,1781568000,0.79455,0.79523,0.79421,0.79505,3006,0,0
2026-06-16T04:00:00+00:00,2026-06-16,09:30:00,1781582400,0.79505,0.79597,0.79478,0.79485,3749,0,0
2026-06-16T08:00:00+00:00,2026-06-16,13:30:00,1781596800,0.79484,0.79532,0.79401,0.79518,3858,0,0
2026-06-16T12:00:00+00:00,2026-06-16,17:30:00,1781611200,0.79519,0.79577,0.79245,0.79284,6770,0,0
2026-06-16T16:00:00+00:00,2026-06-16,21:30:00,1781625600,0.79284,0.79345,0.79219,0.79327,3732,0,0
2026-06-16T20:00:00+00:00,2026-06-17,01:30:00,1781640000,0.79327,0.79338,0.79276,0.79322,1356,0,0
2026-06-17T00:00:00+00:00,2026-06-17,05:30:00,1781654400,0.79322,0.79329,0.79222,0.79253,2505,0,0
2026-06-17T04:00:00+00:00,2026-06-17,09:30:00,1781668800,0.79253,0.79255,0.79102,0.79119,3484,0,0
2026-06-17T08:00:00+00:00,2026-06-17,13:30:00,1781683200,0.79117,0.79336,0.79109,0.79291,4246,0,0
2026-06-17T12:00:00+00:00,2026-06-17,17:30:00,1781697600,0.79289,0.79396,0.79221,0.793,5925,0,0
2026-06-17T16:00:00+00:00,2026-06-17,21:30:00,1781712000,0.79299,0.80154,0.79259,0.80056,13695,0,0
2026-06-17T20:00:00+00:00,2026-06-18,01:30:00,1781726400,0.80054,0.80095,0.7993,0.79947,3698,0,0
2026-06-18T00:00:00+00:00,2026-06-18,05:30:00,1781740800,0.79946,0.79946,0.79822,0.79863,3855,0,0
2026-06-18T04:00:00+00:00,2026-06-18,09:30:00,1781755200,0.79863,0.80075,0.79825,0.79999,5242,0,0
2026-06-18T08:00:00+00:00,2026-06-18,13:30:00,1781769600,0.79999,0.80481,0.79986,0.8047,7536,0,0
2026-06-18T12:00:00+00:00,2026-06-18,17:30:00,1781784000,0.8047,0.80499,0.80212,0.80404,9583,0,0
2026-06-18T16:00:00+00:00,2026-06-18,21:30:00,1781798400,0.80405,0.80619,0.80376,0.80483,5588,0,0
2026-06-18T20:00:00+00:00,2026-06-19,01:30:00,1781812800,0.80482,0.80499,0.80394,0.80495,1880,0,0
2026-06-19T00:00:00+00:00,2026-06-19,05:30:00,1781827200,0.80494,0.80697,0.80437,0.80691,3550,0,0
2026-06-19T04:00:00+00:00,2026-06-19,09:30:00,1781841600,0.80691,0.80917,0.80616,0.80701,5135,0,0
2026-06-19T08:00:00+00:00,2026-06-19,13:30:00,1781856000,0.80754,0.80762,0.80541,0.80683,4879,0,0
2026-06-19T12:00:00+00:00,2026-06-19,17:30:00,1781870400,0.80682,0.80806,0.80599,0.8078,5465,0,0
2026-06-19T16:00:00+00:00,2026-06-19,21:30:00,1781884800,0.80781,0.80791,0.80645,0.80679,2193,0,0
2026-06-19T20:00:00+00:00,2026-06-20,01:30:00,1781899200,0.80679,0.80736,0.80663,0.8073,1882,0,0
2026-06-21T20:00:00+00:00,2026-06-22,01:30:00,1782072000,0.80734,0.80837,0.80697,0.80806,1344,0,0
2026-06-22T00:00:00+00:00,2026-06-22,05:30:00,1782086400,0.80805,0.80858,0.80711,0.80837,4321,0,0
2026-06-22T04:00:00+00:00,2026-06-22,09:30:00,1782100800,0.80837,0.80903,0.80765,0.80869,4803,0,0
2026-06-22T08:00:00+00:00,2026-06-22,13:30:00,1782115200,0.8087,0.80917,0.80694,0.80869,5758,0,0
2026-06-22T12:00:00+00:00,2026-06-22,17:30:00,1782129600,0.80869,0.80973,0.80732,0.80911,9268,0,0
2026-06-22T16:00:00+00:00,2026-06-22,21:30:00,1782144000,0.80911,0.80953,0.80865,0.80869,3895,0,0
2026-06-22T20:00:00+00:00,2026-06-23,01:30:00,1782158400,0.80866,0.80898,0.80832,0.80883,1594,0,0
2026-06-23T00:00:00+00:00,2026-06-23,05:30:00,1782172800,0.80884,0.80924,0.80819,0.80854,3919,0,0
2026-06-23T04:00:00+00:00,2026-06-23,09:30:00,1782187200,0.80853,0.80943,0.80782,0.80917,5308,0,0
2026-06-23T08:00:00+00:00,2026-06-23,13:30:00,1782201600,0.80917,0.81034,0.80879,0.81019,5447,0,0
2026-06-23T12:00:00+00:00,2026-06-23,17:30:00,1782216000,0.8102,0.81036,0.80751,0.80972,7612,0,0
2026-06-23T16:00:00+00:00,2026-06-23,21:30:00,1782230400,0.80973,0.81064,0.80952,0.80991,3498,0,0
2026-06-23T20:00:00+00:00,2026-06-24,01:30:00,1782244800,0.80993,0.81001,0.80933,0.80976,1552,0,0
2026-06-24T00:00:00+00:00,2026-06-24,05:30:00,1782259200,0.80977,0.81108,0.80964,0.81029,4375,0,0
2026-06-24T04:00:00+00:00,2026-06-24,09:30:00,1782273600,0.8103,0.8119,0.81015,0.81173,4352,0,0
2026-06-24T08:00:00+00:00,2026-06-24,13:30:00,1782288000,0.81172,0.81309,0.81131,0.81255,5766,0,0
2026-06-24T12:00:00+00:00,2026-06-24,17:30:00,1782302400,0.81255,0.81394,0.81149,0.81268,9080,0,0
2026-06-24T16:00:00+00:00,2026-06-24,21:30:00,1782316800,0.81267,0.81293,0.81139,0.81276,5000,0,0
2026-06-24T20:00:00+00:00,2026-06-25,01:30:00,1782331200,0.81278,0.81291,0.81225,0.81264,1986,0,0
2026-06-25T00:00:00+00:00,2026-06-25,05:30:00,1782345600,0.81264,0.81309,0.81067,0.8108,4219,0,0
2026-06-25T04:00:00+00:00,2026-06-25,09:30:00,1782360000,0.8108,0.81268,0.81063,0.81134,4275,0,0
2026-06-25T08:00:00+00:00,2026-06-25,13:30:00,1782374400,0.81134,0.81336,0.81023,0.81318,4813,0,0
2026-06-25T12:00:00+00:00,2026-06-25,17:30:00,1782388800,0.81316,0.81348,0.80916,0.80936,10207,0,0
2026-06-25T16:00:00+00:00,2026-06-25,21:30:00,1782403200,0.80934,0.81038,0.80899,0.80973,4692,0,0
2026-06-25T20:00:00+00:00,2026-06-26,01:30:00,1782417600,0.80975,0.81085,0.80956,0.8107,1997,0,0
2026-06-26T00:00:00+00:00,2026-06-26,05:30:00,1782432000,0.81071,0.81119,0.80938,0.8095,4368,0,0
2026-06-26T04:00:00+00:00,2026-06-26,09:30:00,1782446400,0.8095,0.8097,0.80802,0.80865,4749,0,0
2026-06-26T08:00:00+00:00,2026-06-26,13:30:00,1782460800,0.80865,0.80917,0.80765,0.80872,5920,0,0
2026-06-26T12:00:00+00:00,2026-06-26,17:30:00,1782475200,0.80872,0.80924,0.80664,0.80821,8512,0,0
2026-06-26T16:00:00+00:00,2026-06-26,21:30:00,1782489600,0.8082,0.8099,0.80816,0.8095,4035,0,0
2026-06-26T20:00:00+00:00,2026-06-27,01:30:00,1782504000,0.80948,0.81019,0.80919,0.8099,1148,0,0
2026-06-28T20:00:00+00:00,2026-06-29,01:30:00,1782676800,0.81002,0.81034,0.80989,0.81007,854,0,0
2026-06-29T00:00:00+00:00,2026-06-29,05:30:00,1782691200,0.81009,0.81022,0.80941,0.81001,3455,0,0
2026-06-29T04:00:00+00:00,2026-06-29,09:30:00,1782705600,0.81001,0.81011,0.80846,0.80885,3248,0,0
2026-06-29T08:00:00+00:00,2026-06-29,13:30:00,1782720000,0.80884,0.80937,0.808,0.8082,4106,0,0
2026-06-29T12:00:00+00:00,2026-06-29,17:30:00,1782734400,0.80822,0.80902,0.80775,0.80816,6496,0,0
2026-06-29T16:00:00+00:00,2026-06-29,21:30:00,1782748800,0.80815,0.80816,0.80721,0.80734,2978,0,0
2026-06-29T20:00:00+00:00,2026-06-30,01:30:00,1782763200,0.80734,0.80784,0.80719,0.80784,1313,0,0
2026-06-30T00:00:00+00:00,2026-06-30,05:30:00,1782777600,0.80784,0.80923,0.80765,0.80912,3861,0,0
2026-06-30T04:00:00+00:00,2026-06-30,09:30:00,1782792000,0.80913,0.81011,0.80831,0.80935,4340,0,0
2026-06-30T08:00:00+00:00,2026-06-30,13:30:00,1782806400,0.80935,0.81016,0.80851,0.80952,5295,0,0
2026-06-30T12:00:00+00:00,2026-06-30,17:30:00,1782820800,0.80952,0.80978,0.80631,0.80823,7922,0,0
2026-06-30T16:00:00+00:00,2026-06-30,21:30:00,1782835200,0.80823,0.80879,0.80762,0.80798,3639,0,0
2026-06-30T20:00:00+00:00,2026-07-01,01:30:00,1782849600,0.80797,0.80882,0.8079,0.80878,1799,0,0
2026-07-01T00:00:00+00:00,2026-07-01,05:30:00,1782864000,0.80878,0.80963,0.80863,0.80943,3084,0,0
2026-07-01T04:00:00+00:00,2026-07-01,09:30:00,1782878400,0.80942,0.80961,0.80939,0.80939,125,0,0
