time_utc,time,open,high,low,close,tick_volume,spread,real_volume
2025-07-21T12:00:00Z,1753099200,1.16671,1.17164,1.16575,1.17045,13017,9,0
2025-07-21T16:00:00Z,1753113600,1.17043,1.17055,1.1685699999999999,1.16891,7255,9,0
2025-07-21T20:00:00Z,1753128000,1.16891,1.16956,1.16878,1.16944,2818,9,0
2025-07-22T00:00:00Z,1753142400,1.1694499999999999,1.16954,1.16821,1.1687,5203,9,0
2025-07-22T04:00:00Z,1753156800,1.1687,1.16941,1.16814,1.16859,6502,9,0
2025-07-22T08:00:00Z,1753171200,1.16855,1.17089,1.16836,1.17012,8166,9,0
2025-07-22T12:00:00Z,1753185600,1.17012,1.17487,1.16782,1.17473,15705,9,0
2025-07-22T16:00:00Z,1753200000,1.17475,1.17603,1.17415,1.17509,7471,9,0
2025-07-22T20:00:00Z,1753214400,1.17507,1.17557,1.17358,1.17374,3953,9,0
2025-07-23T00:00:00Z,1753228800,1.17375,1.17483,1.17303,1.17389,8489,9,0
2025-07-23T04:00:00Z,1753243200,1.17389,1.17525,1.17269,1.17415,8265,9,0
2025-07-23T08:00:00Z,1753257600,1.17415,1.17477,1.17228,1.17252,9398,9,0
2025-07-23T12:00:00Z,1753272000,1.17254,1.1757900000000001,1.17107,1.17462,14847,9,0
2025-07-23T16:00:00Z,1753286400,1.17463,1.17747,1.17426,1.17726,13068,9,0
2025-07-23T20:00:00Z,1753300800,1.17728,1.17785,1.17657,1.17727,3874,9,0
2025-07-24T00:00:00Z,1753315200,1.17726,1.17798,1.17617,1.17749,6706,9,0
2025-07-24T04:00:00Z,1753329600,1.17746,1.17778,1.17548,1.17612,7356,9,0
2025-07-24T08:00:00Z,1753344000,1.17614,1.17678,1.17428,1.1755200000000001,7849,9,0
2025-07-24T12:00:00Z,1753358400,1.17555,1.17886,1.17302,1.17644,20244,9,0
2025-07-24T16:00:00Z,1753372800,1.17644,1.17776,1.17567,1.17581,7427,9,0
2025-07-24T20:00:00Z,1753387200,1.17578,1.17597,1.17354,1.17541,4497,9,0
2025-07-25T00:00:00Z,1753401600,1.17543,1.17583,1.17334,1.17419,6327,9,0
2025-07-25T04:00:00Z,1753416000,1.17418,1.17604,1.1734,1.17523,8980,9,0
2025-07-25T08:00:00Z,1753430400,1.17522,1.17575,1.17108,1.17205,9913,9,0
2025-07-25T12:00:00Z,1753444800,1.17203,1.17382,1.17027,1.17283,18049,9,0
2025-07-25T16:00:00Z,1753459200,1.17286,1.17465,1.17201,1.17434,6614,9,0
2025-07-25T20:00:00Z,1753473600,1.17434,1.17435,1.1737,1.174,1540,9,0
2025-07-27T20:00:00Z,1753646400,1.17533,1.17676,1.1750099999999999,1.17549,3498,9,0
2025-07-28T00:00:00Z,1753660800,1.17548,1.177,1.17461,1.17559,7751,9,0
2025-07-28T04:00:00Z,1753675200,1.1756,1.17577,1.167,1.16748,11050,9,0
2025-07-28T08:00:00Z,1753689600,1.16747,1.169,1.16434,1.16504,13961,9,0
2025-07-28T12:00:00Z,1753704000,1.16506,1.16646,1.16074,1.16086,17426,9,0
2025-07-28T16:00:00Z,1753718400,1.16087,1.16107,1.1584699999999999,1.15913,7555,9,0
2025-07-28T20:00:00Z,1753732800,1.15913,1.15965,1.15819,1.1595900000000001,3167,9,0
2025-07-29T00:00:00Z,1753747200,1.1596,1.15988,1.15809,1.15824,6533,9,0
2025-07-29T04:00:00Z,1753761600,1.15824,1.15899,1.15261,1.15543,14078,9,0
2025-07-29T08:00:00Z,1753776000,1.15544,1.15881,1.1537,1.15399,12375,9,0
2025-07-29T12:00:00Z,1753790400,1.15397,1.15511,1.15185,1.15331,18818,9,0
2025-07-29T16:00:00Z,1753804800,1.15333,1.15602,1.15333,1.15496,9315,9,0
2025-07-29T20:00:00Z,1753819200,1.15495,1.15524,1.15419,1.15504,2246,9,0
2025-07-30T00:00:00Z,1753833600,1.15501,1.15722,1.15501,1.15614,6327,9,0
2025-07-30T04:00:00Z,1753848000,1.15614,1.15682,1.15396,1.15529,8397,9,0
2025-07-30T08:00:00Z,1753862400,1.15529,1.15603,1.15216,1.15308,9719,9,0
2025-07-30T12:00:00Z,1753876800,1.15311,1.1534200000000001,1.14574,1.14684,20544,9,0
2025-07-30T16:00:00Z,1753891200,1.14685,1.15029,1.14136,1.14238,25611,9,0
2025-07-30T20:00:00Z,1753905600,1.1424,1.14301,1.13982,1.14276,6094,9,0
2025-07-31T00:00:00Z,1753920000,1.14276,1.14379,1.14073,1.14229,9677,9,0
2025-07-31T04:00:00Z,1753934400,1.14228,1.14604,1.14188,1.14483,10740,9,0
2025-07-31T08:00:00Z,1753948800,1.14485,1.14547,1.14203,1.14487,11342,9,0
2025-07-31T12:00:00Z,1753963200,1.14485,1.14507,1.14052,1.143,18922,9,0
2025-07-31T16:00:00Z,1753977600,1.14298,1.14327,1.14117,1.1412,9151,9,0
2025-07-31T20:00:00Z,1753992000,1.1412200000000001,1.14255,1.14087,1.14213,5163,9,0
2025-08-01T00:00:00Z,1754006400,1.14213,1.14285,1.14044,1.14181,8685,9,0
2025-08-01T04:00:00Z,1754020800,1.14182,1.1437599999999999,1.14121,1.14184,8439,9,0
2025-08-01T08:00:00Z,1754035200,1.14182,1.14221,1.13927,1.14044,9761,9,0
2025-08-01T12:00:00Z,1754049600,1.14042,1.15879,1.13909,1.15539,51089,8,0
2025-08-01T16:00:00Z,1754064000,1.15537,1.15818,1.15161,1.15689,17621,9,0
2025-08-01T20:00:00Z,1754078400,1.15687,1.15966,1.15683,1.15872,3266,9,0
2025-08-03T20:00:00Z,1754251200,1.1588,1.15952,1.15777,1.15871,4940,9,0
2025-08-04T00:00:00Z,1754265600,1.15871,1.15884,1.15497,1.15786,10576,9,0
2025-08-04T04:00:00Z,1754280000,1.15786,1.1585,1.15504,1.15631,11825,9,0
2025-08-04T08:00:00Z,1754294400,1.15633,1.15862,1.15491,1.15663,12635,9,0
2025-08-04T12:00:00Z,1754308800,1.15666,1.15883,1.15564,1.15667,18442,9,0
2025-08-04T16:00:00Z,1754323200,1.1567,1.15775,1.15566,1.15672,8836,9,0
2025-08-04T20:00:00Z,1754337600,1.15675,1.1585,1.1565,1.15835,3693,9,0
2025-08-05T00:00:00Z,1754352000,1.15835,1.15875,1.15537,1.1555,6993,9,0
2025-08-05T04:00:00Z,1754366400,1.1555,1.15618,1.15328,1.15457,8741,9,0
2025-08-05T08:00:00Z,1754380800,1.15457,1.15488,1.15271,1.15389,10790,9,0
2025-08-05T12:00:00Z,1754395200,1.15391,1.15846,1.15297,1.15789,20046,9,0
2025-08-05T16:00:00Z,1754409600,1.15789,1.15859,1.15661,1.15723,7552,9,0
2025-08-05T20:00:00Z,1754424000,1.15723,1.1581,1.15704,1.1578,3085,9,0
2025-08-06T00:00:00Z,1754438400,1.15781,1.1584699999999999,1.15639,1.15795,5393,9,0
2025-08-06T04:00:00Z,1754452800,1.15795,1.15881,1.1571,1.15805,7009,9,0
2025-08-06T08:00:00Z,1754467200,1.15808,1.16149,1.15701,1.16041,9576,9,0
2025-08-06T12:00:00Z,1754481600,1.16038,1.16467,1.15999,1.1646,15592,9,0
2025-08-06T16:00:00Z,1754496000,1.1645699999999999,1.16681,1.16304,1.16562,9301,9,0
2025-08-06T20:00:00Z,1754510400,1.16563,1.16657,1.16497,1.16625,4138,9,0
2025-08-07T00:00:00Z,1754524800,1.16624,1.16649,1.16492,1.16642,5897,9,0
2025-08-07T04:00:00Z,1754539200,1.16643,1.1690800000000001,1.16624,1.16892,8090,9,0
2025-08-07T08:00:00Z,1754553600,1.16892,1.16984,1.16338,1.16441,12770,9,0
2025-08-07T12:00:00Z,1754568000,1.16439,1.16622,1.16106,1.16392,22888,9,0
2025-08-07T16:00:00Z,1754582400,1.16395,1.16564,1.16189,1.1654200000000001,10402,9,0
2025-08-07T20:00:00Z,1754596800,1.16543,1.16778,1.1654200000000001,1.16763,5196,9,0
2025-08-08T00:00:00Z,1754611200,1.16766,1.16789,1.16544,1.16596,6852,9,0
2025-08-08T04:00:00Z,1754625600,1.16596,1.16642,1.16383,1.16586,7644,9,0
2025-08-08T08:00:00Z,1754640000,1.16586,1.16626,1.16282,1.16434,9673,9,0
2025-08-08T12:00:00Z,1754654400,1.16431,1.1667399999999999,1.16374,1.16594,12717,9,0
2025-08-08T16:00:00Z,1754668800,1.16594,1.16665,1.1635900000000001,1.1642299999999999,8044,9,0
2025-08-08T20:00:00Z,1754683200,1.16424,1.16433,1.16381,1.16413,1347,9,0
2025-08-10T20:00:00Z,1754856000,1.1645699999999999,1.1650800000000001,1.16418,1.16471,2560,9,0
2025-08-11T00:00:00Z,1754870400,1.16472,1.16751,1.16415,1.16707,5607,9,0
2025-08-11T04:00:00Z,1754884800,1.16707,1.1675,1.16456,1.16464,6355,9,0
2025-08-11T08:00:00Z,1754899200,1.16466,1.16599,1.16227,1.16285,8590,9,0
2025-08-11T12:00:00Z,1754913600,1.16286,1.16308,1.15896,1.16063,12894,9,0
2025-08-11T16:00:00Z,1754928000,1.16062,1.16137,1.15981,1.16045,6272,9,0
2025-08-11T20:00:00Z,1754942400,1.16046,1.16191,1.16038,1.16159,2881,9,0
2025-08-12T00:00:00Z,1754956800,1.16158,1.16252,1.16115,1.16201,5744,9,0
2025-08-12T04:00:00Z,1754971200,1.16201,1.16287,1.16074,1.16199,8881,9,0
2025-08-12T08:00:00Z,1754985600,1.16199,1.16222,1.15983,1.16048,7894,9,0
2025-08-12T12:00:00Z,1755000000,1.1605,1.1696900000000001,1.16008,1.16718,32279,9,0
2025-08-12T16:00:00Z,1755014400,1.16719,1.16855,1.16641,1.16742,9452,9,0
2025-08-12T20:00:00Z,1755028800,1.16741,1.16789,1.16671,1.16774,2943,9,0
2025-08-13T00:00:00Z,1755043200,1.16772,1.16873,1.16702,1.16835,5841,9,0
2025-08-13T04:00:00Z,1755057600,1.16833,1.17124,1.16763,1.17076,8181,9,0
2025-08-13T08:00:00Z,1755072000,1.17074,1.17299,1.17064,1.1718600000000001,9408,9,0
2025-08-13T12:00:00Z,1755086400,1.1718600000000001,1.17231,1.16925,1.17133,13447,9,0
2025-08-13T16:00:00Z,1755100800,1.17133,1.17149,1.16955,1.16992,6041,9,0
2025-08-13T20:00:00Z,1755115200,1.16992,1.17122,1.16989,1.1712,2682,9,0
2025-08-14T00:00:00Z,1755129600,1.1712,1.17146,1.16987,1.17033,5614,9,0
2025-08-14T04:00:00Z,1755144000,1.17033,1.17064,1.16773,1.16795,8311,9,0
2025-08-14T08:00:00Z,1755158400,1.16794,1.1696900000000001,1.16676,1.16878,9275,9,0
2025-08-14T12:00:00Z,1755172800,1.1688,1.16919,1.16369,1.16425,20107,9,0
2025-08-14T16:00:00Z,1755187200,1.16427,1.16499,1.16306,1.16479,7646,9,0
2025-08-14T20:00:00Z,1755201600,1.16478,1.16526,1.16443,1.16503,2611,9,0
2025-08-15T00:00:00Z,1755216000,1.16503,1.16642,1.16462,1.16598,5003,9,0
2025-08-15T04:00:00Z,1755230400,1.16598,1.16837,1.16583,1.16822,5906,9,0
2025-08-15T08:00:00Z,1755244800,1.16822,1.16914,1.16761,1.16872,7098,9,0
2025-08-15T12:00:00Z,1755259200,1.16872,1.1715,1.16734,1.1706699999999999,15443,9,0
2025-08-15T16:00:00Z,1755273600,1.17066,1.1708,1.16981,1.17007,5864,9,0
2025-08-15T20:00:00Z,1755288000,1.1700599999999999,1.17078,1.17003,1.17043,1397,9,0
2025-08-17T20:00:00Z,1755460800,1.1708,1.17157,1.17035,1.17059,2337,9,0
2025-08-18T00:00:00Z,1755475200,1.17059,1.17105,1.16932,1.17034,5265,9,0
2025-08-18T04:00:00Z,1755489600,1.17034,1.1710099999999999,1.16798,1.16811,7289,9,0
2025-08-18T08:00:00Z,1755504000,1.16808,1.16881,1.16707,1.16746,9268,9,0
2025-08-18T12:00:00Z,1755518400,1.16747,1.16841,1.16601,1.16668,11514,9,0
2025-08-18T16:00:00Z,1755532800,1.16667,1.167,1.16556,1.1667,6369,9,0
2025-08-18T20:00:00Z,1755547200,1.16667,1.16744,1.16578,1.1667399999999999,3123,9,0
2025-08-19T00:00:00Z,1755561600,1.1667399999999999,1.167,1.16388,1.16545,6864,9,0
2025-08-19T04:00:00Z,1755576000,1.16545,1.1684,1.16507,1.16831,7806,9,0
2025-08-19T08:00:00Z,1755590400,1.16832,1.16925,1.16712,1.16851,7685,9,0
2025-08-19T12:00:00Z,1755604800,1.16854,1.16875,1.16573,1.16584,11643,9,0
2025-08-19T16:00:00Z,1755619200,1.16586,1.16629,1.1642000000000001,1.16461,6118,9,0
2025-08-19T20:00:00Z,1755633600,1.16461,1.1649,1.16403,1.16411,2779,9,0
2025-08-20T00:00:00Z,1755648000,1.16411,1.16422,1.16216,1.16327,7315,9,0
2025-08-20T04:00:00Z,1755662400,1.16326,1.16464,1.16227,1.16442,8354,9,0
2025-08-20T08:00:00Z,1755676800,1.1644,1.16571,1.16311,1.16415,8255,9,0
2025-08-20T12:00:00Z,1755691200,1.16417,1.16733,1.16417,1.16474,14273,9,0
2025-08-20T16:00:00Z,1755705600,1.16474,1.16722,1.16474,1.16525,6844,9,0
2025-08-20T20:00:00Z,1755720000,1.16526,1.16553,1.1644700000000001,1.16505,2940,9,0
2025-08-21T00:00:00Z,1755734400,1.16505,1.16513,1.16408,1.16455,5522,9,0
2025-08-21T04:00:00Z,1755748800,1.16455,1.16608,1.16245,1.16576,7353,9,0
2025-08-21T08:00:00Z,1755763200,1.16578,1.16625,1.16392,1.164,8177,9,0
2025-08-21T12:00:00Z,1755777600,1.16402,1.16558,1.16007,1.16043,17277,9,0
2025-08-21T16:00:00Z,1755792000,1.16041,1.16182,1.16011,1.16048,6189,9,0
2025-08-21T20:00:00Z,1755806400,1.1604700000000001,1.16143,1.1599599999999999,1.16121,2844,9,0
2025-08-22T00:00:00Z,1755820800,1.16121,1.16163,1.15885,1.15891,5625,9,0
2025-08-22T04:00:00Z,1755835200,1.15892,1.1598600000000001,1.15823,1.15943,6857,9,0
2025-08-22T08:00:00Z,1755849600,1.15941,1.16059,1.1590799999999999,1.16039,7177,9,0
2025-08-22T12:00:00Z,1755864000,1.16041,1.17317,1.15972,1.17119,26416,9,0
2025-08-22T16:00:00Z,1755878400,1.17118,1.17421,1.17116,1.17195,9466,9,0
2025-08-22T20:00:00Z,1755892800,1.17194,1.17264,1.17176,1.17206,1445,9,0
2025-08-24T20:00:00Z,1756065600,1.17199,1.17245,1.17071,1.17078,2740,9,0
2025-08-25T00:00:00Z,1756080000,1.17076,1.1708,1.16933,1.17062,5537,9,0
2025-08-25T04:00:00Z,1756094400,1.17062,1.17203,1.1694,1.16973,6620,9,0
2025-08-25T08:00:00Z,1756108800,1.16972,1.17104,1.1685,1.17025,7179,9,0
2025-08-25T12:00:00Z,1756123200,1.17026,1.17086,1.16651,1.1669,11058,9,0
2025-08-25T16:00:00Z,1756137600,1.1669,1.16693,1.16023,1.1609,9827,9,0
2025-08-25T20:00:00Z,1756152000,1.1609,1.1625,1.16089,1.1614200000000001,3523,9,0
2025-08-26T00:00:00Z,1756166400,1.16143,1.16595,1.16097,1.16255,14357,9,0
2025-08-26T04:00:00Z,1756180800,1.16253,1.16439,1.16016,1.1621299999999999,11448,9,0
2025-08-26T08:00:00Z,1756195200,1.16216,1.1660300000000001,1.16054,1.16533,11051,9,0
2025-08-26T12:00:00Z,1756209600,1.16533,1.1665,1.16368,1.16554,14730,9,0
2025-08-26T16:00:00Z,1756224000,1.16556,1.16612,1.16331,1.16399,7298,9,0
2025-08-26T20:00:00Z,1756238400,1.16398,1.16473,1.16332,1.16369,3274,9,0
2025-08-27T00:00:00Z,1756252800,1.16369,1.16415,1.16212,1.16246,5447,9,0
2025-08-27T04:00:00Z,1756267200,1.16246,1.16251,1.15956,1.16033,7136,9,0
2025-08-27T08:00:00Z,1756281600,1.16032,1.16034,1.15738,1.15858,9679,9,0
2025-08-27T12:00:00Z,1756296000,1.15858,1.16117,1.15817,1.16102,14173,9,0
2025-08-27T16:00:00Z,1756310400,1.16102,1.16426,1.16102,1.16332,7805,9,0
2025-08-27T20:00:00Z,1756324800,1.16332,1.16474,1.1631,1.1647,2993,9,0
2025-08-28T00:00:00Z,1756339200,1.1647,1.16545,1.16408,1.16427,5079,9,0
2025-08-28T04:00:00Z,1756353600,1.16424,1.16493,1.16332,1.16434,7384,9,0
2025-08-28T08:00:00Z,1756368000,1.16432,1.16744,1.16285,1.1666,9492,9,0
2025-08-28T12:00:00Z,1756382400,1.16662,1.16866,1.16582,1.16718,16474,9,0
2025-08-28T16:00:00Z,1756396800,1.16715,1.1697,1.16712,1.1682299999999999,6061,9,0
2025-08-28T20:00:00Z,1756411200,1.1682299999999999,1.16831,1.16724,1.16781,3016,9,0
2025-08-29T00:00:00Z,1756425600,1.16782,1.16819,1.16557,1.16621,5826,9,0
2025-08-29T04:00:00Z,1756440000,1.16621,1.16766,1.1658,1.16755,6562,9,0
2025-08-29T08:00:00Z,1756454400,1.16754,1.16899,1.16606,1.16626,8980,9,0
2025-08-29T12:00:00Z,1756468800,1.16625,1.17085,1.16507,1.16939,15770,9,0
2025-08-29T16:00:00Z,1756483200,1.1694,1.1706699999999999,1.16925,1.16976,6421,9,0
2025-08-29T20:00:00Z,1756497600,1.1697899999999999,1.17002,1.16807,1.16851,1176,9,0
2025-08-31T20:00:00Z,1756670400,1.16915,1.16931,1.16852,1.16897,1730,9,0
2025-09-01T00:00:00Z,1756684800,1.16895,1.1714,1.16876,1.17079,5690,9,0
2025-09-01T04:00:00Z,1756699200,1.17077,1.17329,1.17042,1.1724700000000001,7223,9,0
2025-09-01T08:00:00Z,1756713600,1.17245,1.17359,1.17124,1.17139,8506,9,0
2025-09-01T12:00:00Z,1756728000,1.17137,1.17175,1.1699,1.16994,7879,9,0
2025-09-01T16:00:00Z,1756742400,1.16995,1.17135,1.16962,1.1712500000000001,2664,9,0
2025-09-01T20:00:00Z,1756756800,1.17122,1.17177,1.17052,1.17143,2273,9,0
2025-09-02T00:00:00Z,1756771200,1.17145,1.17154,1.1692,1.16949,6891,9,0
2025-09-02T04:00:00Z,1756785600,1.16949,1.17061,1.16427,1.16455,10372,9,0
2025-09-02T08:00:00Z,1756800000,1.16456,1.16553,1.16234,1.16462,16377,9,0
2025-09-02T12:00:00Z,1756814400,1.16465,1.1682299999999999,1.16126,1.16523,19899,9,0
2025-09-02T16:00:00Z,1756828800,1.16523,1.16546,1.16291,1.16407,7326,9,0
2025-09-02T20:00:00Z,1756843200,1.16408,1.16438,1.16322,1.1632500000000001,2647,9,0
2025-09-03T00:00:00Z,1756857600,1.1632500000000001,1.1636,1.16225,1.1623,5724,9,0
2025-09-03T04:00:00Z,1756872000,1.1623,1.16426,1.16078,1.16354,8650,9,0
2025-09-03T08:00:00Z,1756886400,1.16356,1.16645,1.16353,1.16512,10760,9,0
2025-09-03T12:00:00Z,1756900800,1.1651,1.16818,1.1638,1.16748,16547,9,0
2025-09-03T16:00:00Z,1756915200,1.16748,1.16772,1.16554,1.16581,7158,9,0
2025-09-03T20:00:00Z,1756929600,1.16578,1.16642,1.16551,1.16605,2805,9,0
2025-09-04T00:00:00Z,1756944000,1.16607,1.1669100000000001,1.16497,1.16529,6316,9,0
2025-09-04T04:00:00Z,1756958400,1.16529,1.1661,1.16436,1.16504,6940,9,0
2025-09-04T08:00:00Z,1756972800,1.16501,1.16594,1.16388,1.1642299999999999,9516,9,0
2025-09-04T12:00:00Z,1756987200,1.16426,1.16583,1.16296,1.16472,17037,9,0
2025-09-04T16:00:00Z,1757001600,1.1647,1.16516,1.1633499999999999,1.16503,5874,9,0
2025-09-04T20:00:00Z,1757016000,1.16502,1.16573,1.16446,1.16562,2528,9,0
2025-09-05T00:00:00Z,1757030400,1.16562,1.1674,1.16521,1.16708,4830,9,0
2025-09-05T04:00:00Z,1757044800,1.16708,1.16785,1.16647,1.16773,6202,9,0
2025-09-05T08:00:00Z,1757059200,1.1677,1.1696,1.16747,1.16867,7623,9,0
2025-09-05T12:00:00Z,1757073600,1.16868,1.1758899999999999,1.16854,1.17578,29252,9,0
2025-09-05T16:00:00Z,1757088000,1.1758,1.17593,1.17127,1.17177,8576,9,0
2025-09-05T20:00:00Z,1757102400,1.17179,1.17217,1.17143,1.17182,1127,9,0
2025-09-07T20:00:00Z,1757275200,1.17114,1.1718899999999999,1.17034,1.17119,3543,9,0
2025-09-08T00:00:00Z,1757289600,1.1712,1.1717,1.17043,1.17092,7497,9,0
2025-09-08T04:00:00Z,1757304000,1.17092,1.1733500000000001,1.17058,1.17322,8654,9,0
2025-09-08T08:00:00Z,1757318400,1.17324,1.17424,1.17195,1.17287,8989,9,0
2025-09-08T12:00:00Z,1757332800,1.17285,1.1756,1.1722299999999999,1.17499,12667,9,0
2025-09-08T16:00:00Z,1757347200,1.17498,1.17652,1.17346,1.17622,6721,9,0
2025-09-08T20:00:00Z,1757361600,1.17619,1.17724,1.17557,1.17682,3629,9,0
2025-09-09T00:00:00Z,1757376000,1.17682,1.17777,1.17631,1.17637,5261,9,0
2025-09-09T04:00:00Z,1757390400,1.17637,1.17797,1.17473,1.17524,8003,9,0
2025-09-09T08:00:00Z,1757404800,1.17523,1.17719,1.1741,1.17416,10809,9,0
2025-09-09T12:00:00Z,1757419200,1.17419,1.1762299999999999,1.1715200000000001,1.17217,18570,9,0
2025-09-09T16:00:00Z,1757433600,1.17219,1.17296,1.17034,1.17063,7904,9,0
2025-09-09T20:00:00Z,1757448000,1.17063,1.17134,1.16968,1.17021,3594,9,0
2025-09-10T00:00:00Z,1757462400,1.1702,1.17098,1.16891,1.17075,6340,9,0
2025-09-10T04:00:00Z,1757476800,1.17075,1.17181,1.1682,1.17023,8984,9,0
2025-09-10T08:00:00Z,1757491200,1.17024,1.17165,1.16906,1.17043,9381,9,0
2025-09-10T12:00:00Z,1757505600,1.17045,1.17302,1.16907,1.17142,17976,9,0
2025-09-10T16:00:00Z,1757520000,1.17145,1.17159,1.1693,1.16999,6411,9,0
2025-09-10T20:00:00Z,1757534400,1.16997,1.17065,1.16902,1.17023,2845,9,0
2025-09-11T00:00:00Z,1757548800,1.17022,1.17022,1.16926,1.16955,4310,9,0
2025-09-11T04:00:00Z,1757563200,1.16955,1.16993,1.16834,1.16924,8079,9,0
2025-09-11T08:00:00Z,1757577600,1.16925,1.16949,1.1677,1.16836,9397,9,0
2025-09-11T12:00:00Z,1757592000,1.16837,1.1745700000000001,1.1660300000000001,1.17311,27808,9,0
2025-09-11T16:00:00Z,1757606400,1.17314,1.17393,1.17273,1.17362,7215,9,0
2025-09-11T20:00:00Z,1757620800,1.17362,1.17402,1.173,1.17329,3346,9,0
2025-09-12T00:00:00Z,1757635200,1.17327,1.17341,1.17222,1.17249,5109,9,0
2025-09-12T04:00:00Z,1757649600,1.1724700000000001,1.17474,1.17204,1.17401,7182,9,0
2025-09-12T08:00:00Z,1757664000,1.17401,1.1740599999999999,1.1712,1.17209,9300,9,0
2025-09-12T12:00:00Z,1757678400,1.17209,1.17278,1.17008,1.17137,13510,9,0
2025-09-12T16:00:00Z,1757692800,1.17137,1.17414,1.17096,1.17364,6129,9,0
2025-09-12T20:00:00Z,1757707200,1.17361,1.17364,1.1728399999999999,1.17341,1230,9,0
2025-09-14T20:00:00Z,1757880000,1.17314,1.1734499999999999,1.17248,1.17254,2025,8,0
2025-09-15T00:00:00Z,1757894400,1.17252,1.17339,1.17215,1.17307,4203,8,0
2025-09-15T04:00:00Z,1757908800,1.17307,1.17439,1.17158,1.17334,6612,8,0
2025-09-15T08:00:00Z,1757923200,1.17333,1.17628,1.17296,1.17605,9475,8,0
2025-09-15T12:00:00Z,1757937600,1.17607,1.17729,1.17505,1.17709,11601,8,0
2025-09-15T16:00:00Z,1757952000,1.17709,1.17743,1.17556,1.17655,6597,8,0
2025-09-15T20:00:00Z,1757966400,1.17652,1.17696,1.17554,1.17625,2651,8,0
2025-09-16T00:00:00Z,1757980800,1.17625,1.17865,1.17571,1.17799,6401,8,0
2025-09-16T04:00:00Z,1757995200,1.17799,1.18014,1.17733,1.17938,9129,8,0
2025-09-16T08:00:00Z,1758009600,1.17937,1.1821,1.17899,1.18137,11817,8,0
2025-09-16T12:00:00Z,1758024000,1.18138,1.18527,1.17901,1.1846700000000001,19360,8,0
2025-09-16T16:00:00Z,1758038400,1.18466,1.18783,1.18459,1.1859899999999999,9347,8,0
2025-09-16T20:00:00Z,1758052800,1.18597,1.18727,1.18525,1.18706,3517,8,0
2025-09-17T00:00:00Z,1758067200,1.18706,1.18728,1.18509,1.18516,5842,8,0
2025-09-17T04:00:00Z,1758081600,1.18516,1.18597,1.1837900000000001,1.18401,6954,8,0
2025-09-17T08:00:00Z,1758096000,1.18401,1.18508,1.18325,1.1839,8473,8,0
2025-09-17T12:00:00Z,1758110400,1.1839,1.1859,1.18338,1.18442,10287,8,0
2025-09-17T16:00:00Z,1758124800,1.18444,1.19183,1.18189,1.18243,39157,8,0
2025-09-17T20:00:00Z,1758139200,1.18243,1.18285,1.18076,1.18249,5613,8,0
2025-09-18T00:00:00Z,1758153600,1.18249,1.18283,1.18072,1.1812,8472,8,0
2025-09-18T04:00:00Z,1758168000,1.1812,1.18385,1.17802,1.18313,11590,8,0
2025-09-18T08:00:00Z,1758182400,1.18311,1.18478,1.18193,1.18252,12780,8,0
2025-09-18T12:00:00Z,1758196800,1.1825,1.18259,1.17498,1.1779,22609,8,0
2025-09-18T16:00:00Z,1758211200,1.17789,1.17935,1.17717,1.17845,8019,8,0
2025-09-18T20:00:00Z,1758225600,1.17847,1.17903,1.17809,1.17885,3902,8,0
2025-09-19T00:00:00Z,1758240000,1.17886,1.17921,1.17717,1.17815,7793,8,0
2025-09-19T04:00:00Z,1758254400,1.17817,1.1789399999999999,1.17571,1.17697,12376,8,0
2025-09-19T08:00:00Z,1758268800,1.17697,1.17708,1.17347,1.17366,10980,8,0
2025-09-19T12:00:00Z,1758283200,1.17366,1.1767400000000001,1.17285,1.17516,15985,8,0
2025-09-19T16:00:00Z,1758297600,1.17514,1.17549,1.17407,1.17473,5992,8,0
2025-09-19T20:00:00Z,1758312000,1.17474,1.17475,1.17403,1.17449,1069,8,0
2025-09-21T20:00:00Z,1758484800,1.17383,1.17487,1.17355,1.17362,2251,8,0
2025-09-22T00:00:00Z,1758499200,1.1736,1.1740599999999999,1.17257,1.17321,6831,8,0
2025-09-22T04:00:00Z,1758513600,1.17321,1.1754,1.17261,1.17483,7914,8,0
2025-09-22T08:00:00Z,1758528000,1.17481,1.17854,1.17465,1.17777,9770,8,0
2025-09-22T12:00:00Z,1758542400,1.17779,1.17876,1.1762299999999999,1.17721,13585,8,0
2025-09-22T16:00:00Z,1758556800,1.17722,1.18018,1.1771,1.17993,6436,8,0
2025-09-22T20:00:00Z,1758571200,1.17994,1.18037,1.17887,1.18002,2786,8,0
2025-09-23T00:00:00Z,1758585600,1.18002,1.18198,1.17963,1.18054,5918,8,0
2025-09-23T04:00:00Z,1758600000,1.18054,1.18075,1.17791,1.17905,9553,8,0
2025-09-23T08:00:00Z,1758614400,1.17903,1.18121,1.17835,1.17915,10371,8,0
2025-09-23T12:00:00Z,1758628800,1.17915,1.18051,1.17837,1.1797900000000001,14600,8,0
2025-09-23T16:00:00Z,1758643200,1.1798,1.18179,1.17913,1.18158,9758,8,0
2025-09-23T20:00:00Z,1758657600,1.1816,1.18186,1.1807699999999999,1.18152,4430,8,0
2025-09-24T00:00:00Z,1758672000,1.18151,1.1816200000000001,1.17945,1.17971,7181,8,0
2025-09-24T04:00:00Z,1758686400,1.17971,1.18049,1.17839,1.17885,8517,8,0
2025-09-24T08:00:00Z,1758700800,1.17883,1.17883,1.17461,1.17488,10313,8,0
2025-09-24T12:00:00Z,1758715200,1.17487,1.17577,1.17278,1.17414,15408,8,0
2025-09-24T16:00:00Z,1758729600,1.17414,1.17434,1.17297,1.17376,7381,8,0
2025-09-24T20:00:00Z,1758744000,1.17374,1.17459,1.17346,1.17418,2938,8,0
2025-09-25T00:00:00Z,1758758400,1.17416,1.17533,1.17401,1.17522,5539,8,0
2025-09-25T04:00:00Z,1758772800,1.17521,1.17531,1.17309,1.17331,8062,8,0
2025-09-25T08:00:00Z,1758787200,1.17332,1.17537,1.17301,1.17398,9960,8,0
2025-09-25T12:00:00Z,1758801600,1.17398,1.17451,1.16665,1.1672,21542,8,0
2025-09-25T16:00:00Z,1758816000,1.16722,1.16829,1.16452,1.16604,10093,8,0
2025-09-25T20:00:00Z,1758830400,1.16602,1.16687,1.16539,1.16616,4047,8,0
2025-09-26T00:00:00Z,1758844800,1.16616,1.16791,1.16574,1.16779,5471,8,0
2025-09-26T04:00:00Z,1758859200,1.16777,1.16836,1.1668,1.16726,8249,8,0
2025-09-26T08:00:00Z,1758873600,1.16728,1.1687400000000001,1.16614,1.16673,9201,8,0
2025-09-26T12:00:00Z,1758888000,1.16673,1.17043,1.16663,1.16907,18321,8,0
2025-09-26T16:00:00Z,1758902400,1.1690800000000001,1.17054,1.16863,1.17053,6906,8,0
2025-09-26T20:00:00Z,1758916800,1.17051,1.1707,1.16986,1.16998,1220,8,0
2025-09-28T20:00:00Z,1759089600,1.17012,1.17094,1.16986,1.17045,1968,8,0
2025-09-29T00:00:00Z,1759104000,1.17045,1.17289,1.17041,1.17246,6082,8,0
2025-09-29T04:00:00Z,1759118400,1.17248,1.17328,1.17172,1.17265,8346,8,0
2025-09-29T08:00:00Z,1759132800,1.17267,1.17306,1.17075,1.17287,9195,8,0
2025-09-29T12:00:00Z,1759147200,1.17287,1.17541,1.1718,1.17286,16494,8,0
2025-09-29T16:00:00Z,1759161600,1.17288,1.17327,1.17197,1.17273,5725,8,0
2025-09-29T20:00:00Z,1759176000,1.17271,1.1732,1.17231,1.17303,2596,8,0
2025-09-30T00:00:00Z,1759190400,1.17301,1.17312,1.17119,1.17234,7100,8,0
2025-09-30T04:00:00Z,1759204800,1.17235,1.1748,1.1718,1.17414,8903,8,0
2025-09-30T08:00:00Z,1759219200,1.17416,1.17612,1.17363,1.17421,9474,8,0
2025-09-30T12:00:00Z,1759233600,1.17419,1.17521,1.1716199999999999,1.17339,16821,8,0
2025-09-30T16:00:00Z,1759248000,1.17341,1.17612,1.17334,1.17392,8346,8,0
2025-09-30T20:00:00Z,1759262400,1.17394,1.17423,1.17291,1.17347,4054,8,0
2025-10-01T00:00:00Z,1759276800,1.17344,1.17402,1.17293,1.17373,5238,8,0
2025-10-01T04:00:00Z,1759291200,1.17375,1.17782,1.17375,1.17497,13018,8,0
2025-10-01T08:00:00Z,1759305600,1.17497,1.17653,1.17155,1.17339,13486,8,0
2025-10-01T12:00:00Z,1759320000,1.17339,1.17685,1.17209,1.17227,30413,8,0
2025-10-01T16:00:00Z,1759334400,1.17224,1.17415,1.17149,1.17303,8907,8,0
2025-10-01T20:00:00Z,1759348800,1.17304,1.1737,1.17258,1.17324,3203,8,0
2025-10-02T00:00:00Z,1759363200,1.17323,1.17417,1.17235,1.1734499999999999,5322,8,0
2025-10-02T04:00:00Z,1759377600,1.1734499999999999,1.17563,1.1729,1.17498,8624,8,0
2025-10-02T08:00:00Z,1759392000,1.17498,1.1758,1.17445,1.17502,9535,8,0
2025-10-02T12:00:00Z,1759406400,1.175,1.17581,1.16828,1.16963,17071,8,0
2025-10-02T16:00:00Z,1759420800,1.16961,1.17263,1.16946,1.17184,6877,8,0
2025-10-02T20:00:00Z,1759435200,1.17184,1.17256,1.17121,1.17241,2846,8,0
2025-10-03T00:00:00Z,1759449600,1.17241,1.17289,1.17159,1.1726,5536,8,0
2025-10-03T04:00:00Z,1759464000,1.17259,1.17339,1.17147,1.17317,7204,8,0
2025-10-03T08:00:00Z,1759478400,1.17319,1.17444,1.17307,1.17337,8377,8,0
2025-10-03T12:00:00Z,1759492800,1.17338,1.1759,1.17263,1.17458,16905,8,0
2025-10-03T16:00:00Z,1759507200,1.1746,1.1748,1.17265,1.17404,6046,8,0
2025-10-03T20:00:00Z,1759521600,1.17404,1.17439,1.17382,1.17408,1069,8,0
2025-10-05T20:00:00Z,1759694400,1.17239,1.17286,1.1706,1.17115,6174,8,0
2025-10-06T00:00:00Z,1759708800,1.17117,1.17305,1.17094,1.1724,7271,8,0
2025-10-06T04:00:00Z,1759723200,1.1724,1.17271,1.16619,1.16625,15694,8,0
2025-10-06T08:00:00Z,1759737600,1.16623,1.16794,1.16515,1.16751,14537,8,0
2025-10-06T12:00:00Z,1759752000,1.16749,1.17205,1.1672500000000001,1.1706,15333,8,0
2025-10-06T16:00:00Z,1759766400,1.17063,1.17166,1.17026,1.17104,5587,8,0
2025-10-06T20:00:00Z,1759780800,1.17102,1.17143,1.17063,1.1709100000000001,4041,8,0
2025-10-07T00:00:00Z,1759795200,1.17092,1.1711,1.16962,1.17028,5031,8,0
2025-10-07T04:00:00Z,1759809600,1.17027,1.1707,1.167,1.1676199999999999,8508,8,0
2025-10-07T08:00:00Z,1759824000,1.16759,1.16825,1.16534,1.16621,9100,8,0
2025-10-07T12:00:00Z,1759838400,1.16621,1.1679599999999999,1.16533,1.16726,13864,8,0
2025-10-07T16:00:00Z,1759852800,1.16728,1.16807,1.16471,1.16501,8099,8,0
2025-10-07T20:00:00Z,1759867200,1.16499,1.16608,1.16486,1.16525,3230,8,0
2025-10-08T00:00:00Z,1759881600,1.16525,1.16529,1.16167,1.16235,8584,8,0
2025-10-08T04:00:00Z,1759896000,1.16235,1.16338,1.16066,1.16306,9816,8,0
2025-10-08T08:00:00Z,1759910400,1.16305,1.1636,1.16054,1.1626,11877,8,0
2025-10-08T12:00:00Z,1759924800,1.16261,1.16444,1.16025,1.16056,13205,8,0
2025-10-08T16:00:00Z,1759939200,1.16058,1.16279,1.1598,1.16276,9463,8,0
2025-10-08T20:00:00Z,1759953600,1.16275,1.16345,1.16218,1.16288,4343,8,0
2025-10-09T00:00:00Z,1759968000,1.16286,1.16473,1.16277,1.16444,5931,8,0
2025-10-09T04:00:00Z,1759982400,1.16445,1.16479,1.16061,1.1610800000000001,8707,8,0
2025-10-09T08:00:00Z,1759996800,1.16105,1.16271,1.16028,1.1611799999999999,11509,8,0
2025-10-09T12:00:00Z,1760011200,1.1612,1.16227,1.15468,1.15583,22294,8,0
2025-10-09T16:00:00Z,1760025600,1.15585,1.15661,1.15417,1.1559300000000001,9940,8,0
2025-10-09T20:00:00Z,1760040000,1.15591,1.15668,1.15567,1.15651,3714,8,0
2025-10-10T00:00:00Z,1760054400,1.15649,1.15739,1.15604,1.15726,5427,8,0
2025-10-10T04:00:00Z,1760068800,1.15726,1.15795,1.15606,1.1577600000000001,9227,8,0
2025-10-10T08:00:00Z,1760083200,1.15777,1.15891,1.15601,1.15608,9641,8,0
2025-10-10T12:00:00Z,1760097600,1.15606,1.16303,1.15588,1.16123,22345,8,0
2025-10-10T16:00:00Z,1760112000,1.16121,1.16254,1.15967,1.16123,11360,8,0
2025-10-10T20:00:00Z,1760126400,1.16123,1.16286,1.16036,1.16217,3367,8,0
2025-10-12T20:00:00Z,1760299200,1.16077,1.16132,1.15917,1.16012,5976,8,0
2025-10-13T00:00:00Z,1760313600,1.16012,1.16273,1.15997,1.16202,8285,8,0
2025-10-13T04:00:00Z,1760328000,1.16202,1.16295,1.1597,1.1599599999999999,10717,8,0
2025-10-13T08:00:00Z,1760342400,1.15997,1.16045,1.15651,1.1568,11812,8,0
2025-10-13T12:00:00Z,1760356800,1.1568100000000001,1.15771,1.15572,1.15734,13075,8,0
2025-10-13T16:00:00Z,1760371200,1.15735,1.15789,1.1565400000000001,1.1566,5927,8,0
2025-10-13T20:00:00Z,1760385600,1.1566,1.15735,1.15632,1.1565400000000001,3098,8,0
2025-10-14T00:00:00Z,1760400000,1.1565400000000001,1.15816,1.15547,1.15784,6522,8,0
2025-10-14T04:00:00Z,1760414400,1.15782,1.15932,1.15421,1.15492,14265,8,0
2025-10-14T08:00:00Z,1760428800,1.15492,1.15628,1.15453,1.15518,12631,8,0
2025-10-14T12:00:00Z,1760443200,1.15519,1.16078,1.15476,1.16067,19601,8,0
2025-10-14T16:00:00Z,1760457600,1.16069,1.16147,1.16008,1.16054,11417,8,0
2025-10-14T20:00:00Z,1760472000,1.16053,1.16094,1.15994,1.16029,3140,8,0
2025-10-15T00:00:00Z,1760486400,1.16029,1.16256,1.16014,1.1622,7031,8,0
2025-10-15T04:00:00Z,1760500800,1.16222,1.16441,1.16165,1.16353,9345,8,0
2025-10-15T08:00:00Z,1760515200,1.16352,1.1645,1.16192,1.16198,10048,8,0
2025-10-15T12:00:00Z,1760529600,1.16199,1.16469,1.16103,1.16365,15800,8,0
2025-10-15T16:00:00Z,1760544000,1.16367,1.16444,1.16267,1.16439,9271,8,0
2025-10-15T20:00:00Z,1760558400,1.16438,1.16516,1.16402,1.16455,3509,8,0
2025-10-16T00:00:00Z,1760572800,1.16454,1.16749,1.16426,1.16617,7955,8,0
2025-10-16T04:00:00Z,1760587200,1.16617,1.16676,1.16426,1.16519,9994,8,0
2025-10-16T08:00:00Z,1760601600,1.16519,1.16635,1.16461,1.16537,10051,8,0
2025-10-16T12:00:00Z,1760616000,1.16535,1.16778,1.16485,1.16642,14145,8,0
2025-10-16T16:00:00Z,1760630400,1.1663999999999999,1.16938,1.16639,1.1688399999999999,12451,8,0
2025-10-16T20:00:00Z,1760644800,1.16883,1.16994,1.16843,1.16988,3646,8,0
2025-10-17T00:00:00Z,1760659200,1.16988,1.17121,1.16946,1.17088,7348,8,0
2025-10-17T04:00:00Z,1760673600,1.17089,1.1728,1.16931,1.17111,13669,8,0
2025-10-17T08:00:00Z,1760688000,1.17113,1.17158,1.168,1.16846,14995,8,0
2025-10-17T12:00:00Z,1760702400,1.16848,1.16861,1.16563,1.1673,16438,8,0
2025-10-17T16:00:00Z,1760716800,1.16729,1.1679,1.16634,1.16702,7422,8,0
2025-10-17T20:00:00Z,1760731200,1.16702,1.16702,1.16485,1.16505,2065,8,0
2025-10-19T20:00:00Z,1760904000,1.16626,1.16638,1.16513,1.16576,2752,8,0
2025-10-20T00:00:00Z,1760918400,1.16578,1.16703,1.16563,1.16681,5411,8,0
2025-10-20T04:00:00Z,1760932800,1.1668,1.16751,1.16532,1.16622,7480,8,0
2025-10-20T08:00:00Z,1760947200,1.16622,1.16673,1.16443,1.1656,9458,8,0
2025-10-20T12:00:00Z,1760961600,1.16561,1.16641,1.16458,1.16548,11288,8,0
2025-10-20T16:00:00Z,1760976000,1.16551,1.1658,1.1638,1.16406,5449,8,0
2025-10-20T20:00:00Z,1760990400,1.16406,1.16451,1.16385,1.16438,2441,8,0
2025-10-21T00:00:00Z,1761004800,1.16437,1.16549,1.16324,1.16342,5461,8,0
2025-10-21T04:00:00Z,1761019200,1.16342,1.16375,1.16183,1.16252,8682,8,0
2025-10-21T08:00:00Z,1761033600,1.1625,1.16273,1.16062,1.16128,10897,8,0
2025-10-21T12:00:00Z,1761048000,1.16127,1.1617899999999999,1.15972,1.16149,15314,8,0
2025-10-21T16:00:00Z,1761062400,1.16151,1.16241,1.1599599999999999,1.16005,7574,8,0
2025-10-21T20:00:00Z,1761076800,1.16007,1.16033,1.15967,1.1599,2423,8,0
2025-10-22T00:00:00Z,1761091200,1.15992,1.16105,1.15992,1.16067,4900,8,0
2025-10-22T04:00:00Z,1761105600,1.16067,1.1615199999999999,1.15991,1.16005,8200,8,0
2025-10-22T08:00:00Z,1761120000,1.16004,1.16015,1.15818,1.15824,9003,8,0
2025-10-22T12:00:00Z,1761134400,1.15824,1.16164,1.15765,1.1610800000000001,12949,8,0
2025-10-22T16:00:00Z,1761148800,1.1611,1.16221,1.16045,1.16055,7713,8,0
2025-10-22T20:00:00Z,1761163200,1.16054,1.1614200000000001,1.16054,1.16069,2163,8,0
2025-10-23T00:00:00Z,1761177600,1.16069,1.16072,1.15918,1.15927,4236,8,0
2025-10-23T04:00:00Z,1761192000,1.15926,1.16038,1.15901,1.1599599999999999,6587,8,0
2025-10-23T08:00:00Z,1761206400,1.1599599999999999,1.16059,1.15851,1.15868,7191,8,0
2025-10-23T12:00:00Z,1761220800,1.1587,1.16195,1.15862,1.16111,11201,8,0
2025-10-23T16:00:00Z,1761235200,1.16113,1.16197,1.16041,1.16159,5465,8,0
2025-10-23T20:00:00Z,1761249600,1.16159,1.16209,1.16133,1.16167,2245,8,0
2025-10-24T00:00:00Z,1761264000,1.16166,1.16211,1.16068,1.16087,3801,8,0
2025-10-24T04:00:00Z,1761278400,1.16087,1.16275,1.16004,1.16181,7029,8,0
2025-10-24T08:00:00Z,1761292800,1.16182,1.16234,1.16049,1.16146,8107,8,0
2025-10-24T12:00:00Z,1761307200,1.16147,1.16541,1.16084,1.16251,18419,8,0
2025-10-24T16:00:00Z,1761321600,1.16249,1.16328,1.16209,1.1631,4985,8,0
2025-10-24T20:00:00Z,1761336000,1.16313,1.16356,1.16206,1.16258,1513,8,0
2025-10-26T20:00:00Z,1761508800,1.16327,1.16351,1.16253,1.16307,3365,8,0
2025-10-27T00:00:00Z,1761523200,1.16305,1.16472,1.16267,1.1627399999999999,4408,8,0
2025-10-27T04:00:00Z,1761537600,1.1627399999999999,1.1632,1.16194,1.16195,5204,8,0
2025-10-27T08:00:00Z,1761552000,1.16195,1.16472,1.16174,1.16455,8179,8,0
2025-10-27T12:00:00Z,1761566400,1.16455,1.16512,1.16314,1.1635,8802,8,0
2025-10-27T16:00:00Z,1761580800,1.16348,1.16519,1.16322,1.16472,5270,8,0
2025-10-27T20:00:00Z,1761595200,1.16472,1.16547,1.16417,1.16507,2445,8,0
2025-10-28T00:00:00Z,1761609600,1.16507,1.16635,1.16462,1.16596,4719,8,0
2025-10-28T04:00:00Z,1761624000,1.16596,1.16675,1.16506,1.1655,5528,8,0
2025-10-28T08:00:00Z,1761638400,1.16549,1.16647,1.16445,1.16587,8319,8,0
2025-10-28T12:00:00Z,1761652800,1.16588,1.1667,1.16252,1.16584,11598,8,0
2025-10-28T16:00:00Z,1761667200,1.16585,1.16686,1.16515,1.16521,7301,8,0
2025-10-28T20:00:00Z,1761681600,1.16521,1.1657,1.16482,1.16568,2508,8,0
2025-10-29T00:00:00Z,1761696000,1.16567,1.16605,1.16366,1.16369,5821,8,0
2025-10-29T04:00:00Z,1761710400,1.16369,1.16374,1.16246,1.16324,6097,8,0
2025-10-29T08:00:00Z,1761724800,1.16323,1.16485,1.16184,1.16392,8367,8,0
2025-10-29T12:00:00Z,1761739200,1.16394,1.16643,1.16271,1.16632,11571,8,0
2025-10-29T16:00:00Z,1761753600,1.16632,1.16655,1.15772,1.15991,27312,8,0
2025-10-29T20:00:00Z,1761768000,1.1599,1.1607,1.15905,1.16025,4425,8,0
2025-10-30T00:00:00Z,1761782400,1.16025,1.16194,1.15966,1.16149,6594,8,0
2025-10-30T04:00:00Z,1761796800,1.1615,1.16372,1.16093,1.16182,10045,8,0
2025-10-30T08:00:00Z,1761811200,1.16182,1.16279,1.15958,1.15976,9938,8,0
2025-10-30T12:00:00Z,1761825600,1.15976,1.15994,1.15468,1.15633,17525,8,0
2025-10-30T16:00:00Z,1761840000,1.15635,1.15714,1.1559,1.15639,6809,8,0
2025-10-30T20:00:00Z,1761854400,1.15641,1.15729,1.15626,1.15714,2649,8,0
2025-10-31T00:00:00Z,1761868800,1.15714,1.15771,1.15646,1.1567,4660,8,0
2025-10-31T04:00:00Z,1761883200,1.15669,1.1573,1.15545,1.15644,5476,8,0
2025-10-31T08:00:00Z,1761897600,1.15644,1.15764,1.15578,1.15662,7527,8,0
2025-10-31T12:00:00Z,1761912000,1.15661,1.15661,1.15218,1.15404,13640,8,0
2025-10-31T16:00:00Z,1761926400,1.15402,1.1543,1.15211,1.15252,7004,8,0
2025-10-31T20:00:00Z,1761940800,1.15255,1.1538,1.15251,1.15364,1490,8,0
2025-11-02T20:00:00Z,1762113600,1.15287,1.15381,1.15251,1.15273,2395,8,0
2025-11-03T00:00:00Z,1762128000,1.15272,1.1534,1.15214,1.15333,4293,8,0
2025-11-03T04:00:00Z,1762142400,1.15334,1.15409,1.1531500000000001,1.15394,4454,8,0
2025-11-03T08:00:00Z,1762156800,1.15395,1.15398,1.15075,1.15152,8180,8,0
2025-11-03T12:00:00Z,1762171200,1.15153,1.15248,1.15048,1.15247,10239,8,0
2025-11-03T16:00:00Z,1762185600,1.15244,1.15374,1.15162,1.15194,6651,8,0
2025-11-03T20:00:00Z,1762200000,1.15194,1.15228,1.1515900000000001,1.15182,2670,8,0
2025-11-04T00:00:00Z,1762214400,1.15181,1.15181,1.14979,1.1513200000000001,5485,8,0
2025-11-04T04:00:00Z,1762228800,1.1513200000000001,1.15333,1.1507,1.15267,6205,8,0
2025-11-04T08:00:00Z,1762243200,1.15266,1.15284,1.1488800000000001,1.14899,8782,8,0
2025-11-04T12:00:00Z,1762257600,1.149,1.14964,1.14726,1.14912,10512,8,0
2025-11-04T16:00:00Z,1762272000,1.14912,1.14963,1.14783,1.14788,5823,8,0
2025-11-04T20:00:00Z,1762286400,1.14789,1.14855,1.14749,1.14848,3152,8,0
2025-11-05T00:00:00Z,1762300800,1.14847,1.1497600000000001,1.14794,1.14885,5850,8,0
2025-11-05T04:00:00Z,1762315200,1.14886,1.1494,1.1482999999999999,1.1486399999999999,4232,8,0
2025-11-05T08:00:00Z,1762329600,1.14866,1.1495199999999999,1.14757,1.14879,7029,8,0
2025-11-05T12:00:00Z,1762344000,1.1488,1.14932,1.14683,1.1479,12006,8,0
2025-11-05T16:00:00Z,1762358400,1.14792,1.14873,1.14697,1.14856,6397,8,0
2025-11-05T20:00:00Z,1762372800,1.14858,1.14965,1.1485,1.14955,2710,8,0
2025-11-06T00:00:00Z,1762387200,1.14955,1.15085,1.14927,1.15065,3638,8,0
2025-11-06T04:00:00Z,1762401600,1.15066,1.15134,1.15034,1.15079,4295,8,0
2025-11-06T08:00:00Z,1762416000,1.1508,1.15235,1.15056,1.152,7319,8,0
2025-11-06T12:00:00Z,1762430400,1.15199,1.15438,1.15138,1.15394,12218,8,0
2025-11-06T16:00:00Z,1762444800,1.15392,1.15519,1.15296,1.15443,7975,8,0
2025-11-06T20:00:00Z,1762459200,1.15442,1.15513,1.15418,1.15484,3511,8,0
2025-11-07T00:00:00Z,1762473600,1.15486,1.15489,1.15346,1.1537600000000001,4188,8,0
2025-11-07T04:00:00Z,1762488000,1.15375,1.15383,1.15294,1.15323,4068,8,0
2025-11-07T08:00:00Z,1762502400,1.15321,1.15608,1.1529099999999999,1.15576,7143,8,0
2025-11-07T12:00:00Z,1762516800,1.15576,1.15909,1.15536,1.1571500000000001,11106,8,0
2025-11-07T16:00:00Z,1762531200,1.1571500000000001,1.15834,1.15552,1.15594,6654,8,0
2025-11-07T20:00:00Z,1762545600,1.15591,1.15662,1.15573,1.15642,2170,8,0
2025-11-09T20:00:00Z,1762718400,1.15555,1.15597,1.15414,1.15431,2759,8,0
2025-11-10T00:00:00Z,1762732800,1.1543,1.15604,1.15426,1.15543,6572,8,0
2025-11-10T04:00:00Z,1762747200,1.15544,1.15717,1.15511,1.15674,5491,8,0
2025-11-10T08:00:00Z,1762761600,1.15672,1.15827,1.15538,1.1562999999999999,7718,8,0
2025-11-10T12:00:00Z,1762776000,1.1562999999999999,1.15775,1.15448,1.15452,9230,8,0
2025-11-10T16:00:00Z,1762790400,1.1545,1.15644,1.15409,1.15605,6573,8,0
2025-11-10T20:00:00Z,1762804800,1.15603,1.15642,1.15543,1.15565,2657,8,0
2025-11-11T00:00:00Z,1762819200,1.15566,1.15594,1.15468,1.1555900000000001,4077,8,0
2025-11-11T04:00:00Z,1762833600,1.15558,1.15648,1.15491,1.15599,5492,8,0
2025-11-11T08:00:00Z,1762848000,1.156,1.1577600000000001,1.1553,1.1571500000000001,7366,8,0
2025-11-11T12:00:00Z,1762862400,1.1571500000000001,1.16056,1.1568100000000001,1.15947,11414,8,0
2025-11-11T16:00:00Z,1762876800,1.15947,1.15994,1.15831,1.15841,5234,8,0
2025-11-11T20:00:00Z,1762891200,1.15841,1.15886,1.15795,1.15866,3255,8,0
2025-11-12T00:00:00Z,1762905600,1.1586400000000001,1.15866,1.15741,1.15771,3780,8,0
2025-11-12T04:00:00Z,1762920000,1.15771,1.1588,1.15699,1.15836,4701,8,0
2025-11-12T08:00:00Z,1762934400,1.1583700000000001,1.15873,1.15646,1.1577600000000001,7569,8,0
2025-11-12T12:00:00Z,1762948800,1.15775,1.15955,1.15625,1.1593499999999999,9905,8,0
2025-11-12T16:00:00Z,1762963200,1.1593499999999999,1.15974,1.15838,1.15862,6078,8,0
2025-11-12T20:00:00Z,1762977600,1.15859,1.15942,1.15846,1.15913,2726,8,0
2025-11-13T00:00:00Z,1762992000,1.15915,1.1592500000000001,1.15786,1.15894,4639,8,0
2025-11-13T04:00:00Z,1763006400,1.15893,1.16119,1.158,1.1610800000000001,4826,8,0
2025-11-13T08:00:00Z,1763020800,1.1610800000000001,1.16344,1.16042,1.1606,9971,8,0
2025-11-13T12:00:00Z,1763035200,1.1606,1.16427,1.16053,1.16387,11694,8,0
2025-11-13T16:00:00Z,1763049600,1.16387,1.16559,1.16348,1.16353,9211,8,0
2025-11-13T20:00:00Z,1763064000,1.16353,1.16393,1.16231,1.16297,3810,8,0
2025-11-14T00:00:00Z,1763078400,1.16295,1.16445,1.16265,1.16382,5880,8,0
2025-11-14T04:00:00Z,1763092800,1.16382,1.16483,1.16315,1.16328,6160,8,0
2025-11-14T08:00:00Z,1763107200,1.16329,1.16366,1.16083,1.16192,10901,8,0
2025-11-14T12:00:00Z,1763121600,1.16194,1.16532,1.16058,1.16128,15223,8,0
2025-11-14T16:00:00Z,1763136000,1.16128,1.16223,1.16074,1.16175,7340,8,0
2025-11-14T20:00:00Z,1763150400,1.16175,1.16232,1.16157,1.16202,2127,8,0
2025-11-16T20:00:00Z,1763323200,1.16184,1.16243,1.16112,1.16144,1574,8,0
2025-11-17T00:00:00Z,1763337600,1.16145,1.16145,1.15962,1.15981,4806,8,0
2025-11-17T04:00:00Z,1763352000,1.15981,1.16145,1.15948,1.16129,4269,8,0
2025-11-17T08:00:00Z,1763366400,1.16131,1.16148,1.15944,1.1601,7551,8,0
2025-11-17T12:00:00Z,1763380800,1.16009,1.16043,1.15815,1.15971,9297,8,0
2025-11-17T16:00:00Z,1763395200,1.1597,1.16014,1.15829,1.15835,6759,8,0
2025-11-17T20:00:00Z,1763409600,1.1583700000000001,1.15938,1.15821,1.15897,3248,8,0
2025-11-18T00:00:00Z,1763424000,1.15897,1.15956,1.15843,1.1592,3721,8,0
2025-11-18T04:00:00Z,1763438400,1.15919,1.16034,1.15884,1.15907,6021,8,0
2025-11-18T08:00:00Z,1763452800,1.15906,1.1606,1.15791,1.15842,8301,8,0
2025-11-18T12:00:00Z,1763467200,1.15844,1.16076,1.15814,1.15817,11073,8,0
2025-11-18T16:00:00Z,1763481600,1.15819,1.15867,1.15711,1.15851,7978,8,0
2025-11-18T20:00:00Z,1763496000,1.1585,1.15865,1.15757,1.15799,3036,8,0
2025-11-19T00:00:00Z,1763510400,1.15799,1.15845,1.15722,1.15835,4631,8,0
2025-11-19T04:00:00Z,1763524800,1.15834,1.1596899999999999,1.1577,1.15812,5589,8,0
2025-11-19T08:00:00Z,1763539200,1.15814,1.15888,1.1565400000000001,1.15859,10306,8,0
2025-11-19T12:00:00Z,1763553600,1.15859,1.15905,1.15401,1.15464,10991,8,0
2025-11-19T16:00:00Z,1763568000,1.15462,1.15473,1.15173,1.15208,9611,8,0
2025-11-19T20:00:00Z,1763582400,1.15208,1.15416,1.15197,1.15391,3873,8,0
2025-11-20T00:00:00Z,1763596800,1.15391,1.15391,1.1509800000000001,1.15139,5941,8,0
2025-11-20T04:00:00Z,1763611200,1.15138,1.15229,1.15126,1.15192,5654,8,0
2025-11-20T08:00:00Z,1763625600,1.15191,1.1529099999999999,1.15111,1.1514,7771,8,0
2025-11-20T12:00:00Z,1763640000,1.15139,1.15499,1.15008,1.15271,17700,8,0
2025-11-20T16:00:00Z,1763654400,1.15271,1.15408,1.15244,1.15377,9166,8,0
2025-11-20T20:00:00Z,1763668800,1.15379,1.15383,1.15231,1.15332,3594,8,0
2025-11-21T00:00:00Z,1763683200,1.15332,1.15385,1.1528100000000001,1.15359,4593,8,0
2025-11-21T04:00:00Z,1763697600,1.1536,1.1547399999999999,1.15343,1.15412,6063,8,0
2025-11-21T08:00:00Z,1763712000,1.15411,1.15521,1.15041,1.15057,11366,8,0
2025-11-21T12:00:00Z,1763726400,1.15055,1.15267,1.14963,1.15027,15861,8,0
2025-11-21T16:00:00Z,1763740800,1.15026,1.15173,1.14907,1.15127,8737,8,0
2025-11-21T20:00:00Z,1763755200,1.15128,1.15205,1.15087,1.15139,2414,8,0
2025-11-23T20:00:00Z,1763928000,1.15122,1.15145,1.15051,1.1507,1437,8,0
2025-11-24T00:00:00Z,1763942400,1.1507,1.15187,1.15016,1.15157,3738,8,0
2025-11-24T04:00:00Z,1763956800,1.15156,1.15278,1.1510799999999999,1.15114,4903,8,0
2025-11-24T08:00:00Z,1763971200,1.15116,1.15467,1.15094,1.15448,8853,8,0
2025-11-24T12:00:00Z,1763985600,1.15448,1.155,1.15166,1.15288,10346,8,0
2025-11-24T16:00:00Z,1764000000,1.15287,1.15307,1.15113,1.15273,6235,8,0
2025-11-24T20:00:00Z,1764014400,1.15276,1.1528,1.15182,1.15201,2804,8,0
2025-11-25T00:00:00Z,1764028800,1.15201,1.15299,1.15168,1.15176,4268,8,0
2025-11-25T04:00:00Z,1764043200,1.15176,1.15299,1.15113,1.15225,4980,8,0
2025-11-25T08:00:00Z,1764057600,1.15226,1.15406,1.15204,1.15266,7847,8,0
2025-11-25T12:00:00Z,1764072000,1.15265,1.1583700000000001,1.15249,1.15621,16239,8,0
2025-11-25T16:00:00Z,1764086400,1.15623,1.15855,1.15501,1.15834,11674,8,0
2025-11-25T20:00:00Z,1764100800,1.15833,1.15841,1.15579,1.15643,4049,8,0
2025-11-26T00:00:00Z,1764115200,1.15644,1.15913,1.15631,1.15902,7257,8,0
2025-11-26T04:00:00Z,1764129600,1.15902,1.15955,1.15748,1.15791,6379,8,0
2025-11-26T08:00:00Z,1764144000,1.15792,1.15806,1.15655,1.15739,9677,8,0
2025-11-26T12:00:00Z,1764158400,1.15736,1.15945,1.15466,1.1589,18478,8,0
2025-11-26T16:00:00Z,1764172800,1.15892,1.16005,1.1584699999999999,1.15932,7752,8,0
2025-11-26T20:00:00Z,1764187200,1.15931,1.16017,1.15917,1.16016,3072,8,0
2025-11-27T00:00:00Z,1764201600,1.16016,1.16129,1.1599599999999999,1.16017,5485,8,0
2025-11-27T04:00:00Z,1764216000,1.16017,1.16059,1.15854,1.15911,5231,8,0
2025-11-27T08:00:00Z,1764230400,1.15914,1.15953,1.15762,1.15859,7117,8,0
2025-11-27T12:00:00Z,1764244800,1.15861,1.15992,1.15817,1.15938,6565,8,0
2025-11-27T16:00:00Z,1764259200,1.1594,1.16011,1.15909,1.15949,2857,8,0
2025-11-27T20:00:00Z,1764273600,1.15949,1.1601,1.1592500000000001,1.15992,1569,8,0
2025-11-28T00:00:00Z,1764288000,1.15992,1.16016,1.15805,1.15869,11108,8,0
2025-11-28T04:00:00Z,1764302400,1.15871,1.15929,1.15751,1.15792,13282,8,0
2025-11-28T08:00:00Z,1764316800,1.15795,1.15814,1.15544,1.15672,13842,8,0
2025-11-28T12:00:00Z,1764331200,1.15671,1.1606,1.15607,1.1605699999999999,9310,16,0
2025-11-28T16:00:00Z,1764345600,1.16059,1.16059,1.15919,1.16003,5346,24,0
2025-11-28T20:00:00Z,1764360000,1.16002,1.16027,1.15942,1.15946,1188,32,0
2025-11-30T20:00:00Z,1764532800,1.15907,1.16075,1.15893,1.16004,1913,8,0
2025-12-01T00:00:00Z,1764547200,1.16006,1.16153,1.15892,1.15967,7053,8,0
2025-12-01T04:00:00Z,1764561600,1.15967,1.16124,1.15902,1.16067,6037,8,0
2025-12-01T08:00:00Z,1764576000,1.16065,1.16317,1.16039,1.1627399999999999,9354,8,0
2025-12-01T12:00:00Z,1764590400,1.16276,1.16519,1.16224,1.16283,11743,8,0
2025-12-01T16:00:00Z,1764604800,1.16283,1.16338,1.16069,1.16084,6643,8,0
2025-12-01T20:00:00Z,1764619200,1.16082,1.16106,1.16055,1.16065,2229,8,0
2025-12-02T00:00:00Z,1764633600,1.16067,1.16125,1.16035,1.16119,3263,8,0
2025-12-02T04:00:00Z,1764648000,1.16119,1.1616,1.16046,1.16125,3818,8,0
2025-12-02T08:00:00Z,1764662400,1.16124,1.1616,1.1598,1.16112,7094,8,0
2025-12-02T12:00:00Z,1764676800,1.16112,1.16228,1.15929,1.16055,9551,8,0
2025-12-02T16:00:00Z,1764691200,1.1605699999999999,1.16246,1.1591,1.16202,7270,8,0
2025-12-02T20:00:00Z,1764705600,1.16204,1.16287,1.16178,1.16278,3082,8,0
2025-12-03T00:00:00Z,1764720000,1.16278,1.1638600000000001,1.1627399999999999,1.16373,3285,8,0
2025-12-03T04:00:00Z,1764734400,1.16372,1.16524,1.16356,1.16409,4219,8,0
2025-12-03T08:00:00Z,1764748800,1.1641,1.16656,1.16356,1.1665,7359,8,0
2025-12-03T12:00:00Z,1764763200,1.1665,1.1675,1.1654200000000001,1.16593,11505,8,0
2025-12-03T16:00:00Z,1764777600,1.16593,1.16775,1.16573,1.16722,6494,8,0
2025-12-03T20:00:00Z,1764792000,1.1672,1.16727,1.16633,1.16659,2660,8,0
2025-12-04T00:00:00Z,1764806400,1.16659,1.16671,1.16531,1.16556,3772,8,0
2025-12-04T04:00:00Z,1764820800,1.16556,1.16649,1.16528,1.16649,4334,8,0
2025-12-04T08:00:00Z,1764835200,1.1665,1.16816,1.1663000000000001,1.16799,7790,8,0
2025-12-04T12:00:00Z,1764849600,1.16799,1.16805,1.16519,1.16728,10524,8,0
2025-12-04T16:00:00Z,1764864000,1.16729,1.16731,1.16499,1.16524,5872,8,0
2025-12-04T20:00:00Z,1764878400,1.16521,1.16521,1.16405,1.16431,2962,8,0
2025-12-05T00:00:00Z,1764892800,1.16432,1.16539,1.16431,1.16487,3136,8,0
2025-12-05T04:00:00Z,1764907200,1.16487,1.16714,1.16483,1.16628,4647,8,0
2025-12-05T08:00:00Z,1764921600,1.16629,1.16639,1.16412,1.16461,6949,8,0
2025-12-05T12:00:00Z,1764936000,1.16462,1.16598,1.16431,1.16479,10347,8,0
2025-12-05T16:00:00Z,1764950400,1.1648,1.16488,1.16277,1.16425,7097,8,0
2025-12-05T20:00:00Z,1764964800,1.1642299999999999,1.16467,1.16394,1.16427,1800,8,0
2025-12-07T20:00:00Z,1765137600,1.16383,1.16461,1.16343,1.16399,1499,8,0
2025-12-08T00:00:00Z,1765152000,1.16401,1.1655,1.16391,1.16499,4636,8,0
2025-12-08T04:00:00Z,1765166400,1.16498,1.16716,1.16493,1.16577,5278,8,0
2025-12-08T08:00:00Z,1765180800,1.1657899999999999,1.16621,1.16464,1.16502,7083,8,0
2025-12-08T12:00:00Z,1765195200,1.165,1.1657,1.16166,1.16248,9823,8,0
2025-12-08T16:00:00Z,1765209600,1.16249,1.16417,1.16161,1.16389,7169,8,0
2025-12-08T20:00:00Z,1765224000,1.16391,1.16415,1.1633499999999999,1.16404,2486,8,0
2025-12-09T00:00:00Z,1765238400,1.16403,1.16486,1.16358,1.16451,3684,8,0
2025-12-09T04:00:00Z,1765252800,1.16451,1.16499,1.16379,1.16395,4426,8,0
2025-12-09T08:00:00Z,1765267200,1.16397,1.1657,1.16332,1.16432,7626,8,0
2025-12-09T12:00:00Z,1765281600,1.16432,1.16441,1.16148,1.16285,12160,8,0
2025-12-09T16:00:00Z,1765296000,1.16286,1.16409,1.16166,1.16281,6742,8,0
2025-12-09T20:00:00Z,1765310400,1.16282,1.16318,1.16233,1.16278,2668,8,0
2025-12-10T00:00:00Z,1765324800,1.16278,1.16287,1.1621299999999999,1.1626,3811,8,0
2025-12-10T04:00:00Z,1765339200,1.16262,1.16491,1.16247,1.16476,4153,8,0
2025-12-10T08:00:00Z,1765353600,1.16477,1.16573,1.16273,1.16346,8399,8,0
2025-12-10T12:00:00Z,1765368000,1.16348,1.16509,1.16272,1.16415,10177,8,0
2025-12-10T16:00:00Z,1765382400,1.16412,1.16808,1.16369,1.16778,20678,8,0
2025-12-10T20:00:00Z,1765396800,1.16776,1.17023,1.16733,1.17011,8827,8,0
2025-12-11T00:00:00Z,1765411200,1.17011,1.17071,1.16899,1.16904,6046,8,0
2025-12-11T04:00:00Z,1765425600,1.16905,1.1700599999999999,1.16819,1.16933,5354,8,0
2025-12-11T08:00:00Z,1765440000,1.16933,1.17174,1.1687,1.1712500000000001,8569,8,0
2025-12-11T12:00:00Z,1765454400,1.17124,1.17568,1.17095,1.17557,12365,8,0
2025-12-11T16:00:00Z,1765468800,1.1756,1.17624,1.17401,1.17408,8298,8,0
2025-12-11T20:00:00Z,1765483200,1.17408,1.17454,1.17354,1.17404,3402,8,0
2025-12-12T00:00:00Z,1765497600,1.1740599999999999,1.17459,1.1731,1.17339,4698,8,0
2025-12-12T04:00:00Z,1765512000,1.17339,1.1743000000000001,1.1731,1.17376,4789,8,0
2025-12-12T08:00:00Z,1765526400,1.17377,1.1742,1.17221,1.17265,7502,8,0
2025-12-12T12:00:00Z,1765540800,1.17265,1.17446,1.17192,1.17378,10223,8,0
2025-12-12T16:00:00Z,1765555200,1.17377,1.17494,1.1726,1.174,7384,8,0
2025-12-12T20:00:00Z,1765569600,1.17399,1.17463,1.17367,1.1739600000000001,2641,8,0
2025-12-14T20:00:00Z,1765742400,1.17378,1.17402,1.17322,1.17365,1262,8,0
2025-12-15T00:00:00Z,1765756800,1.17368,1.17445,1.17282,1.1734,5372,8,0
2025-12-15T04:00:00Z,1765771200,1.1734,1.17379,1.17275,1.17281,5188,8,0
2025-12-15T08:00:00Z,1765785600,1.1728,1.17496,1.17259,1.17484,7116,8,0
2025-12-15T12:00:00Z,1765800000,1.17484,1.17685,1.17437,1.17625,10759,8,0
2025-12-15T16:00:00Z,1765814400,1.17626,1.17642,1.17381,1.17483,6862,8,0
2025-12-15T20:00:00Z,1765828800,1.17482,1.17554,1.17471,1.1753,2807,8,0
2025-12-16T00:00:00Z,1765843200,1.1753,1.17588,1.17464,1.17515,4864,8,0
2025-12-16T04:00:00Z,1765857600,1.17515,1.1754,1.1743999999999999,1.17519,4613,8,0
2025-12-16T08:00:00Z,1765872000,1.17521,1.17636,1.17463,1.17627,8271,8,0
2025-12-16T12:00:00Z,1765886400,1.17629,1.18038,1.17567,1.17698,18818,8,0
2025-12-16T16:00:00Z,1765900800,1.177,1.17775,1.17344,1.17573,10339,8,0
2025-12-16T20:00:00Z,1765915200,1.17571,1.17625,1.17442,1.17489,3668,8,0
2025-12-17T00:00:00Z,1765929600,1.1749,1.1752,1.17366,1.17387,4557,8,0
2025-12-17T04:00:00Z,1765944000,1.17387,1.17393,1.17026,1.17126,7575,8,0
2025-12-17T08:00:00Z,1765958400,1.17126,1.17269,1.17056,1.1709,8887,8,0
2025-12-17T12:00:00Z,1765972800,1.1709100000000001,1.17577,1.1708,1.17526,12047,8,0
2025-12-17T16:00:00Z,1765987200,1.17524,1.1756,1.17412,1.17446,7748,8,0
2025-12-17T20:00:00Z,1766001600,1.17445,1.17459,1.1737,1.17414,2608,8,0
2025-12-18T00:00:00Z,1766016000,1.17414,1.17455,1.17348,1.17389,4521,8,0
2025-12-18T04:00:00Z,1766030400,1.17389,1.17493,1.17333,1.17334,4973,8,0
2025-12-18T08:00:00Z,1766044800,1.17332,1.17368,1.1717,1.17201,7813,8,0
2025-12-18T12:00:00Z,1766059200,1.172,1.17625,1.17119,1.17269,20802,8,0
2025-12-18T16:00:00Z,1766073600,1.17268,1.17456,1.17148,1.17246,9040,8,0
2025-12-18T20:00:00Z,1766088000,1.17245,1.17273,1.17177,1.17244,3123,8,0
2025-12-19T00:00:00Z,1766102400,1.17243,1.17283,1.17179,1.17208,4477,8,0
2025-12-19T04:00:00Z,1766116800,1.17209,1.1722299999999999,1.17029,1.17076,5847,8,0
2025-12-19T08:00:00Z,1766131200,1.17075,1.17175,1.17059,1.17109,8334,8,0
2025-12-19T12:00:00Z,1766145600,1.17107,1.17374,1.17018,1.17092,11080,8,0
2025-12-19T16:00:00Z,1766160000,1.17095,1.17268,1.17081,1.17232,6758,8,0
2025-12-19T20:00:00Z,1766174400,1.17231,1.17252,1.17055,1.17087,2385,8,0
2025-12-21T20:00:00Z,1766347200,1.17073,1.17149,1.17059,1.17097,1894,8,0
2025-12-22T00:00:00Z,1766361600,1.17095,1.17191,1.17092,1.1717,5034,8,0
2025-12-22T04:00:00Z,1766376000,1.1717,1.17307,1.17126,1.17285,4307,8,0
2025-12-22T08:00:00Z,1766390400,1.17283,1.1738,1.17228,1.17331,7240,8,0
2025-12-22T12:00:00Z,1766404800,1.17331,1.17691,1.17328,1.17634,9937,8,0
2025-12-22T16:00:00Z,1766419200,1.17634,1.17642,1.1748,1.17549,6031,8,0
2025-12-22T20:00:00Z,1766433600,1.1755,1.17652,1.17517,1.17632,3162,8,0
2025-12-23T00:00:00Z,1766448000,1.17632,1.17801,1.17624,1.1776,4568,8,0
2025-12-23T04:00:00Z,1766462400,1.1776,1.17811,1.17683,1.17784,5429,8,0
2025-12-23T08:00:00Z,1766476800,1.17782,1.18,1.17749,1.1795200000000001,8318,8,0
2025-12-23T12:00:00Z,1766491200,1.17953,1.1801599999999999,1.17636,1.17737,11778,8,0
2025-12-23T16:00:00Z,1766505600,1.17739,1.1791,1.17687,1.17896,6289,8,0
2025-12-23T20:00:00Z,1766520000,1.17895,1.17967,1.17866,1.17942,2916,8,0
2025-12-24T00:00:00Z,1766534400,1.17942,1.18076,1.1786699999999999,1.17872,4966,8,0
2025-12-24T04:00:00Z,1766548800,1.17872,1.18036,1.17855,1.17888,5150,8,0
2025-12-24T08:00:00Z,1766563200,1.1789100000000001,1.18006,1.17794,1.17924,7225,8,0
2025-12-24T12:00:00Z,1766577600,1.17925,1.17929,1.1775,1.17779,8620,8,0
2025-12-24T16:00:00Z,1766592000,1.17778,1.17828,1.17709,1.17765,4243,8,0
2025-12-24T20:00:00Z,1766606400,1.17765,1.17774,1.1773500000000001,1.17748,988,80,0
2025-12-25T20:00:00Z,1766692800,1.17781,1.17847,1.17757,1.17832,2698,8,0
2025-12-26T00:00:00Z,1766707200,1.1783299999999999,1.17931,1.17764,1.17839,6479,8,0
2025-12-26T04:00:00Z,1766721600,1.17839,1.17877,1.17697,1.17725,5998,8,0
2025-12-26T08:00:00Z,1766736000,1.17726,1.17818,1.17662,1.1777,6367,8,0
2025-12-26T12:00:00Z,1766750400,1.1777,1.17963,1.17712,1.17769,8728,8,0
2025-12-26T16:00:00Z,1766764800,1.17769,1.17794,1.17609,1.17761,7125,8,0
2025-12-26T20:00:00Z,1766779200,1.17763,1.17812,1.17655,1.17705,2456,8,0
2025-12-28T20:00:00Z,1766952000,1.17723,1.17774,1.17676,1.17724,1486,8,0
2025-12-29T00:00:00Z,1766966400,1.17725,1.17862,1.17709,1.17732,5009,8,0
2025-12-29T04:00:00Z,1766980800,1.17732,1.17787,1.17534,1.17765,5801,8,0
2025-12-29T08:00:00Z,1766995200,1.17763,1.17887,1.17574,1.17656,9793,8,0
2025-12-29T12:00:00Z,1767009600,1.17654,1.17884,1.1755200000000001,1.17675,11700,8,0
2025-12-29T16:00:00Z,1767024000,1.17672,1.17678,1.17492,1.17668,7646,8,0
2025-12-29T20:00:00Z,1767038400,1.17667,1.1774499999999999,1.1764000000000001,1.17721,3068,8,0
2025-12-30T00:00:00Z,1767052800,1.17721,1.17761,1.17694,1.17723,3637,8,0
2025-12-30T04:00:00Z,1767067200,1.17723,1.17794,1.17659,1.1770100000000001,4318,8,0
2025-12-30T08:00:00Z,1767081600,1.17702,1.17775,1.17637,1.17665,7072,8,0
2025-12-30T12:00:00Z,1767096000,1.17665,1.17677,1.17449,1.17593,10313,8,0
2025-12-30T16:00:00Z,1767110400,1.17592,1.17663,1.17449,1.17465,6293,8,0
2025-12-30T20:00:00Z,1767124800,1.17465,1.17499,1.1743000000000001,1.17453,2562,8,0
2025-12-31T00:00:00Z,1767139200,1.17453,1.17487,1.17385,1.17424,3549,8,0
2025-12-31T04:00:00Z,1767153600,1.17424,1.17424,1.17294,1.17367,4111,8,0
2025-12-31T08:00:00Z,1767168000,1.1736900000000001,1.17474,1.17197,1.1746699999999999,7705,8,0
2025-12-31T12:00:00Z,1767182400,1.17468,1.1758899999999999,1.172,1.17436,11529,8,0
2025-12-31T16:00:00Z,1767196800,1.17438,1.17485,1.17283,1.17399,7843,8,0
2025-12-31T20:00:00Z,1767211200,1.17398,1.1752,1.17389,1.17455,1650,8,0
2026-01-01T20:00:00Z,1767297600,1.1743999999999999,1.17504,1.1743999999999999,1.17504,1160,8,0
2026-01-02T00:00:00Z,1767312000,1.17504,1.17646,1.17495,1.17639,3524,8,0
2026-01-02T04:00:00Z,1767326400,1.1764000000000001,1.17645,1.17319,1.1734499999999999,4492,8,0
2026-01-02T08:00:00Z,1767340800,1.1734499999999999,1.17379,1.17129,1.17215,9271,8,0
2026-01-02T12:00:00Z,1767355200,1.17214,1.17517,1.17155,1.17503,10320,8,0
2026-01-02T16:00:00Z,1767369600,1.1750099999999999,1.1754,1.17139,1.17227,8052,8,0
2026-01-02T20:00:00Z,1767384000,1.17229,1.17234,1.17149,1.17196,2440,8,0
2026-01-04T20:00:00Z,1767556800,1.17224,1.17239,1.16985,1.17048,2117,8,0
2026-01-05T00:00:00Z,1767571200,1.1705,1.17107,1.16719,1.16747,7817,8,0
2026-01-05T04:00:00Z,1767585600,1.16748,1.1691799999999999,1.16728,1.16861,5900,8,0
2026-01-05T08:00:00Z,1767600000,1.16859,1.16944,1.16733,1.16814,9416,8,0
2026-01-05T12:00:00Z,1767614400,1.16812,1.17041,1.16587,1.17041,12774,8,0
2026-01-05T16:00:00Z,1767628800,1.17042,1.1728399999999999,1.17036,1.17267,8489,8,0
2026-01-05T20:00:00Z,1767643200,1.17264,1.17285,1.1712500000000001,1.17142,2765,8,0
2026-01-06T00:00:00Z,1767657600,1.17142,1.17378,1.17104,1.17342,5224,8,0
2026-01-06T04:00:00Z,1767672000,1.17344,1.17425,1.17257,1.17289,5187,8,0
2026-01-06T08:00:00Z,1767686400,1.17287,1.17386,1.17046,1.17059,9320,8,0
2026-01-06T12:00:00Z,1767700800,1.17058,1.17172,1.16836,1.16949,12280,8,0
2026-01-06T16:00:00Z,1767715200,1.16949,1.17018,1.16835,1.16893,8188,8,0
2026-01-06T20:00:00Z,1767729600,1.16892,1.16928,1.16839,1.16869,2942,8,0
2026-01-07T00:00:00Z,1767744000,1.1687,1.17023,1.16848,1.16981,4787,8,0
2026-01-07T04:00:00Z,1767758400,1.16981,1.17018,1.16782,1.1682299999999999,5489,8,0
2026-01-07T08:00:00Z,1767772800,1.16822,1.1693500000000001,1.16726,1.16889,7770,8,0
2026-01-07T12:00:00Z,1767787200,1.16889,1.16983,1.16794,1.16896,12446,8,0
2026-01-07T16:00:00Z,1767801600,1.16896,1.16944,1.16783,1.16822,6960,8,0
2026-01-07T20:00:00Z,1767816000,1.16824,1.16836,1.16727,1.16766,2399,8,0
2026-01-08T00:00:00Z,1767830400,1.16766,1.16824,1.16723,1.1679599999999999,3759,8,0
2026-01-08T04:00:00Z,1767844800,1.1679599999999999,1.16827,1.16746,1.16775,5094,8,0
2026-01-08T08:00:00Z,1767859200,1.16777,1.16815,1.16684,1.16773,6633,8,0
2026-01-08T12:00:00Z,1767873600,1.16773,1.16775,1.16557,1.16662,9616,8,0
2026-01-08T16:00:00Z,1767888000,1.16663,1.1667399999999999,1.16424,1.16497,6829,8,0
2026-01-08T20:00:00Z,1767902400,1.16497,1.16621,1.16494,1.16575,3133,8,0
2026-01-09T00:00:00Z,1767916800,1.16577,1.16587,1.1645699999999999,1.16559,4268,8,0
2026-01-09T04:00:00Z,1767931200,1.1656,1.16565,1.1639599999999999,1.16502,4641,8,0
2026-01-09T08:00:00Z,1767945600,1.16505,1.16526,1.16365,1.1645699999999999,6718,8,0
2026-01-09T12:00:00Z,1767960000,1.16458,1.1660300000000001,1.16178,1.16402,18685,8,0
2026-01-09T16:00:00Z,1767974400,1.16403,1.16429,1.16272,1.16344,7138,8,0
2026-01-09T20:00:00Z,1767988800,1.16344,1.16375,1.16291,1.16328,1643,8,0
2026-01-11T20:00:00Z,1768161600,1.16318,1.16346,1.16228,1.16236,1076,8,0
2026-01-12T00:00:00Z,1768176000,1.16234,1.16709,1.1621299999999999,1.1655,8914,8,0
2026-01-12T04:00:00Z,1768190400,1.16548,1.16873,1.16526,1.16844,6495,8,0
2026-01-12T08:00:00Z,1768204800,1.16842,1.16954,1.16753,1.16782,8999,8,0
2026-01-12T12:00:00Z,1768219200,1.1678,1.16982,1.1672500000000001,1.16807,11303,8,0
2026-01-12T16:00:00Z,1768233600,1.16807,1.16818,1.16648,1.16717,6459,8,0
2026-01-12T20:00:00Z,1768248000,1.16718,1.16727,1.16625,1.16672,3131,8,0
2026-01-13T00:00:00Z,1768262400,1.16672,1.16672,1.1656,1.16584,4189,8,0
2026-01-13T04:00:00Z,1768276800,1.16584,1.1667,1.16535,1.16636,5243,8,0
2026-01-13T08:00:00Z,1768291200,1.16634,1.16742,1.16581,1.16682,6437,8,0
2026-01-13T12:00:00Z,1768305600,1.16683,1.16771,1.16438,1.1651799999999999,14042,8,0
2026-01-13T16:00:00Z,1768320000,1.1651799999999999,1.16541,1.16341,1.16489,7203,8,0
2026-01-13T20:00:00Z,1768334400,1.1649,1.16496,1.164,1.16418,2816,8,0
2026-01-14T00:00:00Z,1768348800,1.16418,1.16485,1.16358,1.16466,3896,8,0
2026-01-14T04:00:00Z,1768363200,1.16467,1.16515,1.16411,1.16456,3651,8,0
2026-01-14T08:00:00Z,1768377600,1.1645699999999999,1.16576,1.16405,1.16468,7659,8,0
2026-01-14T12:00:00Z,1768392000,1.16468,1.1660300000000001,1.16445,1.16592,11630,8,0
2026-01-14T16:00:00Z,1768406400,1.16593,1.16611,1.16348,1.16361,6794,8,0
2026-01-14T20:00:00Z,1768420800,1.1635900000000001,1.16468,1.1635900000000001,1.16446,3627,8,0
2026-01-15T00:00:00Z,1768435200,1.1644700000000001,1.16453,1.16327,1.1638600000000001,4920,8,0
2026-01-15T04:00:00Z,1768449600,1.16387,1.16391,1.16257,1.16285,4759,8,0
2026-01-15T08:00:00Z,1768464000,1.16283,1.16405,1.16266,1.16306,6963,8,0
2026-01-15T12:00:00Z,1768478400,1.16304,1.16347,1.15928,1.16021,11502,8,0
2026-01-15T16:00:00Z,1768492800,1.16021,1.1616900000000001,1.15979,1.16134,6567,8,0
2026-01-15T20:00:00Z,1768507200,1.16134,1.16151,1.16025,1.16089,2891,8,0
2026-01-16T00:00:00Z,1768521600,1.16086,1.16138,1.16021,1.16117,4195,8,0
2026-01-16T04:00:00Z,1768536000,1.16117,1.16145,1.16039,1.1611799999999999,4022,8,0
2026-01-16T08:00:00Z,1768550400,1.1612,1.16229,1.16076,1.16188,6284,8,0
2026-01-16T12:00:00Z,1768564800,1.16189,1.1627,1.15841,1.15934,12689,8,0
2026-01-16T16:00:00Z,1768579200,1.1593499999999999,1.16055,1.15891,1.1596,7858,8,0
2026-01-16T20:00:00Z,1768593600,1.15962,1.16019,1.15952,1.15983,1724,8,0
2026-01-18T20:00:00Z,1768766400,1.1577,1.16268,1.15749,1.16239,4230,8,0
2026-01-19T00:00:00Z,1768780800,1.16238,1.16375,1.16044,1.16242,9636,8,0
2026-01-19T04:00:00Z,1768795200,1.16242,1.16412,1.16227,1.16258,6467,8,0
2026-01-19T08:00:00Z,1768809600,1.16259,1.16294,1.1610800000000001,1.16276,7815,8,0
2026-01-19T12:00:00Z,1768824000,1.16276,1.16431,1.16247,1.16394,7493,8,0
2026-01-19T16:00:00Z,1768838400,1.16394,1.1648399999999999,1.16372,1.16428,3507,8,0
2026-01-19T20:00:00Z,1768852800,1.16428,1.16463,1.16381,1.1639,1782,8,0
2026-01-20T00:00:00Z,1768867200,1.16392,1.16584,1.16323,1.1656,4918,8,0
2026-01-20T04:00:00Z,1768881600,1.1656,1.16934,1.16556,1.16885,7331,8,0
2026-01-20T08:00:00Z,1768896000,1.16887,1.17387,1.16867,1.17344,14824,8,0
2026-01-20T12:00:00Z,1768910400,1.17342,1.17692,1.1715,1.17268,20536,8,0
2026-01-20T16:00:00Z,1768924800,1.17267,1.17422,1.17111,1.17118,9291,8,0
2026-01-20T20:00:00Z,1768939200,1.17118,1.1728399999999999,1.17105,1.17269,3969,8,0
2026-01-21T00:00:00Z,1768953600,1.17267,1.17339,1.1710099999999999,1.17184,5942,8,0
2026-01-21T04:00:00Z,1768968000,1.17184,1.1724999999999999,1.17096,1.17165,6135,8,0
2026-01-21T08:00:00Z,1768982400,1.17167,1.172,1.17009,1.17138,8712,8,0
2026-01-21T12:00:00Z,1768996800,1.17139,1.17428,1.17003,1.17016,16936,8,0
2026-01-21T16:00:00Z,1769011200,1.17016,1.17111,1.16767,1.1691,14022,8,0
2026-01-21T20:00:00Z,1769025600,1.16912,1.16917,1.16694,1.16727,4740,8,0
2026-01-22T00:00:00Z,1769040000,1.16726,1.16932,1.16724,1.16887,5491,8,0
2026-01-22T04:00:00Z,1769054400,1.16886,1.1696900000000001,1.16839,1.16903,5519,8,0
2026-01-22T08:00:00Z,1769068800,1.16902,1.17037,1.16837,1.17017,9143,8,0
2026-01-22T12:00:00Z,1769083200,1.17016,1.17336,1.16997,1.17336,11974,8,0
2026-01-22T16:00:00Z,1769097600,1.17336,1.1750099999999999,1.17263,1.17436,8560,8,0
2026-01-22T20:00:00Z,1769112000,1.17436,1.1759,1.17415,1.17535,3378,8,0
2026-01-23T00:00:00Z,1769126400,1.17535,1.17536,1.17432,1.17435,4898,8,0
2026-01-23T04:00:00Z,1769140800,1.17435,1.17536,1.17348,1.17358,7205,8,0
2026-01-23T08:00:00Z,1769155200,1.17357,1.17448,1.17281,1.17371,9111,8,0
2026-01-23T12:00:00Z,1769169600,1.17372,1.1761,1.17315,1.17575,8625,8,0
2026-01-23T16:00:00Z,1769184000,1.17575,1.18147,1.17461,1.18113,15232,8,0
2026-01-23T20:00:00Z,1769198400,1.18113,1.18331,1.18094,1.18275,5086,8,0
2026-01-25T20:00:00Z,1769371200,1.18601,1.18973,1.18468,1.18597,5881,8,0
2026-01-26T00:00:00Z,1769385600,1.186,1.18761,1.18442,1.18621,15004,8,0
2026-01-26T04:00:00Z,1769400000,1.18622,1.18695,1.18364,1.18385,10870,8,0
2026-01-26T08:00:00Z,1769414400,1.18387,1.1867,1.1837900000000001,1.18556,13319,8,0
2026-01-26T12:00:00Z,1769428800,1.18554,1.18967,1.18346,1.18948,13165,8,0
2026-01-26T16:00:00Z,1769443200,1.18949,1.19066,1.18702,1.18787,12396,8,0
2026-01-26T20:00:00Z,1769457600,1.18789,1.1886,1.1871,1.18733,4460,8,0
2026-01-27T00:00:00Z,1769472000,1.18733,1.1898900000000001,1.18722,1.18794,7047,8,0
2026-01-27T04:00:00Z,1769486400,1.18795,1.18822,1.18606,1.18636,6967,8,0
2026-01-27T08:00:00Z,1769500800,1.18638,1.18967,1.18497,1.18949,12043,8,0
2026-01-27T12:00:00Z,1769515200,1.18948,1.19721,1.18937,1.19506,25047,8,0
2026-01-27T16:00:00Z,1769529600,1.19504,1.19897,1.19493,1.19767,16144,8,0
2026-01-27T20:00:00Z,1769544000,1.19766,1.20829,1.19715,1.20227,27840,8,0
2026-01-28T00:00:00Z,1769558400,1.2022599999999999,1.20234,1.19868,1.19964,11378,8,0
2026-01-28T04:00:00Z,1769572800,1.19964,1.20254,1.19745,1.19912,13281,8,0
2026-01-28T08:00:00Z,1769587200,1.19914,1.20046,1.19614,1.19679,17609,8,0
2026-01-28T12:00:00Z,1769601600,1.19678,1.19831,1.19228,1.19432,28000,8,0
2026-01-28T16:00:00Z,1769616000,1.1943,1.19522,1.18957,1.19402,23770,8,0
2026-01-28T20:00:00Z,1769630400,1.1939899999999999,1.19795,1.1929,1.19795,9024,8,0
2026-01-29T00:00:00Z,1769644800,1.19805,1.19866,1.19529,1.1985999999999999,11116,8,0
2026-01-29T04:00:00Z,1769659200,1.19861,1.19963,1.1967,1.19737,10463,8,0
2026-01-29T08:00:00Z,1769673600,1.1973799999999999,1.19854,1.19376,1.19467,15171,8,0
2026-01-29T12:00:00Z,1769688000,1.19467,1.19721,1.19057,1.19291,31037,8,0
2026-01-29T16:00:00Z,1769702400,1.19288,1.19646,1.19269,1.1951100000000001,20298,8,0
2026-01-29T20:00:00Z,1769716800,1.19508,1.19743,1.19454,1.19671,5373,8,0
2026-01-30T00:00:00Z,1769731200,1.19671,1.19729,1.18942,1.19196,23158,8,0
2026-01-30T04:00:00Z,1769745600,1.19197,1.1942300000000001,1.19135,1.19373,14061,8,0
2026-01-30T08:00:00Z,1769760000,1.19374,1.19503,1.1898,1.1948699999999999,17790,8,0
2026-01-30T12:00:00Z,1769774400,1.19485,1.19544,1.18826,1.18949,26373,8,0
2026-01-30T16:00:00Z,1769788800,1.18951,1.18973,1.18543,1.18689,24115,8,0
2026-01-30T20:00:00Z,1769803200,1.18691,1.18691,1.18495,1.18495,5267,8,0
2026-02-01T20:00:00Z,1769976000,1.18448,1.18561,1.18392,1.18455,4451,8,0
2026-02-02T00:00:00Z,1769990400,1.18458,1.1874500000000001,1.18458,1.18639,16905,8,0
2026-02-02T04:00:00Z,1770004800,1.1864,1.1872099999999999,1.18407,1.18533,14502,8,0
2026-02-02T08:00:00Z,1770019200,1.18534,1.18711,1.18432,1.18643,16382,8,0
2026-02-02T12:00:00Z,1770033600,1.18641,1.18696,1.17898,1.17919,22188,8,0
2026-02-02T16:00:00Z,1770048000,1.1792,1.18122,1.17754,1.17883,14812,8,0
2026-02-02T20:00:00Z,1770062400,1.17883,1.17985,1.178,1.17983,4773,8,0
2026-02-03T00:00:00Z,1770076800,1.17984,1.18145,1.17977,1.18091,6868,8,0
2026-02-03T04:00:00Z,1770091200,1.18091,1.1824,1.18048,1.1815,7322,8,0
2026-02-03T08:00:00Z,1770105600,1.18149,1.18191,1.17823,1.1786699999999999,11221,8,0
2026-02-03T12:00:00Z,1770120000,1.1787,1.18133,1.1779600000000001,1.18126,13976,8,0
2026-02-03T16:00:00Z,1770134400,1.18126,1.18287,1.18055,1.1813,12261,8,0
2026-02-03T20:00:00Z,1770148800,1.18132,1.18249,1.18091,1.18154,4023,8,0
2026-02-04T00:00:00Z,1770163200,1.18152,1.18315,1.18084,1.18266,6678,8,0
2026-02-04T04:00:00Z,1770177600,1.18266,1.1836,1.18238,1.18317,6047,8,0
2026-02-04T08:00:00Z,1770192000,1.18315,1.18377,1.18044,1.1810100000000001,10149,8,0
2026-02-04T12:00:00Z,1770206400,1.18099,1.18266,1.1793,1.1796,15770,8,0
2026-02-04T16:00:00Z,1770220800,1.17962,1.18145,1.17902,1.18087,12902,8,0
2026-02-04T20:00:00Z,1770235200,1.18084,1.18093,1.18001,1.1801,3326,8,0
2026-02-05T00:00:00Z,1770249600,1.18012,1.18078,1.17826,1.1789,7144,8,0
2026-02-05T04:00:00Z,1770264000,1.1789100000000001,1.18032,1.1784,1.17985,6200,8,0
2026-02-05T08:00:00Z,1770278400,1.17982,1.18086,1.17799,1.17933,9555,8,0
2026-02-05T12:00:00Z,1770292800,1.17933,1.18214,1.17816,1.1791,24362,8,0
2026-02-05T16:00:00Z,1770307200,1.17908,1.18039,1.17848,1.17939,9770,8,0
2026-02-05T20:00:00Z,1770321600,1.17939,1.17944,1.17744,1.1776200000000001,4799,8,0
2026-02-06T00:00:00Z,1770336000,1.1776200000000001,1.17912,1.17655,1.17873,6582,8,0
2026-02-06T04:00:00Z,1770350400,1.17875,1.18014,1.17868,1.17912,5442,8,0
2026-02-06T08:00:00Z,1770364800,1.17912,1.17994,1.17853,1.17899,8510,8,0
2026-02-06T12:00:00Z,1770379200,1.17899,1.18259,1.1788,1.1819,10379,8,0
2026-02-06T16:00:00Z,1770393600,1.18191,1.18225,1.18095,1.18188,6925,8,0
2026-02-06T20:00:00Z,1770408000,1.18188,1.18235,1.18132,1.1815,1888,8,0
2026-02-08T20:00:00Z,1770580800,1.18116,1.18275,1.18093,1.18264,2529,8,0
2026-02-09T00:00:00Z,1770595200,1.18264,1.18333,1.18158,1.18185,7300,8,0
2026-02-09T04:00:00Z,1770609600,1.18187,1.18595,1.18185,1.18553,8618,8,0
2026-02-09T08:00:00Z,1770624000,1.18554,1.18717,1.18512,1.18691,10506,8,0
2026-02-09T12:00:00Z,1770638400,1.1869,1.19262,1.1869,1.19117,14962,8,0
2026-02-09T16:00:00Z,1770652800,1.19119,1.19218,1.18927,1.19198,8258,8,0
2026-02-09T20:00:00Z,1770667200,1.19197,1.19209,1.19013,1.19034,3683,8,0
2026-02-10T00:00:00Z,1770681600,1.19034,1.19166,1.18964,1.19112,5553,8,0
2026-02-10T04:00:00Z,1770696000,1.19113,1.19128,1.18991,1.19082,5624,8,0
2026-02-10T08:00:00Z,1770710400,1.1908,1.19196,1.18993,1.19037,7589,8,0
2026-02-10T12:00:00Z,1770724800,1.19039,1.19284,1.18882,1.19135,16060,8,0
2026-02-10T16:00:00Z,1770739200,1.19135,1.19146,1.18865,1.19019,8565,8,0
2026-02-10T20:00:00Z,1770753600,1.19017,1.19031,1.18863,1.18876,3163,8,0
2026-02-11T00:00:00Z,1770768000,1.18876,1.19133,1.18858,1.1911100000000001,5484,8,0
2026-02-11T04:00:00Z,1770782400,1.19109,1.19255,1.19065,1.19176,6049,8,0
2026-02-11T08:00:00Z,1770796800,1.19175,1.1927,1.19044,1.19079,7449,8,0
2026-02-11T12:00:00Z,1770811200,1.1908,1.19088,1.1832799999999999,1.18589,28088,8,0
2026-02-11T16:00:00Z,1770825600,1.18588,1.18931,1.18529,1.18794,10544,8,0
2026-02-11T20:00:00Z,1770840000,1.18794,1.1880600000000001,1.1868400000000001,1.18744,3539,8,0
2026-02-12T00:00:00Z,1770854400,1.18744,1.18842,1.18649,1.18691,6418,8,0
2026-02-12T04:00:00Z,1770868800,1.1869,1.18748,1.1852,1.18727,7486,8,0
2026-02-12T08:00:00Z,1770883200,1.1873,1.18876,1.18708,1.1884000000000001,7546,8,0
2026-02-12T12:00:00Z,1770897600,1.18841,1.18882,1.18666,1.18854,11779,8,0
2026-02-12T16:00:00Z,1770912000,1.18855,1.18897,1.18558,1.18696,15244,8,0
2026-02-12T20:00:00Z,1770926400,1.18693,1.18723,1.18632,1.1869,3277,8,0
2026-02-13T00:00:00Z,1770940800,1.18689,1.18731,1.18625,1.18664,4936,8,0
2026-02-13T04:00:00Z,1770955200,1.18664,1.18675,1.1846700000000001,1.18583,6154,8,0
2026-02-13T08:00:00Z,1770969600,1.18581,1.18661,1.18525,1.18581,6887,8,0
2026-02-13T12:00:00Z,1770984000,1.18583,1.18844,1.18473,1.1848,15837,8,0
2026-02-13T16:00:00Z,1770998400,1.18482,1.18824,1.18482,1.18661,7861,8,0
2026-02-13T20:00:00Z,1771012800,1.18662,1.18762,1.18641,1.1868400000000001,2316,8,0
2026-02-15T20:00:00Z,1771185600,1.18696,1.18716,1.18624,1.18664,1390,8,0
2026-02-16T00:00:00Z,1771200000,1.18664,1.18687,1.18587,1.18667,4549,8,0
2026-02-16T04:00:00Z,1771214400,1.18669,1.18698,1.186,1.18624,3398,8,0
2026-02-16T08:00:00Z,1771228800,1.18626,1.18702,1.18565,1.1861,6206,8,0
2026-02-16T12:00:00Z,1771243200,1.18611,1.18632,1.18489,1.1853799999999999,5542,8,0
2026-02-16T16:00:00Z,1771257600,1.1853799999999999,1.1856200000000001,1.18458,1.1853799999999999,2975,8,0
2026-02-16T20:00:00Z,1771272000,1.1853799999999999,1.18547,1.18464,1.18499,1551,8,0
2026-02-17T00:00:00Z,1771286400,1.185,1.18518,1.18378,1.18415,4774,8,0
2026-02-17T04:00:00Z,1771300800,1.18413,1.18454,1.18285,1.18323,5148,8,0
2026-02-17T08:00:00Z,1771315200,1.18326,1.18494,1.18238,1.18306,6530,8,0
2026-02-17T12:00:00Z,1771329600,1.18306,1.18354,1.18046,1.18104,12208,8,0
2026-02-17T16:00:00Z,1771344000,1.18104,1.1853,1.18104,1.18476,8285,8,0
2026-02-17T20:00:00Z,1771358400,1.18474,1.18571,1.18465,1.18503,2922,8,0
2026-02-18T00:00:00Z,1771372800,1.18503,1.18532,1.18408,1.1841,3951,8,0
2026-02-18T04:00:00Z,1771387200,1.1841,1.18462,1.18326,1.18346,3687,8,0
2026-02-18T08:00:00Z,1771401600,1.18346,1.18405,1.18279,1.18343,6353,8,0
2026-02-18T12:00:00Z,1771416000,1.18343,1.18482,1.18119,1.18222,10350,8,0
2026-02-18T16:00:00Z,1771430400,1.18222,1.18258,1.17832,1.1787,9140,8,0
2026-02-18T20:00:00Z,1771444800,1.1787,1.17899,1.17801,1.17883,3280,8,0
2026-02-19T00:00:00Z,1771459200,1.17883,1.1795200000000001,1.17848,1.17903,4191,8,0
2026-02-19T04:00:00Z,1771473600,1.17905,1.18031,1.17844,1.18002,4468,8,0
2026-02-19T08:00:00Z,1771488000,1.18001,1.18072,1.1776200000000001,1.1780599999999999,7037,8,0
2026-02-19T12:00:00Z,1771502400,1.17805,1.1780599999999999,1.17416,1.17629,15222,8,0
2026-02-19T16:00:00Z,1771516800,1.17628,1.17738,1.17556,1.17634,8424,8,0
2026-02-19T20:00:00Z,1771531200,1.17634,1.17778,1.17629,1.1768,3256,8,0
2026-02-20T00:00:00Z,1771545600,1.17683,1.1772,1.1753,1.17567,5129,8,0
2026-02-20T04:00:00Z,1771560000,1.17566,1.17624,1.17492,1.17511,5065,8,0
2026-02-20T08:00:00Z,1771574400,1.1751,1.17686,1.17432,1.17668,7539,8,0
2026-02-20T12:00:00Z,1771588800,1.17668,1.1807,1.17551,1.17878,22283,8,0
2026-02-20T16:00:00Z,1771603200,1.17879,1.17986,1.17652,1.17803,14866,8,0
2026-02-20T20:00:00Z,1771617600,1.17803,1.17911,1.1777199999999999,1.17805,2592,8,0
2026-02-22T20:00:00Z,1771790400,1.17822,1.18343,1.17811,1.1832799999999999,3196,8,0
2026-02-23T00:00:00Z,1771804800,1.18326,1.18341,1.1816200000000001,1.18227,9421,8,0
2026-02-23T04:00:00Z,1771819200,1.18228,1.18335,1.18148,1.18229,5426,8,0
2026-02-23T08:00:00Z,1771833600,1.18228,1.18247,1.17804,1.1785700000000001,8422,8,0
2026-02-23T12:00:00Z,1771848000,1.1785700000000001,1.18096,1.17741,1.17943,11904,8,0
2026-02-23T16:00:00Z,1771862400,1.17941,1.18083,1.17877,1.17912,8297,8,0
2026-02-23T20:00:00Z,1771876800,1.17913,1.1795,1.17823,1.17925,3425,8,0
2026-02-24T00:00:00Z,1771891200,1.17925,1.17959,1.17712,1.17749,6076,8,0
2026-02-24T04:00:00Z,1771905600,1.17749,1.17822,1.17677,1.17788,6374,8,0
2026-02-24T08:00:00Z,1771920000,1.17788,1.1792799999999999,1.17731,1.17802,7644,8,0
2026-02-24T12:00:00Z,1771934400,1.178,1.1783299999999999,1.17655,1.17725,10457,8,0
2026-02-24T16:00:00Z,1771948800,1.17726,1.17899,1.17715,1.17786,6176,8,0
2026-02-24T20:00:00Z,1771963200,1.17786,1.1783,1.1770100000000001,1.17738,2854,8,0
2026-02-25T00:00:00Z,1771977600,1.17739,1.17939,1.17728,1.1789,6424,8,0
2026-02-25T04:00:00Z,1771992000,1.1789,1.1807699999999999,1.17873,1.17968,5534,8,0
2026-02-25T08:00:00Z,1772006400,1.17968,1.17995,1.17708,1.17748,7095,8,0
2026-02-25T12:00:00Z,1772020800,1.17746,1.1802,1.17723,1.18008,9743,8,0
2026-02-25T16:00:00Z,1772035200,1.18007,1.1814,1.17982,1.1804999999999999,6360,8,0
2026-02-25T20:00:00Z,1772049600,1.18049,1.1816,1.1803,1.18147,3232,8,0
2026-02-26T00:00:00Z,1772064000,1.18147,1.18286,1.18113,1.18168,5440,8,0
2026-02-26T04:00:00Z,1772078400,1.18168,1.18224,1.18085,1.18152,5926,8,0
2026-02-26T08:00:00Z,1772092800,1.18155,1.18157,1.17929,1.18001,6796,8,0
2026-02-26T12:00:00Z,1772107200,1.18003,1.18163,1.1780599999999999,1.17985,11173,8,0
2026-02-26T16:00:00Z,1772121600,1.17982,1.1799,1.1773500000000001,1.17962,8755,8,0
2026-02-26T20:00:00Z,1772136000,1.17963,1.18032,1.17945,1.18026,3028,8,0
2026-02-27T00:00:00Z,1772150400,1.18026,1.18055,1.17886,1.18033,6224,8,0
2026-02-27T04:00:00Z,1772164800,1.18031,1.1819,1.17969,1.18146,5983,8,0
2026-02-27T08:00:00Z,1772179200,1.18149,1.18212,1.17926,1.17997,7389,8,0
2026-02-27T12:00:00Z,1772193600,1.17997,1.18167,1.17901,1.18067,13473,8,0
2026-02-27T16:00:00Z,1772208000,1.18069,1.18266,1.18052,1.18188,8370,8,0
2026-02-27T20:00:00Z,1772222400,1.18188,1.18255,1.18108,1.18139,2702,8,0
2026-03-01T20:00:00Z,1772395200,1.1763,1.17869,1.1754,1.17591,3894,8,0
2026-03-02T00:00:00Z,1772409600,1.17591,1.1795499999999999,1.17554,1.17883,10575,8,0
2026-03-02T04:00:00Z,1772424000,1.17883,1.179,1.17029,1.17159,12547,8,0
2026-03-02T08:00:00Z,1772438400,1.17156,1.1747,1.16975,1.17329,14714,8,0
2026-03-02T12:00:00Z,1772452800,1.17329,1.17337,1.1679599999999999,1.16799,20204,8,0
2026-03-02T16:00:00Z,1772467200,1.16797,1.1713,1.16715,1.17107,13023,8,0
2026-03-02T20:00:00Z,1772481600,1.17109,1.17127,1.16783,1.1694499999999999,8337,8,0
2026-03-03T00:00:00Z,1772496000,1.1694499999999999,1.17064,1.16854,1.16898,8951,8,0
2026-03-03T04:00:00Z,1772510400,1.16901,1.16933,1.16424,1.16432,11859,8,0
2026-03-03T08:00:00Z,1772524800,1.16434,1.16459,1.15815,1.15971,22595,8,0
2026-03-03T12:00:00Z,1772539200,1.1596899999999999,1.16148,1.15297,1.15725,29431,8,0
2026-03-03T16:00:00Z,1772553600,1.15728,1.16254,1.15688,1.16123,25942,8,0
2026-03-03T20:00:00Z,1772568000,1.1612,1.16241,1.16082,1.16102,7301,8,0
2026-03-04T00:00:00Z,1772582400,1.16104,1.16107,1.15744,1.16082,12844,8,0
2026-03-04T04:00:00Z,1772596800,1.16082,1.16278,1.15867,1.16154,11279,8,0
2026-03-04T08:00:00Z,1772611200,1.16154,1.16544,1.15918,1.16349,21563,8,0
2026-03-04T12:00:00Z,1772625600,1.16351,1.1651799999999999,1.16165,1.16399,21614,8,0
2026-03-04T16:00:00Z,1772640000,1.16399,1.16458,1.16231,1.16392,10181,8,0
2026-03-04T20:00:00Z,1772654400,1.16393,1.16434,1.1627399999999999,1.16345,3936,8,0
2026-03-05T00:00:00Z,1772668800,1.16345,1.16471,1.16096,1.16128,8902,8,0
2026-03-05T04:00:00Z,1772683200,1.16127,1.16157,1.15875,1.16045,11739,8,0
2026-03-05T08:00:00Z,1772697600,1.16044,1.16441,1.1581,1.16111,22948,8,0
2026-03-05T12:00:00Z,1772712000,1.16112,1.16245,1.15686,1.15828,20088,8,0
2026-03-05T16:00:00Z,1772726400,1.15826,1.15917,1.15584,1.15727,20942,8,0
2026-03-05T20:00:00Z,1772740800,1.15728,1.161,1.15698,1.1606,9341,8,0
2026-03-06T00:00:00Z,1772755200,1.16061,1.16204,1.16049,1.16196,7358,8,0
2026-03-06T04:00:00Z,1772769600,1.16196,1.16207,1.16016,1.16141,7198,8,0
2026-03-06T08:00:00Z,1772784000,1.16143,1.16143,1.15608,1.15622,14726,8,0
2026-03-06T12:00:00Z,1772798400,1.15625,1.1593499999999999,1.15457,1.15792,33071,8,0
2026-03-06T16:00:00Z,1772812800,1.1579,1.16211,1.15786,1.16011,21456,8,0
2026-03-06T20:00:00Z,1772827200,1.16013,1.1618,1.15952,1.16164,5060,8,0
2026-03-08T20:00:00Z,1773000000,1.15536,1.15537,1.15209,1.1524,11015,8,0
2026-03-09T00:00:00Z,1773014400,1.15238,1.15309,1.15067,1.15164,15305,8,0
2026-03-09T04:00:00Z,1773028800,1.15165,1.15711,1.15155,1.15632,21692,8,0
2026-03-09T08:00:00Z,1773043200,1.15633,1.15728,1.15147,1.15607,28405,8,0
2026-03-09T12:00:00Z,1773057600,1.15609,1.15934,1.1547,1.15912,28768,8,0
2026-03-09T16:00:00Z,1773072000,1.15911,1.16333,1.1575,1.16088,22506,8,0
2026-03-09T20:00:00Z,1773086400,1.16085,1.16452,1.16083,1.16161,8289,8,0
2026-03-10T00:00:00Z,1773100800,1.16162,1.16351,1.16076,1.16093,12389,8,0
2026-03-10T04:00:00Z,1773115200,1.16095,1.1663000000000001,1.16066,1.16601,9842,8,0
2026-03-10T08:00:00Z,1773129600,1.16599,1.16617,1.162,1.16381,17706,8,0
2026-03-10T12:00:00Z,1773144000,1.16384,1.16548,1.1621,1.16474,19964,8,0
2026-03-10T16:00:00Z,1773158400,1.1647,1.16669,1.16058,1.1614,22932,8,0
2026-03-10T20:00:00Z,1773172800,1.16141,1.1615,1.16024,1.16112,3980,8,0
2026-03-11T00:00:00Z,1773187200,1.16112,1.16314,1.16053,1.163,8523,8,0
2026-03-11T04:00:00Z,1773201600,1.163,1.16453,1.1613,1.16166,9698,8,0
2026-03-11T08:00:00Z,1773216000,1.1616900000000001,1.1621,1.1589800000000001,1.15942,15941,8,0
2026-03-11T12:00:00Z,1773230400,1.15941,1.16124,1.15652,1.15659,25027,8,0
2026-03-11T16:00:00Z,1773244800,1.15659,1.15762,1.15603,1.1573,11261,8,0
2026-03-11T20:00:00Z,1773259200,1.15729,1.15737,1.15396,1.15426,4510,8,0
2026-03-12T00:00:00Z,1773273600,1.15424,1.15551,1.15317,1.15381,7433,8,0
2026-03-12T04:00:00Z,1773288000,1.15381,1.15524,1.15314,1.1550799999999999,8001,8,0
2026-03-12T08:00:00Z,1773302400,1.1551,1.15658,1.15428,1.1556,9909,8,0
2026-03-12T12:00:00Z,1773316800,1.1555900000000001,1.1557,1.15104,1.15217,21287,8,0
2026-03-12T16:00:00Z,1773331200,1.15216,1.15322,1.15103,1.15146,12753,8,0
2026-03-12T20:00:00Z,1773345600,1.15145,1.15228,1.15078,1.15204,3765,8,0
2026-03-13T00:00:00Z,1773360000,1.1520299999999999,1.15292,1.15045,1.15087,6212,8,0
2026-03-13T04:00:00Z,1773374400,1.15085,1.15091,1.14537,1.14575,8158,8,0
2026-03-13T08:00:00Z,1773388800,1.14573,1.14716,1.14325,1.1468099999999999,15353,8,0
2026-03-13T12:00:00Z,1773403200,1.14679,1.14896,1.1434199999999999,1.1442700000000001,20931,8,0
2026-03-13T16:00:00Z,1773417600,1.14425,1.14502,1.14196,1.1421999999999999,11889,8,0
2026-03-13T20:00:00Z,1773432000,1.14219,1.14224,1.14106,1.1414900000000001,1588,8,0
2026-03-15T20:00:00Z,1773604800,1.1417,1.14383,1.14169,1.14349,5779,8,0
2026-03-16T00:00:00Z,1773619200,1.14348,1.14562,1.14347,1.14501,7714,8,0
2026-03-16T04:00:00Z,1773633600,1.14502,1.14513,1.14139,1.14256,7114,8,0
2026-03-16T08:00:00Z,1773648000,1.14258,1.14867,1.14256,1.1479,13139,8,0
2026-03-16T12:00:00Z,1773662400,1.14791,1.15018,1.14719,1.1486399999999999,14370,8,0
2026-03-16T16:00:00Z,1773676800,1.14866,1.15245,1.14772,1.15078,13275,8,0
2026-03-16T20:00:00Z,1773691200,1.15075,1.15103,1.14944,1.14981,3244,8,0
2026-03-17T00:00:00Z,1773705600,1.14981,1.15024,1.14862,1.1491500000000001,5977,8,0
2026-03-17T04:00:00Z,1773720000,1.1491500000000001,1.14998,1.14656,1.14945,7160,8,0
2026-03-17T08:00:00Z,1773734400,1.14947,1.15244,1.14874,1.15073,11898,8,0
2026-03-17T12:00:00Z,1773748800,1.15073,1.15433,1.15039,1.15245,15729,8,0
2026-03-17T16:00:00Z,1773763200,1.15246,1.15471,1.15178,1.15353,8664,8,0
2026-03-17T20:00:00Z,1773777600,1.15355,1.15444,1.15333,1.15384,3824,8,0
2026-03-18T00:00:00Z,1773792000,1.15385,1.15434,1.15317,1.1536,4834,8,0
2026-03-18T04:00:00Z,1773806400,1.15359,1.15488,1.15232,1.15262,5070,8,0
2026-03-18T08:00:00Z,1773820800,1.1526,1.15551,1.15175,1.15461,9889,8,0
2026-03-18T12:00:00Z,1773835200,1.15463,1.15478,1.14903,1.15128,22422,8,0
2026-03-18T16:00:00Z,1773849600,1.15126,1.15249,1.14682,1.14691,17989,8,0
2026-03-18T20:00:00Z,1773864000,1.1469,1.14702,1.14466,1.14632,6515,8,0
2026-03-19T00:00:00Z,1773878400,1.14629,1.14909,1.14618,1.14745,8031,8,0
2026-03-19T04:00:00Z,1773892800,1.14743,1.14763,1.14505,1.14523,9884,8,0
2026-03-19T08:00:00Z,1773907200,1.14521,1.14877,1.14423,1.1479300000000001,20736,8,0
2026-03-19T12:00:00Z,1773921600,1.14795,1.15385,1.14623,1.1514,37039,8,0
2026-03-19T16:00:00Z,1773936000,1.15137,1.16162,1.15115,1.15843,28340,8,0
2026-03-19T20:00:00Z,1773950400,1.15845,1.15945,1.1574200000000001,1.15762,5245,8,0
2026-03-20T00:00:00Z,1773964800,1.15762,1.15798,1.15561,1.15564,6133,8,0
2026-03-20T04:00:00Z,1773979200,1.15564,1.1575,1.15522,1.15725,6594,8,0
2026-03-20T08:00:00Z,1773993600,1.15728,1.1580300000000001,1.15348,1.15712,14053,8,0
2026-03-20T12:00:00Z,1774008000,1.1571500000000001,1.15795,1.15244,1.15417,22949,8,0
2026-03-20T16:00:00Z,1774022400,1.15416,1.15716,1.15409,1.15581,18254,8,0
2026-03-20T20:00:00Z,1774036800,1.15579,1.15714,1.15571,1.1569099999999999,1588,8,0
2026-03-22T20:00:00Z,1774209600,1.1534200000000001,1.15643,1.15341,1.15617,4761,8,0
2026-03-23T00:00:00Z,1774224000,1.15619,1.1564,1.15383,1.15468,11098,8,0
2026-03-23T04:00:00Z,1774238400,1.1547,1.1552,1.152,1.15271,10513,8,0
2026-03-23T08:00:00Z,1774252800,1.15273,1.16199,1.1484,1.15561,57984,8,0
2026-03-23T12:00:00Z,1774267200,1.15558,1.16395,1.1546,1.15858,59296,8,0
2026-03-23T16:00:00Z,1774281600,1.15856,1.16371,1.15762,1.1613,25000,8,0
2026-03-23T20:00:00Z,1774296000,1.16128,1.16173,1.16055,1.16078,4884,8,0
2026-03-24T00:00:00Z,1774310400,1.16079,1.16083,1.1578,1.15827,12909,8,0
2026-03-24T04:00:00Z,1774324800,1.15827,1.16172,1.15751,1.16083,12505,8,0
2026-03-24T08:00:00Z,1774339200,1.1608100000000001,1.1609099999999999,1.15783,1.15887,17543,8,0
2026-03-24T12:00:00Z,1774353600,1.15889,1.16066,1.1567,1.15774,27608,8,0
2026-03-24T16:00:00Z,1774368000,1.15772,1.15923,1.15568,1.15851,20107,8,0
2026-03-24T20:00:00Z,1774382400,1.15849,1.16279,1.15825,1.16132,12060,8,0
2026-03-25T00:00:00Z,1774396800,1.16134,1.16305,1.16004,1.16036,10285,8,0
2026-03-25T04:00:00Z,1774411200,1.16033,1.16049,1.15867,1.15974,8067,8,0
2026-03-25T08:00:00Z,1774425600,1.15973,1.16163,1.15902,1.16051,15237,8,0
2026-03-25T12:00:00Z,1774440000,1.16053,1.16131,1.15625,1.15695,21729,8,0
2026-03-25T16:00:00Z,1774454400,1.15695,1.15835,1.15549,1.15629,13249,8,0
2026-03-25T20:00:00Z,1774468800,1.1562999999999999,1.15632,1.15552,1.15612,2849,8,0
2026-03-26T00:00:00Z,1774483200,1.15612,1.1569099999999999,1.1553499999999999,1.15684,5823,8,0
2026-03-26T04:00:00Z,1774497600,1.15682,1.15719,1.15502,1.15531,7135,8,0
2026-03-26T08:00:00Z,1774512000,1.1553200000000001,1.15648,1.1522999999999999,1.15239,10833,8,0
2026-03-26T12:00:00Z,1774526400,1.15242,1.15546,1.1522000000000001,1.15409,17982,8,0
2026-03-26T16:00:00Z,1774540800,1.15409,1.15429,1.15212,1.15215,9474,8,0
2026-03-26T20:00:00Z,1774555200,1.15214,1.15586,1.15191,1.1534200000000001,9862,8,0
2026-03-27T00:00:00Z,1774569600,1.1534200000000001,1.15423,1.1524,1.15389,6478,8,0
2026-03-27T04:00:00Z,1774584000,1.15388,1.15459,1.15164,1.15186,6152,8,0
2026-03-27T08:00:00Z,1774598400,1.15183,1.15258,1.15043,1.15074,9963,8,0
2026-03-27T12:00:00Z,1774612800,1.15072,1.15473,1.15016,1.15191,16483,8,0
2026-03-27T16:00:00Z,1774627200,1.15191,1.15288,1.15058,1.15167,11178,8,0
2026-03-27T20:00:00Z,1774641600,1.15167,1.15206,1.15077,1.1508099999999999,2069,8,0
2026-03-29T20:00:00Z,1774814400,1.15013,1.15022,1.1487,1.14913,4284,8,0
2026-03-30T00:00:00Z,1774828800,1.1491500000000001,1.15183,1.14892,1.15152,8176,8,0
2026-03-30T04:00:00Z,1774843200,1.15154,1.15207,1.14935,1.14975,6926,8,0
2026-03-30T08:00:00Z,1774857600,1.14978,1.15,1.14834,1.14845,10564,8,0
2026-03-30T12:00:00Z,1774872000,1.14846,1.14885,1.14428,1.14533,15177,8,0
2026-03-30T16:00:00Z,1774886400,1.14531,1.1466,1.14469,1.14594,8292,8,0
2026-03-30T20:00:00Z,1774900800,1.14592,1.14654,1.1452,1.14563,3405,8,0
2026-03-31T00:00:00Z,1774915200,1.14566,1.14904,1.14467,1.14692,9345,8,0
2026-03-31T04:00:00Z,1774929600,1.14693,1.14739,1.14602,1.14719,7471,8,0
2026-03-31T08:00:00Z,1774944000,1.1472,1.14907,1.1457,1.14907,11141,8,0
2026-03-31T12:00:00Z,1774958400,1.14909,1.15402,1.14868,1.1516899999999999,22084,8,0
2026-03-31T16:00:00Z,1774972800,1.1517,1.1559599999999999,1.15138,1.15584,22700,8,0
2026-03-31T20:00:00Z,1774987200,1.15587,1.15743,1.15501,1.15736,4081,8,0
2026-04-01T00:00:00Z,1775001600,1.15735,1.15784,1.15546,1.15605,7605,8,0
2026-04-01T04:00:00Z,1775016000,1.15604,1.15984,1.15591,1.15816,13239,8,0
2026-04-01T08:00:00Z,1775030400,1.15815,1.16104,1.15771,1.1607,14606,8,0
2026-04-01T12:00:00Z,1775044800,1.16072,1.16268,1.15936,1.16133,23458,8,0
2026-04-01T16:00:00Z,1775059200,1.16131,1.16232,1.15758,1.15836,11188,8,0
2026-04-01T20:00:00Z,1775073600,1.15835,1.15942,1.15825,1.15894,3103,8,0
2026-04-02T00:00:00Z,1775088000,1.15892,1.16052,1.15374,1.15395,18630,8,0
2026-04-02T04:00:00Z,1775102400,1.15396,1.15416,1.15149,1.15321,10963,8,0
2026-04-02T08:00:00Z,1775116800,1.15324,1.15354,1.15086,1.1516899999999999,9302,8,0
2026-04-02T12:00:00Z,1775131200,1.1517,1.15636,1.15164,1.15448,23340,8,0
2026-04-02T16:00:00Z,1775145600,1.1544699999999999,1.1549,1.15327,1.1534200000000001,9898,8,0
2026-04-02T20:00:00Z,1775160000,1.15344,1.15404,1.15319,1.15351,1930,8,0
2026-04-03T00:00:00Z,1775174400,1.15351,1.15398,1.15257,1.15308,2234,120,0
2026-04-03T04:00:00Z,1775188800,1.15308,1.15388,1.15212,1.15344,2102,120,0
2026-04-03T08:00:00Z,1775203200,1.1534200000000001,1.15419,1.15322,1.15418,1987,60,0
2026-04-03T12:00:00Z,1775217600,1.1542,1.15458,1.15177,1.15219,6853,8,0
2026-04-03T16:00:00Z,1775232000,1.15217,1.15222,1.15131,1.15139,3491,8,0
2026-04-03T20:00:00Z,1775246400,1.15138,1.15303,1.15107,1.1514,1322,16,0
2026-04-05T20:00:00Z,1775419200,1.15196,1.15212,1.15049,1.15095,4290,8,0
2026-04-06T00:00:00Z,1775433600,1.15095,1.15283,1.1506,1.15185,6699,8,0
2026-04-06T04:00:00Z,1775448000,1.15185,1.15685,1.15182,1.15641,7395,8,0
2026-04-06T08:00:00Z,1775462400,1.15644,1.15684,1.15372,1.15453,9030,8,0
2026-04-06T12:00:00Z,1775476800,1.15455,1.15713,1.1535199999999999,1.1544,12928,8,0
2026-04-06T16:00:00Z,1775491200,1.1544,1.15521,1.15338,1.15425,8243,8,0
2026-04-06T20:00:00Z,1775505600,1.15426,1.15475,1.15384,1.15405,2544,8,0
2026-04-07T00:00:00Z,1775520000,1.15405,1.15435,1.15238,1.1534,5435,8,0
2026-04-07T04:00:00Z,1775534400,1.15341,1.15457,1.15298,1.15422,6663,8,0
2026-04-07T08:00:00Z,1775548800,1.15422,1.1575199999999999,1.15416,1.15597,16118,8,0
2026-04-07T12:00:00Z,1775563200,1.15599,1.15834,1.15534,1.15709,16595,8,0
2026-04-07T16:00:00Z,1775577600,1.15708,1.16014,1.15661,1.1595,13983,8,0
2026-04-07T20:00:00Z,1775592000,1.15948,1.16904,1.15875,1.16858,20090,8,0
2026-04-08T00:00:00Z,1775606400,1.1686,1.16967,1.16656,1.1670099999999999,17315,8,0
2026-04-08T04:00:00Z,1775620800,1.16703,1.17084,1.16703,1.16952,14819,8,0
2026-04-08T08:00:00Z,1775635200,1.16953,1.17099,1.16686,1.16996,13744,8,0
2026-04-08T12:00:00Z,1775649600,1.16999,1.17214,1.1684,1.16861,21965,8,0
2026-04-08T16:00:00Z,1775664000,1.16858,1.16883,1.16432,1.16673,13535,8,0
2026-04-08T20:00:00Z,1775678400,1.16676,1.1669100000000001,1.16572,1.16587,3483,8,0
2026-04-09T00:00:00Z,1775692800,1.16587,1.1667,1.165,1.16619,6290,8,0
2026-04-09T04:00:00Z,1775707200,1.16619,1.16706,1.1654,1.16626,6799,8,0
2026-04-09T08:00:00Z,1775721600,1.16626,1.16891,1.16593,1.16879,7627,8,0
2026-04-09T12:00:00Z,1775736000,1.16879,1.1706699999999999,1.16737,1.17049,14414,8,0
2026-04-09T16:00:00Z,1775750400,1.17049,1.17231,1.1697,1.17004,9723,8,0
2026-04-09T20:00:00Z,1775764800,1.17003,1.17023,1.16899,1.16913,3179,8,0
2026-04-10T00:00:00Z,1775779200,1.16913,1.16964,1.16853,1.16953,4392,8,0
2026-04-10T04:00:00Z,1775793600,1.16954,1.16963,1.16788,1.1679599999999999,5448,8,0
2026-04-10T08:00:00Z,1775808000,1.16795,1.17184,1.16771,1.17137,9106,8,0
2026-04-10T12:00:00Z,1775822400,1.17136,1.17394,1.1709100000000001,1.17222,14071,8,0
2026-04-10T16:00:00Z,1775836800,1.17221,1.1735,1.17134,1.17271,6899,8,0
2026-04-10T20:00:00Z,1775851200,1.1727,1.17305,1.17214,1.1724999999999999,1110,8,0
2026-04-12T20:00:00Z,1776024000,1.16637,1.1679,1.16632,1.16747,4949,8,0
2026-04-13T00:00:00Z,1776038400,1.16749,1.16899,1.16706,1.16875,5526,8,0
2026-04-13T04:00:00Z,1776052800,1.16876,1.16997,1.16775,1.1696900000000001,6701,8,0
2026-04-13T08:00:00Z,1776067200,1.1696900000000001,1.16995,1.16807,1.16815,7113,8,0
2026-04-13T12:00:00Z,1776081600,1.16817,1.17203,1.16802,1.17092,12821,8,0
2026-04-13T16:00:00Z,1776096000,1.1709100000000001,1.17653,1.17066,1.176,10798,8,0
2026-04-13T20:00:00Z,1776110400,1.176,1.17664,1.17525,1.17662,3038,8,0
2026-04-14T00:00:00Z,1776124800,1.17663,1.17678,1.1756,1.17664,3907,8,0
2026-04-14T04:00:00Z,1776139200,1.17663,1.17964,1.17578,1.17798,7637,8,0
2026-04-14T08:00:00Z,1776153600,1.17797,1.1806,1.17747,1.17993,8264,8,0
2026-04-14T12:00:00Z,1776168000,1.17995,1.1811,1.17873,1.17898,13401,8,0
2026-04-14T16:00:00Z,1776182400,1.17898,1.1799,1.17877,1.17915,5749,8,0
2026-04-14T20:00:00Z,1776196800,1.17917,1.1801599999999999,1.1787,1.1797900000000001,3119,8,0
2026-04-15T00:00:00Z,1776211200,1.17977,1.17982,1.17786,1.17866,5025,8,0
2026-04-15T04:00:00Z,1776225600,1.17866,1.1798899999999999,1.17824,1.17854,6165,8,0
2026-04-15T08:00:00Z,1776240000,1.17852,1.17949,1.17718,1.17825,10086,8,0
2026-04-15T12:00:00Z,1776254400,1.17825,1.1807699999999999,1.17769,1.17976,11257,8,0
2026-04-15T16:00:00Z,1776268800,1.17974,1.18044,1.17922,1.17997,6571,8,0
2026-04-15T20:00:00Z,1776283200,1.17997,1.18075,1.1795,1.18062,2497,8,0
2026-04-16T00:00:00Z,1776297600,1.18064,1.18235,1.17964,1.18126,5313,8,0
2026-04-16T04:00:00Z,1776312000,1.18125,1.18128,1.17907,1.17912,6632,8,0
2026-04-16T08:00:00Z,1776326400,1.17915,1.17936,1.17723,1.17837,7781,8,0
2026-04-16T12:00:00Z,1776340800,1.17838,1.17845,1.17666,1.17816,11757,8,0
2026-04-16T16:00:00Z,1776355200,1.17818,1.17868,1.17679,1.17807,7495,8,0
2026-04-16T20:00:00Z,1776369600,1.17808,1.17869,1.17768,1.1780599999999999,2268,8,0
2026-04-17T00:00:00Z,1776384000,1.17805,1.17848,1.17729,1.17828,4037,8,0
2026-04-17T04:00:00Z,1776398400,1.17828,1.17842,1.17716,1.17819,5597,8,0
2026-04-17T08:00:00Z,1776412800,1.17821,1.17991,1.17803,1.17931,6017,8,0
2026-04-17T12:00:00Z,1776427200,1.17932,1.18486,1.17929,1.18005,24475,8,0
2026-04-17T16:00:00Z,1776441600,1.18003,1.18044,1.17665,1.17689,10536,8,0
2026-04-17T20:00:00Z,1776456000,1.17688,1.17715,1.176,1.17637,1568,8,0
2026-04-19T20:00:00Z,1776628800,1.17391,1.17452,1.17281,1.17386,4198,8,0
2026-04-20T00:00:00Z,1776643200,1.17388,1.17621,1.17366,1.17598,5872,8,0
2026-04-20T04:00:00Z,1776657600,1.17597,1.17716,1.17469,1.17588,8336,8,0
2026-04-20T08:00:00Z,1776672000,1.17586,1.17752,1.1755,1.17666,8123,8,0
2026-04-20T12:00:00Z,1776686400,1.17666,1.1789100000000001,1.17555,1.1783299999999999,14479,8,0
2026-04-20T16:00:00Z,1776700800,1.17837,1.17898,1.17782,1.1785700000000001,6541,8,0
2026-04-20T20:00:00Z,1776715200,1.17855,1.17906,1.17827,1.17836,2542,8,0
2026-04-21T00:00:00Z,1776729600,1.17837,1.1786,1.1773,1.17751,4393,8,0
2026-04-21T04:00:00Z,1776744000,1.17751,1.17818,1.17631,1.1764000000000001,5785,8,0
2026-04-21T08:00:00Z,1776758400,1.17639,1.17682,1.17557,1.17668,7279,8,0
2026-04-21T12:00:00Z,1776772800,1.1767,1.17756,1.17409,1.17509,12260,8,0
2026-04-21T16:00:00Z,1776787200,1.17511,1.17633,1.17185,1.17254,16405,8,0
2026-04-21T20:00:00Z,1776801600,1.17254,1.17531,1.1723,1.17438,7073,8,0
2026-04-22T00:00:00Z,1776816000,1.17436,1.1751,1.17372,1.17381,4904,8,0
2026-04-22T04:00:00Z,1776830400,1.17381,1.17622,1.17379,1.1755,7021,8,0
2026-04-22T08:00:00Z,1776844800,1.1755,1.17587,1.17318,1.17343,7557,8,0
2026-04-22T12:00:00Z,1776859200,1.17342,1.17429,1.17122,1.17131,12303,8,0
2026-04-22T16:00:00Z,1776873600,1.17133,1.17167,1.17046,1.17055,6056,8,0
2026-04-22T20:00:00Z,1776888000,1.17054,1.17086,1.17021,1.17053,2288,8,0
2026-04-23T00:00:00Z,1776902400,1.17055,1.17132,1.1692,1.16953,8934,8,0
2026-04-23T04:00:00Z,1776916800,1.16954,1.17115,1.1694499999999999,1.17018,6207,8,0
2026-04-23T08:00:00Z,1776931200,1.17019,1.17048,1.16788,1.16905,8388,8,0
2026-04-23T12:00:00Z,1776945600,1.16903,1.17161,1.1683,1.17033,13674,8,0
2026-04-23T16:00:00Z,1776960000,1.17031,1.17053,1.16687,1.16862,15572,8,0
2026-04-23T20:00:00Z,1776974400,1.16862,1.16865,1.1674,1.16833,2855,8,0
2026-04-24T00:00:00Z,1776988800,1.16835,1.1689,1.1672500000000001,1.16776,5027,8,0
2026-04-24T04:00:00Z,1777003200,1.16776,1.1693500000000001,1.16757,1.16906,5352,8,0
2026-04-24T08:00:00Z,1777017600,1.16903,1.17182,1.16837,1.17139,9863,8,0
2026-04-24T12:00:00Z,1777032000,1.17141,1.17198,1.16982,1.17171,14107,8,0
2026-04-24T16:00:00Z,1777046400,1.17172,1.1721,1.17108,1.17181,7111,8,0
2026-04-24T20:00:00Z,1777060800,1.17179,1.17225,1.1715200000000001,1.17178,1094,8,0
2026-04-26T20:00:00Z,1777233600,1.16965,1.17095,1.16958,1.17052,1678,8,0
2026-04-27T00:00:00Z,1777248000,1.17054,1.17322,1.17054,1.17292,5317,8,0
2026-04-27T04:00:00Z,1777262400,1.17289,1.17448,1.17164,1.17435,5468,8,0
2026-04-27T08:00:00Z,1777276800,1.17433,1.17507,1.17375,1.17411,6105,8,0
2026-04-27T12:00:00Z,1777291200,1.17412,1.17545,1.1729,1.17305,9702,8,0
2026-04-27T16:00:00Z,1777305600,1.17303,1.17336,1.17185,1.17202,5104,8,0
2026-04-27T20:00:00Z,1777320000,1.17204,1.17231,1.17175,1.17228,1786,8,0
2026-04-28T00:00:00Z,1777334400,1.17228,1.17266,1.17076,1.1713,4761,8,0
2026-04-28T04:00:00Z,1777348800,1.17131,1.17161,1.16856,1.16962,6624,8,0
2026-04-28T08:00:00Z,1777363200,1.16964,1.17073,1.16818,1.16827,8716,8,0
2026-04-28T12:00:00Z,1777377600,1.1683,1.17154,1.16772,1.17131,13595,8,0
2026-04-28T16:00:00Z,1777392000,1.17131,1.17175,1.17051,1.17095,5866,8,0
2026-04-28T20:00:00Z,1777406400,1.17095,1.17179,1.17089,1.17174,1876,8,0
2026-04-29T00:00:00Z,1777420800,1.17175,1.17202,1.17047,1.17055,4683,8,0
2026-04-29T04:00:00Z,1777435200,1.17057,1.17078,1.16962,1.17053,5045,8,0
2026-04-29T08:00:00Z,1777449600,1.1705,1.17094,1.16931,1.17009,6720,8,0
2026-04-29T12:00:00Z,1777464000,1.17007,1.17077,1.1682,1.16941,13099,8,0
2026-04-29T16:00:00Z,1777478400,1.16942,1.16983,1.16609,1.16759,13692,8,0
2026-04-29T20:00:00Z,1777492800,1.16757,1.16861,1.16705,1.1684,3716,8,0
2026-04-30T00:00:00Z,1777507200,1.16843,1.16892,1.16622,1.16656,6869,8,0
2026-04-30T04:00:00Z,1777521600,1.16656,1.16836,1.16547,1.16793,7591,8,0
2026-04-30T08:00:00Z,1777536000,1.16794,1.17192,1.16729,1.17046,18343,8,0
2026-04-30T12:00:00Z,1777550400,1.17044,1.17355,1.16814,1.17279,20702,8,0
2026-04-30T16:00:00Z,1777564800,1.17283,1.17415,1.17217,1.17332,8453,8,0
2026-04-30T20:00:00Z,1777579200,1.1733,1.17361,1.17277,1.1728399999999999,3426,8,0
2026-05-01T00:00:00Z,1777593600,1.17286,1.17361,1.1724,1.1730800000000001,4501,8,0
2026-05-01T04:00:00Z,1777608000,1.1730800000000001,1.17446,1.1718600000000001,1.17342,8124,8,0
2026-05-01T08:00:00Z,1777622400,1.1734499999999999,1.17581,1.17303,1.17509,7705,8,0
2026-05-01T12:00:00Z,1777636800,1.17511,1.17851,1.17437,1.17548,15421,8,0
2026-05-01T16:00:00Z,1777651200,1.17546,1.17569,1.17173,1.17193,8999,8,0
2026-05-01T20:00:00Z,1777665600,1.17193,1.17221,1.17144,1.172,1074,8,0
2026-05-03T20:00:00Z,1777838400,1.17428,1.17462,1.1724700000000001,1.17256,3059,8,0
2026-05-04T00:00:00Z,1777852800,1.17254,1.17385,1.17197,1.1737,6847,8,0
2026-05-04T04:00:00Z,1777867200,1.17372,1.17379,1.17148,1.17174,7099,8,0
2026-05-04T08:00:00Z,1777881600,1.17172,1.17233,1.1688399999999999,1.1693,12055,8,0
2026-05-04T12:00:00Z,1777896000,1.16932,1.17175,1.16916,1.16973,14572,8,0
2026-05-04T16:00:00Z,1777910400,1.16971,1.17018,1.16807,1.1695,10543,8,0
2026-05-04T20:00:00Z,1777924800,1.16948,1.16948,1.16866,1.16912,1999,8,0
2026-05-05T00:00:00Z,1777939200,1.16912,1.16936,1.16794,1.16837,3920,8,0
2026-05-05T04:00:00Z,1777953600,1.16835,1.16962,1.1676199999999999,1.16888,6540,8,0
2026-05-05T08:00:00Z,1777968000,1.16886,1.16975,1.16807,1.16888,7854,8,0
2026-05-05T12:00:00Z,1777982400,1.16887,1.17133,1.16848,1.17064,11696,8,0
2026-05-05T16:00:00Z,1777996800,1.17062,1.17086,1.16937,1.16951,5244,8,0
2026-05-05T20:00:00Z,1778011200,1.16949,1.17251,1.16901,1.17146,3803,8,0
2026-05-06T00:00:00Z,1778025600,1.17148,1.17256,1.1711,1.17174,6342,8,0
2026-05-06T04:00:00Z,1778040000,1.17174,1.17426,1.17159,1.17372,10090,8,0
2026-05-06T08:00:00Z,1778054400,1.17371,1.17965,1.17327,1.17698,15699,8,0
2026-05-06T12:00:00Z,1778068800,1.177,1.177,1.17445,1.17525,14496,8,0
2026-05-06T16:00:00Z,1778083200,1.17524,1.17551,1.17417,1.17474,6763,8,0
2026-05-06T20:00:00Z,1778097600,1.17474,1.1751800000000001,1.17444,1.17477,2255,8,0
2026-05-07T00:00:00Z,1778112000,1.17477,1.1763,1.17461,1.17485,6104,8,0
2026-05-07T04:00:00Z,1778126400,1.17485,1.17682,1.17444,1.17665,7959,8,0
2026-05-07T08:00:00Z,1778140800,1.17667,1.17779,1.1762,1.17694,8486,8,0
2026-05-07T12:00:00Z,1778155200,1.17696,1.17776,1.17627,1.17635,10988,8,0
2026-05-07T16:00:00Z,1778169600,1.17632,1.17656,1.17332,1.17334,12694,8,0
2026-05-07T20:00:00Z,1778184000,1.17336,1.17444,1.17198,1.17302,4649,8,0
2026-05-08T00:00:00Z,1778198400,1.17304,1.17344,1.17242,1.1728,5479,8,0
2026-05-08T04:00:00Z,1778212800,1.1728,1.17477,1.17265,1.17428,6188,8,0
2026-05-08T08:00:00Z,1778227200,1.17426,1.17731,1.17418,1.17649,7157,8,0
2026-05-08T12:00:00Z,1778241600,1.17651,1.1786699999999999,1.17555,1.17725,12633,8,0
2026-05-08T16:00:00Z,1778256000,1.17723,1.17829,1.17702,1.17798,5857,8,0
2026-05-08T20:00:00Z,1778270400,1.17799,1.17876,1.17784,1.17848,876,8,0
2026-05-10T20:00:00Z,1778443200,1.17485,1.17696,1.17468,1.17668,2546,8,0
2026-05-11T00:00:00Z,1778457600,1.17668,1.17715,1.17557,1.17564,4716,8,0
2026-05-11T04:00:00Z,1778472000,1.17565,1.17743,1.17484,1.17714,5027,8,0
2026-05-11T08:00:00Z,1778486400,1.17716,1.17817,1.17632,1.17679,6127,8,0
2026-05-11T12:00:00Z,1778500800,1.17681,1.17875,1.1764000000000001,1.1779600000000001,9252,8,0
2026-05-11T16:00:00Z,1778515200,1.17798,1.178,1.17706,1.17769,4974,8,0
2026-05-11T20:00:00Z,1778529600,1.1777,1.17874,1.17733,1.1778,2296,8,0
2026-05-12T00:00:00Z,1778544000,1.17778,1.17778,1.17544,1.17561,4720,8,0
2026-05-12T04:00:00Z,1778558400,1.17561,1.17676,1.17432,1.17476,7095,8,0
2026-05-12T08:00:00Z,1778572800,1.17477,1.17512,1.17346,1.17434,7905,8,0
2026-05-12T12:00:00Z,1778587200,1.17435,1.17497,1.1721300000000001,1.17321,12294,8,0
2026-05-12T16:00:00Z,1778601600,1.17323,1.17464,1.1727,1.17401,6203,8,0
2026-05-12T20:00:00Z,1778616000,1.17402,1.1741,1.17318,1.17349,2025,8,0
2026-05-13T00:00:00Z,1778630400,1.17349,1.17414,1.17316,1.17342,4285,8,0
2026-05-13T04:00:00Z,1778644800,1.17342,1.17367,1.17068,1.1707,4937,8,0
2026-05-13T08:00:00Z,1778659200,1.17068,1.17168,1.16951,1.17116,6968,8,0
2026-05-13T12:00:00Z,1778673600,1.17116,1.17158,1.1696900000000001,1.17108,10071,8,0
2026-05-13T16:00:00Z,1778688000,1.17106,1.17175,1.17036,1.1709100000000001,5489,8,0
2026-05-13T20:00:00Z,1778702400,1.1709,1.17183,1.17084,1.17153,1973,8,0
2026-05-14T00:00:00Z,1778716800,1.17153,1.17182,1.17092,1.17118,3964,8,0
2026-05-14T04:00:00Z,1778731200,1.17118,1.1721,1.17055,1.17073,5754,8,0
2026-05-14T08:00:00Z,1778745600,1.17073,1.17135,1.16992,1.16994,6451,8,0
2026-05-14T12:00:00Z,1778760000,1.16992,1.17053,1.16713,1.16773,10744,8,0
2026-05-14T16:00:00Z,1778774400,1.16771,1.16811,1.16681,1.16706,6341,8,0
2026-05-14T20:00:00Z,1778788800,1.16706,1.16718,1.16611,1.16616,2610,8,0
2026-05-15T00:00:00Z,1778803200,1.16618,1.1663000000000001,1.16454,1.1651799999999999,5626,8,0
2026-05-15T04:00:00Z,1778817600,1.16517,1.16524,1.16315,1.16361,8215,8,0
2026-05-15T08:00:00Z,1778832000,1.16364,1.1655,1.1617,1.16314,10430,8,0
2026-05-15T12:00:00Z,1778846400,1.16312,1.16376,1.16185,1.16261,12323,8,0
2026-05-15T16:00:00Z,1778860800,1.16262,1.16352,1.16164,1.16211,6450,8,0
2026-05-15T20:00:00Z,1778875200,1.16208,1.16254,1.16189,1.16246,854,8,0
2026-05-17T20:00:00Z,1779048000,1.16167,1.16241,1.16115,1.16134,2211,8,0
2026-05-18T00:00:00Z,1779062400,1.16136,1.16221,1.16078,1.16214,6764,8,0
2026-05-18T04:00:00Z,1779076800,1.16214,1.16399,1.16165,1.16317,6934,8,0
2026-05-18T08:00:00Z,1779091200,1.16315,1.16492,1.16261,1.16414,8294,8,0
2026-05-18T12:00:00Z,1779105600,1.16415,1.16568,1.16329,1.1648,13435,8,0
2026-05-18T16:00:00Z,1779120000,1.16482,1.16562,1.16284,1.16507,10095,8,0
2026-05-18T20:00:00Z,1779134400,1.16506,1.16612,1.1648,1.16545,2775,8,0
2026-05-19T00:00:00Z,1779148800,1.16545,1.16557,1.16402,1.16409,5817,8,0
2026-05-19T04:00:00Z,1779163200,1.16411,1.16452,1.16297,1.16344,6576,8,0
2026-05-19T08:00:00Z,1779177600,1.16346,1.16358,1.1610800000000001,1.16163,8369,8,0
2026-05-19T12:00:00Z,1779192000,1.16161,1.16236,1.15917,1.16016,13909,8,0
2026-05-19T16:00:00Z,1779206400,1.16018,1.16144,1.15955,1.1606,6855,8,0
2026-05-19T20:00:00Z,1779220800,1.16061,1.16125,1.16017,1.16064,2063,8,0
2026-05-20T00:00:00Z,1779235200,1.16062,1.16101,1.15932,1.16018,6694,8,0
2026-05-20T04:00:00Z,1779249600,1.16019,1.16065,1.15913,1.15929,6820,8,0
2026-05-20T08:00:00Z,1779264000,1.15928,1.1605,1.15829,1.16006,7072,8,0
2026-05-20T12:00:00Z,1779278400,1.16005,1.16449,1.15822,1.1619,18081,8,0
2026-05-20T16:00:00Z,1779292800,1.16189,1.16353,1.16158,1.16276,9493,8,0
2026-05-20T20:00:00Z,1779307200,1.1627399999999999,1.16282,1.16216,1.16245,2878,8,0
2026-05-21T00:00:00Z,1779321600,1.16245,1.16348,1.16153,1.16186,5508,8,0
2026-05-21T04:00:00Z,1779336000,1.16186,1.16265,1.15937,1.1607,6969,8,0
2026-05-21T08:00:00Z,1779350400,1.16068,1.16354,1.15956,1.15987,12086,8,0
2026-05-21T12:00:00Z,1779364800,1.15987,1.16086,1.15758,1.15881,15119,8,0
2026-05-21T16:00:00Z,1779379200,1.15883,1.16297,1.15842,1.16208,13450,8,0
2026-05-21T20:00:00Z,1779393600,1.1621,1.16224,1.16133,1.16173,2416,8,0
2026-05-22T00:00:00Z,1779408000,1.16173,1.16174,1.16083,1.16116,3834,8,0
2026-05-22T04:00:00Z,1779422400,1.16116,1.16167,1.1601,1.1608100000000001,5087,8,0
2026-05-22T08:00:00Z,1779436800,1.1608,1.16154,1.15929,1.1596,6773,8,0
2026-05-22T12:00:00Z,1779451200,1.1596,1.1618,1.15879,1.16024,12179,8,0
2026-05-22T16:00:00Z,1779465600,1.16025,1.16188,1.15992,1.16055,7400,8,0
2026-05-22T20:00:00Z,1779480000,1.1605699999999999,1.16064,1.15978,1.1602000000000001,916,8,0
2026-05-24T20:00:00Z,1779652800,1.1622,1.1645699999999999,1.1622,1.16414,2520,8,0
2026-05-25T00:00:00Z,1779667200,1.16412,1.16486,1.16351,1.1637,5223,8,0
2026-05-25T04:00:00Z,1779681600,1.1637,1.16449,1.16293,1.1637,5229,8,0
2026-05-25T08:00:00Z,1779696000,1.16372,1.16505,1.16326,1.16437,4256,8,0
2026-05-25T12:00:00Z,1779710400,1.16439,1.16525,1.1638,1.1642000000000001,5755,8,0
2026-05-25T16:00:00Z,1779724800,1.16418,1.16437,1.16363,1.16419,2329,8,0
2026-05-25T20:00:00Z,1779739200,1.16421,1.16433,1.16339,1.16356,2348,8,0
2026-05-26T00:00:00Z,1779753600,1.16358,1.16395,1.1630099999999999,1.16355,3989,8,0
2026-05-26T04:00:00Z,1779768000,1.16354,1.16399,1.16237,1.16367,4888,8,0
2026-05-26T08:00:00Z,1779782400,1.1637,1.16449,1.16322,1.16345,6747,8,0
2026-05-26T12:00:00Z,1779796800,1.16343,1.16364,1.1616,1.16187,9214,8,0
2026-05-26T16:00:00Z,1779811200,1.1619,1.16323,1.1619,1.16316,4600,8,0
2026-05-26T20:00:00Z,1779825600,1.16313,1.16395,1.16253,1.16361,2381,8,0
2026-05-27T00:00:00Z,1779840000,1.16361,1.1642000000000001,1.16323,1.16383,4283,8,0
2026-05-27T04:00:00Z,1779854400,1.16381,1.1649,1.16369,1.16404,5073,8,0
2026-05-27T08:00:00Z,1779868800,1.16406,1.16483,1.16326,1.16373,6249,8,0
2026-05-27T12:00:00Z,1779883200,1.16375,1.16611,1.16221,1.1629800000000001,16783,8,0
2026-05-27T16:00:00Z,1779897600,1.163,1.16327,1.16219,1.16287,5504,8,0
2026-05-27T20:00:00Z,1779912000,1.16284,1.16303,1.16157,1.16171,2601,8,0
2026-05-28T00:00:00Z,1779926400,1.1616900000000001,1.16232,1.15866,1.15866,5582,8,0
2026-05-28T04:00:00Z,1779940800,1.15866,1.16174,1.15859,1.16112,6243,8,0
2026-05-28T08:00:00Z,1779955200,1.16115,1.16223,1.16032,1.16168,6580,8,0
2026-05-28T12:00:00Z,1779969600,1.16168,1.16575,1.1615199999999999,1.16477,15542,8,0
2026-05-28T16:00:00Z,1779984000,1.16477,1.16609,1.16453,1.16476,6578,8,0
2026-05-28T20:00:00Z,1779998400,1.16473,1.16528,1.16446,1.16521,2352,8,0
2026-05-29T00:00:00Z,1780012800,1.16521,1.16562,1.16355,1.16369,4420,8,0
2026-05-29T04:00:00Z,1780027200,1.16367,1.1654,1.1634,1.16418,5162,8,0
2026-05-29T08:00:00Z,1780041600,1.16416,1.16479,1.16247,1.16472,6974,8,0
2026-05-29T12:00:00Z,1780056000,1.16473,1.16854,1.16401,1.16776,12244,8,0
2026-05-29T16:00:00Z,1780070400,1.16776,1.16788,1.16602,1.16645,6519,8,0
2026-05-29T20:00:00Z,1780084800,1.16647,1.16647,1.16584,1.16601,832,8,0
2026-05-31T20:00:00Z,1780257600,1.16535,1.16602,1.16482,1.16483,1971,8,0
2026-06-01T00:00:00Z,1780272000,1.16483,1.16533,1.16413,1.16434,4241,8,0
2026-06-01T04:00:00Z,1780286400,1.16434,1.16644,1.1643,1.16563,5265,8,0
2026-06-01T08:00:00Z,1780300800,1.16565,1.1660300000000001,1.16412,1.16459,5638,8,0
2026-06-01T12:00:00Z,1780315200,1.16459,1.16503,1.16064,1.16226,13874,8,0
2026-06-01T16:00:00Z,1780329600,1.16228,1.16377,1.16161,1.16314,6456,8,0
2026-06-01T20:00:00Z,1780344000,1.16312,1.1635900000000001,1.16287,1.16349,1837,8,0
2026-06-02T00:00:00Z,1780358400,1.16349,1.16365,1.16282,1.16337,3721,8,0
2026-06-02T04:00:00Z,1780372800,1.16337,1.1651799999999999,1.16336,1.16483,4728,8,0
2026-06-02T08:00:00Z,1780387200,1.16485,1.16525,1.1638,1.16489,5121,8,0
2026-06-02T12:00:00Z,1780401600,1.16492,1.16552,1.16351,1.16401,8347,8,0
2026-06-02T16:00:00Z,1780416000,1.16401,1.16408,1.1613,1.1632,4839,8,0
2026-06-02T20:00:00Z,1780430400,1.16319,1.16344,1.16193,1.1621,2509,8,0
2026-06-03T00:00:00Z,1780444800,1.16209,1.1633,1.162,1.16272,3660,8,0
2026-06-03T04:00:00Z,1780459200,1.16272,1.16278,1.1612,1.16159,5497,8,0
2026-06-03T08:00:00Z,1780473600,1.16156,1.16224,1.1604700000000001,1.16174,6771,8,0
2026-06-03T12:00:00Z,1780488000,1.16177,1.16183,1.15944,1.16043,11023,8,0
2026-06-03T16:00:00Z,1780502400,1.16045,1.16046,1.15948,1.15977,4967,8,0
2026-06-03T20:00:00Z,1780516800,1.15979,1.1611799999999999,1.15942,1.16086,2886,8,0
2026-06-04T00:00:00Z,1780531200,1.16088,1.16122,1.16022,1.16056,4432,8,0
2026-06-04T04:00:00Z,1780545600,1.16055,1.16145,1.15983,1.16037,5353,8,0
2026-06-04T08:00:00Z,1780560000,1.16036,1.1644700000000001,1.16031,1.16414,7834,8,0
2026-06-04T12:00:00Z,1780574400,1.16412,1.16448,1.1622,1.16278,8120,8,0
2026-06-04T16:00:00Z,1780588800,1.16278,1.16295,1.16102,1.16123,3518,8,0
2026-06-04T20:00:00Z,1780603200,1.16124,1.16138,1.16074,1.1612,1931,8,0
2026-06-05T00:00:00Z,1780617600,1.1611799999999999,1.16163,1.16095,1.16145,3922,8,0
2026-06-05T04:00:00Z,1780632000,1.16145,1.16367,1.16125,1.16317,4507,8,0
2026-06-05T08:00:00Z,1780646400,1.16315,1.1644,1.16315,1.1641,5714,8,0
2026-06-05T12:00:00Z,1780660800,1.16412,1.16426,1.15313,1.15323,19315,8,0
2026-06-05T16:00:00Z,1780675200,1.15324,1.15327,1.15181,1.1525,8731,8,0
2026-06-05T20:00:00Z,1780689600,1.1525,1.15256,1.15166,1.15221,1184,8,0
2026-06-07T20:00:00Z,1780862400,1.15119,1.15226,1.15068,1.15215,2884,8,0
2026-06-08T00:00:00Z,1780876800,1.15215,1.15343,1.15115,1.15318,7305,8,0
2026-06-08T04:00:00Z,1780891200,1.15318,1.15394,1.15133,1.15162,8624,8,0
2026-06-08T08:00:00Z,1780905600,1.15163,1.15434,1.14995,1.1536,11921,8,0
2026-06-08T12:00:00Z,1780920000,1.1536,1.15543,1.1531500000000001,1.1543700000000001,12100,8,0
2026-06-08T16:00:00Z,1780934400,1.15436,1.15458,1.15273,1.15305,6361,8,0
2026-06-08T20:00:00Z,1780948800,1.15305,1.15363,1.15276,1.15279,2311,8,0
2026-06-09T00:00:00Z,1780963200,1.15277,1.154,1.15267,1.15377,4763,8,0
2026-06-09T04:00:00Z,1780977600,1.15377,1.15531,1.15367,1.15388,6363,8,0
2026-06-09T08:00:00Z,1780992000,1.15387,1.15739,1.15361,1.15721,6172,8,0
2026-06-09T12:00:00Z,1781006400,1.15723,1.15775,1.15454,1.15549,11379,8,0
2026-06-09T16:00:00Z,1781020800,1.15545,1.1557,1.15282,1.15412,11555,8,0
2026-06-09T20:00:00Z,1781035200,1.15411,1.15452,1.15322,1.15344,2705,8,0
2026-06-10T00:00:00Z,1781049600,1.15343,1.15518,1.1533,1.1549800000000001,6484,8,0
2026-06-10T04:00:00Z,1781064000,1.1549800000000001,1.15583,1.1544,1.15534,6316,8,0
2026-06-10T08:00:00Z,1781078400,1.15533,1.15594,1.15353,1.15362,9633,8,0
2026-06-10T12:00:00Z,1781092800,1.15364,1.15728,1.1534,1.1549,15583,8,0
2026-06-10T16:00:00Z,1781107200,1.1549,1.1559,1.15407,1.15411,8583,8,0
2026-06-10T20:00:00Z,1781121600,1.15409,1.15412,1.15253,1.15348,4503,8,0
2026-06-11T00:00:00Z,1781136000,1.1535,1.15556,1.1535,1.15449,6619,8,0
2026-06-11T04:00:00Z,1781150400,1.15449,1.15552,1.15399,1.1544699999999999,6185,8,0
2026-06-11T08:00:00Z,1781164800,1.15445,1.1545,1.15227,1.1538,7380,8,0
2026-06-11T12:00:00Z,1781179200,1.15379,1.1543,1.15136,1.15143,15633,8,0
2026-06-11T16:00:00Z,1781193600,1.15144,1.15894,1.15026,1.15783,19302,8,0
2026-06-11T20:00:00Z,1781208000,1.15782,1.15861,1.15727,1.15751,4027,8,0
2026-06-12T00:00:00Z,1781222400,1.15753,1.15762,1.15613,1.15716,6702,8,0
2026-06-12T04:00:00Z,1781236800,1.1571799999999999,1.15749,1.15567,1.15663,7664,8,0
2026-06-12T08:00:00Z,1781251200,1.15665,1.15893,1.15649,1.15711,10401,8,0
2026-06-12T12:00:00Z,1781265600,1.15711,1.15832,1.15598,1.15727,13285,8,0
2026-06-12T16:00:00Z,1781280000,1.15725,1.15782,1.15683,1.15712,6776,8,0
2026-06-12T20:00:00Z,1781294400,1.1571,1.1571500000000001,1.1565,1.15668,894,8,0
2026-06-14T20:00:00Z,1781467200,1.1572,1.16171,1.15711,1.16026,4180,8,0
2026-06-15T00:00:00Z,1781481600,1.16024,1.16113,1.15938,1.16038,5148,8,0
2026-06-15T04:00:00Z,1781496000,1.16038,1.16217,1.16005,1.16059,6682,8,0
2026-06-15T08:00:00Z,1781510400,1.1605699999999999,1.16141,1.15968,1.16088,6859,8,0
2026-06-15T12:00:00Z,1781524800,1.16085,1.16201,1.15963,1.1598,8915,8,0
2026-06-15T16:00:00Z,1781539200,1.15981,1.1604700000000001,1.15842,1.1585,5322,8,0
2026-06-15T20:00:00Z,1781553600,1.15848,1.15934,1.15834,1.1590799999999999,2404,8,0
2026-06-16T00:00:00Z,1781568000,1.15906,1.15946,1.15824,1.1586,4334,8,0
2026-06-16T04:00:00Z,1781582400,1.15861,1.15953,1.15744,1.15953,5821,8,0
2026-06-16T08:00:00Z,1781596800,1.15955,1.16125,1.15927,1.15988,6505,8,0
2026-06-16T12:00:00Z,1781611200,1.15988,1.16183,1.15875,1.16136,9663,8,0
2026-06-16T16:00:00Z,1781625600,1.16138,1.16196,1.16056,1.1608,5370,8,0
2026-06-16T20:00:00Z,1781640000,1.16079,1.16145,1.16051,1.16095,2213,8,0
2026-06-17T00:00:00Z,1781654400,1.16095,1.16163,1.1608,1.16099,3122,8,0
2026-06-17T04:00:00Z,1781668800,1.16099,1.16147,1.16035,1.16082,4677,8,0
2026-06-17T08:00:00Z,1781683200,1.16079,1.16079,1.15851,1.15911,5606,8,0
2026-06-17T12:00:00Z,1781697600,1.15913,1.16025,1.15805,1.15923,8565,8,0
2026-06-17T16:00:00Z,1781712000,1.1592500000000001,1.1596,1.14776,1.14937,27580,8,0
2026-06-17T20:00:00Z,1781726400,1.14939,1.15082,1.14866,1.15063,4108,8,0
2026-06-18T00:00:00Z,1781740800,1.15065,1.15239,1.15065,1.15229,5745,8,0
2026-06-18T04:00:00Z,1781755200,1.1522999999999999,1.1528,1.15062,1.15124,7787,8,0
2026-06-18T08:00:00Z,1781769600,1.15124,1.15137,1.14539,1.1457,12746,8,0
2026-06-18T12:00:00Z,1781784000,1.1457,1.1487,1.1453,1.1469,15186,8,0
2026-06-18T16:00:00Z,1781798400,1.14691,1.14731,1.14508,1.14571,8383,8,0
2026-06-18T20:00:00Z,1781812800,1.14572,1.1463,1.14536,1.14581,2672,8,0
2026-06-19T00:00:00Z,1781827200,1.14581,1.14652,1.14415,1.1442,4862,8,0
2026-06-19T04:00:00Z,1781841600,1.14422,1.14487,1.14173,1.14458,8906,8,0
2026-06-19T08:00:00Z,1781856000,1.14461,1.14675,1.14459,1.14607,7041,8,0
2026-06-19T12:00:00Z,1781870400,1.14609,1.1476,1.14565,1.1464699999999999,8358,8,0
2026-06-19T16:00:00Z,1781884800,1.1464699999999999,1.1480299999999999,1.14616,1.14755,3292,8,0
2026-06-19T20:00:00Z,1781899200,1.14757,1.1477,1.14654,1.14685,1728,8,0
2026-06-21T20:00:00Z,1782072000,1.14606,1.1467100000000001,1.14544,1.14619,2307,8,0
2026-06-22T00:00:00Z,1782086400,1.14621,1.1473200000000001,1.14541,1.14561,5766,8,0
2026-06-22T04:00:00Z,1782100800,1.14561,1.1463,1.14438,1.14456,6965,8,0
2026-06-22T08:00:00Z,1782115200,1.14455,1.14633,1.14412,1.14483,9030,8,0
2026-06-22T12:00:00Z,1782129600,1.14483,1.14616,1.14252,1.14316,14753,8,0
2026-06-22T16:00:00Z,1782144000,1.14318,1.1433200000000001,1.14187,1.14245,5486,8,0
2026-06-22T20:00:00Z,1782158400,1.14247,1.14291,1.14241,1.14267,1987,8,0
2026-06-23T00:00:00Z,1782172800,1.14266,1.14314,1.1418300000000001,1.14293,4682,8,0
2026-06-23T04:00:00Z,1782187200,1.14294,1.14386,1.14093,1.14113,7614,8,0
2026-06-23T08:00:00Z,1782201600,1.14115,1.1417,1.1384,1.13853,8405,8,0
2026-06-23T12:00:00Z,1782216000,1.1385399999999999,1.13997,1.13751,1.13824,11948,8,0
2026-06-23T16:00:00Z,1782230400,1.13825,1.13835,1.13757,1.13786,5168,8,0
2026-06-23T20:00:00Z,1782244800,1.13787,1.13832,1.13774,1.13788,2374,8,0
2026-06-24T00:00:00Z,1782259200,1.13788,1.13819,1.1360999999999999,1.13669,5941,8,0
2026-06-24T04:00:00Z,1782273600,1.13668,1.13748,1.13509,1.13513,6837,8,0
2026-06-24T08:00:00Z,1782288000,1.13513,1.13554,1.13366,1.134,9696,8,0
2026-06-24T12:00:00Z,1782302400,1.13399,1.13617,1.13242,1.13475,14456,8,0
2026-06-24T16:00:00Z,1782316800,1.13477,1.13675,1.13465,1.13531,7599,8,0
2026-06-24T20:00:00Z,1782331200,1.1353,1.1360000000000001,1.1352,1.13535,2758,8,0
2026-06-25T00:00:00Z,1782345600,1.13535,1.13707,1.13473,1.13696,5369,8,0
2026-06-25T04:00:00Z,1782360000,1.13696,1.13705,1.1344400000000001,1.13587,6445,8,0
2026-06-25T08:00:00Z,1782374400,1.13589,1.13736,1.13329,1.13373,7686,8,0
2026-06-25T12:00:00Z,1782388800,1.13375,1.13877,1.1336,1.13839,16056,8,0
2026-06-25T16:00:00Z,1782403200,1.13841,1.13861,1.1368,1.13721,7023,8,0
2026-06-25T20:00:00Z,1782417600,1.1372200000000001,1.13741,1.13599,1.13612,3290,8,0
2026-06-26T00:00:00Z,1782432000,1.13612,1.13713,1.1353900000000001,1.13712,5733,8,0
2026-06-26T04:00:00Z,1782446400,1.13713,1.13885,1.13682,1.13863,6969,8,0
2026-06-26T08:00:00Z,1782460800,1.13861,1.14117,1.13827,1.13979,9766,8,0
2026-06-26T12:00:00Z,1782475200,1.13978,1.14336,1.13918,1.14025,14552,8,0
2026-06-26T16:00:00Z,1782489600,1.1402700000000001,1.1403,1.13806,1.13864,6190,8,0
2026-06-26T20:00:00Z,1782504000,1.13867,1.13916,1.13809,1.13849,1470,8,0
2026-06-28T20:00:00Z,1782676800,1.13809,1.13873,1.13799,1.13851,1569,8,0
2026-06-29T00:00:00Z,1782691200,1.13851,1.13929,1.13829,1.1383,5334,8,0
2026-06-29T04:00:00Z,1782705600,1.13829,1.14146,1.13806,1.14021,6313,8,0
2026-06-29T08:00:00Z,1782720000,1.14024,1.14112,1.13924,1.14084,7548,8,0
2026-06-29T12:00:00Z,1782734400,1.14084,1.14247,1.14002,1.14232,11200,8,0
2026-06-29T16:00:00Z,1782748800,1.14234,1.14303,1.1421000000000001,1.14252,4959,8,0
2026-06-29T20:00:00Z,1782763200,1.14253,1.14272,1.14188,1.14188,1857,8,0
2026-06-30T00:00:00Z,1782777600,1.14188,1.14202,1.13967,1.13982,5553,8,0
2026-06-30T04:00:00Z,1782792000,1.13983,1.1409,1.13821,1.13983,7050,8,0
2026-06-30T08:00:00Z,1782806400,1.13981,1.14025,1.13831,1.13927,8590,8,0
2026-06-30T12:00:00Z,1782820800,1.13929,1.14364,1.13883,1.14168,13693,8,0
2026-06-30T16:00:00Z,1782835200,1.14168,1.14267,1.14118,1.14262,5670,8,0
2026-06-30T20:00:00Z,1782849600,1.14259,1.14269,1.1412200000000001,1.14128,2012,8,0
2026-07-01T00:00:00Z,1782864000,1.14128,1.14139,1.14013,1.14039,4737,8,0
2026-07-01T04:00:00Z,1782878400,1.1404,1.14103,1.13928,1.14019,5803,8,0
2026-07-01T08:00:00Z,1782892800,1.14017,1.14035,1.13843,1.13853,7112,8,0
2026-07-01T12:00:00Z,1782907200,1.1385399999999999,1.14116,1.13614,1.13836,18415,8,0
2026-07-01T16:00:00Z,1782921600,1.13837,1.13937,1.13751,1.13786,6979,8,0
2026-07-01T20:00:00Z,1782936000,1.1378300000000001,1.13794,1.13736,1.13772,1720,8,0
2026-07-02T00:00:00Z,1782950400,1.13772,1.1388099999999999,1.13746,1.13819,4504,8,0
2026-07-02T04:00:00Z,1782964800,1.1381999999999999,1.1408800000000001,1.13811,1.14074,7467,8,0
2026-07-02T08:00:00Z,1782979200,1.14073,1.14207,1.14002,1.1403699999999999,8917,8,0
2026-07-02T12:00:00Z,1782993600,1.14035,1.14723,1.13952,1.1447,24606,8,0
2026-07-02T16:00:00Z,1783008000,1.14472,1.14479,1.1426,1.1430500000000001,7252,8,0
2026-07-02T20:00:00Z,1783022400,1.14303,1.14353,1.14217,1.14222,2350,8,0
2026-07-03T00:00:00Z,1783036800,1.1421999999999999,1.14444,1.14203,1.14407,5705,8,0
2026-07-03T04:00:00Z,1783051200,1.14408,1.14619,1.14388,1.14541,6513,8,0
2026-07-03T08:00:00Z,1783065600,1.14544,1.14574,1.14401,1.14502,6126,8,0
2026-07-03T12:00:00Z,1783080000,1.14504,1.1452499999999999,1.14345,1.14369,6066,8,0
2026-07-03T16:00:00Z,1783094400,1.14368,1.14418,1.14351,1.14361,2942,8,0
2026-07-03T20:00:00Z,1783108800,1.14361,1.14374,1.14333,1.14356,1061,8,0
2026-07-05T20:00:00Z,1783281600,1.14347,1.14381,1.14326,1.14365,1554,8,0
2026-07-06T00:00:00Z,1783296000,1.14364,1.14407,1.1427100000000001,1.1431499999999999,5160,8,0
2026-07-06T04:00:00Z,1783310400,1.14313,1.14338,1.14164,1.14262,6134,8,0
2026-07-06T08:00:00Z,1783324800,1.14262,1.14269,1.14094,1.14148,6753,8,0
2026-07-06T12:00:00Z,1783339200,1.1415,1.14257,1.14081,1.14251,8589,8,0
2026-07-06T16:00:00Z,1783353600,1.14252,1.14445,1.14247,1.14406,4581,8,0
2026-07-06T20:00:00Z,1783368000,1.14404,1.14476,1.14377,1.14411,1944,8,0
2026-07-07T00:00:00Z,1783382400,1.1441,1.1447,1.14357,1.14364,4777,8,0
2026-07-07T04:00:00Z,1783396800,1.1436600000000001,1.14388,1.14245,1.14249,5577,8,0
2026-07-07T08:00:00Z,1783411200,1.14249,1.1439,1.1423,1.14322,6660,8,0
2026-07-07T12:00:00Z,1783425600,1.14321,1.14419,1.14217,1.14224,9842,8,0
2026-07-07T16:00:00Z,1783440000,1.14226,1.14295,1.14078,1.14163,6816,8,0
2026-07-07T20:00:00Z,1783454400,1.1416,1.14169,1.13973,1.1401,3113,8,0
2026-07-08T00:00:00Z,1783468800,1.14012,1.1416,1.13982,1.1414,5540,8,0
2026-07-08T04:00:00Z,1783483200,1.14139,1.14313,1.14107,1.14254,7070,8,0
2026-07-08T08:00:00Z,1783497600,1.14254,1.14274,1.13929,1.13981,14809,8,0
2026-07-08T12:00:00Z,1783512000,1.13979,1.14134,1.13908,1.1395,12471,8,0
2026-07-08T16:00:00Z,1783526400,1.13952,1.14299,1.1394199999999999,1.1427100000000001,7747,8,0
2026-07-08T20:00:00Z,1783540800,1.1427100000000001,1.14275,1.14117,1.14209,2212,8,0
2026-07-09T00:00:00Z,1783555200,1.14211,1.143,1.14197,1.14266,4601,8,0
2026-07-09T04:00:00Z,1783569600,1.14266,1.1449,1.14229,1.14354,6333,8,0
2026-07-09T08:00:00Z,1783584000,1.14352,1.14378,1.14207,1.1429,7080,8,0
2026-07-09T12:00:00Z,1783598400,1.14293,1.14455,1.14222,1.14382,9501,8,0
2026-07-09T16:00:00Z,1783612800,1.14387,1.1441,1.14252,1.14274,4566,8,0
2026-07-09T20:00:00Z,1783627200,1.14272,1.14335,1.1427,1.14329,1477,8,0
2026-07-10T00:00:00Z,1783641600,1.14329,1.14603,1.14299,1.14492,6818,8,0
2026-07-10T04:00:00Z,1783656000,1.1449,1.1449,1.14353,1.1437,6056,8,0
2026-07-10T08:00:00Z,1783670400,1.14369,1.14418,1.14262,1.1430500000000001,7059,8,0
2026-07-10T12:00:00Z,1783684800,1.14307,1.14415,1.14113,1.14371,11387,8,0
2026-07-10T16:00:00Z,1783699200,1.14373,1.14409,1.14114,1.14155,5710,8,0
2026-07-10T20:00:00Z,1783713600,1.14153,1.14178,1.14113,1.14143,771,8,0
2026-07-12T20:00:00Z,1783886400,1.13997,1.14045,1.13879,1.1403699999999999,2729,8,0
2026-07-13T00:00:00Z,1783900800,1.14039,1.1405,1.1384,1.13984,6287,8,0
2026-07-13T04:00:00Z,1783915200,1.13983,1.14257,1.13955,1.14241,8025,8,0
2026-07-13T08:00:00Z,1783929600,1.14243,1.1445400000000001,1.14236,1.1427100000000001,9131,8,0
2026-07-13T12:00:00Z,1783944000,1.1427,1.14329,1.13961,1.14012,12118,8,0
2026-07-13T16:00:00Z,1783958400,1.14013,1.14023,1.13814,1.13831,7614,8,0
2026-07-13T20:00:00Z,1783972800,1.13832,1.13853,1.13768,1.13831,2448,8,0
2026-07-14T00:00:00Z,1783987200,1.13833,1.13962,1.13779,1.13931,6374,8,0
2026-07-14T04:00:00Z,1784001600,1.13931,1.13972,1.13837,1.13952,6622,8,0
2026-07-14T08:00:00Z,1784016000,1.13955,1.14089,1.13895,1.1406100000000001,7905,8,0
2026-07-14T12:00:00Z,1784030400,1.1406100000000001,1.14621,1.14035,1.14268,21956,8,0
2026-07-14T16:00:00Z,1784044800,1.1427100000000001,1.1434,1.14157,1.14198,6923,8,0
2026-07-14T20:00:00Z,1784059200,1.142,1.14246,1.14167,1.14241,2371,8,0
2026-07-15T00:00:00Z,1784073600,1.14242,1.14419,1.14235,1.14375,5006,8,0
2026-07-15T04:00:00Z,1784088000,1.14377,1.14436,1.14195,1.14231,6078,8,0
2026-07-15T08:00:00Z,1784102400,1.14233,1.1427100000000001,1.14096,1.14114,7500,8,0
2026-07-15T12:00:00Z,1784116800,1.14115,1.14411,1.14058,1.1435,12404,8,0
2026-07-15T16:00:00Z,1784131200,1.14348,1.14821,1.143,1.14636,9844,8,0
2026-07-15T20:00:00Z,1784145600,1.14634,1.14705,1.14606,1.14693,2230,8,0
2026-07-16T00:00:00Z,1784160000,1.14693,1.14743,1.14598,1.14661,5175,8,0
2026-07-16T04:00:00Z,1784174400,1.14661,1.1476,1.14618,1.14689,5827,8,0
2026-07-16T08:00:00Z,1784188800,1.14687,1.14714,1.14562,1.1468099999999999,7378,8,0
2026-07-16T12:00:00Z,1784203200,1.1468099999999999,1.14703,1.14363,1.14465,11016,8,0
2026-07-16T16:00:00Z,1784217600,1.14465,1.14467,1.14307,1.144,5495,8,0
2026-07-16T20:00:00Z,1784232000,1.14398,1.14461,1.14381,1.14448,1781,8,0
2026-07-17T00:00:00Z,1784246400,1.14449,1.14476,1.14354,1.14387,4382,8,0
2026-07-17T04:00:00Z,1784260800,1.14389,1.14519,1.14343,1.14445,5519,8,0
2026-07-17T08:00:00Z,1784275200,1.14448,1.14474,1.14241,1.14298,7722,8,0
2026-07-17T12:00:00Z,1784289600,1.143,1.1444,1.14242,1.14396,9380,8,0
2026-07-17T16:00:00Z,1784304000,1.14397,1.14411,1.14329,1.14404,4768,8,0
2026-07-17T20:00:00Z,1784318400,1.14406,1.1442,1.1436,1.14373,637,8,0
2026-07-19T20:00:00Z,1784491200,1.14253,1.1431,1.14234,1.1427,2190,8,0
2026-07-20T00:00:00Z,1784505600,1.1427100000000001,1.14424,1.1426,1.14414,4406,8,0
2026-07-20T04:00:00Z,1784520000,1.14414,1.14493,1.14338,1.14438,5331,8,0
2026-07-20T08:00:00Z,1784534400,1.14439,1.14452,1.14272,1.14291,6648,8,0
2026-07-20T12:00:00Z,1784548800,1.14292,1.14299,1.14021,1.14111,9065,8,0
2026-07-20T16:00:00Z,1784563200,1.1411,1.14185,1.1407,1.14152,4822,8,0
2026-07-20T20:00:00Z,1784577600,1.14152,1.14165,1.14078,1.14154,1765,8,0
2026-07-21T00:00:00Z,1784592000,1.14154,1.14179,1.14086,1.1412200000000001,3901,8,0
2026-07-21T04:00:00Z,1784606400,1.1412,1.14273,1.14118,1.14224,4901,8,0
2026-07-21T08:00:00Z,1784620800,1.14225,1.14284,1.14162,1.14187,5961,8,0
2026-07-21T12:00:00Z,1784635200,1.14187,1.14201,1.14022,1.14069,8793,8,0
2026-07-21T16:00:00Z,1784649600,1.14071,1.14104,1.13982,1.14012,3890,8,0
2026-07-21T20:00:00Z,1784664000,1.14013,1.14028,1.13949,1.14019,1537,8,0
2026-07-22T00:00:00Z,1784678400,1.14021,1.14096,1.13984,1.14069,4124,8,0
2026-07-22T04:00:00Z,1784692800,1.14069,1.14178,1.1403,1.14089,5380,8,0
2026-07-22T08:00:00Z,1784707200,1.1408800000000001,1.14131,1.14002,1.1406399999999999,6763,8,0
2026-07-22T12:00:00Z,1784721600,1.14066,1.14213,1.14036,1.14132,8517,8,0
2026-07-22T16:00:00Z,1784736000,1.14132,1.14138,1.14058,1.14108,4067,8,0
2026-07-22T20:00:00Z,1784750400,1.14108,1.14123,1.14046,1.14108,1985,8,0
2026-07-23T00:00:00Z,1784764800,1.1411,1.14304,1.14101,1.14286,4436,8,0
2026-07-23T04:00:00Z,1784779200,1.14286,1.14354,1.14195,1.14241,5678,8,0
2026-07-23T08:00:00Z,1784793600,1.14242,1.14248,1.13829,1.13941,7938,8,0
2026-07-23T12:00:00Z,1784808000,1.1394,1.13957,1.13635,1.13725,13077,8,0
2026-07-23T16:00:00Z,1784822400,1.13724,1.13805,1.13708,1.13768,5553,8,0
2026-07-23T20:00:00Z,1784836800,1.13771,1.13796,1.13739,1.1375899999999999,1715,8,0
2026-07-24T00:00:00Z,1784851200,1.1375899999999999,1.13871,1.13748,1.13818,4572,8,0
2026-07-24T04:00:00Z,1784865600,1.13818,1.14008,1.13761,1.13895,5583,8,0
2026-07-24T08:00:00Z,1784880000,1.13897,1.13925,1.13707,1.13742,6547,8,0
2026-07-24T12:00:00Z,1784894400,1.1374,1.13904,1.13644,1.13842,9711,8,0
2026-07-24T16:00:00Z,1784908800,1.13842,1.13861,1.1367,1.13696,4626,8,0
2026-07-24T20:00:00Z,1784923200,1.13697,1.13718,1.13672,1.1371,488,8,0
2026-07-26T20:00:00Z,1785096000,1.13873,1.13996,1.13841,1.13941,2577,8,0
2026-07-27T00:00:00Z,1785110400,1.13944,1.14141,1.13944,1.14031,5801,8,0
2026-07-27T04:00:00Z,1785124800,1.14032,1.14178,1.13959,1.13961,5969,8,0
2026-07-27T08:00:00Z,1785139200,1.13961,1.1403,1.13849,1.13863,6857,8,0
2026-07-27T12:00:00Z,1785153600,1.13863,1.13901,1.13679,1.13748,8725,8,0
2026-07-27T16:00:00Z,1785168000,1.13748,1.13848,1.13668,1.13696,5628,8,0
2026-07-27T20:00:00Z,1785182400,1.13696,1.13719,1.13633,1.13689,2142,8,0
2026-07-28T00:00:00Z,1785196800,1.13687,1.13798,1.13664,1.13743,4019,8,0
2026-07-28T04:00:00Z,1785211200,1.13741,1.13741,1.13612,1.13643,5006,8,0
2026-07-28T08:00:00Z,1785225600,1.13643,1.13729,1.13529,1.13648,5844,8,0
2026-07-28T12:00:00Z,1785240000,1.13651,1.14017,1.13605,1.13999,8884,8,0
2026-07-28T16:00:00Z,1785254400,1.14001,1.1405,1.13858,1.1387,4875,8,0
2026-07-28T20:00:00Z,1785268800,1.1387,1.1390500000000001,1.13814,1.13858,2522,8,0
2026-07-29T00:00:00Z,1785283200,1.1386,1.14002,1.13826,1.13967,4541,8,0
2026-07-29T04:00:00Z,1785297600,1.13967,1.14034,1.13896,1.13973,4936,8,0
2026-07-29T08:00:00Z,1785312000,1.13973,1.14002,1.13799,1.13817,5389,8,0
2026-07-29T12:00:00Z,1785326400,1.1381999999999999,1.13967,1.13742,1.13824,8402,8,0
2026-07-29T16:00:00Z,1785340800,1.13827,1.14662,1.13764,1.14478,21246,8,0
2026-07-29T20:00:00Z,1785355200,1.14475,1.14746,1.14465,1.14664,4959,8,0
2026-07-30T00:00:00Z,1785369600,1.14662,1.14677,1.14475,1.14495,5011,8,0
2026-07-30T04:00:00Z,1785384000,1.14495,1.14564,1.14341,1.14372,6273,8,0
2026-07-30T08:00:00Z,1785398400,1.14372,1.14839,1.14369,1.14756,9174,8,0
2026-07-30T12:00:00Z,1785412800,1.14755,1.15365,1.1469,1.15205,23133,8,0
2026-07-30T16:00:00Z,1785427200,1.15205,1.1535199999999999,1.15134,1.15307,8764,8,0
2026-07-30T20:00:00Z,1785441600,1.15309,1.15323,1.15217,1.15226,3186,8,0
2026-07-31T00:00:00Z,1785456000,1.15228,1.15262,1.1506,1.1513,6844,8,0
2026-07-31T04:00:00Z,1785470400,1.15129,1.15245,1.15041,1.15141,7665,8,0
2026-07-31T08:00:00Z,1785484800,1.15141,1.15257,1.14842,1.14848,10265,8,0
2026-07-31T12:00:00Z,1785499200,1.14849,1.15185,1.14547,1.15176,19771,8,0
2026-07-31T16:00:00Z,1785513600,1.15177,1.15371,1.15119,1.1531,9788,8,0
2026-07-31T20:00:00Z,1785528000,1.15312,1.15471,1.15235,1.15284,4430,8,0
2026-08-02T20:00:00Z,1785700800,1.15467,1.15573,1.15417,1.15433,4047,8,0
2026-08-03T00:00:00Z,1785715200,1.15435,1.15558,1.15266,1.15294,9605,8,0
2026-08-03T04:00:00Z,1785729600,1.15295,1.15385,1.15204,1.15258,6986,8,0
2026-08-03T08:00:00Z,1785744000,1.1526,1.15324,1.15165,1.15321,7135,8,0
2026-08-03T12:00:00Z,1785758400,1.1532,1.15347,1.14999,1.1509,11535,8,0
2026-08-03T16:00:00Z,1785772800,1.15093,1.15144,1.15009,1.151,5293,8,0
2026-08-03T20:00:00Z,1785787200,1.15101,1.1510799999999999,1.15054,1.15066,2362,8,0
2026-08-04T00:00:00Z,1785801600,1.15066,1.15147,1.15017,1.15079,5366,8,0
2026-08-04T04:00:00Z,1785816000,1.15078,1.15167,1.15034,1.15104,5616,8,0
2026-08-04T08:00:00Z,1785830400,1.15105,1.15232,1.15028,1.15158,7576,8,0
2026-08-04T12:00:00Z,1785844800,1.15158,1.15306,1.15088,1.15258,10128,8,0
2026-08-04T16:00:00Z,1785859200,1.15259,1.15334,1.15161,1.15302,5020,8,0
2026-08-04T20:00:00Z,1785873600,1.15302,1.15337,1.1524,1.1531500000000001,2277,8,0
2026-08-05T00:00:00Z,1785888000,1.15314,1.1540300000000001,1.1526399999999999,1.15368,4907,8,0
2026-08-05T04:00:00Z,1785902400,1.15368,1.15462,1.1531500000000001,1.15375,6003,8,0
2026-08-05T08:00:00Z,1785916800,1.15374,1.15548,1.15307,1.15522,7204,8,0
2026-08-05T12:00:00Z,1785931200,1.15522,1.1556899999999999,1.15398,1.15454,11255,8,0
2026-08-05T16:00:00Z,1785945600,1.15455,1.15592,1.15423,1.15505,5479,8,0
2026-08-05T20:00:00Z,1785960000,1.15505,1.15574,1.15488,1.15564,2232,8,0
2026-08-06T00:00:00Z,1785974400,1.15566,1.15594,1.15466,1.15486,4258,8,0
2026-08-06T04:00:00Z,1785988800,1.15486,1.15512,1.15407,1.1543700000000001,4504,8,0
2026-08-06T08:00:00Z,1786003200,1.1543700000000001,1.15464,1.15361,1.15446,5669,8,0
2026-08-06T12:00:00Z,1786017600,1.15448,1.15453,1.15186,1.15204,8976,8,0
2026-08-06T16:00:00Z,1786032000,1.15204,1.15253,1.15144,1.15229,5018,8,0
2026-08-06T20:00:00Z,1786046400,1.15228,1.1524,1.15171,1.15239,1770,8,0
2026-08-07T00:00:00Z,1786060800,1.15238,1.15253,1.15178,1.1522999999999999,3193,8,0
2026-08-07T04:00:00Z,1786075200,1.1522999999999999,1.15249,1.15173,1.15219,4065,8,0
2026-08-07T08:00:00Z,1786089600,1.15221,1.15329,1.15178,1.15327,5299,8,0
2026-08-07T12:00:00Z,1786104000,1.15329,1.15808,1.15267,1.1558,16052,8,0
2026-08-07T16:00:00Z,1786118400,1.1558,1.15697,1.15571,1.15614,5667,8,0
2026-08-07T20:00:00Z,1786132800,1.15613,1.15615,1.15552,1.15581,872,8,0
2026-08-09T20:00:00Z,1786305600,1.15609,1.15633,1.15538,1.15551,1527,8,0
2026-08-10T00:00:00Z,1786320000,1.15553,1.15589,1.15483,1.15487,4351,8,0
2026-08-10T04:00:00Z,1786334400,1.15488,1.15651,1.15477,1.15605,4778,8,0
2026-08-10T08:00:00Z,1786348800,1.15607,1.15652,1.15486,1.15522,5295,8,0
2026-08-10T12:00:00Z,1786363200,1.15522,1.15554,1.15434,1.15512,7932,8,0
2026-08-10T16:00:00Z,1786377600,1.15513,1.15539,1.15397,1.15412,4525,8,0
2026-08-10T20:00:00Z,1786392000,1.15414,1.15462,1.15398,1.15456,1493,8,0
2026-08-11T00:00:00Z,1786406400,1.15456,1.15494,1.15383,1.15424,3676,8,0
2026-08-11T04:00:00Z,1786420800,1.15424,1.15449,1.15314,1.15317,5147,8,0
2026-08-11T08:00:00Z,1786435200,1.15318,1.15433,1.15311,1.1536,6010,8,0
2026-08-11T12:00:00Z,1786449600,1.15362,1.15481,1.15335,1.15426,7348,8,0
2026-08-11T16:00:00Z,1786464000,1.15429,1.15432,1.1534,1.15422,3849,8,0
2026-08-11T20:00:00Z,1786478400,1.15424,1.15435,1.15375,1.1543,1564,8,0
2026-08-12T00:00:00Z,1786492800,1.1543,1.15445,1.15346,1.1535199999999999,3109,8,0
2026-08-12T04:00:00Z,1786507200,1.1535199999999999,1.1539,1.15319,1.15371,3399,8,0
2026-08-12T08:00:00Z,1786521600,1.15371,1.15494,1.15319,1.1543,6023,8,0
2026-08-12T12:00:00Z,1786536000,1.15433,1.15628,1.15324,1.15392,14098,8,0
2026-08-12T16:00:00Z,1786550400,1.15392,1.15398,1.15194,1.15221,4989,8,0
2026-08-12T20:00:00Z,1786564800,1.15221,1.15275,1.15197,1.15274,1603,8,0
2026-08-13T00:00:00Z,1786579200,1.15274,1.1531,1.15194,1.15222,3556,8,0
2026-08-13T04:00:00Z,1786593600,1.15222,1.15274,1.15115,1.15252,4711,8,0
2026-08-13T08:00:00Z,1786608000,1.15252,1.15383,1.15223,1.15337,4880,8,0
2026-08-13T12:00:00Z,1786622400,1.15337,1.1545,1.15253,1.15303,10524,8,0
2026-08-13T16:00:00Z,1786636800,1.15305,1.1532499999999999,1.1524,1.15285,4281,8,0
2026-08-13T20:00:00Z,1786651200,1.15285,1.15339,1.15237,1.15334,1655,8,0
2026-08-14T00:00:00Z,1786665600,1.15332,1.1539,1.15318,1.15367,3461,8,0
2026-08-14T04:00:00Z,1786680000,1.15367,1.15509,1.15364,1.15503,4138,8,0
2026-08-14T08:00:00Z,1786694400,1.15502,1.15714,1.15499,1.15651,5664,8,0
2026-08-14T12:00:00Z,1786708800,1.15652,1.15852,1.15617,1.15796,10985,8,0
2026-08-14T16:00:00Z,1786723200,1.15798,1.15815,1.15627,1.15682,4547,8,0
2026-08-14T20:00:00Z,1786737600,1.15684,1.15701,1.15668,1.15699,698,8,0
2026-08-16T20:00:00Z,1786910400,1.15644,1.15754,1.15618,1.15732,1341,8,0
2026-08-17T00:00:00Z,1786924800,1.15732,1.1584,1.15732,1.1583,3894,8,0
2026-08-17T04:00:00Z,1786939200,1.15832,1.16115,1.15821,1.16062,6219,8,0
2026-08-17T08:00:00Z,1786953600,1.1606,1.16137,1.15873,1.1592,6865,8,0
2026-08-17T12:00:00Z,1786968000,1.15917,1.15995,1.1581299999999999,1.15897,8944,8,0
2026-08-17T16:00:00Z,1786982400,1.15897,1.15915,1.15705,1.15785,4869,8,0
2026-08-17T20:00:00Z,1786996800,1.15783,1.15833,1.15758,1.15824,1697,8,0
2026-08-18T00:00:00Z,1787011200,1.15824,1.15855,1.15712,1.15728,4051,8,0
2026-08-18T04:00:00Z,1787025600,1.15727,1.15771,1.15663,1.15736,5261,8,0
2026-08-18T08:00:00Z,1787040000,1.15737,1.15797,1.15686,1.15763,5100,8,0
2026-08-18T12:00:00Z,1787054400,1.15763,1.15881,1.15698,1.15788,9297,8,0
2026-08-18T16:00:00Z,1787068800,1.15787,1.15852,1.15736,1.15744,4370,8,0
2026-08-18T20:00:00Z,1787083200,1.15743,1.1578,1.15704,1.15759,2062,8,0
2026-08-19T00:00:00Z,1787097600,1.15761,1.15867,1.15696,1.15807,5134,8,0
2026-08-19T04:00:00Z,1787112000,1.15808,1.15983,1.1580300000000001,1.1596,5189,8,0
2026-08-19T08:00:00Z,1787126400,1.15958,1.16115,1.15951,1.16024,6034,8,0
2026-08-19T12:00:00Z,1787140800,1.16024,1.16769,1.16022,1.16635,18348,8,0
2026-08-19T16:00:00Z,1787155200,1.16637,1.1679,1.16583,1.16767,8848,8,0
2026-08-19T20:00:00Z,1787169600,1.16769,1.168,1.16722,1.16738,2388,8,0
2026-08-20T00:00:00Z,1787184000,1.16738,1.16836,1.16696,1.16789,6655,8,0
2026-08-20T04:00:00Z,1787198400,1.16791,1.16934,1.16699,1.16922,7026,8,0
