time_utc,time,open,high,low,close,tick_volume,spread,real_volume
2026-08-18T18:30:00Z,1787077800,159.584,159.597,159.584,159.594,67,10,0
2026-08-18T18:35:00Z,1787078100,159.594,159.618,159.594,159.608,73,10,0
2026-08-18T18:40:00Z,1787078400,159.609,159.625,159.609,159.622,81,10,0
2026-08-18T18:45:00Z,1787078700,159.621,159.63,159.609,159.618,72,10,0
2026-08-18T18:50:00Z,1787079000,159.618,159.618,159.606,159.609,70,10,0
2026-08-18T18:55:00Z,1787079300,159.61,159.61,159.596,159.599,111,10,0
2026-08-18T19:00:00Z,1787079600,159.599,159.607,159.591,159.607,88,10,0
2026-08-18T19:05:00Z,1787079900,159.607,159.623,159.607,159.616,80,10,0
2026-08-18T19:10:00Z,1787080200,159.617,159.618,159.571,159.592,166,10,0
2026-08-18T19:15:00Z,1787080500,159.592,159.603,159.583,159.593,89,10,0
2026-08-18T19:20:00Z,1787080800,159.593,159.598,159.571,159.583,90,10,0
2026-08-18T19:25:00Z,1787081100,159.583,159.609,159.583,159.607,97,10,0
2026-08-18T19:30:00Z,1787081400,159.607,159.618,159.597,159.606,100,10,0
2026-08-18T19:35:00Z,1787081700,159.606,159.609,159.599,159.607,91,10,0
2026-08-18T19:40:00Z,1787082000,159.606,159.609,159.575,159.605,115,10,0
2026-08-18T19:45:00Z,1787082300,159.605,159.615,159.591,159.609,100,10,0
2026-08-18T19:50:00Z,1787082600,159.608,159.626,159.607,159.622,100,10,0
2026-08-18T19:55:00Z,1787082900,159.624,159.646,159.624,159.64,150,10,0
2026-08-18T20:00:00Z,1787083200,159.634,159.657,159.634,159.655,87,10,0
2026-08-18T20:05:00Z,1787083500,159.655,159.668,159.653,159.668,61,10,0
2026-08-18T20:10:00Z,1787083800,159.664,159.67,159.644,159.644,57,10,0
2026-08-18T20:15:00Z,1787084100,159.645,159.654,159.643,159.649,67,10,0
2026-08-18T20:20:00Z,1787084400,159.649,159.655,159.642,159.655,67,10,0
2026-08-18T20:25:00Z,1787084700,159.655,159.656,159.64,159.648,58,10,0
2026-08-18T20:30:00Z,1787085000,159.648,159.65,159.636,159.642,69,10,0
2026-08-18T20:35:00Z,1787085300,159.642,159.647,159.634,159.646,66,10,0
2026-08-18T20:40:00Z,1787085600,159.646,159.651,159.638,159.651,43,10,0
2026-08-18T20:45:00Z,1787085900,159.651,159.654,159.636,159.642,80,10,0
2026-08-18T20:50:00Z,1787086200,159.643,159.646,159.635,159.635,37,10,0
2026-08-18T20:55:00Z,1787086500,159.635,159.641,159.608,159.608,60,10,0
2026-08-18T21:00:00Z,1787086800,159.608,159.612,159.605,159.607,6,26,0
2026-08-18T21:05:00Z,1787087100,159.588,159.621,159.588,159.621,26,38,0
2026-08-18T21:10:00Z,1787087400,159.612,159.627,159.609,159.618,14,26,0
2026-08-18T21:15:00Z,1787087700,159.617,159.622,159.616,159.622,14,26,0
2026-08-18T21:20:00Z,1787088000,159.615,159.62,159.613,159.619,10,26,0
2026-08-18T21:25:00Z,1787088300,159.618,159.621,159.604,159.612,11,26,0
2026-08-18T21:30:00Z,1787088600,159.612,159.623,159.612,159.622,28,26,0
2026-08-18T21:35:00Z,1787088900,159.622,159.622,159.538,159.585,47,26,0
2026-08-18T21:40:00Z,1787089200,159.585,159.601,159.584,159.601,23,26,0
2026-08-18T21:45:00Z,1787089500,159.596,159.601,159.591,159.598,18,26,0
2026-08-18T21:50:00Z,1787089800,159.599,159.6,159.594,159.598,9,26,0
2026-08-18T21:55:00Z,1787090100,159.598,159.598,159.597,159.598,7,26,0
2026-08-18T22:00:00Z,1787090400,159.608,159.608,159.576,159.584,52,10,0
2026-08-18T22:05:00Z,1787090700,159.584,159.589,159.582,159.588,12,10,0
2026-08-18T22:10:00Z,1787091000,159.588,159.638,159.584,159.638,63,10,0
2026-08-18T22:15:00Z,1787091300,159.638,159.638,159.615,159.62,101,10,0
2026-08-18T22:20:00Z,1787091600,159.62,159.625,159.619,159.623,70,10,0
2026-08-18T22:25:00Z,1787091900,159.623,159.63,159.616,159.627,62,10,0
2026-08-18T22:30:00Z,1787092200,159.627,159.628,159.594,159.604,81,10,0
2026-08-18T22:35:00Z,1787092500,159.604,159.611,159.585,159.603,72,10,0
2026-08-18T22:40:00Z,1787092800,159.603,159.61,159.594,159.609,31,10,0
2026-08-18T22:45:00Z,1787093100,159.61,159.614,159.585,159.592,61,10,0
2026-08-18T22:50:00Z,1787093400,159.592,159.593,159.582,159.589,55,10,0
2026-08-18T22:55:00Z,1787093700,159.59,159.593,159.586,159.591,33,10,0
2026-08-18T23:00:00Z,1787094000,159.591,159.591,159.539,159.55,128,10,0
2026-08-18T23:05:00Z,1787094300,159.55,159.564,159.547,159.559,78,10,0
2026-08-18T23:10:00Z,1787094600,159.559,159.562,159.535,159.561,79,10,0
2026-08-18T23:15:00Z,1787094900,159.561,159.566,159.552,159.563,66,10,0
2026-08-18T23:20:00Z,1787095200,159.563,159.564,159.552,159.556,51,10,0
2026-08-18T23:25:00Z,1787095500,159.556,159.584,159.556,159.58,58,10,0
2026-08-18T23:30:00Z,1787095800,159.58,159.58,159.555,159.574,100,10,0
2026-08-18T23:35:00Z,1787096100,159.574,159.603,159.574,159.6,78,10,0
2026-08-18T23:40:00Z,1787096400,159.6,159.603,159.589,159.6,85,10,0
2026-08-18T23:45:00Z,1787096700,159.6,159.603,159.585,159.591,53,10,0
2026-08-18T23:50:00Z,1787097000,159.591,159.591,159.557,159.563,74,10,0
2026-08-18T23:55:00Z,1787097300,159.563,159.573,159.537,159.553,111,10,0
2026-08-19T00:00:00Z,1787097600,159.553,159.553,159.459,159.484,410,10,0
2026-08-19T00:05:00Z,1787097900,159.486,159.501,159.456,159.481,280,10,0
2026-08-19T00:10:00Z,1787098200,159.484,159.488,159.432,159.449,205,10,0
2026-08-19T00:15:00Z,1787098500,159.452,159.465,159.43,159.463,198,10,0
2026-08-19T00:20:00Z,1787098800,159.463,159.486,159.459,159.469,195,10,0
2026-08-19T00:25:00Z,1787099100,159.469,159.498,159.461,159.492,192,10,0
2026-08-19T00:30:00Z,1787099400,159.492,159.532,159.475,159.498,203,10,0
2026-08-19T00:35:00Z,1787099700,159.499,159.509,159.45,159.452,162,10,0
2026-08-19T00:40:00Z,1787100000,159.452,159.478,159.436,159.471,209,10,0
2026-08-19T00:45:00Z,1787100300,159.471,159.478,159.455,159.462,196,10,0
2026-08-19T00:50:00Z,1787100600,159.463,159.468,159.388,159.439,487,10,0
2026-08-19T00:55:00Z,1787100900,159.436,159.477,159.411,159.459,351,10,0
2026-08-19T01:00:00Z,1787101200,159.458,159.502,159.45,159.482,253,10,0
2026-08-19T01:05:00Z,1787101500,159.485,159.495,159.457,159.473,175,10,0
2026-08-19T01:10:00Z,1787101800,159.472,159.502,159.467,159.497,173,10,0
2026-08-19T01:15:00Z,1787102100,159.495,159.519,159.482,159.484,198,10,0
2026-08-19T01:20:00Z,1787102400,159.485,159.508,159.481,159.503,162,10,0
2026-08-19T01:25:00Z,1787102700,159.502,159.521,159.486,159.495,159,10,0
2026-08-19T01:30:00Z,1787103000,159.494,159.495,159.465,159.479,163,10,0
2026-08-19T01:35:00Z,1787103300,159.478,159.482,159.449,159.449,125,10,0
2026-08-19T01:40:00Z,1787103600,159.449,159.461,159.438,159.461,136,10,0
2026-08-19T01:45:00Z,1787103900,159.46,159.476,159.452,159.475,129,10,0
2026-08-19T01:50:00Z,1787104200,159.475,159.489,159.464,159.48,113,10,0
2026-08-19T01:55:00Z,1787104500,159.479,159.482,159.438,159.448,130,10,0
2026-08-19T02:00:00Z,1787104800,159.448,159.467,159.441,159.447,95,10,0
2026-08-19T02:05:00Z,1787105100,159.447,159.447,159.403,159.403,160,10,0
2026-08-19T02:10:00Z,1787105400,159.404,159.422,159.381,159.4,182,10,0
2026-08-19T02:15:00Z,1787105700,159.4,159.416,159.339,159.358,425,10,0
2026-08-19T02:20:00Z,1787106000,159.358,159.371,159.311,159.337,255,10,0
2026-08-19T02:25:00Z,1787106300,159.338,159.371,159.332,159.362,165,10,0
2026-08-19T02:30:00Z,1787106600,159.362,159.398,159.344,159.398,162,10,0
2026-08-19T02:35:00Z,1787106900,159.396,159.396,159.345,159.352,179,10,0
2026-08-19T02:40:00Z,1787107200,159.353,159.359,159.288,159.316,218,10,0
2026-08-19T02:45:00Z,1787107500,159.314,159.33,159.293,159.329,229,10,0
2026-08-19T02:50:00Z,1787107800,159.33,159.369,159.327,159.361,168,10,0
2026-08-19T02:55:00Z,1787108100,159.36,159.371,159.353,159.359,145,10,0
2026-08-19T03:00:00Z,1787108400,159.359,159.369,159.334,159.363,152,10,0
2026-08-19T03:05:00Z,1787108700,159.364,159.388,159.364,159.381,113,10,0
2026-08-19T03:10:00Z,1787109000,159.381,159.396,159.363,159.383,104,10,0
2026-08-19T03:15:00Z,1787109300,159.383,159.386,159.373,159.383,92,10,0
2026-08-19T03:20:00Z,1787109600,159.382,159.393,159.372,159.381,98,10,0
2026-08-19T03:25:00Z,1787109900,159.381,159.388,159.372,159.386,99,10,0
2026-08-19T03:30:00Z,1787110200,159.386,159.428,159.371,159.411,150,10,0
2026-08-19T03:35:00Z,1787110500,159.413,159.438,159.408,159.431,121,10,0
2026-08-19T03:40:00Z,1787110800,159.431,159.438,159.408,159.409,103,10,0
2026-08-19T03:45:00Z,1787111100,159.409,159.424,159.407,159.42,97,10,0
2026-08-19T03:50:00Z,1787111400,159.42,159.425,159.412,159.421,97,10,0
2026-08-19T03:55:00Z,1787111700,159.423,159.432,159.419,159.422,69,10,0
2026-08-19T04:00:00Z,1787112000,159.422,159.422,159.404,159.416,78,10,0
2026-08-19T04:05:00Z,1787112300,159.416,159.421,159.41,159.41,88,10,0
2026-08-19T04:10:00Z,1787112600,159.407,159.413,159.381,159.385,115,10,0
2026-08-19T04:15:00Z,1787112900,159.385,159.395,159.381,159.384,123,10,0
2026-08-19T04:20:00Z,1787113200,159.383,159.386,159.353,159.358,136,10,0
2026-08-19T04:25:00Z,1787113500,159.359,159.372,159.347,159.35,152,10,0
2026-08-19T04:30:00Z,1787113800,159.349,159.349,159.229,159.319,463,10,0
2026-08-19T04:35:00Z,1787114100,159.318,159.348,159.315,159.345,177,10,0
2026-08-19T04:40:00Z,1787114400,159.344,159.376,159.342,159.36,131,10,0
2026-08-19T04:45:00Z,1787114700,159.36,159.36,159.307,159.311,159,10,0
2026-08-19T04:50:00Z,1787115000,159.312,159.326,159.298,159.32,150,10,0
2026-08-19T04:55:00Z,1787115300,159.321,159.339,159.293,159.327,165,10,0
2026-08-19T05:00:00Z,1787115600,159.328,159.328,159.285,159.298,193,10,0
2026-08-19T05:05:00Z,1787115900,159.298,159.316,159.298,159.301,88,10,0
2026-08-19T05:10:00Z,1787116200,159.301,159.326,159.3,159.302,111,10,0
2026-08-19T05:15:00Z,1787116500,159.299,159.304,159.235,159.26,201,10,0
2026-08-19T05:20:00Z,1787116800,159.26,159.277,159.243,159.248,157,10,0
2026-08-19T05:25:00Z,1787117100,159.248,159.288,159.247,159.27,151,10,0
2026-08-19T05:30:00Z,1787117400,159.27,159.274,159.202,159.217,192,10,0
2026-08-19T05:35:00Z,1787117700,159.215,159.256,159.213,159.232,252,10,0
2026-08-19T05:40:00Z,1787118000,159.234,159.26,159.225,159.25,170,10,0
2026-08-19T05:45:00Z,1787118300,159.251,159.267,159.217,159.244,175,10,0
2026-08-19T05:50:00Z,1787118600,159.244,159.301,159.243,159.3,178,10,0
2026-08-19T05:55:00Z,1787118900,159.3,159.323,159.282,159.295,200,10,0
2026-08-19T06:00:00Z,1787119200,159.289,159.292,159.241,159.262,209,10,0
2026-08-19T06:05:00Z,1787119500,159.26,159.266,159.225,159.234,195,10,0
2026-08-19T06:10:00Z,1787119800,159.233,159.239,159.201,159.239,172,10,0
2026-08-19T06:15:00Z,1787120100,159.24,159.24,159.189,159.205,236,10,0
2026-08-19T06:20:00Z,1787120400,159.205,159.211,159.15,159.179,279,10,0
2026-08-19T06:25:00Z,1787120700,159.178,159.183,159.15,159.155,236,10,0
2026-08-19T06:30:00Z,1787121000,159.153,159.173,159.112,159.146,289,10,0
2026-08-19T06:35:00Z,1787121300,159.146,159.16,159.121,159.158,180,10,0
2026-08-19T06:40:00Z,1787121600,159.161,159.207,159.146,159.206,220,10,0
2026-08-19T06:45:00Z,1787121900,159.205,159.25,159.191,159.24,232,10,0
2026-08-19T06:50:00Z,1787122200,159.24,159.242,159.209,159.226,205,10,0
2026-08-19T06:55:00Z,1787122500,159.224,159.252,159.214,159.238,241,10,0
2026-08-19T07:00:00Z,1787122800,159.237,159.248,159.189,159.213,309,10,0
2026-08-19T07:05:00Z,1787123100,159.213,159.213,159.163,159.188,221,10,0
2026-08-19T07:10:00Z,1787123400,159.187,159.222,159.183,159.222,183,10,0
2026-08-19T07:15:00Z,1787123700,159.218,159.279,159.218,159.245,213,10,0
2026-08-19T07:20:00Z,1787124000,159.244,159.253,159.177,159.182,214,10,0
2026-08-19T07:25:00Z,1787124300,159.184,159.205,159.172,159.198,177,10,0
2026-08-19T07:30:00Z,1787124600,159.197,159.204,159.144,159.15,179,10,0
2026-08-19T07:35:00Z,1787124900,159.149,159.169,159.123,159.163,207,10,0
2026-08-19T07:40:00Z,1787125200,159.163,159.177,159.135,159.173,243,10,0
2026-08-19T07:45:00Z,1787125500,159.172,159.192,159.155,159.184,189,10,0
2026-08-19T07:50:00Z,1787125800,159.185,159.196,159.133,159.14,207,10,0
2026-08-19T07:55:00Z,1787126100,159.14,159.189,159.14,159.166,214,10,0
2026-08-19T08:00:00Z,1787126400,159.165,159.18,159.135,159.148,252,10,0
2026-08-19T08:05:00Z,1787126700,159.149,159.155,159.084,159.123,278,10,0
2026-08-19T08:10:00Z,1787127000,159.124,159.132,159.073,159.099,253,10,0
2026-08-19T08:15:00Z,1787127300,159.1,159.1,159.05,159.057,204,10,0
2026-08-19T08:20:00Z,1787127600,159.058,159.08,159.055,159.071,197,10,0
2026-08-19T08:25:00Z,1787127900,159.071,159.128,159.071,159.094,194,10,0
2026-08-19T08:30:00Z,1787128200,159.093,159.106,159.082,159.083,163,10,0
2026-08-19T08:35:00Z,1787128500,159.083,159.107,159.07,159.089,190,10,0
2026-08-19T08:40:00Z,1787128800,159.088,159.096,159.056,159.067,180,10,0
2026-08-19T08:45:00Z,1787129100,159.07,159.093,159.067,159.073,140,10,0
2026-08-19T08:50:00Z,1787129400,159.074,159.143,159.074,159.132,212,10,0
2026-08-19T08:55:00Z,1787129700,159.131,159.168,159.127,159.163,171,10,0
2026-08-19T09:00:00Z,1787130000,159.163,159.211,159.157,159.169,206,10,0
2026-08-19T09:05:00Z,1787130300,159.169,159.197,159.158,159.192,168,10,0
2026-08-19T09:10:00Z,1787130600,159.192,159.229,159.192,159.227,182,10,0
2026-08-19T09:15:00Z,1787130900,159.226,159.263,159.207,159.207,194,10,0
2026-08-19T09:20:00Z,1787131200,159.206,159.217,159.157,159.182,207,10,0
2026-08-19T09:25:00Z,1787131500,159.182,159.206,159.167,159.178,170,10,0
2026-08-19T09:30:00Z,1787131800,159.177,159.179,159.091,159.116,251,10,0
2026-08-19T09:35:00Z,1787132100,159.117,159.152,159.104,159.143,230,10,0
2026-08-19T09:40:00Z,1787132400,159.141,159.145,159.117,159.126,175,10,0
2026-08-19T09:45:00Z,1787132700,159.126,159.133,159.097,159.097,211,10,0
2026-08-19T09:50:00Z,1787133000,159.1,159.109,159.063,159.105,238,10,0
2026-08-19T09:55:00Z,1787133300,159.104,159.122,159.075,159.087,209,10,0
2026-08-19T10:00:00Z,1787133600,159.087,159.095,159.045,159.074,247,10,0
2026-08-19T10:05:00Z,1787133900,159.071,159.108,159.068,159.091,143,10,0
2026-08-19T10:10:00Z,1787134200,159.091,159.094,159.013,159.047,169,10,0
2026-08-19T10:15:00Z,1787134500,159.047,159.057,159.024,159.025,164,10,0
2026-08-19T10:20:00Z,1787134800,159.026,159.046,158.995,159.028,235,10,0
2026-08-19T10:25:00Z,1787135100,159.028,159.064,159.018,159.054,203,10,0
2026-08-19T10:30:00Z,1787135400,159.054,159.078,159.023,159.048,182,10,0
2026-08-19T10:35:00Z,1787135700,159.048,159.087,159.047,159.078,173,10,0
2026-08-19T10:40:00Z,1787136000,159.077,159.08,159.048,159.06,153,10,0
2026-08-19T10:45:00Z,1787136300,159.058,159.068,159.035,159.045,154,10,0
2026-08-19T10:50:00Z,1787136600,159.045,159.079,159.044,159.073,149,10,0
2026-08-19T10:55:00Z,1787136900,159.072,159.107,159.072,159.093,153,10,0
2026-08-19T11:00:00Z,1787137200,159.091,159.122,159.084,159.096,215,10,0
2026-08-19T11:05:00Z,1787137500,159.097,159.155,159.097,159.147,210,10,0
2026-08-19T11:10:00Z,1787137800,159.147,159.157,159.116,159.123,210,10,0
2026-08-19T11:15:00Z,1787138100,159.124,159.124,159.087,159.089,162,10,0
2026-08-19T11:20:00Z,1787138400,159.089,159.119,159.089,159.108,179,10,0
2026-08-19T11:25:00Z,1787138700,159.108,159.113,159.095,159.11,146,10,0
2026-08-19T11:30:00Z,1787139000,159.11,159.125,159.099,159.099,164,10,0
2026-08-19T11:35:00Z,1787139300,159.1,159.155,159.094,159.141,229,10,0
2026-08-19T11:40:00Z,1787139600,159.141,159.182,159.139,159.159,195,10,0
2026-08-19T11:45:00Z,1787139900,159.16,159.161,159.099,159.107,215,10,0
2026-08-19T11:50:00Z,1787140200,159.106,159.134,159.101,159.117,154,10,0
2026-08-19T11:55:00Z,1787140500,159.118,159.142,159.108,159.138,211,10,0
2026-08-19T12:00:00Z,1787140800,159.138,159.153,159.085,159.099,231,10,0
2026-08-19T12:05:00Z,1787141100,159.1,159.101,159.069,159.085,196,10,0
2026-08-19T12:10:00Z,1787141400,159.085,159.108,159.082,159.107,169,10,0
2026-08-19T12:15:00Z,1787141700,159.106,159.107,159.044,159.044,171,10,0
2026-08-19T12:20:00Z,1787142000,159.045,159.06,158.918,158.989,570,10,0
2026-08-19T12:25:00Z,1787142300,158.989,159.053,158.972,159.033,294,10,0
2026-08-19T12:30:00Z,1787142600,159.031,159.034,158.677,158.71,1947,10,0
2026-08-19T12:35:00Z,1787142900,158.711,158.797,158.162,158.277,3926,10,0
2026-08-19T12:40:00Z,1787143200,158.28,158.571,158.254,158.448,2052,10,0
2026-08-19T12:45:00Z,1787143500,158.45,158.596,158.364,158.485,1287,10,0
2026-08-19T12:50:00Z,1787143800,158.488,158.591,158.44,158.469,1057,10,0
2026-08-19T12:55:00Z,1787144100,158.472,158.597,158.428,158.59,970,10,0
2026-08-19T13:00:00Z,1787144400,158.593,158.597,158.451,158.501,953,10,0
2026-08-19T13:05:00Z,1787144700,158.502,158.539,158.401,158.401,846,10,0
2026-08-19T13:10:00Z,1787145000,158.399,158.433,158.317,158.377,1011,10,0
2026-08-19T13:15:00Z,1787145300,158.379,158.443,158.348,158.394,719,10,0
2026-08-19T13:20:00Z,1787145600,158.392,158.471,158.356,158.471,624,10,0
2026-08-19T13:25:00Z,1787145900,158.473,158.532,158.407,158.408,760,10,0
2026-08-19T13:30:00Z,1787146200,158.406,158.436,158.356,158.419,742,10,0
2026-08-19T13:35:00Z,1787146500,158.419,158.524,158.393,158.408,740,10,0
2026-08-19T13:40:00Z,1787146800,158.407,158.508,158.382,158.473,581,10,0
2026-08-19T13:45:00Z,1787147100,158.475,158.53,158.408,158.452,695,10,0
2026-08-19T13:50:00Z,1787147400,158.454,158.525,158.433,158.459,741,10,0
2026-08-19T13:55:00Z,1787147700,158.458,158.515,158.389,158.434,687,10,0
2026-08-19T14:00:00Z,1787148000,158.437,158.467,158.372,158.413,620,10,0
2026-08-19T14:05:00Z,1787148300,158.412,158.448,158.388,158.407,459,10,0
2026-08-19T14:10:00Z,1787148600,158.405,158.41,158.258,158.304,629,10,0
2026-08-19T14:15:00Z,1787148900,158.303,158.317,158.237,158.291,621,10,0
2026-08-19T14:20:00Z,1787149200,158.294,158.354,158.262,158.328,595,10,0
2026-08-19T14:25:00Z,1787149500,158.33,158.335,158.267,158.277,447,10,0
2026-08-19T14:30:00Z,1787149800,158.28,158.28,158.077,158.139,979,10,0
2026-08-19T14:35:00Z,1787150100,158.143,158.148,158.04,158.053,934,10,0
2026-08-19T14:40:00Z,1787150400,158.05,158.162,158.05,158.149,626,10,0
2026-08-19T14:45:00Z,1787150700,158.151,158.281,158.143,158.275,628,10,0
2026-08-19T14:50:00Z,1787151000,158.278,158.353,158.267,158.338,659,10,0
2026-08-19T14:55:00Z,1787151300,158.336,158.38,158.29,158.343,668,10,0
2026-08-19T15:00:00Z,1787151600,158.342,158.459,158.342,158.423,654,10,0
2026-08-19T15:05:00Z,1787151900,158.421,158.466,158.39,158.466,533,10,0
2026-08-19T15:10:00Z,1787152200,158.464,158.486,158.396,158.396,375,10,0
2026-08-19T15:15:00Z,1787152500,158.394,158.425,158.351,158.409,451,10,0
2026-08-19T15:20:00Z,1787152800,158.411,158.492,158.391,158.487,403,10,0
2026-08-19T15:25:00Z,1787153100,158.489,158.518,158.463,158.488,413,10,0
2026-08-19T15:30:00Z,1787153400,158.492,158.52,158.437,158.446,363,10,0
2026-08-19T15:35:00Z,1787153700,158.443,158.451,158.402,158.438,344,10,0
2026-08-19T15:40:00Z,1787154000,158.437,158.473,158.387,158.391,324,10,0
2026-08-19T15:45:00Z,1787154300,158.394,158.452,158.375,158.434,310,10,0
2026-08-19T15:50:00Z,1787154600,158.434,158.485,158.434,158.463,304,10,0
2026-08-19T15:55:00Z,1787154900,158.463,158.491,158.451,158.451,275,10,0
2026-08-19T16:00:00Z,1787155200,158.451,158.486,158.416,158.422,413,10,0
2026-08-19T16:05:00Z,1787155500,158.422,158.499,158.408,158.408,339,10,0
2026-08-19T16:10:00Z,1787155800,158.41,158.437,158.39,158.407,380,10,0
2026-08-19T16:15:00Z,1787156100,158.407,158.444,158.392,158.441,237,10,0
2026-08-19T16:20:00Z,1787156400,158.441,158.448,158.388,158.402,257,10,0
2026-08-19T16:25:00Z,1787156700,158.402,158.434,158.371,158.417,298,10,0
2026-08-19T16:30:00Z,1787157000,158.414,158.423,158.386,158.391,206,10,0
2026-08-19T16:35:00Z,1787157300,158.39,158.416,158.389,158.405,218,10,0
2026-08-19T16:40:00Z,1787157600,158.403,158.427,158.378,158.394,221,10,0
2026-08-19T16:45:00Z,1787157900,158.394,158.397,158.345,158.367,204,10,0
2026-08-19T16:50:00Z,1787158200,158.367,158.367,158.319,158.341,230,10,0
2026-08-19T16:55:00Z,1787158500,158.344,158.391,158.313,158.382,320,10,0
2026-08-19T17:00:00Z,1787158800,158.382,158.42,158.321,158.409,407,10,0
2026-08-19T17:05:00Z,1787159100,158.407,158.477,158.406,158.457,336,10,0
2026-08-19T17:10:00Z,1787159400,158.456,158.508,158.448,158.479,306,10,0
2026-08-19T17:15:00Z,1787159700,158.48,158.514,158.446,158.451,244,10,0
2026-08-19T17:20:00Z,1787160000,158.45,158.477,158.446,158.47,172,10,0
2026-08-19T17:25:00Z,1787160300,158.471,158.511,158.471,158.496,208,10,0
2026-08-19T17:30:00Z,1787160600,158.494,158.526,158.487,158.506,178,10,0
2026-08-19T17:35:00Z,1787160900,158.506,158.553,158.505,158.549,194,10,0
2026-08-19T17:40:00Z,1787161200,158.548,158.551,158.509,158.537,218,10,0
2026-08-19T17:45:00Z,1787161500,158.54,158.578,158.538,158.578,180,10,0
2026-08-19T17:50:00Z,1787161800,158.578,158.611,158.558,158.6,264,10,0
2026-08-19T17:55:00Z,1787162100,158.602,158.607,158.572,158.59,169,10,0
2026-08-19T18:00:00Z,1787162400,158.589,158.592,158.419,158.423,604,10,0
2026-08-19T18:05:00Z,1787162700,158.42,158.489,158.381,158.401,764,10,0
2026-08-19T18:10:00Z,1787163000,158.403,158.408,158.355,158.398,286,10,0
2026-08-19T18:15:00Z,1787163300,158.397,158.445,158.395,158.412,335,10,0
2026-08-19T18:20:00Z,1787163600,158.409,158.49,158.409,158.476,282,10,0
2026-08-19T18:25:00Z,1787163900,158.478,158.496,158.475,158.482,232,10,0
2026-08-19T18:30:00Z,1787164200,158.48,158.489,158.402,158.407,211,10,0
2026-08-19T18:35:00Z,1787164500,158.407,158.407,158.337,158.355,270,10,0
2026-08-19T18:40:00Z,1787164800,158.355,158.355,158.258,158.325,396,10,0
2026-08-19T18:45:00Z,1787165100,158.326,158.335,158.282,158.283,322,10,0
2026-08-19T18:50:00Z,1787165400,158.283,158.325,158.283,158.289,218,10,0
2026-08-19T18:55:00Z,1787165700,158.289,158.318,158.263,158.316,324,10,0
2026-08-19T19:00:00Z,1787166000,158.319,158.35,158.313,158.341,333,10,0
2026-08-19T19:05:00Z,1787166300,158.341,158.365,158.271,158.279,224,10,0
2026-08-19T19:10:00Z,1787166600,158.279,158.303,158.262,158.297,197,10,0
2026-08-19T19:15:00Z,1787166900,158.297,158.299,158.248,158.257,256,10,0
2026-08-19T19:20:00Z,1787167200,158.259,158.276,158.235,158.235,210,10,0
2026-08-19T19:25:00Z,1787167500,158.237,158.245,158.132,158.148,358,10,0
2026-08-19T19:30:00Z,1787167800,158.146,158.181,158.132,158.168,487,10,0
2026-08-19T19:35:00Z,1787168100,158.168,158.266,158.166,158.219,466,10,0
2026-08-19T19:40:00Z,1787168400,158.219,158.254,158.198,158.254,338,10,0
2026-08-19T19:45:00Z,1787168700,158.255,158.284,158.245,158.263,254,10,0
2026-08-19T19:50:00Z,1787169000,158.265,158.27,158.192,158.193,251,10,0
2026-08-19T19:55:00Z,1787169300,158.191,158.211,158.093,158.145,681,10,0
2026-08-19T20:00:00Z,1787169600,158.141,158.143,158.08,158.114,163,10,0
2026-08-19T20:05:00Z,1787169900,158.116,158.152,158.115,158.126,112,10,0
2026-08-19T20:10:00Z,1787170200,158.127,158.167,158.127,158.156,135,10,0
2026-08-19T20:15:00Z,1787170500,158.156,158.183,158.124,158.178,83,10,0
2026-08-19T20:20:00Z,1787170800,158.178,158.181,158.167,158.168,63,10,0
2026-08-19T20:25:00Z,1787171100,158.169,158.213,158.166,158.205,90,10,0
2026-08-19T20:30:00Z,1787171400,158.202,158.215,158.178,158.178,160,10,0
2026-08-19T20:35:00Z,1787171700,158.176,158.19,158.16,158.172,118,10,0
2026-08-19T20:40:00Z,1787172000,158.171,158.183,158.124,158.145,88,10,0
2026-08-19T20:45:00Z,1787172300,158.141,158.151,158.039,158.041,103,10,0
2026-08-19T20:50:00Z,1787172600,158.046,158.057,158.028,158.053,65,130,0
2026-08-19T20:55:00Z,1787172900,158.048,158.068,158.041,158.045,82,130,0
2026-08-19T21:00:00Z,1787173200,158.046,158.046,158.045,158.045,5,158,0
2026-08-19T21:05:00Z,1787173500,158.028,158.042,157.996,158.018,31,158,0
2026-08-19T21:10:00Z,1787173800,158.02,158.033,157.955,158.012,36,158,0
2026-08-19T21:15:00Z,1787174100,158.012,158.018,157.97,157.983,57,158,0
2026-08-19T21:20:00Z,1787174400,157.983,158.005,157.983,158.005,8,158,0
2026-08-19T21:25:00Z,1787174700,158.006,158.026,158.002,158.019,41,146,0
2026-08-19T21:30:00Z,1787175000,158.019,158.028,158.019,158.021,50,146,0
2026-08-19T21:35:00Z,1787175300,158.022,158.028,158.017,158.018,39,146,0
2026-08-19T21:40:00Z,1787175600,158.02,158.033,158.014,158.028,50,146,0
2026-08-19T21:45:00Z,1787175900,158.028,158.033,158.022,158.029,30,146,0
2026-08-19T21:50:00Z,1787176200,158.029,158.029,158.02,158.028,17,146,0
2026-08-19T21:55:00Z,1787176500,158.028,158.033,157.987,158.03,40,146,0
2026-08-19T22:00:00Z,1787176800,158.124,158.124,158.01,158.037,158,10,0
2026-08-19T22:05:00Z,1787177100,158.031,158.069,158.02,158.068,67,10,0
2026-08-19T22:10:00Z,1787177400,158.068,158.079,158.05,158.065,105,10,0
2026-08-19T22:15:00Z,1787177700,158.064,158.069,158.042,158.069,81,10,0
2026-08-19T22:20:00Z,1787178000,158.068,158.072,158.044,158.057,85,10,0
2026-08-19T22:25:00Z,1787178300,158.057,158.072,158.056,158.072,44,10,0
2026-08-19T22:30:00Z,1787178600,158.072,158.099,158.07,158.094,65,10,0
2026-08-19T22:35:00Z,1787178900,158.094,158.113,158.089,158.111,88,10,0
2026-08-19T22:40:00Z,1787179200,158.111,158.134,158.106,158.127,112,10,0
2026-08-19T22:45:00Z,1787179500,158.127,158.143,158.12,158.142,98,10,0
2026-08-19T22:50:00Z,1787179800,158.142,158.186,158.14,158.185,102,10,0
2026-08-19T22:55:00Z,1787180100,158.186,158.193,158.168,158.193,133,10,0
2026-08-19T23:00:00Z,1787180400,158.194,158.232,158.191,158.205,237,10,0
2026-08-19T23:05:00Z,1787180700,158.205,158.206,158.18,158.202,179,10,0
2026-08-19T23:10:00Z,1787181000,158.202,158.231,158.198,158.213,126,10,0
2026-08-19T23:15:00Z,1787181300,158.212,158.226,158.206,158.207,138,10,0
2026-08-19T23:20:00Z,1787181600,158.208,158.212,158.196,158.212,133,10,0
2026-08-19T23:25:00Z,1787181900,158.211,158.234,158.208,158.232,94,10,0
2026-08-19T23:30:00Z,1787182200,158.231,158.256,158.218,158.256,119,10,0
2026-08-19T23:35:00Z,1787182500,158.256,158.258,158.212,158.217,95,10,0
2026-08-19T23:40:00Z,1787182800,158.217,158.257,158.216,158.256,102,10,0
2026-08-19T23:45:00Z,1787183100,158.256,158.267,158.245,158.259,108,10,0
2026-08-19T23:50:00Z,1787183400,158.259,158.262,158.234,158.245,81,10,0
2026-08-19T23:55:00Z,1787183700,158.243,158.279,158.241,158.259,177,10,0
2026-08-20T00:00:00Z,1787184000,158.259,158.277,158.159,158.196,644,10,0
2026-08-20T00:05:00Z,1787184300,158.198,158.344,158.198,158.339,395,10,0
2026-08-20T00:10:00Z,1787184600,158.341,158.373,158.316,158.325,305,10,0
2026-08-20T00:15:00Z,1787184900,158.322,158.325,158.253,158.294,313,10,0
2026-08-20T00:20:00Z,1787185200,158.293,158.359,158.293,158.349,349,10,0
2026-08-20T00:25:00Z,1787185500,158.35,158.36,158.325,158.338,283,10,0
2026-08-20T00:30:00Z,1787185800,158.338,158.338,158.28,158.318,296,10,0
2026-08-20T00:35:00Z,1787186100,158.317,158.34,158.296,158.333,231,10,0
2026-08-20T00:40:00Z,1787186400,158.335,158.369,158.33,158.369,199,10,0
2026-08-20T00:45:00Z,1787186700,158.371,158.399,158.357,158.394,239,10,0
2026-08-20T00:50:00Z,1787187000,158.395,158.433,158.385,158.405,445,10,0
2026-08-20T00:55:00Z,1787187300,158.403,158.403,158.351,158.403,270,10,0
2026-08-20T01:00:00Z,1787187600,158.4,158.475,158.391,158.457,333,10,0
2026-08-20T01:05:00Z,1787187900,158.455,158.485,158.446,158.455,344,10,0
2026-08-20T01:10:00Z,1787188200,158.452,158.51,158.445,158.464,286,10,0
2026-08-20T01:15:00Z,1787188500,158.464,158.489,158.413,158.421,317,10,0
2026-08-20T01:20:00Z,1787188800,158.422,158.428,158.387,158.391,320,10,0
2026-08-20T01:25:00Z,1787189100,158.393,158.42,158.362,158.375,194,10,0
2026-08-20T01:30:00Z,1787189400,158.378,158.412,158.322,158.369,323,10,0
2026-08-20T01:35:00Z,1787189700,158.369,158.414,158.359,158.401,339,10,0
2026-08-20T01:40:00Z,1787190000,158.401,158.481,158.401,158.481,249,10,0
2026-08-20T01:45:00Z,1787190300,158.481,158.556,158.471,158.55,345,10,0
2026-08-20T01:50:00Z,1787190600,158.553,158.562,158.509,158.52,294,10,0
2026-08-20T01:55:00Z,1787190900,158.518,158.557,158.493,158.529,259,10,0
2026-08-20T02:00:00Z,1787191200,158.526,158.531,158.297,158.46,1093,10,0
2026-08-20T02:05:00Z,1787191500,158.458,158.505,158.407,158.501,502,10,0
2026-08-20T02:10:00Z,1787191800,158.502,158.535,158.465,158.488,276,10,0
2026-08-20T02:15:00Z,1787192100,158.49,158.499,158.46,158.493,228,10,0
2026-08-20T02:20:00Z,1787192400,158.494,158.515,158.448,158.465,228,10,0
2026-08-20T02:25:00Z,1787192700,158.465,158.48,158.435,158.445,214,10,0
2026-08-20T02:30:00Z,1787193000,158.447,158.45,158.409,158.423,232,10,0
2026-08-20T02:35:00Z,1787193300,158.426,158.449,158.41,158.427,188,10,0
2026-08-20T02:40:00Z,1787193600,158.425,158.432,158.385,158.432,184,10,0
2026-08-20T02:45:00Z,1787193900,158.431,158.437,158.404,158.436,152,10,0
2026-08-20T02:50:00Z,1787194200,158.438,158.461,158.43,158.451,142,10,0
2026-08-20T02:55:00Z,1787194500,158.451,158.464,158.435,158.437,189,10,0
2026-08-20T03:00:00Z,1787194800,158.438,158.451,158.421,158.442,171,10,0
2026-08-20T03:05:00Z,1787195100,158.442,158.488,158.441,158.468,175,10,0
2026-08-20T03:10:00Z,1787195400,158.468,158.471,158.384,158.391,217,10,0
2026-08-20T03:15:00Z,1787195700,158.393,158.432,158.391,158.404,194,10,0
2026-08-20T03:20:00Z,1787196000,158.404,158.406,158.371,158.376,151,10,0
2026-08-20T03:25:00Z,1787196300,158.378,158.437,158.37,158.428,201,10,0
2026-08-20T03:30:00Z,1787196600,158.428,158.449,158.418,158.449,154,10,0
2026-08-20T03:35:00Z,1787196900,158.451,158.472,158.451,158.454,161,10,0
2026-08-20T03:40:00Z,1787197200,158.455,158.465,158.443,158.446,143,10,0
2026-08-20T03:45:00Z,1787197500,158.447,158.447,158.434,158.439,102,10,0
2026-08-20T03:50:00Z,1787197800,158.439,158.463,158.407,158.409,172,10,0
2026-08-20T03:55:00Z,1787198100,158.408,158.439,158.408,158.432,109,10,0
2026-08-20T04:00:00Z,1787198400,158.43,158.434,158.417,158.429,113,10,0
2026-08-20T04:05:00Z,1787198700,158.429,158.447,158.421,158.426,119,10,0
2026-08-20T04:10:00Z,1787199000,158.426,158.446,158.414,158.43,125,10,0
2026-08-20T04:15:00Z,1787199300,158.433,158.466,158.426,158.463,133,10,0
2026-08-20T04:20:00Z,1787199600,158.46,158.468,158.447,158.462,145,10,0
2026-08-20T04:25:00Z,1787199900,158.462,158.474,158.443,158.463,153,10,0
2026-08-20T04:30:00Z,1787200200,158.465,158.494,158.461,158.489,177,10,0
2026-08-20T04:35:00Z,1787200500,158.49,158.522,158.489,158.516,125,10,0
2026-08-20T04:40:00Z,1787200800,158.514,158.535,158.51,158.533,101,10,0
2026-08-20T04:45:00Z,1787201100,158.534,158.562,158.532,158.547,125,10,0
2026-08-20T04:50:00Z,1787201400,158.547,158.612,158.524,158.596,168,10,0
2026-08-20T04:55:00Z,1787201700,158.597,158.631,158.46,158.566,493,10,0
2026-08-20T05:00:00Z,1787202000,158.568,158.581,158.529,158.547,213,10,0
2026-08-20T05:05:00Z,1787202300,158.548,158.578,158.548,158.572,219,10,0
2026-08-20T05:10:00Z,1787202600,158.573,158.61,158.566,158.574,222,10,0
2026-08-20T05:15:00Z,1787202900,158.574,158.608,158.571,158.578,164,10,0
2026-08-20T05:20:00Z,1787203200,158.578,158.617,158.572,158.615,154,10,0
2026-08-20T05:25:00Z,1787203500,158.614,158.676,158.613,158.673,234,10,0
2026-08-20T05:30:00Z,1787203800,158.674,158.705,158.642,158.688,273,10,0
2026-08-20T05:35:00Z,1787204100,158.689,158.705,158.679,158.688,191,10,0
2026-08-20T05:40:00Z,1787204400,158.688,158.728,158.68,158.718,180,10,0
2026-08-20T05:45:00Z,1787204700,158.716,158.724,158.676,158.68,214,10,0
2026-08-20T05:50:00Z,1787205000,158.68,158.698,158.659,158.671,210,10,0
2026-08-20T05:55:00Z,1787205300,158.668,158.668,158.606,158.635,247,10,0
2026-08-20T06:00:00Z,1787205600,158.632,158.652,158.608,158.639,224,10,0
2026-08-20T06:05:00Z,1787205900,158.638,158.655,158.605,158.608,192,10,0
2026-08-20T06:10:00Z,1787206200,158.609,158.611,158.525,158.554,325,10,0
2026-08-20T06:15:00Z,1787206500,158.554,158.568,158.505,158.508,258,10,0
2026-08-20T06:20:00Z,1787206800,158.51,158.532,158.456,158.48,336,10,0
2026-08-20T06:25:00Z,1787207100,158.482,158.535,158.481,158.506,268,10,0
2026-08-20T06:30:00Z,1787207400,158.506,158.543,158.485,158.517,268,10,0
2026-08-20T06:35:00Z,1787207700,158.517,158.529,158.459,158.479,290,10,0
2026-08-20T06:40:00Z,1787208000,158.482,158.498,158.466,158.474,221,10,0
2026-08-20T06:45:00Z,1787208300,158.473,158.475,158.401,158.462,342,10,0
2026-08-20T06:50:00Z,1787208600,158.462,158.478,158.444,158.447,193,10,0
2026-08-20T06:55:00Z,1787208900,158.445,158.449,158.355,158.363,318,10,0
2026-08-20T07:00:00Z,1787209200,158.361,158.423,158.33,158.402,332,10,0
2026-08-20T07:05:00Z,1787209500,158.401,158.415,158.319,158.397,469,10,0
2026-08-20T07:10:00Z,1787209800,158.396,158.404,158.355,158.387,276,10,0
2026-08-20T07:15:00Z,1787210100,158.387,158.441,158.385,158.41,299,10,0
2026-08-20T07:20:00Z,1787210400,158.409,158.498,158.403,158.489,257,10,0
2026-08-20T07:25:00Z,1787210700,158.489,158.542,158.479,158.52,244,10,0
2026-08-20T07:30:00Z,1787211000,158.522,158.537,158.449,158.449,369,10,0
2026-08-20T07:35:00Z,1787211300,158.449,158.476,158.43,158.468,275,10,0
2026-08-20T07:40:00Z,1787211600,158.468,158.469,158.396,158.458,390,10,0
2026-08-20T07:45:00Z,1787211900,158.458,158.503,158.44,158.494,269,10,0
2026-08-20T07:50:00Z,1787212200,158.494,158.497,158.452,158.467,289,10,0
2026-08-20T07:55:00Z,1787212500,158.466,158.469,158.425,158.435,268,10,0
2026-08-20T08:00:00Z,1787212800,158.438,158.485,158.43,158.443,343,10,0
2026-08-20T08:05:00Z,1787213100,158.443,158.475,158.414,158.423,296,10,0
2026-08-20T08:10:00Z,1787213400,158.421,158.43,158.388,158.395,205,10,0
2026-08-20T08:15:00Z,1787213700,158.397,158.429,158.37,158.425,266,10,0
2026-08-20T08:20:00Z,1787214000,158.425,158.43,158.398,158.415,207,10,0
2026-08-20T08:25:00Z,1787214300,158.414,158.492,158.391,158.487,254,10,0
2026-08-20T08:30:00Z,1787214600,158.486,158.518,158.464,158.465,272,10,0
2026-08-20T08:35:00Z,1787214900,158.467,158.489,158.434,158.468,267,10,0
2026-08-20T08:40:00Z,1787215200,158.467,158.503,158.455,158.49,278,10,0
2026-08-20T08:45:00Z,1787215500,158.49,158.514,158.475,158.51,246,10,0
2026-08-20T08:50:00Z,1787215800,158.509,158.53,158.493,158.506,227,10,0
2026-08-20T08:55:00Z,1787216100,158.505,158.532,158.488,158.49,236,10,0
2026-08-20T09:00:00Z,1787216400,158.49,158.49,158.449,158.471,249,10,0
2026-08-20T09:05:00Z,1787216700,158.471,158.491,158.436,158.439,215,10,0
2026-08-20T09:10:00Z,1787217000,158.441,158.443,158.379,158.404,352,10,0
2026-08-20T09:15:00Z,1787217300,158.405,158.406,158.27,158.288,422,10,0
2026-08-20T09:20:00Z,1787217600,158.286,158.288,158.197,158.262,458,10,0
2026-08-20T09:25:00Z,1787217900,158.263,158.306,158.232,158.294,314,10,0
2026-08-20T09:30:00Z,1787218200,158.293,158.304,158.249,158.292,317,10,0
2026-08-20T09:35:00Z,1787218500,158.292,158.35,158.283,158.344,295,10,0
2026-08-20T09:40:00Z,1787218800,158.346,158.358,158.28,158.302,281,10,0
2026-08-20T09:45:00Z,1787219100,158.302,158.36,158.302,158.344,257,10,0
2026-08-20T09:50:00Z,1787219400,158.343,158.352,158.298,158.336,255,10,0
2026-08-20T09:55:00Z,1787219700,158.335,158.377,158.33,158.335,199,10,0
2026-08-20T10:00:00Z,1787220000,158.338,158.373,158.31,158.329,271,10,0
2026-08-20T10:05:00Z,1787220300,158.328,158.328,158.258,158.258,282,10,0
2026-08-20T10:10:00Z,1787220600,158.259,158.282,158.235,158.282,281,10,0
2026-08-20T10:15:00Z,1787220900,158.281,158.281,158.248,158.268,199,10,0
2026-08-20T10:20:00Z,1787221200,158.268,158.32,158.267,158.297,208,10,0
2026-08-20T10:25:00Z,1787221500,158.297,158.301,158.259,158.265,182,10,0
2026-08-20T10:30:00Z,1787221800,158.263,158.308,158.263,158.283,195,10,0
2026-08-20T10:35:00Z,1787222100,158.282,158.31,158.263,158.3,279,10,0
2026-08-20T10:40:00Z,1787222400,158.3,158.363,158.298,158.36,216,10,0
2026-08-20T10:45:00Z,1787222700,158.363,158.418,158.363,158.417,196,10,0
2026-08-20T10:50:00Z,1787223000,158.419,158.48,158.411,158.47,231,10,0
2026-08-20T10:55:00Z,1787223300,158.47,158.52,158.452,158.469,248,10,0
2026-08-20T11:00:00Z,1787223600,158.469,158.551,158.469,158.541,300,10,0
2026-08-20T11:05:00Z,1787223900,158.541,158.593,158.541,158.568,318,10,0
2026-08-20T11:10:00Z,1787224200,158.566,158.609,158.558,158.607,249,10,0
2026-08-20T11:15:00Z,1787224500,158.608,158.636,158.605,158.609,237,10,0
2026-08-20T11:20:00Z,1787224800,158.608,158.612,158.545,158.56,257,10,0
2026-08-20T11:25:00Z,1787225100,158.559,158.575,158.521,158.572,226,10,0
2026-08-20T11:30:00Z,1787225400,158.572,158.589,158.532,158.539,295,10,0
2026-08-20T11:35:00Z,1787225700,158.539,158.57,158.539,158.545,246,10,0
2026-08-20T11:40:00Z,1787226000,158.543,158.641,158.535,158.635,264,10,0
2026-08-20T11:45:00Z,1787226300,158.635,158.69,158.628,158.65,351,10,0
2026-08-20T11:50:00Z,1787226600,158.65,158.709,158.646,158.679,267,10,0
2026-08-20T11:55:00Z,1787226900,158.681,158.687,158.62,158.657,298,10,0
2026-08-20T12:00:00Z,1787227200,158.654,158.746,158.64,158.716,376,10,0
2026-08-20T12:05:00Z,1787227500,158.715,158.796,158.714,158.761,455,10,0
2026-08-20T12:10:00Z,1787227800,158.76,158.761,158.708,158.72,323,10,0
2026-08-20T12:15:00Z,1787228100,158.718,158.726,158.649,158.671,376,10,0
2026-08-20T12:20:00Z,1787228400,158.67,158.693,158.626,158.664,345,10,0
2026-08-20T12:25:00Z,1787228700,158.665,158.668,158.638,158.663,227,10,0
2026-08-20T12:30:00Z,1787229000,158.663,158.777,158.639,158.771,280,10,0
2026-08-20T12:35:00Z,1787229300,158.769,158.769,158.722,158.732,320,10,0
2026-08-20T12:40:00Z,1787229600,158.731,158.732,158.639,158.64,334,10,0
2026-08-20T12:45:00Z,1787229900,158.643,158.693,158.605,158.605,396,10,0
2026-08-20T12:50:00Z,1787230200,158.609,158.664,158.593,158.658,353,10,0
2026-08-20T12:55:00Z,1787230500,158.656,158.666,158.618,158.638,311,10,0
2026-08-20T13:00:00Z,1787230800,158.636,158.637,158.548,158.57,470,10,0
2026-08-20T13:05:00Z,1787231100,158.568,158.598,158.535,158.574,391,10,0
2026-08-20T13:10:00Z,1787231400,158.575,158.639,158.548,158.627,342,10,0
2026-08-20T13:15:00Z,1787231700,158.628,158.647,158.569,158.57,303,10,0
2026-08-20T13:20:00Z,1787232000,158.571,158.614,158.556,158.603,285,10,0
2026-08-20T13:25:00Z,1787232300,158.603,158.657,158.603,158.619,302,10,0
2026-08-20T13:30:00Z,1787232600,158.617,158.72,158.594,158.699,498,10,0
2026-08-20T13:35:00Z,1787232900,158.696,158.702,158.609,158.65,664,10,0
2026-08-20T13:40:00Z,1787233200,158.652,158.691,158.646,158.678,399,10,0
2026-08-20T13:45:00Z,1787233500,158.676,158.812,158.666,158.811,426,10,0
2026-08-20T13:50:00Z,1787233800,158.808,158.808,158.741,158.745,359,10,0
2026-08-20T13:55:00Z,1787234100,158.747,158.831,158.728,158.82,323,10,0
2026-08-20T14:00:00Z,1787234400,158.821,158.873,158.778,158.865,371,10,0
2026-08-20T14:05:00Z,1787234700,158.863,158.887,158.838,158.857,400,10,0
2026-08-20T14:10:00Z,1787235000,158.856,158.873,158.821,158.86,317,10,0
2026-08-20T14:15:00Z,1787235300,158.86,158.89,158.826,158.837,358,10,0
2026-08-20T14:20:00Z,1787235600,158.837,158.837,158.735,158.771,374,10,0
2026-08-20T14:25:00Z,1787235900,158.769,158.821,158.75,158.785,345,10,0
2026-08-20T14:30:00Z,1787236200,158.783,158.811,158.77,158.773,271,10,0
2026-08-20T14:35:00Z,1787236500,158.771,158.79,158.742,158.789,253,10,0
2026-08-20T14:40:00Z,1787236800,158.786,158.798,158.745,158.749,269,10,0
2026-08-20T14:45:00Z,1787237100,158.749,158.77,158.717,158.717,336,10,0
2026-08-20T14:50:00Z,1787237400,158.715,158.767,158.707,158.749,321,10,0
2026-08-20T14:55:00Z,1787237700,158.747,158.76,158.705,158.723,474,10,0
2026-08-20T15:00:00Z,1787238000,158.723,158.735,158.574,158.658,1737,10,0
2026-08-20T15:05:00Z,1787238300,158.66,158.79,158.493,158.743,1374,10,0
2026-08-20T15:10:00Z,1787238600,158.745,158.819,158.725,158.744,548,10,0
2026-08-20T15:15:00Z,1787238900,158.742,158.793,158.738,158.764,386,10,0
2026-08-20T15:20:00Z,1787239200,158.764,158.85,158.74,158.814,433,10,0
2026-08-20T15:25:00Z,1787239500,158.813,158.854,158.752,158.752,346,10,0
2026-08-20T15:30:00Z,1787239800,158.751,158.832,158.748,158.83,380,10,0
2026-08-20T15:35:00Z,1787240100,158.829,158.907,158.822,158.885,327,10,0
2026-08-20T15:40:00Z,1787240400,158.884,158.974,158.868,158.962,372,10,0
2026-08-20T15:45:00Z,1787240700,158.963,158.965,158.896,158.919,369,10,0
2026-08-20T15:50:00Z,1787241000,158.921,158.937,158.892,158.914,287,10,0
2026-08-20T15:55:00Z,1787241300,158.913,158.923,158.845,158.851,275,10,0
2026-08-20T16:00:00Z,1787241600,158.85,158.887,158.836,158.886,303,10,0
2026-08-20T16:05:00Z,1787241900,158.887,158.919,158.879,158.905,212,10,0
2026-08-20T16:10:00Z,1787242200,158.907,158.961,158.9,158.959,203,10,0
2026-08-20T16:15:00Z,1787242500,158.959,158.979,158.952,158.958,262,10,0
2026-08-20T16:20:00Z,1787242800,158.957,159.0,158.95,158.982,296,10,0
2026-08-20T16:25:00Z,1787243100,158.982,159.096,158.982,159.069,448,10,0
2026-08-20T16:30:00Z,1787243400,159.072,159.088,159.041,159.043,309,10,0
2026-08-20T16:35:00Z,1787243700,159.04,159.068,159.016,159.059,236,10,0
2026-08-20T16:40:00Z,1787244000,159.059,159.076,159.024,159.044,211,10,0
2026-08-20T16:45:00Z,1787244300,159.043,159.052,158.989,158.989,177,10,0
2026-08-20T16:50:00Z,1787244600,158.99,159.041,158.983,159.036,155,10,0
2026-08-20T16:55:00Z,1787244900,159.038,159.04,158.99,158.995,208,10,0
2026-08-20T17:00:00Z,1787245200,158.995,158.999,158.966,158.972,219,10,0
2026-08-20T17:05:00Z,1787245500,158.972,159.008,158.965,159.0,141,10,0
2026-08-20T17:10:00Z,1787245800,159.0,159.03,158.996,159.025,134,10,0
2026-08-20T17:15:00Z,1787246100,159.025,159.041,159.003,159.037,142,10,0
2026-08-20T17:20:00Z,1787246400,159.037,159.052,159.036,159.049,119,10,0
2026-08-20T17:25:00Z,1787246700,159.049,159.051,159.024,159.024,126,10,0
2026-08-20T17:30:00Z,1787247000,159.026,159.07,159.026,159.059,175,10,0
2026-08-20T17:35:00Z,1787247300,159.059,159.076,159.049,159.072,159,10,0
2026-08-20T17:40:00Z,1787247600,159.074,159.097,159.053,159.059,152,10,0
2026-08-20T17:45:00Z,1787247900,159.058,159.069,159.047,159.057,134,10,0
2026-08-20T17:50:00Z,1787248200,159.059,159.061,159.04,159.044,114,10,0
2026-08-20T17:55:00Z,1787248500,159.045,159.081,159.045,159.047,178,10,0
2026-08-20T18:00:00Z,1787248800,159.045,159.065,159.032,159.044,153,10,0
2026-08-20T18:05:00Z,1787249100,159.044,159.082,159.031,159.077,149,10,0
2026-08-20T18:10:00Z,1787249400,159.077,159.149,159.07,159.12,299,10,0
2026-08-20T18:15:00Z,1787249700,159.121,159.167,159.121,159.127,190,10,0
2026-08-20T18:20:00Z,1787250000,159.127,159.148,159.118,159.147,118,10,0
2026-08-20T18:25:00Z,1787250300,159.147,159.172,159.122,159.161,166,10,0
2026-08-20T18:30:00Z,1787250600,159.158,159.166,159.125,159.131,142,10,0
2026-08-20T18:35:00Z,1787250900,159.131,159.14,159.118,159.138,129,10,0
2026-08-20T18:40:00Z,1787251200,159.138,159.142,159.116,159.138,107,10,0
2026-08-20T18:45:00Z,1787251500,159.138,159.154,159.137,159.15,100,10,0
2026-08-20T18:50:00Z,1787251800,159.15,159.154,159.103,159.113,149,10,0
2026-08-20T18:55:00Z,1787252100,159.11,159.15,159.104,159.136,170,10,0
2026-08-20T19:00:00Z,1787252400,159.139,159.179,159.139,159.15,211,10,0
2026-08-20T19:05:00Z,1787252700,159.152,159.157,159.139,159.143,143,10,0
2026-08-20T19:10:00Z,1787253000,159.143,159.151,159.122,159.125,115,10,0
2026-08-20T19:15:00Z,1787253300,159.124,159.135,159.116,159.125,112,10,0
2026-08-20T19:20:00Z,1787253600,159.124,159.126,159.101,159.109,95,10,0
2026-08-20T19:25:00Z,1787253900,159.109,159.14,159.105,159.139,101,10,0
2026-08-20T19:30:00Z,1787254200,159.141,159.148,159.112,159.124,165,10,0
2026-08-20T19:35:00Z,1787254500,159.124,159.127,159.102,159.108,113,10,0
2026-08-20T19:40:00Z,1787254800,159.109,159.134,159.108,159.128,101,10,0
2026-08-20T19:45:00Z,1787255100,159.129,159.139,159.123,159.123,115,10,0
2026-08-20T19:50:00Z,1787255400,159.123,159.129,159.11,159.115,89,10,0
2026-08-20T19:55:00Z,1787255700,159.118,159.132,159.109,159.112,120,10,0
2026-08-20T20:00:00Z,1787256000,159.107,159.116,159.093,159.1,76,10,0
2026-08-20T20:05:00Z,1787256300,159.1,159.115,159.094,159.11,62,10,0
2026-08-20T20:10:00Z,1787256600,159.11,159.11,159.089,159.11,44,10,0
2026-08-20T20:15:00Z,1787256900,159.11,159.116,159.104,159.113,43,10,0
2026-08-20T20:20:00Z,1787257200,159.113,159.136,159.11,159.136,35,10,0
2026-08-20T20:25:00Z,1787257500,159.136,159.136,159.112,159.118,40,10,0
2026-08-20T20:30:00Z,1787257800,159.118,159.12,159.089,159.098,59,10,0
2026-08-20T20:35:00Z,1787258100,159.098,159.098,159.082,159.086,53,10,0
2026-08-20T20:40:00Z,1787258400,159.086,159.087,159.064,159.075,27,10,0
2026-08-20T20:45:00Z,1787258700,159.076,159.079,159.061,159.068,94,10,0
2026-08-20T20:50:00Z,1787259000,159.066,159.081,159.066,159.075,56,10,0
2026-08-20T20:55:00Z,1787259300,159.075,159.075,159.044,159.044,55,10,0
2026-08-20T21:00:00Z,1787259600,159.044,159.044,159.043,159.044,3,38,0
2026-08-20T21:05:00Z,1787259900,158.998,159.061,158.941,159.061,69,38,0
2026-08-20T21:10:00Z,1787260200,159.061,159.067,159.05,159.061,30,26,0
2026-08-20T21:15:00Z,1787260500,159.062,159.063,159.005,159.005,26,38,0
2026-08-20T21:20:00Z,1787260800,159.002,159.039,159.002,159.038,33,38,0
2026-08-20T21:25:00Z,1787261100,159.039,159.049,159.02,159.031,18,26,0
2026-08-20T21:30:00Z,1787261400,159.031,159.043,159.018,159.035,44,26,0
2026-08-20T21:35:00Z,1787261700,159.043,159.043,159.032,159.042,34,26,0
2026-08-20T21:40:00Z,1787262000,159.035,159.063,159.017,159.062,89,26,0
2026-08-20T21:45:00Z,1787262300,159.061,159.063,159.034,159.053,86,26,0
2026-08-20T21:50:00Z,1787262600,159.053,159.064,159.032,159.06,129,26,0
2026-08-20T21:55:00Z,1787262900,159.059,159.064,159.009,159.036,33,38,0
2026-08-20T22:00:00Z,1787263200,159.046,159.067,159.021,159.027,61,10,0
2026-08-20T22:05:00Z,1787263500,159.027,159.035,159.022,159.022,28,10,0
2026-08-20T22:10:00Z,1787263800,159.024,159.03,159.014,159.017,81,10,0
2026-08-20T22:15:00Z,1787264100,159.017,159.029,159.014,159.024,79,10,0
2026-08-20T22:20:00Z,1787264400,159.024,159.025,158.997,158.998,86,10,0
2026-08-20T22:25:00Z,1787264700,158.998,159.003,158.943,158.982,114,10,0
2026-08-20T22:30:00Z,1787265000,158.982,159.006,158.98,159.004,76,10,0
2026-08-20T22:35:00Z,1787265300,159.004,159.005,158.991,158.992,75,10,0
2026-08-20T22:40:00Z,1787265600,158.995,158.995,158.968,158.99,69,10,0
2026-08-20T22:45:00Z,1787265900,158.99,158.995,158.966,158.981,81,10,0
2026-08-20T22:50:00Z,1787266200,158.981,158.981,158.933,158.96,143,10,0
2026-08-20T22:55:00Z,1787266500,158.959,158.97,158.949,158.953,107,10,0
2026-08-20T23:00:00Z,1787266800,158.956,158.956,158.914,158.923,160,10,0
2026-08-20T23:05:00Z,1787267100,158.922,158.944,158.922,158.932,131,10,0
2026-08-20T23:10:00Z,1787267400,158.932,158.934,158.894,158.904,110,10,0
2026-08-20T23:15:00Z,1787267700,158.905,158.908,158.877,158.886,106,10,0
2026-08-20T23:20:00Z,1787268000,158.885,158.891,158.884,158.885,82,10,0
2026-08-20T23:25:00Z,1787268300,158.885,158.911,158.872,158.902,108,10,0
2026-08-20T23:30:00Z,1787268600,158.902,158.938,158.87,158.925,151,10,0
2026-08-20T23:35:00Z,1787268900,158.928,158.943,158.924,158.931,123,10,0
2026-08-20T23:40:00Z,1787269200,158.931,158.932,158.883,158.897,172,10,0
2026-08-20T23:45:00Z,1787269500,158.899,158.915,158.867,158.88,157,10,0
2026-08-20T23:50:00Z,1787269800,158.881,158.924,158.877,158.92,163,10,0
2026-08-20T23:55:00Z,1787270100,158.92,158.924,158.892,158.893,164,10,0
2026-08-21T00:00:00Z,1787270400,158.889,158.98,158.864,158.952,495,10,0
2026-08-21T00:05:00Z,1787270700,158.952,159.017,158.951,159.002,367,10,0
2026-08-21T00:10:00Z,1787271000,159.004,159.01,158.952,158.965,242,10,0
2026-08-21T00:15:00Z,1787271300,158.967,158.995,158.911,158.919,263,10,0
2026-08-21T00:20:00Z,1787271600,158.92,158.966,158.907,158.962,235,10,0
2026-08-21T00:25:00Z,1787271900,158.964,159.021,158.951,158.997,256,10,0
2026-08-21T00:30:00Z,1787272200,158.997,159.074,158.995,159.063,233,10,0
2026-08-21T00:35:00Z,1787272500,159.064,159.088,159.035,159.077,225,10,0
2026-08-21T00:40:00Z,1787272800,159.076,159.097,159.059,159.084,206,10,0
2026-08-21T00:45:00Z,1787273100,159.083,159.125,159.075,159.112,211,10,0
2026-08-21T00:50:00Z,1787273400,159.114,159.115,159.047,159.077,532,10,0
2026-08-21T00:55:00Z,1787273700,159.074,159.11,159.048,159.09,303,10,0
2026-08-21T01:00:00Z,1787274000,159.09,159.13,159.057,159.097,337,10,0
2026-08-21T01:05:00Z,1787274300,159.098,159.125,159.078,159.1,264,10,0
2026-08-21T01:10:00Z,1787274600,159.104,159.118,159.06,159.07,236,10,0
2026-08-21T01:15:00Z,1787274900,159.07,159.083,159.019,159.046,267,10,0
2026-08-21T01:20:00Z,1787275200,159.045,159.05,158.968,158.983,274,10,0
2026-08-21T01:25:00Z,1787275500,158.984,158.984,158.946,158.972,265,10,0
2026-08-21T01:30:00Z,1787275800,158.969,158.971,158.916,158.933,233,10,0
2026-08-21T01:35:00Z,1787276100,158.93,158.96,158.903,158.958,285,10,0
2026-08-21T01:40:00Z,1787276400,158.958,158.995,158.956,158.995,230,10,0
2026-08-21T01:45:00Z,1787276700,158.995,158.995,158.946,158.949,203,10,0
2026-08-21T01:50:00Z,1787277000,158.949,158.999,158.945,158.982,188,10,0
2026-08-21T01:55:00Z,1787277300,158.982,158.985,158.942,158.943,218,10,0
2026-08-21T02:00:00Z,1787277600,158.944,158.984,158.921,158.984,220,10,0
2026-08-21T02:05:00Z,1787277900,158.985,159.016,158.971,158.986,258,10,0
2026-08-21T02:10:00Z,1787278200,158.987,158.995,158.966,158.973,177,10,0
2026-08-21T02:15:00Z,1787278500,158.973,159.009,158.973,159.0,145,10,0
2026-08-21T02:20:00Z,1787278800,159.0,159.02,158.938,158.959,362,10,0
2026-08-21T02:25:00Z,1787279100,158.957,158.991,158.946,158.991,204,10,0
2026-08-21T02:30:00Z,1787279400,158.989,158.989,158.946,158.948,165,10,0
2026-08-21T02:35:00Z,1787279700,158.948,158.951,158.91,158.913,160,10,0
2026-08-21T02:40:00Z,1787280000,158.915,158.945,158.888,158.929,197,10,0
2026-08-21T02:45:00Z,1787280300,158.928,158.929,158.872,158.894,183,10,0
2026-08-21T02:50:00Z,1787280600,158.894,158.936,158.882,158.93,184,10,0
2026-08-21T02:55:00Z,1787280900,158.931,158.967,158.93,158.965,220,10,0
2026-08-21T03:00:00Z,1787281200,158.965,158.987,158.943,158.987,172,10,0
2026-08-21T03:05:00Z,1787281500,158.988,158.988,158.95,158.961,131,10,0
2026-08-21T03:10:00Z,1787281800,158.962,158.968,158.946,158.956,119,10,0
2026-08-21T03:15:00Z,1787282100,158.954,158.965,158.933,158.958,113,10,0
2026-08-21T03:20:00Z,1787282400,158.958,158.981,158.951,158.978,143,10,0
2026-08-21T03:25:00Z,1787282700,158.98,159.003,158.971,158.999,137,10,0
2026-08-21T03:30:00Z,1787283000,158.999,159.062,158.997,159.048,152,10,0
2026-08-21T03:35:00Z,1787283300,159.047,159.084,159.042,159.054,137,10,0
2026-08-21T03:40:00Z,1787283600,159.055,159.065,159.037,159.039,112,10,0
2026-08-21T03:45:00Z,1787283900,159.039,159.065,159.038,159.054,102,10,0
2026-08-21T03:50:00Z,1787284200,159.053,159.066,159.017,159.018,139,10,0
2026-08-21T03:55:00Z,1787284500,159.018,159.018,158.989,158.996,152,10,0
2026-08-21T04:00:00Z,1787284800,158.998,159.01,158.954,158.962,138,10,0
2026-08-21T04:05:00Z,1787285100,158.962,158.991,158.95,158.981,141,10,0
2026-08-21T04:10:00Z,1787285400,158.982,158.994,158.97,158.978,129,10,0
2026-08-21T04:15:00Z,1787285700,158.979,158.991,158.965,158.969,89,10,0
2026-08-21T04:20:00Z,1787286000,158.969,159.01,158.969,159.007,97,10,0
2026-08-21T04:25:00Z,1787286300,159.007,159.028,159.005,159.009,94,10,0
2026-08-21T04:30:00Z,1787286600,159.009,159.029,159.006,159.016,120,10,0
2026-08-21T04:35:00Z,1787286900,159.016,159.046,159.016,159.033,91,10,0
2026-08-21T04:40:00Z,1787287200,159.034,159.061,159.029,159.03,110,10,0
2026-08-21T04:45:00Z,1787287500,159.03,159.053,159.024,159.05,107,10,0
2026-08-21T04:50:00Z,1787287800,159.05,159.051,159.03,159.034,76,10,0
2026-08-21T04:55:00Z,1787288100,159.034,159.035,158.985,158.999,122,10,0
2026-08-21T05:00:00Z,1787288400,159.001,159.027,158.995,158.995,162,10,0
2026-08-21T05:05:00Z,1787288700,158.996,159.01,158.988,159.004,123,10,0
2026-08-21T05:10:00Z,1787289000,159.004,159.015,158.987,159.012,120,10,0
2026-08-21T05:15:00Z,1787289300,159.013,159.018,158.999,159.013,147,10,0
2026-08-21T05:20:00Z,1787289600,159.015,159.029,159.014,159.017,87,10,0
2026-08-21T05:25:00Z,1787289900,159.017,159.026,159.004,159.013,99,10,0
2026-08-21T05:30:00Z,1787290200,159.012,159.013,158.961,158.962,142,10,0
2026-08-21T05:35:00Z,1787290500,158.962,158.964,158.889,158.913,246,10,0
2026-08-21T05:40:00Z,1787290800,158.913,158.941,158.849,158.849,212,10,0
2026-08-21T05:45:00Z,1787291100,158.852,158.895,158.826,158.831,241,10,0
2026-08-21T05:50:00Z,1787291400,158.833,158.855,158.809,158.851,267,10,0
2026-08-21T05:55:00Z,1787291700,158.847,158.857,158.814,158.832,220,10,0
2026-08-21T06:00:00Z,1787292000,158.831,158.886,158.79,158.872,250,10,0
2026-08-21T06:05:00Z,1787292300,158.871,158.899,158.858,158.872,219,10,0
2026-08-21T06:10:00Z,1787292600,158.872,158.912,158.871,158.898,237,10,0
2026-08-21T06:15:00Z,1787292900,158.895,158.933,158.877,158.93,193,10,0
2026-08-21T06:20:00Z,1787293200,158.928,158.964,158.922,158.955,247,10,0
2026-08-21T06:25:00Z,1787293500,158.957,158.977,158.947,158.976,161,10,0
2026-08-21T06:30:00Z,1787293800,158.976,158.983,158.901,158.906,216,10,0
2026-08-21T06:35:00Z,1787294100,158.905,158.947,158.891,158.934,221,10,0
2026-08-21T06:40:00Z,1787294400,158.933,158.961,158.916,158.929,222,10,0
2026-08-21T06:45:00Z,1787294700,158.929,158.953,158.887,158.888,276,10,0
2026-08-21T06:50:00Z,1787295000,158.891,158.905,158.872,158.9,187,10,0
2026-08-21T06:55:00Z,1787295300,158.898,158.93,158.881,158.888,260,10,0
2026-08-21T07:00:00Z,1787295600,158.89,158.917,158.825,158.855,345,10,0
2026-08-21T07:05:00Z,1787295900,158.854,158.906,158.842,158.899,266,10,0
2026-08-21T07:10:00Z,1787296200,158.901,158.931,158.885,158.886,243,10,0
2026-08-21T07:15:00Z,1787296500,158.884,158.903,158.855,158.868,216,10,0
2026-08-21T07:20:00Z,1787296800,158.868,158.916,158.864,158.886,212,10,0
2026-08-21T07:25:00Z,1787297100,158.886,158.901,158.872,158.88,205,10,0
2026-08-21T07:30:00Z,1787297400,158.882,158.889,158.81,158.828,306,10,0
2026-08-21T07:35:00Z,1787297700,158.828,158.838,158.767,158.775,316,10,0
2026-08-21T07:40:00Z,1787298000,158.778,158.844,158.76,158.837,283,10,0
2026-08-21T07:45:00Z,1787298300,158.836,158.843,158.763,158.771,329,10,0
2026-08-21T07:50:00Z,1787298600,158.769,158.843,158.73,158.823,354,10,0
2026-08-21T07:55:00Z,1787298900,158.822,158.836,158.798,158.818,293,10,0
2026-08-21T08:00:00Z,1787299200,158.818,158.833,158.765,158.798,282,10,0
2026-08-21T08:05:00Z,1787299500,158.798,158.869,158.775,158.835,278,10,0
2026-08-21T08:10:00Z,1787299800,158.834,158.838,158.802,158.811,223,10,0
2026-08-21T08:15:00Z,1787300100,158.809,158.839,158.786,158.805,250,10,0
2026-08-21T08:20:00Z,1787300400,158.807,158.84,158.793,158.795,242,10,0
2026-08-21T08:25:00Z,1787300700,158.795,158.797,158.714,158.726,375,10,0
2026-08-21T08:30:00Z,1787301000,158.723,158.747,158.684,158.685,264,10,0
2026-08-21T08:35:00Z,1787301300,158.683,158.707,158.603,158.606,404,10,0
2026-08-21T08:40:00Z,1787301600,158.606,158.622,158.552,158.57,391,10,0
2026-08-21T08:45:00Z,1787301900,158.572,158.639,158.561,158.602,447,10,0
2026-08-21T08:50:00Z,1787302200,158.601,158.605,158.547,158.568,328,10,0
2026-08-21T08:55:00Z,1787302500,158.568,158.588,158.507,158.523,398,10,0
2026-08-21T09:00:00Z,1787302800,158.523,158.555,158.462,158.479,560,10,0
2026-08-21T09:05:00Z,1787303100,158.479,158.536,158.38,158.394,608,10,0
2026-08-21T09:10:00Z,1787303400,158.391,158.436,158.351,158.42,414,10,0
2026-08-21T09:15:00Z,1787303700,158.42,158.463,158.407,158.459,354,10,0
2026-08-21T09:20:00Z,1787304000,158.459,158.482,158.416,158.462,399,10,0
2026-08-21T09:25:00Z,1787304300,158.461,158.514,158.461,158.485,312,10,0
2026-08-21T09:30:00Z,1787304600,158.487,158.516,158.444,158.455,315,10,0
2026-08-21T09:35:00Z,1787304900,158.458,158.495,158.454,158.483,360,10,0
2026-08-21T09:40:00Z,1787305200,158.483,158.547,158.482,158.533,265,10,0
2026-08-21T09:45:00Z,1787305500,158.531,158.577,158.529,158.553,230,10,0
2026-08-21T09:50:00Z,1787305800,158.551,158.595,158.551,158.566,220,10,0
2026-08-21T09:55:00Z,1787306100,158.566,158.605,158.551,158.6,225,10,0
2026-08-21T10:00:00Z,1787306400,158.601,158.615,158.569,158.607,268,10,0
2026-08-21T10:05:00Z,1787306700,158.608,158.635,158.577,158.628,201,10,0
2026-08-21T10:10:00Z,1787307000,158.628,158.646,158.616,158.632,162,10,0
2026-08-21T10:15:00Z,1787307300,158.631,158.633,158.566,158.583,223,10,0
2026-08-21T10:20:00Z,1787307600,158.583,158.606,158.575,158.575,156,10,0
2026-08-21T10:25:00Z,1787307900,158.574,158.581,158.52,158.53,228,10,0
2026-08-21T10:30:00Z,1787308200,158.53,158.573,158.53,158.568,167,10,0
2026-08-21T10:35:00Z,1787308500,158.57,158.581,158.554,158.575,170,10,0
2026-08-21T10:40:00Z,1787308800,158.577,158.609,158.577,158.59,159,10,0
2026-08-21T10:45:00Z,1787309100,158.587,158.63,158.581,158.627,134,10,0
2026-08-21T10:50:00Z,1787309400,158.63,158.715,158.63,158.704,343,10,0
2026-08-21T10:55:00Z,1787309700,158.705,158.73,158.684,158.697,261,10,0
2026-08-21T11:00:00Z,1787310000,158.698,158.704,158.676,158.689,260,10,0
2026-08-21T11:05:00Z,1787310300,158.69,158.766,158.686,158.73,252,10,0
2026-08-21T11:10:00Z,1787310600,158.731,158.737,158.704,158.728,182,10,0
2026-08-21T11:15:00Z,1787310900,158.729,158.729,158.697,158.713,187,10,0
2026-08-21T11:20:00Z,1787311200,158.714,158.722,158.587,158.619,632,10,0
2026-08-21T11:25:00Z,1787311500,158.621,158.644,158.551,158.556,661,10,0
2026-08-21T11:30:00Z,1787311800,158.558,158.67,158.55,158.645,435,10,0
2026-08-21T11:35:00Z,1787312100,158.646,158.652,158.553,158.594,543,10,0
2026-08-21T11:40:00Z,1787312400,158.592,158.659,158.587,158.624,342,10,0
2026-08-21T11:45:00Z,1787312700,158.624,158.69,158.624,158.667,222,10,0
2026-08-21T11:50:00Z,1787313000,158.666,158.707,158.666,158.694,258,10,0
2026-08-21T11:55:00Z,1787313300,158.695,158.709,158.647,158.684,207,10,0
2026-08-21T12:00:00Z,1787313600,158.682,158.707,158.618,158.7,354,10,0
2026-08-21T12:05:00Z,1787313900,158.698,158.704,158.645,158.691,257,10,0
2026-08-21T12:10:00Z,1787314200,158.688,158.715,158.686,158.713,271,10,0
2026-08-21T12:15:00Z,1787314500,158.715,158.751,158.695,158.71,289,10,0
2026-08-21T12:20:00Z,1787314800,158.708,158.735,158.661,158.675,318,10,0
2026-08-21T12:25:00Z,1787315100,158.673,158.71,158.673,158.702,189,10,0
2026-08-21T12:30:00Z,1787315400,158.702,158.766,158.702,158.746,249,10,0
2026-08-21T12:35:00Z,1787315700,158.747,158.833,158.741,158.827,335,10,0
2026-08-21T12:40:00Z,1787316000,158.828,158.841,158.741,158.766,349,10,0
2026-08-21T12:45:00Z,1787316300,158.765,158.786,158.751,158.765,214,10,0
2026-08-21T12:50:00Z,1787316600,158.766,158.809,158.761,158.761,233,10,0
2026-08-21T12:55:00Z,1787316900,158.76,158.788,158.735,158.748,253,10,0
2026-08-21T13:00:00Z,1787317200,158.745,158.788,158.717,158.777,304,10,0
2026-08-21T13:05:00Z,1787317500,158.777,158.834,158.758,158.802,318,10,0
2026-08-21T13:10:00Z,1787317800,158.799,158.814,158.77,158.781,228,10,0
2026-08-21T13:15:00Z,1787318100,158.781,158.866,158.774,158.844,308,10,0
2026-08-21T13:20:00Z,1787318400,158.844,158.864,158.807,158.852,254,10,0
2026-08-21T13:25:00Z,1787318700,158.852,158.866,158.831,158.856,265,10,0
2026-08-21T13:30:00Z,1787319000,158.858,158.884,158.835,158.863,332,10,0
2026-08-21T13:35:00Z,1787319300,158.866,158.868,158.799,158.819,270,10,0
2026-08-21T13:40:00Z,1787319600,158.822,158.84,158.804,158.827,218,10,0
2026-08-21T13:45:00Z,1787319900,158.831,158.892,158.817,158.854,320,10,0
2026-08-21T13:50:00Z,1787320200,158.853,158.858,158.763,158.772,392,10,0
2026-08-21T13:55:00Z,1787320500,158.77,158.798,158.75,158.771,277,10,0
2026-08-21T14:00:00Z,1787320800,158.768,158.841,158.764,158.824,258,10,0
2026-08-21T14:05:00Z,1787321100,158.825,158.878,158.804,158.862,277,10,0
2026-08-21T14:10:00Z,1787321400,158.863,158.877,158.83,158.839,259,10,0
2026-08-21T14:15:00Z,1787321700,158.837,158.853,158.813,158.849,229,10,0
2026-08-21T14:20:00Z,1787322000,158.851,158.895,158.849,158.868,244,10,0
2026-08-21T14:25:00Z,1787322300,158.868,158.888,158.849,158.883,221,10,0
2026-08-21T14:30:00Z,1787322600,158.884,158.962,158.884,158.962,402,10,0
2026-08-21T14:35:00Z,1787322900,158.964,159.006,158.95,158.965,376,10,0
2026-08-21T14:40:00Z,1787323200,158.966,158.994,158.918,158.977,340,10,0
2026-08-21T14:45:00Z,1787323500,158.976,158.976,158.926,158.938,256,10,0
2026-08-21T14:50:00Z,1787323800,158.935,158.958,158.9,158.937,282,10,0
2026-08-21T14:55:00Z,1787324100,158.937,159.003,158.928,158.952,454,10,0
2026-08-21T15:00:00Z,1787324400,158.952,158.983,158.91,158.935,397,10,0
2026-08-21T15:05:00Z,1787324700,158.936,158.984,158.92,158.976,321,10,0
2026-08-21T15:10:00Z,1787325000,158.973,159.031,158.949,159.01,336,10,0
2026-08-21T15:15:00Z,1787325300,159.009,159.036,158.989,159.0,298,10,0
2026-08-21T15:20:00Z,1787325600,159.002,159.031,158.989,159.026,224,10,0
2026-08-21T15:25:00Z,1787325900,159.024,159.028,158.952,158.976,243,10,0
2026-08-21T15:30:00Z,1787326200,158.973,158.986,158.93,158.932,251,10,0
2026-08-21T15:35:00Z,1787326500,158.931,158.971,158.906,158.939,278,10,0
2026-08-21T15:40:00Z,1787326800,158.941,158.95,158.909,158.917,222,10,0
2026-08-21T15:45:00Z,1787327100,158.917,158.953,158.911,158.951,180,10,0
2026-08-21T15:50:00Z,1787327400,158.952,158.957,158.922,158.935,207,10,0
2026-08-21T15:55:00Z,1787327700,158.935,158.944,158.897,158.912,200,10,0
2026-08-21T16:00:00Z,1787328000,158.912,158.939,158.912,158.925,185,10,0
2026-08-21T16:05:00Z,1787328300,158.924,158.978,158.919,158.97,221,10,0
2026-08-21T16:10:00Z,1787328600,158.969,158.972,158.936,158.944,152,10,0
2026-08-21T16:15:00Z,1787328900,158.944,158.967,158.937,158.967,123,10,0
2026-08-21T16:20:00Z,1787329200,158.968,158.969,158.819,158.938,726,10,0
2026-08-21T16:25:00Z,1787329500,158.937,158.966,158.917,158.95,198,10,0
2026-08-21T16:30:00Z,1787329800,158.95,158.958,158.929,158.947,157,10,0
2026-08-21T16:35:00Z,1787330100,158.947,158.953,158.927,158.931,162,10,0
2026-08-21T16:40:00Z,1787330400,158.933,158.963,158.93,158.948,173,10,0
2026-08-21T16:45:00Z,1787330700,158.948,158.95,158.93,158.933,152,10,0
2026-08-21T16:50:00Z,1787331000,158.933,158.96,158.919,158.942,160,10,0
2026-08-21T16:55:00Z,1787331300,158.944,158.967,158.944,158.961,130,10,0
2026-08-21T17:00:00Z,1787331600,158.963,159.0,158.963,158.996,168,10,0
2026-08-21T17:05:00Z,1787331900,158.996,159.033,158.99,159.007,172,10,0
2026-08-21T17:10:00Z,1787332200,159.007,159.031,159.005,159.015,121,10,0
2026-08-21T17:15:00Z,1787332500,159.015,159.041,159.002,159.012,142,10,0
2026-08-21T17:20:00Z,1787332800,159.012,159.022,159.004,159.017,103,10,0
2026-08-21T17:25:00Z,1787333100,159.018,159.029,158.958,158.989,176,10,0
2026-08-21T17:30:00Z,1787333400,158.99,159.006,158.975,158.975,164,10,0
2026-08-21T17:35:00Z,1787333700,158.975,158.996,158.966,158.992,156,10,0
2026-08-21T17:40:00Z,1787334000,158.992,159.017,158.987,159.013,114,10,0
2026-08-21T17:45:00Z,1787334300,159.013,159.032,159.011,159.027,101,10,0
2026-08-21T17:50:00Z,1787334600,159.027,159.031,159.006,159.012,91,10,0
2026-08-21T17:55:00Z,1787334900,159.012,159.019,159.004,159.012,101,10,0
2026-08-21T18:00:00Z,1787335200,159.012,159.014,158.979,158.986,126,10,0
2026-08-21T18:05:00Z,1787335500,158.986,159.007,158.984,159.001,114,10,0
2026-08-21T18:10:00Z,1787335800,159.001,159.012,158.998,159.011,85,10,0
2026-08-21T18:15:00Z,1787336100,159.011,159.018,159.003,159.005,86,10,0
2026-08-21T18:20:00Z,1787336400,159.005,159.03,159.005,159.026,77,10,0
2026-08-21T18:25:00Z,1787336700,159.026,159.026,159.002,159.012,117,10,0
2026-08-21T18:30:00Z,1787337000,159.013,159.028,159.012,159.021,91,10,0
2026-08-21T18:35:00Z,1787337300,159.021,159.032,159.004,159.017,131,10,0
2026-08-21T18:40:00Z,1787337600,159.017,159.028,159.013,159.024,68,10,0
2026-08-21T18:45:00Z,1787337900,159.021,159.03,159.011,159.027,98,10,0
2026-08-21T18:50:00Z,1787338200,159.027,159.049,159.027,159.031,90,10,0
2026-08-21T18:55:00Z,1787338500,159.032,159.043,159.012,159.017,93,10,0
2026-08-21T19:00:00Z,1787338800,159.016,159.026,159.005,159.017,181,10,0
2026-08-21T19:05:00Z,1787339100,159.016,159.019,159.008,159.017,95,10,0
2026-08-21T19:10:00Z,1787339400,159.016,159.034,159.016,159.028,92,10,0
2026-08-21T19:15:00Z,1787339700,159.029,159.038,159.022,159.023,65,10,0
2026-08-21T19:20:00Z,1787340000,159.023,159.026,159.012,159.023,55,10,0
2026-08-21T19:25:00Z,1787340300,159.022,159.037,159.022,159.03,68,10,0
2026-08-21T19:30:00Z,1787340600,159.03,159.033,159.014,159.022,92,10,0
2026-08-21T19:35:00Z,1787340900,159.022,159.024,158.99,158.993,91,10,0
2026-08-21T19:40:00Z,1787341200,158.994,159.007,158.991,159.005,83,10,0
2026-08-21T19:45:00Z,1787341500,159.005,159.007,158.956,158.957,75,10,0
2026-08-21T19:50:00Z,1787341800,158.96,158.992,158.957,158.975,138,10,0
2026-08-21T19:55:00Z,1787342100,158.977,159.004,158.977,158.995,148,10,0
2026-08-21T20:00:00Z,1787342400,158.995,159.003,158.988,158.989,78,10,0
2026-08-21T20:05:00Z,1787342700,158.989,159.005,158.983,158.983,58,10,0
2026-08-21T20:10:00Z,1787343000,158.983,159.0,158.979,158.982,61,10,0
2026-08-21T20:15:00Z,1787343300,158.981,158.986,158.96,158.986,57,10,0
2026-08-21T20:20:00Z,1787343600,158.986,158.997,158.964,158.991,87,10,0
2026-08-21T20:25:00Z,1787343900,158.991,159.0,158.982,158.999,72,10,0
2026-08-21T20:30:00Z,1787344200,158.999,159.011,158.992,159.003,51,10,0
2026-08-21T20:35:00Z,1787344500,159.003,159.003,158.993,158.998,27,10,0
2026-08-21T20:40:00Z,1787344800,159.003,159.005,158.97,158.976,107,10,0
2026-08-21T20:45:00Z,1787345100,158.976,158.988,158.972,158.975,69,10,0
2026-08-21T20:50:00Z,1787345400,158.975,158.991,158.973,158.977,77,10,0
2026-08-21T20:55:00Z,1787345700,158.978,158.978,158.967,158.973,101,10,0
2026-08-23T21:05:00Z,1787519100,158.983,158.986,158.937,158.984,15,61,0
2026-08-23T21:10:00Z,1787519400,158.986,158.986,158.978,158.984,13,61,0
2026-08-23T21:15:00Z,1787519700,158.984,158.984,158.781,158.866,53,61,0
2026-08-23T21:20:00Z,1787520000,158.866,158.873,158.649,158.717,92,111,0
2026-08-23T21:25:00Z,1787520300,158.72,158.77,158.72,158.77,42,91,0
2026-08-23T21:30:00Z,1787520600,158.769,158.809,158.589,158.654,136,38,0
2026-08-23T21:35:00Z,1787520900,158.651,158.749,158.421,158.749,192,99,0
2026-08-23T21:40:00Z,1787521200,158.75,158.82,158.75,158.798,73,84,0
2026-08-23T21:45:00Z,1787521500,158.803,158.878,158.796,158.878,86,95,0
2026-08-23T21:50:00Z,1787521800,158.878,158.919,158.864,158.918,65,65,0
2026-08-23T21:55:00Z,1787522100,158.918,158.923,158.638,158.813,95,38,0
2026-08-23T22:00:00Z,1787522400,158.857,158.934,158.857,158.902,113,10,0
2026-08-23T22:05:00Z,1787522700,158.902,158.902,158.855,158.864,42,10,0
2026-08-23T22:10:00Z,1787523000,158.864,158.903,158.862,158.895,130,10,0
2026-08-23T22:15:00Z,1787523300,158.895,158.922,158.894,158.922,75,10,0
2026-08-23T22:20:00Z,1787523600,158.921,158.943,158.92,158.942,88,10,0
2026-08-23T22:25:00Z,1787523900,158.941,158.949,158.923,158.923,56,10,0
2026-08-23T22:30:00Z,1787524200,158.928,158.956,158.92,158.956,75,10,0
2026-08-23T22:35:00Z,1787524500,158.956,158.956,158.939,158.944,74,10,0
2026-08-23T22:40:00Z,1787524800,158.945,158.952,158.935,158.952,61,10,0
2026-08-23T22:45:00Z,1787525100,158.952,158.959,158.947,158.952,76,10,0
2026-08-23T22:50:00Z,1787525400,158.952,158.958,158.931,158.949,68,10,0
2026-08-23T22:55:00Z,1787525700,158.949,158.96,158.947,158.957,51,10,0
2026-08-23T23:00:00Z,1787526000,158.959,158.975,158.938,158.953,145,10,0
2026-08-23T23:05:00Z,1787526300,158.952,158.959,158.945,158.953,67,10,0
2026-08-23T23:10:00Z,1787526600,158.953,158.954,158.941,158.953,77,10,0
2026-08-23T23:15:00Z,1787526900,158.953,158.958,158.95,158.957,57,10,0
2026-08-23T23:20:00Z,1787527200,158.957,158.965,158.952,158.964,77,10,0
2026-08-23T23:25:00Z,1787527500,158.964,158.983,158.957,158.967,66,10,0
2026-08-23T23:30:00Z,1787527800,158.967,158.982,158.964,158.978,59,10,0
2026-08-23T23:35:00Z,1787528100,158.978,158.982,158.969,158.981,55,10,0
2026-08-23T23:40:00Z,1787528400,158.981,158.999,158.981,158.985,88,10,0
2026-08-23T23:45:00Z,1787528700,158.987,158.993,158.975,158.976,101,10,0
2026-08-23T23:50:00Z,1787529000,158.976,158.978,158.929,158.932,150,10,0
2026-08-23T23:55:00Z,1787529300,158.932,158.938,158.867,158.876,176,10,0
2026-08-24T00:00:00Z,1787529600,158.874,158.882,158.844,158.864,374,10,0
2026-08-24T00:05:00Z,1787529900,158.863,158.882,158.809,158.85,279,10,0
2026-08-24T00:10:00Z,1787530200,158.848,158.858,158.806,158.831,246,10,0
2026-08-24T00:15:00Z,1787530500,158.834,158.834,158.795,158.819,261,10,0
2026-08-24T00:20:00Z,1787530800,158.819,158.821,158.73,158.748,341,10,0
2026-08-24T00:25:00Z,1787531100,158.749,158.773,158.738,158.769,269,10,0
2026-08-24T00:30:00Z,1787531400,158.767,158.786,158.728,158.732,274,10,0
2026-08-24T00:35:00Z,1787531700,158.734,158.76,158.709,158.732,260,10,0
2026-08-24T00:40:00Z,1787532000,158.731,158.76,158.725,158.743,208,10,0
2026-08-24T00:45:00Z,1787532300,158.742,158.81,158.716,158.791,282,10,0
2026-08-24T00:50:00Z,1787532600,158.789,158.806,158.737,158.742,467,10,0
2026-08-24T00:55:00Z,1787532900,158.74,158.782,158.7,158.724,372,10,0
2026-08-24T01:00:00Z,1787533200,158.725,158.785,158.715,158.784,292,10,0
2026-08-24T01:05:00Z,1787533500,158.783,158.81,158.757,158.789,221,10,0
2026-08-24T01:10:00Z,1787533800,158.789,158.843,158.784,158.841,154,10,0
2026-08-24T01:15:00Z,1787534100,158.841,158.883,158.841,158.872,231,10,0
2026-08-24T01:20:00Z,1787534400,158.872,158.917,158.855,158.863,262,10,0
2026-08-24T01:25:00Z,1787534700,158.863,158.92,158.862,158.915,234,10,0
2026-08-24T01:30:00Z,1787535000,158.915,158.947,158.913,158.92,188,10,0
2026-08-24T01:35:00Z,1787535300,158.918,158.943,158.915,158.926,170,10,0
2026-08-24T01:40:00Z,1787535600,158.926,158.928,158.883,158.891,192,10,0
2026-08-24T01:45:00Z,1787535900,158.889,158.896,158.865,158.866,140,10,0
2026-08-24T01:50:00Z,1787536200,158.868,158.883,158.848,158.852,189,10,0
2026-08-24T01:55:00Z,1787536500,158.852,158.858,158.824,158.838,191,10,0
2026-08-24T02:00:00Z,1787536800,158.838,158.853,158.812,158.826,204,10,0
2026-08-24T02:05:00Z,1787537100,158.825,158.857,158.825,158.849,151,10,0
2026-08-24T02:10:00Z,1787537400,158.849,158.862,158.832,158.835,185,10,0
2026-08-24T02:15:00Z,1787537700,158.835,158.85,158.804,158.838,208,10,0
2026-08-24T02:20:00Z,1787538000,158.838,158.842,158.826,158.826,130,10,0
2026-08-24T02:25:00Z,1787538300,158.827,158.855,158.81,158.852,138,10,0
2026-08-24T02:30:00Z,1787538600,158.853,158.903,158.851,158.901,132,10,0
2026-08-24T02:35:00Z,1787538900,158.901,158.915,158.887,158.903,169,10,0
2026-08-24T02:40:00Z,1787539200,158.904,158.915,158.889,158.889,138,10,0
2026-08-24T02:45:00Z,1787539500,158.889,158.898,158.876,158.896,117,10,0
2026-08-24T02:50:00Z,1787539800,158.895,158.909,158.866,158.869,167,10,0
2026-08-24T02:55:00Z,1787540100,158.868,158.881,158.858,158.874,136,10,0
2026-08-24T03:00:00Z,1787540400,158.874,158.911,158.874,158.905,153,10,0
2026-08-24T03:05:00Z,1787540700,158.905,158.941,158.902,158.917,170,10,0
2026-08-24T03:10:00Z,1787541000,158.92,158.933,158.906,158.915,140,10,0
2026-08-24T03:15:00Z,1787541300,158.915,158.927,158.903,158.908,123,10,0
2026-08-24T03:20:00Z,1787541600,158.908,158.933,158.892,158.894,131,10,0
2026-08-24T03:25:00Z,1787541900,158.894,158.916,158.892,158.914,114,10,0
2026-08-24T03:30:00Z,1787542200,158.916,158.919,158.909,158.915,90,10,0
2026-08-24T03:35:00Z,1787542500,158.913,158.94,158.913,158.933,119,10,0
2026-08-24T03:40:00Z,1787542800,158.933,158.944,158.924,158.942,107,10,0
2026-08-24T03:45:00Z,1787543100,158.942,158.954,158.923,158.954,103,10,0
2026-08-24T03:50:00Z,1787543400,158.954,158.967,158.925,158.926,115,10,0
2026-08-24T03:55:00Z,1787543700,158.927,158.944,158.913,158.928,141,10,0
2026-08-24T04:00:00Z,1787544000,158.928,158.943,158.91,158.942,120,10,0
2026-08-24T04:05:00Z,1787544300,158.942,158.96,158.939,158.953,148,10,0
2026-08-24T04:10:00Z,1787544600,158.953,158.961,158.81,158.902,709,10,0
2026-08-24T04:15:00Z,1787544900,158.902,158.937,158.898,158.913,214,10,0
2026-08-24T04:20:00Z,1787545200,158.913,158.917,158.889,158.899,183,10,0
2026-08-24T04:25:00Z,1787545500,158.899,158.9,158.81,158.838,290,10,0
2026-08-24T04:30:00Z,1787545800,158.838,158.86,158.823,158.843,245,10,0
2026-08-24T04:35:00Z,1787546100,158.843,158.871,158.825,158.862,185,10,0
2026-08-24T04:40:00Z,1787546400,158.862,158.875,158.849,158.867,166,10,0
2026-08-24T04:45:00Z,1787546700,158.867,158.917,158.864,158.898,167,10,0
2026-08-24T04:50:00Z,1787547000,158.898,158.904,158.86,158.86,174,10,0
2026-08-24T04:55:00Z,1787547300,158.861,158.875,158.853,158.855,187,10,0
2026-08-24T05:00:00Z,1787547600,158.853,158.913,158.853,158.88,184,10,0
2026-08-24T05:05:00Z,1787547900,158.881,158.92,158.88,158.906,143,10,0
2026-08-24T05:10:00Z,1787548200,158.906,158.933,158.899,158.922,142,10,0
2026-08-24T05:15:00Z,1787548500,158.922,158.922,158.888,158.89,130,10,0
2026-08-24T05:20:00Z,1787548800,158.89,158.931,158.89,158.927,176,10,0
2026-08-24T05:25:00Z,1787549100,158.929,158.933,158.914,158.923,110,10,0
2026-08-24T05:30:00Z,1787549400,158.925,158.941,158.92,158.931,136,10,0
2026-08-24T05:35:00Z,1787549700,158.929,158.949,158.905,158.943,183,10,0
2026-08-24T05:40:00Z,1787550000,158.943,158.972,158.943,158.964,102,10,0
2026-08-24T05:45:00Z,1787550300,158.964,158.968,158.938,158.949,125,10,0
2026-08-24T05:50:00Z,1787550600,158.949,158.954,158.916,158.937,139,10,0
2026-08-24T05:55:00Z,1787550900,158.934,158.934,158.89,158.901,181,10,0
2026-08-24T06:00:00Z,1787551200,158.901,158.915,158.873,158.885,263,10,0
2026-08-24T06:05:00Z,1787551500,158.885,158.892,158.854,158.883,218,10,0
2026-08-24T06:10:00Z,1787551800,158.883,158.908,158.87,158.882,212,10,0
2026-08-24T06:15:00Z,1787552100,158.88,158.915,158.855,158.915,225,10,0
2026-08-24T06:20:00Z,1787552400,158.915,158.954,158.906,158.948,201,10,0
2026-08-24T06:25:00Z,1787552700,158.949,158.956,158.937,158.941,181,10,0
2026-08-24T06:30:00Z,1787553000,158.941,158.955,158.931,158.951,212,10,0
2026-08-24T06:35:00Z,1787553300,158.951,158.98,158.944,158.966,168,10,0
2026-08-24T06:40:00Z,1787553600,158.966,158.975,158.95,158.951,177,10,0
2026-08-24T06:45:00Z,1787553900,158.952,158.974,158.94,158.962,219,10,0
2026-08-24T06:50:00Z,1787554200,158.961,158.961,158.921,158.957,195,10,0
2026-08-24T06:55:00Z,1787554500,158.959,159.031,158.957,159.027,305,10,0
2026-08-24T07:00:00Z,1787554800,159.027,159.037,158.978,158.988,295,10,0
2026-08-24T07:05:00Z,1787555100,158.991,159.087,158.984,159.078,331,10,0
2026-08-24T07:10:00Z,1787555400,159.081,159.107,159.053,159.082,276,10,0
2026-08-24T07:15:00Z,1787555700,159.083,159.133,159.076,159.101,283,10,0
2026-08-24T07:20:00Z,1787556000,159.099,159.102,159.075,159.101,191,10,0
2026-08-24T07:25:00Z,1787556300,159.102,159.148,159.102,159.127,245,10,0
2026-08-24T07:30:00Z,1787556600,159.127,159.14,159.087,159.089,231,10,0
2026-08-24T07:35:00Z,1787556900,159.089,159.116,159.086,159.113,175,10,0
2026-08-24T07:40:00Z,1787557200,159.113,159.185,159.105,159.16,289,10,0
2026-08-24T07:45:00Z,1787557500,159.161,159.179,159.128,159.154,225,10,0
2026-08-24T07:50:00Z,1787557800,159.153,159.162,159.131,159.145,246,10,0
2026-08-24T07:55:00Z,1787558100,159.143,159.158,159.122,159.158,196,10,0
2026-08-24T08:00:00Z,1787558400,159.157,159.212,159.152,159.195,294,10,0
2026-08-24T08:05:00Z,1787558700,159.193,159.212,159.14,159.199,317,10,0
2026-08-24T08:10:00Z,1787559000,159.199,159.236,159.191,159.227,211,10,0
2026-08-24T08:15:00Z,1787559300,159.227,159.247,159.222,159.231,137,10,0
2026-08-24T08:20:00Z,1787559600,159.231,159.239,159.221,159.231,132,10,0
2026-08-24T08:25:00Z,1787559900,159.232,159.267,159.231,159.267,188,10,0
2026-08-24T08:30:00Z,1787560200,159.267,159.278,159.258,159.27,182,10,0
2026-08-24T08:35:00Z,1787560500,159.271,159.274,159.239,159.241,188,10,0
2026-08-24T08:40:00Z,1787560800,159.241,159.243,159.206,159.212,227,10,0
2026-08-24T08:45:00Z,1787561100,159.214,159.219,159.166,159.177,180,10,0
2026-08-24T08:50:00Z,1787561400,159.177,159.191,159.156,159.164,160,10,0
2026-08-24T08:55:00Z,1787561700,159.163,159.192,159.153,159.188,169,10,0
2026-08-24T09:00:00Z,1787562000,159.19,159.193,159.144,159.158,211,10,0
2026-08-24T09:05:00Z,1787562300,159.156,159.201,159.155,159.189,135,10,0
2026-08-24T09:10:00Z,1787562600,159.19,159.203,159.175,159.177,134,10,0
2026-08-24T09:15:00Z,1787562900,159.177,159.197,159.162,159.192,159,10,0
2026-08-24T09:20:00Z,1787563200,159.191,159.219,159.187,159.214,146,10,0
2026-08-24T09:25:00Z,1787563500,159.214,159.23,159.188,159.19,186,10,0
2026-08-24T09:30:00Z,1787563800,159.19,159.192,159.156,159.171,179,10,0
2026-08-24T09:35:00Z,1787564100,159.174,159.186,159.172,159.172,147,10,0
2026-08-24T09:40:00Z,1787564400,159.173,159.204,159.171,159.199,124,10,0
2026-08-24T09:45:00Z,1787564700,159.199,159.221,159.182,159.194,143,10,0
2026-08-24T09:50:00Z,1787565000,159.195,159.206,159.184,159.184,100,10,0
2026-08-24T09:55:00Z,1787565300,159.183,159.212,159.172,159.2,165,10,0
2026-08-24T10:00:00Z,1787565600,159.199,159.21,159.185,159.196,172,10,0
2026-08-24T10:05:00Z,1787565900,159.195,159.205,159.18,159.2,161,10,0
2026-08-24T10:10:00Z,1787566200,159.2,159.205,159.169,159.182,152,10,0
2026-08-24T10:15:00Z,1787566500,159.182,159.183,159.135,159.149,259,10,0
2026-08-24T10:20:00Z,1787566800,159.147,159.159,159.119,159.159,236,10,0
2026-08-24T10:25:00Z,1787567100,159.156,159.166,159.133,159.166,190,10,0
2026-08-24T10:30:00Z,1787567400,159.165,159.166,159.119,159.119,208,10,0
2026-08-24T10:35:00Z,1787567700,159.117,159.137,159.117,159.128,154,10,0
2026-08-24T10:40:00Z,1787568000,159.127,159.167,159.121,159.165,180,10,0
2026-08-24T10:45:00Z,1787568300,159.165,159.196,159.156,159.192,163,10,0
2026-08-24T10:50:00Z,1787568600,159.191,159.201,159.175,159.176,139,10,0
2026-08-24T10:55:00Z,1787568900,159.175,159.2,159.157,159.2,152,10,0
2026-08-24T11:00:00Z,1787569200,159.201,159.229,159.195,159.222,175,10,0
2026-08-24T11:05:00Z,1787569500,159.222,159.228,159.196,159.209,150,10,0
2026-08-24T11:10:00Z,1787569800,159.209,159.227,159.202,159.205,126,10,0
2026-08-24T11:15:00Z,1787570100,159.206,159.216,159.19,159.192,117,10,0
2026-08-24T11:20:00Z,1787570400,159.192,159.206,159.18,159.185,126,10,0
2026-08-24T11:25:00Z,1787570700,159.184,159.191,159.169,159.173,146,10,0
2026-08-24T11:30:00Z,1787571000,159.171,159.198,159.148,159.165,283,10,0
2026-08-24T11:35:00Z,1787571300,159.165,159.165,158.992,159.069,992,10,0
2026-08-24T11:40:00Z,1787571600,159.068,159.09,159.044,159.044,339,10,0
2026-08-24T11:45:00Z,1787571900,159.044,159.067,159.02,159.057,292,10,0
2026-08-24T11:50:00Z,1787572200,159.059,159.103,159.058,159.07,257,10,0
2026-08-24T11:55:00Z,1787572500,159.069,159.084,159.044,159.061,208,10,0
2026-08-24T12:00:00Z,1787572800,159.06,159.093,159.052,159.088,262,10,0
2026-08-24T12:05:00Z,1787573100,159.088,159.118,159.088,159.11,244,10,0
2026-08-24T12:10:00Z,1787573400,159.111,159.115,159.067,159.068,207,10,0
2026-08-24T12:15:00Z,1787573700,159.067,159.075,159.0,159.0,301,10,0
2026-08-24T12:20:00Z,1787574000,158.999,159.003,158.905,158.947,456,10,0
2026-08-24T12:25:00Z,1787574300,158.949,158.967,158.919,158.947,220,10,0
2026-08-24T12:30:00Z,1787574600,158.949,159.05,158.923,158.975,433,10,0
2026-08-24T12:35:00Z,1787574900,158.976,158.976,158.891,158.916,343,10,0
2026-08-24T12:40:00Z,1787575200,158.919,159.0,158.881,158.99,502,10,0
2026-08-24T12:45:00Z,1787575500,158.989,159.027,158.985,159.002,266,10,0
2026-08-24T12:50:00Z,1787575800,159.003,159.008,158.967,158.995,230,10,0
2026-08-24T12:55:00Z,1787576100,158.992,159.047,158.992,159.042,255,10,0
2026-08-24T13:00:00Z,1787576400,159.04,159.065,159.012,159.062,258,10,0
2026-08-24T13:05:00Z,1787576700,159.061,159.098,159.059,159.069,273,10,0
2026-08-24T13:10:00Z,1787577000,159.069,159.099,159.065,159.07,236,10,0
2026-08-24T13:15:00Z,1787577300,159.07,159.093,159.065,159.083,226,10,0
2026-08-24T13:20:00Z,1787577600,159.083,159.132,159.077,159.118,232,10,0
2026-08-24T13:25:00Z,1787577900,159.117,159.159,159.111,159.147,226,10,0
2026-08-24T13:30:00Z,1787578200,159.147,159.148,159.116,159.119,267,10,0
2026-08-24T13:35:00Z,1787578500,159.12,159.15,159.096,159.13,378,10,0
2026-08-24T13:40:00Z,1787578800,159.126,159.141,159.093,159.139,257,10,0
2026-08-24T13:45:00Z,1787579100,159.138,159.147,159.057,159.068,371,10,0
2026-08-24T13:50:00Z,1787579400,159.069,159.115,159.061,159.094,276,10,0
2026-08-24T13:55:00Z,1787579700,159.094,159.15,159.094,159.105,314,10,0
2026-08-24T14:00:00Z,1787580000,159.103,159.125,159.067,159.106,388,10,0
2026-08-24T14:05:00Z,1787580300,159.103,159.137,159.093,159.131,250,10,0
2026-08-24T14:10:00Z,1787580600,159.131,159.154,159.118,159.138,282,10,0
2026-08-24T14:15:00Z,1787580900,159.137,159.178,159.123,159.127,283,10,0
2026-08-24T14:20:00Z,1787581200,159.127,159.165,159.125,159.133,193,10,0
2026-08-24T14:25:00Z,1787581500,159.131,159.132,159.087,159.1,269,10,0
2026-08-24T14:30:00Z,1787581800,159.099,159.13,159.094,159.11,297,10,0
2026-08-24T14:35:00Z,1787582100,159.108,159.122,159.084,159.107,259,10,0
2026-08-24T14:40:00Z,1787582400,159.104,159.149,159.102,159.117,223,10,0
2026-08-24T14:45:00Z,1787582700,159.118,159.149,159.116,159.135,214,10,0
2026-08-24T14:50:00Z,1787583000,159.135,159.164,159.134,159.146,239,10,0
2026-08-24T14:55:00Z,1787583300,159.147,159.199,159.141,159.195,383,10,0
2026-08-24T15:00:00Z,1787583600,159.194,159.194,159.143,159.149,295,10,0
2026-08-24T15:05:00Z,1787583900,159.15,159.166,159.122,159.143,203,10,0
2026-08-24T15:10:00Z,1787584200,159.142,159.144,159.122,159.128,194,10,0
2026-08-24T15:15:00Z,1787584500,159.129,159.144,159.119,159.144,215,10,0
2026-08-24T15:20:00Z,1787584800,159.143,159.169,159.134,159.157,213,10,0
2026-08-24T15:25:00Z,1787585100,159.156,159.158,159.062,159.08,382,10,0
2026-08-24T15:30:00Z,1787585400,159.078,159.146,159.07,159.13,335,10,0
2026-08-24T15:35:00Z,1787585700,159.128,159.157,159.123,159.154,202,10,0
2026-08-24T15:40:00Z,1787586000,159.152,159.167,159.141,159.156,221,10,0
2026-08-24T15:45:00Z,1787586300,159.156,159.163,159.127,159.131,197,10,0
2026-08-24T15:50:00Z,1787586600,159.13,159.157,159.124,159.142,175,10,0
2026-08-24T15:55:00Z,1787586900,159.142,159.193,159.142,159.173,182,10,0
2026-08-24T16:00:00Z,1787587200,159.174,159.192,159.053,159.094,810,10,0
2026-08-24T16:05:00Z,1787587500,159.093,159.115,159.071,159.11,242,10,0
2026-08-24T16:10:00Z,1787587800,159.109,159.118,159.068,159.082,224,10,0
2026-08-24T16:15:00Z,1787588100,159.081,159.089,159.044,159.062,173,10,0
2026-08-24T16:20:00Z,1787588400,159.062,159.082,159.042,159.059,186,10,0
2026-08-24T16:25:00Z,1787588700,159.059,159.082,159.041,159.077,167,10,0
2026-08-24T16:30:00Z,1787589000,159.078,159.081,159.047,159.074,208,10,0
2026-08-24T16:35:00Z,1787589300,159.074,159.075,158.999,159.041,211,10,0
2026-08-24T16:40:00Z,1787589600,159.042,159.088,159.042,159.079,195,10,0
2026-08-24T16:45:00Z,1787589900,159.078,159.109,159.063,159.092,173,10,0
2026-08-24T16:50:00Z,1787590200,159.09,159.097,159.07,159.094,132,10,0
2026-08-24T16:55:00Z,1787590500,159.094,159.121,159.07,159.071,174,10,0
2026-08-24T17:00:00Z,1787590800,159.069,159.087,159.052,159.084,206,10,0
2026-08-24T17:05:00Z,1787591100,159.086,159.106,158.981,159.058,509,10,0
2026-08-24T17:10:00Z,1787591400,159.06,159.095,159.049,159.085,287,10,0
2026-08-24T17:15:00Z,1787591700,159.084,159.111,159.062,159.096,281,10,0
2026-08-24T17:20:00Z,1787592000,159.095,159.168,159.095,159.158,322,10,0
2026-08-24T17:25:00Z,1787592300,159.158,159.171,159.142,159.149,208,10,0
2026-08-24T17:30:00Z,1787592600,159.147,159.169,159.121,159.162,199,10,0
2026-08-24T17:35:00Z,1787592900,159.162,159.164,159.141,159.149,171,10,0
2026-08-24T17:40:00Z,1787593200,159.147,159.172,159.146,159.16,127,10,0
2026-08-24T17:45:00Z,1787593500,159.161,159.19,159.151,159.173,152,10,0
2026-08-24T17:50:00Z,1787593800,159.173,159.184,159.158,159.168,123,10,0
2026-08-24T17:55:00Z,1787594100,159.168,159.173,159.146,159.153,117,10,0
2026-08-24T18:00:00Z,1787594400,159.153,159.173,159.141,159.164,169,10,0
2026-08-24T18:05:00Z,1787594700,159.164,159.196,159.164,159.184,120,10,0
2026-08-24T18:10:00Z,1787595000,159.184,159.188,159.172,159.176,106,10,0
2026-08-24T18:15:00Z,1787595300,159.175,159.175,159.13,159.153,174,10,0
2026-08-24T18:20:00Z,1787595600,159.154,159.16,159.144,159.153,126,10,0
2026-08-24T18:25:00Z,1787595900,159.153,159.153,159.132,159.139,105,10,0
2026-08-24T18:30:00Z,1787596200,159.141,159.188,159.136,159.184,131,10,0
2026-08-24T18:35:00Z,1787596500,159.182,159.208,159.181,159.193,92,10,0
2026-08-24T18:40:00Z,1787596800,159.191,159.193,159.168,159.188,128,10,0
2026-08-24T18:45:00Z,1787597100,159.187,159.209,159.178,159.206,160,10,0
2026-08-24T18:50:00Z,1787597400,159.206,159.211,159.182,159.192,120,10,0
2026-08-24T18:55:00Z,1787597700,159.19,159.201,159.174,159.175,124,10,0
2026-08-24T19:00:00Z,1787598000,159.178,159.187,159.165,159.177,146,10,0
2026-08-24T19:05:00Z,1787598300,159.175,159.187,159.168,159.185,122,10,0
2026-08-24T19:10:00Z,1787598600,159.185,159.191,159.167,159.178,95,10,0
2026-08-24T19:15:00Z,1787598900,159.18,159.206,159.18,159.205,107,10,0
2026-08-24T19:20:00Z,1787599200,159.205,159.208,159.186,159.204,114,10,0
2026-08-24T19:25:00Z,1787599500,159.207,159.214,159.201,159.209,75,10,0
2026-08-24T19:30:00Z,1787599800,159.209,159.212,159.177,159.178,94,10,0
2026-08-24T19:35:00Z,1787600100,159.178,159.185,159.17,159.179,79,10,0
2026-08-24T19:40:00Z,1787600400,159.178,159.178,159.149,159.156,114,10,0
2026-08-24T19:45:00Z,1787600700,159.156,159.16,159.135,159.135,137,10,0
2026-08-24T19:50:00Z,1787601000,159.137,159.137,159.13,159.134,98,10,0
2026-08-24T19:55:00Z,1787601300,159.137,159.182,159.12,159.158,206,10,0
2026-08-24T20:00:00Z,1787601600,159.155,159.174,159.153,159.165,95,10,0
2026-08-24T20:05:00Z,1787601900,159.165,159.167,159.136,159.142,64,10,0
2026-08-24T20:10:00Z,1787602200,159.146,159.146,159.133,159.141,71,10,0
2026-08-24T20:15:00Z,1787602500,159.145,159.147,159.133,159.134,49,10,0
2026-08-24T20:20:00Z,1787602800,159.139,159.146,159.13,159.145,42,10,0
2026-08-24T20:25:00Z,1787603100,159.145,159.152,159.139,159.146,48,10,0
2026-08-24T20:30:00Z,1787603400,159.15,159.15,159.145,159.15,18,10,0
2026-08-24T20:35:00Z,1787603700,159.15,159.15,159.138,159.142,25,10,0
2026-08-24T20:40:00Z,1787604000,159.141,159.143,159.127,159.127,31,10,0
2026-08-24T20:45:00Z,1787604300,159.127,159.127,159.091,159.099,82,10,0
2026-08-24T20:50:00Z,1787604600,159.099,159.105,159.073,159.093,100,10,0
2026-08-24T20:55:00Z,1787604900,159.088,159.096,159.085,159.085,38,10,0
2026-08-24T21:00:00Z,1787605200,159.088,159.088,159.088,159.088,2,26,0
2026-08-24T21:05:00Z,1787605500,159.084,159.084,159.04,159.045,17,38,0
2026-08-24T21:10:00Z,1787605800,159.046,159.063,159.044,159.062,20,38,0
2026-08-24T21:15:00Z,1787606100,159.063,159.073,158.966,159.033,49,26,0
2026-08-24T21:20:00Z,1787606400,159.037,159.055,158.999,159.034,55,26,0
2026-08-24T21:25:00Z,1787606700,159.046,159.053,159.032,159.045,51,26,0
2026-08-24T21:30:00Z,1787607000,159.045,159.053,159.035,159.052,52,26,0
2026-08-24T21:35:00Z,1787607300,159.047,159.054,159.046,159.049,35,26,0
2026-08-24T21:40:00Z,1787607600,159.049,159.067,159.013,159.066,77,26,0
2026-08-24T21:45:00Z,1787607900,159.066,159.075,159.051,159.073,36,38,0
2026-08-24T21:50:00Z,1787608200,159.073,159.09,159.007,159.078,101,26,0
2026-08-24T21:55:00Z,1787608500,159.082,159.091,159.033,159.063,56,38,0
2026-08-24T22:00:00Z,1787608800,159.068,159.089,159.055,159.061,51,10,0
2026-08-24T22:05:00Z,1787609100,159.061,159.098,159.058,159.098,47,10,0
2026-08-24T22:10:00Z,1787609400,159.098,159.099,159.091,159.095,30,10,0
2026-08-24T22:15:00Z,1787609700,159.095,159.102,159.093,159.102,34,10,0
2026-08-24T22:20:00Z,1787610000,159.102,159.11,159.094,159.108,66,10,0
2026-08-24T22:25:00Z,1787610300,159.108,159.117,159.105,159.116,45,10,0
2026-08-24T22:30:00Z,1787610600,159.116,159.117,159.099,159.105,74,10,0
2026-08-24T22:35:00Z,1787610900,159.105,159.108,159.094,159.105,68,10,0
2026-08-24T22:40:00Z,1787611200,159.105,159.113,159.093,159.098,54,10,0
2026-08-24T22:45:00Z,1787611500,159.098,159.1,159.093,159.097,28,10,0
2026-08-24T22:50:00Z,1787611800,159.097,159.098,159.092,159.097,34,10,0
2026-08-24T22:55:00Z,1787612100,159.097,159.1,159.096,159.1,16,10,0
2026-08-24T23:00:00Z,1787612400,159.1,159.1,159.066,159.072,76,10,0
2026-08-24T23:05:00Z,1787612700,159.072,159.073,159.052,159.06,71,10,0
2026-08-24T23:10:00Z,1787613000,159.06,159.071,159.058,159.07,27,10,0
2026-08-24T23:15:00Z,1787613300,159.07,159.079,159.06,159.076,47,10,0
2026-08-24T23:20:00Z,1787613600,159.076,159.103,159.076,159.1,48,10,0
2026-08-24T23:25:00Z,1787613900,159.1,159.112,159.1,159.11,36,10,0
2026-08-24T23:30:00Z,1787614200,159.11,159.129,159.11,159.125,43,10,0
2026-08-24T23:35:00Z,1787614500,159.125,159.137,159.123,159.136,50,10,0
2026-08-24T23:40:00Z,1787614800,159.136,159.15,159.132,159.146,68,10,0
2026-08-24T23:45:00Z,1787615100,159.146,159.15,159.13,159.13,69,10,0
2026-08-24T23:50:00Z,1787615400,159.131,159.154,159.12,159.125,114,10,0
2026-08-24T23:55:00Z,1787615700,159.125,159.136,159.116,159.133,129,10,0
2026-08-25T00:00:00Z,1787616000,159.133,159.136,159.094,159.112,259,10,0
2026-08-25T00:05:00Z,1787616300,159.111,159.134,159.088,159.121,216,10,0
2026-08-25T00:10:00Z,1787616600,159.121,159.14,159.092,159.116,227,10,0
2026-08-25T00:15:00Z,1787616900,159.118,159.139,159.104,159.134,193,10,0
2026-08-25T00:20:00Z,1787617200,159.134,159.161,159.129,159.142,177,10,0
2026-08-25T00:25:00Z,1787617500,159.145,159.158,159.129,159.129,166,10,0
2026-08-25T00:30:00Z,1787617800,159.129,159.144,159.118,159.128,227,10,0
2026-08-25T00:35:00Z,1787618100,159.128,159.136,159.103,159.126,176,10,0
2026-08-25T00:40:00Z,1787618400,159.125,159.13,159.105,159.122,155,10,0
2026-08-25T00:45:00Z,1787618700,159.124,159.127,159.106,159.112,183,10,0
2026-08-25T00:50:00Z,1787619000,159.112,159.188,159.09,159.177,446,10,0
2026-08-25T00:55:00Z,1787619300,159.18,159.186,159.155,159.185,307,10,0
2026-08-25T01:00:00Z,1787619600,159.183,159.223,159.18,159.187,221,10,0
2026-08-25T01:05:00Z,1787619900,159.188,159.193,159.128,159.135,214,10,0
2026-08-25T01:10:00Z,1787620200,159.134,159.161,159.122,159.126,146,10,0
2026-08-25T01:15:00Z,1787620500,159.126,159.161,159.126,159.156,155,10,0
2026-08-25T01:20:00Z,1787620800,159.157,159.178,159.156,159.175,119,10,0
2026-08-25T01:25:00Z,1787621100,159.174,159.193,159.14,159.149,129,10,0
2026-08-25T01:30:00Z,1787621400,159.149,159.192,159.147,159.192,122,10,0
2026-08-25T01:35:00Z,1787621700,159.193,159.219,159.186,159.205,125,10,0
2026-08-25T01:40:00Z,1787622000,159.203,159.209,159.19,159.203,100,10,0
2026-08-25T01:45:00Z,1787622300,159.202,159.236,159.202,159.217,115,10,0
2026-08-25T01:50:00Z,1787622600,159.217,159.261,159.217,159.253,145,10,0
2026-08-25T01:55:00Z,1787622900,159.252,159.304,159.244,159.262,295,10,0
2026-08-25T02:00:00Z,1787623200,159.262,159.293,159.254,159.287,180,10,0
2026-08-25T02:05:00Z,1787623500,159.287,159.325,159.27,159.272,217,10,0
2026-08-25T02:10:00Z,1787623800,159.272,159.284,159.261,159.268,142,10,0
2026-08-25T02:15:00Z,1787624100,159.267,159.28,159.254,159.28,129,10,0
2026-08-25T02:20:00Z,1787624400,159.279,159.289,159.248,159.255,145,10,0
2026-08-25T02:25:00Z,1787624700,159.256,159.28,159.245,159.246,129,10,0
2026-08-25T02:30:00Z,1787625000,159.248,159.295,159.248,159.293,158,10,0
2026-08-25T02:35:00Z,1787625300,159.295,159.295,159.271,159.278,121,10,0
2026-08-25T02:40:00Z,1787625600,159.278,159.303,159.276,159.282,142,10,0
2026-08-25T02:45:00Z,1787625900,159.283,159.329,159.283,159.316,156,10,0
2026-08-25T02:50:00Z,1787626200,159.317,159.364,159.316,159.345,213,10,0
2026-08-25T02:55:00Z,1787626500,159.348,159.393,159.348,159.356,202,10,0
2026-08-25T03:00:00Z,1787626800,159.356,159.373,159.347,159.348,167,10,0
2026-08-25T03:05:00Z,1787627100,159.348,159.36,159.325,159.341,159,10,0
2026-08-25T03:10:00Z,1787627400,159.342,159.375,159.342,159.355,144,10,0
2026-08-25T03:15:00Z,1787627700,159.356,159.376,159.355,159.359,116,10,0
2026-08-25T03:20:00Z,1787628000,159.359,159.375,159.357,159.367,93,10,0
2026-08-25T03:25:00Z,1787628300,159.366,159.378,159.355,159.372,150,10,0
2026-08-25T03:30:00Z,1787628600,159.371,159.391,159.365,159.372,133,10,0
2026-08-25T03:35:00Z,1787628900,159.372,159.377,159.352,159.354,105,10,0
2026-08-25T03:40:00Z,1787629200,159.354,159.354,159.339,159.341,87,10,0
2026-08-25T03:45:00Z,1787629500,159.341,159.356,159.339,159.339,86,10,0
2026-08-25T03:50:00Z,1787629800,159.339,159.344,159.339,159.339,51,10,0
2026-08-25T03:55:00Z,1787630100,159.342,159.342,159.314,159.327,94,10,0
2026-08-25T04:00:00Z,1787630400,159.327,159.344,159.316,159.342,63,10,0
2026-08-25T04:05:00Z,1787630700,159.342,159.357,159.341,159.354,62,10,0
2026-08-25T04:10:00Z,1787631000,159.354,159.368,159.34,159.344,116,10,0
2026-08-25T04:15:00Z,1787631300,159.342,159.358,159.342,159.347,85,10,0
2026-08-25T04:20:00Z,1787631600,159.346,159.353,159.325,159.326,96,10,0
2026-08-25T04:25:00Z,1787631900,159.327,159.342,159.319,159.333,92,10,0
2026-08-25T04:30:00Z,1787632200,159.332,159.334,159.267,159.275,174,10,0
2026-08-25T04:35:00Z,1787632500,159.276,159.306,159.275,159.277,166,10,0
2026-08-25T04:40:00Z,1787632800,159.278,159.279,159.241,159.252,201,10,0
2026-08-25T04:45:00Z,1787633100,159.253,159.262,159.209,159.214,222,10,0
2026-08-25T04:50:00Z,1787633400,159.214,159.27,159.214,159.27,198,10,0
2026-08-25T04:55:00Z,1787633700,159.267,159.305,159.264,159.298,161,10,0
2026-08-25T05:00:00Z,1787634000,159.298,159.307,159.283,159.285,139,10,0
2026-08-25T05:05:00Z,1787634300,159.284,159.296,159.276,159.292,101,10,0
2026-08-25T05:10:00Z,1787634600,159.292,159.336,159.286,159.315,131,10,0
2026-08-25T05:15:00Z,1787634900,159.315,159.331,159.305,159.321,97,10,0
2026-08-25T05:20:00Z,1787635200,159.32,159.334,159.304,159.305,99,10,0
2026-08-25T05:25:00Z,1787635500,159.305,159.33,159.291,159.318,148,10,0
2026-08-25T05:30:00Z,1787635800,159.317,159.333,159.309,159.329,126,10,0
2026-08-25T05:35:00Z,1787636100,159.327,159.344,159.327,159.341,134,10,0
2026-08-25T05:40:00Z,1787636400,159.341,159.342,159.307,159.318,94,10,0
2026-08-25T05:45:00Z,1787636700,159.317,159.323,159.306,159.315,104,10,0
2026-08-25T05:50:00Z,1787637000,159.315,159.317,159.304,159.306,98,10,0
2026-08-25T05:55:00Z,1787637300,159.304,159.329,159.302,159.329,157,10,0
2026-08-25T06:00:00Z,1787637600,159.33,159.334,159.305,159.322,146,10,0
2026-08-25T06:05:00Z,1787637900,159.32,159.326,159.302,159.305,131,10,0
2026-08-25T06:10:00Z,1787638200,159.304,159.306,159.268,159.292,179,10,0
2026-08-25T06:15:00Z,1787638500,159.292,159.328,159.292,159.319,143,10,0
2026-08-25T06:20:00Z,1787638800,159.319,159.363,159.315,159.356,146,10,0
2026-08-25T06:25:00Z,1787639100,159.356,159.36,159.327,159.329,196,10,0
2026-08-25T06:30:00Z,1787639400,159.329,159.34,159.294,159.309,209,10,0
2026-08-25T06:35:00Z,1787639700,159.311,159.37,159.302,159.354,167,10,0
2026-08-25T06:40:00Z,1787640000,159.354,159.357,159.326,159.357,192,10,0
2026-08-25T06:45:00Z,1787640300,159.355,159.378,159.353,159.364,152,10,0
2026-08-25T06:50:00Z,1787640600,159.363,159.364,159.348,159.353,128,10,0
2026-08-25T06:55:00Z,1787640900,159.353,159.406,159.344,159.406,205,10,0
2026-08-25T07:00:00Z,1787641200,159.405,159.421,159.365,159.371,221,10,0
2026-08-25T07:05:00Z,1787641500,159.37,159.378,159.346,159.376,179,10,0
2026-08-25T07:10:00Z,1787641800,159.376,159.381,159.347,159.368,176,10,0
2026-08-25T07:15:00Z,1787642100,159.368,159.373,159.311,159.333,192,10,0
2026-08-25T07:20:00Z,1787642400,159.333,159.368,159.322,159.357,214,10,0
2026-08-25T07:25:00Z,1787642700,159.357,159.418,159.343,159.399,240,10,0
2026-08-25T07:30:00Z,1787643000,159.398,159.433,159.39,159.416,221,10,0
2026-08-25T07:35:00Z,1787643300,159.416,159.424,159.396,159.402,183,10,0
2026-08-25T07:40:00Z,1787643600,159.402,159.449,159.399,159.433,148,10,0
2026-08-25T07:45:00Z,1787643900,159.431,159.452,159.42,159.433,136,10,0
2026-08-25T07:50:00Z,1787644200,159.435,159.437,159.419,159.429,162,10,0
2026-08-25T07:55:00Z,1787644500,159.431,159.441,159.42,159.438,165,10,0
2026-08-25T08:00:00Z,1787644800,159.438,159.45,159.423,159.447,198,10,0
2026-08-25T08:05:00Z,1787645100,159.447,159.484,159.445,159.472,161,10,0
2026-08-25T08:10:00Z,1787645400,159.473,159.488,159.464,159.469,129,10,0
2026-08-25T08:15:00Z,1787645700,159.468,159.471,159.447,159.467,126,10,0
2026-08-25T08:20:00Z,1787646000,159.467,159.486,159.341,159.374,465,10,0
2026-08-25T08:25:00Z,1787646300,159.376,159.421,159.352,159.414,481,10,0
2026-08-25T08:30:00Z,1787646600,159.417,159.434,159.381,159.381,301,10,0
2026-08-25T08:35:00Z,1787646900,159.38,159.399,159.353,159.383,262,10,0
2026-08-25T08:40:00Z,1787647200,159.383,159.395,159.355,159.356,222,10,0
2026-08-25T08:45:00Z,1787647500,159.358,159.366,159.322,159.363,187,10,0
2026-08-25T08:50:00Z,1787647800,159.363,159.375,159.338,159.373,183,10,0
2026-08-25T08:55:00Z,1787648100,159.37,159.387,159.339,159.34,219,10,0
2026-08-25T09:00:00Z,1787648400,159.343,159.356,159.281,159.281,278,10,0
2026-08-25T09:05:00Z,1787648700,159.279,159.303,159.258,159.261,220,10,0
2026-08-25T09:10:00Z,1787649000,159.26,159.275,159.221,159.24,273,10,0
2026-08-25T09:15:00Z,1787649300,159.242,159.287,159.234,159.281,249,10,0
2026-08-25T09:20:00Z,1787649600,159.281,159.318,159.274,159.317,220,10,0
2026-08-25T09:25:00Z,1787649900,159.317,159.344,159.31,159.31,165,10,0
2026-08-25T09:30:00Z,1787650200,159.309,159.34,159.254,159.273,433,10,0
2026-08-25T09:35:00Z,1787650500,159.272,159.284,159.234,159.277,319,10,0
2026-08-25T09:40:00Z,1787650800,159.28,159.3,159.26,159.297,183,10,0
2026-08-25T09:45:00Z,1787651100,159.298,159.304,159.271,159.297,192,10,0
2026-08-25T09:50:00Z,1787651400,159.297,159.299,159.261,159.286,212,10,0
2026-08-25T09:55:00Z,1787651700,159.285,159.291,159.24,159.278,234,10,0
2026-08-25T10:00:00Z,1787652000,159.277,159.3,159.238,159.297,194,10,0
2026-08-25T10:05:00Z,1787652300,159.296,159.311,159.287,159.305,149,10,0
2026-08-25T10:10:00Z,1787652600,159.305,159.326,159.291,159.291,157,10,0
2026-08-25T10:15:00Z,1787652900,159.291,159.304,159.271,159.291,151,10,0
2026-08-25T10:20:00Z,1787653200,159.29,159.308,159.283,159.297,109,10,0
2026-08-25T10:25:00Z,1787653500,159.297,159.307,159.289,159.3,145,10,0
2026-08-25T10:30:00Z,1787653800,159.298,159.298,159.271,159.296,138,10,0
2026-08-25T10:35:00Z,1787654100,159.294,159.296,159.252,159.255,128,10,0
2026-08-25T10:40:00Z,1787654400,159.255,159.268,159.251,159.265,149,10,0
2026-08-25T10:45:00Z,1787654700,159.266,159.278,159.259,159.277,127,10,0
2026-08-25T10:50:00Z,1787655000,159.277,159.298,159.27,159.275,159,10,0
2026-08-25T10:55:00Z,1787655300,159.276,159.283,159.266,159.281,117,10,0
2026-08-25T11:00:00Z,1787655600,159.283,159.283,159.253,159.259,150,10,0
2026-08-25T11:05:00Z,1787655900,159.259,159.329,159.257,159.295,212,10,0
2026-08-25T11:10:00Z,1787656200,159.293,159.301,159.275,159.291,168,10,0
2026-08-25T11:15:00Z,1787656500,159.29,159.31,159.282,159.305,152,10,0
2026-08-25T11:20:00Z,1787656800,159.305,159.314,159.285,159.313,126,10,0
2026-08-25T11:25:00Z,1787657100,159.313,159.319,159.308,159.308,120,10,0
2026-08-25T11:30:00Z,1787657400,159.308,159.309,159.266,159.279,163,10,0
2026-08-25T11:35:00Z,1787657700,159.276,159.293,159.272,159.274,139,10,0
2026-08-25T11:40:00Z,1787658000,159.272,159.295,159.268,159.291,135,10,0
2026-08-25T11:45:00Z,1787658300,159.291,159.296,159.24,159.241,181,10,0
2026-08-25T11:50:00Z,1787658600,159.241,159.264,159.225,159.258,176,10,0
2026-08-25T11:55:00Z,1787658900,159.258,159.263,159.241,159.248,155,10,0
2026-08-25T12:00:00Z,1787659200,159.247,159.259,159.191,159.233,293,10,0
2026-08-25T12:05:00Z,1787659500,159.234,159.239,159.213,159.235,196,10,0
2026-08-25T12:10:00Z,1787659800,159.233,159.277,159.231,159.241,232,10,0
2026-08-25T12:15:00Z,1787660100,159.241,159.252,159.234,159.245,153,10,0
2026-08-25T12:20:00Z,1787660400,159.247,159.257,159.221,159.254,219,10,0
2026-08-25T12:25:00Z,1787660700,159.254,159.257,159.243,159.247,157,10,0
2026-08-25T12:30:00Z,1787661000,159.248,159.276,159.229,159.271,194,10,0
2026-08-25T12:35:00Z,1787661300,159.273,159.293,159.257,159.278,159,10,0
2026-08-25T12:40:00Z,1787661600,159.278,159.293,159.267,159.267,138,10,0
2026-08-25T12:45:00Z,1787661900,159.266,159.284,159.26,159.276,149,10,0
2026-08-25T12:50:00Z,1787662200,159.276,159.281,159.254,159.268,166,10,0
2026-08-25T12:55:00Z,1787662500,159.268,159.292,159.26,159.292,109,10,0
2026-08-25T13:00:00Z,1787662800,159.292,159.298,159.258,159.264,191,10,0
2026-08-25T13:05:00Z,1787663100,159.267,159.271,159.219,159.23,225,10,0
2026-08-25T13:10:00Z,1787663400,159.228,159.229,159.112,159.171,580,10,0
2026-08-25T13:15:00Z,1787663700,159.173,159.222,159.157,159.206,279,10,0
2026-08-25T13:20:00Z,1787664000,159.206,159.236,159.198,159.229,212,10,0
2026-08-25T13:25:00Z,1787664300,159.229,159.23,159.195,159.196,187,10,0
2026-08-25T13:30:00Z,1787664600,159.199,159.247,159.158,159.237,315,10,0
2026-08-25T13:35:00Z,1787664900,159.237,159.254,159.212,159.236,226,10,0
2026-08-25T13:40:00Z,1787665200,159.235,159.259,159.221,159.255,250,10,0
2026-08-25T13:45:00Z,1787665500,159.254,159.27,159.239,159.241,228,10,0
2026-08-25T13:50:00Z,1787665800,159.242,159.258,159.215,159.258,255,10,0
2026-08-25T13:55:00Z,1787666100,159.257,159.257,159.21,159.21,218,10,0
2026-08-25T14:00:00Z,1787666400,159.208,159.286,159.208,159.278,254,10,0
2026-08-25T14:05:00Z,1787666700,159.276,159.284,159.229,159.244,330,10,0
2026-08-25T14:10:00Z,1787667000,159.243,159.258,159.237,159.244,201,10,0
2026-08-25T14:15:00Z,1787667300,159.242,159.275,159.234,159.262,228,10,0
2026-08-25T14:20:00Z,1787667600,159.26,159.286,159.257,159.276,170,10,0
2026-08-25T14:25:00Z,1787667900,159.277,159.284,159.248,159.258,170,10,0
2026-08-25T14:30:00Z,1787668200,159.257,159.326,159.231,159.247,340,10,0
2026-08-25T14:35:00Z,1787668500,159.245,159.256,159.231,159.249,227,10,0
2026-08-25T14:40:00Z,1787668800,159.25,159.275,159.236,159.236,193,10,0
2026-08-25T14:45:00Z,1787669100,159.236,159.236,159.182,159.201,248,10,0
2026-08-25T14:50:00Z,1787669400,159.202,159.26,159.202,159.241,246,10,0
2026-08-25T14:55:00Z,1787669700,159.242,159.268,159.232,159.248,279,10,0
2026-08-25T15:00:00Z,1787670000,159.245,159.266,159.24,159.256,232,10,0
2026-08-25T15:05:00Z,1787670300,159.255,159.273,159.243,159.254,193,10,0
2026-08-25T15:10:00Z,1787670600,159.255,159.272,159.247,159.261,166,10,0
2026-08-25T15:15:00Z,1787670900,159.261,159.283,159.251,159.254,178,10,0
2026-08-25T15:20:00Z,1787671200,159.254,159.265,159.232,159.26,184,10,0
2026-08-25T15:25:00Z,1787671500,159.26,159.287,159.254,159.286,153,10,0
2026-08-25T15:30:00Z,1787671800,159.287,159.287,159.207,159.22,348,10,0
2026-08-25T15:35:00Z,1787672100,159.223,159.232,159.173,159.216,443,10,0
2026-08-25T15:40:00Z,1787672400,159.216,159.221,159.182,159.206,242,10,0
2026-08-25T15:45:00Z,1787672700,159.206,159.221,159.181,159.22,215,10,0
2026-08-25T15:50:00Z,1787673000,159.221,159.239,159.21,159.238,182,10,0
2026-08-25T15:55:00Z,1787673300,159.239,159.255,159.207,159.21,175,10,0
2026-08-25T16:00:00Z,1787673600,159.212,159.225,159.199,159.218,204,10,0
2026-08-25T16:05:00Z,1787673900,159.218,159.238,159.21,159.236,183,10,0
2026-08-25T16:10:00Z,1787674200,159.236,159.243,159.231,159.241,106,10,0
2026-08-25T16:15:00Z,1787674500,159.242,159.27,159.242,159.267,143,10,0
2026-08-25T16:20:00Z,1787674800,159.267,159.27,159.247,159.26,157,10,0
2026-08-25T16:25:00Z,1787675100,159.26,159.27,159.25,159.259,135,10,0
2026-08-25T16:30:00Z,1787675400,159.26,159.26,159.244,159.255,135,10,0
2026-08-25T16:35:00Z,1787675700,159.256,159.27,159.242,159.254,148,10,0
2026-08-25T16:40:00Z,1787676000,159.254,159.262,159.249,159.258,97,10,0
2026-08-25T16:45:00Z,1787676300,159.259,159.269,159.252,159.266,122,10,0
2026-08-25T16:50:00Z,1787676600,159.266,159.288,159.257,159.284,106,10,0
2026-08-25T16:55:00Z,1787676900,159.284,159.29,159.251,159.268,148,10,0
2026-08-25T17:00:00Z,1787677200,159.267,159.288,159.267,159.273,166,10,0
2026-08-25T17:05:00Z,1787677500,159.272,159.308,159.269,159.301,128,10,0
2026-08-25T17:10:00Z,1787677800,159.302,159.308,159.292,159.296,82,10,0
2026-08-25T17:15:00Z,1787678100,159.296,159.31,159.285,159.288,126,10,0
2026-08-25T17:20:00Z,1787678400,159.288,159.303,159.284,159.303,91,10,0
2026-08-25T17:25:00Z,1787678700,159.302,159.304,159.278,159.285,109,10,0
2026-08-25T17:30:00Z,1787679000,159.285,159.287,159.267,159.278,122,10,0
2026-08-25T17:35:00Z,1787679300,159.278,159.278,159.251,159.256,125,10,0
2026-08-25T17:40:00Z,1787679600,159.256,159.265,159.251,159.264,95,10,0
2026-08-25T17:45:00Z,1787679900,159.264,159.267,159.245,159.248,80,10,0
2026-08-25T17:50:00Z,1787680200,159.248,159.254,159.222,159.237,107,10,0
2026-08-25T17:55:00Z,1787680500,159.237,159.237,159.208,159.214,97,10,0
2026-08-25T18:00:00Z,1787680800,159.214,159.237,159.214,159.226,100,10,0
2026-08-25T18:05:00Z,1787681100,159.225,159.225,159.209,159.214,136,10,0
2026-08-25T18:10:00Z,1787681400,159.214,159.215,159.188,159.209,92,10,0
2026-08-25T18:15:00Z,1787681700,159.21,159.222,159.2,159.216,88,10,0
2026-08-25T18:20:00Z,1787682000,159.216,159.238,159.212,159.238,86,10,0
2026-08-25T18:25:00Z,1787682300,159.237,159.237,159.216,159.227,73,10,0
2026-08-25T18:30:00Z,1787682600,159.227,159.228,159.223,159.226,40,10,0
2026-08-25T18:35:00Z,1787682900,159.226,159.239,159.224,159.237,49,10,0
2026-08-25T18:40:00Z,1787683200,159.238,159.252,159.232,159.247,92,10,0
2026-08-25T18:45:00Z,1787683500,159.247,159.252,159.237,159.238,88,10,0
2026-08-25T18:50:00Z,1787683800,159.238,159.247,159.23,159.244,87,10,0
2026-08-25T18:55:00Z,1787684100,159.244,159.245,159.214,159.217,97,10,0
2026-08-25T19:00:00Z,1787684400,159.217,159.233,159.214,159.23,108,10,0
2026-08-25T19:05:00Z,1787684700,159.23,159.233,159.198,159.203,109,10,0
2026-08-25T19:10:00Z,1787685000,159.203,159.208,159.19,159.197,125,10,0
2026-08-25T19:15:00Z,1787685300,159.196,159.198,159.149,159.169,184,10,0
2026-08-25T19:20:00Z,1787685600,159.169,159.179,159.162,159.168,159,10,0
2026-08-25T19:25:00Z,1787685900,159.168,159.197,159.167,159.197,91,10,0
2026-08-25T19:30:00Z,1787686200,159.197,159.21,159.197,159.203,125,10,0
2026-08-25T19:35:00Z,1787686500,159.203,159.214,159.193,159.197,105,10,0
2026-08-25T19:40:00Z,1787686800,159.197,159.201,159.18,159.186,89,10,0
2026-08-25T19:45:00Z,1787687100,159.186,159.187,159.148,159.149,95,10,0
2026-08-25T19:50:00Z,1787687400,159.149,159.164,159.097,159.113,293,10,0
2026-08-25T19:55:00Z,1787687700,159.11,159.14,159.077,159.139,350,10,0
2026-08-25T20:00:00Z,1787688000,159.122,159.157,159.119,159.157,137,10,0
2026-08-25T20:05:00Z,1787688300,159.156,159.164,159.136,159.143,122,10,0
2026-08-25T20:10:00Z,1787688600,159.137,159.157,159.117,159.141,98,10,0
2026-08-25T20:15:00Z,1787688900,159.14,159.155,159.132,159.154,92,10,0
2026-08-25T20:20:00Z,1787689200,159.154,159.176,159.148,159.174,77,10,0
2026-08-25T20:25:00Z,1787689500,159.175,159.191,159.153,159.174,71,10,0
2026-08-25T20:30:00Z,1787689800,159.178,159.209,159.173,159.209,71,10,0
2026-08-25T20:35:00Z,1787690100,159.209,159.21,159.194,159.209,67,10,0
2026-08-25T20:40:00Z,1787690400,159.21,159.23,159.2,159.2,88,10,0
2026-08-25T20:45:00Z,1787690700,159.206,159.209,159.167,159.193,81,10,0
2026-08-25T20:50:00Z,1787691000,159.193,159.203,159.188,159.201,54,10,0
2026-08-25T20:55:00Z,1787691300,159.202,159.202,159.178,159.189,75,10,0
2026-08-25T21:00:00Z,1787691600,159.173,159.194,159.134,159.194,4,64,0
2026-08-25T21:05:00Z,1787691900,159.191,159.218,159.157,159.218,24,26,0
2026-08-25T21:10:00Z,1787692200,159.218,159.219,159.212,159.212,38,26,0
2026-08-25T21:15:00Z,1787692500,159.212,159.217,159.184,159.212,44,26,0
2026-08-25T21:20:00Z,1787692800,159.217,159.217,159.166,159.21,22,26,0
2026-08-25T21:25:00Z,1787693100,159.209,159.219,159.198,159.215,26,26,0
2026-08-25T21:30:00Z,1787693400,159.215,159.216,159.199,159.206,27,26,0
2026-08-25T21:35:00Z,1787693700,159.206,159.211,159.177,159.192,70,26,0
2026-08-25T21:40:00Z,1787694000,159.192,159.203,159.171,159.198,113,26,0
2026-08-25T21:45:00Z,1787694300,159.198,159.207,159.188,159.199,55,26,0
2026-08-25T21:50:00Z,1787694600,159.199,159.206,159.184,159.199,46,26,0
2026-08-25T21:55:00Z,1787694900,159.204,159.204,159.196,159.202,32,26,0
2026-08-25T22:00:00Z,1787695200,159.21,159.215,159.196,159.215,60,10,0
2026-08-25T22:05:00Z,1787695500,159.215,159.215,159.208,159.213,17,10,0
2026-08-25T22:10:00Z,1787695800,159.213,159.23,159.212,159.222,61,10,0
2026-08-25T22:15:00Z,1787696100,159.222,159.222,159.203,159.207,29,10,0
2026-08-25T22:20:00Z,1787696400,159.207,159.207,159.191,159.197,34,10,0
2026-08-25T22:25:00Z,1787696700,159.197,159.208,159.196,159.204,50,10,0
2026-08-25T22:30:00Z,1787697000,159.204,159.206,159.204,159.205,18,10,0
2026-08-25T22:35:00Z,1787697300,159.205,159.206,159.196,159.205,31,10,0
2026-08-25T22:40:00Z,1787697600,159.205,159.205,159.194,159.195,44,10,0
2026-08-25T22:45:00Z,1787697900,159.195,159.197,159.187,159.197,25,10,0
2026-08-25T22:50:00Z,1787698200,159.197,159.2,159.194,159.198,36,10,0
2026-08-25T22:55:00Z,1787698500,159.199,159.201,159.189,159.198,33,10,0
2026-08-25T23:00:00Z,1787698800,159.198,159.202,159.196,159.197,38,10,0
2026-08-25T23:05:00Z,1787699100,159.197,159.221,159.195,159.22,49,10,0
2026-08-25T23:10:00Z,1787699400,159.221,159.232,159.22,159.227,69,10,0
2026-08-25T23:15:00Z,1787699700,159.227,159.228,159.217,159.218,45,10,0
2026-08-25T23:20:00Z,1787700000,159.218,159.223,159.217,159.223,31,10,0
2026-08-25T23:25:00Z,1787700300,159.223,159.241,159.223,159.241,52,10,0
2026-08-25T23:30:00Z,1787700600,159.241,159.256,159.24,159.252,49,10,0
2026-08-25T23:35:00Z,1787700900,159.253,159.255,159.237,159.243,57,10,0
2026-08-25T23:40:00Z,1787701200,159.243,159.256,159.242,159.254,52,10,0
2026-08-25T23:45:00Z,1787701500,159.254,159.256,159.233,159.245,102,10,0
2026-08-25T23:50:00Z,1787701800,159.245,159.247,159.234,159.243,55,10,0
2026-08-25T23:55:00Z,1787702100,159.243,159.246,159.21,159.212,105,10,0
2026-08-26T00:00:00Z,1787702400,159.212,159.242,159.212,159.236,225,10,0
2026-08-26T00:05:00Z,1787702700,159.238,159.256,159.223,159.223,169,10,0
2026-08-26T00:10:00Z,1787703000,159.224,159.231,159.21,159.216,130,10,0
2026-08-26T00:15:00Z,1787703300,159.219,159.236,159.218,159.232,148,10,0
2026-08-26T00:20:00Z,1787703600,159.234,159.242,159.222,159.242,108,10,0
2026-08-26T00:25:00Z,1787703900,159.242,159.249,159.216,159.224,143,10,0
2026-08-26T00:30:00Z,1787704200,159.224,159.224,159.191,159.211,167,10,0
2026-08-26T00:35:00Z,1787704500,159.211,159.223,159.194,159.199,147,10,0
2026-08-26T00:40:00Z,1787704800,159.201,159.204,159.146,159.162,253,10,0
2026-08-26T00:45:00Z,1787705100,159.164,159.166,159.106,159.119,290,10,0
2026-08-26T00:50:00Z,1787705400,159.119,159.146,159.1,159.11,375,10,0
2026-08-26T00:55:00Z,1787705700,159.108,159.17,159.104,159.16,218,10,0
2026-08-26T01:00:00Z,1787706000,159.159,159.162,159.134,159.149,232,10,0
2026-08-26T01:05:00Z,1787706300,159.15,159.175,159.144,159.153,162,10,0
2026-08-26T01:10:00Z,1787706600,159.153,159.18,159.152,159.165,127,10,0
2026-08-26T01:15:00Z,1787706900,159.165,159.166,159.143,159.143,168,10,0
2026-08-26T01:20:00Z,1787707200,159.144,159.158,159.132,159.148,120,10,0
2026-08-26T01:25:00Z,1787707500,159.148,159.164,159.132,159.157,124,10,0
2026-08-26T01:30:00Z,1787707800,159.155,159.16,159.134,159.151,237,10,0
2026-08-26T01:35:00Z,1787708100,159.148,159.156,159.083,159.091,177,10,0
2026-08-26T01:40:00Z,1787708400,159.09,159.116,159.069,159.084,270,10,0
2026-08-26T01:45:00Z,1787708700,159.084,159.095,159.05,159.056,205,10,0
2026-08-26T01:50:00Z,1787709000,159.054,159.059,158.958,159.031,642,10,0
2026-08-26T01:55:00Z,1787709300,159.03,159.056,159.021,159.044,222,10,0
2026-08-26T02:00:00Z,1787709600,159.044,159.048,158.891,158.919,571,10,0
2026-08-26T02:05:00Z,1787709900,158.919,158.943,158.875,158.928,456,10,0
2026-08-26T02:10:00Z,1787710200,158.927,158.95,158.891,158.947,326,10,0
2026-08-26T02:15:00Z,1787710500,158.949,158.98,158.942,158.945,280,10,0
2026-08-26T02:20:00Z,1787710800,158.945,158.967,158.904,158.935,269,10,0
2026-08-26T02:25:00Z,1787711100,158.932,158.976,158.929,158.965,243,10,0
2026-08-26T02:30:00Z,1787711400,158.968,158.987,158.961,158.972,193,10,0
2026-08-26T02:35:00Z,1787711700,158.972,159.017,158.972,159.011,227,10,0
2026-08-26T02:40:00Z,1787712000,159.012,159.031,158.969,158.987,201,10,0
2026-08-26T02:45:00Z,1787712300,158.985,159.005,158.973,159.004,169,10,0
2026-08-26T02:50:00Z,1787712600,159.003,159.033,159.002,159.028,176,10,0
2026-08-26T02:55:00Z,1787712900,159.029,159.041,159.021,159.033,157,10,0
2026-08-26T03:00:00Z,1787713200,159.031,159.031,158.994,158.995,167,10,0
2026-08-26T03:05:00Z,1787713500,158.995,159.021,158.993,158.997,116,10,0
2026-08-26T03:10:00Z,1787713800,158.996,159.02,158.988,159.019,95,10,0
2026-08-26T03:15:00Z,1787714100,159.019,159.025,159.001,159.004,108,10,0
2026-08-26T03:20:00Z,1787714400,159.004,159.006,158.975,158.992,155,10,0
2026-08-26T03:25:00Z,1787714700,158.992,158.993,158.949,158.977,184,10,0
2026-08-26T03:30:00Z,1787715000,158.979,158.985,158.89,158.922,377,10,0
2026-08-26T03:35:00Z,1787715300,158.922,158.943,158.903,158.933,220,10,0
2026-08-26T03:40:00Z,1787715600,158.935,158.964,158.931,158.949,168,10,0
2026-08-26T03:45:00Z,1787715900,158.95,158.979,158.95,158.954,105,10,0
2026-08-26T03:50:00Z,1787716200,158.954,158.969,158.939,158.951,146,10,0
2026-08-26T03:55:00Z,1787716500,158.951,158.966,158.937,158.957,129,10,0
2026-08-26T04:00:00Z,1787716800,158.957,158.981,158.939,158.98,125,10,0
2026-08-26T04:05:00Z,1787717100,158.98,158.985,158.968,158.971,103,10,0
2026-08-26T04:10:00Z,1787717400,158.972,159.003,158.969,159.001,122,10,0
2026-08-26T04:15:00Z,1787717700,159.002,159.023,158.972,158.989,184,10,0
2026-08-26T04:20:00Z,1787718000,158.991,159.01,158.969,158.984,191,10,0
2026-08-26T04:25:00Z,1787718300,158.984,159.001,158.981,158.997,124,10,0
2026-08-26T04:30:00Z,1787718600,158.996,158.996,158.96,158.977,161,10,0
2026-08-26T04:35:00Z,1787718900,158.979,158.984,158.966,158.978,131,10,0
2026-08-26T04:40:00Z,1787719200,158.979,158.999,158.972,158.988,119,10,0
2026-08-26T04:45:00Z,1787719500,158.988,159.008,158.984,159.002,160,10,0
2026-08-26T04:50:00Z,1787719800,159.002,159.037,159.001,159.022,144,10,0
2026-08-26T04:55:00Z,1787720100,159.023,159.038,159.005,159.031,191,10,0
2026-08-26T05:00:00Z,1787720400,159.032,159.047,159.018,159.028,161,10,0
2026-08-26T05:05:00Z,1787720700,159.027,159.04,159.012,159.021,148,10,0
2026-08-26T05:10:00Z,1787721000,159.02,159.033,159.019,159.019,88,10,0
2026-08-26T05:15:00Z,1787721300,159.019,159.019,158.994,159.001,137,10,0
2026-08-26T05:20:00Z,1787721600,159.002,159.023,159.0,159.022,103,10,0
2026-08-26T05:25:00Z,1787721900,159.022,159.022,159.008,159.013,58,10,0
2026-08-26T05:30:00Z,1787722200,159.013,159.013,158.968,158.974,148,10,0
2026-08-26T05:35:00Z,1787722500,158.974,159.0,158.971,158.986,147,10,0
2026-08-26T05:40:00Z,1787722800,158.986,158.986,158.957,158.968,152,10,0
2026-08-26T05:45:00Z,1787723100,158.968,158.985,158.963,158.981,76,10,0
2026-08-26T05:50:00Z,1787723400,158.982,159.005,158.979,159.002,93,10,0
2026-08-26T05:55:00Z,1787723700,158.999,159.011,158.989,159.011,132,10,0
2026-08-26T06:00:00Z,1787724000,159.011,159.047,159.001,159.036,200,10,0
2026-08-26T06:05:00Z,1787724300,159.036,159.047,159.023,159.045,139,10,0
2026-08-26T06:10:00Z,1787724600,159.044,159.086,159.044,159.067,204,10,0
2026-08-26T06:15:00Z,1787724900,159.067,159.078,159.038,159.039,160,10,0
2026-08-26T06:20:00Z,1787725200,159.04,159.056,159.037,159.053,122,10,0
2026-08-26T06:25:00Z,1787725500,159.053,159.071,159.043,159.053,143,10,0
2026-08-26T06:30:00Z,1787725800,159.055,159.084,159.04,159.082,168,10,0
2026-08-26T06:35:00Z,1787726100,159.082,159.119,159.082,159.099,171,10,0
2026-08-26T06:40:00Z,1787726400,159.102,159.105,159.08,159.085,139,10,0
2026-08-26T06:45:00Z,1787726700,159.085,159.085,159.062,159.075,111,10,0
2026-08-26T06:50:00Z,1787727000,159.075,159.09,159.065,159.065,138,10,0
2026-08-26T06:55:00Z,1787727300,159.065,159.077,159.042,159.053,153,10,0
2026-08-26T07:00:00Z,1787727600,159.053,159.06,158.974,158.994,266,10,0
2026-08-26T07:05:00Z,1787727900,158.994,159.01,158.983,158.987,218,10,0
2026-08-26T07:10:00Z,1787728200,158.987,158.999,158.959,158.999,219,10,0
2026-08-26T07:15:00Z,1787728500,159.0,159.014,158.979,159.007,149,10,0
2026-08-26T07:20:00Z,1787728800,159.007,159.026,159.007,159.022,150,10,0
2026-08-26T07:25:00Z,1787729100,159.022,159.043,159.007,159.039,131,10,0
2026-08-26T07:30:00Z,1787729400,159.037,159.042,159.006,159.017,127,10,0
2026-08-26T07:35:00Z,1787729700,159.017,159.023,158.983,158.991,168,10,0
2026-08-26T07:40:00Z,1787730000,158.992,159.009,158.987,159.008,157,10,0
2026-08-26T07:45:00Z,1787730300,159.008,159.019,158.97,158.991,176,10,0
2026-08-26T07:50:00Z,1787730600,158.991,159.004,158.981,158.995,158,10,0
2026-08-26T07:55:00Z,1787730900,158.996,159.013,158.988,159.007,202,10,0
2026-08-26T08:00:00Z,1787731200,159.006,159.011,158.969,158.973,204,10,0
2026-08-26T08:05:00Z,1787731500,158.971,158.975,158.936,158.963,198,10,0
2026-08-26T08:10:00Z,1787731800,158.963,158.98,158.961,158.97,133,10,0
2026-08-26T08:15:00Z,1787732100,158.969,158.978,158.926,158.958,234,10,0
2026-08-26T08:20:00Z,1787732400,158.956,158.992,158.953,158.966,170,10,0
2026-08-26T08:25:00Z,1787732700,158.968,158.974,158.939,158.952,211,10,0
2026-08-26T08:30:00Z,1787733000,158.95,158.983,158.949,158.956,172,10,0
2026-08-26T08:35:00Z,1787733300,158.958,158.979,158.949,158.967,226,10,0
2026-08-26T08:40:00Z,1787733600,158.964,159.005,158.963,158.983,183,10,0
2026-08-26T08:45:00Z,1787733900,158.983,158.99,158.96,158.967,140,10,0
2026-08-26T08:50:00Z,1787734200,158.968,158.983,158.963,158.982,148,10,0
2026-08-26T08:55:00Z,1787734500,158.982,159.03,158.981,159.004,227,10,0
2026-08-26T09:00:00Z,1787734800,159.004,159.044,158.993,159.018,245,10,0
2026-08-26T09:05:00Z,1787735100,159.018,159.055,159.016,159.047,135,10,0
2026-08-26T09:10:00Z,1787735400,159.049,159.049,159.013,159.023,157,10,0
2026-08-26T09:15:00Z,1787735700,159.021,159.022,158.977,158.98,153,10,0
2026-08-26T09:20:00Z,1787736000,158.979,158.996,158.962,158.992,223,10,0
2026-08-26T09:25:00Z,1787736300,158.991,159.0,158.981,158.994,136,10,0
2026-08-26T09:30:00Z,1787736600,158.994,158.997,158.97,158.981,141,10,0
2026-08-26T09:35:00Z,1787736900,158.979,158.985,158.969,158.984,139,10,0
2026-08-26T09:40:00Z,1787737200,158.981,159.003,158.966,158.966,137,10,0
2026-08-26T09:45:00Z,1787737500,158.966,158.984,158.957,158.984,149,10,0
2026-08-26T09:50:00Z,1787737800,158.984,158.985,158.955,158.959,191,10,0
2026-08-26T09:55:00Z,1787738100,158.957,158.994,158.957,158.985,163,10,0
2026-08-26T10:00:00Z,1787738400,158.987,158.999,158.98,158.982,125,10,0
2026-08-26T10:05:00Z,1787738700,158.982,158.996,158.981,158.992,80,10,0
2026-08-26T10:10:00Z,1787739000,158.99,159.006,158.987,159.005,71,10,0
2026-08-26T10:15:00Z,1787739300,159.006,159.03,158.998,159.025,104,10,0
2026-08-26T10:20:00Z,1787739600,159.025,159.029,159.011,159.024,138,10,0
2026-08-26T10:25:00Z,1787739900,159.027,159.039,159.023,159.028,131,10,0
2026-08-26T10:30:00Z,1787740200,159.028,159.028,159.012,159.016,101,10,0
2026-08-26T10:35:00Z,1787740500,159.016,159.028,159.012,159.014,118,10,0
2026-08-26T10:40:00Z,1787740800,159.014,159.063,159.013,159.053,132,10,0
2026-08-26T10:45:00Z,1787741100,159.054,159.084,159.047,159.082,155,10,0
2026-08-26T10:50:00Z,1787741400,159.082,159.098,159.079,159.083,130,10,0
2026-08-26T10:55:00Z,1787741700,159.084,159.117,159.08,159.089,179,10,0
2026-08-26T11:00:00Z,1787742000,159.09,159.099,159.056,159.077,190,10,0
2026-08-26T11:05:00Z,1787742300,159.076,159.111,159.076,159.108,118,10,0
2026-08-26T11:10:00Z,1787742600,159.109,159.11,159.088,159.092,102,10,0
2026-08-26T11:15:00Z,1787742900,159.095,159.114,159.093,159.101,107,10,0
2026-08-26T11:20:00Z,1787743200,159.101,159.157,159.096,159.153,130,10,0
2026-08-26T11:25:00Z,1787743500,159.153,159.155,159.131,159.142,144,10,0
2026-08-26T11:30:00Z,1787743800,159.143,159.153,159.114,159.114,167,10,0
2026-08-26T11:35:00Z,1787744100,159.115,159.139,159.108,159.133,152,10,0
2026-08-26T11:40:00Z,1787744400,159.136,159.137,159.118,159.123,119,10,0
2026-08-26T11:45:00Z,1787744700,159.122,159.128,159.105,159.11,96,10,0
2026-08-26T11:50:00Z,1787745000,159.111,159.118,159.1,159.102,123,10,0
2026-08-26T11:55:00Z,1787745300,159.101,159.109,159.079,159.079,147,10,0
2026-08-26T12:00:00Z,1787745600,159.078,159.082,159.042,159.056,213,10,0
2026-08-26T12:05:00Z,1787745900,159.055,159.06,159.029,159.059,140,10,0
2026-08-26T12:10:00Z,1787746200,159.058,159.075,159.051,159.057,181,10,0
2026-08-26T12:15:00Z,1787746500,159.058,159.058,159.006,159.021,192,10,0
2026-08-26T12:20:00Z,1787746800,159.019,159.029,158.994,159.001,224,10,0
2026-08-26T12:25:00Z,1787747100,159.001,159.001,158.961,158.97,243,10,0
2026-08-26T12:30:00Z,1787747400,158.965,159.114,158.921,159.083,491,10,0
2026-08-26T12:35:00Z,1787747700,159.081,159.143,159.065,159.131,378,10,0
2026-08-26T12:40:00Z,1787748000,159.132,159.17,159.115,159.137,365,10,0
2026-08-26T12:45:00Z,1787748300,159.134,159.184,159.127,159.182,281,10,0
2026-08-26T12:50:00Z,1787748600,159.179,159.251,159.167,159.188,363,10,0
2026-08-26T12:55:00Z,1787748900,159.188,159.241,159.188,159.23,315,10,0
2026-08-26T13:00:00Z,1787749200,159.228,159.292,159.228,159.28,350,10,0
2026-08-26T13:05:00Z,1787749500,159.277,159.301,159.253,159.291,279,10,0
2026-08-26T13:10:00Z,1787749800,159.291,159.324,159.264,159.275,277,10,0
2026-08-26T13:15:00Z,1787750100,159.272,159.32,159.254,159.264,303,10,0
2026-08-26T13:20:00Z,1787750400,159.265,159.302,159.258,159.28,234,10,0
2026-08-26T13:25:00Z,1787750700,159.281,159.302,159.262,159.275,203,10,0
2026-08-26T13:30:00Z,1787751000,159.272,159.32,159.258,159.319,296,10,0
2026-08-26T13:35:00Z,1787751300,159.318,159.353,159.316,159.34,275,10,0
2026-08-26T13:40:00Z,1787751600,159.339,159.367,159.327,159.355,254,10,0
2026-08-26T13:45:00Z,1787751900,159.355,159.364,159.324,159.349,264,10,0
2026-08-26T13:50:00Z,1787752200,159.349,159.362,159.316,159.328,281,10,0
2026-08-26T13:55:00Z,1787752500,159.328,159.391,159.318,159.391,339,10,0
2026-08-26T14:00:00Z,1787752800,159.391,159.418,159.374,159.388,327,10,0
2026-08-26T14:05:00Z,1787753100,159.388,159.415,159.374,159.376,247,10,0
2026-08-26T14:10:00Z,1787753400,159.376,159.392,159.357,159.388,200,10,0
2026-08-26T14:15:00Z,1787753700,159.388,159.433,159.383,159.429,182,10,0
2026-08-26T14:20:00Z,1787754000,159.43,159.443,159.404,159.427,259,10,0
2026-08-26T14:25:00Z,1787754300,159.428,159.438,159.402,159.414,228,10,0
2026-08-26T14:30:00Z,1787754600,159.413,159.441,159.384,159.394,197,10,0
2026-08-26T14:35:00Z,1787754900,159.393,159.406,159.366,159.378,210,10,0
2026-08-26T14:40:00Z,1787755200,159.378,159.382,159.341,159.366,252,10,0
2026-08-26T14:45:00Z,1787755500,159.364,159.42,159.363,159.411,221,10,0
2026-08-26T14:50:00Z,1787755800,159.414,159.42,159.376,159.39,258,10,0
2026-08-26T14:55:00Z,1787756100,159.39,159.418,159.378,159.406,268,10,0
2026-08-26T15:00:00Z,1787756400,159.406,159.41,159.375,159.382,270,10,0
2026-08-26T15:05:00Z,1787756700,159.383,159.388,159.35,159.353,200,10,0
2026-08-26T15:10:00Z,1787757000,159.353,159.37,159.336,159.363,196,10,0
2026-08-26T15:15:00Z,1787757300,159.366,159.382,159.349,159.351,165,10,0
2026-08-26T15:20:00Z,1787757600,159.351,159.377,159.351,159.362,177,10,0
2026-08-26T15:25:00Z,1787757900,159.362,159.377,159.36,159.365,152,10,0
2026-08-26T15:30:00Z,1787758200,159.366,159.372,159.354,159.356,163,10,0
2026-08-26T15:35:00Z,1787758500,159.356,159.363,159.344,159.344,144,10,0
2026-08-26T15:40:00Z,1787758800,159.343,159.353,159.319,159.353,140,10,0
2026-08-26T15:45:00Z,1787759100,159.353,159.353,159.313,159.328,160,10,0
2026-08-26T15:50:00Z,1787759400,159.328,159.389,159.327,159.357,289,10,0
2026-08-26T15:55:00Z,1787759700,159.36,159.388,159.346,159.365,229,10,0
2026-08-26T16:00:00Z,1787760000,159.365,159.367,159.343,159.349,187,10,0
2026-08-26T16:05:00Z,1787760300,159.351,159.353,159.338,159.351,154,10,0
2026-08-26T16:10:00Z,1787760600,159.351,159.359,159.32,159.325,160,10,0
2026-08-26T16:15:00Z,1787760900,159.325,159.327,159.297,159.311,195,10,0
2026-08-26T16:20:00Z,1787761200,159.311,159.334,159.305,159.334,152,10,0
2026-08-26T16:25:00Z,1787761500,159.332,159.346,159.321,159.344,184,10,0
2026-08-26T16:30:00Z,1787761800,159.343,159.365,159.34,159.36,118,10,0
2026-08-26T16:35:00Z,1787762100,159.36,159.375,159.359,159.371,135,10,0
2026-08-26T16:40:00Z,1787762400,159.371,159.384,159.369,159.371,110,10,0
2026-08-26T16:45:00Z,1787762700,159.371,159.394,159.358,159.36,149,10,0
2026-08-26T16:50:00Z,1787763000,159.36,159.413,159.35,159.413,160,10,0
2026-08-26T16:55:00Z,1787763300,159.414,159.424,159.403,159.412,147,10,0
2026-08-26T17:00:00Z,1787763600,159.411,159.414,159.386,159.398,152,10,0
2026-08-26T17:05:00Z,1787763900,159.399,159.423,159.399,159.417,139,10,0
2026-08-26T17:10:00Z,1787764200,159.415,159.422,159.406,159.407,120,10,0
2026-08-26T17:15:00Z,1787764500,159.406,159.41,159.37,159.377,136,10,0
2026-08-26T17:20:00Z,1787764800,159.376,159.388,159.368,159.373,76,10,0
2026-08-26T17:25:00Z,1787765100,159.373,159.383,159.369,159.371,78,10,0
2026-08-26T17:30:00Z,1787765400,159.371,159.374,159.357,159.361,104,10,0
2026-08-26T17:35:00Z,1787765700,159.36,159.385,159.357,159.384,79,10,0
2026-08-26T17:40:00Z,1787766000,159.384,159.386,159.373,159.384,84,10,0
2026-08-26T17:45:00Z,1787766300,159.382,159.413,159.382,159.411,107,10,0
2026-08-26T17:50:00Z,1787766600,159.411,159.411,159.385,159.397,91,10,0
2026-08-26T17:55:00Z,1787766900,159.397,159.41,159.388,159.388,72,10,0
2026-08-26T18:00:00Z,1787767200,159.389,159.398,159.383,159.384,101,10,0
2026-08-26T18:05:00Z,1787767500,159.384,159.397,159.381,159.384,97,10,0
2026-08-26T18:10:00Z,1787767800,159.384,159.386,159.368,159.377,89,10,0
2026-08-26T18:15:00Z,1787768100,159.377,159.384,159.373,159.382,91,10,0
2026-08-26T18:20:00Z,1787768400,159.384,159.398,159.384,159.394,76,10,0
2026-08-26T18:25:00Z,1787768700,159.394,159.398,159.39,159.396,83,10,0
2026-08-26T18:30:00Z,1787769000,159.396,159.409,159.396,159.4,57,10,0
2026-08-26T18:35:00Z,1787769300,159.4,159.413,159.398,159.406,54,10,0
2026-08-26T18:40:00Z,1787769600,159.407,159.411,159.398,159.4,58,10,0
2026-08-26T18:45:00Z,1787769900,159.4,159.4,159.385,159.386,70,10,0
2026-08-26T18:50:00Z,1787770200,159.387,159.397,159.381,159.394,76,10,0
2026-08-26T18:55:00Z,1787770500,159.394,159.406,159.382,159.397,113,10,0
2026-08-26T19:00:00Z,1787770800,159.396,159.41,159.382,159.384,97,10,0
2026-08-26T19:05:00Z,1787771100,159.385,159.386,159.368,159.37,106,10,0
2026-08-26T19:10:00Z,1787771400,159.37,159.371,159.356,159.358,84,10,0
2026-08-26T19:15:00Z,1787771700,159.359,159.386,159.358,159.384,89,10,0
2026-08-26T19:20:00Z,1787772000,159.384,159.388,159.38,159.382,63,10,0
2026-08-26T19:25:00Z,1787772300,159.382,159.383,159.369,159.376,71,10,0
2026-08-26T19:30:00Z,1787772600,159.373,159.377,159.319,159.355,201,10,0
2026-08-26T19:35:00Z,1787772900,159.354,159.364,159.35,159.362,68,10,0
2026-08-26T19:40:00Z,1787773200,159.361,159.361,159.342,159.344,67,10,0
2026-08-26T19:45:00Z,1787773500,159.344,159.356,159.337,159.352,86,10,0
2026-08-26T19:50:00Z,1787773800,159.354,159.369,159.352,159.354,96,10,0
2026-08-26T19:55:00Z,1787774100,159.353,159.362,159.339,159.341,151,10,0
2026-08-26T20:00:00Z,1787774400,159.335,159.353,159.334,159.35,90,10,0
2026-08-26T20:05:00Z,1787774700,159.35,159.357,159.341,159.345,59,10,0
2026-08-26T20:10:00Z,1787775000,159.345,159.349,159.339,159.348,48,10,0
2026-08-26T20:15:00Z,1787775300,159.348,159.349,159.337,159.337,35,10,0
2026-08-26T20:20:00Z,1787775600,159.337,159.342,159.323,159.325,65,10,0
2026-08-26T20:25:00Z,1787775900,159.325,159.33,159.305,159.311,34,10,0
2026-08-26T20:30:00Z,1787776200,159.311,159.321,159.311,159.321,20,10,0
2026-08-26T20:35:00Z,1787776500,159.321,159.321,159.281,159.29,88,10,0
2026-08-26T20:40:00Z,1787776800,159.289,159.294,159.288,159.291,21,10,0
2026-08-26T20:45:00Z,1787777100,159.291,159.313,159.204,159.204,83,10,0
2026-08-26T20:50:00Z,1787777400,159.205,159.214,159.203,159.214,49,130,0
2026-08-26T20:55:00Z,1787777700,159.216,159.229,159.186,159.186,77,130,0
2026-08-26T21:00:00Z,1787778000,159.187,159.188,159.187,159.188,5,158,0
2026-08-26T21:05:00Z,1787778300,159.177,159.199,159.177,159.199,12,146,0
2026-08-26T21:10:00Z,1787778600,159.199,159.205,159.165,159.19,25,146,0
2026-08-26T21:15:00Z,1787778900,159.19,159.19,159.167,159.167,16,158,0
2026-08-26T21:20:00Z,1787779200,159.179,159.18,159.166,159.166,11,158,0
2026-08-26T21:25:00Z,1787779500,159.17,159.197,159.17,159.197,28,146,0
2026-08-26T21:30:00Z,1787779800,159.19,159.197,159.173,159.185,63,146,0
2026-08-26T21:35:00Z,1787780100,159.186,159.194,159.18,159.184,26,146,0
2026-08-26T21:40:00Z,1787780400,159.183,159.188,159.177,159.188,11,146,0
2026-08-26T21:45:00Z,1787780700,159.188,159.193,159.181,159.183,24,146,0
2026-08-26T21:50:00Z,1787781000,159.183,159.191,159.183,159.189,15,146,0
2026-08-26T21:55:00Z,1787781300,159.19,159.19,159.161,159.172,55,146,0
2026-08-26T22:00:00Z,1787781600,159.286,159.302,159.262,159.28,81,10,0
2026-08-26T22:05:00Z,1787781900,159.281,159.287,159.278,159.281,41,10,0
2026-08-26T22:10:00Z,1787782200,159.281,159.297,159.279,159.295,57,10,0
2026-08-26T22:15:00Z,1787782500,159.295,159.295,159.269,159.28,39,10,0
2026-08-26T22:20:00Z,1787782800,159.28,159.285,159.276,159.281,32,10,0
2026-08-26T22:25:00Z,1787783100,159.282,159.282,159.265,159.265,28,10,0
2026-08-26T22:30:00Z,1787783400,159.264,159.28,159.247,159.27,53,10,0
2026-08-26T22:35:00Z,1787783700,159.27,159.275,159.252,159.258,38,10,0
2026-08-26T22:40:00Z,1787784000,159.258,159.266,159.249,159.256,38,10,0
2026-08-26T22:45:00Z,1787784300,159.256,159.259,159.253,159.258,26,10,0
2026-08-26T22:50:00Z,1787784600,159.259,159.262,159.248,159.26,43,10,0
2026-08-26T22:55:00Z,1787784900,159.26,159.27,159.256,159.267,26,10,0
2026-08-26T23:00:00Z,1787785200,159.267,159.27,159.226,159.244,100,10,0
2026-08-26T23:05:00Z,1787785500,159.244,159.252,159.243,159.248,45,10,0
2026-08-26T23:10:00Z,1787785800,159.248,159.248,159.221,159.224,99,10,0
2026-08-26T23:15:00Z,1787786100,159.224,159.225,159.206,159.206,43,10,0
2026-08-26T23:20:00Z,1787786400,159.207,159.222,159.207,159.221,65,10,0
2026-08-26T23:25:00Z,1787786700,159.224,159.249,159.223,159.248,73,10,0
2026-08-26T23:30:00Z,1787787000,159.248,159.249,159.234,159.235,56,10,0
2026-08-26T23:35:00Z,1787787300,159.235,159.238,159.233,159.236,34,10,0
2026-08-26T23:40:00Z,1787787600,159.236,159.249,159.235,159.249,26,10,0
2026-08-26T23:45:00Z,1787787900,159.249,159.258,159.232,159.247,85,10,0
2026-08-26T23:50:00Z,1787788200,159.247,159.269,159.246,159.269,87,10,0
2026-08-26T23:55:00Z,1787788500,159.266,159.266,159.248,159.249,52,10,0
2026-08-27T00:00:00Z,1787788800,159.249,159.251,159.175,159.193,497,10,0
2026-08-27T00:05:00Z,1787789100,159.192,159.209,159.158,159.176,316,10,0
2026-08-27T00:10:00Z,1787789400,159.178,159.188,159.129,159.147,290,10,0
2026-08-27T00:15:00Z,1787789700,159.147,159.155,159.134,159.145,271,10,0
2026-08-27T00:20:00Z,1787790000,159.145,159.171,159.119,159.137,197,10,0
2026-08-27T00:25:00Z,1787790300,159.137,159.147,159.118,159.139,218,10,0
2026-08-27T00:30:00Z,1787790600,159.136,159.154,159.111,159.112,184,10,0
2026-08-27T00:35:00Z,1787790900,159.111,159.16,159.11,159.139,242,10,0
2026-08-27T00:40:00Z,1787791200,159.141,159.146,159.123,159.14,179,10,0
2026-08-27T00:45:00Z,1787791500,159.143,159.169,159.138,159.141,144,10,0
2026-08-27T00:50:00Z,1787791800,159.141,159.186,159.124,159.146,373,10,0
2026-08-27T00:55:00Z,1787792100,159.144,159.19,159.137,159.175,253,10,0
2026-08-27T01:00:00Z,1787792400,159.177,159.201,159.173,159.174,271,10,0
2026-08-27T01:05:00Z,1787792700,159.174,159.199,159.172,159.182,141,10,0
2026-08-27T01:10:00Z,1787793000,159.181,159.184,159.161,159.164,193,10,0
2026-08-27T01:15:00Z,1787793300,159.163,159.189,159.147,159.181,176,10,0
2026-08-27T01:20:00Z,1787793600,159.18,159.2,159.155,159.165,175,10,0
2026-08-27T01:25:00Z,1787793900,159.165,159.194,159.153,159.153,139,10,0
2026-08-27T01:30:00Z,1787794200,159.154,159.223,159.13,159.174,204,10,0
2026-08-27T01:35:00Z,1787794500,159.176,159.275,159.125,159.269,407,10,0
2026-08-27T01:40:00Z,1787794800,159.267,159.279,159.21,159.22,269,10,0
2026-08-27T01:45:00Z,1787795100,159.22,159.246,159.211,159.237,170,10,0
2026-08-27T01:50:00Z,1787795400,159.237,159.255,159.231,159.244,155,10,0
2026-08-27T01:55:00Z,1787795700,159.244,159.251,159.222,159.248,172,10,0
2026-08-27T02:00:00Z,1787796000,159.247,159.3,159.244,159.283,163,10,0
2026-08-27T02:05:00Z,1787796300,159.285,159.298,159.256,159.26,152,10,0
2026-08-27T02:10:00Z,1787796600,159.259,159.297,159.259,159.297,127,10,0
2026-08-27T02:15:00Z,1787796900,159.297,159.347,159.297,159.339,177,10,0
2026-08-27T02:20:00Z,1787797200,159.339,159.373,159.331,159.368,155,10,0
2026-08-27T02:25:00Z,1787797500,159.368,159.374,159.355,159.369,108,10,0
2026-08-27T02:30:00Z,1787797800,159.372,159.397,159.355,159.366,187,10,0
2026-08-27T02:35:00Z,1787798100,159.367,159.369,159.34,159.345,111,10,0
2026-08-27T02:40:00Z,1787798400,159.345,159.345,159.319,159.333,110,10,0
2026-08-27T02:45:00Z,1787798700,159.334,159.335,159.296,159.309,153,10,0
2026-08-27T02:50:00Z,1787799000,159.309,159.339,159.297,159.325,145,10,0
2026-08-27T02:55:00Z,1787799300,159.325,159.334,159.312,159.329,128,10,0
2026-08-27T03:00:00Z,1787799600,159.331,159.346,159.317,159.325,161,10,0
2026-08-27T03:05:00Z,1787799900,159.322,159.337,159.316,159.32,118,10,0
2026-08-27T03:10:00Z,1787800200,159.32,159.32,159.303,159.306,115,10,0
2026-08-27T03:15:00Z,1787800500,159.305,159.326,159.303,159.325,68,10,0
2026-08-27T03:20:00Z,1787800800,159.324,159.333,159.318,159.333,71,10,0
2026-08-27T03:25:00Z,1787801100,159.333,159.35,159.333,159.341,60,10,0
2026-08-27T03:30:00Z,1787801400,159.342,159.363,159.341,159.356,99,10,0
2026-08-27T03:35:00Z,1787801700,159.356,159.37,159.355,159.368,101,10,0
2026-08-27T03:40:00Z,1787802000,159.368,159.369,159.338,159.346,129,10,0
2026-08-27T03:45:00Z,1787802300,159.347,159.353,159.334,159.336,109,10,0
2026-08-27T03:50:00Z,1787802600,159.337,159.349,159.33,159.349,92,10,0
2026-08-27T03:55:00Z,1787802900,159.348,159.355,159.341,159.342,75,10,0
2026-08-27T04:00:00Z,1787803200,159.342,159.347,159.327,159.328,81,10,0
2026-08-27T04:05:00Z,1787803500,159.328,159.349,159.327,159.348,65,10,0
2026-08-27T04:10:00Z,1787803800,159.348,159.351,159.335,159.35,70,10,0
2026-08-27T04:15:00Z,1787804100,159.349,159.359,159.345,159.353,62,10,0
2026-08-27T04:20:00Z,1787804400,159.353,159.37,159.352,159.359,82,10,0
2026-08-27T04:25:00Z,1787804700,159.359,159.361,159.344,159.36,71,10,0
2026-08-27T04:30:00Z,1787805000,159.36,159.379,159.354,159.367,105,10,0
2026-08-27T04:35:00Z,1787805300,159.368,159.376,159.36,159.36,68,10,0
2026-08-27T04:40:00Z,1787805600,159.361,159.369,159.352,159.357,94,10,0
2026-08-27T04:45:00Z,1787805900,159.357,159.365,159.347,159.358,84,10,0
2026-08-27T04:50:00Z,1787806200,159.358,159.369,159.358,159.36,76,10,0
2026-08-27T04:55:00Z,1787806500,159.36,159.378,159.355,159.356,96,10,0
2026-08-27T05:00:00Z,1787806800,159.357,159.367,159.342,159.343,133,10,0
2026-08-27T05:05:00Z,1787807100,159.343,159.381,159.332,159.348,161,10,0
2026-08-27T05:10:00Z,1787807400,159.348,159.348,159.326,159.342,106,10,0
2026-08-27T05:15:00Z,1787807700,159.34,159.35,159.332,159.336,125,10,0
2026-08-27T05:20:00Z,1787808000,159.335,159.335,159.317,159.327,103,10,0
2026-08-27T05:25:00Z,1787808300,159.327,159.327,159.288,159.292,131,10,0
2026-08-27T05:30:00Z,1787808600,159.293,159.308,159.279,159.308,146,10,0
2026-08-27T05:35:00Z,1787808900,159.306,159.32,159.296,159.318,111,10,0
2026-08-27T05:40:00Z,1787809200,159.318,159.326,159.312,159.313,96,10,0
2026-08-27T05:45:00Z,1787809500,159.316,159.341,159.312,159.333,101,10,0
2026-08-27T05:50:00Z,1787809800,159.332,159.376,159.332,159.365,159,10,0
2026-08-27T05:55:00Z,1787810100,159.365,159.378,159.35,159.36,148,10,0
2026-08-27T06:00:00Z,1787810400,159.362,159.386,159.339,159.373,199,10,0
2026-08-27T06:05:00Z,1787810700,159.374,159.376,159.351,159.354,124,10,0
2026-08-27T06:10:00Z,1787811000,159.355,159.363,159.339,159.348,162,10,0
2026-08-27T06:15:00Z,1787811300,159.349,159.369,159.348,159.357,103,10,0
2026-08-27T06:20:00Z,1787811600,159.356,159.361,159.335,159.342,117,10,0
2026-08-27T06:25:00Z,1787811900,159.341,159.353,159.33,159.343,136,10,0
2026-08-27T06:30:00Z,1787812200,159.346,159.38,159.345,159.352,153,10,0
2026-08-27T06:35:00Z,1787812500,159.353,159.358,159.343,159.356,115,10,0
2026-08-27T06:40:00Z,1787812800,159.356,159.358,159.341,159.345,109,10,0
2026-08-27T06:45:00Z,1787813100,159.345,159.367,159.329,159.366,159,10,0
2026-08-27T06:50:00Z,1787813400,159.366,159.378,159.351,159.352,128,10,0
2026-08-27T06:55:00Z,1787813700,159.352,159.357,159.338,159.354,114,10,0
2026-08-27T07:00:00Z,1787814000,159.356,159.356,159.297,159.322,221,10,0
2026-08-27T07:05:00Z,1787814300,159.324,159.335,159.307,159.31,144,10,0
2026-08-27T07:10:00Z,1787814600,159.313,159.318,159.281,159.289,139,10,0
2026-08-27T07:15:00Z,1787814900,159.289,159.306,159.267,159.279,161,10,0
2026-08-27T07:20:00Z,1787815200,159.282,159.305,159.277,159.305,108,10,0
2026-08-27T07:25:00Z,1787815500,159.307,159.34,159.304,159.327,136,10,0
2026-08-27T07:30:00Z,1787815800,159.326,159.342,159.326,159.327,100,10,0
2026-08-27T07:35:00Z,1787816100,159.325,159.356,159.303,159.355,152,10,0
2026-08-27T07:40:00Z,1787816400,159.355,159.356,159.331,159.331,160,10,0
2026-08-27T07:45:00Z,1787816700,159.329,159.345,159.329,159.333,118,10,0
2026-08-27T07:50:00Z,1787817000,159.334,159.368,159.334,159.352,152,10,0
2026-08-27T07:55:00Z,1787817300,159.353,159.36,159.322,159.352,167,10,0
2026-08-27T08:00:00Z,1787817600,159.352,159.365,159.31,159.313,215,10,0
2026-08-27T08:05:00Z,1787817900,159.313,159.335,159.293,159.306,189,10,0
2026-08-27T08:10:00Z,1787818200,159.305,159.32,159.284,159.315,146,10,0
2026-08-27T08:15:00Z,1787818500,159.316,159.319,159.295,159.317,156,10,0
2026-08-27T08:20:00Z,1787818800,159.316,159.335,159.313,159.321,145,10,0
2026-08-27T08:25:00Z,1787819100,159.321,159.331,159.308,159.326,159,10,0
2026-08-27T08:30:00Z,1787819400,159.325,159.341,159.325,159.337,136,10,0
2026-08-27T08:35:00Z,1787819700,159.337,159.346,159.319,159.341,168,10,0
2026-08-27T08:40:00Z,1787820000,159.341,159.345,159.283,159.298,162,10,0
2026-08-27T08:45:00Z,1787820300,159.298,159.304,159.277,159.286,164,10,0
2026-08-27T08:50:00Z,1787820600,159.284,159.302,159.279,159.298,161,10,0
2026-08-27T08:55:00Z,1787820900,159.298,159.321,159.287,159.318,163,10,0
2026-08-27T09:00:00Z,1787821200,159.319,159.349,159.307,159.343,208,10,0
2026-08-27T09:05:00Z,1787821500,159.343,159.351,159.332,159.338,151,10,0
2026-08-27T09:10:00Z,1787821800,159.337,159.359,159.334,159.347,153,10,0
2026-08-27T09:15:00Z,1787822100,159.347,159.38,159.344,159.378,158,10,0
2026-08-27T09:20:00Z,1787822400,159.378,159.384,159.361,159.37,126,10,0
2026-08-27T09:25:00Z,1787822700,159.37,159.411,159.37,159.391,241,10,0
2026-08-27T09:30:00Z,1787823000,159.389,159.431,159.389,159.429,201,10,0
2026-08-27T09:35:00Z,1787823300,159.429,159.474,159.424,159.466,183,10,0
2026-08-27T09:40:00Z,1787823600,159.466,159.489,159.451,159.483,167,10,0
2026-08-27T09:45:00Z,1787823900,159.481,159.482,159.452,159.454,142,10,0
2026-08-27T09:50:00Z,1787824200,159.454,159.455,159.441,159.444,116,10,0
2026-08-27T09:55:00Z,1787824500,159.441,159.48,159.441,159.475,154,10,0
2026-08-27T10:00:00Z,1787824800,159.473,159.487,159.455,159.469,164,10,0
2026-08-27T10:05:00Z,1787825100,159.468,159.482,159.457,159.465,103,10,0
2026-08-27T10:10:00Z,1787825400,159.465,159.466,159.442,159.442,118,10,0
2026-08-27T10:15:00Z,1787825700,159.442,159.445,159.42,159.423,106,10,0
2026-08-27T10:20:00Z,1787826000,159.422,159.43,159.414,159.427,115,10,0
2026-08-27T10:25:00Z,1787826300,159.427,159.457,159.426,159.444,136,10,0
2026-08-27T10:30:00Z,1787826600,159.444,159.468,159.444,159.465,110,10,0
2026-08-27T10:35:00Z,1787826900,159.465,159.497,159.461,159.492,156,10,0
2026-08-27T10:40:00Z,1787827200,159.492,159.524,159.458,159.463,209,10,0
2026-08-27T10:45:00Z,1787827500,159.463,159.493,159.462,159.48,167,10,0
2026-08-27T10:50:00Z,1787827800,159.477,159.49,159.467,159.468,131,10,0
2026-08-27T10:55:00Z,1787828100,159.467,159.479,159.461,159.473,129,10,0
2026-08-27T11:00:00Z,1787828400,159.473,159.493,159.462,159.493,138,10,0
2026-08-27T11:05:00Z,1787828700,159.492,159.493,159.471,159.48,127,10,0
2026-08-27T11:10:00Z,1787829000,159.48,159.493,159.47,159.471,153,10,0
2026-08-27T11:15:00Z,1787829300,159.471,159.481,159.451,159.459,124,10,0
2026-08-27T11:20:00Z,1787829600,159.46,159.469,159.446,159.456,163,10,0
2026-08-27T11:25:00Z,1787829900,159.459,159.469,159.447,159.461,99,10,0
2026-08-27T11:30:00Z,1787830200,159.461,159.467,159.415,159.443,290,10,0
2026-08-27T11:35:00Z,1787830500,159.443,159.469,159.437,159.45,191,10,0
2026-08-27T11:40:00Z,1787830800,159.452,159.467,159.44,159.467,183,10,0
2026-08-27T11:45:00Z,1787831100,159.466,159.511,159.455,159.497,201,10,0
2026-08-27T11:50:00Z,1787831400,159.495,159.506,159.439,159.443,243,10,0
2026-08-27T11:55:00Z,1787831700,159.444,159.452,159.414,159.437,227,10,0
2026-08-27T12:00:00Z,1787832000,159.438,159.441,159.399,159.426,275,10,0
2026-08-27T12:05:00Z,1787832300,159.425,159.433,159.379,159.386,212,10,0
2026-08-27T12:10:00Z,1787832600,159.387,159.423,159.378,159.411,182,10,0
2026-08-27T12:15:00Z,1787832900,159.411,159.418,159.361,159.365,190,10,0
2026-08-27T12:20:00Z,1787833200,159.363,159.384,159.342,159.382,203,10,0
2026-08-27T12:25:00Z,1787833500,159.379,159.424,159.37,159.41,211,10,0
2026-08-27T12:30:00Z,1787833800,159.408,159.437,159.396,159.417,176,10,0
2026-08-27T12:35:00Z,1787834100,159.418,159.442,159.415,159.424,224,10,0
2026-08-27T12:40:00Z,1787834400,159.424,159.442,159.399,159.414,239,10,0
2026-08-27T12:45:00Z,1787834700,159.412,159.433,159.407,159.433,213,10,0
2026-08-27T12:50:00Z,1787835000,159.434,159.444,159.41,159.418,175,10,0
2026-08-27T12:55:00Z,1787835300,159.418,159.426,159.399,159.408,167,10,0
2026-08-27T13:00:00Z,1787835600,159.408,159.421,159.368,159.402,369,10,0
2026-08-27T13:05:00Z,1787835900,159.402,159.426,159.399,159.423,239,10,0
2026-08-27T13:10:00Z,1787836200,159.424,159.45,159.421,159.443,210,10,0
2026-08-27T13:15:00Z,1787836500,159.443,159.464,159.421,159.432,198,10,0
2026-08-27T13:20:00Z,1787836800,159.432,159.434,159.364,159.387,253,10,0
2026-08-27T13:25:00Z,1787837100,159.388,159.391,159.338,159.367,313,10,0
2026-08-27T13:30:00Z,1787837400,159.364,159.388,159.344,159.382,326,10,0
2026-08-27T13:35:00Z,1787837700,159.381,159.388,159.36,159.382,237,10,0
2026-08-27T13:40:00Z,1787838000,159.383,159.394,159.371,159.391,189,10,0
2026-08-27T13:45:00Z,1787838300,159.39,159.419,159.372,159.39,240,10,0
2026-08-27T13:50:00Z,1787838600,159.388,159.409,159.381,159.384,250,10,0
2026-08-27T13:55:00Z,1787838900,159.383,159.383,159.335,159.36,282,10,0
2026-08-27T14:00:00Z,1787839200,159.358,159.371,159.341,159.341,260,10,0
2026-08-27T14:05:00Z,1787839500,159.341,159.356,159.291,159.324,349,10,0
2026-08-27T14:10:00Z,1787839800,159.325,159.359,159.312,159.342,266,10,0
2026-08-27T14:15:00Z,1787840100,159.342,159.352,159.323,159.333,192,10,0
2026-08-27T14:20:00Z,1787840400,159.334,159.371,159.329,159.37,170,10,0
2026-08-27T14:25:00Z,1787840700,159.37,159.371,159.337,159.337,142,10,0
2026-08-27T14:30:00Z,1787841000,159.335,159.337,159.307,159.313,164,10,0
2026-08-27T14:35:00Z,1787841300,159.312,159.324,159.29,159.297,215,10,0
2026-08-27T14:40:00Z,1787841600,159.298,159.342,159.282,159.339,225,10,0
2026-08-27T14:45:00Z,1787841900,159.339,159.339,159.306,159.332,216,10,0
2026-08-27T14:50:00Z,1787842200,159.331,159.342,159.298,159.32,203,10,0
2026-08-27T14:55:00Z,1787842500,159.319,159.332,159.267,159.327,373,10,0
2026-08-27T15:00:00Z,1787842800,159.326,159.326,159.271,159.302,299,10,0
2026-08-27T15:05:00Z,1787843100,159.301,159.323,159.276,159.314,209,10,0
2026-08-27T15:10:00Z,1787843400,159.314,159.328,159.3,159.323,141,10,0
2026-08-27T15:15:00Z,1787843700,159.322,159.326,159.287,159.325,152,10,0
2026-08-27T15:20:00Z,1787844000,159.325,159.326,159.309,159.316,151,10,0
2026-08-27T15:25:00Z,1787844300,159.316,159.325,159.305,159.305,140,10,0
2026-08-27T15:30:00Z,1787844600,159.303,159.313,159.28,159.288,179,10,0
2026-08-27T15:35:00Z,1787844900,159.287,159.303,159.287,159.293,126,10,0
2026-08-27T15:40:00Z,1787845200,159.291,159.296,159.272,159.274,152,10,0
2026-08-27T15:45:00Z,1787845500,159.276,159.301,159.273,159.285,147,10,0
2026-08-27T15:50:00Z,1787845800,159.286,159.289,159.246,159.252,134,10,0
2026-08-27T15:55:00Z,1787846100,159.251,159.264,159.234,159.259,166,10,0
2026-08-27T16:00:00Z,1787846400,159.26,159.272,159.247,159.268,146,10,0
2026-08-27T16:05:00Z,1787846700,159.269,159.29,159.266,159.271,121,10,0
2026-08-27T16:10:00Z,1787847000,159.271,159.279,159.247,159.262,124,10,0
2026-08-27T16:15:00Z,1787847300,159.262,159.276,159.26,159.269,103,10,0
2026-08-27T16:20:00Z,1787847600,159.269,159.269,159.239,159.261,120,10,0
2026-08-27T16:25:00Z,1787847900,159.261,159.274,159.248,159.25,104,10,0
2026-08-27T16:30:00Z,1787848200,159.249,159.259,159.241,159.244,108,10,0
2026-08-27T16:35:00Z,1787848500,159.244,159.26,159.244,159.257,83,10,0
2026-08-27T16:40:00Z,1787848800,159.256,159.271,159.254,159.264,117,10,0
2026-08-27T16:45:00Z,1787849100,159.266,159.302,159.262,159.299,154,10,0
2026-08-27T16:50:00Z,1787849400,159.298,159.303,159.285,159.297,123,10,0
2026-08-27T16:55:00Z,1787849700,159.296,159.301,159.279,159.29,135,10,0
2026-08-27T17:00:00Z,1787850000,159.291,159.293,159.262,159.274,132,10,0
2026-08-27T17:05:00Z,1787850300,159.274,159.299,159.274,159.297,106,10,0
2026-08-27T17:10:00Z,1787850600,159.297,159.322,159.296,159.317,95,10,0
2026-08-27T17:15:00Z,1787850900,159.317,159.327,159.306,159.31,105,10,0
2026-08-27T17:20:00Z,1787851200,159.312,159.312,159.295,159.304,115,10,0
2026-08-27T17:25:00Z,1787851500,159.304,159.31,159.299,159.307,78,10,0
2026-08-27T17:30:00Z,1787851800,159.307,159.323,159.307,159.314,109,10,0
2026-08-27T17:35:00Z,1787852100,159.314,159.339,159.314,159.336,84,10,0
2026-08-27T17:40:00Z,1787852400,159.337,159.365,159.331,159.356,107,10,0
2026-08-27T17:45:00Z,1787852700,159.356,159.384,159.354,159.371,175,10,0
2026-08-27T17:50:00Z,1787853000,159.372,159.389,159.369,159.377,143,10,0
2026-08-27T17:55:00Z,1787853300,159.377,159.404,159.374,159.401,99,10,0
2026-08-27T18:00:00Z,1787853600,159.399,159.45,159.395,159.448,195,10,0
2026-08-27T18:05:00Z,1787853900,159.449,159.457,159.433,159.443,146,10,0
2026-08-27T18:10:00Z,1787854200,159.443,159.45,159.417,159.417,135,10,0
2026-08-27T18:15:00Z,1787854500,159.416,159.421,159.409,159.418,101,10,0
2026-08-27T18:20:00Z,1787854800,159.42,159.432,159.409,159.421,105,10,0
2026-08-27T18:25:00Z,1787855100,159.421,159.429,159.407,159.417,86,10,0
2026-08-27T18:30:00Z,1787855400,159.417,159.433,159.416,159.429,90,10,0
2026-08-27T18:35:00Z,1787855700,159.429,159.431,159.416,159.428,81,10,0
2026-08-27T18:40:00Z,1787856000,159.428,159.432,159.419,159.427,62,10,0
2026-08-27T18:45:00Z,1787856300,159.427,159.436,159.424,159.429,52,10,0
2026-08-27T18:50:00Z,1787856600,159.43,159.431,159.409,159.418,80,10,0
2026-08-27T18:55:00Z,1787856900,159.418,159.431,159.404,159.429,94,10,0
2026-08-27T19:00:00Z,1787857200,159.426,159.43,159.409,159.419,119,10,0
2026-08-27T19:05:00Z,1787857500,159.419,159.419,159.394,159.407,138,10,0
2026-08-27T19:10:00Z,1787857800,159.41,159.433,159.41,159.431,96,10,0
2026-08-27T19:15:00Z,1787858100,159.43,159.445,159.417,159.423,112,10,0
2026-08-27T19:20:00Z,1787858400,159.422,159.429,159.416,159.416,78,10,0
2026-08-27T19:25:00Z,1787858700,159.416,159.433,159.416,159.429,49,10,0
2026-08-27T19:30:00Z,1787859000,159.427,159.435,159.417,159.42,75,10,0
2026-08-27T19:35:00Z,1787859300,159.42,159.42,159.409,159.416,73,10,0
2026-08-27T19:40:00Z,1787859600,159.416,159.419,159.405,159.407,61,10,0
2026-08-27T19:45:00Z,1787859900,159.408,159.41,159.402,159.41,66,10,0
2026-08-27T19:50:00Z,1787860200,159.41,159.42,159.405,159.408,72,10,0
2026-08-27T19:55:00Z,1787860500,159.407,159.42,159.396,159.412,102,10,0
2026-08-27T20:00:00Z,1787860800,159.408,159.417,159.398,159.398,83,10,0
2026-08-27T20:05:00Z,1787861100,159.403,159.405,159.389,159.397,55,10,0
2026-08-27T20:10:00Z,1787861400,159.397,159.4,159.388,159.395,55,10,0
2026-08-27T20:15:00Z,1787861700,159.395,159.396,159.386,159.391,27,10,0
2026-08-27T20:20:00Z,1787862000,159.386,159.391,159.373,159.391,29,10,0
2026-08-27T20:25:00Z,1787862300,159.392,159.401,159.381,159.381,46,10,0
2026-08-27T20:30:00Z,1787862600,159.381,159.391,159.381,159.391,13,10,0
2026-08-27T20:35:00Z,1787862900,159.391,159.391,159.369,159.378,23,10,0
2026-08-27T20:40:00Z,1787863200,159.379,159.381,159.373,159.377,42,10,0
2026-08-27T20:45:00Z,1787863500,159.378,159.382,159.368,159.379,38,10,0
2026-08-27T20:50:00Z,1787863800,159.379,159.384,159.372,159.384,31,10,0
2026-08-27T20:55:00Z,1787864100,159.384,159.407,159.359,159.36,56,10,0
2026-08-27T21:00:00Z,1787864400,159.359,159.371,159.359,159.37,3,38,0
2026-08-27T21:05:00Z,1787864700,159.37,159.389,159.342,159.389,31,26,0
2026-08-27T21:10:00Z,1787865000,159.391,159.411,159.389,159.395,35,38,0
2026-08-27T21:15:00Z,1787865300,159.406,159.413,159.37,159.4,35,26,0
2026-08-27T21:20:00Z,1787865600,159.4,159.406,159.346,159.35,49,38,0
2026-08-27T21:25:00Z,1787865900,159.351,159.368,159.351,159.368,17,38,0
2026-08-27T21:30:00Z,1787866200,159.368,159.382,159.368,159.381,39,26,0
2026-08-27T21:35:00Z,1787866500,159.381,159.382,159.369,159.376,20,26,0
2026-08-27T21:40:00Z,1787866800,159.37,159.378,159.362,159.369,47,26,0
2026-08-27T21:45:00Z,1787867100,159.369,159.387,159.345,159.37,87,26,0
2026-08-27T21:50:00Z,1787867400,159.37,159.37,159.354,159.364,17,38,0
2026-08-27T21:55:00Z,1787867700,159.364,159.372,159.364,159.372,14,26,0
2026-08-27T22:00:00Z,1787868000,159.382,159.382,159.362,159.368,47,10,0
2026-08-27T22:05:00Z,1787868300,159.37,159.382,159.361,159.37,20,10,0
2026-08-27T22:10:00Z,1787868600,159.37,159.371,159.351,159.36,31,10,0
2026-08-27T22:15:00Z,1787868900,159.36,159.361,159.357,159.359,16,10,0
2026-08-27T22:20:00Z,1787869200,159.359,159.377,159.358,159.374,34,10,0
2026-08-27T22:25:00Z,1787869500,159.374,159.389,159.374,159.389,44,10,0
2026-08-27T22:30:00Z,1787869800,159.389,159.389,159.377,159.382,52,10,0
2026-08-27T22:35:00Z,1787870100,159.385,159.385,159.365,159.37,56,10,0
2026-08-27T22:40:00Z,1787870400,159.37,159.373,159.362,159.372,40,10,0
2026-08-27T22:45:00Z,1787870700,159.372,159.373,159.366,159.368,29,10,0
2026-08-27T22:50:00Z,1787871000,159.368,159.371,159.362,159.369,39,10,0
2026-08-27T22:55:00Z,1787871300,159.368,159.368,159.349,159.355,39,10,0
2026-08-27T23:00:00Z,1787871600,159.355,159.368,159.352,159.358,58,10,0
2026-08-27T23:05:00Z,1787871900,159.358,159.361,159.358,159.359,31,10,0
2026-08-27T23:10:00Z,1787872200,159.36,159.36,159.347,159.348,35,10,0
2026-08-27T23:15:00Z,1787872500,159.35,159.355,159.347,159.348,37,10,0
2026-08-27T23:20:00Z,1787872800,159.348,159.357,159.343,159.347,53,10,0
2026-08-27T23:25:00Z,1787873100,159.346,159.361,159.344,159.357,45,10,0
2026-08-27T23:30:00Z,1787873400,159.356,159.37,159.352,159.353,60,10,0
2026-08-27T23:35:00Z,1787873700,159.355,159.355,159.328,159.331,60,10,0
2026-08-27T23:40:00Z,1787874000,159.332,159.342,159.331,159.335,44,10,0
2026-08-27T23:45:00Z,1787874300,159.335,159.335,159.307,159.309,69,10,0
2026-08-27T23:50:00Z,1787874600,159.309,159.323,159.305,159.322,78,10,0
2026-08-27T23:55:00Z,1787874900,159.322,159.324,159.307,159.311,65,10,0
2026-08-28T00:00:00Z,1787875200,159.311,159.33,159.292,159.32,198,10,0
2026-08-28T00:05:00Z,1787875500,159.32,159.345,159.314,159.343,143,10,0
2026-08-28T00:10:00Z,1787875800,159.342,159.356,159.339,159.342,116,10,0
2026-08-28T00:15:00Z,1787876100,159.342,159.381,159.339,159.371,153,10,0
2026-08-28T00:20:00Z,1787876400,159.374,159.384,159.356,159.364,131,10,0
2026-08-28T00:25:00Z,1787876700,159.366,159.38,159.358,159.364,80,10,0
2026-08-28T00:30:00Z,1787877000,159.364,159.369,159.352,159.358,116,10,0
2026-08-28T00:35:00Z,1787877300,159.358,159.36,159.332,159.345,121,10,0
2026-08-28T00:40:00Z,1787877600,159.343,159.346,159.329,159.341,99,10,0
2026-08-28T00:45:00Z,1787877900,159.341,159.346,159.32,159.328,144,10,0
2026-08-28T00:50:00Z,1787878200,159.328,159.367,159.319,159.322,333,10,0
2026-08-28T00:55:00Z,1787878500,159.32,159.363,159.314,159.359,173,10,0
2026-08-28T01:00:00Z,1787878800,159.359,159.381,159.354,159.355,152,10,0
2026-08-28T01:05:00Z,1787879100,159.355,159.36,159.337,159.344,145,10,0
2026-08-28T01:10:00Z,1787879400,159.346,159.359,159.341,159.341,145,10,0
2026-08-28T01:15:00Z,1787879700,159.343,159.353,159.328,159.351,206,10,0
2026-08-28T01:20:00Z,1787880000,159.351,159.361,159.33,159.361,133,10,0
2026-08-28T01:25:00Z,1787880300,159.362,159.37,159.351,159.369,102,10,0
2026-08-28T01:30:00Z,1787880600,159.367,159.378,159.36,159.366,119,10,0
2026-08-28T01:35:00Z,1787880900,159.365,159.372,159.344,159.357,129,10,0
2026-08-28T01:40:00Z,1787881200,159.357,159.395,159.352,159.391,97,10,0
2026-08-28T01:45:00Z,1787881500,159.391,159.433,159.383,159.414,204,10,0
2026-08-28T01:50:00Z,1787881800,159.415,159.431,159.404,159.43,157,10,0
2026-08-28T01:55:00Z,1787882100,159.431,159.439,159.414,159.427,151,10,0
2026-08-28T02:00:00Z,1787882400,159.429,159.445,159.424,159.44,147,10,0
2026-08-28T02:05:00Z,1787882700,159.44,159.442,159.427,159.441,92,10,0
2026-08-28T02:10:00Z,1787883000,159.441,159.451,159.435,159.444,107,10,0
2026-08-28T02:15:00Z,1787883300,159.444,159.451,159.401,159.414,133,10,0
2026-08-28T02:20:00Z,1787883600,159.414,159.427,159.389,159.389,100,10,0
2026-08-28T02:25:00Z,1787883900,159.389,159.413,159.388,159.412,85,10,0
2026-08-28T02:30:00Z,1787884200,159.412,159.442,159.411,159.436,126,10,0
2026-08-28T02:35:00Z,1787884500,159.436,159.436,159.416,159.419,94,10,0
2026-08-28T02:40:00Z,1787884800,159.42,159.444,159.417,159.44,94,10,0
2026-08-28T02:45:00Z,1787885100,159.44,159.463,159.437,159.438,133,10,0
2026-08-28T02:50:00Z,1787885400,159.439,159.444,159.407,159.418,126,10,0
2026-08-28T02:55:00Z,1787885700,159.417,159.439,159.416,159.435,116,10,0
2026-08-28T03:00:00Z,1787886000,159.437,159.448,159.428,159.442,74,10,0
2026-08-28T03:05:00Z,1787886300,159.441,159.45,159.437,159.443,70,10,0
2026-08-28T03:10:00Z,1787886600,159.443,159.46,159.434,159.457,88,10,0
2026-08-28T03:15:00Z,1787886900,159.458,159.458,159.443,159.446,76,10,0
2026-08-28T03:20:00Z,1787887200,159.446,159.45,159.44,159.443,53,10,0
2026-08-28T03:25:00Z,1787887500,159.443,159.445,159.43,159.431,55,10,0
2026-08-28T03:30:00Z,1787887800,159.433,159.448,159.43,159.443,77,10,0
2026-08-28T03:35:00Z,1787888100,159.443,159.454,159.433,159.434,86,10,0
2026-08-28T03:40:00Z,1787888400,159.434,159.443,159.43,159.435,76,10,0
2026-08-28T03:45:00Z,1787888700,159.435,159.444,159.435,159.441,46,10,0
2026-08-28T03:50:00Z,1787889000,159.441,159.453,159.441,159.445,90,10,0
2026-08-28T03:55:00Z,1787889300,159.446,159.457,159.443,159.446,68,10,0
2026-08-28T04:00:00Z,1787889600,159.446,159.472,159.446,159.469,111,10,0
2026-08-28T04:05:00Z,1787889900,159.469,159.47,159.459,159.466,49,10,0
2026-08-28T04:10:00Z,1787890200,159.466,159.475,159.465,159.466,70,10,0
2026-08-28T04:15:00Z,1787890500,159.466,159.47,159.456,159.457,82,10,0
2026-08-28T04:20:00Z,1787890800,159.458,159.487,159.458,159.48,76,10,0
2026-08-28T04:25:00Z,1787891100,159.481,159.486,159.477,159.478,54,10,0
2026-08-28T04:30:00Z,1787891400,159.479,159.496,159.479,159.49,91,10,0
2026-08-28T04:35:00Z,1787891700,159.49,159.494,159.481,159.483,62,10,0
2026-08-28T04:40:00Z,1787892000,159.482,159.486,159.467,159.477,83,10,0
2026-08-28T04:45:00Z,1787892300,159.477,159.486,159.471,159.483,58,10,0
2026-08-28T04:50:00Z,1787892600,159.483,159.497,159.482,159.482,67,10,0
2026-08-28T04:55:00Z,1787892900,159.482,159.512,159.481,159.494,88,10,0
2026-08-28T05:00:00Z,1787893200,159.494,159.536,159.494,159.518,173,10,0
2026-08-28T05:05:00Z,1787893500,159.517,159.542,159.516,159.538,137,10,0
2026-08-28T05:10:00Z,1787893800,159.538,159.551,159.535,159.543,81,10,0
2026-08-28T05:15:00Z,1787894100,159.545,159.545,159.524,159.531,97,10,0
2026-08-28T05:20:00Z,1787894400,159.531,159.557,159.523,159.551,94,10,0
2026-08-28T05:25:00Z,1787894700,159.551,159.551,159.537,159.538,66,10,0
2026-08-28T05:30:00Z,1787895000,159.54,159.547,159.531,159.543,82,10,0
2026-08-28T05:35:00Z,1787895300,159.543,159.544,159.518,159.529,103,10,0
2026-08-28T05:40:00Z,1787895600,159.529,159.548,159.529,159.539,111,10,0
2026-08-28T05:45:00Z,1787895900,159.542,159.542,159.524,159.529,109,10,0
2026-08-28T05:50:00Z,1787896200,159.529,159.532,159.508,159.512,108,10,0
2026-08-28T05:55:00Z,1787896500,159.509,159.521,159.497,159.521,118,10,0
2026-08-28T06:00:00Z,1787896800,159.523,159.536,159.516,159.529,195,10,0
2026-08-28T06:05:00Z,1787897100,159.529,159.531,159.508,159.51,145,10,0
2026-08-28T06:10:00Z,1787897400,159.51,159.525,159.506,159.517,130,10,0
2026-08-28T06:15:00Z,1787897700,159.518,159.523,159.501,159.507,142,10,0
2026-08-28T06:20:00Z,1787898000,159.506,159.51,159.472,159.482,125,10,0
2026-08-28T06:25:00Z,1787898300,159.483,159.486,159.467,159.475,118,10,0
2026-08-28T06:30:00Z,1787898600,159.476,159.501,159.468,159.471,168,10,0
2026-08-28T06:35:00Z,1787898900,159.47,159.483,159.451,159.458,177,10,0
2026-08-28T06:40:00Z,1787899200,159.46,159.473,159.442,159.449,140,10,0
2026-08-28T06:45:00Z,1787899500,159.449,159.449,159.427,159.446,164,10,0
2026-08-28T06:50:00Z,1787899800,159.448,159.448,159.429,159.444,124,10,0
2026-08-28T06:55:00Z,1787900100,159.441,159.441,159.411,159.416,149,10,0
2026-08-28T07:00:00Z,1787900400,159.417,159.443,159.406,159.436,154,10,0
2026-08-28T07:05:00Z,1787900700,159.437,159.453,159.436,159.452,152,10,0
2026-08-28T07:10:00Z,1787901000,159.452,159.47,159.446,159.456,164,10,0
2026-08-28T07:15:00Z,1787901300,159.453,159.501,159.45,159.485,193,10,0
2026-08-28T07:20:00Z,1787901600,159.485,159.496,159.48,159.492,134,10,0
2026-08-28T07:25:00Z,1787901900,159.492,159.492,159.459,159.462,145,10,0
2026-08-28T07:30:00Z,1787902200,159.463,159.466,159.448,159.458,150,10,0
2026-08-28T07:35:00Z,1787902500,159.457,159.466,159.435,159.462,135,10,0
2026-08-28T07:40:00Z,1787902800,159.463,159.485,159.451,159.483,113,10,0
2026-08-28T07:45:00Z,1787903100,159.482,159.498,159.465,159.469,144,10,0
2026-08-28T07:50:00Z,1787903400,159.469,159.494,159.465,159.487,85,10,0
2026-08-28T07:55:00Z,1787903700,159.487,159.504,159.476,159.497,131,10,0
2026-08-28T08:00:00Z,1787904000,159.497,159.528,159.497,159.516,151,10,0
2026-08-28T08:05:00Z,1787904300,159.516,159.549,159.516,159.539,128,10,0
2026-08-28T08:10:00Z,1787904600,159.541,159.568,159.532,159.568,115,10,0
2026-08-28T08:15:00Z,1787904900,159.568,159.573,159.552,159.555,132,10,0
2026-08-28T08:20:00Z,1787905200,159.555,159.557,159.533,159.54,140,10,0
2026-08-28T08:25:00Z,1787905500,159.54,159.565,159.528,159.564,120,10,0
2026-08-28T08:30:00Z,1787905800,159.564,159.57,159.539,159.548,153,10,0
2026-08-28T08:35:00Z,1787906100,159.547,159.548,159.519,159.53,132,10,0
2026-08-28T08:40:00Z,1787906400,159.529,159.549,159.528,159.548,109,10,0
2026-08-28T08:45:00Z,1787906700,159.547,159.57,159.547,159.565,122,10,0
2026-08-28T08:50:00Z,1787907000,159.566,159.583,159.565,159.575,116,10,0
2026-08-28T08:55:00Z,1787907300,159.575,159.583,159.567,159.568,76,10,0
2026-08-28T09:00:00Z,1787907600,159.57,159.593,159.564,159.586,137,10,0
2026-08-28T09:05:00Z,1787907900,159.586,159.634,159.581,159.616,240,10,0
2026-08-28T09:10:00Z,1787908200,159.617,159.627,159.608,159.624,149,10,0
2026-08-28T09:15:00Z,1787908500,159.624,159.649,159.618,159.621,155,10,0
2026-08-28T09:20:00Z,1787908800,159.621,159.632,159.612,159.625,151,10,0
2026-08-28T09:25:00Z,1787909100,159.627,159.64,159.622,159.632,146,10,0
2026-08-28T09:30:00Z,1787909400,159.631,159.649,159.629,159.632,137,10,0
2026-08-28T09:35:00Z,1787909700,159.632,159.662,159.632,159.65,107,10,0
2026-08-28T09:40:00Z,1787910000,159.651,159.662,159.65,159.652,100,10,0
2026-08-28T09:45:00Z,1787910300,159.653,159.657,159.631,159.642,109,10,0
2026-08-28T09:50:00Z,1787910600,159.642,159.677,159.642,159.67,90,10,0
2026-08-28T09:55:00Z,1787910900,159.669,159.687,159.669,159.683,120,10,0
2026-08-28T10:00:00Z,1787911200,159.684,159.691,159.669,159.672,120,10,0
2026-08-28T10:05:00Z,1787911500,159.671,159.672,159.656,159.661,136,10,0
2026-08-28T10:10:00Z,1787911800,159.661,159.676,159.657,159.675,133,10,0
2026-08-28T10:15:00Z,1787912100,159.675,159.677,159.655,159.661,111,10,0
2026-08-28T10:20:00Z,1787912400,159.66,159.671,159.656,159.657,79,10,0
2026-08-28T10:25:00Z,1787912700,159.657,159.67,159.648,159.668,87,10,0
2026-08-28T10:30:00Z,1787913000,159.667,159.668,159.649,159.654,95,10,0
2026-08-28T10:35:00Z,1787913300,159.654,159.659,159.644,159.648,105,10,0
2026-08-28T10:40:00Z,1787913600,159.648,159.659,159.633,159.658,113,10,0
2026-08-28T10:45:00Z,1787913900,159.659,159.675,159.658,159.671,103,10,0
2026-08-28T10:50:00Z,1787914200,159.671,159.682,159.661,159.661,127,10,0
2026-08-28T10:55:00Z,1787914500,159.661,159.665,159.632,159.633,125,10,0
2026-08-28T11:00:00Z,1787914800,159.632,159.658,159.629,159.648,141,10,0
2026-08-28T11:05:00Z,1787915100,159.647,159.658,159.642,159.653,88,10,0
2026-08-28T11:10:00Z,1787915400,159.653,159.667,159.646,159.651,95,10,0
2026-08-28T11:15:00Z,1787915700,159.651,159.655,159.643,159.646,118,10,0
2026-08-28T11:20:00Z,1787916000,159.647,159.669,159.647,159.663,91,10,0
2026-08-28T11:25:00Z,1787916300,159.663,159.669,159.655,159.66,99,10,0
2026-08-28T11:30:00Z,1787916600,159.659,159.676,159.651,159.669,125,10,0
2026-08-28T11:35:00Z,1787916900,159.669,159.679,159.659,159.661,94,10,0
2026-08-28T11:40:00Z,1787917200,159.661,159.676,159.661,159.668,85,10,0
2026-08-28T11:45:00Z,1787917500,159.668,159.682,159.66,159.68,79,10,0
2026-08-28T11:50:00Z,1787917800,159.68,159.68,159.657,159.66,84,10,0
2026-08-28T11:55:00Z,1787918100,159.663,159.669,159.648,159.648,123,10,0
2026-08-28T12:00:00Z,1787918400,159.647,159.654,159.631,159.649,187,10,0
2026-08-28T12:05:00Z,1787918700,159.649,159.669,159.646,159.665,141,10,0
2026-08-28T12:10:00Z,1787919000,159.666,159.675,159.645,159.651,116,10,0
2026-08-28T12:15:00Z,1787919300,159.651,159.653,159.598,159.614,184,10,0
2026-08-28T12:20:00Z,1787919600,159.613,159.626,159.594,159.599,152,10,0
2026-08-28T12:25:00Z,1787919900,159.599,159.613,159.59,159.599,105,10,0
2026-08-28T12:30:00Z,1787920200,159.599,159.621,159.591,159.612,157,10,0
2026-08-28T12:35:00Z,1787920500,159.609,159.638,159.603,159.634,158,10,0
2026-08-28T12:40:00Z,1787920800,159.634,159.639,159.607,159.608,146,10,0
2026-08-28T12:45:00Z,1787921100,159.607,159.621,159.59,159.61,193,10,0
2026-08-28T12:50:00Z,1787921400,159.61,159.62,159.597,159.6,183,10,0
2026-08-28T12:55:00Z,1787921700,159.598,159.601,159.561,159.573,254,10,0
2026-08-28T13:00:00Z,1787922000,159.575,159.601,159.562,159.6,248,10,0
2026-08-28T13:05:00Z,1787922300,159.6,159.606,159.586,159.588,171,10,0
2026-08-28T13:10:00Z,1787922600,159.59,159.638,159.579,159.633,165,10,0
2026-08-28T13:15:00Z,1787922900,159.636,159.649,159.631,159.632,137,10,0
2026-08-28T13:20:00Z,1787923200,159.63,159.651,159.625,159.645,155,10,0
2026-08-28T13:25:00Z,1787923500,159.645,159.654,159.625,159.631,182,10,0
2026-08-28T13:30:00Z,1787923800,159.628,159.64,159.604,159.629,210,10,0
2026-08-28T13:35:00Z,1787924100,159.626,159.655,159.626,159.638,160,10,0
2026-08-28T13:40:00Z,1787924400,159.637,159.655,159.636,159.647,141,10,0
2026-08-28T13:45:00Z,1787924700,159.649,159.649,159.623,159.628,121,10,0
2026-08-28T13:50:00Z,1787925000,159.628,159.628,159.602,159.612,180,10,0
2026-08-28T13:55:00Z,1787925300,159.614,159.707,159.532,159.678,473,10,0
2026-08-28T14:00:00Z,1787925600,159.675,159.729,159.398,159.71,1337,10,0
2026-08-28T14:05:00Z,1787925900,159.713,159.737,159.66,159.708,653,10,0
2026-08-28T14:10:00Z,1787926200,159.708,159.881,159.706,159.869,747,10,0
2026-08-28T14:15:00Z,1787926500,159.872,159.92,159.822,159.92,715,10,0
2026-08-28T14:20:00Z,1787926800,159.917,159.941,159.875,159.919,574,10,0
2026-08-28T14:25:00Z,1787927100,159.921,159.941,159.864,159.883,479,10,0
2026-08-28T14:30:00Z,1787927400,159.886,159.906,159.847,159.847,532,10,0
2026-08-28T14:35:00Z,1787927700,159.848,159.901,159.838,159.888,467,10,0
2026-08-28T14:40:00Z,1787928000,159.887,159.905,159.846,159.866,450,10,0
2026-08-28T14:45:00Z,1787928300,159.865,159.93,159.856,159.924,376,10,0
2026-08-28T14:50:00Z,1787928600,159.924,159.932,159.883,159.892,371,10,0
2026-08-28T14:55:00Z,1787928900,159.89,159.89,159.839,159.865,446,10,0
2026-08-28T15:00:00Z,1787929200,159.867,159.917,159.826,159.899,457,10,0
2026-08-28T15:05:00Z,1787929500,159.901,159.936,159.895,159.927,368,10,0
2026-08-28T15:10:00Z,1787929800,159.927,159.973,159.921,159.962,274,10,0
2026-08-28T15:15:00Z,1787930100,159.961,159.975,159.947,159.969,235,10,0
2026-08-28T15:20:00Z,1787930400,159.97,159.979,159.952,159.961,227,10,0
2026-08-28T15:25:00Z,1787930700,159.961,159.985,159.946,159.973,217,10,0
2026-08-28T15:30:00Z,1787931000,159.972,159.984,159.963,159.982,217,10,0
2026-08-28T15:35:00Z,1787931300,159.982,160.029,159.965,160.012,311,10,0
2026-08-28T15:40:00Z,1787931600,160.009,160.056,160.006,160.035,280,10,0
2026-08-28T15:45:00Z,1787931900,160.035,160.055,159.974,160.039,390,10,0
2026-08-28T15:50:00Z,1787932200,160.037,160.041,159.968,159.995,378,10,0
2026-08-28T15:55:00Z,1787932500,159.997,160.001,159.951,159.977,309,10,0
2026-08-28T16:00:00Z,1787932800,159.977,159.998,159.953,159.992,308,10,0
2026-08-28T16:05:00Z,1787933100,159.991,160.055,159.991,160.041,262,10,0
2026-08-28T16:10:00Z,1787933400,160.041,160.088,160.041,160.061,291,10,0
2026-08-28T16:15:00Z,1787933700,160.06,160.129,160.052,160.124,305,10,0
2026-08-28T16:20:00Z,1787934000,160.123,160.152,160.108,160.144,326,10,0
2026-08-28T16:25:00Z,1787934300,160.144,160.145,160.112,160.133,225,10,0
2026-08-28T16:30:00Z,1787934600,160.134,160.153,160.109,160.147,247,10,0
2026-08-28T16:35:00Z,1787934900,160.147,160.15,160.123,160.139,237,10,0
2026-08-28T16:40:00Z,1787935200,160.14,160.195,160.137,160.185,228,10,0
2026-08-28T16:45:00Z,1787935500,160.187,160.188,160.166,160.168,188,10,0
2026-08-28T16:50:00Z,1787935800,160.17,160.19,160.167,160.183,196,10,0
2026-08-28T16:55:00Z,1787936100,160.184,160.198,160.182,160.191,169,10,0
2026-08-28T17:00:00Z,1787936400,160.191,160.199,160.156,160.173,188,10,0
2026-08-28T17:05:00Z,1787936700,160.175,160.189,160.164,160.172,168,10,0
2026-08-28T17:10:00Z,1787937000,160.169,160.171,160.133,160.15,164,10,0
2026-08-28T17:15:00Z,1787937300,160.15,160.175,160.14,160.167,141,10,0
2026-08-28T17:20:00Z,1787937600,160.166,160.17,160.156,160.168,120,10,0
2026-08-28T17:25:00Z,1787937900,160.168,160.179,160.152,160.159,128,10,0
2026-08-28T17:30:00Z,1787938200,160.159,160.181,160.154,160.168,127,10,0
2026-08-28T17:35:00Z,1787938500,160.169,160.182,160.158,160.181,132,10,0
2026-08-28T17:40:00Z,1787938800,160.181,160.2,160.177,160.191,124,10,0
2026-08-28T17:45:00Z,1787939100,160.19,160.198,160.166,160.177,145,10,0
2026-08-28T17:50:00Z,1787939400,160.177,160.181,160.163,160.173,134,10,0
2026-08-28T17:55:00Z,1787939700,160.173,160.182,160.168,160.179,129,10,0
2026-08-28T18:00:00Z,1787940000,160.18,160.187,160.171,160.182,103,10,0
2026-08-28T18:05:00Z,1787940300,160.184,160.185,160.138,160.165,205,10,0
2026-08-28T18:10:00Z,1787940600,160.165,160.171,160.163,160.169,89,10,0
2026-08-28T18:15:00Z,1787940900,160.169,160.178,160.156,160.178,112,10,0
2026-08-28T18:20:00Z,1787941200,160.178,160.178,160.152,160.159,121,10,0
2026-08-28T18:25:00Z,1787941500,160.159,160.164,160.128,160.149,144,10,0
2026-08-28T18:30:00Z,1787941800,160.148,160.166,160.145,160.152,95,10,0
2026-08-28T18:35:00Z,1787942100,160.152,160.167,160.145,160.166,74,10,0
2026-08-28T18:40:00Z,1787942400,160.166,160.179,160.157,160.159,88,10,0
2026-08-28T18:45:00Z,1787942700,160.159,160.165,160.146,160.156,113,10,0
2026-08-28T18:50:00Z,1787943000,160.156,160.167,160.145,160.155,105,10,0
2026-08-28T18:55:00Z,1787943300,160.155,160.163,160.13,160.132,144,10,0
2026-08-28T19:00:00Z,1787943600,160.134,160.144,160.084,160.091,195,10,0
2026-08-28T19:05:00Z,1787943900,160.091,160.098,160.076,160.087,131,10,0
2026-08-28T19:10:00Z,1787944200,160.087,160.122,160.087,160.109,158,10,0
2026-08-28T19:15:00Z,1787944500,160.109,160.119,160.1,160.1,116,10,0
2026-08-28T19:20:00Z,1787944800,160.1,160.1,160.074,160.076,126,10,0
2026-08-28T19:25:00Z,1787945100,160.074,160.077,160.06,160.064,86,10,0
2026-08-28T19:30:00Z,1787945400,160.067,160.083,160.061,160.079,127,10,0
2026-08-28T19:35:00Z,1787945700,160.079,160.1,160.078,160.078,92,10,0
2026-08-28T19:40:00Z,1787946000,160.077,160.084,160.071,160.082,110,10,0
2026-08-28T19:45:00Z,1787946300,160.083,160.099,160.077,160.095,92,10,0
2026-08-28T19:50:00Z,1787946600,160.093,160.102,160.082,160.085,107,10,0
2026-08-28T19:55:00Z,1787946900,160.085,160.085,160.043,160.076,177,10,0
2026-08-28T20:00:00Z,1787947200,160.073,160.079,160.062,160.078,97,10,0
2026-08-28T20:05:00Z,1787947500,160.077,160.085,160.061,160.078,70,10,0
2026-08-28T20:10:00Z,1787947800,160.078,160.089,160.074,160.078,60,10,0
2026-08-28T20:15:00Z,1787948100,160.078,160.087,160.069,160.087,39,10,0
2026-08-28T20:20:00Z,1787948400,160.087,160.094,160.075,160.084,66,10,0
2026-08-28T20:25:00Z,1787948700,160.085,160.089,160.061,160.063,68,10,0
2026-08-28T20:30:00Z,1787949000,160.063,160.092,160.059,160.092,63,10,0
2026-08-28T20:35:00Z,1787949300,160.092,160.111,160.09,160.109,39,10,0
2026-08-28T20:40:00Z,1787949600,160.109,160.133,160.101,160.117,92,10,0
2026-08-28T20:45:00Z,1787949900,160.122,160.124,160.094,160.105,112,10,0
2026-08-28T20:50:00Z,1787950200,160.103,160.11,160.091,160.093,95,10,0
2026-08-28T20:55:00Z,1787950500,160.098,160.111,160.09,160.094,63,10,0
