time_utc,time,open,high,low,close,tick_volume,spread,real_volume
2026-08-18T18:30:00Z,1787077800,0.58409,0.58412,0.58408,0.58408,47,8,0
2026-08-18T18:35:00Z,1787078100,0.58408,0.58414,0.58405,0.58405,63,8,0
2026-08-18T18:40:00Z,1787078400,0.58404,0.58414,0.58402,0.58411,72,8,0
2026-08-18T18:45:00Z,1787078700,0.58412,0.5842,0.58411,0.58419,56,8,0
2026-08-18T18:50:00Z,1787079000,0.5842,0.58422,0.58416,0.5842,55,8,0
2026-08-18T18:55:00Z,1787079300,0.5842,0.58426,0.58419,0.58423,74,8,0
2026-08-18T19:00:00Z,1787079600,0.58422,0.58432,0.5842,0.58432,82,8,0
2026-08-18T19:05:00Z,1787079900,0.58432,0.58435,0.5843,0.58434,56,8,0
2026-08-18T19:10:00Z,1787080200,0.58433,0.5846,0.58432,0.5845,193,8,0
2026-08-18T19:15:00Z,1787080500,0.58449,0.58457,0.58448,0.58456,68,8,0
2026-08-18T19:20:00Z,1787080800,0.58456,0.58462,0.58453,0.58455,84,8,0
2026-08-18T19:25:00Z,1787081100,0.58454,0.5846,0.58454,0.58455,74,8,0
2026-08-18T19:30:00Z,1787081400,0.58456,0.58461,0.58449,0.58457,89,8,0
2026-08-18T19:35:00Z,1787081700,0.58457,0.5846,0.5845,0.58454,71,8,0
2026-08-18T19:40:00Z,1787082000,0.58454,0.58455,0.58447,0.58453,57,8,0
2026-08-18T19:45:00Z,1787082300,0.58453,0.58455,0.5845,0.58453,65,8,0
2026-08-18T19:50:00Z,1787082600,0.58452,0.58458,0.58451,0.58456,66,8,0
2026-08-18T19:55:00Z,1787082900,0.58457,0.58468,0.58456,0.58459,104,8,0
2026-08-18T20:00:00Z,1787083200,0.58458,0.58468,0.58457,0.58466,64,8,0
2026-08-18T20:05:00Z,1787083500,0.58465,0.58468,0.58463,0.58467,36,8,0
2026-08-18T20:10:00Z,1787083800,0.58467,0.58471,0.5846,0.58463,31,8,0
2026-08-18T20:15:00Z,1787084100,0.58462,0.58463,0.58451,0.58455,47,8,0
2026-08-18T20:20:00Z,1787084400,0.58455,0.58459,0.58453,0.58457,38,8,0
2026-08-18T20:25:00Z,1787084700,0.58457,0.58465,0.58457,0.58465,44,8,0
2026-08-18T20:30:00Z,1787085000,0.58465,0.58469,0.58463,0.58468,37,8,0
2026-08-18T20:35:00Z,1787085300,0.58467,0.58469,0.58465,0.58468,35,8,0
2026-08-18T20:40:00Z,1787085600,0.58469,0.58469,0.58461,0.58466,35,8,0
2026-08-18T20:45:00Z,1787085900,0.58466,0.58469,0.58463,0.58469,51,8,0
2026-08-18T20:50:00Z,1787086200,0.58469,0.58469,0.58463,0.58465,23,8,0
2026-08-18T20:55:00Z,1787086500,0.58465,0.58466,0.58454,0.58459,63,8,0
2026-08-18T21:05:00Z,1787087100,0.58461,0.58461,0.58455,0.58459,14,8,0
2026-08-18T21:10:00Z,1787087400,0.58457,0.58462,0.58457,0.58459,7,14,0
2026-08-18T21:15:00Z,1787087700,0.58461,0.58463,0.58458,0.58461,21,10,0
2026-08-18T21:20:00Z,1787088000,0.5846,0.58461,0.58455,0.58461,19,14,0
2026-08-18T21:25:00Z,1787088300,0.58462,0.58462,0.58459,0.58459,13,14,0
2026-08-18T21:30:00Z,1787088600,0.58461,0.58461,0.58459,0.5846,14,17,0
2026-08-18T21:35:00Z,1787088900,0.5846,0.58461,0.58457,0.58461,36,18,0
2026-08-18T21:40:00Z,1787089200,0.58461,0.58462,0.58458,0.58462,34,15,0
2026-08-18T21:45:00Z,1787089500,0.58462,0.58462,0.58455,0.58459,75,15,0
2026-08-18T21:50:00Z,1787089800,0.5846,0.58461,0.58448,0.58449,121,17,0
2026-08-18T21:55:00Z,1787090100,0.58448,0.58457,0.58445,0.58454,89,20,0
2026-08-18T22:00:00Z,1787090400,0.58452,0.58454,0.58437,0.58444,43,20,0
2026-08-18T22:05:00Z,1787090700,0.58444,0.58447,0.58424,0.58447,56,20,0
2026-08-18T22:10:00Z,1787091000,0.58447,0.58455,0.58447,0.5845,37,20,0
2026-08-18T22:15:00Z,1787091300,0.5845,0.58454,0.58448,0.58451,35,13,0
2026-08-18T22:20:00Z,1787091600,0.58451,0.58456,0.58448,0.58451,50,13,0
2026-08-18T22:25:00Z,1787091900,0.58451,0.58451,0.58447,0.58449,23,13,0
2026-08-18T22:30:00Z,1787092200,0.58449,0.58455,0.58447,0.58453,26,13,0
2026-08-18T22:35:00Z,1787092500,0.58453,0.58455,0.58449,0.58454,21,13,0
2026-08-18T22:40:00Z,1787092800,0.58453,0.58454,0.58451,0.58453,23,13,0
2026-08-18T22:45:00Z,1787093100,0.58453,0.58453,0.58445,0.58445,17,13,0
2026-08-18T22:50:00Z,1787093400,0.58445,0.58447,0.58444,0.58444,10,13,0
2026-08-18T22:55:00Z,1787093700,0.58444,0.58449,0.58444,0.58449,15,13,0
2026-08-18T23:00:00Z,1787094000,0.58452,0.58452,0.58439,0.5844,41,8,0
2026-08-18T23:05:00Z,1787094300,0.5844,0.58447,0.5844,0.58447,20,8,0
2026-08-18T23:10:00Z,1787094600,0.58446,0.58448,0.58446,0.58448,19,8,0
2026-08-18T23:15:00Z,1787094900,0.58448,0.5845,0.58448,0.5845,24,8,0
2026-08-18T23:20:00Z,1787095200,0.5845,0.58452,0.58449,0.5845,12,8,0
2026-08-18T23:25:00Z,1787095500,0.5845,0.58455,0.58449,0.58451,24,8,0
2026-08-18T23:30:00Z,1787095800,0.58451,0.5846,0.58449,0.5846,43,8,0
2026-08-18T23:35:00Z,1787096100,0.5846,0.58463,0.58458,0.58463,23,8,0
2026-08-18T23:40:00Z,1787096400,0.58463,0.58463,0.58459,0.5846,30,8,0
2026-08-18T23:45:00Z,1787096700,0.5846,0.5846,0.5845,0.5845,47,8,0
2026-08-18T23:50:00Z,1787097000,0.58451,0.58451,0.58442,0.58445,47,8,0
2026-08-18T23:55:00Z,1787097300,0.58445,0.58451,0.58439,0.58439,50,8,0
2026-08-19T00:00:00Z,1787097600,0.58437,0.58443,0.5842,0.58426,108,8,0
2026-08-19T00:05:00Z,1787097900,0.58426,0.58429,0.58418,0.58428,83,8,0
2026-08-19T00:10:00Z,1787098200,0.58428,0.5843,0.58414,0.58418,71,8,0
2026-08-19T00:15:00Z,1787098500,0.58418,0.58424,0.58416,0.58424,68,8,0
2026-08-19T00:20:00Z,1787098800,0.58424,0.58428,0.58421,0.58425,61,8,0
2026-08-19T00:25:00Z,1787099100,0.58425,0.58438,0.58423,0.58436,58,8,0
2026-08-19T00:30:00Z,1787099400,0.58436,0.58443,0.58429,0.58438,85,8,0
2026-08-19T00:35:00Z,1787099700,0.58438,0.58439,0.58426,0.58426,46,8,0
2026-08-19T00:40:00Z,1787100000,0.58427,0.58433,0.58423,0.58431,46,8,0
2026-08-19T00:45:00Z,1787100300,0.58431,0.58434,0.58427,0.58428,46,8,0
2026-08-19T00:50:00Z,1787100600,0.58428,0.58428,0.58417,0.58421,79,8,0
2026-08-19T00:55:00Z,1787100900,0.5842,0.58433,0.58418,0.58424,77,8,0
2026-08-19T01:00:00Z,1787101200,0.58423,0.58437,0.58422,0.58427,104,8,0
2026-08-19T01:05:00Z,1787101500,0.58427,0.58429,0.58416,0.58423,81,8,0
2026-08-19T01:10:00Z,1787101800,0.58423,0.58439,0.58423,0.58438,72,8,0
2026-08-19T01:15:00Z,1787102100,0.58438,0.58442,0.58426,0.58428,106,8,0
2026-08-19T01:20:00Z,1787102400,0.58427,0.58433,0.58424,0.58433,70,8,0
2026-08-19T01:25:00Z,1787102700,0.58432,0.58435,0.58426,0.58428,47,8,0
2026-08-19T01:30:00Z,1787103000,0.58428,0.58433,0.58423,0.58431,69,8,0
2026-08-19T01:35:00Z,1787103300,0.58431,0.58432,0.58414,0.5842,50,8,0
2026-08-19T01:40:00Z,1787103600,0.5842,0.58425,0.58414,0.58416,56,8,0
2026-08-19T01:45:00Z,1787103900,0.58417,0.58422,0.58415,0.5842,61,8,0
2026-08-19T01:50:00Z,1787104200,0.5842,0.58424,0.5842,0.58421,48,8,0
2026-08-19T01:55:00Z,1787104500,0.58421,0.58421,0.58413,0.58418,40,8,0
2026-08-19T02:00:00Z,1787104800,0.58418,0.58421,0.58414,0.58417,40,8,0
2026-08-19T02:05:00Z,1787105100,0.58417,0.58418,0.58409,0.58409,50,8,0
2026-08-19T02:10:00Z,1787105400,0.58408,0.58414,0.58405,0.5841,61,8,0
2026-08-19T02:15:00Z,1787105700,0.5841,0.58475,0.5841,0.58443,422,8,0
2026-08-19T02:20:00Z,1787106000,0.58443,0.58453,0.58434,0.58452,141,8,0
2026-08-19T02:25:00Z,1787106300,0.58452,0.58461,0.58447,0.58455,89,8,0
2026-08-19T02:30:00Z,1787106600,0.58456,0.58458,0.58446,0.58457,84,8,0
2026-08-19T02:35:00Z,1787106900,0.58456,0.58462,0.58453,0.5846,68,8,0
2026-08-19T02:40:00Z,1787107200,0.5846,0.58464,0.58452,0.58459,61,8,0
2026-08-19T02:45:00Z,1787107500,0.58461,0.58466,0.58458,0.58464,71,8,0
2026-08-19T02:50:00Z,1787107800,0.58464,0.5848,0.58463,0.58479,85,8,0
2026-08-19T02:55:00Z,1787108100,0.58479,0.58483,0.58476,0.58478,44,8,0
2026-08-19T03:00:00Z,1787108400,0.58479,0.58481,0.58474,0.5848,46,8,0
2026-08-19T03:05:00Z,1787108700,0.58481,0.58485,0.58479,0.58483,50,8,0
2026-08-19T03:10:00Z,1787109000,0.58483,0.58486,0.58479,0.58484,57,8,0
2026-08-19T03:15:00Z,1787109300,0.58484,0.58484,0.58478,0.5848,24,8,0
2026-08-19T03:20:00Z,1787109600,0.5848,0.5848,0.58475,0.58475,39,8,0
2026-08-19T03:25:00Z,1787109900,0.58475,0.58476,0.58469,0.58469,41,8,0
2026-08-19T03:30:00Z,1787110200,0.58469,0.58469,0.58461,0.58464,28,8,0
2026-08-19T03:35:00Z,1787110500,0.58464,0.58464,0.58459,0.58461,38,8,0
2026-08-19T03:40:00Z,1787110800,0.58461,0.58466,0.58457,0.58457,36,8,0
2026-08-19T03:45:00Z,1787111100,0.58457,0.58465,0.58457,0.58462,34,8,0
2026-08-19T03:50:00Z,1787111400,0.58462,0.58464,0.58461,0.58463,31,8,0
2026-08-19T03:55:00Z,1787111700,0.58464,0.58465,0.58458,0.58458,34,8,0
2026-08-19T04:00:00Z,1787112000,0.58459,0.58464,0.58459,0.58463,57,8,0
2026-08-19T04:05:00Z,1787112300,0.58463,0.58467,0.58461,0.58462,34,8,0
2026-08-19T04:10:00Z,1787112600,0.58463,0.5847,0.58461,0.58461,49,8,0
2026-08-19T04:15:00Z,1787112900,0.58461,0.58461,0.58454,0.58457,52,8,0
2026-08-19T04:20:00Z,1787113200,0.58457,0.5846,0.58456,0.5846,25,8,0
2026-08-19T04:25:00Z,1787113500,0.5846,0.58461,0.58456,0.58456,78,8,0
2026-08-19T04:30:00Z,1787113800,0.58456,0.58456,0.58445,0.58449,105,8,0
2026-08-19T04:35:00Z,1787114100,0.58448,0.58452,0.58441,0.58452,73,8,0
2026-08-19T04:40:00Z,1787114400,0.58452,0.58458,0.58448,0.58455,52,8,0
2026-08-19T04:45:00Z,1787114700,0.58455,0.58457,0.58446,0.58446,34,8,0
2026-08-19T04:50:00Z,1787115000,0.58446,0.58446,0.58434,0.58438,48,8,0
2026-08-19T04:55:00Z,1787115300,0.58438,0.58439,0.58429,0.58435,66,8,0
2026-08-19T05:00:00Z,1787115600,0.58435,0.5844,0.58431,0.58435,82,8,0
2026-08-19T05:05:00Z,1787115900,0.58435,0.58441,0.58433,0.58435,53,8,0
2026-08-19T05:10:00Z,1787116200,0.58435,0.58439,0.58426,0.58426,58,8,0
2026-08-19T05:15:00Z,1787116500,0.58426,0.58428,0.5842,0.58423,59,8,0
2026-08-19T05:20:00Z,1787116800,0.58424,0.58426,0.58419,0.58425,52,8,0
2026-08-19T05:25:00Z,1787117100,0.58425,0.58437,0.58423,0.58435,45,8,0
2026-08-19T05:30:00Z,1787117400,0.58435,0.58446,0.58434,0.58442,58,8,0
2026-08-19T05:35:00Z,1787117700,0.58441,0.58446,0.58438,0.5844,62,8,0
2026-08-19T05:40:00Z,1787118000,0.5844,0.5844,0.58432,0.58432,63,8,0
2026-08-19T05:45:00Z,1787118300,0.58432,0.58443,0.58432,0.58435,79,8,0
2026-08-19T05:50:00Z,1787118600,0.58434,0.58435,0.58428,0.58434,69,8,0
2026-08-19T05:55:00Z,1787118900,0.58434,0.58443,0.58432,0.58439,59,8,0
2026-08-19T06:00:00Z,1787119200,0.58439,0.58445,0.58429,0.58431,88,8,0
2026-08-19T06:05:00Z,1787119500,0.58431,0.58437,0.58414,0.5842,87,8,0
2026-08-19T06:10:00Z,1787119800,0.58421,0.58435,0.5842,0.58431,67,8,0
2026-08-19T06:15:00Z,1787120100,0.58431,0.58431,0.5841,0.58412,98,8,0
2026-08-19T06:20:00Z,1787120400,0.58412,0.58414,0.58394,0.58402,88,8,0
2026-08-19T06:25:00Z,1787120700,0.58402,0.5841,0.58393,0.58396,81,8,0
2026-08-19T06:30:00Z,1787121000,0.58396,0.58406,0.5839,0.58402,102,8,0
2026-08-19T06:35:00Z,1787121300,0.58404,0.58409,0.58396,0.58409,76,8,0
2026-08-19T06:40:00Z,1787121600,0.58407,0.58408,0.58381,0.58383,98,8,0
2026-08-19T06:45:00Z,1787121900,0.58383,0.58387,0.58374,0.58379,96,8,0
2026-08-19T06:50:00Z,1787122200,0.58378,0.58402,0.58375,0.58402,111,8,0
2026-08-19T06:55:00Z,1787122500,0.58403,0.58408,0.58399,0.58406,115,8,0
2026-08-19T07:00:00Z,1787122800,0.58405,0.58431,0.58402,0.58428,171,8,0
2026-08-19T07:05:00Z,1787123100,0.58428,0.5843,0.58414,0.5843,103,8,0
2026-08-19T07:10:00Z,1787123400,0.58429,0.58434,0.58422,0.58424,81,8,0
2026-08-19T07:15:00Z,1787123700,0.58424,0.58441,0.58421,0.58429,88,8,0
2026-08-19T07:20:00Z,1787124000,0.58429,0.58432,0.58411,0.58414,97,8,0
2026-08-19T07:25:00Z,1787124300,0.58414,0.58414,0.58402,0.58404,68,8,0
2026-08-19T07:30:00Z,1787124600,0.58404,0.58407,0.58395,0.58402,91,8,0
2026-08-19T07:35:00Z,1787124900,0.58401,0.58422,0.58395,0.58422,92,8,0
2026-08-19T07:40:00Z,1787125200,0.58422,0.5844,0.58422,0.58437,90,8,0
2026-08-19T07:45:00Z,1787125500,0.58437,0.58447,0.58435,0.58446,63,8,0
2026-08-19T07:50:00Z,1787125800,0.58446,0.58449,0.58432,0.58438,75,8,0
2026-08-19T07:55:00Z,1787126100,0.58438,0.5845,0.58437,0.58445,80,8,0
2026-08-19T08:00:00Z,1787126400,0.58445,0.58455,0.58442,0.58451,133,8,0
2026-08-19T08:05:00Z,1787126700,0.58451,0.58453,0.58439,0.58448,112,8,0
2026-08-19T08:10:00Z,1787127000,0.58447,0.58447,0.58412,0.58413,133,8,0
2026-08-19T08:15:00Z,1787127300,0.58413,0.58417,0.58409,0.58412,88,8,0
2026-08-19T08:20:00Z,1787127600,0.58412,0.5842,0.58411,0.58419,103,8,0
2026-08-19T08:25:00Z,1787127900,0.58418,0.58436,0.58417,0.5842,102,8,0
2026-08-19T08:30:00Z,1787128200,0.58419,0.5842,0.5841,0.58413,101,8,0
2026-08-19T08:35:00Z,1787128500,0.58413,0.58418,0.58406,0.58417,89,8,0
2026-08-19T08:40:00Z,1787128800,0.58417,0.58418,0.584,0.58406,110,8,0
2026-08-19T08:45:00Z,1787129100,0.58405,0.5842,0.58405,0.58411,91,8,0
2026-08-19T08:50:00Z,1787129400,0.58411,0.58419,0.5841,0.58417,102,8,0
2026-08-19T08:55:00Z,1787129700,0.58416,0.58428,0.58413,0.58428,72,8,0
2026-08-19T09:00:00Z,1787130000,0.58428,0.58431,0.5841,0.58411,92,8,0
2026-08-19T09:05:00Z,1787130300,0.58411,0.58441,0.58411,0.58439,68,8,0
2026-08-19T09:10:00Z,1787130600,0.58439,0.58449,0.58435,0.58447,69,8,0
2026-08-19T09:15:00Z,1787130900,0.58447,0.58447,0.58436,0.58439,73,8,0
2026-08-19T09:20:00Z,1787131200,0.58438,0.58439,0.58416,0.58418,84,8,0
2026-08-19T09:25:00Z,1787131500,0.58419,0.58424,0.58413,0.58414,80,8,0
2026-08-19T09:30:00Z,1787131800,0.58413,0.58413,0.58405,0.58409,75,8,0
2026-08-19T09:35:00Z,1787132100,0.58409,0.58421,0.58406,0.58421,63,8,0
2026-08-19T09:40:00Z,1787132400,0.58421,0.58422,0.58414,0.58416,41,8,0
2026-08-19T09:45:00Z,1787132700,0.58416,0.58419,0.58409,0.58409,58,8,0
2026-08-19T09:50:00Z,1787133000,0.58409,0.58409,0.58402,0.58405,70,8,0
2026-08-19T09:55:00Z,1787133300,0.58404,0.58415,0.58403,0.58405,71,8,0
2026-08-19T10:00:00Z,1787133600,0.58405,0.58418,0.58403,0.58416,90,8,0
2026-08-19T10:05:00Z,1787133900,0.58415,0.58423,0.58405,0.58406,79,8,0
2026-08-19T10:10:00Z,1787134200,0.58406,0.58412,0.58403,0.58405,101,8,0
2026-08-19T10:15:00Z,1787134500,0.58405,0.58412,0.58401,0.58403,106,8,0
2026-08-19T10:20:00Z,1787134800,0.58404,0.58414,0.58402,0.58412,78,8,0
2026-08-19T10:25:00Z,1787135100,0.58413,0.58427,0.58412,0.58418,81,8,0
2026-08-19T10:30:00Z,1787135400,0.58417,0.58427,0.58413,0.58424,63,8,0
2026-08-19T10:35:00Z,1787135700,0.58424,0.58435,0.58424,0.58431,63,8,0
2026-08-19T10:40:00Z,1787136000,0.58431,0.58431,0.58419,0.58419,61,8,0
2026-08-19T10:45:00Z,1787136300,0.58419,0.58419,0.5841,0.58414,42,8,0
2026-08-19T10:50:00Z,1787136600,0.58414,0.58426,0.58409,0.58423,97,8,0
2026-08-19T10:55:00Z,1787136900,0.58423,0.58431,0.58421,0.58425,58,8,0
2026-08-19T11:00:00Z,1787137200,0.58424,0.58426,0.58412,0.58423,89,8,0
2026-08-19T11:05:00Z,1787137500,0.58423,0.58431,0.5842,0.58427,85,8,0
2026-08-19T11:10:00Z,1787137800,0.58426,0.58433,0.58419,0.58419,73,8,0
2026-08-19T11:15:00Z,1787138100,0.58419,0.58419,0.58402,0.58405,63,8,0
2026-08-19T11:20:00Z,1787138400,0.58405,0.58408,0.58396,0.58399,75,8,0
2026-08-19T11:25:00Z,1787138700,0.584,0.58402,0.58387,0.58387,66,8,0
2026-08-19T11:30:00Z,1787139000,0.58387,0.58393,0.58386,0.58388,65,8,0
2026-08-19T11:35:00Z,1787139300,0.58388,0.58411,0.58387,0.58408,87,8,0
2026-08-19T11:40:00Z,1787139600,0.58408,0.58422,0.58406,0.58411,81,8,0
2026-08-19T11:45:00Z,1787139900,0.58411,0.58413,0.58391,0.58393,101,8,0
2026-08-19T11:50:00Z,1787140200,0.58392,0.58401,0.58387,0.58391,80,8,0
2026-08-19T11:55:00Z,1787140500,0.58392,0.58402,0.58389,0.584,105,8,0
2026-08-19T12:00:00Z,1787140800,0.58399,0.58401,0.58383,0.58395,113,8,0
2026-08-19T12:05:00Z,1787141100,0.58395,0.58398,0.58386,0.58397,78,8,0
2026-08-19T12:10:00Z,1787141400,0.58397,0.58411,0.58395,0.58408,83,8,0
2026-08-19T12:15:00Z,1787141700,0.58408,0.58408,0.58391,0.58391,68,8,0
2026-08-19T12:20:00Z,1787142000,0.58392,0.58393,0.58366,0.58367,130,8,0
2026-08-19T12:25:00Z,1787142300,0.58367,0.58384,0.58362,0.58381,99,8,0
2026-08-19T12:30:00Z,1787142600,0.5838,0.58382,0.58292,0.58294,381,8,0
2026-08-19T12:35:00Z,1787142900,0.58295,0.583,0.58211,0.58237,594,8,0
2026-08-19T12:40:00Z,1787143200,0.58238,0.58248,0.58221,0.5823,419,8,0
2026-08-19T12:45:00Z,1787143500,0.58231,0.58252,0.58216,0.58222,367,8,0
2026-08-19T12:50:00Z,1787143800,0.58221,0.58243,0.582,0.582,305,8,0
2026-08-19T12:55:00Z,1787144100,0.58201,0.5822,0.58189,0.58218,306,8,0
2026-08-19T13:00:00Z,1787144400,0.58217,0.58237,0.58207,0.58236,292,8,0
2026-08-19T13:05:00Z,1787144700,0.58237,0.58259,0.58226,0.58226,280,8,0
2026-08-19T13:10:00Z,1787145000,0.58225,0.58234,0.58163,0.58177,320,8,0
2026-08-19T13:15:00Z,1787145300,0.58175,0.58191,0.58161,0.5818,305,8,0
2026-08-19T13:20:00Z,1787145600,0.58179,0.58197,0.58173,0.58192,276,8,0
2026-08-19T13:25:00Z,1787145900,0.58192,0.58214,0.58152,0.58152,293,8,0
2026-08-19T13:30:00Z,1787146200,0.58151,0.58156,0.5813,0.5814,329,8,0
2026-08-19T13:35:00Z,1787146500,0.58141,0.58168,0.5812,0.58129,308,8,0
2026-08-19T13:40:00Z,1787146800,0.5813,0.5815,0.58121,0.58123,335,8,0
2026-08-19T13:45:00Z,1787147100,0.58122,0.58134,0.581,0.58111,331,8,0
2026-08-19T13:50:00Z,1787147400,0.58112,0.58112,0.58053,0.58054,414,8,0
2026-08-19T13:55:00Z,1787147700,0.58053,0.58065,0.58033,0.58064,311,8,0
2026-08-19T14:00:00Z,1787148000,0.58063,0.58078,0.58032,0.58048,343,8,0
2026-08-19T14:05:00Z,1787148300,0.58047,0.58069,0.58034,0.58055,330,8,0
2026-08-19T14:10:00Z,1787148600,0.58055,0.58056,0.58007,0.58009,312,8,0
2026-08-19T14:15:00Z,1787148900,0.58009,0.58027,0.57988,0.58013,332,8,0
2026-08-19T14:20:00Z,1787149200,0.58013,0.58034,0.58012,0.58031,352,8,0
2026-08-19T14:25:00Z,1787149500,0.58031,0.58031,0.57977,0.57978,344,8,0
2026-08-19T14:30:00Z,1787149800,0.57977,0.57989,0.5793,0.57935,330,8,0
2026-08-19T14:35:00Z,1787150100,0.57935,0.57937,0.57837,0.5784,473,8,0
2026-08-19T14:40:00Z,1787150400,0.57839,0.57906,0.57832,0.57886,416,8,0
2026-08-19T14:45:00Z,1787150700,0.57886,0.57985,0.57886,0.57982,428,8,0
2026-08-19T14:50:00Z,1787151000,0.57982,0.58021,0.57974,0.58002,511,8,0
2026-08-19T14:55:00Z,1787151300,0.58003,0.58026,0.57993,0.58018,406,8,0
2026-08-19T15:00:00Z,1787151600,0.58018,0.58034,0.57998,0.58006,342,8,0
2026-08-19T15:05:00Z,1787151900,0.58006,0.58016,0.57968,0.58001,303,8,0
2026-08-19T15:10:00Z,1787152200,0.58,0.58008,0.57939,0.57939,271,8,0
2026-08-19T15:15:00Z,1787152500,0.5794,0.57969,0.57928,0.57951,334,8,0
2026-08-19T15:20:00Z,1787152800,0.57951,0.57964,0.57935,0.57949,284,8,0
2026-08-19T15:25:00Z,1787153100,0.57951,0.57978,0.57932,0.57958,312,8,0
2026-08-19T15:30:00Z,1787153400,0.57958,0.5796,0.57892,0.579,265,8,0
2026-08-19T15:35:00Z,1787153700,0.57899,0.57901,0.57863,0.5787,297,8,0
2026-08-19T15:40:00Z,1787154000,0.57869,0.57874,0.57825,0.57845,313,8,0
2026-08-19T15:45:00Z,1787154300,0.57844,0.57857,0.57831,0.57852,231,8,0
2026-08-19T15:50:00Z,1787154600,0.57853,0.57871,0.57851,0.57854,219,8,0
2026-08-19T15:55:00Z,1787154900,0.57853,0.57882,0.57845,0.57867,226,8,0
2026-08-19T16:00:00Z,1787155200,0.57868,0.57883,0.57862,0.57879,197,8,0
2026-08-19T16:05:00Z,1787155500,0.5788,0.57913,0.5786,0.5786,223,8,0
2026-08-19T16:10:00Z,1787155800,0.57861,0.57862,0.57834,0.57838,216,8,0
2026-08-19T16:15:00Z,1787156100,0.57838,0.57872,0.57833,0.57872,156,8,0
2026-08-19T16:20:00Z,1787156400,0.57872,0.57875,0.57839,0.57848,154,8,0
2026-08-19T16:25:00Z,1787156700,0.57849,0.5787,0.57842,0.57865,180,8,0
2026-08-19T16:30:00Z,1787157000,0.57865,0.57867,0.57844,0.5785,135,8,0
2026-08-19T16:35:00Z,1787157300,0.57849,0.57882,0.57849,0.57872,184,8,0
2026-08-19T16:40:00Z,1787157600,0.57871,0.57884,0.57865,0.57876,149,8,0
2026-08-19T16:45:00Z,1787157900,0.57877,0.5788,0.5784,0.57841,148,8,0
2026-08-19T16:50:00Z,1787158200,0.57842,0.57848,0.57829,0.57844,143,8,0
2026-08-19T16:55:00Z,1787158500,0.57846,0.57869,0.57838,0.57869,162,8,0
2026-08-19T17:00:00Z,1787158800,0.57869,0.57877,0.5785,0.57875,200,8,0
2026-08-19T17:05:00Z,1787159100,0.57876,0.57885,0.57858,0.57875,188,8,0
2026-08-19T17:10:00Z,1787159400,0.57876,0.57892,0.57873,0.57873,199,8,0
2026-08-19T17:15:00Z,1787159700,0.57873,0.57888,0.57871,0.57872,127,8,0
2026-08-19T17:20:00Z,1787160000,0.57872,0.57881,0.57858,0.57859,118,8,0
2026-08-19T17:25:00Z,1787160300,0.5786,0.57875,0.5786,0.57865,112,8,0
2026-08-19T17:30:00Z,1787160600,0.57866,0.57885,0.57861,0.57872,120,8,0
2026-08-19T17:35:00Z,1787160900,0.57872,0.57895,0.57872,0.57889,111,8,0
2026-08-19T17:40:00Z,1787161200,0.57888,0.57888,0.57876,0.57885,115,8,0
2026-08-19T17:45:00Z,1787161500,0.57886,0.57891,0.57875,0.57878,96,8,0
2026-08-19T17:50:00Z,1787161800,0.57878,0.57891,0.57876,0.57885,82,8,0
2026-08-19T17:55:00Z,1787162100,0.57886,0.57904,0.57886,0.57902,88,8,0
2026-08-19T18:00:00Z,1787162400,0.57901,0.57901,0.57805,0.57819,403,8,0
2026-08-19T18:05:00Z,1787162700,0.5782,0.5786,0.57814,0.57824,370,8,0
2026-08-19T18:10:00Z,1787163000,0.57825,0.57825,0.57797,0.57807,206,8,0
2026-08-19T18:15:00Z,1787163300,0.57808,0.57833,0.57807,0.57819,183,8,0
2026-08-19T18:20:00Z,1787163600,0.57819,0.57841,0.57818,0.5784,158,8,0
2026-08-19T18:25:00Z,1787163900,0.5784,0.57848,0.57836,0.57841,133,8,0
2026-08-19T18:30:00Z,1787164200,0.57839,0.57844,0.57803,0.57807,127,8,0
2026-08-19T18:35:00Z,1787164500,0.57807,0.5781,0.57793,0.578,180,8,0
2026-08-19T18:40:00Z,1787164800,0.578,0.57801,0.5777,0.57783,171,8,0
2026-08-19T18:45:00Z,1787165100,0.57782,0.5779,0.57781,0.57785,113,8,0
2026-08-19T18:50:00Z,1787165400,0.57785,0.57793,0.57771,0.57774,110,8,0
2026-08-19T18:55:00Z,1787165700,0.57774,0.57787,0.57769,0.57775,182,8,0
2026-08-19T19:00:00Z,1787166000,0.57773,0.57786,0.5777,0.57779,132,8,0
2026-08-19T19:05:00Z,1787166300,0.5778,0.57785,0.57751,0.57754,119,8,0
2026-08-19T19:10:00Z,1787166600,0.57754,0.5777,0.57754,0.57754,118,8,0
2026-08-19T19:15:00Z,1787166900,0.57754,0.57754,0.57741,0.57746,95,8,0
2026-08-19T19:20:00Z,1787167200,0.57746,0.57754,0.5774,0.57746,77,8,0
2026-08-19T19:25:00Z,1787167500,0.57746,0.5775,0.57729,0.57731,110,8,0
2026-08-19T19:30:00Z,1787167800,0.5773,0.57733,0.57702,0.57713,172,8,0
2026-08-19T19:35:00Z,1787168100,0.57713,0.57747,0.57712,0.57728,166,8,0
2026-08-19T19:40:00Z,1787168400,0.57727,0.57749,0.57727,0.57746,117,8,0
2026-08-19T19:45:00Z,1787168700,0.57746,0.57756,0.57746,0.57748,90,8,0
2026-08-19T19:50:00Z,1787169000,0.57746,0.57746,0.57734,0.57737,90,8,0
2026-08-19T19:55:00Z,1787169300,0.57736,0.57755,0.57721,0.57729,176,8,0
2026-08-19T20:00:00Z,1787169600,0.57727,0.57736,0.57725,0.57732,82,8,0
2026-08-19T20:05:00Z,1787169900,0.57732,0.57746,0.57731,0.57733,62,8,0
2026-08-19T20:10:00Z,1787170200,0.57733,0.57746,0.57733,0.57745,60,8,0
2026-08-19T20:15:00Z,1787170500,0.57745,0.57748,0.5774,0.57744,38,8,0
2026-08-19T20:20:00Z,1787170800,0.57743,0.57743,0.57733,0.5774,42,8,0
2026-08-19T20:25:00Z,1787171100,0.57741,0.57746,0.57733,0.57741,64,8,0
2026-08-19T20:30:00Z,1787171400,0.57741,0.57745,0.57718,0.57727,83,8,0
2026-08-19T20:35:00Z,1787171700,0.57727,0.57727,0.57715,0.57715,53,8,0
2026-08-19T20:40:00Z,1787172000,0.57715,0.57721,0.57713,0.5772,43,8,0
2026-08-19T20:45:00Z,1787172300,0.5772,0.57723,0.57719,0.57719,29,8,0
2026-08-19T20:50:00Z,1787172600,0.5772,0.57727,0.57716,0.57726,32,8,0
2026-08-19T20:55:00Z,1787172900,0.57726,0.57736,0.57726,0.57734,50,8,0
2026-08-19T21:05:00Z,1787173500,0.57735,0.57735,0.57728,0.57728,13,10,0
2026-08-19T21:10:00Z,1787173800,0.57727,0.57733,0.57727,0.57731,18,15,0
2026-08-19T21:15:00Z,1787174100,0.5773,0.57733,0.57727,0.57729,23,24,0
2026-08-19T21:20:00Z,1787174400,0.57731,0.57732,0.57725,0.57725,17,36,0
2026-08-19T21:25:00Z,1787174700,0.57724,0.57729,0.57724,0.57726,13,43,0
2026-08-19T21:30:00Z,1787175000,0.57727,0.57728,0.57726,0.57726,13,52,0
2026-08-19T21:35:00Z,1787175300,0.57727,0.57729,0.57722,0.57729,29,46,0
2026-08-19T21:40:00Z,1787175600,0.57728,0.57732,0.57728,0.5773,35,31,0
2026-08-19T21:45:00Z,1787175900,0.57732,0.57732,0.57725,0.57729,26,29,0
2026-08-19T21:50:00Z,1787176200,0.57729,0.57733,0.57728,0.57733,17,28,0
2026-08-19T21:55:00Z,1787176500,0.57733,0.57733,0.5773,0.57732,34,28,0
2026-08-19T22:00:00Z,1787176800,0.57735,0.5774,0.5772,0.5773,42,20,0
2026-08-19T22:05:00Z,1787177100,0.57728,0.5773,0.57725,0.5773,16,20,0
2026-08-19T22:10:00Z,1787177400,0.5773,0.5773,0.5772,0.57729,40,13,0
2026-08-19T22:15:00Z,1787177700,0.57729,0.57738,0.57726,0.57735,39,13,0
2026-08-19T22:20:00Z,1787178000,0.57735,0.57736,0.57732,0.57735,23,13,0
2026-08-19T22:25:00Z,1787178300,0.57735,0.57741,0.57733,0.57737,33,13,0
2026-08-19T22:30:00Z,1787178600,0.57737,0.57745,0.57734,0.57741,28,13,0
2026-08-19T22:35:00Z,1787178900,0.57741,0.57742,0.57735,0.57741,34,13,0
2026-08-19T22:40:00Z,1787179200,0.57742,0.5775,0.57741,0.57744,41,13,0
2026-08-19T22:45:00Z,1787179500,0.57744,0.57746,0.57739,0.57745,30,13,0
2026-08-19T22:50:00Z,1787179800,0.57745,0.57751,0.57744,0.57748,33,13,0
2026-08-19T22:55:00Z,1787180100,0.57748,0.57755,0.57744,0.57754,37,13,0
2026-08-19T23:00:00Z,1787180400,0.57757,0.57762,0.57751,0.57756,58,8,0
2026-08-19T23:05:00Z,1787180700,0.57756,0.57758,0.57745,0.57758,47,8,0
2026-08-19T23:10:00Z,1787181000,0.57758,0.57763,0.57758,0.57759,30,8,0
2026-08-19T23:15:00Z,1787181300,0.57759,0.57766,0.57758,0.57766,25,8,0
2026-08-19T23:20:00Z,1787181600,0.57766,0.5777,0.57756,0.57758,46,8,0
2026-08-19T23:25:00Z,1787181900,0.57757,0.57763,0.57756,0.57756,39,8,0
2026-08-19T23:30:00Z,1787182200,0.57757,0.57762,0.57754,0.57761,30,8,0
2026-08-19T23:35:00Z,1787182500,0.57761,0.57766,0.5776,0.57765,23,8,0
2026-08-19T23:40:00Z,1787182800,0.57765,0.57768,0.57764,0.57768,36,8,0
2026-08-19T23:45:00Z,1787183100,0.57768,0.57773,0.57767,0.5777,31,8,0
2026-08-19T23:50:00Z,1787183400,0.5777,0.57771,0.57766,0.57767,23,8,0
2026-08-19T23:55:00Z,1787183700,0.57767,0.57774,0.57766,0.57769,36,8,0
2026-08-20T00:00:00Z,1787184000,0.57769,0.57769,0.57751,0.57756,172,8,0
2026-08-20T00:05:00Z,1787184300,0.57757,0.57778,0.57752,0.57776,120,8,0
2026-08-20T00:10:00Z,1787184600,0.57776,0.57786,0.57767,0.57782,119,8,0
2026-08-20T00:15:00Z,1787184900,0.57781,0.57786,0.57775,0.57783,125,8,0
2026-08-20T00:20:00Z,1787185200,0.57783,0.57813,0.57782,0.5781,103,8,0
2026-08-20T00:25:00Z,1787185500,0.57811,0.57815,0.57809,0.57812,58,8,0
2026-08-20T00:30:00Z,1787185800,0.57812,0.57813,0.578,0.57807,87,8,0
2026-08-20T00:35:00Z,1787186100,0.57807,0.57811,0.578,0.57811,55,8,0
2026-08-20T00:40:00Z,1787186400,0.5781,0.5783,0.57809,0.57828,70,8,0
2026-08-20T00:45:00Z,1787186700,0.57828,0.57842,0.57825,0.57842,84,8,0
2026-08-20T00:50:00Z,1787187000,0.57842,0.57868,0.5784,0.57857,121,8,0
2026-08-20T00:55:00Z,1787187300,0.57855,0.5786,0.57844,0.57859,124,8,0
2026-08-20T01:00:00Z,1787187600,0.57861,0.57916,0.57858,0.57915,230,8,0
2026-08-20T01:05:00Z,1787187900,0.57915,0.57936,0.57909,0.5792,178,8,0
2026-08-20T01:10:00Z,1787188200,0.5792,0.57933,0.57898,0.57902,158,8,0
2026-08-20T01:15:00Z,1787188500,0.57901,0.57911,0.57885,0.57885,161,8,0
2026-08-20T01:20:00Z,1787188800,0.57885,0.57894,0.57866,0.57869,141,8,0
2026-08-20T01:25:00Z,1787189100,0.57869,0.57894,0.57866,0.57869,112,8,0
2026-08-20T01:30:00Z,1787189400,0.57868,0.57877,0.57856,0.5787,167,8,0
2026-08-20T01:35:00Z,1787189700,0.5787,0.57894,0.5787,0.57889,122,8,0
2026-08-20T01:40:00Z,1787190000,0.57888,0.5791,0.57888,0.57903,119,8,0
2026-08-20T01:45:00Z,1787190300,0.57903,0.57925,0.57899,0.57925,108,8,0
2026-08-20T01:50:00Z,1787190600,0.57926,0.57928,0.57912,0.57921,128,8,0
2026-08-20T01:55:00Z,1787190900,0.57921,0.57933,0.57917,0.57919,99,8,0
2026-08-20T02:00:00Z,1787191200,0.57919,0.57923,0.57881,0.57909,203,8,0
2026-08-20T02:05:00Z,1787191500,0.57909,0.57919,0.57899,0.57918,133,8,0
2026-08-20T02:10:00Z,1787191800,0.57917,0.57923,0.5791,0.57914,96,8,0
2026-08-20T02:15:00Z,1787192100,0.57914,0.57919,0.57906,0.57916,67,8,0
2026-08-20T02:20:00Z,1787192400,0.57917,0.57934,0.57911,0.57914,89,8,0
2026-08-20T02:25:00Z,1787192700,0.57914,0.57921,0.57913,0.5792,67,8,0
2026-08-20T02:30:00Z,1787193000,0.57918,0.57929,0.57913,0.57922,84,8,0
2026-08-20T02:35:00Z,1787193300,0.57921,0.57931,0.57918,0.57923,69,8,0
2026-08-20T02:40:00Z,1787193600,0.57923,0.57925,0.57908,0.57925,85,8,0
2026-08-20T02:45:00Z,1787193900,0.57926,0.57931,0.57917,0.57929,64,8,0
2026-08-20T02:50:00Z,1787194200,0.57929,0.57935,0.57925,0.57932,55,8,0
2026-08-20T02:55:00Z,1787194500,0.57931,0.57936,0.57928,0.57932,50,8,0
2026-08-20T03:00:00Z,1787194800,0.57932,0.57932,0.57917,0.57929,67,8,0
2026-08-20T03:05:00Z,1787195100,0.57929,0.57935,0.57923,0.57925,64,8,0
2026-08-20T03:10:00Z,1787195400,0.57925,0.57925,0.57909,0.57914,99,8,0
2026-08-20T03:15:00Z,1787195700,0.57914,0.57928,0.57914,0.57921,78,8,0
2026-08-20T03:20:00Z,1787196000,0.57921,0.57927,0.57916,0.57926,62,8,0
2026-08-20T03:25:00Z,1787196300,0.57926,0.57946,0.57919,0.57946,84,8,0
2026-08-20T03:30:00Z,1787196600,0.57946,0.57948,0.57942,0.57946,66,8,0
2026-08-20T03:35:00Z,1787196900,0.57947,0.57975,0.57947,0.57966,91,8,0
2026-08-20T03:40:00Z,1787197200,0.57966,0.5797,0.57956,0.57957,55,8,0
2026-08-20T03:45:00Z,1787197500,0.57957,0.57961,0.57952,0.57958,41,8,0
2026-08-20T03:50:00Z,1787197800,0.57957,0.5796,0.57936,0.57937,65,8,0
2026-08-20T03:55:00Z,1787198100,0.57936,0.57947,0.57936,0.57944,47,8,0
2026-08-20T04:00:00Z,1787198400,0.57945,0.57948,0.57937,0.57946,62,8,0
2026-08-20T04:05:00Z,1787198700,0.57946,0.57962,0.57946,0.57959,69,8,0
2026-08-20T04:10:00Z,1787199000,0.57959,0.57962,0.57951,0.57956,62,8,0
2026-08-20T04:15:00Z,1787199300,0.57956,0.5796,0.57953,0.57958,57,8,0
2026-08-20T04:20:00Z,1787199600,0.57959,0.57961,0.57953,0.5796,45,8,0
2026-08-20T04:25:00Z,1787199900,0.5796,0.57967,0.5796,0.57967,53,8,0
2026-08-20T04:30:00Z,1787200200,0.57967,0.5797,0.57965,0.57969,35,8,0
2026-08-20T04:35:00Z,1787200500,0.57969,0.57981,0.57968,0.57976,60,8,0
2026-08-20T04:40:00Z,1787200800,0.57974,0.57982,0.57971,0.57977,64,8,0
2026-08-20T04:45:00Z,1787201100,0.57977,0.57977,0.57968,0.5797,40,8,0
2026-08-20T04:50:00Z,1787201400,0.5797,0.57971,0.57953,0.57955,54,8,0
2026-08-20T04:55:00Z,1787201700,0.57957,0.57967,0.57946,0.57963,95,8,0
2026-08-20T05:00:00Z,1787202000,0.57963,0.57965,0.57951,0.57953,79,8,0
2026-08-20T05:05:00Z,1787202300,0.57953,0.5796,0.57952,0.57957,60,8,0
2026-08-20T05:10:00Z,1787202600,0.57958,0.57973,0.57955,0.5796,89,8,0
2026-08-20T05:15:00Z,1787202900,0.5796,0.57971,0.57959,0.57965,67,8,0
2026-08-20T05:20:00Z,1787203200,0.57965,0.57966,0.57959,0.57964,62,8,0
2026-08-20T05:25:00Z,1787203500,0.57964,0.57986,0.57964,0.57983,81,8,0
2026-08-20T05:30:00Z,1787203800,0.57983,0.57994,0.57976,0.57987,125,8,0
2026-08-20T05:35:00Z,1787204100,0.57987,0.57994,0.57981,0.57992,84,8,0
2026-08-20T05:40:00Z,1787204400,0.57992,0.57995,0.57987,0.57991,73,8,0
2026-08-20T05:45:00Z,1787204700,0.57991,0.57995,0.5798,0.57981,70,8,0
2026-08-20T05:50:00Z,1787205000,0.57981,0.57997,0.57981,0.57994,80,8,0
2026-08-20T05:55:00Z,1787205300,0.57993,0.57993,0.57976,0.5798,112,8,0
2026-08-20T06:00:00Z,1787205600,0.57978,0.57978,0.57958,0.57971,147,8,0
2026-08-20T06:05:00Z,1787205900,0.5797,0.57973,0.57945,0.57951,122,8,0
2026-08-20T06:10:00Z,1787206200,0.57952,0.57952,0.57923,0.57927,191,8,0
2026-08-20T06:15:00Z,1787206500,0.57927,0.57946,0.57925,0.57939,175,8,0
2026-08-20T06:20:00Z,1787206800,0.5794,0.57948,0.57929,0.5794,146,8,0
2026-08-20T06:25:00Z,1787207100,0.5794,0.57959,0.57937,0.57956,137,8,0
2026-08-20T06:30:00Z,1787207400,0.57957,0.57969,0.57949,0.57963,136,8,0
2026-08-20T06:35:00Z,1787207700,0.57962,0.57965,0.57943,0.57945,94,8,0
2026-08-20T06:40:00Z,1787208000,0.57946,0.57952,0.57929,0.57931,79,8,0
2026-08-20T06:45:00Z,1787208300,0.5793,0.57941,0.57914,0.5794,159,8,0
2026-08-20T06:50:00Z,1787208600,0.5794,0.5794,0.57918,0.5792,74,8,0
2026-08-20T06:55:00Z,1787208900,0.5792,0.57927,0.57906,0.57906,91,8,0
2026-08-20T07:00:00Z,1787209200,0.57905,0.57941,0.57898,0.57934,176,8,0
2026-08-20T07:05:00Z,1787209500,0.57933,0.5796,0.57933,0.57959,171,8,0
2026-08-20T07:10:00Z,1787209800,0.57957,0.57967,0.57939,0.57956,148,8,0
2026-08-20T07:15:00Z,1787210100,0.57956,0.57982,0.57954,0.57977,185,8,0
2026-08-20T07:20:00Z,1787210400,0.57977,0.58007,0.57976,0.57994,125,8,0
2026-08-20T07:25:00Z,1787210700,0.57995,0.58016,0.57992,0.58011,143,8,0
2026-08-20T07:30:00Z,1787211000,0.58011,0.58016,0.57982,0.57982,180,8,0
2026-08-20T07:35:00Z,1787211300,0.57982,0.57991,0.57974,0.5799,152,8,0
2026-08-20T07:40:00Z,1787211600,0.5799,0.58001,0.5798,0.57991,186,8,0
2026-08-20T07:45:00Z,1787211900,0.57991,0.58006,0.57982,0.58001,155,8,0
2026-08-20T07:50:00Z,1787212200,0.58001,0.58001,0.57947,0.57959,252,8,0
2026-08-20T07:55:00Z,1787212500,0.57958,0.57969,0.57936,0.57943,259,8,0
2026-08-20T08:00:00Z,1787212800,0.57942,0.5796,0.57939,0.57955,222,8,0
2026-08-20T08:05:00Z,1787213100,0.57956,0.57977,0.57953,0.57957,149,8,0
2026-08-20T08:10:00Z,1787213400,0.57958,0.57973,0.57948,0.57966,103,8,0
2026-08-20T08:15:00Z,1787213700,0.57965,0.57971,0.57942,0.57954,133,8,0
2026-08-20T08:20:00Z,1787214000,0.57953,0.57956,0.57932,0.57945,122,8,0
2026-08-20T08:25:00Z,1787214300,0.57945,0.57973,0.57937,0.57969,163,8,0
2026-08-20T08:30:00Z,1787214600,0.57968,0.5799,0.57961,0.57961,204,8,0
2026-08-20T08:35:00Z,1787214900,0.57961,0.57969,0.5793,0.57934,163,8,0
2026-08-20T08:40:00Z,1787215200,0.57935,0.57942,0.57925,0.57935,161,8,0
2026-08-20T08:45:00Z,1787215500,0.57935,0.5796,0.57932,0.57954,158,8,0
2026-08-20T08:50:00Z,1787215800,0.57953,0.57954,0.57932,0.57935,145,8,0
2026-08-20T08:55:00Z,1787216100,0.57935,0.57947,0.57926,0.57936,155,8,0
2026-08-20T09:00:00Z,1787216400,0.57938,0.57939,0.57917,0.57923,133,8,0
2026-08-20T09:05:00Z,1787216700,0.57923,0.57923,0.5789,0.57895,126,8,0
2026-08-20T09:10:00Z,1787217000,0.57895,0.57895,0.57818,0.57827,313,8,0
2026-08-20T09:15:00Z,1787217300,0.57827,0.57837,0.57802,0.57812,263,8,0
2026-08-20T09:20:00Z,1787217600,0.57812,0.57815,0.57779,0.57812,249,8,0
2026-08-20T09:25:00Z,1787217900,0.57813,0.57826,0.57807,0.57812,182,8,0
2026-08-20T09:30:00Z,1787218200,0.57813,0.57818,0.5779,0.57817,176,8,0
2026-08-20T09:35:00Z,1787218500,0.57818,0.57828,0.57799,0.57801,183,8,0
2026-08-20T09:40:00Z,1787218800,0.578,0.57813,0.57792,0.57796,157,8,0
2026-08-20T09:45:00Z,1787219100,0.57795,0.57827,0.57795,0.57823,174,8,0
2026-08-20T09:50:00Z,1787219400,0.57825,0.57825,0.578,0.57802,158,8,0
2026-08-20T09:55:00Z,1787219700,0.57801,0.57832,0.57801,0.57816,156,8,0
2026-08-20T10:00:00Z,1787220000,0.57817,0.57835,0.57795,0.57801,182,8,0
2026-08-20T10:05:00Z,1787220300,0.57801,0.57806,0.57789,0.57791,133,8,0
2026-08-20T10:10:00Z,1787220600,0.57791,0.57807,0.5779,0.57797,126,8,0
2026-08-20T10:15:00Z,1787220900,0.57796,0.57799,0.57784,0.57793,124,8,0
2026-08-20T10:20:00Z,1787221200,0.57792,0.57862,0.57792,0.5786,191,8,0
2026-08-20T10:25:00Z,1787221500,0.5786,0.57866,0.57827,0.57833,152,8,0
2026-08-20T10:30:00Z,1787221800,0.57833,0.57835,0.57803,0.57803,125,8,0
2026-08-20T10:35:00Z,1787222100,0.57803,0.57805,0.57784,0.578,180,8,0
2026-08-20T10:40:00Z,1787222400,0.578,0.57821,0.57793,0.5781,188,8,0
2026-08-20T10:45:00Z,1787222700,0.57809,0.5783,0.57806,0.57824,144,8,0
2026-08-20T10:50:00Z,1787223000,0.57825,0.57872,0.57822,0.57869,165,8,0
2026-08-20T10:55:00Z,1787223300,0.57869,0.57882,0.5786,0.57865,149,8,0
2026-08-20T11:00:00Z,1787223600,0.57865,0.57883,0.57863,0.57881,154,8,0
2026-08-20T11:05:00Z,1787223900,0.57881,0.57896,0.57873,0.57892,162,8,0
2026-08-20T11:10:00Z,1787224200,0.57893,0.57921,0.57886,0.57918,135,8,0
2026-08-20T11:15:00Z,1787224500,0.57917,0.57922,0.57907,0.5791,116,8,0
2026-08-20T11:20:00Z,1787224800,0.5791,0.57911,0.57883,0.57888,136,8,0
2026-08-20T11:25:00Z,1787225100,0.57886,0.57908,0.57874,0.57907,156,8,0
2026-08-20T11:30:00Z,1787225400,0.57908,0.57922,0.57908,0.57915,131,8,0
2026-08-20T11:35:00Z,1787225700,0.57915,0.57927,0.57911,0.57913,123,8,0
2026-08-20T11:40:00Z,1787226000,0.57913,0.57968,0.57908,0.57967,138,8,0
2026-08-20T11:45:00Z,1787226300,0.57967,0.57997,0.57963,0.57981,188,8,0
2026-08-20T11:50:00Z,1787226600,0.57981,0.58007,0.57976,0.57999,205,8,0
2026-08-20T11:55:00Z,1787226900,0.58,0.58004,0.57972,0.57984,132,8,0
2026-08-20T12:00:00Z,1787227200,0.57983,0.58006,0.57972,0.57999,231,8,0
2026-08-20T12:05:00Z,1787227500,0.58,0.58024,0.57998,0.58024,291,8,0
2026-08-20T12:10:00Z,1787227800,0.58023,0.58027,0.57962,0.57968,233,8,0
2026-08-20T12:15:00Z,1787228100,0.57968,0.57969,0.57914,0.57926,246,8,0
2026-08-20T12:20:00Z,1787228400,0.57927,0.5793,0.57897,0.57912,278,8,0
2026-08-20T12:25:00Z,1787228700,0.5791,0.57917,0.57903,0.57914,147,8,0
2026-08-20T12:30:00Z,1787229000,0.57915,0.57943,0.57906,0.57936,178,8,0
2026-08-20T12:35:00Z,1787229300,0.57935,0.57935,0.57912,0.57914,205,8,0
2026-08-20T12:40:00Z,1787229600,0.57914,0.57917,0.57884,0.57886,195,8,0
2026-08-20T12:45:00Z,1787229900,0.57886,0.57898,0.57873,0.57875,172,8,0
2026-08-20T12:50:00Z,1787230200,0.57876,0.57884,0.5787,0.57884,152,8,0
2026-08-20T12:55:00Z,1787230500,0.57882,0.57899,0.57881,0.57893,185,8,0
2026-08-20T13:00:00Z,1787230800,0.57892,0.57916,0.5788,0.57912,219,8,0
2026-08-20T13:05:00Z,1787231100,0.57911,0.57941,0.57907,0.57939,193,8,0
2026-08-20T13:10:00Z,1787231400,0.57939,0.57966,0.57927,0.57963,190,8,0
2026-08-20T13:15:00Z,1787231700,0.57962,0.57974,0.57952,0.57954,203,8,0
2026-08-20T13:20:00Z,1787232000,0.57954,0.5798,0.57946,0.57968,182,8,0
2026-08-20T13:25:00Z,1787232300,0.57968,0.57985,0.57957,0.5796,195,8,0
2026-08-20T13:30:00Z,1787232600,0.5796,0.57976,0.57945,0.57969,252,8,0
2026-08-20T13:35:00Z,1787232900,0.57968,0.57971,0.57934,0.57956,318,8,0
2026-08-20T13:40:00Z,1787233200,0.57956,0.57974,0.57953,0.5796,219,8,0
2026-08-20T13:45:00Z,1787233500,0.5796,0.57976,0.57951,0.57972,228,8,0
2026-08-20T13:50:00Z,1787233800,0.57973,0.57973,0.57928,0.57945,230,8,0
2026-08-20T13:55:00Z,1787234100,0.57946,0.57998,0.57943,0.57986,220,8,0
2026-08-20T14:00:00Z,1787234400,0.57986,0.58004,0.57975,0.57995,226,8,0
2026-08-20T14:05:00Z,1787234700,0.57995,0.58011,0.57991,0.58008,201,8,0
2026-08-20T14:10:00Z,1787235000,0.58009,0.58015,0.57997,0.58005,212,8,0
2026-08-20T14:15:00Z,1787235300,0.58005,0.58026,0.57997,0.58,244,8,0
2026-08-20T14:20:00Z,1787235600,0.58,0.58003,0.57956,0.57968,236,8,0
2026-08-20T14:25:00Z,1787235900,0.57967,0.57968,0.5794,0.57941,218,8,0
2026-08-20T14:30:00Z,1787236200,0.5794,0.57943,0.5793,0.57932,161,8,0
2026-08-20T14:35:00Z,1787236500,0.57931,0.57951,0.57929,0.57937,169,8,0
2026-08-20T14:40:00Z,1787236800,0.57936,0.57958,0.57917,0.57947,200,8,0
2026-08-20T14:45:00Z,1787237100,0.57947,0.57955,0.5794,0.57948,152,8,0
2026-08-20T14:50:00Z,1787237400,0.57948,0.57962,0.57937,0.57938,184,8,0
2026-08-20T14:55:00Z,1787237700,0.57938,0.57973,0.57938,0.5795,239,8,0
2026-08-20T15:00:00Z,1787238000,0.5795,0.57961,0.57895,0.57923,684,8,0
2026-08-20T15:05:00Z,1787238300,0.57924,0.57999,0.57922,0.57979,404,8,0
2026-08-20T15:10:00Z,1787238600,0.57979,0.58003,0.57969,0.57975,290,8,0
2026-08-20T15:15:00Z,1787238900,0.57973,0.58005,0.57972,0.57997,242,8,0
2026-08-20T15:20:00Z,1787239200,0.57997,0.58025,0.57988,0.58022,220,8,0
2026-08-20T15:25:00Z,1787239500,0.58021,0.58048,0.58002,0.58002,181,8,0
2026-08-20T15:30:00Z,1787239800,0.58001,0.58031,0.57993,0.58027,208,8,0
2026-08-20T15:35:00Z,1787240100,0.58027,0.58043,0.58024,0.58037,155,8,0
2026-08-20T15:40:00Z,1787240400,0.58037,0.58066,0.58021,0.58058,238,8,0
2026-08-20T15:45:00Z,1787240700,0.5806,0.58069,0.58035,0.58051,206,8,0
2026-08-20T15:50:00Z,1787241000,0.58052,0.58056,0.58039,0.58043,141,8,0
2026-08-20T15:55:00Z,1787241300,0.58043,0.58054,0.58033,0.58037,162,8,0
2026-08-20T16:00:00Z,1787241600,0.58037,0.58038,0.58004,0.58008,170,8,0
2026-08-20T16:05:00Z,1787241900,0.58008,0.5803,0.58005,0.58025,138,8,0
2026-08-20T16:10:00Z,1787242200,0.58026,0.58053,0.5802,0.58053,119,8,0
2026-08-20T16:15:00Z,1787242500,0.58052,0.58055,0.58036,0.58037,115,8,0
2026-08-20T16:20:00Z,1787242800,0.58037,0.58047,0.58035,0.58043,98,8,0
2026-08-20T16:25:00Z,1787243100,0.58043,0.58047,0.58037,0.58038,122,8,0
2026-08-20T16:30:00Z,1787243400,0.58038,0.58055,0.58034,0.58043,150,8,0
2026-08-20T16:35:00Z,1787243700,0.58043,0.58072,0.58033,0.58062,174,8,0
2026-08-20T16:40:00Z,1787244000,0.58063,0.58069,0.58047,0.58063,129,8,0
2026-08-20T16:45:00Z,1787244300,0.58063,0.5807,0.5805,0.58052,92,8,0
2026-08-20T16:50:00Z,1787244600,0.58051,0.58058,0.58044,0.58057,73,8,0
2026-08-20T16:55:00Z,1787244900,0.58056,0.5806,0.58038,0.58039,96,8,0
2026-08-20T17:00:00Z,1787245200,0.58039,0.58049,0.58033,0.58041,108,8,0
2026-08-20T17:05:00Z,1787245500,0.58041,0.58053,0.58041,0.58044,97,8,0
2026-08-20T17:10:00Z,1787245800,0.58044,0.58062,0.58044,0.58055,75,8,0
2026-08-20T17:15:00Z,1787246100,0.58055,0.58072,0.58049,0.58071,83,8,0
2026-08-20T17:20:00Z,1787246400,0.58071,0.58075,0.58068,0.58072,85,8,0
2026-08-20T17:25:00Z,1787246700,0.58072,0.58076,0.58064,0.58065,65,8,0
2026-08-20T17:30:00Z,1787247000,0.58065,0.58083,0.58065,0.58082,95,8,0
2026-08-20T17:35:00Z,1787247300,0.58083,0.58085,0.58075,0.58083,86,8,0
2026-08-20T17:40:00Z,1787247600,0.58084,0.58085,0.58073,0.58074,77,8,0
2026-08-20T17:45:00Z,1787247900,0.58074,0.58079,0.58073,0.58077,62,8,0
2026-08-20T17:50:00Z,1787248200,0.58078,0.58078,0.58066,0.58066,63,8,0
2026-08-20T17:55:00Z,1787248500,0.58066,0.5807,0.5806,0.58062,91,8,0
2026-08-20T18:00:00Z,1787248800,0.58062,0.58069,0.58057,0.58059,73,8,0
2026-08-20T18:05:00Z,1787249100,0.58059,0.58067,0.58056,0.58064,95,8,0
2026-08-20T18:10:00Z,1787249400,0.58065,0.5807,0.58063,0.58067,95,8,0
2026-08-20T18:15:00Z,1787249700,0.58068,0.5807,0.58062,0.58064,78,8,0
2026-08-20T18:20:00Z,1787250000,0.58064,0.5807,0.58061,0.58068,55,8,0
2026-08-20T18:25:00Z,1787250300,0.58068,0.58079,0.58064,0.58075,72,8,0
2026-08-20T18:30:00Z,1787250600,0.58075,0.58077,0.58066,0.58066,56,8,0
2026-08-20T18:35:00Z,1787250900,0.58065,0.58068,0.58057,0.58068,63,8,0
2026-08-20T18:40:00Z,1787251200,0.58067,0.58076,0.58066,0.58075,64,8,0
2026-08-20T18:45:00Z,1787251500,0.58075,0.58079,0.5807,0.58072,61,8,0
2026-08-20T18:50:00Z,1787251800,0.58072,0.58078,0.58066,0.58067,53,8,0
2026-08-20T18:55:00Z,1787252100,0.58068,0.58078,0.58064,0.58067,85,8,0
2026-08-20T19:00:00Z,1787252400,0.58067,0.58083,0.58066,0.58075,91,8,0
2026-08-20T19:05:00Z,1787252700,0.58074,0.58074,0.58064,0.58067,69,8,0
2026-08-20T19:10:00Z,1787253000,0.58067,0.58068,0.58055,0.5806,64,8,0
2026-08-20T19:15:00Z,1787253300,0.58059,0.58068,0.58056,0.58059,74,8,0
2026-08-20T19:20:00Z,1787253600,0.5806,0.58061,0.5805,0.5805,72,8,0
2026-08-20T19:25:00Z,1787253900,0.5805,0.58065,0.5805,0.58062,62,8,0
2026-08-20T19:30:00Z,1787254200,0.58062,0.58064,0.5805,0.58058,81,8,0
2026-08-20T19:35:00Z,1787254500,0.58058,0.5806,0.58052,0.58054,66,8,0
2026-08-20T19:40:00Z,1787254800,0.58055,0.58061,0.58054,0.58056,69,8,0
2026-08-20T19:45:00Z,1787255100,0.58056,0.58069,0.58054,0.58063,79,8,0
2026-08-20T19:50:00Z,1787255400,0.58063,0.58063,0.58046,0.58047,73,8,0
2026-08-20T19:55:00Z,1787255700,0.58047,0.58052,0.58036,0.58039,119,8,0
2026-08-20T20:00:00Z,1787256000,0.5804,0.58052,0.58039,0.58044,72,8,0
2026-08-20T20:05:00Z,1787256300,0.58043,0.5806,0.5804,0.5806,62,8,0
2026-08-20T20:10:00Z,1787256600,0.5806,0.5806,0.58053,0.58055,53,8,0
2026-08-20T20:15:00Z,1787256900,0.58055,0.58057,0.58052,0.58056,36,8,0
2026-08-20T20:20:00Z,1787257200,0.58056,0.58061,0.58056,0.5806,21,8,0
2026-08-20T20:25:00Z,1787257500,0.5806,0.58065,0.58057,0.58061,44,8,0
2026-08-20T20:30:00Z,1787257800,0.58061,0.58061,0.58052,0.58057,36,8,0
2026-08-20T20:35:00Z,1787258100,0.58057,0.58057,0.5805,0.58052,33,8,0
2026-08-20T20:40:00Z,1787258400,0.58052,0.58061,0.58052,0.58057,47,8,0
2026-08-20T20:45:00Z,1787258700,0.58057,0.5806,0.58053,0.58058,59,8,0
2026-08-20T20:50:00Z,1787259000,0.58058,0.58061,0.58055,0.58056,31,8,0
2026-08-20T20:55:00Z,1787259300,0.58056,0.58056,0.58047,0.58052,38,8,0
2026-08-20T21:05:00Z,1787259900,0.58053,0.58053,0.58043,0.58046,11,10,0
2026-08-20T21:10:00Z,1787260200,0.58047,0.58049,0.58044,0.58044,9,18,0
2026-08-20T21:15:00Z,1787260500,0.58046,0.58051,0.58044,0.58051,21,22,0
2026-08-20T21:20:00Z,1787260800,0.58049,0.58051,0.58048,0.58049,16,21,0
2026-08-20T21:25:00Z,1787261100,0.58047,0.58049,0.58047,0.58047,16,22,0
2026-08-20T21:30:00Z,1787261400,0.58048,0.5805,0.58048,0.5805,12,18,0
2026-08-20T21:35:00Z,1787261700,0.5805,0.58051,0.58046,0.5805,29,17,0
2026-08-20T21:40:00Z,1787262000,0.5805,0.58051,0.58047,0.5805,20,17,0
2026-08-20T21:45:00Z,1787262300,0.5805,0.58051,0.58047,0.5805,33,17,0
2026-08-20T21:50:00Z,1787262600,0.5805,0.5805,0.58047,0.58049,33,20,0
2026-08-20T21:55:00Z,1787262900,0.5805,0.58051,0.58047,0.58051,33,18,0
2026-08-20T22:00:00Z,1787263200,0.58052,0.58053,0.58034,0.58046,45,18,0
2026-08-20T22:05:00Z,1787263500,0.58045,0.5805,0.58045,0.58049,18,20,0
2026-08-20T22:10:00Z,1787263800,0.5805,0.5805,0.58042,0.58042,27,20,0
2026-08-20T22:15:00Z,1787264100,0.58042,0.58045,0.58039,0.58042,28,20,0
2026-08-20T22:20:00Z,1787264400,0.58042,0.58047,0.5804,0.58045,24,13,0
2026-08-20T22:25:00Z,1787264700,0.58045,0.58046,0.58036,0.58037,22,13,0
2026-08-20T22:30:00Z,1787265000,0.58037,0.58042,0.58033,0.5804,19,13,0
2026-08-20T22:35:00Z,1787265300,0.5804,0.58041,0.58034,0.58036,19,13,0
2026-08-20T22:40:00Z,1787265600,0.58036,0.58037,0.58033,0.58035,22,13,0
2026-08-20T22:45:00Z,1787265900,0.58035,0.58035,0.58032,0.58034,12,13,0
2026-08-20T22:50:00Z,1787266200,0.58034,0.58034,0.58029,0.58031,30,13,0
2026-08-20T22:55:00Z,1787266500,0.5803,0.58033,0.58028,0.58031,14,13,0
2026-08-20T23:00:00Z,1787266800,0.58034,0.58035,0.58016,0.5802,45,8,0
2026-08-20T23:05:00Z,1787267100,0.5802,0.58034,0.58019,0.58033,75,8,0
2026-08-20T23:10:00Z,1787267400,0.58033,0.58034,0.58025,0.58029,71,8,0
2026-08-20T23:15:00Z,1787267700,0.58029,0.58031,0.58026,0.58029,40,8,0
2026-08-20T23:20:00Z,1787268000,0.58027,0.5803,0.58027,0.58029,44,8,0
2026-08-20T23:25:00Z,1787268300,0.58028,0.58032,0.58021,0.58031,42,8,0
2026-08-20T23:30:00Z,1787268600,0.58031,0.58034,0.58024,0.58034,36,8,0
2026-08-20T23:35:00Z,1787268900,0.58033,0.58034,0.58028,0.58029,29,8,0
2026-08-20T23:40:00Z,1787269200,0.58029,0.58029,0.58024,0.58026,22,8,0
2026-08-20T23:45:00Z,1787269500,0.58026,0.58027,0.58018,0.58019,30,8,0
2026-08-20T23:50:00Z,1787269800,0.58019,0.58032,0.58019,0.58032,31,8,0
2026-08-20T23:55:00Z,1787270100,0.58032,0.58032,0.58016,0.58018,35,8,0
2026-08-21T00:00:00Z,1787270400,0.58019,0.58052,0.58015,0.58048,122,8,0
2026-08-21T00:05:00Z,1787270700,0.58049,0.58061,0.58047,0.58056,86,8,0
2026-08-21T00:10:00Z,1787271000,0.58057,0.58057,0.58044,0.58046,60,8,0
2026-08-21T00:15:00Z,1787271300,0.58046,0.58053,0.58037,0.5804,91,8,0
2026-08-21T00:20:00Z,1787271600,0.5804,0.58051,0.58039,0.58049,73,8,0
2026-08-21T00:25:00Z,1787271900,0.5805,0.58053,0.58044,0.58047,66,8,0
2026-08-21T00:30:00Z,1787272200,0.58048,0.58065,0.58046,0.5806,79,8,0
2026-08-21T00:35:00Z,1787272500,0.58059,0.5806,0.58046,0.58058,73,8,0
2026-08-21T00:40:00Z,1787272800,0.58058,0.58065,0.58057,0.58061,45,8,0
2026-08-21T00:45:00Z,1787273100,0.5806,0.58068,0.58059,0.58065,55,8,0
2026-08-21T00:50:00Z,1787273400,0.58066,0.58077,0.58063,0.58077,88,8,0
2026-08-21T00:55:00Z,1787273700,0.58076,0.58085,0.58075,0.5808,70,8,0
2026-08-21T01:00:00Z,1787274000,0.5808,0.5808,0.58051,0.58058,128,8,0
2026-08-21T01:05:00Z,1787274300,0.58059,0.5806,0.58049,0.58053,75,8,0
2026-08-21T01:10:00Z,1787274600,0.58052,0.58056,0.58035,0.58042,151,8,0
2026-08-21T01:15:00Z,1787274900,0.58041,0.58049,0.5803,0.58038,139,8,0
2026-08-21T01:20:00Z,1787275200,0.58038,0.58044,0.58031,0.58031,121,8,0
2026-08-21T01:25:00Z,1787275500,0.58031,0.58041,0.58027,0.58032,115,8,0
2026-08-21T01:30:00Z,1787275800,0.58032,0.58032,0.58018,0.5802,76,8,0
2026-08-21T01:35:00Z,1787276100,0.5802,0.58033,0.58017,0.58031,116,8,0
2026-08-21T01:40:00Z,1787276400,0.58031,0.58041,0.5803,0.58036,82,8,0
2026-08-21T01:45:00Z,1787276700,0.58037,0.58044,0.58032,0.58032,75,8,0
2026-08-21T01:50:00Z,1787277000,0.58032,0.58054,0.58032,0.58052,78,8,0
2026-08-21T01:55:00Z,1787277300,0.58052,0.58054,0.58044,0.58045,98,8,0
2026-08-21T02:00:00Z,1787277600,0.58045,0.58054,0.58043,0.58053,56,8,0
2026-08-21T02:05:00Z,1787277900,0.58053,0.58068,0.58053,0.58055,58,8,0
2026-08-21T02:10:00Z,1787278200,0.58056,0.58059,0.58052,0.58054,32,8,0
2026-08-21T02:15:00Z,1787278500,0.58054,0.58059,0.58049,0.58054,52,8,0
2026-08-21T02:20:00Z,1787278800,0.58053,0.58057,0.58036,0.58038,88,8,0
2026-08-21T02:25:00Z,1787279100,0.58037,0.58052,0.58032,0.5805,81,8,0
2026-08-21T02:30:00Z,1787279400,0.58049,0.5805,0.58043,0.58047,75,8,0
2026-08-21T02:35:00Z,1787279700,0.58047,0.58058,0.58045,0.58057,72,8,0
2026-08-21T02:40:00Z,1787280000,0.58057,0.58057,0.58046,0.58046,81,8,0
2026-08-21T02:45:00Z,1787280300,0.58046,0.58048,0.5804,0.58044,78,8,0
2026-08-21T02:50:00Z,1787280600,0.58044,0.58044,0.58032,0.58036,95,8,0
2026-08-21T02:55:00Z,1787280900,0.58036,0.5805,0.58033,0.58049,74,8,0
2026-08-21T03:00:00Z,1787281200,0.58049,0.5806,0.58048,0.5806,69,8,0
2026-08-21T03:05:00Z,1787281500,0.58061,0.58062,0.5805,0.58053,40,8,0
2026-08-21T03:10:00Z,1787281800,0.58053,0.58055,0.58049,0.58051,67,8,0
2026-08-21T03:15:00Z,1787282100,0.58051,0.58064,0.58051,0.58063,54,8,0
2026-08-21T03:20:00Z,1787282400,0.58064,0.58069,0.58063,0.58068,43,8,0
2026-08-21T03:25:00Z,1787282700,0.58068,0.58074,0.58066,0.58074,33,8,0
2026-08-21T03:30:00Z,1787283000,0.58074,0.58085,0.58073,0.58085,49,8,0
2026-08-21T03:35:00Z,1787283300,0.58085,0.58099,0.58085,0.58098,49,8,0
2026-08-21T03:40:00Z,1787283600,0.58098,0.58099,0.58094,0.58095,24,8,0
2026-08-21T03:45:00Z,1787283900,0.58095,0.58106,0.58095,0.58104,56,8,0
2026-08-21T03:50:00Z,1787284200,0.58104,0.58106,0.58092,0.58096,43,8,0
2026-08-21T03:55:00Z,1787284500,0.58096,0.58096,0.58088,0.58091,37,8,0
2026-08-21T04:00:00Z,1787284800,0.58092,0.58097,0.58091,0.58092,42,8,0
2026-08-21T04:05:00Z,1787285100,0.58092,0.58098,0.58089,0.58097,37,8,0
2026-08-21T04:10:00Z,1787285400,0.58097,0.58101,0.58095,0.58096,31,8,0
2026-08-21T04:15:00Z,1787285700,0.58097,0.58102,0.58096,0.58096,28,8,0
2026-08-21T04:20:00Z,1787286000,0.58096,0.58106,0.58096,0.58105,31,8,0
2026-08-21T04:25:00Z,1787286300,0.58105,0.5811,0.58104,0.58105,43,8,0
2026-08-21T04:30:00Z,1787286600,0.58105,0.58111,0.58105,0.58106,47,8,0
2026-08-21T04:35:00Z,1787286900,0.58106,0.5811,0.58104,0.58108,22,8,0
2026-08-21T04:40:00Z,1787287200,0.58108,0.5811,0.58104,0.58104,40,8,0
2026-08-21T04:45:00Z,1787287500,0.58104,0.5811,0.58104,0.58108,49,8,0
2026-08-21T04:50:00Z,1787287800,0.58108,0.58111,0.58106,0.58107,30,8,0
2026-08-21T04:55:00Z,1787288100,0.58106,0.58108,0.58098,0.581,57,8,0
2026-08-21T05:00:00Z,1787288400,0.581,0.58103,0.58099,0.58101,61,8,0
2026-08-21T05:05:00Z,1787288700,0.58101,0.58105,0.581,0.58103,46,8,0
2026-08-21T05:10:00Z,1787289000,0.58103,0.58104,0.58097,0.58104,35,8,0
2026-08-21T05:15:00Z,1787289300,0.58103,0.58104,0.58097,0.581,44,8,0
2026-08-21T05:20:00Z,1787289600,0.581,0.58109,0.581,0.58108,30,8,0
2026-08-21T05:25:00Z,1787289900,0.58108,0.58116,0.58105,0.58112,62,8,0
2026-08-21T05:30:00Z,1787290200,0.58112,0.58113,0.581,0.58102,90,8,0
2026-08-21T05:35:00Z,1787290500,0.58102,0.58103,0.58086,0.58092,76,8,0
2026-08-21T05:40:00Z,1787290800,0.58092,0.58108,0.58091,0.58093,62,8,0
2026-08-21T05:45:00Z,1787291100,0.58093,0.58103,0.58081,0.58081,76,8,0
2026-08-21T05:50:00Z,1787291400,0.58082,0.58083,0.58071,0.58075,89,8,0
2026-08-21T05:55:00Z,1787291700,0.58076,0.58079,0.58065,0.58069,80,8,0
2026-08-21T06:00:00Z,1787292000,0.5807,0.58092,0.5807,0.58089,110,8,0
2026-08-21T06:05:00Z,1787292300,0.58089,0.58099,0.58081,0.58087,87,8,0
2026-08-21T06:10:00Z,1787292600,0.58087,0.581,0.58086,0.581,81,8,0
2026-08-21T06:15:00Z,1787292900,0.58099,0.58099,0.58084,0.58096,83,8,0
2026-08-21T06:20:00Z,1787293200,0.58096,0.58107,0.58096,0.58105,68,8,0
2026-08-21T06:25:00Z,1787293500,0.58107,0.58108,0.58097,0.58106,71,8,0
2026-08-21T06:30:00Z,1787293800,0.58106,0.58108,0.58098,0.58106,65,8,0
2026-08-21T06:35:00Z,1787294100,0.58106,0.58125,0.58104,0.58122,74,8,0
2026-08-21T06:40:00Z,1787294400,0.58122,0.58128,0.58114,0.58125,64,8,0
2026-08-21T06:45:00Z,1787294700,0.58125,0.58132,0.58109,0.58113,98,8,0
2026-08-21T06:50:00Z,1787295000,0.58113,0.58133,0.58109,0.58132,91,8,0
2026-08-21T06:55:00Z,1787295300,0.58131,0.58134,0.58114,0.58119,111,8,0
2026-08-21T07:00:00Z,1787295600,0.5812,0.58131,0.58098,0.58099,171,8,0
2026-08-21T07:05:00Z,1787295900,0.581,0.5814,0.581,0.58135,129,8,0
2026-08-21T07:10:00Z,1787296200,0.58135,0.58144,0.58113,0.58113,110,8,0
2026-08-21T07:15:00Z,1787296500,0.58115,0.58121,0.58104,0.58112,122,8,0
2026-08-21T07:20:00Z,1787296800,0.58111,0.58121,0.58105,0.58116,116,8,0
2026-08-21T07:25:00Z,1787297100,0.58116,0.58126,0.58109,0.58124,116,8,0
2026-08-21T07:30:00Z,1787297400,0.58124,0.58133,0.58112,0.58116,188,8,0
2026-08-21T07:35:00Z,1787297700,0.58116,0.58139,0.58116,0.58128,127,8,0
2026-08-21T07:40:00Z,1787298000,0.58129,0.58144,0.58116,0.58142,154,8,0
2026-08-21T07:45:00Z,1787298300,0.58141,0.58155,0.58139,0.58155,151,8,0
2026-08-21T07:50:00Z,1787298600,0.58154,0.58168,0.58147,0.58165,122,8,0
2026-08-21T07:55:00Z,1787298900,0.58165,0.58176,0.58163,0.58164,125,8,0
2026-08-21T08:00:00Z,1787299200,0.58164,0.58179,0.58161,0.58178,118,8,0
2026-08-21T08:05:00Z,1787299500,0.58179,0.582,0.58177,0.58194,104,8,0
2026-08-21T08:10:00Z,1787299800,0.58193,0.58194,0.5817,0.58173,119,8,0
2026-08-21T08:15:00Z,1787300100,0.58173,0.58187,0.58165,0.58182,151,8,0
2026-08-21T08:20:00Z,1787300400,0.58181,0.58189,0.5817,0.5817,147,8,0
2026-08-21T08:25:00Z,1787300700,0.5817,0.58182,0.58152,0.58174,177,8,0
2026-08-21T08:30:00Z,1787301000,0.58175,0.58178,0.58153,0.58163,146,8,0
2026-08-21T08:35:00Z,1787301300,0.58163,0.58167,0.58151,0.58158,120,8,0
2026-08-21T08:40:00Z,1787301600,0.58158,0.58162,0.58133,0.58141,172,8,0
2026-08-21T08:45:00Z,1787301900,0.58141,0.5816,0.58138,0.58154,158,8,0
2026-08-21T08:50:00Z,1787302200,0.58154,0.58154,0.58139,0.58151,121,8,0
2026-08-21T08:55:00Z,1787302500,0.58151,0.58174,0.58149,0.58152,136,8,0
2026-08-21T09:00:00Z,1787302800,0.58152,0.58163,0.58144,0.58155,210,8,0
2026-08-21T09:05:00Z,1787303100,0.58155,0.58166,0.58117,0.58119,199,8,0
2026-08-21T09:10:00Z,1787303400,0.5812,0.5813,0.58109,0.58112,131,8,0
2026-08-21T09:15:00Z,1787303700,0.58113,0.58116,0.58099,0.58103,133,8,0
2026-08-21T09:20:00Z,1787304000,0.58104,0.58109,0.58083,0.58096,140,8,0
2026-08-21T09:25:00Z,1787304300,0.58097,0.58115,0.58097,0.58101,102,8,0
2026-08-21T09:30:00Z,1787304600,0.58102,0.58109,0.58091,0.58104,95,8,0
2026-08-21T09:35:00Z,1787304900,0.58104,0.58115,0.58095,0.58101,146,8,0
2026-08-21T09:40:00Z,1787305200,0.58101,0.58109,0.58096,0.58105,70,8,0
2026-08-21T09:45:00Z,1787305500,0.58105,0.58117,0.58104,0.58112,87,8,0
2026-08-21T09:50:00Z,1787305800,0.58112,0.58122,0.5811,0.58119,78,8,0
2026-08-21T09:55:00Z,1787306100,0.58118,0.58133,0.58113,0.58132,101,8,0
2026-08-21T10:00:00Z,1787306400,0.58132,0.58144,0.58128,0.58135,129,8,0
2026-08-21T10:05:00Z,1787306700,0.58135,0.58139,0.58122,0.58132,116,8,0
2026-08-21T10:10:00Z,1787307000,0.58132,0.5815,0.58132,0.58142,116,8,0
2026-08-21T10:15:00Z,1787307300,0.58141,0.58145,0.58124,0.58132,112,8,0
2026-08-21T10:20:00Z,1787307600,0.58133,0.58144,0.58128,0.58135,87,8,0
2026-08-21T10:25:00Z,1787307900,0.58135,0.58138,0.58121,0.58125,114,8,0
2026-08-21T10:30:00Z,1787308200,0.58124,0.58145,0.58123,0.58137,96,8,0
2026-08-21T10:35:00Z,1787308500,0.58138,0.58139,0.5812,0.58136,105,8,0
2026-08-21T10:40:00Z,1787308800,0.58136,0.58138,0.58131,0.58136,63,8,0
2026-08-21T10:45:00Z,1787309100,0.58136,0.58147,0.58131,0.58135,70,8,0
2026-08-21T10:50:00Z,1787309400,0.58136,0.58149,0.58133,0.58138,127,8,0
2026-08-21T10:55:00Z,1787309700,0.58139,0.58158,0.58138,0.58148,134,8,0
2026-08-21T11:00:00Z,1787310000,0.58147,0.58152,0.58142,0.5815,122,8,0
2026-08-21T11:05:00Z,1787310300,0.58149,0.58168,0.58141,0.58155,109,8,0
2026-08-21T11:10:00Z,1787310600,0.58156,0.58166,0.58155,0.58165,61,8,0
2026-08-21T11:15:00Z,1787310900,0.58165,0.58166,0.58156,0.58164,94,8,0
2026-08-21T11:20:00Z,1787311200,0.58164,0.58168,0.58105,0.58112,266,8,0
2026-08-21T11:25:00Z,1787311500,0.58114,0.58125,0.58101,0.58117,310,8,0
2026-08-21T11:30:00Z,1787311800,0.58117,0.58167,0.58113,0.58158,227,8,0
2026-08-21T11:35:00Z,1787312100,0.58158,0.5817,0.58135,0.58166,224,8,0
2026-08-21T11:40:00Z,1787312400,0.58166,0.58198,0.58164,0.58191,179,8,0
2026-08-21T11:45:00Z,1787312700,0.58191,0.58204,0.58187,0.58202,100,8,0
2026-08-21T11:50:00Z,1787313000,0.58202,0.58211,0.58195,0.58199,169,8,0
2026-08-21T11:55:00Z,1787313300,0.58199,0.58201,0.58182,0.58183,90,8,0
2026-08-21T12:00:00Z,1787313600,0.58183,0.58201,0.58177,0.58191,159,8,0
2026-08-21T12:05:00Z,1787313900,0.58192,0.58193,0.58167,0.58185,160,8,0
2026-08-21T12:10:00Z,1787314200,0.58185,0.58188,0.58171,0.58178,143,8,0
2026-08-21T12:15:00Z,1787314500,0.58179,0.58191,0.58172,0.58184,133,8,0
2026-08-21T12:20:00Z,1787314800,0.58185,0.58196,0.58182,0.58189,155,8,0
2026-08-21T12:25:00Z,1787315100,0.5819,0.58198,0.58186,0.58194,117,8,0
2026-08-21T12:30:00Z,1787315400,0.58194,0.58213,0.58193,0.58205,125,8,0
2026-08-21T12:35:00Z,1787315700,0.58203,0.58227,0.58202,0.58225,188,8,0
2026-08-21T12:40:00Z,1787316000,0.58225,0.5823,0.58196,0.58208,160,8,0
2026-08-21T12:45:00Z,1787316300,0.58207,0.58216,0.58202,0.58208,134,8,0
2026-08-21T12:50:00Z,1787316600,0.58207,0.58222,0.58206,0.58211,130,8,0
2026-08-21T12:55:00Z,1787316900,0.58211,0.58213,0.5819,0.58192,107,8,0
2026-08-21T13:00:00Z,1787317200,0.58192,0.58206,0.5818,0.58203,152,8,0
2026-08-21T13:05:00Z,1787317500,0.58203,0.58219,0.58197,0.58213,175,8,0
2026-08-21T13:10:00Z,1787317800,0.58213,0.58217,0.58196,0.58198,120,8,0
2026-08-21T13:15:00Z,1787318100,0.58196,0.58222,0.58193,0.5822,126,8,0
2026-08-21T13:20:00Z,1787318400,0.58221,0.58236,0.58206,0.58235,121,8,0
2026-08-21T13:25:00Z,1787318700,0.58237,0.58237,0.58218,0.58219,160,8,0
2026-08-21T13:30:00Z,1787319000,0.5822,0.58236,0.58213,0.58225,175,8,0
2026-08-21T13:35:00Z,1787319300,0.58224,0.58228,0.58205,0.5821,172,8,0
2026-08-21T13:40:00Z,1787319600,0.5821,0.5821,0.58185,0.58206,167,8,0
2026-08-21T13:45:00Z,1787319900,0.58208,0.58216,0.58187,0.58207,180,8,0
2026-08-21T13:50:00Z,1787320200,0.58208,0.58211,0.58193,0.58193,140,8,0
2026-08-21T13:55:00Z,1787320500,0.58192,0.58192,0.58167,0.58184,151,8,0
2026-08-21T14:00:00Z,1787320800,0.58185,0.58199,0.5818,0.58192,147,8,0
2026-08-21T14:05:00Z,1787321100,0.58192,0.58204,0.58185,0.582,150,8,0
2026-08-21T14:10:00Z,1787321400,0.58201,0.58214,0.58201,0.58207,117,8,0
2026-08-21T14:15:00Z,1787321700,0.58207,0.58209,0.58182,0.58183,130,8,0
2026-08-21T14:20:00Z,1787322000,0.58184,0.58201,0.58181,0.58195,146,8,0
2026-08-21T14:25:00Z,1787322300,0.58195,0.58199,0.58182,0.58193,145,8,0
2026-08-21T14:30:00Z,1787322600,0.58194,0.58204,0.58182,0.58204,184,8,0
2026-08-21T14:35:00Z,1787322900,0.58204,0.58214,0.58195,0.582,201,8,0
2026-08-21T14:40:00Z,1787323200,0.582,0.58201,0.58162,0.58166,175,8,0
2026-08-21T14:45:00Z,1787323500,0.58167,0.58173,0.58156,0.58156,185,8,0
2026-08-21T14:50:00Z,1787323800,0.58156,0.58157,0.58138,0.58145,225,8,0
2026-08-21T14:55:00Z,1787324100,0.58146,0.58182,0.58144,0.58156,279,8,0
2026-08-21T15:00:00Z,1787324400,0.58156,0.58195,0.58151,0.58178,346,8,0
2026-08-21T15:05:00Z,1787324700,0.58178,0.582,0.5817,0.58195,202,8,0
2026-08-21T15:10:00Z,1787325000,0.58196,0.58218,0.58184,0.58215,210,8,0
2026-08-21T15:15:00Z,1787325300,0.58213,0.58225,0.5821,0.58218,128,8,0
2026-08-21T15:20:00Z,1787325600,0.58218,0.58227,0.58213,0.58226,135,8,0
2026-08-21T15:25:00Z,1787325900,0.58226,0.58239,0.58206,0.5821,156,8,0
2026-08-21T15:30:00Z,1787326200,0.58208,0.58211,0.58174,0.58175,174,8,0
2026-08-21T15:35:00Z,1787326500,0.58176,0.58196,0.5816,0.58184,179,8,0
2026-08-21T15:40:00Z,1787326800,0.58184,0.58191,0.58167,0.58168,141,8,0
2026-08-21T15:45:00Z,1787327100,0.58167,0.58182,0.58163,0.5818,124,8,0
2026-08-21T15:50:00Z,1787327400,0.58179,0.5818,0.58155,0.58161,117,8,0
2026-08-21T15:55:00Z,1787327700,0.5816,0.58173,0.58158,0.58169,98,8,0
2026-08-21T16:00:00Z,1787328000,0.58169,0.58191,0.58166,0.5819,119,8,0
2026-08-21T16:05:00Z,1787328300,0.5819,0.582,0.58186,0.5819,128,8,0
2026-08-21T16:10:00Z,1787328600,0.5819,0.58194,0.58182,0.58189,98,8,0
2026-08-21T16:15:00Z,1787328900,0.58189,0.58196,0.58186,0.58195,87,8,0
2026-08-21T16:20:00Z,1787329200,0.58195,0.58197,0.58165,0.58178,233,8,0
2026-08-21T16:25:00Z,1787329500,0.58178,0.58183,0.5817,0.58179,100,8,0
2026-08-21T16:30:00Z,1787329800,0.58179,0.58193,0.58174,0.58193,86,8,0
2026-08-21T16:35:00Z,1787330100,0.58193,0.58193,0.58178,0.5818,86,8,0
2026-08-21T16:40:00Z,1787330400,0.5818,0.58188,0.58176,0.58181,95,8,0
2026-08-21T16:45:00Z,1787330700,0.58181,0.58187,0.58178,0.58185,74,8,0
2026-08-21T16:50:00Z,1787331000,0.58184,0.58189,0.58177,0.58183,87,8,0
2026-08-21T16:55:00Z,1787331300,0.58184,0.58193,0.58182,0.58193,80,8,0
2026-08-21T17:00:00Z,1787331600,0.58192,0.58204,0.58189,0.58203,86,8,0
2026-08-21T17:05:00Z,1787331900,0.58203,0.58206,0.58197,0.58199,77,8,0
2026-08-21T17:10:00Z,1787332200,0.58198,0.58213,0.58198,0.58208,66,8,0
2026-08-21T17:15:00Z,1787332500,0.58209,0.58227,0.58207,0.58218,96,8,0
2026-08-21T17:20:00Z,1787332800,0.58218,0.58224,0.58216,0.58221,82,8,0
2026-08-21T17:25:00Z,1787333100,0.58221,0.58229,0.58219,0.58222,74,8,0
2026-08-21T17:30:00Z,1787333400,0.58223,0.58226,0.58219,0.58223,69,8,0
2026-08-21T17:35:00Z,1787333700,0.58222,0.58227,0.58218,0.58226,84,8,0
2026-08-21T17:40:00Z,1787334000,0.58226,0.58231,0.58224,0.58224,67,8,0
2026-08-21T17:45:00Z,1787334300,0.58223,0.5823,0.58223,0.58225,79,8,0
2026-08-21T17:50:00Z,1787334600,0.58224,0.58225,0.58211,0.58211,49,8,0
2026-08-21T17:55:00Z,1787334900,0.58211,0.58214,0.58208,0.58213,66,8,0
2026-08-21T18:00:00Z,1787335200,0.58213,0.58213,0.58199,0.58202,58,8,0
2026-08-21T18:05:00Z,1787335500,0.582,0.58205,0.582,0.58205,54,8,0
2026-08-21T18:10:00Z,1787335800,0.58204,0.58209,0.58203,0.58207,38,8,0
2026-08-21T18:15:00Z,1787336100,0.58207,0.58207,0.58198,0.58199,54,8,0
2026-08-21T18:20:00Z,1787336400,0.58198,0.58201,0.58194,0.58198,78,8,0
2026-08-21T18:25:00Z,1787336700,0.58197,0.58199,0.58192,0.58194,71,8,0
2026-08-21T18:30:00Z,1787337000,0.58194,0.58204,0.58194,0.58198,60,8,0
2026-08-21T18:35:00Z,1787337300,0.58198,0.58198,0.58183,0.58188,70,8,0
2026-08-21T18:40:00Z,1787337600,0.58188,0.58193,0.58185,0.58193,47,8,0
2026-08-21T18:45:00Z,1787337900,0.58193,0.58195,0.58187,0.58192,68,8,0
2026-08-21T18:50:00Z,1787338200,0.58193,0.58199,0.5819,0.5819,51,8,0
2026-08-21T18:55:00Z,1787338500,0.5819,0.58195,0.58187,0.58191,77,8,0
2026-08-21T19:00:00Z,1787338800,0.5819,0.58196,0.58189,0.58194,79,8,0
2026-08-21T19:05:00Z,1787339100,0.58194,0.582,0.58193,0.58197,68,8,0
2026-08-21T19:10:00Z,1787339400,0.58197,0.58199,0.58194,0.58195,44,8,0
2026-08-21T19:15:00Z,1787339700,0.58195,0.582,0.5819,0.58193,58,8,0
2026-08-21T19:20:00Z,1787340000,0.58193,0.58193,0.58188,0.58191,49,8,0
2026-08-21T19:25:00Z,1787340300,0.58191,0.58195,0.5819,0.58194,68,8,0
2026-08-21T19:30:00Z,1787340600,0.58194,0.582,0.58189,0.582,67,8,0
2026-08-21T19:35:00Z,1787340900,0.582,0.58203,0.58193,0.58194,40,8,0
2026-08-21T19:40:00Z,1787341200,0.58194,0.58194,0.5819,0.58192,39,8,0
2026-08-21T19:45:00Z,1787341500,0.58192,0.58193,0.58184,0.58185,36,8,0
2026-08-21T19:50:00Z,1787341800,0.58185,0.5819,0.58184,0.58184,52,8,0
2026-08-21T19:55:00Z,1787342100,0.58186,0.58188,0.58169,0.58169,81,8,0
2026-08-21T20:00:00Z,1787342400,0.58168,0.58182,0.58166,0.58176,46,8,0
2026-08-21T20:05:00Z,1787342700,0.58176,0.5818,0.58168,0.58177,52,8,0
2026-08-21T20:10:00Z,1787343000,0.58176,0.58181,0.58176,0.58178,30,8,0
2026-08-21T20:15:00Z,1787343300,0.58178,0.58184,0.58176,0.58184,24,8,0
2026-08-21T20:20:00Z,1787343600,0.58184,0.58197,0.58184,0.58197,45,8,0
2026-08-21T20:25:00Z,1787343900,0.58196,0.58204,0.58194,0.58203,42,8,0
2026-08-21T20:30:00Z,1787344200,0.58203,0.58211,0.58203,0.58206,39,8,0
2026-08-21T20:35:00Z,1787344500,0.58206,0.58209,0.582,0.58209,32,8,0
2026-08-21T20:40:00Z,1787344800,0.58209,0.58218,0.58209,0.58215,39,8,0
2026-08-21T20:45:00Z,1787345100,0.58215,0.58226,0.58201,0.58206,94,8,0
2026-08-21T20:50:00Z,1787345400,0.58208,0.58211,0.58198,0.58205,70,8,0
2026-08-21T20:55:00Z,1787345700,0.58206,0.58206,0.58192,0.58198,64,8,0
2026-08-23T21:10:00Z,1787519400,0.58009,0.58019,0.58009,0.58019,6,38,0
2026-08-23T21:15:00Z,1787519700,0.58007,0.58015,0.57978,0.57998,13,43,0
2026-08-23T21:20:00Z,1787520000,0.57993,0.58002,0.57993,0.58002,13,43,0
2026-08-23T21:25:00Z,1787520300,0.58003,0.58005,0.57977,0.58005,17,41,0
2026-08-23T21:30:00Z,1787520600,0.58007,0.58015,0.5797,0.58008,39,53,0
2026-08-23T21:35:00Z,1787520900,0.58011,0.58021,0.57981,0.58008,43,49,0
2026-08-23T21:40:00Z,1787521200,0.58009,0.58021,0.5799,0.58017,45,42,0
2026-08-23T21:45:00Z,1787521500,0.58017,0.58032,0.57993,0.58031,64,41,0
2026-08-23T21:50:00Z,1787521800,0.58032,0.58038,0.5803,0.58036,25,29,0
2026-08-23T21:55:00Z,1787522100,0.58036,0.58046,0.58016,0.58042,43,29,0
2026-08-23T22:00:00Z,1787522400,0.58023,0.58095,0.58023,0.58088,150,29,0
2026-08-23T22:05:00Z,1787522700,0.58088,0.58091,0.58063,0.58071,27,29,0
2026-08-23T22:10:00Z,1787523000,0.5807,0.58074,0.58059,0.58059,38,29,0
2026-08-23T22:15:00Z,1787523300,0.5806,0.58064,0.58058,0.58064,16,19,0
2026-08-23T22:20:00Z,1787523600,0.58064,0.58064,0.58041,0.58053,50,19,0
2026-08-23T22:25:00Z,1787523900,0.58053,0.58058,0.58044,0.58045,37,19,0
2026-08-23T22:30:00Z,1787524200,0.58045,0.58064,0.58045,0.58058,41,19,0
2026-08-23T22:35:00Z,1787524500,0.58058,0.58066,0.58051,0.58064,25,19,0
2026-08-23T22:40:00Z,1787524800,0.58064,0.58071,0.58061,0.58067,27,19,0
2026-08-23T22:45:00Z,1787525100,0.58067,0.58075,0.58065,0.58072,24,19,0
2026-08-23T22:50:00Z,1787525400,0.58072,0.58073,0.58071,0.58073,9,19,0
2026-08-23T22:55:00Z,1787525700,0.58072,0.58081,0.58071,0.58078,22,19,0
2026-08-23T23:00:00Z,1787526000,0.58083,0.58091,0.58083,0.58086,33,8,0
2026-08-23T23:05:00Z,1787526300,0.58086,0.58094,0.58086,0.58091,21,8,0
2026-08-23T23:10:00Z,1787526600,0.58091,0.58092,0.58086,0.58092,19,8,0
2026-08-23T23:15:00Z,1787526900,0.58092,0.58094,0.5809,0.58091,21,8,0
2026-08-23T23:20:00Z,1787527200,0.58091,0.58091,0.58083,0.58087,28,8,0
2026-08-23T23:25:00Z,1787527500,0.58086,0.58087,0.58085,0.58085,17,8,0
2026-08-23T23:30:00Z,1787527800,0.58085,0.58086,0.58067,0.58068,37,8,0
2026-08-23T23:35:00Z,1787528100,0.58069,0.5807,0.58065,0.58069,38,8,0
2026-08-23T23:40:00Z,1787528400,0.58069,0.58075,0.58069,0.5807,22,8,0
2026-08-23T23:45:00Z,1787528700,0.5807,0.5807,0.58064,0.58065,45,8,0
2026-08-23T23:50:00Z,1787529000,0.58065,0.58066,0.58053,0.58055,50,8,0
2026-08-23T23:55:00Z,1787529300,0.58055,0.58057,0.58042,0.58043,59,8,0
2026-08-24T00:00:00Z,1787529600,0.58043,0.58043,0.58016,0.5803,184,8,0
2026-08-24T00:05:00Z,1787529900,0.58031,0.58049,0.58026,0.58049,135,8,0
2026-08-24T00:10:00Z,1787530200,0.58049,0.58049,0.5803,0.58039,101,8,0
2026-08-24T00:15:00Z,1787530500,0.58039,0.5804,0.5803,0.58035,104,8,0
2026-08-24T00:20:00Z,1787530800,0.58034,0.58038,0.58025,0.58033,126,8,0
2026-08-24T00:25:00Z,1787531100,0.58033,0.58042,0.58031,0.58041,89,8,0
2026-08-24T00:30:00Z,1787531400,0.5804,0.58051,0.5804,0.58046,104,8,0
2026-08-24T00:35:00Z,1787531700,0.58048,0.58048,0.5803,0.58035,109,8,0
2026-08-24T00:40:00Z,1787532000,0.58035,0.58035,0.58028,0.58028,58,8,0
2026-08-24T00:45:00Z,1787532300,0.58028,0.58037,0.58026,0.58033,65,8,0
2026-08-24T00:50:00Z,1787532600,0.58032,0.58036,0.5802,0.58024,88,8,0
2026-08-24T00:55:00Z,1787532900,0.58024,0.5803,0.58005,0.58008,106,8,0
2026-08-24T01:00:00Z,1787533200,0.58007,0.58008,0.57994,0.58006,136,8,0
2026-08-24T01:05:00Z,1787533500,0.58007,0.58012,0.58,0.58006,109,8,0
2026-08-24T01:10:00Z,1787533800,0.58006,0.58013,0.58003,0.58008,87,8,0
2026-08-24T01:15:00Z,1787534100,0.58009,0.58019,0.58001,0.58003,117,8,0
2026-08-24T01:20:00Z,1787534400,0.58004,0.58016,0.58002,0.58007,83,8,0
2026-08-24T01:25:00Z,1787534700,0.58006,0.58032,0.58006,0.5803,108,8,0
2026-08-24T01:30:00Z,1787535000,0.58029,0.5803,0.58021,0.58022,69,8,0
2026-08-24T01:35:00Z,1787535300,0.58021,0.58028,0.58017,0.5802,70,8,0
2026-08-24T01:40:00Z,1787535600,0.5802,0.58026,0.58017,0.58019,58,8,0
2026-08-24T01:45:00Z,1787535900,0.58019,0.5802,0.58009,0.58009,56,8,0
2026-08-24T01:50:00Z,1787536200,0.5801,0.58017,0.58006,0.58009,66,8,0
2026-08-24T01:55:00Z,1787536500,0.58009,0.58013,0.58005,0.58009,58,8,0
2026-08-24T02:00:00Z,1787536800,0.5801,0.5801,0.57992,0.57996,78,8,0
2026-08-24T02:05:00Z,1787537100,0.57996,0.58014,0.57996,0.58011,67,8,0
2026-08-24T02:10:00Z,1787537400,0.58011,0.58013,0.57997,0.58001,54,8,0
2026-08-24T02:15:00Z,1787537700,0.58001,0.58008,0.58,0.58005,59,8,0
2026-08-24T02:20:00Z,1787538000,0.58005,0.58011,0.58005,0.58007,41,8,0
2026-08-24T02:25:00Z,1787538300,0.58007,0.58015,0.58003,0.58013,47,8,0
2026-08-24T02:30:00Z,1787538600,0.58014,0.58026,0.58013,0.58022,55,8,0
2026-08-24T02:35:00Z,1787538900,0.58022,0.58025,0.58018,0.58019,47,8,0
2026-08-24T02:40:00Z,1787539200,0.58019,0.58024,0.58018,0.58019,27,8,0
2026-08-24T02:45:00Z,1787539500,0.58019,0.58019,0.58014,0.58017,33,8,0
2026-08-24T02:50:00Z,1787539800,0.58017,0.58019,0.58009,0.58009,47,8,0
2026-08-24T02:55:00Z,1787540100,0.58009,0.58011,0.58006,0.58011,44,8,0
2026-08-24T03:00:00Z,1787540400,0.58011,0.58025,0.5801,0.58015,66,8,0
2026-08-24T03:05:00Z,1787540700,0.58015,0.58025,0.58014,0.58018,39,8,0
2026-08-24T03:10:00Z,1787541000,0.58019,0.58027,0.58019,0.58025,44,8,0
2026-08-24T03:15:00Z,1787541300,0.58025,0.58027,0.58022,0.58024,29,8,0
2026-08-24T03:20:00Z,1787541600,0.58024,0.58032,0.5802,0.58021,47,8,0
2026-08-24T03:25:00Z,1787541900,0.58021,0.58025,0.5802,0.5802,43,8,0
2026-08-24T03:30:00Z,1787542200,0.58021,0.58022,0.58018,0.5802,22,8,0
2026-08-24T03:35:00Z,1787542500,0.5802,0.58028,0.5802,0.58028,26,8,0
2026-08-24T03:40:00Z,1787542800,0.58028,0.58037,0.58027,0.58037,40,8,0
2026-08-24T03:45:00Z,1787543100,0.58037,0.58037,0.58032,0.58033,24,8,0
2026-08-24T03:50:00Z,1787543400,0.58034,0.58036,0.58029,0.58029,42,8,0
2026-08-24T03:55:00Z,1787543700,0.5803,0.58032,0.58025,0.58028,48,8,0
2026-08-24T04:00:00Z,1787544000,0.58028,0.58033,0.58028,0.58031,48,8,0
2026-08-24T04:05:00Z,1787544300,0.58031,0.58035,0.58028,0.5803,61,8,0
2026-08-24T04:10:00Z,1787544600,0.58029,0.58029,0.58011,0.58019,109,8,0
2026-08-24T04:15:00Z,1787544900,0.58019,0.58024,0.58018,0.58019,60,8,0
2026-08-24T04:20:00Z,1787545200,0.58019,0.58021,0.58014,0.58014,64,8,0
2026-08-24T04:25:00Z,1787545500,0.58015,0.58015,0.58001,0.58005,72,8,0
2026-08-24T04:30:00Z,1787545800,0.58005,0.58015,0.58005,0.58013,66,8,0
2026-08-24T04:35:00Z,1787546100,0.58013,0.58018,0.58011,0.58016,50,8,0
2026-08-24T04:40:00Z,1787546400,0.58016,0.58021,0.58014,0.58019,49,8,0
2026-08-24T04:45:00Z,1787546700,0.5802,0.58025,0.58016,0.58017,83,8,0
2026-08-24T04:50:00Z,1787547000,0.58016,0.58018,0.58007,0.58007,86,8,0
2026-08-24T04:55:00Z,1787547300,0.58008,0.58013,0.58001,0.58002,108,8,0
2026-08-24T05:00:00Z,1787547600,0.58002,0.58002,0.57997,0.58002,65,8,0
2026-08-24T05:05:00Z,1787547900,0.58002,0.58013,0.58001,0.58011,55,8,0
2026-08-24T05:10:00Z,1787548200,0.58011,0.58017,0.58008,0.58016,67,8,0
2026-08-24T05:15:00Z,1787548500,0.58016,0.58017,0.5801,0.58016,51,8,0
2026-08-24T05:20:00Z,1787548800,0.58016,0.58022,0.58015,0.58016,47,8,0
2026-08-24T05:25:00Z,1787549100,0.58016,0.5802,0.58013,0.58018,43,8,0
2026-08-24T05:30:00Z,1787549400,0.58018,0.58027,0.58014,0.58023,69,8,0
2026-08-24T05:35:00Z,1787549700,0.58022,0.5803,0.58017,0.58029,62,8,0
2026-08-24T05:40:00Z,1787550000,0.58029,0.5804,0.58029,0.58039,50,8,0
2026-08-24T05:45:00Z,1787550300,0.58039,0.5804,0.58028,0.58028,72,8,0
2026-08-24T05:50:00Z,1787550600,0.58028,0.5803,0.58025,0.58028,47,8,0
2026-08-24T05:55:00Z,1787550900,0.58027,0.5803,0.58009,0.58009,71,8,0
2026-08-24T06:00:00Z,1787551200,0.58009,0.58011,0.57964,0.57964,129,8,0
2026-08-24T06:05:00Z,1787551500,0.57965,0.57973,0.57958,0.57962,105,8,0
2026-08-24T06:10:00Z,1787551800,0.57962,0.57965,0.57942,0.57945,113,8,0
2026-08-24T06:15:00Z,1787552100,0.57946,0.57951,0.57942,0.57949,115,8,0
2026-08-24T06:20:00Z,1787552400,0.57948,0.57956,0.57947,0.5795,111,8,0
2026-08-24T06:25:00Z,1787552700,0.57949,0.57959,0.57946,0.57957,88,8,0
2026-08-24T06:30:00Z,1787553000,0.57958,0.57967,0.5795,0.57962,131,8,0
2026-08-24T06:35:00Z,1787553300,0.57962,0.57962,0.5795,0.57958,77,8,0
2026-08-24T06:40:00Z,1787553600,0.57957,0.57977,0.57954,0.57976,104,8,0
2026-08-24T06:45:00Z,1787553900,0.57976,0.57989,0.57974,0.57982,138,8,0
2026-08-24T06:50:00Z,1787554200,0.57981,0.57983,0.57966,0.5797,117,8,0
2026-08-24T06:55:00Z,1787554500,0.5797,0.57973,0.57962,0.57963,105,8,0
2026-08-24T07:00:00Z,1787554800,0.57963,0.57968,0.57945,0.57946,196,8,0
2026-08-24T07:05:00Z,1787555100,0.57947,0.57955,0.5794,0.5794,138,8,0
2026-08-24T07:10:00Z,1787555400,0.5794,0.57955,0.57933,0.57954,153,8,0
2026-08-24T07:15:00Z,1787555700,0.57954,0.5796,0.57945,0.57949,138,8,0
2026-08-24T07:20:00Z,1787556000,0.57949,0.57964,0.57943,0.57948,130,8,0
2026-08-24T07:25:00Z,1787556300,0.57948,0.5796,0.57946,0.57948,123,8,0
2026-08-24T07:30:00Z,1787556600,0.57947,0.57954,0.57937,0.57943,134,8,0
2026-08-24T07:35:00Z,1787556900,0.57943,0.57974,0.57942,0.57969,107,8,0
2026-08-24T07:40:00Z,1787557200,0.57969,0.57993,0.57968,0.57983,180,8,0
2026-08-24T07:45:00Z,1787557500,0.57982,0.57985,0.57969,0.57978,151,8,0
2026-08-24T07:50:00Z,1787557800,0.57976,0.57978,0.57929,0.57941,179,8,0
2026-08-24T07:55:00Z,1787558100,0.5794,0.57955,0.57928,0.57955,129,8,0
2026-08-24T08:00:00Z,1787558400,0.57954,0.57962,0.57943,0.57951,175,8,0
2026-08-24T08:05:00Z,1787558700,0.5795,0.57967,0.57938,0.57964,178,8,0
2026-08-24T08:10:00Z,1787559000,0.57966,0.57985,0.57963,0.57984,138,8,0
2026-08-24T08:15:00Z,1787559300,0.57983,0.57988,0.57963,0.57963,140,8,0
2026-08-24T08:20:00Z,1787559600,0.57963,0.57984,0.57962,0.57978,98,8,0
2026-08-24T08:25:00Z,1787559900,0.57978,0.58,0.57978,0.57999,119,8,0
2026-08-24T08:30:00Z,1787560200,0.57999,0.58,0.57979,0.5799,104,8,0
2026-08-24T08:35:00Z,1787560500,0.57991,0.57993,0.57984,0.57985,97,8,0
2026-08-24T08:40:00Z,1787560800,0.57985,0.5799,0.57964,0.57969,122,8,0
2026-08-24T08:45:00Z,1787561100,0.57969,0.57978,0.57953,0.57956,86,8,0
2026-08-24T08:50:00Z,1787561400,0.57956,0.57963,0.57951,0.57955,103,8,0
2026-08-24T08:55:00Z,1787561700,0.57955,0.57963,0.57949,0.57951,92,8,0
2026-08-24T09:00:00Z,1787562000,0.5795,0.57965,0.57945,0.57958,125,8,0
2026-08-24T09:05:00Z,1787562300,0.57958,0.57963,0.5795,0.57955,90,8,0
2026-08-24T09:10:00Z,1787562600,0.57956,0.5797,0.57956,0.57967,89,8,0
2026-08-24T09:15:00Z,1787562900,0.57967,0.57998,0.57965,0.57995,84,8,0
2026-08-24T09:20:00Z,1787563200,0.57995,0.58004,0.57989,0.58004,87,8,0
2026-08-24T09:25:00Z,1787563500,0.58005,0.58007,0.57994,0.57994,78,8,0
2026-08-24T09:30:00Z,1787563800,0.57994,0.58005,0.57991,0.58005,78,8,0
2026-08-24T09:35:00Z,1787564100,0.58005,0.58007,0.57999,0.58001,80,8,0
2026-08-24T09:40:00Z,1787564400,0.58001,0.58013,0.58001,0.58011,52,8,0
2026-08-24T09:45:00Z,1787564700,0.5801,0.58013,0.57997,0.58002,76,8,0
2026-08-24T09:50:00Z,1787565000,0.58002,0.58005,0.57996,0.57996,61,8,0
2026-08-24T09:55:00Z,1787565300,0.57996,0.58011,0.57995,0.58002,94,8,0
2026-08-24T10:00:00Z,1787565600,0.58001,0.58001,0.57987,0.57987,84,8,0
2026-08-24T10:05:00Z,1787565900,0.57987,0.58001,0.57987,0.57996,71,8,0
2026-08-24T10:10:00Z,1787566200,0.57996,0.58007,0.57994,0.58006,74,8,0
2026-08-24T10:15:00Z,1787566500,0.58006,0.58008,0.58,0.58002,67,8,0
2026-08-24T10:20:00Z,1787566800,0.58002,0.58012,0.58002,0.5801,43,8,0
2026-08-24T10:25:00Z,1787567100,0.58011,0.58016,0.58003,0.58009,77,8,0
2026-08-24T10:30:00Z,1787567400,0.58008,0.5801,0.57993,0.57993,89,8,0
2026-08-24T10:35:00Z,1787567700,0.57992,0.58008,0.5799,0.58003,83,8,0
2026-08-24T10:40:00Z,1787568000,0.58003,0.58006,0.5799,0.57999,127,8,0
2026-08-24T10:45:00Z,1787568300,0.57998,0.58001,0.5799,0.57997,80,8,0
2026-08-24T10:50:00Z,1787568600,0.57997,0.58,0.57986,0.57993,98,8,0
2026-08-24T10:55:00Z,1787568900,0.57992,0.57998,0.57976,0.57998,96,8,0
2026-08-24T11:00:00Z,1787569200,0.57998,0.58001,0.5798,0.57986,105,8,0
2026-08-24T11:05:00Z,1787569500,0.57986,0.57986,0.57968,0.57974,103,8,0
2026-08-24T11:10:00Z,1787569800,0.57973,0.5798,0.57965,0.57971,80,8,0
2026-08-24T11:15:00Z,1787570100,0.57971,0.57976,0.57968,0.57975,73,8,0
2026-08-24T11:20:00Z,1787570400,0.57975,0.57975,0.57963,0.57975,91,8,0
2026-08-24T11:25:00Z,1787570700,0.57975,0.57981,0.57966,0.57966,94,8,0
2026-08-24T11:30:00Z,1787571000,0.57967,0.57974,0.57956,0.57956,141,8,0
2026-08-24T11:35:00Z,1787571300,0.57956,0.57957,0.57886,0.57915,448,8,0
2026-08-24T11:40:00Z,1787571600,0.57914,0.57932,0.57913,0.57925,162,8,0
2026-08-24T11:45:00Z,1787571900,0.57925,0.57941,0.5792,0.57937,166,8,0
2026-08-24T11:50:00Z,1787572200,0.57937,0.57949,0.57931,0.57931,130,8,0
2026-08-24T11:55:00Z,1787572500,0.57932,0.57939,0.57924,0.5793,135,8,0
2026-08-24T12:00:00Z,1787572800,0.57928,0.57958,0.57926,0.5795,138,8,0
2026-08-24T12:05:00Z,1787573100,0.5795,0.57962,0.57945,0.57952,149,8,0
2026-08-24T12:10:00Z,1787573400,0.57952,0.57958,0.57928,0.57937,127,8,0
2026-08-24T12:15:00Z,1787573700,0.57937,0.57947,0.57923,0.57943,130,8,0
2026-08-24T12:20:00Z,1787574000,0.57943,0.57953,0.57918,0.57922,187,8,0
2026-08-24T12:25:00Z,1787574300,0.57922,0.5793,0.57917,0.5792,111,8,0
2026-08-24T12:30:00Z,1787574600,0.5792,0.57966,0.57916,0.5795,201,8,0
2026-08-24T12:35:00Z,1787574900,0.57951,0.57969,0.57945,0.57967,168,8,0
2026-08-24T12:40:00Z,1787575200,0.57967,0.58001,0.5796,0.57994,216,8,0
2026-08-24T12:45:00Z,1787575500,0.57995,0.58003,0.57992,0.57994,137,8,0
2026-08-24T12:50:00Z,1787575800,0.57994,0.57997,0.57982,0.57993,119,8,0
2026-08-24T12:55:00Z,1787576100,0.57992,0.5801,0.5799,0.58009,119,8,0
2026-08-24T13:00:00Z,1787576400,0.58009,0.58012,0.58003,0.5801,105,8,0
2026-08-24T13:05:00Z,1787576700,0.58011,0.58027,0.58002,0.58002,130,8,0
2026-08-24T13:10:00Z,1787577000,0.58002,0.58009,0.57997,0.58005,100,8,0
2026-08-24T13:15:00Z,1787577300,0.58004,0.58011,0.58,0.58008,137,8,0
2026-08-24T13:20:00Z,1787577600,0.58008,0.58017,0.58004,0.58005,136,8,0
2026-08-24T13:25:00Z,1787577900,0.58007,0.58014,0.58003,0.58012,91,8,0
2026-08-24T13:30:00Z,1787578200,0.58012,0.58025,0.57999,0.58005,183,8,0
2026-08-24T13:35:00Z,1787578500,0.58006,0.58013,0.57975,0.58001,290,8,0
2026-08-24T13:40:00Z,1787578800,0.58001,0.58004,0.57979,0.57986,224,8,0
2026-08-24T13:45:00Z,1787579100,0.57987,0.58005,0.57986,0.57989,194,8,0
2026-08-24T13:50:00Z,1787579400,0.5799,0.58001,0.57986,0.57994,169,8,0
2026-08-24T13:55:00Z,1787579700,0.57993,0.58011,0.57989,0.58006,177,8,0
2026-08-24T14:00:00Z,1787580000,0.58007,0.58013,0.57988,0.58008,189,8,0
2026-08-24T14:05:00Z,1787580300,0.58009,0.58012,0.57999,0.5801,170,8,0
2026-08-24T14:10:00Z,1787580600,0.58009,0.58024,0.57999,0.58013,171,8,0
2026-08-24T14:15:00Z,1787580900,0.58013,0.58022,0.57998,0.58004,167,8,0
2026-08-24T14:20:00Z,1787581200,0.58003,0.58011,0.57994,0.57997,127,8,0
2026-08-24T14:25:00Z,1787581500,0.57996,0.58009,0.57988,0.57991,151,8,0
2026-08-24T14:30:00Z,1787581800,0.57991,0.58011,0.57988,0.58006,169,8,0
2026-08-24T14:35:00Z,1787582100,0.58006,0.58021,0.58,0.58001,152,8,0
2026-08-24T14:40:00Z,1787582400,0.58,0.58011,0.57996,0.58005,151,8,0
2026-08-24T14:45:00Z,1787582700,0.58005,0.58005,0.57992,0.58,129,8,0
2026-08-24T14:50:00Z,1787583000,0.58,0.58018,0.57976,0.5798,188,8,0
2026-08-24T14:55:00Z,1787583300,0.5798,0.57998,0.57967,0.57992,205,8,0
2026-08-24T15:00:00Z,1787583600,0.57991,0.58,0.57978,0.57984,157,8,0
2026-08-24T15:05:00Z,1787583900,0.57984,0.57994,0.57981,0.57983,136,8,0
2026-08-24T15:10:00Z,1787584200,0.57984,0.57984,0.57975,0.5798,103,8,0
2026-08-24T15:15:00Z,1787584500,0.57981,0.57984,0.57973,0.57974,155,8,0
2026-08-24T15:20:00Z,1787584800,0.57975,0.57998,0.57975,0.57987,121,8,0
2026-08-24T15:25:00Z,1787585100,0.57986,0.57993,0.57959,0.5796,230,8,0
2026-08-24T15:30:00Z,1787585400,0.57961,0.5799,0.5796,0.57972,187,8,0
2026-08-24T15:35:00Z,1787585700,0.57972,0.57989,0.57971,0.57988,105,8,0
2026-08-24T15:40:00Z,1787586000,0.57988,0.57998,0.5798,0.57981,119,8,0
2026-08-24T15:45:00Z,1787586300,0.57979,0.57981,0.57954,0.57954,125,8,0
2026-08-24T15:50:00Z,1787586600,0.57954,0.57972,0.5795,0.57963,106,8,0
2026-08-24T15:55:00Z,1787586900,0.57963,0.57975,0.57958,0.57973,117,8,0
2026-08-24T16:00:00Z,1787587200,0.57972,0.57978,0.57939,0.57951,304,8,0
2026-08-24T16:05:00Z,1787587500,0.57951,0.57967,0.57944,0.57966,138,8,0
2026-08-24T16:10:00Z,1787587800,0.57967,0.57967,0.57955,0.57957,115,8,0
2026-08-24T16:15:00Z,1787588100,0.57956,0.57958,0.57947,0.57948,104,8,0
2026-08-24T16:20:00Z,1787588400,0.57948,0.57951,0.5794,0.57951,71,8,0
2026-08-24T16:25:00Z,1787588700,0.57952,0.57952,0.57944,0.57945,92,8,0
2026-08-24T16:30:00Z,1787589000,0.57945,0.57951,0.57941,0.57948,77,8,0
2026-08-24T16:35:00Z,1787589300,0.57948,0.57948,0.57934,0.57945,77,8,0
2026-08-24T16:40:00Z,1787589600,0.57945,0.57962,0.57945,0.57956,75,8,0
2026-08-24T16:45:00Z,1787589900,0.57956,0.57962,0.57952,0.57953,80,8,0
2026-08-24T16:50:00Z,1787590200,0.57952,0.57955,0.57939,0.57946,83,8,0
2026-08-24T16:55:00Z,1787590500,0.57946,0.57952,0.57935,0.57936,81,8,0
2026-08-24T17:00:00Z,1787590800,0.57937,0.57937,0.57927,0.57937,98,8,0
2026-08-24T17:05:00Z,1787591100,0.57937,0.57941,0.57918,0.57926,162,8,0
2026-08-24T17:10:00Z,1787591400,0.57927,0.57934,0.57916,0.57917,145,8,0
2026-08-24T17:15:00Z,1787591700,0.57917,0.5793,0.57913,0.57918,143,8,0
2026-08-24T17:20:00Z,1787592000,0.57918,0.57926,0.57914,0.57921,199,8,0
2026-08-24T17:25:00Z,1787592300,0.57921,0.57928,0.57918,0.5792,93,8,0
2026-08-24T17:30:00Z,1787592600,0.57921,0.57932,0.57919,0.57931,77,8,0
2026-08-24T17:35:00Z,1787592900,0.57931,0.57935,0.57927,0.57935,64,8,0
2026-08-24T17:40:00Z,1787593200,0.57935,0.57937,0.57931,0.57932,74,8,0
2026-08-24T17:45:00Z,1787593500,0.57931,0.57942,0.5793,0.57938,66,8,0
2026-08-24T17:50:00Z,1787593800,0.57938,0.57938,0.57924,0.57926,87,8,0
2026-08-24T17:55:00Z,1787594100,0.57926,0.57928,0.57919,0.57923,60,8,0
2026-08-24T18:00:00Z,1787594400,0.57923,0.5793,0.57921,0.57926,83,8,0
2026-08-24T18:05:00Z,1787594700,0.57926,0.57935,0.57923,0.57931,78,8,0
2026-08-24T18:10:00Z,1787595000,0.57931,0.57932,0.5792,0.57921,67,8,0
2026-08-24T18:15:00Z,1787595300,0.57921,0.57931,0.5792,0.57929,87,8,0
2026-08-24T18:20:00Z,1787595600,0.57929,0.57933,0.57928,0.5793,82,8,0
2026-08-24T18:25:00Z,1787595900,0.5793,0.5793,0.57919,0.57925,86,8,0
2026-08-24T18:30:00Z,1787596200,0.57924,0.57929,0.57921,0.57924,80,8,0
2026-08-24T18:35:00Z,1787596500,0.57924,0.57932,0.5792,0.5793,70,8,0
2026-08-24T18:40:00Z,1787596800,0.57929,0.57936,0.57919,0.57935,79,8,0
2026-08-24T18:45:00Z,1787597100,0.57935,0.5794,0.57933,0.57936,69,8,0
2026-08-24T18:50:00Z,1787597400,0.57936,0.57945,0.57935,0.57943,77,8,0
2026-08-24T18:55:00Z,1787597700,0.57943,0.57948,0.57938,0.57943,97,8,0
2026-08-24T19:00:00Z,1787598000,0.57944,0.57951,0.57942,0.5795,71,8,0
2026-08-24T19:05:00Z,1787598300,0.57949,0.57957,0.57949,0.57955,65,8,0
2026-08-24T19:10:00Z,1787598600,0.57955,0.57958,0.57951,0.57958,62,8,0
2026-08-24T19:15:00Z,1787598900,0.57958,0.5797,0.57958,0.5797,57,8,0
2026-08-24T19:20:00Z,1787599200,0.5797,0.57975,0.57967,0.5797,74,8,0
2026-08-24T19:25:00Z,1787599500,0.5797,0.57974,0.57969,0.57973,51,8,0
2026-08-24T19:30:00Z,1787599800,0.57973,0.57973,0.57968,0.57969,67,8,0
2026-08-24T19:35:00Z,1787600100,0.57969,0.57973,0.57967,0.57971,45,8,0
2026-08-24T19:40:00Z,1787600400,0.57971,0.57974,0.57968,0.57974,73,8,0
2026-08-24T19:45:00Z,1787600700,0.57973,0.57974,0.57966,0.57969,58,8,0
2026-08-24T19:50:00Z,1787601000,0.57969,0.57973,0.57966,0.5797,86,8,0
2026-08-24T19:55:00Z,1787601300,0.5797,0.57976,0.57966,0.57972,83,8,0
2026-08-24T20:00:00Z,1787601600,0.57973,0.57976,0.57962,0.57964,65,8,0
2026-08-24T20:05:00Z,1787601900,0.57964,0.57964,0.5795,0.57958,69,8,0
2026-08-24T20:10:00Z,1787602200,0.57958,0.57965,0.57957,0.57962,44,8,0
2026-08-24T20:15:00Z,1787602500,0.57963,0.57968,0.57962,0.57965,20,8,0
2026-08-24T20:20:00Z,1787602800,0.57965,0.57967,0.57962,0.57963,32,8,0
2026-08-24T20:25:00Z,1787603100,0.57963,0.57966,0.5796,0.57965,35,8,0
2026-08-24T20:30:00Z,1787603400,0.57963,0.57964,0.57954,0.57954,35,8,0
2026-08-24T20:35:00Z,1787603700,0.57954,0.5796,0.57952,0.5796,42,8,0
2026-08-24T20:40:00Z,1787604000,0.57961,0.57964,0.57959,0.57961,29,8,0
2026-08-24T20:45:00Z,1787604300,0.57961,0.57961,0.57951,0.57952,45,8,0
2026-08-24T20:50:00Z,1787604600,0.57951,0.57966,0.57951,0.57962,45,8,0
2026-08-24T20:55:00Z,1787604900,0.57962,0.57969,0.57958,0.57963,42,8,0
2026-08-24T21:05:00Z,1787605500,0.57964,0.57965,0.57959,0.57959,10,10,0
2026-08-24T21:10:00Z,1787605800,0.57957,0.57957,0.57949,0.57954,19,18,0
2026-08-24T21:15:00Z,1787606100,0.57955,0.57961,0.57953,0.57958,26,11,0
2026-08-24T21:20:00Z,1787606400,0.57959,0.57959,0.57952,0.57953,18,14,0
2026-08-24T21:25:00Z,1787606700,0.57952,0.57956,0.57951,0.57955,24,22,0
2026-08-24T21:30:00Z,1787607000,0.57956,0.57959,0.57954,0.57958,36,13,0
2026-08-24T21:35:00Z,1787607300,0.57956,0.57961,0.57953,0.57959,54,10,0
2026-08-24T21:40:00Z,1787607600,0.57961,0.57961,0.57954,0.57959,43,10,0
2026-08-24T21:45:00Z,1787607900,0.57958,0.5796,0.57949,0.57949,84,11,0
2026-08-24T21:50:00Z,1787608200,0.57951,0.57958,0.57951,0.57958,71,15,0
2026-08-24T21:55:00Z,1787608500,0.57958,0.57958,0.57955,0.57958,25,13,0
2026-08-24T22:00:00Z,1787608800,0.57958,0.57958,0.57922,0.57934,100,13,0
2026-08-24T22:05:00Z,1787609100,0.57934,0.57938,0.57931,0.57938,22,20,0
2026-08-24T22:10:00Z,1787609400,0.57938,0.57944,0.57938,0.57943,19,20,0
2026-08-24T22:15:00Z,1787609700,0.57943,0.57958,0.57943,0.57958,23,20,0
2026-08-24T22:20:00Z,1787610000,0.57958,0.57963,0.57958,0.57961,20,13,0
2026-08-24T22:25:00Z,1787610300,0.57961,0.57965,0.5796,0.57965,16,13,0
2026-08-24T22:30:00Z,1787610600,0.57964,0.57966,0.5796,0.57963,18,13,0
2026-08-24T22:35:00Z,1787610900,0.57963,0.57963,0.57961,0.57962,11,13,0
2026-08-24T22:40:00Z,1787611200,0.57962,0.57962,0.57956,0.57957,15,13,0
2026-08-24T22:45:00Z,1787611500,0.57957,0.57957,0.57954,0.57955,14,13,0
2026-08-24T22:50:00Z,1787611800,0.57956,0.57956,0.57955,0.57955,12,13,0
2026-08-24T22:55:00Z,1787612100,0.57955,0.57956,0.57954,0.57955,11,13,0
2026-08-24T23:00:00Z,1787612400,0.57958,0.57963,0.57957,0.57957,29,8,0
2026-08-24T23:05:00Z,1787612700,0.57957,0.57959,0.57956,0.57956,22,8,0
2026-08-24T23:10:00Z,1787613000,0.57956,0.57957,0.57955,0.57956,12,8,0
2026-08-24T23:15:00Z,1787613300,0.57957,0.57957,0.57954,0.57955,12,8,0
2026-08-24T23:20:00Z,1787613600,0.57956,0.57957,0.57949,0.5795,17,8,0
2026-08-24T23:25:00Z,1787613900,0.5795,0.57953,0.5795,0.57953,10,8,0
2026-08-24T23:30:00Z,1787614200,0.57953,0.57959,0.57951,0.57955,29,8,0
2026-08-24T23:35:00Z,1787614500,0.57955,0.57955,0.57952,0.57954,22,8,0
2026-08-24T23:40:00Z,1787614800,0.57954,0.57964,0.57953,0.57962,30,8,0
2026-08-24T23:45:00Z,1787615100,0.57962,0.57963,0.57958,0.57959,22,8,0
2026-08-24T23:50:00Z,1787615400,0.57959,0.57959,0.57954,0.57955,24,8,0
2026-08-24T23:55:00Z,1787615700,0.57955,0.57963,0.57955,0.57962,26,8,0
2026-08-25T00:00:00Z,1787616000,0.57962,0.57962,0.57945,0.57956,85,8,0
2026-08-25T00:05:00Z,1787616300,0.57956,0.57956,0.57945,0.57948,79,8,0
2026-08-25T00:10:00Z,1787616600,0.57948,0.57949,0.57943,0.57947,58,8,0
2026-08-25T00:15:00Z,1787616900,0.57948,0.57954,0.57947,0.57953,57,8,0
2026-08-25T00:20:00Z,1787617200,0.57953,0.57957,0.57949,0.57949,60,8,0
2026-08-25T00:25:00Z,1787617500,0.57949,0.57953,0.57949,0.57952,38,8,0
2026-08-25T00:30:00Z,1787617800,0.57952,0.57955,0.57945,0.57945,59,8,0
2026-08-25T00:35:00Z,1787618100,0.57945,0.5795,0.57941,0.57948,72,8,0
2026-08-25T00:40:00Z,1787618400,0.57947,0.57948,0.57938,0.5794,60,8,0
2026-08-25T00:45:00Z,1787618700,0.5794,0.57949,0.57936,0.57942,86,8,0
2026-08-25T00:50:00Z,1787619000,0.57943,0.5795,0.57941,0.57948,96,8,0
2026-08-25T00:55:00Z,1787619300,0.57946,0.57948,0.57931,0.57935,87,8,0
2026-08-25T01:00:00Z,1787619600,0.57933,0.57952,0.57933,0.57949,95,8,0
2026-08-25T01:05:00Z,1787619900,0.57948,0.57956,0.57943,0.57954,70,8,0
2026-08-25T01:10:00Z,1787620200,0.57954,0.57959,0.57948,0.57948,67,8,0
2026-08-25T01:15:00Z,1787620500,0.57949,0.57956,0.57948,0.57951,79,8,0
2026-08-25T01:20:00Z,1787620800,0.5795,0.57961,0.5795,0.5796,41,8,0
2026-08-25T01:25:00Z,1787621100,0.5796,0.57961,0.57944,0.57946,63,8,0
2026-08-25T01:30:00Z,1787621400,0.57946,0.57952,0.57943,0.57951,60,8,0
2026-08-25T01:35:00Z,1787621700,0.57952,0.57959,0.57951,0.57958,58,8,0
2026-08-25T01:40:00Z,1787622000,0.57958,0.57961,0.5795,0.57958,53,8,0
2026-08-25T01:45:00Z,1787622300,0.57959,0.57974,0.57959,0.57973,58,8,0
2026-08-25T01:50:00Z,1787622600,0.57973,0.57984,0.57973,0.57973,76,8,0
2026-08-25T01:55:00Z,1787622900,0.57972,0.5798,0.57969,0.57972,80,8,0
2026-08-25T02:00:00Z,1787623200,0.57971,0.57985,0.5797,0.57983,76,8,0
2026-08-25T02:05:00Z,1787623500,0.57983,0.57988,0.57981,0.57984,65,8,0
2026-08-25T02:10:00Z,1787623800,0.57983,0.57987,0.5798,0.57984,42,8,0
2026-08-25T02:15:00Z,1787624100,0.57984,0.57984,0.57976,0.57979,49,8,0
2026-08-25T02:20:00Z,1787624400,0.57979,0.57984,0.57979,0.57981,42,8,0
2026-08-25T02:25:00Z,1787624700,0.57981,0.57986,0.57976,0.57976,43,8,0
2026-08-25T02:30:00Z,1787625000,0.57976,0.57997,0.57976,0.57989,91,8,0
2026-08-25T02:35:00Z,1787625300,0.5799,0.57991,0.57985,0.57988,58,8,0
2026-08-25T02:40:00Z,1787625600,0.57987,0.57998,0.57986,0.57996,39,8,0
2026-08-25T02:45:00Z,1787625900,0.57996,0.58002,0.57994,0.58,49,8,0
2026-08-25T02:50:00Z,1787626200,0.58,0.58005,0.57997,0.58001,58,8,0
2026-08-25T02:55:00Z,1787626500,0.58001,0.58008,0.58,0.58004,55,8,0
2026-08-25T03:00:00Z,1787626800,0.58002,0.58005,0.58,0.58004,62,8,0
2026-08-25T03:05:00Z,1787627100,0.58004,0.58004,0.57995,0.58,59,8,0
2026-08-25T03:10:00Z,1787627400,0.58,0.58003,0.57999,0.58001,39,8,0
2026-08-25T03:15:00Z,1787627700,0.58001,0.58004,0.57997,0.58,49,8,0
2026-08-25T03:20:00Z,1787628000,0.58,0.58004,0.58,0.58002,32,8,0
2026-08-25T03:25:00Z,1787628300,0.58002,0.58005,0.57998,0.58003,47,8,0
2026-08-25T03:30:00Z,1787628600,0.58003,0.58005,0.58001,0.58005,40,8,0
2026-08-25T03:35:00Z,1787628900,0.58005,0.58005,0.57999,0.57999,36,8,0
2026-08-25T03:40:00Z,1787629200,0.57999,0.58001,0.57998,0.58001,26,8,0
2026-08-25T03:45:00Z,1787629500,0.58001,0.58004,0.57999,0.57999,33,8,0
2026-08-25T03:50:00Z,1787629800,0.58,0.58004,0.57998,0.58,26,8,0
2026-08-25T03:55:00Z,1787630100,0.58,0.58001,0.57998,0.58,42,8,0
2026-08-25T04:00:00Z,1787630400,0.58,0.58,0.57996,0.57997,34,8,0
2026-08-25T04:05:00Z,1787630700,0.57997,0.58005,0.57996,0.58005,42,8,0
2026-08-25T04:10:00Z,1787631000,0.58005,0.58006,0.58001,0.58005,115,8,0
2026-08-25T04:15:00Z,1787631300,0.58005,0.58006,0.57999,0.58003,50,8,0
2026-08-25T04:20:00Z,1787631600,0.58002,0.58007,0.57995,0.57995,72,8,0
2026-08-25T04:25:00Z,1787631900,0.57995,0.57999,0.57991,0.57994,45,8,0
2026-08-25T04:30:00Z,1787632200,0.57994,0.57995,0.5799,0.57991,38,8,0
2026-08-25T04:35:00Z,1787632500,0.57992,0.57993,0.57987,0.57988,36,8,0
2026-08-25T04:40:00Z,1787632800,0.57988,0.57992,0.57988,0.57991,33,8,0
2026-08-25T04:45:00Z,1787633100,0.57991,0.57991,0.57985,0.57986,28,8,0
2026-08-25T04:50:00Z,1787633400,0.57987,0.58,0.57987,0.57999,35,8,0
2026-08-25T04:55:00Z,1787633700,0.57999,0.58001,0.57995,0.57997,28,8,0
2026-08-25T05:00:00Z,1787634000,0.57997,0.57999,0.57996,0.57997,45,8,0
2026-08-25T05:05:00Z,1787634300,0.57997,0.57998,0.57991,0.57992,29,8,0
2026-08-25T05:10:00Z,1787634600,0.57992,0.57997,0.57991,0.57991,34,8,0
2026-08-25T05:15:00Z,1787634900,0.57992,0.57993,0.57988,0.5799,39,8,0
2026-08-25T05:20:00Z,1787635200,0.57989,0.57992,0.57986,0.57991,30,8,0
2026-08-25T05:25:00Z,1787635500,0.57991,0.57996,0.57991,0.57992,36,8,0
2026-08-25T05:30:00Z,1787635800,0.57994,0.57999,0.57992,0.57999,42,8,0
2026-08-25T05:35:00Z,1787636100,0.58,0.58007,0.57999,0.58004,24,8,0
2026-08-25T05:40:00Z,1787636400,0.58004,0.58005,0.58002,0.58002,38,8,0
2026-08-25T05:45:00Z,1787636700,0.58002,0.58007,0.58002,0.58002,21,8,0
2026-08-25T05:50:00Z,1787637000,0.58002,0.58003,0.57997,0.57999,47,8,0
2026-08-25T05:55:00Z,1787637300,0.57999,0.58005,0.57994,0.58004,71,8,0
2026-08-25T06:00:00Z,1787637600,0.58006,0.58013,0.57986,0.57986,113,8,0
2026-08-25T06:05:00Z,1787637900,0.57986,0.57987,0.57975,0.57979,86,8,0
2026-08-25T06:10:00Z,1787638200,0.57979,0.57985,0.57967,0.57978,83,8,0
2026-08-25T06:15:00Z,1787638500,0.57978,0.57985,0.57978,0.57983,53,8,0
2026-08-25T06:20:00Z,1787638800,0.57983,0.57985,0.57972,0.57975,59,8,0
2026-08-25T06:25:00Z,1787639100,0.57976,0.5798,0.57972,0.57974,89,8,0
2026-08-25T06:30:00Z,1787639400,0.57973,0.57979,0.57967,0.57967,80,8,0
2026-08-25T06:35:00Z,1787639700,0.57967,0.57985,0.57967,0.57985,72,8,0
2026-08-25T06:40:00Z,1787640000,0.57985,0.57988,0.57971,0.57987,98,8,0
2026-08-25T06:45:00Z,1787640300,0.57987,0.57989,0.5798,0.57987,59,8,0
2026-08-25T06:50:00Z,1787640600,0.57986,0.5799,0.57981,0.57983,80,8,0
2026-08-25T06:55:00Z,1787640900,0.57984,0.57998,0.57982,0.57996,111,8,0
2026-08-25T07:00:00Z,1787641200,0.57995,0.57999,0.57979,0.57984,126,8,0
2026-08-25T07:05:00Z,1787641500,0.57985,0.57989,0.57968,0.57978,132,8,0
2026-08-25T07:10:00Z,1787641800,0.57978,0.57985,0.57978,0.57982,78,8,0
2026-08-25T07:15:00Z,1787642100,0.57982,0.57982,0.57965,0.57967,85,8,0
2026-08-25T07:20:00Z,1787642400,0.57968,0.57982,0.57966,0.57979,87,8,0
2026-08-25T07:25:00Z,1787642700,0.57979,0.57994,0.57979,0.57993,66,8,0
2026-08-25T07:30:00Z,1787643000,0.57992,0.57992,0.57968,0.57969,100,8,0
2026-08-25T07:35:00Z,1787643300,0.57969,0.57985,0.57959,0.57982,95,8,0
2026-08-25T07:40:00Z,1787643600,0.57982,0.57989,0.5798,0.57985,60,8,0
2026-08-25T07:45:00Z,1787643900,0.57985,0.57993,0.5798,0.57992,78,8,0
2026-08-25T07:50:00Z,1787644200,0.57991,0.57996,0.57983,0.57996,87,8,0
2026-08-25T07:55:00Z,1787644500,0.57997,0.58015,0.57995,0.58011,76,8,0
2026-08-25T08:00:00Z,1787644800,0.5801,0.5801,0.57991,0.57995,143,8,0
2026-08-25T08:05:00Z,1787645100,0.57994,0.58,0.57991,0.57992,66,8,0
2026-08-25T08:10:00Z,1787645400,0.57992,0.58001,0.57987,0.57995,122,8,0
2026-08-25T08:15:00Z,1787645700,0.57994,0.57998,0.57984,0.57988,92,8,0
2026-08-25T08:20:00Z,1787646000,0.57988,0.57991,0.57955,0.57957,170,8,0
2026-08-25T08:25:00Z,1787646300,0.57957,0.57982,0.57957,0.57981,138,8,0
2026-08-25T08:30:00Z,1787646600,0.57982,0.57983,0.57968,0.57968,100,8,0
2026-08-25T08:35:00Z,1787646900,0.57968,0.57975,0.57959,0.57967,100,8,0
2026-08-25T08:40:00Z,1787647200,0.57967,0.57969,0.57943,0.57943,102,8,0
2026-08-25T08:45:00Z,1787647500,0.57943,0.57949,0.57931,0.57935,133,8,0
2026-08-25T08:50:00Z,1787647800,0.57935,0.57942,0.57927,0.5794,132,8,0
2026-08-25T08:55:00Z,1787648100,0.5794,0.57941,0.57909,0.57911,109,8,0
2026-08-25T09:00:00Z,1787648400,0.57911,0.57923,0.57911,0.57912,139,8,0
2026-08-25T09:05:00Z,1787648700,0.57912,0.57915,0.5789,0.57893,102,8,0
2026-08-25T09:10:00Z,1787649000,0.57893,0.57906,0.57893,0.579,104,8,0
2026-08-25T09:15:00Z,1787649300,0.579,0.57925,0.57898,0.57925,105,8,0
2026-08-25T09:20:00Z,1787649600,0.57925,0.57926,0.57913,0.57918,107,8,0
2026-08-25T09:25:00Z,1787649900,0.57918,0.57928,0.57918,0.57923,89,8,0
2026-08-25T09:30:00Z,1787650200,0.57922,0.57927,0.57886,0.57891,227,8,0
2026-08-25T09:35:00Z,1787650500,0.57891,0.57916,0.57887,0.57916,173,8,0
2026-08-25T09:40:00Z,1787650800,0.57916,0.57919,0.57903,0.57919,102,8,0
2026-08-25T09:45:00Z,1787651100,0.5792,0.57928,0.57915,0.57918,110,8,0
2026-08-25T09:50:00Z,1787651400,0.57918,0.57918,0.57904,0.57917,102,8,0
2026-08-25T09:55:00Z,1787651700,0.57917,0.57921,0.57897,0.57921,137,8,0
2026-08-25T10:00:00Z,1787652000,0.5792,0.57927,0.57915,0.57917,95,8,0
2026-08-25T10:05:00Z,1787652300,0.57916,0.57918,0.579,0.57901,96,8,0
2026-08-25T10:10:00Z,1787652600,0.57901,0.57909,0.57901,0.57908,91,8,0
2026-08-25T10:15:00Z,1787652900,0.57908,0.57922,0.57907,0.57918,86,8,0
2026-08-25T10:20:00Z,1787653200,0.57919,0.57921,0.57911,0.57915,74,8,0
2026-08-25T10:25:00Z,1787653500,0.57915,0.57923,0.57913,0.57918,81,8,0
2026-08-25T10:30:00Z,1787653800,0.57918,0.5793,0.57914,0.57928,87,8,0
2026-08-25T10:35:00Z,1787654100,0.57929,0.57929,0.57923,0.57923,63,8,0
2026-08-25T10:40:00Z,1787654400,0.57924,0.57937,0.57919,0.57933,81,8,0
2026-08-25T10:45:00Z,1787654700,0.57933,0.57938,0.57918,0.57929,75,8,0
2026-08-25T10:50:00Z,1787655000,0.57928,0.57932,0.57919,0.5792,78,8,0
2026-08-25T10:55:00Z,1787655300,0.57919,0.57925,0.57916,0.57924,82,8,0
2026-08-25T11:00:00Z,1787655600,0.57925,0.57934,0.57923,0.57932,95,8,0
2026-08-25T11:05:00Z,1787655900,0.57932,0.57942,0.57926,0.57931,108,8,0
2026-08-25T11:10:00Z,1787656200,0.57931,0.57935,0.5792,0.57932,92,8,0
2026-08-25T11:15:00Z,1787656500,0.57932,0.57942,0.57928,0.57935,83,8,0
2026-08-25T11:20:00Z,1787656800,0.57936,0.57948,0.57923,0.5794,94,8,0
2026-08-25T11:25:00Z,1787657100,0.5794,0.57945,0.57933,0.57935,62,8,0
2026-08-25T11:30:00Z,1787657400,0.57935,0.57938,0.57926,0.57928,109,8,0
2026-08-25T11:35:00Z,1787657700,0.57928,0.57937,0.57926,0.57928,59,8,0
2026-08-25T11:40:00Z,1787658000,0.57927,0.57947,0.57921,0.57947,78,8,0
2026-08-25T11:45:00Z,1787658300,0.57947,0.57947,0.57913,0.57917,100,8,0
2026-08-25T11:50:00Z,1787658600,0.57917,0.5792,0.57909,0.57915,110,8,0
2026-08-25T11:55:00Z,1787658900,0.57915,0.5792,0.5791,0.57916,95,8,0
2026-08-25T12:00:00Z,1787659200,0.57917,0.57918,0.57906,0.57908,116,8,0
2026-08-25T12:05:00Z,1787659500,0.57908,0.57916,0.57901,0.57912,113,8,0
2026-08-25T12:10:00Z,1787659800,0.57911,0.57937,0.5791,0.57921,129,8,0
2026-08-25T12:15:00Z,1787660100,0.57921,0.57922,0.57911,0.57918,123,8,0
2026-08-25T12:20:00Z,1787660400,0.57919,0.57927,0.57904,0.57926,121,8,0
2026-08-25T12:25:00Z,1787660700,0.57926,0.57926,0.57897,0.57898,110,8,0
2026-08-25T12:30:00Z,1787661000,0.57898,0.57913,0.57894,0.57907,95,8,0
2026-08-25T12:35:00Z,1787661300,0.57907,0.57917,0.57907,0.57914,77,8,0
2026-08-25T12:40:00Z,1787661600,0.57915,0.57928,0.57913,0.57926,81,8,0
2026-08-25T12:45:00Z,1787661900,0.57926,0.57933,0.57924,0.5793,87,8,0
2026-08-25T12:50:00Z,1787662200,0.57931,0.57942,0.57927,0.57937,101,8,0
2026-08-25T12:55:00Z,1787662500,0.57938,0.57944,0.57936,0.57942,81,8,0
2026-08-25T13:00:00Z,1787662800,0.57942,0.57943,0.57926,0.57927,130,8,0
2026-08-25T13:05:00Z,1787663100,0.57927,0.5793,0.57918,0.5793,142,8,0
2026-08-25T13:10:00Z,1787663400,0.5793,0.57936,0.57909,0.57921,194,8,0
2026-08-25T13:15:00Z,1787663700,0.57922,0.5795,0.57916,0.57947,146,8,0
2026-08-25T13:20:00Z,1787664000,0.57946,0.57957,0.57944,0.57957,113,8,0
2026-08-25T13:25:00Z,1787664300,0.57957,0.57967,0.57942,0.57943,120,8,0
2026-08-25T13:30:00Z,1787664600,0.57942,0.57976,0.57939,0.57973,172,8,0
2026-08-25T13:35:00Z,1787664900,0.57971,0.57973,0.57951,0.57953,119,8,0
2026-08-25T13:40:00Z,1787665200,0.57952,0.57965,0.57945,0.57963,136,8,0
2026-08-25T13:45:00Z,1787665500,0.57963,0.57983,0.57962,0.57977,132,8,0
2026-08-25T13:50:00Z,1787665800,0.57977,0.57997,0.57973,0.57997,124,8,0
2026-08-25T13:55:00Z,1787666100,0.57997,0.57997,0.57983,0.57997,123,8,0
2026-08-25T14:00:00Z,1787666400,0.57996,0.58023,0.57989,0.5801,183,8,0
2026-08-25T14:05:00Z,1787666700,0.58009,0.58014,0.57983,0.57987,163,8,0
2026-08-25T14:10:00Z,1787667000,0.57987,0.58002,0.57986,0.57992,130,8,0
2026-08-25T14:15:00Z,1787667300,0.57992,0.58007,0.57984,0.58005,131,8,0
2026-08-25T14:20:00Z,1787667600,0.58006,0.58024,0.58006,0.58019,126,8,0
2026-08-25T14:25:00Z,1787667900,0.58019,0.58022,0.58011,0.58014,95,8,0
2026-08-25T14:30:00Z,1787668200,0.58015,0.58039,0.5801,0.58015,166,8,0
2026-08-25T14:35:00Z,1787668500,0.58014,0.58034,0.58008,0.58034,127,8,0
2026-08-25T14:40:00Z,1787668800,0.58035,0.58049,0.58027,0.58027,123,8,0
2026-08-25T14:45:00Z,1787669100,0.58028,0.58032,0.58016,0.58023,162,8,0
2026-08-25T14:50:00Z,1787669400,0.58022,0.58033,0.58003,0.58015,153,8,0
2026-08-25T14:55:00Z,1787669700,0.58016,0.58028,0.58013,0.58026,161,8,0
2026-08-25T15:00:00Z,1787670000,0.58025,0.58026,0.58003,0.58005,106,8,0
2026-08-25T15:05:00Z,1787670300,0.58004,0.58012,0.57995,0.57995,137,8,0
2026-08-25T15:10:00Z,1787670600,0.57995,0.58005,0.57994,0.57996,96,8,0
2026-08-25T15:15:00Z,1787670900,0.57997,0.58005,0.57982,0.57988,99,8,0
2026-08-25T15:20:00Z,1787671200,0.57988,0.57998,0.57983,0.57998,96,8,0
2026-08-25T15:25:00Z,1787671500,0.57999,0.58007,0.57997,0.58007,91,8,0
2026-08-25T15:30:00Z,1787671800,0.58008,0.58008,0.57987,0.5799,158,8,0
2026-08-25T15:35:00Z,1787672100,0.5799,0.58001,0.57974,0.57991,185,8,0
2026-08-25T15:40:00Z,1787672400,0.57991,0.57991,0.57977,0.57978,118,8,0
2026-08-25T15:45:00Z,1787672700,0.57978,0.57983,0.57968,0.57983,92,8,0
2026-08-25T15:50:00Z,1787673000,0.57984,0.57991,0.57977,0.57991,127,8,0
2026-08-25T15:55:00Z,1787673300,0.57992,0.58004,0.57992,0.57997,106,8,0
2026-08-25T16:00:00Z,1787673600,0.57998,0.58016,0.57995,0.58013,116,8,0
2026-08-25T16:05:00Z,1787673900,0.58013,0.5802,0.58009,0.58014,94,8,0
2026-08-25T16:10:00Z,1787674200,0.58014,0.58015,0.58007,0.58014,77,8,0
2026-08-25T16:15:00Z,1787674500,0.58014,0.58015,0.58003,0.5801,90,8,0
2026-08-25T16:20:00Z,1787674800,0.5801,0.58014,0.58006,0.58014,79,8,0
2026-08-25T16:25:00Z,1787675100,0.58014,0.58015,0.57994,0.57998,79,8,0
2026-08-25T16:30:00Z,1787675400,0.57998,0.57998,0.57992,0.57998,73,8,0
2026-08-25T16:35:00Z,1787675700,0.57998,0.57999,0.57988,0.57994,85,8,0
2026-08-25T16:40:00Z,1787676000,0.57994,0.57999,0.57992,0.57995,48,8,0
2026-08-25T16:45:00Z,1787676300,0.57996,0.58003,0.57995,0.58003,59,8,0
2026-08-25T16:50:00Z,1787676600,0.58003,0.58006,0.57995,0.58005,63,8,0
2026-08-25T16:55:00Z,1787676900,0.58007,0.58007,0.57985,0.5799,67,8,0
2026-08-25T17:00:00Z,1787677200,0.5799,0.58003,0.57989,0.57992,99,8,0
2026-08-25T17:05:00Z,1787677500,0.57992,0.57999,0.57988,0.57997,78,8,0
2026-08-25T17:10:00Z,1787677800,0.57997,0.58002,0.57993,0.58002,76,8,0
2026-08-25T17:15:00Z,1787678100,0.58002,0.58009,0.57992,0.57995,69,8,0
2026-08-25T17:20:00Z,1787678400,0.57995,0.58005,0.57995,0.58001,72,8,0
2026-08-25T17:25:00Z,1787678700,0.58001,0.58005,0.57997,0.58,77,8,0
2026-08-25T17:30:00Z,1787679000,0.58,0.58002,0.57994,0.57997,51,8,0
2026-08-25T17:35:00Z,1787679300,0.57997,0.57998,0.57988,0.5799,60,8,0
2026-08-25T17:40:00Z,1787679600,0.57991,0.57991,0.57985,0.57991,76,8,0
2026-08-25T17:45:00Z,1787679900,0.57991,0.57991,0.57981,0.57985,61,8,0
2026-08-25T17:50:00Z,1787680200,0.57985,0.57988,0.57976,0.57976,56,8,0
2026-08-25T17:55:00Z,1787680500,0.57977,0.57979,0.57969,0.57974,63,8,0
2026-08-25T18:00:00Z,1787680800,0.57974,0.57996,0.57974,0.57992,75,8,0
2026-08-25T18:05:00Z,1787681100,0.57992,0.57993,0.57984,0.57986,80,8,0
2026-08-25T18:10:00Z,1787681400,0.57986,0.57988,0.57982,0.57982,71,8,0
2026-08-25T18:15:00Z,1787681700,0.57982,0.57985,0.57979,0.57983,70,8,0
2026-08-25T18:20:00Z,1787682000,0.57983,0.57993,0.57983,0.5799,70,8,0
2026-08-25T18:25:00Z,1787682300,0.5799,0.57995,0.57985,0.57988,96,8,0
2026-08-25T18:30:00Z,1787682600,0.57988,0.57988,0.57984,0.57986,51,8,0
2026-08-25T18:35:00Z,1787682900,0.57985,0.5799,0.57985,0.57989,57,8,0
2026-08-25T18:40:00Z,1787683200,0.57989,0.57994,0.57987,0.57989,73,8,0
2026-08-25T18:45:00Z,1787683500,0.57989,0.57992,0.57987,0.57987,60,8,0
2026-08-25T18:50:00Z,1787683800,0.57987,0.5799,0.57985,0.57989,54,8,0
2026-08-25T18:55:00Z,1787684100,0.57987,0.57991,0.57981,0.5799,85,8,0
2026-08-25T19:00:00Z,1787684400,0.57989,0.57997,0.57988,0.57994,86,8,0
2026-08-25T19:05:00Z,1787684700,0.57994,0.57995,0.57988,0.5799,67,8,0
2026-08-25T19:10:00Z,1787685000,0.5799,0.5799,0.57983,0.57985,85,8,0
2026-08-25T19:15:00Z,1787685300,0.57985,0.57987,0.57959,0.57964,118,8,0
2026-08-25T19:20:00Z,1787685600,0.57964,0.57974,0.57964,0.57972,86,8,0
2026-08-25T19:25:00Z,1787685900,0.57972,0.57981,0.57972,0.57981,67,8,0
2026-08-25T19:30:00Z,1787686200,0.57981,0.57991,0.57979,0.57989,57,8,0
2026-08-25T19:35:00Z,1787686500,0.57989,0.57992,0.57982,0.57983,71,8,0
2026-08-25T19:40:00Z,1787686800,0.57983,0.57985,0.57974,0.57977,61,8,0
2026-08-25T19:45:00Z,1787687100,0.57977,0.57978,0.57967,0.57968,53,8,0
2026-08-25T19:50:00Z,1787687400,0.57968,0.57968,0.57946,0.57951,129,8,0
2026-08-25T19:55:00Z,1787687700,0.57951,0.57968,0.57932,0.57938,182,8,0
2026-08-25T20:00:00Z,1787688000,0.57938,0.57946,0.57932,0.57934,85,8,0
2026-08-25T20:05:00Z,1787688300,0.57933,0.57933,0.5791,0.57911,81,8,0
2026-08-25T20:10:00Z,1787688600,0.57911,0.57914,0.57904,0.5791,74,8,0
2026-08-25T20:15:00Z,1787688900,0.57911,0.57913,0.57903,0.57908,66,8,0
2026-08-25T20:20:00Z,1787689200,0.57908,0.5791,0.57904,0.57905,40,8,0
2026-08-25T20:25:00Z,1787689500,0.57905,0.5791,0.579,0.57905,59,8,0
2026-08-25T20:30:00Z,1787689800,0.57905,0.57914,0.57902,0.57911,51,8,0
2026-08-25T20:35:00Z,1787690100,0.57911,0.57912,0.57906,0.5791,51,8,0
2026-08-25T20:40:00Z,1787690400,0.57909,0.57922,0.57909,0.57913,42,8,0
2026-08-25T20:45:00Z,1787690700,0.57913,0.57915,0.57909,0.57913,36,8,0
2026-08-25T20:50:00Z,1787691000,0.57913,0.57915,0.57906,0.57914,42,8,0
2026-08-25T20:55:00Z,1787691300,0.57914,0.57917,0.57868,0.57896,81,8,0
2026-08-25T21:05:00Z,1787691900,0.57894,0.57898,0.57891,0.57895,11,13,0
2026-08-25T21:10:00Z,1787692200,0.57893,0.57895,0.57889,0.57895,28,27,0
2026-08-25T21:15:00Z,1787692500,0.57893,0.57897,0.57891,0.57892,24,24,0
2026-08-25T21:20:00Z,1787692800,0.57891,0.57894,0.5789,0.57894,14,32,0
2026-08-25T21:25:00Z,1787693100,0.57895,0.57895,0.57893,0.57893,10,31,0
2026-08-25T21:30:00Z,1787693400,0.57892,0.57895,0.57892,0.57892,15,28,0
2026-08-25T21:35:00Z,1787693700,0.57893,0.57897,0.57886,0.57886,60,18,0
2026-08-25T21:40:00Z,1787694000,0.57888,0.57896,0.57886,0.57893,98,18,0
2026-08-25T21:45:00Z,1787694300,0.57892,0.57896,0.57892,0.57896,38,18,0
2026-08-25T21:50:00Z,1787694600,0.57896,0.57896,0.57894,0.57896,19,18,0
2026-08-25T21:55:00Z,1787694900,0.57895,0.57897,0.57893,0.57896,24,18,0
2026-08-25T22:00:00Z,1787695200,0.57897,0.579,0.57889,0.57899,33,19,0
2026-08-25T22:05:00Z,1787695500,0.57899,0.57899,0.57893,0.57899,18,13,0
2026-08-25T22:10:00Z,1787695800,0.57896,0.57903,0.57895,0.57901,20,13,0
2026-08-25T22:15:00Z,1787696100,0.57901,0.57904,0.57896,0.57896,19,13,0
2026-08-25T22:20:00Z,1787696400,0.57898,0.57904,0.57892,0.57904,22,13,0
2026-08-25T22:25:00Z,1787696700,0.57904,0.57911,0.57903,0.57906,29,13,0
2026-08-25T22:30:00Z,1787697000,0.57906,0.57908,0.57904,0.57908,16,13,0
2026-08-25T22:35:00Z,1787697300,0.57908,0.5791,0.57907,0.57909,11,13,0
2026-08-25T22:40:00Z,1787697600,0.57909,0.57917,0.57908,0.57914,16,13,0
2026-08-25T22:45:00Z,1787697900,0.57914,0.57919,0.57913,0.57918,13,13,0
2026-08-25T22:50:00Z,1787698200,0.57918,0.5792,0.57918,0.57919,11,13,0
2026-08-25T22:55:00Z,1787698500,0.57919,0.57919,0.57912,0.57918,26,13,0
2026-08-25T23:00:00Z,1787698800,0.5792,0.57924,0.57918,0.57924,22,8,0
2026-08-25T23:05:00Z,1787699100,0.57923,0.57932,0.57923,0.57931,25,8,0
2026-08-25T23:10:00Z,1787699400,0.57932,0.57934,0.57926,0.5793,36,8,0
2026-08-25T23:15:00Z,1787699700,0.5793,0.57932,0.57928,0.5793,24,8,0
2026-08-25T23:20:00Z,1787700000,0.57929,0.57934,0.57929,0.57931,21,8,0
2026-08-25T23:25:00Z,1787700300,0.57932,0.57937,0.57931,0.57936,33,8,0
2026-08-25T23:30:00Z,1787700600,0.57935,0.5794,0.57934,0.57939,28,8,0
2026-08-25T23:35:00Z,1787700900,0.57938,0.57941,0.57938,0.57939,42,8,0
2026-08-25T23:40:00Z,1787701200,0.57939,0.57949,0.57939,0.57946,33,8,0
2026-08-25T23:45:00Z,1787701500,0.57946,0.57949,0.57941,0.57948,36,8,0
2026-08-25T23:50:00Z,1787701800,0.57948,0.57949,0.57942,0.57944,45,8,0
2026-08-25T23:55:00Z,1787702100,0.57944,0.57949,0.57942,0.57944,40,8,0
2026-08-26T00:00:00Z,1787702400,0.57944,0.57954,0.57944,0.57951,64,8,0
2026-08-26T00:05:00Z,1787702700,0.57952,0.57952,0.57941,0.57942,72,8,0
2026-08-26T00:10:00Z,1787703000,0.57942,0.57944,0.57937,0.57938,53,8,0
2026-08-26T00:15:00Z,1787703300,0.57939,0.57941,0.57933,0.57938,73,8,0
2026-08-26T00:20:00Z,1787703600,0.57938,0.57941,0.57936,0.57941,36,8,0
2026-08-26T00:25:00Z,1787703900,0.57941,0.57946,0.57939,0.57945,59,8,0
2026-08-26T00:30:00Z,1787704200,0.57946,0.57946,0.57932,0.57934,63,8,0
2026-08-26T00:35:00Z,1787704500,0.57934,0.57938,0.57933,0.57936,57,8,0
2026-08-26T00:40:00Z,1787704800,0.57936,0.57938,0.57923,0.57924,69,8,0
2026-08-26T00:45:00Z,1787705100,0.57924,0.57924,0.57907,0.5791,64,8,0
2026-08-26T00:50:00Z,1787705400,0.57909,0.57916,0.57905,0.57914,80,8,0
2026-08-26T00:55:00Z,1787705700,0.57913,0.57924,0.5791,0.57921,80,8,0
2026-08-26T01:00:00Z,1787706000,0.5792,0.57921,0.57902,0.57907,125,8,0
2026-08-26T01:05:00Z,1787706300,0.57907,0.57913,0.579,0.57904,92,8,0
2026-08-26T01:10:00Z,1787706600,0.57904,0.57909,0.57902,0.57904,75,8,0
2026-08-26T01:15:00Z,1787706900,0.57905,0.57912,0.57901,0.57911,66,8,0
2026-08-26T01:20:00Z,1787707200,0.57911,0.57913,0.57905,0.57911,64,8,0
2026-08-26T01:25:00Z,1787707500,0.57911,0.57916,0.57908,0.57914,55,8,0
2026-08-26T01:30:00Z,1787707800,0.57913,0.57934,0.57912,0.57932,137,8,0
2026-08-26T01:35:00Z,1787708100,0.57931,0.57938,0.5793,0.57931,67,8,0
2026-08-26T01:40:00Z,1787708400,0.57931,0.57939,0.57925,0.57931,74,8,0
2026-08-26T01:45:00Z,1787708700,0.57931,0.57942,0.57928,0.5793,87,8,0
2026-08-26T01:50:00Z,1787709000,0.57931,0.57937,0.57926,0.57937,121,8,0
2026-08-26T01:55:00Z,1787709300,0.57937,0.57941,0.57934,0.57935,81,8,0
2026-08-26T02:00:00Z,1787709600,0.57935,0.57936,0.57911,0.57917,104,8,0
2026-08-26T02:05:00Z,1787709900,0.57917,0.57917,0.57903,0.5791,79,8,0
2026-08-26T02:10:00Z,1787710200,0.57909,0.57915,0.57899,0.57901,55,8,0
2026-08-26T02:15:00Z,1787710500,0.57901,0.57915,0.57901,0.57912,99,8,0
2026-08-26T02:20:00Z,1787710800,0.57912,0.57915,0.57905,0.57915,95,8,0
2026-08-26T02:25:00Z,1787711100,0.57913,0.57917,0.5791,0.57916,82,8,0
2026-08-26T02:30:00Z,1787711400,0.57916,0.57927,0.57916,0.57926,72,8,0
2026-08-26T02:35:00Z,1787711700,0.57926,0.57945,0.57926,0.57943,55,8,0
2026-08-26T02:40:00Z,1787712000,0.57944,0.57946,0.57931,0.57937,92,8,0
2026-08-26T02:45:00Z,1787712300,0.57936,0.57939,0.57932,0.57936,74,8,0
2026-08-26T02:50:00Z,1787712600,0.57935,0.57944,0.57934,0.57942,54,8,0
2026-08-26T02:55:00Z,1787712900,0.57941,0.5795,0.57938,0.5795,47,8,0
2026-08-26T03:00:00Z,1787713200,0.5795,0.57951,0.5793,0.5793,58,8,0
2026-08-26T03:05:00Z,1787713500,0.5793,0.57943,0.5793,0.57936,35,8,0
2026-08-26T03:10:00Z,1787713800,0.57936,0.57939,0.57933,0.57937,44,8,0
2026-08-26T03:15:00Z,1787714100,0.57937,0.57946,0.57937,0.5794,56,8,0
2026-08-26T03:20:00Z,1787714400,0.5794,0.57944,0.57935,0.57939,67,8,0
2026-08-26T03:25:00Z,1787714700,0.57939,0.57939,0.57933,0.57939,51,8,0
2026-08-26T03:30:00Z,1787715000,0.57939,0.57949,0.57939,0.57948,66,8,0
2026-08-26T03:35:00Z,1787715300,0.57949,0.57949,0.57944,0.57944,42,8,0
2026-08-26T03:40:00Z,1787715600,0.57945,0.57953,0.57944,0.57952,33,8,0
2026-08-26T03:45:00Z,1787715900,0.57952,0.57961,0.57952,0.57959,46,8,0
2026-08-26T03:50:00Z,1787716200,0.57958,0.57959,0.57952,0.57953,33,8,0
2026-08-26T03:55:00Z,1787716500,0.57953,0.57953,0.57949,0.57949,38,8,0
2026-08-26T04:00:00Z,1787716800,0.57949,0.57953,0.57945,0.57952,30,8,0
2026-08-26T04:05:00Z,1787717100,0.57952,0.57953,0.57948,0.57953,32,8,0
2026-08-26T04:10:00Z,1787717400,0.57952,0.57955,0.57949,0.57955,25,8,0
2026-08-26T04:15:00Z,1787717700,0.57954,0.57959,0.57953,0.57953,38,8,0
2026-08-26T04:20:00Z,1787718000,0.57953,0.57955,0.57948,0.57949,25,8,0
2026-08-26T04:25:00Z,1787718300,0.57949,0.5795,0.57942,0.57948,38,8,0
2026-08-26T04:30:00Z,1787718600,0.57948,0.57948,0.57943,0.57947,35,8,0
2026-08-26T04:35:00Z,1787718900,0.57947,0.57952,0.57947,0.57948,27,8,0
2026-08-26T04:40:00Z,1787719200,0.57948,0.57949,0.57946,0.57947,21,8,0
2026-08-26T04:45:00Z,1787719500,0.57947,0.57949,0.57945,0.57945,38,8,0
2026-08-26T04:50:00Z,1787719800,0.57945,0.57954,0.57944,0.57954,46,8,0
2026-08-26T04:55:00Z,1787720100,0.57954,0.57959,0.57952,0.57957,37,8,0
2026-08-26T05:00:00Z,1787720400,0.57957,0.57958,0.57949,0.57951,41,8,0
2026-08-26T05:05:00Z,1787720700,0.57951,0.57953,0.57947,0.57947,35,8,0
2026-08-26T05:10:00Z,1787721000,0.57947,0.57954,0.57947,0.57951,37,8,0
2026-08-26T05:15:00Z,1787721300,0.57951,0.57951,0.57943,0.57948,59,8,0
2026-08-26T05:20:00Z,1787721600,0.57948,0.5795,0.57945,0.57946,32,8,0
2026-08-26T05:25:00Z,1787721900,0.57946,0.5795,0.57945,0.57948,36,8,0
2026-08-26T05:30:00Z,1787722200,0.57949,0.57949,0.57936,0.57936,89,8,0
2026-08-26T05:35:00Z,1787722500,0.57936,0.57937,0.5793,0.57934,61,8,0
2026-08-26T05:40:00Z,1787722800,0.57935,0.57943,0.57932,0.57943,48,8,0
2026-08-26T05:45:00Z,1787723100,0.57943,0.57953,0.57941,0.5795,52,8,0
2026-08-26T05:50:00Z,1787723400,0.5795,0.57957,0.5795,0.57956,49,8,0
2026-08-26T05:55:00Z,1787723700,0.57957,0.57959,0.5795,0.57955,46,8,0
2026-08-26T06:00:00Z,1787724000,0.57954,0.57959,0.57942,0.57959,91,8,0
2026-08-26T06:05:00Z,1787724300,0.57959,0.57965,0.57957,0.57965,47,8,0
2026-08-26T06:10:00Z,1787724600,0.57965,0.57975,0.57965,0.57974,65,8,0
2026-08-26T06:15:00Z,1787724900,0.57974,0.5798,0.57966,0.57971,84,8,0
2026-08-26T06:20:00Z,1787725200,0.57971,0.5799,0.57971,0.5799,100,8,0
2026-08-26T06:25:00Z,1787725500,0.57991,0.57992,0.5798,0.57984,78,8,0
2026-08-26T06:30:00Z,1787725800,0.57983,0.57985,0.5797,0.57972,82,8,0
2026-08-26T06:35:00Z,1787726100,0.57971,0.57981,0.5797,0.57975,62,8,0
2026-08-26T06:40:00Z,1787726400,0.57975,0.57979,0.5796,0.5796,70,8,0
2026-08-26T06:45:00Z,1787726700,0.5796,0.57966,0.57955,0.57962,58,8,0
2026-08-26T06:50:00Z,1787727000,0.57963,0.57972,0.57962,0.57971,62,8,0
2026-08-26T06:55:00Z,1787727300,0.57971,0.57975,0.57964,0.57966,107,8,0
2026-08-26T07:00:00Z,1787727600,0.57965,0.57965,0.57939,0.57945,109,8,0
2026-08-26T07:05:00Z,1787727900,0.57945,0.57948,0.57937,0.57939,78,8,0
2026-08-26T07:10:00Z,1787728200,0.57938,0.57938,0.5792,0.57936,109,8,0
2026-08-26T07:15:00Z,1787728500,0.57936,0.57943,0.57933,0.57943,78,8,0
2026-08-26T07:20:00Z,1787728800,0.57944,0.57958,0.57942,0.57957,66,8,0
2026-08-26T07:25:00Z,1787729100,0.57957,0.57966,0.57951,0.57962,85,8,0
2026-08-26T07:30:00Z,1787729400,0.57961,0.57968,0.57957,0.57965,74,8,0
2026-08-26T07:35:00Z,1787729700,0.57966,0.57969,0.57961,0.57965,68,8,0
2026-08-26T07:40:00Z,1787730000,0.57965,0.57975,0.57963,0.57973,63,8,0
2026-08-26T07:45:00Z,1787730300,0.57973,0.57977,0.57957,0.57963,64,8,0
2026-08-26T07:50:00Z,1787730600,0.57962,0.57964,0.57949,0.5795,86,8,0
2026-08-26T07:55:00Z,1787730900,0.5795,0.57953,0.57928,0.57931,108,8,0
2026-08-26T08:00:00Z,1787731200,0.57932,0.57942,0.57927,0.5794,106,8,0
2026-08-26T08:05:00Z,1787731500,0.5794,0.57944,0.57934,0.5794,109,8,0
2026-08-26T08:10:00Z,1787731800,0.57941,0.57947,0.57932,0.57936,89,8,0
2026-08-26T08:15:00Z,1787732100,0.57936,0.57945,0.57933,0.57934,73,8,0
2026-08-26T08:20:00Z,1787732400,0.57935,0.57948,0.57932,0.57933,63,8,0
2026-08-26T08:25:00Z,1787732700,0.57933,0.57936,0.57918,0.57921,90,8,0
2026-08-26T08:30:00Z,1787733000,0.5792,0.57935,0.5792,0.57935,69,8,0
2026-08-26T08:35:00Z,1787733300,0.57935,0.57941,0.57931,0.57939,84,8,0
2026-08-26T08:40:00Z,1787733600,0.57939,0.57949,0.57939,0.57944,88,8,0
2026-08-26T08:45:00Z,1787733900,0.57944,0.57951,0.57939,0.57944,70,8,0
2026-08-26T08:50:00Z,1787734200,0.57944,0.57955,0.57937,0.57953,89,8,0
2026-08-26T08:55:00Z,1787734500,0.57953,0.5796,0.5795,0.57954,115,8,0
2026-08-26T09:00:00Z,1787734800,0.57954,0.5797,0.57949,0.57952,127,8,0
2026-08-26T09:05:00Z,1787735100,0.57952,0.57964,0.57947,0.57964,78,8,0
2026-08-26T09:10:00Z,1787735400,0.57963,0.57965,0.57959,0.57964,60,8,0
2026-08-26T09:15:00Z,1787735700,0.57964,0.57965,0.57959,0.57965,46,8,0
2026-08-26T09:20:00Z,1787736000,0.57965,0.57982,0.57964,0.57981,69,8,0
2026-08-26T09:25:00Z,1787736300,0.57982,0.57987,0.57976,0.57978,72,8,0
2026-08-26T09:30:00Z,1787736600,0.57978,0.57978,0.57961,0.57969,72,8,0
2026-08-26T09:35:00Z,1787736900,0.57969,0.57971,0.57964,0.5797,62,8,0
2026-08-26T09:40:00Z,1787737200,0.5797,0.57977,0.57962,0.57963,55,8,0
2026-08-26T09:45:00Z,1787737500,0.57963,0.57965,0.57955,0.57957,85,8,0
2026-08-26T09:50:00Z,1787737800,0.57957,0.57959,0.57947,0.57956,71,8,0
2026-08-26T09:55:00Z,1787738100,0.57956,0.57974,0.57955,0.57974,91,8,0
2026-08-26T10:00:00Z,1787738400,0.57975,0.57979,0.57969,0.5797,68,8,0
2026-08-26T10:05:00Z,1787738700,0.57971,0.5798,0.57969,0.57977,48,8,0
2026-08-26T10:10:00Z,1787739000,0.57977,0.5798,0.57976,0.5798,22,8,0
2026-08-26T10:15:00Z,1787739300,0.5798,0.5798,0.57964,0.57965,69,8,0
2026-08-26T10:20:00Z,1787739600,0.57965,0.57971,0.57964,0.57968,58,8,0
2026-08-26T10:25:00Z,1787739900,0.57969,0.57982,0.57969,0.57977,66,8,0
2026-08-26T10:30:00Z,1787740200,0.57976,0.5798,0.57971,0.57973,39,8,0
2026-08-26T10:35:00Z,1787740500,0.57973,0.57975,0.57967,0.57971,52,8,0
2026-08-26T10:40:00Z,1787740800,0.57971,0.57978,0.57968,0.57974,52,8,0
2026-08-26T10:45:00Z,1787741100,0.57974,0.57981,0.5797,0.57972,56,8,0
2026-08-26T10:50:00Z,1787741400,0.57972,0.57982,0.57971,0.57982,55,8,0
2026-08-26T10:55:00Z,1787741700,0.57982,0.57991,0.57979,0.57991,66,8,0
2026-08-26T11:00:00Z,1787742000,0.57992,0.57992,0.57965,0.57969,62,8,0
2026-08-26T11:05:00Z,1787742300,0.5797,0.57974,0.57952,0.57955,92,8,0
2026-08-26T11:10:00Z,1787742600,0.57955,0.57967,0.5795,0.57955,112,8,0
2026-08-26T11:15:00Z,1787742900,0.57955,0.57964,0.57953,0.57962,85,8,0
2026-08-26T11:20:00Z,1787743200,0.57961,0.57987,0.57959,0.57987,119,8,0
2026-08-26T11:25:00Z,1787743500,0.57989,0.57996,0.57979,0.57981,102,8,0
2026-08-26T11:30:00Z,1787743800,0.57981,0.57983,0.57971,0.57978,110,8,0
2026-08-26T11:35:00Z,1787744100,0.57978,0.57988,0.57978,0.57987,73,8,0
2026-08-26T11:40:00Z,1787744400,0.57987,0.57999,0.57983,0.57996,73,8,0
2026-08-26T11:45:00Z,1787744700,0.57996,0.58003,0.57996,0.57999,69,8,0
2026-08-26T11:50:00Z,1787745000,0.57997,0.58009,0.57997,0.57999,75,8,0
2026-08-26T11:55:00Z,1787745300,0.57999,0.58004,0.57989,0.57992,75,8,0
2026-08-26T12:00:00Z,1787745600,0.5799,0.57996,0.57979,0.57983,115,8,0
2026-08-26T12:05:00Z,1787745900,0.57983,0.57985,0.57966,0.57984,101,8,0
2026-08-26T12:10:00Z,1787746200,0.57985,0.57988,0.57978,0.57979,106,8,0
2026-08-26T12:15:00Z,1787746500,0.57979,0.57988,0.57972,0.57977,97,8,0
2026-08-26T12:20:00Z,1787746800,0.57977,0.57985,0.57967,0.57983,95,8,0
2026-08-26T12:25:00Z,1787747100,0.57981,0.57993,0.57977,0.57986,103,8,0
2026-08-26T12:30:00Z,1787747400,0.57985,0.5804,0.57978,0.5803,322,8,0
2026-08-26T12:35:00Z,1787747700,0.58029,0.58032,0.58012,0.58018,195,8,0
2026-08-26T12:40:00Z,1787748000,0.58018,0.5803,0.5801,0.58019,181,8,0
2026-08-26T12:45:00Z,1787748300,0.58017,0.58025,0.58002,0.58003,128,8,0
2026-08-26T12:50:00Z,1787748600,0.58003,0.58036,0.58002,0.58022,174,8,0
2026-08-26T12:55:00Z,1787748900,0.58023,0.5803,0.58006,0.58028,226,8,0
2026-08-26T13:00:00Z,1787749200,0.5803,0.58031,0.58007,0.58027,194,8,0
2026-08-26T13:05:00Z,1787749500,0.58028,0.58038,0.5802,0.58033,190,8,0
2026-08-26T13:10:00Z,1787749800,0.58033,0.58048,0.5802,0.5802,135,8,0
2026-08-26T13:15:00Z,1787750100,0.58021,0.58038,0.58005,0.58012,171,8,0
2026-08-26T13:20:00Z,1787750400,0.58012,0.58031,0.58012,0.58015,159,8,0
2026-08-26T13:25:00Z,1787750700,0.58013,0.58023,0.57995,0.58001,167,8,0
2026-08-26T13:30:00Z,1787751000,0.58001,0.58019,0.57996,0.58019,187,8,0
2026-08-26T13:35:00Z,1787751300,0.58018,0.58025,0.58012,0.58021,198,8,0
2026-08-26T13:40:00Z,1787751600,0.58021,0.58048,0.58019,0.58043,142,8,0
2026-08-26T13:45:00Z,1787751900,0.58042,0.5807,0.58035,0.58066,145,8,0
2026-08-26T13:50:00Z,1787752200,0.58066,0.58074,0.58058,0.58064,142,8,0
2026-08-26T13:55:00Z,1787752500,0.58065,0.58083,0.58056,0.58076,138,8,0
2026-08-26T14:00:00Z,1787752800,0.58076,0.58082,0.58065,0.58074,180,8,0
2026-08-26T14:05:00Z,1787753100,0.58075,0.58088,0.58065,0.58067,161,8,0
2026-08-26T14:10:00Z,1787753400,0.58066,0.58067,0.58042,0.58044,146,8,0
2026-08-26T14:15:00Z,1787753700,0.58044,0.5805,0.58035,0.5805,147,8,0
2026-08-26T14:20:00Z,1787754000,0.5805,0.58055,0.58011,0.58025,185,8,0
2026-08-26T14:25:00Z,1787754300,0.58026,0.58041,0.58023,0.58037,133,8,0
2026-08-26T14:30:00Z,1787754600,0.58037,0.58052,0.58037,0.58047,121,8,0
2026-08-26T14:35:00Z,1787754900,0.58047,0.58055,0.5804,0.58048,155,8,0
2026-08-26T14:40:00Z,1787755200,0.58047,0.58054,0.58042,0.58053,128,8,0
2026-08-26T14:45:00Z,1787755500,0.58052,0.58056,0.5804,0.5804,123,8,0
2026-08-26T14:50:00Z,1787755800,0.5804,0.58042,0.58012,0.58014,122,8,0
2026-08-26T14:55:00Z,1787756100,0.58015,0.58038,0.58012,0.58035,142,8,0
2026-08-26T15:00:00Z,1787756400,0.58035,0.58038,0.58024,0.58028,140,8,0
2026-08-26T15:05:00Z,1787756700,0.58028,0.58037,0.58022,0.58027,124,8,0
2026-08-26T15:10:00Z,1787757000,0.58026,0.58026,0.58008,0.58017,128,8,0
2026-08-26T15:15:00Z,1787757300,0.58016,0.58016,0.58,0.58004,127,8,0
2026-08-26T15:20:00Z,1787757600,0.58005,0.58026,0.58003,0.58025,106,8,0
2026-08-26T15:25:00Z,1787757900,0.58026,0.58032,0.58013,0.58014,103,8,0
2026-08-26T15:30:00Z,1787758200,0.58014,0.58023,0.58011,0.58019,113,8,0
2026-08-26T15:35:00Z,1787758500,0.58018,0.58019,0.58007,0.58007,78,8,0
2026-08-26T15:40:00Z,1787758800,0.58008,0.58017,0.58004,0.58017,92,8,0
2026-08-26T15:45:00Z,1787759100,0.58017,0.58017,0.58007,0.58013,83,8,0
2026-08-26T15:50:00Z,1787759400,0.58013,0.5803,0.58013,0.58018,172,8,0
2026-08-26T15:55:00Z,1787759700,0.58018,0.58041,0.58014,0.58041,148,8,0
2026-08-26T16:00:00Z,1787760000,0.58041,0.58046,0.58034,0.58039,121,8,0
2026-08-26T16:05:00Z,1787760300,0.58039,0.58055,0.58035,0.58053,101,8,0
2026-08-26T16:10:00Z,1787760600,0.58053,0.58054,0.58047,0.58048,81,8,0
2026-08-26T16:15:00Z,1787760900,0.58048,0.58056,0.58046,0.58052,91,8,0
2026-08-26T16:20:00Z,1787761200,0.58052,0.58063,0.58052,0.58063,90,8,0
2026-08-26T16:25:00Z,1787761500,0.58063,0.58075,0.58063,0.5807,95,8,0
2026-08-26T16:30:00Z,1787761800,0.58071,0.58071,0.58066,0.58066,78,8,0
2026-08-26T16:35:00Z,1787762100,0.58066,0.58067,0.58053,0.58062,104,8,0
2026-08-26T16:40:00Z,1787762400,0.58062,0.58065,0.58058,0.58063,94,8,0
2026-08-26T16:45:00Z,1787762700,0.58063,0.58065,0.58043,0.58044,95,8,0
2026-08-26T16:50:00Z,1787763000,0.58044,0.58053,0.58041,0.58051,90,8,0
2026-08-26T16:55:00Z,1787763300,0.58052,0.58054,0.58047,0.58049,75,8,0
2026-08-26T17:00:00Z,1787763600,0.58049,0.58052,0.58041,0.58042,100,8,0
2026-08-26T17:05:00Z,1787763900,0.58042,0.58045,0.58033,0.58036,79,8,0
2026-08-26T17:10:00Z,1787764200,0.58035,0.58041,0.58032,0.58041,73,8,0
2026-08-26T17:15:00Z,1787764500,0.5804,0.58042,0.58032,0.58039,81,8,0
2026-08-26T17:20:00Z,1787764800,0.58039,0.58048,0.58039,0.58045,68,8,0
2026-08-26T17:25:00Z,1787765100,0.58045,0.58048,0.5804,0.58044,62,8,0
2026-08-26T17:30:00Z,1787765400,0.58044,0.58046,0.58034,0.58039,65,8,0
2026-08-26T17:35:00Z,1787765700,0.58039,0.58045,0.58036,0.58045,41,8,0
2026-08-26T17:40:00Z,1787766000,0.58045,0.58046,0.58036,0.58039,56,8,0
2026-08-26T17:45:00Z,1787766300,0.58039,0.58051,0.58037,0.58051,64,8,0
2026-08-26T17:50:00Z,1787766600,0.58051,0.58054,0.58045,0.5805,52,8,0
2026-08-26T17:55:00Z,1787766900,0.5805,0.58052,0.58035,0.5804,85,8,0
2026-08-26T18:00:00Z,1787767200,0.58041,0.58042,0.58036,0.58037,62,8,0
2026-08-26T18:05:00Z,1787767500,0.58038,0.58044,0.58035,0.58038,65,8,0
2026-08-26T18:10:00Z,1787767800,0.58038,0.58042,0.58035,0.58039,59,8,0
2026-08-26T18:15:00Z,1787768100,0.58039,0.58039,0.58034,0.58035,51,8,0
2026-08-26T18:20:00Z,1787768400,0.58035,0.5804,0.58032,0.58032,41,8,0
2026-08-26T18:25:00Z,1787768700,0.58032,0.58034,0.58028,0.58033,45,8,0
2026-08-26T18:30:00Z,1787769000,0.58033,0.58041,0.58032,0.58041,50,8,0
2026-08-26T18:35:00Z,1787769300,0.58041,0.58043,0.58034,0.58037,60,8,0
2026-08-26T18:40:00Z,1787769600,0.58037,0.58039,0.5803,0.58031,41,8,0
2026-08-26T18:45:00Z,1787769900,0.58031,0.58034,0.58026,0.58028,61,8,0
2026-08-26T18:50:00Z,1787770200,0.58027,0.5804,0.58027,0.5804,56,8,0
2026-08-26T18:55:00Z,1787770500,0.5804,0.58044,0.58035,0.58035,93,8,0
2026-08-26T19:00:00Z,1787770800,0.58036,0.58038,0.58032,0.58035,67,8,0
2026-08-26T19:05:00Z,1787771100,0.58035,0.58039,0.58035,0.58036,31,8,0
2026-08-26T19:10:00Z,1787771400,0.58036,0.58038,0.58033,0.58034,53,8,0
2026-08-26T19:15:00Z,1787771700,0.58034,0.58036,0.58031,0.58033,51,8,0
2026-08-26T19:20:00Z,1787772000,0.58034,0.58034,0.58028,0.58031,44,8,0
2026-08-26T19:25:00Z,1787772300,0.58031,0.58033,0.58028,0.58031,55,8,0
2026-08-26T19:30:00Z,1787772600,0.58031,0.58032,0.58027,0.58029,67,8,0
2026-08-26T19:35:00Z,1787772900,0.58029,0.58029,0.58024,0.58026,49,8,0
2026-08-26T19:40:00Z,1787773200,0.58025,0.5803,0.58025,0.58029,45,8,0
2026-08-26T19:45:00Z,1787773500,0.58029,0.58035,0.58024,0.58035,52,8,0
2026-08-26T19:50:00Z,1787773800,0.58035,0.58046,0.58035,0.58038,76,8,0
2026-08-26T19:55:00Z,1787774100,0.5804,0.58043,0.58033,0.58036,119,8,0
2026-08-26T20:00:00Z,1787774400,0.58036,0.5804,0.5803,0.58038,83,8,0
2026-08-26T20:05:00Z,1787774700,0.58037,0.58037,0.5803,0.5803,68,8,0
2026-08-26T20:10:00Z,1787775000,0.58031,0.58032,0.5803,0.58031,27,8,0
2026-08-26T20:15:00Z,1787775300,0.58031,0.58037,0.58027,0.58028,30,8,0
2026-08-26T20:20:00Z,1787775600,0.58027,0.58035,0.58025,0.58034,35,8,0
2026-08-26T20:25:00Z,1787775900,0.58034,0.58035,0.58023,0.58032,46,8,0
2026-08-26T20:30:00Z,1787776200,0.58032,0.58035,0.58027,0.58034,34,8,0
2026-08-26T20:35:00Z,1787776500,0.58034,0.58037,0.58033,0.58036,23,8,0
2026-08-26T20:40:00Z,1787776800,0.58036,0.5804,0.58035,0.5804,26,8,0
2026-08-26T20:45:00Z,1787777100,0.58039,0.58041,0.58033,0.58034,48,8,0
2026-08-26T20:50:00Z,1787777400,0.58034,0.58044,0.58032,0.58043,35,8,0
2026-08-26T20:55:00Z,1787777700,0.58043,0.58044,0.58025,0.58029,51,8,0
2026-08-26T21:05:00Z,1787778300,0.58028,0.5803,0.58025,0.5803,11,11,0
2026-08-26T21:10:00Z,1787778600,0.58027,0.58028,0.58023,0.58023,8,25,0
2026-08-26T21:15:00Z,1787778900,0.58024,0.58027,0.58023,0.58027,13,22,0
2026-08-26T21:20:00Z,1787779200,0.58025,0.58029,0.58024,0.58026,26,21,0
2026-08-26T21:25:00Z,1787779500,0.58024,0.58029,0.58022,0.58029,19,28,0
2026-08-26T21:30:00Z,1787779800,0.5803,0.5803,0.58028,0.58029,17,27,0
2026-08-26T21:35:00Z,1787780100,0.5803,0.58032,0.58027,0.58029,19,17,0
2026-08-26T21:40:00Z,1787780400,0.58029,0.58032,0.58028,0.5803,39,17,0
2026-08-26T21:45:00Z,1787780700,0.5803,0.5803,0.58024,0.58027,76,22,0
2026-08-26T21:50:00Z,1787781000,0.58025,0.58026,0.58,0.58,85,28,0
2026-08-26T21:55:00Z,1787781300,0.58001,0.58026,0.58,0.58025,49,22,0
2026-08-26T22:00:00Z,1787781600,0.58024,0.58027,0.58002,0.58027,46,20,0
2026-08-26T22:05:00Z,1787781900,0.58027,0.58027,0.58023,0.58023,19,20,0
2026-08-26T22:10:00Z,1787782200,0.58023,0.58023,0.58021,0.58021,9,20,0
2026-08-26T22:15:00Z,1787782500,0.58021,0.58021,0.58017,0.58019,14,20,0
2026-08-26T22:20:00Z,1787782800,0.58019,0.58021,0.58017,0.58018,19,20,0
2026-08-26T22:25:00Z,1787783100,0.58018,0.58018,0.58014,0.58015,11,20,0
2026-08-26T22:30:00Z,1787783400,0.58015,0.58021,0.58014,0.58017,19,13,0
2026-08-26T22:35:00Z,1787783700,0.58017,0.58018,0.58016,0.58017,13,13,0
2026-08-26T22:40:00Z,1787784000,0.58017,0.58021,0.58016,0.58018,14,13,0
2026-08-26T22:45:00Z,1787784300,0.58018,0.58023,0.58018,0.58022,16,13,0
2026-08-26T22:50:00Z,1787784600,0.58022,0.58022,0.58021,0.58021,8,13,0
2026-08-26T22:55:00Z,1787784900,0.58022,0.58022,0.58019,0.58019,18,13,0
2026-08-26T23:00:00Z,1787785200,0.58022,0.58028,0.58022,0.58027,28,8,0
2026-08-26T23:05:00Z,1787785500,0.58027,0.58028,0.58026,0.58026,24,8,0
2026-08-26T23:10:00Z,1787785800,0.58026,0.58026,0.58018,0.58018,23,8,0
2026-08-26T23:15:00Z,1787786100,0.58018,0.58021,0.58017,0.58018,22,8,0
2026-08-26T23:20:00Z,1787786400,0.58018,0.58022,0.58015,0.58015,29,8,0
2026-08-26T23:25:00Z,1787786700,0.58015,0.58016,0.58008,0.5801,20,8,0
2026-08-26T23:30:00Z,1787787000,0.58011,0.58013,0.5801,0.5801,19,8,0
2026-08-26T23:35:00Z,1787787300,0.5801,0.58012,0.58009,0.58009,13,8,0
2026-08-26T23:40:00Z,1787787600,0.58009,0.58014,0.58009,0.58013,12,8,0
2026-08-26T23:45:00Z,1787787900,0.58014,0.58023,0.58014,0.58021,24,8,0
2026-08-26T23:50:00Z,1787788200,0.58022,0.58023,0.58019,0.58021,17,8,0
2026-08-26T23:55:00Z,1787788500,0.58022,0.5803,0.58021,0.58027,43,8,0
2026-08-27T00:00:00Z,1787788800,0.58027,0.58028,0.58011,0.58012,112,8,0
2026-08-27T00:05:00Z,1787789100,0.58012,0.58021,0.58012,0.58016,95,8,0
2026-08-27T00:10:00Z,1787789400,0.58016,0.58017,0.58006,0.58012,79,8,0
2026-08-27T00:15:00Z,1787789700,0.58012,0.58019,0.5801,0.58019,68,8,0
2026-08-27T00:20:00Z,1787790000,0.58019,0.58029,0.58019,0.58028,66,8,0
2026-08-27T00:25:00Z,1787790300,0.58028,0.58028,0.5802,0.58022,45,8,0
2026-08-27T00:30:00Z,1787790600,0.58023,0.58026,0.58021,0.58022,60,8,0
2026-08-27T00:35:00Z,1787790900,0.58022,0.5803,0.58022,0.58027,34,8,0
2026-08-27T00:40:00Z,1787791200,0.58027,0.58031,0.58025,0.58029,40,8,0
2026-08-27T00:45:00Z,1787791500,0.58029,0.58039,0.58029,0.58038,33,8,0
2026-08-27T00:50:00Z,1787791800,0.58038,0.58046,0.58031,0.58039,87,8,0
2026-08-27T00:55:00Z,1787792100,0.5804,0.5805,0.58034,0.58042,103,8,0
2026-08-27T01:00:00Z,1787792400,0.58042,0.58042,0.58026,0.58026,131,8,0
2026-08-27T01:05:00Z,1787792700,0.58026,0.58037,0.58025,0.58036,61,8,0
2026-08-27T01:10:00Z,1787793000,0.58036,0.58036,0.58023,0.58023,57,8,0
2026-08-27T01:15:00Z,1787793300,0.58022,0.58029,0.58021,0.58028,63,8,0
2026-08-27T01:20:00Z,1787793600,0.58028,0.58032,0.58022,0.58025,61,8,0
2026-08-27T01:25:00Z,1787793900,0.58024,0.58033,0.58024,0.58028,56,8,0
2026-08-27T01:30:00Z,1787794200,0.58027,0.5804,0.58027,0.58031,65,8,0
2026-08-27T01:35:00Z,1787794500,0.58031,0.58032,0.58026,0.5803,83,8,0
2026-08-27T01:40:00Z,1787794800,0.5803,0.58041,0.5803,0.58036,57,8,0
2026-08-27T01:45:00Z,1787795100,0.58036,0.58036,0.5803,0.58033,54,8,0
2026-08-27T01:50:00Z,1787795400,0.58033,0.58033,0.58022,0.58023,39,8,0
2026-08-27T01:55:00Z,1787795700,0.58023,0.58024,0.58015,0.58021,52,8,0
2026-08-27T02:00:00Z,1787796000,0.58021,0.58028,0.58021,0.58024,53,8,0
2026-08-27T02:05:00Z,1787796300,0.58024,0.58029,0.58024,0.58024,31,8,0
2026-08-27T02:10:00Z,1787796600,0.58024,0.5803,0.58022,0.5803,25,8,0
2026-08-27T02:15:00Z,1787796900,0.5803,0.58037,0.5803,0.58035,37,8,0
2026-08-27T02:20:00Z,1787797200,0.58035,0.58038,0.58028,0.58037,43,8,0
2026-08-27T02:25:00Z,1787797500,0.58037,0.58037,0.58032,0.58034,32,8,0
2026-08-27T02:30:00Z,1787797800,0.58034,0.58035,0.58031,0.58031,41,8,0
2026-08-27T02:35:00Z,1787798100,0.58032,0.58033,0.58029,0.58031,44,8,0
2026-08-27T02:40:00Z,1787798400,0.58031,0.58031,0.58026,0.5803,30,8,0
2026-08-27T02:45:00Z,1787798700,0.5803,0.5803,0.58025,0.58027,44,8,0
2026-08-27T02:50:00Z,1787799000,0.58027,0.58027,0.5802,0.5802,31,8,0
2026-08-27T02:55:00Z,1787799300,0.58019,0.58021,0.58017,0.58018,29,8,0
2026-08-27T03:00:00Z,1787799600,0.58017,0.58023,0.58016,0.58019,45,8,0
2026-08-27T03:05:00Z,1787799900,0.58019,0.58025,0.58018,0.58024,46,8,0
2026-08-27T03:10:00Z,1787800200,0.58024,0.58026,0.58021,0.58023,31,8,0
2026-08-27T03:15:00Z,1787800500,0.58023,0.58026,0.58022,0.58023,31,8,0
2026-08-27T03:20:00Z,1787800800,0.58023,0.5803,0.58021,0.58024,34,8,0
2026-08-27T03:25:00Z,1787801100,0.58024,0.58031,0.58024,0.58026,38,8,0
2026-08-27T03:30:00Z,1787801400,0.58025,0.58028,0.58019,0.58021,34,8,0
2026-08-27T03:35:00Z,1787801700,0.58021,0.58025,0.5802,0.58021,38,8,0
2026-08-27T03:40:00Z,1787802000,0.58021,0.58025,0.58019,0.58021,31,8,0
2026-08-27T03:45:00Z,1787802300,0.58022,0.58023,0.58013,0.58013,31,8,0
2026-08-27T03:50:00Z,1787802600,0.58013,0.58017,0.58013,0.58015,27,8,0
2026-08-27T03:55:00Z,1787802900,0.58015,0.58021,0.58014,0.5802,23,8,0
2026-08-27T04:00:00Z,1787803200,0.5802,0.58022,0.58014,0.58014,33,8,0
2026-08-27T04:05:00Z,1787803500,0.58015,0.58016,0.58009,0.58014,52,8,0
2026-08-27T04:10:00Z,1787803800,0.58014,0.58015,0.58007,0.58009,48,8,0
2026-08-27T04:15:00Z,1787804100,0.5801,0.58015,0.58008,0.58015,24,8,0
2026-08-27T04:20:00Z,1787804400,0.58016,0.5802,0.58015,0.58019,32,8,0
2026-08-27T04:25:00Z,1787804700,0.58019,0.58021,0.58015,0.5802,36,8,0
2026-08-27T04:30:00Z,1787805000,0.5802,0.5802,0.58017,0.58017,28,8,0
2026-08-27T04:35:00Z,1787805300,0.58017,0.58022,0.58017,0.58021,28,8,0
2026-08-27T04:40:00Z,1787805600,0.58021,0.58021,0.58015,0.58021,26,8,0
2026-08-27T04:45:00Z,1787805900,0.5802,0.58027,0.5802,0.58026,27,8,0
2026-08-27T04:50:00Z,1787806200,0.58026,0.58026,0.58023,0.58024,27,8,0
2026-08-27T04:55:00Z,1787806500,0.58024,0.58034,0.58024,0.58029,35,8,0
2026-08-27T05:00:00Z,1787806800,0.58029,0.58031,0.58026,0.58026,42,8,0
2026-08-27T05:05:00Z,1787807100,0.58026,0.58029,0.58023,0.58026,44,8,0
2026-08-27T05:10:00Z,1787807400,0.58026,0.58028,0.58019,0.58019,32,8,0
2026-08-27T05:15:00Z,1787807700,0.58019,0.58023,0.58015,0.58016,58,8,0
2026-08-27T05:20:00Z,1787808000,0.58016,0.58018,0.58013,0.58017,41,8,0
2026-08-27T05:25:00Z,1787808300,0.58017,0.58018,0.58012,0.58013,45,8,0
2026-08-27T05:30:00Z,1787808600,0.58012,0.58014,0.58007,0.58014,49,8,0
2026-08-27T05:35:00Z,1787808900,0.58014,0.58018,0.58014,0.58015,30,8,0
2026-08-27T05:40:00Z,1787809200,0.58015,0.58018,0.58012,0.58015,45,8,0
2026-08-27T05:45:00Z,1787809500,0.58015,0.58024,0.58014,0.58021,39,8,0
2026-08-27T05:50:00Z,1787809800,0.58021,0.58037,0.5802,0.58034,78,8,0
2026-08-27T05:55:00Z,1787810100,0.58034,0.58037,0.58026,0.58027,77,8,0
2026-08-27T06:00:00Z,1787810400,0.58026,0.58036,0.58024,0.58034,58,8,0
2026-08-27T06:05:00Z,1787810700,0.58034,0.58039,0.5803,0.58031,58,8,0
2026-08-27T06:10:00Z,1787811000,0.58031,0.58032,0.58022,0.58026,72,8,0
2026-08-27T06:15:00Z,1787811300,0.58027,0.58034,0.58026,0.5803,46,8,0
2026-08-27T06:20:00Z,1787811600,0.5803,0.58032,0.58028,0.58031,64,8,0
2026-08-27T06:25:00Z,1787811900,0.58031,0.58036,0.5803,0.58031,70,8,0
2026-08-27T06:30:00Z,1787812200,0.5803,0.5803,0.58018,0.58022,76,8,0
2026-08-27T06:35:00Z,1787812500,0.58022,0.58024,0.58011,0.58013,47,8,0
2026-08-27T06:40:00Z,1787812800,0.58013,0.58018,0.58011,0.58015,70,8,0
2026-08-27T06:45:00Z,1787813100,0.58015,0.58022,0.5801,0.58022,61,8,0
2026-08-27T06:50:00Z,1787813400,0.58022,0.58033,0.58022,0.58031,58,8,0
2026-08-27T06:55:00Z,1787813700,0.58032,0.58032,0.58019,0.58022,70,8,0
2026-08-27T07:00:00Z,1787814000,0.58022,0.58022,0.58,0.58005,114,8,0
2026-08-27T07:05:00Z,1787814300,0.58005,0.58016,0.58005,0.58015,76,8,0
2026-08-27T07:10:00Z,1787814600,0.58015,0.58021,0.58011,0.58021,74,8,0
2026-08-27T07:15:00Z,1787814900,0.58021,0.58026,0.58016,0.58025,73,8,0
2026-08-27T07:20:00Z,1787815200,0.58024,0.58031,0.58019,0.58029,66,8,0
2026-08-27T07:25:00Z,1787815500,0.58029,0.5803,0.58019,0.58019,67,8,0
2026-08-27T07:30:00Z,1787815800,0.58019,0.58035,0.58017,0.58025,70,8,0
2026-08-27T07:35:00Z,1787816100,0.58026,0.58045,0.58025,0.58042,89,8,0
2026-08-27T07:40:00Z,1787816400,0.58043,0.58052,0.5804,0.58043,69,8,0
2026-08-27T07:45:00Z,1787816700,0.58042,0.58044,0.5803,0.58032,79,8,0
2026-08-27T07:50:00Z,1787817000,0.58032,0.58049,0.58031,0.58045,79,8,0
2026-08-27T07:55:00Z,1787817300,0.58045,0.58059,0.5804,0.58056,99,8,0
2026-08-27T08:00:00Z,1787817600,0.58056,0.58068,0.58052,0.58052,117,8,0
2026-08-27T08:05:00Z,1787817900,0.58052,0.5806,0.58047,0.58049,87,8,0
2026-08-27T08:10:00Z,1787818200,0.58049,0.5806,0.58047,0.58056,98,8,0
2026-08-27T08:15:00Z,1787818500,0.58056,0.58058,0.58043,0.58048,82,8,0
2026-08-27T08:20:00Z,1787818800,0.58048,0.58065,0.58048,0.58061,98,8,0
2026-08-27T08:25:00Z,1787819100,0.5806,0.58064,0.58052,0.58064,83,8,0
2026-08-27T08:30:00Z,1787819400,0.58064,0.5807,0.58046,0.58056,128,8,0
2026-08-27T08:35:00Z,1787819700,0.58056,0.58062,0.58049,0.58057,151,8,0
2026-08-27T08:40:00Z,1787820000,0.58057,0.58059,0.58034,0.58036,110,8,0
2026-08-27T08:45:00Z,1787820300,0.58036,0.58039,0.58029,0.58033,128,8,0
2026-08-27T08:50:00Z,1787820600,0.58033,0.58037,0.58028,0.58034,136,8,0
2026-08-27T08:55:00Z,1787820900,0.58034,0.58052,0.58031,0.58051,123,8,0
2026-08-27T09:00:00Z,1787821200,0.58052,0.58069,0.58048,0.58065,110,8,0
2026-08-27T09:05:00Z,1787821500,0.58066,0.58068,0.58057,0.58065,103,8,0
2026-08-27T09:10:00Z,1787821800,0.58064,0.58071,0.58056,0.58071,49,8,0
2026-08-27T09:15:00Z,1787822100,0.58071,0.58071,0.58063,0.58065,71,8,0
2026-08-27T09:20:00Z,1787822400,0.58065,0.58068,0.58047,0.5805,87,8,0
2026-08-27T09:25:00Z,1787822700,0.58052,0.58059,0.58046,0.58047,79,8,0
2026-08-27T09:30:00Z,1787823000,0.58047,0.58053,0.58041,0.58052,79,8,0
2026-08-27T09:35:00Z,1787823300,0.58052,0.58056,0.58045,0.58045,91,8,0
2026-08-27T09:40:00Z,1787823600,0.58045,0.58051,0.5804,0.58047,84,8,0
2026-08-27T09:45:00Z,1787823900,0.58047,0.58049,0.58043,0.58045,62,8,0
2026-08-27T09:50:00Z,1787824200,0.58045,0.58046,0.58034,0.58036,67,8,0
2026-08-27T09:55:00Z,1787824500,0.58036,0.58053,0.58035,0.58049,104,8,0
2026-08-27T10:00:00Z,1787824800,0.58049,0.58062,0.58047,0.58051,131,8,0
2026-08-27T10:05:00Z,1787825100,0.58052,0.58057,0.58042,0.58043,86,8,0
2026-08-27T10:10:00Z,1787825400,0.58043,0.58044,0.58033,0.58033,76,8,0
2026-08-27T10:15:00Z,1787825700,0.58033,0.58039,0.58031,0.58035,65,8,0
2026-08-27T10:20:00Z,1787826000,0.58035,0.58044,0.5803,0.58043,68,8,0
2026-08-27T10:25:00Z,1787826300,0.58043,0.58053,0.58042,0.58047,67,8,0
2026-08-27T10:30:00Z,1787826600,0.58047,0.58054,0.58047,0.5805,50,8,0
2026-08-27T10:35:00Z,1787826900,0.5805,0.58067,0.5805,0.5806,99,8,0
2026-08-27T10:40:00Z,1787827200,0.5806,0.58061,0.58044,0.58044,64,8,0
2026-08-27T10:45:00Z,1787827500,0.58043,0.58051,0.58039,0.58039,66,8,0
2026-08-27T10:50:00Z,1787827800,0.58038,0.58048,0.58038,0.58041,51,8,0
2026-08-27T10:55:00Z,1787828100,0.5804,0.58043,0.58036,0.58042,71,8,0
2026-08-27T11:00:00Z,1787828400,0.58042,0.58058,0.58041,0.58058,69,8,0
2026-08-27T11:05:00Z,1787828700,0.58058,0.58061,0.58052,0.58052,67,8,0
2026-08-27T11:10:00Z,1787829000,0.58052,0.58062,0.5805,0.58054,78,8,0
2026-08-27T11:15:00Z,1787829300,0.58054,0.58056,0.58041,0.58042,42,8,0
2026-08-27T11:20:00Z,1787829600,0.58042,0.58047,0.58039,0.58044,71,8,0
2026-08-27T11:25:00Z,1787829900,0.58044,0.5807,0.58044,0.5807,64,8,0
2026-08-27T11:30:00Z,1787830200,0.5807,0.58073,0.58057,0.58068,146,8,0
2026-08-27T11:35:00Z,1787830500,0.58068,0.58076,0.5806,0.58065,126,8,0
2026-08-27T11:40:00Z,1787830800,0.58066,0.58074,0.58061,0.58062,107,8,0
2026-08-27T11:45:00Z,1787831100,0.58062,0.5807,0.58055,0.58058,122,8,0
2026-08-27T11:50:00Z,1787831400,0.58057,0.5806,0.58048,0.5805,115,8,0
2026-08-27T11:55:00Z,1787831700,0.58051,0.58062,0.58049,0.58052,130,8,0
2026-08-27T12:00:00Z,1787832000,0.58053,0.58058,0.58038,0.58054,128,8,0
2026-08-27T12:05:00Z,1787832300,0.58054,0.58061,0.58048,0.58059,119,8,0
2026-08-27T12:10:00Z,1787832600,0.58059,0.58059,0.5803,0.58037,145,8,0
2026-08-27T12:15:00Z,1787832900,0.58035,0.58037,0.58017,0.58018,112,8,0
2026-08-27T12:20:00Z,1787833200,0.58018,0.58025,0.58011,0.58024,126,8,0
2026-08-27T12:25:00Z,1787833500,0.58022,0.58037,0.58012,0.58034,118,8,0
2026-08-27T12:30:00Z,1787833800,0.58037,0.5804,0.5803,0.58038,115,8,0
2026-08-27T12:35:00Z,1787834100,0.58038,0.58045,0.58026,0.58027,127,8,0
2026-08-27T12:40:00Z,1787834400,0.58028,0.58036,0.58024,0.58033,126,8,0
2026-08-27T12:45:00Z,1787834700,0.58033,0.58039,0.58025,0.58033,123,8,0
2026-08-27T12:50:00Z,1787835000,0.58033,0.58039,0.58024,0.58027,93,8,0
2026-08-27T12:55:00Z,1787835300,0.58027,0.58027,0.58017,0.5802,106,8,0
2026-08-27T13:00:00Z,1787835600,0.58021,0.58022,0.57989,0.57991,187,8,0
2026-08-27T13:05:00Z,1787835900,0.57991,0.57992,0.57976,0.5798,159,8,0
2026-08-27T13:10:00Z,1787836200,0.5798,0.57986,0.57968,0.57973,117,8,0
2026-08-27T13:15:00Z,1787836500,0.57972,0.57985,0.57969,0.57981,136,8,0
2026-08-27T13:20:00Z,1787836800,0.57981,0.57987,0.57956,0.57972,176,8,0
2026-08-27T13:25:00Z,1787837100,0.57972,0.57992,0.57968,0.57989,165,8,0
2026-08-27T13:30:00Z,1787837400,0.57989,0.58004,0.57977,0.57999,229,8,0
2026-08-27T13:35:00Z,1787837700,0.57999,0.58008,0.57993,0.58003,165,8,0
2026-08-27T13:40:00Z,1787838000,0.58003,0.58013,0.57997,0.58,139,8,0
2026-08-27T13:45:00Z,1787838300,0.58,0.5801,0.57993,0.58007,144,8,0
2026-08-27T13:50:00Z,1787838600,0.58006,0.58011,0.5798,0.5799,166,8,0
2026-08-27T13:55:00Z,1787838900,0.5799,0.58009,0.57979,0.58007,163,8,0
2026-08-27T14:00:00Z,1787839200,0.58007,0.58019,0.58005,0.5801,182,8,0
2026-08-27T14:05:00Z,1787839500,0.5801,0.58016,0.57999,0.58012,205,8,0
2026-08-27T14:10:00Z,1787839800,0.58011,0.58022,0.58004,0.58005,158,8,0
2026-08-27T14:15:00Z,1787840100,0.58005,0.58021,0.58005,0.5802,140,8,0
2026-08-27T14:20:00Z,1787840400,0.58021,0.5803,0.58013,0.58025,124,8,0
2026-08-27T14:25:00Z,1787840700,0.58025,0.58027,0.58012,0.58015,123,8,0
2026-08-27T14:30:00Z,1787841000,0.58015,0.58017,0.58002,0.58005,124,8,0
2026-08-27T14:35:00Z,1787841300,0.58005,0.5802,0.57999,0.58013,147,8,0
2026-08-27T14:40:00Z,1787841600,0.58012,0.58028,0.58005,0.58023,154,8,0
2026-08-27T14:45:00Z,1787841900,0.58023,0.58024,0.58007,0.58014,146,8,0
2026-08-27T14:50:00Z,1787842200,0.58013,0.58015,0.57995,0.58001,176,8,0
2026-08-27T14:55:00Z,1787842500,0.58003,0.58009,0.57984,0.58005,202,8,0
2026-08-27T15:00:00Z,1787842800,0.58006,0.58009,0.57982,0.57984,173,8,0
2026-08-27T15:05:00Z,1787843100,0.57984,0.57989,0.57976,0.57984,149,8,0
2026-08-27T15:10:00Z,1787843400,0.57984,0.57987,0.57976,0.57981,126,8,0
2026-08-27T15:15:00Z,1787843700,0.5798,0.57981,0.57965,0.5797,125,8,0
2026-08-27T15:20:00Z,1787844000,0.5797,0.57977,0.57968,0.57971,88,8,0
2026-08-27T15:25:00Z,1787844300,0.57971,0.57984,0.57968,0.57974,100,8,0
2026-08-27T15:30:00Z,1787844600,0.57972,0.57998,0.57972,0.57996,150,8,0
2026-08-27T15:35:00Z,1787844900,0.57996,0.57997,0.57992,0.57997,85,8,0
2026-08-27T15:40:00Z,1787845200,0.57997,0.58011,0.57995,0.58011,92,8,0
2026-08-27T15:45:00Z,1787845500,0.58012,0.58018,0.58005,0.58006,97,8,0
2026-08-27T15:50:00Z,1787845800,0.58006,0.58007,0.57995,0.57996,69,8,0
2026-08-27T15:55:00Z,1787846100,0.57996,0.58002,0.57986,0.57999,103,8,0
2026-08-27T16:00:00Z,1787846400,0.58,0.58004,0.57989,0.5799,95,8,0
2026-08-27T16:05:00Z,1787846700,0.57991,0.58011,0.57991,0.58006,86,8,0
2026-08-27T16:10:00Z,1787847000,0.58006,0.58013,0.57998,0.58001,84,8,0
2026-08-27T16:15:00Z,1787847300,0.58002,0.58007,0.58,0.58003,77,8,0
2026-08-27T16:20:00Z,1787847600,0.58002,0.58003,0.57989,0.57998,92,8,0
2026-08-27T16:25:00Z,1787847900,0.57998,0.57998,0.5799,0.57992,58,8,0
2026-08-27T16:30:00Z,1787848200,0.57991,0.57995,0.57983,0.57993,90,8,0
2026-08-27T16:35:00Z,1787848500,0.57994,0.58001,0.57992,0.58,70,8,0
2026-08-27T16:40:00Z,1787848800,0.58,0.58006,0.57994,0.58004,71,8,0
2026-08-27T16:45:00Z,1787849100,0.58005,0.58023,0.58005,0.58023,99,8,0
2026-08-27T16:50:00Z,1787849400,0.58024,0.58027,0.58012,0.58014,95,8,0
2026-08-27T16:55:00Z,1787849700,0.58014,0.58019,0.58009,0.58015,104,8,0
2026-08-27T17:00:00Z,1787850000,0.58015,0.58017,0.58001,0.58008,110,8,0
2026-08-27T17:05:00Z,1787850300,0.58008,0.58015,0.58008,0.58012,75,8,0
2026-08-27T17:10:00Z,1787850600,0.58012,0.5802,0.58012,0.58016,60,8,0
2026-08-27T17:15:00Z,1787850900,0.58016,0.58018,0.58,0.58002,89,8,0
2026-08-27T17:20:00Z,1787851200,0.58002,0.58005,0.58,0.58005,66,8,0
2026-08-27T17:25:00Z,1787851500,0.58005,0.58013,0.58004,0.58005,63,8,0
2026-08-27T17:30:00Z,1787851800,0.58005,0.58015,0.58003,0.58014,84,8,0
2026-08-27T17:35:00Z,1787852100,0.58014,0.58016,0.58012,0.58013,65,8,0
2026-08-27T17:40:00Z,1787852400,0.58013,0.58014,0.58008,0.58012,59,8,0
2026-08-27T17:45:00Z,1787852700,0.58012,0.58029,0.58011,0.5802,111,8,0
2026-08-27T17:50:00Z,1787853000,0.58021,0.58034,0.58019,0.58034,76,8,0
2026-08-27T17:55:00Z,1787853300,0.58034,0.58055,0.58033,0.58051,101,8,0
2026-08-27T18:00:00Z,1787853600,0.58051,0.58062,0.58046,0.5806,94,8,0
2026-08-27T18:05:00Z,1787853900,0.5806,0.58069,0.58057,0.58062,74,8,0
2026-08-27T18:10:00Z,1787854200,0.58062,0.58062,0.58047,0.58047,57,8,0
2026-08-27T18:15:00Z,1787854500,0.58047,0.5805,0.58043,0.5805,70,8,0
2026-08-27T18:20:00Z,1787854800,0.58049,0.58053,0.58044,0.58045,68,8,0
2026-08-27T18:25:00Z,1787855100,0.58044,0.5805,0.58041,0.58046,72,8,0
2026-08-27T18:30:00Z,1787855400,0.58047,0.58047,0.58036,0.58037,72,8,0
2026-08-27T18:35:00Z,1787855700,0.58037,0.58049,0.58036,0.58048,62,8,0
2026-08-27T18:40:00Z,1787856000,0.58047,0.58048,0.58042,0.58047,50,8,0
2026-08-27T18:45:00Z,1787856300,0.58047,0.58049,0.58044,0.58045,56,8,0
2026-08-27T18:50:00Z,1787856600,0.58046,0.58046,0.5804,0.58043,54,8,0
2026-08-27T18:55:00Z,1787856900,0.58042,0.58043,0.58036,0.5804,63,8,0
2026-08-27T19:00:00Z,1787857200,0.58039,0.58043,0.58035,0.58042,69,8,0
2026-08-27T19:05:00Z,1787857500,0.58042,0.58044,0.58035,0.58044,90,8,0
2026-08-27T19:10:00Z,1787857800,0.58044,0.58049,0.58044,0.58048,66,8,0
2026-08-27T19:15:00Z,1787858100,0.58048,0.5805,0.58045,0.58045,45,8,0
2026-08-27T19:20:00Z,1787858400,0.58045,0.58046,0.58042,0.58044,59,8,0
2026-08-27T19:25:00Z,1787858700,0.58044,0.58051,0.58044,0.5805,57,8,0
2026-08-27T19:30:00Z,1787859000,0.5805,0.58058,0.5805,0.5805,72,8,0
2026-08-27T19:35:00Z,1787859300,0.5805,0.58052,0.58043,0.58047,46,8,0
2026-08-27T19:40:00Z,1787859600,0.58047,0.5805,0.5804,0.58042,43,8,0
2026-08-27T19:45:00Z,1787859900,0.58042,0.58046,0.5804,0.58043,66,8,0
2026-08-27T19:50:00Z,1787860200,0.58043,0.58049,0.58042,0.58048,42,8,0
2026-08-27T19:55:00Z,1787860500,0.58048,0.58065,0.5804,0.58058,127,8,0
2026-08-27T20:00:00Z,1787860800,0.58059,0.58068,0.58054,0.58055,60,8,0
2026-08-27T20:05:00Z,1787861100,0.58055,0.58057,0.58051,0.58055,39,8,0
2026-08-27T20:10:00Z,1787861400,0.58055,0.58056,0.5805,0.58054,40,8,0
2026-08-27T20:15:00Z,1787861700,0.58053,0.58054,0.58046,0.58048,34,8,0
2026-08-27T20:20:00Z,1787862000,0.58048,0.58054,0.58047,0.58053,24,8,0
2026-08-27T20:25:00Z,1787862300,0.58053,0.58058,0.58051,0.58053,30,8,0
2026-08-27T20:30:00Z,1787862600,0.58053,0.58053,0.58045,0.58046,35,8,0
2026-08-27T20:35:00Z,1787862900,0.58046,0.58046,0.58038,0.58039,25,8,0
2026-08-27T20:40:00Z,1787863200,0.58039,0.58043,0.58038,0.58041,36,8,0
2026-08-27T20:45:00Z,1787863500,0.58041,0.58049,0.5804,0.58046,33,8,0
2026-08-27T20:50:00Z,1787863800,0.58046,0.58046,0.58036,0.58036,33,8,0
2026-08-27T20:55:00Z,1787864100,0.58036,0.58046,0.58036,0.58044,35,8,0
2026-08-27T21:05:00Z,1787864700,0.58042,0.58043,0.58029,0.58029,11,13,0
2026-08-27T21:10:00Z,1787865000,0.58027,0.58027,0.58012,0.58012,12,28,0
2026-08-27T21:15:00Z,1787865300,0.58011,0.58012,0.58004,0.58004,26,49,0
2026-08-27T21:20:00Z,1787865600,0.58004,0.58011,0.58003,0.5801,15,48,0
2026-08-27T21:25:00Z,1787865900,0.58013,0.58025,0.58013,0.58025,27,29,0
2026-08-27T21:30:00Z,1787866200,0.58026,0.58027,0.58003,0.58003,30,27,0
2026-08-27T21:35:00Z,1787866500,0.58002,0.58024,0.58,0.58024,31,31,0
2026-08-27T21:40:00Z,1787866800,0.58024,0.58028,0.5802,0.58028,19,25,0
2026-08-27T21:45:00Z,1787867100,0.58028,0.58028,0.58025,0.58028,25,25,0
2026-08-27T21:50:00Z,1787867400,0.58027,0.58029,0.58025,0.58028,20,24,0
2026-08-27T21:55:00Z,1787867700,0.58028,0.58029,0.58027,0.58029,9,24,0
2026-08-27T22:00:00Z,1787868000,0.58028,0.58034,0.58024,0.58032,16,20,0
2026-08-27T22:05:00Z,1787868300,0.58034,0.58037,0.58034,0.58035,10,20,0
2026-08-27T22:10:00Z,1787868600,0.58037,0.58037,0.5803,0.58031,15,20,0
2026-08-27T22:15:00Z,1787868900,0.58032,0.58034,0.58029,0.58034,13,20,0
2026-08-27T22:20:00Z,1787869200,0.58034,0.58041,0.58034,0.58041,10,20,0
2026-08-27T22:25:00Z,1787869500,0.58041,0.58042,0.58038,0.5804,12,20,0
2026-08-27T22:30:00Z,1787869800,0.5804,0.58043,0.58035,0.58035,27,20,0
2026-08-27T22:35:00Z,1787870100,0.58035,0.58043,0.58034,0.58042,20,13,0
2026-08-27T22:40:00Z,1787870400,0.58042,0.58042,0.58041,0.58042,6,13,0
2026-08-27T22:45:00Z,1787870700,0.58042,0.58043,0.5804,0.5804,15,13,0
2026-08-27T22:50:00Z,1787871000,0.5804,0.5804,0.58034,0.58038,16,13,0
2026-08-27T22:55:00Z,1787871300,0.58038,0.58041,0.58034,0.58038,23,13,0
2026-08-27T23:00:00Z,1787871600,0.5804,0.58041,0.58032,0.58033,27,8,0
2026-08-27T23:05:00Z,1787871900,0.58033,0.58034,0.58031,0.58034,14,8,0
2026-08-27T23:10:00Z,1787872200,0.58033,0.58034,0.58031,0.58031,12,8,0
2026-08-27T23:15:00Z,1787872500,0.58031,0.58043,0.5803,0.58039,25,8,0
2026-08-27T23:20:00Z,1787872800,0.58039,0.58044,0.58039,0.58043,20,8,0
2026-08-27T23:25:00Z,1787873100,0.58043,0.58045,0.58034,0.58036,23,8,0
2026-08-27T23:30:00Z,1787873400,0.58036,0.5804,0.58036,0.58036,16,8,0
2026-08-27T23:35:00Z,1787873700,0.58036,0.58038,0.58029,0.58035,32,8,0
2026-08-27T23:40:00Z,1787874000,0.58035,0.58036,0.58032,0.58034,16,8,0
2026-08-27T23:45:00Z,1787874300,0.58033,0.58035,0.58027,0.58028,30,8,0
2026-08-27T23:50:00Z,1787874600,0.58028,0.5803,0.58027,0.58029,30,8,0
2026-08-27T23:55:00Z,1787874900,0.58029,0.58032,0.58027,0.58031,32,8,0
2026-08-28T00:00:00Z,1787875200,0.58031,0.58045,0.58031,0.58043,70,8,0
2026-08-28T00:05:00Z,1787875500,0.58043,0.58044,0.58036,0.58043,61,8,0
2026-08-28T00:10:00Z,1787875800,0.58043,0.58049,0.58043,0.58049,46,8,0
2026-08-28T00:15:00Z,1787876100,0.58049,0.5806,0.58049,0.5806,39,8,0
2026-08-28T00:20:00Z,1787876400,0.58061,0.58064,0.58053,0.58055,29,8,0
2026-08-28T00:25:00Z,1787876700,0.58054,0.58061,0.58054,0.58055,26,8,0
2026-08-28T00:30:00Z,1787877000,0.58055,0.58057,0.58051,0.58055,41,8,0
2026-08-28T00:35:00Z,1787877300,0.58055,0.58057,0.58051,0.58056,33,8,0
2026-08-28T00:40:00Z,1787877600,0.58056,0.58058,0.58053,0.58056,29,8,0
2026-08-28T00:45:00Z,1787877900,0.58056,0.58058,0.58052,0.58057,37,8,0
2026-08-28T00:50:00Z,1787878200,0.58057,0.58063,0.58057,0.58061,49,8,0
2026-08-28T00:55:00Z,1787878500,0.5806,0.58062,0.58053,0.58057,41,8,0
2026-08-28T01:00:00Z,1787878800,0.58057,0.58057,0.58042,0.58044,67,8,0
2026-08-28T01:05:00Z,1787879100,0.58044,0.58049,0.58037,0.58048,56,8,0
2026-08-28T01:10:00Z,1787879400,0.58048,0.58051,0.58046,0.58046,41,8,0
2026-08-28T01:15:00Z,1787879700,0.58046,0.58048,0.5804,0.58043,46,8,0
2026-08-28T01:20:00Z,1787880000,0.58043,0.58049,0.58041,0.58048,53,8,0
2026-08-28T01:25:00Z,1787880300,0.58047,0.5805,0.58043,0.58048,43,8,0
2026-08-28T01:30:00Z,1787880600,0.58048,0.5805,0.58045,0.58047,37,8,0
2026-08-28T01:35:00Z,1787880900,0.58047,0.58048,0.58038,0.58041,56,8,0
2026-08-28T01:40:00Z,1787881200,0.58041,0.58051,0.5804,0.58051,45,8,0
2026-08-28T01:45:00Z,1787881500,0.58051,0.58059,0.58051,0.58052,62,8,0
2026-08-28T01:50:00Z,1787881800,0.58052,0.58059,0.5805,0.58056,49,8,0
2026-08-28T01:55:00Z,1787882100,0.58056,0.58062,0.58055,0.58062,46,8,0
2026-08-28T02:00:00Z,1787882400,0.58061,0.58068,0.58058,0.58067,59,8,0
2026-08-28T02:05:00Z,1787882700,0.58066,0.58068,0.58062,0.58065,42,8,0
2026-08-28T02:10:00Z,1787883000,0.58065,0.58072,0.58065,0.58071,39,8,0
2026-08-28T02:15:00Z,1787883300,0.58071,0.58071,0.58067,0.58068,35,8,0
2026-08-28T02:20:00Z,1787883600,0.58068,0.58072,0.58065,0.58065,34,8,0
2026-08-28T02:25:00Z,1787883900,0.58066,0.58075,0.58065,0.58074,52,8,0
2026-08-28T02:30:00Z,1787884200,0.58074,0.58084,0.58074,0.58081,52,8,0
2026-08-28T02:35:00Z,1787884500,0.58081,0.58081,0.58075,0.58076,30,8,0
2026-08-28T02:40:00Z,1787884800,0.58076,0.58082,0.58076,0.58082,33,8,0
2026-08-28T02:45:00Z,1787885100,0.58082,0.58087,0.5808,0.58085,46,8,0
2026-08-28T02:50:00Z,1787885400,0.58085,0.58087,0.58078,0.58078,33,8,0
2026-08-28T02:55:00Z,1787885700,0.58078,0.58082,0.58074,0.58076,46,8,0
2026-08-28T03:00:00Z,1787886000,0.58076,0.58078,0.58072,0.58077,28,8,0
2026-08-28T03:05:00Z,1787886300,0.58077,0.58078,0.58074,0.58078,23,8,0
2026-08-28T03:10:00Z,1787886600,0.58078,0.58082,0.58078,0.58081,28,8,0
2026-08-28T03:15:00Z,1787886900,0.58082,0.58084,0.58078,0.58084,32,8,0
2026-08-28T03:20:00Z,1787887200,0.58084,0.58086,0.58083,0.58086,25,8,0
2026-08-28T03:25:00Z,1787887500,0.58086,0.58086,0.58079,0.58079,30,8,0
2026-08-28T03:30:00Z,1787887800,0.58079,0.58084,0.58079,0.58084,33,8,0
2026-08-28T03:35:00Z,1787888100,0.58084,0.5809,0.58084,0.5809,19,8,0
2026-08-28T03:40:00Z,1787888400,0.58089,0.58092,0.58087,0.58087,26,8,0
2026-08-28T03:45:00Z,1787888700,0.58087,0.5809,0.58086,0.58089,25,8,0
2026-08-28T03:50:00Z,1787889000,0.58089,0.58093,0.58089,0.58093,25,8,0
2026-08-28T03:55:00Z,1787889300,0.58093,0.58096,0.58091,0.58096,30,8,0
2026-08-28T04:00:00Z,1787889600,0.58096,0.58108,0.58096,0.58105,31,8,0
2026-08-28T04:05:00Z,1787889900,0.58105,0.58106,0.581,0.58102,27,8,0
2026-08-28T04:10:00Z,1787890200,0.58102,0.58107,0.58101,0.58105,28,8,0
2026-08-28T04:15:00Z,1787890500,0.58105,0.58106,0.58098,0.581,29,8,0
2026-08-28T04:20:00Z,1787890800,0.581,0.58104,0.581,0.58102,24,8,0
2026-08-28T04:25:00Z,1787891100,0.58101,0.58106,0.58101,0.58104,28,8,0
2026-08-28T04:30:00Z,1787891400,0.58103,0.58107,0.58103,0.58106,23,8,0
2026-08-28T04:35:00Z,1787891700,0.58106,0.58108,0.58106,0.58106,19,8,0
2026-08-28T04:40:00Z,1787892000,0.58106,0.58107,0.58105,0.58105,31,8,0
2026-08-28T04:45:00Z,1787892300,0.58104,0.58106,0.58102,0.58105,27,8,0
2026-08-28T04:50:00Z,1787892600,0.58105,0.58108,0.58104,0.58106,20,8,0
2026-08-28T04:55:00Z,1787892900,0.58106,0.58107,0.58104,0.58106,28,8,0
2026-08-28T05:00:00Z,1787893200,0.58107,0.58109,0.58102,0.58104,52,8,0
2026-08-28T05:05:00Z,1787893500,0.58104,0.58107,0.58103,0.58106,33,8,0
2026-08-28T05:10:00Z,1787893800,0.58106,0.58108,0.58099,0.58101,40,8,0
2026-08-28T05:15:00Z,1787894100,0.581,0.58102,0.58096,0.58102,26,8,0
2026-08-28T05:20:00Z,1787894400,0.58101,0.58102,0.58097,0.581,34,8,0
2026-08-28T05:25:00Z,1787894700,0.581,0.58101,0.58096,0.58098,33,8,0
2026-08-28T05:30:00Z,1787895000,0.58098,0.58107,0.58096,0.58099,43,8,0
2026-08-28T05:35:00Z,1787895300,0.58099,0.58112,0.58097,0.58111,73,8,0
2026-08-28T05:40:00Z,1787895600,0.58111,0.58119,0.58109,0.58118,27,8,0
2026-08-28T05:45:00Z,1787895900,0.58118,0.58125,0.58112,0.5812,49,8,0
2026-08-28T05:50:00Z,1787896200,0.5812,0.5813,0.5812,0.58125,36,8,0
2026-08-28T05:55:00Z,1787896500,0.58125,0.58131,0.5812,0.58126,44,8,0
2026-08-28T06:00:00Z,1787896800,0.58125,0.58134,0.58112,0.58131,101,8,0
2026-08-28T06:05:00Z,1787897100,0.58132,0.58138,0.58127,0.5813,51,8,0
2026-08-28T06:10:00Z,1787897400,0.58131,0.58141,0.58131,0.58135,59,8,0
2026-08-28T06:15:00Z,1787897700,0.58135,0.58137,0.58129,0.58132,65,8,0
2026-08-28T06:20:00Z,1787898000,0.58132,0.58133,0.58119,0.58127,74,8,0
2026-08-28T06:25:00Z,1787898300,0.58128,0.58131,0.58119,0.58121,69,8,0
2026-08-28T06:30:00Z,1787898600,0.58121,0.58122,0.58107,0.58114,104,8,0
2026-08-28T06:35:00Z,1787898900,0.58113,0.58121,0.58107,0.58117,107,8,0
2026-08-28T06:40:00Z,1787899200,0.58117,0.58126,0.5811,0.58112,76,8,0
2026-08-28T06:45:00Z,1787899500,0.58112,0.58118,0.58107,0.58116,82,8,0
2026-08-28T06:50:00Z,1787899800,0.58117,0.5812,0.58111,0.5812,63,8,0
2026-08-28T06:55:00Z,1787900100,0.58119,0.58121,0.58111,0.58114,71,8,0
2026-08-28T07:00:00Z,1787900400,0.58113,0.58121,0.58096,0.58103,104,8,0
2026-08-28T07:05:00Z,1787900700,0.58103,0.58123,0.58102,0.58119,78,8,0
2026-08-28T07:10:00Z,1787901000,0.58119,0.5812,0.58104,0.58111,69,8,0
2026-08-28T07:15:00Z,1787901300,0.58111,0.58117,0.58104,0.58111,110,8,0
2026-08-28T07:20:00Z,1787901600,0.5811,0.58121,0.58109,0.58118,70,8,0
2026-08-28T07:25:00Z,1787901900,0.58118,0.58125,0.58114,0.58121,88,8,0
2026-08-28T07:30:00Z,1787902200,0.58121,0.58121,0.581,0.58105,76,8,0
2026-08-28T07:35:00Z,1787902500,0.58105,0.58109,0.58098,0.58099,79,8,0
2026-08-28T07:40:00Z,1787902800,0.58099,0.58099,0.58082,0.58088,74,8,0
2026-08-28T07:45:00Z,1787903100,0.58088,0.58094,0.58079,0.58081,76,8,0
2026-08-28T07:50:00Z,1787903400,0.58081,0.58082,0.58074,0.58077,58,8,0
2026-08-28T07:55:00Z,1787903700,0.58077,0.58082,0.58072,0.58078,71,8,0
2026-08-28T08:00:00Z,1787904000,0.58078,0.58082,0.58062,0.5808,94,8,0
2026-08-28T08:05:00Z,1787904300,0.5808,0.58091,0.58076,0.58078,99,8,0
2026-08-28T08:10:00Z,1787904600,0.58078,0.5808,0.58059,0.58068,84,8,0
2026-08-28T08:15:00Z,1787904900,0.58068,0.58078,0.58068,0.58074,85,8,0
2026-08-28T08:20:00Z,1787905200,0.58074,0.58074,0.58061,0.58071,71,8,0
2026-08-28T08:25:00Z,1787905500,0.58072,0.58072,0.5805,0.58056,84,8,0
2026-08-28T08:30:00Z,1787905800,0.58056,0.58056,0.58031,0.58035,78,8,0
2026-08-28T08:35:00Z,1787906100,0.58034,0.58045,0.58033,0.58037,70,8,0
2026-08-28T08:40:00Z,1787906400,0.58037,0.58046,0.58033,0.58044,64,8,0
2026-08-28T08:45:00Z,1787906700,0.58044,0.58054,0.58037,0.58039,85,8,0
2026-08-28T08:50:00Z,1787907000,0.58038,0.58046,0.58033,0.58037,83,8,0
2026-08-28T08:55:00Z,1787907300,0.58037,0.58044,0.58031,0.58031,70,8,0
2026-08-28T09:00:00Z,1787907600,0.58032,0.58055,0.58031,0.58042,107,8,0
2026-08-28T09:05:00Z,1787907900,0.58042,0.58043,0.58032,0.5804,93,8,0
2026-08-28T09:10:00Z,1787908200,0.5804,0.5804,0.58023,0.58024,60,8,0
2026-08-28T09:15:00Z,1787908500,0.58025,0.58032,0.58013,0.58014,80,8,0
2026-08-28T09:20:00Z,1787908800,0.58014,0.58029,0.58011,0.58011,87,8,0
2026-08-28T09:25:00Z,1787909100,0.58012,0.58029,0.58011,0.5802,93,8,0
2026-08-28T09:30:00Z,1787909400,0.58019,0.58027,0.5801,0.58011,83,8,0
2026-08-28T09:35:00Z,1787909700,0.5801,0.58015,0.58005,0.58007,70,8,0
2026-08-28T09:40:00Z,1787910000,0.58007,0.58019,0.58005,0.58007,65,8,0
2026-08-28T09:45:00Z,1787910300,0.58009,0.58012,0.58003,0.58007,49,8,0
2026-08-28T09:50:00Z,1787910600,0.58008,0.58011,0.57998,0.58002,69,8,0
2026-08-28T09:55:00Z,1787910900,0.58002,0.58029,0.58001,0.58027,116,8,0
2026-08-28T10:00:00Z,1787911200,0.58027,0.58032,0.58005,0.58008,78,8,0
2026-08-28T10:05:00Z,1787911500,0.58008,0.58012,0.57995,0.58012,69,8,0
2026-08-28T10:10:00Z,1787911800,0.58011,0.58018,0.58006,0.58017,86,8,0
2026-08-28T10:15:00Z,1787912100,0.58017,0.58029,0.58014,0.58018,90,8,0
2026-08-28T10:20:00Z,1787912400,0.58019,0.5803,0.58013,0.58021,97,8,0
2026-08-28T10:25:00Z,1787912700,0.58021,0.58024,0.58016,0.5802,69,8,0
2026-08-28T10:30:00Z,1787913000,0.58019,0.5802,0.58004,0.58011,63,8,0
2026-08-28T10:35:00Z,1787913300,0.58011,0.58013,0.58002,0.58007,39,8,0
2026-08-28T10:40:00Z,1787913600,0.58007,0.5801,0.58,0.5801,74,8,0
2026-08-28T10:45:00Z,1787913900,0.58011,0.58021,0.58011,0.58019,60,8,0
2026-08-28T10:50:00Z,1787914200,0.58019,0.58022,0.58011,0.58016,60,8,0
2026-08-28T10:55:00Z,1787914500,0.58017,0.5802,0.58011,0.58017,75,8,0
2026-08-28T11:00:00Z,1787914800,0.58017,0.58031,0.58013,0.58025,119,8,0
2026-08-28T11:05:00Z,1787915100,0.58025,0.58027,0.5802,0.58023,49,8,0
2026-08-28T11:10:00Z,1787915400,0.58023,0.58032,0.58023,0.58029,52,8,0
2026-08-28T11:15:00Z,1787915700,0.58029,0.58037,0.58026,0.58036,62,8,0
2026-08-28T11:20:00Z,1787916000,0.58036,0.58036,0.58023,0.58027,81,8,0
2026-08-28T11:25:00Z,1787916300,0.58027,0.58034,0.58019,0.58025,78,8,0
2026-08-28T11:30:00Z,1787916600,0.58024,0.58037,0.58021,0.58034,85,8,0
2026-08-28T11:35:00Z,1787916900,0.58034,0.58039,0.5803,0.58033,69,8,0
2026-08-28T11:40:00Z,1787917200,0.58033,0.58049,0.58033,0.58047,80,8,0
2026-08-28T11:45:00Z,1787917500,0.58046,0.58055,0.58045,0.58048,70,8,0
2026-08-28T11:50:00Z,1787917800,0.58048,0.58049,0.58041,0.58043,72,8,0
2026-08-28T11:55:00Z,1787918100,0.58044,0.58049,0.58027,0.58029,77,8,0
2026-08-28T12:00:00Z,1787918400,0.58028,0.58035,0.58024,0.58028,104,8,0
2026-08-28T12:05:00Z,1787918700,0.58028,0.58053,0.58027,0.58052,108,8,0
2026-08-28T12:10:00Z,1787919000,0.58052,0.58064,0.58046,0.58048,101,8,0
2026-08-28T12:15:00Z,1787919300,0.58048,0.58061,0.58046,0.58059,91,8,0
2026-08-28T12:20:00Z,1787919600,0.5806,0.58076,0.58058,0.58064,108,8,0
2026-08-28T12:25:00Z,1787919900,0.58064,0.58066,0.58059,0.58063,74,8,0
2026-08-28T12:30:00Z,1787920200,0.58062,0.58067,0.58034,0.58043,127,8,0
2026-08-28T12:35:00Z,1787920500,0.58044,0.58056,0.58038,0.58052,124,8,0
2026-08-28T12:40:00Z,1787920800,0.58051,0.58065,0.58051,0.5806,110,8,0
2026-08-28T12:45:00Z,1787921100,0.5806,0.58064,0.58046,0.58053,116,8,0
2026-08-28T12:50:00Z,1787921400,0.58053,0.58055,0.58039,0.58041,121,8,0
2026-08-28T12:55:00Z,1787921700,0.58041,0.58041,0.58014,0.58021,169,8,0
2026-08-28T13:00:00Z,1787922000,0.58022,0.58038,0.58019,0.58032,135,8,0
2026-08-28T13:05:00Z,1787922300,0.58032,0.58059,0.58029,0.58054,121,8,0
2026-08-28T13:10:00Z,1787922600,0.58053,0.58071,0.58052,0.58066,102,8,0
2026-08-28T13:15:00Z,1787922900,0.58064,0.58067,0.58057,0.58063,91,8,0
2026-08-28T13:20:00Z,1787923200,0.58063,0.58082,0.58062,0.5808,105,8,0
2026-08-28T13:25:00Z,1787923500,0.5808,0.58084,0.58047,0.58049,126,8,0
2026-08-28T13:30:00Z,1787923800,0.58048,0.5807,0.58045,0.58062,142,8,0
2026-08-28T13:35:00Z,1787924100,0.58062,0.58075,0.58061,0.58069,129,8,0
2026-08-28T13:40:00Z,1787924400,0.58069,0.58069,0.58048,0.58051,151,8,0
2026-08-28T13:45:00Z,1787924700,0.58049,0.58052,0.5804,0.58042,120,8,0
2026-08-28T13:50:00Z,1787925000,0.58043,0.58051,0.5804,0.58045,131,8,0
2026-08-28T13:55:00Z,1787925300,0.58046,0.58047,0.58023,0.5804,141,8,0
2026-08-28T14:00:00Z,1787925600,0.58041,0.58103,0.57972,0.58083,847,8,0
2026-08-28T14:05:00Z,1787925900,0.58083,0.58141,0.5808,0.58107,477,8,0
2026-08-28T14:10:00Z,1787926200,0.58107,0.58144,0.58099,0.58138,380,8,0
2026-08-28T14:15:00Z,1787926500,0.5814,0.5815,0.58114,0.58143,396,8,0
2026-08-28T14:20:00Z,1787926800,0.58143,0.5816,0.58136,0.58151,339,8,0
2026-08-28T14:25:00Z,1787927100,0.5815,0.58185,0.58146,0.58165,314,8,0
2026-08-28T14:30:00Z,1787927400,0.58164,0.58187,0.58142,0.58156,366,8,0
2026-08-28T14:35:00Z,1787927700,0.58155,0.58187,0.58144,0.58186,296,8,0
2026-08-28T14:40:00Z,1787928000,0.58185,0.58194,0.58161,0.58172,298,8,0
2026-08-28T14:45:00Z,1787928300,0.58172,0.58181,0.5816,0.58181,247,8,0
2026-08-28T14:50:00Z,1787928600,0.58182,0.58187,0.58156,0.5816,217,8,0
2026-08-28T14:55:00Z,1787928900,0.58159,0.58172,0.58124,0.58142,278,8,0
2026-08-28T15:00:00Z,1787929200,0.58141,0.58146,0.58126,0.58144,236,8,0
2026-08-28T15:05:00Z,1787929500,0.58144,0.58168,0.58141,0.58152,215,8,0
2026-08-28T15:10:00Z,1787929800,0.58152,0.58169,0.58151,0.58164,193,8,0
2026-08-28T15:15:00Z,1787930100,0.58164,0.58164,0.58145,0.58161,191,8,0
2026-08-28T15:20:00Z,1787930400,0.58161,0.58166,0.5814,0.58141,201,8,0
2026-08-28T15:25:00Z,1787930700,0.58141,0.58159,0.58139,0.5815,192,8,0
2026-08-28T15:30:00Z,1787931000,0.5815,0.58162,0.58142,0.58153,182,8,0
2026-08-28T15:35:00Z,1787931300,0.58153,0.58165,0.58145,0.58161,157,8,0
2026-08-28T15:40:00Z,1787931600,0.58161,0.58186,0.58161,0.58179,178,8,0
2026-08-28T15:45:00Z,1787931900,0.58178,0.58183,0.58163,0.58182,182,8,0
2026-08-28T15:50:00Z,1787932200,0.58181,0.58192,0.58175,0.58187,182,8,0
2026-08-28T15:55:00Z,1787932500,0.58188,0.58188,0.58174,0.58176,157,8,0
2026-08-28T16:00:00Z,1787932800,0.58176,0.58178,0.58165,0.58177,150,8,0
2026-08-28T16:05:00Z,1787933100,0.58177,0.58189,0.58174,0.58187,137,8,0
2026-08-28T16:10:00Z,1787933400,0.58187,0.58203,0.58185,0.58187,152,8,0
2026-08-28T16:15:00Z,1787933700,0.58188,0.5822,0.58188,0.5822,155,8,0
2026-08-28T16:20:00Z,1787934000,0.5822,0.58224,0.5821,0.58224,174,8,0
2026-08-28T16:25:00Z,1787934300,0.58224,0.58229,0.58216,0.5822,140,8,0
2026-08-28T16:30:00Z,1787934600,0.5822,0.58232,0.58213,0.5823,154,8,0
2026-08-28T16:35:00Z,1787934900,0.5823,0.58232,0.58211,0.58213,150,8,0
2026-08-28T16:40:00Z,1787935200,0.58213,0.58227,0.5821,0.58224,142,8,0
2026-08-28T16:45:00Z,1787935500,0.58224,0.58227,0.58217,0.5822,115,8,0
2026-08-28T16:50:00Z,1787935800,0.58219,0.58221,0.582,0.58211,174,8,0
2026-08-28T16:55:00Z,1787936100,0.58211,0.5822,0.58202,0.58216,116,8,0
2026-08-28T17:00:00Z,1787936400,0.58216,0.58217,0.58199,0.58211,108,8,0
2026-08-28T17:05:00Z,1787936700,0.58211,0.58215,0.58206,0.58211,103,8,0
2026-08-28T17:10:00Z,1787937000,0.58212,0.58212,0.58194,0.58197,128,8,0
2026-08-28T17:15:00Z,1787937300,0.58197,0.58219,0.58196,0.58215,126,8,0
2026-08-28T17:20:00Z,1787937600,0.58214,0.58214,0.58203,0.58204,75,8,0
2026-08-28T17:25:00Z,1787937900,0.58204,0.58217,0.58204,0.58215,93,8,0
2026-08-28T17:30:00Z,1787938200,0.58215,0.5822,0.5821,0.58212,84,8,0
2026-08-28T17:35:00Z,1787938500,0.58212,0.58221,0.58206,0.58217,99,8,0
2026-08-28T17:40:00Z,1787938800,0.58217,0.58218,0.5821,0.58214,82,8,0
2026-08-28T17:45:00Z,1787939100,0.58214,0.58221,0.58214,0.58221,85,8,0
2026-08-28T17:50:00Z,1787939400,0.58221,0.58229,0.58221,0.58221,79,8,0
2026-08-28T17:55:00Z,1787939700,0.58222,0.58225,0.58219,0.58221,70,8,0
2026-08-28T18:00:00Z,1787940000,0.58222,0.58224,0.58214,0.58224,83,8,0
2026-08-28T18:05:00Z,1787940300,0.58225,0.58225,0.58205,0.58209,148,8,0
2026-08-28T18:10:00Z,1787940600,0.58209,0.58214,0.58208,0.58213,69,8,0
2026-08-28T18:15:00Z,1787940900,0.58213,0.58217,0.58207,0.58214,96,8,0
2026-08-28T18:20:00Z,1787941200,0.58214,0.58214,0.58206,0.58206,97,8,0
2026-08-28T18:25:00Z,1787941500,0.58206,0.58207,0.58201,0.58205,93,8,0
2026-08-28T18:30:00Z,1787941800,0.58205,0.58212,0.58204,0.58205,67,8,0
2026-08-28T18:35:00Z,1787942100,0.58205,0.5821,0.58203,0.58209,87,8,0
2026-08-28T18:40:00Z,1787942400,0.58209,0.58212,0.58205,0.58207,77,8,0
2026-08-28T18:45:00Z,1787942700,0.58208,0.58211,0.58206,0.58209,67,8,0
2026-08-28T18:50:00Z,1787943000,0.58209,0.58216,0.58207,0.58216,87,8,0
2026-08-28T18:55:00Z,1787943300,0.58216,0.5822,0.58212,0.58215,96,8,0
2026-08-28T19:00:00Z,1787943600,0.58215,0.58227,0.58214,0.58226,123,8,0
2026-08-28T19:05:00Z,1787943900,0.58226,0.58232,0.58224,0.58224,77,8,0
2026-08-28T19:10:00Z,1787944200,0.58224,0.58229,0.58222,0.58227,83,8,0
2026-08-28T19:15:00Z,1787944500,0.58227,0.58228,0.58222,0.58223,70,8,0
2026-08-28T19:20:00Z,1787944800,0.58223,0.58225,0.58215,0.58216,70,8,0
2026-08-28T19:25:00Z,1787945100,0.58217,0.58221,0.58215,0.58217,68,8,0
2026-08-28T19:30:00Z,1787945400,0.58217,0.58217,0.5821,0.58216,65,8,0
2026-08-28T19:35:00Z,1787945700,0.58216,0.58227,0.58213,0.58221,53,8,0
2026-08-28T19:40:00Z,1787946000,0.58221,0.58225,0.5822,0.58222,66,8,0
2026-08-28T19:45:00Z,1787946300,0.58222,0.58227,0.58221,0.58224,54,8,0
2026-08-28T19:50:00Z,1787946600,0.58224,0.58229,0.58215,0.58219,54,8,0
2026-08-28T19:55:00Z,1787946900,0.58219,0.58219,0.58196,0.582,82,8,0
2026-08-28T20:00:00Z,1787947200,0.582,0.58203,0.5819,0.58202,74,8,0
2026-08-28T20:05:00Z,1787947500,0.58202,0.58206,0.58197,0.582,44,8,0
2026-08-28T20:10:00Z,1787947800,0.582,0.58201,0.58195,0.582,49,8,0
2026-08-28T20:15:00Z,1787948100,0.582,0.58207,0.58197,0.58205,35,8,0
2026-08-28T20:20:00Z,1787948400,0.58205,0.58229,0.58205,0.58229,60,8,0
2026-08-28T20:25:00Z,1787948700,0.58229,0.58235,0.58227,0.58231,40,8,0
2026-08-28T20:30:00Z,1787949000,0.58231,0.58234,0.58216,0.5822,48,8,0
2026-08-28T20:35:00Z,1787949300,0.58221,0.58221,0.58213,0.58219,51,8,0
2026-08-28T20:40:00Z,1787949600,0.58219,0.58226,0.58213,0.58216,56,8,0
2026-08-28T20:45:00Z,1787949900,0.58216,0.58219,0.58212,0.58217,47,8,0
2026-08-28T20:50:00Z,1787950200,0.58218,0.58225,0.58192,0.58196,74,8,0
2026-08-28T20:55:00Z,1787950500,0.58194,0.58207,0.5819,0.58207,64,8,0
