time_utc,time,open,high,low,close,tick_volume,spread,real_volume
2025-07-21T12:00:00Z,1753099200,1.34778,1.35101,1.34662,1.34955,12891,10,0
2025-07-21T16:00:00Z,1753113600,1.3495300000000001,1.34996,1.3483,1.34836,7626,10,0
2025-07-21T20:00:00Z,1753128000,1.34832,1.3492600000000001,1.34827,1.34891,3114,10,0
2025-07-22T00:00:00Z,1753142400,1.34894,1.34898,1.34761,1.34786,6473,10,0
2025-07-22T04:00:00Z,1753156800,1.34786,1.34818,1.34612,1.34667,7355,10,0
2025-07-22T08:00:00Z,1753171200,1.34667,1.34993,1.34644,1.34856,9234,10,0
2025-07-22T12:00:00Z,1753185600,1.34856,1.35194,1.34704,1.35187,15073,10,0
2025-07-22T16:00:00Z,1753200000,1.3519,1.35325,1.35168,1.35308,8284,10,0
2025-07-22T20:00:00Z,1753214400,1.35306,1.35343,1.35147,1.35208,4440,10,0
2025-07-23T00:00:00Z,1753228800,1.35208,1.35346,1.35158,1.35275,9364,10,0
2025-07-23T04:00:00Z,1753243200,1.35274,1.3548200000000001,1.35148,1.35428,9051,10,0
2025-07-23T08:00:00Z,1753257600,1.35428,1.35487,1.3532199999999999,1.35391,9425,10,0
2025-07-23T12:00:00Z,1753272000,1.35392,1.35761,1.3523100000000001,1.35653,14792,10,0
2025-07-23T16:00:00Z,1753286400,1.35651,1.35835,1.35531,1.35811,11943,10,0
2025-07-23T20:00:00Z,1753300800,1.35815,1.35868,1.3572,1.35785,3783,10,0
2025-07-24T00:00:00Z,1753315200,1.35784,1.35881,1.35706,1.35781,8304,10,0
2025-07-24T04:00:00Z,1753329600,1.35777,1.35815,1.3556,1.35598,8737,10,0
2025-07-24T08:00:00Z,1753344000,1.35599,1.35657,1.3535,1.35508,9367,10,0
2025-07-24T12:00:00Z,1753358400,1.3551,1.35623,1.35214,1.35233,17872,10,0
2025-07-24T16:00:00Z,1753372800,1.35235,1.35277,1.3504399999999999,1.3507500000000001,9332,10,0
2025-07-24T20:00:00Z,1753387200,1.35072,1.35124,1.35,1.3508200000000001,4712,10,0
2025-07-25T00:00:00Z,1753401600,1.3508200000000001,1.35119,1.34877,1.3494,7654,10,0
2025-07-25T04:00:00Z,1753416000,1.34939,1.3504,1.34664,1.3468,10774,10,0
2025-07-25T08:00:00Z,1753430400,1.34679,1.34759,1.34383,1.3450199999999999,10358,10,0
2025-07-25T12:00:00Z,1753444800,1.3449900000000001,1.34543,1.34158,1.34264,17933,10,0
2025-07-25T16:00:00Z,1753459200,1.34267,1.34375,1.34162,1.34372,7762,10,0
2025-07-25T20:00:00Z,1753473600,1.3437299999999999,1.34416,1.34288,1.34371,4019,10,0
2025-07-27T20:00:00Z,1753646400,1.34208,1.34469,1.34139,1.34374,3694,10,0
2025-07-28T00:00:00Z,1753660800,1.34376,1.34522,1.34295,1.34424,8969,10,0
2025-07-28T04:00:00Z,1753675200,1.34427,1.34446,1.34053,1.34089,10656,10,0
2025-07-28T08:00:00Z,1753689600,1.34088,1.3429,1.34021,1.34259,12488,10,0
2025-07-28T12:00:00Z,1753704000,1.34263,1.34395,1.33905,1.33907,15549,10,0
2025-07-28T16:00:00Z,1753718400,1.33906,1.33917,1.33506,1.33542,7519,10,0
2025-07-28T20:00:00Z,1753732800,1.33541,1.33612,1.33474,1.3359,3810,10,0
2025-07-29T00:00:00Z,1753747200,1.33591,1.33591,1.33402,1.33402,7642,10,0
2025-07-29T04:00:00Z,1753761600,1.33403,1.33535,1.33148,1.33325,11634,10,0
2025-07-29T08:00:00Z,1753776000,1.33322,1.33616,1.33266,1.33398,11560,10,0
2025-07-29T12:00:00Z,1753790400,1.33398,1.33436,1.3307,1.33378,17205,10,0
2025-07-29T16:00:00Z,1753804800,1.33379,1.33639,1.33348,1.33559,9597,10,0
2025-07-29T20:00:00Z,1753819200,1.3356,1.33598,1.3338999999999999,1.33531,3366,10,0
2025-07-30T00:00:00Z,1753833600,1.33532,1.33688,1.33521,1.33591,7578,10,0
2025-07-30T04:00:00Z,1753848000,1.33592,1.33682,1.33411,1.33603,9412,10,0
2025-07-30T08:00:00Z,1753862400,1.33605,1.3385099999999999,1.33566,1.33724,10533,10,0
2025-07-30T12:00:00Z,1753876800,1.33723,1.3379400000000001,1.32705,1.32725,19304,10,0
2025-07-30T16:00:00Z,1753891200,1.32728,1.33124,1.32273,1.3244099999999999,23323,10,0
2025-07-30T20:00:00Z,1753905600,1.3244,1.32587,1.32284,1.32553,6266,10,0
2025-07-31T00:00:00Z,1753920000,1.32552,1.32629,1.32412,1.32587,10075,10,0
2025-07-31T04:00:00Z,1753934400,1.32587,1.32816,1.32439,1.32584,10980,10,0
2025-07-31T08:00:00Z,1753948800,1.32587,1.32608,1.32094,1.32386,12187,10,0
2025-07-31T12:00:00Z,1753963200,1.32385,1.32401,1.3185,1.3219,19411,10,0
2025-07-31T16:00:00Z,1753977600,1.32186,1.32368,1.3198699999999999,1.32055,10700,10,0
2025-07-31T20:00:00Z,1753992000,1.3206,1.32115,1.31918,1.32073,5673,10,0
2025-08-01T00:00:00Z,1754006400,1.32073,1.3213,1.31895,1.32004,9186,10,0
2025-08-01T04:00:00Z,1754020800,1.32004,1.32125,1.31853,1.31942,9563,10,0
2025-08-01T08:00:00Z,1754035200,1.31938,1.31944,1.31407,1.31581,10744,10,0
2025-08-01T12:00:00Z,1754049600,1.3158,1.33103,1.31441,1.32574,44946,10,0
2025-08-01T16:00:00Z,1754064000,1.32572,1.32765,1.3215,1.32606,15903,10,0
2025-08-01T20:00:00Z,1754078400,1.32611,1.32922,1.32603,1.32785,3914,10,0
2025-08-03T20:00:00Z,1754251200,1.32704,1.32919,1.32678,1.32904,4562,10,0
2025-08-04T00:00:00Z,1754265600,1.32903,1.32925,1.3253300000000001,1.32826,11460,10,0
2025-08-04T04:00:00Z,1754280000,1.32824,1.3290899999999999,1.32641,1.32765,12014,10,0
2025-08-04T08:00:00Z,1754294400,1.32768,1.33138,1.3265,1.32944,13050,10,0
2025-08-04T12:00:00Z,1754308800,1.32945,1.33305,1.32775,1.32869,19520,10,0
2025-08-04T16:00:00Z,1754323200,1.3287200000000001,1.32921,1.32718,1.32757,9735,10,0
2025-08-04T20:00:00Z,1754337600,1.32759,1.3299400000000001,1.32694,1.32973,4210,10,0
2025-08-05T00:00:00Z,1754352000,1.32977,1.33027,1.3276,1.32765,8316,10,0
2025-08-05T04:00:00Z,1754366400,1.32765,1.3295,1.32589,1.32724,9406,10,0
2025-08-05T08:00:00Z,1754380800,1.3272300000000001,1.32947,1.32657,1.32799,12966,10,0
2025-08-05T12:00:00Z,1754395200,1.328,1.33087,1.32678,1.33068,21080,10,0
2025-08-05T16:00:00Z,1754409600,1.33066,1.33157,1.32884,1.32955,9756,10,0
2025-08-05T20:00:00Z,1754424000,1.32958,1.33015,1.32856,1.32977,4203,10,0
2025-08-06T00:00:00Z,1754438400,1.32973,1.33096,1.32943,1.33086,6050,10,0
2025-08-06T04:00:00Z,1754452800,1.3308499999999999,1.33134,1.32893,1.3302800000000001,7794,10,0
2025-08-06T08:00:00Z,1754467200,1.3303,1.33296,1.32809,1.33175,10704,10,0
2025-08-06T12:00:00Z,1754481600,1.33175,1.33581,1.33074,1.33578,15679,10,0
2025-08-06T16:00:00Z,1754496000,1.33575,1.33677,1.33416,1.33569,10000,10,0
2025-08-06T20:00:00Z,1754510400,1.33568,1.3360400000000001,1.33493,1.33569,4632,10,0
2025-08-07T00:00:00Z,1754524800,1.33567,1.33608,1.33453,1.33591,6709,10,0
2025-08-07T04:00:00Z,1754539200,1.33591,1.33795,1.3357299999999999,1.33741,7683,10,0
2025-08-07T08:00:00Z,1754553600,1.33739,1.3431600000000001,1.33624,1.34124,14866,10,0
2025-08-07T12:00:00Z,1754568000,1.34124,1.3436,1.339,1.34303,20848,10,0
2025-08-07T16:00:00Z,1754582400,1.34307,1.3443800000000001,1.3403399999999999,1.3443,11694,10,0
2025-08-07T20:00:00Z,1754596800,1.3443,1.3452,1.34348,1.34505,5355,10,0
2025-08-08T00:00:00Z,1754611200,1.34506,1.34528,1.34336,1.34384,6632,10,0
2025-08-08T04:00:00Z,1754625600,1.34384,1.34485,1.34235,1.34415,7431,10,0
2025-08-08T08:00:00Z,1754640000,1.34418,1.34531,1.34264,1.34402,11161,10,0
2025-08-08T12:00:00Z,1754654400,1.34399,1.34541,1.34174,1.34417,14588,10,0
2025-08-08T16:00:00Z,1754668800,1.34419,1.3458700000000001,1.34382,1.3449200000000001,8627,10,0
2025-08-08T20:00:00Z,1754683200,1.34494,1.34544,1.34437,1.3450199999999999,1797,10,0
2025-08-10T20:00:00Z,1754856000,1.34364,1.34494,1.34264,1.34426,2370,11,0
2025-08-11T00:00:00Z,1754870400,1.34426,1.3465500000000001,1.34359,1.3465,5720,11,0
2025-08-11T04:00:00Z,1754884800,1.3465,1.34766,1.34476,1.3453,7139,11,0
2025-08-11T08:00:00Z,1754899200,1.3453,1.34691,1.34247,1.34296,9437,11,0
2025-08-11T12:00:00Z,1754913600,1.34297,1.34325,1.33986,1.34139,12520,11,0
2025-08-11T16:00:00Z,1754928000,1.34142,1.34367,1.3413599999999999,1.34272,7328,11,0
2025-08-11T20:00:00Z,1754942400,1.34269,1.34354,1.34239,1.3433,3337,11,0
2025-08-12T00:00:00Z,1754956800,1.34328,1.3439,1.34275,1.34321,5794,11,0
2025-08-12T04:00:00Z,1754971200,1.3432,1.3459400000000001,1.34196,1.3458,10681,11,0
2025-08-12T08:00:00Z,1754985600,1.34584,1.3472,1.3446,1.34569,10010,11,0
2025-08-12T12:00:00Z,1755000000,1.3457,1.3523399999999999,1.34552,1.35064,28717,11,0
2025-08-12T16:00:00Z,1755014400,1.35064,1.35206,1.34877,1.34955,9856,11,0
2025-08-12T20:00:00Z,1755028800,1.34951,1.35056,1.34917,1.35036,3756,11,0
2025-08-13T00:00:00Z,1755043200,1.35036,1.35076,1.3492199999999999,1.35029,5815,11,0
2025-08-13T04:00:00Z,1755057600,1.35029,1.35469,1.3498999999999999,1.35437,7977,11,0
2025-08-13T08:00:00Z,1755072000,1.35436,1.35782,1.35425,1.35764,10760,11,0
2025-08-13T12:00:00Z,1755086400,1.35766,1.35845,1.35531,1.3571,13490,11,0
2025-08-13T16:00:00Z,1755100800,1.35705,1.35784,1.3563100000000001,1.3573,6872,11,0
2025-08-13T20:00:00Z,1755115200,1.3573,1.3585,1.35664,1.35846,3333,11,0
2025-08-14T00:00:00Z,1755129600,1.35846,1.35915,1.35702,1.35732,7194,11,0
2025-08-14T04:00:00Z,1755144000,1.35732,1.35906,1.3568,1.35731,10370,11,0
2025-08-14T08:00:00Z,1755158400,1.3573,1.35946,1.35626,1.35736,11180,11,0
2025-08-14T12:00:00Z,1755172800,1.35738,1.35818,1.35267,1.3529499999999999,19143,11,0
2025-08-14T16:00:00Z,1755187200,1.35298,1.3538999999999999,1.35202,1.35362,8206,11,0
2025-08-14T20:00:00Z,1755201600,1.3536000000000001,1.3538299999999999,1.35233,1.35294,3504,11,0
2025-08-15T00:00:00Z,1755216000,1.35294,1.35508,1.35266,1.35468,6298,11,0
2025-08-15T04:00:00Z,1755230400,1.35468,1.35599,1.35419,1.3554599999999999,6263,11,0
2025-08-15T08:00:00Z,1755244800,1.35545,1.35643,1.35454,1.35594,7888,11,0
2025-08-15T12:00:00Z,1755259200,1.35593,1.35746,1.35456,1.3562400000000001,14774,11,0
2025-08-15T16:00:00Z,1755273600,1.3562400000000001,1.35638,1.35495,1.35549,6628,11,0
2025-08-15T20:00:00Z,1755288000,1.3554599999999999,1.35593,1.35496,1.3553,2916,11,0
2025-08-17T20:00:00Z,1755460800,1.3545099999999999,1.35647,1.35405,1.35556,2542,11,0
2025-08-18T00:00:00Z,1755475200,1.35555,1.3562,1.35484,1.35555,5633,11,0
2025-08-18T04:00:00Z,1755489600,1.35555,1.35648,1.35375,1.3538299999999999,7750,11,0
2025-08-18T08:00:00Z,1755504000,1.35381,1.3554,1.35306,1.35376,9544,11,0
2025-08-18T12:00:00Z,1755518400,1.35379,1.35463,1.35108,1.35187,11597,11,0
2025-08-18T16:00:00Z,1755532800,1.35189,1.35211,1.3502399999999999,1.35058,7225,11,0
2025-08-18T20:00:00Z,1755547200,1.35054,1.35132,1.34939,1.35073,3811,11,0
2025-08-19T00:00:00Z,1755561600,1.3507500000000001,1.351,1.34864,1.35002,7427,11,0
2025-08-19T04:00:00Z,1755576000,1.34999,1.35223,1.34959,1.35201,8431,11,0
2025-08-19T08:00:00Z,1755590400,1.35202,1.35307,1.35101,1.35208,8569,11,0
2025-08-19T12:00:00Z,1755604800,1.3520699999999999,1.35253,1.349,1.3492600000000001,12103,11,0
2025-08-19T16:00:00Z,1755619200,1.34925,1.3495300000000001,1.34772,1.34891,7080,11,0
2025-08-19T20:00:00Z,1755633600,1.34889,1.34925,1.34828,1.34845,3471,11,0
2025-08-20T00:00:00Z,1755648000,1.34843,1.3485800000000001,1.34613,1.3471899999999999,8620,11,0
2025-08-20T04:00:00Z,1755662400,1.34718,1.35091,1.34711,1.35088,10346,11,0
2025-08-20T08:00:00Z,1755676800,1.35083,1.35088,1.34713,1.34714,9459,11,0
2025-08-20T12:00:00Z,1755691200,1.34714,1.34954,1.34466,1.34487,14630,11,0
2025-08-20T16:00:00Z,1755705600,1.34489,1.3471199999999999,1.34478,1.34537,8025,11,0
2025-08-20T20:00:00Z,1755720000,1.34537,1.34663,1.3449200000000001,1.34652,3615,11,0
2025-08-21T00:00:00Z,1755734400,1.34652,1.34654,1.34463,1.34532,6700,11,0
2025-08-21T04:00:00Z,1755748800,1.34532,1.34584,1.3435000000000001,1.34555,7837,11,0
2025-08-21T08:00:00Z,1755763200,1.34551,1.34822,1.34508,1.34542,10446,11,0
2025-08-21T12:00:00Z,1755777600,1.34542,1.3473,1.34093,1.34142,17611,11,0
2025-08-21T16:00:00Z,1755792000,1.34141,1.34262,1.34052,1.34125,8109,11,0
2025-08-21T20:00:00Z,1755806400,1.3412,1.3419400000000001,1.3405,1.34175,2881,11,0
2025-08-22T00:00:00Z,1755820800,1.34171,1.34228,1.34001,1.34012,6826,11,0
2025-08-22T04:00:00Z,1755835200,1.34013,1.34097,1.33897,1.34057,7496,11,0
2025-08-22T08:00:00Z,1755849600,1.34055,1.3418700000000001,1.34044,1.34146,8017,11,0
2025-08-22T12:00:00Z,1755864000,1.34149,1.35436,1.34109,1.35249,24258,11,0
2025-08-22T16:00:00Z,1755878400,1.35249,1.35437,1.35168,1.35182,10688,11,0
2025-08-22T20:00:00Z,1755892800,1.35182,1.35293,1.3517299999999999,1.3526500000000001,1874,11,0
2025-08-24T20:00:00Z,1756065600,1.35084,1.35243,1.35056,1.35081,3572,11,0
2025-08-25T00:00:00Z,1756080000,1.3508200000000001,1.35121,1.34891,1.35106,6379,11,0
2025-08-25T04:00:00Z,1756094400,1.3510499999999999,1.35267,1.3502,1.35034,6932,11,0
2025-08-25T08:00:00Z,1756108800,1.3503,1.3519,1.3483399999999999,1.3519,8060,11,0
2025-08-25T12:00:00Z,1756123200,1.35192,1.3520400000000001,1.3483800000000001,1.34887,12053,11,0
2025-08-25T16:00:00Z,1756137600,1.34888,1.3492600000000001,1.34455,1.34535,9640,11,0
2025-08-25T20:00:00Z,1756152000,1.34534,1.3461400000000001,1.34429,1.34539,4224,11,0
2025-08-26T00:00:00Z,1756166400,1.34542,1.349,1.34475,1.34514,13124,11,0
2025-08-26T04:00:00Z,1756180800,1.34512,1.3467500000000001,1.3434,1.3455,11348,11,0
2025-08-26T08:00:00Z,1756195200,1.34555,1.34931,1.34546,1.34875,10724,11,0
2025-08-26T12:00:00Z,1756209600,1.34876,1.3492199999999999,1.34697,1.34812,14893,11,0
2025-08-26T16:00:00Z,1756224000,1.34812,1.34927,1.34674,1.3477999999999999,7858,11,0
2025-08-26T20:00:00Z,1756238400,1.34778,1.34822,1.34717,1.34764,3547,11,0
2025-08-27T00:00:00Z,1756252800,1.34764,1.3477700000000001,1.34551,1.34571,6399,11,0
2025-08-27T04:00:00Z,1756267200,1.34574,1.3465500000000001,1.3441100000000001,1.34528,7297,11,0
2025-08-27T08:00:00Z,1756281600,1.34528,1.3453,1.34162,1.34301,9970,11,0
2025-08-27T12:00:00Z,1756296000,1.34302,1.3473,1.34302,1.34657,12884,11,0
2025-08-27T16:00:00Z,1756310400,1.34656,1.3501400000000001,1.34656,1.34971,8327,11,0
2025-08-27T20:00:00Z,1756324800,1.34972,1.35054,1.34854,1.35032,3639,11,0
2025-08-28T00:00:00Z,1756339200,1.35032,1.35181,1.34965,1.35076,6045,11,0
2025-08-28T04:00:00Z,1756353600,1.3507799999999999,1.3513,1.34871,1.3498700000000001,7871,11,0
2025-08-28T08:00:00Z,1756368000,1.34985,1.35259,1.34824,1.3514300000000001,9797,11,0
2025-08-28T12:00:00Z,1756382400,1.3514300000000001,1.35269,1.34885,1.35145,16702,11,0
2025-08-28T16:00:00Z,1756396800,1.35144,1.35303,1.35103,1.35117,7318,11,0
2025-08-28T20:00:00Z,1756411200,1.3511600000000001,1.35122,1.35052,1.3507500000000001,4666,11,0
2025-08-29T00:00:00Z,1756425600,1.35077,1.35114,1.3495,1.34985,7284,11,0
2025-08-29T04:00:00Z,1756440000,1.34985,1.35029,1.3483100000000001,1.3491,7162,11,0
2025-08-29T08:00:00Z,1756454400,1.34908,1.34939,1.3449900000000001,1.3452899999999999,10686,11,0
2025-08-29T12:00:00Z,1756468800,1.3453300000000001,1.35159,1.34454,1.35068,16353,11,0
2025-08-29T16:00:00Z,1756483200,1.3507,1.35151,1.34992,1.35148,7724,11,0
2025-08-29T20:00:00Z,1756497600,1.35151,1.35168,1.34995,1.35039,1560,11,0
2025-08-31T20:00:00Z,1756670400,1.34825,1.35076,1.34824,1.35027,2089,11,0
2025-09-01T00:00:00Z,1756684800,1.35026,1.35288,1.3501699999999999,1.35228,7650,11,0
2025-09-01T04:00:00Z,1756699200,1.35227,1.354,1.35142,1.35297,8392,11,0
2025-09-01T08:00:00Z,1756713600,1.3529200000000001,1.35372,1.35217,1.35237,8966,11,0
2025-09-01T12:00:00Z,1756728000,1.35237,1.35494,1.35232,1.35412,9205,11,0
2025-09-01T16:00:00Z,1756742400,1.35412,1.3549,1.35391,1.35481,2819,11,0
2025-09-01T20:00:00Z,1756756800,1.3547799999999999,1.35494,1.35373,1.35455,2574,11,0
2025-09-02T00:00:00Z,1756771200,1.35457,1.3547799999999999,1.35232,1.35254,7564,11,0
2025-09-02T04:00:00Z,1756785600,1.35254,1.35333,1.33935,1.34026,14476,11,0
2025-09-02T08:00:00Z,1756800000,1.34028,1.34335,1.33687,1.3383099999999999,22330,11,0
2025-09-02T12:00:00Z,1756814400,1.3383,1.3418,1.33383,1.33894,22702,11,0
2025-09-02T16:00:00Z,1756828800,1.33894,1.33936,1.33743,1.339,8826,11,0
2025-09-02T20:00:00Z,1756843200,1.33901,1.33972,1.3379400000000001,1.3381,4264,11,0
2025-09-03T00:00:00Z,1756857600,1.33809,1.33829,1.3361100000000001,1.3361100000000001,6796,11,0
2025-09-03T04:00:00Z,1756872000,1.3361,1.33903,1.33327,1.33657,10919,11,0
2025-09-03T08:00:00Z,1756886400,1.33658,1.34169,1.33658,1.34111,14551,11,0
2025-09-03T12:00:00Z,1756900800,1.34109,1.34534,1.34081,1.34474,18516,11,0
2025-09-03T16:00:00Z,1756915200,1.34475,1.34579,1.3433899999999999,1.34379,8554,11,0
2025-09-03T20:00:00Z,1756929600,1.34378,1.34462,1.3436,1.34403,3780,11,0
2025-09-04T00:00:00Z,1756944000,1.3440400000000001,1.3449499999999999,1.34254,1.34279,7556,11,0
2025-09-04T04:00:00Z,1756958400,1.34279,1.3440400000000001,1.34158,1.34268,7626,11,0
2025-09-04T08:00:00Z,1756972800,1.34266,1.3458999999999999,1.34247,1.34333,11190,11,0
2025-09-04T12:00:00Z,1756987200,1.34335,1.34559,1.34166,1.34378,17268,11,0
2025-09-04T16:00:00Z,1757001600,1.34383,1.34391,1.34168,1.34351,7263,11,0
2025-09-04T20:00:00Z,1757016000,1.34349,1.34444,1.3425,1.34432,3083,11,0
2025-09-05T00:00:00Z,1757030400,1.34433,1.34566,1.34412,1.34531,6310,11,0
2025-09-05T04:00:00Z,1757044800,1.34532,1.34715,1.34474,1.34639,7733,11,0
2025-09-05T08:00:00Z,1757059200,1.34635,1.34853,1.34611,1.3462,9232,11,0
2025-09-05T12:00:00Z,1757073600,1.34618,1.35545,1.34574,1.35404,29267,11,0
2025-09-05T16:00:00Z,1757088000,1.35403,1.3542100000000001,1.35004,1.35023,10558,11,0
2025-09-05T20:00:00Z,1757102400,1.35025,1.35113,1.3501699999999999,1.3508200000000001,2912,11,0
2025-09-07T20:00:00Z,1757275200,1.34932,1.35052,1.34819,1.34921,3896,11,0
2025-09-08T00:00:00Z,1757289600,1.34923,1.35053,1.3483,1.34951,8581,11,0
2025-09-08T04:00:00Z,1757304000,1.34952,1.35254,1.34863,1.35156,9578,11,0
2025-09-08T08:00:00Z,1757318400,1.35159,1.35357,1.3501699999999999,1.35286,10476,11,0
2025-09-08T12:00:00Z,1757332800,1.35285,1.35562,1.3526500000000001,1.35462,13634,11,0
2025-09-08T16:00:00Z,1757347200,1.35461,1.35548,1.35266,1.3550499999999999,7660,11,0
2025-09-08T20:00:00Z,1757361600,1.35501,1.35576,1.35392,1.35522,3628,11,0
2025-09-09T00:00:00Z,1757376000,1.35523,1.3571,1.35496,1.35593,6676,11,0
2025-09-09T04:00:00Z,1757390400,1.35593,1.3582,1.35572,1.35649,9210,11,0
2025-09-09T08:00:00Z,1757404800,1.3565,1.35899,1.35565,1.35579,11617,11,0
2025-09-09T12:00:00Z,1757419200,1.35579,1.35739,1.35221,1.3531,18280,11,0
2025-09-09T16:00:00Z,1757433600,1.35311,1.35461,1.35178,1.35191,8741,11,0
2025-09-09T20:00:00Z,1757448000,1.35189,1.35304,1.35161,1.35202,3952,11,0
2025-09-10T00:00:00Z,1757462400,1.35201,1.3536299999999999,1.35142,1.35321,7834,11,0
2025-09-10T04:00:00Z,1757476800,1.35321,1.35432,1.35125,1.3532600000000001,9273,11,0
2025-09-10T08:00:00Z,1757491200,1.35327,1.3545099999999999,1.35189,1.35332,10498,11,0
2025-09-10T12:00:00Z,1757505600,1.35336,1.35649,1.35227,1.35462,17902,11,0
2025-09-10T16:00:00Z,1757520000,1.35457,1.35492,1.35208,1.353,7837,11,0
2025-09-10T20:00:00Z,1757534400,1.3529900000000001,1.35395,1.35202,1.35323,3509,11,0
2025-09-11T00:00:00Z,1757548800,1.3532199999999999,1.35336,1.3522,1.3526799999999999,5875,11,0
2025-09-11T04:00:00Z,1757563200,1.3526799999999999,1.35281,1.35026,1.35152,8688,11,0
2025-09-11T08:00:00Z,1757577600,1.35153,1.35225,1.34937,1.35073,11215,11,0
2025-09-11T12:00:00Z,1757592000,1.3507,1.35786,1.34925,1.35653,24388,11,0
2025-09-11T16:00:00Z,1757606400,1.35656,1.35824,1.35654,1.35772,8095,11,0
2025-09-11T20:00:00Z,1757620800,1.35771,1.35802,1.35679,1.35736,4954,11,0
2025-09-12T00:00:00Z,1757635200,1.35735,1.35754,1.35528,1.35548,6889,11,0
2025-09-12T04:00:00Z,1757649600,1.3554599999999999,1.35745,1.35443,1.35635,8608,11,0
2025-09-12T08:00:00Z,1757664000,1.35632,1.35637,1.35293,1.35481,12065,11,0
2025-09-12T12:00:00Z,1757678400,1.3548,1.3569200000000001,1.3523399999999999,1.35449,14537,11,0
2025-09-12T16:00:00Z,1757692800,1.35449,1.35704,1.354,1.35612,7120,11,0
2025-09-12T20:00:00Z,1757707200,1.35613,1.35616,1.3553600000000001,1.3558,2283,11,0
2025-09-14T20:00:00Z,1757880000,1.35409,1.35623,1.3535599999999999,1.35523,2566,10,0
2025-09-15T00:00:00Z,1757894400,1.35523,1.3567,1.35483,1.35643,5054,10,0
2025-09-15T04:00:00Z,1757908800,1.35644,1.3593600000000001,1.35527,1.3581400000000001,7485,10,0
2025-09-15T08:00:00Z,1757923200,1.35811,1.36188,1.35781,1.36147,11540,10,0
2025-09-15T12:00:00Z,1757937600,1.3614899999999999,1.36196,1.35843,1.3606500000000001,13106,10,0
2025-09-15T16:00:00Z,1757952000,1.36066,1.36109,1.3593899999999999,1.3608500000000001,7727,10,0
2025-09-15T20:00:00Z,1757966400,1.36089,1.36108,1.35914,1.36003,3369,10,0
2025-09-16T00:00:00Z,1757980800,1.3600400000000001,1.36245,1.35974,1.3617,6630,10,0
2025-09-16T04:00:00Z,1757995200,1.3617,1.3642400000000001,1.36116,1.36274,9210,10,0
2025-09-16T08:00:00Z,1758009600,1.36274,1.3649200000000001,1.36236,1.36428,12321,10,0
2025-09-16T12:00:00Z,1758024000,1.36428,1.36716,1.36246,1.36523,17811,10,0
2025-09-16T16:00:00Z,1758038400,1.36523,1.36676,1.3649499999999999,1.36504,8781,10,0
2025-09-16T20:00:00Z,1758052800,1.36503,1.3655,1.36348,1.36521,4083,10,0
2025-09-17T00:00:00Z,1758067200,1.3652,1.36587,1.3639000000000001,1.36426,5658,10,0
2025-09-17T04:00:00Z,1758081600,1.36425,1.36525,1.36295,1.36341,7708,10,0
2025-09-17T08:00:00Z,1758096000,1.36343,1.36561,1.36317,1.36464,9528,10,0
2025-09-17T12:00:00Z,1758110400,1.36465,1.36692,1.3643,1.36585,11112,10,0
2025-09-17T16:00:00Z,1758124800,1.3658299999999999,1.3726099999999999,1.36246,1.3637000000000001,36120,10,0
2025-09-17T20:00:00Z,1758139200,1.36372,1.36381,1.36147,1.3629,7100,10,0
2025-09-18T00:00:00Z,1758153600,1.36293,1.36303,1.36098,1.36203,8940,10,0
2025-09-18T04:00:00Z,1758168000,1.36203,1.3639999999999999,1.35857,1.3632900000000001,11554,10,0
2025-09-18T08:00:00Z,1758182400,1.3632900000000001,1.36608,1.36121,1.36215,14530,10,0
2025-09-18T12:00:00Z,1758196800,1.36215,1.36228,1.35335,1.35472,23058,10,0
2025-09-18T16:00:00Z,1758211200,1.35473,1.35629,1.35416,1.3548,9343,10,0
2025-09-18T20:00:00Z,1758225600,1.3547799999999999,1.3556300000000001,1.35433,1.3554599999999999,4694,10,0
2025-09-19T00:00:00Z,1758240000,1.35548,1.35588,1.35307,1.35501,8639,10,0
2025-09-19T04:00:00Z,1758254400,1.35503,1.35591,1.34844,1.34907,15641,10,0
2025-09-19T08:00:00Z,1758268800,1.3491,1.35099,1.34724,1.34772,12705,10,0
2025-09-19T12:00:00Z,1758283200,1.34772,1.34976,1.3462399999999999,1.3482,17366,10,0
2025-09-19T16:00:00Z,1758297600,1.3482,1.34849,1.34661,1.34718,7698,10,0
2025-09-19T20:00:00Z,1758312000,1.3471899999999999,1.34742,1.34667,1.34693,2507,10,0
2025-09-21T20:00:00Z,1758484800,1.3458700000000001,1.34731,1.34578,1.34623,2498,10,0
2025-09-22T00:00:00Z,1758499200,1.3462399999999999,1.34744,1.34568,1.3462,7480,10,0
2025-09-22T04:00:00Z,1758513600,1.34618,1.34827,1.34525,1.34782,9452,10,0
2025-09-22T08:00:00Z,1758528000,1.3477999999999999,1.35063,1.34763,1.34978,10755,10,0
2025-09-22T12:00:00Z,1758542400,1.3498,1.3516,1.34894,1.35022,14140,10,0
2025-09-22T16:00:00Z,1758556800,1.35019,1.3519999999999999,1.34992,1.35154,6694,10,0
2025-09-22T20:00:00Z,1758571200,1.35153,1.3516599999999999,1.35008,1.35134,3344,10,0
2025-09-23T00:00:00Z,1758585600,1.35134,1.35269,1.35025,1.35152,6144,10,0
2025-09-23T04:00:00Z,1758600000,1.35152,1.35226,1.35018,1.35194,10548,10,0
2025-09-23T08:00:00Z,1758614400,1.35198,1.35277,1.34864,1.3514,13541,10,0
2025-09-23T12:00:00Z,1758628800,1.3514,1.35362,1.35053,1.35159,16171,10,0
2025-09-23T16:00:00Z,1758643200,1.35161,1.35267,1.35064,1.35244,10559,10,0
2025-09-23T20:00:00Z,1758657600,1.3524,1.35279,1.3509,1.35239,3826,10,0
2025-09-24T00:00:00Z,1758672000,1.3523800000000001,1.35257,1.3506,1.35064,7080,10,0
2025-09-24T04:00:00Z,1758686400,1.35065,1.35119,1.34811,1.3484099999999999,8427,10,0
2025-09-24T08:00:00Z,1758700800,1.34842,1.34872,1.34546,1.3457,10805,10,0
2025-09-24T12:00:00Z,1758715200,1.3457,1.34705,1.3426,1.34469,16556,10,0
2025-09-24T16:00:00Z,1758729600,1.34471,1.3455300000000001,1.34385,1.34456,8513,10,0
2025-09-24T20:00:00Z,1758744000,1.3446,1.3453300000000001,1.34417,1.34489,3641,10,0
2025-09-25T00:00:00Z,1758758400,1.34485,1.3462399999999999,1.3448,1.3461,6507,10,0
2025-09-25T04:00:00Z,1758772800,1.34611,1.3467,1.34358,1.34372,8318,10,0
2025-09-25T08:00:00Z,1758787200,1.34374,1.34592,1.34175,1.34211,10931,10,0
2025-09-25T12:00:00Z,1758801600,1.34212,1.34229,1.33407,1.3348,21678,10,0
2025-09-25T16:00:00Z,1758816000,1.3348,1.33568,1.33231,1.33361,10433,10,0
2025-09-25T20:00:00Z,1758830400,1.33361,1.33465,1.3326799999999999,1.33348,4004,10,0
2025-09-26T00:00:00Z,1758844800,1.33348,1.3355000000000001,1.33289,1.33535,5862,10,0
2025-09-26T04:00:00Z,1758859200,1.33535,1.33693,1.33443,1.33522,8574,10,0
2025-09-26T08:00:00Z,1758873600,1.3352,1.33704,1.33426,1.33498,9648,10,0
2025-09-26T12:00:00Z,1758888000,1.33498,1.3412600000000001,1.3348,1.3401,17743,10,0
2025-09-26T16:00:00Z,1758902400,1.34009,1.3411,1.33959,1.34073,7144,10,0
2025-09-26T20:00:00Z,1758916800,1.3407200000000001,1.34088,1.33978,1.33999,1499,10,0
2025-09-28T20:00:00Z,1759089600,1.33841,1.34109,1.3383,1.3406799999999999,2263,10,0
2025-09-29T00:00:00Z,1759104000,1.34067,1.3434300000000001,1.3406,1.34315,6520,10,0
2025-09-29T04:00:00Z,1759118400,1.34315,1.34494,1.3427799999999999,1.34459,8125,10,0
2025-09-29T08:00:00Z,1759132800,1.34461,1.345,1.34238,1.3446799999999999,9467,10,0
2025-09-29T12:00:00Z,1759147200,1.34469,1.3456299999999999,1.3415300000000001,1.3431199999999999,14705,10,0
2025-09-29T16:00:00Z,1759161600,1.34317,1.34384,1.34225,1.34356,6079,10,0
2025-09-29T20:00:00Z,1759176000,1.34352,1.34375,1.3422399999999999,1.34344,2801,10,0
2025-09-30T00:00:00Z,1759190400,1.34344,1.34386,1.342,1.3435000000000001,7005,10,0
2025-09-30T04:00:00Z,1759204800,1.3435000000000001,1.34515,1.34271,1.34461,10565,10,0
2025-09-30T08:00:00Z,1759219200,1.34466,1.34521,1.34242,1.34366,10832,10,0
2025-09-30T12:00:00Z,1759233600,1.34367,1.34669,1.3413,1.34428,18102,10,0
2025-09-30T16:00:00Z,1759248000,1.3443,1.34634,1.34389,1.34486,9309,10,0
2025-09-30T20:00:00Z,1759262400,1.34488,1.34518,1.34363,1.34422,4234,10,0
2025-10-01T00:00:00Z,1759276800,1.3442,1.34439,1.34344,1.34403,5750,10,0
2025-10-01T04:00:00Z,1759291200,1.34403,1.34775,1.34403,1.34667,12099,10,0
2025-10-01T08:00:00Z,1759305600,1.34671,1.34881,1.34572,1.34819,12986,10,0
2025-10-01T12:00:00Z,1759320000,1.34815,1.35272,1.3469,1.3471600000000001,27295,10,0
2025-10-01T16:00:00Z,1759334400,1.34711,1.3489200000000001,1.3464800000000001,1.34793,8190,10,0
2025-10-01T20:00:00Z,1759348800,1.34794,1.34828,1.34696,1.34779,3708,10,0
2025-10-02T00:00:00Z,1759363200,1.3477700000000001,1.34874,1.34667,1.3477700000000001,5783,10,0
2025-10-02T04:00:00Z,1759377600,1.3477700000000001,1.35006,1.34683,1.3494,8835,10,0
2025-10-02T08:00:00Z,1759392000,1.34942,1.35099,1.34702,1.34759,10822,10,0
2025-10-02T12:00:00Z,1759406400,1.3476,1.34827,1.34003,1.34206,16783,10,0
2025-10-02T16:00:00Z,1759420800,1.34203,1.34516,1.34196,1.34426,7513,10,0
2025-10-02T20:00:00Z,1759435200,1.34426,1.34532,1.34268,1.3446,3505,10,0
2025-10-03T00:00:00Z,1759449600,1.34461,1.34503,1.34324,1.3444099999999999,5908,10,0
2025-10-03T04:00:00Z,1759464000,1.3444099999999999,1.34606,1.34284,1.34599,7624,10,0
2025-10-03T08:00:00Z,1759478400,1.34602,1.3467799999999999,1.34414,1.34489,9814,10,0
2025-10-03T12:00:00Z,1759492800,1.3449,1.34849,1.34365,1.34787,17088,10,0
2025-10-03T16:00:00Z,1759507200,1.34785,1.3484099999999999,1.34623,1.34828,7151,10,0
2025-10-03T20:00:00Z,1759521600,1.34826,1.34866,1.34762,1.34781,1743,10,0
2025-10-05T20:00:00Z,1759694400,1.3456000000000001,1.3456000000000001,1.34213,1.34315,6411,10,0
2025-10-06T00:00:00Z,1759708800,1.34317,1.34579,1.3427,1.34513,7695,10,0
2025-10-06T04:00:00Z,1759723200,1.34512,1.34638,1.343,1.3443,13544,10,0
2025-10-06T08:00:00Z,1759737600,1.34426,1.34447,1.34157,1.34245,13632,10,0
2025-10-06T12:00:00Z,1759752000,1.34245,1.3483800000000001,1.34228,1.34745,15206,10,0
2025-10-06T16:00:00Z,1759766400,1.3474599999999999,1.34897,1.34654,1.34812,6278,10,0
2025-10-06T20:00:00Z,1759780800,1.34809,1.34867,1.34775,1.34835,4181,10,0
2025-10-07T00:00:00Z,1759795200,1.34835,1.34843,1.3472,1.34755,5292,10,0
2025-10-07T04:00:00Z,1759809600,1.34755,1.34802,1.3428499999999999,1.34366,9321,10,0
2025-10-07T08:00:00Z,1759824000,1.34367,1.34448,1.3391600000000001,1.3401,10636,10,0
2025-10-07T12:00:00Z,1759838400,1.34008,1.34543,1.33932,1.34397,15137,10,0
2025-10-07T16:00:00Z,1759852800,1.3439999999999999,1.34518,1.34154,1.3421,9553,10,0
2025-10-07T20:00:00Z,1759867200,1.34209,1.34299,1.34182,1.3419699999999999,3928,10,0
2025-10-08T00:00:00Z,1759881600,1.3419699999999999,1.34213,1.33897,1.33989,9058,10,0
2025-10-08T04:00:00Z,1759896000,1.33989,1.34173,1.33833,1.34168,9946,10,0
2025-10-08T08:00:00Z,1759910400,1.3417,1.34271,1.33999,1.3406799999999999,11790,10,0
2025-10-08T12:00:00Z,1759924800,1.34069,1.34381,1.33865,1.3388200000000001,13554,10,0
2025-10-08T16:00:00Z,1759939200,1.33886,1.34002,1.33704,1.33991,9520,10,0
2025-10-08T20:00:00Z,1759953600,1.3399,1.34073,1.33951,1.33994,4577,10,0
2025-10-09T00:00:00Z,1759968000,1.33994,1.34188,1.33985,1.34143,6480,10,0
2025-10-09T04:00:00Z,1759982400,1.34143,1.34164,1.3348900000000001,1.33523,10729,10,0
2025-10-09T08:00:00Z,1759996800,1.33523,1.33898,1.3342399999999999,1.33745,13541,10,0
2025-10-09T12:00:00Z,1760011200,1.33745,1.33955,1.32905,1.3308900000000001,22479,10,0
2025-10-09T16:00:00Z,1760025600,1.33087,1.3314599999999999,1.32792,1.3296000000000001,11642,10,0
2025-10-09T20:00:00Z,1760040000,1.3296000000000001,1.33073,1.32925,1.33022,4309,7,0
2025-10-10T00:00:00Z,1760054400,1.3302,1.33134,1.32955,1.33113,6478,10,0
2025-10-10T04:00:00Z,1760068800,1.33113,1.3314,1.32786,1.33026,10872,10,0
2025-10-10T08:00:00Z,1760083200,1.33025,1.33125,1.32607,1.3271600000000001,13192,10,0
2025-10-10T12:00:00Z,1760097600,1.32718,1.33704,1.32678,1.33423,26246,10,0
2025-10-10T16:00:00Z,1760112000,1.33419,1.33569,1.33311,1.33495,13957,10,0
2025-10-10T20:00:00Z,1760126400,1.3349199999999999,1.3362,1.33346,1.33578,5596,10,0
2025-10-12T20:00:00Z,1760299200,1.33462,1.33533,1.33189,1.33349,5740,10,0
2025-10-13T00:00:00Z,1760313600,1.33348,1.33627,1.33345,1.33528,8836,10,0
2025-10-13T04:00:00Z,1760328000,1.33529,1.3366,1.33294,1.33348,11077,10,0
2025-10-13T08:00:00Z,1760342400,1.33346,1.33523,1.3314599999999999,1.33307,13119,10,0
2025-10-13T12:00:00Z,1760356800,1.3330600000000001,1.33396,1.33185,1.33279,14703,10,0
2025-10-13T16:00:00Z,1760371200,1.33278,1.33402,1.33252,1.3330199999999999,7065,10,0
2025-10-13T20:00:00Z,1760385600,1.3330199999999999,1.33371,1.33247,1.33317,4007,10,0
2025-10-14T00:00:00Z,1760400000,1.33317,1.33498,1.3325,1.33446,7570,10,0
2025-10-14T04:00:00Z,1760414400,1.33445,1.33521,1.32519,1.32566,16783,10,0
2025-10-14T08:00:00Z,1760428800,1.32564,1.3283800000000001,1.3253,1.32684,14562,10,0
2025-10-14T12:00:00Z,1760443200,1.3268499999999999,1.33185,1.32478,1.33172,20693,10,0
2025-10-14T16:00:00Z,1760457600,1.33175,1.33317,1.33064,1.33253,13308,10,0
2025-10-14T20:00:00Z,1760472000,1.33249,1.33267,1.33137,1.3321399999999999,3849,10,0
2025-10-15T00:00:00Z,1760486400,1.3321399999999999,1.33537,1.33194,1.33506,7659,10,0
2025-10-15T04:00:00Z,1760500800,1.33509,1.3373300000000001,1.33412,1.33496,10947,10,0
2025-10-15T08:00:00Z,1760515200,1.33495,1.33663,1.33357,1.33513,12019,10,0
2025-10-15T12:00:00Z,1760529600,1.33517,1.3403,1.33339,1.33933,17815,10,0
2025-10-15T16:00:00Z,1760544000,1.33935,1.33941,1.33697,1.3393,11095,10,0
2025-10-15T20:00:00Z,1760558400,1.33929,1.34077,1.33879,1.34029,4963,9,0
2025-10-16T00:00:00Z,1760572800,1.34027,1.34417,1.33991,1.3421699999999999,9211,10,0
2025-10-16T04:00:00Z,1760587200,1.34216,1.34277,1.34037,1.34259,11583,10,0
2025-10-16T08:00:00Z,1760601600,1.34262,1.34478,1.34211,1.34401,12166,10,0
2025-10-16T12:00:00Z,1760616000,1.34397,1.34543,1.34112,1.3422399999999999,19101,10,0
2025-10-16T16:00:00Z,1760630400,1.3422100000000001,1.34475,1.34141,1.34335,14317,10,0
2025-10-16T20:00:00Z,1760644800,1.34333,1.34452,1.34249,1.3443399999999999,4467,10,0
2025-10-17T00:00:00Z,1760659200,1.34436,1.34521,1.34305,1.34479,8842,10,0
2025-10-17T04:00:00Z,1760673600,1.34482,1.34711,1.34238,1.3431899999999999,13901,10,0
2025-10-17T08:00:00Z,1760688000,1.34323,1.3443,1.34104,1.34342,15484,10,0
2025-10-17T12:00:00Z,1760702400,1.34342,1.34353,1.33904,1.34215,18304,10,0
2025-10-17T16:00:00Z,1760716800,1.34219,1.34384,1.3410199999999999,1.34372,10177,10,0
2025-10-17T20:00:00Z,1760731200,1.34372,1.34376,1.34204,1.3425,2971,10,0
2025-10-19T20:00:00Z,1760904000,1.34303,1.34306,1.34157,1.34244,2817,10,0
2025-10-20T00:00:00Z,1760918400,1.34244,1.34426,1.3421,1.34398,6373,10,0
2025-10-20T04:00:00Z,1760932800,1.34399,1.34426,1.34052,1.3415300000000001,9062,10,0
2025-10-20T08:00:00Z,1760947200,1.34154,1.34386,1.33994,1.34116,11693,10,0
2025-10-20T12:00:00Z,1760961600,1.34116,1.34297,1.34016,1.34192,14247,10,0
2025-10-20T16:00:00Z,1760976000,1.34192,1.34233,1.33995,1.34058,7084,10,0
2025-10-20T20:00:00Z,1760990400,1.34058,1.34107,1.33994,1.3403800000000001,3197,7,0
2025-10-21T00:00:00Z,1761004800,1.3403800000000001,1.34157,1.33891,1.33926,6379,10,0
2025-10-21T04:00:00Z,1761019200,1.33927,1.33968,1.33715,1.33923,11345,10,0
2025-10-21T08:00:00Z,1761033600,1.33926,1.3394300000000001,1.33657,1.3384,14069,10,0
2025-10-21T12:00:00Z,1761048000,1.33843,1.33936,1.33606,1.33883,19548,10,0
2025-10-21T16:00:00Z,1761062400,1.3388499999999999,1.33981,1.33648,1.33716,10160,10,0
2025-10-21T20:00:00Z,1761076800,1.33714,1.33718,1.33635,1.3364500000000001,3189,4,0
2025-10-22T00:00:00Z,1761091200,1.3364500000000001,1.338,1.33631,1.3374,6312,10,0
2025-10-22T04:00:00Z,1761105600,1.33739,1.33868,1.33188,1.33217,13712,10,0
2025-10-22T08:00:00Z,1761120000,1.3321399999999999,1.33328,1.33051,1.33271,13972,10,0
2025-10-22T12:00:00Z,1761134400,1.3327,1.3374,1.33095,1.3369900000000001,18548,10,0
2025-10-22T16:00:00Z,1761148800,1.337,1.3376000000000001,1.33521,1.33563,10457,10,0
2025-10-22T20:00:00Z,1761163200,1.33563,1.33617,1.33491,1.33501,3256,9,0
2025-10-23T00:00:00Z,1761177600,1.33501,1.33502,1.33322,1.3332600000000001,5450,10,0
2025-10-23T04:00:00Z,1761192000,1.33327,1.33566,1.33291,1.33502,7292,10,0
2025-10-23T08:00:00Z,1761206400,1.33505,1.33551,1.33331,1.33359,8311,10,0
2025-10-23T12:00:00Z,1761220800,1.3336000000000001,1.335,1.33105,1.3320400000000001,14449,10,0
2025-10-23T16:00:00Z,1761235200,1.33206,1.33262,1.33073,1.33235,6960,10,0
2025-10-23T20:00:00Z,1761249600,1.33234,1.33296,1.33203,1.33264,3263,7,0
2025-10-24T00:00:00Z,1761264000,1.3326500000000001,1.33319,1.33173,1.33247,5536,10,0
2025-10-24T04:00:00Z,1761278400,1.3325,1.3333300000000001,1.3311,1.33151,10044,10,0
2025-10-24T08:00:00Z,1761292800,1.3315000000000001,1.33264,1.32993,1.3305799999999999,11197,10,0
2025-10-24T12:00:00Z,1761307200,1.3306,1.33711,1.32904,1.32958,23088,10,0
2025-10-24T16:00:00Z,1761321600,1.32959,1.33122,1.32868,1.33111,6765,10,0
2025-10-24T20:00:00Z,1761336000,1.33113,1.33172,1.3306200000000001,1.33107,3201,10,0
2025-10-26T20:00:00Z,1761508800,1.33217,1.33271,1.33117,1.3321100000000001,3934,10,0
2025-10-27T00:00:00Z,1761523200,1.33212,1.33355,1.33171,1.3321100000000001,6078,10,0
2025-10-27T04:00:00Z,1761537600,1.3321100000000001,1.33342,1.33098,1.33149,6646,10,0
2025-10-27T08:00:00Z,1761552000,1.33147,1.33528,1.33103,1.33473,10883,10,0
2025-10-27T12:00:00Z,1761566400,1.33471,1.3351600000000001,1.33172,1.33284,12307,10,0
2025-10-27T16:00:00Z,1761580800,1.33285,1.33385,1.33227,1.33345,6824,10,0
2025-10-27T20:00:00Z,1761595200,1.33345,1.33442,1.3331,1.33401,3258,7,0
2025-10-28T00:00:00Z,1761609600,1.334,1.33581,1.33362,1.33555,6017,10,0
2025-10-28T04:00:00Z,1761624000,1.33555,1.33693,1.33311,1.33359,8079,10,0
2025-10-28T08:00:00Z,1761638400,1.33356,1.3338,1.32999,1.33075,13034,10,0
2025-10-28T12:00:00Z,1761652800,1.33079,1.33135,1.32468,1.32766,16442,10,0
2025-10-28T16:00:00Z,1761667200,1.32766,1.3290899999999999,1.32693,1.32729,8708,10,0
2025-10-28T20:00:00Z,1761681600,1.32728,1.32786,1.32659,1.32782,3200,9,0
2025-10-29T00:00:00Z,1761696000,1.32779,1.32803,1.32503,1.32521,7539,10,0
2025-10-29T04:00:00Z,1761710400,1.32521,1.32545,1.32198,1.3228,8184,10,0
2025-10-29T08:00:00Z,1761724800,1.32278,1.32291,1.31971,1.32172,11001,10,0
2025-10-29T12:00:00Z,1761739200,1.32175,1.32469,1.31939,1.32412,15935,10,0
2025-10-29T16:00:00Z,1761753600,1.3241100000000001,1.3244,1.31394,1.31936,33461,10,0
2025-10-29T20:00:00Z,1761768000,1.31934,1.32005,1.31802,1.31943,6538,10,0
2025-10-30T00:00:00Z,1761782400,1.31943,1.32101,1.3187,1.32022,8414,10,0
2025-10-30T04:00:00Z,1761796800,1.32025,1.32183,1.31916,1.31974,11812,10,0
2025-10-30T08:00:00Z,1761811200,1.31973,1.3210899999999999,1.31739,1.31782,13141,10,0
2025-10-30T12:00:00Z,1761825600,1.31782,1.31851,1.3115999999999999,1.31458,19448,10,0
2025-10-30T16:00:00Z,1761840000,1.31456,1.31599,1.31342,1.31441,9455,10,0
2025-10-30T20:00:00Z,1761854400,1.3144,1.31598,1.31427,1.3158,3299,9,0
2025-10-31T00:00:00Z,1761868800,1.31581,1.31644,1.31495,1.31513,6040,10,0
2025-10-31T04:00:00Z,1761883200,1.31511,1.31571,1.31247,1.31449,7137,10,0
2025-10-31T08:00:00Z,1761897600,1.31449,1.3148,1.31143,1.3127900000000001,10179,10,0
2025-10-31T12:00:00Z,1761912000,1.3127900000000001,1.31388,1.30964,1.31378,15986,10,0
2025-10-31T16:00:00Z,1761926400,1.31381,1.31434,1.31224,1.31362,9042,10,0
2025-10-31T20:00:00Z,1761940800,1.31359,1.31503,1.31355,1.31494,2907,10,0
2025-11-02T20:00:00Z,1762113600,1.31341,1.31421,1.31269,1.31336,4487,10,0
2025-11-03T00:00:00Z,1762128000,1.31336,1.31421,1.31295,1.31388,5028,10,0
2025-11-03T04:00:00Z,1762142400,1.31388,1.31487,1.31338,1.31376,5223,10,0
2025-11-03T08:00:00Z,1762156800,1.3137699999999999,1.31386,1.31166,1.31273,9189,10,0
2025-11-03T12:00:00Z,1762171200,1.3127499999999999,1.31471,1.31078,1.31458,12285,10,0
2025-11-03T16:00:00Z,1762185600,1.31459,1.3162099999999999,1.3134000000000001,1.31373,8848,10,0
2025-11-03T20:00:00Z,1762200000,1.3137400000000001,1.31415,1.31318,1.31341,3773,9,0
2025-11-04T00:00:00Z,1762214400,1.3134000000000001,1.3134000000000001,1.31173,1.3127499999999999,7007,10,0
2025-11-04T04:00:00Z,1762228800,1.31276,1.31386,1.31158,1.31209,8341,10,0
2025-11-04T08:00:00Z,1762243200,1.31205,1.31213,1.30564,1.30584,13730,10,0
2025-11-04T12:00:00Z,1762257600,1.30586,1.30679,1.30331,1.30456,13412,10,0
2025-11-04T16:00:00Z,1762272000,1.30458,1.30514,1.30128,1.30146,8833,10,0
2025-11-04T20:00:00Z,1762286400,1.30149,1.30268,1.30095,1.3020800000000001,3877,10,0
2025-11-05T00:00:00Z,1762300800,1.30207,1.3024,1.30095,1.30195,7411,10,0
2025-11-05T04:00:00Z,1762315200,1.30199,1.30308,1.30187,1.30264,6023,10,0
2025-11-05T08:00:00Z,1762329600,1.30267,1.30528,1.30111,1.30346,10176,10,0
2025-11-05T12:00:00Z,1762344000,1.30349,1.3047,1.30129,1.30407,14234,10,0
2025-11-05T16:00:00Z,1762358400,1.30407,1.3049,1.30307,1.30443,8421,10,0
2025-11-05T20:00:00Z,1762372800,1.3044799999999999,1.30527,1.30436,1.30515,3063,10,0
2025-11-06T00:00:00Z,1762387200,1.30515,1.30648,1.30497,1.30628,4885,10,0
2025-11-06T04:00:00Z,1762401600,1.3063,1.30716,1.30525,1.30622,5731,10,0
2025-11-06T08:00:00Z,1762416000,1.30625,1.3094299999999999,1.30584,1.30912,10399,10,0
2025-11-06T12:00:00Z,1762430400,1.3091599999999999,1.31249,1.3059,1.31014,19359,10,0
2025-11-06T16:00:00Z,1762444800,1.31012,1.31422,1.30964,1.3132,10825,10,0
2025-11-06T20:00:00Z,1762459200,1.3132,1.31418,1.31266,1.31393,5523,10,0
2025-11-07T00:00:00Z,1762473600,1.31393,1.31415,1.31152,1.31185,6215,10,0
2025-11-07T04:00:00Z,1762488000,1.31185,1.3124799999999999,1.31129,1.31247,5610,10,0
2025-11-07T08:00:00Z,1762502400,1.31247,1.31274,1.3094299999999999,1.31199,10424,10,0
2025-11-07T12:00:00Z,1762516800,1.31203,1.3174000000000001,1.31091,1.31508,15705,10,0
2025-11-07T16:00:00Z,1762531200,1.31511,1.31746,1.31502,1.31576,10333,10,0
2025-11-07T20:00:00Z,1762545600,1.31574,1.3167200000000001,1.31524,1.31647,4814,10,0
2025-11-09T20:00:00Z,1762718400,1.3145,1.31593,1.31368,1.31411,2308,10,0
2025-11-10T00:00:00Z,1762732800,1.31411,1.31548,1.31361,1.31466,9461,10,0
2025-11-10T04:00:00Z,1762747200,1.31466,1.31663,1.31386,1.31567,8972,10,0
2025-11-10T08:00:00Z,1762761600,1.31564,1.31839,1.31515,1.31753,11111,10,0
2025-11-10T12:00:00Z,1762776000,1.31753,1.31909,1.3145,1.31478,12263,10,0
2025-11-10T16:00:00Z,1762790400,1.31475,1.31843,1.31466,1.31795,8926,10,0
2025-11-10T20:00:00Z,1762804800,1.31793,1.3183799999999999,1.31677,1.31718,4421,7,0
2025-11-11T00:00:00Z,1762819200,1.31717,1.31749,1.3157,1.31677,5822,10,0
2025-11-11T04:00:00Z,1762833600,1.31677,1.31718,1.31204,1.3125499999999999,9875,10,0
2025-11-11T08:00:00Z,1762848000,1.31257,1.31516,1.31159,1.31478,10851,10,0
2025-11-11T12:00:00Z,1762862400,1.31477,1.31841,1.31385,1.31727,14027,10,0
2025-11-11T16:00:00Z,1762876800,1.31726,1.3179,1.31647,1.31666,8335,10,0
2025-11-11T20:00:00Z,1762891200,1.31668,1.31714,1.31413,1.31518,4079,9,0
2025-11-12T00:00:00Z,1762905600,1.31516,1.31529,1.3134700000000001,1.31396,5173,10,0
2025-11-12T04:00:00Z,1762920000,1.31396,1.31485,1.3128199999999999,1.31454,6752,10,0
2025-11-12T08:00:00Z,1762934400,1.31455,1.31551,1.31101,1.31371,12181,10,0
2025-11-12T12:00:00Z,1762948800,1.31368,1.31397,1.30839,1.313,14778,10,0
2025-11-12T16:00:00Z,1762963200,1.31303,1.31437,1.31272,1.31293,8699,10,0
2025-11-12T20:00:00Z,1762977600,1.31291,1.31339,1.31239,1.31272,4310,9,0
2025-11-13T00:00:00Z,1762992000,1.3127499999999999,1.31284,1.31104,1.31257,7388,10,0
2025-11-13T04:00:00Z,1763006400,1.31256,1.31432,1.31003,1.3140100000000001,8147,10,0
2025-11-13T08:00:00Z,1763020800,1.314,1.3170600000000001,1.313,1.31475,13564,10,0
2025-11-13T12:00:00Z,1763035200,1.31474,1.31988,1.31463,1.31976,15986,10,0
2025-11-13T16:00:00Z,1763049600,1.31976,1.32156,1.31891,1.31895,12866,10,0
2025-11-13T20:00:00Z,1763064000,1.3189899999999999,1.31943,1.31359,1.31524,6293,10,0
2025-11-14T00:00:00Z,1763078400,1.31524,1.31609,1.31349,1.31455,9395,10,0
2025-11-14T04:00:00Z,1763092800,1.31453,1.3158400000000001,1.31258,1.31463,10440,10,0
2025-11-14T08:00:00Z,1763107200,1.3146,1.32001,1.31076,1.31378,24485,10,0
2025-11-14T12:00:00Z,1763121600,1.31381,1.31806,1.31247,1.31389,20304,10,0
2025-11-14T16:00:00Z,1763136000,1.3139,1.31673,1.31382,1.31641,11003,10,0
2025-11-14T20:00:00Z,1763150400,1.31642,1.31754,1.31612,1.3173599999999999,4092,10,0
2025-11-16T20:00:00Z,1763323200,1.31538,1.31704,1.3149600000000001,1.31588,1776,10,0
2025-11-17T00:00:00Z,1763337600,1.3158699999999999,1.3164799999999999,1.31412,1.31446,6351,10,0
2025-11-17T04:00:00Z,1763352000,1.31444,1.3176700000000001,1.31353,1.31755,6495,10,0
2025-11-17T08:00:00Z,1763366400,1.31756,1.31805,1.31487,1.31799,12651,10,0
2025-11-17T12:00:00Z,1763380800,1.31795,1.31927,1.31606,1.31769,13895,10,0
2025-11-17T16:00:00Z,1763395200,1.3176700000000001,1.31787,1.31451,1.3146,9913,10,0
2025-11-17T20:00:00Z,1763409600,1.3146,1.31588,1.3144,1.31551,4671,10,0
2025-11-18T00:00:00Z,1763424000,1.3155000000000001,1.3155299999999999,1.31446,1.31488,6074,10,0
2025-11-18T04:00:00Z,1763438400,1.31487,1.31639,1.31446,1.31497,8988,10,0
2025-11-18T08:00:00Z,1763452800,1.3149600000000001,1.31766,1.31368,1.31405,12389,10,0
2025-11-18T12:00:00Z,1763467200,1.31406,1.3170899999999999,1.31333,1.31439,15650,10,0
2025-11-18T16:00:00Z,1763481600,1.31436,1.31566,1.3134700000000001,1.31547,10814,10,0
2025-11-18T20:00:00Z,1763496000,1.31547,1.31564,1.31389,1.3146900000000001,4061,4,0
2025-11-19T00:00:00Z,1763510400,1.31468,1.31487,1.31287,1.31396,6625,10,0
2025-11-19T04:00:00Z,1763524800,1.31396,1.31548,1.31314,1.31418,8814,10,0
2025-11-19T08:00:00Z,1763539200,1.3142,1.3148,1.30921,1.31267,14317,10,0
2025-11-19T12:00:00Z,1763553600,1.31268,1.313,1.30708,1.3079,13844,10,0
2025-11-19T16:00:00Z,1763568000,1.30788,1.30851,1.3043,1.30458,12208,10,0
2025-11-19T20:00:00Z,1763582400,1.30454,1.3062,1.30437,1.30596,5451,4,0
2025-11-20T00:00:00Z,1763596800,1.30596,1.30596,1.30372,1.30463,7129,10,0
2025-11-20T04:00:00Z,1763611200,1.30463,1.30701,1.30434,1.30687,7298,10,0
2025-11-20T08:00:00Z,1763625600,1.30686,1.30844,1.30591,1.30644,10747,10,0
2025-11-20T12:00:00Z,1763640000,1.30643,1.31233,1.3048,1.3094299999999999,20822,10,0
2025-11-20T16:00:00Z,1763654400,1.3094299999999999,1.31025,1.30654,1.30869,13345,10,0
2025-11-20T20:00:00Z,1763668800,1.30869,1.30873,1.30674,1.3082500000000001,4977,9,0
2025-11-21T00:00:00Z,1763683200,1.3082500000000001,1.3087900000000001,1.30743,1.30862,8209,10,0
2025-11-21T04:00:00Z,1763697600,1.30862,1.3096999999999999,1.30654,1.30804,9504,10,0
2025-11-21T08:00:00Z,1763712000,1.30808,1.31027,1.30416,1.3044799999999999,17224,10,0
2025-11-21T12:00:00Z,1763726400,1.30447,1.30994,1.30384,1.30847,20748,10,0
2025-11-21T16:00:00Z,1763740800,1.30844,1.31093,1.3072599999999999,1.31022,11370,10,0
2025-11-21T20:00:00Z,1763755200,1.31024,1.3108,1.30948,1.30972,4517,10,0
2025-11-23T20:00:00Z,1763928000,1.3092,1.30996,1.30887,1.30957,1610,10,0
2025-11-24T00:00:00Z,1763942400,1.30957,1.31017,1.3085200000000001,1.30972,7088,10,0
2025-11-24T04:00:00Z,1763956800,1.30972,1.31114,1.30883,1.30895,7604,10,0
2025-11-24T08:00:00Z,1763971200,1.30899,1.31098,1.3087,1.30908,12509,10,0
2025-11-24T12:00:00Z,1763985600,1.30908,1.31178,1.308,1.3097699999999999,13340,10,0
2025-11-24T16:00:00Z,1764000000,1.30973,1.31162,1.30851,1.31081,9161,10,0
2025-11-24T20:00:00Z,1764014400,1.31082,1.31115,1.31003,1.31053,4066,4,0
2025-11-25T00:00:00Z,1764028800,1.31053,1.31154,1.30986,1.30997,6207,10,0
2025-11-25T04:00:00Z,1764043200,1.30998,1.31283,1.3094999999999999,1.31215,6596,10,0
2025-11-25T08:00:00Z,1764057600,1.31216,1.3140399999999999,1.31083,1.31119,11378,10,0
2025-11-25T12:00:00Z,1764072000,1.31119,1.3195299999999999,1.31085,1.31763,20045,10,0
2025-11-25T16:00:00Z,1764086400,1.31762,1.32137,1.31705,1.32114,12804,10,0
2025-11-25T20:00:00Z,1764100800,1.32115,1.32137,1.3153000000000001,1.31577,7845,7,0
2025-11-26T00:00:00Z,1764115200,1.31578,1.31966,1.31578,1.31958,12536,10,0
2025-11-26T04:00:00Z,1764129600,1.31958,1.31978,1.31651,1.31788,7916,10,0
2025-11-26T08:00:00Z,1764144000,1.3179,1.32016,1.31498,1.31725,19459,10,0
2025-11-26T12:00:00Z,1764158400,1.3172,1.32346,1.31241,1.32252,34622,10,0
2025-11-26T16:00:00Z,1764172800,1.3225500000000001,1.32379,1.32187,1.32339,10408,10,0
2025-11-26T20:00:00Z,1764187200,1.32335,1.32471,1.3232,1.32442,4446,9,0
2025-11-27T00:00:00Z,1764201600,1.32442,1.32622,1.32429,1.32551,7717,10,0
2025-11-27T04:00:00Z,1764216000,1.32551,1.32684,1.32291,1.32385,8735,10,0
2025-11-27T08:00:00Z,1764230400,1.32388,1.3241800000000001,1.32094,1.32291,9415,10,0
2025-11-27T12:00:00Z,1764244800,1.32291,1.3252,1.32252,1.32507,8746,10,0
2025-11-27T16:00:00Z,1764259200,1.32503,1.32546,1.323,1.32368,4124,10,0
2025-11-27T20:00:00Z,1764273600,1.32368,1.32407,1.32295,1.32395,2904,9,0
2025-11-28T00:00:00Z,1764288000,1.32395,1.3244500000000001,1.32277,1.32379,21939,10,0
2025-11-28T04:00:00Z,1764302400,1.3237700000000001,1.3243800000000001,1.32101,1.32135,37199,10,0
2025-11-28T08:00:00Z,1764316800,1.32131,1.32274,1.32004,1.3202099999999999,50045,10,0
2025-11-28T12:00:00Z,1764331200,1.32017,1.3253599999999999,1.31998,1.32493,18765,10,0
2025-11-28T16:00:00Z,1764345600,1.3249,1.32504,1.3225500000000001,1.32432,7029,29,0
2025-11-28T20:00:00Z,1764360000,1.32435,1.3244,1.32277,1.3229199999999999,2519,38,0
2025-11-30T20:00:00Z,1764532800,1.32261,1.32478,1.32145,1.32388,2353,10,0
2025-12-01T00:00:00Z,1764547200,1.32388,1.32467,1.32216,1.32304,9776,10,0
2025-12-01T04:00:00Z,1764561600,1.32306,1.32363,1.32101,1.32195,8568,10,0
2025-12-01T08:00:00Z,1764576000,1.32199,1.32365,1.3205,1.32332,14449,10,0
2025-12-01T12:00:00Z,1764590400,1.32331,1.32755,1.32297,1.32514,16299,10,0
2025-12-01T16:00:00Z,1764604800,1.32514,1.32523,1.32076,1.32124,9792,10,0
2025-12-01T20:00:00Z,1764619200,1.32121,1.32145,1.32083,1.32084,3232,9,0
2025-12-02T00:00:00Z,1764633600,1.32085,1.32176,1.32027,1.3216700000000001,4292,10,0
2025-12-02T04:00:00Z,1764648000,1.3216700000000001,1.32213,1.32073,1.32149,5210,10,0
2025-12-02T08:00:00Z,1764662400,1.32151,1.32207,1.3180399999999999,1.3197999999999999,11629,10,0
2025-12-02T12:00:00Z,1764676800,1.31976,1.32132,1.31851,1.32005,12836,10,0
2025-12-02T16:00:00Z,1764691200,1.32003,1.3213,1.31789,1.32093,8822,10,0
2025-12-02T20:00:00Z,1764705600,1.32092,1.32207,1.31994,1.32196,3913,10,0
2025-12-03T00:00:00Z,1764720000,1.32196,1.32317,1.32168,1.32286,4633,10,0
2025-12-03T04:00:00Z,1764734400,1.32286,1.32521,1.32263,1.32423,5316,10,0
2025-12-03T08:00:00Z,1764748800,1.32425,1.32962,1.32369,1.32958,10666,10,0
2025-12-03T12:00:00Z,1764763200,1.32959,1.3331,1.32919,1.33304,13706,10,0
2025-12-03T16:00:00Z,1764777600,1.33305,1.33529,1.3328,1.33505,9303,10,0
2025-12-03T20:00:00Z,1764792000,1.33502,1.33536,1.33443,1.33472,3525,7,0
2025-12-04T00:00:00Z,1764806400,1.33469,1.33469,1.3327200000000001,1.33319,5375,10,0
2025-12-04T04:00:00Z,1764820800,1.33318,1.33413,1.33308,1.33365,5245,10,0
2025-12-04T08:00:00Z,1764835200,1.33366,1.3363399999999999,1.3333,1.33598,11188,10,0
2025-12-04T12:00:00Z,1764849600,1.33598,1.33852,1.33216,1.33725,14701,10,0
2025-12-04T16:00:00Z,1764864000,1.33723,1.33728,1.33354,1.33398,8129,10,0
2025-12-04T20:00:00Z,1764878400,1.33395,1.33395,1.33196,1.33219,3920,9,0
2025-12-05T00:00:00Z,1764892800,1.33219,1.33339,1.33216,1.3326500000000001,4040,10,0
2025-12-05T04:00:00Z,1764907200,1.3326500000000001,1.33622,1.33264,1.33526,5819,10,0
2025-12-05T08:00:00Z,1764921600,1.33524,1.33598,1.3327499999999999,1.3339699999999999,8949,10,0
2025-12-05T12:00:00Z,1764936000,1.334,1.33617,1.33381,1.33423,12151,10,0
2025-12-05T16:00:00Z,1764950400,1.33426,1.3343099999999999,1.33158,1.33335,9013,10,0
2025-12-05T20:00:00Z,1764964800,1.3333300000000001,1.3336700000000001,1.33255,1.3333300000000001,3221,10,0
2025-12-07T20:00:00Z,1765137600,1.33213,1.33316,1.3319,1.33256,3014,10,0
2025-12-08T00:00:00Z,1765152000,1.33257,1.3342,1.33222,1.3336700000000001,5774,10,0
2025-12-08T04:00:00Z,1765166400,1.3336700000000001,1.33462,1.3321399999999999,1.33243,6349,10,0
2025-12-08T08:00:00Z,1765180800,1.33244,1.33332,1.33131,1.33172,9030,10,0
2025-12-08T12:00:00Z,1765195200,1.3317,1.33381,1.33051,1.33111,12427,10,0
2025-12-08T16:00:00Z,1765209600,1.33112,1.33304,1.3308,1.33263,8309,10,0
2025-12-08T20:00:00Z,1765224000,1.3326500000000001,1.33291,1.33166,1.33267,3468,9,0
2025-12-09T00:00:00Z,1765238400,1.33266,1.33345,1.33179,1.33279,5047,10,0
2025-12-09T04:00:00Z,1765252800,1.33279,1.33365,1.33228,1.33276,5954,10,0
2025-12-09T08:00:00Z,1765267200,1.33279,1.33558,1.3323800000000001,1.33285,9979,10,0
2025-12-09T12:00:00Z,1765281600,1.33284,1.33305,1.32866,1.32966,15317,10,0
2025-12-09T16:00:00Z,1765296000,1.32965,1.3319,1.32908,1.33012,9066,10,0
2025-12-09T20:00:00Z,1765310400,1.33009,1.33066,1.3296000000000001,1.3302399999999999,3820,7,0
2025-12-10T00:00:00Z,1765324800,1.3302399999999999,1.33049,1.32954,1.3302100000000001,4978,10,0
2025-12-10T04:00:00Z,1765339200,1.3302100000000001,1.33254,1.3302,1.33235,5288,10,0
2025-12-10T08:00:00Z,1765353600,1.33235,1.33269,1.3301,1.33097,9786,10,0
2025-12-10T12:00:00Z,1765368000,1.33099,1.3336299999999999,1.33042,1.33201,12746,10,0
2025-12-10T16:00:00Z,1765382400,1.33199,1.33695,1.3315000000000001,1.33643,22108,10,0
2025-12-10T20:00:00Z,1765396800,1.3364099999999999,1.3391,1.33591,1.33879,10221,7,0
2025-12-11T00:00:00Z,1765411200,1.33879,1.33915,1.33656,1.33667,7603,10,0
2025-12-11T04:00:00Z,1765425600,1.3366799999999999,1.33786,1.3359,1.33695,7327,10,0
2025-12-11T08:00:00Z,1765440000,1.33693,1.3387,1.3354,1.3385,11152,10,0
2025-12-11T12:00:00Z,1765454400,1.3385,1.34349,1.33784,1.34336,14591,10,0
2025-12-11T16:00:00Z,1765468800,1.3433899999999999,1.3437700000000001,1.33893,1.33904,10258,10,0
2025-12-11T20:00:00Z,1765483200,1.33903,1.33957,1.3381,1.3393,4574,7,0
2025-12-12T00:00:00Z,1765497600,1.3393,1.33995,1.3388900000000001,1.33906,5332,10,0
2025-12-12T04:00:00Z,1765512000,1.33906,1.33987,1.33743,1.3384,5942,10,0
2025-12-12T08:00:00Z,1765526400,1.33839,1.3388499999999999,1.33671,1.33747,9226,10,0
2025-12-12T12:00:00Z,1765540800,1.33746,1.3383099999999999,1.33517,1.3354300000000001,12384,10,0
2025-12-12T16:00:00Z,1765555200,1.3354599999999999,1.33765,1.33415,1.33652,10324,10,0
2025-12-12T20:00:00Z,1765569600,1.33652,1.33743,1.33633,1.33718,3672,10,0
2025-12-14T20:00:00Z,1765742400,1.33515,1.33717,1.33515,1.3366799999999999,1892,10,0
2025-12-15T00:00:00Z,1765756800,1.33671,1.3374,1.33548,1.33564,6812,10,0
2025-12-15T04:00:00Z,1765771200,1.33564,1.33697,1.3354300000000001,1.33631,6249,10,0
2025-12-15T08:00:00Z,1765785600,1.33631,1.33896,1.33608,1.33826,8592,10,0
2025-12-15T12:00:00Z,1765800000,1.33826,1.34015,1.33805,1.33942,12218,10,0
2025-12-15T16:00:00Z,1765814400,1.33942,1.33952,1.3359,1.33723,9719,10,0
2025-12-15T20:00:00Z,1765828800,1.33721,1.33806,1.33658,1.33786,4638,4,0
2025-12-16T00:00:00Z,1765843200,1.33786,1.3383,1.33612,1.33652,7592,10,0
2025-12-16T04:00:00Z,1765857600,1.33652,1.33783,1.3354599999999999,1.3375,7100,10,0
2025-12-16T08:00:00Z,1765872000,1.33752,1.34307,1.33745,1.34307,12681,10,0
2025-12-16T12:00:00Z,1765886400,1.34308,1.34555,1.34035,1.3415300000000001,21656,10,0
2025-12-16T16:00:00Z,1765900800,1.34151,1.3439999999999999,1.33996,1.34253,13872,10,0
2025-12-16T20:00:00Z,1765915200,1.34252,1.34354,1.34166,1.34249,5493,10,0
2025-12-17T00:00:00Z,1765929600,1.34249,1.34265,1.34061,1.3409200000000001,5656,10,0
2025-12-17T04:00:00Z,1765944000,1.3409200000000001,1.34093,1.3315000000000001,1.33219,12044,10,0
2025-12-17T08:00:00Z,1765958400,1.33218,1.33371,1.33112,1.33271,11798,10,0
2025-12-17T12:00:00Z,1765972800,1.33269,1.33999,1.33256,1.33986,15586,10,0
2025-12-17T16:00:00Z,1765987200,1.33985,1.34062,1.33721,1.33764,12310,10,0
2025-12-17T20:00:00Z,1766001600,1.3376299999999999,1.33836,1.33703,1.3373300000000001,4026,9,0
2025-12-18T00:00:00Z,1766016000,1.3373300000000001,1.33786,1.3361100000000001,1.33643,6561,10,0
2025-12-18T04:00:00Z,1766030400,1.33642,1.3375,1.33618,1.33658,6747,10,0
2025-12-18T08:00:00Z,1766044800,1.33657,1.3373,1.33405,1.33536,9976,10,0
2025-12-18T12:00:00Z,1766059200,1.33526,1.3446,1.33481,1.33942,26117,10,0
2025-12-18T16:00:00Z,1766073600,1.33945,1.3405,1.33697,1.33856,12221,10,0
2025-12-18T20:00:00Z,1766088000,1.33854,1.33893,1.33761,1.3383099999999999,5297,7,0
2025-12-19T00:00:00Z,1766102400,1.3383099999999999,1.33865,1.33727,1.33774,6470,10,0
2025-12-19T04:00:00Z,1766116800,1.33774,1.33854,1.33625,1.33647,7823,10,0
2025-12-19T08:00:00Z,1766131200,1.3365,1.33876,1.33646,1.33723,10569,10,0
2025-12-19T12:00:00Z,1766145600,1.33723,1.33865,1.33565,1.33613,14046,10,0
2025-12-19T16:00:00Z,1766160000,1.3361,1.33914,1.33593,1.33901,9452,10,0
2025-12-19T20:00:00Z,1766174400,1.33898,1.33937,1.33724,1.33748,3781,10,0
2025-12-21T20:00:00Z,1766347200,1.33689,1.33833,1.3357700000000001,1.33785,4826,10,0
2025-12-22T00:00:00Z,1766361600,1.33789,1.33993,1.33782,1.33927,15881,10,0
2025-12-22T04:00:00Z,1766376000,1.33927,1.3418700000000001,1.3391,1.3413300000000001,6524,10,0
2025-12-22T08:00:00Z,1766390400,1.3413,1.34418,1.34088,1.34385,10471,10,0
2025-12-22T12:00:00Z,1766404800,1.34385,1.3458700000000001,1.34257,1.3453300000000001,12099,10,0
2025-12-22T16:00:00Z,1766419200,1.34531,1.34772,1.3446,1.34581,9682,10,0
2025-12-22T20:00:00Z,1766433600,1.34583,1.34693,1.34541,1.34672,4320,2,0
2025-12-23T00:00:00Z,1766448000,1.34673,1.34894,1.34673,1.34884,6369,10,0
2025-12-23T04:00:00Z,1766462400,1.34884,1.3502399999999999,1.34792,1.3501,7427,10,0
2025-12-23T08:00:00Z,1766476800,1.35009,1.35184,1.34958,1.35031,11972,10,0
2025-12-23T12:00:00Z,1766491200,1.3503,1.35125,1.34718,1.34829,15443,10,0
2025-12-23T16:00:00Z,1766505600,1.3483100000000001,1.34971,1.34704,1.34962,8809,10,0
2025-12-23T20:00:00Z,1766520000,1.34961,1.3523800000000001,1.34937,1.35126,4541,9,0
2025-12-24T00:00:00Z,1766534400,1.35126,1.35336,1.35066,1.35159,7294,10,0
2025-12-24T04:00:00Z,1766548800,1.35162,1.35239,1.35089,1.351,6692,10,0
2025-12-24T08:00:00Z,1766563200,1.35099,1.35279,1.35023,1.3513899999999999,9123,10,0
2025-12-24T12:00:00Z,1766577600,1.3514,1.35142,1.34915,1.35067,11757,10,0
2025-12-24T16:00:00Z,1766592000,1.35067,1.3510499999999999,1.34921,1.34985,7570,10,0
2025-12-24T20:00:00Z,1766606400,1.3498700000000001,1.35028,1.34948,1.3502100000000001,3891,67,0
2025-12-25T20:00:00Z,1766692800,1.34942,1.3514599999999999,1.34942,1.3507500000000001,3044,10,0
2025-12-26T00:00:00Z,1766707200,1.3507500000000001,1.35223,1.35045,1.35054,7499,10,0
2025-12-26T04:00:00Z,1766721600,1.35054,1.3508,1.3479,1.34822,7921,10,0
2025-12-26T08:00:00Z,1766736000,1.34825,1.34979,1.34768,1.34943,9132,10,0
2025-12-26T12:00:00Z,1766750400,1.34941,1.35269,1.34879,1.35066,11556,10,0
2025-12-26T16:00:00Z,1766764800,1.35064,1.35074,1.34812,1.34997,9949,10,0
2025-12-26T20:00:00Z,1766779200,1.34999,1.3506,1.3492,1.34992,4038,10,0
2025-12-28T20:00:00Z,1766952000,1.34904,1.35008,1.34775,1.34964,2365,10,0
2025-12-29T00:00:00Z,1766966400,1.34965,1.35115,1.3496299999999999,1.35064,7054,10,0
2025-12-29T04:00:00Z,1766980800,1.35063,1.35067,1.34812,1.34849,8392,10,0
2025-12-29T08:00:00Z,1766995200,1.34846,1.3511,1.34731,1.34889,13838,10,0
2025-12-29T12:00:00Z,1767009600,1.34889,1.35123,1.34687,1.35,17560,10,0
2025-12-29T16:00:00Z,1767024000,1.34997,1.3507799999999999,1.3481,1.35063,11510,10,0
2025-12-29T20:00:00Z,1767038400,1.35061,1.35155,1.34977,1.35084,5293,10,0
2025-12-30T00:00:00Z,1767052800,1.35084,1.35113,1.34973,1.3504800000000001,5155,10,0
2025-12-30T04:00:00Z,1767067200,1.3504800000000001,1.35213,1.35003,1.3505099999999999,6518,10,0
2025-12-30T08:00:00Z,1767081600,1.3505099999999999,1.35304,1.35027,1.35042,9776,10,0
2025-12-30T12:00:00Z,1767096000,1.3504399999999999,1.35083,1.34494,1.34731,13612,10,0
2025-12-30T16:00:00Z,1767110400,1.3473,1.3483100000000001,1.34618,1.3465099999999999,9548,10,0
2025-12-30T20:00:00Z,1767124800,1.34654,1.34688,1.34606,1.3466,4061,2,0
2025-12-31T00:00:00Z,1767139200,1.34662,1.34671,1.34579,1.34634,5492,10,0
2025-12-31T04:00:00Z,1767153600,1.34635,1.34641,1.34508,1.34558,5832,10,0
2025-12-31T08:00:00Z,1767168000,1.34561,1.3465099999999999,1.3425500000000001,1.34547,11344,10,0
2025-12-31T12:00:00Z,1767182400,1.34549,1.34761,1.34012,1.3449900000000001,17416,10,0
2025-12-31T16:00:00Z,1767196800,1.3450199999999999,1.34602,1.3437299999999999,1.3458999999999999,11300,10,0
2025-12-31T20:00:00Z,1767211200,1.3458999999999999,1.34828,1.34586,1.34734,2613,10,0
2026-01-01T20:00:00Z,1767297600,1.34562,1.3476,1.34542,1.34737,1751,10,0
2026-01-02T00:00:00Z,1767312000,1.34737,1.34908,1.34711,1.34863,4582,10,0
2026-01-02T04:00:00Z,1767326400,1.34863,1.34874,1.34572,1.34637,5669,10,0
2026-01-02T08:00:00Z,1767340800,1.34634,1.34683,1.3433899999999999,1.34402,12160,10,0
2026-01-02T12:00:00Z,1767355200,1.34399,1.35016,1.34356,1.3496299999999999,13930,10,0
2026-01-02T16:00:00Z,1767369600,1.3496299999999999,1.34982,1.34459,1.34545,10627,10,0
2026-01-02T20:00:00Z,1767384000,1.34546,1.34664,1.34491,1.34593,3669,10,0
2026-01-04T20:00:00Z,1767556800,1.34485,1.34564,1.34353,1.34378,2506,10,0
2026-01-05T00:00:00Z,1767571200,1.34375,1.34485,1.34132,1.34154,10470,10,0
2026-01-05T04:00:00Z,1767585600,1.34151,1.34368,1.34137,1.34223,8625,10,0
2026-01-05T08:00:00Z,1767600000,1.34226,1.34708,1.34169,1.34588,13450,10,0
2026-01-05T12:00:00Z,1767614400,1.3458999999999999,1.35038,1.34246,1.3502,17427,10,0
2026-01-05T16:00:00Z,1767628800,1.35022,1.35454,1.35022,1.35426,11925,10,0
2026-01-05T20:00:00Z,1767643200,1.3542399999999999,1.3547799999999999,1.35313,1.3532199999999999,4096,4,0
2026-01-06T00:00:00Z,1767657600,1.35321,1.35619,1.35273,1.35586,7423,10,0
2026-01-06T04:00:00Z,1767672000,1.35585,1.35673,1.35455,1.3550499999999999,7488,10,0
2026-01-06T08:00:00Z,1767686400,1.355,1.3566500000000001,1.35168,1.3520400000000001,13457,10,0
2026-01-06T12:00:00Z,1767700800,1.35206,1.35342,1.34936,1.35072,15987,10,0
2026-01-06T16:00:00Z,1767715200,1.35068,1.35118,1.34913,1.35001,10578,10,0
2026-01-06T20:00:00Z,1767729600,1.35,1.35058,1.34905,1.3498999999999999,3984,4,0
2026-01-07T00:00:00Z,1767744000,1.3498999999999999,1.35165,1.3497,1.3513899999999999,6997,10,0
2026-01-07T04:00:00Z,1767758400,1.35137,1.35168,1.3491,1.34923,8106,10,0
2026-01-07T08:00:00Z,1767772800,1.3492,1.35055,1.34845,1.34998,10248,10,0
2026-01-07T12:00:00Z,1767787200,1.35,1.35025,1.34722,1.3480699999999999,16684,10,0
2026-01-07T16:00:00Z,1767801600,1.34806,1.34855,1.3461699999999999,1.3464,9739,10,0
2026-01-07T20:00:00Z,1767816000,1.34639,1.34676,1.34536,1.34581,3861,10,0
2026-01-08T00:00:00Z,1767830400,1.34581,1.34649,1.34501,1.34628,5362,10,0
2026-01-08T04:00:00Z,1767844800,1.34628,1.34632,1.34446,1.34451,7078,10,0
2026-01-08T08:00:00Z,1767859200,1.34454,1.34504,1.34317,1.3443800000000001,10187,10,0
2026-01-08T12:00:00Z,1767873600,1.34435,1.34473,1.34155,1.34406,13590,10,0
2026-01-08T16:00:00Z,1767888000,1.34405,1.34442,1.34192,1.34305,9443,10,0
2026-01-08T20:00:00Z,1767902400,1.34305,1.34449,1.34292,1.34358,4484,4,0
2026-01-09T00:00:00Z,1767916800,1.34357,1.34374,1.34241,1.34363,6574,10,0
2026-01-09T04:00:00Z,1767931200,1.34363,1.34378,1.34142,1.34284,6858,10,0
2026-01-09T08:00:00Z,1767945600,1.34287,1.3433899999999999,1.34035,1.34125,10290,10,0
2026-01-09T12:00:00Z,1767960000,1.34125,1.34507,1.33869,1.34174,24912,10,0
2026-01-09T16:00:00Z,1767974400,1.34173,1.3422399999999999,1.33974,1.34062,10971,10,0
2026-01-09T20:00:00Z,1767988800,1.34062,1.34096,1.33965,1.34021,3036,10,0
2026-01-11T20:00:00Z,1768161600,1.3391,1.34001,1.33881,1.33935,1525,10,0
2026-01-12T00:00:00Z,1768176000,1.33935,1.34405,1.33903,1.34196,10028,10,0
2026-01-12T04:00:00Z,1768190400,1.34199,1.3446500000000001,1.34159,1.34436,7395,10,0
2026-01-12T08:00:00Z,1768204800,1.34433,1.34745,1.3442,1.3459400000000001,11899,10,0
2026-01-12T12:00:00Z,1768219200,1.34591,1.34853,1.3457,1.34749,14671,10,0
2026-01-12T16:00:00Z,1768233600,1.34751,1.3477000000000001,1.34548,1.3465500000000001,8834,10,0
2026-01-12T20:00:00Z,1768248000,1.34656,1.347,1.34602,1.34656,4122,7,0
2026-01-13T00:00:00Z,1768262400,1.34656,1.34785,1.3462,1.34701,6572,10,0
2026-01-13T04:00:00Z,1768276800,1.347,1.34768,1.34618,1.34665,7172,10,0
2026-01-13T08:00:00Z,1768291200,1.34662,1.34853,1.34626,1.34721,9084,10,0
2026-01-13T12:00:00Z,1768305600,1.34721,1.34943,1.34345,1.34416,18713,10,0
2026-01-13T16:00:00Z,1768320000,1.34413,1.34446,1.34234,1.34345,10552,10,0
2026-01-13T20:00:00Z,1768334400,1.34345,1.34359,1.34162,1.3425099999999999,4115,2,0
2026-01-14T00:00:00Z,1768348800,1.3425,1.34479,1.34191,1.34443,5747,10,0
2026-01-14T04:00:00Z,1768363200,1.34442,1.34494,1.3434,1.34393,5651,10,0
2026-01-14T08:00:00Z,1768377600,1.34391,1.34585,1.34365,1.34491,10973,10,0
2026-01-14T12:00:00Z,1768392000,1.34487,1.34637,1.3437999999999999,1.3455599999999999,17842,10,0
2026-01-14T16:00:00Z,1768406400,1.34555,1.34584,1.34242,1.34306,9367,10,0
2026-01-14T20:00:00Z,1768420800,1.34307,1.3446799999999999,1.34294,1.34396,6052,10,0
2026-01-15T00:00:00Z,1768435200,1.34396,1.34396,1.34252,1.3427,7177,10,0
2026-01-15T04:00:00Z,1768449600,1.34273,1.3443,1.34226,1.34341,7590,10,0
2026-01-15T08:00:00Z,1768464000,1.3433899999999999,1.3445,1.34155,1.34182,10331,10,0
2026-01-15T12:00:00Z,1768478400,1.34179,1.34204,1.33624,1.33856,14625,10,0
2026-01-15T16:00:00Z,1768492800,1.3385500000000001,1.33936,1.3379400000000001,1.33853,9778,10,0
2026-01-15T20:00:00Z,1768507200,1.33856,1.3385799999999999,1.33739,1.33807,5104,4,0
2026-01-16T00:00:00Z,1768521600,1.33806,1.33905,1.3370199999999999,1.33903,6238,10,0
2026-01-16T04:00:00Z,1768536000,1.33901,1.33917,1.33764,1.33902,5454,10,0
2026-01-16T08:00:00Z,1768550400,1.33903,1.3412600000000001,1.3389,1.34071,8484,10,0
2026-01-16T12:00:00Z,1768564800,1.3406799999999999,1.34097,1.33657,1.33777,16308,10,0
2026-01-16T16:00:00Z,1768579200,1.33779,1.33898,1.33732,1.33816,10263,10,0
2026-01-16T20:00:00Z,1768593600,1.33818,1.3385799999999999,1.33742,1.33782,3436,10,0
2026-01-18T20:00:00Z,1768766400,1.33418,1.34062,1.33321,1.34016,4126,10,0
2026-01-19T00:00:00Z,1768780800,1.34015,1.34086,1.3381,1.33878,12075,10,0
2026-01-19T04:00:00Z,1768795200,1.33879,1.34098,1.33839,1.3388200000000001,9045,10,0
2026-01-19T08:00:00Z,1768809600,1.3388499999999999,1.34152,1.33866,1.3408,10549,10,0
2026-01-19T12:00:00Z,1768824000,1.34082,1.34283,1.3404099999999999,1.34213,9279,10,0
2026-01-19T16:00:00Z,1768838400,1.34214,1.3435000000000001,1.342,1.34253,4514,10,0
2026-01-19T20:00:00Z,1768852800,1.34253,1.34284,1.34162,1.3418700000000001,2205,2,0
2026-01-20T00:00:00Z,1768867200,1.34191,1.34395,1.3409499999999999,1.34345,6209,10,0
2026-01-20T04:00:00Z,1768881600,1.34347,1.34821,1.34254,1.34745,10146,10,0
2026-01-20T08:00:00Z,1768896000,1.34747,1.34911,1.3458700000000001,1.34628,18675,10,0
2026-01-20T12:00:00Z,1768910400,1.34629,1.34791,1.3439,1.34565,23368,10,0
2026-01-20T16:00:00Z,1768924800,1.34564,1.34754,1.34264,1.34273,12528,10,0
2026-01-20T20:00:00Z,1768939200,1.34271,1.3443399999999999,1.34249,1.34398,6765,4,0
2026-01-21T00:00:00Z,1768953600,1.34398,1.34562,1.34326,1.34398,7731,10,0
2026-01-21T04:00:00Z,1768968000,1.34398,1.34487,1.34287,1.34426,8120,10,0
2026-01-21T08:00:00Z,1768982400,1.34422,1.34474,1.34008,1.3409200000000001,12122,10,0
2026-01-21T12:00:00Z,1768996800,1.34096,1.3458999999999999,1.34009,1.3427,19926,10,0
2026-01-21T16:00:00Z,1769011200,1.3427,1.34402,1.34091,1.34246,16612,10,0
2026-01-21T20:00:00Z,1769025600,1.34249,1.34326,1.3412,1.34177,6164,2,0
2026-01-22T00:00:00Z,1769040000,1.34176,1.34349,1.34164,1.34318,6987,10,0
2026-01-22T04:00:00Z,1769054400,1.34318,1.3439,1.34198,1.34311,7245,10,0
2026-01-22T08:00:00Z,1769068800,1.3430900000000001,1.34523,1.34008,1.34201,16538,10,0
2026-01-22T12:00:00Z,1769083200,1.34199,1.34847,1.34081,1.34771,19223,10,0
2026-01-22T16:00:00Z,1769097600,1.3477299999999999,1.3502,1.34729,1.34904,11073,10,0
2026-01-22T20:00:00Z,1769112000,1.34901,1.3508200000000001,1.34878,1.3498999999999999,5234,10,0
2026-01-23T00:00:00Z,1769126400,1.3498999999999999,1.35043,1.3488,1.3489900000000001,7018,10,0
2026-01-23T04:00:00Z,1769140800,1.3489900000000001,1.3512,1.34826,1.34923,9735,10,0
2026-01-23T08:00:00Z,1769155200,1.34924,1.3536299999999999,1.34817,1.35174,15675,10,0
2026-01-23T12:00:00Z,1769169600,1.3517700000000001,1.3567,1.35172,1.35639,12223,10,0
2026-01-23T16:00:00Z,1769184000,1.35639,1.3629,1.3560400000000001,1.36232,18747,10,0
2026-01-23T20:00:00Z,1769198400,1.36229,1.3645399999999999,1.3620999999999999,1.3644,9628,10,0
2026-01-25T20:00:00Z,1769371200,1.36589,1.36798,1.36529,1.36636,4151,10,0
2026-01-26T00:00:00Z,1769385600,1.36642,1.3679299999999999,1.36429,1.36596,15800,10,0
2026-01-26T04:00:00Z,1769400000,1.366,1.3675899999999999,1.36443,1.36463,12255,10,0
2026-01-26T08:00:00Z,1769414400,1.36466,1.36767,1.3642400000000001,1.36658,16473,10,0
2026-01-26T12:00:00Z,1769428800,1.36658,1.37126,1.36428,1.3707099999999999,16337,10,0
2026-01-26T16:00:00Z,1769443200,1.3707,1.3712900000000001,1.3675,1.36821,14327,10,0
2026-01-26T20:00:00Z,1769457600,1.36821,1.36865,1.3670200000000001,1.36746,6309,7,0
2026-01-27T00:00:00Z,1769472000,1.36747,1.37002,1.36696,1.3683,8735,10,0
2026-01-27T04:00:00Z,1769486400,1.36826,1.36899,1.36695,1.36738,9490,10,0
2026-01-27T08:00:00Z,1769500800,1.36742,1.37119,1.36634,1.3710200000000001,15282,10,0
2026-01-27T12:00:00Z,1769515200,1.3710200000000001,1.37906,1.37074,1.37514,25576,10,0
2026-01-27T16:00:00Z,1769529600,1.37511,1.37908,1.3750200000000001,1.37824,17432,10,0
2026-01-27T20:00:00Z,1769544000,1.37823,1.387,1.37756,1.38265,23656,9,0
2026-01-28T00:00:00Z,1769558400,1.3826399999999999,1.38308,1.37916,1.3799299999999999,13276,10,0
2026-01-28T04:00:00Z,1769572800,1.37994,1.38306,1.37885,1.38011,13582,10,0
2026-01-28T08:00:00Z,1769587200,1.38012,1.38111,1.37673,1.37695,18866,10,0
2026-01-28T12:00:00Z,1769601600,1.37695,1.38011,1.37492,1.37892,29968,10,0
2026-01-28T16:00:00Z,1769616000,1.37891,1.37962,1.37523,1.37931,25690,10,0
2026-01-28T20:00:00Z,1769630400,1.37927,1.38296,1.37855,1.38265,10923,9,0
2026-01-29T00:00:00Z,1769644800,1.3827099999999999,1.38346,1.37926,1.3832,13163,10,0
2026-01-29T04:00:00Z,1769659200,1.38324,1.38477,1.38233,1.38311,12626,10,0
2026-01-29T08:00:00Z,1769673600,1.38309,1.38463,1.37801,1.37938,17655,10,0
2026-01-29T12:00:00Z,1769688000,1.37938,1.38337,1.37419,1.37632,33566,10,0
2026-01-29T16:00:00Z,1769702400,1.37629,1.38072,1.37594,1.37926,24250,10,0
2026-01-29T20:00:00Z,1769716800,1.37928,1.3814199999999999,1.37878,1.38077,7510,7,0
2026-01-30T00:00:00Z,1769731200,1.3807800000000001,1.38138,1.3731,1.3752499999999999,22357,10,0
2026-01-30T04:00:00Z,1769745600,1.37523,1.37827,1.37397,1.37693,15792,10,0
2026-01-30T08:00:00Z,1769760000,1.37696,1.37799,1.37246,1.37785,21153,10,0
2026-01-30T12:00:00Z,1769774400,1.37781,1.37874,1.37096,1.37192,28800,10,0
2026-01-30T16:00:00Z,1769788800,1.37192,1.37296,1.36802,1.36977,27568,10,0
2026-01-30T20:00:00Z,1769803200,1.36975,1.36979,1.3679000000000001,1.36845,9783,10,0
2026-02-01T20:00:00Z,1769976000,1.3677000000000001,1.36908,1.36612,1.36756,5553,10,0
2026-02-02T00:00:00Z,1769990400,1.3676,1.37054,1.3676,1.36841,21631,10,0
2026-02-02T04:00:00Z,1770004800,1.36842,1.36886,1.36599,1.36791,18418,10,0
2026-02-02T08:00:00Z,1770019200,1.36792,1.37148,1.36776,1.36998,18876,10,0
2026-02-02T12:00:00Z,1770033600,1.36997,1.37065,1.36261,1.36274,25013,10,0
2026-02-02T16:00:00Z,1770048000,1.36274,1.36625,1.36225,1.36586,16584,10,0
2026-02-02T20:00:00Z,1770062400,1.36587,1.3672900000000001,1.36532,1.36726,5805,7,0
2026-02-03T00:00:00Z,1770076800,1.36726,1.36886,1.36704,1.36844,9296,10,0
2026-02-03T04:00:00Z,1770091200,1.36842,1.37064,1.3682699999999999,1.36964,10862,10,0
2026-02-03T08:00:00Z,1770105600,1.36962,1.36996,1.36501,1.36501,14406,10,0
2026-02-03T12:00:00Z,1770120000,1.365,1.3704100000000001,1.365,1.37029,17600,10,0
2026-02-03T16:00:00Z,1770134400,1.3703,1.3707099999999999,1.3672900000000001,1.36876,15481,10,0
2026-02-03T20:00:00Z,1770148800,1.36877,1.37019,1.36835,1.36966,5819,4,0
2026-02-04T00:00:00Z,1770163200,1.36966,1.37123,1.36906,1.37039,8487,10,0
2026-02-04T04:00:00Z,1770177600,1.37039,1.37214,1.37026,1.37153,7933,10,0
2026-02-04T08:00:00Z,1770192000,1.3715,1.3733,1.36943,1.37085,12570,10,0
2026-02-04T12:00:00Z,1770206400,1.37084,1.37287,1.36609,1.36638,20178,10,0
2026-02-04T16:00:00Z,1770220800,1.36638,1.36719,1.36418,1.36625,17303,10,0
2026-02-04T20:00:00Z,1770235200,1.36621,1.36634,1.3642400000000001,1.36456,5791,2,0
2026-02-05T00:00:00Z,1770249600,1.36457,1.36537,1.36186,1.36245,9666,10,0
2026-02-05T04:00:00Z,1770264000,1.3624800000000001,1.3629,1.36063,1.36198,9431,10,0
2026-02-05T08:00:00Z,1770278400,1.36196,1.36325,1.3556,1.3612,16324,10,0
2026-02-05T12:00:00Z,1770292800,1.3612600000000001,1.3612600000000001,1.35209,1.35278,37899,10,0
2026-02-05T16:00:00Z,1770307200,1.35277,1.35571,1.3517000000000001,1.35483,15703,10,0
2026-02-05T20:00:00Z,1770321600,1.35484,1.35515,1.35202,1.35208,6461,10,0
2026-02-06T00:00:00Z,1770336000,1.35209,1.35497,1.3508,1.3546,9225,10,0
2026-02-06T04:00:00Z,1770350400,1.35463,1.35786,1.35447,1.3566,8319,10,0
2026-02-06T08:00:00Z,1770364800,1.35662,1.35917,1.35577,1.35839,11841,10,0
2026-02-06T12:00:00Z,1770379200,1.35839,1.36151,1.35811,1.3614,14400,10,0
2026-02-06T16:00:00Z,1770393600,1.36139,1.36229,1.36011,1.3615599999999999,10156,10,0
2026-02-06T20:00:00Z,1770408000,1.36154,1.3621699999999999,1.36074,1.36108,3264,10,0
2026-02-08T20:00:00Z,1770580800,1.35904,1.36112,1.35876,1.3609499999999999,3195,10,0
2026-02-09T00:00:00Z,1770595200,1.36097,1.36201,1.3590200000000001,1.35984,10089,10,0
2026-02-09T04:00:00Z,1770609600,1.35984,1.36285,1.35876,1.36036,11102,10,0
2026-02-09T08:00:00Z,1770624000,1.36036,1.36449,1.3586,1.36369,18154,10,0
2026-02-09T12:00:00Z,1770638400,1.36372,1.36871,1.36212,1.36772,25723,10,0
2026-02-09T16:00:00Z,1770652800,1.36772,1.36999,1.3662,1.36967,11711,10,0
2026-02-09T20:00:00Z,1770667200,1.36965,1.36997,1.36815,1.36821,5458,9,0
2026-02-10T00:00:00Z,1770681600,1.36822,1.36958,1.36718,1.36852,7923,10,0
2026-02-10T04:00:00Z,1770696000,1.3685100000000001,1.36864,1.36665,1.36721,7435,10,0
2026-02-10T08:00:00Z,1770710400,1.36722,1.36843,1.36573,1.3663,10236,10,0
2026-02-10T12:00:00Z,1770724800,1.36633,1.36965,1.36525,1.36734,19231,10,0
2026-02-10T16:00:00Z,1770739200,1.3673600000000001,1.3674,1.36395,1.36564,11269,10,0
2026-02-10T20:00:00Z,1770753600,1.36563,1.36571,1.36311,1.36324,4880,10,0
2026-02-11T00:00:00Z,1770768000,1.36324,1.36677,1.3631,1.36647,9135,10,0
2026-02-11T04:00:00Z,1770782400,1.36646,1.36776,1.36575,1.36738,7285,10,0
2026-02-11T08:00:00Z,1770796800,1.3673899999999999,1.37121,1.36684,1.36908,10890,10,0
2026-02-11T12:00:00Z,1770811200,1.3691,1.36918,1.36091,1.36331,31311,10,0
2026-02-11T16:00:00Z,1770825600,1.36331,1.3667099999999999,1.3628,1.36321,14924,10,0
2026-02-11T20:00:00Z,1770840000,1.3632,1.36345,1.36185,1.36226,5023,9,0
2026-02-12T00:00:00Z,1770854400,1.36226,1.36419,1.3614899999999999,1.36313,8611,10,0
2026-02-12T04:00:00Z,1770868800,1.3631199999999999,1.36355,1.36042,1.36321,9594,10,0
2026-02-12T08:00:00Z,1770883200,1.36323,1.36536,1.36262,1.36487,10223,10,0
2026-02-12T12:00:00Z,1770897600,1.36487,1.36711,1.3621400000000001,1.36537,15037,10,0
2026-02-12T16:00:00Z,1770912000,1.36536,1.3657599999999999,1.36043,1.36236,19758,10,0
2026-02-12T20:00:00Z,1770926400,1.36233,1.36245,1.36142,1.36179,4922,9,0
2026-02-13T00:00:00Z,1770940800,1.36178,1.36238,1.36114,1.36148,6998,10,0
2026-02-13T04:00:00Z,1770955200,1.3614600000000001,1.3617,1.35899,1.36138,8724,10,0
2026-02-13T08:00:00Z,1770969600,1.36136,1.36295,1.36006,1.36029,10613,10,0
2026-02-13T12:00:00Z,1770984000,1.36025,1.36472,1.35983,1.36124,20948,10,0
2026-02-13T16:00:00Z,1770998400,1.36125,1.36591,1.36062,1.36426,11396,10,0
2026-02-13T20:00:00Z,1771012800,1.3642699999999999,1.36579,1.36407,1.3654899999999999,5006,10,0
2026-02-15T20:00:00Z,1771185600,1.36426,1.3648799999999999,1.36347,1.36471,2516,10,0
2026-02-16T00:00:00Z,1771200000,1.36471,1.36483,1.36365,1.36415,6010,10,0
2026-02-16T04:00:00Z,1771214400,1.36415,1.36507,1.36348,1.36437,4793,10,0
2026-02-16T08:00:00Z,1771228800,1.36437,1.36616,1.36394,1.36441,9519,10,0
2026-02-16T12:00:00Z,1771243200,1.36438,1.3651,1.36273,1.36321,7692,10,0
2026-02-16T16:00:00Z,1771257600,1.36325,1.36349,1.36252,1.36317,3462,10,0
2026-02-16T20:00:00Z,1771272000,1.36314,1.36321,1.36218,1.36267,2560,4,0
2026-02-17T00:00:00Z,1771286400,1.36267,1.36289,1.36054,1.3612199999999999,6622,10,0
2026-02-17T04:00:00Z,1771300800,1.36123,1.36148,1.35516,1.35623,8355,10,0
2026-02-17T08:00:00Z,1771315200,1.35625,1.36059,1.35596,1.35644,11936,10,0
2026-02-17T12:00:00Z,1771329600,1.35642,1.35711,1.34951,1.35029,17821,10,0
2026-02-17T16:00:00Z,1771344000,1.35026,1.3562699999999999,1.3502100000000001,1.3560699999999999,11765,10,0
2026-02-17T20:00:00Z,1771358400,1.35611,1.3572,1.35542,1.35622,4325,4,0
2026-02-18T00:00:00Z,1771372800,1.35622,1.3566099999999999,1.3551,1.35526,5690,10,0
2026-02-18T04:00:00Z,1771387200,1.35526,1.35776,1.35492,1.35611,5955,10,0
2026-02-18T08:00:00Z,1771401600,1.35606,1.35819,1.3556300000000001,1.3572899999999999,8921,10,0
2026-02-18T12:00:00Z,1771416000,1.3572899999999999,1.35813,1.3532600000000001,1.35453,13152,10,0
2026-02-18T16:00:00Z,1771430400,1.35453,1.3557299999999999,1.34967,1.34997,11434,10,0
2026-02-18T20:00:00Z,1771444800,1.34997,1.35046,1.34851,1.34947,4181,4,0
2026-02-19T00:00:00Z,1771459200,1.34948,1.3498700000000001,1.34875,1.34906,5321,10,0
2026-02-19T04:00:00Z,1771473600,1.34906,1.3512,1.34802,1.35096,5222,10,0
2026-02-19T08:00:00Z,1771488000,1.35096,1.3516599999999999,1.34649,1.34657,10221,10,0
2026-02-19T12:00:00Z,1771502400,1.34656,1.3473899999999999,1.34334,1.34536,18246,10,0
2026-02-19T16:00:00Z,1771516800,1.34536,1.34657,1.34382,1.34514,11495,10,0
2026-02-19T20:00:00Z,1771531200,1.34515,1.34728,1.3451,1.34593,4978,4,0
2026-02-20T00:00:00Z,1771545600,1.34593,1.34637,1.34342,1.3442,7479,10,0
2026-02-20T04:00:00Z,1771560000,1.3442,1.34669,1.34366,1.34455,7283,10,0
2026-02-20T08:00:00Z,1771574400,1.34454,1.34822,1.34355,1.34697,11846,10,0
2026-02-20T12:00:00Z,1771588800,1.34695,1.3514599999999999,1.34602,1.35005,28778,10,0
2026-02-20T16:00:00Z,1771603200,1.35007,1.35144,1.34745,1.34853,19746,10,0
2026-02-20T20:00:00Z,1771617600,1.34854,1.34967,1.3476,1.34779,3910,10,0
2026-02-22T20:00:00Z,1771790400,1.34768,1.3532899999999999,1.34701,1.35317,3032,10,0
2026-02-23T00:00:00Z,1771804800,1.35321,1.35323,1.35097,1.35171,10793,10,0
2026-02-23T04:00:00Z,1771819200,1.35171,1.35347,1.35118,1.35254,7006,10,0
2026-02-23T08:00:00Z,1771833600,1.35257,1.35283,1.34859,1.34907,10981,10,0
2026-02-23T12:00:00Z,1771848000,1.34904,1.35244,1.34754,1.34943,14905,10,0
2026-02-23T16:00:00Z,1771862400,1.34943,1.35145,1.34842,1.3489,11682,10,0
2026-02-23T20:00:00Z,1771876800,1.34887,1.34999,1.34871,1.34954,5024,10,0
2026-02-24T00:00:00Z,1771891200,1.34954,1.35012,1.34774,1.34879,7863,10,0
2026-02-24T04:00:00Z,1771905600,1.3488,1.34916,1.34729,1.34781,8179,10,0
2026-02-24T08:00:00Z,1771920000,1.34781,1.35062,1.34694,1.3485800000000001,9922,10,0
2026-02-24T12:00:00Z,1771934400,1.34856,1.35244,1.34759,1.35142,14459,10,0
2026-02-24T16:00:00Z,1771948800,1.35141,1.3536299999999999,1.35001,1.35015,9006,10,0
2026-02-24T20:00:00Z,1771963200,1.35015,1.3508499999999999,1.34803,1.34952,4491,9,0
2026-02-25T00:00:00Z,1771977600,1.34954,1.3521,1.34908,1.35122,9208,10,0
2026-02-25T04:00:00Z,1771992000,1.35123,1.353,1.35101,1.35259,7607,10,0
2026-02-25T08:00:00Z,1772006400,1.35259,1.35334,1.3490199999999999,1.35047,10974,10,0
2026-02-25T12:00:00Z,1772020800,1.35046,1.35369,1.35026,1.35333,13895,10,0
2026-02-25T16:00:00Z,1772035200,1.35332,1.35656,1.35313,1.35499,8851,10,0
2026-02-25T20:00:00Z,1772049600,1.35498,1.3560400000000001,1.35456,1.35571,5849,9,0
2026-02-26T00:00:00Z,1772064000,1.35571,1.35748,1.3553,1.35555,7221,10,0
2026-02-26T04:00:00Z,1772078400,1.35555,1.3562400000000001,1.35437,1.3546,7693,10,0
2026-02-26T08:00:00Z,1772092800,1.35463,1.35472,1.35184,1.35285,9843,10,0
2026-02-26T12:00:00Z,1772107200,1.35288,1.35561,1.34969,1.35144,15970,10,0
2026-02-26T16:00:00Z,1772121600,1.35141,1.35152,1.34448,1.34869,14002,10,0
2026-02-26T20:00:00Z,1772136000,1.34867,1.34928,1.34766,1.3491,4360,10,0
2026-02-27T00:00:00Z,1772150400,1.3491,1.34955,1.34759,1.34914,8708,10,0
2026-02-27T04:00:00Z,1772164800,1.34911,1.3501,1.34612,1.34876,9182,10,0
2026-02-27T08:00:00Z,1772179200,1.34878,1.35077,1.34649,1.34659,12573,10,0
2026-02-27T12:00:00Z,1772193600,1.34661,1.34788,1.3439,1.3443399999999999,18780,10,0
2026-02-27T16:00:00Z,1772208000,1.34432,1.34827,1.34406,1.3480400000000001,12600,10,0
2026-02-27T20:00:00Z,1772222400,1.3480400000000001,1.34903,1.34705,1.34871,4360,10,0
2026-03-01T20:00:00Z,1772395200,1.34042,1.3434,1.33979,1.34048,3235,17,0
2026-03-02T00:00:00Z,1772409600,1.34045,1.34555,1.34002,1.34469,15296,10,0
2026-03-02T04:00:00Z,1772424000,1.34469,1.34506,1.33439,1.33617,16695,10,0
2026-03-02T08:00:00Z,1772438400,1.33618,1.3425799999999999,1.33139,1.34113,22247,10,0
2026-03-02T12:00:00Z,1772452800,1.34112,1.34254,1.33649,1.33715,28082,10,0
2026-03-02T16:00:00Z,1772467200,1.33713,1.34315,1.33588,1.3427799999999999,16437,10,0
2026-03-02T20:00:00Z,1772481600,1.34281,1.34295,1.33856,1.34077,10217,7,0
2026-03-03T00:00:00Z,1772496000,1.3407499999999999,1.3424800000000001,1.3391600000000001,1.33987,12675,10,0
2026-03-03T04:00:00Z,1772510400,1.3399,1.34029,1.33331,1.33354,15284,10,0
2026-03-03T08:00:00Z,1772524800,1.33352,1.33371,1.32621,1.32931,27223,10,0
2026-03-03T12:00:00Z,1772539200,1.32928,1.33271,1.32526,1.33012,35894,10,0
2026-03-03T16:00:00Z,1772553600,1.3301,1.3368,1.32964,1.33551,31508,10,0
2026-03-03T20:00:00Z,1772568000,1.33552,1.33696,1.33432,1.3351199999999999,9516,9,0
2026-03-04T00:00:00Z,1772582400,1.33509,1.33521,1.3303,1.33386,17129,10,0
2026-03-04T04:00:00Z,1772596800,1.33386,1.33762,1.33049,1.33588,16097,10,0
2026-03-04T08:00:00Z,1772611200,1.33591,1.34029,1.33321,1.3378,25497,10,0
2026-03-04T12:00:00Z,1772625600,1.33783,1.33886,1.3348,1.3364500000000001,29153,10,0
2026-03-04T16:00:00Z,1772640000,1.33646,1.33768,1.33456,1.33741,15298,10,0
2026-03-04T20:00:00Z,1772654400,1.33742,1.33802,1.33655,1.33687,6047,9,0
2026-03-05T00:00:00Z,1772668800,1.33688,1.33869,1.33374,1.3341,12037,10,0
2026-03-05T04:00:00Z,1772683200,1.33407,1.3357299999999999,1.33052,1.33412,15211,10,0
2026-03-05T08:00:00Z,1772697600,1.33416,1.33762,1.33147,1.33588,26628,10,0
2026-03-05T12:00:00Z,1772712000,1.33589,1.33735,1.33091,1.33222,24066,10,0
2026-03-05T16:00:00Z,1772726400,1.33222,1.33398,1.32969,1.33193,23250,10,0
2026-03-05T20:00:00Z,1772740800,1.33196,1.33651,1.33182,1.33552,11427,4,0
2026-03-06T00:00:00Z,1772755200,1.33557,1.33731,1.33539,1.33711,9844,10,0
2026-03-06T04:00:00Z,1772769600,1.33712,1.33722,1.3351899999999999,1.33688,9740,10,0
2026-03-06T08:00:00Z,1772784000,1.3369,1.33789,1.33172,1.33181,20516,10,0
2026-03-06T12:00:00Z,1772798400,1.3318400000000001,1.33891,1.33108,1.3359,41602,10,0
2026-03-06T16:00:00Z,1772812800,1.3359,1.34093,1.33586,1.33861,26140,10,0
2026-03-06T20:00:00Z,1772827200,1.33864,1.34122,1.33784,1.34114,7662,10,0
2026-03-08T20:00:00Z,1773000000,1.33406,1.3345799999999999,1.32993,1.33046,9294,10,0
2026-03-09T00:00:00Z,1773014400,1.33045,1.33171,1.32825,1.32949,18680,10,0
2026-03-09T04:00:00Z,1773028800,1.32952,1.33469,1.3293,1.3344,22407,10,0
2026-03-09T08:00:00Z,1773043200,1.33442,1.33631,1.33022,1.33469,30202,10,0
2026-03-09T12:00:00Z,1773057600,1.33471,1.34001,1.3345099999999999,1.33923,33581,10,0
2026-03-09T16:00:00Z,1773072000,1.33921,1.34456,1.33816,1.3429,25538,10,0
2026-03-09T20:00:00Z,1773086400,1.34293,1.34478,1.342,1.34236,10045,9,0
2026-03-10T00:00:00Z,1773100800,1.34234,1.34439,1.3413300000000001,1.34162,14875,10,0
2026-03-10T04:00:00Z,1773115200,1.34165,1.34799,1.3413300000000001,1.34767,12926,10,0
2026-03-10T08:00:00Z,1773129600,1.34765,1.34829,1.3437999999999999,1.34439,20702,10,0
2026-03-10T12:00:00Z,1773144000,1.34443,1.34726,1.34297,1.34572,23727,10,0
2026-03-10T16:00:00Z,1773158400,1.34573,1.34806,1.34116,1.34178,25015,10,0
2026-03-10T20:00:00Z,1773172800,1.34181,1.34222,1.34097,1.34191,4976,4,0
2026-03-11T00:00:00Z,1773187200,1.34192,1.3453,1.34139,1.34516,9980,10,0
2026-03-11T04:00:00Z,1773201600,1.34518,1.34572,1.34289,1.34342,10783,10,0
2026-03-11T08:00:00Z,1773216000,1.3434599999999999,1.3449200000000001,1.34012,1.34274,19226,10,0
2026-03-11T12:00:00Z,1773230400,1.34273,1.34433,1.33929,1.33974,27864,10,0
2026-03-11T16:00:00Z,1773244800,1.3397299999999999,1.34219,1.33938,1.34179,14122,10,0
2026-03-11T20:00:00Z,1773259200,1.34179,1.34182,1.33759,1.3382100000000001,5875,10,0
2026-03-12T00:00:00Z,1773273600,1.33818,1.33969,1.33648,1.33714,9983,10,0
2026-03-12T04:00:00Z,1773288000,1.33714,1.33921,1.33606,1.3392,10320,10,0
2026-03-12T08:00:00Z,1773302400,1.3391899999999999,1.34093,1.33698,1.3397299999999999,13824,10,0
2026-03-12T12:00:00Z,1773316800,1.33975,1.33983,1.33386,1.3348,25706,10,0
2026-03-12T16:00:00Z,1773331200,1.33478,1.33651,1.33376,1.33471,16799,10,0
2026-03-12T20:00:00Z,1773345600,1.33475,1.33544,1.33385,1.33511,5345,4,0
2026-03-13T00:00:00Z,1773360000,1.33513,1.33691,1.33391,1.33463,8092,10,0
2026-03-13T04:00:00Z,1773374400,1.33459,1.33459,1.32737,1.32795,10154,10,0
2026-03-13T08:00:00Z,1773388800,1.32796,1.32803,1.3245,1.32546,18400,10,0
2026-03-13T12:00:00Z,1773403200,1.32546,1.3289,1.32297,1.32379,24213,10,0
2026-03-13T16:00:00Z,1773417600,1.32376,1.32526,1.32242,1.32268,15515,10,0
2026-03-13T20:00:00Z,1773432000,1.3226499999999999,1.32285,1.32181,1.32215,1993,10,0
2026-03-15T20:00:00Z,1773604800,1.32382,1.32478,1.32156,1.3246,6035,10,0
2026-03-16T00:00:00Z,1773619200,1.32461,1.32656,1.32456,1.32608,9416,10,0
2026-03-16T04:00:00Z,1773633600,1.32609,1.32622,1.323,1.32433,8761,10,0
2026-03-16T08:00:00Z,1773648000,1.32436,1.32836,1.32336,1.32792,15272,10,0
2026-03-16T12:00:00Z,1773662400,1.32793,1.33171,1.32764,1.33018,16714,10,0
2026-03-16T16:00:00Z,1773676800,1.33017,1.3339400000000001,1.32882,1.33257,15623,10,0
2026-03-16T20:00:00Z,1773691200,1.33259,1.33282,1.33077,1.3312,4239,4,0
2026-03-17T00:00:00Z,1773705600,1.33121,1.33141,1.3295,1.33016,8738,10,0
2026-03-17T04:00:00Z,1773720000,1.33018,1.33152,1.32731,1.33047,10191,10,0
2026-03-17T08:00:00Z,1773734400,1.33049,1.33395,1.32985,1.3317,15357,10,0
2026-03-17T12:00:00Z,1773748800,1.33167,1.33598,1.33112,1.3342399999999999,18691,10,0
2026-03-17T16:00:00Z,1773763200,1.33423,1.3364099999999999,1.33328,1.33536,11242,10,0
2026-03-17T20:00:00Z,1773777600,1.33539,1.3362,1.33511,1.33571,5168,10,0
2026-03-18T00:00:00Z,1773792000,1.33574,1.33629,1.33497,1.33582,9217,10,0
2026-03-18T04:00:00Z,1773806400,1.33585,1.33743,1.33475,1.33549,7122,10,0
2026-03-18T08:00:00Z,1773820800,1.33547,1.3371,1.33409,1.33591,11858,10,0
2026-03-18T12:00:00Z,1773835200,1.33592,1.33626,1.3302100000000001,1.33217,24590,10,0
2026-03-18T16:00:00Z,1773849600,1.33218,1.33498,1.32735,1.32768,20288,10,0
2026-03-18T20:00:00Z,1773864000,1.32771,1.3279,1.32507,1.3264,6982,4,0
2026-03-19T00:00:00Z,1773878400,1.32642,1.32976,1.32629,1.32812,10038,10,0
2026-03-19T04:00:00Z,1773892800,1.32809,1.32813,1.32511,1.32633,11653,10,0
2026-03-19T08:00:00Z,1773907200,1.32634,1.32932,1.32454,1.32924,22882,10,0
2026-03-19T12:00:00Z,1773921600,1.32924,1.3389199999999999,1.3279,1.33583,44318,10,0
2026-03-19T16:00:00Z,1773936000,1.3358400000000001,1.34671,1.33533,1.34299,32006,10,0
2026-03-19T20:00:00Z,1773950400,1.34303,1.34419,1.34201,1.3424,5831,7,0
2026-03-20T00:00:00Z,1773964800,1.3424,1.34288,1.3403399999999999,1.34036,7601,10,0
2026-03-20T04:00:00Z,1773979200,1.34036,1.34308,1.33974,1.34261,8235,10,0
2026-03-20T08:00:00Z,1773993600,1.34264,1.34363,1.3363,1.33937,17739,10,0
2026-03-20T12:00:00Z,1774008000,1.3394,1.34094,1.32984,1.33011,31036,10,0
2026-03-20T16:00:00Z,1774022400,1.33013,1.33531,1.33003,1.33335,22151,10,0
2026-03-20T20:00:00Z,1774036800,1.3333599999999999,1.3345799999999999,1.33317,1.33402,2748,10,0
2026-03-22T20:00:00Z,1774209600,1.3312599999999999,1.33349,1.32931,1.33342,5290,10,0
2026-03-23T00:00:00Z,1774224000,1.33343,1.3342800000000001,1.33087,1.3314300000000001,14738,10,0
2026-03-23T04:00:00Z,1774238400,1.33145,1.3326799999999999,1.3281,1.32895,14369,10,0
2026-03-23T08:00:00Z,1774252800,1.32897,1.34345,1.3256299999999999,1.33566,68317,10,0
2026-03-23T12:00:00Z,1774267200,1.33562,1.3479,1.3342399999999999,1.33846,71897,10,0
2026-03-23T16:00:00Z,1774281600,1.33842,1.34578,1.33771,1.3430900000000001,33084,10,0
2026-03-23T20:00:00Z,1774296000,1.3430900000000001,1.34364,1.34151,1.3425500000000001,6327,7,0
2026-03-24T00:00:00Z,1774310400,1.34256,1.34266,1.33862,1.3397999999999999,16608,10,0
2026-03-24T04:00:00Z,1774324800,1.33982,1.34452,1.33852,1.34305,16795,10,0
2026-03-24T08:00:00Z,1774339200,1.34302,1.34304,1.33796,1.33961,22466,10,0
2026-03-24T12:00:00Z,1774353600,1.33963,1.34249,1.33646,1.33808,34423,10,0
2026-03-24T16:00:00Z,1774368000,1.33804,1.33951,1.33518,1.3382,24474,10,0
2026-03-24T20:00:00Z,1774382400,1.33818,1.3431600000000001,1.3379400000000001,1.34143,13744,10,0
2026-03-25T00:00:00Z,1774396800,1.34145,1.34357,1.33971,1.33986,13419,10,0
2026-03-25T04:00:00Z,1774411200,1.33985,1.34,1.33693,1.33902,11209,10,0
2026-03-25T08:00:00Z,1774425600,1.33904,1.34239,1.33867,1.34149,18248,10,0
2026-03-25T12:00:00Z,1774440000,1.34151,1.3427,1.33582,1.3371,26077,10,0
2026-03-25T16:00:00Z,1774454400,1.33709,1.33925,1.33586,1.33658,14989,10,0
2026-03-25T20:00:00Z,1774468800,1.3366,1.33663,1.33576,1.33629,3839,7,0
2026-03-26T00:00:00Z,1774483200,1.33629,1.33667,1.3348,1.33647,7815,10,0
2026-03-26T04:00:00Z,1774497600,1.33647,1.33677,1.33456,1.33496,9285,10,0
2026-03-26T08:00:00Z,1774512000,1.33497,1.3361100000000001,1.33259,1.3326,13596,10,0
2026-03-26T12:00:00Z,1774526400,1.33262,1.33778,1.3321100000000001,1.33503,21956,10,0
2026-03-26T16:00:00Z,1774540800,1.33503,1.33523,1.3312300000000001,1.3313,12303,10,0
2026-03-26T20:00:00Z,1774555200,1.33131,1.33682,1.33097,1.33342,11481,4,0
2026-03-27T00:00:00Z,1774569600,1.33339,1.33465,1.33217,1.33402,9770,10,0
2026-03-27T04:00:00Z,1774584000,1.334,1.33472,1.33112,1.33133,8856,10,0
2026-03-27T08:00:00Z,1774598400,1.3313,1.3320699999999999,1.3282,1.32829,13717,10,0
2026-03-27T12:00:00Z,1774612800,1.32826,1.33321,1.32714,1.32907,20411,10,0
2026-03-27T16:00:00Z,1774627200,1.32905,1.32976,1.3259699999999999,1.32713,14689,10,0
2026-03-27T20:00:00Z,1774641600,1.32715,1.32762,1.32609,1.32617,2567,10,0
2026-03-29T20:00:00Z,1774814400,1.32583,1.32664,1.32335,1.32376,5162,10,0
2026-03-30T00:00:00Z,1774828800,1.32378,1.32721,1.3231899999999999,1.3271,12935,10,0
2026-03-30T04:00:00Z,1774843200,1.32711,1.32824,1.3241100000000001,1.32456,9833,10,0
2026-03-30T08:00:00Z,1774857600,1.32452,1.3253599999999999,1.3223799999999999,1.32306,13982,10,0
2026-03-30T12:00:00Z,1774872000,1.32307,1.32368,1.3173300000000001,1.31894,19732,10,0
2026-03-30T16:00:00Z,1774886400,1.31893,1.31968,1.31738,1.3185,11515,10,0
2026-03-30T20:00:00Z,1774900800,1.31847,1.31859,1.31687,1.3172,4815,10,0
2026-03-31T00:00:00Z,1774915200,1.3172,1.3223799999999999,1.3158699999999999,1.31998,13819,10,0
2026-03-31T04:00:00Z,1774929600,1.31997,1.32117,1.31903,1.3205,11292,10,0
2026-03-31T08:00:00Z,1774944000,1.32051,1.32346,1.31914,1.32341,14970,10,0
2026-03-31T12:00:00Z,1774958400,1.32343,1.32639,1.31717,1.31841,28381,10,0
2026-03-31T16:00:00Z,1774972800,1.31841,1.32477,1.31749,1.3235700000000001,31552,10,0
2026-03-31T20:00:00Z,1774987200,1.3235700000000001,1.32442,1.32205,1.32429,6157,4,0
2026-04-01T00:00:00Z,1775001600,1.32428,1.32542,1.32193,1.32329,10782,10,0
2026-04-01T04:00:00Z,1775016000,1.3232599999999999,1.32925,1.3231899999999999,1.32651,16152,10,0
2026-04-01T08:00:00Z,1775030400,1.3265,1.33242,1.32611,1.33209,17851,10,0
2026-04-01T12:00:00Z,1775044800,1.33212,1.33375,1.32927,1.33289,28878,10,0
2026-04-01T16:00:00Z,1775059200,1.3329,1.33459,1.32922,1.32999,13763,10,0
2026-04-01T20:00:00Z,1775073600,1.32998,1.33102,1.32889,1.33019,5346,4,0
2026-04-02T00:00:00Z,1775088000,1.33019,1.33199,1.32306,1.32347,23869,10,0
2026-04-02T04:00:00Z,1775102400,1.32347,1.32392,1.32009,1.32164,14160,10,0
2026-04-02T08:00:00Z,1775116800,1.32166,1.32189,1.3181,1.3201100000000001,12442,10,0
2026-04-02T12:00:00Z,1775131200,1.32012,1.3251,1.31997,1.32382,28832,10,0
2026-04-02T16:00:00Z,1775145600,1.32382,1.32423,1.32208,1.3222800000000001,13135,10,0
2026-04-02T20:00:00Z,1775160000,1.3223,1.32282,1.32141,1.3225799999999999,2935,10,0
2026-04-03T00:00:00Z,1775174400,1.32253,1.32329,1.3216,1.32251,2265,101,0
2026-04-03T04:00:00Z,1775188800,1.32251,1.32381,1.32166,1.32331,2447,101,0
2026-04-03T08:00:00Z,1775203200,1.32332,1.3235299999999999,1.32246,1.32303,2689,101,0
2026-04-03T12:00:00Z,1775217600,1.32302,1.32364,1.31954,1.32008,9301,10,0
2026-04-03T16:00:00Z,1775232000,1.32006,1.32022,1.3188,1.31934,4691,10,0
2026-04-03T20:00:00Z,1775246400,1.31934,1.32088,1.31843,1.31974,2218,19,0
2026-04-05T20:00:00Z,1775419200,1.31868,1.3194,1.31764,1.31855,4543,10,0
2026-04-06T00:00:00Z,1775433600,1.31859,1.32178,1.31849,1.32066,9323,10,0
2026-04-06T04:00:00Z,1775448000,1.32067,1.3258,1.32063,1.32528,9216,10,0
2026-04-06T08:00:00Z,1775462400,1.32529,1.32587,1.32322,1.32368,11670,10,0
2026-04-06T12:00:00Z,1775476800,1.32365,1.32684,1.3223500000000001,1.32333,15803,10,0
2026-04-06T16:00:00Z,1775491200,1.32334,1.3244099999999999,1.32177,1.32338,10249,10,0
2026-04-06T20:00:00Z,1775505600,1.32338,1.3242099999999999,1.32297,1.32335,3540,4,0
2026-04-07T00:00:00Z,1775520000,1.32334,1.32388,1.32111,1.32247,8342,10,0
2026-04-07T04:00:00Z,1775534400,1.32247,1.32478,1.32183,1.3233,10864,10,0
2026-04-07T08:00:00Z,1775548800,1.32329,1.3284799999999999,1.3232599999999999,1.32459,21842,10,0
2026-04-07T12:00:00Z,1775563200,1.32462,1.32668,1.32352,1.32396,23579,10,0
2026-04-07T16:00:00Z,1775577600,1.32393,1.32935,1.32389,1.32869,19726,10,0
2026-04-07T20:00:00Z,1775592000,1.32867,1.34089,1.32849,1.3400699999999999,21251,7,0
2026-04-08T00:00:00Z,1775606400,1.34009,1.3415300000000001,1.3378999999999999,1.33982,21680,10,0
2026-04-08T04:00:00Z,1775620800,1.33985,1.34456,1.33985,1.34236,18667,10,0
2026-04-08T08:00:00Z,1775635200,1.34233,1.34697,1.34064,1.34654,16804,10,0
2026-04-08T12:00:00Z,1775649600,1.3465799999999999,1.3484099999999999,1.34277,1.34385,26313,10,0
2026-04-08T16:00:00Z,1775664000,1.34385,1.34385,1.33808,1.34063,15735,10,0
2026-04-08T20:00:00Z,1775678400,1.34066,1.34086,1.33888,1.33923,4926,10,0
2026-04-09T00:00:00Z,1775692800,1.33925,1.34018,1.33807,1.3394599999999999,9229,10,0
2026-04-09T04:00:00Z,1775707200,1.3395000000000001,1.3406,1.33802,1.33926,10624,10,0
2026-04-09T08:00:00Z,1775721600,1.33926,1.343,1.33832,1.3428499999999999,11762,10,0
2026-04-09T12:00:00Z,1775736000,1.3428499999999999,1.34442,1.3403,1.34415,18798,10,0
2026-04-09T16:00:00Z,1775750400,1.34416,1.34582,1.34295,1.34357,12389,10,0
2026-04-09T20:00:00Z,1775764800,1.34357,1.3437000000000001,1.34241,1.34287,4415,9,0
2026-04-10T00:00:00Z,1775779200,1.34287,1.3431899999999999,1.3419699999999999,1.34247,6352,10,0
2026-04-10T04:00:00Z,1775793600,1.3424800000000001,1.34283,1.341,1.34119,7782,10,0
2026-04-10T08:00:00Z,1775808000,1.34121,1.34451,1.3411,1.3443800000000001,10943,10,0
2026-04-10T12:00:00Z,1775822400,1.34442,1.34789,1.3443,1.34577,17157,10,0
2026-04-10T16:00:00Z,1775836800,1.3458,1.34717,1.34477,1.34677,9809,10,0
2026-04-10T20:00:00Z,1775851200,1.3467799999999999,1.34697,1.34549,1.34613,1615,10,0
2026-04-12T20:00:00Z,1776024000,1.33815,1.34061,1.33786,1.33937,5331,10,0
2026-04-13T00:00:00Z,1776038400,1.3394,1.34089,1.3385799999999999,1.34037,8342,10,0
2026-04-13T04:00:00Z,1776052800,1.3403800000000001,1.34334,1.34013,1.34313,8601,10,0
2026-04-13T08:00:00Z,1776067200,1.3431,1.34426,1.34182,1.34184,9794,10,0
2026-04-13T12:00:00Z,1776081600,1.3418700000000001,1.3465500000000001,1.34155,1.34575,17153,10,0
2026-04-13T16:00:00Z,1776096000,1.34575,1.3508200000000001,1.34517,1.3504399999999999,12621,10,0
2026-04-13T20:00:00Z,1776110400,1.35047,1.35156,1.34923,1.3515,3546,7,0
2026-04-14T00:00:00Z,1776124800,1.35149,1.3517000000000001,1.35033,1.35161,6053,10,0
2026-04-14T04:00:00Z,1776139200,1.35161,1.3538999999999999,1.3510499999999999,1.35315,8743,10,0
2026-04-14T08:00:00Z,1776153600,1.35315,1.3578299999999999,1.35264,1.35717,11124,10,0
2026-04-14T12:00:00Z,1776168000,1.3571900000000001,1.35893,1.35608,1.35609,15860,10,0
2026-04-14T16:00:00Z,1776182400,1.35611,1.3572600000000001,1.35576,1.35625,8349,10,0
2026-04-14T20:00:00Z,1776196800,1.35629,1.35788,1.35575,1.35742,4691,10,0
2026-04-15T00:00:00Z,1776211200,1.35739,1.35773,1.35567,1.35651,7236,10,0
2026-04-15T04:00:00Z,1776225600,1.35649,1.3578299999999999,1.3555,1.35596,9486,10,0
2026-04-15T08:00:00Z,1776240000,1.35595,1.3569499999999999,1.35428,1.3553899999999999,13443,10,0
2026-04-15T12:00:00Z,1776254400,1.35538,1.35788,1.3545099999999999,1.3566799999999999,15144,10,0
2026-04-15T16:00:00Z,1776268800,1.35666,1.35764,1.35637,1.35701,9404,10,0
2026-04-15T20:00:00Z,1776283200,1.357,1.35734,1.35569,1.35723,3832,7,0
2026-04-16T00:00:00Z,1776297600,1.35724,1.35946,1.3560699999999999,1.35812,7469,10,0
2026-04-16T04:00:00Z,1776312000,1.35811,1.35821,1.35564,1.35582,9736,10,0
2026-04-16T08:00:00Z,1776326400,1.35585,1.35613,1.3531,1.35462,10520,10,0
2026-04-16T12:00:00Z,1776340800,1.35464,1.35544,1.35161,1.35375,16981,10,0
2026-04-16T16:00:00Z,1776355200,1.35374,1.3544100000000001,1.3520400000000001,1.3529,10547,10,0
2026-04-16T20:00:00Z,1776369600,1.35291,1.35364,1.35209,1.35254,3513,9,0
2026-04-17T00:00:00Z,1776384000,1.35252,1.35271,1.35138,1.35246,6035,10,0
2026-04-17T04:00:00Z,1776398400,1.35245,1.35256,1.35041,1.35249,8436,10,0
2026-04-17T08:00:00Z,1776412800,1.35248,1.35393,1.35163,1.35287,9589,10,0
2026-04-17T12:00:00Z,1776427200,1.3529,1.35992,1.35281,1.35541,30047,10,0
2026-04-17T16:00:00Z,1776441600,1.35542,1.35591,1.35162,1.3519,13717,10,0
2026-04-17T20:00:00Z,1776456000,1.35189,1.35224,1.35127,1.3518,2313,10,0
2026-04-19T20:00:00Z,1776628800,1.34779,1.3491900000000001,1.3474599999999999,1.34822,4650,10,0
2026-04-20T00:00:00Z,1776643200,1.34826,1.3508,1.34779,1.35053,8331,10,0
2026-04-20T04:00:00Z,1776657600,1.35053,1.35185,1.34815,1.35023,11490,10,0
2026-04-20T08:00:00Z,1776672000,1.3502399999999999,1.35277,1.3492600000000001,1.35186,12439,10,0
2026-04-20T12:00:00Z,1776686400,1.35185,1.35438,1.35053,1.35394,18548,10,0
2026-04-20T16:00:00Z,1776700800,1.35396,1.3544100000000001,1.35309,1.3532199999999999,9549,10,0
2026-04-20T20:00:00Z,1776715200,1.3532600000000001,1.35389,1.35297,1.35303,3702,4,0
2026-04-21T00:00:00Z,1776729600,1.35306,1.35316,1.35148,1.35175,6528,10,0
2026-04-21T04:00:00Z,1776744000,1.35175,1.3532899999999999,1.35062,1.35068,9204,10,0
2026-04-21T08:00:00Z,1776758400,1.35066,1.35236,1.34821,1.35181,13199,10,0
2026-04-21T12:00:00Z,1776772800,1.35185,1.35396,1.3498700000000001,1.35102,16425,10,0
2026-04-21T16:00:00Z,1776787200,1.3510499999999999,1.35254,1.34741,1.34816,18901,10,0
2026-04-21T20:00:00Z,1776801600,1.34817,1.3513600000000001,1.34767,1.35084,8162,10,0
2026-04-22T00:00:00Z,1776816000,1.35086,1.35199,1.35028,1.35062,7495,10,0
2026-04-22T04:00:00Z,1776830400,1.35063,1.35341,1.3505099999999999,1.3526099999999999,10048,10,0
2026-04-22T08:00:00Z,1776844800,1.3526099999999999,1.35352,1.34989,1.35023,10573,10,0
2026-04-22T12:00:00Z,1776859200,1.35022,1.35243,1.34914,1.35031,16327,10,0
2026-04-22T16:00:00Z,1776873600,1.35034,1.35162,1.3495,1.35032,9053,10,0
2026-04-22T20:00:00Z,1776888000,1.35033,1.3505,1.34981,1.34995,3337,9,0
2026-04-23T00:00:00Z,1776902400,1.34995,1.35099,1.34787,1.34853,12902,10,0
2026-04-23T04:00:00Z,1776916800,1.34854,1.34995,1.34809,1.34885,8904,10,0
2026-04-23T08:00:00Z,1776931200,1.34883,1.35126,1.3483,1.3505099999999999,13127,10,0
2026-04-23T12:00:00Z,1776945600,1.35049,1.35181,1.34776,1.3493,16894,10,0
2026-04-23T16:00:00Z,1776960000,1.34928,1.34935,1.34471,1.34674,19025,10,0
2026-04-23T20:00:00Z,1776974400,1.34673,1.3468200000000001,1.34568,1.3465500000000001,3761,9,0
2026-04-24T00:00:00Z,1776988800,1.34659,1.34727,1.34531,1.34595,7391,10,0
2026-04-24T04:00:00Z,1777003200,1.34595,1.34795,1.34572,1.34762,7916,10,0
2026-04-24T08:00:00Z,1777017600,1.34759,1.35043,1.34704,1.34945,13524,10,0
2026-04-24T12:00:00Z,1777032000,1.34948,1.35195,1.3484099999999999,1.3514599999999999,19212,10,0
2026-04-24T16:00:00Z,1777046400,1.35149,1.35333,1.3508,1.35321,9875,10,0
2026-04-24T20:00:00Z,1777060800,1.3532,1.35376,1.35291,1.35301,1532,10,0
2026-04-26T20:00:00Z,1777233600,1.34999,1.35203,1.34949,1.3513,2109,10,0
2026-04-27T00:00:00Z,1777248000,1.35132,1.3548,1.3511600000000001,1.3544,8107,10,0
2026-04-27T04:00:00Z,1777262400,1.35437,1.35464,1.35239,1.35442,8580,10,0
2026-04-27T08:00:00Z,1777276800,1.35446,1.35633,1.3541400000000001,1.35579,9562,10,0
2026-04-27T12:00:00Z,1777291200,1.35579,1.35755,1.35368,1.35511,15562,10,0
2026-04-27T16:00:00Z,1777305600,1.35511,1.35552,1.353,1.35312,7797,10,0
2026-04-27T20:00:00Z,1777320000,1.35316,1.35375,1.35273,1.35373,2902,7,0
2026-04-28T00:00:00Z,1777334400,1.35375,1.35411,1.35203,1.35313,7334,10,0
2026-04-28T04:00:00Z,1777348800,1.35316,1.3534,1.35019,1.35091,9076,10,0
2026-04-28T08:00:00Z,1777363200,1.35094,1.35149,1.34626,1.34681,12357,10,0
2026-04-28T12:00:00Z,1777377600,1.34683,1.35121,1.34632,1.35111,18170,10,0
2026-04-28T16:00:00Z,1777392000,1.35114,1.3520699999999999,1.35062,1.3516,8570,10,0
2026-04-28T20:00:00Z,1777406400,1.35162,1.35241,1.35132,1.35236,2647,7,0
2026-04-29T00:00:00Z,1777420800,1.3523800000000001,1.35277,1.35099,1.3511,7243,10,0
2026-04-29T04:00:00Z,1777435200,1.35114,1.35151,1.34945,1.3504399999999999,7495,10,0
2026-04-29T08:00:00Z,1777449600,1.35041,1.35125,1.34944,1.35042,10042,10,0
2026-04-29T12:00:00Z,1777464000,1.35046,1.35133,1.3470900000000001,1.34888,17131,10,0
2026-04-29T16:00:00Z,1777478400,1.34889,1.34988,1.34568,1.34759,16580,10,0
2026-04-29T20:00:00Z,1777492800,1.34757,1.34888,1.34696,1.34877,5361,9,0
2026-04-30T00:00:00Z,1777507200,1.34879,1.34951,1.3467799999999999,1.34753,10417,10,0
2026-04-30T04:00:00Z,1777521600,1.34753,1.34924,1.34536,1.3486,12768,10,0
2026-04-30T08:00:00Z,1777536000,1.34859,1.3535,1.34787,1.35169,22546,10,0
2026-04-30T12:00:00Z,1777550400,1.35169,1.35935,1.34982,1.35779,25950,10,0
2026-04-30T16:00:00Z,1777564800,1.3578000000000001,1.3612,1.35727,1.36035,12531,10,0
2026-04-30T20:00:00Z,1777579200,1.3603399999999999,1.3609,1.35979,1.36018,3992,9,0
2026-05-01T00:00:00Z,1777593600,1.36019,1.36117,1.35988,1.36022,7314,10,0
2026-05-01T04:00:00Z,1777608000,1.3602400000000001,1.36224,1.35864,1.36044,10847,10,0
2026-05-01T08:00:00Z,1777622400,1.36042,1.36224,1.3591199999999999,1.36196,9268,10,0
2026-05-01T12:00:00Z,1777636800,1.36198,1.36574,1.36137,1.3618700000000001,19173,10,0
2026-05-01T16:00:00Z,1777651200,1.36188,1.3623,1.35727,1.35732,11465,10,0
2026-05-01T20:00:00Z,1777665600,1.3573,1.35784,1.3568500000000001,1.35767,1396,10,0
2026-05-03T20:00:00Z,1777838400,1.35942,1.36026,1.35796,1.35807,2876,10,0
2026-05-04T00:00:00Z,1777852800,1.35804,1.36012,1.35747,1.35972,9567,10,0
2026-05-04T04:00:00Z,1777867200,1.35975,1.35987,1.35625,1.35657,9913,10,0
2026-05-04T08:00:00Z,1777881600,1.35655,1.35671,1.3523,1.35407,14943,10,0
2026-05-04T12:00:00Z,1777896000,1.3541,1.35691,1.35246,1.3532600000000001,18150,10,0
2026-05-04T16:00:00Z,1777910400,1.35321,1.35419,1.3512,1.35365,14341,10,0
2026-05-04T20:00:00Z,1777924800,1.35362,1.35367,1.35216,1.35308,3250,9,0
2026-05-05T00:00:00Z,1777939200,1.35308,1.35345,1.35174,1.35209,5930,10,0
2026-05-05T04:00:00Z,1777953600,1.3520699999999999,1.35477,1.35134,1.35374,10083,10,0
2026-05-05T08:00:00Z,1777968000,1.35375,1.35508,1.35303,1.35403,11396,10,0
2026-05-05T12:00:00Z,1777982400,1.35404,1.35781,1.35312,1.35735,16766,10,0
2026-05-05T16:00:00Z,1777996800,1.35733,1.35758,1.35404,1.35427,8007,10,0
2026-05-05T20:00:00Z,1778011200,1.35425,1.35794,1.35342,1.35674,5579,2,0
2026-05-06T00:00:00Z,1778025600,1.35678,1.35799,1.35633,1.35646,9270,10,0
2026-05-06T04:00:00Z,1778040000,1.35649,1.3599,1.3562699999999999,1.35983,13850,10,0
2026-05-06T08:00:00Z,1778054400,1.35986,1.36429,1.35915,1.36231,19343,10,0
2026-05-06T12:00:00Z,1778068800,1.36231,1.36238,1.35934,1.35954,18735,10,0
2026-05-06T16:00:00Z,1778083200,1.35951,1.35992,1.3578000000000001,1.35927,9941,10,0
2026-05-06T20:00:00Z,1778097600,1.35925,1.35962,1.35889,1.35907,2956,9,0
2026-05-07T00:00:00Z,1778112000,1.3590499999999999,1.36079,1.35894,1.35925,8427,10,0
2026-05-07T04:00:00Z,1778126400,1.35923,1.3624,1.35903,1.36202,10162,10,0
2026-05-07T08:00:00Z,1778140800,1.36205,1.363,1.3609200000000001,1.36172,10689,10,0
2026-05-07T12:00:00Z,1778155200,1.36175,1.36322,1.36063,1.36076,15115,10,0
2026-05-07T16:00:00Z,1778169600,1.36073,1.36098,1.35613,1.35619,16190,10,0
2026-05-07T20:00:00Z,1778184000,1.35622,1.3575599999999999,1.35431,1.35551,5829,7,0
2026-05-08T00:00:00Z,1778198400,1.35551,1.35608,1.35484,1.35542,8574,10,0
2026-05-08T04:00:00Z,1778212800,1.35542,1.35898,1.35491,1.35811,9863,10,0
2026-05-08T08:00:00Z,1778227200,1.3580999999999999,1.36225,1.35781,1.3612199999999999,10152,10,0
2026-05-08T12:00:00Z,1778241600,1.36123,1.36304,1.3601,1.36234,16671,10,0
2026-05-08T16:00:00Z,1778256000,1.36232,1.36308,1.36154,1.36276,8178,10,0
2026-05-08T20:00:00Z,1778270400,1.36277,1.36365,1.36266,1.36322,1380,10,0
2026-05-10T20:00:00Z,1778443200,1.35491,1.35968,1.35436,1.3593600000000001,3658,10,0
2026-05-11T00:00:00Z,1778457600,1.35934,1.36007,1.3587799999999999,1.35887,7939,10,0
2026-05-11T04:00:00Z,1778472000,1.35887,1.3603100000000001,1.3578700000000001,1.3599,8506,10,0
2026-05-11T08:00:00Z,1778486400,1.35991,1.36142,1.35853,1.3606500000000001,11740,10,0
2026-05-11T12:00:00Z,1778500800,1.36068,1.36528,1.35993,1.36491,14419,10,0
2026-05-11T16:00:00Z,1778515200,1.36494,1.3649499999999999,1.36164,1.36175,8967,10,0
2026-05-11T20:00:00Z,1778529600,1.36177,1.36199,1.36025,1.36036,3704,4,0
2026-05-12T00:00:00Z,1778544000,1.36036,1.36046,1.35795,1.35827,7654,10,0
2026-05-12T04:00:00Z,1778558400,1.35828,1.35865,1.3514300000000001,1.35179,11507,10,0
2026-05-12T08:00:00Z,1778572800,1.35181,1.35527,1.35018,1.3532,17590,10,0
2026-05-12T12:00:00Z,1778587200,1.35324,1.35428,1.34998,1.3526099999999999,20313,10,0
2026-05-12T16:00:00Z,1778601600,1.3526,1.35438,1.35147,1.35393,10876,10,0
2026-05-12T20:00:00Z,1778616000,1.35394,1.35423,1.3532600000000001,1.35346,2939,10,0
2026-05-13T00:00:00Z,1778630400,1.35344,1.3546,1.35277,1.35376,8286,10,0
2026-05-13T04:00:00Z,1778644800,1.35376,1.3551,1.35194,1.35205,9371,10,0
2026-05-13T08:00:00Z,1778659200,1.35201,1.35338,1.34935,1.35031,14209,10,0
2026-05-13T12:00:00Z,1778673600,1.35027,1.3529,1.3483800000000001,1.35186,15340,10,0
2026-05-13T16:00:00Z,1778688000,1.35184,1.35274,1.35103,1.35222,8970,10,0
2026-05-13T20:00:00Z,1778702400,1.35219,1.3531900000000001,1.35186,1.35264,3567,10,0
2026-05-14T00:00:00Z,1778716800,1.35264,1.35323,1.35202,1.3526,6682,10,0
2026-05-14T04:00:00Z,1778731200,1.3526,1.35324,1.3504399999999999,1.35054,9295,10,0
2026-05-14T08:00:00Z,1778745600,1.3505099999999999,1.3520400000000001,1.34946,1.34995,9878,10,0
2026-05-14T12:00:00Z,1778760000,1.34993,1.35179,1.34723,1.3477299999999999,15355,10,0
2026-05-14T16:00:00Z,1778774400,1.34771,1.34786,1.33944,1.33995,13145,10,0
2026-05-14T20:00:00Z,1778788800,1.33997,1.34027,1.33845,1.33904,4188,7,0
2026-05-15T00:00:00Z,1778803200,1.33907,1.33921,1.33633,1.33758,9666,10,0
2026-05-15T04:00:00Z,1778817600,1.33755,1.33755,1.33342,1.33637,13730,10,0
2026-05-15T08:00:00Z,1778832000,1.3364099999999999,1.33928,1.3327499999999999,1.33592,15199,10,0
2026-05-15T12:00:00Z,1778846400,1.3359,1.33631,1.33154,1.3329900000000001,18807,10,0
2026-05-15T16:00:00Z,1778860800,1.33301,1.3338,1.33155,1.33185,10930,10,0
2026-05-15T20:00:00Z,1778875200,1.33182,1.33264,1.33147,1.33239,1604,10,0
2026-05-17T20:00:00Z,1779048000,1.33129,1.33255,1.33074,1.3309199999999999,3618,10,0
2026-05-18T00:00:00Z,1779062400,1.33093,1.3318400000000001,1.33017,1.33129,11077,10,0
2026-05-18T04:00:00Z,1779076800,1.33128,1.33581,1.3311600000000001,1.3351899999999999,11227,10,0
2026-05-18T08:00:00Z,1779091200,1.33518,1.33839,1.33462,1.33757,13475,10,0
2026-05-18T12:00:00Z,1779105600,1.33757,1.34271,1.33745,1.34177,20882,10,0
2026-05-18T16:00:00Z,1779120000,1.34175,1.34489,1.34001,1.34294,15921,10,0
2026-05-18T20:00:00Z,1779134400,1.34296,1.34388,1.34253,1.34308,4235,4,0
2026-05-19T00:00:00Z,1779148800,1.34308,1.34341,1.34087,1.3413,9675,10,0
2026-05-19T04:00:00Z,1779163200,1.34132,1.34178,1.33896,1.3401399999999999,11145,10,0
2026-05-19T08:00:00Z,1779177600,1.34018,1.34155,1.33867,1.34028,12764,10,0
2026-05-19T12:00:00Z,1779192000,1.34024,1.34196,1.33779,1.33982,19120,10,0
2026-05-19T16:00:00Z,1779206400,1.33985,1.34119,1.33876,1.33998,10720,10,0
2026-05-19T20:00:00Z,1779220800,1.33999,1.34039,1.33886,1.3395299999999999,4234,10,0
2026-05-20T00:00:00Z,1779235200,1.33951,1.34029,1.33774,1.33993,11622,10,0
2026-05-20T04:00:00Z,1779249600,1.33994,1.34064,1.33754,1.33854,12176,10,0
2026-05-20T08:00:00Z,1779264000,1.3385099999999999,1.34074,1.33746,1.33992,11053,10,0
2026-05-20T12:00:00Z,1779278400,1.33991,1.34631,1.33826,1.34409,24019,10,0
2026-05-20T16:00:00Z,1779292800,1.34406,1.34536,1.34321,1.34371,13465,10,0
2026-05-20T20:00:00Z,1779307200,1.34369,1.34405,1.34291,1.34335,4568,4,0
2026-05-21T00:00:00Z,1779321600,1.34336,1.34453,1.3418700000000001,1.34263,8624,10,0
2026-05-21T04:00:00Z,1779336000,1.3426,1.34397,1.3415300000000001,1.34291,9872,10,0
2026-05-21T08:00:00Z,1779350400,1.34294,1.34545,1.34148,1.34215,15722,10,0
2026-05-21T12:00:00Z,1779364800,1.34212,1.34293,1.3391899999999999,1.34047,19251,10,0
2026-05-21T16:00:00Z,1779379200,1.3405,1.34488,1.34005,1.34355,16597,10,0
2026-05-21T20:00:00Z,1779393600,1.34357,1.34403,1.34226,1.3431600000000001,3741,10,0
2026-05-22T00:00:00Z,1779408000,1.3431600000000001,1.34322,1.34226,1.34257,6951,10,0
2026-05-22T04:00:00Z,1779422400,1.34257,1.34321,1.34128,1.34245,7687,10,0
2026-05-22T08:00:00Z,1779436800,1.34247,1.34383,1.34162,1.34206,9616,10,0
2026-05-22T12:00:00Z,1779451200,1.34206,1.34628,1.3416299999999999,1.34365,16860,10,0
2026-05-22T16:00:00Z,1779465600,1.34364,1.34531,1.3433,1.34399,10303,10,0
2026-05-22T20:00:00Z,1779480000,1.34398,1.34416,1.34288,1.3431199999999999,1672,10,0
2026-05-24T20:00:00Z,1779652800,1.3437700000000001,1.34879,1.34367,1.34806,2866,10,0
2026-05-25T00:00:00Z,1779667200,1.34803,1.34901,1.34737,1.34747,7132,10,0
2026-05-25T04:00:00Z,1779681600,1.34745,1.34886,1.34705,1.34842,7169,10,0
2026-05-25T08:00:00Z,1779696000,1.34844,1.35056,1.34782,1.34976,5895,10,0
2026-05-25T12:00:00Z,1779710400,1.3498,1.35064,1.34923,1.35013,7843,10,0
2026-05-25T16:00:00Z,1779724800,1.35012,1.35088,1.34985,1.3507500000000001,2683,10,0
2026-05-25T20:00:00Z,1779739200,1.3507500000000001,1.35081,1.34949,1.34955,3142,4,0
2026-05-26T00:00:00Z,1779753600,1.34957,1.34968,1.34822,1.34885,6874,10,0
2026-05-26T04:00:00Z,1779768000,1.34885,1.34888,1.34644,1.34745,8162,10,0
2026-05-26T08:00:00Z,1779782400,1.34748,1.34889,1.34677,1.3469,10059,10,0
2026-05-26T12:00:00Z,1779796800,1.34687,1.3474599999999999,1.34341,1.34356,13591,10,0
2026-05-26T16:00:00Z,1779811200,1.34357,1.34496,1.3434300000000001,1.34483,7558,10,0
2026-05-26T20:00:00Z,1779825600,1.34484,1.3458700000000001,1.34425,1.34544,3406,7,0
2026-05-27T00:00:00Z,1779840000,1.34544,1.34584,1.34456,1.34541,7142,10,0
2026-05-27T04:00:00Z,1779854400,1.34541,1.34565,1.34413,1.34424,7474,10,0
2026-05-27T08:00:00Z,1779868800,1.34424,1.3452,1.34299,1.34345,8813,10,0
2026-05-27T12:00:00Z,1779883200,1.34347,1.34579,1.3416000000000001,1.34286,19350,10,0
2026-05-27T16:00:00Z,1779897600,1.34288,1.34328,1.34168,1.34301,8270,10,0
2026-05-27T20:00:00Z,1779912000,1.34302,1.34326,1.34139,1.3415599999999999,3324,9,0
2026-05-28T00:00:00Z,1779926400,1.3415300000000001,1.34199,1.3368,1.33683,8670,10,0
2026-05-28T04:00:00Z,1779940800,1.3368,1.34114,1.3366799999999999,1.3402,9931,10,0
2026-05-28T08:00:00Z,1779955200,1.34019,1.34101,1.33857,1.34061,9861,10,0
2026-05-28T12:00:00Z,1779969600,1.3406,1.34507,1.34025,1.34353,19112,10,0
2026-05-28T16:00:00Z,1779984000,1.34352,1.34482,1.34317,1.34388,9571,10,0
2026-05-28T20:00:00Z,1779998400,1.34385,1.34455,1.34378,1.34436,2927,9,0
2026-05-29T00:00:00Z,1780012800,1.34436,1.34504,1.343,1.34321,6810,10,0
2026-05-29T04:00:00Z,1780027200,1.34323,1.34444,1.34174,1.34259,7963,10,0
2026-05-29T08:00:00Z,1780041600,1.34257,1.34295,1.3408,1.34283,10570,10,0
2026-05-29T12:00:00Z,1780056000,1.3428499999999999,1.3485,1.34208,1.34742,18268,10,0
2026-05-29T16:00:00Z,1780070400,1.34742,1.34756,1.34546,1.34673,9961,10,0
2026-05-29T20:00:00Z,1780084800,1.3467500000000001,1.3468,1.34525,1.34547,2706,10,0
2026-05-31T20:00:00Z,1780257600,1.34523,1.34595,1.3443399999999999,1.34503,5114,10,0
2026-06-01T00:00:00Z,1780272000,1.34507,1.34591,1.34451,1.34496,7602,10,0
2026-06-01T04:00:00Z,1780286400,1.34497,1.34757,1.34489,1.34605,7683,10,0
2026-06-01T08:00:00Z,1780300800,1.34605,1.34748,1.34548,1.3465,9258,10,0
2026-06-01T12:00:00Z,1780315200,1.3465,1.34686,1.34063,1.34487,18520,10,0
2026-06-01T16:00:00Z,1780329600,1.34487,1.34699,1.34401,1.34588,9274,10,0
2026-06-01T20:00:00Z,1780344000,1.34584,1.34607,1.34503,1.34593,3451,9,0
2026-06-02T00:00:00Z,1780358400,1.34595,1.34618,1.34503,1.34579,6502,10,0
2026-06-02T04:00:00Z,1780372800,1.34577,1.34812,1.34567,1.3471600000000001,7954,10,0
2026-06-02T08:00:00Z,1780387200,1.3472,1.34766,1.346,1.34734,8644,10,0
2026-06-02T12:00:00Z,1780401600,1.34737,1.3480400000000001,1.34627,1.34787,11804,10,0
2026-06-02T16:00:00Z,1780416000,1.34787,1.34796,1.34528,1.34681,7864,10,0
2026-06-02T20:00:00Z,1780430400,1.3468,1.34715,1.3449900000000001,1.34525,3505,7,0
2026-06-03T00:00:00Z,1780444800,1.34524,1.34717,1.34511,1.34626,5808,10,0
2026-06-03T04:00:00Z,1780459200,1.34626,1.34637,1.34364,1.34558,8400,10,0
2026-06-03T08:00:00Z,1780473600,1.34559,1.34595,1.34401,1.34496,10291,10,0
2026-06-03T12:00:00Z,1780488000,1.34494,1.34507,1.34209,1.3434300000000001,15116,10,0
2026-06-03T16:00:00Z,1780502400,1.34344,1.34348,1.34116,1.3419400000000001,8162,10,0
2026-06-03T20:00:00Z,1780516800,1.34195,1.34283,1.34113,1.3426,3872,9,0
2026-06-04T00:00:00Z,1780531200,1.3425799999999999,1.34315,1.34165,1.3422399999999999,6960,10,0
2026-06-04T04:00:00Z,1780545600,1.3422399999999999,1.34344,1.34111,1.34213,8399,10,0
2026-06-04T08:00:00Z,1780560000,1.34212,1.3462100000000001,1.34209,1.34584,11152,10,0
2026-06-04T12:00:00Z,1780574400,1.34582,1.34622,1.34293,1.34387,12761,10,0
2026-06-04T16:00:00Z,1780588800,1.34389,1.34417,1.34212,1.34237,7030,10,0
2026-06-04T20:00:00Z,1780603200,1.34236,1.3425799999999999,1.3418,1.34223,2941,9,0
2026-06-05T00:00:00Z,1780617600,1.3422,1.3428200000000001,1.34155,1.34265,7030,10,0
2026-06-05T04:00:00Z,1780632000,1.34267,1.34481,1.34232,1.34445,7379,10,0
2026-06-05T08:00:00Z,1780646400,1.34449,1.34828,1.34439,1.3468,9716,10,0
2026-06-05T12:00:00Z,1780660800,1.34683,1.34687,1.33561,1.3358400000000001,22398,10,0
2026-06-05T16:00:00Z,1780675200,1.33583,1.33591,1.33297,1.33374,12663,10,0
2026-06-05T20:00:00Z,1780689600,1.33372,1.33405,1.3330199999999999,1.33398,1860,10,0
2026-06-07T20:00:00Z,1780862400,1.33281,1.33359,1.33148,1.33347,3455,10,0
2026-06-08T00:00:00Z,1780876800,1.33349,1.335,1.33182,1.33408,10085,10,0
2026-06-08T04:00:00Z,1780891200,1.33408,1.33484,1.33194,1.33274,11773,10,0
2026-06-08T08:00:00Z,1780905600,1.33274,1.33692,1.33052,1.3359,15511,10,0
2026-06-08T12:00:00Z,1780920000,1.33591,1.3367200000000001,1.33348,1.33463,17175,10,0
2026-06-08T16:00:00Z,1780934400,1.33461,1.33523,1.33374,1.33409,9912,10,0
2026-06-08T20:00:00Z,1780948800,1.33408,1.33429,1.33323,1.33334,3558,4,0
2026-06-09T00:00:00Z,1780963200,1.33332,1.33525,1.33304,1.33488,7595,10,0
2026-06-09T04:00:00Z,1780977600,1.33488,1.33746,1.33473,1.33671,9369,10,0
2026-06-09T08:00:00Z,1780992000,1.33671,1.34058,1.3364,1.34021,9621,10,0
2026-06-09T12:00:00Z,1781006400,1.34023,1.34108,1.33723,1.33864,16400,10,0
2026-06-09T16:00:00Z,1781020800,1.33866,1.33904,1.33581,1.33793,16308,10,0
2026-06-09T20:00:00Z,1781035200,1.3378999999999999,1.33825,1.3361100000000001,1.33712,4769,2,0
2026-06-10T00:00:00Z,1781049600,1.33716,1.33904,1.33676,1.33884,9197,10,0
2026-06-10T04:00:00Z,1781064000,1.33881,1.33969,1.33791,1.33902,9500,10,0
2026-06-10T08:00:00Z,1781078400,1.33906,1.33993,1.33754,1.3378,12661,10,0
2026-06-10T12:00:00Z,1781092800,1.33782,1.34232,1.3370600000000001,1.33893,20442,10,0
2026-06-10T16:00:00Z,1781107200,1.3389199999999999,1.3397299999999999,1.33713,1.33718,12714,10,0
2026-06-10T20:00:00Z,1781121600,1.33717,1.33722,1.33494,1.3361100000000001,6121,7,0
2026-06-11T00:00:00Z,1781136000,1.3361399999999999,1.33915,1.3361399999999999,1.33782,9426,10,0
2026-06-11T04:00:00Z,1781150400,1.33783,1.33914,1.33747,1.3382,8189,10,0
2026-06-11T08:00:00Z,1781164800,1.33818,1.33835,1.33521,1.3365,9562,10,0
2026-06-11T12:00:00Z,1781179200,1.33649,1.3367499999999999,1.3324099999999999,1.33352,19754,10,0
2026-06-11T16:00:00Z,1781193600,1.33354,1.34331,1.3326,1.34157,22488,10,0
2026-06-11T20:00:00Z,1781208000,1.3416000000000001,1.3426,1.34084,1.3413599999999999,5816,7,0
2026-06-12T00:00:00Z,1781222400,1.34139,1.3417,1.33994,1.34141,10527,10,0
2026-06-12T04:00:00Z,1781236800,1.34143,1.34178,1.3383,1.33972,11571,10,0
2026-06-12T08:00:00Z,1781251200,1.33976,1.34252,1.33938,1.34091,13734,10,0
2026-06-12T12:00:00Z,1781265600,1.34086,1.34236,1.3389199999999999,1.34127,19012,10,0
2026-06-12T16:00:00Z,1781280000,1.34124,1.34213,1.34071,1.34107,11155,10,0
2026-06-12T20:00:00Z,1781294400,1.34105,1.34111,1.34012,1.34046,1415,10,0
2026-06-14T20:00:00Z,1781467200,1.34062,1.3454,1.3396,1.3449,5113,10,0
2026-06-15T00:00:00Z,1781481600,1.34488,1.34605,1.34325,1.34422,7850,10,0
2026-06-15T04:00:00Z,1781496000,1.34422,1.3459699999999999,1.34277,1.34321,8917,10,0
2026-06-15T08:00:00Z,1781510400,1.34323,1.34358,1.34181,1.3423,9374,10,0
2026-06-15T12:00:00Z,1781524800,1.34226,1.3444099999999999,1.34164,1.34249,12138,10,0
2026-06-15T16:00:00Z,1781539200,1.3424800000000001,1.34332,1.34073,1.34085,7796,10,0
2026-06-15T20:00:00Z,1781553600,1.34082,1.34164,1.34039,1.34152,4597,4,0
2026-06-16T00:00:00Z,1781568000,1.34152,1.34177,1.33967,1.34029,6652,10,0
2026-06-16T04:00:00Z,1781582400,1.3403,1.34158,1.33898,1.3415599999999999,8433,10,0
2026-06-16T08:00:00Z,1781596800,1.3415599999999999,1.3431199999999999,1.34109,1.3415,8972,10,0
2026-06-16T12:00:00Z,1781611200,1.34151,1.34428,1.34024,1.34366,12640,10,0
2026-06-16T16:00:00Z,1781625600,1.34369,1.34396,1.34214,1.34235,8107,10,0
2026-06-16T20:00:00Z,1781640000,1.34233,1.34306,1.34212,1.3425,2894,10,0
2026-06-17T00:00:00Z,1781654400,1.3425099999999999,1.34334,1.34235,1.34268,6272,10,0
2026-06-17T04:00:00Z,1781668800,1.34266,1.34376,1.34081,1.34204,7715,10,0
2026-06-17T08:00:00Z,1781683200,1.34207,1.34207,1.33989,1.34046,8861,10,0
2026-06-17T12:00:00Z,1781697600,1.34048,1.3418,1.33843,1.33957,11937,10,0
2026-06-17T16:00:00Z,1781712000,1.33957,1.3403100000000001,1.32618,1.3284500000000001,31099,10,0
2026-06-17T20:00:00Z,1781726400,1.32849,1.33023,1.32768,1.33002,5430,10,0
2026-06-18T00:00:00Z,1781740800,1.33004,1.3318400000000001,1.33,1.33163,8457,10,0
2026-06-18T04:00:00Z,1781755200,1.33166,1.33246,1.32888,1.32965,10074,10,0
2026-06-18T08:00:00Z,1781769600,1.3296700000000001,1.3296700000000001,1.32046,1.32105,15380,10,0
2026-06-18T12:00:00Z,1781784000,1.32101,1.32531,1.32092,1.32251,19091,10,0
2026-06-18T16:00:00Z,1781798400,1.32253,1.32301,1.31924,1.31997,12435,10,0
2026-06-18T20:00:00Z,1781812800,1.31999,1.32071,1.31966,1.32012,3774,4,0
2026-06-19T00:00:00Z,1781827200,1.3201399999999999,1.32111,1.31852,1.3187,7130,10,0
2026-06-19T04:00:00Z,1781841600,1.31871,1.32076,1.31627,1.31948,11500,10,0
2026-06-19T08:00:00Z,1781856000,1.31952,1.32404,1.31949,1.32288,10887,10,0
2026-06-19T12:00:00Z,1781870400,1.32291,1.32396,1.3213,1.3219699999999999,12405,10,0
2026-06-19T16:00:00Z,1781884800,1.32199,1.3237999999999999,1.32173,1.32329,6897,10,0
2026-06-19T20:00:00Z,1781899200,1.32329,1.32399,1.32219,1.32334,8535,10,0
2026-06-21T20:00:00Z,1782072000,1.31897,1.32111,1.31856,1.3207200000000001,3151,10,0
2026-06-22T00:00:00Z,1782086400,1.3207499999999999,1.32333,1.3207200000000001,1.32121,8665,10,0
2026-06-22T04:00:00Z,1782100800,1.32124,1.32203,1.3189,1.31939,10422,10,0
2026-06-22T08:00:00Z,1782115200,1.31939,1.32473,1.3183099999999999,1.32349,15347,10,0
2026-06-22T12:00:00Z,1782129600,1.32348,1.32727,1.32341,1.3247,20224,10,0
2026-06-22T16:00:00Z,1782144000,1.32474,1.32495,1.32392,1.32467,8290,10,0
2026-06-22T20:00:00Z,1782158400,1.32471,1.32519,1.32454,1.32461,3014,10,0
2026-06-23T00:00:00Z,1782172800,1.32464,1.32492,1.32336,1.3248199999999999,8043,10,0
2026-06-23T04:00:00Z,1782187200,1.32485,1.32496,1.3220100000000001,1.3225799999999999,10949,10,0
2026-06-23T08:00:00Z,1782201600,1.32261,1.3235299999999999,1.32062,1.3207499999999999,11785,10,0
2026-06-23T12:00:00Z,1782216000,1.32077,1.32216,1.31844,1.31895,15121,10,0
2026-06-23T16:00:00Z,1782230400,1.31897,1.32002,1.31815,1.31947,7768,10,0
2026-06-23T20:00:00Z,1782244800,1.31949,1.32036,1.3194,1.3199100000000001,3196,4,0
2026-06-24T00:00:00Z,1782259200,1.31988,1.32044,1.31864,1.31985,9096,10,0
2026-06-24T04:00:00Z,1782273600,1.31983,1.32086,1.31793,1.3186499999999999,10451,10,0
2026-06-24T08:00:00Z,1782288000,1.3185799999999999,1.31974,1.31479,1.31622,12775,10,0
2026-06-24T12:00:00Z,1782302400,1.31623,1.3171300000000001,1.31397,1.31575,16855,10,0
2026-06-24T16:00:00Z,1782316800,1.31579,1.31787,1.31531,1.31604,10907,10,0
2026-06-24T20:00:00Z,1782331200,1.31604,1.31695,1.31569,1.31636,4107,2,0
2026-06-25T00:00:00Z,1782345600,1.31638,1.31832,1.31575,1.31819,8733,10,0
2026-06-25T04:00:00Z,1782360000,1.31818,1.31851,1.3167,1.31845,8558,10,0
2026-06-25T08:00:00Z,1782374400,1.31843,1.31973,1.31505,1.3155000000000001,9727,10,0
2026-06-25T12:00:00Z,1782388800,1.3155000000000001,1.32185,1.31535,1.3214299999999999,19606,10,0
2026-06-25T16:00:00Z,1782403200,1.32146,1.32188,1.31931,1.31996,10131,10,0
2026-06-25T20:00:00Z,1782417600,1.31995,1.32012,1.31834,1.31866,4229,7,0
2026-06-26T00:00:00Z,1782432000,1.31871,1.31993,1.3179699999999999,1.31972,8998,10,0
2026-06-26T04:00:00Z,1782446400,1.31975,1.3211300000000001,1.31904,1.3204799999999999,9987,10,0
2026-06-26T08:00:00Z,1782460800,1.3204500000000001,1.3228,1.31985,1.32159,11944,10,0
2026-06-26T12:00:00Z,1782475200,1.32159,1.3231600000000001,1.31968,1.32208,16919,10,0
2026-06-26T16:00:00Z,1782489600,1.32205,1.32209,1.31947,1.31981,8190,10,0
2026-06-26T20:00:00Z,1782504000,1.31985,1.32035,1.31918,1.31968,1998,10,0
2026-06-28T20:00:00Z,1782676800,1.3198699999999999,1.3204500000000001,1.31877,1.31963,2221,10,0
2026-06-29T00:00:00Z,1782691200,1.31961,1.32097,1.31932,1.31979,7764,10,0
2026-06-29T04:00:00Z,1782705600,1.31979,1.32278,1.3195700000000001,1.32129,7753,10,0
2026-06-29T08:00:00Z,1782720000,1.3213300000000001,1.32345,1.32027,1.32307,9896,10,0
2026-06-29T12:00:00Z,1782734400,1.32308,1.3253300000000001,1.32273,1.32528,14264,10,0
2026-06-29T16:00:00Z,1782748800,1.32531,1.3262,1.325,1.3260100000000001,7023,10,0
2026-06-29T20:00:00Z,1782763200,1.32603,1.32621,1.32494,1.3253,2515,10,0
2026-06-30T00:00:00Z,1782777600,1.32527,1.32542,1.32309,1.32332,8766,10,0
2026-06-30T04:00:00Z,1782792000,1.32329,1.32468,1.32223,1.32341,8975,10,0
2026-06-30T08:00:00Z,1782806400,1.32338,1.32394,1.32144,1.3226200000000001,10369,10,0
2026-06-30T12:00:00Z,1782820800,1.32263,1.32764,1.32116,1.3256999999999999,15853,10,0
2026-06-30T16:00:00Z,1782835200,1.32569,1.32647,1.32478,1.32637,8108,10,0
2026-06-30T20:00:00Z,1782849600,1.32635,1.32654,1.32486,1.32497,2978,4,0
2026-07-01T00:00:00Z,1782864000,1.32497,1.32516,1.32312,1.3235000000000001,7189,10,0
2026-07-01T04:00:00Z,1782878400,1.32352,1.32456,1.32284,1.3244,8092,10,0
2026-07-01T08:00:00Z,1782892800,1.3244,1.32566,1.3238699999999999,1.32417,10112,10,0
2026-07-01T12:00:00Z,1782907200,1.3242,1.32916,1.32185,1.32772,20390,10,0
2026-07-01T16:00:00Z,1782921600,1.32774,1.32917,1.32709,1.32776,10044,10,0
2026-07-01T20:00:00Z,1782936000,1.32774,1.328,1.3265500000000001,1.32782,2785,9,0
2026-07-02T00:00:00Z,1782950400,1.32782,1.32944,1.32739,1.32863,7216,10,0
2026-07-02T04:00:00Z,1782964800,1.32863,1.33379,1.3284799999999999,1.3336000000000001,11549,10,0
2026-07-02T08:00:00Z,1782979200,1.33356,1.33624,1.33079,1.331,13716,10,0
2026-07-02T12:00:00Z,1782993600,1.33098,1.33843,1.32966,1.33616,28979,10,0
2026-07-02T16:00:00Z,1783008000,1.33619,1.3362,1.33374,1.33453,10969,10,0
2026-07-02T20:00:00Z,1783022400,1.3345099999999999,1.33507,1.33369,1.33379,3475,7,0
2026-07-03T00:00:00Z,1783036800,1.33379,1.3366,1.33341,1.3361,8727,10,0
2026-07-03T04:00:00Z,1783051200,1.33613,1.33807,1.33578,1.33711,9548,10,0
2026-07-03T08:00:00Z,1783065600,1.33715,1.33734,1.33486,1.33582,8821,10,0
2026-07-03T12:00:00Z,1783080000,1.33581,1.3361399999999999,1.33454,1.33549,8448,10,0
2026-07-03T16:00:00Z,1783094400,1.3355000000000001,1.33581,1.33509,1.33527,4311,10,0
2026-07-03T20:00:00Z,1783108800,1.33528,1.33538,1.33457,1.33496,2856,10,0
2026-07-05T20:00:00Z,1783281600,1.33419,1.33542,1.3338700000000001,1.33518,2276,10,0
2026-07-06T00:00:00Z,1783296000,1.3351600000000001,1.33563,1.33385,1.33417,8204,10,0
2026-07-06T04:00:00Z,1783310400,1.33414,1.33495,1.33282,1.33481,8576,10,0
2026-07-06T08:00:00Z,1783324800,1.3348200000000001,1.335,1.3329900000000001,1.33438,9793,10,0
2026-07-06T12:00:00Z,1783339200,1.33438,1.33679,1.3336700000000001,1.3367200000000001,12223,10,0
2026-07-06T16:00:00Z,1783353600,1.3367499999999999,1.33967,1.33646,1.33914,7009,10,0
2026-07-06T20:00:00Z,1783368000,1.3391,1.3401,1.33812,1.3394,2951,4,0
2026-07-07T00:00:00Z,1783382400,1.33939,1.3401399999999999,1.33873,1.33894,7512,10,0
2026-07-07T04:00:00Z,1783396800,1.33894,1.33931,1.33746,1.33769,8259,10,0
2026-07-07T08:00:00Z,1783411200,1.33768,1.3394,1.3369,1.33876,9539,10,0
2026-07-07T12:00:00Z,1783425600,1.33879,1.33924,1.3360400000000001,1.3370600000000001,13814,10,0
2026-07-07T16:00:00Z,1783440000,1.33707,1.33761,1.33483,1.33608,9179,10,0
2026-07-07T20:00:00Z,1783454400,1.33605,1.33622,1.33446,1.33462,3352,9,0
2026-07-08T00:00:00Z,1783468800,1.33464,1.33588,1.33416,1.33541,9148,10,0
2026-07-08T04:00:00Z,1783483200,1.3354,1.33696,1.33501,1.33646,9985,10,0
2026-07-08T08:00:00Z,1783497600,1.33647,1.33696,1.33218,1.33356,18656,10,0
2026-07-08T12:00:00Z,1783512000,1.33358,1.33773,1.3334,1.33599,18129,10,0
2026-07-08T16:00:00Z,1783526400,1.33602,1.3409900000000001,1.33599,1.3401399999999999,11753,10,0
2026-07-08T20:00:00Z,1783540800,1.34015,1.34036,1.33834,1.33933,3605,4,0
2026-07-09T00:00:00Z,1783555200,1.33935,1.34039,1.33863,1.33956,7813,10,0
2026-07-09T04:00:00Z,1783569600,1.33956,1.34305,1.33929,1.34146,9618,10,0
2026-07-09T08:00:00Z,1783584000,1.34144,1.34211,1.33841,1.3388200000000001,9620,10,0
2026-07-09T12:00:00Z,1783598400,1.33883,1.34105,1.33801,1.34064,13062,10,0
2026-07-09T16:00:00Z,1783612800,1.34067,1.34189,1.34019,1.3407200000000001,7617,10,0
2026-07-09T20:00:00Z,1783627200,1.3407200000000001,1.3413,1.3396,1.3413,2915,9,0
2026-07-10T00:00:00Z,1783641600,1.3413,1.34514,1.34079,1.3439,9474,10,0
2026-07-10T04:00:00Z,1783656000,1.34388,1.34388,1.34198,1.34212,9127,10,0
2026-07-10T08:00:00Z,1783670400,1.34211,1.34368,1.3408,1.34256,10931,10,0
2026-07-10T12:00:00Z,1783684800,1.3425799999999999,1.34367,1.33914,1.34201,15284,10,0
2026-07-10T16:00:00Z,1783699200,1.34201,1.34232,1.33922,1.33979,8629,10,0
2026-07-10T20:00:00Z,1783713600,1.33982,1.3402,1.33938,1.33998,1873,10,0
2026-07-12T20:00:00Z,1783886400,1.3385099999999999,1.33872,1.33687,1.33861,3349,10,0
2026-07-13T00:00:00Z,1783900800,1.33862,1.3387,1.33663,1.33781,10904,10,0
2026-07-13T04:00:00Z,1783915200,1.33779,1.33949,1.33737,1.33928,11499,10,0
2026-07-13T08:00:00Z,1783929600,1.33931,1.34113,1.33809,1.33931,12380,10,0
2026-07-13T12:00:00Z,1783944000,1.33929,1.34022,1.3363,1.33796,16408,10,0
2026-07-13T16:00:00Z,1783958400,1.33798,1.33838,1.33511,1.3353,11358,10,0
2026-07-13T20:00:00Z,1783972800,1.33528,1.33548,1.334,1.3349199999999999,3623,9,0
2026-07-14T00:00:00Z,1783987200,1.33493,1.3363800000000001,1.3342,1.336,10487,10,0
2026-07-14T04:00:00Z,1784001600,1.33601,1.33693,1.33509,1.33569,9478,10,0
2026-07-14T08:00:00Z,1784016000,1.3357299999999999,1.3387,1.33534,1.33836,11425,10,0
2026-07-14T12:00:00Z,1784030400,1.33836,1.3443100000000001,1.3379400000000001,1.33826,26412,10,0
2026-07-14T16:00:00Z,1784044800,1.33823,1.33915,1.33676,1.33875,10938,10,0
2026-07-14T20:00:00Z,1784059200,1.33876,1.33964,1.33723,1.33961,3453,9,0
2026-07-15T00:00:00Z,1784073600,1.33962,1.34089,1.33939,1.34032,7516,10,0
2026-07-15T04:00:00Z,1784088000,1.34032,1.34196,1.33999,1.3401399999999999,9157,10,0
2026-07-15T08:00:00Z,1784102400,1.34015,1.34147,1.33803,1.3409499999999999,9694,10,0
2026-07-15T12:00:00Z,1784116800,1.3409200000000001,1.34973,1.34021,1.34952,16966,10,0
2026-07-15T16:00:00Z,1784131200,1.34948,1.35578,1.34933,1.35346,14572,10,0
2026-07-15T20:00:00Z,1784145600,1.35346,1.35433,1.35316,1.35382,3783,9,0
2026-07-16T00:00:00Z,1784160000,1.35382,1.35438,1.35193,1.35324,9231,10,0
2026-07-16T04:00:00Z,1784174400,1.35327,1.35422,1.3526500000000001,1.3532899999999999,9862,10,0
2026-07-16T08:00:00Z,1784188800,1.35328,1.3534,1.3493,1.35062,10919,10,0
2026-07-16T12:00:00Z,1784203200,1.35063,1.3517000000000001,1.3479700000000001,1.34827,15663,10,0
2026-07-16T16:00:00Z,1784217600,1.3483,1.3483100000000001,1.34592,1.34744,8720,10,0
2026-07-16T20:00:00Z,1784232000,1.34741,1.34799,1.34726,1.3477700000000001,2929,9,0
2026-07-17T00:00:00Z,1784246400,1.3477700000000001,1.34795,1.34616,1.3465,7771,10,0
2026-07-17T04:00:00Z,1784260800,1.34653,1.3480400000000001,1.34564,1.34565,9200,10,0
2026-07-17T08:00:00Z,1784275200,1.34569,1.3462100000000001,1.34259,1.34379,11613,10,0
2026-07-17T12:00:00Z,1784289600,1.34379,1.34546,1.34276,1.3444099999999999,14224,10,0
2026-07-17T16:00:00Z,1784304000,1.34445,1.34596,1.34371,1.3458,8884,10,0
2026-07-17T20:00:00Z,1784318400,1.34582,1.34595,1.3449900000000001,1.34523,1873,10,0
2026-07-19T20:00:00Z,1784491200,1.34461,1.345,1.34299,1.34448,3864,10,0
2026-07-20T00:00:00Z,1784505600,1.34449,1.3463,1.34426,1.34603,7502,10,0
2026-07-20T04:00:00Z,1784520000,1.34603,1.34806,1.34568,1.34759,8182,10,0
2026-07-20T08:00:00Z,1784534400,1.3476,1.34782,1.34569,1.3462399999999999,10195,10,0
2026-07-20T12:00:00Z,1784548800,1.34623,1.34644,1.3413300000000001,1.3418,13227,10,0
2026-07-20T16:00:00Z,1784563200,1.34179,1.34391,1.34115,1.34347,8782,10,0
2026-07-20T20:00:00Z,1784577600,1.34348,1.34366,1.34181,1.34307,2947,7,0
2026-07-21T00:00:00Z,1784592000,1.34308,1.34391,1.34262,1.3436,7253,10,0
2026-07-21T04:00:00Z,1784606400,1.3436,1.34552,1.34353,1.34401,8220,10,0
2026-07-21T08:00:00Z,1784620800,1.34401,1.34481,1.3401,1.34052,10022,10,0
2026-07-21T12:00:00Z,1784635200,1.34051,1.3406799999999999,1.33593,1.3372600000000001,16111,10,0
2026-07-21T16:00:00Z,1784649600,1.33727,1.33869,1.33688,1.338,7126,10,0
2026-07-21T20:00:00Z,1784664000,1.33802,1.33804,1.3370199999999999,1.33784,3050,7,0
2026-07-22T00:00:00Z,1784678400,1.33783,1.33894,1.3377,1.3382100000000001,7615,10,0
2026-07-22T04:00:00Z,1784692800,1.3382399999999999,1.33951,1.33686,1.3382100000000001,9606,10,0
2026-07-22T08:00:00Z,1784707200,1.3382100000000001,1.33837,1.3363,1.33666,10586,10,0
2026-07-22T12:00:00Z,1784721600,1.33667,1.33905,1.33542,1.33759,12384,10,0
2026-07-22T16:00:00Z,1784736000,1.33757,1.3376000000000001,1.33648,1.3372899999999999,6942,10,0
2026-07-22T20:00:00Z,1784750400,1.3373300000000001,1.33765,1.3366799999999999,1.33741,3322,9,0
2026-07-23T00:00:00Z,1784764800,1.33745,1.33911,1.33725,1.33878,8033,10,0
2026-07-23T04:00:00Z,1784779200,1.33879,1.33931,1.33666,1.3373300000000001,8973,10,0
2026-07-23T08:00:00Z,1784793600,1.33735,1.33771,1.33395,1.33548,10955,10,0
2026-07-23T12:00:00Z,1784808000,1.33548,1.33555,1.32983,1.33098,17746,10,0
2026-07-23T16:00:00Z,1784822400,1.33101,1.33251,1.33096,1.33166,9409,10,0
2026-07-23T20:00:00Z,1784836800,1.3317,1.33191,1.33093,1.33118,2715,9,0
2026-07-24T00:00:00Z,1784851200,1.33114,1.33263,1.33107,1.3314,7465,10,0
2026-07-24T04:00:00Z,1784865600,1.33142,1.33439,1.33061,1.33352,8350,10,0
2026-07-24T08:00:00Z,1784880000,1.33354,1.33365,1.3312300000000001,1.33219,9962,10,0
2026-07-24T12:00:00Z,1784894400,1.33225,1.33484,1.33051,1.33411,13478,10,0
2026-07-24T16:00:00Z,1784908800,1.33414,1.3345,1.33208,1.33209,7489,10,0
2026-07-24T20:00:00Z,1784923200,1.3321,1.3327,1.33163,1.3323800000000001,1342,10,0
2026-07-26T20:00:00Z,1785096000,1.33304,1.33561,1.33219,1.33501,3065,10,0
2026-07-27T00:00:00Z,1785110400,1.33504,1.33631,1.33491,1.33523,9186,10,0
2026-07-27T04:00:00Z,1785124800,1.33524,1.3360699999999999,1.33338,1.33344,9017,10,0
2026-07-27T08:00:00Z,1785139200,1.33344,1.33407,1.33091,1.33137,9652,10,0
2026-07-27T12:00:00Z,1785153600,1.33134,1.33206,1.32987,1.33016,12100,10,0
2026-07-27T16:00:00Z,1785168000,1.3302,1.33137,1.3283800000000001,1.32915,8800,10,0
2026-07-27T20:00:00Z,1785182400,1.32911,1.32925,1.32824,1.32895,2641,2,0
2026-07-28T00:00:00Z,1785196800,1.32895,1.33037,1.32853,1.32975,6548,10,0
2026-07-28T04:00:00Z,1785211200,1.32973,1.33045,1.3285,1.32912,7404,10,0
2026-07-28T08:00:00Z,1785225600,1.32912,1.3305,1.32729,1.3278699999999999,8686,10,0
2026-07-28T12:00:00Z,1785240000,1.3279,1.33106,1.32786,1.33086,11585,10,0
2026-07-28T16:00:00Z,1785254400,1.33086,1.33109,1.32861,1.32874,7586,10,0
2026-07-28T20:00:00Z,1785268800,1.3287499999999999,1.32912,1.32801,1.32864,3380,7,0
2026-07-29T00:00:00Z,1785283200,1.32864,1.32989,1.3281399999999999,1.32946,8074,10,0
2026-07-29T04:00:00Z,1785297600,1.32947,1.33067,1.3293599999999999,1.33016,7591,10,0
2026-07-29T08:00:00Z,1785312000,1.33018,1.33086,1.3288,1.32924,7741,10,0
2026-07-29T12:00:00Z,1785326400,1.32925,1.3304,1.3277999999999999,1.32861,11232,10,0
2026-07-29T16:00:00Z,1785340800,1.32864,1.33868,1.32791,1.3346,22737,10,0
2026-07-29T20:00:00Z,1785355200,1.33457,1.33754,1.33425,1.33661,6254,10,0
2026-07-30T00:00:00Z,1785369600,1.33663,1.33678,1.33415,1.33448,8421,10,0
2026-07-30T04:00:00Z,1785384000,1.33447,1.33563,1.33324,1.33378,9220,10,0
2026-07-30T08:00:00Z,1785398400,1.33379,1.34064,1.33376,1.33876,13239,10,0
2026-07-30T12:00:00Z,1785412800,1.33875,1.34627,1.33667,1.34585,31157,10,0
2026-07-30T16:00:00Z,1785427200,1.3458700000000001,1.34766,1.34539,1.34692,11763,10,0
2026-07-30T20:00:00Z,1785441600,1.34694,1.34725,1.3458700000000001,1.346,4154,10,0
2026-07-31T00:00:00Z,1785456000,1.34601,1.34645,1.34447,1.34509,10075,10,0
2026-07-31T04:00:00Z,1785470400,1.34508,1.3462,1.34399,1.34519,10938,10,0
2026-07-31T08:00:00Z,1785484800,1.3452,1.34674,1.3417,1.34179,13528,10,0
2026-07-31T12:00:00Z,1785499200,1.34175,1.34722,1.33996,1.3467500000000001,21247,10,0
2026-07-31T16:00:00Z,1785513600,1.34672,1.34878,1.3461,1.34764,12102,10,0
2026-07-31T20:00:00Z,1785528000,1.34764,1.3495,1.34722,1.34802,5701,10,0
2026-08-02T20:00:00Z,1785700800,1.3492,1.35059,1.34771,1.34906,4616,10,0
2026-08-03T00:00:00Z,1785715200,1.34909,1.35025,1.34634,1.34671,12764,10,0
2026-08-03T04:00:00Z,1785729600,1.34671,1.34776,1.3452600000000001,1.34605,9150,10,0
2026-08-03T08:00:00Z,1785744000,1.34606,1.3467500000000001,1.34473,1.34674,9767,10,0
2026-08-03T12:00:00Z,1785758400,1.34672,1.3471199999999999,1.3422100000000001,1.34334,14323,10,0
2026-08-03T16:00:00Z,1785772800,1.34338,1.3436,1.3417,1.34307,7926,10,0
2026-08-03T20:00:00Z,1785787200,1.34306,1.34338,1.34222,1.34266,3567,10,0
2026-08-04T00:00:00Z,1785801600,1.34266,1.34327,1.34196,1.34257,8777,10,0
2026-08-04T04:00:00Z,1785816000,1.34254,1.34385,1.3418999999999999,1.34358,8805,10,0
2026-08-04T08:00:00Z,1785830400,1.34357,1.34544,1.34322,1.34461,9842,10,0
2026-08-04T12:00:00Z,1785844800,1.34462,1.34551,1.34372,1.34535,12399,10,0
2026-08-04T16:00:00Z,1785859200,1.34537,1.34555,1.34391,1.34498,7539,10,0
2026-08-04T20:00:00Z,1785873600,1.3449499999999999,1.34541,1.34413,1.345,3728,9,0
2026-08-05T00:00:00Z,1785888000,1.34503,1.3459400000000001,1.34435,1.34551,7752,10,0
2026-08-05T04:00:00Z,1785902400,1.3455,1.34687,1.34503,1.34674,8447,10,0
2026-08-05T08:00:00Z,1785916800,1.34673,1.34821,1.34534,1.34786,8989,10,0
2026-08-05T12:00:00Z,1785931200,1.34789,1.34856,1.34565,1.34616,13768,10,0
2026-08-05T16:00:00Z,1785945600,1.34615,1.34726,1.34545,1.34636,7859,10,0
2026-08-05T20:00:00Z,1785960000,1.34638,1.34706,1.3461400000000001,1.34687,3355,9,0
2026-08-06T00:00:00Z,1785974400,1.3469,1.34722,1.34575,1.34599,7741,10,0
2026-08-06T04:00:00Z,1785988800,1.34599,1.3464800000000001,1.3454,1.34592,6926,10,0
2026-08-06T08:00:00Z,1786003200,1.3458999999999999,1.34684,1.34515,1.34684,8354,10,0
2026-08-06T12:00:00Z,1786017600,1.34684,1.34791,1.34489,1.34531,12033,10,0
2026-08-06T16:00:00Z,1786032000,1.3453300000000001,1.34588,1.34482,1.34545,8259,10,0
2026-08-06T20:00:00Z,1786046400,1.34542,1.34555,1.34399,1.34542,3096,7,0
2026-08-07T00:00:00Z,1786060800,1.34542,1.34562,1.34471,1.34527,5810,10,0
2026-08-07T04:00:00Z,1786075200,1.34527,1.34576,1.34449,1.34474,6699,10,0
2026-08-07T08:00:00Z,1786089600,1.34477,1.34497,1.34337,1.34489,7425,10,0
2026-08-07T12:00:00Z,1786104000,1.3449200000000001,1.35087,1.3444,1.34951,19482,10,0
2026-08-07T16:00:00Z,1786118400,1.34955,1.35035,1.34913,1.34974,8896,10,0
2026-08-07T20:00:00Z,1786132800,1.34973,1.3498299999999999,1.3489,1.34925,1851,10,0
2026-08-09T20:00:00Z,1786305600,1.34936,1.34949,1.34767,1.34883,2848,10,0
2026-08-10T00:00:00Z,1786320000,1.34882,1.34937,1.34828,1.34845,6840,10,0
2026-08-10T04:00:00Z,1786334400,1.34844,1.35011,1.34833,1.34958,7399,10,0
2026-08-10T08:00:00Z,1786348800,1.34961,1.35063,1.3492199999999999,1.35008,7832,10,0
2026-08-10T12:00:00Z,1786363200,1.35005,1.3529900000000001,1.3489499999999999,1.35248,12276,10,0
2026-08-10T16:00:00Z,1786377600,1.35252,1.35264,1.35046,1.35074,6798,10,0
2026-08-10T20:00:00Z,1786392000,1.35076,1.35113,1.35036,1.3510499999999999,2684,10,0
2026-08-11T00:00:00Z,1786406400,1.35108,1.3515,1.35019,1.35097,6372,10,0
2026-08-11T04:00:00Z,1786420800,1.35099,1.35153,1.34941,1.3496000000000001,8391,10,0
2026-08-11T08:00:00Z,1786435200,1.34961,1.3508499999999999,1.3492600000000001,1.3493,8423,10,0
2026-08-11T12:00:00Z,1786449600,1.34933,1.35145,1.34915,1.35145,10499,10,0
2026-08-11T16:00:00Z,1786464000,1.35147,1.35153,1.34961,1.35076,6163,10,0
2026-08-11T20:00:00Z,1786478400,1.35077,1.35104,1.35011,1.35089,2879,4,0
2026-08-12T00:00:00Z,1786492800,1.35089,1.35111,1.35012,1.3505099999999999,5638,10,0
2026-08-12T04:00:00Z,1786507200,1.3505,1.35113,1.35018,1.3508200000000001,5692,10,0
2026-08-12T08:00:00Z,1786521600,1.3508200000000001,1.35291,1.35064,1.3526,8324,10,0
2026-08-12T12:00:00Z,1786536000,1.35259,1.35454,1.35011,1.35093,18506,10,0
2026-08-12T16:00:00Z,1786550400,1.35091,1.3510900000000001,1.34873,1.3492199999999999,7188,10,0
2026-08-12T20:00:00Z,1786564800,1.34921,1.34975,1.34893,1.34968,2436,10,0
2026-08-13T00:00:00Z,1786579200,1.3497,1.35003,1.34862,1.34897,6110,10,0
2026-08-13T04:00:00Z,1786593600,1.34896,1.34981,1.3473899999999999,1.34822,7562,10,0
2026-08-13T08:00:00Z,1786608000,1.34822,1.35008,1.34748,1.34916,7434,10,0
2026-08-13T12:00:00Z,1786622400,1.34916,1.35129,1.34832,1.34954,13575,10,0
2026-08-13T16:00:00Z,1786636800,1.34952,1.3496000000000001,1.34792,1.3486500000000001,7348,10,0
2026-08-13T20:00:00Z,1786651200,1.34867,1.34905,1.3482,1.34896,2886,10,0
2026-08-14T00:00:00Z,1786665600,1.3489499999999999,1.34976,1.34882,1.34944,6325,10,0
2026-08-14T04:00:00Z,1786680000,1.34947,1.35131,1.34941,1.35117,7004,10,0
2026-08-14T08:00:00Z,1786694400,1.35119,1.35423,1.35117,1.35347,8477,10,0
2026-08-14T12:00:00Z,1786708800,1.35344,1.35614,1.35324,1.35533,14300,10,0
2026-08-14T16:00:00Z,1786723200,1.35534,1.35561,1.35267,1.35343,7383,10,0
2026-08-14T20:00:00Z,1786737600,1.35344,1.35364,1.35312,1.35333,1499,10,0
2026-08-16T20:00:00Z,1786910400,1.3535300000000001,1.35468,1.35243,1.35456,2078,10,0
2026-08-17T00:00:00Z,1786924800,1.35456,1.35564,1.35456,1.35515,6582,10,0
2026-08-17T04:00:00Z,1786939200,1.35518,1.3571,1.3549,1.3563100000000001,8434,10,0
2026-08-17T08:00:00Z,1786953600,1.3563100000000001,1.35705,1.35487,1.35561,9124,10,0
2026-08-17T12:00:00Z,1786968000,1.35562,1.3568500000000001,1.35496,1.35614,11158,10,0
2026-08-17T16:00:00Z,1786982400,1.35613,1.35644,1.35354,1.35427,7204,10,0
2026-08-17T20:00:00Z,1786996800,1.35425,1.35515,1.35378,1.35498,2563,9,0
2026-08-18T00:00:00Z,1787011200,1.35498,1.35538,1.35336,1.35348,6829,10,0
2026-08-18T04:00:00Z,1787025600,1.35345,1.35425,1.3519,1.3528,8244,10,0
2026-08-18T08:00:00Z,1787040000,1.35281,1.35334,1.35193,1.3526500000000001,7677,10,0
2026-08-18T12:00:00Z,1787054400,1.3526500000000001,1.35506,1.3523100000000001,1.35422,11964,10,0
2026-08-18T16:00:00Z,1787068800,1.35423,1.35466,1.35308,1.35324,6563,10,0
2026-08-18T20:00:00Z,1787083200,1.35325,1.35359,1.3528,1.35358,3085,7,0
2026-08-19T00:00:00Z,1787097600,1.35361,1.35434,1.3523,1.35367,8360,10,0
2026-08-19T04:00:00Z,1787112000,1.35367,1.35574,1.3535599999999999,1.35553,8778,10,0
2026-08-19T08:00:00Z,1787126400,1.35551,1.35656,1.35471,1.35522,9188,10,0
2026-08-19T12:00:00Z,1787140800,1.35523,1.36299,1.35518,1.3606500000000001,21072,10,0
2026-08-19T16:00:00Z,1787155200,1.36067,1.36155,1.35894,1.3607,11852,10,0
2026-08-19T20:00:00Z,1787169600,1.36073,1.36097,1.35981,1.3599700000000001,3398,9,0
2026-08-20T00:00:00Z,1787184000,1.35996,1.36145,1.35941,1.36135,9861,10,0
2026-08-20T04:00:00Z,1787198400,1.36137,1.3631,1.35994,1.3624399999999999,9776,10,0
