time_utc,time,open,high,low,close,tick_volume,spread,real_volume
2026-08-18T18:30:00Z,1787077800,0.85515,0.85519,0.85515,0.85517,19,13,0
2026-08-18T18:35:00Z,1787078100,0.85518,0.85519,0.85517,0.85519,19,13,0
2026-08-18T18:40:00Z,1787078400,0.85519,0.8552,0.85516,0.85518,15,13,0
2026-08-18T18:45:00Z,1787078700,0.85518,0.85522,0.85516,0.85522,19,13,0
2026-08-18T18:50:00Z,1787079000,0.85522,0.85526,0.85522,0.85526,18,13,0
2026-08-18T18:55:00Z,1787079300,0.85526,0.85529,0.85523,0.85524,34,13,0
2026-08-18T19:00:00Z,1787079600,0.85524,0.85526,0.85521,0.85521,21,13,0
2026-08-18T19:05:00Z,1787079900,0.85521,0.85527,0.8552,0.85526,21,13,0
2026-08-18T19:10:00Z,1787080200,0.85526,0.85526,0.85521,0.85521,36,13,0
2026-08-18T19:15:00Z,1787080500,0.85521,0.85525,0.85521,0.85523,21,13,0
2026-08-18T19:20:00Z,1787080800,0.85523,0.85524,0.85522,0.85523,20,13,0
2026-08-18T19:25:00Z,1787081100,0.85523,0.85523,0.8552,0.85522,18,13,0
2026-08-18T19:30:00Z,1787081400,0.85522,0.85527,0.85522,0.85526,25,13,0
2026-08-18T19:35:00Z,1787081700,0.85527,0.85528,0.85525,0.85528,25,13,0
2026-08-18T19:40:00Z,1787082000,0.85528,0.8553,0.85525,0.85527,21,13,0
2026-08-18T19:45:00Z,1787082300,0.85527,0.85529,0.85526,0.85528,26,13,0
2026-08-18T19:50:00Z,1787082600,0.85528,0.85528,0.85522,0.85524,27,13,0
2026-08-18T19:55:00Z,1787082900,0.85526,0.8553,0.8552,0.85526,75,13,0
2026-08-18T20:00:00Z,1787083200,0.85526,0.85529,0.85522,0.85523,45,13,0
2026-08-18T20:05:00Z,1787083500,0.85523,0.85525,0.85521,0.85525,20,13,0
2026-08-18T20:10:00Z,1787083800,0.85525,0.85528,0.85524,0.85526,16,13,0
2026-08-18T20:15:00Z,1787084100,0.85526,0.85529,0.85525,0.85527,20,13,0
2026-08-18T20:20:00Z,1787084400,0.85527,0.85535,0.85527,0.85535,24,13,0
2026-08-18T20:25:00Z,1787084700,0.85534,0.85536,0.85531,0.85532,18,13,0
2026-08-18T20:30:00Z,1787085000,0.85532,0.85533,0.85529,0.8553,21,13,0
2026-08-18T20:35:00Z,1787085300,0.8553,0.85531,0.85529,0.85529,10,13,0
2026-08-18T20:40:00Z,1787085600,0.85529,0.85532,0.85526,0.85526,17,13,0
2026-08-18T20:45:00Z,1787085900,0.85525,0.8553,0.85522,0.85528,30,13,0
2026-08-18T20:50:00Z,1787086200,0.85528,0.85532,0.85526,0.85532,21,13,0
2026-08-18T20:55:00Z,1787086500,0.85532,0.85538,0.85528,0.85536,63,13,0
2026-08-18T21:00:00Z,1787086800,0.85536,0.85536,0.85535,0.85536,3,13,0
2026-08-18T21:05:00Z,1787087100,0.85535,0.85538,0.8553,0.85534,33,13,0
2026-08-18T21:10:00Z,1787087400,0.85535,0.85537,0.8553,0.85534,39,13,0
2026-08-18T21:15:00Z,1787087700,0.85533,0.85534,0.85527,0.85533,31,22,0
2026-08-18T21:20:00Z,1787088000,0.85532,0.85533,0.85526,0.8553,50,20,0
2026-08-18T21:25:00Z,1787088300,0.85529,0.85537,0.85527,0.85534,49,13,0
2026-08-18T21:30:00Z,1787088600,0.85535,0.85536,0.85529,0.85535,54,13,0
2026-08-18T21:35:00Z,1787088900,0.85535,0.85535,0.85529,0.85534,34,13,0
2026-08-18T21:40:00Z,1787089200,0.85534,0.85535,0.85525,0.85529,41,13,0
2026-08-18T21:45:00Z,1787089500,0.85528,0.85533,0.85524,0.85532,82,17,0
2026-08-18T21:50:00Z,1787089800,0.85531,0.85533,0.85522,0.85524,84,18,0
2026-08-18T21:55:00Z,1787090100,0.85523,0.85534,0.85522,0.8553,67,14,0
2026-08-18T22:00:00Z,1787090400,0.85527,0.85531,0.8551,0.85528,55,20,0
2026-08-18T22:05:00Z,1787090700,0.85528,0.8553,0.85524,0.85529,32,25,0
2026-08-18T22:10:00Z,1787091000,0.85529,0.85529,0.85521,0.85525,18,25,0
2026-08-18T22:15:00Z,1787091300,0.85525,0.85529,0.85525,0.85529,16,25,0
2026-08-18T22:20:00Z,1787091600,0.85529,0.85531,0.85529,0.85529,9,25,0
2026-08-18T22:25:00Z,1787091900,0.85529,0.8553,0.85528,0.85528,16,25,0
2026-08-18T22:30:00Z,1787092200,0.85528,0.8553,0.85528,0.8553,17,25,0
2026-08-18T22:35:00Z,1787092500,0.8553,0.8553,0.85528,0.85529,14,25,0
2026-08-18T22:40:00Z,1787092800,0.85529,0.85529,0.85528,0.85528,10,25,0
2026-08-18T22:45:00Z,1787093100,0.85528,0.85529,0.85528,0.85529,6,25,0
2026-08-18T22:50:00Z,1787093400,0.85529,0.85529,0.85524,0.85526,15,25,0
2026-08-18T22:55:00Z,1787093700,0.85526,0.85526,0.85524,0.85525,10,25,0
2026-08-18T23:00:00Z,1787094000,0.85531,0.85533,0.85529,0.85531,20,13,0
2026-08-18T23:05:00Z,1787094300,0.85531,0.85532,0.85528,0.85528,18,13,0
2026-08-18T23:10:00Z,1787094600,0.85529,0.85529,0.85526,0.85526,20,13,0
2026-08-18T23:15:00Z,1787094900,0.85526,0.85527,0.85526,0.85526,7,13,0
2026-08-18T23:20:00Z,1787095200,0.85526,0.85526,0.85525,0.85525,14,13,0
2026-08-18T23:25:00Z,1787095500,0.85525,0.85528,0.85525,0.85526,15,13,0
2026-08-18T23:30:00Z,1787095800,0.85526,0.85526,0.85521,0.85522,18,13,0
2026-08-18T23:35:00Z,1787096100,0.85522,0.85524,0.8552,0.85521,13,13,0
2026-08-18T23:40:00Z,1787096400,0.85521,0.85523,0.8552,0.85522,22,13,0
2026-08-18T23:45:00Z,1787096700,0.85522,0.85522,0.85519,0.8552,21,13,0
2026-08-18T23:50:00Z,1787097000,0.8552,0.8552,0.85515,0.85516,20,13,0
2026-08-18T23:55:00Z,1787097300,0.85516,0.85516,0.85514,0.85514,29,13,0
2026-08-19T00:00:00Z,1787097600,0.85514,0.85516,0.85506,0.85513,58,13,0
2026-08-19T00:05:00Z,1787097900,0.85513,0.85524,0.85513,0.85521,50,13,0
2026-08-19T00:10:00Z,1787098200,0.85521,0.85525,0.85517,0.85521,43,13,0
2026-08-19T00:15:00Z,1787098500,0.85521,0.85528,0.85521,0.85527,30,13,0
2026-08-19T00:20:00Z,1787098800,0.85527,0.85533,0.85526,0.85531,36,13,0
2026-08-19T00:25:00Z,1787099100,0.85531,0.85531,0.85524,0.85524,28,13,0
2026-08-19T00:30:00Z,1787099400,0.85524,0.85527,0.85521,0.85523,40,13,0
2026-08-19T00:35:00Z,1787099700,0.85523,0.85523,0.85521,0.85523,19,13,0
2026-08-19T00:40:00Z,1787100000,0.85523,0.85523,0.85519,0.8552,36,13,0
2026-08-19T00:45:00Z,1787100300,0.8552,0.85524,0.8552,0.85523,42,13,0
2026-08-19T00:50:00Z,1787100600,0.85523,0.85549,0.85523,0.85545,61,13,0
2026-08-19T00:55:00Z,1787100900,0.85543,0.85548,0.85539,0.85544,60,13,0
2026-08-19T01:00:00Z,1787101200,0.85544,0.85544,0.85536,0.8554,69,13,0
2026-08-19T01:05:00Z,1787101500,0.8554,0.85543,0.85535,0.85542,55,13,0
2026-08-19T01:10:00Z,1787101800,0.85542,0.85548,0.85542,0.85548,30,13,0
2026-08-19T01:15:00Z,1787102100,0.85548,0.85555,0.85548,0.85552,50,13,0
2026-08-19T01:20:00Z,1787102400,0.85552,0.85556,0.85552,0.85554,32,13,0
2026-08-19T01:25:00Z,1787102700,0.85555,0.85555,0.85548,0.85549,45,13,0
2026-08-19T01:30:00Z,1787103000,0.85549,0.85559,0.85549,0.85559,45,13,0
2026-08-19T01:35:00Z,1787103300,0.85559,0.85569,0.85558,0.85568,35,13,0
2026-08-19T01:40:00Z,1787103600,0.85568,0.8557,0.85564,0.85566,39,13,0
2026-08-19T01:45:00Z,1787103900,0.85566,0.85566,0.85562,0.85565,41,13,0
2026-08-19T01:50:00Z,1787104200,0.85565,0.85566,0.85562,0.85564,39,13,0
2026-08-19T01:55:00Z,1787104500,0.85563,0.85563,0.85554,0.85557,49,13,0
2026-08-19T02:00:00Z,1787104800,0.85557,0.85559,0.85554,0.85554,36,13,0
2026-08-19T02:05:00Z,1787105100,0.85554,0.85555,0.8555,0.85555,25,13,0
2026-08-19T02:10:00Z,1787105400,0.85555,0.85555,0.85549,0.85549,47,13,0
2026-08-19T02:15:00Z,1787105700,0.85549,0.85557,0.85546,0.85557,81,13,0
2026-08-19T02:20:00Z,1787106000,0.85557,0.85557,0.85548,0.85554,51,13,0
2026-08-19T02:25:00Z,1787106300,0.85554,0.85561,0.85554,0.85557,35,13,0
2026-08-19T02:30:00Z,1787106600,0.85557,0.85558,0.85552,0.85554,35,13,0
2026-08-19T02:35:00Z,1787106900,0.85554,0.85555,0.85548,0.85548,54,13,0
2026-08-19T02:40:00Z,1787107200,0.85548,0.8555,0.85543,0.85546,27,13,0
2026-08-19T02:45:00Z,1787107500,0.85547,0.85554,0.85547,0.8555,47,13,0
2026-08-19T02:50:00Z,1787107800,0.8555,0.8555,0.8554,0.85542,40,13,0
2026-08-19T02:55:00Z,1787108100,0.85542,0.85542,0.85535,0.85537,45,13,0
2026-08-19T03:00:00Z,1787108400,0.85538,0.85547,0.85538,0.85545,48,13,0
2026-08-19T03:05:00Z,1787108700,0.85545,0.8555,0.85545,0.8555,47,13,0
2026-08-19T03:10:00Z,1787109000,0.8555,0.85556,0.85548,0.85556,41,13,0
2026-08-19T03:15:00Z,1787109300,0.85556,0.85556,0.85543,0.85543,36,13,0
2026-08-19T03:20:00Z,1787109600,0.85544,0.85544,0.85541,0.85543,37,13,0
2026-08-19T03:25:00Z,1787109900,0.85543,0.85545,0.85542,0.85544,38,13,0
2026-08-19T03:30:00Z,1787110200,0.85544,0.85545,0.85542,0.85543,37,13,0
2026-08-19T03:35:00Z,1787110500,0.85543,0.85546,0.85541,0.85543,36,13,0
2026-08-19T03:40:00Z,1787110800,0.85543,0.85549,0.85542,0.85546,27,13,0
2026-08-19T03:45:00Z,1787111100,0.85546,0.85548,0.85546,0.85547,34,13,0
2026-08-19T03:50:00Z,1787111400,0.85547,0.85548,0.85542,0.85543,31,13,0
2026-08-19T03:55:00Z,1787111700,0.85543,0.85546,0.85542,0.85545,32,13,0
2026-08-19T04:00:00Z,1787112000,0.85545,0.85548,0.85545,0.85548,44,13,0
2026-08-19T04:05:00Z,1787112300,0.85546,0.85547,0.85545,0.85546,19,13,0
2026-08-19T04:10:00Z,1787112600,0.85546,0.8555,0.85545,0.85546,34,13,0
2026-08-19T04:15:00Z,1787112900,0.85546,0.85551,0.85545,0.8555,39,13,0
2026-08-19T04:20:00Z,1787113200,0.8555,0.85551,0.85549,0.8555,21,13,0
2026-08-19T04:25:00Z,1787113500,0.8555,0.85552,0.85548,0.85551,36,13,0
2026-08-19T04:30:00Z,1787113800,0.85551,0.85556,0.8555,0.85556,33,13,0
2026-08-19T04:35:00Z,1787114100,0.85556,0.85559,0.85556,0.85557,19,13,0
2026-08-19T04:40:00Z,1787114400,0.85557,0.85559,0.85552,0.85552,34,13,0
2026-08-19T04:45:00Z,1787114700,0.85552,0.85553,0.8555,0.85551,17,13,0
2026-08-19T04:50:00Z,1787115000,0.85551,0.85552,0.8555,0.8555,12,13,0
2026-08-19T04:55:00Z,1787115300,0.8555,0.85554,0.85548,0.85551,40,13,0
2026-08-19T05:00:00Z,1787115600,0.85551,0.85553,0.85549,0.85551,30,13,0
2026-08-19T05:05:00Z,1787115900,0.85551,0.85555,0.8555,0.85555,16,13,0
2026-08-19T05:10:00Z,1787116200,0.85555,0.85555,0.85552,0.85553,40,13,0
2026-08-19T05:15:00Z,1787116500,0.85554,0.85556,0.85553,0.85555,20,13,0
2026-08-19T05:20:00Z,1787116800,0.85555,0.85561,0.85554,0.85556,29,13,0
2026-08-19T05:25:00Z,1787117100,0.85556,0.85556,0.85554,0.85554,27,13,0
2026-08-19T05:30:00Z,1787117400,0.85554,0.85555,0.85548,0.85552,38,13,0
2026-08-19T05:35:00Z,1787117700,0.85553,0.85556,0.85551,0.85553,39,13,0
2026-08-19T05:40:00Z,1787118000,0.85553,0.85553,0.8555,0.8555,31,13,0
2026-08-19T05:45:00Z,1787118300,0.8555,0.85555,0.85549,0.85551,42,13,0
2026-08-19T05:50:00Z,1787118600,0.85551,0.85556,0.85547,0.85556,36,13,0
2026-08-19T05:55:00Z,1787118900,0.85556,0.8556,0.85556,0.85556,41,13,0
2026-08-19T06:00:00Z,1787119200,0.85557,0.85574,0.85543,0.85547,96,13,0
2026-08-19T06:05:00Z,1787119500,0.85545,0.85562,0.85542,0.85561,80,13,0
2026-08-19T06:10:00Z,1787119800,0.85561,0.85571,0.85559,0.85566,58,13,0
2026-08-19T06:15:00Z,1787120100,0.85566,0.85568,0.85553,0.85554,70,13,0
2026-08-19T06:20:00Z,1787120400,0.85554,0.85554,0.85538,0.85544,86,13,0
2026-08-19T06:25:00Z,1787120700,0.85543,0.85566,0.85541,0.85561,104,13,0
2026-08-19T06:30:00Z,1787121000,0.85561,0.8557,0.85555,0.85563,98,13,0
2026-08-19T06:35:00Z,1787121300,0.85563,0.85566,0.8556,0.85561,64,13,0
2026-08-19T06:40:00Z,1787121600,0.85561,0.85572,0.8556,0.8556,66,13,0
2026-08-19T06:45:00Z,1787121900,0.85562,0.85572,0.85558,0.85569,52,13,0
2026-08-19T06:50:00Z,1787122200,0.85569,0.85569,0.8556,0.85564,72,13,0
2026-08-19T06:55:00Z,1787122500,0.85565,0.8557,0.85554,0.85557,64,13,0
2026-08-19T07:00:00Z,1787122800,0.85557,0.85562,0.85539,0.8555,104,13,0
2026-08-19T07:05:00Z,1787123100,0.8555,0.85555,0.85538,0.8554,75,13,0
2026-08-19T07:10:00Z,1787123400,0.8554,0.85564,0.85539,0.85564,77,13,0
2026-08-19T07:15:00Z,1787123700,0.85565,0.85578,0.85564,0.85577,78,13,0
2026-08-19T07:20:00Z,1787124000,0.85577,0.85577,0.85552,0.85558,70,13,0
2026-08-19T07:25:00Z,1787124300,0.85557,0.85565,0.85555,0.85565,50,13,0
2026-08-19T07:30:00Z,1787124600,0.85564,0.85571,0.8556,0.8556,65,13,0
2026-08-19T07:35:00Z,1787124900,0.85561,0.85569,0.85552,0.85559,74,13,0
2026-08-19T07:40:00Z,1787125200,0.85559,0.85559,0.85545,0.85549,71,13,0
2026-08-19T07:45:00Z,1787125500,0.85549,0.8555,0.85545,0.85547,45,13,0
2026-08-19T07:50:00Z,1787125800,0.85549,0.8555,0.85545,0.85547,60,13,0
2026-08-19T07:55:00Z,1787126100,0.85547,0.8555,0.8554,0.85541,58,13,0
2026-08-19T08:00:00Z,1787126400,0.85542,0.8555,0.8554,0.8554,66,13,0
2026-08-19T08:05:00Z,1787126700,0.8554,0.85551,0.85536,0.8555,86,13,0
2026-08-19T08:10:00Z,1787127000,0.8555,0.8556,0.85541,0.85549,88,13,0
2026-08-19T08:15:00Z,1787127300,0.85549,0.85551,0.85539,0.85548,73,13,0
2026-08-19T08:20:00Z,1787127600,0.85549,0.8555,0.8554,0.85549,60,13,0
2026-08-19T08:25:00Z,1787127900,0.85549,0.85552,0.85541,0.85551,58,13,0
2026-08-19T08:30:00Z,1787128200,0.85552,0.85564,0.8555,0.85557,66,13,0
2026-08-19T08:35:00Z,1787128500,0.85556,0.8556,0.8555,0.85551,55,13,0
2026-08-19T08:40:00Z,1787128800,0.85551,0.85559,0.8555,0.85551,67,13,0
2026-08-19T08:45:00Z,1787129100,0.85551,0.85555,0.85542,0.85542,82,13,0
2026-08-19T08:50:00Z,1787129400,0.85542,0.85551,0.85539,0.85541,78,13,0
2026-08-19T08:55:00Z,1787129700,0.8554,0.85569,0.8554,0.85567,94,13,0
2026-08-19T09:00:00Z,1787130000,0.85567,0.8558,0.85564,0.85565,84,13,0
2026-08-19T09:05:00Z,1787130300,0.85565,0.85576,0.85563,0.85574,56,13,0
2026-08-19T09:10:00Z,1787130600,0.85575,0.85585,0.8557,0.85576,76,13,0
2026-08-19T09:15:00Z,1787130900,0.85576,0.85584,0.85576,0.85584,60,13,0
2026-08-19T09:20:00Z,1787131200,0.85583,0.85593,0.8558,0.85593,62,13,0
2026-08-19T09:25:00Z,1787131500,0.85593,0.85609,0.8559,0.856,60,13,0
2026-08-19T09:30:00Z,1787131800,0.856,0.8561,0.85599,0.85606,71,13,0
2026-08-19T09:35:00Z,1787132100,0.85606,0.85618,0.85606,0.85618,47,13,0
2026-08-19T09:40:00Z,1787132400,0.85618,0.8562,0.85611,0.85612,57,13,0
2026-08-19T09:45:00Z,1787132700,0.85613,0.85615,0.856,0.856,53,13,0
2026-08-19T09:50:00Z,1787133000,0.856,0.85611,0.856,0.85609,52,13,0
2026-08-19T09:55:00Z,1787133300,0.85609,0.8561,0.85596,0.85598,61,13,0
2026-08-19T10:00:00Z,1787133600,0.85598,0.85606,0.85598,0.85605,52,13,0
2026-08-19T10:05:00Z,1787133900,0.85605,0.85614,0.85605,0.85611,50,13,0
2026-08-19T10:10:00Z,1787134200,0.85612,0.85612,0.85601,0.85601,75,13,0
2026-08-19T10:15:00Z,1787134500,0.85601,0.85605,0.85596,0.85604,56,13,0
2026-08-19T10:20:00Z,1787134800,0.85604,0.8561,0.85601,0.85606,66,13,0
2026-08-19T10:25:00Z,1787135100,0.85606,0.85608,0.856,0.85601,45,13,0
2026-08-19T10:30:00Z,1787135400,0.85601,0.85604,0.85595,0.856,46,13,0
2026-08-19T10:35:00Z,1787135700,0.856,0.856,0.85595,0.85598,52,13,0
2026-08-19T10:40:00Z,1787136000,0.85598,0.85603,0.85595,0.85603,40,13,0
2026-08-19T10:45:00Z,1787136300,0.85601,0.85602,0.85595,0.85596,37,13,0
2026-08-19T10:50:00Z,1787136600,0.85596,0.85603,0.85595,0.85602,52,13,0
2026-08-19T10:55:00Z,1787136900,0.85602,0.85617,0.856,0.85612,77,13,0
2026-08-19T11:00:00Z,1787137200,0.85611,0.85612,0.85598,0.85603,72,13,0
2026-08-19T11:05:00Z,1787137500,0.85603,0.8561,0.85601,0.85608,71,13,0
2026-08-19T11:10:00Z,1787137800,0.85607,0.85615,0.85605,0.8561,74,13,0
2026-08-19T11:15:00Z,1787138100,0.8561,0.85615,0.85606,0.85608,64,13,0
2026-08-19T11:20:00Z,1787138400,0.85608,0.85614,0.85603,0.85614,58,13,0
2026-08-19T11:25:00Z,1787138700,0.85614,0.85614,0.85606,0.85612,65,13,0
2026-08-19T11:30:00Z,1787139000,0.85611,0.85615,0.85607,0.85615,72,13,0
2026-08-19T11:35:00Z,1787139300,0.85615,0.85618,0.85612,0.85617,59,13,0
2026-08-19T11:40:00Z,1787139600,0.85617,0.85617,0.8561,0.85611,62,13,0
2026-08-19T11:45:00Z,1787139900,0.85611,0.85614,0.85606,0.85609,76,13,0
2026-08-19T11:50:00Z,1787140200,0.85609,0.85612,0.85607,0.85611,66,13,0
2026-08-19T11:55:00Z,1787140500,0.85611,0.85611,0.85605,0.85605,50,13,0
2026-08-19T12:00:00Z,1787140800,0.85605,0.85607,0.856,0.85601,70,13,0
2026-08-19T12:05:00Z,1787141100,0.85601,0.85604,0.85597,0.85601,69,13,0
2026-08-19T12:10:00Z,1787141400,0.85601,0.85601,0.8559,0.85595,48,13,0
2026-08-19T12:15:00Z,1787141700,0.85595,0.85596,0.85592,0.85592,61,13,0
2026-08-19T12:20:00Z,1787142000,0.85592,0.85595,0.85583,0.85589,72,13,0
2026-08-19T12:25:00Z,1787142300,0.85589,0.85591,0.85582,0.85584,49,13,0
2026-08-19T12:30:00Z,1787142600,0.85584,0.85585,0.85557,0.85572,128,13,0
2026-08-19T12:35:00Z,1787142900,0.85572,0.85609,0.85572,0.85609,201,13,0
2026-08-19T12:40:00Z,1787143200,0.85609,0.8561,0.85567,0.85571,166,13,0
2026-08-19T12:45:00Z,1787143500,0.85569,0.85577,0.85546,0.85572,174,13,0
2026-08-19T12:50:00Z,1787143800,0.85572,0.85582,0.85559,0.85581,138,13,0
2026-08-19T12:55:00Z,1787144100,0.85581,0.85593,0.85572,0.85581,152,13,0
2026-08-19T13:00:00Z,1787144400,0.85582,0.85597,0.85576,0.85597,122,13,0
2026-08-19T13:05:00Z,1787144700,0.85597,0.85597,0.85577,0.85581,159,13,0
2026-08-19T13:10:00Z,1787145000,0.85579,0.85583,0.85549,0.85551,136,13,0
2026-08-19T13:15:00Z,1787145300,0.85553,0.85554,0.8552,0.85521,139,13,0
2026-08-19T13:20:00Z,1787145600,0.85521,0.85542,0.85508,0.85542,144,13,0
2026-08-19T13:25:00Z,1787145900,0.85542,0.85544,0.85525,0.85537,130,13,0
2026-08-19T13:30:00Z,1787146200,0.85538,0.85576,0.85536,0.85553,192,13,0
2026-08-19T13:35:00Z,1787146500,0.85552,0.85567,0.85552,0.85559,154,13,0
2026-08-19T13:40:00Z,1787146800,0.85558,0.85577,0.8555,0.85576,144,13,0
2026-08-19T13:45:00Z,1787147100,0.85576,0.85591,0.85573,0.85579,120,13,0
2026-08-19T13:50:00Z,1787147400,0.8558,0.85605,0.85577,0.85588,156,13,0
2026-08-19T13:55:00Z,1787147700,0.85586,0.85595,0.85569,0.85594,166,13,0
2026-08-19T14:00:00Z,1787148000,0.85592,0.85607,0.8559,0.85604,144,13,0
2026-08-19T14:05:00Z,1787148300,0.85604,0.85612,0.85599,0.85606,132,13,0
2026-08-19T14:10:00Z,1787148600,0.85606,0.85637,0.85597,0.85635,142,13,0
2026-08-19T14:15:00Z,1787148900,0.85635,0.85648,0.85628,0.85646,120,13,0
2026-08-19T14:20:00Z,1787149200,0.85646,0.85665,0.85637,0.85654,156,13,0
2026-08-19T14:25:00Z,1787149500,0.85654,0.85669,0.85652,0.85666,123,13,0
2026-08-19T14:30:00Z,1787149800,0.85665,0.85689,0.85664,0.85671,131,13,0
2026-08-19T14:35:00Z,1787150100,0.85671,0.85682,0.85658,0.85681,143,13,0
2026-08-19T14:40:00Z,1787150400,0.85681,0.85694,0.85679,0.85691,134,13,0
2026-08-19T14:45:00Z,1787150700,0.85691,0.85698,0.85684,0.85684,106,13,0
2026-08-19T14:50:00Z,1787151000,0.85684,0.85719,0.85682,0.85685,179,13,0
2026-08-19T14:55:00Z,1787151300,0.85687,0.85713,0.85687,0.857,166,13,0
2026-08-19T15:00:00Z,1787151600,0.857,0.85709,0.85693,0.85708,141,13,0
2026-08-19T15:05:00Z,1787151900,0.85707,0.85707,0.85686,0.85689,91,13,0
2026-08-19T15:10:00Z,1787152200,0.85688,0.85689,0.8567,0.85675,94,13,0
2026-08-19T15:15:00Z,1787152500,0.85675,0.85689,0.8567,0.85684,89,13,0
2026-08-19T15:20:00Z,1787152800,0.85683,0.85706,0.85682,0.85684,116,13,0
2026-08-19T15:25:00Z,1787153100,0.85684,0.85705,0.85682,0.85684,116,13,0
2026-08-19T15:30:00Z,1787153400,0.85685,0.85702,0.85674,0.857,104,13,0
2026-08-19T15:35:00Z,1787153700,0.857,0.8572,0.85699,0.85713,106,13,0
2026-08-19T15:40:00Z,1787154000,0.85715,0.85723,0.85711,0.85721,78,13,0
2026-08-19T15:45:00Z,1787154300,0.85721,0.85732,0.85709,0.8571,99,13,0
2026-08-19T15:50:00Z,1787154600,0.85709,0.8572,0.85707,0.85719,81,13,0
2026-08-19T15:55:00Z,1787154900,0.85719,0.85732,0.85716,0.85716,83,13,0
2026-08-19T16:00:00Z,1787155200,0.85717,0.85731,0.85717,0.85725,97,13,0
2026-08-19T16:05:00Z,1787155500,0.85725,0.85741,0.85725,0.8574,89,13,0
2026-08-19T16:10:00Z,1787155800,0.85741,0.85743,0.85735,0.85741,62,13,0
2026-08-19T16:15:00Z,1787156100,0.85741,0.85743,0.8573,0.85733,84,13,0
2026-08-19T16:20:00Z,1787156400,0.85733,0.85735,0.85727,0.85728,79,13,0
2026-08-19T16:25:00Z,1787156700,0.85728,0.85737,0.85726,0.85735,90,13,0
2026-08-19T16:30:00Z,1787157000,0.85734,0.85741,0.85733,0.85741,72,13,0
2026-08-19T16:35:00Z,1787157300,0.8574,0.8574,0.85731,0.85732,78,13,0
2026-08-19T16:40:00Z,1787157600,0.85733,0.85741,0.85732,0.85736,64,13,0
2026-08-19T16:45:00Z,1787157900,0.85736,0.85738,0.85732,0.85737,72,13,0
2026-08-19T16:50:00Z,1787158200,0.85737,0.85739,0.8572,0.85721,61,13,0
2026-08-19T16:55:00Z,1787158500,0.8572,0.85735,0.85718,0.85728,85,13,0
2026-08-19T17:00:00Z,1787158800,0.85729,0.85731,0.85718,0.85728,100,13,0
2026-08-19T17:05:00Z,1787159100,0.85728,0.85737,0.85727,0.85735,77,13,0
2026-08-19T17:10:00Z,1787159400,0.85735,0.85748,0.85733,0.85747,64,13,0
2026-08-19T17:15:00Z,1787159700,0.85747,0.85756,0.85747,0.85753,66,13,0
2026-08-19T17:20:00Z,1787160000,0.85752,0.85761,0.85752,0.8576,59,13,0
2026-08-19T17:25:00Z,1787160300,0.8576,0.85772,0.8576,0.8577,39,13,0
2026-08-19T17:30:00Z,1787160600,0.8577,0.85778,0.85769,0.85777,36,13,0
2026-08-19T17:35:00Z,1787160900,0.85776,0.85779,0.8577,0.85771,51,13,0
2026-08-19T17:40:00Z,1787161200,0.85771,0.85776,0.85764,0.85771,65,13,0
2026-08-19T17:45:00Z,1787161500,0.85771,0.85771,0.85759,0.85761,61,13,0
2026-08-19T17:50:00Z,1787161800,0.85761,0.8577,0.85761,0.85769,49,13,0
2026-08-19T17:55:00Z,1787162100,0.85771,0.85786,0.8577,0.85775,73,13,0
2026-08-19T18:00:00Z,1787162400,0.85773,0.85797,0.85773,0.85797,100,13,0
2026-08-19T18:05:00Z,1787162700,0.85796,0.85797,0.8579,0.85793,87,13,0
2026-08-19T18:10:00Z,1787163000,0.85793,0.85796,0.85787,0.85796,59,13,0
2026-08-19T18:15:00Z,1787163300,0.85797,0.85797,0.85784,0.85787,69,13,0
2026-08-19T18:20:00Z,1787163600,0.85787,0.85794,0.85781,0.85792,78,13,0
2026-08-19T18:25:00Z,1787163900,0.85791,0.85797,0.85788,0.85793,64,13,0
2026-08-19T18:30:00Z,1787164200,0.85793,0.858,0.8579,0.85796,41,13,0
2026-08-19T18:35:00Z,1787164500,0.85796,0.85797,0.85784,0.85788,62,13,0
2026-08-19T18:40:00Z,1787164800,0.85788,0.85792,0.85781,0.85782,76,13,0
2026-08-19T18:45:00Z,1787165100,0.85782,0.85784,0.8577,0.85774,64,13,0
2026-08-19T18:50:00Z,1787165400,0.85774,0.85775,0.85765,0.85775,52,13,0
2026-08-19T18:55:00Z,1787165700,0.85775,0.85788,0.85775,0.85782,78,13,0
2026-08-19T19:00:00Z,1787166000,0.85783,0.85786,0.85779,0.85781,74,13,0
2026-08-19T19:05:00Z,1787166300,0.85781,0.85793,0.8578,0.85783,59,13,0
2026-08-19T19:10:00Z,1787166600,0.85783,0.85791,0.85781,0.85787,40,13,0
2026-08-19T19:15:00Z,1787166900,0.85787,0.85792,0.85785,0.85789,53,13,0
2026-08-19T19:20:00Z,1787167200,0.8579,0.85792,0.85788,0.85791,44,13,0
2026-08-19T19:25:00Z,1787167500,0.85791,0.85792,0.85785,0.8579,32,13,0
2026-08-19T19:30:00Z,1787167800,0.8579,0.85798,0.8579,0.85794,40,13,0
2026-08-19T19:35:00Z,1787168100,0.85794,0.85801,0.85791,0.85799,55,13,0
2026-08-19T19:40:00Z,1787168400,0.858,0.85801,0.85784,0.85785,56,13,0
2026-08-19T19:45:00Z,1787168700,0.85786,0.85791,0.8578,0.8579,50,13,0
2026-08-19T19:50:00Z,1787169000,0.85791,0.85795,0.85785,0.85787,36,13,0
2026-08-19T19:55:00Z,1787169300,0.85789,0.85807,0.85788,0.85807,80,13,0
2026-08-19T20:00:00Z,1787169600,0.85807,0.85815,0.85796,0.85799,53,13,0
2026-08-19T20:05:00Z,1787169900,0.85799,0.85812,0.85796,0.85811,51,13,0
2026-08-19T20:10:00Z,1787170200,0.85811,0.8582,0.85809,0.85818,34,13,0
2026-08-19T20:15:00Z,1787170500,0.85819,0.85825,0.85819,0.85822,34,13,0
2026-08-19T20:20:00Z,1787170800,0.85822,0.85832,0.85822,0.85832,26,13,0
2026-08-19T20:25:00Z,1787171100,0.85834,0.85837,0.85821,0.85825,34,13,0
2026-08-19T20:30:00Z,1787171400,0.85825,0.85835,0.85825,0.85835,53,13,0
2026-08-19T20:35:00Z,1787171700,0.85835,0.85836,0.85826,0.85828,35,13,0
2026-08-19T20:40:00Z,1787172000,0.85828,0.8583,0.85819,0.85824,31,13,0
2026-08-19T20:45:00Z,1787172300,0.85824,0.85826,0.85822,0.85825,25,13,0
2026-08-19T20:50:00Z,1787172600,0.85825,0.85828,0.85818,0.85818,30,13,0
2026-08-19T20:55:00Z,1787172900,0.85818,0.85821,0.85815,0.85819,48,13,0
2026-08-19T21:00:00Z,1787173200,0.85818,0.85818,0.85817,0.85817,2,20,0
2026-08-19T21:05:00Z,1787173500,0.85818,0.85821,0.85813,0.85813,16,14,0
2026-08-19T21:10:00Z,1787173800,0.85811,0.85812,0.85805,0.85805,14,25,0
2026-08-19T21:15:00Z,1787174100,0.85804,0.85805,0.85788,0.85794,88,29,0
2026-08-19T21:20:00Z,1787174400,0.85793,0.858,0.85774,0.85788,111,36,0
2026-08-19T21:25:00Z,1787174700,0.85789,0.85795,0.85785,0.85786,50,39,0
2026-08-19T21:30:00Z,1787175000,0.85787,0.85797,0.85782,0.85796,47,36,0
2026-08-19T21:35:00Z,1787175300,0.85797,0.858,0.85792,0.85794,56,32,0
2026-08-19T21:40:00Z,1787175600,0.85793,0.85795,0.85783,0.85785,110,39,0
2026-08-19T21:45:00Z,1787175900,0.85784,0.85796,0.85782,0.85794,46,39,0
2026-08-19T21:50:00Z,1787176200,0.85796,0.85796,0.85787,0.85792,50,43,0
2026-08-19T21:55:00Z,1787176500,0.85792,0.85798,0.8579,0.85796,45,39,0
2026-08-19T22:00:00Z,1787176800,0.85797,0.85817,0.85797,0.85812,32,25,0
2026-08-19T22:05:00Z,1787177100,0.85806,0.85812,0.85806,0.85812,11,25,0
2026-08-19T22:10:00Z,1787177400,0.85812,0.85818,0.85809,0.85812,27,25,0
2026-08-19T22:15:00Z,1787177700,0.85812,0.85812,0.85807,0.85808,13,25,0
2026-08-19T22:20:00Z,1787178000,0.85808,0.85808,0.85806,0.85807,8,25,0
2026-08-19T22:25:00Z,1787178300,0.85807,0.85808,0.85805,0.85805,15,25,0
2026-08-19T22:30:00Z,1787178600,0.85805,0.85806,0.85801,0.85804,21,25,0
2026-08-19T22:35:00Z,1787178900,0.85804,0.85809,0.85804,0.85808,17,25,0
2026-08-19T22:40:00Z,1787179200,0.85808,0.85809,0.85803,0.85808,11,25,0
2026-08-19T22:45:00Z,1787179500,0.85808,0.85809,0.85802,0.85802,28,25,0
2026-08-19T22:50:00Z,1787179800,0.85803,0.85813,0.85802,0.8581,28,25,0
2026-08-19T22:55:00Z,1787180100,0.85809,0.85813,0.85808,0.85813,38,25,0
2026-08-19T23:00:00Z,1787180400,0.85819,0.85821,0.85816,0.85818,34,13,0
2026-08-19T23:05:00Z,1787180700,0.85818,0.85822,0.85814,0.85819,29,13,0
2026-08-19T23:10:00Z,1787181000,0.85819,0.85821,0.85819,0.85819,22,13,0
2026-08-19T23:15:00Z,1787181300,0.85819,0.8582,0.85816,0.85817,23,13,0
2026-08-19T23:20:00Z,1787181600,0.85817,0.85823,0.85815,0.85822,34,13,0
2026-08-19T23:25:00Z,1787181900,0.85822,0.85823,0.85818,0.85823,15,13,0
2026-08-19T23:30:00Z,1787182200,0.85823,0.85829,0.85823,0.85828,17,13,0
2026-08-19T23:35:00Z,1787182500,0.85827,0.85828,0.85826,0.85827,16,13,0
2026-08-19T23:40:00Z,1787182800,0.85827,0.85827,0.85825,0.85826,14,13,0
2026-08-19T23:45:00Z,1787183100,0.85826,0.85829,0.85823,0.85823,19,13,0
2026-08-19T23:50:00Z,1787183400,0.85824,0.85828,0.85823,0.85827,20,13,0
2026-08-19T23:55:00Z,1787183700,0.85827,0.85834,0.85827,0.85833,19,13,0
2026-08-20T00:00:00Z,1787184000,0.85832,0.85833,0.85824,0.85828,85,13,0
2026-08-20T00:05:00Z,1787184300,0.85827,0.85841,0.85827,0.85835,62,13,0
2026-08-20T00:10:00Z,1787184600,0.85836,0.85839,0.85836,0.85836,43,13,0
2026-08-20T00:15:00Z,1787184900,0.85836,0.85838,0.85832,0.85836,55,13,0
2026-08-20T00:20:00Z,1787185200,0.85836,0.85836,0.8583,0.8583,61,13,0
2026-08-20T00:25:00Z,1787185500,0.8583,0.85834,0.85829,0.85834,40,13,0
2026-08-20T00:30:00Z,1787185800,0.85834,0.85834,0.85825,0.8583,51,13,0
2026-08-20T00:35:00Z,1787186100,0.8583,0.85831,0.85826,0.85828,64,13,0
2026-08-20T00:40:00Z,1787186400,0.85828,0.85835,0.85828,0.85833,33,13,0
2026-08-20T00:45:00Z,1787186700,0.85833,0.85835,0.85829,0.85831,38,13,0
2026-08-20T00:50:00Z,1787187000,0.85831,0.85839,0.85831,0.85836,54,13,0
2026-08-20T00:55:00Z,1787187300,0.85838,0.85841,0.85836,0.85838,62,13,0
2026-08-20T01:00:00Z,1787187600,0.85838,0.85841,0.85833,0.85833,63,13,0
2026-08-20T01:05:00Z,1787187900,0.85833,0.85838,0.85832,0.85833,61,13,0
2026-08-20T01:10:00Z,1787188200,0.85833,0.85839,0.85832,0.85833,64,13,0
2026-08-20T01:15:00Z,1787188500,0.85833,0.8584,0.85828,0.8583,72,13,0
2026-08-20T01:20:00Z,1787188800,0.85831,0.85836,0.8583,0.85834,67,13,0
2026-08-20T01:25:00Z,1787189100,0.85834,0.85836,0.85831,0.85834,50,13,0
2026-08-20T01:30:00Z,1787189400,0.85834,0.85844,0.85833,0.85841,66,13,0
2026-08-20T01:35:00Z,1787189700,0.85841,0.85843,0.85838,0.8584,79,13,0
2026-08-20T01:40:00Z,1787190000,0.8584,0.8584,0.85828,0.85828,56,13,0
2026-08-20T01:45:00Z,1787190300,0.85828,0.85829,0.85815,0.85816,51,13,0
2026-08-20T01:50:00Z,1787190600,0.85816,0.85816,0.8581,0.85812,55,13,0
2026-08-20T01:55:00Z,1787190900,0.85811,0.85811,0.858,0.85802,64,13,0
2026-08-20T02:00:00Z,1787191200,0.85803,0.85811,0.85797,0.85807,87,13,0
2026-08-20T02:05:00Z,1787191500,0.85807,0.85808,0.85801,0.85804,88,13,0
2026-08-20T02:10:00Z,1787191800,0.85804,0.85807,0.85803,0.85804,63,13,0
2026-08-20T02:15:00Z,1787192100,0.85804,0.85805,0.85799,0.85805,58,13,0
2026-08-20T02:20:00Z,1787192400,0.85805,0.85813,0.85805,0.8581,70,13,0
2026-08-20T02:25:00Z,1787192700,0.8581,0.85815,0.8581,0.85812,41,13,0
2026-08-20T02:30:00Z,1787193000,0.85813,0.85814,0.8581,0.85811,56,13,0
2026-08-20T02:35:00Z,1787193300,0.85811,0.85814,0.85811,0.85814,45,13,0
2026-08-20T02:40:00Z,1787193600,0.85813,0.85817,0.85812,0.85817,57,13,0
2026-08-20T02:45:00Z,1787193900,0.85817,0.85818,0.85815,0.85816,63,13,0
2026-08-20T02:50:00Z,1787194200,0.85816,0.85817,0.85812,0.85812,29,13,0
2026-08-20T02:55:00Z,1787194500,0.85812,0.85812,0.85805,0.85808,41,13,0
2026-08-20T03:00:00Z,1787194800,0.85808,0.85808,0.85798,0.858,50,13,0
2026-08-20T03:05:00Z,1787195100,0.858,0.85801,0.85796,0.85798,44,13,0
2026-08-20T03:10:00Z,1787195400,0.85798,0.85804,0.85796,0.85799,58,13,0
2026-08-20T03:15:00Z,1787195700,0.85799,0.858,0.85797,0.85798,54,13,0
2026-08-20T03:20:00Z,1787196000,0.85798,0.85801,0.85797,0.85799,30,13,0
2026-08-20T03:25:00Z,1787196300,0.85799,0.85799,0.85782,0.85787,68,13,0
2026-08-20T03:30:00Z,1787196600,0.85787,0.8579,0.85784,0.85787,45,13,0
2026-08-20T03:35:00Z,1787196900,0.85787,0.85787,0.85778,0.85783,49,13,0
2026-08-20T03:40:00Z,1787197200,0.85783,0.85783,0.8578,0.85781,30,13,0
2026-08-20T03:45:00Z,1787197500,0.85781,0.85784,0.85779,0.8578,54,13,0
2026-08-20T03:50:00Z,1787197800,0.8578,0.85784,0.85779,0.85784,42,13,0
2026-08-20T03:55:00Z,1787198100,0.85784,0.85785,0.8578,0.85784,46,13,0
2026-08-20T04:00:00Z,1787198400,0.85784,0.85787,0.85783,0.85787,45,13,0
2026-08-20T04:05:00Z,1787198700,0.85787,0.85788,0.85779,0.85779,38,13,0
2026-08-20T04:10:00Z,1787199000,0.85779,0.8578,0.85774,0.85775,34,13,0
2026-08-20T04:15:00Z,1787199300,0.85775,0.85779,0.85772,0.85779,47,13,0
2026-08-20T04:20:00Z,1787199600,0.85779,0.85779,0.85775,0.85778,30,13,0
2026-08-20T04:25:00Z,1787199900,0.85778,0.85778,0.85775,0.85776,24,13,0
2026-08-20T04:30:00Z,1787200200,0.85776,0.85777,0.85774,0.85775,17,13,0
2026-08-20T04:35:00Z,1787200500,0.85775,0.85781,0.85775,0.85779,27,13,0
2026-08-20T04:40:00Z,1787200800,0.8578,0.85781,0.85779,0.85781,44,13,0
2026-08-20T04:45:00Z,1787201100,0.85781,0.85781,0.85778,0.85781,35,13,0
2026-08-20T04:50:00Z,1787201400,0.85781,0.85789,0.85779,0.85788,41,13,0
2026-08-20T04:55:00Z,1787201700,0.85787,0.85788,0.85778,0.85778,41,13,0
2026-08-20T05:00:00Z,1787202000,0.85778,0.85779,0.85775,0.85779,33,13,0
2026-08-20T05:05:00Z,1787202300,0.85779,0.85781,0.85777,0.85779,36,13,0
2026-08-20T05:10:00Z,1787202600,0.85778,0.85782,0.85778,0.85779,53,13,0
2026-08-20T05:15:00Z,1787202900,0.85779,0.85785,0.85779,0.85784,55,13,0
2026-08-20T05:20:00Z,1787203200,0.85784,0.85785,0.85782,0.85785,41,13,0
2026-08-20T05:25:00Z,1787203500,0.85785,0.85788,0.85782,0.85785,48,13,0
2026-08-20T05:30:00Z,1787203800,0.85785,0.85788,0.85785,0.85787,53,13,0
2026-08-20T05:35:00Z,1787204100,0.85787,0.85793,0.85785,0.85791,52,13,0
2026-08-20T05:40:00Z,1787204400,0.85791,0.85796,0.8579,0.85796,45,13,0
2026-08-20T05:45:00Z,1787204700,0.85796,0.858,0.85793,0.858,25,13,0
2026-08-20T05:50:00Z,1787205000,0.858,0.85808,0.858,0.85808,41,13,0
2026-08-20T05:55:00Z,1787205300,0.85809,0.85818,0.85805,0.85817,61,13,0
2026-08-20T06:00:00Z,1787205600,0.85819,0.85825,0.85809,0.8581,69,13,0
2026-08-20T06:05:00Z,1787205900,0.85811,0.85811,0.85804,0.85808,53,13,0
2026-08-20T06:10:00Z,1787206200,0.85808,0.85813,0.858,0.85804,87,13,0
2026-08-20T06:15:00Z,1787206500,0.85805,0.8581,0.858,0.85804,75,13,0
2026-08-20T06:20:00Z,1787206800,0.85804,0.85819,0.85801,0.85815,75,13,0
2026-08-20T06:25:00Z,1787207100,0.85815,0.85819,0.85806,0.85809,67,13,0
2026-08-20T06:30:00Z,1787207400,0.85809,0.85817,0.85806,0.85808,69,13,0
2026-08-20T06:35:00Z,1787207700,0.85808,0.85825,0.85807,0.85825,65,13,0
2026-08-20T06:40:00Z,1787208000,0.85825,0.85826,0.85819,0.85819,41,13,0
2026-08-20T06:45:00Z,1787208300,0.85819,0.85837,0.85818,0.85833,91,13,0
2026-08-20T06:50:00Z,1787208600,0.85833,0.85837,0.85823,0.85837,68,13,0
2026-08-20T06:55:00Z,1787208900,0.85835,0.85837,0.85824,0.85829,57,13,0
2026-08-20T07:00:00Z,1787209200,0.8583,0.85837,0.85819,0.85833,103,13,0
2026-08-20T07:05:00Z,1787209500,0.85833,0.85838,0.85819,0.85819,89,13,0
2026-08-20T07:10:00Z,1787209800,0.85819,0.85821,0.85805,0.85808,89,13,0
2026-08-20T07:15:00Z,1787210100,0.85808,0.85812,0.85801,0.85805,78,13,0
2026-08-20T07:20:00Z,1787210400,0.85805,0.85805,0.85791,0.85797,78,13,0
2026-08-20T07:25:00Z,1787210700,0.85796,0.85799,0.85791,0.85792,62,13,0
2026-08-20T07:30:00Z,1787211000,0.85792,0.85802,0.85789,0.85793,106,13,0
2026-08-20T07:35:00Z,1787211300,0.85791,0.85791,0.85777,0.85781,73,13,0
2026-08-20T07:40:00Z,1787211600,0.85782,0.85783,0.85767,0.85779,125,13,0
2026-08-20T07:45:00Z,1787211900,0.85779,0.85795,0.85773,0.85795,81,13,0
2026-08-20T07:50:00Z,1787212200,0.85795,0.85796,0.85783,0.85793,86,13,0
2026-08-20T07:55:00Z,1787212500,0.85793,0.85813,0.85785,0.85812,107,13,0
2026-08-20T08:00:00Z,1787212800,0.85812,0.85816,0.85796,0.85799,95,13,0
2026-08-20T08:05:00Z,1787213100,0.85799,0.85805,0.85795,0.858,74,13,0
2026-08-20T08:10:00Z,1787213400,0.85799,0.85808,0.85791,0.85793,72,13,0
2026-08-20T08:15:00Z,1787213700,0.85793,0.85794,0.85755,0.85758,82,13,0
2026-08-20T08:20:00Z,1787214000,0.85758,0.85761,0.85752,0.85755,65,13,0
2026-08-20T08:25:00Z,1787214300,0.85755,0.85756,0.85742,0.85749,74,13,0
2026-08-20T08:30:00Z,1787214600,0.85749,0.85763,0.85747,0.8576,102,13,0
2026-08-20T08:35:00Z,1787214900,0.85759,0.85779,0.85759,0.85779,72,13,0
2026-08-20T08:40:00Z,1787215200,0.85779,0.85799,0.85774,0.85799,88,13,0
2026-08-20T08:45:00Z,1787215500,0.85799,0.858,0.85777,0.85785,73,13,0
2026-08-20T08:50:00Z,1787215800,0.85785,0.85793,0.85781,0.85784,70,13,0
2026-08-20T08:55:00Z,1787216100,0.85784,0.85794,0.85783,0.85789,67,13,0
2026-08-20T09:00:00Z,1787216400,0.85789,0.85793,0.85785,0.85792,60,13,0
2026-08-20T09:05:00Z,1787216700,0.85792,0.85795,0.85785,0.85794,70,13,0
2026-08-20T09:10:00Z,1787217000,0.85794,0.85807,0.85792,0.85801,98,13,0
2026-08-20T09:15:00Z,1787217300,0.85801,0.85809,0.85798,0.85806,82,13,0
2026-08-20T09:20:00Z,1787217600,0.85805,0.85813,0.85798,0.85808,106,13,0
2026-08-20T09:25:00Z,1787217900,0.85806,0.85808,0.8579,0.85794,70,13,0
2026-08-20T09:30:00Z,1787218200,0.85793,0.85795,0.85785,0.85789,90,13,0
2026-08-20T09:35:00Z,1787218500,0.85788,0.85792,0.85779,0.85784,79,13,0
2026-08-20T09:40:00Z,1787218800,0.85784,0.85785,0.85772,0.85774,78,13,0
2026-08-20T09:45:00Z,1787219100,0.85774,0.85778,0.85761,0.85763,86,13,0
2026-08-20T09:50:00Z,1787219400,0.85763,0.85787,0.85761,0.85787,90,13,0
2026-08-20T09:55:00Z,1787219700,0.85788,0.85791,0.85773,0.85774,76,13,0
2026-08-20T10:00:00Z,1787220000,0.85774,0.85788,0.85774,0.85778,93,13,0
2026-08-20T10:05:00Z,1787220300,0.85778,0.85783,0.85763,0.85763,71,13,0
2026-08-20T10:10:00Z,1787220600,0.85763,0.85763,0.85725,0.85743,135,13,0
2026-08-20T10:15:00Z,1787220900,0.85743,0.8575,0.85739,0.85749,59,13,0
2026-08-20T10:20:00Z,1787221200,0.85749,0.85749,0.85734,0.85739,79,13,0
2026-08-20T10:25:00Z,1787221500,0.85739,0.85739,0.85723,0.85735,87,13,0
2026-08-20T10:30:00Z,1787221800,0.85734,0.85736,0.85722,0.85723,67,13,0
2026-08-20T10:35:00Z,1787222100,0.85724,0.85732,0.85723,0.85725,76,13,0
2026-08-20T10:40:00Z,1787222400,0.85725,0.85744,0.85725,0.8574,62,13,0
2026-08-20T10:45:00Z,1787222700,0.8574,0.85742,0.85727,0.85731,77,13,0
2026-08-20T10:50:00Z,1787223000,0.85731,0.85736,0.85726,0.85728,92,13,0
2026-08-20T10:55:00Z,1787223300,0.85728,0.85735,0.85718,0.85722,77,13,0
2026-08-20T11:00:00Z,1787223600,0.85721,0.85736,0.85715,0.85736,94,13,0
2026-08-20T11:05:00Z,1787223900,0.85736,0.85756,0.85734,0.85756,94,13,0
2026-08-20T11:10:00Z,1787224200,0.85756,0.85756,0.85739,0.85739,90,13,0
2026-08-20T11:15:00Z,1787224500,0.85739,0.85741,0.85731,0.85734,50,13,0
2026-08-20T11:20:00Z,1787224800,0.85734,0.85744,0.8573,0.85737,72,13,0
2026-08-20T11:25:00Z,1787225100,0.85735,0.85749,0.85735,0.85735,73,13,0
2026-08-20T11:30:00Z,1787225400,0.85735,0.85738,0.8572,0.85727,98,13,0
2026-08-20T11:35:00Z,1787225700,0.85729,0.85734,0.85721,0.8573,97,13,0
2026-08-20T11:40:00Z,1787226000,0.8573,0.85731,0.85723,0.85729,81,13,0
2026-08-20T11:45:00Z,1787226300,0.85728,0.85731,0.85711,0.85721,112,13,0
2026-08-20T11:50:00Z,1787226600,0.85721,0.85723,0.857,0.85705,79,13,0
2026-08-20T11:55:00Z,1787226900,0.85703,0.8571,0.85694,0.85709,114,13,0
2026-08-20T12:00:00Z,1787227200,0.85711,0.85718,0.857,0.85714,137,13,0
2026-08-20T12:05:00Z,1787227500,0.85714,0.85738,0.8571,0.85719,154,13,0
2026-08-20T12:10:00Z,1787227800,0.85719,0.8572,0.85696,0.85698,138,13,0
2026-08-20T12:15:00Z,1787228100,0.85698,0.85698,0.85681,0.85692,124,13,0
2026-08-20T12:20:00Z,1787228400,0.8569,0.85701,0.85685,0.85701,116,13,0
2026-08-20T12:25:00Z,1787228700,0.85701,0.85708,0.85694,0.85698,97,13,0
2026-08-20T12:30:00Z,1787229000,0.857,0.85711,0.85693,0.85709,124,13,0
2026-08-20T12:35:00Z,1787229300,0.85708,0.8572,0.85704,0.85714,125,13,0
2026-08-20T12:40:00Z,1787229600,0.85713,0.85714,0.85692,0.85696,113,13,0
2026-08-20T12:45:00Z,1787229900,0.85696,0.85701,0.85688,0.85693,107,13,0
2026-08-20T12:50:00Z,1787230200,0.85692,0.85695,0.85674,0.85676,127,13,0
2026-08-20T12:55:00Z,1787230500,0.85676,0.85682,0.85662,0.85674,117,13,0
2026-08-20T13:00:00Z,1787230800,0.85672,0.85678,0.85645,0.85652,137,13,0
2026-08-20T13:05:00Z,1787231100,0.8565,0.85665,0.85645,0.85659,112,13,0
2026-08-20T13:10:00Z,1787231400,0.85659,0.85661,0.85652,0.85658,122,13,0
2026-08-20T13:15:00Z,1787231700,0.85658,0.85661,0.85642,0.85644,109,13,0
2026-08-20T13:20:00Z,1787232000,0.85644,0.85664,0.85644,0.85664,107,13,0
2026-08-20T13:25:00Z,1787232300,0.85664,0.8567,0.85661,0.85661,106,13,0
2026-08-20T13:30:00Z,1787232600,0.8566,0.85667,0.85655,0.8566,121,13,0
2026-08-20T13:35:00Z,1787232900,0.8566,0.85675,0.85653,0.85661,112,13,0
2026-08-20T13:40:00Z,1787233200,0.85661,0.85667,0.85649,0.85651,106,13,0
2026-08-20T13:45:00Z,1787233500,0.85653,0.85654,0.85638,0.85638,118,13,0
2026-08-20T13:50:00Z,1787233800,0.85637,0.85649,0.85633,0.85641,127,13,0
2026-08-20T13:55:00Z,1787234100,0.85641,0.85641,0.85625,0.85629,110,13,0
2026-08-20T14:00:00Z,1787234400,0.85629,0.85635,0.85619,0.85621,100,13,0
2026-08-20T14:05:00Z,1787234700,0.85621,0.85633,0.8562,0.85629,113,13,0
2026-08-20T14:10:00Z,1787235000,0.85631,0.85656,0.8563,0.85638,106,13,0
2026-08-20T14:15:00Z,1787235300,0.85639,0.85647,0.85635,0.8564,103,13,0
2026-08-20T14:20:00Z,1787235600,0.85641,0.85661,0.85641,0.85651,104,13,0
2026-08-20T14:25:00Z,1787235900,0.85651,0.85655,0.85635,0.85647,107,13,0
2026-08-20T14:30:00Z,1787236200,0.85648,0.85667,0.85643,0.85662,87,13,0
2026-08-20T14:35:00Z,1787236500,0.85661,0.85679,0.8566,0.85679,79,13,0
2026-08-20T14:40:00Z,1787236800,0.8568,0.85683,0.85673,0.85681,89,13,0
2026-08-20T14:45:00Z,1787237100,0.85683,0.85689,0.85675,0.85686,74,13,0
2026-08-20T14:50:00Z,1787237400,0.85686,0.85706,0.85685,0.85696,137,13,0
2026-08-20T14:55:00Z,1787237700,0.85696,0.85704,0.85686,0.85696,153,13,0
2026-08-20T15:00:00Z,1787238000,0.85696,0.85696,0.85674,0.8568,189,13,0
2026-08-20T15:05:00Z,1787238300,0.8568,0.85686,0.85659,0.85663,150,13,0
2026-08-20T15:10:00Z,1787238600,0.85663,0.8567,0.85656,0.85664,111,13,0
2026-08-20T15:15:00Z,1787238900,0.85664,0.85669,0.85649,0.85654,106,13,0
2026-08-20T15:20:00Z,1787239200,0.85654,0.85673,0.85651,0.85665,116,13,0
2026-08-20T15:25:00Z,1787239500,0.85664,0.85664,0.8564,0.85645,112,13,0
2026-08-20T15:30:00Z,1787239800,0.85647,0.85649,0.85633,0.85639,123,13,0
2026-08-20T15:35:00Z,1787240100,0.85639,0.85645,0.85631,0.85643,114,13,0
2026-08-20T15:40:00Z,1787240400,0.85642,0.85657,0.85636,0.8564,119,13,0
2026-08-20T15:45:00Z,1787240700,0.8564,0.85647,0.85636,0.85642,116,13,0
2026-08-20T15:50:00Z,1787241000,0.85641,0.85643,0.85629,0.85631,105,13,0
2026-08-20T15:55:00Z,1787241300,0.85631,0.85639,0.85626,0.85637,82,13,0
2026-08-20T16:00:00Z,1787241600,0.85638,0.85652,0.85638,0.85651,106,13,0
2026-08-20T16:05:00Z,1787241900,0.85651,0.85651,0.85641,0.85645,60,13,0
2026-08-20T16:10:00Z,1787242200,0.85645,0.85647,0.85637,0.8564,70,13,0
2026-08-20T16:15:00Z,1787242500,0.8564,0.85648,0.85636,0.85641,79,13,0
2026-08-20T16:20:00Z,1787242800,0.85642,0.85646,0.85633,0.85646,100,13,0
2026-08-20T16:25:00Z,1787243100,0.85646,0.85653,0.85644,0.8565,83,13,0
2026-08-20T16:30:00Z,1787243400,0.8565,0.85655,0.85642,0.85652,85,13,0
2026-08-20T16:35:00Z,1787243700,0.85652,0.85652,0.85639,0.85648,74,13,0
2026-08-20T16:40:00Z,1787244000,0.85648,0.85648,0.85633,0.85633,81,13,0
2026-08-20T16:45:00Z,1787244300,0.85633,0.85641,0.85628,0.85629,86,13,0
2026-08-20T16:50:00Z,1787244600,0.85629,0.85629,0.85619,0.85619,38,13,0
2026-08-20T16:55:00Z,1787244900,0.85619,0.85636,0.85619,0.85634,67,13,0
2026-08-20T17:00:00Z,1787245200,0.85634,0.85649,0.8563,0.85647,66,13,0
2026-08-20T17:05:00Z,1787245500,0.85648,0.85652,0.85641,0.85652,49,13,0
2026-08-20T17:10:00Z,1787245800,0.85652,0.85654,0.85646,0.85654,56,13,0
2026-08-20T17:15:00Z,1787246100,0.85654,0.85654,0.8565,0.85654,49,13,0
2026-08-20T17:20:00Z,1787246400,0.85653,0.85657,0.8565,0.85656,41,13,0
2026-08-20T17:25:00Z,1787246700,0.85656,0.85661,0.85655,0.85659,33,13,0
2026-08-20T17:30:00Z,1787247000,0.8566,0.85664,0.85658,0.85662,36,13,0
2026-08-20T17:35:00Z,1787247300,0.85661,0.85668,0.8566,0.85665,29,13,0
2026-08-20T17:40:00Z,1787247600,0.85665,0.85665,0.85658,0.85663,35,13,0
2026-08-20T17:45:00Z,1787247900,0.85663,0.85663,0.85658,0.8566,37,13,0
2026-08-20T17:50:00Z,1787248200,0.8566,0.85661,0.85656,0.8566,43,13,0
2026-08-20T17:55:00Z,1787248500,0.8566,0.85663,0.8566,0.85663,31,13,0
2026-08-20T18:00:00Z,1787248800,0.85663,0.85668,0.85661,0.85668,46,13,0
2026-08-20T18:05:00Z,1787249100,0.85668,0.85673,0.85667,0.85673,36,13,0
2026-08-20T18:10:00Z,1787249400,0.85673,0.85679,0.85672,0.85676,50,13,0
2026-08-20T18:15:00Z,1787249700,0.85676,0.85682,0.85675,0.85675,47,13,0
2026-08-20T18:20:00Z,1787250000,0.85675,0.85677,0.85673,0.85674,33,13,0
2026-08-20T18:25:00Z,1787250300,0.85674,0.85676,0.85671,0.85673,25,13,0
2026-08-20T18:30:00Z,1787250600,0.85673,0.85675,0.85672,0.85674,24,13,0
2026-08-20T18:35:00Z,1787250900,0.85674,0.85678,0.85673,0.85678,32,13,0
2026-08-20T18:40:00Z,1787251200,0.85678,0.85681,0.85675,0.85679,33,13,0
2026-08-20T18:45:00Z,1787251500,0.8568,0.85682,0.85672,0.85674,51,13,0
2026-08-20T18:50:00Z,1787251800,0.85674,0.85676,0.85672,0.85673,27,13,0
2026-08-20T18:55:00Z,1787252100,0.85671,0.85676,0.85669,0.85673,52,13,0
2026-08-20T19:00:00Z,1787252400,0.85673,0.85673,0.85666,0.85667,47,13,0
2026-08-20T19:05:00Z,1787252700,0.85666,0.85666,0.85658,0.85659,26,13,0
2026-08-20T19:10:00Z,1787253000,0.85659,0.85665,0.85659,0.85663,35,13,0
2026-08-20T19:15:00Z,1787253300,0.85663,0.85669,0.85662,0.85668,33,13,0
2026-08-20T19:20:00Z,1787253600,0.85668,0.85669,0.85662,0.85668,33,13,0
2026-08-20T19:25:00Z,1787253900,0.85667,0.85671,0.85665,0.85665,37,13,0
2026-08-20T19:30:00Z,1787254200,0.85665,0.85674,0.85665,0.85672,52,13,0
2026-08-20T19:35:00Z,1787254500,0.85672,0.85674,0.85669,0.8567,29,13,0
2026-08-20T19:40:00Z,1787254800,0.8567,0.8567,0.85667,0.85667,19,13,0
2026-08-20T19:45:00Z,1787255100,0.85667,0.85667,0.85661,0.85662,27,13,0
2026-08-20T19:50:00Z,1787255400,0.85662,0.85664,0.85661,0.85664,25,13,0
2026-08-20T19:55:00Z,1787255700,0.85665,0.85681,0.85665,0.85681,59,13,0
2026-08-20T20:00:00Z,1787256000,0.85681,0.85682,0.85673,0.85675,41,13,0
2026-08-20T20:05:00Z,1787256300,0.85675,0.85676,0.85669,0.85669,28,13,0
2026-08-20T20:10:00Z,1787256600,0.85669,0.85671,0.85669,0.85671,22,13,0
2026-08-20T20:15:00Z,1787256900,0.85671,0.85672,0.85669,0.8567,24,13,0
2026-08-20T20:20:00Z,1787257200,0.85669,0.85675,0.85668,0.85675,15,13,0
2026-08-20T20:25:00Z,1787257500,0.85674,0.85677,0.85674,0.85674,18,13,0
2026-08-20T20:30:00Z,1787257800,0.85673,0.85676,0.85672,0.85674,26,13,0
2026-08-20T20:35:00Z,1787258100,0.85674,0.85675,0.85673,0.85675,18,13,0
2026-08-20T20:40:00Z,1787258400,0.85675,0.85675,0.85664,0.85666,27,13,0
2026-08-20T20:45:00Z,1787258700,0.85666,0.8567,0.85664,0.85668,35,13,0
2026-08-20T20:50:00Z,1787259000,0.85668,0.85669,0.85665,0.85666,19,13,0
2026-08-20T20:55:00Z,1787259300,0.85666,0.85674,0.85666,0.85671,50,13,0
2026-08-20T21:00:00Z,1787259600,0.8567,0.85671,0.85669,0.85669,4,13,0
2026-08-20T21:05:00Z,1787259900,0.8567,0.85671,0.85662,0.85667,35,13,0
2026-08-20T21:10:00Z,1787260200,0.85668,0.85673,0.85662,0.85666,51,13,0
2026-08-20T21:15:00Z,1787260500,0.85665,0.85673,0.8566,0.85662,74,20,0
2026-08-20T21:20:00Z,1787260800,0.85661,0.85669,0.8566,0.85662,48,22,0
2026-08-20T21:25:00Z,1787261100,0.85661,0.85672,0.85661,0.8567,47,15,0
2026-08-20T21:30:00Z,1787261400,0.85669,0.85672,0.85666,0.85668,47,14,0
2026-08-20T21:35:00Z,1787261700,0.85668,0.85671,0.85664,0.8567,69,15,0
2026-08-20T21:40:00Z,1787262000,0.8567,0.8567,0.85662,0.85667,63,15,0
2026-08-20T21:45:00Z,1787262300,0.85667,0.85672,0.85658,0.85667,135,13,0
2026-08-20T21:50:00Z,1787262600,0.85669,0.85669,0.85655,0.85659,170,17,0
2026-08-20T21:55:00Z,1787262900,0.85659,0.85668,0.85654,0.85665,40,17,0
2026-08-20T22:00:00Z,1787263200,0.85665,0.85667,0.85659,0.85665,29,20,0
2026-08-20T22:05:00Z,1787263500,0.85665,0.85667,0.85664,0.85664,9,25,0
2026-08-20T22:10:00Z,1787263800,0.85664,0.85667,0.85663,0.85667,21,25,0
2026-08-20T22:15:00Z,1787264100,0.85667,0.85672,0.85663,0.85672,18,25,0
2026-08-20T22:20:00Z,1787264400,0.85672,0.85672,0.85666,0.85666,9,25,0
2026-08-20T22:25:00Z,1787264700,0.85666,0.85671,0.85666,0.85671,16,25,0
2026-08-20T22:30:00Z,1787265000,0.85671,0.85671,0.85668,0.8567,15,25,0
2026-08-20T22:35:00Z,1787265300,0.8567,0.8567,0.85667,0.85668,11,25,0
2026-08-20T22:40:00Z,1787265600,0.85668,0.85668,0.85667,0.85667,6,25,0
2026-08-20T22:45:00Z,1787265900,0.85667,0.85669,0.85667,0.85669,9,25,0
2026-08-20T22:50:00Z,1787266200,0.85669,0.85669,0.85667,0.85668,12,25,0
2026-08-20T22:55:00Z,1787266500,0.85668,0.85668,0.85665,0.85666,9,25,0
2026-08-20T23:00:00Z,1787266800,0.85672,0.85674,0.85669,0.85672,31,13,0
2026-08-20T23:05:00Z,1787267100,0.85672,0.85673,0.85669,0.85671,23,13,0
2026-08-20T23:10:00Z,1787267400,0.85671,0.85673,0.85668,0.85671,32,13,0
2026-08-20T23:15:00Z,1787267700,0.85672,0.85676,0.85671,0.85675,22,13,0
2026-08-20T23:20:00Z,1787268000,0.85673,0.85673,0.85669,0.8567,16,13,0
2026-08-20T23:25:00Z,1787268300,0.85669,0.8567,0.85665,0.85668,17,13,0
2026-08-20T23:30:00Z,1787268600,0.85668,0.85669,0.85666,0.85666,20,13,0
2026-08-20T23:35:00Z,1787268900,0.85666,0.85672,0.85666,0.85671,18,13,0
2026-08-20T23:40:00Z,1787269200,0.85671,0.85673,0.85669,0.85669,17,13,0
2026-08-20T23:45:00Z,1787269500,0.85669,0.85669,0.85667,0.85668,18,13,0
2026-08-20T23:50:00Z,1787269800,0.85668,0.8567,0.85664,0.85665,28,13,0
2026-08-20T23:55:00Z,1787270100,0.85666,0.85666,0.85658,0.85662,28,13,0
2026-08-21T00:00:00Z,1787270400,0.85663,0.85665,0.85659,0.85662,54,13,0
2026-08-21T00:05:00Z,1787270700,0.85661,0.85663,0.8566,0.85662,48,13,0
2026-08-21T00:10:00Z,1787271000,0.85662,0.85662,0.85656,0.85659,35,13,0
2026-08-21T00:15:00Z,1787271300,0.85659,0.8566,0.85655,0.85656,42,13,0
2026-08-21T00:20:00Z,1787271600,0.85656,0.85657,0.85653,0.85656,42,13,0
2026-08-21T00:25:00Z,1787271900,0.85657,0.85668,0.85656,0.85668,34,13,0
2026-08-21T00:30:00Z,1787272200,0.85668,0.8567,0.85661,0.85662,50,13,0
2026-08-21T00:35:00Z,1787272500,0.85663,0.85664,0.8566,0.85663,49,13,0
2026-08-21T00:40:00Z,1787272800,0.85663,0.85667,0.85662,0.85665,44,13,0
2026-08-21T00:45:00Z,1787273100,0.85665,0.85666,0.85662,0.85664,40,13,0
2026-08-21T00:50:00Z,1787273400,0.85663,0.85666,0.85661,0.85665,42,13,0
2026-08-21T00:55:00Z,1787273700,0.85665,0.85666,0.85661,0.85662,27,13,0
2026-08-21T01:00:00Z,1787274000,0.85663,0.85667,0.85661,0.85665,42,13,0
2026-08-21T01:05:00Z,1787274300,0.85665,0.85672,0.85665,0.85672,46,13,0
2026-08-21T01:10:00Z,1787274600,0.85671,0.85675,0.8567,0.85671,62,13,0
2026-08-21T01:15:00Z,1787274900,0.85671,0.85674,0.85669,0.85674,51,13,0
2026-08-21T01:20:00Z,1787275200,0.85674,0.85674,0.85669,0.8567,41,13,0
2026-08-21T01:25:00Z,1787275500,0.8567,0.8567,0.85665,0.85668,21,13,0
2026-08-21T01:30:00Z,1787275800,0.85668,0.85669,0.85662,0.85662,63,13,0
2026-08-21T01:35:00Z,1787276100,0.85662,0.85666,0.85658,0.85664,53,13,0
2026-08-21T01:40:00Z,1787276400,0.85664,0.85665,0.85662,0.85664,41,13,0
2026-08-21T01:45:00Z,1787276700,0.85665,0.85669,0.85664,0.85668,54,13,0
2026-08-21T01:50:00Z,1787277000,0.85668,0.85672,0.85667,0.85669,55,13,0
2026-08-21T01:55:00Z,1787277300,0.85669,0.85672,0.85669,0.85671,50,13,0
2026-08-21T02:00:00Z,1787277600,0.85671,0.85678,0.85671,0.85677,49,13,0
2026-08-21T02:05:00Z,1787277900,0.85678,0.8568,0.85677,0.85678,27,13,0
2026-08-21T02:10:00Z,1787278200,0.85678,0.8568,0.85676,0.85679,41,13,0
2026-08-21T02:15:00Z,1787278500,0.85679,0.85679,0.85677,0.85678,30,13,0
2026-08-21T02:20:00Z,1787278800,0.85679,0.85682,0.85674,0.85682,47,13,0
2026-08-21T02:25:00Z,1787279100,0.85682,0.85682,0.85679,0.8568,48,13,0
2026-08-21T02:30:00Z,1787279400,0.85681,0.85681,0.85673,0.85676,53,13,0
2026-08-21T02:35:00Z,1787279700,0.85676,0.85678,0.85674,0.85677,51,13,0
2026-08-21T02:40:00Z,1787280000,0.85677,0.85681,0.85674,0.85681,56,13,0
2026-08-21T02:45:00Z,1787280300,0.8568,0.85681,0.85677,0.85679,37,13,0
2026-08-21T02:50:00Z,1787280600,0.85678,0.85682,0.85677,0.85682,46,13,0
2026-08-21T02:55:00Z,1787280900,0.85682,0.85692,0.85681,0.85687,61,13,0
2026-08-21T03:00:00Z,1787281200,0.85687,0.85691,0.85686,0.8569,44,13,0
2026-08-21T03:05:00Z,1787281500,0.8569,0.85693,0.85688,0.85692,41,13,0
2026-08-21T03:10:00Z,1787281800,0.85693,0.85695,0.85687,0.8569,44,13,0
2026-08-21T03:15:00Z,1787282100,0.8569,0.85692,0.85688,0.85692,40,13,0
2026-08-21T03:20:00Z,1787282400,0.85692,0.85692,0.85688,0.8569,38,13,0
2026-08-21T03:25:00Z,1787282700,0.85689,0.85694,0.85687,0.85693,50,13,0
2026-08-21T03:30:00Z,1787283000,0.85693,0.85695,0.85691,0.85695,45,13,0
2026-08-21T03:35:00Z,1787283300,0.85695,0.85696,0.85691,0.85692,34,13,0
2026-08-21T03:40:00Z,1787283600,0.85692,0.85692,0.85687,0.8569,54,13,0
2026-08-21T03:45:00Z,1787283900,0.8569,0.8569,0.85687,0.85687,26,13,0
2026-08-21T03:50:00Z,1787284200,0.85687,0.85691,0.85687,0.8569,25,13,0
2026-08-21T03:55:00Z,1787284500,0.8569,0.85693,0.8569,0.85693,21,13,0
2026-08-21T04:00:00Z,1787284800,0.85693,0.85697,0.85691,0.85697,43,13,0
2026-08-21T04:05:00Z,1787285100,0.85697,0.85699,0.85696,0.85697,30,13,0
2026-08-21T04:10:00Z,1787285400,0.85697,0.85702,0.85697,0.85699,25,13,0
2026-08-21T04:15:00Z,1787285700,0.85699,0.85702,0.85699,0.85702,17,13,0
2026-08-21T04:20:00Z,1787286000,0.85701,0.85706,0.857,0.85705,37,13,0
2026-08-21T04:25:00Z,1787286300,0.85705,0.85709,0.85704,0.85709,22,13,0
2026-08-21T04:30:00Z,1787286600,0.85709,0.85713,0.85707,0.85713,24,13,0
2026-08-21T04:35:00Z,1787286900,0.85713,0.85715,0.85709,0.8571,19,13,0
2026-08-21T04:40:00Z,1787287200,0.8571,0.8571,0.857,0.85701,49,13,0
2026-08-21T04:45:00Z,1787287500,0.85701,0.85701,0.85695,0.85699,31,13,0
2026-08-21T04:50:00Z,1787287800,0.85699,0.85702,0.85698,0.85701,35,13,0
2026-08-21T04:55:00Z,1787288100,0.85701,0.85704,0.85699,0.85699,21,13,0
2026-08-21T05:00:00Z,1787288400,0.85699,0.85701,0.85697,0.85699,37,13,0
2026-08-21T05:05:00Z,1787288700,0.85699,0.85699,0.85694,0.85697,22,13,0
2026-08-21T05:10:00Z,1787289000,0.85697,0.85702,0.85697,0.857,34,13,0
2026-08-21T05:15:00Z,1787289300,0.857,0.85701,0.85697,0.85697,27,13,0
2026-08-21T05:20:00Z,1787289600,0.85697,0.85698,0.85692,0.85694,19,13,0
2026-08-21T05:25:00Z,1787289900,0.85694,0.85698,0.85694,0.85695,25,13,0
2026-08-21T05:30:00Z,1787290200,0.85695,0.85696,0.85689,0.8569,28,13,0
2026-08-21T05:35:00Z,1787290500,0.8569,0.85693,0.85688,0.85691,40,13,0
2026-08-21T05:40:00Z,1787290800,0.85692,0.85701,0.85692,0.85695,50,13,0
2026-08-21T05:45:00Z,1787291100,0.85695,0.85702,0.85695,0.85698,47,13,0
2026-08-21T05:50:00Z,1787291400,0.85698,0.85699,0.85683,0.85684,58,13,0
2026-08-21T05:55:00Z,1787291700,0.85683,0.85683,0.85675,0.85682,67,13,0
2026-08-21T06:00:00Z,1787292000,0.85684,0.857,0.85679,0.85696,103,13,0
2026-08-21T06:05:00Z,1787292300,0.85696,0.85697,0.8569,0.85694,56,13,0
2026-08-21T06:10:00Z,1787292600,0.85694,0.85694,0.85687,0.85689,66,13,0
2026-08-21T06:15:00Z,1787292900,0.85688,0.85694,0.85683,0.85689,66,13,0
2026-08-21T06:20:00Z,1787293200,0.85689,0.85698,0.85688,0.85689,70,13,0
2026-08-21T06:25:00Z,1787293500,0.85689,0.85704,0.85683,0.85685,79,13,0
2026-08-21T06:30:00Z,1787293800,0.85685,0.85686,0.85679,0.8568,57,13,0
2026-08-21T06:35:00Z,1787294100,0.8568,0.85691,0.85678,0.85691,70,13,0
2026-08-21T06:40:00Z,1787294400,0.85691,0.85697,0.8569,0.85691,45,13,0
2026-08-21T06:45:00Z,1787294700,0.85691,0.85692,0.85685,0.85686,52,13,0
2026-08-21T06:50:00Z,1787295000,0.85686,0.85702,0.85685,0.85699,54,13,0
2026-08-21T06:55:00Z,1787295300,0.85701,0.85702,0.85691,0.85695,71,13,0
2026-08-21T07:00:00Z,1787295600,0.85694,0.85698,0.85683,0.85697,97,13,0
2026-08-21T07:05:00Z,1787295900,0.85696,0.8571,0.85691,0.85704,72,13,0
2026-08-21T07:10:00Z,1787296200,0.85704,0.85706,0.85692,0.85694,79,13,0
2026-08-21T07:15:00Z,1787296500,0.85693,0.85694,0.85681,0.85681,70,13,0
2026-08-21T07:20:00Z,1787296800,0.85681,0.85691,0.85671,0.85671,88,13,0
2026-08-21T07:25:00Z,1787297100,0.85671,0.85672,0.85662,0.85664,75,13,0
2026-08-21T07:30:00Z,1787297400,0.85662,0.8567,0.85653,0.85667,101,13,0
2026-08-21T07:35:00Z,1787297700,0.85667,0.85669,0.85649,0.85649,84,13,0
2026-08-21T07:40:00Z,1787298000,0.85648,0.85674,0.85647,0.85671,94,13,0
2026-08-21T07:45:00Z,1787298300,0.85671,0.85687,0.85668,0.85679,112,13,0
2026-08-21T07:50:00Z,1787298600,0.85679,0.85693,0.85678,0.85692,69,13,0
2026-08-21T07:55:00Z,1787298900,0.85691,0.85703,0.85684,0.85696,104,13,0
2026-08-21T08:00:00Z,1787299200,0.85695,0.85708,0.85695,0.85705,89,13,0
2026-08-21T08:05:00Z,1787299500,0.85705,0.85724,0.85702,0.85722,77,13,0
2026-08-21T08:10:00Z,1787299800,0.85723,0.85729,0.85712,0.85724,65,13,0
2026-08-21T08:15:00Z,1787300100,0.85724,0.85729,0.85718,0.85722,95,13,0
2026-08-21T08:20:00Z,1787300400,0.85723,0.85723,0.8571,0.85713,63,13,0
2026-08-21T08:25:00Z,1787300700,0.85713,0.85719,0.85698,0.85701,100,13,0
2026-08-21T08:30:00Z,1787301000,0.85698,0.85702,0.85681,0.85696,118,13,0
2026-08-21T08:35:00Z,1787301300,0.85695,0.85699,0.85682,0.85682,86,13,0
2026-08-21T08:40:00Z,1787301600,0.85682,0.85694,0.85673,0.85693,103,13,0
2026-08-21T08:45:00Z,1787301900,0.85694,0.85704,0.85685,0.85688,87,13,0
2026-08-21T08:50:00Z,1787302200,0.85688,0.85692,0.85677,0.85686,77,13,0
2026-08-21T08:55:00Z,1787302500,0.85686,0.85687,0.85655,0.85655,103,13,0
2026-08-21T09:00:00Z,1787302800,0.85655,0.85663,0.85632,0.85634,131,13,0
2026-08-21T09:05:00Z,1787303100,0.85635,0.85636,0.85621,0.85624,124,13,0
2026-08-21T09:10:00Z,1787303400,0.85625,0.8564,0.85623,0.8564,119,13,0
2026-08-21T09:15:00Z,1787303700,0.85639,0.85657,0.85635,0.85656,80,13,0
2026-08-21T09:20:00Z,1787304000,0.85656,0.85669,0.85655,0.85664,90,13,0
2026-08-21T09:25:00Z,1787304300,0.85665,0.85675,0.8566,0.85671,78,13,0
2026-08-21T09:30:00Z,1787304600,0.85672,0.85687,0.85668,0.85673,89,13,0
2026-08-21T09:35:00Z,1787304900,0.85673,0.85685,0.85673,0.85679,83,13,0
2026-08-21T09:40:00Z,1787305200,0.8568,0.85688,0.85677,0.85687,70,13,0
2026-08-21T09:45:00Z,1787305500,0.85687,0.85692,0.85672,0.85673,85,13,0
2026-08-21T09:50:00Z,1787305800,0.85673,0.85687,0.85673,0.85681,67,13,0
2026-08-21T09:55:00Z,1787306100,0.85681,0.85684,0.85675,0.85676,74,13,0
2026-08-21T10:00:00Z,1787306400,0.85675,0.85679,0.85664,0.85674,88,13,0
2026-08-21T10:05:00Z,1787306700,0.85674,0.85675,0.85663,0.85667,70,13,0
2026-08-21T10:10:00Z,1787307000,0.85667,0.8568,0.85663,0.85679,58,13,0
2026-08-21T10:15:00Z,1787307300,0.85679,0.85679,0.8567,0.85671,75,13,0
2026-08-21T10:20:00Z,1787307600,0.85671,0.85681,0.85671,0.85677,52,13,0
2026-08-21T10:25:00Z,1787307900,0.85678,0.85679,0.85667,0.85679,68,13,0
2026-08-21T10:30:00Z,1787308200,0.85679,0.85691,0.85677,0.85687,82,13,0
2026-08-21T10:35:00Z,1787308500,0.85687,0.85691,0.85683,0.85683,62,13,0
2026-08-21T10:40:00Z,1787308800,0.85685,0.85696,0.85685,0.85692,54,13,0
2026-08-21T10:45:00Z,1787309100,0.85693,0.857,0.85693,0.857,57,13,0
2026-08-21T10:50:00Z,1787309400,0.85699,0.85709,0.85695,0.85707,72,13,0
2026-08-21T10:55:00Z,1787309700,0.85707,0.85757,0.85707,0.85731,153,13,0
2026-08-21T11:00:00Z,1787310000,0.85732,0.8574,0.85729,0.85734,103,13,0
2026-08-21T11:05:00Z,1787310300,0.85735,0.85735,0.85717,0.85717,91,13,0
2026-08-21T11:10:00Z,1787310600,0.85716,0.85725,0.8571,0.8571,75,13,0
2026-08-21T11:15:00Z,1787310900,0.8571,0.85713,0.85698,0.85711,64,13,0
2026-08-21T11:20:00Z,1787311200,0.85711,0.85713,0.85686,0.85688,105,13,0
2026-08-21T11:25:00Z,1787311500,0.85686,0.85698,0.85682,0.85692,118,13,0
2026-08-21T11:30:00Z,1787311800,0.85692,0.85694,0.85663,0.85667,113,13,0
2026-08-21T11:35:00Z,1787312100,0.85668,0.85672,0.85642,0.85658,107,13,0
2026-08-21T11:40:00Z,1787312400,0.85658,0.85669,0.85658,0.85668,68,13,0
2026-08-21T11:45:00Z,1787312700,0.85668,0.85678,0.85668,0.85674,64,13,0
2026-08-21T11:50:00Z,1787313000,0.85674,0.85683,0.85673,0.8568,91,13,0
2026-08-21T11:55:00Z,1787313300,0.8568,0.85684,0.85663,0.85668,84,13,0
2026-08-21T12:00:00Z,1787313600,0.85668,0.85676,0.85665,0.85675,85,13,0
2026-08-21T12:05:00Z,1787313900,0.85675,0.85677,0.85662,0.85665,73,13,0
2026-08-21T12:10:00Z,1787314200,0.85665,0.8567,0.85661,0.85668,64,13,0
2026-08-21T12:15:00Z,1787314500,0.85667,0.85668,0.85635,0.85635,94,13,0
2026-08-21T12:20:00Z,1787314800,0.85634,0.85645,0.85627,0.85641,89,13,0
2026-08-21T12:25:00Z,1787315100,0.85642,0.85659,0.8564,0.85645,74,13,0
2026-08-21T12:30:00Z,1787315400,0.85645,0.85664,0.85644,0.85661,81,13,0
2026-08-21T12:35:00Z,1787315700,0.85661,0.85701,0.8566,0.85689,144,13,0
2026-08-21T12:40:00Z,1787316000,0.85687,0.85692,0.85661,0.85669,128,13,0
2026-08-21T12:45:00Z,1787316300,0.85669,0.85675,0.8566,0.85663,75,13,0
2026-08-21T12:50:00Z,1787316600,0.85664,0.85685,0.85661,0.85673,85,13,0
2026-08-21T12:55:00Z,1787316900,0.85673,0.85689,0.85673,0.85681,101,13,0
2026-08-21T13:00:00Z,1787317200,0.85681,0.85681,0.85668,0.85669,102,13,0
2026-08-21T13:05:00Z,1787317500,0.85669,0.85679,0.85665,0.85675,116,13,0
2026-08-21T13:10:00Z,1787317800,0.85676,0.85699,0.85672,0.85692,91,13,0
2026-08-21T13:15:00Z,1787318100,0.8569,0.85696,0.85685,0.85691,93,13,0
2026-08-21T13:20:00Z,1787318400,0.8569,0.85693,0.8567,0.8567,94,13,0
2026-08-21T13:25:00Z,1787318700,0.85672,0.85679,0.85665,0.85678,97,13,0
2026-08-21T13:30:00Z,1787319000,0.85678,0.85678,0.85646,0.85647,106,13,0
2026-08-21T13:35:00Z,1787319300,0.85645,0.85663,0.85645,0.85657,107,13,0
2026-08-21T13:40:00Z,1787319600,0.85657,0.85663,0.85648,0.85648,66,13,0
2026-08-21T13:45:00Z,1787319900,0.85647,0.8565,0.85632,0.85632,88,13,0
2026-08-21T13:50:00Z,1787320200,0.85632,0.85638,0.85626,0.85627,89,13,0
2026-08-21T13:55:00Z,1787320500,0.85625,0.85628,0.85616,0.85623,96,13,0
2026-08-21T14:00:00Z,1787320800,0.85623,0.85627,0.85612,0.85617,92,13,0
2026-08-21T14:05:00Z,1787321100,0.85617,0.85623,0.8561,0.85616,83,13,0
2026-08-21T14:10:00Z,1787321400,0.85616,0.8562,0.85609,0.85613,84,13,0
2026-08-21T14:15:00Z,1787321700,0.85613,0.85615,0.85604,0.85604,58,13,0
2026-08-21T14:20:00Z,1787322000,0.85604,0.85622,0.85601,0.85616,88,13,0
2026-08-21T14:25:00Z,1787322300,0.85616,0.85621,0.85609,0.8562,92,13,0
2026-08-21T14:30:00Z,1787322600,0.85619,0.85662,0.85619,0.85653,147,13,0
2026-08-21T14:35:00Z,1787322900,0.85653,0.85683,0.85649,0.85671,152,13,0
2026-08-21T14:40:00Z,1787323200,0.85672,0.85679,0.85659,0.85673,130,13,0
2026-08-21T14:45:00Z,1787323500,0.85673,0.85678,0.85659,0.85677,125,13,0
2026-08-21T14:50:00Z,1787323800,0.85677,0.8568,0.85651,0.85657,140,13,0
2026-08-21T14:55:00Z,1787324100,0.85659,0.85678,0.85656,0.85671,151,13,0
2026-08-21T15:00:00Z,1787324400,0.85673,0.85675,0.85658,0.85671,141,13,0
2026-08-21T15:05:00Z,1787324700,0.8567,0.8567,0.85656,0.85668,81,13,0
2026-08-21T15:10:00Z,1787325000,0.85668,0.85674,0.85653,0.85668,91,13,0
2026-08-21T15:15:00Z,1787325300,0.85669,0.85679,0.85663,0.85673,70,13,0
2026-08-21T15:20:00Z,1787325600,0.85673,0.85673,0.85662,0.85664,85,13,0
2026-08-21T15:25:00Z,1787325900,0.85664,0.85666,0.85654,0.85664,89,13,0
2026-08-21T15:30:00Z,1787326200,0.85664,0.85665,0.85642,0.85645,91,13,0
2026-08-21T15:35:00Z,1787326500,0.85644,0.85647,0.85635,0.85647,74,13,0
2026-08-21T15:40:00Z,1787326800,0.85649,0.85649,0.85638,0.85642,74,13,0
2026-08-21T15:45:00Z,1787327100,0.85642,0.85649,0.85638,0.85648,62,13,0
2026-08-21T15:50:00Z,1787327400,0.85648,0.85653,0.85645,0.85647,64,13,0
2026-08-21T15:55:00Z,1787327700,0.85645,0.85652,0.85637,0.85637,73,13,0
2026-08-21T16:00:00Z,1787328000,0.85637,0.85637,0.85626,0.85629,70,13,0
2026-08-21T16:05:00Z,1787328300,0.85629,0.85647,0.85629,0.85634,86,13,0
2026-08-21T16:10:00Z,1787328600,0.85634,0.85647,0.85632,0.85646,62,13,0
2026-08-21T16:15:00Z,1787328900,0.85646,0.8565,0.85642,0.85649,57,13,0
2026-08-21T16:20:00Z,1787329200,0.85649,0.8565,0.85633,0.8564,94,13,0
2026-08-21T16:25:00Z,1787329500,0.8564,0.85645,0.85635,0.85637,63,13,0
2026-08-21T16:30:00Z,1787329800,0.85637,0.85638,0.85628,0.85629,62,13,0
2026-08-21T16:35:00Z,1787330100,0.85629,0.8563,0.85624,0.85627,63,13,0
2026-08-21T16:40:00Z,1787330400,0.85628,0.85631,0.85622,0.85627,49,13,0
2026-08-21T16:45:00Z,1787330700,0.85627,0.85636,0.85627,0.85634,65,13,0
2026-08-21T16:50:00Z,1787331000,0.85634,0.85636,0.8563,0.85636,46,13,0
2026-08-21T16:55:00Z,1787331300,0.85636,0.85637,0.85622,0.85625,67,13,0
2026-08-21T17:00:00Z,1787331600,0.85625,0.85626,0.85616,0.85617,46,13,0
2026-08-21T17:05:00Z,1787331900,0.85616,0.85616,0.85605,0.85606,57,13,0
2026-08-21T17:10:00Z,1787332200,0.85606,0.85609,0.85602,0.85608,56,13,0
2026-08-21T17:15:00Z,1787332500,0.85609,0.85612,0.85602,0.85603,49,13,0
2026-08-21T17:20:00Z,1787332800,0.85603,0.85608,0.85601,0.85604,42,13,0
2026-08-21T17:25:00Z,1787333100,0.85604,0.85605,0.856,0.85603,38,13,0
2026-08-21T17:30:00Z,1787333400,0.85603,0.85603,0.85599,0.856,46,13,0
2026-08-21T17:35:00Z,1787333700,0.85599,0.85599,0.85586,0.85593,68,13,0
2026-08-21T17:40:00Z,1787334000,0.85594,0.85596,0.85591,0.85595,34,13,0
2026-08-21T17:45:00Z,1787334300,0.85595,0.85595,0.85584,0.85585,44,13,0
2026-08-21T17:50:00Z,1787334600,0.85585,0.85586,0.85576,0.85578,33,13,0
2026-08-21T17:55:00Z,1787334900,0.85578,0.85578,0.85571,0.85573,32,13,0
2026-08-21T18:00:00Z,1787335200,0.85573,0.85573,0.85567,0.85568,36,13,0
2026-08-21T18:05:00Z,1787335500,0.85568,0.85569,0.85561,0.85562,24,13,0
2026-08-21T18:10:00Z,1787335800,0.85562,0.8557,0.85562,0.8557,36,13,0
2026-08-21T18:15:00Z,1787336100,0.85571,0.85572,0.85568,0.85572,30,13,0
2026-08-21T18:20:00Z,1787336400,0.85571,0.85574,0.85566,0.85568,30,13,0
2026-08-21T18:25:00Z,1787336700,0.85568,0.85569,0.85562,0.85568,29,13,0
2026-08-21T18:30:00Z,1787337000,0.85568,0.8557,0.85566,0.85566,23,13,0
2026-08-21T18:35:00Z,1787337300,0.85566,0.85572,0.85565,0.8557,28,13,0
2026-08-21T18:40:00Z,1787337600,0.8557,0.85575,0.85568,0.85574,28,13,0
2026-08-21T18:45:00Z,1787337900,0.85574,0.85574,0.85567,0.8557,33,13,0
2026-08-21T18:50:00Z,1787338200,0.8557,0.85572,0.85566,0.85566,22,13,0
2026-08-21T18:55:00Z,1787338500,0.85566,0.85575,0.85566,0.85573,28,13,0
2026-08-21T19:00:00Z,1787338800,0.85573,0.85573,0.85562,0.85569,44,13,0
2026-08-21T19:05:00Z,1787339100,0.85569,0.85572,0.85567,0.85572,29,13,0
2026-08-21T19:10:00Z,1787339400,0.85572,0.85573,0.85569,0.85572,26,13,0
2026-08-21T19:15:00Z,1787339700,0.85572,0.85572,0.85567,0.8557,28,13,0
2026-08-21T19:20:00Z,1787340000,0.8557,0.85572,0.85568,0.8557,39,13,0
2026-08-21T19:25:00Z,1787340300,0.8557,0.85572,0.85566,0.85567,17,13,0
2026-08-21T19:30:00Z,1787340600,0.85568,0.85569,0.85564,0.85568,25,13,0
2026-08-21T19:35:00Z,1787340900,0.85569,0.85574,0.85569,0.85573,34,13,0
2026-08-21T19:40:00Z,1787341200,0.85573,0.85578,0.85573,0.85575,37,13,0
2026-08-21T19:45:00Z,1787341500,0.85575,0.85576,0.85569,0.8557,41,13,0
2026-08-21T19:50:00Z,1787341800,0.8557,0.85572,0.85563,0.85568,46,13,0
2026-08-21T19:55:00Z,1787342100,0.85568,0.85576,0.85568,0.85571,54,13,0
2026-08-21T20:00:00Z,1787342400,0.85571,0.85572,0.85567,0.85568,23,13,0
2026-08-21T20:05:00Z,1787342700,0.85568,0.85569,0.85561,0.85561,28,13,0
2026-08-21T20:10:00Z,1787343000,0.85561,0.85566,0.85561,0.85566,19,13,0
2026-08-21T20:15:00Z,1787343300,0.85566,0.85567,0.85562,0.85564,33,13,0
2026-08-21T20:20:00Z,1787343600,0.85564,0.85567,0.85563,0.85565,30,13,0
2026-08-21T20:25:00Z,1787343900,0.85564,0.85565,0.8556,0.85564,28,13,0
2026-08-21T20:30:00Z,1787344200,0.85563,0.85569,0.85561,0.85568,39,13,0
2026-08-21T20:35:00Z,1787344500,0.85568,0.85575,0.85565,0.85574,45,13,0
2026-08-21T20:40:00Z,1787344800,0.85574,0.85575,0.85568,0.85572,41,13,0
2026-08-21T20:45:00Z,1787345100,0.85571,0.85579,0.85569,0.85578,93,13,0
2026-08-21T20:50:00Z,1787345400,0.85577,0.85579,0.85572,0.85576,98,13,0
2026-08-21T20:55:00Z,1787345700,0.85578,0.8558,0.85558,0.85571,124,13,0
2026-08-23T21:05:00Z,1787519100,0.85614,0.85619,0.85614,0.85619,4,63,0
2026-08-23T21:10:00Z,1787519400,0.85621,0.85621,0.85612,0.85618,9,57,0
2026-08-23T21:15:00Z,1787519700,0.85619,0.85634,0.85614,0.85634,22,50,0
2026-08-23T21:20:00Z,1787520000,0.85634,0.85634,0.8559,0.85623,33,50,0
2026-08-23T21:25:00Z,1787520300,0.85614,0.85622,0.85614,0.85622,9,50,0
2026-08-23T21:30:00Z,1787520600,0.85622,0.85623,0.85538,0.85546,71,50,0
2026-08-23T21:35:00Z,1787520900,0.8555,0.85594,0.8555,0.8559,62,50,0
2026-08-23T21:40:00Z,1787521200,0.8559,0.85606,0.85583,0.85601,31,50,0
2026-08-23T21:45:00Z,1787521500,0.85601,0.85612,0.85599,0.85611,45,50,0
2026-08-23T21:50:00Z,1787521800,0.85612,0.85618,0.85609,0.85615,22,50,0
2026-08-23T21:55:00Z,1787522100,0.85615,0.85632,0.85599,0.85599,15,39,0
2026-08-23T22:00:00Z,1787522400,0.85602,0.85603,0.85573,0.85581,70,36,0
2026-08-23T22:05:00Z,1787522700,0.85578,0.85584,0.85577,0.85581,18,36,0
2026-08-23T22:10:00Z,1787523000,0.85581,0.85582,0.85569,0.85575,33,36,0
2026-08-23T22:15:00Z,1787523300,0.85575,0.85575,0.85572,0.85574,24,36,0
2026-08-23T22:20:00Z,1787523600,0.85574,0.85574,0.85569,0.85571,13,36,0
2026-08-23T22:25:00Z,1787523900,0.85571,0.85573,0.85568,0.85573,16,36,0
2026-08-23T22:30:00Z,1787524200,0.85573,0.85573,0.85565,0.85566,28,36,0
2026-08-23T22:35:00Z,1787524500,0.85566,0.85567,0.85551,0.85551,27,36,0
2026-08-23T22:40:00Z,1787524800,0.85551,0.8556,0.85551,0.85559,25,36,0
2026-08-23T22:45:00Z,1787525100,0.85559,0.8556,0.85558,0.85558,15,36,0
2026-08-23T22:50:00Z,1787525400,0.85558,0.8556,0.85558,0.85559,17,36,0
2026-08-23T22:55:00Z,1787525700,0.85559,0.85562,0.85559,0.85562,14,36,0
2026-08-23T23:00:00Z,1787526000,0.85574,0.85576,0.85571,0.85575,22,13,0
2026-08-23T23:05:00Z,1787526300,0.85575,0.85575,0.85572,0.85572,12,13,0
2026-08-23T23:10:00Z,1787526600,0.85572,0.85574,0.85567,0.85567,24,13,0
2026-08-23T23:15:00Z,1787526900,0.85567,0.85568,0.85565,0.85565,17,13,0
2026-08-23T23:20:00Z,1787527200,0.85565,0.85566,0.8556,0.85561,18,13,0
2026-08-23T23:25:00Z,1787527500,0.85561,0.85562,0.85559,0.85561,17,13,0
2026-08-23T23:30:00Z,1787527800,0.85561,0.85561,0.85556,0.85557,14,13,0
2026-08-23T23:35:00Z,1787528100,0.85557,0.85557,0.85555,0.85556,16,13,0
2026-08-23T23:40:00Z,1787528400,0.85556,0.85556,0.85552,0.85556,19,13,0
2026-08-23T23:45:00Z,1787528700,0.85556,0.85558,0.85551,0.85552,26,13,0
2026-08-23T23:50:00Z,1787529000,0.85552,0.85554,0.8555,0.85551,19,13,0
2026-08-23T23:55:00Z,1787529300,0.85551,0.85555,0.8555,0.85555,28,13,0
2026-08-24T00:00:00Z,1787529600,0.85555,0.85573,0.85555,0.85571,70,13,0
2026-08-24T00:05:00Z,1787529900,0.85571,0.85574,0.85566,0.85569,52,13,0
2026-08-24T00:10:00Z,1787530200,0.85569,0.85577,0.85569,0.85576,42,13,0
2026-08-24T00:15:00Z,1787530500,0.85576,0.85579,0.85573,0.85577,42,13,0
2026-08-24T00:20:00Z,1787530800,0.85577,0.85585,0.85577,0.85584,42,13,0
2026-08-24T00:25:00Z,1787531100,0.85584,0.85585,0.8558,0.85581,23,13,0
2026-08-24T00:30:00Z,1787531400,0.85581,0.85583,0.85579,0.85579,55,13,0
2026-08-24T00:35:00Z,1787531700,0.85579,0.85582,0.85576,0.8558,55,13,0
2026-08-24T00:40:00Z,1787532000,0.8558,0.85582,0.85577,0.85581,32,13,0
2026-08-24T00:45:00Z,1787532300,0.85581,0.85585,0.8558,0.85583,38,13,0
2026-08-24T00:50:00Z,1787532600,0.85582,0.85584,0.85572,0.85573,40,13,0
2026-08-24T00:55:00Z,1787532900,0.85573,0.85575,0.85567,0.8557,64,13,0
2026-08-24T01:00:00Z,1787533200,0.8557,0.85581,0.85569,0.8558,62,13,0
2026-08-24T01:05:00Z,1787533500,0.8558,0.85585,0.85579,0.85584,32,13,0
2026-08-24T01:10:00Z,1787533800,0.85584,0.85585,0.85581,0.85585,58,13,0
2026-08-24T01:15:00Z,1787534100,0.85585,0.85586,0.85576,0.85577,40,13,0
2026-08-24T01:20:00Z,1787534400,0.85577,0.85585,0.85575,0.85581,46,13,0
2026-08-24T01:25:00Z,1787534700,0.8558,0.85586,0.8558,0.85583,40,13,0
2026-08-24T01:30:00Z,1787535000,0.85584,0.85589,0.85583,0.85589,53,13,0
2026-08-24T01:35:00Z,1787535300,0.85589,0.8559,0.85588,0.85589,55,13,0
2026-08-24T01:40:00Z,1787535600,0.85589,0.85591,0.85588,0.85591,34,13,0
2026-08-24T01:45:00Z,1787535900,0.8559,0.85599,0.8559,0.85598,29,13,0
2026-08-24T01:50:00Z,1787536200,0.85598,0.85598,0.85587,0.85587,42,13,0
2026-08-24T01:55:00Z,1787536500,0.85587,0.8559,0.85586,0.85588,45,13,0
2026-08-24T02:00:00Z,1787536800,0.85587,0.85593,0.85586,0.85588,50,13,0
2026-08-24T02:05:00Z,1787537100,0.85588,0.85591,0.85588,0.85589,27,13,0
2026-08-24T02:10:00Z,1787537400,0.85589,0.85589,0.85585,0.85586,32,13,0
2026-08-24T02:15:00Z,1787537700,0.85586,0.85587,0.85583,0.85584,37,13,0
2026-08-24T02:20:00Z,1787538000,0.85584,0.85585,0.85582,0.85583,36,13,0
2026-08-24T02:25:00Z,1787538300,0.85583,0.85584,0.85578,0.85578,22,13,0
2026-08-24T02:30:00Z,1787538600,0.85578,0.85591,0.85578,0.85591,40,13,0
2026-08-24T02:35:00Z,1787538900,0.85591,0.85591,0.85586,0.85588,32,13,0
2026-08-24T02:40:00Z,1787539200,0.85588,0.85589,0.85585,0.85585,23,13,0
2026-08-24T02:45:00Z,1787539500,0.85585,0.85586,0.85581,0.85582,32,13,0
2026-08-24T02:50:00Z,1787539800,0.85582,0.85582,0.85576,0.85579,29,13,0
2026-08-24T02:55:00Z,1787540100,0.85579,0.85581,0.85577,0.85578,41,13,0
2026-08-24T03:00:00Z,1787540400,0.85578,0.85581,0.85573,0.8558,42,13,0
2026-08-24T03:05:00Z,1787540700,0.8558,0.85584,0.8558,0.85582,30,13,0
2026-08-24T03:10:00Z,1787541000,0.85583,0.85585,0.85582,0.85583,15,13,0
2026-08-24T03:15:00Z,1787541300,0.85583,0.85584,0.8558,0.85581,18,13,0
2026-08-24T03:20:00Z,1787541600,0.85582,0.85582,0.85579,0.8558,15,13,0
2026-08-24T03:25:00Z,1787541900,0.8558,0.85586,0.8558,0.85586,19,13,0
2026-08-24T03:30:00Z,1787542200,0.85586,0.85586,0.85582,0.85583,25,13,0
2026-08-24T03:35:00Z,1787542500,0.85583,0.85584,0.85583,0.85584,18,13,0
2026-08-24T03:40:00Z,1787542800,0.85584,0.85586,0.85583,0.85586,17,13,0
2026-08-24T03:45:00Z,1787543100,0.85586,0.8559,0.85586,0.85588,24,13,0
2026-08-24T03:50:00Z,1787543400,0.85588,0.8559,0.85587,0.85588,35,13,0
2026-08-24T03:55:00Z,1787543700,0.85587,0.85589,0.85585,0.85589,23,13,0
2026-08-24T04:00:00Z,1787544000,0.85588,0.85588,0.85584,0.85586,28,13,0
2026-08-24T04:05:00Z,1787544300,0.85585,0.85586,0.85582,0.85584,29,13,0
2026-08-24T04:10:00Z,1787544600,0.85584,0.85584,0.8558,0.85583,28,13,0
2026-08-24T04:15:00Z,1787544900,0.85583,0.85589,0.85583,0.85589,45,13,0
2026-08-24T04:20:00Z,1787545200,0.85589,0.85589,0.85586,0.85589,30,13,0
2026-08-24T04:25:00Z,1787545500,0.85589,0.85591,0.85588,0.85588,29,13,0
2026-08-24T04:30:00Z,1787545800,0.85588,0.85593,0.85587,0.8559,46,13,0
2026-08-24T04:35:00Z,1787546100,0.8559,0.85595,0.85589,0.85593,44,13,0
2026-08-24T04:40:00Z,1787546400,0.85593,0.85595,0.85593,0.85594,24,13,0
2026-08-24T04:45:00Z,1787546700,0.85594,0.85596,0.85592,0.85595,41,13,0
2026-08-24T04:50:00Z,1787547000,0.85596,0.85596,0.85595,0.85596,24,13,0
2026-08-24T04:55:00Z,1787547300,0.85596,0.85599,0.85595,0.85597,47,13,0
2026-08-24T05:00:00Z,1787547600,0.85598,0.85602,0.85596,0.85596,46,13,0
2026-08-24T05:05:00Z,1787547900,0.85596,0.856,0.85596,0.85598,22,13,0
2026-08-24T05:10:00Z,1787548200,0.85598,0.85598,0.85596,0.85596,22,13,0
2026-08-24T05:15:00Z,1787548500,0.85596,0.85597,0.85593,0.85593,28,13,0
2026-08-24T05:20:00Z,1787548800,0.85593,0.85596,0.85593,0.85596,31,13,0
2026-08-24T05:25:00Z,1787549100,0.85596,0.85598,0.85595,0.85596,27,13,0
2026-08-24T05:30:00Z,1787549400,0.85596,0.85604,0.85596,0.85603,33,13,0
2026-08-24T05:35:00Z,1787549700,0.85603,0.85605,0.85602,0.85603,18,13,0
2026-08-24T05:40:00Z,1787550000,0.85603,0.85604,0.85599,0.85599,24,13,0
2026-08-24T05:45:00Z,1787550300,0.85599,0.85603,0.85599,0.85599,28,13,0
2026-08-24T05:50:00Z,1787550600,0.85599,0.85599,0.85595,0.85596,15,13,0
2026-08-24T05:55:00Z,1787550900,0.85596,0.85606,0.85596,0.85604,39,13,0
2026-08-24T06:00:00Z,1787551200,0.85604,0.85604,0.85596,0.85601,66,13,0
2026-08-24T06:05:00Z,1787551500,0.85601,0.85601,0.85592,0.85596,45,13,0
2026-08-24T06:10:00Z,1787551800,0.85596,0.85596,0.85587,0.85594,60,13,0
2026-08-24T06:15:00Z,1787552100,0.85593,0.85597,0.85585,0.85597,57,13,0
2026-08-24T06:20:00Z,1787552400,0.85597,0.85597,0.85585,0.85585,67,13,0
2026-08-24T06:25:00Z,1787552700,0.85584,0.85592,0.85581,0.85592,63,13,0
2026-08-24T06:30:00Z,1787553000,0.85593,0.85597,0.85589,0.85593,71,13,0
2026-08-24T06:35:00Z,1787553300,0.85593,0.85601,0.85592,0.85595,38,13,0
2026-08-24T06:40:00Z,1787553600,0.85595,0.85601,0.85591,0.85597,65,13,0
2026-08-24T06:45:00Z,1787553900,0.85597,0.85608,0.85595,0.85607,49,13,0
2026-08-24T06:50:00Z,1787554200,0.85606,0.85606,0.85582,0.85585,52,13,0
2026-08-24T06:55:00Z,1787554500,0.85585,0.85593,0.85583,0.85585,77,13,0
2026-08-24T07:00:00Z,1787554800,0.85585,0.85587,0.85567,0.85567,75,13,0
2026-08-24T07:05:00Z,1787555100,0.85567,0.85572,0.85561,0.85567,55,13,0
2026-08-24T07:10:00Z,1787555400,0.85567,0.85568,0.85548,0.8555,62,13,0
2026-08-24T07:15:00Z,1787555700,0.8555,0.85553,0.85547,0.85547,57,13,0
2026-08-24T07:20:00Z,1787556000,0.85547,0.85557,0.85537,0.85555,60,13,0
2026-08-24T07:25:00Z,1787556300,0.85555,0.85562,0.85543,0.85561,78,13,0
2026-08-24T07:30:00Z,1787556600,0.85561,0.85561,0.85542,0.85545,84,13,0
2026-08-24T07:35:00Z,1787556900,0.85545,0.85545,0.85537,0.85538,54,13,0
2026-08-24T07:40:00Z,1787557200,0.85538,0.85561,0.85537,0.85561,107,13,0
2026-08-24T07:45:00Z,1787557500,0.85562,0.8557,0.85553,0.85555,81,13,0
2026-08-24T07:50:00Z,1787557800,0.85555,0.85557,0.85545,0.85551,83,13,0
2026-08-24T07:55:00Z,1787558100,0.8555,0.85576,0.85547,0.85576,111,13,0
2026-08-24T08:00:00Z,1787558400,0.85576,0.85585,0.85556,0.8556,118,13,0
2026-08-24T08:05:00Z,1787558700,0.8556,0.85561,0.85542,0.85548,109,13,0
2026-08-24T08:10:00Z,1787559000,0.85548,0.85568,0.85541,0.85568,92,13,0
2026-08-24T08:15:00Z,1787559300,0.85568,0.8557,0.85556,0.85557,92,13,0
2026-08-24T08:20:00Z,1787559600,0.85558,0.85575,0.85557,0.85574,69,13,0
2026-08-24T08:25:00Z,1787559900,0.85573,0.85581,0.85567,0.8557,116,13,0
2026-08-24T08:30:00Z,1787560200,0.8557,0.85572,0.8556,0.85563,80,13,0
2026-08-24T08:35:00Z,1787560500,0.85565,0.8557,0.85561,0.8557,83,13,0
2026-08-24T08:40:00Z,1787560800,0.8557,0.85578,0.85561,0.85574,65,13,0
2026-08-24T08:45:00Z,1787561100,0.85575,0.85582,0.85571,0.85575,58,13,0
2026-08-24T08:50:00Z,1787561400,0.85576,0.8559,0.85569,0.85588,71,13,0
2026-08-24T08:55:00Z,1787561700,0.85588,0.85615,0.85586,0.85615,90,13,0
2026-08-24T09:00:00Z,1787562000,0.85615,0.85615,0.85595,0.85596,88,13,0
2026-08-24T09:05:00Z,1787562300,0.85595,0.856,0.85587,0.85598,71,13,0
2026-08-24T09:10:00Z,1787562600,0.85599,0.85599,0.8557,0.85577,72,13,0
2026-08-24T09:15:00Z,1787562900,0.85577,0.8558,0.85561,0.85562,71,13,0
2026-08-24T09:20:00Z,1787563200,0.85562,0.85573,0.85561,0.85569,72,13,0
2026-08-24T09:25:00Z,1787563500,0.85568,0.85575,0.85564,0.85566,56,13,0
2026-08-24T09:30:00Z,1787563800,0.85566,0.85572,0.85562,0.85562,67,13,0
2026-08-24T09:35:00Z,1787564100,0.85562,0.85572,0.85562,0.85567,48,13,0
2026-08-24T09:40:00Z,1787564400,0.85566,0.85571,0.85564,0.85565,48,13,0
2026-08-24T09:45:00Z,1787564700,0.85565,0.85567,0.85562,0.85562,45,13,0
2026-08-24T09:50:00Z,1787565000,0.85562,0.85563,0.85556,0.85556,50,13,0
2026-08-24T09:55:00Z,1787565300,0.85556,0.85557,0.85545,0.85547,62,13,0
2026-08-24T10:00:00Z,1787565600,0.85546,0.8556,0.85546,0.85555,72,13,0
2026-08-24T10:05:00Z,1787565900,0.85555,0.85568,0.85553,0.85568,51,13,0
2026-08-24T10:10:00Z,1787566200,0.85567,0.8557,0.85562,0.85563,40,13,0
2026-08-24T10:15:00Z,1787566500,0.85563,0.85567,0.85561,0.85562,47,13,0
2026-08-24T10:20:00Z,1787566800,0.85562,0.85563,0.85556,0.85556,33,13,0
2026-08-24T10:25:00Z,1787567100,0.85554,0.85562,0.8555,0.85561,57,13,0
2026-08-24T10:30:00Z,1787567400,0.85562,0.85572,0.85561,0.85571,45,13,0
2026-08-24T10:35:00Z,1787567700,0.85572,0.85573,0.85568,0.85568,42,13,0
2026-08-24T10:40:00Z,1787568000,0.85568,0.85582,0.85566,0.85581,64,13,0
2026-08-24T10:45:00Z,1787568300,0.85581,0.85585,0.85571,0.85584,58,13,0
2026-08-24T10:50:00Z,1787568600,0.85584,0.856,0.85582,0.856,59,13,0
2026-08-24T10:55:00Z,1787568900,0.856,0.85601,0.8559,0.85597,72,13,0
2026-08-24T11:00:00Z,1787569200,0.85597,0.85608,0.85586,0.85602,77,13,0
2026-08-24T11:05:00Z,1787569500,0.85604,0.85605,0.85587,0.8559,73,13,0
2026-08-24T11:10:00Z,1787569800,0.8559,0.85596,0.85586,0.85589,59,13,0
2026-08-24T11:15:00Z,1787570100,0.8559,0.85597,0.85589,0.85592,48,13,0
2026-08-24T11:20:00Z,1787570400,0.85592,0.85595,0.85591,0.85593,42,13,0
2026-08-24T11:25:00Z,1787570700,0.85593,0.856,0.85591,0.85592,55,13,0
2026-08-24T11:30:00Z,1787571000,0.85591,0.85591,0.85579,0.85579,55,13,0
2026-08-24T11:35:00Z,1787571300,0.8558,0.8558,0.8556,0.85561,122,13,0
2026-08-24T11:40:00Z,1787571600,0.85562,0.85565,0.85551,0.85555,76,13,0
2026-08-24T11:45:00Z,1787571900,0.85554,0.85562,0.85551,0.85562,55,13,0
2026-08-24T11:50:00Z,1787572200,0.85561,0.85562,0.85544,0.85545,85,13,0
2026-08-24T11:55:00Z,1787572500,0.85545,0.85548,0.85531,0.85535,94,13,0
2026-08-24T12:00:00Z,1787572800,0.85534,0.85552,0.85533,0.85549,84,13,0
2026-08-24T12:05:00Z,1787573100,0.85549,0.85551,0.85536,0.85543,96,13,0
2026-08-24T12:10:00Z,1787573400,0.85543,0.85545,0.85541,0.85545,44,13,0
2026-08-24T12:15:00Z,1787573700,0.85546,0.85562,0.85545,0.85555,77,13,0
2026-08-24T12:20:00Z,1787574000,0.85555,0.85556,0.85546,0.85554,100,13,0
2026-08-24T12:25:00Z,1787574300,0.85554,0.85554,0.85541,0.85546,64,13,0
2026-08-24T12:30:00Z,1787574600,0.85545,0.85545,0.85532,0.85533,97,13,0
2026-08-24T12:35:00Z,1787574900,0.85533,0.85538,0.85525,0.85527,90,13,0
2026-08-24T12:40:00Z,1787575200,0.85527,0.85539,0.85527,0.85539,78,13,0
2026-08-24T12:45:00Z,1787575500,0.85539,0.85545,0.85534,0.85539,75,13,0
2026-08-24T12:50:00Z,1787575800,0.8554,0.85543,0.8552,0.85522,66,13,0
2026-08-24T12:55:00Z,1787576100,0.85522,0.85532,0.8552,0.85529,101,13,0
2026-08-24T13:00:00Z,1787576400,0.85529,0.85529,0.8552,0.85527,70,13,0
2026-08-24T13:05:00Z,1787576700,0.85528,0.85533,0.85509,0.85511,64,13,0
2026-08-24T13:10:00Z,1787577000,0.85511,0.85528,0.85511,0.85525,84,13,0
2026-08-24T13:15:00Z,1787577300,0.85525,0.85536,0.85517,0.8552,70,13,0
2026-08-24T13:20:00Z,1787577600,0.8552,0.85533,0.85518,0.85524,78,13,0
2026-08-24T13:25:00Z,1787577900,0.85524,0.85533,0.85523,0.85533,77,13,0
2026-08-24T13:30:00Z,1787578200,0.85534,0.85542,0.85533,0.85533,84,13,0
2026-08-24T13:35:00Z,1787578500,0.85534,0.85534,0.85515,0.85518,118,13,0
2026-08-24T13:40:00Z,1787578800,0.8552,0.85521,0.85499,0.85521,105,13,0
2026-08-24T13:45:00Z,1787579100,0.85519,0.85526,0.85514,0.85517,106,13,0
2026-08-24T13:50:00Z,1787579400,0.85517,0.85527,0.85509,0.85515,91,13,0
2026-08-24T13:55:00Z,1787579700,0.85515,0.85521,0.85506,0.85509,86,13,0
2026-08-24T14:00:00Z,1787580000,0.85509,0.85523,0.85506,0.85517,114,13,0
2026-08-24T14:05:00Z,1787580300,0.85516,0.8553,0.85514,0.85525,82,13,0
2026-08-24T14:10:00Z,1787580600,0.85524,0.85534,0.85512,0.85533,77,13,0
2026-08-24T14:15:00Z,1787580900,0.85534,0.85544,0.85532,0.85542,85,13,0
2026-08-24T14:20:00Z,1787581200,0.85542,0.85543,0.8553,0.85533,83,13,0
2026-08-24T14:25:00Z,1787581500,0.85533,0.85549,0.85531,0.85549,84,13,0
2026-08-24T14:30:00Z,1787581800,0.8555,0.85559,0.85547,0.85555,86,13,0
2026-08-24T14:35:00Z,1787582100,0.85554,0.85556,0.85538,0.85538,83,13,0
2026-08-24T14:40:00Z,1787582400,0.85538,0.8554,0.85529,0.85529,89,13,0
2026-08-24T14:45:00Z,1787582700,0.85529,0.85548,0.85529,0.85548,63,13,0
2026-08-24T14:50:00Z,1787583000,0.85548,0.85551,0.8553,0.85551,93,13,0
2026-08-24T14:55:00Z,1787583300,0.85551,0.85567,0.85548,0.85555,147,13,0
2026-08-24T15:00:00Z,1787583600,0.85556,0.85557,0.85537,0.8554,118,13,0
2026-08-24T15:05:00Z,1787583900,0.8554,0.85545,0.85532,0.85542,81,13,0
2026-08-24T15:10:00Z,1787584200,0.85544,0.85546,0.85535,0.85537,84,13,0
2026-08-24T15:15:00Z,1787584500,0.85537,0.85546,0.85532,0.85544,72,13,0
2026-08-24T15:20:00Z,1787584800,0.85545,0.85552,0.85545,0.85551,61,13,0
2026-08-24T15:25:00Z,1787585100,0.85551,0.85555,0.85537,0.85542,86,13,0
2026-08-24T15:30:00Z,1787585400,0.85541,0.85547,0.85539,0.85546,91,13,0
2026-08-24T15:35:00Z,1787585700,0.85547,0.85566,0.85546,0.85562,62,13,0
2026-08-24T15:40:00Z,1787586000,0.85562,0.85573,0.85562,0.85572,69,13,0
2026-08-24T15:45:00Z,1787586300,0.85572,0.85577,0.85568,0.85576,68,13,0
2026-08-24T15:50:00Z,1787586600,0.85576,0.85579,0.85573,0.85577,58,13,0
2026-08-24T15:55:00Z,1787586900,0.85578,0.85583,0.85574,0.85575,63,13,0
2026-08-24T16:00:00Z,1787587200,0.85575,0.85576,0.85566,0.85571,98,13,0
2026-08-24T16:05:00Z,1787587500,0.85571,0.85573,0.85567,0.85572,68,13,0
2026-08-24T16:10:00Z,1787587800,0.85572,0.85582,0.85572,0.85576,70,13,0
2026-08-24T16:15:00Z,1787588100,0.85576,0.85576,0.85565,0.85566,64,13,0
2026-08-24T16:20:00Z,1787588400,0.85566,0.85568,0.85558,0.8556,51,13,0
2026-08-24T16:25:00Z,1787588700,0.8556,0.8556,0.85554,0.85557,49,13,0
2026-08-24T16:30:00Z,1787589000,0.85557,0.85557,0.85546,0.85553,59,13,0
2026-08-24T16:35:00Z,1787589300,0.85553,0.85557,0.85551,0.85555,64,13,0
2026-08-24T16:40:00Z,1787589600,0.85555,0.85559,0.85554,0.85555,45,13,0
2026-08-24T16:45:00Z,1787589900,0.85555,0.85558,0.8555,0.85557,56,13,0
2026-08-24T16:50:00Z,1787590200,0.85558,0.85566,0.85555,0.85563,51,13,0
2026-08-24T16:55:00Z,1787590500,0.85562,0.85566,0.85547,0.85547,79,13,0
2026-08-24T17:00:00Z,1787590800,0.85546,0.85551,0.85542,0.85547,70,13,0
2026-08-24T17:05:00Z,1787591100,0.85547,0.85551,0.85542,0.85546,72,13,0
2026-08-24T17:10:00Z,1787591400,0.85546,0.8555,0.85542,0.85543,53,13,0
2026-08-24T17:15:00Z,1787591700,0.85543,0.85545,0.85538,0.85541,75,13,0
2026-08-24T17:20:00Z,1787592000,0.85541,0.85543,0.85533,0.85535,78,13,0
2026-08-24T17:25:00Z,1787592300,0.85535,0.85541,0.85533,0.8554,64,13,0
2026-08-24T17:30:00Z,1787592600,0.8554,0.85542,0.85536,0.85542,48,13,0
2026-08-24T17:35:00Z,1787592900,0.85542,0.85547,0.85541,0.85541,40,13,0
2026-08-24T17:40:00Z,1787593200,0.85542,0.85544,0.85539,0.8554,36,13,0
2026-08-24T17:45:00Z,1787593500,0.8554,0.85542,0.85533,0.85538,45,13,0
2026-08-24T17:50:00Z,1787593800,0.85538,0.8554,0.85536,0.85538,42,13,0
2026-08-24T17:55:00Z,1787594100,0.85538,0.85545,0.85538,0.85543,41,13,0
2026-08-24T18:00:00Z,1787594400,0.85543,0.85549,0.85543,0.85549,30,13,0
2026-08-24T18:05:00Z,1787594700,0.85549,0.85552,0.85548,0.85551,29,13,0
2026-08-24T18:10:00Z,1787595000,0.85551,0.85552,0.85549,0.8555,23,13,0
2026-08-24T18:15:00Z,1787595300,0.8555,0.85552,0.85548,0.85551,43,13,0
2026-08-24T18:20:00Z,1787595600,0.85551,0.85551,0.85546,0.85548,22,13,0
2026-08-24T18:25:00Z,1787595900,0.85547,0.85552,0.85544,0.85552,24,13,0
2026-08-24T18:30:00Z,1787596200,0.85552,0.85552,0.85545,0.8555,34,13,0
2026-08-24T18:35:00Z,1787596500,0.8555,0.85555,0.8555,0.85551,24,13,0
2026-08-24T18:40:00Z,1787596800,0.85552,0.85554,0.8555,0.85551,25,13,0
2026-08-24T18:45:00Z,1787597100,0.85551,0.85555,0.8555,0.85555,20,13,0
2026-08-24T18:50:00Z,1787597400,0.85554,0.85559,0.85551,0.85559,37,13,0
2026-08-24T18:55:00Z,1787597700,0.85559,0.85566,0.85559,0.85562,45,13,0
2026-08-24T19:00:00Z,1787598000,0.85561,0.85562,0.85558,0.85562,39,13,0
2026-08-24T19:05:00Z,1787598300,0.85562,0.85567,0.85561,0.85567,31,13,0
2026-08-24T19:10:00Z,1787598600,0.85567,0.85569,0.85564,0.85564,20,13,0
2026-08-24T19:15:00Z,1787598900,0.85564,0.85565,0.85561,0.85562,32,13,0
2026-08-24T19:20:00Z,1787599200,0.85562,0.85564,0.8556,0.85563,21,13,0
2026-08-24T19:25:00Z,1787599500,0.85563,0.85565,0.8556,0.85565,16,13,0
2026-08-24T19:30:00Z,1787599800,0.85565,0.8557,0.85565,0.85567,34,13,0
2026-08-24T19:35:00Z,1787600100,0.85567,0.85569,0.85565,0.85567,21,13,0
2026-08-24T19:40:00Z,1787600400,0.85567,0.85567,0.85558,0.85565,27,13,0
2026-08-24T19:45:00Z,1787600700,0.85565,0.85567,0.85561,0.85562,17,13,0
2026-08-24T19:50:00Z,1787601000,0.85562,0.85564,0.8556,0.85561,21,13,0
2026-08-24T19:55:00Z,1787601300,0.85561,0.85562,0.85556,0.85562,38,13,0
2026-08-24T20:00:00Z,1787601600,0.85562,0.85562,0.85558,0.85559,21,13,0
2026-08-24T20:05:00Z,1787601900,0.85559,0.8556,0.85551,0.85558,32,13,0
2026-08-24T20:10:00Z,1787602200,0.85558,0.85559,0.85557,0.85559,13,13,0
2026-08-24T20:15:00Z,1787602500,0.85559,0.8556,0.85558,0.85559,9,13,0
2026-08-24T20:20:00Z,1787602800,0.85559,0.85564,0.85559,0.85564,14,13,0
2026-08-24T20:25:00Z,1787603100,0.85564,0.85564,0.8556,0.85563,14,13,0
2026-08-24T20:30:00Z,1787603400,0.85562,0.85565,0.85561,0.85564,12,13,0
2026-08-24T20:35:00Z,1787603700,0.85564,0.85567,0.85563,0.85566,15,13,0
2026-08-24T20:40:00Z,1787604000,0.85566,0.85566,0.85561,0.85562,15,13,0
2026-08-24T20:45:00Z,1787604300,0.85562,0.85566,0.85562,0.85565,17,13,0
2026-08-24T20:50:00Z,1787604600,0.85565,0.85568,0.85564,0.85565,22,13,0
2026-08-24T20:55:00Z,1787604900,0.85565,0.85567,0.85561,0.85566,37,13,0
2026-08-24T21:00:00Z,1787605200,0.85567,0.85567,0.85565,0.85565,2,13,0
2026-08-24T21:05:00Z,1787605500,0.85564,0.85564,0.85553,0.85553,14,13,0
2026-08-24T21:10:00Z,1787605800,0.85552,0.85554,0.85546,0.85548,31,29,0
2026-08-24T21:15:00Z,1787606100,0.85547,0.8556,0.85544,0.85554,72,18,0
2026-08-24T21:20:00Z,1787606400,0.85553,0.85557,0.85544,0.85547,58,24,0
2026-08-24T21:25:00Z,1787606700,0.85548,0.85549,0.85539,0.85541,45,34,0
2026-08-24T21:30:00Z,1787607000,0.8554,0.85547,0.85537,0.85544,71,34,0
2026-08-24T21:35:00Z,1787607300,0.85545,0.85551,0.85541,0.85551,36,27,0
2026-08-24T21:40:00Z,1787607600,0.8555,0.85552,0.85547,0.85547,20,25,0
2026-08-24T21:45:00Z,1787607900,0.85547,0.85552,0.85531,0.85534,104,27,0
2026-08-24T21:50:00Z,1787608200,0.85536,0.85538,0.85525,0.8553,101,42,0
2026-08-24T21:55:00Z,1787608500,0.85529,0.85543,0.85526,0.85542,61,35,0
2026-08-24T22:00:00Z,1787608800,0.85541,0.85552,0.85541,0.85547,26,25,0
2026-08-24T22:05:00Z,1787609100,0.85547,0.85553,0.85547,0.8555,16,25,0
2026-08-24T22:10:00Z,1787609400,0.8555,0.85551,0.85547,0.85551,16,25,0
2026-08-24T22:15:00Z,1787609700,0.85551,0.85551,0.85549,0.8555,14,25,0
2026-08-24T22:20:00Z,1787610000,0.8555,0.85551,0.85549,0.85551,16,25,0
2026-08-24T22:25:00Z,1787610300,0.85551,0.85552,0.85548,0.85548,12,25,0
2026-08-24T22:30:00Z,1787610600,0.85548,0.8555,0.85548,0.8555,13,25,0
2026-08-24T22:35:00Z,1787610900,0.8555,0.85551,0.85547,0.8555,10,25,0
2026-08-24T22:40:00Z,1787611200,0.8555,0.8555,0.85545,0.85545,18,25,0
2026-08-24T22:45:00Z,1787611500,0.85545,0.85548,0.85544,0.85544,16,25,0
2026-08-24T22:50:00Z,1787611800,0.85544,0.85545,0.85544,0.85545,8,25,0
2026-08-24T22:55:00Z,1787612100,0.85545,0.85545,0.85544,0.85544,8,25,0
2026-08-24T23:00:00Z,1787612400,0.8555,0.85553,0.85548,0.8555,24,13,0
2026-08-24T23:05:00Z,1787612700,0.8555,0.8555,0.85547,0.8555,12,13,0
2026-08-24T23:10:00Z,1787613000,0.8555,0.85551,0.85548,0.85548,13,13,0
2026-08-24T23:15:00Z,1787613300,0.85548,0.85551,0.85548,0.8555,16,13,0
2026-08-24T23:20:00Z,1787613600,0.8555,0.85551,0.85549,0.85549,11,13,0
2026-08-24T23:25:00Z,1787613900,0.85549,0.85549,0.85546,0.85546,8,13,0
2026-08-24T23:30:00Z,1787614200,0.85546,0.85548,0.85545,0.85547,13,13,0
2026-08-24T23:35:00Z,1787614500,0.85547,0.85549,0.85547,0.85548,20,13,0
2026-08-24T23:40:00Z,1787614800,0.85548,0.85551,0.85547,0.85551,13,13,0
2026-08-24T23:45:00Z,1787615100,0.85551,0.85552,0.8555,0.85552,20,13,0
2026-08-24T23:50:00Z,1787615400,0.85552,0.85555,0.85551,0.85553,25,13,0
2026-08-24T23:55:00Z,1787615700,0.85553,0.85553,0.85548,0.85552,22,13,0
2026-08-25T00:00:00Z,1787616000,0.85551,0.85554,0.85548,0.85554,38,13,0
2026-08-25T00:05:00Z,1787616300,0.85554,0.85557,0.85554,0.85556,36,13,0
2026-08-25T00:10:00Z,1787616600,0.85556,0.85561,0.85556,0.8556,34,13,0
2026-08-25T00:15:00Z,1787616900,0.8556,0.8556,0.85554,0.85555,34,13,0
2026-08-25T00:20:00Z,1787617200,0.85555,0.85555,0.85554,0.85554,25,13,0
2026-08-25T00:25:00Z,1787617500,0.85554,0.85555,0.85552,0.85553,19,13,0
2026-08-25T00:30:00Z,1787617800,0.85553,0.85554,0.85544,0.85549,35,13,0
2026-08-25T00:35:00Z,1787618100,0.85549,0.85551,0.85548,0.85549,45,13,0
2026-08-25T00:40:00Z,1787618400,0.85549,0.85551,0.85548,0.8555,32,13,0
2026-08-25T00:45:00Z,1787618700,0.8555,0.85554,0.85548,0.85553,54,13,0
2026-08-25T00:50:00Z,1787619000,0.85553,0.85559,0.85553,0.85554,56,13,0
2026-08-25T00:55:00Z,1787619300,0.85555,0.85556,0.85543,0.85545,59,13,0
2026-08-25T01:00:00Z,1787619600,0.85545,0.85546,0.85542,0.85543,62,13,0
2026-08-25T01:05:00Z,1787619900,0.85543,0.85545,0.85537,0.8554,38,13,0
2026-08-25T01:10:00Z,1787620200,0.8554,0.85541,0.85537,0.85539,39,13,0
2026-08-25T01:15:00Z,1787620500,0.85539,0.85548,0.85539,0.85545,53,13,0
2026-08-25T01:20:00Z,1787620800,0.85546,0.85546,0.85543,0.85545,53,13,0
2026-08-25T01:25:00Z,1787621100,0.85544,0.8555,0.85544,0.85546,55,13,0
2026-08-25T01:30:00Z,1787621400,0.85546,0.85547,0.85538,0.85541,42,13,0
2026-08-25T01:35:00Z,1787621700,0.85541,0.85542,0.85537,0.85539,53,13,0
2026-08-25T01:40:00Z,1787622000,0.85539,0.85542,0.85536,0.85541,43,13,0
2026-08-25T01:45:00Z,1787622300,0.85541,0.85544,0.85539,0.85544,32,13,0
2026-08-25T01:50:00Z,1787622600,0.85544,0.85548,0.8554,0.85542,46,13,0
2026-08-25T01:55:00Z,1787622900,0.85544,0.8555,0.85544,0.85548,71,13,0
2026-08-25T02:00:00Z,1787623200,0.85548,0.85552,0.85546,0.85549,47,13,0
2026-08-25T02:05:00Z,1787623500,0.85549,0.8555,0.85541,0.85541,36,13,0
2026-08-25T02:10:00Z,1787623800,0.85541,0.85541,0.85538,0.8554,38,13,0
2026-08-25T02:15:00Z,1787624100,0.85539,0.85545,0.85539,0.85542,33,13,0
2026-08-25T02:20:00Z,1787624400,0.85541,0.85544,0.85539,0.8554,33,13,0
2026-08-25T02:25:00Z,1787624700,0.8554,0.85542,0.8554,0.8554,37,13,0
2026-08-25T02:30:00Z,1787625000,0.8554,0.85542,0.85538,0.8554,50,13,0
2026-08-25T02:35:00Z,1787625300,0.8554,0.85541,0.85533,0.85533,42,13,0
2026-08-25T02:40:00Z,1787625600,0.85533,0.85534,0.85531,0.85533,25,13,0
2026-08-25T02:45:00Z,1787625900,0.85534,0.85537,0.85533,0.85536,53,13,0
2026-08-25T02:50:00Z,1787626200,0.85536,0.85539,0.85535,0.85536,50,13,0
2026-08-25T02:55:00Z,1787626500,0.85536,0.85537,0.85533,0.85533,40,13,0
2026-08-25T03:00:00Z,1787626800,0.85533,0.85539,0.85533,0.85538,47,13,0
2026-08-25T03:05:00Z,1787627100,0.85538,0.85541,0.85535,0.85535,33,13,0
2026-08-25T03:10:00Z,1787627400,0.85535,0.85538,0.85535,0.85536,31,13,0
2026-08-25T03:15:00Z,1787627700,0.85536,0.85539,0.85536,0.85538,30,13,0
2026-08-25T03:20:00Z,1787628000,0.85538,0.85539,0.85537,0.85538,21,13,0
2026-08-25T03:25:00Z,1787628300,0.85538,0.85542,0.85534,0.85538,31,13,0
2026-08-25T03:30:00Z,1787628600,0.85538,0.85541,0.85538,0.8554,21,13,0
2026-08-25T03:35:00Z,1787628900,0.8554,0.85544,0.85538,0.85543,36,13,0
2026-08-25T03:40:00Z,1787629200,0.85544,0.85544,0.8554,0.8554,42,13,0
2026-08-25T03:45:00Z,1787629500,0.8554,0.85546,0.8554,0.85544,23,13,0
2026-08-25T03:50:00Z,1787629800,0.85543,0.85548,0.85543,0.85546,35,13,0
2026-08-25T03:55:00Z,1787630100,0.85546,0.8555,0.85545,0.8555,54,13,0
2026-08-25T04:00:00Z,1787630400,0.8555,0.85552,0.85548,0.85549,25,13,0
2026-08-25T04:05:00Z,1787630700,0.85549,0.85552,0.85546,0.85548,56,13,0
2026-08-25T04:10:00Z,1787631000,0.85549,0.85549,0.85544,0.85548,46,13,0
2026-08-25T04:15:00Z,1787631300,0.85548,0.8555,0.85546,0.85548,41,13,0
2026-08-25T04:20:00Z,1787631600,0.85548,0.8555,0.85544,0.85545,40,13,0
2026-08-25T04:25:00Z,1787631900,0.85545,0.85545,0.85539,0.8554,32,13,0
2026-08-25T04:30:00Z,1787632200,0.85539,0.8554,0.85534,0.85535,31,13,0
2026-08-25T04:35:00Z,1787632500,0.85535,0.85535,0.8553,0.85533,40,13,0
2026-08-25T04:40:00Z,1787632800,0.85533,0.85534,0.85531,0.85533,41,13,0
2026-08-25T04:45:00Z,1787633100,0.85533,0.85535,0.85531,0.85531,32,13,0
2026-08-25T04:50:00Z,1787633400,0.85531,0.85532,0.85528,0.85529,32,13,0
2026-08-25T04:55:00Z,1787633700,0.85528,0.85533,0.85528,0.85532,32,13,0
2026-08-25T05:00:00Z,1787634000,0.85532,0.85533,0.85526,0.85526,40,13,0
2026-08-25T05:05:00Z,1787634300,0.85525,0.85526,0.85522,0.85522,44,13,0
2026-08-25T05:10:00Z,1787634600,0.85522,0.85528,0.85522,0.85528,43,13,0
2026-08-25T05:15:00Z,1787634900,0.85527,0.85529,0.85524,0.85524,20,13,0
2026-08-25T05:20:00Z,1787635200,0.85524,0.85524,0.8552,0.85524,24,13,0
2026-08-25T05:25:00Z,1787635500,0.85525,0.85533,0.85524,0.85531,38,13,0
2026-08-25T05:30:00Z,1787635800,0.85531,0.85533,0.85526,0.85532,43,13,0
2026-08-25T05:35:00Z,1787636100,0.85533,0.85537,0.85533,0.85534,17,13,0
2026-08-25T05:40:00Z,1787636400,0.85534,0.85538,0.85534,0.85535,28,13,0
2026-08-25T05:45:00Z,1787636700,0.85535,0.85543,0.85534,0.8554,26,13,0
2026-08-25T05:50:00Z,1787637000,0.8554,0.85544,0.85539,0.85542,23,13,0
2026-08-25T05:55:00Z,1787637300,0.85541,0.85544,0.85537,0.85538,60,13,0
2026-08-25T06:00:00Z,1787637600,0.85538,0.85544,0.85535,0.85543,62,13,0
2026-08-25T06:05:00Z,1787637900,0.85543,0.85543,0.85535,0.85535,48,13,0
2026-08-25T06:10:00Z,1787638200,0.85535,0.85544,0.85534,0.85541,53,13,0
2026-08-25T06:15:00Z,1787638500,0.8554,0.85553,0.85539,0.85551,43,13,0
2026-08-25T06:20:00Z,1787638800,0.85551,0.85552,0.85546,0.85547,55,13,0
2026-08-25T06:25:00Z,1787639100,0.85547,0.85548,0.85541,0.85542,44,13,0
2026-08-25T06:30:00Z,1787639400,0.85542,0.8555,0.85541,0.8555,45,13,0
2026-08-25T06:35:00Z,1787639700,0.8555,0.85552,0.85534,0.85536,64,13,0
2026-08-25T06:40:00Z,1787640000,0.85536,0.85537,0.85521,0.85521,70,13,0
2026-08-25T06:45:00Z,1787640300,0.85521,0.85525,0.8552,0.85522,43,13,0
2026-08-25T06:50:00Z,1787640600,0.85523,0.85524,0.85515,0.85517,50,13,0
2026-08-25T06:55:00Z,1787640900,0.85517,0.85518,0.85502,0.85502,78,13,0
2026-08-25T07:00:00Z,1787641200,0.85502,0.85504,0.85484,0.85491,111,13,0
2026-08-25T07:05:00Z,1787641500,0.85491,0.85492,0.85462,0.85464,87,13,0
2026-08-25T07:10:00Z,1787641800,0.85464,0.85471,0.85457,0.85467,76,13,0
2026-08-25T07:15:00Z,1787642100,0.85468,0.85474,0.85465,0.85473,74,13,0
2026-08-25T07:20:00Z,1787642400,0.85473,0.85489,0.85472,0.85487,39,13,0
2026-08-25T07:25:00Z,1787642700,0.85487,0.8549,0.85478,0.8548,60,13,0
2026-08-25T07:30:00Z,1787643000,0.8548,0.85488,0.85477,0.85486,63,13,0
2026-08-25T07:35:00Z,1787643300,0.85485,0.85487,0.8547,0.85472,70,13,0
2026-08-25T07:40:00Z,1787643600,0.85471,0.85477,0.8547,0.85472,52,13,0
2026-08-25T07:45:00Z,1787643900,0.85472,0.85473,0.85464,0.85464,50,13,0
2026-08-25T07:50:00Z,1787644200,0.85464,0.85482,0.85463,0.85481,70,13,0
2026-08-25T07:55:00Z,1787644500,0.85481,0.85485,0.85474,0.85477,61,13,0
2026-08-25T08:00:00Z,1787644800,0.85475,0.85499,0.85474,0.85497,92,13,0
2026-08-25T08:05:00Z,1787645100,0.85497,0.85525,0.85497,0.85525,59,13,0
2026-08-25T08:10:00Z,1787645400,0.85525,0.85531,0.85516,0.85516,81,13,0
2026-08-25T08:15:00Z,1787645700,0.85517,0.85521,0.85506,0.85516,75,13,0
2026-08-25T08:20:00Z,1787646000,0.85516,0.85518,0.85503,0.8551,90,13,0
2026-08-25T08:25:00Z,1787646300,0.8551,0.85533,0.85507,0.8553,100,13,0
2026-08-25T08:30:00Z,1787646600,0.8553,0.8554,0.85526,0.85527,72,13,0
2026-08-25T08:35:00Z,1787646900,0.85528,0.8555,0.85528,0.85549,79,13,0
2026-08-25T08:40:00Z,1787647200,0.85549,0.85551,0.85535,0.85536,67,13,0
2026-08-25T08:45:00Z,1787647500,0.85537,0.85539,0.8552,0.85522,74,13,0
2026-08-25T08:50:00Z,1787647800,0.85521,0.85535,0.85517,0.85519,77,13,0
2026-08-25T08:55:00Z,1787648100,0.85519,0.85524,0.85512,0.85523,71,13,0
2026-08-25T09:00:00Z,1787648400,0.85523,0.85523,0.85496,0.855,157,13,0
2026-08-25T09:05:00Z,1787648700,0.855,0.85524,0.855,0.85519,100,13,0
2026-08-25T09:10:00Z,1787649000,0.85519,0.85526,0.85514,0.85521,77,13,0
2026-08-25T09:15:00Z,1787649300,0.85521,0.85525,0.85515,0.85516,51,13,0
2026-08-25T09:20:00Z,1787649600,0.85516,0.85523,0.85515,0.85523,55,13,0
2026-08-25T09:25:00Z,1787649900,0.85523,0.85527,0.85517,0.85518,61,13,0
2026-08-25T09:30:00Z,1787650200,0.85519,0.85525,0.85515,0.85521,71,13,0
2026-08-25T09:35:00Z,1787650500,0.85522,0.85525,0.85507,0.85523,109,13,0
2026-08-25T09:40:00Z,1787650800,0.85523,0.85531,0.85523,0.85524,72,13,0
2026-08-25T09:45:00Z,1787651100,0.85525,0.8553,0.85524,0.85526,61,13,0
2026-08-25T09:50:00Z,1787651400,0.85526,0.85527,0.85515,0.85516,51,13,0
2026-08-25T09:55:00Z,1787651700,0.85516,0.85521,0.85508,0.85519,69,13,0
2026-08-25T10:00:00Z,1787652000,0.85519,0.85528,0.85517,0.85524,52,13,0
2026-08-25T10:05:00Z,1787652300,0.85523,0.85529,0.85517,0.85522,57,13,0
2026-08-25T10:10:00Z,1787652600,0.85521,0.85533,0.85521,0.85529,56,13,0
2026-08-25T10:15:00Z,1787652900,0.85529,0.85529,0.85516,0.8552,55,13,0
2026-08-25T10:20:00Z,1787653200,0.8552,0.85522,0.85515,0.85517,39,13,0
2026-08-25T10:25:00Z,1787653500,0.85517,0.85517,0.8551,0.85511,67,13,0
2026-08-25T10:30:00Z,1787653800,0.85511,0.85513,0.85506,0.85506,56,13,0
2026-08-25T10:35:00Z,1787654100,0.85507,0.85517,0.85506,0.85517,57,13,0
2026-08-25T10:40:00Z,1787654400,0.85517,0.85517,0.85507,0.85507,57,13,0
2026-08-25T10:45:00Z,1787654700,0.85507,0.85512,0.85507,0.85512,42,13,0
2026-08-25T10:50:00Z,1787655000,0.85512,0.85541,0.85511,0.85532,80,13,0
2026-08-25T10:55:00Z,1787655300,0.85532,0.85543,0.8553,0.85541,72,13,0
2026-08-25T11:00:00Z,1787655600,0.85541,0.85549,0.85536,0.85545,50,13,0
2026-08-25T11:05:00Z,1787655900,0.85545,0.85552,0.85543,0.8555,56,13,0
2026-08-25T11:10:00Z,1787656200,0.8555,0.85551,0.85544,0.85545,50,13,0
2026-08-25T11:15:00Z,1787656500,0.85545,0.85547,0.85539,0.8554,66,13,0
2026-08-25T11:20:00Z,1787656800,0.8554,0.85549,0.85535,0.85545,83,13,0
2026-08-25T11:25:00Z,1787657100,0.85546,0.85559,0.85545,0.85556,52,13,0
2026-08-25T11:30:00Z,1787657400,0.85556,0.85557,0.85547,0.85551,69,13,0
2026-08-25T11:35:00Z,1787657700,0.85551,0.85557,0.85546,0.85547,47,13,0
2026-08-25T11:40:00Z,1787658000,0.85547,0.85556,0.85545,0.8555,65,13,0
2026-08-25T11:45:00Z,1787658300,0.8555,0.85552,0.85526,0.85527,79,13,0
2026-08-25T11:50:00Z,1787658600,0.85528,0.85533,0.85525,0.8553,67,13,0
2026-08-25T11:55:00Z,1787658900,0.85528,0.85529,0.85519,0.85525,73,13,0
2026-08-25T12:00:00Z,1787659200,0.85525,0.85528,0.85517,0.8552,70,13,0
2026-08-25T12:05:00Z,1787659500,0.8552,0.85544,0.8552,0.85543,78,13,0
2026-08-25T12:10:00Z,1787659800,0.85543,0.85546,0.85536,0.85541,73,13,0
2026-08-25T12:15:00Z,1787660100,0.85541,0.85541,0.8552,0.85532,73,13,0
2026-08-25T12:20:00Z,1787660400,0.85532,0.85547,0.85532,0.85545,65,13,0
2026-08-25T12:25:00Z,1787660700,0.85545,0.8555,0.85544,0.8555,38,13,0
2026-08-25T12:30:00Z,1787661000,0.8555,0.85562,0.85547,0.85562,57,13,0
2026-08-25T12:35:00Z,1787661300,0.85562,0.85577,0.85562,0.85575,70,13,0
2026-08-25T12:40:00Z,1787661600,0.85574,0.85576,0.85567,0.85571,59,13,0
2026-08-25T12:45:00Z,1787661900,0.85571,0.85571,0.85555,0.85559,61,13,0
2026-08-25T12:50:00Z,1787662200,0.85559,0.85569,0.85556,0.85561,71,13,0
2026-08-25T12:55:00Z,1787662500,0.85561,0.85563,0.85548,0.85552,84,13,0
2026-08-25T13:00:00Z,1787662800,0.85551,0.8556,0.85541,0.85559,102,13,0
2026-08-25T13:05:00Z,1787663100,0.85558,0.85558,0.85529,0.85529,92,13,0
2026-08-25T13:10:00Z,1787663400,0.8553,0.8553,0.85505,0.8552,150,13,0
2026-08-25T13:15:00Z,1787663700,0.85521,0.8553,0.85518,0.85519,108,13,0
2026-08-25T13:20:00Z,1787664000,0.85519,0.85523,0.85516,0.85522,77,13,0
2026-08-25T13:25:00Z,1787664300,0.85522,0.85541,0.85518,0.85541,86,13,0
2026-08-25T13:30:00Z,1787664600,0.8554,0.85542,0.85529,0.85533,84,13,0
2026-08-25T13:35:00Z,1787664900,0.85534,0.8554,0.85531,0.85537,75,13,0
2026-08-25T13:40:00Z,1787665200,0.85538,0.85554,0.85538,0.85547,93,13,0
2026-08-25T13:45:00Z,1787665500,0.85547,0.85558,0.85541,0.85558,84,13,0
2026-08-25T13:50:00Z,1787665800,0.85558,0.85558,0.85543,0.85544,89,13,0
2026-08-25T13:55:00Z,1787666100,0.85545,0.85566,0.85545,0.8556,91,13,0
2026-08-25T14:00:00Z,1787666400,0.8556,0.85564,0.85553,0.85558,117,13,0
2026-08-25T14:05:00Z,1787666700,0.8556,0.85566,0.85557,0.85566,102,13,0
2026-08-25T14:10:00Z,1787667000,0.85566,0.85567,0.85556,0.85562,91,13,0
2026-08-25T14:15:00Z,1787667300,0.85562,0.85571,0.8556,0.85561,96,13,0
2026-08-25T14:20:00Z,1787667600,0.85561,0.85595,0.85557,0.85594,92,13,0
2026-08-25T14:25:00Z,1787667900,0.85594,0.85607,0.85588,0.8559,102,13,0
2026-08-25T14:30:00Z,1787668200,0.85591,0.85604,0.85577,0.85581,114,13,0
2026-08-25T14:35:00Z,1787668500,0.85581,0.85594,0.85576,0.85576,81,13,0
2026-08-25T14:40:00Z,1787668800,0.85576,0.8559,0.85574,0.85579,85,13,0
2026-08-25T14:45:00Z,1787669100,0.85577,0.85587,0.8556,0.85565,116,13,0
2026-08-25T14:50:00Z,1787669400,0.85565,0.85591,0.8556,0.85585,104,13,0
2026-08-25T14:55:00Z,1787669700,0.85583,0.85602,0.85581,0.85592,134,13,0
2026-08-25T15:00:00Z,1787670000,0.85592,0.85593,0.85576,0.85585,107,13,0
2026-08-25T15:05:00Z,1787670300,0.85585,0.85593,0.85585,0.85591,88,13,0
2026-08-25T15:10:00Z,1787670600,0.85592,0.856,0.85589,0.856,72,13,0
2026-08-25T15:15:00Z,1787670900,0.856,0.8561,0.85596,0.85602,68,13,0
2026-08-25T15:20:00Z,1787671200,0.85602,0.85607,0.85591,0.85595,71,13,0
2026-08-25T15:25:00Z,1787671500,0.85595,0.85595,0.8558,0.8558,65,13,0
2026-08-25T15:30:00Z,1787671800,0.8558,0.85602,0.8558,0.8559,124,13,0
2026-08-25T15:35:00Z,1787672100,0.85591,0.85608,0.85591,0.85605,92,13,0
2026-08-25T15:40:00Z,1787672400,0.85606,0.85612,0.85604,0.8561,65,13,0
2026-08-25T15:45:00Z,1787672700,0.8561,0.85611,0.85599,0.85599,63,13,0
2026-08-25T15:50:00Z,1787673000,0.856,0.85606,0.85594,0.85599,86,13,0
2026-08-25T15:55:00Z,1787673300,0.85599,0.85601,0.85575,0.85575,95,13,0
2026-08-25T16:00:00Z,1787673600,0.85576,0.85579,0.85565,0.85579,92,13,0
2026-08-25T16:05:00Z,1787673900,0.85579,0.85579,0.85569,0.85575,86,13,0
2026-08-25T16:10:00Z,1787674200,0.85575,0.85579,0.85574,0.85579,54,13,0
2026-08-25T16:15:00Z,1787674500,0.85579,0.85587,0.85578,0.85585,61,13,0
2026-08-25T16:20:00Z,1787674800,0.85585,0.85585,0.85572,0.85572,55,13,0
2026-08-25T16:25:00Z,1787675100,0.85572,0.85579,0.85571,0.85576,52,13,0
2026-08-25T16:30:00Z,1787675400,0.85576,0.85576,0.85564,0.85567,73,13,0
2026-08-25T16:35:00Z,1787675700,0.85567,0.85573,0.85565,0.85572,56,13,0
2026-08-25T16:40:00Z,1787676000,0.85571,0.85579,0.85571,0.85577,54,13,0
2026-08-25T16:45:00Z,1787676300,0.85578,0.85587,0.85578,0.85586,21,13,0
2026-08-25T16:50:00Z,1787676600,0.85586,0.85593,0.85585,0.85593,37,13,0
2026-08-25T16:55:00Z,1787676900,0.85592,0.85597,0.85592,0.85594,40,13,0
2026-08-25T17:00:00Z,1787677200,0.85593,0.85599,0.8559,0.85591,51,13,0
2026-08-25T17:05:00Z,1787677500,0.85591,0.85592,0.85579,0.85579,48,13,0
2026-08-25T17:10:00Z,1787677800,0.85579,0.85581,0.85576,0.85581,39,13,0
2026-08-25T17:15:00Z,1787678100,0.85581,0.85581,0.8557,0.85574,55,13,0
2026-08-25T17:20:00Z,1787678400,0.85574,0.85574,0.85568,0.85571,35,13,0
2026-08-25T17:25:00Z,1787678700,0.85571,0.85573,0.85566,0.85571,49,13,0
2026-08-25T17:30:00Z,1787679000,0.85571,0.85571,0.85561,0.85563,48,13,0
2026-08-25T17:35:00Z,1787679300,0.85563,0.85563,0.85554,0.85556,44,13,0
2026-08-25T17:40:00Z,1787679600,0.85556,0.85564,0.85555,0.85562,48,13,0
2026-08-25T17:45:00Z,1787679900,0.85562,0.85565,0.85559,0.85561,36,13,0
2026-08-25T17:50:00Z,1787680200,0.85561,0.85565,0.8556,0.85562,35,13,0
2026-08-25T17:55:00Z,1787680500,0.85562,0.85562,0.85556,0.85558,54,13,0
2026-08-25T18:00:00Z,1787680800,0.85558,0.85558,0.85548,0.85548,45,13,0
2026-08-25T18:05:00Z,1787681100,0.85548,0.85549,0.8554,0.85544,59,13,0
2026-08-25T18:10:00Z,1787681400,0.85544,0.85553,0.85544,0.8555,40,13,0
2026-08-25T18:15:00Z,1787681700,0.8555,0.85552,0.85549,0.85551,25,13,0
2026-08-25T18:20:00Z,1787682000,0.85551,0.85551,0.85543,0.85551,24,13,0
2026-08-25T18:25:00Z,1787682300,0.85551,0.85552,0.85546,0.85551,30,13,0
2026-08-25T18:30:00Z,1787682600,0.85551,0.85556,0.85551,0.85556,41,13,0
2026-08-25T18:35:00Z,1787682900,0.85556,0.85558,0.85555,0.85556,23,13,0
2026-08-25T18:40:00Z,1787683200,0.85556,0.85557,0.8555,0.85553,21,13,0
2026-08-25T18:45:00Z,1787683500,0.85554,0.85556,0.85552,0.85556,32,13,0
2026-08-25T18:50:00Z,1787683800,0.85556,0.85559,0.85545,0.85546,61,13,0
2026-08-25T18:55:00Z,1787684100,0.85546,0.85549,0.85545,0.85545,53,13,0
2026-08-25T19:00:00Z,1787684400,0.85545,0.85555,0.85544,0.85554,53,13,0
2026-08-25T19:05:00Z,1787684700,0.85554,0.85559,0.85553,0.85555,42,13,0
2026-08-25T19:10:00Z,1787685000,0.85555,0.85557,0.8555,0.85551,34,13,0
2026-08-25T19:15:00Z,1787685300,0.85551,0.85551,0.8554,0.85542,72,13,0
2026-08-25T19:20:00Z,1787685600,0.85542,0.85545,0.85536,0.85536,56,13,0
2026-08-25T19:25:00Z,1787685900,0.85536,0.85538,0.85534,0.85534,33,13,0
2026-08-25T19:30:00Z,1787686200,0.85534,0.85534,0.85525,0.85527,47,13,0
2026-08-25T19:35:00Z,1787686500,0.85527,0.85528,0.85519,0.8552,44,13,0
2026-08-25T19:40:00Z,1787686800,0.8552,0.85521,0.85511,0.85517,47,13,0
2026-08-25T19:45:00Z,1787687100,0.85517,0.85517,0.8551,0.85515,38,13,0
2026-08-25T19:50:00Z,1787687400,0.85515,0.85517,0.85512,0.85517,46,13,0
2026-08-25T19:55:00Z,1787687700,0.85516,0.85522,0.85514,0.85518,86,13,0
2026-08-25T20:00:00Z,1787688000,0.85518,0.85528,0.85517,0.85527,45,13,0
2026-08-25T20:05:00Z,1787688300,0.85527,0.85532,0.85521,0.85526,42,13,0
2026-08-25T20:10:00Z,1787688600,0.85526,0.85532,0.8552,0.85531,54,13,0
2026-08-25T20:15:00Z,1787688900,0.85531,0.85531,0.85519,0.85519,38,13,0
2026-08-25T20:20:00Z,1787689200,0.8552,0.85522,0.8552,0.85521,33,13,0
2026-08-25T20:25:00Z,1787689500,0.85521,0.85523,0.85518,0.85523,48,13,0
2026-08-25T20:30:00Z,1787689800,0.85523,0.85524,0.85521,0.85522,26,13,0
2026-08-25T20:35:00Z,1787690100,0.85522,0.85524,0.85522,0.85523,28,13,0
2026-08-25T20:40:00Z,1787690400,0.85523,0.85527,0.85523,0.85527,33,13,0
2026-08-25T20:45:00Z,1787690700,0.85527,0.85532,0.85527,0.85532,45,13,0
2026-08-25T20:50:00Z,1787691000,0.85532,0.85533,0.8553,0.85532,24,13,0
2026-08-25T20:55:00Z,1787691300,0.85532,0.85532,0.85526,0.85527,46,13,0
2026-08-25T21:00:00Z,1787691600,0.85526,0.85527,0.85523,0.85523,7,13,0
2026-08-25T21:05:00Z,1787691900,0.85524,0.85526,0.8552,0.85525,17,17,0
2026-08-25T21:10:00Z,1787692200,0.85524,0.85527,0.85521,0.85521,17,17,0
2026-08-25T21:15:00Z,1787692500,0.85522,0.85525,0.85516,0.8552,48,17,0
2026-08-25T21:20:00Z,1787692800,0.85519,0.85523,0.85515,0.85522,31,20,0
2026-08-25T21:25:00Z,1787693100,0.85521,0.85527,0.85518,0.85521,38,14,0
2026-08-25T21:30:00Z,1787693400,0.85521,0.85527,0.85516,0.85524,97,15,0
2026-08-25T21:35:00Z,1787693700,0.85523,0.85527,0.85521,0.85524,59,14,0
2026-08-25T21:40:00Z,1787694000,0.85525,0.85525,0.85514,0.85523,93,36,0
2026-08-25T21:45:00Z,1787694300,0.85523,0.85525,0.8552,0.85524,41,39,0
2026-08-25T21:50:00Z,1787694600,0.85524,0.85527,0.8552,0.85526,53,38,0
2026-08-25T21:55:00Z,1787694900,0.85526,0.85527,0.85522,0.85527,18,36,0
2026-08-25T22:00:00Z,1787695200,0.85527,0.85534,0.85526,0.85531,29,25,0
2026-08-25T22:05:00Z,1787695500,0.85532,0.85533,0.85529,0.8553,28,25,0
2026-08-25T22:10:00Z,1787695800,0.8553,0.85533,0.85529,0.85532,32,25,0
2026-08-25T22:15:00Z,1787696100,0.85532,0.85536,0.85532,0.85535,18,25,0
2026-08-25T22:20:00Z,1787696400,0.85535,0.85537,0.85532,0.85532,28,25,0
2026-08-25T22:25:00Z,1787696700,0.85532,0.85532,0.85527,0.85528,30,25,0
2026-08-25T22:30:00Z,1787697000,0.85528,0.8553,0.85525,0.8553,29,25,0
2026-08-25T22:35:00Z,1787697300,0.85531,0.85535,0.8553,0.85533,14,25,0
2026-08-25T22:40:00Z,1787697600,0.85533,0.85533,0.85531,0.85532,10,25,0
2026-08-25T22:45:00Z,1787697900,0.85532,0.85533,0.85532,0.85532,7,25,0
2026-08-25T22:50:00Z,1787698200,0.85532,0.85533,0.85531,0.85533,8,25,0
2026-08-25T22:55:00Z,1787698500,0.85533,0.85533,0.85532,0.85532,6,25,0
2026-08-25T23:00:00Z,1787698800,0.85538,0.85539,0.85537,0.85537,8,13,0
2026-08-25T23:05:00Z,1787699100,0.85537,0.85541,0.85537,0.8554,22,13,0
2026-08-25T23:10:00Z,1787699400,0.8554,0.85542,0.85538,0.85538,16,13,0
2026-08-25T23:15:00Z,1787699700,0.85538,0.85539,0.85537,0.85539,9,13,0
2026-08-25T23:20:00Z,1787700000,0.85539,0.85539,0.85538,0.85539,7,13,0
2026-08-25T23:25:00Z,1787700300,0.85539,0.8554,0.85538,0.85538,13,13,0
2026-08-25T23:30:00Z,1787700600,0.85538,0.85538,0.85538,0.85538,5,13,0
2026-08-25T23:35:00Z,1787700900,0.85538,0.85539,0.85538,0.85538,7,13,0
2026-08-25T23:40:00Z,1787701200,0.85538,0.85541,0.85538,0.8554,14,13,0
2026-08-25T23:45:00Z,1787701500,0.8554,0.85541,0.85539,0.8554,23,13,0
2026-08-25T23:50:00Z,1787701800,0.8554,0.85544,0.8554,0.85543,20,13,0
2026-08-25T23:55:00Z,1787702100,0.85543,0.85546,0.85541,0.85546,18,13,0
2026-08-26T00:00:00Z,1787702400,0.85546,0.85549,0.85545,0.85547,30,13,0
2026-08-26T00:05:00Z,1787702700,0.85547,0.85547,0.85541,0.85543,14,13,0
2026-08-26T00:10:00Z,1787703000,0.85543,0.85543,0.85538,0.85539,25,13,0
2026-08-26T00:15:00Z,1787703300,0.85539,0.8554,0.85533,0.85534,25,13,0
2026-08-26T00:20:00Z,1787703600,0.85534,0.85537,0.85533,0.85535,28,13,0
2026-08-26T00:25:00Z,1787703900,0.85535,0.85539,0.85534,0.85537,25,13,0
2026-08-26T00:30:00Z,1787704200,0.85537,0.85537,0.85531,0.85534,18,13,0
2026-08-26T00:35:00Z,1787704500,0.85534,0.85534,0.85532,0.85532,10,13,0
2026-08-26T00:40:00Z,1787704800,0.85532,0.85533,0.85529,0.85529,17,13,0
2026-08-26T00:45:00Z,1787705100,0.85529,0.85535,0.85529,0.85534,24,13,0
2026-08-26T00:50:00Z,1787705400,0.85534,0.85539,0.85534,0.85539,24,13,0
2026-08-26T00:55:00Z,1787705700,0.85539,0.8554,0.85537,0.85537,19,13,0
2026-08-26T01:00:00Z,1787706000,0.85537,0.85538,0.85533,0.85534,34,13,0
2026-08-26T01:05:00Z,1787706300,0.85534,0.85536,0.85532,0.85536,31,13,0
2026-08-26T01:10:00Z,1787706600,0.85536,0.85536,0.85529,0.8553,18,13,0
2026-08-26T01:15:00Z,1787706900,0.8553,0.85532,0.85526,0.85527,27,13,0
2026-08-26T01:20:00Z,1787707200,0.85527,0.85528,0.85523,0.85524,26,13,0
2026-08-26T01:25:00Z,1787707500,0.85524,0.85529,0.85524,0.85526,26,13,0
2026-08-26T01:30:00Z,1787707800,0.85526,0.85526,0.85518,0.85523,60,13,0
2026-08-26T01:35:00Z,1787708100,0.85523,0.85523,0.8552,0.8552,23,13,0
2026-08-26T01:40:00Z,1787708400,0.8552,0.85521,0.85516,0.85521,40,13,0
2026-08-26T01:45:00Z,1787708700,0.85522,0.85522,0.85517,0.85521,44,13,0
2026-08-26T01:50:00Z,1787709000,0.8552,0.85521,0.85516,0.85518,44,13,0
2026-08-26T01:55:00Z,1787709300,0.85518,0.85525,0.85518,0.85523,26,13,0
2026-08-26T02:00:00Z,1787709600,0.85523,0.85528,0.85522,0.85527,40,13,0
2026-08-26T02:05:00Z,1787709900,0.85527,0.85529,0.85525,0.85529,49,13,0
2026-08-26T02:10:00Z,1787710200,0.85529,0.85534,0.85526,0.85533,34,13,0
2026-08-26T02:15:00Z,1787710500,0.85533,0.85533,0.85524,0.85525,34,13,0
2026-08-26T02:20:00Z,1787710800,0.85525,0.85529,0.85523,0.85524,30,13,0
2026-08-26T02:25:00Z,1787711100,0.85524,0.85529,0.85521,0.85528,33,13,0
2026-08-26T02:30:00Z,1787711400,0.85528,0.85528,0.85524,0.85527,33,13,0
2026-08-26T02:35:00Z,1787711700,0.85527,0.85527,0.85525,0.85525,37,13,0
2026-08-26T02:40:00Z,1787712000,0.85525,0.85529,0.85525,0.85529,42,13,0
2026-08-26T02:45:00Z,1787712300,0.85529,0.85533,0.85528,0.85533,25,13,0
2026-08-26T02:50:00Z,1787712600,0.85533,0.85535,0.85532,0.85534,23,13,0
2026-08-26T02:55:00Z,1787712900,0.85534,0.85534,0.85529,0.85534,33,13,0
2026-08-26T03:00:00Z,1787713200,0.85534,0.85534,0.8553,0.8553,29,13,0
2026-08-26T03:05:00Z,1787713500,0.8553,0.85532,0.8553,0.85532,25,13,0
2026-08-26T03:10:00Z,1787713800,0.85532,0.85536,0.85532,0.85533,19,13,0
2026-08-26T03:15:00Z,1787714100,0.85533,0.85535,0.85525,0.85525,30,13,0
2026-08-26T03:20:00Z,1787714400,0.85525,0.85527,0.85523,0.85527,34,13,0
2026-08-26T03:25:00Z,1787714700,0.85527,0.85534,0.85527,0.85532,24,13,0
2026-08-26T03:30:00Z,1787715000,0.85532,0.85533,0.85527,0.85529,42,13,0
2026-08-26T03:35:00Z,1787715300,0.85529,0.85534,0.85529,0.85532,24,13,0
2026-08-26T03:40:00Z,1787715600,0.85532,0.85533,0.85531,0.85531,23,13,0
2026-08-26T03:45:00Z,1787715900,0.85531,0.85531,0.85528,0.8553,27,13,0
2026-08-26T03:50:00Z,1787716200,0.8553,0.8553,0.85525,0.85527,18,13,0
2026-08-26T03:55:00Z,1787716500,0.85527,0.85531,0.85526,0.85531,30,13,0
2026-08-26T04:00:00Z,1787716800,0.85531,0.85537,0.8553,0.85536,24,13,0
2026-08-26T04:05:00Z,1787717100,0.85536,0.85537,0.85534,0.85534,20,13,0
2026-08-26T04:10:00Z,1787717400,0.85534,0.85538,0.85534,0.85538,18,13,0
2026-08-26T04:15:00Z,1787717700,0.85538,0.85539,0.85533,0.85533,23,13,0
2026-08-26T04:20:00Z,1787718000,0.85533,0.85533,0.8553,0.85531,22,13,0
2026-08-26T04:25:00Z,1787718300,0.85531,0.85534,0.85531,0.85534,23,13,0
2026-08-26T04:30:00Z,1787718600,0.85534,0.85534,0.85532,0.85533,21,13,0
2026-08-26T04:35:00Z,1787718900,0.85532,0.85533,0.85531,0.85531,14,13,0
2026-08-26T04:40:00Z,1787719200,0.85531,0.85532,0.85531,0.85532,22,13,0
2026-08-26T04:45:00Z,1787719500,0.85532,0.85535,0.85531,0.85534,16,13,0
2026-08-26T04:50:00Z,1787719800,0.85534,0.85536,0.85533,0.85535,24,13,0
2026-08-26T04:55:00Z,1787720100,0.85535,0.85539,0.85533,0.85538,30,13,0
2026-08-26T05:00:00Z,1787720400,0.85538,0.85541,0.85538,0.8554,15,13,0
2026-08-26T05:05:00Z,1787720700,0.8554,0.85542,0.85537,0.85539,24,13,0
2026-08-26T05:10:00Z,1787721000,0.8554,0.85543,0.85538,0.85543,26,13,0
2026-08-26T05:15:00Z,1787721300,0.85543,0.8555,0.85541,0.85548,35,13,0
2026-08-26T05:20:00Z,1787721600,0.85548,0.8555,0.85547,0.8555,20,13,0
2026-08-26T05:25:00Z,1787721900,0.8555,0.85555,0.8555,0.85554,23,13,0
2026-08-26T05:30:00Z,1787722200,0.85554,0.85556,0.85549,0.85556,27,13,0
2026-08-26T05:35:00Z,1787722500,0.85555,0.85555,0.85549,0.85552,40,13,0
2026-08-26T05:40:00Z,1787722800,0.85552,0.85552,0.85546,0.85548,44,13,0
2026-08-26T05:45:00Z,1787723100,0.85548,0.8555,0.85547,0.85547,31,13,0
2026-08-26T05:50:00Z,1787723400,0.85547,0.85549,0.85543,0.85549,34,13,0
2026-08-26T05:55:00Z,1787723700,0.8555,0.8555,0.85543,0.85543,42,13,0
2026-08-26T06:00:00Z,1787724000,0.85543,0.85558,0.85543,0.85557,58,13,0
2026-08-26T06:05:00Z,1787724300,0.85557,0.8556,0.85551,0.8556,46,13,0
2026-08-26T06:10:00Z,1787724600,0.8556,0.85566,0.85558,0.8556,44,13,0
2026-08-26T06:15:00Z,1787724900,0.8556,0.85569,0.85554,0.85568,50,13,0
2026-08-26T06:20:00Z,1787725200,0.85568,0.85571,0.85555,0.85557,50,13,0
2026-08-26T06:25:00Z,1787725500,0.85556,0.85559,0.85553,0.85555,69,13,0
2026-08-26T06:30:00Z,1787725800,0.85555,0.85564,0.85555,0.85561,56,13,0
2026-08-26T06:35:00Z,1787726100,0.85561,0.8557,0.85557,0.8557,41,13,0
2026-08-26T06:40:00Z,1787726400,0.8557,0.8558,0.85569,0.8558,47,13,0
2026-08-26T06:45:00Z,1787726700,0.8558,0.856,0.8558,0.85596,57,13,0
2026-08-26T06:50:00Z,1787727000,0.85596,0.85596,0.85588,0.85595,40,13,0
2026-08-26T06:55:00Z,1787727300,0.85595,0.85599,0.85568,0.85578,103,13,0
2026-08-26T07:00:00Z,1787727600,0.8558,0.8558,0.85569,0.85572,96,13,0
2026-08-26T07:05:00Z,1787727900,0.85572,0.85576,0.8555,0.85553,73,13,0
2026-08-26T07:10:00Z,1787728200,0.85553,0.85565,0.8555,0.85556,68,13,0
2026-08-26T07:15:00Z,1787728500,0.85556,0.85568,0.85548,0.85565,58,13,0
2026-08-26T07:20:00Z,1787728800,0.85565,0.8558,0.85563,0.85579,44,13,0
2026-08-26T07:25:00Z,1787729100,0.85579,0.85579,0.8557,0.85578,55,13,0
2026-08-26T07:30:00Z,1787729400,0.85577,0.85589,0.85577,0.85583,69,13,0
2026-08-26T07:35:00Z,1787729700,0.85584,0.85593,0.85581,0.85587,45,13,0
2026-08-26T07:40:00Z,1787730000,0.85588,0.85591,0.85584,0.85587,48,13,0
2026-08-26T07:45:00Z,1787730300,0.85587,0.85591,0.85585,0.85586,41,13,0
2026-08-26T07:50:00Z,1787730600,0.85585,0.85598,0.85585,0.85595,68,13,0
2026-08-26T07:55:00Z,1787730900,0.85595,0.85611,0.85593,0.85609,78,13,0
2026-08-26T08:00:00Z,1787731200,0.85608,0.85624,0.85599,0.85602,87,13,0
2026-08-26T08:05:00Z,1787731500,0.85602,0.85613,0.856,0.85612,66,13,0
2026-08-26T08:10:00Z,1787731800,0.85612,0.85621,0.85604,0.8562,79,13,0
2026-08-26T08:15:00Z,1787732100,0.8562,0.85626,0.85617,0.85623,44,13,0
2026-08-26T08:20:00Z,1787732400,0.85623,0.85627,0.85614,0.85627,45,13,0
2026-08-26T08:25:00Z,1787732700,0.85628,0.85637,0.85623,0.85635,68,13,0
2026-08-26T08:30:00Z,1787733000,0.85635,0.85641,0.85627,0.85632,56,13,0
2026-08-26T08:35:00Z,1787733300,0.85632,0.85637,0.85625,0.85625,46,13,0
2026-08-26T08:40:00Z,1787733600,0.85625,0.8563,0.85624,0.85629,35,13,0
2026-08-26T08:45:00Z,1787733900,0.85629,0.85641,0.85629,0.8564,44,13,0
2026-08-26T08:50:00Z,1787734200,0.8564,0.85642,0.85635,0.85639,35,13,0
2026-08-26T08:55:00Z,1787734500,0.85639,0.85641,0.85629,0.85631,44,13,0
2026-08-26T09:00:00Z,1787734800,0.85631,0.85633,0.85623,0.85632,66,13,0
2026-08-26T09:05:00Z,1787735100,0.85632,0.85639,0.85628,0.85632,59,13,0
2026-08-26T09:10:00Z,1787735400,0.85633,0.85635,0.8562,0.85621,50,13,0
2026-08-26T09:15:00Z,1787735700,0.85621,0.85621,0.85613,0.85615,51,13,0
2026-08-26T09:20:00Z,1787736000,0.85615,0.85626,0.85612,0.8562,43,13,0
2026-08-26T09:25:00Z,1787736300,0.8562,0.8562,0.856,0.85605,48,13,0
2026-08-26T09:30:00Z,1787736600,0.85604,0.85618,0.85603,0.85616,45,13,0
2026-08-26T09:35:00Z,1787736900,0.85616,0.85617,0.85603,0.85603,48,13,0
2026-08-26T09:40:00Z,1787737200,0.85603,0.85607,0.85603,0.85604,48,13,0
2026-08-26T09:45:00Z,1787737500,0.85604,0.85605,0.85596,0.85604,49,13,0
2026-08-26T09:50:00Z,1787737800,0.85604,0.8561,0.85602,0.85606,43,13,0
2026-08-26T09:55:00Z,1787738100,0.85608,0.85609,0.85602,0.85605,44,13,0
2026-08-26T10:00:00Z,1787738400,0.85604,0.85617,0.85604,0.85616,60,13,0
2026-08-26T10:05:00Z,1787738700,0.85616,0.85622,0.85614,0.85614,48,13,0
2026-08-26T10:10:00Z,1787739000,0.85614,0.85622,0.85614,0.8562,24,13,0
2026-08-26T10:15:00Z,1787739300,0.8562,0.85639,0.8562,0.85639,53,13,0
2026-08-26T10:20:00Z,1787739600,0.85638,0.85642,0.85634,0.85638,47,13,0
2026-08-26T10:25:00Z,1787739900,0.85638,0.8564,0.85626,0.8564,82,13,0
2026-08-26T10:30:00Z,1787740200,0.85641,0.85641,0.85624,0.85626,46,13,0
2026-08-26T10:35:00Z,1787740500,0.85627,0.85631,0.85623,0.85628,51,13,0
2026-08-26T10:40:00Z,1787740800,0.85628,0.8563,0.85626,0.85626,42,13,0
2026-08-26T10:45:00Z,1787741100,0.85626,0.85626,0.85619,0.85623,35,13,0
2026-08-26T10:50:00Z,1787741400,0.85623,0.85629,0.85623,0.85624,48,13,0
2026-08-26T10:55:00Z,1787741700,0.85624,0.85625,0.85617,0.85617,42,13,0
2026-08-26T11:00:00Z,1787742000,0.85617,0.85627,0.85613,0.8562,62,13,0
2026-08-26T11:05:00Z,1787742300,0.8562,0.85626,0.85618,0.8562,48,13,0
2026-08-26T11:10:00Z,1787742600,0.8562,0.85621,0.85611,0.85614,45,13,0
2026-08-26T11:15:00Z,1787742900,0.85614,0.85623,0.85613,0.85614,44,13,0
2026-08-26T11:20:00Z,1787743200,0.85614,0.85614,0.85598,0.85598,54,13,0
2026-08-26T11:25:00Z,1787743500,0.85599,0.856,0.85591,0.85594,53,13,0
2026-08-26T11:30:00Z,1787743800,0.85594,0.85601,0.8559,0.856,57,13,0
2026-08-26T11:35:00Z,1787744100,0.856,0.85609,0.85598,0.85608,59,13,0
2026-08-26T11:40:00Z,1787744400,0.85608,0.85612,0.85604,0.85612,45,13,0
2026-08-26T11:45:00Z,1787744700,0.85612,0.85614,0.85603,0.85607,66,13,0
2026-08-26T11:50:00Z,1787745000,0.85606,0.85622,0.85605,0.85618,58,13,0
2026-08-26T11:55:00Z,1787745300,0.85617,0.85619,0.85603,0.85612,63,13,0
2026-08-26T12:00:00Z,1787745600,0.85612,0.85618,0.85607,0.85615,78,13,0
2026-08-26T12:05:00Z,1787745900,0.85614,0.85615,0.85598,0.85607,69,13,0
2026-08-26T12:10:00Z,1787746200,0.85607,0.85619,0.85607,0.85617,62,13,0
2026-08-26T12:15:00Z,1787746500,0.85617,0.85617,0.85607,0.85615,54,13,0
2026-08-26T12:20:00Z,1787746800,0.85614,0.85626,0.85614,0.85622,66,13,0
2026-08-26T12:25:00Z,1787747100,0.85622,0.85651,0.85613,0.85629,95,13,0
2026-08-26T12:30:00Z,1787747400,0.85627,0.85668,0.85619,0.8566,183,13,0
2026-08-26T12:35:00Z,1787747700,0.85661,0.85685,0.85657,0.85681,123,13,0
2026-08-26T12:40:00Z,1787748000,0.85682,0.85682,0.85662,0.85662,125,13,0
2026-08-26T12:45:00Z,1787748300,0.85662,0.8567,0.85658,0.85664,96,13,0
2026-08-26T12:50:00Z,1787748600,0.85664,0.85667,0.85648,0.85652,102,13,0
2026-08-26T12:55:00Z,1787748900,0.85652,0.85663,0.85648,0.85654,102,13,0
2026-08-26T13:00:00Z,1787749200,0.85655,0.85662,0.85642,0.85643,104,13,0
2026-08-26T13:05:00Z,1787749500,0.85643,0.85651,0.8564,0.85643,78,13,0
2026-08-26T13:10:00Z,1787749800,0.85643,0.85657,0.85639,0.85654,80,13,0
2026-08-26T13:15:00Z,1787750100,0.85654,0.85663,0.85654,0.85658,59,13,0
2026-08-26T13:20:00Z,1787750400,0.85658,0.85674,0.85657,0.85671,57,13,0
2026-08-26T13:25:00Z,1787750700,0.85671,0.85672,0.85666,0.8567,80,13,0
2026-08-26T13:30:00Z,1787751000,0.85668,0.85682,0.85668,0.85673,114,13,0
2026-08-26T13:35:00Z,1787751300,0.85671,0.85683,0.85663,0.8568,111,13,0
2026-08-26T13:40:00Z,1787751600,0.8568,0.85682,0.85673,0.85677,76,13,0
2026-08-26T13:45:00Z,1787751900,0.85677,0.85679,0.8567,0.85671,73,13,0
2026-08-26T13:50:00Z,1787752200,0.85671,0.85671,0.85659,0.8566,87,13,0
2026-08-26T13:55:00Z,1787752500,0.85658,0.85667,0.85656,0.85662,90,13,0
2026-08-26T14:00:00Z,1787752800,0.85662,0.85671,0.85655,0.8567,110,13,0
2026-08-26T14:05:00Z,1787753100,0.8567,0.85671,0.85661,0.85667,77,13,0
2026-08-26T14:10:00Z,1787753400,0.85667,0.85681,0.85666,0.85667,78,13,0
2026-08-26T14:15:00Z,1787753700,0.85667,0.85678,0.85664,0.85672,89,13,0
2026-08-26T14:20:00Z,1787754000,0.85672,0.85703,0.85667,0.85699,100,13,0
2026-08-26T14:25:00Z,1787754300,0.857,0.85705,0.85684,0.85687,116,13,0
2026-08-26T14:30:00Z,1787754600,0.85688,0.85697,0.85681,0.85685,99,13,0
2026-08-26T14:35:00Z,1787754900,0.85686,0.85695,0.85685,0.85689,89,13,0
2026-08-26T14:40:00Z,1787755200,0.85689,0.85689,0.85675,0.85678,88,13,0
2026-08-26T14:45:00Z,1787755500,0.85678,0.85715,0.85676,0.85714,98,13,0
2026-08-26T14:50:00Z,1787755800,0.85715,0.85724,0.85701,0.85702,105,13,0
2026-08-26T14:55:00Z,1787756100,0.85702,0.85711,0.85683,0.85696,170,13,0
2026-08-26T15:00:00Z,1787756400,0.85697,0.85707,0.85689,0.85693,107,13,0
2026-08-26T15:05:00Z,1787756700,0.85693,0.85705,0.85693,0.85698,86,13,0
2026-08-26T15:10:00Z,1787757000,0.85698,0.85722,0.85697,0.85717,86,13,0
2026-08-26T15:15:00Z,1787757300,0.85717,0.85732,0.85716,0.85726,80,13,0
2026-08-26T15:20:00Z,1787757600,0.85727,0.85737,0.85721,0.85728,72,13,0
2026-08-26T15:25:00Z,1787757900,0.85728,0.8573,0.85717,0.85726,63,13,0
2026-08-26T15:30:00Z,1787758200,0.85726,0.85731,0.85713,0.85713,75,13,0
2026-08-26T15:35:00Z,1787758500,0.85713,0.85717,0.85702,0.85702,67,13,0
2026-08-26T15:40:00Z,1787758800,0.857,0.85701,0.85688,0.85696,70,13,0
2026-08-26T15:45:00Z,1787759100,0.85696,0.85708,0.85692,0.85704,66,13,0
2026-08-26T15:50:00Z,1787759400,0.85704,0.85715,0.85701,0.85702,97,13,0
2026-08-26T15:55:00Z,1787759700,0.85702,0.85706,0.85695,0.85698,76,13,0
2026-08-26T16:00:00Z,1787760000,0.85698,0.85707,0.85698,0.85704,64,13,0
2026-08-26T16:05:00Z,1787760300,0.85704,0.85705,0.85694,0.85695,55,13,0
2026-08-26T16:10:00Z,1787760600,0.85695,0.85703,0.85692,0.85699,56,13,0
2026-08-26T16:15:00Z,1787760900,0.857,0.85706,0.85699,0.85705,30,13,0
2026-08-26T16:20:00Z,1787761200,0.85705,0.85714,0.85705,0.8571,47,13,0
2026-08-26T16:25:00Z,1787761500,0.85711,0.85711,0.85705,0.8571,45,13,0
2026-08-26T16:30:00Z,1787761800,0.8571,0.8572,0.85709,0.85718,62,13,0
2026-08-26T16:35:00Z,1787762100,0.85718,0.85724,0.85718,0.8572,55,13,0
2026-08-26T16:40:00Z,1787762400,0.8572,0.85721,0.85715,0.8572,50,13,0
2026-08-26T16:45:00Z,1787762700,0.8572,0.85721,0.85712,0.85712,44,13,0
2026-08-26T16:50:00Z,1787763000,0.85712,0.85721,0.8571,0.85721,44,13,0
2026-08-26T16:55:00Z,1787763300,0.85722,0.85727,0.85714,0.85715,64,13,0
2026-08-26T17:00:00Z,1787763600,0.85714,0.85714,0.85706,0.85709,50,13,0
2026-08-26T17:05:00Z,1787763900,0.85709,0.85717,0.85709,0.85713,51,13,0
2026-08-26T17:10:00Z,1787764200,0.85713,0.8572,0.85713,0.85714,41,13,0
2026-08-26T17:15:00Z,1787764500,0.85712,0.85712,0.85707,0.85708,57,13,0
2026-08-26T17:20:00Z,1787764800,0.85708,0.85711,0.85704,0.85706,49,13,0
2026-08-26T17:25:00Z,1787765100,0.85705,0.85717,0.85705,0.85716,38,13,0
2026-08-26T17:30:00Z,1787765400,0.85716,0.85719,0.85711,0.85713,48,13,0
2026-08-26T17:35:00Z,1787765700,0.85713,0.85718,0.85713,0.85715,34,13,0
2026-08-26T17:40:00Z,1787766000,0.85715,0.85718,0.85714,0.85716,27,13,0
2026-08-26T17:45:00Z,1787766300,0.85716,0.85716,0.85706,0.85708,32,13,0
2026-08-26T17:50:00Z,1787766600,0.85709,0.8571,0.85703,0.85704,28,13,0
2026-08-26T17:55:00Z,1787766900,0.85704,0.85716,0.85703,0.85713,63,13,0
2026-08-26T18:00:00Z,1787767200,0.85712,0.85712,0.85706,0.8571,32,13,0
2026-08-26T18:05:00Z,1787767500,0.8571,0.85717,0.85708,0.85715,48,13,0
2026-08-26T18:10:00Z,1787767800,0.85715,0.85717,0.8571,0.85713,38,13,0
2026-08-26T18:15:00Z,1787768100,0.85714,0.85717,0.85709,0.8571,33,13,0
2026-08-26T18:20:00Z,1787768400,0.85711,0.85712,0.8571,0.85711,19,13,0
2026-08-26T18:25:00Z,1787768700,0.85711,0.85716,0.8571,0.85716,23,13,0
2026-08-26T18:30:00Z,1787769000,0.85716,0.85723,0.85715,0.8572,21,13,0
2026-08-26T18:35:00Z,1787769300,0.8572,0.85725,0.85719,0.85724,21,13,0
2026-08-26T18:40:00Z,1787769600,0.85724,0.85725,0.85722,0.85725,11,13,0
2026-08-26T18:45:00Z,1787769900,0.85725,0.85725,0.85721,0.85723,23,13,0
2026-08-26T18:50:00Z,1787770200,0.85723,0.85723,0.8572,0.8572,15,13,0
2026-08-26T18:55:00Z,1787770500,0.8572,0.85723,0.85717,0.85717,29,13,0
2026-08-26T19:00:00Z,1787770800,0.85718,0.85719,0.85715,0.85716,38,13,0
2026-08-26T19:05:00Z,1787771100,0.85716,0.85724,0.85715,0.85723,21,13,0
2026-08-26T19:10:00Z,1787771400,0.85723,0.85725,0.85722,0.85724,23,13,0
2026-08-26T19:15:00Z,1787771700,0.85724,0.85728,0.85724,0.85727,23,13,0
2026-08-26T19:20:00Z,1787772000,0.85727,0.85727,0.85723,0.85724,18,13,0
2026-08-26T19:25:00Z,1787772300,0.85724,0.85724,0.85717,0.85719,24,13,0
2026-08-26T19:30:00Z,1787772600,0.85719,0.85721,0.85717,0.85718,26,13,0
2026-08-26T19:35:00Z,1787772900,0.85718,0.85721,0.85718,0.85718,15,13,0
2026-08-26T19:40:00Z,1787773200,0.85718,0.85718,0.85716,0.85716,10,13,0
2026-08-26T19:45:00Z,1787773500,0.85716,0.85717,0.85715,0.85715,23,13,0
2026-08-26T19:50:00Z,1787773800,0.85715,0.85719,0.85715,0.85717,25,13,0
2026-08-26T19:55:00Z,1787774100,0.85715,0.85719,0.85715,0.85719,19,13,0
2026-08-26T20:00:00Z,1787774400,0.85719,0.8572,0.85713,0.85714,18,13,0
2026-08-26T20:05:00Z,1787774700,0.85714,0.85714,0.85711,0.85712,13,13,0
2026-08-26T20:10:00Z,1787775000,0.85712,0.85712,0.8571,0.85711,14,13,0
2026-08-26T20:15:00Z,1787775300,0.85711,0.85714,0.85711,0.85711,14,13,0
2026-08-26T20:20:00Z,1787775600,0.85711,0.85723,0.85711,0.85721,22,13,0
2026-08-26T20:25:00Z,1787775900,0.85721,0.85721,0.85718,0.85718,15,13,0
2026-08-26T20:30:00Z,1787776200,0.85718,0.85719,0.85714,0.85714,16,13,0
2026-08-26T20:35:00Z,1787776500,0.85714,0.85717,0.85712,0.85716,19,13,0
2026-08-26T20:40:00Z,1787776800,0.85716,0.85719,0.85714,0.85717,21,13,0
2026-08-26T20:45:00Z,1787777100,0.85717,0.8572,0.85716,0.85716,22,13,0
2026-08-26T20:50:00Z,1787777400,0.85716,0.85718,0.85713,0.85714,20,13,0
2026-08-26T20:55:00Z,1787777700,0.85714,0.85715,0.85684,0.857,89,13,0
2026-08-26T21:00:00Z,1787778000,0.85699,0.85701,0.85695,0.85695,40,13,0
2026-08-26T21:05:00Z,1787778300,0.85696,0.85696,0.8569,0.85694,15,27,0
2026-08-26T21:10:00Z,1787778600,0.85695,0.85696,0.8569,0.85692,12,27,0
2026-08-26T21:15:00Z,1787778900,0.85693,0.857,0.8569,0.85694,36,21,0
2026-08-26T21:20:00Z,1787779200,0.85695,0.857,0.8569,0.85696,54,27,0
2026-08-26T21:25:00Z,1787779500,0.85695,0.85701,0.85693,0.85696,31,21,0
2026-08-26T21:30:00Z,1787779800,0.85696,0.85698,0.85696,0.85698,24,27,0
2026-08-26T21:35:00Z,1787780100,0.85696,0.85699,0.85694,0.85698,45,28,0
2026-08-26T21:40:00Z,1787780400,0.85698,0.85699,0.85695,0.85698,26,28,0
2026-08-26T21:45:00Z,1787780700,0.85697,0.85698,0.85693,0.85695,38,38,0
2026-08-26T21:50:00Z,1787781000,0.85695,0.85697,0.85693,0.85696,54,42,0
2026-08-26T21:55:00Z,1787781300,0.85697,0.857,0.85689,0.85699,47,31,0
2026-08-26T22:00:00Z,1787781600,0.857,0.85715,0.857,0.85706,49,25,0
2026-08-26T22:05:00Z,1787781900,0.85706,0.85716,0.85706,0.85716,42,25,0
2026-08-26T22:10:00Z,1787782200,0.85715,0.85719,0.85714,0.85717,21,25,0
2026-08-26T22:15:00Z,1787782500,0.85717,0.85717,0.85713,0.85717,9,25,0
2026-08-26T22:20:00Z,1787782800,0.85717,0.85717,0.85716,0.85716,8,25,0
2026-08-26T22:25:00Z,1787783100,0.85717,0.85718,0.85716,0.85716,12,25,0
2026-08-26T22:30:00Z,1787783400,0.85716,0.85716,0.85712,0.85714,13,25,0
2026-08-26T22:35:00Z,1787783700,0.85714,0.85717,0.85714,0.85716,8,25,0
2026-08-26T22:40:00Z,1787784000,0.85716,0.85716,0.85712,0.85712,9,25,0
2026-08-26T22:45:00Z,1787784300,0.85712,0.85713,0.85712,0.85712,10,25,0
2026-08-26T22:50:00Z,1787784600,0.85712,0.85713,0.85712,0.85713,11,25,0
2026-08-26T22:55:00Z,1787784900,0.85713,0.85714,0.85713,0.85714,14,25,0
2026-08-26T23:00:00Z,1787785200,0.85721,0.85721,0.85714,0.85717,22,13,0
2026-08-26T23:05:00Z,1787785500,0.85717,0.85717,0.85715,0.85716,10,13,0
2026-08-26T23:10:00Z,1787785800,0.85716,0.85719,0.85716,0.85716,17,13,0
2026-08-26T23:15:00Z,1787786100,0.85716,0.85717,0.85715,0.85716,34,13,0
2026-08-26T23:20:00Z,1787786400,0.85716,0.85717,0.85715,0.85716,28,13,0
2026-08-26T23:25:00Z,1787786700,0.85716,0.85718,0.85716,0.85718,28,13,0
2026-08-26T23:30:00Z,1787787000,0.85718,0.85721,0.85718,0.8572,17,13,0
2026-08-26T23:35:00Z,1787787300,0.85719,0.85721,0.85719,0.85721,13,13,0
2026-08-26T23:40:00Z,1787787600,0.85721,0.85721,0.8572,0.85721,10,13,0
2026-08-26T23:45:00Z,1787787900,0.85721,0.85722,0.8572,0.85721,17,13,0
2026-08-26T23:50:00Z,1787788200,0.85721,0.85722,0.85717,0.85717,18,13,0
2026-08-26T23:55:00Z,1787788500,0.85717,0.8572,0.85717,0.8572,7,13,0
2026-08-27T00:00:00Z,1787788800,0.8572,0.85734,0.85718,0.85732,53,13,0
2026-08-27T00:05:00Z,1787789100,0.85733,0.85739,0.85732,0.85736,54,13,0
2026-08-27T00:10:00Z,1787789400,0.85736,0.85746,0.85736,0.85746,32,13,0
2026-08-27T00:15:00Z,1787789700,0.85746,0.85746,0.85742,0.85745,31,13,0
2026-08-27T00:20:00Z,1787790000,0.85745,0.85747,0.85742,0.85747,28,13,0
2026-08-27T00:25:00Z,1787790300,0.85747,0.85748,0.85745,0.85746,19,13,0
2026-08-27T00:30:00Z,1787790600,0.85746,0.85747,0.85742,0.85743,35,13,0
2026-08-27T00:35:00Z,1787790900,0.85743,0.85749,0.85743,0.85748,39,13,0
2026-08-27T00:40:00Z,1787791200,0.85748,0.85751,0.85747,0.85749,33,13,0
2026-08-27T00:45:00Z,1787791500,0.85749,0.85752,0.85747,0.85751,37,13,0
2026-08-27T00:50:00Z,1787791800,0.85751,0.85752,0.85748,0.85749,34,13,0
2026-08-27T00:55:00Z,1787792100,0.85749,0.85762,0.85748,0.85755,61,13,0
2026-08-27T01:00:00Z,1787792400,0.85755,0.85758,0.85753,0.85757,56,13,0
2026-08-27T01:05:00Z,1787792700,0.85757,0.85764,0.85756,0.85762,45,13,0
2026-08-27T01:10:00Z,1787793000,0.85762,0.85768,0.85762,0.85764,35,13,0
2026-08-27T01:15:00Z,1787793300,0.85764,0.85772,0.85763,0.85769,35,13,0
2026-08-27T01:20:00Z,1787793600,0.85769,0.85771,0.85758,0.8576,49,13,0
2026-08-27T01:25:00Z,1787793900,0.8576,0.85764,0.85759,0.85763,54,13,0
2026-08-27T01:30:00Z,1787794200,0.85763,0.85768,0.85762,0.85768,51,13,0
2026-08-27T01:35:00Z,1787794500,0.85767,0.85768,0.85761,0.85767,49,13,0
2026-08-27T01:40:00Z,1787794800,0.85767,0.85773,0.85766,0.85768,48,13,0
2026-08-27T01:45:00Z,1787795100,0.85768,0.8577,0.85762,0.85763,36,13,0
2026-08-27T01:50:00Z,1787795400,0.85763,0.85769,0.85763,0.85765,48,13,0
2026-08-27T01:55:00Z,1787795700,0.85765,0.85765,0.85762,0.85762,29,13,0
2026-08-27T02:00:00Z,1787796000,0.85762,0.85766,0.8576,0.85763,45,13,0
2026-08-27T02:05:00Z,1787796300,0.85763,0.85763,0.85761,0.85761,28,13,0
2026-08-27T02:10:00Z,1787796600,0.85761,0.85761,0.85758,0.85759,24,13,0
2026-08-27T02:15:00Z,1787796900,0.85759,0.8576,0.85756,0.85757,20,13,0
2026-08-27T02:20:00Z,1787797200,0.85757,0.85763,0.85757,0.85763,25,13,0
2026-08-27T02:25:00Z,1787797500,0.85763,0.85763,0.8576,0.85762,24,13,0
2026-08-27T02:30:00Z,1787797800,0.85762,0.85764,0.8576,0.85763,31,13,0
2026-08-27T02:35:00Z,1787798100,0.85763,0.85765,0.8576,0.85762,29,13,0
2026-08-27T02:40:00Z,1787798400,0.85762,0.85762,0.85757,0.85757,35,13,0
2026-08-27T02:45:00Z,1787798700,0.85757,0.85759,0.85753,0.85757,23,13,0
2026-08-27T02:50:00Z,1787799000,0.85757,0.85758,0.85752,0.85757,21,13,0
2026-08-27T02:55:00Z,1787799300,0.85757,0.85758,0.85753,0.85755,31,13,0
2026-08-27T03:00:00Z,1787799600,0.85756,0.85756,0.85751,0.85754,46,13,0
2026-08-27T03:05:00Z,1787799900,0.85754,0.85756,0.85753,0.85754,34,13,0
2026-08-27T03:10:00Z,1787800200,0.85754,0.85754,0.85751,0.85751,34,13,0
2026-08-27T03:15:00Z,1787800500,0.85751,0.85752,0.85749,0.85752,16,13,0
2026-08-27T03:20:00Z,1787800800,0.85752,0.85752,0.85748,0.85749,19,13,0
2026-08-27T03:25:00Z,1787801100,0.85749,0.85751,0.85748,0.85749,28,13,0
2026-08-27T03:30:00Z,1787801400,0.85749,0.85756,0.85749,0.85754,32,13,0
2026-08-27T03:35:00Z,1787801700,0.85754,0.85759,0.85754,0.85758,22,13,0
2026-08-27T03:40:00Z,1787802000,0.85758,0.85761,0.85757,0.85759,26,13,0
2026-08-27T03:45:00Z,1787802300,0.85759,0.85761,0.85758,0.85761,27,13,0
2026-08-27T03:50:00Z,1787802600,0.85761,0.85763,0.85759,0.85763,21,13,0
2026-08-27T03:55:00Z,1787802900,0.85763,0.85769,0.85763,0.85768,29,13,0
2026-08-27T04:00:00Z,1787803200,0.85767,0.85768,0.85761,0.85765,28,13,0
2026-08-27T04:05:00Z,1787803500,0.85765,0.85765,0.85761,0.85761,16,13,0
2026-08-27T04:10:00Z,1787803800,0.85761,0.85762,0.85759,0.8576,25,13,0
2026-08-27T04:15:00Z,1787804100,0.8576,0.85765,0.8576,0.85764,24,13,0
2026-08-27T04:20:00Z,1787804400,0.85764,0.85766,0.85763,0.85766,32,13,0
2026-08-27T04:25:00Z,1787804700,0.85766,0.85768,0.8576,0.85762,36,13,0
2026-08-27T04:30:00Z,1787805000,0.85762,0.85768,0.85762,0.85768,29,13,0
2026-08-27T04:35:00Z,1787805300,0.85768,0.85773,0.85768,0.85771,36,13,0
2026-08-27T04:40:00Z,1787805600,0.85771,0.85776,0.8577,0.85775,38,13,0
2026-08-27T04:45:00Z,1787805900,0.85774,0.85775,0.85769,0.85772,30,13,0
2026-08-27T04:50:00Z,1787806200,0.85772,0.85774,0.85771,0.85773,28,13,0
2026-08-27T04:55:00Z,1787806500,0.85773,0.85777,0.85773,0.85777,25,13,0
2026-08-27T05:00:00Z,1787806800,0.85777,0.85777,0.85773,0.85775,35,13,0
2026-08-27T05:05:00Z,1787807100,0.85775,0.85778,0.85775,0.85777,22,13,0
2026-08-27T05:10:00Z,1787807400,0.85777,0.8578,0.85777,0.8578,18,13,0
2026-08-27T05:15:00Z,1787807700,0.8578,0.85781,0.85776,0.85779,28,13,0
2026-08-27T05:20:00Z,1787808000,0.85779,0.85779,0.85773,0.85775,33,13,0
2026-08-27T05:25:00Z,1787808300,0.85775,0.85775,0.85771,0.85772,24,13,0
2026-08-27T05:30:00Z,1787808600,0.85772,0.85773,0.85771,0.85772,29,13,0
2026-08-27T05:35:00Z,1787808900,0.85773,0.85773,0.85768,0.85768,21,13,0
2026-08-27T05:40:00Z,1787809200,0.85768,0.85772,0.85766,0.8577,34,13,0
2026-08-27T05:45:00Z,1787809500,0.8577,0.8577,0.85767,0.85768,37,13,0
2026-08-27T05:50:00Z,1787809800,0.85768,0.85771,0.85758,0.85761,42,13,0
2026-08-27T05:55:00Z,1787810100,0.85761,0.85763,0.85757,0.85762,48,13,0
2026-08-27T06:00:00Z,1787810400,0.85762,0.85762,0.85749,0.85759,58,13,0
2026-08-27T06:05:00Z,1787810700,0.8576,0.85762,0.85756,0.85756,58,13,0
2026-08-27T06:10:00Z,1787811000,0.85756,0.85759,0.85755,0.85759,32,13,0
2026-08-27T06:15:00Z,1787811300,0.85759,0.85759,0.85752,0.85754,42,13,0
2026-08-27T06:20:00Z,1787811600,0.85754,0.85757,0.85753,0.85757,37,13,0
2026-08-27T06:25:00Z,1787811900,0.85757,0.85757,0.85754,0.85756,42,13,0
2026-08-27T06:30:00Z,1787812200,0.85756,0.85762,0.85756,0.85762,57,13,0
2026-08-27T06:35:00Z,1787812500,0.85762,0.85766,0.85759,0.85766,34,13,0
2026-08-27T06:40:00Z,1787812800,0.85765,0.85765,0.85752,0.85753,45,13,0
2026-08-27T06:45:00Z,1787813100,0.85753,0.85762,0.85752,0.85762,55,13,0
2026-08-27T06:50:00Z,1787813400,0.85762,0.85763,0.85757,0.85762,69,13,0
2026-08-27T06:55:00Z,1787813700,0.85762,0.85763,0.8575,0.8575,52,13,0
2026-08-27T07:00:00Z,1787814000,0.8575,0.85751,0.85737,0.85737,85,13,0
2026-08-27T07:05:00Z,1787814300,0.85737,0.85741,0.85735,0.85735,78,13,0
2026-08-27T07:10:00Z,1787814600,0.85736,0.85737,0.85725,0.8573,63,13,0
2026-08-27T07:15:00Z,1787814900,0.8573,0.85747,0.8573,0.85744,58,13,0
2026-08-27T07:20:00Z,1787815200,0.85744,0.85758,0.85744,0.85751,66,13,0
2026-08-27T07:25:00Z,1787815500,0.85751,0.85757,0.85743,0.85756,60,13,0
2026-08-27T07:30:00Z,1787815800,0.85757,0.85758,0.85742,0.85742,50,13,0
2026-08-27T07:35:00Z,1787816100,0.85742,0.85757,0.85737,0.85753,98,13,0
2026-08-27T07:40:00Z,1787816400,0.85753,0.85753,0.85748,0.8575,44,13,0
2026-08-27T07:45:00Z,1787816700,0.85748,0.85762,0.85747,0.85759,46,13,0
2026-08-27T07:50:00Z,1787817000,0.85758,0.85762,0.85752,0.85762,61,13,0
2026-08-27T07:55:00Z,1787817300,0.85763,0.85781,0.85763,0.85774,70,13,0
2026-08-27T08:00:00Z,1787817600,0.85773,0.85777,0.85756,0.8576,86,13,0
2026-08-27T08:05:00Z,1787817900,0.8576,0.8576,0.85747,0.85751,74,13,0
2026-08-27T08:10:00Z,1787818200,0.85751,0.85754,0.85749,0.85752,54,13,0
2026-08-27T08:15:00Z,1787818500,0.85752,0.85758,0.85749,0.85756,61,13,0
2026-08-27T08:20:00Z,1787818800,0.85756,0.85761,0.85748,0.85755,78,13,0
2026-08-27T08:25:00Z,1787819100,0.85755,0.85763,0.85752,0.85754,62,13,0
2026-08-27T08:30:00Z,1787819400,0.85754,0.85758,0.85752,0.85757,47,13,0
2026-08-27T08:35:00Z,1787819700,0.85757,0.8578,0.85754,0.85779,73,13,0
2026-08-27T08:40:00Z,1787820000,0.85779,0.85782,0.85764,0.85769,78,13,0
2026-08-27T08:45:00Z,1787820300,0.85768,0.85772,0.85762,0.85767,53,13,0
2026-08-27T08:50:00Z,1787820600,0.85767,0.85777,0.85766,0.85772,65,13,0
2026-08-27T08:55:00Z,1787820900,0.85772,0.85774,0.85762,0.85773,71,13,0
2026-08-27T09:00:00Z,1787821200,0.85773,0.85782,0.85767,0.85779,77,13,0
2026-08-27T09:05:00Z,1787821500,0.8578,0.8578,0.85769,0.85769,85,13,0
2026-08-27T09:10:00Z,1787821800,0.8577,0.85775,0.85768,0.8577,51,13,0
2026-08-27T09:15:00Z,1787822100,0.85769,0.85774,0.85766,0.85772,74,13,0
2026-08-27T09:20:00Z,1787822400,0.85771,0.85772,0.85759,0.85761,51,13,0
2026-08-27T09:25:00Z,1787822700,0.85761,0.85766,0.85753,0.85759,73,13,0
2026-08-27T09:30:00Z,1787823000,0.85758,0.85768,0.85756,0.85757,58,13,0
2026-08-27T09:35:00Z,1787823300,0.85757,0.85771,0.85746,0.85767,75,13,0
2026-08-27T09:40:00Z,1787823600,0.85768,0.85774,0.85751,0.85753,69,13,0
2026-08-27T09:45:00Z,1787823900,0.85752,0.85757,0.85751,0.85753,60,13,0
2026-08-27T09:50:00Z,1787824200,0.85753,0.85757,0.85741,0.85743,79,13,0
2026-08-27T09:55:00Z,1787824500,0.85744,0.85752,0.8574,0.85748,76,13,0
2026-08-27T10:00:00Z,1787824800,0.85748,0.85763,0.85745,0.8576,93,13,0
2026-08-27T10:05:00Z,1787825100,0.8576,0.85761,0.85747,0.85747,64,13,0
2026-08-27T10:10:00Z,1787825400,0.85747,0.85757,0.85744,0.85754,69,13,0
2026-08-27T10:15:00Z,1787825700,0.85754,0.8576,0.85751,0.8576,61,13,0
2026-08-27T10:20:00Z,1787826000,0.8576,0.85762,0.85754,0.85756,66,13,0
2026-08-27T10:25:00Z,1787826300,0.85756,0.8576,0.85746,0.85746,48,13,0
2026-08-27T10:30:00Z,1787826600,0.85746,0.85746,0.85736,0.8574,59,13,0
2026-08-27T10:35:00Z,1787826900,0.8574,0.8574,0.85727,0.85737,89,13,0
2026-08-27T10:40:00Z,1787827200,0.85737,0.8575,0.85734,0.85742,74,13,0
2026-08-27T10:45:00Z,1787827500,0.85742,0.85744,0.8573,0.8574,60,13,0
2026-08-27T10:50:00Z,1787827800,0.8574,0.85744,0.85722,0.85724,42,13,0
2026-08-27T10:55:00Z,1787828100,0.85724,0.85739,0.8572,0.85738,78,13,0
2026-08-27T11:00:00Z,1787828400,0.85739,0.85749,0.85728,0.85728,63,13,0
2026-08-27T11:05:00Z,1787828700,0.85728,0.85731,0.85721,0.85723,59,13,0
2026-08-27T11:10:00Z,1787829000,0.85723,0.85724,0.8571,0.85712,52,13,0
2026-08-27T11:15:00Z,1787829300,0.85712,0.85714,0.85703,0.85703,36,13,0
2026-08-27T11:20:00Z,1787829600,0.85703,0.85714,0.85699,0.85705,81,13,0
2026-08-27T11:25:00Z,1787829900,0.85705,0.85713,0.85701,0.85712,47,13,0
2026-08-27T11:30:00Z,1787830200,0.85712,0.8573,0.85712,0.85726,88,13,0
2026-08-27T11:35:00Z,1787830500,0.85726,0.85738,0.85725,0.85737,85,13,0
2026-08-27T11:40:00Z,1787830800,0.85737,0.85748,0.85734,0.85741,63,13,0
2026-08-27T11:45:00Z,1787831100,0.85741,0.8575,0.85739,0.85742,70,13,0
2026-08-27T11:50:00Z,1787831400,0.85742,0.85744,0.85732,0.85739,85,13,0
2026-08-27T11:55:00Z,1787831700,0.85737,0.85737,0.85726,0.8573,93,13,0
2026-08-27T12:00:00Z,1787832000,0.85731,0.85749,0.85726,0.85748,130,13,0
2026-08-27T12:05:00Z,1787832300,0.85748,0.85748,0.85734,0.85736,75,13,0
2026-08-27T12:10:00Z,1787832600,0.85736,0.85739,0.85728,0.85728,76,13,0
2026-08-27T12:15:00Z,1787832900,0.85729,0.85737,0.85725,0.85735,86,13,0
2026-08-27T12:20:00Z,1787833200,0.85734,0.85744,0.85721,0.85728,85,13,0
2026-08-27T12:25:00Z,1787833500,0.85729,0.85732,0.85722,0.85724,87,13,0
2026-08-27T12:30:00Z,1787833800,0.85726,0.85735,0.85724,0.85735,86,13,0
2026-08-27T12:35:00Z,1787834100,0.85735,0.85743,0.85722,0.8574,89,13,0
2026-08-27T12:40:00Z,1787834400,0.8574,0.85748,0.85733,0.85737,88,13,0
2026-08-27T12:45:00Z,1787834700,0.85738,0.85753,0.85736,0.8575,89,13,0
2026-08-27T12:50:00Z,1787835000,0.8575,0.8576,0.85747,0.85757,80,13,0
2026-08-27T12:55:00Z,1787835300,0.85757,0.85757,0.85748,0.85755,79,13,0
2026-08-27T13:00:00Z,1787835600,0.85755,0.85755,0.85733,0.85735,113,13,0
2026-08-27T13:05:00Z,1787835900,0.85735,0.85736,0.85728,0.8573,112,13,0
2026-08-27T13:10:00Z,1787836200,0.8573,0.85736,0.85709,0.85725,106,13,0
2026-08-27T13:15:00Z,1787836500,0.85726,0.85727,0.85711,0.85717,94,13,0
2026-08-27T13:20:00Z,1787836800,0.85718,0.85736,0.85715,0.85723,117,13,0
2026-08-27T13:25:00Z,1787837100,0.85723,0.85725,0.85705,0.85724,115,13,0
2026-08-27T13:30:00Z,1787837400,0.85723,0.85729,0.85714,0.8572,101,13,0
2026-08-27T13:35:00Z,1787837700,0.8572,0.85723,0.85704,0.85704,98,13,0
2026-08-27T13:40:00Z,1787838000,0.85704,0.85725,0.85701,0.85724,103,13,0
2026-08-27T13:45:00Z,1787838300,0.85725,0.85736,0.8572,0.85721,110,13,0
2026-08-27T13:50:00Z,1787838600,0.85721,0.8573,0.85716,0.8573,99,13,0
2026-08-27T13:55:00Z,1787838900,0.8573,0.85733,0.8572,0.8573,116,13,0
2026-08-27T14:00:00Z,1787839200,0.85731,0.85744,0.85727,0.85733,124,13,0
2026-08-27T14:05:00Z,1787839500,0.85734,0.85743,0.85718,0.85732,119,13,0
2026-08-27T14:10:00Z,1787839800,0.85732,0.85735,0.85726,0.85734,90,13,0
2026-08-27T14:15:00Z,1787840100,0.85734,0.85737,0.85722,0.85731,90,13,0
2026-08-27T14:20:00Z,1787840400,0.85731,0.85748,0.85731,0.85747,84,13,0
2026-08-27T14:25:00Z,1787840700,0.85748,0.85758,0.85745,0.8575,82,13,0
2026-08-27T14:30:00Z,1787841000,0.8575,0.8576,0.85745,0.85751,91,13,0
2026-08-27T14:35:00Z,1787841300,0.85751,0.85757,0.85746,0.85754,85,13,0
2026-08-27T14:40:00Z,1787841600,0.85755,0.85759,0.85751,0.85752,79,13,0
2026-08-27T14:45:00Z,1787841900,0.85752,0.85765,0.85749,0.85763,97,13,0
2026-08-27T14:50:00Z,1787842200,0.85763,0.85778,0.85761,0.85765,115,13,0
2026-08-27T14:55:00Z,1787842500,0.85766,0.85767,0.85727,0.85735,154,13,0
2026-08-27T15:00:00Z,1787842800,0.85734,0.85749,0.85734,0.85747,123,13,0
2026-08-27T15:05:00Z,1787843100,0.85747,0.85752,0.85742,0.85752,83,13,0
2026-08-27T15:10:00Z,1787843400,0.85752,0.85752,0.85743,0.85743,78,13,0
2026-08-27T15:15:00Z,1787843700,0.85743,0.85755,0.85742,0.85745,83,13,0
2026-08-27T15:20:00Z,1787844000,0.85745,0.85747,0.85735,0.85739,72,13,0
2026-08-27T15:25:00Z,1787844300,0.85739,0.85744,0.85734,0.85734,74,13,0
2026-08-27T15:30:00Z,1787844600,0.85735,0.8575,0.85733,0.85744,85,13,0
2026-08-27T15:35:00Z,1787844900,0.85743,0.85745,0.85725,0.85727,52,13,0
2026-08-27T15:40:00Z,1787845200,0.85727,0.85728,0.85722,0.85724,59,13,0
2026-08-27T15:45:00Z,1787845500,0.85723,0.85724,0.85706,0.8571,85,13,0
2026-08-27T15:50:00Z,1787845800,0.85711,0.85711,0.85703,0.85705,63,13,0
2026-08-27T15:55:00Z,1787846100,0.85705,0.85708,0.85689,0.85692,95,13,0
2026-08-27T16:00:00Z,1787846400,0.85693,0.85693,0.85683,0.85686,83,13,0
2026-08-27T16:05:00Z,1787846700,0.85686,0.85694,0.85686,0.85692,69,13,0
2026-08-27T16:10:00Z,1787847000,0.85692,0.85698,0.8569,0.85695,76,13,0
2026-08-27T16:15:00Z,1787847300,0.85696,0.85699,0.85689,0.85694,66,13,0
2026-08-27T16:20:00Z,1787847600,0.85694,0.85703,0.8569,0.85702,76,13,0
2026-08-27T16:25:00Z,1787847900,0.857,0.85701,0.85683,0.85684,61,13,0
2026-08-27T16:30:00Z,1787848200,0.85683,0.85688,0.85683,0.85684,64,13,0
2026-08-27T16:35:00Z,1787848500,0.85684,0.8569,0.85681,0.8569,48,13,0
2026-08-27T16:40:00Z,1787848800,0.8569,0.85697,0.85688,0.85697,44,13,0
2026-08-27T16:45:00Z,1787849100,0.85698,0.85703,0.85696,0.85702,45,13,0
2026-08-27T16:50:00Z,1787849400,0.85702,0.85703,0.85696,0.85702,48,13,0
2026-08-27T16:55:00Z,1787849700,0.85703,0.85723,0.85703,0.85716,58,13,0
2026-08-27T17:00:00Z,1787850000,0.85716,0.85716,0.85708,0.85709,66,13,0
2026-08-27T17:05:00Z,1787850300,0.85709,0.85719,0.85707,0.85718,58,13,0
2026-08-27T17:10:00Z,1787850600,0.85718,0.85718,0.85711,0.85715,34,13,0
2026-08-27T17:15:00Z,1787850900,0.85715,0.85716,0.8571,0.85716,65,13,0
2026-08-27T17:20:00Z,1787851200,0.85716,0.8572,0.85713,0.85718,48,13,0
2026-08-27T17:25:00Z,1787851500,0.85718,0.85721,0.85714,0.85717,52,13,0
2026-08-27T17:30:00Z,1787851800,0.85716,0.85717,0.85711,0.85715,71,13,0
2026-08-27T17:35:00Z,1787852100,0.85716,0.85717,0.85706,0.85708,25,13,0
2026-08-27T17:40:00Z,1787852400,0.85708,0.85714,0.85708,0.85712,27,13,0
2026-08-27T17:45:00Z,1787852700,0.85711,0.85711,0.85707,0.85709,37,13,0
2026-08-27T17:50:00Z,1787853000,0.85709,0.85714,0.85709,0.85712,41,13,0
2026-08-27T17:55:00Z,1787853300,0.85712,0.85727,0.85712,0.85722,67,13,0
2026-08-27T18:00:00Z,1787853600,0.85722,0.85726,0.85716,0.8572,62,13,0
2026-08-27T18:05:00Z,1787853900,0.85721,0.85722,0.85714,0.8572,33,13,0
2026-08-27T18:10:00Z,1787854200,0.8572,0.85725,0.85718,0.85722,45,13,0
2026-08-27T18:15:00Z,1787854500,0.85724,0.85729,0.8572,0.85728,36,13,0
2026-08-27T18:20:00Z,1787854800,0.85728,0.85734,0.85727,0.85733,34,13,0
2026-08-27T18:25:00Z,1787855100,0.85733,0.85737,0.85733,0.85734,26,13,0
2026-08-27T18:30:00Z,1787855400,0.85734,0.85741,0.85732,0.8574,25,13,0
2026-08-27T18:35:00Z,1787855700,0.8574,0.8574,0.85729,0.85734,33,13,0
2026-08-27T18:40:00Z,1787856000,0.85735,0.85736,0.85732,0.85734,27,13,0
2026-08-27T18:45:00Z,1787856300,0.85734,0.85734,0.85726,0.85726,35,13,0
2026-08-27T18:50:00Z,1787856600,0.85727,0.8573,0.85726,0.85727,32,13,0
2026-08-27T18:55:00Z,1787856900,0.85727,0.85728,0.85717,0.85722,29,13,0
2026-08-27T19:00:00Z,1787857200,0.85722,0.85727,0.8572,0.85724,41,13,0
2026-08-27T19:05:00Z,1787857500,0.85724,0.85729,0.85723,0.85728,28,13,0
2026-08-27T19:10:00Z,1787857800,0.85728,0.85729,0.85724,0.85726,23,13,0
2026-08-27T19:15:00Z,1787858100,0.85726,0.85729,0.85724,0.85726,23,13,0
2026-08-27T19:20:00Z,1787858400,0.85726,0.85729,0.85724,0.85727,24,13,0
2026-08-27T19:25:00Z,1787858700,0.85727,0.85729,0.85726,0.85728,23,13,0
2026-08-27T19:30:00Z,1787859000,0.85728,0.85731,0.85728,0.8573,20,13,0
2026-08-27T19:35:00Z,1787859300,0.8573,0.85732,0.85729,0.85732,15,13,0
2026-08-27T19:40:00Z,1787859600,0.85731,0.85733,0.85731,0.85733,12,13,0
2026-08-27T19:45:00Z,1787859900,0.85733,0.85734,0.85732,0.85733,29,13,0
2026-08-27T19:50:00Z,1787860200,0.85733,0.85737,0.85731,0.85732,20,13,0
2026-08-27T19:55:00Z,1787860500,0.85732,0.85735,0.85723,0.85726,52,13,0
2026-08-27T20:00:00Z,1787860800,0.85727,0.8573,0.85725,0.85726,24,13,0
2026-08-27T20:05:00Z,1787861100,0.85727,0.8573,0.85724,0.85729,22,13,0
2026-08-27T20:10:00Z,1787861400,0.85728,0.85728,0.85719,0.85719,42,13,0
2026-08-27T20:15:00Z,1787861700,0.85719,0.85722,0.85713,0.8572,49,13,0
2026-08-27T20:20:00Z,1787862000,0.85721,0.85722,0.85719,0.85721,17,13,0
2026-08-27T20:25:00Z,1787862300,0.85721,0.85721,0.85718,0.85718,20,13,0
2026-08-27T20:30:00Z,1787862600,0.85718,0.8572,0.85716,0.85717,14,13,0
2026-08-27T20:35:00Z,1787862900,0.85717,0.85718,0.85713,0.85715,15,13,0
2026-08-27T20:40:00Z,1787863200,0.85715,0.85722,0.85713,0.85722,30,13,0
2026-08-27T20:45:00Z,1787863500,0.85722,0.85722,0.85714,0.85714,24,13,0
2026-08-27T20:50:00Z,1787863800,0.85713,0.85717,0.85713,0.85717,36,13,0
2026-08-27T20:55:00Z,1787864100,0.85717,0.8572,0.85712,0.85718,50,13,0
2026-08-27T21:00:00Z,1787864400,0.85717,0.85719,0.85717,0.85719,3,14,0
2026-08-27T21:05:00Z,1787864700,0.8572,0.8572,0.85711,0.85714,18,13,0
2026-08-27T21:10:00Z,1787865000,0.85713,0.85719,0.85712,0.85714,27,20,0
2026-08-27T21:15:00Z,1787865300,0.85713,0.8572,0.85708,0.85715,98,22,0
2026-08-27T21:20:00Z,1787865600,0.85716,0.85721,0.85709,0.85714,183,17,0
2026-08-27T21:25:00Z,1787865900,0.85716,0.85721,0.8571,0.85714,91,17,0
2026-08-27T21:30:00Z,1787866200,0.85715,0.8572,0.85712,0.85716,88,15,0
2026-08-27T21:35:00Z,1787866500,0.85715,0.85717,0.85706,0.85713,97,18,0
2026-08-27T21:40:00Z,1787866800,0.85711,0.85716,0.85705,0.85711,82,20,0
2026-08-27T21:45:00Z,1787867100,0.8571,0.85714,0.85701,0.85704,70,25,0
2026-08-27T21:50:00Z,1787867400,0.85706,0.85714,0.85706,0.85712,58,24,0
2026-08-27T21:55:00Z,1787867700,0.85714,0.85715,0.85711,0.85715,35,22,0
2026-08-27T22:00:00Z,1787868000,0.85715,0.85717,0.8571,0.8571,40,25,0
2026-08-27T22:05:00Z,1787868300,0.85709,0.85711,0.85706,0.85711,17,25,0
2026-08-27T22:10:00Z,1787868600,0.85711,0.85711,0.85707,0.8571,17,25,0
2026-08-27T22:15:00Z,1787868900,0.8571,0.85711,0.85707,0.85707,16,25,0
2026-08-27T22:20:00Z,1787869200,0.85708,0.85708,0.85706,0.85707,12,25,0
2026-08-27T22:25:00Z,1787869500,0.85707,0.85708,0.85706,0.85708,11,25,0
2026-08-27T22:30:00Z,1787869800,0.85708,0.8571,0.85705,0.85705,19,25,0
2026-08-27T22:35:00Z,1787870100,0.85705,0.85706,0.85704,0.85704,19,25,0
2026-08-27T22:40:00Z,1787870400,0.85704,0.85705,0.85701,0.85701,9,25,0
2026-08-27T22:45:00Z,1787870700,0.857,0.85704,0.857,0.85703,19,25,0
2026-08-27T22:50:00Z,1787871000,0.85703,0.85705,0.85701,0.85701,14,25,0
2026-08-27T22:55:00Z,1787871300,0.85701,0.85704,0.857,0.857,20,25,0
2026-08-27T23:00:00Z,1787871600,0.85706,0.85707,0.85704,0.85706,17,13,0
2026-08-27T23:05:00Z,1787871900,0.85706,0.85707,0.85705,0.85705,14,13,0
2026-08-27T23:10:00Z,1787872200,0.85706,0.85706,0.85703,0.85705,19,13,0
2026-08-27T23:15:00Z,1787872500,0.85705,0.85708,0.85703,0.85707,22,13,0
2026-08-27T23:20:00Z,1787872800,0.85707,0.85707,0.85704,0.85705,12,13,0
2026-08-27T23:25:00Z,1787873100,0.85705,0.85706,0.85703,0.85705,15,13,0
2026-08-27T23:30:00Z,1787873400,0.85705,0.85707,0.85702,0.85706,28,13,0
2026-08-27T23:35:00Z,1787873700,0.85706,0.85706,0.85701,0.85702,18,13,0
2026-08-27T23:40:00Z,1787874000,0.85702,0.85703,0.857,0.857,13,13,0
2026-08-27T23:45:00Z,1787874300,0.857,0.85705,0.85699,0.85703,22,13,0
2026-08-27T23:50:00Z,1787874600,0.85703,0.85706,0.85703,0.85706,15,13,0
2026-08-27T23:55:00Z,1787874900,0.85706,0.85707,0.85704,0.85704,22,13,0
2026-08-28T00:00:00Z,1787875200,0.85703,0.85705,0.857,0.85701,45,13,0
2026-08-28T00:05:00Z,1787875500,0.85701,0.85705,0.85701,0.85702,28,13,0
2026-08-28T00:10:00Z,1787875800,0.85702,0.85703,0.85701,0.85701,22,13,0
2026-08-28T00:15:00Z,1787876100,0.85701,0.85706,0.85701,0.85705,33,13,0
2026-08-28T00:20:00Z,1787876400,0.85704,0.85708,0.85703,0.85707,24,13,0
2026-08-28T00:25:00Z,1787876700,0.85707,0.85707,0.85703,0.85704,31,13,0
2026-08-28T00:30:00Z,1787877000,0.85704,0.85706,0.85702,0.85703,24,13,0
2026-08-28T00:35:00Z,1787877300,0.85703,0.85704,0.85702,0.85703,34,13,0
2026-08-28T00:40:00Z,1787877600,0.85704,0.85707,0.85704,0.85707,31,13,0
2026-08-28T00:45:00Z,1787877900,0.85707,0.85707,0.85704,0.85704,40,13,0
2026-08-28T00:50:00Z,1787878200,0.85704,0.85707,0.85703,0.85705,25,13,0
2026-08-28T00:55:00Z,1787878500,0.85707,0.85709,0.85705,0.85707,26,13,0
2026-08-28T01:00:00Z,1787878800,0.85707,0.85708,0.85704,0.85705,36,13,0
2026-08-28T01:05:00Z,1787879100,0.85705,0.85706,0.85702,0.85703,28,13,0
2026-08-28T01:10:00Z,1787879400,0.85703,0.85715,0.85703,0.85715,46,13,0
2026-08-28T01:15:00Z,1787879700,0.85715,0.85718,0.85714,0.85718,30,13,0
2026-08-28T01:20:00Z,1787880000,0.85718,0.85718,0.85714,0.85716,41,13,0
2026-08-28T01:25:00Z,1787880300,0.85716,0.85719,0.85715,0.85718,25,13,0
2026-08-28T01:30:00Z,1787880600,0.85718,0.8572,0.85717,0.85718,40,13,0
2026-08-28T01:35:00Z,1787880900,0.85718,0.85719,0.85717,0.85719,43,13,0
2026-08-28T01:40:00Z,1787881200,0.85719,0.85719,0.85715,0.85718,36,13,0
2026-08-28T01:45:00Z,1787881500,0.85718,0.85725,0.85718,0.85724,42,13,0
2026-08-28T01:50:00Z,1787881800,0.85724,0.85727,0.85722,0.85724,34,13,0
2026-08-28T01:55:00Z,1787882100,0.85723,0.85724,0.85713,0.85717,41,13,0
2026-08-28T02:00:00Z,1787882400,0.85717,0.85719,0.85715,0.85719,39,13,0
2026-08-28T02:05:00Z,1787882700,0.85719,0.85719,0.85716,0.85718,34,13,0
2026-08-28T02:10:00Z,1787883000,0.85718,0.85719,0.85711,0.85711,42,13,0
2026-08-28T02:15:00Z,1787883300,0.85711,0.85711,0.85704,0.85708,33,13,0
2026-08-28T02:20:00Z,1787883600,0.85708,0.8571,0.85702,0.85702,34,13,0
2026-08-28T02:25:00Z,1787883900,0.85702,0.85704,0.85699,0.85702,43,13,0
2026-08-28T02:30:00Z,1787884200,0.85702,0.85706,0.85701,0.85706,24,13,0
2026-08-28T02:35:00Z,1787884500,0.85706,0.85708,0.85705,0.85705,31,13,0
2026-08-28T02:40:00Z,1787884800,0.85705,0.85707,0.85705,0.85706,20,13,0
2026-08-28T02:45:00Z,1787885100,0.85706,0.85708,0.85706,0.85707,25,13,0
2026-08-28T02:50:00Z,1787885400,0.85707,0.85709,0.85705,0.85706,29,13,0
2026-08-28T02:55:00Z,1787885700,0.85705,0.85707,0.85704,0.85705,10,13,0
2026-08-28T03:00:00Z,1787886000,0.85705,0.85705,0.85701,0.85703,25,13,0
2026-08-28T03:05:00Z,1787886300,0.85703,0.85704,0.85702,0.85703,24,13,0
2026-08-28T03:10:00Z,1787886600,0.85703,0.85703,0.85702,0.85702,18,13,0
2026-08-28T03:15:00Z,1787886900,0.85702,0.85703,0.85702,0.85702,19,13,0
2026-08-28T03:20:00Z,1787887200,0.85702,0.85702,0.857,0.857,20,13,0
2026-08-28T03:25:00Z,1787887500,0.857,0.85703,0.857,0.85703,22,13,0
2026-08-28T03:30:00Z,1787887800,0.85703,0.85704,0.85701,0.85702,27,13,0
2026-08-28T03:35:00Z,1787888100,0.85702,0.85703,0.85702,0.85702,25,13,0
2026-08-28T03:40:00Z,1787888400,0.85702,0.85706,0.85702,0.85705,9,13,0
2026-08-28T03:45:00Z,1787888700,0.85705,0.85707,0.85705,0.85706,18,13,0
2026-08-28T03:50:00Z,1787889000,0.85706,0.85706,0.85704,0.85704,20,13,0
2026-08-28T03:55:00Z,1787889300,0.85704,0.85704,0.85694,0.85696,27,13,0
2026-08-28T04:00:00Z,1787889600,0.85697,0.85698,0.85696,0.85697,37,13,0
2026-08-28T04:05:00Z,1787889900,0.85697,0.85697,0.85695,0.85696,16,13,0
2026-08-28T04:10:00Z,1787890200,0.85696,0.85698,0.85696,0.85697,16,13,0
2026-08-28T04:15:00Z,1787890500,0.85697,0.85698,0.85696,0.85697,14,13,0
2026-08-28T04:20:00Z,1787890800,0.85697,0.85698,0.85696,0.85698,15,13,0
2026-08-28T04:25:00Z,1787891100,0.85698,0.85698,0.85697,0.85697,17,13,0
2026-08-28T04:30:00Z,1787891400,0.85697,0.85701,0.85696,0.85697,16,13,0
2026-08-28T04:35:00Z,1787891700,0.85697,0.85701,0.85697,0.85701,17,13,0
2026-08-28T04:40:00Z,1787892000,0.85701,0.85702,0.85697,0.85699,27,13,0
2026-08-28T04:45:00Z,1787892300,0.85699,0.85701,0.85699,0.857,15,13,0
2026-08-28T04:50:00Z,1787892600,0.857,0.85702,0.85697,0.85697,18,13,0
2026-08-28T04:55:00Z,1787892900,0.85697,0.85698,0.85695,0.85698,18,13,0
2026-08-28T05:00:00Z,1787893200,0.85698,0.857,0.85697,0.85697,34,13,0
2026-08-28T05:05:00Z,1787893500,0.85698,0.85698,0.85692,0.85693,37,13,0
2026-08-28T05:10:00Z,1787893800,0.85693,0.85694,0.85689,0.85691,38,13,0
2026-08-28T05:15:00Z,1787894100,0.85691,0.85694,0.8569,0.85693,20,13,0
2026-08-28T05:20:00Z,1787894400,0.85693,0.85696,0.85692,0.85694,14,13,0
2026-08-28T05:25:00Z,1787894700,0.85694,0.85694,0.85691,0.85691,39,13,0
2026-08-28T05:30:00Z,1787895000,0.85691,0.85693,0.8569,0.85692,20,13,0
2026-08-28T05:35:00Z,1787895300,0.85693,0.85694,0.8569,0.85691,26,13,0
2026-08-28T05:40:00Z,1787895600,0.8569,0.85691,0.85685,0.85685,25,13,0
2026-08-28T05:45:00Z,1787895900,0.85685,0.85689,0.85685,0.85687,31,13,0
2026-08-28T05:50:00Z,1787896200,0.85687,0.8569,0.85685,0.85685,27,13,0
2026-08-28T05:55:00Z,1787896500,0.85685,0.85687,0.85681,0.85687,38,13,0
2026-08-28T06:00:00Z,1787896800,0.85689,0.85692,0.85684,0.85685,50,13,0
2026-08-28T06:05:00Z,1787897100,0.85685,0.85687,0.85684,0.85685,42,13,0
2026-08-28T06:10:00Z,1787897400,0.85685,0.85686,0.85675,0.85675,50,13,0
2026-08-28T06:15:00Z,1787897700,0.85675,0.85679,0.85671,0.85677,64,13,0
2026-08-28T06:20:00Z,1787898000,0.85677,0.85677,0.85668,0.85672,61,13,0
2026-08-28T06:25:00Z,1787898300,0.85671,0.8568,0.85671,0.85677,64,13,0
2026-08-28T06:30:00Z,1787898600,0.85677,0.85692,0.85677,0.85689,75,13,0
2026-08-28T06:35:00Z,1787898900,0.85687,0.85696,0.85681,0.85686,80,13,0
2026-08-28T06:40:00Z,1787899200,0.85685,0.85687,0.85676,0.85682,73,13,0
2026-08-28T06:45:00Z,1787899500,0.85681,0.85686,0.85678,0.85686,66,13,0
2026-08-28T06:50:00Z,1787899800,0.85686,0.85687,0.85682,0.85686,33,13,0
2026-08-28T06:55:00Z,1787900100,0.85685,0.85692,0.85684,0.85691,38,13,0
2026-08-28T07:00:00Z,1787900400,0.85689,0.85709,0.85689,0.85707,65,13,0
2026-08-28T07:05:00Z,1787900700,0.85707,0.85707,0.85691,0.85695,70,13,0
2026-08-28T07:10:00Z,1787901000,0.85695,0.85701,0.85692,0.85696,57,13,0
2026-08-28T07:15:00Z,1787901300,0.85695,0.85724,0.85695,0.85717,78,13,0
2026-08-28T07:20:00Z,1787901600,0.85717,0.85717,0.85704,0.85709,66,13,0
2026-08-28T07:25:00Z,1787901900,0.85709,0.85722,0.85704,0.85722,79,13,0
2026-08-28T07:30:00Z,1787902200,0.85723,0.85723,0.85702,0.85704,90,13,0
2026-08-28T07:35:00Z,1787902500,0.85702,0.85711,0.857,0.85706,77,13,0
2026-08-28T07:40:00Z,1787902800,0.85706,0.85706,0.85696,0.85698,51,13,0
2026-08-28T07:45:00Z,1787903100,0.85698,0.857,0.85691,0.85695,65,13,0
2026-08-28T07:50:00Z,1787903400,0.85694,0.85707,0.85694,0.85707,51,13,0
2026-08-28T07:55:00Z,1787903700,0.85706,0.85713,0.85702,0.85712,63,13,0
2026-08-28T08:00:00Z,1787904000,0.85712,0.85718,0.85704,0.85715,63,13,0
2026-08-28T08:05:00Z,1787904300,0.85715,0.85733,0.85715,0.85732,63,13,0
2026-08-28T08:10:00Z,1787904600,0.85732,0.85739,0.8573,0.85732,61,13,0
2026-08-28T08:15:00Z,1787904900,0.85732,0.85736,0.85712,0.85712,67,13,0
2026-08-28T08:20:00Z,1787905200,0.85712,0.85719,0.8571,0.8571,51,13,0
2026-08-28T08:25:00Z,1787905500,0.85711,0.85719,0.8571,0.8571,40,13,0
2026-08-28T08:30:00Z,1787905800,0.8571,0.85722,0.85709,0.85722,59,13,0
2026-08-28T08:35:00Z,1787906100,0.85722,0.85723,0.85712,0.85712,53,13,0
2026-08-28T08:40:00Z,1787906400,0.85712,0.85721,0.85711,0.85712,57,13,0
2026-08-28T08:45:00Z,1787906700,0.85712,0.85714,0.85699,0.85705,56,13,0
2026-08-28T08:50:00Z,1787907000,0.85704,0.85707,0.85701,0.85702,45,13,0
2026-08-28T08:55:00Z,1787907300,0.85702,0.85703,0.85697,0.85698,48,13,0
2026-08-28T09:00:00Z,1787907600,0.85696,0.85715,0.85696,0.85711,53,13,0
2026-08-28T09:05:00Z,1787907900,0.8571,0.8571,0.85698,0.857,48,13,0
2026-08-28T09:10:00Z,1787908200,0.857,0.85701,0.8569,0.85693,72,13,0
2026-08-28T09:15:00Z,1787908500,0.85692,0.85701,0.8569,0.85698,45,13,0
2026-08-28T09:20:00Z,1787908800,0.85699,0.85706,0.85697,0.85704,77,13,0
2026-08-28T09:25:00Z,1787909100,0.85704,0.85709,0.857,0.85705,68,13,0
2026-08-28T09:30:00Z,1787909400,0.85705,0.85706,0.85699,0.857,40,13,0
2026-08-28T09:35:00Z,1787909700,0.857,0.85702,0.85693,0.85698,70,13,0
2026-08-28T09:40:00Z,1787910000,0.85697,0.85701,0.85693,0.85693,51,13,0
2026-08-28T09:45:00Z,1787910300,0.85693,0.85701,0.85692,0.85698,50,13,0
2026-08-28T09:50:00Z,1787910600,0.85697,0.85708,0.85697,0.857,53,13,0
2026-08-28T09:55:00Z,1787910900,0.85701,0.85703,0.85695,0.85703,71,13,0
2026-08-28T10:00:00Z,1787911200,0.85703,0.85709,0.85698,0.85703,67,13,0
2026-08-28T10:05:00Z,1787911500,0.85703,0.85706,0.85692,0.85694,74,13,0
2026-08-28T10:10:00Z,1787911800,0.85695,0.85702,0.85689,0.857,46,13,0
2026-08-28T10:15:00Z,1787912100,0.857,0.85706,0.85693,0.85697,64,13,0
2026-08-28T10:20:00Z,1787912400,0.85697,0.85698,0.85682,0.85687,51,13,0
2026-08-28T10:25:00Z,1787912700,0.85687,0.85696,0.85684,0.85696,58,13,0
2026-08-28T10:30:00Z,1787913000,0.85696,0.85698,0.85687,0.85689,59,13,0
2026-08-28T10:35:00Z,1787913300,0.85689,0.85698,0.85689,0.85693,46,13,0
2026-08-28T10:40:00Z,1787913600,0.85693,0.85695,0.85688,0.85688,46,13,0
2026-08-28T10:45:00Z,1787913900,0.85687,0.85696,0.85684,0.85695,54,13,0
2026-08-28T10:50:00Z,1787914200,0.85695,0.85703,0.85694,0.85702,56,13,0
2026-08-28T10:55:00Z,1787914500,0.85701,0.85706,0.85697,0.85704,66,13,0
2026-08-28T11:00:00Z,1787914800,0.85704,0.85713,0.85703,0.85706,75,13,0
2026-08-28T11:05:00Z,1787915100,0.85705,0.85714,0.85705,0.85713,33,13,0
2026-08-28T11:10:00Z,1787915400,0.85713,0.85713,0.85704,0.85705,49,13,0
2026-08-28T11:15:00Z,1787915700,0.85705,0.85711,0.85704,0.85711,59,13,0
2026-08-28T11:20:00Z,1787916000,0.85711,0.85719,0.85711,0.85719,43,13,0
2026-08-28T11:25:00Z,1787916300,0.85719,0.85723,0.85716,0.85716,46,13,0
2026-08-28T11:30:00Z,1787916600,0.85717,0.85723,0.85715,0.85721,60,13,0
2026-08-28T11:35:00Z,1787916900,0.85721,0.85729,0.85719,0.8572,38,13,0
2026-08-28T11:40:00Z,1787917200,0.8572,0.8573,0.85719,0.8573,36,13,0
2026-08-28T11:45:00Z,1787917500,0.8573,0.85734,0.85717,0.85718,57,13,0
2026-08-28T11:50:00Z,1787917800,0.85718,0.8572,0.85712,0.85713,56,13,0
2026-08-28T11:55:00Z,1787918100,0.85713,0.8572,0.85711,0.85717,62,13,0
2026-08-28T12:00:00Z,1787918400,0.85718,0.85721,0.85713,0.85717,79,13,0
2026-08-28T12:05:00Z,1787918700,0.85717,0.85722,0.85713,0.85715,63,13,0
2026-08-28T12:10:00Z,1787919000,0.85715,0.85717,0.85708,0.85715,50,13,0
2026-08-28T12:15:00Z,1787919300,0.85715,0.85721,0.85713,0.85715,62,13,0
2026-08-28T12:20:00Z,1787919600,0.85715,0.85718,0.8571,0.85714,48,13,0
2026-08-28T12:25:00Z,1787919900,0.85714,0.85728,0.8571,0.85728,41,13,0
2026-08-28T12:30:00Z,1787920200,0.85728,0.85739,0.85727,0.85732,78,13,0
2026-08-28T12:35:00Z,1787920500,0.85731,0.85743,0.85731,0.85743,63,13,0
2026-08-28T12:40:00Z,1787920800,0.85743,0.85749,0.85737,0.85737,88,13,0
2026-08-28T12:45:00Z,1787921100,0.85737,0.8574,0.85725,0.85725,64,13,0
2026-08-28T12:50:00Z,1787921400,0.85725,0.85731,0.85722,0.85727,64,13,0
2026-08-28T12:55:00Z,1787921700,0.85728,0.85758,0.85723,0.85751,144,13,0
2026-08-28T13:00:00Z,1787922000,0.85751,0.85755,0.85741,0.85745,90,13,0
2026-08-28T13:05:00Z,1787922300,0.85745,0.85755,0.85737,0.85747,79,13,0
2026-08-28T13:10:00Z,1787922600,0.85748,0.8575,0.85731,0.85732,59,13,0
2026-08-28T13:15:00Z,1787922900,0.85732,0.85743,0.85729,0.85743,57,13,0
2026-08-28T13:20:00Z,1787923200,0.85743,0.85753,0.85743,0.85753,60,13,0
2026-08-28T13:25:00Z,1787923500,0.85753,0.85754,0.85739,0.8574,85,13,0
2026-08-28T13:30:00Z,1787923800,0.85741,0.85744,0.85732,0.85737,79,13,0
2026-08-28T13:35:00Z,1787924100,0.85737,0.85738,0.85731,0.85733,51,13,0
2026-08-28T13:40:00Z,1787924400,0.85733,0.85737,0.85723,0.85733,88,13,0
2026-08-28T13:45:00Z,1787924700,0.85733,0.85757,0.85733,0.85755,73,13,0
2026-08-28T13:50:00Z,1787925000,0.85756,0.8576,0.85724,0.8573,106,13,0
2026-08-28T13:55:00Z,1787925300,0.85732,0.85739,0.85713,0.85739,139,13,0
2026-08-28T14:00:00Z,1787925600,0.85741,0.85755,0.85713,0.85714,357,13,0
2026-08-28T14:05:00Z,1787925900,0.85712,0.85723,0.85699,0.85701,212,13,0
2026-08-28T14:10:00Z,1787926200,0.85703,0.85716,0.85663,0.85664,172,13,0
2026-08-28T14:15:00Z,1787926500,0.85665,0.85698,0.85663,0.85683,182,13,0
2026-08-28T14:20:00Z,1787926800,0.85684,0.85707,0.85684,0.85703,144,13,0
2026-08-28T14:25:00Z,1787927100,0.85703,0.85716,0.85685,0.85689,173,13,0
2026-08-28T14:30:00Z,1787927400,0.85689,0.85708,0.85686,0.85699,180,13,0
2026-08-28T14:35:00Z,1787927700,0.857,0.85715,0.85697,0.85699,113,13,0
2026-08-28T14:40:00Z,1787928000,0.85701,0.85712,0.85679,0.85679,142,13,0
2026-08-28T14:45:00Z,1787928300,0.85679,0.85679,0.85663,0.85668,148,13,0
2026-08-28T14:50:00Z,1787928600,0.85668,0.85686,0.8566,0.85673,156,13,0
2026-08-28T14:55:00Z,1787928900,0.85672,0.85672,0.85568,0.85597,405,13,0
2026-08-28T15:00:00Z,1787929200,0.85598,0.85605,0.85564,0.85571,209,13,0
2026-08-28T15:05:00Z,1787929500,0.85572,0.85592,0.85568,0.85588,176,13,0
2026-08-28T15:10:00Z,1787929800,0.85588,0.85622,0.85588,0.85616,137,13,0
2026-08-28T15:15:00Z,1787930100,0.85616,0.85621,0.85606,0.85616,125,13,0
2026-08-28T15:20:00Z,1787930400,0.85616,0.8562,0.85596,0.85597,136,13,0
2026-08-28T15:25:00Z,1787930700,0.85597,0.85601,0.8558,0.85581,128,13,0
2026-08-28T15:30:00Z,1787931000,0.85581,0.85581,0.85557,0.85567,144,13,0
2026-08-28T15:35:00Z,1787931300,0.85566,0.85569,0.85548,0.8556,111,13,0
2026-08-28T15:40:00Z,1787931600,0.8556,0.8557,0.85551,0.8556,122,13,0
2026-08-28T15:45:00Z,1787931900,0.8556,0.8556,0.8554,0.85553,105,13,0
2026-08-28T15:50:00Z,1787932200,0.85553,0.85567,0.85553,0.85556,134,13,0
2026-08-28T15:55:00Z,1787932500,0.85557,0.85573,0.85556,0.85568,115,13,0
2026-08-28T16:00:00Z,1787932800,0.85568,0.85579,0.85566,0.85572,128,13,0
2026-08-28T16:05:00Z,1787933100,0.85571,0.85576,0.8556,0.85561,83,13,0
2026-08-28T16:10:00Z,1787933400,0.85561,0.8558,0.85558,0.8558,102,13,0
2026-08-28T16:15:00Z,1787933700,0.85579,0.85595,0.85575,0.85592,107,13,0
2026-08-28T16:20:00Z,1787934000,0.85593,0.85593,0.85582,0.85592,92,13,0
2026-08-28T16:25:00Z,1787934300,0.85592,0.85597,0.85579,0.85583,80,13,0
2026-08-28T16:30:00Z,1787934600,0.85583,0.8559,0.85576,0.85587,99,13,0
2026-08-28T16:35:00Z,1787934900,0.85587,0.85596,0.85578,0.85594,72,13,0
2026-08-28T16:40:00Z,1787935200,0.85595,0.85603,0.85586,0.85587,90,13,0
2026-08-28T16:45:00Z,1787935500,0.85587,0.8559,0.85575,0.85577,85,13,0
2026-08-28T16:50:00Z,1787935800,0.85577,0.85577,0.85567,0.85574,99,13,0
2026-08-28T16:55:00Z,1787936100,0.85574,0.85592,0.85574,0.8559,82,13,0
2026-08-28T17:00:00Z,1787936400,0.8559,0.85611,0.8559,0.85611,85,13,0
2026-08-28T17:05:00Z,1787936700,0.85611,0.85617,0.85608,0.85611,83,13,0
2026-08-28T17:10:00Z,1787937000,0.85612,0.85612,0.85594,0.85595,69,13,0
2026-08-28T17:15:00Z,1787937300,0.85595,0.85601,0.85592,0.856,59,13,0
2026-08-28T17:20:00Z,1787937600,0.85599,0.85602,0.85596,0.85597,57,13,0
2026-08-28T17:25:00Z,1787937900,0.85597,0.85601,0.85594,0.85595,68,13,0
2026-08-28T17:30:00Z,1787938200,0.85595,0.856,0.85595,0.85597,62,13,0
2026-08-28T17:35:00Z,1787938500,0.85597,0.85604,0.85594,0.85604,59,13,0
2026-08-28T17:40:00Z,1787938800,0.85604,0.85613,0.85592,0.85598,66,13,0
2026-08-28T17:45:00Z,1787939100,0.85598,0.85598,0.85585,0.85593,66,13,0
2026-08-28T17:50:00Z,1787939400,0.85593,0.85593,0.85579,0.8558,52,13,0
2026-08-28T17:55:00Z,1787939700,0.8558,0.85592,0.85578,0.85591,56,13,0
2026-08-28T18:00:00Z,1787940000,0.8559,0.85594,0.85588,0.85589,57,13,0
2026-08-28T18:05:00Z,1787940300,0.8559,0.85601,0.8559,0.856,56,13,0
2026-08-28T18:10:00Z,1787940600,0.856,0.856,0.85591,0.85598,59,13,0
2026-08-28T18:15:00Z,1787940900,0.85598,0.856,0.85593,0.85595,49,13,0
2026-08-28T18:20:00Z,1787941200,0.85595,0.85604,0.85595,0.85604,43,13,0
2026-08-28T18:25:00Z,1787941500,0.85604,0.8561,0.856,0.85602,50,13,0
2026-08-28T18:30:00Z,1787941800,0.85602,0.85604,0.85597,0.85598,35,13,0
2026-08-28T18:35:00Z,1787942100,0.85598,0.85598,0.8559,0.85591,24,13,0
2026-08-28T18:40:00Z,1787942400,0.85591,0.85591,0.85584,0.85586,32,13,0
2026-08-28T18:45:00Z,1787942700,0.85586,0.85588,0.85584,0.85585,26,13,0
2026-08-28T18:50:00Z,1787943000,0.85585,0.8559,0.85585,0.85587,41,13,0
2026-08-28T18:55:00Z,1787943300,0.85587,0.85588,0.8558,0.85584,40,13,0
2026-08-28T19:00:00Z,1787943600,0.85584,0.85584,0.85576,0.85577,52,13,0
2026-08-28T19:05:00Z,1787943900,0.85577,0.85583,0.85576,0.85583,44,13,0
2026-08-28T19:10:00Z,1787944200,0.85583,0.85587,0.85582,0.85583,49,13,0
2026-08-28T19:15:00Z,1787944500,0.85583,0.8559,0.85583,0.8559,33,13,0
2026-08-28T19:20:00Z,1787944800,0.8559,0.8559,0.85586,0.85587,36,13,0
2026-08-28T19:25:00Z,1787945100,0.85587,0.8559,0.85581,0.85584,42,13,0
2026-08-28T19:30:00Z,1787945400,0.85583,0.85591,0.85583,0.85584,44,13,0
2026-08-28T19:35:00Z,1787945700,0.85584,0.85586,0.8558,0.8558,52,13,0
2026-08-28T19:40:00Z,1787946000,0.8558,0.85584,0.85579,0.85581,32,13,0
2026-08-28T19:45:00Z,1787946300,0.85579,0.85584,0.85579,0.85583,33,13,0
2026-08-28T19:50:00Z,1787946600,0.85583,0.85591,0.85582,0.85587,35,13,0
2026-08-28T19:55:00Z,1787946900,0.85586,0.85586,0.85574,0.85577,72,13,0
2026-08-28T20:00:00Z,1787947200,0.85578,0.85586,0.85577,0.85583,54,13,0
2026-08-28T20:05:00Z,1787947500,0.85583,0.85584,0.85576,0.85576,37,13,0
2026-08-28T20:10:00Z,1787947800,0.85576,0.85585,0.85573,0.85577,45,13,0
2026-08-28T20:15:00Z,1787948100,0.85577,0.85577,0.8557,0.85571,22,13,0
2026-08-28T20:20:00Z,1787948400,0.85571,0.85578,0.85571,0.85577,43,13,0
2026-08-28T20:25:00Z,1787948700,0.85577,0.85585,0.85577,0.85585,31,13,0
2026-08-28T20:30:00Z,1787949000,0.85585,0.85586,0.8558,0.8558,37,13,0
2026-08-28T20:35:00Z,1787949300,0.8558,0.85587,0.85577,0.85586,35,13,0
2026-08-28T20:40:00Z,1787949600,0.85587,0.85587,0.85578,0.85582,63,13,0
2026-08-28T20:45:00Z,1787949900,0.85584,0.85586,0.85579,0.85583,44,13,0
2026-08-28T20:50:00Z,1787950200,0.85581,0.85592,0.85579,0.85582,62,13,0
2026-08-28T20:55:00Z,1787950500,0.85581,0.85586,0.85559,0.85576,63,13,0
